Ma_BDS,Dia_chi,Tong_gia (trieu),Tien_m2 (trieu/m2),Loại hình,Chiều ngang,Chiều dài,Hướng cửa chính,Số phòng ngủ,Số phòng tắm,Số tầng,Diện tích đất công nhận,Diện tích sử dụng,Đường trước nhà,Nội thất,Giấy tờ pháp lý
GXWFS2,"Tam Long, TP.HCM, TP.HCM",3600000.0,28.66,Nhà mặt tiền,5m,25m,Đông Bắc,2.0,2.0,3.0,125.60m²,,,,
DF5Y0H,"Khu dân cư 13A Intresco, xã Bình Hưng, TP. HCM., Xã Bình Hưng, H.Bình Chánh, TP.HCM",18200000.0,130.0,Nhà mặt tiền,7m,20m,,1.0,1.0,2.0,140m²,140m²,20m,Bàn giao thô,
DR9BKH,"42/9 Tân Hiệp 4, Xã Tân Hiệp, H.Hóc Môn, TP.HCM",7200000.0,40.0,Nhà mặt tiền,9m,20m,Đông Nam,1.0,2.0,2.0,180m²,180m²,10m,Đầy đủ,
YBEX4D,"193 Cô Giang, P.Cô Giang, Q.1, TP.HCM",25000000.0,596.65,Nhà mặt tiền,3.57m,19.22m,Tây Bắc,5.0,5.0,5.0,41.90m²,121.20m²,12m,,
6AUU58,"33 Ngô Văn Sở, Dĩ An, Dĩ An, TP.HCM",8800000.0,96.7,Nhà mặt tiền,4.4m,,,4.0,5.0,3.0,,91m²,,,
7BX2XA,"96 Nguyễn Đình Chiểu, Đông Hòa, Dĩ An, TP.HCM",7700000.0,82.79,Nhà mặt tiền,5m,19m,,4.0,4.0,2.0,,93m²,,,
Q5PBQU,"Văn Thân, P.8, Q.6, TP.HCM",26000000.0,174.14,Nhà mặt tiền,5.9m,24.45m,Đông Nam,4.0,5.0,2.0,145m²,192m²,16m,,
GRJU2N,"Tân Thành, P.16, Q.11, TP.HCM",12000000.0,225.56,Nhà mặt tiền,4m,12.5m,Nam,4.0,4.0,4.0,53.20m²,147m²,4m,,
JE8E0D,"Ba Đình, P.8, Q.8, TP.HCM",16900000.0,219.76,Nhà mặt tiền,7.78m,9.6m,Bắc,7.0,8.0,4.0,76.90m²,248.30m²,16m,,
0G8TZ9,"đường Minh Phụng, P.2, Q.6, TP.HCM",25000000.0,219.57,Nhà mặt tiền,4.1m,30m,Tây,1.0,1.0,1.0,112.70m²,,13m,,
42MYAF,"178 Nguyễn Suý, P.Tân Quý, Q.Tân Phú, TP.HCM",15000000.0,166.66,Nhà mặt tiền,5m,18m,Đông,7.0,4.0,2.0,90m²,234m²,20m,Cơ bản,
3SDPCQ,"115 Nguyễn Văn Luông, P.10, Q.6, TP.HCM",10000000.0,169.59,Nhà mặt tiền,4.22m,13.4m,Đông Bắc,2.0,2.0,2.0,56.60m²,118m²,7.5m,,Sổ riêng
8UYKG3,"đường Bình Tiên, P.14, Q.6, TP.HCM",40000000.0,233.99,Nhà mặt tiền,6.4m,25.71m,Tây,6.0,4.0,3.0,164.50m²,276.20m²,17m,,Sổ riêng
GTDJB2,"Tái Thiết, P.11, Q.Tân Bình, TP.HCM",14000000.0,127.5,Nhà mặt tiền,4.5m,21.4m,Tây Bắc,2.0,2.0,3.0,109.80m²,,4m,,
AH9WKY,"đường Bà Hom, P.13, Q.6, TP.HCM",25000000.0,256.33,Nhà mặt tiền,5.1m,22.75m,Tây Nam,3.0,3.0,2.0,94m²,121.20m²,7.2m,,
KEW2WC,"Đinh Công Tráng, P.Tân Định, Q.1, TP.HCM",38000000.0,353.35,Nhà mặt tiền,3.95m,27.1m,Tây Bắc,8.0,8.0,6.0,99.50m²,397.04m²,4.55m,Cơ bản,Sổ riêng
Q5DR0U,"Tô Hiệu, P.Tân Thới Hòa, Q.Tân Phú, TP.HCM",17500000.0,196.03,Nhà mặt tiền,4m,20m,Tây,3.0,4.0,3.0,80m²,291.20m²,11m,,Sổ riêng
7DEK1A,"113 Tân Hóa, P.14, Q.6, TP.HCM",13500000.0,164.17,Nhà mặt tiền,6.02m,23.82m,Đông Bắc,1.0,1.0,4.0,118.60m²,265.47m²,7m,Bàn giao thô,Sổ riêng
SABGS5,"453 Hoàng Văn Thụ, P.4, Q.Tân Bình, TP.HCM",30000000.0,338.39,Nhà mặt tiền,4.48m,20.2m,Tây Bắc,6.0,3.0,5.0,90.46m²,,21m,,Sổ riêng
6AYH68,"Hoàng Diệu, P.15, Q.4, TP.HCM",2750000.0,182.11,Nhà mặt tiền,2.5m,6.3m,Tây Bắc,2.0,3.0,4.0,15.10m²,60.40m²,,,
AHWNZY,"70 Đặng Nguyên Cẩn, P.14, Q.6, TP.HCM",13000000.0,172.65,Nhà mặt tiền,7.98m,19.6m,Đông Nam,1.0,1.0,1.0,74.10m²,68.80m²,11m,,Sổ riêng
R9GDAJ,"Tám Danh, P.4, Q.8, TP.HCM",11000000.0,242.82,Nhà mặt tiền,3.47m,13m,,5.0,4.0,4.0,45.30m²,130m²,8m,,
GT44U2,"Số 43, P.10, Q.6, TP.HCM",6300000.0,210.0,Nhà mặt tiền,3m,10m,Đông,3.0,3.0,4.0,30m²,100.30m²,4m,Cơ bản,
PZF80G,"49A Lê Lai, P.12, Q.Tân Bình, TP.HCM",11900000.0,182.79,Nhà mặt tiền,4.6m,14.5m,Tây Bắc,5.0,4.0,4.0,65.10m²,211.70m²,3m,,
CWGAXB,"313 Nguyễn Thị Thập, P.Tân Phú, Q.7, TP.HCM",600000000.0,349.93,Nhà mặt tiền,27.71m,61.98m,Bắc,2.0,2.0,2.0,1714.60m²,,30m,,
PZV3AG,"Trường Chinh, P.Tân Thới Nhất, Q.12, TP.HCM",12500000.0,270.64,Nhà mặt tiền,3.8m,12.2m,Đông Bắc,3.0,3.0,3.0,46.50m²,172m²,,,Sổ riêng
DCWTPH,"Trường Chinh, P.13, Q.Tân Bình, TP.HCM",21000000.0,303.6,Nhà mặt tiền,21.55m,4.46m,Tây Nam,7.0,6.0,3.0,96.44m²,96.44m²,16m,,Sổ riêng
W0ZJNR,"Đường Số 10, P.13, Q.6, TP.HCM",15900000.0,211.72,Nhà mặt tiền,4m,23.6m,Đông Bắc,3.0,4.0,3.0,81.20m²,167.20m²,,,Sổ riêng
35PPMQ,"Đường Hà Bổng, P.Trung Mỹ Tây, Q.12, TP.HCM",6500000.0,91.54,Nhà mặt tiền,3.9m,20.29m,Đông Bắc,2.0,2.0,2.0,71m²,112.50m²,5m,,
PZ4B3G,"Phan Anh, P.Tân Thới Hòa, Q.Tân Phú, TP.HCM",13500000.0,170.45,Nhà mặt tiền,4m,20m,Tây Nam,5.0,4.0,4.0,79.20m²,302m²,14m,,Sổ riêng
8UE5K3,"236 Vườn Lài, P.Phú Thọ Hòa, Q.Tân Phú, TP.HCM",15300000.0,227.0,Nhà mặt tiền,4.25m,15.85m,Tây Nam,4.0,4.0,3.0,67.40m²,214.60m²,19.3m,,
6Q74D8,"Cao Văn Lầu, P.2, Q.6, TP.HCM",27000000.0,248.8,Nhà mặt tiền,3.68m,26.58m,Tây Nam,6.0,5.0,4.0,97.30m²,194.40m²,8m,,Sổ riêng
3SCGHQ,"29A Quốc Lộ 13, P.26, Q.Bình Thạnh, TP.HCM",45000000.0,0.12,Nhà mặt tiền,4.45m,38.45m,Đông,3.0,3.0,2.0,277m²,210.50m²,40m,,
C4SVQB,"Hồng Lạc, P.10, Q.Tân Bình, TP.HCM",12000000.0,201.34,Nhà mặt tiền,4m,15.1m,Đông Bắc,3.0,3.0,4.0,59.60m²,152.60m²,8m,Cơ bản,
6QB1R8,"32 Nguyễn Duy Cung, P.12, Q.Gò Vấp, TP.HCM",14000000.0,0.13,Nhà mặt tiền,3.95m,28.25m,Đông Bắc,4.0,4.0,3.0,113.40m²,198.60m²,4.85m,Cơ bản,
3SBVFQ,"đường Mai Xuân Thưởng, P.1, Q.6, TP.HCM",19000000.0,290.11,Nhà mặt tiền,4.3m,16m,Tây Nam,8.0,6.0,4.0,73.70m²,251m²,15m,Cơ bản,Sổ riêng
5YJDX7,"77 đường Phạm Phú Thứ, P.3, Q.6, TP.HCM",14000000.0,168.21,Nhà mặt tiền,3.9m,27.6m,Đông Bắc,7.0,5.0,4.0,108.83m²,194.89m²,,Cơ bản,
37BXCQ,"225 Bis - 227 Hai Bà Trung, P.Võ Thị Sáu, Q.3, TP.HCM",176000000.0,782.91,Nhà mặt tiền,8.48m,26.43m,Đông Bắc,6.0,8.0,3.0,224.80m²,663m²,30m,Cơ bản,
GTFK12,"59 Nguyễn Duy Cung, P.12, Q.Gò Vấp, TP.HCM",9200000.0,146.73,Nhà mặt tiền,4.15m,15m,Tây Nam,3.0,2.0,2.0,62.70m²,77.20m²,5m,,
3SVNMQ,"Huỳnh Khương An, P.5, Q.Gò Vấp, TP.HCM",12500000.0,198.09,Nhà mặt tiền,3.62m,15.68m,Tây Nam,4.0,5.0,4.0,63.10m²,183.60m²,7m,,
QH70DU,"92 Nguyễn Thị Ai, Xã Tân Xuân, H.Hóc Môn, TP.HCM",8500000.0,101.19,Nhà mặt tiền,4.11m,21.82m,Tây Bắc,4.0,5.0,4.0,81m²,175.60m²,,,
KE9XWC,"61 đường 105D Trịnh Quang Nghị, P.7, Q.8, TP.HCM",8600000.0,78.18,Nhà mặt tiền,5m,16m,Tây Bắc,4.0,4.0,4.0,110m²,285.60m²,10m,Cơ bản,
U7XDBS,"Nguyễn Văn Đậu, P.5, Q.Phú Nhuận, TP.HCM",26000000.0,251.93,Nhà mặt tiền,3.9m,24m,Đông Nam,3.0,3.0,4.0,103.20m²,253.40m²,12m,Cơ bản,
RGA7PJ,"02 Thạnh Lộc 39, P.An Phú Đông, Q.12, TP.HCM",6600000.0,107.14,Nhà mặt tiền,4m,15.4m,Tây Bắc,4.0,6.0,5.0,61.60m²,185.10m²,6m,Đầy đủ,Sổ riêng
6XTP8Y,"Huỳnh Văn Bánh, P.11, Q.Phú Nhuận, TP.HCM",14500000.0,0.42,Nhà mặt tiền,3.4m,11.4m,Bắc,3.0,4.0,4.0,34.10m²,114.20m²,5m,,
5SP27X,"67 số 29, P.Bình Trị Đông B, Q.Bình Tân, TP.HCM",14800000.0,126.8,Nhà mặt tiền,5m,20m,Đông Bắc,4.0,4.0,4.0,100m²,274.50m²,14m,Cơ bản,
6AR6J8,"Phạm Hữu Lầu, P.Phú Thuận, Q.7, TP.HCM",18900000.0,210.0,Nhà mặt tiền,5m,18m,Đông Bắc,3.0,5.0,4.0,90m²,90m²,14m,Đầy đủ,
SD3YU5,"29 Ngô Đức Kế, P.12, Q.Bình Thạnh, TP.HCM",12000000.0,152.86,Nhà mặt tiền,5m,15.5m,Tây,1.0,1.0,1.0,78.50m²,,8m,,
W926DR,"5A khu D Ngô Tất Tố, P.22, Q.Bình Thạnh, TP.HCM",5350000.0,130.17,Nhà mặt tiền,3.46m,11.85m,Đông Nam,1.0,1.0,2.0,41.10m²,67.67m²,2.4m,,
3D76TQ,"11A Lương Thế Vinh, P.Tân Thới Hòa, Q.Tân Phú, TP.HCM",14500000.0,233.26,Nhà mặt tiền,3.7m,16.7m,Đông,3.0,2.0,3.0,62.16m²,,,,
QK0S3U,"3 Hoa Cúc, P.7, Q.Phú Nhuận, TP.HCM",16500000.0,412.5,Nhà mặt tiền,5m,8m,Tây Nam,2.0,3.0,4.0,40m²,40m²,15m,Cơ bản,
AHAHRY,"157A đường số 11, P.Linh Xuân, TP.Thủ Đức, TP.HCM",18600000.0,99.73,Nhà mặt tiền,5m,42.4m,Đông,4.0,4.0,3.0,186.50m²,205m²,,,
YFG1CD,"Tân sơn nhì Tân Sơn Nhì, P.Tân Sơn Nhì, Q.Tân Phú, TP.HCM",4650000.0,125.67,Nhà mặt tiền,4m,9.5m,Đông Nam,2.0,2.0,2.0,37m²,37m²,4m,Cơ bản,
AEU70Y,"34 Tăng Bạt Hổ, P.11, Q.Bình Thạnh, TP.HCM",16500000.0,351.06,Nhà mặt tiền,4.6m,20.5m,Nam,5.0,4.0,5.0,47m²,72m²,4m,Đầy đủ,
8UVXF3,"MPN 39A Gò Dưa, KP4, P.Tam Bình, TP.Thủ Đức, TP.HCM",12500000.0,136.16,Nhà mặt tiền,4.3m,18.08m,Đông Nam,4.0,5.0,4.0,91.80m²,21.50m²,6m,,
A4SFVY,"12A Đào Duy Từ, P.15, Q.Phú Nhuận, TP.HCM",10600000.0,265.66,Nhà mặt tiền,3.7m,10.8m,Đông Nam,6.0,7.0,4.0,39.90m²,163.10m²,8m,,
QDTV1U,"88A đường số 5, P.17, Q.Gò Vấp, TP.HCM",6600000.0,110.55,Nhà mặt tiền,3.63m,18.36m,Tây Bắc,3.0,2.0,3.0,59.70m²,97.20m²,6m,,
A4S0UY,"Ấp 101 Nam Thới 1, Xã Đông Thạnh, H.Hóc Môn, TP.HCM",7990000.0,88.87,Nhà mặt tiền,5m,19m,Đông Nam,6.0,6.0,5.0,90m²,246m²,,,
QKBS0U,"đường Phan văn Hớn, P.Tân Thới Nhất, Q.12, TP.HCM",5100000.0,100.0,Nhà mặt tiền,4m,12.5m,Tây Nam,2.0,2.0,2.0,51m²,100m²,5m,Cơ bản,
0M1GV9,"67 Phan Văn Hớn, P.Tân Thới Nhất, Q.12, TP.HCM",5200000.0,77.61,Nhà mặt tiền,6m,16.4m,Nam,2.0,1.0,2.0,67m²,100m²,4m,Bàn giao thô,
QY1AQU,"122 đường số 2, P.16, Q.Gò Vấp, TP.HCM",2650000.0,157.08,Nhà mặt tiền,2.51m,6.72m,Tây,2.0,1.0,2.0,16.87m²,33.74m²,,,
5D61A7,"Đường Ao Đôi, Khu phố 10, P.Bình Trị Đông A, Q.Bình Tân, TP.HCM",16000000.0,103.89,Nhà mặt tiền,4.52m,34.62m,Tây Nam,3.0,2.0,3.0,154m²,227.70m²,12m,,
U739JS,"311K37 đường G, khu phố 1, P.An Phú, TP.Thủ Đức, TP.HCM",28000000.0,280.0,Nhà mặt tiền,5m,20m,Đông Bắc,4.0,4.0,4.0,100m²,206.10m²,6m,,
SBPMA5,"43 Lý Thường Kiệt, P.7, Q.10, TP.HCM",30500000.0,482.59,Nhà mặt tiền,3.8m,17m,Tây Nam,8.0,6.0,6.0,63.20m²,360.40m²,,,
SYKW35,"48 đường số 2, Cư xá Bình Thới, P.8, Q.11, TP.HCM",17700000.0,316.07,Nhà mặt tiền,4m,14m,Tây Bắc,4.0,3.0,3.0,56m²,166m²,8m,Cơ bản,Sổ riêng
65RSP8,"42A Nguyễn Văn Bứa, ấp 51, Xã Bà Điểm, H.Hóc Môn, TP.HCM",29700000.0,27.51,Nhà mặt tiền,20.2m,66.94m,Bắc,6.0,3.0,1.0,1079.50m²,139.50m²,14m,Bàn giao thô,
YBQ4ED,"44 đường số 2 - KDC Hương Lộ 5, P.An Lạc, Q.Bình Tân, TP.HCM",10000000.0,119.04,Nhà mặt tiền,6m,14m,Đông Nam,1.0,2.0,5.0,84m²,204.20m²,6m,,
E0CGH4,"34 đường số 8, Khu dân cư Cityland, P.10, Q.Gò Vấp, TP.HCM",25000000.0,250.0,Nhà mặt tiền,5m,20m,Đông,5.0,3.0,4.0,100m²,385.30m²,12m,Bàn giao thô,Sổ riêng
6AXQC8,"03 đường số 3, Khu nhà ở Hai Thành, P.Tân Tạo A, Q.Bình Tân, TP.HCM",13000000.0,76.56,Nhà mặt tiền,13.69m,12.1m,Bắc,4.0,5.0,4.0,169.80m²,313.80m²,,,
0NJBV9,"62 đường số 2, khu dân cư Vĩnh Lộc, P.Bình Hưng Hoà B, Q.Bình Tân, TP.HCM",11000000.0,110.0,Nhà mặt tiền,5m,20m,Tây,4.0,4.0,4.0,100m²,201.60m²,20m,,Sổ riêng
RZ752J,"68 số 8, P.An Khánh, TP.Thủ Đức, TP.HCM",22000000.0,239.13,Nhà mặt tiền,5m,18.5m,Đông Nam,4.0,3.0,3.0,92m²,92m²,6m,Cơ bản,
K0GSVC,"15 đường số 53, P.Hiệp Bình Chánh, TP.Thủ Đức, TP.HCM",12500000.0,82.78,Nhà mặt tiền,9.5m,16m,Đông,4.0,3.0,3.0,151m²,298m²,5m,Đầy đủ,Sổ riêng
3HB60Q,"38B17 Cây Keo, P.Tam Phú, TP.Thủ Đức, TP.HCM",10500000.0,116.66,Nhà mặt tiền,5m,18m,Đông Bắc,3.0,3.0,3.0,90m²,250m²,12m,Đầy đủ,
UKPHAS,"251 - 253 - 255 - 257 Thống Nhất, P.11, Gò Vấp, TP.HCM",160000000.0,202.42,Nhà mặt tiền,15m,49.94m,Đông Nam,4.0,4.0,4.0,790.40m²,,8.78m,,
W0G54R,"275 Hoàng Sa, P.Tân Định, Q.1, TP.HCM",15000000.0,414.82,Nhà mặt tiền,4.84m,8.16m,Đông Bắc,3.0,4.0,6.0,36.16m²,139.39m²,12m,,
6TUD8Y,"178 Tạ Uyên, P.7, Q.11, TP.HCM",26000000.0,373.67,Nhà mặt tiền,3.55m,19.6m,Tây,5.0,4.0,4.0,69.58m²,268.63m²,15m,Cơ bản,
G9BN2N,"Nguyễn Trãi, P.14, Q.5, TP.HCM",28000000.0,411.76,Nhà mặt tiền,4m,17m,,6.0,7.0,4.0,68m²,277m²,,,Sổ riêng
K59ZCJ,"số 15, P.An Phú, TP.Thủ Đức, TP.HCM",62000000.0,310.0,Nhà mặt tiền,10m,20m,Tây Bắc,4.0,5.0,3.0,200m²,277.30m²,8m,,
6SYS18,"117 Bình Thới, P.11, Q.11, TP.HCM",18000000.0,289.85,Nhà mặt tiền,3.8m,17m,Tây Bắc,3.0,2.0,2.0,62.10m²,,,,
PZSSUG,"70 Hòa Bình, P.5, Q.11, TP.HCM",14000000.0,201.72,Nhà mặt tiền,3.65m,19.7m,Tây Nam,2.0,2.0,2.0,69.40m²,119.70m²,15m,,
AH9WDY,"15 Nguyễn Thi, P.13, Q.5, TP.HCM",30000000.0,231.83,Nhà mặt tiền,3.7m,39.8m,Đông Nam,4.0,4.0,3.0,129.40m²,263.20m²,12m,,
13RKM6,"Nguyễn Trãi, P.2, Q.5, TP.HCM",72000000.0,735.44,Nhà mặt tiền,4.75m,21m,Đông Nam,12.0,15.0,9.0,97.90m²,703.80m²,20m,,
DYAKHF,"Phan Anh, P.Phú Thạnh, Q.Tân Phú, TP.HCM",9500000.0,133.8,Nhà mặt tiền,4.5m,24.31m,Tây,1.0,1.0,1.0,71m²,,,,
1NT36T,"Đặng Thúc Liêng, P.4, Q.8, TP.HCM",14000000.0,311.8,Nhà mặt tiền,5.48m,15.36m,Đông Bắc,3.0,3.0,4.0,44.90m²,180.50m²,5m,,
E5AV4W,"Nguyễn Thị Định, Thạnh Mỹ Lợi, Q.2, TP.HCM",32000000.0,185.18,Nhà mặt tiền,5m,23m,Đông Bắc,2.0,1.0,2.0,172.80m²,215m²,15m,,
SDKDN5,"314 Bến Than, Xã Hòa Phú, H.Củ Chi, TP.HCM",5000000.0,29.3,Nhà mặt tiền,4.75m,35.22m,Tây Bắc,2.0,1.0,1.0,170.60m²,,10m,,
EJ0N54,"26 Chợ Lớn, P.11, Q.6, TP.HCM",25000000.0,190.83,Nhà mặt tiền,3.75m,17.3m,Nam,16.0,10.0,6.0,131m²,635.90m²,10m,,
02DSX9,"Lê Trực, P.1, Q.6, TP.HCM",19000000.0,212.52,Nhà mặt tiền,3.9m,23.93m,Đông Bắc,6.0,3.0,5.0,89.40m²,258.90m²,14m,,
UYHKQS,"4A Nghĩa Thục, P.5, Q.5, TP.HCM",12000000.0,186.33,Nhà mặt tiền,4m,16.1m,Bắc,2.0,3.0,3.0,64.40m²,115.13m²,,,
S1D75Y,"Kênh Tân Hóa, P.Hòa Thạnh, Q.Tân Phú, TP.HCM",82000000.0,92.9,Nhà mặt tiền,12.5m,25m,Đông Nam,1.0,1.0,2.0,882.60m²,745.90m²,15m,,
CW25ZB,"894 Trường Sa, P.13, Q.3, TP.HCM",31000000.0,418.91,Nhà mặt tiền,4.6m,17m,Tây Nam,10.0,11.0,6.0,74m²,220.50m²,,,
K4J9BC,"56 Trần Quý Khoách, P.Tân Định, Q.1, TP.HCM",72000000.0,600.0,Nhà mặt tiền,8m,15m,Bắc,5.0,6.0,7.0,120m²,680.22m²,,,
Q5VTAU,"115 Vĩnh Viễn, P.4, Q.10, TP.HCM",7500000.0,496.68,Nhà mặt tiền,3.6m,7.16m,Nam,3.0,3.0,3.0,15.10m²,52.10m²,8m,,Sổ riêng
CWR6ZB,"D6, Long Thạnh Mỹ, Q.9, TP.HCM",25000000.0,65.1,Nhà mặt tiền,16m,24m,Đông Bắc,4.0,4.0,4.0,384m²,349.70m²,11m,,
1QA5Q6,"147C Trần Quang Khải, P.Tân Định, Q.1, TP.HCM",19000000.0,453.46,Nhà mặt tiền,3.15m,12.8m,Bắc,3.0,3.0,4.0,41.90m²,133.50m²,8m,,
6QKW18,"222 Phùng Hưng, P.14, Q.5, TP.HCM",20000000.0,243.01,Nhà mặt tiền,4.2m,19.6m,Tây,1.0,2.0,3.0,82.30m²,,12m,,
SA2KE5,"15 Phan Tôn, Đa Kao, Q.1, TP.HCM",15500000.0,280.28,Nhà mặt tiền,4m,13.96m,Tây Bắc,2.0,1.0,2.0,55.30m²,110.60m²,4m,,
85QTK3,"122 - 122A Nguyễn Xí, P.26, Q.Bình Thạnh, TP.HCM",65000000.0,625.6,Nhà mặt tiền,7m,20.8m,Tây Nam,8.0,8.0,8.0,103.90m²,636.60m²,,,
6UADU8,"15–17 Sông Thao, P.2, Q.Tân Bình, TP.HCM",62000000.0,304.54,Nhà mặt tiền,11m,20m,Tây Bắc,7.0,4.0,4.0,203.58m²,479.03m²,4m,,
AH53KY,"Nguyễn Xí, P.13, Q.Bình Thạnh, TP.HCM",12000000.0,300.0,Nhà mặt tiền,4.2m,18.87m,Tây,1.0,1.0,1.0,40m²,,15m,,
8UXRH3,"Đỗ Nhuận, P.Sơn Kỳ, Q.Tân Phú, TP.HCM",3950000.0,182.87,Nhà mặt tiền,3m,7.8m,Đông Bắc,1.0,2.0,2.0,21.60m²,,8m,,
UY350S,"đường D6, P.Tân Phú, Q.7, TP.HCM",17900000.0,198.88,Nhà mặt tiền,5m,18m,Tây Bắc,6.0,7.0,5.0,90m²,238.90m²,14m,Đầy đủ,
RGG66J,"37 Hưng Phú, P.8, Q.8, TP.HCM",14300000.0,244.86,Nhà mặt tiền,4.45m,12.28m,Tây Bắc,1.0,1.0,1.0,58.40m²,58.40m²,,,
SD70H5,"382EF Trần Hưng Đạo, P.11, Q.5, TP.HCM",58000000.0,494.88,Nhà mặt tiền,7.84m,16m,Nam,5.0,5.0,5.0,117.20m²,,,,
8SQP73,"216 Mai Xuân Thưởng, P.2, Q.6, TP.HCM",33000000.0,330.06,Nhà mặt tiền,6.04m,18.54m,Tây,21.0,21.0,6.0,99.98m²,428.60m²,20m,,Sổ riêng
U7XGDS,"đường C12, P.13, Q.Tân Bình, TP.HCM",35000000.0,354.68,Nhà mặt tiền,4.98m,19.93m,Tây Bắc,2.0,2.0,2.0,98.68m²,98.79m²,20m,,
0GAWD9,"Đoàn Văn Bơ, P.16, Q.4, TP.HCM",6000000.0,218.18,Nhà mặt tiền,3.57m,8.03m,Đông Bắc,3.0,3.0,4.0,27.50m²,,3.5m,,
92NH9P,"39 Phạm Đôn, P.11, Q.5, TP.HCM",16500000.0,221.29,Nhà mặt tiền,3.8m,20.3m,Đông Bắc,8.0,3.0,3.0,74.56m²,161.80m²,12m,,Sổ riêng
WF2AR9,"Đường 102, P.Tăng Nhơn Phú A, TP.Thủ Đức, TP.HCM",7800000.0,110.32,Nhà mặt tiền,4.5m,15m,Tây Nam,5.0,3.0,3.0,70.70m²,,,,
AHRFBY,"15 Đỗ Nhuận, Sơn Kỳ, Q.Tân Phú, TP.HCM",11000000.0,268.49,Nhà mặt tiền,3.94m,14m,Tây,1.0,1.0,4.0,44.60m²,175.20m²,10m,,Sổ riêng
RG1QNJ,"770 Trường Sa, P.14, Q.3, TP.HCM",27000000.0,0.0,Nhà mặt tiền,5.8m,11.5m,Tây Nam,3.0,2.0,2.0,59.17m²,71.99m²,13m,,Sổ riêng
6SV1X8,"1 đường số 7, Phú Hữu, Q.9, TP.HCM",43000000.0,133.54,Nhà mặt tiền,10.8m,25.42m,Tây Bắc,5.0,6.0,4.0,322m²,379.50m²,14m,,
EJ08K4,"457 Hoàng Hữu Nam, Long Bình, Q.9, TP.HCM",25000000.0,111.11,Nhà mặt tiền,6.17m,37.85m,Đông Nam,5.0,2.0,1.0,225m²,172.30m²,15m,,
490GXF,"17 Đặng Dung, P.Tân Định, Q.1, TP.HCM",23000000.0,353.3,Nhà mặt tiền,4m,16.37m,Đông Bắc,5.0,5.0,5.0,65.10m²,239.90m²,4m,,
YKSFKD,"Mai Thị Lựu, P.Đa Kao, Q.1, TP.HCM",75000000.0,497.01,Nhà mặt tiền,8.2m,18.5m,Đông Bắc,3.0,4.0,4.0,150.90m²,467.80m²,12m,,
Q5JG4U,"440 Sư Vạn Hạnh, P.9, Q.10, TP.HCM",15000000.0,265.48,Nhà mặt tiền,4.3m,14.15m,Tây Nam,3.0,3.0,4.0,56.50m²,194.90m²,16m,,
5YGYG7,"693 QL50, Xã Bình Hưng, H.Bình Chánh, TP.HCM",17000000.0,0.0,Nhà mặt tiền,4.1m,33m,Tây,1.0,1.0,1.0,129.60m²,,20m,,
PNXUBG,"166 Mạc Vân, P.Xóm Củi, Q.8, TP.HCM",7500000.0,163.75,Nhà mặt tiền,3.07m,14.18m,Đông Bắc,2.0,2.0,3.0,45.80m²,126m²,,,
SAH435,"đường số 1, Long Trường, Q.9, TP.HCM",16000000.0,72.72,Nhà mặt tiền,11.25m,22.35m,Bắc,3.0,2.0,1.0,214m²,154m²,10m,Cơ bản,Sổ riêng
DNRUHF,"12 Ông Ích Khiêm, P.14, Q.11, TP.HCM",13000000.0,154.94,Nhà mặt tiền,2.4m,28.9m,Tây Nam,6.0,5.0,4.0,83.90m²,256.10m²,15m,Cơ bản,
6VN98Y,"Ông Ích Khiêm, P.14, Q.11, TP.HCM",12500000.0,376.5,Nhà mặt tiền,3.5m,11.2m,Bắc,3.0,4.0,4.0,33.20m²,121.80m²,25m,Cơ bản,Sổ riêng
8S7KT3,"247 Âu Dương Lân, P.Hưng Phú, Q.8, TP.HCM",22000000.0,274.65,Nhà mặt tiền,5.83m,14.27m,Tây Nam,4.0,4.0,5.0,80.10m²,230.80m²,20m,,
6QGWN8,"138 đường HT35, P.Hiệp Thành, Q.12, TP.HCM",6500000.0,64.35,Nhà mặt tiền,4m,17.18m,Tây Nam,4.0,3.0,2.0,101m²,,6m,,
13YRB6,"31 Nguyễn Văn Mai, Võ Thị Sáu, Q.3, TP.HCM",40000000.0,368.92,Nhà mặt tiền,5.3m,23.7m,Tây Bắc,10.0,9.0,7.0,94.80m²,480.30m²,5m,,Sổ riêng
0ZP3B9,"87 Cộng Hoà, P.4, Q.Tân Bình, TP.HCM",42000000.0,396.97,Nhà mặt tiền,4.1m,25.8m,Bắc,8.0,8.0,8.0,105.80m²,,,,
UYB1JS,"252 Lý Chính Thắng, P.9, Q.3, TP.HCM",22000000.0,287.95,Nhà mặt tiền,7.49m,10.28m,Đông Bắc,1.0,1.0,1.0,76.40m²,72.28m²,5m,,
9T2F6P,"25 Trần Phú, P.4, Q.5, TP.HCM",8700000.0,437.18,Nhà mặt tiền,3.95m,10.7m,Tây Bắc,1.0,1.0,2.0,19.90m²,39.80m²,,,
UFZAS5,"Bàn Cờ, P.3, Q.3, TP.HCM",24500000.0,3.71,Nhà mặt tiền,3.2m,22m,,6.0,4.0,4.0,61.40m²,219.90m²,8m,,
SD99M5,"MPN 51C Thạnh Xuân 31, P.Thới An, Q.12, TP.HCM",9000000.0,69.93,Nhà mặt tiền,7.24m,17.77m,Tây,9.0,9.0,6.0,128.70m²,350.80m²,5m,,
GMNXA2,"Vườn Lài, P.An Phú Đông, Q.12, TP.HCM",15700000.0,103.28,Nhà mặt tiền,4.18m,37.52m,Tây Bắc,4.0,3.0,3.0,152m²,172.60m²,10m,,
1U4WA6,"Võ Văn Hát, Long Trường, Q.9, TP.HCM",25000000.0,142.61,Nhà mặt tiền,9.9m,24.51m,Tây Bắc,2.0,2.0,1.0,175.30m²,53.40m²,8m,,
WPGSFR,"91 Sương Nguyệt Ánh, P.Bến Thành, Q.1, TP.HCM",80000000.0,966.76,Nhà mặt tiền,4.25m,18.9m,Tây Bắc,18.0,20.0,8.0,82.75m²,577.20m²,,,
UDTY6S,"17 Đặng Tất, P.Tân Định, Q.1, TP.HCM",59000000.0,472.75,Nhà mặt tiền,4m,24.4m,Tây Bắc,1.0,1.0,2.0,124.80m²,112.70m²,,,
UDTY6S,"17 Đặng Tất, P.Tân Định, Q.1, TP.HCM",59000000.0,472.75,Nhà mặt tiền,4m,24.4m,Tây Bắc,1.0,1.0,2.0,124.80m²,112.70m²,,,
JGQM20,"Tú Mỡ, P.7, Q.Gò Vấp, TP.HCM",6980000.0,245.77,Nhà mặt tiền,5m,6m,Nam,3.0,3.0,3.0,28.40m²,51.70m²,6.7m,,
DEBCEH,"MPN 50/50 Vườn Lài, P.An Phú Đông, Q.12, TP.HCM",6600000.0,76.38,Nhà mặt tiền,5.98m,17.15m,Đông Nam,3.0,3.0,3.0,86.40m²,145.10m²,,,
AC27VY,"105 Độc Lập, P.Tân Thành, Q.Tân Phú, TP.HCM",38000000.0,215.66,Nhà mặt tiền,10.12m,17.65m,Bắc,3.0,3.0,3.0,176.20m²,292.40m²,,,
ACHQDY,"114 Vĩnh Viễn, P.9, Q.10, TP.HCM",10900000.0,595.62,Nhà mặt tiền,3.15m,10.57m,Nam,3.0,3.0,3.0,18.30m²,36.60m²,,,
7DZ92A,"10-12 đường số 59, P.10, Q.6, TP.HCM",39000000.0,196.26,Nhà mặt tiền,8m,26.8m,Tây Bắc,1.0,1.0,5.0,214.40m²,730m²,20m,,
0F279N,"1c Mai Văn Vĩnh, P.Tân Kiểng, Q.7, TP.HCM",26500000.0,234.72,Nhà mặt tiền,6.3m,20m,Tây,9.0,8.0,6.0,112.90m²,,5m,,
KE12UC,"Nguyễn Trãi, P.2, Q.5, TP.HCM",42000000.0,610.46,Nhà mặt tiền,3.7m,21.65m,Tây Bắc,1.0,4.0,5.0,68.80m²,301.90m²,20m,,
AHUE2Y,"176C Trường Sa, P.1, Q.Bình Thạnh, TP.HCM",50000000.0,416.31,Nhà mặt tiền,5m,25m,Nam,6.0,6.0,8.0,120.10m²,690.90m²,14m,,
SKFZD5,"1071 Hoàng Sa, P.11, Q.3, TP.HCM",13500000.0,453.02,Nhà mặt tiền,5.4m,7.55m,Đông Bắc,6.0,7.0,5.0,29.80m²,140.80m²,,,
UY43QS,"71 Trần Quang Diệu, P.13, Q.3, TP.HCM",14000000.0,486.11,Nhà mặt tiền,3.35m,12.7m,Tây Nam,3.0,3.0,3.0,28.80m²,81.40m²,,,
2MNPAZ,"924/3B/2 An Phú Đông 12, P.An Phú Đông, Q.12, TP.HCM",12000000.0,64.86,Nhà mặt tiền,7.74m,27.8m,Nam,1.0,1.0,1.0,185m²,,,,
UADPXS,"268 Hưng Phú, P.8, Q.8, TP.HCM",11200000.0,274.5,Nhà mặt tiền,3.56m,9.02m,Đông Nam,2.0,2.0,3.0,40.80m²,49.10m²,8m,,
3S2G1Q,"Hà Huy Giáp, P.Thạnh Lộc, Q.12, TP.HCM",27000000.0,86.01,Nhà mặt tiền,8m,44.43m,Tây Bắc,5.0,2.0,2.0,313.90m²,291.70m²,14m,,
7DCJYA,"Lê Cơ, P.An Lạc, Q.Bình Tân, TP.HCM",16000000.0,142.61,Nhà mặt tiền,4m,30.91m,Tây Nam,4.0,2.0,3.0,123m²,196.60m²,16m,,Sổ riêng
SA61X5,"29 Tân Hóa, P.14, Q.6, TP.HCM",5500000.0,206.76,Nhà mặt tiền,3.1m,8.6m,Đông Bắc,2.0,2.0,2.0,26.60m²,53.20m²,15m,,
SA2PN5,"137 Hoàng Hữu Nam, Tân Phú, Q.9, TP.HCM",9400000.0,149.92,Nhà mặt tiền,4m,23.65m,Đông Nam,1.0,1.0,1.0,62.70m²,56.20m²,10m,,
AHW0FY,"đường số 5, P.Bình Thuận, Q.7, TP.HCM",10500000.0,222.83,Nhà mặt tiền,4m,11.78m,Tây Nam,4.0,3.0,3.0,47.12m²,172.48m²,10m,,Sổ riêng
WP903R,"224A Bạch Đằng, P.25, Q.Bình Thạnh, TP.HCM",20000000.0,307.69,Nhà mặt tiền,3.7m,20.7m,Nam,7.0,8.0,5.0,65m²,289.40m²,,,
WP903R,"224A Bạch Đằng, P.25, Q.Bình Thạnh, TP.HCM",20000000.0,307.69,Nhà mặt tiền,3.7m,20.7m,Nam,7.0,8.0,5.0,65m²,289.40m²,,,
SY80W5,"35 Nguyễn Bình, Xã Phú Xuân, H.Nhà Bè, TP.HCM",7000000.0,70.0,Nhà mặt tiền,6.65m,15m,Tây Bắc,2.0,1.0,1.0,100m²,,,,
6Q5GH8,"20 đường Láng The, Xã Tân Thạnh Tây, H.Củ Chi, TP.HCM",4000000.0,31.37,Nhà mặt tiền,5m,25.61m,Tây Bắc,3.0,1.0,1.0,127.50m²,,10m,Cơ bản,
YCMM8D,"Trần Khắc Chân, P.Tân Định, Q.1, TP.HCM",15000000.0,424.92,Nhà mặt tiền,4.3m,8.35m,Đông Bắc,3.0,3.0,3.0,35.30m²,127m²,9m,,
5YBWD7,"Trịnh Đình Trọng, P.Phú Trung, Q.Tân Phú, TP.HCM",43000000.0,207.54,Nhà mặt tiền,8m,22.5m,Tây Nam,10.0,7.0,5.0,181m²,754.40m²,6.5m,,Sổ riêng
SHC4Q5,"134 Lý Nam Đế, P.7, Q.11, TP.HCM",17000000.0,333.98,Nhà mặt tiền,4.25m,12m,Tây Nam,3.0,3.0,4.0,50.90m²,171.40m²,,,
7KSP4A,"215D7 Nguyễn Văn Hưởng, Thảo Điền, Q.2, TP.HCM",110000000.0,371.62,Nhà mặt tiền,11.09m,25.36m,Đông Nam,5.0,5.0,3.0,296m²,135m²,10m,,
6SDJS8,"296Bis Trần Hưng Đạo, P.Nguyễn Cư Trinh, Q.1, TP.HCM",41000000.0,493.97,Nhà mặt tiền,3.58m,21.38m,Đông Nam,6.0,6.0,3.0,83m²,163.17m²,,,
2N02EZ,"Nguyễn Kiệm, P.9, Q.Phú Nhuận, TP.HCM",58000000.0,381.07,Nhà mặt tiền,5.1m,40m,Đông Bắc,5.0,5.0,8.0,152.20m²,1048.80m²,8m,,
W9VN1R,"18 đường B4, P.Tây Thạnh, Q.Tân Phú, TP.HCM",5400000.0,126.46,Nhà mặt tiền,4.02m,10.6m,Tây Nam,2.0,2.0,2.0,42.70m²,85.40m²,3.7m,,Sổ riêng
QYS1YU,"9 Bình quới, P.27, Q.Bình Thạnh, TP.HCM",20000000.0,165.83,Nhà mặt tiền,2.81m,37.51m,Đông Nam,11.0,11.0,4.0,120.60m²,,,Đầy đủ,
UYFXBS,"114 Hồ Bá Kiện, P.15, Q.10, TP.HCM",11000000.0,269.6,Nhà mặt tiền,4.51m,11.07m,Tây Nam,2.0,2.0,2.0,40.80m²,81.60m²,,,
3SMHBQ,"6A đường 212, Phước Long A, Q.9, TP.HCM",3650000.0,145.41,Nhà mặt tiền,3.8m,8.6m,Nam,2.0,1.0,2.0,25.10m²,45.20m²,4m,,
CWNHNB,"6 Hoa Sứ, P.2, Q.Phú Nhuận, TP.HCM",28000000.0,466.66,Nhà mặt tiền,4m,15m,Tây Bắc,6.0,4.0,4.0,60m²,215.10m²,,,
5DK9R7,"71 Dã Tượng, P.8, Q.8, TP.HCM",10500000.0,184.53,Nhà mặt tiền,3.07m,18.13m,Tây,6.0,4.0,5.0,56.90m²,193.50m²,12m,,
4V0KF5,"10 đường số 26, Bình An, Q.2, TP.HCM",10700000.0,0.22,Nhà mặt tiền,2.95m,17.46m,Tây Nam,2.0,3.0,2.0,52.50m²,,4m,Cơ bản,
RXE7JQ,"131 Hoa Lan, P.2, Q.Phú Nhuận, TP.HCM",27000000.0,442.62,Nhà mặt tiền,4m,16m,Đông Bắc,3.0,4.0,4.0,61m²,221.40m²,5m,Đầy đủ,Sổ riêng
5HJAV7,"116 Nguyên Hồng, P.11, Q.Bình Thạnh, TP.HCM",29000000.0,246.38,Nhà mặt tiền,4.25m,24.4m,Đông Bắc,3.0,3.0,2.0,117.70m²,215.90m²,,,
PNN8KG,"82 đường số 27, P.Tân Phong, Q.7, TP.HCM",24000000.0,250.0,Nhà mặt tiền,7.06m,18m,Đông Nam,4.0,5.0,4.0,96m²,196.30m²,,,
7KCJSA,"407 Nguyễn Trọng Tuyển, P.2, Q.Tân Bình, TP.HCM",20000000.0,319.48,Nhà mặt tiền,5.1m,17.6m,Đông Bắc,4.0,3.0,4.0,62.60m²,176.50m²,8m,,Sổ riêng
AKT6PY,"914 Bis Đường Lò Gốm, P.2, Q.6, TP.HCM",7980000.0,190.0,Nhà mặt tiền,3.2m,16.31m,Tây,5.0,3.0,4.0,42m²,,10m,,Sổ riêng
Q70JKU,"1017 Trương Văn Đa, Xã Bình Lợi, H.Bình Chánh, TP.HCM",2950000.0,15.54,Nhà mặt tiền,5m,37.95m,Đông Bắc,2.0,1.0,1.0,189.80m²,78.70m²,10m,,
DBWG0H,"42 đường Phan Huy Thực, P.Tân Hưng, Q.7, TP.HCM",18000000.0,256.04,Nhà mặt tiền,4m,21m,Nam,6.0,4.0,4.0,70.30m²,221.10m²,7m,,
Q53NSU,"107 Nguyễn Hữu Tiến, P.Tây Thạnh, Q.Tân Phú, TP.HCM",22000000.0,120.61,Nhà mặt tiền,6m,30m,Đông Bắc,2.0,2.0,2.0,182.40m²,,10m,,
3SW8KQ,"Lê Văn Thịnh, Bình Trưng Tây, Q.2, TP.HCM",22000000.0,155.58,Nhà mặt tiền,9.75m,14m,Đông,4.0,2.0,2.0,141.40m²,125.40m²,20m,,
6VRC8Y,"173 đường D5, P.25, Q.Bình Thạnh, TP.HCM",17500000.0,0.39,Nhà mặt tiền,7m,6.56m,Nam,4.0,4.0,3.0,42.60m²,42.60m²,5m,,
0TPZ59,"78 Đình Quới An, P.Thới An, Q.12, TP.HCM",10500000.0,96.41,Nhà mặt tiền,5m,21.48m,Tây,4.0,5.0,4.0,108.90m²,360.80m²,6m,,
37F34Q,"37 Ba Vì, P.4, Q.Tân Bình, TP.HCM",33000000.0,237.41,Nhà mặt tiền,6.1m,20.91m,Đông Bắc,10.0,10.0,3.0,139m²,354m²,,,
1U3RP6,"Số 4 đường số 5, P.Tân Phú, Q.7, TP.HCM",11800000.0,236.0,Nhà mặt tiền,5m,10m,Nam,2.0,2.0,2.0,50m²,64m²,,Cơ bản,
CF67WB,"đường số 30 , KP1, Cát Lái, Q.2, TP.HCM",23000000.0,89.7,Nhà mặt tiền,7.73m,33.53m,Bắc,2.0,1.0,1.0,256.40m²,117.70m²,6m,,
0GWZA9,"128 Hoàng Văn Thụ, P.9, Q.Phú Nhuận, TP.HCM",60000000.0,357.56,Nhà mặt tiền,8m,21m,Nam,6.0,6.0,4.0,167.80m²,476.20m²,,,
56GX7X,"Lô K Nguyễn Thức Tự, P.An Lạc A, Q.Bình Tân, TP.HCM",11500000.0,180.25,Nhà mặt tiền,3.97m,15.4m,,5.0,5.0,3.0,63.80m²,162.60m²,9.1m,,
RG56WJ,"57 đường số 9, P.4, Q.4, TP.HCM",6450000.0,168.84,Nhà mặt tiền,2.9m,13.34m,Đông Nam,4.0,3.0,4.0,38.20m²,,3m,,
2M301Z,"1 đường số 16, P.Tân Phú, Q.7, TP.HCM",14200000.0,165.11,Nhà mặt tiền,4.4m,19.65m,Tây,1.0,1.0,1.0,86m²,79m²,8m,,
AHUC2Y,"Nguyễn Đình Chiểu, P.1, Q.3, TP.HCM",12900000.0,542.01,Nhà mặt tiền,3m,8m,Đông,3.0,4.0,4.0,23.80m²,71.20m²,12m,,
3SCEVQ,"142 Số 22, P.11, Q.6, TP.HCM",19000000.0,228.98,Nhà mặt tiền,4m,19m,Nam,11.0,12.0,4.0,76m²,256.40m²,15m,Cơ bản,
EJJKG4,"101-103 Tân Hương, P.Tân Quý, Q.Tân Phú, TP.HCM",35000000.0,197.18,Nhà mặt tiền,8.05m,22m,Bắc,5.0,5.0,3.0,177.50m²,363.30m²,,,Sổ riêng
7KYVZA,"133F Hòa Hưng, P.12, Q.10, TP.HCM",6300000.0,512.19,Nhà mặt tiền,3.14m,7.54m,Tây Bắc,2.0,2.0,3.0,12.30m²,30.10m²,7.5m,,
02XYB9,"88 Xóm Chiếu, P.15, Q.4, TP.HCM",15000000.0,196.33,Nhà mặt tiền,4.07m,30.03m,Đông Nam,3.0,3.0,2.0,76.40m²,92m²,,,
SD4Y25,"97 Trần Thị Nghỉ, P.7, Q.Gò Vấp, TP.HCM",57000000.0,296.1,Nhà mặt tiền,10m,20.02m,Đông Nam,8.0,10.0,5.0,192.50m²,640m²,20m,Bàn giao thô,
UYEADS,"7 Trần Thị Nghỉ, P.7, Q.Gò Vấp, TP.HCM",37000000.0,300.81,Nhà mặt tiền,6.5m,20m,Tây Nam,7.0,9.0,5.0,123m²,463.50m²,16m,Bàn giao thô,
0GRH29,"50 đường số 3, P.5, Q.8, TP.HCM",11680000.0,182.5,Nhà mặt tiền,4m,16m,Đông Nam,4.0,5.0,4.0,64m²,196.60m²,10m,,
7DTYHA,"1050 Quang Trung, P.8, Q.Gò Vấp, TP.HCM",58000000.0,275.9,Nhà mặt tiền,11.12m,36.15m,Tây Nam,1.0,1.0,2.0,210.22m²,245.02m²,16m,,
2MW4HZ,"4A đường số 2A, P.Bình Hưng Hoà A, Q.Bình Tân, TP.HCM",4980000.0,104.62,Nhà mặt tiền,4m,11.99m,Tây Nam,2.0,2.0,2.0,47.60m²,82m²,4.12m,,
SD9E25,"38 Mai Văn Vĩnh, P.Tân Quy, Q.7, TP.HCM",15000000.0,334.07,Nhà mặt tiền,4.23m,14.86m,Đông,3.0,3.0,4.0,44.90m²,,12m,,
SYU2F5,"51 đường số 36, P.10, Q.6, TP.HCM",13400000.0,181.08,Nhà mặt tiền,4m,18.5m,Đông Bắc,5.0,6.0,4.0,74m²,244.90m²,14m,,
87SF83,"622 + 624 Trường Sa, P.15, Q.Phú Nhuận, TP.HCM",13500000.0,208.97,Nhà mặt tiền,4.5m,16.08m,Tây Nam,6.0,7.0,2.0,64.60m²,108.10m²,,,
CWZDXB,"163 Gò Ô Môi, P.Phú Thuận, Q.7, TP.HCM",16990000.0,171.05,Nhà mặt tiền,5.03m,28.01m,Tây Nam,5.0,5.0,4.0,99.38m²,316.42m²,12m,,
ACJKDY,"138A Nguyễn Văn Trỗi, P.8, Q.Phú Nhuận, TP.HCM",435000000.0,923.17,Nhà mặt tiền,19.5m,29.1m,Nam,8.0,8.0,8.0,471.20m²,2780.80m²,,,
DE0BYH,"đường số 8, P.5, Q.Gò Vấp, TP.HCM",74000000.0,282.65,Nhà mặt tiền,13.6m,19.25m,Tây Nam,4.0,6.0,4.0,261.80m²,616.80m²,12m,Đầy đủ,
4J0EWF,"94 Nguyên Hồng, P.1, Q.Gò Vấp, TP.HCM",10800000.0,325.3,Nhà mặt tiền,3m,15.6m,Tây Nam,3.0,3.0,4.0,33.20m²,95.50m²,12m,,
SA1Q15,"625 Lê Hồng Phong, P.10, Q.10, TP.HCM",28000000.0,360.82,Nhà mặt tiền,3.53m,15.23m,Đông Bắc,6.0,5.0,5.0,77.60m²,341.40m²,15m,,
PZF39G,"đường D16, P.Tây Thạnh, Q.Tân Phú, TP.HCM",14200000.0,151.38,Nhà mặt tiền,5m,19m,Tây Bắc,4.0,4.0,4.0,93.80m²,305.80m²,12m,,
UAUG0S,"490 Ngô Gia Tự, P.4, Q.10, TP.HCM",72000000.0,905.66,Nhà mặt tiền,7.02m,13.38m,Đông Nam,7.0,7.0,7.0,79.50m²,574.20m²,,,
8SFN63,"Trường Chinh, P.15, Q.Tân Bình, TP.HCM",21000000.0,160.91,Nhà mặt tiền,3.85m,27.55m,Tây Nam,3.0,2.0,1.0,130.50m²,128m²,20m,Đầy đủ,
ACVFUY,"476 Trường Chinh, P.Tân Hưng Thuận, Q.12, TP.HCM",14700000.0,184.44,Nhà mặt tiền,4m,19.98m,Tây Nam,4.0,4.0,4.0,79.70m²,227.70m²,30m,,
7D1TMA,"Trường Chinh, P.12, Q.Tân Bình, TP.HCM",16500000.0,239.82,Nhà mặt tiền,3.5m,19.7m,Tây Nam,4.0,4.0,4.0,68.80m²,181.80m²,20m,,
RC3DJQ,"301 Kênh Tân Hóa, P.Hòa Thạnh, Q.Tân Phú, TP.HCM",36000000.0,146.53,Nhà mặt tiền,17.26m,14.15m,Đông Nam,1.0,1.0,2.0,245.68m²,319.78m²,10m,Cơ bản,
J2TCW0,"Đường 41, Bình Trưng Đông, Q.2, TP.HCM",6700000.0,108.06,Nhà mặt tiền,4.5m,13m,Đông,3.0,2.0,2.0,62m²,,,,
13X176,"Tam Đảo, P.15, Q.10, TP.HCM",40000000.0,701.75,Nhà mặt tiền,6m,22m,Tây Bắc,2.0,3.0,3.0,57m²,104.70m²,,,
QY5FZU,"386 Quang Trung, P.10, Q.Gò Vấp, TP.HCM",4800000.0,259.45,Nhà mặt tiền,4.46m,7.57m,Tây Nam,3.0,3.0,4.0,18.50m²,87.40m²,,,
CW0H3B,"44B Phan Xích Long, P.4, Q.Phú Nhuận, TP.HCM",65000000.0,186.08,Nhà mặt tiền,17.5m,20m,Đông Nam,3.0,3.0,3.0,349.30m²,997.80m²,,,
7H2FNA,"đường số 23, P.10, Q.6, TP.HCM",16800000.0,233.33,Nhà mặt tiền,4m,18m,Tây,4.0,3.0,3.0,72m²,188.80m²,20m,,
7D66XA,"314 Bình Long, P.Phú Thọ Hòa, Q.Tân Phú, TP.HCM",16500000.0,153.34,Nhà mặt tiền,5.05m,21.45m,Tây Nam,3.0,3.0,3.0,107.60m²,305.70m²,14m,,
3S96HQ,"đường số 19, P.10, Q.6, TP.HCM",11500000.0,174.24,Nhà mặt tiền,4m,16.5m,Đông,3.0,2.0,3.0,66m²,189.60m²,14m,,
SDQ9W5,"78 Út Tịch, P.4, Q.Tân Bình, TP.HCM",150000000.0,555.76,Nhà mặt tiền,22.8m,21.15m,Đông Bắc,22.0,8.0,8.0,269.90m²,1416.10m²,12.2m,,
40Q2BF,"39 Phú Định, P.16, Q.8, TP.HCM",10500000.0,186.5,Nhà mặt tiền,4m,22.64m,Đông Nam,3.0,2.0,2.0,56.30m²,102.60m²,,,
37PZSQ,"16 Lê Lai, P.1, Q.Gò Vấp, TP.HCM",7700000.0,127.9,Nhà mặt tiền,4.2m,15.3m,Tây Nam,1.0,1.0,1.0,60.20m²,60.20m²,7.5m,,
4JGVVF,"92 đường số 1, P.15, Q.Gò Vấp, TP.HCM",3990000.0,106.97,Nhà mặt tiền,5.66m,6.92m,Nam,2.0,3.0,2.0,37.30m²,,5.8m,,
UAD2VS,"Phan Văn Trị, P.11, Q.Bình Thạnh, TP.HCM",18000000.0,224.43,Nhà mặt tiền,5.15m,20.96m,Đông Bắc,3.0,2.0,1.0,80.20m²,,20m,Đầy đủ,
CHU3BC,"đường số 2, khu dân cư Him Lam, P.Tân Hưng, Q.7, TP.HCM",32200000.000000004,322.0,Nhà mặt tiền,5m,20m,,5.0,6.0,4.0,100m²,100m²,,,
SDJQE5,"27-29 Nam Kỳ Khởi Nghĩa, P.Nguyễn Thái Bình, Q.1, TP.HCM",270000000.0,1.3,Nhà mặt tiền,8.2m,25.36m,Đông Bắc,8.0,8.0,8.0,207.12m²,502.60m²,,,
SDJQE5,"27-29 Nam Kỳ Khởi Nghĩa, P.Nguyễn Thái Bình, Q.1, TP.HCM",270000000.0,1.3,Nhà mặt tiền,8.2m,25.36m,Đông Bắc,8.0,8.0,8.0,207.12m²,502.60m²,,,
0ZTRT9,"35-37 Yết Kiêu, P.9, Q.5, TP.HCM",25500000.0,391.1,Nhà mặt tiền,8m,8.15m,Đông,6.0,6.0,6.0,65.20m²,,,,
SDAMR5,"432 - 434 Nguyễn Oanh, P.17, Q.Gò Vấp, TP.HCM",38500000.0,216.29,Nhà mặt tiền,8m,23.1m,Tây Bắc,2.0,2.0,1.0,178m²,82m²,20m,,
4J2GPF,"69A Nguyễn Sĩ Sách, P.15, Q.Tân Bình, TP.HCM",14000000.0,138.31,Nhà mặt tiền,4.2m,24.25m,Đông Nam,2.0,1.0,1.0,101.22m²,15.96m²,10m,,
C4UVUB,"Phạm Thế Hiển, P.6, Q.8, TP.HCM",14900000.0,130.35,Nhà mặt tiền,4m,22.9m,Tây Bắc,5.0,2.0,3.0,114.30m²,276.60m²,8m,,
5HSBF7,"117C Thạnh Lộc 37, P.Thạnh Lộc, Q.12, TP.HCM",6900000.0,120.62,Nhà mặt tiền,4m,14.33m,Tây Nam,3.0,3.0,3.0,57.20m²,128.90m²,7.5m,,
6S7ZB8,"45 Điện Biên Phủ, P.2, Q.Bình Thạnh, TP.HCM",45000000.0,157.78,Nhà mặt tiền,4.5m,42.18m,Đông Nam,2.0,2.0,2.0,285.20m²,375.30m²,,,
02ZSC9,"242 Âu Dương Lân, P.Rạch Ông, Q.8, TP.HCM",34800000.0,234.65,Nhà mặt tiền,4.14m,36.38m,Đông Bắc,15.0,15.0,4.0,148.30m²,326.10m²,10m,,
8UTX03,"39 Hoàng Quốc Việt, P.Phú Mỹ, Q.7, TP.HCM",12000000.0,157.89,Nhà mặt tiền,3.5m,33.65m,Nam,1.0,1.0,1.0,76m²,,16m,,Sổ riêng
0GK5T9,"Quốc lộ 50, Xã Phong Phú, H.Bình Chánh, TP.HCM",28000000.0,112.72,Nhà mặt tiền,5.3m,52m,Đông,8.0,9.0,5.0,248.40m²,696.90m²,12m,,
53J27X,"Phan Bội Châu, P.2, Q.Bình Thạnh, TP.HCM",25000000.0,346.74,Nhà mặt tiền,5.32m,15.8m,Đông Bắc,5.0,5.0,6.0,72.10m²,338.30m²,5.39m,,
4JYHZF,"Lê Bình, P.4, Q.Tân Bình, TP.HCM",3850000.0,202.63,Nhà mặt tiền,4.15m,4.6m,Tây,3.0,3.0,4.0,19m²,,2m,,
UYCX6S,"MPN 51C Lê Quang Hoà, P.Thới An, Q.12, TP.HCM",6900000.0,96.91,Nhà mặt tiền,4.01m,17.77m,Tây,4.0,5.0,4.0,71.20m²,172m²,10m,,
K4MURC,"11 đường DC3, P.Sơn Kỳ, Q.Tân Phú, TP.HCM",9300000.0,166.07,Nhà mặt tiền,4m,14m,Đông Nam,3.0,3.0,4.0,56m²,170.40m²,6m,,
358MZQ,"10 Thạnh Lộc 38, P.Thạnh Lộc, Q.12, TP.HCM",6500000.0,123.33,Nhà mặt tiền,4.3m,12.57m,Tây Bắc,9.0,9.0,5.0,52.70m²,251.10m²,,,
QA4E2U,"MPN 16D Hiệp Thành 23, P.Tân Thới Hiệp, Q.12, TP.HCM",6500000.0,67.92,Nhà mặt tiền,4m,24.06m,Tây Nam,2.0,1.0,2.0,95.70m²,35.30m²,12m,,Sổ riêng
9Z9ZHP,"82A đường số 4, P.An Lạc, Q.Bình Tân, TP.HCM",11000000.0,135.8,Nhà mặt tiền,4.5m,18.02m,Tây Nam,13.0,13.0,5.0,81m²,267.30m²,12m,,
13TFT6,"đường số 6, P.Bình Hưng Hòa, Q.Bình Tân, TP.HCM",8000000.0,91.01,Nhà mặt tiền,4m,22.11m,Nam,1.0,4.0,5.0,87.90m²,326m²,7m,,
DE9QMH,"24 20, P.Bình Thọ, TP.Thủ Đức, TP.HCM",92000000.0,258.42,Nhà mặt tiền,18m,20m,Tây,6.0,8.0,4.0,356m²,699m²,12m,Đầy đủ,
CW27TB,"135 đường số 1, P.9, Q.Gò Vấp, TP.HCM",16000000.0,132.0,Nhà mặt tiền,5m,22.1m,Đông,6.0,6.0,3.0,110.30m²,206.50m²,7.75m,,
GNHEY2,"Trường Chinh, P.14, Q.Tân Bình, TP.HCM",16500000.0,238.78,Nhà mặt tiền,4m,17.07m,Đông Bắc,3.0,3.0,4.0,69.10m²,162.10m²,17m,,
Q7RA3U,"9 Thích Quảng Đức, P.4, Q.Phú Nhuận, TP.HCM",23000000.0,342.77,Nhà mặt tiền,7.5m,10m,Đông Bắc,5.0,4.0,5.0,67.10m²,159m²,5m,,
5HGF87,"554 Đoàn Văn Bơ, P.13, Q.4, TP.HCM",8500000.0,143.09,Nhà mặt tiền,3.92m,15.9m,Đông Bắc,4.0,4.0,3.0,59.40m²,,,,
SDBRU5,"MPN 22 Thạnh Lộc 57, P.Thạnh Lộc, Q.12, TP.HCM",5400000.0,83.98,Nhà mặt tiền,4m,16.12m,Tây Bắc,4.0,5.0,4.0,64.30m²,191.40m²,10m,,
CWW2RB,"791 Quang Trung, P.12, Q.Gò Vấp, TP.HCM",6350000.0,156.01,Nhà mặt tiền,2.35m,17.3m,Đông Bắc,2.0,2.0,2.0,40.70m²,67m²,20m,,
K4ZSGC,"40 Lê Văn Lương, P.Tân Hưng, Q.7, TP.HCM",16800000.0,141.17,Nhà mặt tiền,3.5m,34.87m,Đông,14.0,14.0,5.0,119m²,280.42m²,10m,,
GN1UD2,"142 Tô Hiến Thành, P.15, Q.10, TP.HCM",36000000.0,503.49,Nhà mặt tiền,4.1m,23.46m,Đông Nam,3.0,2.0,3.0,71.50m²,205.90m²,9.6m,,
JGG150,"602 Hồ Học Lãm, P.Bình Trị Đông B, Q.Bình Tân, TP.HCM",29000000.0,83.09,Nhà mặt tiền,9.85m,31.32m,Tây Nam,6.0,6.0,1.0,349m²,,10m,Cơ bản,
5YVA47,"2485 Phạm Thế Hiển, P.7, Q.8, TP.HCM",10400000.0,95.5,Nhà mặt tiền,3.95m,29.04m,Tây Bắc,2.0,2.0,2.0,108.90m²,124m²,10m,,
Q5HBTU,"Kinh Dương Vương, P.An Lạc A, Q.Bình Tân, TP.HCM",25000000.0,469.25,Nhà mặt tiền,19.35m,3.91m,Đông Nam,4.0,3.0,4.0,75.10m²,295.30m²,60m,,Sổ riêng
J2SS10,"40 Thạnh Xuân 22, P.Thạnh Xuân, Q.12, TP.HCM",7550000.0,107.7,Nhà mặt tiền,5.12m,13.65m,Tây Nam,4.0,4.0,4.0,70.10m²,188.80m²,4.35m,,
GXA362,"42 Lê Thị Riêng, P.Thới An, Q.12, TP.HCM",12500000.0,161.7,Nhà mặt tiền,5.06m,16.15m,Tây,4.0,4.0,4.0,77.30m²,217.10m²,,,
0Z2549,"135 Xuân Hồng, P.12, Q.Tân Bình, TP.HCM",21200000.0,281.16,Nhà mặt tiền,3.97m,19.2m,Đông Nam,10.0,11.0,5.0,75.40m²,441.70m²,11m,,Sổ riêng
0Z2549,"135 Xuân Hồng, P.12, Q.Tân Bình, TP.HCM",21200000.0,281.16,Nhà mặt tiền,3.97m,19.2m,Đông Nam,10.0,11.0,5.0,75.40m²,441.70m²,11m,,Sổ riêng
SYSV95,"378 Hòa Hảo, P.6, Q.10, TP.HCM",15700000.0,477.2,Nhà mặt tiền,2.88m,14.85m,Nam,4.0,3.0,4.0,32.90m²,94.30m²,8m,,
YKXJGD,"đường số 4, An Lạc, Q.Bình Tân, TP.HCM",17000000.0,68.85,Nhà mặt tiền,3.79m,20m,Tây Nam,3.0,1.0,1.0,246.90m²,,12m,,
35B1RQ,"60H08 Giang Văn Minh, P.An Phú, TP.Thủ Đức, TP.HCM",110000000.0,382.2,Nhà mặt tiền,14.3m,21m,Tây Nam,4.0,5.0,3.0,287.80m²,343.50m²,6m,,
6UKMK8,"14 Trần Văn Kỷ, P.14, Q.Bình Thạnh, TP.HCM",19900000.0,271.85,Nhà mặt tiền,4.35m,20.14m,Tây Nam,5.0,5.0,6.0,73.20m²,329.10m²,5m,,
WPV2MR,"76 Trần Khắc Chân, P.Tân Định, Q.1, TP.HCM",41000000.0,621.21,Nhà mặt tiền,6.25m,11.7m,Tây Nam,3.0,5.0,4.0,66m²,220.90m²,6.4m,,
6SYGD8,"73 đường số 43, P.Tân Quy, Q.7, TP.HCM",49500000.0,284.15,Nhà mặt tiền,8m,23.15m,Bắc,22.0,22.0,8.0,174.20m²,1042.30m²,,,Sổ riêng
DEK2XH,"34 Hồ Biểu Chánh, P.11, Q.Phú Nhuận, TP.HCM",69000000.0,278.56,Nhà mặt tiền,6.76m,33.26m,Đông Nam,5.0,5.0,5.0,247.70m²,667.30m²,8m,,
PXT5RG,"426 Nguyễn Oanh, P.6, Q.Gò Vấp, TP.HCM",11600000.0,137.11,Nhà mặt tiền,4.12m,29.56m,Tây Bắc,4.0,3.0,2.0,84.60m²,102.80m²,,,
QAZQGU,"48 Phạm Đình Hổ, P.2, Q.6, TP.HCM",4700000.0,474.74,Nhà mặt tiền,2.67m,3.9m,Tây,3.0,3.0,5.0,9.90m²,39.20m²,12.5m,,
6S5C38,"140 Nguyễn Oanh, P.17, Q.Gò Vấp, TP.HCM",19800000.0,330.0,Nhà mặt tiền,3.95m,20.45m,Tây Nam,4.0,3.0,3.0,60m²,185.60m²,7m,,
8MTE3A,"235A Lý Thường Kiệt, P.15, Q.11, TP.HCM",28000000.0,285.13,Nhà mặt tiền,9.8m,9.7m,Đông Bắc,3.0,2.0,2.0,98.20m²,188.80m²,20m,,
Q79NRU,"200 Kha Vạn Cân, P.Hiệp Bình Chánh, TP.Thủ Đức, TP.HCM",14000000.0,160.73,Nhà mặt tiền,5.5m,16.31m,Bắc,3.0,3.0,2.0,87.10m²,141.30m²,10m,,Sổ riêng
R9B26J,"A79 Nguyễn Thần Hiến, P.18, Q.4, TP.HCM",25700000.0,179.46,Nhà mặt tiền,10m,18m,Tây Bắc,6.0,6.0,2.0,143.20m²,263.30m²,8m,,
EWWGQ4,"đường số 6, P.An Lạc, Q.Bình Tân, TP.HCM",7600000.0,76.27,Nhà mặt tiền,4m,19.5m,Bắc,3.0,3.0,3.0,78m²,168.80m²,7m,,
PCWAGA,"212 Nguyễn Trường Tộ, P.Tân Thành, Q.Tân Phú, TP.HCM",22000000.0,159.72,Nhà mặt tiền,9.08m,15.9m,Nam,2.0,2.0,2.0,146m²,,6m,Cơ bản,
0ZV359,"Nguyễn Ảnh Thủ, P.Hiệp Thành, Q.12, TP.HCM",13490000.0,191.61,Nhà mặt tiền,4.2m,16.86m,Đông Bắc,5.0,3.0,4.0,70.40m²,184.40m²,10m,,
UY7YUS,"99 Nguyễn Du, P.7, Q.Gò Vấp, TP.HCM",19800000.0,243.84,Nhà mặt tiền,4.6m,20.54m,Đông Bắc,4.0,5.0,4.0,81.20m²,242.80m²,5.04m,,
ERHB84,"276 đường Số 5, P.Bình Hưng Hòa, Q.Bình Tân, TP.HCM",12000000.0,131.57,Nhà mặt tiền,5m,11.22m,Bắc,3.0,2.0,2.0,93m²,132.20m²,12m,,
JGMYD0,"60 Thới An 04, P.Thới An, Q.12, TP.HCM",7200000.0,145.74,Nhà mặt tiền,4m,12.35m,Đông Bắc,4.0,3.0,3.0,49.40m²,127.80m²,10m,,Sổ riêng
1QSGG6,"138A Trần Huy Liệu, P.15, Q.Phú Nhuận, TP.HCM",10000000.0,185.18,Nhà mặt tiền,4.3m,13m,Bắc,1.0,2.0,2.0,54m²,90m²,20m,,
5HD5U7,"1129 Nguyễn Ảnh Thủ, P.Trung Mỹ Tây, Q.12, TP.HCM",14900000.0,190.29,Nhà mặt tiền,4.5m,23.7m,Tây Bắc,1.0,1.0,1.0,78.30m²,,20m,,
1UQAH6,"29 Thích Bửu Đăng, P.1, Q.Gò Vấp, TP.HCM",4050000.0,275.51,Nhà mặt tiền,2.35m,8.71m,Bắc,2.0,3.0,3.0,14.70m²,25m²,3.85m,,
5HYVM7,"43-45 Nguyễn Phạm Tuân, P.9, Q.6, TP.HCM",12000000.0,132.45,Nhà mặt tiền,7m,13.63m,Đông,4.0,1.0,2.0,90.60m²,147.20m²,5.42m,,
9Z0ATP,"23 Thạnh Xuân 46, P.Thạnh Xuân, Q.12, TP.HCM",5860000.0,96.38,Nhà mặt tiền,4.25m,14.36m,Đông Bắc,3.0,3.0,3.0,60.80m²,155.20m²,,,
4GQ8ZF,"82 Nguyễn Thái Học, Dĩ An, Dĩ An, TP.HCM",8000000.0,91.95,Nhà mặt tiền,,4m,,2.0,1.0,1.0,,87m²,,,
85Q2D3,"1045 Nguyễn Kiệm, P.3, Q.Gò Vấp, TP.HCM",7100000.0,102.89,Nhà mặt tiền,5.76m,14.35m,Đông Nam,2.0,2.0,2.0,69m²,124.30m²,,,
6UWG68,"322 Trần Hưng Đạo, P.Nguyễn Cư Trinh, Q.1, TP.HCM",28500000.0,420.35,Nhà mặt tiền,4.1m,17.26m,Đông Nam,3.0,3.0,3.0,67.80m²,213.60m²,20m,,
4J1ZWF,"146 Trần Văn Đang, P.9, Q.3, TP.HCM",3350000.0,220.39,Nhà mặt tiền,2.57m,5.8m,Tây Bắc,2.0,3.0,4.0,15.20m²,47.10m²,5m,,
AUWTYX,"742 Quốc Lộ 1A, P.Bình Hưng Hòa, Q.Bình Tân, TP.HCM",24700000.0,96.86,Nhà mặt tiền,5.75m,34.5m,Đông,1.0,1.0,1.0,255m²,,10m,,
7KYWCA,"854 Quang Trung, P.8, Q.Gò Vấp, TP.HCM",16500000.0,214.0,Nhà mặt tiền,4.68m,16.43m,Nam,5.0,3.0,3.0,77.10m²,109.60m²,,,
YB3QQD,"39 Nguyễn Văn Linh, P.Tân Thuận Tây, Q.7, TP.HCM",19650000.0,235.04,Nhà mặt tiền,7.15m,11.57m,Bắc,3.0,1.0,2.0,83.60m²,167.20m²,,,
1UETW6,"297 Phạm Thế Hiển, P.Rạch Ông, Q.8, TP.HCM",16800000.0,213.74,Nhà mặt tiền,3.96m,20.5m,Tây Bắc,7.0,8.0,4.0,78.60m²,163.40m²,,,Sổ riêng
6QF6F8,"Đào Duy Từ, P.8, Q.10, TP.HCM",35000000.0,305.94,Nhà mặt tiền,4m,28m,Tây Bắc,1.0,1.0,5.0,114.40m²,418.89m²,16m,,
6Q3KH8,"đường số 6, P.4, Q.4, TP.HCM",12600000.0,281.25,Nhà mặt tiền,4.5m,9.96m,Đông Nam,3.0,4.0,4.0,44.80m²,156.90m²,7.67m,,
5HX6B7,"Phạm Ngọc, P.Tân Quý, Q.Tân Phú, TP.HCM",11900000.0,106.53,Nhà mặt tiền,3.8m,29.4m,Bắc,2.0,2.0,2.0,111.70m²,,10m,,
6S6W08,"95A Lũy Bán Bích, P.Tân Thới Hòa, Q.Tân Phú, TP.HCM",5950000.0,196.36,Nhà mặt tiền,2.21m,13.85m,Đông,2.0,2.0,3.0,30.30m²,68.50m²,15m,,
GNGXD2,"191 Thạnh Lộc 15, P.Thạnh Lộc, Q.12, TP.HCM",7150000.0,114.95,Nhà mặt tiền,4.77m,13.5m,Đông Nam,5.0,5.0,3.0,62.20m²,212.80m²,,,
1URTB6,"12 đường số 40A, P.Tân Tạo, Q.Bình Tân, TP.HCM",11900000.0,148.75,Nhà mặt tiền,5m,16m,Tây,4.0,3.0,3.0,80m²,192m²,14m,,
7HNRTA,"Quốc lộ 1A, P.Tân Chánh Hiệp, Q.12, TP.HCM",11500000.0,59.8,Nhà mặt tiền,9.42m,25.13m,Đông Nam,3.0,3.0,2.0,192.30m²,,30m,,
8UV603,"100I Gò Dầu, P.Tân Quý, Q.Tân Phú, TP.HCM",16500000.0,257.16,Nhà mặt tiền,4m,16.04m,Nam,3.0,3.0,4.0,64.16m²,,10m,,
UYGJCS,"165 Trần Văn Kiểu, P.10, Q.6, TP.HCM",13900000.0,198.57,Nhà mặt tiền,4m,17.5m,Đông,4.0,4.0,4.0,70m²,177.50m²,,,
7KCB1A,"824 Lê Trọng Tấn, P.Bình Hưng Hòa, Q.Bình Tân, TP.HCM",12000000.0,186.04,Nhà mặt tiền,5.51m,12.4m,Tây Nam,3.0,2.0,2.0,64.50m²,129m²,,Đầy đủ,
1UQ3S6,"42B đường số 11, Cát Lái, Q.2, TP.HCM",7400000.0,119.54,Nhà mặt tiền,6m,10m,Tây Nam,3.0,2.0,3.0,61.90m²,101.50m²,,,
Q762FU,"72 Bạch Đằng, P.2, Q.Tân Bình, TP.HCM",34000000.0,473.33,Nhà mặt tiền,5.8m,12.29m,Tây Bắc,13.0,13.0,7.0,71.83m²,,20m,,
QAY7KU,"20 đường số 2, P.11, Q.Gò Vấp, TP.HCM",3250000.0,377.9,Nhà mặt tiền,3.32m,9.46m,Tây Bắc,2.0,2.0,2.0,8.60m²,8.60m²,2.82m,,
RP063J,"162 đường số 8, P.11, Q.Gò Vấp, TP.HCM",6800000.0,290.59,Nhà mặt tiền,4m,11.35m,Tây,2.0,2.0,2.0,23.40m²,51m²,12m,Cơ bản,
P1ZKXG,"105 Nguyễn Văn Khối, P.9, Q.Gò Vấp, TP.HCM",9000000.0,128.57,Nhà mặt tiền,4m,13.52m,Đông Nam,6.0,6.0,5.0,70m²,70m²,5m,Đầy đủ,
6SCCN8,"300 Nguyễn Văn Đậu, P.11, Q.Bình Thạnh, TP.HCM",24000000.0,155.74,Nhà mặt tiền,3.93m,35.22m,Tây Bắc,3.0,3.0,1.0,154.10m²,106m²,,,
C41CGB,"52 đường B, P.Phú Thạnh, Q.Tân Phú, TP.HCM",10800000.0,92.33,Nhà mặt tiền,5.1m,21.2m,Đông Nam,1.0,1.0,2.0,110.70m²,142.40m²,7m,Cơ bản,
UY49AS,"16 đường 302B Bông Sao, P.5, Q.8, TP.HCM",10400000.0,216.66,Nhà mặt tiền,4m,12m,Đông,4.0,3.0,4.0,48m²,154m²,10m,,
7H4YXA,"đường số 51, P.14, Q.Gò Vấp, TP.HCM",6800000.0,130.51,Nhà mặt tiền,3.45m,22.4m,Tây Nam,1.0,1.0,1.0,52.10m²,,8m,,
GNM4G2,"69 đường số 4, P.16, Q.Gò Vấp, TP.HCM",8390000.0,246.04,Nhà mặt tiền,4.1m,11.9m,Đông Nam,4.0,5.0,3.0,34.10m²,,10m,,Sổ riêng
0GRKZ9,"62 Phạm Phú Thứ, P.11, Q.Tân Bình, TP.HCM",6700000.0,211.75,Nhà mặt tiền,2.91m,9.9m,Tây Bắc,2.0,2.0,3.0,31.64m²,,10m,,
DCA65H,"276 đường số 5, KP10, P.Bình Hưng Hòa, Q.Bình Tân, TP.HCM",12000000.0,129.03,Nhà mặt tiền,5m,19.5m,Đông Bắc,3.0,2.0,2.0,93m²,132.20m²,10m,,
SA1RE5,"169 Bờ Bao Tân Thắng, P.Sơn Kỳ, Q.Tân Phú, TP.HCM",15000000.0,234.37,Nhà mặt tiền,4m,16m,Tây Bắc,2.0,2.0,2.0,64m²,132m²,24m,,
7D663A,"71 Nguyễn Hữu Dật, P.Tây Thạnh, Q.Tân Phú, TP.HCM",8700000.0,145.0,Nhà mặt tiền,4m,15m,Đông,2.0,2.0,3.0,60m²,121m²,16m,,
JP78G0,"Nguyễn Ảnh Thủ, P.Hiệp Thành, Q.12, TP.HCM",10200000.0,158.87,Nhà mặt tiền,4m,25m,Tây Nam,2.0,1.0,1.0,64.20m²,64.20m²,12m,,
6SH1G8,"Một phần nhà số 267 Lê Trọng Tấn, P.Sơn Kỳ, Q.Tân Phú, TP.HCM",29000000.0,166.09,Nhà mặt tiền,7.53m,29m,Bắc,4.0,2.0,3.0,174.60m²,304.30m²,,,
1U2BN6,"500 Nguyễn Oanh, P.6, Q.Gò Vấp, TP.HCM",11490000.0,111.4,Nhà mặt tiền,5.3m,28.9m,Tây Bắc,1.0,1.0,1.0,103.14m²,51.96m²,20m,,
QA00BU,"136 Âu Dương Lân, P.Rạch Ông, Q.8, TP.HCM",7480000.0,158.13,Nhà mặt tiền,6.1m,7.72m,Đông Bắc,4.0,5.0,4.0,47.30m²,145.60m²,,,
8UEN83,"12F đường số 1, P.Tân Tạo A, Q.Bình Tân, TP.HCM",7100000.0,34.02,Nhà mặt tiền,4m,52.4m,Đông Nam,5.0,5.0,4.0,208.70m²,205.24m²,5m,,
7Q3TA8,"85 Đường 270 Cao Lỗ, P.4, Q.8, TP.HCM",28000000.0,175.0,Nhà mặt tiền,8m,20m,Đông Bắc,4.0,5.0,3.0,160m²,234.10m²,14m,Cơ bản,
9T6Z8P,"19 Trần Thị Nghỉ, P.7, Q.Gò Vấp, TP.HCM",36500000.0,301.65,Nhà mặt tiền,6.5m,20m,Đông Nam,7.0,9.0,5.0,121m²,456.50m²,16m,Bàn giao thô,
EJWDG4,"đường số 8B, P.Bình Hưng Hoà A, Q.Bình Tân, TP.HCM",4800000.0,100.0,Nhà mặt tiền,4.02m,11.93m,Tây,1.0,1.0,2.0,48m²,70.50m²,5.76m,,
AK7ZQY,"38 đường số 6D, P.An Lạc A, Q.Bình Tân, TP.HCM",12300000.0,136.66,Nhà mặt tiền,5m,18m,Tây,3.0,3.0,4.0,90m²,219.60m²,12m,,
1QYEH6,"24 Hồ Văn Long, P.Bình Hưng Hoà B, Q.Bình Tân, TP.HCM",8000000.0,83.33,Nhà mặt tiền,4.59m,24.77m,Tây,2.0,1.0,1.0,96m²,,12m,,
8UXXR3,"66 Nguyễn Giản Thanh, P.15, Q.10, TP.HCM",15600000.0,259.39,Nhà mặt tiền,3.1m,19.4m,Tây Nam,4.0,6.0,3.0,60.14m²,240m²,7.5m,,
RCQHJQ,"61 Gò Dầu, P.Tân Quý, Q.Tân Phú, TP.HCM",16700000.0,210.32,Nhà mặt tiền,4m,20.05m,Bắc,5.0,3.0,3.0,79.40m²,245.40m²,10.8m,,
SY4935,"120 đường số 37, P.Tân Quy, Q.7, TP.HCM",13900000.0,195.22,Nhà mặt tiền,4.1m,20.75m,Nam,3.0,3.0,2.0,71.20m²,145m²,10m,,Sổ riêng
8SHFZ3,"6/11B Huỳnh Thị Na, Xã Đông Thạnh, H.Hóc Môn, TP.HCM",5000000.0,55.37,Nhà mặt tiền,5.27m,26.73m,Đông Nam,2.0,1.0,1.0,90.30m²,53.50m²,8m,,
EW9G14,"Sư Vạn Hạnh, P.10, Q.10, TP.HCM",13000000.0,392.74,Nhà mặt tiền,2.9m,13m,Tây,8.0,5.0,5.0,33.10m²,150.10m²,24m,Cơ bản,Sổ riêng
EJEDT4,"388 Lê Văn Thọ, P.16, Q.Gò Vấp, TP.HCM",16500000.0,202.37,Nhà mặt tiền,4.4m,26m,Tây,4.0,5.0,3.0,81.53m²,160.22m²,30m,Cơ bản,
GXJYN2,"456 Phạm Văn Chí, P.8, Q.6, TP.HCM",4560000.0,230.3,Nhà mặt tiền,3m,7.5m,Đông Nam,1.0,2.0,2.0,19.80m²,39.60m²,20m,,
7KT6DA,"199-201 đường số 3, P.Bình Trị Đông B, Q.Bình Tân, TP.HCM",29500000.0,122.91,Nhà mặt tiền,12m,20m,Bắc,8.0,5.0,2.0,240m²,307.90m²,12m,,
PNXDJG,"105A Nguyễn Hữu Tiến, P.Tây Thạnh, Q.Tân Phú, TP.HCM",27000000.0,147.05,Nhà mặt tiền,6.85m,27m,Đông Bắc,6.0,7.0,4.0,183.60m²,,14m,,
9Z0HMP,"62 đường số 21, P.Phước Long A, TP.Thủ Đức, TP.HCM",11000000.0,166.09,Nhà mặt tiền,4.25m,21.9m,Đông Nam,2.0,2.0,2.0,69.20m²,,6m,,
8S69H3,"73 đường số 24, P.Bình Trị Đông B, Q.Bình Tân, TP.HCM",14500000.0,161.11,Nhà mặt tiền,4.5m,20m,Đông,4.0,5.0,4.0,90m²,,12m,,
SYCR35,"59 Hoàng Văn Thụ, P.15, Q.Phú Nhuận, TP.HCM",13000000.0,268.59,Nhà mặt tiền,2.9m,17.41m,Bắc,3.0,3.0,3.0,48.40m²,131.50m²,30m,,
SAQV25,"7 Nguyễn Lộ Trạch, P.Tân Quý, Q.Tân Phú, TP.HCM",7850000.0,107.09,Nhà mặt tiền,3.8m,18.9m,Đông,1.0,1.0,2.0,73.30m²,71.20m²,6m,,
3STWJQ,"đường số 7A, P.Bình Trị Đông B, Q.Bình Tân, TP.HCM",15500000.0,163.15,Nhà mặt tiền,5m,19m,Nam,3.0,4.0,3.0,95m²,217.50m²,14m,,
RP1FAJ,"Cô Giang, P.1, Q.Phú Nhuận, TP.HCM",9950000.0,254.47,Nhà mặt tiền,2.89m,11.99m,Đông Nam,8.0,5.0,5.0,39.10m²,183.30m²,8.15m,,
81GK3A,"đường Số 14, P.An Lạc A, Q.Bình Tân, TP.HCM",8500000.0,163.46,Nhà mặt tiền,4m,17m,Tây,4.0,3.0,4.0,52m²,172m²,,,
E0WW64,"đường số 14A, P.Bình Hưng Hoà A, Q.Bình Tân, TP.HCM",4750000.0,74.1,Nhà mặt tiền,3.98m,16.04m,Đông Nam,2.0,2.0,2.0,64.10m²,51.80m²,5m,,
KF91PC,"234-236 Hoàng Văn Thụ, P.4, Q.Tân Bình, TP.HCM",22000000.0,233.62,Nhà mặt tiền,5.93m,16.45m,Đông Nam,5.0,4.0,4.0,94.17m²,,,,
QAYYBU,"45 Cô Giang, P.1, Q.Phú Nhuận, TP.HCM",14500000.0,317.98,Nhà mặt tiền,3.1m,14.8m,Đông Nam,4.0,5.0,5.0,45.60m²,161m²,8m,,
KFE7SC,"đường số 21, P.Bình Hưng Hoà A, Q.Bình Tân, TP.HCM",5600000.0,216.21,Nhà mặt tiền,4m,13.26m,Tây Nam,4.0,2.0,4.0,25.90m²,111.70m²,5.78m,,
PN2FVG,"675P2 Đoàn Văn Bơ, P.18, Q.4, TP.HCM",5250000.0,169.9,Nhà mặt tiền,4.28m,8.3m,Tây Nam,4.0,3.0,3.0,30.90m²,92.70m²,3.41m,,
5DURG7,"58D Gò Dưa, P.Tam Bình, TP.Thủ Đức, TP.HCM",13000000.0,115.65,Nhà mặt tiền,4.5m,26.89m,Tây Bắc,2.0,1.0,1.0,112.40m²,112.40m²,8m,,
1QSCC6,"202 Lê Văn Sỹ, P.10, Q.Phú Nhuận, TP.HCM",28800000.0,296.6,Nhà mặt tiền,4.01m,22.21m,Tây Nam,4.0,4.0,3.0,97.10m²,219.49m²,20m,,
4R66PF,"193 - 195 Lê Tấn Bê, P.An Lạc, Q.Bình Tân, TP.HCM",29000000.0,93.33,Nhà mặt tiền,10.52m,29.06m,Tây,10.0,6.0,1.0,310.70m²,,12m,,
5YRYV7,"Một phần nhà 63 Bình Phú, P.Tam Phú, TP.Thủ Đức, TP.HCM",6900000.0,111.47,Nhà mặt tiền,4.09m,15.68m,Đông Bắc,1.0,1.0,2.0,61.90m²,,8m,,
6TU38Y,"Đường Bà Huyện Thanh Quan, P.Võ Thị Sáu, Q.3, TP.HCM",205000000.0,921.96,Nhà mặt tiền,8m,26m,Đông Bắc,2.0,2.0,2.0,222.35m²,457.70m²,15m,Cơ bản,
ACW99Y,"33 đường DC7, P.Sơn Kỳ, Q.Tân Phú, TP.HCM",9250000.0,165.17,Nhà mặt tiền,4m,14m,Đông Nam,4.0,3.0,4.0,56m²,166.20m²,,,
UYU1KS,"71 Nguyễn Cửu Đàm, P.Tân Sơn Nhì, Q.Tân Phú, TP.HCM",32000000.0,352.03,Nhà mặt tiền,4.5m,19.9m,Đông Bắc,3.0,2.0,2.0,90.90m²,,20m,Cơ bản,
Y4J5PD,"171 Đỗ Pháp Thuận, P.An Khánh, TP.Thủ Đức, TP.HCM",90000000.0,281.25,Nhà mặt tiền,16m,20m,Đông Nam,5.0,5.0,3.0,320m²,716m²,8m,Đầy đủ,
1UVA46,"32 đường số 4, P.7, Q.Gò Vấp, TP.HCM",16500000.0,171.87,Nhà mặt tiền,8m,17.94m,Tây Bắc,3.0,2.0,3.0,96m²,203.20m²,5.4m,,
9T4A6P,"86 đường số 8, P.Bình Hưng Hoà A, Q.Bình Tân, TP.HCM",10800000.0,155.39,Nhà mặt tiền,4.02m,17.1m,Tây,6.0,8.0,5.0,69.50m²,255.80m²,8m,,Sổ riêng
DE0PWH,"216 Thạnh Lộc 31, P.An Phú Đông, Q.12, TP.HCM",7500000.0,143.95,Nhà mặt tiền,4m,13.09m,Tây Nam,4.0,5.0,5.0,52.10m²,186.20m²,10m,,
CWJ3TB,"32 đường số  3B, P.Bình Hưng Hoà A, Q.Bình Tân, TP.HCM",5350000.0,112.86,Nhà mặt tiền,3.73m,12.73m,Tây,3.0,2.0,3.0,47.40m²,,7m,,
2MXHNZ,"179 đường số 3, P.Bình Hưng Hòa, Q.Bình Tân, TP.HCM",10800000.0,191.82,Nhà mặt tiền,4m,14.15m,Tây Nam,3.0,3.0,3.0,56.30m²,161.70m²,10m,,
SDYK35,"76 Nguyễn Văn Vỹ, P.12, Q.Tân Bình, TP.HCM",5450000.0,150.13,Nhà mặt tiền,3m,9.1m,Đông,3.0,3.0,3.0,36.30m²,55.30m²,,,
35GBJQ,"Duy Tân, P.15, Q.Phú Nhuận, TP.HCM",3680000.0,219.04,Nhà mặt tiền,3.35m,5.1m,Đông Nam,2.0,1.0,2.0,16.80m²,33.60m²,6m,,
Q74WEU,"626 Lê Trọng Tấn, P.Bình Hưng Hòa, Q.Bình Tân, TP.HCM",16000000.0,149.95,Nhà mặt tiền,5m,21.67m,Tây Nam,3.0,3.0,3.0,106.70m²,219.20m²,30m,,Sổ riêng
5DRD67,"71 Tân Hiệp 9, TT.Hóc Môn, H.Hóc Môn, TP.HCM",9600000.0,38.4,Nhà mặt tiền,8.3m,30m,Tây Bắc,1.0,1.0,2.0,250m²,,13m,,
2X17JZ,"79 Nguyễn Văn Công, P.3, Q.Gò Vấp, TP.HCM",14200000.0,237.45,Nhà mặt tiền,4.03m,15.06m,Tây Bắc,9.0,9.0,5.0,59.80m²,212.20m²,8m,,
W9PQER,"159 Lương Ngọc Quyến, P.5, Q.Gò Vấp, TP.HCM",2480000.0,103.33,Nhà mặt tiền,4m,6.55m,Tây Bắc,1.0,1.0,2.0,24m²,,3m,,
5YVFT7,"126 Thân Nhân Trung, P.13, Q.Tân Bình, TP.HCM",13700000.0,250.0,Nhà mặt tiền,4.12m,13.23m,Tây Bắc,4.0,4.0,4.0,54.50m²,183.23m²,8m,Cơ bản,
PN4WAG,"437 Âu Cơ, P.Phú Trung, Q.Tân Phú, TP.HCM",7300000.0,150.2,Nhà mặt tiền,2.8m,22.9m,Đông Bắc,2.0,1.0,2.0,48.60m²,84.60m²,10m,,
1UUDK6,"650 Hà Huy Giáp, P.Thạnh Lộc, Q.12, TP.HCM",6800000.0,101.82,Nhà mặt tiền,3.5m,19.08m,Tây Bắc,2.0,2.0,1.0,66.78m²,,,,
EBBX4W,"đường An Dương Vương, P.An Lạc, Q.Bình Tân, TP.HCM",48000000.0,104.85,Nhà mặt tiền,9.03m,58.66m,Đông,1.0,1.0,1.0,438m²,,,,
5H0QP7,"42 Tân Thới Nhất 1, P.Tân Thới Nhất, Q.12, TP.HCM",7500000.0,170.84,Nhà mặt tiền,4m,22m,Tây Bắc,1.0,1.0,1.0,43.90m²,43.90m²,,,
37CSTQ,"21 đường số 1, P.10, Q.Tân Bình, TP.HCM",7790000.0,187.71,Nhà mặt tiền,3.74m,11.16m,Tây Bắc,3.0,2.0,2.0,41.50m²,83m²,10m,,
37DGKQ,"39 Nguyễn Văn Yến, P.Tân Thới Hòa, Q.Tân Phú, TP.HCM",8800000.0,87.12,Nhà mặt tiền,4.05m,18m,Nam,2.0,2.0,2.0,101m²,98.82m²,,,
J2ZCR0,"136 Đinh Tiên Hoàng, P.Đa Kao, Q.1, TP.HCM",18900000.0,465.51,Nhà mặt tiền,3m,13.6m,Tây Nam,9.0,2.0,4.0,40.60m²,98.40m²,20m,,
YCJNYD,"290 Phú Thọ Hoà, P.Phú Thọ Hòa, Q.Tân Phú, TP.HCM",18000000.0,220.23,Nhà mặt tiền,4m,21.1m,Tây Nam,6.0,4.0,4.0,84.70m²,265.50m²,12m,,
U784MS,"122 Nguyễn Hữu Tiến, P.Tây Thạnh, Q.Tân Phú, TP.HCM",13500000.0,179.04,Nhà mặt tiền,4.05m,18.61m,Tây Nam,5.0,4.0,5.0,75.40m²,325.90m²,12m,,
EJF0Q4,"149 Âu Dương Lân, P.Rạch Ông, Q.8, TP.HCM",7380000.0,279.54,Nhà mặt tiền,2.93m,9.25m,Tây Bắc,4.0,3.0,4.0,26.40m²,25.80m²,8m,,
PX1JNG,"14 đường số 223, Xã Bình Mỹ, H.Củ Chi, TP.HCM",6050000.0,45.55,Nhà mặt tiền,7.08m,19.98m,Đông Nam,4.0,6.0,4.0,132.80m²,,7m,Đầy đủ,
37REVQ,"100 Võ Thị Phải, P.Thới An, Q.12, TP.HCM",7900000.0,65.61,Nhà mặt tiền,5.4m,31.57m,Tây Bắc,6.0,6.0,1.0,120.40m²,,12m,,
5HHBC7,"156A Nguyễn Súy, P.Tân Quý, Q.Tân Phú, TP.HCM",10900000.0,219.71,Nhà mặt tiền,3.9m,12.7m,Tây Bắc,4.0,5.0,5.0,49.61m²,195.12m²,12m,,
85SDN3,"215A Phùng Văn Cung, P.4, Q.Phú Nhuận, TP.HCM",18000000.0,346.15,Nhà mặt tiền,4.65m,11.05m,Đông Bắc,4.0,6.0,6.0,50.80m²,,7.25m,,
3SNN6Q,"136 Nguyễn Hữu Tiến, P.Tây Thạnh, Q.Tân Phú, TP.HCM",10500000.0,141.89,Nhà mặt tiền,3.1m,23.73m,Tây Nam,5.0,5.0,6.0,74m²,400.40m²,15m,,
3SPAWQ,"100 Thiên Phước, P.9, Q.Tân Bình, TP.HCM",15600000.0,256.15,Nhà mặt tiền,4.2m,12.8m,Đông Nam,3.0,4.0,4.0,60.90m²,199.47m²,15m,Đầy đủ,
4MJKF5,"Liên Khu 1-6, P.Bình Trị Đông, Q.Bình Tân, TP.HCM",8400000.0,126.47,Nhà mặt tiền,4m,17m,Tây,4.0,3.0,5.0,68m²,190.90m²,5m,Cơ bản,
0Z50F9,"79 đường số 5, P.Bình Chiểu, TP.Thủ Đức, TP.HCM",12000000.0,69.0,Nhà mặt tiền,10m,20m,Đông Bắc,3.0,3.0,1.0,173.90m²,126.90m²,,,
5HRBS7,"157 đường số 6, P.Bình Hưng Hoà B, Q.Bình Tân, TP.HCM",8500000.0,91.49,Nhà mặt tiền,4.13m,24.18m,Bắc,9.0,9.0,6.0,92.90m²,385.95m²,12m,,
6SKKQ8,"39L Hiệp Thành 06, P.Hiệp Thành, Q.12, TP.HCM",6850000.0,68.36,Nhà mặt tiền,5.15m,19.45m,Tây Bắc,1.0,1.0,1.0,100.20m²,78.30m²,10m,,
SDC1W5,"14A đường số 5A, P.Bình Hưng Hoà A, Q.Bình Tân, TP.HCM",8900000.0,165.12,Nhà mặt tiền,4.48m,15.82m,Tây,4.0,5.0,5.0,53.90m²,225.80m²,5.31m,,
YBCW7D,"155 Nguyễn Lộ Trạch, P.Tân Quý, Q.Tân Phú, TP.HCM",11000000.0,145.69,Nhà mặt tiền,5.53m,12.17m,Đông,4.0,3.0,3.0,75.50m²,159.30m²,5.18m,,
1QYFC6,"đường Số 2, P.16, Q.Gò Vấp, TP.HCM",7900000.0,168.44,Nhà mặt tiền,3.9m,18.05m,Tây Bắc,2.0,2.0,2.0,46.90m²,93.30m²,4.3m,,
8UMST3,"đường 26/3, P.Bình Hưng Hòa, Q.Bình Tân, TP.HCM",12200000.0,107.29,Nhà mặt tiền,4.04m,28.34m,Đông Nam,2.0,1.0,2.0,113.70m²,,6m,,
Q5ZNBU,"1 đường số 3, P.Tân Tạo A, Q.Bình Tân, TP.HCM",6700000.0,67.06,Nhà mặt tiền,8m,13.54m,Tây,6.0,6.0,2.0,99.90m²,,4.75m,,
1QD4H6,"24 đường số 10, P.Bình Thuận, Q.7, TP.HCM",31500000.0,157.5,Nhà mặt tiền,8.8m,25.02m,Nam,2.0,2.0,2.0,200m²,277.70m²,16m,,Sổ riêng
YCBX4D,"26 Lý Thường Kiệt, P.6, Q.10, TP.HCM",32500000.0,514.24,Nhà mặt tiền,3.8m,17.04m,Tây Nam,8.0,6.0,6.0,63.20m²,360.40m²,15m,,
UAVU9S,"98 Nguyễn Du, P.7, Q.Gò Vấp, TP.HCM",18500000.0,163.86,Nhà mặt tiền,4.18m,27.3m,Tây Nam,11.0,11.0,6.0,112.90m²,414.90m²,10m,,
6QX408,"375 Nguyễn Sơn, P.Phú Thạnh, Q.Tân Phú, TP.HCM",7300000.0,154.33,Nhà mặt tiền,3.9m,13.3m,Bắc,2.0,2.0,3.0,47.30m²,121.60m²,24m,,
GUKH2N,"đường 275, P.Hiệp Phú, TP.Thủ Đức, TP.HCM",6800000.0,90.06,Nhà mặt tiền,5.7m,17.5m,Tây Nam,3.0,2.0,1.0,75.50m²,68.40m²,4.7m,Cơ bản,
AC6G7Y,"342 Lê Văn Sỹ, P.2, Q.Tân Bình, TP.HCM",79000000.0,284.67,Nhà mặt tiền,6.5m,34.7m,Nam,3.0,1.0,2.0,277.51m²,192.57m²,,,
5HAFR7,"5 Vũ Chí Hiếu, P.13, Q.5, TP.HCM",21000000.0,476.19,Nhà mặt tiền,3.9m,13.3m,Bắc,3.0,2.0,3.0,44.10m²,80.40m²,12m,,
UH12MS,"Thống Nhất, P.16, Q.Gò Vấp, TP.HCM",7800000.0,162.5,Nhà mặt tiền,8m,6m,Đông,3.0,4.0,4.0,48m²,,,,
YBHWYD,"2 đường số 19, Thạnh Mỹ Lợi, Q.2, TP.HCM",9500000.0,78.18,Nhà mặt tiền,7.04m,16m,Nam,2.0,1.0,1.0,121.50m²,94.38m²,6m,,Sổ riêng
5H6MS7,"đường số 10, P.Bình Hưng Hoà A, Q.Bình Tân, TP.HCM",9500000.0,115.99,Nhà mặt tiền,7.98m,13.43m,Đông Nam,4.0,4.0,2.0,81.90m²,173m²,5.19m,,Sổ riêng
QAPQTU,"Hương Lộ 2, P.Bình Trị Đông, Q.Bình Tân, TP.HCM",13900000.0,127.52,Nhà mặt tiền,3.95m,41.99m,Tây Nam,5.0,5.0,4.0,109m²,292.90m²,12m,,
37U4DQ,"94B1 Phùng Văn Cung, P.7, Q.Phú Nhuận, TP.HCM",26500000.0,350.06,Nhà mặt tiền,4.56m,17.1m,Tây Nam,11.0,11.0,7.0,75.70m²,,,,
8SY2Q3,"498 Mã Lò, P.Bình Hưng Hoà A, Q.Bình Tân, TP.HCM",14500000.0,172.82,Nhà mặt tiền,4.01m,25m,Tây Nam,4.0,3.0,2.0,83.90m²,132m²,9m,,Sổ riêng
9T709P,"10F Nguyễn Thị Thơi, P.Hiệp Thành, Q.12, TP.HCM",9800000.0,122.34,Nhà mặt tiền,4.1m,25m,Tây Bắc,2.0,2.0,1.0,80.10m²,77.10m²,,,
CWE5QB,"29 Nguyễn Phúc Nguyên, P.10, Q.3, TP.HCM",7500000.0,438.59,Nhà mặt tiền,3.43m,5.06m,Đông,4.0,5.0,5.0,17.10m²,,2.85m,,
J2VUS0,"6 đường số 20, P.Bình Hưng Hoà A, Q.Bình Tân, TP.HCM",5450000.0,95.95,Nhà mặt tiền,4.02m,13.95m,Tây Bắc,2.0,2.0,2.0,56.80m²,75.50m²,8m,,
PT9Y2G,"64 Nguyễn Súy, P.Tân Quý, Q.Tân Phú, TP.HCM",15800000.0,217.03,Nhà mặt tiền,4m,18.2m,Tây Bắc,5.0,6.0,4.0,72.80m²,243.80m²,10m,,
YK336D,"172A Lê Sát, P.Tân Quý, Q.Tân Phú, TP.HCM",6400000.0,198.14,Nhà mặt tiền,3.3m,12m,Tây,2.0,2.0,2.0,32.30m²,64.70m²,10m,,
5YVMS7,"340 đường Huỳnh Văn Bánh, P.10, Q.Phú Nhuận, TP.HCM",17000000.0,366.66,Nhà mặt tiền,4.75m,9.3m,Nam,3.0,3.0,5.0,38.60m²,141.20m²,,,
85N6N3,"10 đường TK8, Xã Bà Điểm, H.Hóc Môn, TP.HCM",7900000.0,79.0,Nhà mặt tiền,5m,20m,Tây Bắc,2.0,2.0,3.0,100m²,103m²,12m,,
E9WMC4,"667 Tân Sơn, P.12, Q.Gò Vấp, TP.HCM",13900000.0,217.18,Nhà mặt tiền,4.2m,16m,Tây Bắc,4.0,6.0,5.0,64m²,,10m,Đầy đủ,
EJTWP4,"232 Phạm Ngũ Lão, P.7, Q.Gò Vấp, TP.HCM",7350000.0,165.16,Nhà mặt tiền,3.5m,12.73m,Tây Nam,2.0,1.0,2.0,44.50m²,63.80m²,,,
4J0V8F,"108 đường số 3, P.9, Q.Gò Vấp, TP.HCM",8199999.999999999,223.43,Nhà mặt tiền,4.15m,14m,Tây Bắc,2.0,3.0,4.0,36.70m²,118.60m²,5.2m,,
6QT5C8,"đường số 19, P.Bình Trị Đông B, Q.Bình Tân, TP.HCM",15700000.0,174.44,Nhà mặt tiền,4.5m,20m,Nam,4.0,4.0,4.0,90m²,244.80m²,16m,,Sổ riêng
2MS17Z,"124 Lê Niệm, P.Phú Thạnh, Q.Tân Phú, TP.HCM",10500000.0,116.15,Nhà mặt tiền,6.05m,14.95m,Nam,1.0,1.0,1.0,90.40m²,77.40m²,12m,,
0G1FW9,"47-47A đường Lý Chiêu Hoàng, P.10, Q.6, TP.HCM",33500000.0,107.47,Nhà mặt tiền,7.98m,38m,Đông Bắc,5.0,5.0,5.0,277.40m²,634.30m²,24m,Cơ bản,
7KRMEA,"177 đường CN 11, P.Sơn Kỳ, Q.Tân Phú, TP.HCM",8300000.000000001,139.96,Nhà mặt tiền,4m,14.7m,Đông Nam,2.0,2.0,2.0,59.30m²,127m²,15.5m,,
AC4BBY,"205 Thoại Ngọc Hầu, P.Phú Thạnh, Q.Tân Phú, TP.HCM",38000000.0,198.84,Nhà mặt tiền,7.1m,28.5m,Đông Bắc,45.0,45.0,8.0,191.10m²,,15m,,Sổ riêng
Q56BZU,"241 Dương Quảng Hàm, P.6, Q.Gò Vấp, TP.HCM",14000000.0,253.16,Nhà mặt tiền,3.6m,15.17m,Đông Bắc,3.0,3.0,4.0,55.30m²,207.20m²,20m,,
7D03DA,"28H đường số 9A, P.Bình Hưng Hoà A, Q.Bình Tân, TP.HCM",8400000.0,97.44,Nhà mặt tiền,4m,22m,Đông Nam,6.0,4.0,3.0,86.20m²,186m²,6m,,
7EQKDA,"Huỳnh Tấn Phát, P.Phú Thuận, Q.7, TP.HCM",12600000.0,80.76,Nhà mặt tiền,4m,16m,Nam,3.0,3.0,2.0,156m²,66.20m²,10m,Đầy đủ,
7K729A,"87R Lê Văn Duyệt, P.1, Q.Bình Thạnh, TP.HCM",8180000.0,183.82,Nhà mặt tiền,2.13m,14.37m,Đông,3.0,3.0,3.0,44.50m²,95.90m²,15m,,Sổ riêng
1UPDZ6,"9B Vườn Lài nối dài, P.An Phú Đông, Q.12, TP.HCM",9800000.0,119.95,Nhà mặt tiền,4.6m,36.95m,Đông Bắc,4.0,2.0,2.0,81.70m²,163.40m²,10m,,
7HSJKA,"55 đường số 17B, P.Bình Hưng Hòa, Q.Bình Tân, TP.HCM",11800000.0,112.38,Nhà mặt tiền,5m,21m,Tây Bắc,4.0,5.0,4.0,105m²,265.20m²,8m,,
GNCFY2,"1A Đường Thạch Thị Thanh, P.Tân Định, Q.1, TP.HCM",42000000.0,551.18,Nhà mặt tiền,7.1m,18.88m,Đông Bắc,7.0,7.0,5.0,76.20m²,,8m,,
Q7AQJU,"F12, đường Số 30, P.9, Q.4, TP.HCM",10500000.0,328.12,Nhà mặt tiền,4m,8.15m,Đông Bắc,5.0,3.0,5.0,32m²,133.70m²,12m,,Sổ riêng
2NP7NZ,"Phan Văn Hớn, P.Tân Thới Nhất, Q.12, TP.HCM",13500000.0,102.27,Nhà mặt tiền,3.95m,24m,Bắc,3.0,3.0,3.0,132m²,,10m,,
Q51A6U,"18 Đỗ Đức Dục, P.Phú Thọ Hòa, Q.Tân Phú, TP.HCM",8600000.0,120.9,Nhà mặt tiền,5.25m,14.1m,Tây Bắc,3.0,2.0,2.0,71.13m²,90.16m²,8m,,
SDPUC5,"2/78B Bùi Thị Lùng, Xã Thới Tam Thôn, H.Hóc Môn, TP.HCM",5500000.0,78.23,Nhà mặt tiền,5.33m,12.42m,Tây Bắc,2.0,1.0,1.0,70.30m²,48.90m²,10m,,
QACV1U,"A24 Khu dân cư Tạ Thị Ngọc Thảo Hoàng Quốc Việt, P.Phú Thuận, Q.7, TP.HCM",15800000.0,197.5,Nhà mặt tiền,5m,16m,Tây Nam,5.0,6.0,5.0,80m²,261.10m²,8m,,
5H4A67,"265A1 Nguyễn Văn Đậu, P.11, Q.Bình Thạnh, TP.HCM",12500000.0,217.39,Nhà mặt tiền,4.3m,16.17m,Đông Nam,7.0,6.0,6.0,57.50m²,226.10m²,,,
SD7625,"255 Huỳnh Văn Bánh, P.11, Q.Phú Nhuận, TP.HCM",16800000.0,391.6,Nhà mặt tiền,3m,14.3m,Bắc,4.0,4.0,3.0,42.90m²,128.70m²,,,
357S1Q,"67 đường Số 44, P.14, Q.Gò Vấp, TP.HCM",12900000.0,168.18,Nhà mặt tiền,4m,26m,Đông Bắc,6.0,4.0,3.0,76.70m²,210.50m²,6m,,
Q75ZKU,"1504 Trường Sa, P.3, Q.Tân Bình, TP.HCM",10550000.0,432.37,Nhà mặt tiền,4.4m,6.67m,Nam,3.0,3.0,4.0,24.40m²,82.30m²,10m,Cơ bản,
Q5Q5TU,"Bắc Hải, P.6, Q.Tân Bình, TP.HCM",10700000.0,356.66,Nhà mặt tiền,2.9m,20m,Đông Nam,2.0,2.0,2.0,30m²,72.40m²,5m,Cơ bản,
5HCDS7,"62 Thạnh Lộc 15, P.Thạnh Lộc, Q.12, TP.HCM",7500000.0,125.2,Nhà mặt tiền,5m,12m,Đông Bắc,6.0,6.0,5.0,59.90m²,248.60m²,,,
PNAVXG,"560 Phạm Văn Chiêu, P.16, Q.Gò Vấp, TP.HCM",13900000.0,232.83,Nhà mặt tiền,3.82m,22.47m,Bắc,6.0,7.0,5.0,59.70m²,241.70m²,,,
PT8AKG,"99A Trần Văn Đang, P.9, Q.3, TP.HCM",3580000.0,246.89,Nhà mặt tiền,2.39m,6.38m,Bắc,3.0,4.0,4.0,14.50m²,14.50m²,4.35m,,
U7J8XS,"141 đường số 6, P.Bình Trưng Tây, TP.Thủ Đức, TP.HCM",31000000.0,96.0,Nhà mặt tiền,9.8m,33m,Đông,1.0,1.0,1.0,322.90m²,322.90m²,,Cơ bản,Sổ riêng
6SHFY8,"125 Huỳnh Văn Bánh, P.15, Q.Phú Nhuận, TP.HCM",11100000.0,458.67,Nhà mặt tiền,3.9m,6.3m,Tây Bắc,8.0,4.0,5.0,24.20m²,94.40m²,,,
6U7T98,"Hồng Hà, P.2, Q.Tân Bình, TP.HCM",12900000.0,490.49,Nhà mặt tiền,5.5m,5.1m,Nam,4.0,5.0,5.0,26.30m²,92.70m²,20m,,
GT0HT2,"Phạm Phú Thứ, P.11, Q.Tân Bình, TP.HCM",28000000.0,238.39,Nhà mặt tiền,4.05m,29m,Đông Bắc,13.0,13.0,5.0,117.45m²,447.64m²,10m,,
AHR31Y,"- 34 Cống Hộp Rạch Bùng Binh, P.10, Q.3, TP.HCM",15000000.0,495.04,Nhà mặt tiền,7m,5.8m,Tây Bắc,1.0,2.0,3.0,30.30m²,61.60m²,10m,,
1UDQ16,"Tam Đông 11, Xã Thới Tam Thôn, H.Hóc Môn, TP.HCM",3500000.0,73.37,Nhà mặt tiền,5.6m,19.36m,Đông,2.0,1.0,1.0,47.70m²,32.50m²,6m,,Sổ riêng
W9EUGR,"138-138A Đường Lê Lai, P.Phạm Ngũ Lão, Q.1, TP.HCM",450000000.0,998.66,Nhà mặt tiền,12.85m,31.37m,Nam,1.0,3.0,3.0,450.60m²,393m²,,,
Q701GU,"46 đường số 4, P.11, Q.Gò Vấp, TP.HCM",8800000.0,185.26,Nhà mặt tiền,3.5m,15.63m,Tây Bắc,3.0,4.0,4.0,47.50m²,118.60m²,4.11m,,
AHS01Y,"đường số 12, P.Bình Hưng Hòa, Q.Bình Tân, TP.HCM",7150000.0,123.06,Nhà mặt tiền,4.43m,13.17m,Đông Bắc,3.0,5.0,2.0,58.10m²,118.90m²,10m,,
CFZV4B,"11 Đỗ Thị Tâm, P.Tân Quý, Q.Tân Phú, TP.HCM",6300000.0,108.62,Nhà mặt tiền,3.95m,14.8m,Đông,3.0,2.0,2.0,58m²,,8m,,Sổ riêng
37Y51Q,"177 Phạm Văn Đồng, P.1, Q.Gò Vấp, TP.HCM",12300000.0,247.48,Nhà mặt tiền,3.96m,16.48m,Đông Nam,5.0,3.0,4.0,49.70m²,170.90m²,,,
CW4U6B,"453 Nguyễn Văn Khối, P.12, Q.Gò Vấp, TP.HCM",35500000.0,185.66,Nhà mặt tiền,8.03m,26.45m,Đông Bắc,1.0,1.0,2.0,191.20m²,155.34m²,7.82m,,
U73BTS,"48 Nguyễn Văn Lượng, P.17, Q.Gò Vấp, TP.HCM",12000000.0,335.19,Nhà mặt tiền,3.5m,12.7m,Nam,4.0,5.0,4.0,35.80m²,105.90m²,18m,,
2MDJPZ,"485/2 Lê Trọng Mân, TT.Cần Thạnh, H.Cần Giờ, TP.HCM",6800000.0,70.1,Nhà mặt tiền,6m,17.95m,Đông Nam,3.0,2.0,2.0,97m²,,10m,,
7D6WBA,"57 đường số 35, P.Hiệp Bình Chánh, TP.Thủ Đức, TP.HCM",8189999.999999999,109.2,Nhà mặt tiền,7.94m,9.49m,Đông Bắc,4.0,3.0,3.0,75m²,141.19m²,4m,,
02ERS9,"Nam Kỳ Khởi Nghĩa, P.Võ Thị Sáu, Q.3, TP.HCM",11000000.0,692.44,Nhà mặt tiền,2.45m,7.2m,Đông,3.0,4.0,5.0,17.20m²,86.40m²,,,
UAMPYS,"Diệp Minh Châu, P.Tân Sơn Nhì, Q.Tân Phú, TP.HCM",13000000.0,144.28,Nhà mặt tiền,4.43m,24.15m,Tây Bắc,2.0,2.0,2.0,90.10m²,121.80m²,20m,,
AKXM4Y,"105/12 Đường TL 37, P.Thạnh Lộc, Q.12, TP.HCM",2750000.0,58.76,Nhà mặt tiền,2.68m,16.23m,Tây Bắc,1.0,1.0,1.0,46.80m²,,4.78m,,
W9F72R,"7 đường số 16, Xã Phong Phú, H.Bình Chánh, TP.HCM",11500000.0,94.41,Nhà mặt tiền,6.99m,19m,Bắc,9.0,9.0,6.0,121.80m²,361.20m²,,,
CYSSBC,"Huỳnh Tấn Phát, P.Phú Mỹ, Q.7, TP.HCM",18500000.0,85.71,Nhà mặt tiền,7.47m,30.64m,Tây,1.0,1.0,2.0,82.60m²,122.80m²,15m,,
AFG0FY,"9 đường số 37, P.4, Q.4, TP.HCM",15800000.0,303.84,Nhà mặt tiền,5.3m,10.5m,Tây Nam,6.0,5.0,4.0,52m²,,,,
U73NAS,"432 Trần Văn Giàu, P.Tân Tạo, Q.Bình Tân, TP.HCM",11500000.0,141.97,Nhà mặt tiền,4.5m,18m,Nam,1.0,1.0,1.0,81m²,81m²,,,Sổ riêng
U72F2S,"16 đường số 4, Xã Phước Lộc, H.Nhà Bè, TP.HCM",14500000.0,109.84,Nhà mặt tiền,11m,12m,Đông Nam,4.0,4.0,3.0,132m²,219.20m²,14m,Đầy đủ,
3YN42Q,"16 Nguyễn Thị Tươi, Tân Bình, Dĩ An, TP.HCM",2850000.0,48.3,Nhà mặt tiền,4.4m,,,2.0,2.0,1.0,,59m²,,,
ABBGXY,"2 đường số 23, Xã Phú Xuân, H.Nhà Bè, TP.HCM",15000000.0,89.55,Nhà mặt tiền,9m,20m,Đông Nam,4.0,3.0,3.0,167.50m²,252m²,10m,Đầy đủ,
8S5S03,"đường số 14, P.Bình Hưng Hoà A, Q.Bình Tân, TP.HCM",18800000.0,94.0,Nhà mặt tiền,8m,25.03m,Tây,1.0,2.0,2.0,200m²,284.80m²,12m,,
SAM225,"43 đường số 149A, P.Long Trường, TP.Thủ Đức, TP.HCM",8199999.999999999,82.0,Nhà mặt tiền,5m,20m,Nam,4.0,4.0,3.0,100m²,225m²,12m,,Sổ riêng
2GM4ZN,"Quốc Lộ 13, P.Hiệp Bình Phước, TP.Thủ Đức, TP.HCM",31500000.0,203.35,Nhà mặt tiền,6m,41.18m,Tây Nam,9.0,8.0,4.0,154.90m²,101.50m²,20m,,
JGF8E0,"60 Nguyên Hồng, P.1, Q.Gò Vấp, TP.HCM",6200000.0,140.9,Nhà mặt tiền,2.81m,12.89m,Tây Bắc,2.0,2.0,2.0,44m²,68.52m²,5.03m,,
4JNKAF,"66 đường số 18, P.Bình Hưng Hòa, Q.Bình Tân, TP.HCM",8600000.0,109.97,Nhà mặt tiền,4.03m,19.66m,Đông Bắc,2.0,2.0,1.0,78.20m²,,8m,,
6UBZ58,"Nguyễn Ngọc Nhựt, P.Tân Quý, Q.Tân Phú, TP.HCM",34000000.0,279.83,Nhà mặt tiền,8.02m,19.04m,Tây,24.0,24.0,7.0,121.50m²,869.60m²,8.1m,Đầy đủ,
49PM6F,"6 đường số 1, Xã Bình Hưng, H.Bình Chánh, TP.HCM",40000000.0,121.21,Nhà mặt tiền,15m,22m,Đông Nam,5.0,4.0,4.0,330m²,330m²,20m,Đầy đủ,
RP03UJ,"62 Nguyễn Quang Diêu, P.Tân Quý, Q.Tân Phú, TP.HCM",2100000.0,250.0,Nhà mặt tiền,2.54m,3.3m,Nam,1.0,1.0,2.0,8.40m²,19.80m²,10m,,
2134XZ,"49 Nguyễn Hữu Dật, P.Tây Thạnh, Q.Tân Phú, TP.HCM",10200000.0,127.15,Nhà mặt tiền,4m,20.3m,Đông,2.0,1.0,1.0,80.22m²,50.62m²,16m,,
AK5UEY,"23 Kênh Nước Đen, P.Tân Thành, Q.Tân Phú, TP.HCM",11900000.0,169.75,Nhà mặt tiền,5.74m,12.86m,Tây,4.0,3.0,3.0,70.10m²,187.30m²,,,
9T6B9P,"123 đường số 320 Bông Sao, P.5, Q.8, TP.HCM",11600000.0,181.25,Nhà mặt tiền,4m,16m,Bắc,5.0,6.0,4.0,64m²,207.30m²,10m,,
1QRHM6,"Bùi Văn Thêm, P.9, Q.Phú Nhuận, TP.HCM",25500000.0,314.03,Nhà mặt tiền,5.45m,17.13m,Đông Bắc,4.0,5.0,5.0,81.20m²,360.20m²,12m,,
QV1KUQ,"Lê Văn Khương, P.Hiệp Thành, Q.12, TP.HCM",14500000.0,143.56,Nhà mặt tiền,5m,20m,Bắc,8.0,8.0,6.0,101m²,,5m,,
YQCYD6,"5 Phan Huy Ôn, P.19, Q.Bình Thạnh, TP.HCM",22800000.0,290.07,Nhà mặt tiền,4.07m,20.57m,Tây Bắc,5.0,4.0,4.0,78.60m²,308.40m²,14m,,
5HMB27,"36/7B Ấp Thới Tây 1, TT.Hóc Môn, H.Hóc Môn, TP.HCM",3950000.0,34.86,Nhà mặt tiền,4m,29.13m,Đông,2.0,1.0,1.0,113.30m²,65.70m²,,,
YQCYD6,"5 Phan Huy Ôn, P.19, Q.Bình Thạnh, TP.HCM",22800000.0,290.07,Nhà mặt tiền,4.07m,20.57m,Tây Bắc,5.0,4.0,4.0,78.60m²,308.40m²,14m,,
5HMB27,"36/7B Ấp Thới Tây 1, TT.Hóc Môn, H.Hóc Môn, TP.HCM",3950000.0,34.86,Nhà mặt tiền,4m,29.13m,Đông,2.0,1.0,1.0,113.30m²,65.70m²,,,
85NFD3,"40/12 Đường 38, P.Hiệp Bình, TP.Thủ Đức, TP.HCM",7800000.0,150.87,Nhà mặt tiền,3.91m,11.3m,Bắc,4.0,3.0,4.0,51.70m²,177.26m²,6m,,
SCF8F5,"Lê Thị Trung, An Phú, Thuận An, TP.HCM",7150000.0,71.5,Nhà mặt tiền,6m,,,5.0,4.0,2.0,,100m²,,,
0Z84F9,"31 Nguyễn Quý Anh, P.Tân Sơn Nhì, Q.Tân Phú, TP.HCM",10600000.0,179.35,Nhà mặt tiền,4m,14.78m,Tây Bắc,5.0,3.0,4.0,59.10m²,190.80m²,,Cơ bản,
PNRS2G,"22 đường số 14, P.Linh Đông, TP.Thủ Đức, TP.HCM",7500000.0,91.46,Nhà mặt tiền,4.7m,19.95m,Đông Nam,1.0,1.0,1.0,82m²,75.30m²,6.68m,,
UYZ5MS,"37 Lê Đình Thụ, P.Tân Thành, Q.Tân Phú, TP.HCM",11300000.0,200.35,Nhà mặt tiền,4m,14.1m,Đông,3.0,3.0,4.0,56.40m²,212.50m²,15m,,
8SUEV3,"132 đường số 6, P.Bình Chiểu, TP.Thủ Đức, TP.HCM",13500000.0,108.0,Nhà mặt tiền,5m,25m,Đông Bắc,5.0,6.0,4.0,125m²,276.40m²,24m,,
3SV36Q,"223 Phan Đình Phùng, P.15, Q.Phú Nhuận, TP.HCM",24500000.0,353.53,Nhà mặt tiền,3.4m,20.4m,Đông Bắc,4.0,5.0,6.0,69.30m²,300.90m²,20m,,Sổ riêng
AH1CMY,"157 đường số 4, P.Phước Bình, TP.Thủ Đức, TP.HCM",10650000.0,118.86,Nhà mặt tiền,4m,27.3m,Tây Bắc,2.0,1.0,1.0,89.60m²,42.90m²,8m,,
6QJ5K8,"30-32 đường số 31, P.10, Q.6, TP.HCM",23500000.0,182.59,Nhà mặt tiền,8m,15.7m,Tây,10.0,6.0,4.0,128.70m²,425.90m²,12m,,
UYA0MS,"406 Lê Quang Định, P.11, Q.Bình Thạnh, TP.HCM",16500000.0,291.51,Nhà mặt tiền,3.6m,19.8m,Tây Nam,9.0,9.0,6.0,56.60m²,279.50m²,15m,,
1QVFG6,"33 Lê Công Phép, P.An Lạc, Q.Bình Tân, TP.HCM",9800000.0,146.05,Nhà mặt tiền,4.4m,18.1m,Tây Bắc,4.0,5.0,4.0,67.10m²,208.20m²,8m,,
UAHXRS,"112 Ca Văn Thỉnh, P.13, Q.Tân Bình, TP.HCM",16900000.0,315.29,Nhà mặt tiền,4m,13.4m,Tây Nam,14.0,14.0,6.0,53.60m²,304.50m²,10m,,
W0C9DR,"124 Trần Thị Điệu, P.Phước Long B, TP.Thủ Đức, TP.HCM",10300000.0,121.31,Nhà mặt tiền,4.65m,22.44m,Nam,3.0,4.0,3.0,84.90m²,205.32m²,5m,,
GTQRJ2,"190/1C Quang Hùng 3, Xã Thới Tam Thôn, H.Hóc Môn, TP.HCM",4500000.0,56.32,Nhà mặt tiền,4m,20.05m,Đông Bắc,2.0,1.0,2.0,79.90m²,96.70m²,5m,,
37PRTQ,"86 đường số 17, P.Bình Chiểu, TP.Thủ Đức, TP.HCM",6600000.0,58.87,Nhà mặt tiền,4.1m,23.18m,Tây Nam,2.0,3.0,3.0,112.10m²,153.66m²,10m,,
JG6ZG0,"Trần Đại Nghĩa, P.Tân Tạo A, Q.Bình Tân, TP.HCM",15950000.0,0.0,Nhà mặt tiền,6.1m,22.6m,Tây Nam,2.0,2.0,2.0,63.30m²,115.30m²,10m,,Sổ riêng
AKN10Y,"Phùng Văn Cung, P.2, Q.Phú Nhuận, TP.HCM",11950000.0,267.93,Nhà mặt tiền,4.76m,10.55m,Đông Bắc,2.0,2.0,2.0,44.60m²,89.20m²,10m,,
U7PJMS,"1319 Lê Đức Thọ, P.15, Q.Gò Vấp, TP.HCM",12300000.0,188.65,Nhà mặt tiền,4.73m,13.33m,Đông Bắc,4.0,5.0,5.0,65.20m²,,30m,,Sổ riêng
7HN2TA,"Công Chúa Ngọc Hân, P.10, Q.11, TP.HCM",10000000.0,249.37,Nhà mặt tiền,3m,16.2m,Đông Bắc,5.0,4.0,4.0,40.10m²,146m²,10m,,
PZHB7G,"Lê Trọng Tấn, P.Bình Hưng Hòa, Q.Bình Tân, TP.HCM",18500000.0,310.4,Nhà mặt tiền,4.1m,38.65m,Đông Bắc,6.0,5.0,5.0,59.60m²,204.28m²,15m,,
9ZW0DP,"214 Nguyễn Thái Bình, P.12, Q.Tân Bình, TP.HCM",24500000.0,322.36,Nhà mặt tiền,5m,15.2m,Đông Nam,4.0,4.0,3.0,76m²,236m²,8m,,
5D94Q7,"Đường Nguyễn Hữu Cảnh, P.22, Q.Bình Thạnh, TP.HCM",11000000.0,310.73,Nhà mặt tiền,4.75m,12.05m,Đông Bắc,2.0,1.0,2.0,35.40m²,69.90m²,10m,Đầy đủ,
J2KYX0,"2012 Lê Văn Lương, Xã Nhơn Đức, H.Nhà Bè, TP.HCM",7900000.0,35.61,Nhà mặt tiền,7.83m,29.75m,Đông Nam,1.0,1.0,1.0,221.80m²,72.50m²,6m,,
UA3FVS,"54 Thới An 12, khu phố 3, P.Thới An, Q.12, TP.HCM",5100000.0,69.48,Nhà mặt tiền,4m,22.3m,Đông,2.0,1.0,1.0,73.40m²,54.80m²,4m,,
YCE2HD,"641 An Dương Vương, khu phố 14, P.Bình Trị Đông, Q.Bình Tân, TP.HCM",7150000.0,99.67,Nhà mặt tiền,5m,15m,Đông Nam,5.0,4.0,4.0,71.73m²,190m²,,,
2M03TZ,"39 Trần Thủ Độ, P.Phú Thạnh, Q.Tân Phú, TP.HCM",8500000.0,133.64,Nhà mặt tiền,3.95m,20.5m,Bắc,2.0,2.0,2.0,63.60m²,,12m,,
Q5647U,"72A Kênh Nước Đen, P.Bình Hưng Hoà A, Q.Bình Tân, TP.HCM",12500000.0,158.83,Nhà mặt tiền,10.49m,9.26m,Nam,3.0,5.0,4.0,78.70m²,202.60m²,10m,,
U76UUS,"Trần Bá Giao, P.5, Q.Gò Vấp, TP.HCM",14200000.0,167.65,Nhà mặt tiền,3.95m,21.66m,Tây,4.0,4.0,4.0,84.70m²,234.70m²,10m,,
SD4JQ5,"72A Hồ Văn Huê, P.9, Q.Phú Nhuận, TP.HCM",10200000.0,393.82,Nhà mặt tiền,3.45m,7.5m,Tây Bắc,2.0,3.0,3.0,25.90m²,72.50m²,10m,,
Q5AAGU,"67 đường số 359, P.Phước Long B, TP.Thủ Đức, TP.HCM",4800000.0,147.23,Nhà mặt tiền,4.05m,11.83m,Tây Nam,2.0,2.0,2.0,32.60m²,65.20m²,4m,Cơ bản,
6U6C78,"707 Tân Kỳ Tân Qúy, P.Bình Hưng Hoà A, Q.Bình Tân, TP.HCM",26000000.0,174.02,Nhà mặt tiền,5.81m,25.21m,Tây Bắc,1.0,1.0,2.0,149.40m²,168.20m²,10.5m,,
1UE0K6,"12 Đặng Minh Trứ, P.10, Q.Tân Bình, TP.HCM",8800000.0,162.96,Nhà mặt tiền,5.6m,14m,Tây Bắc,1.0,1.0,1.0,54m²,,,,Sổ riêng
02BS29,"Đường Gò Dầu, P.Tân Quý, Q.Tân Phú, TP.HCM",12500000.0,184.47,Nhà mặt tiền,4.3m,16.85m,Nam,6.0,4.0,4.0,67.76m²,247.59m²,8m,,
CW7UYB,"167/5C Tân Hiệp 39-40, Xã Tân Hiệp, H.Hóc Môn, TP.HCM",2650000.0,29.28,Nhà mặt tiền,6m,13.72m,Nam,2.0,1.0,1.0,90.50m²,41.70m²,8m,,Sổ riêng
QA707U,"11 đường Số 192 Khu Biệt Thự, P.6, Q.8, TP.HCM",78000000.0,105.54,Nhà mặt tiền,20.36m,33m,Bắc,4.0,5.0,1.0,739m²,219.78m²,,,
2MURNZ,"30 Lô K Cư Xá Phú Lâm D, P.10, Q.6, TP.HCM",13600000.0,190.74,Nhà mặt tiền,4.03m,17.76m,Đông Nam,5.0,6.0,3.0,71.30m²,,,,
13TE26,"1163 Kha Vạn Cân KP4, P.Linh Trung, TP.Thủ Đức, TP.HCM",9500000.0,79.83,Nhà mặt tiền,4.52m,32m,Đông Nam,3.0,3.0,2.0,119m²,163.40m²,15m,,
DCT7TH,"Số 5 Đường số 38, P.Hiệp Bình Chánh, TP.Thủ Đức, TP.HCM",34000000.0,87.5,Nhà mặt tiền,12.17m,32.63m,Nam,4.0,1.0,1.0,399.70m²,143.30m²,7m,,Sổ riêng
8BRP3A,"60/5G Đông Hưng Thuận 8, P.Đông Hưng Thuận, Q.12, TP.HCM",7800000.0,127.86,Nhà mặt tiền,5.5m,11m,Nam,1.0,1.0,2.0,61m²,,10m,,
RGGPPJ,"380 Tân Kỳ Tân Quý, P.Tân Quý, Q.Tân Phú, TP.HCM",20700000.0,103.19,Nhà mặt tiền,4.15m,47.6m,Nam,4.0,2.0,2.0,200.60m²,288.30m²,7m,,
UC4QAS,"Thửa 1051 - Tờ 8 đường số 38, P.Hiệp Bình Chánh, TP.Thủ Đức, TP.HCM",17000000.0,57.43,Nhà mặt tiền,8m,37m,Đông,3.0,2.0,2.0,296m²,296m²,8m,Cơ bản,Sổ riêng
QADXKU,"1075 Cách Mạng Tháng Tám, P.7, Q.Tân Bình, TP.HCM",18500000.0,211.91,Nhà mặt tiền,5.17m,16.91m,Đông Bắc,1.0,1.0,2.0,87.30m²,134.10m²,10m,,
WPVGXR,"108 đường 105B Trịnh Quang Nghị, P.7, Q.8, TP.HCM",8900000.0,74.16,Nhà mặt tiền,5m,24m,Đông Bắc,4.0,5.0,4.0,120m²,323.80m²,,,
9ZMH0P,"15 đường số 8, P.Hiệp Bình Chánh, TP.Thủ Đức, TP.HCM",17500000.0,151.51,Nhà mặt tiền,6.8m,17m,Đông Nam,4.0,5.0,4.0,115.50m²,,10m,,
6U6DU8,"83 Trịnh Đình Trọng, P.Phú Trung, Q.Tân Phú, TP.HCM",12900000.0,162.65,Nhà mặt tiền,4.2m,20.65m,Đông Bắc,4.0,3.0,4.0,79.31m²,,6.2m,,
AHQZUY,"184 đường số 8 KP7, P.Bình Hưng Hòa, Q.Bình Tân, TP.HCM",9300000.0,88.48,Nhà mặt tiền,5.5m,21m,Đông Nam,1.0,1.0,1.0,105.10m²,95.30m²,5m,,Sổ riêng
KEQKJC,"Một phần nhà số 60 Liên Khu 16-18, P.Bình Trị Đông, Q.Bình Tân, TP.HCM",13500000.0,92.59,Nhà mặt tiền,4.08m,22.95m,Tây,6.0,6.0,2.0,145.80m²,235.20m²,6m,,
DBMPAH,"Đường Cách Mạng Tháng 8, P.15, Q.10, TP.HCM",20000000.0,248.75,Nhà mặt tiền,3.81m,13.52m,Đông Nam,7.0,7.0,5.0,80.40m²,322.90m²,6m,,
8U1NE3,"Lê Văn Khương, KP5, P.Hiệp Thành, Q.12, TP.HCM",7100000.0,138.13,Nhà mặt tiền,5m,16.5m,Bắc,2.0,1.0,2.0,51.40m²,61.90m²,8m,,
37DAXQ,"59 đường số 339, P.Phước Long B, TP.Thủ Đức, TP.HCM",16200000.0,183.25,Nhà mặt tiền,5.07m,20.86m,Đông Nam,6.0,6.0,4.0,88.40m²,286m²,14m,,
0GMAH9,"18 đường số 1, KDC Gia Hòa, Xã Phong Phú, H.Bình Chánh, TP.HCM",14000000.0,92.1,Nhà mặt tiền,8m,19m,Đông Nam,2.0,2.0,2.0,152m²,223.40m²,12m,,Sổ riêng
7D4E8A,"5 đường số 11, khu phố 2, P.An Lạc, Q.Bình Tân, TP.HCM",7000000.0,76.11,Nhà mặt tiền,4m,20.5m,Tây Bắc,3.0,2.0,3.0,85.50m²,,5m,,Sổ riêng
RG21VJ,"34 đường Tân Thới Nhất 04, P.Tân Thới Nhất, Q.12, TP.HCM",9350000.0,187.0,Nhà mặt tiền,4m,12.63m,Nam,4.0,5.0,5.0,50m²,217.80m²,,,
8SEPM3,"121I đường số 11, KP9, P.Trường Thọ, TP.Thủ Đức, TP.HCM",37500000.0,117.18,Nhà mặt tiền,8m,40m,Tây Bắc,36.0,36.0,5.0,320m²,767.20m²,7.18m,,
6QMBD8,"191C Đường Hoàng Hoa Thám, P.7, Q.Bình Thạnh, TP.HCM",26500000.0,253.1,Nhà mặt tiền,4.01m,21.95m,Đông Bắc,5.0,5.0,6.0,104.70m²,519.40m²,18m,,
UY9XGS,"38 đường số 3, P.Linh Chiểu, TP.Thủ Đức, TP.HCM",18800000.0,188.0,Nhà mặt tiền,5m,20m,Đông Nam,4.0,5.0,4.0,100m²,253.20m²,,,
RG9HCJ,"số 5 đường số 8, P.Linh Tây, TP.Thủ Đức, TP.HCM",2700000.0,77.36,Nhà mặt tiền,2.41m,9.6m,Đông Bắc,2.0,1.0,1.0,34.90m²,34.90m²,,,
DCUAWH,"14/5B Bắc Lân 2, Xã Bà Điểm, H.Hóc Môn, TP.HCM",3900000.0,77.22,Nhà mặt tiền,3m,17m,Đông Bắc,2.0,1.0,1.0,50.50m²,50.50m²,6m,,
7HZ1YA,"197C1 Đường Nguyễn Thượng Hiền, P.5, Q.Bình Thạnh, TP.HCM",8680000.0,185.86,Nhà mặt tiền,3.8m,13.57m,Nam,7.0,7.0,4.0,46.70m²,148.60m²,1.93m,,
W0V6QR,"Liên Khu 2-10, P.Bình Hưng Hoà A, Q.Bình Tân, TP.HCM",7500000.0,117.18,Nhà mặt tiền,4m,16m,Đông Bắc,5.0,6.0,4.0,64m²,186.70m²,5m,,
7HZ1YA,"197C1 Đường Nguyễn Thượng Hiền, P.5, Q.Bình Thạnh, TP.HCM",8680000.0,185.86,Nhà mặt tiền,3.8m,13.57m,Nam,7.0,7.0,4.0,46.70m²,148.60m²,1.93m,,
W0V6QR,"Liên Khu 2-10, P.Bình Hưng Hoà A, Q.Bình Tân, TP.HCM",7500000.0,117.18,Nhà mặt tiền,4m,16m,Đông Bắc,5.0,6.0,4.0,64m²,186.70m²,5m,,
CFDQUB,"Số 08,đường 110 Trương Đình Hội, P.16, Q.8, TP.HCM",9790000.0,117.66,Nhà mặt tiền,4.5m,18.5m,Tây,4.0,3.0,4.0,83.20m²,,,,
UDKV9S,"104K đường số 6, Cư Xá Bình Thới, P.8, Q.11, TP.HCM",3800000.0,79.16,Nhà mặt tiền,4m,12m,Nam,1.0,1.0,1.0,48m²,,15m,,
YGPVD6,"MPN 83 Huỳnh Thiện Lộc, P.Hòa Thạnh, Q.Tân Phú, TP.HCM",10600000.0,193.43,Nhà mặt tiền,3.68m,14.53m,Tây Nam,2.0,1.0,2.0,54.80m²,95.30m²,8m,Cơ bản,
5YSFW7,"đường số 31, Khu Tên Lửa, P.Bình Trị Đông B, Q.Bình Tân, TP.HCM",12500000.0,156.25,Nhà mặt tiền,4m,20m,Bắc,3.0,4.0,4.0,80m²,238.60m²,10m,,
SY2CR5,"Đường Liên khu 2-10, P.Bình Hưng Hoà A, Q.Bình Tân, TP.HCM",5200000.0,86.37,Nhà mặt tiền,4m,15.14m,Đông Nam,1.0,1.0,2.0,60.20m²,,3.41m,,
DBN39H,"Đường Ấp Chiến Lược, P.Bình Hưng Hòa, Q.Bình Tân, TP.HCM",12500000.0,200.32,Nhà mặt tiền,4m,15.62m,Đông Nam,7.0,7.0,6.0,62.40m²,280.80m²,6m,,
5DN8C7,"20 đường số 3, KP34, P.Bình Chiểu, TP.Thủ Đức, TP.HCM",8500000.0,87.44,Nhà mặt tiền,5.42m,20.6m,Tây Nam,3.0,3.0,3.0,97.20m²,291.60m²,6m,Đầy đủ,
SYCJQ5,"15 đường số 25, khu phố 11, P.Bình Hưng Hoà A, Q.Bình Tân, TP.HCM",5850000.0,91.83,Nhà mặt tiền,4m,15.95m,Đông,2.0,1.0,2.0,63.70m²,88.60m²,5.95m,,
AKE33Y,"94/2 Nguyễn Ảnh Thủ, ấp Tây Lân, Xã Bà Điểm, H.Hóc Môn, TP.HCM",18000000.0,213.27,Nhà mặt tiền,5.45m,25m,Đông,3.0,4.0,3.0,84.40m²,153.80m²,11m,,
JGJEZ0,"MPN 45 đường số 3, khu phố 4, P.Tân Tạo A, Q.Bình Tân, TP.HCM",4300000.0,59.72,Nhà mặt tiền,4m,18m,Tây,5.0,5.0,1.0,72m²,58.40m²,4.5m,,
UAE09S,"22 đường số 75 KDC Tân Quy Đông, P.Tân Phong, Q.7, TP.HCM",62000000.0,176.58,Nhà mặt tiền,12m,28m,Đông,1.0,1.0,1.0,351.10m²,133.88m²,16m,,
UAE09S,"22 đường số 75 KDC Tân Quy Đông, P.Tân Phong, Q.7, TP.HCM",62000000.0,176.58,Nhà mặt tiền,12m,28m,Đông,1.0,1.0,1.0,351.10m²,133.88m²,16m,,
37HUNQ,"75 đường số 8B, khu phố 13, P.Bình Hưng Hoà A, Q.Bình Tân, TP.HCM",2850000.0,154.89,Nhà mặt tiền,2.47m,7.56m,Đông,2.0,1.0,2.0,18.40m²,36.20m²,4.52m,,
Q79TWU,"Lô 33 Đường Phạm Thế Hiển, P.4, Q.8, TP.HCM",8500000.0,395.34,Nhà mặt tiền,5.14m,6m,Bắc,2.0,1.0,2.0,21.50m²,,10m,,
Q79TWU,"Lô 33 Đường Phạm Thế Hiển, P.4, Q.8, TP.HCM",8500000.0,395.34,Nhà mặt tiền,5.14m,6m,Bắc,2.0,1.0,2.0,21.50m²,,10m,,
GX1PM2,"28H9 đường DD11, Khu dân cư An Sương, P.Tân Hưng Thuận, Q.12, TP.HCM",14500000.0,138.09,Nhà mặt tiền,7m,15m,Tây Bắc,2.0,3.0,3.0,105m²,177.90m²,8m,,
2MARGZ,"C31/1 Tân Xuân 3, ấp Mới 1, Xã Tân Xuân, H.Hóc Môn, TP.HCM",4500000.0,65.88,Nhà mặt tiền,3.96m,16.83m,Tây Nam,2.0,1.0,2.0,68.30m²,97.40m²,6m,,
02GCP9,"Dân Trí, phường 6, Tân Bình, P.6, Q.Tân Bình, TP.HCM",10300000.0,90.98,Nhà mặt tiền,3.4m,32m,Tây,2.0,1.0,2.0,113.20m²,149.30m²,5m,Cơ bản,
ACCHBY,"6C đường số 14, khu dân cư Cityland, P.10, Q.Gò Vấp, TP.HCM",49000000.0,228.97,Nhà mặt tiền,11m,19.44m,Tây,4.0,4.0,4.0,214m²,402.30m²,10m,,Sổ riêng
SDH895,"34 Thới Tứ 2, ấp Thới Tứ, Xã Thới Tam Thôn, H.Hóc Môn, TP.HCM",3890000.0,84.38,Nhà mặt tiền,3.97m,11.91m,Tây Bắc,2.0,2.0,2.0,46.10m²,68.60m²,6m,,
6UQP98,"67/10F Tân Hiệp 31, ấp Thới Tây 2, Xã Tân Hiệp, H.Hóc Môn, TP.HCM",4950000.0,51.08,Nhà mặt tiền,4m,24.38m,Đông,3.0,2.0,2.0,96.90m²,52.30m²,8.82m,,
Q7PFRU,"Đường Lê Đức Thọ, P.6, Q.Gò Vấp, TP.HCM",23800000.0,330.55,Nhà mặt tiền,4.15m,20.04m,Tây Bắc,12.0,12.0,5.0,72m²,333.60m²,10m,,
ACZRHY,"16 (nền D68) đường số 4A, Khu dân cư 13E, Xã Phong Phú, H.Bình Chánh, TP.HCM",9200000.0,92.0,Nhà mặt tiền,5m,20m,Đông Nam,2.0,4.0,4.0,100m²,267.50m²,14m,,
GXVEP2,"Cư Xá Phú Thọ Hòa - Lạc Long Quân, P.5, Q.11, TP.HCM",8750000.0,164.16,Nhà mặt tiền,3.95m,16.8m,Tây Nam,4.0,4.0,3.0,53.30m²,149.90m²,,,
7D5CYA,"Chợ Lớn - khu dân cư bình phú, P.11, Q.6, TP.HCM",17500000.0,218.75,Nhà mặt tiền,4m,16m,Nam,3.0,4.0,4.0,80m²,207.90m²,18m,,
408BSF,"9C Nguyễn Thị Nuôi, ấp Thống Nhất 1, Xã Tân Thới Nhì, H.Hóc Môn, TP.HCM",6500000.0,68.56,Nhà mặt tiền,4.15m,23.53m,Đông Nam,2.0,1.0,2.0,94.80m²,95.40m²,10.43m,,
8SKP63,"Thửa 107 - Tờ 100, đường số 3, Xã Tân Thông Hội, H.Củ Chi, TP.HCM",3500000.0,40.55,Nhà mặt tiền,7.64m,11.69m,Đông Nam,4.0,2.0,2.0,86.30m²,,8m,,
408BSF,"9C Nguyễn Thị Nuôi, ấp Thống Nhất 1, Xã Tân Thới Nhì, H.Hóc Môn, TP.HCM",6500000.0,68.56,Nhà mặt tiền,4.15m,23.53m,Đông Nam,2.0,1.0,2.0,94.80m²,95.40m²,10.43m,,
8SKP63,"Thửa 107 - Tờ 100, đường số 3, Xã Tân Thông Hội, H.Củ Chi, TP.HCM",3500000.0,40.55,Nhà mặt tiền,7.64m,11.69m,Đông Nam,4.0,2.0,2.0,86.30m²,,8m,,
85K283,"8/2A Nguyễn Thị Sóc, Ấp Hưng Lân, Xã Bà Điểm, H.Hóc Môn, TP.HCM",16500000.0,97.74,Nhà mặt tiền,5.91m,28.31m,Tây Bắc,4.0,2.0,2.0,168.80m²,84.40m²,,,
DBM8RH,"Thửa 691 - Tờ 44 đường số 405, Xã Phước Vĩnh An, H.Củ Chi, TP.HCM",5600000.0,28.34,Nhà mặt tiền,7m,28.31m,Tây Nam,6.0,7.0,2.0,197.60m²,,10m,,
7HX68A,"C28 (Thửa  902 - tờ 33 ) Tổ 49, khu phố 4, P.Trung Mỹ Tây, Q.12, TP.HCM",6000000.0,98.03,Nhà mặt tiền,5.54m,11.12m,Tây Nam,2.0,1.0,1.0,61.20m²,61.20m²,4m,,
37YD1Q,"3 đường số 1, Khu dân cư Lê Thành, P.An Lạc, Q.Bình Tân, TP.HCM",12000000.0,188.67,Nhà mặt tiền,3.95m,16m,Tây Bắc,6.0,5.0,5.0,63.60m²,281.20m²,,,
DENJAH,"39 đường số 10, Khu dân cư Trung Sơn, Xã Bình Hưng, H.Bình Chánh, TP.HCM",22000000.0,183.33,Nhà mặt tiền,6m,20m,Bắc,5.0,6.0,4.0,120m²,350.40m²,,,
RPC54J,"đường 12F, khu định cư số 4, ấp 4, Xã Phong Phú, H.Bình Chánh, TP.HCM",13500000.0,128.57,Nhà mặt tiền,7m,15m,Đông Bắc,4.0,4.0,4.0,105m²,199.30m²,12m,,
UYFYYS,"7 đường số 5, Cư Xá Chu Văn An, P.26, Q.Bình Thạnh, TP.HCM",15300000.0,212.5,Nhà mặt tiền,4m,18m,Bắc,3.0,3.0,3.0,72m²,163.20m²,,,Sổ riêng
DEPFDH,"32 đường số 12, Khu dân cư Vĩnh Lộc, P.Bình Hưng Hoà B, Q.Bình Tân, TP.HCM",11500000.0,135.29,Nhà mặt tiền,5m,17m,Tây Nam,4.0,4.0,5.0,85m²,284m²,12m,,
K4YZXC,"46 đường số 10 khu dân cư Hương Lộ 5, P.An Lạc, Q.Bình Tân, TP.HCM",8000000.0,125.0,Nhà mặt tiền,4m,16m,Đông Nam,6.0,5.0,4.0,64m²,188m²,7m,,
6S3578,"86 đường số 2 Cư Xá Chu Văn An, P.26, Q.Bình Thạnh, TP.HCM",15200000.0,207.93,Nhà mặt tiền,3m,14m,Tây,5.0,6.0,4.0,73.10m²,233.20m²,,,
SDP745,"C16 đường Phú Thuận, Khu dân cư Nam Long, P.Phú Thuận, Q.7, TP.HCM",21800000.0,275.94,Nhà mặt tiền,4m,19.75m,Đông,4.0,4.0,4.0,79m²,234.20m²,,,
SYKMB5,"Thạnh Xuân 52, khu phố 3, P.Thạnh Xuân, Q.12, TP.HCM",4680000.0,93.58,Nhà mặt tiền,4.54m,11.08m,Tây Bắc,4.0,4.0,3.0,50.01m²,154.20m²,12m,Cơ bản,
AK9MPY,"Thửa 502 - tờ 66 Đường Thạnh Xuân 14, P.Thạnh Xuân, Q.12, TP.HCM",6300000.0,95.45,Nhà mặt tiền,4m,17m,Đông Bắc,2.0,2.0,2.0,66m²,,6m,,
U71MVS,"số 3 đường số 2 KDC Gia Hòa, ấp 5, Xã Phong Phú, H.Bình Chánh, TP.HCM",12360000.0,85.83,Nhà mặt tiền,8m,18m,Đông Bắc,3.0,3.0,3.0,144m²,207.40m²,12m,,
9Z7RRP,"59 đường vào khu nhà ở Gia Hòa, KDC Gia Hòa, ấp 5, Xã Phong Phú, H.Bình Chánh, TP.HCM",11000000.0,115.78,Nhà mặt tiền,5m,19m,Đông Bắc,5.0,3.0,4.0,95m²,234m²,8m,,
Q7924U,"32 Phạm Hùng Nối Dài, Khu nhà ở rạch Bà Tánh, ấp 5, Xã Bình Hưng, H.Bình Chánh, TP.HCM",17500000.0,159.09,Nhà mặt tiền,5m,22m,Đông Bắc,6.0,6.0,4.0,110m²,324m²,10m,,
DE6ZYH,"Thửa 1197 - Tờ 03 Đường 203, P.Thiên Hương, TP.Thuỷ Nguyên, TP. Hải Phòng",6000000.0,50.42,Nhà mặt tiền,6m,18.25m,Tây,3.0,2.0,2.0,119m²,,,Bàn giao thô,
EJ20N4,"61 số 22, P.An Khánh, Q.Ninh Kiều, TP. Cần Thơ",3950000.0,98.75,Nhà mặt tiền,4m,10m,Tây Bắc,4.0,5.0,3.0,40m²,127.20m²,10m,Đầy đủ,
7HWNCA,"6 đường ĐX 079, P.Định Hoà, TP.Thủ Dầu Một, Bình Dương",6500000.0,32.0,Nhà mặt tiền,8m,25.41m,Đông Bắc,5.0,2.0,2.0,203.10m²,,8m,Cơ bản,Sổ riêng
AFPBHY,"97 Khánh Hội, P.3, Q.4, TP.HCM",25000000.0,277.77,Nhà mặt tiền,4.5m,20m,Đông Bắc,1.0,1.0,1.0,90m²,90m²,,,
9V2HVP,"133 Gò Công, P.13, Q.5, TP.HCM",39000000.0,389.22,Nhà mặt tiền,3.9m,26.85m,Đông Bắc,5.0,6.0,5.0,100.20m²,419m²,12m,,
8DU9K3,"C24 đường D5B, P.Phú Mỹ, Q.7, TP.HCM",11000000.0,122.22,Nhà mặt tiền,5m,16m,Tây Bắc,4.0,4.0,3.0,90m²,137.50m²,10m,,
6AXYH8,"661 Hồng Bàng, P.6, Q.6, TP.HCM",15000000.0,159.91,Nhà mặt tiền,3.63m,33.24m,Đông Bắc,2.0,1.0,1.0,93.80m²,,20m,,
17ZEV6,"45C Cao Thắng, P.3, Q.3, TP.HCM",27000000.0,459.18,Nhà mặt tiền,2.98m,18.75m,Đông Bắc,5.0,6.0,5.0,58.80m²,247.80m²,20m,,
17FNJ6,"208 Nguyễn Trãi, P.Phạm Ngũ Lão, Q.1, TP.HCM",780000000.0,1.3,Nhà mặt tiền,18.62m,30.35m,Đông Nam,15.0,15.0,15.0,600m²,5195.80m²,15m,,
UKJHXS,"143 (1 Phần) Bàn Cờ, P.3, Q.3, TP.HCM",28000000.0,442.33,Nhà mặt tiền,4.7m,14m,Đông Bắc,5.0,4.0,4.0,63.30m²,216m²,15m,Đầy đủ,
WZ1N3R,"341 Nguyễn Trãi, P.Nguyễn Cư Trinh, Q.1, TP.HCM",170000000.0,975.21,Nhà mặt tiền,8.45m,22.9m,Tây Bắc,7.0,7.0,7.0,174.32m²,1123.82m²,20m,,
RTM0WJ,"Vân Thân, P.8, Q.6, TP.HCM",26000000.0,222.03,Nhà mặt tiền,5m,18.45m,Nam,6.0,4.0,4.0,117.10m²,279.40m²,8m,,
SCYWY5,"Hoàng Sa, P.Võ Thị Sáu, Q.3, TP.HCM",11000000.0,315.18,Nhà mặt tiền,2.92m,13.19m,Tây Nam,3.0,3.0,3.0,34.90m²,100.20m²,,,
W2SQQR,"Bà Hạt, P.9, Q.10, TP.HCM",15000000.0,583.65,Nhà mặt tiền,2.3m,16.8m,Đông Nam,3.0,2.0,3.0,25.70m²,70.90m²,,,Sổ riêng
UD9EXS,"191 Cô Giang, P.Cô Giang, Q.1, TP.HCM",40000000.0,526.31,Nhà mặt tiền,4.2m,18.55m,Tây Bắc,8.0,8.0,6.0,76m²,347.50m²,8.03m,,
SH9VY5,"62-64 Nguyễn Biểu, P.1, Q.5, TP.HCM",250000000.0,739.51,Nhà mặt tiền,11.3m,30m,Tây Nam,9.0,9.0,10.0,338.06m²,2509.51m²,,,
7C4UZA,"107 ( Bên phải ) Vườn Chuối, P.4, Q.3, TP.HCM",90000000.0,606.46,Nhà mặt tiền,10.15m,13.47m,Đông Bắc,5.0,5.0,7.0,148.40m²,745.30m²,12m,,
7C4UZA,"107 ( Bên phải ) Vườn Chuối, P.4, Q.3, TP.HCM",90000000.0,606.46,Nhà mặt tiền,10.15m,13.47m,Đông Bắc,5.0,5.0,7.0,148.40m²,745.30m²,12m,,
UDKT6S,"123 Vĩnh Hội, P.4, Q.4, TP.HCM",30000000.0,299.1,Nhà mặt tiền,4.03m,24.94m,Nam,7.0,7.0,6.0,100.30m²,523.40m²,16m,,
R2TY7J,"53 Vĩnh Hội, P.4, Q.4, TP.HCM",13000000.0,449.82,Nhà mặt tiền,4.02m,10.13m,Nam,3.0,4.0,4.0,28.90m²,116.90m²,7.75m,,Sổ riêng
PXMJMG,"2 160, Tăng Nhơn Phú A, Q.9, TP.HCM",6600000.0,122.22,Nhà mặt tiền,4.3m,14.5m,,4.0,4.0,4.0,54m²,154m²,5m,,
2VV3WZ,"945 Nguyễn Trãi, P.13, Q.5, TP.HCM",10000000.0,285.71,Nhà mặt tiền,5m,7m,Đông Nam,2.0,2.0,2.0,35m²,70m²,40m,Cơ bản,Sổ riêng
WP6DCR,"23 Đông Du, P.Bến Nghé, Q.1, TP.HCM",71000000.0,1.46,Nhà mặt tiền,3.9m,12.4m,Tây Bắc,3.0,3.0,3.0,48.40m²,137.70m²,16m,,
QABMMU,"75 Trương Định, P.Bến Nghé, Q.1, TP.HCM",75000000.0,660.79,Nhà mặt tiền,4.2m,27.13m,Đông Bắc,6.0,7.0,3.0,113.50m²,247.50m²,20m,Đầy đủ,
3SAA6Q,"Tân Phước, P.6, Q.10, TP.HCM",18000000.0,584.41,Nhà mặt tiền,5.72m,10.51m,Nam,5.0,6.0,6.0,30.80m²,,11m,Cơ bản,
UKN7FS,"Đinh Tiên Hoàng, P.Đa Kao, Q.1, TP.HCM",23000000.0,534.88,Nhà mặt tiền,3.9m,14m,Tây Nam,4.0,5.0,3.0,43m²,131m²,,,
WT8KWR,"Vĩnh Hội, P.4, Q.4, TP.HCM",25000000.0,367.64,Nhà mặt tiền,4m,20m,Nam,6.0,5.0,4.0,68m²,,,,
UCJE8S,"475 Tân Sơn, P.12, Q.Gò Vấp, TP.HCM",20000000.0,163.26,Nhà mặt tiền,6m,25.5m,Đông Nam,1.0,1.0,1.0,122.50m²,,15m,,
SB0EN5,"Lê Lợi, P.1, Q.Gò Vấp, TP.HCM",28000000.0,267.17,Nhà mặt tiền,4.48m,15.13m,Tây Nam,18.0,18.0,7.0,104.80m²,538.40m²,,,
WT8T6R,"21 Minh Phụng, P.9, Q.6, TP.HCM",15500000.0,239.56,Nhà mặt tiền,3.09m,20.16m,Đông,6.0,6.0,5.0,64.70m²,221.20m²,23.97m,,
1AB8M6,"92-94 Võ Oanh, P.25, Q.Bình Thạnh, TP.HCM",63000000.0,375.0,Nhà mặt tiền,8.4m,20m,Đông Nam,2.0,2.0,4.0,168m²,672m²,,,
P1U49G,"27(15.15) đường 5m thông, P.Tân Thới Nhất, Q.12, TP.HCM",8990000.0,52.57,Nhà mặt tiền,6m,29m,Bắc,1.0,1.0,1.0,171m²,174m²,5m,Bàn giao thô,
WTVG6R,"64 Thạnh Lộc 15, P.Thạnh Lộc, Q.12, TP.HCM",9000000.0,144.23,Nhà mặt tiền,3.81m,19.85m,Tây Bắc,5.0,4.0,5.0,62.40m²,282.80m²,7m,,
3HB62Q,"161 Nguyễn Thị Thập, P.Tân Hưng, Q.7, TP.HCM",45000000.0,450.0,Nhà mặt tiền,5m,20m,Tây Bắc,6.0,5.0,5.0,100m²,450m²,40m,Đầy đủ,
42N7AF,"72 Trần Phú, P.4, Q.5, TP.HCM",4790000.0,199.58,Nhà mặt tiền,3.5m,8m,Tây,2.0,2.0,3.0,24m²,24m²,4m,Cơ bản,
RNVD7J,"Văn Thân, P.8, Q.6, TP.HCM",2100000.0,115.38,Nhà mặt tiền,3.5m,5.2m,Tây Bắc,2.0,2.0,2.0,18.20m²,18.20m²,3m,Cơ bản,
7445VA,"142 Võ Thị Sáu, P.8, Q.3, TP.HCM",210000000.0,724.38,Nhà mặt tiền,12m,28m,Đông Nam,2.0,1.0,2.0,289.90m²,556.30m²,,,
JX2P80,"Gò Xoài, P.Bình Hưng Hoà A, Q.Bình Tân, TP.HCM",6000000.0,98.36,Nhà mặt tiền,4m,15m,Tây,2.0,2.0,2.0,61m²,,,,
G6NF12,"Lô Tư, P.Bình Hưng Hoà A, Q.Bình Tân, TP.HCM",49000000.0,110.11,Nhà mặt tiền,16m,28m,Tây Bắc,4.0,6.0,3.0,445m²,445m²,12m,Cơ bản,
G6NF12,"Lô Tư, P.Bình Hưng Hoà A, Q.Bình Tân, TP.HCM",49000000.0,110.11,Nhà mặt tiền,16m,28m,Tây Bắc,4.0,6.0,3.0,445m²,445m²,12m,Cơ bản,
8DSW73,"VT41-07 Thạnh Thới, TT.Cần Thạnh, H.Cần Giờ, TP.HCM",12990000.0,162.44,Nhà mặt tiền,5m,16m,Tây Nam,6.0,5.0,4.0,80m²,80m²,14m,Bàn giao thô,
SBAZR5,"83 đường Trang Tử, P.14, Q.5, TP.HCM",21000000.0,280.74,Nhà mặt tiền,4.25m,17.78m,Nam,5.0,3.0,5.0,74.80m²,120m²,16m,,
6YQKA8,"âu cơ, P.14, Q.11, TP.HCM",6300000.0,157.5,Nhà mặt tiền,4m,10m,Đông Nam,3.0,2.0,2.0,40m²,91m²,6m,,
C94GGB,"40-42 Bùi Thị Xuân, P.Bến Thành, Q.1, TP.HCM",250000000.0,1.52,Nhà mặt tiền,8.2m,20m,Đông Nam,40.0,40.0,10.0,164m²,967.40m²,,,
YWKWKD,"21 Phan Kế Bính, P.Đa Kao, Q.1, TP.HCM",88000000.0,691.82,Nhà mặt tiền,8.9m,18.6m,Đông Bắc,3.0,3.0,3.0,127.20m²,216.89m²,8m,,
28T19Z,"174 Lạc Long Quân, P.3, Q.11, TP.HCM",19000000.0,155.22,Nhà mặt tiền,3.7m,24.2m,Đông Nam,1.0,1.0,1.0,122.40m²,,20m,,
5B5GX7,"672 Nguyễn Trãi, P.11, Q.5, TP.HCM",11500000.0,312.5,Nhà mặt tiền,2.75m,13.4m,Tây Nam,2.0,2.0,1.0,36.80m²,61.70m²,,Bàn giao thô,
WZWPHR,"Bến Than, Xã Hòa Phú, H.Củ Chi, TP.HCM",4200000.0,33.6,Nhà mặt tiền,4.3m,26m,Tây Bắc,4.0,1.0,2.0,125m²,30m²,,Cơ bản,
5BS5B7,"135/22 Hòa Hưng, P.12, Q.10, TP.HCM",12900000.0,307.14,Nhà mặt tiền,3.5m,13m,Tây Nam,8.0,8.0,6.0,42m²,219m²,5m,Đầy đủ,
UKQXCS,"HỒNG BÀNG, P.1, Q.11, TP.HCM",11500000.0,193.6,Nhà mặt tiền,4m,16m,Đông Bắc,3.0,3.0,2.0,59.40m²,132m²,,,
4GB1CF,"37 đường số 45, P.4, Q.4, TP.HCM",22000000.0,305.55,Nhà mặt tiền,4m,18m,Đông Bắc,6.0,6.0,4.0,72m²,274m²,,,
A4SXDY,"3/6 Phạm Thế Hiển, P.5, Q.8, TP.HCM",10000000.0,120.77,Nhà mặt tiền,4.15m,20.19m,Bắc,5.0,4.0,3.0,82.80m²,157.40m²,15m,,
17XFM6,"18 đường DC6, P.Sơn Kỳ, Q.Tân Phú, TP.HCM",8000000.0,129.03,Nhà mặt tiền,4m,15.5m,Tây Nam,1.0,1.0,1.0,62m²,74.40m²,8m,,
17XFM6,"18 đường DC6, P.Sơn Kỳ, Q.Tân Phú, TP.HCM",8000000.0,129.03,Nhà mặt tiền,4m,15.5m,Tây Nam,1.0,1.0,1.0,62m²,74.40m²,8m,,
3DVNVQ,"Văn Cao, P.Phú Thọ Hòa, Q.Tân Phú, TP.HCM",5000000.0,147.05,Nhà mặt tiền,3.2m,10.5m,Đông,3.0,2.0,3.0,34m²,100m²,,Bàn giao thô,
QH1KYU,"8.7 Hồng Bàng, P.5, Q.5, TP.HCM",5490000.0,183.0,Nhà mặt tiền,3m,11m,Tây,3.0,2.0,4.0,30m²,30m²,3m,Cơ bản,
5B3CG7,"102 Hàn Hải Nguyên, P.8, Q.11, TP.HCM",16000000.0,295.2,Nhà mặt tiền,4m,13.5m,Nam,5.0,4.0,4.0,54.20m²,172.80m²,20m,,
PVFHQG,"29/15 Nguyễn Bỉnh Khiêm, P.Đa Kao, Q.1, TP.HCM",65000000.0,1.21,Nhà mặt tiền,11.48m,7.2m,Đông Nam,6.0,6.0,6.0,53.60m²,221.90m²,,,
JNKCQ0,"78-80 Trần Đình Xu, P.Cô Giang, Q.1, TP.HCM",135000000.0,761.42,Nhà mặt tiền,12.15m,19.57m,Tây Nam,5.0,5.0,5.0,177.30m²,,12m,,
9MBBHP,"138-138A Nguyễn Thị Thập, P.Bình Thuận, Q.7, TP.HCM",200000000.0,253.03,Nhà mặt tiền,18.12m,48.03m,Nam,1.0,1.0,1.0,790.40m²,317.70m²,20m,,
A461JY,"215 Tây Thạnh, P.Tây Thạnh, Q.Tân Phú, TP.HCM",14000000.0,133.46,Nhà mặt tiền,3.66m,30.17m,Tây Bắc,4.0,2.0,2.0,104.90m²,114.20m²,16m,,
17GF36,"86 Võ Văn Tần, P.4, Q.3, TP.HCM",750000000.0,1.24,Nhà mặt tiền,24.93m,24.91m,Tây,5.0,5.0,3.0,600.90m²,,,,
8YZHH3,"401 Hàn Hải Nguyên, P.2, Q.11, TP.HCM",20000000.0,265.6,Nhà mặt tiền,4.1m,18.2m,Bắc,6.0,2.0,4.0,75.30m²,288.10m²,20m,,
26EUSZ,"666 Hưng Phú, P.Hưng Phú, Q.8, TP.HCM",8700000.0,188.47,Nhà mặt tiền,3.2m,14.45m,Nam,4.0,3.0,4.0,46.16m²,88.90m²,,,
3DR3FQ,"37 Đỗ Quang, Thảo Điền, Q.2, TP.HCM",23500000.0,398.3,Nhà mặt tiền,3.9m,16m,Đông Bắc,8.0,8.0,4.0,59m²,194m²,12m,Đầy đủ,
4GMMNF,"140-142 Trần Nhân Tôn, P.2, Q.10, TP.HCM",100000000.0,216.07,Nhà mặt tiền,9.3m,29.65m,Tây Nam,2.0,2.0,2.0,462.80m²,654.10m²,,,
265VAZ,"227/3 Đồng Đen, P.11, Q.Tân Bình, TP.HCM",42000000.0,182.6,Nhà mặt tiền,6.5m,27m,Tây Nam,6.0,7.0,3.0,230m²,245m²,25m,Cơ bản,
3DE7ZQ,"đường C1, P.13, Q.Tân Bình, TP.HCM",38000000.0,157.61,Nhà mặt tiền,6.1m,51.01m,Tây,8.0,6.0,4.0,241.10m²,467.70m²,6m,,
RT104J,"đường số 47, P.4, Q.4, TP.HCM",13000000.0,322.58,Nhà mặt tiền,4.5m,9.02m,Đông Bắc,5.0,3.0,5.0,40.30m²,183.30m²,,,
5BW1T7,"149 Lý Thường Kiệt, P.15, Q.11, TP.HCM",115000000.0,488.53,Nhà mặt tiền,11.7m,23.15m,Đông Nam,1.0,1.0,2.0,235.40m²,228.22m²,,,
5BWXG7,"28-30 Huỳnh Thúc Kháng, P.Bến Nghé, Q.1, TP.HCM",225000000.0,2.18,Nhà mặt tiền,8.35m,12.5m,Đông Nam,9.0,9.0,10.0,103m²,690.10m²,,,
4GT09F,"43 Cư Xá Đô Thành đường số 4, P.4, Q.3, TP.HCM",15000000.0,517.24,Nhà mặt tiền,4.5m,10m,Bắc,7.0,7.0,3.0,29m²,82m²,8m,,
C0G47B,"đường số 64, P.10, Q.6, TP.HCM",25000000.0,183.82,Nhà mặt tiền,8m,170m,Đông Nam,10.0,10.0,5.0,136m²,508.30m²,6m,,
PV8Z8G,"Gia Phú, P.2, Q.6, TP.HCM",15200000.0,184.55,Nhà mặt tiền,4.11m,19.68m,Đông Nam,1.0,1.0,1.0,82.36m²,,,,
4GZKBF,"57-57A-55/2 Hồ Hảo Hớn, P.Cô Giang, Q.1, TP.HCM",115000000.0,579.05,Nhà mặt tiền,8.17m,25.71m,Đông Bắc,7.0,7.0,8.0,198.60m²,1007.40m²,,,
7ECR7A,"Yết Kiêu, P.9, Q.5, TP.HCM",36500000.0,555.55,Nhà mặt tiền,8m,8.27m,Đông Bắc,6.0,7.0,5.0,65.70m²,283.38m²,6m,,
26M2HZ,"Hoàng Diệu, P.8, Q.4, TP.HCM",12800000.0,528.92,Nhà mặt tiền,3.1m,7.8m,Tây Bắc,3.0,2.0,5.0,24.20m²,155.50m²,,,
JNGYJ0,"Vĩnh Viễn, P.4, Q.10, TP.HCM",9500000.0,334.5,Nhà mặt tiền,3.15m,8.4m,Nam,3.0,4.0,5.0,28.40m²,68m²,,,
C0F36B,"Phạm Thế Hiển, P.4, Q.8, TP.HCM",17000000.0,138.66,Nhà mặt tiền,6.2m,19.2m,Bắc,2.0,2.0,2.0,122.60m²,180.20m²,,,Sổ riêng
7ED82A,"551 An Phú Đông, P.An Phú Đông, Q.12, TP.HCM",2150000.0,48.86,Nhà mặt tiền,4.3m,10m,Đông Bắc,1.0,1.0,1.0,44m²,,,,
8YQ9K3,"Chánh Hưng, P.5, Q.8, TP.HCM",19500000.0,263.15,Nhà mặt tiền,3.72m,30.57m,Đông Nam,4.0,2.0,2.0,74.10m²,123.80m²,,,
EPF3J4,"Ba Tháng Hai, P.14, Q.10, TP.HCM",48000000.0,407.81,Nhà mặt tiền,4.29m,28.67m,Đông Nam,5.0,4.0,4.0,117.70m²,404.30m²,17m,,
AES27Y,"Khu dân cư 13A Intresco, Xã Bình Hưng, H.Bình Chánh, TP.HCM",18200000.0,130.0,Nhà mặt tiền,7m,20m,Đông Nam,3.0,3.0,3.0,140m²,,,,
67MF28,"Võ Oanh, P.25, Q.Bình Thạnh, TP.HCM",36000000.0,529.41,Nhà mặt tiền,4.2m,19m,Bắc,3.0,3.0,3.0,68m²,203m²,,,
JTFGA0,"gần Chợ Bình Điền Đường 10m., P.7, Q.8, TP.HCM",13500000.0,135.0,Nhà mặt tiền,5m,20m,Tây Bắc,3.0,2.0,2.0,100m²,100m²,12m,Bàn giao thô,
21JK7Z,"Khánh Hội, P.13, Q.4, TP.HCM",8790000.0,219.75,Nhà mặt tiền,4m,10m,Đông Bắc,3.0,3.0,3.0,40m²,40m²,,Cơ bản,
KR7G1C,"Bình Trị Đông, Bình Trị Đông A, Bình Tân, TP.HCM",17000000.0,77.27,Nhà mặt tiền,4.2m,52.5m,,8.0,6.0,4.0,,220m²,,,
21KQ5Z,"81 Lê Niệm, P.Phú Thạnh, Q.Tân Phú, TP.HCM",10000000.0,137.36,Nhà mặt tiền,3.6m,18.02m,Đông Bắc,1.0,1.0,1.0,72.80m²,62.40m²,8.21m,,
AENCQY,"811 Đoàn Văn Bơ, P.18, Q.4, TP.HCM",23000000.0,145.47,Nhà mặt tiền,7.23m,22.72m,Nam,8.0,8.0,3.0,158.10m²,315.80m²,8m,,
CJVAGB,"Ngô Quyền, P.8, Q.10, TP.HCM",15500000.0,342.16,Nhà mặt tiền,3.5m,13m,Tây Nam,2.0,1.0,1.0,45.30m²,59.30m²,8m,,
674EU8,"Hiệp Thành 45, P.Tân Thới Hiệp, Q.12, TP.HCM",3000000.0,91.46,Nhà mặt tiền,4.1m,8m,Đông,2.0,2.0,1.0,32.80m²,,4m,,
67KME8,"Nguyễn Chế Nghĩa, P.Xóm Củi, Q.8, TP.HCM",11000000.0,299.72,Nhà mặt tiền,2.9m,14.89m,Đông Bắc,5.0,3.0,5.0,36.70m²,127.60m²,,,
7BRX4A,"85 Âu Cơ, P.14, Q.11, TP.HCM",17000000.0,419.75,Nhà mặt tiền,4m,14.7m,Đông Bắc,5.0,6.0,7.0,40.50m²,269.30m²,16m,,
RZNMNJ,"457 Tân Sơn, P.12, Q.Gò Vấp, TP.HCM",30000000.0,196.97,Nhà mặt tiền,7.96m,20.76m,Đông Nam,2.0,1.0,1.0,152.30m²,,30m,Cơ bản,
SKKD15,"13 Hiền Vương, P.Phú Thạnh, Q.Tân Phú, TP.HCM",7990000.0,84.28,Nhà mặt tiền,4.25m,22.3m,Bắc,2.0,2.0,2.0,94.80m²,,,,
KWDX6C,"134/2 (Số cũ 1070) Khuông Việt, P.Phú Thạnh, Q.Tân Phú, TP.HCM",16000000.0,112.67,Nhà mặt tiền,4.55m,30.75m,Tây Nam,5.0,3.0,2.0,142m²,211.80m²,11.87m,,Sổ riêng
CRHTXB,"302 Gia Phú, P.1, Q.6, TP.HCM",30000000.0,391.64,Nhà mặt tiền,4.6m,18.42m,Đông Nam,3.0,2.0,3.0,76.60m²,212m²,16m,,
49KPUF,"đường số 2, P.Tân Phong, Q.7, TP.HCM",33000000.0,261.9,Nhà mặt tiền,7m,18m,Bắc,7.0,7.0,6.0,126m²,527m²,12m,,Sổ riêng
5KVQ47,"121 Thới An 33, P.Thới An, Q.12, TP.HCM",8199999.999999999,119.7,Nhà mặt tiền,4.42m,15.55m,Nam,4.0,5.0,5.0,68.50m²,266.17m²,4m,,
PX5XMG,"190 Chiến Thắng, P.9, Q.Phú Nhuận, TP.HCM",2049999.9999999998,205.0,Nhà mặt tiền,1.92m,6.64m,Đông Nam,2.0,2.0,2.0,10m²,20m²,,,
65BAV8,"28 đường số 33, An Phú, Q.2, TP.HCM",47000000.0,293.75,Nhà mặt tiền,8m,20m,Đông Bắc,5.0,5.0,4.0,160m²,364.50m²,9m,,
SHY6G5,"6 Trần Nhân Tôn, P.2, Q.10, TP.HCM",19000000.0,271.42,Nhà mặt tiền,3.98m,17.66m,Tây Bắc,3.0,2.0,2.0,70m²,110m²,15m,Cơ bản,
0ZRCX9,"34B ( Thửa 515 - tờ 38) đường 457, Xã Trung An, H.Củ Chi, TP.HCM",3950000.0,19.77,Nhà mặt tiền,7m,28.7m,Tây Bắc,2.0,1.0,1.0,199.70m²,,6m,,
7KMFWA,"1002 Nguyễn Xiển, Long Bình, Q.9, TP.HCM",14500000.0,111.28,Nhà mặt tiền,4.96m,30.18m,Tây Bắc,1.0,1.0,1.0,130.30m²,83.40m²,13m,,Sổ riêng
6S9038,"MP 136 Thới An 11, P.Thới An, Q.12, TP.HCM",4600000.0,70.55,Nhà mặt tiền,4m,16.21m,Tây Bắc,3.0,3.0,3.0,65.20m²,,6m,,
6S0KT8,"605 Tạ Quang Bửu, P.4, Q.8, TP.HCM",26000000.0,325.0,Nhà mặt tiền,4m,20m,Tây Bắc,5.0,6.0,4.0,80m²,,,,
37PDWQ,"282A Lê Văn Sỹ, P.14, Q.3, TP.HCM",40000000.0,400.0,Nhà mặt tiền,4.11m,24.27m,Tây Nam,3.0,3.0,3.0,100m²,284.80m²,18m,,Sổ riêng
6SWAW8,"120 Lê Thị Riêng, P.Bến Thành, Q.1, TP.HCM",33000000.0,532.77,Nhà mặt tiền,4.45m,15m,Đông Nam,4.0,4.0,4.0,61.94m²,226.70m²,,,
85WFJ3,"78 Hùng Vương, P.1, Q.10, TP.HCM",46500000.0,372.89,Nhà mặt tiền,8.4m,24.57m,Đông Nam,1.0,1.0,2.0,124.70m²,176.10m²,30m,,
UYJPJS,"TK 28/41 Nguyễn Cảnh Chân, P.Cầu Kho, Q.1, TP.HCM",30000000.0,909.09,Nhà mặt tiền,11.16m,5.34m,Tây Nam,6.0,5.0,5.0,33m²,134.70m²,16m,,
6SEN48,"87B Bùi Thị Xuân, P.Phạm Ngũ Lão, Q.1, TP.HCM",78000000.0,614.17,Nhà mặt tiền,3.8m,28.13m,Tây Bắc,8.0,8.0,8.0,127m²,828.50m²,,,
1UKXP6,"490 Gia Phú, P.2, Q.6, TP.HCM",8199999.999999999,176.34,Nhà mặt tiền,3.55m,14.55m,Đông Nam,2.0,1.0,1.0,46.50m²,87.33m²,8.3m,,
85BTQ3,"Lê Lâm, P.Phú Thạnh, Q.Tân Phú, TP.HCM",36000000.0,115.71,Nhà mặt tiền,16.12m,19.6m,Tây Nam,1.0,1.0,1.0,311.10m²,153.50m²,12m,,
85B213,"Trường Sa, P.15, Q.Phú Nhuận, TP.HCM",15000000.0,339.36,Nhà mặt tiền,2.5m,9.1m,Tây Nam,4.0,4.0,5.0,44.20m²,90.20m²,3.7m,,
9T8FGP,"1A Thới An 15, P.Thới An, Q.12, TP.HCM",4890000.0,60.74,Nhà mặt tiền,4m,20.28m,Bắc,2.0,1.0,1.0,80.50m²,75.70m²,8m,,
2MQJMZ,"112 Trần  Quốc Thảo, P.Võ Thị Sáu, Q.3, TP.HCM",330000000.0,800.79,Nhà mặt tiền,14m,28.38m,Tây Nam,10.0,12.0,5.0,412.09m²,1006.80m²,30m,Đầy đủ,
YBJQWD,"9A Tôn  Thất Tùng, P.Phạm Ngũ Lão, Q.1, TP.HCM",69000000.0,770.94,Nhà mặt tiền,4.5m,21.22m,Đông Bắc,9.0,12.0,8.0,89.50m²,632.30m²,20m,Đầy đủ,
6SHQN8,"90-92 Tân Hương, P.Tân Quý, Q.Tân Phú, TP.HCM",56000000.0,323.51,Nhà mặt tiền,8.2m,23.85m,Đông Nam,8.0,8.0,8.0,173.10m²,1052.20m²,20m,,
UYBQGS,"51A Trần Quốc Toản, P.Võ Thị Sáu, Q.3, TP.HCM",50000000.0,487.8,Nhà mặt tiền,6.3m,16.98m,Tây Bắc,3.0,3.0,4.0,102.50m²,359m²,,,
EJ23Y4,"116 Nguyễn Văn Thủ, P.Đa Kao, Q.1, TP.HCM",190000000.0,783.82,Nhà mặt tiền,15.85m,17.2m,Đông Nam,6.0,8.0,3.0,242.40m²,410.20m²,20m,Cơ bản,
EJ2N34,"56 Cửu Long, P.2, Q.Tân Bình, TP.HCM",28000000.0,313.9,Nhà mặt tiền,5.35m,16.72m,Tây Bắc,3.0,3.0,3.0,89.20m²,203m²,8m,,
PN6Z1G,"132 đường số 1, P.Tân Phú, Q.7, TP.HCM",160000000.0,270.77,Nhà mặt tiền,7.78m,47.42m,Nam,166.0,166.0,8.0,590.90m²,,12m,,
7K46EA,"149 Nguyễn Chí Thanh, P.9, Q.5, TP.HCM",65000000.0,377.46,Nhà mặt tiền,7.15m,29.3m,Bắc,5.0,6.0,5.0,172.20m²,286.60m²,25m,Đầy đủ,
85DKP3,"94 Nguyễn Du, P.7, Q.Gò Vấp, TP.HCM",65000000.0,197.44,Nhà mặt tiền,9.43m,31.36m,Tây Nam,26.0,28.0,7.0,329.20m²,1346m²,8m,,
0ZXKW9,"219A Phan Văn Khỏe, P.6, Q.6, TP.HCM",14000000.0,177.89,Nhà mặt tiền,3.55m,21.65m,Đông Nam,6.0,6.0,5.0,78.70m²,201.60m²,5m,,
DE4MMH,"5F Hưng Phú, P.Hưng Phú, Q.8, TP.HCM",7600000.0,168.51,Nhà mặt tiền,3.27m,14.3m,Tây,1.0,1.0,2.0,45.10m²,90.20m²,12m,,
5HKWB7,"Tam Đảo, P.15, Q.10, TP.HCM",7400000.0,256.05,Nhà mặt tiền,2.83m,10.21m,Tây Bắc,2.0,2.0,2.0,28.90m²,51m²,6m,,
0ZTNQ9,"975 Quang Trung, P.14, Q.Gò Vấp, TP.HCM",19000000.0,178.06,Nhà mặt tiền,3.78m,27.32m,Đông Bắc,9.0,9.0,4.0,106.70m²,280.60m²,30m,,
UYY4GS,"297 Ụ Cây, P.Hưng Phú, Q.8, TP.HCM",5600000.0,166.66,Nhà mặt tiền,3.85m,8.98m,Bắc,4.0,3.0,3.0,33.60m²,,,,
SDDH65,"159 Sông Lu, Xã Hòa Phú, H.Củ Chi, TP.HCM",9000000.0,15.12,Nhà mặt tiền,11.94m,50.24m,Đông Bắc,5.0,5.0,3.0,594.90m²,243.50m²,10m,,
9TZCNP,"Điện Biên Phủ, P.1, Q.3, TP.HCM",30000000.0,247.93,Nhà mặt tiền,7m,18m,Tây Nam,19.0,20.0,5.0,121m²,,,,
QA7KRU,"1257 Vĩnh Lộc, Xã Vĩnh Lộc B, H.Bình Chánh, TP.HCM",14000000.0,83.18,Nhà mặt tiền,11.99m,14.18m,Đông Nam,3.0,3.0,1.0,168.30m²,,,,
PNZWVG,"200C Bến Than, Xã Hòa Phú, H.Củ Chi, TP.HCM",2850000.0,27.69,Nhà mặt tiền,3.8m,27.09m,Tây Bắc,2.0,1.0,1.0,102.90m²,,20m,,
7KDFSA,"240 Nguyễn thị Búp, P.Hiệp Thành, Q.12, TP.HCM",14000000.0,132.07,Nhà mặt tiền,5m,21m,Tây Nam,4.0,5.0,4.0,106m²,290m²,20m,Đầy đủ,
6S3V18,"491 Lạc Long Quân, P.5, Q.11, TP.HCM",9000000.0,214.28,Nhà mặt tiền,7m,6.5m,Đông Nam,7.0,5.0,5.0,42m²,,,,Sổ riêng
QASB3U,"36 Nguyễn Văn Đừng, P.5, Q.5, TP.HCM",19000000.0,362.59,Nhà mặt tiền,3.45m,15.3m,Tây,5.0,3.0,4.0,52.40m²,156.90m²,,,
K4KYYC,"Bạch Đằng, P.25, Q.Bình Thạnh, TP.HCM",12000000.0,201.0,Nhà mặt tiền,3.6m,16.4m,Tây Nam,5.0,3.0,3.0,59.70m²,,10m,Cơ bản,Sổ riêng
JGJB20,"Thửa 815 - tờ 30 Bến Than, Xã Hòa Phú, H.Củ Chi, TP.HCM",4500000.0,17.71,Nhà mặt tiền,10m,26m,Đông Bắc,2.0,1.0,1.0,254m²,,6m,,
RPWYBJ,"93A đường số 3, P.Tân Kiểng, Q.7, TP.HCM",15000000.0,216.76,Nhà mặt tiền,3.95m,16.91m,Bắc,3.0,3.0,3.0,69.20m²,160.83m²,,,
JP4340,"28 Cây Cám, P.Bình Hưng Hoà B, Q.Bình Tân, TP.HCM",5000000.0,74.62,Nhà mặt tiền,3.18m,18.97m,Nam,2.0,3.0,2.0,19.60m²,,5.5m,,
Q50ZXU,"952 Lò Gốm, P.8, Q.6, TP.HCM",24000000.0,115.05,Nhà mặt tiền,8.4m,24.17m,Tây Bắc,8.0,6.0,2.0,208.60m²,271.80m²,,,
5YGA27,"935 Quang Trung, P.14, Q.Gò Vấp, TP.HCM",35000000.0,187.16,Nhà mặt tiền,7.4m,27.17m,Đông Bắc,2.0,2.0,2.0,187m²,320.40m²,30m,,
5YGAP7,"30 đường DC11, P.Sơn Kỳ, Q.Tân Phú, TP.HCM",12000000.0,140.0,Nhà mặt tiền,4m,25m,Tây Bắc,4.0,4.0,4.0,100m²,265.20m²,6m,,
4R65XF,"1220 Trường Sa, P.13, Q.Phú Nhuận, TP.HCM",26000000.0,339.39,Nhà mặt tiền,12m,4.95m,Tây Nam,6.0,5.0,4.0,82.50m²,239.40m²,,,
EWM664,"224 Hồng Lạc, P.11, Q.Tân Bình, TP.HCM",14000000.0,117.44,Nhà mặt tiền,3.72m,33.14m,Tây Nam,3.0,2.0,2.0,119.20m²,163.30m²,16m,Cơ bản,
6QBJ78,"98 Tam Đảo, P.14, Q.10, TP.HCM",20000000.0,417.53,Nhà mặt tiền,5m,10m,Tây Bắc,1.0,1.0,6.0,47.90m²,,16m,,
GTS862,"An Phú Đông 25, P.An Phú Đông, Q.12, TP.HCM",68000000.0,43.87,Nhà mặt tiền,23.45m,62.95m,Tây Bắc,10.0,10.0,2.0,1550m²,550m²,10m,,
SA4C25,"Phạm Hữu Chí, P.12, Q.5, TP.HCM",18000000.0,315.23,Nhà mặt tiền,3.5m,16.8m,Tây Bắc,5.0,5.0,4.0,57.10m²,206m²,,,
4R2NZF,"13-15 Phạm Vấn, P.Phú Thọ Hòa, Q.Tân Phú, TP.HCM",49000000.0,437.89,Nhà mặt tiền,6.6m,17m,Đông,6.0,6.0,6.0,111.90m²,523.80m²,13m,,
0GXDB9,"Tân Hòa Đông, P.14, Q.6, TP.HCM",28000000.0,198.44,Nhà mặt tiền,5.85m,26.27m,Tây Nam,4.0,2.0,2.0,141.10m²,142.70m²,7.2m,,Sổ riêng
5YCP47,"135 Ngô Quyền, P.Hiệp Phú, Q.9, TP.HCM",8300000.000000001,259.37,Nhà mặt tiền,3.9m,13.32m,Tây Nam,4.0,3.0,4.0,32m²,,10m,Cơ bản,Sổ riêng
3S5UTQ,"An Hội, P.15, Q.Gò Vấp, TP.HCM",16500000.0,144.35,Nhà mặt tiền,8.23m,16.3m,Đông,4.0,4.0,5.0,114.30m²,216.20m²,6m,,
YY32D6,"Phú Hòa, P.8, Q.Tân Bình, TP.HCM",62000000.0,600.36,Nhà mặt tiền,4.05m,25.5m,Tây Bắc,6.0,4.0,6.0,103.27m²,205.27m²,12m,,
A7F2YX,"đường B, P.Phú Thạnh, Q.Tân Phú, TP.HCM",13000000.0,154.76,Nhà mặt tiền,4m,21m,Tây,5.0,3.0,3.0,84m²,,,Cơ bản,
53SA7X,"119 Lê Đại Hành, P.7, Q.11, TP.HCM",18000000.0,189.07,Nhà mặt tiền,3.8m,24.2m,Đông Bắc,5.0,3.0,3.0,95.20m²,174.80m²,30m,,
EH3J4W,"201 Nguyễn Văn Thủ, P.Đa Kao, Q.1, TP.HCM",45000000.0,835.29,Nhà mặt tiền,4.05m,15m,Tây Bắc,8.0,9.0,5.0,62.50m²,266.20m²,12m,,
DUZ3HF,"47 Đường 52B, P.Tân Tạo, Q.Bình Tân, TP.HCM",12000000.0,106.66,Nhà mặt tiền,5m,22.5m,Đông,27.0,24.0,5.0,112.50m²,399.50m²,6m,,
94ZEPM,"14 Trần Quý Khoách, P.Tân Định, Q.1, TP.HCM",60000000.0,0.0,Nhà mặt tiền,6.16m,16.15m,Đông,2.0,2.0,2.0,144.51m²,,4m,,
UVAYS5,"8 Điện Biên Phủ, P.Đa Kao, Q.1, TP.HCM",18000000.0,375.78,Nhà mặt tiền,4.06m,13.55m,Tây Bắc,8.0,8.0,4.0,47.90m²,171.20m²,30m,,
CS9ZBC,"411 Võ Văn Tần, P.5, Q.3, TP.HCM",82000000.0,806.29,Nhà mặt tiền,5.84m,17.43m,Bắc,2.0,2.0,3.0,101.70m²,319m²,20m,,
3WE2Q3,"87 đường số 30, P.Tân Phong, Q.7, TP.HCM",15000000.0,208.33,Nhà mặt tiền,4m,18m,Bắc,4.0,5.0,4.0,72m²,193.60m²,6m,Cơ bản,
79C2A8,"129 Trường Chinh, P.12, Q.Tân Bình, TP.HCM",24000000.0,181.54,Nhà mặt tiền,3.8m,30.2m,Đông Bắc,2.0,2.0,2.0,132.20m²,210.29m²,15m,Cơ bản,
J32R0D,"63 Chấn Hưng, P.6, Q.Tân Bình, TP.HCM",25000000.0,346.5,Nhà mặt tiền,3.9m,18.5m,Tây Bắc,5.0,6.0,4.0,72.15m²,236.70m²,4.4m,Cơ bản,
70FGA8,"90 Dã Tượng, P.10, Q.8, TP.HCM",9600000.0,173.28,Nhà mặt tiền,3.21m,17m,Tây Bắc,3.0,3.0,4.0,55.40m²,127.40m²,4m,Cơ bản,
2535ZN,"Nguyễn Oanh, P.17, Q.Gò Vấp, TP.HCM",18000000.0,12.85,Nhà mặt tiền,3.9m,13.47m,Tây,2.0,2.0,2.0,140m²,89.60m²,4m,Cơ bản,Sổ riêng
6YSX8Y,"Âu Cơ, P.Tân Thành, Q.Tân Phú, TP.HCM",16000000.0,181.81,Nhà mặt tiền,4m,22m,Đông Bắc,1.0,1.0,1.0,88m²,88m²,15m,Cơ bản,Sổ riêng
3H95PQ,"lê thúc hoạch, P.Phú Thọ Hòa, Q.Tân Phú, TP.HCM",5000000.0,104.16,Nhà mặt tiền,4m,12m,Bắc,2.0,2.0,2.0,48m²,,,,
DRNUXH,"100 Dương ba trac, P.Rạch Ông, Q.8, TP.HCM",4179999.9999999995,77.4,Nhà mặt tiền,3.5m,9.5m,,2.0,2.0,2.0,54m²,54m²,2m,,
SBPG35,"114 Hoàng Hoa Thám, P.12, Q.Tân Bình, TP.HCM",43000000.0,228.11,Nhà mặt tiền,6.5m,29m,Tây,6.0,6.0,3.0,188.50m²,293.20m²,20m,Bàn giao thô,
AF204Y,"79A Ba Tháng Hai, P.10, Q.10, TP.HCM",12800000.0,568.88,Nhà mặt tiền,2.92m,7.7m,Tây Bắc,4.0,4.0,5.0,22.50m²,111m²,30m,Cơ bản,
AF2JEY,"93 đường số 8, Xã Bình Hưng, H.Bình Chánh, TP.HCM",32000000.0,320.0,Nhà mặt tiền,5m,20m,Bắc,14.0,8.0,6.0,100m²,380.70m²,,,
1AEK76,"4 ĐƯỜNG SỐ 50, P.2, Q.4, TP.HCM",7500000.0,288.46,Nhà mặt tiền,2.66m,10m,Đông Nam,3.0,4.0,4.0,26m²,107m²,12m,,
K0NBQC,"100 Hiep thanh 12, P.Tân Thới Hiệp, Q.12, TP.HCM",6200000.0,103.33,Nhà mặt tiền,15m,4m,Đông Bắc,3.0,2.0,1.0,60m²,120m²,7m,Cơ bản,
749T7A,"40A Đặng Văn Ngữ, P.10, Q.Phú Nhuận, TP.HCM",28990000.0,298.86,Nhà mặt tiền,4.5m,23m,Đông,4.0,5.0,4.0,97m²,328m²,15m,Đầy đủ,
WT6GVR,"123 Đinh Tiên Hoàng, P.13, Q.Bình Thạnh, TP.HCM",40000000.0,460.82,Nhà mặt tiền,5.6m,15.5m,Tây Bắc,2.0,2.0,4.0,86.80m²,260.40m²,,,
UCWVRS,"21B Đô Đốc Thủ, P.Tân Quý, Q.Tân Phú, TP.HCM",11000000.0,98.83,Nhà mặt tiền,4.1m,27m,Bắc,2.0,1.0,1.0,111.30m²,111.30m²,12m,,
74JR8A,"đường số 1, P.15, Q.Gò Vấp, TP.HCM",62000000.0,87.45,Nhà mặt tiền,16m,43.5m,Bắc,3.0,2.0,1.0,708.90m²,708.90m²,8m,Cơ bản,
EGN9M4,"228 Lê Quang Định, P.14, Q.Bình Thạnh, TP.HCM",20000000.0,338.98,Nhà mặt tiền,3.95m,20m,Tây Nam,1.0,1.0,1.0,59m²,57.37m²,,,
9V3NSP,"nguyễn háo vĩnh, P.Phú Thọ Hòa, Q.Tân Phú, TP.HCM",6000000.0,56.6,Nhà mặt tiền,4m,26.5m,Tây Nam,4.0,3.0,3.0,106m²,,,,
5EWUV7,"42 đường số 7, Xã Bình Hưng, H.Bình Chánh, TP.HCM",21000000.0,175.0,Nhà mặt tiền,6m,20m,Đông Nam,6.0,5.0,5.0,120m²,500m²,12m,Đầy đủ,
JX19Z0,"Hà Huy Giáp, P.Thạnh Lộc, Q.12, TP.HCM",27700000.0,169.93,Nhà mặt tiền,7m,23.82m,Tây,10.0,10.0,5.0,163m²,,20m,,
6YH6X8,"5 Hiệp Thành 35, P.Tân Thới Hiệp, Q.12, TP.HCM",4500000.0,91.83,Nhà mặt tiền,4m,13m,Tây Bắc,2.0,2.0,2.0,49m²,49m²,4m,Bàn giao thô,
P16FTG,"72 4, P.Hiệp Bình Phước, TP.Thủ Đức, TP.HCM",3850000.0,114.24,Nhà mặt tiền,40m,10m,Đông Bắc,2.0,2.0,2.0,33.70m²,,,,
C99K5B,"179 Cách Mạng Tháng Tám, P.5, Q.3, TP.HCM",40000000.0,394.86,Nhà mặt tiền,5.55m,27.97m,Đông Bắc,2.0,2.0,2.0,101.30m²,172.40m²,18m,,
K00X2C,"91 Duy Tân, P.15, Q.Phú Nhuận, TP.HCM",8500000.0,293.1,Nhà mặt tiền,3m,10m,Tây Bắc,3.0,3.0,3.0,29m²,90m²,8m,Cơ bản,Sổ riêng
9VM4VP,"Lạc Long Quân, P.3, Q.11, TP.HCM",4790000.0,106.44,Nhà mặt tiền,3.9m,15.2m,Đông,1.0,1.0,1.0,45m²,45m²,6m,,
EGP2S4,"240 Liên hệ, Xã Bình Mỹ, H.Củ Chi, TP.HCM",36800000.0,14.15,Nhà mặt tiền,20m,100m,Đông Nam,1.0,1.0,1.0,2600m²,,,,
3HA6TQ,"36 kinh dương vương, P.13, Q.6, TP.HCM",5790000.0,123.19,Nhà mặt tiền,3.5m,13m,Đông Nam,2.0,2.0,2.0,47m²,47m²,6m,Cơ bản,
G6MUF2,"tôn thất hiệp, P.11, Q.11, TP.HCM",11500000.0,179.96,Nhà mặt tiền,5m,12m,Đông Nam,3.0,3.0,2.0,63.90m²,,,,
DR44JH,"60 38, P.Hiệp Bình Chánh, TP.Thủ Đức, TP.HCM",6200000.0,77.5,Nhà mặt tiền,6m,15m,Tây,3.0,2.0,2.0,80m²,,,,
P1T0UG,"55 Đào Duy Anh, P.9, Q.Phú Nhuận, TP.HCM",39000000.0,354.54,Nhà mặt tiền,5m,22m,Đông Bắc,8.0,8.0,5.0,110m²,110m²,20m,Đầy đủ,
8DSFU3,"409 Lê Hồng Phong, P.2, Q.10, TP.HCM",4090000.0,123.93,Nhà mặt tiền,3.2m,11m,Đông,2.0,2.0,2.0,33m²,33m²,3m,Cơ bản,
AFKFTY,"TA 13, Thới An, Q.12, TP.HCM",7110000.0,112.93,Nhà mặt tiền,4.5m,14m,Đông,4.0,5.0,4.0,63m²,,,Đầy đủ,
74DSQA,"Bến Vân Đồn, P.2, Q.4, TP.HCM",6500000.0,260.0,Nhà mặt tiền,3m,8.2m,Đông Nam,3.0,3.0,5.0,25m²,,,,
1A3MS6,"Bến Vân Đồn, P.2, Q.4, TP.HCM",7600000.0,281.48,Nhà mặt tiền,2.7m,9.8m,Đông Bắc,3.0,4.0,5.0,27m²,27m²,,,
YWKZJD,"âu cơ, P.9, Q.Tân Bình, TP.HCM",6500000.0,135.41,Nhà mặt tiền,3m,15m,Bắc,2.0,2.0,1.0,48m²,81m²,6m,,
EGW1F4,"362-364 đường Hưng Phú, P.Hưng Phú, Q.8, TP.HCM",18500000.0,219.19,Nhà mặt tiền,6.7m,14.1m,Đông Nam,4.0,3.0,2.0,84.40m²,150.50m²,,,
SBA0B5,"TL14-27 Tam Tân, Xã Xuân Thới Sơn, H.Hóc Môn, TP.HCM",6860000.0,137.38,Nhà mặt tiền,5m,10m,Bắc,4.0,3.0,4.0,50m²,166m²,14m,Bàn giao thô,
QK5WMU,"AS48-08 Thanh Niên, Xã Xuân Thới Sơn, H.Hóc Môn, TP.HCM",6240000.0,124.84,Nhà mặt tiền,5m,10m,Đông Bắc,4.0,4.0,4.0,50m²,50m²,14m,Bàn giao thô,
5EY0G7,"MPN 29 đường số 11, P.4, Q.4, TP.HCM",9300000.0,300.0,Nhà mặt tiền,5.8m,6m,Tây Nam,3.0,4.0,4.0,31m²,94m²,10m,Cơ bản,
P121FG,"35 đường số 9, P.4, Q.8, TP.HCM",9600000.0,111.49,Nhà mặt tiền,5.78m,14.73m,Tây Nam,2.0,2.0,2.0,86.10m²,150.80m²,6m,,
K0B0GC,"21 đường Võ Liên Sơn, P.4, Q.8, TP.HCM",14000000.0,175.0,Nhà mặt tiền,4m,20m,Tây Nam,6.0,4.0,3.0,80m²,229.80m²,20m,,
C0HM8B,"tam binh, P.Hiệp Bình Phước, TP.Thủ Đức, TP.HCM",6000000.0,66.66,Nhà mặt tiền,4m,22m,,3.0,2.0,1.0,90m²,90m²,40m,,
WZEWYR,"306 Nguyễn Duy Dương, P.4, Q.10, TP.HCM",14600000.0,384.21,Nhà mặt tiền,3m,17m,Đông Bắc,4.0,4.0,4.0,38m²,50m²,15m,Đầy đủ,
A4SMCY,"1354 Ba Tháng Hai, P.2, Q.11, TP.HCM",25500000.0,394.73,Nhà mặt tiền,4.2m,15m,Đông Nam,8.0,6.0,7.0,64.60m²,360.30m²,30m,,
JNF720,"54 Lê Sao, P.Phú Thạnh, Q.Tân Phú, TP.HCM",9700000.0,147.64,Nhà mặt tiền,4m,17.16m,Tây Nam,3.0,4.0,4.0,65.70m²,216.50m²,8m,,Sổ riêng
KJYMUC,"40 đường S3, P.Tây Thạnh, Q.Tân Phú, TP.HCM",12500000.0,128.99,Nhà mặt tiền,5.3m,18m,Tây Nam,4.0,4.0,2.0,96.90m²,96.90m²,10m,Cơ bản,Sổ riêng
G107N2,"Thạnh thới, Xã Long Hòa, H.Cần Giờ, TP.HCM",11870000.0,148.42,Nhà mặt tiền,5m,16m,Tây Nam,5.0,5.0,4.0,80m²,270.40m²,,Bàn giao thô,
5BQYF7,"30 Văn Cao, P.Phú Thọ Hòa, Q.Tân Phú, TP.HCM",6300000.0,256.09,Nhà mặt tiền,3.6m,6.85m,Tây Bắc,2.0,2.0,3.0,24.60m²,66.20m²,,,Sổ riêng
UK6C6S,"573D Cách Mạng Tháng 8, P.15, Q.10, TP.HCM",7000000.0,406.97,Nhà mặt tiền,3.23m,5.92m,Tây Nam,1.0,1.0,2.0,17.20m²,35.90m²,5m,,
17N8E6,"84 Tân Quý, P.Tân Quý, Q.Tân Phú, TP.HCM",15500000.0,175.53,Nhà mặt tiền,4m,22.35m,Đông,5.0,4.0,4.0,88.30m²,204.60m²,13m,,
JNEJ70,"142 đường số 2, P.16, Q.Gò Vấp, TP.HCM",4000000.0,98.28,Nhà mặt tiền,9.24m,4.51m,Tây Bắc,3.0,3.0,2.0,40.70m²,26.80m²,,,
17TVC6,"MPN 101 Thạnh Xuân 38, P.Thạnh Xuân, Q.12, TP.HCM",7450000.0,70.75,Nhà mặt tiền,4.2m,25.1m,Đông Nam,4.0,5.0,4.0,105.30m²,105.30m²,8m,Cơ bản,
QHVVXU,"Ko có số nhà Nguyễn Thị thảnh, Xã Đông Thạnh, H.Hóc Môn, TP.HCM",2970000.0,52.1,Nhà mặt tiền,4m,15m,Đông Bắc,2.0,2.0,2.0,57m²,60m²,5m,Đầy đủ,
UK1GMS,"272 Bình Long, P.Phú Thạnh, Q.Tân Phú, TP.HCM",37500000.0,151.82,Nhà mặt tiền,8m,30.9m,Tây Nam,4.0,5.0,2.0,247m²,305m²,,,Sổ riêng
0XEK39,"719 Phạm Văn Chí, P.7, Q.6, TP.HCM",7600000.0,220.93,Nhà mặt tiền,3.1m,11.38m,Tây Bắc,4.0,3.0,4.0,34.40m²,117.30m²,,,
SC1ZX5,"38 đường số 5A, P.Bình Trị Đông B, Q.Bình Tân, TP.HCM",12000000.0,150.0,Nhà mặt tiền,4m,19m,Nam,4.0,5.0,5.0,80m²,202.20m²,12m,,
8YN9W3,"520 Nguyễn Đình Chiểu, P.4, Q.3, TP.HCM",13500000.0,391.3,Nhà mặt tiền,2.81m,14.61m,Đông Nam,3.0,3.0,3.0,34.50m²,88.30m²,,,
6ATRP8,"694 Tỉnh Lộ 10, P.Bình Trị Đông, Q.Bình Tân, TP.HCM",16000000.0,111.34,Nhà mặt tiền,10m,14.69m,Tây,3.0,1.0,2.0,143.70m²,,20m,,Sổ riêng
UKM8YS,"308 Nguyễn Duy Dương, P.4, Q.10, TP.HCM",14500000.0,377.6,Nhà mặt tiền,2.96m,16.9m,Tây Nam,5.0,3.0,4.0,38.40m²,138.10m²,10m,,
C0SDJB,"81 Thân Nhân Trung, P.13, Q.Tân Bình, TP.HCM",18000000.0,178.74,Nhà mặt tiền,3.4m,29.4m,Đông,3.0,3.0,2.0,100.70m²,110.90m²,8m,,
KJUSFC,"264-264A Phan Anh, P.Hiệp Tân, Q.Tân Phú, TP.HCM",22500000.0,159.57,Nhà mặt tiền,8.5m,24.31m,Tây Nam,3.0,3.0,1.0,141m²,184.40m²,13m,,
3DTT8Q,"276 ( số cũ 274B) Thoại Ngọc Hầu, P.Phú Thạnh, Q.Tân Phú, TP.HCM",7000000.0,88.16,Nhà mặt tiền,4.6m,15.05m,Đông,2.0,3.0,2.0,79.40m²,91.50m²,,,
PVEEYG,"27 đường S1, P.Tây Thạnh, Q.Tân Phú, TP.HCM",13500000.0,135.0,Nhà mặt tiền,5m,20m,Đông,4.0,4.0,3.0,100m²,170.30m²,8m,,
SCMX85,"28A Lê Quốc Trinh, P.Phú Thọ Hòa, Q.Tân Phú, TP.HCM",11000000.0,162.72,Nhà mặt tiền,3.7m,18.31m,Tây Nam,5.0,4.0,3.0,67.60m²,178.60m²,12m,,
G14EA2,"86 đường B2, P.Tây Thạnh, Q.Tân Phú, TP.HCM",11500000.0,164.28,Nhà mặt tiền,5m,14m,Tây Nam,5.0,5.0,2.0,70m²,75.50m²,12m,,
UKNAWS,"185 đường số 26, P.Bình Trị Đông B, Q.Bình Tân, TP.HCM",16000000.0,133.33,Nhà mặt tiền,6m,20m,Đông Bắc,5.0,4.0,4.0,120m²,287.40m²,6m,,
3DZSFQ,"189 Ấp Chiến Lược, P.Bình Hưng Hoà A, Q.Bình Tân, TP.HCM",20000000.0,122.1,Nhà mặt tiền,5.18m,30.02m,Tây Bắc,4.0,2.0,2.0,163.80m²,236m²,6m,,
SCX7H5,"236J Lê Cơ, P.An Lạc, Q.Bình Tân, TP.HCM",11500000.0,127.77,Nhà mặt tiền,4.5m,20m,Tây Bắc,5.0,4.0,4.0,90m²,220.50m²,6m,,
264TTZ,"184 Hồ Văn Long, P.Bình Hưng Hoà B, Q.Bình Tân, TP.HCM",14980000.0,104.24,Nhà mặt tiền,17.38m,20.04m,Tây Bắc,1.0,1.0,1.0,143.70m²,,5m,,
3D23EQ,"35 đường Bến Lội, P.Bình Trị Đông, Q.Bình Tân, TP.HCM",12000000.0,126.71,Nhà mặt tiền,4.37m,25.83m,Đông Bắc,13.0,13.0,5.0,94.70m²,377.68m²,12m,,
7EM7HA,"222 đường số 1A, P.Bình Trị Đông B, Q.Bình Tân, TP.HCM",13000000.0,154.76,Nhà mặt tiền,4m,21m,Đông Nam,6.0,4.0,4.0,84m²,197m²,8m,,
4G55NF,"60 Nguyễn Hữu Tiến, P.Tây Thạnh, Q.Tân Phú, TP.HCM",18000000.0,114.28,Nhà mặt tiền,6.55m,25m,Tây,5.0,5.0,2.0,157.50m²,193.70m²,,,
WZAU3R,"128/18 Thiên Phước, P.9, Q.Tân Bình, TP.HCM",11500000.0,255.55,Nhà mặt tiền,5.3m,8.5m,Đông Nam,3.0,3.0,3.0,45m²,145m²,8m,Đầy đủ,Sổ riêng
8YPHB3,"Đình nghi xuân, P.Bình Trị Đông, Q.Bình Tân, TP.HCM",4950000.0,123.75,Nhà mặt tiền,4m,10m,Đông Bắc,2.0,2.0,2.0,40m²,80m²,5m,Đầy đủ,Sổ riêng
8Y9F03,"12D Nhiêu Tứ, P.7, Q.Phú Nhuận, TP.HCM",25500000.0,212.5,Nhà mặt tiền,6m,20m,Đông,6.0,6.0,5.0,120m²,120m²,8m,Đầy đủ,Sổ riêng
KJV6WC,"Nguyễn Công Trứ, P.Cầu Ông Lãnh, Q.1, TP.HCM",22900000.0,602.63,Nhà mặt tiền,4.76m,7.5m,Tây Bắc,4.0,3.0,3.0,38m²,102.47m²,10m,,
17WRD6,"Phan Đình Phùng, P.1, Q.Phú Nhuận, TP.HCM",40000000.0,448.43,Nhà mặt tiền,4m,22.3m,Tây Nam,3.0,2.0,3.0,89.20m²,202.40m²,30m,,
3DJ8EQ,"124 Nơ Trang Long, P.14, Q.Bình Thạnh, TP.HCM",150000000.0,311.85,Nhà mặt tiền,18.65m,27.37m,Tây Nam,1.0,1.0,1.0,481m²,265.20m²,8.56m,,
8YR153,"561 Điện Biên Phủ, P.25, Q.Bình Thạnh, TP.HCM",110000000.0,487.69,Nhà mặt tiền,10.2m,35.86m,Tây Nam,1.0,1.0,1.0,225.55m²,,,,
DWN7VH,"465 Lê Trọng Tấn, P.Sơn Kỳ, Q.Tân Phú, TP.HCM",145000000.0,122.34,Nhà mặt tiền,28.5m,43.98m,Đông Bắc,1.0,1.0,1.0,1185.20m²,1114.70m²,22.32m,,
UKWZCS,"Lạc Long Quân, P.11, Q.Tân Bình, TP.HCM",23000000.0,292.73,Nhà mặt tiền,5.36m,24.36m,Đông Nam,4.0,3.0,3.0,78.57m²,181.82m²,12m,,
0X3YK9,"Lạc Long Quân, P.8, Q.Tân Bình, TP.HCM",33000000.0,162.08,Nhà mặt tiền,6.82m,29.48m,Tây Bắc,4.0,2.0,3.0,203.60m²,383m²,15m,,
7E0NBA,"Văn Chung, P.13, Q.Tân Bình, TP.HCM",7700000.0,120.38,Nhà mặt tiền,5.2m,12.4m,Bắc,4.0,3.0,2.0,63.96m²,127.92m²,3m,,
0X3SA9,"Trần Thị Trọng, P.15, Q.Tân Bình, TP.HCM",14980000.0,163.35,Nhà mặt tiền,5.02m,24.9m,Đông Nam,6.0,4.0,5.0,91.70m²,298.40m²,10m,,
QHFWMU,"Khuông Việt, P.Phú Trung, Q.Tân Phú, TP.HCM",15700000.0,117.51,Nhà mặt tiền,5.6m,24.7m,Đông,1.0,1.0,2.0,133.60m²,,16m,,
4GMVXF,"Lê Bình, P.4, Q.Tân Bình, TP.HCM",9400000.0,260.38,Nhà mặt tiền,4.07m,9.99m,Tây Bắc,2.0,1.0,2.0,36.10m²,64.90m²,7m,,
8YECG3,"174 Nam Kỳ Khởi Nghĩa, P.Võ Thị Sáu, Q.3, TP.HCM",140000000.0,654.2,Nhà mặt tiền,5.7m,40.65m,Tây Nam,29.0,30.0,7.0,214m²,1125.80m²,,,
6ABS98,"1 bạch đằng, P.14, Q.Bình Thạnh, TP.HCM",5400000.0,154.28,Nhà mặt tiền,5m,7m,Đông Nam,2.0,2.0,2.0,35m²,,,Đầy đủ,
9M374P,"Bình thành, P.Bình Hưng Hoà A, Q.Bình Tân, TP.HCM",6500000.0,108.33,Nhà mặt tiền,4m,15m,Đông,5.0,6.0,5.0,60m²,300m²,7m,Cơ bản,
PVQN8G,"Trần Thánh Tông, P.15, Q.Tân Bình, TP.HCM",8000000.0,272.1,Nhà mặt tiền,6.5m,7.2m,Tây Nam,3.0,2.0,2.0,29.40m²,61m²,,,
C0ZF5B,"Ca Văn Thỉnh, P.11, Q.Tân Bình, TP.HCM",13000000.0,174.94,Nhà mặt tiền,4.3m,17.7m,Đông Bắc,2.0,1.0,2.0,74.31m²,91.81m²,10m,,Sổ riêng
SCWYZ5,"12 Phan Phú Tiên, P.11, Q.5, TP.HCM",19500000.0,234.93,Nhà mặt tiền,4m,20.75m,Tây,4.0,4.0,3.0,83m²,170.30m²,,,
A4JUSY,"1589 đường Ba Tháng Hai, P.16, Q.11, TP.HCM",62000000.0,223.82,Nhà mặt tiền,15.7m,23.4m,Bắc,5.0,5.0,5.0,277m²,1029.60m²,20m,,
7ERMWA,"MPN 303/27 Thạnh Xuân 22, P.Thạnh Xuân, Q.12, TP.HCM",9600000.0,95.71,Nhà mặt tiền,4m,24.91m,Tây Nam,4.0,5.0,6.0,100.30m²,,6m,,Sổ riêng
7ERGKA,"41-43 Nam Kỳ Khởi Nghĩa, P.Nguyễn Thái Bình, Q.1, TP.HCM",780000000.0,2.65,Nhà mặt tiền,9.83m,29.99m,Đông Bắc,4.0,4.0,4.0,294m²,,,,
6AH398,"đường số 82, P.10, Q.6, TP.HCM",8900000.0,148.33,Nhà mặt tiền,4m,15m,Nam,2.0,2.0,3.0,60m²,125.60m²,,,
UKBXJS,"đường số 6, P.4, Q.4, TP.HCM",7500000.0,250.0,Nhà mặt tiền,3m,10m,Bắc,3.0,4.0,4.0,30m²,122m²,6m,,
SCEME5,"đường số 5, P.4, Q.4, TP.HCM",8150000.0,332.65,Nhà mặt tiền,3.04m,8m,Tây Bắc,3.0,3.0,4.0,24.50m²,123.80m²,6m,,
0XVY49,"95C Phan Đăng Lưu, P.7, Q.Phú Nhuận, TP.HCM",175000000.0,522.85,Nhà mặt tiền,15.35m,18m,Bắc,1.0,1.0,6.0,334.70m²,894.70m²,18m,,
6AD0Y8,"367-369 Lê Quang Định, P.5, Q.Bình Thạnh, TP.HCM",100000000.0,339.32,Nhà mặt tiền,8.9m,40.75m,Đông Bắc,1.0,1.0,7.0,294.70m²,1753m²,15.56m,,
6AD4K8,"3 Huỳnh Khương Ninh, P.Đa Kao, Q.1, TP.HCM",26900000.0,338.36,Nhà mặt tiền,4m,19.23m,Tây Bắc,4.0,5.0,3.0,79.50m²,231.22m²,4.9m,,
6A5E78,"Cao Văn Lầu, P.1, Q.6, TP.HCM",25500000.0,323.6,Nhà mặt tiền,3.98m,24.38m,Đông Bắc,4.0,2.0,2.0,78.80m²,148.90m²,8m,,
6A53T8,"Đoàn Văn Bơ, P.16, Q.4, TP.HCM",13500000.0,137.05,Nhà mặt tiền,2.98m,18.11m,Đông Bắc,15.0,15.0,4.0,98.50m²,304m²,3.7m,,
0XZKG9,"Mạc Đĩnh Chi, P.Đa Kao, Q.1, TP.HCM",16900000.0,301.78,Nhà mặt tiền,4m,14m,Đông Nam,5.0,6.0,3.0,56m²,,,,
5BDPG7,"108 Lê Cao Lãng, P.Phú Thạnh, Q.Tân Phú, TP.HCM",7000000.0,175.87,Nhà mặt tiền,2.6m,19.35m,Tây Nam,1.0,1.0,1.0,39.80m²,60.40m²,,,
C0FP0B,"Hẻm 131 tây lân tây lân, P.Tân Tạo, Q.Bình Tân, TP.HCM",4400000.0,80.0,Nhà mặt tiền,5.5m,10m,Đông,4.0,4.0,3.0,55m²,,,,
5BAZV7,"đường Gò Ô Môi, P.Phú Thuận, Q.7, TP.HCM",28000000.0,102.56,Nhà mặt tiền,13m,21m,Đông Nam,4.0,3.0,3.0,273m²,271.50m²,12m,,
6A3JG8,"Lê Đại Hành, P.11, Q.11, TP.HCM",16500000.0,173.68,Nhà mặt tiền,3.75m,28.6m,Đông Bắc,15.0,15.0,4.0,95m²,227.50m²,11m,,
RZW7EJ,"Nguyễn Tiểu La, P.8, Q.10, TP.HCM",13500000.0,544.35,Nhà mặt tiền,3.05m,11.76m,Tây Nam,5.0,4.0,4.0,24.80m²,90.30m²,8.3m,,
671BJ8,"Lạc Long Quân, P.5, Q.11, TP.HCM",7200000.0,152.54,Nhà mặt tiền,4.15m,11.75m,Đông Bắc,2.0,3.0,3.0,47.20m²,53.50m²,,,
UHQF6S,"đường số 27, P.11, Q.6, TP.HCM",12300000.0,165.32,Nhà mặt tiền,4m,18.8m,Tây,5.0,3.0,4.0,74.40m²,213.80m²,13m,,
7B5HHA,"Thạnh Lộc 29, P.Thạnh Lộc, Q.12, TP.HCM",8800000.0,56.62,Nhà mặt tiền,8.76m,16.01m,Tây Nam,1.0,1.0,2.0,155.40m²,,5m,,
Y4729D,"425 Nguyễn Thái Bình, P.12, Q.Tân Bình, TP.HCM",22000000.0,306.4,Nhà mặt tiền,4.2m,17.3m,Tây Bắc,4.0,4.0,3.0,71.80m²,71.80m²,20m,Cơ bản,
5CUE07,"188B Lê Văn Sỹ, P.10, Q.Phú Nhuận, TP.HCM",60000000.0,344.82,Nhà mặt tiền,5.2m,34m,Tây Nam,6.0,6.0,3.0,174m²,353m²,20m,Cơ bản,
SKV9P5,"474D Dương Quảng Hàm, P.6, Q.Gò Vấp, TP.HCM",58000000.0,170.99,Nhà mặt tiền,8.53m,41m,Tây Nam,2.0,2.0,2.0,339.20m²,339.20m²,40m,Cơ bản,
UHT6DS,"39 Trương Thị Ngào, P.Trung Mỹ Tây, Q.12, TP.HCM",8100000.0,88.04,Nhà mặt tiền,5m,18.44m,Bắc,4.0,4.0,2.0,92m²,,8m,,
PMHJFG,"41 Quang trung, P.10, Q.Gò Vấp, TP.HCM",8250000.0,144.73,Nhà mặt tiền,3.5m,16m,Tây Bắc,4.0,4.0,4.0,57m²,57m²,,Đầy đủ,
AEX2BY,"31A số 24, Bình Trưng Đông, Q.2, TP.HCM",4200000.0,102.43,Nhà mặt tiền,3.5m,11.78m,Đông Nam,2.0,1.0,2.0,41m²,41m²,4m,Cơ bản,
5CGTE7,"292 Nguyễn Thị Minh Khai, P.5, Q.3, TP.HCM",58000000.0,816.21,Nhà mặt tiền,3.78m,20.05m,Đông Nam,8.0,8.0,7.0,71.06m²,363m²,35m,Đầy đủ,
CJX97B,"Nguyễn Thị Kiểu, P.Tân Thới Hiệp, Q.12, TP.HCM",4700000.0,102.17,Nhà mặt tiền,4.6m,14m,Đông Nam,3.0,2.0,2.0,46m²,,4m,,
5CRGF7,"413 Huỳnh Văn Bánh, P.11, Q.Phú Nhuận, TP.HCM",23000000.0,375.2,Nhà mặt tiền,4.7m,13.74m,Bắc,4.0,4.0,3.0,61.30m²,164.50m²,20m,Cơ bản,
E92SB4,"49 ấp 3, Xã Đông Thạnh, H.Hóc Môn, TP.HCM",6500000.0,109.61,Nhà mặt tiền,8.73m,9.91m,Tây,2.0,1.0,1.0,59.30m²,,,,
QDCW0U,"93 Gò Xoài, P.Bình Hưng Hoà A, Q.Bình Tân, TP.HCM",19500000.0,263.51,Nhà mặt tiền,4m,18.6m,Đông Nam,5.0,6.0,4.0,74m²,216.02m²,12m,,
PM1WTG,"Thửa 20 - tờ 103 Tỉnh Lộ 8, Xã Tân An Hội, H.Củ Chi, TP.HCM",13000000.0,12.94,Nhà mặt tiền,20.32m,49.73m,Tây Bắc,2.0,1.0,1.0,1004.30m²,,20m,,
UHCGMS,"116 Thạnh Lộc 15, P.Thạnh Lộc, Q.12, TP.HCM",8500000.0,82.6,Nhà mặt tiền,4.69m,26.79m,Tây Bắc,2.0,2.0,2.0,102.90m²,119.70m²,6.19m,,
AEFW0Y,"Thống Nhất, P.16, Q.Gò Vấp, TP.HCM",6550000.0,128.43,Nhà mặt tiền,4.3m,13m,Đông Nam,3.0,4.0,5.0,51m²,51m²,,,
SKCC85,"Lê Trọng Tấn, P.Bình Hưng Hoà A, Q.Bình Tân, TP.HCM",11000000.0,110.0,Nhà mặt tiền,5m,20m,Đông,4.0,4.0,2.0,100m²,300m²,16m,Đầy đủ,
GVVFT2,"1227 Duyên Hải, Xã Long Hòa, H.Cần Giờ, TP.HCM",13700000.0,182.66,Nhà mặt tiền,5m,15m,Đông Bắc,7.0,6.0,5.0,75m²,244.20m²,14m,Bàn giao thô,
3YYJEQ,"Thửa 686 - Tờ 172 đường 29, Xã Phước Vĩnh An, H.Củ Chi, TP.HCM",2550000.0,25.07,Nhà mặt tiền,5.5m,19.42m,Tây Nam,3.0,2.0,2.0,101.70m²,,6m,,
QDA4GU,"20 Trần Văn Thành, P.8, Q.8, TP.HCM",5390000.0,119.77,Nhà mặt tiền,2.97m,14.59m,Đông Bắc,2.0,2.0,2.0,45m²,,,,
SHS2J5,"10 đường số 34, P.9, Q.4, TP.HCM",8750000.0,312.5,Nhà mặt tiền,3.99m,7.02m,Tây Bắc,2.0,3.0,4.0,28m²,99.20m²,6m,,
YEYN9D,"87A Thống Nhất, P.Tân Thành, Q.Tân Phú, TP.HCM",14500000.0,241.66,Nhà mặt tiền,3.93m,15.85m,Đông Bắc,4.0,4.0,4.0,60m²,213.40m²,8m,,
D4DN3H,"Trần Nhân Tôn, P.2, Q.10, TP.HCM",9500000.0,489.69,Nhà mặt tiền,3.28m,10.03m,Đông Bắc,3.0,3.0,5.0,19.40m²,87.40m²,,,
R2WFGJ,"Mã căn A14 - khu nhà phố thương mại The Sholi số 311 An Dương Vương, P.An Lạc, Q.Bình Tân, TP.HCM",9500000.0,118.75,Nhà mặt tiền,4m,20m,Tây Bắc,6.0,6.0,6.0,80m²,,9.4m,Bàn giao thô,
7CSDUA,"4 Thạnh Lộc 54, P.Thạnh Lộc, Q.12, TP.HCM",5900000.0,118.0,Nhà mặt tiền,4.98m,10m,Tây Bắc,4.0,5.0,5.0,50m²,227.90m²,8m,,
5KQ1S7,"62A Thạnh Xuân 43, P.Thới An, Q.12, TP.HCM",5650000.0,87.73,Nhà mặt tiền,4m,16.1m,Tây Nam,4.0,4.0,4.0,64.40m²,,6m,,
SHM3Q5,"141 Cao Xuân Dục, P.Xóm Củi, Q.8, TP.HCM",5200000.0,209.67,Nhà mặt tiền,3m,8.96m,Tây Bắc,2.0,2.0,2.0,24.80m²,,,,
3ATSBQ,"Nguyễn Phi Khanh, P.Tân Định, Q.1, TP.HCM",13500000.0,412.84,Nhà mặt tiền,3.32m,1077m,Nam,3.0,3.0,4.0,32.70m²,126.10m²,8m,,
65GY98,"Duy Tân, P.15, Q.Phú Nhuận, TP.HCM",8600000.0,192.39,Nhà mặt tiền,3.4m,13.05m,Bắc,3.0,3.0,2.0,44.70m²,79.10m²,5m,,
UDTG6S,"502 Huỳnh tấn phát, P.Bình Thuận, Q.7, TP.HCM",4300000.0,63.23,Nhà mặt tiền,6m,12m,Đông,4.0,4.0,2.0,68m²,,,,
WGSA7R,"11 Đinh Đức Thiện, Xã Bình Chánh, H.Bình Chánh, TP.HCM",550.0,9.16,Nhà mặt tiền,4m,15m,Đông,3.0,2.0,1.0,60m²,60m²,5m,Cơ bản,
654H18,"214 Đoàn Nguyễn Tuấn, Xã Hưng Long, H.Bình Chánh, TP.HCM",980.0,8.22,Nhà mặt tiền,4.71m,26.76m,Đông Nam,4.0,2.0,2.0,119.10m²,,6m,Đầy đủ,
E0XN14,"23E Khu phố 2, P.Thạnh Xuân, Q.12, TP.HCM",2190000.0,43.8,Nhà mặt tiền,4m,15m,Đông Bắc,2.0,1.0,1.0,50m²,,,,
E0XN14,"23E Khu phố 2, P.Thạnh Xuân, Q.12, TP.HCM",2190000.0,43.8,Nhà mặt tiền,4m,15m,Đông Bắc,2.0,1.0,1.0,50m²,,,,
65C1E8,"Mã Lò, P.Bình Trị Đông A, Q.Bình Tân, TP.HCM",26000000.0,185.58,Nhà mặt tiền,6.16m,29.84m,Đông Bắc,2.0,3.0,2.0,140.10m²,,,,
7CRHGA,"1/6C Đặng Thúc Vịnh, Xã Thới Tam Thôn, H.Hóc Môn, TP.HCM",23000000.0,97.87,Nhà mặt tiền,6.01m,53.7m,Đông Nam,2.0,1.0,1.0,235m²,,60m,Bàn giao thô,
PX8CRG,"168 đinh văn ước, Xã Hưng Long, H.Bình Chánh, TP.HCM",920.0,10.77,Nhà mặt tiền,5m,17m,Tây Bắc,2.0,2.0,1.0,85.40m²,,,Cơ bản,
3AK3ZQ,"114 Cộng Hoà, P.4, Q.Tân Bình, TP.HCM",26500000.0,373.23,Nhà mặt tiền,4m,17.85m,Nam,3.0,3.0,2.0,71m²,95m²,30m,,
SHE1F5,"đường số 14, P.Bình Hưng Hoà A, Q.Bình Tân, TP.HCM",9000000.0,130.62,Nhà mặt tiền,4m,17.17m,Tây Bắc,5.0,4.0,4.0,68.90m²,156.10m²,15m,Cơ bản,
0T2D09,"14B6 Hà Huy Giáp, P.Thạnh Lộc, Q.12, TP.HCM",15500000.0,180.86,Nhà mặt tiền,4.5m,19.09m,Đông,16.0,16.0,5.0,85.70m²,358.80m²,,,
SH7SV5,"Tỉnh Lộ 2, Xã Trung Lập Hạ, H.Củ Chi, TP.HCM",13000000.0,18.32,Nhà mặt tiền,14.2m,51.03m,Đông Bắc,7.0,7.0,4.0,709.40m²,,20m,Đầy đủ,
D4KACH,"2 ( Thửa 926 - tờ 21) đường số 76, Xã Tân Phú Trung, H.Củ Chi, TP.HCM",4000000.0,24.09,Nhà mặt tiền,8m,21.49m,Đông Bắc,8.0,8.0,2.0,166m²,,6m,,
D4KACH,"2 ( Thửa 926 - tờ 21) đường số 76, Xã Tân Phú Trung, H.Củ Chi, TP.HCM",4000000.0,24.09,Nhà mặt tiền,8m,21.49m,Đông Bắc,8.0,8.0,2.0,166m²,,6m,,
37XN8Q,"Lê Văn Lương, Xã Phước Kiển, H.Nhà Bè, TP.HCM",5000000.0,50.0,Nhà mặt tiền,5m,20m,Đông,3.0,2.0,1.0,100m²,,,,
DEUP3H,"109A Tam Châu, P.Tam Phú, TP.Thủ Đức, TP.HCM",9990000.0,63.99,Nhà mặt tiền,5m,27.23m,Đông Bắc,3.0,2.0,2.0,156.10m²,173.80m²,8m,,
37NT8Q,"24 Nguyễn Bá Tuyển, P.12, Q.Tân Bình, TP.HCM",50000000.0,226.24,Nhà mặt tiền,6.8m,34.3m,Đông,5.0,5.0,5.0,221m²,7m²,,,Sổ riêng
DEQT7H,"100 Trần Quốc Toản, P.Võ Thị Sáu, Q.3, TP.HCM",15900000.0,280.42,Nhà mặt tiền,9.3m,6m,Đông Nam,3.0,3.0,4.0,56.70m²,156.90m²,16m,,Sổ riêng
0ZCJY9,"394A ( sổ 392) Nguyễn Thị Kiểu, P.Hiệp Thành, Q.12, TP.HCM",12900000.0,92.14,Nhà mặt tiền,5.6m,25m,Tây Nam,1.0,1.0,2.0,140m²,60.19m²,12m,,
1UGR86,"Trịnh Quang Nghị, P.7, Q.8, TP.HCM",8900000.0,80.9,Nhà mặt tiền,5m,22m,Tây Bắc,4.0,5.0,4.0,110m²,285.70m²,10m,Đầy đủ,
DE6JQH,"19 đường số 20, Phước Long B, Q.9, TP.HCM",19300000.0,120.62,Nhà mặt tiền,8m,20m,Tây Nam,4.0,5.0,3.0,160m²,239.10m²,16m,,
0ZY0B9,"1 Nguyễn Văn Bứa, Xã Xuân Thới Sơn, H.Hóc Môn, TP.HCM",750.0,18.75,Nhà mặt tiền,4m,10m,Tây Nam,2.0,2.0,1.0,40m²,80m²,6m,Cơ bản,
PNHBYG,"5B (Thửa 26 - tờ 49) Nguyễn Văn On, TT.Củ Chi, H.Củ Chi, TP.HCM",3400000.0,30.35,Nhà mặt tiền,6.03m,18.86m,Tây,2.0,1.0,1.0,112m²,,8m,,
WP5VNR,"Lê Quang Định, P.11, Q.Bình Thạnh, TP.HCM",23000000.0,263.76,Nhà mặt tiền,4.15m,23.95m,Tây Nam,3.0,3.0,3.0,87.20m²,204.20m²,10m,,
PNHNPG,"45 Phan Đình Phùng, P.15, Q.Phú Nhuận, TP.HCM",15990000.0,366.74,Nhà mặt tiền,3m,14.15m,Đông Bắc,4.0,4.0,5.0,43.60m²,151.90m²,3m,,
YBX5KD,"86 Trần Thị Hè, P.Hiệp Thành, Q.12, TP.HCM",5500000.0,72.08,Nhà mặt tiền,4.03m,19.03m,Đông Bắc,2.0,1.0,2.0,76.30m²,100.40m²,8m,,
1UR9Y6,"34-36 đường B3, P.Tây Thạnh, Q.Tân Phú, TP.HCM",15380000.0,148.02,Nhà mặt tiền,8m,16m,Đông Bắc,6.0,4.0,3.0,103.90m²,,4.3m,,
WPS6VR,"24 Hoa Hồng, P.2, Q.Phú Nhuận, TP.HCM",24900000.0,389.06,Nhà mặt tiền,4m,16m,Nam,4.0,6.0,5.0,64m²,279.98m²,6m,Đầy đủ,
EJ6CK4,"Thửa 731 - tờ 98 đường số 5, Xã Tân Thông Hội, H.Củ Chi, TP.HCM",3950000.0,37.26,Nhà mặt tiền,5m,21.2m,Bắc,3.0,2.0,2.0,106m²,103.30m²,6m,,
YBZWTD,"đường số 7, P.11, Q.6, TP.HCM",14500000.0,181.25,Nhà mặt tiền,4m,20m,Tây,4.0,4.0,4.0,80m²,276.80m²,8m,,
6S42U8,"579 Hoàng Văn Thụ, P.4, Q.Tân Bình, TP.HCM",22000000.0,206.18,Nhà mặt tiền,3.7m,29.6m,Tây Bắc,4.0,4.0,4.0,106.70m²,272.80m²,10m,,
6SE9D8,"Huỳnh Thị Đồng, TT.Nhà Bè, H.Nhà Bè, TP.HCM",24000000.0,115.55,Nhà mặt tiền,16.23m,26m,Tây Bắc,4.0,4.0,4.0,207.70m²,856.80m²,12m,,
SDW345,"17 Hồng Hà, P.2, Q.Tân Bình, TP.HCM",26500000.0,333.33,Nhà mặt tiền,10.25m,8.32m,Nam,4.0,4.0,4.0,79.50m²,261.30m²,20m,,
PN34JG,"137bis Nguyễn Thị Minh Khai, P.Bến Thành, Q.1, TP.HCM",45000000.0,689.12,Nhà mặt tiền,4.2m,15.58m,Tây Bắc,6.0,5.0,4.0,65.30m²,145.80m²,30m,Cơ bản,
85KRM3,"2 Trương Hán Siêu, P.Tân Định, Q.1, TP.HCM",8800000.0,290.42,Nhà mặt tiền,3.65m,9.3m,Tây,3.0,4.0,4.0,30.30m²,101.70m²,5.8m,,
DEJ8MH,"749 Huỳnh Tấn phát, P.Phú Thuận, Q.7, TP.HCM",2200000.0,132.53,Nhà mặt tiền,4.2m,41m,Tây Bắc,2.0,2.0,2.0,16.60m²,,,,
DEJVTH,"đường số 12, P.10, Q.Gò Vấp, TP.HCM",24000000.0,240.0,Nhà mặt tiền,5m,20m,Nam,5.0,4.0,5.0,100m²,374.20m²,10m,Đầy đủ,Sổ riêng
6SDCV8,"21 Nguyễn Thiện Thuật, P.14, Q.Bình Thạnh, TP.HCM",290000000.0,399.94,Nhà mặt tiền,18.86m,44.75m,Đông Bắc,5.0,5.0,8.0,725.10m²,3327.10m²,9m,,
SDEW35,"77D Phú Hòa, P.8, Q.Tân Bình, TP.HCM",5400000.0,136.67,Nhà mặt tiền,4.3m,10.46m,Tây Bắc,2.0,2.0,2.0,39.51m²,79.02m²,2.5m,,
ACW0RY,"150 Hồng lạc, P.11, Q.Tân Bình, TP.HCM",3700000.0,185.0,Nhà mặt tiền,3.5m,6m,,2.0,2.0,2.0,20m²,40m²,3m,Đầy đủ,
5HE9E7,"29 Đỗ Thị Lời, P.11, Q.3, TP.HCM",19800000.0,401.45,Nhà mặt tiền,3.84m,14.1m,Đông Nam,2.0,2.0,3.0,49.32m²,128.40m²,15m,,
ACFRWY,"78 Lê Văn Sỹ, P.11, Q.Phú Nhuận, TP.HCM",55000000.0,368.87,Nhà mặt tiền,5.2m,25.06m,Tây Nam,1.0,2.0,4.0,149.10m²,369.40m²,,,
YBWE1D,"150 đường số 9, P.9, Q.Gò Vấp, TP.HCM",5950000.0,141.66,Nhà mặt tiền,2.96m,15.7m,Tây Nam,2.0,2.0,2.0,42m²,73.20m²,4m,,
6SAVW8,"Nam Kì Khởi Nghĩa, P.Võ Thị Sáu, Q.3, TP.HCM",117000000.0,776.37,Nhà mặt tiền,8.16m,25m,Tây Nam,7.0,6.0,6.0,150.70m²,469.67m²,,,
QAH6QU,"41 Lê Thúc Hoạch, P.Phú Thọ Hòa, Q.Tân Phú, TP.HCM",30000000.0,182.48,Nhà mặt tiền,8m,20.55m,Bắc,5.0,5.0,4.0,164.40m²,,30m,,Sổ riêng
6SAM28,"32/17C Phan Văn Đối, Xã Bà Điểm, H.Hóc Môn, TP.HCM",55000000.0,60.14,Nhà mặt tiền,14.02m,54.77m,Đông Nam,4.0,4.0,1.0,914.40m²,,,,
PNVDWG,"8 đường số 33A, P.Bình Trị Đông B, Q.Bình Tân, TP.HCM",30000000.0,107.52,Nhà mặt tiền,14.52m,26.76m,Nam,5.0,4.0,3.0,279m²,265.70m²,6.29m,,
85ATY3,"177 Trần Thị Trọng, P.15, Q.Tân Bình, TP.HCM",45000000.0,160.88,Nhà mặt tiền,6.2m,24.41m,Nam,31.0,32.0,5.0,279.70m²,873.30m²,14m,,
0ZNZ69,"262 Nguyễn Thái Bình, P.12, Q.Tân Bình, TP.HCM",55000000.0,333.33,Nhà mặt tiền,8.71m,20.85m,Đông Nam,3.0,2.0,4.0,165m²,406.46m²,14m,,
409M6F,"175 Bùi Minh Trực, P.5, Q.8, TP.HCM",11500000.0,169.36,Nhà mặt tiền,3.94m,17.01m,Bắc,4.0,3.0,2.0,67.90m²,98.60m²,,,
409M6F,"175 Bùi Minh Trực, P.5, Q.8, TP.HCM",11500000.0,169.36,Nhà mặt tiền,3.94m,17.01m,Bắc,4.0,3.0,2.0,67.90m²,98.60m²,,,
7KCCUA,"37B Lê Thị Bay, Xã Tân Thạnh Đông, H.Củ Chi, TP.HCM",3000000.0,29.7,Nhà mặt tiền,5.99m,17.5m,Tây Bắc,2.0,1.0,1.0,101m²,,6m,,
400ERF,"Thửa 954 - tờ 15 đường 420, Xã Phước Vĩnh An, H.Củ Chi, TP.HCM",3450000.0,32.54,Nhà mặt tiền,5m,21.44m,Tây Bắc,3.0,2.0,2.0,106m²,,6m,,Sổ riêng
QAA65U,"ngã ba đông quang, P.Hiệp Thành, Q.12, TP.HCM",780.0,30.0,Nhà mặt tiền,4m,6.5m,Đông Bắc,2.0,2.0,1.0,26m²,,4m,,
PNNQBG,"401 Man Thiện, P.Tăng Nhơn Phú A, TP.Thủ Đức, TP.HCM",22000000.0,172.95,Nhà mặt tiền,5m,25.6m,Tây Nam,3.0,3.0,3.0,127.20m²,310.20m²,15m,,
377CAQ,"414 Tỉnh Lộ 15, Xã Phú Hòa Đông, H.Củ Chi, TP.HCM",43000000.0,17.1,Nhà mặt tiền,40.5m,63.2m,Tây Nam,2.0,2.0,1.0,2513.70m²,,20m,,
CWW94B,"87 Trần Văn Đang, P.9, Q.3, TP.HCM",6500000.0,234.65,Nhà mặt tiền,2.21m,10.37m,Nam,3.0,2.0,3.0,27.70m²,57.30m²,,,
GXNP82,"51 Dương Khuê, P.Hiệp Tân, Q.Tân Phú, TP.HCM",11600000.0,154.25,Nhà mặt tiền,4m,18.8m,Đông Bắc,2.0,2.0,3.0,75.20m²,152m²,12m,,
7KHVWA,"14 Ngô Đức Kế, P.12, Q.Bình Thạnh, TP.HCM",33000000.0,212.9,Nhà mặt tiền,6m,28m,Tây Bắc,27.0,27.0,8.0,155m²,,,,
7KH9EA,"207 Tân Qúy, P.Phú Thọ Hòa, Q.Tân Phú, TP.HCM",12300000.0,209.89,Nhà mặt tiền,4m,18.05m,Tây,1.0,2.0,2.0,58.60m²,66.40m²,10m,,
CWFGRB,"28 đường số 64, Xã Tân Phú Trung, H.Củ Chi, TP.HCM",4000000.0,31.2,Nhà mặt tiền,5m,25.29m,Đông Bắc,3.0,2.0,2.0,128.20m²,144.30m²,6m,,
85UHM3,"152 Dương thị mười, P.Tân Chánh Hiệp, Q.12, TP.HCM",9500000.0,90.47,Nhà mặt tiền,5m,23m,Tây Bắc,4.0,4.0,3.0,105m²,230m²,8m,Đầy đủ,
SDABQ5,"Hẻm 749 Huỳnh Tấn Phát, P.Phú Thuận, Q.7, TP.HCM",2150000.0,126.47,Nhà mặt tiền,4.2m,4.1m,Tây Bắc,2.0,1.0,1.0,17m²,,,,
7KYSTA,"54 Lê văn lương, P.Tân Hưng, Q.7, TP.HCM",3290000.0,117.5,Nhà mặt tiền,4m,8m,Bắc,3.0,2.0,2.0,28m²,28m²,3m,Cơ bản,Sổ riêng
6S37A8,"Hiệp Nhất, P.4, Q.Tân Bình, TP.HCM",18900000.0,223.85,Nhà mặt tiền,5.49m,19.14m,Tây Nam,3.0,2.0,2.0,84.43m²,168.84m²,10m,Cơ bản,
9TGNKP,"Hồng Lạc, P.10, Q.Tân Bình, TP.HCM",9300000.0,235.32,Nhà mặt tiền,3.83m,10.34m,Bắc,4.0,4.0,4.0,39.52m²,112.86m²,,,
DBDBRH,"310 Gò Dầu, P.Tân Quý, Q.Tân Phú, TP.HCM",10700000.0,144.98,Nhà mặt tiền,3m,17.5m,Đông Nam,4.0,3.0,3.0,73.80m²,90m²,10m,,
SYQWH5,"122 Nguyễn Văn Cừ, P.Cầu Ông Lãnh, Q.1, TP.HCM",50000000.0,459.98,Nhà mặt tiền,5.12m,21.48m,Tây Nam,4.0,3.0,4.0,108.70m²,175.10m²,22m,,
PT03RG,"100 đường số 16, P.Bình Hưng Hòa, Q.Bình Tân, TP.HCM",7950000.0,146.95,Nhà mặt tiền,4.94m,11.47m,Đông Nam,4.0,3.0,4.0,54.10m²,191.90m²,10m,,
GNFDV2,"Phổ Quang, P.9, Q.Phú Nhuận, TP.HCM",17000000.0,250.0,Nhà mặt tiền,4m,17m,Tây Nam,4.0,4.0,3.0,68m²,89m²,,,
1Q2EN6,"Dương Quang Đông, P.5, Q.8, TP.HCM",24000000.0,258.06,Nhà mặt tiền,4m,23.5m,Tây Nam,4.0,3.0,4.0,93m²,215.20m²,32m,,
1QD1T6,"410 An Dương Vương, P.10, Q.6, TP.HCM",17800000.0,147.96,Nhà mặt tiền,3.8m,33.45m,Tây,2.0,3.0,1.0,120.30m²,127m²,20m,Cơ bản,Sổ riêng
35D1RQ,"81 Đô Đốc Lộc, P.Tân Quý, Q.Tân Phú, TP.HCM",3980000.0,165.83,Nhà mặt tiền,4m,6m,Đông,2.0,2.0,2.0,24m²,47.20m²,6m,,Sổ riêng
AKC5AY,"114 - 114/2 đường số 8, P.Bình Hưng Hòa, Q.Bình Tân, TP.HCM",14000000.0,69.58,Nhà mặt tiền,7.97m,24.62m,Nam,5.0,5.0,2.0,201.20m²,,,,
5DHHY7,"27A Đồng Xoài, P.13, Q.Tân Bình, TP.HCM",6000000.0,332.22,Nhà mặt tiền,4.3m,4.2m,Đông Bắc,3.0,3.0,4.0,18.06m²,57.62m²,4m,,
Q77KMU,"498 Đoàn Văn Bơ, P.15, Q.4, TP.HCM",9500000.0,164.64,Nhà mặt tiền,2.86m,18.12m,Đông Bắc,3.0,4.0,3.0,57.70m²,85.70m²,2.54m,,
1Q3JP6,"74 đường CN1, P.Sơn Kỳ, Q.Tân Phú, TP.HCM",16200000.0,162.0,Nhà mặt tiền,5m,20m,Tây Nam,1.0,1.0,2.0,100m²,156m²,15m,,
7HY94A,"108 Phạm Văn Hai, P.2, Q.Tân Bình, TP.HCM",23000000.0,204.28,Nhà mặt tiền,4.04m,28m,Đông Nam,5.0,5.0,3.0,112.59m²,264.06m²,,,
SAUQX5,"đường số 22, Bình Trưng Tây, Q.2, TP.HCM",14500000.0,63.23,Nhà mặt tiền,8.64m,22.37m,Đông Bắc,3.0,2.0,2.0,229.30m²,135.50m²,3m,Cơ bản,
3S6J4Q,"3 Núi Thành, P.13, Q.Tân Bình, TP.HCM",26500000.0,262.63,Nhà mặt tiền,7.32m,14.09m,Đông Nam,10.0,10.0,5.0,100.90m²,290.50m²,,,
GT9MK2,"Thành Mỹ, P.8, Q.Tân Bình, TP.HCM",22500000.0,157.12,Nhà mặt tiền,5.02m,30.06m,Tây Nam,1.0,1.0,2.0,143.20m²,158.70m²,,,
6QXMT8,"264 đường Lý Thái Tổ, P.1, Q.3, TP.HCM",4950000.0,267.56,Nhà mặt tiền,2.24m,9.52m,Tây Nam,2.0,2.0,3.0,18.50m²,55.50m²,,,
AHUG8Y,"146 Nguyễn Thị Nhỏ, P.12, Q.5, TP.HCM",28000000.0,327.79,Nhà mặt tiền,4m,21.5m,Tây,3.0,3.0,5.0,85.42m²,125.91m²,12.5m,,
C4SN6B,"32 Huyền Quang, P.Tân Định, Q.1, TP.HCM",10800000.0,322.38,Nhà mặt tiền,2.5m,15.41m,Đông Nam,2.0,1.0,2.0,33.50m²,71.04m²,4m,Cơ bản,
U7X43S,"Hà Huy Giáp KP1, P.Thạnh Lộc, Q.12, TP.HCM",50000000.0,102.12,Nhà mặt tiền,8.74m,42.12m,Tây Bắc,4.0,4.0,2.0,489.60m²,330.80m²,10m,Cơ bản,
6QWQR8,"số 59B, P.Tân Tạo, Q.Bình Tân, TP.HCM",15000000.0,150.0,Nhà mặt tiền,5m,20m,Tây Bắc,4.0,3.0,4.0,100m²,265m²,12m,,
W03A7R,"443 Thống Nhất, P.11, Q.Gò Vấp, TP.HCM",8600000.0,2.0,Nhà mặt tiền,3m,12.35m,Đông,2.0,2.0,2.0,37.10m²,41.80m²,,,
8UWYK3,"C25 Đường D11, P.Phú Mỹ, Q.7, TP.HCM",16800000.0,186.66,Nhà mặt tiền,5m,18m,Bắc,4.0,5.0,4.0,90m²,227.50m²,10m,Đầy đủ,
PZ5P0G,"31 Trần Khắc Chân, P.Tân Định, Q.1, TP.HCM",42000000.0,574.55,Nhà mặt tiền,6m,14.45m,Đông,6.0,6.0,7.0,73.10m²,410.76m²,15m,,
2NAGTZ,"698 Võ Văn Kiệt, P.1, Q.5, TP.HCM",13500000.0,569.23,Nhà mặt tiền,4.1m,5.9m,Tây Nam,3.0,3.0,5.0,25.50m²,97.40m²,,,
8UFGN3,"89 Nhất Chi Mai, P.13, Q.Tân Bình, TP.HCM",25000000.0,177.8,Nhà mặt tiền,5m,28.85m,Đông Bắc,4.0,2.0,2.0,140.60m²,222.90m²,11m,,
4RVE7F,"đường Thạch Lam, P.Phú Thạnh, Q.Tân Phú, TP.HCM",24000000.0,132.74,Nhà mặt tiền,7.75m,23.17m,Đông Bắc,21.0,21.0,4.0,180.80m²,447.60m²,8m,,
Q5F5CU,"163 - 165 Đường Cao Thắng, P.12, Q.10, TP.HCM",65000000.0,793.65,Nhà mặt tiền,7.7m,14.45m,Đông Bắc,1.0,1.0,1.0,81.90m²,,10m,,
JP6ZP0,"46 Tú Mỡ, P.7, Q.Gò Vấp, TP.HCM",4500000.0,200.0,Nhà mặt tiền,4.45m,5.68m,Tây Bắc,2.0,3.0,3.0,22.50m²,,4.57m,,
7DWUEA,"đường số 19, P.Bình Hưng Hoà A, Q.Bình Tân, TP.HCM",7000000.0,87.93,Nhà mặt tiền,4.04m,19.85m,Đông Bắc,3.0,4.0,3.0,79.60m²,150.70m²,4.7m,,
YKJ8BD,"154 Nguyễn Văn Trỗi, P.8, Q.Phú Nhuận, TP.HCM",30000000.0,560.74,Nhà mặt tiền,6.22m,13.23m,Tây Nam,14.0,14.0,8.0,53.50m²,393.40m²,30m,,
Q5C6HU,"Trần Tấn, Tân Sơn Nhì, Q.Tân Phú, TP.HCM",10800000.0,157.89,Nhà mặt tiền,3.8m,17.8m,Nam,5.0,6.0,4.0,53.60m²,242.60m²,6m,,
4RZQ6F,"494 Dương Quảng Hàm, P.6, Q.Gò Vấp, TP.HCM",13000000.0,250.96,Nhà mặt tiền,4m,13.16m,Tây Nam,3.0,4.0,3.0,51.80m²,135.40m²,13m,Cơ bản,
PZ1T1G,"6 Gò Công, P.13, Q.5, TP.HCM",16900000.0,358.05,Nhà mặt tiền,6.8m,15m,Tây Nam,3.0,3.0,4.0,47.20m²,147.90m²,12m,Đầy đủ,Sổ riêng
137JF6,"2A Lý Đạo Thành, P.16, Q.8, TP.HCM",6000000.0,96.61,Nhà mặt tiền,9.63m,8.9m,Nam,4.0,3.0,3.0,62.10m²,113.90m²,12m,,Sổ riêng
4RGNTF,"88 số 7, P.Tân Tạo A, Q.Bình Tân, TP.HCM",14000000.0,135.47,Nhà mặt tiền,7.49m,20m,Đông Nam,22.0,22.0,4.0,107.50m²,272m²,,,Sổ riêng
PZX3DG,"Lê Thúc Hoạch, P.Tân Quý, Q.Tân Phú, TP.HCM",31000000.0,216.78,Nhà mặt tiền,17.8m,8.7m,Đông Nam,5.0,7.0,4.0,143m²,459.89m²,30m,,
AHBEEY,"Phổ Quang, P.2, Q.Tân Bình, TP.HCM",21500000.0,315.01,Nhà mặt tiền,3.5m,21.8m,Đông,4.0,3.0,3.0,68.25m²,156.80m²,,,
0GPE29,"Nguyễn Duy Dương, P.9, Q.5, TP.HCM",29000000.0,499.13,Nhà mặt tiền,4.2m,16.1m,,4.0,4.0,4.0,58.10m²,223m²,12m,,
55RJ7X,"70 đường số 2, P.7, Q.8, TP.HCM",11500000.0,104.54,Nhà mặt tiền,5m,22m,Nam,7.0,5.0,5.0,110m²,,,Cơ bản,Sổ riêng
Q3TQUQ,"10 đường số 3, Tăng Nhơn Phú B, Q.9, TP.HCM",3850000.0,89.12,Nhà mặt tiền,3.75m,13.21m,Đông Bắc,1.0,1.0,1.0,43.20m²,43.20m²,4m,,
38P0Q3,"22C đường số 7, Long Phước, Q.9, TP.HCM",18000000.0,79.96,Nhà mặt tiền,8.473m,25.6m,Tây,3.0,6.0,3.0,225.10m²,378.40m²,5m,,
86FU3A,"8 Nguyễn Công Trứ, P.19, Q.Bình Thạnh, TP.HCM",16000000.0,428.95,Nhà mặt tiền,3.6m,12.98m,Đông Bắc,1.0,2.0,2.0,37.30m²,74.60m²,4.7m,Cơ bản,
CYHHBC,"50 đường số 4, P.Bình Trị Đông, Q.Bình Tân, TP.HCM",6000000.0,130.43,Nhà mặt tiền,3.3m,14m,Tây,2.0,3.0,3.0,46m²,95m²,6m,,
6N1U8Y,"24 Nguyễn Tuân, P.3, Q.Gò Vấp, TP.HCM",13000000.0,194.02,Nhà mặt tiền,4m,16m,Tây Nam,3.0,2.0,1.0,67m²,49.40m²,6m,,
6NN68Y,"4 Đỗ Thị Tâm, Tân Quý, Q.Tân Phú, TP.HCM",12000000.0,109.52,Nhà mặt tiền,3.9m,25.65m,Tây,2.0,1.0,1.0,102.80m²,97.10m²,5.6m,,
AQQEYX,"17 đường số 7, P.An Lạc, Q.Bình Tân, TP.HCM",27000000.0,207.69,Nhà mặt tiền,6.01m,21.8m,Bắc,6.0,6.0,6.0,130m²,384m²,18m,,
8NRH3A,"219 Thoại Ngọc Hầu, P.Phú Thạnh, Q.Tân Phú, TP.HCM",16000000.0,135.59,Nhà mặt tiền,4m,29.5m,Bắc,2.0,2.0,2.0,118m²,,17m,,
8NUX3A,"69 Bác Ái, P.Tân Thành, Q.Tân Phú, TP.HCM",9200000.0,139.18,Nhà mặt tiền,4.05m,17.65m,Bắc,4.0,5.0,4.0,66.10m²,215.48m²,13m,,
6ESP8Y,"352 Lê Văn Sỹ, P.14, Q.3, TP.HCM",32000000.0,658.33,Nhà mặt tiền,4.03m,15.32m,Tây,3.0,2.0,3.0,59.20m²,182.80m²,20m,Cơ bản,
J3940D,"11 Nguyễn Văn Huyên, P.Tân Thành, Q.Tân Phú, TP.HCM",25000000.0,216.26,Nhà mặt tiền,6.7m,17m,Tây Bắc,4.0,4.0,4.0,115.60m²,370.20m²,10m,,
6YWDG8,"72a Bùi Quang  là, P.12, Q.Gò Vấp, TP.HCM",8900000.0,118.66,Nhà mặt tiền,4m,16m,Đông Bắc,3.0,4.0,3.0,75m²,147m²,10m,Đầy đủ,Sổ riêng
SB9YP5,"116 Phùng Văn Cung, P.4, Q.Phú Nhuận, TP.HCM",15550000.0,307.92,Nhà mặt tiền,6.5m,8m,Tây Nam,5.0,6.0,4.0,50.50m²,,8m,,
28S1HZ,"Ngô Đức Kế, P.12, Q.Bình Thạnh, TP.HCM",20500000.0,205.0,Nhà mặt tiền,4.05m,25.26m,Nam,5.0,6.0,4.0,100m²,220.10m²,5.11m,,
SBWHT5,"Võ Thị Hồi, Xã Xuân Thới Đông, H.Hóc Môn, TP.HCM",3950000.0,39.5,Nhà mặt tiền,5m,20m,Đông Nam,3.0,2.0,1.0,100m²,100m²,4m,Cơ bản,Sổ riêng
74RW7A,"12222 Tỉnh lộ 10, P.Tân Tạo, Q.Bình Tân, TP.HCM",7200000.0,100.0,Nhà mặt tiền,4.5m,16m,Tây Bắc,5.0,4.0,5.0,72m²,,6m,Đầy đủ,
7446RA,"Phạm Văn Đồng, P.Hiệp Bình Chánh, TP.Thủ Đức, TP.HCM",7000000.0,87.5,Nhà mặt tiền,5.6m,14.2m,Đông Nam,3.0,3.0,1.0,80m²,80m²,,,
AFET1Y,"Bùi Thế Mỹ, P.10, Q.Tân Bình, TP.HCM",8500000.0,101.19,Nhà mặt tiền,4.5m,17m,Bắc,4.0,4.0,3.0,84m²,,,,
RN213J,"trần văn giáp, P.Hiệp Tân, Q.Tân Phú, TP.HCM",8700000.0,155.35,Nhà mặt tiền,3.9m,20m,Đông,3.0,3.0,2.0,56m²,69m²,8m,,
3H7U1Q,"24 Tân Chánh Hiệp 08, P.Tân Chánh Hiệp, Q.12, TP.HCM",6180000.0,90.88,Nhà mặt tiền,4m,19m,Bắc,3.0,2.0,2.0,68m²,,6m,,
SB7EH5,"77 đường 3158C Phạm Thế Hiển, P.7, Q.8, TP.HCM",13000000.0,67.7,Nhà mặt tiền,8m,24m,Tây Bắc,5.0,4.0,3.0,192m²,261.60m²,30m,,
6A6T28,"99:29 Nguyễn đình chiều, P.10, Q.Phú Nhuận, TP.HCM",6800000.0,226.66,Nhà mặt tiền,3m,10m,Đông Bắc,2.0,2.0,2.0,30m²,,,,
8Y8RH3,"30A1 Kênh Nước Đen, P.Bình Hưng Hòa, Q.Bình Tân, TP.HCM",11200000.0,224.0,Nhà mặt tiền,4.04m,12.4m,Nam,5.0,5.0,5.0,50m²,234.60m²,8m,,
7E7PPA,"27 Quốc lộ 22, Xã Tân Xuân, H.Hóc Môn, TP.HCM",14500000.0,104.99,Nhà mặt tiền,8.47m,25.2m,Tây Nam,1.0,1.0,1.0,138.10m²,186.70m²,30m,,
WZFQ2R,"9A Cống Lở, P.15, Q.Tân Bình, TP.HCM",15500000.0,134.78,Nhà mặt tiền,2m,30m,Đông Nam,2.0,2.0,2.0,115m²,115m²,12m,Cơ bản,
WZFPKR,"Trương Phước Phan, P.Bình Trị Đông, Q.Bình Tân, TP.HCM",16500000.0,107.84,Nhà mặt tiền,6m,25m,Đông,4.0,5.0,4.0,153m²,,,,
5BQZQ7,"8 đường B2, KDC Bến Lức, P.7, Q.8, TP.HCM",24000000.0,200.0,Nhà mặt tiền,6m,20m,Tây Nam,6.0,7.0,5.0,120m²,391m²,12m,,
G10H12,"TL11-31 Vinhomes Saigon Park, Xã Xuân Thới Sơn, H.Hóc Môn, TP.HCM",5940000.0,118.9,Nhà mặt tiền,5m,10m,Tây Nam,3.0,3.0,4.0,50m²,148.10m²,,,
8YMS13,"Thửa 54 - tờ 7 đường số 129, Xã Tân Thạnh Đông, H.Củ Chi, TP.HCM",3700000.0,12.3,Nhà mặt tiền,7m,42.82m,Đông Bắc,15.0,15.0,1.0,300.60m²,,,,
QH172U,"Thửa 840 - tờ 93 Tỉnh Lộ 15, Xã Tân Thạnh Đông, H.Củ Chi, TP.HCM",3500000.0,16.39,Nhà mặt tiền,4.14m,42.27m,Đông,1.0,1.0,1.0,213.50m²,,20m,,Sổ riêng
5B8UB7,"505 đường Lê Trọng Tấn, P.Sơn Kỳ, Q.Tân Phú, TP.HCM",14000000.0,155.9,Nhà mặt tiền,4m,22.45m,Đông Bắc,3.0,4.0,2.0,89.80m²,82.60m²,36m,,
A4QU9Y,"Ko có số nhà Thới tam thôn 16, Xã Thới Tam Thôn, H.Hóc Môn, TP.HCM",2980000.0,41.38,Nhà mặt tiền,4.5m,16m,Đông,2.0,2.0,2.0,72m²,,,,
6ATGN8,"266C Bình Trị Đông, P.Bình Trị Đông, Q.Bình Tân, TP.HCM",13800000.0,150.16,Nhà mặt tiền,4m,23m,Tây,6.0,6.0,4.0,91.90m²,233.80m²,,,
8YN9J3,"81 Hoàng Xuân Nhị, P.Phú Trung, Q.Tân Phú, TP.HCM",14100000.0,114.07,Nhà mặt tiền,1.93m,25.49m,Tây Bắc,5.0,2.0,2.0,123.60m²,133m²,6m,,
7E18YA,"8 Bế Văn Đàn, P.14, Q.Tân Bình, TP.HCM",49500000.0,88.83,Nhà mặt tiền,17.94m,30m,Đông Bắc,4.0,4.0,5.0,557.20m²,1251.40m²,12m,,
SCMV85,"59 Bế Văn Đàn, P.14, Q.Tân Bình, TP.HCM",17950000.0,249.3,Nhà mặt tiền,4m,18m,Tây Nam,5.0,5.0,4.0,72m²,258.80m²,,,
5BVGU7,"372 Huỳnh Văn Bánh, P.13, Q.Phú Nhuận, TP.HCM",22900000.0,401.75,Nhà mặt tiền,3.7m,15m,Nam,4.0,4.0,5.0,57m²,230m²,15m,Đầy đủ,
3DZUKQ,"16 đường số 32A, P.Bình Trị Đông B, Q.Bình Tân, TP.HCM",13800000.0,138.0,Nhà mặt tiền,5m,20m,Tây,4.0,6.0,4.0,100m²,284.40m²,7m,,
EPSEK4,"4 đường số 2, P.An Lạc, Q.Bình Tân, TP.HCM",7600000.0,119.68,Nhà mặt tiền,4.41m,16m,Đông Nam,3.0,3.0,4.0,63.50m²,190.98m²,12m,,
A4V32Y,"35 Huỳnh Văn Nghệ, P.12, Q.Gò Vấp, TP.HCM",5800000.0,103.38,Nhà mặt tiền,4.04m,15.51m,Tây Nam,2.0,2.0,2.0,56.10m²,57.30m²,4.4m,,
A4V1JY,"59/9K Tân xuân 1, Xã Tân Xuân, H.Hóc Môn, TP.HCM",4200000.0,68.85,Nhà mặt tiền,5.13m,9.45m,Tây Nam,4.0,2.0,2.0,61m²,129.40m²,8.64m,,
9MYM1P,"85B Ca Văn Thỉnh, P.11, Q.Tân Bình, TP.HCM",11380000.0,277.56,Nhà mặt tiền,5m,8.5m,Đông Bắc,6.0,6.0,6.0,41m²,250m²,10m,Đầy đủ,
QH9PMU,"Nguyễn Thị Minh Khai, P.Võ Thị Sáu, Q.3, TP.HCM",13500000.0,275.51,Nhà mặt tiền,3.5m,13.71m,Đông Bắc,4.0,4.0,4.0,49m²,197.44m²,,,
G1DDY2,"88 Quách Đình Bảo, P.Phú Thạnh, Q.Tân Phú, TP.HCM",22400000.0,172.17,Nhà mặt tiền,7.15m,18m,Tây Nam,4.0,5.0,3.0,130.10m²,296.10m²,,,
KJX9YC,"Đào Duy Từ, P.15, Q.Phú Nhuận, TP.HCM",7800000.0,129.56,Nhà mặt tiền,3.45m,10.55m,Tây Bắc,7.0,6.0,4.0,60.20m²,175.20m²,1.5m,,
5B9RD7,"Số 1 Trịnh Thị Tho, P.Hiệp Tân, Q.Tân Phú, TP.HCM",6900000.0,234.69,Nhà mặt tiền,3.5m,8.4m,Tây Bắc,4.0,3.0,4.0,29.40m²,97.60m²,,,
KJTMRC,"4 đường số 7, Khu Z756, P.12, Q.10, TP.HCM",57000000.0,647.72,Nhà mặt tiền,5.5m,16m,Tây Nam,5.0,5.0,4.0,88m²,250m²,12m,Đầy đủ,
C0TQGB,"Huỳnh Văn Bánh, P.11, Q.Phú Nhuận, TP.HCM",7200000.0,144.0,Nhà mặt tiền,3.38m,15.81m,Nam,2.0,2.0,2.0,50m²,82.60m²,4.15m,,Sổ riêng
6AB0C8,"Hoàng Văn Thụ, P.4, Q.Tân Bình, TP.HCM",18900000.0,260.33,Nhà mặt tiền,3.7m,19.8m,Đông Nam,3.0,2.0,2.0,72.60m²,101.30m²,20m,,
SCF485,"đường số 1, P.11, Q.Gò Vấp, TP.HCM",7600000.0,198.43,Nhà mặt tiền,4.3m,11.95m,Tây Nam,3.0,4.0,4.0,38.30m²,123.60m²,3.3m,,
5BW4H7,"đường số 5, P.17, Q.Gò Vấp, TP.HCM",6500000.0,126.95,Nhà mặt tiền,3.87m,13.58m,Tây Bắc,2.0,2.0,2.0,51.20m²,80.50m²,9m,,
C0P5VB,"Thửa 515 - tờ 10 Nguyễn Văn Khạ, Xã Tân An Hội, H.Củ Chi, TP.HCM",9500000.0,9.98,Nhà mặt tiền,9.05m,47.23m,Đông Nam,1.0,1.0,1.0,951.50m²,,11m,,
7EF19A,"Cách Mạng Tháng 8, P.12, Q.10, TP.HCM",19200000.0,319.46,Nhà mặt tiền,18.29m,6.4m,Đông Bắc,4.0,4.0,4.0,60.10m²,149.90m²,,,
QHYJ7U,"9 Vũ Ngọc Phan, P.13, Q.Bình Thạnh, TP.HCM",11900000.0,267.41,Nhà mặt tiền,4m,11.35m,Nam,4.0,5.0,4.0,44.50m²,160.20m²,,,
KJ400C,"364/1A Dương Quảng Hàm, P.5, Q.Gò Vấp, TP.HCM",12600000.0,177.46,Nhà mặt tiền,4.2m,17m,Tây Nam,5.0,6.0,5.0,71m²,259m²,12m,Cơ bản,
5BAQA7,"39 ( Thửa 270 - tờ 21 ) đường số 72A, Xã Tân Phú Trung, H.Củ Chi, TP.HCM",4700000.0,20.53,Nhà mặt tiền,9.4m,24.34m,Đông Bắc,2.0,1.0,1.0,228.90m²,,6m,,
8YQK63,"1770/29 Tỉnh lộ 10, P.Bình Trị Đông, Q.Bình Tân, TP.HCM",5250000.0,75.0,Nhà mặt tiền,4.5m,30m,Đông,3.0,2.0,2.0,130m²,84.60m²,,,
WZJ2HR,"Hoàng Hoa Thám, P.1, Q.Gò Vấp, TP.HCM",9800000.0,106.4,Nhà mặt tiền,14.05m,6.68m,Tây Nam,3.0,3.0,3.0,92.10m²,138.80m²,,,
SKQ0R5,"1 Bùi hữu nghĩa, P.2, Q.Bình Thạnh, TP.HCM",5250000.0,187.5,Nhà mặt tiền,4m,7m,Đông Nam,4.0,3.0,2.0,28m²,,,Cơ bản,
9XWE7P,"Thửa 812 - tờ 59 Lê Thị Siêng, Xã Tân Thông Hội, H.Củ Chi, TP.HCM",2890000.0,19.32,Nhà mặt tiền,5m,30.54m,Đông,2.0,1.0,1.0,150m²,,6m,,
21FA5Z,"6/3F1 Số 20, Linh Đông, Q.Thủ Đức cũ, TP.HCM",45000000.0,125.0,Nhà mặt tiền,15m,,,3.0,,,,360m²,,,
UHTX5S,"300 Lo lu, P.Trường Thạnh, TP.Thủ Đức, TP.HCM",15900000.0,196.78,Nhà mặt tiền,4m,20.2m,Đông Bắc,10.0,11.0,6.0,80.80m²,392.70m²,30m,Cơ bản,
679G78,"5 Đỗ Thị Tâm, P.Tân Quý, Q.Tân Phú, TP.HCM",7700000.0,105.63,Nhà mặt tiền,4m,18.19m,Đông,4.0,2.0,2.0,72.89m²,114.18m²,8m,,
UH2ZJS,"104 Nguyễn Cửu Vân, P.17, Q.Bình Thạnh, TP.HCM",28600000.0,263.83,Nhà mặt tiền,4.4m,23.2m,Tây Nam,1.0,1.0,2.0,108.40m²,203.40m²,,,
5CZ527,"19 Nguyễn Ngọc Nhựt, P.Tân Quý, Q.Tân Phú, TP.HCM",13600000.0,189.67,Nhà mặt tiền,4.1m,17.5m,Đông Nam,6.0,6.0,5.0,71.70m²,313.40m²,12m,,
15WTF6,"70 Nguyễn tư giản, P.12, Q.Gò Vấp, TP.HCM",10900000.0,170.31,Nhà mặt tiền,4m,16m,Bắc,4.0,5.0,5.0,64m²,,,Đầy đủ,
7B2MHA,"Phan Văn Trị, P.14, Q.Bình Thạnh, TP.HCM",3890000.0,209.13,Nhà mặt tiền,7.25m,3.42m,Tây Bắc,1.0,1.0,2.0,18.60m²,37.20m²,,,
QD0CJU,"đường số 10, P.Bình Hưng Hoà A, Q.Bình Tân, TP.HCM",17500000.0,141.47,Nhà mặt tiền,11.99m,13.99m,Tây Bắc,4.0,5.0,4.0,123.70m²,353.10m²,6m,Cơ bản,
JTQBK0,"Phan Đăng Lưu, P.5, Q.Phú Nhuận, TP.HCM",8500000.0,202.38,Nhà mặt tiền,5m,8.4m,,4.0,3.0,4.0,42m²,42m²,5m,Đầy đủ,
KRNNEC,"Khu Đô Thị Mizuki Park Nguyễn Văn Linh, Xã Bình Hưng, H.Bình Chánh, TP.HCM",18800000.0,75.5,Nhà mặt tiền,6m,21m,Tây Bắc,4.0,5.0,4.0,249m²,,,Bàn giao thô,
AEPPWY,"đường số 13, P.Bình Trị Đông B, Q.Bình Tân, TP.HCM",15500000.0,155.0,Nhà mặt tiền,5m,20m,Đông Nam,5.0,6.0,4.0,100m²,311.50m²,10m,,
8AEUK3,"111 Gần Chợ Bà Home, P.An Lạc, Q.Bình Tân, TP.HCM",1000000.0,22.72,Nhà mặt tiền,4m,11m,Tây Bắc,2.0,2.0,2.0,44m²,44m²,4m,Cơ bản,
QD4WWU,"48 Lê Văn Thọ, P.11, Q.Gò Vấp, TP.HCM",14900000.0,184.86,Nhà mặt tiền,4.1m,20m,Tây Bắc,6.0,7.0,4.0,80.60m²,216.40m²,20m,,
0N1859,"Đông Thạnh 4, Xã Đông Thạnh, H.Hóc Môn, TP.HCM",6350000.0,86.86,Nhà mặt tiền,4.51m,20.37m,Đông,2.0,1.0,1.0,73.10m²,,10m,,
5CFC57,"18 đường số 3, P.Bình Hưng Hoà A, Q.Bình Tân, TP.HCM",12500000.0,130.2,Nhà mặt tiền,7.2m,18.61m,Đông Nam,2.0,2.0,2.0,95.80m²,191.60m²,8m,,
UHB32S,"Thửa 42 - Tờ 15, 15B đường số 33, Xã Tân Thông Hội, H.Củ Chi, TP.HCM",7500000.0,20.17,Nhà mặt tiền,9m,41.33m,Tây Bắc,7.0,7.0,1.0,371.70m²,,6m,,
PM6C0G,"214 Liêu Bình Hương, Xã Tân Thông Hội, H.Củ Chi, TP.HCM",4300000.0,64.95,Nhà mặt tiền,3.98m,16.67m,Tây Nam,2.0,2.0,2.0,66.20m²,,8m,,
PM1FZG,"73 đường số 9, P.9, Q.Gò Vấp, TP.HCM",13900000.0,255.51,Nhà mặt tiền,4.01m,15.07m,Đông Bắc,4.0,5.0,6.0,54.40m²,218.20m²,8.8m,,
E9G234,"578.9 Phạm Văn Bạch, P.15, Q.Tân Bình, TP.HCM",8350000.0,119.28,Nhà mặt tiền,4m,18m,,3.0,2.0,2.0,70m²,70m²,,,
RZTYAJ,"2295 Huỳnh tấn phát, Xã Phú Xuân, H.Nhà Bè, TP.HCM",2390000.0,45.96,Nhà mặt tiền,4m,13m,Đông Bắc,4.0,3.0,1.0,52m²,104m²,5m,Cơ bản,
5CBJW7,"Nơ Trang Long, P.14, Q.Bình Thạnh, TP.HCM",2690000.0,56.04,Nhà mặt tiền,4m,12m,Đông Nam,3.0,3.0,1.0,48m²,48m²,4m,Đầy đủ,
GV1Z32,"Trần Hải Phụng, P.Tân Tạo, Q.Bình Tân, TP.HCM",5250000.0,40.29,Nhà mặt tiền,4.26m,30.29m,Đông Bắc,3.0,2.0,2.0,130.30m²,,8m,Đầy đủ,
JTT670,"26A ( Thửa 708 - tờ 25) Nguyễn Thị Điệp, Xã Đông Thạnh, H.Hóc Môn, TP.HCM",4850000.0,33.54,Nhà mặt tiền,5m,28.66m,Tây Nam,1.0,1.0,1.0,144.60m²,,13m,,
SKDZF5,"73 đường số 20, P.Bình Hưng Hoà A, Q.Bình Tân, TP.HCM",6450000.0,107.32,Nhà mặt tiền,3.99m,14.19m,Đông,3.0,3.0,3.0,60.10m²,62m²,,,
PMNUFG,"25A Nguyễn Hữu Cảnh, P.22, Q.Bình Thạnh, TP.HCM",15900000.0,255.21,Nhà mặt tiền,20.48m,3.4m,Nam,1.0,1.0,2.0,62.30m²,,20m,,Sổ riêng
CJWPRB,"594 Lê Văn Quới, P.Bình Hưng Hoà A, Q.Bình Tân, TP.HCM",33500000.0,170.83,Nhà mặt tiền,7.68m,23.68m,Nam,2.0,2.0,2.0,196.10m²,97.20m²,18m,,
656J48,"Xã Bình Mỹ, H.Củ Chi, TP.HCM",1390000.0,20.44,Nhà mặt tiền,4m,17m,Tây Bắc,3.0,3.0,3.0,68m²,,,Bàn giao thô,
9N0JAP,"56 Phan Đình Phùng, P.2, Q.Phú Nhuận, TP.HCM",17500000.0,460.52,Nhà mặt tiền,3.2m,12.5m,Tây Nam,5.0,5.0,7.0,38m²,255m²,,Đầy đủ,
1SM4Z6,"Nguyễn Tiểu La, P.8, Q.10, TP.HCM",10550000.0,422.0,Nhà mặt tiền,3.07m,11.84m,Tây Nam,3.0,3.0,4.0,25m²,89m²,14m,,
65VFE8,"Phan Huy Thực, P.Tân Kiểng, Q.7, TP.HCM",16900000.0,231.5,Nhà mặt tiền,4m,18.77m,Bắc,4.0,5.0,3.0,73m²,167m²,14m,,
YE79WD,"238 Nguyễn Thái Bình, P.4, Q.Tân Bình, TP.HCM",11500000.0,191.66,Nhà mặt tiền,4.8m,12.5m,Bắc,6.0,5.0,5.0,60m²,60m²,6m,Đầy đủ,
E0CZC4,"286 Phan Văn Trị, P.11, Q.Gò Vấp, TP.HCM",8300000.000000001,157.73,Nhà mặt tiền,3.25m,16.1m,Tây,2.0,1.0,1.0,52.62m²,56.19m²,,,
SHQAQ5,"33 Đặng Văn Ngữ, P.10, Q.Phú Nhuận, TP.HCM",28500000.0,278.86,Nhà mặt tiền,3.7m,27.31m,Tây,6.0,5.0,1.0,102.20m²,234.50m²,,,
3A1JJQ,"Đặng Minh Trứ, P.10, Q.Tân Bình, TP.HCM",4900000.0,88.76,Nhà mặt tiền,1.8m,21.3m,Nam,3.0,2.0,2.0,55.20m²,65.95m²,6m,Cơ bản,
R2BFNJ,"92 Lê Thị Hồng, P.17, Q.Gò Vấp, TP.HCM",25500000.0,180.46,Nhà mặt tiền,7.2m,20m,Bắc,20.0,20.0,4.0,141.30m²,443.50m²,,,
KW7VSC,"166 đường số 6, P.7, Q.Gò Vấp, TP.HCM",12300000.0,153.75,Nhà mặt tiền,8m,9.62m,Tây,5.0,4.0,5.0,80m²,189.50m²,,,
SH14E5,"6 Nguyễn Duy Dương, P.7, Q.5, TP.HCM",23900000.0,377.86,Nhà mặt tiền,3.7m,17.4m,Tây Nam,5.0,4.0,5.0,63.25m²,273.10m²,16m,,
0TARB9,"đường số 9, P.Bình Hưng Hòa, Q.Bình Tân, TP.HCM",23700000.0,41.51,Nhà mặt tiền,15.8m,36m,Đông Bắc,32.0,35.0,2.0,570.90m²,570.90m²,12m,Đầy đủ,
UDG3XS,"475 Cách mạng tháng tám, P.12, Q.10, TP.HCM",5800000.0,193.33,Nhà mặt tiền,4.4m,6.5m,,3.0,4.0,4.0,30m²,,,,
SH2VU5,"48 Phùng Văn Cung, P.7, Q.Phú Nhuận, TP.HCM",5650000.0,474.78,Nhà mặt tiền,3.75m,4.9m,Tây Nam,3.0,3.0,4.0,11.90m²,22.40m²,5.2m,,
SH2NQ5,"2 An Phú Tây Hưng Long, Xã An Phú Tây, H.Bình Chánh, TP.HCM",670.0,6.7,Nhà mặt tiền,5m,20m,Đông Bắc,3.0,2.0,1.0,100m²,100m²,5.5m,Đầy đủ,
UDJEVS,"Thửa 577 - tờ 21 Trần Văn Chấm, Xã Tân Thông Hội, H.Củ Chi, TP.HCM",4300000.0,31.8,Nhà mặt tiền,5m,31.6m,Tây Bắc,2.0,1.0,1.0,135.20m²,,10m,,
491WKF,"Thửa 550 - tờ 1 Tỉnh Lộ 8, Xã Bình Mỹ, H.Củ Chi, TP.HCM",6490000.0,12.98,Nhà mặt tiền,10m,50m,Đông Nam,2.0,1.0,1.0,500m²,,6m,,
5K02C7,"19A đường số 1, P.Bình Hưng Hoà A, Q.Bình Tân, TP.HCM",4680000.0,112.23,Nhà mặt tiền,3.99m,10.6m,Đông Nam,2.0,1.0,2.0,41.70m²,56.90m²,8m,,
3A4ZCQ,"22 ( Thửa 51 - tờ 15 ) Nguyễn Thị Lắng, Xã Phước Vĩnh An, H.Củ Chi, TP.HCM",1950000.0,10.9,Nhà mặt tiền,28.84m,26.75m,Đông Bắc,2.0,1.0,1.0,178.80m²,,6m,,
E0NEJ4,"967 Lạc Long Quân, P.11, Q.Tân Bình, TP.HCM",13500000.0,217.0,Nhà mặt tiền,3.5m,18.15m,Đông,3.0,4.0,4.0,62.21m²,171.58m²,10.4m,,
QYKD2U,"603 Lê Văn Thọ, P.14, Q.Gò Vấp, TP.HCM",17500000.0,164.47,Nhà mặt tiền,4.74m,19.08m,Đông,3.0,3.0,3.0,106.40m²,135.20m²,7.8m,,
E09KP4,"Huỳnh Tấn Phát, Khu phố 7, Thị trấn Nhà Bè, TP.HCM",550.0,34.37,Nhà mặt tiền,4m,4m,Đông,1.0,1.0,1.0,16m²,24m²,3m,,
UDHB5S,"88B Nguyễn Thị Hé, Xã Tân Thông Hội, H.Củ Chi, TP.HCM",2350000.0,17.12,Nhà mặt tiền,4.2m,30m,Tây Nam,2.0,1.0,1.0,137.20m²,,6m,,
E007R4,"243 đường số 6, P.7, Q.Gò Vấp, TP.HCM",3280000.0,134.97,Nhà mặt tiền,1.24m,11.1m,Đông,2.0,2.0,2.0,24.30m²,,4.2m,,
UDD2WS,"523 cách mạng tháng 8, P.15, Q.10, TP.HCM",8490000.0,188.86,Nhà mặt tiền,3m,16m,Đông Bắc,3.0,4.0,5.0,45m²,,,,
R2PEFJ,"Nguyễn Đình Chính, P.15, Q.Phú Nhuận, TP.HCM",23900000.0,234.77,Nhà mặt tiền,4.6m,21.5m,Đông Nam,3.0,2.0,2.0,101.80m²,117.30m²,,,
ABD1AY,"đường Thạnh Lộc 15, P.Thạnh Lộc, Q.12, TP.HCM",7300000.0,57.25,Nhà mặt tiền,7.44m,17.98m,Đông Nam,1.0,1.0,1.0,127.50m²,,,,
KWBNNC,"31 đường số 9, P.Bình Hưng Hòa, Q.Bình Tân, TP.HCM",5680000.0,69.86,Nhà mặt tiền,4.01m,20.36m,Đông Nam,2.0,2.0,2.0,81.30m²,106.81m²,8m,,Sổ riêng
7K6CHA,"MPN 502 Tỉnh Lộ 10, P.Bình Trị Đông, Q.Bình Tân, TP.HCM",5100000.0,99.02,Nhà mặt tiền,4.7m,11m,Nam,2.0,1.0,1.0,51.50m²,51.50m²,,,Sổ riêng
RGHQ4J,"19 Phan Xích Long, P.2, Q.Phú Nhuận, TP.HCM",39500000.0,460.37,Nhà mặt tiền,6.4m,13.4m,Bắc,5.0,5.0,6.0,85.80m²,351.20m²,15m,,
GX45X2,"158 đường số 59, P.14, Q.Gò Vấp, TP.HCM",15500000.0,280.79,Nhà mặt tiền,4m,14.9m,Tây Nam,3.0,5.0,5.0,55.20m²,229.20m²,8m,,Sổ riêng
8527Q3,"1 Lê Cao Lãng, P.Phú Thạnh, Q.Tân Phú, TP.HCM",2800000.0,149.73,Nhà mặt tiền,3.6m,5.9m,Tây Nam,3.0,3.0,3.0,18.70m²,,9m,,
37G01Q,"22A ( Thửa 800 - tờ 36) ấp Bàu Sim 2, Xã Tân Thông Hội, H.Củ Chi, TP.HCM",4000000.0,38.49,Nhà mặt tiền,5.01m,20.73m,Đông Bắc,2.0,2.0,2.0,103.90m²,,6m,,
SD2VS5,"174 Nguyễn Thái Bình, P.12, Q.Tân Bình, TP.HCM",5500000.0,369.12,Nhà mặt tiền,4.8m,3.9m,Đông,3.0,3.0,3.0,14.90m²,,8m,,Sổ riêng
40Q8PF,"39 Tân Thới Hiệp 09, P.Tân Thới Hiệp, Q.12, TP.HCM",5700000.0,61.55,Nhà mặt tiền,4m,23.16m,Bắc,1.0,1.0,2.0,92.60m²,69m²,12m,,
5HZEM7,"Nguyễn Văn Đậu, P.5, Q.Bình Thạnh, TP.HCM",43900000.0,348.41,Nhà mặt tiền,10.9m,19.69m,Đông Nam,7.0,7.0,8.0,126m²,826.80m²,7m,,
6SFN58,"Hoàng Văn Hợp, P.An Lạc A, Q.Bình Tân, TP.HCM",3750000.0,216.76,Nhà mặt tiền,5.3m,3.5m,Bắc,3.0,3.0,3.0,17.30m²,,6.9m,,
85E2V3,"72 Bùi Quang Là, P.12, Q.Gò Vấp, TP.HCM",7500000.0,100.4,Nhà mặt tiền,4.05m,15.58m,Đông Bắc,2.0,2.0,3.0,74.70m²,,12m,,
37E64Q,"82 đường số 8, P.Bình Hưng Hòa, Q.Bình Tân, TP.HCM",18600000.0,57.23,Nhà mặt tiền,16.58m,35.61m,Đông,2.0,2.0,1.0,325m²,,4.42m,,
QA40RU,"84 Tân sơn nhì, P.Tân Sơn Nhì, Q.Tân Phú, TP.HCM",6200000.0,124.0,Nhà mặt tiền,5m,10m,,3.0,2.0,2.0,50m²,,,,
6SCAV8,"Thửa 56 - tờ 29 Bùi Thị Điệt, Xã Phạm Văn Cội, H.Củ Chi, TP.HCM",9500000.0,5.72,Nhà mặt tiền,25.38m,65.94m,Tây Bắc,3.0,3.0,1.0,1658.90m²,,12.5m,,
0Z62T9,"33A Nguyễn Thị Huỳnh, P.8, Q.Phú Nhuận, TP.HCM",12300000.0,251.53,Nhà mặt tiền,4m,12.4m,Tây Bắc,5.0,6.0,4.0,48.90m²,178.10m²,3.9m,,
WPX4PR,"82 Trương Công Định, P.12, Q.Tân Bình, TP.HCM",8900000.0,86.4,Nhà mặt tiền,6.3m,16m,Đông Bắc,4.0,2.0,2.0,103m²,200m²,4m,Cơ bản,
7K4J3A,"60 Trịnh Thị Gắt, Xã Tân An Hội, H.Củ Chi, TP.HCM",2900000.0,12.13,Nhà mặt tiền,7.03m,30.18m,Tây Nam,2.0,1.0,1.0,239m²,,6m,,
ACFRJY,"51P Phan Tây Hồ, P.7, Q.Phú Nhuận, TP.HCM",9250000.0,234.17,Nhà mặt tiền,3.05m,13m,Đông Nam,6.0,6.0,4.0,39.50m²,135.90m²,14m,,
40GE4F,"40 ( Thửa 723 - tờ 25 ) Phạm Thị Xích, Xã Tân Thạnh Tây, H.Củ Chi, TP.HCM",5200000.0,26.34,Nhà mặt tiền,6.53m,28.4m,Nam,2.0,1.0,1.0,197.40m²,,6m,,
UYK32S,"40A đường số 42, Xã Tân Thông Hội, H.Củ Chi, TP.HCM",4099999.9999999995,34.54,Nhà mặt tiền,6.01m,19.75m,Tây Bắc,2.0,1.0,2.0,118.70m²,,6m,,
DEF75H,"Hương Lộ 2, P.Bình Trị Đông, Q.Bình Tân, TP.HCM",7700000.0,132.75,Nhà mặt tiền,4.2m,14m,Nam,5.0,5.0,5.0,58m²,,6m,Đầy đủ,
6S7TP8,"73 Bùi Thị Lành, Xã Trung An, H.Củ Chi, TP.HCM",3200000.0,28.57,Nhà mặt tiền,5.77m,22.28m,Tây Nam,2.0,2.0,2.0,112m²,107.50m²,12m,,
WP22QR,"4A đường Thạnh Xuân 24, P.Thạnh Xuân, Q.12, TP.HCM",5800000.0,77.33,Nhà mặt tiền,4m,18.78m,Tây Nam,4.0,3.0,3.0,75m²,152.80m²,15m,,
DEFEBH,"1598 Tỉnh Lộ 8, Xã Hòa Phú, H.Củ Chi, TP.HCM",5200000.0,32.43,Nhà mặt tiền,4.66m,35.96m,Đông Bắc,2.0,1.0,1.0,160.30m²,,20m,,Sổ riêng
0ZTDW9,"Bùi Đình Túy, P.12, Q.Bình Thạnh, TP.HCM",4600000.0,153.33,Nhà mặt tiền,3.5m,9m,Đông Nam,3.0,3.0,4.0,30m²,100m²,,,
0ZTA49,"796 Lê Đức Thọ, P.15, Q.Gò Vấp, TP.HCM",6500000.0,98.48,Nhà mặt tiền,5m,13m,Tây Nam,4.0,4.0,3.0,66m²,66m²,9m,Đầy đủ,
UYDPMS,"134 Đông Thạnh 5, Xã Đông Thạnh, H.Hóc Môn, TP.HCM",15500000.0,63.7,Nhà mặt tiền,8.41m,28.78m,Tây Bắc,4.0,3.0,2.0,243.30m²,319.20m²,8m,,
J2Z870,"24 Lê Thị Lơn, Xã Bình Mỹ, H.Củ Chi, TP.HCM",9500000.0,20.29,Nhà mặt tiền,13.11m,36.02m,Tây Bắc,1.0,1.0,1.0,468m²,441.10m²,6m,,
5HKCY7,"32 Lê Thị Bay, Xã Tân Thạnh Đông, H.Củ Chi, TP.HCM",2150000.0,24.57,Nhà mặt tiền,5.13m,18.37m,Đông Nam,3.0,1.0,1.0,87.50m²,,6m,,
409JPF,"931 Lũy Bán Bích, P.Tân Thành, Q.Tân Phú, TP.HCM",24300000.0,293.12,Nhà mặt tiền,4.3m,22m,Đông Nam,4.0,4.0,4.0,82.90m²,354.30m²,10m,,
2MMMCZ,"18 Nguyễn Thị Rõ, Xã Tân An Hội, H.Củ Chi, TP.HCM",2500000.0,21.73,Nhà mặt tiền,6.11m,20.91m,Tây Nam,2.0,1.0,2.0,115m²,,6m,,
UYY7ES,"59C Huỳnh Thị Thơm, Xã Tân Thông Hội, H.Củ Chi, TP.HCM",9700000.0,22.5,Nhà mặt tiền,10m,43.1m,Đông Bắc,24.0,24.0,2.0,431m²,,6m,,
SDYQG5,"15 Nguyễn Đình Chiểu, P.4, Q.Phú Nhuận, TP.HCM",10800000.0,177.04,Nhà mặt tiền,3.45m,17.3m,Đông Nam,2.0,1.0,2.0,61m²,104.90m²,16m,,
SDYQG5,"15 Nguyễn Đình Chiểu, P.4, Q.Phú Nhuận, TP.HCM",10800000.0,177.04,Nhà mặt tiền,3.45m,17.3m,Đông Nam,2.0,1.0,2.0,61m²,104.90m²,16m,,
UYAZ3S,"Hẻm 302 Nguyễn Văn Nghi, P.7, Q.Gò Vấp, TP.HCM",5800000.0,69.66,Nhà mặt tiền,4m,20m,Tây Bắc,1.0,1.0,1.0,83.25m²,83.25m²,3m,Bàn giao thô,
EJRUF4,"59 đường số 23, Xã Tân Thông Hội, H.Củ Chi, TP.HCM",10500000.0,40.27,Nhà mặt tiền,7m,37.32m,Đông Bắc,5.0,5.0,3.0,260.70m²,,6m,,
WP9QFR,"164 Đào Văn Thử, Xã Tân An Hội, H.Củ Chi, TP.HCM",1850000.0,14.17,Nhà mặt tiền,4m,32.41m,Đông Nam,2.0,1.0,1.0,130.50m²,,6m,,
J2GMS0,"24 Trần Thị Dư, Xã Tân An Hội, H.Củ Chi, TP.HCM",4800000.0,14.16,Nhà mặt tiền,6m,58.01m,Đông Nam,10.0,10.0,1.0,338.80m²,,6m,,
375KAQ,"152 Đào Văn Thử, Xã Tân An Hội, H.Củ Chi, TP.HCM",1950000.0,14.94,Nhà mặt tiền,4m,32.41m,Đông Nam,2.0,1.0,1.0,130.50m²,,6m,,
EJRGU4,"9 ( Thửa 52 - tờ 78 ) Nguyễn Thị Chiên, Xã Tân An Hội, H.Củ Chi, TP.HCM",1850000.0,10.51,Nhà mặt tiền,5.15m,34.87m,Đông Bắc,2.0,1.0,1.0,175.90m²,,4m,,
QA77ZU,"16A đường số 16, Xã Tân Thông Hội, H.Củ Chi, TP.HCM",2550000.0,17.0,Nhà mặt tiền,5m,30m,Tây Bắc,2.0,2.0,2.0,150m²,,5m,,
37SN2Q,"Thửa 740 - tờ 20 Tỉnh Lộ 7, Xã Thái Mỹ, H.Củ Chi, TP.HCM",2500000.0,19.79,Nhà mặt tiền,5m,25.32m,Bắc,2.0,1.0,1.0,126.30m²,,15m,,
ACDUDY,"28 Trương Thị Nguýt, Xã Phú Hòa Đông, H.Củ Chi, TP.HCM",2600000.0,9.95,Nhà mặt tiền,15.48m,27.39m,Đông Bắc,3.0,1.0,1.0,261.30m²,,12m,,
ACDV5Y,"49 Nguyễn Viết Xuân, TT.Củ Chi, H.Củ Chi, TP.HCM",3600000.0,15.06,Nhà mặt tiền,5m,47.83m,Đông Nam,2.0,1.0,1.0,238.90m²,,10m,,
WPJAGR,"126 Miếu Gò Xoài, P.Bình Hưng Hòa, Q.Bình Tân, TP.HCM",4300000.0,87.39,Nhà mặt tiền,4m,12.15m,Tây Nam,2.0,2.0,2.0,49.20m²,98.40m²,5m,,
40WN3F,"38 Lê Thị Nghiên, Xã Tân Thạnh Đông, H.Củ Chi, TP.HCM",2400000.0,25.77,Nhà mặt tiền,5.41m,24.54m,Tây Bắc,2.0,1.0,1.0,93.10m²,,6m,,
9TG14P,"Tống Văn Hên, P.15, Q.Tân Bình, TP.HCM",24900000.0,163.06,Nhà mặt tiền,5.77m,24.92m,Tây Nam,14.0,14.0,6.0,152.70m²,,5m,,
UAUY0S,"156 Lương Ngọc Quyến, P.5, Q.Gò Vấp, TP.HCM",3850000.0,427.77,Nhà mặt tiền,6m,9.4m,Nam,2.0,2.0,2.0,9m²,18m²,5m,,
5DSGZ7,"2 Cầm Bá Thước, P.7, Q.Phú Nhuận, TP.HCM",76000000.0,209.36,Nhà mặt tiền,37.38m,11.26m,Đông Nam,3.0,3.0,3.0,363m²,439.10m²,12m,,
9ZJUGP,"116 Cầu Kinh, P.Tân Tạo A, Q.Bình Tân, TP.HCM",6840000.0,119.78,Nhà mặt tiền,4.7m,26.4m,Tây Nam,6.0,6.0,2.0,57.10m²,,10m,,
9ZJUGP,"116 Cầu Kinh, P.Tân Tạo A, Q.Bình Tân, TP.HCM",6840000.0,119.78,Nhà mặt tiền,4.7m,26.4m,Tây Nam,6.0,6.0,2.0,57.10m²,,10m,,
GN9S02,"103 đường số 27, P.Bình Trị Đông B, Q.Bình Tân, TP.HCM",10900000.0,136.25,Nhà mặt tiền,4m,20m,Đông Bắc,3.0,4.0,4.0,80m²,201.60m²,8m,,
CFH22B,"46 đường số 4, P.Bình Hưng Hoà A, Q.Bình Tân, TP.HCM",4780000.0,91.57,Nhà mặt tiền,3.7m,14.1m,Tây,3.0,3.0,3.0,52.20m²,107.40m²,5.7m,,Sổ riêng
JGWMD0,"191 đường số 3, P.11, Q.Gò Vấp, TP.HCM",15300000.0,177.7,Nhà mặt tiền,4m,21.58m,Đông Bắc,4.0,5.0,4.0,86.10m²,229.70m²,8m,,
PT014G,"56 Vũ Huy Tấn, P.2, Q.Bình Thạnh, TP.HCM",55000000.0,766.01,Nhà mặt tiền,4.1m,17.6m,Nam,4.0,4.0,4.0,71.80m²,324.60m²,10m,,
CF8SEB,"Thạnh Lộc 38, P.Thạnh Lộc, Q.12, TP.HCM",3690000.0,73.35,Nhà mặt tiền,4m,12.58m,Tây Bắc,1.0,1.0,1.0,50.30m²,24.40m²,5m,,
5DZ597,"Hồng Hà, P.2, Q.Tân Bình, TP.HCM",26300000.0,238.65,Nhà mặt tiền,5.25m,21m,Nam,2.0,2.0,3.0,110.20m²,216.30m²,,,
Q70VPU,"18 Bùi Thế Mỹ, P.10, Q.Tân Bình, TP.HCM",10000000.0,153.13,Nhà mặt tiền,4.9m,12.79m,Tây Nam,4.0,2.0,2.0,65.30m²,75.30m²,3m,,
SYP0X5,"đường số 13, P.Bình Hưng Hòa, Q.Bình Tân, TP.HCM",9380000.0,90.19,Nhà mặt tiền,5m,21.06m,Bắc,1.0,1.0,2.0,104m²,,12m,,
Q7RK5U,"154 Nguyễn Thị Kiểu, P.Tân Thới Hiệp, Q.12, TP.HCM",8680000.0,127.27,Nhà mặt tiền,4.1m,23.8m,Đông Bắc,3.0,2.0,2.0,68.20m²,97.50m²,,,
W9XWGR,"Số 6 đường số 41, P.9, Q.4, TP.HCM",29000000.0,481.72,Nhà mặt tiền,4.05m,15.07m,Tây Bắc,8.0,4.0,5.0,60.20m²,285.20m²,25m,,
8SYGU3,"126 Trần Thị Điệu, Phước Long B, Q.9, TP.HCM",10300000.0,121.31,Nhà mặt tiền,4.65m,22.44m,Nam,4.0,3.0,3.0,84.90m²,205.32m²,6m,Cơ bản,
35YTRQ,"263 đường số 8, P.Bình Hưng Hoà A, Q.Bình Tân, TP.HCM",15500000.0,85.07,Nhà mặt tiền,8m,23.01m,Đông,1.0,2.0,2.0,182.20m²,44.30m²,6m,,
35YFYQ,"512 Nguyễn Văn Khối, P.9, Q.Gò Vấp, TP.HCM",21900000.0,141.83,Nhà mặt tiền,5.65m,31.62m,Tây Nam,13.0,14.0,4.0,154.40m²,449.60m²,15m,,
Q7DSAU,"33 Nguyễn Văn Khối, P.11, Q.Gò Vấp, TP.HCM",12500000.0,108.52,Nhà mặt tiền,4.4m,24.42m,Đông Bắc,6.0,2.0,2.0,115.18m²,,,,
SYY4Q5,"559B Nguyễn Văn Khối, P.9, Q.Gò Vấp, TP.HCM",15000000.0,279.32,Nhà mặt tiền,4.24m,15.84m,Đông Bắc,6.0,7.0,6.0,53.70m²,258.80m²,8m,,
SYYBQ5,"Nghiêm Toản, P.Hòa Thạnh, Q.Tân Phú, TP.HCM",6500000.0,125.0,Nhà mặt tiền,3.83m,13.52m,Bắc,1.0,1.0,1.0,52m²,,10m,Cơ bản,
ERWGU4,"Hiệp Thành 17, KP5, P.Hiệp Thành, Q.12, TP.HCM",9000000.0,99.55,Nhà mặt tiền,5m,23.96m,Tây,2.0,1.0,1.0,90.40m²,90.40m²,6.7m,,
AKDF9Y,"99 đường số 59, P.14, Q.Gò Vấp, TP.HCM",15000000.0,238.47,Nhà mặt tiền,4.5m,14.74m,Đông,6.0,5.0,5.0,62.90m²,221.80m²,8m,,
5DAKC7,"136 Chế Lan Viên, P.Tây Thạnh, Q.Tân Phú, TP.HCM",10500000.0,150.86,Nhà mặt tiền,21.46m,6.95m,Tây Nam,3.0,3.0,4.0,69.60m²,190.80m²,4m,,
W04SPR,"7 Lê Quang Chiểu, P.Hiệp Tân, Q.Tân Phú, TP.HCM",8900000.0,132.44,Nhà mặt tiền,3.45m,19.9m,Đông Nam,2.0,2.0,2.0,67.20m²,,,,
3S6AUQ,"41 Trần Văn Kỷ, P.14, Q.Bình Thạnh, TP.HCM",1900000.0,380.0,Nhà mặt tiền,1.9m,3.35m,Bắc,2.0,2.0,3.0,5m²,22.90m²,5.3m,,
EWCJU4,"28 Phan Tây Hồ, P.7, Q.Phú Nhuận, TP.HCM",12500000.0,234.96,Nhà mặt tiền,4m,9.85m,Đông Bắc,4.0,5.0,4.0,53.20m²,195.60m²,,,
5YUHC7,"207 đường số 6, P.5, Q.Gò Vấp, TP.HCM",5280000.0,170.32,Nhà mặt tiền,4.16m,7.47m,Đông Bắc,2.0,2.0,2.0,31m²,50.70m²,5.2m,,
7DQ5SA,"26A đường số 2, P.Bình Hưng Hoà A, Q.Bình Tân, TP.HCM",7000000.0,70.56,Nhà mặt tiền,4m,24.75m,Đông Bắc,4.0,3.0,3.0,99.20m²,240.40m²,2.5m,,
EWH524,"Nguyễn Hồng Đào, P.14, Q.Tân Bình, TP.HCM",15000000.0,275.22,Nhà mặt tiền,3.6m,15.95m,Đông Bắc,3.0,3.0,4.0,54.50m²,177.30m²,6m,,Sổ riêng
8UM5M3,"Bàu Cát 3, P.14, Q.Tân Bình, TP.HCM",16000000.0,233.98,Nhà mặt tiền,4.98m,13.85m,Đông Bắc,3.0,3.0,4.0,68.38m²,171.92m²,8m,,
SA61T5,"130Bis Trần Huy Liệu, P.15, Q.Phú Nhuận, TP.HCM",21000000.0,535.71,Nhà mặt tiền,4.1m,12.35m,Tây,6.0,7.0,7.0,39.20m²,260.90m²,3.4m,,
U712AS,"Nguyễn Trọng Tuyển, P.15, Q.Phú Nhuận, TP.HCM",8750000.0,280.44,Nhà mặt tiền,3.4m,12.55m,Nam,3.0,3.0,3.0,31.20m²,68.60m²,6m,,
5Y6SC7,"145A Hiệp Thành 13, P.Hiệp Thành, Q.12, TP.HCM",11800000.0,108.45,Nhà mặt tiền,4.26m,25.1m,Đông Nam,4.0,4.0,3.0,108.80m²,198.90m²,12m,,
5YMQK7,"đường số 9, P.16, Q.Gò Vấp, TP.HCM",4099999.9999999995,118.49,Nhà mặt tiền,3.01m,12m,Tây,2.0,1.0,2.0,34.60m²,48.70m²,5m,,
SAGRP5,"Tân Thới Hiệp 08, P.Tân Thới Hiệp, Q.12, TP.HCM",6200000.0,85.16,Nhà mặt tiền,5m,15.44m,Tây Bắc,1.0,1.0,1.0,72.80m²,60.80m²,10m,,
YKNCWD,"167 - 169 Ba Vân, P.14, Q.Tân Bình, TP.HCM",72690000.0,247.16,Nhà mặt tiền,23.4m,13.8m,Đông Bắc,1.0,1.0,3.0,294.10m²,,8m,,Sổ riêng
YKTYED,"101 Dương Văn Dương, P.Tân Quý, Q.Tân Phú, TP.HCM",9500000.0,107.34,Nhà mặt tiền,6.95m,13m,Tây,2.0,2.0,2.0,88.50m²,,16m,,
C4V4NB,"37 Quách Vũ, P.Hiệp Tân, Q.Tân Phú, TP.HCM",16399999.999999998,189.37,Nhà mặt tiền,4.15m,20.5m,Đông Bắc,3.0,6.0,5.0,86.60m²,,10m,Cơ bản,
PZ7CDG,"858 Nguyễn Xiển, Long Thạnh Mỹ, TP.Thủ Đức, TP.HCM",11100000.0,81.15,Nhà mặt tiền,7.37m,28.76m,Tây Bắc,1.0,1.0,1.0,134.80m²,67.60m²,,,
6QFHN8,"85 Lương Ngọc Quyến, P.5, Q.Gò Vấp, TP.HCM",6500000.0,135.98,Nhà mặt tiền,6.85m,8.98m,Nam,6.0,6.0,4.0,47.80m²,,3.7m,Đầy đủ,Sổ riêng
8UE6U3,"Nguyễn Thái Bình, P.4, Q.Tân Bình, TP.HCM",11800000.0,433.82,Nhà mặt tiền,8.85m,7.45m,Bắc,2.0,2.0,3.0,27.20m²,81.90m²,8m,,
3SE97Q,"Tân Thới Nhất 02, Tân Thới Nhất, Q.12, TP.HCM",8199999.999999999,89.22,Nhà mặt tiền,4m,24.16m,Tây Nam,6.0,6.0,1.0,91.90m²,,8m,,
9237HP,"đường 702 Hồng Bàng, P.1, Q.11, TP.HCM",8300000.000000001,0.05,Nhà mặt tiền,3.2m,14.7m,Đông Bắc,4.0,3.0,4.0,39.10m²,132.10m²,8m,,
6QKH28,"690 Phạm Văn Bạch, P.12, Q.Gò Vấp, TP.HCM",12600000.0,299.28,Nhà mặt tiền,4.05m,10.89m,Tây Bắc,5.0,4.0,5.0,42.10m²,195.20m²,14m,,
0G13Q9,"41 Nguyễn Nhữ Lãm, P.Phú Thọ Hòa, Q.Tân Phú, TP.HCM",13500000.0,300.66,Nhà mặt tiền,3.9m,11.45m,Đông Nam,4.0,4.0,5.0,44.90m²,223.30m²,11m,,
U7B83S,"589C Đường Điện Biên Phủ, P.1, Q.3, TP.HCM",21000000.0,107.14,Nhà mặt tiền,3.11m,23m,Tây Bắc,5.0,7.0,4.0,196m²,196m²,25m,Đầy đủ,Sổ riêng
7D407A,"162A Nguyễn Gia Trí, P.25, Q.Bình Thạnh, TP.HCM",50000000.0,564.97,Nhà mặt tiền,4.45m,20.3m,Tây Bắc,4.0,5.0,4.0,88.50m²,,25m,Cơ bản,Sổ riêng
7D407A,"162A Nguyễn Gia Trí, P.25, Q.Bình Thạnh, TP.HCM",50000000.0,564.97,Nhà mặt tiền,4.45m,20.3m,Tây Bắc,4.0,5.0,4.0,88.50m²,,25m,Cơ bản,Sổ riêng
5YEWY7,"Đường 3 Tháng 2, P.12, Q.10, TP.HCM",29500000.0,521.2,Nhà mặt tiền,3.97m,14.11m,Đông Nam,3.0,1.0,3.0,56.60m²,164.90m²,12m,Cơ bản,Sổ riêng
5YEH37,"Bạch Đằng, P.2, Q.Tân Bình, TP.HCM",19500000.0,226.74,Nhà mặt tiền,4.15m,20m,Đông Nam,1.0,1.0,1.0,86m²,,30m,,Sổ riêng
1371X6,"Tân Thọ, P.8, Q.Tân Bình, TP.HCM",20900000.0,360.34,Nhà mặt tiền,3.9m,16.14m,,3.0,3.0,2.0,58m²,139.50m²,5m,Cơ bản,Sổ riêng
3SDZKQ,"328 Độc Lập, P.Tân Quý, Q.Tân Phú, TP.HCM",12200000.0,157.41,Nhà mặt tiền,3.8m,20.2m,Tây Bắc,6.0,6.0,3.0,77.50m²,,16m,Đầy đủ,
R9ZAUJ,"Lạc Long Quân, P.8, Q.Tân Bình, TP.HCM",14800000.0,256.05,Nhà mặt tiền,3.3m,18.7m,Tây Bắc,5.0,4.0,6.0,57.80m²,307.90m²,7m,,
YYNWD6,"155 Trần Hưng Đạo, P.11, Q.5, TP.HCM",8500000.0,51.51,Nhà mặt tiền,3.1m,20m,Bắc,1.0,1.0,1.0,165m²,,,,
SSGC5Y,"44 Trương Hoàng Thanh, P.12, Q.Tân Bình, TP.HCM",14600000.0,283.17,Nhà mặt tiền,5m,14m,Đông Nam,4.0,3.0,3.0,70.50m²,169.50m²,6m,,
75K8A8,"32 số 8, P.Bình Hưng Hòa, Q.Bình Tân, TP.HCM",9500000.0,93.22,Nhà mặt tiền,5.26m,23.61m,Đông,3.0,4.0,3.0,101.90m²,148.26m²,4.2m,Cơ bản,
S3945Y,"Hoàng Hoa Thám, P.13, Q.Tân Bình, TP.HCM",28300000.0,241.88,Nhà mặt tiền,4m,32.9m,Đông,6.0,6.0,4.0,117m²,259.40m²,11m,,
0WPU9N,"300A Bàu Cát, P.11, Q.Tân Bình, TP.HCM",19500000.0,232.41,Nhà mặt tiền,3.9m,22m,Tây Nam,5.0,6.0,7.0,83.90m²,360.40m²,16m,,
AUQBYX,"Nguyễn Sỹ Sách, P.15, Q.Tân Bình, TP.HCM",13800000.0,229.23,Nhà mặt tiền,4.5m,13.5m,Tây Bắc,4.0,4.0,4.0,60.20m²,207.20m²,8m,Cơ bản,
AU3CYX,"20B - 22B đường số 14, P.An Lạc A, Q.Bình Tân, TP.HCM",16500000.0,154.63,Nhà mặt tiền,8m,13.8m,Tây,5.0,5.0,3.0,106.70m²,295.66m²,8.5m,,
AU96YX,"Nguyễn Ngọc Nhựt, P.Tân Quý, Q.Tân Phú, TP.HCM",7200000.0,153.51,Nhà mặt tiền,3.2m,12.65m,Tây,2.0,2.0,2.0,46.90m²,64.80m²,8m,Cơ bản,
RE65JQ,"164 Đô Đốc Lộc, P.Tân Quý, Q.Tân Phú, TP.HCM",7150000.0,76.96,Nhà mặt tiền,3.6m,23.6m,Tây,3.0,2.0,2.0,92.90m²,135.40m²,8m,,
JCF60D,"63 Cao Xuân Dục, P.Xóm Củi, Q.8, TP.HCM",13800000.0,227.94,Nhà mặt tiền,4.41m,15.04m,Tây Bắc,4.0,4.0,5.0,68.40m²,181.20m²,12m,Cơ bản,
3ZKWQ3,"50 đường Tân Thọ, P.08, Q.Tân Bình, TP.HCM",19800000.0,373.1,Nhà mặt tiền,3.6m,16.25m,Nam,3.0,3.0,3.0,58m²,139.50m²,8m,Cơ bản,
CUWPBC,"462 Âu Cơ, P.10, Q.Tân Bình, TP.HCM",20500000.0,158.66,Nhà mặt tiền,4.25m,25.88m,Đông Nam,3.0,2.0,2.0,129.20m²,135.23m²,15m,,
74259A,"30 đường số 2, P.Hiệp Bình Chánh, TP.Thủ Đức, TP.HCM",17900000.0,149.16,Nhà mặt tiền,8m,15m,Tây Bắc,4.0,3.0,3.0,120m²,350m²,10m,Cơ bản,
74PWQA,"246 Liên Khu 5-6, P.Bình Hưng Hoà B, Q.Bình Tân, TP.HCM",7500000.0,108.69,Nhà mặt tiền,4.2m,16.5m,Bắc,6.0,5.0,5.0,69m²,69m²,6m,Cơ bản,
AFJ55Y,"7 đường số 35, P.Hiệp Bình Chánh, TP.Thủ Đức, TP.HCM",9600000.0,129.72,Nhà mặt tiền,4.3m,17m,Tây Bắc,5.0,3.0,4.0,74m²,190m²,5m,Đầy đủ,
AFCAEY,"Bờ bảo tân thắng, P.Tân Sơn Nhì, Q.Tân Phú, TP.HCM",5850000.0,182.81,Nhà mặt tiền,4m,9m,Bắc,4.0,3.0,3.0,32m²,,4m,Cơ bản,
RNGK4J,"33 đường Ấp Chánh 13, Xã Tân Xuân, H.Hóc Môn, TP.HCM",3550000.0,82.94,Nhà mặt tiền,3.28m,12.21m,Đông Nam,3.0,2.0,2.0,42.80m²,85.60m²,6m,,
AFHN5Y,"61 đường 3158C Phạm Thế Hiển, P.7, Q.8, TP.HCM",7700000.0,80.2,Nhà mặt tiền,4m,24m,Tây Bắc,5.0,4.0,4.0,96m²,265.60m²,10m,,
C0DH4B,"78 Phùng Văn Cung, P.7, Q.Phú Nhuận, TP.HCM",5390000.0,317.05,Nhà mặt tiền,3.4m,5m,Tây Nam,2.0,3.0,4.0,17m²,70m²,,Cơ bản,
3D19NQ,"53 đường số 152 Cao Lỗ, P.4, Q.8, TP.HCM",15500000.0,220.17,Nhà mặt tiền,4m,17.58m,Bắc,6.0,5.0,4.0,70.40m²,177.20m²,8m,,
8YV043,"94 đường số 111 Hưng Phú, P.Hưng Phú, Q.8, TP.HCM",7800000.0,200.0,Nhà mặt tiền,2.97m,14.7m,Đông Bắc,4.0,3.0,3.0,39m²,105.90m²,,,
QHV30U,"104 đường Dương Văn Dương, P.Tân Quý, Q.Tân Phú, TP.HCM",14500000.0,226.56,Nhà mặt tiền,4m,16.03m,Đông Bắc,4.0,3.0,5.0,64m²,215.70m²,10m,,
5BXVC7,"Thửa 698 - tờ 2 Tỉnh Lộ 43, P.Bình Chiểu, TP.Thủ Đức, TP.HCM",3550000.0,64.19,Nhà mặt tiền,4m,13.83m,Tây Nam,4.0,4.0,4.0,55.30m²,,7m,,
WZV0XR,"đường Gò Cẩm Đệm, P.10, Q.Tân Bình, TP.HCM",7900000.0,119.69,Nhà mặt tiền,6.15m,13.98m,Nam,3.0,4.0,3.0,66m²,13.09m²,,,Sổ riêng
QDN7NU,"73 Đông Thạnh 4-2, Xã Đông Thạnh, H.Hóc Môn, TP.HCM",4750000.0,49.01,Nhà mặt tiền,4.01m,24.66m,Tây,3.0,3.0,2.0,96.90m²,130.90m²,6m,,
5CFDS7,"555 Đỗ Xuân Hợp, P.Phước Long B, TP.Thủ Đức, TP.HCM",9550000.0,309.22,Nhà mặt tiền,4m,17.15m,Tây Nam,1.0,2.0,2.0,30.90m²,,15m,,
KR08NC,"466 Đ.Phú Thọ Hòa, P.Phú Thọ Hòa, Q.Tân Phú, TP.HCM",3800000.0,152.0,Nhà mặt tiền,3m,8.2m,Nam,2.0,2.0,2.0,25m²,,,,
RZG4WJ,"Thửa 580 - tờ 63 Đông Thạnh 2-8, Xã Đông Thạnh, H.Hóc Môn, TP.HCM",2600000.0,38.51,Nhà mặt tiền,4.5m,15m,Bắc,3.0,2.0,2.0,67.50m²,,10m,,
4948HF,"đường số 152A Cao Lỗ, P.4, Q.8, TP.HCM",13500000.0,168.75,Nhà mặt tiền,4m,20.07m,Tây Nam,5.0,4.0,4.0,80m²,205.30m²,10m,,Sổ riêng
656W98,"đường số 84 Cao Lỗ, P.4, Q.8, TP.HCM",16500000.0,208.86,Nhà mặt tiền,4m,19.75m,Tây Bắc,4.0,5.0,4.0,79m²,203.40m²,10m,,
SH3P05,"Lạc Long Quân, P.10, Q.Tân Bình, TP.HCM",4099999.9999999995,136.66,Nhà mặt tiền,3m,10m,Bắc,3.0,2.0,2.0,30m²,60m²,3m,Đầy đủ,
3A9Z7Q,"94 Lê Cao Lãng, P.Phú Thạnh, Q.Tân Phú, TP.HCM",6750000.0,152.02,Nhà mặt tiền,4.2m,10.36m,Tây Nam,2.0,2.0,2.0,44.40m²,89.80m²,10m,,
YE0EMD,"23A đường số 17, P.Hiệp Bình Phước, TP.Thủ Đức, TP.HCM",10200000.0,89.18,Nhà mặt tiền,3.7m,28.15m,Bắc,2.0,2.0,3.0,114.37m²,140.80m²,8m,,
9N6QKP,"271 Hoàng Hoa Thám, P.13, Q.Tân Bình, TP.HCM",16900000.0,292.38,Nhà mặt tiền,3.8m,15.8m,Đông,1.0,1.0,2.0,57.80m²,55.10m²,20m,,Sổ riêng
0TVDE9,"521 Huỳnh Văn Bánh, P.13, Q.Phú Nhuận, TP.HCM",11500000.0,397.92,Nhà mặt tiền,3.5m,8.25m,Đông Bắc,3.0,4.0,4.0,28.90m²,,16m,,
9TJ5TP,"Lô C, chung cư Bưu Điện Hẻm 354 Lý thường kiệt, P.14, Q.10, TP.HCM",5200000.0,61.17,Nhà mặt tiền,9m,9.5m,Đông Bắc,2.0,1.0,8.0,85m²,,,Đầy đủ,
37WNAQ,"34 đường số 16, P.Linh Đông, TP.Thủ Đức, TP.HCM",2450000.0,100.82,Nhà mặt tiền,5m,4.85m,Đông Bắc,1.0,1.0,2.0,24.30m²,38m²,6.5m,,
40X8MF,"337 Tân kỳ tân quý, P.Phú Thọ Hòa, Q.Tân Phú, TP.HCM",10900000.0,209.61,Nhà mặt tiền,4.2m,12m,,4.0,4.0,4.0,52m²,52m²,8m,Đầy đủ,
RGT4CJ,"2A Lê Thị Hoa, Xã Phước Vĩnh An, H.Củ Chi, TP.HCM",5300000.0,13.26,Nhà mặt tiền,10m,40.15m,Tây Nam,11.0,11.0,1.0,399.60m²,,6m,,
40913F,"201 Nguyễn Thái Sơn, P.7, Q.Gò Vấp, TP.HCM",6800000.0,136.0,Nhà mặt tiền,5m,10m,Tây Nam,6.0,3.0,4.0,50m²,,5m,Đầy đủ,
6S3N08,"18A Trần Thị Lan, Xã Tân Thạnh Tây, H.Củ Chi, TP.HCM",4500000.0,19.81,Nhà mặt tiền,5m,45.71m,Nam,11.0,11.0,1.0,227.10m²,,6m,,Sổ riêng
UAQ2PS,"80 đường số 6, P.Linh Trung, TP.Thủ Đức, TP.HCM",10500000.0,109.83,Nhà mặt tiền,4.23m,22.62m,Tây Bắc,2.0,1.0,1.0,95.60m²,68.60m²,,,
6UMPJ8,"24 Lưu Chí Hiếu, P.Tây Thạnh, Q.Tân Phú, TP.HCM",10800000.0,183.05,Nhà mặt tiền,4.05m,19.5m,Đông Bắc,1.0,1.0,2.0,59m²,,9m,,
AKUARY,"95A Đường Bình Long, P.Bình Hưng Hoà A, Q.Bình Tân, TP.HCM",13500000.0,159.19,Nhà mặt tiền,4.93m,29.35m,Đông,1.0,1.0,1.0,84.80m²,22.40m²,,,
YCXBRD,"44 Nguyễn Hồng Đào, P.14, Q.Tân Bình, TP.HCM",16500000.0,232.06,Nhà mặt tiền,3.7m,19.6m,Đông Nam,6.0,6.0,4.0,71.10m²,220.50m²,8m,Cơ bản,
DBN80H,"114 Thoại Ngọc Hầu, P.Phú Thọ Hòa, Q.Tân Phú, TP.HCM",6600000.0,101.07,Nhà mặt tiền,4m,17.3m,Nam,1.0,1.0,2.0,65.30m²,90m²,,,
DBPQNH,"227A Lã Xuân Oai, P.Tăng Nhơn Phú A, TP.Thủ Đức, TP.HCM",9800000.0,72.86,Nhà mặt tiền,1.36m,31m,Tây Nam,3.0,3.0,1.0,134.50m²,134m²,10m,,
6UCQ28,"Nguyễn Văn Công, P.3, Q.Gò Vấp, TP.HCM",15600000.0,250.8,Nhà mặt tiền,4.31m,19.16m,Tây Bắc,9.0,9.0,5.0,62.20m²,247.60m²,7m,,
6U7ED8,"180A Nguyễn Hồng Đào, P.14, Q.Tân Bình, TP.HCM",21800000.0,196.39,Nhà mặt tiền,6.9m,17.25m,Đông,14.0,14.0,5.0,111m²,568.40m²,6m,,
PTNSEG,"55B đường số 40, P.12, Q.Gò Vấp, TP.HCM",9600000.0,146.78,Nhà mặt tiền,4.2m,18.65m,Đông Nam,6.0,7.0,5.0,65.40m²,232.50m²,6.4m,,
W99T7R,"28 Lô G Tạ Mỹ Duật, P.An Lạc A, Q.Bình Tân, TP.HCM",7000000.0,89.62,Nhà mặt tiền,4m,20m,Đông Nam,2.0,2.0,2.0,78.10m²,89.70m²,6m,,
JGPHR0,"Ấp Chiến Lược, P.Bình Hưng Hoà A, Q.Bình Tân, TP.HCM",9800000.0,66.66,Nhà mặt tiền,4.01m,25m,Tây Bắc,2.0,1.0,1.0,147m²,50.80m²,10m,Cơ bản,
JP4W10,"307–307A Bùi Hữu Nghĩa, P.1, Q.Bình Thạnh, TP.HCM",81000000.0,383.7,Nhà mặt tiền,6m,37m,Đông,6.0,6.0,8.0,211.10m²,1129.90m²,22m,,Sổ riêng
13ZH96,"26 Lê Cảnh Tuân, P.Phú Thọ Hòa, Q.Tân Phú, TP.HCM",5500000.0,107.84,Nhà mặt tiền,5.42m,8.06m,Tây Bắc,3.0,1.0,2.0,51m²,62.90m²,5m,,
C47W0B,"Hoàng Xuân Nhị, P.Phú Trung, Q.Tân Phú, TP.HCM",12500000.0,147.75,Nhà mặt tiền,5m,21m,Đông Nam,4.0,3.0,4.0,84.60m²,258.70m²,4m,,
92EA1P,"83 Tân Thới Hiệp 09, P.Tân Thới Hiệp, Q.12, TP.HCM",8600000.0,113.3,Nhà mặt tiền,4m,19.13m,Bắc,6.0,7.0,4.0,75.90m²,212.10m²,8m,,
4R764F,"46B Phan Tây Hồ, P.7, Q.Phú Nhuận, TP.HCM",7900000.0,288.32,Nhà mặt tiền,3.24m,9.57m,Bắc,3.0,4.0,5.0,27.40m²,84.70m²,4.75m,,
R9S3RJ,"189/10 Hoàng Hoa Thám, P.7, Q.Bình Thạnh, TP.HCM",17000000.0,178.57,Nhà mặt tiền,5.12m,22m,Đông Nam,5.0,4.0,2.0,107.80m²,128.50m²,5.5m,,
SAP9X5,"34 Đ. Trần Quý Cáp, P.11, Q.Bình Thạnh, TP.HCM",23500000.0,2.5,Nhà mặt tiền,4.5m,20.46m,Đông Nam,3.0,6.0,4.0,94.10m²,,8m,,
KEZWQC,"80 đường số 3, P.Linh Xuân, TP.Thủ Đức, TP.HCM",9200000.0,50.13,Nhà mặt tiền,8.08m,23.15m,Đông Nam,9.0,9.0,3.0,183.50m²,,4.21m,Cơ bản,
JPV750,"Trần Hữu Trang, P.11, Q.Phú Nhuận, TP.HCM",16900000.0,244.21,Nhà mặt tiền,6.21m,12.35m,Nam,5.0,4.0,5.0,69.20m²,205.10m²,4.25m,,
YKBYND,"Nguyễn Văn Công, P.3, Q.Gò Vấp, TP.HCM",10500000.0,242.83,Nhà mặt tiền,4.1m,14.16m,,2.0,3.0,2.0,43.24m²,83.75m²,8m,Đầy đủ,
7DD1GA,"24 Nguyễn Văn Lượng, P.6, Q.Gò Vấp, TP.HCM",11300000.0,244.58,Nhà mặt tiền,4.2m,11m,Đông Nam,3.0,3.0,4.0,46.20m²,114.80m²,7.5m,,
88U03A,"M2 đường Cư Xá Phú Lâm A, P.12, Q.6, TP.HCM",14000000.0,183.42,Nhà mặt tiền,4m,19.92m,Đông Nam,2.0,1.0,2.0,79.60m²,98.40m²,8m,,
DYYCHF,"188/1G Tân Hiệp 6, Xã Tân Hiệp, H.Hóc Môn, TP.HCM",6500000.0,89.04,Nhà mặt tiền,3.33m,20.16m,Đông Nam,5.0,6.0,5.0,73m²,232.40m²,8m,,
G9EX2N,"348B Huỳnh Văn Bánh, P.13, Q.Phú Nhuận, TP.HCM",20900000.0,334.4,Nhà mặt tiền,3.6m,15.2m,Nam,5.0,6.0,4.0,62.50m²,245.60m²,16m,,
PRDTGA,"14P-14Q Quốc Hương, P.Thảo Điền, TP.Thủ Đức, TP.HCM",130000000.0,718.23,Nhà mặt tiền,12.48m,15m,Tây Nam,1.0,3.0,5.0,181m²,399.30m²,12m,,
2J0HZN,"137 Tô Ngọc Vân, P.Linh Tây, TP.Thủ Đức, TP.HCM",55000000.0,412.6,Nhà mặt tiền,16m,9m,Đông Bắc,1.0,1.0,2.0,133.30m²,149.20m²,12m,Cơ bản,
EDDX4W,"Lê Văn Sỹ, P.1, Q.Tân Bình, TP.HCM",41000000.0,749.54,Nhà mặt tiền,3.73m,19.9m,Đông Bắc,6.0,6.0,5.0,54.70m²,188.20m²,5m,,
94MRPM,"131 đường số 43-CL, P.Cát Lái, TP.Thủ Đức, TP.HCM",20000000.0,0.12,Nhà mặt tiền,10m,17m,Tây Nam,5.0,6.0,5.0,159m²,306.90m²,8m,,
821T3A,"153A Đường Phan Đăng Lưu, P.1, Q.Phú Nhuận, TP.HCM",23000000.0,349.54,Nhà mặt tiền,5m,12m,Bắc,1.0,3.0,4.0,65.80m²,204.70m²,20m,,
KT8FCJ,"đường số 19, P.Bình Hưng Hoà A, Q.Bình Tân, TP.HCM",7500000.0,109.97,Nhà mặt tiền,4m,17m,Đông Bắc,2.0,2.0,2.0,68.20m²,53.43m²,10m,,
SE8C5Y,"385 Lê Văn Thọ, P.9, Q.Gò Vấp, TP.HCM",12900000.0,344.91,Nhà mặt tiền,4m,20m,Đông,2.0,3.0,2.0,37.40m²,51.50m²,8m,Cơ bản,
EG8S74,"6C ấp Đình, đường số 74, Xã Tân Phú Trung, H.Củ Chi, TP.HCM",2790000.0,20.16,Nhà mặt tiền,6.5m,21.44m,Tây Nam,2.0,1.0,1.0,138.80m²,,6m,,
7DTB4A,"Đường Võ Thành Trang, P.11, Q.Tân Bình, TP.HCM",15300000.0,131.81,Nhà mặt tiền,3.9m,32.8m,Đông Nam,3.0,4.0,3.0,116.07m²,281.33m²,6m,,
3SR1YQ,"26 Đông Lân 3 - Hưng Lân, Xã Bà Điểm, H.Hóc Môn, TP.HCM",5000000.0,46.77,Nhà mặt tiền,5m,21.13m,Nam,2.0,2.0,2.0,106.90m²,77.20m²,4m,,
W0GTUR,"Phan Văn Trị – 183A Nguyễn Du, P.7 (Phường Hạnh Thông mới), Q.Gò Vấp, TP.HCM",15000000.0,235.84,Nhà mặt tiền,3.25m,30m,Đông Bắc,1.0,2.0,2.0,63.60m²,96.20m²,30m,,
JMEB0D,"10 LÔ I Cư Xá Phú Lâm D, P.10, Q.6, TP.HCM",12400000.0,178.41,Nhà mặt tiền,4m,17.3m,Đông Nam,2.0,2.0,2.0,69.50m²,84.80m²,4m,Cơ bản,
PVBZ0G,"149 đường số 1B - KDC Vĩnh Lộc, P.Bình Hưng Hoà A, Q.Bình Tân, TP.HCM",21500000.0,121.12,Nhà mặt tiền,7.07m,19m,Đông Nam,10.0,6.0,4.0,177.50m²,423.50m²,6m,,
0XTQB9,"Lô N Cư Xá Phú Lâm D, P.10, Q.6, TP.HCM",16800000.0,172.66,Nhà mặt tiền,4.02m,25.37m,Đông Nam,4.0,3.0,5.0,97.30m²,327.67m²,5m,,
0NNFZ9,"16 đường số 9 (Phượng Vỹ), P.Bình Chiểu, TP.Thủ Đức, TP.HCM",4600000.0,52.27,Nhà mặt tiền,6.5m,13.5m,Đông Nam,2.0,1.0,1.0,88m²,,6m,,
ABG9EY,"K13 đường D1, Khu dân cư Phú Mỹ, P.Phú Mỹ, Q.7, TP.HCM",15500000.0,140.9,Nhà mặt tiền,5m,22m,Nam,3.0,4.0,4.0,110m²,296.32m²,,,
JGBRQ0,"Đường Xô Viết Nghệ Tĩnh, P.26, Q.Bình Thạnh, TP.HCM",5550000.0,113.49,Nhà mặt tiền,3.7m,11.65m,Đông Nam,2.0,2.0,2.0,48.90m²,,,,
CFGVWB,"Tân Phú, khu Nam Thông 3 - S14, P.Tân Phú, Q.7, TP.HCM",38000000.0,351.85,Nhà mặt tiền,6m,18m,Đông Bắc,10.0,11.0,5.0,108m²,384.60m²,25m,,
3SBM4Q,"235/13 Đường Thích Quảng Đức, P.4, Q.Phú Nhuận, TP.HCM",14900000.0,201.35,Nhà mặt tiền,3.98m,19.4m,Tây Bắc,9.0,4.0,5.0,74m²,287.30m²,5.02m,Đầy đủ,
JPTNV0,"160/34/13 Đường Phan Huy Ích, P.12, Q.Gò Vấp, TP.HCM",5950000.0,193.81,Nhà mặt tiền,4.45m,8.9m,Tây,3.0,3.0,4.0,30.70m²,100.10m²,4m,,Sổ riêng
5EJ9B7,"Chung cư Nhiêu Lộc B, Khuông Việt, P.Phú Trung, Q.Tân Phú, TP.HCM",2490000.0,50.81,Nhà mặt tiền,3.5m,14m,Nam,3.0,1.0,4.0,49m²,85m²,8m,,
8YMDU3,"1G Cư Xá Phú Thọ Hòa - Lạc Long Quân, P.5, Q.11, TP.HCM",10400000.0,167.74,Nhà mặt tiền,4m,15.5m,Tây Nam,3.0,3.0,3.0,62m²,137.50m²,11m,,
WZY0WR,"15 đường số 2, KDC Hương Lộ 5, P.An Lạc, Q.Bình Tân, TP.HCM",9500000.0,121.63,Nhà mặt tiền,6m,13.38m,Tây Bắc,4.0,3.0,4.0,78.10m²,202.57m²,,,
SY3PF5,"39-41 Đường Quốc Lộ 13 cũ, P.Hiệp Bình Phước, TP.Thủ Đức, TP.HCM",70000000.0,109.75,Nhà mặt tiền,13.74m,52.3m,Đông Bắc,3.0,3.0,3.0,637.80m²,837.55m²,10m,,
Q7FB9U,"163 ( số cũ 15B ) Đường Lê Văn Chí, P.Linh Trung, TP.Thủ Đức, TP.HCM",14000000.0,95.91,Nhà mặt tiền,3.96m,42.87m,Đông Nam,1.0,1.0,1.0,145.96m²,,15m,,
PT685G,"Thửa 557 tờ 36, 155A Khu phố 3, P.An Phú Đông, Q.12, TP.HCM",9800000.0,51.76,Nhà mặt tiền,5.46m,24.91m,Bắc,4.0,4.0,1.0,189.30m²,,,,
SAQ4A5,"3 đường số 4, Khu phố 4, P.Tam Phú, TP.Thủ Đức, TP.HCM",13500000.0,132.61,Nhà mặt tiền,4m,29.16m,Đông Nam,6.0,4.0,1.0,101.80m²,101.80m²,8m,,
923ZMP,"đường 32C Cư Xá Phú Lâm D, P.10, Q.6, TP.HCM",11500000.0,165.94,Nhà mặt tiền,3.85m,17.9m,Tây Bắc,5.0,6.0,4.0,69.30m²,211.20m²,10m,,
671CH8,"Khu dân cư Tân Thuận, đường Gò Ô Môi, P.Phú Thuận, Q.7, TP.HCM",18900000.0,236.25,Nhà mặt tiền,4m,20m,Tây,4.0,5.0,5.0,80m²,244.80m²,12m,,
UAR0WS,"đường Huỳnh Thị Đừng ( đường cũ số 720 ), Xã Trung Lập Thượng, H.Củ Chi, TP.HCM",2300000.0,10.68,Nhà mặt tiền,8.4m,33.17m,Đông Bắc,2.0,1.0,1.0,215.30m²,,8m,Bàn giao thô,
DB0DUH,"389/30E Tỉnh lộ 10, khu phố 7, P.An Lạc A, Q.Bình Tân, TP.HCM",8800000.0,112.38,Nhà mặt tiền,5.12m,15.29m,Đông,6.0,6.0,5.0,78.30m²,205.50m²,10m,Cơ bản,
SDDQ25,"23 đường 52, Khu nhà ở Công ty Đông Nam, P.Hiệp Bình Phước, TP.Thủ Đức, TP.HCM",37000000.0,229.95,Nhà mặt tiền,7m,22.98m,Đông Bắc,4.0,4.0,6.0,160.90m²,577.80m²,13m,,
J2F3F0,"93 Mậu Thân, P.Xuân Khánh, Q.Ninh Kiều, TP. Cần Thơ",27000000.0,205.16,Nhà mặt tiền,4m,29.3m,Đông Bắc,,,,131.60m²,,15m,,
CF3G6B,"Một phần nhà số 67 Đường Liên khu 2-10, P.Bình Hưng Hoà A, Q.Bình Tân, TP.HCM",5500000.0,64.4,Nhà mặt tiền,4m,21.23m,Tây Bắc,1.0,1.0,2.0,85.40m²,,,,
WGPQFR,"đường B16, P.Hưng Phú, Q.Cái Răng, TP. Cần Thơ",7500000.0,92.59,Nhà mặt tiền,4.5m,18m,Đông Bắc,5.0,4.0,3.0,81m²,224m²,15m,,
40PADF,"399S Trần Nam Phú, P.An Khánh, Q.Ninh Kiều, TP. Cần Thơ",9990000.0,85.38,Nhà mặt tiền,5m,23.5m,Đông Bắc,3.0,3.0,3.0,117m²,,,Bàn giao thô,
PTPBXG,"10 Hòa Minh 20, P.Hòa Minh, Q.Liên Chiểu, TP. Đà Nẵng",7550000.0,100.66,Nhà mặt tiền,5m,15m,Đông Nam,3.0,3.0,2.0,75m²,77.50m²,,,
0Z1KE9,"30 Âu Cơ, P.Hòa Khánh Bắc, Q.Liên Chiểu, TP. Đà Nẵng",18000000.0,185.56,Nhà mặt tiền,4.45m,18.23m,Đông Nam,3.0,3.0,3.0,97m²,301.60m²,,Cơ bản,
ACEE4Y,"Đ7 Khu Biệt Thự Sài Gòn Pearl - Số 92 Đường Nguyễn Hữu Cảnh, P.22, Q.Bình Thạnh, TP.HCM",300000000.0,840.33,Nhà mặt tiền,17m,21m,Tây Nam,3.0,5.0,5.0,357m²,,,,
SHDR75,"40A Trần Hoàng Na, P.Hưng Lợi, Q.Ninh Kiều, TP. Cần Thơ",11700000.0,109.04,Nhà mặt tiền,4.5m,21.42m,Tây Nam,5.0,3.0,2.0,107.30m²,,28m,,
8S8HM3,"Thửa 286 - Tờ 42, 39A Nguyễn Hiền, P.An Khánh, Q.Ninh Kiều, TP. Cần Thơ",8700000.0,108.75,Nhà mặt tiền,4.5m,20m,Tây Bắc,1.0,1.0,1.0,80m²,,12m,,
85UZD3,"74A Đề Thám, P.Thới Bình, Q.Ninh Kiều, TP. Cần Thơ",5680000.0,216.79,Nhà mặt tiền,4.25m,7.1m,Nam,2.0,3.0,3.0,26.20m²,80m²,,,
RG02NJ,"32 Hòa Nam 4, P.Hòa An, Q.Cẩm Lệ, TP. Đà Nẵng",5500000.0,64.47,Nhà mặt tiền,4.92m,16.17m,Tây Bắc,2.0,2.0,1.0,85.30m²,,,Cơ bản,Sổ riêng
RGENUJ,"B1 Trần Văn Việt, P.Hưng Thạnh, Q.Cái Răng, TP. Cần Thơ",5900000.0,59.0,Nhà mặt tiền,5m,20m,Đông Nam,4.0,4.0,5.0,100m²,,15.5m,Bàn giao thô,
1QMC06,"320/4 Trần Ngọc Quế, P.Xuân Khánh, Q.Ninh Kiều, TP. Cần Thơ",9900000.0,133.96,Nhà mặt tiền,3.9m,18.7m,Tây Nam,3.0,2.0,2.0,73.90m²,150.60m²,20m,Cơ bản,
7KD8NA,"135 Hà Huy Tập, P.Thanh Khê Đông, Q.Thanh Khê, TP. Đà Nẵng",13500000.0,180.0,Nhà mặt tiền,5m,15m,Tây,3.0,3.0,3.0,75m²,183.10m²,,,
65AN48,"Thửa 378 - Tờ 13 (138N3/20) Nguyễn Văn Cừ, P.An Khánh, Q.Ninh Kiều, TP. Cần Thơ",21000000.0,150.1,Nhà mặt tiền,6m,23.92m,Đông Nam,1.0,1.0,1.0,139.90m²,,,,
85UTH3,"151 Tiểu La, P.Hòa Cường Bắc, Q.Hải Châu, TP. Đà Nẵng",16000000.0,177.77,Nhà mặt tiền,5m,18m,Tây Bắc,4.0,3.0,4.0,90m²,267m²,20.5m,Bàn giao thô,
7HQSSA,"24 Phong Bắc 4, P.Hòa Thọ Đông, Q.Cẩm Lệ, TP. Đà Nẵng",6550000.0,52.82,Nhà mặt tiền,5m,25m,Đông Nam,4.0,3.0,3.0,124m²,276m²,,,
8S14U3,"332 Điện Biên Phủ, P.Chính Gián, Q.Thanh Khê, TP. Đà Nẵng",9700000.0,147.19,Nhà mặt tiền,4.43m,12.32m,Nam,1.0,1.0,2.0,65.90m²,106.75m²,5m,,
375SMQ,"2 Cồn Đình, Xã Hòa Châu, H.Hòa Vang, TP. Đà Nẵng",7000000.0,67.24,Nhà mặt tiền,6.3m,17m,Đông Bắc,3.0,3.0,2.0,104.10m²,,,Đầy đủ,
PTPCNG,"69 Nguyễn Lai, P.Khuê Trung, Q.Cẩm Lệ, TP. Đà Nẵng",7950000.0,93.52,Nhà mặt tiền,5m,17m,Tây Nam,4.0,4.0,3.0,85m²,,11.5m,Đầy đủ,
YCHESD,"36 đường số 2C, Khu dân cư Phú Mỹ - Công ty Dịch vụ Công ích Quận 4, P.Phú Mỹ, Q.7, TP.HCM",28600000.0,215.03,Nhà mặt tiền,7m,19m,Đông Nam,24.0,24.0,4.0,133m²,501.20m²,6m,,
GXTKG2,"26 An Trung 6, P.An Hải Nam, Q.Sơn Trà, TP. Đà Nẵng",6200000.0,112.72,Nhà mặt tiền,5.5m,10m,Nam,2.0,2.0,2.0,55m²,,,Bàn giao thô,Sổ riêng
Q78FAU,"24 Trần Đình Nam, P.Hòa An, Q.Cẩm Lệ, TP. Đà Nẵng",18000000.0,101.86,Nhà mặt tiền,3.27m,22m,Đông Nam,6.0,3.0,2.0,176.70m²,,20.5m,Đầy đủ,
AC359Y,"Thửa 238 - tờ 15 Thôn Dương Nỗ Tây, P.Dương Nỗ, Q.Thuận Hóa, TP. Huế",1300000.0,13.0,Nhà mặt tiền,5.4m,18.76m,Đông Nam,1.0,2.0,1.0,100m²,,,Cơ bản,Sổ riêng
EJKGH4,"18-NO5 Khu đô thị mới Sài Đồng, P.Phúc Đồng, Q.Long Biên, TP. Hà Nội",81000000.0,267.5,Nhà mặt tiền,12.8m,29.2m,Tây Nam,1.0,1.0,1.0,302.80m²,,,,Sổ riêng
J29X50,"385 Phan Khôi, P.Hòa Xuân, Q.Cẩm Lệ, TP. Đà Nẵng",6300000.0,50.0,Nhà mặt tiền,6m,21m,Tây,4.0,2.0,2.0,126m²,125.60m²,15.5m,Đầy đủ,
JGFVK0,"20 Bàu Cầu 28, Xã Hòa Châu, H.Hòa Vang, TP. Đà Nẵng",5690000.0,56.9,Nhà mặt tiền,5m,20m,Tây Nam,4.0,3.0,3.0,100m²,,,,
JZNH40,"24 Tôn Thất Đạm, P.Xuân Hà, Q.Thanh Khê, TP. Đà Nẵng",16800000.0,186.66,Nhà mặt tiền,4.5m,20m,Đông Nam,17.0,17.0,7.0,90m²,609.90m²,17.5m,,
J22GV0,"74 Đống Đa, P.Thuận Phước, Q.Hải Châu, TP. Đà Nẵng",16700000.0,233.56,Nhà mặt tiền,3.55m,20.06m,Đông Nam,4.0,5.0,4.0,71.50m²,213.40m²,,Đầy đủ,
DEK4JH,"65 Lê Chân, P.An Hải Bắc, Q.Sơn Trà, TP. Đà Nẵng",7900000.0,114.49,Nhà mặt tiền,4.6m,15m,Tây Bắc,3.0,2.0,3.0,69m²,174.60m²,15.5m,Bàn giao thô,
EJ0014,"40 Lê Thiệt, P.Hòa Minh, Q.Liên Chiểu, TP. Đà Nẵng",7650000.0,106.25,Nhà mặt tiền,4.5m,16m,Tây Nam,3.0,4.0,3.0,72m²,216.80m²,11.5m,Đầy đủ,
3775MQ,"81 Vũ Đình Liên, P.Hòa Xuân, Q.Cẩm Lệ, TP. Đà Nẵng",12000000.0,120.0,Nhà mặt tiền,5m,20m,Tây Bắc,11.0,11.0,5.0,100m²,492.50m²,15.5m,Đầy đủ,
854Z63,"305 Yên Thế, P.Hòa An, Q.Cẩm Lệ, TP. Đà Nẵng",16000000.0,123.07,Nhà mặt tiền,5m,26m,Tây Nam,10.0,10.0,7.0,130m²,885m²,15.5m,Đầy đủ,
7KHVGA,"12 Xuân Hòa 2, P.Xuân Hà, Q.Thanh Khê, TP. Đà Nẵng",7050000.0,120.51,Nhà mặt tiền,4.5m,13m,Tây Bắc,3.0,3.0,3.0,58.50m²,154.60m²,9m,Đầy đủ,
7KHDMA,"19 Đào Trí, P.Hòa Cường Nam, Q.Hải Châu, TP. Đà Nẵng",7850000.0,104.66,Nhà mặt tiền,5m,15m,Tây Bắc,2.0,2.0,2.0,75m²,,15.5m,Cơ bản,
J29BG0,"38 Tế Hanh, P.Hòa Xuân, Q.Cẩm Lệ, TP. Đà Nẵng",7900000.0,68.69,Nhà mặt tiền,5m,23m,Nam,4.0,3.0,3.0,115m²,,16.5m,Đầy đủ,
9ZJMFP,"212 Thái Thị Bôi, P.Chính Gián, Q.Thanh Khê, TP. Đà Nẵng",7950000.0,79.89,Nhà mặt tiền,3.9m,25m,Nam,2.0,2.0,2.0,99.50m²,,,,
8S6R53,"94 Nguyễn Huy Tự, P.Hòa Minh, Q.Liên Chiểu, TP. Đà Nẵng",7950000.0,110.41,Nhà mặt tiền,4.5m,16m,Tây Bắc,3.0,3.0,3.0,72m²,112.50m²,15.5m,Đầy đủ,
3A6BFQ,"đường Trần Nhân Tông, P.Đồng Hoà, Q.Kiến An, TP. Hải Phòng",6550000.0,111.96,Nhà mặt tiền,3.9m,14.5m,Tây Bắc,3.0,3.0,3.0,58.50m²,,10m,,
WGPNYR,"23 Nguyễn Huy Tự, P.Hòa Minh, Q.Liên Chiểu, TP. Đà Nẵng",6950000.0,91.44,Nhà mặt tiền,4m,19m,Tây Bắc,3.0,3.0,3.0,76m²,160m²,11.5m,,
QA7C1U,"90 Lê Sao, P.Hòa Minh, Q.Liên Chiểu, TP. Đà Nẵng",4900000.0,54.08,Nhà mặt tiền,5m,18.1m,Đông Nam,2.0,2.0,2.0,90.60m²,,14.5m,Bàn giao thô,
SDAV95,"155 Lư Giang, P.Hòa Xuân, Q.Cẩm Lệ, TP. Đà Nẵng",15500000.0,124.0,Nhà mặt tiền,5m,25m,Bắc,15.0,15.0,7.0,125m²,715m²,,Đầy đủ,Sổ riêng
GX3W92,"27 An Trung 7, P.An Hải Nam, Q.Sơn Trà, TP. Đà Nẵng",7000000.0,127.27,Nhà mặt tiền,4.4m,12.5m,Tây Bắc,2.0,2.0,2.0,55m²,80.90m²,5.5m,Bàn giao thô,Sổ riêng
YBQ1VD,"134 Vũ Quỳnh, P.Thanh Khê Tây, Q.Thanh Khê, TP. Đà Nẵng",7100000.0,94.66,Nhà mặt tiền,5m,15m,Tây Nam,3.0,2.0,2.0,75m²,150m²,11.5m,Cơ bản,
J22670,"16 Hà Kỳ Ngộ, P.Mân Thái, Q.Sơn Trà, TP. Đà Nẵng",70000000.0,378.37,Nhà mặt tiền,10m,17m,Đông Nam,40.0,40.0,12.0,185m²,2081m²,16m,Đầy đủ,
5HHBH7,"16 Bùi Vịnh, P.Hòa Thọ Đông, Q.Cẩm Lệ, TP. Đà Nẵng",13500000.0,126.64,Nhà mặt tiền,6.5m,17m,Đông Bắc,10.0,10.0,4.0,106.60m²,406.80m²,12.5m,Đầy đủ,
7KHDQA,"74 Trần Quốc Toản, P.Hải Châu, Q.Hải Châu, TP. Đà Nẵng",28000000.0,241.17,Nhà mặt tiền,4.08m,26.57m,Tây Nam,3.0,4.0,4.0,116.10m²,368.48m²,,Bàn giao thô,
GNGMH2,"475 Mẹ Thứ, Xã Hòa Châu, H.Hòa Vang, TP. Đà Nẵng",10500000.0,85.57,Nhà mặt tiền,5.3m,19.7m,Bắc,2.0,2.0,2.0,122.70m²,127.10m²,20.5m,Cơ bản,
RGC1DJ,"5 Nguyễn Chích, P.Hòa Minh, Q.Liên Chiểu, TP. Đà Nẵng",8500000.0,103.03,Nhà mặt tiền,5m,16.5m,Đông Bắc,3.0,4.0,3.0,82.50m²,194.80m²,11.5m,Đầy đủ,
9TZ50P,"30 Khánh An 11, P.Hòa Khánh Nam, Q.Liên Chiểu, TP. Đà Nẵng",7600000.0,50.66,Nhà mặt tiền,7.5m,20m,Đông Nam,4.0,4.0,3.0,150m²,218.60m²,15.5m,Bàn giao thô,
W9FU9R,"248 Nguyễn Hoàng, P.Thạc Gián, Q.Thanh Khê, TP. Đà Nẵng",6400000.0,143.17,Nhà mặt tiền,3.19m,13.03m,Đông,3.0,2.0,2.0,44.70m²,92.70m²,15.5m,Bàn giao thô,
1UQC46,"104 Thái Phiên, P.Phước Ninh, Q.Hải Châu, TP. Đà Nẵng",15500000.0,235.2,Nhà mặt tiền,3.48m,16.37m,Tây Nam,4.0,6.0,5.0,65.90m²,251.40m²,17m,Đầy đủ,
9TGW3P,"Lô 53 - 55 Hòa An 19, P.Hòa An, Q.Cẩm Lệ, TP. Đà Nẵng",13500000.0,67.5,Nhà mặt tiền,10m,20m,Tây Nam,8.0,4.0,3.0,200m²,471.50m²,13.5m,Bàn giao thô,
7H74KA,"Lô 11-B2.19 Vùng Trung 6, P.Hoà Hải, Q.Ngũ Hành Sơn, TP. Đà Nẵng",5750000.0,52.27,Nhà mặt tiền,5m,22m,Tây Nam,2.0,1.0,2.0,110m²,90.30m²,11.5m,Đầy đủ,
375KUQ,"14 Nguyễn Thị Định, P.An Hải Bắc, Q.Sơn Trà, TP. Đà Nẵng",17000000.0,187.22,Nhà mặt tiền,5m,18.16m,Đông Nam,4.0,4.0,4.0,90.80m²,221.90m²,15m,Cơ bản,
Q78C2U,"Tổ 123, 109 Lê Văn Thịnh, P.Hòa Minh, Q.Liên Chiểu, TP. Đà Nẵng",8500000.0,113.33,Nhà mặt tiền,5m,15m,Tây,3.0,3.0,3.0,75m²,150m²,7m,,Sổ riêng
37R06Q,"4 An Hải 14, P.An Hải Bắc, Q.Sơn Trà, TP. Đà Nẵng",7500000.0,144.23,Nhà mặt tiền,4m,13m,Đông Bắc,3.0,4.0,3.0,52m²,152m²,11.5m,Đầy đủ,
1UYJF6,"19 Cẩm Bắc 2, P.Hòa Thọ Đông, Q.Cẩm Lệ, TP. Đà Nẵng",10000000.0,62.5,Nhà mặt tiền,10m,16m,Tây Nam,4.0,3.0,2.0,160m²,248.70m²,14.5m,Đầy đủ,
SD06H5,"27 Trần Tấn, P.Hòa Hiệp Nam, Q.Liên Chiểu, TP. Đà Nẵng",5900000.0,67.58,Nhà mặt tiền,8.5m,10.8m,Đông Bắc,1.0,1.0,1.0,87.30m²,51.90m²,13.5m,Cơ bản,
UY5MZS,"77 Phan Văn Đạt, P.Hòa Khánh Bắc, Q.Liên Chiểu, TP. Đà Nẵng",8500000.0,82.76,Nhà mặt tiền,5m,20.6m,Tây Bắc,5.0,4.0,3.0,102.70m²,221.20m²,11.5m,Cơ bản,
EJVZT4,"106 Phan Khoang, P.Hòa An, Q.Cẩm Lệ, TP. Đà Nẵng",6200000.0,62.0,Nhà mặt tiền,5m,20m,Đông Nam,3.0,3.0,2.0,100m²,110m²,16.5m,Đầy đủ,
40CRVF,"26 Thanh Lương 5, P.Hòa Xuân, Q.Cẩm Lệ, TP. Đà Nẵng",7000000.0,71.79,Nhà mặt tiền,5m,19.5m,Đông Nam,3.0,3.0,3.0,97.50m²,183.80m²,13.5m,Đầy đủ,
GX6FP2,"188 Nguyễn Xí, P.Hòa Minh, Q.Liên Chiểu, TP. Đà Nẵng",9700000.0,97.0,Nhà mặt tiền,5m,20m,Tây Nam,5.0,4.0,4.0,100m²,322.50m²,15.5m,Đầy đủ,
85H063,"39 Lê Lai, P.Xuân Khánh, Q.Ninh Kiều, TP. Cần Thơ",8600000.0,111.28,Nhà mặt tiền,4.1m,23.1m,Tây Nam,4.0,2.0,2.0,77.28m²,119.20m²,,,
2MVBXZ,"90 Mai Lão Bạng, P.Thuận Phước, Q.Hải Châu, TP. Đà Nẵng",13000000.0,101.88,Nhà mặt tiền,6.38m,20.23m,Đông Nam,6.0,6.0,3.0,127.60m²,309.20m²,5.5m,Đầy đủ,
GXXUB2,"34 Hòa Minh 3, P.Hòa Minh, Q.Liên Chiểu, TP. Đà Nẵng",5360000.0,67.0,Nhà mặt tiền,4m,20m,Tây Nam,4.0,1.0,2.0,80m²,122m²,11.5m,Đầy đủ,
KF4Q6C,"65 Võ Duy Ninh, P.Thọ Quang, Q.Sơn Trà, TP. Đà Nẵng",11500000.0,129.35,Nhà mặt tiền,5.02m,18.1m,Tây Bắc,6.0,4.0,2.0,88.90m²,180m²,7.5m,Đầy đủ,
ACB7HY,"24 Bình An 7, P.Hòa Cường Bắc, Q.Hải Châu, TP. Đà Nẵng",10800000.0,112.03,Nhà mặt tiền,3.7m,25.43m,Đông Bắc,7.0,7.0,3.0,96.40m²,179.60m²,5.5m,Đầy đủ,
QYAHMU,"17 Dương Đức Hiền, P.Hòa Minh, Q.Liên Chiểu, TP. Đà Nẵng",7100000.0,98.61,Nhà mặt tiền,4.5m,16m,Đông Bắc,4.0,3.0,3.0,72m²,197.60m²,11.5m,,
8556F3,"37 Nguyễn Thị Thập, P.Hòa Minh, Q.Liên Chiểu, TP. Đà Nẵng",6780000.0,90.4,Nhà mặt tiền,5m,15m,Bắc,2.0,1.0,2.0,75m²,100m²,13.5m,Bàn giao thô,
RGYURJ,"41 Nguyễn Thiện Thuật, P.Thuận Hòa, Q.Phú Xuân, TP. Huế",7800000.0,50.0,Nhà mặt tiền,12.49m,11.56m,Đông Nam,3.0,3.0,2.0,156m²,123.90m²,3.9m,,
UYJ1BS,"99 An Hải 6, P.An Hải Bắc, Q.Sơn Trà, TP. Đà Nẵng",12500000.0,125.0,Nhà mặt tiền,5m,20m,Tây Bắc,4.0,3.0,3.0,100m²,258.30m²,11.5m,Đầy đủ,
40A14F,"111 Âu Cơ, P.Hòa Khánh Bắc, Q.Liên Chiểu, TP. Đà Nẵng",14500000.0,99.65,Nhà mặt tiền,6.02m,24.17m,Đông Bắc,4.0,2.0,3.0,145.50m²,,22.5m,Cơ bản,
9T3BJP,"3 Dương Văn An, P.Mân Thái, Q.Sơn Trà, TP. Đà Nẵng",7450000.0,85.24,Nhà mặt tiền,4.6m,19m,Đông Bắc,3.0,2.0,2.0,87.40m²,169.30m²,11.5m,Cơ bản,
1U89T6,"133 đường 2/9, P.Hòa Cường Nam, Q.Hải Châu, TP. Đà Nẵng",7100000.0,100.42,Nhà mặt tiền,4.26m,18.94m,Tây Bắc,2.0,1.0,1.0,70.70m²,49.70m²,21m,Bàn giao thô,
RG55GJ,"203 Cù Chính Lan, P.An Khê, Q.Thanh Khê, TP. Đà Nẵng",16000000.0,80.64,Nhà mặt tiền,10.59m,20.05m,Tây Bắc,3.0,2.0,2.0,198.40m²,264m²,11.5m,Cơ bản,
0ZH0K9,"1411 Nguyễn Tất Thành, P.Phú Bài, TX.Hương Thủy, TP. Huế",14000000.0,34.72,Nhà mặt tiền,11.94m,33.87m,Tây Nam,6.0,5.0,2.0,403.20m²,252.60m²,40m,Đầy đủ,
6SWH08,"66 Hàm Nghi, P.Thạc Gián, Q.Thanh Khê, TP. Đà Nẵng",24500000.0,257.89,Nhà mặt tiền,5m,19m,Đông,3.0,3.0,3.0,95m²,279m²,33m,Cơ bản,
KFTSGC,"136 Phan Khôi, P.Hòa Xuân, Q.Cẩm Lệ, TP. Đà Nẵng",6350000.0,63.5,Nhà mặt tiền,5m,20m,Đông,3.0,2.0,2.0,100m²,167m²,15.5m,Đầy đủ,
DE4PPH,"17 Cao Xuân Huy, P.Khuê Trung, Q.Cẩm Lệ, TP. Đà Nẵng",10800000.0,138.63,Nhà mặt tiền,4.5m,17.33m,Tây Nam,5.0,4.0,3.0,77.90m²,200.40m²,11.5m,Đầy đủ,
ACKZMY,"17 Bàu Làng 2, P.Xuân Hà, Q.Thanh Khê, TP. Đà Nẵng",9850000.0,144.85,Nhà mặt tiền,4m,17m,Tây Bắc,4.0,3.0,3.0,68m²,169.20m²,11.5m,Đầy đủ,Sổ riêng
5H9N47,"120 Thanh Thủy, P.Thanh Bình, Q.Hải Châu, TP. Đà Nẵng",17500000.0,93.48,Nhà mặt tiền,9.18m,20.64m,Tây Bắc,4.0,4.0,4.0,187.20m²,405.90m²,11.5m,Đầy đủ,
7KWB6A,"46 Trần Hoàng Na, P.An Bình, Q.Ninh Kiều, TP. Cần Thơ",10000000.0,108.34,Nhà mặt tiền,4.5m,20.5m,Đông Bắc,3.0,3.0,3.0,92.30m²,233.55m²,20m,Cơ bản,
RGT7UJ,"159 Hàn Thuyên, P.Hòa Cường Bắc, Q.Hải Châu, TP. Đà Nẵng",9800000.0,128.1,Nhà mặt tiền,5m,15.3m,Tây Bắc,7.0,4.0,4.0,76.50m²,299m²,16.5m,Cơ bản,
85QDM3,"46 An Thượng 18, P.Mỹ An, Q.Ngũ Hành Sơn, TP. Đà Nẵng",11500000.0,188.21,Nhà mặt tiền,4m,15.02m,Tây Bắc,3.0,2.0,4.0,61.10m²,,,Bàn giao thô,
PNAW4G,"118 Nhân Hòa 8, P.Hòa Xuân, Q.Cẩm Lệ, TP. Đà Nẵng",5050000.0,50.5,Nhà mặt tiền,5m,20m,Đông,1.0,1.0,1.0,100m²,75m²,11.5m,Đầy đủ,
CW48MB,"15 Vũ Đình Long, P.Thọ Quang, Q.Sơn Trà, TP. Đà Nẵng",9850000.0,131.33,Nhà mặt tiền,5m,15m,Tây Nam,3.0,2.0,2.0,75m²,144m²,16.5m,Cơ bản,
2MTRSZ,"722 Tôn Đức Thắng, P.Hòa Minh, Q.Liên Chiểu, TP. Đà Nẵng",6850000.0,104.02,Nhà mặt tiền,4.53m,18.3m,Tây Nam,2.0,1.0,2.0,65.90m²,79.30m²,24m,Bàn giao thô,
ACK9ZY,"86 Đoàn Hữu Trưng, P.Hòa An, Q.Cẩm Lệ, TP. Đà Nẵng",6700000.0,62.79,Nhà mặt tiền,4.5m,23.7m,Đông,4.0,4.0,3.0,106.70m²,155.70m²,14.5m,Cơ bản,
YBPC2D,"15G Hà Huy Tập, P.Xuân Hà, Q.Thanh Khê, TP. Đà Nẵng",17000000.0,162.67,Nhà mặt tiền,5m,19m,Tây Nam,4.0,4.0,4.0,104.50m²,394.10m²,20.5m,Cơ bản,
E0J2S4,"Hòa Minh 21, P.Hòa Minh, Q.Liên Chiểu, TP. Đà Nẵng",7900000.0,105.33,Nhà mặt tiền,5m,15m,Đông Nam,3.0,3.0,3.0,75m²,171.20m²,11.5m,,
85RZM3,"182 Phạm Tứ, P.Khuê Trung, Q.Cẩm Lệ, TP. Đà Nẵng",12500000.0,117.48,Nhà mặt tiền,7.7m,14.35m,Nam,4.0,2.0,2.0,106.40m²,223.40m²,20.5m,Cơ bản,
SDMTX5,"8B Nguyễn Văn Lưu, P.Hưng Thạnh, Q.Cái Răng, TP. Cần Thơ",20000000.0,97.56,Nhà mặt tiền,10m,20.5m,Tây Nam,7.0,7.0,3.0,205m²,421.90m²,30m,Đầy đủ,
RG8K3J,"43 Bàu Năng 3, P.Hòa Minh, Q.Liên Chiểu, TP. Đà Nẵng",17000000.0,101.25,Nhà mặt tiền,8.3m,21.1m,Đông Bắc,4.0,4.0,3.0,167.90m²,252.80m²,15.5m,Đầy đủ,
QA47SU,"22 Lê Duẩn, P.Hải Châu, Q.Hải Châu, TP. Đà Nẵng",16900000.0,320.68,Nhà mặt tiền,5.92m,9.77m,Đông Nam,3.0,3.0,3.0,52.70m²,173.50m²,15m,Bàn giao thô,
6SU1P8,"66 Bàu Năng 1, P.Hòa Minh, Q.Liên Chiểu, TP. Đà Nẵng",6900000.0,82.63,Nhà mặt tiền,5m,16.7m,Tây Nam,3.0,2.0,3.0,83.50m²,195m²,,Bàn giao thô,
QA56AU,"600 Nguyễn Hữu Thọ, P.Khuê Trung, Q.Cẩm Lệ, TP. Đà Nẵng",21500000.0,186.95,Nhà mặt tiền,5m,23m,Đông Bắc,10.0,10.0,4.0,115m²,395.50m²,21m,Cơ bản,
GXZEN2,"53 Trần Việt Châu, P.An Hòa, Q.Ninh Kiều, TP. Cần Thơ",11900000.0,127.0,Nhà mặt tiền,4m,19.35m,Tây Nam,1.0,1.0,1.0,93.70m²,50.38m²,,,
5HTW87,"445 Hải Phòng, P.Chính Gián, Q.Thanh Khê, TP. Đà Nẵng",7750000.0,250.0,Nhà mặt tiền,9m,5.63m,Tây,3.0,3.0,4.0,31m²,152.90m²,15m,Đầy đủ,
YBZ0MD,"20 An Cư 4, P.An Hải Bắc, Q.Sơn Trà, TP. Đà Nẵng",13500000.0,200.0,Nhà mặt tiền,4.5m,15m,Đông,4.0,3.0,5.0,67.50m²,246.60m²,11.5m,Đầy đủ,
1UQYK6,"33 Trần Văn Trà, P.Hòa Xuân, Q.Cẩm Lệ, TP. Đà Nẵng",8600000.0,68.8,Nhà mặt tiền,5m,25m,Tây,2.0,2.0,3.0,125m²,230m²,20.5m,Đầy đủ,
EJFYG4,"18 Đoàn Hữu Trưng, P.Hòa An, Q.Cẩm Lệ, TP. Đà Nẵng",8100000.0,68.93,Nhà mặt tiền,5m,23.5m,Đông Bắc,1.0,1.0,3.0,117.50m²,296.60m²,,Cơ bản,
Q78XJU,"39C Lê Vĩnh Huy, P.Hòa Cường Bắc, Q.Hải Châu, TP. Đà Nẵng",8600000.0,167.96,Nhà mặt tiền,6m,8.82m,Bắc,3.0,3.0,3.0,51.20m²,150.90m²,,Đầy đủ,
7KDU2A,"59 Trần Văn Thành, P.Mỹ An, Q.Ngũ Hành Sơn, TP. Đà Nẵng",10000000.0,201.2,Nhà mặt tiền,4.2m,12.32m,Tây Nam,4.0,4.0,4.0,49.70m²,188.80m²,13.5m,Đầy đủ,
EJUQV4,"47 Đặng Văn Ngữ, P.Kim Liên, Q.Đống Đa, TP. Hà Nội",36000000.0,897.75,Nhà mặt tiền,5.4m,7.3m,Tây Nam,6.0,5.0,7.0,40.10m²,,,Cơ bản,
5HRD17,"96 Hoàng Hoa Thám, P.Thạc Gián, Q.Thanh Khê, TP. Đà Nẵng",28000000.0,154.44,Nhà mặt tiền,5m,27.61m,Đông Bắc,5.0,5.0,5.0,181.30m²,721.50m²,15.5m,Bàn giao thô,
6SW978,"23 Trường Thi 2, P.Hòa Thuận Tây, Q.Hải Châu, TP. Đà Nẵng",22000000.0,221.77,Nhà mặt tiền,5.18m,20.5m,Tây Nam,25.0,25.0,7.0,99.20m²,598.90m²,11.5m,Đầy đủ,Sổ riêng
SDJ3B5,"23 Phước Trường 8, P.Phước Mỹ, Q.Sơn Trà, TP. Đà Nẵng",28000000.0,302.7,Nhà mặt tiền,5m,18.5m,Bắc,12.0,12.0,7.0,92.50m²,92.50m²,11.5m,Đầy đủ,
6SUA18,"14 Dương Đức Hiền, P.Hòa Minh, Q.Liên Chiểu, TP. Đà Nẵng",8289999.999999999,115.13,Nhà mặt tiền,4.5m,16m,Tây Nam,4.0,4.0,3.0,72m²,207.90m²,11.5m,Đầy đủ,
DEZPCH,"48 Tiên Sơn 7, P.Hòa Cường Nam, Q.Hải Châu, TP. Đà Nẵng",25000000.0,250.0,Nhà mặt tiền,8.3m,13.4m,Đông Bắc,26.0,26.0,8.0,100m²,669.80m²,11.5m,Đầy đủ,
6S00N8,"283 Trường Chinh, P.An Khê, Q.Thanh Khê, TP. Đà Nẵng",14500000.0,145.0,Nhà mặt tiền,5m,20m,Đông Bắc,16.0,16.0,5.0,100m²,467.50m²,24m,Đầy đủ,
EJJGQ4,"59 Trần Đức Thông, P.Phước Mỹ, Q.Sơn Trà, TP. Đà Nẵng",13200000.0,165.0,Nhà mặt tiền,5m,16m,Đông Bắc,1.0,1.0,1.0,80m²,,11.5m,Bàn giao thô,Sổ riêng
40RT6F,"23 Mai Chí Thọ, P.Hòa Xuân, Q.Cẩm Lệ, TP. Đà Nẵng",10500000.0,98.4,Nhà mặt tiền,5.04m,21.65m,Tây Bắc,3.0,4.0,3.0,106.70m²,226m²,11m,Cơ bản,
850TT3,"52 Nguyễn Chí Thanh, P.Hải Châu, Q.Hải Châu, TP. Đà Nẵng",10000000.0,280.89,Nhà mặt tiền,4.9m,8.39m,Đông Bắc,3.0,3.0,3.0,35.60m²,84.01m²,20.5m,Cơ bản,
0Z2SE9,"110 Thanh Vinh 4, P.Hòa Khánh Bắc, Q.Liên Chiểu, TP. Đà Nẵng",5500000.0,28.06,Nhà mặt tiền,7m,28m,Bắc,10.0,10.0,1.0,196m²,,9.5m,Cơ bản,Sổ riêng
YBH1PD,"34 Bàu Hạc 1, P.Thạc Gián, Q.Thanh Khê, TP. Đà Nẵng",7900000.0,123.24,Nhà mặt tiền,4m,16.1m,Nam,3.0,1.0,2.0,64.10m²,91.30m²,12m,Bàn giao thô,
0ZPAJ9,"15 Mỹ An 22, P.Mỹ An, Q.Ngũ Hành Sơn, TP. Đà Nẵng",9800000.0,106.98,Nhà mặt tiền,4.5m,20.36m,Đông Nam,3.0,3.0,1.0,91.60m²,,11.5m,Cơ bản,
9TB8NP,"84 Ngọc Hồi, P.Hòa Minh, Q.Liên Chiểu, TP. Đà Nẵng",6100000.0,84.13,Nhà mặt tiền,5m,14.5m,Nam,2.0,1.0,2.0,72.50m²,110.80m²,11.5m,Bàn giao thô,
85BEG3,"40 Nguyễn Du, P.Thạch Thang, Q.Hải Châu, TP. Đà Nẵng",28500000.0,291.11,Nhà mặt tiền,9.11m,10.87m,Đông Nam,4.0,7.0,8.0,97.90m²,617.80m²,19.5m,Đầy đủ,
UYHMQS,"607-609 29 tháng 3, P.Hòa Xuân, Q.Cẩm Lệ, TP. Đà Nẵng",18000000.0,87.37,Nhà mặt tiền,10m,20.57m,Tây Bắc,1.0,1.0,3.0,206m²,497m²,33m,Cơ bản,
RGN8MJ,"Thửa 1141 - Tờ 145 La Bông 2, Xã Hòa Tiến, H.Hòa Vang, TP. Đà Nẵng",4750000.0,33.92,Nhà mặt tiền,6m,24m,Đông,3.0,2.0,3.0,140m²,276.50m²,11.5m,Đầy đủ,
6S7U28,"110 Lương Khánh Thiện, P.Hòa Minh, Q.Liên Chiểu, TP. Đà Nẵng",6650000.0,95.0,Nhà mặt tiền,5m,14m,Nam,4.0,2.0,3.0,70m²,167.50m²,11.5m,Đầy đủ,
KFF4KC,"64 Nguyễn Đức Thiệu, P.Hòa Thọ Đông, Q.Cẩm Lệ, TP. Đà Nẵng",7350000.0,71.01,Nhà mặt tiền,5.5m,20m,Đông Nam,2.0,3.0,2.0,103.50m²,,11.5m,Đầy đủ,
KFB5SC,"53 An Thượng 16, P.Mỹ An, Q.Ngũ Hành Sơn, TP. Đà Nẵng",12100000.0,204.73,Nhà mặt tiền,3.94m,15.01m,Đông Nam,4.0,4.0,4.0,59.10m²,56.10m²,,Đầy đủ,
SDWHP5,"1059 Ngô Quyền, P.An Hải Nam, Q.Sơn Trà, TP. Đà Nẵng",11500000.0,165.94,Nhà mặt tiền,3.51m,20.01m,Tây Nam,4.0,3.0,4.0,69.30m²,203.80m²,48m,Cơ bản,
7KEUJA,"47 Lê Thiệt, P.Hòa Minh, Q.Liên Chiểu, TP. Đà Nẵng",8650000.0,1.23,Nhà mặt tiền,4.5m,16m,Đông Bắc,4.0,4.0,3.0,7m²,218m²,11.5m,Đầy đủ,
7KKE7A,"66 Vùng Trung 18, P.Hoà Hải, Q.Ngũ Hành Sơn, TP. Đà Nẵng",7500000.0,70.55,Nhà mặt tiền,5m,21.25m,Đông Bắc,6.0,4.0,4.0,106.30m²,330.40m²,15.5m,Cơ bản,
40WSKF,"72 Hoàng Xuân Nhị, P.Hòa Cường Nam, Q.Hải Châu, TP. Đà Nẵng",19500000.0,166.66,Nhà mặt tiền,7m,17.5m,Đông,5.0,5.0,3.0,117m²,302.20m²,11.5m,Đầy đủ,
QAB00U,"231 Đống Đa, P.Thạch Thang, Q.Hải Châu, TP. Đà Nẵng",13900000.0,286.0,Nhà mặt tiền,4.21m,11.42m,Tây Bắc,2.0,2.0,2.0,48.60m²,107.90m²,24m,Bàn giao thô,
5HDGG7,"161 Nguyễn Quang Lâm, P.Hòa Xuân, Q.Cẩm Lệ, TP. Đà Nẵng",5800000.0,58.88,Nhà mặt tiền,5m,19.7m,Tây,1.0,1.0,1.0,98.50m²,83.50m²,,Bàn giao thô,
CW2FUB,"377 Hải Phòng, P.Chính Gián, Q.Thanh Khê, TP. Đà Nẵng",11500000.0,220.3,Nhà mặt tiền,3.5m,10.14m,Tây Bắc,3.0,4.0,3.0,52.20m²,,18m,Đầy đủ,
7KBH8A,"49 Lê Văn Sỹ, P.Hòa Minh, Q.Liên Chiểu, TP. Đà Nẵng",6700000.0,95.71,Nhà mặt tiền,5m,14m,Bắc,3.0,2.0,3.0,70m²,183m²,11.5m,Đầy đủ,Sổ riêng
CWPSTB,"8 Nguyễn Hữu Thận, P.An Khê, Q.Thanh Khê, TP. Đà Nẵng",6250000.0,80.12,Nhà mặt tiền,6m,13m,Đông,3.0,2.0,2.0,78m²,,9.5m,Đầy đủ,
6S4TB8,"41 Lý Đạo Thành, P.Mân Thái, Q.Sơn Trà, TP. Đà Nẵng",11800000.0,118.0,Nhà mặt tiền,5m,20m,Tây Bắc,5.0,3.0,3.0,100m²,281m²,15.5m,Bàn giao thô,
SDPYW5,"146 Đặng Huy Tá, P.Hòa Minh, Q.Liên Chiểu, TP. Đà Nẵng",7500000.0,106.68,Nhà mặt tiền,4m,15.21m,Đông Nam,3.0,4.0,3.0,70.30m²,,,,
UYTEPS,"91 Đường 3 Tháng 2, P.Thuận Phước, Q.Hải Châu, TP. Đà Nẵng",25000000.0,165.56,Nhà mặt tiền,7.5m,19.25m,Đông Bắc,5.0,3.0,3.0,151m²,373.70m²,20m,Cơ bản,
CWJNJB,"56 Đặng Văn Ngữ, P.Khuê Trung, Q.Cẩm Lệ, TP. Đà Nẵng",11500000.0,152.31,Nhà mặt tiền,5m,15.1m,Đông Bắc,4.0,3.0,3.0,75.50m²,219m²,,Bàn giao thô,
UYT9KS,"202 Ngô Gia Tự, P.Đức Giang, Q.Long Biên, TP. Hà Nội",16800000.0,366.01,Nhà mặt tiền,3.3m,14.11m,Tây Bắc,4.0,4.0,5.0,45.90m²,,,,
J2XKE0,"Lô 856 Trung Lập 11, P.Hòa Hiệp Nam, Q.Liên Chiểu, TP. Đà Nẵng",5800000.0,46.4,Nhà mặt tiền,5m,25m,Tây Nam,5.0,4.0,3.0,125m²,276m²,11.5m,Đầy đủ,
7K4D2A,"111 Lê Văn Thịnh, P.Hòa Minh, Q.Liên Chiểu, TP. Đà Nẵng",7700000.0,102.66,Nhà mặt tiền,5m,15m,Tây Bắc,3.0,4.0,3.0,75m²,227.50m²,11.5m,Đầy đủ,
SDP8D5,"2 Bàu Năng 1, P.Thanh Khê Tây, Q.Thanh Khê, TP. Đà Nẵng",6850000.0,78.28,Nhà mặt tiền,5m,17.5m,Tây Nam,3.0,3.0,3.0,87.50m²,228.70m²,11.5m,Đầy đủ,
WPX9XR,"155 Trần Cao Vân, P.Xuân Hà, Q.Thanh Khê, TP. Đà Nẵng",19500000.0,152.22,Nhà mặt tiền,9.56m,12.01m,Tây Bắc,3.0,3.0,3.0,128.10m²,,18.5m,Bàn giao thô,
WPZK9R,"18 Nhân Hòa 5, P.Hòa Xuân, Q.Cẩm Lệ, TP. Đà Nẵng",4550000.0,45.5,Nhà mặt tiền,5m,20m,Nam,1.0,1.0,1.0,100m²,,,Cơ bản,
GX7862,"9 Đức Lợi 2, P.Thuận Phước, Q.Hải Châu, TP. Đà Nẵng",13500000.0,135.27,Nhà mặt tiền,4.5m,22.54m,Đông Bắc,3.0,3.0,3.0,99.80m²,199.60m²,,,
DE4SSH,"197 Nguyễn Đình Tứ, P.Hòa Minh, Q.Liên Chiểu, TP. Đà Nẵng",6290000.0,65.18,Nhà mặt tiền,5.56m,17.85m,Đông Bắc,1.0,1.0,1.0,96.50m²,61.20m²,19.5m,Bàn giao thô,
J2NW90,"33 Lê Văn Sỹ, P.Hòa Minh, Q.Liên Chiểu, TP. Đà Nẵng",6850000.0,97.85,Nhà mặt tiền,5m,14m,Đông Bắc,3.0,2.0,3.0,70m²,209m²,11.5m,Đầy đủ,
37YYVQ,"7 Phú Lộc 20, P.Hòa Minh, Q.Liên Chiểu, TP. Đà Nẵng",7900000.0,92.39,Nhà mặt tiền,4.5m,19m,Tây Bắc,4.0,4.0,3.0,85.50m²,226.80m²,11.5m,Đầy đủ,
UYVM4S,"158 Nguyễn Đình Tựu, P.An Khê, Q.Thanh Khê, TP. Đà Nẵng",15500000.0,124.0,Nhà mặt tiền,5m,25m,Đông,4.0,4.0,4.0,125m²,411.50m²,,,
ACRHAY,"Lô 27 Phân Khu B2.1b Hòa Minh 19, P.Hòa Minh, Q.Liên Chiểu, TP. Đà Nẵng",7450000.0,82.77,Nhà mặt tiền,5m,18m,Tây Nam,3.0,3.0,2.0,90m²,,11.5m,Đầy đủ,
37TG1Q,"61 Phú Lộc 22, P.Thanh Khê Tây, Q.Thanh Khê, TP. Đà Nẵng",18500000.0,169.88,Nhà mặt tiền,7m,15.6m,Tây Bắc,11.0,11.0,7.0,108.90m²,572.70m²,15.5m,Đầy đủ,
KFP7MC,"27 Nguyễn Phước Nguyên, P.An Khê, Q.Thanh Khê, TP. Đà Nẵng",8500000.0,89.28,Nhà mặt tiền,6.71m,15.34m,Tây Nam,4.0,2.0,3.0,95.20m²,153.30m²,13.5m,Đầy đủ,
UYN4PS,"112 Phan Văn Đạt, P.Hòa Khánh Bắc, Q.Liên Chiểu, TP. Đà Nẵng",5800000.0,42.61,Nhà mặt tiền,5m,27.23m,Đông Nam,2.0,1.0,2.0,136.10m²,,14.5m,Bàn giao thô,
37Y2BQ,"19 Thanh Vinh 8, P.Hòa Khánh Bắc, Q.Liên Chiểu, TP. Đà Nẵng",6400000.0,36.57,Nhà mặt tiền,7m,25m,Đông Bắc,15.0,15.0,2.0,175m²,226.10m²,10m,Bàn giao thô,Sổ riêng
AC455Y,"Lô 40 Khu E Nguyễn Sinh Sắc, P.Hòa Minh, Q.Liên Chiểu, TP. Đà Nẵng",26850000.0,196.84,Nhà mặt tiền,7m,20m,Tây Bắc,4.0,4.0,5.0,136.40m²,375.10m²,72m,Cơ bản,
UYCW9S,"160 Quách Thị Trang, P.Hòa Xuân, Q.Cẩm Lệ, TP. Đà Nẵng",8900000.0,89.0,Nhà mặt tiền,5m,20m,Đông Bắc,3.0,3.0,3.0,100m²,292.50m²,15.5m,Đầy đủ,
YEBZED,"Khu vực 2, đường Trần Nam Phú, P.An Khánh, Q.Ninh Kiều, TP. Cần Thơ",8500000.0,67.03,Nhà mặt tiền,5m,26.2m,Tây Nam,1.0,1.0,1.0,126.80m²,,15m,,
R22WWJ,"64 Tôn Thất Thiệp, P.Mỹ An, Q.Ngũ Hành Sơn, TP. Đà Nẵng",15000000.0,135.37,Nhà mặt tiền,4.5m,24.77m,Đông Bắc,6.0,5.0,3.0,110.80m²,266.80m²,11.5m,,
YEFXED,"Thửa 139 - Tờ 134 Cầu Đỏ - Túy Loan, Xã Hòa Nhơn, H.Hòa Vang, TP. Đà Nẵng",9250000.0,79.6,Nhà mặt tiền,5.06m,23.65m,Đông Bắc,16.0,16.0,4.0,116.20m²,450m²,16.5m,,
5HRUZ7,"23 Phước Lý 15, P.Hòa Minh, Q.Liên Chiểu, TP. Đà Nẵng",6100000.0,61.0,Nhà mặt tiền,5m,20m,Tây Bắc,3.0,3.0,3.0,100m²,,13.5m,Đầy đủ,
0Z2DJ9,"61 Lê Văn Tâm, P.Khuê Mỹ, Q.Ngũ Hành Sơn, TP. Đà Nẵng",8300000.000000001,92.22,Nhà mặt tiền,5m,18m,Tây Bắc,2.0,2.0,3.0,90m²,132.30m²,,Đầy đủ,
SD41C5,"33 An Bắc 4, P.Khuê Mỹ, Q.Ngũ Hành Sơn, TP. Đà Nẵng",7700000.0,64.16,Nhà mặt tiền,5m,24m,Tây Nam,2.0,1.0,1.0,120m²,103m²,11.5m,Đầy đủ,
WPXAER,"45 Đào Nguyên Phổ, P.Thanh Khê Đông, Q.Thanh Khê, TP. Đà Nẵng",7750000.0,110.71,Nhà mặt tiền,5m,14m,Đông Bắc,5.0,3.0,3.0,70m²,194.50m²,11.5m,Đầy đủ,
5HA447,"D5 đường số 3, KDC NTS, P.Phú Thứ, Q.Cái Răng, TP. Cần Thơ",9200000.0,38.33,Nhà mặt tiền,10m,24m,Tây Bắc,2.0,2.0,2.0,240m²,,15m,,
CWNDTB,"486 Ông Ích Khiêm, P.Hải Châu, Q.Hải Châu, TP. Đà Nẵng",75000000.0,215.18,Nhà mặt tiền,14m,29.93m,Đông Bắc,10.0,10.0,4.0,348.54m²,1256.77m²,15.5m,Đầy đủ,
6SH958,"1 Bàu Vàng 5, P.Hòa Khánh Bắc, Q.Liên Chiểu, TP. Đà Nẵng",5850000.0,58.5,Nhà mặt tiền,5m,20m,Đông Bắc,3.0,2.0,2.0,100m²,127m²,13.5m,Cơ bản,
7K1UYA,"7-A2, Khu nhà ở xã Tân Lập - Cienco 5 Hoàng Quốc Việt, Xã Tân Lập, H.Đan Phượng, TP. Hà Nội",29900000.0,138.42,Nhà mặt tiền,12m,18.01m,Đông Nam,8.0,5.0,3.0,216m²,488.30m²,,Đầy đủ,
DE6TDH,"32C Đàm Quang Trung, P.Long Biên, Q.Long Biên, TP. Hà Nội",23800000.0,453.33,Nhà mặt tiền,4.3m,12.7m,Tây Bắc,4.0,5.0,7.0,52.50m²,,,Đầy đủ,
SDF4X5,"439 Kinh Dương Vương, P.Hòa Minh, Q.Liên Chiểu, TP. Đà Nẵng",22500000.0,83.33,Nhà mặt tiền,13.5m,20m,Đông Bắc,5.0,5.0,3.0,270m²,391.20m²,27m,Đầy đủ,
6SHTR8,"75 Nước Mặn 2, P.Khuê Mỹ, Q.Ngũ Hành Sơn, TP. Đà Nẵng",8000000.0,84.21,Nhà mặt tiền,5m,19m,Tây Nam,3.0,3.0,3.0,95m²,,15.5m,Cơ bản,
UY0CYS,"105 Phạm Quang Ảnh, P.An Hải Nam, Q.Sơn Trà, TP. Đà Nẵng",18500000.0,142.08,Nhà mặt tiền,4.12m,32.45m,Tây Nam,6.0,8.0,4.0,130.20m²,320.30m²,5.5m,Đầy đủ,
QAB3BU,"769H Nguyễn Lương Bằng, P.Hòa Hiệp Nam, Q.Liên Chiểu, TP. Đà Nẵng",7900000.0,57.49,Nhà mặt tiền,4.51m,24.91m,Đông Bắc,3.0,3.0,3.0,137.40m²,,43m,Đầy đủ,
PN8ACG,"228 Nguyễn Đình Chiểu, P.Khuê Mỹ, Q.Ngũ Hành Sơn, TP. Đà Nẵng",11990000.0,94.25,Nhà mặt tiền,4.19m,30.38m,Đông Bắc,7.0,7.0,5.0,127.30m²,459.60m²,13.5m,Đầy đủ,
2X0GEZ,"189 Lê Văn Hiến, P.Khuê Mỹ, Q.Ngũ Hành Sơn, TP. Đà Nẵng",10500000.0,143.83,Nhà mặt tiền,4.5m,16m,Tây Nam,3.0,3.0,3.0,73m²,212.30m²,,,
RGVEAJ,"19 Cô Bắc, P.Hải Châu, Q.Hải Châu, TP. Đà Nẵng",13300000.0,153.75,Nhà mặt tiền,8.02m,10.67m,Tây Nam,3.0,3.0,3.0,86.50m²,236.50m²,11.5m,Bàn giao thô,
6SYB68,"2 Nguyễn Thức Tự, P.Hoà Hải, Q.Ngũ Hành Sơn, TP. Đà Nẵng",19500000.0,202.07,Nhà mặt tiền,5m,19.3m,Nam,26.0,26.0,7.0,96.50m²,581.80m²,14.5m,Đầy đủ,
WPN9MR,"185 Châu Thị Vĩnh Tế, P.Mỹ An, Q.Ngũ Hành Sơn, TP. Đà Nẵng",25000000.0,207.46,Nhà mặt tiền,5m,24.11m,Tây Nam,3.0,3.0,3.0,120.50m²,287.40m²,15.5m,Bàn giao thô,
5H91J7,"10 Ngô Thế Vinh, P.Hòa Thuận Tây, Q.Hải Châu, TP. Đà Nẵng",10900000.0,109.0,Nhà mặt tiền,5m,20m,Đông Bắc,4.0,4.0,3.0,100m²,287.80m²,11.5m,Đầy đủ,
85BY43,"167 Nguyễn Đình Chiểu, P.Khuê Mỹ, Q.Ngũ Hành Sơn, TP. Đà Nẵng",7500000.0,71.42,Nhà mặt tiền,5.2m,20.82m,Tây Nam,2.0,1.0,2.0,105m²,85.60m²,11.5m,Bàn giao thô,
EJQ6X4,"170 Võ Như Hưng, P.Mỹ An, Q.Ngũ Hành Sơn, TP. Đà Nẵng",12200000.0,152.5,Nhà mặt tiền,5m,16m,Đông Bắc,4.0,4.0,3.0,80m²,214m²,11.5m,Đầy đủ,
6SMAB8,"đường số 6, Khu đô thị mới huyện Thới Lai, TT.Thới Lai, H.Thới Lai, TP. Cần Thơ",6200000.0,41.22,Nhà mặt tiền,4.05m,17.997m,Tây Nam,,,,150.40m²,,12m,,
QY59VU,"Lô C235 đường số 4C, Khu đô thị mới Mỹ Thượng, Xã Phú Mỹ, H.Phú Vang, TP. Huế",4700000.0,44.76,Nhà mặt tiền,5m,21m,Tây,4.0,1.0,3.0,105m²,155.90m²,16.5m,,
40NASF,"289 Nguyễn Duy Trinh, P.Hoà Hải, Q.Ngũ Hành Sơn, TP. Đà Nẵng",11500000.0,65.78,Nhà mặt tiền,7.1m,24.6m,Tây Nam,3.0,2.0,2.0,174.80m²,,18.5m,Cơ bản,
R2G83J,"Rạch Lòng Ống, Khu vực Phú Khánh, P.Phú Thứ, Q.Cái Răng, TP. Cần Thơ",1540000.0,12.82,Nhà mặt tiền,4.5m,26.7m,Đông Nam,3.0,1.0,1.0,120.10m²,,4m,,
QYY48U,"Lô B53 đường số 3C, Khu đô thị Mỹ Thượng, Xã Phú Mỹ, H.Phú Vang, TP. Huế",4700000.0,44.76,Nhà mặt tiền,5m,21m,Nam,4.0,4.0,3.0,105m²,231.40m²,20m,,
UYNC3S,"GH106 Lô tái định cư N4, Khu Tái định cư Hồ Đá, P.Sở Dầu, Q.Hồng Bàng, TP. Hải Phòng",5950000.0,99.83,Nhà mặt tiền,4.5m,13.3m,Đông Nam,4.0,3.0,4.0,59.60m²,,10m,,
0ZGWX9,"Lô 10 khu B2-120 Khu đô thị công nghệ FPT, P.Hoà Hải, Q.Ngũ Hành Sơn, TP. Đà Nẵng",9300000.0,91.17,Nhà mặt tiền,6m,17m,Tây Nam,9.0,9.0,3.0,102m²,276m²,15.5m,Đầy đủ,
QHMA7U,"Thửa 2296 - tờ 47 đường N17, P.Thới Hòa, TP.Bến Cát, Bình Dương",5500000.0,18.33,Nhà mặt tiền,10m,30m,Tây Bắc,10.0,10.0,2.0,300m²,,,,
RGZECJ,"79 (Thửa 432 - Tờ 34) Quốc Lộ 13, Xã Lai Hưng, H.Bàu Bàng, Bình Dương",16790000.0,12.6,Nhà mặt tiền,20m,71.31m,Đông,1.0,1.0,1.0,1.33m²,,60m,Cơ bản,
YWCZRD,"Trần Đại Nghĩa, P.Đông Hòa, TP.Dĩ An, Bình Dương",8199999.999999999,59.85,Nhà mặt tiền,5m,27m,Tây Bắc,4.0,4.0,3.0,137m²,137m²,5m,Đầy đủ,
7CH7NA,"Thửa 127 - Tờ 76 Nguyễn Thanh Tâm, TT.Cần Giuộc, H.Cần Giuộc, Long An",970.0,20.63,Nhà mặt tiền,3m,15.85m,Tây,1.0,1.0,1.0,47m²,,4m,,
42NJ0F,"106 đường N1, P.Tân Đông Hiệp, TP.Dĩ An, Bình Dương",4300000.0,71.66,Nhà mặt tiền,4m,15m,Nam,3.0,4.0,3.0,60m²,169m²,12m,Đầy đủ,
285VYZ,"120 Cát tường phú sinh, Xã Đức Lập Hạ, H.Đức Hòa, Long An",1790000.0,30.44,Nhà mặt tiền,4m,16m,Đông Bắc,3.0,3.0,2.0,58.80m²,58.80m²,7m,Đầy đủ,
285VYZ,"120 Cát tường phú sinh, Xã Đức Lập Hạ, H.Đức Hòa, Long An",1790000.0,30.44,Nhà mặt tiền,4m,16m,Đông Bắc,3.0,3.0,2.0,58.80m²,58.80m²,7m,Đầy đủ,
7ER79A,"Thửa 1050 - tờ 278 đường D1, P.An Phú, TP.Thuận An, Bình Dương",5500000.0,83.58,Nhà mặt tiền,4.5m,14.67m,Đông Nam,3.0,3.0,3.0,65.80m²,190.40m²,7m,,
7HT9VA,"Thửa 1161 tờ 102, Khu nhà ở An Phú, P.An Phú, TP.Thuận An, Bình Dương",7500000.0,68.18,Nhà mặt tiền,5m,22m,Bắc,4.0,4.0,4.0,110m²,274.50m²,17m,,
QYC7YU,"49 đường DX043, P.Phú Mỹ, TP.Thủ Dầu Một, Bình Dương",4150000.0000000005,51.1,Nhà mặt tiền,5m,16.68m,Đông Bắc,3.0,4.0,2.0,81.20m²,142.10m²,6m,,
6SVR48,"3A Trần Bình Trọng, P.Tân Tiến, TP.Nha Trang, Khánh Hòa",14500000.0,164.58,Nhà mặt tiền,4.3m,21.63m,Tây Bắc,2.0,1.0,2.0,88.10m²,115.50m²,10.5m,,
5H4D37,"95 đường Chu Mạnh Trinh, P.8, TP.Vũng Tàu, BRVT",12500000.0,108.69,Nhà mặt tiền,4.98m,23m,Đông Nam,1.0,1.0,1.0,115m²,,16m,,
SDTZX5,"Ngọc Sơn, P.Ngọc Hiệp, TP.Nha Trang, Khánh Hòa",4200000.0,48.16,Nhà mặt tiền,7.96m,11.03m,Tây Bắc,2.0,2.0,2.0,87.20m²,87.60m²,6m,,
DE058H,"12 Trần Nhật Duật, P.Phước Hòa, TP.Nha Trang, Khánh Hòa",13500000.0,235.6,Nhà mặt tiền,5.29m,12.67m,Đông Bắc,2.0,2.0,2.0,57.30m²,76m²,16m,,
E0RVK4,"18 số 2, P.6, TP.Tân An, Long An",5000000.0,41.66,Nhà mặt tiền,5m,24m,Tây Bắc,1.0,1.0,1.0,120m²,,17m,,
7KQFKA,"18 Quang Trung, P.Vĩnh Thanh, TP.Rạch Giá, Kiên Giang",2500000.0,21.92,Nhà mặt tiền,5.05m,22.4m,Tây Nam,2.0,1.0,2.0,114m²,151.72m²,10m,Bàn giao thô,
WPNZ8R,"312 Xuân Phong, Xã Vĩnh Phương, TP.Nha Trang, Khánh Hòa",2700000.0,122.72,Nhà mặt tiền,8.85m,32.75m,Bắc,4.0,1.0,2.0,22m²,,13m,Cơ bản,
5HMFM7,"Thửa 502 - Tờ 20 Lê Thị Riêng, Xã Lộc Châu, TP.Bảo Lộc, Lâm Đồng",2150000.0,16.04,Nhà mặt tiền,5.1m,27.8m,Tây Nam,2.0,2.0,2.0,134m²,134m²,6.4m,Cơ bản,
QHP1ZU,"Trần Quý Cáp, P.Phương Sài, TP.Nha Trang, Khánh Hòa",3400000.0,60.71,Nhà mặt tiền,6m,12m,Đông Bắc,3.0,2.0,2.0,56m²,56m²,4m,Đầy đủ,
AC05QY,"Thửa 279 - Tờ 21 Quốc lộ 40B, P.Trường Xuân, TP.Tam Kỳ, Quảng Nam",2400000.0,20.0,Nhà mặt tiền,6m,20m,Đông Nam,2.0,1.0,1.0,120m²,120m²,27m,Cơ bản,
5HVFT7,"Lô LKA8-12 KQH khu dân cư số 5 An Sơn, P.4, TP.Đà Lạt, Lâm Đồng",6800000.0,104.61,Nhà mặt tiền,5m,13m,Đông Nam,2.0,2.0,2.0,65m²,130m²,9m,Đầy đủ,
CJGNWB,"Lô C22, Đường số 2, An Cựu City, P.An Đông, Q.Thuận Hóa, TP. Huế",4990000.0,61.6,Nhà mặt tiền,4.5m,18m,Bắc,3.0,3.0,4.0,81m²,210.80m²,,,
WG6Q7R,"số 15 B30, P.Hưng Phú, Q.Cái Răng, TP. Cần Thơ",3000000.0,51.28,Nhà mặt tiền,4.5m,13m,Đông Bắc,2.0,1.0,1.0,58.50m²,58.50m²,12m,Cơ bản,
WT10XR,"A Bùi Viện, P.Đồng Hoà, Q.Kiến An, TP. Hải Phòng",3900000.0,60.93,Nhà mặt tiền,5m,12.8m,Tây Bắc,2.0,2.0,2.0,64m²,90m²,15m,Bàn giao thô,
P1QMUG,"53 Long Thọ, P.Thuỷ Biều, Q.Thuận Hóa, TP. Huế",1790000.0,18.43,Nhà mặt tiền,5.9m,15.01m,Tây Nam,2.0,1.0,1.0,97.10m²,,,,Sổ riêng
UC4BRS,"Cô Giang, P.Phước Ninh, Q.Hải Châu, TP. Đà Nẵng",2000000.0,100.0,Nhà mặt tiền,2m,10m,,2.0,1.0,3.0,20m²,,,,
QKBR3U,"01B8 KDC 91B, P.An Khánh, Q.Ninh Kiều, TP. Cần Thơ",4000000.0,62.5,Nhà mặt tiền,4.5m,16m,Đông Bắc,2.0,3.0,2.0,64m²,130.40m²,6m,,
6Y7YY8,"511 Hoàng Diệu, P.Bình Thuận, Q.Hải Châu, TP. Đà Nẵng",20000000.0,115.34,Nhà mặt tiền,3.94m,40.56m,Tây Nam,2.0,1.0,1.0,173.40m²,170.70m²,,,
3HANZQ,"922 Trường Chinh, P.Hòa Phát, Q.Cẩm Lệ, TP. Đà Nẵng",3950000.0,48.22,Nhà mặt tiền,4.25m,19.36m,Tây Nam,3.0,2.0,2.0,81.90m²,110m²,,,Sổ riêng
EPDM94,"76C Trần Phú, P.Phước Vĩnh, Q.Thuận Hóa, TP. Huế",2900000.0,64.44,Nhà mặt tiền,3.48m,10.13m,Đông Nam,3.0,4.0,3.0,45m²,,,,
7EPMBA,"Lô 26, Khu B3-1 Thăng Long, P.Hòa Cường Nam, Q.Hải Châu, TP. Đà Nẵng",48000000.0,163.76,Nhà mặt tiền,12.03m,24.72m,Đông Nam,5.0,6.0,4.0,293.10m²,474.20m²,,,
263EXZ,"152 Tiền Phong, P.Đằng Hải, Q.Hải An, TP. Hải Phòng",2590000.0,63.66,Nhà mặt tiền,3m,13.25m,Đông Bắc,2.0,2.0,2.0,40.68m²,,,,
C0WMTB,"20A Yết Kiêu, P.Thuận Hòa, Q.Phú Xuân, TP. Huế",8400000.0,49.49,Nhà mặt tiền,6m,28.82m,Tây Bắc,1.0,1.0,1.0,169.70m²,,,,
SCD9K5,"111 Vạn Kiếp, P.Thượng Lý, Q.Hồng Bàng, TP. Hải Phòng",4950000.0,120.73,Nhà mặt tiền,3.1m,10.13m,Tây Bắc,4.0,3.0,4.0,41m²,,,,
5BDFJ7,"63 Hồng Khẳng, P.Vỹ Dạ, Q.Thuận Hóa, TP. Huế",3300000.0,33.0,Nhà mặt tiền,8.61m,16.92m,Đông Nam,1.0,1.0,1.0,100m²,,,,
YFKX9D,"47 Trần Nguyên Đán, P.Thuận Hòa, Q.Phú Xuân, TP. Huế",14000000.0,53.94,Nhà mặt tiền,12.9m,20.4m,Đông Bắc,5.0,5.0,3.0,259.50m²,,,,
JN9BT0,"135 Đặng Huy Trứ, P.Phước Vĩnh, Q.Thuận Hóa, TP. Huế",9000000.0,67.26,Nhà mặt tiền,6.65m,19.57m,Tây Nam,5.0,5.0,3.0,133.80m²,,,,
SHSCA5,"14 Thôn An Dương, P.An Đồng, Q.An Dương, TP. Hải Phòng",2200000.0,40.44,Nhà mặt tiền,9.4m,6m,Bắc,2.0,1.0,1.0,54.40m²,,2.5m,,Sổ riêng
0TFYN9,"5 ( Thửa 53(2) - tờ 54) Trung Oai, Xã Tiên Dương, H.Đông Anh, TP. Hà Nội",5000000.0,148.36,Nhà mặt tiền,4m,8.42m,Nam,4.0,4.0,4.0,33.70m²,,3m,,
5K3287,"2 Lễ Pháp, Xã Tiên Dương, H.Đông Anh, TP. Hà Nội",11000000.0,117.64,Nhà mặt tiền,5.08m,18.4m,Tây Nam,3.0,3.0,3.0,93.50m²,,4m,,
CRYM8B,"Thửa 82 - tờ 88 Xuân Nộn, Xã Xuân Nộn, H.Đông Anh, TP. Hà Nội",3000000.0,58.13,Nhà mặt tiền,4m,12.9m,Nam,2.0,1.0,2.0,51.60m²,,4m,,
5K2HN7,"81 Miếu, P.Dư Hàng Kênh, Q.Lê Chân, TP. Hải Phòng",18600000.0,200.0,Nhà mặt tiền,4.2m,20.2m,Tây Bắc,5.0,4.0,6.0,93m²,,,,
D4N4SH,"Thửa 1486 - Tờ 4 DT361, Xã Tân Phong, H.Kiến Thuỵ, TP. Hải Phòng",4350000.0,41.66,Nhà mặt tiền,4.73m,24.43m,Đông Bắc,4.0,3.0,2.0,104.40m²,,21m,,
2V55BZ,"A10-2, Đường số 1 KDC 8C, P.Hưng Thạnh, Q.Cái Răng, TP. Cần Thơ",5990000.0,75.06,Nhà mặt tiền,5.7m,14m,Đông Bắc,3.0,4.0,3.0,79.80m²,171.10m²,12m,,
PN9NKG,"344B Chi Lăng, P.Gia Hội, Q.Phú Xuân, TP. Huế",2790000.0,49.91,Nhà mặt tiền,4m,13.51m,Đông Bắc,4.0,3.0,4.0,55.90m²,145.10m²,4.57m,,
0ZHUN9,"67 Lê Chân, P.An Khánh, Q.Ninh Kiều, TP. Cần Thơ",7000000.0,84.03,Nhà mặt tiền,4.5m,16m,Đông Bắc,4.0,4.0,3.0,83.30m²,222.40m²,20m,Bàn giao thô,
ACZMJY,"118B Trần Phú, P.Cái Khế, Q.Ninh Kiều, TP. Cần Thơ",9000000.0,116.27,Nhà mặt tiền,4.22m,18.35m,Tây Bắc,3.0,4.0,3.0,77.40m²,160.60m²,30.7m,Bàn giao thô,
40VQMF,"81 Đồng Kè, P.Hòa Khánh Bắc, Q.Liên Chiểu, TP. Đà Nẵng",6000000.0,55.86,Nhà mặt tiền,4.51m,24.14m,Đông Bắc,3.0,2.0,2.0,107.40m²,150m²,,,
KF2EQC,"191 Đống Đa, P.Thạch Thang, Q.Hải Châu, TP. Đà Nẵng",65000000.0,273.1,Nhà mặt tiền,17.42m,19.4m,Bắc,50.0,50.0,10.0,238m²,2252.10m²,,Đầy đủ,
5HW3T7,"55B Thanh Long, P.Thanh Bình, Q.Hải Châu, TP. Đà Nẵng",14000000.0,128.67,Nhà mặt tiền,6.73m,16.11m,Đông Nam,4.0,5.0,3.0,108.80m²,248.30m²,,Đầy đủ,
CW00KB,"131 đường CMT8, P.An Hòa, Q.Ninh Kiều, TP. Cần Thơ",11000000.0,120.87,Nhà mặt tiền,3.25m,16.7m,Đông Bắc,5.0,3.0,3.0,91m²,,,,Sổ riêng
2MV1BZ,"90 Nguyễn Chích, P.Hòa Minh, Q.Liên Chiểu, TP. Đà Nẵng",5950000.0,79.33,Nhà mặt tiền,5m,15m,Đông Bắc,1.0,1.0,2.0,75m²,,,,
UY7BYS,"24 Lê Sao, P.Hòa Minh, Q.Liên Chiểu, TP. Đà Nẵng",4950000.0,54.63,Nhà mặt tiền,5m,18.13m,Đông Nam,4.0,4.0,1.0,90.60m²,84.60m²,13.5m,Bàn giao thô,
JXSZG0,"17 Nguyễn Quyền, P.Hòa An, Q.Cẩm Lệ, TP. Đà Nẵng",6200000.0,74.87,Nhà mặt tiền,4.5m,18.4m,Tây Nam,3.0,2.0,2.0,82.80m²,125.10m²,,,
1AFQX6,"36 Nguyễn Khang, P.An Khê, Q.Thanh Khê, TP. Đà Nẵng",7700000.0,81.05,Nhà mặt tiền,5m,19m,Đông Bắc,4.0,3.0,3.0,95m²,222m²,,,
AFGMZY,"58 Trần Đức Thông, P.An Hải Bắc, Q.Sơn Trà, TP. Đà Nẵng",16000000.0,200.0,Nhà mặt tiền,5m,16m,Tây Nam,7.0,7.0,4.0,80m²,295.50m²,,,
EGTAF4,"17B7 KDC 91B, P.An Khánh, Q.Ninh Kiều, TP. Cần Thơ",4900000.0,76.56,Nhà mặt tiền,4m,16m,Đông Bắc,3.0,3.0,3.0,64m²,204.90m²,12m,,
UC45HS,"H61 Mẹ Nhu, P.Thanh Khê Tây, Q.Thanh Khê, TP. Đà Nẵng",4150000.0000000005,64.14,Nhà mặt tiền,4.5m,14.3m,Đông Nam,2.0,1.0,1.0,64.70m²,64.70m²,2m,Cơ bản,
AFR3QY,"22D3 KDC Hồng Loan, P.Hưng Thạnh, Q.Cái Răng, TP. Cần Thơ",6000000.0,75.0,Nhà mặt tiền,5m,16m,Đông Nam,3.0,4.0,3.0,80m²,232.80m²,20m,,
0MMBP9,"15 Hoàng Hoa Thám, P.Thạc Gián, Q.Thanh Khê, TP. Đà Nẵng",19000000.0,150.07,Nhà mặt tiền,4.82m,21.37m,Tây Nam,3.0,3.0,3.0,126.60m²,343.70m²,,,
AFF6QY,"79 Trần Quang Long, P.Hòa Minh, Q.Liên Chiểu, TP. Đà Nẵng",5990000.0,66.55,Nhà mặt tiền,4.5m,20m,Tây Nam,3.0,2.0,2.0,90m²,,15.5m,,
SBBMR5,"12 Nguyễn Hữu Thọ, P.Xuân Phú, Q.Thuận Hóa, TP. Huế",8600000.0,90.52,Nhà mặt tiền,5m,19m,Đông Nam,1.0,1.0,1.0,95m²,,,,
DRFW0H,"30 Tế Hanh, P.Hòa Xuân, Q.Cẩm Lệ, TP. Đà Nẵng",8860000.0,77.04,Nhà mặt tiền,5m,23m,Nam,4.0,4.0,3.0,115m²,,,,
C9R0WB,"45 Bình An 7, P.Hòa Cường Bắc, Q.Hải Châu, TP. Đà Nẵng",5750000.0,143.03,Nhà mặt tiền,4.3m,9.57m,Đông Nam,3.0,3.0,3.0,40.20m²,116.50m²,,,
0MZ7J9,"Khúc Thừa Dụ, P.Dịch Vọng, Q.Cầu Giấy, TP. Hà Nội",8000000.0,222.22,Nhà mặt tiền,4.8m,7.5m,Bắc,3.0,4.0,5.0,36m²,36m²,2.5m,Đầy đủ,
P1ZS9G,"Đường 5, P.Hòa Hiệp Nam, Q.Liên Chiểu, TP. Đà Nẵng",4300000.0,43.0,Nhà mặt tiền,5m,20m,Đông,2.0,3.0,4.0,100m²,100m²,,,
5EAD47,"264 Lán Bè, P.An Biên, Q.Lê Chân, TP. Hải Phòng",4890000.0,131.45,Nhà mặt tiền,4.07m,9.12m,Đông Nam,2.0,2.0,2.0,37.20m²,,,,
QHQ6ZU,"143B Trần Hưng Đạo, P.Thới Bình, Q.Ninh Kiều, TP. Cần Thơ",10000000.0,141.44,Nhà mặt tiền,3.6m,19.8m,Tây Bắc,3.0,3.0,3.0,70.70m²,132.90m²,18m,,
DWD0MH,"361 Hoàng Diệu, P.Bình Thuận, Q.Hải Châu, TP. Đà Nẵng",12800000.0,168.42,Nhà mặt tiền,3.45m,21.15m,Tây Nam,8.0,8.0,3.0,76m²,,,,
5BQE27,"48 Nguyễn Xuân Lộc, P.Thuận Lộc, Q.Phú Xuân, TP. Huế",4800000.0,27.9,Nhà mặt tiền,8m,21.5m,Tây Nam,4.0,4.0,2.0,172m²,,,,
C0AN3B,"Lô C78 đường số 4C, Xã Phú Mỹ, H.Phú Vang, TP. Huế",6900000.0,31.57,Nhà mặt tiền,6m,21m,Đông,4.0,4.0,3.0,218.50m²,240m²,,,
8YZRR3,"248 Nguyễn Chơn, P.Hòa Khánh Nam, Q.Liên Chiểu, TP. Đà Nẵng",6800000.0,85.0,Nhà mặt tiền,5m,16m,Đông Nam,3.0,3.0,3.0,80m²,234m²,,,
WZY4CR,"79 Bắc Sơn, P.Hòa An, Q.Cẩm Lệ, TP. Đà Nẵng",7850000.0,78.5,Nhà mặt tiền,5m,20m,Tây,2.0,2.0,2.0,100m²,,,,Sổ riêng
6APKJ8,"222 (Thửa 297 - tờ 21) Giang Cao, Xã Bát Tràng, H.Gia Lâm, TP. Hà Nội",7500000.0,187.5,Nhà mặt tiền,6.92m,5.94m,Nam,1.0,1.0,1.0,40m²,,,,Sổ riêng
DW2A3H,"21 Hàm Trung 3, P.Hòa Hiệp Nam, Q.Liên Chiểu, TP. Đà Nẵng",3950000.0,36.74,Nhà mặt tiền,5m,21.5m,Tây Bắc,2.0,1.0,1.0,107.50m²,,,,
6ABP78,"28 Nguyễn Chích, P.Thanh Khê Tây, Q.Thanh Khê, TP. Đà Nẵng",9500000.0,122.58,Nhà mặt tiền,5m,15.5m,Tây Nam,4.0,4.0,3.0,77.50m²,212.20m²,,,
QHFHPU,"478 Nguyễn Văn Cừ, P.An Hòa, Q.Ninh Kiều, TP. Cần Thơ",13000000.0,142.23,Nhà mặt tiền,4m,22.3m,Đông Nam,4.0,2.0,3.0,91.40m²,220.90m²,20m,,
UK4H6S,"147 Nguyễn Hữu Dật, P.Hòa Cường Bắc, Q.Hải Châu, TP. Đà Nẵng",12000000.0,118.81,Nhà mặt tiền,5m,20.2m,Tây Nam,3.0,3.0,3.0,101m²,225.50m²,,,
3D71MQ,"30 Nguyên Hồng, P.Thanh Khê Đông, Q.Thanh Khê, TP. Đà Nẵng",8800000.0,122.22,Nhà mặt tiền,4m,18m,Đông Nam,4.0,4.0,3.0,72m²,218.40m²,,,Sổ riêng
WZ9ZDR,"40/317A Đà Nẵng, P.Vạn Mỹ, Q.Ngô Quyền, TP. Hải Phòng",2500000.0,55.92,Nhà mặt tiền,5.73m,7.77m,Tây Nam,3.0,2.0,2.0,44.70m²,,,,
DWCUDH,"26 Duy Tân, P.Bình Thuận, Q.Hải Châu, TP. Đà Nẵng",6500000.0,154.39,Nhà mặt tiền,4.08m,10.91m,Đông Nam,3.0,3.0,3.0,42.10m²,114.40m²,,,
RT9CWJ,"64 đường Mậu Thân, P.Thới Bình, Q.Ninh Kiều, TP. Cần Thơ",30000000.0,164.56,Nhà mặt tiền,5.95m,32.65m,Tây Nam,1.0,2.0,2.0,182.30m²,,,,
6AQJE8,"63 Nguyễn Đệ, P.An Hòa, Q.Ninh Kiều, TP. Cần Thơ",10800000.0,85.03,Nhà mặt tiền,5m,25.4m,Tây Bắc,2.0,2.0,3.0,127m²,,,,
WZJATR,"Thửa 206 - Tờ 28 ( Số nhà 327C) Hàng Xoài, P.Lê Bình, Q.Cái Răng, TP. Cần Thơ",3300000.0,30.64,Nhà mặt tiền,4.9m,21.97m,Đông Bắc,1.0,1.0,1.0,107.70m²,,,,
QHSHPU,"Thửa 682 - tờ 106-2024 Thôn Hà Nhuận, P.An Hoà, Q.An Dương, TP. Hải Phòng",1250000.0,20.83,Nhà mặt tiền,7.63m,8.16m,Nam,2.0,1.0,1.0,60m²,,,,
5CGFS7,"Lô 67 Mê Linh, P.Hòa Hiệp Nam, Q.Liên Chiểu, TP. Đà Nẵng",7200000.0,72.36,Nhà mặt tiền,5m,19.92m,Tây Bắc,3.0,3.0,3.0,99.50m²,180.80m²,,,
SK0S45,"05 Cao Xuân Dục, P.Vỹ Dạ, Q.Thuận Hóa, TP. Huế",5900000.0,98.33,Nhà mặt tiền,5m,12m,Đông Bắc,4.0,4.0,4.0,60m²,199.60m²,13m,,
21A21Z,"Lô số 02 khu TĐC-02 - Tờ Quy hoạch chi tiết (172-A) Phương Chữ Nam, Xã Trường Thành, H.An Lão, TP. Hải Phòng",7500000.0,46.87,Nhà mặt tiền,8m,20m,Đông Bắc,2.0,2.0,1.0,160m²,,6m,,
W28W9R,"Thửa 480 - tờ 98 Thôn Việt Khê, Xã Tân Dân, H.An Lão, TP. Hải Phòng",1900000.0,23.63,Nhà mặt tiền,4.5m,18.13m,Tây,2.0,2.0,2.0,80.40m²,,7m,,Sổ riêng
8ACM73,"07 Đường E2 KDC 3A, P.An Bình, Q.Ninh Kiều, TP. Cần Thơ",1590000.0,37.27,Nhà mặt tiền,5m,10.5m,Tây Bắc,1.0,1.0,2.0,42.90m²,,5m,,
QDC4VU,"241 Tô Hiệu, P.Hòa Minh, Q.Liên Chiểu, TP. Đà Nẵng",7900000.0,101.15,Nhà mặt tiền,4.2m,18.79m,Đông,4.0,6.0,4.0,78.10m²,219.30m²,,,
0NNDR9,"41 Thôn Quỳnh Hoàng, P.Nam Sơn, Q.An Dương, TP. Hải Phòng",1500000.0,22.38,Nhà mặt tiền,4m,16.8m,Nam,2.0,1.0,1.0,67m²,,2.5m,,
SKKPD5,"Thửa 330/1 - Tờ 05 Thôn 3, Xã Tú Sơn, H.Kiến Thuỵ, TP. Hải Phòng",5400000.0,26.08,Nhà mặt tiền,5.4m,36.9m,Tây,3.0,2.0,2.0,207m²,,5.8m,,
DF4J9H,"Vọng Hải, P.Hưng Đạo, Q.Dương Kinh, TP. Hải Phòng",4850000.0,59.87,Nhà mặt tiền,8.23m,10.34m,Tây Bắc,3.0,3.0,3.0,81m²,,8m,,
W2G25R,"Hòa Bình, P.Yên Nghĩa, Q.Hà Đông, TP. Hà Nội",5690000.0,62.73,Nhà mặt tiền,4.19m,8.71m,Tây,5.0,5.0,5.0,90.70m²,,6m,,
GMJE32,"Quảng nguyên, Xã Quảng Phú Cầu, H.Ứng Hòa, TP. Hà Nội",4500000.0,47.46,Nhà mặt tiền,4.52m,19.82m,Bắc,4.0,3.0,4.0,94.80m²,94.80m²,4m,Đầy đủ,
SH6TT5,"258 Ngô Quyền, P.Vạn Mỹ, Q.Ngô Quyền, TP. Hải Phòng",6500000.0,101.72,Nhà mặt tiền,3.4m,18.8m,Đông Bắc,2.0,2.0,2.0,63.90m²,,16m,,
7C3ZXA,"72 Phan Phú Tiên, P.Thanh Khê Tây, Q.Thanh Khê, TP. Đà Nẵng",8990000.0,116.6,Nhà mặt tiền,5m,15.56m,Tây Nam,4.0,4.0,3.0,77.10m²,126m²,,,
3AX15Q,"Số 122A khu tập thể A10 Nghĩa Tân (sân chơii A10) Nghĩa Tân, P.Nghĩa Tân, Q.Cầu Giấy, TP. Hà Nội",6500000.0,118.18,Nhà mặt tiền,5m,11m,Nam,2.0,1.0,1.0,55m²,55m²,,,
7C8MNA,"178 ( Thửa 50 - tờ 84) Lê Hữu Tựu, Xã Nguyên Khê, H.Đông Anh, TP. Hà Nội",14000000.0,175.0,Nhà mặt tiền,5m,16m,Bắc,4.0,4.0,4.0,80m²,,12m,,
SHVNM5,"151 Nguyễn Thị Thập, P.Hòa Minh, Q.Liên Chiểu, TP. Đà Nẵng",8000000.0,80.8,Nhà mặt tiền,5m,19.8m,Đông Bắc,3.0,3.0,3.0,99m²,182.90m²,,,
2V4FEZ,"12 Nguyễn Thuý, P.Hòa Minh, Q.Liên Chiểu, TP. Đà Nẵng",8500000.0,129.96,Nhà mặt tiền,4.54m,14.84m,Tây Nam,3.0,4.0,3.0,65.40m²,196.60m²,,Đầy đủ,
WG5MNR,"14 Đồng Xoài, P.Hòa Minh, Q.Liên Chiểu, TP. Đà Nẵng",5500000.0,79.71,Nhà mặt tiền,6.62m,12.57m,Đông Nam,3.0,3.0,2.0,69m²,116.40m²,,,
4930KF,"110 Nguyễn Nhàn, P.Hòa Thọ Đông, Q.Cẩm Lệ, TP. Đà Nẵng",5200000.0,65.0,Nhà mặt tiền,4.98m,15.8m,Đông Nam,1.0,1.0,1.0,80m²,73.40m²,,,
AB2SMY,"16 Cầu Giấy, P.Ngọc Khánh, Q.Ba Đình, TP. Hà Nội",15680000.0,501.15,Nhà mặt tiền,5.23m,6.29m,Đông Bắc,3.0,4.0,3.0,31.30m²,62.60m²,,,
2VVS0Z,"57 An Hải 15, P.An Hải Bắc, Q.Sơn Trà, TP. Đà Nẵng",6800000.0,114.09,Nhà mặt tiền,8m,12.5m,Tây Nam,3.0,3.0,2.0,59.60m²,93.30m²,,,
9NN34P,"B12 3 Tháng 2, P.Hưng Lợi, Q.Ninh Kiều, TP. Cần Thơ",2950000.0,48.36,Nhà mặt tiền,8.71m,7.16m,Bắc,2.0,1.0,1.0,61m²,61m²,,,
GMXYJ2,"412 Nguyễn Phước Nguyên, P.An Khê, Q.Thanh Khê, TP. Đà Nẵng",7950000.0,155.27,Nhà mặt tiền,3.75m,13.65m,Đông Bắc,3.0,3.0,3.0,51.20m²,158.90m²,,,
YEBC3D,"47 Tạ Mỹ Duật, P.An Hải Bắc, Q.Sơn Trà, TP. Đà Nẵng",15000000.0,171.42,Nhà mặt tiền,5m,17.5m,Đông Bắc,5.0,4.0,4.0,87.50m²,266.10m²,,,
WPE9DR,"96 Đề Thám, P.Thới Bình, Q.Ninh Kiều, TP. Cần Thơ",17500000.0,185.97,Nhà mặt tiền,6.65m,14.05m,Tây Nam,2.0,1.0,2.0,94.10m²,117.60m²,12m,,
EJAQT4,"13 Đường A4 KDC 3A, P.An Bình, Q.Ninh Kiều, TP. Cần Thơ",2250000.0,26.13,Nhà mặt tiền,4.5m,19m,Tây Nam,1.0,1.0,1.0,86.10m²,,6m,Bàn giao thô,
5HVFX7,"157 Ngô Quyền, P.Mân Thái, Q.Sơn Trà, TP. Đà Nẵng",9900000.0,114.98,Nhà mặt tiền,4.14m,15.6m,Tây Bắc,2.0,3.0,2.0,86.10m²,161.80m²,,Đầy đủ,
QAZNNU,"131 Lý Tự Trọng, P.Thanh Bình, Q.Hải Châu, TP. Đà Nẵng",30000000.0,57.27,Nhà mặt tiền,26.84m,34.95m,Đông Bắc,5.0,4.0,3.0,523.80m²,436.20m²,,Đầy đủ,Sổ riêng
KF3N5C,"65 Mậu Thân, P.Xuân Khánh, Q.Ninh Kiều, TP. Cần Thơ",23500000.0,215.59,Nhà mặt tiền,7.8m,13.8m,,2.0,2.0,2.0,109m²,186.70m²,20m,,
6S9R68,"89 Huỳnh Tịnh Của, Xã Hòa Phước, H.Hòa Vang, TP. Đà Nẵng",4950000.0,42.12,Nhà mặt tiền,5m,23.5m,Tây,4.0,2.0,2.0,117.50m²,113m²,,Cơ bản,
SDTEW5,"258 Âu Cơ, P.Hòa Khánh Bắc, Q.Liên Chiểu, TP. Đà Nẵng",13200000.0,183.33,Nhà mặt tiền,6.77m,10.67m,Tây Nam,1.0,1.0,3.0,72m²,72m²,,Đầy đủ,
1UJZK6,"257 Trần Quý Khoách, P.Hòa Minh, Q.Liên Chiểu, TP. Đà Nẵng",14000000.0,81.01,Nhà mặt tiền,12.75m,18m,Đông Bắc,1.0,1.0,1.0,172.80m²,,11.5m,Bàn giao thô,
5HTNY7,"72 Đường số 10 KDC 11B, P.Hưng Phú, Q.Cái Răng, TP. Cần Thơ",4250000.0,66.4,Nhà mặt tiền,4.5m,14m,Đông Nam,3.0,3.0,3.0,64m²,152.30m²,13.5m,Đầy đủ,
J2A1P0,"280 Phù Đổng, P.Hòa Xuân, Q.Cẩm Lệ, TP. Đà Nẵng",6300000.0,53.61,Nhà mặt tiền,5m,23.5m,Đông,3.0,3.0,3.0,117.50m²,171.50m²,,Đầy đủ,
379YWQ,"21 Hoàng Hoa Thám, P.Thạc Gián, Q.Thanh Khê, TP. Đà Nẵng",21000000.0,175.43,Nhà mặt tiền,4.74m,24.58m,Tây Nam,1.0,1.0,2.0,119.70m²,173.60m²,,Cơ bản,Sổ riêng
KFM8FC,"251 Vũ Quỳnh, P.Thanh Khê Tây, Q.Thanh Khê, TP. Đà Nẵng",6200000.0,82.66,Nhà mặt tiền,5m,15m,Đông Bắc,1.0,1.0,1.0,75m²,,,,
WPQPPR,"193 Nguyễn Văn Thoại, P.An Hải Nam, Q.Sơn Trà, TP. Đà Nẵng",81000000.0,413.05,Nhà mặt tiền,9.11m,19.99m,Đông Nam,3.0,3.0,3.0,196.10m²,103.80m²,,,
EJM7Y4,"199 Điện Biên Phủ, P.Thạc Gián, Q.Thanh Khê, TP. Đà Nẵng",45000000.0,154.1,Nhà mặt tiền,15m,20m,Bắc,1.0,1.0,3.0,292m²,812.10m²,,Cơ bản,
GXSS52,"05 Thanh Vinh 5, P.Hòa Khánh Bắc, Q.Liên Chiểu, TP. Đà Nẵng",4950000.0,29.32,Nhà mặt tiền,7.5m,22.5m,Bắc,4.0,3.0,1.0,168.80m²,,,,Sổ riêng
J26WF0,"74 Mậu Thân, P.An Hòa, Q.Ninh Kiều, TP. Cần Thơ",9500000.0,234.56,Nhà mặt tiền,6.1m,6.82m,Tây Nam,2.0,2.0,3.0,40.50m²,79.62m²,,,
KF21JC,"01 Nguyên Hồng, P.Thanh Khê Đông, Q.Thanh Khê, TP. Đà Nẵng",9500000.0,90.13,Nhà mặt tiền,8.13m,18m,Tây Bắc,4.0,3.0,2.0,105.40m²,191.50m²,,Bàn giao thô,
WPVN6R,"141 Nguyễn Chí Thanh, P.Hải Châu, Q.Hải Châu, TP. Đà Nẵng",16000000.0,188.23,Nhà mặt tiền,4.19m,19.92m,Tây Nam,4.0,3.0,3.0,85m²,244.20m²,,,Sổ riêng
AC04HY,"83 Khánh An 11, P.Hòa Khánh Nam, Q.Liên Chiểu, TP. Đà Nẵng",8650000.0,57.66,Nhà mặt tiền,7.5m,20m,Đông Bắc,4.0,4.0,3.0,150m²,233.40m²,15.5m,Đầy đủ,
UYFAAS,"75-77 Nguyễn Ân, P.Hòa Xuân, Q.Cẩm Lệ, TP. Đà Nẵng",14500000.0,70.93,Nhà mặt tiền,10m,20.44m,Đông Nam,3.0,3.0,2.0,204.40m²,169.90m²,,Đầy đủ,
KFGBQC,"70 An Thượng 17, P.Mỹ An, Q.Ngũ Hành Sơn, TP. Đà Nẵng",25000000.0,416.66,Nhà mặt tiền,4m,15m,Đông Bắc,11.0,11.0,6.0,60m²,,,Đầy đủ,
9T6C0P,"63 Bình An 7, P.Hòa Cường Bắc, Q.Hải Châu, TP. Đà Nẵng",9650000.0,141.08,Nhà mặt tiền,5.2m,13.15m,Tây Nam,4.0,4.0,3.0,68.40m²,196.20m²,,Cơ bản,
DE0GRH,"100 Mai Lão Bạng, P.Thuận Phước, Q.Hải Châu, TP. Đà Nẵng",5000000.0,98.03,Nhà mặt tiền,6.2m,8m,Đông Nam,3.0,3.0,3.0,51m²,51m²,2m,Đầy đủ,
KF96GC,"122 Phan Khôi, P.Hòa Xuân, Q.Cẩm Lệ, TP. Đà Nẵng",6500000.0,65.0,Nhà mặt tiền,5m,20m,Đông,4.0,2.0,2.0,100m²,167m²,15.5m,Đầy đủ,
SDE2Y5,"Thửa 45 - tờ 25 Trường Chinh, P.Hòa Thọ Tây, Q.Cẩm Lệ, TP. Đà Nẵng",3650000.0,22.14,Nhà mặt tiền,2.59m,19.69m,Tây Bắc,2.0,1.0,2.0,164.80m²,83.50m²,,Cơ bản,
5H4RC7,"25 Mẹ Nhu, P.Thanh Khê Tây, Q.Thanh Khê, TP. Đà Nẵng",8100000.0,80.83,Nhà mặt tiền,6.88m,12.91m,Tây Bắc,4.0,3.0,3.0,100.20m²,271.60m²,,,
85ANA3,"06 Đồng Khởi, P.Tân An, Q.Ninh Kiều, TP. Cần Thơ",10500000.0,262.5,Nhà mặt tiền,16.3m,2.65m,Đông,2.0,2.0,2.0,40m²,85m²,,,
2M1W1Z,"11A Ngô Hữu Hạnh, P.Tân An, Q.Ninh Kiều, TP. Cần Thơ",13000000.0,124.87,Nhà mặt tiền,4.03m,25.83m,Đông Bắc,4.0,2.0,3.0,104.10m²,,,,
UYDY8S,"67 Ngô Văn Sở, P.Hòa Khánh Nam, Q.Liên Chiểu, TP. Đà Nẵng",12000000.0,100.84,Nhà mặt tiền,5m,23.8m,Tây Bắc,1.0,1.0,1.0,119m²,,,,
J2GKJ0,"79 Trần Phú, P.Cái Khế, Q.Ninh Kiều, TP. Cần Thơ",4800000.0,99.17,Nhà mặt tiền,3.65m,13.55m,Đông Bắc,2.0,3.0,2.0,48.40m²,65.60m²,30m,,
KF49RC,"147 Kỳ Đồng, P.Thanh Khê Đông, Q.Thanh Khê, TP. Đà Nẵng",10200000.0,102.0,Nhà mặt tiền,5m,20m,Tây Bắc,3.0,3.0,3.0,100m²,253.50m²,,,
1U3JG6,"119 Phan Triêm, P.Hòa Xuân, Q.Cẩm Lệ, TP. Đà Nẵng",8750000.0,97.22,Nhà mặt tiền,5m,18m,Tây Nam,4.0,4.0,4.0,90m²,289.10m²,15.5m,Đầy đủ,
QA5C0U,"124 Lê Thiệt, P.Hòa Minh, Q.Liên Chiểu, TP. Đà Nẵng",6900000.0,95.83,Nhà mặt tiền,4.5m,16m,Tây Nam,3.0,3.0,2.0,72m²,135m²,,,
KFE9JC,"01 Bùi Chát, P.Hòa Khánh Bắc, Q.Liên Chiểu, TP. Đà Nẵng",6900000.0,48.21,Nhà mặt tiền,14.39m,10.03m,Tây Bắc,3.0,3.0,2.0,143.10m²,198.20m²,,Cơ bản,
37SKYQ,"231A Tôn Đản, P.Hòa An, Q.Cẩm Lệ, TP. Đà Nẵng",6300000.0,78.75,Nhà mặt tiền,4m,20m,Tây Nam,5.0,3.0,3.0,80m²,,,,
SBP1K5,"401 (Thửa 4A - tờ 40) đường Nguyễn Văn Cừ, P.An Hòa, Q.Ninh Kiều, TP. Cần Thơ",25000000.0,144.59,Nhà mặt tiền,6.7m,27.2m,Tây Bắc,1.0,1.0,1.0,172.90m²,,23m,,
C9V05B,"1262 Phạm Văn Đồng, P.Hợp Đức, Q.Đồ Sơn, TP. Hải Phòng",7100000.0,35.5,Nhà mặt tiền,8m,25m,Đông Bắc,31.0,31.0,4.0,200m²,,,,
SB01K5,"26 Tạ Mỹ Duật, P.An Hải Bắc, Q.Sơn Trà, TP. Đà Nẵng",10900000.0,165.15,Nhà mặt tiền,4.4m,15m,Đông Bắc,3.0,2.0,2.0,66m²,,,,
749XYA,"08 Hòa Minh 23, P.Hòa Minh, Q.Liên Chiểu, TP. Đà Nẵng",8900000.0,109.87,Nhà mặt tiền,4.5m,18m,Đông Nam,4.0,4.0,3.0,81m²,,,,
EGZBG4,"Lê Hiến Mai, P.Hòa An, Q.Cẩm Lệ, TP. Đà Nẵng",7800000.0,78.0,Nhà mặt tiền,5m,20m,Đông Bắc,4.0,3.0,3.0,100m²,,7.5m,,
744WDA,"123 Trần Văn Trà, P.Hòa Xuân, Q.Cẩm Lệ, TP. Đà Nẵng",17500000.0,82.74,Nhà mặt tiền,13.03m,20m,Tây,1.0,1.0,1.0,211.50m²,,,,
5EKBB7,"D2-4 TĐC Long Tuyền, P.Long Tuyền, Q.Bình Thuỷ, TP. Cần Thơ",4430000.0,69.35,Nhà mặt tiền,4m,16m,Đông Nam,3.0,2.0,2.0,64m²,130.70m²,13m,,
YWBY8D,"91 Giáp Văn Cương, P.Hòa Minh, Q.Liên Chiểu, TP. Đà Nẵng",5900000.0,75.06,Nhà mặt tiền,4.01m,19.81m,Tây Nam,4.0,3.0,2.0,78.60m²,106.50m²,,,
UCYP3S,"76 Trần Đình Tri, P.Hòa Minh, Q.Liên Chiểu, TP. Đà Nẵng",8900000.0,87.34,Nhà mặt tiền,5m,20.4m,Đông Nam,3.0,2.0,2.0,101.90m²,,,,
WT9CVR,"16 Phú Xuân 5, P.Hòa Minh, Q.Liên Chiểu, TP. Đà Nẵng",8500000.0,94.44,Nhà mặt tiền,5m,18m,Tây Nam,3.0,3.0,3.0,90m²,,,,
3H5GJQ,"77 Trần Bích San, P.Hòa Hiệp Nam, Q.Liên Chiểu, TP. Đà Nẵng",8500000.0,109.67,Nhà mặt tiền,5.08m,16m,Đông Bắc,3.0,5.0,4.0,77.50m²,236.70m²,,,
3HSG2Q,"401 KV Phú Lễ, P.Tân Phú, Q.Cái Răng, TP. Cần Thơ",1490000.0,7.45,Nhà mặt tiền,12m,25.7m,Tây Nam,2.0,1.0,1.0,200m²,50m²,4m,,
8DUU23,"07 Tôn Thất Đạm, P.Xuân Hà, Q.Thanh Khê, TP. Đà Nẵng",13800000.0,153.33,Nhà mặt tiền,4.5m,20m,Tây,8.0,5.0,4.0,90m²,349.10m²,,,
QKS7JU,"212 Đồng Văn Cống, P.An Thới, Q.Bình Thuỷ, TP. Cần Thơ",5900000.0,83.8,Nhà mặt tiền,4.55m,15.75m,Tây Bắc,2.0,1.0,1.0,70.40m²,,11m,,
KJKM8C,"05 Phú Lộc 8, P.Hòa Minh, Q.Liên Chiểu, TP. Đà Nẵng",5350000.0,71.33,Nhà mặt tiền,5m,15m,Tây Bắc,2.0,2.0,2.0,75m²,107.50m²,,,
UK8M8S,"34 Lý Nhân Tông, P.Hòa Cường Bắc, Q.Hải Châu, TP. Đà Nẵng",10500000.0,113.51,Nhà mặt tiền,5m,18.5m,Đông Nam,3.0,2.0,2.0,92.50m²,179m²,,,Sổ riêng
RT45FJ,"15 Hòa Nam 5, P.Hòa An, Q.Cẩm Lệ, TP. Đà Nẵng",6700000.0,69.0,Nhà mặt tiền,5m,19.42m,Tây Bắc,5.0,3.0,3.0,97.10m²,279.30m²,,,
C0DX8B,"89 Mạc Thiên Tích, P.Xuân Khánh, Q.Ninh Kiều, TP. Cần Thơ",7800000.0,117.11,Nhà mặt tiền,4.5m,15.5m,Đông Bắc,3.0,3.0,4.0,66.60m²,235m²,8m,,
3D1WJQ,"209 Hoàng Văn Thái, P.Hòa Khánh Nam, Q.Liên Chiểu, TP. Đà Nẵng",6250000.0,63.51,Nhà mặt tiền,5.83m,16.98m,Tây Bắc,1.0,1.0,1.0,98.40m²,72.90m²,,,
DW5ENH,"78 Nguyễn Bá Loan, Xã Hòa Phước, H.Hòa Vang, TP. Đà Nẵng",3600000.0,36.0,Nhà mặt tiền,5m,20m,Tây Nam,3.0,1.0,2.0,100m²,66.40m²,,,
3DMGNQ,"145 Lê Văn Sỹ, P.Hòa Minh, Q.Liên Chiểu, TP. Đà Nẵng",7600000.0,108.57,Nhà mặt tiền,5m,14m,Đông Bắc,3.0,3.0,3.0,70m²,201.60m²,,,
JNEUG0,"686 Nguyễn Lương Bằng, P.Hòa Hiệp Nam, Q.Liên Chiểu, TP. Đà Nẵng",4500000.0,63.11,Nhà mặt tiền,4.19m,18.85m,Tây Nam,2.0,1.0,2.0,71.30m²,,,,
5B8J17,"15 Ngô Văn Sở, P.Tân An, Q.Ninh Kiều, TP. Cần Thơ",9500000.0,207.55,Nhà mặt tiền,4.2m,11.7m,Đông Bắc,4.0,4.0,4.0,45.77m²,221.92m²,,,
26RCDZ,"57 Cồn Dầu 2, P.Hòa Xuân, Q.Cẩm Lệ, TP. Đà Nẵng",8800000.0,88.0,Nhà mặt tiền,5m,20m,Tây Bắc,3.0,3.0,1.0,100m²,182.70m²,11.5m,,
A46TEY,"26 Trần Quang Khải, P.Cái Khế, Q.Ninh Kiều, TP. Cần Thơ",15800000.0,197.5,Nhà mặt tiền,4m,20m,Tây Bắc,17.0,17.0,6.0,80m²,337.50m²,,,
RTYRUJ,"25 Phú Lộc 21, P.Hòa Minh, Q.Liên Chiểu, TP. Đà Nẵng",6400000.0,79.01,Nhà mặt tiền,4.5m,18m,Tây Bắc,3.0,3.0,3.0,81m²,186.10m²,,,
JND710,"314 Điện Biên Phủ, P.Chính Gián, Q.Thanh Khê, TP. Đà Nẵng",8390000.0,289.31,Nhà mặt tiền,4.4m,6.7m,Nam,3.0,3.0,3.0,29m²,100.90m²,,,Sổ riêng
4G3WHF,"Thửa 109 - tờ 01 Xóm 9, Xã Bạch Đằng, TP.Thuỷ Nguyên, TP. Hải Phòng",1890000.0,3.75,Nhà mặt tiền,15.3m,34m,Đông Bắc,4.0,2.0,2.0,504m²,,,,
UKF6QS,"50A Nguyên Xá, P.Minh Khai, Q.Bắc Từ Liêm, TP. Hà Nội",38500000.0,302.19,Nhà mặt tiền,5.5m,23.3m,Tây Bắc,35.0,35.0,8.0,127.40m²,,,,
17HBK6,"23 đường Huỳnh Cương, P.Hưng Lợi, Q.Ninh Kiều, TP. Cần Thơ",7200000.0,110.76,Nhà mặt tiền,4.2m,14.71m,Tây,1.0,1.0,2.0,65m²,125.80m²,10m,,
RTXSQJ,"38 Bùi Thị Xuân, P.An Khánh, Q.Ninh Kiều, TP. Cần Thơ",6800000.0,90.3,Nhà mặt tiền,4.05m,18.48m,Đông Nam,3.0,3.0,3.0,75.30m²,230.40m²,4m,,
5B4PW7,"264 Vũ Chí Thắng, P.An Dương, Q.Lê Chân, TP. Hải Phòng",3250000.0,129.48,Nhà mặt tiền,2.93m,8.9m,Đông Bắc,3.0,2.0,3.0,25.10m²,,,,
7EFRYA,"15 Lê Đình Thám, P.Bình Thuận, Q.Hải Châu, TP. Đà Nẵng",15800000.0,263.77,Nhà mặt tiền,4.5m,13.29m,Tây Nam,4.0,7.0,5.0,59.90m²,,,,
YFE0HD,"Thửa 752 - tờ 11  (số 27) Trần Bạch Đằng, P.An Khánh, Q.Ninh Kiều, TP. Cần Thơ",11900000.0,119.0,Nhà mặt tiền,5m,20m,Tây Nam,5.0,6.0,4.0,100m²,305.30m²,14m,,
RT2XVJ,"130 Nguyễn Việt Hồng, P.Thới Bình, Q.Ninh Kiều, TP. Cần Thơ",12500000.0,120.42,Nhà mặt tiền,5.3m,19.45m,Đông Nam,2.0,2.0,2.0,103.80m²,117.90m²,6m,,
4G9JZF,"142 Phạm Ngũ Lão, P.An Hòa, Q.Ninh Kiều, TP. Cần Thơ",6800000.0,95.77,Nhà mặt tiền,4.85m,14.9m,Đông Nam,1.0,1.0,1.0,71m²,,,,
SCDQZ5,"20 Chơn Tâm 9, P.Hòa Hiệp Nam, Q.Liên Chiểu, TP. Đà Nẵng",7500000.0,98.03,Nhà mặt tiền,5m,15.29m,Tây Nam,4.0,4.0,3.0,76.50m²,210.60m²,,,
C0FJWB,"46 Bình Hòa 2, P.Khuê Trung, Q.Cẩm Lệ, TP. Đà Nẵng",8400000.0,100.47,Nhà mặt tiền,3.7m,13.8m,Đông Bắc,3.0,2.0,3.0,83.60m²,239.90m²,,,
A4KC9Y,"đường Đinh Tiên Hoàng, P.Thới Bình, Q.Ninh Kiều, TP. Cần Thơ",9000000.0,154.37,Nhà mặt tiền,7.01m,10.55m,Đông Bắc,1.0,1.0,1.0,58.30m²,59.69m²,20m,,
A4KHWY,"đường 30 tháng 4, P.Hưng Lợi, Q.Ninh Kiều, TP. Cần Thơ",13000000.0,136.01,Nhà mặt tiền,4.98m,20.18m,Tây Bắc,1.0,1.0,1.0,95.58m²,,,,Sổ riêng
7EYQNA,"66 Võ Duy Ninh, P.Thủy Dương, TX.Hương Thủy, TP. Huế",2760000.0,30.76,Nhà mặt tiền,5.05m,16.7m,Đông Bắc,3.0,2.0,3.0,89.70m²,,,,
7BXNSA,"25 Phước Lý 5, P.Hòa Minh, Q.Liên Chiểu, TP. Đà Nẵng",5090000.0,45.36,Nhà mặt tiền,5m,22.45m,Tây Nam,2.0,1.0,1.0,112.20m²,106.30m²,11.5m,,
3YPJMQ,"78 Huyền Trần Công Chúa, P.Thuỷ Xuân, Q.Thuận Hóa, TP. Huế",3150000.0,36.33,Nhà mặt tiền,4.69m,20.17m,Tây Nam,4.0,4.0,3.0,86.70m²,192.70m²,,,
AEN2EY,"54 Đào Nguyên Phổ, P.Hòa Minh, Q.Liên Chiểu, TP. Đà Nẵng",6500000.0,86.66,Nhà mặt tiền,5m,15m,Tây Nam,3.0,3.0,3.0,75m²,221.50m²,,,
KRV7GC,"26 Đồng Trí 6, P.Hòa Khánh Nam, Q.Liên Chiểu, TP. Đà Nẵng",5200000.0,54.73,Nhà mặt tiền,5m,19m,Tây Nam,3.0,2.0,2.0,95m²,164m²,,,Sổ riêng
9X76QP,"24 Hòa Mỹ 8, P.Hòa Minh, Q.Liên Chiểu, TP. Đà Nẵng",5690000.0,58.65,Nhà mặt tiền,5m,19.4m,Đông Nam,4.0,2.0,2.0,97m²,133.50m²,,,
674VK8,"525 Trần Hưng Đạo, P.Lê Bình, Q.Cái Răng, TP. Cần Thơ",5300000.0,45.49,Nhà mặt tiền,4m,245m,Tây Nam,4.0,3.0,2.0,116.50m²,196.60m²,,,
3YWPSQ,"60 Hoàng Đạo Thúy, P.Hòa Thọ Đông, Q.Cẩm Lệ, TP. Đà Nẵng",6100000.0,50.83,Nhà mặt tiền,5m,24m,Tây Bắc,3.0,2.0,2.0,120m²,,,,
SKR1B5,"số nhà 7F Ngõ 81 đoàn kết, P.Đằng Hải, Q.Hải An, TP. Hải Phòng",4700000.0,68.11,Nhà mặt tiền,4.5m,10m,Tây Nam,4.0,3.0,4.0,69m²,69m²,4m,Đầy đủ,
67C3T8,"31 Trần Đình Tri, P.Hòa Minh, Q.Liên Chiểu, TP. Đà Nẵng",11500000.0,101.05,Nhà mặt tiền,4.5m,25.25m,Tây Bắc,1.0,1.0,1.0,113.80m²,,20.5m,,
3YBATQ,"39 Phạm Đình Hổ, P.Thanh Khê Tây, Q.Thanh Khê, TP. Đà Nẵng",8500000.0,106.25,Nhà mặt tiền,4m,20m,Tây Bắc,3.0,4.0,3.0,80m²,206.60m²,,,
JTX1U0,"224 - 226 Đoàn Hữu Trưng, P.Hòa An, Q.Cẩm Lệ, TP. Đà Nẵng",16500000.0,67.34,Nhà mặt tiền,10m,24.5m,Đông Bắc,5.0,5.0,3.0,245m²,403.20m²,,,
8ADUF3,"87 Đỗ Huy Uyển, P.An Hải Bắc, Q.Sơn Trà, TP. Đà Nẵng",12900000.0,129.0,Nhà mặt tiền,5m,20m,Tây Bắc,4.0,4.0,3.0,100m²,270m²,,,
7BBQNA,"121 Đường số 4 KDC Thới Nhựt, P.An Khánh, Q.Ninh Kiều, TP. Cần Thơ",4900000.0,54.44,Nhà mặt tiền,4.5m,20m,Đông Bắc,3.0,3.0,2.0,90m²,171.90m²,15m,,
7BBVFA,"145 Đường B4 KDC Hưng Phú, P.Hưng Phú, Q.Cái Răng, TP. Cần Thơ",4400000.0,73.33,Nhà mặt tiền,5m,16m,Đông Nam,4.0,4.0,3.0,60m²,174.50m²,,,
675758,"Phú Diễn, P.Phú Diễn, Q.Bắc Từ Liêm, TP. Hà Nội",37500000.0,441.17,Nhà mặt tiền,7.07m,12.45m,Tây Bắc,12.0,12.0,6.0,85m²,,10m,,
AEC0NY,"37 Hòa Minh 3, P.Hòa Minh, Q.Liên Chiểu, TP. Đà Nẵng",7790000.0,90.47,Nhà mặt tiền,7.2m,16m,Đông Bắc,3.0,2.0,2.0,86.10m²,187.20m²,,,
3A3HAQ,"34 LÊ HỒNG PHONG, P.Trà Nóc, Q.Bình Thuỷ, TP. Cần Thơ",9900000.0,25.06,Nhà mặt tiền,4m,50m,Đông Bắc,3.0,2.0,1.0,395m²,395m²,40m,Đầy đủ,
GMGNH2,"65 Nguyễn Khả Trạc, P.Hòa Xuân, Q.Cẩm Lệ, TP. Đà Nẵng",4550000.0,44.39,Nhà mặt tiền,5m,20.5m,Tây,1.0,1.0,1.0,102.50m²,,11.5m,,
7CS2RA,"44 Nguyễn Quý Đức, P.Khuê Trung, Q.Cẩm Lệ, TP. Đà Nẵng",7200000.0,72.0,Nhà mặt tiền,5m,20m,Đông Nam,4.0,2.0,2.0,100m²,157.50m²,,,
KWUAWC,"Đường Hoa Lâm, P.Việt Hưng, Q.Long Biên, TP. Hà Nội",16500000.0,194.11,Nhà mặt tiền,4m,21m,Đông Bắc,4.0,3.0,4.0,85m²,,,,
KWUSEC,"39 Đường số 23 Khu TĐC NCĐT, P.An Khánh, Q.Ninh Kiều, TP. Cần Thơ",3350000.0,83.75,Nhà mặt tiền,4m,10m,Tây Bắc,2.0,2.0,2.0,40m²,83.60m²,10m,,
872ZP3,"04 Lê Văn Sỹ, P.Hòa Minh, Q.Liên Chiểu, TP. Đà Nẵng",8250000.0,117.85,Nhà mặt tiền,5m,14.9m,Tây Nam,3.0,4.0,3.0,70m²,209.20m²,,,
5K2GD7,"255 Miếu Hai Xã, P.Dư Hàng Kênh, Q.Lê Chân, TP. Hải Phòng",7250000.0,116.55,Nhà mặt tiền,4.5m,14.5m,,3.0,3.0,4.0,62.20m²,,,,
YEZUBD,"16 LK25 Ngô Thì Nhậm, P.La Khê, Q.Hà Đông, TP. Hà Nội",15300000.0,382.5,Nhà mặt tiền,4m,10m,Tây Bắc,7.0,5.0,5.0,40m²,,,,Sổ riêng
5K9DM7,"Thửa 109 - Tờ 01 Xóm 9, Xã Quang Trung, TP.Thuỷ Nguyên, TP. Hải Phòng",1950000.0,3.86,Nhà mặt tiền,15.3m,34m,Đông Bắc,4.0,2.0,1.0,504m²,,7m,,
0TUGP9,"270C Trần Vĩnh Kiết, P.An Bình, Q.Ninh Kiều, TP. Cần Thơ",4500000.0,50.61,Nhà mặt tiền,4.82m,15m,Tây Nam,1.0,1.0,2.0,88.90m²,,6m,,
65ENF8,"Dương Đức Hiền, P.Hòa Khánh Nam, Q.Liên Chiểu, TP. Đà Nẵng",7690000.0,106.8,Nhà mặt tiền,4.5m,16m,Tây Nam,4.0,4.0,3.0,72m²,218.30m²,5.5m,Đầy đủ,
5KJA17,"37 Nguyễn Huy Tưởng, P.Hòa Minh, Q.Liên Chiểu, TP. Đà Nẵng",5350000.0,47.05,Nhà mặt tiền,5m,22.8m,Tây,3.0,3.0,2.0,113.70m²,,,,
PXQRPG,"53 Đoàn Công Soạn, P.Hòa Hiệp Nam, Q.Liên Chiểu, TP. Đà Nẵng",8900000.0,114.1,Nhà mặt tiền,9.28m,11.2m,Tây Bắc,3.0,3.0,3.0,78m²,119.60m²,,,
2V34NZ,"03 Quản Trọng Hoàng, P.Hưng Lợi, Q.Ninh Kiều, TP. Cần Thơ",17500000.0,47.61,Nhà mặt tiền,8.69m,42m,Tây Nam,17.0,17.0,1.0,367.50m²,,6.2m,,
87HAR3,"3 Hòa Minh 10, P.Hòa Minh, Q.Liên Chiểu, TP. Đà Nẵng",7600000.0,102.28,Nhà mặt tiền,5.5m,13.5m,Đông Bắc,3.0,3.0,3.0,74.30m²,206.50m²,11.5m,,
2V6DGZ,"66 Dương Đức Hiền, P.Hòa Minh, Q.Liên Chiểu, TP. Đà Nẵng",7690000.0,106.8,Nhà mặt tiền,4.5m,16m,Tây Nam,4.0,3.0,3.0,72m²,218.30m²,,,
AB4FWY,"52 An Hải Bắc 8, P.An Hải Bắc, Q.Sơn Trà, TP. Đà Nẵng",5100000.0,98.07,Nhà mặt tiền,4m,13m,Đông,2.0,1.0,2.0,52m²,68.80m²,,,
ABCV3Y,"44 Thanh Lương 11, P.Hòa Xuân, Q.Cẩm Lệ, TP. Đà Nẵng",12900000.0,100.31,Nhà mặt tiền,9.55m,20m,Tây Bắc,5.0,5.0,3.0,128.60m²,302.80m²,,,
875CX3,"81 Nguyễn Cư Trinh, P.Thới Bình, Q.Ninh Kiều, TP. Cần Thơ",9500000.0,63.33,Nhà mặt tiền,5m,30m,Tây Nam,5.0,5.0,3.0,150m²,287.70m²,6m,,
9NZS0P,"15 Lê Văn Sỹ, P.Hòa Khánh Bắc, Q.Liên Chiểu, TP. Đà Nẵng",6800000.0,97.14,Nhà mặt tiền,5m,14m,Đông Bắc,3.0,3.0,3.0,70m²,166.10m²,,,
5H5M87,"đường số 5, P.Phú Thứ, Q.Cái Răng, TP. Cần Thơ",4600000.0,47.61,Nhà mặt tiền,5.04m,20m,Đông Bắc,5.0,6.0,3.0,96.60m²,250.08m²,17.5m,,
EJC6R4,"36 Cao Xuân Huy, P.Khuê Trung, Q.Cẩm Lệ, TP. Đà Nẵng",8100000.0,109.75,Nhà mặt tiền,4.5m,16.4m,Đông Bắc,2.0,2.0,2.0,73.80m²,142.20m²,11.5m,,
376DKQ,"569 Điện Biên Phủ, P.An Khê, Q.Thanh Khê, TP. Đà Nẵng",20700000.0,207.0,Nhà mặt tiền,5m,20m,Tây Bắc,3.0,3.0,3.0,100m²,314m²,,,
CWYX1B,"21 An Thượng 22, P.Mỹ An, Q.Ngũ Hành Sơn, TP. Đà Nẵng",28800000.0,331.41,Nhà mặt tiền,4.5m,19.3m,Tây Nam,10.0,10.0,8.0,86.90m²,576.40m²,,Đầy đủ,
40K2SF,"Z20 Lê Quốc Việt, P.Hưng Thạnh, Q.Cái Răng, TP. Cần Thơ",4200000.0,48.1,Nhà mặt tiền,4.5m,19.4m,Tây Bắc,3.0,2.0,2.0,87.30m²,,14m,,
1UZHG6,"24 Nam Thọ 5, P.Thọ Quang, Q.Sơn Trà, TP. Đà Nẵng",9700000.0,119.75,Nhà mặt tiền,4.5m,18m,Tây Nam,3.0,2.0,2.0,81m²,132.30m²,,Đầy đủ,
UYVHMS,"80 Xuân Thiều 11, P.Hòa Hiệp Nam, Q.Liên Chiểu, TP. Đà Nẵng",4940000.0,49.49,Nhà mặt tiền,5m,20m,Đông Nam,2.0,1.0,1.0,100m²,54.80m²,,Cơ bản,
0ZEZC9,"11B Phan Văn Đáng, Xã Hòa Châu, H.Hòa Vang, TP. Đà Nẵng",6550000.0,52.4,Nhà mặt tiền,5m,25m,Bắc,3.0,2.0,2.0,125m²,157.50m²,,Cơ bản,Sổ riêng
GXFST2,"79 Đào Công Soạn, P.Hòa Hiệp Nam, Q.Liên Chiểu, TP. Đà Nẵng",4650000.0,58.27,Nhà mặt tiền,7m,11.4m,Tây Bắc,2.0,1.0,2.0,79.80m²,87.60m²,,,
852CY3,"73 Bầu Cầu 27, Xã Hòa Châu, H.Hòa Vang, TP. Đà Nẵng",5100000.0,51.0,Nhà mặt tiền,5m,20m,Tây Bắc,3.0,3.0,1.0,100m²,,,Đầy đủ,
5HXC27,"61 Nguyễn Thị Hồng, P.Thọ Quang, Q.Sơn Trà, TP. Đà Nẵng",8300000.000000001,122.96,Nhà mặt tiền,4.5m,15m,Tây Bắc,2.0,2.0,2.0,67.50m²,129.60m²,,,
J2Y7M0,"105 Giáp Văn Cương, P.Hòa Minh, Q.Liên Chiểu, TP. Đà Nẵng",7300000.0,85.98,Nhà mặt tiền,5m,17.2m,Đông Bắc,2.0,2.0,2.0,84.90m²,121.90m²,,Bàn giao thô,
EJQS84,"08 Bế Văn Đàn, P.Cái Khế, Q.Ninh Kiều, TP. Cần Thơ",5900000.0,47.88,Nhà mặt tiền,4.85m,25m,Tây Nam,3.0,4.0,2.0,123.20m²,176.60m²,9.6m,,
859P93,"52 Đường B12 KDC Hưng Phú, P.Hưng Phú, Q.Cái Răng, TP. Cần Thơ",5800000.0,80.55,Nhà mặt tiền,4.5m,16m,Tây Bắc,4.0,5.0,3.0,72m²,236.90m²,,Bàn giao thô,
GXK562,"171 Đinh Đức Thiện, P.Hòa Minh, Q.Liên Chiểu, TP. Đà Nẵng",6450000.0,71.66,Nhà mặt tiền,5m,18m,Đông Bắc,4.0,2.0,2.0,90m²,,,Bàn giao thô,
QAPM6U,"19 Đường số 27 Khu Vực 1, P.An Khánh, Q.Ninh Kiều, TP. Cần Thơ",3500000.0,87.5,Nhà mặt tiền,4m,10m,Tây Nam,3.0,3.0,3.0,40m²,127.20m²,10m,Bàn giao thô,
SD2MU5,"07 Thanh Lương 18, P.Hòa Xuân, Q.Cẩm Lệ, TP. Đà Nẵng",9300000.0,93.0,Nhà mặt tiền,5m,20m,Tây Bắc,4.0,4.0,3.0,100m²,246m²,,Đầy đủ,Sổ riêng
UYGX9S,"11 Đường B23 Khu Vực 6, P.An Khánh, Q.Ninh Kiều, TP. Cần Thơ",6900000.0,87.67,Nhà mặt tiền,4.5m,17.5m,Đông Bắc,8.0,6.0,3.0,78.70m²,239m²,12m,,
UYGX7S,"20 Lỗ Giáng 7, P.Hòa Xuân, Q.Cẩm Lệ, TP. Đà Nẵng",5700000.0,57.0,Nhà mặt tiền,5m,20m,Nam,1.0,1.0,1.0,100m²,70m²,,Cơ bản,
RG5NCJ,"41 Hòa Minh 7, P.Hòa Minh, Q.Liên Chiểu, TP. Đà Nẵng",5900000.0,81.94,Nhà mặt tiền,4.5m,16m,Tây Bắc,1.0,1.0,1.0,72m²,,11.5m,Bàn giao thô,
J2SEY0,"87A Trần Cao Vân, P.Xuân Hà, Q.Thanh Khê, TP. Đà Nẵng",9150000.0,183.0,Nhà mặt tiền,4m,13.52m,Tây Bắc,3.0,4.0,5.0,50m²,204.40m²,,Bàn giao thô,
9T7NXP,"30 Lê Quang Sung, P.Xuân Hà, Q.Thanh Khê, TP. Đà Nẵng",4099999.9999999995,115.49,Nhà mặt tiền,6.2m,6.4m,Nam,2.0,1.0,2.0,35.50m²,53.60m²,,Đầy đủ,
CWMMKB,"33 Chơn Tâm 5, P.Hòa Khánh Nam, Q.Liên Chiểu, TP. Đà Nẵng",6480000.0,55.43,Nhà mặt tiền,7m,19m,Đông Bắc,3.0,3.0,3.0,116.90m²,208.90m²,,Đầy đủ,
85WWP3,"02 Trần Văn Giàu, Xã Hòa Châu, H.Hòa Vang, TP. Đà Nẵng",8600000.0,45.98,Nhà mặt tiền,11.78m,20m,Nam,3.0,3.0,3.0,187m²,261.80m²,,Cơ bản,
5H9NB7,"21 Nại Hiên Đông 15, P.Nại Hiên Đông, Q.Sơn Trà, TP. Đà Nẵng",6000000.0,93.16,Nhà mặt tiền,4.5m,14.3m,Tây Bắc,2.0,1.0,1.0,64.40m²,,,Cơ bản,
QARRBU,"11 Hòa Minh 14, P.Hòa Minh, Q.Liên Chiểu, TP. Đà Nẵng",6800000.0,92.64,Nhà mặt tiền,5m,14.69m,Tây Nam,4.0,4.0,3.0,73.40m²,222.70m²,,Cơ bản,
PNSHKG,"14 Hoàng Công Chất, P.Hoà Hải, Q.Ngũ Hành Sơn, TP. Đà Nẵng",10000000.0,100.0,Nhà mặt tiền,5m,20m,Đông Nam,10.0,10.0,4.0,100m²,373m²,,Đầy đủ,
6SEBT8,"83 Cao Xuân Dục, P.Thuận Phước, Q.Hải Châu, TP. Đà Nẵng",7900000.0,131.66,Nhà mặt tiền,4m,15m,Bắc,5.0,4.0,4.0,60m²,219.60m²,,Đầy đủ,
5H0R57,"98 Nguyễn Thị Bảy, P.Thanh Khê Tây, Q.Thanh Khê, TP. Đà Nẵng",7890000.0,83.14,Nhà mặt tiền,5m,19m,Đông Nam,2.0,2.0,2.0,95m²,183.40m²,,Đầy đủ,
6SCMJ8,"04B, Đường Số 9 KDC Hồng Phát, P.An Bình, Q.Ninh Kiều, TP. Cần Thơ",7200000.0,80.0,Nhà mặt tiền,4.5m,20m,Đông Bắc,3.0,3.0,3.0,90m²,240.30m²,15.5m,,
QA4DJU,"04 Nguyễn Như Hạnh, P.Hòa Minh, Q.Liên Chiểu, TP. Đà Nẵng",8790000.0,146.25,Nhà mặt tiền,11.35m,10.03m,Tây Nam,4.0,4.0,3.0,60.10m²,,,Đầy đủ,
GXQC42,"101 Huỳnh Thúc Kháng, P.Phước Ninh, Q.Hải Châu, TP. Đà Nẵng",5350000.0,194.54,Nhà mặt tiền,3m,9.49m,Tây,2.0,2.0,2.0,27.50m²,58.60m²,,Cơ bản,
7KR97A,"14 Cẩm Bắc 7, P.Hòa Thọ Đông, Q.Cẩm Lệ, TP. Đà Nẵng",7200000.0,72.0,Nhà mặt tiền,5m,20m,Đông Nam,16.0,16.0,3.0,100m²,178.50m²,11.5m,,
6SKKN8,"01 Bàu Mạc 18, P.Hòa Khánh Bắc, Q.Liên Chiểu, TP. Đà Nẵng",6900000.0,76.49,Nhà mặt tiền,5m,18.71m,Đông Nam,5.0,5.0,3.0,90.20m²,161.40m²,,Bàn giao thô,
ACJJ4Y,"103 Giáp Văn Cương, P.Hòa Minh, Q.Liên Chiểu, TP. Đà Nẵng",6500000.0,73.94,Nhà mặt tiền,5m,17.75m,Đông Bắc,2.0,1.0,2.0,87.90m²,,11.5m,,
7KRFXA,"Thửa 101 - tờ 42 Thôn Quan Châu, Xã Hòa Châu, H.Hòa Vang, TP. Đà Nẵng",5200000.0,17.63,Nhà mặt tiền,11.3m,26.8m,Tây Bắc,3.0,2.0,2.0,294.80m²,267.20m²,,Cơ bản,
PN89TG,"111 Dương Đức Hiền, P.Hòa Minh, Q.Liên Chiểu, TP. Đà Nẵng",8199999.999999999,113.88,Nhà mặt tiền,4.5m,16m,Đông Bắc,4.0,4.0,3.0,72m²,204.80m²,,Đầy đủ,
EJZYE4,"36 Phạm Nhữ Tăng, P.Thanh Khê Đông, Q.Thanh Khê, TP. Đà Nẵng",7250000.0,121.03,Nhà mặt tiền,3.4m,16.12m,Đông Bắc,3.0,4.0,3.0,59.90m²,141.40m²,,Đầy đủ,
6SHTH8,"107 Nguyễn Xuân Khoát, P.An Hải Bắc, Q.Sơn Trà, TP. Đà Nẵng",25900000.0,294.98,Nhà mặt tiền,5m,17.56m,Bắc,10.0,10.0,6.0,87.80m²,527.40m²,,Đầy đủ,
SDE845,"487 Văn Tiến Dũng, P.Hòa Xuân, Q.Cẩm Lệ, TP. Đà Nẵng",8199999.999999999,82.0,Nhà mặt tiền,5m,20m,Tây,3.0,2.0,3.0,100m²,169m²,,Đầy đủ,
QAC1KU,"30 Đinh Công Tráng, P.Thuận Phước, Q.Hải Châu, TP. Đà Nẵng",10200000.0,127.5,Nhà mặt tiền,4m,20m,Đông Nam,4.0,5.0,4.0,80m²,261.40m²,,Đầy đủ,
5H4G47,"35 An Thượng 18, P.Mỹ An, Q.Ngũ Hành Sơn, TP. Đà Nẵng",9700000.0,191.69,Nhà mặt tiền,4.99m,9.77m,Đông Nam,4.0,5.0,3.0,50.60m²,147.40m²,,Đầy đủ,
GX8UY2,"Lô 38 phân khu B1-9 Nguyễn Sắc Kim, P.Hòa Xuân, Q.Cẩm Lệ, TP. Đà Nẵng",8900000.0,92.41,Nhà mặt tiền,5m,19.25m,Đông Nam,3.0,3.0,3.0,96.30m²,,,Đầy đủ,
QADHTU,"380K Trần Nam Phú, P.An Khánh, Q.Ninh Kiều, TP. Cần Thơ",7900000.0,83.24,Nhà mặt tiền,5m,19.25m,Tây Nam,2.0,1.0,1.0,94.90m²,81.10m²,15m,,
37YY3Q,"98 Trần Minh Sơn, P.An Khánh, Q.Ninh Kiều, TP. Cần Thơ",6500000.0,101.56,Nhà mặt tiền,4m,16m,Đông Nam,4.0,3.0,3.0,64m²,198.40m²,19m,Bàn giao thô,
DE4UUH,"126 Lộ Vòng Cung, P.An Bình, Q.Ninh Kiều, TP. Cần Thơ",7500000.0,39.47,Nhà mặt tiền,6.2m,29.75m,Đông Nam,1.0,1.0,1.0,190m²,,21m,,
SDHPH5,"69 Đặng Huy Tá, P.Hòa Minh, Q.Liên Chiểu, TP. Đà Nẵng",6190000.0,72.82,Nhà mặt tiền,5m,17m,Đông Bắc,1.0,1.0,1.0,85m²,,15.5m,,
ACB02Y,"60 Giáp Văn Cương, P.Hòa Minh, Q.Liên Chiểu, TP. Đà Nẵng",6400000.0,88.88,Nhà mặt tiền,4.5m,16m,Tây Nam,3.0,3.0,2.0,72m²,144m²,,Bàn giao thô,
WP94MR,"Thửa 265 - Tờ 2 Nguyễn Văn Trỗi, P.Xuân Khánh, Q.Ninh Kiều, TP. Cần Thơ",4400000.0,94.82,Nhà mặt tiền,4m,11.6m,Đông Bắc,4.0,3.0,4.0,46.40m²,154.90m²,9m,Đầy đủ,
1UQX16,"218 Hoàng Quốc Việt, P.An Bình, Q.Ninh Kiều, TP. Cần Thơ",8800000.0,88.0,Nhà mặt tiền,5m,20m,Tây Nam,1.0,1.0,2.0,100m²,,23m,Bàn giao thô,
QA7Z6U,"167A Hoàng Văn Thụ, P.Thới Bình, Q.Ninh Kiều, TP. Cần Thơ",1500000.0,59.9,Nhà mặt tiền,3.55m,7.1m,Đông Bắc,1.0,1.0,2.0,25.04m²,50.08m²,,,
GXNKP2,"81 Phạm Văn Ngôn, P.Hòa Khánh Bắc, Q.Liên Chiểu, TP. Đà Nẵng",6850000.0,67.82,Nhà mặt tiền,5m,20.2m,Tây Bắc,4.0,2.0,3.0,101m²,198m²,,,
QA7KVU,"560 Điện Biên Phủ, P.Thanh Khê Đông, Q.Thanh Khê, TP. Đà Nẵng",7750000.0,200.25,Nhà mặt tiền,3.61m,10.4m,Tây,3.0,3.0,3.0,38.70m²,121m²,,Bàn giao thô,
SDYAX5,"28 Hòa Minh 21, P.Hòa Minh, Q.Liên Chiểu, TP. Đà Nẵng",8250000.0,114.58,Nhà mặt tiền,4.5m,16m,Tây Bắc,3.0,3.0,3.0,72m²,180.80m²,,Đầy đủ,
J2PFZ0,"149 Vũ Đình Liên, P.Hòa Xuân, Q.Cẩm Lệ, TP. Đà Nẵng",9500000.0,95.0,Nhà mặt tiền,5m,20m,Tây Bắc,4.0,4.0,3.0,100m²,,15.5m,Đầy đủ,
7KD6TA,"Thửa 57 - Tờ 80 Khu vực V, P.An Bình, Q.Ninh Kiều, TP. Cần Thơ",2380000.0,52.88,Nhà mặt tiền,4.5m,10m,Tây Bắc,2.0,2.0,2.0,45m²,73.40m²,9m,,
5HYTN7,"29 Hóa Sơn 6, P.Hòa Cường Nam, Q.Hải Châu, TP. Đà Nẵng",8800000.0,133.33,Nhà mặt tiền,4m,16.5m,Tây Bắc,3.0,3.0,3.0,66m²,136.80m²,,,
2MN5GZ,"34 Hòa Minh 14, P.Hòa Minh, Q.Liên Chiểu, TP. Đà Nẵng",6500000.0,92.85,Nhà mặt tiền,5m,14m,Đông Bắc,2.0,2.0,2.0,70m²,140m²,,Bàn giao thô,
7KDFHA,"11 Chơn Tâm 9, P.Hòa Khánh Nam, Q.Liên Chiểu, TP. Đà Nẵng",18600000.0,64.22,Nhà mặt tiền,7.85m,19.8m,Bắc,4.0,3.0,2.0,289.60m²,330m²,11.5m,Cơ bản,
4JE8DF,"12 Phú Lộc 11, P.Thanh Khê Tây, Q.Thanh Khê, TP. Đà Nẵng",8289999.999999999,108.65,Nhà mặt tiền,4m,19.15m,Tây Nam,4.0,4.0,3.0,76.30m²,210.40m²,11.5m,Đầy đủ,
8S6W73,"231 Thái Thị Bôi, P.Chính Gián, Q.Thanh Khê, TP. Đà Nẵng",8950000.0,192.06,Nhà mặt tiền,5.37m,10.27m,Bắc,3.0,4.0,3.0,46.60m²,,15.5m,Đầy đủ,
5DU6Q7,"22 Phong Bắc 9, P.Hòa Thọ Đông, Q.Cẩm Lệ, TP. Đà Nẵng",5880000.0,58.88,Nhà mặt tiền,5m,20m,Đông Nam,3.0,2.0,2.0,100m²,,11.5m,,
UA8VVS,"51 Nguyễn Hữu Thọ, P.Hòa Thuận Tây, Q.Hải Châu, TP. Đà Nẵng",17200000.0,207.72,Nhà mặt tiền,5.41m,15.11m,Tây Nam,4.0,4.0,3.0,82.80m²,174.40m²,47m,Đầy đủ,
7HUMXA,"73 Hòa Minh 14, P.Hòa Minh, Q.Liên Chiểu, TP. Đà Nẵng",7900000.0,102.33,Nhà mặt tiền,5m,15.45m,Tây Nam,4.0,4.0,3.0,77.20m²,230.40m²,11.5m,Đầy đủ,
4JC8KF,"243 Nguyễn Tất Thành, P.Thanh Bình, Q.Hải Châu, TP. Đà Nẵng",19200000.0,153.6,Nhà mặt tiền,5m,25m,Tây Bắc,9.0,6.0,4.0,125m²,404m²,45m,,
6YFES8,"Thửa 861 - tờ 08 KV Bình Phó B, P.Long Tuyền, Q.Bình Thuỷ, TP. Cần Thơ",4700000.0,470.0,Nhà mặt tiền,5m,20m,Tây Bắc,3.0,4.0,3.0,10m²,259.90m²,,,
3HWMWQ,"đường Đồng Văn Cống, P.An Thới, Q.Bình Thuỷ, TP. Cần Thơ",7200000.0,66.54,Nhà mặt tiền,4.02m,27.2m,Đông Nam,3.0,2.0,2.0,108.20m²,,11m,,
WTX3CR,"82 Dũng Sĩ Thanh Khê, P.Thanh Khê Tây, Q.Thanh Khê, TP. Đà Nẵng",4550000.0,87.5,Nhà mặt tiền,4m,12.5m,Tây Bắc,3.0,2.0,2.0,52m²,104m²,,Đầy đủ,
WT21BR,"97 đường Phạm Ngũ Lão, P.Thới Bình, Q.Ninh Kiều, TP. Cần Thơ",8199999.999999999,105.12,Nhà mặt tiền,3.9m,18.51m,Tây Bắc,4.0,3.0,3.0,78m²,186.30m²,10m,,
EG00Q4,"151 đường D7 KDC Hồng Loan, P.Hưng Thạnh, Q.Cái Răng, TP. Cần Thơ",5990000.0,74.87,Nhà mặt tiền,5m,14m,Tây Bắc,3.0,5.0,3.0,80m²,212.80m²,20m,,
1AUWG6,"73 Ngô Thì Sỹ, P.Mỹ An, Q.Ngũ Hành Sơn, TP. Đà Nẵng",29800000.0,292.15,Nhà mặt tiền,5m,20.4m,Đông Nam,3.0,3.0,3.0,102m²,220.50m²,,,
QHFY0U,"Thửa 142 - tờ 107 (số 211) đường Đồng Văn Cống, P.An Thới, Q.Bình Thuỷ, TP. Cần Thơ",6200000.0,86.83,Nhà mặt tiền,4.8m,15.25m,Nam,1.0,1.0,2.0,71.40m²,,11m,,
5BJH37,"08 Lê Đình Chinh, P.Hoà Quý, Q.Ngũ Hành Sơn, TP. Đà Nẵng",5190000.0,51.99,Nhà mặt tiền,5m,17.25m,Đông Nam,3.0,2.0,2.0,100m²,178.60m²,,,
9MGE3P,"40 đường B16 KDC 91B, P.An Khánh, Q.Ninh Kiều, TP. Cần Thơ",5500000.0,76.38,Nhà mặt tiền,4.5m,16m,Tây Nam,3.0,4.0,3.0,72m²,,6m,,
JN92S0,"75 Khái Tây 1, P.Hoà Quý, Q.Ngũ Hành Sơn, TP. Đà Nẵng",6500000.0,65.65,Nhà mặt tiền,7.85m,14.03m,Tây Nam,4.0,4.0,3.0,99m²,208.60m²,,,
3YJENQ,"50 Nam Cao, KDC 91B, P.An Khánh, Q.Ninh Kiều, TP. Cần Thơ",6290000.0,113.12,Nhà mặt tiền,5.63m,14.89m,Đông Nam,5.0,6.0,4.0,55.60m²,242.80m²,12m,,
W232NR,"33 Đường số 9 KDC Đại học Y Dược, P.An Khánh, Q.Ninh Kiều, TP. Cần Thơ",6990000.0,109.21,Nhà mặt tiền,4m,16m,,4.0,3.0,3.0,64m²,,,,Sổ riêng
5C90H7,"48 Hòa Bình 2, P.Hoà Quý, Q.Ngũ Hành Sơn, TP. Đà Nẵng",4700000.0,47.0,Nhà mặt tiền,5m,20m,Đông Bắc,2.0,1.0,1.0,100m²,94m²,,,
21UKPZ,"Thửa 5 - tờ 9 Mỹ Đồng, TDP 4, P.Lê Hồng Phong, TP.Thuỷ Nguyên, TP. Hải Phòng",6000000.0,32.91,Nhà mặt tiền,8.1m,22.05m,Bắc,3.0,2.0,2.0,182.30m²,140.50m²,7m,,
7C25CA,"Thửa 226B - tờ 01 Thôn Sú 2, P.Hoàng Lâm, TP.Thuỷ Nguyên, TP. Hải Phòng",1500000.0,15.3,Nhà mặt tiền,4.81m,14.93m,Nam,1.0,1.0,1.0,98m²,,,,
JZNYB0,"C23 số 2 – KĐT An Cựu City, P.An Đông, Q.Thuận Hóa, TP. Huế",4970000.0,61.35,Nhà mặt tiền,4.5m,18m,Bắc,3.0,3.0,4.0,81m²,210.80m²,,,
WPDB7R,"Thửa 3921 - tờ 149 Thôn Lệ Sơn 1, Xã Hòa Tiến, H.Hòa Vang, TP. Đà Nẵng",2450000.0,29.91,Nhà mặt tiền,5m,16.83m,Đông Bắc,2.0,3.0,2.0,81.90m²,89.10m²,,Cơ bản,
QA2D1U,"Thửa 56 - tờ 21 Kiệt 46, Trường Sơn, P.Hòa Thọ Tây, Q.Cẩm Lệ, TP. Đà Nẵng",3190000.0,39.38,Nhà mặt tiền,4.5m,18m,Tây Nam,2.0,2.0,1.0,81m²,71.20m²,,Đầy đủ,
8592G3,"Thửa 1795 - tờ 38 Thôn Thạch Nham Tây, Xã Hòa Nhơn, H.Hòa Vang, TP. Đà Nẵng",2250000.0,27.17,Nhà mặt tiền,7.99m,11.22m,Đông Bắc,4.0,2.0,2.0,82.80m²,102.10m²,,Bàn giao thô,
0ZSTG9,"77 Nguyễn Thị Minh Khai, P.Hải Châu, Q.Hải Châu, TP. Đà Nẵng",7450000.0,232.81,Nhà mặt tiền,4.48m,7.21m,Tây Nam,1.0,1.0,2.0,32m²,31m²,,Bàn giao thô,
SD0MA5,"14 Trung Hòa 1, P.Hoà Quý, Q.Ngũ Hành Sơn, TP. Đà Nẵng",6200000.0,68.88,Nhà mặt tiền,5m,18m,Đông,4.0,3.0,3.0,90m²,222m²,,Cơ bản,
DE27VH,"Lô260 TĐC Hòa Ninh 1, Xã Hòa Ninh, H.Hòa Vang, TP. Đà Nẵng",2450000.0,25.78,Nhà mặt tiền,5m,19m,Bắc,1.0,1.0,1.0,95m²,,8.5m,,Sổ riêng
EJ2DF4,"Thửa 1721 - tờ 21 Thôn Lệ Sơn Nam, Xã Hòa Tiến, H.Hòa Vang, TP. Đà Nẵng",3500000.0,31.81,Nhà mặt tiền,5m,22m,Đông Bắc,2.0,1.0,1.0,110m²,85m²,,Cơ bản,
ACBU5Y,"220 Đường A2, KDC Hưng Phú, P.Hưng Phú, Q.Cái Răng, TP. Cần Thơ",8500000.0,118.05,Nhà mặt tiền,4.5m,16m,Tây Bắc,3.0,3.0,3.0,72m²,222.80m²,30m,,
UYY76S,"194 Xô Viết Nghệ Tĩnh, P.Tân An, Q.Ninh Kiều, TP. Cần Thơ",7900000.0,142.85,Nhà mặt tiền,6.56m,9.9m,Tây Nam,1.0,1.0,2.0,55.30m²,105.30m²,,,
SDAZE5,"Lô số 41 Võ Duy Dương, P.Hòa Hiệp Nam, Q.Liên Chiểu, TP. Đà Nẵng",6600000.0,52.8,Nhà mặt tiền,5m,25m,Tây Nam,4.0,3.0,2.0,125m²,231.50m²,17.5m,Đầy đủ,
AKA3HY,"Thửa 299 - Tờ 508 Bờ Quan 3, P.Hoà Quý, Q.Ngũ Hành Sơn, TP. Đà Nẵng",15300000.0,124.39,Nhà mặt tiền,5m,24.97m,Đông Bắc,19.0,19.0,6.0,123m²,597m²,13.5m,Đầy đủ,
Q7QBGU,"48 Đống Công Tường, P.Hòa Xuân, Q.Cẩm Lệ, TP. Đà Nẵng",5490000.0,54.9,Nhà mặt tiền,5m,20m,Đông,3.0,2.0,2.0,100m²,137m²,,Cơ bản,Sổ riêng
6U65A8,"Lô 125 Khu B2-108 đường Phan Hoan, P.Hoà Quý, Q.Ngũ Hành Sơn, TP. Đà Nẵng",7600000.0,60.8,Nhà mặt tiền,5m,25m,Tây Nam,3.0,3.0,3.0,125m²,184.80m²,14.5m,Đầy đủ,
35V3SQ,"66 Huỳnh Phan Hộ, P.Trà An, Q.Bình Thuỷ, TP. Cần Thơ",3100000.0,36.77,Nhà mặt tiền,6.1m,15.72m,Đông Nam,2.0,2.0,2.0,84.30m²,130m²,20m,,Sổ riêng
UCA8BS,"Dự Án Emerald Bao Vinh Nguyễn  Văn Linh Nối Dài, P.Hương Vân, TX.Hương Trà, TP. Huế",3550000.0,33.49,Nhà mặt tiền,6m,17m,Đông Bắc,3.0,3.0,3.0,106m²,210m²,12m,Bàn giao thô,
EP7JE4,"14 Sơn Thủy Đông 1, P.Khuê Mỹ, Q.Ngũ Hành Sơn, TP. Đà Nẵng",16800000.0,186.66,Nhà mặt tiền,4.5m,20m,Đông Nam,6.0,8.0,5.0,90m²,,,,
SK9AJ5,"Thửa 678 - tờ 6 đường H38, Thôn Phương Chử Tây, Xã Trường Thành, H.An Lão, TP. Hải Phòng",5900000.0,50.12,Nhà mặt tiền,5m,23.4m,Đông Bắc,2.0,2.0,2.0,117.70m²,,7.5m,,
ABZFAY,"16 Mỹ Đa Đông 8, P.Mỹ An, Q.Ngũ Hành Sơn, TP. Đà Nẵng",11700000.0,136.84,Nhà mặt tiền,4.5m,19m,Đông Nam,3.0,2.0,2.0,85.50m²,122m²,7.5m,,
65A9D8,"đường D4, KDC Hồng Loan, P.Hưng Thạnh, Q.Cái Răng, TP. Cần Thơ",4500000.0,64.37,Nhà mặt tiền,5m,14.08m,Tây Nam,4.0,3.0,3.0,69.90m²,216.70m²,20m,,
85T943,"15 Mỹ Đa Đông 2, P.Mỹ An, Q.Ngũ Hành Sơn, TP. Đà Nẵng",11500000.0,159.72,Nhà mặt tiền,4.5m,16m,Tây Bắc,1.0,1.0,2.0,72m²,138.60m²,,Cơ bản,
UY9QVS,"43 Đường Số 3 KDC TĐC Thới Nhựt 2, P.Tân An, Q.Ninh Kiều, TP. Cần Thơ",4300000.0,47.77,Nhà mặt tiền,4.5m,20m,Tây Nam,4.0,3.0,3.0,90m²,,,Bàn giao thô,
UYEQPS,"51 Mỹ Đa Tây 10, P.Khuê Mỹ, Q.Ngũ Hành Sơn, TP. Đà Nẵng",23900000.0,217.27,Nhà mặt tiền,5m,22m,,12.0,12.0,7.0,110m²,,,Đầy đủ,
37AV0Q,"74 Đường B24, Khu dân cư 91B, P.An Khánh, Q.Ninh Kiều, TP. Cần Thơ",6600000.0,85.05,Nhà mặt tiền,4.5m,17.25m,Đông Nam,4.0,4.0,3.0,77.60m²,240.70m²,12m,Bàn giao thô,
857MC3,"207 Đường Số 6, KDC Thới Nhựt, P.An Khánh, Q.Ninh Kiều, TP. Cần Thơ",4900000.0,54.44,Nhà mặt tiền,4.5m,20m,Đông Bắc,3.0,2.0,2.0,90m²,159.90m²,15m,,
UYD21S,"F60 KDC Hàng Bàng, Quốc lộ 91B, P.An Khánh, Q.Ninh Kiều, TP. Cần Thơ",4000000.0,50.0,Nhà mặt tiền,4m,20m,Đông Nam,3.0,3.0,2.0,80m²,147.30m²,15m,Cơ bản,
0MQW09,"54 đường B25, Khu dân cư 91B, P.An Khánh, Q.Ninh Kiều, TP. Cần Thơ",5200000.0,66.99,Nhà mặt tiền,4.5m,17.25m,Đông Nam,1.0,1.0,3.0,77.62m²,243.66m²,6m,,
1AU876,"Thửa 472a - tờ 21 Thôn Vũ Vị (Minh Tân mới), Xã Minh Tân, H.Kiến Thuỵ, TP. Hải Phòng",2150000.0,32.87,Nhà mặt tiền,5m,13.07m,Đông Nam,2.0,2.0,2.0,65.40m²,,,,
EPS294,"Thửa 2001 - tờ 3 Tổ dân phố Thiên Hương 3, P.Thiên Hương, TP.Thuỷ Nguyên, TP. Hải Phòng",2000000.0,12.89,Nhà mặt tiền,4.85m,10.46m,Đông Nam,3.0,3.0,3.0,155.10m²,,3m,,
211JQZ,"3 Đường số 6 Khu TDDC Đại Học Y Dược, P.An Khánh, Q.Ninh Kiều, TP. Cần Thơ",4600000.0,71.87,Nhà mặt tiền,4m,16m,Tây Nam,4.0,4.0,3.0,64m²,,13m,,
EJ9AW4,"29 Đường Số 19, KDC Vạn Phát, P.Cái Khế, Q.Ninh Kiều, TP. Cần Thơ",7200000.0,60.0,Nhà mặt tiền,5m,24m,Đông Nam,13.0,13.0,4.0,120m²,389.60m²,15m,,
QHZH3U,"Thửa L299, lô LK14-S2-R1 Khu đô thị Centa City VSIP, P.An Lư, TP.Thuỷ Nguyên, TP. Hải Phòng",4350000.0,58.0,Nhà mặt tiền,5m,15m,Bắc,3.0,3.0,3.0,75m²,150.50m²,7m,,
3D4YVQ,"Lô C254 đường 5F - Khu C, KĐT mới Mỹ Thượng, Xã Phú Mỹ, H.Phú Vang, TP. Huế",3650000.0,34.76,Nhà mặt tiền,5m,21m,Bắc,4.0,3.0,3.0,105m²,155.60m²,,,
6AK4D8,"Thửa 930 - tờ 14 Hoàng Quốc Việt (Tỉnh lộ 1 cũ), Xã Thủy Thanh, TX.Hương Thủy, TP. Huế",2490000.0,17.78,Nhà mặt tiền,7m,20m,Đông Bắc,1.0,1.0,1.0,140m²,,,,Sổ riêng
QDJ3VU,"M24 Đường số 10 KDC Số 11, KĐT Nam Cần Thơ, P.Hưng Phú, Q.Cái Răng, TP. Cần Thơ",5400000.0,45.0,Nhà mặt tiền,5m,21.5m,Tây Bắc,3.0,4.0,3.0,120m²,307m²,20m,,
1UEKQ6,"Lô 8 khu B2-38 Khu đô thị Công nghệ FPT, P.Hoà Hải, Q.Ngũ Hành Sơn, TP. Đà Nẵng",15500000.0,143.51,Nhà mặt tiền,6m,18m,Tây,14.0,14.0,7.0,108m²,552.90m²,,Đầy đủ,
857EX3,"Lô 13, khu B2 -126 khu đô thị công nghệ FPT, P.Hoà Hải, Q.Ngũ Hành Sơn, TP. Đà Nẵng",13800000.0,143.75,Nhà mặt tiền,6m,16m,Tây Bắc,12.0,12.0,6.0,96m²,458.40m²,,,
5DQ2X7,"Lô 8 B2 - 2 đường Hòa Mỹ 6, P.Hòa Minh, Q.Liên Chiểu, TP. Đà Nẵng",6950000.0,63.18,Nhà mặt tiền,5m,22m,Tây Nam,5.0,3.0,3.0,110m²,241.50m²,11.5m,Đầy đủ,
JXU860,"Thửa 1038 - tờ 15 đường 14B, Khu TĐC Văn hóa Tây Đô, P.Hưng Thạnh, Q.Cái Răng, TP. Cần Thơ",7200000.0,80.0,Nhà mặt tiền,5m,18m,Tây Nam,4.0,5.0,4.0,90m²,232.40m²,47m,,
UKP7US,"T-207 KĐT công nghiệp và dịch vụ VSIP, P.An Lư, TP.Thuỷ Nguyên, TP. Hải Phòng",4350000.0,58.0,Nhà mặt tiền,5m,15m,Bắc,3.0,3.0,3.0,75m²,150.50m²,,,
49ZUUF,"Thửa 5661 - Tờ 1 KDC Phú An (lô số 20), đường số 54, P.Phú Thứ, Q.Cái Răng, TP. Cần Thơ",4490000.0,37.35,Nhà mặt tiền,5m,24.04m,Đông Bắc,6.0,3.0,3.0,120.20m²,259m²,6m,,
0ZGCG9,"Thửa 1005 - Tờ 15, Đường số 7 Khu tái định cư Trung tâm văn hóa Tây Đô, P.Hưng Thạnh, Q.Cái Răng, TP. Cần Thơ",4300000.0,48.47,Nhà mặt tiền,5m,17.75m,Tây Nam,3.0,3.0,2.0,88.70m²,,12m,,
8Y7AT3,"đường Trần Hoàng Na, Khu dân cư Cái Sơn - Hàng Bàng (Khu B), P.An Bình, Q.Ninh Kiều, TP. Cần Thơ",15000000.0,76.21,Nhà mặt tiền,4.5m,44.48m,Tây Nam,4.0,2.0,2.0,196.80m²,274m²,20m,,
1GC26T,"Nguyễn Văn Hưởng, Thảo Điền, TP.Thủ Đức, TP.HCM",115000000.0,176.65,Nhà mặt tiền,20m,33m,Tây Nam,5.0,5.0,3.0,651m²,200m²,15m,,
K54JCJ,"Huỳnh Tấn Phát, P.Tân Thuận Tây, Q.7, TP.HCM",27000000.0,135.0,Nhà mặt tiền,4.3m,45m,,5.0,4.0,2.0,168m²,169.70m²,15m,,
SMWF5Y,"98 Lâm Văn Bền, Tân Kiểng, Q.7, TP.HCM",80000000.0,366.3,Nhà mặt tiền,7.8m,28m,Đông,8.0,12.0,9.0,218.40m²,1267.30m²,15m,,
CSERBC,"226 Nguyễn Sơn, P.Phú Thọ Hòa, Q.Tân Phú, TP.HCM",19000000.0,201.48,Nhà mặt tiền,3.78m,24.75m,Tây Nam,6.0,7.0,6.0,94.30m²,492.70m²,14m,,
64748Y,"Số 6, Xã Bình Hưng, H.Bình Chánh, TP.HCM",30000000.0,150.0,Nhà mặt tiền,10m,20m,Nam,3.0,4.0,3.0,200m²,350m²,12m,,
85ZZ03,"Ký Con, P.4, TP.Vũng Tàu, BRVT",17000000.0,75.35,Nhà mặt tiền,14.32m,19.72m,Đông Nam,1.0,1.0,1.0,225.60m²,,7m,,
Y686D6,"27 Đội Cung, P.11, Q.11, TP.HCM",8800000.0,222.78,Nhà mặt tiền,4m,10m,Tây,3.0,3.0,4.0,39.50m²,90.60m²,10m,,
WQMTR9,"Nội khu dân cư hưng thái 2, P.Tân Thuận Đông, Q.7, TP.HCM",39500000.0,313.49,Nhà mặt tiền,7m,18m,Bắc,4.0,4.0,3.0,126m²,197.90m²,5m,,
ABEKBY,"17B Lương Thế Vinh, P.Phước Long, TP.Nha Trang, Khánh Hòa",7000000.0,127.73,Nhà mặt tiền,4.77m,13.56m,Tây Nam,2.0,2.0,3.0,54.80m²,,,,
4JSKVF,"Thửa 3862 tờ 138, Đường Lê Chí Dân, P.Tân An, TP.Thủ Dầu Một, Bình Dương",2950000.0,40.68,Nhà mặt tiền,4.43m,16.05m,Tây Bắc,2.0,1.0,2.0,72.50m²,,32m,,
6SSBU8,"Nguyễn Công Trứ, P.Vạn Thạnh, TP.Nha Trang, Khánh Hòa",17000000.0,196.53,Nhà mặt tiền,7.55m,16.32m,Bắc,4.0,5.0,4.0,86.50m²,,8m,,
ACDMSY,"67/1 đường ĐT 743, P.An Phú, TP.Thuận An, Bình Dương",28000000.0,53.89,Nhà mặt tiền,16.79m,40.19m,Đông,1.0,1.0,1.0,519.50m²,,54m,,
82RB3A,"44 Trương Quốc Dung, P.10, Q.Phú Nhuận, TP.HCM",23000000.0,498.91,Nhà mặt tiền,4.1m,12.35m,Đông,2.0,3.0,3.0,46.10m²,131.50m²,8m,,Sổ riêng
1UUCE6,"Đoàn Thị Điểm, P.Vạn Thạnh, TP.Nha Trang, Khánh Hòa",17500000.0,174.65,Nhà mặt tiền,9.67m,12.86m,Tây Bắc,6.0,4.0,2.0,100.20m²,,8m,,
Q7QX5U,"F5 Văn Cao, P.2, TP.Vũng Tàu, BRVT",26000000.0,94.61,Nhà mặt tiền,17.71m,24.42m,Đông Nam,5.0,5.0,3.0,274.80m²,,,,
02V7D9,"28 đường D3, KDC K8, P.Hiệp Thành, TP.Thủ Dầu Một, Bình Dương",6300000.0,68.1,Nhà mặt tiền,5m,18.5m,Đông Bắc,3.0,4.0,3.0,92.50m²,198.80m²,12m,,
AB4TMY,"đường F3 và đường F4, P.Phước Long, TP.Nha Trang, Khánh Hòa",14500000.0,89.61,Nhà mặt tiền,12.5m,13.6m,Đông Nam,1.0,2.0,1.0,161.80m²,,10m,,
QAEX7U,"Số 69H Bửu Đoá, P.Phước Long, TP.Nha Trang, Khánh Hòa",3500000.0,63.52,Nhà mặt tiền,3.95m,13.98m,Tây Bắc,2.0,1.0,2.0,55.10m²,82.20m²,2m,,
SDRA05,"số 6 Nguyễn Văn Thành, P.Vĩnh Nguyên, TP.Nha Trang, Khánh Hòa",2950000.0,91.61,Nhà mặt tiền,3.01m,10.69m,Nam,2.0,2.0,2.0,32.20m²,57m²,2.5m,,Sổ riêng
5D2VE7,"Thửa 1631 - tờ 150 Bình Đường 4, P.Dĩ An, TP.Dĩ An, Bình Dương",5000000.0,66.66,Nhà mặt tiền,5.7m,16.4m,Đông Nam,3.0,3.0,2.0,75m²,140m²,6m,,
7K1XNA,"132 Lý Thường Kiệt, P.1, TP.Vũng Tàu, BRVT",15000000.0,131.81,Nhà mặt tiền,5m,22.77m,Tây Nam,3.0,3.0,2.0,113.80m²,,20m,,
QAX9RU,"Huỳnh Thị Khá, P.Phú Thủy, TP.Phan Thiết, Bình Thuận",2900000.0,42.33,Nhà mặt tiền,3.84m,18.1m,Bắc,2.0,2.0,2.0,68.50m²,,7m,,Sổ riêng
KF82UC,"đường Cầu Bè, thôn Phú Vinh, Xã Vĩnh Thạnh, TP.Nha Trang, Khánh Hòa",5200000.0,51.63,Nhà mặt tiền,5m,19.68m,Tây Bắc,3.0,3.0,3.0,100.70m²,188.50m²,4m,,
QA4A5U,"Lô số 34 đường B10 VCN - Phước Long 2, P.Phước Long, TP.Nha Trang, Khánh Hòa",7000000.0,116.66,Nhà mặt tiền,4m,15m,Tây Bắc,3.0,4.0,3.0,60m²,164.60m²,12m,,
21M2DZ,"đường Nguyễn Phi Khanh, Lô 26 - Ô 26, KDC đường Đệ, P.Vĩnh Hòa, TP.Nha Trang, Khánh Hòa",5900000.0,86.76,Nhà mặt tiền,4m,17m,Tây,3.0,2.0,2.0,68m²,,13m,,
3AD6ZQ,"10 đường 30 tháng 4, P.9, TP.Vũng Tàu, BRVT",14800000.0,120.12,Nhà mặt tiền,4.4m,26.78m,Tây Bắc,5.0,6.0,4.0,123.20m²,229.80m²,,,
ACXRAY,"đường Võ Trứ, P.Tân Tiến, TP.Nha Trang, Khánh Hòa",9790000.0,260.37,Nhà mặt tiền,3.39m,15.31m,Tây Nam,4.0,3.0,4.0,37.60m²,140m²,,,
WP3S5R,"50 đường số 3, P.Tân Tiến, TP.Nha Trang, Khánh Hòa",15500000.0,90.74,Nhà mặt tiền,9.13m,19.1m,Bắc,4.0,2.0,3.0,170.80m²,101.20m²,6m,,
Q530DU,"Quốc lộ 51, P.Mỹ Xuân, TP.Phú Mỹ, BRVT",6850000.0,36.24,Nhà mặt tiền,7m,27.1m,Đông,4.0,3.0,2.0,189m²,,,,
C0NE3B,"Lê Hồng Phong, P.Phước Hải, TP.Nha Trang, Khánh Hòa",13500000.0,136.36,Nhà mặt tiền,5m,19m,Tây Nam,4.0,3.0,4.0,99m²,204.30m²,22m,Cơ bản,Sổ riêng
Q5HK2U,"Lê Trọng Tấn, Sơn Kỳ, Q.Tân Phú, Ho Chi Minh City",22000000.0,171.58,Nhà mặt tiền,4.7m,16m,Đông Bắc,6.0,3.0,4.0,120.90m²,302.50m²,30m,Đầy đủ,Sổ riêng
QAPNRU,"đường Cù Huân, P.Vĩnh Thọ, TP.Nha Trang, Khánh Hòa",10400000.0,193.66,Nhà mặt tiền,4.5m,15.49m,Tây,3.0,3.0,3.0,53.70m²,131.50m²,13.5m,,
5HGE17,"Nguyễn Tất Thành, P.Phước Long, TP.Nha Trang, Khánh Hòa",6500000.0,78.69,Nhà mặt tiền,4.04m,20.89m,Tây Bắc,3.0,2.0,2.0,82.60m²,48.50m²,35m,,
CWUG1B,"đường Phước Long, P.Phước Long, TP.Nha Trang, Khánh Hòa",7990000.0,114.14,Nhà mặt tiền,4.53m,15.89m,Tây Bắc,2.0,2.0,2.0,70m²,145.40m²,20m,,
7CBYTA,"10 Nguyễn Khanh, P.Phước Hải, TP.Nha Trang, Khánh Hòa",8500000.0,181.62,Nhà mặt tiền,4m,11.76m,Đông Nam,3.0,3.0,3.0,46.80m²,113.90m²,13m,,
UY5VYS,"1294 đường 23/10, Xã Vĩnh Trung, TP.Nha Trang, Khánh Hòa",10800000.0,37.89,Nhà mặt tiền,6.45m,21.51m,Nam,1.0,1.0,1.0,285m²,,30m,,Sổ riêng
6S0G58,"Phù Đổng, P.Tân Tiến, TP.Nha Trang, Khánh Hòa",13500000.0,141.21,Nhà mặt tiền,4.09m,24.98m,Đông Bắc,1.0,1.0,1.0,95.60m²,80m²,13m,,
DEGCSH,"Cù Lao Trung, P.Vĩnh Thọ, TP.Nha Trang, Khánh Hòa",2900000.0,81.92,Nhà mặt tiền,5.45m,6.34m,Đông,3.0,3.0,3.0,35.40m²,,1.3m,,
WGNAFR,"Lô 17-STH19 đường số 8, KĐT Hà Quang 1, P.Phước Hải, TP.Nha Trang, Khánh Hòa",11600000.0,116.0,Nhà mặt tiền,5m,20m,Nam,4.0,4.0,3.0,100m²,238.10m²,13m,,
8SDAJ3,"Thửa 353 - tờ 15, đường Bình Đức, P.Lái Thiêu, TP.Thuận An, Bình Dương",8500000.0,30.0,Nhà mặt tiền,8.02m,37.55m,Tây Bắc,2.0,2.0,2.0,283.30m²,,,,
21SQCZ,"150 Ngô Gia Tự, P.Phước Hòa, TP.Nha Trang, Khánh Hòa",14500000.0,315.21,Nhà mặt tiền,15m,10m,Đông Nam,3.0,3.0,3.0,46m²,46m²,15m,Đầy đủ,
65AMW8,"11A, Phố 3 Hải Long, P.Hồng Hải, TP.Hạ Long, Quảng Ninh",9000000.0,153.06,Nhà mặt tiền,4.2m,14m,Tây Nam,5.0,5.0,5.0,58.80m²,,,,
2XQM5Z,"Thửa 771 - tờ 56, đường Lê Đức Thọ, P.Hắc Dịch, TP.Phú Mỹ, BRVT",14000000.0,40.0,Nhà mặt tiền,7m,50m,Tây Bắc,3.0,2.0,1.0,350m²,,27m,,Sổ riêng
6YW4M8,"75 Nguyễn Tiến Tài, P.Hưng Bình, TP.Vinh, Nghệ An",7000000.0,43.88,Nhà mặt tiền,8.99m,18.29m,Đông Nam,3.0,3.0,3.0,159.50m²,,,,
AC0JEY,"đường Trần Phú, P.Vĩnh Trường, TP.Nha Trang, Khánh Hòa",47000000.0,138.23,Nhà mặt tiền,15.16m,24.79m,Bắc,4.0,5.0,3.0,340m²,344m²,9m,,
EJNGN4,"122 Lưu Hữu Phước, Xã Phước Đồng, TP.Nha Trang, Khánh Hòa",5300000.0,58.88,Nhà mặt tiền,6.01m,15m,Tây Nam,3.0,4.0,1.0,90m²,90m²,10m,,
WPT6YR,"16 Lê Chân, P.Tân Tiến, TP.Nha Trang, Khánh Hòa",8800000.0,306.62,Nhà mặt tiền,4.19m,8.9m,Đông Nam,2.0,3.0,5.0,28.70m²,139.20m²,10m,,
GXXTU2,"109 Nguyễn Trường Tộ, P.Sơn Phong, TP.Hội An, Quảng Nam",31500000.0,84.76,Nhà mặt tiền,5m,46.52m,Tây Bắc,1.0,1.0,4.0,371.60m²,769m²,7m,,
UY56HS,"233 Dường Vân Nga, P.Vĩnh Phước, TP.Nha Trang, Khánh Hòa",5750000.0,49.86,Nhà mặt tiền,6.26m,20.96m,Đông Bắc,3.0,1.0,1.0,115.30m²,,4.5m,,
UY44FS,"Hoàng Trinh, P.Vĩnh Hải, TP.Nha Trang, Khánh Hòa",12100000.0,79.97,Nhà mặt tiền,7.67m,19.91m,Bắc,5.0,5.0,4.0,151.30m²,196.90m²,4m,,
ACRQ6Y,"Lý Thánh Tôn, P.Vạn Thạnh, TP.Nha Trang, Khánh Hòa",30000000.0,132.97,Nhà mặt tiền,5.06m,20.08m,Tây Bắc,5.0,3.0,3.0,225.60m²,408.10m²,,,
40GZTF,"Thửa 14 - tờ 15, đường Trần Hưng Đạo, P.Phú Thủy, TP.Phan Thiết, Bình Thuận",6000000.0,50.89,Nhà mặt tiền,8.19m,22.45m,Tây Bắc,6.0,4.0,1.0,117.90m²,,,,Sổ riêng
6SWF38,"Thửa 43 - tờ 76, Lô 39 đường Triệu Quang Phục, Khu dân cư Đường Đệ, P.Vĩnh Hòa, TP.Nha Trang, Khánh Hòa",4500000.0,66.66,Nhà mặt tiền,4.5m,15m,Đông Bắc,2.0,1.0,1.0,67.50m²,,16m,,
PN5RRG,"21A Lê Văn Tám, P.Phước Long, TP.Nha Trang, Khánh Hòa",5400000.0,98.72,Nhà mặt tiền,7.75m,12.67m,Tây Nam,2.0,1.0,1.0,54.70m²,39.10m²,3.7m,,
A4W92Y,"Thửa 1578 - tờ 1 đường D1, kdc ICON CENTRAL, P.Tân Đông Hiệp, TP.Dĩ An, Bình Dương",5600000.0,87.5,Nhà mặt tiền,4m,16m,Đông Bắc,4.0,4.0,3.0,64m²,175.70m²,7m,,
C0P2FB,"Thửa 1488 - tờ 105 đường N4, kdc ICON CENTRAL, P.Tân Đông Hiệp, TP.Dĩ An, Bình Dương",5500000.0,91.66,Nhà mặt tiền,4m,15m,Tây Bắc,4.0,4.0,3.0,60m²,172.70m²,6m,,
YBTA4D,"32 Lương Văn Nho, P.9, TP.Vũng Tàu, BRVT",7800000.0,128.92,Nhà mặt tiền,3.6m,16.8m,Tây Nam,2.0,2.0,1.0,60.50m²,,8m,,
8YGDK3,"08 Khu HC 13 (Xóm Láp), P.Liên Bảo, TP.Vĩnh Yên, Vĩnh Phúc",2350000.0,67.14,Nhà mặt tiền,4.76m,6.24m,Tây Bắc,3.0,3.0,3.0,35m²,,,,
AC6MEY,"378 Lê Hồng Phong, P.3, TP.Vũng Tàu, BRVT",76000000.0,309.69,Nhà mặt tiền,12.65m,21.8m,Đông Bắc,20.0,20.0,8.0,245.40m²,1778.20m²,,,
6SY438,"200 Điện Biên Phủ, P.Vĩnh Hòa, TP.Nha Trang, Khánh Hòa",11800000.0,159.67,Nhà mặt tiền,4.94m,15.06m,Nam,3.0,2.0,3.0,73.90m²,208.30m²,20m,,
28Y17Z,"19 Nguyễn Công Trứ, P.Đông Hòa, TP.Dĩ An, Bình Dương",6000000.0,65.21,Nhà mặt tiền,4m,23m,Tây Nam,3.0,2.0,2.0,92m²,,6m,,
0NJE19,"Trần Nguyên Hãn, P.Phước Hòa, TP.Nha Trang, Khánh Hòa",7400000.0,185.46,Nhà mặt tiền,3.58m,10.96m,Tây Bắc,2.0,1.0,1.0,39.90m²,,15m,Bàn giao thô,
677P08,"Mê Linh, P.Tân Tiến, TP.Nha Trang, Khánh Hòa",14800000.0,163.17,Nhà mặt tiền,3.5m,25.88m,Đông Bắc,4.0,5.0,3.0,90.70m²,198.60m²,13m,Đầy đủ,
UYYEPS,"47 Điện Biên Phủ, P.Vĩnh Hòa, TP.Nha Trang, Khánh Hòa",8000000.0,80.6,Nhà mặt tiền,5m,19.85m,Bắc,4.0,5.0,5.0,99.25m²,343.25m²,20m,Cơ bản,
2MX46Z,"131C Nguyễn Duy Hiệu, P.Cẩm Châu, TP.Hội An, Quảng Nam",9800000.0,70.25,Nhà mặt tiền,8.05m,17.35m,Tây Bắc,3.0,2.0,2.0,139.50m²,155.40m²,13.5m,Đầy đủ,
YEBPKD,"647A 21 tháng 8, P.Bảo An, TP.Phan Rang-Tháp Chàm, Ninh Thuận",3450000.0,32.06,Nhà mặt tiền,4.2m,26.03m,Tây Bắc,3.0,3.0,3.0,107.60m²,75.37m²,13.5m,,
PXZH2G,"Nhơn Ái, Phong Điền, Cần Thơ",1150000.0,10.45,Nhà mặt tiền,6.3m,17m,Tây Nam,2.0,2.0,1.0,110m²,,,,
YBB4UD,"137B Trung tâm xã, Xã Vĩnh Thạnh, TP.Nha Trang, Khánh Hòa",2300000.0,20.6,Nhà mặt tiền,2.46m,26.15m,Đông Nam,2.0,2.0,2.0,111.60m²,,10m,Cơ bản,
QA78AU,"397 Trần Thủ Độ, P.Điện Nam Trung, TX.Điện Bàn, Quảng Nam",5700000.0,39.33,Nhà mặt tiền,5.55m,28.61m,Tây Nam,1.0,1.0,1.0,144.90m²,,33m,Bàn giao thô,
UHQMCS,"Phạm Văn Đồng, P.Vĩnh Hòa, TP.Nha Trang, Khánh Hòa",9260000.0,220.66,Nhà mặt tiền,7m,8m,Nam,2.0,1.0,2.0,42m²,42m²,10m,Cơ bản,
W25Q3R,"Trần Hưng Đạo, P.Đông Hòa, TP.Dĩ An, Bình Dương",15000000.0,67.81,Nhà mặt tiền,5.76m,33.18m,Tây Nam,1.0,1.0,1.0,221.20m²,,16m,,
ACFKCY,"35 đường P1, Khu dân cư Phú Nông, Xã Vĩnh Ngọc, TP.Nha Trang, Khánh Hòa",9000000.0,101.23,Nhà mặt tiền,6.15m,16.4m,Tây Bắc,3.0,4.0,3.0,88.90m²,205.30m²,13m,,
3AHVRQ,"Lô C4 -  Căn 16 số 2, P.Vĩnh Quang, TP.Rạch Giá, Kiên Giang",3500000.0,38.88,Nhà mặt tiền,4.5m,20m,Tây Nam,3.0,3.0,2.0,90m²,154.80m²,17m,,
5H1QK7,"29 Hạ Mộ Công, P.Quang Trung, TP.Uông Bí, Quảng Ninh",5500000.0,55.0,Nhà mặt tiền,5m,20m,Tây Nam,3.0,2.0,3.0,100m²,,10.8m,Cơ bản,
40UTEF,"49 Bắc Sơn, P.Vĩnh Hải, TP.Nha Trang, Khánh Hòa",28000000.0,93.24,Nhà mặt tiền,12.37m,26.51m,Nam,4.0,5.0,3.0,300.30m²,568.90m²,16m,Đầy đủ,
3D0GAQ,"Thửa 250 - Tờ 12 ( Số nhà 65) Chu Mạnh Trinh, P.Tân Thành, TP.Buôn Ma Thuột, Đắk Lắk",5200000.0,65.9,Nhà mặt tiền,4.04m,19.63m,Tây,3.0,2.0,2.0,78.90m²,,,,
877BX3,"Hương Trà, Đà Nẵng",980.0,12.89,Nhà mặt tiền,5.8m,13.5m,Đông Nam,2.0,1.0,1.0,76m²,76m²,3m,Bàn giao thô,
AC6RUY,"03 Hiền Lương, P.Phước Hòa, TP.Nha Trang, Khánh Hòa",13200000.0,121.1,Nhà mặt tiền,4.7m,23.64m,Tây,1.0,4.0,2.0,109m²,150.30m²,13m,Bàn giao thô,
0X0DT9,"333 DT741, Xã Phước Hoà, H.Phú Giáo, Bình Dương",1800000.0,24.0,Nhà mặt tiền,5m,15m,Nam,3.0,3.0,1.0,75m²,150m²,15m,Cơ bản,
15TW16,"Trần nguyên hãn, P.Phước Hòa, TP.Nha Trang, Khánh Hòa",11800000.0,168.57,Nhà mặt tiền,5m,14m,Đông Nam,3.0,2.0,2.0,70m²,70m²,10m,Cơ bản,
YF3GTD,"41 1, P.Tam Hiệp, TP.Biên Hòa, Đồng Nai",35000000.0,137.74,Nhà mặt tiền,8m,31m,Đông,5.0,4.0,3.0,,254.10m²,,,
