address,total_price,price_per_m2,area_calculated,latitude,longitude,center_distance_km,số phòng ngủ,số phòng tắm,diện tích sử dụng
"Tam Long, TP.HCM, TP.HCM",3600000.0,28.66,125610.6071179344,10.789659681589075,106.6953718606185,1.16315924454557,2.0,2.0,
"Khu dân cư 13A Intresco, xã Bình Hưng, TP. HCM., Xã Bình Hưng, H.Bình Chánh, TP.HCM",18200000.0,130.0,140000.0,10.696155505480903,106.59879495021103,14.344903130978032,1.0,1.0,140m²
"42/9 Tân Hiệp 4, Xã Tân Hiệp, H.Hóc Môn, TP.HCM",7200000.0,40.0,180000.0,10.879120410680912,106.60457956338263,15.079740939412915,1.0,2.0,180m²
"193 Cô Giang, P.Cô Giang, Q.1, TP.HCM",25000000.0,596.65,41900.61174893154,10.768688501331377,106.69547554536392,1.2874438632666738,5.0,5.0,121.20m²
"33 Ngô Văn Sở, Dĩ An, Dĩ An, TP.HCM",8800000.0,96.7,91003.10237849018,10.825698595112467,106.73930155605198,6.722393563388641,4.0,5.0,91m²
"96 Nguyễn Đình Chiểu, Đông Hòa, Dĩ An, TP.HCM",7700000.0,82.79,93006.4017393405,10.821330620383957,106.7114049497661,4.790687453452142,4.0,4.0,93m²
"Văn Thân, P.8, Q.6, TP.HCM",26000000.0,174.14,149305.15677041461,10.787608979474019,106.73853534148355,4.40659756995752,4.0,5.0,192m²
"Tân Thành, P.16, Q.11, TP.HCM",12000000.0,225.56,53200.92214931725,10.761697426746778,106.69996369946412,2.003337548472584,4.0,4.0,147m²
"Ba Đình, P.8, Q.8, TP.HCM",16900000.0,219.76,76902.07499089917,10.757244942524999,106.6755537995482,3.578799815897505,7.0,8.0,248.30m²
"đường Minh Phụng, P.2, Q.6, TP.HCM",25000000.0,219.57,113858.90604363073,10.78959400872057,106.68452566408551,1.921675280153132,1.0,1.0,
"178 Nguyễn Suý, P.Tân Quý, Q.Tân Phú, TP.HCM",15000000.0,166.66,90003.60014400576,10.784861032088525,106.61569605554944,9.131040540436498,7.0,4.0,234m²
"115 Nguyễn Văn Luông, P.10, Q.6, TP.HCM",10000000.0,169.59,58965.74090453446,10.809417753081155,106.72129523007067,4.083381917385706,2.0,2.0,118m²
"đường Bình Tiên, P.14, Q.6, TP.HCM",40000000.0,233.99,170947.4763878798,10.815510334253675,106.70520182369077,4.008960376275675,6.0,4.0,276.20m²
"Tái Thiết, P.11, Q.Tân Bình, TP.HCM",14000000.0,127.5,109803.92156862745,10.804674108154245,106.66675840992592,4.475934606587831,2.0,2.0,
"đường Bà Hom, P.13, Q.6, TP.HCM",25000000.0,256.33,97530.52705496822,10.801670512327577,106.66301948985632,4.622607182130932,3.0,3.0,121.20m²
"Đinh Công Tráng, P.Tân Định, Q.1, TP.HCM",38000000.0,353.35,107542.09707089288,10.784990079776868,106.70686049260767,1.0321234661235128,8.0,8.0,397.04m²
"Tô Hiệu, P.Tân Thới Hòa, Q.Tân Phú, TP.HCM",17500000.0,196.03,89272.05019639852,10.80417155414397,106.63979160979778,7.017457269773586,3.0,4.0,291.20m²
"113 Tân Hóa, P.14, Q.6, TP.HCM",13500000.0,164.17,82231.83285618566,10.803026785545612,106.66545556161573,4.482181138805651,1.0,1.0,265.47m²
"453 Hoàng Văn Thụ, P.4, Q.Tân Bình, TP.HCM",30000000.0,338.39,88655.10210112593,10.811681611977434,106.63927834946479,7.4260225800837105,6.0,3.0,
"Hoàng Diệu, P.15, Q.4, TP.HCM",2750000.0,182.11,15100.763274943714,10.792317691353004,106.71980773582143,2.662035501651817,2.0,3.0,60.40m²
"70 Đặng Nguyên Cẩn, P.14, Q.6, TP.HCM",13000000.0,172.65,75296.84332464523,10.747536836000233,106.69319993139689,3.6235743026259466,1.0,1.0,68.80m²
"Tám Danh, P.4, Q.8, TP.HCM",11000000.0,242.82,45301.04604233589,10.7620103348913,106.73698873847614,4.5938101198877765,5.0,4.0,130m²
"Số 43, P.10, Q.6, TP.HCM",6300000.0,210.0,30000.0,10.792715634121132,106.7362970477364,4.319620183231395,3.0,3.0,100.30m²
"49A Lê Lai, P.12, Q.Tân Bình, TP.HCM",11900000.0,182.79,65102.02965151267,10.798771807371255,106.642889300579,6.48885345950071,5.0,4.0,211.70m²
"313 Nguyễn Thị Thập, P.Tân Phú, Q.7, TP.HCM",600000000.0,349.93,1714628.6400137169,10.798212272576063,106.61589657304305,9.31731807928113,2.0,2.0,
"Trường Chinh, P.Tân Thới Nhất, Q.12, TP.HCM",12500000.0,270.64,46186.816435116765,10.785628688293164,106.68884606028699,1.2875746638932708,3.0,3.0,172m²
"Trường Chinh, P.13, Q.Tân Bình, TP.HCM",21000000.0,303.6,69169.96047430829,10.805287504935189,106.64798753347164,6.254258344017192,7.0,6.0,96.44m²
"Đường Số 10, P.13, Q.6, TP.HCM",15900000.0,211.72,75099.18760627243,10.74466059682497,106.6675037931926,5.194531621998193,3.0,4.0,167.20m²
"Đường Hà Bổng, P.Trung Mỹ Tây, Q.12, TP.HCM",6500000.0,91.54,71007.20996285776,10.774219951465277,106.71617820633968,1.9741249643191991,2.0,2.0,112.50m²
"Phan Anh, P.Tân Thới Hòa, Q.Tân Phú, TP.HCM",13500000.0,170.45,79202.11205632151,10.787983721633159,106.61127012245558,9.640513062020467,5.0,4.0,302m²
"236 Vườn Lài, P.Phú Thọ Hòa, Q.Tân Phú, TP.HCM",15300000.0,227.0,67400.88105726872,10.800662458576257,106.61869795935516,9.083672854254381,4.0,4.0,214.60m²
"Cao Văn Lầu, P.2, Q.6, TP.HCM",27000000.0,248.8,108520.9003215434,10.757697015540527,106.65583081850926,5.318905089641098,6.0,5.0,194.40m²
"29A Quốc Lộ 13, P.26, Q.Bình Thạnh, TP.HCM",45000000.0,0.12,375000000.0,10.819153139753176,106.6997235928104,4.35530303419288,3.0,3.0,210.50m²
"Hồng Lạc, P.10, Q.Tân Bình, TP.HCM",12000000.0,201.34,59600.675474322044,10.790476245437489,106.66724396011166,3.6717485777769348,3.0,3.0,152.60m²
"32 Nguyễn Duy Cung, P.12, Q.Gò Vấp, TP.HCM",14000000.0,0.13,107692307.6923077,10.81642229503662,106.66703065909921,5.35427067926471,4.0,4.0,198.60m²
"đường Mai Xuân Thưởng, P.1, Q.6, TP.HCM",19000000.0,290.11,65492.39943469718,10.731574880228345,106.67247329586829,6.072331205398981,8.0,6.0,251m²
"77 đường Phạm Phú Thứ, P.3, Q.6, TP.HCM",14000000.0,168.21,83229.29671244278,10.775183107971696,106.69075926911277,1.0377584983241732,7.0,5.0,194.89m²
"225 Bis - 227 Hai Bà Trung, P.Võ Thị Sáu, Q.3, TP.HCM",176000000.0,782.91,224802.33998799353,10.757598061461788,106.74871752758328,5.963070078682138,6.0,8.0,663m²
"59 Nguyễn Duy Cung, P.12, Q.Gò Vấp, TP.HCM",9200000.0,146.73,62700.197641927356,10.813218122680103,106.67225561996813,4.71685777539972,3.0,2.0,77.20m²
"Huỳnh Khương An, P.5, Q.Gò Vấp, TP.HCM",12500000.0,198.09,63102.6301176233,10.822783645481413,106.68735593361852,4.9245291361288945,4.0,5.0,183.60m²
"92 Nguyễn Thị Ai, Xã Tân Xuân, H.Hóc Môn, TP.HCM",8500000.0,101.19,84000.39529597787,10.89520417084815,106.59998452578007,16.741728138904463,4.0,5.0,175.60m²
"61 đường 105D Trịnh Quang Nghị, P.7, Q.8, TP.HCM",8600000.0,78.18,110002.55819902787,10.825756074515077,106.74818468450381,7.399734668482717,4.0,4.0,285.60m²
"Nguyễn Văn Đậu, P.5, Q.Phú Nhuận, TP.HCM",26000000.0,251.93,103203.27074981145,10.79921261984647,106.68366942968753,2.727511148759701,3.0,3.0,253.40m²
"02 Thạnh Lộc 39, P.An Phú Đông, Q.12, TP.HCM",6600000.0,107.14,61601.64271047228,10.789645822473098,106.70660260276424,1.369657294855617,4.0,6.0,185.10m²
"Huỳnh Văn Bánh, P.11, Q.Phú Nhuận, TP.HCM",14500000.0,0.42,34523809.52380952,10.78938232937467,106.67097202592309,3.246828040770739,3.0,4.0,114.20m²
"67 số 29, P.Bình Trị Đông B, Q.Bình Tân, TP.HCM",14800000.0,126.8,116719.2429022082,10.773794827577534,106.59386727978854,11.52038842298413,4.0,4.0,274.50m²
"Phạm Hữu Lầu, P.Phú Thuận, Q.7, TP.HCM",18900000.0,210.0,90000.0,10.749277428067327,106.70860098949952,3.5332359886304787,3.0,5.0,90m²
"29 Ngô Đức Kế, P.12, Q.Bình Thạnh, TP.HCM",12000000.0,152.86,78503.20554755985,10.823612487894493,106.71654460231106,5.212651724079541,1.0,1.0,
"5A khu D Ngô Tất Tố, P.22, Q.Bình Thạnh, TP.HCM",5350000.0,130.17,41100.09986940156,10.821479583594812,106.71680572955519,5.005011434050441,1.0,1.0,67.67m²
"11A Lương Thế Vinh, P.Tân Thới Hòa, Q.Tân Phú, TP.HCM",14500000.0,233.26,62162.39389522422,10.798244711473513,106.62643783025298,8.19717643363716,3.0,2.0,
"3 Hoa Cúc, P.7, Q.Phú Nhuận, TP.HCM",16500000.0,412.5,40000.0,10.802570174028899,106.68787655502983,2.799902894049988,2.0,3.0,40m²
"157A đường số 11, P.Linh Xuân, TP.Thủ Đức, TP.HCM",18600000.0,99.73,186503.55961094957,10.85913008480652,106.74999361147967,10.396661447277886,4.0,4.0,205m²
"Tân sơn nhì Tân Sơn Nhì, P.Tân Sơn Nhì, Q.Tân Phú, TP.HCM",4650000.0,125.67,37001.6710432084,10.791757447842786,106.63646521073069,6.969205736004122,2.0,2.0,37m²
"34 Tăng Bạt Hổ, P.11, Q.Bình Thạnh, TP.HCM",16500000.0,351.06,47000.51273286618,10.822936460825815,106.70998756941482,4.921302306717671,5.0,4.0,72m²
"MPN 39A Gò Dưa, KP4, P.Tam Bình, TP.Thủ Đức, TP.HCM",12500000.0,136.16,91803.76028202115,10.851406987925532,106.75617475571526,10.090447044045117,4.0,5.0,21.50m²
"12A Đào Duy Từ, P.15, Q.Phú Nhuận, TP.HCM",10600000.0,265.66,39900.62485884212,10.812328240092274,106.68851131306849,3.778984785567697,6.0,7.0,163.10m²
"88A đường số 5, P.17, Q.Gò Vấp, TP.HCM",6600000.0,110.55,59701.49253731343,10.821198081710744,106.66305682408249,6.038130391359463,3.0,2.0,97.20m²
"Ấp 101 Nam Thới 1, Xã Đông Thạnh, H.Hóc Môn, TP.HCM",7990000.0,88.87,89906.60515359514,10.885777342608403,106.58803216765938,16.875108333550717,6.0,6.0,246m²
"đường Phan văn Hớn, P.Tân Thới Nhất, Q.12, TP.HCM",5100000.0,100.0,51000.0,10.783508824618952,106.69075656447689,0.9939864332173266,2.0,2.0,100m²
"67 Phan Văn Hớn, P.Tân Thới Nhất, Q.12, TP.HCM",5200000.0,77.61,67001.67504187605,10.773061658817442,106.69619448767914,0.8056745431354078,2.0,1.0,100m²
"122 đường số 2, P.16, Q.Gò Vấp, TP.HCM",2650000.0,157.08,16870.38451744334,10.83578408682864,106.66145386434562,7.433219024487328,2.0,1.0,33.74m²
"Đường Ao Đôi, Khu phố 10, P.Bình Trị Đông A, Q.Bình Tân, TP.HCM",16000000.0,103.89,154009.04803157185,10.763927487511094,106.58901581558462,12.159294582695606,3.0,2.0,227.70m²
"311K37 đường G, khu phố 1, P.An Phú, TP.Thủ Đức, TP.HCM",28000000.0,280.0,100000.0,10.837715887797025,106.7635763033764,9.533556275383807,4.0,4.0,206.10m²
"43 Lý Thường Kiệt, P.7, Q.10, TP.HCM",30500000.0,482.59,63200.64651153153,10.769741612891647,106.7161351443188,2.1759637243617003,8.0,6.0,360.40m²
"48 đường số 2, Cư xá Bình Thới, P.8, Q.11, TP.HCM",17700000.0,316.07,56000.25310848863,10.776795383647684,106.69674579718135,0.4143151091132273,4.0,3.0,166m²
"42A Nguyễn Văn Bứa, ấp 51, Xã Bà Điểm, H.Hóc Môn, TP.HCM",29700000.0,27.51,1079607.415485278,10.886049970027667,106.58850704954952,16.858806420530446,6.0,3.0,139.50m²
"44 đường số 2 - KDC Hương Lộ 5, P.An Lạc, Q.Bình Tân, TP.HCM",10000000.0,119.04,84005.37634408602,10.779907220407587,106.59137850237981,11.773402238247243,1.0,2.0,204.20m²
"34 đường số 8, Khu dân cư Cityland, P.10, Q.Gò Vấp, TP.HCM",25000000.0,250.0,100000.0,10.820094107298695,106.68576392900749,4.688746946673332,5.0,3.0,385.30m²
"03 đường số 3, Khu nhà ở Hai Thành, P.Tân Tạo A, Q.Bình Tân, TP.HCM",13000000.0,76.56,169801.46290491117,10.764741500013345,106.59742305652591,11.23648686681292,4.0,5.0,313.80m²
"62 đường số 2, khu dân cư Vĩnh Lộc, P.Bình Hưng Hoà B, Q.Bình Tân, TP.HCM",11000000.0,110.0,100000.0,10.768239656232453,106.58928913389947,12.069886065123566,4.0,4.0,201.60m²
"68 số 8, P.An Khánh, TP.Thủ Đức, TP.HCM",22000000.0,239.13,92000.1672730314,10.849935409187536,106.74795725705091,9.425530893308464,4.0,3.0,92m²
"15 đường số 53, P.Hiệp Bình Chánh, TP.Thủ Đức, TP.HCM",12500000.0,82.78,151002.65764677458,10.859450882671801,106.7671282787488,11.537382592384278,4.0,3.0,298m²
"38B17 Cây Keo, P.Tam Phú, TP.Thủ Đức, TP.HCM",10500000.0,116.66,90005.1431510372,10.855075202530541,106.7511517671169,10.091918934643363,3.0,3.0,250m²
"251 - 253 - 255 - 257 Thống Nhất, P.11, Gò Vấp, TP.HCM",160000000.0,202.42,790435.7276948919,10.826937134404934,106.66796253639579,6.224522216365577,4.0,4.0,
"275 Hoàng Sa, P.Tân Định, Q.1, TP.HCM",15000000.0,414.82,36160.26228243575,10.778286784252504,106.69182577098135,0.8049387661307321,3.0,4.0,139.39m²
"178 Tạ Uyên, P.7, Q.11, TP.HCM",26000000.0,373.67,69580.11079294565,10.762667879153351,106.69868342842848,1.8937522729005751,5.0,4.0,268.63m²
"Nguyễn Trãi, P.14, Q.5, TP.HCM",28000000.0,411.76,68000.77715173888,10.799743020377734,106.71687902275276,2.9470193983186066,6.0,7.0,277m²
"số 15, P.An Phú, TP.Thủ Đức, TP.HCM",62000000.0,310.0,200000.0,10.855220502237108,106.76245763690814,10.850692812219803,4.0,5.0,277.30m²
"117 Bình Thới, P.11, Q.11, TP.HCM",18000000.0,289.85,62101.08676901845,10.78786320136397,106.69314967580137,1.1007953281403824,3.0,2.0,
"70 Hòa Bình, P.5, Q.11, TP.HCM",14000000.0,201.72,69403.1330557208,10.763764511282904,106.68940170346455,2.0612408721016995,2.0,2.0,119.70m²
"15 Nguyễn Thi, P.13, Q.5, TP.HCM",30000000.0,231.83,129405.167579692,10.794935308321651,106.69919479206398,1.6759231024619563,4.0,4.0,263.20m²
"Nguyễn Trãi, P.2, Q.5, TP.HCM",72000000.0,735.44,97900.5765256173,10.736644618376825,106.71291943712644,5.0079363654353,12.0,15.0,703.80m²
"Phan Anh, P.Phú Thạnh, Q.Tân Phú, TP.HCM",9500000.0,133.8,71001.4947683109,10.777222728251031,106.63225238588484,7.308635403677942,1.0,1.0,
"Đặng Thúc Liêng, P.4, Q.8, TP.HCM",14000000.0,311.8,44900.57729313662,10.76187816947884,106.67490756682479,3.2989008898951706,3.0,3.0,180.50m²
"Nguyễn Thị Định, Thạnh Mỹ Lợi, Q.2, TP.HCM",32000000.0,185.18,172804.83853547898,10.744480071645881,106.72727568410899,4.9795482057139875,2.0,1.0,215m²
"314 Bến Than, Xã Hòa Phú, H.Củ Chi, TP.HCM",5000000.0,29.3,170648.46416382253,11.006477715250433,106.49329220695994,33.68505241355618,2.0,1.0,
"26 Chợ Lớn, P.11, Q.6, TP.HCM",25000000.0,190.83,131006.65513808101,10.805935891577292,106.65972073396141,5.181382709051387,16.0,10.0,635.90m²
"Lê Trực, P.1, Q.6, TP.HCM",19000000.0,212.52,89403.35027291549,10.807212073601793,106.65687114083374,5.51902957210326,6.0,3.0,258.90m²
"4A Nghĩa Thục, P.5, Q.5, TP.HCM",12000000.0,186.33,64401.867654161964,10.776059388342052,106.70555243223802,0.8240185056616888,2.0,3.0,115.13m²
"Kênh Tân Hóa, P.Hòa Thạnh, Q.Tân Phú, TP.HCM",82000000.0,92.9,882669.537136706,10.797569368750079,106.63408601487666,7.369756703949451,1.0,1.0,745.90m²
"894 Trường Sa, P.13, Q.3, TP.HCM",31000000.0,418.91,74001.57551741424,10.82836466696633,106.72232085815983,5.946745672400494,10.0,11.0,220.50m²
"56 Trần Quý Khoách, P.Tân Định, Q.1, TP.HCM",72000000.0,600.0,120000.0,10.7634919323838,106.69384218272602,1.8893674252227652,5.0,6.0,680.22m²
"115 Vĩnh Viễn, P.4, Q.10, TP.HCM",7500000.0,496.68,15100.265764677459,10.784886383306935,106.69529001582077,0.6968064275779354,3.0,3.0,52.10m²
"D6, Long Thạnh Mỹ, Q.9, TP.HCM",25000000.0,65.1,384024.5775729647,10.76593489339837,106.70993026310654,1.9413433708819008,4.0,4.0,349.70m²
"147C Trần Quang Khải, P.Tân Định, Q.1, TP.HCM",19000000.0,453.46,41900.05733692057,10.786835485485646,106.71125904823919,1.5484067487355455,3.0,3.0,133.50m²
"222 Phùng Hưng, P.14, Q.5, TP.HCM",20000000.0,243.01,82301.13987078721,10.825935630932443,106.68508464423442,5.327744823214526,1.0,2.0,
"15 Phan Tôn, Đa Kao, Q.1, TP.HCM",15500000.0,280.28,55301.84101612674,10.76583562623481,106.69845436253611,1.544258169639744,2.0,1.0,110.60m²
"122 - 122A Nguyễn Xí, P.26, Q.Bình Thạnh, TP.HCM",65000000.0,625.6,103900.2557544757,10.805659517606511,106.7061811858947,2.9670515352712625,8.0,8.0,636.60m²
"15–17 Sông Thao, P.2, Q.Tân Bình, TP.HCM",62000000.0,304.54,203585.73586392592,10.807426529358763,106.6516765065551,6.013754179053718,7.0,4.0,479.03m²
"Nguyễn Xí, P.13, Q.Bình Thạnh, TP.HCM",12000000.0,300.0,40000.0,10.822659748521644,106.69767366680932,4.744828843972393,1.0,1.0,
"Đỗ Nhuận, P.Sơn Kỳ, Q.Tân Phú, TP.HCM",3950000.0,182.87,21600.043746924042,10.799176796865591,106.63803123591008,7.007247738897127,1.0,2.0,
"đường D6, P.Tân Phú, Q.7, TP.HCM",17900000.0,198.88,90004.02252614642,10.79289349390441,106.62851417396578,7.84690871960104,6.0,7.0,238.90m²
"37 Hưng Phú, P.8, Q.8, TP.HCM",14300000.0,244.86,58400.718778077266,10.733330952793903,106.67989876086122,5.548063870736896,1.0,1.0,58.40m²
"382EF Trần Hưng Đạo, P.11, Q.5, TP.HCM",58000000.0,494.88,117200.12932428063,10.823747830022663,106.73358588962788,6.158754136302446,5.0,5.0,
"216 Mai Xuân Thưởng, P.2, Q.6, TP.HCM",33000000.0,330.06,99981.82148700237,10.760936763877819,106.71926743380676,3.0408431591341865,21.0,21.0,428.60m²
"đường C12, P.13, Q.Tân Bình, TP.HCM",35000000.0,354.68,98680.50073305515,10.7987412705281,106.64002333149779,6.785131319027931,2.0,2.0,98.79m²
"Đoàn Văn Bơ, P.16, Q.4, TP.HCM",6000000.0,218.18,27500.229168576403,10.791612864032356,106.67513285326768,2.922513654081835,3.0,3.0,
"39 Phạm Đôn, P.11, Q.5, TP.HCM",16500000.0,221.29,74562.79090785846,10.818784362147632,106.68077628871137,4.753249399499591,8.0,3.0,161.80m²
"Đường 102, P.Tăng Nhơn Phú A, TP.Thủ Đức, TP.HCM",7800000.0,110.32,70703.40826686005,10.852630478731317,106.76559603384456,10.858996511333899,5.0,3.0,
"15 Đỗ Nhuận, Sơn Kỳ, Q.Tân Phú, TP.HCM",11000000.0,268.49,40969.86852396737,10.804212149877541,106.6257121666171,8.461094425631705,1.0,1.0,175.20m²
"770 Trường Sa, P.14, Q.3, TP.HCM",27000000.0,0.0,inf,10.775338447268503,106.69778533576029,0.5102789868474685,3.0,2.0,71.99m²
"1 đường số 7, Phú Hữu, Q.9, TP.HCM",43000000.0,133.54,322000.8986071589,10.7552604920055,106.65242285333876,5.774209637293564,5.0,6.0,379.50m²
"457 Hoàng Hữu Nam, Long Bình, Q.9, TP.HCM",25000000.0,111.11,225002.25002250023,10.774182491023915,106.74686573047822,5.268533030291902,5.0,2.0,172.30m²
"17 Đặng Dung, P.Tân Định, Q.1, TP.HCM",23000000.0,353.3,65100.48117746957,10.771012974831963,106.69746398315951,0.9852633345479712,5.0,5.0,239.90m²
"Mai Thị Lựu, P.Đa Kao, Q.1, TP.HCM",75000000.0,497.01,150902.3963300537,10.7792013613542,106.70836508529621,1.0232167927102869,3.0,4.0,467.80m²
"440 Sư Vạn Hạnh, P.9, Q.10, TP.HCM",15000000.0,265.48,56501.43136959469,10.775822347008296,106.6935591449021,0.7415351284162136,3.0,3.0,194.90m²
"693 QL50, Xã Bình Hưng, H.Bình Chánh, TP.HCM",17000000.0,0.0,inf,10.697323865040788,106.58622368666826,15.344198698515877,1.0,1.0,
"166 Mạc Vân, P.Xóm Củi, Q.8, TP.HCM",7500000.0,163.75,45801.52671755725,10.76464166194924,106.68705029936041,2.1264803134148855,2.0,2.0,126m²
"đường số 1, Long Trường, Q.9, TP.HCM",16000000.0,72.72,220022.00220022,10.788481459764888,106.6810698638129,2.186936005219169,3.0,2.0,154m²
"12 Ông Ích Khiêm, P.14, Q.11, TP.HCM",13000000.0,154.94,83903.44649541758,10.769542195025721,106.70328320598972,1.2248473693172834,6.0,5.0,256.10m²
"Ông Ích Khiêm, P.14, Q.11, TP.HCM",12500000.0,376.5,33200.531208499335,10.781034542764932,106.70546651133527,0.7176013967231876,3.0,4.0,121.80m²
"247 Âu Dương Lân, P.Hưng Phú, Q.8, TP.HCM",22000000.0,274.65,80101.94793373386,10.774175232899376,106.73130651787912,3.584384569929541,4.0,4.0,230.80m²
"138 đường HT35, P.Hiệp Thành, Q.12, TP.HCM",6500000.0,64.35,101010.10101010102,10.761911269207213,106.68783491237981,2.3253956446725828,4.0,3.0,
"31 Nguyễn Văn Mai, Võ Thị Sáu, Q.3, TP.HCM",40000000.0,368.92,108424.59069717012,10.785228312042175,106.70834302041374,1.1833799499660516,10.0,9.0,480.30m²
"87 Cộng Hoà, P.4, Q.Tân Bình, TP.HCM",42000000.0,396.97,105801.44595309469,10.803492180315935,106.65635827241387,5.3528460183134925,8.0,8.0,
"252 Lý Chính Thắng, P.9, Q.3, TP.HCM",22000000.0,287.95,76402.15315158882,10.81349661017906,106.66139197451638,5.553922870420776,1.0,1.0,72.28m²
"25 Trần Phú, P.4, Q.5, TP.HCM",8700000.0,437.18,19900.269911706848,10.752872711669513,106.73967846705746,5.350609177854529,1.0,1.0,39.80m²
"Bàn Cờ, P.3, Q.3, TP.HCM",24500000.0,3.71,6603773.584905661,10.755718527986089,106.69456705398609,2.7064079042867863,6.0,4.0,219.90m²
"MPN 51C Thạnh Xuân 31, P.Thới An, Q.12, TP.HCM",9000000.0,69.93,128700.12870012868,10.782538456378488,106.71070179333712,1.312557426998743,9.0,9.0,350.80m²
"Vườn Lài, P.An Phú Đông, Q.12, TP.HCM",15700000.0,103.28,152013.94268009294,10.781688926391183,106.71638757209304,1.9102182124266798,4.0,3.0,172.60m²
"Võ Văn Hát, Long Trường, Q.9, TP.HCM",25000000.0,142.61,175303.27466517073,10.810449143505442,106.68698574926029,3.638560452314295,2.0,2.0,53.40m²
"91 Sương Nguyệt Ánh, P.Bến Thành, Q.1, TP.HCM",80000000.0,966.76,82750.63097356117,10.783865350527376,106.70126591423694,0.5134323833660611,18.0,20.0,577.20m²
"17 Đặng Tất, P.Tân Định, Q.1, TP.HCM",59000000.0,472.75,124801.69222633528,10.772033961526413,106.68760882877812,1.5148744320647767,1.0,1.0,112.70m²
"17 Đặng Tất, P.Tân Định, Q.1, TP.HCM",59000000.0,472.75,124801.69222633528,10.764349404449147,106.69108334165013,1.915763800267445,1.0,1.0,112.70m²
"Tú Mỡ, P.7, Q.Gò Vấp, TP.HCM",6980000.0,245.77,28400.53708752085,10.836486108696763,106.67619339925957,6.750733841441047,3.0,3.0,51.70m²
"MPN 50/50 Vườn Lài, P.An Phú Đông, Q.12, TP.HCM",6600000.0,76.38,86410.05498821681,10.777591011994781,106.70278133194373,0.47686680957354427,3.0,3.0,145.10m²
"105 Độc Lập, P.Tân Thành, Q.Tân Phú, TP.HCM",38000000.0,215.66,176203.282945377,10.775462950844874,106.62057636840701,8.593458065601489,3.0,3.0,292.40m²
"114 Vĩnh Viễn, P.9, Q.10, TP.HCM",10900000.0,595.62,18300.258554111682,10.765884954491087,106.71504045994111,2.3304509424452755,3.0,3.0,36.60m²
"10-12 đường số 59, P.10, Q.6, TP.HCM",39000000.0,196.26,198715.9889941914,10.7894770871743,106.71518267732792,2.0665989728162653,1.0,1.0,730m²
"1c Mai Văn Vĩnh, P.Tân Kiểng, Q.7, TP.HCM",26500000.0,234.72,112900.47716428085,10.817512396813715,106.65815452775716,6.115209074846599,9.0,8.0,
"Nguyễn Trãi, P.2, Q.5, TP.HCM",42000000.0,610.46,68800.57661435638,10.759413445171674,106.66502965200614,4.347932479156652,1.0,4.0,301.90m²
"176C Trường Sa, P.1, Q.Bình Thạnh, TP.HCM",50000000.0,416.31,120102.80800365112,10.807223978387729,106.71527104430798,3.5167408814849654,6.0,6.0,690.90m²
"1071 Hoàng Sa, P.11, Q.3, TP.HCM",13500000.0,453.02,29800.008829632246,10.756095277880936,106.7175149553082,3.3097991034540857,6.0,7.0,140.80m²
"71 Trần Quang Diệu, P.13, Q.3, TP.HCM",14000000.0,486.11,28800.065828721894,10.810592461250176,106.67898403028168,4.05186532839147,3.0,3.0,81.40m²
"924/3B/2 An Phú Đông 12, P.An Phú Đông, Q.12, TP.HCM",12000000.0,64.86,185013.87604070306,10.790070053184753,106.70439986869792,1.2804029110109136,1.0,1.0,
"268 Hưng Phú, P.8, Q.8, TP.HCM",11200000.0,274.5,40801.45719489982,10.758331104917078,106.70661700370549,2.51405053940954,2.0,2.0,49.10m²
"Hà Huy Giáp, P.Thạnh Lộc, Q.12, TP.HCM",27000000.0,86.01,313916.9863969306,10.780084958553752,106.71354660076494,1.5882143548742218,5.0,2.0,291.70m²
"Lê Cơ, P.An Lạc, Q.Bình Tân, TP.HCM",16000000.0,142.61,112194.09578570927,10.779879502652072,106.59334889544654,11.557902074305485,4.0,2.0,196.60m²
"29 Tân Hóa, P.14, Q.6, TP.HCM",5500000.0,206.76,26600.889920680984,10.743483736726812,106.7058983012416,4.08509789963753,2.0,2.0,53.20m²
"137 Hoàng Hữu Nam, Tân Phú, Q.9, TP.HCM",9400000.0,149.92,62700.106723585915,10.786042007359471,106.61989146166349,8.682534468988369,1.0,1.0,56.20m²
"đường số 5, P.Bình Thuận, Q.7, TP.HCM",10500000.0,222.83,47121.12372660772,10.79286047784519,106.66283120578086,4.214617101481905,4.0,3.0,172.48m²
"224A Bạch Đằng, P.25, Q.Bình Thạnh, TP.HCM",20000000.0,307.69,65000.48750365628,10.805438859188138,106.70658439254355,2.9555396330411465,7.0,8.0,289.40m²
"224A Bạch Đằng, P.25, Q.Bình Thạnh, TP.HCM",20000000.0,307.69,65000.48750365628,10.809777399013504,106.72135867205624,4.119491921890497,7.0,8.0,289.40m²
"35 Nguyễn Bình, Xã Phú Xuân, H.Nhà Bè, TP.HCM",7000000.0,70.0,100000.0,10.68826965939519,106.73603286028869,10.902052185608186,2.0,1.0,
"20 đường Láng The, Xã Tân Thạnh Tây, H.Củ Chi, TP.HCM",4000000.0,31.37,127510.36021676761,11.017738482344537,106.48774739395421,35.0188433696014,3.0,1.0,
"Trần Khắc Chân, P.Tân Định, Q.1, TP.HCM",15000000.0,424.92,35300.76249646992,10.788644691662586,106.70725162714436,1.3301484455911023,3.0,3.0,127m²
"Trịnh Đình Trọng, P.Phú Trung, Q.Tân Phú, TP.HCM",43000000.0,207.54,207188.97561915775,10.786776819478352,106.63163701046949,7.41078996290683,10.0,7.0,754.40m²
"134 Lý Nam Đế, P.7, Q.11, TP.HCM",17000000.0,333.98,50901.251571950415,10.783092788484034,106.6962536634095,0.475327712566911,3.0,3.0,171.40m²
"215D7 Nguyễn Văn Hưởng, Thảo Điền, Q.2, TP.HCM",110000000.0,371.62,296001.2916419999,10.811497739398432,106.70809733063238,3.6453742644781775,5.0,5.0,135m²
"296Bis Trần Hưng Đạo, P.Nguyễn Cư Trinh, Q.1, TP.HCM",41000000.0,493.97,83000.99196307467,10.778414748429222,106.71197939383241,1.4245557337533674,6.0,6.0,163.17m²
"Nguyễn Kiệm, P.9, Q.Phú Nhuận, TP.HCM",58000000.0,381.07,152203.00732148948,10.791108855122173,106.6680105769947,3.616111156106929,5.0,5.0,1048.80m²
"18 đường B4, P.Tây Thạnh, Q.Tân Phú, TP.HCM",5400000.0,126.46,42701.24940692709,10.795088337477864,106.62649524841198,8.111152460430803,2.0,2.0,85.40m²
"9 Bình quới, P.27, Q.Bình Thạnh, TP.HCM",20000000.0,165.83,120605.43930531266,10.818666043352096,106.7215485748535,4.956032152765249,11.0,11.0,
"114 Hồ Bá Kiện, P.15, Q.10, TP.HCM",11000000.0,269.6,40801.186943620174,10.788169739242333,106.71544621887168,2.0209822237645807,2.0,2.0,81.60m²
"6A đường 212, Phước Long A, Q.9, TP.HCM",3650000.0,145.41,25101.437315177773,10.78054106420102,106.68883133868877,1.1183172390615472,2.0,1.0,45.20m²
"6 Hoa Sứ, P.2, Q.Phú Nhuận, TP.HCM",28000000.0,466.66,60000.85715510221,10.784784828483685,106.66624200503607,3.6281043668740844,6.0,4.0,215.10m²
"71 Dã Tượng, P.8, Q.8, TP.HCM",10500000.0,184.53,56901.31685904731,10.761460480697732,106.7388131257074,4.800277521934761,6.0,4.0,193.50m²
"10 đường số 26, Bình An, Q.2, TP.HCM",10700000.0,0.22,48636363.63636363,10.819020554475731,106.6618539603059,5.946654256813992,2.0,3.0,
"131 Hoa Lan, P.2, Q.Phú Nhuận, TP.HCM",27000000.0,442.62,61000.40666937779,10.814071321845468,106.66804251585602,5.085862378528757,3.0,4.0,221.40m²
"116 Nguyên Hồng, P.11, Q.Bình Thạnh, TP.HCM",29000000.0,246.38,117704.35912005845,10.824469255459416,106.72242095299482,5.5654871071558345,3.0,3.0,215.90m²
"82 đường số 27, P.Tân Phong, Q.7, TP.HCM",24000000.0,250.0,96000.0,10.756994995363124,106.71073762209971,2.8275429962830825,4.0,5.0,196.30m²
"407 Nguyễn Trọng Tuyển, P.2, Q.Tân Bình, TP.HCM",20000000.0,319.48,62601.727807687486,10.811655709379426,106.64656372035078,6.734092803942702,4.0,3.0,176.50m²
"914 Bis Đường Lò Gốm, P.2, Q.6, TP.HCM",7980000.0,190.0,42000.0,10.730872886768188,106.72333981271109,6.028477970430041,5.0,3.0,
"1017 Trương Văn Đa, Xã Bình Lợi, H.Bình Chánh, TP.HCM",2950000.0,15.54,189832.68983268985,10.690601377471767,106.60741871111992,14.061557484710004,2.0,1.0,78.70m²
"42 đường Phan Huy Thực, P.Tân Hưng, Q.7, TP.HCM",18000000.0,256.04,70301.51538822058,10.74633287076052,106.71335354255805,4.018304458737843,6.0,4.0,221.10m²
"107 Nguyễn Hữu Tiến, P.Tây Thạnh, Q.Tân Phú, TP.HCM",22000000.0,120.61,182406.10231324102,10.77583812398482,106.61434475878501,9.271970464121734,2.0,2.0,
"Lê Văn Thịnh, Bình Trưng Tây, Q.2, TP.HCM",22000000.0,155.58,141406.3504306466,10.796095600979182,106.66491360701235,4.1442455455805165,4.0,2.0,125.40m²
"173 đường D5, P.25, Q.Bình Thạnh, TP.HCM",17500000.0,0.39,44871794.87179487,10.799819687431908,106.70818996227341,2.4320957097692197,4.0,4.0,42.60m²
"78 Đình Quới An, P.Thới An, Q.12, TP.HCM",10500000.0,96.41,108909.86412197906,10.78826424633356,106.71489571992134,1.9726330151808904,4.0,5.0,360.80m²
"37 Ba Vì, P.4, Q.Tân Bình, TP.HCM",33000000.0,237.41,139000.0421212249,10.786522834223247,106.64429818706473,6.031838048928761,10.0,10.0,354m²
"Số 4 đường số 5, P.Tân Phú, Q.7, TP.HCM",11800000.0,236.0,50000.0,10.801327974890732,106.62820927246239,8.103313992117004,2.0,2.0,64m²
"đường số 30 , KP1, Cát Lái, Q.2, TP.HCM",23000000.0,89.7,256410.2564102564,10.779220737802813,106.70576937429263,0.7399275992924796,2.0,1.0,117.70m²
"128 Hoàng Văn Thụ, P.9, Q.Phú Nhuận, TP.HCM",60000000.0,357.56,167804.0049222508,10.798706644383401,106.66592634518953,4.1816296641727755,6.0,6.0,476.20m²
"Lô K Nguyễn Thức Tự, P.An Lạc A, Q.Bình Tân, TP.HCM",11500000.0,180.25,63800.277392510405,10.77024198838837,106.60210624841866,10.652721027149608,5.0,5.0,162.60m²
"57 đường số 9, P.4, Q.4, TP.HCM",6450000.0,168.84,38201.84790334044,10.762454924868488,106.66899689328822,3.8029966391197108,4.0,3.0,
"1 đường số 16, P.Tân Phú, Q.7, TP.HCM",14200000.0,165.11,86003.27054690811,10.800571397081296,106.61123966597435,9.872371281813638,1.0,1.0,79m²
"Nguyễn Đình Chiểu, P.1, Q.3, TP.HCM",12900000.0,542.01,23800.2988874744,10.759508080685302,106.73231236332894,4.275839023764431,3.0,4.0,71.20m²
"142 Số 22, P.11, Q.6, TP.HCM",19000000.0,228.98,82976.67918595512,10.801264194664205,106.72610522933908,3.7965723553786765,11.0,12.0,256.40m²
"101-103 Tân Hương, P.Tân Quý, Q.Tân Phú, TP.HCM",35000000.0,197.18,177502.7893295466,10.79692396067927,106.6260440756216,8.20391985146313,5.0,5.0,363.30m²
"133F Hòa Hưng, P.12, Q.10, TP.HCM",6300000.0,512.19,12300.123001230011,10.767687088001244,106.71488976176452,2.1909547781949126,2.0,2.0,30.10m²
"88 Xóm Chiếu, P.15, Q.4, TP.HCM",15000000.0,196.33,76401.9762644527,10.754022809856387,106.65441832439805,5.650288997275224,3.0,3.0,92m²
"97 Trần Thị Nghỉ, P.7, Q.Gò Vấp, TP.HCM",57000000.0,296.1,192502.53292806481,10.815944569494492,106.68211508973081,4.406689361718251,8.0,10.0,640m²
"7 Trần Thị Nghỉ, P.7, Q.Gò Vấp, TP.HCM",37000000.0,300.81,123001.23001230012,10.818098799109606,106.66391651582241,5.718830702191766,7.0,9.0,463.50m²
"50 đường số 3, P.5, Q.8, TP.HCM",11680000.0,182.5,64000.0,10.809714911298892,106.65805522464548,5.5712373485243845,4.0,5.0,196.60m²
"1050 Quang Trung, P.8, Q.Gò Vấp, TP.HCM",58000000.0,275.9,210221.0945994926,10.829373312908984,106.68858490966682,5.602757128417541,1.0,1.0,245.02m²
"4A đường số 2A, P.Bình Hưng Hoà A, Q.Bình Tân, TP.HCM",4980000.0,104.62,47600.841139361495,10.751126706406758,106.61851760646306,9.358875285866203,2.0,2.0,82m²
"38 Mai Văn Vĩnh, P.Tân Quy, Q.7, TP.HCM",15000000.0,334.07,44900.769299847336,10.813890121483242,106.74520059734635,6.3031093522058494,3.0,3.0,
"51 đường số 36, P.10, Q.6, TP.HCM",13400000.0,181.08,74000.44179368234,10.730036852769855,106.6595037486283,6.99781021415392,5.0,6.0,244.90m²
"622 + 624 Trường Sa, P.15, Q.Phú Nhuận, TP.HCM",13500000.0,208.97,64602.574532229504,10.791659756278047,106.66744762400391,3.695145976542937,6.0,7.0,108.10m²
"163 Gò Ô Môi, P.Phú Thuận, Q.7, TP.HCM",16990000.0,171.05,99327.68196433791,10.73938229652374,106.74238843056078,6.516467527242991,5.0,5.0,316.42m²
"138A Nguyễn Văn Trỗi, P.8, Q.Phú Nhuận, TP.HCM",435000000.0,923.17,471202.4870825525,10.808328006832285,106.68573214729112,3.475981747524619,8.0,8.0,2780.80m²
"đường số 8, P.5, Q.Gò Vấp, TP.HCM",74000000.0,282.65,261807.88961613303,10.828542775339093,106.66360995383002,6.639997650192137,4.0,6.0,616.80m²
"94 Nguyên Hồng, P.1, Q.Gò Vấp, TP.HCM",10800000.0,325.3,33200.122963418384,10.822025269794793,106.67978610211638,5.12433261517509,3.0,3.0,95.50m²
"625 Lê Hồng Phong, P.10, Q.10, TP.HCM",28000000.0,360.82,77601.01989911868,10.778945074389776,106.71335754584331,1.5699456130934069,6.0,5.0,341.40m²
"đường D16, P.Tây Thạnh, Q.Tân Phú, TP.HCM",14200000.0,151.38,93803.67287620557,10.791701334226522,106.6387746389221,6.7201872110205185,4.0,4.0,305.80m²
"490 Ngô Gia Tự, P.4, Q.10, TP.HCM",72000000.0,905.66,79500.03312501381,10.787680317265426,106.70660050804864,1.2035686883098076,7.0,7.0,574.20m²
"Trường Chinh, P.15, Q.Tân Bình, TP.HCM",21000000.0,160.91,130507.73724442234,10.812619913062088,106.64508211746946,6.927975490255356,3.0,2.0,128m²
"476 Trường Chinh, P.Tân Hưng Thuận, Q.12, TP.HCM",14700000.0,184.44,79700.7156798959,10.76912442240138,106.70849612800525,1.5693400022785846,4.0,4.0,227.70m²
"Trường Chinh, P.12, Q.Tân Bình, TP.HCM",16500000.0,239.82,68801.60120090068,10.811540316866054,106.65994173792141,5.532622026075216,4.0,4.0,181.80m²
"301 Kênh Tân Hóa, P.Hòa Thạnh, Q.Tân Phú, TP.HCM",36000000.0,146.53,245683.4777861189,10.779424474725197,106.61075198958477,9.65464783817356,1.0,1.0,319.78m²
"Đường 41, Bình Trưng Đông, Q.2, TP.HCM",6700000.0,108.06,62002.59115306311,10.74931864595615,106.70826696657043,3.518215250510728,3.0,2.0,
"Tam Đảo, P.15, Q.10, TP.HCM",40000000.0,701.75,57000.35625222658,10.780345261187716,106.70737513009031,0.9150081045189852,2.0,3.0,104.70m²
"386 Quang Trung, P.10, Q.Gò Vấp, TP.HCM",4800000.0,259.45,18500.67450375795,10.830627741409513,106.67100000543354,6.4049150252817855,3.0,3.0,87.40m²
"44B Phan Xích Long, P.4, Q.Phú Nhuận, TP.HCM",65000000.0,186.08,349312.12381771277,10.78739708653667,106.67466452365768,2.7944186793163284,3.0,3.0,997.80m²
"đường số 23, P.10, Q.6, TP.HCM",16800000.0,233.33,72001.02858612266,10.788898306731951,106.6905575123375,1.3690719120898067,4.0,3.0,188.80m²
"314 Bình Long, P.Phú Thọ Hòa, Q.Tân Phú, TP.HCM",16500000.0,153.34,107604.01721664275,10.787729879781425,106.61625784480289,9.09483524372522,3.0,3.0,305.70m²
"đường số 19, P.10, Q.6, TP.HCM",11500000.0,174.24,66000.91827364554,10.77745623306331,106.71417882900452,1.6769228357353128,3.0,2.0,189.60m²
"78 Út Tịch, P.4, Q.Tân Bình, TP.HCM",150000000.0,555.76,269900.6765510292,10.795465041361377,106.65560149656382,5.056130389860832,22.0,8.0,1416.10m²
"39 Phú Định, P.16, Q.8, TP.HCM",10500000.0,186.5,56300.268096514745,10.799813747411472,106.6729871166961,3.6081802028943315,3.0,2.0,102.60m²
"16 Lê Lai, P.1, Q.Gò Vấp, TP.HCM",7700000.0,127.9,60203.28381548084,10.823152664797458,106.68274244860959,5.116982601124065,1.0,1.0,60.20m²
"92 đường số 1, P.15, Q.Gò Vấp, TP.HCM",3990000.0,106.97,37300.17761989343,10.8265246483388,106.66540544858366,6.344216544928584,2.0,3.0,
"Phan Văn Trị, P.11, Q.Bình Thạnh, TP.HCM",18000000.0,224.43,80203.18139286191,10.797801425735505,106.69794932650203,1.9963429585325787,3.0,2.0,
"đường số 2, khu dân cư Him Lam, P.Tân Hưng, Q.7, TP.HCM",32200000.000000004,322.0,100000.00000000001,10.780308039987458,106.71472118820401,1.7173040109958793,5.0,6.0,100m²
"27-29 Nam Kỳ Khởi Nghĩa, P.Nguyễn Thái Bình, Q.1, TP.HCM",270000000.0,1.3,207692307.69230768,10.7719004745702,106.69435717324568,1.010730702846076,8.0,8.0,502.60m²
"27-29 Nam Kỳ Khởi Nghĩa, P.Nguyễn Thái Bình, Q.1, TP.HCM",270000000.0,1.3,207692307.69230768,10.76981737059248,106.6964529478723,1.1379517332901845,8.0,8.0,502.60m²
"35-37 Yết Kiêu, P.9, Q.5, TP.HCM",25500000.0,391.1,65200.71592942981,10.761567455407477,106.66801582125325,3.9452740225345115,6.0,6.0,
"432 - 434 Nguyễn Oanh, P.17, Q.Gò Vấp, TP.HCM",38500000.0,216.29,178001.75690045772,10.822362230885801,106.66531758349217,5.980907228104301,2.0,2.0,82m²
"69A Nguyễn Sĩ Sách, P.15, Q.Tân Bình, TP.HCM",14000000.0,138.31,101221.89284939629,10.81179013721662,106.64859378989172,6.553983564832502,2.0,1.0,15.96m²
"Phạm Thế Hiển, P.6, Q.8, TP.HCM",14900000.0,130.35,114307.63329497506,10.748391884743967,106.74475576563825,6.088698097751568,5.0,2.0,276.60m²
"117C Thạnh Lộc 37, P.Thạnh Lộc, Q.12, TP.HCM",6900000.0,120.62,57204.44370751119,10.780187020721137,106.68930350554072,1.0644758519195754,3.0,3.0,128.90m²
"45 Điện Biên Phủ, P.2, Q.Bình Thạnh, TP.HCM",45000000.0,157.78,285207.2506021042,10.811844123458409,106.70179992152812,3.5590971059772927,2.0,2.0,375.30m²
"242 Âu Dương Lân, P.Rạch Ông, Q.8, TP.HCM",34800000.0,234.65,148305.98764116768,10.786323854560829,106.74235215555743,4.793105968059907,15.0,15.0,326.10m²
"39 Hoàng Quốc Việt, P.Phú Mỹ, Q.7, TP.HCM",12000000.0,157.89,76002.28006840206,10.747925281425172,106.67548482457192,4.364620816950419,1.0,1.0,
"Quốc lộ 50, Xã Phong Phú, H.Bình Chánh, TP.HCM",28000000.0,112.72,248403.12278211498,10.68722210416956,106.60529238374534,14.48994265078075,8.0,9.0,696.90m²
"Phan Bội Châu, P.2, Q.Bình Thạnh, TP.HCM",25000000.0,346.74,72100.1326642441,10.821889285399328,106.70965702848578,4.800160118414884,5.0,5.0,338.30m²
"Lê Bình, P.4, Q.Tân Bình, TP.HCM",3850000.0,202.63,19000.14805310171,10.800556050341305,106.65607259403494,5.229520726955183,3.0,3.0,
"MPN 51C Lê Quang Hoà, P.Thới An, Q.12, TP.HCM",6900000.0,96.91,71200.08255082036,10.780568330151517,106.71216452126093,1.439321983348579,4.0,5.0,172m²
"11 đường DC3, P.Sơn Kỳ, Q.Tân Phú, TP.HCM",9300000.0,166.07,56000.481724573976,10.779136959206712,106.6113412507073,9.59039164465117,3.0,3.0,170.40m²
"10 Thạnh Lộc 38, P.Thạnh Lộc, Q.12, TP.HCM",6500000.0,123.33,52704.12713857131,10.776190218732886,106.70301558453194,0.5901753613842405,9.0,9.0,251.10m²
"MPN 16D Hiệp Thành 23, P.Tân Thới Hiệp, Q.12, TP.HCM",6500000.0,67.92,95700.82449941107,10.763081513967444,106.6969382941608,1.8617063160972942,2.0,1.0,35.30m²
"82A đường số 4, P.An Lạc, Q.Bình Tân, TP.HCM",11000000.0,135.8,81001.47275405006,10.769150771124709,106.5889096183488,12.100931555031456,13.0,13.0,267.30m²
"đường số 6, P.Bình Hưng Hòa, Q.Bình Tân, TP.HCM",8000000.0,91.01,87902.4283045819,10.751807391634175,106.5920666695146,12.101076410936582,1.0,4.0,326m²
"24 20, P.Bình Thọ, TP.Thủ Đức, TP.HCM",92000000.0,258.42,356009.59678043495,10.860572239050894,106.75329028681092,10.726803005968042,6.0,8.0,699m²
"135 đường số 1, P.9, Q.Gò Vấp, TP.HCM",16000000.0,132.0,121212.12121212122,10.828079009292281,106.68813087022346,5.47327007435364,6.0,6.0,206.50m²
"Trường Chinh, P.14, Q.Tân Bình, TP.HCM",16500000.0,238.78,69101.26476254292,10.79620478893834,106.65571989939465,5.0726821219959675,3.0,3.0,162.10m²
"9 Thích Quảng Đức, P.4, Q.Phú Nhuận, TP.HCM",23000000.0,342.77,67100.38801528722,10.786021479903757,106.66817204109867,3.4444023278914693,5.0,4.0,159m²
"554 Đoàn Văn Bơ, P.13, Q.4, TP.HCM",8500000.0,143.09,59403.172828289884,10.786746286395935,106.66845227546477,3.431473125139639,4.0,4.0,
"MPN 22 Thạnh Lộc 57, P.Thạnh Lộc, Q.12, TP.HCM",5400000.0,83.98,64301.02405334603,10.777687930363301,106.7078160109215,0.988724826312215,4.0,5.0,191.40m²
"791 Quang Trung, P.12, Q.Gò Vấp, TP.HCM",6350000.0,156.01,40702.51906929043,10.814642300273574,106.66699021928959,5.209816941147243,2.0,2.0,67m²
"40 Lê Văn Lương, P.Tân Hưng, Q.7, TP.HCM",16800000.0,141.17,119005.45441666078,10.771541800936426,106.68544859225744,1.7427344235490652,14.0,14.0,280.42m²
"142 Tô Hiến Thành, P.15, Q.10, TP.HCM",36000000.0,503.49,71500.9235535959,10.774443931979377,106.71102916546029,1.4393860399436882,3.0,2.0,205.90m²
"602 Hồ Học Lãm, P.Bình Trị Đông B, Q.Bình Tân, TP.HCM",29000000.0,83.09,349019.1358767601,10.76867075870518,106.60203649839647,10.678949352987111,6.0,6.0,
"2485 Phạm Thế Hiển, P.7, Q.8, TP.HCM",10400000.0,95.5,108900.52356020942,10.781127419171794,106.6864635754985,1.3821409340523059,2.0,2.0,124m²
"Kinh Dương Vương, P.An Lạc A, Q.Bình Tân, TP.HCM",25000000.0,469.25,53276.505061267984,10.754751321128545,106.60648131237083,10.493978913000033,4.0,3.0,295.30m²
"40 Thạnh Xuân 22, P.Thạnh Xuân, Q.12, TP.HCM",7550000.0,107.7,70102.13556174558,10.778128134562879,106.69441628289759,0.5366400161190461,4.0,4.0,188.80m²
"42 Lê Thị Riêng, P.Thới An, Q.12, TP.HCM",12500000.0,161.7,77303.64873222017,10.764955221903806,106.70258109161706,1.685769224593544,4.0,4.0,217.10m²
"135 Xuân Hồng, P.12, Q.Tân Bình, TP.HCM",21200000.0,281.16,75401.90638782187,10.808562139585074,106.63889319503583,7.3063483308916135,10.0,11.0,441.70m²
"135 Xuân Hồng, P.12, Q.Tân Bình, TP.HCM",21200000.0,281.16,75401.90638782187,10.789955384081198,106.63880974905837,6.681223993202037,10.0,11.0,441.70m²
"378 Hòa Hảo, P.6, Q.10, TP.HCM",15700000.0,477.2,32900.25146689019,10.781897883058353,106.71166664138485,1.4018754366813106,4.0,3.0,94.30m²
"đường số 4, An Lạc, Q.Bình Tân, TP.HCM",17000000.0,68.85,246913.5802469136,10.760739382031744,106.59100827529012,12.000619815308216,3.0,1.0,
"60H08 Giang Văn Minh, P.An Phú, TP.Thủ Đức, TP.HCM",110000000.0,382.2,287807.4306645735,10.855165522448827,106.7639710725745,10.952598029960642,4.0,5.0,343.50m²
"14 Trần Văn Kỷ, P.14, Q.Bình Thạnh, TP.HCM",19900000.0,271.85,73202.13352951995,10.816823444804523,106.7190459710609,4.645157870248355,5.0,5.0,329.10m²
"76 Trần Khắc Chân, P.Tân Định, Q.1, TP.HCM",41000000.0,621.21,66000.2253666232,10.779054272538994,106.7103138791355,1.236957767396167,3.0,5.0,220.90m²
"73 đường số 43, P.Tân Quy, Q.7, TP.HCM",49500000.0,284.15,174203.76561675174,10.820767995985834,106.74821576436021,7.03464543777632,22.0,22.0,1042.30m²
"34 Hồ Biểu Chánh, P.11, Q.Phú Nhuận, TP.HCM",69000000.0,278.56,247702.46984491672,10.80884011149842,106.67828577753616,3.9337984769106242,5.0,5.0,667.30m²
"426 Nguyễn Oanh, P.6, Q.Gò Vấp, TP.HCM",11600000.0,137.11,84603.60294653926,10.814127263698337,106.66850856453244,5.0566929684342865,4.0,3.0,102.80m²
"48 Phạm Đình Hổ, P.2, Q.6, TP.HCM",4700000.0,474.74,9900.155874794624,10.761274311548636,106.72035171228916,3.1034678619770837,3.0,3.0,39.20m²
"140 Nguyễn Oanh, P.17, Q.Gò Vấp, TP.HCM",19800000.0,330.0,60000.0,10.834879005337454,106.67052979740507,6.844781318810073,4.0,3.0,185.60m²
"235A Lý Thường Kiệt, P.15, Q.11, TP.HCM",28000000.0,285.13,98200.8206782871,10.765484025046158,106.69305493874491,1.7114608314544546,3.0,2.0,188.80m²
"200 Kha Vạn Cân, P.Hiệp Bình Chánh, TP.Thủ Đức, TP.HCM",14000000.0,160.73,87102.59441299073,10.857529151195228,106.76378239410417,11.139780824446976,3.0,3.0,141.30m²
"A79 Nguyễn Thần Hiến, P.18, Q.4, TP.HCM",25700000.0,179.46,143207.3999777109,10.76566000866259,106.69743031117054,1.5721498748874574,6.0,6.0,263.30m²
"đường số 6, P.An Lạc, Q.Bình Tân, TP.HCM",7600000.0,76.27,99645.99449324768,10.772868551504084,106.60431184817189,10.38723493626647,3.0,3.0,168.80m²
"212 Nguyễn Trường Tộ, P.Tân Thành, Q.Tân Phú, TP.HCM",22000000.0,159.72,137741.04683195593,10.79449076999453,106.61983971874622,8.811883051434567,2.0,2.0,
"Nguyễn Ảnh Thủ, P.Hiệp Thành, Q.12, TP.HCM",13490000.0,191.61,70403.4236208966,10.768408738062426,106.71645318057685,2.283750656953036,5.0,3.0,184.40m²
"99 Nguyễn Du, P.7, Q.Gò Vấp, TP.HCM",19800000.0,243.84,81200.7874015748,10.834608590459819,106.66602996032758,7.056680627140449,4.0,5.0,242.80m²
"276 đường Số 5, P.Bình Hưng Hòa, Q.Bình Tân, TP.HCM",12000000.0,131.57,91206.20202173748,10.772491405592064,106.59360208270071,11.558537283151056,3.0,2.0,132.20m²
"60 Thới An 04, P.Thới An, Q.12, TP.HCM",7200000.0,145.74,49403.04652120214,10.783228433851502,106.70150757843435,0.4675656004361935,4.0,3.0,127.80m²
"138A Trần Huy Liệu, P.15, Q.Phú Nhuận, TP.HCM",10000000.0,185.18,54001.512042337185,10.797965706551263,106.68926188589617,2.277057957197974,1.0,2.0,90m²
"1129 Nguyễn Ảnh Thủ, P.Trung Mỹ Tây, Q.12, TP.HCM",14900000.0,190.29,78301.53975511063,10.764603380186593,106.71516021414998,2.4357900262798187,1.0,1.0,
"29 Thích Bửu Đăng, P.1, Q.Gò Vấp, TP.HCM",4050000.0,275.51,14700.010888896955,10.826125942538717,106.66550185645859,6.3021905136202925,2.0,3.0,25m²
"43-45 Nguyễn Phạm Tuân, P.9, Q.6, TP.HCM",12000000.0,132.45,90600.22650056626,10.742459010936427,106.72362768461274,4.928053875398277,4.0,1.0,147.20m²
"23 Thạnh Xuân 46, P.Thạnh Xuân, Q.12, TP.HCM",5860000.0,96.38,60800.996057273296,10.765960669334026,106.69059408109936,1.7858234526196501,3.0,3.0,155.20m²
"82 Nguyễn Thái Học, Dĩ An, Dĩ An, TP.HCM",8000000.0,91.95,87003.80641653072,10.805791876985904,106.66672176910012,4.556128753251323,2.0,1.0,87m²
"1045 Nguyễn Kiệm, P.3, Q.Gò Vấp, TP.HCM",7100000.0,102.89,69005.73427932744,10.817289665119683,106.67488786985766,4.91728749816902,2.0,2.0,124.30m²
"322 Trần Hưng Đạo, P.Nguyễn Cư Trinh, Q.1, TP.HCM",28500000.0,420.35,67800.64232187462,10.7773340936037,106.70102101013194,0.3478625864964904,3.0,3.0,213.60m²
"146 Trần Văn Đang, P.9, Q.3, TP.HCM",3350000.0,220.39,15200.326693588639,10.802124716249393,106.658177482438,5.105423827657466,2.0,3.0,47.10m²
"742 Quốc Lộ 1A, P.Bình Hưng Hòa, Q.Bình Tân, TP.HCM",24700000.0,96.86,255007.22692545943,10.763753112796191,106.61076769892811,9.814632070274767,1.0,1.0,
"854 Quang Trung, P.8, Q.Gò Vấp, TP.HCM",16500000.0,214.0,77102.80373831776,10.832858454211765,106.66410052293452,7.003835953915592,5.0,3.0,109.60m²
"39 Nguyễn Văn Linh, P.Tân Thuận Tây, Q.7, TP.HCM",19650000.0,235.04,83602.79101429544,10.824633606728815,106.66547136050592,6.1706636150048535,3.0,1.0,167.20m²
"297 Phạm Thế Hiển, P.Rạch Ông, Q.8, TP.HCM",16800000.0,213.74,78600.16842893235,10.822386561913696,106.73798673596568,6.352787486125717,7.0,8.0,163.40m²
"Đào Duy Từ, P.8, Q.10, TP.HCM",35000000.0,305.94,114401.51663724914,10.779579987038229,106.70985883124561,1.1847624573330375,1.0,1.0,418.89m²
"đường số 6, P.4, Q.4, TP.HCM",12600000.0,281.25,44800.0,10.76446348596124,106.68301761475614,2.4368921107907244,3.0,4.0,156.90m²
"Phạm Ngọc, P.Tân Quý, Q.Tân Phú, TP.HCM",11900000.0,106.53,111705.62282924997,10.80422512811224,106.63244629792295,7.7672487938122945,2.0,2.0,
"95A Lũy Bán Bích, P.Tân Thới Hòa, Q.Tân Phú, TP.HCM",5950000.0,196.36,30301.487064575267,10.781919877586517,106.6159648595804,9.087475935582905,2.0,2.0,68.50m²
"191 Thạnh Lộc 15, P.Thạnh Lộc, Q.12, TP.HCM",7150000.0,114.95,62200.95693779904,10.7682995249807,106.71679299334988,2.3214450743169026,5.0,5.0,212.80m²
"12 đường số 40A, P.Tân Tạo, Q.Bình Tân, TP.HCM",11900000.0,148.75,80000.0,10.752402364903356,106.59021741163781,12.28030930016724,4.0,3.0,192m²
"Quốc lộ 1A, P.Tân Chánh Hiệp, Q.12, TP.HCM",11500000.0,59.8,192307.6923076923,10.782711331361451,106.70870517745671,1.1067596239264392,3.0,3.0,
"100I Gò Dầu, P.Tân Quý, Q.Tân Phú, TP.HCM",16500000.0,257.16,64162.38917405505,10.780687790421988,106.61874690038388,8.78072810053787,3.0,3.0,
"165 Trần Văn Kiểu, P.10, Q.6, TP.HCM",13900000.0,198.57,70000.50360074533,10.808074788292368,106.69721041598021,3.135531870703745,4.0,4.0,177.50m²
"824 Lê Trọng Tấn, P.Bình Hưng Hòa, Q.Bình Tân, TP.HCM",12000000.0,186.04,64502.25757901527,10.774620106062967,106.6063482110088,10.152365338241072,3.0,2.0,129m²
"42B đường số 11, Cát Lái, Q.2, TP.HCM",7400000.0,119.54,61903.965199933074,10.798608313056375,106.65990543558569,4.7583344917717545,3.0,2.0,101.50m²
"72 Bạch Đằng, P.2, Q.Tân Bình, TP.HCM",34000000.0,473.33,71831.49177106882,10.809433917139243,106.65434184337096,5.885423376696924,13.0,13.0,
"20 đường số 2, P.11, Q.Gò Vấp, TP.HCM",3250000.0,377.9,8600.158772161949,10.83544943573781,106.68209215886364,6.4297443722154615,2.0,2.0,8.60m²
"162 đường số 8, P.11, Q.Gò Vấp, TP.HCM",6800000.0,290.59,23400.66760728174,10.835847072596994,106.6730663804952,6.820230755687644,2.0,2.0,51m²
"105 Nguyễn Văn Khối, P.9, Q.Gò Vấp, TP.HCM",9000000.0,128.57,70000.77778641986,10.826577986038835,106.68269879094684,5.4753198244147905,6.0,6.0,70m²
"300 Nguyễn Văn Đậu, P.11, Q.Bình Thạnh, TP.HCM",24000000.0,155.74,154102.9921664312,10.811006887652086,106.69788646563747,3.455809830235818,3.0,3.0,106m²
"52 đường B, P.Phú Thạnh, Q.Tân Phú, TP.HCM",10800000.0,92.33,116971.73183147407,10.8026671952917,106.62557816128817,8.422077560294957,1.0,1.0,142.40m²
"16 đường 302B Bông Sao, P.5, Q.8, TP.HCM",10400000.0,216.66,48001.47696852211,10.808203663990268,106.69534286657064,3.169209692369889,4.0,3.0,154m²
"đường số 51, P.14, Q.Gò Vấp, TP.HCM",6800000.0,130.51,52103.287104436444,10.820454244983408,106.68864787851446,4.6395744045391325,1.0,1.0,
"69 đường số 4, P.16, Q.Gò Vấp, TP.HCM",8390000.0,246.04,34100.146317671926,10.839965813726186,106.68532308114408,6.823429326594994,4.0,5.0,
"62 Phạm Phú Thứ, P.11, Q.Tân Bình, TP.HCM",6700000.0,211.75,31641.08618654073,10.808590304102877,106.6670346957899,4.7322604052207025,2.0,2.0,
"276 đường số 5, KP10, P.Bình Hưng Hòa, Q.Bình Tân, TP.HCM",12000000.0,129.03,93001.62752848175,10.77710233200368,106.60467912031513,10.323048014884524,3.0,2.0,132.20m²
"169 Bờ Bao Tân Thắng, P.Sơn Kỳ, Q.Tân Phú, TP.HCM",15000000.0,234.37,64001.36536246107,10.790738976339593,106.62388297042928,8.307142679951346,2.0,2.0,132m²
"71 Nguyễn Hữu Dật, P.Tây Thạnh, Q.Tân Phú, TP.HCM",8700000.0,145.0,60000.0,10.781896490149888,106.63502406813856,7.003845016866338,2.0,2.0,121m²
"Nguyễn Ảnh Thủ, P.Hiệp Thành, Q.12, TP.HCM",10200000.0,158.87,64203.436772203684,10.778810101252773,106.71294673019014,1.5260791784882342,2.0,1.0,64.20m²
"Một phần nhà số 267 Lê Trọng Tấn, P.Sơn Kỳ, Q.Tân Phú, TP.HCM",29000000.0,166.09,174604.13029080618,10.78202144425275,106.62696615083235,7.885103766204993,4.0,2.0,304.30m²
"500 Nguyễn Oanh, P.6, Q.Gò Vấp, TP.HCM",11490000.0,111.4,103141.83123877917,10.815262610103295,106.6869854023189,4.139391476337239,1.0,1.0,51.96m²
"136 Âu Dương Lân, P.Rạch Ông, Q.8, TP.HCM",7480000.0,158.13,47302.852083728576,10.824963445858364,106.72938707865057,5.999680888001719,4.0,5.0,145.60m²
"12F đường số 1, P.Tân Tạo A, Q.Bình Tân, TP.HCM",7100000.0,34.02,208700.7642563198,10.759662110181866,106.60871012331687,10.125873140323232,5.0,5.0,205.24m²
"85 Đường 270 Cao Lỗ, P.4, Q.8, TP.HCM",28000000.0,175.0,160000.0,10.829302367925834,106.70857589318608,5.575915812778054,4.0,5.0,234.10m²
"19 Trần Thị Nghỉ, P.7, Q.Gò Vấp, TP.HCM",36500000.0,301.65,121001.16028509864,10.837430348997357,106.67334487431599,6.967512573806578,7.0,9.0,456.50m²
"đường số 8B, P.Bình Hưng Hoà A, Q.Bình Tân, TP.HCM",4800000.0,100.0,48000.0,10.77387464381484,106.61344368110275,9.383069542351224,1.0,1.0,70.50m²
"38 đường số 6D, P.An Lạc A, Q.Bình Tân, TP.HCM",12300000.0,136.66,90004.39045807112,10.770927624771113,106.602510743588,10.60141065654437,3.0,3.0,219.60m²
"24 Hồ Văn Long, P.Bình Hưng Hoà B, Q.Bình Tân, TP.HCM",8000000.0,83.33,96003.84015360614,10.775690601772707,106.60537802591666,10.252376018551235,2.0,1.0,
"66 Nguyễn Giản Thanh, P.15, Q.10, TP.HCM",15600000.0,259.39,60141.100273719116,10.762078781622511,106.69757495723019,1.9649761450412842,4.0,6.0,240m²
"61 Gò Dầu, P.Tân Quý, Q.Tân Phú, TP.HCM",16700000.0,210.32,79402.8147584633,10.795036528990591,106.61867624946649,8.9481471657391,5.0,3.0,245.40m²
"120 đường số 37, P.Tân Quy, Q.7, TP.HCM",13900000.0,195.22,71201.7211351296,10.761815504768862,106.7398178781276,4.883995300234806,3.0,3.0,145m²
"6/11B Huỳnh Thị Na, Xã Đông Thạnh, H.Hóc Môn, TP.HCM",5000000.0,55.37,90301.60736861116,10.879915207374125,106.59718748651669,15.706303553398884,2.0,1.0,53.50m²
"Sư Vạn Hạnh, P.10, Q.10, TP.HCM",13000000.0,392.74,33100.779141416715,10.784218027495115,106.7091284330684,1.2085969138029689,8.0,5.0,150.10m²
"388 Lê Văn Thọ, P.16, Q.Gò Vấp, TP.HCM",16500000.0,202.37,81533.82418342639,10.841007386027801,106.66326317972604,7.820298607862452,4.0,5.0,160.22m²
"456 Phạm Văn Chí, P.8, Q.6, TP.HCM",4560000.0,230.3,19800.260529743813,10.756156222345084,106.7305173393162,4.323505083278758,1.0,2.0,39.60m²
"199-201 đường số 3, P.Bình Trị Đông B, Q.Bình Tân, TP.HCM",29500000.0,122.91,240013.01765519485,10.763850936824909,106.59828592276266,11.158315285150563,8.0,5.0,307.90m²
"105A Nguyễn Hữu Tiến, P.Tây Thạnh, Q.Tân Phú, TP.HCM",27000000.0,147.05,183611.01666099965,10.795661800339992,106.61273615160034,9.599321612355748,6.0,7.0,
"62 đường số 21, P.Phước Long A, TP.Thủ Đức, TP.HCM",11000000.0,166.09,66229.15286892648,10.84807340895112,106.75983555989123,10.063537467638747,2.0,2.0,
"73 đường số 24, P.Bình Trị Đông B, Q.Bình Tân, TP.HCM",14500000.0,161.11,90000.62069393581,10.771789882798178,106.59877358473705,11.000363582079196,4.0,5.0,
"59 Hoàng Văn Thụ, P.15, Q.Phú Nhuận, TP.HCM",13000000.0,268.59,48400.908447820104,10.808424332720149,106.68299728785887,3.620648900636392,3.0,3.0,131.50m²
"7 Nguyễn Lộ Trạch, P.Tân Quý, Q.Tân Phú, TP.HCM",7850000.0,107.09,73302.82939583527,10.798153568898359,106.63279248316043,7.523372592844406,1.0,1.0,71.20m²
"đường số 7A, P.Bình Trị Đông B, Q.Bình Tân, TP.HCM",15500000.0,163.15,95004.59699662887,10.751846528208892,106.61787466762728,9.398578538471995,3.0,4.0,217.50m²
"Cô Giang, P.1, Q.Phú Nhuận, TP.HCM",9950000.0,254.47,39100.876331198175,10.808490238733441,106.68594715050328,3.482564574938446,8.0,5.0,183.30m²
"đường Số 14, P.An Lạc A, Q.Bình Tân, TP.HCM",8500000.0,163.46,52000.489416370976,10.767521724071672,106.60941863190291,9.894012947310937,4.0,3.0,172m²
"đường số 14A, P.Bình Hưng Hoà A, Q.Bình Tân, TP.HCM",4750000.0,74.1,64102.56410256411,10.764943543304211,106.615449142001,9.287310291402559,2.0,2.0,51.80m²
"234-236 Hoàng Văn Thụ, P.4, Q.Tân Bình, TP.HCM",22000000.0,233.62,94170.01969009502,10.796713868553985,106.64988010636004,5.691891930550579,5.0,4.0,
"45 Cô Giang, P.1, Q.Phú Nhuận, TP.HCM",14500000.0,317.98,45600.35222341028,10.812911035270579,106.66502491727685,5.220583915034622,4.0,5.0,161m²
"đường số 21, P.Bình Hưng Hoà A, Q.Bình Tân, TP.HCM",5600000.0,216.21,25900.744646408584,10.764521859853676,106.60683132599632,10.223968074319561,4.0,2.0,111.70m²
"675P2 Đoàn Văn Bơ, P.18, Q.4, TP.HCM",5250000.0,169.9,30900.529723366686,10.785104532761972,106.7365836924197,4.149283384561569,4.0,3.0,92.70m²
"58D Gò Dưa, P.Tam Bình, TP.Thủ Đức, TP.HCM",13000000.0,115.65,112408.1279723303,10.84375496985482,106.7454852956416,8.710871074365226,2.0,1.0,112.40m²
"202 Lê Văn Sỹ, P.10, Q.Phú Nhuận, TP.HCM",28800000.0,296.6,97100.4720161834,10.803661761190893,106.69030115339474,2.8082394967885675,4.0,4.0,219.49m²
"193 - 195 Lê Tấn Bê, P.An Lạc, Q.Bình Tân, TP.HCM",29000000.0,93.33,310725.38304939464,10.76921277192295,106.61538765774348,9.222171805764626,10.0,6.0,
"Một phần nhà 63 Bình Phú, P.Tam Phú, TP.Thủ Đức, TP.HCM",6900000.0,111.47,61900.062797165156,10.84899143330351,106.74776756175672,9.327894074400392,1.0,1.0,
"Đường Bà Huyện Thanh Quan, P.Võ Thị Sáu, Q.3, TP.HCM",205000000.0,921.96,222352.3797127858,10.81501038698347,106.6905948225797,4.004055997174873,2.0,2.0,457.70m²
"33 đường DC7, P.Sơn Kỳ, Q.Tân Phú, TP.HCM",9250000.0,165.17,56002.90609674881,10.803075587324548,106.62757621448684,8.227954000947014,4.0,3.0,166.20m²
"71 Nguyễn Cửu Đàm, P.Tân Sơn Nhì, Q.Tân Phú, TP.HCM",32000000.0,352.03,90901.34363548562,10.789049650892114,106.6378154683043,6.772564469708114,3.0,2.0,
"171 Đỗ Pháp Thuận, P.An Khánh, TP.Thủ Đức, TP.HCM",90000000.0,281.25,320000.0,10.849461940206945,106.76578298722701,10.615606338098518,5.0,5.0,716m²
"32 đường số 4, P.7, Q.Gò Vấp, TP.HCM",16500000.0,171.87,96002.79280851806,10.814648009054972,106.68350497721192,4.2134373868971915,3.0,2.0,203.20m²
"86 đường số 8, P.Bình Hưng Hoà A, Q.Bình Tân, TP.HCM",10800000.0,155.39,69502.54199111913,10.768252983961139,106.59484698795951,11.465451886682876,6.0,8.0,255.80m²
"216 Thạnh Lộc 31, P.An Phú Đông, Q.12, TP.HCM",7500000.0,143.95,52101.424105592225,10.76438354407793,106.6881604760713,2.0772585382727806,4.0,5.0,186.20m²
"32 đường số  3B, P.Bình Hưng Hoà A, Q.Bình Tân, TP.HCM",5350000.0,112.86,47403.863193336874,10.77123866757667,106.59340451512061,11.590594517838776,3.0,2.0,
"179 đường số 3, P.Bình Hưng Hòa, Q.Bình Tân, TP.HCM",10800000.0,191.82,56302.78385986863,10.759737734950914,106.61063119773802,9.91913439689288,3.0,3.0,161.70m²
"76 Nguyễn Văn Vỹ, P.12, Q.Tân Bình, TP.HCM",5450000.0,150.13,36301.871711183645,10.792467308608378,106.66148603758488,4.338838104704362,3.0,3.0,55.30m²
"Duy Tân, P.15, Q.Phú Nhuận, TP.HCM",3680000.0,219.04,16800.584368151936,10.803607273946508,106.69331852919659,2.7080283737338036,2.0,1.0,33.60m²
"626 Lê Trọng Tấn, P.Bình Hưng Hòa, Q.Bình Tân, TP.HCM",16000000.0,149.95,106702.23407802601,10.77614308646509,106.60754230748859,10.013762257860234,3.0,3.0,219.20m²
"71 Tân Hiệp 9, TT.Hóc Môn, H.Hóc Môn, TP.HCM",9600000.0,38.4,250000.0,10.869943239776898,106.5832004432459,16.120813670523727,1.0,1.0,
"79 Nguyễn Văn Công, P.3, Q.Gò Vấp, TP.HCM",14200000.0,237.45,59802.06359233523,10.814420918074509,106.6870998437202,4.047184599858621,9.0,9.0,212.20m²
"159 Lương Ngọc Quyến, P.5, Q.Gò Vấp, TP.HCM",2480000.0,103.33,24000.77421852318,10.82346425151315,106.67782043419908,5.359329008730856,1.0,1.0,
"126 Thân Nhân Trung, P.13, Q.Tân Bình, TP.HCM",13700000.0,250.0,54800.0,10.795074192094729,106.65424755383172,5.181198691204639,4.0,4.0,183.23m²
"437 Âu Cơ, P.Phú Trung, Q.Tân Phú, TP.HCM",7300000.0,150.2,48601.86418109188,10.781997627391137,106.619169121418,8.737392499573758,2.0,1.0,84.60m²
"650 Hà Huy Giáp, P.Thạnh Lộc, Q.12, TP.HCM",6800000.0,101.82,66784.52170496956,10.78183229074429,106.69931933266943,0.22868776558315487,2.0,2.0,
"đường An Dương Vương, P.An Lạc, Q.Bình Tân, TP.HCM",48000000.0,104.85,457796.85264663806,10.7723012270472,106.60667785532789,10.134129904487956,1.0,1.0,
"42 Tân Thới Nhất 1, P.Tân Thới Nhất, Q.12, TP.HCM",7500000.0,170.84,43900.72582533365,10.777975178794913,106.69546253556065,0.4383329900705786,1.0,1.0,43.90m²
"21 đường số 1, P.10, Q.Tân Bình, TP.HCM",7790000.0,187.71,41500.186457833894,10.804487524691764,106.65315947403263,5.712250225680737,3.0,2.0,83m²
"39 Nguyễn Văn Yến, P.Tân Thới Hòa, Q.Tân Phú, TP.HCM",8800000.0,87.12,101010.101010101,10.779314258771867,106.61767028733614,8.898079476805744,2.0,2.0,98.82m²
"136 Đinh Tiên Hoàng, P.Đa Kao, Q.1, TP.HCM",18900000.0,465.51,40600.63156537991,10.781707041430531,106.68792866078405,1.2323842705905492,9.0,2.0,98.40m²
"290 Phú Thọ Hoà, P.Phú Thọ Hòa, Q.Tân Phú, TP.HCM",18000000.0,220.23,81732.73395995096,10.790793403581336,106.6110489439783,9.698651232679222,6.0,4.0,265.50m²
"122 Nguyễn Hữu Tiến, P.Tây Thạnh, Q.Tân Phú, TP.HCM",13500000.0,179.04,75402.14477211797,10.793992412478163,106.62683900934708,8.049861451300547,5.0,4.0,325.90m²
"149 Âu Dương Lân, P.Rạch Ông, Q.8, TP.HCM",7380000.0,279.54,26400.515132002572,10.73623860715898,106.66205325512308,6.289402921257422,4.0,3.0,25.80m²
"14 đường số 223, Xã Bình Mỹ, H.Củ Chi, TP.HCM",6050000.0,45.55,132821.075740944,11.006986943199626,106.51011697441066,32.52919634188181,4.0,6.0,
"100 Võ Thị Phải, P.Thới An, Q.12, TP.HCM",7900000.0,65.61,120408.47431793934,10.770489319898246,106.70710475409412,1.355563896009053,6.0,6.0,
"156A Nguyễn Súy, P.Tân Quý, Q.Tân Phú, TP.HCM",10900000.0,219.71,49610.850666788036,10.787543145894817,106.61276262816622,9.473487432367977,4.0,5.0,195.12m²
"215A Phùng Văn Cung, P.4, Q.Phú Nhuận, TP.HCM",18000000.0,346.15,52000.57778419761,10.811249794675579,106.6674268158429,4.904804261119137,4.0,6.0,
"136 Nguyễn Hữu Tiến, P.Tây Thạnh, Q.Tân Phú, TP.HCM",10500000.0,141.89,74000.98667982241,10.781413924667627,106.61072435448004,9.659236815933602,5.0,5.0,400.40m²
"100 Thiên Phước, P.9, Q.Tân Bình, TP.HCM",15600000.0,256.15,60901.815342572714,10.801540826907438,106.64759919073423,6.117652866162633,3.0,4.0,199.47m²
"Liên Khu 1-6, P.Bình Trị Đông, Q.Bình Tân, TP.HCM",8400000.0,126.47,66418.91357634221,10.770927252664695,106.6134754108905,9.407999851802318,4.0,3.0,190.90m²
"79 đường số 5, P.Bình Chiểu, TP.Thủ Đức, TP.HCM",12000000.0,69.0,173913.04347826086,10.849276676366172,106.76287559043496,10.384355181846404,3.0,3.0,126.90m²
"157 đường số 6, P.Bình Hưng Hoà B, Q.Bình Tân, TP.HCM",8500000.0,91.49,92906.32856049843,10.771880670644238,106.5931013656451,11.618067538784773,9.0,9.0,385.95m²
"39L Hiệp Thành 06, P.Hiệp Thành, Q.12, TP.HCM",6850000.0,68.36,100204.79812755997,10.765417593125841,106.69517638690485,1.6441058089642664,1.0,1.0,78.30m²
"14A đường số 5A, P.Bình Hưng Hoà A, Q.Bình Tân, TP.HCM",8900000.0,165.12,53900.19379844961,10.767623472766575,106.61706149201001,9.065051834293635,4.0,5.0,225.80m²
"155 Nguyễn Lộ Trạch, P.Tân Quý, Q.Tân Phú, TP.HCM",11000000.0,145.69,75502.77987507722,10.789107745462385,106.63839227487023,6.711198249431166,4.0,3.0,159.30m²
"đường Số 2, P.16, Q.Gò Vấp, TP.HCM",7900000.0,168.44,46900.97364046545,10.821759086489898,106.68652568870208,4.840023747874247,2.0,2.0,93.30m²
"đường 26/3, P.Bình Hưng Hòa, Q.Bình Tân, TP.HCM",12200000.0,107.29,113710.50424084257,10.762449051768025,106.60624301587704,10.327572773198412,2.0,1.0,
"1 đường số 3, P.Tân Tạo A, Q.Bình Tân, TP.HCM",6700000.0,67.06,99910.52788547569,10.760554173605438,106.60442145108193,10.563635148020706,6.0,6.0,
"24 đường số 10, P.Bình Thuận, Q.7, TP.HCM",31500000.0,157.5,200000.0,10.791930133896836,106.70115278701687,1.3633617031035645,2.0,2.0,277.70m²
"26 Lý Thường Kiệt, P.6, Q.10, TP.HCM",32500000.0,514.24,63200.06222775358,10.764876084287227,106.7022788127927,1.687012493540908,8.0,6.0,360.40m²
"98 Nguyễn Du, P.7, Q.Gò Vấp, TP.HCM",18500000.0,163.86,112901.25717075552,10.839901586171646,106.67996516880372,6.96880531490491,11.0,11.0,414.90m²
"375 Nguyễn Sơn, P.Phú Thạnh, Q.Tân Phú, TP.HCM",7300000.0,154.33,47301.237607723706,10.78954251962128,106.61458326247856,9.298246586519024,2.0,2.0,121.60m²
"đường 275, P.Hiệp Phú, TP.Thủ Đức, TP.HCM",6800000.0,90.06,75505.21874306018,10.8581217145262,106.73876042129785,9.693391943238865,3.0,2.0,68.40m²
"342 Lê Văn Sỹ, P.2, Q.Tân Bình, TP.HCM",79000000.0,284.67,277514.31482066953,10.787217145586622,106.65942673435434,4.408385021499487,3.0,1.0,192.57m²
"5 Vũ Chí Hiếu, P.13, Q.5, TP.HCM",21000000.0,476.19,44100.0441000441,10.826960470544053,106.69111714068855,5.289462491556092,3.0,2.0,80.40m²
"Thống Nhất, P.16, Q.Gò Vấp, TP.HCM",7800000.0,162.5,48000.0,10.833530732362256,106.67441285242487,6.526032616861417,3.0,4.0,
"2 đường số 19, Thạnh Mỹ Lợi, Q.2, TP.HCM",9500000.0,78.18,121514.45382450754,10.81453554154381,106.6525323534516,6.374238640615361,2.0,1.0,94.38m²
"đường số 10, P.Bình Hưng Hoà A, Q.Bình Tân, TP.HCM",9500000.0,115.99,81903.61238037763,10.76784313643028,106.61529345500325,9.252822389768474,4.0,4.0,173m²
"Hương Lộ 2, P.Bình Trị Đông, Q.Bình Tân, TP.HCM",13900000.0,127.52,109002.50941028859,10.768171811198789,106.61158880864998,9.649110548927466,5.0,5.0,292.90m²
"94B1 Phùng Văn Cung, P.7, Q.Phú Nhuận, TP.HCM",26500000.0,350.06,75701.30834714048,10.799557278313417,106.67762185084352,3.203732062460255,11.0,11.0,
"498 Mã Lò, P.Bình Hưng Hoà A, Q.Bình Tân, TP.HCM",14500000.0,172.82,83902.32611966207,10.751638303715685,106.59395751435564,11.906143980131056,4.0,3.0,132m²
"10F Nguyễn Thị Thơi, P.Hiệp Thành, Q.12, TP.HCM",9800000.0,122.34,80104.62645087461,10.772436187314149,106.70397982725774,0.9767659910137703,2.0,2.0,77.10m²
"29 Nguyễn Phúc Nguyên, P.10, Q.3, TP.HCM",7500000.0,438.59,17100.25308374564,10.808962232218452,106.68143607453624,3.757315492071343,4.0,5.0,
"6 đường số 20, P.Bình Hưng Hoà A, Q.Bình Tân, TP.HCM",5450000.0,95.95,56800.41688379364,10.778176750198224,106.60214061531344,10.597888708720419,2.0,2.0,75.50m²
"64 Nguyễn Súy, P.Tân Quý, Q.Tân Phú, TP.HCM",15800000.0,217.03,72800.99525411233,10.791217227296496,106.61073196672376,9.739013849703383,5.0,6.0,243.80m²
"172A Lê Sát, P.Tân Quý, Q.Tân Phú, TP.HCM",6400000.0,198.14,32300.393661047747,10.792442402299924,106.62726010227543,7.972831752150381,2.0,2.0,64.70m²
"340 đường Huỳnh Văn Bánh, P.10, Q.Phú Nhuận, TP.HCM",17000000.0,366.66,46364.47935417007,10.801145631707572,106.67476601192436,3.552906237657065,3.0,3.0,141.20m²
"10 đường TK8, Xã Bà Điểm, H.Hóc Môn, TP.HCM",7900000.0,79.0,100000.0,10.886911661878825,106.60146516324828,15.944528209202257,2.0,2.0,103m²
"667 Tân Sơn, P.12, Q.Gò Vấp, TP.HCM",13900000.0,217.18,64002.21014826411,10.814032723179187,106.67518177826734,4.599108913599308,4.0,6.0,
"232 Phạm Ngũ Lão, P.7, Q.Gò Vấp, TP.HCM",7350000.0,165.16,44502.30079922499,10.825971130716681,106.66226223785795,6.501211905881313,2.0,1.0,63.80m²
"108 đường số 3, P.9, Q.Gò Vấp, TP.HCM",8199999.999999999,223.43,36700.532605290246,10.812285299685154,106.66823930923903,4.925567221683987,2.0,3.0,118.60m²
"đường số 19, P.Bình Trị Đông B, Q.Bình Tân, TP.HCM",15700000.0,174.44,90002.29305205228,10.7635723499485,106.61077604446957,9.817369896703092,4.0,4.0,244.80m²
"124 Lê Niệm, P.Phú Thạnh, Q.Tân Phú, TP.HCM",10500000.0,116.15,90400.3443822643,10.7811158381167,106.61784547784974,8.879960747916744,1.0,1.0,77.40m²
"47-47A đường Lý Chiêu Hoàng, P.10, Q.6, TP.HCM",33500000.0,107.47,311714.89718060853,10.827515567193275,106.73345635071253,6.484613824381619,5.0,5.0,634.30m²
"177 đường CN 11, P.Sơn Kỳ, Q.Tân Phú, TP.HCM",8300000.000000001,139.96,59302.65790225779,10.785185732680011,106.6334745577376,7.194222753645233,2.0,2.0,127m²
"205 Thoại Ngọc Hầu, P.Phú Thạnh, Q.Tân Phú, TP.HCM",38000000.0,198.84,191108.42888754778,10.788776454496206,106.64002253998655,6.529398419991824,45.0,45.0,
"241 Dương Quảng Hàm, P.6, Q.Gò Vấp, TP.HCM",14000000.0,253.16,55300.995417917526,10.822054308524423,106.67461669679125,5.384017136266208,3.0,3.0,207.20m²
"28H đường số 9A, P.Bình Hưng Hoà A, Q.Bình Tân, TP.HCM",8400000.0,97.44,86206.89655172414,10.77248812252238,106.60461829917007,10.357010817439575,6.0,4.0,186m²
"Huỳnh Tấn Phát, P.Phú Thuận, Q.7, TP.HCM",12600000.0,80.76,156017.83060921248,10.743733163844144,106.67181067821696,4.976380556722998,3.0,3.0,66.20m²
"87R Lê Văn Duyệt, P.1, Q.Bình Thạnh, TP.HCM",8180000.0,183.82,44500.0544010445,10.814453773561539,106.72253089486978,4.61653606524966,3.0,3.0,95.90m²
"9B Vườn Lài nối dài, P.An Phú Đông, Q.12, TP.HCM",9800000.0,119.95,81700.70862859524,10.784827144561966,106.70357091801368,0.7469371129057185,4.0,2.0,163.40m²
"55 đường số 17B, P.Bình Hưng Hòa, Q.Bình Tân, TP.HCM",11800000.0,112.38,105000.88983804948,10.75947395738614,106.61092634605967,9.894261672849925,4.0,5.0,265.20m²
"1A Đường Thạch Thị Thanh, P.Tân Định, Q.1, TP.HCM",42000000.0,551.18,76200.15240030481,10.774920234793287,106.70397838593007,0.763342584785703,7.0,7.0,
"F12, đường Số 30, P.9, Q.4, TP.HCM",10500000.0,328.12,32000.487626478116,10.730187858766445,106.71310859816666,5.6981595676719445,5.0,3.0,133.70m²
"Phan Văn Hớn, P.Tân Thới Nhất, Q.12, TP.HCM",13500000.0,102.27,132003.52009386919,10.765023362064358,106.71185034579247,2.1523994480881616,3.0,3.0,
"18 Đỗ Đức Dục, P.Phú Thọ Hòa, Q.Tân Phú, TP.HCM",8600000.0,120.9,71133.16790736145,10.797887921443943,106.63011714629278,7.797893583888303,3.0,2.0,90.16m²
"2/78B Bùi Thị Lùng, Xã Thới Tam Thôn, H.Hóc Môn, TP.HCM",5500000.0,78.23,70305.50939537262,10.885869071255332,106.5811607264583,17.430182735051957,2.0,1.0,48.90m²
"A24 Khu dân cư Tạ Thị Ngọc Thảo Hoàng Quốc Việt, P.Phú Thuận, Q.7, TP.HCM",15800000.0,197.5,80000.0,10.750765265739924,106.70232562987488,3.2301596647590545,5.0,6.0,261.10m²
"265A1 Nguyễn Văn Đậu, P.11, Q.Bình Thạnh, TP.HCM",12500000.0,217.39,57500.34500207002,10.803048051015109,106.69994927981581,2.575172577588883,7.0,6.0,226.10m²
"255 Huỳnh Văn Bánh, P.11, Q.Phú Nhuận, TP.HCM",16800000.0,391.6,42900.919305413685,10.79560035975877,106.66500959123123,4.111193284135264,4.0,4.0,128.70m²
"67 đường Số 44, P.14, Q.Gò Vấp, TP.HCM",12900000.0,168.18,76703.53193007491,10.816282887397824,106.68923089062574,4.176904674654946,6.0,4.0,210.50m²
"1504 Trường Sa, P.3, Q.Tân Bình, TP.HCM",10550000.0,432.37,24400.397807433448,10.798061143674554,106.64236990855744,6.517823354594437,3.0,3.0,82.30m²
"Bắc Hải, P.6, Q.Tân Bình, TP.HCM",10700000.0,356.66,30000.56075814501,10.791406899928447,106.65186013783759,5.316318061860878,2.0,2.0,72.40m²
"62 Thạnh Lộc 15, P.Thạnh Lộc, Q.12, TP.HCM",7500000.0,125.2,59904.15335463259,10.765549908087122,106.70755678547269,1.8301463443975932,6.0,6.0,248.60m²
"560 Phạm Văn Chiêu, P.16, Q.Gò Vấp, TP.HCM",13900000.0,232.83,59700.21045397929,10.824577012553206,106.66825679894725,5.9893314789656955,6.0,7.0,241.70m²
"99A Trần Văn Đang, P.9, Q.3, TP.HCM",3580000.0,246.89,14500.384786747136,10.827970254031921,106.70226511086368,5.341673460774069,3.0,4.0,14.50m²
"141 đường số 6, P.Bình Trưng Tây, TP.Thủ Đức, TP.HCM",31000000.0,96.0,322916.6666666667,10.8600790966574,106.74156178176071,10.025799760049015,1.0,1.0,322.90m²
"125 Huỳnh Văn Bánh, P.15, Q.Phú Nhuận, TP.HCM",11100000.0,458.67,24200.40552030872,10.79810397594987,106.67748579216793,3.1074901250199294,8.0,4.0,94.40m²
"Hồng Hà, P.2, Q.Tân Bình, TP.HCM",12900000.0,490.49,26300.230381863035,10.789332584455986,106.66669148698836,3.690839550516887,4.0,5.0,92.70m²
"Phạm Phú Thứ, P.11, Q.Tân Bình, TP.HCM",28000000.0,238.39,117454.5912160745,10.814655811357795,106.64000095124902,7.519878412798086,13.0,13.0,447.64m²
"- 34 Cống Hộp Rạch Bùng Binh, P.10, Q.3, TP.HCM",15000000.0,495.04,30300.581771170004,10.762424405623356,106.71752450084995,2.78927177486723,1.0,2.0,61.60m²
"Tam Đông 11, Xã Thới Tam Thôn, H.Hóc Môn, TP.HCM",3500000.0,73.37,47703.42101676434,10.879932914379355,106.60015140381287,15.479593393263869,2.0,1.0,32.50m²
"138-138A Đường Lê Lai, P.Phạm Ngũ Lão, Q.1, TP.HCM",450000000.0,998.66,450603.80910419964,10.770630930866435,106.71048774619264,1.6112592610611292,1.0,3.0,393m²
"46 đường số 4, P.11, Q.Gò Vấp, TP.HCM",8800000.0,185.26,47500.80967289215,10.831873920158326,106.67580524619066,6.296594485729397,3.0,4.0,118.60m²
"đường số 12, P.Bình Hưng Hòa, Q.Bình Tân, TP.HCM",7150000.0,123.06,58101.738989111,10.77669397036166,106.58919815588652,12.01678307095465,3.0,5.0,118.90m²
"11 Đỗ Thị Tâm, P.Tân Quý, Q.Tân Phú, TP.HCM",6300000.0,108.62,58000.368256306385,10.792303389764548,106.63837597008695,6.776234246735367,3.0,2.0,
"177 Phạm Văn Đồng, P.1, Q.Gò Vấp, TP.HCM",12300000.0,247.48,49700.98593825764,10.821674166020188,106.68337335556271,4.939659520243744,5.0,3.0,170.90m²
"453 Nguyễn Văn Khối, P.12, Q.Gò Vấp, TP.HCM",35500000.0,185.66,191209.73823117526,10.839914473678963,106.66780513735478,7.476350479718831,1.0,1.0,155.34m²
"48 Nguyễn Văn Lượng, P.17, Q.Gò Vấp, TP.HCM",12000000.0,335.19,35800.59070974671,10.832910601916014,106.66242433852817,7.11023062928907,4.0,5.0,105.90m²
"485/2 Lê Trọng Mân, TT.Cần Thạnh, H.Cần Giờ, TP.HCM",6800000.0,70.1,97004.27960057062,10.41861983540698,106.89744714587168,45.4687735089727,3.0,2.0,
"57 đường số 35, P.Hiệp Bình Chánh, TP.Thủ Đức, TP.HCM",8189999.999999999,109.2,74999.99999999999,10.863801936775623,106.73945833357386,10.291453225464247,4.0,3.0,141.19m²
"Nam Kỳ Khởi Nghĩa, P.Võ Thị Sáu, Q.3, TP.HCM",11000000.0,692.44,15885.852925885274,10.735012020637672,106.73479232879858,6.3110083753062005,3.0,4.0,86.40m²
"Diệp Minh Châu, P.Tân Sơn Nhì, Q.Tân Phú, TP.HCM",13000000.0,144.28,90102.57831993347,10.785432004793392,106.63316344080137,7.230431150237817,2.0,2.0,121.80m²
"105/12 Đường TL 37, P.Thạnh Lộc, Q.12, TP.HCM",2750000.0,58.76,46800.54458815521,10.789515494780677,106.68835892965306,1.587441329916971,1.0,1.0,
"7 đường số 16, Xã Phong Phú, H.Bình Chánh, TP.HCM",11500000.0,94.41,121809.13038873002,10.693178353201507,106.58036373861434,16.132287505292837,9.0,9.0,361.20m²
"Huỳnh Tấn Phát, P.Phú Mỹ, Q.7, TP.HCM",18500000.0,85.71,215844.12553961034,10.800655508344207,106.7456032378558,5.592386332555582,1.0,1.0,122.80m²
"9 đường số 37, P.4, Q.4, TP.HCM",15800000.0,303.84,52001.053185887315,10.783120114248709,106.69265402947005,0.7886991800990738,6.0,5.0,
"432 Trần Văn Giàu, P.Tân Tạo, Q.Bình Tân, TP.HCM",11500000.0,141.97,81003.02880890328,10.77971592942326,106.61579132174877,9.103422925551847,1.0,1.0,81m²
"16 đường số 4, Xã Phước Lộc, H.Nhà Bè, TP.HCM",14500000.0,109.84,132010.19664967226,10.693989747263975,106.71785804276392,9.710997977126652,4.0,4.0,219.20m²
"16 Nguyễn Thị Tươi, Tân Bình, Dĩ An, TP.HCM",2850000.0,48.3,59006.21118012423,10.807952934634686,106.65130017219815,6.078865190319421,2.0,2.0,59m²
"2 đường số 23, Xã Phú Xuân, H.Nhà Bè, TP.HCM",15000000.0,89.55,167504.18760469012,10.706983234743706,106.73487880164039,8.956848354277733,4.0,3.0,252m²
"đường số 14, P.Bình Hưng Hoà A, Q.Bình Tân, TP.HCM",18800000.0,94.0,200000.0,10.76863650230522,106.58990601406136,11.99819990599029,1.0,2.0,284.80m²
"43 đường số 149A, P.Long Trường, TP.Thủ Đức, TP.HCM",8199999.999999999,82.0,99999.99999999999,10.834404525129072,106.75449851152571,8.561518864867248,4.0,4.0,225m²
"Quốc Lộ 13, P.Hiệp Bình Phước, TP.Thủ Đức, TP.HCM",31500000.0,203.35,154905.33562822719,10.8450089871177,106.75818243664254,9.690083824571401,9.0,8.0,101.50m²
"60 Nguyên Hồng, P.1, Q.Gò Vấp, TP.HCM",6200000.0,140.9,44002.838892831795,10.815919233501726,106.68652842592616,4.224218199449778,2.0,2.0,68.52m²
"66 đường số 18, P.Bình Hưng Hòa, Q.Bình Tân, TP.HCM",8600000.0,109.97,78203.14631263072,10.774509274388524,106.5902757756684,11.908410500371273,2.0,2.0,
"Nguyễn Ngọc Nhựt, P.Tân Quý, Q.Tân Phú, TP.HCM",34000000.0,279.83,121502.34070685774,10.800672489441771,106.61453912660197,9.524527105036803,24.0,24.0,869.60m²
"6 đường số 1, Xã Bình Hưng, H.Bình Chánh, TP.HCM",40000000.0,121.21,330005.7751010643,10.683914285260354,106.58885085203539,16.05305194981212,5.0,4.0,330m²
"62 Nguyễn Quang Diêu, P.Tân Quý, Q.Tân Phú, TP.HCM",2100000.0,250.0,8400.0,10.782090573872305,106.6382755016438,6.649238892367476,1.0,1.0,19.80m²
"49 Nguyễn Hữu Dật, P.Tây Thạnh, Q.Tân Phú, TP.HCM",10200000.0,127.15,80220.21234762092,10.797422493586824,106.63151759727407,7.63666210547968,2.0,1.0,50.62m²
"23 Kênh Nước Đen, P.Tân Thành, Q.Tân Phú, TP.HCM",11900000.0,169.75,70103.09278350516,10.794013413244652,106.6320742703538,7.489643992754468,4.0,3.0,187.30m²
"123 đường số 320 Bông Sao, P.5, Q.8, TP.HCM",11600000.0,181.25,64000.0,10.74585956483468,106.72316163827456,4.587963947649503,5.0,6.0,207.30m²
"Bùi Văn Thêm, P.9, Q.Phú Nhuận, TP.HCM",25500000.0,314.03,81202.43288857753,10.798022111798494,106.68315559635215,2.661321849518133,4.0,5.0,360.20m²
"Lê Văn Khương, P.Hiệp Thành, Q.12, TP.HCM",14500000.0,143.56,101003.0649205907,10.761706209407995,106.69366520336233,2.0839926353400955,8.0,8.0,
"5 Phan Huy Ôn, P.19, Q.Bình Thạnh, TP.HCM",22800000.0,290.07,78601.7168269728,10.802836658203494,106.71068716808806,2.850864036358755,5.0,4.0,308.40m²
"36/7B Ấp Thới Tây 1, TT.Hóc Môn, H.Hóc Môn, TP.HCM",3950000.0,34.86,113310.38439472174,10.870587836893538,106.59646944028917,15.055125470997202,2.0,1.0,65.70m²
"5 Phan Huy Ôn, P.19, Q.Bình Thạnh, TP.HCM",22800000.0,290.07,78601.7168269728,10.817039110511278,106.7200524634621,4.7188531772891,5.0,4.0,308.40m²
"36/7B Ấp Thới Tây 1, TT.Hóc Môn, H.Hóc Môn, TP.HCM",3950000.0,34.86,113310.38439472174,10.898708941622347,106.58827765494736,17.88013046322762,2.0,1.0,65.70m²
"40/12 Đường 38, P.Hiệp Bình, TP.Thủ Đức, TP.HCM",7800000.0,150.87,51700.13919268244,10.862725605423083,106.74692757142417,10.564315954395642,4.0,3.0,177.26m²
"Lê Thị Trung, An Phú, Thuận An, TP.HCM",7150000.0,71.5,100000.0,10.766111595987121,106.69613126330943,1.5452832308257982,5.0,4.0,100m²
"31 Nguyễn Quý Anh, P.Tân Sơn Nhì, Q.Tân Phú, TP.HCM",10600000.0,179.35,59102.31391134653,10.803806780931872,106.61646459265738,9.412271619443182,5.0,3.0,190.80m²
"22 đường số 14, P.Linh Đông, TP.Thủ Đức, TP.HCM",7500000.0,91.46,82003.06144762738,10.849220181124057,106.74069653183444,8.930439729995072,1.0,1.0,75.30m²
"37 Lê Đình Thụ, P.Tân Thành, Q.Tân Phú, TP.HCM",11300000.0,200.35,56401.2977289743,10.777456968907403,106.62435826975285,8.170560143695727,3.0,3.0,212.50m²
"132 đường số 6, P.Bình Chiểu, TP.Thủ Đức, TP.HCM",13500000.0,108.0,125000.0,10.858450773959207,106.74677846986961,10.148001833065154,5.0,6.0,276.40m²
"223 Phan Đình Phùng, P.15, Q.Phú Nhuận, TP.HCM",24500000.0,353.53,69301.04941589116,10.802138213987186,106.69165041219281,2.600874746523173,4.0,5.0,300.90m²
"157 đường số 4, P.Phước Bình, TP.Thủ Đức, TP.HCM",10650000.0,118.86,89601.21150933871,10.85639695632499,106.76732076654001,11.295408508774381,2.0,1.0,42.90m²
"30-32 đường số 31, P.10, Q.6, TP.HCM",23500000.0,182.59,128703.65299304452,10.757297079285022,106.6934536688799,2.56108351166211,10.0,6.0,425.90m²
"406 Lê Quang Định, P.11, Q.Bình Thạnh, TP.HCM",16500000.0,291.51,56601.83184110322,10.801676246557014,106.71344607263653,2.8896063816671647,9.0,9.0,279.50m²
"33 Lê Công Phép, P.An Lạc, Q.Bình Tân, TP.HCM",9800000.0,146.05,67100.3081136597,10.75931930154706,106.59992274615664,11.073167122650707,4.0,5.0,208.20m²
"112 Ca Văn Thỉnh, P.13, Q.Tân Bình, TP.HCM",16900000.0,315.29,53601.44628754479,10.812608516094443,106.65765399215202,5.80132620270947,14.0,14.0,304.50m²
"124 Trần Thị Điệu, P.Phước Long B, TP.Thủ Đức, TP.HCM",10300000.0,121.31,84906.4380512736,10.842621454137667,106.75275015861578,9.100781757775582,3.0,4.0,205.32m²
"190/1C Quang Hùng 3, Xã Thới Tam Thôn, H.Hóc Môn, TP.HCM",4500000.0,56.32,79900.56818181818,10.869467015961776,106.60757100588036,14.086397031657624,2.0,1.0,96.70m²
"86 đường số 17, P.Bình Chiểu, TP.Thủ Đức, TP.HCM",6600000.0,58.87,112111.4319687447,10.864398943022328,106.74014903491202,10.383607991467676,2.0,3.0,153.66m²
"Trần Đại Nghĩa, P.Tân Tạo A, Q.Bình Tân, TP.HCM",15950000.0,0.0,inf,10.757580640974023,106.61135864650349,9.89812666881391,2.0,2.0,115.30m²
"Phùng Văn Cung, P.2, Q.Phú Nhuận, TP.HCM",11950000.0,267.93,44601.20180644198,10.787447227887068,106.67522015263297,2.7382482948382365,2.0,2.0,89.20m²
"1319 Lê Đức Thọ, P.15, Q.Gò Vấp, TP.HCM",12300000.0,188.65,65200.106016432546,10.81814757811667,106.66221138518434,5.849582708469987,4.0,5.0,
"Công Chúa Ngọc Hân, P.10, Q.11, TP.HCM",10000000.0,249.37,40101.0546577375,10.779717692873898,106.71608235391076,1.8652135302049162,5.0,4.0,146m²
"Lê Trọng Tấn, P.Bình Hưng Hòa, Q.Bình Tân, TP.HCM",18500000.0,310.4,59600.51546391753,10.759500097475101,106.59752653406734,11.325853994887964,6.0,5.0,204.28m²
"214 Nguyễn Thái Bình, P.12, Q.Tân Bình, TP.HCM",24500000.0,322.36,76001.98535798486,10.793914731002806,106.66017490386608,4.527505613307928,4.0,4.0,236m²
"Đường Nguyễn Hữu Cảnh, P.22, Q.Bình Thạnh, TP.HCM",11000000.0,310.73,35400.50848003089,10.808142967245924,106.69818995205324,3.138105023272217,2.0,1.0,69.90m²
"2012 Lê Văn Lương, Xã Nhơn Đức, H.Nhà Bè, TP.HCM",7900000.0,35.61,221847.79556304408,10.708950281818577,106.72646408985126,8.390275502389132,1.0,1.0,72.50m²
"54 Thới An 12, khu phố 3, P.Thới An, Q.12, TP.HCM",5100000.0,69.48,73402.41796200346,10.789693945442634,106.71483904011299,2.047303258571131,2.0,1.0,54.80m²
"641 An Dương Vương, khu phố 14, P.Bình Trị Đông, Q.Bình Tân, TP.HCM",7150000.0,99.67,71736.7312130029,10.754784935215804,106.5958329666972,11.620515058321287,5.0,4.0,190m²
"39 Trần Thủ Độ, P.Phú Thạnh, Q.Tân Phú, TP.HCM",8500000.0,133.64,63603.71146363365,10.80297261940322,106.61721119357864,9.308135895808745,2.0,2.0,
"72A Kênh Nước Đen, P.Bình Hưng Hoà A, Q.Bình Tân, TP.HCM",12500000.0,158.83,78700.49738714348,10.76337100559676,106.60384287343338,10.567612944078668,3.0,5.0,202.60m²
"Trần Bá Giao, P.5, Q.Gò Vấp, TP.HCM",14200000.0,167.65,84700.26841634358,10.823864036036152,106.66993263545446,5.822111956000998,4.0,4.0,234.70m²
"72A Hồ Văn Huê, P.9, Q.Phú Nhuận, TP.HCM",10200000.0,393.82,25900.15743232949,10.789433869925672,106.68799997263243,1.6105191406566366,2.0,3.0,72.50m²
"67 đường số 359, P.Phước Long B, TP.Thủ Đức, TP.HCM",4800000.0,147.23,32602.051212388782,10.853580140980693,106.74088157855319,9.358311206983084,2.0,2.0,65.20m²
"707 Tân Kỳ Tân Qúy, P.Bình Hưng Hoà A, Q.Bình Tân, TP.HCM",26000000.0,174.02,149408.11400988392,10.773330205645168,106.60075345656357,10.771880860038198,1.0,1.0,168.20m²
"12 Đặng Minh Trứ, P.10, Q.Tân Bình, TP.HCM",8800000.0,162.96,54000.98183603338,10.806314569183778,106.64896161221216,6.212212028542581,1.0,1.0,
"Đường Gò Dầu, P.Tân Quý, Q.Tân Phú, TP.HCM",12500000.0,184.47,67761.69566867242,10.804687655503349,106.62248933777713,8.81211272737753,6.0,4.0,247.59m²
"167/5C Tân Hiệp 39-40, Xã Tân Hiệp, H.Hóc Môn, TP.HCM",2650000.0,29.28,90505.46448087432,10.88065536533554,106.59083969587995,16.26190943415734,2.0,1.0,41.70m²
"11 đường Số 192 Khu Biệt Thự, P.6, Q.8, TP.HCM",78000000.0,105.54,739056.2819783968,10.773166534790764,106.72007853508234,2.4158716418111994,4.0,5.0,219.78m²
"30 Lô K Cư Xá Phú Lâm D, P.10, Q.6, TP.HCM",13600000.0,190.74,71301.247771836,10.763041656026758,106.65188508320705,5.478595784711296,5.0,6.0,
"1163 Kha Vạn Cân KP4, P.Linh Trung, TP.Thủ Đức, TP.HCM",9500000.0,79.83,119002.88112238506,10.846022330896428,106.76449888855355,10.244085981651633,3.0,3.0,163.40m²
"Số 5 Đường số 38, P.Hiệp Bình Chánh, TP.Thủ Đức, TP.HCM",34000000.0,87.5,388571.4285714286,10.858567924729972,106.74779651933788,10.216782368021402,4.0,1.0,143.30m²
"60/5G Đông Hưng Thuận 8, P.Đông Hưng Thuận, Q.12, TP.HCM",7800000.0,127.86,61004.22336931018,10.771977901281817,106.69971107224202,0.8667928302028693,1.0,1.0,
"380 Tân Kỳ Tân Quý, P.Tân Quý, Q.Tân Phú, TP.HCM",20700000.0,103.19,200600.8334140905,10.799420082638262,106.63856606130354,6.959935856379421,4.0,2.0,288.30m²
"Thửa 1051 - Tờ 8 đường số 38, P.Hiệp Bình Chánh, TP.Thủ Đức, TP.HCM",17000000.0,57.43,296012.53700156714,10.861207083973529,106.75734807026541,11.035718335560627,3.0,2.0,296m²
"1075 Cách Mạng Tháng Tám, P.7, Q.Tân Bình, TP.HCM",18500000.0,211.91,87301.21277900996,10.797870399187584,106.64947352014784,5.776935511941717,1.0,1.0,134.10m²
"108 đường 105B Trịnh Quang Nghị, P.7, Q.8, TP.HCM",8900000.0,74.16,120010.78748651565,10.810429332005318,106.6523834207421,6.124678801430275,4.0,5.0,323.80m²
"15 đường số 8, P.Hiệp Bình Chánh, TP.Thủ Đức, TP.HCM",17500000.0,151.51,115503.92713352255,10.840979544674413,106.7587441827202,9.405541225145623,4.0,5.0,
"83 Trịnh Đình Trọng, P.Phú Trung, Q.Tân Phú, TP.HCM",12900000.0,162.65,79311.40485705502,10.788874460198585,106.63538668266071,7.032453163282186,4.0,3.0,
"184 đường số 8 KP7, P.Bình Hưng Hòa, Q.Bình Tân, TP.HCM",9300000.0,88.48,105108.49909584086,10.769764247768334,106.61795197592284,8.936268465261957,1.0,1.0,95.30m²
"Một phần nhà số 60 Liên Khu 16-18, P.Bình Trị Đông, Q.Bình Tân, TP.HCM",13500000.0,92.59,145804.0825143104,10.77835000969466,106.61094156119103,9.635157038680575,6.0,6.0,235.20m²
"Đường Cách Mạng Tháng 8, P.15, Q.10, TP.HCM",20000000.0,248.75,80402.01005025125,10.786056964409267,106.70737961209115,1.1469891587287944,7.0,7.0,322.90m²
"Lê Văn Khương, KP5, P.Hiệp Thành, Q.12, TP.HCM",7100000.0,138.13,51400.854267718816,10.765058115265981,106.69256915496176,1.7755581653068155,2.0,1.0,61.90m²
"59 đường số 339, P.Phước Long B, TP.Thủ Đức, TP.HCM",16200000.0,183.25,88403.81991814461,10.851374438159203,106.7580304313054,10.214576266005345,6.0,6.0,286m²
"18 đường số 1, KDC Gia Hòa, Xã Phong Phú, H.Bình Chánh, TP.HCM",14000000.0,92.1,152008.68621064062,10.688285004021262,106.5912167480146,15.540518300570284,2.0,2.0,223.40m²
"5 đường số 11, khu phố 2, P.An Lạc, Q.Bình Tân, TP.HCM",7000000.0,76.11,91972.14557876758,10.77022401755947,106.60371179120479,10.478202872477935,3.0,2.0,
"34 đường Tân Thới Nhất 04, P.Tân Thới Nhất, Q.12, TP.HCM",9350000.0,187.0,50000.0,10.76503590038608,106.6908582509222,1.860108271598197,4.0,5.0,217.80m²
"121I đường số 11, KP9, P.Trường Thọ, TP.Thủ Đức, TP.HCM",37500000.0,117.18,320020.48131080385,10.847465511844405,106.7429568204229,8.895101856512253,36.0,36.0,767.20m²
"191C Đường Hoàng Hoa Thám, P.7, Q.Bình Thạnh, TP.HCM",26500000.0,253.1,104701.69893322798,10.810991659382282,106.69835391701581,3.45265681081211,5.0,5.0,519.40m²
"38 đường số 3, P.Linh Chiểu, TP.Thủ Đức, TP.HCM",18800000.0,188.0,100000.0,10.854272746576633,106.75885310314334,10.520757365739303,4.0,5.0,253.20m²
"số 5 đường số 8, P.Linh Tây, TP.Thủ Đức, TP.HCM",2700000.0,77.36,34901.75801447777,10.845347070708733,106.75191181793647,9.275617585958999,2.0,1.0,34.90m²
"14/5B Bắc Lân 2, Xã Bà Điểm, H.Hóc Môn, TP.HCM",3900000.0,77.22,50505.05050505051,10.897742300025945,106.58410957449065,18.114755903226456,2.0,1.0,50.50m²
"197C1 Đường Nguyễn Thượng Hiền, P.5, Q.Bình Thạnh, TP.HCM",8680000.0,185.86,46701.81857311955,10.814783074980276,106.70775542719383,3.987173076944245,7.0,7.0,148.60m²
"Liên Khu 2-10, P.Bình Hưng Hoà A, Q.Bình Tân, TP.HCM",7500000.0,117.18,64004.096262160776,10.756966325500699,106.61668343036493,9.353194415001354,5.0,6.0,186.70m²
"197C1 Đường Nguyễn Thượng Hiền, P.5, Q.Bình Thạnh, TP.HCM",8680000.0,185.86,46701.81857311955,10.80687468782728,106.71921304931476,3.7218171181279303,7.0,7.0,148.60m²
"Liên Khu 2-10, P.Bình Hưng Hoà A, Q.Bình Tân, TP.HCM",7500000.0,117.18,64004.096262160776,10.761338219946602,106.61693177048154,9.207890160974612,5.0,6.0,186.70m²
"Số 08,đường 110 Trương Đình Hội, P.16, Q.8, TP.HCM",9790000.0,117.66,83205.84735679075,10.767244343893235,106.68866214624299,1.791514465458874,4.0,3.0,
"104K đường số 6, Cư Xá Bình Thới, P.8, Q.11, TP.HCM",3800000.0,79.16,48004.04244567964,10.785717497761853,106.69400467210133,0.8558263666348598,1.0,1.0,
"MPN 83 Huỳnh Thiện Lộc, P.Hòa Thạnh, Q.Tân Phú, TP.HCM",10600000.0,193.43,54800.18611383963,10.805032869763345,106.61968794537243,9.115255606303776,2.0,1.0,95.30m²
"đường số 31, Khu Tên Lửa, P.Bình Trị Đông B, Q.Bình Tân, TP.HCM",12500000.0,156.25,80000.0,10.765615835192424,106.61478542700983,9.345999046338127,3.0,4.0,238.60m²
"Đường Liên khu 2-10, P.Bình Hưng Hoà A, Q.Bình Tân, TP.HCM",5200000.0,86.37,60206.09007757323,10.775684939873376,106.59016593694186,11.914727624323483,1.0,1.0,
"Đường Ấp Chiến Lược, P.Bình Hưng Hòa, Q.Bình Tân, TP.HCM",12500000.0,200.32,62400.15974440895,10.774936417962872,106.58967293412921,11.972045773106485,7.0,7.0,280.80m²
"20 đường số 3, KP34, P.Bình Chiểu, TP.Thủ Đức, TP.HCM",8500000.0,87.44,97209.51509606588,10.83809250721562,106.75259187704482,8.712559473089245,3.0,3.0,291.60m²
"15 đường số 25, khu phố 11, P.Bình Hưng Hoà A, Q.Bình Tân, TP.HCM",5850000.0,91.83,63704.6716759229,10.778472279563443,106.60435943185865,10.354740766126412,2.0,1.0,88.60m²
"94/2 Nguyễn Ảnh Thủ, ấp Tây Lân, Xã Bà Điểm, H.Hóc Môn, TP.HCM",18000000.0,213.27,84400.05626670417,10.888924520465388,106.5877981670416,17.136907206903874,3.0,4.0,153.80m²
"MPN 45 đường số 3, khu phố 4, P.Tân Tạo A, Q.Bình Tân, TP.HCM",4300000.0,59.72,72002.67916945746,10.750886475725332,106.61149100187124,10.0937159485143,5.0,5.0,58.40m²
"22 đường số 75 KDC Tân Quy Đông, P.Tân Phong, Q.7, TP.HCM",62000000.0,176.58,351115.6416355193,10.825368095075758,106.67178027188592,5.856786791837892,1.0,1.0,133.88m²
"22 đường số 75 KDC Tân Quy Đông, P.Tân Phong, Q.7, TP.HCM",62000000.0,176.58,351115.6416355193,10.81818778314213,106.72842698918741,5.327397614568906,1.0,1.0,133.88m²
"75 đường số 8B, khu phố 13, P.Bình Hưng Hoà A, Q.Bình Tân, TP.HCM",2850000.0,154.89,18400.154948673255,10.755781874257854,106.60262309137619,10.873161570640264,2.0,1.0,36.20m²
"Lô 33 Đường Phạm Thế Hiển, P.4, Q.8, TP.HCM",8500000.0,395.34,21500.480598978094,10.817588318723018,106.69720719974198,4.186286925590537,2.0,1.0,
"Lô 33 Đường Phạm Thế Hiển, P.4, Q.8, TP.HCM",8500000.0,395.34,21500.480598978094,10.815649532595446,106.66713130472216,5.282597086515091,2.0,1.0,
"28H9 đường DD11, Khu dân cư An Sương, P.Tân Hưng Thuận, Q.12, TP.HCM",14500000.0,138.09,105003.98290969657,10.790290590883432,106.68878585838357,1.614030191610296,2.0,3.0,177.90m²
"C31/1 Tân Xuân 3, ấp Mới 1, Xã Tân Xuân, H.Hóc Môn, TP.HCM",4500000.0,65.88,68306.01092896175,10.89334158891256,106.57981057616388,18.10293056857598,2.0,1.0,97.40m²
"Dân Trí, phường 6, Tân Bình, P.6, Q.Tân Bình, TP.HCM",10300000.0,90.98,113211.69487799516,10.792058337389934,106.64879382127593,5.659145717872794,2.0,1.0,149.30m²
"6C đường số 14, khu dân cư Cityland, P.10, Q.Gò Vấp, TP.HCM",49000000.0,228.97,214001.83430143687,10.818523923048227,106.68673489153909,4.490983096448872,4.0,4.0,402.30m²
"34 Thới Tứ 2, ấp Thới Tứ, Xã Thới Tam Thôn, H.Hóc Môn, TP.HCM",3890000.0,84.38,46100.97179426405,10.87453341366754,106.60435028114277,14.731803675716096,2.0,2.0,68.60m²
"67/10F Tân Hiệp 31, ấp Thới Tây 2, Xã Tân Hiệp, H.Hóc Môn, TP.HCM",4950000.0,51.08,96906.81284259984,10.883588592889364,106.59149065133997,16.43516920544218,3.0,2.0,52.30m²
"Đường Lê Đức Thọ, P.6, Q.Gò Vấp, TP.HCM",23800000.0,330.55,72001.2101043715,10.815227213677097,106.67038392943581,5.018195510896195,12.0,12.0,333.60m²
"16 (nền D68) đường số 4A, Khu dân cư 13E, Xã Phong Phú, H.Bình Chánh, TP.HCM",9200000.0,92.0,100000.0,10.697840442901017,106.58166406419826,15.715012987273582,2.0,4.0,267.50m²
"Cư Xá Phú Thọ Hòa - Lạc Long Quân, P.5, Q.11, TP.HCM",8750000.0,164.16,53301.65692007797,10.772164105287791,106.71277300834556,1.7235006150986478,4.0,4.0,149.90m²
"Chợ Lớn - khu dân cư bình phú, P.11, Q.6, TP.HCM",17500000.0,218.75,80000.0,10.76970272881927,106.71029391866915,1.661906884915459,3.0,4.0,207.90m²
"9C Nguyễn Thị Nuôi, ấp Thống Nhất 1, Xã Tân Thới Nhì, H.Hóc Môn, TP.HCM",6500000.0,68.56,94807.46791131856,10.870005471580818,106.59595414909916,15.054375561538926,2.0,1.0,95.40m²
"Thửa 107 - Tờ 100, đường số 3, Xã Tân Thông Hội, H.Củ Chi, TP.HCM",3500000.0,40.55,86313.19358816277,11.006773568503554,106.50571777759049,32.81860053380147,4.0,2.0,
"9C Nguyễn Thị Nuôi, ấp Thống Nhất 1, Xã Tân Thới Nhì, H.Hóc Môn, TP.HCM",6500000.0,68.56,94807.46791131856,10.874727636314075,106.59805352468938,15.23837819454764,2.0,1.0,95.40m²
"Thửa 107 - Tờ 100, đường số 3, Xã Tân Thông Hội, H.Củ Chi, TP.HCM",3500000.0,40.55,86313.19358816277,11.01318856698701,106.50711618883938,33.26783745454639,4.0,2.0,
"8/2A Nguyễn Thị Sóc, Ấp Hưng Lân, Xã Bà Điểm, H.Hóc Môn, TP.HCM",16500000.0,97.74,168815.22406384285,10.87416925614206,106.58145050437714,16.562141005138965,4.0,2.0,84.40m²
"Thửa 691 - Tờ 44 đường số 405, Xã Phước Vĩnh An, H.Củ Chi, TP.HCM",5600000.0,28.34,197600.56457304163,11.009618620033637,106.49446794090274,33.859360843037535,6.0,7.0,
"C28 (Thửa  902 - tờ 33 ) Tổ 49, khu phố 4, P.Trung Mỹ Tây, Q.12, TP.HCM",6000000.0,98.03,61205.75334081404,10.782646805778986,106.70297699620322,0.5354774399754878,2.0,1.0,61.20m²
"3 đường số 1, Khu dân cư Lê Thành, P.An Lạc, Q.Bình Tân, TP.HCM",12000000.0,188.67,63603.116552711086,10.776002609244571,106.60468872463967,10.326229703297992,6.0,5.0,281.20m²
"39 đường số 10, Khu dân cư Trung Sơn, Xã Bình Hưng, H.Bình Chánh, TP.HCM",22000000.0,183.33,120002.18185785196,10.70136546495801,106.60206851633315,13.701135352367807,5.0,6.0,350.40m²
"đường 12F, khu định cư số 4, ấp 4, Xã Phong Phú, H.Bình Chánh, TP.HCM",13500000.0,128.57,105001.16667962978,10.673353624930018,106.58777473193037,16.93211207105547,4.0,4.0,199.30m²
"7 đường số 5, Cư Xá Chu Văn An, P.26, Q.Bình Thạnh, TP.HCM",15300000.0,212.5,72000.0,10.7988019308174,106.69661999049806,2.1199445067500067,3.0,3.0,163.20m²
"32 đường số 12, Khu dân cư Vĩnh Lộc, P.Bình Hưng Hoà B, Q.Bình Tân, TP.HCM",11500000.0,135.29,85002.5870352576,10.77625253133571,106.58939806463981,11.99642809681772,4.0,4.0,284m²
"46 đường số 10 khu dân cư Hương Lộ 5, P.An Lạc, Q.Bình Tân, TP.HCM",8000000.0,125.0,64000.0,10.771030361529936,106.60865802487224,9.931041109825653,6.0,5.0,188m²
"86 đường số 2 Cư Xá Chu Văn An, P.26, Q.Bình Thạnh, TP.HCM",15200000.0,207.93,73101.52455153177,10.79615355017296,106.69512177010182,1.860294227454048,5.0,6.0,233.20m²
"C16 đường Phú Thuận, Khu dân cư Nam Long, P.Phú Thuận, Q.7, TP.HCM",21800000.0,275.94,79002.68174240777,10.773530359934117,106.7046750066785,0.927409707241703,4.0,4.0,234.20m²
"Thạnh Xuân 52, khu phố 3, P.Thạnh Xuân, Q.12, TP.HCM",4680000.0,93.58,50010.6860440265,10.775332385963495,106.69572251575653,0.6109563244548076,4.0,4.0,154.20m²
"Thửa 502 - tờ 66 Đường Thạnh Xuân 14, P.Thạnh Xuân, Q.12, TP.HCM",6300000.0,95.45,66003.14300680984,10.76313476190752,106.706215519664,2.0024848473276338,2.0,2.0,
"số 3 đường số 2 KDC Gia Hòa, ấp 5, Xã Phong Phú, H.Bình Chánh, TP.HCM",12360000.0,85.83,144005.59245019226,10.690224059127928,106.60652090363058,14.160879580808873,3.0,3.0,207.40m²
"59 đường vào khu nhà ở Gia Hòa, KDC Gia Hòa, ấp 5, Xã Phong Phú, H.Bình Chánh, TP.HCM",11000000.0,115.78,95007.77336327518,10.685586720256659,106.59547979707503,15.3902124377424,5.0,3.0,234m²
"32 Phạm Hùng Nối Dài, Khu nhà ở rạch Bà Tánh, ấp 5, Xã Bình Hưng, H.Bình Chánh, TP.HCM",17500000.0,159.09,110000.62857502043,10.678290547805403,106.59527625845794,15.963583935964824,6.0,6.0,324m²
"97 Khánh Hội, P.3, Q.4, TP.HCM",25000000.0,277.77,90002.52007056198,10.768566041607217,106.68678661846374,1.8255080908901986,1.0,1.0,90m²
"133 Gò Công, P.13, Q.5, TP.HCM",39000000.0,389.22,100200.4008016032,10.764093082994995,106.66529207133867,4.077599047538853,5.0,6.0,419m²
"C24 đường D5B, P.Phú Mỹ, Q.7, TP.HCM",11000000.0,122.22,90001.63639338897,10.775410371051128,106.71958140748383,2.299391140964764,4.0,4.0,137.50m²
"661 Hồng Bàng, P.6, Q.6, TP.HCM",15000000.0,159.91,93802.76405478081,10.754234284668314,106.71278498546411,3.2018078970962245,2.0,1.0,
"45C Cao Thắng, P.3, Q.3, TP.HCM",27000000.0,459.18,58800.47040376323,10.754668837228275,106.72995712276426,4.37738994326547,5.0,6.0,247.80m²
"208 Nguyễn Trãi, P.Phạm Ngũ Lão, Q.1, TP.HCM",780000000.0,1.3,600000000.0,10.779538475198887,106.70494531900405,0.6477391194474752,15.0,15.0,5195.80m²
"143 (1 Phần) Bàn Cờ, P.3, Q.3, TP.HCM",28000000.0,442.33,63301.155246083246,10.74973356118343,106.74123963379567,5.688988394113434,5.0,4.0,216m²
"341 Nguyễn Trãi, P.Nguyễn Cư Trinh, Q.1, TP.HCM",170000000.0,975.21,174321.42820520708,10.790359391499763,106.70374693209239,1.2784640012702952,7.0,7.0,1123.82m²
"Vân Thân, P.8, Q.6, TP.HCM",26000000.0,222.03,117101.29261811468,10.777015759787032,106.73471880444045,3.9154455412960734,6.0,4.0,279.40m²
"Hoàng Sa, P.Võ Thị Sáu, Q.3, TP.HCM",11000000.0,315.18,34900.691668253065,10.755742461715004,106.65900812156909,5.121638760588059,3.0,3.0,100.20m²
"Bà Hạt, P.9, Q.10, TP.HCM",15000000.0,583.65,25700.334104343357,10.78316173437576,106.69240819524886,0.8146607025504454,3.0,2.0,70.90m²
"191 Cô Giang, P.Cô Giang, Q.1, TP.HCM",40000000.0,526.31,76000.83600919611,10.767744579127074,106.7061284192644,1.5416977846089188,8.0,8.0,347.50m²
"62-64 Nguyễn Biểu, P.1, Q.5, TP.HCM",250000000.0,739.51,338061.68949709943,10.75700504807505,106.67132498686469,3.9407724371002626,9.0,9.0,2509.51m²
"107 ( Bên phải ) Vườn Chuối, P.4, Q.3, TP.HCM",90000000.0,606.46,148402.2029482571,10.799386349711513,106.72990435001302,4.012921394847887,5.0,5.0,745.30m²
"107 ( Bên phải ) Vườn Chuối, P.4, Q.3, TP.HCM",90000000.0,606.46,148402.2029482571,10.74745781129223,106.73210941308457,5.087046150939593,5.0,5.0,745.30m²
"123 Vĩnh Hội, P.4, Q.4, TP.HCM",30000000.0,299.1,100300.90270812437,10.816813803600619,106.65564620989413,6.267729708890891,7.0,7.0,523.40m²
"53 Vĩnh Hội, P.4, Q.4, TP.HCM",13000000.0,449.82,28900.449068516296,10.765778206639459,106.7012632043573,1.5685027135458882,3.0,4.0,116.90m²
"2 160, Tăng Nhơn Phú A, Q.9, TP.HCM",6600000.0,122.22,54000.98183603338,10.780490435748053,106.70229430215139,0.365651031508282,4.0,4.0,154m²
"945 Nguyễn Trãi, P.13, Q.5, TP.HCM",10000000.0,285.71,35000.52500787512,10.822022769548932,106.71953713352012,5.182533704855293,2.0,2.0,70m²
"23 Đông Du, P.Bến Nghé, Q.1, TP.HCM",71000000.0,1.46,48630136.98630137,10.769390146776544,106.71111099657588,1.7517008760801414,3.0,3.0,137.70m²
"75 Trương Định, P.Bến Nghé, Q.1, TP.HCM",75000000.0,660.79,113500.50696893113,10.787263287385528,106.69220956040883,1.1137040929870272,6.0,7.0,247.50m²
"Tân Phước, P.6, Q.10, TP.HCM",18000000.0,584.41,30800.294313923445,10.768517666655262,106.70360568831788,1.343116428635624,5.0,6.0,
"Đinh Tiên Hoàng, P.Đa Kao, Q.1, TP.HCM",23000000.0,534.88,43000.299132515705,10.775114518924642,106.69087386718881,1.0306368851915477,4.0,5.0,131m²
"Vĩnh Hội, P.4, Q.4, TP.HCM",25000000.0,367.64,68001.30562506801,10.73721807282268,106.68245825197114,5.045202417109115,6.0,5.0,
"475 Tân Sơn, P.12, Q.Gò Vấp, TP.HCM",20000000.0,163.26,122503.98137939484,10.816699658172945,106.68189692806062,4.49253198225991,1.0,1.0,
"Lê Lợi, P.1, Q.Gò Vấp, TP.HCM",28000000.0,267.17,104802.18587416252,10.836300006285967,106.68831347145812,6.360175545649819,18.0,18.0,538.40m²
"21 Minh Phụng, P.9, Q.6, TP.HCM",15500000.0,239.56,64701.9535815662,10.743513429500062,106.67743424837543,4.655654897145642,6.0,6.0,221.20m²
"92-94 Võ Oanh, P.25, Q.Bình Thạnh, TP.HCM",63000000.0,375.0,168000.0,10.81914001082275,106.70191985410881,4.364659142856715,2.0,2.0,672m²
"27(15.15) đường 5m thông, P.Tân Thới Nhất, Q.12, TP.HCM",8990000.0,52.57,171010.08179570097,10.787446688714827,106.68869690085758,1.4123910056489477,1.0,1.0,174m²
"64 Thạnh Lộc 15, P.Thạnh Lộc, Q.12, TP.HCM",9000000.0,144.23,62400.332801774945,10.771140042832027,106.68993272911564,1.3798269347631476,5.0,4.0,282.80m²
"161 Nguyễn Thị Thập, P.Tân Hưng, Q.7, TP.HCM",45000000.0,450.0,100000.0,10.824026926773529,106.7468777982656,7.164596181672594,6.0,5.0,450m²
"72 Trần Phú, P.4, Q.5, TP.HCM",4790000.0,199.58,24000.40084176771,10.828280798082282,106.6789148949506,5.797717598489428,2.0,2.0,24m²
"Văn Thân, P.8, Q.6, TP.HCM",2100000.0,115.38,18200.728029121165,10.746016010449106,106.6559288703102,6.014437270532474,2.0,2.0,18.20m²
"142 Võ Thị Sáu, P.8, Q.3, TP.HCM",210000000.0,724.38,289903.08953863994,10.829575738137802,106.67794470307656,5.970658101841391,2.0,1.0,556.30m²
"Gò Xoài, P.Bình Hưng Hoà A, Q.Bình Tân, TP.HCM",6000000.0,98.36,61000.40666937779,10.76412561795773,106.59631489290395,11.366558290816727,2.0,2.0,
"Lô Tư, P.Bình Hưng Hoà A, Q.Bình Tân, TP.HCM",49000000.0,110.11,445009.5359186268,10.776483006996074,106.59701344017392,11.163153239933528,4.0,6.0,445m²
"Lô Tư, P.Bình Hưng Hoà A, Q.Bình Tân, TP.HCM",49000000.0,110.11,445009.5359186268,10.75466112219239,106.60555751269222,10.594083956624523,4.0,6.0,445m²
"VT41-07 Thạnh Thới, TT.Cần Thạnh, H.Cần Giờ, TP.HCM",12990000.0,162.44,79967.98818025117,10.401088188694969,106.90165577854805,47.39565386611113,6.0,5.0,80m²
"83 đường Trang Tử, P.14, Q.5, TP.HCM",21000000.0,280.74,74802.30818550973,10.796278513919429,106.6873837665845,2.224896119522536,5.0,3.0,120m²
"âu cơ, P.14, Q.11, TP.HCM",6300000.0,157.5,40000.0,10.787031097712859,106.69278118925884,1.0531742050024986,3.0,2.0,91m²
"40-42 Bùi Thị Xuân, P.Bến Thành, Q.1, TP.HCM",250000000.0,1.52,164473684.21052632,10.777844081029402,106.71047395239216,1.270100145344846,40.0,40.0,967.40m²
"21 Phan Kế Bính, P.Đa Kao, Q.1, TP.HCM",88000000.0,691.82,127200.71694949553,10.786982521792325,106.68698457920954,1.5390639694363653,3.0,3.0,216.89m²
"174 Lạc Long Quân, P.3, Q.11, TP.HCM",19000000.0,155.22,122406.90632650432,10.780888334145171,106.70866505828192,1.0610249926506716,1.0,1.0,
"672 Nguyễn Trãi, P.11, Q.5, TP.HCM",11500000.0,312.5,36800.0,10.78505245591213,106.66002610327926,4.305127231742863,2.0,2.0,61.70m²
"Bến Than, Xã Hòa Phú, H.Củ Chi, TP.HCM",4200000.0,33.6,125000.0,11.004265260322677,106.49487545440121,33.387369289977556,4.0,1.0,30m²
"135/22 Hòa Hưng, P.12, Q.10, TP.HCM",12900000.0,307.14,42000.390701308854,10.762694073507037,106.70408694254078,1.969785872698258,8.0,8.0,219m²
"HỒNG BÀNG, P.1, Q.11, TP.HCM",11500000.0,193.6,59400.826446281,10.764176830203878,106.6895199512643,2.0154618322534565,3.0,3.0,132m²
"37 đường số 45, P.4, Q.4, TP.HCM",22000000.0,305.55,72001.30911471117,10.816939631524093,106.72423637750964,4.948783384895554,6.0,6.0,274m²
"3/6 Phạm Thế Hiển, P.5, Q.8, TP.HCM",10000000.0,120.77,82802.02036929701,10.779093879396386,106.73558046434341,3.998400825084751,5.0,4.0,157.40m²
"18 đường DC6, P.Sơn Kỳ, Q.Tân Phú, TP.HCM",8000000.0,129.03,62001.08501898783,10.787748273799279,106.6170036154308,9.013856395527023,1.0,1.0,74.40m²
"18 đường DC6, P.Sơn Kỳ, Q.Tân Phú, TP.HCM",8000000.0,129.03,62001.08501898783,10.782858672476419,106.62528990799156,8.071701081489728,1.0,1.0,74.40m²
"Văn Cao, P.Phú Thọ Hòa, Q.Tân Phú, TP.HCM",5000000.0,147.05,34002.04012240734,10.801473262611438,106.62269457080379,8.685991410641197,3.0,2.0,100m²
"8.7 Hồng Bàng, P.5, Q.5, TP.HCM",5490000.0,183.0,30000.0,10.775913094639881,106.66538886489462,3.7039088356679204,3.0,2.0,30m²
"102 Hàn Hải Nguyên, P.8, Q.11, TP.HCM",16000000.0,295.2,54200.54200542006,10.781070631821995,106.69631822098063,0.32871502920442885,5.0,4.0,172.80m²
"29/15 Nguyễn Bỉnh Khiêm, P.Đa Kao, Q.1, TP.HCM",65000000.0,1.21,53719008.264462814,10.761892170786936,106.70785320082489,2.20200127842886,6.0,6.0,221.90m²
"78-80 Trần Đình Xu, P.Cô Giang, Q.1, TP.HCM",135000000.0,761.42,177300.3073205327,10.771550898387604,106.68837500874946,1.4788641075965885,5.0,5.0,
"138-138A Nguyễn Thị Thập, P.Bình Thuận, Q.7, TP.HCM",200000000.0,253.03,790420.1082875548,10.807694729834012,106.66147700723025,5.137660752572921,1.0,1.0,317.70m²
"215 Tây Thạnh, P.Tây Thạnh, Q.Tân Phú, TP.HCM",14000000.0,133.46,104900.34467256106,10.791019701045363,106.61787310888693,8.962149336550848,4.0,2.0,114.20m²
"86 Võ Văn Tần, P.4, Q.3, TP.HCM",750000000.0,1.24,604838709.6774193,10.735990765660297,106.68451370391779,5.097702473852202,5.0,5.0,
"401 Hàn Hải Nguyên, P.2, Q.11, TP.HCM",20000000.0,265.6,75301.2048192771,10.77130119624197,106.69434965531337,1.0688478322367048,6.0,2.0,288.10m²
"666 Hưng Phú, P.Hưng Phú, Q.8, TP.HCM",8700000.0,188.47,46161.19276277391,10.778845047119203,106.71889058949648,2.1748192807119966,4.0,3.0,88.90m²
"37 Đỗ Quang, Thảo Điền, Q.2, TP.HCM",23500000.0,398.3,59000.75320110469,10.735805494642673,106.66522021730252,6.110542026588721,8.0,8.0,194m²
"140-142 Trần Nhân Tôn, P.2, Q.10, TP.HCM",100000000.0,216.07,462812.97727588285,10.781897957881116,106.71421100873917,1.6768951824462046,2.0,2.0,654.10m²
"227/3 Đồng Đen, P.11, Q.Tân Bình, TP.HCM",42000000.0,182.6,230010.95290251917,10.814478015440324,106.66243252662302,5.544689764055192,6.0,7.0,245m²
"đường C1, P.13, Q.Tân Bình, TP.HCM",38000000.0,157.61,241101.4529534928,10.8150808344948,106.6577778524903,5.966020696170541,8.0,6.0,467.70m²
"đường số 47, P.4, Q.4, TP.HCM",13000000.0,322.58,40300.0806001612,10.818746392456434,106.65719486947621,6.285127032126142,5.0,3.0,183.30m²
"149 Lý Thường Kiệt, P.15, Q.11, TP.HCM",115000000.0,488.53,235400.07778437354,10.786080568795278,106.71515691482196,1.8964477028278843,1.0,1.0,228.22m²
"28-30 Huỳnh Thúc Kháng, P.Bến Nghé, Q.1, TP.HCM",225000000.0,2.18,103211009.17431192,10.761706309324952,106.71583673484263,2.7163646805363246,9.0,9.0,690.10m²
"43 Cư Xá Đô Thành đường số 4, P.4, Q.3, TP.HCM",15000000.0,517.24,29000.077333539557,10.787013981954223,106.658799110919,4.471768624368868,7.0,7.0,82m²
"đường số 64, P.10, Q.6, TP.HCM",25000000.0,183.82,136002.61125013602,10.76662760276192,106.67125775295362,3.367929882650228,10.0,10.0,508.30m²
"Gia Phú, P.2, Q.6, TP.HCM",15200000.0,184.55,82362.50338661608,10.755343256956246,106.6791294876947,3.4707062188046836,1.0,1.0,
"57-57A-55/2 Hồ Hảo Hớn, P.Cô Giang, Q.1, TP.HCM",115000000.0,579.05,198601.15706761077,10.782938444894487,106.69971992476775,0.3569266963173533,7.0,7.0,1007.40m²
"Yết Kiêu, P.9, Q.5, TP.HCM",36500000.0,555.55,65700.65700657007,10.793591403103688,106.73246610431123,3.9630399872435538,6.0,7.0,283.38m²
"Hoàng Diệu, P.8, Q.4, TP.HCM",12800000.0,528.92,24200.257127731984,10.802844903391168,106.7210159158352,3.5055255640325007,3.0,2.0,155.50m²
"Vĩnh Viễn, P.4, Q.10, TP.HCM",9500000.0,334.5,28400.597907324365,10.77569465407222,106.70748968894837,1.0301225187563374,3.0,4.0,68m²
"Phạm Thế Hiển, P.4, Q.8, TP.HCM",17000000.0,138.66,122602.04817539305,10.818575120699197,106.69421900138916,4.322812915513712,2.0,2.0,180.20m²
"551 An Phú Đông, P.An Phú Đông, Q.12, TP.HCM",2150000.0,48.86,44003.27466230045,10.781412270794599,106.70294031484467,0.46419905062222727,1.0,1.0,
"Chánh Hưng, P.5, Q.8, TP.HCM",19500000.0,263.15,74102.22306669201,10.789413945446992,106.70062903978128,1.079385261362628,4.0,2.0,123.80m²
"Ba Tháng Hai, P.14, Q.10, TP.HCM",48000000.0,407.81,117701.87096932395,10.786976774330881,106.69798988954416,0.8035658427286427,5.0,4.0,404.30m²
"Khu dân cư 13A Intresco, Xã Bình Hưng, H.Bình Chánh, TP.HCM",18200000.0,130.0,140000.0,10.697229987427434,106.60363015316457,13.86627571651647,3.0,3.0,
"Võ Oanh, P.25, Q.Bình Thạnh, TP.HCM",36000000.0,529.41,68000.22666742223,10.821404083366518,106.71555094460643,4.945546811905299,3.0,3.0,203m²
"gần Chợ Bình Điền Đường 10m., P.7, Q.8, TP.HCM",13500000.0,135.0,100000.0,10.733423718155219,106.73694085642899,6.594973575324539,3.0,2.0,100m²
"Khánh Hội, P.13, Q.4, TP.HCM",8790000.0,219.75,40000.0,10.736995311504236,106.70308943838587,4.753895242454482,3.0,3.0,40m²
"Bình Trị Đông, Bình Trị Đông A, Bình Tân, TP.HCM",17000000.0,77.27,220007.7649799405,10.76554129999886,106.59280862891423,11.723610971279824,8.0,6.0,220m²
"81 Lê Niệm, P.Phú Thạnh, Q.Tân Phú, TP.HCM",10000000.0,137.36,72801.3977868375,10.801426642158408,106.61146694990026,9.87070181675233,1.0,1.0,62.40m²
"811 Đoàn Văn Bơ, P.18, Q.4, TP.HCM",23000000.0,145.47,158108.20100364336,10.74226509636676,106.74023576845356,6.126816680247913,8.0,8.0,315.80m²
"Ngô Quyền, P.8, Q.10, TP.HCM",15500000.0,342.16,45300.44423661444,10.776074839808485,106.70708712410067,0.9722724663607479,2.0,1.0,59.30m²
"Hiệp Thành 45, P.Tân Thới Hiệp, Q.12, TP.HCM",3000000.0,91.46,32801.224579050955,10.76312539939526,106.71018880557719,2.210390906926381,2.0,2.0,
"Nguyễn Chế Nghĩa, P.Xóm Củi, Q.8, TP.HCM",11000000.0,299.72,36700.92085946883,10.781170337861726,106.65850993164496,4.434013607826048,5.0,3.0,127.60m²
"85 Âu Cơ, P.14, Q.11, TP.HCM",17000000.0,419.75,40500.29779630733,10.766089066454677,106.71363423292605,2.201599885444509,5.0,6.0,269.30m²
"457 Tân Sơn, P.12, Q.Gò Vấp, TP.HCM",30000000.0,196.97,152307.45798852618,10.820615176842015,106.6866201537257,4.715798756863374,2.0,1.0,
"13 Hiền Vương, P.Phú Thạnh, Q.Tân Phú, TP.HCM",7990000.0,84.28,94803.0374940674,10.785364527633389,106.62903348404942,7.6799194628988765,2.0,2.0,
"134/2 (Số cũ 1070) Khuông Việt, P.Phú Thạnh, Q.Tân Phú, TP.HCM",16000000.0,112.67,142007.63291026893,10.80345821660105,106.63085627464793,7.901991504306759,5.0,3.0,211.80m²
"302 Gia Phú, P.1, Q.6, TP.HCM",30000000.0,391.64,76600.96006536616,10.74207443857523,106.68625332418613,4.399068297388004,3.0,2.0,212m²
"đường số 2, P.Tân Phong, Q.7, TP.HCM",33000000.0,261.9,126002.29095074457,10.763530007787896,106.71567053425508,2.5585174734797165,7.0,7.0,527m²
"121 Thới An 33, P.Thới An, Q.12, TP.HCM",8199999.999999999,119.7,68504.59482038429,10.764746237555304,106.71293608634493,2.254114410669028,4.0,5.0,266.17m²
"190 Chiến Thắng, P.9, Q.Phú Nhuận, TP.HCM",2050000.0,205.0,10000.0,10.789067265583544,106.68886733442778,1.5129561095358226,2.0,2.0,20m²
"28 đường số 33, An Phú, Q.2, TP.HCM",47000000.0,293.75,160000.0,10.740261480991277,106.68542334341181,4.618109385879372,5.0,5.0,364.50m²
"6 Trần Nhân Tôn, P.2, Q.10, TP.HCM",19000000.0,271.42,70002.21059612409,10.768619838622937,106.6893727959686,1.6249212423210107,3.0,2.0,110m²
"34B ( Thửa 515 - tờ 38) đường 457, Xã Trung An, H.Củ Chi, TP.HCM",3950000.0,19.77,199797.67324228628,11.005141618884451,106.49017389470089,33.80454492067529,2.0,1.0,
"1002 Nguyễn Xiển, Long Bình, Q.9, TP.HCM",14500000.0,111.28,130301.9410496046,10.764390744817266,106.67907318504376,2.768163339993814,1.0,1.0,83.40m²
"MP 136 Thới An 11, P.Thới An, Q.12, TP.HCM",4600000.0,70.55,65201.98440822112,10.76627062194718,106.69063398446076,1.7542674747804559,3.0,3.0,
"605 Tạ Quang Bửu, P.4, Q.8, TP.HCM",26000000.0,325.0,80000.0,10.80321476325378,106.74314759030236,5.477042406618895,5.0,6.0,
"282A Lê Văn Sỹ, P.14, Q.3, TP.HCM",40000000.0,400.0,100000.0,10.735532790831556,106.72526494059794,5.674050074756866,3.0,3.0,284.80m²
"120 Lê Thị Riêng, P.Bến Thành, Q.1, TP.HCM",33000000.0,532.77,61940.42457345571,10.762369113287743,106.68803687109552,2.2707229425337996,4.0,4.0,226.70m²
"78 Hùng Vương, P.1, Q.10, TP.HCM",46500000.0,372.89,124701.65464346054,10.77512172331495,106.7018335959496,0.6001860643512089,1.0,1.0,176.10m²
"TK 28/41 Nguyễn Cảnh Chân, P.Cầu Kho, Q.1, TP.HCM",30000000.0,909.09,33000.033000033,10.7724076238375,106.71573429584778,2.0011010052716043,6.0,5.0,134.70m²
"87B Bùi Thị Xuân, P.Phạm Ngũ Lão, Q.1, TP.HCM",78000000.0,614.17,127000.66756761158,10.78191822755828,106.70849637740488,1.0620764867201793,8.0,8.0,828.50m²
"490 Gia Phú, P.2, Q.6, TP.HCM",8199999.999999999,176.34,46501.07746399001,10.81738165381097,106.69868678527969,4.158855974048142,2.0,1.0,87.33m²
"Lê Lâm, P.Phú Thạnh, Q.Tân Phú, TP.HCM",36000000.0,115.71,311122.634171636,10.789627997800306,106.6390703086981,6.647112237714784,1.0,1.0,153.50m²
"Trường Sa, P.15, Q.Phú Nhuận, TP.HCM",15000000.0,339.36,44200.8486562942,10.80608359982926,106.67966412252291,3.5981594864734245,4.0,4.0,90.20m²
"1A Thới An 15, P.Thới An, Q.12, TP.HCM",4890000.0,60.74,80507.07935462627,10.766192591986345,106.71664963440108,2.4443670016909356,2.0,1.0,75.70m²
"112 Trần  Quốc Thảo, P.Võ Thị Sáu, Q.3, TP.HCM",330000000.0,800.79,412093.0581051212,10.811379121818995,106.71281698367937,3.80620134810314,10.0,12.0,1006.80m²
"9A Tôn  Thất Tùng, P.Phạm Ngũ Lão, Q.1, TP.HCM",69000000.0,770.94,89501.12849248968,10.765098604154348,106.70526719100508,1.7620078822770042,9.0,12.0,632.30m²
"90-92 Tân Hương, P.Tân Quý, Q.Tân Phú, TP.HCM",56000000.0,323.51,173101.29516861922,10.786768806038081,106.63230023885959,7.338561628955351,8.0,8.0,1052.20m²
"51A Trần Quốc Toản, P.Võ Thị Sáu, Q.3, TP.HCM",50000000.0,487.8,102501.0250102501,10.75574892710486,106.6992697813439,2.658834683842779,3.0,3.0,359m²
"116 Nguyễn Văn Thủ, P.Đa Kao, Q.1, TP.HCM",190000000.0,783.82,242402.5924319359,10.783004358563112,106.68935491518708,1.1162448046833853,6.0,8.0,410.20m²
"56 Cửu Long, P.2, Q.Tân Bình, TP.HCM",28000000.0,313.9,89200.38228735267,10.809161076726742,106.65694858357669,5.633479589908189,3.0,3.0,203m²
"132 đường số 1, P.Tân Phú, Q.7, TP.HCM",160000000.0,270.77,590907.4121948518,10.78312329257135,106.61440850322562,9.261967394303628,166.0,166.0,
"149 Nguyễn Chí Thanh, P.9, Q.5, TP.HCM",65000000.0,377.46,172203.6772108303,10.75380356406205,106.70214233821555,2.894001060200696,5.0,6.0,286.60m²
"94 Nguyễn Du, P.7, Q.Gò Vấp, TP.HCM",65000000.0,197.44,329213.9384116694,10.82506369166929,106.6622190281743,6.425598005875481,26.0,28.0,1346m²
"219A Phan Văn Khỏe, P.6, Q.6, TP.HCM",14000000.0,177.89,78700.32042273316,10.80649678672658,106.70689331858668,3.0773392318711,6.0,6.0,201.60m²
"5F Hưng Phú, P.Hưng Phú, Q.8, TP.HCM",7600000.0,168.51,45101.18093881669,10.799110002538233,106.69699881562333,2.1490890827981044,1.0,1.0,90.20m²
"Tam Đảo, P.15, Q.10, TP.HCM",7400000.0,256.05,28900.605350517475,10.783928692097241,106.70154499058242,0.5346575458726838,2.0,2.0,51m²
"975 Quang Trung, P.14, Q.Gò Vấp, TP.HCM",19000000.0,178.06,106705.60485229698,10.84043333035503,106.68381094472792,6.911827946077021,9.0,9.0,280.60m²
"297 Ụ Cây, P.Hưng Phú, Q.8, TP.HCM",5600000.0,166.66,33601.34405376215,10.794512396484418,106.67033319101957,3.535841048547284,4.0,3.0,
"159 Sông Lu, Xã Hòa Phú, H.Củ Chi, TP.HCM",9000000.0,15.12,595238.0952380953,11.003008389093052,106.48907889482685,33.712368290786884,5.0,5.0,243.50m²
"Điện Biên Phủ, P.1, Q.3, TP.HCM",30000000.0,247.93,121001.8956963659,10.73577605079805,106.70614519175635,4.929809682198555,19.0,20.0,
"1257 Vĩnh Lộc, Xã Vĩnh Lộc B, H.Bình Chánh, TP.HCM",14000000.0,83.18,168309.68982928587,10.683764953944477,106.58441071256982,16.431486609023196,3.0,3.0,
"200C Bến Than, Xã Hòa Phú, H.Củ Chi, TP.HCM",2850000.0,27.69,102925.24377031419,11.020249832844112,106.50606793571085,33.948519013962176,2.0,1.0,
"240 Nguyễn thị Búp, P.Hiệp Thành, Q.12, TP.HCM",14000000.0,132.07,106004.39161050959,10.761886764495108,106.70764403849887,2.1926100910326607,4.0,5.0,290m²
"491 Lạc Long Quân, P.5, Q.11, TP.HCM",9000000.0,214.28,42001.12002986746,10.781302727774971,106.69681068959437,0.2949425146065856,7.0,5.0,
"36 Nguyễn Văn Đừng, P.5, Q.5, TP.HCM",19000000.0,362.59,52400.78325381285,10.73964124310999,106.68042355283607,4.884465861277079,5.0,3.0,156.90m²
"Bạch Đằng, P.25, Q.Bình Thạnh, TP.HCM",12000000.0,201.0,59701.49253731343,10.812951024114318,106.71076482154704,3.8866652129814554,5.0,3.0,
"Thửa 815 - tờ 30 Bến Than, Xã Hòa Phú, H.Củ Chi, TP.HCM",4500000.0,17.71,254093.7323546019,10.994657981707412,106.51629253251673,31.04908182951558,2.0,1.0,
"93A đường số 3, P.Tân Kiểng, Q.7, TP.HCM",15000000.0,216.76,69200.9595866396,10.775247659501714,106.71897646434715,2.2387209538968835,3.0,3.0,160.83m²
"28 Cây Cám, P.Bình Hưng Hoà B, Q.Bình Tân, TP.HCM",5000000.0,74.62,67006.16456714018,10.769323214684816,106.59641807588947,11.281928797139452,2.0,3.0,
"952 Lò Gốm, P.8, Q.6, TP.HCM",24000000.0,115.05,208604.95436766624,10.730240823007746,106.70579397844713,5.529968954287913,8.0,6.0,271.80m²
"935 Quang Trung, P.14, Q.Gò Vấp, TP.HCM",35000000.0,187.16,187005.7704637743,10.817919574653779,106.68712179977001,4.414580545707398,2.0,2.0,320.40m²
"30 đường DC11, P.Sơn Kỳ, Q.Tân Phú, TP.HCM",12000000.0,140.0,85714.28571428571,10.779541003925821,106.61375479861874,9.326191697301812,4.0,4.0,265.20m²
"1220 Trường Sa, P.13, Q.Phú Nhuận, TP.HCM",26000000.0,339.39,76608.03205751495,10.784906097071046,106.67137395833737,3.0770284816775875,6.0,5.0,239.40m²
"224 Hồng Lạc, P.11, Q.Tân Bình, TP.HCM",14000000.0,117.44,119209.80926430518,10.798025807217314,106.66653982770616,4.0859772959702,3.0,2.0,163.30m²
"98 Tam Đảo, P.14, Q.10, TP.HCM",20000000.0,417.53,47900.74964673197,10.780939292469322,106.70255966574162,0.40680616497769256,1.0,1.0,
"An Phú Đông 25, P.An Phú Đông, Q.12, TP.HCM",68000000.0,43.87,1550034.1919307045,10.777401748674336,106.7101565577268,1.245333422964491,10.0,10.0,550m²
"Phạm Hữu Chí, P.12, Q.5, TP.HCM",18000000.0,315.23,57101.164229292895,10.772147651790014,106.72884622427817,3.3688391280929046,5.0,5.0,206m²
"13-15 Phạm Vấn, P.Phú Thọ Hòa, Q.Tân Phú, TP.HCM",49000000.0,437.89,111900.2489209619,10.779180375969137,106.62811663332549,7.755721647319257,6.0,6.0,523.80m²
"Tân Hòa Đông, P.14, Q.6, TP.HCM",28000000.0,198.44,141100.5845595646,10.755026559107279,106.67767554293236,3.599154075562749,4.0,2.0,142.70m²
"135 Ngô Quyền, P.Hiệp Phú, Q.9, TP.HCM",8300000.000000001,259.37,32000.616879361532,10.820608272157589,106.71844904598294,4.9901439376628245,4.0,3.0,
"An Hội, P.15, Q.Gò Vấp, TP.HCM",16500000.0,144.35,114305.507447177,10.818293885148254,106.67788023297697,4.846947473013548,4.0,4.0,216.20m²
"Phú Hòa, P.8, Q.Tân Bình, TP.HCM",62000000.0,600.36,103271.37051102672,10.803742450358717,106.65550480389541,5.447819640721691,6.0,4.0,205.27m²
"đường B, P.Phú Thạnh, Q.Tân Phú, TP.HCM",13000000.0,154.76,84001.03385887826,10.78371359808419,106.61242570476296,9.481411173259351,5.0,3.0,
"119 Lê Đại Hành, P.7, Q.11, TP.HCM",18000000.0,189.07,95202.83492886233,10.777806993428515,106.70193721572716,0.3861430011506963,5.0,3.0,174.80m²
"201 Nguyễn Văn Thủ, P.Đa Kao, Q.1, TP.HCM",45000000.0,835.29,53873.50501023597,10.760663611633502,106.70423606821286,2.1904343991868367,8.0,9.0,266.20m²
"47 Đường 52B, P.Tân Tạo, Q.Bình Tân, TP.HCM",12000000.0,106.66,112507.0316894806,10.76731363874732,106.59314452403561,11.662364125297062,27.0,24.0,399.50m²
"14 Trần Quý Khoách, P.Tân Định, Q.1, TP.HCM",60000000.0,0.0,inf,10.783043061071007,106.69925900321252,0.361268836124862,2.0,2.0,
"8 Điện Biên Phủ, P.Đa Kao, Q.1, TP.HCM",18000000.0,375.78,47900.36723614881,10.77236767999246,106.70151220573798,0.8642692168810324,8.0,8.0,171.20m²
"411 Võ Văn Tần, P.5, Q.3, TP.HCM",82000000.0,806.29,101700.38075630357,10.793816151934795,106.65499993337897,5.059092323088342,2.0,2.0,319m²
"87 đường số 30, P.Tân Phong, Q.7, TP.HCM",15000000.0,208.33,72001.15201843229,10.801478037032206,106.70634578766526,2.529477908166067,4.0,5.0,193.60m²
"129 Trường Chinh, P.12, Q.Tân Bình, TP.HCM",24000000.0,181.54,132202.26947229262,10.813296321787021,106.6485443402299,6.649933224170903,2.0,2.0,210.29m²
"63 Chấn Hưng, P.6, Q.Tân Bình, TP.HCM",25000000.0,346.5,72150.07215007216,10.816363360350962,106.64000989818577,7.617640591270871,5.0,6.0,236.70m²
"90 Dã Tượng, P.10, Q.8, TP.HCM",9600000.0,173.28,55401.662049861494,10.821481035809088,106.65657362220703,6.544281174161388,3.0,3.0,127.40m²
"Nguyễn Oanh, P.17, Q.Gò Vấp, TP.HCM",18000000.0,12.85,1400778.2101167315,10.827073494984619,106.6704868122896,6.0912046169887475,2.0,2.0,89.60m²
"Âu Cơ, P.Tân Thành, Q.Tân Phú, TP.HCM",16000000.0,181.81,88003.96017820801,10.793782911347957,106.62145709621176,8.623707950426246,1.0,1.0,88m²
"lê thúc hoạch, P.Phú Thọ Hòa, Q.Tân Phú, TP.HCM",5000000.0,104.16,48003.07219662058,10.783814611545447,106.62086742299088,8.559812294588866,2.0,2.0,
"100 Dương ba trac, P.Rạch Ông, Q.8, TP.HCM",4179999.999999999,77.4,54005.16795865631,10.797264678311878,106.73509732520195,4.393074787804561,2.0,2.0,54m²
"114 Hoàng Hoa Thám, P.12, Q.Tân Bình, TP.HCM",43000000.0,228.11,188505.54557011966,10.787438323305627,106.6472868224176,5.721724021554108,6.0,6.0,293.20m²
"79A Ba Tháng Hai, P.10, Q.10, TP.HCM",12800000.0,568.88,22500.35156799325,10.779045689146866,106.70366076358107,0.5132331431219705,4.0,4.0,111m²
"93 đường số 8, Xã Bình Hưng, H.Bình Chánh, TP.HCM",32000000.0,320.0,100000.0,10.699040481777887,106.60953283671621,13.251337379594117,14.0,8.0,380.70m²
"4 ĐƯỜNG SỐ 50, P.2, Q.4, TP.HCM",7500000.0,288.46,26000.138667406227,10.796787599946434,106.74095920790175,4.9564728922206855,3.0,4.0,107m²
"100 Hiep thanh 12, P.Tân Thới Hiệp, Q.12, TP.HCM",6200000.0,103.33,60001.93554630795,10.765666526857688,106.6997443716657,1.5636519534709905,3.0,2.0,120m²
"40A Đặng Văn Ngữ, P.10, Q.Phú Nhuận, TP.HCM",28990000.0,298.86,97001.94070802382,10.798372564593155,106.67905733707822,2.999578783516503,4.0,5.0,328m²
"123 Đinh Tiên Hoàng, P.13, Q.Bình Thạnh, TP.HCM",40000000.0,460.82,86801.7881168352,10.817156964074751,106.70550519949725,4.194085813779202,2.0,2.0,260.40m²
"21B Đô Đốc Thủ, P.Tân Quý, Q.Tân Phú, TP.HCM",11000000.0,98.83,111302.23616310838,10.803483483445362,106.63228153597886,7.7560428986453775,2.0,1.0,111.30m²
"đường số 1, P.15, Q.Gò Vấp, TP.HCM",62000000.0,87.45,708976.5580331618,10.833587313910426,106.67930713034433,6.329967941200068,3.0,2.0,708.90m²
"228 Lê Quang Định, P.14, Q.Bình Thạnh, TP.HCM",20000000.0,338.98,59000.53100477904,10.812829318442612,106.69653272326286,3.6653119489472337,1.0,1.0,57.37m²
"nguyễn háo vĩnh, P.Phú Thọ Hòa, Q.Tân Phú, TP.HCM",6000000.0,56.6,106007.06713780918,10.792837125710815,106.62374258338556,8.359247386697485,4.0,3.0,
"42 đường số 7, Xã Bình Hưng, H.Bình Chánh, TP.HCM",21000000.0,175.0,120000.0,10.693368211935733,106.59501884843874,14.8594787318018,6.0,5.0,500m²
"Hà Huy Giáp, P.Thạnh Lộc, Q.12, TP.HCM",27700000.0,169.93,163008.29753427883,10.787045725661704,106.71466280974794,1.8891441544389191,10.0,10.0,
"5 Hiệp Thành 35, P.Tân Thới Hiệp, Q.12, TP.HCM",4500000.0,91.83,49003.59359686377,10.775102247182357,106.69667922893032,0.5781741355155698,2.0,2.0,49m²
"72 4, P.Hiệp Bình Phước, TP.Thủ Đức, TP.HCM",3850000.0,114.24,33700.98039215687,10.85239897251137,106.75527727651088,10.116847622514333,2.0,2.0,
"179 Cách Mạng Tháng Tám, P.5, Q.3, TP.HCM",40000000.0,394.86,101301.72719444866,10.77995392994207,106.67135217123325,3.0269034418963003,2.0,2.0,172.40m²
"91 Duy Tân, P.15, Q.Phú Nhuận, TP.HCM",8500000.0,293.1,29000.341180484473,10.80573133242471,106.68149344017388,3.451705078882437,3.0,3.0,90m²
"Lạc Long Quân, P.3, Q.11, TP.HCM",4790000.0,106.44,45001.87899285983,10.769402058240926,106.69552464027842,1.2107189806772,1.0,1.0,45m²
"240 Liên hệ, Xã Bình Mỹ, H.Củ Chi, TP.HCM",36800000.0,14.15,2600706.7137809186,11.015385367031996,106.49012075377219,34.65212873224908,1.0,1.0,
"36 kinh dương vương, P.13, Q.6, TP.HCM",5790000.0,123.19,47000.56822794058,10.811922885770032,106.69888293754057,3.5549111887618214,2.0,2.0,47m²
"tôn thất hiệp, P.11, Q.11, TP.HCM",11500000.0,179.96,63903.089575461214,10.768948102945089,106.71655667530331,2.261015750500835,3.0,3.0,
"60 38, P.Hiệp Bình Chánh, TP.Thủ Đức, TP.HCM",6200000.0,77.5,80000.0,10.858423330266195,106.73981308640596,9.775207408220822,3.0,2.0,
"55 Đào Duy Anh, P.9, Q.Phú Nhuận, TP.HCM",39000000.0,354.54,110001.6923337282,10.802947087667441,106.68155496143675,3.196187189304887,8.0,8.0,110m²
"409 Lê Hồng Phong, P.2, Q.10, TP.HCM",4090000.0,123.93,33002.50141208747,10.764371383612634,106.70206641500596,1.7370314276733727,2.0,2.0,33m²
"TA 13, Thới An, Q.12, TP.HCM",7110000.0,112.93,62959.355352873456,10.762643723693609,106.7004194179259,1.9021465242335194,4.0,5.0,
"Bến Vân Đồn, P.2, Q.4, TP.HCM",6500000.0,260.0,25000.0,10.825352462409148,106.71412379984572,5.3038359038091745,3.0,3.0,
"Bến Vân Đồn, P.2, Q.4, TP.HCM",7600000.0,281.48,27000.142106011084,10.79875851257574,106.68890963360371,2.3725871497115376,3.0,4.0,27m²
"âu cơ, P.9, Q.Tân Bình, TP.HCM",6500000.0,135.41,48002.3631932649,10.787939234820374,106.66668694493143,3.650217396069484,2.0,2.0,81m²
"362-364 đường Hưng Phú, P.Hưng Phú, Q.8, TP.HCM",18500000.0,219.19,84401.66065970164,10.824518038360946,106.73218332427385,6.1343489490425345,4.0,3.0,150.50m²
"TL14-27 Tam Tân, Xã Xuân Thới Sơn, H.Hóc Môn, TP.HCM",6860000.0,137.38,49934.488280681326,10.892409168448403,106.58402476746629,17.701248413112644,4.0,3.0,166m²
"AS48-08 Thanh Niên, Xã Xuân Thới Sơn, H.Hóc Môn, TP.HCM",6240000.0,124.84,49983.979493752,10.89545157331225,106.58118476568141,18.15867665990806,4.0,4.0,50m²
"MPN 29 đường số 11, P.4, Q.4, TP.HCM",9300000.0,300.0,31000.0,10.750104107575288,106.72711472495963,4.496164026870814,3.0,4.0,94m²
"35 đường số 9, P.4, Q.8, TP.HCM",9600000.0,111.49,86106.37725356534,10.779192125767985,106.73670870838468,4.121584835750758,2.0,2.0,150.80m²
"21 đường Võ Liên Sơn, P.4, Q.8, TP.HCM",14000000.0,175.0,80000.0,10.765781750496796,106.71622584016947,2.4366243865683725,6.0,4.0,229.80m²
"tam binh, P.Hiệp Bình Phước, TP.Thủ Đức, TP.HCM",6000000.0,66.66,90009.00090009002,10.838630154714709,106.75648853184644,9.047267332978263,3.0,2.0,90m²
"306 Nguyễn Duy Dương, P.4, Q.10, TP.HCM",14600000.0,384.21,38000.05205486583,10.78763305554161,106.68974271930433,1.3359757552396063,4.0,4.0,50m²
"1354 Ba Tháng Hai, P.2, Q.11, TP.HCM",25500000.0,394.73,64601.11975274238,10.784040093382101,106.68856526016847,1.2372975956260737,8.0,6.0,360.30m²
"54 Lê Sao, P.Phú Thạnh, Q.Tân Phú, TP.HCM",9700000.0,147.64,65700.3522080737,10.787868908274667,106.6241945893301,8.232965008631998,3.0,4.0,216.50m²
"40 đường S3, P.Tây Thạnh, Q.Tân Phú, TP.HCM",12500000.0,128.99,96906.7369563532,10.80338919118054,106.6358084651349,7.390482188799379,4.0,4.0,96.90m²
"Thạnh thới, Xã Long Hòa, H.Cần Giờ, TP.HCM",11870000.0,148.42,79975.7445088263,10.402960468356698,106.89714930265976,46.98308183661635,5.0,5.0,270.40m²
"30 Văn Cao, P.Phú Thọ Hòa, Q.Tân Phú, TP.HCM",6300000.0,256.09,24600.72630715764,10.798569476963564,106.62439754718042,8.422247357680606,2.0,2.0,66.20m²
"573D Cách Mạng Tháng 8, P.15, Q.10, TP.HCM",7000000.0,406.97,17200.285033294836,10.784652673610784,106.71237845644072,1.5562119116035156,1.0,1.0,35.90m²
"84 Tân Quý, P.Tân Quý, Q.Tân Phú, TP.HCM",15500000.0,175.53,88303.99361932433,10.797517887341064,106.61461424542144,9.437960831598856,5.0,4.0,204.60m²
"142 đường số 2, P.16, Q.Gò Vấp, TP.HCM",4000000.0,98.28,40700.0407000407,10.828711217000711,106.67172092797252,6.181132295782556,3.0,3.0,26.80m²
"MPN 101 Thạnh Xuân 38, P.Thạnh Xuân, Q.12, TP.HCM",7450000.0,70.75,105300.35335689045,10.780088915244328,106.69774477128364,0.1443139707123213,4.0,5.0,105.30m²
"Ko có số nhà Nguyễn Thị thảnh, Xã Đông Thạnh, H.Hóc Môn, TP.HCM",2970000.0,52.1,57005.75815738963,10.879747891786325,106.60545973736768,15.064849048589185,2.0,2.0,60m²
"272 Bình Long, P.Phú Thạnh, Q.Tân Phú, TP.HCM",37500000.0,151.82,247003.0299038335,10.777674745885104,106.62275413615566,8.345204654881453,4.0,5.0,305m²
"719 Phạm Văn Chí, P.7, Q.6, TP.HCM",7600000.0,220.93,34400.03621056443,10.776367336737446,106.72428544325906,2.788116350308771,4.0,3.0,117.30m²
"38 đường số 5A, P.Bình Trị Đông B, Q.Bình Tân, TP.HCM",12000000.0,150.0,80000.0,10.764768174969664,106.60468856246976,10.450808563868444,4.0,5.0,202.20m²
"520 Nguyễn Đình Chiểu, P.4, Q.3, TP.HCM",13500000.0,391.3,34500.38333759264,10.811789309635548,106.72654091045321,4.646031295156801,3.0,3.0,88.30m²
"694 Tỉnh Lộ 10, P.Bình Trị Đông, Q.Bình Tân, TP.HCM",16000000.0,111.34,143703.96982216634,10.76049824241113,106.60167050959436,10.859729754312898,3.0,1.0,
"308 Nguyễn Duy Dương, P.4, Q.10, TP.HCM",14500000.0,377.6,38400.423728813555,10.770951671152918,106.69890398026145,0.9771760098708071,5.0,3.0,138.10m²
"81 Thân Nhân Trung, P.13, Q.Tân Bình, TP.HCM",18000000.0,178.74,100704.93454179254,10.793724845829487,106.66104849515496,4.4306086790449655,3.0,3.0,110.90m²
"264-264A Phan Anh, P.Hiệp Tân, Q.Tân Phú, TP.HCM",22500000.0,159.57,141003.9481105471,10.788280816433783,106.63973988332282,6.55186980135554,3.0,3.0,184.40m²
"276 ( số cũ 274B) Thoại Ngọc Hầu, P.Phú Thạnh, Q.Tân Phú, TP.HCM",7000000.0,88.16,79401.08892921961,10.789238852713238,106.61927725499017,8.784497611141642,2.0,3.0,91.50m²
"27 đường S1, P.Tây Thạnh, Q.Tân Phú, TP.HCM",13500000.0,135.0,100000.0,10.784216537366136,106.61252919487292,9.472812600549004,4.0,4.0,170.30m²
"28A Lê Quốc Trinh, P.Phú Thọ Hòa, Q.Tân Phú, TP.HCM",11000000.0,162.72,67600.7866273353,10.775430800806394,106.61732582211967,8.948628399544473,5.0,4.0,178.60m²
"86 đường B2, P.Tây Thạnh, Q.Tân Phú, TP.HCM",11500000.0,164.28,70002.43486729973,10.792041088821211,106.62285026764245,8.44080824551784,5.0,5.0,75.50m²
"185 đường số 26, P.Bình Trị Đông B, Q.Bình Tân, TP.HCM",16000000.0,133.33,120003.00007500187,10.75197370579859,106.60192160399536,11.057355884610626,5.0,4.0,287.40m²
"189 Ấp Chiến Lược, P.Bình Hưng Hoà A, Q.Bình Tân, TP.HCM",20000000.0,122.1,163800.1638001638,10.774777762644435,106.59241767058258,11.672989064859872,4.0,2.0,236m²
"236J Lê Cơ, P.An Lạc, Q.Bình Tân, TP.HCM",11500000.0,127.77,90005.47859434922,10.769987297575355,106.60591931542953,10.24077059328483,5.0,4.0,220.50m²
"184 Hồ Văn Long, P.Bình Hưng Hoà B, Q.Bình Tân, TP.HCM",14980000.0,104.24,143706.83039140445,10.765461551763364,106.60418067181583,10.493789454277467,1.0,1.0,
"35 đường Bến Lội, P.Bình Trị Đông, Q.Bình Tân, TP.HCM",12000000.0,126.71,94704.44321679426,10.77742792513631,106.60819352941229,9.937832420708553,13.0,13.0,377.68m²
"222 đường số 1A, P.Bình Trị Đông B, Q.Bình Tân, TP.HCM",13000000.0,154.76,84001.03385887826,10.773099228297117,106.60341265054686,10.48347996188789,6.0,4.0,197m²
"60 Nguyễn Hữu Tiến, P.Tây Thạnh, Q.Tân Phú, TP.HCM",18000000.0,114.28,157507.87539376967,10.784839039579962,106.61797869328147,8.88172794789354,5.0,5.0,193.70m²
"128/18 Thiên Phước, P.9, Q.Tân Bình, TP.HCM",11500000.0,255.55,45000.978282136566,10.814172503029486,106.64045466983215,7.449894640939231,3.0,3.0,145m²
"Đình nghi xuân, P.Bình Trị Đông, Q.Bình Tân, TP.HCM",4950000.0,123.75,40000.0,10.758667530714558,106.6122393556757,9.775404086511204,2.0,2.0,80m²
"12D Nhiêu Tứ, P.7, Q.Phú Nhuận, TP.HCM",25500000.0,212.5,120000.0,10.7954471972586,106.67786129133806,2.8913873204549554,6.0,6.0,120m²
"Nguyễn Công Trứ, P.Cầu Ông Lãnh, Q.1, TP.HCM",22900000.0,602.63,38000.09956357964,10.761791590348079,106.71076599236629,2.368428700727599,4.0,3.0,102.47m²
"Phan Đình Phùng, P.1, Q.Phú Nhuận, TP.HCM",40000000.0,448.43,89200.09812010793,10.794635121790952,106.68870735136439,1.9930394282015969,3.0,2.0,202.40m²
"124 Nơ Trang Long, P.14, Q.Bình Thạnh, TP.HCM",150000000.0,311.85,481000.48100048094,10.815604163438502,106.70160406822157,3.972077602788105,1.0,1.0,265.20m²
"561 Điện Biên Phủ, P.25, Q.Bình Thạnh, TP.HCM",110000000.0,487.69,225553.1177592323,10.817413491639064,106.70037492994743,4.164815959886952,1.0,1.0,
"465 Lê Trọng Tấn, P.Sơn Kỳ, Q.Tân Phú, TP.HCM",145000000.0,122.34,1185221.513813961,10.776691158880983,106.63991901149124,6.473709224754378,1.0,1.0,1114.70m²
"Lạc Long Quân, P.11, Q.Tân Bình, TP.HCM",23000000.0,292.73,78570.69654630547,10.788385552134933,106.64640470541595,5.833313859033844,4.0,3.0,181.82m²
"Lạc Long Quân, P.8, Q.Tân Bình, TP.HCM",33000000.0,162.08,203603.1589338598,10.790193664891332,106.65805640032524,4.626449641614687,4.0,2.0,383m²
"Văn Chung, P.13, Q.Tân Bình, TP.HCM",7700000.0,120.38,63964.11364013956,10.802918602530939,106.64650941261942,6.287855496041542,4.0,3.0,127.92m²
"Trần Thị Trọng, P.15, Q.Tân Bình, TP.HCM",14980000.0,163.35,91704.92806856443,10.80516027789883,106.65768639868644,5.32166246004318,6.0,4.0,298.40m²
"Khuông Việt, P.Phú Trung, Q.Tân Phú, TP.HCM",15700000.0,117.51,133605.6505829291,10.776530588860394,106.6387780820224,6.599266474462611,1.0,1.0,
"Lê Bình, P.4, Q.Tân Bình, TP.HCM",9400000.0,260.38,36101.08303249098,10.787475746672088,106.66693625050678,3.6113869006049373,2.0,1.0,64.90m²
"174 Nam Kỳ Khởi Nghĩa, P.Võ Thị Sáu, Q.3, TP.HCM",140000000.0,654.2,214001.83430143684,10.828727849927605,106.66656647514043,6.4738471807129345,29.0,30.0,1125.80m²
"1 bạch đằng, P.14, Q.Bình Thạnh, TP.HCM",5400000.0,154.28,35001.29634430905,10.822684444985295,106.70940135764317,4.878966860499099,2.0,2.0,
"Bình thành, P.Bình Hưng Hoà A, Q.Bình Tân, TP.HCM",6500000.0,108.33,60001.846210652635,10.754756959730297,106.61771961952729,9.31384554966639,5.0,6.0,300m²
"Trần Thánh Tông, P.15, Q.Tân Bình, TP.HCM",8000000.0,272.1,29400.95553105476,10.813211471404575,106.66198794673774,5.484484286951055,3.0,2.0,61m²
"Ca Văn Thỉnh, P.11, Q.Tân Bình, TP.HCM",13000000.0,174.94,74311.19240882588,10.788862979965536,106.6598427708411,4.401609628309216,2.0,1.0,91.81m²
"12 Phan Phú Tiên, P.11, Q.5, TP.HCM",19500000.0,234.93,83003.44783552547,10.826103691428191,106.67651710966155,5.684209101248285,4.0,4.0,170.30m²
"1589 đường Ba Tháng Hai, P.16, Q.11, TP.HCM",62000000.0,223.82,277008.3102493075,10.762463744996168,106.71141438476485,2.3465153985186404,5.0,5.0,1029.60m²
"MPN 303/27 Thạnh Xuân 22, P.Thạnh Xuân, Q.12, TP.HCM",9600000.0,95.71,100302.99864173023,10.768080743993083,106.69607858832421,1.3342259206383698,4.0,5.0,
"41-43 Nam Kỳ Khởi Nghĩa, P.Nguyễn Thái Bình, Q.1, TP.HCM",780000000.0,2.65,294339622.6415095,10.776122990575432,106.69578946140274,0.5380819988900956,4.0,4.0,
"đường số 82, P.10, Q.6, TP.HCM",8900000.0,148.33,60001.34834490662,10.75152143305114,106.71182648176277,3.425395060139422,2.0,2.0,125.60m²
"đường số 6, P.4, Q.4, TP.HCM",7500000.0,250.0,30000.0,10.769570348679666,106.73408983737424,3.99769498675674,3.0,4.0,122m²
"đường số 5, P.4, Q.4, TP.HCM",8150000.0,332.65,24500.225462197508,10.743635024873724,106.72986682642436,5.231275180792216,3.0,3.0,123.80m²
"95C Phan Đăng Lưu, P.7, Q.Phú Nhuận, TP.HCM",175000000.0,522.85,334704.02601128427,10.787681288680615,106.67793612063961,2.4665671871119352,1.0,1.0,894.70m²
"367-369 Lê Quang Định, P.5, Q.Bình Thạnh, TP.HCM",100000000.0,339.32,294707.0611811859,10.803812174547843,106.71192746984778,3.0089292687711615,1.0,1.0,1753m²
"3 Huỳnh Khương Ninh, P.Đa Kao, Q.1, TP.HCM",26900000.0,338.36,79501.12306419198,10.777094205786563,106.70321464498389,0.5461207908126198,4.0,5.0,231.22m²
"Cao Văn Lầu, P.1, Q.6, TP.HCM",25500000.0,323.6,78800.98887515451,10.791962636689455,106.72158284301982,2.8105450454488423,4.0,2.0,148.90m²
"Đoàn Văn Bơ, P.16, Q.4, TP.HCM",13500000.0,137.05,98504.19554906967,10.773264027695783,106.68454825174221,1.7401680984700452,15.0,15.0,304m²
"Mạc Đĩnh Chi, P.Đa Kao, Q.1, TP.HCM",16900000.0,301.78,56001.0603751077,10.77044975141987,106.69051653301025,1.3902627665959564,5.0,6.0,
"108 Lê Cao Lãng, P.Phú Thạnh, Q.Tân Phú, TP.HCM",7000000.0,175.87,39802.12657076249,10.79320440169496,106.6329351399322,7.379112376745906,1.0,1.0,60.40m²
"Hẻm 131 tây lân tây lân, P.Tân Tạo, Q.Bình Tân, TP.HCM",4400000.0,80.0,55000.0,10.766939144752135,106.60876535599175,9.973777783718361,4.0,4.0,
"đường Gò Ô Môi, P.Phú Thuận, Q.7, TP.HCM",28000000.0,102.56,273010.92043681745,10.819224019149392,106.73126502195962,5.6089325069090945,4.0,3.0,271.50m²
"Lê Đại Hành, P.11, Q.11, TP.HCM",16500000.0,173.68,95002.30308613542,10.781169633243106,106.71631034975093,1.8963246912711216,15.0,15.0,227.50m²
"Nguyễn Tiểu La, P.8, Q.10, TP.HCM",13500000.0,544.35,24800.220446403968,10.790411912770665,106.68813925762097,1.6732863104269877,5.0,4.0,90.30m²
"Lạc Long Quân, P.5, Q.11, TP.HCM",7200000.0,152.54,47200.734233643634,10.78088465757512,106.71064847998555,1.2767124730640496,2.0,3.0,53.50m²
"đường số 27, P.11, Q.6, TP.HCM",12300000.0,165.32,74401.16138398259,10.821552671713002,106.65210154579704,6.905162161619872,5.0,3.0,213.80m²
"Thạnh Lộc 29, P.Thạnh Lộc, Q.12, TP.HCM",8800000.0,56.62,155422.11232779938,10.784059835959944,106.71010605729722,1.3005783700646087,1.0,1.0,
"425 Nguyễn Thái Bình, P.12, Q.Tân Bình, TP.HCM",22000000.0,306.4,71801.56657963447,10.816198225592005,106.6508212574511,6.63449559590993,4.0,4.0,71.80m²
"188B Lê Văn Sỹ, P.10, Q.Phú Nhuận, TP.HCM",60000000.0,344.82,174003.82808421785,10.812630302533206,106.6773541406657,4.337960463771514,6.0,6.0,353m²
"474D Dương Quảng Hàm, P.6, Q.Gò Vấp, TP.HCM",58000000.0,170.99,339201.1228726826,10.838809775614441,106.68669347561914,6.666809038755648,2.0,2.0,339.20m²
"39 Trương Thị Ngào, P.Trung Mỹ Tây, Q.12, TP.HCM",8100000.0,88.04,92003.63471149477,10.78904066878069,106.71272704226837,1.8146084799652555,4.0,4.0,
"41 Quang trung, P.10, Q.Gò Vấp, TP.HCM",8250000.0,144.73,57002.69467283908,10.820627487456255,106.66504690724422,5.849774925008733,4.0,4.0,57m²
"31A số 24, Bình Trưng Đông, Q.2, TP.HCM",4200000.0,102.43,41003.612222981545,10.815926460023132,106.74512959791174,6.4343508437299075,2.0,1.0,41m²
"292 Nguyễn Thị Minh Khai, P.5, Q.3, TP.HCM",58000000.0,816.21,71060.14383553252,10.791447137247694,106.72523579646939,3.143146779791169,8.0,8.0,363m²
"Nguyễn Thị Kiểu, P.Tân Thới Hiệp, Q.12, TP.HCM",4700000.0,102.17,46001.76176959969,10.762349380221387,106.69143491437005,2.09980858809551,3.0,2.0,
"413 Huỳnh Văn Bánh, P.11, Q.Phú Nhuận, TP.HCM",23000000.0,375.2,61300.63965884862,10.795749624191401,106.67121698044153,3.51702057897294,4.0,4.0,164.50m²
"49 ấp 3, Xã Đông Thạnh, H.Hóc Môn, TP.HCM",6500000.0,109.61,59301.15865340754,10.890628532103632,106.58424411843865,17.546048255795508,2.0,1.0,
"93 Gò Xoài, P.Bình Hưng Hoà A, Q.Bình Tân, TP.HCM",19500000.0,263.51,74000.9866798224,10.756786405141721,106.5964507563052,11.503887568631091,5.0,6.0,216.02m²
"Thửa 20 - tờ 103 Tỉnh Lộ 8, Xã Tân An Hội, H.Củ Chi, TP.HCM",13000000.0,12.94,1004636.7851622875,11.011594937491203,106.49990804363709,33.63582296576588,2.0,1.0,
"116 Thạnh Lộc 15, P.Thạnh Lộc, Q.12, TP.HCM",8500000.0,82.6,102905.56900726393,10.789762965353214,106.70617878777183,1.352682139786223,2.0,2.0,119.70m²
"Thống Nhất, P.16, Q.Gò Vấp, TP.HCM",6550000.0,128.43,51000.54504399283,10.821179774408991,106.67843918038581,5.102472427854806,3.0,4.0,51m²
"Lê Trọng Tấn, P.Bình Hưng Hoà A, Q.Bình Tân, TP.HCM",11000000.0,110.0,100000.0,10.779254292580083,106.59477837533245,11.40172108353689,4.0,4.0,300m²
"1227 Duyên Hải, Xã Long Hòa, H.Cần Giờ, TP.HCM",13700000.0,182.66,75002.73732617979,10.410982048406602,106.9023437227891,46.467108180939654,7.0,6.0,244.20m²
"Thửa 686 - Tờ 172 đường 29, Xã Phước Vĩnh An, H.Củ Chi, TP.HCM",2550000.0,25.07,101715.19744714799,10.992219238415968,106.49451862248874,32.43582844520474,3.0,2.0,
"20 Trần Văn Thành, P.8, Q.8, TP.HCM",5390000.0,119.77,45002.92226767972,10.73623686188901,106.67008846841446,5.76388722194749,2.0,2.0,
"10 đường số 34, P.9, Q.4, TP.HCM",8750000.0,312.5,28000.0,10.768277836891999,106.73457156267703,4.09047556393754,2.0,3.0,99.20m²
"87A Thống Nhất, P.Tân Thành, Q.Tân Phú, TP.HCM",14500000.0,241.66,60001.65521807498,10.778711972654218,106.61570814390387,9.113304749313318,4.0,4.0,213.40m²
"Trần Nhân Tôn, P.2, Q.10, TP.HCM",9500000.0,489.69,19400.028589515816,10.766265743704416,106.69500032758604,1.5589380991128887,3.0,3.0,87.40m²
"Mã căn A14 - khu nhà phố thương mại The Sholi số 311 An Dương Vương, P.An Lạc, Q.Bình Tân, TP.HCM",9500000.0,118.75,80000.0,10.77232028550664,106.61387095688089,9.350089083379402,6.0,6.0,
"4 Thạnh Lộc 54, P.Thạnh Lộc, Q.12, TP.HCM",5900000.0,118.0,50000.0,10.778956940614824,106.71003713909273,1.207526654797583,4.0,5.0,227.90m²
"62A Thạnh Xuân 43, P.Thới An, Q.12, TP.HCM",5650000.0,87.73,64402.14293856149,10.779939594921721,106.70902441963412,1.0934206295590578,4.0,4.0,
"141 Cao Xuân Dục, P.Xóm Củi, Q.8, TP.HCM",5200000.0,209.67,24800.877569514,10.79277655335777,106.67674865318904,2.8287910080074052,2.0,2.0,
"Nguyễn Phi Khanh, P.Tân Định, Q.1, TP.HCM",13500000.0,412.84,32700.31973645965,10.770240128420228,106.71582500882442,2.118857841256545,3.0,3.0,126.10m²
"Duy Tân, P.15, Q.Phú Nhuận, TP.HCM",8600000.0,192.39,44700.86802848381,10.789558520233246,106.68557555259633,1.8257290473655436,3.0,3.0,79.10m²
"502 Huỳnh tấn phát, P.Bình Thuận, Q.7, TP.HCM",4300000.0,63.23,68005.69349992093,10.802474541347937,106.66480508134143,4.506336668343438,4.0,4.0,
"11 Đinh Đức Thiện, Xã Bình Chánh, H.Bình Chánh, TP.HCM",550.0,9.16,60.043668122270745,10.695876048211737,106.58625373183888,15.437331145635419,3.0,2.0,60m²
"214 Đoàn Nguyễn Tuấn, Xã Hưng Long, H.Bình Chánh, TP.HCM",980.0,8.22,119.2214111922141,10.699242243050756,106.59723283252366,14.260107817897698,4.0,2.0,
"23E Khu phố 2, P.Thạnh Xuân, Q.12, TP.HCM",2190000.0,43.8,50000.0,10.772284464959354,106.71437130531767,1.8719782007241097,2.0,1.0,
"23E Khu phố 2, P.Thạnh Xuân, Q.12, TP.HCM",2190000.0,43.8,50000.0,10.784411367697317,106.68877371091008,1.2327185571416615,2.0,1.0,
"Mã Lò, P.Bình Trị Đông A, Q.Bình Tân, TP.HCM",26000000.0,185.58,140101.30401982972,10.770384448709443,106.6029807174304,10.555989306024866,2.0,3.0,
"1/6C Đặng Thúc Vịnh, Xã Thới Tam Thôn, H.Hóc Môn, TP.HCM",23000000.0,97.87,235005.6196996015,10.881075229107278,106.58154509572809,17.04607879054146,2.0,1.0,
"168 đinh văn ước, Xã Hưng Long, H.Bình Chánh, TP.HCM",920.0,10.77,85.42246982358404,10.689526234272817,106.59466777395814,15.165290478641069,2.0,2.0,
"114 Cộng Hoà, P.4, Q.Tân Bình, TP.HCM",26500000.0,373.23,71001.79513972616,10.809177518399133,106.66708600567725,4.772123807093119,3.0,3.0,95m²
"đường số 14, P.Bình Hưng Hoà A, Q.Bình Tân, TP.HCM",9000000.0,130.62,68902.15893431327,10.771345571317362,106.60330836721263,10.510337274635626,5.0,4.0,156.10m²
"14B6 Hà Huy Giáp, P.Thạnh Lộc, Q.12, TP.HCM",15500000.0,180.86,85701.64768329094,10.764112794814288,106.71626811985762,2.5613570792121383,16.0,16.0,358.80m²
"Tỉnh Lộ 2, Xã Trung Lập Hạ, H.Củ Chi, TP.HCM",13000000.0,18.32,709606.9868995633,10.997058188323944,106.50114219268998,32.336653483560646,7.0,7.0,
"2 ( Thửa 926 - tờ 21) đường số 76, Xã Tân Phú Trung, H.Củ Chi, TP.HCM",4000000.0,24.09,166044.00166044003,10.800445367715975,106.62766623037315,8.132133304542705,8.0,8.0,
"2 ( Thửa 926 - tờ 21) đường số 76, Xã Tân Phú Trung, H.Củ Chi, TP.HCM",4000000.0,24.09,166044.00166044003,10.779341075833111,106.63217165425716,7.312106756132484,8.0,8.0,
"Lê Văn Lương, Xã Phước Kiển, H.Nhà Bè, TP.HCM",5000000.0,50.0,100000.0,10.6873344800354,106.7237098031677,10.576594380624273,3.0,2.0,
"109A Tam Châu, P.Tam Phú, TP.Thủ Đức, TP.HCM",9990000.0,63.99,156118.14345991562,10.859115484762697,106.73906001107632,9.806357224458406,3.0,2.0,173.80m²
"24 Nguyễn Bá Tuyển, P.12, Q.Tân Bình, TP.HCM",50000000.0,226.24,221004.243281471,10.793492882047767,106.64428393308336,6.176125769835065,5.0,5.0,7m²
"100 Trần Quốc Toản, P.Võ Thị Sáu, Q.3, TP.HCM",15900000.0,280.42,56700.66329077812,10.817632521063787,106.73378668168019,5.654708513801928,3.0,3.0,156.90m²
"394A ( sổ 392) Nguyễn Thị Kiểu, P.Hiệp Thành, Q.12, TP.HCM",12900000.0,92.14,140004.34121988277,10.76971401782338,106.70363957362781,1.2228419558525354,1.0,1.0,60.19m²
"Trịnh Quang Nghị, P.7, Q.8, TP.HCM",8900000.0,80.9,110012.36093943138,10.736949794343278,106.7279001363347,5.694053923516582,4.0,5.0,285.70m²
"19 đường số 20, Phước Long B, Q.9, TP.HCM",19300000.0,120.62,160006.63239927043,10.770887188408908,106.74663246362414,5.298685266697108,4.0,5.0,239.10m²
"1 Nguyễn Văn Bứa, Xã Xuân Thới Sơn, H.Hóc Môn, TP.HCM",750.0,18.75,40.0,10.872248133164895,106.59512780127169,15.286962743425809,2.0,2.0,80m²
"5B (Thửa 26 - tờ 49) Nguyễn Văn On, TT.Củ Chi, H.Củ Chi, TP.HCM",3400000.0,30.35,112026.35914332783,11.001644786303153,106.50185310375774,32.66403171843962,2.0,1.0,
"Lê Quang Định, P.11, Q.Bình Thạnh, TP.HCM",23000000.0,263.76,87200.48528965727,10.807626481487956,106.71974373597497,3.8231915019022695,3.0,3.0,204.20m²
"45 Phan Đình Phùng, P.15, Q.Phú Nhuận, TP.HCM",15990000.0,366.74,43600.370834923924,10.796484006697323,106.69049115040099,2.069675854528854,4.0,4.0,151.90m²
"86 Trần Thị Hè, P.Hiệp Thành, Q.12, TP.HCM",5500000.0,72.08,76304.10654827968,10.775444170053127,106.70454936247629,0.7714910093151429,2.0,1.0,100.40m²
"34-36 đường B3, P.Tây Thạnh, Q.Tân Phú, TP.HCM",15380000.0,148.02,103904.87771922712,10.795700973161846,106.63661654706915,7.049015834069176,6.0,4.0,
"24 Hoa Hồng, P.2, Q.Phú Nhuận, TP.HCM",24900000.0,389.06,64000.41124762248,10.788376769885161,106.68439620757884,1.8611584222716377,4.0,6.0,279.98m²
"Thửa 731 - tờ 98 đường số 5, Xã Tân Thông Hội, H.Củ Chi, TP.HCM",3950000.0,37.26,106011.80891035964,11.010224420243405,106.50489374326827,33.16904143288542,3.0,2.0,103.30m²
"đường số 7, P.11, Q.6, TP.HCM",14500000.0,181.25,80000.0,10.7348533079102,106.72973192576455,5.998263664246712,4.0,4.0,276.80m²
"579 Hoàng Văn Thụ, P.4, Q.Tân Bình, TP.HCM",22000000.0,206.18,106702.8809777864,10.788029138861571,106.64427561968193,6.057108456962243,4.0,4.0,272.80m²
"Huỳnh Thị Đồng, TT.Nhà Bè, H.Nhà Bè, TP.HCM",24000000.0,115.55,207702.2933794894,10.6808485700232,106.73798747655128,11.744122833793167,4.0,4.0,856.80m²
"17 Hồng Hà, P.2, Q.Tân Bình, TP.HCM",26500000.0,333.33,79500.79500795009,10.787267788512708,106.65300903671391,5.1005396045993106,4.0,4.0,261.30m²
"137bis Nguyễn Thị Minh Khai, P.Bến Thành, Q.1, TP.HCM",45000000.0,689.12,65300.67332249826,10.778954643260013,106.68703126441052,1.3152701999332834,6.0,5.0,145.80m²
"2 Trương Hán Siêu, P.Tân Định, Q.1, TP.HCM",8800000.0,290.42,30300.943461194132,10.76339905643437,106.70305403751425,1.8652200994160952,3.0,4.0,101.70m²
"749 Huỳnh Tấn phát, P.Phú Thuận, Q.7, TP.HCM",2200000.0,132.53,16600.01509092281,10.74566580628354,106.70024108983235,3.7763581881506525,2.0,2.0,
"đường số 12, P.10, Q.Gò Vấp, TP.HCM",24000000.0,240.0,100000.0,10.819653879667383,106.68544286965971,4.65355582839357,5.0,4.0,374.20m²
"21 Nguyễn Thiện Thuật, P.14, Q.Bình Thạnh, TP.HCM",290000000.0,399.94,725108.7663149473,10.818697158950922,106.70527642318251,4.358106299927529,5.0,5.0,3327.10m²
"77D Phú Hòa, P.8, Q.Tân Bình, TP.HCM",5400000.0,136.67,39511.231433379675,10.797857279751023,106.65539629576568,5.173573860413472,2.0,2.0,79.02m²
"150 Hồng lạc, P.11, Q.Tân Bình, TP.HCM",3700000.0,185.0,20000.0,10.810016119948449,106.64887840684814,6.423519946411543,2.0,2.0,40m²
"29 Đỗ Thị Lời, P.11, Q.3, TP.HCM",19800000.0,401.45,49321.21061153319,10.821144976761362,106.70506769694211,4.622396286563581,2.0,2.0,128.40m²
"78 Lê Văn Sỹ, P.11, Q.Phú Nhuận, TP.HCM",55000000.0,368.87,149104.02038658605,10.796055592602391,106.69219567688596,1.948692963611969,1.0,2.0,369.40m²
"150 đường số 9, P.9, Q.Gò Vấp, TP.HCM",5950000.0,141.66,42001.97656360299,10.812987344231638,106.66885476183673,4.937289119524155,2.0,2.0,73.20m²
"Nam Kì Khởi Nghĩa, P.Võ Thị Sáu, Q.3, TP.HCM",117000000.0,776.37,150701.34085551993,10.735757189555954,106.74099592027017,6.692382697045435,7.0,6.0,469.67m²
"41 Lê Thúc Hoạch, P.Phú Thọ Hòa, Q.Tân Phú, TP.HCM",30000000.0,182.48,164401.57825515125,10.788744683717953,106.63122671521427,7.48110856194275,5.0,5.0,
"32/17C Phan Văn Đối, Xã Bà Điểm, H.Hóc Môn, TP.HCM",55000000.0,60.14,914532.7569005653,10.8714869659986,106.60304178607923,14.596593211076145,4.0,4.0,
"8 đường số 33A, P.Bình Trị Đông B, Q.Bình Tân, TP.HCM",30000000.0,107.52,279017.85714285716,10.778360543109933,106.60172283947978,10.64325006989604,5.0,4.0,265.70m²
"177 Trần Thị Trọng, P.15, Q.Tân Bình, TP.HCM",45000000.0,160.88,279711.5862754848,10.813138455493533,106.66216891946608,5.464427013049414,31.0,32.0,873.30m²
"262 Nguyễn Thái Bình, P.12, Q.Tân Bình, TP.HCM",55000000.0,333.33,165001.65001650018,10.789494387174235,106.64300432925404,6.220506239645448,3.0,2.0,406.46m²
"175 Bùi Minh Trực, P.5, Q.8, TP.HCM",11500000.0,169.36,67902.69248937175,10.792409748118391,106.69192969652886,1.597738310099108,4.0,3.0,98.60m²
"175 Bùi Minh Trực, P.5, Q.8, TP.HCM",11500000.0,169.36,67902.69248937175,10.757905456212358,106.706019446765,2.5380909097284037,4.0,3.0,98.60m²
"37B Lê Thị Bay, Xã Tân Thạnh Đông, H.Củ Chi, TP.HCM",3000000.0,29.7,101010.10101010102,11.016168031303351,106.49040973559933,34.69649025840236,2.0,1.0,
"Thửa 954 - tờ 15 đường 420, Xã Phước Vĩnh An, H.Củ Chi, TP.HCM",3450000.0,32.54,106023.35586969883,10.996229393895154,106.48725831706057,33.305324568596085,3.0,2.0,
"ngã ba đông quang, P.Hiệp Thành, Q.12, TP.HCM",780.0,30.0,26.0,10.785559033794565,106.7022579835014,0.7298664696865147,2.0,2.0,
"401 Man Thiện, P.Tăng Nhơn Phú A, TP.Thủ Đức, TP.HCM",22000000.0,172.95,127204.39433362245,10.835022378801321,106.75515038047845,8.660251985176359,3.0,3.0,310.20m²
"414 Tỉnh Lộ 15, Xã Phú Hòa Đông, H.Củ Chi, TP.HCM",43000000.0,17.1,2514619.8830409353,11.006721583412551,106.50592907565688,32.79932951465259,2.0,2.0,
"87 Trần Văn Đang, P.9, Q.3, TP.HCM",6500000.0,234.65,27700.831024930747,10.78501917047314,106.6786818369398,2.299284136045544,3.0,2.0,57.30m²
"51 Dương Khuê, P.Hiệp Tân, Q.Tân Phú, TP.HCM",11600000.0,154.25,75202.59319286872,10.78700285714075,106.61115703005653,9.64325400019447,2.0,2.0,152m²
"14 Ngô Đức Kế, P.12, Q.Bình Thạnh, TP.HCM",33000000.0,212.9,155002.34852043213,10.80902910443249,106.69868873522205,3.234997725173869,27.0,27.0,
"207 Tân Qúy, P.Phú Thọ Hòa, Q.Tân Phú, TP.HCM",12300000.0,209.89,58602.1249225785,10.79438829889074,106.63862424475872,6.80069299501473,1.0,2.0,66.40m²
"28 đường số 64, Xã Tân Phú Trung, H.Củ Chi, TP.HCM",4000000.0,31.2,128205.1282051282,10.792470298975173,106.61330529648284,9.479536695144835,3.0,2.0,144.30m²
"152 Dương thị mười, P.Tân Chánh Hiệp, Q.12, TP.HCM",9500000.0,90.47,105007.1847021112,10.785896111758845,106.69286047279829,0.9549425081718478,4.0,4.0,230m²
"Hẻm 749 Huỳnh Tấn Phát, P.Phú Thuận, Q.7, TP.HCM",2150000.0,126.47,17000.07907013521,10.735306055543766,106.741772685977,6.787027565690082,2.0,1.0,
"54 Lê văn lương, P.Tân Hưng, Q.7, TP.HCM",3290000.0,117.5,28000.0,10.80267854169011,106.72331558714232,3.6698753772559356,3.0,2.0,28m²
"Hiệp Nhất, P.4, Q.Tân Bình, TP.HCM",18900000.0,223.85,84431.53897699353,10.802626020380986,106.64116810597488,6.813518318520155,3.0,2.0,168.84m²
"Hồng Lạc, P.10, Q.Tân Bình, TP.HCM",9300000.0,235.32,39520.6527281999,10.79981870810178,106.65036508892595,5.764904786592534,4.0,4.0,112.86m²
"310 Gò Dầu, P.Tân Quý, Q.Tân Phú, TP.HCM",10700000.0,144.98,73803.28321147745,10.799115267821648,106.63199975701802,7.635973559793368,4.0,3.0,90m²
"122 Nguyễn Văn Cừ, P.Cầu Ông Lãnh, Q.1, TP.HCM",50000000.0,459.98,108700.3782773164,10.761160682970784,106.70493714572423,2.1590909288505626,4.0,3.0,175.10m²
"100 đường số 16, P.Bình Hưng Hòa, Q.Bình Tân, TP.HCM",7950000.0,146.95,54100.03402517863,10.768680547207055,106.60023435244382,10.87464054354538,4.0,3.0,191.90m²
"Phổ Quang, P.9, Q.Phú Nhuận, TP.HCM",17000000.0,250.0,68000.0,10.792617343375861,106.6694707164217,3.530459280427972,4.0,4.0,89m²
"Dương Quang Đông, P.5, Q.8, TP.HCM",24000000.0,258.06,93001.62752848175,10.77113729244808,106.72949773660432,3.4670251302591595,4.0,3.0,215.20m²
"410 An Dương Vương, P.10, Q.6, TP.HCM",17800000.0,147.96,120302.78453636117,10.827743524790089,106.70264207039331,5.319553473892279,2.0,3.0,127m²
"81 Đô Đốc Lộc, P.Tân Quý, Q.Tân Phú, TP.HCM",3980000.0,165.83,24000.48242175722,10.788511106206128,106.62362396438785,8.302954966968997,2.0,2.0,47.20m²
"114 - 114/2 đường số 8, P.Bình Hưng Hòa, Q.Bình Tân, TP.HCM",14000000.0,69.58,201207.24346076458,10.773499066980847,106.60022790637191,10.828015602335066,5.0,5.0,
"27A Đồng Xoài, P.13, Q.Tân Bình, TP.HCM",6000000.0,332.22,18060.32147372223,10.796232331785705,106.66368962812452,4.271572215705896,3.0,3.0,57.62m²
"498 Đoàn Văn Bơ, P.15, Q.4, TP.HCM",9500000.0,164.64,57701.652089407195,10.770873490865801,106.6578131975063,4.614162609020011,3.0,4.0,85.70m²
"74 đường CN1, P.Sơn Kỳ, Q.Tân Phú, TP.HCM",16200000.0,162.0,100000.0,10.805051268393836,106.63525887358995,7.513157017843392,1.0,1.0,156m²
"108 Phạm Văn Hai, P.2, Q.Tân Bình, TP.HCM",23000000.0,204.28,112590.5619737615,10.793822480491528,106.66021673916394,4.519696675981485,5.0,5.0,264.06m²
"đường số 22, Bình Trưng Tây, Q.2, TP.HCM",14500000.0,63.23,229321.5245927566,10.80597317831991,106.67312428813274,4.051740164273987,3.0,2.0,135.50m²
"3 Núi Thành, P.13, Q.Tân Bình, TP.HCM",26500000.0,262.63,100902.41023493127,10.805304591507777,106.6501039347358,6.0494649101768845,10.0,10.0,290.50m²
"Thành Mỹ, P.8, Q.Tân Bình, TP.HCM",22500000.0,157.12,143202.64765784112,10.796185308220682,106.66654373806409,3.989005410348184,1.0,1.0,158.70m²
"264 đường Lý Thái Tổ, P.1, Q.3, TP.HCM",4950000.0,267.56,18500.52324712214,10.762973550875383,106.68535620476383,2.386188973703435,2.0,2.0,55.50m²
"146 Nguyễn Thị Nhỏ, P.12, Q.5, TP.HCM",28000000.0,327.79,85420.5436407456,10.737299991111437,106.65746819127563,6.53812028211168,3.0,3.0,125.91m²
"32 Huyền Quang, P.Tân Định, Q.1, TP.HCM",10800000.0,322.38,33500.837520938025,10.772630193597458,106.71405983486784,1.8245924442723815,2.0,1.0,71.04m²
"Hà Huy Giáp KP1, P.Thạnh Lộc, Q.12, TP.HCM",50000000.0,102.12,489620.05483744614,10.77989525371857,106.70874321538686,1.062602265136715,4.0,4.0,330.80m²
"số 59B, P.Tân Tạo, Q.Bình Tân, TP.HCM",15000000.0,150.0,100000.0,10.764336800071586,106.6167215296134,9.16266049016042,4.0,3.0,265m²
"443 Thống Nhất, P.11, Q.Gò Vấp, TP.HCM",8600000.0,2.0,4300000.0,10.829876914693102,106.66384895756735,6.745465002554844,2.0,2.0,41.80m²
"C25 Đường D11, P.Phú Mỹ, Q.7, TP.HCM",16800000.0,186.66,90003.2144005143,10.7531516980512,106.71431209624474,3.387228195910508,4.0,5.0,227.50m²
"31 Trần Khắc Chân, P.Tân Định, Q.1, TP.HCM",42000000.0,574.55,73100.68749456096,10.784407158801823,106.69946236268615,0.513473750979739,6.0,6.0,410.76m²
"698 Võ Văn Kiệt, P.1, Q.5, TP.HCM",13500000.0,569.23,23716.248265200356,10.823276370528207,106.70574005586963,4.866401109166863,3.0,3.0,97.40m²
"89 Nhất Chi Mai, P.13, Q.Tân Bình, TP.HCM",25000000.0,177.8,140607.424071991,10.800973015030518,106.64472903781629,6.384110028324244,4.0,2.0,222.90m²
"đường Thạch Lam, P.Phú Thạnh, Q.Tân Phú, TP.HCM",24000000.0,132.74,180804.58038270302,10.804013828191836,106.62623082026397,8.400340139956269,21.0,21.0,447.60m²
"163 - 165 Đường Cao Thắng, P.12, Q.10, TP.HCM",65000000.0,793.65,81900.0819000819,10.765173869782744,106.69111244144639,1.8334477546861103,1.0,1.0,
"46 Tú Mỡ, P.7, Q.Gò Vấp, TP.HCM",4500000.0,200.0,22500.0,10.82404587607595,106.66749112340513,5.988652211775988,2.0,3.0,
"đường số 19, P.Bình Hưng Hoà A, Q.Bình Tân, TP.HCM",7000000.0,87.93,79608.77971113384,10.75620030536455,106.59490917677955,11.682694935969023,3.0,4.0,150.70m²
"154 Nguyễn Văn Trỗi, P.8, Q.Phú Nhuận, TP.HCM",30000000.0,560.74,53500.731176659414,10.785574636742886,106.68743465949119,1.4204800434244247,14.0,14.0,393.40m²
"Trần Tấn, Tân Sơn Nhì, Q.Tân Phú, TP.HCM",10800000.0,157.89,68402.05206156186,10.778437632998289,106.62612475694536,7.9746833350688675,5.0,6.0,242.60m²
"494 Dương Quảng Hàm, P.6, Q.Gò Vấp, TP.HCM",13000000.0,250.96,51801.083838061844,10.832410872606067,106.66543257835288,6.883552975912449,3.0,4.0,135.40m²
"6 Gò Công, P.13, Q.5, TP.HCM",16900000.0,358.05,47200.111716240746,10.819658852223139,106.7364249349163,6.014921244088533,3.0,3.0,147.90m²
"2A Lý Đạo Thành, P.16, Q.8, TP.HCM",6000000.0,96.61,62105.37211468792,10.73339521193047,106.74061440824661,6.8570989005477605,4.0,3.0,113.90m²
"88 số 7, P.Tân Tạo A, Q.Bình Tân, TP.HCM",14000000.0,135.47,103343.91378164907,10.752204886665838,106.6182113511708,9.35079764356245,22.0,22.0,272m²
"Lê Thúc Hoạch, P.Tân Quý, Q.Tân Phú, TP.HCM",31000000.0,216.78,143002.1219669711,10.790181413142205,106.63131392660561,7.494372620396162,5.0,7.0,459.89m²
"Phổ Quang, P.2, Q.Tân Bình, TP.HCM",21500000.0,315.01,68251.80153011015,10.811726237725612,106.6672483042944,4.956009033731952,4.0,3.0,156.80m²
"Nguyễn Duy Dương, P.9, Q.5, TP.HCM",29000000.0,499.13,58101.09590687797,10.761628970751932,106.73414300607352,4.333960384533216,4.0,4.0,223m²
"70 đường số 2, P.7, Q.8, TP.HCM",11500000.0,104.54,110005.7394298833,10.767562518633019,106.71784503505825,2.4623692127104784,7.0,5.0,
"10 đường số 3, Tăng Nhơn Phú B, Q.9, TP.HCM",3850000.0,89.12,43200.17953321364,10.738204387427633,106.71824228767866,5.056744716294546,1.0,1.0,43.20m²
"22C đường số 7, Long Phước, Q.9, TP.HCM",18000000.0,79.96,225112.5562781391,10.759004085079361,106.68825382956783,2.583088775361443,3.0,6.0,378.40m²
"8 Nguyễn Công Trứ, P.19, Q.Bình Thạnh, TP.HCM",16000000.0,428.95,37300.38466021681,10.814328069977211,106.70353319506867,3.852556103242362,1.0,2.0,74.60m²
"50 đường số 4, P.Bình Trị Đông, Q.Bình Tân, TP.HCM",6000000.0,130.43,46001.68672851338,10.752498029542645,106.59394545799007,11.882890875659546,2.0,3.0,95m²
"24 Nguyễn Tuân, P.3, Q.Gò Vấp, TP.HCM",13000000.0,194.02,67003.4017111638,10.8123594381238,106.68730398717827,3.8244909230790816,3.0,2.0,49.40m²
"4 Đỗ Thị Tâm, Tân Quý, Q.Tân Phú, TP.HCM",12000000.0,109.52,109569.0284879474,10.788326684660206,106.61219403135934,9.543596958032674,2.0,1.0,97.10m²
"17 đường số 7, P.An Lạc, Q.Bình Tân, TP.HCM",27000000.0,207.69,130001.444460494,10.778392255683954,106.59767368471704,11.086002088521958,6.0,6.0,384m²
"219 Thoại Ngọc Hầu, P.Phú Thạnh, Q.Tân Phú, TP.HCM",16000000.0,135.59,118002.80256656095,10.80108163654969,106.61790732400249,9.17910926763405,2.0,2.0,
"69 Bác Ái, P.Tân Thành, Q.Tân Phú, TP.HCM",9200000.0,139.18,66101.45135795373,10.79746884177214,106.62109779994141,8.74439881848254,4.0,5.0,215.48m²
"352 Lê Văn Sỹ, P.14, Q.3, TP.HCM",32000000.0,658.33,48607.841052359756,10.763960610467095,106.73860386728985,4.668966874218426,3.0,2.0,182.80m²
"11 Nguyễn Văn Huyên, P.Tân Thành, Q.Tân Phú, TP.HCM",25000000.0,216.26,115601.59067788774,10.7822567442482,106.61260579414245,9.455728039260523,4.0,4.0,370.20m²
"72a Bùi Quang  là, P.12, Q.Gò Vấp, TP.HCM",8900000.0,118.66,75004.2137198719,10.824123914628887,106.67379085668539,5.627705794836192,3.0,4.0,147m²
"116 Phùng Văn Cung, P.4, Q.Phú Nhuận, TP.HCM",15550000.0,307.92,50500.12990387113,10.806393379426849,106.677886043669,3.7428181383574004,5.0,6.0,
"Ngô Đức Kế, P.12, Q.Bình Thạnh, TP.HCM",20500000.0,205.0,100000.0,10.813810419464184,106.70954137827522,3.93536584082638,5.0,6.0,220.10m²
"Võ Thị Hồi, Xã Xuân Thới Đông, H.Hóc Môn, TP.HCM",3950000.0,39.5,100000.0,10.890859777666007,106.58762407126417,17.301747219139493,3.0,2.0,100m²
"12222 Tỉnh lộ 10, P.Tân Tạo, Q.Bình Tân, TP.HCM",7200000.0,100.0,72000.0,10.751498744896349,106.60768791403001,10.468639271863196,5.0,4.0,
"Phạm Văn Đồng, P.Hiệp Bình Chánh, TP.Thủ Đức, TP.HCM",7000000.0,87.5,80000.0,10.863276329822735,106.76366631134138,11.629790762654443,3.0,3.0,80m²
"Bùi Thế Mỹ, P.10, Q.Tân Bình, TP.HCM",8500000.0,101.19,84000.39529597787,10.815638968646947,106.64976820409413,6.689515473813749,4.0,4.0,
"trần văn giáp, P.Hiệp Tân, Q.Tân Phú, TP.HCM",8700000.0,155.35,56002.574831026715,10.80178235410345,106.6196064210852,9.020227666847747,3.0,3.0,69m²
"24 Tân Chánh Hiệp 08, P.Tân Chánh Hiệp, Q.12, TP.HCM",6180000.0,90.88,68001.76056338029,10.777674666094162,106.71438280354447,1.6954741884388782,3.0,2.0,
"77 đường 3158C Phạm Thế Hiển, P.7, Q.8, TP.HCM",13000000.0,67.7,192023.63367799114,10.785997050752147,106.73011386619126,3.4685045556153704,5.0,4.0,261.60m²
"99:29 Nguyễn đình chiều, P.10, Q.Phú Nhuận, TP.HCM",6800000.0,226.66,30000.882378893497,10.789294058297116,106.67434394947503,2.897270971742534,2.0,2.0,
"30A1 Kênh Nước Đen, P.Bình Hưng Hòa, Q.Bình Tân, TP.HCM",11200000.0,224.0,50000.0,10.771847874965744,106.61056308607252,9.715097788236516,5.0,5.0,234.60m²
"27 Quốc lộ 22, Xã Tân Xuân, H.Hóc Môn, TP.HCM",14500000.0,104.99,138108.39127535955,10.886401151951903,106.59527589950055,16.36433700198778,1.0,1.0,186.70m²
"9A Cống Lở, P.15, Q.Tân Bình, TP.HCM",15500000.0,134.78,115002.22584953257,10.796872607132443,106.66702368973176,3.9778821348557125,2.0,2.0,115m²
"Trương Phước Phan, P.Bình Trị Đông, Q.Bình Tân, TP.HCM",16500000.0,107.84,153004.45103857567,10.75571475746082,106.61854301919698,9.196655366698167,4.0,5.0,
"8 đường B2, KDC Bến Lức, P.7, Q.8, TP.HCM",24000000.0,200.0,120000.0,10.777319515460901,106.6737929929138,2.773351514296229,6.0,7.0,391m²
"TL11-31 Vinhomes Saigon Park, Xã Xuân Thới Sơn, H.Hóc Môn, TP.HCM",5940000.0,118.9,49957.94785534062,10.896393195265647,106.60773990135517,16.309854714990873,3.0,3.0,148.10m²
"Thửa 54 - tờ 7 đường số 129, Xã Tân Thạnh Đông, H.Củ Chi, TP.HCM",3700000.0,12.3,300813.0081300813,10.993382137795749,106.50853987136118,31.495138767325418,15.0,15.0,
"Thửa 840 - tờ 93 Tỉnh Lộ 15, Xã Tân Thạnh Đông, H.Củ Chi, TP.HCM",3500000.0,16.39,213544.84441732764,10.99780337152296,106.51061616461477,31.715655646008226,1.0,1.0,
"505 đường Lê Trọng Tấn, P.Sơn Kỳ, Q.Tân Phú, TP.HCM",14000000.0,155.9,89801.15458627325,10.791892069591917,106.62265216766028,8.459569973621864,3.0,4.0,82.60m²
"Ko có số nhà Thới tam thôn 16, Xã Thới Tam Thôn, H.Hóc Môn, TP.HCM",2980000.0,41.38,72015.46640889317,10.878924644238172,106.57917970980169,17.088261192628018,2.0,2.0,
"266C Bình Trị Đông, P.Bình Trị Đông, Q.Bình Tân, TP.HCM",13800000.0,150.16,91901.97123068727,10.76212126003186,106.61204361312872,9.712136681232947,6.0,6.0,233.80m²
"81 Hoàng Xuân Nhị, P.Phú Trung, Q.Tân Phú, TP.HCM",14100000.0,114.07,123608.31068642062,10.803062190922814,106.63130603478314,7.841111503050629,5.0,2.0,133m²
"8 Bế Văn Đàn, P.14, Q.Tân Bình, TP.HCM",49500000.0,88.83,557244.1742654509,10.814508791162948,106.64785949859254,6.787219830488467,4.0,4.0,1251.40m²
"59 Bế Văn Đàn, P.14, Q.Tân Bình, TP.HCM",17950000.0,249.3,72001.60449257922,10.787806901337358,106.6470138947123,5.757385253628543,5.0,5.0,258.80m²
"372 Huỳnh Văn Bánh, P.13, Q.Phú Nhuận, TP.HCM",22900000.0,401.75,57000.62227753578,10.806002684629908,106.67359274363642,4.018441447895417,4.0,4.0,230m²
"16 đường số 32A, P.Bình Trị Đông B, Q.Bình Tân, TP.HCM",13800000.0,138.0,100000.0,10.770195956954325,106.5939738436018,11.538585860441685,4.0,6.0,284.40m²
"4 đường số 2, P.An Lạc, Q.Bình Tân, TP.HCM",7600000.0,119.68,63502.67379679144,10.771447577938709,106.5965814479616,11.24240551016972,3.0,3.0,190.98m²
"35 Huỳnh Văn Nghệ, P.12, Q.Gò Vấp, TP.HCM",5800000.0,103.38,56103.69510543626,10.82384697380395,106.68123010681919,5.248113294486318,2.0,2.0,57.30m²
"59/9K Tân xuân 1, Xã Tân Xuân, H.Hóc Môn, TP.HCM",4200000.0,68.85,61002.17864923748,10.875603831698509,106.59321510080208,15.691293872073654,4.0,2.0,129.40m²
"85B Ca Văn Thỉnh, P.11, Q.Tân Bình, TP.HCM",11380000.0,277.56,41000.14411298458,10.809747711386093,106.65737907842828,5.63301565070706,6.0,6.0,250m²
"Nguyễn Thị Minh Khai, P.Võ Thị Sáu, Q.3, TP.HCM",13500000.0,275.51,49000.03629632318,10.739561781677796,106.68873435096921,4.58945024717712,4.0,4.0,197.44m²
"88 Quách Đình Bảo, P.Phú Thạnh, Q.Tân Phú, TP.HCM",22400000.0,172.17,130103.96700935122,10.78582618663379,106.63916362471998,6.581187459711516,4.0,5.0,296.10m²
"Đào Duy Từ, P.15, Q.Phú Nhuận, TP.HCM",7800000.0,129.56,60203.766594627974,10.812767987963584,106.69153698662454,3.7392027725784556,7.0,6.0,175.20m²
"Số 1 Trịnh Thị Tho, P.Hiệp Tân, Q.Tân Phú, TP.HCM",6900000.0,234.69,29400.485747155824,10.793722392089142,106.62765766077688,7.956233369603128,4.0,3.0,97.60m²
"4 đường số 7, Khu Z756, P.12, Q.10, TP.HCM",57000000.0,647.72,88000.98808126968,10.769164623787065,106.69246125416078,1.3769024037851798,5.0,5.0,250m²
"Huỳnh Văn Bánh, P.11, Q.Phú Nhuận, TP.HCM",7200000.0,144.0,50000.0,10.803529116583322,106.67705844883079,3.559615612637513,2.0,2.0,82.60m²
"Hoàng Văn Thụ, P.4, Q.Tân Bình, TP.HCM",18900000.0,260.33,72600.16133369185,10.793359045821076,106.66141825905977,4.3786829984998095,3.0,2.0,101.30m²
"đường số 1, P.11, Q.Gò Vấp, TP.HCM",7600000.0,198.43,38300.66018243209,10.8223706121446,106.67495496121718,5.39628421772446,3.0,4.0,123.60m²
"đường số 5, P.17, Q.Gò Vấp, TP.HCM",6500000.0,126.95,51201.26033871603,10.81774482772874,106.67487935921976,4.96033132719051,2.0,2.0,80.50m²
"Thửa 515 - tờ 10 Nguyễn Văn Khạ, Xã Tân An Hội, H.Củ Chi, TP.HCM",9500000.0,9.98,951903.8076152304,11.00897126388069,106.49934876091729,33.45503944958581,1.0,1.0,
"Cách Mạng Tháng 8, P.12, Q.10, TP.HCM",19200000.0,319.46,60101.42114818757,10.788279035580766,106.70605358561721,1.2137294817770516,4.0,4.0,149.90m²
"9 Vũ Ngọc Phan, P.13, Q.Bình Thạnh, TP.HCM",11900000.0,267.41,44500.95359186268,10.821136152100253,106.70199860621133,4.585508714500823,4.0,5.0,160.20m²
"364/1A Dương Quảng Hàm, P.5, Q.Gò Vấp, TP.HCM",12600000.0,177.46,71001.91592471543,10.832407614831249,106.66158772508932,7.11656089613096,5.0,6.0,259m²
"39 ( Thửa 270 - tờ 21 ) đường số 72A, Xã Tân Phú Trung, H.Củ Chi, TP.HCM",4700000.0,20.53,228933.26838772526,10.776852090988378,106.6199432163926,8.655458611142107,2.0,1.0,
"1770/29 Tỉnh lộ 10, P.Bình Trị Đông, Q.Bình Tân, TP.HCM",5250000.0,75.0,70000.0,10.767027334196865,106.59404103059212,11.568832919621874,3.0,2.0,84.60m²
"Hoàng Hoa Thám, P.1, Q.Gò Vấp, TP.HCM",9800000.0,106.4,92105.26315789473,10.822397078154806,106.6626101495451,6.170763467806739,3.0,3.0,138.80m²
"1 Bùi hữu nghĩa, P.2, Q.Bình Thạnh, TP.HCM",5250000.0,187.5,28000.0,10.810391508876085,106.69731217841642,3.3906813764116928,4.0,3.0,
"Thửa 812 - tờ 59 Lê Thị Siêng, Xã Tân Thông Hội, H.Củ Chi, TP.HCM",2890000.0,19.32,149585.92132505175,11.01336260371918,106.48997075277354,34.49508551113351,2.0,1.0,
"6/3F1 Số 20, Linh Đông, Q.Thủ Đức cũ, TP.HCM",45000000.0,125.0,360000.0,10.855282707929245,106.7474532930612,9.888508231344774,3.0,,360m²
"300 Lo lu, P.Trường Thạnh, TP.Thủ Đức, TP.HCM",15900000.0,196.78,80800.89439983739,10.845314184881467,106.76749400954942,10.420991963488172,10.0,11.0,392.70m²
"5 Đỗ Thị Tâm, P.Tân Quý, Q.Tân Phú, TP.HCM",7700000.0,105.63,72895.9575878065,10.802815735935866,106.61251328957098,9.798524571218506,4.0,2.0,114.18m²
"104 Nguyễn Cửu Vân, P.17, Q.Bình Thạnh, TP.HCM",28600000.0,263.83,108403.13838456583,10.802833552402046,106.70442739882058,2.6169654053914964,1.0,1.0,203.40m²
"19 Nguyễn Ngọc Nhựt, P.Tân Quý, Q.Tân Phú, TP.HCM",13600000.0,189.67,71703.48500026362,10.793891091916974,106.62556638908109,8.184266284600064,6.0,6.0,313.40m²
"70 Nguyễn tư giản, P.12, Q.Gò Vấp, TP.HCM",10900000.0,170.31,64000.93946333157,10.82023539921627,106.67497900003364,5.190065664857923,4.0,5.0,
"Phan Văn Trị, P.14, Q.Bình Thạnh, TP.HCM",3890000.0,209.13,18600.870272079566,10.806550716450559,106.70480682426809,3.0273442726691955,1.0,1.0,37.20m²
"đường số 10, P.Bình Hưng Hoà A, Q.Bình Tân, TP.HCM",17500000.0,141.47,123701.13805047006,10.779392596733713,106.58941466610062,11.988263793242524,4.0,5.0,353.10m²
"Phan Đăng Lưu, P.5, Q.Phú Nhuận, TP.HCM",8500000.0,202.38,42000.197647988934,10.810387982229049,106.6731170873682,4.414589442826929,4.0,3.0,42m²
"Khu Đô Thị Mizuki Park Nguyễn Văn Linh, Xã Bình Hưng, H.Bình Chánh, TP.HCM",18800000.0,75.5,249006.6225165563,10.68695372025184,106.59027767583795,15.71445427403184,4.0,5.0,
"đường số 13, P.Bình Trị Đông B, Q.Bình Tân, TP.HCM",15500000.0,155.0,100000.0,10.773225160187547,106.59681913008097,11.202012998741568,5.0,6.0,311.50m²
"111 Gần Chợ Bà Home, P.An Lạc, Q.Bình Tân, TP.HCM",1000000.0,22.72,44014.08450704226,10.775572425730726,106.60719778231058,10.054149208859139,2.0,2.0,44m²
"48 Lê Văn Thọ, P.11, Q.Gò Vấp, TP.HCM",14900000.0,184.86,80601.53629773883,10.813453182087171,106.68236775050305,4.14595414312362,6.0,7.0,216.40m²
"Đông Thạnh 4, Xã Đông Thạnh, H.Hóc Môn, TP.HCM",6350000.0,86.86,73106.14782408474,10.890174502860788,106.60318605186,16.091328258789552,2.0,1.0,
"18 đường số 3, P.Bình Hưng Hoà A, Q.Bình Tân, TP.HCM",12500000.0,130.2,96006.14439324118,10.763716235813751,106.60901454052035,10.00400501753942,2.0,2.0,191.60m²
"Thửa 42 - Tờ 15, 15B đường số 33, Xã Tân Thông Hội, H.Củ Chi, TP.HCM",7500000.0,20.17,371839.3653941497,10.99880470710118,106.50732087508992,32.03447836525077,7.0,7.0,
"214 Liêu Bình Hương, Xã Tân Thông Hội, H.Củ Chi, TP.HCM",4300000.0,64.95,66204.77290223248,11.009976004680293,106.51396158027808,32.52211063979078,2.0,2.0,
"73 đường số 9, P.9, Q.Gò Vấp, TP.HCM",13900000.0,255.51,54401.00191773316,10.828236988447623,106.6642704288661,6.570507848794861,4.0,5.0,218.20m²
"578.9 Phạm Văn Bạch, P.15, Q.Tân Bình, TP.HCM",8350000.0,119.28,70003.35345405768,10.790480280754338,106.6464821488646,5.8672351193127,3.0,2.0,70m²
"2295 Huỳnh tấn phát, Xã Phú Xuân, H.Nhà Bè, TP.HCM",2390000.0,45.96,52001.74064403829,10.685526285490406,106.72471946414508,10.798314787402951,4.0,3.0,104m²
"Nơ Trang Long, P.14, Q.Bình Thạnh, TP.HCM",2690000.0,56.04,48001.427551748755,10.811985817267855,106.7049343158391,3.6199313901390653,3.0,3.0,48m²
"Trần Hải Phụng, P.Tân Tạo, Q.Bình Tân, TP.HCM",5250000.0,40.29,130305.28667163067,10.765287942114462,106.60512686566634,10.394449961261714,3.0,2.0,
"26A ( Thửa 708 - tờ 25) Nguyễn Thị Điệp, Xã Đông Thạnh, H.Hóc Môn, TP.HCM",4850000.0,33.54,144603.45855694692,10.869421474880092,106.58528118717123,15.906635257214317,1.0,1.0,
"73 đường số 20, P.Bình Hưng Hoà A, Q.Bình Tân, TP.HCM",6450000.0,107.32,60100.63361908312,10.754627197374164,106.59475564659738,11.73911937940134,3.0,3.0,62m²
"25A Nguyễn Hữu Cảnh, P.22, Q.Bình Thạnh, TP.HCM",15900000.0,255.21,62301.63394851299,10.805399937841065,106.72291192018231,3.853639984277549,1.0,1.0,
"594 Lê Văn Quới, P.Bình Hưng Hoà A, Q.Bình Tân, TP.HCM",33500000.0,170.83,196101.3873441433,10.776781003020245,106.618390469606,8.825456606874596,2.0,2.0,97.20m²
"Xã Bình Mỹ, H.Củ Chi, TP.HCM",1390000.0,20.44,68003.91389432485,10.995460537406352,106.49124285258169,32.94236055330062,3.0,3.0,
"56 Phan Đình Phùng, P.2, Q.Phú Nhuận, TP.HCM",17500000.0,460.52,38000.521150004344,10.80018225481949,106.69313410990827,2.346475664714292,5.0,5.0,255m²
"Nguyễn Tiểu La, P.8, Q.10, TP.HCM",10550000.0,422.0,25000.0,10.769056787494288,106.707449679833,1.5021967344523093,3.0,3.0,89m²
"Phan Huy Thực, P.Tân Kiểng, Q.7, TP.HCM",16900000.0,231.5,73002.15982721382,10.8011524893784,106.65474592540036,5.388840664513048,4.0,5.0,167m²
"238 Nguyễn Thái Bình, P.4, Q.Tân Bình, TP.HCM",11500000.0,191.66,60002.08702911406,10.802863875861181,106.65102543344904,5.8375242141673205,6.0,5.0,60m²
"286 Phan Văn Trị, P.11, Q.Gò Vấp, TP.HCM",8300000.000000001,157.73,52621.56850313828,10.821246177879638,106.66601473718404,5.836729416560587,2.0,1.0,56.19m²
"33 Đặng Văn Ngữ, P.10, Q.Phú Nhuận, TP.HCM",28500000.0,278.86,102201.82170264648,10.805473084882427,106.68953484532877,3.0251702619411036,6.0,5.0,234.50m²
"Đặng Minh Trứ, P.10, Q.Tân Bình, TP.HCM",4900000.0,88.76,55205.047318611985,10.787117442100746,106.65869103952728,4.485452479971975,3.0,2.0,65.95m²
"92 Lê Thị Hồng, P.17, Q.Gò Vấp, TP.HCM",25500000.0,180.46,141305.55247700322,10.838957404663143,106.66376825945983,7.596604578784338,20.0,20.0,443.50m²
"166 đường số 6, P.7, Q.Gò Vấp, TP.HCM",12300000.0,153.75,80000.0,10.815212406846145,106.67858355926084,4.511705201230111,5.0,4.0,189.50m²
"6 Nguyễn Duy Dương, P.7, Q.5, TP.HCM",23900000.0,377.86,63250.93950140263,10.798093884472646,106.72048004430926,3.099291384251295,5.0,4.0,273.10m²
"đường số 9, P.Bình Hưng Hòa, Q.Bình Tân, TP.HCM",23700000.0,41.51,570946.7598169117,10.765434543127137,106.61500753249642,9.32544733658223,32.0,35.0,570.90m²
"475 Cách mạng tháng tám, P.12, Q.10, TP.HCM",5800000.0,193.33,30000.517250297416,10.781636371275319,106.7082933325898,1.0338124569631477,3.0,4.0,
"48 Phùng Văn Cung, P.7, Q.Phú Nhuận, TP.HCM",5650000.0,474.78,11900.24853616412,10.800639609252473,106.67753369423608,3.293496705829652,3.0,3.0,22.40m²
"2 An Phú Tây Hưng Long, Xã An Phú Tây, H.Bình Chánh, TP.HCM",670.0,6.7,100.0,10.692778515468085,106.60693450495582,13.93189360444334,3.0,2.0,100m²
"Thửa 577 - tờ 21 Trần Văn Chấm, Xã Tân Thông Hội, H.Củ Chi, TP.HCM",4300000.0,31.8,135220.12578616352,10.994310565028444,106.50780061471976,31.625602171382862,2.0,1.0,
"Thửa 550 - tờ 1 Tỉnh Lộ 8, Xã Bình Mỹ, H.Củ Chi, TP.HCM",6490000.0,12.98,500000.0,11.00853785807333,106.50001629516785,33.3711096740325,2.0,1.0,
"19A đường số 1, P.Bình Hưng Hoà A, Q.Bình Tân, TP.HCM",4680000.0,112.23,41700.08019246191,10.77610803364934,106.59001219926537,11.92983400719156,2.0,1.0,56.90m²
"22 ( Thửa 51 - tờ 15 ) Nguyễn Thị Lắng, Xã Phước Vĩnh An, H.Củ Chi, TP.HCM",1950000.0,10.9,178899.08256880732,11.017156773140242,106.49941252558892,34.14161696175621,2.0,1.0,
"967 Lạc Long Quân, P.11, Q.Tân Bình, TP.HCM",13500000.0,217.0,62211.98156682028,10.788604047791779,106.64575679748893,5.90717674973008,3.0,4.0,171.58m²
"603 Lê Văn Thọ, P.14, Q.Gò Vấp, TP.HCM",17500000.0,164.47,106402.38341338847,10.825331875976802,106.67809801760544,5.533659869350368,3.0,3.0,135.20m²
"Huỳnh Tấn Phát, Khu phố 7, Thị trấn Nhà Bè, TP.HCM",550.0,34.37,16.002327611288916,10.70467473553087,106.7176754261733,8.554872639925053,1.0,1.0,24m²
"88B Nguyễn Thị Hé, Xã Tân Thông Hội, H.Củ Chi, TP.HCM",2350000.0,17.12,137266.3551401869,11.016335919794956,106.51678341225497,32.88786053811531,2.0,1.0,
"243 đường số 6, P.7, Q.Gò Vấp, TP.HCM",3280000.0,134.97,24301.696673334816,10.8328035920373,106.6871342804633,6.007066858134333,2.0,2.0,
"523 cách mạng tháng 8, P.15, Q.10, TP.HCM",8490000.0,188.86,44953.9341311024,10.776225029518374,106.69006112502335,1.0567982938871754,3.0,4.0,
"Nguyễn Đình Chính, P.15, Q.Phú Nhuận, TP.HCM",23900000.0,234.77,101801.76342803595,10.798349724194201,106.69108229271188,2.229798213323934,3.0,2.0,117.30m²
"đường Thạnh Lộc 15, P.Thạnh Lộc, Q.12, TP.HCM",7300000.0,57.25,127510.91703056768,10.76132006105415,106.69138872020466,2.206750116695453,1.0,1.0,
"31 đường số 9, P.Bình Hưng Hòa, Q.Bình Tân, TP.HCM",5680000.0,69.86,81305.46807901518,10.770297546542306,106.61361575367279,9.40026491337253,2.0,2.0,106.81m²
"MPN 502 Tỉnh Lộ 10, P.Bình Trị Đông, Q.Bình Tân, TP.HCM",5100000.0,99.02,51504.74651585538,10.761243648396338,106.59804561103633,11.233375252735444,2.0,1.0,51.50m²
"19 Phan Xích Long, P.2, Q.Phú Nhuận, TP.HCM",39500000.0,460.37,85800.55173013012,10.789998064643349,106.66930610538309,3.4412785256396914,5.0,5.0,351.20m²
"158 đường số 59, P.14, Q.Gò Vấp, TP.HCM",15500000.0,280.79,55201.396061113286,10.822927141268705,106.66702262662115,5.918078284651224,3.0,5.0,229.20m²
"1 Lê Cao Lãng, P.Phú Thạnh, Q.Tân Phú, TP.HCM",2800000.0,149.73,18700.327255726977,10.801276855241511,106.63429459789015,7.46798781537675,3.0,3.0,
"22A ( Thửa 800 - tờ 36) ấp Bàu Sim 2, Xã Tân Thông Hội, H.Củ Chi, TP.HCM",4000000.0,38.49,103923.09690828786,11.021210005131593,106.49868713533571,34.53775100122142,2.0,2.0,
"174 Nguyễn Thái Bình, P.12, Q.Tân Bình, TP.HCM",5500000.0,369.12,14900.303424360642,10.791426570883068,106.64233406876039,6.332681721627628,3.0,3.0,
"39 Tân Thới Hiệp 09, P.Tân Thới Hiệp, Q.12, TP.HCM",5700000.0,61.55,92607.6360682372,10.789117731960985,106.70930384885668,1.5260031570453154,1.0,1.0,69m²
"Nguyễn Văn Đậu, P.5, Q.Bình Thạnh, TP.HCM",43900000.0,348.41,126000.97586177204,10.808681477406799,106.70971066346826,3.4031502528299544,7.0,7.0,826.80m²
"Hoàng Văn Hợp, P.An Lạc A, Q.Bình Tân, TP.HCM",3750000.0,216.76,17300.2398966599,10.77125916111181,106.61568252306463,9.164100399240976,3.0,3.0,
"72 Bùi Quang Là, P.12, Q.Gò Vấp, TP.HCM",7500000.0,100.4,74701.1952191235,10.825803640014792,106.67792981968213,5.588779714209297,2.0,2.0,
"82 đường số 8, P.Bình Hưng Hòa, Q.Bình Tân, TP.HCM",18600000.0,57.23,325004.36833828414,10.768585246279775,106.60125292878654,10.765168910004508,2.0,2.0,
"84 Tân sơn nhì, P.Tân Sơn Nhì, Q.Tân Phú, TP.HCM",6200000.0,124.0,50000.0,10.80348794968576,106.61627847681105,9.421929678610654,3.0,2.0,
"Thửa 56 - tờ 29 Bùi Thị Điệt, Xã Phạm Văn Cội, H.Củ Chi, TP.HCM",9500000.0,5.72,1660839.160839161,11.001482200718437,106.49696873072608,33.00552006919118,3.0,3.0,
"33A Nguyễn Thị Huỳnh, P.8, Q.Phú Nhuận, TP.HCM",12300000.0,251.53,48900.72754740985,10.799994425727062,106.6723660839599,3.6741505584390755,5.0,6.0,178.10m²
"82 Trương Công Định, P.12, Q.Tân Bình, TP.HCM",8900000.0,86.4,103009.25925925926,10.807983340509123,106.6403139417632,7.138612523959717,4.0,2.0,200m²
"60 Trịnh Thị Gắt, Xã Tân An Hội, H.Củ Chi, TP.HCM",2900000.0,12.13,239076.66941467434,11.002630197216373,106.49841634453445,32.99453645732181,2.0,1.0,
"51P Phan Tây Hồ, P.7, Q.Phú Nhuận, TP.HCM",9250000.0,234.17,39501.21706452577,10.809554259097359,106.67132375821488,4.474677437035574,6.0,6.0,135.90m²
"40 ( Thửa 723 - tờ 25 ) Phạm Thị Xích, Xã Tân Thạnh Tây, H.Củ Chi, TP.HCM",5200000.0,26.34,197418.37509491268,11.003316430781394,106.51142267196002,32.12530311048361,2.0,1.0,
"40A đường số 42, Xã Tân Thông Hội, H.Củ Chi, TP.HCM",4099999.999999999,34.54,118702.95309785753,10.998598626181865,106.51410187334552,31.53692578210279,2.0,1.0,
"Hương Lộ 2, P.Bình Trị Đông, Q.Bình Tân, TP.HCM",7700000.0,132.75,58003.766478342746,10.778974754281334,106.59412046156368,11.473879986205468,5.0,5.0,
"73 Bùi Thị Lành, Xã Trung An, H.Củ Chi, TP.HCM",3200000.0,28.57,112005.600280014,10.999649306428473,106.4964886161283,32.89052352399621,2.0,2.0,107.50m²
"4A đường Thạnh Xuân 24, P.Thạnh Xuân, Q.12, TP.HCM",5800000.0,77.33,75003.23289796975,10.76694845033301,106.69604001939034,1.4570120824363113,4.0,3.0,152.80m²
"1598 Tỉnh Lộ 8, Xã Hòa Phú, H.Củ Chi, TP.HCM",5200000.0,32.43,160345.35923527597,11.018902171808666,106.50368608014908,33.994851614392104,2.0,1.0,
"Bùi Đình Túy, P.12, Q.Bình Thạnh, TP.HCM",4600000.0,153.33,30000.652188091044,10.816074120390851,106.70963189858223,4.178212922341995,3.0,3.0,100m²
"796 Lê Đức Thọ, P.15, Q.Gò Vấp, TP.HCM",6500000.0,98.48,66003.24939073923,10.82968170660813,106.67345320180637,6.187428275673458,4.0,4.0,66m²
"134 Đông Thạnh 5, Xã Đông Thạnh, H.Hóc Môn, TP.HCM",15500000.0,63.7,243328.1004709576,10.882953215623639,106.60311349723332,15.499383537089175,4.0,3.0,319.20m²
"24 Lê Thị Lơn, Xã Bình Mỹ, H.Củ Chi, TP.HCM",9500000.0,20.29,468210.94135041896,11.006427670737015,106.49503218901859,33.5541970439125,1.0,1.0,441.10m²
"32 Lê Thị Bay, Xã Tân Thạnh Đông, H.Củ Chi, TP.HCM",2150000.0,24.57,87505.0875050875,10.995890577803932,106.50971236223336,31.619706474436107,3.0,1.0,
"931 Lũy Bán Bích, P.Tân Thành, Q.Tân Phú, TP.HCM",24300000.0,293.12,82901.20087336244,10.791564991691688,106.63253038902027,7.388369928489437,4.0,4.0,354.30m²
"18 Nguyễn Thị Rõ, Xã Tân An Hội, H.Củ Chi, TP.HCM",2500000.0,21.73,115048.3202945237,11.011381760547435,106.48880497426488,34.41630656535331,2.0,1.0,
"59C Huỳnh Thị Thơm, Xã Tân Thông Hội, H.Củ Chi, TP.HCM",9700000.0,22.5,431111.1111111111,11.011909496971594,106.51539982689918,32.5927030251711,24.0,24.0,
"15 Nguyễn Đình Chiểu, P.4, Q.Phú Nhuận, TP.HCM",10800000.0,177.04,61003.16312697696,10.804195750476923,106.67066627059702,4.112370516732428,2.0,1.0,104.90m²
"15 Nguyễn Đình Chiểu, P.4, Q.Phú Nhuận, TP.HCM",10800000.0,177.04,61003.16312697696,10.805200519468345,106.69268523395148,2.8956065532225814,2.0,1.0,104.90m²
"Hẻm 302 Nguyễn Văn Nghi, P.7, Q.Gò Vấp, TP.HCM",5800000.0,69.66,83261.55612977319,10.841485551052587,106.6670265360908,7.669833623401415,1.0,1.0,83.25m²
"59 đường số 23, Xã Tân Thông Hội, H.Củ Chi, TP.HCM",10500000.0,40.27,260740.00496647626,11.01198210193836,106.50205189014513,33.517408885262604,5.0,5.0,
"164 Đào Văn Thử, Xã Tân An Hội, H.Củ Chi, TP.HCM",1850000.0,14.17,130557.5158786168,11.01917168865807,106.51612339867567,33.18134596677536,2.0,1.0,
"24 Trần Thị Dư, Xã Tân An Hội, H.Củ Chi, TP.HCM",4800000.0,14.16,338983.0508474576,11.003371986650563,106.51318336220078,32.007497051096905,10.0,10.0,
"152 Đào Văn Thử, Xã Tân An Hội, H.Củ Chi, TP.HCM",1950000.0,14.94,130522.08835341365,11.008670766988546,106.51638376292465,32.24457291574609,2.0,1.0,
"9 ( Thửa 52 - tờ 78 ) Nguyễn Thị Chiên, Xã Tân An Hội, H.Củ Chi, TP.HCM",1850000.0,10.51,176022.83539486205,11.003508698482555,106.50855011634962,32.342976341837755,2.0,1.0,
"16A đường số 16, Xã Tân Thông Hội, H.Củ Chi, TP.HCM",2550000.0,17.0,150000.0,11.0144928757266,106.49944488565207,33.91331283001145,2.0,2.0,
"Thửa 740 - tờ 20 Tỉnh Lộ 7, Xã Thái Mỹ, H.Củ Chi, TP.HCM",2500000.0,19.79,126326.42748863062,10.996263846372644,106.49152631179666,32.98542553365588,2.0,1.0,
"28 Trương Thị Nguýt, Xã Phú Hòa Đông, H.Củ Chi, TP.HCM",2600000.0,9.95,261306.5326633166,11.007503432797954,106.5075690380202,32.75067035250877,3.0,1.0,
"49 Nguyễn Viết Xuân, TT.Củ Chi, H.Củ Chi, TP.HCM",3600000.0,15.06,239043.8247011952,10.998181088731794,106.49409162108881,32.94829611001593,2.0,1.0,
"126 Miếu Gò Xoài, P.Bình Hưng Hòa, Q.Bình Tân, TP.HCM",4300000.0,87.39,49204.71449822634,10.767658613238103,106.60776212606748,10.071474951122921,2.0,2.0,98.40m²
"38 Lê Thị Nghiên, Xã Tân Thạnh Đông, H.Củ Chi, TP.HCM",2400000.0,25.77,93131.54831199069,10.996656052057345,106.49061880891715,33.085172421372995,2.0,1.0,
"Tống Văn Hên, P.15, Q.Tân Bình, TP.HCM",24900000.0,163.06,152704.52594137128,10.805114606795371,106.64718327781124,6.324389415418173,14.0,14.0,
"156 Lương Ngọc Quyến, P.5, Q.Gò Vấp, TP.HCM",3850000.0,427.77,9000.163639338898,10.834810725863743,106.68551827452023,6.2633166679874295,2.0,2.0,18m²
"2 Cầm Bá Thước, P.7, Q.Phú Nhuận, TP.HCM",76000000.0,209.36,363011.0813909056,10.786728335811084,106.69041090893278,1.2157387789827243,3.0,3.0,439.10m²
"116 Cầu Kinh, P.Tân Tạo A, Q.Bình Tân, TP.HCM",6840000.0,119.78,57104.691935214556,10.77225778338022,106.60644850743083,10.159523306215595,6.0,6.0,
"116 Cầu Kinh, P.Tân Tạo A, Q.Bình Tân, TP.HCM",6840000.0,119.78,57104.691935214556,10.76951629086942,106.60961466557777,9.844856427493648,6.0,6.0,
"103 đường số 27, P.Bình Trị Đông B, Q.Bình Tân, TP.HCM",10900000.0,136.25,80000.0,10.762378247933158,106.60295891345973,10.682130784710504,3.0,4.0,201.60m²
"46 đường số 4, P.Bình Hưng Hoà A, Q.Bình Tân, TP.HCM",4780000.0,91.57,52200.502347930546,10.771414046000983,106.60806984480129,9.991036604831347,3.0,3.0,107.40m²
"191 đường số 3, P.11, Q.Gò Vấp, TP.HCM",15300000.0,177.7,86100.16882386044,10.816041101568775,106.68092571099366,4.472418372229488,4.0,5.0,229.70m²
"56 Vũ Huy Tấn, P.2, Q.Bình Thạnh, TP.HCM",55000000.0,766.01,71800.6292346053,10.819640444393249,106.72079950968296,5.010403445514919,4.0,4.0,324.60m²
"Thạnh Lộc 38, P.Thạnh Lộc, Q.12, TP.HCM",3690000.0,73.35,50306.748466257675,10.763131766960715,106.69737413896806,1.85092501533999,1.0,1.0,24.40m²
"Hồng Hà, P.2, Q.Tân Bình, TP.HCM",26300000.0,238.65,110203.22648229625,10.79966420379344,106.659506074262,4.849467767589256,2.0,2.0,216.30m²
"18 Bùi Thế Mỹ, P.10, Q.Tân Bình, TP.HCM",10000000.0,153.13,65303.99007379351,10.814361338988219,106.6576919103757,5.921421859938724,4.0,2.0,75.30m²
"đường số 13, P.Bình Hưng Hòa, Q.Bình Tân, TP.HCM",9380000.0,90.19,104002.66104889677,10.766180602447262,106.59426313851047,11.556560889081704,1.0,1.0,
"154 Nguyễn Thị Kiểu, P.Tân Thới Hiệp, Q.12, TP.HCM",8680000.0,127.27,68201.46145988842,10.76987929251714,106.69410422413651,1.2208830562052795,3.0,2.0,97.50m²
"Số 6 đường số 41, P.9, Q.4, TP.HCM",29000000.0,481.72,60200.94660798804,10.77415516234793,106.67575854273093,2.620036678896043,8.0,4.0,285.20m²
"126 Trần Thị Điệu, Phước Long B, Q.9, TP.HCM",10300000.0,121.31,84906.4380512736,10.807083800034105,106.67893713068037,3.7343951966602353,4.0,3.0,205.32m²
"263 đường số 8, P.Bình Hưng Hoà A, Q.Bình Tân, TP.HCM",15500000.0,85.07,182202.89173621725,10.759071883811758,106.6118394752451,9.80732693548419,1.0,2.0,44.30m²
"512 Nguyễn Văn Khối, P.9, Q.Gò Vấp, TP.HCM",21900000.0,141.83,154410.20940562643,10.815242137452568,106.66940759125164,5.086804729286835,13.0,14.0,449.60m²
"33 Nguyễn Văn Khối, P.11, Q.Gò Vấp, TP.HCM",12500000.0,108.52,115186.14080353852,10.823569081646491,106.67444967786774,5.538984616419402,6.0,2.0,
"559B Nguyễn Văn Khối, P.9, Q.Gò Vấp, TP.HCM",15000000.0,279.32,53701.847343548616,10.832428912084104,106.66377997907102,6.983347845275937,6.0,7.0,258.80m²
"Nghiêm Toản, P.Hòa Thạnh, Q.Tân Phú, TP.HCM",6500000.0,125.0,52000.0,10.80087384667008,106.61693789054257,9.275815622643211,1.0,1.0,
"Hiệp Thành 17, KP5, P.Hiệp Thành, Q.12, TP.HCM",9000000.0,99.55,90406.83073832246,10.78149919241308,106.71252605057406,1.4883762060991728,2.0,1.0,90.40m²
"99 đường số 59, P.14, Q.Gò Vấp, TP.HCM",15000000.0,238.47,62900.993835702604,10.832295581332998,106.68355666694134,6.04977271011202,6.0,5.0,221.80m²
"136 Chế Lan Viên, P.Tây Thạnh, Q.Tân Phú, TP.HCM",10500000.0,150.86,69600.95452737637,10.787928834974966,106.64000098541756,6.5181196030425825,3.0,3.0,190.80m²
"7 Lê Quang Chiểu, P.Hiệp Tân, Q.Tân Phú, TP.HCM",8900000.0,132.44,67200.24161884627,10.797517670806222,106.6125471099993,9.659205548459248,2.0,2.0,
"41 Trần Văn Kỷ, P.14, Q.Bình Thạnh, TP.HCM",1900000.0,380.0,5000.0,10.816907230104222,106.70643670141669,4.185383091503754,2.0,2.0,22.90m²
"28 Phan Tây Hồ, P.7, Q.Phú Nhuận, TP.HCM",12500000.0,234.96,53200.54477357848,10.786076477308104,106.67999007740562,2.1953382218247652,4.0,5.0,195.60m²
"207 đường số 6, P.5, Q.Gò Vấp, TP.HCM",5280000.0,170.32,31000.469704086427,10.8327552443925,106.6657434613761,6.897793920033419,2.0,2.0,50.70m²
"26A đường số 2, P.Bình Hưng Hoà A, Q.Bình Tân, TP.HCM",7000000.0,70.56,99206.3492063492,10.753447112443952,106.59562233058831,11.678948341767933,4.0,3.0,240.40m²
"Nguyễn Hồng Đào, P.14, Q.Tân Bình, TP.HCM",15000000.0,275.22,54501.853063004135,10.805597119333104,106.64657144366802,6.40804362003932,3.0,3.0,177.30m²
"Bàu Cát 3, P.14, Q.Tân Bình, TP.HCM",16000000.0,233.98,68381.91298401573,10.795847422454303,106.6521005066608,5.431062800268577,3.0,3.0,171.92m²
"130Bis Trần Huy Liệu, P.15, Q.Phú Nhuận, TP.HCM",21000000.0,535.71,39200.31360250882,10.789985683968675,106.6881084999822,1.6429533228338289,6.0,7.0,260.90m²
"Nguyễn Trọng Tuyển, P.15, Q.Phú Nhuận, TP.HCM",8750000.0,280.44,31200.969904435886,10.78553898859248,106.67954919131681,2.2233803451899696,3.0,3.0,68.60m²
"145A Hiệp Thành 13, P.Hiệp Thành, Q.12, TP.HCM",11800000.0,108.45,108805.90133702167,10.790141308200825,106.70273843535142,1.2152946662285458,4.0,4.0,198.90m²
"đường số 9, P.16, Q.Gò Vấp, TP.HCM",4099999.999999999,118.49,34602.076124567466,10.830509781396566,106.66650806984511,6.642967409800725,2.0,1.0,48.70m²
"Tân Thới Hiệp 08, P.Tân Thới Hiệp, Q.12, TP.HCM",6200000.0,85.16,72804.13339596055,10.776949674294894,106.71086014875902,1.3315251742693788,1.0,1.0,60.80m²
"167 - 169 Ba Vân, P.14, Q.Tân Bình, TP.HCM",72690000.0,247.16,294100.9872147597,10.81319540809666,106.64194944816302,7.254168524139469,1.0,1.0,
"101 Dương Văn Dương, P.Tân Quý, Q.Tân Phú, TP.HCM",9500000.0,107.34,88503.81963853177,10.77632515142756,106.62245648133796,8.383252163442313,2.0,2.0,
"37 Quách Vũ, P.Hiệp Tân, Q.Tân Phú, TP.HCM",16399999.999999998,189.37,86602.94661245181,10.803808204370167,106.62150024909754,8.885362262087266,3.0,6.0,
"858 Nguyễn Xiển, Long Thạnh Mỹ, TP.Thủ Đức, TP.HCM",11100000.0,81.15,136783.73382624768,10.838052879044366,106.75648061716954,9.000836452372772,1.0,1.0,67.60m²
"85 Lương Ngọc Quyến, P.5, Q.Gò Vấp, TP.HCM",6500000.0,135.98,47801.14722753347,10.832676773171508,106.66190250662197,7.121250020963241,6.0,6.0,
"Nguyễn Thái Bình, P.4, Q.Tân Bình, TP.HCM",11800000.0,433.82,27200.22128993592,10.79839336514413,106.6606151597274,4.67815562403312,2.0,2.0,81.90m²
"Tân Thới Nhất 02, Tân Thới Nhất, Q.12, TP.HCM",8199999.999999999,89.22,91907.64402600312,10.761998995250273,106.70890360146964,2.2443597037078593,6.0,6.0,
"đường 702 Hồng Bàng, P.1, Q.11, TP.HCM",8300000.000000001,0.05,166000000.0,10.776726473838963,106.69937737373353,0.34046409974373915,4.0,3.0,132.10m²
"690 Phạm Văn Bạch, P.12, Q.Gò Vấp, TP.HCM",12600000.0,299.28,42101.04250200481,10.826349826425991,106.68396954136162,5.40754070018591,5.0,4.0,195.20m²
"41 Nguyễn Nhữ Lãm, P.Phú Thọ Hòa, Q.Tân Phú, TP.HCM",13500000.0,300.66,44901.21732189183,10.794404930989277,106.63184328446205,7.523528688513534,4.0,4.0,223.30m²
"589C Đường Điện Biên Phủ, P.1, Q.3, TP.HCM",21000000.0,107.14,196005.22680604816,10.807456241035936,106.73246981453741,4.769100667231366,5.0,7.0,196m²
"162A Nguyễn Gia Trí, P.25, Q.Bình Thạnh, TP.HCM",50000000.0,564.97,88500.27435085048,10.808867274068847,106.70190816389001,3.2322683614238,4.0,5.0,
"162A Nguyễn Gia Trí, P.25, Q.Bình Thạnh, TP.HCM",50000000.0,564.97,88500.27435085048,10.81325501222684,106.70515450539838,3.762365069516548,4.0,5.0,
"Đường 3 Tháng 2, P.12, Q.10, TP.HCM",29500000.0,521.2,56600.153491941666,10.766361422674017,106.70703760443548,1.7239775399011419,3.0,1.0,164.90m²
"Bạch Đằng, P.2, Q.Tân Bình, TP.HCM",19500000.0,226.74,86001.58772161948,10.80803309480912,106.65773255667335,5.491732470899374,1.0,1.0,
"Tân Thọ, P.8, Q.Tân Bình, TP.HCM",20900000.0,360.34,58000.777043902985,10.791269351413796,106.65155014678554,5.3455857860962075,3.0,3.0,139.50m²
"328 Độc Lập, P.Tân Quý, Q.Tân Phú, TP.HCM",12200000.0,157.41,77504.6058064926,10.791708128232388,106.63250694619394,7.3936996679427684,6.0,6.0,
"Lạc Long Quân, P.8, Q.Tân Bình, TP.HCM",14800000.0,256.05,57801.21070103495,10.795164587285514,106.65902372481189,4.694175243529638,5.0,4.0,307.90m²
"155 Trần Hưng Đạo, P.11, Q.5, TP.HCM",8500000.0,51.51,165016.501650165,10.810258994213447,106.71038618836674,3.592413290159915,1.0,1.0,
"44 Trương Hoàng Thanh, P.12, Q.Tân Bình, TP.HCM",14600000.0,283.17,51559.1340890631,10.812405857973888,106.65175077268867,6.304930315026777,4.0,3.0,169.50m²
"32 số 8, P.Bình Hưng Hòa, Q.Bình Tân, TP.HCM",9500000.0,93.22,101909.46148895087,10.771843874629074,106.61712481980251,9.000658824507372,3.0,4.0,148.26m²
"Hoàng Hoa Thám, P.13, Q.Tân Bình, TP.HCM",28300000.0,241.88,117000.16537125848,10.799164094478252,106.66547646156685,4.2495916320332565,6.0,6.0,259.40m²
"300A Bàu Cát, P.11, Q.Tân Bình, TP.HCM",19500000.0,232.41,83903.44649541758,10.792547271328456,106.63883578101195,6.732617775138982,5.0,6.0,360.40m²
"Nguyễn Sỹ Sách, P.15, Q.Tân Bình, TP.HCM",13800000.0,229.23,60201.54430048423,10.801141333209321,106.65097704294239,5.761591028374614,4.0,4.0,207.20m²
"20B - 22B đường số 14, P.An Lạc A, Q.Bình Tân, TP.HCM",16500000.0,154.63,106706.33124232038,10.766183141195413,106.58954348308094,12.068508394418929,5.0,5.0,295.66m²
"Nguyễn Ngọc Nhựt, P.Tân Quý, Q.Tân Phú, TP.HCM",7200000.0,153.51,46902.48192300176,10.777133663077104,106.62566907387578,8.02850328868704,2.0,2.0,64.80m²
"164 Đô Đốc Lộc, P.Tân Quý, Q.Tân Phú, TP.HCM",7150000.0,76.96,92905.40540540541,10.79540208187861,106.61592573884819,9.251196184954821,3.0,2.0,135.40m²
"63 Cao Xuân Dục, P.Xóm Củi, Q.8, TP.HCM",13800000.0,227.94,60542.24795998947,10.752812607880045,106.72622077124339,4.212697104051744,4.0,4.0,181.20m²
"50 đường Tân Thọ, P.08, Q.Tân Bình, TP.HCM",19800000.0,373.1,53068.88233717502,10.811932714470439,106.64624030974474,6.780270299831626,3.0,3.0,139.50m²
"462 Âu Cơ, P.10, Q.Tân Bình, TP.HCM",20500000.0,158.66,129207.10954241775,10.809182402023948,106.64020092506905,7.208570276245912,3.0,2.0,135.23m²
"30 đường số 2, P.Hiệp Bình Chánh, TP.Thủ Đức, TP.HCM",17900000.0,149.16,120005.36336819523,10.85912281674094,106.76559990282266,11.40226577105491,4.0,3.0,350m²
"246 Liên Khu 5-6, P.Bình Hưng Hoà B, Q.Bình Tân, TP.HCM",7500000.0,108.69,69003.58818658571,10.775249786628477,106.61622811414459,9.069599683708661,6.0,5.0,69m²
"7 đường số 35, P.Hiệp Bình Chánh, TP.Thủ Đức, TP.HCM",9600000.0,129.72,74005.55041628123,10.858088711317349,106.74014629608122,9.759021709744628,5.0,3.0,190m²
"Bờ bảo tân thắng, P.Tân Sơn Nhì, Q.Tân Phú, TP.HCM",5850000.0,182.81,32000.437612822054,10.802928919734105,106.61388770416445,9.65677127113865,4.0,3.0,
"33 đường Ấp Chánh 13, Xã Tân Xuân, H.Hóc Môn, TP.HCM",3550000.0,82.94,42802.02556064625,10.896207019520286,106.58253873020247,18.11322050279329,3.0,2.0,85.60m²
"61 đường 3158C Phạm Thế Hiển, P.7, Q.8, TP.HCM",7700000.0,80.2,96009.97506234414,10.751582024804435,106.73595816749808,5.103610056660421,5.0,4.0,265.60m²
"78 Phùng Văn Cung, P.7, Q.Phú Nhuận, TP.HCM",5390000.0,317.05,17000.47311149661,10.807469382700104,106.6858994409248,3.382142100877118,2.0,3.0,70m²
"53 đường số 152 Cao Lỗ, P.4, Q.8, TP.HCM",15500000.0,220.17,70400.14534223556,10.785527670422683,106.65022414400882,5.375188795989575,6.0,5.0,177.20m²
"94 đường số 111 Hưng Phú, P.Hưng Phú, Q.8, TP.HCM",7800000.0,200.0,39000.0,10.793260701298836,106.6848459490801,2.151172107136107,4.0,3.0,105.90m²
"104 đường Dương Văn Dương, P.Tân Quý, Q.Tân Phú, TP.HCM",14500000.0,226.56,64000.706214689264,10.803663332813565,106.62415435211663,8.603891186438442,4.0,3.0,215.70m²
"Thửa 698 - tờ 2 Tỉnh Lộ 43, P.Bình Chiểu, TP.Thủ Đức, TP.HCM",3550000.0,64.19,55304.564573921176,10.846711489022201,106.7653434544165,10.363158671600836,4.0,4.0,
"đường Gò Cẩm Đệm, P.10, Q.Tân Bình, TP.HCM",7900000.0,119.69,66003.84326175955,10.789952882929253,106.63958849130869,6.5972404807812435,3.0,4.0,13.09m²
"73 Đông Thạnh 4-2, Xã Đông Thạnh, H.Hóc Môn, TP.HCM",4750000.0,49.01,96918.99612324015,10.884556390598773,106.58601724477346,16.941613337216662,3.0,3.0,130.90m²
"555 Đỗ Xuân Hợp, P.Phước Long B, TP.Thủ Đức, TP.HCM",9550000.0,309.22,30884.160144880665,10.864311161129281,106.75775116841405,11.342551295349509,1.0,2.0,
"466 Đ.Phú Thọ Hòa, P.Phú Thọ Hòa, Q.Tân Phú, TP.HCM",3800000.0,152.0,25000.0,10.781113879033601,106.63147388556314,7.38969586968763,2.0,2.0,
"Thửa 580 - tờ 63 Đông Thạnh 2-8, Xã Đông Thạnh, H.Hóc Môn, TP.HCM",2600000.0,38.51,67514.93118670475,10.881031443013859,106.59196316154686,16.201478996779976,3.0,2.0,
"đường số 152A Cao Lỗ, P.4, Q.8, TP.HCM",13500000.0,168.75,80000.0,10.776689191795588,106.72123101838179,2.45233551854166,5.0,4.0,205.30m²
"đường số 84 Cao Lỗ, P.4, Q.8, TP.HCM",16500000.0,208.86,79000.2872737719,10.730400162999835,106.66517505559308,6.599258119362116,4.0,5.0,203.40m²
"Lạc Long Quân, P.10, Q.Tân Bình, TP.HCM",4099999.999999999,136.66,30001.463486023702,10.802389281961997,106.65824565033697,5.113146165119722,3.0,2.0,60m²
"94 Lê Cao Lãng, P.Phú Thạnh, Q.Tân Phú, TP.HCM",6750000.0,152.02,44402.05236153137,10.800536376752635,106.63750150286836,7.109528050483695,2.0,2.0,89.80m²
"23A đường số 17, P.Hiệp Bình Phước, TP.Thủ Đức, TP.HCM",10200000.0,89.18,114375.42049786946,10.841049362559424,106.74196179278226,8.244213238435567,2.0,2.0,140.80m²
"271 Hoàng Hoa Thám, P.13, Q.Tân Bình, TP.HCM",16900000.0,292.38,57801.49121006909,10.807128435989739,106.662016922726,5.052847364443324,1.0,1.0,55.10m²
"521 Huỳnh Văn Bánh, P.13, Q.Phú Nhuận, TP.HCM",11500000.0,397.92,28900.281463610776,10.807655534394092,106.68589023325231,3.4012217784580643,3.0,4.0,
"Lô C, chung cư Bưu Điện Hẻm 354 Lý thường kiệt, P.14, Q.10, TP.HCM",5200000.0,61.17,85008.99133562203,10.765230989237677,106.71141348419724,2.1039536475913017,2.0,1.0,
"34 đường số 16, P.Linh Đông, TP.Thủ Đức, TP.HCM",2450000.0,100.82,24300.733981352907,10.856218429206734,106.76548017320346,11.148371879398969,1.0,1.0,38m²
"337 Tân kỳ tân quý, P.Phú Thọ Hòa, Q.Tân Phú, TP.HCM",10900000.0,209.61,52001.335814131,10.798198211479242,106.63968939949204,6.801650335923595,4.0,4.0,52m²
"2A Lê Thị Hoa, Xã Phước Vĩnh An, H.Củ Chi, TP.HCM",5300000.0,13.26,399698.34087481146,10.992208824230286,106.50491607947428,31.6620962051182,11.0,11.0,
"201 Nguyễn Thái Sơn, P.7, Q.Gò Vấp, TP.HCM",6800000.0,136.0,50000.0,10.825080695024976,106.66223986713177,6.425636922275734,6.0,3.0,
"18A Trần Thị Lan, Xã Tân Thạnh Tây, H.Củ Chi, TP.HCM",4500000.0,19.81,227158.00100959113,11.018425142397373,106.51495682566281,33.19266276113622,11.0,11.0,
"80 đường số 6, P.Linh Trung, TP.Thủ Đức, TP.HCM",10500000.0,109.83,95602.29445506692,10.84791669235834,106.75012526132973,9.381824069861,2.0,1.0,68.60m²
"24 Lưu Chí Hiếu, P.Tây Thạnh, Q.Tân Phú, TP.HCM",10800000.0,183.05,59000.27314941272,10.796392031635717,106.61241724946815,9.64865223213341,1.0,1.0,
"95A Đường Bình Long, P.Bình Hưng Hoà A, Q.Bình Tân, TP.HCM",13500000.0,159.19,84804.32187951505,10.762405338659637,106.59932285386893,11.073007806614102,1.0,1.0,22.40m²
"44 Nguyễn Hồng Đào, P.14, Q.Tân Bình, TP.HCM",16500000.0,232.06,71102.30112901835,10.805812282477874,106.6508544767819,6.003711926558453,6.0,6.0,220.50m²
"114 Thoại Ngọc Hầu, P.Phú Thọ Hòa, Q.Tân Phú, TP.HCM",6600000.0,101.07,65301.27634312853,10.793428813119064,106.62118650153347,8.645904344372378,1.0,1.0,90m²
"227A Lã Xuân Oai, P.Tăng Nhơn Phú A, TP.Thủ Đức, TP.HCM",9800000.0,72.86,134504.5292341477,10.841427957131836,106.74809240924391,8.67647644037477,3.0,3.0,134m²
"Nguyễn Văn Công, P.3, Q.Gò Vấp, TP.HCM",15600000.0,250.8,62200.95693779904,10.833117882225357,106.69107984591776,5.963016221541465,9.0,9.0,247.60m²
"180A Nguyễn Hồng Đào, P.14, Q.Tân Bình, TP.HCM",21800000.0,196.39,111003.61525535924,10.806730716910849,106.640945121995,7.016630218447931,14.0,14.0,568.40m²
"55B đường số 40, P.12, Q.Gò Vấp, TP.HCM",9600000.0,146.78,65404.00599536722,10.842099100489525,106.66384444914601,7.893919677206495,6.0,7.0,232.50m²
"28 Lô G Tạ Mỹ Duật, P.An Lạc A, Q.Bình Tân, TP.HCM",7000000.0,89.62,78107.56527560813,10.758279378774139,106.6069716413816,10.34556359017947,2.0,2.0,89.70m²
"Ấp Chiến Lược, P.Bình Hưng Hoà A, Q.Bình Tân, TP.HCM",9800000.0,66.66,147014.70147014703,10.750570146775475,106.61476416998704,9.766330776833207,2.0,1.0,50.80m²
"307–307A Bùi Hữu Nghĩa, P.1, Q.Bình Thạnh, TP.HCM",81000000.0,383.7,211102.4237685692,10.814359284961172,106.71840159091799,4.372052519008156,6.0,6.0,1129.90m²
"26 Lê Cảnh Tuân, P.Phú Thọ Hòa, Q.Tân Phú, TP.HCM",5500000.0,107.84,51001.48367952522,10.783696177364261,106.62012375778701,8.640371369981029,3.0,1.0,62.90m²
"Hoàng Xuân Nhị, P.Phú Trung, Q.Tân Phú, TP.HCM",12500000.0,147.75,84602.36886632825,10.786600860500583,106.61358685626078,9.374775852804046,4.0,3.0,258.70m²
"83 Tân Thới Hiệp 09, P.Tân Thới Hiệp, Q.12, TP.HCM",8600000.0,113.3,75904.67784642542,10.774148092559447,106.70082366514258,0.6537132557779678,6.0,7.0,212.10m²
"46B Phan Tây Hồ, P.7, Q.Phú Nhuận, TP.HCM",7900000.0,288.32,27400.110987791344,10.80092366210696,106.68828453887176,2.61682136784938,3.0,4.0,84.70m²
"189/10 Hoàng Hoa Thám, P.7, Q.Bình Thạnh, TP.HCM",17000000.0,178.57,95200.76160609286,10.810375678774268,106.69976460787026,3.384692820363775,5.0,4.0,128.50m²
"34 Đ. Trần Quý Cáp, P.11, Q.Bình Thạnh, TP.HCM",23500000.0,2.5,9400000.0,10.80544825421504,106.70295928144226,2.8710689360699715,3.0,6.0,
"80 đường số 3, P.Linh Xuân, TP.Thủ Đức, TP.HCM",9200000.0,50.13,183522.84061440255,10.85697550307379,106.75197743365035,10.316461337839012,9.0,9.0,
"Trần Hữu Trang, P.11, Q.Phú Nhuận, TP.HCM",16900000.0,244.21,69202.73535072274,10.793957338292348,106.69240929725791,1.726698187904804,5.0,4.0,205.10m²
"Nguyễn Văn Công, P.3, Q.Gò Vấp, TP.HCM",10500000.0,242.83,43240.126837705386,10.825748430606533,106.69046983469023,5.16959275603687,2.0,3.0,83.75m²
"24 Nguyễn Văn Lượng, P.6, Q.Gò Vấp, TP.HCM",11300000.0,244.58,46201.6518112683,10.829315376443558,106.66483771797138,6.63299113405485,3.0,3.0,114.80m²
"M2 đường Cư Xá Phú Lâm A, P.12, Q.6, TP.HCM",14000000.0,183.42,76327.5542470832,10.7392489001291,106.7233721188392,5.214815235032644,2.0,1.0,98.40m²
"188/1G Tân Hiệp 6, Xã Tân Hiệp, H.Hóc Môn, TP.HCM",6500000.0,89.04,73000.89847259659,10.886222295731205,106.58197586358406,17.39079848820497,5.0,6.0,232.40m²
"348B Huỳnh Văn Bánh, P.13, Q.Phú Nhuận, TP.HCM",20900000.0,334.4,62500.00000000001,10.799516928361982,106.68564569814725,2.6278815629195873,5.0,6.0,245.60m²
"14P-14Q Quốc Hương, P.Thảo Điền, TP.Thủ Đức, TP.HCM",130000000.0,718.23,181000.51515531237,10.858293354812078,106.75866478448299,10.860164175784691,1.0,3.0,399.30m²
"137 Tô Ngọc Vân, P.Linh Tây, TP.Thủ Đức, TP.HCM",55000000.0,412.6,133301.01793504605,10.84872492738897,106.74733753636045,9.276857823861143,1.0,1.0,149.20m²
"Lê Văn Sỹ, P.1, Q.Tân Bình, TP.HCM",41000000.0,749.54,54700.216132561305,10.815762202552039,106.65090965553273,6.5976162286356725,6.0,6.0,188.20m²
"131 đường số 43-CL, P.Cát Lái, TP.Thủ Đức, TP.HCM",20000000.0,0.12,166666666.6666667,10.84679480591833,106.75612360173203,9.691471134507967,5.0,6.0,306.90m²
"153A Đường Phan Đăng Lưu, P.1, Q.Phú Nhuận, TP.HCM",23000000.0,349.54,65800.76672197746,10.809926803085045,106.67108702512023,4.522539596867655,1.0,3.0,204.70m²
"đường số 19, P.Bình Hưng Hoà A, Q.Bình Tân, TP.HCM",7500000.0,109.97,68200.41829589888,10.770373817859259,106.60956141716137,9.840141310351626,2.0,2.0,53.43m²
"385 Lê Văn Thọ, P.9, Q.Gò Vấp, TP.HCM",12900000.0,344.91,37401.06114638601,10.820919650163178,106.69071056844425,4.640066588820756,2.0,3.0,51.50m²
"6C ấp Đình, đường số 74, Xã Tân Phú Trung, H.Củ Chi, TP.HCM",2790000.0,20.16,138392.85714285713,10.786761661577524,106.62282288458613,8.369947437725667,2.0,1.0,
"Đường Võ Thành Trang, P.11, Q.Tân Bình, TP.HCM",15300000.0,131.81,116076.1702450497,10.789277945518243,106.65360977507369,5.07699102987094,3.0,4.0,281.33m²
"26 Đông Lân 3 - Hưng Lân, Xã Bà Điểm, H.Hóc Môn, TP.HCM",5000000.0,46.77,106906.13641223006,10.89146737607231,106.59841389826835,16.542463770970514,2.0,2.0,77.20m²
"Phan Văn Trị – 183A Nguyễn Du, P.7 (Phường Hạnh Thông mới), Q.Gò Vấp, TP.HCM",15000000.0,235.84,63602.44233378561,10.822186568505073,106.6753846956118,5.355676779924443,1.0,2.0,96.20m²
"10 LÔ I Cư Xá Phú Lâm D, P.10, Q.6, TP.HCM",12400000.0,178.41,69502.83055882518,10.790516228202412,106.7410960512783,4.751470817053139,2.0,2.0,84.80m²
"149 đường số 1B - KDC Vĩnh Lộc, P.Bình Hưng Hoà A, Q.Bình Tân, TP.HCM",21500000.0,121.12,177509.90752972258,10.7527192878529,106.61118734496488,10.063031846075278,10.0,6.0,423.50m²
"Lô N Cư Xá Phú Lâm D, P.10, Q.6, TP.HCM",16800000.0,172.66,97301.05409475269,10.806927213772028,106.70909026786416,3.1976083705881777,4.0,3.0,327.67m²
"16 đường số 9 (Phượng Vỹ), P.Bình Chiểu, TP.Thủ Đức, TP.HCM",4600000.0,52.27,88004.59154390663,10.85132293236373,106.75132645613346,9.76342368154089,2.0,1.0,
"K13 đường D1, Khu dân cư Phú Mỹ, P.Phú Mỹ, Q.7, TP.HCM",15500000.0,140.9,110007.09723207948,10.739917197060363,106.72531891789231,5.264607989132435,3.0,4.0,296.32m²
"Đường Xô Viết Nghệ Tĩnh, P.26, Q.Bình Thạnh, TP.HCM",5550000.0,113.49,48902.98704731694,10.811391094012947,106.70561510092143,3.569499965094393,2.0,2.0,
"Tân Phú, khu Nam Thông 3 - S14, P.Tân Phú, Q.7, TP.HCM",38000000.0,351.85,108000.56842404434,10.780304988726302,106.62422649551802,8.18107682059252,10.0,11.0,384.60m²
"235/13 Đường Thích Quảng Đức, P.4, Q.Phú Nhuận, TP.HCM",14900000.0,201.35,74000.4966476285,10.79747730348255,106.68345222859492,2.5945255390556787,9.0,4.0,287.30m²
"160/34/13 Đường Phan Huy Ích, P.12, Q.Gò Vấp, TP.HCM",5950000.0,193.81,30700.170269851915,10.823609827165635,106.66828030391358,5.899674444911197,3.0,3.0,100.10m²
"Chung cư Nhiêu Lộc B, Khuông Việt, P.Phú Trung, Q.Tân Phú, TP.HCM",2490000.0,50.81,49006.10116118874,10.777210055576386,106.64013694894487,6.4471111052331915,3.0,1.0,85m²
"1G Cư Xá Phú Thọ Hòa - Lạc Long Quân, P.5, Q.11, TP.HCM",10400000.0,167.74,62000.71539286991,10.769344955448497,106.69316647541575,1.3208146246740669,3.0,3.0,137.50m²
"15 đường số 2, KDC Hương Lộ 5, P.An Lạc, Q.Bình Tân, TP.HCM",9500000.0,121.63,78105.73049412153,10.769866131836933,106.60574453685996,10.261205327960177,4.0,3.0,202.57m²
"39-41 Đường Quốc Lộ 13 cũ, P.Hiệp Bình Phước, TP.Thủ Đức, TP.HCM",70000000.0,109.75,637813.2118451025,10.846553033684089,106.75986490954958,9.940087625252495,3.0,3.0,837.55m²
"163 ( số cũ 15B ) Đường Lê Văn Chí, P.Linh Trung, TP.Thủ Đức, TP.HCM",14000000.0,95.91,145970.18037743718,10.84391157138221,106.75335760265976,9.252735567727349,1.0,1.0,
"Thửa 557 tờ 36, 155A Khu phố 3, P.An Phú Đông, Q.12, TP.HCM",9800000.0,51.76,189335.3941267388,10.784549003286774,106.68701762100741,1.4152999063051586,4.0,4.0,
"3 đường số 4, Khu phố 4, P.Tam Phú, TP.Thủ Đức, TP.HCM",13500000.0,132.61,101802.27735464896,10.844161523209689,106.7604502213628,9.78897573911689,6.0,4.0,101.80m²
"đường 32C Cư Xá Phú Lâm D, P.10, Q.6, TP.HCM",11500000.0,165.94,69302.15740629143,10.794751336247575,106.74003519941358,4.780550355846477,5.0,6.0,211.20m²
"Khu dân cư Tân Thuận, đường Gò Ô Môi, P.Phú Thuận, Q.7, TP.HCM",18900000.0,236.25,80000.0,10.781926683353758,106.74623515180006,5.168359788788964,4.0,5.0,244.80m²
"đường Huỳnh Thị Đừng ( đường cũ số 720 ), Xã Trung Lập Thượng, H.Củ Chi, TP.HCM",2300000.0,10.68,215355.8052434457,11.012544576368285,106.51002523988183,33.01261424177753,2.0,1.0,
"389/30E Tỉnh lộ 10, khu phố 7, P.An Lạc A, Q.Bình Tân, TP.HCM",8800000.0,112.38,78305.74835379962,10.76294126865218,106.59688952461087,11.325283197188005,6.0,6.0,205.50m²
"23 đường 52, Khu nhà ở Công ty Đông Nam, P.Hiệp Bình Phước, TP.Thủ Đức, TP.HCM",37000000.0,229.95,160904.54446618832,10.860944484855226,106.75199614918985,10.683745414907222,4.0,4.0,577.80m²
"Một phần nhà số 67 Đường Liên khu 2-10, P.Bình Hưng Hoà A, Q.Bình Tân, TP.HCM",5500000.0,64.4,85403.72670807452,10.762741644316552,106.61789686890121,9.071443009328291,1.0,1.0,
"Đ7 Khu Biệt Thự Sài Gòn Pearl - Số 92 Đường Nguyễn Hữu Cảnh, P.22, Q.Bình Thạnh, TP.HCM",300000000.0,840.33,357002.6061190246,10.819828009278568,106.69486722030001,4.452599558886378,3.0,5.0,
"36 đường số 2C, Khu dân cư Phú Mỹ - Công ty Dịch vụ Công ích Quận 4, P.Phú Mỹ, Q.7, TP.HCM",28600000.0,215.03,133004.6970190206,10.75464652801719,106.70706359890717,2.916229038710035,24.0,24.0,501.20m²
"Nguyễn Văn Hưởng, Thảo Điền, TP.Thủ Đức, TP.HCM",115000000.0,176.65,651004.8117746958,10.859002872093303,106.7429335876489,9.991709809029478,5.0,5.0,200m²
"Huỳnh Tấn Phát, P.Tân Thuận Tây, Q.7, TP.HCM",27000000.0,135.0,200000.0,10.751323108723842,106.74424359686427,5.862436333798852,5.0,4.0,169.70m²
"98 Lâm Văn Bền, Tân Kiểng, Q.7, TP.HCM",80000000.0,366.3,218400.2184002184,10.76328509999758,106.71409777540356,2.459176876024456,8.0,12.0,1267.30m²
"226 Nguyễn Sơn, P.Phú Thọ Hòa, Q.Tân Phú, TP.HCM",19000000.0,201.48,94302.1639864999,10.786979874241352,106.61374430173149,9.361077622578263,6.0,7.0,492.70m²
"Số 6, Xã Bình Hưng, H.Bình Chánh, TP.HCM",30000000.0,150.0,200000.0,10.693479549378019,106.58670674735552,15.559025570435004,3.0,4.0,350m²
"27 Đội Cung, P.11, Q.11, TP.HCM",8800000.0,222.78,39500.8528593231,10.770408378101221,106.69187399042038,1.2992053990544223,3.0,3.0,90.60m²
"Nội khu dân cư hưng thái 2, P.Tân Thuận Đông, Q.7, TP.HCM",39500000.0,313.49,126000.82937254777,10.77337343023598,106.69542816509257,0.8111582725433019,4.0,4.0,197.90m²
"44 Trương Quốc Dung, P.10, Q.Phú Nhuận, TP.HCM",23000000.0,498.91,46100.499088011864,10.796567605718607,106.67462758564866,3.250735828611059,2.0,3.0,131.50m²
