address,total_price,price_per_m2,area_calculated,latitude,longitude,center_distance_km
"Thửa 616 - tờ 19, đường Đặng Như Mai, Thạnh Mỹ Lợi, Q.2, TP.HCM",58000000.0,200.55,289204.6871104463,10.783172828110432,106.66200646775741,4.066248134413852
"49/3a Đỗ Tấn Phong, Tân Đông Hiệp, Dĩ An, TP.HCM",2950000.0,45.38,65006.610841780515,10.738843070420867,106.65082717903088,6.950032299761315
"44 Quốc lộ 1K, P.Đông Hòa, TP.Dĩ An, TP.HCM",5950000.0,39.66,150025.21432173476,10.744879322789865,106.68955644565797,3.997582820305466
"254/4A Phạm Văn Chí, P.Bình Tiên, Q.6, TP.HCM",4700000.0,94.37,49803.96312387411,10.825923269208259,106.65901692482161,6.722468501160572
"160 số 1, P.Long Trường, TP.Thủ Đức, TP.HCM",6700000.0,49.92,134214.7435897436,10.840014237619009,106.7487071275082,8.596465318687839
"Thửa 697 - tờ 39 Suối Lội, Xã Phước Vĩnh An, H.Củ Chi, TP.HCM",3100000.0,29.77,104131.67618407794,11.00153162080791,106.50414844199268,32.48951938315396
"Thửa 665 - Tờ 64 Huỳnh Thị Dần, Xã Bình Mỹ, H.Củ Chi, TP.HCM",2200000.0,16.15,136222.91021671827,10.998405177192675,106.51663416893965,31.343654353871614
"265/98/6 Bùi Văn Ngữ, P.Hiệp Thành, Q.12, TP.HCM",3500000.0,39.72,88116.81772406849,10.762911628008974,106.69801261065955,1.8697164693483068
"299/11 Bình Thành, P.Bình Hưng Hoà B, Q.Bình Tân, TP.HCM",22400000.0,36.24,618101.5452538631,10.753397835814312,106.6064426238543,10.538561132933994
"266/40/25G Tôn Đản, P.8, Q.4, TP.HCM",5800000.0,85.41,67907.73914061586,10.812396644888112,106.68334419168623,3.9942986343924884
"64 Số 2, P.Dĩ An, TP.Dĩ An, TP.HCM",7500000.0,100.0,75000.0,10.75391094098426,106.70481521624751,2.931165775953413
"1454/12E Lê Văn Lương, Xã Phước Kiển, H.Nhà Bè, TP.HCM",5200000.0,40.78,127513.48700343305,10.70634160734403,106.72666426527297,8.667970144540515
"70/22 Phan Huy Ích, P.14, Q.Gò Vấp, TP.HCM",6700000.0,87.12,76905.41781450872,10.822220830246463,106.6894360618229,4.8097475828381615
"Thửa 814 - tờ 167 Dương Công Khi, Ấp 1, Xã Xuân Thới Thượng, H.Hóc Môn, TP.HCM",3200000.0,39.07,81904.27437931918,10.869678971706419,106.58242366862106,16.169648491865672
"Thửa 812 - tờ 167 Dương Công Khi, Ấp 1, Xã Xuân Thới Thượng, H.Hóc Môn, TP.HCM",3200000.0,39.26,81507.89607743251,10.887215541723977,106.58470077116566,17.248177552447533
"Thửa 815 - tờ 167 Dương Công Khi, Ấp 1, Xã Xuân Thới Thượng, H.Hóc Môn, TP.HCM",3200000.0,37.29,85813.89112362564,10.887110418285506,106.60811949202922,15.483973888828544
"Thửa 541 - Tờ: 53, Đường Bùi Công Trừng, Xã Đông Thạnh, H.Hóc Môn, TP.HCM",4500000.0,31.71,141911.06906338694,10.886456366466083,106.58596560834971,17.090122258644598
"48 Cây Trâm, P.08, Q.Gò Vấp, TP.HCM",68100000.0,127.0,536220.4724409449,10.838752224420386,106.68699107616428,6.65406041333033
"44 TL 54, P.Thạnh Lộc, Q.12, TP.HCM",5500000.0,48.88,112520.45826513911,10.790169784218513,106.70673530977326,1.4247834023460828
"Số 6, P.Tam Bình, TP.Thủ Đức, TP.HCM",14500000.0,67.41,215101.61697077585,10.838552254813695,106.75477024953572,8.911495830898453
"Thửa 759 -  Tờ 24 Đình Phong Phú, Tăng Nhơn Phú B, Q.9, TP.HCM",6200000.0,76.54,81003.39691664488,10.81689208649202,106.66270336353314,5.712093155194027
"12 Hẻm 4, P.Tân Thới Nhất, Q.12, TP.HCM",8500000.0,68.16,124706.57276995305,10.786452896348136,106.70728644183902,1.1660864257642745
"Thửa 752 - Tờ 4 Thạnh Lộc 47, P.Thạnh Lộc, Q.12, TP.HCM",22000000.0,44.08,499092.55898366607,10.78264580165363,106.69834121037005,0.32523463309428813
"121 Thạnh Xuân 52, P.Thạnh Xuân, Q.12, TP.HCM",120000000.0,33.32,3601440.576230492,10.767588931905632,106.69844420654061,1.3505548608583586
"Thửa 939 - Tờ 1 Quốc Lộ 1A, P.An Phú Đông, Q.12, TP.HCM",3790000.0,61.12,62009.162303664925,10.770159221796392,106.69143887904525,1.3500359407526934
"170 số 25, Xã Tân Thông Hội, H.Củ Chi, TP.HCM",2000000.0,1.91,1047120.4188481676,11.001986637350667,106.48728478898433,33.76388320089608
"Thửa 615-Tờ 14 Huỳnh Thị Mua, Xã Thái Mỹ, H.Củ Chi, TP.HCM",880.0,2.74,321.1678832116788,10.994606614441567,106.50530485643849,31.831070968004525
"MPN 90/4/25 (Thửa 632 - Tờ 12) Thạnh Xuân 51, P.Thạnh Xuân, Q.12, TP.HCM",2880000.0,41.14,70004.86144871172,10.769759403341405,106.70735486629069,1.434985739436032
"Thửa 785 - tờ 5 Thạnh Lộc 43, P.An Phú Đông, Q.12, TP.HCM",3750000.0,72.67,51603.13747075822,10.772759008175582,106.70625480604134,1.1084691641763178
"Thửa 2392 - tờ 18 đường Thạnh Xuân 43, P.Thới An, Q.12, TP.HCM",4650000.0,55.55,83708.37083708371,10.763001723059029,106.69392611467558,1.9384961511794125
"18C Đường 439, Xã Phú Hòa Đông, H.Củ Chi, TP.HCM",4770000.0,5.95,801680.6722689075,11.012922159185235,106.51560995419865,32.666893243527426
"408/24 Hà Huy Giáp, P.Thạnh Lộc, Q.12, TP.HCM",29000000.0,37.76,768008.4745762713,10.774186469019622,106.71060646304592,1.4096354000594646
"96 TCH 03, P.Tân Chánh Hiệp, Q.12, TP.HCM",7100000.0,60.37,117608.08348517476,10.770022068928062,106.70460366196886,1.240188404720679
"Thửa 655 - Tờ 43 Bờ Xe Lam, Xã Tân Kiên, H.Bình Chánh, TP.HCM",8500000.0,30.27,280806.078625702,10.679496411681876,106.59182290869197,16.142342180055838
"26 Hẻm 106, P.Tây Thạnh, Q.Tân Phú, TP.HCM",9200000.0,84.4,109004.73933649289,10.783371822159106,106.6402018931269,6.445870010338948
"207 Nam Cao, P.Tân Phú, TP.Thủ Đức, TP.HCM",5010000.0,33.4,150000.0,10.79765283808874,106.63567283611948,7.205186377114349
"Nguyễn Thị Lắng, Xã Phước Vĩnh An, H.Củ Chi, TP.HCM",850.0,4.25,200.0,10.997121525167046,106.4975257161631,32.607668804079545
"Thửa 659 - tờ 42 đường số 691, Xã Thái Mỹ, H.Củ Chi, TP.HCM",1220000.0,8.44,144549.76303317538,11.01953770900087,106.51704992249826,33.1527745962722
"1231/21/16 Tỉnh lộ 43, TP.Thủ Đức, TP.HCM",2000000.0,19.54,102354.14534288639,10.840934118471141,106.76179820302643,9.636895462952122
"Thửa 513 - Tờ 23 Thạnh Xuân 31, P.Thạnh Xuân, Q.12, TP.HCM",19500000.0,33.5,582089.5522388059,10.766604343346005,106.69435248940205,1.5450300941379171
"Thửa 508 - Tờ 44 hẻm Đường Vành Đai 4, Xã Nhuận Đức, H.Củ Chi, TP.HCM",8000000.0,2.6,3076923.076923077,10.994464988429442,106.50243464374785,32.02910611360269
"Vành Đai 3, Xã Bình Chánh, H.Bình Chánh, TP.HCM",2300000.0,25.55,90019.56947162426,10.672451890758612,106.60422429815382,15.76380221914981
"Nguyễn Thị Thử, Xã Xuân Thới Sơn, H.Hóc Môn, TP.HCM",2980000.0,30.1,99003.32225913621,10.887757363931417,106.59141825838726,16.766068773944507
"Phan Văn Hớn, Xã Bà Điểm, H.Hóc Môn, TP.HCM",4600000.0,45.09,102018.18585052117,10.875387854768988,106.60427966846389,14.804583346985819
"Nhị Bình 10A, Xã Nhị Bình, H.Hóc Môn, TP.HCM",8900000.0,16.12,552109.1811414391,10.894603356434905,106.58228389715593,18.007304249973785
"Đường Vạn Kiếp, P.1, Q.Bình Thạnh, TP.HCM",13500000.0,145.31,92904.82416901796,10.814583129232895,106.71293804868166,4.138835606963592
"Thửa 686 - tờ 54 đường số 8, P.Hiệp Bình Phước, TP.Thủ Đức, TP.HCM",7300000.0,46.76,156116.3387510693,10.846730795624453,106.7585113109792,9.856393171566662
"Thửa 1094 - Tờ 12 đường Cầu Ô Giá, Xã Thái Mỹ, H.Củ Chi, TP.HCM",1280000.0,2.12,603773.5849056604,10.99857704436069,106.50897613400609,31.89726624672225
"Võ Trần Chí, Xã Tân Nhựt, H.Bình Chánh, TP.HCM",3400000.0,26.98,126019.27353595255,10.695917364200191,106.5951825289076,14.665773617102083
"Hẻm 10 Lê Đức Thọ, P.15, Q.Gò Vấp, TP.HCM",6500000.0,59.78,108732.01739712278,10.835729556881551,106.68308069735293,6.429260392433974
"1177 Lê Đức Thọ, P.13, Q.Gò Vấp, TP.HCM",111200000.0,115.34,964106.1210334662,10.813661902039293,106.66410396564365,5.350628610550013
"74/7/8 Phan Đăng Lưu, P.05, Q.Phú Nhuận, TP.HCM",4200000.0,128.44,32700.09342883837,10.805726475809784,106.68987740161191,3.038969739465735
"752 Trần Văn Mười, Xã Bà Điểm, H.Hóc Môn, TP.HCM",4500000.0,40.9,110024.44987775061,10.889518690111823,106.59687503815256,16.495624285184576
"Thửa 528 - Tờ 49 Tổ 50, Khu phố 3, P.An Phú Đông, Q.12, TP.HCM",2400000.0,32.0,75000.0,10.76351722836174,106.69424973032045,1.873781182422335
"639 Nguyễn Thị Sóc, Xã Bà Điểm, H.Hóc Môn, TP.HCM",4099999.999999999,45.55,90010.97694840832,10.890597180600887,106.6059045539112,15.935254926321361
"Nguyễn Thị Thử, Xã Xuân Thới Sơn, H.Hóc Môn, TP.HCM",2750000.0,27.22,101028.65540044085,10.870996492569294,106.6022635237254,14.62042444913934
"Đường 40, KDC Vạn Phúc, P.Hiệp Bình Phước, TP.Thủ Đức, TP.HCM",65000000.0,241.99,268606.14074961777,10.862582828843234,106.75832163703659,11.221426758441032
"Thửa 621- tờ 50 Đường Võ Thị Thừa, P.An Phú Đông, Q.12, TP.HCM",5330000.0,48.89,109020.24953978318,10.769613772186764,106.70799753865988,1.4926947287330286
"Thửa 535 - tờ số 6 tỉnh lộ 15, Xã Phú Hòa Đông, H.Củ Chi, TP.HCM",28000000.0,7.13,3927068.723702665,11.008394481933138,106.51641282134501,32.21861932585895
"Thửa Số: 6, Tờ số: 90 Nguyễn Sỹ Sách, P.15, Q.Tân Bình, TP.HCM",12500000.0,130.0,96153.84615384616,10.805416083957368,106.65312709668162,5.765163697749872
"109/1162/11 Hẻm 1264/78 Đường Lê Đức Thọ, P.13, Q.Gò Vấp, TP.HCM",7500000.0,78.78,95201.8278750952,10.831549962854952,106.66363813672659,6.911163335979951
"Thửa 492 - tờ 95 Đường Nguyễn Văn Bá, P.Trường Thọ, TP.Thủ Đức, TP.HCM",14450000.0,120.41,120006.64396644797,10.85420376885547,106.75364098001735,10.169951304505155
"Thửa 553 - Tờ 41 Cầu Đình, Long Phước, Q.9, TP.HCM",3400000.0,35.82,94919.03964265774,10.76750159901893,106.6691878537925,3.535150857680044
"C5-12-69 khu 50ha, Cát Lái, Q.2, TP.HCM",8000000.0,73.12,109409.19037199124,10.805950649522783,106.74022140757869,5.354640265834227
"Thửa 652 - tờ 19 đường 218, Xã Tân Thông Hội, H.Củ Chi, TP.HCM",2650000.0,27.8,95323.74100719424,11.007911922915115,106.50761183186786,32.78243940659646
"Thửa 664 - tờ 158 đường số 15, P.Linh Xuân, TP.Thủ Đức, TP.HCM",3650000.0,60.43,60400.46334602019,10.839096439696567,106.76097429274878,9.430412699018854
"178/200 Bưng Ông Thoàn, TP.Thủ Đức, TP.HCM",5800000.0,67.75,85608.85608856089,10.84781110532841,106.73881602215023,8.692014888615013
"Thửa 528 - tờ 47 Đường Tô Ngọc Vân, P.Thạnh Xuân, Q.12, TP.HCM",13900000.0,95.86,145003.1295639474,10.780854352183704,106.70973737132145,1.1772166928680357
"Đông Hòa, Dĩ An, TP.HCM",3350000.0,31.01,108029.66784908094,10.787405314972316,106.70132594377854,0.8795755423380514
"P.Đông Hòa, TP.Dĩ An, TP.HCM",3450000.0,47.26,73000.42319085907,10.769326617573324,106.65367230878661,5.093646448990854
"TT.Hóc Môn, H.Hóc Môn, TP.HCM",1960000.0,16.82,116527.94292508918,10.871852943953153,106.58398178917213,16.185809469525573
"Thửa 1749 - tờ 14 TL29, P.An Phú Đông, Q.12, TP.HCM",6000000.0,71.94,83402.83569641368,10.780745145398914,106.69188606726088,0.7882839656115204
"Thửa 700 - tờ 31 Bến Than, Xã Hòa Phú, H.Củ Chi, TP.HCM",11000000.0,20.83,528084.4935189631,10.99178760907341,106.50786676332262,31.4119925398826
"Thửa 2113 - tờ 18 Thạnh Xuân 43, P.Thạnh Xuân, Q.12, TP.HCM",6000000.0,49.91,120216.38950110199,10.763575896165175,106.71547971701014,2.540126908673615
"Thửa 1903 - tờ 22 Thới An 18, P.Thới An, Q.12, TP.HCM",5950000.0,64.95,91608.92994611239,10.775645591179156,106.71665751820909,1.9817364671672608
"8/34/5/6 TX40, P.Thạnh Xuân, Q.12, TP.HCM",4000000.0,49.87,80208.54220974534,10.78974659998814,106.69016369836353,1.4676475812232137
"Thửa 558 - tờ 8 Sông Lu, Xã Hòa Phú, H.Củ Chi, TP.HCM",1000000.0,9.89,101112.23458038422,11.01846490344528,106.49720102000187,34.40753122033042
"tỉnh 998, Phước Thuận, Xuyên Mộc, TP.HCM",12000000.0,12.17,986031.2243221035,10.739887214748727,106.73750095858598,6.097833048349968
"Thửa 770 - tờ 12 Thạnh Lộc 42, P.Thạnh Lộc, Q.12, TP.HCM",5000000.0,62.5,80000.0,10.781532618768377,106.70998873945541,1.2142357957435375
"Thửa 972 - tờ 27 Bến Than, Xã Hòa Phú, H.Củ Chi, TP.HCM",2300000.0,19.81,116102.97829379102,10.99410544813441,106.49622477362746,32.4595490969545
"Thửa 590 - Tờ 198 đường số 5, P.7, Q.8, TP.HCM",8000000.0,72.72,110011.00110011,10.751251245765275,106.71382250439805,3.5468212386020497
"Thửa 643-3 - Tờ 4 đường số 1, P.11, Q.6, TP.HCM",10000000.0,89.28,112007.16845878137,10.795399526154538,106.70307027195564,1.7828523127366924
"Thửa 643-2 - Tờ 4 đường số 1, P.11, Q.6, TP.HCM",9990000.0,90.0,111000.0,10.752452611667575,106.656374534341,5.559126244364899
"Thửa 578 - Tờ 51 đường 152, Bình Mỹ, H.Củ Chi, TP.HCM",3000000.0,19.54,153531.21801432958,10.997011442496865,106.51024637105907,31.675444233386493
"Thửa 505 - tờ 67 ĐH508, Xã Nhuận Đức, H.Củ Chi, TP.HCM",2200000.0,9.58,229645.09394572026,10.99339343600627,106.50566022435241,31.70512753494527
"Thửa 1589 - tờ 96 Vườn Lài, P.An Phú Đông, Q.12, TP.HCM",5700000.0,71.25,80000.0,10.768023165472002,106.71156779606109,1.8903927781871799
"Thửa 1112 - tờ 58 Thạnh Lộc 14, P.An Phú Đông, Q.12, TP.HCM",4000000.0,80.0,50000.0,10.780936322709954,106.70068923889052,0.22187411014040162
"Thửa 1111 - tờ 58 Thạnh Lộc 14, P.An Phú Đông, Q.12, TP.HCM",4000000.0,80.0,50000.0,10.767846217728728,106.70279501472577,1.383361482045093
"Thửa 1110 - tờ 58 Thạnh Lộc 14, P.An Phú Đông, Q.12, TP.HCM",4000000.0,80.0,50000.0,10.771939425443495,106.6958028646127,0.9367690934829339
"Thửa 172 - tờ 20 Trung An, TT.Củ Chi, H.Củ Chi, TP.HCM",7500000.0,8.31,902527.0758122744,11.011172738046172,106.49379681988819,34.03690824570828
"MPN 50/50 Vườn Lài, P.An Phú Đông, Q.12, TP.HCM",12200000.0,54.24,224926.25368731562,10.786075526404737,106.70425846967737,0.9007705260139578
"Tam Đa, P.Trường Thạnh, TP.Thủ Đức, TP.HCM",5000000.0,62.5,80000.0,10.849271351799137,106.74873596000029,9.414068124863354
"Thửa 643-1 - Tờ 4 đường số 1, P.11, Q.6, TP.HCM",15000000.0,89.82,167000.66800267203,10.756687079828215,106.71641195227832,3.1847583355978153
"Thửa 825 - tờ 8 Sông Lu, Xã Hòa Phú, H.Củ Chi, TP.HCM",4000000.0,28.14,142146.41080312722,11.013710204615576,106.5034506494369,33.56645822633408
"Thửa 1521 - tờ 50 Vườn Lài, P.An Phú Đông, Q.12, TP.HCM",9500000.0,107.95,88003.70541917555,10.778096191440222,106.69889544056177,0.18736612694431715
"Nguyễn Văn Khạ, Xã Tân An Hội, H.Củ Chi, TP.HCM",5000000.0,11.62,430292.5989672978,11.021154702026008,106.50880713647321,33.84214253397106
"Thửa 702 - tờ 14 Trung An, Xã Trung An, H.Củ Chi, TP.HCM",2800000.0,16.77,166964.81812760883,10.991695242894462,106.5111951038359,31.16338668477947
"Thửa 602 - Tờ 7 đường số 5, Long Thạnh Mỹ, Q.9, TP.HCM",54000000.0,33.61,1606664.6831300207,10.777368294916439,106.66522707431203,3.706402786139709
"Thửa 935 - tờ 11 Thạnh Lộc 29, P.Thạnh Lộc, Q.12, TP.HCM",5950000.0,86.73,68603.71267150927,10.785235559399013,106.69049081639736,1.1114228686965004
"Thửa 537 - tờ 17 Bà Thiên, Xã Nhuận Đức, H.Củ Chi, TP.HCM",1600000.0,12.18,131362.88998357963,11.019788310864726,106.51334965325567,33.41910714624964
"Thửa 1101 - tờ 85 Thạnh Xuân 24, P.Thới An, Q.12, TP.HCM",3650000.0,55.05,66303.36058128974,10.765427920263228,106.69058462659653,1.8370549741584077
"Thửa 615 - Tờ 7 đường số 6, Trường Thạnh, Q.9, TP.HCM",5050000.0,54.83,92102.86339595112,10.77655636575626,106.66879879017952,3.3253548098713237
"Thửa 756 Tờ 9 Thới An 11, P.Thới An, Q.12, TP.HCM",4500000.0,54.74,82206.79576178297,10.76518566313214,106.68805571597035,2.011948289290576
"Phan Văn Hớn, P.Tân Thới Nhất, Q.12, TP.HCM",37000000.0,150.46,245912.5348929948,10.761666385997195,106.69740004759474,2.012048984151046
"Thửa 1109 - tờ 90 Thạnh Xuân 16, P.Thới An, Q.12, TP.HCM",6000000.0,65.5,91603.0534351145,10.784145150927424,106.7123342584011,1.533103043976463
"Thửa 1108 - tờ 90 Thạnh Xuân 16, P.Thới An, Q.12, TP.HCM",6000000.0,64.3,93312.59720062208,10.780104189351531,106.71351304277061,1.5845909115918033
"Thửa 1104 - tờ 90 Thạnh Xuân 16, P.Thới An, Q.12, TP.HCM",6000000.0,56.81,105615.20859003696,10.773971461714964,106.69992492182054,0.6504925506556523
"Thửa 1103 - tờ 90 Thạnh Xuân 16, P.Thới An, Q.12, TP.HCM",6000000.0,61.16,98103.33551340747,10.769329576907062,106.69853376585984,1.1577692140563798
"Thửa 2484 - Tờ 18 Thạnh Xuân 38, P.Thạnh Xuân, Q.12, TP.HCM",4099999.999999999,51.57,79503.58735699048,10.78783078824857,106.69827102274373,0.8938123494756688
"19 TA 11, P.Thới An, Q.12, TP.HCM",5000000.0,39.09,127909.95139421846,10.77506345978859,106.69745677371003,0.5498090382626345
"578 Hoàng hữu nam, Tân Phú, Q.9, TP.HCM",18000000.0,121.45,148209.1395636064,10.783966622085472,106.61814240276584,8.858309091163918
"Thửa 588 -tờ 11 Giáp Hải, Xã Tân An Hội, H.Củ Chi, TP.HCM",3350000.0,20.04,167165.66866267467,10.994274306863826,106.48800825773904,33.093046526634396
"Thửa 983 - Tờ 27 Thạnh Lộc 16, P.Thạnh Lộc, Q.12, TP.HCM",3500000.0,64.81,54004.0117265854,10.76888027615485,106.6903080384322,1.5376853638903374
"Thửa 636 - tờ 40 Thạnh Lộc 03, P.An Phú Đông, Q.12, TP.HCM",4600000.0,66.37,69308.42248003616,10.787247669819148,106.69010155249602,1.278465025357276
"Thửa 693 - tờ 29 Trần Thị Cờ, P.Thới An, Q.12, TP.HCM",4200000.0,73.17,57400.574005740054,10.772721171411977,106.70657596033695,1.1366548925162623
"40 Đường 409, Xã Phước Vĩnh An, H.Củ Chi, TP.HCM",2030000.0,15.54,130630.63063063064,11.013915642418027,106.49338050102828,34.29539608393515
"Lê Văn Lương, P.Tân Phong, Q.7, TP.HCM",29000000.0,136.92,211802.51241600935,10.800179967160147,106.70110137128472,2.267319770941897
"Thửa 433 - tờ 9 Thạnh Xuân 25, P.Thạnh Xuân, Q.12, TP.HCM",4790000.0,50.79,94309.90352431581,10.766779444111492,106.70693655024037,1.6785950593696726
"Thửa 599 - tờ 26 đường số 10, P.Tân Tạo A, Q.Bình Tân, TP.HCM",6050000.0,60.5,100000.0,10.768725242533817,106.6113905117211,9.662655908219726
"49/1 TL 51, P.Thạnh Lộc, Q.12, TP.HCM",6730000.0,36.14,186220.2545655783,10.779290550464015,106.70896848854312,1.0885458548611822
"Thạnh Xuân 52, P.Thới An, Q.12, TP.HCM",3100000.0,58.38,53100.37684138403,10.784872738696054,106.70210759791954,0.655857769853282
"Thửa 581 - Tờ 10 Thạnh Lộc 29, P.Thạnh Lộc, Q.12, TP.HCM",5350000.0,89.31,59903.7061919158,10.763690825450768,106.68828902010607,2.1327744993908135
"Thửa 939 - Tờ 1 Thạnh Lộc 15, P.An Phú Đông, Q.12, TP.HCM",3700000.0,59.67,62007.709066532596,10.77423802456415,106.71150683568855,1.4963738634361186
"Thửa 540 - Tờ 36 An Nhơn Tây, Xã An Nhơn Tây, H.Củ Chi, TP.HCM",1550000.0,10.36,149613.89961389962,11.012582789029809,106.4946331758772,34.09431795288708
"Thửa 824 - Tờ 32 đường 716, Xã Trung Lập Thượng, H.Củ Chi, TP.HCM",6500000.0,6.63,980392.1568627451,11.008115783941898,106.49355768780205,33.80081448976379
"Thửa 972 - tờ 47 Thạnh Lộc 15, P.An Phú Đông, Q.12, TP.HCM",3800000.0,54.2,70110.70110701106,10.778266658440701,106.71565224979636,1.8259038918649748
"Thửa 636 - tờ 86 Thạnh Xuân 24, P.Thới An, Q.12, TP.HCM",3750000.0,71.42,52506.30075609073,10.785525870803365,106.69783062441749,0.6483778244061066
"198/12/40 Thạnh Lộc 15, P.Thạnh Lộc, Q.12, TP.HCM",3950000.0,48.46,81510.52414362361,10.782340223891241,106.70961165940196,1.1915156980545238
"Trần Thị Dương, Dĩ An, Dĩ An, TP.HCM",9600000.0,25.73,373105.32452390203,10.828365643811853,106.71612260474683,5.689562839054846
"Thửa 563 - tờ 11 Thạnh Lộc 37, P.Thạnh Lộc, Q.12, TP.HCM",7600000.0,52.85,143803.21665089877,10.781030553455423,106.70019280113956,0.1876444592318486
"Thửa 505 - tờ 19 Ba Sa, Xã Trung Lập Hạ, H.Củ Chi, TP.HCM",2550000.0,8.23,309842.04131227214,10.99231278135079,106.51650539198712,30.83593909084358
"Nguyễn Du, P.7, Q.Gò Vấp, TP.HCM",4900000.0,124.61,39322.68678276222,10.833215342304731,106.68519953969795,6.100515424034905
"Thửa 856 - tờ 28 Thạnh Xuân 25, P.Thạnh Xuân, Q.12, TP.HCM",5200000.0,38.29,135805.6933925307,10.762816839210576,106.71640425168509,2.671046884236872
"MPN 141/52/13 Thạnh Lộc 19, P.Thạnh Lộc, Q.12, TP.HCM",3650000.0,69.25,52707.58122743682,10.775180141639296,106.70334625825555,0.6946192311850142
"Thửa 858 - Tờ 13 Thạnh Lộc 41, P.Thạnh Lộc, Q.12, TP.HCM",4200000.0,51.72,81206.49651972158,10.774768499299398,106.6929656235991,0.8645916867901982
"An Phú Đông 9, P.An Phú Đông, Q.12, TP.HCM",70000000.0,79.83,876863.3345859953,10.766362641452995,106.69732326603018,1.4963496704914203
"3 Hẻm, P.17, Q.Gò Vấp, TP.HCM",8700000.0,76.65,113502.93542074363,10.831434675518747,106.66913327577525,6.582396233168447
"21E Đặng Công Bỉnh, Xã Xuân Thới Sơn, H.Hóc Môn, TP.HCM",20000000.0,22.82,876424.1893076248,10.87206473607767,106.60079954115639,14.817834638828748
"Thửa 594 - tờ 5 Sông Lu, Xã Hòa Phú, H.Củ Chi, TP.HCM",4500000.0,26.96,166913.9465875371,11.017934428713994,106.49336236796303,34.63350259579254
"23 Xóm Ga, Dĩ An, Dĩ An, TP.HCM",4099999.999999999,41.0,99999.99999999997,10.737771630226028,106.69367889931753,4.6839071918375
"Thửa 634 - tờ 196 Ba Sa, Xã Tân An Hội, H.Củ Chi, TP.HCM",2350000.0,22.08,106431.15942028987,10.994452923429142,106.49225962373305,32.78501357106385
"Thửa 1647 - tờ 9 Thạnh Xuân 52, P.Thạnh Xuân, Q.12, TP.HCM",5500000.0,31.95,172143.97496087637,10.774507146976182,106.69522967698305,0.7165154328002397
"Lê Hồng Phong, Tân Bình, Dĩ An, TP.HCM",3200000.0,45.71,70006.56311529205,10.811174215552324,106.65094776242921,6.301069326148771
"Thửa 880 - Tờ 11 Thạnh Lộc 39, P.Thạnh Lộc, Q.12, TP.HCM",5450000.0,59.69,91305.07622717373,10.774715163247912,106.7125713653267,1.5838254343029432
"Trần Quốc Hoàn, P.13, Q.Tân Bình, TP.HCM",23000000.0,209.09,110000.47826294896,10.809567767537892,106.63962737688321,7.283782010873147
"Thửa 916 - tờ 62 Thạnh Xuân 43, P.Thạnh Xuân, Q.12, TP.HCM",3550000.0,57.53,61706.93551190683,10.78261029995858,106.70139176734142,0.4055833927989936
"Thửa 915 - tờ 62 Thạnh Xuân 43, P.Thạnh Xuân, Q.12, TP.HCM",3550000.0,57.62,61610.55189170427,10.76154120943002,106.69709774656752,2.0290144189389263
"Thửa 914 - tờ 62 Thạnh Xuân 43, P.Thạnh Xuân, Q.12, TP.HCM",3480000.0,56.58,61505.83244962885,10.767530619047783,106.69166094138839,1.5768882783643874
"Thửa 1646 - tờ 9 Thạnh Xuân 52, P.Thạnh Xuân, Q.12, TP.HCM",5500000.0,31.51,174547.76261504283,10.77005147414992,106.702853638277,1.1550985591960872
"Thửa 643-4 - Tờ 4 đường số 1, P.11, Q.6, TP.HCM",6500000.0,90.27,72006.20361138806,10.78379947963652,106.74271514782367,4.798529383188952
"Thửa 1612 - tờ 12 Thạnh Lộc 42, P.An Phú Đông, Q.12, TP.HCM",5500000.0,53.86,102116.59858893427,10.77307270684704,106.7085653491784,1.280350469859674
"Thửa 733 - tờ 110 Thạnh Xuân 14, P.Thới An, Q.12, TP.HCM",3750000.0,70.35,53304.904051172714,10.790331300595545,106.69902630212806,1.16655972020986
"Thửa 730 - tờ 34 Cầu Dây, Xã Hòa Phú, H.Củ Chi, TP.HCM",2350000.0,20.43,115026.92119432207,11.014004682240195,106.49423592758792,34.241610983087476
"Thửa 1107 - tờ 60 Thạnh Xuân 52, P.Thới An, Q.12, TP.HCM",3750000.0,49.4,75910.93117408907,10.762923998780021,106.71281868519151,2.3986181987470707
"Thửa 852 - tờ 19 Hiệp Thành 17, P.Hiệp Thành, Q.12, TP.HCM",6900000.0,65.96,104608.85385081869,10.787983914358227,106.70670572999428,1.2359424652298066
"Thửa 856 - tờ 14 Thạnh Xuân 46, P.Thạnh Xuân, Q.12, TP.HCM",6500000.0,47.03,138209.6534127153,10.776514899792438,106.68774660070329,1.2857578652746287
"Thửa 534 - tờ 63 Thạnh Xuân 21, P.Thạnh Xuân, Q.12, TP.HCM",3750000.0,43.85,85518.8141391106,10.7773524679865,106.71057775427927,1.2915166258581028
"Thửa 562 - tờ 10 Thạnh Lộc 29, P.Thạnh Lộc, Q.12, TP.HCM",5350000.0,87.99,60802.36390498921,10.778977840981721,106.71555098610506,1.809290538642118
"Thửa 1544 - Tờ 25 Thạnh Lộc 29, P.Thạnh Lộc, Q.12, TP.HCM",7300000.0,67.28,108501.78359096314,10.787906336162745,106.70367449208527,1.0320986677250168
"168/45 Nguyễn Cư Trinh, P.Nguyễn Cư Trinh, Q.1, TP.HCM",19000000.0,270.9,70136.58176448874,10.783629557791963,106.70428182363177,0.7148463642229113
"Thửa 1732 - Tờ 12 đường TL 41, Thạnh Lộc, Q.12, TP.HCM",7160000.0,71.45,100209.93701889433,10.775928904931186,106.6910178469162,0.9743773507125377
"Thửa 624 - tờ 46 đường 490, Xã Phạm Văn Cội, H.Củ Chi, TP.HCM",2100000.0,9.34,224839.40042826554,11.013520800945916,106.50628353481267,33.35379340326167
"Thửa 991 - tờ 41 Bàu Trâm, Xã Trung An, H.Củ Chi, TP.HCM",3250000.0,27.42,118526.62290299051,11.008872594661561,106.4920616367676,33.972110669432006
"Thửa 603 - tờ 72 Thạnh Xuân 25, P.Thới An, Q.12, TP.HCM",4850000.0,71.63,67709.06044953232,10.769014811087496,106.70423798734299,1.3205840218439102
"Thửa 608 - Tờ 41, 379/84A Thống Nhất, P.11, Q.Gò Vấp, TP.HCM",3950000.0,105.33,37501.186746416024,10.82878996015465,106.68795381846957,5.554239866506601
"Thửa 694 - Tờ 61 An Phú Đông 9, P.An Phú Đông, Q.12, TP.HCM",7500000.0,128.42,58402.11805014796,10.783013208508953,106.70653559898892,0.895371215326919
"Thửa 817 - Tờ 40 đường TL 03, Thạnh Lộc, Q.12, TP.HCM",6300000.0,28.71,219435.736677116,10.777077213655547,106.68972501190913,1.0606224752725606
"Thửa 692 - Tờ 7 Bưng Tràm, Xã Tân Thạnh Tây, H.Củ Chi, TP.HCM",3600000.0,3.5,1028571.4285714285,11.020054348508506,106.49749466428983,34.52208665689423
"Thửa 686 - tờ 110 Tô Ký, Xã Bà Điểm, H.Hóc Môn, TP.HCM",4500000.0,42.25,106508.87573964497,10.884075652483562,106.59817907418942,15.958979255973697
"Thửa 710 - tờ 78 Trần Quang Cơ, P.Tân Thới Hiệp, Q.12, TP.HCM",6600000.0,87.64,75308.07850296669,10.766425906795662,106.71333875991682,2.152517652329781
"Thửa 503 - tờ 51 Thạnh Xuân 21, P.Thạnh Xuân, Q.12, TP.HCM",4300000.0,64.37,66801.30495572471,10.763391478138143,106.71079640792023,2.223707122822138
"88/89/17A (Thửa 356-7 - Tờ 2A) Nguyễn Văn Quỳ, P.Phú Thuận, Q.7, TP.HCM",5500000.0,55.0,100000.0,10.752920308692843,106.7187677281168,3.673083951133971
"Thửa 813 - tờ 32 Suối Lội, Xã Tân Thông Hội, H.Củ Chi, TP.HCM",2900000.0,29.0,100000.0,11.008384362131132,106.50693490333965,32.869905230952796
"Thửa 639 - tờ 8 Ba Sa, Xã Phước Hiệp, H.Củ Chi, TP.HCM",2500000.0,16.73,149432.15780035863,11.014901611463829,106.50937056885941,33.260871323107196
"Thửa 594 - tờ 3 Nguyễn Văn Khạ, Xã Tân An Hội, H.Củ Chi, TP.HCM",1980000.0,9.58,206680.58455114823,10.996751612422749,106.50851496958678,31.77740152793388
"Thửa 770 - tờ 2 Hà Huy Giáp, P.Thạnh Lộc, Q.12, TP.HCM",4650000.0,48.38,96114.09673418768,10.78662918971205,106.70898109078463,1.3259135544569614
"Thửa 443 - Tờ 80 Cá Súc, Xã Bình Khánh, H.Cần Giờ, TP.HCM",4200000.0,3.81,1102362.2047244094,10.411481487305869,106.89926500051301,46.25806170504716
"Thửa 961 - Tờ 202, hẻm 55 Tây Lân, P.Tân Tạo, Q.Bình Tân, TP.HCM",9000000.0,61.3,146818.9233278956,10.76200054796363,106.59410001260296,11.643471909975057
"Thửa 214 - Tờ 8 đường 130, Xã Tân Thạnh Đông, H.Củ Chi, TP.HCM",3500000.0,18.81,186071.23870281767,11.009274811166902,106.49422994829827,33.84802944293566
"Thửa 484 - Tờ 67 đường Bình Thành, P.Bình Hưng Hòa, Q.Bình Tân, TP.HCM",4050000.0,54.65,74107.95974382434,10.76742418187332,106.6103504087073,9.794578579900728
"Thửa 89 - tờ 11 Nguyễn Thị My, Xã Trung An, H.Củ Chi, TP.HCM",2800000.0,11.22,249554.367201426,11.00454007539729,106.48948124669279,33.806792977245756
"Thửa 642 - tờ 10 Lê Văn Khương, P.Hiệp Thành, Q.12, TP.HCM",6900000.0,29.65,232715.0084317032,10.780745392738167,106.70887056267313,1.0816876078625761
"Thửa 1755 - tờ 14 Thạnh Lộc 37, P.Thạnh Lộc, Q.12, TP.HCM",8900000.0,25.5,349019.60784313723,10.778694616802126,106.69636619651583,0.3151121223043186
"17/17 đường 182, P.Tăng Nhơn Phú A, TP.Thủ Đức, TP.HCM",7000000.0,43.67,160293.10739638194,10.843022214977436,106.75560439590603,9.33848145910109
"Thạnh xuân 25, P.Thạnh Xuân, Q.12, TP.HCM",4550000.0,84.41,53903.56592820756,10.789635765130647,106.71430480076658,1.9946763422047673
"Thửa 1207 - Tờ 94 đường số 6, Long Bình, Q.9, TP.HCM",3200000.0,62.99,50801.714557866326,10.733510863494702,106.70056260459101,5.121270777792637
"Thửa 1050 - tờ 74 Thạnh Xuân 25, P.Thới An, Q.12, TP.HCM",12500000.0,35.76,349552.57270693517,10.765613557520169,106.71385602412556,2.255497270280171
"77 Số 1A, P.An Lạc, Q.Bình Tân, TP.HCM",9790000.0,110.79,88365.37593645636,10.770672890425212,106.58924472578313,12.049174437791114
"276/29/57 Mã Lò, P.Bình Trị Đông A, Q.Bình Tân, TP.HCM",5350000.0,95.53,56003.34973306814,10.76897655776392,106.59244127531188,11.718517986507075
"Thửa 1733 - Tờ 22 Thạnh Lộc 31, P.Thạnh Lộc, Q.12, TP.HCM",8800000.0,45.76,192307.6923076923,10.76751589377017,106.71225291771786,1.9834031101783833
"Thửa 731 - Tờ 158 đường 1A, Xã Vĩnh Lộc B, H.Bình Chánh, TP.HCM",5530000.0,34.07,162312.88523627826,10.674727272200064,106.5868776964064,16.89790505043926
"Thửa 653 - Tờ 29 Võ Thị Liễu, P.An Phú Đông, Q.12, TP.HCM",4800000.0,86.33,55600.602339858684,10.768373699718486,106.71671785988818,2.310078369883428
"Thửa 808 - tờ 45 Hiệp Thành 44, P.Hiệp Thành, Q.12, TP.HCM",4380000.0,42.6,102816.9014084507,10.774164269670743,106.71446630116856,1.799298278744424
"Thửa 638 - tờ 151 Phạm Thị Điệp, Xã Thái Mỹ, H.Củ Chi, TP.HCM",1250000.0,10.37,120540.0192864031,11.008206630486491,106.50506741016903,32.98566476367833
"Thửa 1221+1222 - tờ 38 đường Trường Lưu, Long Trường, Q.9, TP.HCM",3500000.0,50.0,70000.0,10.73217029426974,106.73838257268085,6.802031182100142
"Thửa 1358 - Tờ 33 Giồng Cát, Xã Tân Phú Trung, H.Củ Chi, TP.HCM",2850000.0,19.52,146004.09836065574,10.784740631536966,106.63428883826361,7.101514132603647
"Thửa 431 - Tờ 192, 55-57 Bình Long, P.Bình Trị Đông, Q.Bình Tân, TP.HCM",21000000.0,251.49,83502.32613622808,10.751572895870261,106.61569355375923,9.633953743074557
"Hẻm 47  (Thửa 707 - Tờ 37) Nguyễn Duy Trinh, Long Trường, Q.9, TP.HCM",3400000.0,50.14,67810.13163143198,10.823441272315424,106.70236923596688,4.8427683813713065
"Thửa 1128 - 57 Thạnh Lộc 14, P.An Phú Đông, Q.12, TP.HCM",3900000.0,78.0,50000.0,10.785729016390608,106.68894251836038,1.2841084753285905
"Thửa 840 - tờ 12 Thạnh Xuân 51, P.Thạnh Xuân, Q.12, TP.HCM",2750000.0,49.81,55209.79722947199,10.782570318387144,106.70834510476665,1.0645450874314906
"Thửa 697 - tờ 55 Đông Thạnh 7, Xã Đông Thạnh, H.Hóc Môn, TP.HCM",5000000.0,27.35,182815.35648994514,10.880924597754973,106.59736000764809,15.771920542191012
"Thửa 942 - tờ 67 Hà Huy Giáp, P.Thới An, Q.12, TP.HCM",4550000.0,43.4,104838.70967741936,10.771405123722113,106.70232219843786,0.9944813523815371
"Thửa 941 - tờ 67 Hà Huy Giáp, P.Thới An, Q.12, TP.HCM",4550000.0,42.31,107539.58874970456,10.77050214454837,106.68695029310726,1.6730792871523852
"Thửa 945 - tờ 67 Hà Huy Giáp, P.Thới An, Q.12, TP.HCM",4500000.0,46.58,96607.98626019752,10.778034195551689,106.69946121108214,0.19937343893168916
"đường Trần Thị Trọng, P.15, Q.Tân Bình, TP.HCM",6100000.0,92.7,65803.66774541531,10.802312447627646,106.66588618011058,4.398448152395651
"59/26/98 Huỳnh Tịnh Của, P.8, Q.3, TP.HCM",14800000.0,162.63,91004.1197810982,10.764302896346582,106.67415291220944,3.214720349480385
"Thửa 1754 - tờ 9 Thạnh Xuân 52, P.Thạnh Xuân, Q.12, TP.HCM",5900000.0,40.94,144113.33659013192,10.761704143940262,106.69985978717557,2.002046898620555
"Thới An 15, P.Thới An, Q.12, TP.HCM",5500000.0,51.0,107843.13725490196,10.776114379411794,106.71614983511905,1.9161014797965117
"Thửa 1417 - Tờ 11 Thạnh Lộc 40, P.An Phú Đông, Q.12, TP.HCM",4590000.0,42.11,109000.23747328426,10.779169794423256,106.71658718955068,1.9216185100607264
"Thửa 514 - Tờ 123 Hoàng Hữu Nam, Long Thạnh Mỹ, Q.9, TP.HCM",27500000.0,69.56,395342.1506612996,10.821511824644482,106.7316191688885,5.831518161601797
"Thửa 961 - Tờ 4 Hà Huy Giáp, P.Thạnh Lộc, Q.12, TP.HCM",18500000.0,66.54,278028.2536819958,10.771784961223702,106.69985432337238,0.889512024132518
"Thửa 522 - tờ 1 Tỉnh Lộ 15, Xã Nhuận Đức, H.Củ Chi, TP.HCM",4500000.0,12.53,359138.06863527535,10.995429616282916,106.48787424346266,33.19494264264508
"Thửa 762 - tờ 81 Tô Ký 12, TT.Hóc Môn, H.Hóc Môn, TP.HCM",4600000.0,51.28,89703.58814352573,10.879478110372395,106.5884720785656,16.363192120455988
"Thửa 660 - tờ 63 Hẻm Hà Huy Giáp, P.Thới An, Q.12, TP.HCM",3600000.0,65.21,55206.2567090937,10.760932197499391,106.69171853330747,2.2333530127259684
"44 Khu Phố 1, P.Thạnh Lộc, Q.12, TP.HCM",5300000.0,45.06,117620.94984465156,10.76298335662041,106.7153953926742,2.580401194805957
"87 Bình Mỹ, Xã Bình Mỹ, H.Củ Chi, TP.HCM",1960000.0,17.65,111048.15864022664,10.997029918722367,106.50583059127523,31.993639893803167
"Thửa 637 - tờ 15 Tỉnh Lộ 15, Xã Phú Hòa Đông, H.Củ Chi, TP.HCM",1250000.0,14.58,85733.88203017833,11.001544126296722,106.50342329342145,32.54260554226205
"Thửa 728 - tờ 19 Nguyễn Thị Lắng, Xã Phước Vĩnh An, H.Củ Chi, TP.HCM",3250000.0,16.61,195665.26189042747,11.018132477682649,106.50747354534143,33.66958279088918
"Thửa 44 - Tờ 134 Nguyễn Văn Tiệp, Xã An Phú, H.Củ Chi, TP.HCM",1500000.0,6.35,236220.4724409449,10.991971313280997,106.49594198672905,32.30883385202994
"Thửa 637 - tờ 30 Tỉnh Lộ 2, Xã Trung Lập Thượng, H.Củ Chi, TP.HCM",1780000.0,3.32,536144.578313253,10.995514671969888,106.50290083522601,32.08117210210391
"Thửa 591 - tờ 12 Tỉnh Lộ 9, Xã Bình Mỹ, H.Củ Chi, TP.HCM",2100000.0,17.05,123167.15542521994,11.011482920130668,106.49981874387844,33.632701780137744
"Thửa 347 - tờ 22 Đông Thạnh 3, Xã Đông Thạnh, H.Hóc Môn, TP.HCM",2650000.0,41.14,64414.19543023821,10.89419456410517,106.59382585153531,17.102252420994372
"Thửa 308 - tờ 129 Xuân Thới 2, Xã Xuân Thới Sơn, H.Hóc Môn, TP.HCM",2600000.0,38.8,67010.30927835053,10.894163444182134,106.59916246979675,16.712713708739514
"Thửa 723 - tờ 16 Lê Thị Bay, Xã Tân Thạnh Đông, H.Củ Chi, TP.HCM",2100000.0,12.92,162538.69969040249,11.010293681073717,106.51541209126543,32.451289741067534
"Thửa 815 - tờ 52 Đường Tân Hiệp 30, Xã Tân Hiệp, H.Hóc Môn, TP.HCM",3350000.0,28.12,119132.29018492176,10.876860148656775,106.582536484223,16.660346301427083
"64 Hoàng Hữu Nam, Long Thạnh Mỹ, Q.9, TP.HCM",55000000.0,119.04,462029.5698924731,10.735388300349813,106.69440851744217,4.936774631994635
"Thửa 940 - tờ 67 Thạnh Xuân 25, P.Thới An, Q.12, TP.HCM",4450000.0,47.18,94319.62696057651,10.787612375733014,106.69190620645267,1.1645989239834675
"Thửa 724 - tờ 64 Tân Hiệp 16, Xã Tân Hiệp, H.Hóc Môn, TP.HCM",3500000.0,24.92,140449.43820224717,10.87774405582127,106.60220007221234,15.149881544039179
"4347 Nguyễn Cửu Phú, P.Tân Tạo A, Q.Bình Tân, TP.HCM",29500000.0,52.75,559241.7061611374,10.753422544555344,106.61018533673527,10.145071166166266
"Mã Lò, P.Bình Trị Đông A, Q.Bình Tân, TP.HCM",6200000.0,57.4,108013.93728222996,10.761869004742497,106.60502675498958,10.47027628435542
"Thửa 682 - Tờ 25 hẻm đường số 120, Xã Tân Thạnh Đông, H.Củ Chi, TP.HCM",700.0,5.07,138.0670611439842,11.003025187455046,106.4905001552556,33.60813312376244
"Thửa 711 - tờ 45 Tỉnh Lộ 8, Xã Trung An, H.Củ Chi, TP.HCM",1950000.0,7.23,269709.5435684647,11.016373119264504,106.49964748215676,34.05857121478609
"Thửa 735 - tờ 6 Võ Thị Hết, Xã Hòa Phú, H.Củ Chi, TP.HCM",2350000.0,19.83,118507.3121533031,11.013960180061192,106.48934169209612,34.59014707624791
"Thửa 534 - tờ 33 Đổ Đăng Tuyển, Xã An Nhơn Tây, H.Củ Chi, TP.HCM",2300000.0,16.49,139478.4718010916,11.013159692096181,106.50267734983571,33.573541874092314
"23B Linh Đông, Linh Đông, TP.Thủ Đức, TP.HCM",22600000.0,0.06,376666666.6666667,10.83977186992088,106.74052871352998,8.03895960462353
"221/43T Đông Thạnh 4-2, Xã Đông Thạnh, H.Hóc Môn, TP.HCM",3150000.0,40.59,77605.32150776053,10.876545426275015,106.60808231948107,14.610141528892946
"Thửa 688 - tờ 23 Tỉnh Lộ 8, Xã Tân Thạnh Tây, H.Củ Chi, TP.HCM",2750000.0,11.42,240805.60420315235,11.013568904762316,106.50981100161322,33.115660731033934
"274/12A Nguyễn Văn Đậu, P.11, Q.Bình Thạnh, TP.HCM",11600000.0,146.83,79002.92855683443,10.808366838667592,106.70155742842778,3.1736084189154234
"148 Đỗ Tấn Phong, Tân Đông Hiệp, Dĩ An, TP.HCM",3750000.0,42.61,88007.50997418446,10.737700928364555,106.73999143319436,6.460911286471899
"35 Hẻm 75, P.15, Q.Tân Bình, TP.HCM",9300000.0,115.24,80701.14543561263,10.799275683479319,106.65752366822896,5.025077030818985
"Thửa 595 - tờ 147 Trương Thị Như, Xã Bà Điểm, H.Hóc Môn, TP.HCM",3490000.0,36.44,95773.87486278816,10.89729662594705,106.58154966628017,18.27495008278341
"Thửa 574 - tờ 18 đường số 464, Xã Trung An, H.Củ Chi, TP.HCM",3500000.0,10.77,324976.78737233055,10.995279529178033,106.51229318433624,31.38438252401178
"Thửa 701 - Tờ 8 Sông Lu, Xã Hòa Phú, H.Củ Chi, TP.HCM",1490000.0,14.75,101016.94915254238,10.999981556601412,106.49507106704829,33.02214965035699
"Thửa 568 - Tờ 39 Phạm Thị Lòng, Xã Trung An, H.Củ Chi, TP.HCM",5000000.0,20.6,242718.44660194175,11.003733700014848,106.49540938959632,33.30463098255007
"Thửa 566 - Tờ 64 hẻm đường 148, Xã Bình Mỹ, H.Củ Chi, TP.HCM",1800000.0,11.69,153977.75876817794,11.014176513127705,106.4969930618699,34.059750047861584
"Thửa 828 - tờ 62 Nguyễn Thị Sáng, Xã Đông Thạnh, H.Hóc Môn, TP.HCM",6800000.0,22.22,306030.60306030605,10.897586456626922,106.58424270415061,18.092243574660706
"MP Thửa 355 - tờ 128 Trần Thị Bốc, Xã Đông Thạnh, H.Hóc Môn, TP.HCM",5500000.0,62.92,87412.58741258741,10.891454822240496,106.59465108824432,16.817897401958643
"Thửa 667 - Tờ 116 Cây Trắc, Xã Phú Hòa Đông, H.Củ Chi, TP.HCM",1150000.0,11.27,102040.81632653062,11.00090335044578,106.49743631127785,32.923747175471064
"Thửa 1201 - Tờ 16 Tân Thới Hiệp 14, P.Tân Thới Hiệp, Q.12, TP.HCM",5000000.0,51.92,96302.0030816641,10.788024000498602,106.69047294139276,1.3061234486077864
"115/11/2 Phạm Hữu Lầu, P.Phú Mỹ, Q.7, TP.HCM",8500000.0,91.39,93007.98774482985,10.792246545726341,106.72262378451943,2.925636173042474
"3a2 Hiệp Thành 17, P.Hiệp Thành, Q.12, TP.HCM",5100000.0,50.44,101110.22997620936,10.766870408494558,106.68895125411096,1.804242902788499
"Thửa 580 - tờ 42 Đông Thạnh 5, Xã Đông Thạnh, H.Hóc Môn, TP.HCM",3200000.0,35.87,89211.03986618345,10.880904836049083,106.57999719297041,17.16171570634631
"Thửa 734 - Tờ 21 Nguyễn Thị Nói, Xã Trung An, H.Củ Chi, TP.HCM",2550000.0,17.11,149035.6516656926,11.021305724398324,106.50437887470099,34.15482513333171
"Thửa 702 - tờ 4 Sông Lu 2, Xã Hòa Phú, H.Củ Chi, TP.HCM",2800000.0,18.75,149333.33333333334,11.005858602712756,106.49123892252611,33.784649866349724
"Thửa 700 - Tờ 161 Tỉnh Lộ 2, Xã Phước Vĩnh An, H.Củ Chi, TP.HCM",4000000.0,28.07,142500.89063056643,11.019520979421193,106.49422571722921,34.70616997392596
"Thửa 699 - Tờ 161 Tỉnh Lộ 2, Xã Phước Vĩnh An, H.Củ Chi, TP.HCM",4050000.0,27.05,149722.7356746765,11.003618056050923,106.50340145900834,32.71738502225769
"183/32/6 Nguyễn Hữu Cảnh, P.22, Q.Bình Thạnh, TP.HCM",4800000.0,135.59,35400.84076996829,10.808732223104267,106.72072843694916,3.985551083443682
"Thửa 601 - Tờ 20 Huỳnh Minh Mương, Xã Tân Thạnh Đông, H.Củ Chi, TP.HCM",2050000.0,13.39,153099.3278566094,11.008435235090095,106.5056546939496,32.96381920798114
"Thửa 842 - Tờ 40 đường số 112, Xã Tân Thạnh Đông, H.Củ Chi, TP.HCM",2200000.0,16.92,130023.64066193852,11.008977113875064,106.50055877165339,33.36936196629682
"Một phần nhà 38 đường số 6, P.Bình Hưng Hoà A, Q.Bình Tân, TP.HCM",8850000.0,63.53,139304.2657012435,10.758712018511073,106.61239338803729,9.757868823010874
"Nguyễn Duy Trinh, Trường Thạnh, Q.9, TP.HCM",3200000.0,32.0,100000.0,10.8088600709453,106.67714413413192,4.008864421008715
"Thửa 693 - tờ 3 Đoàn Minh Triết, Xã Thái Mỹ, H.Củ Chi, TP.HCM",1830000.0,11.72,156143.3447098976,11.021500307278808,106.49712727209406,34.670894159501906
"Thửa 647 - tờ 26 Tỉnh Lộ 8, Xã Hòa Phú, H.Củ Chi, TP.HCM",2300000.0,18.18,126512.65126512651,11.017932380117516,106.49075472116843,34.81908212417538
"Thửa 567 - tờ 15 Bùi Thị Lành, Xã Trung An, H.Củ Chi, TP.HCM",3800000.0,13.99,271622.5875625447,10.996397054618644,106.50850551727514,31.748478097423202
"Thửa 569 - tờ 147 Trần Thị Bốc, Xã Đông Thạnh, H.Hóc Môn, TP.HCM",2360000.0,28.26,83510.2618542109,10.895699123645308,106.60375088668842,16.520753458110015
"Thửa 696 - Tờ 161 đường số 415, Xã Phước Vĩnh An, H.Củ Chi, TP.HCM",2100000.0,22.38,93833.78016085792,10.999490257895575,106.4944324450825,33.029340948842425
"Thửa 701 - Tờ 161 Tỉnh Lộ 2, Xã Phước Vĩnh An, H.Củ Chi, TP.HCM",3950000.0,27.03,146133.92526822048,11.014634384556715,106.50611986923184,33.460616818681004
"Thửa 751 - Tờ 46 đường số 112, Xã Tân Thạnh Đông, H.Củ Chi, TP.HCM",2100000.0,17.45,120343.83954154728,11.01963734100799,106.4927604912074,34.81952808538126
"Thửa 751 - Tờ 19 Nguyễn Thị Dưỡng, Xã Tân Thạnh Đông, H.Củ Chi, TP.HCM",1650000.0,0.01,165000000.0,11.017678311609687,106.49783247982053,34.29651737991268
"Thửa 644 - Tờ 6 Lò Lu, P.Trường Thạnh, TP.Thủ Đức, TP.HCM",4000000.0,28.81,138840.68031933357,10.856890418598116,106.7525510423682,10.344036468318636
"Thửa 1109 - tờ 102 Quốc Lộ 1A, P.Thạnh Xuân, Q.12, TP.HCM",4700000.0,60.1,78202.99500831947,10.762346813402571,106.71410682471044,2.5378017448995007
"Thửa 599 - tờ 102 Quốc Lộ 1A, P.Thạnh Xuân, Q.12, TP.HCM",3600000.0,56.78,63402.60655160268,10.761642705146299,106.70526388189178,2.119505626277146
"75/56/10 Lý Thánh Tông, P.Tân Thới Hòa, Q.Tân Phú, TP.HCM",6000000.0,67.45,88954.78131949592,10.79839027031968,106.6124339485036,9.691347136285092
"Thửa 598 - tờ 147 Trương Thị Như, Xã Bà Điểm, H.Hóc Môn, TP.HCM",3500000.0,36.8,95108.69565217392,10.879276756931151,106.58086626589399,16.972457599602222
"Thửa 1002 - Tờ 18 Võ Thị Hồi, Xã Xuân Thới Đông, H.Hóc Môn, TP.HCM",4850000.0,53.65,90400.74557315937,10.897426251705115,106.58296782268559,18.176542810208755
"Thửa 314 - tờ 25 Hẻm Tân Xuân 5, Xã Tân Xuân, H.Hóc Môn, TP.HCM",3000000.0,41.03,73117.231294175,10.889315692093302,106.60447376455019,15.92760808410904
"Thửa 605 - Tờ 36 An Nhơn Tây, Xã An Nhơn Tây, H.Củ Chi, TP.HCM",1350000.0,13.59,99337.74834437086,11.008009638759727,106.50910762872336,32.68663665878518
"Thửa 560 - Tờ 14, hẻm 80 đường số 6, P.An Lạc A, Q.Bình Tân, TP.HCM",6500000.0,73.19,88809.94671403198,10.778863163272963,106.59429500286842,11.45489666901213
"Thửa 655 - Tờ 71, 137/77/6D Phan Anh, P.Bình Trị Đông, Q.Bình Tân, TP.HCM",7200000.0,44.55,161616.16161616164,10.753256854855659,106.61520903020957,9.6256732839646
"Thửa 1600 - tờ 60 Huỳnh Thị Na, Xã Đông Thạnh, H.Hóc Môn, TP.HCM",3850000.0,28.2,136524.82269503546,10.879846563674436,106.60778315811456,14.90156543482299
"Thửa 1322 - Tờ 17 đường số 89, Xã Tân Phú Trung, H.Củ Chi, TP.HCM",1500000.0,17.38,86306.09896432681,10.781269230305938,106.62911526560104,7.64795086331933
"Thửa 706 - Tờ 44 đường số 114, Xã Tân Thạnh Đông, H.Củ Chi, TP.HCM",2500000.0,10.96,228102.18978102188,11.004866240860236,106.51448046804391,32.04587998234033
"Thửa 915 - Tờ 24 Nguyễn Thị Dưỡng, Xã Tân Thạnh Đông, H.Củ Chi, TP.HCM",4800000.0,10.65,450704.22535211267,11.02085051548616,106.51402469379467,33.46784899499831
"Thửa 590 - Tờ 9 Tỉnh Lộ 2, Xã Tân An Hội, H.Củ Chi, TP.HCM",3400000.0,17.67,192416.52518392753,11.015750003441122,106.50783768085527,33.43877882069441
"Thửa 638 - tờ 4 Tỉnh Lộ 7, Xã Trung Lập Hạ, H.Củ Chi, TP.HCM",1500000.0,12.77,117462.80344557557,11.020931178505847,106.50488460687617,34.08798446927631
"Một phần nhà số 1/4L đường số 18B, P.Bình Hưng Hòa, Q.Bình Tân, TP.HCM",7100000.0,77.85,91201.02761721259,10.761125827594526,106.59343019023132,11.732334917140253
"Thửa 685 - Tờ 14 Nguyễn Văn Cự, P.Tân Tạo, Q.Bình Tân, TP.HCM",6500000.0,90.27,72006.20361138806,10.754949744357614,106.60082498499915,11.086437975859342
"Thửa 603 - Tờ 36 An Nhơn Tây, Xã An Nhơn Tây, H.Củ Chi, TP.HCM",1700000.0,11.82,143824.02707275804,11.007997031669964,106.51048087849465,32.59039545499771
"Thửa 628 - Tờ 8 Ba Sa, Xã Tân An Hội, H.Củ Chi, TP.HCM",2500000.0,14.95,167224.08026755854,11.014058217716801,106.48958430374945,34.58069803001626
"Thửa 874 - Tờ 29 đường số 460, Xã Trung An, H.Củ Chi, TP.HCM",2200000.0,14.7,149659.86394557822,10.991626126384237,106.4970580880211,32.19730895799148
"Thửa 702 - Tờ 4 Nguyễn Thị Ngâu, Xã Thới Tam Thôn, H.Hóc Môn, TP.HCM",8500000.0,49.01,173433.99306264028,10.888782734726561,106.60386852089572,15.92597932981254
"Thửa 1113 - Tờ 88 Rạch Nguyễn Thị Nhuần, P.An Phú Đông, Q.12, TP.HCM",5600000.0,69.22,80901.47356255418,10.789422247229215,106.69380058214217,1.2096335759033152
"Vườn Lài, P.An Phú Đông, Q.12, TP.HCM",22500000.0,64.97,346313.6832384177,10.77174575758411,106.7167843373904,2.135911152594353
"Thửa 848 - tờ 7 đường số 27, Xã Tân Thông Hội, H.Củ Chi, TP.HCM",6600000.0,18.39,358890.70146818925,11.004606868967493,106.50944239339273,32.37344865079133
"Thửa 594 - Tờ 194 đường số 608, Xã Tân An Hội, H.Củ Chi, TP.HCM",1600000.0,8.68,184331.79723502306,10.993588388235555,106.51002278598793,31.40534214505019
"Thửa 530 - tờ 2 Phạm Văn Chèo, TT.Củ Chi, H.Củ Chi, TP.HCM",3250000.0,23.27,139664.80446927375,10.994054437210513,106.5130839285002,31.225258218071232
"Thửa 593 - Tờ 194 đường số 608, Xã Tân An Hội, H.Củ Chi, TP.HCM",1600000.0,7.6,210526.31578947368,11.020826822052607,106.50764358868709,33.8919240572469
"Thửa 719 - tờ 48 Nguyễn Thị Thử, Xã Xuân Thới Sơn, H.Hóc Môn, TP.HCM",3750000.0,40.23,93214.01938851604,10.894833392450444,106.60051902636759,16.672657948224227
"Thửa 848 - Tờ 46, hẻm 40 đường số 112, Xã Tân Thạnh Đông, H.Củ Chi, TP.HCM",3500000.0,11.38,307557.1177504393,10.99494108738152,106.49647884566315,32.508170141578056
"Thửa 44 - tờ 16 Lê Thị Bay, Xã Tân Thạnh Đông, H.Củ Chi, TP.HCM",5100000.0,11.38,448154.65729349735,11.002033305378873,106.50866232974195,32.21038154461714
"931/23 (Thửa 716 - tờ 228) Hương Lộ 2, P.Bình Trị Đông, Q.Bình Tân, TP.HCM",5800000.0,86.69,66905.06402122506,10.771379070320418,106.61292214426214,9.463135266739775
"Thửa 604 - Tờ 36 An Nhơn Tây, Xã An Nhơn Tây, H.Củ Chi, TP.HCM",1300000.0,13.82,94066.57018813313,11.001085909913927,106.51517839676461,31.67370020323194
"Thửa 844 - tờ 45 Hương Lộ 2, P.Bình Trị Đông A, Q.Bình Tân, TP.HCM",6500000.0,85.07,76407.6642764782,10.77277230949255,106.6145348931166,9.27343781847188
"Thửa 620 - tờ 27 Nguyễn Kim Cương, Xã Tân Thạnh Đông, H.Củ Chi, TP.HCM",8700000.0,13.88,626801.1527377521,11.005869364450676,106.50652567178015,32.68522394103647
"Thửa 717 - tờ 33 Lê Thị Ngà, Xã Phước Vĩnh An, H.Củ Chi, TP.HCM",3600000.0,16.49,218314.1297756216,11.00619287155261,106.5019564014936,33.036198939940164
"Thửa 641 - tờ 5 Bến Kho Gạo, Xã Hòa Phú, H.Củ Chi, TP.HCM",1650000.0,19.27,85625.32433834978,11.01671164188874,106.51017765879936,33.362943098864726
"Thửa 652 - tờ 3 Trần Văn Mười, Xã Xuân Thới Đông, H.Hóc Môn, TP.HCM",3450000.0,41.76,82614.94252873564,10.88907966948046,106.60456592698648,15.901212513165087
"Thửa 702 - Tờ 161 Tỉnh Lộ 2, Xã Phước Vĩnh An, H.Củ Chi, TP.HCM",6000000.0,22.13,271125.1694532309,11.00814240344074,106.5083908436582,32.7477942480321
"Thửa 453 - Tờ 160, một phần nhà 92/14 đường số 10, P.Bình Hưng Hoà B, Q.Bình Tân, TP.HCM",4900000.0,53.78,91111.93752324284,10.76468451206391,106.60679508626313,10.224920145233716
"Lê Đình Cẩn, P.Tân Tạo, Q.Bình Tân, TP.HCM",5000000.0,54.05,92506.93802035153,10.758343116724264,106.5969557254856,11.412981437461653
"Thửa 349 - Tờ 94, Một phần nhà 92/1/6 Nguyễn Sơn, P.Phú Thọ Hòa, Q.Tân Phú, TP.HCM",5700000.0,109.4,52102.376599634365,10.786821554085712,106.63988635465353,6.514782808813392
"Thửa 348 - Tờ 94, Một phần nhà 92/1/6 Nguyễn Sơn, P.Phú Thọ Hòa, Q.Tân Phú, TP.HCM",5350000.0,107.86,49601.33506397182,10.799812892670413,106.6354490316414,7.297649627618048
"Thửa 638 - tờ 181 Ấp Đông 5, Xã Đông Thạnh, H.Hóc Môn, TP.HCM",5350000.0,65.8,81306.99088145897,10.88934503561099,106.59013167184847,16.989900961314568
"Thửa 569 - tờ 14 Tỉnh Lộ 8, Xã Hòa Phú, H.Củ Chi, TP.HCM",10500000.0,25.31,414855.78822599765,11.012139569027852,106.5009771713562,33.60633389542837
"Thửa 1051 - tờ 20 đường số 28, Xã Tân Thông Hội, H.Củ Chi, TP.HCM",2650000.0,32.96,80400.4854368932,10.998396439207978,106.50716708716575,32.01136264094916
"Thửa 566 - tờ 37 Tân Hiệp 16, Xã Tân Hiệp, H.Hóc Môn, TP.HCM",1100000.0,12.5,88000.0,10.884846656029177,106.60779971702644,15.315609997819218
"Thửa 570 - Tờ 89, Một phần nhà số 168/61 Chiến Lược, P.Bình Trị Đông, Q.Bình Tân, TP.HCM",5100000.0,63.9,79812.20657276995,10.778709893555705,106.61177056350765,9.54391833111465
"MPN 92/14 đường số 10, P.Bình Hưng Hoà B, Q.Bình Tân, TP.HCM",4900000.0,53.78,91111.93752324284,10.775611525284706,106.59080328718824,11.845387455531762
"Thửa 662 - tờ 177 Ấp Đông 3, Xã Đông Thạnh, H.Hóc Môn, TP.HCM",3800000.0,36.32,104625.55066079296,10.889834268603142,106.5799448587772,17.825256192933526
"Thửa 556 - tờ 21 Nguyễn Thị Chuỗi, Xã Phước Thạnh, H.Củ Chi, TP.HCM",3200000.0,6.94,461095.1008645533,11.01354398301358,106.50726917875349,33.28781279649441
"Thửa 430 - Tờ 192, 55-57 Bình Long, P.Bình Trị Đông, Q.Bình Tân, TP.HCM",5800000.0,114.39,50703.73284378005,10.773723448008228,106.59892573746743,10.96859323355645
"Thửa 695 - Tờ 2 Phạm Văn Đồng, P.11, Q.Bình Thạnh, TP.HCM",10150000.0,180.28,56301.30907477257,10.805713546566885,106.70678771100924,2.9909565675746626
"Thửa 598 - Tờ 194 đường số 608, Xã Tân An Hội, H.Củ Chi, TP.HCM",2700000.0,3.42,789473.6842105263,11.01579881032988,106.51266725177224,33.115561651596764
"17  (Thửa 546 - Tờ 149) đường số 1A, P.Bình Hưng Hoà A, Q.Bình Tân, TP.HCM",6500000.0,71.9,90403.33796940194,10.776181028008676,106.59135601836257,11.782671625401647
"Thửa 429 - Tờ 192, một phần nhà số 55-57 Bình Long, P.Bình Trị Đông, Q.Bình Tân, TP.HCM",5800000.0,113.94,50903.98455327365,10.758205187351242,106.59690382382344,11.421715377813376
"Thửa 428 - Tờ 192, một phần nhà số 55-57 Bình Long, P.Bình Trị Đông, Q.Bình Tân, TP.HCM",5800000.0,113.5,51101.32158590308,10.76337417311047,106.60199609858374,10.766589640940207
"Thửa 538 + 539 + 540 - Tờ 41, 97/6 Trần Bá Giao, P.5, Q.Gò Vấp, TP.HCM",33000000.0,107.8,306122.44897959183,10.841173421723164,106.67397268712217,7.322340505249937
"Thửa 944-Tờ 67 hẻm Đường TX 31, P.Thạnh Xuân, Q.12, TP.HCM",4550000.0,45.82,99301.61501527717,10.765863272037933,106.68862883657907,1.9144081671037136
"Thửa 629 - tờ 98 đường số 5A, P.Bình Hưng Hoà A, Q.Bình Tân, TP.HCM",5250000.0,82.8,63405.79710144928,10.753103914804154,106.61413127282792,9.743119214303483
"Thửa 570 - Tờ 6 Nguyễn Thị Ngâu, Xã Thới Tam Thôn, H.Hóc Môn, TP.HCM",4250000.0,18.11,234676.97404748757,10.890035957519071,106.60634642391942,15.85663467062692
"Thửa 545 - tờ 9 Lê Thị Kim, Xã Xuân Thới Sơn, H.Hóc Môn, TP.HCM",5550000.0,51.57,107620.70971495056,10.882502080832396,106.58017886054934,17.26239897281506
"Thửa 427 - Tờ 192, một phần nhà số 55-57 Bình Long, P.Bình Trị Đông, Q.Bình Tân, TP.HCM",5800000.0,114.85,50500.65302568568,10.778599213799817,106.60087548254494,10.735554615396815
"Thửa 527 - tờ 144 (MPN 24/11/2-24/11/2A) Bình Trị Đông, P.Bình Trị Đông, Q.Bình Tân, TP.HCM",4400000.0,78.29,56201.302848384206,10.780144522244385,106.60306350613733,10.495501939144832
"Thửa 539 - tờ 50 đường số 488, Xã Phạm Văn Cội, H.Củ Chi, TP.HCM",3750000.0,15.88,236146.0957178841,10.996217457570427,106.49923146171103,32.40804666169244
"Thửa 698 - tờ 31 Dương Công Khi, Xã Xuân Thới Thượng, H.Hóc Môn, TP.HCM",9500000.0,18.18,522552.25522552256,10.892162989288169,106.58903026414283,17.29711714271707
"Thửa 1214 - Tờ 55 An Phú Đông 27, P.An Phú Đông, Q.12, TP.HCM",5700000.0,59.25,96202.53164556962,10.788591002112701,106.7146762811676,1.9691782814715966
"Thửa 1215 - Tờ 55 An Phú Đông 27, P.An Phú Đông, Q.12, TP.HCM",5700000.0,60.12,94810.37924151697,10.76126382630261,106.7013764006064,2.0647217086477614
"Thửa 1028 - Tờ 142 đường số 2, Xã Xuân Thới Đông, H.Hóc Môn, TP.HCM",5100000.0,55.55,91809.18091809182,10.873804301745524,106.5799074322145,16.668258743800035
"Thửa 899 - tờ 14 đường số 59, P.14, Q.Gò Vấp, TP.HCM",4800000.0,87.11,55102.74365744461,10.832420502839131,106.68736459405717,5.960263836921913
"MPN 1658/10 Tỉnh Lộ 10, P.Tân Tạo, Q.Bình Tân, TP.HCM",4800000.0,46.73,102717.7402097154,10.76752826495216,106.60249626705982,10.644377185071095
"Thửa 14 - Tờ 8 Sông Lu 2, Xã Hòa Phú, H.Củ Chi, TP.HCM",24500000.0,8.11,3020961.775585697,11.015116383868685,106.50026858121365,33.908348631436766
"Thửa 544 - tờ 9 Lê Thị Kim, Xã Xuân Thới Sơn, H.Hóc Môn, TP.HCM",6200000.0,57.51,107807.33785428622,10.871435217811399,106.58395251486792,16.159276364665565
"Thửa 854 - Tờ 104 Đông hưng thuận 02, P.Tân Hưng Thuận, Q.12, TP.HCM",4590000.0,79.13,58005.81321875395,10.789579516292058,106.70798308554505,1.4604628027164788
"Thửa 695 - tờ 55 Đông Thạnh 7, Xã Đông Thạnh, H.Hóc Môn, TP.HCM",4880000.0,26.97,180941.78717093068,10.888263148977778,106.60094391965954,16.093852209317212
"Thửa 215 - tờ 110 Trung Đông 2, Xã Đông Thạnh, H.Hóc Môn, TP.HCM",4130000.0,34.72,118951.6129032258,10.883025306463868,106.58332054860198,17.04398138226581
"Thửa 696 - tờ 55 Đông Thạnh 7, Xã Đông Thạnh, H.Hóc Môn, TP.HCM",4880000.0,26.82,181953.7658463833,10.884597524551168,106.60406036091685,15.564493881670625
"49/40/19/3 Trịnh Đình Trọng, P.Phú Trung, Q.Tân Phú, TP.HCM",7800000.0,68.84,113306.21731551424,10.792857221959059,106.62900309705499,7.793619540713799
"Thửa 426 - Tờ 1, đường số 33, P.10, Q.6, TP.HCM",11800000.0,159.45,74004.39009093761,10.730803885529243,106.72459500985566,6.097063813597666
"Thửa 550 - Tờ 81 (950/24A) Nguyễn Ảnh Thủ, Xã Thới Tam Thôn, H.Hóc Môn, TP.HCM",8400000.0,40.85,205630.35495716034,10.883932728952843,106.59228943817311,16.39950096050411
"Thửa 1003 - Tờ 53 hẻm đường Vườn Lài, P.An Phú Đông, Q.12, TP.HCM",6500000.0,101.56,64001.575423395036,10.786256887156709,106.70993621438875,1.3913002758954476
"Thửa 698 - tờ 55 Đông Thạnh 7, Xã Đông Thạnh, H.Hóc Môn, TP.HCM",7400000.0,14.52,509641.87327823695,10.887104532242494,106.58960212262095,16.85511086142306
"Thửa 561 - tờ 145 Võ Thị Hồi, Xã Xuân Thới Sơn, H.Hóc Môn, TP.HCM",7600000.0,82.51,92110.04726699794,10.895957078430524,106.6077320409182,16.272262745949025
"Thửa 648 - tờ 70 Hà Duy Phiên, Xã Bình Mỹ, H.Củ Chi, TP.HCM",2150000.0,21.47,100139.72985561249,11.000895967012687,106.49408234371165,33.16972466259203
"Thửa 1275 Tờ 154 số 35, P.Hiệp Bình Chánh, TP.Thủ Đức, TP.HCM",7680000.0,82.05,93601.46252285193,10.84870504397671,106.75778272741177,9.96995195795042
"Thửa 534 - tờ 52 Tân Hoà Đông, P.Bình Trị Đông, Q.Bình Tân, TP.HCM",4650000.0,83.03,56003.85402866434,10.772781472623747,106.59594479510561,11.300705560872977
"105 Đông Hưng Thuận 5, P.Đông Hưng Thuận, Q.12, TP.HCM",15500000.0,79.08,196004.04653515428,10.787642108460098,106.69887321504665,0.8692644207711255
"6 Số 06, P.Trường Thạnh, TP.Thủ Đức, TP.HCM",7000000.0,36.0,194444.44444444444,10.85693115885295,106.75040058542648,10.216579894437174
"Thửa 562 - tờ 145 Võ Thị Hồi, Xã Xuân Thới Sơn, H.Hóc Môn, TP.HCM",7600000.0,85.68,88702.14752567693,10.886689051478275,106.59162963748697,16.66581614892017
"Thửa 563 - tờ 145 Võ Thị Hồi, Xã Xuân Thới Sơn, H.Hóc Môn, TP.HCM",15500000.0,46.35,334412.0819848975,10.877320109381875,106.59966066419553,15.312167057391875
"đường số 5, P.Linh Xuân, TP.Thủ Đức, TP.HCM",3750000.0,48.26,77704.1027766266,10.864315815323831,106.74651648328958,10.695521345137129
"MP Thửa 644 - tờ 116 Hương Lộ 60B, Xã Xuân Thới Sơn, H.Hóc Môn, TP.HCM",3350000.0,24.48,136846.40522875817,10.875851029583496,106.60880049954227,14.500424717876088
"158/7/27 Hẻm 158/7, P.14, Q.Bình Thạnh, TP.HCM",2510000.0,66.1,37972.768532526476,10.796901581609383,106.7134149822522,2.4617755668790475
"Thửa 1686 - tờ 129 Trần Thị Bốc, Xã Đông Thạnh, H.Hóc Môn, TP.HCM",3650000.0,32.76,111416.36141636143,10.884690721116653,106.59875775300573,15.964694873963817
"Thửa 1688 - tờ 129 Trần Thị Bốc, Xã Đông Thạnh, H.Hóc Môn, TP.HCM",3650000.0,30.77,118622.03444913877,10.885360117994447,106.5877188961467,16.86778500746192
"Thửa 950 - tờ 42 Tân Chánh Hiệp 7, P.Trung Mỹ Tây, Q.12, TP.HCM",4200000.0,58.9,71307.30050933786,10.766855403439326,106.6998834361503,1.4332394850176706
"Thửa 1400 - Tờ 5 hẻm Đường Ba Sa, Xã Phước Hiệp, H.Củ Chi, TP.HCM",1300000.0,10.4,125000.0,11.016756378882482,106.50852593940695,33.478861700239904
"2/50 Đướng Số 4, P.Tân Tạo A, Q.Bình Tân, TP.HCM",4630000.0,34.65,133621.93362193363,10.771152519937566,106.59013760222,11.94749952120267
"28/4 đường số 10, P.Linh Trung, TP.Thủ Đức, TP.HCM",32000000.0,85.6,373831.7757009346,10.84544875020494,106.74655621246546,8.931366698288716
"Thửa 1295 - tờ 72 Xuân Thới Thượng 4, Xã Bà Điểm, H.Hóc Môn, TP.HCM",3300000.0,31.22,105701.4734144779,10.893114284373066,106.58228031785613,17.891816422006627
"Thửa 1502 - tờ 17 Tân Thới Hiệp 14, P.Tân Thới Hiệp, Q.12, TP.HCM",5500000.0,69.62,79000.2872737719,10.786871955990229,106.70062980054718,0.8032465439366159
"Thửa 1204-Tờ 55 hẻm Đường An Phú Đông 25, P.An Phú Đông, Q.12, TP.HCM",4700000.0,63.42,74109.11384421318,10.765515711169842,106.69259955038858,1.7278821273227145
"Thửa 789 - tờ 48 Vũ Trọng Phụng, Xã Xuân Thới Sơn, H.Hóc Môn, TP.HCM",3600000.0,44.94,80106.8090787717,10.894164753959998,106.5810783615605,18.066992410511915
"Thửa 1291 - tờ 72 Xuân Thới Thượng 4, Xã Bà Điểm, H.Hóc Môn, TP.HCM",3900000.0,28.03,139136.63931501962,10.894321658659024,106.600463773712,16.63341282949707
"Thửa 616 - Tờ 3, 55/9/8 Lò Lu, P.Trường Thạnh, TP.Thủ Đức, TP.HCM",5600000.0,70.0,80000.0,10.85993500053506,106.76420271904364,11.3752020047677
"63/14 Lê Quang Định, P.14, Q.Bình Thạnh, TP.HCM",2320000.0,61.15,37939.493049877354,10.822415773791976,106.70673402059724,4.790241927911996
"Thửa 542 - Tờ 90 đường số 17, P.Bình Chiểu, TP.Thủ Đức, TP.HCM",5280000.0,60.0,88000.0,10.860248486059133,106.76089309528898,11.179596042707312
"Thửa 730 - Tờ 46 Lê Thị Bay, Xã Tân Thạnh Đông, H.Củ Chi, TP.HCM",1950000.0,22.67,86016.76224084693,11.004736412876996,106.51413950886148,32.058216906687775
"Thửa 849 - Tờ 34 Tỉnh Lộ 15, Xã Phú Hòa Đông, H.Củ Chi, TP.HCM",1800000.0,15.53,115904.7005795235,11.014798393688913,106.50236751600379,33.73465465990463
"Thửa 698 - Tờ 161 Tỉnh Lộ 2, Xã Phước Vĩnh An, H.Củ Chi, TP.HCM",4099999.999999999,26.23,156309.56919557755,11.020569408374783,106.50765661993337,33.86865397731219
"Thửa 1020 - Tờ 41 Lê Thị Đảo, Xã Tân Thạnh Đông, H.Củ Chi, TP.HCM",2250000.0,19.11,117739.40345368917,11.004725341670309,106.49348868042564,33.52665135222489
"Thửa 747 - Tờ 32 Bến Đường Cát, Xã Tân Thạnh Đông, H.Củ Chi, TP.HCM",2200000.0,16.38,134310.1343101343,11.001512013108542,106.51006723518567,32.06724068789535
"34/9/21 Quang Trung, P.08, Q.Gò Vấp, TP.HCM",9200000.0,81.12,113412.22879684418,10.83222321299762,106.66892811933991,6.669284178488217
"Thửa 574 - Tờ 8, hẻm 525/7 Lê Trọng Tấn, P.Sơn Kỳ, Q.Tân Phú, TP.HCM",5800000.0,96.66,60004.13821642872,10.782096268287491,106.6113946103179,9.587650271553109
"Thửa 661 - Tờ 126 Tỉnh Lộ 15, Xã Phú Hòa Đông, H.Củ Chi, TP.HCM",1290000.0,11.2,115178.57142857143,10.998048451229879,106.51717699479411,31.275469099475515
"Thửa 1280-2 - Tờ 94 đường số 6, P.Long Bình, TP.Thủ Đức, TP.HCM",3190000.0,63.16,50506.649778340725,10.859557540522033,106.74417961447648,10.111389234023237
"Thửa 512 - Tờ 102 Nguyễn Thị Măng, Xã Thái Mỹ, H.Củ Chi, TP.HCM",3550000.0,3.36,1056547.6190476192,11.016454882525396,106.49501379729334,34.3918619876897
"Thửa 769 - tờ 71 Thới Tam Thôn 17, Xã Thới Tam Thôn, H.Hóc Môn, TP.HCM",4099999.999999999,51.18,80109.41774130518,10.875733782716539,106.58531736791078,16.34786793267254
"Thửa 763 - Tờ 16 Lê Thị Sớm, Xã Phú Hòa Đông, H.Củ Chi, TP.HCM",1350000.0,10.31,130940.83414161007,11.0045987059756,106.49620299752837,33.31803262528468
"Thửa 904 - Tờ 8 Lê Thị Bay, Xã Tân Thạnh Đông, H.Củ Chi, TP.HCM",2500000.0,18.79,133049.49441192125,10.991989162924122,106.50982794491823,31.286463041922676
"Thửa 738 - Tờ 16 Lê Thị Bay, Xã Tân Thạnh Đông, H.Củ Chi, TP.HCM",2650000.0,12.89,205585.7253685027,11.002140743601688,106.50847329647907,32.23280382079958
"Thửa 737 - Tờ 16 Lê Thị Bay, Xã Tân Thạnh Đông, H.Củ Chi, TP.HCM",2650000.0,12.76,207680.25078369907,11.004358720854624,106.51608094444302,31.892269550862704
"Thửa 764 - Tờ 31 Nguyễn Kim Cương, Xã Tân Thạnh Đông, H.Củ Chi, TP.HCM",2200000.0,13.58,162002.94550810015,11.008912395826552,106.49650258754397,33.65400239259231
"Thửa 526 - Tờ 17 Lý Thị Chừng, Xã Phú Hòa Đông, H.Củ Chi, TP.HCM",2400000.0,9.93,241691.84290030212,10.993565360291461,106.51009083120665,31.398529894953647
"Thửa 662 - Tờ 126 Tỉnh Lộ 15, Xã Phú Hòa Đông, H.Củ Chi, TP.HCM",1290000.0,11.33,113857.01676963812,11.009932114367441,106.50035432553106,33.46416911246169
"23A8 Xô Viết Nghệ Tĩnh, P.25, Q.Bình Thạnh, TP.HCM",18000000.0,277.77,64801.814450804624,10.825217870661803,106.7021869913371,5.037339537401804
"Thửa 619 - Tờ 19 TL 43, P.Bình Chiểu, TP.Thủ Đức, TP.HCM",6500000.0,45.1,144124.16851441242,10.863714464638333,106.76167325370793,11.537586846927779
"63/7 Thạnh Lộc 40, P.Thạnh Lộc, Q.12, TP.HCM",8400000.0,46.38,181112.54851228977,10.773205617891076,106.7053758847963,1.005804758954966
"427/16H Trần Xuân Soạn, P.Tân Hưng, Q.7, TP.HCM",8800000.0,104.01,84607.24930295163,10.77697432576191,106.7399787111672,4.489490845895263
"Thửa 765 - Tờ 6 Hồ Văn Tắng, Xã Tân Phú Trung, H.Củ Chi, TP.HCM",1900000.0,13.31,142749.81217129977,10.79098160699531,106.6210363184497,8.6190716826993
"Thửa 1280-3 - Tờ 94 đường số 6, P.Long Bình, TP.Thủ Đức, TP.HCM",3190000.0,63.29,50402.907252330544,10.837284613984835,106.75895754482774,9.132579424515024
"Thửa 1280-1 - Tờ 94 đường số 6, P.Long Bình, TP.Thủ Đức, TP.HCM",3360000.0,63.03,53307.94859590671,10.83831896966473,106.76175840501396,9.432969033203987
"Thửa 1096 - Tờ 55 Nguyễn Thị Dưỡng, Xã Tân Thạnh Đông, H.Củ Chi, TP.HCM",1900000.0,21.27,89327.69158439117,11.021442251389946,106.49958218010798,34.495680595759
"Thửa 750 - Tờ 31 Nguyễn Kim Cương, Xã Tân Thạnh Đông, H.Củ Chi, TP.HCM",2200000.0,13.42,163934.4262295082,11.01872268095497,106.50563598017054,33.845840638873504
"Thửa 538 - Tờ 174, hẻm 204 Lê Trọng Tấn, P.Tây Thạnh, Q.Tân Phú, TP.HCM",3350000.0,72.35,46302.69523151348,10.791808932176082,106.61526752997203,9.256570185675823
"Thửa 663 - Tờ 16 đường Tỉnh Lộ 7, Xã Thái Mỹ, H.Củ Chi, TP.HCM",2900000.0,8.85,327683.6158192091,11.017638685979206,106.51112066842427,33.37998945680615
"Thửa 416 - Tờ 138, 1PN 98/2 Lạc Long Quân, P.10, Q.Tân Bình, TP.HCM",5200000.0,103.58,50202.74184205445,10.787155817125546,106.6459517024944,5.861748787283888
"Thửa 415 - Tờ 138, 1PN 98/2 Lạc Long Quân, P.10, Q.Tân Bình, TP.HCM",4600000.0,98.5,46700.507614213195,10.804251323367447,106.66222268152568,4.850354633021023
"Thửa 1029 - Tờ 217, 413/74 Lê Văn Quới, P.Bình Hưng Hoà A, Q.Bình Tân, TP.HCM",8199999.999999999,118.32,69303.58350236645,10.77562264213477,106.60981570598857,9.767882941503508
"Thửa 571 - Tờ 18 Nguyễn Thị Dòn, Xã Nhuận Đức, H.Củ Chi, TP.HCM",1450000.0,11.79,122985.58100084818,11.00035428108617,106.4929166927754,33.21191394829845
"66A Hẻm 64, P.Long Thạnh Mỹ, TP.Thủ Đức, TP.HCM",6400000.0,102.56,62402.49609984399,10.849884914618563,106.74459673691415,9.217179592010849
"Thửa 703 - Tờ 41 Xuân Thới Sơn 32, Xã Xuân Thới Sơn, H.Hóc Môn, TP.HCM",2550000.0,28.33,90010.58948111543,10.888453049807575,106.59927479948341,16.23160275046423
"Thửa 511 - Tờ 31 Bùi Thị Điệt, Xã Phạm Văn Cội, H.Củ Chi, TP.HCM",3500000.0,7.36,475543.47826086957,11.012641648854672,106.48866157001066,34.53057414505903
"Thửa 587 - Tờ 58, 26/1 Trương Phước Phan, P.Bình Trị Đông, Q.Bình Tân, TP.HCM",5700000.0,84.82,67201.13180853573,10.767917303739116,106.61823789292814,8.932995524530469
"Thửa 586 - Tờ 58, 26/1 Trương Phước Phan, P.Bình Trị Đông, Q.Bình Tân, TP.HCM",5700000.0,84.07,67800.64232187463,10.77895019294855,106.61049094635925,9.68356309948227
"1B đường số 3, P.Linh Xuân, TP.Thủ Đức, TP.HCM",13500000.0,110.73,121918.17935518829,10.839540059086206,106.74938266988909,8.60298189490924
"Thửa 670 - tờ 14 Lê Văn Quới, P.Bình Trị Đông, Q.Bình Tân, TP.HCM",5350000.0,88.28,60602.628001812416,10.761449877153982,106.59183705044636,11.897732045875447
"Thửa 546 - tờ 33 Đỗ Văn Dậy 16, Xã Tân Hiệp, H.Hóc Môn, TP.HCM",4300000.0,26.51,162202.94228592984,10.89834702286655,106.59336989472685,17.477738618718767
"Thửa 527 - Tờ 51 Nguyễn Thị Hẹ, Xã Trung Lập Thượng, H.Củ Chi, TP.HCM",1890000.0,3.19,592476.4890282132,11.009332890688276,106.50608430091643,33.01001239762504
"Thửa 526 - Tờ 51 Nguyễn Thị Hẹ, Xã Trung Lập Thượng, H.Củ Chi, TP.HCM",1770000.0,3.24,546296.2962962963,11.014775043515403,106.50325010299572,33.671248546743776
"Thửa 525 - Tờ 51 Nguyễn Thị Hẹ, Xã Trung Lập Thượng, H.Củ Chi, TP.HCM",1740000.0,3.24,537037.037037037,10.994185160073762,106.50937996916491,31.5012808379419
"Thửa 524 - Tờ 51 Nguyễn Thị Hẹ, Xã Trung Lập Thượng, H.Củ Chi, TP.HCM",1700000.0,3.33,510510.5105105105,11.011678786098077,106.50389202548347,33.36271727268527
"Thửa 672 - tờ 14 Lê Văn Quới, P.Bình Hưng Hòa, Q.Bình Tân, TP.HCM",5350000.0,90.37,59201.06229943565,10.769060387242902,106.60126427754953,10.758005445322407
"Thửa 671 - tờ 14 Lê Văn Quới, P.Bình Trị Đông, Q.Bình Tân, TP.HCM",5350000.0,89.91,59503.94839283729,10.769196146666944,106.59865606383785,11.03996477035206
"Thửa 668 - Tờ 11 Thới Tam Thôn 9, Xã Thới Tam Thôn, H.Hóc Môn, TP.HCM",27000000.0,40.06,673989.016475287,10.886205556553925,106.60247267554264,15.812804339800808
"Thửa 697 - Tờ 33 Nguyễn Thị Đăng, Xã Tân Thạnh Đông, H.Củ Chi, TP.HCM",2650000.0,25.52,103840.12539184953,11.001579688331509,106.50445710610332,32.4714159400858
"31/31A9 Huỳnh Thiện Lộc, P.Hòa Thạnh, Q.Tân Phú, TP.HCM",6700000.0,67.0,100000.0,10.786203309517537,106.6209607787326,8.567421743775586
"Thửa 623 - Tờ 300, 532/1/68 Kinh Dương Vương, P.Bình Trị Đông B, Q.Bình Tân, TP.HCM",5390000.0,57.7,93414.21143847487,10.770611004002506,106.61240601074185,9.52799840197971
"hẻm 58F Bưng Ông Thoàn, Phú Hữu, Q.9, TP.HCM",4900000.0,0.8,6125000.0,10.793430020529275,106.65929004750446,4.600585928646437
"Thửa 740 - Tờ 64 đường Tỉnh Lộ 15, Xã Tân Thạnh Đông, H.Củ Chi, TP.HCM",2300000.0,19.93,115403.9136979428,11.007095476701762,106.48906018126918,34.04615464932199
"Thửa 539 - Tờ 19, 661/11 (Số nhà cũ: 62B hẻm) Lũy Bán Bích, P.Phú Thạnh, Q.Tân Phú, TP.HCM",6800000.0,107.93,63003.79875845455,10.804374077244116,106.64000428991825,7.004656645307134
"Thửa 551 - Tờ 18, Một phần nhà 316/6 Hương Lộ 80, P.Bình Hưng Hoà B, Q.Bình Tân, TP.HCM",4800000.0,46.87,102410.9238318754,10.768970852367348,106.60083046247789,10.806257017443867
"31/31B3 Huỳnh Thiện Lộc, P.Hòa Thạnh, Q.Tân Phú, TP.HCM",6650000.0,69.34,95904.2399769253,10.780949187985202,106.62560729828009,8.03088326328462
"31/31B2 Huỳnh Thiện Lộc, P.Hòa Thạnh, Q.Tân Phú, TP.HCM",6650000.0,68.84,96600.81348053456,10.796029486229793,106.63500439424945,7.228818719294148
"31/31B1 Huỳnh Thiện Lộc, P.Hòa Thạnh, Q.Tân Phú, TP.HCM",6800000.0,69.74,97505.01864066534,10.791039845292195,106.62240647923737,8.471748764238743
"5 Thạch Lam, P.Phú Thạnh, Q.Tân Phú, TP.HCM",7100000.0,106.6,66604.12757973734,10.797357278086201,106.63571515397715,7.191834542639095
"Thửa 951 - tờ 35 Ngô Chí Quốc, P.Bình Chiểu, TP.Thủ Đức, TP.HCM",3600000.0,64.4,55900.621118012416,10.86090440494594,106.74956817685856,10.538386067993402
"31/31B6 Huỳnh Thiện Lộc, P.Hòa Thạnh, Q.Tân Phú, TP.HCM",7150000.0,69.08,103503.1847133758,10.783320799290312,106.63765579053411,6.723493964447656
"31/31B5 Huỳnh Thiện Lộc, P.Hòa Thạnh, Q.Tân Phú, TP.HCM",7200000.0,68.05,105804.55547391625,10.781710579558093,106.63747553014498,6.735210193881849
"31/31B4 Huỳnh Thiện Lộc, P.Hòa Thạnh, Q.Tân Phú, TP.HCM",7300000.0,66.84,109216.0383004189,10.776771249612146,106.62676552995708,7.910259649965892
"Thửa 1280-4 - Tờ 94 đường số 6, P.Long Bình, TP.Thủ Đức, TP.HCM",3570000.0,64.79,55101.09584812471,10.862684072339354,106.74124865218363,10.266476701298597
"Thửa 704 - Tờ 7, hẻm 255 Võ Văn Hát, P.Long Trường, TP.Thủ Đức, TP.HCM",40000000.0,37.2,1075268.817204301,10.835309787474845,106.7551468293169,8.682434071539848
"Thửa 553 - Tờ 18, Một phần nhà 316/6 Hương Lộ 80, P.Bình Hưng Hoà B, Q.Bình Tân, TP.HCM",4600000.0,51.86,88700.3470883147,10.757141468063462,106.60715751617413,10.35551933596658
"Thửa 552 - Tờ 18, Một phần nhà 316/6 Hương Lộ 80, P.Bình Hưng Hoà B, Q.Bình Tân, TP.HCM",4600000.0,50.88,90408.80503144654,10.755365562353964,106.58901707486542,12.331606480179506
"23/25/1 Huỳnh Thiện Lộc, P.Hòa Thạnh, Q.Tân Phú, TP.HCM",6700000.0,67.54,99200.47379330765,10.777172428674001,106.62681084272334,7.903556114666164
"Thửa 819 - Tờ 438, 881/9 Quốc lộ 1A, P.Bình Hưng Hoà A, Q.Bình Tân, TP.HCM",4350000.0,71.78,60601.83895235442,10.771428619593177,106.61120819695985,9.649171825007082
"Thửa 235 - Tờ 37 hẻm 247 Hà Huy Giáp, P.An Phú Đông, Q.12, TP.HCM",13600000.0,83.84,162213.74045801527,10.764217029112231,106.7101520839872,2.1084569564448725
"Thửa 358 - Tờ 70, MPN 197/92 Thoại Ngọc Hầu, P.Phú Thạnh, Q.Tân Phú, TP.HCM",5090000.0,139.83,36401.34448973754,10.780040909561777,106.63770888595195,6.706398160765983
"Thửa 412 - Tờ 21 đường Đặng Văn Sâm, P.2, Q.Tân Bình, TP.HCM",11600000.0,310.16,37400.051586278045,10.813685669921973,106.63777817898664,7.676579335110387
"Thửa 306 - Tờ 58 hẻm Đường Trần Thị Trọng, P.15, Q.Tân Bình, TP.HCM",6000000.0,65.43,91701.05456212745,10.815758043831245,106.64084814028514,7.504415649339266
"Thửa 524 - Tờ 144, 24/11/2 Bình Trị Đông, P.Bình Trị Đông, Q.Bình Tân, TP.HCM",5400000.0,58.37,92513.27736851122,10.759349499340203,106.60907977100828,10.094129058352319
"56/38 Trần Bình Trọng, P.5, Q.Bình Thạnh, TP.HCM",7200000.0,137.66,52302.774952782216,10.800016562381023,106.72248312094366,3.4041294370262545
"Thửa 55 - tờ số 33, Xã Bình Mỹ, H.Củ Chi, TP.HCM",8500000.0,19.99,425212.6063031516,11.010614542698006,106.50982599945222,32.860134497787335
"Thửa 312 - tờ 67 Hẻm 45 Thạnh Xuân 33, P.Thới An, Q.12, TP.HCM",7500000.0,37.38,200642.05457463884,10.787300761293272,106.7110358654331,1.554277124133397
"Thửa 2608 - Tờ 47 hẻm đường Thẩm Thệ Hà, P.Đông Hưng Thuận, Q.12, TP.HCM",8199999.999999999,103.79,79005.68455535214,10.781502520278725,106.69056381882521,0.945000405723968
"Thửa 26 - Tờ 89, 328 + 314/1 + 326/1 Thoại Ngọc Hầu, P.Phú Thạnh, Q.Tân Phú, TP.HCM",26500000.0,94.1,281615.302869288,10.793603957673596,106.62399249314522,8.347432754440861
"ấp cây trắc, Xã Phú Hòa Đông, H.Củ Chi, TP.HCM",3800000.0,7.5,506666.6666666667,11.00270892152547,106.49129423306104,33.5235712864464
"Thửa 215 - Tờ 18 Tân Hiệp 12-7, Xã Tân Hiệp, H.Hóc Môn, TP.HCM",2480000.0,33.74,73503.26022525193,10.874165169205133,106.59738804760526,15.248533835120293
"Thửa 859 - Tờ 9 hẻm đường Lê Văn Khương, P.Hiệp Thành, Q.12, TP.HCM",4550000.0,76.34,59601.78150379879,10.780544995797523,106.68866434429432,1.1365627941862022
"Thửa 547 - Tờ 6 hẻm đường Trần Quang Đạo, Xã Bình Khánh, H.Cần Giờ, TP.HCM",1800000.0,14.51,124052.37767057202,10.42255089681368,106.90846648109348,45.680105812446975
"Thửa 566 - tờ 69 Đông Thạnh 8-1, Xã Đông Thạnh, H.Hóc Môn, TP.HCM",4390000.0,32.63,134538.76800490345,10.872157332282177,106.5826514816853,16.320187193320642
"Thửa 461 - Tờ 34 hẻm Đường XXT 2, Xã Xuân Thới Thượng, H.Hóc Môn, TP.HCM",3150000.0,32.3,97523.2198142415,10.888809589837864,106.5812361837664,17.644724119232734
"Thửa 712 - tờ 56 Đông Thạnh 8-1, Xã Đông Thạnh, H.Hóc Môn, TP.HCM",4800000.0,44.52,107816.71159029649,10.884468720172892,106.5847511189591,17.036273186121246
"Thửa 711- tờ 56 Đông Thạnh 8-1, Xã Đông Thạnh, H.Hóc Môn, TP.HCM",4800000.0,44.32,108303.24909747293,10.895768805332413,106.58363915397652,17.994220354928228
"306/20 Nguyễn Thái Sơn, P.05, Q.Gò Vấp, TP.HCM",7200000.0,94.86,75901.32827324478,10.837212664393858,106.67960703717107,6.697904168838345
"Thửa 641 - Tờ 1 Bờ Kênh Trung Đông 8, Xã Thới Tam Thôn, H.Hóc Môn, TP.HCM",1850000.0,9.32,198497.8540772532,10.891947013274539,106.57943165891928,18.026297202439313
"Thửa 912 - Tờ 69 đường số 36A Khu C, P.An Phú, TP.Thủ Đức, TP.HCM",60000000.0,300.0,200000.0,10.857784193255982,106.74404957619997,9.933622474591706
"Thửa 708 - tờ 190 Xuân Thới Thượng 9, Xã Bà Điểm, H.Hóc Môn, TP.HCM",3200000.0,37.86,84521.92287374538,10.894814573955667,106.59077777360426,17.37833754262175
"MP 38/8 (Thửa 1003) Trần Thị Hè, khu phố 4, P.Hiệp Thành, Q.12, TP.HCM",5450000.0,84.36,64604.0777619725,10.780510091792582,106.69605815377567,0.3345613961784477
"201/5/1 Mã Lò, P.Bình Trị Đông A, Q.Bình Tân, TP.HCM",4500000.0,89.46,50301.81086519115,10.75202509940389,106.58978951278397,12.335997588114628
"MP 38/8 (Thửa 1002) Trần Thị Hè, khu phố 4, P.Hiệp Thành, Q.12, TP.HCM",5450000.0,84.62,64405.57787757031,10.785690967127488,106.68951591218345,1.2284175525737346
"Thửa 849 - Tờ 18, Đường TL22, P.Thạnh Lộc, Q.12, TP.HCM",4800000.0,54.85,87511.39471285323,10.779389686750784,106.69344570265893,0.6120882955870443
"Thửa 972 - Tờ 14, Đường TL41, P.Thạnh Lộc, Q.12, TP.HCM",5700000.0,55.39,102906.66185231991,10.762953365793717,106.68943551186247,2.137051123055437
"11 - 13 Nội Khu Mỹ Toàn 2, P.Tân Phong, Q.7, TP.HCM",60000000.0,270.27,222000.222000222,10.747527027182455,106.74548100469521,6.208509602868933
"Thửa 744 - Tờ 39 Liên khu 2-5, P.Bình Trị Đông, Q.Bình Tân, TP.HCM",10500000.0,92.42,113611.77234364855,10.759841024361775,106.59557806985669,11.527531424516365
"Thửa 882 - Tờ 11, Đường Thạnh Lộc 39, P.Thạnh Lộc, Q.12, TP.HCM",5450000.0,58.98,92404.2048151916,10.765010466431127,106.68936506331646,1.9462031695805466
"Thửa 971-Tờ 21 Hẻm Đường Nguyễn Văn Tạo, Xã Long Thới, H.Nhà Bè, TP.HCM",5000000.0,50.55,98911.96834817014,10.695504174803036,106.74321713827044,10.50109034191356
"Thửa 835 - Tờ 49 hẻm đường Võ Thị Hồi, Xã Xuân Thới Sơn, H.Hóc Môn, TP.HCM",3400000.0,31.92,106516.29072681704,10.88754925202655,106.60073798733428,16.050141951454236
"Thửa 640 - Tờ 51, Đường Vườn Lài, P.An Phú Đông, Q.12, TP.HCM",5300000.0,106.0,50000.0,10.762714340930696,106.69657266041513,1.9072382953760727
"Liên Khu 8-9, P.Bình Hưng Hoà A, Q.Bình Tân, TP.HCM",11900000.0,94.22,126300.1485884101,10.75700293902621,106.61700575015122,9.31815779965063
"MPN 1B Đường Phạm Quý Thích, P.Tân Quý, Q.Tân Phú, TP.HCM",5950000.0,155.75,38202.247191011236,10.775583958788893,106.61057206664195,9.685458511737634
"Thửa 879 - Tờ 11, Đường Thạnh Lộc 39, P.Thạnh Lộc, Q.12, TP.HCM",5450000.0,60.02,90803.06564478506,10.78347284361715,106.70497015586352,0.7672953099731712
"Thửa 878 - Tờ 11, Đường Thạnh Lộc 39, P.Thạnh Lộc, Q.12, TP.HCM",5450000.0,60.35,90306.54515327257,10.76705589898868,106.71409063975324,2.1671217692120823
"Thửa 881 - Tờ 11, Đường Thạnh Lộc 39, P.Thạnh Lộc, Q.12, TP.HCM",5450000.0,59.3,91905.56492411467,10.776116471964732,106.70858294432249,1.121030713784247
"Thửa 574 - Tờ 145 hẻm đường Nguyễn Văn Bứa, Xã Bà Điểm, H.Hóc Môn, TP.HCM",2700000.0,17.62,153234.9602724177,10.896093930887961,106.60817617440524,16.254491441506154
"Thửa 735 - Tờ 37 hẻm 2640 Huỳnh Tấn Phát, TT.Nhà Bè, H.Nhà Bè, TP.HCM",1880000.0,22.46,83704.36331255565,10.688220352216153,106.73933360271549,11.046195233696498
"võ văn hát, P.Long Trường, TP.Thủ Đức, TP.HCM",4400000.0,76.12,57803.46820809248,10.838798570364101,106.75008446841024,8.589818624964023
"12/8 Lê Văn Thọ, P.14, Q.Gò Vấp, TP.HCM",8800000.0,83.8,105011.93317422435,10.834698317671315,106.67596284234598,6.577045262298043
"Lê Văn Sỹ, P.13, Q.Phú Nhuận, TP.HCM",7900000.0,123.63,63900.34781201974,10.809378611948969,106.6648493689824,4.968606611861494
"Hẻm 2024 tỉnh lộ 8, Xã Bình Mỹ, H.Củ Chi, TP.HCM",12000000.0,11.91,1007556.6750629722,11.004046119134324,106.50600257649761,32.568243861567424
"Thửa 592 - tờ 44 Hẻm D31, Xã Hưng Long, H.Bình Chánh, TP.HCM",3050000.0,18.93,161119.91547807714,10.698923217141903,106.58727564428439,15.146661942375754
"Thửa 596 - Tờ 119 hẻm đường Bùi Thị Lành, Xã Bình Mỹ, H.Củ Chi, TP.HCM",1800000.0,11.18,161001.78890876565,10.998177830624561,106.51094753661458,31.723659738089527
"637/10/33/28E Hà Huy Giáp, P.Thạnh Xuân, Q.12, TP.HCM",5050000.0,37.71,133916.73296207903,10.767782403978304,106.71105046550433,1.8685809286058406
"Thửa 716 - Tờ 27 Đường Lê Thị Riêng, P.Thới An, Q.12, TP.HCM",8000000.0,61.87,129303.37805075158,10.770509111809782,106.70704381043909,1.3495646850750083
"Thửa 563 - Tờ 43, đường Bàu Giã, Xã Phước Vĩnh An, H.Củ Chi, TP.HCM",2980000.0,26.53,112325.66905390123,11.000053681627362,106.49918060616373,32.72638472507892
"Thửa 617 - Tờ 48 hẻm đường Tỉnh Lộ 15, Xã Tân Thạnh Đông, H.Củ Chi, TP.HCM",3600000.0,11.05,325791.85520361987,11.013335643911596,106.51037435703073,33.0570600092752
"Đường số 6-8, TT.Hóc Môn, H.Hóc Môn, TP.HCM",2800000.0,45.16,62001.771479185125,10.89825074600121,106.60604362353244,16.58586300744563
"Thửa 1107 - Tờ 59, Quốc lộ 1A, P.An Phú Đông, Q.12, TP.HCM",4800000.0,44.28,108401.0840108401,10.773011109177483,106.71062559274307,1.4731962051563863
"Thửa 1105 - Tờ 59, Đường Quốc lộ 1A, P.An Phú Đông, Q.12, TP.HCM",4950000.0,44.11,112219.45137157108,10.760977491106523,106.70932926335085,2.365850700166888
"Thửa 720 - Tờ 38, đường Hiệp Thành 43, P.Hiệp Thành, Q.12, TP.HCM",4950000.0,49.64,99717.96937953263,10.778875428164373,106.70514723431147,0.6767689890561616
"Thửa 1501 - Tờ 21, Đường Thạnh Lộc 16, P.An Phú Đông, Q.12, TP.HCM",6200000.0,71.42,86810.41725007001,10.78876956378914,106.71085454898342,1.631137472427571
"Thửa 91 - Tờ 28 đường số 97, Ấp Giồng Sao, Xã Tân Phú Trung, H.Củ Chi, TP.HCM",6500000.0,18.35,354223.4332425068,10.801584961785618,106.61273153521229,9.740906293110926
"Thửa 608 - Tờ 80 đường số 387, Xã Tân An Hội, H.Củ Chi, TP.HCM",1980000.0,12.16,162828.94736842104,11.017330059453919,106.50748983049861,33.59903413377953
"Thửa 693 - tờ 19 Tỉnh lộ 43, P.Bình Chiểu, TP.Thủ Đức, TP.HCM",3250000.0,37.52,86620.46908315564,10.849013198312923,106.75024672204,9.487357972556026
"Thửa 798 - Tờ 55 hẻm Bưng Ông Thoàn, P.Phú Hữu, TP.Thủ Đức, TP.HCM",10300000.0,65.94,156202.6084319078,10.864273283262595,106.74810344554147,10.776766928866111
"Thửa 877 - tờ 15 Đường Hà Huy Giáp, P.Thạnh Xuân, Q.12, TP.HCM",39000000.0,39.05,998719.5902688861,10.771713082754383,106.68887722795013,1.4246772531845364
"Thửa 508 - tờ 22 Tỉnh lộ 43, P.Bình Chiểu, TP.Thủ Đức, TP.HCM",3200000.0,40.25,79503.10559006211,10.840727750588151,106.74389787017226,8.337813845056198
"Thửa 737 - tờ 63 ấp Tam Đông, Xã Thới Tam Thôn, H.Hóc Môn, TP.HCM",4200000.0,52.1,80614.20345489444,10.879874591167772,106.59993078381072,15.491843181283608
"Thửa 441 - Tờ 3 hẻm 1508 Đường Lê Văn Lương, Xã Nhơn Đức, H.Nhà Bè, TP.HCM",4500000.0,38.23,117708.6058069579,10.704871913070445,106.7328814735735,9.076087942176766
"Thửa 564 - tờ 143 Đường TTT12, Xã Đông Thạnh, H.Hóc Môn, TP.HCM",4800000.0,51.94,92414.32422025414,10.870031162546901,106.59453094046417,15.173116422733198
"Thửa 564 - Tờ 66, Đường Trình Thị Gắt, Xã Tân An Hội, H.Củ Chi, TP.HCM",1300000.0,12.89,100853.3747090768,11.018616171292244,106.49917199437235,34.28264007105007
"87/54 Quốc lộ 1, P.Hiệp Bình Phước, TP.Thủ Đức, TP.HCM",5800000.0,54.3,106813.99631675876,10.858831308745756,106.76019598462511,11.00872871799167
"Thửa 548 Tờ 12, Đường Thạnh Lộc 41, P.Thạnh Lộc, Q.12, TP.HCM",7950000.0,53.78,147824.47006322053,10.773114914396444,106.70697848103362,1.140368988310644
"Thửa 833 - tờ 27 Đường Vườn Lài, P.Thạnh Lộc, Q.12, TP.HCM",1800000.0,38.37,46911.64972634871,10.760841784876632,106.68968438069473,2.33128528393618
"Thửa 805 - Tờ 27, đường Đỗ Hành, P.Trung Mỹ Tây, Q.12, TP.HCM",3350000.0,58.46,57304.13958262059,10.777225556835003,106.69332855205677,0.6846180187525802
"Thửa 46 - tờ 34 đường số 6, Xã Long Thới, H.Nhà Bè, TP.HCM",5200000.0,0.03,173333333.33333334,10.683842218772742,106.72959116815558,11.126626681666657
"Thửa 700 - tờ 23 Đường Hà Duy Phiên, Xã Bình Mỹ, H.Củ Chi, TP.HCM",11000000.0,24.42,450450.4504504504,10.99574668416013,106.50977083148595,31.603492968411597
"Thửa 587 - Tờ 19 Đường Quách Điêu, Xã Vĩnh Lộc A, H.Bình Chánh, TP.HCM",14400000.0,28.48,505617.9775280899,10.6820646094312,106.6053398034283,14.895008263335573
"Thửa 577 - Tờ 61, Đường Phạm Văn Sáng, Xã Xuân Thới Thượng, H.Hóc Môn, TP.HCM",25000000.0,34.2,730994.1520467836,10.886101159844781,106.60401146760853,15.69229917387374
"Thửa 413 - Tờ 66, hẻm 50 Hòa Bình, P.5, Q.11, TP.HCM",12070000.0,95.03,127012.52236135957,10.787695324541781,106.70671019326394,1.2130511597280182
"Thửa 1101 - Tờ 59, Đường Quốc lộ 1A, P.An Phú Đông, Q.12, TP.HCM",3750000.0,42.13,89010.20650367909,10.766052114596421,106.69677436872794,1.5389039193336564
"Thửa 1093 - Tờ 50, đường số 55, P.Tân Tạo, Q.Bình Tân, TP.HCM",8500000.0,85.0,100000.0,10.764655291912826,106.61784525855798,9.035346638133161
"Thửa 412 - Tờ 66, hẻm 50 Hòa Bình, P.5, Q.11, TP.HCM",10640000.0,95.42,111507.02158876546,10.786207606319453,106.69788550290507,0.7213293884143117
"Thửa 604 - Tờ 80 đường số 387, Xã Tân An Hội, H.Củ Chi, TP.HCM",1350000.0,12.14,111202.63591433277,11.019766196058509,106.49455870270647,34.70343411753601
"Thửa 1103 - Tờ 59, Đường Quốc lộ 1A, P.An Phú Đông, Q.12, TP.HCM",3900000.0,44.11,88415.325323056,10.76672220664701,106.69132441075811,1.6726210229475926
"Thửa 1102 - Tờ 59, Đường Quốc lộ 1A, P.An Phú Đông, Q.12, TP.HCM",3750000.0,42.27,88715.40099361248,10.768548657568104,106.7032898153272,1.3274146066369865
"Thửa 415 - Tờ 66, hẻm 50 Hòa Bình, P.5, Q.11, TP.HCM",18090000.0,90.26,200421.0059827166,10.788228202634588,106.69381946770625,1.0939431505203152
"Thửa 571 - Tờ 31, Đường Phạm Văn Cội, Xã Phạm Văn Cội, H.Củ Chi, TP.HCM",4000000.0,25.3,158102.76679841898,10.992003031536346,106.48885280935646,32.848798824655944
"Thửa 603 - Tờ 80 đường số 387, Xã Tân An Hội, H.Củ Chi, TP.HCM",1350000.0,12.18,110837.43842364532,11.00283396249112,106.51515953507568,31.824640283009575
"Thửa 1788 - Tờ 22, Đường Thạnh Lộc 19, P.Thạnh Lộc, Q.12, TP.HCM",18500000.0,29.8,620805.3691275168,10.788836177641251,106.70050424447203,1.0141137320659481
"Thửa 1106 - Tờ 59, Đường Quốc lộ 1A, P.An Phú Đông, Q.12, TP.HCM",4800000.0,43.51,110319.46678924386,10.779054119910382,106.69017971559417,0.9710903303794072
"Thửa 607 - Tờ 7, Đường Sa Nhỏ, Xã Trung Lập Thượng, H.Củ Chi, TP.HCM",2550000.0,5.42,470479.704797048,11.013189238956102,106.50757431748076,33.23633101268003
"Thửa 95 - Tờ 20, đường số 30, Xã Tân Thông Hội, H.Củ Chi, TP.HCM",3850000.0,18.16,212004.40528634362,10.993366389320208,106.48794363467042,33.02608092715646
"Thửa 1004 - Tờ 24, Đường Lê Thị Riêng, P.Thới An, Q.12, TP.HCM",5600000.0,56.0,100000.0,10.76072511820107,106.70622418500956,2.2503928050356117
"Thửa 598 - Tờ 26, đường số 10, P.Tân Tạo, Q.Bình Tân, TP.HCM",5650000.0,56.5,100000.0,10.760191348715024,106.60418219918866,10.597408719027351
"Thửa 1121 - Tờ 95, Đường Thạnh Xuân 21, P.Thạnh Xuân, Q.12, TP.HCM",4900000.0,76.8,63802.083333333336,10.78323959933276,106.69491230244299,0.5904482285848746
"Xô Viết Nghệ Tĩnh, P.28, Q.Bình Thạnh, TP.HCM",98000000.0,245.0,400000.0,10.79661487650729,106.70588960349048,2.0071635324648662
"Thửa 614 - Tờ 102, Đường Nguyễn Thị Măng, Xã Thái Mỹ, H.Củ Chi, TP.HCM",2000000.0,2.3,869565.2173913044,11.004702721323252,106.50135474215091,32.954552812628535
"Thửa 414 - Tờ 66, hẻm 50 Hòa Bình, P.5, Q.11, TP.HCM",14490000.0,90.16,160714.2857142857,10.77868370870216,106.71132948097745,1.3508929624649277
"Thửa 579 - Tờ 1 hẻm số 2 đường Tô Ngọc Vân, P.15, Q.Gò Vấp, TP.HCM",3200000.0,56.33,56808.095153559385,10.818971154900579,106.68537506154011,4.584463080362359
"Thửa 859 - tờ 19 Đường Hiệp Thành 17, P.Hiệp Thành, Q.12, TP.HCM",6500000.0,78.88,82403.65111561866,10.778313683676956,106.71020553310568,1.2332516904049535
"Thửa 713 - Tờ 30, Đường Số 16, Xã Tân Thông Hội, H.Củ Chi, TP.HCM",5300000.0,16.08,329601.9900497513,11.007761657240044,106.50901228125869,32.67208833727768
"Thửa 527 - Tờ 26, Đường Cây Trôm Mỹ Khánh, Xã Phước Hiệp, H.Củ Chi, TP.HCM",1700000.0,3.05,557377.0491803279,11.00349359567329,106.4907444482544,33.628117904320476
"22/4/9 Đường Số 61, P.Thảo Điền, TP.Thủ Đức, TP.HCM",13900000.0,114.59,121302.03333624225,10.861849240352697,106.75103868460563,10.71201450061314
"Thửa 688 - Tờ 195 Đường Nguyễn Thị Nhia, Xã Phước Hiệp, H.Củ Chi, TP.HCM",1600000.0,14.55,109965.63573883161,11.008689444152868,106.51528319942423,32.32083884923979
"Thửa 592 - Tờ 18, Đường Nguyễn Thị Dòn, Xã Nhuận Đức, H.Củ Chi, TP.HCM",1450000.0,10.94,132541.13345521025,11.013835951340846,106.501201743333,33.73427381651001
"Thửa 539 - Tờ 34, đường Lê Trọng Tấn, P.Bình Hưng Hòa, Q.Bình Tân, TP.HCM",7200000.0,70.58,102011.90138849533,10.756196743192309,106.5894667227161,12.263721373702172
"Thửa 935 - Tờ 4 Đường Nguyễn Thị Thạo, Xã Phước Hiệp, H.Củ Chi, TP.HCM",1280000.0,10.61,120640.90480678606,11.010377227397587,106.49357864959372,33.986566096012275
"Thửa 664 - Tờ 10, Đường Đặng Thị Dợt, Xã Phước Vĩnh An, H.Củ Chi, TP.HCM",3680000.0,18.43,199674.44384156266,11.021477040238706,106.50632460957515,34.03758026685578
"Thửa 542 - Tờ 34, đường Lê Trọng Tấn, P.Bình Hưng Hòa, Q.Bình Tân, TP.HCM",7200000.0,68.63,104910.38904269271,10.768908597066076,106.60225800573642,10.651877017828397
"Thửa 619 - Tờ 103, đường số 8, P.Linh Trung, TP.Thủ Đức, TP.HCM",22200000.0,99.86,222311.23573002205,10.853833580414125,106.74044544179438,9.359600568990636
"Thửa 15 - Tờ 47, đường số 17, P.Linh Trung, TP.Thủ Đức, TP.HCM",52000000.0,64.98,800246.2296091104,10.856816246697422,106.7426561739407,9.765435844684522
"Thửa 610 - Tờ 52, đường Bùi Thị Điệt, Xã Nhuận Đức, H.Củ Chi, TP.HCM",1900000.0,5.47,347349.1773308958,11.0130542175914,106.50155744514706,33.643008419114885
"Thửa 809 - Tờ 16, đường Võ Thị Mận, Xã Trung An, H.Củ Chi, TP.HCM",2300000.0,26.55,86629.00188323917,11.006485791329402,106.49400159384422,33.633982326835635
"Thửa 562 - Tờ 121 Đường Tỉnh lộ 10, P.Bình Trị Đông B, Q.Bình Tân, TP.HCM",7350000.0,97.48,75400.08206811654,10.770303164650585,106.61754444695576,8.973326829960175
"Thửa 632 - Tờ 2, Đường Tỉnh lộ 10, P.Tân Tạo, Q.Bình Tân, TP.HCM",3500000.0,53.92,64910.97922848664,10.775599278958882,106.6083683123649,9.926129838515175
"Thửa 532 - tờ 19 Đường Lê Văn Quới, P.Bình Hưng Hoà A, Q.Bình Tân, TP.HCM",4450000.0,113.52,39200.140944326995,10.75934261069936,106.59667153083748,11.4209675952332
"Thửa 613 - Tờ 102, Đường Nguyễn Thị Măng, Xã Thái Mỹ, H.Củ Chi, TP.HCM",1800000.0,2.8,642857.1428571428,11.007090991583574,106.50997529062592,32.547920910900025
"Thửa 687 - Tờ 195, Đường Nguyễn Thị Nhia, Xã Phước Hiệp, H.Củ Chi, TP.HCM",1700000.0,11.61,146425.4952627046,10.999526984125238,106.50521968342898,32.245408569702406
"Thửa 657 - Tờ 16 Đường Lý Thị Chừng, Xã Phú Hòa Đông, H.Củ Chi, TP.HCM",1900000.0,18.3,103825.13661202186,11.019413241205509,106.51152624469981,33.50774301522094
"Thửa 553 - Tờ 131, đường Tỉnh Lộ 10, P.Bình Trị Đông, Q.Bình Tân, TP.HCM",5350000.0,61.14,87504.08897612037,10.751927812477676,106.59144015926887,12.163950322553145
"47/68/46/20 Đường Trường Lưu, P.Long Trường, TP.Thủ Đức, TP.HCM",3800000.0,73.35,51806.4076346285,10.860084198030126,106.76110753620067,11.179359248480909
"Thửa 569 - tờ 121 Đường Phùng Tá Chu, P.An Lạc, Q.Bình Tân, TP.HCM",5450000.0,109.0,50000.0,10.754688865013389,106.61689357987655,9.40236852228407
"Thửa 568 - tờ 121 Đường Phùng Tá Chu, P.An Lạc, Q.Bình Tân, TP.HCM",5450000.0,109.0,50000.0,10.75295724012105,106.58971695800454,12.318421707922765
"Thửa Số 2 - Tờ Số 20, 362 Ba Sa, Xã Trung Lập Hạ, H.Củ Chi, TP.HCM",2860000.0,24.46,116925.5928045789,10.99754665061188,106.50754788992873,31.913109119612134
"Thửa 700 - Tờ 37, 907/8A Hương Lộ 2, P.Bình Trị Đông A, Q.Bình Tân, TP.HCM",6700000.0,76.22,87903.43741800053,10.763749039842066,106.60318694531622,10.631229639642706
"Thửa 601 - Tờ 27, hẻm 37 Hồ Văn Long, P.Bình Hưng Hoà B, Q.Bình Tân, TP.HCM",6250000.0,69.21,90304.86923854935,10.772791721416237,106.60799364738634,9.986353474030947
"Thửa 488 - Tờ 10, Đường Đặng Thùy Trâm, P.13, Q.Bình Thạnh, TP.HCM",8700000.0,176.11,49400.94259269774,10.81763946311323,106.70304951186561,4.210239057183131
"Thửa 638 - Tờ 27, hẻm 37 Hồ Văn Long, P.Bình Hưng Hoà B, Q.Bình Tân, TP.HCM",6250000.0,66.98,93311.43624962674,10.754020078513348,106.6029386487302,10.889098160250013
"Thửa 1022 - Tờ 58, Hẻm 340 Long Phước, P.Long Phước, TP.Thủ Đức, TP.HCM",5500000.0,51.4,107003.89105058365,10.845710949983774,106.74852399765294,9.081554607535999
"Thửa 1001 - Tờ 34, Đường Ngô Chí Quốc, P.Bình Chiểu, TP.Thủ Đức, TP.HCM",3000000.0,56.6,53003.53356890459,10.856074031448,106.76404169552005,11.034262648549792
"Thửa 51 - Tờ 41, Đường Trần Thị Rộng, Xã Nhuận Đức, H.Củ Chi, TP.HCM",9500000.0,0.11,86363636.36363636,10.996170907658597,106.51711003496628,31.12014642956455
"Lô 2, đường Số 13, Khu Công Nghiệp Tân Bình, P.Tây Thạnh, Q.Tân Phú, TP.HCM",290000000.0,28.82,10062456.627342124,10.792697528078714,106.6588209104264,4.6234201663183425
"Thửa 1003 - Tờ 45 đường số 1, KDC Việt Nhân - Tín Hưng, P.Long Trường, TP.Thủ Đức, TP.HCM",3800000.0,67.85,56005.89535740605,10.859040318890317,106.7580944973101,10.889233766959823
"Một phần thửa 298 - Tờ 76 Đường Kênh Trung Ương, Xã Vĩnh Lộc A, H.Bình Chánh, TP.HCM",7700000.0,0.06,128333333.33333334,10.698039348025956,106.59729118648426,14.338673673976281
"Một phần nhà 942/1/1A Đường Kha Vạn Cân, P.Trường Thọ, TP.Thủ Đức, TP.HCM",5300000.0,62.5,84800.0,10.860240746689554,106.74297362268206,10.114080265720675
"Thửa 669 - Tờ 134, 138/40/26 Đường Nguyễn Duy Cung, P.12, Q.Gò Vấp, TP.HCM",5350000.0,96.05,55700.15616866216,10.81370925982949,106.66541412629614,5.253052000101147
"Thửa 1052 - tờ 19 và Thửa 1053 - tờ 19 Đường Nguyễn Xiển, Trường Thạnh, Q.9, TP.HCM",139000000.0,60.96,2280183.727034121,10.799634521711216,106.65297501726889,5.494324064612236
"Thửa 39 - Tờ 16, kế 541/1/4 Tỉnh lộ 10, P.Bình Trị Đông, Q.Bình Tân, TP.HCM",6500000.0,49.8,130522.08835341367,10.768602582109223,106.59839275720346,11.075751222786586
"Tổ 54 KP4 ( Thửa 1112 - tờ 31 ) Đường Phan Văn Hớn, P.Tân Thới Nhất, Q.12, TP.HCM",5300000.0,74.33,71303.64590340374,10.771513144554552,106.69064146464198,1.2955660212556388
"Thửa 653 - Tờ 51, MPN 238/10-12 Đường Phú Thọ Hòa, P.Phú Thọ Hòa, Q.Tân Phú, TP.HCM",6500000.0,114.03,57002.5431903885,10.792335717196794,106.61111196934114,9.714697292984741
"Thửa 550 - tờ 15 ( 233/16 ) Đường Quốc Lộ 13 cũ, KP1, P.Hiệp Bình Phước, TP.Thủ Đức, TP.HCM",6250000.0,72.75,85910.6529209622,10.86252202498066,106.75360717848984,10.926006102130778
"Thửa 669 tờ 50, Một phần nhà số 647/1A Quốc lộ 13, P.Hiệp Bình Phước, TP.Thủ Đức, TP.HCM",6350000.0,95.48,66506.0745705907,10.855464972617755,106.7673541271072,11.22070943679975
"đường lê thị hà (nay là đường ấp chánh 4), Xã Tân Xuân, H.Hóc Môn, TP.HCM",16500000.0,17.49,943396.2264150945,10.88746168306457,106.60327975692002,15.858090264066991
"72C Hoà bình, P.5, Q.11, TP.HCM",70000000.0,350.0,200000.0,10.785247740909341,106.68813715432621,1.3356022925659616
"442/119/64 QL1A, P.An Phú Đông, Q.12, TP.HCM",4900000.0,48.61,100802.30405266407,10.7785016238119,106.70730868679304,0.9167014073827982
"Xã Tân Thạnh Tây, H.Củ Chi, TP.HCM",825.1,5.5,150.01818181818183,11.014677432776722,106.50493009419472,33.54643841086802
"Thửa 659 - Tờ 58 An Hạ, Xã Phạm Văn Hai, H.Bình Chánh, TP.HCM",12000000.0,14.17,846859.5624558927,10.679770766113156,106.59309911418427,16.0202412965867
"Thửa 1350 - tờ 22 Thới An 16, P.Thới An, Q.12, TP.HCM",3950000.0,65.72,60103.469263542305,10.779352797175022,106.69103731851132,0.8752311385458604
"Thửa 808 - tờ 1 Trung An, Xã Trung An, H.Củ Chi, TP.HCM",4000000.0,10.59,377714.8253068933,11.014210213547894,106.49832834266812,33.96810967537634
"Thửa 1230 - tờ 97 HIệp Thành 45, P.Hiệp Thành, Q.12, TP.HCM",2950000.0,57.84,51002.766251728906,10.765482268393598,106.70431317778807,1.6843621248989133
"1130 Thạnh xuân 52, P.Thạnh Xuân, Q.12, TP.HCM",25000000.0,32.59,767106.4743786437,10.762404497008983,106.70193455064256,1.948615696834574
"Thửa 601 - tờ 114 Đồng Tâm, Xã Tân Xuân, H.Hóc Môn, TP.HCM",3950000.0,31.6,125000.0,10.87105949160325,106.60599908434496,14.332467053692826
"Thửa 866 - tờ 72 Thạnh Xuân 25, P.Thạnh Xuân, Q.12, TP.HCM",3950000.0,74.38,53105.67356816349,10.776542401019917,106.69215431893917,0.8329441875565715
"Thửa 772 - tờ 66 Song Hành, Xã Tân Hiệp, H.Hóc Môn, TP.HCM",2950000.0,30.98,95222.72433828276,10.896444068892249,106.59819728585926,16.972830295872264
"Thửa 746 - tờ 85 đường T12, Xã Tân Quý Tây, H.Bình Chánh, TP.HCM",2000000.0,14.12,141643.059490085,10.696081407909816,106.60858415323143,13.549727032956778
"Thửa 18 - tờ 23 Bến Than, Xã Bình Mỹ, H.Củ Chi, TP.HCM",20500000.0,6.27,3269537.480063796,11.01172647784936,106.51244908970496,32.77654077688493
"Thửa 976 - tờ 33 Thạnh Lộc 16, P.Thạnh Lộc, Q.12, TP.HCM",3950000.0,53.23,74206.27465714823,10.787445620439032,106.69628871640866,0.8987657130820011
"Thửa 559 - Tờ 19 Tân Hoà 2, Hiệp Phú, Q.9, TP.HCM",8000000.0,73.39,109006.67665894536,10.751510260092466,106.66532526382471,4.834194503832016
"144/48 Đề Thám, P.Cầu Ông Lãnh, Q.1, TP.HCM",8000000.0,202.53,39500.32094010764,10.766486727368646,106.71065521010372,1.9444483760382114
"67 TL 50, P.Thạnh Lộc, Q.12, TP.HCM",7500000.0,52.66,142423.0915305735,10.782528301555155,106.70701996054311,0.925234838235259
"38 Nguyễn Xí, P.26, Q.Bình Thạnh, TP.HCM",130000000.0,160.13,811840.3796915007,10.811246776362742,106.70870886591742,3.637569158674823
"Thửa 513 - Tờ 60 Võ Chí Công, Phú Hữu, Q.9, TP.HCM",23000000.0,37.39,615137.7373629312,10.808877430233617,106.68444786775649,3.591388669247112
"275/21/30 Quang Trung, P.10, Q.Gò Vấp, TP.HCM",5000000.0,93.98,53202.809108320915,10.822102353602117,106.67680368452986,5.274237338312667
"Thửa 544 - tờ 182 Nguyễn Kiệm, P.3, Q.Gò Vấp, TP.HCM",7000000.0,140.28,49900.199600798405,10.827704576806244,106.66939150506188,6.21288868612933
"Hẻm 306/38 Vườn Lài, P.An Phú Đông, Q.12, TP.HCM",22500000.0,38.09,590706.2221055394,10.786939384907095,106.70021764794025,0.8019931721959278
"Thửa 311 - Tờ 145 Duyên Hải, Xã Long Hòa, H.Cần Giờ, TP.HCM",13000000.0,19.86,654582.0745216516,10.394975307631244,106.90947057729039,48.39546186335514
"Thửa 510 - Tờ 18 Bà Thiên, Xã Nhuận Đức, H.Củ Chi, TP.HCM",10000000.0,4.76,2100840.336134454,10.995310350679663,106.50917498588613,31.609773924317796
"Thửa 567 - Tờ 68 Thạnh Xuân 33, P.Thạnh Xuân, Q.12, TP.HCM",6000000.0,32.8,182926.8292682927,10.764150125883358,106.7165406853101,2.580612045361677
"Thửa 816 - tờ 63 Bến Than, Xã Tân Thạnh Đông, H.Củ Chi, TP.HCM",2600000.0,20.6,126213.5922330097,11.00191284228797,106.50054310909724,32.78093761924337
"17/17 và 17/19 đường TX 14, P.Thạnh Xuân, Q.12, TP.HCM",15000000.0,46.29,324044.0699935191,10.768092258010858,106.68896090754639,1.6985555242848063
"Thửa 19 - tờ 17 Bàu Lách, Xã Phạm Văn Cội, H.Củ Chi, TP.HCM",11000000.0,5.79,1899827.2884283247,11.00589083394611,106.49215259855964,33.720208539886286
"Thửa 343 - tờ 17 đường 464, Xã Trung An, H.Củ Chi, TP.HCM",9000000.0,4.16,2163461.5384615385,10.998228684444783,106.4977324149279,32.68281638681602
"Thửa 661 - tờ 33 Trung An, Xã Phú Hòa Đông, H.Củ Chi, TP.HCM",3200000.0,17.6,181818.1818181818,10.995822382364025,106.50831116643529,31.71451067142482
"Thửa 656 - tờ 8 Thái Mỹ, Xã Thái Mỹ, H.Củ Chi, TP.HCM",850.0,0.67,1268.6567164179103,11.000914158064479,106.50866583360614,32.11577542067397
"Thửa 551 - tờ 87 đường 682, Xã Thái Mỹ, H.Củ Chi, TP.HCM",900.0,6.0,150.0,10.994804646865004,106.51348667789365,31.259685277605303
"Thửa 913 - Tờ 48 đường 339, Phước Long B, Q.9, TP.HCM",6100000.0,104.81,58200.55338231085,10.80044463615797,106.73405989425473,4.461010713597516
"Thửa 2010 - Tờ 3 đường TL50, P.Thạnh Lộc, Q.12, TP.HCM",3700000.0,18.5,200000.0,10.7677509938862,106.7094515922857,1.752581594408064
"Thửa 609 - tờ 11 Bến Than, Xã Hòa Phú, H.Củ Chi, TP.HCM",2300000.0,18.19,126443.10060472786,11.015216873275659,106.51648360348209,32.80941256573106
"Thửa 735 - tờ 26 Trung Lập, Xã Trung Lập Thượng, H.Củ Chi, TP.HCM",980.0,9.5,103.15789473684211,11.000159440095803,106.51137077279634,31.861032330022944
"Thửa 152 - tờ 24 Trung An, Xã Trung An, H.Củ Chi, TP.HCM",5600000.0,10.96,510948.905109489,11.01481565422692,106.51088660270784,33.150349130423855
"Thửa 119 - tờ 43 Bình Mỹ, Xã Bình Mỹ, H.Củ Chi, TP.HCM",3000000.0,11.91,251889.16876574306,11.00514426565605,106.49527152514551,33.430853936416014
"Thửa 818 - tờ 41 Thạnh Xuân 24, P.Thạnh Xuân, Q.12, TP.HCM",4990000.0,58.02,86004.82592209583,10.787290886504845,106.70266304739606,0.9205230571639662
"MP 91/2A ( Thửa 1914 - tờ 22) Thới An 18, P.Thới An, Q.12, TP.HCM",6850000.0,52.29,131000.1912411551,10.767768740620093,106.71226664545195,1.9654773997059822
"Thửa 602 - tờ 11 đường 493, Xã Tân An Hội, H.Củ Chi, TP.HCM",2000000.0,16.82,118906.06420927467,10.994421255585697,106.510986046868,31.405718784096134
"đường số 63, An Phú, Q.2, TP.HCM",45000000.0,249.03,180701.12034694615,10.812210013454735,106.68141551332052,4.071113036925847
"Thửa 268 - tờ 28 Phước Thạnh, Xã Phước Thạnh, H.Củ Chi, TP.HCM",6990000.0,3.4,2055882.3529411766,11.01631019068663,106.48998796880446,34.7386549502136
"Thửa 543 - Tờ 43 Khu phố 4, P.Hiệp Thành, Q.12, TP.HCM",9000000.0,26.32,341945.2887537994,10.766571153151675,106.69087098289731,1.7123815817578902
"Thạnh Xuân 52, P.Thạnh Xuân, Q.12, TP.HCM",3950000.0,64.96,60806.65024630543,10.768441762011708,106.68847115819263,1.7051105776218132
"Thửa 627 - tờ 24 Bà Thiên, Xã Nhuận Đức, H.Củ Chi, TP.HCM",2030000.0,3.67,553133.514986376,11.018507652087704,106.49926287981943,34.267060045028096
"Thạnh Xuân 52, P.Thạnh Xuân, Q.12, TP.HCM",2950000.0,48.12,61305.070656691605,10.780305342571681,106.71658770034931,1.9213277807556182
"Thửa 578 - tờ 11 Trung An, Xã Trung An, H.Củ Chi, TP.HCM",2600000.0,13.66,190336.7496339678,10.99717340896099,106.50866376174623,31.801995554062014
"Thửa 538 - tờ 30 đường 374, Xã Tân An Hội, H.Củ Chi, TP.HCM",2000000.0,7.14,280112.0448179272,10.997763767270724,106.50403362530041,32.1844305644049
"310/41 Bùi Công Trừng, P.Thạnh Xuân, Q.12, TP.HCM",4980000.0,52.09,95603.76271837205,10.78242939539812,106.71027403019643,1.2642522726079302
"Thửa 170 - tờ 31 Giồng Cát, Xã Tân Phú Trung, H.Củ Chi, TP.HCM",2000000.0,14.69,136147.03880190608,10.80124289062708,106.61078789727112,9.937893785581448
"Thửa 621 - tờ 16 Kênh Đông, Xã Phước Thạnh, H.Củ Chi, TP.HCM",4000000.0,3.95,1012658.2278481012,11.007298124378732,106.49211287146434,33.83869641613439
"Thửa 1017 - tờ 27 Bến Than, Xã Hòa Phú, H.Củ Chi, TP.HCM",5900000.0,23.13,255079.98270644186,10.993250822435481,106.50190721567259,31.96853267434093
"Thửa 639 - tờ 40 Phan Thị So, Xã Phước Vĩnh An, H.Củ Chi, TP.HCM",7000000.0,7.32,956284.1530054645,10.99767673992542,106.5100083593315,31.74822187737517
"Thửa 1546 - tờ 59 Thạnh Xuân 52, P.Thạnh Xuân, Q.12, TP.HCM",2950000.0,59.0,50000.0,10.779450236684141,106.7030274806744,0.4389794983842403
"Thửa 1547 - tờ 59 Thạnh Xuân 52, P.Thạnh Xuân, Q.12, TP.HCM",2950000.0,59.0,50000.0,10.784468155204856,106.70048202595605,0.5418776176572412
"Thửa 712 - tờ 47 Bến Than, Xã Tân Thạnh Đông, H.Củ Chi, TP.HCM",1650000.0,13.31,123966.94214876032,10.998814227711545,106.51663393391337,31.378584431326058
"Thửa 651 - tờ 66 Gốc Rưng, Xã An Nhơn Tây, H.Củ Chi, TP.HCM",680.0,1.34,507.46268656716416,11.001604890352464,106.49299413118057,33.30791206567259
"Thửa 142 - tờ 2 Trung An, Xã Trung An, H.Củ Chi, TP.HCM",7500000.0,8.7,862068.9655172415,11.012515155619678,106.49050767882473,34.386007540285505
"Thửa 932 - tờ 74 đường 25, Xã Tân Thông Hội, H.Củ Chi, TP.HCM",3000000.0,23.79,126103.40479192938,11.013083004539702,106.49991558570215,33.76090473345707
"Thửa 737 - tờ 20 Bà Thiên, Xã Nhuận Đức, H.Củ Chi, TP.HCM",950.0,9.58,99.16492693110646,11.004128744778104,106.50484473985425,32.657349372863216
"Thửa 542 - tờ 49 đường 490, Xã Phạm Văn Cội, H.Củ Chi, TP.HCM",3000000.0,11.07,271002.7100271003,11.004379989266335,106.49582958830666,33.3271830003768
"Thửa 734 - tờ 46 đường 122, Xã Tân Thạnh Đông, H.Củ Chi, TP.HCM",2000000.0,13.78,145137.88098693758,11.014838035905626,106.49945257807414,33.942001160896474
"131/6/1/20 Tây Lân, P.Bình Trị Đông A, Q.Bình Tân, TP.HCM",4000000.0,63.49,63002.04756654591,10.771108164800784,106.6069096138354,10.120548720835195
"Thửa 705 - tờ 97 đường 175, Tăng Nhơn Phú A, Q.9, TP.HCM",6600000.0,100.6,65606.36182902585,10.821989166296554,106.6541218879576,6.775749094001766
"Nguyễn Ảnh Thủ, P.Tân Chánh Hiệp, Q.12, TP.HCM",8000000.0,55.17,145006.3440275512,10.77560574485319,106.68903905535586,1.1862586631291725
"Số 117 ( Thửa 931 - tờ 210 ) đường số 5, P.7, Q.8, TP.HCM",8000000.0,60.6,132013.201320132,10.751817193851277,106.67570184274533,4.009895334042867
"Thửa 533 - tờ số 46 Quốc Lộ 22, Xã Tân Hiệp, H.Hóc Môn, TP.HCM",40000000.0,10.63,3762935.089369708,10.87889495944656,106.60676927704267,14.898410985882858
"Thửa 608 - tờ 112 Mỹ Huề, Xã Trung Chánh, H.Hóc Môn, TP.HCM",3500000.0,38.93,89904.95761623427,10.878267915509497,106.58041084450207,16.938435111534563
"Thửa 609 - tờ 112 Mỹ Huề, Xã Trung Chánh, H.Hóc Môn, TP.HCM",3500000.0,39.77,88006.03469952225,10.889173046379367,106.5823637678253,17.582557231743944
"Thửa 943 - tờ 74 Liêu Bình Hương, Xã Tân Thông Hội, H.Củ Chi, TP.HCM",2050000.0,18.99,107951.55344918379,11.009331626554827,106.51226817123099,32.58204413931367
"Thửa 40 - Tờ 15 Hà Huy Giáp, P.Thạnh Xuân, Q.12, TP.HCM",22800000.0,1.14,20000000.0,10.788384200893208,106.68975420130276,1.3904811514386277
"42A Trần Huy Liệu, P.11, Q.Phú Nhuận, TP.HCM",160000000.0,164.54,972407.9251245898,10.78800914411963,106.69225939995657,1.172830942176999
"Thửa 10 - tờ 24 Tỉnh Lộ 8, Xã Hòa Phú, H.Củ Chi, TP.HCM",13000000.0,13.88,936599.4236311238,10.997549698747907,106.48975740436576,33.221679040532926
"Thửa 1105 - tờ 56 Võ Thị Thừa, P.An Phú Đông, Q.12, TP.HCM",3300000.0,62.85,52505.96658711217,10.789133894231504,106.71613691353303,2.1378815243826605
"Thửa 1106 - tờ 56 Võ Thị Thừa, P.An Phú Đông, Q.12, TP.HCM",3300000.0,62.73,52606.40841702535,10.780193197032183,106.69696983402908,0.22958091876323328
"TK46/7 (Thửa 192 - tờ 12) Võ Văn Kiệt, P.Cầu Kho, Q.1, TP.HCM",8950000.0,237.4,37700.08424599832,10.762527577970383,106.6930154497127,2.0189901725594384
"Thửa 750 - Tờ 10 đường 460, Xã Trung An, H.Củ Chi, TP.HCM",2500000.0,19.31,129466.59761781461,11.020738906142793,106.51480630550752,33.40643143794968
"Thửa 749 - Tờ 10 đường 460, Xã Trung An, H.Củ Chi, TP.HCM",2500000.0,19.29,129600.82944530845,10.996222558518829,106.49553066752318,32.68253407790642
"Thửa 850 - tờ 10 ấp 6, Xã Tân Thạnh Đông, H.Củ Chi, TP.HCM",2400000.0,22.66,105913.50397175639,11.006062253381897,106.5135085949991,32.21553444470589
"Thửa 352 - tờ 269 Phan Huy Ích, P.14, Q.Gò Vấp, TP.HCM",8000000.0,123.07,65003.656455675635,10.82698255287946,106.66933322749561,6.148258271185034
"Thửa 351 - tờ 269 Phan Huy Ích, P.14, Q.Gò Vấp, TP.HCM",8000000.0,123.07,65003.656455675635,10.82634222433714,106.66793777430986,6.170980798445053
"Thửa 1286 - Tờ 73 Thạnh Xuân 25, P.Thạnh Xuân, Q.12, TP.HCM",4690000.0,58.62,80006.82360968953,10.782249640314156,106.69767345187893,0.31027248896057497
"317/20 Thống Nhất, P.11, Q.Gò Vấp, TP.HCM",5850000.0,133.25,43902.439024390245,10.840858731413798,106.66814867411942,7.552545411310794
"Thửa 1503 - tờ 33 Thạnh Lộc 16, P.An Phú Đông, Q.12, TP.HCM",3600000.0,50.84,70810.38552321006,10.781294018331593,106.70439723373804,0.6104825653676176
"Thửa 990 - Tờ 4 Thạnh Lộc 47, P.Thạnh Lộc, Q.12, TP.HCM",3200000.0,45.07,71000.66563124029,10.770611430602868,106.69549126629369,1.0859434144866766
"Thửa 913 - tờ 62 Thạnh Xuân 43, P.Thạnh Xuân, Q.12, TP.HCM",4250000.0,56.06,75811.63039600427,10.784581364079827,106.71157898138938,1.471624348298342
"Thửa 912 - tờ 62 Thạnh Xuân 43, P.Thạnh Xuân, Q.12, TP.HCM",4150000.000000001,66.08,62802.66343825668,10.768777375627693,106.7129897271088,1.9530038524843547
"Thửa 911 - tờ 62 Thạnh Xuân 43, P.Thạnh Xuân, Q.12, TP.HCM",4550000.0,57.74,78801.52407343262,10.78471500940213,106.70801964633569,1.1244698912083786
"Thửa 1073 - Tờ 3 Quốc Lộ 1A, P.An Phú Đông, Q.12, TP.HCM",3900000.0,45.34,86016.76224084693,10.78936904372036,106.70566471125036,1.2847913337706163
"Thửa 1105 - Tờ 75 Võ Thị Liễu, P.An Phú Đông, Q.12, TP.HCM",4500000.0,80.35,56004.978220286255,10.778577515374915,106.71635056156212,1.8992377857027907
"2/29 Tổ 4 - KP1, P.Thạnh Lộc, Q.12, TP.HCM",5400000.0,54.76,98612.12563915267,10.76897382971253,106.69569885913931,1.2500592707128304
"376 Tổ 6, Xã An Nhơn Tây, H.Củ Chi, TP.HCM",2200000.0,6.03,364842.4543946932,10.998121568185596,106.50433209785152,32.192498012385926
"104 Trang Tử, P.02, Q.6, TP.HCM",2800000.0,31.12,89974.29305912596,10.823540990475129,106.71894908139966,5.307702175759881
"46 Trần Thị Năm, P.Tân Chánh Hiệp, Q.12, TP.HCM",7300000.0,56.06,130217.62397431323,10.785347385861206,106.71453789468079,1.8044080059231262
"5G Hẻm 6, Xã Thới Tam Thôn, H.Hóc Môn, TP.HCM",7400000.0,40.0,185000.0,10.878170615501245,106.58147887190938,16.842215335250472
"17/9 TL 44, P.Thạnh Lộc, Q.12, TP.HCM",5900000.0,43.06,137018.11425917325,10.771985888844524,106.70669628148757,1.2031617942763209
"98 ấp 2, Xã Long Thới, H.Nhà Bè, TP.HCM",2700000.0,19.25,140259.74025974027,10.703243605159882,106.72784057379492,9.034011331186898
"Thửa 569 - Tờ 67 Thạnh Xuân 13, P.Thạnh Xuân, Q.12, TP.HCM",4400000.0,40.0,110000.0,10.782845246661903,106.70776783860724,1.0140212551573407
"Thửa 910 - Tờ 110 Thạnh Xuân 14, P.Thới An, Q.12, TP.HCM",3600000.0,34.28,105017.50291715286,10.767394349172605,106.71074105186197,1.8760506465632745
"Thửa 624 - Tờ 37 An Phú Đông 3, P.An Phú Đông, Q.12, TP.HCM",2700000.0,24.32,111019.73684210527,10.788786242425886,106.7051501713762,1.199849902233888
"24 Long Thuận, Trường Thạnh, Q.9 cũ, TP.HCM",4200000.0,52.5,80000.0,10.748395802038049,106.71773108002101,4.029854555698615
"6 Rừng Sác, Xã Bình Khánh, H.Cần Giờ, TP.HCM",2500000.0,27.77,90025.20705797624,10.4190672670243,106.89412495600872,45.25263555941944
"Thạnh Lộc 16, P.Thạnh Lộc, Q.12, TP.HCM",1700000.0,36.17,47000.27647221454,10.773769212645133,106.69305106406736,0.9327929195490163
"Thửa 970 - Tờ 8 Bưng Tràm, Xã Tân Thạnh Tây, H.Củ Chi, TP.HCM",1150000.0,1.76,653409.0909090909,10.993951043116086,106.49848238332687,32.27892170745616
"Thửa 554 - Tờ 7 Thạnh Lộ 40, P.Thạnh Lộc, Q.12, TP.HCM",4250000.0,55.55,76507.65076507651,10.771245540839978,106.71011913188423,1.53742226037676
"Thửa 720 - Tờ 22 Trung Lập, Xã Trung Lập Thượng, H.Củ Chi, TP.HCM",1950000.0,11.94,163316.58291457288,11.010113298976938,106.51169443774374,32.688715635975164
"Thửa 721 - Tờ 22 Trung Lập, Xã Trung Lập Thượng, H.Củ Chi, TP.HCM",1950000.0,11.78,165534.80475382003,11.01049066239691,106.51650875414767,32.39441980591036
"Thửa 722 - Tờ 22 Trung Lập, Xã Trung Lập Thượng, H.Củ Chi, TP.HCM",1950000.0,11.25,173333.33333333334,11.005948994753828,106.5165705938154,31.99604037092037
"379/76 Thống Nhất, P.11, Q.Gò Vấp, TP.HCM",6800000.0,109.5,62100.45662100457,10.83705784063488,106.68573358215849,6.499820032166252
"Thửa 738 - Tờ 20 Đông Thạnh 3, Xã Đông Thạnh, H.Hóc Môn, TP.HCM",1990000.0,24.81,80209.59290608625,10.877093133505449,106.6066597254035,14.760585181580861
"Nguyễn Oanh, P.17, Q.Gò Vấp, TP.HCM",25000000.0,117.64,212512.7507650459,10.81240903024677,106.67986426215148,4.173088273623679
"D8, P.Thuận Giao, TP.Thuận An, TP.HCM",11370000.0,34.27,331777.0644878902,10.82052909970624,106.73876895351296,6.260998161940311
"đường 6D, Xã Vĩnh Lộc B, H.Bình Chánh, TP.HCM",19500000.0,22.26,876010.781671159,10.67864975512454,106.59231952580083,16.16759174632273
"110 TL 37, Thạnh Lộc, Q.12, TP.HCM",3850000.0,74.03,52005.94353640416,10.765364623946146,106.70818797886068,1.8836010842954054
"Thửa 633-1 - tờ 12 Hiệp Thành 13, P.Hiệp Thành, Q.12, TP.HCM",4390000.0,51.34,85508.37553564472,10.771728879612294,106.70756373918874,1.2905787138937381
"Quách Điêu, Xã Vĩnh Lộc A, H.Bình Chánh, TP.HCM",12600000.0,28.0,450000.0,10.679121643067074,106.59766648184507,15.713491699494774
"Thạnh Xuân 24, P.Thạnh Xuân, Q.12, TP.HCM",3300000.0,37.33,88400.75006697027,10.782356083094696,106.71464274753286,1.731263180035437
"Một phần số 219/16 đường Tô Ngọc Vân, P.Thạnh Xuân, Q.12, TP.HCM",4980000.0,47.56,104709.8402018503,10.77454522179405,106.7135945852158,1.6952835983361594
"Thửa 614 - tờ 77 Quốc Lộ 1A, P.An Phú Đông, Q.12, TP.HCM",3100000.0,59.04,52506.77506775068,10.765228737530425,106.71203361280175,2.148434802528015
"Thửa 1194 - Tờ 23 Thạnh Xuân 33, P.Thạnh Xuân, Q.12, TP.HCM",4850000.0,39.2,123724.48979591836,10.786005137226313,106.70149609509944,0.7390837283120162
"Thửa 790 - Tờ 6 Võ Văn Hát, Long Trường, Q.9, TP.HCM",16250000.0,65.81,246922.9600364686,10.75073836422667,106.70982306070324,3.423008468118863
"Thửa 28 - tờ 7 Nguyễn Văn Khạ, Xã Tân An Hội, H.Củ Chi, TP.HCM",4000000.0,9.75,410256.41025641025,11.013103654139208,106.5138350342904,32.80215256640754
"Thửa 621 - Tờ 68 An Nhơn Tây, Xã An Nhơn Tây, H.Củ Chi, TP.HCM",1700000.0,7.21,235783.63384188627,11.010615674411945,106.49681807057686,33.77349128781718
"Thửa 704 - tờ 27 đường 65, Xã Tân Phú Trung, H.Củ Chi, TP.HCM",8700000.0,12.47,697674.4186046511,10.802263622373594,106.61924158183722,9.07309254208703
"Một phần nhà số 17B (Thửa 547 - Tờ 149) đường số 1A, P.Bình Hưng Hoà A, Q.Bình Tân, TP.HCM",7000000.0,78.47,89206.06601248885,10.769938350034751,106.60238915403752,10.625328032985825
"Thửa 1372 - tờ 12 Thạnh Lộc 39, P.Thạnh Lộc, Q.12, TP.HCM",13800000.0,37.57,367314.34655310086,10.790189809637619,106.68701099365877,1.7469543160439858
"Thửa 853 - Tờ 9 Thạnh Xuân 52, P.Thạnh Xuân, Q.12, TP.HCM",1250000.0,16.49,75803.51728320195,10.782010426081335,106.70645166161701,0.848403552388214
"Thửa 1398 - tờ 5 Trung Lập, Xã Trung Lập Hạ, H.Củ Chi, TP.HCM",1600000.0,1.99,804020.1005025125,11.0092592235463,106.48791847014252,34.30708422439297
"Thửa 709 - tờ 74 Nhuận Đức, Xã Nhuận Đức, H.Củ Chi, TP.HCM",2400000.0,15.05,159468.43853820598,11.004830785605158,106.51352095845716,32.10898852939482
"Thửa 151 - tờ 16 Trung Lập, Xã Trung Lập Thượng, H.Củ Chi, TP.HCM",4600000.0,3.17,1451104.1009463724,10.993320639573271,106.50976501354639,31.40161466948301
"Thửa 670 - Tờ 67 đường số 1, Xã Vĩnh Lộc A, H.Bình Chánh, TP.HCM",6000000.0,48.97,122523.9942822136,10.696684364812167,106.60459686148351,13.826932513141797
"đường Giồng Cát, Xã Tân Phú Trung, H.Củ Chi, TP.HCM",680.0,3.79,179.41952506596306,10.804865868569212,106.6317116736385,7.867321305132892
"Thửa 689 - tờ 19 đường 416, Xã Phước Vĩnh An, H.Củ Chi, TP.HCM",2900000.0,14.5,200000.0,11.000670794511212,106.49589870120202,33.01747895089065
"Thửa 915 - tờ 28 Tỉnh Lộ 8, Xã Hòa Phú, H.Củ Chi, TP.HCM",2050000.0,20.13,101838.0526577248,11.009925251232549,106.51029001858193,32.76897321902586
"Thửa 355 - tờ 9 Tỉnh Lộ 15, Xã Phú Mỹ Hưng, H.Củ Chi, TP.HCM",13000000.0,3.02,4304635.761589404,11.009806660204209,106.51146285566564,32.67817413278793
"Thửa 1030 - Tờ 142 Kênh Tiêu, Xã Xuân Thới Thượng, H.Hóc Môn, TP.HCM",4900000.0,52.74,92908.60826697004,10.873182462149353,106.59045128173325,15.738401893285394
"Thửa 1031 - Tờ 142 Kênh Tiêu, Xã Xuân Thới Thượng, H.Hóc Môn, TP.HCM",6200000.0,60.37,102700.01656451881,10.88923879014725,106.59300213177595,16.762920412735134
"Thửa 688 - tờ 21 An Nhơn Tây, Xã An Nhơn Tây, H.Củ Chi, TP.HCM",2100000.0,11.38,184534.2706502636,10.994437792753804,106.49773209416324,32.37415062799298
"Thửa 564 - tờ 3 Tân An Hội, Xã Tân An Hội, H.Củ Chi, TP.HCM",2550000.0,10.42,244721.68905950096,11.018163222848582,106.50636436330515,33.747793853600676
"Thửa 793 - Tờ 32 đường 409, Xã Phước Vĩnh An, H.Củ Chi, TP.HCM",1850000.0,20.5,90243.90243902439,11.020440265065096,106.50178974825604,34.25747007009536
"Thửa 517 - Tờ 28 đường số 17, Bình Trưng Đông, Q.2, TP.HCM",13800000.0,164.09,84100.18892071424,10.821127493266946,106.72411614000632,5.332935518655859
"Thửa 601 - Tờ 2 đường 500, Xã Phạm Văn Cội, H.Củ Chi, TP.HCM",2200000.0,6.77,324963.0723781389,11.003485281133045,106.50996318658376,32.241737208987935
"Thửa 894 - tờ 51 Hà Duy Phiên, Xã Bình Mỹ, H.Củ Chi, TP.HCM",2050000.0,19.05,107611.54855643044,11.00605311362189,106.51322581228129,32.2342224810327
"Thửa 702 - tờ 4 đường Võ Thị Thừa, P.An Phú Đông, Q.12, TP.HCM",2950000.0,54.62,54009.52032222629,10.790580046692444,106.69006995956914,1.5445498203000472
"đường Vườn Thơm, Xã Bình Lợi, H.Bình Chánh, TP.HCM",7000000.0,24.66,283860.502838605,10.674454152507268,106.59563555250978,16.237463907393327
"Thửa 809 - tờ 29 Suối Lội, Xã Tân Thông Hội, H.Củ Chi, TP.HCM",6900000.0,25.42,271439.81117230526,11.016966416969716,106.48814443181199,34.92605077848641
"Thửa 702 - tờ 7 đường số 25, Xã Tân Thông Hội, H.Củ Chi, TP.HCM",20000000.0,15.89,1258653.2410320956,11.01129390906738,106.50785419961558,33.05442489900132
"Thửa 716 - tờ 156 Suối Lội, Xã Phước Vĩnh An, H.Củ Chi, TP.HCM",1850000.0,16.41,112736.13650213284,11.00195099048469,106.49838673271756,32.940617824631
"Thửa 715 - tờ 156 Suối Lội, Xã Phước Vĩnh An, H.Củ Chi, TP.HCM",1850000.0,16.41,112736.13650213284,11.00854206360691,106.50209413547564,33.22380552543939
"Thửa 615 - tờ 30 Giồng Cát, TT.Củ Chi, H.Củ Chi, TP.HCM",3200000.0,22.22,144014.40144014402,11.000194722236454,106.49234149248545,33.241669886764356
"Thửa 911 - tờ 30 Suối Lội, Xã Tân Thông Hội, H.Củ Chi, TP.HCM",2200000.0,19.59,112302.19499744767,11.020474728706176,106.50197521424096,34.247673983174685
"Thửa 802 - tờ 11 Phước Thạnh, Xã Phước Thạnh, H.Củ Chi, TP.HCM",1650000.0,8.76,188356.16438356164,10.99340950290549,106.48832057103645,33.00071115707139
"Thửa 587 - tờ 19 ấp Thượng, Xã Tân Thông Hội, H.Củ Chi, TP.HCM",4800000.0,13.81,347574.22157856624,11.014439382122713,106.49220550673026,34.423392147479916
"Thửa 332 - tờ 52 ấp Tân Tiến, TT.Củ Chi, H.Củ Chi, TP.HCM",4000000.0,14.04,284900.2849002849,11.01966522116716,106.5141786406323,33.353305823161435
"Thửa 707 - tờ 7 đường 572, Xã Trung Lập Hạ, H.Củ Chi, TP.HCM",1300000.0,14.06,92460.88193456615,11.008396203233852,106.50636366311294,32.910847210736435
"Thửa 540 - tờ 33 ấp 5, Xã Bình Mỹ, H.Củ Chi, TP.HCM",4300000.0,10.57,406811.7313150426,11.005019091368636,106.5005838093941,33.03626173599468
"Thửa 765 - tờ 53 Tô Ngọc Vân, P.Thạnh Xuân, Q.12, TP.HCM",3650000.0,39.67,92009.07486765817,10.764021101282486,106.70004925201042,1.7472670197649756
"Thửa 1208 - tờ 97 Hiệp Thành 45, P.Tân Thới Hiệp, Q.12, TP.HCM",4250000.0,67.78,62702.8622012393,10.76272921860424,106.7008169069623,1.8967106326433396
"Thửa 1224 - tờ 19 Bình Mỹ, Xã Bình Mỹ, H.Củ Chi, TP.HCM",2200000.0,17.6,124999.99999999999,11.018255851835974,106.51046614967495,33.47782445882022
"Thửa 1119 - tờ 26 Lê Thị Riêng, P.Thới An, Q.12, TP.HCM",5700000.0,61.02,93411.99606686331,10.77791947027199,106.69882447766113,0.20754911116100194
"Thửa 688 - tờ 30 Trung Lập, Xã Phú Mỹ Hưng, H.Củ Chi, TP.HCM",3100000.0,1.94,1597938.144329897,10.997209403308478,106.50418999097674,32.12719269719313
"Thửa 827 - tờ 112 Trung Lập, Xã Trung Lập Thượng, H.Củ Chi, TP.HCM",1800000.0,9.73,184994.86125385406,11.008934439110602,106.49982394640425,33.41807511916123
"Thửa 187 - tờ 20 Tỉnh Lộ 8, Xã Hòa Phú, H.Củ Chi, TP.HCM",17000000.0,12.19,1394585.726004922,11.021459349577576,106.49527227498626,34.796871824255895
"Thửa 608 - tờ 43 Bình Mỹ, Xã Bình Mỹ, H.Củ Chi, TP.HCM",4500000.0,41.24,109117.36178467507,11.008753375566135,106.49671731803146,33.625314976068836
"8/58 ( Thửa 828 - tờ 20) Thạnh Xuân 40, P.Thạnh Xuân, Q.12, TP.HCM",4500000.0,52.26,86107.92192881745,10.765343380510105,106.70573782993324,1.7579350137392658
"Thửa 816 - tờ 28 đường số 18, Xã Tân Thông Hội, H.Củ Chi, TP.HCM",3000000.0,19.74,151975.68389057752,11.00670908786131,106.50596145814168,32.795993368717944
"Thửa 70 - tờ 67 An Nhơn Tây, Xã An Nhơn Tây, H.Củ Chi, TP.HCM",3900000.0,2.43,1604938.2716049382,11.013934574100354,106.49599710445914,34.110141457387684
"Thửa 636 - tờ 30 Trung Lập, Xã Phú Mỹ Hưng, H.Củ Chi, TP.HCM",3100000.0,1.93,1606217.616580311,11.020831272636759,106.49259446479007,34.93195657529623
"Thửa 684 - tờ 50 Nhuận Đức, Xã Nhuận Đức, H.Củ Chi, TP.HCM",1250000.0,10.77,116063.13834726092,10.9983512700038,106.50335309472854,32.28238679252435
"Thửa 683 - tờ 50 Nhuận Đức, Xã Nhuận Đức, H.Củ Chi, TP.HCM",1250000.0,10.97,113947.12853236098,10.999347188488874,106.49278613827825,33.1398999363899
"Thửa 376 - tờ 15 Đông Thạnh, Xã Đông Thạnh, H.Hóc Môn, TP.HCM",2800000.0,19.64,142566.1914460285,10.895993195850467,106.60567009294851,16.414679348986272
"Thửa 537 - tờ 48 Nhuận Đức, Xã Nhuận Đức, H.Củ Chi, TP.HCM",2300000.0,8.1,283950.6172839506,11.012241512364529,106.48872025851,34.49330453253717
"3/28D ( Thửa 513 - tờ 97 ) Bình Gĩa, P.13, Q.Tân Bình, TP.HCM",4800000.0,132.96,36101.08303249097,10.805400718924682,106.64690260466135,6.365943382752897
"Thửa 533 - tờ 72 đường 501, Xã Nhuận Đức, H.Củ Chi, TP.HCM",2350000.0,8.08,290841.58415841585,11.010134816980473,106.50569867009663,33.10517512650817
"Thạnh Lộc 27, P.Thạnh Lộc, Q.12, TP.HCM",8199999.999999999,24.06,340814.63009143807,10.762495533168988,106.70758020666737,2.128928145056919
"Thửa 932 - tờ 9 Lê Thị Riêng, P.Thới An, Q.12, TP.HCM",4800000.0,59.18,81108.48259547145,10.781527310307887,106.71303643050297,1.5441418092049048
"Thửa 792 - tờ 63 Huỳnh Thị Na, Xã Đông Thạnh, H.Hóc Môn, TP.HCM",3990000.0,47.16,84605.59796437659,10.872005953870778,106.60619205345216,14.391502565761018
"Thạnh Xuân 22, P.Thạnh Xuân, Q.12, TP.HCM",6450000.0,87.39,73807.0717473395,10.761263525535032,106.70645381218038,2.2038288847821645
"Thửa 606 - tờ 14 Võ Thị Bàng, Xã An Nhơn Tây, H.Củ Chi, TP.HCM",7950000.0,5.65,1407079.646017699,10.9963369258586,106.51613365636341,31.20256765687295
"Thửa 584 - tờ 45 đường 490, Xã Phạm Văn Cội, H.Củ Chi, TP.HCM",2400000.0,9.56,251046.0251046025,11.018809521658126,106.50459153386973,33.92476870519615
"Thửa 1243 - tờ 1 Hồ Thị Lai, Xã Tân Phú Trung, H.Củ Chi, TP.HCM",730.0,3.85,189.6103896103896,10.794751404377974,106.63505088376677,7.190047715899727
"Thạnh Xuân 24, P.Thạnh Xuân, Q.12, TP.HCM",1750000.0,13.4,130597.01492537314,10.784697141514116,106.69733451731938,0.5740466716064916
"Thửa 727 - tờ 58 ấp 7, Xã Tân Thạnh Đông, H.Củ Chi, TP.HCM",1800000.0,20.2,89108.91089108911,11.015030848325992,106.49465530757095,34.297664093039586
"Thửa 711 - tờ 74 Nhuận Đức, Xã Nhuận Đức, H.Củ Chi, TP.HCM",1150000.0,13.26,86726.99849170438,11.005626837539928,106.50045095325882,33.09650017041461
"Thửa 576 - tờ 226, Hẻm 38 Gò Xoài, P.Bình Hưng Hoà A, Q.Bình Tân, TP.HCM",4350000.0,66.82,65100.26938042503,10.756368491051294,106.59378909706608,11.798037449296912
"Thạnh Xuân 52, P.Thạnh Xuân, Q.12, TP.HCM",2350000.0,41.96,56005.719733079124,10.771862782876664,106.69542839108006,0.9606730382555961
"Thửa 80 - tờ 51 Phú Thuận, Xã Phú Mỹ Hưng, H.Củ Chi, TP.HCM",15000000.0,4.47,3355704.697986577,10.996719380450367,106.48961218546442,33.1661254807145
"Thửa 612 - tờ 13 đường 65, Xã Tân Phú Trung, H.Củ Chi, TP.HCM",5900000.0,13.07,451415.45524100994,10.789753539198887,106.63400730350642,7.196040045444856
"Thửa 629 - tờ 70 Gốc Rưng, Xã An Nhơn Tây, H.Củ Chi, TP.HCM",2250000.0,2.19,1027397.2602739726,11.012493408197189,106.49586184932544,33.99894798547236
"Thửa 623 - tờ 53 đường 521, Xã Nhuận Đức, H.Củ Chi, TP.HCM",2450000.0,14.66,167121.41882673942,11.006164557030685,106.49509730208361,33.52772996422829
"Thửa 569 - tờ 89, Một phần nhà số 168/61 Chiến Lược, P.Bình Trị Đông, Q.Bình Tân, TP.HCM",5100000.0,63.59,80201.28951092939,10.765678885262085,106.61118811736078,9.732968845675037
"Thửa 1116 - tờ 60, đường Thạnh Xuân 52, P.Thạnh Xuân, Q.12, TP.HCM",2980000.0,46.7,63811.56316916488,10.786574319268109,106.6942440433867,0.9152741613391268
"Thạnh Lộc 15, P.An Phú Đông, Q.12, TP.HCM",3300000.0,62.38,52901.571016351394,10.780231410193174,106.70917498694385,1.110851612391213
"Thửa 609 - tờ 45 đường 762, Xã An Nhơn Tây, H.Củ Chi, TP.HCM",1400000.0,9.15,153005.4644808743,10.993554989497868,106.51153801411684,31.293801753426642
"Thửa 535 - tờ 55 đường số 10A, Xã Tân An Hội, H.Củ Chi, TP.HCM",5000000.0,15.45,323624.5954692557,10.991769038498234,106.49333583579963,32.489154561015766
"Thửa 785 - tờ 33, đường số 6, Long Trường, Q.9, TP.HCM",4600000.0,46.04,99913.1190269331,10.827158260108542,106.73033907379451,6.259683188528443
"Thửa 759 - tờ 53 Tỉnh Lộ 15, Xã Tân Thạnh Đông, H.Củ Chi, TP.HCM",3000000.0,15.89,188797.98615481434,11.017070962022709,106.4875029902692,34.98105386430192
"Thửa 572 - tờ 18 Nguyễn Thị Lèn, Xã Trung An, H.Củ Chi, TP.HCM",4000000.0,11.5,347826.0869565217,11.00189973042539,106.50144248140424,32.71484318705106
"Thửa 559 - tờ 24 Lưu Khai Hồng, TT.Củ Chi, H.Củ Chi, TP.HCM",850.0,5.69,149.3848857644991,10.994992818419512,106.49494282837938,32.62696913976696
"Thửa 527 - tờ 2 Phạm Văn Chèo, TT.Củ Chi, H.Củ Chi, TP.HCM",690.0,4.51,152.99334811529934,11.013147488630352,106.49614135602161,34.0338195025418
"Thửa 525 - tờ 48 đường 10A, TT.Củ Chi, H.Củ Chi, TP.HCM",2750000.0,29.0,94827.58620689655,11.008948426645045,106.494104313649,33.83006446242613
"Thửa 841 - tờ 8 đường 130, Xã Tân Thạnh Đông, H.Củ Chi, TP.HCM",2500000.0,22.78,109745.39069359086,11.01022832936205,106.4921892744204,34.07482155458842
"Thửa 866 - tờ 145 Cây Bài, Xã Phước Vĩnh An, H.Củ Chi, TP.HCM",1900000.0,10.85,175115.2073732719,11.017627604526261,106.49259372060159,34.66235622935998
"Thửa 36 - tờ 2 đường 500, Xã Phạm Văn Cội, H.Củ Chi, TP.HCM",3600000.0,4.2,857142.8571428572,10.995443112227914,106.5170988357066,31.059070325344518
"Thửa 824 - tờ 56 Nguyễn Kim Cương, Xã Tân Thạnh Đông, H.Củ Chi, TP.HCM",3000000.0,7.93,378310.2143757882,10.99690672211014,106.50902232840731,31.75404342390089
"300/28-300/28A Nguyễn Thái Sơn, P.1, Q.Gò Vấp, TP.HCM",18000000.0,95.74,188009.1915604763,10.82790392887029,106.66587958251684,6.439816242071563
"Thửa 605 - tờ 82 An Nhơn Tây, Xã An Nhơn Tây, H.Củ Chi, TP.HCM",1550000.0,4.39,353075.1708428246,11.00451687445386,106.51660836695463,31.86977934631413
"Thửa 572 - tờ 5 Sông Lu, Xã Hòa Phú, H.Củ Chi, TP.HCM",4500000.0,16.07,280024.8911014312,11.01830892242643,106.51664994774998,33.07051622724912
"Thửa 920 - tờ 5 Ba Sa, Xã Phước Hiệp, H.Củ Chi, TP.HCM",1380000.0,11.04,125000.00000000001,11.000285411698561,106.50105333985512,32.6092131066404
"Thửa 546 - tờ 37 Phạm Thị Liền, Xã Thái Mỹ, H.Củ Chi, TP.HCM",3990000.0,7.98,500000.0,11.01023032166977,106.48759682937089,34.410222198807254
"Thửa 539 - tờ 11 Bàu Lách, Xã Phạm Văn Cội, H.Củ Chi, TP.HCM",12500000.0,8.19,1526251.5262515263,10.999606165732423,106.48864139222073,33.47065545494903
"Thửa 1165 - tờ 21 đường 577, Xã Trung Lập Hạ, H.Củ Chi, TP.HCM",1700000.0,8.88,191441.44144144142,11.009555270758446,106.51059616875723,32.716112740390315
"Thửa 116 - tờ 47 đường HL2, Xã Trung Lập Thượng, H.Củ Chi, TP.HCM",2900000.0,11.68,248287.67123287672,11.019620917145744,106.49097429210295,34.9449311445591
"Thửa 672 - tờ 30 Bàu Trâm, Xã Trung An, H.Củ Chi, TP.HCM",1350000.0,13.69,98612.12563915267,10.994250703715872,106.498680326791,32.28856420808185
"Thửa 717 - tờ 44 đường 762, Xã An Nhơn Tây, H.Củ Chi, TP.HCM",1700000.0,11.11,153015.30153015302,10.996579858712282,106.50837943373593,31.772778269682586
"Thửa 34 - tờ 16 Tỉnh Lộ 6, Xã Phú Mỹ Hưng, H.Củ Chi, TP.HCM",7000000.0,4.01,1745635.910224439,11.015143600583958,106.49710126854525,34.13357634380468
"Thửa 723 - tờ 24 Phước Thạnh, Xã Thái Mỹ, H.Củ Chi, TP.HCM",1680000.0,3.36,500000.0,11.011617303530155,106.51336259446975,32.70501469531249
"Thửa 538 - tờ 3 Trung Lập, Xã Trung Lập Thượng, H.Củ Chi, TP.HCM",2200000.0,3.41,645161.2903225806,11.007115274503557,106.49370207673319,33.707709957426616
"Thửa 605 - tờ 48 đường 438, Xã Phạm Văn Cội, H.Củ Chi, TP.HCM",5800000.0,9.78,593047.0347648262,11.014956930572579,106.51293900649279,33.02390434622017
"Thửa 642 - tờ 20 Nguyễn Thị Lắng, Xã Phước Vĩnh An, H.Củ Chi, TP.HCM",7000000.0,15.71,445576.06619987264,11.011443707418106,106.49570083924195,33.92268102359232
"Thửa 1541 - tờ 25 Trần Thị Cẩm, TT.Củ Chi, H.Củ Chi, TP.HCM",3050000.0,7.75,393548.3870967742,11.013543377479776,106.48799701332565,34.65334411023451
"Thửa 1387 - tờ 5 Tỉnh Lộ 7, Xã Trung Lập Hạ, H.Củ Chi, TP.HCM",800.0,1.42,563.3802816901409,11.001548004986448,106.51294907184955,31.86824222734815
"Thửa 561 - tờ 43 Tỉnh Lộ 7, Xã Thái Mỹ, H.Củ Chi, TP.HCM",4000000.0,8.56,467289.7196261682,11.019160253594006,106.49479037660447,34.63587315648086
"Thửa 549 - tờ 22 đường 534, Xã Nhuận Đức, H.Củ Chi, TP.HCM",3200000.0,6.53,490045.9418070444,11.007291879732659,106.4923173728879,33.823240689963534
"Thửa 820 - tờ 32 đường 29, Xã Phước Vĩnh An, H.Củ Chi, TP.HCM",1550000.0,17.79,87127.59977515458,11.006311108318819,106.50445557428625,32.868628558975416
"Thửa 865 - tờ 70 ( tờ cũ 4) đường 35, Xã Tân Thông Hội, H.Củ Chi, TP.HCM",7200000.0,42.22,170535.2913311227,10.997898984567712,106.50244155298002,32.31115051910288
"Thửa 697 - tờ 38 (80/3 ) Lã Xuân Oai, Tăng Nhơn Phú A, Q.9, TP.HCM",5200000.0,90.9,57205.7205720572,10.734347480135817,106.66091952758039,6.529470028101171
"Thửa 745 - tờ 26 Nguyễn Thị Lắng, Xã Tân Phú Trung, H.Củ Chi, TP.HCM",3000000.0,20.02,149850.14985014984,10.790810368273297,106.6244349570488,8.248587370595162
"Thửa 735 - tờ 2 đường 387, Xã Tân An Hội, H.Củ Chi, TP.HCM",1790000.0,20.48,87402.34375,11.003919609927252,106.50071057417473,32.93554205612475
"Thửa 15 - tờ 12 đường 35, TT.Củ Chi, H.Củ Chi, TP.HCM",7500000.0,23.43,320102.43277848914,11.011808770648413,106.50479466531777,33.31077671359914
"Thửa 658 - tờ 91 đường 65, Xã Phú Hòa Đông, H.Củ Chi, TP.HCM",2200000.0,22.31,98610.48857014792,11.002149292066525,106.50956091926669,32.15680235423921
"Thửa 531 - tờ 11 Tỉnh Lộ 15, Xã Nhuận Đức, H.Củ Chi, TP.HCM",999.0,9.98,100.1002004008016,11.004283649993482,106.50503339850049,32.656969162005026
"Thửa 599 - tờ 28 đường 438, Xã Phú Hòa Đông, H.Củ Chi, TP.HCM",1250000.0,15.0,83333.33333333333,11.001764799466535,106.49205973294991,33.39008286759322
"Thửa 866 - tờ 17 đường 120, Xã Tân Thạnh Đông, H.Củ Chi, TP.HCM",1950000.0,19.5,100000.0,11.006809282787977,106.50774594408924,32.67928826232684
"Thửa 880 - tờ 8 đường 130, Xã Tân Thạnh Đông, H.Củ Chi, TP.HCM",2100000.0,10.97,191431.17593436645,10.997767898760516,106.49370183280236,32.94383359694082
"Thửa 572 - tờ 33 đường 566, Xã Trung Lập Hạ, H.Củ Chi, TP.HCM",2800000.0,12.68,220820.18927444794,11.003731000909921,106.48792127824372,33.85708246172667
"Thửa 519 - tờ 73 đường 501, Xã Nhuận Đức, H.Củ Chi, TP.HCM",1800000.0,12.03,149625.93516209477,10.994291213425678,106.5095200989177,31.500032279543017
"Thửa 697 - tờ 21 ấp An Hòa, Xã Trung An, H.Củ Chi, TP.HCM",1500000.0,6.59,227617.60242792108,10.999534965887369,106.49988725920011,32.63210696505475
"Thửa 1374 - tờ 5 An Nhơn Tây, Xã Tân Phú Trung, H.Củ Chi, TP.HCM",1950000.0,12.75,152941.17647058822,10.801203876106557,106.62951538363968,7.962805542249464
"Thửa 692 - tờ 29 Trần Thị Cờ, P.Thới An, Q.12, TP.HCM",4250000.0,75.08,56606.286627597234,10.774639681135092,106.70550517277108,0.9087086994622247
"Thửa 715 - tờ 9 Trịnh Thị Dối, Xã Đông Thạnh, H.Hóc Môn, TP.HCM",2950000.0,35.37,83404.01470172463,10.883884410711955,106.60399846040126,15.51036910006614
"Thửa 402 - tờ 7 Nhị Bình 12, Xã Nhị Bình, H.Hóc Môn, TP.HCM",4950000.0,12.37,400161.6814874697,10.876559884030943,106.60226655330776,15.051378639378061
"312/41 Bùi Công Trừng, P.Thới An, Q.12, TP.HCM",2880000.0,51.98,55405.92535590612,10.76832450952891,106.69258483808709,1.4503788280730094
"257/180 Bình Thành, P.Bình Hưng Hoà B, Q.Bình Tân, TP.HCM",6500000.0,65.0,100000.0,10.77137143440997,106.61274133535875,9.482897711945492
"254/66/5C Âu Cơ, P.9, Q.Tân Bình, TP.HCM",8800000.0,113.69,77403.46556425367,10.810715800857434,106.66181187540778,5.317039294639402
"15 đường số 79, P.Tân Quy, Q.7, TP.HCM",14900000.0,192.75,77302.20492866407,10.757793941352112,106.65863768542438,5.0430061732183695
"2/29 Đường 8, Long Phước, Q.9, TP.HCM",9000000.0,33.34,269946.0107978404,10.80934737684478,106.72997247538346,4.705891680430958
"Trần Tử Bình, Xã Tân Thông Hội, H.Củ Chi, TP.HCM",7000000.0,38.88,180041.15226337448,11.00168094217206,106.50108486940846,32.722520174830066
"Thửa 614 - Tờ 59 đường số 160, Tăng Nhơn Phú A, Q.9, TP.HCM",6300000.0,85.25,73900.29325513197,10.763488544858347,106.71883243994392,2.8179862475020987
"Thửa 1146 - tờ 109 Trung Đông 7, Xã Thới Tam Thôn, H.Hóc Môn, TP.HCM",2500000.0,4.99,501002.004008016,10.872093989706313,106.59837745179098,15.013138486440212
"Thửa 603 - tờ 24 Tỉnh Lộ 15, Xã Tân Thạnh Đông, H.Củ Chi, TP.HCM",1400000.0,17.5,80000.0,11.007912052588374,106.50564702790103,32.919987461203704
"Thửa 21 - tờ 16 Nguyễn Thị Rư, TT.Củ Chi, H.Củ Chi, TP.HCM",11700000.0,16.46,710814.0947752126,11.0140017271743,106.5159731418864,32.73693616085961
"Thửa 1727 - tờ 184 Trần Văn Mười, Xã Bà Điểm, H.Hóc Môn, TP.HCM",8500000.0,63.0,134920.6349206349,10.884969377184062,106.60096951111183,15.822218351004107
"Thửa 638 - tờ 5 Tỉnh Lộ 7, Xã Thái Mỹ, H.Củ Chi, TP.HCM",1800000.0,9.66,186335.4037267081,11.014522901096516,106.49617527840427,34.14691380916628
"Thửa 716 - tờ 9 Tân Xuân 2, Xã Tân Xuân, H.Hóc Môn, TP.HCM",4150000.000000001,30.55,135842.8805237316,10.882849077214342,106.58772850467456,16.675961534550403
"Thửa 553 - Tờ 25 Hà Thị Đát, P.Tân Sơn Nhì, Q.Tân Phú, TP.HCM",6850000.0,93.57,73207.22453777921,10.781276188468118,106.62564507181833,8.027410018676305
"Thửa 55 - tờ 43 Lê Thị Khánh, Xã Trung Lập Hạ, H.Củ Chi, TP.HCM",2600000.0,6.01,432612.31281198,11.000131116396284,106.49588629070638,32.97425525567566
"Thửa 525 - tờ 50 Nguyễn Thị Triệu, TT.Củ Chi, H.Củ Chi, TP.HCM",4800000.0,24.19,198429.10293509715,10.99452008600397,106.49126600763698,32.86537746472858
"Thửa 822 - tờ 13 Tỉnh Lộ 7, Xã Trung Lập Hạ, H.Củ Chi, TP.HCM",8400000.0,8.4,1000000.0,11.011792717429833,106.49180409760005,34.23227760023704
"Thửa 668 - tờ 55 Đông Thạnh 7, Xã Đông Thạnh, H.Hóc Môn, TP.HCM",3750000.0,27.94,134216.17752326414,10.871763496025618,106.58632602174562,15.98107950492336
"Thửa627 Đông Thạnh 4, Xã Đông Thạnh, H.Hóc Môn, TP.HCM",3650000.0,33.79,108020.12429712932,10.896809972627278,106.57953380934536,18.392642227463607
"Thửa 897 - tờ 9 Tân Xuân 3, Xã Tân Xuân, H.Hóc Môn, TP.HCM",5800000.0,54.2,107011.0701107011,10.895839394569984,106.60334798836386,16.56059394789253
"Tân Chánh Hiệp 17, P.Tân Chánh Hiệp, Q.12, TP.HCM",4520000.0,50.69,89169.46143223516,10.773746019901209,106.70191491924413,0.7388521275469779
"Thửa 663 - Tờ 11 Xã Bình Khánh, Xã Bình Khánh, H.Cần Giờ, TP.HCM",2700000.0,21.42,126050.42016806721,10.40030432220945,106.92186112327724,48.54456147504705
"713/51/18 Lê Đức Thọ, P.16, Q.Gò Vấp, TP.HCM",10500000.0,69.95,150107.21944245888,10.814632615565309,106.68313600609355,4.228304129335511
"Thửa 743 - tờ 10 Phan Văn Hớn, Xã Xuân Thới Thượng, H.Hóc Môn, TP.HCM",3900000.0,48.32,80711.92052980133,10.871496808983444,106.60028127637439,14.815890993991525
"Thửa 620 - tờ 29 Song Hành QL22, Xã Trung Chánh, H.Hóc Môn, TP.HCM",3800000.0,55.07,69003.08698020701,10.8835871464943,106.60269585051093,15.581914528715291
"Thửa 611 - tờ 90 Tân Xuân 1, Xã Tân Xuân, H.Hóc Môn, TP.HCM",4600000.0,35.85,128312.41283124128,10.892629090707471,106.59729435601388,16.719830675041116
"Thửa 1121 - Tờ 74 Tô Ngọc Vân, P.Thới An, Q.12, TP.HCM",3500000.0,54.68,64008.77834674469,10.777869054317744,106.68961882563694,1.0506606888734362
"23/246 Nguyễn Xiển, P.Long Thạnh Mỹ, TP.Thủ Đức, TP.HCM",3210000.0,35.65,90042.0757363254,10.847666808815056,106.7681614717933,10.655289986109862
"Thửa 984 - tờ 32 Phạm Hữu Lầu, Xã Phước Kiển, H.Nhà Bè, TP.HCM",13500000.0,85.33,158209.30505097855,10.697748990453277,106.72238719390272,9.42710150163053
"Phạm Văn Sáng, Xã Vĩnh Lộc A, H.Bình Chánh, TP.HCM",17350000.0,16.84,1030285.0356294537,10.698434844902684,106.58027688840824,15.801661762995723
"Thửa 747 - tờ 20 Tỉnh Lộ 7, Xã Thái Mỹ, H.Củ Chi, TP.HCM",2250000.0,16.38,137362.63736263738,11.015185344877617,106.50023817746118,33.91633313023164
"Thửa 755 - tờ 116 đường Nguyễn Thị My, Xã Trung An, H.Củ Chi, TP.HCM",2700000.0,22.78,118525.02194907813,11.002039725634761,106.48876861406033,33.65715416414832
"Thửa 753 - Tờ 116 đường Nguyễn Thị My, Xã Trung An, H.Củ Chi, TP.HCM",2700000.0,21.75,124137.93103448275,10.995719013989065,106.5000365210854,32.30801754220673
"Thửa 752 - Tờ 116 đường Nguyễn Thị My, Xã Trung An, H.Củ Chi, TP.HCM",4500000.0,15.88,283375.31486146094,11.013872621087375,106.51060503988224,33.087781484361464
"Thửa 754 - Tờ 116 đường Nguyễn Thị My, Xã Trung An, H.Củ Chi, TP.HCM",2700000.0,22.24,121402.87769784173,11.004749899380418,106.51075882312756,32.29368011260594
"Thửa 48 - tờ 38 Đặng Thị Thưa, Xã Tân Thạnh Đông, H.Củ Chi, TP.HCM",4400000.0,2.28,1929824.561403509,10.995326327067705,106.49724632828483,32.482325782077496
"Thửa 1119 - Tờ 69 đường An Phú Đông 9, P.An Phú Đông, Q.12, TP.HCM",4400000.0,64.7,68006.18238021639,10.771465542633353,106.69976232930735,0.9237389425818947
"Thửa 1118 - Tờ 69 đường An Phú Đông 9, P.An Phú Đông, Q.12, TP.HCM",4400000.0,64.7,68006.18238021639,10.762754637056327,106.70367473799506,1.9511318291560564
"Thửa 1117 - Tờ 69 đường An Phú Đông 9, P.An Phú Đông, Q.12, TP.HCM",4400000.0,51.76,85007.72797527048,10.790061044017804,106.70162686595732,1.1716630885202646
"Thửa 537 - tờ 165 đường số 14, P.8, Q.Gò Vấp, TP.HCM",7600000.0,120.25,63201.6632016632,10.829753452012916,106.6660976597603,6.596854152278803
"76A/8 Trần Hữu Trang, P.10, Q.Phú Nhuận, TP.HCM",11500000.0,139.22,82603.07427093809,10.8062547321091,106.66606671037,4.644009560968857
"Thửa 792 - tờ 112 Trung Đông 8, Xã Đông Thạnh, H.Hóc Môn, TP.HCM",44500000.0,15.13,2941176.470588235,10.875045315245854,106.59699214466876,15.346786433709045
"79/4/6A đường số 18, P.8, Q.Gò Vấp, TP.HCM",3650000.0,100.0,36500.0,10.82609728629664,106.68018496877004,5.521680223648333
"Thửa 353 - Tờ 2 Hồ Thị Bưng, Xã Tân Thạnh Tây, H.Củ Chi, TP.HCM",13100000.0,2.21,5927601.809954751,11.001726058448034,106.49714192084866,33.012898433363176
"Thửa 727 - Tờ 161 đường số 1C, Xã Vĩnh Lộc B, H.Bình Chánh, TP.HCM",5200000.0,46.42,112020.68074105988,10.685075183771382,106.60601016527744,14.603922254213542
"10A Số 16, Xã Tân Thông Hội, H.Củ Chi, TP.HCM",3600000.0,10.94,329067.6416819013,11.006038770252268,106.51074785671182,32.4043983241873
"Thửa 115 - tờ 63 Bến Than, ấp 1, Xã Tân Thạnh Đông, H.Củ Chi, TP.HCM",2200000.0,29.89,73603.21177651388,11.01720525190591,106.50900531234556,33.48520273724622
"Thửa 805 - tờ 30 đường số 233, Xã Hòa Phú, H.Củ Chi, TP.HCM",1700000.0,17.29,98322.72990167727,10.99203089090449,106.51468482873862,30.941457719652476
"Thửa 666 - tờ 126 Nguyễn Thị Thôn, Xã Phú Hòa Đông, H.Củ Chi, TP.HCM",1200000.0,11.05,108597.2850678733,11.00090671240366,106.51419291780282,31.726900417530626
"28B Bùi Viện, P.15, Q.Tân Bình, TP.HCM",5300000.0,105.78,50103.989411987146,10.80756815266264,106.66619711947142,4.72609770331163
"114 Phan Văn Cử, P.16, Q.Gò Vấp, TP.HCM",7500000.0,73.67,101805.34817429076,10.835079941655119,106.67703160028988,6.572378568126232
"55/6 Trần Xuân Soạn, P.Tân Kiểng, Q.7, TP.HCM",9800000.0,85.88,114112.71541686074,10.750529380890411,106.66505496460668,4.927346630462324
"2 Hẻm 58, P.Trường Thạnh, TP.Thủ Đức, TP.HCM",13700000.0,58.44,234428.4736481862,10.83978157472852,106.7647844520535,9.785272894784619
"20/25 Hồ Đắc Di, Q.Tân Phú, TP.HCM",6800000.0,89.47,76003.12954062814,10.77569870718703,106.62049851292835,8.600546581576767
"122/19 Nguyễn Đức Thuận, P.Bình Hưng Hòa, Q.Bình Tân, TP.HCM",8300000.000000001,116.57,71201.85296388438,10.774711783731867,106.58890411463356,12.057182134841621
"449 Trần Hưng Đạo, P.Cầu Kho, Q.1, TP.HCM",7200000.0,156.52,46000.511116790185,10.767617181557446,106.71166393293375,1.9290943103825438
"Thửa 1023 - tờ 41 Lê Thị Đảo, Xã Tân Thạnh Đông, H.Củ Chi, TP.HCM",2500000.0,13.69,182615.04747991235,11.012469200071486,106.5061871477516,33.270406076043464
"Thửa 91 - tờ 102 Nguyễn Thị Nhúng, Xã Tân Thông Hội, H.Củ Chi, TP.HCM",3900000.0,13.75,283636.36363636365,11.021110301618599,106.49147473305986,35.03467197386891
"Thửa 4 - Tờ 133 ( Số nhà 20/24D) Bình Chiểu, P.Bình Chiểu, TP.Thủ Đức, TP.HCM",21900000.0,48.99,447030.0061236987,10.85407760455111,106.7544969443637,10.213968758447892
"Thửa 1037 - Tờ 9 đường An Phú Đông 26, P.An Phú Đông, Q.12, TP.HCM",3350000.0,45.95,72905.33188248095,10.765448264099845,106.70915014762276,1.9340240371506274
"Thửa 680 - tờ 92 đường số 218, Xã Tân Thông Hội, H.Củ Chi, TP.HCM",2500000.0,16.57,150875.07543753771,11.00971352316248,106.50000964527916,33.470267632275615
"đường Số 4, P.Bình Hưng Hoà A, Q.Bình Tân, TP.HCM",4350000.0,86.82,50103.66275051832,10.75789844455681,106.59614870407209,11.509587942272972
"Thửa 56 - Tờ 18 hẻm đường TL7, Xã Phước Thạnh, H.Củ Chi, TP.HCM",3200000.0,3.59,891364.9025069638,11.010336817550135,106.50068990594887,33.47445095599505
"Thửa 636 - Tờ 13 đường số 5, P.17, Q.Gò Vấp, TP.HCM",15300000.0,119.53,128001.33857608968,10.828600238654374,106.67407026846486,6.050224134677274
"Thửa 884 - tờ 5 Võ Thị Nghỉ, Xã Tân Phú Trung, H.Củ Chi, TP.HCM",2200000.0,9.16,240174.67248908296,10.792805415298377,106.61199645093714,9.626596617770327
"Lã Xuân Oai, P.Long Trường, TP.Thủ Đức, TP.HCM",3000000.0,30.0,100000.0,10.848078109026117,106.74127983352216,8.855148301649992
"Thửa 493 - Tờ 47 Trương Thị Như, Xã Xuân Thới Sơn, H.Hóc Môn, TP.HCM",2700000.0,23.95,112734.8643006263,10.881529874421037,106.59256616859847,16.192159767330022
"Thửa 635 - tờ 87 Tân Xuân 2, TT.Hóc Môn, H.Hóc Môn, TP.HCM",4880000.0,35.67,136809.64395850853,10.870040871741372,106.57966385612548,16.432962994477258
"Thửa 587 - tờ 147 Xuân Thới Thượng 20, Xã Bà Điểm, H.Hóc Môn, TP.HCM",12000000.0,13.71,875273.5229759299,10.89627077862821,106.58752384690376,17.739242610140572
"Thửa 609 - tờ 44 Tỉnh Lộ 7, Xã An Nhơn Tây, H.Củ Chi, TP.HCM",1350000.0,4.88,276639.3442622951,10.994697029050275,106.49599733684065,32.52432210862892
"Thửa 865 - tờ 145 Tỉnh Lộ 8, Xã Phước Vĩnh An, H.Củ Chi, TP.HCM",1900000.0,10.85,175115.2073732719,11.006881692845528,106.50122932703458,33.14578489582357
"Thửa 552 - tờ 20 Phạm Phú Tiết, TT.Củ Chi, H.Củ Chi, TP.HCM",3400000.0,21.26,159924.74129821258,11.020844553309994,106.50044210747171,34.385053756142824
"Một phần nhà số 160/88 Phan Huy Ích, P.12, Q.Gò Vấp, TP.HCM",9300000.0,89.76,103609.6256684492,10.82528767365648,106.66354599995468,6.355299221745033
"Thửa 843 - tờ 28 đường số 16, Xã Tân Thông Hội, H.Củ Chi, TP.HCM",2400000.0,24.14,99420.04971002485,11.009636738132523,106.50266007819603,33.27614362783286
"Thửa 679 - Tờ 49 Nguyễn Thị Dưỡng, Xã Tân Thạnh Đông, H.Củ Chi, TP.HCM",2000000.0,6.17,324149.10858995136,11.011019433810766,106.49035657286976,34.27335092710991
"Thửa 647 - tờ 56 Lê Thị Hởi, Xã Tân Thông Hội, H.Củ Chi, TP.HCM",1150000.0,9.93,115810.67472306143,11.021585433118663,106.51116689998032,33.721999931883126
"Thửa 488 - Tờ 44 đường số 9, P.Trường Thọ, TP.Thủ Đức, TP.HCM",24000000.0,48.39,495970.24178549286,10.84713931482731,106.75999826892486,9.99808085665086
"Thửa 668 - tờ 127 Tỉnh Lộ 7, Xã Trung Lập Hạ, H.Củ Chi, TP.HCM",1390000.0,1.74,798850.5747126436,11.005346003413948,106.49603172858343,33.39219743386877
"Thửa 738 - Tờ 18 Huỳnh Thị Mài, Xã Tân Hiệp, H.Hóc Môn, TP.HCM",4550000.0,42.84,106209.15032679737,10.881037635235083,106.59279170293274,16.136606142841586
"Thửa 835 - tờ 22 Trần Văn Chẩm, Xã Phước Vĩnh An, H.Củ Chi, TP.HCM",3200000.0,18.0,177777.77777777778,10.995527669442644,106.49768612283528,32.4660517834802
"Thửa 110 - tờ 24 Huỳnh Văn Cọ, TT.Củ Chi, H.Củ Chi, TP.HCM",4800000.0,24.0,200000.0,11.013655907571772,106.50988458008412,33.11815147572403
"Thửa 753 - tờ 7 đường số 87, Xã Tân Phú Trung, H.Củ Chi, TP.HCM",2800000.0,25.0,112000.0,10.775991279651732,106.63668106596907,6.831694615945066
"29/22 Lê Đức Thọ, P.7, Q.Gò Vấp, TP.HCM",15800000.0,175.55,90002.84819139846,10.819874526274159,106.689194318383,4.562973270508526
"Thửa 805 - Tờ 82 Phạm Văn Cội, Xã Nhuận Đức, H.Củ Chi, TP.HCM",1800000.0,9.42,191082.8025477707,11.002281210113363,106.51137121875801,32.040876155288835
"Thửa 613 - Tờ 194 ấp Cây Trôm, Xã Phước Hiệp, H.Củ Chi, TP.HCM",1550000.0,15.5,100000.0,11.018964738516292,106.5014959969256,34.151129647481554
"Thửa 612 - Tờ 194 ấp Cây Trôm, Xã Phước Hiệp, H.Củ Chi, TP.HCM",1550000.0,15.5,100000.0,10.997075097319831,106.49043406527952,33.13268436204566
"Thửa 611 - Tờ 194 ấp Cây Trôm, Xã Phước Hiệp, H.Củ Chi, TP.HCM",1550000.0,15.5,100000.0,10.99874259586462,106.51407691220354,31.550895354081998
"Thửa 610 - Tờ 194 ấp Cây Trôm, Xã Phước Hiệp, H.Củ Chi, TP.HCM",1550000.0,15.56,99614.39588688946,10.997600039383096,106.51272853632294,31.5489763580069
"Thửa 609 - Tờ 194 ấp Cây Trôm, Xã Phước Hiệp, H.Củ Chi, TP.HCM",1550000.0,15.56,99614.39588688946,11.007076639892892,106.49544976190845,33.57757187935789
"Thửa 606 - Tờ 194 ấp Cây Trôm, Xã Phước Hiệp, H.Củ Chi, TP.HCM",1550000.0,15.5,100000.0,10.999900000909365,106.48782718902422,33.5554577326155
"Thửa 607 - Tờ 194 ấp Cây Trôm, Xã Phước Hiệp, H.Củ Chi, TP.HCM",1550000.0,15.51,99935.52546744037,11.004650689434888,106.51208862739382,32.192734903677014
"Thửa 608 - Tờ 194 ấp Cây Trôm, Xã Phước Hiệp, H.Củ Chi, TP.HCM",1550000.0,15.51,99935.52546744037,11.014596468921868,106.51528589024214,32.83492323380319
"Thửa 822 - tờ 21 đường số 75, Xã Tân Phú Trung, H.Củ Chi, TP.HCM",3300000.0,17.55,188034.18803418803,10.794557043084636,106.61823951626594,8.985269254073733
"Thửa 593 - Tờ 78 đường số 387, Xã Tân An Hội, H.Củ Chi, TP.HCM",1680000.0,16.1,104347.82608695651,10.99171321138735,106.4981284444332,32.124194008808885
"Thửa 592 - Tờ 78 đường số 387, Xã Tân An Hội, H.Củ Chi, TP.HCM",1680000.0,15.86,105926.86002522068,11.0075852400878,106.50718614027046,32.78439290599895
"Thửa 588 - Tờ 78 đường số 387, Xã Tân An Hội, H.Củ Chi, TP.HCM",3900000.0,3.28,1189024.3902439026,10.993041167891107,106.50782645293079,31.518538490559777
"Thửa 587 - Tờ 78 đường số 387, Xã Tân An Hội, H.Củ Chi, TP.HCM",2700000.0,5.34,505617.9775280899,10.999099588805132,106.50362754522577,32.324568612754284
"Thửa 402 - tờ 53, 221/6A Trần Huy Liệu, P.8, Q.Phú Nhuận, TP.HCM",5900000.0,201.36,29300.754866905045,10.791911989651409,106.68033379136371,2.445274484905091
"Thửa 1001 - Tờ 80, Một phần số 38/8 Trần Thị Hè, P.Hiệp Thành, Q.12, TP.HCM",5500000.0,85.8,64102.5641025641,10.761180392736021,106.71488832475643,2.691479316491223
"Thửa 754 - tờ 20 đường số 83, Xã Tân Phú Trung, H.Củ Chi, TP.HCM",2100000.0,24.56,85504.88599348535,10.803929222497445,106.62255266227407,8.779662753723944
"Thửa 688 - tờ 12 Tỉnh Lộ 8, Xã Phước Vĩnh An, H.Củ Chi, TP.HCM",3200000.0,15.23,210111.62179908075,11.018768125316548,106.48886022633015,35.02457268777465
"Thửa 7 - tờ 41 Võ Thị Lợi, Xã Phước Vĩnh An, H.Củ Chi, TP.HCM",1500000.0,1.01,1485148.5148514851,11.008178974552202,106.50742343825827,32.81831944340059
"Thửa 520 - Tờ 19 Nguyễn Thị Chuối, Xã Xuân Thới Đông, H.Hóc Môn, TP.HCM",20800000.0,6.0,3466666.6666666665,10.882773697915239,106.60426960680147,15.399425204755616
"Thửa 1200 - tờ 4 Võ Văn Điều, Xã Phước Thạnh, H.Củ Chi, TP.HCM",7500000.0,5.04,1488095.238095238,11.005979876715342,106.49935684567285,33.20449281016362
"113/120N Võ Duy Ninh, P.22, Q.Bình Thạnh, TP.HCM",2980000.0,151.26,19701.176781700386,10.815163417359184,106.71686476692723,4.372544374816673
"Thửa 617 - Tờ 40 Nguyễn Thị Lắng, Xã Phước Vĩnh An, H.Củ Chi, TP.HCM",2500000.0,12.65,197628.4584980237,10.997417585169265,106.49438324497045,32.86473043537514
"Thửa 609 - Tờ 36 Nguyễn  Thị Ly, Xã Xuân Thới Sơn, H.Hóc Môn, TP.HCM",21000000.0,1.96,10714285.714285715,10.87293253631819,106.60744655659038,14.36837290472386
"đường Thống Nhất, P.16, Q.Gò Vấp, TP.HCM",6900000.0,96.36,71606.47571606476,10.82508916173141,106.67412400345944,5.703504696451305
"Thửa 550 - Tờ 17 đường số 40, TT.Củ Chi, H.Củ Chi, TP.HCM",2800000.0,41.05,68209.5006090134,11.021272743703294,106.49379612193376,34.88459581551131
"Lê Trọng Tấn, P.Bình Hưng Hòa, Q.Bình Tân, TP.HCM",7500000.0,74.77,100307.61000401231,10.759386155618534,106.60639707229313,10.379413695230717
"23b Linh Đông, P.Linh Đông, TP.Thủ Đức, TP.HCM",22600000.0,112.43,201013.96424441875,10.840268680624677,106.75495292213948,9.064374529585386
"Thửa 1480 - Tờ 16 đường số 86, Xã Tân Phú Trung, H.Củ Chi, TP.HCM",1600000.0,20.0,80000.0,10.80282668741188,106.63399574284064,7.555057751064627
"Thửa 1475 - Tờ 16 đường số 86, Xã Tân Phú Trung, H.Củ Chi, TP.HCM",1700000.0,14.45,117647.05882352941,10.778312514806219,106.62848020376563,7.71740031797349
"Thửa 1476 - Tờ 16 đường số 86, Xã Tân Phú Trung, H.Củ Chi, TP.HCM",1700000.0,19.4,87628.86597938144,10.791964899719725,106.61200390785191,9.612332248180438
"Thửa 1477 - Tờ 16 đường số 86, Xã Tân Phú Trung, H.Củ Chi, TP.HCM",1750000.0,18.15,96418.73278236916,10.791344333051716,106.62781528592627,7.892493467104604
"Thửa 1478 - Tờ 16 đường số 86, Xã Tân Phú Trung, H.Củ Chi, TP.HCM",1800000.0,16.24,110837.43842364533,10.789407214023704,106.62645786001598,8.007764182438251
"Thửa 1479 - Tờ 16 đường số 86, Xã Tân Phú Trung, H.Củ Chi, TP.HCM",1550000.0,17.1,90643.27485380117,10.79132035505596,106.61500674813038,9.27721584489283
"Thửa 1403 - Tờ 48 Xuân Thới Thượng 32, Xã Xuân Thới Thượng, H.Hóc Môn, TP.HCM",9000000.0,35.12,256264.23690205012,10.87229037535836,106.58120085606274,16.453325150807828
"Thửa 628 - tờ 52 Nguyễn Thị Hẹ, Xã Trung Lập Thượng, H.Củ Chi, TP.HCM",1550000.0,6.59,235204.85584218515,11.01011096162603,106.51193385756247,32.67212116940271
"Thửa 511 - Tờ 1 + Thửa 163 - Tờ 1 Hẻm đường Thạnh Lộc 14, P.An Phú Đông, Q.12, TP.HCM",16000000.0,45.95,348204.57018498366,10.762332703275868,106.70095322461243,1.9419017192518817
"Thửa 61 - tờ 18 Võ Thị Dòn, Xã Tân Thông Hội, H.Củ Chi, TP.HCM",3500000.0,20.95,167064.43914081148,11.00381356436771,106.50333436372534,32.738542335106914
"Thửa 1731 - Tờ 184 Trần Văn Mười, Xã Bà Điểm, H.Hóc Môn, TP.HCM",11500000.0,57.32,200628.05303558966,10.885754353026424,106.60026403921111,15.938337329870135
"Thửa 600 - tờ 80 Nguyễn Văn Khạ, Xã Tân An Hội, H.Củ Chi, TP.HCM",2500000.0,10.0,250000.0,11.007939658455994,106.5168914483029,32.146718595191395
"Thửa 603 -  tờ 73 Nguyễn Văn Khạ, Xã Tân An Hội, H.Củ Chi, TP.HCM",2300000.0,9.9,232323.2323232323,11.02048705530455,106.49904209577028,34.45133254195642
"Thửa 503 - tờ 32 Hà Thị Kiểm, Xã Phú Mỹ Hưng, H.Củ Chi, TP.HCM",1790000.0,3.05,586885.2459016393,11.011169389257395,106.5113679416584,32.80213662266735
"Thửa 584 - tờ 49 đường số 698, Xã Thái Mỹ, H.Củ Chi, TP.HCM",1250000.0,8.72,143348.623853211,10.994408629049653,106.51265050898813,31.285840316715387
"Thửa 1088 - tờ 12 Nguyễn Thị Tấm, Xã Phước Thạnh, H.Củ Chi, TP.HCM",1600000.0,7.27,220082.53094910592,11.00944421024414,106.51029679818087,32.727196941801104
"Thửa 589 - tờ 9 Tỉnh Lộ 2, Xã Tân An Hội, H.Củ Chi, TP.HCM",3400000.0,17.41,195290.06318207926,11.00195920964418,106.49078466790905,33.500473543888326
"Thửa 526 - tờ 89 đường số 8, P.Tam Bình, TP.Thủ Đức, TP.HCM",8000000.0,79.44,100704.93454179255,10.83718177022189,106.76698643387253,9.774404815539814
"Thửa 677 - tờ 71 Thạnh Xuân 52, Xã Đông Thạnh, H.Hóc Môn, TP.HCM",10900000.0,10.84,1005535.0553505535,10.876456930597625,106.59050247346624,15.974287932322326
"Nguyễn Thị Thôn, Xã Phú Hòa Đông, H.Củ Chi, TP.HCM",1550000.0,14.55,106529.20962199313,11.020464097478632,106.4896001490604,35.1135385905785
"Thửa 569 - tờ 48 ( tờ cũ 12) Hà Duy Phiên, Xã Bình Mỹ, H.Củ Chi, TP.HCM",3800000.0,15.29,248528.4499672989,11.008279014387506,106.51650289273988,32.20249512851219
"Thửa 1572 - tờ 17 Tỉnh Lộ 2, Xã Tân Phú Trung, H.Củ Chi, TP.HCM",2650000.0,15.03,176314.0385894877,10.790209361613536,106.62602490571186,8.066890539868481
"Thửa 1342 - tờ 17 Tân Phú Trung, Xã Tân Phú Trung, H.Củ Chi, TP.HCM",1680000.0,19.58,85801.83861082738,10.795956291249395,106.63768568831026,6.943075659309032
"Thửa 19 - tờ 47 Nguyễn Văn Khạ, Xã Phú Hòa Đông, H.Củ Chi, TP.HCM",5600000.0,12.73,439905.7344854674,11.019905652887969,106.4891509578636,35.0988236639802
"Thửa 667 - tờ 127 Tỉnh Lộ 7, Xã Trung Lập Hạ, H.Củ Chi, TP.HCM",1800000.0,2.59,694980.694980695,11.02078151529955,106.5021456717351,34.26234453652908
"Thửa 689 - tờ 47 Nguyễn Thị Rành, Xã Trung Lập Hạ, H.Củ Chi, TP.HCM",1650000.0,6.87,240174.67248908296,11.018905097094164,106.49295100544187,34.74436026675153
"Thửa 532 - tờ 46 đường Hà Huy Giáp, P.Thạnh Xuân, Q.12, TP.HCM",3650000.0,34.92,104524.62772050401,10.776690254590584,106.71634659205938,1.9247922175931589
"Thửa 293 - tờ 34 Nguyễn Thị Dạng, Xã Nhuận Đức, H.Củ Chi, TP.HCM",7900000.0,5.3,1490566.0377358492,11.002304154941294,106.5099425534221,32.14305422562288
"Thửa 726 - tờ 180 Lê Thị Truyền, Xã Phước Vĩnh An, H.Củ Chi, TP.HCM",3800000.0,14.69,258679.3737236215,11.005209321731165,106.48736608196668,34.018128686132194
"Thửa 1060 - tờ 20 đường số 9, Xã Tân Thông Hội, H.Củ Chi, TP.HCM",3200000.0,30.79,103929.8473530367,10.997025671137038,106.50598208850613,31.98235466087114
"MPN 87/33/1 ( Thửa 341-1 - tờ 124) Nguyễn Sỹ Sách, P.15, Q.Tân Bình, TP.HCM",4800000.0,118.81,40400.63967679488,10.808702919685693,106.65558113652101,5.727837493749184
"Thửa 545 - tờ 129 đường số 1, P.Tam Bình, TP.Thủ Đức, TP.HCM",7000000.0,46.66,150021.43163309045,10.858095262893196,106.7537068613341,10.525472102363578
"Thửa 761 - tờ 6 Hồ Văn Tắng, Xã Tân Phú Trung, H.Củ Chi, TP.HCM",2500000.0,14.3,174825.17482517482,10.802232396339889,106.61143314429744,9.89626134772612
"Thửa 1084 - tờ 40 Lý Thị Bở, Xã Tân Phú Trung, H.Củ Chi, TP.HCM",3500000.0,36.88,94902.38611713666,10.780661629727707,106.63615991054301,6.876423167203043
"Thửa 1083 - tờ 40 Lý Thị Bở, Xã Tân Phú Trung, H.Củ Chi, TP.HCM",3500000.0,36.91,94825.2506095909,10.790518122950377,106.61883906516988,8.849933074074396
"Thửa 574 - tờ 50 Nhuận Đức, Xã Nhuận Đức, H.Củ Chi, TP.HCM",2200000.0,7.22,304709.14127423824,11.001840391783652,106.49477358380635,33.19592204263053
"Thửa 41 - tờ 58 Lê Thị Siêng, Xã Tân Thông Hội, H.Củ Chi, TP.HCM",4850000.0,4.46,1087443.946188341,11.012897317671783,106.51151470327164,32.94146461691852
"Thửa 670 - tờ 18 Nguyễn Văn Khạ, Xã Tân An Hội, H.Củ Chi, TP.HCM",1900000.0,16.17,117501.54607297463,10.99641494286264,106.50762867834091,31.81294443512662
"Thửa 153 - tờ 42 Tỉnh Lộ 8, Xã Trung An, H.Củ Chi, TP.HCM",2300000.0,23.0,100000.0,11.021488532482454,106.51622618610959,33.37944319532324
"Thửa 642 - tờ 18 Lê Thị Nghiên, Xã Tân Thạnh Đông, H.Củ Chi, TP.HCM",2400000.0,12.75,188235.29411764705,11.01587198296326,106.49675947047346,34.21918524964517
"158/32 Phạm Văn Chiêu, P.9, Q.Gò Vấp, TP.HCM",12500000.0,154.7,80801.55138978669,10.840440890854486,106.68715996348055,6.833725936111748
"Thửa 860 - tờ 6 Đỗ Thị Nhặt, Xã Trung An, H.Củ Chi, TP.HCM",2550000.0,9.66,263975.1552795031,10.992944415709536,106.50286693551826,31.872819590195228
"Thửa 283 - tờ 42 Tỉnh Lộ 15, Xã Phú Hòa Đông, H.Củ Chi, TP.HCM",1300000.0,1.2,1083333.3333333335,11.004108485820064,106.51452258498297,31.97791431429708
"Thửa 614 - tờ 14 Bùi Thị Lành, Xã Trung An, H.Củ Chi, TP.HCM",5200000.0,9.25,562162.1621621621,10.998270537987857,106.51445289091576,31.484478681886696
"Thửa 713 - tờ 15 Tân Thạnh Đông, Xã Tân Thạnh Đông, H.Củ Chi, TP.HCM",2200000.0,20.46,107526.8817204301,11.002945356056497,106.49556217911136,33.2286563660314
"Thửa 1091 - tờ 19 Hà Duy Phiên, Xã Bình Mỹ, H.Củ Chi, TP.HCM",2650000.0,17.25,153623.1884057971,10.99195884061121,106.50278860726533,31.79805697810551
"Thửa 760 - tờ 11 Hà Duy Phiên, Xã Bình Mỹ, H.Củ Chi, TP.HCM",3100000.0,17.38,178365.93785960876,10.995259722215932,106.48889493645623,33.10390597526051
"Thửa 512 - tờ 9 Phạm Thị Trích, Xã Bình Mỹ, H.Củ Chi, TP.HCM",5700000.0,19.1,298429.3193717277,10.9993682624897,106.51037829212956,31.86426718048213
"Thửa 510 - tờ 9 Phạm Thị Trích, Xã Bình Mỹ, H.Củ Chi, TP.HCM",5700000.0,19.7,289340.10152284265,10.999315775283943,106.49075893861173,33.28855633260003
"Thửa 945 - tờ 144 Nguyễn Thị Xạnh, Xã Phước Vĩnh An, H.Củ Chi, TP.HCM",2100000.0,14.64,143442.62295081967,11.011534090348862,106.49131616754886,34.24619049428076
"Thửa 1857 - tờ 46 Tân Chánh Hiệp 18, P.Tân Chánh Hiệp, Q.12, TP.HCM",5600000.0,57.97,96601.69052958427,10.78041004734206,106.71093558892635,1.3041403279590364
"Thửa 678 - tờ 30 Bình Mỹ, Xã Bình Mỹ, H.Củ Chi, TP.HCM",4500000.0,4.16,1081730.7692307692,11.019937287854667,106.49924622733585,34.3901919314193
"đường Tô Ký, Xã Tân Xuân, H.Hóc Môn, TP.HCM",3900000.0,48.75,80000.0,10.873531284647026,106.5891147649968,15.87411935977547
"Thửa 671 - tờ 36 Tỉnh Lộ 2, Xã Phước Vĩnh An, H.Củ Chi, TP.HCM",2400000.0,4.78,502092.050209205,11.003812063353546,106.504211316568,32.67584292622642
"Thửa 666 - tờ 20 đường số 72, Xã Tân Phú Trung, H.Củ Chi, TP.HCM",4600000.0,16.75,274626.8656716418,10.783003456566936,106.62259003032969,8.367390742944025
"Thửa 1413 - tờ 12 Nguyễn Thị Lắng, Xã Tân Phú Trung, H.Củ Chi, TP.HCM",1600000.0,11.65,137339.0557939914,10.785780844785537,106.63731966589955,6.781352108196885
"Thửa 546 - tờ 33 Đỗ Đăng Tuyển, Xã An Nhơn Tây, H.Củ Chi, TP.HCM",2150000.0,6.37,337519.62323390896,11.01835591478949,106.49608117373019,34.476942078124104
"Thửa 529 - tờ 50 Cây Trôm Mỹ Khánh, Xã Thái Mỹ, H.Củ Chi, TP.HCM",11000000.0,15.54,707850.7078507079,11.020532681383909,106.49738637470242,34.57037359179243
"Thửa 838 - tờ 50 Nguyễn Thị Nê, Xã Phú Hòa Đông, H.Củ Chi, TP.HCM",4850000.0,6.67,727136.4317841079,10.997935717700848,106.51718329660235,31.265408237061166
"Thửa 70 - tờ 23 Lưu Khai Hồng, TT.Củ Chi, H.Củ Chi, TP.HCM",6900000.0,23.92,288461.53846153844,11.016383721189314,106.50252840824896,33.85877223281125
"Thửa 688 - tờ 172 Tỉnh Lộ 2, Xã Phước Vĩnh An, H.Củ Chi, TP.HCM",1850000.0,14.93,123911.58740790356,11.004233414747397,106.50579520051257,32.59871032913694
"Thửa 687 - tờ 172 Tỉnh Lộ 2, Xã Phước Vĩnh An, H.Củ Chi, TP.HCM",1850000.0,15.01,123251.16588940706,11.000864956088753,106.4903432675051,33.44471036456064
"195/11H Điện Biên Phủ, P.14, Q.Bình Thạnh, TP.HCM",11900000.0,134.16,88700.05963029219,10.795831364159104,106.72248130049988,3.11921137221525
"Thửa 701 - tờ 76 Nguyễn Xiển, P.Long Thạnh Mỹ, TP.Thủ Đức, TP.HCM",3500000.0,53.43,65506.26988583193,10.859536051894077,106.7514654903523,10.521443756602462
"đường Thạnh Lộc 37, P.Thạnh Lộc, Q.12, TP.HCM",16500000.0,44.47,371036.6539239937,10.787408331375662,106.70690411693943,1.2054195157716467
"5881 NGUYỄN VĂN KHỐI, P.11, Q.Gò Vấp, TP.HCM",7300000.0,90.12,81003.10696848646,10.826642010760482,106.66681318074617,6.266981643318373
"Thửa 751 - tờ 14 Tỉnh Lộ 8, Xã Tân Thạnh Tây, H.Củ Chi, TP.HCM",1700000.0,11.47,148212.72885789015,11.009414894299516,106.51173656877754,32.62566411094248
"Thửa 555 - tờ 17 Tỉnh Lộ 8, Xã Hòa Phú, H.Củ Chi, TP.HCM",3500000.0,16.85,207715.13353115725,11.013066414210062,106.50067467109368,33.7060520350521
"Thửa 1397 - tờ 193 đường Ba Sa, Xã Tân An Hội, H.Củ Chi, TP.HCM",1350000.0,7.23,186721.9917012448,11.012305900678255,106.496814043925,33.915304888728556
"Thửa 815 - tờ 23 Tỉnh Lộ 2, Xã Phước Vĩnh An, H.Củ Chi, TP.HCM",4900000.0,22.24,220323.74100719427,11.018584575462599,106.49888088710115,34.30024095210912
"Thửa 575 - tờ 15 Hồ Văng Tắng, Xã Tân Phú Trung, H.Củ Chi, TP.HCM",8500000.0,7.56,1124338.6243386243,10.795265191252499,106.612702000562,9.595073623676761
"456-90 Khu Biệt Thự Thạnh Xuân, P.Thạnh Xuân, Q.12, TP.HCM",32000000.0,59.04,542005.4200542006,10.7740548146323,106.70837984725785,1.203273719697862
"Thửa 634 - tờ 155 Nguyễn Thị Rành, Xã Trung Lập Hạ, H.Củ Chi, TP.HCM",2500000.0,11.63,214961.30696474633,11.007969460799234,106.49447337447678,33.722254695953744
"Thửa 671 - tờ 23 đường Song Hành, TT.Hóc Môn, H.Hóc Môn, TP.HCM",3500000.0,26.94,129918.3370452858,10.8942823043976,106.6003789142503,16.636113012539457
"Thửa 641 - tờ 50 Trần Thị Liêng, Xã Nhuận Đức, H.Củ Chi, TP.HCM",6150000.0,8.16,753676.4705882353,11.018684648921722,106.49396866309075,34.65372971516938
"Thửa 564 - tờ 57, đường Bình Mỹ, Xã Bình Mỹ, H.Củ Chi, TP.HCM",2400000.0,12.0,200000.0,11.005636596403567,106.51059595018414,32.380624606547165
"Thửa 846 - tờ 23 Huỳnh Minh Mương, Xã Tân Thạnh Đông, H.Củ Chi, TP.HCM",2500000.0,20.69,120831.31947800869,11.007894595162139,106.50361921528763,33.06132519597474
"Thửa 639 - tờ 15 Tỉnh Lộ 15, Xã Phú Hòa Đông, H.Củ Chi, TP.HCM",3300000.0,14.94,220883.5341365462,11.016439224401894,106.49664532091997,34.27513445789531
"Thửa 727 - tờ 28 đường số 64, Xã Tân Phú Trung, H.Củ Chi, TP.HCM",2200000.0,12.65,173913.04347826086,10.783346738272751,106.62557129617706,8.043410877125083
"Thửa 525 - tờ 144, 24/11/2A Bình Trị Đông, P.Bình Trị Đông, Q.Bình Tân, TP.HCM",5100000.0,73.17,69700.69700697006,10.770052377101122,106.60367368430545,10.484284762539726
"Thửa 1115 - tờ 60, đường Thạnh Xuân 52, P.Thạnh Xuân, Q.12, TP.HCM",3180000.0,49.3,64503.04259634889,10.783636301192773,106.69260219537544,0.8218080873880582
"Thửa 590 - tờ 7 Trần Thị Xong, Xã Nhuận Đức, H.Củ Chi, TP.HCM",4800000.0,4.2,1142857.1428571427,10.994275557021362,106.50298719427208,31.97305177324925
"Thửa 569 - tờ 39 Phạm Thị Lòng, Xã Trung An, H.Củ Chi, TP.HCM",4800000.0,19.86,241691.84290030212,11.000429079091164,106.49641509732027,32.95973512523509
"Thửa 597 - tờ 29 Trần Văn Chẩm, Xã Phước Vĩnh An, H.Củ Chi, TP.HCM",3150000.0,21.37,147402.90126345344,11.01706804181229,106.51641179246246,32.97689359685712
"Thửa 606 - tờ 31 Nguyễn Thị Nê, Xã Phú Hòa Đông, H.Củ Chi, TP.HCM",2200000.0,8.77,250855.18814139112,11.010200479233976,106.48913874462774,34.29475989428869
"Thửa 620 - tờ 9 Tỉnh Lộ 15, Xã Phú Hòa Đông, H.Củ Chi, TP.HCM",1250000.0,13.54,92319.05465288035,11.006537001945665,106.50482988180497,32.86122231265438
"Thửa 51 - tờ 43 Nguyễn Kim Cương, Xã Tân Thạnh Đông, H.Củ Chi, TP.HCM",6100000.0,12.2,500000.00000000006,11.009854229344063,106.48850318177537,34.31288266130158
"Thửa 744 - tờ 46 Tỉnh Lộ 15, Xã Tân Thạnh Đông, H.Củ Chi, TP.HCM",1800000.0,24.59,73200.48800325335,11.017339913238017,106.49793052847394,34.26093447890306
"Thửa 667 - tờ 126 Nguyễn Thị Thôn, Xã Phú Hòa Đông, H.Củ Chi, TP.HCM",1600000.0,13.92,114942.52873563218,11.007144310420603,106.51406788869583,32.27024193148186
"Thửa 1820 - tờ 53, đường Thạnh Xuân 52, P.Thới An, Q.12, TP.HCM",2850000.0,56.54,50406.79165192784,10.7666721964207,106.68879333175397,1.8321526562042074
"Thửa 192 - tờ 23 Huỳnh Minh Mương, Xã Tân Thạnh Đông, H.Củ Chi, TP.HCM",2600000.0,10.24,253906.25,11.010000796639764,106.48862550506207,34.31593931592203
"Thửa 708 - tờ 156 Nguyễn Thị Lắng, Xã Phước Vĩnh An, H.Củ Chi, TP.HCM",1900000.0,16.88,112559.24170616115,10.993946430424227,106.51243347811435,31.26255111455566
"Thửa 17 -  tờ 10 Nguyễn Văn Nì, TT.Củ Chi, H.Củ Chi, TP.HCM",12500000.0,25.0,500000.0,11.001041902866127,106.48857144873892,33.59140481752735
"559 ( Thửa 58 - tờ 78 ) Nguyễn Văn Khạ, Xã Tân An Hội, H.Củ Chi, TP.HCM",6200000.0,13.41,462341.53616703954,10.995459147909127,106.49790136101218,32.44452965363735
"Thửa 888 - tờ 2 Đông Thạnh 7, Xã Thới Tam Thôn, H.Hóc Môn, TP.HCM",10900000.0,11.32,962897.5265017668,10.876230506052497,106.60805231922117,14.586882613171948
"Thửa 1877 - tờ 75, đường Thạnh Xuân 33, P.Thới An, Q.12, TP.HCM",4650000.0,63.43,73309.15970361028,10.789266807373016,106.69214965329924,1.2906977854740436
"Thửa 692 - tờ 132 Nguyễn Thị Rành, Xã Trung Lập Hạ, H.Củ Chi, TP.HCM",1250000.0,7.74,161498.70801033592,11.009608347332374,106.51669982317281,32.30471675712355
"Thửa 682 - tờ 7 Nguyễn Thị Lắng, Xã Tân Phú Trung, H.Củ Chi, TP.HCM",2900000.0,18.49,156841.53596538672,10.79156759028817,106.6270957067386,7.974157550858059
"Thửa 706 - tờ 17 Tỉnh Lộ 8, Xã Phước Thạnh, H.Củ Chi, TP.HCM",1100000.0,10.81,101757.63182238667,10.994378504877558,106.49286806593193,32.73321433232114
"Thửa 1038 - tờ 9 Nguyễn Thị Bi, TT.Củ Chi, H.Củ Chi, TP.HCM",2150000.0,5.93,362563.23777403036,10.995283336710948,106.49407064229773,32.71565252922094
"Thửa 892 - tờ 8 Lê Thị Bay, Xã Tân Thạnh Đông, H.Củ Chi, TP.HCM",2250000.0,12.83,175370.22603273578,11.005357909894261,106.5077603738092,32.555101941456705
"Thửa 784 - tờ 62 ( tờ cũ 31) Nguyễn Kim Cương, Xã Tân Thạnh Đông, H.Củ Chi, TP.HCM",1800000.0,14.61,123203.28542094456,11.008861551613911,106.50919832997815,32.7531683271325
"Thửa  334 - tờ 13 Đặng Thúc Vịnh, Xã Thới Tam Thôn, H.Hóc Môn, TP.HCM",2880000.0,29.93,96224.52388907451,10.880422037476073,106.58625573218366,16.612821302430024
"Thửa 633 - tờ 33 Tỉnh Lộ 8, Xã Hòa Phú, H.Củ Chi, TP.HCM",2100000.0,10.51,199809.70504281638,11.002862520895857,106.50431280207823,32.58903373687408
"Thửa 609 - tờ 33 đường số 492, Xã Phạm Văn Cội, H.Củ Chi, TP.HCM",2170000.0,8.96,242187.49999999997,11.01745042672428,106.48768030157666,34.99974965153902
"Thửa 627 - tờ 42 Tỉnh Lộ 2, Xã Trung Lập Hạ, H.Củ Chi, TP.HCM",3500000.0,21.23,164861.04569006123,11.004492838370327,106.4973376809885,33.226842671462244
"Thửa 704 - tờ 79 Tỉnh Lộ 7, Xã An Nhơn Tây, H.Củ Chi, TP.HCM",1050000.0,8.48,123820.75471698113,10.993094558612826,106.50449124597365,31.76593142418056
"Thửa 801 - tờ 32 đường số 5, Xã Tân Thông Hội, H.Củ Chi, TP.HCM",2500000.0,23.74,105307.49789385004,11.016408975691556,106.50676167054971,33.56922394517154
"Thửa 1404 - tờ 12, đường Thạnh Lộc 41, P.Thạnh Lộc, Q.12, TP.HCM",4300000.0,83.01,51800.98783279123,10.77216248779928,106.71181988069883,1.6334656273089052
"Thửa 629 - tờ 52 Phạm Thới Quới, Xã Phú Mỹ Hưng, H.Củ Chi, TP.HCM",3600000.0,3.43,1049562.6822157435,11.019799054177117,106.49831345175706,34.44326133493026
"Thửa 29 - tờ 35 Hà Thị Kiểm, Xã Phú Mỹ Hưng, H.Củ Chi, TP.HCM",6800000.0,3.97,1712846.347607053,11.009558544782358,106.49812745765102,33.59142804176363
"Thửa 46 - tờ 17 đường số 729, Xã Trung Lập Thượng, H.Củ Chi, TP.HCM",3500000.0,9.07,385887.5413450937,11.013232833663132,106.50376247566221,33.504049263193394
"Thửa 539 - tờ 23 Trần Quang Đạo, Xã Tân Thông Hội, H.Củ Chi, TP.HCM",5900000.0,14.4,409722.2222222222,11.001177412363878,106.51516746967513,31.682279226769438
"Thửa 1047 - tờ 2 Hồ Văn Tắng, Xã Tân Phú Trung, H.Củ Chi, TP.HCM",2550000.0,7.17,355648.5355648536,10.790517020318676,106.6243330214942,8.254888541389445
"Thửa 673 - tờ 2 ấp Cây Sộp, Xã Tân An Hội, H.Củ Chi, TP.HCM",1800000.0,10.6,169811.320754717,11.003894185419973,106.50044906553617,32.952254754171584
"Thửa 742 -  tờ 20 đường số 30, Xã Tân Thông Hội, H.Củ Chi, TP.HCM",2550000.0,19.12,133368.20083682006,10.995676063865265,106.48885101709172,33.14039747994831
"Thửa 641 - tờ 38 Trương Thị Kiện, Xã Thái Mỹ, H.Củ Chi, TP.HCM",1400000.0,3.21,436137.07165109034,11.00342836128808,106.49338781707642,33.4277663423336
"Thửa 562 - tờ 24 Lưu Khai Hồng, TT.Củ Chi, H.Củ Chi, TP.HCM",5900000.0,43.12,136827.4582560297,11.014059095789742,106.49280868269506,34.348376411173945
"Thửa 691 - tờ 172 đường số 29, Xã Phước Vĩnh An, H.Củ Chi, TP.HCM",1800000.0,11.38,158172.23198594025,10.99815212115643,106.49013942145996,33.241303321380954
"Thửa 577 - tờ 32 Đỗ Đăng Tuyển, Xã An Nhơn Tây, H.Củ Chi, TP.HCM",2150000.0,14.17,151729.00494001413,11.00596852281181,106.4958085211557,33.4598628032851
"Thửa 852 - tờ 10 Nguyễn Kim Cương, Xã Tân Thạnh Đông, H.Củ Chi, TP.HCM",2100000.0,21.85,96109.83981693363,11.010508243732009,106.49035207605442,34.23151334299242
"Thửa 713 - tờ 141 Tỉnh Lộ 7, Xã Trung Lập Hạ, H.Củ Chi, TP.HCM",1250000.0,8.14,153562.65356265355,11.018072920163242,106.5131631126133,33.28105641202279
"Thửa 916 - tờ 10 Tỉnh Lộ 7, Xã Trung Lập Hạ, H.Củ Chi, TP.HCM",1650000.0,9.92,166330.64516129033,11.016142271411962,106.50235430894534,33.8502247379557
"Thửa 743 - tờ 5 Ba Sa, Xã Phước Hiệp, H.Củ Chi, TP.HCM",2800000.0,18.25,153424.65753424657,10.995635004947667,106.49942941892175,32.34589135180468
"Thửa 806 - tờ 88 Liêu Bình Hương, TT.Củ Chi, H.Củ Chi, TP.HCM",5600000.0,17.61,318001.13571834186,11.016984995873049,106.5147658014731,33.0788601370592
"Thửa 10 - tờ 70 Nguyễn Phong Sắc, TT.Củ Chi, H.Củ Chi, TP.HCM",5300000.0,19.11,277341.7059131345,10.999766336475325,106.51603641943983,31.50139832509298
"Thửa 593 - tờ 46 Nguyễn Văn Khạ, Xã Phú Hòa Đông, H.Củ Chi, TP.HCM",4200000.0,9.12,460526.3157894737,11.003285883506159,106.51421293138347,31.928790796776585
"Thửa 804 - tờ 82 Phạm Văn Cội, Xã Nhuận Đức, H.Củ Chi, TP.HCM",1390000.0,10.95,126940.6392694064,11.020637235174782,106.5058341285353,33.997969316583735
"Thửa 543 - tờ 22 Nguyễn Thị Rành, Xã Phú Mỹ Hưng, H.Củ Chi, TP.HCM",3500000.0,2.92,1198630.1369863015,11.011430398982894,106.50341013041147,33.37533714087519
"Thửa 52  - tờ 59 ( tờ cũ 29 ) Võ Thị Du, Xã Tân Thông Hội, H.Củ Chi, TP.HCM",3500000.0,11.83,295857.9881656805,11.010692294967592,106.51217588477854,32.70574374658849
"Nơ Trang Long, P.13, Q.Bình Thạnh, TP.HCM",9500000.0,158.33,60001.26318448809,10.823877072035138,106.69825165439524,4.877907907657462
"Thửa 561 - tờ 89 đường số 7, Xã Tân Thông Hội, H.Củ Chi, TP.HCM",1750000.0,16.04,109102.24438902744,11.014237786291055,106.49757549554128,34.023656377583755
"Thửa 102 - tờ 24 Huỳnh Văn Cọ, TT.Củ Chi, H.Củ Chi, TP.HCM",5300000.0,26.5,200000.0,11.0142326398905,106.48857296068033,34.668433041219274
"Thửa 827 - tờ 23 Trần Văn Chẩm, Xã Phước Vĩnh An, H.Củ Chi, TP.HCM",6300000.0,16.56,380434.7826086957,11.005953343667473,106.4905591436986,33.84241004775745
"Thửa 668 - tờ 36 Trương Thị Kiện, Xã Thái Mỹ, H.Củ Chi, TP.HCM",1700000.0,8.55,198830.40935672514,11.000337082944133,106.4926139042785,33.23298666985571
"Thửa 573 - tờ 38 Tỉnh Lộ 15, Xã Phú Hòa Đông, H.Củ Chi, TP.HCM",1380000.0,13.06,105666.15620214395,11.007800520044308,106.50054465567115,33.271625570973264
"Tỉnh lộ 7, Xã Phước Thạnh, H.Củ Chi, TP.HCM",1650000.0,8.77,188141.39110604333,11.007541673623663,106.51465816159373,32.264145127526284
"Thửa 591 - tờ 9 Tỉnh Lộ 2, Xã Tân An Hội, H.Củ Chi, TP.HCM",3500000.0,18.45,189701.8970189702,10.998030487528801,106.51224012393845,31.619803217848514
"Thửa 592 - tờ 3 Nguyễn Văn Khạ, Xã Tân An Hội, H.Củ Chi, TP.HCM",2900000.0,6.57,441400.30441400304,10.997382638215624,106.49874752386646,32.53892447135555
"Thửa 125 - tờ 9 Tỉnh Lộ 7, Xã Phước Thạnh, H.Củ Chi, TP.HCM",3600000.0,3.48,1034482.7586206896,10.994576941449271,106.51364784631726,31.229092105994585
"Thửa 737 - tờ 46 Lê Thị Bay, Xã Tân Thạnh Đông, H.Củ Chi, TP.HCM",2350000.0,16.18,145241.03831891224,11.020558429687028,106.48997405213917,35.094814601797346
"Thửa 125 - tờ 19 Nguyễn Thị Dưỡng, Xã Tân Thạnh Đông, H.Củ Chi, TP.HCM",1500000.0,7.77,193050.19305019305,10.994894827654347,106.4992348423199,32.29990366575956
"Thửa 46 - tờ 10 Tỉnh lộ 15, Xã Phú Hòa Đông, H.Củ Chi, TP.HCM",3300000.0,16.03,205864.00499064254,11.01780922695674,106.49386153242878,34.58755926839205
"Thửa 821 - tờ 37 Lê Thị Đảo, Xã Tân Thạnh Đông, H.Củ Chi, TP.HCM",1550000.0,13.25,116981.1320754717,10.997263010257745,106.51013867627213,31.704220701992515
"Thửa 838 - tờ 8 Tỉnh Lộ 15, Xã Tân Thạnh Đông, H.Củ Chi, TP.HCM",2300000.0,14.16,162429.37853107345,11.016932854308777,106.51081490197672,33.3391211175704
"Thửa 634 - tờ 24 Nguyễn Thị Dưỡng, Xã Tân Thạnh Đông, H.Củ Chi, TP.HCM",1800000.0,24.89,72318.20008035355,10.995364770141567,106.49412783782068,32.71793246103201
"Thửa 634 - tờ 15 Tỉnh Lộ 15, Xã Phú Hòa Đông, H.Củ Chi, TP.HCM",2600000.0,16.61,156532.20951234197,11.005254414571219,106.50482691135174,32.75330339873853
"Thửa 49 - tờ 13 Nguyễn Kim Cương, Xã Tân Thạnh Đông, H.Củ Chi, TP.HCM",1600000.0,14.63,109364.31989063567,11.006096812738713,106.49465700037186,33.55416964876038
"240/23/20 ( Thửa 1113 - tờ 54 ) Hiệp Thành 13, P.Tân Thới Hiệp, Q.12, TP.HCM",3900000.0,59.09,66001.01540023692,10.78219507364169,106.70200910203027,0.4211497834391061
"Thửa 853 - tờ 10 đường số 397, Xã Tân Thạnh Đông, H.Củ Chi, TP.HCM",2150000.0,22.34,96239.92837958818,11.019955899739383,106.49574243750023,34.6363062293771
"Thửa 1189 - tờ 59 Đông Thạnh 4, Xã Đông Thạnh, H.Hóc Môn, TP.HCM",3600000.0,34.38,104712.04188481675,10.895462620243134,106.59927734409092,16.81359759875003
"Thửa 709 - tờ 54 Đông Thạnh 1, Xã Đông Thạnh, H.Hóc Môn, TP.HCM",3800000.0,19.49,194971.78040020526,10.895709297128231,106.59519217076718,17.127178338450705
"Thửa 536 - tờ 124 đường số 9, P.Bình Hưng Hòa, Q.Bình Tân, TP.HCM",5500000.0,75.13,73206.4421669107,10.774758206658053,106.61748514573783,8.935559420300528
"Thửa 1102 - tờ 55 đường Bùi Công Trừng, P.Thạnh Xuân, Q.12, TP.HCM",2150000.0,40.41,53204.65231378372,10.765446253631895,106.71539289128842,2.3914589082294557
"Thửa 1202 - tờ 59 ( số cũ 15) Thạnh Xuân 52, P.Thạnh Xuân, Q.12, TP.HCM",2800000.0,10.07,278053.62462760677,10.76680156655742,106.71421617773687,2.1958730509644204
"Thửa 657 - tờ 2 đường Thạnh Lộc 54, P.Thạnh Lộc, Q.12, TP.HCM",3900000.0,45.23,86225.9562237453,10.77733312243845,106.69175765064603,0.8401260317124346
"Thửa 13 - tờ 15 Trần Thị Khoe, Xã Tân Thạnh Tây, H.Củ Chi, TP.HCM",12500000.0,11.38,1098418.2776801405,11.019179026066464,106.48804341174612,35.117467372014495
"Thửa 910 - tờ 1 đường Hà Huy Giáp, P.Thạnh Lộc, Q.12, TP.HCM",2800000.0,33.61,83308.53912526034,10.760960091393525,106.71000467017292,2.4035746865984273
"thửa 99 - tờ 177 đường số 6, P.Bình Hưng Hoà A, Q.Bình Tân, TP.HCM",6350000.0,99.21,64005.64459227901,10.77068477331905,106.59184626449597,11.765553946614997
"đường Sông Lu, Trung An, H.Củ Chi, TP.HCM",4300000.0,0.01,430000000.0,11.004913733035208,106.493136176666,33.56794510056282
"Hoàng Hữu Nam, P.Tân Phú, TP.Thủ Đức, TP.HCM",22000000.0,117.52,187202.17835262083,10.779309956170653,106.62183281355811,8.44284369866717
"tỉnh lộ 7, Xã Trung Lập Thượng, H.Củ Chi, TP.HCM",5900000.0,0.01,590000000.0,11.008079915295863,106.50847032423084,32.7369340235867
"1560/7/26/24 Tỉnh Lộ 10, P.Tân Tạo, Q.Bình Tân, TP.HCM",3900000.0,47.97,81300.81300813008,10.767234394004152,106.60263726705259,10.633281910134036
"Thửa 83 - tờ 38 Trần Thị Bốc, Xã Thới Tam Thôn, H.Hóc Môn, TP.HCM",2200000.0,37.28,59012.875536480686,10.869176940120486,106.58798423695438,15.659493205846763
"Thửa 448 - Tờ 5 Lý Nam Đế, TT.Hóc Môn, H.Hóc Môn, TP.HCM",3350000.0,32.46,103203.94331484904,10.897064174725573,106.60376886987193,16.636965341890228
"Thửa 1621 - Tờ 35, 10B đường số 24, P.Linh Đông, TP.Thủ Đức, TP.HCM",22000000.0,93.12,236254.29553264604,10.854620525467523,106.74698182162271,9.799043982301109
"Một phần nhà 1155/51/8 ( Thửa 666 - tờ 19 ) Tỉnh Lộ 43, P.Bình Chiểu, TP.Thủ Đức, TP.HCM",3200000.0,59.47,53808.64301328401,10.84715825030632,106.74265512216894,8.848685706825755
"Thửa 683 - tờ 96 Lê Quang Đạo (QL22), Xã Tân Xuân, H.Hóc Môn, TP.HCM",3600000.0,42.8,84112.14953271029,10.887062129126189,106.59776912767795,16.22989009517473
"1072/2A ( Thửa 577 - tờ 40 ) Kha Vạn Cân, P.Linh Chiểu, TP.Thủ Đức, TP.HCM",8750000.0,109.23,80106.19793097134,10.840475966106398,106.76028793595358,9.48402353478009
"Thửa 701 - tờ 18 đường Song Hành QL22, TT.Hóc Môn, H.Hóc Môn, TP.HCM",3500000.0,40.32,86805.55555555556,10.87687760744299,106.60202119355475,15.095231965676431
"80 Số 3, P.Linh Xuân, TP.Thủ Đức, TP.HCM",7770000.0,47.55,163406.9400630915,10.838309454870918,106.74867235742586,8.448730564636557
"Thửa 1048 - tờ 41 hẻm 94 đường Vườn Lài, P.An Phú Đông, Q.12, TP.HCM",4350000.0,78.51,55406.95452808559,10.762764298749264,106.70926935493328,2.1907175644593964
"167/6E Ấp Thới Tây 2, Xã Tân Hiệp, H.Hóc Môn, TP.HCM",3880000.0,26.71,145263.94608760762,10.895613226700666,106.59864694574107,16.871043308672252
"MPN 42/2A đường số 11, P.Hiệp Bình Phước, TP.Thủ Đức, TP.HCM",5250000.0,97.22,54001.234313927176,10.8555460429946,106.76770153609647,11.252718747065254
"332A Liên Khu 4-5, P.Bình Hưng Hoà B, Q.Bình Tân, TP.HCM",16900000.0,58.82,287317.23903434206,10.76662181130425,106.59826774742344,11.115945055036912
"19/18 Quốc lộ 13, P.Hiệp Bình Chánh, TP.Thủ Đức, TP.HCM",8400000.0,64.46,130313.37263419176,10.835363067203872,106.7668931681472,9.637108626746013
"30/10 Số 11, P.Cát Lái, TP.Thủ Đức, TP.HCM",7200000.0,75.0,96000.0,10.837653342072931,106.75395814790672,8.77822343424282
"Thửa 611 - Tờ 118 đường nhánh Kênh Đông, Xã Trung Lập Thượng, H.Củ Chi, TP.HCM",3800000.0,3.79,1002638.5224274406,11.000391136845932,106.49013496622425,33.42197617081527
"Nguyễn Duy Trinh, P.Long Phước, TP.Thủ Đức, TP.HCM",2800000.0,28.0,100000.0,10.844251012540825,106.74349052608893,8.630750206323796
"Thửa 925 - Tờ 8 hẻm 854 Thống Nhất, P.15, Q.Gò Vấp, TP.HCM",5200000.0,101.76,51100.628930817606,10.81407982949834,106.68981340094597,3.9250307202653625
"số 26, P.Cát Lái, TP.Thủ Đức, TP.HCM",13500000.0,99.11,136212.28937544144,10.842108022535625,106.76712945953925,10.148243223174116
"Tỉnh Lộ 7, Xã An Nhơn Tây, H.Củ Chi, TP.HCM",6300000.0,5.59,1127012.5223613596,11.006028712392498,106.50741780082159,32.63601895699041
"Tân Thới Nhất 8, P.Tân Thới Nhất, Q.12, TP.HCM",17800000.0,149.32,119207.07206000536,10.76427889096489,106.69176876616072,1.8900235983510312
"Thửa 641 - Tờ 1 Đoàn Minh Triết, Xã Thái Mỹ, H.Củ Chi, TP.HCM",7500000.0,4.61,1626898.0477223427,11.017847244539619,106.49130251829284,34.772819046956414
"A12 đường số 11, P.Linh Xuân, TP.Thủ Đức, TP.HCM",4200000.0,71.01,59146.59907055344,10.86230462035902,106.74547245744827,10.445617316276802
"Thửa 17 - Tờ 39 Nguyễn Thị Nếp, Xã Tân Thạnh Đông, H.Củ Chi, TP.HCM",2100000.0,9.35,224598.93048128343,11.008122930645559,106.50529524744255,32.96256480596601
"Thửa 401 - Tờ 34 Võ Văn Vân, Xã Vĩnh Lộc B, H.Bình Chánh, TP.HCM",8350000.0,31.4,265923.5668789809,10.67251669014262,106.59361353999114,16.54532303932197
"Nguyễn Văn Tạo, Xã Hiệp Phước, H.Nhà Bè, TP.HCM",1700000.0,21.25,80000.0,10.695462604899785,106.728439622763,9.866380437881062
"Thửa 557 - Tờ 13 Trần Thị Hồ, Xã Hòa Phú, H.Củ Chi, TP.HCM",1450000.0,18.12,80022.07505518764,11.006681911570999,106.50351667020192,32.9663601046307
"Thửa 556 - Tờ 13 Trần Thị Hồ, Xã Hòa Phú, H.Củ Chi, TP.HCM",1450000.0,18.12,80022.07505518764,10.99728145323411,106.50885039015321,31.797685358120553
"Thửa 692 - Tờ 91 ấp Mỹ Thạnh B, Xã Thái Mỹ, H.Củ Chi, TP.HCM",1350000.0,2.17,622119.8156682028,11.008597630471026,106.48974745323078,34.118579878191895
"Thửa 691 - Tờ 91 ấp Mỹ Thạnh B, Xã Thái Mỹ, H.Củ Chi, TP.HCM",1350000.0,2.05,658536.5853658537,11.020138797767718,106.49649692635109,34.59897845651798
"Thửa 690 - Tờ 91 ấp Mỹ Thạnh B, Xã Thái Mỹ, H.Củ Chi, TP.HCM",1350000.0,2.1,642857.1428571428,10.992811708448649,106.49387576177173,32.53173940070691
"Thửa 689 - Tờ 91 ấp Mỹ Thạnh B, Xã Thái Mỹ, H.Củ Chi, TP.HCM",1500000.0,1.85,810810.8108108108,10.995471930481445,106.5004019578241,32.26091645245995
"Thửa 728 - tờ 32 đường số 63, ấp Chợ, Xã Tân Phú Trung, H.Củ Chi, TP.HCM",12000000.0,5.07,2366863.9053254435,10.802061616976808,106.63031175302915,7.908733043308742
"Thửa 619 - tờ 50 Cây Trôm Mỹ Khánh, Xã Thái Mỹ, H.Củ Chi, TP.HCM",2500000.0,12.08,206953.64238410597,11.002716450869718,106.50066762595829,32.83860632230893
"Thửa 815+816+817+818+819 - Tờ 43 Bộ Đội An Điền, Xã Vĩnh Lộc A, H.Bình Chánh, TP.HCM",25500000.0,2.15,11860465.11627907,10.683670757938003,106.58115097649615,16.711769503311288
"Thửa 653 - Tờ 63 đường Xuân Thới Thượng 4, Xã Xuân Thới Thượng, H.Hóc Môn, TP.HCM",11000000.0,8.06,1364764.2679900744,10.877970674403565,106.58854789982777,16.245144005135735
"Thửa 620 - tờ 35 đường số 8, P.Tăng Nhơn Phú B, TP.Thủ Đức, TP.HCM",6600000.0,122.9,53702.196908055324,10.836291809748575,106.74251989938593,7.854218888403162
"Thửa 619 - tờ 35 đường số 8, P.Tăng Nhơn Phú B, TP.Thủ Đức, TP.HCM",6900000.0,117.34,58803.477075166185,10.862991661279846,106.75357617573381,10.96770885415566
"Thửa 594 - Tờ 174 Xuân Thới Thượng 26, Xã Xuân Thới Thượng, H.Hóc Môn, TP.HCM",4099999.999999999,39.46,103902.68626457169,10.873453410162234,106.60532035788856,14.57228199472517
"Thửa 734 - Tờ 49 hẻm đường Thới Hòa, Xã Vĩnh Lộc A, H.Bình Chánh, TP.HCM",3900000.0,39.67,98311.06629694984,10.696547115875065,106.59552119672243,14.59304232069056
"Thửa 752 - Tờ 49 hẻm đường Thới Hòa, Xã Vĩnh Lộc A, H.Bình Chánh, TP.HCM",3300000.0,37.93,87002.37279198524,10.699809398989196,106.60813350781152,13.308110326118877
"Thửa 554 - Tờ 13 Trần Thị Hồ, Xã Hòa Phú, H.Củ Chi, TP.HCM",1450000.0,18.12,80022.07505518764,11.000441182880973,106.5054561971862,32.30473743374538
"Thửa 553 - Tờ 13 Trần Thị Hồ, Xã Hòa Phú, H.Củ Chi, TP.HCM",1450000.0,18.12,80022.07505518764,10.997214193711384,106.51129018799782,31.61825649373497
"Thửa 938 - tờ 41 hẻm 17 đường 458, Xã Trung An, H.Củ Chi, TP.HCM",2600000.0,18.11,143567.0900055218,11.009870698885612,106.4932321793381,33.96962478668037
"Một phần nhà 85/27/7B Hồ Văn Long, P.Tân Tạo, Q.Bình Tân, TP.HCM",3300000.0,52.71,62606.715993170175,10.762435226385513,106.6068295392124,10.26483254515229
"Thửa 585 - tờ 54 đường số 8, P.Long Phước, TP.Thủ Đức, TP.HCM",26500000.0,25.13,1054516.514126542,10.850704774648158,106.74410245502395,9.264726536953432
"Thửa 572 - tờ 30 đường Nguyễn Văn Khối, P.11, Q.Gò Vấp, TP.HCM",9600000.0,120.0,80000.0,10.83702933256712,106.66339218717259,7.435119756805866
"Thửa 189+613 - tờ 44 đường Võ Văn Điều, Xã An Nhơn Tây, H.Củ Chi, TP.HCM",18900000.0,1.26,15000000.0,11.00103055378204,106.50380744070985,32.4721990000618
"Thửa 1197 - tờ 4 đường Võ Văn Điều, Xã Phước Thạnh, H.Củ Chi, TP.HCM",12300000.0,13.43,915860.0148920328,11.021178392252091,106.49965922109203,34.46774828574158
"Thửa 657 - tờ 12 Nguyễn Kim Cương, ấp 6, Xã Tân Thạnh Đông, H.Củ Chi, TP.HCM",2000000.0,21.66,92336.10341643583,11.00507092457237,106.48810113258554,33.952281450518356
"Thửa 514 - tờ 58 Bình Mỹ, ấp 8, Xã Bình Mỹ, H.Củ Chi, TP.HCM",4200000.0,31.48,133418.04320203303,11.005972591859047,106.50752744553506,32.623566275650425
"Thửa 578 - tờ 69 đường 155, ấp 25, Xã Bình Mỹ, H.Củ Chi, TP.HCM",6800000.0,12.36,550161.8122977347,11.01321261196213,106.50361281211714,33.51275393141429
"Thửa 690 - tờ 55 Đông Thạnh, ấp 4, Xã Đông Thạnh, H.Hóc Môn, TP.HCM",3550000.0,28.95,122625.2158894646,10.898481488408173,106.60256739782227,16.841449290404938
"Thửa 46 - tờ 45 đường Kênh Cây Xanh, Xã Bình Mỹ, H.Củ Chi, TP.HCM",2350000.0,18.09,129906.02542841349,11.0176562739177,106.49823303611399,34.266577967391264
"Thửa 890 - tờ 24 hẻm 430 Lê Thị Riêng, P.Thới An, Q.12, TP.HCM",4550000.0,82.42,55205.047318611985,10.788122587461153,106.71272348409232,1.7589827184951836
"Thửa 560 - tờ 21 đường Kinh số 4, Xã Bình Lợi, H.Bình Chánh, TP.HCM",2600000.0,2.6,1000000.0,10.691321159591569,106.59031657788353,15.399775449429661
"Thửa 90 - tờ 80 ( tờ cũ 30) Cây Trôm Mỹ Khánh, Xã Thái Mỹ, H.Củ Chi, TP.HCM",4200000.0,5.51,762250.4537205081,11.018857522255564,106.48861957332707,35.04929556610222
"Thửa 805 - tờ 40 Tân Thới Nhì 21, Xã Tân Thới Nhì, H.Hóc Môn, TP.HCM",3350000.0,33.39,100329.43995208146,10.870298900110035,106.58521378311202,15.97304089250053
"Thửa 12 - tờ 17 Thới Tam Thôn 9, Xã Thới Tam Thôn, H.Hóc Môn, TP.HCM",5500000.0,24.76,222132.47172859448,10.870692336875884,106.58829742871819,15.739486495788464
"256/18 ( Thửa 586 - tờ 18) Quốc Lộ 1K, P.Linh Xuân, TP.Thủ Đức, TP.HCM",3750000.0,71.15,52705.55165144061,10.848969046325967,106.74425420483094,9.111736895078195
"Thửa 511 - tờ 21 đường số 8, P.Linh Xuân, TP.Thủ Đức, TP.HCM",4800000.0,48.92,98119.378577269,10.863222976757855,106.76708018964224,11.855797303866115
"Thửa 611 - tờ 47 Phạm Thị Than, ấp Xóm Trại, Xã An Nhơn Tây, H.Củ Chi, TP.HCM",3000000.0,3.0,1000000.0,11.017079958570193,106.50172566175664,33.973970573330774
"Thửa 245 - tờ 1 Nguyễn Văn Khạ, Xã Tân An Hội, H.Củ Chi, TP.HCM",3500000.0,5.54,631768.953068592,11.00696527021822,106.50728637251184,32.72470729626345
"Thửa 736 - tờ 46 đường Lê Thị Bay, Xã Tân Thạnh Đông, H.Củ Chi, TP.HCM",2350000.0,16.43,143031.0407790627,11.000330319375715,106.51586184595573,31.561705849225017
"Thửa 730 - tờ 16 Lê Thị Bay, Xã Tân Thạnh Đông, H.Củ Chi, TP.HCM",2400000.0,10.63,225776.10536218248,10.999230506061373,106.51416263588044,31.58633570435585
"Thửa 668 - tờ 11 hẻm 432, ấp 1, Xã Bình Mỹ, H.Củ Chi, TP.HCM",2350000.0,21.38,109915.80916744622,10.994643991474296,106.48864798907165,33.07368847279104
"Thửa 1183 - tờ 5 Nguyễn Thị Lắng, Xã Tân Phú Trung, H.Củ Chi, TP.HCM",3900000.0,11.92,327181.20805369125,10.802983043400333,106.63754423324411,7.197069629916497
"Thửa 852 - tờ 11 Mai Thị Buội, Xã Phước Vĩnh An, H.Củ Chi, TP.HCM",2700000.0,16.8,160714.2857142857,11.011919087768923,106.50671403843141,33.18684364537216
"Thửa 730 - tờ 4 Hồ Văn Tắng, Xã Tân Phú Trung, H.Củ Chi, TP.HCM",1850000.0,3.63,509641.87327823695,10.786250408529257,106.63956939847638,6.541998962348016
"Thửa 640 - tờ 35 Võ Thị Hồng, Xã Trung An, H.Củ Chi, TP.HCM",7200000.0,12.36,582524.2718446602,11.015277203877895,106.5151912201017,32.9008269273157
"445/59 Tân Hòa Đông, P.Bình Trị Đông, Q.Bình Tân, TP.HCM",6900000.0,110.22,62602.068590092545,10.76539517548847,106.59927883832523,11.025115508986387
"Thửa 586 - tờ 18, đường Nguyễn Thị Thôn, Xã Phú Hòa Đông, H.Củ Chi, TP.HCM",1550000.0,14.11,109851.16938341603,10.993589766947826,106.51122274978775,31.31929352162084
"50 đường số 1, P.Tam Phú, TP.Thủ Đức, TP.HCM",5900000.0,83.8,70405.72792362768,10.855374155495094,106.76274253782367,10.883685472994667
"Đường Trương Thị Hoa, P.Tân Thới Hiệp, Q.12, TP.HCM",37000000.0,69.26,534218.8853595149,10.768492405688152,106.69859212426117,1.250018091747944
"112/15 Thạnh Xuân 22, P.Thới An, Q.12, TP.HCM",4700000.0,70.25,66903.91459074733,10.786935941109556,106.70386903589768,0.9518282311578691
"25/54/11 đường Hồ Văn Long, P.Bình Trị Đông, Q.Bình Tân, TP.HCM",4200000.0,83.83,50101.39568173685,10.761724326749846,106.60218066233317,10.779048083384083
"Thửa 420 - Tờ 59, Xã Phạm Văn Hai, H.Bình Chánh, TP.HCM",11500000.0,11.07,1038843.721770551,10.673498057264487,106.60693832398854,15.482036253914607
"Thửa 793 - tờ 49 hẻm đường Nguyễn Thị Thử, Xã Xuân Thới Sơn, H.Hóc Môn, TP.HCM",3250000.0,21.82,148945.92117323558,10.898109400315033,106.58315400951523,18.216540839937586
"Thửa 602 - tờ 147 đường Xuân Thới Sơn 20, Xã Xuân Thới Sơn, H.Hóc Môn, TP.HCM",3550000.0,29.75,119327.73109243698,10.888835876674055,106.58722845555906,17.174290996329894
"Thửa 574 - tờ 147 hẻm đường Nguyễn Văn Bứa, Xã Bà Điểm, H.Hóc Môn, TP.HCM",6500000.0,12.63,514647.6642913697,10.881759150035181,106.60129938574326,15.538169337786545
"Kênh Trung Ương-Bộ Đội An Điền, Xã Vĩnh Lộc A, H.Bình Chánh, TP.HCM",11000000.0,8.46,1300236.4066193851,10.677391237652825,106.598827747374,15.761119959778808
"Thửa 546 - tờ 47 hẻm 617 Lê Trọng Tấn, P.Bình Hưng Hòa, Q.Bình Tân, TP.HCM",4300000.0,47.09,91314.50414100658,10.752818786116238,106.61059075132421,10.122096754500133
"Thửa 708 - tờ 175 ấp 1, Cao Thị Chiếc, Xã Phước Vĩnh An, H.Củ Chi, TP.HCM",2500000.0,15.09,165672.6308813784,11.012505431375725,106.49987625273576,33.71488570894707
"Thửa 670 - tờ 76 Hẻm 14 Bia Truyền Thống, P.Tân Tạo, Q.Bình Tân, TP.HCM",3350000.0,68.78,48706.01919162547,10.75121883066497,106.61049852604914,10.185267067360872
"Thửa 667 - Tờ 6 hẻm đường Nguyễn Thị Lắng, Xã Tân Phú Trung, H.Củ Chi, TP.HCM",1350000.0,11.27,119787.04525288376,10.775929108113228,106.63935245053956,6.54055096445158
"3 Hẻm 1942 Huỳnh Tấn Phát, TT.Nhà Bè, H.Nhà Bè, TP.HCM",5800000.0,57.53,100816.96506170693,10.704102294286974,106.72959654905777,9.014520203345098
"125B Đỗ Xuân Hợp, P.Phước Long B, TP.Thủ Đức, TP.HCM",4500000.0,77.45,58102.00129115558,10.834646366268439,106.7598717833783,9.005435419695141
"Thửa 96 - Tờ 29 hẻm đường Lê Thị Dệt, Xã Tân An Hội, H.Củ Chi, TP.HCM",2350000.0,15.05,156146.17940199334,11.000635661243285,106.5017582894847,32.58713437568245
"Thửa 67 - Tờ 33 hẻm đường Lê Thị Ngà, Xã Phước Vĩnh An, H.Củ Chi, TP.HCM",6500000.0,14.63,444292.54955570743,11.012091998800102,106.49070545285637,34.336644539541744
"Thửa 551 - Tờ 26 đường Xuân Thới Sơn 15, Xã Xuân Thới Sơn, H.Hóc Môn, TP.HCM",7800000.0,26.0,300000.0,10.883645652607154,106.59935751720874,15.835673810553871
"Thửa 1015 - Tờ 34 Ngô Chí Quốc, P.Bình Chiểu, TP.Thủ Đức, TP.HCM",3500000.0,60.76,57603.6866359447,10.857840861885899,106.76350210709012,11.147005380616848
"Thửa 1049 - tờ 217, 413/92 Lê Văn Quới, P.Bình Trị Đông, Q.Bình Tân, TP.HCM",5850000.0,69.06,84708.94874022588,10.771437716632281,106.6017116701492,10.683400836028182
"hẻm 918 Hương Lộ 2, P.Bình Trị Đông A, Q.Bình Tân, TP.HCM",5900000.0,118.0,50000.0,10.7625596989598,106.61770673199028,9.095982494124975
"MP 16D ( Thửa 1203 - tờ 67) Hiệp Thành 23, khu phố 2, P.Hiệp Thành, Q.12, TP.HCM",6300000.0,65.83,95701.04815433692,10.785617696136933,106.71298735494493,1.657417065371828
"hẻm 23 đường số 13, P.Linh Xuân, TP.Thủ Đức, TP.HCM",19000000.0,16.07,1182327.3179838208,10.858080257278042,106.74685061922007,10.116959295493228
"Thửa 676 - tờ 89 hẻm 258 Hồ Học Lãm, P.An Lạc, Q.Bình Tân, TP.HCM",8199999.999999999,51.31,159812.90196842718,10.752058949230264,106.60710871500613,10.510853357505752
"Thửa 1400 - tờ 5 đường số 89, ấp Cây Da, Xã Tân Phú Trung, H.Củ Chi, TP.HCM",5000000.0,9.99,500500.5005005005,10.793265947716,106.61567380463885,9.237223118143856
"Thửa 649 - tờ 113 hẻm 113 Linh Xuân, P.Linh Xuân, TP.Thủ Đức, TP.HCM",4550000.0,53.21,85510.2424356324,10.847084923746612,106.75649059595958,9.741873642436504
"Thửa 180 - tờ 25 Tỉnh Lộ 15, ấp 5, Xã Tân Thạnh Đông, H.Củ Chi, TP.HCM",4560000.0,12.87,354312.35431235435,10.993794388050066,106.50826639895656,31.549108904281702
"2B21/3 Liên ấp 1-2, Xã Phạm Văn Hai, H.Bình Chánh, TP.HCM",7500000.0,51.97,144314.02732345584,10.699818879567083,106.59667299870613,14.268336739232554
"Thửa 730 - tờ 26 ấp Chợ, đường số 62, Xã Tân Phú Trung, H.Củ Chi, TP.HCM",2500000.0,15.83,157927.98483891346,10.792932733597857,106.6273590575173,7.971887506870422
"Thửa 814 - tờ 28 đường số 16, ấp Hậu, Xã Tân Thông Hội, H.Củ Chi, TP.HCM",3900000.0,15.55,250803.8585209003,10.998994335440706,106.5114890894916,31.754210151300413
"Thửa 750 - tờ 46 Nguyễn Kim Cương, ấp 6, Xã Tân Thạnh Đông, H.Củ Chi, TP.HCM",2200000.0,18.64,118025.75107296137,11.009310605801424,106.51109722471159,32.66061079996757
"Thửa 749 - tờ 46 Nguyễn Kim Cương, ấp 6, Xã Tân Thạnh Đông, H.Củ Chi, TP.HCM",2200000.0,14.65,150170.64846416382,11.00597495242643,106.49818106609999,33.28873233240016
"Thửa 137 - tờ 1 đường Bờ Sông Sài Gòn, Xã Phú Hòa Đông, H.Củ Chi, TP.HCM",3900000.0,3.2,1218750.0,10.996896414986837,106.49468551896972,32.800021977942386
"Thửa 993 tờ 31, hẻm 111 Đường Tây Lân, P.Bình Trị Đông A, Q.Bình Tân, TP.HCM",4099999.999999999,70.68,58007.92303338991,10.777044555550516,106.59429204799068,11.458810536779398
"Thửa 912 tờ 46 Hẻm 433 Đường Bình Thành, P.Bình Hưng Hoà B, Q.Bình Tân, TP.HCM",3750000.0,60.87,61606.70280926565,10.758113103985327,106.60462148513069,10.600029007104778
"Thửa 915 tờ 46 Hẻm 433 đường Bình Thành, P.Bình Hưng Hoà B, Q.Bình Tân, TP.HCM",7900000.0,36.71,215200.2179242713,10.75207012652415,106.60091591513931,11.160114206793956
"276/91/11 Thống Nhất, P.16, Q.Gò Vấp, TP.HCM",16500000.0,75.36,218949.04458598726,10.828292731510986,106.66184879408353,6.732093693650011
"218/2 Quốc lộ 22, Xã Tân Thông Hội, H.Củ Chi, TP.HCM",2690000.0,28.77,93500.17379214459,11.002513375283174,106.51228469521325,31.996786346017743
"hẻm 29 đường Thạnh Lộc 47, P.Thạnh Lộc, Q.12, TP.HCM",3450000.0,0.04,86250000.0,10.767460081442758,106.70008837923193,1.3682212373985603
"Thửa 567 - Tờ 2 Trịnh Khắc Lập, Thạnh Mỹ Lợi, TP.Thủ Đức, TP.HCM",4850000.0,0.07,69285714.28571428,10.843837612458707,106.7568651603184,9.497478592022484
"146/10 Trương Đăng Quế, P.3, Q.Gò Vấp, TP.HCM",14700000.0,99.93,147102.9720804563,10.839587969712353,106.68196455827591,6.87315752864106
"30/5 đường 671, P.Tân Phú, TP.Thủ Đức, TP.HCM",13700000.0,24.95,549098.1963927856,10.804474428518576,106.63939277283974,7.070613366253846
"397 Quốc Lộ 13, P.Hiệp Bình Phước, TP.Thủ Đức, TP.HCM",86500000.0,133.48,648037.1591249626,10.84849783972848,106.74349680489273,9.023101007122293
"22 Hẻm 87/19 Đường Số 27, P.6, Q.Gò Vấp, TP.HCM",6300000.0,72.08,87402.88568257492,10.815125200636238,106.69075024375431,4.0125466361151725
"Thửa 644 - Tờ 10 hẻm đường Xuân Thới Sơn 35, Xã Xuân Thới Sơn, H.Hóc Môn, TP.HCM",2850000.0,30.64,93015.66579634465,10.88238431310087,106.59262882252541,16.253075931212898
"Thửa 643 - Tờ 10 hẻm đường Xuân Thới Sơn 35, Xã Xuân Thới Sơn, H.Hóc Môn, TP.HCM",2850000.0,30.94,92113.76858435682,10.870085564724766,106.59987148712929,14.742391401760772
"Thửa 532 - Tờ 58 hẻm 499/6 Đường Quang Trung, P.10, Q.Gò Vấp, TP.HCM",7550000.0,92.41,81701.11459798724,10.813329700789522,106.66998173175853,4.88448665399893
"Thửa 524 - tờ 62 hẻm 26 đường số 12, P.Tam Bình, TP.Thủ Đức, TP.HCM",10900000.0,76.22,143007.08475465758,10.861965659289945,106.75191130401275,10.773845662766972
"Thửa 1291 - Tờ 195 hẻm đường Xuân Thới Thượng 9, Xã Bà Điểm, H.Hóc Môn, TP.HCM",4250000.0,45.16,94109.83170947742,10.877602869555941,106.59751854946596,15.501081090519742
"Thửa 555 - Tờ 147 hẻm đường Xuân Thới Thượng 03, Xã Bà Điểm, H.Hóc Môn, TP.HCM",3650000.0,30.93,118008.4060782412,10.874946916990146,106.58728966979366,16.12750078585447
"hẻm 918 đường Hương lộ 2, P.Bình Trị Đông A, Q.Bình Tân, TP.HCM",6500000.0,130.0,50000.0,10.756232997289816,106.59757196107478,11.398172334116932
"Thửa 416 - tờ 120 hẻm 39/23 Hoàng Bật Đạt, P.15, Q.Tân Bình, TP.HCM",6280000.0,100.48,62500.0,10.792878032097097,106.65155495167676,5.390123878341916
"Thửa 64 - tờ 29, 16/2T Trung Chánh, ấp Mỹ Hòa 1, Xã Trung Chánh, H.Hóc Môn, TP.HCM",4250000.0,61.59,69004.70855658386,10.88595536221488,106.58709272788889,16.962768022801782
"Thửa 747 - tờ 31 Nguyễn Thị Đặng, ấp 7, Xã Tân Thạnh Đông, H.Củ Chi, TP.HCM",2500000.0,14.66,170532.06002728513,10.994372251084965,106.50917122753607,31.531877943919834
"Thửa 287 tờ 195, đường số 1, P.7, Q.8, TP.HCM",5300000.0,48.18,110004.1511000415,10.7711721297358,106.73637837100877,4.194611273205472
"Đường Phan Văn Hớn, Xã Bà Điểm, H.Hóc Môn, TP.HCM",5400000.0,53.04,101809.95475113123,10.89667562143708,106.5952479025281,17.2033174439871
"Thửa 584 tờ 41, Đường Thạnh Xuân 24, P.Thạnh Xuân, Q.12, TP.HCM",4050000.0,59.03,68609.18177198035,10.767983175527302,106.70189619936694,1.342597598806032
"Đường Nguyễn Xí, P.13, Q.Bình Thạnh, TP.HCM",10600000.0,86.17,123012.64941394917,10.814951041658695,106.69800288525055,3.891445504014428
"Thửa 933 - Tờ 11, Đường Thạnh Lộc 29, P.Thạnh Lộc, Q.12, TP.HCM",5980000.0,88.07,67900.53366640174,10.766273599577442,106.69296139975506,1.6352011815236551
"Thửa 14-222 -  tờ 78, đường D14, Phước Long B, Q.9, TP.HCM",10100000.0,90.99,111001.20892405759,10.822472953293174,106.69745509171169,4.724986708311284
"Thửa 750 tờ 7, đường Thạnh Mỹ Lợi, Thạnh Mỹ Lợi, Q.2, TP.HCM",6000000.0,80.64,74404.76190476191,10.818356445919388,106.73246368843061,5.61903447673161
"Thửa đất 687 - số 94, đường số 6, Long Bình, Q.9, TP.HCM",40000000.0,40.02,999500.2498750624,10.756223944149166,106.6837187673417,3.0976922335533774
"Thửa 2165- Tờ 92, Thạnh Xuân 22, P.Thới An, Q.12, TP.HCM",5700000.0,95.15,59905.41250656857,10.78841478395192,106.71464684421493,1.9567991462298495
"TK 46/7 Đường Võ Văn Kiệt, P.Cầu Kho, Q.1, TP.HCM",8950000.0,237.4,37700.08424599832,10.78144495806247,106.70150236884874,0.3270270088303475
"hẻm 60 đường số 4, P.Trường Thọ, TP.Thủ Đức, TP.HCM",3850000.0,0.06,64166666.66666667,10.835126523578914,106.74537895682714,7.947706707242015
"Hẻm 21/8 Lê Công Phép, An Lạc, Q.Bình Tân, TP.HCM",6300000.0,1.16,5431034.482758621,10.772157977289286,106.60455344096202,10.366996253205835
"Thửa 601 tờ 48, đường Thạnh Xuân 22, P.Thạnh Xuân, Q.12, TP.HCM",3350000.0,52.34,64004.58540313335,10.790493800183873,106.69117924198105,1.4628566041977147
"Thửa 565 tờ 43, đường Hà Huy Giáp, P.Thạnh Xuân, Q.12, TP.HCM",3680000.0,61.43,59905.583591079274,10.789619256731894,106.69621678252064,1.1304121846032777
"Thửa 660 - tờ 25 hẻm 1870/1 /98 Tỉnh Lộ 10, P.Tân Tạo, Q.Bình Tân, TP.HCM",15500000.0,21.87,708733.4247828075,10.758659388159508,106.6116566216778,9.83751817466012
"Thửa 671 tờ 253, đường số 18B, P.Bình Hưng Hoà A, Q.Bình Tân, TP.HCM",6800000.0,74.64,91103.96570203644,10.750863441877197,106.61648575702038,9.577955566712243
"MPN 62/21 Đường Phú Thọ Hòa, P.Phú Thọ Hòa, Q.Tân Phú, TP.HCM",4800000.0,1.07,4485981.3084112145,10.79594699402131,106.61783263375573,9.058095441203466
"Thửa 886 tờ 12, đường Dương Công Khi, Xã Tân Hiệp, H.Hóc Môn, TP.HCM",27000000.0,47.29,570945.2315500106,10.891718135135134,106.60310244008915,16.22716844182104
"Thửa 1627 - Tờ 9 Cống Hộp Số 3, P.Thạnh Xuân, Q.12, TP.HCM",6100000.0,40.93,149034.93769850966,10.789585377748722,106.69517286218269,1.163155506663131
"Đường Dương Đình Hội, P.Phước Long B, TP.Thủ Đức, TP.HCM",12500000.0,60.73,205829.07953235635,10.845942415693052,106.75779466552206,9.739160599525366
"Thửa 325 tờ 130 (TL-2005 ), đường số 6, P.Bình Hưng Hoà B, Q.Bình Tân, TP.HCM",3000000.0,46.87,64006.827394922126,10.777764187512657,106.58971817372738,11.9571128672365
"Thửa 795 tờ 54, đường Trung Lân 4, Xã Bà Điểm, H.Hóc Môn, TP.HCM",4099999.999999999,55.7,73608.61759425492,10.892373212965026,106.59593782433153,16.797895219238438
"Thửa 554 tờ 23, Đường Hoàng Phan Thái, Xã Bình Chánh, H.Bình Chánh, TP.HCM",4600000.0,20.47,224719.10112359552,10.682323288657276,106.58103867381571,16.81642950460729
"Thửa 645 - tờ 70, đường Đông Thạnh 7, Xã Đông Thạnh, H.Hóc Môn, TP.HCM",6400000.0,3.98,1608040.201005025,10.869576618971907,106.59362639624001,15.214884556360868
"Thửa 568 - tờ 30, Đường Nguyễn Văn Khối, P.11, Q.Gò Vấp, TP.HCM",9100000.0,113.75,80000.0,10.817229244295048,106.6740452900314,4.961786743452963
"Thửa 1645 - tờ 129, đường Bùi Thị Lùng, Xã Thới Tam Thôn, H.Hóc Môn, TP.HCM",3500000.0,42.94,81509.08244061482,10.869746931797804,106.59117445501118,15.431130936306548
"Thửa 590 - Tờ 31, đường số 21, P.Long Thạnh Mỹ, TP.Thủ Đức, TP.HCM",5400000.0,53.09,101714.07044641174,10.862117497480007,106.75140746519484,10.758585560811053
"Thửa 1490 - Tờ 17 đường số 89, Khu dân cư Tân Phú Trung, Xã Tân Phú Trung, H.Củ Chi, TP.HCM",2160000.0,27.06,79822.61640798226,10.782464231695167,106.62237823561134,8.388221673729873
"Thửa 700-706 tờ 6, Đường Hồ Văn Thắng, Xã Tân Phú Trung, H.Củ Chi, TP.HCM",17500000.0,22.92,763525.3054101221,10.797243597316626,106.63648612132373,7.107266516869809
"Một phần nhà số 297 Đường Nơ Trang Long, P.13, Q.Bình Thạnh, TP.HCM",10500000.0,176.17,59601.52125787592,10.800373171208742,106.71815882644223,3.0925095171780916
"Thửa số 517 tờ số 86, đường Thống Nhất, P.16, Q.Gò Vấp, TP.HCM",6650000.0,92.87,71605.4700118445,10.833330498440677,106.6617766007123,7.188567393360651
"Thửa 612 - Tờ 40 Hẻm 49, đường số 18, P.Linh Trung, TP.Thủ Đức, TP.HCM",14000000.0,49.14,284900.2849002849,10.848657419999533,106.75971645448534,10.103551009731891
"Thửa 55 - Số 161 (TL-2005) đường số 14, P.Bình Hưng Hoà A, Q.Bình Tân, TP.HCM",4750000.0,54.59,87012.27331013005,10.779484891675693,106.58906530610074,12.0264379841144
"Thửa 541-542 - Tờ 18, Đường Nguyễn Duy Trinh, P.Phú Hữu, TP.Thủ Đức, TP.HCM",68000000.0,74.79,909212.4615590319,10.853926673865153,106.7398150922993,9.335483623473785
"Thửa 538 - Tờ số 5 Song Hành Phạm Văn Đồng và đường Dương Đình Nghệ, P.Linh Xuân, TP.Thủ Đức, TP.HCM",400000000.0,75.47,5300119.252683185,10.847304773148709,106.74854039121384,9.224760750919074
"Thửa số 531 tờ số 95, đường Đô Đốc Long, P.Tân Quý, Q.Tân Phú, TP.HCM",7850000.0,96.08,81702.74771024147,10.788206640134208,106.62564148912851,8.079894463750295
"Thửa 713 - tờ 6, 611/13/4 Lê Văn Thọ, P.14, Q.Gò Vấp, TP.HCM",7160000.0,74.73,95811.58838485213,10.812624372061773,106.67827383001557,4.283275283433818
"Thửa 959 - tờ 33 và Thửa 960 - tờ 33 đường số 7, Long Trường, Q.9, TP.HCM",3390000.0,59.63,56850.57856783498,10.77458627359469,106.69629608861496,0.6480373564393278
"Thửa số 518 tờ số 104, đường Liên Ấp 1-2-3, Xã Vĩnh Lộc B, H.Bình Chánh, TP.HCM",13000000.0,6.96,1867816.091954023,10.679109603078759,106.59999199128941,15.536001503748873
"MPN 334/1 Lê Trọng Tấn, Thửa số 525 tờ số 168, P.Tây Thạnh, Q.Tân Phú, TP.HCM",5000000.0,119.04,42002.68817204301,10.778334320835212,106.62951679752382,7.604004057571071
"MPN 334/1 Lê Trọng Tấn, Thửa số 523 tờ số 168, P.Tây Thạnh, Q.Tân Phú, TP.HCM",5000000.0,119.04,42002.68817204301,10.781396405393178,106.61629489138195,9.050075698176604
"MPN 334/1 Lê Trọng Tấn, Thửa số 524 tờ số 168, P.Tây Thạnh, Q.Tân Phú, TP.HCM",5000000.0,119.04,42002.68817204301,10.804855430586391,106.61765152355379,9.321649368354391
"Thửa 22 tờ số 19, hẻm 481 đường Tân Kỳ Tân Quý, P.Tân Sơn Nhì, Q.Tân Phú, TP.HCM",7980000.0,70.49,113207.54716981133,10.784035185812918,106.62046370734109,8.605201267677476
"Thửa 553 tờ 18, Một phần nhà 1053/15 Lê Đức Thọ, P.16, Q.Gò Vấp, TP.HCM",5380000.0,119.55,45002.091175240486,10.81318141359665,106.67630804848065,4.451963898683397
"Thửa 552 tờ 18, Một phần nhà 1053/15 Lê Đức Thọ, P.16, Q.Gò Vấp, TP.HCM",4850000.0,121.85,39803.03652031186,10.839616127361683,106.66818791614827,7.427908592230023
"Thửa 551 tờ 18, Một phần nhà 1053/15 Lê Đức Thọ, P.16, Q.Gò Vấp, TP.HCM",5630000.0,115.6,48702.422145328725,10.834348463180184,106.68493193810792,6.2291961030938685
"Thửa đất số 411 - Tờ bản đồ số 13, đường Thoại Ngọc Hầu, P.Phú Thạnh, Q.Tân Phú, TP.HCM",27000000.0,110.79,243704.30544272947,10.783698574885864,106.61780075391535,8.894135021082265
"Thửa 423 - tờ 127 và thửa 41 - tờ 127 Đường Kinh Dương Vương, P.Bình Trị Đông B, Q.Bình Tân, TP.HCM",8300000.000000001,58.28,142415.9231297186,10.777282116215241,106.61568250115096,9.119561121964303
"Thửa 465 - Tờ 38 Hồ Chí Minh, TT.Xuân Mai, H.Chương Mỹ, TP. Hà Nội",3100000.0,28.2,109929.0780141844,10.749101637769952,106.67146578653345,4.539465600505686
"Thửa 464 - Tờ 38 đường Hồ Chí Minh, TT.Xuân Mai, H.Chương Mỹ, TP. Hà Nội",3100000.0,28.23,109812.25646475381,10.744613960119736,106.66701039378961,5.234340553874272
