,property_id,address,total_price_million,price_per_m2_million,area
0,RGVA8J,"Thửa 616 - tờ 19, đường Đặng Như Mai, Thạnh Mỹ Lợi, Q.2, TP.HCM",58000000.0,200.55,289204.69
1,4PBVHF,"49/3a Đỗ Tấn Phong, Tân Đông Hiệp, Dĩ An, TP.HCM",2950000.0,45.38,65006.61
2,3Y32PQ,"44 Quốc lộ 1K, P.Đông Hòa, TP.Dĩ An, TP.HCM",5950000.0,39.66,150025.21
3,WZ8H4R,"254/4A Phạm Văn Chí, P.Bình Tiên, Q.6, TP.HCM",4700000.0,94.37,49803.96
4,KJN5TC,"160 số 1, P.Long Trường, TP.Thủ Đức, TP.HCM",6700000.0,49.92,134214.74
5,5KJT47,"Thửa 697 - tờ 39 Suối Lội, Xã Phước Vĩnh An, H.Củ Chi, TP.HCM",3100000.0,29.77,104131.68
6,J2HMW0,"Thửa 665 - Tờ 64 Huỳnh Thị Dần, Xã Bình Mỹ, H.Củ Chi, TP.HCM",2200000.0,16.15,136222.91
7,8YFVS3,"265/98/6 Bùi Văn Ngữ, P.Hiệp Thành, Q.12, TP.HCM",3500000.0,39.72,88116.82
8,SC01C5,"299/11 Bình Thành, P.Bình Hưng Hoà B, Q.Bình Tân, TP.HCM",22400000.0,36.24,618101.55
9,C0X7ZB,"266/40/25G Tôn Đản, P.8, Q.4, TP.HCM",5800000.0,85.41,67907.74
10,5BDDC7,"64 Số 2, P.Dĩ An, TP.Dĩ An, TP.HCM",7500000.0,100.0,75000.0
11,3DWX4Q,"1454/12E Lê Văn Lương, Xã Phước Kiển, H.Nhà Bè, TP.HCM",5200000.0,40.78,127513.49
12,JNQDY0,"70/22 Phan Huy Ích, P.14, Q.Gò Vấp, TP.HCM",6700000.0,87.12,76905.42
13,9NQ1SP,"Thửa 814 - tờ 167 Dương Công Khi, Ấp 1, Xã Xuân Thới Thượng, H.Hóc Môn, TP.HCM",3200000.0,39.07,81904.27
14,5KJEU7,"Thửa 812 - tờ 167 Dương Công Khi, Ấp 1, Xã Xuân Thới Thượng, H.Hóc Môn, TP.HCM",3200000.0,39.26,81507.9
15,D4G0BH,"Thửa 815 - tờ 167 Dương Công Khi, Ấp 1, Xã Xuân Thới Thượng, H.Hóc Môn, TP.HCM",3200000.0,37.29,85813.89
16,0JSF9N,"Thửa 541 - Tờ: 53, Đường Bùi Công Trừng, Xã Đông Thạnh, H.Hóc Môn, TP.HCM",4500000.0,31.71,141911.07
17,A4GAQY,"48 Cây Trâm, P.08, Q.Gò Vấp, TP.HCM",68100000.0,127.0,536220.47
18,7EPP8A,"44 TL 54, P.Thạnh Lộc, Q.12, TP.HCM",5500000.0,48.88,112520.46
19,RNQHQJ,"Số 6, P.Tam Bình, TP.Thủ Đức, TP.HCM",14500000.0,67.41,215101.62
20,AC4EEY,"Thửa 759 -  Tờ 24 Đình Phong Phú, Tăng Nhơn Phú B, Q.9, TP.HCM",6200000.0,76.54,81003.4
21,SC0MY5,"12 Hẻm 4, P.Tân Thới Nhất, Q.12, TP.HCM",8500000.0,68.16,124706.57
22,3HY7UQ,"Thửa 752 - Tờ 4 Thạnh Lộc 47, P.Thạnh Lộc, Q.12, TP.HCM",22000000.0,44.08,499092.56
23,9M07MP,"121 Thạnh Xuân 52, P.Thạnh Xuân, Q.12, TP.HCM",120000000.0,33.32,3601440.58
24,6AXTU8,"Thửa 939 - Tờ 1 Quốc Lộ 1A, P.An Phú Đông, Q.12, TP.HCM",3790000.0,61.12,62009.16
25,GMWW72,"170 số 25, Xã Tân Thông Hội, H.Củ Chi, TP.HCM",2000000.0,1.91,1047120.42
26,857FV3,"Thửa 615-Tờ 14 Huỳnh Thị Mua, Xã Thái Mỹ, H.Củ Chi, TP.HCM",880.0,2.74,321.17
27,SC6665,"MPN 90/4/25 (Thửa 632 - Tờ 12) Thạnh Xuân 51, P.Thạnh Xuân, Q.12, TP.HCM",2880000.0,41.14,70004.86
28,SDHK65,"Thửa 785 - tờ 5 Thạnh Lộc 43, P.An Phú Đông, Q.12, TP.HCM",3750000.0,72.67,51603.14
29,85GZ23,"Thửa 2392 - tờ 18 đường Thạnh Xuân 43, P.Thới An, Q.12, TP.HCM",4650000.0,55.55,83708.37
30,7EPF8A,"18C Đường 439, Xã Phú Hòa Đông, H.Củ Chi, TP.HCM",4770000.0,5.95,801680.67
31,WTG41R,"408/24 Hà Huy Giáp, P.Thạnh Lộc, Q.12, TP.HCM",29000000.0,37.76,768008.47
32,9M5UYP,"96 TCH 03, P.Tân Chánh Hiệp, Q.12, TP.HCM",7100000.0,60.37,117608.08
33,JRDJ0D,"Thửa 655 - Tờ 43 Bờ Xe Lam, Xã Tân Kiên, H.Bình Chánh, TP.HCM",8500000.0,30.27,280806.08
34,SC0MH5,"26 Hẻm 106, P.Tây Thạnh, Q.Tân Phú, TP.HCM",9200000.0,84.4,109004.74
35,QHJBPU,"207 Nam Cao, P.Tân Phú, TP.Thủ Đức, TP.HCM",5010000.0,33.4,150000.0
36,G1X7J2,"Nguyễn Thị Lắng, Xã Phước Vĩnh An, H.Củ Chi, TP.HCM",850.0,4.25,200.0
37,Q7V79U,"Thửa 659 - tờ 42 đường số 691, Xã Thái Mỹ, H.Củ Chi, TP.HCM",1220000.0,8.44,144549.76
38,YWCUMD,"1231/21/16 Tỉnh lộ 43, TP.Thủ Đức, TP.HCM",2000000.0,19.54,102354.15
39,8D7XB3,"Thửa 513 - Tờ 23 Thạnh Xuân 31, P.Thạnh Xuân, Q.12, TP.HCM",19500000.0,33.5,582089.55
40,YEXGVD,"Thửa 508 - Tờ 44 hẻm Đường Vành Đai 4, Xã Nhuận Đức, H.Củ Chi, TP.HCM",8000000.0,2.6,3076923.08
41,3517YQ,"Vành Đai 3, Xã Bình Chánh, H.Bình Chánh, TP.HCM",2300000.0,25.55,90019.57
42,QKEYGU,"Nguyễn Thị Thử, Xã Xuân Thới Sơn, H.Hóc Môn, TP.HCM",2980000.0,30.1,99003.32
43,YWFGCD,"Phan Văn Hớn, Xã Bà Điểm, H.Hóc Môn, TP.HCM",4600000.0,45.09,102018.19
44,7KW1KA,"Nhị Bình 10A, Xã Nhị Bình, H.Hóc Môn, TP.HCM",8900000.0,16.12,552109.18
45,PZ4W5G,"Đường Vạn Kiếp, P.1, Q.Bình Thạnh, TP.HCM",13500000.0,145.31,92904.82
46,8DC1H3,"Thửa 686 - tờ 54 đường số 8, P.Hiệp Bình Phước, TP.Thủ Đức, TP.HCM",7300000.0,46.76,156116.34
47,AE7MDY,"Thửa 1094 - Tờ 12 đường Cầu Ô Giá, Xã Thái Mỹ, H.Củ Chi, TP.HCM",1280000.0,2.12,603773.58
48,8SRDH3,"Võ Trần Chí, Xã Tân Nhựt, H.Bình Chánh, TP.HCM",3400000.0,26.98,126019.27
49,7EPNKA,"Hẻm 10 Lê Đức Thọ, P.15, Q.Gò Vấp, TP.HCM",6500000.0,59.78,108732.02
50,UK04ES,"1177 Lê Đức Thọ, P.13, Q.Gò Vấp, TP.HCM",111200000.0,115.34,964106.12
51,6A4278,"74/7/8 Phan Đăng Lưu, P.05, Q.Phú Nhuận, TP.HCM",4200000.0,128.44,32700.09
52,K0ZNRC,"752 Trần Văn Mười, Xã Bà Điểm, H.Hóc Môn, TP.HCM",4500000.0,40.9,110024.45
53,67SBB8,"Thửa 528 - Tờ 49 Tổ 50, Khu phố 3, P.An Phú Đông, Q.12, TP.HCM",2400000.0,32.0,75000.0
54,3H4WUQ,"639 Nguyễn Thị Sóc, Xã Bà Điểm, H.Hóc Môn, TP.HCM",4100000.0,45.55,90010.98
55,UC4H4S,"Nguyễn Thị Thử, Xã Xuân Thới Sơn, H.Hóc Môn, TP.HCM",2750000.0,27.22,101028.66
56,8YAY23,"Đường 40, KDC Vạn Phúc, P.Hiệp Bình Phước, TP.Thủ Đức, TP.HCM",65000000.0,241.99,268606.14
57,C4UD4B,"Thửa 621- tờ 50 Đường Võ Thị Thừa, P.An Phú Đông, Q.12, TP.HCM",5330000.0,48.89,109020.25
58,AHAB9Y,"Thửa 535 - tờ số 6 tỉnh lộ 15, Xã Phú Hòa Đông, H.Củ Chi, TP.HCM",28000000.0,7.13,3927068.72
59,7D1FBA,"Thửa Số: 6, Tờ số: 90 Nguyễn Sỹ Sách, P.15, Q.Tân Bình, TP.HCM",12500000.0,130.0,96153.85
60,7EP1DA,"109/1162/11 Hẻm 1264/78 Đường Lê Đức Thọ, P.13, Q.Gò Vấp, TP.HCM",7500000.0,78.78,95201.83
61,5Y4PC7,"Thửa 492 - tờ 95 Đường Nguyễn Văn Bá, P.Trường Thọ, TP.Thủ Đức, TP.HCM",14450000.0,120.41,120006.64
62,74GRMA,"Thửa 462 - Tờ 23 An Điền, P.An Điền, TP.Bến Cát, Bình Dương",22000000.0,2.2,10000000.0
63,3HWDTQ,"Thửa 553 - Tờ 41 Cầu Đình, Long Phước, Q.9, TP.HCM",3400000.0,35.82,94919.04
64,SYK8J5,"C5-12-69 khu 50ha, Cát Lái, Q.2, TP.HCM",8000000.0,73.12,109409.19
65,E0P1Y4,"Thửa 652 - tờ 19 đường 218, Xã Tân Thông Hội, H.Củ Chi, TP.HCM",2650000.0,27.8,95323.74
66,UYNE9S,"Thửa 664 - tờ 158 đường số 15, P.Linh Xuân, TP.Thủ Đức, TP.HCM",3650000.0,60.43,60400.46
67,DWZ8TH,"178/200 Bưng Ông Thoàn, TP.Thủ Đức, TP.HCM",5800000.0,67.75,85608.86
68,8SEZV3,"Thửa 528 - tờ 47 Đường Tô Ngọc Vân, P.Thạnh Xuân, Q.12, TP.HCM",13900000.0,95.86,145003.13
69,QKHDXU,"Đông Hòa, Dĩ An, TP.HCM",3350000.0,31.01,108029.67
70,6Y3N68,"P.Đông Hòa, TP.Dĩ An, TP.HCM",3450000.0,47.26,73000.42
71,5B9VJ7,"TT.Hóc Môn, H.Hóc Môn, TP.HCM",1960000.0,16.82,116527.94
72,PZFJ7G,"Thửa 1749 - tờ 14 TL29, P.An Phú Đông, Q.12, TP.HCM",6000000.0,71.94,83402.84
73,87J5D3,"Thửa 700 - tờ 31 Bến Than, Xã Hòa Phú, H.Củ Chi, TP.HCM",11000000.0,20.83,528084.49
74,9T13HP,"Thửa 2113 - tờ 18 Thạnh Xuân 43, P.Thạnh Xuân, Q.12, TP.HCM",6000000.0,49.91,120216.39
75,6S77Q8,"Thửa 1903 - tờ 22 Thới An 18, P.Thới An, Q.12, TP.HCM",5950000.0,64.95,91608.93
76,SC0XD5,"8/34/5/6 TX40, P.Thạnh Xuân, Q.12, TP.HCM",4000000.0,49.87,80208.54
77,GMDXZ2,"Thửa 558 - tờ 8 Sông Lu, Xã Hòa Phú, H.Củ Chi, TP.HCM",1000000.0,9.89,101112.23
78,A4MPBY,"tỉnh 998, Phước Thuận, Xuyên Mộc, TP.HCM",12000000.0,12.17,986031.22
79,7K4GKA,"Thửa 770 - tờ 12 Thạnh Lộc 42, P.Thạnh Lộc, Q.12, TP.HCM",5000000.0,62.5,80000.0
80,37YP4Q,"Thửa 972 - tờ 27 Bến Than, Xã Hòa Phú, H.Củ Chi, TP.HCM",2300000.0,19.81,116102.98
81,6S5XW8,"Thửa 590 - Tờ 198 đường số 5, P.7, Q.8, TP.HCM",8000000.0,72.72,110011.0
82,UAQ9JS,"Thửa 643-3 - Tờ 4 đường số 1, P.11, Q.6, TP.HCM",10000000.0,89.28,112007.17
83,7H529A,"Thửa 643-2 - Tờ 4 đường số 1, P.11, Q.6, TP.HCM",9990000.0,90.0,111000.0
84,KEGMFC,"Thửa 578 - Tờ 51 đường 152, Bình Mỹ, H.Củ Chi, TP.HCM",3000000.0,19.54,153531.22
85,3A3PJQ,"Thửa 505 - tờ 67 ĐH508, Xã Nhuận Đức, H.Củ Chi, TP.HCM",2200000.0,9.58,229645.09
86,R2PGZJ,"Thửa 1589 - tờ 96 Vườn Lài, P.An Phú Đông, Q.12, TP.HCM",5700000.0,71.25,80000.0
87,5HP2K7,"Thửa 1112 - tờ 58 Thạnh Lộc 14, P.An Phú Đông, Q.12, TP.HCM",4000000.0,80.0,50000.0
88,KFXVEC,"Thửa 1111 - tờ 58 Thạnh Lộc 14, P.An Phú Đông, Q.12, TP.HCM",4000000.0,80.0,50000.0
89,7KG2SA,"Thửa 1110 - tờ 58 Thạnh Lộc 14, P.An Phú Đông, Q.12, TP.HCM",4000000.0,80.0,50000.0
90,5HBUV7,"Thửa 172 - tờ 20 Trung An, TT.Củ Chi, H.Củ Chi, TP.HCM",7500000.0,8.31,902527.08
91,ACDSCY,"MPN 50/50 Vườn Lài, P.An Phú Đông, Q.12, TP.HCM",12200000.0,54.24,224926.25
92,A32QYX,"Tam Đa, P.Trường Thạnh, TP.Thủ Đức, TP.HCM",5000000.0,62.5,80000.0
93,7H524A,"Thửa 643-1 - Tờ 4 đường số 1, P.11, Q.6, TP.HCM",15000000.0,89.82,167000.67
94,RGA1EJ,"Thửa 825 - tờ 8 Sông Lu, Xã Hòa Phú, H.Củ Chi, TP.HCM",4000000.0,28.14,142146.41
95,0T2ZU9,"Thửa 1521 - tờ 50 Vườn Lài, P.An Phú Đông, Q.12, TP.HCM",9500000.0,107.95,88003.71
96,AFERZY,"Nguyễn Văn Khạ, Xã Tân An Hội, H.Củ Chi, TP.HCM",5000000.0,11.62,430292.6
97,ACMM4Y,"Thửa 702 - tờ 14 Trung An, Xã Trung An, H.Củ Chi, TP.HCM",2800000.0,16.77,166964.82
98,PNXQCG,"Thửa 602 - Tờ 7 đường số 5, Long Thạnh Mỹ, Q.9, TP.HCM",54000000.0,33.61,1606664.68
99,3AX5YQ,"Thửa 935 - tờ 11 Thạnh Lộc 29, P.Thạnh Lộc, Q.12, TP.HCM",5950000.0,86.73,68603.71
100,CRCDDB,"Thửa 537 - tờ 17 Bà Thiên, Xã Nhuận Đức, H.Củ Chi, TP.HCM",1600000.0,12.18,131362.89
101,WPNPVR,"Thửa 1101 - tờ 85 Thạnh Xuân 24, P.Thới An, Q.12, TP.HCM",3650000.0,55.05,66303.36
102,UYA42S,"Thửa 615 - Tờ 7 đường số 6, Trường Thạnh, Q.9, TP.HCM",5050000.0,54.83,92102.86
103,37B5TQ,"Thửa 756 Tờ 9 Thới An 11, P.Thới An, Q.12, TP.HCM",4500000.0,54.74,82206.8
104,5HFMP7,"Phan Văn Hớn, P.Tân Thới Nhất, Q.12, TP.HCM",37000000.0,150.46,245912.53
105,R23NWJ,"Thửa 1109 - tờ 90 Thạnh Xuân 16, P.Thới An, Q.12, TP.HCM",6000000.0,65.5,91603.05
106,3AWH2Q,"Thửa 1108 - tờ 90 Thạnh Xuân 16, P.Thới An, Q.12, TP.HCM",6000000.0,64.3,93312.6
107,5K9BQ7,"Thửa 1104 - tờ 90 Thạnh Xuân 16, P.Thới An, Q.12, TP.HCM",6000000.0,56.81,105615.21
108,UDJHTS,"Thửa 1103 - tờ 90 Thạnh Xuân 16, P.Thới An, Q.12, TP.HCM",6000000.0,61.16,98103.34
109,DEBR0H,"Thửa 2484 - Tờ 18 Thạnh Xuân 38, P.Thạnh Xuân, Q.12, TP.HCM",4100000.0,51.57,79503.59
110,8YWF23,"19 TA 11, P.Thới An, Q.12, TP.HCM",5000000.0,39.09,127909.95
111,KRU5FC,"578 Hoàng hữu nam, Tân Phú, Q.9, TP.HCM",18000000.0,121.45,148209.14
112,ACVNEY,"Thửa 588 -tờ 11 Giáp Hải, Xã Tân An Hội, H.Củ Chi, TP.HCM",3350000.0,20.04,167165.67
113,QADW8U,"Thửa 983 - Tờ 27 Thạnh Lộc 16, P.Thạnh Lộc, Q.12, TP.HCM",3500000.0,64.81,54004.01
114,UAF3RS,"Thửa 636 - tờ 40 Thạnh Lộc 03, P.An Phú Đông, Q.12, TP.HCM",4600000.0,66.37,69308.42
115,DBKJPH,"Thửa 693 - tờ 29 Trần Thị Cờ, P.Thới An, Q.12, TP.HCM",4200000.0,73.17,57400.57
116,KJN9DC,"40 Đường 409, Xã Phước Vĩnh An, H.Củ Chi, TP.HCM",2030000.0,15.54,130630.63
117,CF17RB,"Lê Văn Lương, P.Tân Phong, Q.7, TP.HCM",29000000.0,136.92,211802.51
118,87NDU3,"Thửa 433 - tờ 9 Thạnh Xuân 25, P.Thạnh Xuân, Q.12, TP.HCM",4790000.0,50.79,94309.9
119,6SS328,"Thửa 599 - tờ 26 đường số 10, P.Tân Tạo A, Q.Bình Tân, TP.HCM",6050000.0,60.5,100000.0
120,EP1PZ4,"49/1 TL 51, P.Thạnh Lộc, Q.12, TP.HCM",6730000.0,36.14,186220.25
121,SDB485,"Thạnh Xuân 52, P.Thới An, Q.12, TP.HCM",3100000.0,58.38,53100.38
122,37AMGQ,"Thửa 581 - Tờ 10 Thạnh Lộc 29, P.Thạnh Lộc, Q.12, TP.HCM",5350000.0,89.31,59903.71
123,9Z9RUP,"Thửa 939 - Tờ 1 Thạnh Lộc 15, P.An Phú Đông, Q.12, TP.HCM",3700000.0,59.67,62007.71
124,1U0RU6,"Thửa 540 - Tờ 36 An Nhơn Tây, Xã An Nhơn Tây, H.Củ Chi, TP.HCM",1550000.0,10.36,149613.9
125,1UJPY6,"Thửa 824 - Tờ 32 đường 716, Xã Trung Lập Thượng, H.Củ Chi, TP.HCM",6500000.0,6.63,980392.16
126,ACZGBY,"Thửa 972 - tờ 47 Thạnh Lộc 15, P.An Phú Đông, Q.12, TP.HCM",3800000.0,54.2,70110.7
127,85DZU3,"Thửa 636 - tờ 86 Thạnh Xuân 24, P.Thới An, Q.12, TP.HCM",3750000.0,71.42,52506.3
128,UYK8GS,"198/12/40 Thạnh Lộc 15, P.Thạnh Lộc, Q.12, TP.HCM",3950000.0,48.46,81510.52
129,3DSJJQ,"Trần Thị Dương, Dĩ An, Dĩ An, TP.HCM",9600000.0,25.73,373105.32
130,KR60QC,"Thửa 563 - tờ 11 Thạnh Lộc 37, P.Thạnh Lộc, Q.12, TP.HCM",7600000.0,52.85,143803.22
131,JZJDP0,"Thửa 505 - tờ 19 Ba Sa, Xã Trung Lập Hạ, H.Củ Chi, TP.HCM",2550000.0,8.23,309842.04
132,PNBTRG,"Nguyễn Du, P.7, Q.Gò Vấp, TP.HCM",4900000.0,124.61,39322.69
133,UYP7RS,"Thửa 856 - tờ 28 Thạnh Xuân 25, P.Thạnh Xuân, Q.12, TP.HCM",5200000.0,38.29,135805.69
134,PN8N6G,"MPN 141/52/13 Thạnh Lộc 19, P.Thạnh Lộc, Q.12, TP.HCM",3650000.0,69.25,52707.58
135,QA7HMU,"Thửa 858 - Tờ 13 Thạnh Lộc 41, P.Thạnh Lộc, Q.12, TP.HCM",4200000.0,51.72,81206.5
136,W0H6PR,"An Phú Đông 9, P.An Phú Đông, Q.12, TP.HCM",70000000.0,79.83,876863.33
137,KJXTBC,"3 Hẻm, P.17, Q.Gò Vấp, TP.HCM",8700000.0,76.65,113502.94
138,GVB562,"21E Đặng Công Bỉnh, Xã Xuân Thới Sơn, H.Hóc Môn, TP.HCM",20000000.0,22.82,876424.19
139,1U5JJ6,"Thửa 594 - tờ 5 Sông Lu, Xã Hòa Phú, H.Củ Chi, TP.HCM",4500000.0,26.96,166913.95
140,6YQWB8,"23 Xóm Ga, Dĩ An, Dĩ An, TP.HCM",4100000.0,41.0,100000.0
141,SHSTJ5,"Thửa 634 - tờ 196 Ba Sa, Xã Tân An Hội, H.Củ Chi, TP.HCM",2350000.0,22.08,106431.16
142,UD9WBS,"Thửa 1647 - tờ 9 Thạnh Xuân 52, P.Thạnh Xuân, Q.12, TP.HCM",5500000.0,31.95,172143.97
143,3YMR9Q,"Lê Hồng Phong, Tân Bình, Dĩ An, TP.HCM",3200000.0,45.71,70006.56
144,Q5P69U,"Thửa 880 - Tờ 11 Thạnh Lộc 39, P.Thạnh Lộc, Q.12, TP.HCM",5450000.0,59.69,91305.08
145,768XA8,"Trần Quốc Hoàn, P.13, Q.Tân Bình, TP.HCM",23000000.0,209.09,110000.48
146,C0UEZB,"Thửa 916 - tờ 62 Thạnh Xuân 43, P.Thạnh Xuân, Q.12, TP.HCM",3550000.0,57.53,61706.94
147,UKN54S,"Thửa 915 - tờ 62 Thạnh Xuân 43, P.Thạnh Xuân, Q.12, TP.HCM",3550000.0,57.62,61610.55
148,6AG3Y8,"Thửa 914 - tờ 62 Thạnh Xuân 43, P.Thạnh Xuân, Q.12, TP.HCM",3480000.0,56.58,61505.83
149,7C2J6A,"Thửa 1646 - tờ 9 Thạnh Xuân 52, P.Thạnh Xuân, Q.12, TP.HCM",5500000.0,31.51,174547.76
150,CFKVMB,"Thửa 643-4 - Tờ 4 đường số 1, P.11, Q.6, TP.HCM",6500000.0,90.27,72006.2
151,GNUYD2,"Thửa 1612 - tờ 12 Thạnh Lộc 42, P.An Phú Đông, Q.12, TP.HCM",5500000.0,53.86,102116.6
152,ACX6JY,"Thửa 733 - tờ 110 Thạnh Xuân 14, P.Thới An, Q.12, TP.HCM",3750000.0,70.35,53304.9
153,6S7N48,"Thửa 730 - tờ 34 Cầu Dây, Xã Hòa Phú, H.Củ Chi, TP.HCM",2350000.0,20.43,115026.92
154,JZW9U0,"Thửa 1107 - tờ 60 Thạnh Xuân 52, P.Thới An, Q.12, TP.HCM",3750000.0,49.4,75910.93
155,KFPMJC,"Thửa 852 - tờ 19 Hiệp Thành 17, P.Hiệp Thành, Q.12, TP.HCM",6900000.0,65.96,104608.85
156,37HJ7Q,"Thửa 856 - tờ 14 Thạnh Xuân 46, P.Thạnh Xuân, Q.12, TP.HCM",6500000.0,47.03,138209.65
157,2MVPSZ,"Thửa 534 - tờ 63 Thạnh Xuân 21, P.Thạnh Xuân, Q.12, TP.HCM",3750000.0,43.85,85518.81
158,UYD1GS,"Thửa 562 - tờ 10 Thạnh Lộc 29, P.Thạnh Lộc, Q.12, TP.HCM",5350000.0,87.99,60802.36
159,1UQ8U6,"Thửa 1544 - Tờ 25 Thạnh Lộc 29, P.Thạnh Lộc, Q.12, TP.HCM",7300000.0,67.28,108501.78
160,K4G4UC,"168/45 Nguyễn Cư Trinh, P.Nguyễn Cư Trinh, Q.1, TP.HCM",19000000.0,270.9,70136.58
161,8UEUA3,"Thửa 1732 - Tờ 12 đường TL 41, Thạnh Lộc, Q.12, TP.HCM",7160000.0,71.45,100209.94
162,E0EU94,"Thửa 624 - tờ 46 đường 490, Xã Phạm Văn Cội, H.Củ Chi, TP.HCM",2100000.0,9.34,224839.4
163,GMTUF2,"Thửa 991 - tờ 41 Bàu Trâm, Xã Trung An, H.Củ Chi, TP.HCM",3250000.0,27.42,118526.62
164,DEZAVH,"Thửa 603 - tờ 72 Thạnh Xuân 25, P.Thới An, Q.12, TP.HCM",4850000.0,71.63,67709.06
165,DERQ6H,"Thửa 608 - Tờ 41, 379/84A Thống Nhất, P.11, Q.Gò Vấp, TP.HCM",3950000.0,105.33,37501.19
166,UYA74S,"Thửa 694 - Tờ 61 An Phú Đông 9, P.An Phú Đông, Q.12, TP.HCM",7500000.0,128.42,58402.12
167,C4ZZDB,"Thửa 817 - Tờ 40 đường TL 03, Thạnh Lộc, Q.12, TP.HCM",6300000.0,28.71,219435.74
168,1UMRN6,"Thửa 692 - Tờ 7 Bưng Tràm, Xã Tân Thạnh Tây, H.Củ Chi, TP.HCM",3600000.0,3.5,1028571.43
169,CWGVRB,"Thửa 686 - tờ 110 Tô Ký, Xã Bà Điểm, H.Hóc Môn, TP.HCM",4500000.0,42.25,106508.88
170,QAKW1U,"Thửa 710 - tờ 78 Trần Quang Cơ, P.Tân Thới Hiệp, Q.12, TP.HCM",6600000.0,87.64,75308.08
171,CW61HB,"Thửa 503 - tờ 51 Thạnh Xuân 21, P.Thạnh Xuân, Q.12, TP.HCM",4300000.0,64.37,66801.3
172,7KRNCA,"88/89/17A (Thửa 356-7 - Tờ 2A) Nguyễn Văn Quỳ, P.Phú Thuận, Q.7, TP.HCM",5500000.0,55.0,100000.0
173,QYH9ZU,"Thửa 813 - tờ 32 Suối Lội, Xã Tân Thông Hội, H.Củ Chi, TP.HCM",2900000.0,29.0,100000.0
174,878PH3,"Thửa 639 - tờ 8 Ba Sa, Xã Phước Hiệp, H.Củ Chi, TP.HCM",2500000.0,16.73,149432.16
175,ABA2QY,"Thửa 594 - tờ 3 Nguyễn Văn Khạ, Xã Tân An Hội, H.Củ Chi, TP.HCM",1980000.0,9.58,206680.58
176,SHQWE5,"Thửa 770 - tờ 2 Hà Huy Giáp, P.Thạnh Lộc, Q.12, TP.HCM",4650000.0,48.38,96114.1
177,852KA3,"Thửa 443 - Tờ 80 Cá Súc, Xã Bình Khánh, H.Cần Giờ, TP.HCM",4200000.0,3.81,1102362.2
178,J2A240,"Thửa 961 - Tờ 202, hẻm 55 Tây Lân, P.Tân Tạo, Q.Bình Tân, TP.HCM",9000000.0,61.3,146818.92
179,RGXRBJ,"Thửa 214 - Tờ 8 đường 130, Xã Tân Thạnh Đông, H.Củ Chi, TP.HCM",3500000.0,18.81,186071.24
180,85Y6K3,"Thửa 484 - Tờ 67 đường Bình Thành, P.Bình Hưng Hòa, Q.Bình Tân, TP.HCM",4050000.0,54.65,74107.96
181,7KXNQA,"Thửa 89 - tờ 11 Nguyễn Thị My, Xã Trung An, H.Củ Chi, TP.HCM",2800000.0,11.22,249554.37
182,Y4XB9D,"Thửa 642 - tờ 10 Lê Văn Khương, P.Hiệp Thành, Q.12, TP.HCM",6900000.0,29.65,232715.01
183,5H13H7,"Thửa 1755 - tờ 14 Thạnh Lộc 37, P.Thạnh Lộc, Q.12, TP.HCM",8900000.0,25.5,349019.61
184,SDH8J5,"17/17 đường 182, P.Tăng Nhơn Phú A, TP.Thủ Đức, TP.HCM",7000000.0,43.67,160293.11
185,SDH6R5,"Thạnh xuân 25, P.Thạnh Xuân, Q.12, TP.HCM",4550000.0,84.41,53903.57
186,1UJFQ6,"Thửa 1207 - Tờ 94 đường số 6, Long Bình, Q.9, TP.HCM",3200000.0,62.99,50801.71
187,WPT9VR,"Thửa 1050 - tờ 74 Thạnh Xuân 25, P.Thới An, Q.12, TP.HCM",12500000.0,35.76,349552.57
188,3DRKTQ,"77 Số 1A, P.An Lạc, Q.Bình Tân, TP.HCM",9790000.0,110.79,88365.38
189,UAU29S,"276/29/57 Mã Lò, P.Bình Trị Đông A, Q.Bình Tân, TP.HCM",5350000.0,95.53,56003.35
190,657D78,"Thửa 1733 - Tờ 22 Thạnh Lộc 31, P.Thạnh Lộc, Q.12, TP.HCM",8800000.0,45.76,192307.69
191,DE1P7H,"Thửa 731 - Tờ 158 đường 1A, Xã Vĩnh Lộc B, H.Bình Chánh, TP.HCM",5530000.0,34.07,162312.89
192,YBT26D,"Thửa 653 - Tờ 29 Võ Thị Liễu, P.An Phú Đông, Q.12, TP.HCM",4800000.0,86.33,55600.6
193,400RPF,"Thửa 808 - tờ 45 Hiệp Thành 44, P.Hiệp Thành, Q.12, TP.HCM",4380000.0,42.6,102816.9
194,QYQT5U,"Thửa 638 - tờ 151 Phạm Thị Điệp, Xã Thái Mỹ, H.Củ Chi, TP.HCM",1250000.0,10.37,120540.02
195,5KG5G7,"Thửa 1221+1222 - tờ 38 đường Trường Lưu, Long Trường, Q.9, TP.HCM",3500000.0,50.0,70000.0
196,37427Q,"Thửa 1358 - Tờ 33 Giồng Cát, Xã Tân Phú Trung, H.Củ Chi, TP.HCM",2850000.0,19.52,146004.1
197,WPGVDR,"Thửa 431 - Tờ 192, 55-57 Bình Long, P.Bình Trị Đông, Q.Bình Tân, TP.HCM",21000000.0,251.49,83502.33
198,P15V3G,"Hẻm 47  (Thửa 707 - Tờ 37) Nguyễn Duy Trinh, Long Trường, Q.9, TP.HCM",3400000.0,50.14,67810.13
199,EJPC94,"Thửa 1128 - 57 Thạnh Lộc 14, P.An Phú Đông, Q.12, TP.HCM",3900000.0,78.0,50000.0
200,UYAC9S,"Thửa 840 - tờ 12 Thạnh Xuân 51, P.Thạnh Xuân, Q.12, TP.HCM",2750000.0,49.81,55209.8
201,1UA2P6,"Thửa 697 - tờ 55 Đông Thạnh 7, Xã Đông Thạnh, H.Hóc Môn, TP.HCM",5000000.0,27.35,182815.36
202,PNAFEG,"Thửa 942 - tờ 67 Hà Huy Giáp, P.Thới An, Q.12, TP.HCM",4550000.0,43.4,104838.71
203,WPQHHR,"Thửa 941 - tờ 67 Hà Huy Giáp, P.Thới An, Q.12, TP.HCM",4550000.0,42.31,107539.59
204,RGUK1J,"Thửa 945 - tờ 67 Hà Huy Giáp, P.Thới An, Q.12, TP.HCM",4500000.0,46.58,96607.99
205,0G3819,"đường Trần Thị Trọng, P.15, Q.Tân Bình, TP.HCM",6100000.0,92.7,65803.67
206,7EPZUA,"59/26/98 Huỳnh Tịnh Của, P.8, Q.3, TP.HCM",14800000.0,162.63,91004.12
207,JZ8YA0,"Thửa 1754 - tờ 9 Thạnh Xuân 52, P.Thạnh Xuân, Q.12, TP.HCM",5900000.0,40.94,144113.34
208,D53YHF,"Thới An 15, P.Thới An, Q.12, TP.HCM",5500000.0,51.0,107843.14
209,WZANZR,"Thửa 1417 - Tờ 11 Thạnh Lộc 40, P.An Phú Đông, Q.12, TP.HCM",4590000.0,42.11,109000.24
210,UA38ES,"Thửa 514 - Tờ 123 Hoàng Hữu Nam, Long Thạnh Mỹ, Q.9, TP.HCM",27500000.0,69.56,395342.15
211,6U1W08,"Thửa 961 - Tờ 4 Hà Huy Giáp, P.Thạnh Lộc, Q.12, TP.HCM",18500000.0,66.54,278028.25
212,UDUKHS,"Thửa 522 - tờ 1 Tỉnh Lộ 15, Xã Nhuận Đức, H.Củ Chi, TP.HCM",4500000.0,12.53,359138.07
213,85YN73,"Thửa 762 - tờ 81 Tô Ký 12, TT.Hóc Môn, H.Hóc Môn, TP.HCM",4600000.0,51.28,89703.59
214,SH7Y35,"Thửa 660 - tờ 63 Hẻm Hà Huy Giáp, P.Thới An, Q.12, TP.HCM",3600000.0,65.21,55206.26
215,JNUU30,"44 Khu Phố 1, P.Thạnh Lộc, Q.12, TP.HCM",5300000.0,45.06,117620.95
216,5BPK37,"87 Bình Mỹ, Xã Bình Mỹ, H.Củ Chi, TP.HCM",1960000.0,17.65,111048.16
217,7C7XTA,"Thửa 637 - tờ 15 Tỉnh Lộ 15, Xã Phú Hòa Đông, H.Củ Chi, TP.HCM",1250000.0,14.58,85733.88
218,9NQHFP,"Thửa 728 - tờ 19 Nguyễn Thị Lắng, Xã Phước Vĩnh An, H.Củ Chi, TP.HCM",3250000.0,16.61,195665.26
219,6S7TE8,"Thửa 44 - Tờ 134 Nguyễn Văn Tiệp, Xã An Phú, H.Củ Chi, TP.HCM",1500000.0,6.35,236220.47
220,2V2YVZ,"Thửa 637 - tờ 30 Tỉnh Lộ 2, Xã Trung Lập Thượng, H.Củ Chi, TP.HCM",1780000.0,3.32,536144.58
221,PXPVEG,"Thửa 591 - tờ 12 Tỉnh Lộ 9, Xã Bình Mỹ, H.Củ Chi, TP.HCM",2100000.0,17.05,123167.16
222,407TKF,"Thửa 347 - tờ 22 Đông Thạnh 3, Xã Đông Thạnh, H.Hóc Môn, TP.HCM",2650000.0,41.14,64414.2
223,KF6UFC,"Thửa 308 - tờ 129 Xuân Thới 2, Xã Xuân Thới Sơn, H.Hóc Môn, TP.HCM",2600000.0,38.8,67010.31
224,WP2P8R,"Thửa 723 - tờ 16 Lê Thị Bay, Xã Tân Thạnh Đông, H.Củ Chi, TP.HCM",2100000.0,12.92,162538.7
225,1Q4MR6,"Thửa 815 - tờ 52 Đường Tân Hiệp 30, Xã Tân Hiệp, H.Hóc Môn, TP.HCM",3350000.0,28.12,119132.29
226,6UJPM8,"64 Hoàng Hữu Nam, Long Thạnh Mỹ, Q.9, TP.HCM",55000000.0,119.04,462029.57
227,PXH6XG,"Thửa 940 - tờ 67 Thạnh Xuân 25, P.Thới An, Q.12, TP.HCM",4450000.0,47.18,94319.63
228,YEZ3KD,"Thửa 724 - tờ 64 Tân Hiệp 16, Xã Tân Hiệp, H.Hóc Môn, TP.HCM",3500000.0,24.92,140449.44
229,SY9QK5,"4347 Nguyễn Cửu Phú, P.Tân Tạo A, Q.Bình Tân, TP.HCM",29500000.0,52.75,559241.71
230,QA651U,"Mã Lò, P.Bình Trị Đông A, Q.Bình Tân, TP.HCM",6200000.0,57.4,108013.94
231,PN7A7G,"Thửa 682 - Tờ 25 hẻm đường số 120, Xã Tân Thạnh Đông, H.Củ Chi, TP.HCM",700.0,5.07,138.07
232,6S7YM8,"Thửa 711 - tờ 45 Tỉnh Lộ 8, Xã Trung An, H.Củ Chi, TP.HCM",1950000.0,7.23,269709.54
233,2M16BZ,"Thửa 735 - tờ 6 Võ Thị Hết, Xã Hòa Phú, H.Củ Chi, TP.HCM",2350000.0,19.83,118507.31
234,KF4PJC,"Thửa 534 - tờ 33 Đổ Đăng Tuyển, Xã An Nhơn Tây, H.Củ Chi, TP.HCM",2300000.0,16.49,139478.47
235,92AQ8P,"23B Linh Đông, Linh Đông, TP.Thủ Đức, TP.HCM",22600000.0,0.06,376666666.67
236,7EUFJA,"221/43T Đông Thạnh 4-2, Xã Đông Thạnh, H.Hóc Môn, TP.HCM",3150000.0,40.59,77605.32
237,85AXH3,"Thửa 688 - tờ 23 Tỉnh Lộ 8, Xã Tân Thạnh Tây, H.Củ Chi, TP.HCM",2750000.0,11.42,240805.6
238,5DH5U7,"274/12A Nguyễn Văn Đậu, P.11, Q.Bình Thạnh, TP.HCM",11600000.0,146.83,79002.93
239,JXTFZ0,"148 Đỗ Tấn Phong, Tân Đông Hiệp, Dĩ An, TP.HCM",3750000.0,42.61,88007.51
240,6AFEU8,"35 Hẻm 75, P.15, Q.Tân Bình, TP.HCM",9300000.0,115.24,80701.15
241,E073N4,"Thửa 595 - tờ 147 Trương Thị Như, Xã Bà Điểm, H.Hóc Môn, TP.HCM",3490000.0,36.44,95773.87
242,40SX4F,"Thửa 574 - tờ 18 đường số 464, Xã Trung An, H.Củ Chi, TP.HCM",3500000.0,10.77,324976.79
243,UY5VTS,"Thửa 701 - Tờ 8 Sông Lu, Xã Hòa Phú, H.Củ Chi, TP.HCM",1490000.0,14.75,101016.95
244,UY5NGS,"Thửa 568 - Tờ 39 Phạm Thị Lòng, Xã Trung An, H.Củ Chi, TP.HCM",5000000.0,20.6,242718.45
245,7KQRBA,"Thửa 566 - Tờ 64 hẻm đường 148, Xã Bình Mỹ, H.Củ Chi, TP.HCM",1800000.0,11.69,153977.76
246,37F8RQ,"Thửa 828 - tờ 62 Nguyễn Thị Sáng, Xã Đông Thạnh, H.Hóc Môn, TP.HCM",6800000.0,22.22,306030.6
247,0Z8ZT9,"MP Thửa 355 - tờ 128 Trần Thị Bốc, Xã Đông Thạnh, H.Hóc Môn, TP.HCM",5500000.0,62.92,87412.59
248,9TTUWP,"Thửa 667 - Tờ 116 Cây Trắc, Xã Phú Hòa Đông, H.Củ Chi, TP.HCM",1150000.0,11.27,102040.82
249,AKH02Y,"Thửa 1201 - Tờ 16 Tân Thới Hiệp 14, P.Tân Thới Hiệp, Q.12, TP.HCM",5000000.0,51.92,96302.0
250,KJNMWC,"115/11/2 Phạm Hữu Lầu, P.Phú Mỹ, Q.7, TP.HCM",8500000.0,91.39,93007.99
251,7EPVEA,"3a2 Hiệp Thành 17, P.Hiệp Thành, Q.12, TP.HCM",5100000.0,50.44,101110.23
252,UHQEVS,"Thửa 580 - tờ 42 Đông Thạnh 5, Xã Đông Thạnh, H.Hóc Môn, TP.HCM",3200000.0,35.87,89211.04
253,6S2FN8,"Thửa 734 - Tờ 21 Nguyễn Thị Nói, Xã Trung An, H.Củ Chi, TP.HCM",2550000.0,17.11,149035.65
254,RGZMNJ,"Thửa 702 - tờ 4 Sông Lu 2, Xã Hòa Phú, H.Củ Chi, TP.HCM",2800000.0,18.75,149333.33
255,37520Q,"Thửa 700 - Tờ 161 Tỉnh Lộ 2, Xã Phước Vĩnh An, H.Củ Chi, TP.HCM",4000000.0,28.07,142500.89
256,3752FQ,"Thửa 699 - Tờ 161 Tỉnh Lộ 2, Xã Phước Vĩnh An, H.Củ Chi, TP.HCM",4050000.0,27.05,149722.74
257,GXN6H2,"183/32/6 Nguyễn Hữu Cảnh, P.22, Q.Bình Thạnh, TP.HCM",4800000.0,135.59,35400.84
258,DEKQ7H,"Thửa 601 - Tờ 20 Huỳnh Minh Mương, Xã Tân Thạnh Đông, H.Củ Chi, TP.HCM",2050000.0,13.39,153099.33
259,K4K77C,"Thửa 842 - Tờ 40 đường số 112, Xã Tân Thạnh Đông, H.Củ Chi, TP.HCM",2200000.0,16.92,130023.64
260,2N0F7Z,"Một phần nhà 38 đường số 6, P.Bình Hưng Hoà A, Q.Bình Tân, TP.HCM",8850000.0,63.53,139304.27
261,PMBC7G,"Nguyễn Duy Trinh, Trường Thạnh, Q.9, TP.HCM",3200000.0,32.0,100000.0
262,GMG0U2,"Thửa 693 - tờ 3 Đoàn Minh Triết, Xã Thái Mỹ, H.Củ Chi, TP.HCM",1830000.0,11.72,156143.34
263,UDK9NS,"Thửa 647 - tờ 26 Tỉnh Lộ 8, Xã Hòa Phú, H.Củ Chi, TP.HCM",2300000.0,18.18,126512.65
264,EJUS64,"Thửa 567 - tờ 15 Bùi Thị Lành, Xã Trung An, H.Củ Chi, TP.HCM",3800000.0,13.99,271622.59
265,9TU02P,"Thửa 569 - tờ 147 Trần Thị Bốc, Xã Đông Thạnh, H.Hóc Môn, TP.HCM",2360000.0,28.26,83510.26
266,1UQ926,"Thửa 696 - Tờ 161 đường số 415, Xã Phước Vĩnh An, H.Củ Chi, TP.HCM",2100000.0,22.38,93833.78
267,6SUP98,"Thửa 701 - Tờ 161 Tỉnh Lộ 2, Xã Phước Vĩnh An, H.Củ Chi, TP.HCM",3950000.0,27.03,146133.93
268,85QNC3,"Thửa 751 - Tờ 46 đường số 112, Xã Tân Thạnh Đông, H.Củ Chi, TP.HCM",2100000.0,17.45,120343.84
269,RPRK4J,"Thửa 751 - Tờ 19 Nguyễn Thị Dưỡng, Xã Tân Thạnh Đông, H.Củ Chi, TP.HCM",1650000.0,0.01,165000000.0
270,5YMFZ7,"Thửa 644 - Tờ 6 Lò Lu, P.Trường Thạnh, TP.Thủ Đức, TP.HCM",4000000.0,28.81,138840.68
271,WPVCWR,"Thửa 1109 - tờ 102 Quốc Lộ 1A, P.Thạnh Xuân, Q.12, TP.HCM",4700000.0,60.1,78203.0
272,0Z8E49,"Thửa 599 - tờ 102 Quốc Lộ 1A, P.Thạnh Xuân, Q.12, TP.HCM",3600000.0,56.78,63402.61
273,4G61TF,"75/56/10 Lý Thánh Tông, P.Tân Thới Hòa, Q.Tân Phú, TP.HCM",6000000.0,67.45,88954.78
274,WG3DKR,"Thửa 598 - tờ 147 Trương Thị Như, Xã Bà Điểm, H.Hóc Môn, TP.HCM",3500000.0,36.8,95108.7
275,87H2Q3,"Thửa 1002 - Tờ 18 Võ Thị Hồi, Xã Xuân Thới Đông, H.Hóc Môn, TP.HCM",4850000.0,53.65,90400.75
276,85ZVN3,"Thửa 314 - tờ 25 Hẻm Tân Xuân 5, Xã Tân Xuân, H.Hóc Môn, TP.HCM",3000000.0,41.03,73117.23
277,KF6NAC,"Thửa 605 - Tờ 36 An Nhơn Tây, Xã An Nhơn Tây, H.Củ Chi, TP.HCM",1350000.0,13.59,99337.75
278,J21HH0,"Thửa 560 - Tờ 14, hẻm 80 đường số 6, P.An Lạc A, Q.Bình Tân, TP.HCM",6500000.0,73.19,88809.95
279,2MQG8Z,"Thửa 655 - Tờ 71, 137/77/6D Phan Anh, P.Bình Trị Đông, Q.Bình Tân, TP.HCM",7200000.0,44.55,161616.16
280,85HU43,"Thửa 1600 - tờ 60 Huỳnh Thị Na, Xã Đông Thạnh, H.Hóc Môn, TP.HCM",3850000.0,28.2,136524.82
281,SDKCV5,"Thửa 1322 - Tờ 17 đường số 89, Xã Tân Phú Trung, H.Củ Chi, TP.HCM",1500000.0,17.38,86306.1
282,SDH075,"Thửa 706 - Tờ 44 đường số 114, Xã Tân Thạnh Đông, H.Củ Chi, TP.HCM",2500000.0,10.96,228102.19
283,0204X9,"Thửa 915 - Tờ 24 Nguyễn Thị Dưỡng, Xã Tân Thạnh Đông, H.Củ Chi, TP.HCM",4800000.0,10.65,450704.23
284,3YAS8Q,"Thửa 590 - Tờ 9 Tỉnh Lộ 2, Xã Tân An Hội, H.Củ Chi, TP.HCM",3400000.0,17.67,192416.53
285,3A3N2Q,"Thửa 638 - tờ 4 Tỉnh Lộ 7, Xã Trung Lập Hạ, H.Củ Chi, TP.HCM",1500000.0,12.77,117462.8
286,J24XK0,"Một phần nhà số 1/4L đường số 18B, P.Bình Hưng Hòa, Q.Bình Tân, TP.HCM",7100000.0,77.85,91201.03
287,J2H7N0,"Thửa 685 - Tờ 14 Nguyễn Văn Cự, P.Tân Tạo, Q.Bình Tân, TP.HCM",6500000.0,90.27,72006.2
288,KF62SC,"Thửa 603 - Tờ 36 An Nhơn Tây, Xã An Nhơn Tây, H.Củ Chi, TP.HCM",1700000.0,11.82,143824.03
289,40VA3F,"Thửa 628 - Tờ 8 Ba Sa, Xã Tân An Hội, H.Củ Chi, TP.HCM",2500000.0,14.95,167224.08
290,SDJRX5,"Thửa 874 - Tờ 29 đường số 460, Xã Trung An, H.Củ Chi, TP.HCM",2200000.0,14.7,149659.86
291,37HWYQ,"Thửa 702 - Tờ 4 Nguyễn Thị Ngâu, Xã Thới Tam Thôn, H.Hóc Môn, TP.HCM",8500000.0,49.01,173433.99
292,EJFF14,"Thửa 1113 - Tờ 88 Rạch Nguyễn Thị Nhuần, P.An Phú Đông, Q.12, TP.HCM",5600000.0,69.22,80901.47
293,2N42JZ,"Vườn Lài, P.An Phú Đông, Q.12, TP.HCM",22500000.0,64.97,346313.68
294,87HNA3,"Thửa 848 - tờ 7 đường số 27, Xã Tân Thông Hội, H.Củ Chi, TP.HCM",6600000.0,18.39,358890.7
295,5HSKE7,"Thửa 594 - Tờ 194 đường số 608, Xã Tân An Hội, H.Củ Chi, TP.HCM",1600000.0,8.68,184331.8
296,1U9RQ6,"Thửa 530 - tờ 2 Phạm Văn Chèo, TT.Củ Chi, H.Củ Chi, TP.HCM",3250000.0,23.27,139664.8
297,0ZY519,"Thửa 593 - Tờ 194 đường số 608, Xã Tân An Hội, H.Củ Chi, TP.HCM",1600000.0,7.6,210526.32
298,QA7JTU,"Thửa 719 - tờ 48 Nguyễn Thị Thử, Xã Xuân Thới Sơn, H.Hóc Môn, TP.HCM",3750000.0,40.23,93214.02
299,0ZPBZ9,"Thửa 848 - Tờ 46, hẻm 40 đường số 112, Xã Tân Thạnh Đông, H.Củ Chi, TP.HCM",3500000.0,11.38,307557.12
300,UDUKZS,"Thửa 44 - tờ 16 Lê Thị Bay, Xã Tân Thạnh Đông, H.Củ Chi, TP.HCM",5100000.0,11.38,448154.66
301,65XFF8,"931/23 (Thửa 716 - tờ 228) Hương Lộ 2, P.Bình Trị Đông, Q.Bình Tân, TP.HCM",5800000.0,86.69,66905.06
302,UY2RXS,"Thửa 604 - Tờ 36 An Nhơn Tây, Xã An Nhơn Tây, H.Củ Chi, TP.HCM",1300000.0,13.82,94066.57
303,WP1W9R,"Thửa 844 - tờ 45 Hương Lộ 2, P.Bình Trị Đông A, Q.Bình Tân, TP.HCM",6500000.0,85.07,76407.66
304,GXVXU2,"Thửa 620 - tờ 27 Nguyễn Kim Cương, Xã Tân Thạnh Đông, H.Củ Chi, TP.HCM",8700000.0,13.88,626801.15
305,87RX13,"Thửa 717 - tờ 33 Lê Thị Ngà, Xã Phước Vĩnh An, H.Củ Chi, TP.HCM",3600000.0,16.49,218314.13
306,6S9CT8,"Thửa 641 - tờ 5 Bến Kho Gạo, Xã Hòa Phú, H.Củ Chi, TP.HCM",1650000.0,19.27,85625.32
307,SDDB85,"Thửa 652 - tờ 3 Trần Văn Mười, Xã Xuân Thới Đông, H.Hóc Môn, TP.HCM",3450000.0,41.76,82614.94
308,DEB63H,"Thửa 702 - Tờ 161 Tỉnh Lộ 2, Xã Phước Vĩnh An, H.Củ Chi, TP.HCM",6000000.0,22.13,271125.17
309,QA5PDU,"Thửa 453 - Tờ 160, một phần nhà 92/14 đường số 10, P.Bình Hưng Hoà B, Q.Bình Tân, TP.HCM",4900000.0,53.78,91111.94
310,K49D6C,"Lê Đình Cẩn, P.Tân Tạo, Q.Bình Tân, TP.HCM",5000000.0,54.05,92506.94
311,0ZS5Q9,"Thửa 349 - Tờ 94, Một phần nhà 92/1/6 Nguyễn Sơn, P.Phú Thọ Hòa, Q.Tân Phú, TP.HCM",5700000.0,109.4,52102.38
312,5HPGY7,"Thửa 348 - Tờ 94, Một phần nhà 92/1/6 Nguyễn Sơn, P.Phú Thọ Hòa, Q.Tân Phú, TP.HCM",5350000.0,107.86,49601.34
313,2MUQKZ,"Thửa 638 - tờ 181 Ấp Đông 5, Xã Đông Thạnh, H.Hóc Môn, TP.HCM",5350000.0,65.8,81306.99
314,2M1MHZ,"Thửa 569 - tờ 14 Tỉnh Lộ 8, Xã Hòa Phú, H.Củ Chi, TP.HCM",10500000.0,25.31,414855.79
315,UDK82S,"Thửa 1051 - tờ 20 đường số 28, Xã Tân Thông Hội, H.Củ Chi, TP.HCM",2650000.0,32.96,80400.49
316,UY93MS,"Thửa 566 - tờ 37 Tân Hiệp 16, Xã Tân Hiệp, H.Hóc Môn, TP.HCM",1100000.0,12.5,88000.0
317,5HE4H7,"Thửa 570 - Tờ 89, Một phần nhà số 168/61 Chiến Lược, P.Bình Trị Đông, Q.Bình Tân, TP.HCM",5100000.0,63.9,79812.21
318,YBBK6D,"MPN 92/14 đường số 10, P.Bình Hưng Hoà B, Q.Bình Tân, TP.HCM",4900000.0,53.78,91111.94
319,QYC63U,"Thửa 662 - tờ 177 Ấp Đông 3, Xã Đông Thạnh, H.Hóc Môn, TP.HCM",3800000.0,36.32,104625.55
320,E0PUB4,"Thửa 556 - tờ 21 Nguyễn Thị Chuỗi, Xã Phước Thạnh, H.Củ Chi, TP.HCM",3200000.0,6.94,461095.1
321,5HKRE7,"Thửa 430 - Tờ 192, 55-57 Bình Long, P.Bình Trị Đông, Q.Bình Tân, TP.HCM",5800000.0,114.39,50703.73
322,6SXF48,"Thửa 695 - Tờ 2 Phạm Văn Đồng, P.11, Q.Bình Thạnh, TP.HCM",10150000.0,180.28,56301.31
323,SDUDS5,"Thửa 598 - Tờ 194 đường số 608, Xã Tân An Hội, H.Củ Chi, TP.HCM",2700000.0,3.42,789473.68
324,EJG264,"17  (Thửa 546 - Tờ 149) đường số 1A, P.Bình Hưng Hoà A, Q.Bình Tân, TP.HCM",6500000.0,71.9,90403.34
325,0ZT8Y9,"Thửa 429 - Tờ 192, một phần nhà số 55-57 Bình Long, P.Bình Trị Đông, Q.Bình Tân, TP.HCM",5800000.0,113.94,50903.98
326,J2Z650,"Thửa 428 - Tờ 192, một phần nhà số 55-57 Bình Long, P.Bình Trị Đông, Q.Bình Tân, TP.HCM",5800000.0,113.5,51101.32
327,RGTHAJ,"Thửa 538 + 539 + 540 - Tờ 41, 97/6 Trần Bá Giao, P.5, Q.Gò Vấp, TP.HCM",33000000.0,107.8,306122.45
328,5HANM7,"Thửa 944-Tờ 67 hẻm Đường TX 31, P.Thạnh Xuân, Q.12, TP.HCM",4550000.0,45.82,99301.62
329,0ZMGX9,"Thửa 629 - tờ 98 đường số 5A, P.Bình Hưng Hoà A, Q.Bình Tân, TP.HCM",5250000.0,82.8,63405.8
330,QA2CBU,"Thửa 570 - Tờ 6 Nguyễn Thị Ngâu, Xã Thới Tam Thôn, H.Hóc Môn, TP.HCM",4250000.0,18.11,234676.97
331,40XJ4F,"Thửa 545 - tờ 9 Lê Thị Kim, Xã Xuân Thới Sơn, H.Hóc Môn, TP.HCM",5550000.0,51.57,107620.71
332,1USKC6,"Thửa 427 - Tờ 192, một phần nhà số 55-57 Bình Long, P.Bình Trị Đông, Q.Bình Tân, TP.HCM",5800000.0,114.85,50500.65
333,KF09BC,"Thửa 527 - tờ 144 (MPN 24/11/2-24/11/2A) Bình Trị Đông, P.Bình Trị Đông, Q.Bình Tân, TP.HCM",4400000.0,78.29,56201.3
334,WG15HR,"Thửa 539 - tờ 50 đường số 488, Xã Phạm Văn Cội, H.Củ Chi, TP.HCM",3750000.0,15.88,236146.1
335,65SBS8,"Thửa 698 - tờ 31 Dương Công Khi, Xã Xuân Thới Thượng, H.Hóc Môn, TP.HCM",9500000.0,18.18,522552.26
336,2MDGTZ,"Thửa 1214 - Tờ 55 An Phú Đông 27, P.An Phú Đông, Q.12, TP.HCM",5700000.0,59.25,96202.53
337,9T7J0P,"Thửa 1215 - Tờ 55 An Phú Đông 27, P.An Phú Đông, Q.12, TP.HCM",5700000.0,60.12,94810.38
338,SHEXB5,"Thửa 1028 - Tờ 142 đường số 2, Xã Xuân Thới Đông, H.Hóc Môn, TP.HCM",5100000.0,55.55,91809.18
339,JZQU80,"Thửa 899 - tờ 14 đường số 59, P.14, Q.Gò Vấp, TP.HCM",4800000.0,87.11,55102.74
340,SDRK25,"MPN 1658/10 Tỉnh Lộ 10, P.Tân Tạo, Q.Bình Tân, TP.HCM",4800000.0,46.73,102717.74
341,2MS4GZ,"Thửa 14 - Tờ 8 Sông Lu 2, Xã Hòa Phú, H.Củ Chi, TP.HCM",24500000.0,8.11,3020961.78
342,DEPQXH,"Thửa 544 - tờ 9 Lê Thị Kim, Xã Xuân Thới Sơn, H.Hóc Môn, TP.HCM",6200000.0,57.51,107807.34
343,UYDQDS,"Thửa 854 - Tờ 104 Đông hưng thuận 02, P.Tân Hưng Thuận, Q.12, TP.HCM",4590000.0,79.13,58005.81
344,5HE127,"Thửa 695 - tờ 55 Đông Thạnh 7, Xã Đông Thạnh, H.Hóc Môn, TP.HCM",4880000.0,26.97,180941.79
345,85AGU3,"Thửa 215 - tờ 110 Trung Đông 2, Xã Đông Thạnh, H.Hóc Môn, TP.HCM",4130000.0,34.72,118951.61
346,5HE1T7,"Thửa 696 - tờ 55 Đông Thạnh 7, Xã Đông Thạnh, H.Hóc Môn, TP.HCM",4880000.0,26.82,181953.77
347,0ZZ8D9,"49/40/19/3 Trịnh Đình Trọng, P.Phú Trung, Q.Tân Phú, TP.HCM",7800000.0,68.84,113306.22
348,U7NYXS,"Thửa 426 - Tờ 1, đường số 33, P.10, Q.6, TP.HCM",11800000.0,159.45,74004.39
349,ACU2UY,"Thửa 550 - Tờ 81 (950/24A) Nguyễn Ảnh Thủ, Xã Thới Tam Thôn, H.Hóc Môn, TP.HCM",8400000.0,40.85,205630.35
350,AC38FY,"Thửa 1003 - Tờ 53 hẻm đường Vườn Lài, P.An Phú Đông, Q.12, TP.HCM",6500000.0,101.56,64001.58
351,CWH68B,"Thửa 698 - tờ 55 Đông Thạnh 7, Xã Đông Thạnh, H.Hóc Môn, TP.HCM",7400000.0,14.52,509641.87
352,7KJ6FA,"Thửa 561 - tờ 145 Võ Thị Hồi, Xã Xuân Thới Sơn, H.Hóc Môn, TP.HCM",7600000.0,82.51,92110.05
353,R2QH6J,"Thửa 648 - tờ 70 Hà Duy Phiên, Xã Bình Mỹ, H.Củ Chi, TP.HCM",2150000.0,21.47,100139.73
354,7KC24A,"Thửa 1275 Tờ 154 số 35, P.Hiệp Bình Chánh, TP.Thủ Đức, TP.HCM",7680000.0,82.05,93601.46
355,9Z91FP,"Thửa 534 - tờ 52 Tân Hoà Đông, P.Bình Trị Đông, Q.Bình Tân, TP.HCM",4650000.0,83.03,56003.85
356,8SB8Y3,"105 Đông Hưng Thuận 5, P.Đông Hưng Thuận, Q.12, TP.HCM",15500000.0,79.08,196004.05
357,WZ8N6R,"6 Số 06, P.Trường Thạnh, TP.Thủ Đức, TP.HCM",7000000.0,36.0,194444.44
358,CWZ52B,"Thửa 562 - tờ 145 Võ Thị Hồi, Xã Xuân Thới Sơn, H.Hóc Môn, TP.HCM",7600000.0,85.68,88702.15
359,KF2SZC,"Thửa 563 - tờ 145 Võ Thị Hồi, Xã Xuân Thới Sơn, H.Hóc Môn, TP.HCM",15500000.0,46.35,334412.08
360,W2T8KR,"đường số 5, P.Linh Xuân, TP.Thủ Đức, TP.HCM",3750000.0,48.26,77704.1
361,6S0F18,"MP Thửa 644 - tờ 116 Hương Lộ 60B, Xã Xuân Thới Sơn, H.Hóc Môn, TP.HCM",3350000.0,24.48,136846.41
362,0XS889,"158/7/27 Hẻm 158/7, P.14, Q.Bình Thạnh, TP.HCM",2510000.0,66.1,37972.77
363,9X68HP,"Thửa 1686 - tờ 129 Trần Thị Bốc, Xã Đông Thạnh, H.Hóc Môn, TP.HCM",3650000.0,32.76,111416.36
364,8AKK23,"Thửa 1688 - tờ 129 Trần Thị Bốc, Xã Đông Thạnh, H.Hóc Môn, TP.HCM",3650000.0,30.77,118622.03
365,SK4E65,"Thửa 950 - tờ 42 Tân Chánh Hiệp 7, P.Trung Mỹ Tây, Q.12, TP.HCM",4200000.0,58.9,71307.3
366,6SEVR8,"Thửa 1400 - Tờ 5 hẻm Đường Ba Sa, Xã Phước Hiệp, H.Củ Chi, TP.HCM",1300000.0,10.4,125000.0
367,A424DY,"2/50 Đướng Số 4, P.Tân Tạo A, Q.Bình Tân, TP.HCM",4630000.0,34.65,133621.93
368,EJ97F4,"28/4 đường số 10, P.Linh Trung, TP.Thủ Đức, TP.HCM",32000000.0,85.6,373831.78
369,SHDCQ5,"Thửa 1295 - tờ 72 Xuân Thới Thượng 4, Xã Bà Điểm, H.Hóc Môn, TP.HCM",3300000.0,31.22,105701.47
370,7KBQJA,"Thửa 1502 - tờ 17 Tân Thới Hiệp 14, P.Tân Thới Hiệp, Q.12, TP.HCM",5500000.0,69.62,79000.29
371,37UJWQ,"Thửa 1204-Tờ 55 hẻm Đường An Phú Đông 25, P.An Phú Đông, Q.12, TP.HCM",4700000.0,63.42,74109.11
372,3ADHUQ,"Thửa 789 - tờ 48 Vũ Trọng Phụng, Xã Xuân Thới Sơn, H.Hóc Môn, TP.HCM",3600000.0,44.94,80106.81
373,GMX6H2,"Thửa 1291 - tờ 72 Xuân Thới Thượng 4, Xã Bà Điểm, H.Hóc Môn, TP.HCM",3900000.0,28.03,139136.64
374,SUZW5Y,"Thửa 616 - Tờ 3, 55/9/8 Lò Lu, P.Trường Thạnh, TP.Thủ Đức, TP.HCM",5600000.0,70.0,80000.0
375,UK0F4S,"63/14 Lê Quang Định, P.14, Q.Bình Thạnh, TP.HCM",2320000.0,61.15,37939.49
376,DEQJ6H,"Thửa 542 - Tờ 90 đường số 17, P.Bình Chiểu, TP.Thủ Đức, TP.HCM",5280000.0,60.0,88000.0
377,GXVSC2,"Thửa 730 - Tờ 46 Lê Thị Bay, Xã Tân Thạnh Đông, H.Củ Chi, TP.HCM",1950000.0,22.67,86016.76
378,8554V3,"Thửa 849 - Tờ 34 Tỉnh Lộ 15, Xã Phú Hòa Đông, H.Củ Chi, TP.HCM",1800000.0,15.53,115904.7
379,85SGY3,"Thửa 698 - Tờ 161 Tỉnh Lộ 2, Xã Phước Vĩnh An, H.Củ Chi, TP.HCM",4100000.0,26.23,156309.57
380,RG0C4J,"Thửa 1020 - Tờ 41 Lê Thị Đảo, Xã Tân Thạnh Đông, H.Củ Chi, TP.HCM",2250000.0,19.11,117739.4
381,DC06ZH,"Thửa 747 - Tờ 32 Bến Đường Cát, Xã Tân Thạnh Đông, H.Củ Chi, TP.HCM",2200000.0,16.38,134310.13
382,3DRW6Q,"34/9/21 Quang Trung, P.08, Q.Gò Vấp, TP.HCM",9200000.0,81.12,113412.23
383,RGVY3J,"Thửa 574 - Tờ 8, hẻm 525/7 Lê Trọng Tấn, P.Sơn Kỳ, Q.Tân Phú, TP.HCM",5800000.0,96.66,60004.14
384,SDE6E5,"Thửa 661 - Tờ 126 Tỉnh Lộ 15, Xã Phú Hòa Đông, H.Củ Chi, TP.HCM",1290000.0,11.2,115178.57
385,0ZXBJ9,"Thửa 1280-2 - Tờ 94 đường số 6, P.Long Bình, TP.Thủ Đức, TP.HCM",3190000.0,63.16,50506.65
386,RGZZGJ,"Thửa 512 - Tờ 102 Nguyễn Thị Măng, Xã Thái Mỹ, H.Củ Chi, TP.HCM",3550000.0,3.36,1056547.62
387,377K7Q,"Thửa 769 - tờ 71 Thới Tam Thôn 17, Xã Thới Tam Thôn, H.Hóc Môn, TP.HCM",4100000.0,51.18,80109.42
388,2MX95Z,"Thửa 763 - Tờ 16 Lê Thị Sớm, Xã Phú Hòa Đông, H.Củ Chi, TP.HCM",1350000.0,10.31,130940.83
389,KFE6VC,"Thửa 904 - Tờ 8 Lê Thị Bay, Xã Tân Thạnh Đông, H.Củ Chi, TP.HCM",2500000.0,18.79,133049.49
390,DECM6H,"Thửa 738 - Tờ 16 Lê Thị Bay, Xã Tân Thạnh Đông, H.Củ Chi, TP.HCM",2650000.0,12.89,205585.73
391,5HYZ27,"Thửa 737 - Tờ 16 Lê Thị Bay, Xã Tân Thạnh Đông, H.Củ Chi, TP.HCM",2650000.0,12.76,207680.25
392,EJFD24,"Thửa 764 - Tờ 31 Nguyễn Kim Cương, Xã Tân Thạnh Đông, H.Củ Chi, TP.HCM",2200000.0,13.58,162002.95
393,YBH6GD,"Thửa 526 - Tờ 17 Lý Thị Chừng, Xã Phú Hòa Đông, H.Củ Chi, TP.HCM",2400000.0,9.93,241691.84
394,020EN9,"Thửa 662 - Tờ 126 Tỉnh Lộ 15, Xã Phú Hòa Đông, H.Củ Chi, TP.HCM",1290000.0,11.33,113857.02
395,SAUPB5,"23A8 Xô Viết Nghệ Tĩnh, P.25, Q.Bình Thạnh, TP.HCM",18000000.0,277.77,64801.81
396,C46WNB,"Thửa 619 - Tờ 19 TL 43, P.Bình Chiểu, TP.Thủ Đức, TP.HCM",6500000.0,45.1,144124.17
397,K0RP0C,"63/7 Thạnh Lộc 40, P.Thạnh Lộc, Q.12, TP.HCM",8400000.0,46.38,181112.55
398,5B9TW7,"427/16H Trần Xuân Soạn, P.Tân Hưng, Q.7, TP.HCM",8800000.0,104.01,84607.25
399,SDFTY5,"Thửa 765 - Tờ 6 Hồ Văn Tắng, Xã Tân Phú Trung, H.Củ Chi, TP.HCM",1900000.0,13.31,142749.81
400,9TM4TP,"Thửa 1280-3 - Tờ 94 đường số 6, P.Long Bình, TP.Thủ Đức, TP.HCM",3190000.0,63.29,50402.91
401,7KET4A,"Thửa 1280-1 - Tờ 94 đường số 6, P.Long Bình, TP.Thủ Đức, TP.HCM",3360000.0,63.03,53307.95
402,PNTHPG,"Thửa 1096 - Tờ 55 Nguyễn Thị Dưỡng, Xã Tân Thạnh Đông, H.Củ Chi, TP.HCM",1900000.0,21.27,89327.69
403,UY51NS,"Thửa 750 - Tờ 31 Nguyễn Kim Cương, Xã Tân Thạnh Đông, H.Củ Chi, TP.HCM",2200000.0,13.42,163934.43
404,SYSCU5,"Thửa 538 - Tờ 174, hẻm 204 Lê Trọng Tấn, P.Tây Thạnh, Q.Tân Phú, TP.HCM",3350000.0,72.35,46302.7
405,5Y9E87,"Thửa 663 - Tờ 16 đường Tỉnh Lộ 7, Xã Thái Mỹ, H.Củ Chi, TP.HCM",2900000.0,8.85,327683.62
406,QA893U,"Thửa 416 - Tờ 138, 1PN 98/2 Lạc Long Quân, P.10, Q.Tân Bình, TP.HCM",5200000.0,103.58,50202.74
407,3760PQ,"Thửa 415 - Tờ 138, 1PN 98/2 Lạc Long Quân, P.10, Q.Tân Bình, TP.HCM",4600000.0,98.5,46700.51
408,QA1KTU,"Thửa 1029 - Tờ 217, 413/74 Lê Văn Quới, P.Bình Hưng Hoà A, Q.Bình Tân, TP.HCM",8199999.999999999,118.32,69303.58
409,5HTW17,"Thửa 571 - Tờ 18 Nguyễn Thị Dòn, Xã Nhuận Đức, H.Củ Chi, TP.HCM",1450000.0,11.79,122985.58
410,A4GZPY,"66A Hẻm 64, P.Long Thạnh Mỹ, TP.Thủ Đức, TP.HCM",6400000.0,102.56,62402.5
411,DEA6AH,"Thửa 703 - Tờ 41 Xuân Thới Sơn 32, Xã Xuân Thới Sơn, H.Hóc Môn, TP.HCM",2550000.0,28.33,90010.59
412,PN4D6G,"Thửa 511 - Tờ 31 Bùi Thị Điệt, Xã Phạm Văn Cội, H.Củ Chi, TP.HCM",3500000.0,7.36,475543.48
413,5HWY17,"Thửa 587 - Tờ 58, 26/1 Trương Phước Phan, P.Bình Trị Đông, Q.Bình Tân, TP.HCM",5700000.0,84.82,67201.13
414,J21990,"Thửa 586 - Tờ 58, 26/1 Trương Phước Phan, P.Bình Trị Đông, Q.Bình Tân, TP.HCM",5700000.0,84.07,67800.64
415,9Z9F3P,"1B đường số 3, P.Linh Xuân, TP.Thủ Đức, TP.HCM",13500000.0,110.73,121918.18
416,6U6UV8,"Thửa 670 - tờ 14 Lê Văn Quới, P.Bình Trị Đông, Q.Bình Tân, TP.HCM",5350000.0,88.28,60602.63
417,SDUHU5,"Thửa 546 - tờ 33 Đỗ Văn Dậy 16, Xã Tân Hiệp, H.Hóc Môn, TP.HCM",4300000.0,26.51,162202.94
418,37YXWQ,"Thửa 527 - Tờ 51 Nguyễn Thị Hẹ, Xã Trung Lập Thượng, H.Củ Chi, TP.HCM",1890000.0,3.19,592476.49
419,QADMCU,"Thửa 526 - Tờ 51 Nguyễn Thị Hẹ, Xã Trung Lập Thượng, H.Củ Chi, TP.HCM",1770000.0,3.24,546296.3
420,PNMFZG,"Thửa 525 - Tờ 51 Nguyễn Thị Hẹ, Xã Trung Lập Thượng, H.Củ Chi, TP.HCM",1740000.0,3.24,537037.04
421,ACE8UY,"Thửa 524 - Tờ 51 Nguyễn Thị Hẹ, Xã Trung Lập Thượng, H.Củ Chi, TP.HCM",1700000.0,3.33,510510.51
422,4J40XF,"Thửa 672 - tờ 14 Lê Văn Quới, P.Bình Hưng Hòa, Q.Bình Tân, TP.HCM",5350000.0,90.37,59201.06
423,6U6S78,"Thửa 671 - tờ 14 Lê Văn Quới, P.Bình Trị Đông, Q.Bình Tân, TP.HCM",5350000.0,89.91,59503.95
424,6QN7S8,"Thửa 668 - Tờ 11 Thới Tam Thôn 9, Xã Thới Tam Thôn, H.Hóc Môn, TP.HCM",27000000.0,40.06,673989.02
425,ACN2EY,"Thửa 697 - Tờ 33 Nguyễn Thị Đăng, Xã Tân Thạnh Đông, H.Củ Chi, TP.HCM",2650000.0,25.52,103840.13
426,9TZZAP,"31/31A9 Huỳnh Thiện Lộc, P.Hòa Thạnh, Q.Tân Phú, TP.HCM",6700000.0,67.0,100000.0
427,2XBA5Z,"Thửa 623 - Tờ 300, 532/1/68 Kinh Dương Vương, P.Bình Trị Đông B, Q.Bình Tân, TP.HCM",5390000.0,57.7,93414.21
428,7DVW9A,"hẻm 58F Bưng Ông Thoàn, Phú Hữu, Q.9, TP.HCM",4900000.0,0.8,6125000.0
429,87SNB3,"Thửa 740 - Tờ 64 đường Tỉnh Lộ 15, Xã Tân Thạnh Đông, H.Củ Chi, TP.HCM",2300000.0,19.93,115403.91
430,PNMP1G,"Thửa 539 - Tờ 19, 661/11 (Số nhà cũ: 62B hẻm) Lũy Bán Bích, P.Phú Thạnh, Q.Tân Phú, TP.HCM",6800000.0,107.93,63003.8
431,1U5776,"Thửa 551 - Tờ 18, Một phần nhà 316/6 Hương Lộ 80, P.Bình Hưng Hoà B, Q.Bình Tân, TP.HCM",4800000.0,46.87,102410.92
432,DEBWJH,"31/31B3 Huỳnh Thiện Lộc, P.Hòa Thạnh, Q.Tân Phú, TP.HCM",6650000.0,69.34,95904.24
433,SDYYM5,"31/31B2 Huỳnh Thiện Lộc, P.Hòa Thạnh, Q.Tân Phú, TP.HCM",6650000.0,68.84,96600.81
434,85SSP3,"31/31B1 Huỳnh Thiện Lộc, P.Hòa Thạnh, Q.Tân Phú, TP.HCM",6800000.0,69.74,97505.02
435,0XSQQ9,"5 Thạch Lam, P.Phú Thạnh, Q.Tân Phú, TP.HCM",7100000.0,106.6,66604.13
436,5K2HM7,"Thửa 951 - tờ 35 Ngô Chí Quốc, P.Bình Chiểu, TP.Thủ Đức, TP.HCM",3600000.0,64.4,55900.62
437,9TM01P,"31/31B6 Huỳnh Thiện Lộc, P.Hòa Thạnh, Q.Tân Phú, TP.HCM",7150000.0,69.08,103503.18
438,EJPBP4,"31/31B5 Huỳnh Thiện Lộc, P.Hòa Thạnh, Q.Tân Phú, TP.HCM",7200000.0,68.05,105804.56
439,UYKQAS,"31/31B4 Huỳnh Thiện Lộc, P.Hòa Thạnh, Q.Tân Phú, TP.HCM",7300000.0,66.84,109216.04
440,85YNY3,"Thửa 1280-4 - Tờ 94 đường số 6, P.Long Bình, TP.Thủ Đức, TP.HCM",3570000.0,64.79,55101.1
441,37DNJQ,"Thửa 704 - Tờ 7, hẻm 255 Võ Văn Hát, P.Long Trường, TP.Thủ Đức, TP.HCM",40000000.0,37.2,1075268.82
442,7KEDZA,"Thửa 553 - Tờ 18, Một phần nhà 316/6 Hương Lộ 80, P.Bình Hưng Hoà B, Q.Bình Tân, TP.HCM",4600000.0,51.86,88700.35
443,YB4YND,"Thửa 552 - Tờ 18, Một phần nhà 316/6 Hương Lộ 80, P.Bình Hưng Hoà B, Q.Bình Tân, TP.HCM",4600000.0,50.88,90408.81
444,0Z2239,"23/25/1 Huỳnh Thiện Lộc, P.Hòa Thạnh, Q.Tân Phú, TP.HCM",6700000.0,67.54,99200.47
445,85PUU3,"Thửa 819 - Tờ 438, 881/9 Quốc lộ 1A, P.Bình Hưng Hoà A, Q.Bình Tân, TP.HCM",4350000.0,71.78,60601.84
446,ACGTRY,"Thửa 235 - Tờ 37 hẻm 247 Hà Huy Giáp, P.An Phú Đông, Q.12, TP.HCM",13600000.0,83.84,162213.74
447,QA730U,"Thửa 358 - Tờ 70, MPN 197/92 Thoại Ngọc Hầu, P.Phú Thạnh, Q.Tân Phú, TP.HCM",5090000.0,139.83,36401.34
448,PZU66G,"Thửa 412 - Tờ 21 đường Đặng Văn Sâm, P.2, Q.Tân Bình, TP.HCM",11600000.0,310.16,37400.05
449,RG1HQJ,"Thửa 306 - Tờ 58 hẻm Đường Trần Thị Trọng, P.15, Q.Tân Bình, TP.HCM",6000000.0,65.43,91701.05
450,UYCC3S,"Thửa 524 - Tờ 144, 24/11/2 Bình Trị Đông, P.Bình Trị Đông, Q.Bình Tân, TP.HCM",5400000.0,58.37,92513.28
451,E0FXK4,"56/38 Trần Bình Trọng, P.5, Q.Bình Thạnh, TP.HCM",7200000.0,137.66,52302.77
452,92JC1P,"Thửa 55 - tờ số 33, Xã Bình Mỹ, H.Củ Chi, TP.HCM",8500000.0,19.99,425212.61
453,DFN32H,"Thửa 312 - tờ 67 Hẻm 45 Thạnh Xuân 33, P.Thới An, Q.12, TP.HCM",7500000.0,37.38,200642.05
454,371SUQ,"Thửa 2608 - Tờ 47 hẻm đường Thẩm Thệ Hà, P.Đông Hưng Thuận, Q.12, TP.HCM",8199999.999999999,103.79,79005.68
455,SDCDX5,"Thửa 26 - Tờ 89, 328 + 314/1 + 326/1 Thoại Ngọc Hầu, P.Phú Thạnh, Q.Tân Phú, TP.HCM",26500000.0,94.1,281615.3
456,Y4U00D,"ấp cây trắc, Xã Phú Hòa Đông, H.Củ Chi, TP.HCM",3800000.0,7.5,506666.67
457,YBW6FD,"Thửa 215 - Tờ 18 Tân Hiệp 12-7, Xã Tân Hiệp, H.Hóc Môn, TP.HCM",2480000.0,33.74,73503.26
458,SD78G5,"Thửa 859 - Tờ 9 hẻm đường Lê Văn Khương, P.Hiệp Thành, Q.12, TP.HCM",4550000.0,76.34,59601.78
459,85UVE3,"Thửa 547 - Tờ 6 hẻm đường Trần Quang Đạo, Xã Bình Khánh, H.Cần Giờ, TP.HCM",1800000.0,14.51,124052.38
460,5HKZ97,"Thửa 566 - tờ 69 Đông Thạnh 8-1, Xã Đông Thạnh, H.Hóc Môn, TP.HCM",4390000.0,32.63,134538.77
461,5HJY17,"Thửa 461 - Tờ 34 hẻm Đường XXT 2, Xã Xuân Thới Thượng, H.Hóc Môn, TP.HCM",3150000.0,32.3,97523.22
462,5HKT27,"Thửa 712 - tờ 56 Đông Thạnh 8-1, Xã Đông Thạnh, H.Hóc Môn, TP.HCM",4800000.0,44.52,107816.71
463,CWR8TB,"Thửa 711- tờ 56 Đông Thạnh 8-1, Xã Đông Thạnh, H.Hóc Môn, TP.HCM",4800000.0,44.32,108303.25
464,WZ38SR,"306/20 Nguyễn Thái Sơn, P.05, Q.Gò Vấp, TP.HCM",7200000.0,94.86,75901.33
465,J2SQM0,"Thửa 641 - Tờ 1 Bờ Kênh Trung Đông 8, Xã Thới Tam Thôn, H.Hóc Môn, TP.HCM",1850000.0,9.32,198497.85
466,UA5H5S,"Thửa 912 - Tờ 69 đường số 36A Khu C, P.An Phú, TP.Thủ Đức, TP.HCM",60000000.0,300.0,200000.0
467,EJ7CS4,"Thửa 708 - tờ 190 Xuân Thới Thượng 9, Xã Bà Điểm, H.Hóc Môn, TP.HCM",3200000.0,37.86,84521.92
468,QADDZU,"MP 38/8 (Thửa 1003) Trần Thị Hè, khu phố 4, P.Hiệp Thành, Q.12, TP.HCM",5450000.0,84.36,64604.08
469,Q5MAPU,"201/5/1 Mã Lò, P.Bình Trị Đông A, Q.Bình Tân, TP.HCM",4500000.0,89.46,50301.81
470,EJ9914,"MP 38/8 (Thửa 1002) Trần Thị Hè, khu phố 4, P.Hiệp Thành, Q.12, TP.HCM",5450000.0,84.62,64405.58
471,2XQ28Z,"Thửa 849 - Tờ 18, Đường TL22, P.Thạnh Lộc, Q.12, TP.HCM",4800000.0,54.85,87511.39
472,ERZEJ4,"Thửa 972 - Tờ 14, Đường TL41, P.Thạnh Lộc, Q.12, TP.HCM",5700000.0,55.39,102906.66
473,8SKWZ3,"11 - 13 Nội Khu Mỹ Toàn 2, P.Tân Phong, Q.7, TP.HCM",60000000.0,270.27,222000.22
474,QAZ0YU,"Thửa 744 - Tờ 39 Liên khu 2-5, P.Bình Trị Đông, Q.Bình Tân, TP.HCM",10500000.0,92.42,113611.77
475,8U9EK3,"Thửa 882 - Tờ 11, Đường Thạnh Lộc 39, P.Thạnh Lộc, Q.12, TP.HCM",5450000.0,58.98,92404.2
476,DEBTXH,"Thửa 971-Tờ 21 Hẻm Đường Nguyễn Văn Tạo, Xã Long Thới, H.Nhà Bè, TP.HCM",5000000.0,50.55,98911.97
477,DEQPQH,"Thửa 835 - Tờ 49 hẻm đường Võ Thị Hồi, Xã Xuân Thới Sơn, H.Hóc Môn, TP.HCM",3400000.0,31.92,106516.29
478,GNH3X2,"Thửa 640 - Tờ 51, Đường Vườn Lài, P.An Phú Đông, Q.12, TP.HCM",5300000.0,106.0,50000.0
479,2XSPMZ,"Liên Khu 8-9, P.Bình Hưng Hoà A, Q.Bình Tân, TP.HCM",11900000.0,94.22,126300.15
480,AKN9HY,"MPN 1B Đường Phạm Quý Thích, P.Tân Quý, Q.Tân Phú, TP.HCM",5950000.0,155.75,38202.25
481,92DQ1P,"Thửa 879 - Tờ 11, Đường Thạnh Lộc 39, P.Thạnh Lộc, Q.12, TP.HCM",5450000.0,60.02,90803.07
482,W051TR,"Thửa 878 - Tờ 11, Đường Thạnh Lộc 39, P.Thạnh Lộc, Q.12, TP.HCM",5450000.0,60.35,90306.55
483,JP7F70,"Thửa 881 - Tờ 11, Đường Thạnh Lộc 39, P.Thạnh Lộc, Q.12, TP.HCM",5450000.0,59.3,91905.56
484,KFD13C,"Thửa 574 - Tờ 145 hẻm đường Nguyễn Văn Bứa, Xã Bà Điểm, H.Hóc Môn, TP.HCM",2700000.0,17.62,153234.96
485,SDGYF5,"Thửa 735 - Tờ 37 hẻm 2640 Huỳnh Tấn Phát, TT.Nhà Bè, H.Nhà Bè, TP.HCM",1880000.0,22.46,83704.36
486,KJH7KC,"võ văn hát, P.Long Trường, TP.Thủ Đức, TP.HCM",4400000.0,76.12,57803.47
487,EP1M64,"12/8 Lê Văn Thọ, P.14, Q.Gò Vấp, TP.HCM",8800000.0,83.8,105011.93
488,DCV8FH,"Lê Văn Sỹ, P.13, Q.Phú Nhuận, TP.HCM",7900000.0,123.63,63900.35
489,40UC8F,"Hẻm 2024 tỉnh lộ 8, Xã Bình Mỹ, H.Củ Chi, TP.HCM",12000000.0,11.91,1007556.68
490,8SH5E3,"Thửa 592 - tờ 44 Hẻm D31, Xã Hưng Long, H.Bình Chánh, TP.HCM",3050000.0,18.93,161119.92
491,40JUYF,"Thửa 596 - Tờ 119 hẻm đường Bùi Thị Lành, Xã Bình Mỹ, H.Củ Chi, TP.HCM",1800000.0,11.18,161001.79
492,Q5MA3U,"637/10/33/28E Hà Huy Giáp, P.Thạnh Xuân, Q.12, TP.HCM",5050000.0,37.71,133916.73
493,AKJCDY,"Thửa 716 - Tờ 27 Đường Lê Thị Riêng, P.Thới An, Q.12, TP.HCM",8000000.0,61.87,129303.38
494,8SYD03,"Thửa 563 - Tờ 43, đường Bàu Giã, Xã Phước Vĩnh An, H.Củ Chi, TP.HCM",2980000.0,26.53,112325.67
495,9T4D3P,"Thửa 617 - Tờ 48 hẻm đường Tỉnh Lộ 15, Xã Tân Thạnh Đông, H.Củ Chi, TP.HCM",3600000.0,11.05,325791.86
496,U7495S,"Đường số 6-8, TT.Hóc Môn, H.Hóc Môn, TP.HCM",2800000.0,45.16,62001.77
497,W9M2MR,"Thửa 1107 - Tờ 59, Quốc lộ 1A, P.An Phú Đông, Q.12, TP.HCM",4800000.0,44.28,108401.08
498,Q7BJVU,"Thửa 1105 - Tờ 59, Đường Quốc lộ 1A, P.An Phú Đông, Q.12, TP.HCM",4950000.0,44.11,112219.45
499,AKBU7Y,"Thửa 720 - Tờ 38, đường Hiệp Thành 43, P.Hiệp Thành, Q.12, TP.HCM",4950000.0,49.64,99717.97
500,UAVV4S,"Thửa 1501 - Tờ 21, Đường Thạnh Lộc 16, P.An Phú Đông, Q.12, TP.HCM",6200000.0,71.42,86810.42
501,YBFAZD,"Thửa 91 - Tờ 28 đường số 97, Ấp Giồng Sao, Xã Tân Phú Trung, H.Củ Chi, TP.HCM",6500000.0,18.35,354223.43
502,8S0E43,"Thửa 608 - Tờ 80 đường số 387, Xã Tân An Hội, H.Củ Chi, TP.HCM",1980000.0,12.16,162828.95
503,RPWN6J,"Thửa 693 - tờ 19 Tỉnh lộ 43, P.Bình Chiểu, TP.Thủ Đức, TP.HCM",3250000.0,37.52,86620.47
504,7KE64A,"Thửa 798 - Tờ 55 hẻm Bưng Ông Thoàn, P.Phú Hữu, TP.Thủ Đức, TP.HCM",10300000.0,65.94,156202.61
505,9Z1G1P,"Thửa 877 - tờ 15 Đường Hà Huy Giáp, P.Thạnh Xuân, Q.12, TP.HCM",39000000.0,39.05,998719.59
506,5DSER7,"Thửa 508 - tờ 22 Tỉnh lộ 43, P.Bình Chiểu, TP.Thủ Đức, TP.HCM",3200000.0,40.25,79503.11
507,4J9TXF,"Thửa 737 - tờ 63 ấp Tam Đông, Xã Thới Tam Thôn, H.Hóc Môn, TP.HCM",4200000.0,52.1,80614.2
508,1UD9W6,"Thửa 441 - Tờ 3 hẻm 1508 Đường Lê Văn Lương, Xã Nhơn Đức, H.Nhà Bè, TP.HCM",4500000.0,38.23,117708.61
509,2XEMTZ,"Thửa 564 - tờ 143 Đường TTT12, Xã Đông Thạnh, H.Hóc Môn, TP.HCM",4800000.0,51.94,92414.32
510,SSYV5Y,"Thửa 564 - Tờ 66, Đường Trình Thị Gắt, Xã Tân An Hội, H.Củ Chi, TP.HCM",1300000.0,12.89,100853.37
511,3STJZQ,"87/54 Quốc lộ 1, P.Hiệp Bình Phước, TP.Thủ Đức, TP.HCM",5800000.0,54.3,106814.0
512,PTRTCG,"Thửa 548 Tờ 12, Đường Thạnh Lộc 41, P.Thạnh Lộc, Q.12, TP.HCM",7950000.0,53.78,147824.47
513,5DE5V7,"Thửa 833 - tờ 27 Đường Vườn Lài, P.Thạnh Lộc, Q.12, TP.HCM",1800000.0,38.37,46911.65
514,JPJ910,"Thửa 805 - Tờ 27, đường Đỗ Hành, P.Trung Mỹ Tây, Q.12, TP.HCM",3350000.0,58.46,57304.14
515,SY4T75,"Thửa 46 - tờ 34 đường số 6, Xã Long Thới, H.Nhà Bè, TP.HCM",5200000.0,0.03,173333333.33
516,UAR0QS,"Thửa 700 - tờ 23 Đường Hà Duy Phiên, Xã Bình Mỹ, H.Củ Chi, TP.HCM",11000000.0,24.42,450450.45
517,SYT025,"Thửa 587 - Tờ 19 Đường Quách Điêu, Xã Vĩnh Lộc A, H.Bình Chánh, TP.HCM",14400000.0,28.48,505617.98
518,SYRKG5,"Thửa 577 - Tờ 61, Đường Phạm Văn Sáng, Xã Xuân Thới Thượng, H.Hóc Môn, TP.HCM",25000000.0,34.2,730994.15
519,8UTNJ3,"Thửa 413 - Tờ 66, hẻm 50 Hòa Bình, P.5, Q.11, TP.HCM",12070000.0,95.03,127012.52
520,PT3M6G,"Thửa 1101 - Tờ 59, Đường Quốc lộ 1A, P.An Phú Đông, Q.12, TP.HCM",3750000.0,42.13,89010.21
521,GNM5B2,"Thửa 1093 - Tờ 50, đường số 55, P.Tân Tạo, Q.Bình Tân, TP.HCM",8500000.0,85.0,100000.0
522,AH83EY,"Thửa 412 - Tờ 66, hẻm 50 Hòa Bình, P.5, Q.11, TP.HCM",10640000.0,95.42,111507.02
523,5DZJQ7,"Thửa 604 - Tờ 80 đường số 387, Xã Tân An Hội, H.Củ Chi, TP.HCM",1350000.0,12.14,111202.64
524,2XQYWZ,"Thửa 1103 - Tờ 59, Đường Quốc lộ 1A, P.An Phú Đông, Q.12, TP.HCM",3900000.0,44.11,88415.33
525,5DFPC7,"Thửa 1102 - Tờ 59, Đường Quốc lộ 1A, P.An Phú Đông, Q.12, TP.HCM",3750000.0,42.27,88715.4
526,SAV1X5,"Thửa 415 - Tờ 66, hẻm 50 Hòa Bình, P.5, Q.11, TP.HCM",18090000.0,90.26,200421.01
527,50RS7X,"Thửa 571 - Tờ 31, Đường Phạm Văn Cội, Xã Phạm Văn Cội, H.Củ Chi, TP.HCM",4000000.0,25.3,158102.77
528,1QRC16,"Thửa 603 - Tờ 80 đường số 387, Xã Tân An Hội, H.Củ Chi, TP.HCM",1350000.0,12.18,110837.44
529,5D0307,"Thửa 1788 - Tờ 22, Đường Thạnh Lộc 19, P.Thạnh Lộc, Q.12, TP.HCM",18500000.0,29.8,620805.37
530,7HWGQA,"Thửa 1106 - Tờ 59, Đường Quốc lộ 1A, P.An Phú Đông, Q.12, TP.HCM",4800000.0,43.51,110319.47
531,CF9EUB,"Thửa 607 - Tờ 7, Đường Sa Nhỏ, Xã Trung Lập Thượng, H.Củ Chi, TP.HCM",2550000.0,5.42,470479.7
532,2X8N5Z,"Thửa 95 - Tờ 20, đường số 30, Xã Tân Thông Hội, H.Củ Chi, TP.HCM",3850000.0,18.16,212004.41
533,CKXZBC,"Thửa 1004 - Tờ 24, Đường Lê Thị Riêng, P.Thới An, Q.12, TP.HCM",5600000.0,56.0,100000.0
534,ERXZN4,"Thửa 598 - Tờ 26, đường số 10, P.Tân Tạo, Q.Bình Tân, TP.HCM",5650000.0,56.5,100000.0
535,8SXQX3,"Thửa 1121 - Tờ 95, Đường Thạnh Xuân 21, P.Thạnh Xuân, Q.12, TP.HCM",4900000.0,76.8,63802.08
536,Q8ZQUQ,"Xô Viết Nghệ Tĩnh, P.28, Q.Bình Thạnh, TP.HCM",98000000.0,245.0,400000.0
537,9ZQHEP,"Thửa 614 - Tờ 102, Đường Nguyễn Thị Măng, Xã Thái Mỹ, H.Củ Chi, TP.HCM",2000000.0,2.3,869565.22
538,3SNXMQ,"Thửa 414 - Tờ 66, hẻm 50 Hòa Bình, P.5, Q.11, TP.HCM",14490000.0,90.16,160714.29
539,WPB3GR,"Thửa 579 - Tờ 1 hẻm số 2 đường Tô Ngọc Vân, P.15, Q.Gò Vấp, TP.HCM",3200000.0,56.33,56808.1
540,SYFD95,"Thửa 859 - tờ 19 Đường Hiệp Thành 17, P.Hiệp Thành, Q.12, TP.HCM",6500000.0,78.88,82403.65
541,WW9UR9,"Thửa 713 - Tờ 30, Đường Số 16, Xã Tân Thông Hội, H.Củ Chi, TP.HCM",5300000.0,16.08,329601.99
542,SYJP85,"Thửa 527 - Tờ 26, Đường Cây Trôm Mỹ Khánh, Xã Phước Hiệp, H.Củ Chi, TP.HCM",1700000.0,3.05,557377.05
543,AH9JBY,"22/4/9 Đường Số 61, P.Thảo Điền, TP.Thủ Đức, TP.HCM",13900000.0,114.59,121302.03
544,35JVKQ,"Thửa 688 - Tờ 195 Đường Nguyễn Thị Nhia, Xã Phước Hiệp, H.Củ Chi, TP.HCM",1600000.0,14.55,109965.64
545,W9355R,"Thửa 592 - Tờ 18, Đường Nguyễn Thị Dòn, Xã Nhuận Đức, H.Củ Chi, TP.HCM",1450000.0,10.94,132541.13
546,W0FU0R,"Thửa 539 - Tờ 34, đường Lê Trọng Tấn, P.Bình Hưng Hòa, Q.Bình Tân, TP.HCM",7200000.0,70.58,102011.9
547,SYP3A5,"Thửa 935 - Tờ 4 Đường Nguyễn Thị Thạo, Xã Phước Hiệp, H.Củ Chi, TP.HCM",1280000.0,10.61,120640.9
548,YCWBMD,"Thửa 664 - Tờ 10, Đường Đặng Thị Dợt, Xã Phước Vĩnh An, H.Củ Chi, TP.HCM",3680000.0,18.43,199674.44
549,AH7Z3Y,"Thửa 542 - Tờ 34, đường Lê Trọng Tấn, P.Bình Hưng Hòa, Q.Bình Tân, TP.HCM",7200000.0,68.63,104910.39
550,DC95VH,"Thửa 619 - Tờ 103, đường số 8, P.Linh Trung, TP.Thủ Đức, TP.HCM",22200000.0,99.86,222311.24
551,8UFV63,"Thửa 15 - Tờ 47, đường số 17, P.Linh Trung, TP.Thủ Đức, TP.HCM",52000000.0,64.98,800246.23
552,AHZSNY,"Thửa 610 - Tờ 52, đường Bùi Thị Điệt, Xã Nhuận Đức, H.Củ Chi, TP.HCM",1900000.0,5.47,347349.18
553,3SBJ5Q,"Thửa 809 - Tờ 16, đường Võ Thị Mận, Xã Trung An, H.Củ Chi, TP.HCM",2300000.0,26.55,86629.0
554,7HT0MA,"Thửa 562 - Tờ 121 Đường Tỉnh lộ 10, P.Bình Trị Đông B, Q.Bình Tân, TP.HCM",7350000.0,97.48,75400.08
555,C4UCRB,"Thửa 632 - Tờ 2, Đường Tỉnh lộ 10, P.Tân Tạo, Q.Bình Tân, TP.HCM",3500000.0,53.92,64910.98
556,7HVEJA,"Thửa 532 - tờ 19 Đường Lê Văn Quới, P.Bình Hưng Hoà A, Q.Bình Tân, TP.HCM",4450000.0,113.52,39200.14
557,6UEVD8,"Thửa 613 - Tờ 102, Đường Nguyễn Thị Măng, Xã Thái Mỹ, H.Củ Chi, TP.HCM",1800000.0,2.8,642857.14
558,7H9SRA,"Thửa 687 - Tờ 195, Đường Nguyễn Thị Nhia, Xã Phước Hiệp, H.Củ Chi, TP.HCM",1700000.0,11.61,146425.5
559,AKZUNY,"Thửa 657 - Tờ 16 Đường Lý Thị Chừng, Xã Phú Hòa Đông, H.Củ Chi, TP.HCM",1900000.0,18.3,103825.14
560,R9BZ8J,"Thửa 553 - Tờ 131, đường Tỉnh Lộ 10, P.Bình Trị Đông, Q.Bình Tân, TP.HCM",5350000.0,61.14,87504.09
561,AHF5QY,"47/68/46/20 Đường Trường Lưu, P.Long Trường, TP.Thủ Đức, TP.HCM",3800000.0,73.35,51806.41
562,Q70NJU,"Thửa 569 - tờ 121 Đường Phùng Tá Chu, P.An Lạc, Q.Bình Tân, TP.HCM",5450000.0,109.0,50000.0
563,1QFGK6,"Thửa 568 - tờ 121 Đường Phùng Tá Chu, P.An Lạc, Q.Bình Tân, TP.HCM",5450000.0,109.0,50000.0
564,PTV15G,"Thửa Số 2 - Tờ Số 20, 362 Ba Sa, Xã Trung Lập Hạ, H.Củ Chi, TP.HCM",2860000.0,24.46,116925.59
565,ERJMA4,"Thửa 700 - Tờ 37, 907/8A Hương Lộ 2, P.Bình Trị Đông A, Q.Bình Tân, TP.HCM",6700000.0,76.22,87903.44
566,0GJPQ9,"Thửa 601 - Tờ 27, hẻm 37 Hồ Văn Long, P.Bình Hưng Hoà B, Q.Bình Tân, TP.HCM",6250000.0,69.21,90304.87
567,6XNG8Y,"Thửa 488 - Tờ 10, Đường Đặng Thùy Trâm, P.13, Q.Bình Thạnh, TP.HCM",8700000.0,176.11,49400.94
568,13V876,"Thửa 638 - Tờ 27, hẻm 37 Hồ Văn Long, P.Bình Hưng Hoà B, Q.Bình Tân, TP.HCM",6250000.0,66.98,93311.44
569,5Y6UD7,"Thửa 1022 - Tờ 58, Hẻm 340 Long Phước, P.Long Phước, TP.Thủ Đức, TP.HCM",5500000.0,51.4,107003.89
570,SA2DE5,"Thửa 1001 - Tờ 34, Đường Ngô Chí Quốc, P.Bình Chiểu, TP.Thủ Đức, TP.HCM",3000000.0,56.6,53003.53
571,JRYR0D,"Thửa 51 - Tờ 41, Đường Trần Thị Rộng, Xã Nhuận Đức, H.Củ Chi, TP.HCM",9500000.0,0.11,86363636.36
572,SYP3D5,"Lô 2, đường Số 13, Khu Công Nghiệp Tân Bình, P.Tây Thạnh, Q.Tân Phú, TP.HCM",290000000.0,28.82,10062456.63
573,7KD0EA,"Thửa 1003 - Tờ 45 đường số 1, KDC Việt Nhân - Tín Hưng, P.Long Trường, TP.Thủ Đức, TP.HCM",3800000.0,67.85,56005.9
574,8SJ9G3,"Một phần thửa 298 - Tờ 76 Đường Kênh Trung Ương, Xã Vĩnh Lộc A, H.Bình Chánh, TP.HCM",7700000.0,0.06,128333333.33
575,UAZ9MS,"Một phần nhà 942/1/1A Đường Kha Vạn Cân, P.Trường Thọ, TP.Thủ Đức, TP.HCM",5300000.0,62.5,84800.0
576,YCRYGD,"Thửa 669 - Tờ 134, 138/40/26 Đường Nguyễn Duy Cung, P.12, Q.Gò Vấp, TP.HCM",5350000.0,96.05,55700.16
577,K4ZZKC,"Thửa 1052 - tờ 19 và Thửa 1053 - tờ 19 Đường Nguyễn Xiển, Trường Thạnh, Q.9, TP.HCM",139000000.0,60.96,2280183.73
578,6U3YY8,"Thửa 39 - Tờ 16, kế 541/1/4 Tỉnh lộ 10, P.Bình Trị Đông, Q.Bình Tân, TP.HCM",6500000.0,49.8,130522.09
579,PTAR4G,"Tổ 54 KP4 ( Thửa 1112 - tờ 31 ) Đường Phan Văn Hớn, P.Tân Thới Nhất, Q.12, TP.HCM",5300000.0,74.33,71303.65
580,9ZY81P,"Thửa 653 - Tờ 51, MPN 238/10-12 Đường Phú Thọ Hòa, P.Phú Thọ Hòa, Q.Tân Phú, TP.HCM",6500000.0,114.03,57002.54
581,7HNYFA,"Thửa 550 - tờ 15 ( 233/16 ) Đường Quốc Lộ 13 cũ, KP1, P.Hiệp Bình Phước, TP.Thủ Đức, TP.HCM",6250000.0,72.75,85910.65
582,CFGMFB,"Thửa 669 tờ 50, Một phần nhà số 647/1A Quốc lộ 13, P.Hiệp Bình Phước, TP.Thủ Đức, TP.HCM",6350000.0,95.48,66506.07
583,3D1V6Q,"đường lê thị hà (nay là đường ấp chánh 4), Xã Tân Xuân, H.Hóc Môn, TP.HCM",16500000.0,17.49,943396.23
584,3AD9HQ,"Lô 16 Khu A16 Thôn Chân Lầm, P.Dương Quan, TP.Thuỷ Nguyên, TP. Hải Phòng",3950000.0,65.83,60003.04
585,PN9THG,"Thửa 484A - Tờ 03 Thôn 8, Xã Liên Xuân, TP.Thuỷ Nguyên, TP. Hải Phòng",690.0,6.91,99.86
586,9TR69P,"Thửa 549 - tờ 3 Khu vực Thới Thuận, P.Thới An Đông, Q.Bình Thuỷ, TP. Cần Thơ",680.0,3.31,205.44
587,AB483Y,"Thửa 355 - Tờ 03 Thôn 5, P.Thuỷ Đường, TP.Thuỷ Nguyên, TP. Hải Phòng",3450000.0,32.79,105215.0
588,7CETFA,"Lô 07 Khu A14 Thôn Chân Lầm, P.Dương Quan, TP.Thuỷ Nguyên, TP. Hải Phòng",3650000.0,60.83,60003.29
589,65AJA8,"Thửa 5610 - Tờ 3 Thôn Công Đất, P.Hoa Động, TP.Thuỷ Nguyên, TP. Hải Phòng",2950000.0,36.87,80010.85
590,UYQYAS,"Thửa 621E - Tờ 01 Thôn 6, P.Trần Hưng Đạo, TP.Thuỷ Nguyên, TP. Hải Phòng",1080000.0,13.25,81509.43
591,7CEESA,"Thửa 359 - Tờ 120 số 7, P.Tân An, Q.Ninh Kiều, TP. Cần Thơ",3850000.0,38.5,100000.0
592,5EC387,"62 Bình Chuẩn 66, P.Bình Chuẩn, TX.Thuận An, Bình Dương",2150000.0,19.57,109862.03
593,5EC3Q7,"90/49 Đỗ Tấn Phong, P.Tân Đông Hiệp, TX.Dĩ An, Bình Dương",1510000.0,19.16,78810.02
594,P1SSDG,"72C Hoà bình, P.5, Q.11, TP.HCM",70000000.0,350.0,200000.0
595,SBY8N5,"442/119/64 QL1A, P.An Phú Đông, Q.12, TP.HCM",4900000.0,48.61,100802.3
596,0XSCC9,"Xã Tân Thạnh Tây, H.Củ Chi, TP.HCM",825.1,5.5,150.02
597,7BCFDA,"Thửa 659 - Tờ 58 An Hạ, Xã Phạm Văn Hai, H.Bình Chánh, TP.HCM",12000000.0,14.17,846859.56
598,KWZSZC,"Thửa 1350 - tờ 22 Thới An 16, P.Thới An, Q.12, TP.HCM",3950000.0,65.72,60103.47
599,7KS61A,"Thửa 808 - tờ 1 Trung An, Xã Trung An, H.Củ Chi, TP.HCM",4000000.0,10.59,377714.83
600,UCR6JS,"Thửa 1230 - tờ 97 HIệp Thành 45, P.Hiệp Thành, Q.12, TP.HCM",2950000.0,57.84,51002.77
601,QK4YHU,"1130 Thạnh xuân 52, P.Thạnh Xuân, Q.12, TP.HCM",25000000.0,32.59,767106.47
602,P139MG,"Thửa 601 - tờ 114 Đồng Tâm, Xã Tân Xuân, H.Hóc Môn, TP.HCM",3950000.0,31.6,125000.0
603,DRRAYH,"Thửa 866 - tờ 72 Thạnh Xuân 25, P.Thạnh Xuân, Q.12, TP.HCM",3950000.0,74.38,53105.67
604,K0WDYC,"Thửa 772 - tờ 66 Song Hành, Xã Tân Hiệp, H.Hóc Môn, TP.HCM",2950000.0,30.98,95222.72
605,JXGC20,"Thửa 746 - tờ 85 đường T12, Xã Tân Quý Tây, H.Bình Chánh, TP.HCM",2000000.0,14.12,141643.06
606,74HPJA,"Thửa 18 - tờ 23 Bến Than, Xã Bình Mỹ, H.Củ Chi, TP.HCM",20500000.0,6.27,3269537.48
607,KJYN3C,"Thửa 976 - tờ 33 Thạnh Lộc 16, P.Thạnh Lộc, Q.12, TP.HCM",3950000.0,53.23,74206.27
608,26KDBZ,"Thửa 559 - Tờ 19 Tân Hoà 2, Hiệp Phú, Q.9, TP.HCM",8000000.0,73.39,109006.68
609,26Y8AZ,"144/48 Đề Thám, P.Cầu Ông Lãnh, Q.1, TP.HCM",8000000.0,202.53,39500.32
610,C0X8JB,"67 TL 50, P.Thạnh Lộc, Q.12, TP.HCM",7500000.0,52.66,142423.09
611,UKWE3S,"38 Nguyễn Xí, P.26, Q.Bình Thạnh, TP.HCM",130000000.0,160.13,811840.38
612,3YV63Q,"Thửa 513 - Tờ 60 Võ Chí Công, Phú Hữu, Q.9, TP.HCM",23000000.0,37.39,615137.74
613,SK2W25,"275/21/30 Quang Trung, P.10, Q.Gò Vấp, TP.HCM",5000000.0,93.98,53202.81
614,E9ZJN4,"Thửa 544 - tờ 182 Nguyễn Kiệm, P.3, Q.Gò Vấp, TP.HCM",7000000.0,140.28,49900.2
615,KR0PFC,"Hẻm 306/38 Vườn Lài, P.An Phú Đông, Q.12, TP.HCM",22500000.0,38.09,590706.22
616,UHKX0S,"Thửa 311 - Tờ 145 Duyên Hải, Xã Long Hòa, H.Cần Giờ, TP.HCM",13000000.0,19.86,654582.07
617,3YYZ0Q,"Thửa 510 - Tờ 18 Bà Thiên, Xã Nhuận Đức, H.Củ Chi, TP.HCM",10000000.0,4.76,2100840.34
618,9N9UGP,"Thửa 567 - Tờ 68 Thạnh Xuân 33, P.Thạnh Xuân, Q.12, TP.HCM",6000000.0,32.8,182926.83
619,7CSYQA,"Thửa 816 - tờ 63 Bến Than, Xã Tân Thạnh Đông, H.Củ Chi, TP.HCM",2600000.0,20.6,126213.59
620,5K3T87,"17/17 và 17/19 đường TX 14, P.Thạnh Xuân, Q.12, TP.HCM",15000000.0,46.29,324044.07
621,9NWV9P,"Thửa 19 - tờ 17 Bàu Lách, Xã Phạm Văn Cội, H.Củ Chi, TP.HCM",11000000.0,5.79,1899827.29
622,652N18,"Thửa 343 - tờ 17 đường 464, Xã Trung An, H.Củ Chi, TP.HCM",9000000.0,4.16,2163461.54
623,6545R8,"Thửa 661 - tờ 33 Trung An, Xã Phú Hòa Đông, H.Củ Chi, TP.HCM",3200000.0,17.6,181818.18
624,1SC0E6,"Thửa 656 - tờ 8 Thái Mỹ, Xã Thái Mỹ, H.Củ Chi, TP.HCM",850.0,0.67,1268.66
625,3A4PDQ,"Thửa 551 - tờ 87 đường 682, Xã Thái Mỹ, H.Củ Chi, TP.HCM",900.0,6.0,150.0
626,QYF7SU,"Thửa 913 - Tờ 48 đường 339, Phước Long B, Q.9, TP.HCM",6100000.0,104.81,58200.55
627,CR9D8B,"Thửa 2010 - Tờ 3 đường TL50, P.Thạnh Lộc, Q.12, TP.HCM",3700000.0,18.5,200000.0
628,QYAN3U,"Thửa 609 - tờ 11 Bến Than, Xã Hòa Phú, H.Củ Chi, TP.HCM",2300000.0,18.19,126443.1
629,5KA8U7,"Thửa 735 - tờ 26 Trung Lập, Xã Trung Lập Thượng, H.Củ Chi, TP.HCM",980.0,9.5,103.16
630,6SV1U8,"Thửa 152 - tờ 24 Trung An, Xã Trung An, H.Củ Chi, TP.HCM",5600000.0,10.96,510948.91
631,7KSGPA,"Thửa 119 - tờ 43 Bình Mỹ, Xã Bình Mỹ, H.Củ Chi, TP.HCM",3000000.0,11.91,251889.17
632,ACUPUY,"Thửa 818 - tờ 41 Thạnh Xuân 24, P.Thạnh Xuân, Q.12, TP.HCM",4990000.0,58.02,86004.83
633,85MHU3,"MP 91/2A ( Thửa 1914 - tờ 22) Thới An 18, P.Thới An, Q.12, TP.HCM",6850000.0,52.29,131000.19
634,QA0VGU,"Thửa 602 - tờ 11 đường 493, Xã Tân An Hội, H.Củ Chi, TP.HCM",2000000.0,16.82,118906.06
635,1U4BU6,"đường số 63, An Phú, Q.2, TP.HCM",45000000.0,249.03,180701.12
636,6S4MF8,"Thửa 268 - tờ 28 Phước Thạnh, Xã Phước Thạnh, H.Củ Chi, TP.HCM",6990000.0,3.4,2055882.35
637,KFN6WC,"Thửa 543 - Tờ 43 Khu phố 4, P.Hiệp Thành, Q.12, TP.HCM",9000000.0,26.32,341945.29
638,QAW6XU,"Thạnh Xuân 52, P.Thạnh Xuân, Q.12, TP.HCM",3950000.0,64.96,60806.65
639,7K96YA,"Thửa 627 - tờ 24 Bà Thiên, Xã Nhuận Đức, H.Củ Chi, TP.HCM",2030000.0,3.67,553133.51
640,YBGP8D,"Thạnh Xuân 52, P.Thạnh Xuân, Q.12, TP.HCM",2950000.0,48.12,61305.07
641,SDWVK5,"Thửa 578 - tờ 11 Trung An, Xã Trung An, H.Củ Chi, TP.HCM",2600000.0,13.66,190336.75
642,KFP5XC,"Thửa 538 - tờ 30 đường 374, Xã Tân An Hội, H.Củ Chi, TP.HCM",2000000.0,7.14,280112.04
643,J2M8Q0,"310/41 Bùi Công Trừng, P.Thạnh Xuân, Q.12, TP.HCM",4980000.0,52.09,95603.76
644,QAHMKU,"Thửa 170 - tờ 31 Giồng Cát, Xã Tân Phú Trung, H.Củ Chi, TP.HCM",2000000.0,14.69,136147.04
645,DEWQ8H,"Thửa 621 - tờ 16 Kênh Đông, Xã Phước Thạnh, H.Củ Chi, TP.HCM",4000000.0,3.95,1012658.23
646,85AQ43,"Thửa 1017 - tờ 27 Bến Than, Xã Hòa Phú, H.Củ Chi, TP.HCM",5900000.0,23.13,255079.98
647,DE455H,"Thửa 639 - tờ 40 Phan Thị So, Xã Phước Vĩnh An, H.Củ Chi, TP.HCM",7000000.0,7.32,956284.15
648,UYDWDS,"Thửa 1546 - tờ 59 Thạnh Xuân 52, P.Thạnh Xuân, Q.12, TP.HCM",2950000.0,59.0,50000.0
649,6S5BQ8,"Thửa 1547 - tờ 59 Thạnh Xuân 52, P.Thạnh Xuân, Q.12, TP.HCM",2950000.0,59.0,50000.0
650,5HH4C7,"Thửa 712 - tờ 47 Bến Than, Xã Tân Thạnh Đông, H.Củ Chi, TP.HCM",1650000.0,13.31,123966.94
651,7KHMPA,"Thửa 651 - tờ 66 Gốc Rưng, Xã An Nhơn Tây, H.Củ Chi, TP.HCM",680.0,1.34,507.46
652,KF48VC,"Thửa 142 - tờ 2 Trung An, Xã Trung An, H.Củ Chi, TP.HCM",7500000.0,8.7,862068.97
653,6SQ008,"Thửa 932 - tờ 74 đường 25, Xã Tân Thông Hội, H.Củ Chi, TP.HCM",3000000.0,23.79,126103.4
654,0ZP4N9,"Thửa 737 - tờ 20 Bà Thiên, Xã Nhuận Đức, H.Củ Chi, TP.HCM",950.0,9.58,99.16
655,WPJKNR,"Thửa 542 - tờ 49 đường 490, Xã Phạm Văn Cội, H.Củ Chi, TP.HCM",3000000.0,11.07,271002.71
656,40WZ6F,"Thửa 734 - tờ 46 đường 122, Xã Tân Thạnh Đông, H.Củ Chi, TP.HCM",2000000.0,13.78,145137.88
657,37UHYQ,"131/6/1/20 Tây Lân, P.Bình Trị Đông A, Q.Bình Tân, TP.HCM",4000000.0,63.49,63002.05
658,UA3RWS,"Thửa 705 - tờ 97 đường 175, Tăng Nhơn Phú A, Q.9, TP.HCM",6600000.0,100.6,65606.36
659,1QXJX6,"Nguyễn Ảnh Thủ, P.Tân Chánh Hiệp, Q.12, TP.HCM",8000000.0,55.17,145006.34
660,Q7PTFU,"Số 117 ( Thửa 931 - tờ 210 ) đường số 5, P.7, Q.8, TP.HCM",8000000.0,60.6,132013.2
661,1AHNT6,"Thửa 533 - tờ số 46 Quốc Lộ 22, Xã Tân Hiệp, H.Hóc Môn, TP.HCM",40000000.0,10.63,3762935.09
662,UCYVDS,"Thửa 608 - tờ 112 Mỹ Huề, Xã Trung Chánh, H.Hóc Môn, TP.HCM",3500000.0,38.93,89904.96
663,AFC8AY,"Thửa 609 - tờ 112 Mỹ Huề, Xã Trung Chánh, H.Hóc Môn, TP.HCM",3500000.0,39.77,88006.03
664,74KYSA,"Thửa 943 - tờ 74 Liêu Bình Hương, Xã Tân Thông Hội, H.Củ Chi, TP.HCM",2050000.0,18.99,107951.55
665,74HGEA,"Thửa 40 - Tờ 15 Hà Huy Giáp, P.Thạnh Xuân, Q.12, TP.HCM",22800000.0,1.14,20000000.0
666,42RTUF,"42A Trần Huy Liệu, P.11, Q.Phú Nhuận, TP.HCM",160000000.0,164.54,972407.93
667,UC5DDS,"Thửa 10 - tờ 24 Tỉnh Lộ 8, Xã Hòa Phú, H.Củ Chi, TP.HCM",13000000.0,13.88,936599.42
668,5B5SD7,"Thửa 1105 - tờ 56 Võ Thị Thừa, P.An Phú Đông, Q.12, TP.HCM",3300000.0,62.85,52505.97
669,7E7UVA,"Thửa 1106 - tờ 56 Võ Thị Thừa, P.An Phú Đông, Q.12, TP.HCM",3300000.0,62.73,52606.41
670,UK8GDS,"TK46/7 (Thửa 192 - tờ 12) Võ Văn Kiệt, P.Cầu Kho, Q.1, TP.HCM",8950000.0,237.4,37700.08
671,3DV8AQ,"Thửa 750 - Tờ 10 đường 460, Xã Trung An, H.Củ Chi, TP.HCM",2500000.0,19.31,129466.6
672,6AXV68,"Thửa 749 - Tờ 10 đường 460, Xã Trung An, H.Củ Chi, TP.HCM",2500000.0,19.29,129600.83
673,7EQCFA,"Thửa 850 - tờ 10 ấp 6, Xã Tân Thạnh Đông, H.Củ Chi, TP.HCM",2400000.0,22.66,105913.5
674,17NQF6,"Thửa 352 - tờ 269 Phan Huy Ích, P.14, Q.Gò Vấp, TP.HCM",8000000.0,123.07,65003.66
675,JN4PY0,"Thửa 351 - tờ 269 Phan Huy Ích, P.14, Q.Gò Vấp, TP.HCM",8000000.0,123.07,65003.66
676,DW32YH,"Thửa 1286 - Tờ 73 Thạnh Xuân 25, P.Thạnh Xuân, Q.12, TP.HCM",4690000.0,58.62,80006.82
677,7E19MA,"317/20 Thống Nhất, P.11, Q.Gò Vấp, TP.HCM",5850000.0,133.25,43902.44
678,5BVK27,"Thửa 1503 - tờ 33 Thạnh Lộc 16, P.An Phú Đông, Q.12, TP.HCM",3600000.0,50.84,70810.39
679,5BMAG7,"Thửa 990 - Tờ 4 Thạnh Lộc 47, P.Thạnh Lộc, Q.12, TP.HCM",3200000.0,45.07,71000.67
680,4G54SF,"Thửa 913 - tờ 62 Thạnh Xuân 43, P.Thạnh Xuân, Q.12, TP.HCM",4250000.0,56.06,75811.63
681,1791R6,"Thửa 912 - tờ 62 Thạnh Xuân 43, P.Thạnh Xuân, Q.12, TP.HCM",4150000.000000001,66.08,62802.66
682,YF1YED,"Thửa 911 - tờ 62 Thạnh Xuân 43, P.Thạnh Xuân, Q.12, TP.HCM",4550000.0,57.74,78801.52
683,3D2DPQ,"Thửa 1073 - Tờ 3 Quốc Lộ 1A, P.An Phú Đông, Q.12, TP.HCM",3900000.0,45.34,86016.76
684,26ENXZ,"Thửa 1105 - Tờ 75 Võ Thị Liễu, P.An Phú Đông, Q.12, TP.HCM",4500000.0,80.35,56004.98
685,A4220Y,"2/29 Tổ 4 - KP1, P.Thạnh Lộc, Q.12, TP.HCM",5400000.0,54.76,98612.13
686,C0MMEB,"376 Tổ 6, Xã An Nhơn Tây, H.Củ Chi, TP.HCM",2200000.0,6.03,364842.45
687,UK0RWS,"104 Trang Tử, P.02, Q.6, TP.HCM",2800000.0,31.12,89974.29
688,JNU360,"46 Trần Thị Năm, P.Tân Chánh Hiệp, Q.12, TP.HCM",7300000.0,56.06,130217.62
689,3DR43Q,"5G Hẻm 6, Xã Thới Tam Thôn, H.Hóc Môn, TP.HCM",7400000.0,40.0,185000.0
690,KJN60C,"17/9 TL 44, P.Thạnh Lộc, Q.12, TP.HCM",5900000.0,43.06,137018.11
691,PV53SG,"98 ấp 2, Xã Long Thới, H.Nhà Bè, TP.HCM",2700000.0,19.25,140259.74
692,5BR567,"Thửa 569 - Tờ 67 Thạnh Xuân 13, P.Thạnh Xuân, Q.12, TP.HCM",4400000.0,40.0,110000.0
693,A40UUY,"Thửa 910 - Tờ 110 Thạnh Xuân 14, P.Thới An, Q.12, TP.HCM",3600000.0,34.28,105017.5
694,7ERXHA,"Thửa 624 - Tờ 37 An Phú Đông 3, P.An Phú Đông, Q.12, TP.HCM",2700000.0,24.32,111019.74
695,3DY6XQ,"24 Long Thuận, Trường Thạnh, Q.9 cũ, TP.HCM",4200000.0,52.5,80000.0
696,UKH3XS,"6 Rừng Sác, Xã Bình Khánh, H.Cần Giờ, TP.HCM",2500000.0,27.77,90025.21
697,5BKRW7,"Thạnh Lộc 16, P.Thạnh Lộc, Q.12, TP.HCM",1700000.0,36.17,47000.28
698,QH723U,"Thửa 970 - Tờ 8 Bưng Tràm, Xã Tân Thạnh Tây, H.Củ Chi, TP.HCM",1150000.0,1.76,653409.09
699,6A3Z98,"Thửa 554 - Tờ 7 Thạnh Lộ 40, P.Thạnh Lộc, Q.12, TP.HCM",4250000.0,55.55,76507.65
700,7B5MMA,"Thửa 720 - Tờ 22 Trung Lập, Xã Trung Lập Thượng, H.Củ Chi, TP.HCM",1950000.0,11.94,163316.58
701,SKUNP5,"Thửa 721 - Tờ 22 Trung Lập, Xã Trung Lập Thượng, H.Củ Chi, TP.HCM",1950000.0,11.78,165534.8
702,W2FAXR,"Thửa 722 - Tờ 22 Trung Lập, Xã Trung Lập Thượng, H.Củ Chi, TP.HCM",1950000.0,11.25,173333.33
703,DFY28H,"379/76 Thống Nhất, P.11, Q.Gò Vấp, TP.HCM",6800000.0,109.5,62100.46
704,DF73CH,"Thửa 738 - Tờ 20 Đông Thạnh 3, Xã Đông Thạnh, H.Hóc Môn, TP.HCM",1990000.0,24.81,80209.59
705,W2B7VR,"Nguyễn Oanh, P.17, Q.Gò Vấp, TP.HCM",25000000.0,117.64,212512.75
706,8APCE3,"D8, P.Thuận Giao, TP.Thuận An, TP.HCM",11370000.0,34.27,331777.06
707,9XDYYP,"đường 6D, Xã Vĩnh Lộc B, H.Bình Chánh, TP.HCM",19500000.0,22.26,876010.78
708,UH2D9S,"110 TL 37, Thạnh Lộc, Q.12, TP.HCM",3850000.0,74.03,52005.94
709,QD06NU,"Thửa 633-1 - tờ 12 Hiệp Thành 13, P.Hiệp Thành, Q.12, TP.HCM",4390000.0,51.34,85508.38
710,8AR2X3,"Quách Điêu, Xã Vĩnh Lộc A, H.Bình Chánh, TP.HCM",12600000.0,28.0,450000.0
711,QDR8VU,"Thạnh Xuân 24, P.Thạnh Xuân, Q.12, TP.HCM",3300000.0,37.33,88400.75
712,GV6EP2,"Một phần số 219/16 đường Tô Ngọc Vân, P.Thạnh Xuân, Q.12, TP.HCM",4980000.0,47.56,104709.84
713,CJ93TB,"Thửa 614 - tờ 77 Quốc Lộ 1A, P.An Phú Đông, Q.12, TP.HCM",3100000.0,59.04,52506.78
714,7BEDNA,"Thửa 1194 - Tờ 23 Thạnh Xuân 33, P.Thạnh Xuân, Q.12, TP.HCM",4850000.0,39.2,123724.49
715,21MCVZ,"Thửa 790 - Tờ 6 Võ Văn Hát, Long Trường, Q.9, TP.HCM",16250000.0,65.81,246922.96
716,4P0QYF,"Thửa 28 - tờ 7 Nguyễn Văn Khạ, Xã Tân An Hội, H.Củ Chi, TP.HCM",4000000.0,9.75,410256.41
717,1S1JN6,"Thửa 621 - Tờ 68 An Nhơn Tây, Xã An Nhơn Tây, H.Củ Chi, TP.HCM",1700000.0,7.21,235783.63
718,JZJZ50,"Thửa 704 - tờ 27 đường 65, Xã Tân Phú Trung, H.Củ Chi, TP.HCM",8700000.0,12.47,697674.42
719,0TJJQ9,"Một phần nhà số 17B (Thửa 547 - Tờ 149) đường số 1A, P.Bình Hưng Hoà A, Q.Bình Tân, TP.HCM",7000000.0,78.47,89206.07
720,49B2UF,"Thửa 1372 - tờ 12 Thạnh Lộc 39, P.Thạnh Lộc, Q.12, TP.HCM",13800000.0,37.57,367314.35
721,1SM546,"Thửa 853 - Tờ 9 Thạnh Xuân 52, P.Thạnh Xuân, Q.12, TP.HCM",1250000.0,16.49,75803.52
722,7CQWBA,"Thửa 1398 - tờ 5 Trung Lập, Xã Trung Lập Hạ, H.Củ Chi, TP.HCM",1600000.0,1.99,804020.1
723,7CQFRA,"Thửa 709 - tờ 74 Nhuận Đức, Xã Nhuận Đức, H.Củ Chi, TP.HCM",2400000.0,15.05,159468.44
724,WGBTFR,"Thửa 151 - tờ 16 Trung Lập, Xã Trung Lập Thượng, H.Củ Chi, TP.HCM",4600000.0,3.17,1451104.1
725,UDVJ2S,"Thửa 670 - Tờ 67 đường số 1, Xã Vĩnh Lộc A, H.Bình Chánh, TP.HCM",6000000.0,48.97,122523.99
726,9NH0RP,"đường Giồng Cát, Xã Tân Phú Trung, H.Củ Chi, TP.HCM",680.0,3.79,179.42
727,UDP9FS,"Thửa 689 - tờ 19 đường 416, Xã Phước Vĩnh An, H.Củ Chi, TP.HCM",2900000.0,14.5,200000.0
728,R2UXFJ,"Thửa 915 - tờ 28 Tỉnh Lộ 8, Xã Hòa Phú, H.Củ Chi, TP.HCM",2050000.0,20.13,101838.05
729,KWNPYC,"Thửa 355 - tờ 9 Tỉnh Lộ 15, Xã Phú Mỹ Hưng, H.Củ Chi, TP.HCM",13000000.0,3.02,4304635.76
730,SH0HP5,"Thửa 1030 - Tờ 142 Kênh Tiêu, Xã Xuân Thới Thượng, H.Hóc Môn, TP.HCM",4900000.0,52.74,92908.61
731,E0V0P4,"Thửa 1031 - Tờ 142 Kênh Tiêu, Xã Xuân Thới Thượng, H.Hóc Môn, TP.HCM",6200000.0,60.37,102700.02
732,65B9K8,"Thửa 688 - tờ 21 An Nhơn Tây, Xã An Nhơn Tây, H.Củ Chi, TP.HCM",2100000.0,11.38,184534.27
733,87EEG3,"Thửa 564 - tờ 3 Tân An Hội, Xã Tân An Hội, H.Củ Chi, TP.HCM",2550000.0,10.42,244721.69
734,D4PYQH,"Thửa 793 - Tờ 32 đường 409, Xã Phước Vĩnh An, H.Củ Chi, TP.HCM",1850000.0,20.5,90243.9
735,QYC0PU,"Thửa 517 - Tờ 28 đường số 17, Bình Trưng Đông, Q.2, TP.HCM",13800000.0,164.09,84100.19
736,UDKZFS,"Thửa 601 - Tờ 2 đường 500, Xã Phạm Văn Cội, H.Củ Chi, TP.HCM",2200000.0,6.77,324963.07
737,7CBJHA,"Thửa 894 - tờ 51 Hà Duy Phiên, Xã Bình Mỹ, H.Củ Chi, TP.HCM",2050000.0,19.05,107611.55
738,QYDS9U,"Thửa 702 - tờ 4 đường Võ Thị Thừa, P.An Phú Đông, Q.12, TP.HCM",2950000.0,54.62,54009.52
739,QYA21U,"đường Vườn Thơm, Xã Bình Lợi, H.Bình Chánh, TP.HCM",7000000.0,24.66,283860.5
740,7CD69A,"Thửa 809 - tờ 29 Suối Lội, Xã Tân Thông Hội, H.Củ Chi, TP.HCM",6900000.0,25.42,271439.81
741,3AS78Q,"Thửa 702 - tờ 7 đường số 25, Xã Tân Thông Hội, H.Củ Chi, TP.HCM",20000000.0,15.89,1258653.24
742,SH73N5,"Thửa 716 - tờ 156 Suối Lội, Xã Phước Vĩnh An, H.Củ Chi, TP.HCM",1850000.0,16.41,112736.14
743,QYS6DU,"Thửa 715 - tờ 156 Suối Lội, Xã Phước Vĩnh An, H.Củ Chi, TP.HCM",1850000.0,16.41,112736.14
744,YEHSMD,"Thửa 615 - tờ 30 Giồng Cát, TT.Củ Chi, H.Củ Chi, TP.HCM",3200000.0,22.22,144014.4
745,UD56KS,"Thửa 911 - tờ 30 Suối Lội, Xã Tân Thông Hội, H.Củ Chi, TP.HCM",2200000.0,19.59,112302.19
746,PX2W6G,"Thửa 802 - tờ 11 Phước Thạnh, Xã Phước Thạnh, H.Củ Chi, TP.HCM",1650000.0,8.76,188356.16
747,3AUXGQ,"Thửa 587 - tờ 19 ấp Thượng, Xã Tân Thông Hội, H.Củ Chi, TP.HCM",4800000.0,13.81,347574.22
748,GMZ4M2,"Thửa 332 - tờ 52 ấp Tân Tiến, TT.Củ Chi, H.Củ Chi, TP.HCM",4000000.0,14.04,284900.28
749,0ZJ279,"Thửa 707 - tờ 7 đường 572, Xã Trung Lập Hạ, H.Củ Chi, TP.HCM",1300000.0,14.06,92460.88
750,376J9Q,"Thửa 540 - tờ 33 ấp 5, Xã Bình Mỹ, H.Củ Chi, TP.HCM",4300000.0,10.57,406811.73
751,EJH1J4,"Thửa 765 - tờ 53 Tô Ngọc Vân, P.Thạnh Xuân, Q.12, TP.HCM",3650000.0,39.67,92009.07
752,7K3M1A,"Thửa 1208 - tờ 97 Hiệp Thành 45, P.Tân Thới Hiệp, Q.12, TP.HCM",4250000.0,67.78,62702.86
753,7K86MA,"Thửa 1224 - tờ 19 Bình Mỹ, Xã Bình Mỹ, H.Củ Chi, TP.HCM",2200000.0,17.6,125000.0
754,UYX3PS,"Thửa 1119 - tờ 26 Lê Thị Riêng, P.Thới An, Q.12, TP.HCM",5700000.0,61.02,93412.0
755,PNEJHG,"Thửa 688 - tờ 30 Trung Lập, Xã Phú Mỹ Hưng, H.Củ Chi, TP.HCM",3100000.0,1.94,1597938.14
756,5HVQC7,"Thửa 827 - tờ 112 Trung Lập, Xã Trung Lập Thượng, H.Củ Chi, TP.HCM",1800000.0,9.73,184994.86
757,85ZM23,"Thửa 187 - tờ 20 Tỉnh Lộ 8, Xã Hòa Phú, H.Củ Chi, TP.HCM",17000000.0,12.19,1394585.73
758,J2KB80,"Thửa 608 - tờ 43 Bình Mỹ, Xã Bình Mỹ, H.Củ Chi, TP.HCM",4500000.0,41.24,109117.36
759,DEVNCH,"8/58 ( Thửa 828 - tờ 20) Thạnh Xuân 40, P.Thạnh Xuân, Q.12, TP.HCM",4500000.0,52.26,86107.92
760,DEM8JH,"Thửa 816 - tờ 28 đường số 18, Xã Tân Thông Hội, H.Củ Chi, TP.HCM",3000000.0,19.74,151975.68
761,0ZADU9,"Thửa 70 - tờ 67 An Nhơn Tây, Xã An Nhơn Tây, H.Củ Chi, TP.HCM",3900000.0,2.43,1604938.27
762,QAP92U,"Thửa 636 - tờ 30 Trung Lập, Xã Phú Mỹ Hưng, H.Củ Chi, TP.HCM",3100000.0,1.93,1606217.62
763,37J6EQ,"Thửa 684 - tờ 50 Nhuận Đức, Xã Nhuận Đức, H.Củ Chi, TP.HCM",1250000.0,10.77,116063.14
764,6SWVA8,"Thửa 683 - tờ 50 Nhuận Đức, Xã Nhuận Đức, H.Củ Chi, TP.HCM",1250000.0,10.97,113947.13
765,5HG147,"Thửa 376 - tờ 15 Đông Thạnh, Xã Đông Thạnh, H.Hóc Môn, TP.HCM",2800000.0,19.64,142566.19
766,J2SMG0,"Thửa 537 - tờ 48 Nhuận Đức, Xã Nhuận Đức, H.Củ Chi, TP.HCM",2300000.0,8.1,283950.62
767,QA0H4U,"3/28D ( Thửa 513 - tờ 97 ) Bình Gĩa, P.13, Q.Tân Bình, TP.HCM",4800000.0,132.96,36101.08
768,854673,"Thửa 533 - tờ 72 đường 501, Xã Nhuận Đức, H.Củ Chi, TP.HCM",2350000.0,8.08,290841.58
769,5H0T47,"Thạnh Lộc 27, P.Thạnh Lộc, Q.12, TP.HCM",8199999.999999999,24.06,340814.63
770,YB9R1D,"Thửa 932 - tờ 9 Lê Thị Riêng, P.Thới An, Q.12, TP.HCM",4800000.0,59.18,81108.48
771,2MSMSZ,"Thửa 792 - tờ 63 Huỳnh Thị Na, Xã Đông Thạnh, H.Hóc Môn, TP.HCM",3990000.0,47.16,84605.6
772,DE93XH,"Thạnh Xuân 22, P.Thạnh Xuân, Q.12, TP.HCM",6450000.0,87.39,73807.07
773,5HWXR7,"Thửa 606 - tờ 14 Võ Thị Bàng, Xã An Nhơn Tây, H.Củ Chi, TP.HCM",7950000.0,5.65,1407079.65
774,KFG8PC,"Thửa 584 - tờ 45 đường 490, Xã Phạm Văn Cội, H.Củ Chi, TP.HCM",2400000.0,9.56,251046.03
775,UY4KVS,"Thửa 1243 - tờ 1 Hồ Thị Lai, Xã Tân Phú Trung, H.Củ Chi, TP.HCM",730.0,3.85,189.61
776,PN3ZMG,"Thạnh Xuân 24, P.Thạnh Xuân, Q.12, TP.HCM",1750000.0,13.4,130597.01
777,QABQQU,"Thửa 727 - tờ 58 ấp 7, Xã Tân Thạnh Đông, H.Củ Chi, TP.HCM",1800000.0,20.2,89108.91
778,PN8F9G,"Thửa 711 - tờ 74 Nhuận Đức, Xã Nhuận Đức, H.Củ Chi, TP.HCM",1150000.0,13.26,86727.0
779,EJZ5K4,"Thửa 576 - tờ 226, Hẻm 38 Gò Xoài, P.Bình Hưng Hoà A, Q.Bình Tân, TP.HCM",4350000.0,66.82,65100.27
780,ACWECY,"Thạnh Xuân 52, P.Thạnh Xuân, Q.12, TP.HCM",2350000.0,41.96,56005.72
781,UYCEUS,"Thửa 80 - tờ 51 Phú Thuận, Xã Phú Mỹ Hưng, H.Củ Chi, TP.HCM",15000000.0,4.47,3355704.7
782,SDB415,"Thửa 612 - tờ 13 đường 65, Xã Tân Phú Trung, H.Củ Chi, TP.HCM",5900000.0,13.07,451415.46
783,EJGZ84,"Thửa 629 - tờ 70 Gốc Rưng, Xã An Nhơn Tây, H.Củ Chi, TP.HCM",2250000.0,2.19,1027397.26
784,SDBE65,"Thửa 623 - tờ 53 đường 521, Xã Nhuận Đức, H.Củ Chi, TP.HCM",2450000.0,14.66,167121.42
785,5HE4Y7,"Thửa 569 - tờ 89, Một phần nhà số 168/61 Chiến Lược, P.Bình Trị Đông, Q.Bình Tân, TP.HCM",5100000.0,63.59,80201.29
786,2M693Z,"Thửa 1116 - tờ 60, đường Thạnh Xuân 52, P.Thạnh Xuân, Q.12, TP.HCM",2980000.0,46.7,63811.56
787,DEW36H,"Thạnh Lộc 15, P.An Phú Đông, Q.12, TP.HCM",3300000.0,62.38,52901.57
788,9TMYJP,"Thửa 609 - tờ 45 đường 762, Xã An Nhơn Tây, H.Củ Chi, TP.HCM",1400000.0,9.15,153005.46
789,WPZSER,"Thửa 535 - tờ 55 đường số 10A, Xã Tân An Hội, H.Củ Chi, TP.HCM",5000000.0,15.45,323624.6
790,9TMMAP,"Thửa 785 - tờ 33, đường số 6, Long Trường, Q.9, TP.HCM",4600000.0,46.04,99913.12
791,6SA5Z8,"Thửa 759 - tờ 53 Tỉnh Lộ 15, Xã Tân Thạnh Đông, H.Củ Chi, TP.HCM",3000000.0,15.89,188797.99
792,37YVJQ,"Thửa 572 - tờ 18 Nguyễn Thị Lèn, Xã Trung An, H.Củ Chi, TP.HCM",4000000.0,11.5,347826.09
793,7KB32A,"Thửa 559 - tờ 24 Lưu Khai Hồng, TT.Củ Chi, H.Củ Chi, TP.HCM",850.0,5.69,149.38
794,RGZKDJ,"Thửa 527 - tờ 2 Phạm Văn Chèo, TT.Củ Chi, H.Củ Chi, TP.HCM",690.0,4.51,152.99
795,0ZNVS9,"Thửa 525 - tờ 48 đường 10A, TT.Củ Chi, H.Củ Chi, TP.HCM",2750000.0,29.0,94827.59
796,7KBDTA,"Thửa 841 - tờ 8 đường 130, Xã Tân Thạnh Đông, H.Củ Chi, TP.HCM",2500000.0,22.78,109745.39
797,7KCTWA,"Thửa 866 - tờ 145 Cây Bài, Xã Phước Vĩnh An, H.Củ Chi, TP.HCM",1900000.0,10.85,175115.21
798,ACB0PY,"Thửa 36 - tờ 2 đường 500, Xã Phạm Văn Cội, H.Củ Chi, TP.HCM",3600000.0,4.2,857142.86
799,857AG3,"Thửa 824 - tờ 56 Nguyễn Kim Cương, Xã Tân Thạnh Đông, H.Củ Chi, TP.HCM",3000000.0,7.93,378310.21
800,1US576,"300/28-300/28A Nguyễn Thái Sơn, P.1, Q.Gò Vấp, TP.HCM",18000000.0,95.74,188009.19
801,377FKQ,"Thửa 605 - tờ 82 An Nhơn Tây, Xã An Nhơn Tây, H.Củ Chi, TP.HCM",1550000.0,4.39,353075.17
802,ACCJPY,"Thửa 572 - tờ 5 Sông Lu, Xã Hòa Phú, H.Củ Chi, TP.HCM",4500000.0,16.07,280024.89
803,0ZZM59,"Thửa 920 - tờ 5 Ba Sa, Xã Phước Hiệp, H.Củ Chi, TP.HCM",1380000.0,11.04,125000.0
804,UYYDWS,"Thửa 546 - tờ 37 Phạm Thị Liền, Xã Thái Mỹ, H.Củ Chi, TP.HCM",3990000.0,7.98,500000.0
805,DEEE4H,"Thửa 539 - tờ 11 Bàu Lách, Xã Phạm Văn Cội, H.Củ Chi, TP.HCM",12500000.0,8.19,1526251.53
806,2MMNHZ,"Thửa 1165 - tờ 21 đường 577, Xã Trung Lập Hạ, H.Củ Chi, TP.HCM",1700000.0,8.88,191441.44
807,855QW3,"Thửa 116 - tờ 47 đường HL2, Xã Trung Lập Thượng, H.Củ Chi, TP.HCM",2900000.0,11.68,248287.67
808,ACCDCY,"Thửa 672 - tờ 30 Bàu Trâm, Xã Trung An, H.Củ Chi, TP.HCM",1350000.0,13.69,98612.13
809,PNTJ1G,"Thửa 717 - tờ 44 đường 762, Xã An Nhơn Tây, H.Củ Chi, TP.HCM",1700000.0,11.11,153015.3
810,7KH6JA,"Thửa 34 - tờ 16 Tỉnh Lộ 6, Xã Phú Mỹ Hưng, H.Củ Chi, TP.HCM",7000000.0,4.01,1745635.91
811,SDYXF5,"Thửa 723 - tờ 24 Phước Thạnh, Xã Thái Mỹ, H.Củ Chi, TP.HCM",1680000.0,3.36,500000.0
812,J2GDW0,"Thửa 538 - tờ 3 Trung Lập, Xã Trung Lập Thượng, H.Củ Chi, TP.HCM",2200000.0,3.41,645161.29
813,EJRSW4,"Thửa 605 - tờ 48 đường 438, Xã Phạm Văn Cội, H.Củ Chi, TP.HCM",5800000.0,9.78,593047.03
814,J2GG10,"Thửa 642 - tờ 20 Nguyễn Thị Lắng, Xã Phước Vĩnh An, H.Củ Chi, TP.HCM",7000000.0,15.71,445576.07
815,SDYAV5,"Thửa 1541 - tờ 25 Trần Thị Cẩm, TT.Củ Chi, H.Củ Chi, TP.HCM",3050000.0,7.75,393548.39
816,QA5NEU,"Thửa 1387 - tờ 5 Tỉnh Lộ 7, Xã Trung Lập Hạ, H.Củ Chi, TP.HCM",800.0,1.42,563.38
817,PNZENG,"Thửa 561 - tờ 43 Tỉnh Lộ 7, Xã Thái Mỹ, H.Củ Chi, TP.HCM",4000000.0,8.56,467289.72
818,40R7CF,"Thửa 549 - tờ 22 đường 534, Xã Nhuận Đức, H.Củ Chi, TP.HCM",3200000.0,6.53,490045.94
819,J2PDR0,"Thửa 820 - tờ 32 đường 29, Xã Phước Vĩnh An, H.Củ Chi, TP.HCM",1550000.0,17.79,87127.6
820,UY7ZQS,"Thửa 865 - tờ 70 ( tờ cũ 4) đường 35, Xã Tân Thông Hội, H.Củ Chi, TP.HCM",7200000.0,42.22,170535.29
821,ACHN3Y,"Thửa 697 - tờ 38 (80/3 ) Lã Xuân Oai, Tăng Nhơn Phú A, Q.9, TP.HCM",5200000.0,90.9,57205.72
822,UY56XS,"Thửa 745 - tờ 26 Nguyễn Thị Lắng, Xã Tân Phú Trung, H.Củ Chi, TP.HCM",3000000.0,20.02,149850.15
823,5HA117,"Thửa 735 - tờ 2 đường 387, Xã Tân An Hội, H.Củ Chi, TP.HCM",1790000.0,20.48,87402.34
824,85Q2K3,"Thửa 15 - tờ 12 đường 35, TT.Củ Chi, H.Củ Chi, TP.HCM",7500000.0,23.43,320102.43
825,KFB61C,"Thửa 658 - tờ 91 đường 65, Xã Phú Hòa Đông, H.Củ Chi, TP.HCM",2200000.0,22.31,98610.49
826,GXZ3E2,"Thửa 531 - tờ 11 Tỉnh Lộ 15, Xã Nhuận Đức, H.Củ Chi, TP.HCM",999.0,9.98,100.1
827,0ZPVD9,"Thửa 599 - tờ 28 đường 438, Xã Phú Hòa Đông, H.Củ Chi, TP.HCM",1250000.0,15.0,83333.33
828,0ZPMY9,"Thửa 866 - tờ 17 đường 120, Xã Tân Thạnh Đông, H.Củ Chi, TP.HCM",1950000.0,19.5,100000.0
829,YCYSMD,"Thửa 880 - tờ 8 đường 130, Xã Tân Thạnh Đông, H.Củ Chi, TP.HCM",2100000.0,10.97,191431.18
830,GNGR62,"Thửa 572 - tờ 33 đường 566, Xã Trung Lập Hạ, H.Củ Chi, TP.HCM",2800000.0,12.68,220820.19
831,5D56Q7,"Thửa 519 - tờ 73 đường 501, Xã Nhuận Đức, H.Củ Chi, TP.HCM",1800000.0,12.03,149625.94
832,7H76XA,"Thửa 697 - tờ 21 ấp An Hòa, Xã Trung An, H.Củ Chi, TP.HCM",1500000.0,6.59,227617.6
833,W9WDTR,"Thửa 1374 - tờ 5 An Nhơn Tây, Xã Tân Phú Trung, H.Củ Chi, TP.HCM",1950000.0,12.75,152941.18
834,Q7QH6U,"Thửa 692 - tờ 29 Trần Thị Cờ, P.Thới An, Q.12, TP.HCM",4250000.0,75.08,56606.29
835,UAUD7S,"Thửa 715 - tờ 9 Trịnh Thị Dối, Xã Đông Thạnh, H.Hóc Môn, TP.HCM",2950000.0,35.37,83404.01
836,2X2MFZ,"Thửa 402 - tờ 7 Nhị Bình 12, Xã Nhị Bình, H.Hóc Môn, TP.HCM",4950000.0,12.37,400161.68
837,6UX658,"312/41 Bùi Công Trừng, P.Thới An, Q.12, TP.HCM",2880000.0,51.98,55405.93
838,2XMQWZ,"257/180 Bình Thành, P.Bình Hưng Hoà B, Q.Bình Tân, TP.HCM",6500000.0,65.0,100000.0
839,35U3NQ,"254/66/5C Âu Cơ, P.9, Q.Tân Bình, TP.HCM",8800000.0,113.69,77403.47
840,Q5B23U,"15 đường số 79, P.Tân Quy, Q.7, TP.HCM",14900000.0,192.75,77302.2
841,A51AYX,"2/29 Đường 8, Long Phước, Q.9, TP.HCM",9000000.0,33.34,269946.01
842,U61CS5,"Trần Tử Bình, Xã Tân Thông Hội, H.Củ Chi, TP.HCM",7000000.0,38.88,180041.15
843,2R47ZN,"Thửa 614 - Tờ 59 đường số 160, Tăng Nhơn Phú A, Q.9, TP.HCM",6300000.0,85.25,73900.29
844,WTSNMR,"Thửa 1146 - tờ 109 Trung Đông 7, Xã Thới Tam Thôn, H.Hóc Môn, TP.HCM",2500000.0,4.99,501002.0
845,28DJTZ,"Thửa 603 - tờ 24 Tỉnh Lộ 15, Xã Tân Thạnh Đông, H.Củ Chi, TP.HCM",1400000.0,17.5,80000.0
846,742P6A,"Thửa 21 - tờ 16 Nguyễn Thị Rư, TT.Củ Chi, H.Củ Chi, TP.HCM",11700000.0,16.46,710814.09
847,1A4K56,"Thửa 1727 - tờ 184 Trần Văn Mười, Xã Bà Điểm, H.Hóc Môn, TP.HCM",8500000.0,63.0,134920.63
848,RNQVPJ,"Thửa 638 - tờ 5 Tỉnh Lộ 7, Xã Thái Mỹ, H.Củ Chi, TP.HCM",1800000.0,9.66,186335.4
849,G6S9T2,"Thửa 716 - tờ 9 Tân Xuân 2, Xã Tân Xuân, H.Hóc Môn, TP.HCM",4150000.000000001,30.55,135842.88
850,6YBTK8,"Thửa 553 - Tờ 25 Hà Thị Đát, P.Tân Sơn Nhì, Q.Tân Phú, TP.HCM",6850000.0,93.57,73207.22
851,6YCS18,"Thửa 55 - tờ 43 Lê Thị Khánh, Xã Trung Lập Hạ, H.Củ Chi, TP.HCM",2600000.0,6.01,432612.31
852,C9ZWAB,"Thửa 525 - tờ 50 Nguyễn Thị Triệu, TT.Củ Chi, H.Củ Chi, TP.HCM",4800000.0,24.19,198429.1
853,74JK6A,"Thửa 822 - tờ 13 Tỉnh Lộ 7, Xã Trung Lập Hạ, H.Củ Chi, TP.HCM",8400000.0,8.4,1000000.0
854,3HBX0Q,"Thửa 668 - tờ 55 Đông Thạnh 7, Xã Đông Thạnh, H.Hóc Môn, TP.HCM",3750000.0,27.94,134216.18
855,EG21D4,"Thửa627 Đông Thạnh 4, Xã Đông Thạnh, H.Hóc Môn, TP.HCM",3650000.0,33.79,108020.12
856,6YYXR8,"Thửa 897 - tờ 9 Tân Xuân 3, Xã Tân Xuân, H.Hóc Môn, TP.HCM",5800000.0,54.2,107011.07
857,QKDB9U,"Tân Chánh Hiệp 17, P.Tân Chánh Hiệp, Q.12, TP.HCM",4520000.0,50.69,89169.46
858,RNZZNJ,"Thửa 663 - Tờ 11 Xã Bình Khánh, Xã Bình Khánh, H.Cần Giờ, TP.HCM",2700000.0,21.42,126050.42
859,C9RHAB,"713/51/18 Lê Đức Thọ, P.16, Q.Gò Vấp, TP.HCM",10500000.0,69.95,150107.22
860,6Y5N08,"Thửa 743 - tờ 10 Phan Văn Hớn, Xã Xuân Thới Thượng, H.Hóc Môn, TP.HCM",3900000.0,48.32,80711.92
861,8D7DN3,"Thửa 620 - tờ 29 Song Hành QL22, Xã Trung Chánh, H.Hóc Môn, TP.HCM",3800000.0,55.07,69003.09
862,6YS1Z8,"Thửa 611 - tờ 90 Tân Xuân 1, Xã Tân Xuân, H.Hóc Môn, TP.HCM",4600000.0,35.85,128312.41
863,DREUYH,"Thửa 1121 - Tờ 74 Tô Ngọc Vân, P.Thới An, Q.12, TP.HCM",3500000.0,54.68,64008.78
864,K047AC,"23/246 Nguyễn Xiển, P.Long Thạnh Mỹ, TP.Thủ Đức, TP.HCM",3210000.0,35.65,90042.08
865,WT9AZR,"Thửa 984 - tờ 32 Phạm Hữu Lầu, Xã Phước Kiển, H.Nhà Bè, TP.HCM",13500000.0,85.33,158209.31
866,SB78N5,"Phạm Văn Sáng, Xã Vĩnh Lộc A, H.Bình Chánh, TP.HCM",17350000.0,16.84,1030285.04
867,7EU29A,"Thửa 747 - tờ 20 Tỉnh Lộ 7, Xã Thái Mỹ, H.Củ Chi, TP.HCM",2250000.0,16.38,137362.64
868,A4UAPY,"Thửa 755 - tờ 116 đường Nguyễn Thị My, Xã Trung An, H.Củ Chi, TP.HCM",2700000.0,22.78,118525.02
869,QH131U,"Thửa 753 - Tờ 116 đường Nguyễn Thị My, Xã Trung An, H.Củ Chi, TP.HCM",2700000.0,21.75,124137.93
870,4GKEVF,"Thửa 752 - Tờ 116 đường Nguyễn Thị My, Xã Trung An, H.Củ Chi, TP.HCM",4500000.0,15.88,283375.31
871,KJAHRC,"Thửa 754 - Tờ 116 đường Nguyễn Thị My, Xã Trung An, H.Củ Chi, TP.HCM",2700000.0,22.24,121402.88
872,SC8DY5,"Thửa 48 - tờ 38 Đặng Thị Thưa, Xã Tân Thạnh Đông, H.Củ Chi, TP.HCM",4400000.0,2.28,1929824.56
873,DW5BTH,"Thửa 1119 - Tờ 69 đường An Phú Đông 9, P.An Phú Đông, Q.12, TP.HCM",4400000.0,64.7,68006.18
874,UK6ACS,"Thửa 1118 - Tờ 69 đường An Phú Đông 9, P.An Phú Đông, Q.12, TP.HCM",4400000.0,64.7,68006.18
875,QH15QU,"Thửa 1117 - Tờ 69 đường An Phú Đông 9, P.An Phú Đông, Q.12, TP.HCM",4400000.0,51.76,85007.73
876,5B3YJ7,"Thửa 537 - tờ 165 đường số 14, P.8, Q.Gò Vấp, TP.HCM",7600000.0,120.25,63201.66
877,WZDAUR,"76A/8 Trần Hữu Trang, P.10, Q.Phú Nhuận, TP.HCM",11500000.0,139.22,82603.07
878,EP7VZ4,"Thửa 792 - tờ 112 Trung Đông 8, Xã Đông Thạnh, H.Hóc Môn, TP.HCM",44500000.0,15.13,2941176.47
879,3DT4PQ,"79/4/6A đường số 18, P.8, Q.Gò Vấp, TP.HCM",3650000.0,100.0,36500.0
880,G14MP2,"Thửa 353 - Tờ 2 Hồ Thị Bưng, Xã Tân Thạnh Tây, H.Củ Chi, TP.HCM",13100000.0,2.21,5927601.81
881,179DM6,"Thửa 727 - Tờ 161 đường số 1C, Xã Vĩnh Lộc B, H.Bình Chánh, TP.HCM",5200000.0,46.42,112020.68
882,QHG3NU,"10A Số 16, Xã Tân Thông Hội, H.Củ Chi, TP.HCM",3600000.0,10.94,329067.64
883,RTSUZJ,"Thửa 115 - tờ 63 Bến Than, ấp 1, Xã Tân Thạnh Đông, H.Củ Chi, TP.HCM",2200000.0,29.89,73603.21
884,A4T2RY,"Thửa 805 - tờ 30 đường số 233, Xã Hòa Phú, H.Củ Chi, TP.HCM",1700000.0,17.29,98322.73
885,KJV2DC,"Thửa 666 - tờ 126 Nguyễn Thị Thôn, Xã Phú Hòa Đông, H.Củ Chi, TP.HCM",1200000.0,11.05,108597.29
886,174EA6,"28B Bùi Viện, P.15, Q.Tân Bình, TP.HCM",5300000.0,105.78,50103.99
887,A42PRY,"114 Phan Văn Cử, P.16, Q.Gò Vấp, TP.HCM",7500000.0,73.67,101805.35
888,5BP0Y7,"55/6 Trần Xuân Soạn, P.Tân Kiểng, Q.7, TP.HCM",9800000.0,85.88,114112.72
889,JNU1M0,"2 Hẻm 58, P.Trường Thạnh, TP.Thủ Đức, TP.HCM",13700000.0,58.44,234428.47
890,SC0XA5,"20/25 Hồ Đắc Di, Q.Tân Phú, TP.HCM",6800000.0,89.47,76003.13
891,JNQSU0,"122/19 Nguyễn Đức Thuận, P.Bình Hưng Hòa, Q.Bình Tân, TP.HCM",8300000.000000001,116.57,71201.85
892,4G18MF,"449 Trần Hưng Đạo, P.Cầu Kho, Q.1, TP.HCM",7200000.0,156.52,46000.51
893,YFP3FD,"Thửa 1023 - tờ 41 Lê Thị Đảo, Xã Tân Thạnh Đông, H.Củ Chi, TP.HCM",2500000.0,13.69,182615.05
894,YFR30D,"Thửa 91 - tờ 102 Nguyễn Thị Nhúng, Xã Tân Thông Hội, H.Củ Chi, TP.HCM",3900000.0,13.75,283636.36
895,6A5KU8,"Thửa 4 - Tờ 133 ( Số nhà 20/24D) Bình Chiểu, P.Bình Chiểu, TP.Thủ Đức, TP.HCM",21900000.0,48.99,447030.01
896,RT29GJ,"Thửa 1037 - Tờ 9 đường An Phú Đông 26, P.An Phú Đông, Q.12, TP.HCM",3350000.0,45.95,72905.33
897,7ECYQA,"Thửa 680 - tờ 92 đường số 218, Xã Tân Thông Hội, H.Củ Chi, TP.HCM",2500000.0,16.57,150875.08
898,7EKGCA,"đường Số 4, P.Bình Hưng Hoà A, Q.Bình Tân, TP.HCM",4350000.0,86.82,50103.66
899,A4KMUY,"Thửa 56 - Tờ 18 hẻm đường TL7, Xã Phước Thạnh, H.Củ Chi, TP.HCM",3200000.0,3.59,891364.9
900,WZJHMR,"Thửa 636 - Tờ 13 đường số 5, P.17, Q.Gò Vấp, TP.HCM",15300000.0,119.53,128001.34
901,QD3SRU,"Thửa 884 - tờ 5 Võ Thị Nghỉ, Xã Tân Phú Trung, H.Củ Chi, TP.HCM",2200000.0,9.16,240174.67
902,CJHX1B,"Lã Xuân Oai, P.Long Trường, TP.Thủ Đức, TP.HCM",3000000.0,30.0,100000.0
903,15NR16,"Thửa 493 - Tờ 47 Trương Thị Như, Xã Xuân Thới Sơn, H.Hóc Môn, TP.HCM",2700000.0,23.95,112734.86
904,E9SYS4,"Thửa 635 - tờ 87 Tân Xuân 2, TT.Hóc Môn, H.Hóc Môn, TP.HCM",4880000.0,35.67,136809.64
905,QDZJDU,"Thửa 587 - tờ 147 Xuân Thới Thượng 20, Xã Bà Điểm, H.Hóc Môn, TP.HCM",12000000.0,13.71,875273.52
906,0NY6N9,"Thửa 609 - tờ 44 Tỉnh Lộ 7, Xã An Nhơn Tây, H.Củ Chi, TP.HCM",1350000.0,4.88,276639.34
907,674T48,"Thửa 865 - tờ 145 Tỉnh Lộ 8, Xã Phước Vĩnh An, H.Củ Chi, TP.HCM",1900000.0,10.85,175115.21
908,PM8VSG,"Thửa 552 - tờ 20 Phạm Phú Tiết, TT.Củ Chi, H.Củ Chi, TP.HCM",3400000.0,21.26,159924.74
909,67DVW8,"Một phần nhà số 160/88 Phan Huy Ích, P.12, Q.Gò Vấp, TP.HCM",9300000.0,89.76,103609.63
910,Y4R6WD,"Thửa 843 - tờ 28 đường số 16, Xã Tân Thông Hội, H.Củ Chi, TP.HCM",2400000.0,24.14,99420.05
911,67YZB8,"Thửa 679 - Tờ 49 Nguyễn Thị Dưỡng, Xã Tân Thạnh Đông, H.Củ Chi, TP.HCM",2000000.0,6.17,324149.11
912,DFR38H,"Thửa 647 - tờ 56 Lê Thị Hởi, Xã Tân Thông Hội, H.Củ Chi, TP.HCM",1150000.0,9.93,115810.67
913,7B419A,"Thửa 488 - Tờ 44 đường số 9, P.Trường Thọ, TP.Thủ Đức, TP.HCM",24000000.0,48.39,495970.24
914,15AQQ6,"Thửa 668 - tờ 127 Tỉnh Lộ 7, Xã Trung Lập Hạ, H.Củ Chi, TP.HCM",1390000.0,1.74,798850.57
915,3YYJHQ,"Thửa 738 - Tờ 18 Huỳnh Thị Mài, Xã Tân Hiệp, H.Hóc Môn, TP.HCM",4550000.0,42.84,106209.15
916,155KB6,"Thửa 835 - tờ 22 Trần Văn Chẩm, Xã Phước Vĩnh An, H.Củ Chi, TP.HCM",3200000.0,18.0,177777.78
917,SKKFU5,"Thửa 110 - tờ 24 Huỳnh Văn Cọ, TT.Củ Chi, H.Củ Chi, TP.HCM",4800000.0,24.0,200000.0
918,0NZ019,"Thửa 753 - tờ 7 đường số 87, Xã Tân Phú Trung, H.Củ Chi, TP.HCM",2800000.0,25.0,112000.0
919,DFEYKH,"29/22 Lê Đức Thọ, P.7, Q.Gò Vấp, TP.HCM",15800000.0,175.55,90002.85
920,5K5ZV7,"Thửa 805 - Tờ 82 Phạm Văn Cội, Xã Nhuận Đức, H.Củ Chi, TP.HCM",1800000.0,9.42,191082.8
921,QYQJHU,"Thửa 613 - Tờ 194 ấp Cây Trôm, Xã Phước Hiệp, H.Củ Chi, TP.HCM",1550000.0,15.5,100000.0
922,WGW30R,"Thửa 612 - Tờ 194 ấp Cây Trôm, Xã Phước Hiệp, H.Củ Chi, TP.HCM",1550000.0,15.5,100000.0
923,ABAG3Y,"Thửa 611 - Tờ 194 ấp Cây Trôm, Xã Phước Hiệp, H.Củ Chi, TP.HCM",1550000.0,15.5,100000.0
924,3A3WEQ,"Thửa 610 - Tờ 194 ấp Cây Trôm, Xã Phước Hiệp, H.Củ Chi, TP.HCM",1550000.0,15.56,99614.4
925,7C79BA,"Thửa 609 - Tờ 194 ấp Cây Trôm, Xã Phước Hiệp, H.Củ Chi, TP.HCM",1550000.0,15.56,99614.4
926,2V25NZ,"Thửa 606 - Tờ 194 ấp Cây Trôm, Xã Phước Hiệp, H.Củ Chi, TP.HCM",1550000.0,15.5,100000.0
927,9N939P,"Thửa 607 - Tờ 194 ấp Cây Trôm, Xã Phước Hiệp, H.Củ Chi, TP.HCM",1550000.0,15.51,99935.53
928,E0ENC4,"Thửa 608 - Tờ 194 ấp Cây Trôm, Xã Phước Hiệp, H.Củ Chi, TP.HCM",1550000.0,15.51,99935.53
929,UDUDYS,"Thửa 822 - tờ 21 đường số 75, Xã Tân Phú Trung, H.Củ Chi, TP.HCM",3300000.0,17.55,188034.19
930,871GB3,"Thửa 593 - Tờ 78 đường số 387, Xã Tân An Hội, H.Củ Chi, TP.HCM",1680000.0,16.1,104347.83
931,1SM0V6,"Thửa 592 - Tờ 78 đường số 387, Xã Tân An Hội, H.Củ Chi, TP.HCM",1680000.0,15.86,105926.86
932,7CSXPA,"Thửa 588 - Tờ 78 đường số 387, Xã Tân An Hội, H.Củ Chi, TP.HCM",3900000.0,3.28,1189024.39
933,UD32AS,"Thửa 587 - Tờ 78 đường số 387, Xã Tân An Hội, H.Củ Chi, TP.HCM",2700000.0,5.34,505617.98
934,GM9V42,"Thửa 402 - tờ 53, 221/6A Trần Huy Liệu, P.8, Q.Phú Nhuận, TP.HCM",5900000.0,201.36,29300.75
935,5K31A7,"Thửa 1001 - Tờ 80, Một phần số 38/8 Trần Thị Hè, P.Hiệp Thành, Q.12, TP.HCM",5500000.0,85.8,64102.56
936,1SNY06,"Thửa 754 - tờ 20 đường số 83, Xã Tân Phú Trung, H.Củ Chi, TP.HCM",2100000.0,24.56,85504.89
937,UD6HBS,"Thửa 688 - tờ 12 Tỉnh Lộ 8, Xã Phước Vĩnh An, H.Củ Chi, TP.HCM",3200000.0,15.23,210111.62
938,GMRPH2,"Thửa 7 - tờ 41 Võ Thị Lợi, Xã Phước Vĩnh An, H.Củ Chi, TP.HCM",1500000.0,1.01,1485148.51
939,CR79NB,"Thửa 520 - Tờ 19 Nguyễn Thị Chuối, Xã Xuân Thới Đông, H.Hóc Môn, TP.HCM",20800000.0,6.0,3466666.67
940,65T7F8,"Thửa 1200 - tờ 4 Võ Văn Điều, Xã Phước Thạnh, H.Củ Chi, TP.HCM",7500000.0,5.04,1488095.24
941,D4UBTH,"113/120N Võ Duy Ninh, P.22, Q.Bình Thạnh, TP.HCM",2980000.0,151.26,19701.18
942,AB3DTY,"Thửa 617 - Tờ 40 Nguyễn Thị Lắng, Xã Phước Vĩnh An, H.Củ Chi, TP.HCM",2500000.0,12.65,197628.46
943,3ANZMQ,"Thửa 609 - Tờ 36 Nguyễn  Thị Ly, Xã Xuân Thới Sơn, H.Hóc Môn, TP.HCM",21000000.0,1.96,10714285.71
944,3ATKFQ,"đường Thống Nhất, P.16, Q.Gò Vấp, TP.HCM",6900000.0,96.36,71606.48
945,9NA7AP,"Thửa 550 - Tờ 17 đường số 40, TT.Củ Chi, H.Củ Chi, TP.HCM",2800000.0,41.05,68209.5
946,PXYXTG,"Lê Trọng Tấn, P.Bình Hưng Hòa, Q.Bình Tân, TP.HCM",7500000.0,74.77,100307.61
947,9NATNP,"23b Linh Đông, P.Linh Đông, TP.Thủ Đức, TP.HCM",22600000.0,112.43,201013.96
948,PXYNZG,"Thửa 1480 - Tờ 16 đường số 86, Xã Tân Phú Trung, H.Củ Chi, TP.HCM",1600000.0,20.0,80000.0
949,UDPAQS,"Thửa 1475 - Tờ 16 đường số 86, Xã Tân Phú Trung, H.Củ Chi, TP.HCM",1700000.0,14.45,117647.06
950,ABTKUY,"Thửa 1476 - Tờ 16 đường số 86, Xã Tân Phú Trung, H.Củ Chi, TP.HCM",1700000.0,19.4,87628.87
951,KWV41C,"Thửa 1477 - Tờ 16 đường số 86, Xã Tân Phú Trung, H.Củ Chi, TP.HCM",1750000.0,18.15,96418.73
952,GMDTG2,"Thửa 1478 - Tờ 16 đường số 86, Xã Tân Phú Trung, H.Củ Chi, TP.HCM",1800000.0,16.24,110837.44
953,SHGAF5,"Thửa 1479 - Tờ 16 đường số 86, Xã Tân Phú Trung, H.Củ Chi, TP.HCM",1550000.0,17.1,90643.27
954,GMY0R2,"Thửa 1403 - Tờ 48 Xuân Thới Thượng 32, Xã Xuân Thới Thượng, H.Hóc Môn, TP.HCM",9000000.0,35.12,256264.24
955,KWMP7C,"Thửa 628 - tờ 52 Nguyễn Thị Hẹ, Xã Trung Lập Thượng, H.Củ Chi, TP.HCM",1550000.0,6.59,235204.86
956,49651F,"Thửa 511 - Tờ 1 + Thửa 163 - Tờ 1 Hẻm đường Thạnh Lộc 14, P.An Phú Đông, Q.12, TP.HCM",16000000.0,45.95,348204.57
957,SH0CP5,"Thửa 61 - tờ 18 Võ Thị Dòn, Xã Tân Thông Hội, H.Củ Chi, TP.HCM",3500000.0,20.95,167064.44
958,D4ZFAH,"Thửa 1731 - Tờ 184 Trần Văn Mười, Xã Bà Điểm, H.Hóc Môn, TP.HCM",11500000.0,57.32,200628.05
959,SHR1C5,"Thửa 600 - tờ 80 Nguyễn Văn Khạ, Xã Tân An Hội, H.Củ Chi, TP.HCM",2500000.0,10.0,250000.0
960,QYF23U,"Thửa 603 -  tờ 73 Nguyễn Văn Khạ, Xã Tân An Hội, H.Củ Chi, TP.HCM",2300000.0,9.9,232323.23
961,WG17KR,"Thửa 503 - tờ 32 Hà Thị Kiểm, Xã Phú Mỹ Hưng, H.Củ Chi, TP.HCM",1790000.0,3.05,586885.25
962,E0XUA4,"Thửa 584 - tờ 49 đường số 698, Xã Thái Mỹ, H.Củ Chi, TP.HCM",1250000.0,8.72,143348.62
963,UDWZZS,"Thửa 1088 - tờ 12 Nguyễn Thị Tấm, Xã Phước Thạnh, H.Củ Chi, TP.HCM",1600000.0,7.27,220082.53
964,GMSHC2,"Thửa 589 - tờ 9 Tỉnh Lộ 2, Xã Tân An Hội, H.Củ Chi, TP.HCM",3400000.0,17.41,195290.06
965,GMSQS2,"Thửa 526 - tờ 89 đường số 8, P.Tam Bình, TP.Thủ Đức, TP.HCM",8000000.0,79.44,100704.93
966,SHEPA5,"Thửa 677 - tờ 71 Thạnh Xuân 52, Xã Đông Thạnh, H.Hóc Môn, TP.HCM",10900000.0,10.84,1005535.06
967,D4J0WH,"Nguyễn Thị Thôn, Xã Phú Hòa Đông, H.Củ Chi, TP.HCM",1550000.0,14.55,106529.21
968,7CE7GA,"Thửa 569 - tờ 48 ( tờ cũ 12) Hà Duy Phiên, Xã Bình Mỹ, H.Củ Chi, TP.HCM",3800000.0,15.29,248528.45
969,65AVT8,"Thửa 1572 - tờ 17 Tỉnh Lộ 2, Xã Tân Phú Trung, H.Củ Chi, TP.HCM",2650000.0,15.03,176314.04
970,UDK3ZS,"Thửa 1342 - tờ 17 Tân Phú Trung, Xã Tân Phú Trung, H.Củ Chi, TP.HCM",1680000.0,19.58,85801.84
971,657BH8,"Thửa 19 - tờ 47 Nguyễn Văn Khạ, Xã Phú Hòa Đông, H.Củ Chi, TP.HCM",5600000.0,12.73,439905.73
972,87ABM3,"Thửa 667 - tờ 127 Tỉnh Lộ 7, Xã Trung Lập Hạ, H.Củ Chi, TP.HCM",1800000.0,2.59,694980.69
973,ABE02Y,"Thửa 689 - tờ 47 Nguyễn Thị Rành, Xã Trung Lập Hạ, H.Củ Chi, TP.HCM",1650000.0,6.87,240174.67
974,49JYEF,"Thửa 532 - tờ 46 đường Hà Huy Giáp, P.Thạnh Xuân, Q.12, TP.HCM",3650000.0,34.92,104524.63
975,QY5P1U,"Thửa 293 - tờ 34 Nguyễn Thị Dạng, Xã Nhuận Đức, H.Củ Chi, TP.HCM",7900000.0,5.3,1490566.04
976,5KYP27,"Thửa 726 - tờ 180 Lê Thị Truyền, Xã Phước Vĩnh An, H.Củ Chi, TP.HCM",3800000.0,14.69,258679.37
977,3ASWKQ,"Thửa 1060 - tờ 20 đường số 9, Xã Tân Thông Hội, H.Củ Chi, TP.HCM",3200000.0,30.79,103929.85
978,QY5FSU,"MPN 87/33/1 ( Thửa 341-1 - tờ 124) Nguyễn Sỹ Sách, P.15, Q.Tân Bình, TP.HCM",4800000.0,118.81,40400.64
979,SHAHQ5,"Thửa 545 - tờ 129 đường số 1, P.Tam Bình, TP.Thủ Đức, TP.HCM",7000000.0,46.66,150021.43
980,5KYKK7,"Thửa 761 - tờ 6 Hồ Văn Tắng, Xã Tân Phú Trung, H.Củ Chi, TP.HCM",2500000.0,14.3,174825.17
981,QY5AFU,"Thửa 1084 - tờ 40 Lý Thị Bở, Xã Tân Phú Trung, H.Củ Chi, TP.HCM",3500000.0,36.88,94902.39
982,YEKCUD,"Thửa 1083 - tờ 40 Lý Thị Bở, Xã Tân Phú Trung, H.Củ Chi, TP.HCM",3500000.0,36.91,94825.25
983,E0FHT4,"Thửa 574 - tờ 50 Nhuận Đức, Xã Nhuận Đức, H.Củ Chi, TP.HCM",2200000.0,7.22,304709.14
984,PX2R8G,"Thửa 41 - tờ 58 Lê Thị Siêng, Xã Tân Thông Hội, H.Củ Chi, TP.HCM",4850000.0,4.46,1087443.95
985,JZ94T0,"Thửa 670 - tờ 18 Nguyễn Văn Khạ, Xã Tân An Hội, H.Củ Chi, TP.HCM",1900000.0,16.17,117501.55
986,5KA137,"Thửa 153 - tờ 42 Tỉnh Lộ 8, Xã Trung An, H.Củ Chi, TP.HCM",2300000.0,23.0,100000.0
987,CREU3B,"Thửa 642 - tờ 18 Lê Thị Nghiên, Xã Tân Thạnh Đông, H.Củ Chi, TP.HCM",2400000.0,12.75,188235.29
988,6S6XG8,"158/32 Phạm Văn Chiêu, P.9, Q.Gò Vấp, TP.HCM",12500000.0,154.7,80801.55
989,DEYB0H,"Thửa 860 - tờ 6 Đỗ Thị Nhặt, Xã Trung An, H.Củ Chi, TP.HCM",2550000.0,9.66,263975.16
990,7K5HYA,"Thửa 283 - tờ 42 Tỉnh Lộ 15, Xã Phú Hòa Đông, H.Củ Chi, TP.HCM",1300000.0,1.2,1083333.33
991,7KS75A,"Thửa 614 - tờ 14 Bùi Thị Lành, Xã Trung An, H.Củ Chi, TP.HCM",5200000.0,9.25,562162.16
992,QA8T7U,"Thửa 713 - tờ 15 Tân Thạnh Đông, Xã Tân Thạnh Đông, H.Củ Chi, TP.HCM",2200000.0,20.46,107526.88
993,6SVJF8,"Thửa 1091 - tờ 19 Hà Duy Phiên, Xã Bình Mỹ, H.Củ Chi, TP.HCM",2650000.0,17.25,153623.19
994,UY3G5S,"Thửa 760 - tờ 11 Hà Duy Phiên, Xã Bình Mỹ, H.Củ Chi, TP.HCM",3100000.0,17.38,178365.94
995,KFDV8C,"Thửa 512 - tờ 9 Phạm Thị Trích, Xã Bình Mỹ, H.Củ Chi, TP.HCM",5700000.0,19.1,298429.32
996,3760RQ,"Thửa 510 - tờ 9 Phạm Thị Trích, Xã Bình Mỹ, H.Củ Chi, TP.HCM",5700000.0,19.7,289340.1
997,WPE89R,"Thửa 945 - tờ 144 Nguyễn Thị Xạnh, Xã Phước Vĩnh An, H.Củ Chi, TP.HCM",2100000.0,14.64,143442.62
998,37V44Q,"Thửa 1857 - tờ 46 Tân Chánh Hiệp 18, P.Tân Chánh Hiệp, Q.12, TP.HCM",5600000.0,57.97,96601.69
999,1UZGU6,"Thửa 678 - tờ 30 Bình Mỹ, Xã Bình Mỹ, H.Củ Chi, TP.HCM",4500000.0,4.16,1081730.77
1000,DEQ2SH,"đường Tô Ký, Xã Tân Xuân, H.Hóc Môn, TP.HCM",3900000.0,48.75,80000.0
1001,AC6SPY,"Thửa 671 - tờ 36 Tỉnh Lộ 2, Xã Phước Vĩnh An, H.Củ Chi, TP.HCM",2400000.0,4.78,502092.05
1002,DE370H,"Thửa 666 - tờ 20 đường số 72, Xã Tân Phú Trung, H.Củ Chi, TP.HCM",4600000.0,16.75,274626.87
1003,SDM885,"Thửa 1413 - tờ 12 Nguyễn Thị Lắng, Xã Tân Phú Trung, H.Củ Chi, TP.HCM",1600000.0,11.65,137339.06
1004,UYX60S,"Thửa 546 - tờ 33 Đỗ Đăng Tuyển, Xã An Nhơn Tây, H.Củ Chi, TP.HCM",2150000.0,6.37,337519.62
1005,QAZK6U,"Thửa 529 - tờ 50 Cây Trôm Mỹ Khánh, Xã Thái Mỹ, H.Củ Chi, TP.HCM",11000000.0,15.54,707850.71
1006,40QAMF,"Thửa 838 - tờ 50 Nguyễn Thị Nê, Xã Phú Hòa Đông, H.Củ Chi, TP.HCM",4850000.0,6.67,727136.43
1007,6SJJQ8,"Thửa 70 - tờ 23 Lưu Khai Hồng, TT.Củ Chi, H.Củ Chi, TP.HCM",6900000.0,23.92,288461.54
1008,UYGP8S,"Thửa 688 - tờ 172 Tỉnh Lộ 2, Xã Phước Vĩnh An, H.Củ Chi, TP.HCM",1850000.0,14.93,123911.59
1009,3790MQ,"Thửa 687 - tờ 172 Tỉnh Lộ 2, Xã Phước Vĩnh An, H.Củ Chi, TP.HCM",1850000.0,15.01,123251.17
1010,SDPUH5,"195/11H Điện Biên Phủ, P.14, Q.Bình Thạnh, TP.HCM",11900000.0,134.16,88700.06
1011,J2SV20,"Thửa 701 - tờ 76 Nguyễn Xiển, P.Long Thạnh Mỹ, TP.Thủ Đức, TP.HCM",3500000.0,53.43,65506.27
1012,0ZS319,"đường Thạnh Lộc 37, P.Thạnh Lộc, Q.12, TP.HCM",16500000.0,44.47,371036.65
1013,85FJG3,"5881 NGUYỄN VĂN KHỐI, P.11, Q.Gò Vấp, TP.HCM",7300000.0,90.12,81003.11
1014,DEPC5H,"Thửa 751 - tờ 14 Tỉnh Lộ 8, Xã Tân Thạnh Tây, H.Củ Chi, TP.HCM",1700000.0,11.47,148212.73
1015,EJTT14,"Thửa 555 - tờ 17 Tỉnh Lộ 8, Xã Hòa Phú, H.Củ Chi, TP.HCM",3500000.0,16.85,207715.13
1016,YB0CTD,"Thửa 1397 - tờ 193 đường Ba Sa, Xã Tân An Hội, H.Củ Chi, TP.HCM",1350000.0,7.23,186721.99
1017,9T6F2P,"Thửa 815 - tờ 23 Tỉnh Lộ 2, Xã Phước Vĩnh An, H.Củ Chi, TP.HCM",4900000.0,22.24,220323.74
1018,40TDAF,"Thửa 575 - tờ 15 Hồ Văng Tắng, Xã Tân Phú Trung, H.Củ Chi, TP.HCM",8500000.0,7.56,1124338.62
1019,5HFD87,"456-90 Khu Biệt Thự Thạnh Xuân, P.Thạnh Xuân, Q.12, TP.HCM",32000000.0,59.04,542005.42
1020,2MQX5Z,"Thửa 634 - tờ 155 Nguyễn Thị Rành, Xã Trung Lập Hạ, H.Củ Chi, TP.HCM",2500000.0,11.63,214961.31
1021,KF97VC,"Thửa 671 - tờ 23 đường Song Hành, TT.Hóc Môn, H.Hóc Môn, TP.HCM",3500000.0,26.94,129918.34
1022,9T1YWP,"Thửa 641 - tờ 50 Trần Thị Liêng, Xã Nhuận Đức, H.Củ Chi, TP.HCM",6150000.0,8.16,753676.47
1023,DEJGJH,"Thửa 564 - tờ 57, đường Bình Mỹ, Xã Bình Mỹ, H.Củ Chi, TP.HCM",2400000.0,12.0,200000.0
1024,UYBFJS,"Thửa 846 - tờ 23 Huỳnh Minh Mương, Xã Tân Thạnh Đông, H.Củ Chi, TP.HCM",2500000.0,20.69,120831.32
1025,ACWW4Y,"Thửa 639 - tờ 15 Tỉnh Lộ 15, Xã Phú Hòa Đông, H.Củ Chi, TP.HCM",3300000.0,14.94,220883.53
1026,5HEWC7,"Thửa 727 - tờ 28 đường số 64, Xã Tân Phú Trung, H.Củ Chi, TP.HCM",2200000.0,12.65,173913.04
1027,CW99KB,"Thửa 525 - tờ 144, 24/11/2A Bình Trị Đông, P.Bình Trị Đông, Q.Bình Tân, TP.HCM",5100000.0,73.17,69700.7
1028,SDC3R5,"Thửa 1115 - tờ 60, đường Thạnh Xuân 52, P.Thạnh Xuân, Q.12, TP.HCM",3180000.0,49.3,64503.04
1029,7KE69A,"Thửa 590 - tờ 7 Trần Thị Xong, Xã Nhuận Đức, H.Củ Chi, TP.HCM",4800000.0,4.2,1142857.14
1030,YBFMED,"Thửa 569 - tờ 39 Phạm Thị Lòng, Xã Trung An, H.Củ Chi, TP.HCM",4800000.0,19.86,241691.84
1031,7KENHA,"Thửa 597 - tờ 29 Trần Văn Chẩm, Xã Phước Vĩnh An, H.Củ Chi, TP.HCM",3150000.0,21.37,147402.9
1032,QAHG5U,"Thửa 606 - tờ 31 Nguyễn Thị Nê, Xã Phú Hòa Đông, H.Củ Chi, TP.HCM",2200000.0,8.77,250855.19
1033,EJP3H4,"Thửa 620 - tờ 9 Tỉnh Lộ 15, Xã Phú Hòa Đông, H.Củ Chi, TP.HCM",1250000.0,13.54,92319.05
1034,QAHYGU,"Thửa 51 - tờ 43 Nguyễn Kim Cương, Xã Tân Thạnh Đông, H.Củ Chi, TP.HCM",6100000.0,12.2,500000.0
1035,9TMN5P,"Thửa 744 - tờ 46 Tỉnh Lộ 15, Xã Tân Thạnh Đông, H.Củ Chi, TP.HCM",1800000.0,24.59,73200.49
1036,KFJFDC,"Thửa 667 - tờ 126 Nguyễn Thị Thôn, Xã Phú Hòa Đông, H.Củ Chi, TP.HCM",1600000.0,13.92,114942.53
1037,KFJB7C,"Thửa 1820 - tờ 53, đường Thạnh Xuân 52, P.Thới An, Q.12, TP.HCM",2850000.0,56.54,50406.79
1038,7KBS9A,"Thửa 192 - tờ 23 Huỳnh Minh Mương, Xã Tân Thạnh Đông, H.Củ Chi, TP.HCM",2600000.0,10.24,253906.25
1039,9TXFXP,"Thửa 708 - tờ 156 Nguyễn Thị Lắng, Xã Phước Vĩnh An, H.Củ Chi, TP.HCM",1900000.0,16.88,112559.24
1040,SDK1F5,"Thửa 17 -  tờ 10 Nguyễn Văn Nì, TT.Củ Chi, H.Củ Chi, TP.HCM",12500000.0,25.0,500000.0
1041,SDKE35,"559 ( Thửa 58 - tờ 78 ) Nguyễn Văn Khạ, Xã Tân An Hội, H.Củ Chi, TP.HCM",6200000.0,13.41,462341.54
1042,7KBESA,"Thửa 888 - tờ 2 Đông Thạnh 7, Xã Thới Tam Thôn, H.Hóc Môn, TP.HCM",10900000.0,11.32,962897.53
1043,QADDBU,"Thửa 1877 - tờ 75, đường Thạnh Xuân 33, P.Thới An, Q.12, TP.HCM",4650000.0,63.43,73309.16
1044,RG286J,"Thửa 692 - tờ 132 Nguyễn Thị Rành, Xã Trung Lập Hạ, H.Củ Chi, TP.HCM",1250000.0,7.74,161498.71
1045,QAYF8U,"Thửa 682 - tờ 7 Nguyễn Thị Lắng, Xã Tân Phú Trung, H.Củ Chi, TP.HCM",2900000.0,18.49,156841.54
1046,KFW2JC,"Thửa 706 - tờ 17 Tỉnh Lộ 8, Xã Phước Thạnh, H.Củ Chi, TP.HCM",1100000.0,10.81,101757.63
1047,ACC7DY,"Thửa 1038 - tờ 9 Nguyễn Thị Bi, TT.Củ Chi, H.Củ Chi, TP.HCM",2150000.0,5.93,362563.24
1048,1UUM16,"Thửa 892 - tờ 8 Lê Thị Bay, Xã Tân Thạnh Đông, H.Củ Chi, TP.HCM",2250000.0,12.83,175370.23
1049,DEEAYH,"Thửa 784 - tờ 62 ( tờ cũ 31) Nguyễn Kim Cương, Xã Tân Thạnh Đông, H.Củ Chi, TP.HCM",1800000.0,14.61,123203.29
1050,RGGXXJ,"Thửa  334 - tờ 13 Đặng Thúc Vịnh, Xã Thới Tam Thôn, H.Hóc Môn, TP.HCM",2880000.0,29.93,96224.52
1051,855DT3,"Thửa 633 - tờ 33 Tỉnh Lộ 8, Xã Hòa Phú, H.Củ Chi, TP.HCM",2100000.0,10.51,199809.71
1052,KFFWBC,"Thửa 609 - tờ 33 đường số 492, Xã Phạm Văn Cội, H.Củ Chi, TP.HCM",2170000.0,8.96,242187.5
1053,7KKHQA,"Thửa 627 - tờ 42 Tỉnh Lộ 2, Xã Trung Lập Hạ, H.Củ Chi, TP.HCM",3500000.0,21.23,164861.05
1054,QAASPU,"Thửa 704 - tờ 79 Tỉnh Lộ 7, Xã An Nhơn Tây, H.Củ Chi, TP.HCM",1050000.0,8.48,123820.75
1055,6SUVM8,"Thửa 801 - tờ 32 đường số 5, Xã Tân Thông Hội, H.Củ Chi, TP.HCM",2500000.0,23.74,105307.5
1056,0Z2RX9,"Thửa 1404 - tờ 12, đường Thạnh Lộc 41, P.Thạnh Lộc, Q.12, TP.HCM",4300000.0,83.01,51800.99
1057,GXNWX2,"Thửa 629 - tờ 52 Phạm Thới Quới, Xã Phú Mỹ Hưng, H.Củ Chi, TP.HCM",3600000.0,3.43,1049562.68
1058,QA7N3U,"Thửa 29 - tờ 35 Hà Thị Kiểm, Xã Phú Mỹ Hưng, H.Củ Chi, TP.HCM",6800000.0,3.97,1712846.35
1059,6SU248,"Thửa 46 - tờ 17 đường số 729, Xã Trung Lập Thượng, H.Củ Chi, TP.HCM",3500000.0,9.07,385887.54
1060,PNTETG,"Thửa 539 - tờ 23 Trần Quang Đạo, Xã Tân Thông Hội, H.Củ Chi, TP.HCM",5900000.0,14.4,409722.22
1061,RGPDHJ,"Thửa 1047 - tờ 2 Hồ Văn Tắng, Xã Tân Phú Trung, H.Củ Chi, TP.HCM",2550000.0,7.17,355648.54
1062,7KHZRA,"Thửa 673 - tờ 2 ấp Cây Sộp, Xã Tân An Hội, H.Củ Chi, TP.HCM",1800000.0,10.6,169811.32
1063,7KH4QA,"Thửa 742 -  tờ 20 đường số 30, Xã Tân Thông Hội, H.Củ Chi, TP.HCM",2550000.0,19.12,133368.2
1064,J2GXU0,"Thửa 641 - tờ 38 Trương Thị Kiện, Xã Thái Mỹ, H.Củ Chi, TP.HCM",1400000.0,3.21,436137.07
1065,GXNN52,"Thửa 562 - tờ 24 Lưu Khai Hồng, TT.Củ Chi, H.Củ Chi, TP.HCM",5900000.0,43.12,136827.46
1066,6SUUQ8,"Thửa 691 - tờ 172 đường số 29, Xã Phước Vĩnh An, H.Củ Chi, TP.HCM",1800000.0,11.38,158172.23
1067,RGP9PJ,"Thửa 577 - tờ 32 Đỗ Đăng Tuyển, Xã An Nhơn Tây, H.Củ Chi, TP.HCM",2150000.0,14.17,151729.0
1068,0ZGRM9,"Thửa 852 - tờ 10 Nguyễn Kim Cương, Xã Tân Thạnh Đông, H.Củ Chi, TP.HCM",2100000.0,21.85,96109.84
1069,DECQ5H,"Thửa 713 - tờ 141 Tỉnh Lộ 7, Xã Trung Lập Hạ, H.Củ Chi, TP.HCM",1250000.0,8.14,153562.65
1070,7KD60A,"Thửa 916 - tờ 10 Tỉnh Lộ 7, Xã Trung Lập Hạ, H.Củ Chi, TP.HCM",1650000.0,9.92,166330.65
1071,2MNWQZ,"Thửa 743 - tờ 5 Ba Sa, Xã Phước Hiệp, H.Củ Chi, TP.HCM",2800000.0,18.25,153424.66
1072,0ZGB29,"Thửa 806 - tờ 88 Liêu Bình Hương, TT.Củ Chi, H.Củ Chi, TP.HCM",5600000.0,17.61,318001.14
1073,6SQ228,"Thửa 10 - tờ 70 Nguyễn Phong Sắc, TT.Củ Chi, H.Củ Chi, TP.HCM",5300000.0,19.11,277341.71
1074,6SQGG8,"Thửa 593 - tờ 46 Nguyễn Văn Khạ, Xã Phú Hòa Đông, H.Củ Chi, TP.HCM",4200000.0,9.12,460526.32
1075,SDAXJ5,"Thửa 804 - tờ 82 Phạm Văn Cội, Xã Nhuận Đức, H.Củ Chi, TP.HCM",1390000.0,10.95,126940.64
1076,37S2WQ,"Thửa 543 - tờ 22 Nguyễn Thị Rành, Xã Phú Mỹ Hưng, H.Củ Chi, TP.HCM",3500000.0,2.92,1198630.14
1077,ACHXQY,"Thửa 52  - tờ 59 ( tờ cũ 29 ) Võ Thị Du, Xã Tân Thông Hội, H.Củ Chi, TP.HCM",3500000.0,11.83,295857.99
1078,85UYZ3,"Nơ Trang Long, P.13, Q.Bình Thạnh, TP.HCM",9500000.0,158.33,60001.26
1079,1U8M36,"Thửa 561 - tờ 89 đường số 7, Xã Tân Thông Hội, H.Củ Chi, TP.HCM",1750000.0,16.04,109102.24
1080,QAS60U,"Thửa 102 - tờ 24 Huỳnh Văn Cọ, TT.Củ Chi, H.Củ Chi, TP.HCM",5300000.0,26.5,200000.0
1081,7KYQ2A,"Thửa 827 - tờ 23 Trần Văn Chẩm, Xã Phước Vĩnh An, H.Củ Chi, TP.HCM",6300000.0,16.56,380434.78
1082,GXZJ62,"Thửa 668 - tờ 36 Trương Thị Kiện, Xã Thái Mỹ, H.Củ Chi, TP.HCM",1700000.0,8.55,198830.41
1083,37UXPQ,"Thửa 573 - tờ 38 Tỉnh Lộ 15, Xã Phú Hòa Đông, H.Củ Chi, TP.HCM",1380000.0,13.06,105666.16
1084,YBHQTD,"Tỉnh lộ 7, Xã Phước Thạnh, H.Củ Chi, TP.HCM",1650000.0,8.77,188141.39
1085,GXZWV2,"Thửa 591 - tờ 9 Tỉnh Lộ 2, Xã Tân An Hội, H.Củ Chi, TP.HCM",3500000.0,18.45,189701.9
1086,GXZFM2,"Thửa 592 - tờ 3 Nguyễn Văn Khạ, Xã Tân An Hội, H.Củ Chi, TP.HCM",2900000.0,6.57,441400.3
1087,YBH82D,"Thửa 125 - tờ 9 Tỉnh Lộ 7, Xã Phước Thạnh, H.Củ Chi, TP.HCM",3600000.0,3.48,1034482.76
1088,5HAXV7,"Thửa 737 - tờ 46 Lê Thị Bay, Xã Tân Thạnh Đông, H.Củ Chi, TP.HCM",2350000.0,16.18,145241.04
1089,ACDWGY,"Thửa 125 - tờ 19 Nguyễn Thị Dưỡng, Xã Tân Thạnh Đông, H.Củ Chi, TP.HCM",1500000.0,7.77,193050.19
1090,UY5BDS,"Thửa 46 - tờ 10 Tỉnh lộ 15, Xã Phú Hòa Đông, H.Củ Chi, TP.HCM",3300000.0,16.03,205864.0
1091,6S3518,"Thửa 821 - tờ 37 Lê Thị Đảo, Xã Tân Thạnh Đông, H.Củ Chi, TP.HCM",1550000.0,13.25,116981.13
1092,SD7H85,"Thửa 838 - tờ 8 Tỉnh Lộ 15, Xã Tân Thạnh Đông, H.Củ Chi, TP.HCM",2300000.0,14.16,162429.38
1093,5HAKK7,"Thửa 634 - tờ 24 Nguyễn Thị Dưỡng, Xã Tân Thạnh Đông, H.Củ Chi, TP.HCM",1800000.0,24.89,72318.2
1094,ACDC0Y,"Thửa 634 - tờ 15 Tỉnh Lộ 15, Xã Phú Hòa Đông, H.Củ Chi, TP.HCM",2600000.0,16.61,156532.21
1095,PTPJ3G,"Thửa 49 - tờ 13 Nguyễn Kim Cương, Xã Tân Thạnh Đông, H.Củ Chi, TP.HCM",1600000.0,14.63,109364.32
1096,3532JQ,"240/23/20 ( Thửa 1113 - tờ 54 ) Hiệp Thành 13, P.Tân Thới Hiệp, Q.12, TP.HCM",3900000.0,59.09,66001.02
1097,Q7QK9U,"Thửa 853 - tờ 10 đường số 397, Xã Tân Thạnh Đông, H.Củ Chi, TP.HCM",2150000.0,22.34,96239.93
1098,9Z9MEP,"Thửa 1189 - tờ 59 Đông Thạnh 4, Xã Đông Thạnh, H.Hóc Môn, TP.HCM",3600000.0,34.38,104712.04
1099,YCYB5D,"Thửa 709 - tờ 54 Đông Thạnh 1, Xã Đông Thạnh, H.Hóc Môn, TP.HCM",3800000.0,19.49,194971.78
1100,7H7H7A,"Thửa 536 - tờ 124 đường số 9, P.Bình Hưng Hòa, Q.Bình Tân, TP.HCM",5500000.0,75.13,73206.44
1101,Q7GFWU,"Thửa 1102 - tờ 55 đường Bùi Công Trừng, P.Thạnh Xuân, Q.12, TP.HCM",2150000.0,40.41,53204.65
1102,5DGVB7,"Thửa 1202 - tờ 59 ( số cũ 15) Thạnh Xuân 52, P.Thạnh Xuân, Q.12, TP.HCM",2800000.0,10.07,278053.62
1103,UAFP7S,"Thửa 657 - tờ 2 đường Thạnh Lộc 54, P.Thạnh Lộc, Q.12, TP.HCM",3900000.0,45.23,86225.96
1104,SYWP85,"Thửa 13 - tờ 15 Trần Thị Khoe, Xã Tân Thạnh Tây, H.Củ Chi, TP.HCM",12500000.0,11.38,1098418.28
1105,ERGGV4,"Thửa 910 - tờ 1 đường Hà Huy Giáp, P.Thạnh Lộc, Q.12, TP.HCM",2800000.0,33.61,83308.54
1106,6Q6098,"thửa 99 - tờ 177 đường số 6, P.Bình Hưng Hoà A, Q.Bình Tân, TP.HCM",6350000.0,99.21,64005.64
1107,8UFTV3,"đường Sông Lu, Trung An, H.Củ Chi, TP.HCM",4300000.0,0.01,430000000.0
1108,13EST6,"Hoàng Hữu Nam, P.Tân Phú, TP.Thủ Đức, TP.HCM",22000000.0,117.52,187202.18
1109,13KZW6,"tỉnh lộ 7, Xã Trung Lập Thượng, H.Củ Chi, TP.HCM",5900000.0,0.01,590000000.0
1110,6QHPC8,"1560/7/26/24 Tỉnh Lộ 10, P.Tân Tạo, Q.Bình Tân, TP.HCM",3900000.0,47.97,81300.81
1111,1V9T6T,"Thửa 83 - tờ 38 Trần Thị Bốc, Xã Thới Tam Thôn, H.Hóc Môn, TP.HCM",2200000.0,37.28,59012.88
1112,865Z3A,"Thửa 448 - Tờ 5 Lý Nam Đế, TT.Hóc Môn, H.Hóc Môn, TP.HCM",3350000.0,32.46,103203.94
1113,1NHR6T,"Thửa 1621 - Tờ 35, 10B đường số 24, P.Linh Đông, TP.Thủ Đức, TP.HCM",22000000.0,93.12,236254.3
1114,9V740P,"Một phần nhà 1155/51/8 ( Thửa 666 - tờ 19 ) Tỉnh Lộ 43, P.Bình Chiểu, TP.Thủ Đức, TP.HCM",3200000.0,59.47,53808.64
1115,SBR3F5,"Thửa 683 - tờ 96 Lê Quang Đạo (QL22), Xã Tân Xuân, H.Hóc Môn, TP.HCM",3600000.0,42.8,84112.15
1116,UCETWS,"1072/2A ( Thửa 577 - tờ 40 ) Kha Vạn Cân, P.Linh Chiểu, TP.Thủ Đức, TP.HCM",8750000.0,109.23,80106.2
1117,9VVTAP,"Thửa 701 - tờ 18 đường Song Hành QL22, TT.Hóc Môn, H.Hóc Môn, TP.HCM",3500000.0,40.32,86805.56
1118,AFERGY,"80 Số 3, P.Linh Xuân, TP.Thủ Đức, TP.HCM",7770000.0,47.55,163406.94
1119,WTPS9R,"Thửa 1048 - tờ 41 hẻm 94 đường Vườn Lài, P.An Phú Đông, Q.12, TP.HCM",4350000.0,78.51,55406.95
1120,74H31A,"167/6E Ấp Thới Tây 2, Xã Tân Hiệp, H.Hóc Môn, TP.HCM",3880000.0,26.71,145263.95
1121,8YMT03,"MPN 42/2A đường số 11, P.Hiệp Bình Phước, TP.Thủ Đức, TP.HCM",5250000.0,97.22,54001.23
1122,G1A572,"332A Liên Khu 4-5, P.Bình Hưng Hoà B, Q.Bình Tân, TP.HCM",16900000.0,58.82,287317.24
1123,A42PFY,"19/18 Quốc lộ 13, P.Hiệp Bình Chánh, TP.Thủ Đức, TP.HCM",8400000.0,64.46,130313.37
1124,RTQ82J,"30/10 Số 11, P.Cát Lái, TP.Thủ Đức, TP.HCM",7200000.0,75.0,96000.0
1125,YF046D,"Thửa 611 - Tờ 118 đường nhánh Kênh Đông, Xã Trung Lập Thượng, H.Củ Chi, TP.HCM",3800000.0,3.79,1002638.52
1126,G1QVU2,"Nguyễn Duy Trinh, P.Long Phước, TP.Thủ Đức, TP.HCM",2800000.0,28.0,100000.0
1127,SC7Z05,"Thửa 925 - Tờ 8 hẻm 854 Thống Nhất, P.15, Q.Gò Vấp, TP.HCM",5200000.0,101.76,51100.63
1128,QDG35U,"số 26, P.Cát Lái, TP.Thủ Đức, TP.HCM",13500000.0,99.11,136212.29
1129,QDRXSU,"Tỉnh Lộ 7, Xã An Nhơn Tây, H.Củ Chi, TP.HCM",6300000.0,5.59,1127012.52
1130,21U01Z,"Tân Thới Nhất 8, P.Tân Thới Nhất, Q.12, TP.HCM",17800000.0,149.32,119207.07
1131,0N6DB9,"Thửa 641 - Tờ 1 Đoàn Minh Triết, Xã Thái Mỹ, H.Củ Chi, TP.HCM",7500000.0,4.61,1626898.05
1132,AEW3UY,"A12 đường số 11, P.Linh Xuân, TP.Thủ Đức, TP.HCM",4200000.0,71.01,59146.6
1133,7BB2HA,"Thửa 17 - Tờ 39 Nguyễn Thị Nếp, Xã Tân Thạnh Đông, H.Củ Chi, TP.HCM",2100000.0,9.35,224598.93
1134,AEHVSY,"Thửa 401 - Tờ 34 Võ Văn Vân, Xã Vĩnh Lộc B, H.Bình Chánh, TP.HCM",8350000.0,31.4,265923.57
1135,0T0D29,"Nguyễn Văn Tạo, Xã Hiệp Phước, H.Nhà Bè, TP.HCM",1700000.0,21.25,80000.0
1136,UD3PGS,"Thửa 557 - Tờ 13 Trần Thị Hồ, Xã Hòa Phú, H.Củ Chi, TP.HCM",1450000.0,18.12,80022.08
1137,WG4QGR,"Thửa 556 - Tờ 13 Trần Thị Hồ, Xã Hòa Phú, H.Củ Chi, TP.HCM",1450000.0,18.12,80022.08
1138,65VCR8,"Thửa 692 - Tờ 91 ấp Mỹ Thạnh B, Xã Thái Mỹ, H.Củ Chi, TP.HCM",1350000.0,2.17,622119.82
1139,3A6EBQ,"Thửa 691 - Tờ 91 ấp Mỹ Thạnh B, Xã Thái Mỹ, H.Củ Chi, TP.HCM",1350000.0,2.05,658536.59
1140,QY84YU,"Thửa 690 - Tờ 91 ấp Mỹ Thạnh B, Xã Thái Mỹ, H.Củ Chi, TP.HCM",1350000.0,2.1,642857.14
1141,0TRP79,"Thửa 689 - Tờ 91 ấp Mỹ Thạnh B, Xã Thái Mỹ, H.Củ Chi, TP.HCM",1500000.0,1.85,810810.81
1142,ABUENY,"Thửa 728 - tờ 32 đường số 63, ấp Chợ, Xã Tân Phú Trung, H.Củ Chi, TP.HCM",12000000.0,5.07,2366863.91
1143,JZ4ZD0,"Thửa 619 - tờ 50 Cây Trôm Mỹ Khánh, Xã Thái Mỹ, H.Củ Chi, TP.HCM",2500000.0,12.08,206953.64
1144,65TZQ8,"Thửa 815+816+817+818+819 - Tờ 43 Bộ Đội An Điền, Xã Vĩnh Lộc A, H.Bình Chánh, TP.HCM",25500000.0,2.15,11860465.12
1145,87NBD3,"Thửa 653 - Tờ 63 đường Xuân Thới Thượng 4, Xã Xuân Thới Thượng, H.Hóc Môn, TP.HCM",11000000.0,8.06,1364764.27
1146,1SZ8E6,"Thửa 620 - tờ 35 đường số 8, P.Tăng Nhơn Phú B, TP.Thủ Đức, TP.HCM",6600000.0,122.9,53702.2
1147,AB8AZY,"Thửa 619 - tờ 35 đường số 8, P.Tăng Nhơn Phú B, TP.Thủ Đức, TP.HCM",6900000.0,117.34,58803.48
1148,CRSA4B,"Thửa 594 - Tờ 174 Xuân Thới Thượng 26, Xã Xuân Thới Thượng, H.Hóc Môn, TP.HCM",4100000.0,39.46,103902.69
1149,SHZB05,"Thửa 734 - Tờ 49 hẻm đường Thới Hòa, Xã Vĩnh Lộc A, H.Bình Chánh, TP.HCM",3900000.0,39.67,98311.07
1150,SHZBR5,"Thửa 752 - Tờ 49 hẻm đường Thới Hòa, Xã Vĩnh Lộc A, H.Bình Chánh, TP.HCM",3300000.0,37.93,87002.37
1151,ABG04Y,"Thửa 554 - Tờ 13 Trần Thị Hồ, Xã Hòa Phú, H.Củ Chi, TP.HCM",1450000.0,18.12,80022.08
1152,491N9F,"Thửa 553 - Tờ 13 Trần Thị Hồ, Xã Hòa Phú, H.Củ Chi, TP.HCM",1450000.0,18.12,80022.08
1153,6543P8,"Thửa 938 - tờ 41 hẻm 17 đường 458, Xã Trung An, H.Củ Chi, TP.HCM",2600000.0,18.11,143567.09
1154,49MGJF,"Một phần nhà 85/27/7B Hồ Văn Long, P.Tân Tạo, Q.Bình Tân, TP.HCM",3300000.0,52.71,62606.72
1155,SHFA95,"Thửa 585 - tờ 54 đường số 8, P.Long Phước, TP.Thủ Đức, TP.HCM",26500000.0,25.13,1054516.51
1156,SHBTH5,"Thửa 572 - tờ 30 đường Nguyễn Văn Khối, P.11, Q.Gò Vấp, TP.HCM",9600000.0,120.0,80000.0
1157,877BV3,"Thửa 189+613 - tờ 44 đường Võ Văn Điều, Xã An Nhơn Tây, H.Củ Chi, TP.HCM",18900000.0,1.26,15000000.0
1158,ABB0GY,"Thửa 1197 - tờ 4 đường Võ Văn Điều, Xã Phước Thạnh, H.Củ Chi, TP.HCM",12300000.0,13.43,915860.01
1159,UY31BS,"Thửa 657 - tờ 12 Nguyễn Kim Cương, ấp 6, Xã Tân Thạnh Đông, H.Củ Chi, TP.HCM",2000000.0,21.66,92336.1
1160,2MPK3Z,"Thửa 514 - tờ 58 Bình Mỹ, ấp 8, Xã Bình Mỹ, H.Củ Chi, TP.HCM",4200000.0,31.48,133418.04
1161,DEAXUH,"Thửa 578 - tờ 69 đường 155, ấp 25, Xã Bình Mỹ, H.Củ Chi, TP.HCM",6800000.0,12.36,550161.81
1162,AC523Y,"Thửa 690 - tờ 55 Đông Thạnh, ấp 4, Xã Đông Thạnh, H.Hóc Môn, TP.HCM",3550000.0,28.95,122625.22
1163,SD1XT5,"Thửa 46 - tờ 45 đường Kênh Cây Xanh, Xã Bình Mỹ, H.Củ Chi, TP.HCM",2350000.0,18.09,129906.03
1164,85TBA3,"Thửa 890 - tờ 24 hẻm 430 Lê Thị Riêng, P.Thới An, Q.12, TP.HCM",4550000.0,82.42,55205.05
1165,PNEY6G,"Thửa 560 - tờ 21 đường Kinh số 4, Xã Bình Lợi, H.Bình Chánh, TP.HCM",2600000.0,2.6,1000000.0
1166,ACX1RY,"Thửa 90 - tờ 80 ( tờ cũ 30) Cây Trôm Mỹ Khánh, Xã Thái Mỹ, H.Củ Chi, TP.HCM",4200000.0,5.51,762250.45
1167,WPQFFR,"Thửa 805 - tờ 40 Tân Thới Nhì 21, Xã Tân Thới Nhì, H.Hóc Môn, TP.HCM",3350000.0,33.39,100329.44
1168,DENQGH,"Thửa 12 - tờ 17 Thới Tam Thôn 9, Xã Thới Tam Thôn, H.Hóc Môn, TP.HCM",5500000.0,24.76,222132.47
1169,401Y3F,"256/18 ( Thửa 586 - tờ 18) Quốc Lộ 1K, P.Linh Xuân, TP.Thủ Đức, TP.HCM",3750000.0,71.15,52705.55
1170,7KWHMA,"Thửa 511 - tờ 21 đường số 8, P.Linh Xuân, TP.Thủ Đức, TP.HCM",4800000.0,48.92,98119.38
1171,RGPYDJ,"Thửa 611 - tờ 47 Phạm Thị Than, ấp Xóm Trại, Xã An Nhơn Tây, H.Củ Chi, TP.HCM",3000000.0,3.0,1000000.0
1172,9TGCMP,"Thửa 245 - tờ 1 Nguyễn Văn Khạ, Xã Tân An Hội, H.Củ Chi, TP.HCM",3500000.0,5.54,631768.95
1173,37U2RQ,"Thửa 736 - tờ 46 đường Lê Thị Bay, Xã Tân Thạnh Đông, H.Củ Chi, TP.HCM",2350000.0,16.43,143031.04
1174,J29M70,"Thửa 730 - tờ 16 Lê Thị Bay, Xã Tân Thạnh Đông, H.Củ Chi, TP.HCM",2400000.0,10.63,225776.11
1175,SYS1P5,"Thửa 668 - tờ 11 hẻm 432, ấp 1, Xã Bình Mỹ, H.Củ Chi, TP.HCM",2350000.0,21.38,109915.81
1176,Q7QXWU,"Thửa 1183 - tờ 5 Nguyễn Thị Lắng, Xã Tân Phú Trung, H.Củ Chi, TP.HCM",3900000.0,11.92,327181.21
1177,JGJCG0,"Thửa 852 - tờ 11 Mai Thị Buội, Xã Phước Vĩnh An, H.Củ Chi, TP.HCM",2700000.0,16.8,160714.29
1178,AKAVSY,"Thửa 730 - tờ 4 Hồ Văn Tắng, Xã Tân Phú Trung, H.Củ Chi, TP.HCM",1850000.0,3.63,509641.87
1179,DBD6SH,"Thửa 640 - tờ 35 Võ Thị Hồng, Xã Trung An, H.Củ Chi, TP.HCM",7200000.0,12.36,582524.27
1180,356BEQ,"445/59 Tân Hòa Đông, P.Bình Trị Đông, Q.Bình Tân, TP.HCM",6900000.0,110.22,62602.07
1181,YCGTUD,"Thửa 586 - tờ 18, đường Nguyễn Thị Thôn, Xã Phú Hòa Đông, H.Củ Chi, TP.HCM",1550000.0,14.11,109851.17
1182,8UXY83,"50 đường số 1, P.Tam Phú, TP.Thủ Đức, TP.HCM",5900000.0,83.8,70405.73
1183,SAA105,"Đường Trương Thị Hoa, P.Tân Thới Hiệp, Q.12, TP.HCM",37000000.0,69.26,534218.89
1184,1V0Z6T,"112/15 Thạnh Xuân 22, P.Thới An, Q.12, TP.HCM",4700000.0,70.25,66903.91
1185,38PFQ3,"25/54/11 đường Hồ Văn Long, P.Bình Trị Đông, Q.Bình Tân, TP.HCM",4200000.0,83.83,50101.4
1186,9UXMPM,"Thửa 420 - Tờ 59, Xã Phạm Văn Hai, H.Bình Chánh, TP.HCM",11500000.0,11.07,1038843.72
1187,JXUZ20,"Thửa 793 - tờ 49 hẻm đường Nguyễn Thị Thử, Xã Xuân Thới Sơn, H.Hóc Môn, TP.HCM",3250000.0,21.82,148945.92
1188,P15F0G,"Thửa 602 - tờ 147 đường Xuân Thới Sơn 20, Xã Xuân Thới Sơn, H.Hóc Môn, TP.HCM",3550000.0,29.75,119327.73
1189,QKRMXU,"Thửa 574 - tờ 147 hẻm đường Nguyễn Văn Bứa, Xã Bà Điểm, H.Hóc Môn, TP.HCM",6500000.0,12.63,514647.66
1190,AF0WRY,"Kênh Trung Ương-Bộ Đội An Điền, Xã Vĩnh Lộc A, H.Bình Chánh, TP.HCM",11000000.0,8.46,1300236.41
1191,EGTWT4,"Thửa 546 - tờ 47 hẻm 617 Lê Trọng Tấn, P.Bình Hưng Hòa, Q.Bình Tân, TP.HCM",4300000.0,47.09,91314.5
1192,8DUSN3,"Thửa 708 - tờ 175 ấp 1, Cao Thị Chiếc, Xã Phước Vĩnh An, H.Củ Chi, TP.HCM",2500000.0,15.09,165672.63
1193,26HUYZ,"Thửa 670 - tờ 76 Hẻm 14 Bia Truyền Thống, P.Tân Tạo, Q.Bình Tân, TP.HCM",3350000.0,68.78,48706.02
1194,G1DQ32,"Thửa 667 - Tờ 6 hẻm đường Nguyễn Thị Lắng, Xã Tân Phú Trung, H.Củ Chi, TP.HCM",1350000.0,11.27,119787.05
1195,QHJWTU,"3 Hẻm 1942 Huỳnh Tấn Phát, TT.Nhà Bè, H.Nhà Bè, TP.HCM",5800000.0,57.53,100816.97
1196,QHJWEU,"125B Đỗ Xuân Hợp, P.Phước Long B, TP.Thủ Đức, TP.HCM",4500000.0,77.45,58102.0
1197,SCFBM5,"Thửa 96 - Tờ 29 hẻm đường Lê Thị Dệt, Xã Tân An Hội, H.Củ Chi, TP.HCM",2350000.0,15.05,156146.18
1198,0NVBJ9,"Thửa 67 - Tờ 33 hẻm đường Lê Thị Ngà, Xã Phước Vĩnh An, H.Củ Chi, TP.HCM",6500000.0,14.63,444292.55
1199,QDYSGU,"Thửa 551 - Tờ 26 đường Xuân Thới Sơn 15, Xã Xuân Thới Sơn, H.Hóc Môn, TP.HCM",7800000.0,26.0,300000.0
1200,WG3YHR,"Thửa 1015 - Tờ 34 Ngô Chí Quốc, P.Bình Chiểu, TP.Thủ Đức, TP.HCM",3500000.0,60.76,57603.69
1201,R2Z61J,"Thửa 1049 - tờ 217, 413/92 Lê Văn Quới, P.Bình Trị Đông, Q.Bình Tân, TP.HCM",5850000.0,69.06,84708.95
1202,7CC6RA,"hẻm 918 Hương Lộ 2, P.Bình Trị Đông A, Q.Bình Tân, TP.HCM",5900000.0,118.0,50000.0
1203,AC65GY,"MP 16D ( Thửa 1203 - tờ 67) Hiệp Thành 23, khu phố 2, P.Hiệp Thành, Q.12, TP.HCM",6300000.0,65.83,95701.05
1204,85GDY3,"hẻm 23 đường số 13, P.Linh Xuân, TP.Thủ Đức, TP.HCM",19000000.0,16.07,1182327.32
1205,WP7S8R,"Thửa 676 - tờ 89 hẻm 258 Hồ Học Lãm, P.An Lạc, Q.Bình Tân, TP.HCM",8199999.999999999,51.31,159812.9
1206,37J8KQ,"Thửa 1400 - tờ 5 đường số 89, ấp Cây Da, Xã Tân Phú Trung, H.Củ Chi, TP.HCM",5000000.0,9.99,500500.5
1207,85BVS3,"Thửa 649 - tờ 113 hẻm 113 Linh Xuân, P.Linh Xuân, TP.Thủ Đức, TP.HCM",4550000.0,53.21,85510.24
1208,GX1FG2,"Thửa 180 - tờ 25 Tỉnh Lộ 15, ấp 5, Xã Tân Thạnh Đông, H.Củ Chi, TP.HCM",4560000.0,12.87,354312.35
1209,6S5CD8,"2B21/3 Liên ấp 1-2, Xã Phạm Văn Hai, H.Bình Chánh, TP.HCM",7500000.0,51.97,144314.03
1210,SDYBU5,"Thửa 730 - tờ 26 ấp Chợ, đường số 62, Xã Tân Phú Trung, H.Củ Chi, TP.HCM",2500000.0,15.83,157927.98
1211,WP99QR,"Thửa 814 - tờ 28 đường số 16, ấp Hậu, Xã Tân Thông Hội, H.Củ Chi, TP.HCM",3900000.0,15.55,250803.86
1212,QASAXU,"Thửa 750 - tờ 46 Nguyễn Kim Cương, ấp 6, Xã Tân Thạnh Đông, H.Củ Chi, TP.HCM",2200000.0,18.64,118025.75
1213,85Q5G3,"Thửa 749 - tờ 46 Nguyễn Kim Cương, ấp 6, Xã Tân Thạnh Đông, H.Củ Chi, TP.HCM",2200000.0,14.65,150170.65
1214,W9WA2R,"Thửa 137 - tờ 1 đường Bờ Sông Sài Gòn, Xã Phú Hòa Đông, H.Củ Chi, TP.HCM",3900000.0,3.2,1218750.0
1215,SYQWC5,"Thửa 993 tờ 31, hẻm 111 Đường Tây Lân, P.Bình Trị Đông A, Q.Bình Tân, TP.HCM",4100000.0,70.68,58007.92
1216,9ZJ80P,"Thửa 912 tờ 46 Hẻm 433 Đường Bình Thành, P.Bình Hưng Hoà B, Q.Bình Tân, TP.HCM",3750000.0,60.87,61606.7
1217,JGW1K0,"Thửa 915 tờ 46 Hẻm 433 đường Bình Thành, P.Bình Hưng Hoà B, Q.Bình Tân, TP.HCM",7900000.0,36.71,215200.22
1218,AKHVUY,"276/91/11 Thống Nhất, P.16, Q.Gò Vấp, TP.HCM",16500000.0,75.36,218949.04
1219,3STZ1Q,"218/2 Quốc lộ 22, Xã Tân Thông Hội, H.Củ Chi, TP.HCM",2690000.0,28.77,93500.17
1220,7D2RXA,"hẻm 29 đường Thạnh Lộc 47, P.Thạnh Lộc, Q.12, TP.HCM",3450000.0,0.04,86250000.0
1221,U74P7S,"Thửa 567 - Tờ 2 Trịnh Khắc Lập, Thạnh Mỹ Lợi, TP.Thủ Đức, TP.HCM",4850000.0,0.07,69285714.29
1222,SADHX5,"146/10 Trương Đăng Quế, P.3, Q.Gò Vấp, TP.HCM",14700000.0,99.93,147102.97
1223,S1YU5Y,"30/5 đường 671, P.Tân Phú, TP.Thủ Đức, TP.HCM",13700000.0,24.95,549098.2
1224,1PY96T,"397 Quốc Lộ 13, P.Hiệp Bình Phước, TP.Thủ Đức, TP.HCM",86500000.0,133.48,648037.16
1225,SC0345,"22 Hẻm 87/19 Đường Số 27, P.6, Q.Gò Vấp, TP.HCM",6300000.0,72.08,87402.89
1226,JNGVY0,"Thửa 644 - Tờ 10 hẻm đường Xuân Thới Sơn 35, Xã Xuân Thới Sơn, H.Hóc Môn, TP.HCM",2850000.0,30.64,93015.67
1227,6AUHC8,"Thửa 643 - Tờ 10 hẻm đường Xuân Thới Sơn 35, Xã Xuân Thới Sơn, H.Hóc Môn, TP.HCM",2850000.0,30.94,92113.77
1228,3YY0KQ,"Thửa 532 - Tờ 58 hẻm 499/6 Đường Quang Trung, P.10, Q.Gò Vấp, TP.HCM",7550000.0,92.41,81701.11
1229,ABTZWY,"Thửa 524 - tờ 62 hẻm 26 đường số 12, P.Tam Bình, TP.Thủ Đức, TP.HCM",10900000.0,76.22,143007.08
1230,7CP9UA,"Thửa 1291 - Tờ 195 hẻm đường Xuân Thới Thượng 9, Xã Bà Điểm, H.Hóc Môn, TP.HCM",4250000.0,45.16,94109.83
1231,WG82NR,"Thửa 555 - Tờ 147 hẻm đường Xuân Thới Thượng 03, Xã Bà Điểm, H.Hóc Môn, TP.HCM",3650000.0,30.93,118008.41
1232,QYYT6U,"hẻm 918 đường Hương lộ 2, P.Bình Trị Đông A, Q.Bình Tân, TP.HCM",6500000.0,130.0,50000.0
1233,5H6JM7,"Thửa 416 - tờ 120 hẻm 39/23 Hoàng Bật Đạt, P.15, Q.Tân Bình, TP.HCM",6280000.0,100.48,62500.0
1234,RGAS0J,"Thửa 64 - tờ 29, 16/2T Trung Chánh, ấp Mỹ Hòa 1, Xã Trung Chánh, H.Hóc Môn, TP.HCM",4250000.0,61.59,69004.71
1235,37UXTQ,"Thửa 747 - tờ 31 Nguyễn Thị Đặng, ấp 7, Xã Tân Thạnh Đông, H.Củ Chi, TP.HCM",2500000.0,14.66,170532.06
1236,JG7H30,"Thửa 287 tờ 195, đường số 1, P.7, Q.8, TP.HCM",5300000.0,48.18,110004.15
1237,6URTD8,"Đường Phan Văn Hớn, Xã Bà Điểm, H.Hóc Môn, TP.HCM",5400000.0,53.04,101809.95
1238,7H2VQA,"Thửa 584 tờ 41, Đường Thạnh Xuân 24, P.Thạnh Xuân, Q.12, TP.HCM",4050000.0,59.03,68609.18
1239,Q7RE0U,"Đường Nguyễn Xí, P.13, Q.Bình Thạnh, TP.HCM",10600000.0,86.17,123012.65
1240,Q7K57U,"Thửa 933 - Tờ 11, Đường Thạnh Lộc 29, P.Thạnh Lộc, Q.12, TP.HCM",5980000.0,88.07,67900.53
1241,W9Z74R,"Thửa 14-222 -  tờ 78, đường D14, Phước Long B, Q.9, TP.HCM",10100000.0,90.99,111001.21
1242,GN1YE2,"Thửa 750 tờ 7, đường Thạnh Mỹ Lợi, Thạnh Mỹ Lợi, Q.2, TP.HCM",6000000.0,80.64,74404.76
1243,SA3SV5,"Thửa đất 687 - số 94, đường số 6, Long Bình, Q.9, TP.HCM",40000000.0,40.02,999500.25
1244,AH127Y,"Thửa 2165- Tờ 92, Thạnh Xuân 22, P.Thới An, Q.12, TP.HCM",5700000.0,95.15,59905.41
1245,W0S1NR,"TK 46/7 Đường Võ Văn Kiệt, P.Cầu Kho, Q.1, TP.HCM",8950000.0,237.4,37700.08
1246,8UFER3,"hẻm 60 đường số 4, P.Trường Thọ, TP.Thủ Đức, TP.HCM",3850000.0,0.06,64166666.67
1247,DC269H,"Hẻm 21/8 Lê Công Phép, An Lạc, Q.Bình Tân, TP.HCM",6300000.0,1.16,5431034.48
1248,5BPZB7,"Xã Trường Xuân, H.Thới Lai, TP. Cần Thơ",1870000.0,2.64,708333.33
1249,SY12G5,"Thửa 601 tờ 48, đường Thạnh Xuân 22, P.Thạnh Xuân, Q.12, TP.HCM",3350000.0,52.34,64004.59
1250,35PG3Q,"Thửa 565 tờ 43, đường Hà Huy Giáp, P.Thạnh Xuân, Q.12, TP.HCM",3680000.0,61.43,59905.58
1251,9ZAMXP,"Thửa 660 - tờ 25 hẻm 1870/1 /98 Tỉnh Lộ 10, P.Tân Tạo, Q.Bình Tân, TP.HCM",15500000.0,21.87,708733.42
1252,CFXZAB,"Thửa 671 tờ 253, đường số 18B, P.Bình Hưng Hoà A, Q.Bình Tân, TP.HCM",6800000.0,74.64,91103.97
1253,2XQC9Z,"MPN 62/21 Đường Phú Thọ Hòa, P.Phú Thọ Hòa, Q.Tân Phú, TP.HCM",4800000.0,1.07,4485981.31
1254,ERZ374,"Thửa 886 tờ 12, đường Dương Công Khi, Xã Tân Hiệp, H.Hóc Môn, TP.HCM",27000000.0,47.29,570945.23
1255,4RH8CF,"Thửa 1627 - Tờ 9 Cống Hộp Số 3, P.Thạnh Xuân, Q.12, TP.HCM",6100000.0,40.93,149034.94
1256,8U0CC3,"Đường Dương Đình Hội, P.Phước Long B, TP.Thủ Đức, TP.HCM",12500000.0,60.73,205829.08
1257,JGFSR0,"Thửa 325 tờ 130 (TL-2005 ), đường số 6, P.Bình Hưng Hoà B, Q.Bình Tân, TP.HCM",3000000.0,46.87,64006.83
1258,Q7MP5U,"Thửa 795 tờ 54, đường Trung Lân 4, Xã Bà Điểm, H.Hóc Môn, TP.HCM",4100000.0,55.7,73608.62
1259,7H2UEA,"Thửa 554 tờ 23, Đường Hoàng Phan Thái, Xã Bình Chánh, H.Bình Chánh, TP.HCM",4600000.0,20.47,224719.1
1260,W96V6R,"Thửa 645 - tờ 70, đường Đông Thạnh 7, Xã Đông Thạnh, H.Hóc Môn, TP.HCM",6400000.0,3.98,1608040.2
1261,Q7CRRU,"Thửa 568 - tờ 30, Đường Nguyễn Văn Khối, P.11, Q.Gò Vấp, TP.HCM",9100000.0,113.75,80000.0
1262,RPZD7J,"Thửa 1645 - tờ 129, đường Bùi Thị Lùng, Xã Thới Tam Thôn, H.Hóc Môn, TP.HCM",3500000.0,42.94,81509.08
1263,KEASAC,"Thửa 590 - Tờ 31, đường số 21, P.Long Thạnh Mỹ, TP.Thủ Đức, TP.HCM",5400000.0,53.09,101714.07
1264,CJSTQB,"Thửa 1490 - Tờ 17 đường số 89, Khu dân cư Tân Phú Trung, Xã Tân Phú Trung, H.Củ Chi, TP.HCM",2160000.0,27.06,79822.62
1265,AKZPBY,"Thửa 700-706 tờ 6, Đường Hồ Văn Thắng, Xã Tân Phú Trung, H.Củ Chi, TP.HCM",17500000.0,22.92,763525.31
1266,UAJ4KS,"Một phần nhà số 297 Đường Nơ Trang Long, P.13, Q.Bình Thạnh, TP.HCM",10500000.0,176.17,59601.52
1267,K4BHYC,"Thửa số 517 tờ số 86, đường Thống Nhất, P.16, Q.Gò Vấp, TP.HCM",6650000.0,92.87,71605.47
1268,SAMXT5,"Thửa 612 - Tờ 40 Hẻm 49, đường số 18, P.Linh Trung, TP.Thủ Đức, TP.HCM",14000000.0,49.14,284900.28
1269,7D1VNA,"Thửa 55 - Số 161 (TL-2005) đường số 14, P.Bình Hưng Hoà A, Q.Bình Tân, TP.HCM",4750000.0,54.59,87012.27
1270,927YAP,"Thửa 541-542 - Tờ 18, Đường Nguyễn Duy Trinh, P.Phú Hữu, TP.Thủ Đức, TP.HCM",68000000.0,74.79,909212.46
1271,C0M1FB,"Xã Trường Xuân, H.Thới Lai, TP. Cần Thơ",2500000.0,33.78,74008.29
1272,0XUCB9,"Huyện 17, Xã Trường Xuân, H.Thới Lai, TP. Cần Thơ",3510000.0,3.76,933510.64
1273,JX1W90,"Thửa 538 - Tờ số 5 Song Hành Phạm Văn Đồng và đường Dương Đình Nghệ, P.Linh Xuân, TP.Thủ Đức, TP.HCM",400000000.0,75.47,5300119.25
1274,W92X5R,"Thửa số 531 tờ số 95, đường Đô Đốc Long, P.Tân Quý, Q.Tân Phú, TP.HCM",7850000.0,96.08,81702.75
1275,GTRWQ2,"Thửa 713 - tờ 6, 611/13/4 Lê Văn Thọ, P.14, Q.Gò Vấp, TP.HCM",7160000.0,74.73,95811.59
1276,KRWJFC,"Thửa 38 - tờ 1 Thôn 1, P.Hải Thành, Q.Dương Kinh, TP. Hải Phòng",4500000.0,37.5,120000.0
1277,5KZ5G7,"Thửa 373 - Tờ 11 Tô Vĩnh Diện, P.Long Tuyền, Q.Bình Thuỷ, TP. Cần Thơ",4960000.0,20.0,248000.0
1278,D4NPKH,"Thửa 1082 - Tờ 11 Thích Tịnh Khiết, P.Thuỷ Xuân, Q.Thuận Hóa, TP. Huế",2550000.0,25.47,100117.79
1279,UDV2KS,"Thửa 18A/268A - tờ 3A/10 thôn Lương Quán, P.Nam Sơn, Q.An Dương, TP. Hải Phòng",2590000.0,26.56,97515.06
1280,2VRH5Z,"Thửa 1036 - tờ 12 thôn Hoàng Mai, P.Đồng Thái, Q.An Dương, TP. Hải Phòng",1580000.0,26.33,60007.6
1281,1SJE36,"Thửa 152/6 - tờ 3 thôn 12, Xã Liên Xuân, TP.Thuỷ Nguyên, TP. Hải Phòng",410.0,5.39,76.07
1282,WGSEBR,"Thửa 184 - Tờ 148 Trinh Đường, P.An Khê, Q.Thanh Khê, TP. Đà Nẵng",3550000.0,44.37,80009.02
1283,YB003D,"Thửa 54 - Tờ 40, Số 330 Trường Sơn, Xã Hòa Nhơn, H.Hòa Vang, TP. Đà Nẵng",3500000.0,27.13,129008.48
1284,SC06K5,"7.42857142857143 Bùi Hữu Nghĩa, P.Bình Thủy, Q.Bình Thuỷ, TP. Cần Thơ",2030000.0,9.37,216648.88
1285,9NBFKP,"Thửa 2184 - tờ 9 thôn 11, Xã Liên Xuân, TP.Thuỷ Nguyên, TP. Hải Phòng",330.0,2.01,164.18
1286,QY9ACU,"Thửa 689 - tờ 100-2023 thôn Kiều Hạ 2, P.An Hải, Q.An Dương, TP. Hải Phòng",999.0,3.94,253.55
1287,Y4EBQD,"Thửa 264 - tờ 4 Thôn An Thuận, Xã Hương Toàn, TX.Hương Trà, TP. Huế",499.0,3.94,126.65
1288,A4TNJY,"24 Kiệt 227 (Thửa 384 - tờ 11) Trần Phú, P.Trường An, Q.Thuận Hóa, TP. Huế",1900000.0,24.45,77709.61
1289,SH1NX5,"Thửa 494 - tờ 22 thôn An Thạch, Xã Kiến Thiết, H.Tiên Lãng, TP. Hải Phòng",4080000.0,6.21,657004.83
1290,5KTEM7,"Thửa 189 - tờ 17 Đồi Bé, Xã Thanh Bình, H.Chương Mỹ, TP. Hà Nội",1200000.0,27.9,43010.75
1291,Q76Z5U,"Thửa 959 - tờ 33 và Thửa 960 - tờ 33 đường số 7, Long Trường, Q.9, TP.HCM",3390000.0,59.63,56850.58
1292,Q7YW9U,"Thửa số 518 tờ số 104, đường Liên Ấp 1-2-3, Xã Vĩnh Lộc B, H.Bình Chánh, TP.HCM",13000000.0,6.96,1867816.09
1293,6U5H78,"MPN 334/1 Lê Trọng Tấn, Thửa số 525 tờ số 168, P.Tây Thạnh, Q.Tân Phú, TP.HCM",5000000.0,119.04,42002.69
1294,5DKFK7,"MPN 334/1 Lê Trọng Tấn, Thửa số 523 tờ số 168, P.Tây Thạnh, Q.Tân Phú, TP.HCM",5000000.0,119.04,42002.69
1295,6U5DV8,"MPN 334/1 Lê Trọng Tấn, Thửa số 524 tờ số 168, P.Tây Thạnh, Q.Tân Phú, TP.HCM",5000000.0,119.04,42002.69
1296,UA7NUS,"Thửa 22 tờ số 19, hẻm 481 đường Tân Kỳ Tân Quý, P.Tân Sơn Nhì, Q.Tân Phú, TP.HCM",7980000.0,70.49,113207.55
1297,QAGNWU,"Thửa 8944 - Tờ 1, Đường A1 KDC Long Thịnh, P.Phú Thứ, Q.Cái Răng, TP. Cần Thơ",7800000.0,43.33,180013.85
1298,87NTP3,"Thửa 650 - tờ 35 thôn Hoàng Lâu, P.Hồng Phong, Q.An Dương, TP. Hải Phòng",880.0,14.66,60.03
1299,87NJ43,"Thửa 529 - tờ 8 thôn Kính Trực, Xã Tân Phong, H.Kiến Thuỵ, TP. Hải Phòng",2050000.0,22.77,90030.74
1300,ABUK2Y,"Thửa 199 - tờ 52 Khu Xuân Mai, TT.Xuân Mai, H.Chương Mỹ, TP. Hà Nội",3000000.0,30.0,100000.0
1301,6SZ4W8,"Thửa 235 - tờ 38 TDP Khánh Mỹ, P.Phong Hiền, TX.Phong Điền, TP. Huế",750.0,6.21,120.77
1302,9TGVEP,"Thửa 1097 tờ 16, đường Rạch Nhum, P.Long Tuyền, Q.Bình Thuỷ, TP. Cần Thơ",790.0,17.79,44.41
1303,GMD6M2,"Thửa 2466 - tờ 1 thôn 6, P.Hoàng Lâm, TP.Thuỷ Nguyên, TP. Hải Phòng",1200000.0,15.38,78023.41
1304,WPJTDR,"Thửa 1100 tờ 16, đường Rạch Nhum, P.Long Tuyền, Q.Bình Thuỷ, TP. Cần Thơ",750.0,18.38,40.81
1305,QASK0U,"Thửa 1099 tờ 16, đường Rạch Nhum, P.Long Tuyền, Q.Bình Thuỷ, TP. Cần Thơ",750.0,17.94,41.81
1306,1SJB86,"Thửa 2189 - tờ 7 Thôn 5, Xã Liên Xuân, TP.Thuỷ Nguyên, TP. Hải Phòng",1290000.0,14.17,91037.4
1307,D4MYXH,"Thửa 63 - Tờ B2-27 Nguyễn Văn Tỵ, Xã Hòa Phước, H.Hòa Vang, TP. Đà Nẵng",4200000.0,42.0,100000.0
1308,UDH4AS,"Thửa Lô 10 - tờ KQH Hà Huy Giáp, P.Vỹ Dạ, Q.Thuận Hóa, TP. Huế",7500000.0,50.0,150000.0
1309,YCF3RD,"Thửa 553 tờ 18, Một phần nhà 1053/15 Lê Đức Thọ, P.16, Q.Gò Vấp, TP.HCM",5380000.0,119.55,45002.09
1310,7HE6EA,"Thửa 552 tờ 18, Một phần nhà 1053/15 Lê Đức Thọ, P.16, Q.Gò Vấp, TP.HCM",4850000.0,121.85,39803.04
1311,9ZME2P,"Thửa 551 tờ 18, Một phần nhà 1053/15 Lê Đức Thọ, P.16, Q.Gò Vấp, TP.HCM",5630000.0,115.6,48702.42
1312,PTXSBG,"Thửa đất số 411 - Tờ bản đồ số 13, đường Thoại Ngọc Hầu, P.Phú Thạnh, Q.Tân Phú, TP.HCM",27000000.0,110.79,243704.31
1313,ABXJAY,"Thửa 2434 - tờ 3 thôn Trà Sơn, P.Trần Hưng Đạo, TP.Thuỷ Nguyên, TP. Hải Phòng",920.0,14.48,63.54
1314,QYMNCU,"Thửa 856 - tờ 4 Dân Hạnh, P.An Hải, Q.An Dương, TP. Hải Phòng",3800000.0,34.54,110017.37
1315,WGDC7R,"Thửa (866+866A/1)/B - tờ 1 Thôn 7, P.Hoàng Lâm, TP.Thuỷ Nguyên, TP. Hải Phòng",995.0,16.58,60.01
1316,6551M8,"Thửa 1211 - Tờ 1 KV 5, P.Ba Láng, Q.Cái Răng, TP. Cần Thơ",3390000.0,4.87,696098.56
1317,UDVM3S,"Thửa 440 - tờ 19 Đồng Thái, P.Đồng Thái, Q.An Dương, TP. Hải Phòng",4300000.0,40.95,105006.11
1318,QY5H1U,"Thửa 2036 - Tờ 105, Kiệt DT602, Xã Hòa Ninh, H.Hòa Vang, TP. Đà Nẵng",1650000.0,13.72,120262.39
1319,E96J04,"Thửa 712 - tờ 6 Dương Xuân Hạ, P.Thuỷ Xuân, Q.Thuận Hóa, TP. Huế",3150000.0,37.05,85020.24
1320,8ARX63,"Thửa 431 - tờ 3 TDP Bấc 2, P.Thuỷ Đường, TP.Thuỷ Nguyên, TP. Hải Phòng",2850000.0,40.71,70007.37
1321,DEYE9H,"Thửa 80 - Tờ 08, Ngõ Nam Hưng, P.Nam Hải, Q.Hải An, TP. Hải Phòng",2700000.0,27.0,100000.0
1322,JZBB60,"Thửa 356A9 - tờ 9 Thôn Vĩnh Khê, P.An Đồng, Q.An Dương, TP. Hải Phòng",1580000.0,316.0,5000.0
1323,AC8URY,"Thửa 455 - Tờ 25 Trưng Nữ Vương, P.Thủy Dương, TX.Hương Thủy, TP. Huế",5320000.0,21.69,245274.32
1324,6S5W78,"201 Đồng Kè, P.Hòa Khánh Bắc, Q.Liên Chiểu, TP. Đà Nẵng",6000000.0,42.76,140318.05
1325,KRWR4C,"Thửa 83A - tờ 02 Khu Phú Lộc, P.Hưng Đạo, Q.Dương Kinh, TP. Hải Phòng",1900000.0,20.21,94012.86
1326,J29YR0,"Thửa 2969 - Tờ 7 Tỉnh lộ 932, Xã Nhơn Nghĩa, H.Phong Điền, TP. Cần Thơ",1800000.0,20.0,90000.0
1327,YENB9D,"Thửa 11-N1 - tờ 11 đường An Kim Hải, P.An Hải, Q.An Dương, TP. Hải Phòng",4640000.0,25.77,180054.33
1328,85TAU3,"Thửa 110 - Tờ 15 Máng, P.An Đồng, Q.An Dương, TP. Hải Phòng",5800000.0,5.8,1000000.0
1329,65S2G8,"Thửa 73 - Tờ 52 Lộ Cai Tư, P.Trung Kiên, Q.Thốt Nốt, TP. Cần Thơ",1500000.0,7.75,193548.39
1330,7EP7GA,"15 Quốc lộ 91, P.Trung Kiên, Q.Thốt Nốt, TP. Cần Thơ",363.0,7.56,48.02
1331,8AHBN3,"Vĩnh Lạc, Xã Mỹ Xuyên, H.Mỹ Đức, TP. Hà Nội",1470000.0,7.98,184210.53
1332,0ZCW79,"Thửa 03 lô N1 - Tờ 16 Thôn 5, P.Tân Tiến, Q.An Dương, TP. Hải Phòng",2870000.0,28.7,100000.0
1333,YE71ND,"Thửa 354 - tờ 2 đường Nông Lâm, Xã Phú Cát, H.Quốc Oai, TP. Hà Nội",3000000.0,27.57,108813.93
1334,WG4AXR,"Thửa 356 - tờ 2 đường Nông Lâm, Xã Phú Cát, H.Quốc Oai, TP. Hà Nội",3000000.0,27.24,110132.16
1335,QY82WU,"Thửa 367 - tờ 2 đường Nông Lâm, Xã Phú Cát, H.Quốc Oai, TP. Hà Nội",3000000.0,28.32,105932.2
1336,40N8VF,"10 Khánh An 12, P.Hòa Khánh Nam, Q.Liên Chiểu, TP. Đà Nẵng",3990000.0,45.13,88411.26
1337,AB3MKY,"Thửa 898 - tờ 5 thôn Đồng Rồi, Xã Kiến Hưng, H.Kiến Thuỵ, TP. Hải Phòng",780.0,9.84,79.27
1338,KW6PUC,"Thửa 801 - Tờ 12 Hoàng Quốc Việt, Xã Thủy Thanh, TX.Hương Thủy, TP. Huế",11500000.0,85.88,133907.78
1339,RT371J,"374/2/198 Hẻm 233, P.An Hòa, Q.Ninh Kiều, TP. Cần Thơ",4500000.0,33.33,135013.5
1340,65DJ58,"Thửa 1351 - Tờ 1, Hẻm 54 Hồ Trung Thành, P.Long Hòa, Q.Bình Thuỷ, TP. Cần Thơ",950.0,21.99,43.2
1341,8SVT43,"Thửa 423 - tờ 127 và thửa 41 - tờ 127 Đường Kinh Dương Vương, P.Bình Trị Đông B, Q.Bình Tân, TP.HCM",8300000.000000001,58.28,142415.92
1342,QYH2XU,"Thửa 662 - tờ 47 Rạch Vạn Lịch, P.Trường Lạc, Q.Ô Môn, TP. Cần Thơ",1150000.0,7.66,150130.55
1343,RZ0DEJ,"A7, P.Phú Thứ, Q.Cái Răng, TP. Cần Thơ",2650000.0,26.1,101532.57
1344,0ZZ3H9,"1134 Trường Chinh, P.Hòa Phát, Q.Cẩm Lệ, TP. Đà Nẵng",4150000.000000001,58.69,70710.51
1345,7BCWSA,"Thửa 144 - tờ 62 Tổ dân phố Trung Nghĩa, P.Hợp Đức, Q.Đồ Sơn, TP. Hải Phòng",755.0,17.15,44.02
1346,1SNSF6,"Thửa 833 - tờ 45 Thôn Đông Hạ, Xã Phú Cát, H.Quốc Oai, TP. Hà Nội",1980000.0,19.86,99697.89
1347,QHR23U,"48b Trần Chiên, P.Lê Bình, Q.Cái Răng, TP. Cần Thơ",12400000.0,41.75,297005.99
1348,7K450A,"Thửa 689 - Tờ 16 hẻm đường Bông Vang, P.Long Tuyền, Q.Bình Thuỷ, TP. Cần Thơ",950.0,4.75,200.0
1349,DE444H,"43 Lê Ninh, P.An Hải Bắc, Q.Sơn Trà, TP. Đà Nẵng",12900000.0,145.92,88404.61
1350,GMN7R2,"Thửa 228 - Tờ 17 Bờ Đằm 6, Xã Hòa Phước, H.Hòa Vang, TP. Đà Nẵng",3450000.0,34.5,100000.0
1351,SKP3H5,"Thửa 4835 - tờ 2 Thôn Quản, P.Thuỷ Đường, TP.Thuỷ Nguyên, TP. Hải Phòng",3100000.0,50.0,62000.0
1352,SDN4J5,"Thửa 52 - Tờ 223 Trà Khê 1, P.Anh Dũng, Q.Dương Kinh, TP. Hải Phòng",2990000.0,23.0,130000.0
1353,9TT34P,"Lô D-20 Nguyễn Lộ Trạch, P.Hòa Cường Nam, Q.Hải Châu, TP. Đà Nẵng",13000000.0,130.0,100000.0
1354,GXJ6R2,"Thửa 37 - Tờ 49 thôn Xuân Thụy, Xã Kiêu Kỵ, H.Gia Lâm, TP. Hà Nội",5500000.0,86.88,63305.71
1355,GM9KM2,"Thửa 365 - tờ 101 thôn 2, Xã Phú Cát, H.Quốc Oai, TP. Hà Nội",3850000.0,38.5,100000.0
1356,PX615G,"Thửa 638 - Tờ 8 Ấp Mỹ Hòa, Xã Mỹ Khánh, H.Phong Điền, TP. Cần Thơ",730.0,6.95,105.04
1357,5K8UK7,"Thửa 874 - tờ 45 thôn Đông Hạ, Xã Phú Cát, H.Quốc Oai, TP. Hà Nội",1980000.0,19.86,99697.89
1358,6AH3M8,"Thửa 304 - tờ 15 Nguyễn Sinh Cung nối dài, P.Phú Thượng, Q.Thuận Hóa, TP. Huế",2000000.0,20.4,98039.22
1359,8AAJU3,"Thửa 801 - tờ 13 Xóm Thượng Hiền, Xã Hà Hồi, H.Thường Tín, TP. Hà Nội",4600000.0,92.0,50000.0
1360,EJ2RZ4,"19/24 ( Thửa 309 - Tờ 61) Hồ Tùng Mậu, P.Cái Khế, Q.Ninh Kiều, TP. Cần Thơ",3800000.0,54.28,70007.37
1361,85N0B3,"Thửa 431 - Tờ 57 DH8, Xã Hòa Khương, H.Hòa Vang, TP. Đà Nẵng",1330000.0,11.08,120036.1
1362,EJJRV4,"Thửa 268 - Tờ 157 Phùng Hưng, P.Hòa Minh, Q.Liên Chiểu, TP. Đà Nẵng",15500000.0,100.0,155000.0
1363,6SFC18,"Thửa 1590 - Tờ 2 Quốc Lộ 1A, P.Ba Láng, Q.Cái Răng, TP. Cần Thơ",5900000.0,14.0,421428.57
1364,2VR04Z,"Thửa 370- tờ 4 Thôn Quỳnh Hoàng, P.Nam Sơn, Q.An Dương, TP. Hải Phòng",1250000.0,22.93,54513.74
1365,6ST748,"Thửa 679 - Tờ 32 Thôn Kiều Hạ 2, P.An Hải, Q.An Dương, TP. Hải Phòng",890.0,14.12,63.03
1366,KWXAZC,"Thửa 656 - tờ 17 thôn Cư An, Xã Tam Đồng, H.Mê Linh, TP. Hà Nội",2500000.0,45.95,54406.96
1367,WPXY4R,"Thửa 98 - Tờ 24 Tôn Đản, P.Hòa Thọ Tây, Q.Cẩm Lệ, TP. Đà Nẵng",4300000.0,53.41,80509.27
1368,6S57X8,"116 Thâm Tâm, P.Hoà Quý, Q.Ngũ Hành Sơn, TP. Đà Nẵng",5000000.0,50.0,100000.0
1369,1SZTA6,"Thửa 46 - tờ 14 thôn Cái Tắt, P.An Đồng, Q.An Dương, TP. Hải Phòng",3750000.0,37.5,100000.0
1370,2V3Y0Z,"Thửa 706 - Tờ 12 An Hạ 1, Xã An Thượng, H.Hoài Đức, TP. Hà Nội",3350000.0,100.0,33500.0
1371,37HWSQ,"47 Nhất Chi Mai, P.Hòa Thọ Đông, Q.Cẩm Lệ, TP. Đà Nẵng",5950000.0,59.5,100000.0
1372,8AV4D3,"Thửa 370 - Tờ 11 K457 Hà Huy Tập, P.An Khê, Q.Thanh Khê, TP. Đà Nẵng",3250000.0,60.52,53701.26
1373,KWV2AC,"Thửa 429 - tờ 26 Đội 2, thôn Việt Yên, Xã Phú Cát, H.Quốc Oai, TP. Hà Nội",1700000.0,14.55,116838.49
1374,87JAK3,"Thửa 21A - Tờ 14 Hà Xá, Xã Đại Hưng, H.Mỹ Đức, TP. Hà Nội",5200000.0,55.31,94015.55
1375,7K8VNA,"Thửa 874 - Tờ B2-38, Số 38 Kiều Sơn Đen, P.Hòa Xuân, Q.Cẩm Lệ, TP. Đà Nẵng",5000000.0,50.0,100000.0
1376,1U5886,"74 Nguyễn Chánh, P.Hòa Khánh Bắc, Q.Liên Chiểu, TP. Đà Nẵng",18600000.0,66.93,277902.29
1377,3A62NQ,"Thửa 487 - tờ 118 đường DH09, Xã Hòa Thạch, H.Quốc Oai, TP. Hà Nội",3700000.0,33.57,110217.46
1378,GMH9W2,"Thửa 37.5 - Tờ 02 Đội 4A, P.Dương Quan, TP.Thuỷ Nguyên, TP. Hải Phòng",1980000.0,9.74,203285.42
1379,SDXAY5,"Thửa 401 - Tờ 25, Kiệt 76 Phùng Lưu, P.Thủy Dương, TX.Hương Thủy, TP. Huế",1470000.0,21.87,67215.36
1380,5K8QC7,"Thửa 151 - tờ 10 thôn Hòa Trúc, Xã Hòa Thạch, H.Quốc Oai, TP. Hà Nội",1350000.0,13.5,100000.0
1381,JZ5GW0,"Thửa 517C - tờ 02 đường Liên Thôn, P.Hoa Động, TP.Thuỷ Nguyên, TP. Hải Phòng",1970000.0,17.95,109749.3
1382,AB4V8Y,"Thửa 1610 - Tờ 13 hẻm đường Võ Văn Kiệt, P.Long Hòa, Q.Bình Thuỷ, TP. Cần Thơ",680.0,11.35,59.91
1383,5H6Z87,"Thửa 410 - Tờ 57 DH8, Xã Hòa Khương, H.Hòa Vang, TP. Đà Nẵng",1330000.0,10.97,121239.74
1384,UYKMJS,"Thửa 543 - Tờ 112, Kiệt 584 Tôn Đản, P.Hòa An, Q.Cẩm Lệ, TP. Đà Nẵng",3600000.0,41.28,87209.3
1385,5D5XM7,"Thửa 720 - Tờ 15 đường số 8, P.Hưng Thạnh, Q.Cái Răng, TP. Cần Thơ",5300000.0,45.88,115518.74
1386,2M6PQZ,"121 Bùi Hiển, P.Hòa An, Q.Cẩm Lệ, TP. Đà Nẵng",6250000.0,62.5,100000.0
1387,YF21KD,"Hẻm Lò Mổ, P.An Khánh, Q.Ninh Kiều, TP. Cần Thơ",7900000.0,62.4,126602.56
1388,3ATM3Q,"Lô 9 - tờ TĐC 4 Khu TĐC Gia Minh, Xã Bạch Đằng, TP.Thuỷ Nguyên, TP. Hải Phòng",2200000.0,12.22,180032.73
1389,SYSVG5,"Thửa 789 - Tờ 110, Kiệt 96 Điện Biên Phủ, P.Chính Gián, Q.Thanh Khê, TP. Đà Nẵng",5100000.0,74.56,68401.29
1390,650KJ8,"Thửa 81 - tờ 207-2023 thôn Vĩnh Khê, P.An Đồng, Q.An Dương, TP. Hải Phòng",2600000.0,25.49,102000.78
1391,GXBY82,"Thửa 655.1b - Tờ 03 Thôn Phong Cầu, Xã Đại Đồng, H.Kiến Thuỵ, TP. Hải Phòng",2050000.0,23.03,89014.33
1392,DEV6WH,"Thửa 331 - Tờ 16, Kiệt 153 Tôn Đản, P.Hòa An, Q.Cẩm Lệ, TP. Đà Nẵng",4150000.000000001,49.11,84504.17
1393,JZBUP0,"Thửa 9 - tờ 7 thôn Lê Sáng, P.An Hồng, Q.Hồng Bàng, TP. Hải Phòng",2390000.0,23.99,99624.84
1394,7C1QYA,"Thửa 491B - tờ 03 Thôn 03, Xã Quang Trung, TP.Thuỷ Nguyên, TP. Hải Phòng",1090000.0,14.76,73848.24
1395,9TDCHP,"Thửa 825 - Tờ 10 Thôn Mục Uyên 2, Xã Tân Xã, H.Thạch Thất, TP. Hà Nội",3770000.0,49.6,76008.06
1396,5HBQM7,"Lô 467-B2-10 Hòa Phú 10, P.Hòa Minh, Q.Liên Chiểu, TP. Đà Nẵng",4950000.0,58.23,85007.73
1397,7K81XA,"Thửa 420 - Tờ 41, Số 03 Hàn Thuyên, P.Hòa Cường Bắc, Q.Hải Châu, TP. Đà Nẵng",12500000.0,141.4,88401.7
1398,850WW3,"Thửa 298 - Tờ 46, Số 44 Hòa An 24, P.Hòa An, Q.Cẩm Lệ, TP. Đà Nẵng",5250000.0,52.5,100000.0
1399,SC9YJ5,"29 Tại thôn Xoan, Xã Vân Hòa, H.Ba Vì, TP. Hà Nội",1400000.0,12.72,110062.89
1400,5K6NU7,"Thửa 1239 - tờ 07 thôn Lâm Cao, Xã Tự Cường, H.Tiên Lãng, TP. Hải Phòng",1460000.0,15.97,91421.42
1401,UYT0HS,"Thửa 305 - Tờ 133 Nguyễn Bính, P.Hòa Minh, Q.Liên Chiểu, TP. Đà Nẵng",5590000.0,53.23,105015.97
1402,2MUBPZ,"566 Văn Tiến Dũng, P.Hòa Xuân, Q.Cẩm Lệ, TP. Đà Nẵng",6000000.0,60.0,100000.0
1403,5HB1Z7,"Thửa 544 - Tờ 112, Kiệt 584 Tôn Đản, P.Hòa An, Q.Cẩm Lệ, TP. Đà Nẵng",3600000.0,37.03,97218.47
1404,3A0R8Q,"Thửa 753 - tờ 45 Đội 4, thôn Đông Hạ, Xã Đông Yên, H.Quốc Oai, TP. Hà Nội",1950000.0,19.69,99035.04
1405,1UVQH6,"Thửa 264 - Tờ 96 Đồng Văn Cống, P.An Thới, Q.Bình Thuỷ, TP. Cần Thơ",14000000.0,54.2,258302.58
1406,UYHZFS,"Thửa 345 - Tờ 178, Kiệt 268 Tô Hiệu, P.Hòa Minh, Q.Liên Chiểu, TP. Đà Nẵng",3750000.0,49.08,76405.87
1407,7KBXRA,"Thửa 346 - Tờ 178, Kiệt 268 Tô Hiệu, P.Hòa Minh, Q.Liên Chiểu, TP. Đà Nẵng",3750000.0,48.76,76907.3
1408,85APQ3,"Thửa 347 - Tờ 178, Kiệt 268 Tô Hiệu, P.Hòa Minh, Q.Liên Chiểu, TP. Đà Nẵng",3750000.0,48.44,77415.36
1409,JZ28Y0,"Thửa L3 - tờ 17 Nguyễn Đăng Sở, P.Phú Bài, TX.Hương Thủy, TP. Huế",2030000.0,10.15,200000.0
1410,5HX5W7,"Thửa 277 - Tờ 24 Nguyễn Cửu Vân, P.Thủy Vân, Q.Thuận Hóa, TP. Huế",2700000.0,27.02,99925.98
1411,AC08XY,"Lô 472 - Tờ 5 Bàu Cầu 26, Xã Hòa Châu, H.Hòa Vang, TP. Đà Nẵng",4050000.0,43.78,92507.99
1412,6SK9C8,"226 Phan Khôi, P.Hòa Xuân, Q.Cẩm Lệ, TP. Đà Nẵng",4750000.0,47.5,100000.0
1413,QAKXVU,"K33/H2/10 Nam Cao, P.Hòa Hiệp Nam, Q.Liên Chiểu, TP. Đà Nẵng",6300000.0,29.68,212264.15
1414,QAT75U,"Thửa 722 - Tờ 21 Phạm Văn Đồng, P.Phú Thượng, Q.Thuận Hóa, TP. Huế",3600000.0,12.0,300000.0
1415,KWJYQC,"Thửa 1050 - Tờ 1 Thôn Thái Lai, Xã Tân Phong, H.Kiến Thuỵ, TP. Hải Phòng",1400000.0,14.09,99361.25
1416,5HDDA7,"Thửa 368 - Tờ 11 K457/10 Hà Huy Tập, P.An Khê, Q.Thanh Khê, TP. Đà Nẵng",3250000.0,60.4,53807.95
1417,QABVDU,"Thửa 201 - Tờ 7, Kiệt 108/126 Nguyễn Chánh, P.Hòa Minh, Q.Liên Chiểu, TP. Đà Nẵng",3200000.0,39.6,80808.08
1418,CR7QYB,"Thửa 13 - TĐ 01-2022 thôn Đại Đồng, P.Đại Bản, Q.Hồng Bàng, TP. Hải Phòng",2200000.0,23.68,92905.41
1419,5HRZE7,"Lô 230 Khu E Hòa Phú 29, P.Hòa Minh, Q.Liên Chiểu, TP. Đà Nẵng",8000000.0,80.0,100000.0
1420,UYRT2S,"Thửa 210 - Tờ 85 Phạm Văn Ngôn, P.Hòa Khánh Bắc, Q.Liên Chiểu, TP. Đà Nẵng",6000000.0,53.33,112507.03
1421,8794W3,"Thửa 4-N1 - tờ 3 Khu đấu giá Bái Ngoài, P.Hoa Động, TP.Thuỷ Nguyên, TP. Hải Phòng",4080000.0,52.3,78011.47
1422,SCECV5,"Thửa 80 - tờ 69 Trần Nguyên Đán, P.Hòa Minh, Q.Liên Chiểu, TP. Đà Nẵng",8250000.0,87.11,94707.84
1423,3A0YGQ,"Thửa 218/1A - tờ 01 thôn Sú 2, P.Hoàng Lâm, TP.Thuỷ Nguyên, TP. Hải Phòng",2950000.0,33.52,88007.16
1424,QANMNU,"Thửa 299 - Tờ 49 Hữu Hòa, Xã Tả Thanh Oai, H.Thanh Trì, TP. Hà Nội",9800000.0,82.28,119105.49
1425,QYASKU,"Thửa 3409 - tờ 4 đường B15, KDC Tân Phú, P.Tân Phú, Q.Cái Răng, TP. Cần Thơ",1700000.0,21.25,80000.0
1426,YBH24D,"K160/10/1 Lê Trọng Tấn, P.Hòa Phát, Q.Cẩm Lệ, TP. Đà Nẵng",3350000.0,38.77,86407.02
1427,85TNG3,"Thửa 230 - Tờ 62, Ngõ 60 Hòa Nghĩa, P.Hoà Nghĩa, Q.Dương Kinh, TP. Hải Phòng",1680000.0,19.76,85020.24
1428,D4W75H,"Thửa 769 - Tờ 1 Thôn Đức Phong, Xã Đại Đồng, H.Kiến Thuỵ, TP. Hải Phòng",1650000.0,27.5,60000.0
1429,EPH824,"Rạch Đìa Muồng, Xã Trường Long, H.Phong Điền, TP. Cần Thơ",460.0,2.94,156.46
1430,6S64H8,"đường A3, P.Tân Phú, Q.Cái Răng, TP. Cần Thơ",2200000.0,22.0,100000.0
1431,KRWPJC,"Thửa 299 - tờ 22 thôn Vạn Phúc, Xã Vạn Tín, H.Mỹ Đức, TP. Hà Nội",2380000.0,34.94,68116.77
1432,9NWA1P,"Thửa 118 - tờ 99, N3-17 Lô N3 Khu TDC Anh Dũng 5, P.Hưng Đạo, Q.Dương Kinh, TP. Hải Phòng",5000000.0,54.05,92506.94
1433,5K81Y7,"Thửa 190 - tờ 44 Tổ dân phố Quang Trung, P.Minh Đức, Q.Đồ Sơn, TP. Hải Phòng",999.0,18.0,55.5
1434,1UK2R6,"Thửa 3 - Tờ 31 Hà Huy Giáp, TT.Cờ Đỏ, H.Cờ Đỏ, TP. Cần Thơ",9000000.0,4.43,2031602.71
1435,171WN6,"Thửa 704 - tờ 4 hẻm đường Nguyễn Văn Linh, P.Long Tuyền, Q.Bình Thuỷ, TP. Cần Thơ",820.0,11.09,73.94
1436,JTTY40,"Thửa 366 - tờ 58 Tổ dân phố 2B, P.Hải Thành, Q.Dương Kinh, TP. Hải Phòng",2190000.0,14.06,155761.02
1437,W9FDNR,"Thửa 442 - Tờ 42 Hẻm 2 Đường Bùi Hữu Nghĩa, P.Bình Thủy, Q.Bình Thuỷ, TP. Cần Thơ",1890000.0,21.45,88111.89
1438,SHECV5,"Thửa 1506 - Tờ 3 KV Bình Dương A, P.Long Tuyền, Q.Bình Thuỷ, TP. Cần Thơ",1590000.0,12.6,126190.48
1439,AB6QJY,"Thửa 224/2 - tờ 07 thôn 2, Xã Quang Trung, TP.Thuỷ Nguyên, TP. Hải Phòng",1700000.0,27.41,62021.16
1440,7KK43A,"Lô B1-25 Đá Bàn 5, Xã Hòa Châu, H.Hòa Vang, TP. Đà Nẵng",3300000.0,27.5,120000.0
1441,6779K8,"Thửa 282 - tờ 62 Tổ dân phố số 3, P.Hải Thành, Q.Dương Kinh, TP. Hải Phòng",2950000.0,32.77,90021.36
1442,0NWSG9,"Thửa 369 - Tờ 11 K457/10 Hà Huy Tập, P.An Khê, Q.Thanh Khê, TP. Đà Nẵng",3250000.0,61.09,53200.2
1443,KRWWEC,"Thửa 225 - tờ 57 Tổ dân phố số 9, P.Hưng Đạo, Q.Dương Kinh, TP. Hải Phòng",1950000.0,31.1,62700.96
1444,QA77BU,"Thửa 91 - Tờ 265 Trung Lập 15, P.Hòa Hiệp Nam, Q.Liên Chiểu, TP. Đà Nẵng",3600000.0,36.0,100000.0
1445,GXMV72,"Thửa 264 - Tờ B7 Hòa Minh 28, P.Hòa Minh, Q.Liên Chiểu, TP. Đà Nẵng",6500000.0,59.9,108514.19
1446,KF40WC,"Thửa 165A-A8 - Tờ VT Bàu Mạc 23, P.Hòa Khánh Bắc, Q.Liên Chiểu, TP. Đà Nẵng",12500000.0,66.66,187518.75
1447,6S3HK8,"Thửa 1063 - Tờ 18 đường D4, KDC Hồng Loan, P.Hưng Thạnh, Q.Cái Răng, TP. Cần Thơ",3190000.0,39.87,80010.03
1448,UDYHJS,"723 (Thửa 339 - Tờ 198) Văn Tiến Dũng, P.Hòa Xuân, Q.Cẩm Lệ, TP. Đà Nẵng",6650000.0,66.5,100000.0
1449,RGFW2J,"Thửa 106 - Tờ 10 Thôn Phong Nam, Xã Hòa Châu, H.Hòa Vang, TP. Đà Nẵng",2350000.0,23.73,99030.76
1450,QDYDXU,"Thửa 317 - tờ 30 Tổ dân phố 1B, P.Hải Thành, Q.Dương Kinh, TP. Hải Phòng",1390000.0,34.49,40301.54
1451,QYCJ8U,"Thửa 846 - Tờ 9 Nguyễn Viết Xuân, P.Thới An Đông, Q.Bình Thuỷ, TP. Cần Thơ",1950000.0,83.69,23300.27
1452,YECSND,"Thửa 05 - Tờ B2.5 Trần Nhân Tông, P.Mân Thái, Q.Sơn Trà, TP. Đà Nẵng",10800000.0,117.39,92001.02
1453,87QXE3,"Thửa 488 - Tờ 52 Thôn Gò Hà, Xã Hòa Khương, H.Hòa Vang, TP. Đà Nẵng",1860000.0,15.36,121093.75
1454,1UEZF6,"Thửa 141 - Tờ 405 Trung Lập 8, P.Hòa Hiệp Nam, Q.Liên Chiểu, TP. Đà Nẵng",3700000.0,37.0,100000.0
1455,7EGH0A,"Phố Tô Hiến Thành, P.Đồng Mai, Q.Hà Đông, TP. Hà Nội",1400000.0,28.34,49400.14
1456,353GRQ,"Thửa 2384 - Tờ 15 hẻm Đường Nguyễn Thị Tạo, P.Long Hòa, Q.Bình Thuỷ, TP. Cần Thơ",450.0,9.0,50.0
1457,2VKP2Z,"Thửa 140B2 - Tờ 02 Thôn Hầu, P.Hoàng Lâm, TP.Thuỷ Nguyên, TP. Hải Phòng",3400000.0,22.1,153846.15
1458,0ZCBQ9,"54 Mộc Bài 8, P.Hòa Minh, Q.Liên Chiểu, TP. Đà Nẵng",4800000.0,53.33,90005.63
1459,1SWUZ6,"Khu đô thị mới Sở Dầu, P.Sở Dầu, Q.Hồng Bàng, TP. Hải Phòng",9000000.0,90.0,100000.0
1460,SHGKR5,"Thửa 1543(8) - tờ 03 thôn 1, P.Thiên Hương, TP.Thuỷ Nguyên, TP. Hải Phòng",1080000.0,18.0,60000.0
1461,6S40A8,"1093 Nguyễn Tất Thành, P.Xuân Hà, Q.Thanh Khê, TP. Đà Nẵng",13800000.0,110.4,125000.0
1462,0MN3C9,"Hồ Xuân Hương, P.Khuê Mỹ, Q.Ngũ Hành Sơn, TP. Đà Nẵng",500000000.0,127.32,3927112.79
1463,UY0KZS,"Thửa 449 - Tờ 47 Thôn Phú Thượng, Xã Hòa Sơn, H.Hòa Vang, TP. Đà Nẵng",1350000.0,11.25,120000.0
1464,KF6XYC,"Thửa 163 - Tờ 429 Nguyễn Thành Long, P.Hòa Hiệp Nam, Q.Liên Chiểu, TP. Đà Nẵng",4300000.0,43.0,100000.0
1465,YBHJHD,"Thửa 2404 - Tờ 5 Cặp Rạch Ông Kinh, P.Long Tuyền, Q.Bình Thuỷ, TP. Cần Thơ",1450000.0,18.33,79105.29
1466,UDV1US,"Thửa 66 7- tờ 85-2024 Tổ dân phố 7, P.Lê Lợi, Q.An Dương, TP. Hải Phòng",1100000.0,8.35,131736.53
1467,6559K8,"Thửa 943 - Tờ 1 Khu vực Bình Dương A, P.Long Tuyền, Q.Bình Thuỷ, TP. Cần Thơ",410.0,2.6,157.69
1468,PXZXDG,"Thửa 203 - Tờ 35 Dương Sơn 4, Xã Hòa Châu, H.Hòa Vang, TP. Đà Nẵng",3650000.0,28.78,126824.18
1469,5HEWH7,"24 Hòa Phú 5, P.Hòa Minh, Q.Liên Chiểu, TP. Đà Nẵng",5600000.0,70.0,80000.0
1470,6A4PS8,"44 Trần Hưng Đạo, P.Thới Bình, Q.Ninh Kiều, TP. Cần Thơ",2700000.0,39.7,68010.08
1471,WGB5XR,"TDP Trung Nghĩa 2, P.Hợp Đức, Q.Đồ Sơn, TP. Hải Phòng",2150000.0,19.59,109749.87
1472,85FN83,"Lô 1359 - Khu B2-38 Trung Lập 5, P.Hòa Hiệp Nam, Q.Liên Chiểu, TP. Đà Nẵng",3900000.0,39.0,100000.0
1473,QAPKQU,"Thửa 102 - Tờ 5 Cao Bá Quát, P.An Hải Nam, Q.Sơn Trà, TP. Đà Nẵng",13500000.0,150.0,90000.0
1474,QA03NU,"Thửa 166 - Tờ 75 Hồ Sĩ Dương, P.Hòa Phát, Q.Cẩm Lệ, TP. Đà Nẵng",4350000.0,53.97,80600.33
1475,37J7WQ,"Thửa 113 - Tờ 138 Ban Ban 11, P.Hoà Quý, Q.Ngũ Hành Sơn, TP. Đà Nẵng",4050000.0,40.5,100000.0
1476,6SWHX8,"Thửa 118 - Tờ 21 Hố Truông 1, P.Hòa Minh, Q.Liên Chiểu, TP. Đà Nẵng",5100000.0,57.62,88510.93
1477,YBZTQD,"Thửa 255 - Tờ 25 Bàu Mạc 21, P.Hòa Khánh Bắc, Q.Liên Chiểu, TP. Đà Nẵng",5350000.0,53.5,100000.0
1478,40SUGF,"Thửa 896 - tờ 14 đường Bùi Hữu Nghĩa, P.Long Tuyền, Q.Bình Thuỷ, TP. Cần Thơ",2290000.0,13.87,165104.54
1479,WGN3HR,"Thôn 351 - Tờ 9 Thôn Tam Cảnh, Xã Hạ Bằng, H.Thạch Thất, TP. Hà Nội",2900000.0,28.37,102220.66
1480,QAGTXU,"Thửa 227 - Tờ 132 Văn Tiến Dũng, P.Hòa Xuân, Q.Cẩm Lệ, TP. Đà Nẵng",8800000.0,71.83,122511.49
1481,3AJ7RQ,"Khu đất dịch vụ (khu25,2ha), Xã Vân Canh, H.Hoài Đức, TP. Hà Nội",11500000.0,191.66,60002.09
1482,6SE0Y8,"Thửa 93 - Tờ 69 Trần Triệu Luật, P.Hòa Minh, Q.Liên Chiểu, TP. Đà Nẵng",8199999.999999999,82.0,100000.0
1483,AEBFPY,"Thửa 556 - tờ 85 Hòa Bình, tổ 16, P.Yên Nghĩa, Q.Hà Đông, TP. Hà Nội",2950000.0,67.35,43801.04
1484,UYX3AS,"Thửa 105 - Tờ 95, Ngõ 78 Phạm Gia Mô, P.Hưng Đạo, Q.Dương Kinh, TP. Hải Phòng",2900000.0,26.85,108007.45
1485,6SKEV8,"Thửa 72 - Tờ 66 Hòa Phú 16, P.Hòa Minh, Q.Liên Chiểu, TP. Đà Nẵng",5600000.0,62.22,90003.21
1486,SKHH15,"Thửa 49 - tờ 47 Tổ dân phố 15, P.Hưng Đạo, Q.Dương Kinh, TP. Hải Phòng",2460000.0,35.14,70005.69
1487,9TEDQP,"Thửa 32 - Tờ 108 Bình Kỳ, P.Hoà Quý, Q.Ngũ Hành Sơn, TP. Đà Nẵng",4350000.0,54.3,80110.5
1488,UY0W1S,"Thửa 317 - Tờ 284 Thôn Dương Sơn, Xã Hòa Châu, H.Hòa Vang, TP. Đà Nẵng",2750000.0,18.33,150027.28
1489,R2CHPJ,"Thửa Lô 05-LK6 - tờ 2 Tổ dân phố 7, P.Hoà Bình, TP.Thuỷ Nguyên, TP. Hải Phòng",7800000.0,48.87,159607.12
1490,WP5Q6R,"Thửa 249 - Tờ 622, Kiệt 75 Khái Tây 1, P.Hoà Quý, Q.Ngũ Hành Sơn, TP. Đà Nẵng",2950000.0,29.5,100000.0
1491,EJAV94,"Thửa 503 - Tờ 107 Thôn Phú Sơn 1, Xã Hòa Khương, H.Hòa Vang, TP. Đà Nẵng",1000000.0,8.32,120192.31
1492,EJTUY4,"209 Nguyễn Hồng Ánh, Xã Hòa Châu, H.Hòa Vang, TP. Đà Nẵng",5500000.0,57.89,95007.77
1493,7C81QA,"Thửa 4 - tờ 354-2026 Tổ dân phố Kiều Hạ 2, P.An Hải, Q.An Dương, TP. Hải Phòng",1280000.0,6.2,206451.61
1494,WPA1TR,"Thửa 723 - Tờ 13, Số 81 Phan Văn Đáng, Xã Hòa Châu, H.Hòa Vang, TP. Đà Nẵng",5900000.0,49.16,120016.27
1495,RGK5WJ,"Thửa 1445+1446 - Tờ 68 Nguyễn Viết Xuân, P.Bình Thủy, Q.Bình Thuỷ, TP. Cần Thơ",2600000.0,10.55,246445.5
1496,KFM7PC,"Thửa 547 - Tờ 108, Kiệt 304 Điện Biên Phủ, P.Chính Gián, Q.Thanh Khê, TP. Đà Nẵng",4900000.0,70.8,69209.04
1497,DEJU6H,"Lô 3 - B1.43 Thanh Lương 17, P.Hòa Xuân, Q.Cẩm Lệ, TP. Đà Nẵng",6350000.0,63.5,100000.0
1498,5HVP67,"Thửa 410 - Tờ 120 Thôn Phú Sơn Nam, Xã Hòa Khương, H.Hòa Vang, TP. Đà Nẵng",990.0,7.32,135.25
1499,UHDK0S,"Thửa 430 - tờ 20 Thôn Hoa Đường, Xã Trường Thịnh, H.Ứng Hòa, TP. Hà Nội",3700000.0,41.06,90112.03
1500,GX08R2,"Thửa 387 - tờ 56 Khu vực Trường Hòa, P.Trường Lạc, Q.Ô Môn, TP. Cần Thơ",590.0,5.27,111.95
1501,7KY6NA,"Thửa 928 - Tờ 85 hẻm Lò Mổ (Hoa Viên Thành Đạt), P.An Khánh, Q.Ninh Kiều, TP. Cần Thơ",6000000.0,60.72,98814.23
1502,SDV0J5,"Thửa 314 - Tờ 610 Khái Tây 1, P.Hoà Quý, Q.Ngũ Hành Sơn, TP. Đà Nẵng",2950000.0,31.25,94400.0
1503,R2E8HJ,"đường Phạm Văn Đồng, P.Tân Thành, Q.Dương Kinh, TP. Hải Phòng",3700000.0,56.06,66000.71
1504,375GJQ,"Thửa 1860-Tờ 7 đường số 4, KDC Nam Long, P.Hưng Thạnh, Q.Cái Răng, TP. Cần Thơ",3750000.0,46.99,79804.21
1505,QYPNJU,"Thửa 2569 - Tờ 4 Thôn Đồng Giá, P.Thiên Hương, TP.Thuỷ Nguyên, TP. Hải Phòng",1390000.0,23.31,59631.06
1506,37CMEQ,"106 Đặng Vũ Hỷ, P.An Hải Nam, Q.Sơn Trà, TP. Đà Nẵng",16500000.0,184.56,89401.82
1507,7CQYHA,"Đội 3 - Thôn Đông Hạ, Xã Phú Cát, H.Quốc Oai, TP. Hà Nội",1950000.0,19.5,100000.0
1508,6SHGA8,"Thửa 171 - Tờ 241, 45 Đồng Trí 4, P.Hòa Khánh Nam, Q.Liên Chiểu, TP. Đà Nẵng",4500000.0,50.0,90000.0
1509,GXFK82,"Thửa 2342 - Tờ 12 Tô Vĩnh Diện, P.Long Tuyền, Q.Bình Thuỷ, TP. Cần Thơ",2180000.0,31.18,69916.61
1510,YEQQQD,"Thửa 441 - tờ 32 (Số 4 - Lô TĐC 71) Khu TĐC Vinhomes Riverside, P.Sở Dầu, Q.Hồng Bàng, TP. Hải Phòng",3650000.0,91.25,40000.0
1511,GVMVY2,"Thửa 26.1 - tờ 1 đường DT361, Thôn Lạng Côn, Xã Đông Phương, H.Kiến Thuỵ, TP. Hải Phòng",3820000.0,33.56,113825.98
1512,ABCN1Y,"Thửa 125 - Tờ 72 hẻm đường Quốc Lộ 91, P.Thuận An, Q.Thốt Nốt, TP. Cần Thơ",1800000.0,12.12,148514.85
1513,YBRUJD,"Thửa  18 - Tờ B3.5 Số 22 Hằng Phương Nữ Sỹ, P.Hoà Quý, Q.Ngũ Hành Sơn, TP. Đà Nẵng",4700000.0,47.0,100000.0
1514,9TNY9P,"Lô 32-B2-1 Nguyễn Thành Thọ, P.Hoà Quý, Q.Ngũ Hành Sơn, TP. Đà Nẵng",4250000.0,42.5,100000.0
1515,DEAWZH,"Thửa 33 - Tờ 596 Thân Văn Nhiếp, P.Hoà Hải, Q.Ngũ Hành Sơn, TP. Đà Nẵng",3850000.0,38.5,100000.0
1516,49DW8F,"Thửa 2075 - tờ 02 Lô 19 Khu Hà Phú, P.Hoà Bình, TP.Thuỷ Nguyên, TP. Hải Phòng",3500000.0,32.4,108024.69
1517,GXN4T2,"Thửa 86 - Tờ 152 Cầu Đỏ - Túy Loan, P.Hòa Thọ Tây, Q.Cẩm Lệ, TP. Đà Nẵng",2500000.0,31.25,80000.0
1518,ABTB5Y,"Thửa 56B(2025) - tờ 04 thôn Vân Tra, đường Bến Thóc, P.An Đồng, Q.An Dương, TP. Hải Phòng",4400000.0,33.0,133333.33
1519,PNFUZG,"Thửa 310 - Tờ 267, Kiệt Nam Cao nối dài, P.Hòa Khánh Nam, Q.Liên Chiểu, TP. Đà Nẵng",2300000.0,38.07,60415.02
1520,40YQRF,"Thửa 46 - Tờ B2.15 Đông Hải 12, P.Hoà Hải, Q.Ngũ Hành Sơn, TP. Đà Nẵng",4600000.0,46.0,100000.0
1521,RGAAGJ,"hẻm 2 đường Bùi Hữu Nghĩa, P.Bình Thủy, Q.Bình Thuỷ, TP. Cần Thơ",1790000.0,22.37,80017.88
1522,UYXQGS,"Thửa 908 - Tờ 29 Tỉnh lộ 420, Xã Bình Yên, H.Thạch Thất, TP. Hà Nội",2100000.0,35.0,60000.0
1523,YE85AD,"Thửa 224 - tờ 56 Tổ dân phố Cam Lộ 2, P.Hùng Vương, Q.Hồng Bàng, TP. Hải Phòng",2230000.0,30.97,72005.17
1524,7C2CJA,"Khu đất dịch vụ (khu25,2ha), Xã Vân Canh, H.Hoài Đức, TP. Hà Nội",14200000.0,182.05,78000.55
1525,D447AH,"Thửa 1703 - Tờ 1 Khu vực Yên Hạ, P.Thường Thạnh, Q.Cái Răng, TP. Cần Thơ",1200000.0,12.65,94861.66
1526,ABWRWY,"Thửa 390 - Tờ 85 Thôn Kim Trung, Xã Kim Sơn, TX.Sơn Tây, TP. Hà Nội",1500000.0,15.0,100000.0
1527,65S248,"Thửa 519 - Tờ 05 Ấp Nhơn Lộc 1A, Xã Nhơn Ái, H.Phong Điền, TP. Cần Thơ",1390000.0,3.31,419939.58
1528,5HN2S7,"Thửa 205 - Tờ 110 Quán Khái 7, P.Hoà Hải, Q.Ngũ Hành Sơn, TP. Đà Nẵng",4400000.0,65.18,67505.37
1529,7KPXUA,"Thửa 145 - Tờ 77 Trung Hòa 1, P.Hoà Quý, Q.Ngũ Hành Sơn, TP. Đà Nẵng",4600000.0,41.81,110021.53
1530,UYE7YS,"Thửa 55 - Tờ 129 Cầu Đỏ - Tuý Loan, P.Hòa Thọ Tây, Q.Cẩm Lệ, TP. Đà Nẵng",1900000.0,16.6,114457.83
1531,UHD78S,"Thửa 322 - tờ 24 số 2, TDP Chiết Bi, P.Phú Thượng, Q.Thuận Hóa, TP. Huế",3200000.0,23.7,135021.1
1532,40DXHF,"Thửa 25 - Tờ B2.48 Hỏa Sơn 4, P.Hoà Hải, Q.Ngũ Hành Sơn, TP. Đà Nẵng",4700000.0,47.0,100000.0
1533,EJY0H4,"Thửa 02 - Tờ 211-2026 Tổ dân phố Vân Tra, P.An Đồng, Q.An Dương, TP. Hải Phòng",2800000.0,50.9,55009.82
1534,WPXFGR,"Thửa 559 - Tờ 65 Thôn Phú Sơn Tây, Xã Hòa Khương, H.Hòa Vang, TP. Đà Nẵng",1600000.0,9.98,160320.64
1535,SDXEW5,"Thửa 190 - Tờ 35 Tiên Phong, thôn Áng Đông, Xã Thụy An, H.Ba Vì, TP. Hà Nội",3330000.0,24.41,136419.5
1536,6UZMV8,"Thửa 92 - tờ 58 Đường Trường Chinh, P.Hòa Thọ Đông, Q.Cẩm Lệ, TP. Đà Nẵng",2850000.0,28.5,100000.0
1537,KWVF6C,"Thửa 49 - tờ 45 Tổ dân phố Cam Lộ 1, P.Hùng Vương, Q.Hồng Bàng, TP. Hải Phòng",2300000.0,28.39,81014.44
1538,KFP32C,"Thửa 03 - Tờ B2.46 Hoả Sơn 3, P.Hoà Hải, Q.Ngũ Hành Sơn, TP. Đà Nẵng",4900000.0,49.0,100000.0
1539,AEBRPY,"Thửa 79 - tờ 61 Tổ dân phố số 1, P.Hoà Nghĩa, Q.Dương Kinh, TP. Hải Phòng",1450000.0,29.0,50000.0
1540,7BWW6A,"Thửa 159 - tờ 1 TDP 4A, đường Tân Dương, P.Dương Quan, TP.Thuỷ Nguyên, TP. Hải Phòng",4500000.0,56.25,80000.0
1541,RG1G4J,"Thửa 1258 - Tờ 20m Thôn Lệ Sơn 2, Xã Hòa Tiến, H.Hòa Vang, TP. Đà Nẵng",1380000.0,13.8,100000.0
1542,DE7RNH,"Thửa 414 - tờ 9 Nguyễn Viết Xuân – Khu 91B, P.Thới An Đông, Q.Bình Thuỷ, TP. Cần Thơ",1100000.0,5.51,199637.02
1543,CWWEYB,"Thửa 3122-Tờ 4 đường B9, Khu dân cư Tân Phú, P.Tân Phú, Q.Cái Răng, TP. Cần Thơ",1850000.0,18.5,100000.0
1544,CRY6UB,"Thửa 88 - tờ 44 Tổ dân phố Quang Trung, P.Minh Đức, Q.Đồ Sơn, TP. Hải Phòng",1800000.0,25.38,70921.99
1545,KRRH7C,"Khu Đồng Sậy - Trẫm Sau, TT.Phùng, H.Đan Phượng, TP. Hà Nội",10600000.0,136.07,77901.08
1546,65X008,"Thửa 144 - tờ 121 Ngõ 174, Đường tư Thủy, P.Hoà Nghĩa, Q.Dương Kinh, TP. Hải Phòng",2400000.0,28.03,85622.55
1547,CFH00B,"Thửa 529 - Tờ 23, Hẻm 584 Đường Tôn Đản, P.Hòa Phát, Q.Cẩm Lệ, TP. Đà Nẵng",3300000.0,41.25,80000.0
1548,49UMRF,"Thửa 66 - tờ 5 Tổ dân phố Kiền Bái 3, P.Thiên Hương, TP.Thuỷ Nguyên, TP. Hải Phòng",1400000.0,12.41,112812.25
1549,QA78JU,"Lô 108 phân khu B2.3 Đa Mặn Đông 2, P.Khuê Mỹ, Q.Ngũ Hành Sơn, TP. Đà Nẵng",7800000.0,86.66,90006.92
1550,7K8V8A,"Thửa 3054 - Tờ 4 đường B8, Khu Tái định cư Tân Phú, P.Tân Phú, Q.Cái Răng, TP. Cần Thơ",2200000.0,18.33,120021.82
1551,WGB8GR,"Tổ dân phố 12, đường An Lập, P.Hoà Nghĩa, Q.Dương Kinh, TP. Hải Phòng",3500000.0,30.43,115018.07
1552,QACFWU,"Thửa 16 - Tờ B2.2 Đa Mặn Đông 6, P.Khuê Mỹ, Q.Ngũ Hành Sơn, TP. Đà Nẵng",11500000.0,113.74,101107.79
1553,UYTHRS,"Thửa 145 - Tờ 194 Nguyễn Tất Thành nối dài, P.Hòa Hiệp Nam, Q.Liên Chiểu, TP. Đà Nẵng",4250000.0,42.5,100000.0
1554,9T4JKP,"Quốc lộ 91, Khu vực Thới Thuận 1, P.Thới Thuận, Q.Thốt Nốt, TP. Cần Thơ",3800000.0,14.3,265734.27
1555,4JCX7F,"Thửa 12 - Tờ 226, Đường Liêm Lạc 2, P.Hòa Xuân, Q.Cẩm Lệ, TP. Đà Nẵng",4090000.0,40.9,100000.0
1556,5H4JK7,"Lô 171 phân khu B2.5 Đa Mặn Đông 1, P.Khuê Mỹ, Q.Ngũ Hành Sơn, TP. Đà Nẵng",13500000.0,124.76,108207.76
1557,RGC8KJ,"Thửa Lô 44-Khu B2.37 - Tờ KT 01/01 Bát Nàn Công Chúa, P.Hoà Hải, Q.Ngũ Hành Sơn, TP. Đà Nẵng",4500000.0,45.0,100000.0
1558,7C155A,"Thửa 37 - tờ 54 Tổ dân phố Quý Kim 1, P.Hợp Đức, Q.Đồ Sơn, TP. Hải Phòng",1450000.0,14.64,99043.72
1559,650YF8,"Thửa 804 - tờ 13 Khu tái định cư Xâm Động, Xã Vân Tảo, H.Thường Tín, TP. Hà Nội",9350000.0,155.05,60303.13
1560,5CFFD7,"Thửa 611 C3 - tờ 01 Thôn 1, đườngn Mương Nước, P.Thuỷ Đường, TP.Thuỷ Nguyên, TP. Hải Phòng",15700000.0,137.96,113801.1
1561,3AT1UQ,"Thửa 125 - tờ 26 Tổ dân phố Quỳnh Cư 3, P.Hùng Vương, Q.Hồng Bàng, TP. Hải Phòng",1860000.0,25.86,71925.75
1562,0ZHM09,"Thửa 202 - Tờ 49 Dự án Golden Hills City - Khu A, Xã Hòa Liên, H.Hòa Vang, TP. Đà Nẵng",3750000.0,30.0,125000.0
1563,GM16A2,"Thửa 211 - Tờ 50 thôn Xuân Thủy, hẻm đường Quốc Lộ 21, Xã Thủy Xuân Tiên, H.Chương Mỹ, TP. Hà Nội",2200000.0,22.49,97821.25
1564,5K39V7,"Thửa Lô N4 - tờ bản đồ quy hoạch tổng mặt bằng sử dụng đất Tổ dân phố Bàng Trung, đường 361, P.Bàng La, Q.Đồ Sơn, TP. Hải Phòng",3500000.0,29.88,117135.21
1565,3AR1KQ,"Ngõ Trằm Rau 2, Thôn Thắng Đầu, Xã Hòa Thạch, H.Quốc Oai, TP. Hà Nội",6000000.0,13.08,458715.6
1566,ABBV8Y,"Thửa 3252 - Tờ 5 dẫn vài cầu Vàm Ông, P.Thường Thạnh, Q.Cái Răng, TP. Cần Thơ",1200000.0,8.0,150000.0
1567,KFFBDC,"Thửa 400 - tờ 213 Tổ 44 đường Nam Cao nối dài, P.Hòa Khánh Nam, Q.Liên Chiểu, TP. Đà Nẵng",4600000.0,46.23,99502.49
1568,K4D0PC,"Thửa 293 - Tờ B8, đường Hòa Minh 28, P.Hòa Minh, Q.Liên Chiểu, TP. Đà Nẵng",6300000.0,58.6,107508.53
1569,KWEWFC,"Thửa 215 - Tờ 61 Khu đô thị Hòa Quý, P.Hoà Quý, Q.Ngũ Hành Sơn, TP. Đà Nẵng",4600000.0,46.0,100000.0
1570,87NGW3,"Thửa 578 - tờ 15 Đông Hải, Tổ dân phố Hạ Đoạn 3, P.Đông Hải 2, Q.Hải An, TP. Hải Phòng",2600000.0,44.44,58505.85
1571,37KPCQ,"Thửa 1269 - Tờ 30 Cặp bờ kè Hồ Búng Xáng, P.An Khánh, Q.Ninh Kiều, TP. Cần Thơ",2650000.0,39.25,67515.92
1572,UAM1QS,"Thửa 516 - tờ 23 Đường Tôn Đản, Tổ 42, P.Hòa Phát, Q.Cẩm Lệ, TP. Đà Nẵng",3350000.0,32.61,102729.22
1573,6SH148,"Lô 15 phân khu B2-6 Khu tái định cư Hòa Khương, Xã Hòa Khương, H.Hòa Vang, TP. Đà Nẵng",2250000.0,15.0,150000.0
1574,67FQG8,"Ngõ 604 Phạm Văn Đồng, Tổ dân phố Ninh Hải, P.Anh Dũng, Q.Dương Kinh, TP. Hải Phòng",1550000.0,21.23,73009.89
1575,Y4EJYD,"Thửa 67 - tờ 69 Lô số N2-2, tổ dân phố Phương Lung 2, P.Hưng Đạo, Q.Dương Kinh, TP. Hải Phòng",2690000.0,32.02,84009.99
1576,SH8905,"Tổ dân phố Quang Trung, đường Thượng Đức, P.Minh Đức, Q.Đồ Sơn, TP. Hải Phòng",1550000.0,21.11,73424.92
1577,7C86UA,"Thửa 107 - tờ 57 Tổ dân phố số 7, đường Hải Phong, P.Hoà Nghĩa, Q.Dương Kinh, TP. Hải Phòng",5240000.0,54.98,95307.38
1578,1UX3K6,"Thửa 743 - tờ 11 Trần Bạch Đằng, Khu TĐC Trường ĐH Y Dược Cần Thơ, P.An Khánh, Q.Ninh Kiều, TP. Cần Thơ",9000000.0,90.0,100000.0
1579,4JCD0F,"Thửa 160 - Tờ 22 Đường cặp sông Cái Răng Bé - Yên Hạ, P.Lê Bình, Q.Cái Răng, TP. Cần Thơ",3300000.0,7.92,416666.67
1580,85VQZ3,"Thửa 4379 - tờ 35 đường số 3, KDC Cái Sơn - Hàng Bàng (Khu B), P.An Bình, Q.Ninh Kiều, TP. Cần Thơ",5200000.0,51.23,101503.03
1581,UYA8NS,"Thửa 192- Tờ 95 (Lô 06-B2.6A) đường Trung Hòa 3, Khu tái định cư Bá Tùng 2, P.Hoà Quý, Q.Ngũ Hành Sơn, TP. Đà Nẵng",4300000.0,43.0,100000.0
1582,7KT6UA,"Thửa 47 - Tờ 153 TĐC Tây Nam làng đá mỹ nghệ Non Nước, P.Hoà Hải, Q.Ngũ Hành Sơn, TP. Đà Nẵng",3850000.0,41.62,92503.6
1583,DB7B9H,"Thửa 126 - Tờ bản đồ số B2.3, Đường Khái Đông 3, P.Hoà Hải, Q.Ngũ Hành Sơn, TP. Đà Nẵng",5600000.0,44.8,125000.0
1584,DB7B9H,"Thửa 126 - Tờ bản đồ số B2.3, Đường Khái Đông 3, P.Hoà Hải, Q.Ngũ Hành Sơn, TP. Đà Nẵng",5600000.0,44.8,125000.0
1585,8S8YN3,"Thửa 57 tờ 6, ấp Kỳ Châu, Xã Bình Quới, H.Châu Thành, Long An",400.0,2.62,152.67
1586,SC9KP5,"Xã Phú Giáo, H.Phú Giáo, Bình Dương",2110000.0,2.81,750889.68
1587,RGG00J,"Lô 554 phân khu B1-1 Khu tái định cư Hoà Liên 3, đường Hoà Liên 3, Xã Hòa Liên, H.Hòa Vang, TP. Đà Nẵng",2830000.0,21.57,131200.74
1588,QHRCHU,"17 Đồi Hải Quân, Xã An Thái, H.Phú Giáo, Bình Dương",705.0,3.07,229.64
1589,1U3TV6,"Thửa 2452 tờ 59, đường Lê Hồng Phong, P.Tân Đông Hiệp, TP.Dĩ An, Bình Dương",3270000.0,32.52,100553.51
1590,5BDNX7,"Thửa 1196 - tờ 148 Hẻm 121 Phạm Ngọc Thạch, P.Hiệp Thành, TP.Thủ Dầu Một, Bình Dương",3480000.0,27.59,126132.66
1591,9M540P,"Xã An Linh, H.Phú Giáo, Bình Dương",1330000.0,0.13,10230769.23
1592,WPHE7R,"đường Võ Văn Tịnh, ấp Cầu Xây, TT.Thủ Thừa, H.Thủ Thừa, Long An",2870000.0,22.96,125000.0
1593,8DU9D3,"Thửa 778 - tờ 3 Cầu Ông Hiệu, Xã Long Hiệp, H.Bến Lức, Long An",2000000.0,17.48,114416.48
1594,EGWQ04,"Thửa 759 - tờ 3 Cầu Ông Hiệu, Xã Long Hiệp, H.Bến Lức, Long An",1600000.0,14.01,114204.14
1595,Q7062U,"Thửa 140 - Tờ 22 Đường DT833B, Xã Lạc Tấn, H.Tân Trụ, Long An",1400000.0,5.15,271844.66
1596,5BMA97,"Thửa 1831 - Tờ 83 đường Cầu Tam Bình, Xã Mỹ Lệ, H.Cần Đước, Long An",1400000.0,1.75,800000.0
1597,9TFKQP,"đường 823D, Xã Đức Hòa Hạ, H.Đức Hòa, Long An",550.0,4.24,129.72
1598,AK717Y,"Thửa 1259 tờ 22, đường Phước Thạnh - Phước Đông, P.Gia Lộc, TX.Trảng Bàng, Tây Ninh",2100000.0,9.49,221285.56
1599,J2CB60,"Thửa 1895 - Tờ 288 DX 05, P.Phú Mỹ, TP.Thủ Dầu Một, Bình Dương",2500000.0,20.27,123334.98
1600,UK1QYS,"Thửa 2653 - Tờ 95 đường Đông Bắc, Khu phố Trung Thắng, P.Bình Thắng, TP.Dĩ An, Bình Dương",4350000.0,72.5,60000.0
1601,8YJCF3,"Thửa 657 - Tờ 94 Nguyễn Thị Tồn, P.Bửu Hòa, TP.Biên Hòa, Đồng Nai",2580000.0,37.12,69504.31
1602,WZUM1R,"Thửa 658 - Tờ 94 Nguyễn Thị Tồn, P.Bửu Hòa, TP.Biên Hòa, Đồng Nai",2580000.0,37.12,69504.31
1603,RTPQ7J,"Đặng Văn Trước, P.An Tịnh, TX.Trảng Bàng, Tây Ninh",850.0,4.47,190.16
1604,49BWMF,"Thửa 6608 - Tờ 1 đường số 10, Khu dân cư 135, TT.Bến Lức, H.Bến Lức, Long An",3950000.0,27.43,144002.92
1605,PV77YG,"61 NA10, P.Mỹ Phước, TX.Bến Cát, Bình Dương",3300000.0,22.94,143853.53
1606,5BVZ57,"Thửa 309 - Tờ 43 + Thửa 1019 - Tờ 6 đường ĐT 844, Xã An Long, H.Tam Nông, Đồng Tháp",4690000.0,1.39,3374100.72
1607,DR4PTH,"HL609, P.An Tây, TP.Bến Cát, Bình Dương",9000000.0,1.63,5521472.39
1608,74DXTA,"888 DT742, P.Vĩnh Tân, TP.Tân Uyên, Bình Dương",1600000.0,21.33,75011.72
1609,SB78M5,"800 phùng hưng, Xã An Phước, H.Long Thành, Đồng Nai",1100000.0,11.0,100000.0
1610,SCMM65,"Thửa 1511 - Tờ 105 Thống Nhất, P.Đông Hòa, TP.Dĩ An, Bình Dương",5500000.0,53.44,102919.16
1611,QK524U,"DT 741, Xã Phước Hoà, H.Phú Giáo, Bình Dương",1200000.0,17.14,70011.67
1612,UHNZFS,"phùng hưng, Xã An Phước, H.Long Thành, Đồng Nai",1000000.0,10.0,100000.0
1613,3DUN2Q,"Hạ Long, P.2, TP.Vũng Tàu, BRVT",340000000.0,22.53,15090989.79
1614,JXVCW0,"Thửa 13 - Tờ 50 Âu Cơ, P.V, TP.Vị Thanh, Hậu Giang",790.0,6.86,115.16
1615,UKJAAS,"129 Vũng Việt, P.Tân Đông Hiệp, TX.Dĩ An, Bình Dương",5750000.0,24.28,236820.43
1616,3HRYXQ,"Thửa 928 - tờ 102 đường N1, P.An Phú, TP.Thuận An, Bình Dương",2790000.0,41.33,67505.44
1617,DEQA0H,"đường 2/4, P.Vĩnh Hòa, TP.Nha Trang, Khánh Hòa",2500000.0,43.1,58004.64
1618,8YWSC3,"Tuyến N9, P.Mỹ Hòa, TP.Long Xuyên, An Giang",8400000.0,38.88,216049.38
1619,4J4C0F,"Thửa 818 tờ 18, đường Măng Lin, P.7, TP.Đà Lạt, Lâm Đồng",5800000.0,23.29,249033.92
1620,6A4XH8,"Lê Lợi, P.Tân Đồng, TP.Đồng Xoài, Bình Phước",3500000.0,19.44,180041.15
1621,6SVJ28,"Thửa 2302 - Tờ 4, hẻm ĐT 833, Xã Nhơn Thạnh Trung, TP.Tân An, Long An",580.0,4.3,134.88
1622,EJDGC4,"Thửa 1389 - Tờ 68 Khu phố 4, P.Vĩnh Lợi, TP.Rạch Giá, Kiên Giang",760.0,2.24,339.29
1623,UD5XAS,"Thửa 2198 - Tờ 17 Thôn Tây 2, Xã An Vĩnh Ngãi, TP.Tân An, Long An",1680000.0,1.68,1000000.0
1624,QAFWTU,"Thửa 7331 - Tờ 1 Nguyễn Văn Đặng ( Đình An Vĩnh ), Ấp Long Thạnh, Xã Long An, H.Châu Thành, Tiền Giang",550.0,3.4,161.76
1625,9VGZBP,"Thửa 1565 - tờ 6 khu phố Tân Hiệp 2, P.Tân Bình, TP.Dĩ An, Bình Dương",2580000.0,43.0,60000.0
1626,Y44TED,"Thửa 203 - Tờ 95 Hẻm 72 đường Nguyễn Thị Tồn, P.Bửu Hòa, TP.Biên Hòa, Đồng Nai",3150000.0,35.0,90000.0
1627,UY8DZS,"Thửa 497 - Tờ 24 Bùi Tấn, Xã Nhơn Thạnh Trung, TP.Tân An, Long An",900.0,8.15,110.43
1628,3HYC5Q,"Bình Chuẩn 31, P.Bình Chuẩn, TX.Thuận An, Bình Dương",3200000.0,29.35,109028.96
1629,J2F270,"Thửa 259 - Tờ 158 Huỳnh Châu Sổ, P.6, TP.Tân An, Long An",1490000.0,8.14,183046.68
1630,AB0A5Y,"Thửa 8521 - Tờ 4 Võ Thị Sáu, P.Đông Hòa, TP.Dĩ An, Bình Dương",7500000.0,63.29,118502.13
1631,PXV74G,"Thửa 850 - Tờ 100 Khu phố Nhơn Hòa 1, P.5, TP.Tân An, Long An",780.0,6.33,123.22
1632,653T08,"Thửa 2337 - Tờ 4 Lê Minh Xuân, Xã Nhơn Thạnh Trung, TP.Tân An, Long An",950.0,5.81,163.51
1633,J24JQ0,"Thửa 952 - Tờ 21, Hẻm Vành Đai Thành Phố Tân An, Xã Bình Tâm, TP.Tân An, Long An",950.0,7.0,135.71
1634,E0P6D4,"Thửa 1820 - Tờ 6, Hẻm Nguyễn Văn Nhâm, Xã Nhơn Thạnh Trung, TP.Tân An, Long An",1000000.0,1.0,1000000.0
1635,5KD867,"Thửa 87 - Tờ 2-5a Đinh Viết Cừu, P.3, TP.Tân An, Long An",5900000.0,11.56,510380.62
1636,1S8N86,"Thửa 46 - Tờ 1-7a, Hẻm 480 Lưu Văn Tế, P.4, TP.Tân An, Long An",2700000.0,12.86,209953.34
1637,UKJ8RS,"16 Quốc lộ 51, Xã An Hoà, TP.Biên Hòa, Đồng Nai",6000000.0,27.02,222057.74
1638,6A4MJ8,"QL51 Khu Phố 1, P.Long Bình Tân, TP.Biên Hòa, Đồng Nai",6600000.0,90.28,73105.89
1639,SC9JV5,"57 NB5, P.Mỹ Phước, TX.Bến Cát, Bình Dương",3400000.0,22.66,150044.13
1640,5B9Q27,"570/19 Phạm Văn Thuận, P.Tam Hiệp, TP.Biên Hòa, Đồng Nai",4500000.0,26.4,170454.55
1641,SDX4F5,"Thửa 62 - Tờ 10, Hẻm 84 Nguyễn Thị Minh Khai, P.Mỹ Bình, TP.Phan Rang-Tháp Chàm, Ninh Thuận",1950000.0,19.28,101141.08
1642,5KCWB7,"Thửa 170 - Tờ 151, Hẻm 1374 Nguyễn Ái Quốc, P.Tân Phong, TP.Biên Hòa, Đồng Nai",3950000.0,36.77,107424.53
1643,6A4TY8,"139 Huỳnh Văn Nghệ, P.Bửu Long, TP.Biên Hòa, Đồng Nai",8300000.000000001,70.87,117115.85
1644,CRJ2WB,"59 (Thửa 69 - Tờ 52) Võ Văn Môn, P.4, TP.Tân An, Long An",3500000.0,17.5,200000.0
1645,QAEEBU,"Thửa 748 - Tờ 253 Lư Giang, Xã Phước Đồng, TP.Nha Trang, Khánh Hòa",11500000.0,45.87,250708.52
1646,E0P8H4,"Thửa 1860 - Tờ 6 GTNT Ấp Bình An B, Xã Lợi Bình Nhơn, TP.Tân An, Long An",4600000.0,4.0,1150000.0
1647,PV5FJG,"46 Phạm Văn Thuận, P.Bình Đa, TP.Biên Hòa, Đồng Nai",5500000.0,22.25,247191.01
1648,65S4E8,"547 Phùng Hưng, Xã An Phước, H.Long Thành, Đồng Nai",3650000.0,23.85,153039.83
1649,UD30US,"Thửa 912 - tờ 5 Đại Phú, thôn Phú Lạc, Xã Phú Xuân, TP.Thái Bình, Thái Bình",2900000.0,48.9,59304.7
1650,7EG64A,"P.Trung Kiên, Q.Thốt Nốt, TP. Cần Thơ",1000000.0,12.9,77519.38
1651,KJXVWC,"Xã Trường Xuân, H.Thới Lai, TP. Cần Thơ",2000000.0,27.77,72020.17
1652,3DR07Q,"Xã Trường Xuân, H.Thới Lai, TP. Cần Thơ",2000000.0,27.77,72020.17
1653,PV5EWG,"Xã An Quang, H.An Lão, TP. Hải Phòng",4300000.0,10.28,418287.94
1654,SH3PR5,"70 (Thửa 567 - tờ 28) An Ninh, P.Hương Long, Q.Phú Xuân, TP. Huế",2980000.0,23.13,128837.01
1655,C9X0AB,"Thửa 22B - tờ KQH Sơn Xuyên, P.Thuỷ Xuân, Q.Thuận Hóa, TP. Huế",3050000.0,29.64,102901.48
1656,SC6ZZ5,"Thửa 868 - tờ 12 Đồng Khởi, P.Thuỷ Xuân, Q.Thuận Hóa, TP. Huế",6950000.0,69.5,100000.0
1657,PV7YHG,"Xã Trường Xuân, H.Thới Lai, TP. Cần Thơ",3370000.0,3.51,960113.96
1658,5BP2C7,"Xã Trường Xuân, H.Thới Lai, TP. Cần Thơ",2100000.0,29.16,72016.46
1659,0XUFW9,"Xã Gia Minh, H.Thuỷ Nguyên, TP. Hải Phòng",2360000.0,14.8,159459.46
1660,4G1H7F,"H.Phong Điền, TP. Cần Thơ",2600000.0,1.72,1511627.91
1661,PV5KEG,"Xã Trường Xuân, H.Thới Lai, TP. Cần Thơ",2100000.0,28.37,74021.85
1662,G17CE2,"Xã Trường Xuân, H.Thới Lai, TP. Cần Thơ",2200000.0,30.55,72013.09
1663,0XUDH9,"Xã Trường Xuân, H.Thới Lai, TP. Cần Thơ",2200000.0,30.55,72013.09
1664,UKJZZS,"Xã Trường Xuân, H.Thới Lai, TP. Cần Thơ",2200000.0,30.55,72013.09
1665,4PKSJF,"Thửa 668 -  tờ 10 Đâu Kiên, Xã Quốc Tuấn, H.An Lão, TP. Hải Phòng",900.0,14.15,63.6
1666,E95H54,"Thửa 820 - tờ 38 An Luận, Xã An Tiến, H.An Lão, TP. Hải Phòng",2700000.0,45.0,60000.0
1667,Y46UAD,"Thửa 49-5 - tờ 220-A-3 Bách Phương, Xã An Thắng, H.An Lão, TP. Hải Phòng",699000000.0,9.91,70534813.32
1668,7BV3UA,"Thửa 255D.1 - tờ 195-D-3 Hoàng Xá, TT.An Lão, H.An Lão, TP. Hải Phòng",2000000.0,19.36,103305.79
1669,8A2NZ3,"Thửa 8 - tờ 77 đường 208, P.An Đồng, Q.An Dương, TP. Hải Phòng",900.0,5.24,171.76
1670,KRXFQC,"Thửa 256 (B4b) - tờ 18 Võ Thắng, P.Xuân Phú, Q.Thuận Hóa, TP. Huế",3000000.0,35.29,85009.92
1671,SKHK65,"Thửa 765 - tờ 15 Thôn Cữ, P.Hồng Phong, Q.An Dương, TP. Hải Phòng",800.0,12.55,63.75
1672,0NTNS9,"Thửa 8 - tờ 280-2026 Thành Công, P.An Hải, Q.An Dương, TP. Hải Phòng",700.0,7.2,97.22
1673,5CHTN7,"Thửa 1034 - Tờ 26 Lại Thế, P.Phú Thượng, Q.Thuận Hóa, TP. Huế",3000000.0,27.95,107334.53
1674,7C7TRA,"Thửa 193C2 - tờ 19 Tràng Duệ, P.Lê Lợi, Q.An Dương, TP. Hải Phòng",1000000.0,18.05,55401.66
1675,PXPQJG,"Thửa 217A - tờ 4 đường DT208, P.Lê Lợi, Q.An Dương, TP. Hải Phòng",5000000.0,25.0,200000.0
1676,D4MNEH,"Thửa 88 - tờ 02 TDP 8, P.An Hải, Q.An Dương, TP. Hải Phòng",3000000.0,31.98,93808.63
1677,QY94YU,"Thửa 03 - tờ 1091 Tràng Duệ, P.Lê Lợi, Q.An Dương, TP. Hải Phòng",1000000.0,5.21,191938.58
1678,5HXP37,"Thửa 622 - Tờ 22 Thanh Hải, P.Thuỷ Xuân, Q.Thuận Hóa, TP. Huế",1990000.0,19.9,100000.0
1679,K0M7TC,"Thửa 204 - tờ 49 Thượng Đức, P.Minh Đức, Q.Đồ Sơn, TP. Hải Phòng",850.0,4.27,199.06
1680,C9VAZB,"Thửa 169 - tờ 61 Trung Nghĩa, P.Hợp Đức, Q.Đồ Sơn, TP. Hải Phòng",900.0,17.78,50.62
1681,RNUTWJ,"Thửa 169 - tờ 96 Bình Minh, P.Hợp Đức, Q.Đồ Sơn, TP. Hải Phòng",799.0,8.11,98.52
1682,3HWMBQ,"Thửa 64 - tờ 15 Kinh Đào, Xã An Mỹ, H.Mỹ Đức, TP. Hà Nội",900.0,18.55,48.52
1683,6YKX48,"Thửa 147 - tờ 38 Thanh Lợi, Xã Hồng Sơn, H.Mỹ Đức, TP. Hà Nội",950.0,17.36,54.72
1684,JXPVH0,"Thửa 839 - tờ 19 Nguyễn Lương Bằng, P.Văn Đẩu, Q.Kiến An, TP. Hải Phòng",2000000.0,49.62,40306.33
1685,C0AT8B,"Thửa B.12 - tờ KQH Hồng Khẳng, P.Vỹ Dạ, Q.Thuận Hóa, TP. Huế",6800000.0,32.53,209037.81
1686,A43F8Y,"Thửa 539+542 - tờ 50 Trù Cát, Xã Tuy Lai, H.Mỹ Đức, TP. Hà Nội",890.0,9.47,93.98
1687,KJUN7C,"Thửa 663 - Tờ 34 DT602, Xã Hòa Ninh, H.Hòa Vang, TP. Đà Nẵng",2650000.0,26.5,100000.0
1688,SCMH45,"Thửa 857.2 - tờ 05 Thôn Tây Thượng, P.Phú Thượng, Q.Thuận Hóa, TP. Huế",1990000.0,20.41,97501.22
1689,4G3N0F,"Thửa 916 - tờ 21 Khúc Giản, Xã An Tiến, H.An Lão, TP. Hải Phòng",2550000.0,26.07,97813.58
1690,PV6BPG,"Thửa 325 - tờ 1 Thôn 7, Xã Kiến Quốc, H.Kiến Thuỵ, TP. Hải Phòng",780000000.0,12.93,60324825.99
1691,A4KM5Y,"Thửa 266G - tờ 05 Thôn Vân Tra, P.An Đồng, Q.An Dương, TP. Hải Phòng",3000000.0,35.29,85009.92
1692,UK561S,"10/1 kiệt 245 (Thửa 209 - tờ 191) Phan Bội Châu, P.Phước Vĩnh, Q.Thuận Hóa, TP. Huế",1990000.0,24.9,79919.68
1693,7BQXZA,"Thửa 620(F26) - tờ 21 (KQH) Nguyễn Lâm, P.Hương Sơ, Q.Phú Xuân, TP. Huế",3500000.0,23.02,152041.7
1694,PMEDQG,"Thửa 619 - tờ 68 K50 Thiên Thai, P.An Cựu, Q.Thuận Hóa, TP. Huế",940.0,7.64,123.04
1695,8AZA73,"Thửa 106 - Tờ 170 đường An Toàn, P.Hoà Nghĩa, Q.Dương Kinh, TP. Hải Phòng",700.0,14.22,49.23
1696,4PSUZF,"Bột  xuyên, Xã Mỹ Xuyên, H.Mỹ Đức, TP. Hà Nội",750.0,17.08,43.91
1697,DFNSNH,"Thửa 740 - Tờ 87 Phú Cát, Xã Phú Cát, H.Quốc Oai, TP. Hà Nội",2000000.0,14.8,135135.14
1698,67WNE8,"Thửa 420 - Tờ 17 Thôn Phò An, P.Dương Nỗ, Q.Thuận Hóa, TP. Huế",3450000.0,8.49,406360.42
1699,KRM8RC,"Thửa 1110 - tờ 16 Thu Bồn, P.Thuỷ Xuân, Q.Thuận Hóa, TP. Huế",1390000.0,13.9,100000.0
1700,AE276Y,"Thửa 150 - tờ 22 Thôn Lê Xá, Xã Phú Lương, H.Phú Vang, TP. Huế",900.0,3.98,226.13
1701,CJMW3B,"Thửa 158-2 - tờ 47 Uy Nỗ, TT.Đông Anh, H.Đông Anh, TP. Hà Nội",3000000.0,88.49,33902.14
1702,9X5TVP,"Thửa 436 - Tờ 17 Đức Bưu, P.Hương Sơ, Q.Phú Xuân, TP. Huế",3570000.0,17.0,210000.0
1703,UHJUQS,"Thửa 488(M36.1) - tờ 6(KQH) Trường Đồng, P.Thuỷ Xuân, Q.Thuận Hóa, TP. Huế",3250000.0,31.4,103503.18
1704,E9VEW4,"Thửa 377 - tờ 4 Thôn Thủy Giang, Xã Trường Thành, H.An Lão, TP. Hải Phòng",799.0,14.01,57.03
1705,7BPVBA,"Thửa 308 - tờ 13 Nguyễn Phúc Tần, P.Kim Long, Q.Phú Xuân, TP. Huế",2050000.0,19.52,105020.49
1706,21UG3Z,"Thửa 274 - tờ 93 Phúc Thọ, Xã Mai Lâm, H.Đông Anh, TP. Hà Nội",4950000.0,75.0,66000.0
1707,KRGXJC,"Thửa 765 - tờ 19 Nguyễn Lâm, P.Hương Sơ, Q.Phú Xuân, TP. Huế",2400000.0,21.81,110041.27
1708,67HYN8,"Thửa 365 - tờ 5 KQH TD4, P.Thủy Vân, Q.Thuận Hóa, TP. Huế",3370000.0,25.0,134800.0
1709,218R6Z,"Thửa 278 - Tờ 36 Phú Mãn, Xã Phú Mãn, H.Quốc Oai, TP. Hà Nội",4050000.0,15.01,269820.12
1710,GV6WZ2,"Thửa 110 - Tờ 55 Đồng Bèn, Xã Đông Xuân, H.Quốc Oai, TP. Hà Nội",7000000.0,14.0,500000.0
1711,QDKCFU,"Thửa 42 - Tờ 19 Nguyễn Lân, P.Cát Bi, Q.Hải An, TP. Hải Phòng",3500000.0,70.99,49302.72
1712,E99N74,"21/80 (Thửa 62 - tờ 21) Nguyễn Hoàng, P.Kim Long, Q.Phú Xuân, TP. Huế",2350000.0,23.47,100127.82
1713,SKHEQ5,"Thửa 849 - tờ 9 Thôn Xuân Đài, Xã Trường Thọ, H.An Lão, TP. Hải Phòng",1990000.0,24.44,81423.9
1714,JTZXU0,"Thửa 789 - tờ 18, Lô G8 Thôn Cẩm Văn, Xã Quốc Tuấn, H.An Lão, TP. Hải Phòng",2000000.0,19.74,101317.12
1715,SKHCQ5,"Thửa 595 - tờ 52 Thôn Đâu Kiên, Xã Quốc Tuấn, H.An Lão, TP. Hải Phòng",990.0,12.04,82.23
1716,E9JSR4,"Thửa 545 - Tờ 2 Đại Nam, P.Thuỷ Xuân, Q.Thuận Hóa, TP. Huế",4900000.0,23.59,207715.13
1717,67SAA8,"Thửa 426 - Tờ 13 DT419, Xã Hợp Đồng, H.Chương Mỹ, TP. Hà Nội",2700000.0,40.29,67014.15
1718,WGWATR,"Thửa 318 - Tờ 35, Số 161 Bà Triệu, P.Vĩnh Ninh, Q.Thuận Hóa, TP. Huế",3700000.0,75.2,49202.13
1719,UDU0JS,"Thửa 1195 - tờ 155 Đặng Cương, P.An Hải, Q.An Dương, TP. Hải Phòng",2650000.0,41.4,64009.66
1720,5K5J27,"Thửa 512 - tờ 12 Bắc Sơn, P.Tân Tiến, Q.An Dương, TP. Hải Phòng",4400000.0,44.0,100000.0
1721,AB52SY,"Thửa 825 - tờ 26 Diệu Quang, P.Phú Thượng, Q.Thuận Hóa, TP. Huế",3070000.0,23.49,130693.91
1722,3A6F4Q,"Thửa 302 - Tờ 54 ĐT419, TT.Chúc Sơn, H.Chương Mỹ, TP. Hà Nội",3450000.0,52.43,65802.02
1723,PXFBUG,"Thửa 42(3)-2 - tờ 33 Cổ Dương, Xã Tiên Dương, H.Đông Anh, TP. Hà Nội",4000000.0,76.62,52205.69
1724,WGSYAR,"Thửa 1019 - tờ 4 Thôn 2, Xã Tú Sơn, H.Kiến Thuỵ, TP. Hải Phòng",1000000.0,10.82,92421.44
1725,SHG9V5,"Thửa 139 - tờ 168 Xuân Diệu, P.Hoà Nghĩa, Q.Dương Kinh, TP. Hải Phòng",2970000.0,25.0,118800.0
1726,GMDMT2,"Thửa 462 - tờ 190-2025 TDP Trạm Bạc, P.Lê Lợi, Q.An Dương, TP. Hải Phòng",799.0,6.86,116.47
1727,QYRYFU,"Thửa 194 - Tờ 53 Sông He, P.Hoà Nghĩa, Q.Dương Kinh, TP. Hải Phòng",3300000.0,29.86,110515.74
1728,5KJ0K7,"08/29/69/131 (Thửa 374 - tờ 24) Trần Phú, P.Phước Vĩnh, Q.Thuận Hóa, TP. Huế",1350000.0,27.0,50000.0
1729,AB457Y,"Thửa 09 - tờ 328-2026 TDP Văn Xá, P.An Hải, Q.An Dương, TP. Hải Phòng",800.0,4.07,196.56
1730,5KBQ67,"Thửa 573 - Tờ 20, Đường  Lê Ngô Cát Thôn Thượng 2, P.Thuỷ Xuân, Q.Thuận Hóa, TP. Huế",4050000.0,34.0,119117.65
1731,KWJQMC,"Thửa 859 - tờ 14 Trường Chinh, P.An Đông, Q.Thuận Hóa, TP. Huế",3300000.0,25.36,130126.18
1732,7CEXRA,"K33/32 ( Thửa 992 - tờ 26) An Dương Vương, P.An Đông, Q.Thuận Hóa, TP. Huế",3850000.0,26.53,145118.73
1733,5KBWC7,"thôn 6, P.Nam Sơn, Q.An Dương, TP. Hải Phòng",1480000.0,19.78,74823.05
1734,7CBWYA,"Thửa 155 - Tờ 26 Bùi Xuân Phái, P.Hương Sơ, Q.Phú Xuân, TP. Huế",3950000.0,25.81,153041.46
1735,D4E63H,"Thửa 762 - Tờ KQH CIC8, P.Thủy Dương, TX.Hương Thủy, TP. Huế",3960000.0,27.5,144000.0
1736,R2GAYJ,"Thửa 327 - Tờ 11 Trần Phú, P.Trường An, Q.Thuận Hóa, TP. Huế",1700000.0,17.1,99415.2
1737,ABCX6Y,"Thửa 313 - tờ 35 Tôn Thất, P.Thủy Phương, TX.Hương Thủy, TP. Huế",7050000.0,13.18,534901.37
1738,1UVSC6,"Thửa 242 - tờ 44 Thượng Đức, P.Minh Đức, Q.Đồ Sơn, TP. Hải Phòng",1000000.0,9.28,107758.62
1739,DEY4PH,"Thửa 322 - Tờ 27 Lý Bôn, P.Tứ Hạ, TX.Hương Trà, TP. Huế",2000000.0,18.45,108401.08
1740,5HQB07,"Thửa 90 - tờ 153 Trường Đúc, P.Thuỷ Xuân, Q.Thuận Hóa, TP. Huế",4800000.0,50.0,96000.0
1741,J2CE80,"Thửa 1040- Tờ 16 K3 Thu Bồn, P.An Tây, Q.Thuận Hóa, TP. Huế",5000000.0,46.25,108108.11
1742,SDV165,"Thửa 6013 - Tờ 17 Quảng Tế, P.Thuỷ Xuân, Q.Thuận Hóa, TP. Huế",2400000.0,24.0,100000.0
1743,EJ5FD4,"Thửa 105 - tờ 4 Phạm Vấn, P.Phước Mỹ, Q.Sơn Trà, TP. Đà Nẵng",18000000.0,190.88,94300.08
1744,5HXGQ7,"Thửa 90 - Tờ 27 đường Pha, P.Phú Thượng, Q.Thuận Hóa, TP. Huế",2300000.0,28.75,80000.0
1745,6YWT48,"Thửa 32 - tờ 54 Phố Sông He, P.Hoà Nghĩa, Q.Dương Kinh, TP. Hải Phòng",3890000.0,27.01,144020.73
1746,DRNZWH,"Thửa 03 - tờ MTĐĐC số 13-2022 Thôn Hòa Liễu, Xã Thuận Thiên, H.Kiến Thuỵ, TP. Hải Phòng",680000000.0,6.09,111658456.49
1747,WTQZMR,"Thửa 285 - tờ 84 Vọng Hải, P.Hưng Đạo, Q.Dương Kinh, TP. Hải Phòng",1350000.0,26.01,51903.11
1748,0MUB49,"Thửa 178A-2 - tờ 6 Nghĩa Lộ, P.Yên Nghĩa, Q.Hà Đông, TP. Hà Nội",5600000.0,133.01,42102.1
1749,UCJZKS,"Thửa 310- Tờ 75 Kiệt 86 Thiên Thai, P.An Tây, Q.Thuận Hóa, TP. Huế",910.0,7.48,121.66
1750,6Y49S8,"Thửa 309 - Tờ 75 Kiệt 86 Thiên Thai, P.An Tây, Q.Thuận Hóa, TP. Huế",910.0,7.53,120.85
1751,6Y4AG8,"Thửa A21 - tờ KQH Lê Quang Quận, P.Hương Long, Q.Phú Xuân, TP. Huế",3870000.0,21.98,176069.15
1752,EGXCJ4,"564 QL 14G, Xã Hòa Phong, H.Hòa Vang, TP. Đà Nẵng",5800000.0,10.76,539033.46
1753,5ERCA7,"Thửa 149 - Tờ 2 Số 486 Chi Lăng, P.Phú Hậu, Q.Phú Xuân, TP. Huế",1970000.0,21.01,93764.87
1754,C9ZRYB,"Thửa 780 - Tờ 7 Bãi Sậy 3, P.Hương Sơ, Q.Phú Xuân, TP. Huế",1650000.0,23.57,70004.24
1755,3HEANQ,"Thửa 755 - Tờ 10 Bãi Sậy 3, P.Hương Sơ, Q.Phú Xuân, TP. Huế",1420000.0,20.28,70019.72
1756,SB46W5,"Thửa 198 - tờ 69 Thôn Thanh Trí, Xã Minh Phú, H.Sóc Sơn, TP. Hà Nội",3030000.0,13.49,224610.82
1757,G63YF2,"Lô 15 Ngô Quyền, P.Thọ Quang, Q.Sơn Trà, TP. Đà Nẵng",9500000.0,79.83,119002.88
1758,9VNNKP,"Thửa 631 - Tờ 8 Phan Văn Trị, TT.Phong Điền, H.Phong Điền, TP. Cần Thơ",2990000.0,40.52,73790.72
1759,1AU1S6,"Thửa 833 - tờ 26 Lê Ngô Cát, P.Thuỷ Xuân, Q.Thuận Hóa, TP. Huế",3500000.0,34.93,100200.4
1760,74KQZA,"Thửa 500.2 - tờ 03 Thôn Cẩm La, Xã Thanh Sơn, H.Kiến Thuỵ, TP. Hải Phòng",3000000.0,24.0,125000.0
1761,9V2YXP,"Thửa 1891A - tờ 04 Thôn Đông, P.Quảng Thanh, TP.Thuỷ Nguyên, TP. Hải Phòng",899.0,8.99,100.0
1762,6AMNU8,"206 (Thửa 283 - tờ 113) Quách Thị Trang, P.Hòa Xuân, Q.Cẩm Lệ, TP. Đà Nẵng",6000000.0,60.0,100000.0
1763,UK6M3S,"969 Đại tảo, Xã Hưng Đạo, H.Quốc Oai, TP. Hà Nội",3500000.0,31.81,110028.29
1764,17N346,"9/16 (Thửa 450 - tờ 11) Đoãn Hữu Trưng, P.Phước Vĩnh, Q.Thuận Hóa, TP. Huế",1650000.0,24.92,66211.88
1765,6ANEW8,"Thửa 1015 - Tờ 52 Hoàng Quốc Việt, P.An Bình, Q.Ninh Kiều, TP. Cần Thơ",18000000.0,39.08,460593.65
1766,7E390A,"Thửa 1093 - tờ 11 Thích Tịnh Khiết, P.Thuỷ Xuân, Q.Thuận Hóa, TP. Huế",1850000.0,17.24,107308.58
1767,PVF62G,"Thửa 257 - tờ 01 Xóm An Phú, TT.Chúc Sơn, H.Chương Mỹ, TP. Hà Nội",3100000.0,46.96,66013.63
1768,8YZTT3,"Thửa 514 - tờ 26 Tỉnh lộ 10A, Xã Phú Mỹ, H.Phú Vang, TP. Huế",2580000.0,22.97,112320.42
1769,3DTD0Q,"Thửa 3177 - Tờ 59 Rạch Lung Trâu, P.Thường Thạnh, Q.Cái Răng, TP. Cần Thơ",420.0,2.75,152.73
1770,4G5EUF,"Thửa 168-1 - tờ 47 Gò Sỏi, Xã Hồng Kỳ, H.Sóc Sơn, TP. Hà Nội",1600000.0,20.02,79920.08
1771,SCNPM5,"Thửa 176 - tờ 79 Thôn Viên Nội, Xã Vân Nội, H.Đông Anh, TP. Hà Nội",6000000.0,78.94,76007.09
1772,9MKMXP,"C2-21 Tế Hanh, P.Hòa Xuân, Q.Cẩm Lệ, TP. Đà Nẵng",5300000.0,39.25,135031.85
1773,DWN5MH,"Thửa 4030 - tờ 1 Thôn 3, P.Dương Quan, TP.Thuỷ Nguyên, TP. Hải Phòng",32000000.0,71.03,450513.87
1774,JNQA70,"86 Đường 3A, P.An Khánh, Q.Ninh Kiều, TP. Cần Thơ",6100000.0,67.77,90010.33
1775,UKWX4S,"Thửa 142 - tờ 56 Trung Oai, Xã Tiên Dương, H.Đông Anh, TP. Hà Nội",6390000.0,78.02,81902.08
1776,EPXSH4,"Thửa D24 - tờ KQH Lương Nhữ Hộc, P.An Tây, Q.Thuận Hóa, TP. Huế",3250000.0,21.66,150046.17
1777,UK4UZS,"Thửa 15/B2-6 - tờ 00 Nguyễn Kiều, P.Hòa Khánh Bắc, Q.Liên Chiểu, TP. Đà Nẵng",5200000.0,52.0,100000.0
1778,SCEZC5,"Thửa 1153 - tờ 7 Thôn Bách Phương, Xã An Thắng, H.An Lão, TP. Hải Phòng",1100000.0,17.05,64516.13
1779,17YRR6,"Thửa 83(4)-1 - tờ 51 Xóm Mít, Xã Cổ Loa, H.Đông Anh, TP. Hà Nội",3600000.0,59.6,60402.68
1780,WZG1BR,"Thửa 664 - tờ 34 Phùng Quán, P.Thủy Dương, TX.Hương Thủy, TP. Huế",2250000.0,14.94,150602.41
1781,QHYEPU,"Thửa 666 - tờ 13 Thôn Đoàn Kết, Xã Minh Tân, H.Kiến Thuỵ, TP. Hải Phòng",950.0,5.94,159.93
1782,A4CV5Y,"Thửa 601 - tờ 85 Tổ 15, P.Yên Nghĩa, Q.Hà Đông, TP. Hà Nội",5100000.0,83.6,61004.78
1783,0XZHP9,"Thửa 199B - tờ 6 Nghĩa Lộ, P.Yên Nghĩa, Q.Hà Đông, TP. Hà Nội",10900000.0,73.89,147516.58
1784,3D7G9Q,"Thửa 476;484 - tờ 85 Hòa Bình, P.Yên Nghĩa, Q.Hà Đông, TP. Hà Nội",2650000.0,42.94,61714.02
1785,KJBU5C,"Thửa 2317 - Tờ 16 Lê Phước Thọ, P.Long Hòa, Q.Bình Thuỷ, TP. Cần Thơ",32000000.0,13.0,2461538.46
1786,0XPYG9,"Yên Lộ, P.Yên Nghĩa, Q.Hà Đông, TP. Hà Nội",8300000.000000001,165.66,50102.62
1787,UK5P9S,"Thửa 682 (D33) - tờ 10 Huỳnh Bá Chánh, P.Hương Sơ, Q.Phú Xuân, TP. Huế",1220000.0,20.33,60009.84
1788,YFHFHD,"Thửa 154 - tờ 58 Thôn Đô Tân, Xã Bắc Sơn, H.Sóc Sơn, TP. Hà Nội",690.0,6.9,100.0
1789,W2F60R,"Thửa 233 -Tờ 88 TĐC Hòa Nghĩa, P.Hoà Nghĩa, Q.Dương Kinh, TP. Hải Phòng",3000000.0,29.75,100840.34
1790,KRHERC,"Thửa 529 - tờ 5 Nguyễn Văn Đào, P.Thuỷ Xuân, Q.Thuận Hóa, TP. Huế",4350000.0,40.09,108505.86
1791,7BQX1A,"Thửa 460 - tờ 47(KQH) Lê Công Hành, P.An Tây, Q.Thuận Hóa, TP. Huế",2700000.0,27.0,100000.0
1792,7BQNVA,"Viên ngoại, Xã Hoa Viên, H.Ứng Hòa, TP. Hà Nội",2500000.0,26.65,93808.63
1793,3YVP2Q,"Thửa 83-3-3-1 - tờ 16 Vân Trì, Xã Vân Nội, H.Đông Anh, TP. Hà Nội",2200000.0,50.8,43307.09
1794,8A2XX3,"Thửa 24 - tờ 55 Thôn Sằn, Xã Cổ Loa, H.Đông Anh, TP. Hà Nội",2400000.0,71.85,33402.92
1795,7BV8QA,"Thửa 309 - tờ 9 Phương Chử Đông, Xã Trường Thành, H.An Lão, TP. Hải Phòng",2700000.0,22.65,119205.3
1796,RZ7ATJ,"Thửa 160 - tờ 213 Lương Khắc Ninh, P.Hòa Xuân, Q.Cẩm Lệ, TP. Đà Nẵng",4950000.0,49.5,100000.0
1797,PMA99G,"Thửa 298 - Tờ 219 Kiệt Nam Cao, P.Hòa Khánh Bắc, Q.Liên Chiểu, TP. Đà Nẵng",2000000.0,22.22,90009.0
1798,8ARZ13,"Thửa 504 - Tờ 55 Yên Ninh, Xã Hiền Ninh, H.Sóc Sơn, TP. Hà Nội",2150000.0,26.54,81009.8
1799,9X7BFP,"Thửa 683 - tờ 10 Huỳnh Bá Chánh, P.Hương Sơ, Q.Phú Xuân, TP. Huế",1280000.0,21.33,60009.38
1800,DFNV0H,"Thửa 303 - tờ 61 Kiệt Nguyễn Hạnh, P.Vỹ Dạ, Q.Thuận Hóa, TP. Huế",1390000.0,15.13,91870.46
1801,UH9BXS,"Thửa C9 - tờ KQH Trần Đại Nghĩa, P.An Tây, Q.Thuận Hóa, TP. Huế",5820000.0,20.78,280077.0
1802,3YR72Q,"Thửa 198 - tờ 47 Thụy Lôi, Xã Thuỵ Lâm, H.Đông Anh, TP. Hà Nội",5100000.0,63.75,80000.0
1803,8AW5C3,"Thửa 89 - tờ 82 Mạnh Tân, Xã Thuỵ Lâm, H.Đông Anh, TP. Hà Nội",3100000.0,56.98,54405.05
1804,RZQPCJ,"Thửa 561 - Tờ 65 Trưng Nữ Vương, P.Thủy Phương, TX.Hương Thủy, TP. Huế",3050000.0,20.44,149217.22
1805,3YRSPQ,"Thửa 256 - Tờ 18 KQH Xuân Phú, P.Xuân Phú, Q.Thuận Hóa, TP. Huế",3820000.0,45.0,84888.89
1806,DFTKQH,"Thửa 664 - tờ 7 Phương Chử Tây, Xã Trường Thành, H.An Lão, TP. Hải Phòng",2100000.0,23.33,90012.86
1807,3YRU9Q,"Thửa 709 - tờ 73 Thôn Hạ Câu, Xã Quốc Tuấn, H.An Lão, TP. Hải Phòng",1550000.0,18.19,85211.65
1808,QDRQ6U,"Thửa Lô B1 - Tờ KQH đường Hồng Chương, P.An Đông, Q.Thuận Hóa, TP. Huế",9450000.0,45.0,210000.0
1809,DFZD3H,"Thửa 537 - tờ 89 Thôn Hòa Giang, Xã Trường Thành, H.An Lão, TP. Hải Phòng",1690000.0,13.59,124356.14
1810,7BP7PA,"Thửa  746 - Tờ 5, Đường Bao Mỹ 10 KQH Hương Sơ, P.Hương Sơ, Q.Phú Xuân, TP. Huế",1350000.0,22.5,60000.0
1811,W28TVR,"Thửa 1236 (tách từ thửa 511) - tờ 09 Thôn Kiều Trung, P.Hồng Thái, Q.An Dương, TP. Hải Phòng",1280000.0,20.94,61127.03
1812,UHRF3S,"Thửa 230 - Tờ 46, Số 22 Hoà An 23, P.Hòa An, Q.Cẩm Lệ, TP. Đà Nẵng",4650000.0,46.5,100000.0
1813,0N6029,"Thửa 124 - Tờ 53 thôn Lâm Nghiệp, Xã Minh Phú, H.Sóc Sơn, TP. Hà Nội",3020000.0,27.0,111851.85
1814,W2MB9R,"Thửa 360 - tờ 2 Mai Hiên, Xã Mai Lâm, H.Đông Anh, TP. Hà Nội",11150000.0,135.97,82003.38
1815,QDEWVU,"Thửa 330 - tờ 84 Trà Khê, P.Anh Dũng, Q.Dương Kinh, TP. Hải Phòng",1600000.0,36.78,43501.9
1816,AEJP0Y,"Thửa 733 - Tờ 28 thôn Hoành, Xã Đồng Tâm, H.Mỹ Đức, TP. Hà Nội",1290000.0,18.76,68763.33
1817,GVQSD2,"Thửa 661 - tờ 7 Bồng Văn Dĩa, P.Thuỷ Xuân, Q.Thuận Hóa, TP. Huế",3550000.0,35.5,100000.0
1818,3YBAVQ,"Thửa 40 - Tờ 422 Đinh Đạt, P.Phước Mỹ, Q.Sơn Trà, TP. Đà Nẵng",16200000.0,178.02,91001.01
1819,7BRKZA,"Thửa 1099E - tờ 03 Thôn Đỉnh, Xã Bạch Đằng, TP.Thuỷ Nguyên, TP. Hải Phòng",700.0,10.2,68.63
1820,CJGZ4B,"Thửa 68 - tờ 39 Đình Trung, Xã Xuân Nộn, H.Đông Anh, TP. Hà Nội",3900000.0,80.91,48201.71
1821,67HSG8,"Thửa 876 - tờ 64 Thôn Cẩm Văn, Xã Quốc Tuấn, H.An Lão, TP. Hải Phòng",1200000.0,8.8,136363.64
1822,SK4DZ5,"Thửa 510.1 - tờ 219CII Thôn Đông Nham, Xã Quốc Tuấn, H.An Lão, TP. Hải Phòng",1450000.0,15.07,96217.65
1823,UHEYCS,"Thửa 874 - Tờ 10 KQH Hương Sơ, P.Hương Sơ, Q.Phú Xuân, TP. Huế",1290000.0,21.58,59777.57
1824,Y4R72D,"Thửa 06-C3 - Tờ 00 Nguyễn Khoa Chiêm, P.Hòa Phát, Q.Cẩm Lệ, TP. Đà Nẵng",9990000.0,69.37,144010.38
1825,QDCTYU,"Thửa 35 - Tờ B Mẹ Thứ, P.Hòa Xuân, Q.Cẩm Lệ, TP. Đà Nẵng",6400000.0,64.0,100000.0
1826,9XVFXP,"Thửa 689 - Tờ 16 Đức Bưu 3, P.Hương Sơ, Q.Phú Xuân, TP. Huế",1650000.0,20.37,81001.47
1827,CJ971B,"Thửa 677 - tờ 15 Lê Đức Anh, P.Thủy Vân, Q.Thuận Hóa, TP. Huế",2550000.0,21.94,116226.07
1828,UHCV9S,"Thửa 298 - Tờ 36 Phú Mãn, Xã Phú Mãn, H.Quốc Oai, TP. Hà Nội",3900000.0,14.0,278571.43
1829,RZNY7J,"Thửa 487 - tờ 20 Nguyễn Sinh Cung, P.Phú Thượng, Q.Thuận Hóa, TP. Huế",1780000.0,29.66,60013.49
1830,67Y9W8,"Thửa 144 - Tờ 276 Lê Công Kiều, P.Hòa Khánh Bắc, Q.Liên Chiểu, TP. Đà Nẵng",5000000.0,26.32,189969.6
1831,UHCZFS,"Thửa 310 - Tờ 23 đường 427, Xã Tự Nhiên, H.Thường Tín, TP. Hà Nội",4400000.0,54.38,80912.1
1832,SKBF35,"Thửa 1004 - tờ 110 K60, Tô Hiệu, P.Hòa Minh, Q.Liên Chiểu, TP. Đà Nẵng",3990000.0,66.27,60208.24
1833,QDKERU,"Thửa 772 - tờ 7 Bãi Sậy 3, P.Hương An, Q.Phú Xuân, TP. Huế",1700000.0,24.28,70016.47
1834,PMVZQG,"Thửa 523 - Tờ 32 Thanh Lam, P.Thủy Phương, TX.Hương Thủy, TP. Huế",3350000.0,14.2,235915.49
1835,7BEYTA,"Thửa 806 - tờ 57 Võ Chí Công, P.Vỹ Dạ, Q.Thuận Hóa, TP. Huế",1550000.0,18.67,83020.89
1836,Y44YMD,"Thửa 920 - tờ 22 Thôn Tân Linh, Xã Minh Tân, H.Kiến Thuỵ, TP. Hải Phòng",798.0,10.27,77.7
1837,CJJK5B,"Thửa 1931 - Tờ 7, Đường số 4B KDC 8C, P.Hưng Thạnh, Q.Cái Răng, TP. Cần Thơ",7200000.0,41.14,175012.15
1838,Y441JD,"Thửa 268H5 - tờ 11 Thôn Vĩnh Khê, P.An Đồng, Q.An Dương, TP. Hải Phòng",2600000.0,38.92,66803.7
1839,JTTQD0,"Thửa 182 - tờ 17 Nguyễn Chánh, P.Hòa Minh, Q.Liên Chiểu, TP. Đà Nẵng",2690000.0,44.68,60205.91
1840,8A7AZ3,"Thửa 153 - Tờ 37 thôn Thanh Lợi, Xã Hồng Sơn, H.Mỹ Đức, TP. Hà Nội",750.0,13.83,54.23
1841,9XNXHP,"Thửa 1111 - tờ 21 TDP Lại Thế, P.Phú Thượng, Q.Thuận Hóa, TP. Huế",1550000.0,22.14,70009.03
1842,Y4EEUD,"Thửa 25 - tờ 1ARM Ngô Yến, P.An Hồng, Q.Hồng Bàng, TP. Hải Phòng",5600000.0,28.0,200000.0
1843,7BCK1A,"Thửa 795 - Tờ 19 Thôn Thấp Linh, Xã Minh Tân, H.Kiến Thuỵ, TP. Hải Phòng",990.0,15.71,63.02
1844,UHYQCS,"Thửa 120 - Tờ 130 Tĩnh Hải, P.Hoà Nghĩa, Q.Dương Kinh, TP. Hải Phòng",3300000.0,22.0,150000.0
1845,5CHUQ7,"Thửa 762 - Tờ 5 KV Bình Yên, P.Long Hòa, Q.Bình Thuỷ, TP. Cần Thơ",610.0,7.53,81.01
1846,Y4BGBD,"Thửa 181 - tờ 253 Trung Lập 5, P.Hòa Hiệp Nam, Q.Liên Chiểu, TP. Đà Nẵng",3950000.0,39.5,100000.0
1847,8A57G3,"Thửa 210 - tờ 29 Cao Văn Khánh, P.Hương An, Q.Phú Xuân, TP. Huế",1950000.0,9.75,200000.0
1848,CJWREB,"Thửa 460 - tờ 68 Thôn Xuân Phú, Xã Hòa Sơn, H.Hòa Vang, TP. Đà Nẵng",3000000.0,23.94,125313.28
1849,7BKK5A,"Thửa E7-22 -Tờ 2, Số 92 Vũ Miên, Xã Hòa Phước, H.Hòa Vang, TP. Đà Nẵng",4200000.0,35.29,119013.88
1850,ABAV7Y,"Thửa 48 - tờ 22-2022 Thôn Dụ Nghĩa, P.Lê Thiện, Q.An Dương, TP. Hải Phòng",1300000.0,15.04,86436.17
1851,WGW7ZR,"Thửa 72 - tờ 286 Trương Hoàn, P.Hòa Hiệp Nam, Q.Liên Chiểu, TP. Đà Nẵng",3500000.0,35.0,100000.0
1852,UDUZ7S,"Thửa 1375 - tờ 9 Thôn Kiều Trung, P.Hồng Thái, Q.An Dương, TP. Hải Phòng",1300000.0,19.31,67322.63
1853,R2RUDJ,"Thửa 367 - Tờ 56 Kinh Dương Vương, P.Thuận An, Q.Thuận Hóa, TP. Huế",3700000.0,32.14,115121.34
1854,QYQJ1U,"Thửa 620 - Tờ 21 Nguyễn Lâm, P.An Hòa, Q.Phú Xuân, TP. Huế",3490000.0,23.0,151739.13
1855,CRCTTB,"Thửa 1965 - tờ 216 Thôn Kiều Trung, P.Hồng Thái, Q.An Dương, TP. Hải Phòng",1250000.0,16.89,74008.29
1856,GMGUJ2,"Thửa 330a - Tờ 10 Đường 402, P.Hoà Nghĩa, Q.Dương Kinh, TP. Hải Phòng",2850000.0,28.7,99303.14
1857,ABARNY,"Thửa 35 - tờ 5 Phan Đăng Lưu, P.Lê Lợi, Q.An Dương, TP. Hải Phòng",3800000.0,30.64,124020.89
1858,SHSK75,"Thửa 117 - Tờ 122 Đồng Xoài, P.Hòa Minh, Q.Liên Chiểu, TP. Đà Nẵng",5200000.0,57.77,90012.12
1859,SHSHU5,"Thửa 763 - tờ 151 Thôn An Trạch, Xã Hòa Tiến, H.Hòa Vang, TP. Đà Nẵng",1850000.0,16.56,111714.98
1860,ABAK0Y,"Thửa 1358 - tờ 16 Đức Bưu 2, P.Hương Sơ, Q.Phú Xuân, TP. Huế",1350000.0,22.5,60000.0
1861,WGFWSR,"55 (Thửa 2 - tờ 153) Phan Thao, P.Hòa Xuân, Q.Cẩm Lệ, TP. Đà Nẵng",6800000.0,68.0,100000.0
1862,2VGCQZ,"Thửa 183 -Tờ 99 Đỗ Huy Uyển, P.An Hải Bắc, Q.Sơn Trà, TP. Đà Nẵng",15000000.0,150.0,100000.0
1863,5KUZV7,"Thửa 280 - tờ 2 Thiết Bình, Xã Vân Hà, H.Đông Anh, TP. Hà Nội",3900000.0,47.21,82609.62
1864,7CSTTA,"Thửa 446 - tờ 88 Thôn 4, Xã Phú Cát, H.Quốc Oai, TP. Hà Nội",5900000.0,30.1,196013.29
1865,65VWG8,"Thửa 1064 - tờ 52 Thanh Lâm, TT.Quang Minh, H.Mê Linh, TP. Hà Nội",5100000.0,53.34,95613.05
1866,3A6R9Q,"Thửa 23A - tờ 02 TDP Vân Tra, P.An Đồng, Q.An Dương, TP. Hải Phòng",5600000.0,40.0,140000.0
1867,5KU0Z7,"Thửa LK4-21 - tờ phân lô đấu giá Bãi Vạc, TT.Đại Nghĩa, H.Mỹ Đức, TP. Hà Nội",4900000.0,59.39,82505.47
1868,UD3RJS,"Thửa 150 - tờ 102 thôn 2, Xã Phú Cát, H.Quốc Oai, TP. Hà Nội",3550000.0,24.06,147547.8
1869,E0CTB4,"Thửa 3705 - tờ 3 TDP 5, P.Lưu Kiếm, TP.Thuỷ Nguyên, TP. Hải Phòng",999.0,8.53,117.12
1870,UD3KCS,"Thửa 52 - tờ 17 TDP 6, P.Lưu Kiếm, TP.Thuỷ Nguyên, TP. Hải Phòng",790.0,9.82,80.45
1871,SHQCD5,"114 (Thửa 22 - tờ 00) Nguyễn Quyền, P.Hòa An, Q.Cẩm Lệ, TP. Đà Nẵng",4850000.0,53.88,90014.85
1872,QY6QWU,"Thửa (972+973)B - Tờ 03 Thôn 8, P.Trần Hưng Đạo, TP.Thuỷ Nguyên, TP. Hải Phòng",2050000.0,20.79,98605.1
1873,QY66TU,"Thửa 4360 - Tờ 1 Thôn 5, P.Quảng Thanh, TP.Thuỷ Nguyên, TP. Hải Phòng",2050000.0,19.65,104325.7
1874,WGEH6R,"Thửa 1031 - tờ 147 Thôn An Trạch, Xã Hòa Tiến, H.Hòa Vang, TP. Đà Nẵng",1560000.0,11.64,134020.62
1875,5K3TQ7,"Thửa 200 - Tờ 6, Số 272 Nguyễn Sinh Cung, P.Vỹ Dạ, Q.Thuận Hóa, TP. Huế",2350000.0,23.5,100000.0
1876,49K1CF,"Thửa 484 - Tờ 17 Thôn Vinh Vệ, Xã Phú Mỹ, H.Phú Vang, TP. Huế",2550000.0,15.93,160075.33
1877,65X448,"Thửa 207 - tờ 26 Kim Nê, Xã Thanh Bình, H.Chương Mỹ, TP. Hà Nội",3200000.0,20.21,158337.46
1878,R2E6DJ,"Thửa 266 - Tờ 55 ĐT 446, Xã Yên Bình, H.Thạch Thất, TP. Hà Nội",3500000.0,20.43,171316.69
1879,ABUJ6Y,"Thửa 219 - Tờ 67 Bãi Dài, Xã Tiến Xuân, H.Thạch Thất, TP. Hà Nội",2500000.0,28.24,88526.91
1880,UD6HXS,"Thửa 141 - tờ 93 Thượng Đức, P.Minh Đức, Q.Đồ Sơn, TP. Hải Phòng",1500000.0,14.21,105559.47
1881,5K8MS7,"Thửa 238 - Tờ 8 Quốc Lộ 32, TT.Trạm Trôi, H.Hoài Đức, TP. Hà Nội",9000000.0,170.77,52702.47
1882,SH1615,"16/22/25 (Thửa 113 - tờ 59) Quang Đàm, P.Sở Dầu, Q.Hồng Bàng, TP. Hải Phòng",2600000.0,55.34,46982.29
1883,49DY2F,"Thửa 15 - tờ QH Đình Trung, Xã Xuân Nộn, H.Đông Anh, TP. Hà Nội",7500000.0,62.5,120000.0
1884,SH1MV5,"Thửa 92 - tờ 60 Đản Mỗ, Xã Uy Nỗ, H.Đông Anh, TP. Hà Nội",3800000.0,82.6,46004.84
1885,UDVN6S,"Thửa 103 - tờ 3 Phù Liên, Xã Bắc Hồng, H.Đông Anh, TP. Hà Nội",7400000.0,70.07,105608.68
1886,5K6MA7,"Thửa 24 - tờ 13 Đê Phương Trạch, Xã Cổ Loa, H.Đông Anh, TP. Hà Nội",3000000.0,89.82,33400.13
1887,E0YQT4,"Thửa 150 - tờ 66 Thôn Quan Âm, Xã Bắc Hồng, H.Đông Anh, TP. Hà Nội",4000000.0,65.57,61003.51
1888,SH1P95,"Thửa Lô số 74B - tờ 09 (QĐ594) TĐC Đồng Dứa, P.Đằng Hải, Q.Hải An, TP. Hải Phòng",4800000.0,40.0,120000.0
1889,SH14F5,"Thửa 223 - Tờ 21 thôn La Đồng, Xã Hợp Thanh, H.Mỹ Đức, TP. Hà Nội",850.0,9.92,85.69
1890,GMW102,"Thửa 211 - Tờ 168 TDP Số 9, P.Hoà Nghĩa, Q.Dương Kinh, TP. Hải Phòng",820.0,17.11,47.93
1891,PXFTFG,"Thửa 119 - Tờ 84 Trà Khê, P.Anh Dũng, Q.Dương Kinh, TP. Hải Phòng",2500000.0,32.46,77017.87
1892,652VD8,"Thửa 322 - Tờ 42 đường La Thành, Xã Tân Tiến, H.Chương Mỹ, TP. Hà Nội",1960000.0,15.0,130666.67
1893,3AT6SQ,"Thửa 442 - Tờ 23 thôn Văn Phú, Xã An Phú, H.Mỹ Đức, TP. Hà Nội",760.0,10.02,75.85
1894,PXEB5G,"Thửa 584 - Tờ 22 thôn Đông Lai, Xã Quang Tiến, H.Sóc Sơn, TP. Hà Nội",3040000.0,32.0,95000.0
1895,652028,"Thửa 583 - Tờ 22 thôn Đông Lai, Xã Quang Tiến, H.Sóc Sơn, TP. Hà Nội",3050000.0,32.0,95312.5
1896,1SJUG6,"Thửa 1037 - Tờ 16 Kiệt Thu Bồn, P.Thuỷ Xuân, Q.Thuận Hóa, TP. Huế",1650000.0,16.3,101226.99
1897,QYG5MU,"305 (Thửa 81 - tờ 203) Phù Đổng, P.Hòa Xuân, Q.Cẩm Lệ, TP. Đà Nẵng",4500000.0,45.0,100000.0
1898,5KZ597,"26 (Thửa 90 - tờ 203) Hòa Nhân 6, P.Hòa Xuân, Q.Cẩm Lệ, TP. Đà Nẵng",4000000.0,40.0,100000.0
1899,2VKFRZ,"Thửa Lô E8 - tờ 17 Tuy Lý Vương, P.Vỹ Dạ, Q.Thuận Hóa, TP. Huế",5460000.0,35.0,156000.0
1900,KW1URC,"Thửa 528.7 - Tờ 21 Thôn Vũ Vị, Xã Minh Tân, H.Kiến Thuỵ, TP. Hải Phòng",795.0,11.86,67.03
1901,E03SQ4,"Thửa 666 - tờ 13 Thôn Đông Cựu, Xã Đông Phương Yên, H.Chương Mỹ, TP. Hà Nội",2000000.0,40.89,48911.71
1902,E03364,"Thửa 344 - tờ 23 Bột Xuyên, Xã Mỹ Xuyên, H.Mỹ Đức, TP. Hà Nội",1400000.0,17.5,80000.0
1903,UDG98S,"Thửa 221 - Tờ 19, Lô số ĐG-06 Khu Lỗ Đồng - Bồ Cóc đường 419, Xã Đại Đồng, H.Thạch Thất, TP. Hà Nội",6900000.0,46.0,150000.0
1904,1SWF56,"Thửa 269 - Tờ 12 thôn Trì, Xã Thượng Lâm, H.Mỹ Đức, TP. Hà Nội",1750000.0,22.15,79006.77
1905,WGUXXR,"Thửa 235 - Tờ 3 Xóm Trại, Xã Đại Yên, H.Chương Mỹ, TP. Hà Nội",4100000.0,62.12,66001.29
1906,ABTWAY,"Thửa 508 - Tờ 48 thôn Đình Lê, Xã Tuy Lai, H.Mỹ Đức, TP. Hà Nội",920.0,16.16,56.93
1907,ABTE7Y,"Thửa 422 - Tờ 28 thôn Lai Tảo, Xã Mỹ Xuyên, H.Mỹ Đức, TP. Hà Nội",750.0,17.08,43.91
1908,E08JR4,"Thửa 154 - tờ 61 TDP Trung Nghĩa, P.Hợp Đức, Q.Đồ Sơn, TP. Hải Phòng",999.0,19.78,50.51
1909,WGQE4R,"359 (Thửa 3314 - tờ 2) My Đông, P.Phạm Ngũ Lão, TP.Thuỷ Nguyên, TP. Hải Phòng",6600000.0,76.21,86602.81
1910,3AJCXQ,"Thửa 12245 - Tờ 1 đường A1, P.Phú Thứ, Q.Cái Răng, TP. Cần Thơ",3200000.0,26.66,120030.01
1911,0TSW49,"Thửa ĐG10-15 - Tờ SĐGĐ Lai Xá, Xã Kim Chung, H.Hoài Đức, TP. Hà Nội",12500000.0,172.41,72501.6
1912,3AR14Q,"Thửa 9 - tờ 223 Xuân Thiều 8, P.Hòa Hiệp Nam, Q.Liên Chiểu, TP. Đà Nẵng",3950000.0,49.37,80008.1
1913,PX7RRG,"Thửa ĐDT-20 - Tờ SĐGĐ Lai Xá, Xã Kim Chung, H.Hoài Đức, TP. Hà Nội",11900000.0,158.66,75003.15
1914,2VYJ2Z,"Thửa 36 - Tờ SĐGĐ Thôn Dậu, Xã Di Trạch, H.Hoài Đức, TP. Hà Nội",8500000.0,171.71,49502.07
1915,65FZS8,"Thửa 19 - Tờ 29 Yên Xuân, Xã Yên Trung, H.Thạch Thất, TP. Hà Nội",5940000.0,4.8,1237500.0
1916,7CG17A,"Thửa 2973 - Tờ 1, Đường số 10 KDC 11C, P.Phú Thứ, Q.Cái Răng, TP. Cần Thơ",2490000.0,29.75,83697.48
1917,3ARGUQ,"08 (Thửa KT04/4 - tờ 327) Trần Tấn, P.Hòa Hiệp Nam, Q.Liên Chiểu, TP. Đà Nẵng",4700000.0,44.76,105004.47
1918,0TUTZ9,"Thửa 02 - Tờ Mảnh trích đo địa chính số 07-2022 Đường 404, Xã Đoàn Xá, H.Kiến Thuỵ, TP. Hải Phòng",3550000.0,25.33,140150.02
1919,YEPXYD,"Thửa 746 - tờ 21 Lê Ngô Cát, Xã Phú Xuân, H.Phú Vang, TP. Huế",3550000.0,35.5,100000.0
1920,0T3AY9,"Thửa 2206 - Tờ 53, Hẻm 6 Trần Vĩnh Kiết, P.An Bình, Q.Ninh Kiều, TP. Cần Thơ",5000000.0,25.0,200000.0
1921,87ERN3,"Thửa 353 - tờ 45 Thôn An Ninh, Xã Hòa Nhơn, H.Hòa Vang, TP. Đà Nẵng",1150000.0,9.49,121180.19
1922,SHR035,"Thửa 360 - Tờ 120, Đường số 7 KDC 91B, P.Tân An, Q.Ninh Kiều, TP. Cần Thơ",3850000.0,38.5,100000.0
1923,UDWRUS,"Thửa 295 - Tờ 54, Đường số 7 KDC 91B, P.Tân An, Q.Ninh Kiều, TP. Cần Thơ",3850000.0,38.5,100000.0
1924,JZ8860,"Thửa 358 - Tờ 8, Đường số 3 KDC 11A, P.Hưng Thạnh, Q.Cái Răng, TP. Cần Thơ",5700000.0,50.22,113500.6
1925,65BCQ8,"82/3 (Thửa 177 - tờ 24) Nguyễn Sinh Cung, P.Vỹ Dạ, Q.Thuận Hóa, TP. Huế",2100000.0,19.81,106007.07
1926,65BD68,"Thửa 478 - tờ 31 KDC Thanh Lam, P.Thủy Phương, TX.Hương Thủy, TP. Huế",2050000.0,13.01,157571.1
1927,2V58YZ,"Thửa 94 - Tờ 108 Trần Lê, P.Hòa Xuân, Q.Cẩm Lệ, TP. Đà Nẵng",6550000.0,60.93,107500.41
1928,GMUPZ2,"Thửa 234 - Tờ 13, Kiêt 1014 Tôn Đản, P.Hòa Thọ Tây, Q.Cẩm Lệ, TP. Đà Nẵng",2890000.0,36.03,80210.94
1929,2VUX5Z,"1074/2/2 (Thửa 272 - tờ 53) Trường Chinh, P.Hòa Phát, Q.Cẩm Lệ, TP. Đà Nẵng",2850000.0,31.56,90304.18
1930,5K46N7,"Thửa 6363 - Tờ 1, Đường số 47 KDC 586, P.Hưng Phú, Q.Cái Răng, TP. Cần Thơ",3800000.0,31.66,120025.27
1931,3AKXJQ,"26C/106 (Thửa 367 - tờ 27) Nguyễn Lộ Trạch, P.Xuân Phú, Q.Thuận Hóa, TP. Huế",2100000.0,28.68,73221.76
1932,87D6K3,"Thửa 1765 - Tờ 1 Thôn 9, Xã Liên Xuân, TP.Thuỷ Nguyên, TP. Hải Phòng",450.0,1.73,260.12
1933,9NVJVP,"K32/9/5 (Thửa 390 - tờ 32) Phan Khoang, P.Hòa An, Q.Cẩm Lệ, TP. Đà Nẵng",2900000.0,36.25,80000.0
1934,65YJ78,"Thửa 12 - tờ 55 Thôn Khương Mỹ, Xã Hòa Phong, H.Hòa Vang, TP. Đà Nẵng",2000000.0,11.49,174064.4
1935,SHCQ05,"Thửa 805 - tờ 38 K106 Minh Mạng, P.Thuỷ Xuân, Q.Thuận Hóa, TP. Huế",1550000.0,15.39,100714.75
1936,3AD10Q,"Thửa 439 -  Tờ 43 Nguyễn Khoa Chiêm, P.An Tây, Q.Thuận Hóa, TP. Huế",6700000.0,32.94,203400.12
1937,JZNDE0,"Thửa 269 - tờ 27 TDP Ngọc Anh, P.Phú Thượng, Q.Thuận Hóa, TP. Huế",4450000.0,25.14,177008.75
1938,UDKTWS,"Thửa 206 - tờ 83 K86 Thiên Thai, P.An Cựu, Q.Thuận Hóa, TP. Huế",1150000.0,9.49,121180.19
1939,7CEMJA,"Thửa 697 - tờ 9 ấp Đông Thắng A, Xã Đông Thuận, H.Thới Lai, TP. Cần Thơ",650.0,1.92,338.54
1940,3ADEAQ,"Thửa A3 - tờ 03 Thôn Ngọc Anh, P.Phú Thượng, Q.Thuận Hóa, TP. Huế",4150000.000000001,25.93,160046.28
1941,65AH78,"Thửa 15 - tờ 49 Mỹ Khê 5, P.Phước Mỹ, Q.Sơn Trà, TP. Đà Nẵng",43000000.0,127.52,337202.01
1942,AB4FJY,"Thửa 1772 - Tờ 88 Hoàng Quốc Việt, P.An Cựu, Q.Thuận Hóa, TP. Huế",1050000.0,10.48,100190.84
1943,PXVXSG,"Thửa 932 - Tờ 14 Kiệt Hoài Thanh, P.Thuỷ Xuân, Q.Thuận Hóa, TP. Huế",1500000.0,14.74,101763.91
1944,ABE0PY,"Thửa 406 - tờ 77 KQH Thủy Vân, P.Vỹ Dạ, Q.Thuận Hóa, TP. Huế",2880000.0,29.56,97428.96
1945,3AYEYQ,"Thửa 819 - tờ 6 KQH Hương Sơ, P.Hương Sơ, Q.Phú Xuân, TP. Huế",1220000.0,19.96,61122.24
1946,1S5HK6,"Thửa 107 - tờ 32 KQH Ngọc Anh, P.Phú Thượng, Q.Thuận Hóa, TP. Huế",3100000.0,24.56,126221.5
1947,657KY8,"Thửa 208 - tờ 13 Dương Quảng Hàm, P.Thuỷ Xuân, Q.Thuận Hóa, TP. Huế",1590000.0,15.9,100000.0
1948,3AYUVQ,"Thửa 847 - tờ 24 Thôn Tam Kiệt, Xã Hữu Bằng, H.Kiến Thuỵ, TP. Hải Phòng",999.0,16.48,60.62
1949,7CCVPA,"Thửa 2966 - Tờ 2 Nguyên Hồng, P.Ba Láng, Q.Cái Răng, TP. Cần Thơ",2400000.0,20.72,115830.12
1950,CRWU1B,"Lô 02 - Tờ 11 Nguyễn Lộ Trạch, P.Xuân Phú, Q.Thuận Hóa, TP. Huế",7400000.0,54.41,136004.41
1951,7CKVGA,"Thửa 566 - tờ 11 Thôn Hà Đỗ, P.Hồng Phong, Q.An Dương, TP. Hải Phòng",1500000.0,24.5,61224.49
1952,2VM46Z,"Thửa 1086 - Tờ 14, Số 10 Phạm Đình Toái, P.Thuỷ Xuân, Q.Thuận Hóa, TP. Huế",1950000.0,19.5,100000.0
1953,GMXEZ2,"Thửa 465 - Tờ 38 Tôn Thất Bật, P.An Tây, Q.Thuận Hóa, TP. Huế",2400000.0,29.62,81026.33
1954,875P53,"Thửa 261 - Tờ 13 Châu Sơn, P.Thủy Châu, TX.Hương Thủy, TP. Huế",1390000.0,13.9,100000.0
1955,UDY2RS,"Thửa 112 - tờ 120 Nguyễn Lý, P.Hòa Xuân, Q.Cẩm Lệ, TP. Đà Nẵng",5300000.0,53.0,100000.0
1956,7CKZRA,"Thửa 421 - tờ 8 Thôn Đồng Di, Xã Phú Hồ, H.Phú Vang, TP. Huế",1050000.0,8.3,126506.02
1957,PXNQEG,"Thửa 709 - tờ 86 Ngô Miễn, Xã Hòa Liên, H.Hòa Vang, TP. Đà Nẵng",2500000.0,21.94,113947.13
1958,UDYBPS,"Thửa 548 - tờ 29 Nguyễn Văn Chư, P.Thủy Phương, TX.Hương Thủy, TP. Huế",999.0,9.21,108.47
1959,9NTTYP,"Thửa 114 - tờ 100 Trần Kim Xuyến, P.Hòa Xuân, Q.Cẩm Lệ, TP. Đà Nẵng",6000000.0,59.52,100806.45
1960,9NZEVP,"Thửa 197 - tờ 42 Vân Đồn, P.Nại Hiên Đông, Q.Sơn Trà, TP. Đà Nẵng",27500000.0,178.45,154104.79
1961,87QM43,"Thửa 237 - tờ 38 Đinh Châu, P.Hòa Thọ Đông, Q.Cẩm Lệ, TP. Đà Nẵng",7250000.0,72.5,100000.0
1962,SH7M05,"Thửa 1466 - tờ 15 Hoàng Quốc Việt, P.An Cựu, Q.Thuận Hóa, TP. Huế",2580000.0,24.08,107142.86
1963,7K5CSA,"Thửa 179-1, Tờ 16 Nguyễn Tất Thành, P.Thủy Phương, TX.Hương Thủy, TP. Huế",8000000.0,37.66,212426.98
1964,7KS76A,"Thửa 984 - tờ 61 Lê Đức Anh, P.Vỹ Dạ, Q.Thuận Hóa, TP. Huế",1600000.0,24.61,65014.22
1965,1UXYR6,"Thửa 658 - Tờ 35 Phạm Ngũ Lão, P.An Hòa, Q.Ninh Kiều, TP. Cần Thơ",6000000.0,35.27,170116.25
1966,6SX4E8,"Thửa 7675 - Tờ 1, Đường số 48 KDC 586, P.Hưng Phú, Q.Cái Răng, TP. Cần Thơ",2700000.0,27.0,100000.0
1967,5H3EP7,"Thửa 681 - tờ 62 Thôn 5, Xã Hòa Khương, H.Hòa Vang, TP. Đà Nẵng",2300000.0,6.96,330459.77
1968,7K8XZA,"Thửa 134 - tờ 22 K98 Nguyễn Đình, P.An Hải Bắc, Q.Sơn Trà, TP. Đà Nẵng",7000000.0,50.76,137903.86
1969,7K80WA,"Thửa 407 -Tờ 17 Nguyễn Án, Xã Hòa Phước, H.Hòa Vang, TP. Đà Nẵng",3550000.0,35.5,100000.0
1970,0ZETB9,"Thửa 269- Tờ 13 Phú Lộc 10, P.Thanh Khê Tây, Q.Thanh Khê, TP. Đà Nẵng",14000000.0,101.37,138107.92
1971,0ZBW59,"Thửa 1469- Tờ 5 KDC OTT4, P.Thủy Dương, TX.Hương Thủy, TP. Huế",3250000.0,32.5,100000.0
1972,AC8SJY,"Thửa 517 - Tờ 9 Huỳnh Bá Chánh, P.Hương Sơ, Q.Phú Xuân, TP. Huế",1850000.0,18.5,100000.0
1973,5H1QB7,"Thửa 754 - Tờ 58 Dạ Lê Chánh, P.Vỹ Dạ, Q.Thuận Hóa, TP. Huế",1480000.0,22.69,65226.97
1974,PN4RYG,"Thửa 755 - Tờ 58 Dạ Lê Chánh, P.Vỹ Dạ, Q.Thuận Hóa, TP. Huế",1480000.0,22.45,65924.28
1975,UYMVQS,"Thửa 719 - Tờ 32 Nguyễn Hữu Cảnh, P.An Tây, Q.Thuận Hóa, TP. Huế",1400000.0,22.61,61919.5
1976,85T9W3,"Thửa 1593 - Tờ 7, Đường số 3 KDC Nam Long, P.Hưng Thạnh, Q.Cái Răng, TP. Cần Thơ",15000000.0,42.55,352526.44
1977,PN4H8G,"65 (Thửa 191 - tờ 25) Giáp Hải, P.Nại Hiên Đông, Q.Sơn Trà, TP. Đà Nẵng",6600000.0,94.28,70004.24
1978,5HVSF7,"Thửa 409 - Tờ 40 Thôn Phú Ninh, Xã Minh Phú, H.Sóc Sơn, TP. Hà Nội",2040000.0,25.5,80000.0
1979,85ZMT3,"Thửa 244 - tờ 37 Thôn Tân Hạnh, Xã Hòa Phước, H.Hòa Vang, TP. Đà Nẵng",2150000.0,14.33,150034.89
1980,SDXHB5,"Thửa 11117 - Tờ 1, Đường B4 KDC Phú An, P.Phú Thứ, Q.Cái Răng, TP. Cần Thơ",2200000.0,27.16,81001.47
1981,5HXPU7,"Thửa 204 - Tờ 13 Dương Quảng Hàm, P.Thuỷ Xuân, Q.Thuận Hóa, TP. Huế",2350000.0,21.28,110432.33
1982,SDN9Z5,"Thửa 1053 -Tờ 11 Nguyễn Thị Định, P.Thuỷ Xuân, Q.Thuận Hóa, TP. Huế",1900000.0,19.0,100000.0
1983,PNC51G,"Thửa 1104 - Tờ 34, Đường số 5 KDC Hồng Phát, P.An Bình, Q.Ninh Kiều, TP. Cần Thơ",12000000.0,58.02,206825.23
1984,UYTK3S,"Thửa 454 - tờ 32 K39 Nguyễn Nhàn, P.Hòa Thọ Đông, Q.Cẩm Lệ, TP. Đà Nẵng",3000000.0,36.58,82012.03
1985,CWQ0MB,"Thửa 293 - Tờ 33, Đường ĐT601 Thôn Nam Mỹ, Xã Hòa Bắc, H.Hòa Vang, TP. Đà Nẵng",7000000.0,3.23,2167182.66
1986,85P9J3,"Thửa 121 -Tờ 184 Lê Đỉnh, P.Hòa Xuân, Q.Cẩm Lệ, TP. Đà Nẵng",4550000.0,45.5,100000.0
1987,37PT5Q,"Thửa 5196 - Tờ 35, Đường Số 4 KDC Cái Sơn, P.An Bình, Q.Ninh Kiều, TP. Cần Thơ",12000000.0,70.5,170212.77
1988,SDZX65,"Thửa 12325 - Tờ 1, Đường B11 KDC Phú An, P.Hưng Phú, Q.Cái Răng, TP. Cần Thơ",2530000.0,25.3,100000.0
1989,EJ37U4,"Thửa 413 -Tờ 112, Đường Đồng Văn Cống Khu Vực 5, P.An Thới, Q.Bình Thuỷ, TP. Cần Thơ",800.0,9.43,84.84
1990,SD2N35,"Thửa 2168 - Tờ 15, Đường F4 KV Bình An, P.Long Hòa, Q.Bình Thuỷ, TP. Cần Thơ",3150000.0,31.5,100000.0
1991,9T57YP,"Thửa 2664 - Tờ 8 Ấp Tân Thành, Xã Nhơn Ái, H.Phong Điền, TP. Cần Thơ",570.0,7.97,71.52
1992,1U4F76,"Thửa 321 - Tờ 267 Nam Cao, P.Hòa Khánh Nam, Q.Liên Chiểu, TP. Đà Nẵng",2450000.0,37.29,65701.26
1993,85WC43,"Thửa 141 -Tờ 23, Kiệt 1014 Tôn Đản, P.Hòa Thọ Tây, Q.Cẩm Lệ, TP. Đà Nẵng",2350000.0,29.15,80617.5
1994,0ZU7S9,"Thửa 63- Tờ 175 Khánh An 1, P.Hòa Khánh Nam, Q.Liên Chiểu, TP. Đà Nẵng",4500000.0,45.0,100000.0
1995,37WCMQ,"Thửa 187 - Tờ 148 Trinh Đường, P.Hòa Phát, Q.Cẩm Lệ, TP. Đà Nẵng",3590000.0,42.13,85212.44
1996,ACPQXY,"Thửa 426 -Tờ 109, 21/1 Trần Phú, P.Cái Khế, Q.Ninh Kiều, TP. Cần Thơ",2190000.0,22.62,96816.98
1997,6SE2C8,"Thửa 327 -Tờ 45 Bùi Hữu Nghĩa, P.Bình Thủy, Q.Bình Thuỷ, TP. Cần Thơ",690.0,17.2,40.12
1998,6SBQF8,"Thửa 489- Tờ 112 Lê Tấn Trung, P.Thọ Quang, Q.Sơn Trà, TP. Đà Nẵng",12000000.0,124.35,96501.81
1999,7KJVYA,"Thửa 306 -Tờ 51 Bùi Chát, P.Hòa Khánh Bắc, Q.Liên Chiểu, TP. Đà Nẵng",2300000.0,32.85,70015.22
2000,GXUV62,"Thửa 790 - tờ 19 Thôn An Trạch, Xã Hòa Tiến, H.Hòa Vang, TP. Đà Nẵng",1300000.0,8.66,150115.47
2001,PN3BWG,"10 Nguyễn Chánh, P.Hòa Khánh Bắc, Q.Liên Chiểu, TP. Đà Nẵng",9950000.0,68.52,145213.08
2002,PN3HEG,"Thửa 207 - tờ 75 Hòa Phú 10, P.Hòa Minh, Q.Liên Chiểu, TP. Đà Nẵng",5950000.0,59.5,100000.0
2003,UY4G2S,"Thửa 41 - tờ 47 Bùi Sĩ Tiêm, P.Hòa Cường Bắc, Q.Hải Châu, TP. Đà Nẵng",24000000.0,161.39,148708.1
2004,5HWPE7,"Thửa 194 - Tờ 73, Số 176 Nguyễn Chơn, P.Hòa Minh, Q.Liên Chiểu, TP. Đà Nẵng",6500000.0,76.47,85000.65
2005,SDFEM5,"Thửa 185 -Tờ 176, số 868 Tôn Đản, P.Hòa Phát, Q.Cẩm Lệ, TP. Đà Nẵng",4750000.0,57.5,82608.7
2006,7KW52A,"Thửa 148 - Tờ 215 Liêm Lạc 14, P.Hòa Xuân, Q.Cẩm Lệ, TP. Đà Nẵng",3950000.0,39.5,100000.0
2007,37KMJQ,"Thửa 418 -Tờ 00, Số 54 Vũ Thạnh, P.Hòa Xuân, Q.Cẩm Lệ, TP. Đà Nẵng",5100000.0,51.0,100000.0
2008,UYBV8S,"Thửa 255 - Tờ 72, Số 143 Thanh Nghị, P.Hòa Minh, Q.Liên Chiểu, TP. Đà Nẵng",6750000.0,67.5,100000.0
2009,J2MAD0,"Thửa 264 - Tờ 132, Số 93 Trần Lựu, P.Hòa Xuân, Q.Cẩm Lệ, TP. Đà Nẵng",4500000.0,45.0,100000.0
2010,85H0V3,"Thửa 173 - Tờ 125, Số 29 Phan Tốn, P.Hoà Quý, Q.Ngũ Hành Sơn, TP. Đà Nẵng",5050000.0,50.5,100000.0
2011,1UAG96,"Thửa 09 - Tờ B2.7, Số 60 Phan Khoang, P.Hòa An, Q.Cẩm Lệ, TP. Đà Nẵng",5800000.0,48.94,118512.46
2012,DERMTH,"382/5/26 Tôn Đản, P.Hòa An, Q.Cẩm Lệ, TP. Đà Nẵng",3350000.0,29.3,114334.47
2013,85DEN3,"Thửa 22 - Tờ B2.28, Số 89 Hoàng Ngân, P.Hòa Xuân, Q.Cẩm Lệ, TP. Đà Nẵng",5500000.0,55.0,100000.0
2014,7KESTA,"Thửa 283 - Tờ 47, Số 111 Bùi Hiển, P.Hòa An, Q.Cẩm Lệ, TP. Đà Nẵng",6250000.0,62.5,100000.0
2015,ACE13Y,"Kiệt 1062/9 Trường Chinh, P.Hòa Phát, Q.Cẩm Lệ, TP. Đà Nẵng",2390000.0,37.93,63010.81
2016,ACEM6Y,"Thửa 192 - Tờ 30, Số 126 Trần Minh Tông, P.Hòa Minh, Q.Liên Chiểu, TP. Đà Nẵng",7950000.0,79.5,100000.0
2017,9TXD9P,"Thửa 57 - Tờ 59, Số 64 Lê Lợi, P.Cái Khế, Q.Ninh Kiều, TP. Cần Thơ",31500000.0,127.01,248011.97
2018,9T21EP,"Thửa 525 - Tờ B2.13, Số 157 Đô Đốc Lân, P.Hòa Xuân, Q.Cẩm Lệ, TP. Đà Nẵng",5990000.0,59.9,100000.0
2019,6SQDD8,"Thửa 220 - Tờ 175 Khánh An 12, P.Hòa Khánh Nam, Q.Liên Chiểu, TP. Đà Nẵng",4050000.0,45.71,88602.06
2020,2MT43Z,"Thửa 390 - Tờ 18 Tôn Đản, P.Hòa Phát, Q.Cẩm Lệ, TP. Đà Nẵng",3650000.0,35.96,101501.67
2021,5D59P7,"Thửa 125 - Tờ 103, Kiệt 109 Tô Hiệu, P.Hòa Minh, Q.Liên Chiểu, TP. Đà Nẵng",2650000.0,43.87,60405.74
2022,358GGQ,"228 Kỳ Đồng, P.Thanh Khê Đông, Q.Thanh Khê, TP. Đà Nẵng",8500000.0,90.04,94402.49
2023,SB2EZ5,"Thửa 04 - Tờ 01-2022 Thôn Đức Phong, Xã Đại Đồng, H.Kiến Thuỵ, TP. Hải Phòng",2630000.0,20.49,128355.3
2024,SB2EG5,"Thửa 1595 - tờ 8 TDP Phúc Nam, P.Lưu Kiếm, TP.Thuỷ Nguyên, TP. Hải Phòng",600.0,11.95,50.21
2025,UCGBHS,"Thửa 604 - Tờ 14 Thôn Minh Liễn, Xã Minh Tân, H.Kiến Thuỵ, TP. Hải Phòng",1350000.0,15.3,88235.29
2026,AFNWKY,"Thửa 1724 - tờ 2 Thôn 8, Xã Liên Xuân, TP.Thuỷ Nguyên, TP. Hải Phòng",1500000.0,16.94,88547.82
2027,6YJYX8,"Thửa 603 - Tờ 14 Thôn Minh Liễn, Xã Minh Tân, H.Kiến Thuỵ, TP. Hải Phòng",1320000.0,15.29,86330.94
2028,5EZHM7,"Thửa 219 - tờ 25 Thôn Đạc Tài, Xã Mai Đình, H.Sóc Sơn, TP. Hà Nội",4070000.000000001,35.08,116020.52
2029,SBGU45,"Thửa 601 - tờ 28 Kiệt 16, Minh Mạng, P.Thuỷ Xuân, Q.Thuận Hóa, TP. Huế",1800000.0,15.12,119047.62
2030,DRXQTH,"Thửa 422 - tờ 8 Thôn Xuân Linh, Xã Thủy Xuân Tiên, H.Chương Mỹ, TP. Hà Nội",5430000.0,23.0,236086.96
2031,9VABWP,"Thửa 846 - Tờ 24 Thôn Tam Kiệt, Xã Hữu Bằng, H.Kiến Thuỵ, TP. Hải Phòng",1390000.0,20.17,68914.23
2032,0M5449,"Thửa 176 - Tờ 133 Đào Sư Tích, P.Hòa Minh, Q.Liên Chiểu, TP. Đà Nẵng",4900000.0,54.44,90007.35
2033,UC9VES,"Thửa 1303B-4 - tờ 04 Thôn Trại Kênh, P.Trần Hưng Đạo, TP.Thuỷ Nguyên, TP. Hải Phòng",799.0,13.31,60.03
2034,EG6U74,"Thửa 343 - tờ 59 đường Trần Quang Khải, P.Cái Khế, Q.Ninh Kiều, TP. Cần Thơ",22000000.0,95.32,230801.51
2035,K0MX4C,"Thửa 276 - tờ 1 Thôn Xuân La, Xã Thanh Sơn, H.Kiến Thuỵ, TP. Hải Phòng",3200000.0,27.35,117001.83
2036,SBP015,"Thửa 64 - tờ 172 Trần Hữu Duẩn, P.Hòa Xuân, Q.Cẩm Lệ, TP. Đà Nẵng",4480000.0,39.64,113017.15
2037,5EG4U7,"Thửa 1115 - tờ 48 Nguyễn Viết Xuân, P.Trà An, Q.Bình Thuỷ, TP. Cần Thơ",1250000.0,11.8,105932.2
2038,28D67Z,"Thửa 152 - tờ 51 Phạm Văn Đồng, P.Tân Thành, Q.Dương Kinh, TP. Hải Phòng",3450000.0,55.02,62704.47
2039,YWTKGD,"24 (Thửa 82 - tờ 160) Trương Văn Đa, P.Hòa Khánh Nam, Q.Liên Chiểu, TP. Đà Nẵng",5600000.0,69.65,80402.01
2040,UC048S,"Thửa 98 - Tờ 55 Hòa Phú 27, P.Hòa Minh, Q.Liên Chiểu, TP. Đà Nẵng",6650000.0,71.89,92502.43
2041,QKJSQU,"Thửa 15 - Tờ 285 Số 201 Đồng Kè, P.Hòa Khánh Bắc, Q.Liên Chiểu, TP. Đà Nẵng",6000000.0,42.97,139632.3
2042,C9XYXB,"Thửa 127 - tờ 139 K52 Phan Thanh, P.Thạc Gián, Q.Thanh Khê, TP. Đà Nẵng",3750000.0,68.55,54704.6
2043,DRZS1H,"Thửa 126 - tờ 139 K52 Phan Thanh, P.Thạc Gián, Q.Thanh Khê, TP. Đà Nẵng",3750000.0,65.9,56904.4
2044,C9XANB,"Thửa 76 - tờ 28 Trần Duy Chiến, P.Mân Thái, Q.Sơn Trà, TP. Đà Nẵng",17500000.0,165.09,106002.79
2045,K0N69C,"80 Ngõ 1, Q.Nam Từ Liêm, TP. Hà Nội",6330000.0,100.47,63003.88
2046,5E0NR7,"Thửa 4 - Tờ B2-20 Phan Quang Định, Xã Hòa Sơn, H.Hòa Vang, TP. Đà Nẵng",3400000.0,34.0,100000.0
2047,74JC8A,"Thửa 410 - Tờ 31 Nguyễn Danh Thực, P.Thủy Phương, TX.Hương Thủy, TP. Huế",1890000.0,12.0,157500.0
2048,P1QXQG,"Thửa 192 - Tờ 2 Miếu Bông 4, Xã Hòa Phước, H.Hòa Vang, TP. Đà Nẵng",3700000.0,40.04,92407.59
2049,YW9BVD,"Thửa 632 - Tờ 277 TDP Giáng Đông, Xã Hòa Châu, H.Hòa Vang, TP. Đà Nẵng",1850000.0,18.08,102323.01
2050,8DCT53,"Thửa 221 - tờ 18 Thôn Kinh Đào, Xã An Mỹ, H.Mỹ Đức, TP. Hà Nội",1280000.0,13.53,94604.58
2051,42NRJF,"Thửa 592 - Tờ 107 Phú Sơn 1, Xã Hòa Khương, H.Hòa Vang, TP. Đà Nẵng",1890000.0,15.24,124015.75
2052,8DCQF3,"Thửa 226 - Tờ 7 TĐC Hoà Sơn, Xã Hòa Sơn, H.Hòa Vang, TP. Đà Nẵng",3700000.0,18.08,204646.02
2053,3HCJCQ,"K40/02 Nguyễn Thành Hãn, P.Hòa Thuận Tây, Q.Hải Châu, TP. Đà Nẵng",11300000.0,64.2,176012.46
2054,JXVUY0,"Thửa 879 - tờ 3 Thôn Phượng Nghĩa, Xã Phụng Châu, H.Chương Mỹ, TP. Hà Nội",2100000.0,63.15,33254.16
2055,UCC26S,"Thửa 19 - Tờ B2-12, Số 62 Phan Văn Đáng, Xã Hòa Châu, H.Hòa Vang, TP. Đà Nẵng",4900000.0,54.44,90007.35
2056,EGGJ14,"Thửa 293 - tờ 27 đường Thôn Lai Tảo, Xã Mỹ Xuyên, H.Mỹ Đức, TP. Hà Nội",790.0,17.95,44.01
2057,3HYFDQ,"Thửa 483 - Tờ 138 TDP Hưởng Phước, Xã Hòa Liên, H.Hòa Vang, TP. Đà Nẵng",1700000.0,13.6,125000.0
2058,6Y7HQ8,"Nguyễn Văn Cừ, P.An Khánh, Q.Ninh Kiều, TP. Cần Thơ",4500000.0,31.89,141110.07
2059,6Y5518,"Thửa 119 - tờ 24 Trần Minh Tông, P.Hòa Minh, Q.Liên Chiểu, TP. Đà Nẵng",8199999.999999999,78.09,105007.04
2060,74CC3A,"Thửa 368 - tờ 53 Bàu Mạc 7, P.Hòa Khánh Bắc, Q.Liên Chiểu, TP. Đà Nẵng",5150000.0,47.9,107515.66
2061,QKYYMU,"Thửa 188 - tờ 52 Bàu Mạc 21, P.Hòa Khánh Bắc, Q.Liên Chiểu, TP. Đà Nẵng",5400000.0,54.0,100000.0
2062,QKYYWU,"Thửa 307 - tờ 28 Long Châu Miếu, Xã Phụng Châu, H.Chương Mỹ, TP. Hà Nội",2850000.0,43.44,65607.73
2063,3HAUVQ,"Thửa 2054 - Tờ 15 KDC Bình Nhựt, P.Long Hòa, Q.Bình Thuỷ, TP. Cần Thơ",2390000.0,37.99,62911.29
2064,QKAVJU,"Thửa 107a - tờ 29 Thôn Cốc Liễn, Xã Minh Tân, H.Kiến Thuỵ, TP. Hải Phòng",3650000.0,24.82,147058.82
2065,6YSJ98,"Thửa 237 (222-1) - tờ 42 K44 Nguyễn Khoa Chiêm, P.An Tây, Q.Thuận Hóa, TP. Huế",1900000.0,15.01,126582.28
2066,G6XTA2,"Thửa C493 Bùi Xuân Phái, P.Thủy Dương, TX.Hương Thủy, TP. Huế",3250000.0,27.08,120014.77
2067,8DST43,"Thửa 376.2 - tờ 12 Thôn Tân Linh, Xã Minh Tân, H.Kiến Thuỵ, TP. Hải Phòng",1490000.0,15.68,95025.51
2068,WT0XER,"Thửa 765 - tờ 40 Thủy Tú, TDP Tân Lập, P.Thuận An, Q.Thuận Hóa, TP. Huế",650.0,10.45,62.2
2069,QK5BZU,"Thửa 2247 - Tờ 5 KV Bình Phó A, P.Long Tuyền, Q.Bình Thuỷ, TP. Cần Thơ",1150000.0,17.13,67133.68
2070,DRCE9H,"Thửa 49 - Tờ 41 Thôn Quan Châu, Xã Hòa Châu, H.Hòa Vang, TP. Đà Nẵng",2250000.0,22.5,100000.0
2071,RN9GMJ,"Thửa 2137 - Tờ 12 Thôn Giáng Đông, Xã Hòa Châu, H.Hòa Vang, TP. Đà Nẵng",2680000.0,24.58,109031.73
2072,3HUVXQ,"Thửa 473 - tờ 32 K60 Mẹ Nhu, P.Thanh Khê Tây, Q.Thanh Khê, TP. Đà Nẵng",2290000.0,41.71,54902.9
2073,28TXRZ,"Thửa 429 - tờ 34 Thôn Đông Cựu, Xã Phú Nghĩa, H.Chương Mỹ, TP. Hà Nội",3400000.0,34.94,97309.67
2074,0X05P9,"Thửa 141-B2-3 - tờ SO2TDTT Đà Sơn 5, P.Hòa Khánh Nam, Q.Liên Chiểu, TP. Đà Nẵng",5680000.0,46.78,121419.41
2075,UK82HS,"Thửa 2133 - Tờ 9 Thôn Quan Châu, Xã Hòa Châu, H.Hòa Vang, TP. Đà Nẵng",2070000.0,20.7,100000.0
2076,UK1GKS,"Thửa  318 - Tờ 8 Thôn Kim Bông, Xã Hạ Bằng, H.Thạch Thất, TP. Hà Nội",6500000.0,48.11,135107.05
2077,QHMHVU,"Thửa 517 - tờ 12 Thôn Đồng Mít, Xã Đồng Tâm, H.Mỹ Đức, TP. Hà Nội",1200000.0,24.0,50000.0
2078,7E65CA,"Thửa 983 - Tờ 46 Rạch Trà Niền Lớn, TT.Phong Điền, H.Phong Điền, TP. Cần Thơ",690.0,2.3,300.0
2079,RTKCNJ,"Thửa 53 - tờ 158 Nguyễn Lương Bằng, P.Hòa Hiệp Nam, Q.Liên Chiểu, TP. Đà Nẵng",2590000.0,31.97,81013.45
2080,SCM8U5,"Thửa 19 - tờ Quy hoạch chia lô Thôn Đông Tác, Xã Đại Hợp, H.Kiến Thuỵ, TP. Hải Phòng",1750000.0,14.83,118004.05
2081,6A24M8,"Thửa 239 - Tờ 253 Trung Lập 5, P.Hòa Hiệp Nam, Q.Liên Chiểu, TP. Đà Nẵng",3550000.0,35.5,100000.0
2082,5BV937,"Thửa 238 - Tờ 27 Thôn Nam Yên, Xã Hòa Bắc, H.Hòa Vang, TP. Đà Nẵng",1450000.0,8.54,169789.23
2083,3DTWXQ,"Thửa 46-B2-9 - Tờ NNTT Đào Ngọc Chua, P.Hòa Hiệp Nam, Q.Liên Chiểu, TP. Đà Nẵng",3450000.0,34.5,100000.0
2084,QHZ3SU,"Thửa 228 - tờ 51 Thôn Nam Cương, Xã Hiền Ninh, H.Sóc Sơn, TP. Hà Nội",1150000.0,23.95,48016.7
2085,3D2Z5Q,"Thửa 29 - tờ N1.4 Lộc Ninh, P.Hoà Hải, Q.Ngũ Hành Sơn, TP. Đà Nẵng",5500000.0,50.45,109018.83
2086,9MKYAP,"Thửa 11429 - tờ 4 Thôn Trại Kênh, P.Lưu Kiếm, TP.Thuỷ Nguyên, TP. Hải Phòng",750.0,4.57,164.11
2087,PVC8MG,"Thửa 557 - tờ 79 Nguyễn Như Hạnh, P.Hòa Minh, Q.Liên Chiểu, TP. Đà Nẵng",4450000.0,66.41,67007.98
2088,KJVPAC,"Thửa 116/1 - tờ 02 Thôn Đền, P.Thiên Hương, TP.Thuỷ Nguyên, TP. Hải Phòng",4890000.0,34.24,142815.42
2089,DWXRYH,"Thửa 603 - tờ 28 Nguyễn Khoa Minh, P.Tứ Hạ, TX.Hương Trà, TP. Huế",3200000.0,12.97,246723.21
2090,JN5X20,"Thửa 413 - Tờ 22 Nguyễn Văn Cừ, P.An Khánh, Q.Ninh Kiều, TP. Cần Thơ",2390000.0,25.47,93835.89
2091,G1Y002,"Thửa 1089/820F - tờ 04 Thôn 4, P.Thiên Hương, TP.Thuỷ Nguyên, TP. Hải Phòng",1890000.0,19.18,98540.15
2092,KJMYNC,"Thửa Lô 04 - tờ 06 đường 359C, P.Hoà Bình, TP.Thuỷ Nguyên, TP. Hải Phòng",4600000.0,23.0,200000.0
2093,5B9827,"24 Khánh An 5, P.Hòa Khánh Bắc, Q.Liên Chiểu, TP. Đà Nẵng",7200000.0,48.51,148423.01
2094,8YFP13,"102 Ven Sông Hậu, P.Trung Kiên, Q.Thốt Nốt, TP. Cần Thơ",1800000.0,11.61,155038.76
2095,3D4ZHQ,"Thửa 35-2-2 - tờ 86 Thôn Đường Yên, Xã Xuân Nộn, H.Đông Anh, TP. Hà Nội",3650000.0,73.0,50000.0
2096,PVUCWG,"Thửa 101 - tờ 102 Thôn Lương Quy, Xã Xuân Nộn, H.Đông Anh, TP. Hà Nội",3450000.0,76.66,45003.91
2097,G1SBW2,"36 (Thửa 63 - tờ 43) Phong Bắc 4, P.Hòa Thọ Đông, Q.Cẩm Lệ, TP. Đà Nẵng",5500000.0,44.35,124013.53
2098,RT68NJ,"Thửa 13-B1.6 - tờ 00 Trần Đình Tri, P.Hòa Minh, Q.Liên Chiểu, TP. Đà Nẵng",11500000.0,101.05,113805.05
2099,6ABU08,"Thửa 252 - tờ 54 Thôn Yên Ninh, Xã Hiền Ninh, H.Sóc Sơn, TP. Hà Nội",1050000.0,20.58,51020.41
2100,A40DAY,"Thửa 138 - tờ 245 Đà Sơn 5, P.Hòa Khánh Nam, Q.Liên Chiểu, TP. Đà Nẵng",3500000.0,35.0,100000.0
2101,EPTC04,"Thửa 487 - tờ 245 Đà Sơn 3, P.Hòa Khánh Nam, Q.Liên Chiểu, TP. Đà Nẵng",4450000.0,38.62,115225.27
2102,5BWN07,"Thửa 171 - tờ 206 Văn Tiến Dũng, P.Hòa Xuân, Q.Cẩm Lệ, TP. Đà Nẵng",10500000.0,78.0,134615.38
2103,UK4BWS,"Thửa 292 - Tờ 100 hẻm đường Phùng Hưng, Xã Cẩm Lĩnh, H.Ba Vì, TP. Hà Nội",880.0,8.36,105.26
2104,SCFYT5,"La Đồng Hợp Tiến, Xã Hợp Tiến, H.Mỹ Đức, TP. Hà Nội",3950000.0,31.02,127337.2
2105,7ERHZA,"Thửa 306 - Tờ 15 Thôn Kim Bí, Xã Tiên Phong, H.Ba Vì, TP. Hà Nội",1800000.0,9.0,200000.0
2106,KJP4YC,"Thửa 46 - Tờ 120 Quốc Lộ 14B, Xã Hòa Khương, H.Hòa Vang, TP. Đà Nẵng",2300000.0,12.7,181102.36
2107,KJPB7C,"Thửa 2088 - Tờ 1 Phan Trọng Tuệ, P.Phú Thứ, Q.Cái Răng, TP. Cần Thơ",3550000.0,34.29,103528.73
2108,3DK8TQ,"Thửa 28 - tờ 30-HĐ Phạm Văn Đồng, P.Minh Đức, Q.Đồ Sơn, TP. Hải Phòng",11880000.0,54.0,220000.0
2109,5B4TG7,"Thửa 216-2 - tờ 219-C-II Thôn Đông Nham 2, Xã Quốc Tuấn, H.An Lão, TP. Hải Phòng",1690000.0,16.93,99822.8
2110,5BK097,"Thửa 1705 - tờ 41 Trưng Nữ Vương, P.Thủy Phương, TX.Hương Thủy, TP. Huế",2150000.0,17.85,120448.18
2111,DW492H,"Thửa 560 - tờ 33 K65 Lê Ngô Cát, P.Thuỷ Xuân, Q.Thuận Hóa, TP. Huế",2650000.0,16.27,162876.46
2112,QHAQKU,"Thửa 210 - tờ 36 Thôn Hoàng Dương, Xã Mai Đình, H.Sóc Sơn, TP. Hà Nội",1100000.0,26.37,41714.07
2113,DWE5DH,"Thửa 1083 - Tờ 8 Rạch Bà Bộ, P.Long Tuyền, Q.Bình Thuỷ, TP. Cần Thơ",2450000.0,26.71,91725.95
2114,4G0KRF,"167 đường 3 Tháng 2, P.Hưng Lợi, Q.Ninh Kiều, TP. Cần Thơ",34000000.0,109.85,309512.97
2115,9MTHNP,"Thửa 265 - tờ 61 Thôn Đồi Miễu, Xã Nam Phương Tiến, H.Chương Mỹ, TP. Hà Nội",2600000.0,26.47,98224.4
2116,8YU6J3,"Thửa 535 - tờ 2 Hoàng Động, P.Hoàng Lâm, TP.Thuỷ Nguyên, TP. Hải Phòng",1180000.0,14.62,80711.35
2117,C0461B,"Thửa 220 - Tờ 33 Ninh Kiều, Thôn Tràng An, TT.Chúc Sơn, H.Chương Mỹ, TP. Hà Nội",7000000.0,77.77,90009.0
2118,SC7UM5,"Thửa 55 - tờ 40 Thôn Ninh Môn, Xã Hiền Ninh, H.Sóc Sơn, TP. Hà Nội",2100000.0,26.58,79006.77
2119,178T36,"Thửa 1308 - tờ 31 Trưng Nữ Vương, Xã Thủy Thanh, TX.Hương Thủy, TP. Huế",3890000.0,31.75,122519.69
2120,7EYVXA,"Thửa 90 - tờ 102 Thôn Thắng Trí, Xã Minh Trí, H.Sóc Sơn, TP. Hà Nội",1200000.0,15.0,80000.0
2121,9MG80P,"Thửa 322 - tờ 30 Thôn Bắc Hạ, Xã Quang Tiến, H.Sóc Sơn, TP. Hà Nội",1900000.0,32.2,59006.21
2122,0XPMK9,"Thửa 07B - tờ 13 Xóm Đông Hải, P.An Hưng, Q.Hồng Bàng, TP. Hải Phòng",1580000.0,15.8,100000.0
2123,26T69Z,"Thửa 274 - tờ 73 Thôn Phú Thịnh, Xã Minh Phú, H.Sóc Sơn, TP. Hà Nội",1250000.0,13.02,96006.14
2124,5BACW7,"Thửa 278 - tờ 32 Thôn Sơn Đoài, Xã Tân Minh, H.Sóc Sơn, TP. Hà Nội",1850000.0,16.42,112667.48
2125,QHSY0U,"Thửa 281 - tờ 32 Thôn Sơn Đoài, Xã Tân Minh, H.Sóc Sơn, TP. Hà Nội",1900000.0,17.08,111241.22
2126,WZJPYR,"Thửa 357 - tờ 33 Thôn Sơn Đoài, Xã Tân Minh, H.Sóc Sơn, TP. Hà Nội",1650000.0,19.18,86027.11
2127,UHQ0US,"Thưa 264 - Tờ 134 TDC Ngô Sĩ Liên, P.Hòa Minh, Q.Liên Chiểu, TP. Đà Nẵng",4990000.0,62.37,80006.41
2128,AE56KY,"Thửa 669 - tờ 2 Thôn Cẩm Hoàn, Xã Thanh Sơn, H.Kiến Thuỵ, TP. Hải Phòng",1300000.0,21.03,61816.45
2129,AEU59Y,"Thửa N16-3 Lưu Nhân Chú, Xã Thủy Thanh, TX.Hương Thủy, TP. Huế",7650000.0,25.5,300000.0
2130,SK8335,"Thửa 24 - tờ 04 Công Vu 4, P.Tân Thành, Q.Dương Kinh, TP. Hải Phòng",2290000.0,23.36,98030.82
2131,RZEEZJ,"Thửa 2659 - tờ 4 Thôn Nãi Sơn, Xã Tú Sơn, H.Kiến Thuỵ, TP. Hải Phòng",1600000.0,26.66,60015.0
2132,QD1TPU,"Thửa 46 - tờ 56 Hải Thành 2, P.Hải Thành, Q.Dương Kinh, TP. Hải Phòng",1800000.0,30.71,58612.83
2133,0NF7T9,"Thửa 15 - tờ 75 Hòa Phú 9, P.Hòa Minh, Q.Liên Chiểu, TP. Đà Nẵng",5400000.0,60.0,90000.0
2134,7B1N3A,"Thửa 128 - Tờ 57 Thôn Xuân Linh, Xã Thủy Xuân Tiên, H.Chương Mỹ, TP. Hà Nội",6510000.0,21.0,310000.0
2135,QDN99U,"Thửa 1085 - Tờ 1 Xóm Gò Đậu, Xã Phú Nghĩa, H.Chương Mỹ, TP. Hà Nội",4080000.0,30.0,136000.0
2136,RZH3FJ,"Thửa 1562 - tờ 41 Nguyễn Viết Xuân, P.Thủy Phương, TX.Hương Thủy, TP. Huế",1290000.0,7.75,166451.61
2137,GV4M92,"Thửa 133 - Tờ 40 TDP Tân Lập, P.Tân Thành, Q.Dương Kinh, TP. Hải Phòng",1550000.0,20.26,76505.43
2138,JTKZE0,"Thửa 836 - tờ B1-10 Hòa Liên 4, Xã Hòa Liên, H.Hòa Vang, TP. Đà Nẵng",2400000.0,19.2,125000.0
2139,7BMEGA,"Thửa 1849B - tờ 02 Thôn Trung, P.Lưu Kiếm, TP.Thuỷ Nguyên, TP. Hải Phòng",1700000.0,20.23,84033.61
2140,21EMMZ,"Thửa 324 - tờ 17 Bờ Đằm 8, Xã Hòa Phước, H.Hòa Vang, TP. Đà Nẵng",3250000.0,32.5,100000.0
2141,QDZ7YU,"Thửa 3632 - tờ 2 đường 359, P.Dương Quan, TP.Thuỷ Nguyên, TP. Hải Phòng",6850000.0,78.55,87205.6
2142,QDGE7U,"Thửa 80 - tờ 335 Đào Ngọc Chua, P.Hòa Hiệp Nam, Q.Liên Chiểu, TP. Đà Nẵng",3550000.0,35.5,100000.0
2143,0N7JF9,"Thửa 540 - Tờ 31 KQH Thanh Lam, P.Thủy Phương, TX.Hương Thủy, TP. Huế",2310000.0,14.0,165000.0
2144,KRMKMC,"Thửa 2325 - Tờ 152 Thôn Lệ Sơn, Xã Hòa Tiến, H.Hòa Vang, TP. Đà Nẵng",1850000.0,15.16,122031.66
2145,GVYJR2,"Thửa 13 B1.17 - tờ KT01/01 Nguyễn Đăng Giai, P.Thọ Quang, Q.Sơn Trà, TP. Đà Nẵng",11700000.0,130.0,90000.0
2146,7B2J8A,"Thửa 09-C8 - tờ 00 Ngô Nhân Tịnh, P.Hòa An, Q.Cẩm Lệ, TP. Đà Nẵng",4850000.0,53.88,90014.85
2147,CJVP5B,"Thửa 86 - Tờ 69 Trần Triệu Luật, P.Hòa Minh, Q.Liên Chiểu, TP. Đà Nẵng",7790000.0,77.9,100000.0
2148,RZU2BJ,"Thửa 109 - Tờ 15 Nguyễn Văn Cừ, P.An Khánh, Q.Ninh Kiều, TP. Cần Thơ",1900000.0,73.92,25703.46
2149,W23W0R,"Thửa 152(1) - tờ 05 Thôn Bắc, P.Lưu Kiếm, TP.Thuỷ Nguyên, TP. Hải Phòng",1400000.0,13.68,102339.18
2150,QDJDWU,"Thửa 534 - Tờ 94 Hòa Bình, P.Yên Nghĩa, Q.Hà Đông, TP. Hà Nội",5750000.0,85.43,67306.57
2151,5CPD17,"Thửa 474 - tờ 28 Kiệt 273 Trưng Nữ Vương, P.Thuỷ Xuân, Q.Thuận Hóa, TP. Huế",890.0,10.8,82.41
2152,W2392R,"Thửa 98 - Tờ 32 thôn Bắc Thượng, Xã Quang Tiến, H.Sóc Sơn, TP. Hà Nội",3720000.0,36.01,103304.64
2153,0NUFF9,"Thửa 422 - tờ 7 Thôn Đồng Xuân 1, Xã Trường Thọ, H.An Lão, TP. Hải Phòng",1490000.0,21.56,69109.46
2154,UHJTZS,"Thửa 150 - tờ 03 Thôn Bắc 1, P.Thuỷ Đường, TP.Thuỷ Nguyên, TP. Hải Phòng",5000000.0,58.82,85005.1
2155,JTQ810,"Thửa 46 - Tờ 38 thôn Thanh Lợi, Xã Hồng Sơn, H.Mỹ Đức, TP. Hà Nội",2630000.0,17.53,150028.52
2156,QDRFBU,"Thửa 1209 - Tờ 9m Thôn Thạch Bồ, Xã Hòa Tiến, H.Hòa Vang, TP. Đà Nẵng",1190000.0,11.78,101018.68
2157,JTQ6V0,"Thửa 16 - tờ 1 Hoa Động, P.Hoa Động, TP.Thuỷ Nguyên, TP. Hải Phòng",1500000.0,28.84,52011.1
2158,QDRCDU,"Thửa 384 - tờ 2 Hoa Động, P.Hoa Động, TP.Thuỷ Nguyên, TP. Hải Phòng",1600000.0,31.62,50600.89
2159,UHJCMS,"Thửa 102 - Tờ 42, Số 78 Bùi Xương Trạch, P.Khuê Trung, Q.Cẩm Lệ, TP. Đà Nẵng",4850000.0,60.92,79612.61
2160,8ABK03,"Thôn hòa thượng, Xã Đại Xuyên, H.Phú Xuyên, TP. Hà Nội",5200000.0,43.33,120009.23
2161,KR2ESC,"Thửa 423 - Tờ 28 thôn Lai Tảo, Xã Mỹ Xuyên, H.Mỹ Đức, TP. Hà Nội",1850000.0,29.04,63705.23
2162,SKWAG5,"Thửa 557 - Tờ 37 Thôn Cánh Chủ, Xã Bình Yên, H.Thạch Thất, TP. Hà Nội",1600000.0,26.66,60015.0
2163,Y49KTD,"Thửa 3(1) - Tờ 80 thôn Lương Quy, Xã Xuân Nộn, H.Đông Anh, TP. Hà Nội",5400000.0,72.0,75000.0
2164,QD45WU,"Thửa 58 - Tờ 33 thôn Đường Nhạn, Xã Xuân Nộn, H.Đông Anh, TP. Hà Nội",3480000.0,70.0,49714.29
2165,15K8M6,"Thửa 202 - tờ 42 Thôn Miếu Môn, Xã Trần Phú, H.Chương Mỹ, TP. Hà Nội",8300000.000000001,27.81,298453.79
2166,W2VJTR,"Thửa 201 - tờ 42 Thôn Miếu Môn, Xã Trần Phú, H.Chương Mỹ, TP. Hà Nội",7100000.0,23.84,297818.79
2167,SKFSJ5,"Thửa 200 - tờ 42 Thôn Miếu Môn, Xã Trần Phú, H.Chương Mỹ, TP. Hà Nội",6450000.0,21.99,293315.14
2168,RZVWCJ,"Thửa 341 - tờ 78 Thôn Châu Phong, Xã Liên Hà, H.Đông Anh, TP. Hà Nội",4780000.0,55.13,86704.15
2169,KRGH3C,"Thửa 289 - Tờ 26 thôn Sơn Đoài, Xã Tân Minh, H.Sóc Sơn, TP. Hà Nội",1680000.0,21.0,80000.0
2170,CJ2K8B,"Thửa (87-2)-2 - Tờ Đan Tảo thôn Đan Tảo, Xã Tân Minh, H.Sóc Sơn, TP. Hà Nội",1700000.0,20.48,83007.81
2171,UH4QGS,"Thửa (87-2)-3 - Tờ Đan Tảo thôn Đan Tảo, Xã Tân Minh, H.Sóc Sơn, TP. Hà Nội",1700000.0,20.48,83007.81
2172,SKFU05,"Thửa 139 - Tờ 33 thôn Vệ Linh, Xã Phù Linh, H.Sóc Sơn, TP. Hà Nội",2500000.0,27.05,92421.44
2173,RZV4HJ,"Thửa 81 - tờ 61 Thôn Du Nội, Xã Mai Lâm, H.Đông Anh, TP. Hà Nội",4450000.0,90.81,49003.41
2174,3YB19Q,"Thửa 560 - tờ 65 Trưng Nữ Vương, Xã Thủy Thanh, TX.Hương Thủy, TP. Huế",2800000.0,18.65,150134.05
2175,W2MEPR,"Thửa 157 - tờ 24 Đào Duy Tùng, Xã Cổ Loa, H.Đông Anh, TP. Hà Nội",6880000.0,86.0,80000.0
2176,GVQRG2,"Thửa 280 - tờ 50 Thôn Lộc Hà, Xã Mai Lâm, H.Đông Anh, TP. Hà Nội",7700000.0,127.48,60401.63
2177,0N64J9,"Thửa 94 - Tờ KT 01/01 Nguyễn Khắc Viện, P.Khuê Mỹ, Q.Ngũ Hành Sơn, TP. Đà Nẵng",33000000.0,129.41,255003.48
2178,DF91NH,"Thửa 20 - tờ 49 Thôn Kính Nỗ, Xã Uy Nỗ, H.Đông Anh, TP. Hà Nội",5400000.0,79.76,67703.11
2179,SKFTY5,"Thửa 94 - tờ 81 Thôn Khê Nữ, Xã Nguyên Khê, H.Đông Anh, TP. Hà Nội",7100000.0,88.08,80608.54
2180,CJ28PB,"Thửa 11 - tờ B2-17 Hòa Liên 4, Xã Hòa Liên, H.Hòa Vang, TP. Đà Nẵng",2550000.0,25.5,100000.0
2181,3YBPYQ,"Thửa 206+208 - tờ 76 Thôn Đại Vĩ, Xã Liên Hà, H.Đông Anh, TP. Hà Nội",6600000.0,58.66,112512.79
2182,SKFZA5,"Thửa 32 - tờ B2-11 Hòa Liên 8, Xã Hòa Liên, H.Hòa Vang, TP. Đà Nẵng",2520000.0,25.2,100000.0
2183,21UD0Z,"Thửa 16(2) - Tờ 5 đường Kiêu Kỵ, Xã Kiêu Kỵ, H.Gia Lâm, TP. Hà Nội",8080000.0,42.97,188038.17
2184,QDB4MU,"Thửa 35 - Tờ 67 thôn Cán Khê, Xã Nguyên Khê, H.Đông Anh, TP. Hà Nội",6500000.0,65.0,100000.0
2185,4PTXXF,"Thửa 121 - tờ 566 Đại An 3, P.Hoà Quý, Q.Ngũ Hành Sơn, TP. Đà Nẵng",4450000.0,44.5,100000.0
2186,UHEEUS,"Thửa 40 - tờ 56 Thôn Cán Khê, Xã Nguyên Khê, H.Đông Anh, TP. Hà Nội",4400000.0,65.57,67103.86
2187,PM88AG,"Thửa 20 - Tờ 14 thôn Cổ Miếu, Xã Thuỵ Lâm, H.Đông Anh, TP. Hà Nội",5350000.0,67.04,79803.1
2188,AERRWY,"Thửa 2111 - tờ 1 Kinh Triều, P.Hoà Bình, TP.Thuỷ Nguyên, TP. Hải Phòng",4200000.0,45.4,92511.01
2189,UHEBWS,"Thửa 21 - Tờ 49 thôn Kính Nổ, Xã Uy Nỗ, H.Đông Anh, TP. Hà Nội",5850000.0,70.14,83404.62
2190,3YCHVQ,"Thửa 103 - Tờ 111 thôn Lễ Pháp, Xã Tiên Dương, H.Đông Anh, TP. Hà Nội",5890000.0,95.0,62000.0
2191,0N1M39,"Thửa Lô 03 - tờ 04 Thôn Bắc, P.Lưu Kiếm, TP.Thuỷ Nguyên, TP. Hải Phòng",3200000.0,20.91,153036.82
2192,QDBKBU,"Thửa 272 - Tờ 43 thôn Thiết Bình, Xã Vân Hà, H.Đông Anh, TP. Hà Nội",2400000.0,47.9,50104.38
2193,CJGWAB,"Thửa 134 - Tờ 107 thôn Đường Yên, Xã Xuân Nộn, H.Đông Anh, TP. Hà Nội",2680000.0,59.03,45400.64
2194,W2NWNR,"Thửa 1424 - Tờ 14 thôn Lai Xá, Xã Kim Chung, H.Hoài Đức, TP. Hà Nội",13500000.0,124.65,108303.25
2195,3YK89Q,"Ô 18 - Sơ đồ phân lô đấu giá Cống Hạ, Xã Hồng Sơn, H.Mỹ Đức, TP. Hà Nội",5800000.0,64.44,90006.21
2196,8AHET3,"Thửa 549 - Tờ 24m Thôn Nam Sơn, Xã Hòa Tiến, H.Hòa Vang, TP. Đà Nẵng",1200000.0,11.42,105078.81
2197,67YTE8,"Thửa 13 - tờ A3 Hoàng Bích Sơn, P.An Hải Bắc, Q.Sơn Trà, TP. Đà Nẵng",14500000.0,193.33,75001.29
2198,15A226,"Thửa 125 - Tờ 21, Đường D1 KDC Vạn Phát, P.Cái Khế, Q.Ninh Kiều, TP. Cần Thơ",3750000.0,37.5,100000.0
2199,5CEGR7,"Thửa 164 - Tờ 50 thôn Đồng Lạc, Xã Tiên Dược, H.Sóc Sơn, TP. Hà Nội",4560000.0,31.49,144807.88
2200,8ADFM3,"Thửa 758 - Tờ 27 thôn Xuân Bách, Xã Quang Tiến, H.Sóc Sơn, TP. Hà Nội",3260000.0,37.04,88012.96
2201,0NXKJ9,"Thửa Lô 726 - Tờ 8 Bàu Cầu 25, P.Hòa Xuân, Q.Cẩm Lệ, TP. Đà Nẵng",4400000.0,42.06,104612.46
2202,UHK5VS,"09 (Thửa 63 - tờ 24) Đá Bàn 8, Xã Hòa Châu, H.Hòa Vang, TP. Đà Nẵng",3200000.0,26.66,120030.01
2203,Y4FHVD,"Thửa 634 + 642.2 - tờ 23 Thôn Tam Kiệt, Xã Hữu Bằng, H.Kiến Thuỵ, TP. Hải Phòng",1400000.0,18.42,76004.34
2204,QDHS9U,"Thửa 634+642.3 - tờ 23 Thôn Tam Kiệt, Xã Hữu Bằng, H.Kiến Thuỵ, TP. Hải Phòng",1400000.0,18.42,76004.34
2205,3YY3MQ,"Thửa 264 - tờ 20 Khúc Thừa Dụ, P.Thủy Dương, TX.Hương Thủy, TP. Huế",1950000.0,19.75,98734.18
2206,UHHUMS,"Thửa 218- Tờ 76, Lô 03 khu LK8 Đại An 5, P.Hoà Quý, Q.Ngũ Hành Sơn, TP. Đà Nẵng",5300000.0,43.4,122119.82
2207,PMMP8G,"Thửa Lô N4 - tờ Quy hoạch chia lô Thôn Cẩm Xuân, Xã Thanh Sơn, H.Kiến Thuỵ, TP. Hải Phòng",3400000.0,21.37,159101.54
2208,SKKUZ5,"Thửa 2 - tờ 20 Phước Tường 3, P.Hòa Phát, Q.Cẩm Lệ, TP. Đà Nẵng",3890000.0,48.02,81007.91
2209,3YYXGQ,"Thửa 681 - Tờ 34 Trần Hưng Đạo, P.Lê Bình, Q.Cái Răng, TP. Cần Thơ",4850000.0,36.03,134610.05
2210,AEEM3Y,"Thửa 953 - tờ 6 KQH Bắc Hương Sơ, P.Hương Sơ, Q.Phú Xuân, TP. Huế",1850000.0,18.35,100817.44
2211,3YYGEQ,"Thửa 417 - Tờ 119, Số 93 Cù Chính Lan, P.Thanh Khê Đông, Q.Thanh Khê, TP. Đà Nẵng",6750000.0,119.46,56504.27
2212,8AAR83,"Thửa 442 - tờ 3 Thôn Cẩm La, Xã Thanh Sơn, H.Kiến Thuỵ, TP. Hải Phòng",1500000.0,20.0,75000.0
2213,AEEZVY,"Thửa 250 - tờ 35 K79 Phạm Thị Liên, P.Kim Long, Q.Phú Xuân, TP. Huế",3250000.0,25.11,129430.51
2214,KRRMZC,"Thửa 5114 - tờ 4 Thôn Đương Thắng, Xã Kiến Hưng, H.Kiến Thuỵ, TP. Hải Phòng",1700000.0,26.07,65209.05
2215,QDD05U,"Thửa Lô 11-LK15 - tờ 3 Cửa Trại, P.Thuỷ Đường, TP.Thuỷ Nguyên, TP. Hải Phòng",3900000.0,52.0,75000.0
2216,8AAF83,"Thửa (86a+98+85a)-5 - Tờ Đan Tảo thôn Đan Tảo, Xã Tân Minh, H.Sóc Sơn, TP. Hà Nội",2410000.0,29.03,83017.57
2217,5CC9R7,"Thửa 90 - tờ 19 Bầu Cầu 21, Xã Hòa Châu, H.Hòa Vang, TP. Đà Nẵng",3790000.0,37.9,100000.0
2218,AEEPNY,"Thửa 148 - Tờ 31 thôn Sơn Đông, Xã Tân Minh, H.Sóc Sơn, TP. Hà Nội",1380000.0,34.5,40000.0
2219,SKKWS5,"Thửa 866 - Tờ 28 thôn Đồng Mả, Xã Tuy Lai, H.Mỹ Đức, TP. Hà Nội",1520000.0,17.47,87006.3
2220,CJJZJB,"Thửa 179 - Tờ 46 thôn Mai Đông, Xã Mai Đình, H.Sóc Sơn, TP. Hà Nội",2760000.0,33.05,83509.83
2221,SKK4Q5,"Thửa 162 - Tờ 31 thôn Sơn Đông, Xã Tân Minh, H.Sóc Sơn, TP. Hà Nội",1420000.0,25.0,56800.0
2222,UHHY3S,"Thửa 465 - Tờ 38 Hồ Chí Minh, TT.Xuân Mai, H.Chương Mỹ, TP. Hà Nội",3100000.0,28.2,109929.08
2223,675A18,"Thửa 201 - tờ 245 TDC Đà Sơn 5, P.Hòa Khánh Nam, Q.Liên Chiểu, TP. Đà Nẵng",3950000.0,39.5,100000.0
2224,0NTX59,"Thửa 821 - Tờ 22 thôn Mãn Xoan, Xã Kim Đường, H.Ứng Hòa, TP. Hà Nội",1600000.0,23.28,68728.52
2225,675A78,"Thửa 82/QH - Tờ 05 Thôn Phúc Xá, Xã Đoàn Xá, H.Kiến Thuỵ, TP. Hải Phòng",2300000.0,11.82,194585.45
2226,3YAY8Q,"Thửa 417 - Tờ 16 thôn Hà Xá, Xã Đại Hưng, H.Mỹ Đức, TP. Hà Nội",1670000.0,20.07,83208.77
2227,SKHK35,"Thửa 245 - tờ 10 Thôn Kim Châu, Xã Kim Thư, H.Thanh Oai, TP. Hà Nội",3230000.0,63.08,51204.82
2228,7BCB8A,"Thửa 290 - Tờ 14, Đường Tỉnh Lộ 362 Thôn Thấp Linh, Xã Minh Tân, H.Kiến Thuỵ, TP. Hải Phòng",4450000.0,39.31,113202.75
2229,E90934,"Thửa 842 - Tờ 13 Thôn Đoàn Kết, Xã Minh Tân, H.Kiến Thuỵ, TP. Hải Phòng",1680000.0,21.76,77205.88
2230,8A77P3,"Thửa 151.2 - Tờ 31, Đường Tỉnh Lộ 361 Thôn Cốc Liễu, Xã Minh Tân, H.Kiến Thuỵ, TP. Hải Phòng",2750000.0,22.0,125000.0
2231,DF44WH,"Thửa 1622 - Tờ 1 Thôn Lạng Côn, Xã Đông Phương, H.Kiến Thuỵ, TP. Hải Phòng",2250000.0,27.04,83210.06
2232,5CKHY7,"Thửa 676 - tờ 92-2024 Tổ dân phố 5, P.Lê Lợi, Q.An Dương, TP. Hải Phòng",1200000.0,26.08,46012.27
2233,SKHY15,"Thửa 605 - tờ 26 Thôn Lại Thế 2, P.Phú Thượng, Q.Thuận Hóa, TP. Huế",2490000.0,20.49,121522.69
2234,GVMN52,"Thửa 675 - tờ 92-2024 Tổ dân phố 5, P.Lê Lợi, Q.An Dương, TP. Hải Phòng",1200000.0,26.08,46012.27
2235,3YASMQ,"Thửa 389 - Tờ 25 thôn Đạc Tài, Xã Mai Đình, H.Sóc Sơn, TP. Hà Nội",3570000.0,36.06,99001.66
2236,DFEM6H,"Thửa 4011 - Tờ 27 Kiệt 129 An Dương Vương, P.An Cựu, Q.Thuận Hóa, TP. Huế",1890000.0,28.94,65307.53
2237,3Y79EQ,"Thửa 4010 - Tờ 27 Kiệt 129 An Dương Vương, P.An Cựu, Q.Thuận Hóa, TP. Huế",1790000.0,29.83,60006.7
2238,KRFW4C,"Thửa 480 - tờ 43 Thôn Diên Phong, Xã Hòa Nhơn, H.Hòa Vang, TP. Đà Nẵng",3500000.0,5.15,679611.65
2239,UHYYUS,"Thửa 213 -Tờ 261 Ngô Xuân Thu, P.Hòa Hiệp Bắc, Q.Liên Chiểu, TP. Đà Nẵng",1800000.0,22.87,78705.73
2240,GMG412,"Thửa 205 - tờ 49, 58 đường Cống Mỹ, P.Quán Toan, Q.Hồng Bàng, TP. Hải Phòng",1100000.0,13.04,84355.83
2241,5K5N67,"Thửa 565.3  - Tờ 24 đường Tam Kiệt, Xã Hữu Bằng, H.Kiến Thuỵ, TP. Hải Phòng",1750000.0,17.5,100000.0
2242,3A3J0Q,"Thửa 64 - Tờ 33 thôn Đình Thông, Xã Hồng Kỳ, H.Sóc Sơn, TP. Hà Nội",1350000.0,13.5,100000.0
2243,7C72PA,"Thửa 1374 - Tờ 2, Đường 407 Thanh Sơn Thôn Cẩm Hoàn, Xã Thanh Sơn, H.Kiến Thuỵ, TP. Hải Phòng",2650000.0,35.71,74208.91
2244,3A34FQ,"Thửa 63 - Tờ 33 thôn Đình Thông, Xã Hồng Kỳ, H.Sóc Sơn, TP. Hà Nội",1350000.0,13.5,100000.0
2245,SHSRB5,"Thửa 61 - Tờ 33 thôn Đình Thông, Xã Hồng Kỳ, H.Sóc Sơn, TP. Hà Nội",1350000.0,13.5,100000.0
2246,PXP8WG,"Thửa 223 - Tờ 83 Thôn Đình Trung, Xã Xuân Nộn, H.Đông Anh, TP. Hà Nội",2300000.0,56.65,40600.18
2247,656YC8,"Thửa 111 - Tờ 63 Hải Thành 2, P.Hải Thành, Q.Dương Kinh, TP. Hải Phòng",2590000.0,35.38,73205.2
2248,8787M3,"Thửa 123 - Tờ 74 thôn Thanh Hà, Xã Nam Sơn, H.Sóc Sơn, TP. Hà Nội",1850000.0,18.46,100216.68
2249,GMGMC2,"Thửa 661 - Tờ 42 Thôn Quang Châu, Xã Hòa Châu, H.Hòa Vang, TP. Đà Nẵng",4480000.0,25.36,176656.15
2250,0T0TY9,"Thửa 215 - Tờ 36 thôn Hoàng Dương, Xã Mai Đình, H.Sóc Sơn, TP. Hà Nội",2850000.0,32.2,88509.32
2251,UDUDGS,"Thửa 319 - tờ 118 Phan Bá Phiến, P.Thọ Quang, Q.Sơn Trà, TP. Đà Nẵng",7750000.0,81.15,95502.16
2252,ABAHJY,"Thửa 308 - Tờ B2-9 Bầu Cầu 9, Xã Hòa Châu, H.Hòa Vang, TP. Đà Nẵng",4350000.0,43.5,100000.0
2253,KWKEFC,"Thửa 366 - Tờ 35 Thôn Trí Thủy, Xã Thủy Xuân Tiên, H.Chương Mỹ, TP. Hà Nội",2800000.0,16.13,173589.58
2254,9N09DP,"Thửa 274 - Tờ 133 Đoàn Ngọc Nhạc, P.Hòa Xuân, Q.Cẩm Lệ, TP. Đà Nẵng",4700000.0,47.0,100000.0
2255,R2WW2J,"Thửa 45 - Tờ 31 thôn Bắc Thượng, Xã Quang Tiến, H.Sóc Sơn, TP. Hà Nội",3400000.0,35.56,95613.05
2256,D4YA4H,"Thửa 413 - Tờ 34 thôn Vệ Linh, Xã Phù Linh, H.Sóc Sơn, TP. Hà Nội",3200000.0,39.6,80808.08
2257,SHU3V5,"Thửa 295 - Tờ 34 thôn Lạc Nông, Xã Mai Đình, H.Sóc Sơn, TP. Hà Nội",2400000.0,40.0,60000.0
2258,KWDV3C,"Thửa 120B - Tờ 37, Ngõ 171 đường Thượng Đức TDP Quang Trung, P.Minh Đức, Q.Đồ Sơn, TP. Hải Phòng",1650000.0,23.27,70906.75
2259,QY8JCU,"Thửa 554 - tờ 23 Tỉnh Lộ 419, Xã Hồng Sơn, H.Mỹ Đức, TP. Hà Nội",1400000.0,14.47,96751.9
2260,JZWQW0,"Thửa 172 - Tờ 44 TDP Điện Biên, P.Bàng La, Q.Đồ Sơn, TP. Hải Phòng",1290000.0,15.07,85600.53
2261,9NJSTP,"Thửa 506A1 - tờ 02 Thôn 4, P.Thuỷ Đường, TP.Thuỷ Nguyên, TP. Hải Phòng",1200000.0,11.71,102476.52
2262,PX052G,"Thửa 281 - Tờ 103 TDP Phấn Dũng, P.Anh Dũng, Q.Dương Kinh, TP. Hải Phòng",1690000.0,33.8,50000.0
2263,YE7GJD,"Thửa 1605 - Tờ 1 Thôn Lạng Cồn, Xã Đông Phương, H.Kiến Thuỵ, TP. Hải Phòng",1350000.0,18.24,74013.16
2264,AB501Y,"Thửa 1966 - Tờ 1 Thôn Xuân La, Xã Thanh Sơn, H.Kiến Thuỵ, TP. Hải Phòng",1250000.0,19.84,63004.03
2265,SHQFK5,"Thửa 1120 - Tờ 62 thôn Đông Hạ, Xã Phú Cát, H.Quốc Oai, TP. Hà Nội",2500000.0,25.0,100000.0
2266,QY8BNU,"Thửa 318 - Tờ 63 TDP Tân Thành, P.Tân Thành, Q.Dương Kinh, TP. Hải Phòng",2100000.0,24.7,85020.24
2267,65VHF8,"Thửa 468 - Tờ 51 thôn Yên Thái, Xã Đông Yên, H.Quốc Oai, TP. Hà Nội",2200000.0,27.02,81421.17
2268,9NJVJP,"Thửa 97.2 - Tờ 27 Thôn Thù Du, Xã Minh Tân, H.Kiến Thuỵ, TP. Hải Phòng",1850000.0,21.51,86006.51
2269,CRH0PB,"Thửa 526a1 -Tờ 21 Thôn Vũ Vị, Xã Minh Tân, H.Kiến Thuỵ, TP. Hải Phòng",1250000.0,8.44,148104.27
2270,1SMQC6,"Thửa 116 - Tờ 24 Bàu Mạc 4, P.Hòa Khánh Bắc, Q.Liên Chiểu, TP. Đà Nẵng",5300000.0,49.3,107505.07
2271,CRHFRB,"Thửa 35 - Tờ 18 thôn Xuân Đồng, Xã Tân Minh, H.Sóc Sơn, TP. Hà Nội",2550000.0,28.08,90811.97
2272,CRH4WB,"Thửa 71 - Tờ 22 thôn Xuân Đồng, Xã Tân Minh, H.Sóc Sơn, TP. Hà Nội",2700000.0,27.0,100000.0
2273,2VPTWZ,"Thửa 470  Tờ 22 thôn Yên Sào, Xã Xuân Giang, H.Sóc Sơn, TP. Hà Nội",2650000.0,33.12,80012.08
2274,E0CFU4,"Thửa 39  - Tờ B2-6 Đại La 5, Xã Hòa Sơn, H.Hòa Vang, TP. Đà Nẵng",2450000.0,24.5,100000.0
2275,UD86FS,"Thửa 243/1A - Tờ 04 Thôn 7, P.Hoà Bình, TP.Thuỷ Nguyên, TP. Hải Phòng",1850000.0,24.66,75020.28
2276,YE5U8D,"Thửa 166A4 - Tờ 01 Thôn 15, P.Hoà Bình, TP.Thuỷ Nguyên, TP. Hải Phòng",1350000.0,22.31,60510.98
2277,2V9JKZ,"Thửa 8463 - Tờ 4 Thôn 7, P.Quảng Thanh, TP.Thuỷ Nguyên, TP. Hải Phòng",1400000.0,20.0,70000.0
2278,UD8NMS,"Thửa 120 - Tờ 53 thôn Lâm Nghiệp, Xã Minh Phú, H.Sóc Sơn, TP. Hà Nội",3570000.0,29.5,121016.95
2279,5K3NU7,"Thửa 476 - Tờ 27 đường Nguyễn Kim Thành, TT.Sịa, H.Quảng Điền, TP. Huế",1520000.0,12.5,121600.0
2280,JZ4A20,"Thửa 239 - Tờ 30, Số 40 Huyền Trân Công Chúa, P.Thuỷ Biều, Q.Thuận Hóa, TP. Huế",4210000.0,23.49,179225.2
2281,7CQTXA,"Thửa 563 + 569 - Tờ 26 Tỉnh Lộ 419B, Xã Mỹ Xuyên, H.Mỹ Đức, TP. Hà Nội",1550000.0,12.47,124298.32
2282,2V03NZ,"Thửa 03 - tờ F1 Trần Huy Liệu, P.Khuê Trung, Q.Cẩm Lệ, TP. Đà Nẵng",5600000.0,54.9,102003.64
2283,ABUEMY,"Thửa 789 - Tờ 1 Thôn Cứ Chánh 2, P.Thủy Bằng, Q.Thuận Hóa, TP. Huế",4800000.0,12.0,400000.0
2284,KWA49C,"10 (Thửa 263 - tờ 146) Phước Lý 4, P.Hòa Minh, Q.Liên Chiểu, TP. Đà Nẵng",4500000.0,40.9,110024.45
2285,WGCE5R,"Thửa 120 - tờ 198 Kiều Sơn Đen, P.Hòa Xuân, Q.Cẩm Lệ, TP. Đà Nẵng",4690000.0,46.9,100000.0
2286,UD16RS,"Thửa 260 - Tờ 2 Quốc Lộ 32, TT.Trạm Trôi, H.Hoài Đức, TP. Hà Nội",13520000.0,147.92,91400.76
2287,KW7QDC,"Thửa 183 - Tờ 15 thôn Phú Khê, Xã Mỹ Xuyên, H.Mỹ Đức, TP. Hà Nội",1200000.0,24.89,48212.13
2288,87NMG3,"Thửa 612 - Tờ 20 Quốc lộ 21B, Xã Trường Thịnh, H.Ứng Hòa, TP. Hà Nội",5000000.0,45.87,109003.71
2289,E0YY64,"Thửa 77 - Tờ 111 thôn Yên Tàng, Xã Bắc Phú, H.Sóc Sơn, TP. Hà Nội",1820000.0,17.0,107058.82
2290,PXFF7G,"Thửa 229 - Tờ 57 Thôn Thanh Trí, Xã Minh Phú, H.Sóc Sơn, TP. Hà Nội",2280000.0,14.25,160000.0
2291,QYMMEU,"Thửa 757 - Tờ 27 thôn Xuân Bách, Xã Quang Tiến, H.Sóc Sơn, TP. Hà Nội",3200000.0,34.4,93023.26
2292,1SZZ76,"Thửa 524 - Tờ 56 thôn Dược Hạ, Xã Tiên Dược, H.Sóc Sơn, TP. Hà Nội",3400000.0,40.0,85000.0
2293,D4UUFH,"Thửa 04 - tờ MTĐĐC số 18-2022 Thôn Thống Nhất, Xã Minh Tân, H.Kiến Thuỵ, TP. Hải Phòng",1500000.0,22.48,66725.98
2294,3AXN3Q,"Thửa 278 - tờ 4 Thôn Cự Đà, Xã Cự Khê, H.Thanh Oai, TP. Hà Nội",4850000.0,66.43,73009.18
2295,YEQ33D,"Thửa 160 - Tờ 60 thôn Thái Lai, Xã Minh Trí, H.Sóc Sơn, TP. Hà Nội",1580000.0,15.8,100000.0
2296,UDVZTS,"Thửa 61 - tờ 99 Thôn Tiên Kha, Xã Tiên Dương, H.Đông Anh, TP. Hà Nội",4900000.0,70.91,69101.68
2297,0TEXF9,"Thửa 4906 - tờ 4 Thôn Cao Bộ, Xã Kiến Hưng, H.Kiến Thuỵ, TP. Hải Phòng",1250000.0,19.62,63710.5
2298,QYMDNU,"Thửa 126 - Tờ 51 đường Tiểu Trà, P.Hưng Đạo, Q.Dương Kinh, TP. Hải Phòng",2900000.0,32.22,90006.21
2299,AB3BXY,"Thửa 147 - Tờ 24 thôn Bột Xuyên, Xã Mỹ Xuyên, H.Mỹ Đức, TP. Hà Nội",1720000.0,16.05,107165.11
2300,QYMAZU,"Thửa 97 - Tờ 84 Trà Khê 2, P.Anh Dũng, Q.Dương Kinh, TP. Hải Phòng",3390000.0,36.0,94166.67
2301,D4UK2H,"Thửa 545.8 - Tờ 13 Thôn Đoàn Kết, Xã Minh Tân, H.Kiến Thuỵ, TP. Hải Phòng",1100000.0,14.04,78347.58
2302,QYXQ8U,"Thửa 691 - Tờ 4 Thôn Xuân Úc, Xã Thuận Thiên, H.Kiến Thuỵ, TP. Hải Phòng",1050000.0,17.41,60310.17
2303,3ATV7Q,"Thửa 70 - Tờ 83, Thôn Chóng đường Tỉnh Lộ 87A, Xã Yên Bài, H.Ba Vì, TP. Hà Nội",7020000.0,6.5,1080000.0
2304,JZKEQ0,"Thửa 406 - Tờ 17 thôn Đông Sơn, Xã Quang Tiến, H.Sóc Sơn, TP. Hà Nội",3070000.0,32.0,95937.5
2305,87ZZ93,"Thửa 691 -Tờ 18 Khu Vực Thới Thạnh, P.Thới An Đông, Q.Bình Thuỷ, TP. Cần Thơ",350.0,8.75,40.0
2306,JZKYM0,"Thửa 369 - Tờ 20 thôn Quảng Hội, Xã Quang Tiến, H.Sóc Sơn, TP. Hà Nội",3880000.0,48.5,80000.0
2307,3AZNSQ,"Thửa Lô 102 - Tờ 8 Nguyễn Hàm Ninh, P.Hòa Xuân, Q.Cẩm Lệ, TP. Đà Nẵng",3700000.0,37.0,100000.0
2308,7CV16A,"Thửa 229 - Tờ 300 Đà Sơn 3, P.Hòa Khánh Nam, Q.Liên Chiểu, TP. Đà Nẵng",4550000.0,56.87,80007.03
2309,CR8N7B,"Thửa C2-20 - Tờ 2 đường Tế Hanh, Xã Hòa Phước, H.Hòa Vang, TP. Đà Nẵng",5100000.0,37.77,135027.8
2310,D4V9AH,"Thửa 1171 - Tờ 52 Thôn Lâm Hộ, Xã Thanh Lâm, H.Mê Linh, TP. Hà Nội",3400000.0,43.42,78304.93
2311,3APBTQ,"Thửa 104 - Tờ 54 thôn Mai Nội, Xã Mai Đình, H.Sóc Sơn, TP. Hà Nội",4510000.0,47.0,95957.45
2312,UD24TS,"Thửa 303 - Tờ 30 thôn Hương Đình, Xã Mai Đình, H.Sóc Sơn, TP. Hà Nội",7220000.0,76.0,95000.0
2313,2VCUSZ,"Thửa 191 - Tờ 114 thôn Thanh Lại, Xã Phù Linh, H.Sóc Sơn, TP. Hà Nội",1430000.0,23.49,60876.97
2314,QYGE5U,"Thửa 113 - Tờ 31 Thôn Bắc Thượng, Xã Quang Tiến, H.Sóc Sơn, TP. Hà Nội",2660000.0,37.0,71891.89
2315,CR8GQB,"Thửa 63 - Tờ 117 thôn Bắc Thượng, Xã Quang Tiến, H.Sóc Sơn, TP. Hà Nội",2760000.0,23.0,120000.0
2316,879KK3,"Thửa 231 - Tờ 26 thôn Hương Đình Đông, Xã Mai Đình, H.Sóc Sơn, TP. Hà Nội",2970000.0,27.5,108000.0
2317,R27XBJ,"Thửa 399 - Tờ 66 Kiệt 50 Thiên Thai, P.An Tây, Q.Thuận Hóa, TP. Huế",1150000.0,8.56,134345.79
2318,YEMR2D,"Thửa 382 - Tờ 20 thôn Quảng Hội, Xã Quang Tiến, H.Sóc Sơn, TP. Hà Nội",3140000.0,40.0,78500.0
2319,JZAM90,"Thửa  1098  - Tờ 16 Kiệt 82 Quảng Tế, P.Thuỷ Xuân, Q.Thuận Hóa, TP. Huế",1950000.0,19.38,100619.2
2320,ABXF7Y,"Thửa 585 - Tờ 22 thôn Đông Lai, Xã Quang Tiến, H.Sóc Sơn, TP. Hà Nội",4060000.0,39.49,102810.84
2321,KW603C,"Thửa 407 - Tờ 17 thôn Đông Sơn, Xã Quang Tiến, H.Sóc Sơn, TP. Hà Nội",3070000.0,32.0,95937.5
2322,KW1SJC,"Thửa 745 - Tờ 54 thôn Giáp Bốn, Xã Tuy Lai, H.Mỹ Đức, TP. Hà Nội",1180000.0,17.35,68011.53
2323,65J2Y8,"Thửa 02 - Tờ MTĐĐC số 01-2022 Thôn Thái Lai, Xã Tân Phong, H.Kiến Thuỵ, TP. Hải Phòng",2500000.0,23.29,107342.21
2324,3A923Q,"Thửa 824 - Tờ 6 Thôn Thanh Vân, Xã Thanh Lâm, H.Mê Linh, TP. Hà Nội",2200000.0,41.04,53606.24
2325,SHGZ65,"Thửa 370 - Tờ 33 thôn Thượng Quất, Xã Hợp Tiến, H.Mỹ Đức, TP. Hà Nội",1670000.0,16.02,104244.69
2326,CR18EB,"Thửa 251 - Tờ 53 phố Thọ Sơn, TT.Đại Nghĩa, H.Mỹ Đức, TP. Hà Nội",1950000.0,23.66,82417.58
2327,3A09UQ,"Thửa 406 - Tờ 09 thôn Hòa Lạc, Xã An Tiến, H.Mỹ Đức, TP. Hà Nội",1330000.0,16.54,80411.12
2328,65RRX8,"Thửa 323+325 - Tờ 20 thôn Đông Đoài, Xã Xuy Xá, H.Mỹ Đức, TP. Hà Nội",1500000.0,10.98,136612.02
2329,UDP93S,"Thửa 17 - Tờ 31 Thôn Đoài, Xã Tàm Xá, H.Đông Anh, TP. Hà Nội",24300000.0,135.75,179005.52
2330,PXYA5G,"Thửa 331 - tờ 32 Nguyễn Văn Cừ, P.Hòa Hiệp Bắc, Q.Liên Chiểu, TP. Đà Nẵng",1600000.0,16.98,94228.5
2331,QY90BU,"Thửa 316 - Tờ 31 thôn Lai Tảo, Xã Mỹ Xuyên, H.Mỹ Đức, TP. Hà Nội",2400000.0,24.0,100000.0
2332,ABT2EY,"Thửa 1215 - Tờ 50 Thôn Yên Vinh, TT.Quang Minh, H.Mê Linh, TP. Hà Nội",3500000.0,63.4,55205.05
2333,WGU88R,"Thửa 138 - Tờ 26 Thôn Bảo Tháp, TT.Quang Minh, H.Mê Linh, TP. Hà Nội",2500000.0,34.19,73120.8
2334,UDPRBS,"Thửa 1362 - Tờ 4 Thôn Hoàng Kim, Xã Hoàng Kim, H.Mê Linh, TP. Hà Nội",3770000.0,34.97,107806.69
2335,ABTPCY,"Thửa 197B - tờ 26 Thôn Vũ Vị, Xã Minh Tân, H.Kiến Thuỵ, TP. Hải Phòng",2500000.0,21.73,115048.32
2336,SHGRN5,"Thửa 1785 - tờ 4 Thôn Xuân Đoài, Xã Ngũ Phúc, H.Kiến Thuỵ, TP. Hải Phòng",1600000.0,25.0,64000.0
2337,5K2RQ7,"Thửa 2155 - tờ 2 Thôn Đức Phong, Xã Đại Đồng, H.Kiến Thuỵ, TP. Hải Phòng",2500000.0,26.04,96006.14
2338,87JBW3,"Thửa 1107 - tờ 2 Thôn Cẩm Hoàn, Xã Thanh Sơn, H.Kiến Thuỵ, TP. Hải Phòng",1500000.0,23.58,63613.23
2339,SHGB05,"Thửa 779 - tờ 22 Thôn Tân Linh, Xã Minh Tân, H.Kiến Thuỵ, TP. Hải Phòng",5500000.0,44.71,123014.99
2340,E08GP4,"Thửa 118 - Tờ 34, Ngõ 685 Mỹ Hà, Xã Hợp Thanh, H.Mỹ Đức, TP. Hà Nội",1630000.0,22.29,73126.96
2341,5K2B67,"Thửa 312 - Tờ 22 thôn Vạn Thắng, Xã An Tiến, H.Mỹ Đức, TP. Hà Nội",1130000.0,13.53,83518.11
2342,UD9TPS,"Thửa 179 - tờ 54 Bàu Mạc 5, P.Hòa Khánh Bắc, Q.Liên Chiểu, TP. Đà Nẵng",6750000.0,54.0,125000.0
2343,PXAUQG,"Thửa 4097 - tờ 1 TDP Tân Dương, P.Dương Quan, TP.Thuỷ Nguyên, TP. Hải Phòng",2000000.0,33.33,60006.0
2344,7C24XA,"Thửa 76 - tờ 8m Thôn Cẩm Nê, Xã Hòa Tiến, H.Hòa Vang, TP. Đà Nẵng",1800000.0,5.34,337078.65
2345,7CGUWA,"Thửa 44 - Tờ 69 Thôn Kim Tiên, Xã Xuân Nộn, H.Đông Anh, TP. Hà Nội",7920000.0,66.0,120000.0
2346,AB262Y,"Thửa 36 - Tờ 241 Nguyễn Thành Long, P.Hòa Hiệp Nam, Q.Liên Chiểu, TP. Đà Nẵng",11700000.0,66.51,175913.4
2347,3AWDNQ,"Thửa 3750 - Tờ 3 Thôn 5, P.Trần Hưng Đạo, TP.Thuỷ Nguyên, TP. Hải Phòng",1270000.0,18.97,66947.81
2348,QYRH7U,"thửa 3751 - Tờ 3 Thôn 5, P.Trần Hưng Đạo, TP.Thuỷ Nguyên, TP. Hải Phòng",1140000.0,18.9,60317.46
2349,3AW5GQ,"Thửa 260 - tờ 11 Phạm Văn Thanh, P.Thủy Dương, TX.Hương Thủy, TP. Huế",4500000.0,33.33,135013.5
2350,UDJAGS,"Thửa 24 - tờ 38 Thôn Khương Mỹ, Xã Hòa Phong, H.Hòa Vang, TP. Đà Nẵng",1390000.0,6.54,212538.23
2351,QYR7EU,"Thửa 525 - Tờ 32 Thôn Cốc Liễn, Xã Minh Tân, H.Kiến Thuỵ, TP. Hải Phòng",1650000.0,24.19,68210.0
2352,7C9UBA,"Thửa 841 - Tờ 8 Nguyễn Văn Linh, P.Long Tuyền, Q.Bình Thuỷ, TP. Cần Thơ",4500000.0,36.05,124826.63
2353,874WG3,"Thửa 101 - tờ 77 Bàu Năng 12, P.Hòa Minh, Q.Liên Chiểu, TP. Đà Nẵng",5500000.0,57.89,95007.77
2354,WG1ACR,"Thửa 29 - tờ E7 Huỳnh Tịnh Của, Xã Hòa Phước, H.Hòa Vang, TP. Đà Nẵng",4200000.0,36.2,116022.1
2355,2V5KJZ,"Thửa 70F - Tờ 01 thôn Chúc Đồng, Xã Thụy Hương, H.Chương Mỹ, TP. Hà Nội",2400000.0,66.66,36003.6
2356,3A49YQ,"Thửa 644 - Tờ 18 Thôn Chúc Lý, Xã Ngọc Hòa, H.Chương Mỹ, TP. Hà Nội",3300000.0,43.42,76001.84
2357,JZ85S0,"Thửa 286 - Tờ 19 thôn Bài Trượng, Xã Hoàng Diệu, H.Chương Mỹ, TP. Hà Nội",2550000.0,43.81,58205.89
2358,QYF0RU,"Thửa 289 - Tờ 12 số 4, P.Bùi Hữu Nghĩa, Q.Bình Thuỷ, TP. Cần Thơ",6300000.0,24.99,252100.84
2359,65BWA8,"Thửa 288 - Tờ 12 số 4, P.Bùi Hữu Nghĩa, Q.Bình Thuỷ, TP. Cần Thơ",6130000.0,25.0,245200.0
2360,0T3US9,"Thửa 1389 - tờ 37 Ấp Trường Đông B, Xã Tân Thới, H.Phong Điền, TP. Cần Thơ",460.0,4.33,106.24
2361,5KJJY7,"Thửa 653 - Tờ 20 Thôn Phú Bến, Xã Thụy Hương, H.Chương Mỹ, TP. Hà Nội",2350000.0,49.16,47803.09
2362,E0XZM4,"Thửa 175 - tờ 8 Trần Tử Bình, Xã Hòa Châu, H.Hòa Vang, TP. Đà Nẵng",9400000.0,62.66,150015.96
2363,GMSZN2,"Thửa 83 - tờ 53 Bàu Mạc 12, P.Hòa Khánh Bắc, Q.Liên Chiểu, TP. Đà Nẵng",8500000.0,57.47,147903.25
2364,7CJ5WA,"Thửa 143 - Tờ 55 Hòa Phú 29, P.Hòa Minh, Q.Liên Chiểu, TP. Đà Nẵng",14900000.0,101.7,146509.34
2365,9N30NP,"Thửa 135 - Tờ 72 Hòa Phú 3, P.Hòa Minh, Q.Liên Chiểu, TP. Đà Nẵng",5200000.0,65.0,80000.0
2366,3AE14Q,"Thửa 344 - tờ B1-6 Nguyễn Công Thái, Xã Hòa Liên, H.Hòa Vang, TP. Đà Nẵng",2900000.0,23.2,125000.0
2367,ABWCBY,"Thửa 526b3 - Tờ 21 Thôn Vũ Vị, Xã Minh Tân, H.Kiến Thuỵ, TP. Hải Phòng",1300000.0,15.47,84033.61
2368,SHCQP5,"Thửa 721 - Tờ 10 KV Bình Dương, P.Long Hòa, Q.Bình Thuỷ, TP. Cần Thơ",1200000.0,5.78,207612.46
2369,R2T4BJ,"Thửa 548 - Tờ 28, TDP Chiết Bi KQH Thủy Dương 3, P.Phú Thượng, Q.Thuận Hóa, TP. Huế",2200000.0,19.31,113930.61
2370,9NMFXP,"Thửa 2709 - Tờ 1 đường số 3, P.Thường Thạnh, Q.Cái Răng, TP. Cần Thơ",1700000.0,21.87,77732.05
2371,D4WXNH,"Thửa 179 - Tờ 198 Văn Tiến Dũng, P.Hòa Xuân, Q.Cẩm Lệ, TP. Đà Nẵng",5700000.0,57.0,100000.0
2372,7CE2YA,"Thửa 297 - tờ 11 Thôn Dương Sơn, Xã Hòa Châu, H.Hòa Vang, TP. Đà Nẵng",5200000.0,13.33,390097.52
2373,2V6YPZ,"Thửa 276 - Tờ 197 Nhơn Hòa Xuân, P.Hòa Xuân, Q.Cẩm Lệ, TP. Đà Nẵng",4150000.000000001,41.5,100000.0
2374,65AFC8,"Thửa 569 - Tờ 39 Kiệt 109 Minh Mạng, P.Thuỷ Xuân, Q.Thuận Hóa, TP. Huế",1780000.0,13.33,133533.38
2375,3AD4YQ,"Thửa 679 - tờ 23m Thôn Nam Sơn, Xã Hòa Tiến, H.Hòa Vang, TP. Đà Nẵng",1300000.0,13.0,100000.0
2376,SHKC85,"Thửa 163 - tờ 46 Nguyễn Thế Lịch, P.Hòa Thọ Đông, Q.Cẩm Lệ, TP. Đà Nẵng",7200000.0,51.94,138621.49
2377,5KCDA7,"Thửa 178 - tờ 8 K289 Bùi Thị Xuân, P.Thuỷ Xuân, Q.Thuận Hóa, TP. Huế",1500000.0,15.0,100000.0
2378,ABB5HY,"Thửa 349 - Tờ 46 Thái Thị Nhạn, P.An Thới, Q.Bình Thuỷ, TP. Cần Thơ",1850000.0,24.66,75020.28
2379,1SSXV6,"Thửa 559 - Tờ 24 Khu Vực 5, P.Hưng Thạnh, Q.Cái Răng, TP. Cần Thơ",1100000.0,9.95,110552.76
2380,ABB6SY,"Thửa 189 -Tờ 213 Dương Bá Cung, P.Hòa Xuân, Q.Cẩm Lệ, TP. Đà Nẵng",4200000.0,42.0,100000.0
2381,877ZD3,"Lô 715 - Tờ 2 Bàu Cầu 25, P.Hòa Xuân, Q.Cẩm Lệ, TP. Đà Nẵng",4700000.0,38.18,123101.1
2382,YEEVRD,"Thửa 149 - Tờ 36 Bùi Hữu Nghĩa, P.Bình Thủy, Q.Bình Thuỷ, TP. Cần Thơ",2400000.0,14.94,160642.57
2383,3AAPWQ,"Thửa 1203 - Tờ 1 Khu Vực 5, P.Ba Láng, Q.Cái Răng, TP. Cần Thơ",2200000.0,7.23,304287.69
2384,65SPB8,"Thửa 563 - Tờ 18 Nguyễn Tất Thành, P.Phú Bài, TX.Hương Thủy, TP. Huế",3880000.0,27.67,140224.07
2385,E0JSW4,"Thửa 10 - Tờ 15 Hoàng Minh Giám, P.Thủy Phương, TX.Hương Thủy, TP. Huế",1290000.0,13.16,98024.32
2386,9NTD2P,"Thửa 396 - Tờ 17 Khúc Thừa Dụ, P.Thủy Phương, TX.Hương Thủy, TP. Huế",3500000.0,23.31,150150.15
2387,UDYG6S,"Thửa 422 - Tờ 6 Kiệt 246 Hùng Vương, P.An Cựu, Q.Thuận Hóa, TP. Huế",2350000.0,35.71,65807.9
2388,2VMKXZ,"Thửa 643 - Tờ 68 Kiệt 50 Thiên Thai, P.An Cựu, Q.Thuận Hóa, TP. Huế",1420000.0,11.82,120135.36
2389,PXT93G,"Thửa 44 - tờ 23 Trung Lương 17, P.Hòa Xuân, Q.Cẩm Lệ, TP. Đà Nẵng",18500000.0,74.0,250000.0
2390,D4B5YH,"Thửa 261 - tờ 134 Hòa Minh 19, P.Hòa Minh, Q.Liên Chiểu, TP. Đà Nẵng",5250000.0,65.62,80006.1
2391,WG984R,"Tờ 365 - tờ 85 Thôn Phú Sơn 3, Xã Hòa Khương, H.Hòa Vang, TP. Đà Nẵng",900.0,7.05,127.66
2392,ABDUHY,"Thửa 2079 - Tờ 7 Nguyễn Văn Lưu, P.Hưng Thạnh, Q.Cái Răng, TP. Cần Thơ",8300000.000000001,58.24,142513.74
2393,9T0NEP,"Thửa 340 - Tờ 35 Trưng Nữ Vương, P.Thủy Phương, TX.Hương Thủy, TP. Huế",2700000.0,27.0,100000.0
2394,PN9XCG,"Thửa 640 -Tờ 5 TĐC Thủy Dương, P.Thủy Dương, TX.Hương Thủy, TP. Huế",3150000.0,31.5,100000.0
2395,7K5CHA,"Thửa 443 -Tờ 10 Lý Đạo Thành, P.Phú Bài, TX.Hương Thủy, TP. Huế",1650000.0,17.2,95930.23
2396,378ASQ,"Thửa 708 - Tờ 16 Kiệt Trưng Nữ Vương, P.Phú Bài, TX.Hương Thủy, TP. Huế",850.0,10.75,79.07
2397,AC5QEY,"Thửa 493 - tờ 248 Nguyễn Xuân Hữu, P.Hòa Thọ Đông, Q.Cẩm Lệ, TP. Đà Nẵng",4450000.0,63.03,70601.3
2398,KFD3SC,"Lô 43 Phân Khu B2-38 Phước Lý 6, P.Hòa Minh, Q.Liên Chiểu, TP. Đà Nẵng",4590000.0,43.71,105010.3
2399,SDQPR5,"Thửa 393 - tờ 56 Thôn Khương Mỹ, Xã Hòa Phong, H.Hòa Vang, TP. Đà Nẵng",1200000.0,5.45,220183.49
2400,WP439R,"Tờ 300 - tờ 13 K1014 Tôn Đản, P.Hòa Phát, Q.Cẩm Lệ, TP. Đà Nẵng",2900000.0,36.11,80310.16
2401,2MPAVZ,"Thửa 88 - tờ 100 Hòa Bình 1, P.Hoà Quý, Q.Ngũ Hành Sơn, TP. Đà Nẵng",4950000.0,34.61,143022.25
2402,6SVD78,"Thửa 1726 - Tờ 21, Đường D2 KDC Hồng Loan, P.Hưng Thạnh, Q.Cái Răng, TP. Cần Thơ",3200000.0,32.32,99009.9
2403,KFYJGC,"Thửa 304 - Tờ 22 Nguyễn Văn Cừ, P.An Khánh, Q.Ninh Kiều, TP. Cần Thơ",3290000.0,30.01,109630.12
2404,ACUFVY,"Thửa 368 - tờ 40 Thôn Đông Lâm, Xã Hòa Phú, H.Hòa Vang, TP. Đà Nẵng",2500000.0,7.07,353606.79
2405,DE5RXH,"Thửa 898 - tờ 15 K44 Vũ Ngọc Phan, P.Thuỷ Xuân, Q.Thuận Hóa, TP. Huế",1400000.0,13.98,100143.06
2406,ACQR1Y,"Thửa 206 - tờ 25 Bàu Mạc 20, P.Hòa Khánh Bắc, Q.Liên Chiểu, TP. Đà Nẵng",4450000.0,48.1,92515.59
2407,SD6HA5,"Thửa 649.3 - tờ 11 Thôn Thống Nhất, Xã Minh Tân, H.Kiến Thuỵ, TP. Hải Phòng",1500000.0,22.38,67024.13
2408,UY1YKS,"Thửa 53 - tờ 46 Phạm Văn Đồng, P.Tân Thành, Q.Dương Kinh, TP. Hải Phòng",3500000.0,58.92,59402.58
2409,SD1NN5,"Thửa 45-B - tờ KT03/3 Mân Quang 3, P.Thọ Quang, Q.Sơn Trà, TP. Đà Nẵng",7250000.0,65.9,110015.17
2410,85NKS3,"Thửa A1-9 - tờ 00 Trần Quý Hai, P.Hòa Thọ Đông, Q.Cẩm Lệ, TP. Đà Nẵng",6200000.0,51.23,121022.84
2411,QAMYSU,"Thửa 740 - Tờ 86, Đường Ngô Miễn TĐC Hòa Liên 3, Xã Hòa Liên, H.Hòa Vang, TP. Đà Nẵng",3050000.0,29.9,102006.69
2412,SDV615,"Thửa 887 - Tờ 15 K55 Vũ Ngọc Phan, P.Thuỷ Xuân, Q.Thuận Hóa, TP. Huế",1530000.0,15.25,100327.87
2413,1U2TA6,"Thửa 394 - Tờ 11 K73/20 Duy Tân, P.An Cựu, Q.Thuận Hóa, TP. Huế",1800000.0,29.8,60402.68
2414,KFSUKC,"Thửa 43 - Tờ 20, Số 223 Nguyễn Văn Cừ, P.An Hòa, Q.Ninh Kiều, TP. Cần Thơ",13500000.0,100.52,134301.63
2415,5H1ZU7,"Thửa 355 - Tờ 72 Hòa Liên 4, Xã Hòa Liên, H.Hòa Vang, TP. Đà Nẵng",2500000.0,20.0,125000.0
2416,AC8NKY,"Thửa 52 - Tờ 13 B1 Hồng Phước, P.Hòa Khánh Bắc, Q.Liên Chiểu, TP. Đà Nẵng",5650000.0,56.5,100000.0
2417,37NAHQ,"Thửa 64 -Tờ 00, Số 28 Liêm Lạc 16, P.Hòa Xuân, Q.Cẩm Lệ, TP. Đà Nẵng",4100000.0,41.0,100000.0
2418,YB3EED,"Thửa Lô 278 - tờ 17 TĐC Hòa Ninh, Xã Hòa Ninh, H.Hòa Vang, TP. Đà Nẵng",1800000.0,16.77,107334.53
2419,J2KR50,"Thửa 865 - Tờ 7 Nguyễn Văn Quang, P.Hưng Thạnh, Q.Cái Răng, TP. Cần Thơ",8300000.000000001,69.98,118605.32
2420,CWS3YB,"Thửa 381 - tờ 261 Hòa Mỹ 9, P.Hòa Minh, Q.Liên Chiểu, TP. Đà Nẵng",5150000.0,68.66,75007.28
2421,852BD3,"Thửa 11a - tờ 19 Thôn Thấp Linh, Xã Minh Tân, H.Kiến Thuỵ, TP. Hải Phòng",2500000.0,27.17,92013.25
2422,J2D5N0,"Thửa 89 - Tờ 36 Kiệt 106 Minh Mạng, P.Thuỷ Xuân, Q.Thuận Hóa, TP. Huế",1100000.0,10.4,105769.23
2423,J2DST0,"Thửa 632 - Tờ 39 Kiệt 105 Minh Mạng, P.Thuỷ Xuân, Q.Thuận Hóa, TP. Huế",1900000.0,16.91,112359.55
2424,J2DUZ0,"Thửa 89 - tờ 22 Nguyễn Văn Chư, P.Thủy Phương, TX.Hương Thủy, TP. Huế",1600000.0,12.8,125000.0
2425,YB1FJD,"08 (Thửa 283 - tờ 190) Nhơn Hòa Xuân, P.Hòa Xuân, Q.Cẩm Lệ, TP. Đà Nẵng",4200000.0,42.0,100000.0
2426,DE6F6H,"Thửa F-69 - tờ 00 Phạm Sư Mạnh, P.Khuê Trung, Q.Cẩm Lệ, TP. Đà Nẵng",6200000.0,49.6,125000.0
2427,6S99Q8,"Thửa 138 - Tờ 17 Bờ Đằm 8, Xã Hòa Phước, H.Hòa Vang, TP. Đà Nẵng",3550000.0,35.5,100000.0
2428,GXCKS2,"Thửa 61 -Tờ 13 Hà Văn Mao, Xã Hòa Phước, H.Hòa Vang, TP. Đà Nẵng",3600000.0,34.95,103004.29
2429,5HNR87,"Thửa 225 - tờ 69 Thôn Nam Thành, Xã Hòa Phong, H.Hòa Vang, TP. Đà Nẵng",1350000.0,10.0,135000.0
2430,WP7VTR,"Thửa 1331 - tờ 4m Thôn Cẩm Nê, Xã Hòa Tiến, H.Hòa Vang, TP. Đà Nẵng",1550000.0,15.5,100000.0
2431,40SGHF,"Thửa 332 - tờ 42 Tân Hòa 7, P.An Khê, Q.Thanh Khê, TP. Đà Nẵng",4480000.0,64.0,70000.0
2432,GXK4D2,"Thửa 12454 - Tờ 1, Đường B9 Khu TĐC Phú An, P.Phú Thứ, Q.Cái Răng, TP. Cần Thơ",5600000.0,24.34,230073.95
2433,37PZ8Q,"Thửa 1370 - Tờ 7 Nguyễn Văn Quang, P.Hưng Thạnh, Q.Cái Răng, TP. Cần Thơ",5600000.0,65.49,85509.24
2434,37PETQ,"Thửa 113 - Tờ 42 Cồn Dầu 15, P.Hòa Xuân, Q.Cẩm Lệ, TP. Đà Nẵng",6550000.0,65.5,100000.0
2435,379MDQ,"Thửa 274 - tờ 65 Nguyễn Như Đỗ, P.Hòa Thọ Tây, Q.Cẩm Lệ, TP. Đà Nẵng",2680000.0,32.64,82107.84
2436,1URZC6,"Thửa 27 - tờ 38 Thôn Khương Mỹ, Xã Hòa Phong, H.Hòa Vang, TP. Đà Nẵng",2700000.0,10.79,250231.7
2437,379XSQ,"Thửa 218 - tờ 00 Trà Na 4, P.Hòa Khánh Nam, Q.Liên Chiểu, TP. Đà Nẵng",3330000.0,33.2,100301.2
2438,DEMQ9H,"Thửa B2-14-57 - Tờ PhuocLy, Đường Phước Lý 4, P.Hòa Minh, Q.Liên Chiểu, TP. Đà Nẵng",4450000.0,40.45,110012.36
2439,UYGMAS,"Thửa 182 - tờ 184 Tùng Lâm 3, P.Hòa Xuân, Q.Cẩm Lệ, TP. Đà Nẵng",4350000.0,43.5,100000.0
2440,0ZAC79,"Thửa 319 - tờ 47 Thôn Phú Thượng, Xã Hòa Sơn, H.Hòa Vang, TP. Đà Nẵng",1350000.0,13.5,100000.0
2441,6SJG78,"Thửa 88 - tờ 146 Cầu Đỏ - Túy Loan, P.Hòa Thọ Tây, Q.Cẩm Lệ, TP. Đà Nẵng",3050000.0,29.44,103600.54
2442,850R03,"Thửa 640 - Tờ 7 Nguyễn Viết Xuân, P.Thới An Đông, Q.Bình Thuỷ, TP. Cần Thơ",1490000.0,9.93,150050.35
2443,9TY5SP,"Thửa 163 - Tờ 24 Khu Vực 5, P.Cái Khế, Q.Ninh Kiều, TP. Cần Thơ",1600000.0,24.92,64205.46
2444,J27UX0,"Thửa 1288 - tờ 23 Thôn Trước Đông, Xã Hòa Nhơn, H.Hòa Vang, TP. Đà Nẵng",2700000.0,8.3,325301.2
2445,5HZE17,"Thửa 1860 - tờ 12 Thôn Dương Sơn, Xã Hòa Châu, H.Hòa Vang, TP. Đà Nẵng",3100000.0,14.55,213058.42
2446,KF103C,"Thửa 98 - Tờ 25, Số 20 Hoà Minh 30, P.Hòa Minh, Q.Liên Chiểu, TP. Đà Nẵng",8400000.0,84.0,100000.0
2447,7KTBGA,"Thửa 19- A2 Tờ 00, số 10 Lâm Quang Thự, P.Hòa Minh, Q.Liên Chiểu, TP. Đà Nẵng",5900000.0,65.55,90007.63
2448,1UFVJ6,"Thửa 1943-Tờ 7, Đường số 3 KDC Nam Long, P.Hưng Thạnh, Q.Cái Răng, TP. Cần Thơ",7900000.0,39.5,200000.0
2449,CWVYPB,"Thửa 2435 - Tờ 7 KDC Nam Long, P.Hưng Thạnh, Q.Cái Răng, TP. Cần Thơ",11900000.0,48.33,246223.88
2450,UY96CS,"Thửa 2290 -Tờ 07, Đường Số 2B KDC Nam Long, P.Hưng Thạnh, Q.Cái Răng, TP. Cần Thơ",7900000.0,39.5,200000.0
2451,7K2RVA,"Thửa 627- Tờ 6, Đường Số 14 KĐT Hưng Phú, P.Hưng Thạnh, Q.Cái Răng, TP. Cần Thơ",3570000.0,38.63,92415.22
2452,2MDQ5Z,"Thửa 1557 - Tờ 33, Đường A3 KDC Hưng Phú, P.Hưng Phú, Q.Cái Răng, TP. Cần Thơ",8800000.0,73.33,120005.45
2453,EJ6Z24,"Thửa 1879 - Tờ 07, Đường Số 1 KDC Nam Long, P.Hưng Thạnh, Q.Cái Răng, TP. Cần Thơ",3900000.0,48.87,79803.56
2454,1UFST6,"Thửa 272 - Tờ 63 Hoàng Quốc Việt, P.An Bình, Q.Ninh Kiều, TP. Cần Thơ",3450000.0,27.75,124324.32
2455,5H98J7,"Thửa 205 -Tờ 102 Vân Dương 1, Xã Hòa Liên, H.Hòa Vang, TP. Đà Nẵng",2100000.0,9.39,223642.17
2456,PN5FFG,"Thửa 216 - Tờ 10 Bàu Nghè 2, Xã Hòa Sơn, H.Hòa Vang, TP. Đà Nẵng",3150000.0,31.5,100000.0
2457,EJVAY4,"Thửa 662 -Tờ 2, 149/36 Lê Đình Lý, P.Bình Thuận, Q.Hải Châu, TP. Đà Nẵng",3750000.0,67.56,55506.22
2458,UYJZAS,"Thửa 143 - tờ 75 Thanh Lương 17, P.Hòa Xuân, Q.Cẩm Lệ, TP. Đà Nẵng",6350000.0,63.5,100000.0
2459,J2QMZ0,"Thửa 144 -Tờ 31 Đông Lợi 4, P.An Khê, Q.Thanh Khê, TP. Đà Nẵng",5700000.0,67.45,84507.04
2460,UYR3WS,"Thửa 178 -Tờ 47 Thôn Phú Thượng, Xã Hòa Sơn, H.Hòa Vang, TP. Đà Nẵng",1250000.0,12.01,104079.93
2461,5H08P7,"Thửa 629 - tờ 9 , K246 Trần Cao Vân, P.Xuân Hà, Q.Thanh Khê, TP. Đà Nẵng",4550000.0,86.17,52802.6
2462,1UB2F6,"Thửa 174 - tờ 146 Hồ Bá Ôn, P.Hòa Minh, Q.Liên Chiểu, TP. Đà Nẵng",4400000.0,70.4,62500.0
2463,5H0107,"Thửa 981 - Tờ 86, Lô 1 phân khu B2-2 Phạm Quý Thích, Xã Hòa Liên, H.Hòa Vang, TP. Đà Nẵng",4250000.0,18.3,232240.44
2464,6SEZB8,"Thửa 1858 - Tờ 11, Lô 28, Khu B2-01 Lê Trọng Tấn, P.Hòa Phát, Q.Cẩm Lệ, TP. Đà Nẵng",5200000.0,52.0,100000.0
2465,SDJ915,"Thửa 125 - Tờ 24 Trần Minh Tông, P.Hòa Minh, Q.Liên Chiểu, TP. Đà Nẵng",8500000.0,80.95,105003.09
2466,3749UQ,"Thửa 307 -Tờ 45 Dương Bích Liên, P.Hòa Minh, Q.Liên Chiểu, TP. Đà Nẵng",6700000.0,66.27,101101.55
2467,QA46DU,"Thửa 202 - tờ 153 Đoàn Ngọc Nhạc, P.Hòa Xuân, Q.Cẩm Lệ, TP. Đà Nẵng",5450000.0,54.5,100000.0
2468,40XYSF,"Thửa 76 - Tờ D9, Đường Đặng Đức Siêu KDC Nam Cẩm Lệ, P.Hòa Xuân, Q.Cẩm Lệ, TP. Đà Nẵng",7000000.0,47.74,146627.57
2469,7KJ6HA,"Thửa 7010 -Tờ 1, Đường số 9 KDC lô số 11C, P.Phú Thứ, Q.Cái Răng, TP. Cần Thơ",3000000.0,25.0,120000.0
2470,AC09FY,"Thửa 489 - Tờ 17 Khu Vực Bình Nhựt A, P.Long Hòa, Q.Bình Thuỷ, TP. Cần Thơ",580.0,6.45,89.92
2471,UYFCVS,"236 Đinh Đức Thiện, P.Hòa Minh, Q.Liên Chiểu, TP. Đà Nẵng",2450000.0,27.22,90007.35
2472,2MUG6Z,"Thửa 70 - Tờ 00, Số 02 Cồn Dầu 6, P.Hòa Xuân, Q.Cẩm Lệ, TP. Đà Nẵng",8800000.0,62.5,140800.0
2473,GXQFJ2,"Thửa 721 - Tờ 86 Khu Vực 7, P.An Bình, Q.Ninh Kiều, TP. Cần Thơ",1750000.0,5.66,309187.28
2474,EJT5H4,"Thửa 289 - Tờ 134 Ngô Sĩ Liên, P.Hòa Khánh Bắc, Q.Liên Chiểu, TP. Đà Nẵng",5390000.0,67.37,80005.94
2475,J21DD0,"Thửa 1058 - tờ 12 Thôn Phú Thượng, Xã Hòa Sơn, H.Hòa Vang, TP. Đà Nẵng",1650000.0,9.7,170103.09
2476,7KRXBA,"Thửa 5 - tờ 50 Hòa Minh 27, P.Hòa Minh, Q.Liên Chiểu, TP. Đà Nẵng",6680000.0,69.94,95510.44
2477,QAEA7U,"Lô B2-7-60, Số 271 Bùi Tấn Diên, P.Hòa An, Q.Cẩm Lệ, TP. Đà Nẵng",5850000.0,53.18,110003.76
2478,1UH3M6,"Thửa 131 -Tờ 25, Số 25 Bàu Mạc 20, P.Hòa Khánh Bắc, Q.Liên Chiểu, TP. Đà Nẵng",4800000.0,53.63,89502.14
2479,9T60XP,"Thửa 268 - tờ 16 Thôn Xuân Phú, Xã Hòa Sơn, H.Hòa Vang, TP. Đà Nẵng",1780000.0,5.93,300168.63
2480,UYE18S,"Thửa 1169 - Tờ 07, Đường số 4 KDC Nam Long, P.Hưng Thạnh, Q.Cái Răng, TP. Cần Thơ",4400000.0,38.59,114019.18
2481,ACRQ3Y,"THửa 1356 -Tờ 18, Số 77 Đường D25 KDC Hồng Loan, P.Hưng Thạnh, Q.Cái Răng, TP. Cần Thơ",3500000.0,31.81,110028.29
2482,J2VS50,"10 Bàu Năng 5, P.Hòa Minh, Q.Liên Chiểu, TP. Đà Nẵng",5900000.0,69.41,85002.16
2483,0Z12N9,"Thửa 398 - Tờ 191, Số 63 Nguyễn Quang Lâm, P.Hòa Xuân, Q.Cẩm Lệ, TP. Đà Nẵng",4750000.0,47.5,100000.0
2484,7KF39A,"Thửa 845 -Tờ 14, Số 234 Trần Tử Bình, Xã Hòa Châu, H.Hòa Vang, TP. Đà Nẵng",5350000.0,53.5,100000.0
2485,RGXAQJ,"Thửa 229 - Tờ 20, Số 32 Bùi Cầm Hổ, P.Hòa Xuân, Q.Cẩm Lệ, TP. Đà Nẵng",4200000.0,42.0,100000.0
2486,RGX73J,"Thửa 61 - Tờ B2.18, Số 237 Văn Tiến Dũng, P.Hòa Xuân, Q.Cẩm Lệ, TP. Đà Nẵng",8700000.0,71.02,122500.7
2487,UYBGTS,"Thửa 157 - Tờ B2-21, Số 54 Phạm Duy Tốn, P.Hòa Xuân, Q.Cẩm Lệ, TP. Đà Nẵng",4890000.0,48.9,100000.0
2488,7KFZ7A,"Thửa 147 - Tờ 2, Số 55 Kha Vạng Cân, P.Hòa Xuân, Q.Cẩm Lệ, TP. Đà Nẵng",7900000.0,47.59,166001.26
2489,37KSNQ,"Thửa 43 - Tờ 143, Số 263 Văn Tiến Dũng, P.Hòa Xuân, Q.Cẩm Lệ, TP. Đà Nẵng",7800000.0,62.4,125000.0
2490,6SYEY8,"Thửa 29 - Tờ B2-44, Số 31 Hoàng Đình Ái, P.Hòa Xuân, Q.Cẩm Lệ, TP. Đà Nẵng",5900000.0,59.0,100000.0
2491,37HFUQ,"Thửa 46 - Tờ 3, Số 40 Huỳnh Tịnh Của, Xã Hòa Phước, H.Hòa Vang, TP. Đà Nẵng",4150000.000000001,41.5,100000.0
2492,0ZM379,"Thửa 23 Tờ B2-7 Bờ Đằm 5, Xã Hòa Phước, H.Hòa Vang, TP. Đà Nẵng",3400000.0,34.0,100000.0
2493,85DH93,"Thửa 259 - Tờ 55, số 59 Thích Thiện Chiếu, P.Thọ Quang, Q.Sơn Trà, TP. Đà Nẵng",8100000.0,90.0,90000.0
2494,SDCC15,"98/27A Trần Hưng Đạo, P.Thới Bình, Q.Ninh Kiều, TP. Cần Thơ",2890000.0,31.51,91716.92
2495,85YAJ3,"Thửa 324 -Tờ 145, 235/48/3 Đồng Văn Cống, P.An Thới, Q.Bình Thuỷ, TP. Cần Thơ",1490000.0,36.88,40401.3
2496,UYHXJS,"Thửa 90 - Tờ 191, Số 573 Văn Tiến Dũng, P.Hòa Xuân, Q.Cẩm Lệ, TP. Đà Nẵng",6500000.0,65.0,100000.0
2497,SDKNE5,"Thửa 26 - Tờ B2.20, số 07 Trung Lương 6, P.Hòa Xuân, Q.Cẩm Lệ, TP. Đà Nẵng",5200000.0,47.27,110006.35
2498,7KBMBA,"Thửa 158 - Tờ 204, Số 54 Nhân Hoà 6, P.Hòa Xuân, Q.Cẩm Lệ, TP. Đà Nẵng",4500000.0,45.0,100000.0
2499,37AGBQ,"Thửa 172 - Tờ 46, Số 251/14 Trần Ngọc Quế, P.Xuân Khánh, Q.Ninh Kiều, TP. Cần Thơ",9500000.0,105.42,90115.73
2500,37AJDQ,"269 Hồ Tùng Mậu, P.Hòa Minh, Q.Liên Chiểu, TP. Đà Nẵng",8900000.0,89.0,100000.0
2501,5HHWE7,"679 Đường 30 Tháng 4, P.Hưng Lợi, Q.Ninh Kiều, TP. Cần Thơ",5700000.0,58.46,97502.57
2502,EJRWV4,"Thửa B2-5-10, Tờ Phuocly Nhơn Hòa 21, P.Hòa An, Q.Cẩm Lệ, TP. Đà Nẵng",4750000.0,43.1,110208.82
2503,KFEKDC,"Thửa 234 - Tờ 147 Phước Lý 1, P.Hòa Minh, Q.Liên Chiểu, TP. Đà Nẵng",7590000.0,57.71,131519.67
2504,QA5ANU,"Thửa 94 - Tờ B1 -91 Phạm Xuân Ẩn, P.Hòa Xuân, Q.Cẩm Lệ, TP. Đà Nẵng",13500000.0,81.96,164714.49
2505,Q73RMU,"Thửa 473 - Tờ 38, Đường Quan Châu Thôn Quan Châu, Xã Hòa Châu, H.Hòa Vang, TP. Đà Nẵng",3550000.0,29.55,120135.36
2506,UAQJWS,"Thửa 479 - Tờ 42 Thôn Quan Châu, Xã Hòa Châu, H.Hòa Vang, TP. Đà Nẵng",2850000.0,22.02,129427.79
2507,7H5PJA,"Thửa 55 - Tờ 39, Số 39 Đinh Thị Vân, P.An Khê, Q.Thanh Khê, TP. Đà Nẵng",6400000.0,75.29,85004.65
2508,AK5QBY,"Thửa 90- Tờ 24, Số 550/2 Điện Biên Phủ, P.Thanh Khê Đông, Q.Thanh Khê, TP. Đà Nẵng",2490000.0,39.64,62815.34
2509,356XZQ,"Thửa 9 - Tờ 75 Hòa Phú 9, P.Hòa Minh, Q.Liên Chiểu, TP. Đà Nẵng",6150000.0,68.33,90004.39
2510,Q78M0U,"Thửa 167 - Tờ 7, Số 401 Nguyễn Hữu Thọ, P.Khuê Trung, Q.Cẩm Lệ, TP. Đà Nẵng",17900000.0,143.2,125000.0
2511,SBP1D5,"Thửa 4930 - tờ 01 TĐC Hoa Động, P.Hoa Động, TP.Thuỷ Nguyên, TP. Hải Phòng",3200000.0,47.05,68012.75
2512,5EPPK7,"Thửa 326 - tờ 61 đường Hồ Tùng Mậu, P.Cái Khế, Q.Ninh Kiều, TP. Cần Thơ",3800000.0,54.28,70007.37
2513,RN120J,"Thửa 1514 - tờ 1 đường Cặp Rạch Ông Dựa, P.Long Tuyền, Q.Bình Thuỷ, TP. Cần Thơ",890.0,19.3,46.11
2514,P1326G,"Thửa 442 - Tờ 42 Hẻm Bùi Hữu Nghĩa, P.Bùi Hữu Nghĩa, Q.Bình Thuỷ, TP. Cần Thơ",1690000.0,19.19,88066.7
2515,8DKPQ3,"Thửa 402 - Tờ 52 Kiệt Trần Đình Nam, P.Hòa An, Q.Cẩm Lệ, TP. Đà Nẵng",2850000.0,35.27,80805.22
2516,6YHR78,"Thửa 401 - Tờ 52 Kiệt Trần Đình Nam, P.Hòa An, Q.Cẩm Lệ, TP. Đà Nẵng",2850000.0,35.31,80713.68
2517,9VVH2P,"Thửa 32 - Tờ 139 Ban Ban 7, P.Hoà Quý, Q.Ngũ Hành Sơn, TP. Đà Nẵng",3530000.0,35.3,100000.0
2518,42P2VF,"Thửa 58 -Tờ 2 Số nhà 339 Hải Phòng, P.Thạc Gián, Q.Thanh Khê, TP. Đà Nẵng",16000000.0,117.3,136402.39
2519,G6TKN2,"Thửa 138(1)A - tờ 02 Thôn Đường Đá, P.Hoa Động, TP.Thuỷ Nguyên, TP. Hải Phòng",1580000.0,14.1,112056.74
2520,5EYCW7,"Thửa 1334 - Tờ 20m Thôn Lệ Sơn 2, Xã Hòa Tiến, H.Hòa Vang, TP. Đà Nẵng",1250000.0,12.5,100000.0
2521,QK5Y6U,"Thửa  1244 - Tờ 20m Thôn Lệ Sơn 2, Xã Hòa Tiến, H.Hòa Vang, TP. Đà Nẵng",1050000.0,10.5,100000.0
2522,6YQSY8,"Thửa 2057 - Tờ 20 Thôn Lệ Sơn 2, Xã Hòa Tiến, H.Hòa Vang, TP. Đà Nẵng",1750000.0,14.61,119780.97
2523,G6TNH2,"Thửa 916 - tờ 16 Khu TĐC thôn Dưỡng Mong, Xã Phú Mỹ, H.Phú Vang, TP. Huế",2450000.0,20.24,121047.43
2524,8Y8RY3,"Thửa 19 - Tờ 1 Kiệt 82 Nguyễn Chánh, P.Hòa Minh, Q.Liên Chiểu, TP. Đà Nẵng",3480000.0,32.92,105710.81
2525,7E3MXA,"Thửa 610 - Tờ 4 Kiệt 52 Phan Thanh, P.Thạc Gián, Q.Thanh Khê, TP. Đà Nẵng",3450000.0,69.27,49805.11
2526,9MBFBP,"Thửa 26 - Tờ 66 đường Quảng Ngãi, P.Hoà Quý, Q.Ngũ Hành Sơn, TP. Đà Nẵng",6500000.0,65.0,100000.0
2527,5BV6C7,"Thửa 804 - tờ 26 Kiệt Xóm 4, Lại Thế, P.Phú Thượng, Q.Thuận Hóa, TP. Huế",1680000.0,23.66,71005.92
2528,PVE8NG,"Thửa Lô 15 - tờ 02 25 tháng 10, P.Dương Quan, TP.Thuỷ Nguyên, TP. Hải Phòng",9100000.0,121.33,75002.06
2529,C0XYNB,"70 Cách mạng tháng 8, P.Cái Khế, Q.Ninh Kiều, TP. Cần Thơ",3900000.0,52.41,74413.28
2530,3DW2AQ,"168Z Nguyễn Văn Cừ, P.An Khánh, Q.Ninh Kiều, TP. Cần Thơ",3400000.0,35.78,95025.15
2531,SC0N75,"43A Hoàng Quốc Việt, P.An Bình, Q.Ninh Kiều, TP. Cần Thơ",4300000.0,44.79,96003.57
2532,0XQKB9,"Thửa 1066 - tờ 32 Bà Bang Nhãn, P.Hoà Hải, Q.Ngũ Hành Sơn, TP. Đà Nẵng",6300000.0,57.37,109813.49
2533,5BWFK7,"Thửa 242 - Tờ 48 hẻm đường DT86, Thôn 6, Xã Ba Trại, H.Ba Vì, TP. Hà Nội",780.0,4.93,158.22
2534,263GSZ,"Thửa 292 - tờ 69 Ngõ 81, Tân Thành, P.Tân Thành, Q.Dương Kinh, TP. Hải Phòng",2600000.0,28.88,90027.7
2535,QHC35U,"Thửa 69 - tờ 83 TDP Quyết Tiến 2, P.Hợp Đức, Q.Đồ Sơn, TP. Hải Phòng",1560000.0,13.56,115044.25
2536,SCEVW5,"Thửa 98 - tờ 54 TDP Quý Kim 3, P.Hợp Đức, Q.Đồ Sơn, TP. Hải Phòng",1350000.0,12.61,107057.89
2537,8AVPF3,"Thửa 217 - tờ 660 Mai Đăng Chơn, P.Hoà Hải, Q.Ngũ Hành Sơn, TP. Đà Nẵng",4800000.0,55.1,87114.34
2538,15XJ16,"Thửa 216 - tờ 660 Mai Đăng Chơn, P.Hoà Hải, Q.Ngũ Hành Sơn, TP. Đà Nẵng",4800000.0,53.93,89004.26
2539,67MRR8,"Thửa 215 - tờ 660 Mai Đăng Chơn, P.Hoà Hải, Q.Ngũ Hành Sơn, TP. Đà Nẵng",4800000.0,55.1,87114.34
2540,QD13RU,"Thửa 202 - tờ 135 Mai Đăng Chơn, P.Hoà Hải, Q.Ngũ Hành Sơn, TP. Đà Nẵng",7900000.0,70.03,112808.8
2541,QD13RU,"Thửa 202 - tờ 135 Mai Đăng Chơn, P.Hoà Hải, Q.Ngũ Hành Sơn, TP. Đà Nẵng",7900000.0,70.03,112808.8
2542,E9HCQ4,"Thửa 4972 - tờ 3 Thôn Đoàn Xá 2, Xã Đoàn Xá, H.Kiến Thuỵ, TP. Hải Phòng",1360000.0,18.13,75013.79
2543,Y4SXND,"Thửa 73 - tờ 160 Võ Văn Đồng, P.Hoà Hải, Q.Ngũ Hành Sơn, TP. Đà Nẵng",6290000.0,69.88,90011.45
2544,21FHYZ,"Thửa 3730 - tờ 4 Đường 352, Thôn 4, Xã Quang Trung, TP.Thuỷ Nguyên, TP. Hải Phòng",990.0,11.57,85.57
2545,7B1B0A,"Thửa Ô II lô 36 - Tờ phân khu lô Vườn Đốm, Khu Vực Vườn Đốm, P.Anh Dũng, Q.Dương Kinh, TP. Hải Phòng",3500000.0,35.0,100000.0
2546,3YPGSQ,"Thửa 1016 - tờ 32 Kiệt 65 Lê Ngô Cát, P.Thuỷ Xuân, Q.Thuận Hóa, TP. Huế",1690000.0,16.9,100000.0
2547,AEXTWY,"Thửa 38 - Tờ B2.2, Đường Đồng Lớn 10 TĐC Hòa Liên 2, Xã Hòa Liên, H.Hòa Vang, TP. Đà Nẵng",5500000.0,24.37,225687.32
2548,8A9FJ3,"Thửa 291 -Tờ 86 TĐC Hòa Liên 4, Xã Hòa Liên, H.Hòa Vang, TP. Đà Nẵng",8500000.0,21.81,389729.48
2549,UH2RVS,"Thửa 374 - Tờ 90 TĐC Dragon City Park, P.Hòa Hiệp Nam, Q.Liên Chiểu, TP. Đà Nẵng",2750000.0,25.58,107505.86
2550,3YP4MQ,"Thửa 32 - Tờ B2.5 TĐC Hòa Liên 2, Xã Hòa Liên, H.Hòa Vang, TP. Đà Nẵng",2350000.0,18.07,130049.81
2551,7BTGMA,"Thửa 144 - tờ 223 Lưu Quang Vũ, P.Hoà Quý, Q.Ngũ Hành Sơn, TP. Đà Nẵng",2900000.0,15.14,191545.57
2552,4PQRDF,"Thửa 396 - tờ 305 TDP Giáng Nam 1, P.Hòa Xuân, Q.Cẩm Lệ, TP. Đà Nẵng",3150000.0,20.12,156560.64
2553,RZU7XJ,"Thửa 121 - Tờ 19 Kiệt Phan Văn Định, P.Hòa Khánh Bắc, Q.Liên Chiểu, TP. Đà Nẵng",6600000.0,46.8,141025.64
2554,SKPP15,"Thửa 449 - Tờ 74 KĐT Hòa Liên 5, Xã Hòa Liên, H.Hòa Vang, TP. Đà Nẵng",2880000.0,28.8,100000.0
2555,8ARR23,"Thửa 658 - Tờ 31 ĐT 419, Thôn Phúc Tiến, Xã Bình Yên, H.Thạch Thất, TP. Hà Nội",4000000.0,40.4,99009.9
2556,PMASSG,"Thửa 83 -Tờ 72 TĐC Hòa Liên 4, Xã Hòa Liên, H.Hòa Vang, TP. Đà Nẵng",2480000.0,20.66,120038.72
2557,PM716G,"Thửa 286 - Tờ 37 Tổ 12 Yên Lộ, P.Yên Nghĩa, Q.Hà Đông, TP. Hà Nội",10400000.0,139.97,74301.64
2558,Y4ZFND,"Thửa 599;600 - Tờ 95 tổ 14 Hòa Bình, P.Yên Nghĩa, Q.Hà Đông, TP. Hà Nội",2350000.0,48.25,48704.66
2559,UHJEBS,"Thửa 1922 - Tờ 09 Thôn Nhơn Thọ 2, Xã Hòa Phước, H.Hòa Vang, TP. Đà Nẵng",1800000.0,18.0,100000.0
2560,8AB5F3,"Thửa 944 - Tờ 27 KQH Đông Nam Thủy An, P.Thủy Dương, TX.Hương Thủy, TP. Huế",3200000.0,37.64,85015.94
2561,SK4WQ5,"Thửa 49 - tờ 125 Bá Giáng 5, P.Hoà Quý, Q.Ngũ Hành Sơn, TP. Đà Nẵng",4150000.000000001,41.5,100000.0
2562,15DKD6,"Thửa 25 - tờ 138 Ban Ban 5, P.Hoà Quý, Q.Ngũ Hành Sơn, TP. Đà Nẵng",3650000.0,36.5,100000.0
2563,21Q3BZ,"Thửa 2192 - Tờ 41, Đường số 9 KĐT Nam Long 2, P.Hưng Thạnh, Q.Cái Răng, TP. Cần Thơ",3790000.0,47.49,79806.28
2564,JTVX10,"Thửa 1711 - Tờ 5 Khu Vực Bình Phó A, P.Long Tuyền, Q.Bình Thuỷ, TP. Cần Thơ",1190000.0,22.36,53220.04
2565,AEW77Y,"Thửa 53 - Tờ 74 Tôn Thất Dương Kỵ, P.Hòa Xuân, Q.Cẩm Lệ, TP. Đà Nẵng",18500000.0,74.29,249024.09
2566,JTMDB0,"Thửa 733 - Tờ 29 TL 420, Thôn Sen Trì, Xã Bình Yên, H.Thạch Thất, TP. Hà Nội",2000000.0,32.62,61312.08
2567,SKCAX5,"Thửa 102 - Tờ 6 đường Mỹ Trung, P.Xuân Khanh, TX.Sơn Tây, TP. Hà Nội",1650000.0,19.0,86842.11
2568,7BBUPA,"Thửa 428 - Tờ 48 đường 30 Tháng 4, P.Hưng Lợi, Q.Ninh Kiều, TP. Cần Thơ",3500000.0,38.75,90322.58
2569,677RF8,"Thửa 131 - tờ 29 Thôn Kim Đới 2, Xã Hữu Bằng, H.Kiến Thuỵ, TP. Hải Phòng",1500000.0,21.83,68712.78
2570,3YY04Q,"Thửa 130 - tờ 29 Thôn Kim Đới 2, Xã Hữu Bằng, H.Kiến Thuỵ, TP. Hải Phòng",1500000.0,21.33,70323.49
2571,677RY8,"Thửa 4519 - tờ 3 Thôn Đoàn Xá 3, Xã Đoàn Xá, H.Kiến Thuỵ, TP. Hải Phòng",1700000.0,26.89,63220.53
2572,677WA8,"Thửa 5178 - tờ 3 Thôn Đoàn Xá 2, Xã Đoàn Xá, H.Kiến Thuỵ, TP. Hải Phòng",1450000.0,19.59,74017.36
2573,7BBG4A,"Thửa 2167/2 - Tờ 03 Thôn Đoan Xá 3, Xã Đoàn Xá, H.Kiến Thuỵ, TP. Hải Phòng",1950000.0,34.21,57000.88
2574,QDDSHU,"Thửa 464 - Tờ 38 đường Hồ Chí Minh, TT.Xuân Mai, H.Chương Mỹ, TP. Hà Nội",3100000.0,28.23,109812.26
2575,15SAH6,"Thửa 45 - Tờ 03 Thôn Đoan Xá 2, Xã Đoàn Xá, H.Kiến Thuỵ, TP. Hải Phòng",4700000.0,19.91,236062.28
2576,UHDYWS,"Thửa 1023 - Tờ 21 đường 361 Thù Du, Xã Minh Tân, H.Kiến Thuỵ, TP. Hải Phòng",1450000.0,21.41,67725.36
2577,QDY7BU,"Thửa 177 - Tờ 31 thôn Vệ Sơn Đông, Xã Tân Minh, H.Sóc Sơn, TP. Hà Nội",2200000.0,27.5,80000.0
2578,YEYV2D,"Thửa 1346 - Tờ 73 KQH Nguyễn Văn Chư, P.Thủy Phương, TX.Hương Thủy, TP. Huế",1380000.0,13.2,104545.45
2579,YEYMGD,"Thửa 162 - Tờ 59 TDP Hải Thành 2, P.Hải Thành, Q.Dương Kinh, TP. Hải Phòng",2350000.0,37.3,63002.68
2580,QYQ06U,"Thửa 174 - Tờ B1-5 TĐC Hòa Liên 4, Xã Hòa Liên, H.Hòa Vang, TP. Đà Nẵng",2550000.0,20.4,125000.0
2581,5K5R97,"Thửa 320 -Tờ 235 Thôn Vọng Hải 2, P.Hưng Đạo, Q.Dương Kinh, TP. Hải Phòng",1250000.0,24.8,50403.23
2582,UDUF4S,"Thửa 662 - tờ 98 Thôn Phú Sơn 1, Xã Hòa Khương, H.Hòa Vang, TP. Đà Nẵng",1500000.0,12.36,121359.22
2583,SHSBY5,"Thửa 2122 -Tờ 2 Thôn Tú Đôi 2, Xã Kiến Quốc, H.Kiến Thuỵ, TP. Hải Phòng",1600000.0,19.8,80808.08
2584,9N9MFP,"Thửa 25 - tờ 01 Thôn Sú 1, P.Hoàng Lâm, TP.Thuỷ Nguyên, TP. Hải Phòng",4500000.0,33.78,133214.92
2585,QY362U,"Thửa 4092 - tờ 4 Thôn Lâu Làng, P.Hoa Động, TP.Thuỷ Nguyên, TP. Hải Phòng",2250000.0,31.25,72000.0
2586,UD309S,"Thửa 1070 - Tờ 30 Thôn Kim Đới 1, Xã Hữu Bằng, H.Kiến Thuỵ, TP. Hải Phòng",1350000.0,20.45,66014.67
2587,PX0Q9G,"Thửa 186 -Tờ 122 Ngõ 100 Tư Thuỷ, P.Hoà Nghĩa, Q.Dương Kinh, TP. Hải Phòng",1100000.0,19.29,57024.36
2588,87VXJ3,"Thửa 163 - tờ 37 K29, Nguyễn Như Đải, P.Hòa Thọ Tây, Q.Cẩm Lệ, TP. Đà Nẵng",2200000.0,22.06,99728.01
2589,JZ4HN0,"Thửa 19 - tờ 85 TĐC Hòa Liên 2, Xã Hòa Liên, H.Hòa Vang, TP. Đà Nẵng",2350000.0,18.8,125000.0
2590,UD1GDS,"Thửa 26 - Tờ 8 Hữu Đáy, Thôn Chúc Đồng, Xã Thụy Hương, H.Chương Mỹ, TP. Hà Nội",2950000.0,47.2,62500.0
2591,UDX67S,"Thửa 223 - Tờ 31 thôn Hương Đình Đông, Xã Mai Đình, H.Sóc Sơn, TP. Hà Nội",4700000.0,49.78,94415.43
2592,CRSUKB,"Thửa 505 - Tờ 30 thôn Hương Đình Đoài, Xã Mai Đình, H.Sóc Sơn, TP. Hà Nội",3500000.0,38.46,91003.64
2593,0TCK39,"Thửa 2064 - Tờ 33, Đường B30 Khu TĐC Hưng Phú, P.Hưng Phú, Q.Cái Răng, TP. Cần Thơ",4500000.0,56.46,79702.44
2594,SHMNV5,"Thửa 23 - Tờ 35 thôn Hương Đình Đoài, Xã Mai Đình, H.Sóc Sơn, TP. Hà Nội",3100000.0,50.98,60808.16
2595,JZKDV0,"Thửa 504 - Tờ 30 thôn Hương Đình Đoài, Xã Mai Đình, H.Sóc Sơn, TP. Hà Nội",3500000.0,38.46,91003.64
2596,652HP8,"Thửa 120 + 29  - Tờ 89 đường Rạch Rau Răm, P.An Bình, Q.Ninh Kiều, TP. Cần Thơ",1900000.0,9.75,194871.79
2597,GM43Z2,"Thửa 270 - Tờ 28 Kiệt 610 Tôn Đản, P.Hòa Phát, Q.Cẩm Lệ, TP. Đà Nẵng",2850000.0,37.01,77006.21
2598,AB18RY,"Thửa 01 - Tờ 130-2018 hẻm đường Hữu Đáy, Xã Hòa Phú, H.Chương Mỹ, TP. Hà Nội",6900000.0,92.0,75000.0
2599,R27V4J,"Thửa 1167 - Tờ 25, Đường N14 KDC Nam Long 2, P.Hưng Thạnh, Q.Cái Răng, TP. Cần Thơ",3500000.0,38.88,90020.58
2600,7CNRPA,"Thửa 18 - tờ 74 Tổ Cam Lộ 5, P.Hùng Vương, Q.Hồng Bàng, TP. Hải Phòng",1480000.0,31.28,47314.58
2601,GMKQV2,"Thửa 84 - Tờ 35 thôn Hương Đình Đoài, Xã Mai Đình, H.Sóc Sơn, TP. Hà Nội",2620000.0,43.09,60802.97
2602,3APHJQ,"Thửa 1108 - Tờ 14 Kiệt 55 Vũ Ngọc Phan, P.Thuỷ Xuân, Q.Thuận Hóa, TP. Huế",1550000.0,15.36,100911.46
2603,JZ7WH0,"Thửa 02 - tờ MTĐĐC số 07-2022 Thôn Đoàn Xá 4, Xã Đoàn Xá, H.Kiến Thuỵ, TP. Hải Phòng",3500000.0,24.98,140112.09
2604,JZ7DQ0,"Thửa 201A - tờ 03 Thôn Bấc 2, P.Thuỷ Đường, TP.Thuỷ Nguyên, TP. Hải Phòng",2100000.0,30.88,68005.18
2605,87JR03,"Thửa 20 - tờ 06 Thôn Tân Lập, P.Lập Lễ, TP.Thuỷ Nguyên, TP. Hải Phòng",3500000.0,19.44,180041.15
2606,493M0F,"Thửa 4981 - tờ 3 Thôn Đoan Xá 2, Xã Đoàn Xá, H.Kiến Thuỵ, TP. Hải Phòng",1500000.0,20.49,73206.44
2607,CR1J8B,"Thửa 195 - tờ 69 Ngõ 113 Tân Thành, P.Tân Thành, Q.Dương Kinh, TP. Hải Phòng",2250000.0,28.62,78616.35
2608,SHGK05,"Thửa 50 - tờ 59 TDP Tiểu Trà 1, P.Hưng Đạo, Q.Dương Kinh, TP. Hải Phòng",1330000.0,28.72,46309.19
2609,KWVBMC,"Thửa 98 - tờ 249 TDC Anh Dũng 5, P.Anh Dũng, Q.Dương Kinh, TP. Hải Phòng",2500000.0,62.5,40000.0
2610,UD9FCS,"Thửa 840 - tờ 26 Kiệt 69, Sử Nhan Hy, P.Thuỷ Xuân, Q.Thuận Hóa, TP. Huế",1950000.0,19.42,100411.95
2611,9N7XVP,"Thửa 520 B1 - Tờ 01 Thôn Trại Núi, P.Thủy Hà, TP.Thuỷ Nguyên, TP. Hải Phòng",2150000.0,16.73,128511.66
2612,CRMKNB,"Thửa 61 + 36 - Tờ 15 hẻm đường Tỉnh Lộ 419, Xã An Mỹ, H.Mỹ Đức, TP. Hà Nội",830.0,20.34,40.81
2613,1S4XJ6,"Thửa 1663 - tờ 16m Thôn Lệ Sơn 1, Xã Hòa Tiến, H.Hòa Vang, TP. Đà Nẵng",1400000.0,7.17,195258.02
2614,3ARNAQ,"Thửa 1032 - Tờ 4 hẻm đường Bùi Hữu Nghĩa, P.Long Hòa, Q.Bình Thuỷ, TP. Cần Thơ",680.0,3.8,178.95
2615,3AWCVQ,"Thửa 3922 - Tờ 149 Thôn Lệ Sơn Bắc, Xã Hòa Tiến, H.Hòa Vang, TP. Đà Nẵng",2150000.0,17.84,120515.7
2616,PX583G,"Thửa 3293 - Tờ 149 Thôn Lệ Sơn Bắc, Xã Hòa Tiến, H.Hòa Vang, TP. Đà Nẵng",2150000.0,17.81,120718.7
2617,CRXF8B,"64 Trần Đại Nghĩa, P.Hoà Hải, Q.Ngũ Hành Sơn, TP. Đà Nẵng",9600000.0,80.0,120000.0
2618,3AWUWQ,"Thửa 2115 - Tờ 39 Làng Hoa Bà Bộ, P.Long Tuyền, Q.Bình Thuỷ, TP. Cần Thơ",1900000.0,20.94,90735.43
2619,SHRZS5,"Thửa 725 - tờ 59 K42 Nguyễn Duy Cung, P.Thủy Phương, TX.Hương Thủy, TP. Huế",1250000.0,12.17,102711.59
2620,9NQYEP,"Thửa 1830 - Tờ 13, Đường Nguyễn Thị Tạo Khu Vực Bình Trung, P.Long Hòa, Q.Bình Thuỷ, TP. Cần Thơ",1300000.0,5.96,218120.81
2621,SHRP35,"44/4/9 (Thửa 284 - Tờ 34) Cách Mạng Tháng 8, P.Cái Khế, Q.Ninh Kiều, TP. Cần Thơ",3600000.0,34.78,103507.76
2622,5KJFA7,"Thửa 54D2 - Tờ 6 hẻm đường Phú Mỹ, P.Biên Giang, Q.Hà Đông, TP. Hà Nội",3100000.0,62.0,50000.0
2623,SHWUF5,"Thửa 18 - tờ B2-13 TĐC Hòa Liên 5, Xã Hòa Liên, H.Hòa Vang, TP. Đà Nẵng",2550000.0,25.5,100000.0
2624,UDF8JS,"Thửa 298 - Tờ 219, Kiệt Huỳnh Thị Bảo Hòa, P.Hòa Hiệp Nam, Q.Liên Chiểu, TP. Đà Nẵng",2150000.0,23.88,90033.5
2625,UDF8JS,"Thửa 298 - Tờ 219, Kiệt Huỳnh Thị Bảo Hòa, P.Hòa Hiệp Nam, Q.Liên Chiểu, TP. Đà Nẵng",2150000.0,23.88,90033.5
2626,D4JU8H,"Thửa 260 - tờ 114 Nguyễn Duy Trinh, P.Hoà Hải, Q.Ngũ Hành Sơn, TP. Đà Nẵng",6500000.0,31.56,205956.91
2627,0TVBR9,"Thửa 465 - Tờ 33, Đường số 3 KDC Hưng Phú 1, P.Hưng Phú, Q.Cái Răng, TP. Cần Thơ",8700000.0,94.05,92503.99
2628,KW9SMC,"Thửa 5324 - Tờ 65 khu vực 1 Ba Láng, P.Ba Láng, Q.Cái Răng, TP. Cần Thơ",790.0,14.93,52.91
2629,SHEV45,"Thửa 5323 - Tờ 65 khu vực 1 Ba Láng, P.Ba Láng, Q.Cái Răng, TP. Cần Thơ",790.0,19.31,40.91
2630,WGNHJR,"Thửa 5322 - Tờ 65 khu vực 1 Ba Láng, P.Ba Láng, Q.Cái Răng, TP. Cần Thơ",790.0,18.72,42.2
2631,D4J31H,"Thửa 236 - tờ 242 Lê Tự Thống Nhất, P.Hòa Hiệp Nam, Q.Liên Chiểu, TP. Đà Nẵng",4450000.0,44.5,100000.0
2632,7CFVRA,"Thửa 5321 - Tờ 65 khu vực 1 Ba Láng, P.Ba Láng, Q.Cái Răng, TP. Cần Thơ",790.0,18.67,42.31
2633,65D528,"Thửa 204 - Tờ 220 Tổ dân phố Nghĩa Phương, P.Minh Đức, Q.Đồ Sơn, TP. Hải Phòng",930.0,14.95,62.21
2634,87H7J3,"Thửa 203 - Tờ 220 Tổ dân phố Nghĩa Phương, P.Minh Đức, Q.Đồ Sơn, TP. Hải Phòng",930.0,17.19,54.1
2635,65DSG8,"Thửa 202 - Tờ 220 Tổ dân phố Nghĩa Phương, P.Minh Đức, Q.Đồ Sơn, TP. Hải Phòng",980.0,18.14,54.02
2636,65D308,"Thửa 25 - Tờ 101 Tổ dân phố 4, P.Hưng Đạo, Q.Dương Kinh, TP. Hải Phòng",1220000.0,6.35,192125.98
2637,7CETHA,"Thửa 260 - tờ 122 Cầu Đỏ - Túy Loan, P.Hòa Thọ Tây, Q.Cẩm Lệ, TP. Đà Nẵng",4200000.0,46.66,90012.86
2638,SHCB85,"Thửa 1265 - Tờ 15 Kiệt 24 Vũ Ngọc Phan, P.Thuỷ Xuân, Q.Thuận Hóa, TP. Huế",1600000.0,15.96,100250.63
2639,WGGSWR,"Thửa 770 - Tờ 4 Khu Vực Bình Yên A, P.Long Hòa, Q.Bình Thuỷ, TP. Cần Thơ",1300000.0,7.22,180055.4
2640,3A72FQ,"Thửa 817 - tờ 16 Xóm 8, Thôn Dưỡng Mong, Xã Phú Mỹ, H.Phú Vang, TP. Huế",1800000.0,12.37,145513.34
2641,ABCM8Y,"Thửa 122 - Tờ 56 Kiệt 26 Lý Nam Đế, P.An Hòa, Q.Phú Xuân, TP. Huế",1280000.0,15.32,83550.91
2642,YEBVJD,"Thửa 631 - Tờ 32 Kiệt 5 Nguyễn Hữu Cảnh, P.An Tây, Q.Thuận Hóa, TP. Huế",1940000.0,16.46,117861.48
2643,JZ2A40,"Thửa 334 - Tờ 11, Đường số 9 KQH Đông Nam Thuỷ An, P.Thủy Dương, TX.Hương Thủy, TP. Huế",3200000.0,38.09,84011.55
2644,CRW8XB,"Thửa 1123 - Tờ 20 Kiệt 108 Lê Ngô Cát, P.Thuỷ Xuân, Q.Thuận Hóa, TP. Huế",1460000.0,14.52,100550.96
2645,QYA9XU,"Thửa 832 - tờ 15 Kiệt 44 Vũ Ngọc Phan, P.Thuỷ Xuân, Q.Thuận Hóa, TP. Huế",1600000.0,14.88,107526.88
2646,QYAY4U,"Thửa 612 - tờ 10 Kiệt 10, TDP Trung Đông, P.Phú Thượng, Q.Thuận Hóa, TP. Huế",1400000.0,20.0,70000.0
2647,5KDQ37,"Thửa 11300 - tờ 1 đường A4, KDC Phú An, P.Phú Thứ, Q.Cái Răng, TP. Cần Thơ",2850000.0,35.18,81011.94
2648,WG96ER,"Thửa 341 - Tờ 185 Kiệt 33 Nam Cao, P.Hòa Khánh Nam, Q.Liên Chiểu, TP. Đà Nẵng",6300000.0,29.68,212264.15
2649,5HSKF7,"Thửa 42 - Tờ 16 Khu TĐC Thủy Thanh, Xã Thủy Thanh, TX.Hương Thủy, TP. Huế",3250000.0,32.5,100000.0
2650,QA3A1U,"Thửa 434 - Tờ 12 Khu TĐC Thủy Thanh, Xã Thủy Thanh, TX.Hương Thủy, TP. Huế",6240000.0,26.99,231196.74
2651,UY3NDS,"Thửa 274 - tờ 98 Thôn Phú Sơn 1, Xã Hòa Khương, H.Hòa Vang, TP. Đà Nẵng",1300000.0,7.78,167095.12
2652,5HUBJ7,"Thửa 478 - tờ 67 Thôn Phú Sơn 3, Xã Hòa Khương, H.Hòa Vang, TP. Đà Nẵng",1250000.0,7.2,173611.11
2653,UY66FS,"Thửa 1600 - tờ 20 Thôn Lệ Sơn 2, Xã Hòa Tiến, H.Hòa Vang, TP. Đà Nẵng",1450000.0,11.06,131103.07
2654,85MRD3,"Thửa 8 - tờ 69 Thôn Phú Sơn 3, Xã Hòa Khương, H.Hòa Vang, TP. Đà Nẵng",2250000.0,10.71,210084.03
2655,QAXGYU,"Thửa 88 - Tờ 88 TĐC Hòa Liên 5, Xã Hòa Liên, H.Hòa Vang, TP. Đà Nẵng",3100000.0,31.0,100000.0
2656,SDV095,"Thửa 149 - Tờ 144 Khu Bộ đội Trinh sát, P.Hòa Khánh Bắc, Q.Liên Chiểu, TP. Đà Nẵng",3950000.0,39.5,100000.0
2657,SDVHK5,"Thửa 238 - Tờ 51 Hói Kiểng 31, P.Hoà Quý, Q.Ngũ Hành Sơn, TP. Đà Nẵng",5100000.0,48.57,105003.09
2658,QATC6U,"Thửa 131 - tờ 137 Ban Ban 20, P.Hoà Quý, Q.Ngũ Hành Sơn, TP. Đà Nẵng",3850000.0,38.5,100000.0
2659,4058JF,"Thửa 493 - Tờ 43 Kiệt 88 Nguyễn Khoa Chiêm, P.An Tây, Q.Thuận Hóa, TP. Huế",2200000.0,21.52,102230.48
2660,372WNQ,"Thửa 117 - tờ 16 Thôn Dương Lâm 2, Xã Hòa Phong, H.Hòa Vang, TP. Đà Nẵng",2100000.0,7.0,300000.0
2661,8592Z3,"Thửa 3001 - Tờ 1, Đường số 10, KĐT Nam Cần Thơ, P.Phú Thứ, Q.Cái Răng, TP. Cần Thơ",2850000.0,26.38,108036.39
2662,ACXC6Y,"Thửa 68 - tờ 9 Bờ Quan 1, P.Hoà Quý, Q.Ngũ Hành Sơn, TP. Đà Nẵng",12800000.0,75.65,169200.26
2663,QAPV9U,"Thửa 1521 - Tờ 1, Đường Cặp Rạch Khoán Châu (bên phải) Khu Vực Bình Dương A, P.Long Tuyền, Q.Bình Thuỷ, TP. Cần Thơ",1350000.0,16.66,81032.41
2664,SD2VQ5,"Thửa 2142 -Tờ 13 Thôn Quan Nam 1, Xã Hòa Liên, H.Hòa Vang, TP. Đà Nẵng",5100000.0,34.0,150000.0
2665,4081PF,"Thửa 2396 - Tờ 1 Khu TĐC Tân Phú, P.Tân Phú, Q.Cái Răng, TP. Cần Thơ",2700000.0,23.31,115830.12
2666,9T7ZTP,"Lô 212 phân khu B2-4 Khu TĐC Hòa Liên, Xã Hòa Liên, H.Hòa Vang, TP. Đà Nẵng",2750000.0,27.5,100000.0
2667,J2UWC0,"Thửa 168 - Tờ 20 Thôn An Ngãi Tây 3, Xã Hòa Sơn, H.Hòa Vang, TP. Đà Nẵng",1500000.0,10.2,147058.82
2668,AC2QTY,"Thửa 223 - Tờ 166 Kiệt 05 Nam Cao, P.Hòa Khánh Nam, Q.Liên Chiểu, TP. Đà Nẵng",4790000.0,50.58,94701.46
2669,SD9PV5,"Thửa 4094 - Tờ 7 Ấp Thị Tứ Vàm Xáng, Xã Nhơn Nghĩa, H.Phong Điền, TP. Cần Thơ",690.0,7.41,93.12
2670,9T55AP,"Thửa 30 -Tờ 213 Số 362 Phan Khôi, P.Hòa Xuân, Q.Cẩm Lệ, TP. Đà Nẵng",5200000.0,52.0,100000.0
2671,J2U1T0,"Thửa  1818 - Tờ 14 Thôn Phú Sơn 3, Xã Hòa Khương, H.Hòa Vang, TP. Đà Nẵng",1300000.0,6.65,195488.72
2672,DETW7H,"Thửa  120 - tờ 90 Nước mặn 3, P.Khuê Mỹ, Q.Ngũ Hành Sơn, TP. Đà Nẵng",18500000.0,108.82,170005.51
2673,DETW7H,"Thửa  120 - tờ 90 Nước mặn 3, P.Khuê Mỹ, Q.Ngũ Hành Sơn, TP. Đà Nẵng",18500000.0,108.82,170005.51
2674,J2UGR0,"Thửa 1134 - tờ 12 HD2 - Thôn Phú Thượng, Xã Hòa Sơn, H.Hòa Vang, TP. Đà Nẵng",2600000.0,21.88,118829.98
2675,KFNV4C,"Thửa 1540 - Tờ 19 Thôn Vân Dương  1, Xã Hòa Liên, H.Hòa Vang, TP. Đà Nẵng",1750000.0,15.9,110062.89
2676,QARCAU,"Thửa 525 - tờ 126 Thôn Phú Sơn Nam, Xã Hòa Khương, H.Hòa Vang, TP. Đà Nẵng",1160000.0,7.77,149292.15
2677,EJXW04,"Thửa 444 - Tờ 239 Lưu Quang Vũ, P.Hoà Quý, Q.Ngũ Hành Sơn, TP. Đà Nẵng",2200000.0,22.42,98126.67
2678,CWZUPB,"Thửa 06 - tờ B2.10 Thổ Sơn 2, P.Hoà Hải, Q.Ngũ Hành Sơn, TP. Đà Nẵng",4800000.0,45.71,105009.84
2679,PNQSAG,"Thửa 1245 - Tờ 13 Khu Vực Bình Trung, P.Long Hòa, Q.Bình Thuỷ, TP. Cần Thơ",1390000.0,13.9,100000.0
2680,YB9PQD,"Thửa 1551 - Tờ 13 Khu Vực Bình Trung, P.Long Hòa, Q.Bình Thuỷ, TP. Cần Thơ",1590000.0,15.15,104950.5
2681,37EBMQ,"Thửa 339 - tờ 24 Thôn Lệ Sơn 2, Xã Hòa Tiến, H.Hòa Vang, TP. Đà Nẵng",1950000.0,19.5,100000.0
2682,UYFEES,"Thửa 330 - tờ 84 K175 Bình Kỳ, P.Hoà Quý, Q.Ngũ Hành Sơn, TP. Đà Nẵng",2700000.0,45.0,60000.0
2683,AC0BHY,"Thửa 349 - Tờ 207 Lưu Quang Vũ, P.Hoà Quý, Q.Ngũ Hành Sơn, TP. Đà Nẵng",2700000.0,30.99,87124.88
2684,9T8E9P,"Thửa 822- Tờ 6 Khu Vực Bình Yên B, P.Long Hòa, Q.Bình Thuỷ, TP. Cần Thơ",980.0,11.55,84.85
2685,ACJ6XY,"Thửa 201 -Tờ 21 Thôn An Ngãi Tây 3, Xã Hòa Sơn, H.Hòa Vang, TP. Đà Nẵng",2500000.0,10.54,237191.65
2686,6SKCU8,"Thửa 331 - tờ 108 Thôn Phú Sơn 1, Xã Hòa Khương, H.Hòa Vang, TP. Đà Nẵng",1790000.0,6.27,285486.44
2687,2MQ0VZ,"Thửa 554 - tờ 23 K152 Lê Văn Thứ, P.Mân Thái, Q.Sơn Trà, TP. Đà Nẵng",10500000.0,106.49,98600.81
2688,QABN7U,"Thửa 1186 - Tờ 25 Đường N14 KDC Nam Long 2, P.Hưng Thạnh, Q.Cái Răng, TP. Cần Thơ",3750000.0,41.66,90014.4
2689,5HEMP7,"Thửa 20 - Tờ 183, Số 38 Thích Phước Huệ, P.Hoà Hải, Q.Ngũ Hành Sơn, TP. Đà Nẵng",6100000.0,46.03,132522.27
2690,PN1HWG,"Thửa 648 -Tờ 147 Khái Tây 1, P.Hoà Quý, Q.Ngũ Hành Sơn, TP. Đà Nẵng",3250000.0,28.88,112534.63
2691,PNZK2G,"Thửa 76 -Tờ 68 Hoà Phú 2, P.Hòa Minh, Q.Liên Chiểu, TP. Đà Nẵng",5750000.0,71.87,80005.57
2692,WP0NDR,"Thửa 177 - Tờ 243 Hoà Mỹ 8, P.Hòa Minh, Q.Liên Chiểu, TP. Đà Nẵng",4900000.0,50.51,97010.49
2693,5HACE7,"Thửa 1730 - Tờ 5 khu vực Thạnh Hưng, P.Hưng Thạnh, Q.Cái Răng, TP. Cần Thơ",2250000.0,9.66,232919.25
2694,85Q5Z3,"Thửa 1246 - Tờ 38 Gò Lăng 7, Xã Hòa Nhơn, H.Hòa Vang, TP. Đà Nẵng",2900000.0,19.33,150025.87
2695,2X2GHZ,"Thửa 736 - Tờ 16 Thôn Dương Lâm 2, Xã Hòa Phong, H.Hòa Vang, TP. Đà Nẵng",1550000.0,9.39,165069.22
2696,QKPCJU,"Thửa 207 - tờ 168 Ngõ 13, Phố Xuân Diệu, P.Hoà Nghĩa, Q.Dương Kinh, TP. Hải Phòng",1050000.0,4.82,217842.32
2697,QK042U,"Thửa 283 - tờ 175 Nam Kỳ Khởi Nghĩa, P.Hoà Quý, Q.Ngũ Hành Sơn, TP. Đà Nẵng",3500000.0,39.54,88517.96
2698,SBHH85,"Thửa 406 - Tờ 42 Hẻm 2 Bùi Hữu Nghĩa, P.Bình Thủy, Q.Bình Thuỷ, TP. Cần Thơ",1250000.0,24.65,50709.94
2699,8DS1R3,"Thửa 49 - Tờ 98 Khu TĐC Công Nghệ Cao, Xã Hòa Liên, H.Hòa Vang, TP. Đà Nẵng",1850000.0,10.97,168641.75
2700,6YUFK8,"Thửa 51 - tờ 56 Tuyến 2 Phạm Văn Đồng, P.Hải Thành, Q.Dương Kinh, TP. Hải Phòng",2200000.0,32.35,68006.18
2701,8DUES3,"Thửa 528 - tờ 15 hẻm đường ĐT 918, Ấp Thới An, Xã Giai Xuân, H.Phong Điền, TP. Cần Thơ",400.0,5.06,79.05
2702,UC5APS,"Thửa 564 - tờ 67 Kiệt 30 Huyền Trân Công Chúa, P.Thuỷ Xuân, Q.Thuận Hóa, TP. Huế",1450000.0,13.8,105072.46
2703,QH62YU,"Thửa 239 - Tờ 34 Số 131 Đoàn Khuê, P.Khuê Mỹ, Q.Ngũ Hành Sơn, TP. Đà Nẵng",11300000.0,113.0,100000.0
2704,5BQA47,"Thửa 135 - tờ 18 + Thửa 1053 - tờ 18 hẻm đường Tạ Thị Phi, P.Long Tuyền, Q.Bình Thuỷ, TP. Cần Thơ",4580000.0,19.94,229689.07
2705,YFU16D,"Thửa 444 - Tờ 10 Kiệt 86 Phạm Nhữ Tăng, P.Thanh Khê Đông, Q.Thanh Khê, TP. Đà Nẵng",5550000.0,45.67,121523.98
2706,172NK6,"Thửa 1 - tờ 114 Nguyễn Tất Thành nối dài, Xã Hòa Liên, H.Hòa Vang, TP. Đà Nẵng",2200000.0,22.0,100000.0
2707,A463PY,"Thửa 484 - tờ 24 đường số 5A, KĐT Mỹ Thượng, P.Phú Thượng, Q.Thuận Hóa, TP. Huế",2550000.0,24.28,105024.71
2708,3DTE9Q,"Thửa Lô 40 - tờ 03 đường 351, Thôn 6, P.Lê Hồng Phong, TP.Thuỷ Nguyên, TP. Hải Phòng",5500000.0,55.0,100000.0
2709,3D0WVQ,"Sơn Thuỷ Đông 4, P.Hoà Hải, Q.Ngũ Hành Sơn, TP. Đà Nẵng",7600000.0,76.0,100000.0
2710,7EZ4GA,"Thửa 3901 - Tờ 4 Tuyến hai bên Rạch Xéo Lá, P.Phú Thứ, Q.Cái Răng, TP. Cần Thơ",290.0,1.92,151.04
2711,3DJ1CQ,"Thửa Lô L2-07(BĐQH phân lô) - tờ 02 (Bản đồ giải thửa) Tuyến 2, đường 359, P.Thuỷ Đường, TP.Thuỷ Nguyên, TP. Hải Phòng",4150000.000000001,38.42,108016.66
2712,SCR0U5,"Thửa 1453 - tờ 3 Thôn Túy Loan Tây 1, Xã Hòa Phong, H.Hòa Vang, TP. Đà Nẵng",1800000.0,7.86,229007.63
2713,G18G12,"Thửa 2611 - Tờ 1 Phạm Văn Nhờ, KDC Công An, P.Phú Thứ, Q.Cái Răng, TP. Cần Thơ",3450000.0,34.5,100000.0
2714,SCETB5,"Thửa 1739 - Tờ 18 đường D26 KDC Hồng Loan, P.Hưng Thạnh, Q.Cái Răng, TP. Cần Thơ",3680000.0,33.45,110014.95
2715,7EFNWA,"Thửa 238 - Tờ 5 Hẻm 85 Phạm Ngũ Lão, P.Thới Bình, Q.Ninh Kiều, TP. Cần Thơ",6800000.0,43.31,157007.62
2716,9M1QEP,"Thửa 117 - Tờ 74 Hẻm 361 Trần Quang Diệu, P.An Thới, Q.Bình Thuỷ, TP. Cần Thơ",3390000.0,22.55,150332.59
2717,G1NGS2,"Thửa 12260 - Tờ 1 Khu Tái Định Cư Phú An, P.Phú Thứ, Q.Cái Răng, TP. Cần Thơ",2900000.0,24.16,120033.11
2718,6A3BD8,"Thửa 383 - tờ 6 Ngõ 159 đường Quyết Thắng, P.Yên Nghĩa, Q.Hà Đông, TP. Hà Nội",7200000.0,144.0,50000.0
2719,DFYBPH,"Thửa 77 - tờ 98 TĐC khu Công nghệ cao, Xã Hòa Liên, H.Hòa Vang, TP. Đà Nẵng",2850000.0,19.0,150000.0
2720,4PERVF,"Thửa 313 - tờ 114 Nguyễn Tất Thành nối dài, Xã Hòa Liên, H.Hòa Vang, TP. Đà Nẵng",2450000.0,24.25,101030.93
2721,67XM58,"Thửa 27 - tờ 01 đường 353 Phạm Văn Đồng, P.Anh Dũng, Q.Dương Kinh, TP. Hải Phòng",5200000.0,52.0,100000.0
2722,PMDA5G,"Thửa 112 - Tờ 59 đường ĐT 413, Thôn Duyên Lãm, Xã Thụy An, H.Ba Vì, TP. Hà Nội",960.0,9.6,100.0
2723,GVH7U2,"Thửa 09 - tờ B2-4 Trần Lê + Cẩm Nam 9, P.Hòa Xuân, Q.Cẩm Lệ, TP. Đà Nẵng",7200000.0,67.47,106714.1
2724,GVYRW2,"Thửa 474 - Tờ 20 Kiệt 72 Khúc Thừa Dụ, P.Thủy Dương, TX.Hương Thủy, TP. Huế",2150000.0,18.85,114058.36
2725,67WRV8,"Thửa 252 - Tờ 86, Đường Đồng Lớn 6 Khu TĐC Hòa Liên 3, Xã Hòa Liên, H.Hòa Vang, TP. Đà Nẵng",2450000.0,20.76,118015.41
2726,21YT6Z,"Thửa 331 - Tờ 14 Kiệt 45 Huyền Trân Công Chúa, P.Thuỷ Xuân, Q.Thuận Hóa, TP. Huế",1550000.0,15.97,97056.98
2727,9XSF9P,"Thửa 5116 - tờ 4 Thôn Đương Thắng, Ngũ Đoan, Xã Kiến Hưng, H.Kiến Thuỵ, TP. Hải Phòng",1700000.0,25.95,65510.6
2728,UHJNKS,"Thửa 2922 - Tờ 53 Hẻm 112 Hoàng Quốc Việt, P.An Bình, Q.Ninh Kiều, TP. Cần Thơ",1790000.0,44.75,40000.0
2729,E92M54,"Thửa 388 - Tờ 40 TL 420, thôn Đồi Sen, Xã Bình Yên, H.Thạch Thất, TP. Hà Nội",3300000.0,37.97,86910.72
2730,E92M54,"Thửa 388 - Tờ 40 TL 420, thôn Đồi Sen, Xã Bình Yên, H.Thạch Thất, TP. Hà Nội",3300000.0,37.97,86910.72
2731,AEE2MY,"Thửa 11631 - tờ 4 Thôn Trại Dưới - Xóm Ngói, P.Lưu Kiếm, TP.Thuỷ Nguyên, TP. Hải Phòng",899.0,14.2,63.31
2732,7BC76A,"Thửa 36 - Tờ 2 Kiệt 20 Nguyễn Công Trứ, P.An Hải Bắc, Q.Sơn Trà, TP. Đà Nẵng",4250000.0,74.69,56901.86
2733,5CK4B7,"Thửa 387-2 - tờ 63 đường 360, thôn Xuân Sơn 1, Xã An Thắng, H.An Lão, TP. Hải Phòng",1900000.0,19.48,97535.93
2734,QDYKVU,"Thửa 37 - tờ 1 khu Thùng Nhèm, thôn An Khoái, Xã Phúc Tiến, H.Phú Xuyên, TP. Hà Nội",6150000.0,76.3,80602.88
2735,E9JXD4,"Thửa 1418 - Tờ 30 Kiệt 309 Trưng Nữ Vương, P.Thủy Dương, TX.Hương Thủy, TP. Huế",1950000.0,21.78,89531.68
2736,UDQQWS,"Thửa 79 - Tờ 90 Đông Sơn, Thôn Đông Cựu, Xã Phú Nghĩa, H.Chương Mỹ, TP. Hà Nội",1800000.0,14.65,122866.89
2737,49EEZF,"Thửa 78 - Tờ 90 Đông Sơn, Thôn Đông Cựu, Xã Phú Nghĩa, H.Chương Mỹ, TP. Hà Nội",1800000.0,14.85,121212.12
2738,1SVJX6,"Thửa 1790 - tờ 01 Đông Sơn, Xóm 4, P.Lưu Kiếm, TP.Thuỷ Nguyên, TP. Hải Phòng",3600000.0,20.0,180000.0
2739,AB5T7Y,"Thửa 33-5 - tờ 8 Quốc Lộ 23, Xóm Nhì, Xã Vân Nội, H.Đông Anh, TP. Hà Nội",3600000.0,63.15,57007.13
2740,JZA620,"Thửa 64 - Tờ 00 Tổ dân phố số 5, TT.Quang Minh, H.Mê Linh, TP. Hà Nội",5400000.0,88.96,60701.44
2741,GMK3M2,"Thửa 18 - tờ 2 đường 6, thôn Chúc Đồng, Xã Thụy Hương, H.Chương Mỹ, TP. Hà Nội",3700000.0,74.0,50000.0
2742,YEX3YD,"Thửa 2106 - Tờ 2 Tổ dân phố Hầu, P.Thiên Hương, TP.Thuỷ Nguyên, TP. Hải Phòng",1290000.0,22.55,57206.21
2743,9NA57P,"Thửa 71 - tờ 68 Ngõ 81, TDP Tân Hợp, P.Tân Thành, Q.Dương Kinh, TP. Hải Phòng",1850000.0,24.73,74807.93
2744,5K2W37,"Thửa 615 - Tờ 62 Xóm Hạ, Thôn Phú Vinh, Xã Phú Nghĩa, H.Chương Mỹ, TP. Hà Nội",3300000.0,41.25,80000.0
2745,QY9KFU,"Thửa 404 - Tờ 16 đường DT429, thôn Đồng Mít, Xã Đồng Tâm, H.Mỹ Đức, TP. Hà Nội",1250000.0,13.63,91709.46
2746,R2U0YJ,"Thửa 401 - Tờ 13 hẻm đường Tỉnh Lộ 417, Xã Phương Đình, H.Đan Phượng, TP. Hà Nội",2650000.0,59.0,44915.25
2747,AB25VY,"Thửa 52 - Tờ 15 hẻm đường Tỉnh lộ 419, Xã An Mỹ, H.Mỹ Đức, TP. Hà Nội",1150000.0,23.9,48117.15
2748,5KBU17,"Thửa 2374 - Tờ 7, Đường số 1 KDC Nam Long Hồng Phát, P.Hưng Thạnh, Q.Cái Răng, TP. Cần Thơ",3600000.0,45.11,79804.92
2749,1S7FF6,"Thửa 353 - tờ 8 Thôn Túy Loan Tây 2, Xã Hòa Phong, H.Hòa Vang, TP. Đà Nẵng",1150000.0,8.77,131128.85
2750,E09WX4,"Thửa 368 - tờ 34 Mỹ Đa Tây 12, P.Khuê Mỹ, Q.Ngũ Hành Sơn, TP. Đà Nẵng",7800000.0,91.76,85004.36
2751,UDDQXS,"Thửa 309 - Tờ 20 Hẻm 9 Nguyễn Văn Cừ, P.An Khánh, Q.Ninh Kiều, TP. Cần Thơ",2490000.0,29.71,83810.16
2752,877G53,"Thửa 2486 -Tờ 39 Hẻm 6, Bùi Hữu Nghĩa, P.Bình Thủy, Q.Bình Thuỷ, TP. Cần Thơ",1700000.0,15.44,110103.63
2753,JZ2SC0,"Thửa 398 - Tờ 266 Kiệt 64 Ngô Chân Lưu, P.Hòa Minh, Q.Liên Chiểu, TP. Đà Nẵng",3250000.0,48.21,67413.4
2754,UY6WJS,"Thửa 06 - tờ B2-9 Hoàng Văn Thái nối dài, Xã Hòa Sơn, H.Hòa Vang, TP. Đà Nẵng",2900000.0,29.0,100000.0
2755,AC86EY,"Thửa  301 - Tờ 16, Đường Số 5 KDC Văn Hóa Tây Đô, P.Hưng Thạnh, Q.Cái Răng, TP. Cần Thơ",3300000.0,33.0,100000.0
2756,YBM0ZD,"Thửa 623 - tờ 87 K93 Nguyễn Duy Trinh, P.Hoà Hải, Q.Ngũ Hành Sơn, TP. Đà Nẵng",2800000.0,26.19,106911.03
2757,YBX3AD,"Thửa 834 - Tờ 86 Khu TĐC Hòa Liên 3, Xã Hòa Liên, H.Hòa Vang, TP. Đà Nẵng",2700000.0,19.46,138746.15
2758,J27NJ0,"Thửa 06-B2-7 Tờ TN Thanh Tịnh, KDC Trung Nghĩa, P.Hòa Minh, Q.Liên Chiểu, TP. Đà Nẵng",7250000.0,72.5,100000.0
2759,2MD92Z,"Thửa 282 - Tờ 18 Xuân Thiều 38, KDC J258, P.Hòa Khánh Bắc, Q.Liên Chiểu, TP. Đà Nẵng",4700000.0,58.45,80410.61
2760,37JNDQ,"Thửa 111 - Tờ 87 KDC 923, Khu Vực 7, P.An Bình, Q.Ninh Kiều, TP. Cần Thơ",2300000.0,15.99,143839.9
2761,EJ6JR4,"Thửa 286 -Tờ 60 số 84 Thâm Tâm, P.Hoà Quý, Q.Ngũ Hành Sơn, TP. Đà Nẵng",5100000.0,51.0,100000.0
2762,J2US60,"Thửa 1435 - Tờ 64 Khu vực 5 Ba Láng, P.Ba Láng, Q.Cái Răng, TP. Cần Thơ",1100000.0,10.78,102040.82
2763,UY0KAS,"Thửa 70 -Tờ 54 số 36 Bàu Mạc 8, P.Hòa Khánh Bắc, Q.Liên Chiểu, TP. Đà Nẵng",5550000.0,51.62,107516.47
2764,1UK1Z6,"Thửa 178 -Tờ 34 Hẻm 311, Nguyễn Văn Cừ, P.An Hòa, Q.Ninh Kiều, TP. Cần Thơ",1700000.0,20.85,81534.77
2765,6SCZA8,"Thửa 409 - Tờ 15, Đường số 10 KDC Văn Hóa Tây Đô, P.Hưng Thạnh, Q.Cái Răng, TP. Cần Thơ",4350000.0,33.46,130005.98
2766,QAKNYU,"Thửa 06 Tờ B4-8-3, Ban Ban 15, P.Hoà Quý, Q.Ngũ Hành Sơn, TP. Đà Nẵng",4300000.0,43.0,100000.0
2767,6SYYN8,"Thửa 1547 - Tờ 4 Rạch Ông Đội, KV Bình Phó A, P.Long Tuyền, Q.Bình Thuỷ, TP. Cần Thơ",830.0,7.78,106.68
2768,J2TGX0,"Thửa 367 - Tờ 84 Hoàng Văn Thái Nối Dài, Xã Hòa Sơn, H.Hòa Vang, TP. Đà Nẵng",3300000.0,18.42,179153.09
2769,WP9EXR,"Thửa 19 - Tờ 243 Số 431 Hoàng Văn Thái, P.Hòa Khánh Nam, Q.Liên Chiểu, TP. Đà Nẵng",4450000.0,39.55,112515.8
2770,KF4ASC,"Thửa 118 - Tờ 163 Số 277 Phạm Như Xương, P.Hòa Khánh Bắc, Q.Liên Chiểu, TP. Đà Nẵng",5700000.0,49.82,114411.88
2771,JX7GJ0,"Thửa 512 - Tờ 9 đường cặp bờ kè Rạch Ngỗng, P.An Khánh, Q.Ninh Kiều, TP. Cần Thơ",5500000.0,50.45,109018.83
2772,SBDTW5,"Thửa 681 - tờ 10 kênh Bà Xã Năm, Ấp Thạnh Phước, Xã Thạnh Phú, H.Cờ Đỏ, TP. Cần Thơ",650.0,1.67,389.22
2773,SC8UQ5,"Thửa 124 - tờ 59 Hải Thụy, TDP Hải Thành 2, P.Hải Thành, Q.Dương Kinh, TP. Hải Phòng",1900000.0,42.03,45205.81
2774,4GD2DF,"Thửa 662 - tờ 33 Khu Đìa Chùa, thôn Đồng Trữ, Xã Phú Nghĩa, H.Chương Mỹ, TP. Hà Nội",2400000.0,48.0,50000.0
2775,A4RHHY,"Thửa 1229 - tờ 7 Tỉnh 10E (Đường Lương Tân Phù), Xã Thủy Tân, TX.Hương Thủy, TP. Huế",1130000.0,4.19,269689.74
2776,8YKQF3,"Thửa 1276 - Tờ 7 đường số 3 KDC Nam Long, P.Hưng Thạnh, Q.Cái Răng, TP. Cần Thơ",4600000.0,40.35,114002.48
2777,UH6Q7S,"Thửa 151 - Tờ 38 Khu tập thể J106, Xóm 4, Xã Thủy Xuân Tiên, H.Chương Mỹ, TP. Hà Nội",2250000.0,36.11,62309.61
2778,8ARN13,"Thửa 268 - tờ 43 KQH Hương Thủy (Thuận Hóa 50m), P.Thủy Lương, TX.Hương Thủy, TP. Huế",4300000.0,10.0,430000.0
2779,67WFX8,"Thửa 31 - Tờ 33 ĐT 416, Thôn Nhà Thờ, Xã Kim Sơn, TX.Sơn Tây, TP. Hà Nội",1700000.0,17.8,95505.62
2780,RZX31J,"Thửa 411 - Tờ 37 đường ĐT 420, Thôn Cánh Chủ, Xã Bình Yên, H.Thạch Thất, TP. Hà Nội",1900000.0,30.69,61909.42
2781,3YA5VQ,"Thửa 712 - Tờ 7 Quốc Lộ 6, Thôn Đồng Nanh, Xã Tiên Phương, H.Chương Mỹ, TP. Hà Nội",2350000.0,53.4,44007.49
2782,67S1G8,"Thửa 456 - Tờ 295 Ngõ 105 Vũ Thị Ngọc Toàn, P.Tân Thành, Q.Dương Kinh, TP. Hải Phòng",2550000.0,25.5,100000.0
2783,Y4B6PD,"Thửa 4 - tờ B2-41 Dự án Golden Hills (GĐI) - Khu A, P.Hòa Hiệp Nam, Q.Liên Chiểu, TP. Đà Nẵng",4500000.0,22.53,199733.69
2784,3A3DHQ,"Thửa 354 - Tờ 13 Hữu Đáy, Thôn Chúc Đồng 2, Xã Thụy Hương, H.Chương Mỹ, TP. Hà Nội",3700000.0,46.25,80000.0
2785,9N9X4P,"Thửa 353 - Tờ 13 Hữu Đáy, Thôn Chúc Đồng 2, Xã Thụy Hương, H.Chương Mỹ, TP. Hà Nội",3700000.0,46.01,80417.3
2786,YEYEYD,"Thửa 352 - Tờ 13 Hữu Đáy, Thôn Chúc Đồng 2, Xã Thụy Hương, H.Chương Mỹ, TP. Hà Nội",4300000.0,47.67,90203.48
2787,QYQY0U,"Thửa 502 - Tờ 8 Chùa Trầm, Thôn Ninh Sơn, TT.Chúc Sơn, H.Chương Mỹ, TP. Hà Nội",3700000.0,53.46,69210.62
2788,AB75WY,"Thửa 346 - Tờ 19 Quốc Lộ 6, Xóm Đầm Bung, Xã Phú Nghĩa, H.Chương Mỹ, TP. Hà Nội",2600000.0,32.5,80000.0
2789,UD12XS,"Thửa 660 - Tờ 33 Quốc Lộ 6, Thôn Đồng Trữ, Xã Phú Nghĩa, H.Chương Mỹ, TP. Hà Nội",3350000.0,41.46,80800.77
2790,3AM0PQ,"Thửa 60 - Tờ 26 Quốc Lộ 6A, Thôn Ninh Sơn, TT.Chúc Sơn, H.Chương Mỹ, TP. Hà Nội",4400000.0,55.69,79008.8
2791,2VRRBZ,"Thửa 194 - Tờ 88 Vành Đai 4, Thôn Phú Hạ, Xã Minh Phú, H.Sóc Sơn, TP. Hà Nội",1450000.0,14.5,100000.0
2792,KWU7FC,"Thửa 188 - Tờ 40 Hẻm 38 Đường 3 Tháng 2, P.Hưng Lợi, Q.Ninh Kiều, TP. Cần Thơ",2680000.0,25.4,105511.81
2793,KWV9SC,"Thửa 229 - tờ 46, số 26, Lô NO-3 Khu đô thị mới Sở Dầu, P.Sở Dầu, Q.Hồng Bàng, TP. Hải Phòng",6500000.0,106.55,61004.22
2794,QYRWBU,"Thửa (866+866A)/B - tờ 01 Tổ dân phố Hoàng Động 7, P.Hoàng Lâm, TP.Thuỷ Nguyên, TP. Hải Phòng",995.0,16.58,60.01
2795,0T2UE9,"Thửa 354 - tờ 84 Đại La 2 , TĐC Đại La, Xã Hòa Sơn, H.Hòa Vang, TP. Đà Nẵng",2300000.0,24.21,95002.07
2796,QYSW7U,"Thửa 343 -Tờ 178 Kiệt 268/22/18 Tô Hiệu, P.Hòa Minh, Q.Liên Chiểu, TP. Đà Nẵng",4600000.0,33.35,137931.03
2797,5HUMQ7,"Thửa 805- Tờ 16 Kiệt 2 Nam Thượng, TDP Nam Thượng, P.Phú Thượng, Q.Thuận Hóa, TP. Huế",1100000.0,16.01,68707.06
2798,EJA3Z4,"Thửa 36 - Tờ 272 Kiệt 82/22 Nguyễn Lương Bằng, P.Hòa Khánh Bắc, Q.Liên Chiểu, TP. Đà Nẵng",4350000.0,58.07,74909.59
2799,0ZBAX9,"Thửa 35 - Tờ 272 Kiệt 82/22 Nguyễn Lương Bằng, P.Hòa Khánh Bắc, Q.Liên Chiểu, TP. Đà Nẵng",4350000.0,57.92,75103.59
2800,SDTNV5,"đường Mậu Thân, khu vực 5, P.Cái Khế, Q.Ninh Kiều, TP. Cần Thơ",4790000.0,78.8,60786.8
2801,85P0R3,"Thửa 2262 - Tờ 07 Lê Trọng Tấn, KDC Nam Long, P.Hưng Thạnh, Q.Cái Răng, TP. Cần Thơ",6250000.0,60.91,102610.41
2802,PNKA3G,"Thửa 1594 - Tờ 15 Nguyễn Thị Tạo, KV Bình Nhựt, P.Long Hòa, Q.Bình Thuỷ, TP. Cần Thơ",2200000.0,15.1,145695.36
2803,6SR3H8,"Thửa 274 - Tờ 40 cặp bờ kè Hồ Bún Xáng, P.An Khánh, Q.Ninh Kiều, TP. Cần Thơ",7600000.0,35.2,215909.09
2804,ACZAVY,"Thửa 1173 - Tờ 12 Nguyễn Văn Cừ, KV Bình Thường B, P.Long Tuyền, Q.Bình Thuỷ, TP. Cần Thơ",4000000.0,38.2,104712.04
2805,QA0FDU,"Thửa 1583 - Tờ 13 Nguyễn Văn Cừ, KDC Đại Ngân, P.An Khánh, Q.Ninh Kiều, TP. Cần Thơ",4190000.000000001,104.97,39916.17
2806,GXAQ82,"Thửa 11 - Tờ B2-8 Dự án Golden Hills City - Khu A, Xã Hòa Liên, H.Hòa Vang, TP. Đà Nẵng",3400000.0,27.2,125000.0
2807,8DC6K3,"Thửa 600 - Tờ 07 đường số 6 KDC Thới Nhựt 2, P.An Khánh, Q.Ninh Kiều, TP. Cần Thơ",4900000.0,54.44,90007.35
2808,WTMFTR,"Thửa 356 - Tờ 07 đường số 6 KDC Thới Nhựt 2, P.An Khánh, Q.Ninh Kiều, TP. Cần Thơ",4900000.0,54.44,90007.35
2809,SBARK5,"Thửa 87 - tờ 87 Đỗ Đình Thiện, TĐC Hòa Liên 5, Xã Hòa Liên, H.Hòa Vang, TP. Đà Nẵng",2450000.0,24.5,100000.0
2810,5B5QD7,"Thửa 202 - Tờ 52 Số nhà 75/35/27/64B Trần Phú, P.Cái Khế, Q.Ninh Kiều, TP. Cần Thơ",780.0,21.13,36.91
2811,8YE4T3,"Thửa 206 - tờ 270 Khu đô thị công nghệ FPT, P.Hoà Hải, Q.Ngũ Hành Sơn, TP. Đà Nẵng",5900000.0,57.84,102005.53
2812,QH457U,"Thửa 3849 - Tờ 39 + Thửa 3850 - Tờ 39 đường số 4, Khu dân cư Ngân Thuận, P.Bình Thủy, Q.Bình Thuỷ, TP. Cần Thơ",4990000.0,20.36,245088.41
2813,A4B0NY,"Thửa 168 - Tờ 47 Trần Hoàng Na, Khu dân cư 91B, P.An Khánh, Q.Ninh Kiều, TP. Cần Thơ",9800000.0,117.71,83255.46
2814,17SHE6,"Thửa Nguyễn Hoàng Thanh 2, Thôn Lập Trí, Xã Minh Trí, H.Sóc Sơn, TP. Hà Nội",1650000.0,18.03,91514.14
2815,CJKFRB,"Thửa 660 - tờ 72 Trần Quốc Tăng (TĐC Hòa Liên 4), Xã Hòa Liên, H.Hòa Vang, TP. Đà Nẵng",2550000.0,18.21,140032.95
2816,RZ347J,"Thửa 880 - Tờ 12 KDC Dầu Khí, KV Bình Thường B, P.Long Tuyền, Q.Bình Thuỷ, TP. Cần Thơ",2400000.0,30.0,80000.0
2817,RZNVXJ,"Thửa 628 - Tờ 87 Đỗ Đình Thiện, TĐC Hòa Liên 5, Xã Hòa Liên, H.Hòa Vang, TP. Đà Nẵng",2450000.0,24.5,100000.0
2818,0NN3H9,"Thửa Lô 11 - tờ LK14 Áp Tràn, TĐC Bắc sông Cấm, P.Dương Quan, TP.Thuỷ Nguyên, TP. Hải Phòng",6200000.0,51.66,120015.49
2819,Y4BMJD,"Thửa 39 - Tờ 35 hẻm đường ĐT 429, Thôn Tân Hội, Xã Trần Phú, H.Chương Mỹ, TP. Hà Nội",6550000.0,7.0,935714.29
2820,QYQAJU,"Thửa 306 - Tờ 19 Phúc Tiến, Tổ dân phố Yên Thành, P.Biên Giang, Q.Hà Đông, TP. Hà Nội",3700000.0,79.56,46505.78
2821,2V99BZ,"Thửa 11-1 - Tờ 01 Quốc Lộ 6, Tổ dân phố An Thắng, P.Biên Giang, Q.Hà Đông, TP. Hà Nội",4200000.0,100.47,41803.52
2822,ABSQEY,"Thửa 11B - Tờ 01 Quốc Lộ 6, Tổ dân phố An Thắng, P.Biên Giang, Q.Hà Đông, TP. Hà Nội",3800000.0,76.0,50000.0
2823,2VH13Z,"Thửa 226D - tờ 01 thôn Sú 2, đường Lâm Động, P.Thiên Hương, TP.Thuỷ Nguyên, TP. Hải Phòng",1680000.0,13.65,123076.92
2824,KWMZDC,"Thửa 155 + 273 - Tờ 53 Ngách 367/127 Phố Ngô Xuân Quảng, TT.Trâu Quỳ, H.Gia Lâm, TP. Hà Nội",10500000.0,98.77,106307.58
2825,E0X6U4,"Thửa 909 - Tờ 26 hẻm đường Phượng Đồng, thôn Phượng Đồng, Xã Phụng Châu, H.Chương Mỹ, TP. Hà Nội",3850000.0,62.6,61501.6
2826,2V6H2Z,"Thửa 558 - tờ 5 Nguyễn Công Duẫn, KQH Thủy Dương 3, P.Thủy Dương, TX.Hương Thủy, TP. Huế",3820000.0,25.5,149803.92
2827,3AA6GQ,"Thửa 1509 - Tờ 1 Cặp Rạch Ông Dựa, KV Bình Dương A, P.Long Tuyền, Q.Bình Thuỷ, TP. Cần Thơ",2150000.0,2.84,757042.25
2828,RGK1HJ,"Thửa 7 - Tờ 253 Trung Lập 4, KĐT Bàu Tràm Lakeside, P.Hòa Hiệp Nam, Q.Liên Chiểu, TP. Đà Nẵng",6450000.0,64.5,100000.0
2829,37E1RQ,"Thửa 324 - Tờ 16, Đường số 6 Khu TĐC Trung tâm Văn hóa Tây Đô, P.Hưng Thạnh, Q.Cái Răng, TP. Cần Thơ",3000000.0,30.0,100000.0
2830,WTQHER,"Thửa 837 - Tờ 17 A6-17 đường D11 KDC Nam Long 2, P.Hưng Thạnh, Q.Cái Răng, TP. Cần Thơ",2800000.0,20.74,135004.82
2831,8DRFP3,"Thửa 438 - tờ 102 hẻm đường Quốc Lộ 6, Thôn Thanh Trì, Xã Đông Sơn, H.Chương Mỹ, TP. Hà Nội",1800000.0,22.5,80000.0
2832,EG6V84,"Thửa 436 - tờ 102 hẻm đường Quốc Lộ 6, Thôn Thanh Trì, Xã Đông Sơn, H.Chương Mỹ, TP. Hà Nội",1800000.0,22.22,81008.1
2833,YW2FVD,"Thửa 2446 - tờ 33 đường B1, Khu dân cư Hưng Phú 1, P.Hưng Phú, Q.Cái Răng, TP. Cần Thơ",4100000.0,56.94,72005.62
2834,RTR4GJ,"Thửa 2225 - tờ 33 đường A8, KDC Hưng Phú, quán Tỷ Cua, P.Hưng Phú, Q.Cái Răng, TP. Cần Thơ",7500000.0,56.09,133713.67
2835,DWD6YH,"Thửa 149 - tờ 25 DV05-LK128, Khu đất dịch vụ Yên Lộ, P.Yên Nghĩa, Q.Hà Đông, TP. Hà Nội",11800000.0,236.0,50000.0
2836,QHC41U,"Thửa 2043 - Tờ 5 Hẻm liên tổ 7-13 Nguyễn Văn Linh, P.Long Tuyền, Q.Bình Thuỷ, TP. Cần Thơ",1300000.0,20.06,64805.58
2837,YFH3XD,"Thửa 20 - tờ 11 đường số 8 (KĐT mới Đông Nam Thủy An), P.Thủy Dương, TX.Hương Thủy, TP. Huế",3750000.0,56.56,66301.27
2838,SH2X35,"Thửa 23 - Tờ 10 hẻm đường Tỉnh lộ 419, Khu Ao Xóm Nứa, Xã Đại Yên, H.Chương Mỹ, TP. Hà Nội",3950000.0,60.03,65800.43
2839,EJPEG4,"Thửa 483 - Tờ 15, Đường số 12 Khu TĐC Trung Tâm Văn Hóa Tây Đô, P.Hưng Thạnh, Q.Cái Răng, TP. Cần Thơ",3590000.0,39.88,90020.06
2840,9TN4XP,"Thửa 6430 - Tờ 1, Đường Số 61, Khu đô thị Nam Cần Thơ, P.Phú Thứ, Q.Cái Răng, TP. Cần Thơ",19500000.0,29.97,650650.65
2841,DRC0NH,"Thửa 3176 - tờ 1 đường số 8, Khu dân cư lô số 11C, P.Phú Thứ, Q.Cái Răng, TP. Cần Thơ",8199999.999999999,34.16,240046.84
2842,QHZ5YU,"Thửa 54 - Tờ Trích đo Xuân Đỗ, Khu Tái định cư C3-6/LX8, P.Cự Khối, Q.Long Biên, TP. Hà Nội",6400000.0,213.33,30000.47
2843,3AXX1Q,"Thửa 550 - Tờ 80 Quốc Lộ 21A, Khu tái định cư Vai Réo, Xã Phú Cát, H.Quốc Oai, TP. Hà Nội",4300000.0,43.0,100000.0
2844,AFJ18Y,"Thửa 19 - tờ 00 Khu dịch vụ nhà ở cụm CN Phùng Xá, Đường Tỉnh lộ 419, Xã Phùng Xá, H.Thạch Thất, TP. Hà Nội",23000000.0,125.61,183106.44
2845,UCEPBS,"Thửa 102 - tờ 46 đường số 11, Khu tái định cư trung tâm hành chính Vĩnh Thạnh, TT.Vĩnh Thạnh, H.Vĩnh Thạnh, TP. Cần Thơ",950.0,7.6,125.0
2846,0XU3Q9,"4 69, P.6, TP.Tân An, Long An",2820000.0,4.91,574338.09
2847,4G6H5F,"P.Lộc Phát, Lâm Đồng",1110000.0,6.17,179902.76
2848,A42QMY,"P.Lộc Phát, TP.Bảo Lộc, Lâm Đồng",1110000.0,6.17,179902.76
2849,9M5EJP,"Xã Phú An, TX.Bến Cát, Bình Dương",2970000.0,3.07,967426.71
2850,WZ3HER,"Xã Phú An, TX.Bến Cát, Bình Dương",2610000.0,2.42,1078512.4
2851,26ASCZ,"Phạm Văn Diêu, Xã Tân Hạnh, TP.Biên Hòa, Đồng Nai",2650000.0,17.25,153623.19
2852,1A5DB6,"Nguyễn Chí Thanh, P.Hiệp An, TP.Thủ Dầu Một, Bình Dương",3800000.0,13.13,289413.56
2853,6A4D28,"2477 Quốc lộ 14, Xã Tân Thành, TP.Đồng Xoài, Bình Phước",593.0,2.17,273.27
2854,A4G8VY,"P.11, H.Cao Lãnh, Đồng Tháp",1150000.0,5.84,196917.81
2855,SC0J85,"Trường Xuân 1, Xã Xuân Trường, TP.Đà Lạt, Lâm Đồng",3390000.0,4.34,781105.99
2856,YF2GUD,"108 tỉnh 44A, P.Long Toàn, Bà Rịa, BRVT",7990000.0,24.38,327727.65
2857,RGMPFJ,"Thửa 2554 - tờ 10-12, đường DX 001, P.Phú Mỹ, TP.Thủ Dầu Một, Bình Dương",2150000.0,17.91,120044.67
2858,6AFGC8,"P.Tân An, TP.Thủ Dầu Một, Bình Dương",1720000.0,3.34,514970.06
2859,SC9B25,"tỉnh 52, Xã Long Phước, Bà Rịa, BRVT",2780000.0,7.35,378231.29
2860,UK0DTS,"Bầu Trâm, P.Thới Hòa, TX.Bến Cát, Bình Dương",1610000.0,10.76,149628.25
2861,8YFC93,"447 Nguyễn Trãi, P.9, TP.Cà Mau, Cà Mau",7270000.0,8.52,853286.38
2862,GV4HQ2,"Thửa 574 - Tờ 39 Ấp Ái Ngãi, Xã Phú Ngãi Trị, H.Châu Thành, Long An",280.0,2.59,108.11
2863,AKTMWY,"Thửa 1685 tờ 12-9, đường ĐX 048, P.Phú Mỹ, TP.Thủ Dầu Một, Bình Dương",7800000.0,29.54,264048.75
2864,ABDSKY,"đường Thái Tông, Xã Vĩnh Thái, TP.Nha Trang, Khánh Hòa",4880000.0,39.96,122122.12
2865,QARS6U,"Thửa 307 - tờ 272 thôn Phước Lộc,, Xã Phước Đồng, TP.Nha Trang, Khánh Hòa",2150000.0,22.02,97638.51
2866,UAUFBS,"Thửa 2088 tờ 4, hẻm Lê Minh Xuân, Xã Nhơn Thạnh Trung, TP.Tân An, Long An",400.0,3.76,106.38
2867,5BPES7,"274 Quốc lộ 51, P.Kim Dinh, Bà Rịa, BRVT",3590000.0,8.05,445962.73
2868,GM1PV2,"Thửa 415 - tờ 36 thôn Láng Nhớt, Xã Diên Tân, H.Diên Khánh, Khánh Hòa",690.0,3.07,224.76
2869,WGPW1R,"Thửa 785 - tờ 56 thôn Phú Vinh, Xã Vĩnh Ngọc, TP.Nha Trang, Khánh Hòa",2780000.0,25.45,109233.79
2870,1SU136,"Thửa 41 - tờ 4 Nguyễn Hồng Ưng, P.Tân Lập, TP.Buôn Ma Thuột, Đắk Lắk",3280000.0,49.39,66410.2
2871,QARVSU,"đường Phong Châu, KĐT TĐC Đất Lành, Xã Vĩnh Thái, TP.Nha Trang, Khánh Hòa",3850000.0,56.45,68201.95
2872,J2M7Y0,"Thửa 1741 - tờ 38, đường DT748, P.An Điền, TP.Bến Cát, Bình Dương",3500000.0,2.58,1356589.15
2873,6S7DV8,"Thửa 47 - tờ 6, đường Lái Thiêu 13, P.Lái Thiêu, TP.Thuận An, Bình Dương",3900000.0,31.27,124720.18
2874,37857Q,"đường Nguyễn Văn Nhâm, P.5, TP.Tân An, Long An",1000000.0,10.02,99800.4
2875,1U9E16,"Thửa 13 - tờ 28 thôn Thái Thông, Xã Vĩnh Thái, TP.Nha Trang, Khánh Hòa",2700000.0,31.07,86900.55
2876,7KDN4A,"Thửa 98 - tờ 29, hẻm 954 đường Nguyễn Chí Thanh, P.Hiệp An, TP.Thủ Dầu Một, Bình Dương",1590000.0,10.88,146139.71
2877,DWQ7PH,"Thửa 1285 - tờ 4 thôn An Ninh, Xã Diên An, H.Diên Khánh, Khánh Hòa",1250000.0,19.02,65720.29
2878,SD6KH5,"đường Trần Minh Châu, P.5, TP.Tân An, Long An",5600000.0,10.72,522388.06
2879,5HRKQ7,"Thửa 254 - tờ 271, Tổ dân phố Phước Lộc, đường Vườn Xoài, Xã Phước Đồng, TP.Nha Trang, Khánh Hòa",1450000.0,21.04,68916.35
2880,W9EQPR,"Thửa 650 tờ 304, đường ĐX 082, P.Định Hoà, TP.Thủ Dầu Một, Bình Dương",1680000.0,15.86,105926.86
2881,Q7HVKU,"Thửa 261 - tờ 61 đường 30/4, P.Chánh Nghĩa, TP.Thủ Dầu Một, Bình Dương",4800000.0,30.3,158415.84
2882,65SUN8,"Thửa 1627 - tờ 20 đường DX64, P.Định Hoà, TP.Thủ Dầu Một, Bình Dương",2190000.0,14.71,148878.31
2883,9T3R2P,"Thửa 199 - tờ 96, Lô số 247 đường số 3 Khu TĐC Ngọc Hiệp, P.Ngọc Hiệp, TP.Nha Trang, Khánh Hòa",4550000.0,47.0,96808.51
2884,0Z8NX9,"Thửa 256 - tờ 271, TDP Phước Lộc, đường Vườn Xoài, Xã Phước Đồng, TP.Nha Trang, Khánh Hòa",1500000.0,21.73,69028.99
2885,6SCSJ8,"Thửa 148 - tờ 209, thôn Trung, Xã Vĩnh Phương, TP.Nha Trang, Khánh Hòa",1500000.0,17.92,83705.36
2886,K4APTC,"Thửa 1669 tờ 20-9, đường ĐX 81, P.Định Hoà, TP.Thủ Dầu Một, Bình Dương",8500000.0,16.06,529265.26
2887,YCESGD,"Thửa số 361 tờ số 202, đường An Phú 36, P.An Phú, TP.Thuận An, Bình Dương",2600000.0,40.49,64213.39
2888,UA5GRS,"Thửa số 2047 tờ số 137, đường ĐX 35, P.Phú Mỹ, TP.Thủ Dầu Một, Bình Dương",3790000.0,22.92,165357.77
2889,9M5X8P,"P.Lộc Phát, TP.Bảo Lộc, Lâm Đồng",1300000.0,4.86,267489.71
2890,QDA3DU,"Lê Hồng Phong, P.Phước Long, TP.Nha Trang, Khánh Hòa",3500000.0,56.45,62001.77
2891,1S7MM6,"Thửa 855 - tờ 8 đường Hương Lộ 39, thôn Tân Khánh, Xã Suối Tiên, H.Diên Khánh, Khánh Hòa",3200000.0,7.64,418848.17
2892,ACWNZY,"Thửa 2388 - tờ 121, đường ĐX 120, P.Tân An, TP.Thủ Dầu Một, Bình Dương",1450000.0,15.84,91540.4
2893,AK864Y,"Thửa 1284 tờ 13, Đường ĐX 48, Xã Phú An, TP.Bến Cát, Bình Dương",1550000.0,10.03,154536.39
2894,2XMD2Z,"Thửa số 2286 - tờ 97, đường Lê Chí Dân, P.Tương Bình Hiệp, TP.Thủ Dầu Một, Bình Dương",1950000.0,19.67,99135.74
2895,490ZVF,"Thửa 869 - tờ 133 Thôn Thượng, Xã Diên Lâm, H.Diên Khánh, Khánh Hòa",1400000.0,3.5,400000.0
2896,UY71YS,"Thửa 923 tờ 12, đường Trần Văn Giàu, P.5, TP.Trà Vinh, Trà Vinh",2900000.0,23.18,125107.85
2897,6Y7XX8,"ĐH 703, Xã Định Thành, H.Dầu Tiếng, Bình Dương",950.0,4.11,231.14
2898,3DR2HQ,"Xã Bình Minh, TP.Tây Ninh, Tây Ninh",985.0,1.86,529.57
2899,5HUPX7,"đường Nguyễn Chí Thanh, P.Hiệp An, TP.Thủ Dầu Một, Bình Dương",2200000.0,12.4,177419.35
2900,CWVH2B,"hẻm đường ĐX 142, P.Tương Bình Hiệp, TP.Thủ Dầu Một, Bình Dương",1900000.0,14.78,128552.1
2901,85BAE3,"Thửa 257 - tờ 271, TDP Phước Lộc, đường Vườn Xoài, Xã Phước Đồng, TP.Nha Trang, Khánh Hòa",1980000.0,21.97,90122.89
2902,CWP8PB,"Thửa 611 - tờ 32, đường D5, P.Khánh Bình, TP.Tân Uyên, Bình Dương",2990000.0,29.9,100000.0
2903,7KB19A,"Thửa 573 - tờ 269, đường Thái Khanh, thôn Phước Hạ, Xã Phước Đồng, TP.Nha Trang, Khánh Hòa",3300000.0,27.13,121636.56
2904,6S43B8,"đường T11, TDP Phước Hạ, Xã Phước Đồng, TP.Nha Trang, Khánh Hòa",1800000.0,20.93,86000.96
2905,RGGVVJ,"Thửa 555 - tờ 30, đường Phạm Thị Tân, P.Hiệp Thành, TP.Thủ Dầu Một, Bình Dương",5400000.0,42.92,125815.47
2906,6UDRQ8,"Thửa 359 - tờ 31 hẻm 99 Đường Lê Hồng Phong, P.Phú Lợi, TP.Thủ Dầu Một, Bình Dương",2500000.0,23.85,104821.8
2907,85RX63,"Thửa 1665 - tờ 65 đường ĐX 071, P.Định Hoà, TP.Thủ Dầu Một, Bình Dương",1750000.0,20.71,84500.24
2908,QA0N6U,"Thửa 1998 - tờ 289 đường Huỳnh Văn Luỹ, P.Phú Mỹ, TP.Thủ Dầu Một, Bình Dương",2290000.0,19.47,117616.85
2909,2M72VZ,"Thửa 252 - tờ 250, thôn Phước Tân hẻm Hoàng Minh Thảo, Xã Phước Đồng, TP.Nha Trang, Khánh Hòa",2100000.0,26.05,80614.2
2910,G1AE42,"P.Thái Hòa, TX.Tân Uyên, Bình Dương",1880000.0,3.57,526610.64
2911,ACPA8Y,"Thửa 518 - tờ 275 đường T11, TDP Phước Hạ, Xã Phước Đồng, TP.Nha Trang, Khánh Hòa",1780000.0,21.3,83568.08
2912,37C5GQ,"Thửa 1122 - tờ 58, Hẻm 269 Nguyễn Thị Minh Khai, P.Phú Hòa, TP.Thủ Dầu Một, Bình Dương",2450000.0,25.41,96418.73
2913,7KEC3A,"Thửa 20 - tờ 1612, đường số 2, P.Tương Bình Hiệp, TP.Thủ Dầu Một, Bình Dương",3650000.0,19.69,185373.29
2914,YBBW5D,"Thửa 156 - Tờ 86 Tỉnh Lộ 664, Xã Ia Khai, H.Ia Grai, Gia Lai",1500000.0,2.63,570342.21
2915,SY72B5,"Thửa 2024 tờ số 350, đường Đồng Cây Viết, P.Phú Mỹ, TP.Thủ Dầu Một, Bình Dương",4990000.0,60.48,82506.61
2916,EP1W04,"Xã Tân Thành, TP.Đồng Xoài, Bình Phước",612.0,0.87,703.45
2917,QHR36U,"34A Phú Riềng Đỏ, P.Tân Đồng, TP.Đồng Xoài, Bình Phước",3050000.0,6.22,490353.7
2918,UK4ZMS,"Thửa 1841 - Tờ 6 Nguyễn Văn Nhâm, Xã Nhơn Thạnh Trung, TP.Tân An, Long An",950.0,5.9,161.02
2919,1UF2B6,"Thửa 1582 - tờ 91 đường Lê Chí Dân, P.Tương Bình Hiệp, TP.Thủ Dầu Một, Bình Dương",2690000.0,32.72,82212.71
2920,K4PF5C,"Thửa 61 - tờ 95, đường Ba vì, P.10, TP.Vũng Tàu, BRVT",35000000.0,116.66,300017.14
2921,RP236J,"Thửa số 1718 tờ số 12-9, đường ĐX 46, P.Phú Mỹ, TP.Thủ Dầu Một, Bình Dương",4800000.0,18.3,262295.08
2922,9MS1SP,"Xã Tam Phước, TP.Biên Hòa, Đồng Nai",909.0,9.09,100.0
2923,SDJSF5,"Thửa 494 - tờ 275, thôn Phước Hạ hẻm Bình Hoà, Xã Phước Đồng, TP.Nha Trang, Khánh Hòa",1550000.0,20.8,74519.23
2924,85AD23,"Thửa 146 - tờ 15, đường 30/4, P.Phú Thọ, TP.Thủ Dầu Một, Bình Dương",4500000.0,26.83,167722.7
2925,6Y47V8,"Thửa 115 - tờ 91 Lô 70.49 khu đô thị phía Tây, P.Thanh Bình, TP.Hải Dương, Hải Dương",2800000.0,42.55,65804.94
2926,5BPTF7,"P.Tân Đồng, TP.Đồng Xoài, Bình Phước",1150000.0,0.83,1385542.17
2927,7BP0UA,"Thửa 708 - tờ 6 Thôn Khánh Xuân, Xã Diên Lâm, H.Diên Khánh, Khánh Hòa",2100000.0,0.25,8400000.0
2928,37YKSQ,"Thửa 220 - tờ 20, đường số 63, P.Phú Tân, TP.Thủ Dầu Một, Bình Dương",2700000.0,18.0,150000.0
2929,CF9RAB,"Thửa 552 - tờ 30 Phạm Thị Tân, P.Phú Lợi, TP.Thủ Dầu Một, Bình Dương",3850000.0,42.58,90418.04
2930,PTM8YG,"Thửa 1642 tờ 111 đường ĐX 002,, P.Phú Mỹ, TP.Thủ Dầu Một, Bình Dương",2900000.0,45.81,63304.96
2931,AKAFGY,"Thửa 79 tờ 32, hẻm 20 đường Đặng Văn Truyện, P.5, TP.Tân An, Long An",850.0,3.45,246.38
2932,6UMUY8,"Thửa 341 tờ 25, Kp Ninh Lợi, P.Ninh Thạnh, TP.Tây Ninh, Tây Ninh",2940000.0,8.44,348341.23
2933,RGWPXJ,"Thửa 4486 - tờ 65 Chợ Chiều, Thôn Phú Ân Nam 1, Xã Diên An, H.Diên Khánh, Khánh Hòa",1500000.0,24.35,61601.64
2934,37MBRQ,"đường Châu Thị Kim, P.7, TP.Tân An, Long An",750.0,9.12,82.24
2935,ACNNWY,"Thửa 29+30+32+68+69+70 - tờ 39 đường Hùng Vương, Xã Vĩnh Thanh, H.Nhơn Trạch, Đồng Nai",68200000.0,16.99,4014125.96
2936,37JAPQ,"hẻm đường Gò Găng, thôn Vĩnh Điềm Trung, Xã Vĩnh Hiệp, TP.Nha Trang, Khánh Hòa",3050000.0,32.1,95015.58
2937,ACE4FY,"Thửa 746 - tờ 11, đường Huỳnh Văn Luỹ, P.Phú Lợi, TP.Thủ Dầu Một, Bình Dương",2950000.0,21.22,139019.79
2938,DEKUAH,"Thửa 723 tờ 28, Võ Dõng, Xã Vĩnh Trung, TP.Nha Trang, Khánh Hòa",2100000.0,19.66,106815.87
2939,AKMS2Y,"Thửa 2282 tờ 315, Đường ĐX 20, P.Chánh Mỹ, TP.Thủ Dầu Một, Bình Dương",3300000.0,22.19,148715.64
2940,Q7HXVU,"Thửa 2219 - tờ 296, DX08, P.Phú Mỹ, TP.Thủ Dầu Một, Bình Dương",3650000.0,21.01,173726.8
2941,4R49XF,"Thửa 4579 tờ 51, Khu phố Thắng Lợi 2, P.Dĩ An, TP.Dĩ An, Bình Dương",3850000.0,54.53,70603.34
2942,EP1GT4,"Xã Long Tân, Đất Đỏ, BRVT",777.2,3.7,210.05
2943,G179G2,"P.Trường An, TP.Vĩnh Long, Vĩnh Long",4500000.0,15.33,293542.07
2944,EPV1Q4,"365 Nguyễn Hữu Trí, P.Vĩnh Ngươn, TP.Châu Đốc, An Giang",1200000.0,15.0,80000.0
2945,PNM1AG,"Thửa 3671 - tờ 92, đường Lê Chí Dân, P.Tân An, TP.Thủ Dầu Một, Bình Dương",3680000.0,30.69,119908.77
2946,K4K00C,"Thửa 12 tờ 67, đường Châu Văn Giác, P.4, TP.Tân An, Long An",6600000.0,48.7,135523.61
2947,353A7Q,"1216/48 đường 30 tháng 4, P.12, TP.Vũng Tàu, BRVT",2470000.0,31.58,78214.06
2948,7HXQUA,"Thửa 1045 tờ DC 50 (05), đường số 3, P.Bình Hòa, TP.Thuận An, Bình Dương",3950000.0,48.76,81009.02
2949,SC9NA5,"P.Mỹ Hòa, TP.Long Xuyên, An Giang",1340000.0,4.01,334164.59
2950,E9BAN4,"Thôn Phú Ân Nam 3, Xã Diên An, H.Diên Khánh, Khánh Hòa",1300000.0,19.14,67920.59
2951,YEM0TD,"Thửa 2293 - tờ 7 QL 17, Xã Linh Sơn, TP.Thái Nguyên, Thái Nguyên",2500000.0,14.75,169491.53
2952,CFCA5B,"Thửa 33 tờ 18, đường Từ Dũ, P.Vĩnh Quang, TP.Rạch Giá, Kiên Giang",1900000.0,13.32,142642.64
2953,UA6E4S,"Thửa 1794 tờ 174, Đường số 2, P.An Bình, TP.Dĩ An, Bình Dương",6800000.0,106.25,64000.0
2954,PZ99UG,"Thửa 177 - tờ 37 đường số 7, P.Chánh Nghĩa, TP.Thủ Dầu Một, Bình Dương",10800000.0,77.58,139211.14
2955,428S6F,"Thửa 56 - tờ QH-38 Lô 56.100 Khu đô thị mới phía Tây, P.Tứ Minh, TP.Hải Dương, Hải Dương",3550000.0,67.12,52890.35
2956,WPYT0R,"thôn Phước Hạ, Xã Phước Đồng, TP.Nha Trang, Khánh Hòa",1980000.0,13.3,148872.18
2957,2M1EXZ,"Thửa 1257 - tờ 19 đường N14, P.Hòa Lợi, TP.Bến Cát, Bình Dương",3300000.0,11.93,276613.58
2958,UYHH3S,"Thửa 1725 - tờ 91 đường ĐT 748, P.An Điền, TP.Bến Cát, Bình Dương",18400000.0,4.48,4107142.86
2959,QAS1JU,"Thửa 258 tờ 16, Trần Văn Hiển, Xã Trung An, TP.Mỹ Tho, Tiền Giang",2100000.0,19.53,107526.88
2960,7HU2WA,"Thửa 1023 tờ 9, đường An Tây 010, P.An Tây, TP.Bến Cát, Bình Dương",1180000.0,5.09,231827.11
2961,3DP4TQ,"755 Khu 3b hóc đài, Xã Hy Cương, TP.Việt Trì, Phú Thọ",1450000.0,15.18,95520.42
2962,UK0YAS,"56 P.Hà Phong, TP.Hạ Long, Quảng Ninh",2090000.0,18.82,111052.07
2963,1743N6,"P.Hồng Hải, TP.Hạ Long, Quảng Ninh",2500000.0,32.63,76616.61
2964,WZ8UYR,"4 Ngõ 53, P.Thịnh Lang, TP.Hòa Bình, Hoà Bình",4050000.0,11.86,341483.98
2965,7KV49A,"thôn Phước Hạ, Xã Phước Đồng, TP.Nha Trang, Khánh Hòa",1880000.0,12.46,150882.83
2966,402XXF,"Thửa 2813 - tờ 11, Khu phố Đông A, đường Nguyễn Hữu Cảnh, P.Đông Hòa, TP.Dĩ An, Bình Dương",23500000.0,41.06,572333.17
2967,9TXMYP,"Thửa 2496 - tờ 27, Khu đô thị Mỹ Phước 3, đường DJ5, P.Thới Hòa, TP.Bến Cát, Bình Dương",8800000.0,29.33,300034.09
2968,UD692S,"Thửa 180 - tờ 31 Hàn Quốc (đường Namyangju Dasan), Khối 5, P.Quán Bàu, TP.Vinh, Nghệ An",3500000.0,36.45,96021.95
2969,JZTPX0,"Thửa 283 - Tờ 20 Ấp Bến Rộng, Xã Thạnh Đức, H.Gò Dầu, Tây Ninh",485.0,2.93,165.53
2970,9T88AP,"9/3 Củ Chi, P.Vĩnh Hải, TP.Nha Trang, Khánh Hòa",13200000.0,42.87,307907.63
2971,EJFKT4,"Thửa 605 tờ 34, đường Cây Thông Trong, Xã Cửa Dương, TP.Phú Quốc, Kiên Giang",1650000.0,8.25,200000.0
2972,AKMANY,"Thửa 3627 tờ 15, đường DT748, Xã Phú An, TP.Bến Cát, Bình Dương",3900000.0,13.27,293896.01
2973,QKWGGU,"Thửa 2298 - tờ 13 hẻm đường Đồng Khởi, Thôn Đại Điền Đông 1, Xã Diên Điền, H.Diên Khánh, Khánh Hòa",1250000.0,12.81,97580.02
2974,2VSP1Z,"Thửa 8842 - Tờ 3 đường số 4, Khu Dân cư Green City, P.6, TP.Tân An, Long An",4000000.0,25.25,158415.84
2975,ACHX8Y,"Thửa 24 tờ 44, đường Mỹ Xuân - Ngãi Giao, P.Hắc Dịch, TP.Phú Mỹ, BRVT",6300000.0,10.04,627490.04
2976,02F149,"Thửa 6201 tờ 1610, đường ĐX 146, P.Tương Bình Hiệp, TP.Thủ Dầu Một, Bình Dương",1580000.0,17.85,88515.41
2977,6UJTY8,"Thửa 13 tờ 16, Đường Điện Biên Phủ, P.Ninh Thạnh, TP.Tây Ninh, Tây Ninh",1700000.0,14.5,117241.38
2978,8S0EB3,"Thửa 2344 tờ 65, Đường Bình Nhâm 90, P.Bình Nhâm, TP.Thuận An, Bình Dương",3500000.0,22.84,153239.93
2979,8YFMU3,"113 Quốc lộ 6, P.Kỳ Sơn, TP.Hòa Bình, Hoà Bình",1810000.0,3.89,465295.63
2980,QYAXEU,"Thửa 2124 - tờ 3 thôn Thanh Minh 3, Xã Diên Lạc, H.Diên Khánh, Khánh Hòa",1570000.0,13.01,120676.4
2981,DBEXXH,"Thửa số 1790 - tờ 4 , đường Bình Nhâm 03, P.Bình Nhâm, TP.Thuận An, Bình Dương",4380000.0,22.81,192021.04
2982,C9EFWB,"Thôn 3013 - tờ 2 đường Cây Duối, thôn Phú Ân Nam 3, Xã Diên An, H.Diên Khánh, Khánh Hòa",1550000.0,22.01,70422.54
2983,PV7TXG,"Xã Tịnh Ấn Đông, TP.Quảng Ngãi, Quảng Ngãi",333.0,2.05,162.44
2984,7EP5FA,"568A Văn Ngọc Chính, P.10, TP.Sóc Trăng, Sóc Trăng",2900000.0,2.38,1218487.39
2985,6A4HZ8,"402 Phan Đình Phùng, P.Lộc Tiến, TP.Bảo Lộc, Lâm Đồng",1040000.0,9.25,112432.43
2986,UHQ7PS,"Thửa 263 - tờ 116 thôn Đồng Trăn 1, Xã Xuân Đồng, H.Diên Khánh, Khánh Hòa",650.0,4.0,162.5
2987,PXU3SG,"Thửa 620 - tờ 11 Tổ DP Phú Lộc Tây 2, TT.Diên Khánh, H.Diên Khánh, Khánh Hòa",1200000.0,17.02,70505.29
2988,1UR2K6,"Thửa 1191 - tờ 68 thôn An Ninh, Xã Diên An, H.Diên Khánh, Khánh Hòa",1130000.0,15.5,72903.23
2989,5HZ147,"thôn An Ninh, Xã Diên An, H.Diên Khánh, Khánh Hòa",1130000.0,15.5,72903.23
2990,ERZWP4,"Thửa 1906 - tờ 312 đường ĐX 019, P.Phú Mỹ, TP.Thủ Dầu Một, Bình Dương",6100000.0,17.99,339077.27
2991,ACN8GY,"thôn An Ninh, Xã Diên An, H.Diên Khánh, Khánh Hòa",1160000.0,15.49,74887.02
2992,6SJZY8,"Thửa 1189 - tờ 68 thôn An Ninh, Xã Diên An, H.Diên Khánh, Khánh Hòa",1170000.0,15.5,75483.87
2993,SD2M35,"thôn An Ninh, Xã Diên An, H.Diên Khánh, Khánh Hòa",1150000.0,16.5,69696.97
2994,QAPNVU,"thôn An Ninh, Xã Diên An, H.Diên Khánh, Khánh Hòa",1140000.0,16.5,69090.91
2995,1UE826,"Thửa 257 - tờ 260 đường Hoàng Minh Thảo, thôn Phước Lộc, Xã Phước Đồng, TP.Nha Trang, Khánh Hòa",3000000.0,20.25,148148.15
2996,855KX3,"đường D10, Xã Trừ Văn Thố, H.Bàu Bàng, Bình Dương",585.0,7.8,75.0
2997,3HR41Q,"Thửa 438 - tờ 1 Ngõ 4 Trương Hán Siêu, P.Nhị Châu, TP.Hải Dương, Hải Dương",1750000.0,23.2,75431.03
2998,7EYW4A,"Thửa 3770 - Tờ 4 đường Bờ Cỏ Sả, Ấp Đông, Xã Kim Sơn, H.Châu Thành, Tiền Giang",300.0,2.58,116.28
2999,379NAQ,"thôn An Ninh, Xã Diên An, H.Diên Khánh, Khánh Hòa",1180000.0,15.49,76178.18
3000,6SJ268,"thôn An Ninh, Xã Diên An, H.Diên Khánh, Khánh Hòa",1160000.0,15.5,74838.71
3001,YBX87D,"thôn An Ninh, Xã Diên An, H.Diên Khánh, Khánh Hòa",1150000.0,15.5,74193.55
3002,9TYBCP,"thôn An Ninh, Xã Diên An, H.Diên Khánh, Khánh Hòa",1170000.0,16.49,70952.09
3003,CWP69B,"Thửa 1893 - tờ 81, đường Đông Minh, P.Đông Hòa, TP.Dĩ An, Bình Dương",4450000.0,59.49,74802.49
3004,AKA8AY,"Thửa 125 tờ 36, Mỹ Xuân - Ngãi Giao, P.Hắc Dịch, TP.Phú Mỹ, BRVT",5800000.0,6.23,930979.13
3005,1QDU16,"Thửa 601 - tờ 20 đường DH 609, Xã Phú An, TP.Bến Cát, Bình Dương",8000000.0,14.06,568990.04
3006,8YW2V3,"Xã Phước Thạnh, TP.Mỹ Tho, Tiền Giang",435.7,2.06,211.5
3007,YEEAXD,"Thửa 45 - tờ 10 Thanh niên, Thôn Thanh Tân, Xã Tam Thanh, TP.Tam Kỳ, Quảng Nam",5000000.0,7.42,673854.45
3008,RGCRMJ,"hẻm 76 Châu Văn Bảy, P.7, TP.Tân An, Long An",1550000.0,9.1,170329.67
3009,PNE0KG,"thôn Võ Cạnh, Xã Vĩnh Trung, TP.Nha Trang, Khánh Hòa",1780000.0,17.76,100225.23
3010,J2ZAB0,"Thửa 174 - tờ 125, hẻm 86 Nguyễn An Ninh, P.7, TP.Vũng Tàu, BRVT",6800000.0,62.73,108401.08
3011,KFFGJC,"Phúc An Garden, đường D8, Xã Trừ Văn Thố, H.Bàu Bàng, Bình Dương",575.0,7.66,75.07
3012,6SQ2F8,"Thửa 8127 tờ 31, Khu đô thị 5A, P.4, TP.Sóc Trăng, Sóc Trăng",4900000.0,20.08,244023.9
3013,5B9UZ7,"2a Hẽm 1, P.Mỹ Bình, TP.Long Xuyên, An Giang",3240000.0,21.08,153700.19
3014,G17WJ2,"41 P.Vàng Danh, TP.Uông Bí, Quảng Ninh",353.0,2.11,167.3
3015,5K9C67,"Thửa 558 - tờ 8 QL27C, Xã Diên Hòa, H.Diên Khánh, Khánh Hòa",9500000.0,9.04,1050884.96
3016,85BV73,"Thôn Hòn Nghê 2, đường Trạm Điện, Xã Vĩnh Ngọc, TP.Nha Trang, Khánh Hòa",2850000.0,31.45,90620.03
3017,CWJ0CB,"Thửa 144 - tờ 57, đường số 51, P.Phú Tân, TP.Thủ Dầu Một, Bình Dương",3300000.0,33.0,100000.0
3018,6UPU48,"Thửa 2343 tờ 3, Khu phố Hưng Phước, P.Hưng Định, TP.Thuận An, Bình Dương",3250000.0,30.09,108009.31
3019,AE78KY,"Thửa 3519 - tờ 109 Khu phố Đông Chiêu, P.Dĩ An, TP.Dĩ An, Bình Dương",3990000.0,24.05,165904.37
3020,AEV80Y,"Thửa 59 - tờ 47 Tô Hiến Thành, P.Xuân Hoà, TP.Phúc Yên, Vĩnh Phúc",3300000.0,26.4,125000.0
3021,E0J6C4,"Thửa 163 - Tờ 11 đường An Thạnh, Xã Hòa Phú, H.Châu Thành, Long An",650.0,5.13,126.71
3022,5BPYM7,"Xã Lộc Châu, TP.Bảo Lộc, Lâm Đồng",1000000.0,3.04,328947.37
3023,EPV5D4,"116 Thôn Đồng Mơ, Xã Vũ Oai, TP.Hạ Long, Quảng Ninh",2960000.0,3.58,826815.64
3024,UYNEUS,"đường Lê Văn Tám, P.Phước Long, TP.Nha Trang, Khánh Hòa",8500000.0,61.86,137407.05
3025,0Z51N9,"thôn Phú Trung, Xã Vĩnh Thạnh, TP.Nha Trang, Khánh Hòa",1590000.0,22.33,71204.66
3026,8DR263,"Thửa 365 - tờ 67 Lô 17.13 KĐT phía Tây, P.Tứ Minh, TP.Hải Dương, Hải Dương",3250000.0,41.7,77937.65
3027,3HRB8Q,"Thửa 2300 - tờ 13 hẻm đường Đồng Khởi, Thôn Đại Điền Đông 1, Xã Diên Điền, H.Diên Khánh, Khánh Hòa",1270000.0,12.99,97767.51
3028,C9M2HB,"Thửa 2299 - tờ 13 hẻm đường Đồng Khởi, Thôn Đại Điền Đông 1, Xã Diên Điền, H.Diên Khánh, Khánh Hòa",1270000.0,12.99,97767.51
3029,2MEY7Z,"Thôn Vĩnh Cát, P.Tân Tiến, TP.Nha Trang, Khánh Hòa",590.0,8.33,70.83
3030,1UQHB6,"Thửa 227 tờ 380, Thôn Vĩnh Phú, Xã Suối Tân, H.Cam Lâm, Khánh Hòa",1440000.0,8.88,162162.16
3031,1QNDJ6,"Thửa 309 tờ 25, đường số 71, P.Phú Tân, TP.Thủ Dầu Một, Bình Dương",2500000.0,25.0,100000.0
3032,AFPXZY,"Thửa 2297 - tờ 13 hẻm đường Đồng Khởi, Thôn Đại Điền Đông 1, Xã Diên Điền, H.Diên Khánh, Khánh Hòa",1250000.0,12.35,101214.57
3033,1ABJ46,"Thửa 2296 - tờ 13 hẻm đường Đồng Khởi, Thôn Đại Điền Đông 1, Xã Diên Điền, H.Diên Khánh, Khánh Hòa",1270000.0,11.83,107354.18
3034,4GWM7F,"Thửa 534 - Tờ 99 đường D11, Xã Mỹ Phong, TP.Mỹ Tho, Tiền Giang",1290000.0,13.0,99230.77
3035,QKWP3U,"Thửa 2294 - tờ 13 hẻm đường Đồng Khởi, Thôn Đại Điền Đông 1, Xã Diên Điền, H.Diên Khánh, Khánh Hòa",1320000.0,11.41,115687.99
3036,GMJ392,"Thửa 797 - tờ 24 Họa Mi, P.Thành Tâm, TX.Chơn Thành, Bình Phước",850.0,3.51,242.17
3037,SH0YR5,"Thửa 1689 - tờ 128 khu phố Đông Tác, P.Dĩ An, TP.Dĩ An, Bình Dương",4000000.0,42.5,94117.65
3038,8YFM53,"71 Ngõ 50, P.Thịnh Lang, TP.Hòa Bình, Hoà Bình",2350000.0,13.8,170289.86
3039,KWJDUC,"Thửa 564 - tờ 66 thôn Trung, Xã Vĩnh Phương, TP.Nha Trang, Khánh Hòa",10400000.0,15.71,661998.73
3040,7CE8GA,"Thửa 69 - Tờ 4-18, Hẻm 57 Lương Văn Chấn, P.Khánh Hậu, TP.Tân An, Long An",680.0,8.16,83.33
3041,QAJCRU,"Thửa 235 - Tờ 98 hẻm Đường Dọc Kênh Nổi, Xã Tân Mỹ Chánh, TP.Mỹ Tho, Tiền Giang",650.0,7.54,86.21
3042,GM8FP2,"Thửa 2866 - tờ 2 đường số 16, KĐT Phú Ân Nam 2, Xã Diên An, H.Diên Khánh, Khánh Hòa",3500000.0,29.16,120027.43
3043,3DRNDQ,"Xã Tiến Thành, TP.Đồng Xoài, Bình Phước",1000000.0,7.09,141043.72
3044,65S6G8,"Thửa 295 - tờ 74 Hẻm Nguyễn Thái Bình, Xã Hòa Thắng, TP.Buôn Ma Thuột, Đắk Lắk",1150000.0,8.62,133410.67
3045,Q7CPPU,"Thửa 338 - tờ 31 hẻm 99 Đường Lê Hồng Phong, P.Phú Lợi, TP.Thủ Dầu Một, Bình Dương",2500000.0,28.24,88526.91
3046,SC9VH5,"Xã Tiến Thành, TP.Đồng Xoài, Bình Phước",1100000.0,6.66,165165.17
3047,WZ39ZR,"8 Lý Thường Kiệt, P.Cửa Ông, Cửa Ông, Quảng Ninh",6200000.0,25.86,239752.51
3048,3DWMCQ,"62 Tôn Thất Tùng, P.Đồng Tiến, TP.Hòa Bình, Hoà Bình",1660000.0,7.35,225850.34
3049,02YKU9,"Thửa 947 tờ 14, đường D9, P.Tân Định, TP.Bến Cát, Bình Dương",1450000.0,11.78,123089.98
3050,ABZB7Y,"Thửa 216 - Tờ 14 Thôn Trại Cài, Xã Minh Lập, H.Đồng Hỷ, Thái Nguyên",1130000.0,5.77,195840.55
3051,ABT9KY,"Thôn 536 - tờ 26 thôn Quang Thạnh, Xã Diên Lạc, H.Diên Khánh, Khánh Hòa",990.0,11.34,87.3
3052,PXN06G,"Thửa 396 - tờ 2 thôn Thái Thông, Xã Vĩnh Thái, TP.Nha Trang, Khánh Hòa",4220000.0,49.82,84704.94
3053,421U8F,"Thôn An Mỹ, Xã Vinh An, H.Phú Vang, Thừa Thiên Huế",500.0,2.5,200.0
3054,K0T6PC,"Thửa 2295 - tờ 13 hẻm đường Đồng Khởi, Thôn Đại Điền Đông 1, Xã Diên Điền, H.Diên Khánh, Khánh Hòa",1300000.0,11.48,113240.42
3055,JNQQ30,"12 Thôn Đà Trung, Xã Quảng Minh, TX.Sầm Sơn, Thanh Hóa",1400000.0,11.2,125000.0
3056,49DDZF,"Thửa 142 - Tờ 40 LK20-10, Khu đô thị sinh thái Bắc Đầm Vạc, P.Đống Đa, TP.Vĩnh Yên, Vĩnh Phúc",6250000.0,52.08,120007.68
3057,CW38HB,"đường Ngọc Sơn, P.Ngọc Hiệp, TP.Nha Trang, Khánh Hòa",2800000.0,21.57,129809.92
3058,7BBZWA,"Thửa 457 - tờ 138 số 6 Phú Đức, P.Vĩnh Hải, TP.Nha Trang, Khánh Hòa",4500000.0,104.65,43000.48
3059,SHR4M5,"Thửa 1206 - Tờ 68 Thôn An Ninh, TT.Diên Khánh, H.Diên Khánh, Khánh Hòa",1050000.0,14.93,70328.2
3060,1U75S6,"Thửa 78 - tờ 1612, đường số 2, P.Tương Bình Hiệp, TP.Thủ Dầu Một, Bình Dương",3150000.0,15.47,203619.91
3061,3D1EFQ,"Thửa 983 - tờ 68 Khu phố Trung Thắng, P.Bình Thắng, TP.Dĩ An, Bình Dương",5950000.0,30.05,198003.33
3062,SCD6P5,"Thửa 2382 - tờ 11 Nguyễn Thị Út, P.Đông Hòa, TP.Dĩ An, Bình Dương",11700000.0,51.04,229231.97
3063,QYDHNU,"Thửa 670-Tờ 49 + Thửa 678-Tờ 49 + Thửa 679-Tờ 49 Ấp Phú Xuân 2, Xã Phú Ngãi Trị, H.Châu Thành, Long An",1290000.0,0.98,1316326.53
3064,3D736Q,"Thửa 1367 - tờ 133 Lạc Long Quân, P.Khai Quang, TP.Vĩnh Yên, Vĩnh Phúc",6580000.0,76.86,85610.2
3065,G174W2,"274, TĐB số 40 Thôn Bằng Xăm, P.Hoành Bồ, TP.Hạ Long, Quảng Ninh",1880000.0,8.61,218350.75
3066,QASVRU,"67 Mê Linh, P.Tân Tiến, TP.Nha Trang, Khánh Hòa",12500000.0,226.16,55270.6
3067,D44KCH,"Thửa 1558 - tờ 20 hẻm 184 Giải Phóng, P.Tân Lợi, TP.Buôn Ma Thuột, Đắk Lắk",3490000.0,31.84,109610.55
3068,5BP197,"Xã Tiến Thành, TP.Đồng Xoài, Bình Phước",1200000.0,6.68,179640.72
3069,6AFZE8,"Xã Tiến Thành, TP.Đồng Xoài, Bình Phước",1200000.0,7.09,169252.47
3070,5BP1J7,"Xã Tiến Thành, TP.Đồng Xoài, Bình Phước",1100000.0,6.41,171606.86
3071,KJXS2C,"Xã Tiến Thành, TP.Đồng Xoài, Bình Phước",1100000.0,6.35,173228.35
3072,6AFZ78,"Xã Tiến Thành, TP.Đồng Xoài, Bình Phước",1100000.0,6.88,159883.72
3073,656WB8,"Thửa 489 - Tờ 17 đường số 40, P.Ninh Thạnh, TP.Tây Ninh, Tây Ninh",2400000.0,9.16,262008.73
3074,UD7G3S,"Thửa 184 - Tờ 69, Hẻm Bùi Viện, P.Vĩnh Lợi, TP.Rạch Giá, Kiên Giang",400.0,3.2,125.0
3075,GX95P2,"Thửa 68 - Tờ 24 Dương Khuê, P.Phủ Hà, TP.Phan Rang-Tháp Chàm, Ninh Thuận",2800000.0,34.56,81018.52
3076,7KS12A,"Thửa 55 - Tờ 55 Nguyễn Hồng Sến, P.3, TP.Tân An, Long An",1100000.0,12.22,90016.37
3077,UK075S,"Xã Mỹ Tân, H.Cao Lãnh, Đồng Tháp",570.0,2.98,191.28
3078,3DWW8Q,"xóm Thái Sơn 2, Xã Quyết Thắng, TP.Thái Nguyên, Thái Nguyên",4500000.0,16.42,274056.03
3079,YEE7ND,"Thửa 1739 - Tờ 3, Hẻm 191 Phạm Văn Ngộ, P.Tân Khánh, TP.Tân An, Long An",500.0,4.65,107.53
3080,SHHPK5,"Thửa 62 - Tờ 3 Lê Văn Kiệt, P.6, TP.Tân An, Long An",1900000.0,24.67,77016.62
3081,EJC304,"Thửa 1813 - Tờ 7, hẻm Huỳnh Châu Sổ, P.6, TP.Tân An, Long An",560.0,5.43,103.13
3082,3AJAGQ,"Thửa 1028 - Tờ 50 Khu phố Năm Châu, Xã Bình Đông, TP.Gò Công, Tiền Giang",1600000.0,3.3,484848.48
3083,7CCNJA,"Thửa 1704 - Tờ 3, Hẻm Châu Thị Kim, Xã An Vĩnh Ngãi, TP.Tân An, Long An",890.0,5.92,150.34
3084,65QS58,"Thửa 414 - Tờ 26, Hẻm Đinh Thiếu Sơn, P.7, TP.Tân An, Long An",1230000.0,8.21,149817.3
3085,SH7QT5,"Thửa 1737 - Tờ 32, Hẻm Đặng Văn Truyện, P.5, TP.Tân An, Long An",1150000.0,7.77,148005.15
3086,AC591Y,"Thửa 1027 - Tờ 04 Phan Đăng Lưu, P.Phước Mỹ, TP.Phan Rang-Tháp Chàm, Ninh Thuận",1100000.0,7.28,151098.9
3087,SH2JN5,"Thửa 185+186 - Tờ 75, Hẻm 59 Trần Phong Sắc, P.4, TP.Tân An, Long An",2000000.0,9.36,213675.21
3088,65ACY8,"Thửa 202 - tờ 31 Hàn Mặc Tử, P.7, TP.Vũng Tàu, BRVT",6200000.0,129.16,48002.48
3089,KWF6MC,"Thửa 3380 - Tờ 4, Hẻm 23 Nguyễn Văn Tiếp, P.5, TP.Tân An, Long An",770.0,7.92,97.22
3090,87SVF3,"Thửa 7070 - Tờ 3 số 4, P.6, TP.Tân An, Long An",2400000.0,26.71,89853.99
3091,EJH604,"Thửa 3182- Tờ 3, Hẻm Bùi Tấn, Xã Nhơn Thạnh Trung, TP.Tân An, Long An",630.0,6.28,100.32
3092,QK7JDU,"Thửa 207 - tờ 75 Phạm Văn Diêu, P.Tân Hạnh, TP.Biên Hòa, Đồng Nai",4850000.0,53.88,90014.85
3093,RTQKQJ,"Xã Tiến Thành, TP.Đồng Xoài, Bình Phước",1100000.0,6.2,177419.35
3094,3DRNBQ,"Xã Tiến Thành, TP.Đồng Xoài, Bình Phước",1100000.0,6.27,175438.6
3095,6575N8,"Thửa 286 - Tờ 24, Hẻm Trần Văn Ngàn, Xã Hướng Thọ Phú, TP.Tân An, Long An",450.0,3.71,121.29
3096,8510K3,"Thửa 337 - Tờ 156, Hẻm Nguyễn Đại Thời, P.6, TP.Tân An, Long An",480.0,4.56,105.26
3097,CW9Z4B,"Thửa 721 - tờ 180, Khu dân cư An Thạnh, đường N9, P.An Thạnh, TP.Thuận An, Bình Dương",8900000.0,2.96,3006756.76
3098,1S30Z6,"Thửa 2215 - Tờ 4, Hẻm Lê Minh Xuân, Xã Nhơn Thạnh Trung, TP.Tân An, Long An",760.0,5.32,142.86
3099,CR46MB,"Thửa 196 - Tờ 96 số 14, P.Vĩnh Quang, TP.Rạch Giá, Kiên Giang",1650000.0,16.5,100000.0
3100,SC9D05,"Chi Lăng, P.Phú Hiệp, TP.Huế, Thừa Thiên Huế",2900000.0,19.33,150025.87
3101,3AS94Q,"Thửa 376 - Tờ 65 Khu phố Vĩnh Viễn, P.Vĩnh Hiệp, TP.Rạch Giá, Kiên Giang",500.0,0.88,568.18
3102,0ZER59,"Thửa 223 - Tờ 9 Khu TĐC 47 Nguyễn Trung Trực, P.2, TP.Tuy Hoà, Phú Yên",2000000.0,29.62,67521.94
3103,YE4C6D,"Thửa 3130 - Tờ 3 Lê thị Trâm, Xã Nhơn Thạnh Trung, TP.Tân An, Long An",950.0,4.75,200.0
3104,5KKJR7,"Thửa 9203 - Tờ 3 số 8, P.6, TP.Tân An, Long An",7500000.0,47.34,158428.39
3105,CRWNPB,"22/3 (Thửa 109 - Tờ 159) Phước Long, P.Phước Long, TP.Nha Trang, Khánh Hòa",6200000.0,60.31,102802.19
3106,AC5NSY,"Thửa 51+52 - Tờ 17 Võ Duy Tạo, Xã Lợi Bình Nhơn, TP.Tân An, Long An",2250000.0,7.64,294502.62
3107,9TRZEP,"Thửa 896 - Tờ 2 Võ Tiến Trung, Xã An Vĩnh Ngãi, TP.Tân An, Long An",1700000.0,6.51,261136.71
3108,37V4JQ,"Thửa 931 - Tờ 101 Nguyễn Trung Ngạn, P.An Bình, TP.Rạch Giá, Kiên Giang",1200000.0,11.05,108597.29
3109,R2G57J,"Thửa 96 - Tờ QH Bùi Thị Xuân, P.Mỹ Hải, TP.Phan Rang-Tháp Chàm, Ninh Thuận",3250000.0,40.12,81006.98
3110,UDAJMS,"Thửa 50 - Tờ 22 Phạm Văn Thành, P.Tân Khánh, TP.Tân An, Long An",850.0,3.76,226.06
3111,0ZF8R9,"Thửa 533 - Tờ 13, Hẻm Huỳnh Tấn Phát, P.Vĩnh Hiệp, TP.Rạch Giá, Kiên Giang",1150000.0,14.72,78125.0
3112,PNR1RG,"Thửa 109 - Tờ 29 Diệp Minh Châu, P.Vĩnh Thông, TP.Rạch Giá, Kiên Giang",980.0,8.0,122.5
3113,D44V1H,"Thửa 984 - Tờ 2 Mai Bá Hương, P.5, TP.Tân An, Long An",3570000.0,10.0,357000.0
3114,QY59DU,"Thửa 114 - Tờ 66 Nguyễn Kim Công, P.4, TP.Tân An, Long An",2600000.0,27.71,93828.94
3115,ABD5EY,"Thửa 598 - Tờ 87, Hẻm Châu Thị Kim, Xã An Vĩnh Ngãi, TP.Tân An, Long An",420.0,4.11,102.19
3116,7KQ2JA,"Thửa 4342 - Tờ 1, Hẻm 278 Châu Thị Kim, P.7, TP.Tân An, Long An",1350000.0,11.86,113827.99
3117,85MRK3,"Thửa 1343 - Tờ 5, Hẻm Huỳnh Công Phênh, Xã An Vĩnh Ngãi, TP.Tân An, Long An",650.0,3.79,171.5
3118,7KQ73A,"Thửa 1701 - Tờ 25, Hẻm 368 Châu Thị Kim, P.7, TP.Tân An, Long An",840.0,7.18,116.99
3119,SC9A05,"Xã Lộc Châu, TP.Bảo Lộc, Lâm Đồng",1070000.0,3.17,337539.43
3120,65QWH8,"Thửa 383 - Tờ 2-8, Hẻm Võ Văn Môn, P.4, TP.Tân An, Long An",1350000.0,8.95,150837.99
3121,85VUT3,"Thửa 1505 - Tờ 32, Hẻm 115 Nguyễn Quang Đại, P.5, TP.Tân An, Long An",870.0,6.82,127.57
3122,6SMQY8,"Thửa 4365 - Tờ 1, Hẻm 239 Nguyễn Văn Rành, P.7, TP.Tân An, Long An",1750000.0,11.96,146321.07
3123,5H3PV7,"Thửa 341 - Tờ 3-5, Hẻm 646 Châu Thị Kim, P.7, TP.Tân An, Long An",1150000.0,10.55,109004.74
3124,SHKAX5,"Thửa 273 - Tờ 4, Hẻm Lê Minh Xuân, Xã Nhơn Thạnh Trung, TP.Tân An, Long An",1500000.0,1.61,931677.02
3125,0T2CG9,"Thửa 815 - Tờ 18 Ấp Bình Xuyên, Xã Bình Quới, H.Châu Thành, Long An",440.0,3.78,116.4
3126,R298UJ,"Thửa 3297 - Tờ 3 Đỗ Văn Giàu, P.7, TP.Tân An, Long An",4800000.0,6.36,754716.98
3127,YFZ3BD,"Xã Tiến Thành, TP.Đồng Xoài, Bình Phước",1100000.0,6.59,166919.58
3128,D4CZMH,"Thửa 2848 - Tờ 3, Hẻm Lê Văn Yên, Xã Nhơn Thạnh Trung, TP.Tân An, Long An",800.0,3.77,212.2
3129,GMXKP2,"Thửa 120+121 - Tờ 2-3 Trần Văn Hý, P.3, TP.Tân An, Long An",2500000.0,11.09,225428.31
3130,ABD3HY,"Thửa 2921 - Tờ 3, Hẻm Lê Thị Trâm, Xã Nhơn Thạnh Trung, TP.Tân An, Long An",660.0,3.96,166.67
3131,3769GQ,"Thửa 516 - Tờ 1-9 Lương Văn Chấn, P.Khánh Hậu, TP.Tân An, Long An",1850000.0,10.6,174528.3
3132,KFDJPC,"Thửa 1434 - Tờ 32 Nguyễn Quang Đại, P.5, TP.Tân An, Long An",1700000.0,13.42,126676.6
3133,ACU25Y,"Thửa 1739 - Tờ 5 Đỗ Tường Tự, Xã Bình Tâm, TP.Tân An, Long An",1200000.0,7.65,156862.75
3134,ACUFXY,"Thửa 49 - Tờ 136 số 1, P.Vĩnh Thanh, TP.Rạch Giá, Kiên Giang",1850000.0,20.55,90024.33
3135,2VXDNZ,"Thửa 163 - Tờ 9 DT827A, Xã Hòa Phú, H.Châu Thành, Long An",2950000.0,19.44,151748.97
3136,87QMW3,"Thửa 325 - Tờ 8, Hẻm số 7, P.6, TP.Tân An, Long An",2500000.0,4.77,524109.01
3137,J2WH20,"Thửa 296 - Tờ 205, Hẻm 47 Trương Thị Sáu, P.3, TP.Tân An, Long An",1550000.0,12.22,126841.24
3138,7CKMFA,"Thửa 581 - Tờ 60, Hẻm 12 Triệu Quang Phục, P.2, TP.Sóc Trăng, Sóc Trăng",1590000.0,3.99,398496.24
3139,WP480R,"Thửa 51 - Tờ 34, Hẻm Phan Đăng Lưu, P.Đô Vinh, TP.Phan Rang-Tháp Chàm, Ninh Thuận",1100000.0,5.52,199275.36
3140,ACQENY,"Thửa 207 - Tờ 11 La Sơn Phu Tử, P.Vĩnh Quang, TP.Rạch Giá, Kiên Giang",1370000.0,14.42,95006.93
3141,1SU0G6,"Thửa 162 - Tờ 47 Trần Minh Châu, P.5, TP.Tân An, Long An",15000000.0,10.65,1408450.7
3142,CWYSAB,"Thửa 94 - Tờ 35, Hẻm 76 Tỉnh lộ 827, P.7, TP.Tân An, Long An",2000000.0,10.07,198609.73
3143,5HU2X7,"Thửa 536+537+973 - Tờ 4 Trần Văn Ngà, Xã An Vĩnh Ngãi, TP.Tân An, Long An",4200000.0,3.81,1102362.2
3144,2MV0QZ,"Thửa 56 - tờ 32, đường Phạm Văn Đồng, P.Vĩnh Hải, TP.Nha Trang, Khánh Hòa",200000000.0,330.08,605913.72
3145,YEFNBD,"Thửa 8 - Tờ 1-8 Phạm Văn Thành, P.Tân Khánh, TP.Tân An, Long An",1900000.0,13.37,142109.2
3146,PXD9RG,"Thửa 2977 - Tờ 12 Thôn Khang Bình, Xã Quảng Yên, H.Quảng Xương, Thanh Hóa",700.0,8.66,80.83
3147,ABDNUY,"Thửa 666 - Tờ 6 Ấp Bình An B, Xã Lợi Bình Nhơn, TP.Tân An, Long An",3000000.0,1.45,2068965.52
3148,DE7WTH,"Thửa 143 - Tờ 53, Hẻm 140 Nguyễn Minh Đường, P.4, TP.Tân An, Long An",2450000.0,12.74,192307.69
3149,7CDT4A,"Thửa 386 - Tờ 11 Trần Mai Ninh, P.Vĩnh Quang, TP.Rạch Giá, Kiên Giang",1420000.0,14.94,95046.85
3150,YFZQED,"P.Thới Hòa, TX.Bến Cát, Bình Dương",4600000.0,19.16,240083.51
3151,7CFW5A,"Thửa 962 - Tờ 126 Khu phố Búng Gội, Xã Cửa Dương, TP.Phú Quốc, Kiên Giang",4500000.0,4.5,1000000.0
3152,UDK0TS,"Thửa 230+70+226 - Tờ 158 Nguyễn Văn Chánh, P.6, TP.Tân An, Long An",1350000.0,6.99,193133.05
3153,0ZF5G9,"Thửa 1083 - Tờ 4 Trần Văn Ngà, Xã An Vĩnh Ngãi, TP.Tân An, Long An",2400000.0,9.65,248704.66
3154,RG4PVJ,"Thửa 2369 - Tờ 6 Ấp Bình An B, Xã Lợi Bình Nhơn, TP.Tân An, Long An",1550000.0,1.55,1000000.0
3155,ACQBTY,"Thửa 361 - Tờ 145 Khu Phố bến Tràm, Xã Cửa Dương, TP.Phú Quốc, Kiên Giang",3900000.0,7.8,500000.0
3156,3H5RRQ,"Thửa 5603 - tờ 60 đường số 7, Khu dân cư Nam Long, Xã An Thạnh, H.Bến Lức, Long An",1700000.0,21.25,80000.0
3157,17MN76,"34 đại lộ ĐT741, Xã Phước Hoà, H.Phú Giáo, Bình Dương",360.0,5.14,70.04
3158,8YFJX3,"170 Chu Văn An, P.Xuân Trung, TX.Long Khánh, Đồng Nai",2500000.0,36.44,68605.93
3159,QHR91U,"P.Tân Biên, TP.Biên Hòa, Đồng Nai",4600000.0,24.08,191029.9
3160,9XC4CP,"Phùng Hưng, Xã An Phước, H.Long Thành, Đồng Nai",1000000.0,10.0,100000.0
3161,0NMSK9,"Thửa 735 - tờ 14 Phan Đông Sơ, Xã Bình Tâm, TP.Tân An, Long An",6950000.0,1.91,3638743.46
3162,QHNXMU,"Thửa 813 - Tờ 15 Ấp Bình Khương 2, Xã Bình Phục Nhứt, H.Chợ Gạo, Tiền Giang",2200000.0,1.09,2018348.62
3163,5HVU47,"Thửa 532 - Tờ 245 Khu TĐC Hòn Rớ 2, Xã Phước Đồng, TP.Nha Trang, Khánh Hòa",4100000.0,46.59,88001.72
3164,QAXTGU,"Thửa 100 - Tờ 28 Tổ 7 khu 3B, P.Hà Lầm, TP.Hạ Long, Quảng Ninh",1160000.0,15.67,74026.8
3165,KFDNVC,"Thửa 1128 - Tờ 7, Hẻm Nguyễn Trác, P.Văn Hải, TP.Phan Rang-Tháp Chàm, Ninh Thuận",500.0,1.66,301.2
3166,DE3A9H,"Thửa 343 - Tờ 3 Thôn Phú Vinh, Xã Vĩnh Thạnh, TP.Nha Trang, Khánh Hòa",2500000.0,21.72,115101.29
3167,37NW0Q,"Thửa 2483 - Tờ 3 đường D12, Khu dân cư Châu Thới, P.Bình An, TP.Dĩ An, Bình Dương",4350000.0,43.5,100000.0
3168,YB333D,"Thửa 298 - Tờ 24 Khu Yên Hòa, P.Yên Thọ, TP.Đông Triều, Quảng Ninh",1950000.0,12.11,161023.95
3169,QHPJZU,"Lang minh, Xuân Hiệp, Xuân Lộc, Đồng Nai",2300000.0,2.29,1004366.81
3170,JNFYT0,"Phan Đình Phùng, P.2, TP.Đà Lạt, Lâm Đồng",7900000.0,66.38,119011.75
3171,8AFZ13,"Hẻm 777 Quốc lộ 20, Xã Lộc Châu, TP.Bảo Lộc, Lâm Đồng",1700000.0,7.69,221066.32
3172,0ZKV09,"Thửa 670 - Tờ 19 số 9, KĐT Nam Sông Cái, TT.Diên Khánh, H.Diên Khánh, Khánh Hòa",2600000.0,26.0,100000.0
3173,RNXNTJ,"088/3 Xuân Sơn, Xã Xuân Trường, TP.Đà Lạt, Lâm Đồng",2500000.0,11.62,215146.3
