,property_id,address,total_price_million,price_per_m2_million,bedrooms,bathrooms,floors,area
0,GXWFS2,"Tam Long, TP.HCM, TP.HCM",3600000.0,28.66,2.0,2.0,3.0,125610.61
1,DF5Y0H,"Khu dân cư 13A Intresco, xã Bình Hưng, TP. HCM., Xã Bình Hưng, H.Bình Chánh, TP.HCM",18200000.0,130.0,1.0,1.0,2.0,140000.0
2,DR9BKH,"42/9 Tân Hiệp 4, Xã Tân Hiệp, H.Hóc Môn, TP.HCM",7200000.0,40.0,1.0,2.0,2.0,180000.0
3,YBEX4D,"193 Cô Giang, P.Cô Giang, Q.1, TP.HCM",25000000.0,596.65,5.0,5.0,5.0,41900.61
4,6AUU58,"33 Ngô Văn Sở, Dĩ An, Dĩ An, TP.HCM",8800000.0,96.7,4.0,5.0,3.0,91003.1
5,7BX2XA,"96 Nguyễn Đình Chiểu, Đông Hòa, Dĩ An, TP.HCM",7700000.0,82.79,4.0,4.0,2.0,93006.4
6,Q5PBQU,"Văn Thân, P.8, Q.6, TP.HCM",26000000.0,174.14,4.0,5.0,2.0,149305.16
7,GRJU2N,"Tân Thành, P.16, Q.11, TP.HCM",12000000.0,225.56,4.0,4.0,4.0,53200.92
8,JE8E0D,"Ba Đình, P.8, Q.8, TP.HCM",16900000.0,219.76,7.0,8.0,4.0,76902.07
9,0G8TZ9,"đường Minh Phụng, P.2, Q.6, TP.HCM",25000000.0,219.57,1.0,1.0,1.0,113858.91
10,42MYAF,"178 Nguyễn Suý, P.Tân Quý, Q.Tân Phú, TP.HCM",15000000.0,166.66,7.0,4.0,2.0,90003.6
11,3SDPCQ,"115 Nguyễn Văn Luông, P.10, Q.6, TP.HCM",10000000.0,169.59,2.0,2.0,2.0,58965.74
12,8UYKG3,"đường Bình Tiên, P.14, Q.6, TP.HCM",40000000.0,233.99,6.0,4.0,3.0,170947.48
13,GTDJB2,"Tái Thiết, P.11, Q.Tân Bình, TP.HCM",14000000.0,127.5,2.0,2.0,3.0,109803.92
14,AH9WKY,"đường Bà Hom, P.13, Q.6, TP.HCM",25000000.0,256.33,3.0,3.0,2.0,97530.53
15,KEW2WC,"Đinh Công Tráng, P.Tân Định, Q.1, TP.HCM",38000000.0,353.35,8.0,8.0,6.0,107542.1
16,Q5DR0U,"Tô Hiệu, P.Tân Thới Hòa, Q.Tân Phú, TP.HCM",17500000.0,196.03,3.0,4.0,3.0,89272.05
17,7DEK1A,"113 Tân Hóa, P.14, Q.6, TP.HCM",13500000.0,164.17,1.0,1.0,4.0,82231.83
18,SABGS5,"453 Hoàng Văn Thụ, P.4, Q.Tân Bình, TP.HCM",30000000.0,338.39,6.0,3.0,5.0,88655.1
19,6AYH68,"Hoàng Diệu, P.15, Q.4, TP.HCM",2750000.0,182.11,2.0,3.0,4.0,15100.76
20,AHWNZY,"70 Đặng Nguyên Cẩn, P.14, Q.6, TP.HCM",13000000.0,172.65,1.0,1.0,1.0,75296.84
21,R9GDAJ,"Tám Danh, P.4, Q.8, TP.HCM",11000000.0,242.82,5.0,4.0,4.0,45301.05
22,GT44U2,"Số 43, P.10, Q.6, TP.HCM",6300000.0,210.0,3.0,3.0,4.0,30000.0
23,PZF80G,"49A Lê Lai, P.12, Q.Tân Bình, TP.HCM",11900000.0,182.79,5.0,4.0,4.0,65102.03
24,CWGAXB,"313 Nguyễn Thị Thập, P.Tân Phú, Q.7, TP.HCM",600000000.0,349.93,2.0,2.0,2.0,1714628.64
25,PZV3AG,"Trường Chinh, P.Tân Thới Nhất, Q.12, TP.HCM",12500000.0,270.64,3.0,3.0,3.0,46186.82
26,DCWTPH,"Trường Chinh, P.13, Q.Tân Bình, TP.HCM",21000000.0,303.6,7.0,6.0,3.0,69169.96
27,W0ZJNR,"Đường Số 10, P.13, Q.6, TP.HCM",15900000.0,211.72,3.0,4.0,3.0,75099.19
28,35PPMQ,"Đường Hà Bổng, P.Trung Mỹ Tây, Q.12, TP.HCM",6500000.0,91.54,2.0,2.0,2.0,71007.21
29,PZ4B3G,"Phan Anh, P.Tân Thới Hòa, Q.Tân Phú, TP.HCM",13500000.0,170.45,5.0,4.0,4.0,79202.11
30,8UE5K3,"236 Vườn Lài, P.Phú Thọ Hòa, Q.Tân Phú, TP.HCM",15300000.0,227.0,4.0,4.0,3.0,67400.88
31,6Q74D8,"Cao Văn Lầu, P.2, Q.6, TP.HCM",27000000.0,248.8,6.0,5.0,4.0,108520.9
32,3SCGHQ,"29A Quốc Lộ 13, P.26, Q.Bình Thạnh, TP.HCM",45000000.0,0.12,3.0,3.0,2.0,375000000.0
33,C4SVQB,"Hồng Lạc, P.10, Q.Tân Bình, TP.HCM",12000000.0,201.34,3.0,3.0,4.0,59600.68
34,6QB1R8,"32 Nguyễn Duy Cung, P.12, Q.Gò Vấp, TP.HCM",14000000.0,0.13,4.0,4.0,3.0,107692307.69
35,3SBVFQ,"đường Mai Xuân Thưởng, P.1, Q.6, TP.HCM",19000000.0,290.11,8.0,6.0,4.0,65492.4
36,5YJDX7,"77 đường Phạm Phú Thứ, P.3, Q.6, TP.HCM",14000000.0,168.21,7.0,5.0,4.0,83229.3
37,37BXCQ,"225 Bis - 227 Hai Bà Trung, P.Võ Thị Sáu, Q.3, TP.HCM",176000000.0,782.91,6.0,8.0,3.0,224802.34
38,GTFK12,"59 Nguyễn Duy Cung, P.12, Q.Gò Vấp, TP.HCM",9200000.0,146.73,3.0,2.0,2.0,62700.2
39,3SVNMQ,"Huỳnh Khương An, P.5, Q.Gò Vấp, TP.HCM",12500000.0,198.09,4.0,5.0,4.0,63102.63
40,QH70DU,"92 Nguyễn Thị Ai, Xã Tân Xuân, H.Hóc Môn, TP.HCM",8500000.0,101.19,4.0,5.0,4.0,84000.4
41,KE9XWC,"61 đường 105D Trịnh Quang Nghị, P.7, Q.8, TP.HCM",8600000.0,78.18,4.0,4.0,4.0,110002.56
42,U7XDBS,"Nguyễn Văn Đậu, P.5, Q.Phú Nhuận, TP.HCM",26000000.0,251.93,3.0,3.0,4.0,103203.27
43,RGA7PJ,"02 Thạnh Lộc 39, P.An Phú Đông, Q.12, TP.HCM",6600000.0,107.14,4.0,6.0,5.0,61601.64
44,6XTP8Y,"Huỳnh Văn Bánh, P.11, Q.Phú Nhuận, TP.HCM",14500000.0,0.42,3.0,4.0,4.0,34523809.52
45,5SP27X,"67 số 29, P.Bình Trị Đông B, Q.Bình Tân, TP.HCM",14800000.0,126.8,4.0,4.0,4.0,116719.24
46,6AR6J8,"Phạm Hữu Lầu, P.Phú Thuận, Q.7, TP.HCM",18900000.0,210.0,3.0,5.0,4.0,90000.0
47,SD3YU5,"29 Ngô Đức Kế, P.12, Q.Bình Thạnh, TP.HCM",12000000.0,152.86,1.0,1.0,1.0,78503.21
48,W926DR,"5A khu D Ngô Tất Tố, P.22, Q.Bình Thạnh, TP.HCM",5350000.0,130.17,1.0,1.0,2.0,41100.1
49,3D76TQ,"11A Lương Thế Vinh, P.Tân Thới Hòa, Q.Tân Phú, TP.HCM",14500000.0,233.26,3.0,2.0,3.0,62162.39
50,QK0S3U,"3 Hoa Cúc, P.7, Q.Phú Nhuận, TP.HCM",16500000.0,412.5,2.0,3.0,4.0,40000.0
51,AHAHRY,"157A đường số 11, P.Linh Xuân, TP.Thủ Đức, TP.HCM",18600000.0,99.73,4.0,4.0,3.0,186503.56
52,YFG1CD,"Tân sơn nhì Tân Sơn Nhì, P.Tân Sơn Nhì, Q.Tân Phú, TP.HCM",4650000.0,125.67,2.0,2.0,2.0,37001.67
53,AEU70Y,"34 Tăng Bạt Hổ, P.11, Q.Bình Thạnh, TP.HCM",16500000.0,351.06,5.0,4.0,5.0,47000.51
54,8UVXF3,"MPN 39A Gò Dưa, KP4, P.Tam Bình, TP.Thủ Đức, TP.HCM",12500000.0,136.16,4.0,5.0,4.0,91803.76
55,A4SFVY,"12A Đào Duy Từ, P.15, Q.Phú Nhuận, TP.HCM",10600000.0,265.66,6.0,7.0,4.0,39900.62
56,QDTV1U,"88A đường số 5, P.17, Q.Gò Vấp, TP.HCM",6600000.0,110.55,3.0,2.0,3.0,59701.49
57,A4S0UY,"Ấp 101 Nam Thới 1, Xã Đông Thạnh, H.Hóc Môn, TP.HCM",7990000.0,88.87,6.0,6.0,5.0,89906.61
58,QKBS0U,"đường Phan văn Hớn, P.Tân Thới Nhất, Q.12, TP.HCM",5100000.0,100.0,2.0,2.0,2.0,51000.0
59,0M1GV9,"67 Phan Văn Hớn, P.Tân Thới Nhất, Q.12, TP.HCM",5200000.0,77.61,2.0,1.0,2.0,67001.68
60,QY1AQU,"122 đường số 2, P.16, Q.Gò Vấp, TP.HCM",2650000.0,157.08,2.0,1.0,2.0,16870.38
61,5D61A7,"Đường Ao Đôi, Khu phố 10, P.Bình Trị Đông A, Q.Bình Tân, TP.HCM",16000000.0,103.89,3.0,2.0,3.0,154009.05
62,U739JS,"311K37 đường G, khu phố 1, P.An Phú, TP.Thủ Đức, TP.HCM",28000000.0,280.0,4.0,4.0,4.0,100000.0
63,SBPMA5,"43 Lý Thường Kiệt, P.7, Q.10, TP.HCM",30500000.0,482.59,8.0,6.0,6.0,63200.65
64,SYKW35,"48 đường số 2, Cư xá Bình Thới, P.8, Q.11, TP.HCM",17700000.0,316.07,4.0,3.0,3.0,56000.25
65,65RSP8,"42A Nguyễn Văn Bứa, ấp 51, Xã Bà Điểm, H.Hóc Môn, TP.HCM",29700000.0,27.51,6.0,3.0,1.0,1079607.42
66,YBQ4ED,"44 đường số 2 - KDC Hương Lộ 5, P.An Lạc, Q.Bình Tân, TP.HCM",10000000.0,119.04,1.0,2.0,5.0,84005.38
67,E0CGH4,"34 đường số 8, Khu dân cư Cityland, P.10, Q.Gò Vấp, TP.HCM",25000000.0,250.0,5.0,3.0,4.0,100000.0
68,6AXQC8,"03 đường số 3, Khu nhà ở Hai Thành, P.Tân Tạo A, Q.Bình Tân, TP.HCM",13000000.0,76.56,4.0,5.0,4.0,169801.46
69,0NJBV9,"62 đường số 2, khu dân cư Vĩnh Lộc, P.Bình Hưng Hoà B, Q.Bình Tân, TP.HCM",11000000.0,110.0,4.0,4.0,4.0,100000.0
70,RZ752J,"68 số 8, P.An Khánh, TP.Thủ Đức, TP.HCM",22000000.0,239.13,4.0,3.0,3.0,92000.17
71,K0GSVC,"15 đường số 53, P.Hiệp Bình Chánh, TP.Thủ Đức, TP.HCM",12500000.0,82.78,4.0,3.0,3.0,151002.66
72,3HB60Q,"38B17 Cây Keo, P.Tam Phú, TP.Thủ Đức, TP.HCM",10500000.0,116.66,3.0,3.0,3.0,90005.14
73,UKPHAS,"251 - 253 - 255 - 257 Thống Nhất, P.11, Gò Vấp, TP.HCM",160000000.0,202.42,4.0,4.0,4.0,790435.73
74,W0G54R,"275 Hoàng Sa, P.Tân Định, Q.1, TP.HCM",15000000.0,414.82,3.0,4.0,6.0,36160.26
75,6TUD8Y,"178 Tạ Uyên, P.7, Q.11, TP.HCM",26000000.0,373.67,5.0,4.0,4.0,69580.11
76,G9BN2N,"Nguyễn Trãi, P.14, Q.5, TP.HCM",28000000.0,411.76,6.0,7.0,4.0,68000.78
77,K59ZCJ,"số 15, P.An Phú, TP.Thủ Đức, TP.HCM",62000000.0,310.0,4.0,5.0,3.0,200000.0
78,6SYS18,"117 Bình Thới, P.11, Q.11, TP.HCM",18000000.0,289.85,3.0,2.0,2.0,62101.09
79,PZSSUG,"70 Hòa Bình, P.5, Q.11, TP.HCM",14000000.0,201.72,2.0,2.0,2.0,69403.13
80,AH9WDY,"15 Nguyễn Thi, P.13, Q.5, TP.HCM",30000000.0,231.83,4.0,4.0,3.0,129405.17
81,13RKM6,"Nguyễn Trãi, P.2, Q.5, TP.HCM",72000000.0,735.44,12.0,15.0,9.0,97900.58
82,DYAKHF,"Phan Anh, P.Phú Thạnh, Q.Tân Phú, TP.HCM",9500000.0,133.8,1.0,1.0,1.0,71001.49
83,1NT36T,"Đặng Thúc Liêng, P.4, Q.8, TP.HCM",14000000.0,311.8,3.0,3.0,4.0,44900.58
84,E5AV4W,"Nguyễn Thị Định, Thạnh Mỹ Lợi, Q.2, TP.HCM",32000000.0,185.18,2.0,1.0,2.0,172804.84
85,SDKDN5,"314 Bến Than, Xã Hòa Phú, H.Củ Chi, TP.HCM",5000000.0,29.3,2.0,1.0,1.0,170648.46
86,EJ0N54,"26 Chợ Lớn, P.11, Q.6, TP.HCM",25000000.0,190.83,16.0,10.0,6.0,131006.66
87,02DSX9,"Lê Trực, P.1, Q.6, TP.HCM",19000000.0,212.52,6.0,3.0,5.0,89403.35
88,UYHKQS,"4A Nghĩa Thục, P.5, Q.5, TP.HCM",12000000.0,186.33,2.0,3.0,3.0,64401.87
89,S1D75Y,"Kênh Tân Hóa, P.Hòa Thạnh, Q.Tân Phú, TP.HCM",82000000.0,92.9,1.0,1.0,2.0,882669.54
90,CW25ZB,"894 Trường Sa, P.13, Q.3, TP.HCM",31000000.0,418.91,10.0,11.0,6.0,74001.58
91,K4J9BC,"56 Trần Quý Khoách, P.Tân Định, Q.1, TP.HCM",72000000.0,600.0,5.0,6.0,7.0,120000.0
92,Q5VTAU,"115 Vĩnh Viễn, P.4, Q.10, TP.HCM",7500000.0,496.68,3.0,3.0,3.0,15100.27
93,CWR6ZB,"D6, Long Thạnh Mỹ, Q.9, TP.HCM",25000000.0,65.1,4.0,4.0,4.0,384024.58
94,1QA5Q6,"147C Trần Quang Khải, P.Tân Định, Q.1, TP.HCM",19000000.0,453.46,3.0,3.0,4.0,41900.06
95,6QKW18,"222 Phùng Hưng, P.14, Q.5, TP.HCM",20000000.0,243.01,1.0,2.0,3.0,82301.14
96,SA2KE5,"15 Phan Tôn, Đa Kao, Q.1, TP.HCM",15500000.0,280.28,2.0,1.0,2.0,55301.84
97,85QTK3,"122 - 122A Nguyễn Xí, P.26, Q.Bình Thạnh, TP.HCM",65000000.0,625.6,8.0,8.0,8.0,103900.26
98,6UADU8,"15–17 Sông Thao, P.2, Q.Tân Bình, TP.HCM",62000000.0,304.54,7.0,4.0,4.0,203585.74
99,AH53KY,"Nguyễn Xí, P.13, Q.Bình Thạnh, TP.HCM",12000000.0,300.0,1.0,1.0,1.0,40000.0
100,8UXRH3,"Đỗ Nhuận, P.Sơn Kỳ, Q.Tân Phú, TP.HCM",3950000.0,182.87,1.0,2.0,2.0,21600.04
101,UY350S,"đường D6, P.Tân Phú, Q.7, TP.HCM",17900000.0,198.88,6.0,7.0,5.0,90004.02
102,RGG66J,"37 Hưng Phú, P.8, Q.8, TP.HCM",14300000.0,244.86,1.0,1.0,1.0,58400.72
103,SD70H5,"382EF Trần Hưng Đạo, P.11, Q.5, TP.HCM",58000000.0,494.88,5.0,5.0,5.0,117200.13
104,8SQP73,"216 Mai Xuân Thưởng, P.2, Q.6, TP.HCM",33000000.0,330.06,21.0,21.0,6.0,99981.82
105,U7XGDS,"đường C12, P.13, Q.Tân Bình, TP.HCM",35000000.0,354.68,2.0,2.0,2.0,98680.5
106,0GAWD9,"Đoàn Văn Bơ, P.16, Q.4, TP.HCM",6000000.0,218.18,3.0,3.0,4.0,27500.23
107,92NH9P,"39 Phạm Đôn, P.11, Q.5, TP.HCM",16500000.0,221.29,8.0,3.0,3.0,74562.79
108,WF2AR9,"Đường 102, P.Tăng Nhơn Phú A, TP.Thủ Đức, TP.HCM",7800000.0,110.32,5.0,3.0,3.0,70703.41
109,AHRFBY,"15 Đỗ Nhuận, Sơn Kỳ, Q.Tân Phú, TP.HCM",11000000.0,268.49,1.0,1.0,4.0,40969.87
110,RG1QNJ,"770 Trường Sa, P.14, Q.3, TP.HCM",27000000.0,0.0,3.0,2.0,2.0,inf
111,6SV1X8,"1 đường số 7, Phú Hữu, Q.9, TP.HCM",43000000.0,133.54,5.0,6.0,4.0,322000.9
112,EJ08K4,"457 Hoàng Hữu Nam, Long Bình, Q.9, TP.HCM",25000000.0,111.11,5.0,2.0,1.0,225002.25
113,490GXF,"17 Đặng Dung, P.Tân Định, Q.1, TP.HCM",23000000.0,353.3,5.0,5.0,5.0,65100.48
114,YKSFKD,"Mai Thị Lựu, P.Đa Kao, Q.1, TP.HCM",75000000.0,497.01,3.0,4.0,4.0,150902.4
115,Q5JG4U,"440 Sư Vạn Hạnh, P.9, Q.10, TP.HCM",15000000.0,265.48,3.0,3.0,4.0,56501.43
116,5YGYG7,"693 QL50, Xã Bình Hưng, H.Bình Chánh, TP.HCM",17000000.0,0.0,1.0,1.0,1.0,inf
117,PNXUBG,"166 Mạc Vân, P.Xóm Củi, Q.8, TP.HCM",7500000.0,163.75,2.0,2.0,3.0,45801.53
118,SAH435,"đường số 1, Long Trường, Q.9, TP.HCM",16000000.0,72.72,3.0,2.0,1.0,220022.0
119,DNRUHF,"12 Ông Ích Khiêm, P.14, Q.11, TP.HCM",13000000.0,154.94,6.0,5.0,4.0,83903.45
120,6VN98Y,"Ông Ích Khiêm, P.14, Q.11, TP.HCM",12500000.0,376.5,3.0,4.0,4.0,33200.53
121,8S7KT3,"247 Âu Dương Lân, P.Hưng Phú, Q.8, TP.HCM",22000000.0,274.65,4.0,4.0,5.0,80101.95
122,6QGWN8,"138 đường HT35, P.Hiệp Thành, Q.12, TP.HCM",6500000.0,64.35,4.0,3.0,2.0,101010.1
123,13YRB6,"31 Nguyễn Văn Mai, Võ Thị Sáu, Q.3, TP.HCM",40000000.0,368.92,10.0,9.0,7.0,108424.59
124,0ZP3B9,"87 Cộng Hoà, P.4, Q.Tân Bình, TP.HCM",42000000.0,396.97,8.0,8.0,8.0,105801.45
125,UYB1JS,"252 Lý Chính Thắng, P.9, Q.3, TP.HCM",22000000.0,287.95,1.0,1.0,1.0,76402.15
126,9T2F6P,"25 Trần Phú, P.4, Q.5, TP.HCM",8700000.0,437.18,1.0,1.0,2.0,19900.27
127,UFZAS5,"Bàn Cờ, P.3, Q.3, TP.HCM",24500000.0,3.71,6.0,4.0,4.0,6603773.58
128,SD99M5,"MPN 51C Thạnh Xuân 31, P.Thới An, Q.12, TP.HCM",9000000.0,69.93,9.0,9.0,6.0,128700.13
129,GMNXA2,"Vườn Lài, P.An Phú Đông, Q.12, TP.HCM",15700000.0,103.28,4.0,3.0,3.0,152013.94
130,1U4WA6,"Võ Văn Hát, Long Trường, Q.9, TP.HCM",25000000.0,142.61,2.0,2.0,1.0,175303.27
131,WPGSFR,"91 Sương Nguyệt Ánh, P.Bến Thành, Q.1, TP.HCM",80000000.0,966.76,18.0,20.0,8.0,82750.63
132,UDTY6S,"17 Đặng Tất, P.Tân Định, Q.1, TP.HCM",59000000.0,472.75,1.0,1.0,2.0,124801.69
133,UDTY6S,"17 Đặng Tất, P.Tân Định, Q.1, TP.HCM",59000000.0,472.75,1.0,1.0,2.0,124801.69
134,JGQM20,"Tú Mỡ, P.7, Q.Gò Vấp, TP.HCM",6980000.0,245.77,3.0,3.0,3.0,28400.54
135,DEBCEH,"MPN 50/50 Vườn Lài, P.An Phú Đông, Q.12, TP.HCM",6600000.0,76.38,3.0,3.0,3.0,86410.05
136,AC27VY,"105 Độc Lập, P.Tân Thành, Q.Tân Phú, TP.HCM",38000000.0,215.66,3.0,3.0,3.0,176203.28
137,ACHQDY,"114 Vĩnh Viễn, P.9, Q.10, TP.HCM",10900000.0,595.62,3.0,3.0,3.0,18300.26
138,7DZ92A,"10-12 đường số 59, P.10, Q.6, TP.HCM",39000000.0,196.26,1.0,1.0,5.0,198715.99
139,0F279N,"1c Mai Văn Vĩnh, P.Tân Kiểng, Q.7, TP.HCM",26500000.0,234.72,9.0,8.0,6.0,112900.48
140,KE12UC,"Nguyễn Trãi, P.2, Q.5, TP.HCM",42000000.0,610.46,1.0,4.0,5.0,68800.58
141,AHUE2Y,"176C Trường Sa, P.1, Q.Bình Thạnh, TP.HCM",50000000.0,416.31,6.0,6.0,8.0,120102.81
142,SKFZD5,"1071 Hoàng Sa, P.11, Q.3, TP.HCM",13500000.0,453.02,6.0,7.0,5.0,29800.01
143,UY43QS,"71 Trần Quang Diệu, P.13, Q.3, TP.HCM",14000000.0,486.11,3.0,3.0,3.0,28800.07
144,2MNPAZ,"924/3B/2 An Phú Đông 12, P.An Phú Đông, Q.12, TP.HCM",12000000.0,64.86,1.0,1.0,1.0,185013.88
145,UADPXS,"268 Hưng Phú, P.8, Q.8, TP.HCM",11200000.0,274.5,2.0,2.0,3.0,40801.46
146,3S2G1Q,"Hà Huy Giáp, P.Thạnh Lộc, Q.12, TP.HCM",27000000.0,86.01,5.0,2.0,2.0,313916.99
147,7DCJYA,"Lê Cơ, P.An Lạc, Q.Bình Tân, TP.HCM",16000000.0,142.61,4.0,2.0,3.0,112194.1
148,SA61X5,"29 Tân Hóa, P.14, Q.6, TP.HCM",5500000.0,206.76,2.0,2.0,2.0,26600.89
149,SA2PN5,"137 Hoàng Hữu Nam, Tân Phú, Q.9, TP.HCM",9400000.0,149.92,1.0,1.0,1.0,62700.11
150,AHW0FY,"đường số 5, P.Bình Thuận, Q.7, TP.HCM",10500000.0,222.83,4.0,3.0,3.0,47121.12
151,WP903R,"224A Bạch Đằng, P.25, Q.Bình Thạnh, TP.HCM",20000000.0,307.69,7.0,8.0,5.0,65000.49
152,WP903R,"224A Bạch Đằng, P.25, Q.Bình Thạnh, TP.HCM",20000000.0,307.69,7.0,8.0,5.0,65000.49
153,SY80W5,"35 Nguyễn Bình, Xã Phú Xuân, H.Nhà Bè, TP.HCM",7000000.0,70.0,2.0,1.0,1.0,100000.0
154,6Q5GH8,"20 đường Láng The, Xã Tân Thạnh Tây, H.Củ Chi, TP.HCM",4000000.0,31.37,3.0,1.0,1.0,127510.36
155,YCMM8D,"Trần Khắc Chân, P.Tân Định, Q.1, TP.HCM",15000000.0,424.92,3.0,3.0,3.0,35300.76
156,5YBWD7,"Trịnh Đình Trọng, P.Phú Trung, Q.Tân Phú, TP.HCM",43000000.0,207.54,10.0,7.0,5.0,207188.98
157,SHC4Q5,"134 Lý Nam Đế, P.7, Q.11, TP.HCM",17000000.0,333.98,3.0,3.0,4.0,50901.25
158,7KSP4A,"215D7 Nguyễn Văn Hưởng, Thảo Điền, Q.2, TP.HCM",110000000.0,371.62,5.0,5.0,3.0,296001.29
159,6SDJS8,"296Bis Trần Hưng Đạo, P.Nguyễn Cư Trinh, Q.1, TP.HCM",41000000.0,493.97,6.0,6.0,3.0,83000.99
160,2N02EZ,"Nguyễn Kiệm, P.9, Q.Phú Nhuận, TP.HCM",58000000.0,381.07,5.0,5.0,8.0,152203.01
161,W9VN1R,"18 đường B4, P.Tây Thạnh, Q.Tân Phú, TP.HCM",5400000.0,126.46,2.0,2.0,2.0,42701.25
162,QYS1YU,"9 Bình quới, P.27, Q.Bình Thạnh, TP.HCM",20000000.0,165.83,11.0,11.0,4.0,120605.44
163,UYFXBS,"114 Hồ Bá Kiện, P.15, Q.10, TP.HCM",11000000.0,269.6,2.0,2.0,2.0,40801.19
164,3SMHBQ,"6A đường 212, Phước Long A, Q.9, TP.HCM",3650000.0,145.41,2.0,1.0,2.0,25101.44
165,CWNHNB,"6 Hoa Sứ, P.2, Q.Phú Nhuận, TP.HCM",28000000.0,466.66,6.0,4.0,4.0,60000.86
166,5DK9R7,"71 Dã Tượng, P.8, Q.8, TP.HCM",10500000.0,184.53,6.0,4.0,5.0,56901.32
167,4V0KF5,"10 đường số 26, Bình An, Q.2, TP.HCM",10700000.0,0.22,2.0,3.0,2.0,48636363.64
168,RXE7JQ,"131 Hoa Lan, P.2, Q.Phú Nhuận, TP.HCM",27000000.0,442.62,3.0,4.0,4.0,61000.41
169,5HJAV7,"116 Nguyên Hồng, P.11, Q.Bình Thạnh, TP.HCM",29000000.0,246.38,3.0,3.0,2.0,117704.36
170,PNN8KG,"82 đường số 27, P.Tân Phong, Q.7, TP.HCM",24000000.0,250.0,4.0,5.0,4.0,96000.0
171,7KCJSA,"407 Nguyễn Trọng Tuyển, P.2, Q.Tân Bình, TP.HCM",20000000.0,319.48,4.0,3.0,4.0,62601.73
172,AKT6PY,"914 Bis Đường Lò Gốm, P.2, Q.6, TP.HCM",7980000.0,190.0,5.0,3.0,4.0,42000.0
173,Q70JKU,"1017 Trương Văn Đa, Xã Bình Lợi, H.Bình Chánh, TP.HCM",2950000.0,15.54,2.0,1.0,1.0,189832.69
174,DBWG0H,"42 đường Phan Huy Thực, P.Tân Hưng, Q.7, TP.HCM",18000000.0,256.04,6.0,4.0,4.0,70301.52
175,Q53NSU,"107 Nguyễn Hữu Tiến, P.Tây Thạnh, Q.Tân Phú, TP.HCM",22000000.0,120.61,2.0,2.0,2.0,182406.1
176,3SW8KQ,"Lê Văn Thịnh, Bình Trưng Tây, Q.2, TP.HCM",22000000.0,155.58,4.0,2.0,2.0,141406.35
177,6VRC8Y,"173 đường D5, P.25, Q.Bình Thạnh, TP.HCM",17500000.0,0.39,4.0,4.0,3.0,44871794.87
178,0TPZ59,"78 Đình Quới An, P.Thới An, Q.12, TP.HCM",10500000.0,96.41,4.0,5.0,4.0,108909.86
179,37F34Q,"37 Ba Vì, P.4, Q.Tân Bình, TP.HCM",33000000.0,237.41,10.0,10.0,3.0,139000.04
180,1U3RP6,"Số 4 đường số 5, P.Tân Phú, Q.7, TP.HCM",11800000.0,236.0,2.0,2.0,2.0,50000.0
181,CF67WB,"đường số 30 , KP1, Cát Lái, Q.2, TP.HCM",23000000.0,89.7,2.0,1.0,1.0,256410.26
182,0GWZA9,"128 Hoàng Văn Thụ, P.9, Q.Phú Nhuận, TP.HCM",60000000.0,357.56,6.0,6.0,4.0,167804.0
183,56GX7X,"Lô K Nguyễn Thức Tự, P.An Lạc A, Q.Bình Tân, TP.HCM",11500000.0,180.25,5.0,5.0,3.0,63800.28
184,RG56WJ,"57 đường số 9, P.4, Q.4, TP.HCM",6450000.0,168.84,4.0,3.0,4.0,38201.85
185,2M301Z,"1 đường số 16, P.Tân Phú, Q.7, TP.HCM",14200000.0,165.11,1.0,1.0,1.0,86003.27
186,AHUC2Y,"Nguyễn Đình Chiểu, P.1, Q.3, TP.HCM",12900000.0,542.01,3.0,4.0,4.0,23800.3
187,3SCEVQ,"142 Số 22, P.11, Q.6, TP.HCM",19000000.0,228.98,11.0,12.0,4.0,82976.68
188,EJJKG4,"101-103 Tân Hương, P.Tân Quý, Q.Tân Phú, TP.HCM",35000000.0,197.18,5.0,5.0,3.0,177502.79
189,7KYVZA,"133F Hòa Hưng, P.12, Q.10, TP.HCM",6300000.0,512.19,2.0,2.0,3.0,12300.12
190,02XYB9,"88 Xóm Chiếu, P.15, Q.4, TP.HCM",15000000.0,196.33,3.0,3.0,2.0,76401.98
191,SD4Y25,"97 Trần Thị Nghỉ, P.7, Q.Gò Vấp, TP.HCM",57000000.0,296.1,8.0,10.0,5.0,192502.53
192,UYEADS,"7 Trần Thị Nghỉ, P.7, Q.Gò Vấp, TP.HCM",37000000.0,300.81,7.0,9.0,5.0,123001.23
193,0GRH29,"50 đường số 3, P.5, Q.8, TP.HCM",11680000.0,182.5,4.0,5.0,4.0,64000.0
194,7DTYHA,"1050 Quang Trung, P.8, Q.Gò Vấp, TP.HCM",58000000.0,275.9,1.0,1.0,2.0,210221.09
195,2MW4HZ,"4A đường số 2A, P.Bình Hưng Hoà A, Q.Bình Tân, TP.HCM",4980000.0,104.62,2.0,2.0,2.0,47600.84
196,SD9E25,"38 Mai Văn Vĩnh, P.Tân Quy, Q.7, TP.HCM",15000000.0,334.07,3.0,3.0,4.0,44900.77
197,SYU2F5,"51 đường số 36, P.10, Q.6, TP.HCM",13400000.0,181.08,5.0,6.0,4.0,74000.44
198,87SF83,"622 + 624 Trường Sa, P.15, Q.Phú Nhuận, TP.HCM",13500000.0,208.97,6.0,7.0,2.0,64602.57
199,CWZDXB,"163 Gò Ô Môi, P.Phú Thuận, Q.7, TP.HCM",16990000.0,171.05,5.0,5.0,4.0,99327.68
200,ACJKDY,"138A Nguyễn Văn Trỗi, P.8, Q.Phú Nhuận, TP.HCM",435000000.0,923.17,8.0,8.0,8.0,471202.49
201,DE0BYH,"đường số 8, P.5, Q.Gò Vấp, TP.HCM",74000000.0,282.65,4.0,6.0,4.0,261807.89
202,4J0EWF,"94 Nguyên Hồng, P.1, Q.Gò Vấp, TP.HCM",10800000.0,325.3,3.0,3.0,4.0,33200.12
203,SA1Q15,"625 Lê Hồng Phong, P.10, Q.10, TP.HCM",28000000.0,360.82,6.0,5.0,5.0,77601.02
204,PZF39G,"đường D16, P.Tây Thạnh, Q.Tân Phú, TP.HCM",14200000.0,151.38,4.0,4.0,4.0,93803.67
205,UAUG0S,"490 Ngô Gia Tự, P.4, Q.10, TP.HCM",72000000.0,905.66,7.0,7.0,7.0,79500.03
206,8SFN63,"Trường Chinh, P.15, Q.Tân Bình, TP.HCM",21000000.0,160.91,3.0,2.0,1.0,130507.74
207,ACVFUY,"476 Trường Chinh, P.Tân Hưng Thuận, Q.12, TP.HCM",14700000.0,184.44,4.0,4.0,4.0,79700.72
208,7D1TMA,"Trường Chinh, P.12, Q.Tân Bình, TP.HCM",16500000.0,239.82,4.0,4.0,4.0,68801.6
209,RC3DJQ,"301 Kênh Tân Hóa, P.Hòa Thạnh, Q.Tân Phú, TP.HCM",36000000.0,146.53,1.0,1.0,2.0,245683.48
210,J2TCW0,"Đường 41, Bình Trưng Đông, Q.2, TP.HCM",6700000.0,108.06,3.0,2.0,2.0,62002.59
211,13X176,"Tam Đảo, P.15, Q.10, TP.HCM",40000000.0,701.75,2.0,3.0,3.0,57000.36
212,QY5FZU,"386 Quang Trung, P.10, Q.Gò Vấp, TP.HCM",4800000.0,259.45,3.0,3.0,4.0,18500.67
213,CW0H3B,"44B Phan Xích Long, P.4, Q.Phú Nhuận, TP.HCM",65000000.0,186.08,3.0,3.0,3.0,349312.12
214,7H2FNA,"đường số 23, P.10, Q.6, TP.HCM",16800000.0,233.33,4.0,3.0,3.0,72001.03
215,7D66XA,"314 Bình Long, P.Phú Thọ Hòa, Q.Tân Phú, TP.HCM",16500000.0,153.34,3.0,3.0,3.0,107604.02
216,3S96HQ,"đường số 19, P.10, Q.6, TP.HCM",11500000.0,174.24,3.0,2.0,3.0,66000.92
217,SDQ9W5,"78 Út Tịch, P.4, Q.Tân Bình, TP.HCM",150000000.0,555.76,22.0,8.0,8.0,269900.68
218,40Q2BF,"39 Phú Định, P.16, Q.8, TP.HCM",10500000.0,186.5,3.0,2.0,2.0,56300.27
219,37PZSQ,"16 Lê Lai, P.1, Q.Gò Vấp, TP.HCM",7700000.0,127.9,1.0,1.0,1.0,60203.28
220,4JGVVF,"92 đường số 1, P.15, Q.Gò Vấp, TP.HCM",3990000.0,106.97,2.0,3.0,2.0,37300.18
221,UAD2VS,"Phan Văn Trị, P.11, Q.Bình Thạnh, TP.HCM",18000000.0,224.43,3.0,2.0,1.0,80203.18
222,CHU3BC,"đường số 2, khu dân cư Him Lam, P.Tân Hưng, Q.7, TP.HCM",32200000.000000004,322.0,5.0,6.0,4.0,100000.0
223,SDJQE5,"27-29 Nam Kỳ Khởi Nghĩa, P.Nguyễn Thái Bình, Q.1, TP.HCM",270000000.0,1.3,8.0,8.0,8.0,207692307.69
224,SDJQE5,"27-29 Nam Kỳ Khởi Nghĩa, P.Nguyễn Thái Bình, Q.1, TP.HCM",270000000.0,1.3,8.0,8.0,8.0,207692307.69
225,0ZTRT9,"35-37 Yết Kiêu, P.9, Q.5, TP.HCM",25500000.0,391.1,6.0,6.0,6.0,65200.72
226,SDAMR5,"432 - 434 Nguyễn Oanh, P.17, Q.Gò Vấp, TP.HCM",38500000.0,216.29,2.0,2.0,1.0,178001.76
227,4J2GPF,"69A Nguyễn Sĩ Sách, P.15, Q.Tân Bình, TP.HCM",14000000.0,138.31,2.0,1.0,1.0,101221.89
228,C4UVUB,"Phạm Thế Hiển, P.6, Q.8, TP.HCM",14900000.0,130.35,5.0,2.0,3.0,114307.63
229,5HSBF7,"117C Thạnh Lộc 37, P.Thạnh Lộc, Q.12, TP.HCM",6900000.0,120.62,3.0,3.0,3.0,57204.44
230,6S7ZB8,"45 Điện Biên Phủ, P.2, Q.Bình Thạnh, TP.HCM",45000000.0,157.78,2.0,2.0,2.0,285207.25
231,02ZSC9,"242 Âu Dương Lân, P.Rạch Ông, Q.8, TP.HCM",34800000.0,234.65,15.0,15.0,4.0,148305.99
232,8UTX03,"39 Hoàng Quốc Việt, P.Phú Mỹ, Q.7, TP.HCM",12000000.0,157.89,1.0,1.0,1.0,76002.28
233,0GK5T9,"Quốc lộ 50, Xã Phong Phú, H.Bình Chánh, TP.HCM",28000000.0,112.72,8.0,9.0,5.0,248403.12
234,53J27X,"Phan Bội Châu, P.2, Q.Bình Thạnh, TP.HCM",25000000.0,346.74,5.0,5.0,6.0,72100.13
235,4JYHZF,"Lê Bình, P.4, Q.Tân Bình, TP.HCM",3850000.0,202.63,3.0,3.0,4.0,19000.15
236,UYCX6S,"MPN 51C Lê Quang Hoà, P.Thới An, Q.12, TP.HCM",6900000.0,96.91,4.0,5.0,4.0,71200.08
237,K4MURC,"11 đường DC3, P.Sơn Kỳ, Q.Tân Phú, TP.HCM",9300000.0,166.07,3.0,3.0,4.0,56000.48
238,358MZQ,"10 Thạnh Lộc 38, P.Thạnh Lộc, Q.12, TP.HCM",6500000.0,123.33,9.0,9.0,5.0,52704.13
239,QA4E2U,"MPN 16D Hiệp Thành 23, P.Tân Thới Hiệp, Q.12, TP.HCM",6500000.0,67.92,2.0,1.0,2.0,95700.82
240,9Z9ZHP,"82A đường số 4, P.An Lạc, Q.Bình Tân, TP.HCM",11000000.0,135.8,13.0,13.0,5.0,81001.47
241,13TFT6,"đường số 6, P.Bình Hưng Hòa, Q.Bình Tân, TP.HCM",8000000.0,91.01,1.0,4.0,5.0,87902.43
242,DE9QMH,"24 20, P.Bình Thọ, TP.Thủ Đức, TP.HCM",92000000.0,258.42,6.0,8.0,4.0,356009.6
243,CW27TB,"135 đường số 1, P.9, Q.Gò Vấp, TP.HCM",16000000.0,132.0,6.0,6.0,3.0,121212.12
244,GNHEY2,"Trường Chinh, P.14, Q.Tân Bình, TP.HCM",16500000.0,238.78,3.0,3.0,4.0,69101.26
245,Q7RA3U,"9 Thích Quảng Đức, P.4, Q.Phú Nhuận, TP.HCM",23000000.0,342.77,5.0,4.0,5.0,67100.39
246,5HGF87,"554 Đoàn Văn Bơ, P.13, Q.4, TP.HCM",8500000.0,143.09,4.0,4.0,3.0,59403.17
247,SDBRU5,"MPN 22 Thạnh Lộc 57, P.Thạnh Lộc, Q.12, TP.HCM",5400000.0,83.98,4.0,5.0,4.0,64301.02
248,CWW2RB,"791 Quang Trung, P.12, Q.Gò Vấp, TP.HCM",6350000.0,156.01,2.0,2.0,2.0,40702.52
249,K4ZSGC,"40 Lê Văn Lương, P.Tân Hưng, Q.7, TP.HCM",16800000.0,141.17,14.0,14.0,5.0,119005.45
250,GN1UD2,"142 Tô Hiến Thành, P.15, Q.10, TP.HCM",36000000.0,503.49,3.0,2.0,3.0,71500.92
251,JGG150,"602 Hồ Học Lãm, P.Bình Trị Đông B, Q.Bình Tân, TP.HCM",29000000.0,83.09,6.0,6.0,1.0,349019.14
252,5YVA47,"2485 Phạm Thế Hiển, P.7, Q.8, TP.HCM",10400000.0,95.5,2.0,2.0,2.0,108900.52
253,Q5HBTU,"Kinh Dương Vương, P.An Lạc A, Q.Bình Tân, TP.HCM",25000000.0,469.25,4.0,3.0,4.0,53276.51
254,J2SS10,"40 Thạnh Xuân 22, P.Thạnh Xuân, Q.12, TP.HCM",7550000.0,107.7,4.0,4.0,4.0,70102.14
255,GXA362,"42 Lê Thị Riêng, P.Thới An, Q.12, TP.HCM",12500000.0,161.7,4.0,4.0,4.0,77303.65
256,0Z2549,"135 Xuân Hồng, P.12, Q.Tân Bình, TP.HCM",21200000.0,281.16,10.0,11.0,5.0,75401.91
257,0Z2549,"135 Xuân Hồng, P.12, Q.Tân Bình, TP.HCM",21200000.0,281.16,10.0,11.0,5.0,75401.91
258,SYSV95,"378 Hòa Hảo, P.6, Q.10, TP.HCM",15700000.0,477.2,4.0,3.0,4.0,32900.25
259,YKXJGD,"đường số 4, An Lạc, Q.Bình Tân, TP.HCM",17000000.0,68.85,3.0,1.0,1.0,246913.58
260,35B1RQ,"60H08 Giang Văn Minh, P.An Phú, TP.Thủ Đức, TP.HCM",110000000.0,382.2,4.0,5.0,3.0,287807.43
261,6UKMK8,"14 Trần Văn Kỷ, P.14, Q.Bình Thạnh, TP.HCM",19900000.0,271.85,5.0,5.0,6.0,73202.13
262,WPV2MR,"76 Trần Khắc Chân, P.Tân Định, Q.1, TP.HCM",41000000.0,621.21,3.0,5.0,4.0,66000.23
263,6SYGD8,"73 đường số 43, P.Tân Quy, Q.7, TP.HCM",49500000.0,284.15,22.0,22.0,8.0,174203.77
264,DEK2XH,"34 Hồ Biểu Chánh, P.11, Q.Phú Nhuận, TP.HCM",69000000.0,278.56,5.0,5.0,5.0,247702.47
265,PXT5RG,"426 Nguyễn Oanh, P.6, Q.Gò Vấp, TP.HCM",11600000.0,137.11,4.0,3.0,2.0,84603.6
266,QAZQGU,"48 Phạm Đình Hổ, P.2, Q.6, TP.HCM",4700000.0,474.74,3.0,3.0,5.0,9900.16
267,6S5C38,"140 Nguyễn Oanh, P.17, Q.Gò Vấp, TP.HCM",19800000.0,330.0,4.0,3.0,3.0,60000.0
268,8MTE3A,"235A Lý Thường Kiệt, P.15, Q.11, TP.HCM",28000000.0,285.13,3.0,2.0,2.0,98200.82
269,Q79NRU,"200 Kha Vạn Cân, P.Hiệp Bình Chánh, TP.Thủ Đức, TP.HCM",14000000.0,160.73,3.0,3.0,2.0,87102.59
270,R9B26J,"A79 Nguyễn Thần Hiến, P.18, Q.4, TP.HCM",25700000.0,179.46,6.0,6.0,2.0,143207.4
271,EWWGQ4,"đường số 6, P.An Lạc, Q.Bình Tân, TP.HCM",7600000.0,76.27,3.0,3.0,3.0,99645.99
272,PCWAGA,"212 Nguyễn Trường Tộ, P.Tân Thành, Q.Tân Phú, TP.HCM",22000000.0,159.72,2.0,2.0,2.0,137741.05
273,0ZV359,"Nguyễn Ảnh Thủ, P.Hiệp Thành, Q.12, TP.HCM",13490000.0,191.61,5.0,3.0,4.0,70403.42
274,UY7YUS,"99 Nguyễn Du, P.7, Q.Gò Vấp, TP.HCM",19800000.0,243.84,4.0,5.0,4.0,81200.79
275,ERHB84,"276 đường Số 5, P.Bình Hưng Hòa, Q.Bình Tân, TP.HCM",12000000.0,131.57,3.0,2.0,2.0,91206.2
276,JGMYD0,"60 Thới An 04, P.Thới An, Q.12, TP.HCM",7200000.0,145.74,4.0,3.0,3.0,49403.05
277,1QSGG6,"138A Trần Huy Liệu, P.15, Q.Phú Nhuận, TP.HCM",10000000.0,185.18,1.0,2.0,2.0,54001.51
278,5HD5U7,"1129 Nguyễn Ảnh Thủ, P.Trung Mỹ Tây, Q.12, TP.HCM",14900000.0,190.29,1.0,1.0,1.0,78301.54
279,1UQAH6,"29 Thích Bửu Đăng, P.1, Q.Gò Vấp, TP.HCM",4050000.0,275.51,2.0,3.0,3.0,14700.01
280,5HYVM7,"43-45 Nguyễn Phạm Tuân, P.9, Q.6, TP.HCM",12000000.0,132.45,4.0,1.0,2.0,90600.23
281,9Z0ATP,"23 Thạnh Xuân 46, P.Thạnh Xuân, Q.12, TP.HCM",5860000.0,96.38,3.0,3.0,3.0,60801.0
282,4GQ8ZF,"82 Nguyễn Thái Học, Dĩ An, Dĩ An, TP.HCM",8000000.0,91.95,2.0,1.0,1.0,87003.81
283,85Q2D3,"1045 Nguyễn Kiệm, P.3, Q.Gò Vấp, TP.HCM",7100000.0,102.89,2.0,2.0,2.0,69005.73
284,6UWG68,"322 Trần Hưng Đạo, P.Nguyễn Cư Trinh, Q.1, TP.HCM",28500000.0,420.35,3.0,3.0,3.0,67800.64
285,4J1ZWF,"146 Trần Văn Đang, P.9, Q.3, TP.HCM",3350000.0,220.39,2.0,3.0,4.0,15200.33
286,AUWTYX,"742 Quốc Lộ 1A, P.Bình Hưng Hòa, Q.Bình Tân, TP.HCM",24700000.0,96.86,1.0,1.0,1.0,255007.23
287,7KYWCA,"854 Quang Trung, P.8, Q.Gò Vấp, TP.HCM",16500000.0,214.0,5.0,3.0,3.0,77102.8
288,YB3QQD,"39 Nguyễn Văn Linh, P.Tân Thuận Tây, Q.7, TP.HCM",19650000.0,235.04,3.0,1.0,2.0,83602.79
289,1UETW6,"297 Phạm Thế Hiển, P.Rạch Ông, Q.8, TP.HCM",16800000.0,213.74,7.0,8.0,4.0,78600.17
290,6QF6F8,"Đào Duy Từ, P.8, Q.10, TP.HCM",35000000.0,305.94,1.0,1.0,5.0,114401.52
291,6Q3KH8,"đường số 6, P.4, Q.4, TP.HCM",12600000.0,281.25,3.0,4.0,4.0,44800.0
292,5HX6B7,"Phạm Ngọc, P.Tân Quý, Q.Tân Phú, TP.HCM",11900000.0,106.53,2.0,2.0,2.0,111705.62
293,6S6W08,"95A Lũy Bán Bích, P.Tân Thới Hòa, Q.Tân Phú, TP.HCM",5950000.0,196.36,2.0,2.0,3.0,30301.49
294,GNGXD2,"191 Thạnh Lộc 15, P.Thạnh Lộc, Q.12, TP.HCM",7150000.0,114.95,5.0,5.0,3.0,62200.96
295,1URTB6,"12 đường số 40A, P.Tân Tạo, Q.Bình Tân, TP.HCM",11900000.0,148.75,4.0,3.0,3.0,80000.0
296,7HNRTA,"Quốc lộ 1A, P.Tân Chánh Hiệp, Q.12, TP.HCM",11500000.0,59.8,3.0,3.0,2.0,192307.69
297,8UV603,"100I Gò Dầu, P.Tân Quý, Q.Tân Phú, TP.HCM",16500000.0,257.16,3.0,3.0,4.0,64162.39
298,UYGJCS,"165 Trần Văn Kiểu, P.10, Q.6, TP.HCM",13900000.0,198.57,4.0,4.0,4.0,70000.5
299,7KCB1A,"824 Lê Trọng Tấn, P.Bình Hưng Hòa, Q.Bình Tân, TP.HCM",12000000.0,186.04,3.0,2.0,2.0,64502.26
300,1UQ3S6,"42B đường số 11, Cát Lái, Q.2, TP.HCM",7400000.0,119.54,3.0,2.0,3.0,61903.97
301,Q762FU,"72 Bạch Đằng, P.2, Q.Tân Bình, TP.HCM",34000000.0,473.33,13.0,13.0,7.0,71831.49
302,QAY7KU,"20 đường số 2, P.11, Q.Gò Vấp, TP.HCM",3250000.0,377.9,2.0,2.0,2.0,8600.16
303,RP063J,"162 đường số 8, P.11, Q.Gò Vấp, TP.HCM",6800000.0,290.59,2.0,2.0,2.0,23400.67
304,P1ZKXG,"105 Nguyễn Văn Khối, P.9, Q.Gò Vấp, TP.HCM",9000000.0,128.57,6.0,6.0,5.0,70000.78
305,6SCCN8,"300 Nguyễn Văn Đậu, P.11, Q.Bình Thạnh, TP.HCM",24000000.0,155.74,3.0,3.0,1.0,154102.99
306,C41CGB,"52 đường B, P.Phú Thạnh, Q.Tân Phú, TP.HCM",10800000.0,92.33,1.0,1.0,2.0,116971.73
307,UY49AS,"16 đường 302B Bông Sao, P.5, Q.8, TP.HCM",10400000.0,216.66,4.0,3.0,4.0,48001.48
308,7H4YXA,"đường số 51, P.14, Q.Gò Vấp, TP.HCM",6800000.0,130.51,1.0,1.0,1.0,52103.29
309,GNM4G2,"69 đường số 4, P.16, Q.Gò Vấp, TP.HCM",8390000.0,246.04,4.0,5.0,3.0,34100.15
310,0GRKZ9,"62 Phạm Phú Thứ, P.11, Q.Tân Bình, TP.HCM",6700000.0,211.75,2.0,2.0,3.0,31641.09
311,DCA65H,"276 đường số 5, KP10, P.Bình Hưng Hòa, Q.Bình Tân, TP.HCM",12000000.0,129.03,3.0,2.0,2.0,93001.63
312,SA1RE5,"169 Bờ Bao Tân Thắng, P.Sơn Kỳ, Q.Tân Phú, TP.HCM",15000000.0,234.37,2.0,2.0,2.0,64001.37
313,7D663A,"71 Nguyễn Hữu Dật, P.Tây Thạnh, Q.Tân Phú, TP.HCM",8700000.0,145.0,2.0,2.0,3.0,60000.0
314,JP78G0,"Nguyễn Ảnh Thủ, P.Hiệp Thành, Q.12, TP.HCM",10200000.0,158.87,2.0,1.0,1.0,64203.44
315,6SH1G8,"Một phần nhà số 267 Lê Trọng Tấn, P.Sơn Kỳ, Q.Tân Phú, TP.HCM",29000000.0,166.09,4.0,2.0,3.0,174604.13
316,1U2BN6,"500 Nguyễn Oanh, P.6, Q.Gò Vấp, TP.HCM",11490000.0,111.4,1.0,1.0,1.0,103141.83
317,QA00BU,"136 Âu Dương Lân, P.Rạch Ông, Q.8, TP.HCM",7480000.0,158.13,4.0,5.0,4.0,47302.85
318,8UEN83,"12F đường số 1, P.Tân Tạo A, Q.Bình Tân, TP.HCM",7100000.0,34.02,5.0,5.0,4.0,208700.76
319,7Q3TA8,"85 Đường 270 Cao Lỗ, P.4, Q.8, TP.HCM",28000000.0,175.0,4.0,5.0,3.0,160000.0
320,9T6Z8P,"19 Trần Thị Nghỉ, P.7, Q.Gò Vấp, TP.HCM",36500000.0,301.65,7.0,9.0,5.0,121001.16
321,EJWDG4,"đường số 8B, P.Bình Hưng Hoà A, Q.Bình Tân, TP.HCM",4800000.0,100.0,1.0,1.0,2.0,48000.0
322,AK7ZQY,"38 đường số 6D, P.An Lạc A, Q.Bình Tân, TP.HCM",12300000.0,136.66,3.0,3.0,4.0,90004.39
323,1QYEH6,"24 Hồ Văn Long, P.Bình Hưng Hoà B, Q.Bình Tân, TP.HCM",8000000.0,83.33,2.0,1.0,1.0,96003.84
324,8UXXR3,"66 Nguyễn Giản Thanh, P.15, Q.10, TP.HCM",15600000.0,259.39,4.0,6.0,3.0,60141.1
325,RCQHJQ,"61 Gò Dầu, P.Tân Quý, Q.Tân Phú, TP.HCM",16700000.0,210.32,5.0,3.0,3.0,79402.81
326,SY4935,"120 đường số 37, P.Tân Quy, Q.7, TP.HCM",13900000.0,195.22,3.0,3.0,2.0,71201.72
327,8SHFZ3,"6/11B Huỳnh Thị Na, Xã Đông Thạnh, H.Hóc Môn, TP.HCM",5000000.0,55.37,2.0,1.0,1.0,90301.61
328,EW9G14,"Sư Vạn Hạnh, P.10, Q.10, TP.HCM",13000000.0,392.74,8.0,5.0,5.0,33100.78
329,EJEDT4,"388 Lê Văn Thọ, P.16, Q.Gò Vấp, TP.HCM",16500000.0,202.37,4.0,5.0,3.0,81533.82
330,GXJYN2,"456 Phạm Văn Chí, P.8, Q.6, TP.HCM",4560000.0,230.3,1.0,2.0,2.0,19800.26
331,7KT6DA,"199-201 đường số 3, P.Bình Trị Đông B, Q.Bình Tân, TP.HCM",29500000.0,122.91,8.0,5.0,2.0,240013.02
332,PNXDJG,"105A Nguyễn Hữu Tiến, P.Tây Thạnh, Q.Tân Phú, TP.HCM",27000000.0,147.05,6.0,7.0,4.0,183611.02
333,9Z0HMP,"62 đường số 21, P.Phước Long A, TP.Thủ Đức, TP.HCM",11000000.0,166.09,2.0,2.0,2.0,66229.15
334,8S69H3,"73 đường số 24, P.Bình Trị Đông B, Q.Bình Tân, TP.HCM",14500000.0,161.11,4.0,5.0,4.0,90000.62
335,SYCR35,"59 Hoàng Văn Thụ, P.15, Q.Phú Nhuận, TP.HCM",13000000.0,268.59,3.0,3.0,3.0,48400.91
336,SAQV25,"7 Nguyễn Lộ Trạch, P.Tân Quý, Q.Tân Phú, TP.HCM",7850000.0,107.09,1.0,1.0,2.0,73302.83
337,3STWJQ,"đường số 7A, P.Bình Trị Đông B, Q.Bình Tân, TP.HCM",15500000.0,163.15,3.0,4.0,3.0,95004.6
338,RP1FAJ,"Cô Giang, P.1, Q.Phú Nhuận, TP.HCM",9950000.0,254.47,8.0,5.0,5.0,39100.88
339,81GK3A,"đường Số 14, P.An Lạc A, Q.Bình Tân, TP.HCM",8500000.0,163.46,4.0,3.0,4.0,52000.49
340,E0WW64,"đường số 14A, P.Bình Hưng Hoà A, Q.Bình Tân, TP.HCM",4750000.0,74.1,2.0,2.0,2.0,64102.56
341,KF91PC,"234-236 Hoàng Văn Thụ, P.4, Q.Tân Bình, TP.HCM",22000000.0,233.62,5.0,4.0,4.0,94170.02
342,QAYYBU,"45 Cô Giang, P.1, Q.Phú Nhuận, TP.HCM",14500000.0,317.98,4.0,5.0,5.0,45600.35
343,KFE7SC,"đường số 21, P.Bình Hưng Hoà A, Q.Bình Tân, TP.HCM",5600000.0,216.21,4.0,2.0,4.0,25900.74
344,PN2FVG,"675P2 Đoàn Văn Bơ, P.18, Q.4, TP.HCM",5250000.0,169.9,4.0,3.0,3.0,30900.53
345,5DURG7,"58D Gò Dưa, P.Tam Bình, TP.Thủ Đức, TP.HCM",13000000.0,115.65,2.0,1.0,1.0,112408.13
346,1QSCC6,"202 Lê Văn Sỹ, P.10, Q.Phú Nhuận, TP.HCM",28800000.0,296.6,4.0,4.0,3.0,97100.47
347,4R66PF,"193 - 195 Lê Tấn Bê, P.An Lạc, Q.Bình Tân, TP.HCM",29000000.0,93.33,10.0,6.0,1.0,310725.38
348,5YRYV7,"Một phần nhà 63 Bình Phú, P.Tam Phú, TP.Thủ Đức, TP.HCM",6900000.0,111.47,1.0,1.0,2.0,61900.06
349,6TU38Y,"Đường Bà Huyện Thanh Quan, P.Võ Thị Sáu, Q.3, TP.HCM",205000000.0,921.96,2.0,2.0,2.0,222352.38
350,ACW99Y,"33 đường DC7, P.Sơn Kỳ, Q.Tân Phú, TP.HCM",9250000.0,165.17,4.0,3.0,4.0,56002.91
351,UYU1KS,"71 Nguyễn Cửu Đàm, P.Tân Sơn Nhì, Q.Tân Phú, TP.HCM",32000000.0,352.03,3.0,2.0,2.0,90901.34
352,Y4J5PD,"171 Đỗ Pháp Thuận, P.An Khánh, TP.Thủ Đức, TP.HCM",90000000.0,281.25,5.0,5.0,3.0,320000.0
353,1UVA46,"32 đường số 4, P.7, Q.Gò Vấp, TP.HCM",16500000.0,171.87,3.0,2.0,3.0,96002.79
354,9T4A6P,"86 đường số 8, P.Bình Hưng Hoà A, Q.Bình Tân, TP.HCM",10800000.0,155.39,6.0,8.0,5.0,69502.54
355,DE0PWH,"216 Thạnh Lộc 31, P.An Phú Đông, Q.12, TP.HCM",7500000.0,143.95,4.0,5.0,5.0,52101.42
356,CWJ3TB,"32 đường số  3B, P.Bình Hưng Hoà A, Q.Bình Tân, TP.HCM",5350000.0,112.86,3.0,2.0,3.0,47403.86
357,2MXHNZ,"179 đường số 3, P.Bình Hưng Hòa, Q.Bình Tân, TP.HCM",10800000.0,191.82,3.0,3.0,3.0,56302.78
358,SDYK35,"76 Nguyễn Văn Vỹ, P.12, Q.Tân Bình, TP.HCM",5450000.0,150.13,3.0,3.0,3.0,36301.87
359,35GBJQ,"Duy Tân, P.15, Q.Phú Nhuận, TP.HCM",3680000.0,219.04,2.0,1.0,2.0,16800.58
360,Q74WEU,"626 Lê Trọng Tấn, P.Bình Hưng Hòa, Q.Bình Tân, TP.HCM",16000000.0,149.95,3.0,3.0,3.0,106702.23
361,5DRD67,"71 Tân Hiệp 9, TT.Hóc Môn, H.Hóc Môn, TP.HCM",9600000.0,38.4,1.0,1.0,2.0,250000.0
362,2X17JZ,"79 Nguyễn Văn Công, P.3, Q.Gò Vấp, TP.HCM",14200000.0,237.45,9.0,9.0,5.0,59802.06
363,W9PQER,"159 Lương Ngọc Quyến, P.5, Q.Gò Vấp, TP.HCM",2480000.0,103.33,1.0,1.0,2.0,24000.77
364,5YVFT7,"126 Thân Nhân Trung, P.13, Q.Tân Bình, TP.HCM",13700000.0,250.0,4.0,4.0,4.0,54800.0
365,PN4WAG,"437 Âu Cơ, P.Phú Trung, Q.Tân Phú, TP.HCM",7300000.0,150.2,2.0,1.0,2.0,48601.86
366,1UUDK6,"650 Hà Huy Giáp, P.Thạnh Lộc, Q.12, TP.HCM",6800000.0,101.82,2.0,2.0,1.0,66784.52
367,EBBX4W,"đường An Dương Vương, P.An Lạc, Q.Bình Tân, TP.HCM",48000000.0,104.85,1.0,1.0,1.0,457796.85
368,5H0QP7,"42 Tân Thới Nhất 1, P.Tân Thới Nhất, Q.12, TP.HCM",7500000.0,170.84,1.0,1.0,1.0,43900.73
369,37CSTQ,"21 đường số 1, P.10, Q.Tân Bình, TP.HCM",7790000.0,187.71,3.0,2.0,2.0,41500.19
370,37DGKQ,"39 Nguyễn Văn Yến, P.Tân Thới Hòa, Q.Tân Phú, TP.HCM",8800000.0,87.12,2.0,2.0,2.0,101010.1
371,J2ZCR0,"136 Đinh Tiên Hoàng, P.Đa Kao, Q.1, TP.HCM",18900000.0,465.51,9.0,2.0,4.0,40600.63
372,YCJNYD,"290 Phú Thọ Hoà, P.Phú Thọ Hòa, Q.Tân Phú, TP.HCM",18000000.0,220.23,6.0,4.0,4.0,81732.73
373,U784MS,"122 Nguyễn Hữu Tiến, P.Tây Thạnh, Q.Tân Phú, TP.HCM",13500000.0,179.04,5.0,4.0,5.0,75402.14
374,EJF0Q4,"149 Âu Dương Lân, P.Rạch Ông, Q.8, TP.HCM",7380000.0,279.54,4.0,3.0,4.0,26400.52
375,PX1JNG,"14 đường số 223, Xã Bình Mỹ, H.Củ Chi, TP.HCM",6050000.0,45.55,4.0,6.0,4.0,132821.08
376,37REVQ,"100 Võ Thị Phải, P.Thới An, Q.12, TP.HCM",7900000.0,65.61,6.0,6.0,1.0,120408.47
377,5HHBC7,"156A Nguyễn Súy, P.Tân Quý, Q.Tân Phú, TP.HCM",10900000.0,219.71,4.0,5.0,5.0,49610.85
378,85SDN3,"215A Phùng Văn Cung, P.4, Q.Phú Nhuận, TP.HCM",18000000.0,346.15,4.0,6.0,6.0,52000.58
379,3SNN6Q,"136 Nguyễn Hữu Tiến, P.Tây Thạnh, Q.Tân Phú, TP.HCM",10500000.0,141.89,5.0,5.0,6.0,74000.99
380,3SPAWQ,"100 Thiên Phước, P.9, Q.Tân Bình, TP.HCM",15600000.0,256.15,3.0,4.0,4.0,60901.82
381,4MJKF5,"Liên Khu 1-6, P.Bình Trị Đông, Q.Bình Tân, TP.HCM",8400000.0,126.47,4.0,3.0,5.0,66418.91
382,0Z50F9,"79 đường số 5, P.Bình Chiểu, TP.Thủ Đức, TP.HCM",12000000.0,69.0,3.0,3.0,1.0,173913.04
383,5HRBS7,"157 đường số 6, P.Bình Hưng Hoà B, Q.Bình Tân, TP.HCM",8500000.0,91.49,9.0,9.0,6.0,92906.33
384,6SKKQ8,"39L Hiệp Thành 06, P.Hiệp Thành, Q.12, TP.HCM",6850000.0,68.36,1.0,1.0,1.0,100204.8
385,SDC1W5,"14A đường số 5A, P.Bình Hưng Hoà A, Q.Bình Tân, TP.HCM",8900000.0,165.12,4.0,5.0,5.0,53900.19
386,YBCW7D,"155 Nguyễn Lộ Trạch, P.Tân Quý, Q.Tân Phú, TP.HCM",11000000.0,145.69,4.0,3.0,3.0,75502.78
387,1QYFC6,"đường Số 2, P.16, Q.Gò Vấp, TP.HCM",7900000.0,168.44,2.0,2.0,2.0,46900.97
388,8UMST3,"đường 26/3, P.Bình Hưng Hòa, Q.Bình Tân, TP.HCM",12200000.0,107.29,2.0,1.0,2.0,113710.5
389,Q5ZNBU,"1 đường số 3, P.Tân Tạo A, Q.Bình Tân, TP.HCM",6700000.0,67.06,6.0,6.0,2.0,99910.53
390,1QD4H6,"24 đường số 10, P.Bình Thuận, Q.7, TP.HCM",31500000.0,157.5,2.0,2.0,2.0,200000.0
391,YCBX4D,"26 Lý Thường Kiệt, P.6, Q.10, TP.HCM",32500000.0,514.24,8.0,6.0,6.0,63200.06
392,UAVU9S,"98 Nguyễn Du, P.7, Q.Gò Vấp, TP.HCM",18500000.0,163.86,11.0,11.0,6.0,112901.26
393,6QX408,"375 Nguyễn Sơn, P.Phú Thạnh, Q.Tân Phú, TP.HCM",7300000.0,154.33,2.0,2.0,3.0,47301.24
394,GUKH2N,"đường 275, P.Hiệp Phú, TP.Thủ Đức, TP.HCM",6800000.0,90.06,3.0,2.0,1.0,75505.22
395,AC6G7Y,"342 Lê Văn Sỹ, P.2, Q.Tân Bình, TP.HCM",79000000.0,284.67,3.0,1.0,2.0,277514.31
396,5HAFR7,"5 Vũ Chí Hiếu, P.13, Q.5, TP.HCM",21000000.0,476.19,3.0,2.0,3.0,44100.04
397,UH12MS,"Thống Nhất, P.16, Q.Gò Vấp, TP.HCM",7800000.0,162.5,3.0,4.0,4.0,48000.0
398,YBHWYD,"2 đường số 19, Thạnh Mỹ Lợi, Q.2, TP.HCM",9500000.0,78.18,2.0,1.0,1.0,121514.45
399,5H6MS7,"đường số 10, P.Bình Hưng Hoà A, Q.Bình Tân, TP.HCM",9500000.0,115.99,4.0,4.0,2.0,81903.61
400,QAPQTU,"Hương Lộ 2, P.Bình Trị Đông, Q.Bình Tân, TP.HCM",13900000.0,127.52,5.0,5.0,4.0,109002.51
401,37U4DQ,"94B1 Phùng Văn Cung, P.7, Q.Phú Nhuận, TP.HCM",26500000.0,350.06,11.0,11.0,7.0,75701.31
402,8SY2Q3,"498 Mã Lò, P.Bình Hưng Hoà A, Q.Bình Tân, TP.HCM",14500000.0,172.82,4.0,3.0,2.0,83902.33
403,9T709P,"10F Nguyễn Thị Thơi, P.Hiệp Thành, Q.12, TP.HCM",9800000.0,122.34,2.0,2.0,1.0,80104.63
404,CWE5QB,"29 Nguyễn Phúc Nguyên, P.10, Q.3, TP.HCM",7500000.0,438.59,4.0,5.0,5.0,17100.25
405,J2VUS0,"6 đường số 20, P.Bình Hưng Hoà A, Q.Bình Tân, TP.HCM",5450000.0,95.95,2.0,2.0,2.0,56800.42
406,PT9Y2G,"64 Nguyễn Súy, P.Tân Quý, Q.Tân Phú, TP.HCM",15800000.0,217.03,5.0,6.0,4.0,72801.0
407,YK336D,"172A Lê Sát, P.Tân Quý, Q.Tân Phú, TP.HCM",6400000.0,198.14,2.0,2.0,2.0,32300.39
408,5YVMS7,"340 đường Huỳnh Văn Bánh, P.10, Q.Phú Nhuận, TP.HCM",17000000.0,366.66,3.0,3.0,5.0,46364.48
409,85N6N3,"10 đường TK8, Xã Bà Điểm, H.Hóc Môn, TP.HCM",7900000.0,79.0,2.0,2.0,3.0,100000.0
410,E9WMC4,"667 Tân Sơn, P.12, Q.Gò Vấp, TP.HCM",13900000.0,217.18,4.0,6.0,5.0,64002.21
411,EJTWP4,"232 Phạm Ngũ Lão, P.7, Q.Gò Vấp, TP.HCM",7350000.0,165.16,2.0,1.0,2.0,44502.3
412,4J0V8F,"108 đường số 3, P.9, Q.Gò Vấp, TP.HCM",8199999.999999999,223.43,2.0,3.0,4.0,36700.53
413,6QT5C8,"đường số 19, P.Bình Trị Đông B, Q.Bình Tân, TP.HCM",15700000.0,174.44,4.0,4.0,4.0,90002.29
414,2MS17Z,"124 Lê Niệm, P.Phú Thạnh, Q.Tân Phú, TP.HCM",10500000.0,116.15,1.0,1.0,1.0,90400.34
415,0G1FW9,"47-47A đường Lý Chiêu Hoàng, P.10, Q.6, TP.HCM",33500000.0,107.47,5.0,5.0,5.0,311714.9
416,7KRMEA,"177 đường CN 11, P.Sơn Kỳ, Q.Tân Phú, TP.HCM",8300000.000000001,139.96,2.0,2.0,2.0,59302.66
417,AC4BBY,"205 Thoại Ngọc Hầu, P.Phú Thạnh, Q.Tân Phú, TP.HCM",38000000.0,198.84,45.0,45.0,8.0,191108.43
418,Q56BZU,"241 Dương Quảng Hàm, P.6, Q.Gò Vấp, TP.HCM",14000000.0,253.16,3.0,3.0,4.0,55301.0
419,7D03DA,"28H đường số 9A, P.Bình Hưng Hoà A, Q.Bình Tân, TP.HCM",8400000.0,97.44,6.0,4.0,3.0,86206.9
420,7EQKDA,"Huỳnh Tấn Phát, P.Phú Thuận, Q.7, TP.HCM",12600000.0,80.76,3.0,3.0,2.0,156017.83
421,7K729A,"87R Lê Văn Duyệt, P.1, Q.Bình Thạnh, TP.HCM",8180000.0,183.82,3.0,3.0,3.0,44500.05
422,1UPDZ6,"9B Vườn Lài nối dài, P.An Phú Đông, Q.12, TP.HCM",9800000.0,119.95,4.0,2.0,2.0,81700.71
423,7HSJKA,"55 đường số 17B, P.Bình Hưng Hòa, Q.Bình Tân, TP.HCM",11800000.0,112.38,4.0,5.0,4.0,105000.89
424,GNCFY2,"1A Đường Thạch Thị Thanh, P.Tân Định, Q.1, TP.HCM",42000000.0,551.18,7.0,7.0,5.0,76200.15
425,Q7AQJU,"F12, đường Số 30, P.9, Q.4, TP.HCM",10500000.0,328.12,5.0,3.0,5.0,32000.49
426,2NP7NZ,"Phan Văn Hớn, P.Tân Thới Nhất, Q.12, TP.HCM",13500000.0,102.27,3.0,3.0,3.0,132003.52
427,Q51A6U,"18 Đỗ Đức Dục, P.Phú Thọ Hòa, Q.Tân Phú, TP.HCM",8600000.0,120.9,3.0,2.0,2.0,71133.17
428,SDPUC5,"2/78B Bùi Thị Lùng, Xã Thới Tam Thôn, H.Hóc Môn, TP.HCM",5500000.0,78.23,2.0,1.0,1.0,70305.51
429,QACV1U,"A24 Khu dân cư Tạ Thị Ngọc Thảo Hoàng Quốc Việt, P.Phú Thuận, Q.7, TP.HCM",15800000.0,197.5,5.0,6.0,5.0,80000.0
430,5H4A67,"265A1 Nguyễn Văn Đậu, P.11, Q.Bình Thạnh, TP.HCM",12500000.0,217.39,7.0,6.0,6.0,57500.35
431,SD7625,"255 Huỳnh Văn Bánh, P.11, Q.Phú Nhuận, TP.HCM",16800000.0,391.6,4.0,4.0,3.0,42900.92
432,357S1Q,"67 đường Số 44, P.14, Q.Gò Vấp, TP.HCM",12900000.0,168.18,6.0,4.0,3.0,76703.53
433,Q75ZKU,"1504 Trường Sa, P.3, Q.Tân Bình, TP.HCM",10550000.0,432.37,3.0,3.0,4.0,24400.4
434,Q5Q5TU,"Bắc Hải, P.6, Q.Tân Bình, TP.HCM",10700000.0,356.66,2.0,2.0,2.0,30000.56
435,5HCDS7,"62 Thạnh Lộc 15, P.Thạnh Lộc, Q.12, TP.HCM",7500000.0,125.2,6.0,6.0,5.0,59904.15
436,PNAVXG,"560 Phạm Văn Chiêu, P.16, Q.Gò Vấp, TP.HCM",13900000.0,232.83,6.0,7.0,5.0,59700.21
437,PT8AKG,"99A Trần Văn Đang, P.9, Q.3, TP.HCM",3580000.0,246.89,3.0,4.0,4.0,14500.38
438,U7J8XS,"141 đường số 6, P.Bình Trưng Tây, TP.Thủ Đức, TP.HCM",31000000.0,96.0,1.0,1.0,1.0,322916.67
439,6SHFY8,"125 Huỳnh Văn Bánh, P.15, Q.Phú Nhuận, TP.HCM",11100000.0,458.67,8.0,4.0,5.0,24200.41
440,6U7T98,"Hồng Hà, P.2, Q.Tân Bình, TP.HCM",12900000.0,490.49,4.0,5.0,5.0,26300.23
441,GT0HT2,"Phạm Phú Thứ, P.11, Q.Tân Bình, TP.HCM",28000000.0,238.39,13.0,13.0,5.0,117454.59
442,AHR31Y,"- 34 Cống Hộp Rạch Bùng Binh, P.10, Q.3, TP.HCM",15000000.0,495.04,1.0,2.0,3.0,30300.58
443,1UDQ16,"Tam Đông 11, Xã Thới Tam Thôn, H.Hóc Môn, TP.HCM",3500000.0,73.37,2.0,1.0,1.0,47703.42
444,W9EUGR,"138-138A Đường Lê Lai, P.Phạm Ngũ Lão, Q.1, TP.HCM",450000000.0,998.66,1.0,3.0,3.0,450603.81
445,Q701GU,"46 đường số 4, P.11, Q.Gò Vấp, TP.HCM",8800000.0,185.26,3.0,4.0,4.0,47500.81
446,AHS01Y,"đường số 12, P.Bình Hưng Hòa, Q.Bình Tân, TP.HCM",7150000.0,123.06,3.0,5.0,2.0,58101.74
447,CFZV4B,"11 Đỗ Thị Tâm, P.Tân Quý, Q.Tân Phú, TP.HCM",6300000.0,108.62,3.0,2.0,2.0,58000.37
448,37Y51Q,"177 Phạm Văn Đồng, P.1, Q.Gò Vấp, TP.HCM",12300000.0,247.48,5.0,3.0,4.0,49700.99
449,CW4U6B,"453 Nguyễn Văn Khối, P.12, Q.Gò Vấp, TP.HCM",35500000.0,185.66,1.0,1.0,2.0,191209.74
450,U73BTS,"48 Nguyễn Văn Lượng, P.17, Q.Gò Vấp, TP.HCM",12000000.0,335.19,4.0,5.0,4.0,35800.59
451,2MDJPZ,"485/2 Lê Trọng Mân, TT.Cần Thạnh, H.Cần Giờ, TP.HCM",6800000.0,70.1,3.0,2.0,2.0,97004.28
452,7D6WBA,"57 đường số 35, P.Hiệp Bình Chánh, TP.Thủ Đức, TP.HCM",8189999.999999999,109.2,4.0,3.0,3.0,75000.0
453,02ERS9,"Nam Kỳ Khởi Nghĩa, P.Võ Thị Sáu, Q.3, TP.HCM",11000000.0,692.44,3.0,4.0,5.0,15885.85
454,UAMPYS,"Diệp Minh Châu, P.Tân Sơn Nhì, Q.Tân Phú, TP.HCM",13000000.0,144.28,2.0,2.0,2.0,90102.58
455,AKXM4Y,"105/12 Đường TL 37, P.Thạnh Lộc, Q.12, TP.HCM",2750000.0,58.76,1.0,1.0,1.0,46800.54
456,W9F72R,"7 đường số 16, Xã Phong Phú, H.Bình Chánh, TP.HCM",11500000.0,94.41,9.0,9.0,6.0,121809.13
457,CYSSBC,"Huỳnh Tấn Phát, P.Phú Mỹ, Q.7, TP.HCM",18500000.0,85.71,1.0,1.0,2.0,215844.13
458,AFG0FY,"9 đường số 37, P.4, Q.4, TP.HCM",15800000.0,303.84,6.0,5.0,4.0,52001.05
459,U73NAS,"432 Trần Văn Giàu, P.Tân Tạo, Q.Bình Tân, TP.HCM",11500000.0,141.97,1.0,1.0,1.0,81003.03
460,U72F2S,"16 đường số 4, Xã Phước Lộc, H.Nhà Bè, TP.HCM",14500000.0,109.84,4.0,4.0,3.0,132010.2
461,3YN42Q,"16 Nguyễn Thị Tươi, Tân Bình, Dĩ An, TP.HCM",2850000.0,48.3,2.0,2.0,1.0,59006.21
462,ABBGXY,"2 đường số 23, Xã Phú Xuân, H.Nhà Bè, TP.HCM",15000000.0,89.55,4.0,3.0,3.0,167504.19
463,8S5S03,"đường số 14, P.Bình Hưng Hoà A, Q.Bình Tân, TP.HCM",18800000.0,94.0,1.0,2.0,2.0,200000.0
464,SAM225,"43 đường số 149A, P.Long Trường, TP.Thủ Đức, TP.HCM",8199999.999999999,82.0,4.0,4.0,3.0,100000.0
465,2GM4ZN,"Quốc Lộ 13, P.Hiệp Bình Phước, TP.Thủ Đức, TP.HCM",31500000.0,203.35,9.0,8.0,4.0,154905.34
466,JGF8E0,"60 Nguyên Hồng, P.1, Q.Gò Vấp, TP.HCM",6200000.0,140.9,2.0,2.0,2.0,44002.84
467,4JNKAF,"66 đường số 18, P.Bình Hưng Hòa, Q.Bình Tân, TP.HCM",8600000.0,109.97,2.0,2.0,1.0,78203.15
468,6UBZ58,"Nguyễn Ngọc Nhựt, P.Tân Quý, Q.Tân Phú, TP.HCM",34000000.0,279.83,24.0,24.0,7.0,121502.34
469,49PM6F,"6 đường số 1, Xã Bình Hưng, H.Bình Chánh, TP.HCM",40000000.0,121.21,5.0,4.0,4.0,330005.78
470,RP03UJ,"62 Nguyễn Quang Diêu, P.Tân Quý, Q.Tân Phú, TP.HCM",2100000.0,250.0,1.0,1.0,2.0,8400.0
471,2134XZ,"49 Nguyễn Hữu Dật, P.Tây Thạnh, Q.Tân Phú, TP.HCM",10200000.0,127.15,2.0,1.0,1.0,80220.21
472,AK5UEY,"23 Kênh Nước Đen, P.Tân Thành, Q.Tân Phú, TP.HCM",11900000.0,169.75,4.0,3.0,3.0,70103.09
473,9T6B9P,"123 đường số 320 Bông Sao, P.5, Q.8, TP.HCM",11600000.0,181.25,5.0,6.0,4.0,64000.0
474,1QRHM6,"Bùi Văn Thêm, P.9, Q.Phú Nhuận, TP.HCM",25500000.0,314.03,4.0,5.0,5.0,81202.43
475,QV1KUQ,"Lê Văn Khương, P.Hiệp Thành, Q.12, TP.HCM",14500000.0,143.56,8.0,8.0,6.0,101003.06
476,YQCYD6,"5 Phan Huy Ôn, P.19, Q.Bình Thạnh, TP.HCM",22800000.0,290.07,5.0,4.0,4.0,78601.72
477,5HMB27,"36/7B Ấp Thới Tây 1, TT.Hóc Môn, H.Hóc Môn, TP.HCM",3950000.0,34.86,2.0,1.0,1.0,113310.38
478,YQCYD6,"5 Phan Huy Ôn, P.19, Q.Bình Thạnh, TP.HCM",22800000.0,290.07,5.0,4.0,4.0,78601.72
479,5HMB27,"36/7B Ấp Thới Tây 1, TT.Hóc Môn, H.Hóc Môn, TP.HCM",3950000.0,34.86,2.0,1.0,1.0,113310.38
480,85NFD3,"40/12 Đường 38, P.Hiệp Bình, TP.Thủ Đức, TP.HCM",7800000.0,150.87,4.0,3.0,4.0,51700.14
481,SCF8F5,"Lê Thị Trung, An Phú, Thuận An, TP.HCM",7150000.0,71.5,5.0,4.0,2.0,100000.0
482,0Z84F9,"31 Nguyễn Quý Anh, P.Tân Sơn Nhì, Q.Tân Phú, TP.HCM",10600000.0,179.35,5.0,3.0,4.0,59102.31
483,PNRS2G,"22 đường số 14, P.Linh Đông, TP.Thủ Đức, TP.HCM",7500000.0,91.46,1.0,1.0,1.0,82003.06
484,UYZ5MS,"37 Lê Đình Thụ, P.Tân Thành, Q.Tân Phú, TP.HCM",11300000.0,200.35,3.0,3.0,4.0,56401.3
485,8SUEV3,"132 đường số 6, P.Bình Chiểu, TP.Thủ Đức, TP.HCM",13500000.0,108.0,5.0,6.0,4.0,125000.0
486,3SV36Q,"223 Phan Đình Phùng, P.15, Q.Phú Nhuận, TP.HCM",24500000.0,353.53,4.0,5.0,6.0,69301.05
487,AH1CMY,"157 đường số 4, P.Phước Bình, TP.Thủ Đức, TP.HCM",10650000.0,118.86,2.0,1.0,1.0,89601.21
488,6QJ5K8,"30-32 đường số 31, P.10, Q.6, TP.HCM",23500000.0,182.59,10.0,6.0,4.0,128703.65
489,UYA0MS,"406 Lê Quang Định, P.11, Q.Bình Thạnh, TP.HCM",16500000.0,291.51,9.0,9.0,6.0,56601.83
490,1QVFG6,"33 Lê Công Phép, P.An Lạc, Q.Bình Tân, TP.HCM",9800000.0,146.05,4.0,5.0,4.0,67100.31
491,UAHXRS,"112 Ca Văn Thỉnh, P.13, Q.Tân Bình, TP.HCM",16900000.0,315.29,14.0,14.0,6.0,53601.45
492,W0C9DR,"124 Trần Thị Điệu, P.Phước Long B, TP.Thủ Đức, TP.HCM",10300000.0,121.31,3.0,4.0,3.0,84906.44
493,GTQRJ2,"190/1C Quang Hùng 3, Xã Thới Tam Thôn, H.Hóc Môn, TP.HCM",4500000.0,56.32,2.0,1.0,2.0,79900.57
494,37PRTQ,"86 đường số 17, P.Bình Chiểu, TP.Thủ Đức, TP.HCM",6600000.0,58.87,2.0,3.0,3.0,112111.43
495,JG6ZG0,"Trần Đại Nghĩa, P.Tân Tạo A, Q.Bình Tân, TP.HCM",15950000.0,0.0,2.0,2.0,2.0,inf
496,AKN10Y,"Phùng Văn Cung, P.2, Q.Phú Nhuận, TP.HCM",11950000.0,267.93,2.0,2.0,2.0,44601.2
497,U7PJMS,"1319 Lê Đức Thọ, P.15, Q.Gò Vấp, TP.HCM",12300000.0,188.65,4.0,5.0,5.0,65200.11
498,7HN2TA,"Công Chúa Ngọc Hân, P.10, Q.11, TP.HCM",10000000.0,249.37,5.0,4.0,4.0,40101.05
499,PZHB7G,"Lê Trọng Tấn, P.Bình Hưng Hòa, Q.Bình Tân, TP.HCM",18500000.0,310.4,6.0,5.0,5.0,59600.52
500,9ZW0DP,"214 Nguyễn Thái Bình, P.12, Q.Tân Bình, TP.HCM",24500000.0,322.36,4.0,4.0,3.0,76001.99
501,5D94Q7,"Đường Nguyễn Hữu Cảnh, P.22, Q.Bình Thạnh, TP.HCM",11000000.0,310.73,2.0,1.0,2.0,35400.51
502,J2KYX0,"2012 Lê Văn Lương, Xã Nhơn Đức, H.Nhà Bè, TP.HCM",7900000.0,35.61,1.0,1.0,1.0,221847.8
503,UA3FVS,"54 Thới An 12, khu phố 3, P.Thới An, Q.12, TP.HCM",5100000.0,69.48,2.0,1.0,1.0,73402.42
504,YCE2HD,"641 An Dương Vương, khu phố 14, P.Bình Trị Đông, Q.Bình Tân, TP.HCM",7150000.0,99.67,5.0,4.0,4.0,71736.73
505,2M03TZ,"39 Trần Thủ Độ, P.Phú Thạnh, Q.Tân Phú, TP.HCM",8500000.0,133.64,2.0,2.0,2.0,63603.71
506,Q5647U,"72A Kênh Nước Đen, P.Bình Hưng Hoà A, Q.Bình Tân, TP.HCM",12500000.0,158.83,3.0,5.0,4.0,78700.5
507,U76UUS,"Trần Bá Giao, P.5, Q.Gò Vấp, TP.HCM",14200000.0,167.65,4.0,4.0,4.0,84700.27
508,SD4JQ5,"72A Hồ Văn Huê, P.9, Q.Phú Nhuận, TP.HCM",10200000.0,393.82,2.0,3.0,3.0,25900.16
509,Q5AAGU,"67 đường số 359, P.Phước Long B, TP.Thủ Đức, TP.HCM",4800000.0,147.23,2.0,2.0,2.0,32602.05
510,6U6C78,"707 Tân Kỳ Tân Qúy, P.Bình Hưng Hoà A, Q.Bình Tân, TP.HCM",26000000.0,174.02,1.0,1.0,2.0,149408.11
511,1UE0K6,"12 Đặng Minh Trứ, P.10, Q.Tân Bình, TP.HCM",8800000.0,162.96,1.0,1.0,1.0,54000.98
512,02BS29,"Đường Gò Dầu, P.Tân Quý, Q.Tân Phú, TP.HCM",12500000.0,184.47,6.0,4.0,4.0,67761.7
513,CW7UYB,"167/5C Tân Hiệp 39-40, Xã Tân Hiệp, H.Hóc Môn, TP.HCM",2650000.0,29.28,2.0,1.0,1.0,90505.46
514,QA707U,"11 đường Số 192 Khu Biệt Thự, P.6, Q.8, TP.HCM",78000000.0,105.54,4.0,5.0,1.0,739056.28
515,2MURNZ,"30 Lô K Cư Xá Phú Lâm D, P.10, Q.6, TP.HCM",13600000.0,190.74,5.0,6.0,3.0,71301.25
516,13TE26,"1163 Kha Vạn Cân KP4, P.Linh Trung, TP.Thủ Đức, TP.HCM",9500000.0,79.83,3.0,3.0,2.0,119002.88
517,DCT7TH,"Số 5 Đường số 38, P.Hiệp Bình Chánh, TP.Thủ Đức, TP.HCM",34000000.0,87.5,4.0,1.0,1.0,388571.43
518,8BRP3A,"60/5G Đông Hưng Thuận 8, P.Đông Hưng Thuận, Q.12, TP.HCM",7800000.0,127.86,1.0,1.0,2.0,61004.22
519,RGGPPJ,"380 Tân Kỳ Tân Quý, P.Tân Quý, Q.Tân Phú, TP.HCM",20700000.0,103.19,4.0,2.0,2.0,200600.83
520,UC4QAS,"Thửa 1051 - Tờ 8 đường số 38, P.Hiệp Bình Chánh, TP.Thủ Đức, TP.HCM",17000000.0,57.43,3.0,2.0,2.0,296012.54
521,QADXKU,"1075 Cách Mạng Tháng Tám, P.7, Q.Tân Bình, TP.HCM",18500000.0,211.91,1.0,1.0,2.0,87301.21
522,WPVGXR,"108 đường 105B Trịnh Quang Nghị, P.7, Q.8, TP.HCM",8900000.0,74.16,4.0,5.0,4.0,120010.79
523,9ZMH0P,"15 đường số 8, P.Hiệp Bình Chánh, TP.Thủ Đức, TP.HCM",17500000.0,151.51,4.0,5.0,4.0,115503.93
524,6U6DU8,"83 Trịnh Đình Trọng, P.Phú Trung, Q.Tân Phú, TP.HCM",12900000.0,162.65,4.0,3.0,4.0,79311.4
525,AHQZUY,"184 đường số 8 KP7, P.Bình Hưng Hòa, Q.Bình Tân, TP.HCM",9300000.0,88.48,1.0,1.0,1.0,105108.5
526,KEQKJC,"Một phần nhà số 60 Liên Khu 16-18, P.Bình Trị Đông, Q.Bình Tân, TP.HCM",13500000.0,92.59,6.0,6.0,2.0,145804.08
527,DBMPAH,"Đường Cách Mạng Tháng 8, P.15, Q.10, TP.HCM",20000000.0,248.75,7.0,7.0,5.0,80402.01
528,8U1NE3,"Lê Văn Khương, KP5, P.Hiệp Thành, Q.12, TP.HCM",7100000.0,138.13,2.0,1.0,2.0,51400.85
529,37DAXQ,"59 đường số 339, P.Phước Long B, TP.Thủ Đức, TP.HCM",16200000.0,183.25,6.0,6.0,4.0,88403.82
530,0GMAH9,"18 đường số 1, KDC Gia Hòa, Xã Phong Phú, H.Bình Chánh, TP.HCM",14000000.0,92.1,2.0,2.0,2.0,152008.69
531,7D4E8A,"5 đường số 11, khu phố 2, P.An Lạc, Q.Bình Tân, TP.HCM",7000000.0,76.11,3.0,2.0,3.0,91972.15
532,RG21VJ,"34 đường Tân Thới Nhất 04, P.Tân Thới Nhất, Q.12, TP.HCM",9350000.0,187.0,4.0,5.0,5.0,50000.0
533,8SEPM3,"121I đường số 11, KP9, P.Trường Thọ, TP.Thủ Đức, TP.HCM",37500000.0,117.18,36.0,36.0,5.0,320020.48
534,6QMBD8,"191C Đường Hoàng Hoa Thám, P.7, Q.Bình Thạnh, TP.HCM",26500000.0,253.1,5.0,5.0,6.0,104701.7
535,UY9XGS,"38 đường số 3, P.Linh Chiểu, TP.Thủ Đức, TP.HCM",18800000.0,188.0,4.0,5.0,4.0,100000.0
536,RG9HCJ,"số 5 đường số 8, P.Linh Tây, TP.Thủ Đức, TP.HCM",2700000.0,77.36,2.0,1.0,1.0,34901.76
537,DCUAWH,"14/5B Bắc Lân 2, Xã Bà Điểm, H.Hóc Môn, TP.HCM",3900000.0,77.22,2.0,1.0,1.0,50505.05
538,7HZ1YA,"197C1 Đường Nguyễn Thượng Hiền, P.5, Q.Bình Thạnh, TP.HCM",8680000.0,185.86,7.0,7.0,4.0,46701.82
539,W0V6QR,"Liên Khu 2-10, P.Bình Hưng Hoà A, Q.Bình Tân, TP.HCM",7500000.0,117.18,5.0,6.0,4.0,64004.1
540,7HZ1YA,"197C1 Đường Nguyễn Thượng Hiền, P.5, Q.Bình Thạnh, TP.HCM",8680000.0,185.86,7.0,7.0,4.0,46701.82
541,W0V6QR,"Liên Khu 2-10, P.Bình Hưng Hoà A, Q.Bình Tân, TP.HCM",7500000.0,117.18,5.0,6.0,4.0,64004.1
542,CFDQUB,"Số 08,đường 110 Trương Đình Hội, P.16, Q.8, TP.HCM",9790000.0,117.66,4.0,3.0,4.0,83205.85
543,UDKV9S,"104K đường số 6, Cư Xá Bình Thới, P.8, Q.11, TP.HCM",3800000.0,79.16,1.0,1.0,1.0,48004.04
544,YGPVD6,"MPN 83 Huỳnh Thiện Lộc, P.Hòa Thạnh, Q.Tân Phú, TP.HCM",10600000.0,193.43,2.0,1.0,2.0,54800.19
545,5YSFW7,"đường số 31, Khu Tên Lửa, P.Bình Trị Đông B, Q.Bình Tân, TP.HCM",12500000.0,156.25,3.0,4.0,4.0,80000.0
546,SY2CR5,"Đường Liên khu 2-10, P.Bình Hưng Hoà A, Q.Bình Tân, TP.HCM",5200000.0,86.37,1.0,1.0,2.0,60206.09
547,DBN39H,"Đường Ấp Chiến Lược, P.Bình Hưng Hòa, Q.Bình Tân, TP.HCM",12500000.0,200.32,7.0,7.0,6.0,62400.16
548,5DN8C7,"20 đường số 3, KP34, P.Bình Chiểu, TP.Thủ Đức, TP.HCM",8500000.0,87.44,3.0,3.0,3.0,97209.52
549,SYCJQ5,"15 đường số 25, khu phố 11, P.Bình Hưng Hoà A, Q.Bình Tân, TP.HCM",5850000.0,91.83,2.0,1.0,2.0,63704.67
550,AKE33Y,"94/2 Nguyễn Ảnh Thủ, ấp Tây Lân, Xã Bà Điểm, H.Hóc Môn, TP.HCM",18000000.0,213.27,3.0,4.0,3.0,84400.06
551,JGJEZ0,"MPN 45 đường số 3, khu phố 4, P.Tân Tạo A, Q.Bình Tân, TP.HCM",4300000.0,59.72,5.0,5.0,1.0,72002.68
552,UAE09S,"22 đường số 75 KDC Tân Quy Đông, P.Tân Phong, Q.7, TP.HCM",62000000.0,176.58,1.0,1.0,1.0,351115.64
553,UAE09S,"22 đường số 75 KDC Tân Quy Đông, P.Tân Phong, Q.7, TP.HCM",62000000.0,176.58,1.0,1.0,1.0,351115.64
554,37HUNQ,"75 đường số 8B, khu phố 13, P.Bình Hưng Hoà A, Q.Bình Tân, TP.HCM",2850000.0,154.89,2.0,1.0,2.0,18400.15
555,Q79TWU,"Lô 33 Đường Phạm Thế Hiển, P.4, Q.8, TP.HCM",8500000.0,395.34,2.0,1.0,2.0,21500.48
556,Q79TWU,"Lô 33 Đường Phạm Thế Hiển, P.4, Q.8, TP.HCM",8500000.0,395.34,2.0,1.0,2.0,21500.48
557,GX1PM2,"28H9 đường DD11, Khu dân cư An Sương, P.Tân Hưng Thuận, Q.12, TP.HCM",14500000.0,138.09,2.0,3.0,3.0,105003.98
558,2MARGZ,"C31/1 Tân Xuân 3, ấp Mới 1, Xã Tân Xuân, H.Hóc Môn, TP.HCM",4500000.0,65.88,2.0,1.0,2.0,68306.01
559,02GCP9,"Dân Trí, phường 6, Tân Bình, P.6, Q.Tân Bình, TP.HCM",10300000.0,90.98,2.0,1.0,2.0,113211.69
560,ACCHBY,"6C đường số 14, khu dân cư Cityland, P.10, Q.Gò Vấp, TP.HCM",49000000.0,228.97,4.0,4.0,4.0,214001.83
561,SDH895,"34 Thới Tứ 2, ấp Thới Tứ, Xã Thới Tam Thôn, H.Hóc Môn, TP.HCM",3890000.0,84.38,2.0,2.0,2.0,46100.97
562,6UQP98,"67/10F Tân Hiệp 31, ấp Thới Tây 2, Xã Tân Hiệp, H.Hóc Môn, TP.HCM",4950000.0,51.08,3.0,2.0,2.0,96906.81
563,Q7PFRU,"Đường Lê Đức Thọ, P.6, Q.Gò Vấp, TP.HCM",23800000.0,330.55,12.0,12.0,5.0,72001.21
564,ACZRHY,"16 (nền D68) đường số 4A, Khu dân cư 13E, Xã Phong Phú, H.Bình Chánh, TP.HCM",9200000.0,92.0,2.0,4.0,4.0,100000.0
565,GXVEP2,"Cư Xá Phú Thọ Hòa - Lạc Long Quân, P.5, Q.11, TP.HCM",8750000.0,164.16,4.0,4.0,3.0,53301.66
566,7D5CYA,"Chợ Lớn - khu dân cư bình phú, P.11, Q.6, TP.HCM",17500000.0,218.75,3.0,4.0,4.0,80000.0
567,408BSF,"9C Nguyễn Thị Nuôi, ấp Thống Nhất 1, Xã Tân Thới Nhì, H.Hóc Môn, TP.HCM",6500000.0,68.56,2.0,1.0,2.0,94807.47
568,8SKP63,"Thửa 107 - Tờ 100, đường số 3, Xã Tân Thông Hội, H.Củ Chi, TP.HCM",3500000.0,40.55,4.0,2.0,2.0,86313.19
569,408BSF,"9C Nguyễn Thị Nuôi, ấp Thống Nhất 1, Xã Tân Thới Nhì, H.Hóc Môn, TP.HCM",6500000.0,68.56,2.0,1.0,2.0,94807.47
570,8SKP63,"Thửa 107 - Tờ 100, đường số 3, Xã Tân Thông Hội, H.Củ Chi, TP.HCM",3500000.0,40.55,4.0,2.0,2.0,86313.19
571,85K283,"8/2A Nguyễn Thị Sóc, Ấp Hưng Lân, Xã Bà Điểm, H.Hóc Môn, TP.HCM",16500000.0,97.74,4.0,2.0,2.0,168815.22
572,DBM8RH,"Thửa 691 - Tờ 44 đường số 405, Xã Phước Vĩnh An, H.Củ Chi, TP.HCM",5600000.0,28.34,6.0,7.0,2.0,197600.56
573,7HX68A,"C28 (Thửa  902 - tờ 33 ) Tổ 49, khu phố 4, P.Trung Mỹ Tây, Q.12, TP.HCM",6000000.0,98.03,2.0,1.0,1.0,61205.75
574,37YD1Q,"3 đường số 1, Khu dân cư Lê Thành, P.An Lạc, Q.Bình Tân, TP.HCM",12000000.0,188.67,6.0,5.0,5.0,63603.12
575,DENJAH,"39 đường số 10, Khu dân cư Trung Sơn, Xã Bình Hưng, H.Bình Chánh, TP.HCM",22000000.0,183.33,5.0,6.0,4.0,120002.18
576,RPC54J,"đường 12F, khu định cư số 4, ấp 4, Xã Phong Phú, H.Bình Chánh, TP.HCM",13500000.0,128.57,4.0,4.0,4.0,105001.17
577,UYFYYS,"7 đường số 5, Cư Xá Chu Văn An, P.26, Q.Bình Thạnh, TP.HCM",15300000.0,212.5,3.0,3.0,3.0,72000.0
578,DEPFDH,"32 đường số 12, Khu dân cư Vĩnh Lộc, P.Bình Hưng Hoà B, Q.Bình Tân, TP.HCM",11500000.0,135.29,4.0,4.0,5.0,85002.59
579,K4YZXC,"46 đường số 10 khu dân cư Hương Lộ 5, P.An Lạc, Q.Bình Tân, TP.HCM",8000000.0,125.0,6.0,5.0,4.0,64000.0
580,6S3578,"86 đường số 2 Cư Xá Chu Văn An, P.26, Q.Bình Thạnh, TP.HCM",15200000.0,207.93,5.0,6.0,4.0,73101.52
581,SDP745,"C16 đường Phú Thuận, Khu dân cư Nam Long, P.Phú Thuận, Q.7, TP.HCM",21800000.0,275.94,4.0,4.0,4.0,79002.68
582,SYKMB5,"Thạnh Xuân 52, khu phố 3, P.Thạnh Xuân, Q.12, TP.HCM",4680000.0,93.58,4.0,4.0,3.0,50010.69
583,AK9MPY,"Thửa 502 - tờ 66 Đường Thạnh Xuân 14, P.Thạnh Xuân, Q.12, TP.HCM",6300000.0,95.45,2.0,2.0,2.0,66003.14
584,U71MVS,"số 3 đường số 2 KDC Gia Hòa, ấp 5, Xã Phong Phú, H.Bình Chánh, TP.HCM",12360000.0,85.83,3.0,3.0,3.0,144005.59
585,9Z7RRP,"59 đường vào khu nhà ở Gia Hòa, KDC Gia Hòa, ấp 5, Xã Phong Phú, H.Bình Chánh, TP.HCM",11000000.0,115.78,5.0,3.0,4.0,95007.77
586,Q7924U,"32 Phạm Hùng Nối Dài, Khu nhà ở rạch Bà Tánh, ấp 5, Xã Bình Hưng, H.Bình Chánh, TP.HCM",17500000.0,159.09,6.0,6.0,4.0,110000.63
587,DE6ZYH,"Thửa 1197 - Tờ 03 Đường 203, P.Thiên Hương, TP.Thuỷ Nguyên, TP. Hải Phòng",6000000.0,50.42,3.0,2.0,2.0,119000.4
588,EJ20N4,"61 số 22, P.An Khánh, Q.Ninh Kiều, TP. Cần Thơ",3950000.0,98.75,4.0,5.0,3.0,40000.0
589,7HWNCA,"6 đường ĐX 079, P.Định Hoà, TP.Thủ Dầu Một, Bình Dương",6500000.0,32.0,5.0,2.0,2.0,203125.0
590,AFPBHY,"97 Khánh Hội, P.3, Q.4, TP.HCM",25000000.0,277.77,1.0,1.0,1.0,90002.52
591,9V2HVP,"133 Gò Công, P.13, Q.5, TP.HCM",39000000.0,389.22,5.0,6.0,5.0,100200.4
592,8DU9K3,"C24 đường D5B, P.Phú Mỹ, Q.7, TP.HCM",11000000.0,122.22,4.0,4.0,3.0,90001.64
593,6AXYH8,"661 Hồng Bàng, P.6, Q.6, TP.HCM",15000000.0,159.91,2.0,1.0,1.0,93802.76
594,17ZEV6,"45C Cao Thắng, P.3, Q.3, TP.HCM",27000000.0,459.18,5.0,6.0,5.0,58800.47
595,17FNJ6,"208 Nguyễn Trãi, P.Phạm Ngũ Lão, Q.1, TP.HCM",780000000.0,1.3,15.0,15.0,15.0,600000000.0
596,UKJHXS,"143 (1 Phần) Bàn Cờ, P.3, Q.3, TP.HCM",28000000.0,442.33,5.0,4.0,4.0,63301.16
597,WZ1N3R,"341 Nguyễn Trãi, P.Nguyễn Cư Trinh, Q.1, TP.HCM",170000000.0,975.21,7.0,7.0,7.0,174321.43
598,RTM0WJ,"Vân Thân, P.8, Q.6, TP.HCM",26000000.0,222.03,6.0,4.0,4.0,117101.29
599,SCYWY5,"Hoàng Sa, P.Võ Thị Sáu, Q.3, TP.HCM",11000000.0,315.18,3.0,3.0,3.0,34900.69
600,W2SQQR,"Bà Hạt, P.9, Q.10, TP.HCM",15000000.0,583.65,3.0,2.0,3.0,25700.33
601,UD9EXS,"191 Cô Giang, P.Cô Giang, Q.1, TP.HCM",40000000.0,526.31,8.0,8.0,6.0,76000.84
602,SH9VY5,"62-64 Nguyễn Biểu, P.1, Q.5, TP.HCM",250000000.0,739.51,9.0,9.0,10.0,338061.69
603,7C4UZA,"107 ( Bên phải ) Vườn Chuối, P.4, Q.3, TP.HCM",90000000.0,606.46,5.0,5.0,7.0,148402.2
604,7C4UZA,"107 ( Bên phải ) Vườn Chuối, P.4, Q.3, TP.HCM",90000000.0,606.46,5.0,5.0,7.0,148402.2
605,UDKT6S,"123 Vĩnh Hội, P.4, Q.4, TP.HCM",30000000.0,299.1,7.0,7.0,6.0,100300.9
606,R2TY7J,"53 Vĩnh Hội, P.4, Q.4, TP.HCM",13000000.0,449.82,3.0,4.0,4.0,28900.45
607,PXMJMG,"2 160, Tăng Nhơn Phú A, Q.9, TP.HCM",6600000.0,122.22,4.0,4.0,4.0,54000.98
608,2VV3WZ,"945 Nguyễn Trãi, P.13, Q.5, TP.HCM",10000000.0,285.71,2.0,2.0,2.0,35000.53
609,WP6DCR,"23 Đông Du, P.Bến Nghé, Q.1, TP.HCM",71000000.0,1.46,3.0,3.0,3.0,48630136.99
610,QABMMU,"75 Trương Định, P.Bến Nghé, Q.1, TP.HCM",75000000.0,660.79,6.0,7.0,3.0,113500.51
611,3SAA6Q,"Tân Phước, P.6, Q.10, TP.HCM",18000000.0,584.41,5.0,6.0,6.0,30800.29
612,UKN7FS,"Đinh Tiên Hoàng, P.Đa Kao, Q.1, TP.HCM",23000000.0,534.88,4.0,5.0,3.0,43000.3
613,WT8KWR,"Vĩnh Hội, P.4, Q.4, TP.HCM",25000000.0,367.64,6.0,5.0,4.0,68001.31
614,UCJE8S,"475 Tân Sơn, P.12, Q.Gò Vấp, TP.HCM",20000000.0,163.26,1.0,1.0,1.0,122503.98
615,SB0EN5,"Lê Lợi, P.1, Q.Gò Vấp, TP.HCM",28000000.0,267.17,18.0,18.0,7.0,104802.19
616,WT8T6R,"21 Minh Phụng, P.9, Q.6, TP.HCM",15500000.0,239.56,6.0,6.0,5.0,64701.95
617,1AB8M6,"92-94 Võ Oanh, P.25, Q.Bình Thạnh, TP.HCM",63000000.0,375.0,2.0,2.0,4.0,168000.0
618,P1U49G,"27(15.15) đường 5m thông, P.Tân Thới Nhất, Q.12, TP.HCM",8990000.0,52.57,1.0,1.0,1.0,171010.08
619,WTVG6R,"64 Thạnh Lộc 15, P.Thạnh Lộc, Q.12, TP.HCM",9000000.0,144.23,5.0,4.0,5.0,62400.33
620,3HB62Q,"161 Nguyễn Thị Thập, P.Tân Hưng, Q.7, TP.HCM",45000000.0,450.0,6.0,5.0,5.0,100000.0
621,42N7AF,"72 Trần Phú, P.4, Q.5, TP.HCM",4790000.0,199.58,2.0,2.0,3.0,24000.4
622,RNVD7J,"Văn Thân, P.8, Q.6, TP.HCM",2100000.0,115.38,2.0,2.0,2.0,18200.73
623,7445VA,"142 Võ Thị Sáu, P.8, Q.3, TP.HCM",210000000.0,724.38,2.0,1.0,2.0,289903.09
624,JX2P80,"Gò Xoài, P.Bình Hưng Hoà A, Q.Bình Tân, TP.HCM",6000000.0,98.36,2.0,2.0,2.0,61000.41
625,G6NF12,"Lô Tư, P.Bình Hưng Hoà A, Q.Bình Tân, TP.HCM",49000000.0,110.11,4.0,6.0,3.0,445009.54
626,G6NF12,"Lô Tư, P.Bình Hưng Hoà A, Q.Bình Tân, TP.HCM",49000000.0,110.11,4.0,6.0,3.0,445009.54
627,8DSW73,"VT41-07 Thạnh Thới, TT.Cần Thạnh, H.Cần Giờ, TP.HCM",12990000.0,162.44,6.0,5.0,4.0,79967.99
628,SBAZR5,"83 đường Trang Tử, P.14, Q.5, TP.HCM",21000000.0,280.74,5.0,3.0,5.0,74802.31
629,6YQKA8,"âu cơ, P.14, Q.11, TP.HCM",6300000.0,157.5,3.0,2.0,2.0,40000.0
630,C94GGB,"40-42 Bùi Thị Xuân, P.Bến Thành, Q.1, TP.HCM",250000000.0,1.52,40.0,40.0,10.0,164473684.21
631,YWKWKD,"21 Phan Kế Bính, P.Đa Kao, Q.1, TP.HCM",88000000.0,691.82,3.0,3.0,3.0,127200.72
632,28T19Z,"174 Lạc Long Quân, P.3, Q.11, TP.HCM",19000000.0,155.22,1.0,1.0,1.0,122406.91
633,5B5GX7,"672 Nguyễn Trãi, P.11, Q.5, TP.HCM",11500000.0,312.5,2.0,2.0,1.0,36800.0
634,WZWPHR,"Bến Than, Xã Hòa Phú, H.Củ Chi, TP.HCM",4200000.0,33.6,4.0,1.0,2.0,125000.0
635,5BS5B7,"135/22 Hòa Hưng, P.12, Q.10, TP.HCM",12900000.0,307.14,8.0,8.0,6.0,42000.39
636,UKQXCS,"HỒNG BÀNG, P.1, Q.11, TP.HCM",11500000.0,193.6,3.0,3.0,2.0,59400.83
637,4GB1CF,"37 đường số 45, P.4, Q.4, TP.HCM",22000000.0,305.55,6.0,6.0,4.0,72001.31
638,A4SXDY,"3/6 Phạm Thế Hiển, P.5, Q.8, TP.HCM",10000000.0,120.77,5.0,4.0,3.0,82802.02
639,17XFM6,"18 đường DC6, P.Sơn Kỳ, Q.Tân Phú, TP.HCM",8000000.0,129.03,1.0,1.0,1.0,62001.09
640,17XFM6,"18 đường DC6, P.Sơn Kỳ, Q.Tân Phú, TP.HCM",8000000.0,129.03,1.0,1.0,1.0,62001.09
641,3DVNVQ,"Văn Cao, P.Phú Thọ Hòa, Q.Tân Phú, TP.HCM",5000000.0,147.05,3.0,2.0,3.0,34002.04
642,QH1KYU,"8.7 Hồng Bàng, P.5, Q.5, TP.HCM",5490000.0,183.0,3.0,2.0,4.0,30000.0
643,5B3CG7,"102 Hàn Hải Nguyên, P.8, Q.11, TP.HCM",16000000.0,295.2,5.0,4.0,4.0,54200.54
644,PVFHQG,"29/15 Nguyễn Bỉnh Khiêm, P.Đa Kao, Q.1, TP.HCM",65000000.0,1.21,6.0,6.0,6.0,53719008.26
645,JNKCQ0,"78-80 Trần Đình Xu, P.Cô Giang, Q.1, TP.HCM",135000000.0,761.42,5.0,5.0,5.0,177300.31
646,9MBBHP,"138-138A Nguyễn Thị Thập, P.Bình Thuận, Q.7, TP.HCM",200000000.0,253.03,1.0,1.0,1.0,790420.11
647,A461JY,"215 Tây Thạnh, P.Tây Thạnh, Q.Tân Phú, TP.HCM",14000000.0,133.46,4.0,2.0,2.0,104900.34
648,17GF36,"86 Võ Văn Tần, P.4, Q.3, TP.HCM",750000000.0,1.24,5.0,5.0,3.0,604838709.68
649,8YZHH3,"401 Hàn Hải Nguyên, P.2, Q.11, TP.HCM",20000000.0,265.6,6.0,2.0,4.0,75301.2
650,26EUSZ,"666 Hưng Phú, P.Hưng Phú, Q.8, TP.HCM",8700000.0,188.47,4.0,3.0,4.0,46161.19
651,3DR3FQ,"37 Đỗ Quang, Thảo Điền, Q.2, TP.HCM",23500000.0,398.3,8.0,8.0,4.0,59000.75
652,4GMMNF,"140-142 Trần Nhân Tôn, P.2, Q.10, TP.HCM",100000000.0,216.07,2.0,2.0,2.0,462812.98
653,265VAZ,"227/3 Đồng Đen, P.11, Q.Tân Bình, TP.HCM",42000000.0,182.6,6.0,7.0,3.0,230010.95
654,3DE7ZQ,"đường C1, P.13, Q.Tân Bình, TP.HCM",38000000.0,157.61,8.0,6.0,4.0,241101.45
655,RT104J,"đường số 47, P.4, Q.4, TP.HCM",13000000.0,322.58,5.0,3.0,5.0,40300.08
656,5BW1T7,"149 Lý Thường Kiệt, P.15, Q.11, TP.HCM",115000000.0,488.53,1.0,1.0,2.0,235400.08
657,5BWXG7,"28-30 Huỳnh Thúc Kháng, P.Bến Nghé, Q.1, TP.HCM",225000000.0,2.18,9.0,9.0,10.0,103211009.17
658,4GT09F,"43 Cư Xá Đô Thành đường số 4, P.4, Q.3, TP.HCM",15000000.0,517.24,7.0,7.0,3.0,29000.08
659,C0G47B,"đường số 64, P.10, Q.6, TP.HCM",25000000.0,183.82,10.0,10.0,5.0,136002.61
660,PV8Z8G,"Gia Phú, P.2, Q.6, TP.HCM",15200000.0,184.55,1.0,1.0,1.0,82362.5
661,4GZKBF,"57-57A-55/2 Hồ Hảo Hớn, P.Cô Giang, Q.1, TP.HCM",115000000.0,579.05,7.0,7.0,8.0,198601.16
662,7ECR7A,"Yết Kiêu, P.9, Q.5, TP.HCM",36500000.0,555.55,6.0,7.0,5.0,65700.66
663,26M2HZ,"Hoàng Diệu, P.8, Q.4, TP.HCM",12800000.0,528.92,3.0,2.0,5.0,24200.26
664,JNGYJ0,"Vĩnh Viễn, P.4, Q.10, TP.HCM",9500000.0,334.5,3.0,4.0,5.0,28400.6
665,C0F36B,"Phạm Thế Hiển, P.4, Q.8, TP.HCM",17000000.0,138.66,2.0,2.0,2.0,122602.05
666,7ED82A,"551 An Phú Đông, P.An Phú Đông, Q.12, TP.HCM",2150000.0,48.86,1.0,1.0,1.0,44003.27
667,8YQ9K3,"Chánh Hưng, P.5, Q.8, TP.HCM",19500000.0,263.15,4.0,2.0,2.0,74102.22
668,EPF3J4,"Ba Tháng Hai, P.14, Q.10, TP.HCM",48000000.0,407.81,5.0,4.0,4.0,117701.87
669,AES27Y,"Khu dân cư 13A Intresco, Xã Bình Hưng, H.Bình Chánh, TP.HCM",18200000.0,130.0,3.0,3.0,3.0,140000.0
670,67MF28,"Võ Oanh, P.25, Q.Bình Thạnh, TP.HCM",36000000.0,529.41,3.0,3.0,3.0,68000.23
671,JTFGA0,"gần Chợ Bình Điền Đường 10m., P.7, Q.8, TP.HCM",13500000.0,135.0,3.0,2.0,2.0,100000.0
672,21JK7Z,"Khánh Hội, P.13, Q.4, TP.HCM",8790000.0,219.75,3.0,3.0,3.0,40000.0
673,KR7G1C,"Bình Trị Đông, Bình Trị Đông A, Bình Tân, TP.HCM",17000000.0,77.27,8.0,6.0,4.0,220007.76
674,21KQ5Z,"81 Lê Niệm, P.Phú Thạnh, Q.Tân Phú, TP.HCM",10000000.0,137.36,1.0,1.0,1.0,72801.4
675,AENCQY,"811 Đoàn Văn Bơ, P.18, Q.4, TP.HCM",23000000.0,145.47,8.0,8.0,3.0,158108.2
676,CJVAGB,"Ngô Quyền, P.8, Q.10, TP.HCM",15500000.0,342.16,2.0,1.0,1.0,45300.44
677,674EU8,"Hiệp Thành 45, P.Tân Thới Hiệp, Q.12, TP.HCM",3000000.0,91.46,2.0,2.0,1.0,32801.22
678,67KME8,"Nguyễn Chế Nghĩa, P.Xóm Củi, Q.8, TP.HCM",11000000.0,299.72,5.0,3.0,5.0,36700.92
679,7BRX4A,"85 Âu Cơ, P.14, Q.11, TP.HCM",17000000.0,419.75,5.0,6.0,7.0,40500.3
680,RZNMNJ,"457 Tân Sơn, P.12, Q.Gò Vấp, TP.HCM",30000000.0,196.97,2.0,1.0,1.0,152307.46
681,SKKD15,"13 Hiền Vương, P.Phú Thạnh, Q.Tân Phú, TP.HCM",7990000.0,84.28,2.0,2.0,2.0,94803.04
682,KWDX6C,"134/2 (Số cũ 1070) Khuông Việt, P.Phú Thạnh, Q.Tân Phú, TP.HCM",16000000.0,112.67,5.0,3.0,2.0,142007.63
683,CRHTXB,"302 Gia Phú, P.1, Q.6, TP.HCM",30000000.0,391.64,3.0,2.0,3.0,76600.96
684,49KPUF,"đường số 2, P.Tân Phong, Q.7, TP.HCM",33000000.0,261.9,7.0,7.0,6.0,126002.29
685,5KVQ47,"121 Thới An 33, P.Thới An, Q.12, TP.HCM",8199999.999999999,119.7,4.0,5.0,5.0,68504.59
686,PX5XMG,"190 Chiến Thắng, P.9, Q.Phú Nhuận, TP.HCM",2050000.0,205.0,2.0,2.0,2.0,10000.0
687,65BAV8,"28 đường số 33, An Phú, Q.2, TP.HCM",47000000.0,293.75,5.0,5.0,4.0,160000.0
688,SHY6G5,"6 Trần Nhân Tôn, P.2, Q.10, TP.HCM",19000000.0,271.42,3.0,2.0,2.0,70002.21
689,0ZRCX9,"34B ( Thửa 515 - tờ 38) đường 457, Xã Trung An, H.Củ Chi, TP.HCM",3950000.0,19.77,2.0,1.0,1.0,199797.67
690,7KMFWA,"1002 Nguyễn Xiển, Long Bình, Q.9, TP.HCM",14500000.0,111.28,1.0,1.0,1.0,130301.94
691,6S9038,"MP 136 Thới An 11, P.Thới An, Q.12, TP.HCM",4600000.0,70.55,3.0,3.0,3.0,65201.98
692,6S0KT8,"605 Tạ Quang Bửu, P.4, Q.8, TP.HCM",26000000.0,325.0,5.0,6.0,4.0,80000.0
693,37PDWQ,"282A Lê Văn Sỹ, P.14, Q.3, TP.HCM",40000000.0,400.0,3.0,3.0,3.0,100000.0
694,6SWAW8,"120 Lê Thị Riêng, P.Bến Thành, Q.1, TP.HCM",33000000.0,532.77,4.0,4.0,4.0,61940.42
695,85WFJ3,"78 Hùng Vương, P.1, Q.10, TP.HCM",46500000.0,372.89,1.0,1.0,2.0,124701.65
696,UYJPJS,"TK 28/41 Nguyễn Cảnh Chân, P.Cầu Kho, Q.1, TP.HCM",30000000.0,909.09,6.0,5.0,5.0,33000.03
697,6SEN48,"87B Bùi Thị Xuân, P.Phạm Ngũ Lão, Q.1, TP.HCM",78000000.0,614.17,8.0,8.0,8.0,127000.67
698,1UKXP6,"490 Gia Phú, P.2, Q.6, TP.HCM",8199999.999999999,176.34,2.0,1.0,1.0,46501.08
699,85BTQ3,"Lê Lâm, P.Phú Thạnh, Q.Tân Phú, TP.HCM",36000000.0,115.71,1.0,1.0,1.0,311122.63
700,85B213,"Trường Sa, P.15, Q.Phú Nhuận, TP.HCM",15000000.0,339.36,4.0,4.0,5.0,44200.85
701,9T8FGP,"1A Thới An 15, P.Thới An, Q.12, TP.HCM",4890000.0,60.74,2.0,1.0,1.0,80507.08
702,2MQJMZ,"112 Trần  Quốc Thảo, P.Võ Thị Sáu, Q.3, TP.HCM",330000000.0,800.79,10.0,12.0,5.0,412093.06
703,YBJQWD,"9A Tôn  Thất Tùng, P.Phạm Ngũ Lão, Q.1, TP.HCM",69000000.0,770.94,9.0,12.0,8.0,89501.13
704,6SHQN8,"90-92 Tân Hương, P.Tân Quý, Q.Tân Phú, TP.HCM",56000000.0,323.51,8.0,8.0,8.0,173101.3
705,UYBQGS,"51A Trần Quốc Toản, P.Võ Thị Sáu, Q.3, TP.HCM",50000000.0,487.8,3.0,3.0,4.0,102501.03
706,EJ23Y4,"116 Nguyễn Văn Thủ, P.Đa Kao, Q.1, TP.HCM",190000000.0,783.82,6.0,8.0,3.0,242402.59
707,EJ2N34,"56 Cửu Long, P.2, Q.Tân Bình, TP.HCM",28000000.0,313.9,3.0,3.0,3.0,89200.38
708,PN6Z1G,"132 đường số 1, P.Tân Phú, Q.7, TP.HCM",160000000.0,270.77,166.0,166.0,8.0,590907.41
709,7K46EA,"149 Nguyễn Chí Thanh, P.9, Q.5, TP.HCM",65000000.0,377.46,5.0,6.0,5.0,172203.68
710,85DKP3,"94 Nguyễn Du, P.7, Q.Gò Vấp, TP.HCM",65000000.0,197.44,26.0,28.0,7.0,329213.94
711,0ZXKW9,"219A Phan Văn Khỏe, P.6, Q.6, TP.HCM",14000000.0,177.89,6.0,6.0,5.0,78700.32
712,DE4MMH,"5F Hưng Phú, P.Hưng Phú, Q.8, TP.HCM",7600000.0,168.51,1.0,1.0,2.0,45101.18
713,5HKWB7,"Tam Đảo, P.15, Q.10, TP.HCM",7400000.0,256.05,2.0,2.0,2.0,28900.61
714,0ZTNQ9,"975 Quang Trung, P.14, Q.Gò Vấp, TP.HCM",19000000.0,178.06,9.0,9.0,4.0,106705.6
715,UYY4GS,"297 Ụ Cây, P.Hưng Phú, Q.8, TP.HCM",5600000.0,166.66,4.0,3.0,3.0,33601.34
716,SDDH65,"159 Sông Lu, Xã Hòa Phú, H.Củ Chi, TP.HCM",9000000.0,15.12,5.0,5.0,3.0,595238.1
717,9TZCNP,"Điện Biên Phủ, P.1, Q.3, TP.HCM",30000000.0,247.93,19.0,20.0,5.0,121001.9
718,QA7KRU,"1257 Vĩnh Lộc, Xã Vĩnh Lộc B, H.Bình Chánh, TP.HCM",14000000.0,83.18,3.0,3.0,1.0,168309.69
719,PNZWVG,"200C Bến Than, Xã Hòa Phú, H.Củ Chi, TP.HCM",2850000.0,27.69,2.0,1.0,1.0,102925.24
720,7KDFSA,"240 Nguyễn thị Búp, P.Hiệp Thành, Q.12, TP.HCM",14000000.0,132.07,4.0,5.0,4.0,106004.39
721,6S3V18,"491 Lạc Long Quân, P.5, Q.11, TP.HCM",9000000.0,214.28,7.0,5.0,5.0,42001.12
722,QASB3U,"36 Nguyễn Văn Đừng, P.5, Q.5, TP.HCM",19000000.0,362.59,5.0,3.0,4.0,52400.78
723,K4KYYC,"Bạch Đằng, P.25, Q.Bình Thạnh, TP.HCM",12000000.0,201.0,5.0,3.0,3.0,59701.49
724,JGJB20,"Thửa 815 - tờ 30 Bến Than, Xã Hòa Phú, H.Củ Chi, TP.HCM",4500000.0,17.71,2.0,1.0,1.0,254093.73
725,RPWYBJ,"93A đường số 3, P.Tân Kiểng, Q.7, TP.HCM",15000000.0,216.76,3.0,3.0,3.0,69200.96
726,JP4340,"28 Cây Cám, P.Bình Hưng Hoà B, Q.Bình Tân, TP.HCM",5000000.0,74.62,2.0,3.0,2.0,67006.16
727,Q50ZXU,"952 Lò Gốm, P.8, Q.6, TP.HCM",24000000.0,115.05,8.0,6.0,2.0,208604.95
728,5YGA27,"935 Quang Trung, P.14, Q.Gò Vấp, TP.HCM",35000000.0,187.16,2.0,2.0,2.0,187005.77
729,5YGAP7,"30 đường DC11, P.Sơn Kỳ, Q.Tân Phú, TP.HCM",12000000.0,140.0,4.0,4.0,4.0,85714.29
730,4R65XF,"1220 Trường Sa, P.13, Q.Phú Nhuận, TP.HCM",26000000.0,339.39,6.0,5.0,4.0,76608.03
731,EWM664,"224 Hồng Lạc, P.11, Q.Tân Bình, TP.HCM",14000000.0,117.44,3.0,2.0,2.0,119209.81
732,6QBJ78,"98 Tam Đảo, P.14, Q.10, TP.HCM",20000000.0,417.53,1.0,1.0,6.0,47900.75
733,GTS862,"An Phú Đông 25, P.An Phú Đông, Q.12, TP.HCM",68000000.0,43.87,10.0,10.0,2.0,1550034.19
734,SA4C25,"Phạm Hữu Chí, P.12, Q.5, TP.HCM",18000000.0,315.23,5.0,5.0,4.0,57101.16
735,4R2NZF,"13-15 Phạm Vấn, P.Phú Thọ Hòa, Q.Tân Phú, TP.HCM",49000000.0,437.89,6.0,6.0,6.0,111900.25
736,0GXDB9,"Tân Hòa Đông, P.14, Q.6, TP.HCM",28000000.0,198.44,4.0,2.0,2.0,141100.58
737,5YCP47,"135 Ngô Quyền, P.Hiệp Phú, Q.9, TP.HCM",8300000.000000001,259.37,4.0,3.0,4.0,32000.62
738,3S5UTQ,"An Hội, P.15, Q.Gò Vấp, TP.HCM",16500000.0,144.35,4.0,4.0,5.0,114305.51
739,YY32D6,"Phú Hòa, P.8, Q.Tân Bình, TP.HCM",62000000.0,600.36,6.0,4.0,6.0,103271.37
740,A7F2YX,"đường B, P.Phú Thạnh, Q.Tân Phú, TP.HCM",13000000.0,154.76,5.0,3.0,3.0,84001.03
741,53SA7X,"119 Lê Đại Hành, P.7, Q.11, TP.HCM",18000000.0,189.07,5.0,3.0,3.0,95202.83
742,EH3J4W,"201 Nguyễn Văn Thủ, P.Đa Kao, Q.1, TP.HCM",45000000.0,835.29,8.0,9.0,5.0,53873.51
743,DUZ3HF,"47 Đường 52B, P.Tân Tạo, Q.Bình Tân, TP.HCM",12000000.0,106.66,27.0,24.0,5.0,112507.03
744,94ZEPM,"14 Trần Quý Khoách, P.Tân Định, Q.1, TP.HCM",60000000.0,0.0,2.0,2.0,2.0,inf
745,UVAYS5,"8 Điện Biên Phủ, P.Đa Kao, Q.1, TP.HCM",18000000.0,375.78,8.0,8.0,4.0,47900.37
746,CS9ZBC,"411 Võ Văn Tần, P.5, Q.3, TP.HCM",82000000.0,806.29,2.0,2.0,3.0,101700.38
747,3WE2Q3,"87 đường số 30, P.Tân Phong, Q.7, TP.HCM",15000000.0,208.33,4.0,5.0,4.0,72001.15
748,79C2A8,"129 Trường Chinh, P.12, Q.Tân Bình, TP.HCM",24000000.0,181.54,2.0,2.0,2.0,132202.27
749,J32R0D,"63 Chấn Hưng, P.6, Q.Tân Bình, TP.HCM",25000000.0,346.5,5.0,6.0,4.0,72150.07
750,70FGA8,"90 Dã Tượng, P.10, Q.8, TP.HCM",9600000.0,173.28,3.0,3.0,4.0,55401.66
751,2535ZN,"Nguyễn Oanh, P.17, Q.Gò Vấp, TP.HCM",18000000.0,12.85,2.0,2.0,2.0,1400778.21
752,6YSX8Y,"Âu Cơ, P.Tân Thành, Q.Tân Phú, TP.HCM",16000000.0,181.81,1.0,1.0,1.0,88003.96
753,3H95PQ,"lê thúc hoạch, P.Phú Thọ Hòa, Q.Tân Phú, TP.HCM",5000000.0,104.16,2.0,2.0,2.0,48003.07
754,DRNUXH,"100 Dương ba trac, P.Rạch Ông, Q.8, TP.HCM",4180000.0,77.4,2.0,2.0,2.0,54005.17
755,SBPG35,"114 Hoàng Hoa Thám, P.12, Q.Tân Bình, TP.HCM",43000000.0,228.11,6.0,6.0,3.0,188505.55
756,AF204Y,"79A Ba Tháng Hai, P.10, Q.10, TP.HCM",12800000.0,568.88,4.0,4.0,5.0,22500.35
757,AF2JEY,"93 đường số 8, Xã Bình Hưng, H.Bình Chánh, TP.HCM",32000000.0,320.0,14.0,8.0,6.0,100000.0
758,1AEK76,"4 ĐƯỜNG SỐ 50, P.2, Q.4, TP.HCM",7500000.0,288.46,3.0,4.0,4.0,26000.14
759,K0NBQC,"100 Hiep thanh 12, P.Tân Thới Hiệp, Q.12, TP.HCM",6200000.0,103.33,3.0,2.0,1.0,60001.94
760,749T7A,"40A Đặng Văn Ngữ, P.10, Q.Phú Nhuận, TP.HCM",28990000.0,298.86,4.0,5.0,4.0,97001.94
761,WT6GVR,"123 Đinh Tiên Hoàng, P.13, Q.Bình Thạnh, TP.HCM",40000000.0,460.82,2.0,2.0,4.0,86801.79
762,UCWVRS,"21B Đô Đốc Thủ, P.Tân Quý, Q.Tân Phú, TP.HCM",11000000.0,98.83,2.0,1.0,1.0,111302.24
763,74JR8A,"đường số 1, P.15, Q.Gò Vấp, TP.HCM",62000000.0,87.45,3.0,2.0,1.0,708976.56
764,EGN9M4,"228 Lê Quang Định, P.14, Q.Bình Thạnh, TP.HCM",20000000.0,338.98,1.0,1.0,1.0,59000.53
765,9V3NSP,"nguyễn háo vĩnh, P.Phú Thọ Hòa, Q.Tân Phú, TP.HCM",6000000.0,56.6,4.0,3.0,3.0,106007.07
766,5EWUV7,"42 đường số 7, Xã Bình Hưng, H.Bình Chánh, TP.HCM",21000000.0,175.0,6.0,5.0,5.0,120000.0
767,JX19Z0,"Hà Huy Giáp, P.Thạnh Lộc, Q.12, TP.HCM",27700000.0,169.93,10.0,10.0,5.0,163008.3
768,6YH6X8,"5 Hiệp Thành 35, P.Tân Thới Hiệp, Q.12, TP.HCM",4500000.0,91.83,2.0,2.0,2.0,49003.59
769,P16FTG,"72 4, P.Hiệp Bình Phước, TP.Thủ Đức, TP.HCM",3850000.0,114.24,2.0,2.0,2.0,33700.98
770,C99K5B,"179 Cách Mạng Tháng Tám, P.5, Q.3, TP.HCM",40000000.0,394.86,2.0,2.0,2.0,101301.73
771,K00X2C,"91 Duy Tân, P.15, Q.Phú Nhuận, TP.HCM",8500000.0,293.1,3.0,3.0,3.0,29000.34
772,9VM4VP,"Lạc Long Quân, P.3, Q.11, TP.HCM",4790000.0,106.44,1.0,1.0,1.0,45001.88
773,EGP2S4,"240 Liên hệ, Xã Bình Mỹ, H.Củ Chi, TP.HCM",36800000.0,14.15,1.0,1.0,1.0,2600706.71
774,3HA6TQ,"36 kinh dương vương, P.13, Q.6, TP.HCM",5790000.0,123.19,2.0,2.0,2.0,47000.57
775,G6MUF2,"tôn thất hiệp, P.11, Q.11, TP.HCM",11500000.0,179.96,3.0,3.0,2.0,63903.09
776,DR44JH,"60 38, P.Hiệp Bình Chánh, TP.Thủ Đức, TP.HCM",6200000.0,77.5,3.0,2.0,2.0,80000.0
777,P1T0UG,"55 Đào Duy Anh, P.9, Q.Phú Nhuận, TP.HCM",39000000.0,354.54,8.0,8.0,5.0,110001.69
778,8DSFU3,"409 Lê Hồng Phong, P.2, Q.10, TP.HCM",4090000.0,123.93,2.0,2.0,2.0,33002.5
779,AFKFTY,"TA 13, Thới An, Q.12, TP.HCM",7110000.0,112.93,4.0,5.0,4.0,62959.36
780,74DSQA,"Bến Vân Đồn, P.2, Q.4, TP.HCM",6500000.0,260.0,3.0,3.0,5.0,25000.0
781,1A3MS6,"Bến Vân Đồn, P.2, Q.4, TP.HCM",7600000.0,281.48,3.0,4.0,5.0,27000.14
782,YWKZJD,"âu cơ, P.9, Q.Tân Bình, TP.HCM",6500000.0,135.41,2.0,2.0,1.0,48002.36
783,EGW1F4,"362-364 đường Hưng Phú, P.Hưng Phú, Q.8, TP.HCM",18500000.0,219.19,4.0,3.0,2.0,84401.66
784,SBA0B5,"TL14-27 Tam Tân, Xã Xuân Thới Sơn, H.Hóc Môn, TP.HCM",6860000.0,137.38,4.0,3.0,4.0,49934.49
785,QK5WMU,"AS48-08 Thanh Niên, Xã Xuân Thới Sơn, H.Hóc Môn, TP.HCM",6240000.0,124.84,4.0,4.0,4.0,49983.98
786,5EY0G7,"MPN 29 đường số 11, P.4, Q.4, TP.HCM",9300000.0,300.0,3.0,4.0,4.0,31000.0
787,P121FG,"35 đường số 9, P.4, Q.8, TP.HCM",9600000.0,111.49,2.0,2.0,2.0,86106.38
788,K0B0GC,"21 đường Võ Liên Sơn, P.4, Q.8, TP.HCM",14000000.0,175.0,6.0,4.0,3.0,80000.0
789,C0HM8B,"tam binh, P.Hiệp Bình Phước, TP.Thủ Đức, TP.HCM",6000000.0,66.66,3.0,2.0,1.0,90009.0
790,WZEWYR,"306 Nguyễn Duy Dương, P.4, Q.10, TP.HCM",14600000.0,384.21,4.0,4.0,4.0,38000.05
791,A4SMCY,"1354 Ba Tháng Hai, P.2, Q.11, TP.HCM",25500000.0,394.73,8.0,6.0,7.0,64601.12
792,JNF720,"54 Lê Sao, P.Phú Thạnh, Q.Tân Phú, TP.HCM",9700000.0,147.64,3.0,4.0,4.0,65700.35
793,KJYMUC,"40 đường S3, P.Tây Thạnh, Q.Tân Phú, TP.HCM",12500000.0,128.99,4.0,4.0,2.0,96906.74
794,G107N2,"Thạnh thới, Xã Long Hòa, H.Cần Giờ, TP.HCM",11870000.0,148.42,5.0,5.0,4.0,79975.74
795,5BQYF7,"30 Văn Cao, P.Phú Thọ Hòa, Q.Tân Phú, TP.HCM",6300000.0,256.09,2.0,2.0,3.0,24600.73
796,UK6C6S,"573D Cách Mạng Tháng 8, P.15, Q.10, TP.HCM",7000000.0,406.97,1.0,1.0,2.0,17200.29
797,17N8E6,"84 Tân Quý, P.Tân Quý, Q.Tân Phú, TP.HCM",15500000.0,175.53,5.0,4.0,4.0,88303.99
798,JNEJ70,"142 đường số 2, P.16, Q.Gò Vấp, TP.HCM",4000000.0,98.28,3.0,3.0,2.0,40700.04
799,17TVC6,"MPN 101 Thạnh Xuân 38, P.Thạnh Xuân, Q.12, TP.HCM",7450000.0,70.75,4.0,5.0,4.0,105300.35
800,QHVVXU,"Ko có số nhà Nguyễn Thị thảnh, Xã Đông Thạnh, H.Hóc Môn, TP.HCM",2970000.0,52.1,2.0,2.0,2.0,57005.76
801,UK1GMS,"272 Bình Long, P.Phú Thạnh, Q.Tân Phú, TP.HCM",37500000.0,151.82,4.0,5.0,2.0,247003.03
802,0XEK39,"719 Phạm Văn Chí, P.7, Q.6, TP.HCM",7600000.0,220.93,4.0,3.0,4.0,34400.04
803,SC1ZX5,"38 đường số 5A, P.Bình Trị Đông B, Q.Bình Tân, TP.HCM",12000000.0,150.0,4.0,5.0,5.0,80000.0
804,8YN9W3,"520 Nguyễn Đình Chiểu, P.4, Q.3, TP.HCM",13500000.0,391.3,3.0,3.0,3.0,34500.38
805,6ATRP8,"694 Tỉnh Lộ 10, P.Bình Trị Đông, Q.Bình Tân, TP.HCM",16000000.0,111.34,3.0,1.0,2.0,143703.97
806,UKM8YS,"308 Nguyễn Duy Dương, P.4, Q.10, TP.HCM",14500000.0,377.6,5.0,3.0,4.0,38400.42
807,C0SDJB,"81 Thân Nhân Trung, P.13, Q.Tân Bình, TP.HCM",18000000.0,178.74,3.0,3.0,2.0,100704.93
808,KJUSFC,"264-264A Phan Anh, P.Hiệp Tân, Q.Tân Phú, TP.HCM",22500000.0,159.57,3.0,3.0,1.0,141003.95
809,3DTT8Q,"276 ( số cũ 274B) Thoại Ngọc Hầu, P.Phú Thạnh, Q.Tân Phú, TP.HCM",7000000.0,88.16,2.0,3.0,2.0,79401.09
810,PVEEYG,"27 đường S1, P.Tây Thạnh, Q.Tân Phú, TP.HCM",13500000.0,135.0,4.0,4.0,3.0,100000.0
811,SCMX85,"28A Lê Quốc Trinh, P.Phú Thọ Hòa, Q.Tân Phú, TP.HCM",11000000.0,162.72,5.0,4.0,3.0,67600.79
812,G14EA2,"86 đường B2, P.Tây Thạnh, Q.Tân Phú, TP.HCM",11500000.0,164.28,5.0,5.0,2.0,70002.43
813,UKNAWS,"185 đường số 26, P.Bình Trị Đông B, Q.Bình Tân, TP.HCM",16000000.0,133.33,5.0,4.0,4.0,120003.0
814,3DZSFQ,"189 Ấp Chiến Lược, P.Bình Hưng Hoà A, Q.Bình Tân, TP.HCM",20000000.0,122.1,4.0,2.0,2.0,163800.16
815,SCX7H5,"236J Lê Cơ, P.An Lạc, Q.Bình Tân, TP.HCM",11500000.0,127.77,5.0,4.0,4.0,90005.48
816,264TTZ,"184 Hồ Văn Long, P.Bình Hưng Hoà B, Q.Bình Tân, TP.HCM",14980000.0,104.24,1.0,1.0,1.0,143706.83
817,3D23EQ,"35 đường Bến Lội, P.Bình Trị Đông, Q.Bình Tân, TP.HCM",12000000.0,126.71,13.0,13.0,5.0,94704.44
818,7EM7HA,"222 đường số 1A, P.Bình Trị Đông B, Q.Bình Tân, TP.HCM",13000000.0,154.76,6.0,4.0,4.0,84001.03
819,4G55NF,"60 Nguyễn Hữu Tiến, P.Tây Thạnh, Q.Tân Phú, TP.HCM",18000000.0,114.28,5.0,5.0,2.0,157507.88
820,WZAU3R,"128/18 Thiên Phước, P.9, Q.Tân Bình, TP.HCM",11500000.0,255.55,3.0,3.0,3.0,45000.98
821,8YPHB3,"Đình nghi xuân, P.Bình Trị Đông, Q.Bình Tân, TP.HCM",4950000.0,123.75,2.0,2.0,2.0,40000.0
822,8Y9F03,"12D Nhiêu Tứ, P.7, Q.Phú Nhuận, TP.HCM",25500000.0,212.5,6.0,6.0,5.0,120000.0
823,KJV6WC,"Nguyễn Công Trứ, P.Cầu Ông Lãnh, Q.1, TP.HCM",22900000.0,602.63,4.0,3.0,3.0,38000.1
824,17WRD6,"Phan Đình Phùng, P.1, Q.Phú Nhuận, TP.HCM",40000000.0,448.43,3.0,2.0,3.0,89200.1
825,3DJ8EQ,"124 Nơ Trang Long, P.14, Q.Bình Thạnh, TP.HCM",150000000.0,311.85,1.0,1.0,1.0,481000.48
826,8YR153,"561 Điện Biên Phủ, P.25, Q.Bình Thạnh, TP.HCM",110000000.0,487.69,1.0,1.0,1.0,225553.12
827,DWN7VH,"465 Lê Trọng Tấn, P.Sơn Kỳ, Q.Tân Phú, TP.HCM",145000000.0,122.34,1.0,1.0,1.0,1185221.51
828,UKWZCS,"Lạc Long Quân, P.11, Q.Tân Bình, TP.HCM",23000000.0,292.73,4.0,3.0,3.0,78570.7
829,0X3YK9,"Lạc Long Quân, P.8, Q.Tân Bình, TP.HCM",33000000.0,162.08,4.0,2.0,3.0,203603.16
830,7E0NBA,"Văn Chung, P.13, Q.Tân Bình, TP.HCM",7700000.0,120.38,4.0,3.0,2.0,63964.11
831,0X3SA9,"Trần Thị Trọng, P.15, Q.Tân Bình, TP.HCM",14980000.0,163.35,6.0,4.0,5.0,91704.93
832,QHFWMU,"Khuông Việt, P.Phú Trung, Q.Tân Phú, TP.HCM",15700000.0,117.51,1.0,1.0,2.0,133605.65
833,4GMVXF,"Lê Bình, P.4, Q.Tân Bình, TP.HCM",9400000.0,260.38,2.0,1.0,2.0,36101.08
834,8YECG3,"174 Nam Kỳ Khởi Nghĩa, P.Võ Thị Sáu, Q.3, TP.HCM",140000000.0,654.2,29.0,30.0,7.0,214001.83
835,6ABS98,"1 bạch đằng, P.14, Q.Bình Thạnh, TP.HCM",5400000.0,154.28,2.0,2.0,2.0,35001.3
836,9M374P,"Bình thành, P.Bình Hưng Hoà A, Q.Bình Tân, TP.HCM",6500000.0,108.33,5.0,6.0,5.0,60001.85
837,PVQN8G,"Trần Thánh Tông, P.15, Q.Tân Bình, TP.HCM",8000000.0,272.1,3.0,2.0,2.0,29400.96
838,C0ZF5B,"Ca Văn Thỉnh, P.11, Q.Tân Bình, TP.HCM",13000000.0,174.94,2.0,1.0,2.0,74311.19
839,SCWYZ5,"12 Phan Phú Tiên, P.11, Q.5, TP.HCM",19500000.0,234.93,4.0,4.0,3.0,83003.45
840,A4JUSY,"1589 đường Ba Tháng Hai, P.16, Q.11, TP.HCM",62000000.0,223.82,5.0,5.0,5.0,277008.31
841,7ERMWA,"MPN 303/27 Thạnh Xuân 22, P.Thạnh Xuân, Q.12, TP.HCM",9600000.0,95.71,4.0,5.0,6.0,100303.0
842,7ERGKA,"41-43 Nam Kỳ Khởi Nghĩa, P.Nguyễn Thái Bình, Q.1, TP.HCM",780000000.0,2.65,4.0,4.0,4.0,294339622.64
843,6AH398,"đường số 82, P.10, Q.6, TP.HCM",8900000.0,148.33,2.0,2.0,3.0,60001.35
844,UKBXJS,"đường số 6, P.4, Q.4, TP.HCM",7500000.0,250.0,3.0,4.0,4.0,30000.0
845,SCEME5,"đường số 5, P.4, Q.4, TP.HCM",8150000.0,332.65,3.0,3.0,4.0,24500.23
846,0XVY49,"95C Phan Đăng Lưu, P.7, Q.Phú Nhuận, TP.HCM",175000000.0,522.85,1.0,1.0,6.0,334704.03
847,6AD0Y8,"367-369 Lê Quang Định, P.5, Q.Bình Thạnh, TP.HCM",100000000.0,339.32,1.0,1.0,7.0,294707.06
848,6AD4K8,"3 Huỳnh Khương Ninh, P.Đa Kao, Q.1, TP.HCM",26900000.0,338.36,4.0,5.0,3.0,79501.12
849,6A5E78,"Cao Văn Lầu, P.1, Q.6, TP.HCM",25500000.0,323.6,4.0,2.0,2.0,78800.99
850,6A53T8,"Đoàn Văn Bơ, P.16, Q.4, TP.HCM",13500000.0,137.05,15.0,15.0,4.0,98504.2
851,0XZKG9,"Mạc Đĩnh Chi, P.Đa Kao, Q.1, TP.HCM",16900000.0,301.78,5.0,6.0,3.0,56001.06
852,5BDPG7,"108 Lê Cao Lãng, P.Phú Thạnh, Q.Tân Phú, TP.HCM",7000000.0,175.87,1.0,1.0,1.0,39802.13
853,C0FP0B,"Hẻm 131 tây lân tây lân, P.Tân Tạo, Q.Bình Tân, TP.HCM",4400000.0,80.0,4.0,4.0,3.0,55000.0
854,5BAZV7,"đường Gò Ô Môi, P.Phú Thuận, Q.7, TP.HCM",28000000.0,102.56,4.0,3.0,3.0,273010.92
855,6A3JG8,"Lê Đại Hành, P.11, Q.11, TP.HCM",16500000.0,173.68,15.0,15.0,4.0,95002.3
856,RZW7EJ,"Nguyễn Tiểu La, P.8, Q.10, TP.HCM",13500000.0,544.35,5.0,4.0,4.0,24800.22
857,671BJ8,"Lạc Long Quân, P.5, Q.11, TP.HCM",7200000.0,152.54,2.0,3.0,3.0,47200.73
858,UHQF6S,"đường số 27, P.11, Q.6, TP.HCM",12300000.0,165.32,5.0,3.0,4.0,74401.16
859,7B5HHA,"Thạnh Lộc 29, P.Thạnh Lộc, Q.12, TP.HCM",8800000.0,56.62,1.0,1.0,2.0,155422.11
860,Y4729D,"425 Nguyễn Thái Bình, P.12, Q.Tân Bình, TP.HCM",22000000.0,306.4,4.0,4.0,3.0,71801.57
861,5CUE07,"188B Lê Văn Sỹ, P.10, Q.Phú Nhuận, TP.HCM",60000000.0,344.82,6.0,6.0,3.0,174003.83
862,SKV9P5,"474D Dương Quảng Hàm, P.6, Q.Gò Vấp, TP.HCM",58000000.0,170.99,2.0,2.0,2.0,339201.12
863,UHT6DS,"39 Trương Thị Ngào, P.Trung Mỹ Tây, Q.12, TP.HCM",8100000.0,88.04,4.0,4.0,2.0,92003.63
864,PMHJFG,"41 Quang trung, P.10, Q.Gò Vấp, TP.HCM",8250000.0,144.73,4.0,4.0,4.0,57002.69
865,AEX2BY,"31A số 24, Bình Trưng Đông, Q.2, TP.HCM",4200000.0,102.43,2.0,1.0,2.0,41003.61
866,5CGTE7,"292 Nguyễn Thị Minh Khai, P.5, Q.3, TP.HCM",58000000.0,816.21,8.0,8.0,7.0,71060.14
867,CJX97B,"Nguyễn Thị Kiểu, P.Tân Thới Hiệp, Q.12, TP.HCM",4700000.0,102.17,3.0,2.0,2.0,46001.76
868,5CRGF7,"413 Huỳnh Văn Bánh, P.11, Q.Phú Nhuận, TP.HCM",23000000.0,375.2,4.0,4.0,3.0,61300.64
869,E92SB4,"49 ấp 3, Xã Đông Thạnh, H.Hóc Môn, TP.HCM",6500000.0,109.61,2.0,1.0,1.0,59301.16
870,QDCW0U,"93 Gò Xoài, P.Bình Hưng Hoà A, Q.Bình Tân, TP.HCM",19500000.0,263.51,5.0,6.0,4.0,74000.99
871,PM1WTG,"Thửa 20 - tờ 103 Tỉnh Lộ 8, Xã Tân An Hội, H.Củ Chi, TP.HCM",13000000.0,12.94,2.0,1.0,1.0,1004636.79
872,UHCGMS,"116 Thạnh Lộc 15, P.Thạnh Lộc, Q.12, TP.HCM",8500000.0,82.6,2.0,2.0,2.0,102905.57
873,AEFW0Y,"Thống Nhất, P.16, Q.Gò Vấp, TP.HCM",6550000.0,128.43,3.0,4.0,5.0,51000.55
874,SKCC85,"Lê Trọng Tấn, P.Bình Hưng Hoà A, Q.Bình Tân, TP.HCM",11000000.0,110.0,4.0,4.0,2.0,100000.0
875,GVVFT2,"1227 Duyên Hải, Xã Long Hòa, H.Cần Giờ, TP.HCM",13700000.0,182.66,7.0,6.0,5.0,75002.74
876,3YYJEQ,"Thửa 686 - Tờ 172 đường 29, Xã Phước Vĩnh An, H.Củ Chi, TP.HCM",2550000.0,25.07,3.0,2.0,2.0,101715.2
877,QDA4GU,"20 Trần Văn Thành, P.8, Q.8, TP.HCM",5390000.0,119.77,2.0,2.0,2.0,45002.92
878,SHS2J5,"10 đường số 34, P.9, Q.4, TP.HCM",8750000.0,312.5,2.0,3.0,4.0,28000.0
879,YEYN9D,"87A Thống Nhất, P.Tân Thành, Q.Tân Phú, TP.HCM",14500000.0,241.66,4.0,4.0,4.0,60001.66
880,D4DN3H,"Trần Nhân Tôn, P.2, Q.10, TP.HCM",9500000.0,489.69,3.0,3.0,5.0,19400.03
881,R2WFGJ,"Mã căn A14 - khu nhà phố thương mại The Sholi số 311 An Dương Vương, P.An Lạc, Q.Bình Tân, TP.HCM",9500000.0,118.75,6.0,6.0,6.0,80000.0
882,7CSDUA,"4 Thạnh Lộc 54, P.Thạnh Lộc, Q.12, TP.HCM",5900000.0,118.0,4.0,5.0,5.0,50000.0
883,5KQ1S7,"62A Thạnh Xuân 43, P.Thới An, Q.12, TP.HCM",5650000.0,87.73,4.0,4.0,4.0,64402.14
884,SHM3Q5,"141 Cao Xuân Dục, P.Xóm Củi, Q.8, TP.HCM",5200000.0,209.67,2.0,2.0,2.0,24800.88
885,3ATSBQ,"Nguyễn Phi Khanh, P.Tân Định, Q.1, TP.HCM",13500000.0,412.84,3.0,3.0,4.0,32700.32
886,65GY98,"Duy Tân, P.15, Q.Phú Nhuận, TP.HCM",8600000.0,192.39,3.0,3.0,2.0,44700.87
887,UDTG6S,"502 Huỳnh tấn phát, P.Bình Thuận, Q.7, TP.HCM",4300000.0,63.23,4.0,4.0,2.0,68005.69
888,WGSA7R,"11 Đinh Đức Thiện, Xã Bình Chánh, H.Bình Chánh, TP.HCM",550.0,9.16,3.0,2.0,1.0,60.04
889,654H18,"214 Đoàn Nguyễn Tuấn, Xã Hưng Long, H.Bình Chánh, TP.HCM",980.0,8.22,4.0,2.0,2.0,119.22
890,E0XN14,"23E Khu phố 2, P.Thạnh Xuân, Q.12, TP.HCM",2190000.0,43.8,2.0,1.0,1.0,50000.0
891,E0XN14,"23E Khu phố 2, P.Thạnh Xuân, Q.12, TP.HCM",2190000.0,43.8,2.0,1.0,1.0,50000.0
892,65C1E8,"Mã Lò, P.Bình Trị Đông A, Q.Bình Tân, TP.HCM",26000000.0,185.58,2.0,3.0,2.0,140101.3
893,7CRHGA,"1/6C Đặng Thúc Vịnh, Xã Thới Tam Thôn, H.Hóc Môn, TP.HCM",23000000.0,97.87,2.0,1.0,1.0,235005.62
894,PX8CRG,"168 đinh văn ước, Xã Hưng Long, H.Bình Chánh, TP.HCM",920.0,10.77,2.0,2.0,1.0,85.42
895,3AK3ZQ,"114 Cộng Hoà, P.4, Q.Tân Bình, TP.HCM",26500000.0,373.23,3.0,3.0,2.0,71001.8
896,SHE1F5,"đường số 14, P.Bình Hưng Hoà A, Q.Bình Tân, TP.HCM",9000000.0,130.62,5.0,4.0,4.0,68902.16
897,0T2D09,"14B6 Hà Huy Giáp, P.Thạnh Lộc, Q.12, TP.HCM",15500000.0,180.86,16.0,16.0,5.0,85701.65
898,SH7SV5,"Tỉnh Lộ 2, Xã Trung Lập Hạ, H.Củ Chi, TP.HCM",13000000.0,18.32,7.0,7.0,4.0,709606.99
899,D4KACH,"2 ( Thửa 926 - tờ 21) đường số 76, Xã Tân Phú Trung, H.Củ Chi, TP.HCM",4000000.0,24.09,8.0,8.0,2.0,166044.0
900,D4KACH,"2 ( Thửa 926 - tờ 21) đường số 76, Xã Tân Phú Trung, H.Củ Chi, TP.HCM",4000000.0,24.09,8.0,8.0,2.0,166044.0
901,37XN8Q,"Lê Văn Lương, Xã Phước Kiển, H.Nhà Bè, TP.HCM",5000000.0,50.0,3.0,2.0,1.0,100000.0
902,DEUP3H,"109A Tam Châu, P.Tam Phú, TP.Thủ Đức, TP.HCM",9990000.0,63.99,3.0,2.0,2.0,156118.14
903,37NT8Q,"24 Nguyễn Bá Tuyển, P.12, Q.Tân Bình, TP.HCM",50000000.0,226.24,5.0,5.0,5.0,221004.24
904,DEQT7H,"100 Trần Quốc Toản, P.Võ Thị Sáu, Q.3, TP.HCM",15900000.0,280.42,3.0,3.0,4.0,56700.66
905,0ZCJY9,"394A ( sổ 392) Nguyễn Thị Kiểu, P.Hiệp Thành, Q.12, TP.HCM",12900000.0,92.14,1.0,1.0,2.0,140004.34
906,1UGR86,"Trịnh Quang Nghị, P.7, Q.8, TP.HCM",8900000.0,80.9,4.0,5.0,4.0,110012.36
907,DE6JQH,"19 đường số 20, Phước Long B, Q.9, TP.HCM",19300000.0,120.62,4.0,5.0,3.0,160006.63
908,0ZY0B9,"1 Nguyễn Văn Bứa, Xã Xuân Thới Sơn, H.Hóc Môn, TP.HCM",750.0,18.75,2.0,2.0,1.0,40.0
909,PNHBYG,"5B (Thửa 26 - tờ 49) Nguyễn Văn On, TT.Củ Chi, H.Củ Chi, TP.HCM",3400000.0,30.35,2.0,1.0,1.0,112026.36
910,WP5VNR,"Lê Quang Định, P.11, Q.Bình Thạnh, TP.HCM",23000000.0,263.76,3.0,3.0,3.0,87200.49
911,PNHNPG,"45 Phan Đình Phùng, P.15, Q.Phú Nhuận, TP.HCM",15990000.0,366.74,4.0,4.0,5.0,43600.37
912,YBX5KD,"86 Trần Thị Hè, P.Hiệp Thành, Q.12, TP.HCM",5500000.0,72.08,2.0,1.0,2.0,76304.11
913,1UR9Y6,"34-36 đường B3, P.Tây Thạnh, Q.Tân Phú, TP.HCM",15380000.0,148.02,6.0,4.0,3.0,103904.88
914,WPS6VR,"24 Hoa Hồng, P.2, Q.Phú Nhuận, TP.HCM",24900000.0,389.06,4.0,6.0,5.0,64000.41
915,EJ6CK4,"Thửa 731 - tờ 98 đường số 5, Xã Tân Thông Hội, H.Củ Chi, TP.HCM",3950000.0,37.26,3.0,2.0,2.0,106011.81
916,YBZWTD,"đường số 7, P.11, Q.6, TP.HCM",14500000.0,181.25,4.0,4.0,4.0,80000.0
917,6S42U8,"579 Hoàng Văn Thụ, P.4, Q.Tân Bình, TP.HCM",22000000.0,206.18,4.0,4.0,4.0,106702.88
918,6SE9D8,"Huỳnh Thị Đồng, TT.Nhà Bè, H.Nhà Bè, TP.HCM",24000000.0,115.55,4.0,4.0,4.0,207702.29
919,SDW345,"17 Hồng Hà, P.2, Q.Tân Bình, TP.HCM",26500000.0,333.33,4.0,4.0,4.0,79500.8
920,PN34JG,"137bis Nguyễn Thị Minh Khai, P.Bến Thành, Q.1, TP.HCM",45000000.0,689.12,6.0,5.0,4.0,65300.67
921,85KRM3,"2 Trương Hán Siêu, P.Tân Định, Q.1, TP.HCM",8800000.0,290.42,3.0,4.0,4.0,30300.94
922,DEJ8MH,"749 Huỳnh Tấn phát, P.Phú Thuận, Q.7, TP.HCM",2200000.0,132.53,2.0,2.0,2.0,16600.02
923,DEJVTH,"đường số 12, P.10, Q.Gò Vấp, TP.HCM",24000000.0,240.0,5.0,4.0,5.0,100000.0
924,6SDCV8,"21 Nguyễn Thiện Thuật, P.14, Q.Bình Thạnh, TP.HCM",290000000.0,399.94,5.0,5.0,8.0,725108.77
925,SDEW35,"77D Phú Hòa, P.8, Q.Tân Bình, TP.HCM",5400000.0,136.67,2.0,2.0,2.0,39511.23
926,ACW0RY,"150 Hồng lạc, P.11, Q.Tân Bình, TP.HCM",3700000.0,185.0,2.0,2.0,2.0,20000.0
927,5HE9E7,"29 Đỗ Thị Lời, P.11, Q.3, TP.HCM",19800000.0,401.45,2.0,2.0,3.0,49321.21
928,ACFRWY,"78 Lê Văn Sỹ, P.11, Q.Phú Nhuận, TP.HCM",55000000.0,368.87,1.0,2.0,4.0,149104.02
929,YBWE1D,"150 đường số 9, P.9, Q.Gò Vấp, TP.HCM",5950000.0,141.66,2.0,2.0,2.0,42001.98
930,6SAVW8,"Nam Kì Khởi Nghĩa, P.Võ Thị Sáu, Q.3, TP.HCM",117000000.0,776.37,7.0,6.0,6.0,150701.34
931,QAH6QU,"41 Lê Thúc Hoạch, P.Phú Thọ Hòa, Q.Tân Phú, TP.HCM",30000000.0,182.48,5.0,5.0,4.0,164401.58
932,6SAM28,"32/17C Phan Văn Đối, Xã Bà Điểm, H.Hóc Môn, TP.HCM",55000000.0,60.14,4.0,4.0,1.0,914532.76
933,PNVDWG,"8 đường số 33A, P.Bình Trị Đông B, Q.Bình Tân, TP.HCM",30000000.0,107.52,5.0,4.0,3.0,279017.86
934,85ATY3,"177 Trần Thị Trọng, P.15, Q.Tân Bình, TP.HCM",45000000.0,160.88,31.0,32.0,5.0,279711.59
935,0ZNZ69,"262 Nguyễn Thái Bình, P.12, Q.Tân Bình, TP.HCM",55000000.0,333.33,3.0,2.0,4.0,165001.65
936,409M6F,"175 Bùi Minh Trực, P.5, Q.8, TP.HCM",11500000.0,169.36,4.0,3.0,2.0,67902.69
937,409M6F,"175 Bùi Minh Trực, P.5, Q.8, TP.HCM",11500000.0,169.36,4.0,3.0,2.0,67902.69
938,7KCCUA,"37B Lê Thị Bay, Xã Tân Thạnh Đông, H.Củ Chi, TP.HCM",3000000.0,29.7,2.0,1.0,1.0,101010.1
939,400ERF,"Thửa 954 - tờ 15 đường 420, Xã Phước Vĩnh An, H.Củ Chi, TP.HCM",3450000.0,32.54,3.0,2.0,2.0,106023.36
940,QAA65U,"ngã ba đông quang, P.Hiệp Thành, Q.12, TP.HCM",780.0,30.0,2.0,2.0,1.0,26.0
941,PNNQBG,"401 Man Thiện, P.Tăng Nhơn Phú A, TP.Thủ Đức, TP.HCM",22000000.0,172.95,3.0,3.0,3.0,127204.39
942,377CAQ,"414 Tỉnh Lộ 15, Xã Phú Hòa Đông, H.Củ Chi, TP.HCM",43000000.0,17.1,2.0,2.0,1.0,2514619.88
943,CWW94B,"87 Trần Văn Đang, P.9, Q.3, TP.HCM",6500000.0,234.65,3.0,2.0,3.0,27700.83
944,GXNP82,"51 Dương Khuê, P.Hiệp Tân, Q.Tân Phú, TP.HCM",11600000.0,154.25,2.0,2.0,3.0,75202.59
945,7KHVWA,"14 Ngô Đức Kế, P.12, Q.Bình Thạnh, TP.HCM",33000000.0,212.9,27.0,27.0,8.0,155002.35
946,7KH9EA,"207 Tân Qúy, P.Phú Thọ Hòa, Q.Tân Phú, TP.HCM",12300000.0,209.89,1.0,2.0,2.0,58602.12
947,CWFGRB,"28 đường số 64, Xã Tân Phú Trung, H.Củ Chi, TP.HCM",4000000.0,31.2,3.0,2.0,2.0,128205.13
948,85UHM3,"152 Dương thị mười, P.Tân Chánh Hiệp, Q.12, TP.HCM",9500000.0,90.47,4.0,4.0,3.0,105007.18
949,SDABQ5,"Hẻm 749 Huỳnh Tấn Phát, P.Phú Thuận, Q.7, TP.HCM",2150000.0,126.47,2.0,1.0,1.0,17000.08
950,7KYSTA,"54 Lê văn lương, P.Tân Hưng, Q.7, TP.HCM",3290000.0,117.5,3.0,2.0,2.0,28000.0
951,6S37A8,"Hiệp Nhất, P.4, Q.Tân Bình, TP.HCM",18900000.0,223.85,3.0,2.0,2.0,84431.54
952,9TGNKP,"Hồng Lạc, P.10, Q.Tân Bình, TP.HCM",9300000.0,235.32,4.0,4.0,4.0,39520.65
953,DBDBRH,"310 Gò Dầu, P.Tân Quý, Q.Tân Phú, TP.HCM",10700000.0,144.98,4.0,3.0,3.0,73803.28
954,SYQWH5,"122 Nguyễn Văn Cừ, P.Cầu Ông Lãnh, Q.1, TP.HCM",50000000.0,459.98,4.0,3.0,4.0,108700.38
955,PT03RG,"100 đường số 16, P.Bình Hưng Hòa, Q.Bình Tân, TP.HCM",7950000.0,146.95,4.0,3.0,4.0,54100.03
956,GNFDV2,"Phổ Quang, P.9, Q.Phú Nhuận, TP.HCM",17000000.0,250.0,4.0,4.0,3.0,68000.0
957,1Q2EN6,"Dương Quang Đông, P.5, Q.8, TP.HCM",24000000.0,258.06,4.0,3.0,4.0,93001.63
958,1QD1T6,"410 An Dương Vương, P.10, Q.6, TP.HCM",17800000.0,147.96,2.0,3.0,1.0,120302.78
959,35D1RQ,"81 Đô Đốc Lộc, P.Tân Quý, Q.Tân Phú, TP.HCM",3980000.0,165.83,2.0,2.0,2.0,24000.48
960,AKC5AY,"114 - 114/2 đường số 8, P.Bình Hưng Hòa, Q.Bình Tân, TP.HCM",14000000.0,69.58,5.0,5.0,2.0,201207.24
961,5DHHY7,"27A Đồng Xoài, P.13, Q.Tân Bình, TP.HCM",6000000.0,332.22,3.0,3.0,4.0,18060.32
962,Q77KMU,"498 Đoàn Văn Bơ, P.15, Q.4, TP.HCM",9500000.0,164.64,3.0,4.0,3.0,57701.65
963,1Q3JP6,"74 đường CN1, P.Sơn Kỳ, Q.Tân Phú, TP.HCM",16200000.0,162.0,1.0,1.0,2.0,100000.0
964,7HY94A,"108 Phạm Văn Hai, P.2, Q.Tân Bình, TP.HCM",23000000.0,204.28,5.0,5.0,3.0,112590.56
965,SAUQX5,"đường số 22, Bình Trưng Tây, Q.2, TP.HCM",14500000.0,63.23,3.0,2.0,2.0,229321.52
966,3S6J4Q,"3 Núi Thành, P.13, Q.Tân Bình, TP.HCM",26500000.0,262.63,10.0,10.0,5.0,100902.41
967,GT9MK2,"Thành Mỹ, P.8, Q.Tân Bình, TP.HCM",22500000.0,157.12,1.0,1.0,2.0,143202.65
968,6QXMT8,"264 đường Lý Thái Tổ, P.1, Q.3, TP.HCM",4950000.0,267.56,2.0,2.0,3.0,18500.52
969,AHUG8Y,"146 Nguyễn Thị Nhỏ, P.12, Q.5, TP.HCM",28000000.0,327.79,3.0,3.0,5.0,85420.54
970,C4SN6B,"32 Huyền Quang, P.Tân Định, Q.1, TP.HCM",10800000.0,322.38,2.0,1.0,2.0,33500.84
971,U7X43S,"Hà Huy Giáp KP1, P.Thạnh Lộc, Q.12, TP.HCM",50000000.0,102.12,4.0,4.0,2.0,489620.05
972,6QWQR8,"số 59B, P.Tân Tạo, Q.Bình Tân, TP.HCM",15000000.0,150.0,4.0,3.0,4.0,100000.0
973,W03A7R,"443 Thống Nhất, P.11, Q.Gò Vấp, TP.HCM",8600000.0,2.0,2.0,2.0,2.0,4300000.0
974,8UWYK3,"C25 Đường D11, P.Phú Mỹ, Q.7, TP.HCM",16800000.0,186.66,4.0,5.0,4.0,90003.21
975,PZ5P0G,"31 Trần Khắc Chân, P.Tân Định, Q.1, TP.HCM",42000000.0,574.55,6.0,6.0,7.0,73100.69
976,2NAGTZ,"698 Võ Văn Kiệt, P.1, Q.5, TP.HCM",13500000.0,569.23,3.0,3.0,5.0,23716.25
977,8UFGN3,"89 Nhất Chi Mai, P.13, Q.Tân Bình, TP.HCM",25000000.0,177.8,4.0,2.0,2.0,140607.42
978,4RVE7F,"đường Thạch Lam, P.Phú Thạnh, Q.Tân Phú, TP.HCM",24000000.0,132.74,21.0,21.0,4.0,180804.58
979,Q5F5CU,"163 - 165 Đường Cao Thắng, P.12, Q.10, TP.HCM",65000000.0,793.65,1.0,1.0,1.0,81900.08
980,JP6ZP0,"46 Tú Mỡ, P.7, Q.Gò Vấp, TP.HCM",4500000.0,200.0,2.0,3.0,3.0,22500.0
981,7DWUEA,"đường số 19, P.Bình Hưng Hoà A, Q.Bình Tân, TP.HCM",7000000.0,87.93,3.0,4.0,3.0,79608.78
982,YKJ8BD,"154 Nguyễn Văn Trỗi, P.8, Q.Phú Nhuận, TP.HCM",30000000.0,560.74,14.0,14.0,8.0,53500.73
983,Q5C6HU,"Trần Tấn, Tân Sơn Nhì, Q.Tân Phú, TP.HCM",10800000.0,157.89,5.0,6.0,4.0,68402.05
984,4RZQ6F,"494 Dương Quảng Hàm, P.6, Q.Gò Vấp, TP.HCM",13000000.0,250.96,3.0,4.0,3.0,51801.08
985,PZ1T1G,"6 Gò Công, P.13, Q.5, TP.HCM",16900000.0,358.05,3.0,3.0,4.0,47200.11
986,137JF6,"2A Lý Đạo Thành, P.16, Q.8, TP.HCM",6000000.0,96.61,4.0,3.0,3.0,62105.37
987,4RGNTF,"88 số 7, P.Tân Tạo A, Q.Bình Tân, TP.HCM",14000000.0,135.47,22.0,22.0,4.0,103343.91
988,PZX3DG,"Lê Thúc Hoạch, P.Tân Quý, Q.Tân Phú, TP.HCM",31000000.0,216.78,5.0,7.0,4.0,143002.12
989,AHBEEY,"Phổ Quang, P.2, Q.Tân Bình, TP.HCM",21500000.0,315.01,4.0,3.0,3.0,68251.8
990,0GPE29,"Nguyễn Duy Dương, P.9, Q.5, TP.HCM",29000000.0,499.13,4.0,4.0,4.0,58101.1
991,55RJ7X,"70 đường số 2, P.7, Q.8, TP.HCM",11500000.0,104.54,7.0,5.0,5.0,110005.74
992,Q3TQUQ,"10 đường số 3, Tăng Nhơn Phú B, Q.9, TP.HCM",3850000.0,89.12,1.0,1.0,1.0,43200.18
993,38P0Q3,"22C đường số 7, Long Phước, Q.9, TP.HCM",18000000.0,79.96,3.0,6.0,3.0,225112.56
994,86FU3A,"8 Nguyễn Công Trứ, P.19, Q.Bình Thạnh, TP.HCM",16000000.0,428.95,1.0,2.0,2.0,37300.38
995,CYHHBC,"50 đường số 4, P.Bình Trị Đông, Q.Bình Tân, TP.HCM",6000000.0,130.43,2.0,3.0,3.0,46001.69
996,6N1U8Y,"24 Nguyễn Tuân, P.3, Q.Gò Vấp, TP.HCM",13000000.0,194.02,3.0,2.0,1.0,67003.4
997,6NN68Y,"4 Đỗ Thị Tâm, Tân Quý, Q.Tân Phú, TP.HCM",12000000.0,109.52,2.0,1.0,1.0,109569.03
998,AQQEYX,"17 đường số 7, P.An Lạc, Q.Bình Tân, TP.HCM",27000000.0,207.69,6.0,6.0,6.0,130001.44
999,8NRH3A,"219 Thoại Ngọc Hầu, P.Phú Thạnh, Q.Tân Phú, TP.HCM",16000000.0,135.59,2.0,2.0,2.0,118002.8
1000,8NUX3A,"69 Bác Ái, P.Tân Thành, Q.Tân Phú, TP.HCM",9200000.0,139.18,4.0,5.0,4.0,66101.45
1001,6ESP8Y,"352 Lê Văn Sỹ, P.14, Q.3, TP.HCM",32000000.0,658.33,3.0,2.0,3.0,48607.84
1002,J3940D,"11 Nguyễn Văn Huyên, P.Tân Thành, Q.Tân Phú, TP.HCM",25000000.0,216.26,4.0,4.0,4.0,115601.59
1003,6YWDG8,"72a Bùi Quang  là, P.12, Q.Gò Vấp, TP.HCM",8900000.0,118.66,3.0,4.0,3.0,75004.21
1004,SB9YP5,"116 Phùng Văn Cung, P.4, Q.Phú Nhuận, TP.HCM",15550000.0,307.92,5.0,6.0,4.0,50500.13
1005,28S1HZ,"Ngô Đức Kế, P.12, Q.Bình Thạnh, TP.HCM",20500000.0,205.0,5.0,6.0,4.0,100000.0
1006,SBWHT5,"Võ Thị Hồi, Xã Xuân Thới Đông, H.Hóc Môn, TP.HCM",3950000.0,39.5,3.0,2.0,1.0,100000.0
1007,74RW7A,"12222 Tỉnh lộ 10, P.Tân Tạo, Q.Bình Tân, TP.HCM",7200000.0,100.0,5.0,4.0,5.0,72000.0
1008,7446RA,"Phạm Văn Đồng, P.Hiệp Bình Chánh, TP.Thủ Đức, TP.HCM",7000000.0,87.5,3.0,3.0,1.0,80000.0
1009,AFET1Y,"Bùi Thế Mỹ, P.10, Q.Tân Bình, TP.HCM",8500000.0,101.19,4.0,4.0,3.0,84000.4
1010,RN213J,"trần văn giáp, P.Hiệp Tân, Q.Tân Phú, TP.HCM",8700000.0,155.35,3.0,3.0,2.0,56002.57
1011,3H7U1Q,"24 Tân Chánh Hiệp 08, P.Tân Chánh Hiệp, Q.12, TP.HCM",6180000.0,90.88,3.0,2.0,2.0,68001.76
1012,SB7EH5,"77 đường 3158C Phạm Thế Hiển, P.7, Q.8, TP.HCM",13000000.0,67.7,5.0,4.0,3.0,192023.63
1013,6A6T28,"99:29 Nguyễn đình chiều, P.10, Q.Phú Nhuận, TP.HCM",6800000.0,226.66,2.0,2.0,2.0,30000.88
1014,8Y8RH3,"30A1 Kênh Nước Đen, P.Bình Hưng Hòa, Q.Bình Tân, TP.HCM",11200000.0,224.0,5.0,5.0,5.0,50000.0
1015,7E7PPA,"27 Quốc lộ 22, Xã Tân Xuân, H.Hóc Môn, TP.HCM",14500000.0,104.99,1.0,1.0,1.0,138108.39
1016,WZFQ2R,"9A Cống Lở, P.15, Q.Tân Bình, TP.HCM",15500000.0,134.78,2.0,2.0,2.0,115002.23
1017,WZFPKR,"Trương Phước Phan, P.Bình Trị Đông, Q.Bình Tân, TP.HCM",16500000.0,107.84,4.0,5.0,4.0,153004.45
1018,5BQZQ7,"8 đường B2, KDC Bến Lức, P.7, Q.8, TP.HCM",24000000.0,200.0,6.0,7.0,5.0,120000.0
1019,G10H12,"TL11-31 Vinhomes Saigon Park, Xã Xuân Thới Sơn, H.Hóc Môn, TP.HCM",5940000.0,118.9,3.0,3.0,4.0,49957.95
1020,8YMS13,"Thửa 54 - tờ 7 đường số 129, Xã Tân Thạnh Đông, H.Củ Chi, TP.HCM",3700000.0,12.3,15.0,15.0,1.0,300813.01
1021,QH172U,"Thửa 840 - tờ 93 Tỉnh Lộ 15, Xã Tân Thạnh Đông, H.Củ Chi, TP.HCM",3500000.0,16.39,1.0,1.0,1.0,213544.84
1022,5B8UB7,"505 đường Lê Trọng Tấn, P.Sơn Kỳ, Q.Tân Phú, TP.HCM",14000000.0,155.9,3.0,4.0,2.0,89801.15
1023,A4QU9Y,"Ko có số nhà Thới tam thôn 16, Xã Thới Tam Thôn, H.Hóc Môn, TP.HCM",2980000.0,41.38,2.0,2.0,2.0,72015.47
1024,6ATGN8,"266C Bình Trị Đông, P.Bình Trị Đông, Q.Bình Tân, TP.HCM",13800000.0,150.16,6.0,6.0,4.0,91901.97
1025,8YN9J3,"81 Hoàng Xuân Nhị, P.Phú Trung, Q.Tân Phú, TP.HCM",14100000.0,114.07,5.0,2.0,2.0,123608.31
1026,7E18YA,"8 Bế Văn Đàn, P.14, Q.Tân Bình, TP.HCM",49500000.0,88.83,4.0,4.0,5.0,557244.17
1027,SCMV85,"59 Bế Văn Đàn, P.14, Q.Tân Bình, TP.HCM",17950000.0,249.3,5.0,5.0,4.0,72001.6
1028,5BVGU7,"372 Huỳnh Văn Bánh, P.13, Q.Phú Nhuận, TP.HCM",22900000.0,401.75,4.0,4.0,5.0,57000.62
1029,3DZUKQ,"16 đường số 32A, P.Bình Trị Đông B, Q.Bình Tân, TP.HCM",13800000.0,138.0,4.0,6.0,4.0,100000.0
1030,EPSEK4,"4 đường số 2, P.An Lạc, Q.Bình Tân, TP.HCM",7600000.0,119.68,3.0,3.0,4.0,63502.67
1031,A4V32Y,"35 Huỳnh Văn Nghệ, P.12, Q.Gò Vấp, TP.HCM",5800000.0,103.38,2.0,2.0,2.0,56103.7
1032,A4V1JY,"59/9K Tân xuân 1, Xã Tân Xuân, H.Hóc Môn, TP.HCM",4200000.0,68.85,4.0,2.0,2.0,61002.18
1033,9MYM1P,"85B Ca Văn Thỉnh, P.11, Q.Tân Bình, TP.HCM",11380000.0,277.56,6.0,6.0,6.0,41000.14
1034,QH9PMU,"Nguyễn Thị Minh Khai, P.Võ Thị Sáu, Q.3, TP.HCM",13500000.0,275.51,4.0,4.0,4.0,49000.04
1035,G1DDY2,"88 Quách Đình Bảo, P.Phú Thạnh, Q.Tân Phú, TP.HCM",22400000.0,172.17,4.0,5.0,3.0,130103.97
1036,KJX9YC,"Đào Duy Từ, P.15, Q.Phú Nhuận, TP.HCM",7800000.0,129.56,7.0,6.0,4.0,60203.77
1037,5B9RD7,"Số 1 Trịnh Thị Tho, P.Hiệp Tân, Q.Tân Phú, TP.HCM",6900000.0,234.69,4.0,3.0,4.0,29400.49
1038,KJTMRC,"4 đường số 7, Khu Z756, P.12, Q.10, TP.HCM",57000000.0,647.72,5.0,5.0,4.0,88000.99
1039,C0TQGB,"Huỳnh Văn Bánh, P.11, Q.Phú Nhuận, TP.HCM",7200000.0,144.0,2.0,2.0,2.0,50000.0
1040,6AB0C8,"Hoàng Văn Thụ, P.4, Q.Tân Bình, TP.HCM",18900000.0,260.33,3.0,2.0,2.0,72600.16
1041,SCF485,"đường số 1, P.11, Q.Gò Vấp, TP.HCM",7600000.0,198.43,3.0,4.0,4.0,38300.66
1042,5BW4H7,"đường số 5, P.17, Q.Gò Vấp, TP.HCM",6500000.0,126.95,2.0,2.0,2.0,51201.26
1043,C0P5VB,"Thửa 515 - tờ 10 Nguyễn Văn Khạ, Xã Tân An Hội, H.Củ Chi, TP.HCM",9500000.0,9.98,1.0,1.0,1.0,951903.81
1044,7EF19A,"Cách Mạng Tháng 8, P.12, Q.10, TP.HCM",19200000.0,319.46,4.0,4.0,4.0,60101.42
1045,QHYJ7U,"9 Vũ Ngọc Phan, P.13, Q.Bình Thạnh, TP.HCM",11900000.0,267.41,4.0,5.0,4.0,44500.95
1046,KJ400C,"364/1A Dương Quảng Hàm, P.5, Q.Gò Vấp, TP.HCM",12600000.0,177.46,5.0,6.0,5.0,71001.92
1047,5BAQA7,"39 ( Thửa 270 - tờ 21 ) đường số 72A, Xã Tân Phú Trung, H.Củ Chi, TP.HCM",4700000.0,20.53,2.0,1.0,1.0,228933.27
1048,8YQK63,"1770/29 Tỉnh lộ 10, P.Bình Trị Đông, Q.Bình Tân, TP.HCM",5250000.0,75.0,3.0,2.0,2.0,70000.0
1049,WZJ2HR,"Hoàng Hoa Thám, P.1, Q.Gò Vấp, TP.HCM",9800000.0,106.4,3.0,3.0,3.0,92105.26
1050,SKQ0R5,"1 Bùi hữu nghĩa, P.2, Q.Bình Thạnh, TP.HCM",5250000.0,187.5,4.0,3.0,2.0,28000.0
1051,9XWE7P,"Thửa 812 - tờ 59 Lê Thị Siêng, Xã Tân Thông Hội, H.Củ Chi, TP.HCM",2890000.0,19.32,2.0,1.0,1.0,149585.92
1052,21FA5Z,"6/3F1 Số 20, Linh Đông, Q.Thủ Đức cũ, TP.HCM",45000000.0,125.0,3.0,3.0,3.0,360000.0
1053,UHTX5S,"300 Lo lu, P.Trường Thạnh, TP.Thủ Đức, TP.HCM",15900000.0,196.78,10.0,11.0,6.0,80800.89
1054,679G78,"5 Đỗ Thị Tâm, P.Tân Quý, Q.Tân Phú, TP.HCM",7700000.0,105.63,4.0,2.0,2.0,72895.96
1055,UH2ZJS,"104 Nguyễn Cửu Vân, P.17, Q.Bình Thạnh, TP.HCM",28600000.0,263.83,1.0,1.0,2.0,108403.14
1056,5CZ527,"19 Nguyễn Ngọc Nhựt, P.Tân Quý, Q.Tân Phú, TP.HCM",13600000.0,189.67,6.0,6.0,5.0,71703.49
1057,15WTF6,"70 Nguyễn tư giản, P.12, Q.Gò Vấp, TP.HCM",10900000.0,170.31,4.0,5.0,5.0,64000.94
1058,7B2MHA,"Phan Văn Trị, P.14, Q.Bình Thạnh, TP.HCM",3890000.0,209.13,1.0,1.0,2.0,18600.87
1059,QD0CJU,"đường số 10, P.Bình Hưng Hoà A, Q.Bình Tân, TP.HCM",17500000.0,141.47,4.0,5.0,4.0,123701.14
1060,JTQBK0,"Phan Đăng Lưu, P.5, Q.Phú Nhuận, TP.HCM",8500000.0,202.38,4.0,3.0,4.0,42000.2
1061,KRNNEC,"Khu Đô Thị Mizuki Park Nguyễn Văn Linh, Xã Bình Hưng, H.Bình Chánh, TP.HCM",18800000.0,75.5,4.0,5.0,4.0,249006.62
1062,AEPPWY,"đường số 13, P.Bình Trị Đông B, Q.Bình Tân, TP.HCM",15500000.0,155.0,5.0,6.0,4.0,100000.0
1063,8AEUK3,"111 Gần Chợ Bà Home, P.An Lạc, Q.Bình Tân, TP.HCM",1000000.0,22.72,2.0,2.0,2.0,44014.08
1064,QD4WWU,"48 Lê Văn Thọ, P.11, Q.Gò Vấp, TP.HCM",14900000.0,184.86,6.0,7.0,4.0,80601.54
1065,0N1859,"Đông Thạnh 4, Xã Đông Thạnh, H.Hóc Môn, TP.HCM",6350000.0,86.86,2.0,1.0,1.0,73106.15
1066,5CFC57,"18 đường số 3, P.Bình Hưng Hoà A, Q.Bình Tân, TP.HCM",12500000.0,130.2,2.0,2.0,2.0,96006.14
1067,UHB32S,"Thửa 42 - Tờ 15, 15B đường số 33, Xã Tân Thông Hội, H.Củ Chi, TP.HCM",7500000.0,20.17,7.0,7.0,1.0,371839.37
1068,PM6C0G,"214 Liêu Bình Hương, Xã Tân Thông Hội, H.Củ Chi, TP.HCM",4300000.0,64.95,2.0,2.0,2.0,66204.77
1069,PM1FZG,"73 đường số 9, P.9, Q.Gò Vấp, TP.HCM",13900000.0,255.51,4.0,5.0,6.0,54401.0
1070,E9G234,"578.9 Phạm Văn Bạch, P.15, Q.Tân Bình, TP.HCM",8350000.0,119.28,3.0,2.0,2.0,70003.35
1071,RZTYAJ,"2295 Huỳnh tấn phát, Xã Phú Xuân, H.Nhà Bè, TP.HCM",2390000.0,45.96,4.0,3.0,1.0,52001.74
1072,5CBJW7,"Nơ Trang Long, P.14, Q.Bình Thạnh, TP.HCM",2690000.0,56.04,3.0,3.0,1.0,48001.43
1073,GV1Z32,"Trần Hải Phụng, P.Tân Tạo, Q.Bình Tân, TP.HCM",5250000.0,40.29,3.0,2.0,2.0,130305.29
1074,JTT670,"26A ( Thửa 708 - tờ 25) Nguyễn Thị Điệp, Xã Đông Thạnh, H.Hóc Môn, TP.HCM",4850000.0,33.54,1.0,1.0,1.0,144603.46
1075,SKDZF5,"73 đường số 20, P.Bình Hưng Hoà A, Q.Bình Tân, TP.HCM",6450000.0,107.32,3.0,3.0,3.0,60100.63
1076,PMNUFG,"25A Nguyễn Hữu Cảnh, P.22, Q.Bình Thạnh, TP.HCM",15900000.0,255.21,1.0,1.0,2.0,62301.63
1077,CJWPRB,"594 Lê Văn Quới, P.Bình Hưng Hoà A, Q.Bình Tân, TP.HCM",33500000.0,170.83,2.0,2.0,2.0,196101.39
1078,656J48,"Xã Bình Mỹ, H.Củ Chi, TP.HCM",1390000.0,20.44,3.0,3.0,3.0,68003.91
1079,9N0JAP,"56 Phan Đình Phùng, P.2, Q.Phú Nhuận, TP.HCM",17500000.0,460.52,5.0,5.0,7.0,38000.52
1080,1SM4Z6,"Nguyễn Tiểu La, P.8, Q.10, TP.HCM",10550000.0,422.0,3.0,3.0,4.0,25000.0
1081,65VFE8,"Phan Huy Thực, P.Tân Kiểng, Q.7, TP.HCM",16900000.0,231.5,4.0,5.0,3.0,73002.16
1082,YE79WD,"238 Nguyễn Thái Bình, P.4, Q.Tân Bình, TP.HCM",11500000.0,191.66,6.0,5.0,5.0,60002.09
1083,E0CZC4,"286 Phan Văn Trị, P.11, Q.Gò Vấp, TP.HCM",8300000.000000001,157.73,2.0,1.0,1.0,52621.57
1084,SHQAQ5,"33 Đặng Văn Ngữ, P.10, Q.Phú Nhuận, TP.HCM",28500000.0,278.86,6.0,5.0,1.0,102201.82
1085,3A1JJQ,"Đặng Minh Trứ, P.10, Q.Tân Bình, TP.HCM",4900000.0,88.76,3.0,2.0,2.0,55205.05
1086,R2BFNJ,"92 Lê Thị Hồng, P.17, Q.Gò Vấp, TP.HCM",25500000.0,180.46,20.0,20.0,4.0,141305.55
1087,KW7VSC,"166 đường số 6, P.7, Q.Gò Vấp, TP.HCM",12300000.0,153.75,5.0,4.0,5.0,80000.0
1088,SH14E5,"6 Nguyễn Duy Dương, P.7, Q.5, TP.HCM",23900000.0,377.86,5.0,4.0,5.0,63250.94
1089,0TARB9,"đường số 9, P.Bình Hưng Hòa, Q.Bình Tân, TP.HCM",23700000.0,41.51,32.0,35.0,2.0,570946.76
1090,UDG3XS,"475 Cách mạng tháng tám, P.12, Q.10, TP.HCM",5800000.0,193.33,3.0,4.0,4.0,30000.52
1091,SH2VU5,"48 Phùng Văn Cung, P.7, Q.Phú Nhuận, TP.HCM",5650000.0,474.78,3.0,3.0,4.0,11900.25
1092,SH2NQ5,"2 An Phú Tây Hưng Long, Xã An Phú Tây, H.Bình Chánh, TP.HCM",670.0,6.7,3.0,2.0,1.0,100.0
1093,UDJEVS,"Thửa 577 - tờ 21 Trần Văn Chấm, Xã Tân Thông Hội, H.Củ Chi, TP.HCM",4300000.0,31.8,2.0,1.0,1.0,135220.13
1094,491WKF,"Thửa 550 - tờ 1 Tỉnh Lộ 8, Xã Bình Mỹ, H.Củ Chi, TP.HCM",6490000.0,12.98,2.0,1.0,1.0,500000.0
1095,5K02C7,"19A đường số 1, P.Bình Hưng Hoà A, Q.Bình Tân, TP.HCM",4680000.0,112.23,2.0,1.0,2.0,41700.08
1096,3A4ZCQ,"22 ( Thửa 51 - tờ 15 ) Nguyễn Thị Lắng, Xã Phước Vĩnh An, H.Củ Chi, TP.HCM",1950000.0,10.9,2.0,1.0,1.0,178899.08
1097,E0NEJ4,"967 Lạc Long Quân, P.11, Q.Tân Bình, TP.HCM",13500000.0,217.0,3.0,4.0,4.0,62211.98
1098,QYKD2U,"603 Lê Văn Thọ, P.14, Q.Gò Vấp, TP.HCM",17500000.0,164.47,3.0,3.0,3.0,106402.38
1099,E09KP4,"Huỳnh Tấn Phát, Khu phố 7, Thị trấn Nhà Bè, TP.HCM",550.0,34.37,1.0,1.0,1.0,16.0
1100,UDHB5S,"88B Nguyễn Thị Hé, Xã Tân Thông Hội, H.Củ Chi, TP.HCM",2350000.0,17.12,2.0,1.0,1.0,137266.36
1101,E007R4,"243 đường số 6, P.7, Q.Gò Vấp, TP.HCM",3280000.0,134.97,2.0,2.0,2.0,24301.7
1102,UDD2WS,"523 cách mạng tháng 8, P.15, Q.10, TP.HCM",8490000.0,188.86,3.0,4.0,5.0,44953.93
1103,R2PEFJ,"Nguyễn Đình Chính, P.15, Q.Phú Nhuận, TP.HCM",23900000.0,234.77,3.0,2.0,2.0,101801.76
1104,ABD1AY,"đường Thạnh Lộc 15, P.Thạnh Lộc, Q.12, TP.HCM",7300000.0,57.25,1.0,1.0,1.0,127510.92
1105,KWBNNC,"31 đường số 9, P.Bình Hưng Hòa, Q.Bình Tân, TP.HCM",5680000.0,69.86,2.0,2.0,2.0,81305.47
1106,7K6CHA,"MPN 502 Tỉnh Lộ 10, P.Bình Trị Đông, Q.Bình Tân, TP.HCM",5100000.0,99.02,2.0,1.0,1.0,51504.75
1107,RGHQ4J,"19 Phan Xích Long, P.2, Q.Phú Nhuận, TP.HCM",39500000.0,460.37,5.0,5.0,6.0,85800.55
1108,GX45X2,"158 đường số 59, P.14, Q.Gò Vấp, TP.HCM",15500000.0,280.79,3.0,5.0,5.0,55201.4
1109,8527Q3,"1 Lê Cao Lãng, P.Phú Thạnh, Q.Tân Phú, TP.HCM",2800000.0,149.73,3.0,3.0,3.0,18700.33
1110,37G01Q,"22A ( Thửa 800 - tờ 36) ấp Bàu Sim 2, Xã Tân Thông Hội, H.Củ Chi, TP.HCM",4000000.0,38.49,2.0,2.0,2.0,103923.1
1111,SD2VS5,"174 Nguyễn Thái Bình, P.12, Q.Tân Bình, TP.HCM",5500000.0,369.12,3.0,3.0,3.0,14900.3
1112,40Q8PF,"39 Tân Thới Hiệp 09, P.Tân Thới Hiệp, Q.12, TP.HCM",5700000.0,61.55,1.0,1.0,2.0,92607.64
1113,5HZEM7,"Nguyễn Văn Đậu, P.5, Q.Bình Thạnh, TP.HCM",43900000.0,348.41,7.0,7.0,8.0,126000.98
1114,6SFN58,"Hoàng Văn Hợp, P.An Lạc A, Q.Bình Tân, TP.HCM",3750000.0,216.76,3.0,3.0,3.0,17300.24
1115,85E2V3,"72 Bùi Quang Là, P.12, Q.Gò Vấp, TP.HCM",7500000.0,100.4,2.0,2.0,3.0,74701.2
1116,37E64Q,"82 đường số 8, P.Bình Hưng Hòa, Q.Bình Tân, TP.HCM",18600000.0,57.23,2.0,2.0,1.0,325004.37
1117,QA40RU,"84 Tân sơn nhì, P.Tân Sơn Nhì, Q.Tân Phú, TP.HCM",6200000.0,124.0,3.0,2.0,2.0,50000.0
1118,6SCAV8,"Thửa 56 - tờ 29 Bùi Thị Điệt, Xã Phạm Văn Cội, H.Củ Chi, TP.HCM",9500000.0,5.72,3.0,3.0,1.0,1660839.16
1119,0Z62T9,"33A Nguyễn Thị Huỳnh, P.8, Q.Phú Nhuận, TP.HCM",12300000.0,251.53,5.0,6.0,4.0,48900.73
1120,WPX4PR,"82 Trương Công Định, P.12, Q.Tân Bình, TP.HCM",8900000.0,86.4,4.0,2.0,2.0,103009.26
1121,7K4J3A,"60 Trịnh Thị Gắt, Xã Tân An Hội, H.Củ Chi, TP.HCM",2900000.0,12.13,2.0,1.0,1.0,239076.67
1122,ACFRJY,"51P Phan Tây Hồ, P.7, Q.Phú Nhuận, TP.HCM",9250000.0,234.17,6.0,6.0,4.0,39501.22
1123,40GE4F,"40 ( Thửa 723 - tờ 25 ) Phạm Thị Xích, Xã Tân Thạnh Tây, H.Củ Chi, TP.HCM",5200000.0,26.34,2.0,1.0,1.0,197418.38
1124,UYK32S,"40A đường số 42, Xã Tân Thông Hội, H.Củ Chi, TP.HCM",4100000.0,34.54,2.0,1.0,2.0,118702.95
1125,DEF75H,"Hương Lộ 2, P.Bình Trị Đông, Q.Bình Tân, TP.HCM",7700000.0,132.75,5.0,5.0,5.0,58003.77
1126,6S7TP8,"73 Bùi Thị Lành, Xã Trung An, H.Củ Chi, TP.HCM",3200000.0,28.57,2.0,2.0,2.0,112005.6
1127,WP22QR,"4A đường Thạnh Xuân 24, P.Thạnh Xuân, Q.12, TP.HCM",5800000.0,77.33,4.0,3.0,3.0,75003.23
1128,DEFEBH,"1598 Tỉnh Lộ 8, Xã Hòa Phú, H.Củ Chi, TP.HCM",5200000.0,32.43,2.0,1.0,1.0,160345.36
1129,0ZTDW9,"Bùi Đình Túy, P.12, Q.Bình Thạnh, TP.HCM",4600000.0,153.33,3.0,3.0,4.0,30000.65
1130,0ZTA49,"796 Lê Đức Thọ, P.15, Q.Gò Vấp, TP.HCM",6500000.0,98.48,4.0,4.0,3.0,66003.25
1131,UYDPMS,"134 Đông Thạnh 5, Xã Đông Thạnh, H.Hóc Môn, TP.HCM",15500000.0,63.7,4.0,3.0,2.0,243328.1
1132,J2Z870,"24 Lê Thị Lơn, Xã Bình Mỹ, H.Củ Chi, TP.HCM",9500000.0,20.29,1.0,1.0,1.0,468210.94
1133,5HKCY7,"32 Lê Thị Bay, Xã Tân Thạnh Đông, H.Củ Chi, TP.HCM",2150000.0,24.57,3.0,1.0,1.0,87505.09
1134,409JPF,"931 Lũy Bán Bích, P.Tân Thành, Q.Tân Phú, TP.HCM",24300000.0,293.12,4.0,4.0,4.0,82901.2
1135,2MMMCZ,"18 Nguyễn Thị Rõ, Xã Tân An Hội, H.Củ Chi, TP.HCM",2500000.0,21.73,2.0,1.0,2.0,115048.32
1136,UYY7ES,"59C Huỳnh Thị Thơm, Xã Tân Thông Hội, H.Củ Chi, TP.HCM",9700000.0,22.5,24.0,24.0,2.0,431111.11
1137,SDYQG5,"15 Nguyễn Đình Chiểu, P.4, Q.Phú Nhuận, TP.HCM",10800000.0,177.04,2.0,1.0,2.0,61003.16
1138,SDYQG5,"15 Nguyễn Đình Chiểu, P.4, Q.Phú Nhuận, TP.HCM",10800000.0,177.04,2.0,1.0,2.0,61003.16
1139,UYAZ3S,"Hẻm 302 Nguyễn Văn Nghi, P.7, Q.Gò Vấp, TP.HCM",5800000.0,69.66,1.0,1.0,1.0,83261.56
1140,EJRUF4,"59 đường số 23, Xã Tân Thông Hội, H.Củ Chi, TP.HCM",10500000.0,40.27,5.0,5.0,3.0,260740.0
1141,WP9QFR,"164 Đào Văn Thử, Xã Tân An Hội, H.Củ Chi, TP.HCM",1850000.0,14.17,2.0,1.0,1.0,130557.52
1142,J2GMS0,"24 Trần Thị Dư, Xã Tân An Hội, H.Củ Chi, TP.HCM",4800000.0,14.16,10.0,10.0,1.0,338983.05
1143,375KAQ,"152 Đào Văn Thử, Xã Tân An Hội, H.Củ Chi, TP.HCM",1950000.0,14.94,2.0,1.0,1.0,130522.09
1144,EJRGU4,"9 ( Thửa 52 - tờ 78 ) Nguyễn Thị Chiên, Xã Tân An Hội, H.Củ Chi, TP.HCM",1850000.0,10.51,2.0,1.0,1.0,176022.84
1145,QA77ZU,"16A đường số 16, Xã Tân Thông Hội, H.Củ Chi, TP.HCM",2550000.0,17.0,2.0,2.0,2.0,150000.0
1146,37SN2Q,"Thửa 740 - tờ 20 Tỉnh Lộ 7, Xã Thái Mỹ, H.Củ Chi, TP.HCM",2500000.0,19.79,2.0,1.0,1.0,126326.43
1147,ACDUDY,"28 Trương Thị Nguýt, Xã Phú Hòa Đông, H.Củ Chi, TP.HCM",2600000.0,9.95,3.0,1.0,1.0,261306.53
1148,ACDV5Y,"49 Nguyễn Viết Xuân, TT.Củ Chi, H.Củ Chi, TP.HCM",3600000.0,15.06,2.0,1.0,1.0,239043.82
1149,WPJAGR,"126 Miếu Gò Xoài, P.Bình Hưng Hòa, Q.Bình Tân, TP.HCM",4300000.0,87.39,2.0,2.0,2.0,49204.71
1150,40WN3F,"38 Lê Thị Nghiên, Xã Tân Thạnh Đông, H.Củ Chi, TP.HCM",2400000.0,25.77,2.0,1.0,1.0,93131.55
1151,9TG14P,"Tống Văn Hên, P.15, Q.Tân Bình, TP.HCM",24900000.0,163.06,14.0,14.0,6.0,152704.53
1152,UAUY0S,"156 Lương Ngọc Quyến, P.5, Q.Gò Vấp, TP.HCM",3850000.0,427.77,2.0,2.0,2.0,9000.16
1153,5DSGZ7,"2 Cầm Bá Thước, P.7, Q.Phú Nhuận, TP.HCM",76000000.0,209.36,3.0,3.0,3.0,363011.08
1154,9ZJUGP,"116 Cầu Kinh, P.Tân Tạo A, Q.Bình Tân, TP.HCM",6840000.0,119.78,6.0,6.0,2.0,57104.69
1155,9ZJUGP,"116 Cầu Kinh, P.Tân Tạo A, Q.Bình Tân, TP.HCM",6840000.0,119.78,6.0,6.0,2.0,57104.69
1156,GN9S02,"103 đường số 27, P.Bình Trị Đông B, Q.Bình Tân, TP.HCM",10900000.0,136.25,3.0,4.0,4.0,80000.0
1157,CFH22B,"46 đường số 4, P.Bình Hưng Hoà A, Q.Bình Tân, TP.HCM",4780000.0,91.57,3.0,3.0,3.0,52200.5
1158,JGWMD0,"191 đường số 3, P.11, Q.Gò Vấp, TP.HCM",15300000.0,177.7,4.0,5.0,4.0,86100.17
1159,PT014G,"56 Vũ Huy Tấn, P.2, Q.Bình Thạnh, TP.HCM",55000000.0,766.01,4.0,4.0,4.0,71800.63
1160,CF8SEB,"Thạnh Lộc 38, P.Thạnh Lộc, Q.12, TP.HCM",3690000.0,73.35,1.0,1.0,1.0,50306.75
1161,5DZ597,"Hồng Hà, P.2, Q.Tân Bình, TP.HCM",26300000.0,238.65,2.0,2.0,3.0,110203.23
1162,Q70VPU,"18 Bùi Thế Mỹ, P.10, Q.Tân Bình, TP.HCM",10000000.0,153.13,4.0,2.0,2.0,65303.99
1163,SYP0X5,"đường số 13, P.Bình Hưng Hòa, Q.Bình Tân, TP.HCM",9380000.0,90.19,1.0,1.0,2.0,104002.66
1164,Q7RK5U,"154 Nguyễn Thị Kiểu, P.Tân Thới Hiệp, Q.12, TP.HCM",8680000.0,127.27,3.0,2.0,2.0,68201.46
1165,W9XWGR,"Số 6 đường số 41, P.9, Q.4, TP.HCM",29000000.0,481.72,8.0,4.0,5.0,60200.95
1166,8SYGU3,"126 Trần Thị Điệu, Phước Long B, Q.9, TP.HCM",10300000.0,121.31,4.0,3.0,3.0,84906.44
1167,35YTRQ,"263 đường số 8, P.Bình Hưng Hoà A, Q.Bình Tân, TP.HCM",15500000.0,85.07,1.0,2.0,2.0,182202.89
1168,35YFYQ,"512 Nguyễn Văn Khối, P.9, Q.Gò Vấp, TP.HCM",21900000.0,141.83,13.0,14.0,4.0,154410.21
1169,Q7DSAU,"33 Nguyễn Văn Khối, P.11, Q.Gò Vấp, TP.HCM",12500000.0,108.52,6.0,2.0,2.0,115186.14
1170,SYY4Q5,"559B Nguyễn Văn Khối, P.9, Q.Gò Vấp, TP.HCM",15000000.0,279.32,6.0,7.0,6.0,53701.85
1171,SYYBQ5,"Nghiêm Toản, P.Hòa Thạnh, Q.Tân Phú, TP.HCM",6500000.0,125.0,1.0,1.0,1.0,52000.0
1172,ERWGU4,"Hiệp Thành 17, KP5, P.Hiệp Thành, Q.12, TP.HCM",9000000.0,99.55,2.0,1.0,1.0,90406.83
1173,AKDF9Y,"99 đường số 59, P.14, Q.Gò Vấp, TP.HCM",15000000.0,238.47,6.0,5.0,5.0,62900.99
1174,5DAKC7,"136 Chế Lan Viên, P.Tây Thạnh, Q.Tân Phú, TP.HCM",10500000.0,150.86,3.0,3.0,4.0,69600.95
1175,W04SPR,"7 Lê Quang Chiểu, P.Hiệp Tân, Q.Tân Phú, TP.HCM",8900000.0,132.44,2.0,2.0,2.0,67200.24
1176,3S6AUQ,"41 Trần Văn Kỷ, P.14, Q.Bình Thạnh, TP.HCM",1900000.0,380.0,2.0,2.0,3.0,5000.0
1177,EWCJU4,"28 Phan Tây Hồ, P.7, Q.Phú Nhuận, TP.HCM",12500000.0,234.96,4.0,5.0,4.0,53200.54
1178,5YUHC7,"207 đường số 6, P.5, Q.Gò Vấp, TP.HCM",5280000.0,170.32,2.0,2.0,2.0,31000.47
1179,7DQ5SA,"26A đường số 2, P.Bình Hưng Hoà A, Q.Bình Tân, TP.HCM",7000000.0,70.56,4.0,3.0,3.0,99206.35
1180,EWH524,"Nguyễn Hồng Đào, P.14, Q.Tân Bình, TP.HCM",15000000.0,275.22,3.0,3.0,4.0,54501.85
1181,8UM5M3,"Bàu Cát 3, P.14, Q.Tân Bình, TP.HCM",16000000.0,233.98,3.0,3.0,4.0,68381.91
1182,SA61T5,"130Bis Trần Huy Liệu, P.15, Q.Phú Nhuận, TP.HCM",21000000.0,535.71,6.0,7.0,7.0,39200.31
1183,U712AS,"Nguyễn Trọng Tuyển, P.15, Q.Phú Nhuận, TP.HCM",8750000.0,280.44,3.0,3.0,3.0,31200.97
1184,5Y6SC7,"145A Hiệp Thành 13, P.Hiệp Thành, Q.12, TP.HCM",11800000.0,108.45,4.0,4.0,3.0,108805.9
1185,5YMQK7,"đường số 9, P.16, Q.Gò Vấp, TP.HCM",4100000.0,118.49,2.0,1.0,2.0,34602.08
1186,SAGRP5,"Tân Thới Hiệp 08, P.Tân Thới Hiệp, Q.12, TP.HCM",6200000.0,85.16,1.0,1.0,1.0,72804.13
1187,YKNCWD,"167 - 169 Ba Vân, P.14, Q.Tân Bình, TP.HCM",72690000.0,247.16,1.0,1.0,3.0,294100.99
1188,YKTYED,"101 Dương Văn Dương, P.Tân Quý, Q.Tân Phú, TP.HCM",9500000.0,107.34,2.0,2.0,2.0,88503.82
1189,C4V4NB,"37 Quách Vũ, P.Hiệp Tân, Q.Tân Phú, TP.HCM",16399999.999999998,189.37,3.0,6.0,5.0,86602.95
1190,PZ7CDG,"858 Nguyễn Xiển, Long Thạnh Mỹ, TP.Thủ Đức, TP.HCM",11100000.0,81.15,1.0,1.0,1.0,136783.73
1191,6QFHN8,"85 Lương Ngọc Quyến, P.5, Q.Gò Vấp, TP.HCM",6500000.0,135.98,6.0,6.0,4.0,47801.15
1192,8UE6U3,"Nguyễn Thái Bình, P.4, Q.Tân Bình, TP.HCM",11800000.0,433.82,2.0,2.0,3.0,27200.22
1193,3SE97Q,"Tân Thới Nhất 02, Tân Thới Nhất, Q.12, TP.HCM",8199999.999999999,89.22,6.0,6.0,1.0,91907.64
1194,9237HP,"đường 702 Hồng Bàng, P.1, Q.11, TP.HCM",8300000.000000001,0.05,4.0,3.0,4.0,166000000.0
1195,6QKH28,"690 Phạm Văn Bạch, P.12, Q.Gò Vấp, TP.HCM",12600000.0,299.28,5.0,4.0,5.0,42101.04
1196,0G13Q9,"41 Nguyễn Nhữ Lãm, P.Phú Thọ Hòa, Q.Tân Phú, TP.HCM",13500000.0,300.66,4.0,4.0,5.0,44901.22
1197,U7B83S,"589C Đường Điện Biên Phủ, P.1, Q.3, TP.HCM",21000000.0,107.14,5.0,7.0,4.0,196005.23
1198,7D407A,"162A Nguyễn Gia Trí, P.25, Q.Bình Thạnh, TP.HCM",50000000.0,564.97,4.0,5.0,4.0,88500.27
1199,7D407A,"162A Nguyễn Gia Trí, P.25, Q.Bình Thạnh, TP.HCM",50000000.0,564.97,4.0,5.0,4.0,88500.27
1200,5YEWY7,"Đường 3 Tháng 2, P.12, Q.10, TP.HCM",29500000.0,521.2,3.0,1.0,3.0,56600.15
1201,5YEH37,"Bạch Đằng, P.2, Q.Tân Bình, TP.HCM",19500000.0,226.74,1.0,1.0,1.0,86001.59
1202,1371X6,"Tân Thọ, P.8, Q.Tân Bình, TP.HCM",20900000.0,360.34,3.0,3.0,2.0,58000.78
1203,3SDZKQ,"328 Độc Lập, P.Tân Quý, Q.Tân Phú, TP.HCM",12200000.0,157.41,6.0,6.0,3.0,77504.61
1204,R9ZAUJ,"Lạc Long Quân, P.8, Q.Tân Bình, TP.HCM",14800000.0,256.05,5.0,4.0,6.0,57801.21
1205,YYNWD6,"155 Trần Hưng Đạo, P.11, Q.5, TP.HCM",8500000.0,51.51,1.0,1.0,1.0,165016.5
1206,SSGC5Y,"44 Trương Hoàng Thanh, P.12, Q.Tân Bình, TP.HCM",14600000.0,283.17,4.0,3.0,3.0,51559.13
1207,75K8A8,"32 số 8, P.Bình Hưng Hòa, Q.Bình Tân, TP.HCM",9500000.0,93.22,3.0,4.0,3.0,101909.46
1208,S3945Y,"Hoàng Hoa Thám, P.13, Q.Tân Bình, TP.HCM",28300000.0,241.88,6.0,6.0,4.0,117000.17
1209,0WPU9N,"300A Bàu Cát, P.11, Q.Tân Bình, TP.HCM",19500000.0,232.41,5.0,6.0,7.0,83903.45
1210,AUQBYX,"Nguyễn Sỹ Sách, P.15, Q.Tân Bình, TP.HCM",13800000.0,229.23,4.0,4.0,4.0,60201.54
1211,AU3CYX,"20B - 22B đường số 14, P.An Lạc A, Q.Bình Tân, TP.HCM",16500000.0,154.63,5.0,5.0,3.0,106706.33
1212,AU96YX,"Nguyễn Ngọc Nhựt, P.Tân Quý, Q.Tân Phú, TP.HCM",7200000.0,153.51,2.0,2.0,2.0,46902.48
1213,RE65JQ,"164 Đô Đốc Lộc, P.Tân Quý, Q.Tân Phú, TP.HCM",7150000.0,76.96,3.0,2.0,2.0,92905.41
1214,JCF60D,"63 Cao Xuân Dục, P.Xóm Củi, Q.8, TP.HCM",13800000.0,227.94,4.0,4.0,5.0,60542.25
1215,3ZKWQ3,"50 đường Tân Thọ, P.08, Q.Tân Bình, TP.HCM",19800000.0,373.1,3.0,3.0,3.0,53068.88
1216,CUWPBC,"462 Âu Cơ, P.10, Q.Tân Bình, TP.HCM",20500000.0,158.66,3.0,2.0,2.0,129207.11
1217,74259A,"30 đường số 2, P.Hiệp Bình Chánh, TP.Thủ Đức, TP.HCM",17900000.0,149.16,4.0,3.0,3.0,120005.36
1218,74PWQA,"246 Liên Khu 5-6, P.Bình Hưng Hoà B, Q.Bình Tân, TP.HCM",7500000.0,108.69,6.0,5.0,5.0,69003.59
1219,AFJ55Y,"7 đường số 35, P.Hiệp Bình Chánh, TP.Thủ Đức, TP.HCM",9600000.0,129.72,5.0,3.0,4.0,74005.55
1220,AFCAEY,"Bờ bảo tân thắng, P.Tân Sơn Nhì, Q.Tân Phú, TP.HCM",5850000.0,182.81,4.0,3.0,3.0,32000.44
1221,RNGK4J,"33 đường Ấp Chánh 13, Xã Tân Xuân, H.Hóc Môn, TP.HCM",3550000.0,82.94,3.0,2.0,2.0,42802.03
1222,AFHN5Y,"61 đường 3158C Phạm Thế Hiển, P.7, Q.8, TP.HCM",7700000.0,80.2,5.0,4.0,4.0,96009.98
1223,C0DH4B,"78 Phùng Văn Cung, P.7, Q.Phú Nhuận, TP.HCM",5390000.0,317.05,2.0,3.0,4.0,17000.47
1224,3D19NQ,"53 đường số 152 Cao Lỗ, P.4, Q.8, TP.HCM",15500000.0,220.17,6.0,5.0,4.0,70400.15
1225,8YV043,"94 đường số 111 Hưng Phú, P.Hưng Phú, Q.8, TP.HCM",7800000.0,200.0,4.0,3.0,3.0,39000.0
1226,QHV30U,"104 đường Dương Văn Dương, P.Tân Quý, Q.Tân Phú, TP.HCM",14500000.0,226.56,4.0,3.0,5.0,64000.71
1227,5BXVC7,"Thửa 698 - tờ 2 Tỉnh Lộ 43, P.Bình Chiểu, TP.Thủ Đức, TP.HCM",3550000.0,64.19,4.0,4.0,4.0,55304.56
1228,WZV0XR,"đường Gò Cẩm Đệm, P.10, Q.Tân Bình, TP.HCM",7900000.0,119.69,3.0,4.0,3.0,66003.84
1229,QDN7NU,"73 Đông Thạnh 4-2, Xã Đông Thạnh, H.Hóc Môn, TP.HCM",4750000.0,49.01,3.0,3.0,2.0,96919.0
1230,5CFDS7,"555 Đỗ Xuân Hợp, P.Phước Long B, TP.Thủ Đức, TP.HCM",9550000.0,309.22,1.0,2.0,2.0,30884.16
1231,KR08NC,"466 Đ.Phú Thọ Hòa, P.Phú Thọ Hòa, Q.Tân Phú, TP.HCM",3800000.0,152.0,2.0,2.0,2.0,25000.0
1232,RZG4WJ,"Thửa 580 - tờ 63 Đông Thạnh 2-8, Xã Đông Thạnh, H.Hóc Môn, TP.HCM",2600000.0,38.51,3.0,2.0,2.0,67514.93
1233,4948HF,"đường số 152A Cao Lỗ, P.4, Q.8, TP.HCM",13500000.0,168.75,5.0,4.0,4.0,80000.0
1234,656W98,"đường số 84 Cao Lỗ, P.4, Q.8, TP.HCM",16500000.0,208.86,4.0,5.0,4.0,79000.29
1235,SH3P05,"Lạc Long Quân, P.10, Q.Tân Bình, TP.HCM",4100000.0,136.66,3.0,2.0,2.0,30001.46
1236,3A9Z7Q,"94 Lê Cao Lãng, P.Phú Thạnh, Q.Tân Phú, TP.HCM",6750000.0,152.02,2.0,2.0,2.0,44402.05
1237,YE0EMD,"23A đường số 17, P.Hiệp Bình Phước, TP.Thủ Đức, TP.HCM",10200000.0,89.18,2.0,2.0,3.0,114375.42
1238,9N6QKP,"271 Hoàng Hoa Thám, P.13, Q.Tân Bình, TP.HCM",16900000.0,292.38,1.0,1.0,2.0,57801.49
1239,0TVDE9,"521 Huỳnh Văn Bánh, P.13, Q.Phú Nhuận, TP.HCM",11500000.0,397.92,3.0,4.0,4.0,28900.28
1240,9TJ5TP,"Lô C, chung cư Bưu Điện Hẻm 354 Lý thường kiệt, P.14, Q.10, TP.HCM",5200000.0,61.17,2.0,1.0,8.0,85008.99
1241,37WNAQ,"34 đường số 16, P.Linh Đông, TP.Thủ Đức, TP.HCM",2450000.0,100.82,1.0,1.0,2.0,24300.73
1242,40X8MF,"337 Tân kỳ tân quý, P.Phú Thọ Hòa, Q.Tân Phú, TP.HCM",10900000.0,209.61,4.0,4.0,4.0,52001.34
1243,RGT4CJ,"2A Lê Thị Hoa, Xã Phước Vĩnh An, H.Củ Chi, TP.HCM",5300000.0,13.26,11.0,11.0,1.0,399698.34
1244,40913F,"201 Nguyễn Thái Sơn, P.7, Q.Gò Vấp, TP.HCM",6800000.0,136.0,6.0,3.0,4.0,50000.0
1245,6S3N08,"18A Trần Thị Lan, Xã Tân Thạnh Tây, H.Củ Chi, TP.HCM",4500000.0,19.81,11.0,11.0,1.0,227158.0
1246,UAQ2PS,"80 đường số 6, P.Linh Trung, TP.Thủ Đức, TP.HCM",10500000.0,109.83,2.0,1.0,1.0,95602.29
1247,6UMPJ8,"24 Lưu Chí Hiếu, P.Tây Thạnh, Q.Tân Phú, TP.HCM",10800000.0,183.05,1.0,1.0,2.0,59000.27
1248,AKUARY,"95A Đường Bình Long, P.Bình Hưng Hoà A, Q.Bình Tân, TP.HCM",13500000.0,159.19,1.0,1.0,1.0,84804.32
1249,YCXBRD,"44 Nguyễn Hồng Đào, P.14, Q.Tân Bình, TP.HCM",16500000.0,232.06,6.0,6.0,4.0,71102.3
1250,DBN80H,"114 Thoại Ngọc Hầu, P.Phú Thọ Hòa, Q.Tân Phú, TP.HCM",6600000.0,101.07,1.0,1.0,2.0,65301.28
1251,DBPQNH,"227A Lã Xuân Oai, P.Tăng Nhơn Phú A, TP.Thủ Đức, TP.HCM",9800000.0,72.86,3.0,3.0,1.0,134504.53
1252,6UCQ28,"Nguyễn Văn Công, P.3, Q.Gò Vấp, TP.HCM",15600000.0,250.8,9.0,9.0,5.0,62200.96
1253,6U7ED8,"180A Nguyễn Hồng Đào, P.14, Q.Tân Bình, TP.HCM",21800000.0,196.39,14.0,14.0,5.0,111003.62
1254,PTNSEG,"55B đường số 40, P.12, Q.Gò Vấp, TP.HCM",9600000.0,146.78,6.0,7.0,5.0,65404.01
1255,W99T7R,"28 Lô G Tạ Mỹ Duật, P.An Lạc A, Q.Bình Tân, TP.HCM",7000000.0,89.62,2.0,2.0,2.0,78107.57
1256,JGPHR0,"Ấp Chiến Lược, P.Bình Hưng Hoà A, Q.Bình Tân, TP.HCM",9800000.0,66.66,2.0,1.0,1.0,147014.7
1257,JP4W10,"307–307A Bùi Hữu Nghĩa, P.1, Q.Bình Thạnh, TP.HCM",81000000.0,383.7,6.0,6.0,8.0,211102.42
1258,13ZH96,"26 Lê Cảnh Tuân, P.Phú Thọ Hòa, Q.Tân Phú, TP.HCM",5500000.0,107.84,3.0,1.0,2.0,51001.48
1259,C47W0B,"Hoàng Xuân Nhị, P.Phú Trung, Q.Tân Phú, TP.HCM",12500000.0,147.75,4.0,3.0,4.0,84602.37
1260,92EA1P,"83 Tân Thới Hiệp 09, P.Tân Thới Hiệp, Q.12, TP.HCM",8600000.0,113.3,6.0,7.0,4.0,75904.68
1261,4R764F,"46B Phan Tây Hồ, P.7, Q.Phú Nhuận, TP.HCM",7900000.0,288.32,3.0,4.0,5.0,27400.11
1262,R9S3RJ,"189/10 Hoàng Hoa Thám, P.7, Q.Bình Thạnh, TP.HCM",17000000.0,178.57,5.0,4.0,2.0,95200.76
1263,SAP9X5,"34 Đ. Trần Quý Cáp, P.11, Q.Bình Thạnh, TP.HCM",23500000.0,2.5,3.0,6.0,4.0,9400000.0
1264,KEZWQC,"80 đường số 3, P.Linh Xuân, TP.Thủ Đức, TP.HCM",9200000.0,50.13,9.0,9.0,3.0,183522.84
1265,JPV750,"Trần Hữu Trang, P.11, Q.Phú Nhuận, TP.HCM",16900000.0,244.21,5.0,4.0,5.0,69202.74
1266,YKBYND,"Nguyễn Văn Công, P.3, Q.Gò Vấp, TP.HCM",10500000.0,242.83,2.0,3.0,2.0,43240.13
1267,7DD1GA,"24 Nguyễn Văn Lượng, P.6, Q.Gò Vấp, TP.HCM",11300000.0,244.58,3.0,3.0,4.0,46201.65
1268,88U03A,"M2 đường Cư Xá Phú Lâm A, P.12, Q.6, TP.HCM",14000000.0,183.42,2.0,1.0,2.0,76327.55
1269,DYYCHF,"188/1G Tân Hiệp 6, Xã Tân Hiệp, H.Hóc Môn, TP.HCM",6500000.0,89.04,5.0,6.0,5.0,73000.9
1270,G9EX2N,"348B Huỳnh Văn Bánh, P.13, Q.Phú Nhuận, TP.HCM",20900000.0,334.4,5.0,6.0,4.0,62500.0
1271,PRDTGA,"14P-14Q Quốc Hương, P.Thảo Điền, TP.Thủ Đức, TP.HCM",130000000.0,718.23,1.0,3.0,5.0,181000.52
1272,2J0HZN,"137 Tô Ngọc Vân, P.Linh Tây, TP.Thủ Đức, TP.HCM",55000000.0,412.6,1.0,1.0,2.0,133301.02
1273,EDDX4W,"Lê Văn Sỹ, P.1, Q.Tân Bình, TP.HCM",41000000.0,749.54,6.0,6.0,5.0,54700.22
1274,94MRPM,"131 đường số 43-CL, P.Cát Lái, TP.Thủ Đức, TP.HCM",20000000.0,0.12,5.0,6.0,5.0,166666666.67
1275,821T3A,"153A Đường Phan Đăng Lưu, P.1, Q.Phú Nhuận, TP.HCM",23000000.0,349.54,1.0,3.0,4.0,65800.77
1276,KT8FCJ,"đường số 19, P.Bình Hưng Hoà A, Q.Bình Tân, TP.HCM",7500000.0,109.97,2.0,2.0,2.0,68200.42
1277,SE8C5Y,"385 Lê Văn Thọ, P.9, Q.Gò Vấp, TP.HCM",12900000.0,344.91,2.0,3.0,2.0,37401.06
1278,EG8S74,"6C ấp Đình, đường số 74, Xã Tân Phú Trung, H.Củ Chi, TP.HCM",2790000.0,20.16,2.0,1.0,1.0,138392.86
1279,7DTB4A,"Đường Võ Thành Trang, P.11, Q.Tân Bình, TP.HCM",15300000.0,131.81,3.0,4.0,3.0,116076.17
1280,3SR1YQ,"26 Đông Lân 3 - Hưng Lân, Xã Bà Điểm, H.Hóc Môn, TP.HCM",5000000.0,46.77,2.0,2.0,2.0,106906.14
1281,W0GTUR,"Phan Văn Trị – 183A Nguyễn Du, P.7 (Phường Hạnh Thông mới), Q.Gò Vấp, TP.HCM",15000000.0,235.84,1.0,2.0,2.0,63602.44
1282,JMEB0D,"10 LÔ I Cư Xá Phú Lâm D, P.10, Q.6, TP.HCM",12400000.0,178.41,2.0,2.0,2.0,69502.83
1283,PVBZ0G,"149 đường số 1B - KDC Vĩnh Lộc, P.Bình Hưng Hoà A, Q.Bình Tân, TP.HCM",21500000.0,121.12,10.0,6.0,4.0,177509.91
1284,0XTQB9,"Lô N Cư Xá Phú Lâm D, P.10, Q.6, TP.HCM",16800000.0,172.66,4.0,3.0,5.0,97301.05
1285,0NNFZ9,"16 đường số 9 (Phượng Vỹ), P.Bình Chiểu, TP.Thủ Đức, TP.HCM",4600000.0,52.27,2.0,1.0,1.0,88004.59
1286,ABG9EY,"K13 đường D1, Khu dân cư Phú Mỹ, P.Phú Mỹ, Q.7, TP.HCM",15500000.0,140.9,3.0,4.0,4.0,110007.1
1287,JGBRQ0,"Đường Xô Viết Nghệ Tĩnh, P.26, Q.Bình Thạnh, TP.HCM",5550000.0,113.49,2.0,2.0,2.0,48902.99
1288,CFGVWB,"Tân Phú, khu Nam Thông 3 - S14, P.Tân Phú, Q.7, TP.HCM",38000000.0,351.85,10.0,11.0,5.0,108000.57
1289,3SBM4Q,"235/13 Đường Thích Quảng Đức, P.4, Q.Phú Nhuận, TP.HCM",14900000.0,201.35,9.0,4.0,5.0,74000.5
1290,JPTNV0,"160/34/13 Đường Phan Huy Ích, P.12, Q.Gò Vấp, TP.HCM",5950000.0,193.81,3.0,3.0,4.0,30700.17
1291,5EJ9B7,"Chung cư Nhiêu Lộc B, Khuông Việt, P.Phú Trung, Q.Tân Phú, TP.HCM",2490000.0,50.81,3.0,1.0,4.0,49006.1
1292,8YMDU3,"1G Cư Xá Phú Thọ Hòa - Lạc Long Quân, P.5, Q.11, TP.HCM",10400000.0,167.74,3.0,3.0,3.0,62000.72
1293,WZY0WR,"15 đường số 2, KDC Hương Lộ 5, P.An Lạc, Q.Bình Tân, TP.HCM",9500000.0,121.63,4.0,3.0,4.0,78105.73
1294,SY3PF5,"39-41 Đường Quốc Lộ 13 cũ, P.Hiệp Bình Phước, TP.Thủ Đức, TP.HCM",70000000.0,109.75,3.0,3.0,3.0,637813.21
1295,Q7FB9U,"163 ( số cũ 15B ) Đường Lê Văn Chí, P.Linh Trung, TP.Thủ Đức, TP.HCM",14000000.0,95.91,1.0,1.0,1.0,145970.18
1296,PT685G,"Thửa 557 tờ 36, 155A Khu phố 3, P.An Phú Đông, Q.12, TP.HCM",9800000.0,51.76,4.0,4.0,1.0,189335.39
1297,SAQ4A5,"3 đường số 4, Khu phố 4, P.Tam Phú, TP.Thủ Đức, TP.HCM",13500000.0,132.61,6.0,4.0,1.0,101802.28
1298,923ZMP,"đường 32C Cư Xá Phú Lâm D, P.10, Q.6, TP.HCM",11500000.0,165.94,5.0,6.0,4.0,69302.16
1299,671CH8,"Khu dân cư Tân Thuận, đường Gò Ô Môi, P.Phú Thuận, Q.7, TP.HCM",18900000.0,236.25,4.0,5.0,5.0,80000.0
1300,UAR0WS,"đường Huỳnh Thị Đừng ( đường cũ số 720 ), Xã Trung Lập Thượng, H.Củ Chi, TP.HCM",2300000.0,10.68,2.0,1.0,1.0,215355.81
1301,DB0DUH,"389/30E Tỉnh lộ 10, khu phố 7, P.An Lạc A, Q.Bình Tân, TP.HCM",8800000.0,112.38,6.0,6.0,5.0,78305.75
1302,SDDQ25,"23 đường 52, Khu nhà ở Công ty Đông Nam, P.Hiệp Bình Phước, TP.Thủ Đức, TP.HCM",37000000.0,229.95,4.0,4.0,6.0,160904.54
1303,J2F3F0,"93 Mậu Thân, P.Xuân Khánh, Q.Ninh Kiều, TP. Cần Thơ",27000000.0,205.16,3.0,3.0,3.0,131604.6
1304,CF3G6B,"Một phần nhà số 67 Đường Liên khu 2-10, P.Bình Hưng Hoà A, Q.Bình Tân, TP.HCM",5500000.0,64.4,1.0,1.0,2.0,85403.73
1305,WGPQFR,"đường B16, P.Hưng Phú, Q.Cái Răng, TP. Cần Thơ",7500000.0,92.59,5.0,4.0,3.0,81002.27
1306,40PADF,"399S Trần Nam Phú, P.An Khánh, Q.Ninh Kiều, TP. Cần Thơ",9990000.0,85.38,3.0,3.0,3.0,117006.32
1307,PTPBXG,"10 Hòa Minh 20, P.Hòa Minh, Q.Liên Chiểu, TP. Đà Nẵng",7550000.0,100.66,3.0,3.0,2.0,75004.97
1308,0Z1KE9,"30 Âu Cơ, P.Hòa Khánh Bắc, Q.Liên Chiểu, TP. Đà Nẵng",18000000.0,185.56,3.0,3.0,3.0,97003.66
1309,ACEE4Y,"Đ7 Khu Biệt Thự Sài Gòn Pearl - Số 92 Đường Nguyễn Hữu Cảnh, P.22, Q.Bình Thạnh, TP.HCM",300000000.0,840.33,3.0,5.0,5.0,357002.61
1310,SHDR75,"40A Trần Hoàng Na, P.Hưng Lợi, Q.Ninh Kiều, TP. Cần Thơ",11700000.0,109.04,5.0,3.0,2.0,107300.07
1311,8S8HM3,"Thửa 286 - Tờ 42, 39A Nguyễn Hiền, P.An Khánh, Q.Ninh Kiều, TP. Cần Thơ",8700000.0,108.75,1.0,1.0,1.0,80000.0
1312,85UZD3,"74A Đề Thám, P.Thới Bình, Q.Ninh Kiều, TP. Cần Thơ",5680000.0,216.79,2.0,3.0,3.0,26200.47
1313,RG02NJ,"32 Hòa Nam 4, P.Hòa An, Q.Cẩm Lệ, TP. Đà Nẵng",5500000.0,64.47,2.0,2.0,1.0,85311.0
1314,RGENUJ,"B1 Trần Văn Việt, P.Hưng Thạnh, Q.Cái Răng, TP. Cần Thơ",5900000.0,59.0,4.0,4.0,5.0,100000.0
1315,1QMC06,"320/4 Trần Ngọc Quế, P.Xuân Khánh, Q.Ninh Kiều, TP. Cần Thơ",9900000.0,133.96,3.0,2.0,2.0,73902.66
1316,7KD8NA,"135 Hà Huy Tập, P.Thanh Khê Đông, Q.Thanh Khê, TP. Đà Nẵng",13500000.0,180.0,3.0,3.0,3.0,75000.0
1317,65AN48,"Thửa 378 - Tờ 13 (138N3/20) Nguyễn Văn Cừ, P.An Khánh, Q.Ninh Kiều, TP. Cần Thơ",21000000.0,150.1,1.0,1.0,1.0,139906.73
1318,85UTH3,"151 Tiểu La, P.Hòa Cường Bắc, Q.Hải Châu, TP. Đà Nẵng",16000000.0,177.77,4.0,3.0,4.0,90003.94
1319,7HQSSA,"24 Phong Bắc 4, P.Hòa Thọ Đông, Q.Cẩm Lệ, TP. Đà Nẵng",6550000.0,52.82,4.0,3.0,3.0,124006.06
1320,8S14U3,"332 Điện Biên Phủ, P.Chính Gián, Q.Thanh Khê, TP. Đà Nẵng",9700000.0,147.19,1.0,1.0,2.0,65901.22
1321,375SMQ,"2 Cồn Đình, Xã Hòa Châu, H.Hòa Vang, TP. Đà Nẵng",7000000.0,67.24,3.0,3.0,2.0,104104.7
1322,PTPCNG,"69 Nguyễn Lai, P.Khuê Trung, Q.Cẩm Lệ, TP. Đà Nẵng",7950000.0,93.52,4.0,4.0,3.0,85008.55
1323,YCHESD,"36 đường số 2C, Khu dân cư Phú Mỹ - Công ty Dịch vụ Công ích Quận 4, P.Phú Mỹ, Q.7, TP.HCM",28600000.0,215.03,24.0,24.0,4.0,133004.7
1324,GXTKG2,"26 An Trung 6, P.An Hải Nam, Q.Sơn Trà, TP. Đà Nẵng",6200000.0,112.72,2.0,2.0,2.0,55003.55
1325,Q78FAU,"24 Trần Đình Nam, P.Hòa An, Q.Cẩm Lệ, TP. Đà Nẵng",18000000.0,101.86,6.0,3.0,2.0,176713.14
1326,AC359Y,"Thửa 238 - tờ 15 Thôn Dương Nỗ Tây, P.Dương Nỗ, Q.Thuận Hóa, TP. Huế",1300000.0,13.0,1.0,2.0,1.0,100000.0
1327,EJKGH4,"18-NO5 Khu đô thị mới Sài Đồng, P.Phúc Đồng, Q.Long Biên, TP. Hà Nội",81000000.0,267.5,1.0,1.0,1.0,302803.74
1328,J29X50,"385 Phan Khôi, P.Hòa Xuân, Q.Cẩm Lệ, TP. Đà Nẵng",6300000.0,50.0,4.0,2.0,2.0,126000.0
1329,JGFVK0,"20 Bàu Cầu 28, Xã Hòa Châu, H.Hòa Vang, TP. Đà Nẵng",5690000.0,56.9,4.0,3.0,3.0,100000.0
1330,JZNH40,"24 Tôn Thất Đạm, P.Xuân Hà, Q.Thanh Khê, TP. Đà Nẵng",16800000.0,186.66,17.0,17.0,7.0,90003.21
1331,J22GV0,"74 Đống Đa, P.Thuận Phước, Q.Hải Châu, TP. Đà Nẵng",16700000.0,233.56,4.0,5.0,4.0,71501.97
1332,DEK4JH,"65 Lê Chân, P.An Hải Bắc, Q.Sơn Trà, TP. Đà Nẵng",7900000.0,114.49,3.0,2.0,3.0,69001.66
1333,EJ0014,"40 Lê Thiệt, P.Hòa Minh, Q.Liên Chiểu, TP. Đà Nẵng",7650000.0,106.25,3.0,4.0,3.0,72000.0
1334,3775MQ,"81 Vũ Đình Liên, P.Hòa Xuân, Q.Cẩm Lệ, TP. Đà Nẵng",12000000.0,120.0,11.0,11.0,5.0,100000.0
1335,854Z63,"305 Yên Thế, P.Hòa An, Q.Cẩm Lệ, TP. Đà Nẵng",16000000.0,123.07,10.0,10.0,7.0,130007.31
1336,7KHVGA,"12 Xuân Hòa 2, P.Xuân Hà, Q.Thanh Khê, TP. Đà Nẵng",7050000.0,120.51,3.0,3.0,3.0,58501.37
1337,7KHDMA,"19 Đào Trí, P.Hòa Cường Nam, Q.Hải Châu, TP. Đà Nẵng",7850000.0,104.66,2.0,2.0,2.0,75004.78
1338,J29BG0,"38 Tế Hanh, P.Hòa Xuân, Q.Cẩm Lệ, TP. Đà Nẵng",7900000.0,68.69,4.0,3.0,3.0,115009.46
1339,9ZJMFP,"212 Thái Thị Bôi, P.Chính Gián, Q.Thanh Khê, TP. Đà Nẵng",7950000.0,79.89,2.0,2.0,2.0,99511.83
1340,8S6R53,"94 Nguyễn Huy Tự, P.Hòa Minh, Q.Liên Chiểu, TP. Đà Nẵng",7950000.0,110.41,3.0,3.0,3.0,72004.35
1341,3A6BFQ,"đường Trần Nhân Tông, P.Đồng Hoà, Q.Kiến An, TP. Hải Phòng",6550000.0,111.96,3.0,3.0,3.0,58503.04
1342,WGPNYR,"23 Nguyễn Huy Tự, P.Hòa Minh, Q.Liên Chiểu, TP. Đà Nẵng",6950000.0,91.44,3.0,3.0,3.0,76006.12
1343,QA7C1U,"90 Lê Sao, P.Hòa Minh, Q.Liên Chiểu, TP. Đà Nẵng",4900000.0,54.08,2.0,2.0,2.0,90606.51
1344,SDAV95,"155 Lư Giang, P.Hòa Xuân, Q.Cẩm Lệ, TP. Đà Nẵng",15500000.0,124.0,15.0,15.0,7.0,125000.0
1345,GX3W92,"27 An Trung 7, P.An Hải Nam, Q.Sơn Trà, TP. Đà Nẵng",7000000.0,127.27,2.0,2.0,2.0,55001.18
1346,YBQ1VD,"134 Vũ Quỳnh, P.Thanh Khê Tây, Q.Thanh Khê, TP. Đà Nẵng",7100000.0,94.66,3.0,2.0,2.0,75005.28
1347,J22670,"16 Hà Kỳ Ngộ, P.Mân Thái, Q.Sơn Trà, TP. Đà Nẵng",70000000.0,378.37,40.0,40.0,12.0,185004.1
1348,5HHBH7,"16 Bùi Vịnh, P.Hòa Thọ Đông, Q.Cẩm Lệ, TP. Đà Nẵng",13500000.0,126.64,10.0,10.0,4.0,106601.39
1349,7KHDQA,"74 Trần Quốc Toản, P.Hải Châu, Q.Hải Châu, TP. Đà Nẵng",28000000.0,241.17,3.0,4.0,4.0,116100.68
1350,GNGMH2,"475 Mẹ Thứ, Xã Hòa Châu, H.Hòa Vang, TP. Đà Nẵng",10500000.0,85.57,2.0,2.0,2.0,122706.56
1351,RGC1DJ,"5 Nguyễn Chích, P.Hòa Minh, Q.Liên Chiểu, TP. Đà Nẵng",8500000.0,103.03,3.0,4.0,3.0,82500.24
1352,9TZ50P,"30 Khánh An 11, P.Hòa Khánh Nam, Q.Liên Chiểu, TP. Đà Nẵng",7600000.0,50.66,4.0,4.0,3.0,150019.74
1353,W9FU9R,"248 Nguyễn Hoàng, P.Thạc Gián, Q.Thanh Khê, TP. Đà Nẵng",6400000.0,143.17,3.0,2.0,2.0,44702.1
1354,1UQC46,"104 Thái Phiên, P.Phước Ninh, Q.Hải Châu, TP. Đà Nẵng",15500000.0,235.2,4.0,6.0,5.0,65901.36
1355,9TGW3P,"Lô 53 - 55 Hòa An 19, P.Hòa An, Q.Cẩm Lệ, TP. Đà Nẵng",13500000.0,67.5,8.0,4.0,3.0,200000.0
1356,7H74KA,"Lô 11-B2.19 Vùng Trung 6, P.Hoà Hải, Q.Ngũ Hành Sơn, TP. Đà Nẵng",5750000.0,52.27,2.0,1.0,2.0,110005.74
1357,375KUQ,"14 Nguyễn Thị Định, P.An Hải Bắc, Q.Sơn Trà, TP. Đà Nẵng",17000000.0,187.22,4.0,4.0,4.0,90802.26
1358,Q78C2U,"Tổ 123, 109 Lê Văn Thịnh, P.Hòa Minh, Q.Liên Chiểu, TP. Đà Nẵng",8500000.0,113.33,3.0,3.0,3.0,75002.21
1359,37R06Q,"4 An Hải 14, P.An Hải Bắc, Q.Sơn Trà, TP. Đà Nẵng",7500000.0,144.23,3.0,4.0,3.0,52000.28
1360,1UYJF6,"19 Cẩm Bắc 2, P.Hòa Thọ Đông, Q.Cẩm Lệ, TP. Đà Nẵng",10000000.0,62.5,4.0,3.0,2.0,160000.0
1361,SD06H5,"27 Trần Tấn, P.Hòa Hiệp Nam, Q.Liên Chiểu, TP. Đà Nẵng",5900000.0,67.58,1.0,1.0,1.0,87303.94
1362,UY5MZS,"77 Phan Văn Đạt, P.Hòa Khánh Bắc, Q.Liên Chiểu, TP. Đà Nẵng",8500000.0,82.76,5.0,4.0,3.0,102706.62
1363,EJVZT4,"106 Phan Khoang, P.Hòa An, Q.Cẩm Lệ, TP. Đà Nẵng",6200000.0,62.0,3.0,3.0,2.0,100000.0
1364,40CRVF,"26 Thanh Lương 5, P.Hòa Xuân, Q.Cẩm Lệ, TP. Đà Nẵng",7000000.0,71.79,3.0,3.0,3.0,97506.62
1365,GX6FP2,"188 Nguyễn Xí, P.Hòa Minh, Q.Liên Chiểu, TP. Đà Nẵng",9700000.0,97.0,5.0,4.0,4.0,100000.0
1366,85H063,"39 Lê Lai, P.Xuân Khánh, Q.Ninh Kiều, TP. Cần Thơ",8600000.0,111.28,4.0,2.0,2.0,77282.53
1367,2MVBXZ,"90 Mai Lão Bạng, P.Thuận Phước, Q.Hải Châu, TP. Đà Nẵng",13000000.0,101.88,6.0,6.0,3.0,127601.1
1368,GXXUB2,"34 Hòa Minh 3, P.Hòa Minh, Q.Liên Chiểu, TP. Đà Nẵng",5360000.0,67.0,4.0,1.0,2.0,80000.0
1369,KF4Q6C,"65 Võ Duy Ninh, P.Thọ Quang, Q.Sơn Trà, TP. Đà Nẵng",11500000.0,129.35,6.0,4.0,2.0,88906.07
1370,ACB7HY,"24 Bình An 7, P.Hòa Cường Bắc, Q.Hải Châu, TP. Đà Nẵng",10800000.0,112.03,7.0,7.0,3.0,96402.75
1371,QYAHMU,"17 Dương Đức Hiền, P.Hòa Minh, Q.Liên Chiểu, TP. Đà Nẵng",7100000.0,98.61,4.0,3.0,3.0,72000.81
1372,8556F3,"37 Nguyễn Thị Thập, P.Hòa Minh, Q.Liên Chiểu, TP. Đà Nẵng",6780000.0,90.4,2.0,1.0,2.0,75000.0
1373,RGYURJ,"41 Nguyễn Thiện Thuật, P.Thuận Hòa, Q.Phú Xuân, TP. Huế",7800000.0,50.0,3.0,3.0,2.0,156000.0
1374,UYJ1BS,"99 An Hải 6, P.An Hải Bắc, Q.Sơn Trà, TP. Đà Nẵng",12500000.0,125.0,4.0,3.0,3.0,100000.0
1375,40A14F,"111 Âu Cơ, P.Hòa Khánh Bắc, Q.Liên Chiểu, TP. Đà Nẵng",14500000.0,99.65,4.0,2.0,3.0,145509.28
1376,9T3BJP,"3 Dương Văn An, P.Mân Thái, Q.Sơn Trà, TP. Đà Nẵng",7450000.0,85.24,3.0,2.0,2.0,87400.28
1377,1U89T6,"133 đường 2/9, P.Hòa Cường Nam, Q.Hải Châu, TP. Đà Nẵng",7100000.0,100.42,2.0,1.0,1.0,70703.05
1378,RG55GJ,"203 Cù Chính Lan, P.An Khê, Q.Thanh Khê, TP. Đà Nẵng",16000000.0,80.64,3.0,2.0,2.0,198412.7
1379,0ZH0K9,"1411 Nguyễn Tất Thành, P.Phú Bài, TX.Hương Thủy, TP. Huế",14000000.0,34.72,6.0,5.0,2.0,403225.81
1380,6SWH08,"66 Hàm Nghi, P.Thạc Gián, Q.Thanh Khê, TP. Đà Nẵng",24500000.0,257.89,3.0,3.0,3.0,95001.74
1381,KFTSGC,"136 Phan Khôi, P.Hòa Xuân, Q.Cẩm Lệ, TP. Đà Nẵng",6350000.0,63.5,3.0,2.0,2.0,100000.0
1382,DE4PPH,"17 Cao Xuân Huy, P.Khuê Trung, Q.Cẩm Lệ, TP. Đà Nẵng",10800000.0,138.63,5.0,4.0,3.0,77905.22
1383,ACKZMY,"17 Bàu Làng 2, P.Xuân Hà, Q.Thanh Khê, TP. Đà Nẵng",9850000.0,144.85,4.0,3.0,3.0,68001.38
1384,5H9N47,"120 Thanh Thủy, P.Thanh Bình, Q.Hải Châu, TP. Đà Nẵng",17500000.0,93.48,4.0,4.0,4.0,187205.82
1385,7KWB6A,"46 Trần Hoàng Na, P.An Bình, Q.Ninh Kiều, TP. Cần Thơ",10000000.0,108.34,3.0,3.0,3.0,92302.01
1386,RGT7UJ,"159 Hàn Thuyên, P.Hòa Cường Bắc, Q.Hải Châu, TP. Đà Nẵng",9800000.0,128.1,7.0,4.0,4.0,76502.73
1387,85QDM3,"46 An Thượng 18, P.Mỹ An, Q.Ngũ Hành Sơn, TP. Đà Nẵng",11500000.0,188.21,3.0,2.0,4.0,61101.96
1388,PNAW4G,"118 Nhân Hòa 8, P.Hòa Xuân, Q.Cẩm Lệ, TP. Đà Nẵng",5050000.0,50.5,1.0,1.0,1.0,100000.0
1389,CW48MB,"15 Vũ Đình Long, P.Thọ Quang, Q.Sơn Trà, TP. Đà Nẵng",9850000.0,131.33,3.0,2.0,2.0,75001.9
1390,2MTRSZ,"722 Tôn Đức Thắng, P.Hòa Minh, Q.Liên Chiểu, TP. Đà Nẵng",6850000.0,104.02,2.0,1.0,2.0,65852.72
1391,ACK9ZY,"86 Đoàn Hữu Trưng, P.Hòa An, Q.Cẩm Lệ, TP. Đà Nẵng",6700000.0,62.79,4.0,4.0,3.0,106704.89
1392,YBPC2D,"15G Hà Huy Tập, P.Xuân Hà, Q.Thanh Khê, TP. Đà Nẵng",17000000.0,162.67,4.0,4.0,4.0,104506.06
1393,E0J2S4,"Hòa Minh 21, P.Hòa Minh, Q.Liên Chiểu, TP. Đà Nẵng",7900000.0,105.33,3.0,3.0,3.0,75002.37
1394,85RZM3,"182 Phạm Tứ, P.Khuê Trung, Q.Cẩm Lệ, TP. Đà Nẵng",12500000.0,117.48,4.0,2.0,2.0,106401.09
1395,SDMTX5,"8B Nguyễn Văn Lưu, P.Hưng Thạnh, Q.Cái Răng, TP. Cần Thơ",20000000.0,97.56,7.0,7.0,3.0,205002.05
1396,RG8K3J,"43 Bàu Năng 3, P.Hòa Minh, Q.Liên Chiểu, TP. Đà Nẵng",17000000.0,101.25,4.0,4.0,3.0,167901.23
1397,QA47SU,"22 Lê Duẩn, P.Hải Châu, Q.Hải Châu, TP. Đà Nẵng",16900000.0,320.68,3.0,3.0,3.0,52700.51
1398,6SU1P8,"66 Bàu Năng 1, P.Hòa Minh, Q.Liên Chiểu, TP. Đà Nẵng",6900000.0,82.63,3.0,2.0,3.0,83504.78
1399,QA56AU,"600 Nguyễn Hữu Thọ, P.Khuê Trung, Q.Cẩm Lệ, TP. Đà Nẵng",21500000.0,186.95,10.0,10.0,4.0,115004.01
1400,GXZEN2,"53 Trần Việt Châu, P.An Hòa, Q.Ninh Kiều, TP. Cần Thơ",11900000.0,127.0,1.0,1.0,1.0,93700.79
1401,5HTW87,"445 Hải Phòng, P.Chính Gián, Q.Thanh Khê, TP. Đà Nẵng",7750000.0,250.0,3.0,3.0,4.0,31000.0
1402,YBZ0MD,"20 An Cư 4, P.An Hải Bắc, Q.Sơn Trà, TP. Đà Nẵng",13500000.0,200.0,4.0,3.0,5.0,67500.0
1403,1UQYK6,"33 Trần Văn Trà, P.Hòa Xuân, Q.Cẩm Lệ, TP. Đà Nẵng",8600000.0,68.8,2.0,2.0,3.0,125000.0
1404,EJFYG4,"18 Đoàn Hữu Trưng, P.Hòa An, Q.Cẩm Lệ, TP. Đà Nẵng",8100000.0,68.93,1.0,1.0,3.0,117510.52
1405,Q78XJU,"39C Lê Vĩnh Huy, P.Hòa Cường Bắc, Q.Hải Châu, TP. Đà Nẵng",8600000.0,167.96,3.0,3.0,3.0,51202.67
1406,7KDU2A,"59 Trần Văn Thành, P.Mỹ An, Q.Ngũ Hành Sơn, TP. Đà Nẵng",10000000.0,201.2,4.0,4.0,4.0,49701.79
1407,EJUQV4,"47 Đặng Văn Ngữ, P.Kim Liên, Q.Đống Đa, TP. Hà Nội",36000000.0,897.75,6.0,5.0,7.0,40100.25
1408,5HRD17,"96 Hoàng Hoa Thám, P.Thạc Gián, Q.Thanh Khê, TP. Đà Nẵng",28000000.0,154.44,5.0,5.0,5.0,181300.18
1409,6SW978,"23 Trường Thi 2, P.Hòa Thuận Tây, Q.Hải Châu, TP. Đà Nẵng",22000000.0,221.77,25.0,25.0,7.0,99201.88
1410,SDJ3B5,"23 Phước Trường 8, P.Phước Mỹ, Q.Sơn Trà, TP. Đà Nẵng",28000000.0,302.7,12.0,12.0,7.0,92500.83
1411,6SUA18,"14 Dương Đức Hiền, P.Hòa Minh, Q.Liên Chiểu, TP. Đà Nẵng",8289999.999999999,115.13,4.0,4.0,3.0,72005.56
1412,DEZPCH,"48 Tiên Sơn 7, P.Hòa Cường Nam, Q.Hải Châu, TP. Đà Nẵng",25000000.0,250.0,26.0,26.0,8.0,100000.0
1413,6S00N8,"283 Trường Chinh, P.An Khê, Q.Thanh Khê, TP. Đà Nẵng",14500000.0,145.0,16.0,16.0,5.0,100000.0
1414,EJJGQ4,"59 Trần Đức Thông, P.Phước Mỹ, Q.Sơn Trà, TP. Đà Nẵng",13200000.0,165.0,1.0,1.0,1.0,80000.0
1415,40RT6F,"23 Mai Chí Thọ, P.Hòa Xuân, Q.Cẩm Lệ, TP. Đà Nẵng",10500000.0,98.4,3.0,4.0,3.0,106707.32
1416,850TT3,"52 Nguyễn Chí Thanh, P.Hải Châu, Q.Hải Châu, TP. Đà Nẵng",10000000.0,280.89,3.0,3.0,3.0,35601.12
1417,0Z2SE9,"110 Thanh Vinh 4, P.Hòa Khánh Bắc, Q.Liên Chiểu, TP. Đà Nẵng",5500000.0,28.06,10.0,10.0,1.0,196008.55
1418,YBH1PD,"34 Bàu Hạc 1, P.Thạc Gián, Q.Thanh Khê, TP. Đà Nẵng",7900000.0,123.24,3.0,1.0,2.0,64102.56
1419,0ZPAJ9,"15 Mỹ An 22, P.Mỹ An, Q.Ngũ Hành Sơn, TP. Đà Nẵng",9800000.0,106.98,3.0,3.0,1.0,91605.91
1420,9TB8NP,"84 Ngọc Hồi, P.Hòa Minh, Q.Liên Chiểu, TP. Đà Nẵng",6100000.0,84.13,2.0,1.0,2.0,72506.83
1421,85BEG3,"40 Nguyễn Du, P.Thạch Thang, Q.Hải Châu, TP. Đà Nẵng",28500000.0,291.11,4.0,7.0,8.0,97901.14
1422,UYHMQS,"607-609 29 tháng 3, P.Hòa Xuân, Q.Cẩm Lệ, TP. Đà Nẵng",18000000.0,87.37,1.0,1.0,3.0,206020.37
1423,RGN8MJ,"Thửa 1141 - Tờ 145 La Bông 2, Xã Hòa Tiến, H.Hòa Vang, TP. Đà Nẵng",4750000.0,33.92,3.0,2.0,3.0,140035.38
1424,6S7U28,"110 Lương Khánh Thiện, P.Hòa Minh, Q.Liên Chiểu, TP. Đà Nẵng",6650000.0,95.0,4.0,2.0,3.0,70000.0
1425,KFF4KC,"64 Nguyễn Đức Thiệu, P.Hòa Thọ Đông, Q.Cẩm Lệ, TP. Đà Nẵng",7350000.0,71.01,2.0,3.0,2.0,103506.55
1426,KFB5SC,"53 An Thượng 16, P.Mỹ An, Q.Ngũ Hành Sơn, TP. Đà Nẵng",12100000.0,204.73,4.0,4.0,4.0,59102.23
1427,SDWHP5,"1059 Ngô Quyền, P.An Hải Nam, Q.Sơn Trà, TP. Đà Nẵng",11500000.0,165.94,4.0,3.0,4.0,69302.16
1428,7KEUJA,"47 Lê Thiệt, P.Hòa Minh, Q.Liên Chiểu, TP. Đà Nẵng",8650000.0,1.23,4.0,4.0,3.0,7032520.33
1429,7KKE7A,"66 Vùng Trung 18, P.Hoà Hải, Q.Ngũ Hành Sơn, TP. Đà Nẵng",7500000.0,70.55,6.0,4.0,4.0,106307.58
1430,40WSKF,"72 Hoàng Xuân Nhị, P.Hòa Cường Nam, Q.Hải Châu, TP. Đà Nẵng",19500000.0,166.66,5.0,5.0,3.0,117004.68
1431,QAB00U,"231 Đống Đa, P.Thạch Thang, Q.Hải Châu, TP. Đà Nẵng",13900000.0,286.0,2.0,2.0,2.0,48601.4
1432,5HDGG7,"161 Nguyễn Quang Lâm, P.Hòa Xuân, Q.Cẩm Lệ, TP. Đà Nẵng",5800000.0,58.88,1.0,1.0,1.0,98505.43
1433,CW2FUB,"377 Hải Phòng, P.Chính Gián, Q.Thanh Khê, TP. Đà Nẵng",11500000.0,220.3,3.0,4.0,3.0,52201.54
1434,7KBH8A,"49 Lê Văn Sỹ, P.Hòa Minh, Q.Liên Chiểu, TP. Đà Nẵng",6700000.0,95.71,3.0,2.0,3.0,70003.13
1435,CWPSTB,"8 Nguyễn Hữu Thận, P.An Khê, Q.Thanh Khê, TP. Đà Nẵng",6250000.0,80.12,3.0,2.0,2.0,78007.99
1436,6S4TB8,"41 Lý Đạo Thành, P.Mân Thái, Q.Sơn Trà, TP. Đà Nẵng",11800000.0,118.0,5.0,3.0,3.0,100000.0
1437,SDPYW5,"146 Đặng Huy Tá, P.Hòa Minh, Q.Liên Chiểu, TP. Đà Nẵng",7500000.0,106.68,3.0,4.0,3.0,70303.71
1438,UYTEPS,"91 Đường 3 Tháng 2, P.Thuận Phước, Q.Hải Châu, TP. Đà Nẵng",25000000.0,165.56,5.0,3.0,3.0,151002.66
1439,CWJNJB,"56 Đặng Văn Ngữ, P.Khuê Trung, Q.Cẩm Lệ, TP. Đà Nẵng",11500000.0,152.31,4.0,3.0,3.0,75503.91
1440,UYT9KS,"202 Ngô Gia Tự, P.Đức Giang, Q.Long Biên, TP. Hà Nội",16800000.0,366.01,4.0,4.0,5.0,45900.39
1441,J2XKE0,"Lô 856 Trung Lập 11, P.Hòa Hiệp Nam, Q.Liên Chiểu, TP. Đà Nẵng",5800000.0,46.4,5.0,4.0,3.0,125000.0
1442,7K4D2A,"111 Lê Văn Thịnh, P.Hòa Minh, Q.Liên Chiểu, TP. Đà Nẵng",7700000.0,102.66,3.0,4.0,3.0,75004.87
1443,SDP8D5,"2 Bàu Năng 1, P.Thanh Khê Tây, Q.Thanh Khê, TP. Đà Nẵng",6850000.0,78.28,3.0,3.0,3.0,87506.39
1444,WPX9XR,"155 Trần Cao Vân, P.Xuân Hà, Q.Thanh Khê, TP. Đà Nẵng",19500000.0,152.22,3.0,3.0,3.0,128104.06
1445,WPZK9R,"18 Nhân Hòa 5, P.Hòa Xuân, Q.Cẩm Lệ, TP. Đà Nẵng",4550000.0,45.5,1.0,1.0,1.0,100000.0
1446,GX7862,"9 Đức Lợi 2, P.Thuận Phước, Q.Hải Châu, TP. Đà Nẵng",13500000.0,135.27,3.0,3.0,3.0,99800.4
1447,DE4SSH,"197 Nguyễn Đình Tứ, P.Hòa Minh, Q.Liên Chiểu, TP. Đà Nẵng",6290000.0,65.18,1.0,1.0,1.0,96501.99
1448,J2NW90,"33 Lê Văn Sỹ, P.Hòa Minh, Q.Liên Chiểu, TP. Đà Nẵng",6850000.0,97.85,3.0,2.0,3.0,70005.11
1449,37YYVQ,"7 Phú Lộc 20, P.Hòa Minh, Q.Liên Chiểu, TP. Đà Nẵng",7900000.0,92.39,4.0,4.0,3.0,85507.09
1450,UYVM4S,"158 Nguyễn Đình Tựu, P.An Khê, Q.Thanh Khê, TP. Đà Nẵng",15500000.0,124.0,4.0,4.0,4.0,125000.0
1451,ACRHAY,"Lô 27 Phân Khu B2.1b Hòa Minh 19, P.Hòa Minh, Q.Liên Chiểu, TP. Đà Nẵng",7450000.0,82.77,3.0,3.0,2.0,90008.46
1452,37TG1Q,"61 Phú Lộc 22, P.Thanh Khê Tây, Q.Thanh Khê, TP. Đà Nẵng",18500000.0,169.88,11.0,11.0,7.0,108900.4
1453,KFP7MC,"27 Nguyễn Phước Nguyên, P.An Khê, Q.Thanh Khê, TP. Đà Nẵng",8500000.0,89.28,4.0,2.0,3.0,95206.09
1454,UYN4PS,"112 Phan Văn Đạt, P.Hòa Khánh Bắc, Q.Liên Chiểu, TP. Đà Nẵng",5800000.0,42.61,2.0,1.0,2.0,136118.28
1455,37Y2BQ,"19 Thanh Vinh 8, P.Hòa Khánh Bắc, Q.Liên Chiểu, TP. Đà Nẵng",6400000.0,36.57,15.0,15.0,2.0,175006.84
1456,AC455Y,"Lô 40 Khu E Nguyễn Sinh Sắc, P.Hòa Minh, Q.Liên Chiểu, TP. Đà Nẵng",26850000.0,196.84,4.0,4.0,5.0,136405.2
1457,UYCW9S,"160 Quách Thị Trang, P.Hòa Xuân, Q.Cẩm Lệ, TP. Đà Nẵng",8900000.0,89.0,3.0,3.0,3.0,100000.0
1458,YEBZED,"Khu vực 2, đường Trần Nam Phú, P.An Khánh, Q.Ninh Kiều, TP. Cần Thơ",8500000.0,67.03,1.0,1.0,1.0,126808.89
1459,R22WWJ,"64 Tôn Thất Thiệp, P.Mỹ An, Q.Ngũ Hành Sơn, TP. Đà Nẵng",15000000.0,135.37,6.0,5.0,3.0,110807.42
1460,YEFXED,"Thửa 139 - Tờ 134 Cầu Đỏ - Túy Loan, Xã Hòa Nhơn, H.Hòa Vang, TP. Đà Nẵng",9250000.0,79.6,16.0,16.0,4.0,116206.03
1461,5HRUZ7,"23 Phước Lý 15, P.Hòa Minh, Q.Liên Chiểu, TP. Đà Nẵng",6100000.0,61.0,3.0,3.0,3.0,100000.0
1462,0Z2DJ9,"61 Lê Văn Tâm, P.Khuê Mỹ, Q.Ngũ Hành Sơn, TP. Đà Nẵng",8300000.000000001,92.22,2.0,2.0,3.0,90002.17
1463,SD41C5,"33 An Bắc 4, P.Khuê Mỹ, Q.Ngũ Hành Sơn, TP. Đà Nẵng",7700000.0,64.16,2.0,1.0,1.0,120012.47
1464,WPXAER,"45 Đào Nguyên Phổ, P.Thanh Khê Đông, Q.Thanh Khê, TP. Đà Nẵng",7750000.0,110.71,5.0,3.0,3.0,70002.71
1465,5HA447,"D5 đường số 3, KDC NTS, P.Phú Thứ, Q.Cái Răng, TP. Cần Thơ",9200000.0,38.33,2.0,2.0,2.0,240020.87
1466,CWNDTB,"486 Ông Ích Khiêm, P.Hải Châu, Q.Hải Châu, TP. Đà Nẵng",75000000.0,215.18,10.0,10.0,4.0,348545.4
1467,6SH958,"1 Bàu Vàng 5, P.Hòa Khánh Bắc, Q.Liên Chiểu, TP. Đà Nẵng",5850000.0,58.5,3.0,2.0,2.0,100000.0
1468,7K1UYA,"7-A2, Khu nhà ở xã Tân Lập - Cienco 5 Hoàng Quốc Việt, Xã Tân Lập, H.Đan Phượng, TP. Hà Nội",29900000.0,138.42,8.0,5.0,3.0,216009.25
1469,DE6TDH,"32C Đàm Quang Trung, P.Long Biên, Q.Long Biên, TP. Hà Nội",23800000.0,453.33,4.0,5.0,7.0,52500.39
1470,SDF4X5,"439 Kinh Dương Vương, P.Hòa Minh, Q.Liên Chiểu, TP. Đà Nẵng",22500000.0,83.33,5.0,5.0,3.0,270010.8
1471,6SHTR8,"75 Nước Mặn 2, P.Khuê Mỹ, Q.Ngũ Hành Sơn, TP. Đà Nẵng",8000000.0,84.21,3.0,3.0,3.0,95000.59
1472,UY0CYS,"105 Phạm Quang Ảnh, P.An Hải Nam, Q.Sơn Trà, TP. Đà Nẵng",18500000.0,142.08,6.0,8.0,4.0,130208.33
1473,QAB3BU,"769H Nguyễn Lương Bằng, P.Hòa Hiệp Nam, Q.Liên Chiểu, TP. Đà Nẵng",7900000.0,57.49,3.0,3.0,3.0,137415.2
1474,PN8ACG,"228 Nguyễn Đình Chiểu, P.Khuê Mỹ, Q.Ngũ Hành Sơn, TP. Đà Nẵng",11990000.0,94.25,7.0,7.0,5.0,127214.85
1475,2X0GEZ,"189 Lê Văn Hiến, P.Khuê Mỹ, Q.Ngũ Hành Sơn, TP. Đà Nẵng",10500000.0,143.83,3.0,3.0,3.0,73002.85
1476,RGVEAJ,"19 Cô Bắc, P.Hải Châu, Q.Hải Châu, TP. Đà Nẵng",13300000.0,153.75,3.0,3.0,3.0,86504.07
1477,6SYB68,"2 Nguyễn Thức Tự, P.Hoà Hải, Q.Ngũ Hành Sơn, TP. Đà Nẵng",19500000.0,202.07,26.0,26.0,7.0,96501.21
1478,WPN9MR,"185 Châu Thị Vĩnh Tế, P.Mỹ An, Q.Ngũ Hành Sơn, TP. Đà Nẵng",25000000.0,207.46,3.0,3.0,3.0,120505.16
1479,5H91J7,"10 Ngô Thế Vinh, P.Hòa Thuận Tây, Q.Hải Châu, TP. Đà Nẵng",10900000.0,109.0,4.0,4.0,3.0,100000.0
1480,85BY43,"167 Nguyễn Đình Chiểu, P.Khuê Mỹ, Q.Ngũ Hành Sơn, TP. Đà Nẵng",7500000.0,71.42,2.0,1.0,2.0,105012.6
1481,EJQ6X4,"170 Võ Như Hưng, P.Mỹ An, Q.Ngũ Hành Sơn, TP. Đà Nẵng",12200000.0,152.5,4.0,4.0,3.0,80000.0
1482,6SMAB8,"đường số 6, Khu đô thị mới huyện Thới Lai, TT.Thới Lai, H.Thới Lai, TP. Cần Thơ",6200000.0,41.22,3.0,3.0,3.0,150412.42
1483,QY59VU,"Lô C235 đường số 4C, Khu đô thị mới Mỹ Thượng, Xã Phú Mỹ, H.Phú Vang, TP. Huế",4700000.0,44.76,4.0,1.0,3.0,105004.47
1484,40NASF,"289 Nguyễn Duy Trinh, P.Hoà Hải, Q.Ngũ Hành Sơn, TP. Đà Nẵng",11500000.0,65.78,3.0,2.0,2.0,174825.17
1485,R2G83J,"Rạch Lòng Ống, Khu vực Phú Khánh, P.Phú Thứ, Q.Cái Răng, TP. Cần Thơ",1540000.0,12.82,3.0,1.0,1.0,120124.8
1486,QYY48U,"Lô B53 đường số 3C, Khu đô thị Mỹ Thượng, Xã Phú Mỹ, H.Phú Vang, TP. Huế",4700000.0,44.76,4.0,4.0,3.0,105004.47
1487,UYNC3S,"GH106 Lô tái định cư N4, Khu Tái định cư Hồ Đá, P.Sở Dầu, Q.Hồng Bàng, TP. Hải Phòng",5950000.0,99.83,4.0,3.0,4.0,59601.32
1488,0ZGWX9,"Lô 10 khu B2-120 Khu đô thị công nghệ FPT, P.Hoà Hải, Q.Ngũ Hành Sơn, TP. Đà Nẵng",9300000.0,91.17,9.0,9.0,3.0,102007.24
1489,QHMA7U,"Thửa 2296 - tờ 47 đường N17, P.Thới Hòa, TP.Bến Cát, Bình Dương",5500000.0,18.33,10.0,10.0,2.0,300054.56
1490,RGZECJ,"79 (Thửa 432 - Tờ 34) Quốc Lộ 13, Xã Lai Hưng, H.Bàu Bàng, Bình Dương",16790000.0,12.6,1.0,1.0,1.0,1332539.68
1491,YWCZRD,"Trần Đại Nghĩa, P.Đông Hòa, TP.Dĩ An, Bình Dương",8199999.999999999,59.85,4.0,4.0,3.0,137009.19
1492,7CH7NA,"Thửa 127 - Tờ 76 Nguyễn Thanh Tâm, TT.Cần Giuộc, H.Cần Giuộc, Long An",970.0,20.63,1.0,1.0,1.0,47.02
1493,42NJ0F,"106 đường N1, P.Tân Đông Hiệp, TP.Dĩ An, Bình Dương",4300000.0,71.66,3.0,4.0,3.0,60005.58
1494,285VYZ,"120 Cát tường phú sinh, Xã Đức Lập Hạ, H.Đức Hòa, Long An",1790000.0,30.44,3.0,3.0,2.0,58804.2
1495,285VYZ,"120 Cát tường phú sinh, Xã Đức Lập Hạ, H.Đức Hòa, Long An",1790000.0,30.44,3.0,3.0,2.0,58804.2
1496,7ER79A,"Thửa 1050 - tờ 278 đường D1, P.An Phú, TP.Thuận An, Bình Dương",5500000.0,83.58,3.0,3.0,3.0,65805.22
1497,7HT9VA,"Thửa 1161 tờ 102, Khu nhà ở An Phú, P.An Phú, TP.Thuận An, Bình Dương",7500000.0,68.18,4.0,4.0,4.0,110002.93
1498,QYC7YU,"49 đường DX043, P.Phú Mỹ, TP.Thủ Dầu Một, Bình Dương",4150000.000000001,51.1,3.0,4.0,2.0,81213.31
1499,6SVR48,"3A Trần Bình Trọng, P.Tân Tiến, TP.Nha Trang, Khánh Hòa",14500000.0,164.58,2.0,1.0,2.0,88103.05
1500,5H4D37,"95 đường Chu Mạnh Trinh, P.8, TP.Vũng Tàu, BRVT",12500000.0,108.69,1.0,1.0,1.0,115005.98
1501,SDTZX5,"Ngọc Sơn, P.Ngọc Hiệp, TP.Nha Trang, Khánh Hòa",4200000.0,48.16,2.0,2.0,2.0,87209.3
1502,DE058H,"12 Trần Nhật Duật, P.Phước Hòa, TP.Nha Trang, Khánh Hòa",13500000.0,235.6,2.0,2.0,2.0,57300.51
1503,E0RVK4,"18 số 2, P.6, TP.Tân An, Long An",5000000.0,41.66,1.0,1.0,1.0,120019.2
1504,7KQFKA,"18 Quang Trung, P.Vĩnh Thanh, TP.Rạch Giá, Kiên Giang",2500000.0,21.92,2.0,1.0,2.0,114051.09
1505,WPNZ8R,"312 Xuân Phong, Xã Vĩnh Phương, TP.Nha Trang, Khánh Hòa",2700000.0,122.72,4.0,1.0,2.0,22001.3
1506,5HMFM7,"Thửa 502 - Tờ 20 Lê Thị Riêng, Xã Lộc Châu, TP.Bảo Lộc, Lâm Đồng",2150000.0,16.04,2.0,2.0,2.0,134039.9
1507,QHP1ZU,"Trần Quý Cáp, P.Phương Sài, TP.Nha Trang, Khánh Hòa",3400000.0,60.71,3.0,2.0,2.0,56003.95
1508,AC05QY,"Thửa 279 - Tờ 21 Quốc lộ 40B, P.Trường Xuân, TP.Tam Kỳ, Quảng Nam",2400000.0,20.0,2.0,1.0,1.0,120000.0
1509,5HVFT7,"Lô LKA8-12 KQH khu dân cư số 5 An Sơn, P.4, TP.Đà Lạt, Lâm Đồng",6800000.0,104.61,2.0,2.0,2.0,65003.35
1510,CJGNWB,"Lô C22, Đường số 2, An Cựu City, P.An Đông, Q.Thuận Hóa, TP. Huế",4990000.0,61.6,3.0,3.0,4.0,81006.49
1511,WG6Q7R,"số 15 B30, P.Hưng Phú, Q.Cái Răng, TP. Cần Thơ",3000000.0,51.28,2.0,1.0,1.0,58502.34
1512,WT10XR,"A Bùi Viện, P.Đồng Hoà, Q.Kiến An, TP. Hải Phòng",3900000.0,60.93,2.0,2.0,2.0,64007.88
1513,P1QMUG,"53 Long Thọ, P.Thuỷ Biều, Q.Thuận Hóa, TP. Huế",1790000.0,18.43,2.0,1.0,1.0,97124.25
1514,UC4BRS,"Cô Giang, P.Phước Ninh, Q.Hải Châu, TP. Đà Nẵng",2000000.0,100.0,2.0,1.0,3.0,20000.0
1515,QKBR3U,"01B8 KDC 91B, P.An Khánh, Q.Ninh Kiều, TP. Cần Thơ",4000000.0,62.5,2.0,3.0,2.0,64000.0
1516,6Y7YY8,"511 Hoàng Diệu, P.Bình Thuận, Q.Hải Châu, TP. Đà Nẵng",20000000.0,115.34,2.0,1.0,1.0,173400.38
1517,3HANZQ,"922 Trường Chinh, P.Hòa Phát, Q.Cẩm Lệ, TP. Đà Nẵng",3950000.0,48.22,3.0,2.0,2.0,81916.22
1518,EPDM94,"76C Trần Phú, P.Phước Vĩnh, Q.Thuận Hóa, TP. Huế",2900000.0,64.44,3.0,4.0,3.0,45003.1
1519,7EPMBA,"Lô 26, Khu B3-1 Thăng Long, P.Hòa Cường Nam, Q.Hải Châu, TP. Đà Nẵng",48000000.0,163.76,5.0,6.0,4.0,293111.87
1520,263EXZ,"152 Tiền Phong, P.Đằng Hải, Q.Hải An, TP. Hải Phòng",2590000.0,63.66,2.0,2.0,2.0,40684.89
1521,C0WMTB,"20A Yết Kiêu, P.Thuận Hòa, Q.Phú Xuân, TP. Huế",8400000.0,49.49,1.0,1.0,1.0,169731.26
1522,SCD9K5,"111 Vạn Kiếp, P.Thượng Lý, Q.Hồng Bàng, TP. Hải Phòng",4950000.0,120.73,4.0,3.0,4.0,41000.58
1523,5BDFJ7,"63 Hồng Khẳng, P.Vỹ Dạ, Q.Thuận Hóa, TP. Huế",3300000.0,33.0,1.0,1.0,1.0,100000.0
1524,YFKX9D,"47 Trần Nguyên Đán, P.Thuận Hòa, Q.Phú Xuân, TP. Huế",14000000.0,53.94,5.0,5.0,3.0,259547.65
1525,JN9BT0,"135 Đặng Huy Trứ, P.Phước Vĩnh, Q.Thuận Hóa, TP. Huế",9000000.0,67.26,5.0,5.0,3.0,133809.1
1526,SHSCA5,"14 Thôn An Dương, P.An Đồng, Q.An Dương, TP. Hải Phòng",2200000.0,40.44,2.0,1.0,1.0,54401.58
1527,0TFYN9,"5 ( Thửa 53(2) - tờ 54) Trung Oai, Xã Tiên Dương, H.Đông Anh, TP. Hà Nội",5000000.0,148.36,4.0,4.0,4.0,33701.81
1528,5K3287,"2 Lễ Pháp, Xã Tiên Dương, H.Đông Anh, TP. Hà Nội",11000000.0,117.64,3.0,3.0,3.0,93505.61
1529,CRYM8B,"Thửa 82 - tờ 88 Xuân Nộn, Xã Xuân Nộn, H.Đông Anh, TP. Hà Nội",3000000.0,58.13,2.0,1.0,2.0,51608.46
1530,5K2HN7,"81 Miếu, P.Dư Hàng Kênh, Q.Lê Chân, TP. Hải Phòng",18600000.0,200.0,5.0,4.0,6.0,93000.0
1531,D4N4SH,"Thửa 1486 - Tờ 4 DT361, Xã Tân Phong, H.Kiến Thuỵ, TP. Hải Phòng",4350000.0,41.66,4.0,3.0,2.0,104416.71
1532,2V55BZ,"A10-2, Đường số 1 KDC 8C, P.Hưng Thạnh, Q.Cái Răng, TP. Cần Thơ",5990000.0,75.06,3.0,4.0,3.0,79802.82
1533,PN9NKG,"344B Chi Lăng, P.Gia Hội, Q.Phú Xuân, TP. Huế",2790000.0,49.91,4.0,3.0,4.0,55900.62
1534,0ZHUN9,"67 Lê Chân, P.An Khánh, Q.Ninh Kiều, TP. Cần Thơ",7000000.0,84.03,4.0,4.0,3.0,83303.58
1535,ACZMJY,"118B Trần Phú, P.Cái Khế, Q.Ninh Kiều, TP. Cần Thơ",9000000.0,116.27,3.0,4.0,3.0,77406.04
1536,40VQMF,"81 Đồng Kè, P.Hòa Khánh Bắc, Q.Liên Chiểu, TP. Đà Nẵng",6000000.0,55.86,3.0,2.0,2.0,107411.39
1537,KF2EQC,"191 Đống Đa, P.Thạch Thang, Q.Hải Châu, TP. Đà Nẵng",65000000.0,273.1,50.0,50.0,10.0,238008.06
1538,5HW3T7,"55B Thanh Long, P.Thanh Bình, Q.Hải Châu, TP. Đà Nẵng",14000000.0,128.67,4.0,5.0,3.0,108805.47
1539,CW00KB,"131 đường CMT8, P.An Hòa, Q.Ninh Kiều, TP. Cần Thơ",11000000.0,120.87,5.0,3.0,3.0,91006.87
1540,2MV1BZ,"90 Nguyễn Chích, P.Hòa Minh, Q.Liên Chiểu, TP. Đà Nẵng",5950000.0,79.33,1.0,1.0,2.0,75003.15
1541,UY7BYS,"24 Lê Sao, P.Hòa Minh, Q.Liên Chiểu, TP. Đà Nẵng",4950000.0,54.63,4.0,4.0,1.0,90609.56
1542,JXSZG0,"17 Nguyễn Quyền, P.Hòa An, Q.Cẩm Lệ, TP. Đà Nẵng",6200000.0,74.87,3.0,2.0,2.0,82810.2
1543,1AFQX6,"36 Nguyễn Khang, P.An Khê, Q.Thanh Khê, TP. Đà Nẵng",7700000.0,81.05,4.0,3.0,3.0,95003.08
1544,AFGMZY,"58 Trần Đức Thông, P.An Hải Bắc, Q.Sơn Trà, TP. Đà Nẵng",16000000.0,200.0,7.0,7.0,4.0,80000.0
1545,EGTAF4,"17B7 KDC 91B, P.An Khánh, Q.Ninh Kiều, TP. Cần Thơ",4900000.0,76.56,3.0,3.0,3.0,64002.09
1546,UC45HS,"H61 Mẹ Nhu, P.Thanh Khê Tây, Q.Thanh Khê, TP. Đà Nẵng",4150000.000000001,64.14,2.0,1.0,1.0,64702.21
1547,AFR3QY,"22D3 KDC Hồng Loan, P.Hưng Thạnh, Q.Cái Răng, TP. Cần Thơ",6000000.0,75.0,3.0,4.0,3.0,80000.0
1548,0MMBP9,"15 Hoàng Hoa Thám, P.Thạc Gián, Q.Thanh Khê, TP. Đà Nẵng",19000000.0,150.07,3.0,3.0,3.0,126607.58
1549,AFF6QY,"79 Trần Quang Long, P.Hòa Minh, Q.Liên Chiểu, TP. Đà Nẵng",5990000.0,66.55,3.0,2.0,2.0,90007.51
1550,SBBMR5,"12 Nguyễn Hữu Thọ, P.Xuân Phú, Q.Thuận Hóa, TP. Huế",8600000.0,90.52,1.0,1.0,1.0,95006.63
1551,DRFW0H,"30 Tế Hanh, P.Hòa Xuân, Q.Cẩm Lệ, TP. Đà Nẵng",8860000.0,77.04,4.0,4.0,3.0,115005.19
1552,C9R0WB,"45 Bình An 7, P.Hòa Cường Bắc, Q.Hải Châu, TP. Đà Nẵng",5750000.0,143.03,3.0,3.0,3.0,40201.36
1553,0MZ7J9,"Khúc Thừa Dụ, P.Dịch Vọng, Q.Cầu Giấy, TP. Hà Nội",8000000.0,222.22,3.0,4.0,5.0,36000.36
1554,P1ZS9G,"Đường 5, P.Hòa Hiệp Nam, Q.Liên Chiểu, TP. Đà Nẵng",4300000.0,43.0,2.0,3.0,4.0,100000.0
1555,5EAD47,"264 Lán Bè, P.An Biên, Q.Lê Chân, TP. Hải Phòng",4890000.0,131.45,2.0,2.0,2.0,37200.46
1556,QHQ6ZU,"143B Trần Hưng Đạo, P.Thới Bình, Q.Ninh Kiều, TP. Cần Thơ",10000000.0,141.44,3.0,3.0,3.0,70701.36
1557,DWD0MH,"361 Hoàng Diệu, P.Bình Thuận, Q.Hải Châu, TP. Đà Nẵng",12800000.0,168.42,8.0,8.0,3.0,76000.48
1558,5BQE27,"48 Nguyễn Xuân Lộc, P.Thuận Lộc, Q.Phú Xuân, TP. Huế",4800000.0,27.9,4.0,4.0,2.0,172043.01
1559,C0AN3B,"Lô C78 đường số 4C, Xã Phú Mỹ, H.Phú Vang, TP. Huế",6900000.0,31.57,4.0,4.0,3.0,218561.93
1560,8YZRR3,"248 Nguyễn Chơn, P.Hòa Khánh Nam, Q.Liên Chiểu, TP. Đà Nẵng",6800000.0,85.0,3.0,3.0,3.0,80000.0
1561,WZY4CR,"79 Bắc Sơn, P.Hòa An, Q.Cẩm Lệ, TP. Đà Nẵng",7850000.0,78.5,2.0,2.0,2.0,100000.0
1562,6APKJ8,"222 (Thửa 297 - tờ 21) Giang Cao, Xã Bát Tràng, H.Gia Lâm, TP. Hà Nội",7500000.0,187.5,1.0,1.0,1.0,40000.0
1563,DW2A3H,"21 Hàm Trung 3, P.Hòa Hiệp Nam, Q.Liên Chiểu, TP. Đà Nẵng",3950000.0,36.74,2.0,1.0,1.0,107512.25
1564,6ABP78,"28 Nguyễn Chích, P.Thanh Khê Tây, Q.Thanh Khê, TP. Đà Nẵng",9500000.0,122.58,4.0,4.0,3.0,77500.41
1565,QHFHPU,"478 Nguyễn Văn Cừ, P.An Hòa, Q.Ninh Kiều, TP. Cần Thơ",13000000.0,142.23,4.0,2.0,3.0,91401.25
1566,UK4H6S,"147 Nguyễn Hữu Dật, P.Hòa Cường Bắc, Q.Hải Châu, TP. Đà Nẵng",12000000.0,118.81,3.0,3.0,3.0,101001.6
1567,3D71MQ,"30 Nguyên Hồng, P.Thanh Khê Đông, Q.Thanh Khê, TP. Đà Nẵng",8800000.0,122.22,4.0,4.0,3.0,72001.31
1568,WZ9ZDR,"40/317A Đà Nẵng, P.Vạn Mỹ, Q.Ngô Quyền, TP. Hải Phòng",2500000.0,55.92,3.0,2.0,2.0,44706.72
1569,DWCUDH,"26 Duy Tân, P.Bình Thuận, Q.Hải Châu, TP. Đà Nẵng",6500000.0,154.39,3.0,3.0,3.0,42101.17
1570,RT9CWJ,"64 đường Mậu Thân, P.Thới Bình, Q.Ninh Kiều, TP. Cần Thơ",30000000.0,164.56,1.0,2.0,2.0,182304.33
1571,6AQJE8,"63 Nguyễn Đệ, P.An Hòa, Q.Ninh Kiều, TP. Cần Thơ",10800000.0,85.03,2.0,2.0,3.0,127014.0
1572,WZJATR,"Thửa 206 - Tờ 28 ( Số nhà 327C) Hàng Xoài, P.Lê Bình, Q.Cái Răng, TP. Cần Thơ",3300000.0,30.64,1.0,1.0,1.0,107702.35
1573,QHSHPU,"Thửa 682 - tờ 106-2024 Thôn Hà Nhuận, P.An Hoà, Q.An Dương, TP. Hải Phòng",1250000.0,20.83,2.0,1.0,1.0,60009.6
1574,5CGFS7,"Lô 67 Mê Linh, P.Hòa Hiệp Nam, Q.Liên Chiểu, TP. Đà Nẵng",7200000.0,72.36,3.0,3.0,3.0,99502.49
1575,SK0S45,"05 Cao Xuân Dục, P.Vỹ Dạ, Q.Thuận Hóa, TP. Huế",5900000.0,98.33,4.0,4.0,4.0,60002.03
1576,21A21Z,"Lô số 02 khu TĐC-02 - Tờ Quy hoạch chi tiết (172-A) Phương Chữ Nam, Xã Trường Thành, H.An Lão, TP. Hải Phòng",7500000.0,46.87,2.0,2.0,1.0,160017.07
1577,W28W9R,"Thửa 480 - tờ 98 Thôn Việt Khê, Xã Tân Dân, H.An Lão, TP. Hải Phòng",1900000.0,23.63,2.0,2.0,2.0,80406.26
1578,8ACM73,"07 Đường E2 KDC 3A, P.An Bình, Q.Ninh Kiều, TP. Cần Thơ",1590000.0,37.27,1.0,1.0,2.0,42661.66
1579,QDC4VU,"241 Tô Hiệu, P.Hòa Minh, Q.Liên Chiểu, TP. Đà Nẵng",7900000.0,101.15,4.0,6.0,4.0,78101.83
1580,0NNDR9,"41 Thôn Quỳnh Hoàng, P.Nam Sơn, Q.An Dương, TP. Hải Phòng",1500000.0,22.38,2.0,1.0,1.0,67024.13
1581,SKKPD5,"Thửa 330/1 - Tờ 05 Thôn 3, Xã Tú Sơn, H.Kiến Thuỵ, TP. Hải Phòng",5400000.0,26.08,3.0,2.0,2.0,207055.21
1582,DF4J9H,"Vọng Hải, P.Hưng Đạo, Q.Dương Kinh, TP. Hải Phòng",4850000.0,59.87,3.0,3.0,3.0,81008.85
1583,W2G25R,"Hòa Bình, P.Yên Nghĩa, Q.Hà Đông, TP. Hà Nội",5690000.0,62.73,5.0,5.0,5.0,90706.2
1584,GMJE32,"Quảng nguyên, Xã Quảng Phú Cầu, H.Ứng Hòa, TP. Hà Nội",4500000.0,47.46,4.0,3.0,4.0,94816.69
1585,SH6TT5,"258 Ngô Quyền, P.Vạn Mỹ, Q.Ngô Quyền, TP. Hải Phòng",6500000.0,101.72,2.0,2.0,2.0,63900.9
1586,7C3ZXA,"72 Phan Phú Tiên, P.Thanh Khê Tây, Q.Thanh Khê, TP. Đà Nẵng",8990000.0,116.6,4.0,4.0,3.0,77101.2
1587,3AX15Q,"Số 122A khu tập thể A10 Nghĩa Tân (sân chơii A10) Nghĩa Tân, P.Nghĩa Tân, Q.Cầu Giấy, TP. Hà Nội",6500000.0,118.18,2.0,1.0,1.0,55000.85
1588,7C8MNA,"178 ( Thửa 50 - tờ 84) Lê Hữu Tựu, Xã Nguyên Khê, H.Đông Anh, TP. Hà Nội",14000000.0,175.0,4.0,4.0,4.0,80000.0
1589,SHVNM5,"151 Nguyễn Thị Thập, P.Hòa Minh, Q.Liên Chiểu, TP. Đà Nẵng",8000000.0,80.8,3.0,3.0,3.0,99009.9
1590,2V4FEZ,"12 Nguyễn Thuý, P.Hòa Minh, Q.Liên Chiểu, TP. Đà Nẵng",8500000.0,129.96,3.0,4.0,3.0,65404.74
1591,WG5MNR,"14 Đồng Xoài, P.Hòa Minh, Q.Liên Chiểu, TP. Đà Nẵng",5500000.0,79.71,3.0,3.0,2.0,69000.13
1592,4930KF,"110 Nguyễn Nhàn, P.Hòa Thọ Đông, Q.Cẩm Lệ, TP. Đà Nẵng",5200000.0,65.0,1.0,1.0,1.0,80000.0
1593,AB2SMY,"16 Cầu Giấy, P.Ngọc Khánh, Q.Ba Đình, TP. Hà Nội",15680000.0,501.15,3.0,4.0,3.0,31288.04
1594,2VVS0Z,"57 An Hải 15, P.An Hải Bắc, Q.Sơn Trà, TP. Đà Nẵng",6800000.0,114.09,3.0,3.0,2.0,59602.07
1595,9NN34P,"B12 3 Tháng 2, P.Hưng Lợi, Q.Ninh Kiều, TP. Cần Thơ",2950000.0,48.36,2.0,1.0,1.0,61000.83
1596,GMXYJ2,"412 Nguyễn Phước Nguyên, P.An Khê, Q.Thanh Khê, TP. Đà Nẵng",7950000.0,155.27,3.0,3.0,3.0,51201.13
1597,YEBC3D,"47 Tạ Mỹ Duật, P.An Hải Bắc, Q.Sơn Trà, TP. Đà Nẵng",15000000.0,171.42,5.0,4.0,4.0,87504.38
1598,WPE9DR,"96 Đề Thám, P.Thới Bình, Q.Ninh Kiều, TP. Cần Thơ",17500000.0,185.97,2.0,1.0,2.0,94101.2
1599,EJAQT4,"13 Đường A4 KDC 3A, P.An Bình, Q.Ninh Kiều, TP. Cần Thơ",2250000.0,26.13,1.0,1.0,1.0,86107.92
1600,5HVFX7,"157 Ngô Quyền, P.Mân Thái, Q.Sơn Trà, TP. Đà Nẵng",9900000.0,114.98,2.0,3.0,2.0,86101.93
1601,QAZNNU,"131 Lý Tự Trọng, P.Thanh Bình, Q.Hải Châu, TP. Đà Nẵng",30000000.0,57.27,5.0,4.0,3.0,523834.47
1602,KF3N5C,"65 Mậu Thân, P.Xuân Khánh, Q.Ninh Kiều, TP. Cần Thơ",23500000.0,215.59,2.0,2.0,2.0,109003.2
1603,6S9R68,"89 Huỳnh Tịnh Của, Xã Hòa Phước, H.Hòa Vang, TP. Đà Nẵng",4950000.0,42.12,4.0,2.0,2.0,117521.37
1604,SDTEW5,"258 Âu Cơ, P.Hòa Khánh Bắc, Q.Liên Chiểu, TP. Đà Nẵng",13200000.0,183.33,1.0,1.0,3.0,72001.31
1605,1UJZK6,"257 Trần Quý Khoách, P.Hòa Minh, Q.Liên Chiểu, TP. Đà Nẵng",14000000.0,81.01,1.0,1.0,1.0,172818.17
1606,5HTNY7,"72 Đường số 10 KDC 11B, P.Hưng Phú, Q.Cái Răng, TP. Cần Thơ",4250000.0,66.4,3.0,3.0,3.0,64006.02
1607,J2A1P0,"280 Phù Đổng, P.Hòa Xuân, Q.Cẩm Lệ, TP. Đà Nẵng",6300000.0,53.61,3.0,3.0,3.0,117515.39
1608,379YWQ,"21 Hoàng Hoa Thám, P.Thạc Gián, Q.Thanh Khê, TP. Đà Nẵng",21000000.0,175.43,1.0,1.0,2.0,119705.87
1609,KFM8FC,"251 Vũ Quỳnh, P.Thanh Khê Tây, Q.Thanh Khê, TP. Đà Nẵng",6200000.0,82.66,1.0,1.0,1.0,75006.05
1610,WPQPPR,"193 Nguyễn Văn Thoại, P.An Hải Nam, Q.Sơn Trà, TP. Đà Nẵng",81000000.0,413.05,3.0,3.0,3.0,196102.17
1611,EJM7Y4,"199 Điện Biên Phủ, P.Thạc Gián, Q.Thanh Khê, TP. Đà Nẵng",45000000.0,154.1,1.0,1.0,3.0,292018.17
1612,GXSS52,"05 Thanh Vinh 5, P.Hòa Khánh Bắc, Q.Liên Chiểu, TP. Đà Nẵng",4950000.0,29.32,4.0,3.0,1.0,168826.74
1613,J26WF0,"74 Mậu Thân, P.An Hòa, Q.Ninh Kiều, TP. Cần Thơ",9500000.0,234.56,2.0,2.0,3.0,40501.36
1614,KF21JC,"01 Nguyên Hồng, P.Thanh Khê Đông, Q.Thanh Khê, TP. Đà Nẵng",9500000.0,90.13,4.0,3.0,2.0,105403.31
1615,WPVN6R,"141 Nguyễn Chí Thanh, P.Hải Châu, Q.Hải Châu, TP. Đà Nẵng",16000000.0,188.23,4.0,3.0,3.0,85002.39
1616,AC04HY,"83 Khánh An 11, P.Hòa Khánh Nam, Q.Liên Chiểu, TP. Đà Nẵng",8650000.0,57.66,4.0,4.0,3.0,150017.34
1617,UYFAAS,"75-77 Nguyễn Ân, P.Hòa Xuân, Q.Cẩm Lệ, TP. Đà Nẵng",14500000.0,70.93,3.0,3.0,2.0,204426.9
1618,KFGBQC,"70 An Thượng 17, P.Mỹ An, Q.Ngũ Hành Sơn, TP. Đà Nẵng",25000000.0,416.66,11.0,11.0,6.0,60000.96
1619,9T6C0P,"63 Bình An 7, P.Hòa Cường Bắc, Q.Hải Châu, TP. Đà Nẵng",9650000.0,141.08,4.0,4.0,3.0,68400.91
1620,DE0GRH,"100 Mai Lão Bạng, P.Thuận Phước, Q.Hải Châu, TP. Đà Nẵng",5000000.0,98.03,3.0,3.0,3.0,51004.79
1621,KF96GC,"122 Phan Khôi, P.Hòa Xuân, Q.Cẩm Lệ, TP. Đà Nẵng",6500000.0,65.0,4.0,2.0,2.0,100000.0
1622,SDE2Y5,"Thửa 45 - tờ 25 Trường Chinh, P.Hòa Thọ Tây, Q.Cẩm Lệ, TP. Đà Nẵng",3650000.0,22.14,2.0,1.0,2.0,164859.98
1623,5H4RC7,"25 Mẹ Nhu, P.Thanh Khê Tây, Q.Thanh Khê, TP. Đà Nẵng",8100000.0,80.83,4.0,3.0,3.0,100210.32
1624,85ANA3,"06 Đồng Khởi, P.Tân An, Q.Ninh Kiều, TP. Cần Thơ",10500000.0,262.5,2.0,2.0,2.0,40000.0
1625,2M1W1Z,"11A Ngô Hữu Hạnh, P.Tân An, Q.Ninh Kiều, TP. Cần Thơ",13000000.0,124.87,4.0,2.0,3.0,104108.27
1626,UYDY8S,"67 Ngô Văn Sở, P.Hòa Khánh Nam, Q.Liên Chiểu, TP. Đà Nẵng",12000000.0,100.84,1.0,1.0,1.0,119000.4
1627,J2GKJ0,"79 Trần Phú, P.Cái Khế, Q.Ninh Kiều, TP. Cần Thơ",4800000.0,99.17,2.0,3.0,2.0,48401.73
1628,KF49RC,"147 Kỳ Đồng, P.Thanh Khê Đông, Q.Thanh Khê, TP. Đà Nẵng",10200000.0,102.0,3.0,3.0,3.0,100000.0
1629,1U3JG6,"119 Phan Triêm, P.Hòa Xuân, Q.Cẩm Lệ, TP. Đà Nẵng",8750000.0,97.22,4.0,4.0,4.0,90002.06
1630,QA5C0U,"124 Lê Thiệt, P.Hòa Minh, Q.Liên Chiểu, TP. Đà Nẵng",6900000.0,95.83,3.0,3.0,2.0,72002.5
1631,KFE9JC,"01 Bùi Chát, P.Hòa Khánh Bắc, Q.Liên Chiểu, TP. Đà Nẵng",6900000.0,48.21,3.0,3.0,2.0,143123.83
1632,37SKYQ,"231A Tôn Đản, P.Hòa An, Q.Cẩm Lệ, TP. Đà Nẵng",6300000.0,78.75,5.0,3.0,3.0,80000.0
1633,SBP1K5,"401 (Thửa 4A - tờ 40) đường Nguyễn Văn Cừ, P.An Hòa, Q.Ninh Kiều, TP. Cần Thơ",25000000.0,144.59,1.0,1.0,1.0,172902.69
1634,C9V05B,"1262 Phạm Văn Đồng, P.Hợp Đức, Q.Đồ Sơn, TP. Hải Phòng",7100000.0,35.5,31.0,31.0,4.0,200000.0
1635,SB01K5,"26 Tạ Mỹ Duật, P.An Hải Bắc, Q.Sơn Trà, TP. Đà Nẵng",10900000.0,165.15,3.0,2.0,2.0,66000.61
1636,749XYA,"08 Hòa Minh 23, P.Hòa Minh, Q.Liên Chiểu, TP. Đà Nẵng",8900000.0,109.87,4.0,4.0,3.0,81004.82
1637,EGZBG4,"Lê Hiến Mai, P.Hòa An, Q.Cẩm Lệ, TP. Đà Nẵng",7800000.0,78.0,4.0,3.0,3.0,100000.0
1638,744WDA,"123 Trần Văn Trà, P.Hòa Xuân, Q.Cẩm Lệ, TP. Đà Nẵng",17500000.0,82.74,1.0,1.0,1.0,211505.92
1639,5EKBB7,"D2-4 TĐC Long Tuyền, P.Long Tuyền, Q.Bình Thuỷ, TP. Cần Thơ",4430000.0,69.35,3.0,2.0,2.0,63878.88
1640,YWBY8D,"91 Giáp Văn Cương, P.Hòa Minh, Q.Liên Chiểu, TP. Đà Nẵng",5900000.0,75.06,4.0,3.0,2.0,78603.78
1641,UCYP3S,"76 Trần Đình Tri, P.Hòa Minh, Q.Liên Chiểu, TP. Đà Nẵng",8900000.0,87.34,3.0,2.0,2.0,101900.62
1642,WT9CVR,"16 Phú Xuân 5, P.Hòa Minh, Q.Liên Chiểu, TP. Đà Nẵng",8500000.0,94.44,3.0,3.0,3.0,90004.24
1643,3H5GJQ,"77 Trần Bích San, P.Hòa Hiệp Nam, Q.Liên Chiểu, TP. Đà Nẵng",8500000.0,109.67,3.0,5.0,4.0,77505.24
1644,3HSG2Q,"401 KV Phú Lễ, P.Tân Phú, Q.Cái Răng, TP. Cần Thơ",1490000.0,7.45,2.0,1.0,1.0,200000.0
1645,8DUU23,"07 Tôn Thất Đạm, P.Xuân Hà, Q.Thanh Khê, TP. Đà Nẵng",13800000.0,153.33,8.0,5.0,4.0,90001.96
1646,QKS7JU,"212 Đồng Văn Cống, P.An Thới, Q.Bình Thuỷ, TP. Cần Thơ",5900000.0,83.8,2.0,1.0,1.0,70405.73
1647,KJKM8C,"05 Phú Lộc 8, P.Hòa Minh, Q.Liên Chiểu, TP. Đà Nẵng",5350000.0,71.33,2.0,2.0,2.0,75003.5
1648,UK8M8S,"34 Lý Nhân Tông, P.Hòa Cường Bắc, Q.Hải Châu, TP. Đà Nẵng",10500000.0,113.51,3.0,2.0,2.0,92502.86
1649,RT45FJ,"15 Hòa Nam 5, P.Hòa An, Q.Cẩm Lệ, TP. Đà Nẵng",6700000.0,69.0,5.0,3.0,3.0,97101.45
1650,C0DX8B,"89 Mạc Thiên Tích, P.Xuân Khánh, Q.Ninh Kiều, TP. Cần Thơ",7800000.0,117.11,3.0,3.0,4.0,66604.05
1651,3D1WJQ,"209 Hoàng Văn Thái, P.Hòa Khánh Nam, Q.Liên Chiểu, TP. Đà Nẵng",6250000.0,63.51,1.0,1.0,1.0,98409.7
1652,DW5ENH,"78 Nguyễn Bá Loan, Xã Hòa Phước, H.Hòa Vang, TP. Đà Nẵng",3600000.0,36.0,3.0,1.0,2.0,100000.0
1653,3DMGNQ,"145 Lê Văn Sỹ, P.Hòa Minh, Q.Liên Chiểu, TP. Đà Nẵng",7600000.0,108.57,3.0,3.0,3.0,70000.92
1654,JNEUG0,"686 Nguyễn Lương Bằng, P.Hòa Hiệp Nam, Q.Liên Chiểu, TP. Đà Nẵng",4500000.0,63.11,2.0,1.0,2.0,71304.07
1655,5B8J17,"15 Ngô Văn Sở, P.Tân An, Q.Ninh Kiều, TP. Cần Thơ",9500000.0,207.55,4.0,4.0,4.0,45772.1
1656,26RCDZ,"57 Cồn Dầu 2, P.Hòa Xuân, Q.Cẩm Lệ, TP. Đà Nẵng",8800000.0,88.0,3.0,3.0,1.0,100000.0
1657,A46TEY,"26 Trần Quang Khải, P.Cái Khế, Q.Ninh Kiều, TP. Cần Thơ",15800000.0,197.5,17.0,17.0,6.0,80000.0
1658,RTYRUJ,"25 Phú Lộc 21, P.Hòa Minh, Q.Liên Chiểu, TP. Đà Nẵng",6400000.0,79.01,3.0,3.0,3.0,81002.4
1659,JND710,"314 Điện Biên Phủ, P.Chính Gián, Q.Thanh Khê, TP. Đà Nẵng",8390000.0,289.31,3.0,3.0,3.0,29000.03
1660,4G3WHF,"Thửa 109 - tờ 01 Xóm 9, Xã Bạch Đằng, TP.Thuỷ Nguyên, TP. Hải Phòng",1890000.0,3.75,4.0,2.0,2.0,504000.0
1661,UKF6QS,"50A Nguyên Xá, P.Minh Khai, Q.Bắc Từ Liêm, TP. Hà Nội",38500000.0,302.19,35.0,35.0,8.0,127403.29
1662,17HBK6,"23 đường Huỳnh Cương, P.Hưng Lợi, Q.Ninh Kiều, TP. Cần Thơ",7200000.0,110.76,1.0,1.0,2.0,65005.42
1663,RTXSQJ,"38 Bùi Thị Xuân, P.An Khánh, Q.Ninh Kiều, TP. Cần Thơ",6800000.0,90.3,3.0,3.0,3.0,75304.54
1664,5B4PW7,"264 Vũ Chí Thắng, P.An Dương, Q.Lê Chân, TP. Hải Phòng",3250000.0,129.48,3.0,2.0,3.0,25100.4
1665,7EFRYA,"15 Lê Đình Thám, P.Bình Thuận, Q.Hải Châu, TP. Đà Nẵng",15800000.0,263.77,4.0,7.0,5.0,59900.67
1666,YFE0HD,"Thửa 752 - tờ 11  (số 27) Trần Bạch Đằng, P.An Khánh, Q.Ninh Kiều, TP. Cần Thơ",11900000.0,119.0,5.0,6.0,4.0,100000.0
1667,RT2XVJ,"130 Nguyễn Việt Hồng, P.Thới Bình, Q.Ninh Kiều, TP. Cần Thơ",12500000.0,120.42,2.0,2.0,2.0,103803.35
1668,4G9JZF,"142 Phạm Ngũ Lão, P.An Hòa, Q.Ninh Kiều, TP. Cần Thơ",6800000.0,95.77,1.0,1.0,1.0,71003.45
1669,SCDQZ5,"20 Chơn Tâm 9, P.Hòa Hiệp Nam, Q.Liên Chiểu, TP. Đà Nẵng",7500000.0,98.03,4.0,4.0,3.0,76507.19
1670,C0FJWB,"46 Bình Hòa 2, P.Khuê Trung, Q.Cẩm Lệ, TP. Đà Nẵng",8400000.0,100.47,3.0,2.0,3.0,83607.05
1671,A4KC9Y,"đường Đinh Tiên Hoàng, P.Thới Bình, Q.Ninh Kiều, TP. Cần Thơ",9000000.0,154.37,1.0,1.0,1.0,58301.48
1672,A4KHWY,"đường 30 tháng 4, P.Hưng Lợi, Q.Ninh Kiều, TP. Cần Thơ",13000000.0,136.01,1.0,1.0,1.0,95581.21
1673,7EYQNA,"66 Võ Duy Ninh, P.Thủy Dương, TX.Hương Thủy, TP. Huế",2760000.0,30.76,3.0,2.0,3.0,89726.92
1674,7BXNSA,"25 Phước Lý 5, P.Hòa Minh, Q.Liên Chiểu, TP. Đà Nẵng",5090000.0,45.36,2.0,1.0,1.0,112213.4
1675,3YPJMQ,"78 Huyền Trần Công Chúa, P.Thuỷ Xuân, Q.Thuận Hóa, TP. Huế",3150000.0,36.33,4.0,4.0,3.0,86705.2
1676,AEN2EY,"54 Đào Nguyên Phổ, P.Hòa Minh, Q.Liên Chiểu, TP. Đà Nẵng",6500000.0,86.66,3.0,3.0,3.0,75005.77
1677,KRV7GC,"26 Đồng Trí 6, P.Hòa Khánh Nam, Q.Liên Chiểu, TP. Đà Nẵng",5200000.0,54.73,3.0,2.0,2.0,95011.88
1678,9X76QP,"24 Hòa Mỹ 8, P.Hòa Minh, Q.Liên Chiểu, TP. Đà Nẵng",5690000.0,58.65,4.0,2.0,2.0,97016.2
1679,674VK8,"525 Trần Hưng Đạo, P.Lê Bình, Q.Cái Răng, TP. Cần Thơ",5300000.0,45.49,4.0,3.0,2.0,116509.12
1680,3YWPSQ,"60 Hoàng Đạo Thúy, P.Hòa Thọ Đông, Q.Cẩm Lệ, TP. Đà Nẵng",6100000.0,50.83,3.0,2.0,2.0,120007.87
1681,SKR1B5,"số nhà 7F Ngõ 81 đoàn kết, P.Đằng Hải, Q.Hải An, TP. Hải Phòng",4700000.0,68.11,4.0,3.0,4.0,69006.02
1682,67C3T8,"31 Trần Đình Tri, P.Hòa Minh, Q.Liên Chiểu, TP. Đà Nẵng",11500000.0,101.05,1.0,1.0,1.0,113805.05
1683,3YBATQ,"39 Phạm Đình Hổ, P.Thanh Khê Tây, Q.Thanh Khê, TP. Đà Nẵng",8500000.0,106.25,3.0,4.0,3.0,80000.0
1684,JTX1U0,"224 - 226 Đoàn Hữu Trưng, P.Hòa An, Q.Cẩm Lệ, TP. Đà Nẵng",16500000.0,67.34,5.0,5.0,3.0,245025.25
1685,8ADUF3,"87 Đỗ Huy Uyển, P.An Hải Bắc, Q.Sơn Trà, TP. Đà Nẵng",12900000.0,129.0,4.0,4.0,3.0,100000.0
1686,7BBQNA,"121 Đường số 4 KDC Thới Nhựt, P.An Khánh, Q.Ninh Kiều, TP. Cần Thơ",4900000.0,54.44,3.0,3.0,2.0,90007.35
1687,7BBVFA,"145 Đường B4 KDC Hưng Phú, P.Hưng Phú, Q.Cái Răng, TP. Cần Thơ",4400000.0,73.33,4.0,4.0,3.0,60002.73
1688,675758,"Phú Diễn, P.Phú Diễn, Q.Bắc Từ Liêm, TP. Hà Nội",37500000.0,441.17,12.0,12.0,6.0,85001.25
1689,AEC0NY,"37 Hòa Minh 3, P.Hòa Minh, Q.Liên Chiểu, TP. Đà Nẵng",7790000.0,90.47,3.0,2.0,2.0,86105.89
1690,3A3HAQ,"34 LÊ HỒNG PHONG, P.Trà Nóc, Q.Bình Thuỷ, TP. Cần Thơ",9900000.0,25.06,3.0,2.0,1.0,395051.88
1691,GMGNH2,"65 Nguyễn Khả Trạc, P.Hòa Xuân, Q.Cẩm Lệ, TP. Đà Nẵng",4550000.0,44.39,1.0,1.0,1.0,102500.56
1692,7CS2RA,"44 Nguyễn Quý Đức, P.Khuê Trung, Q.Cẩm Lệ, TP. Đà Nẵng",7200000.0,72.0,4.0,2.0,2.0,100000.0
1693,KWUAWC,"Đường Hoa Lâm, P.Việt Hưng, Q.Long Biên, TP. Hà Nội",16500000.0,194.11,4.0,3.0,4.0,85003.35
1694,KWUSEC,"39 Đường số 23 Khu TĐC NCĐT, P.An Khánh, Q.Ninh Kiều, TP. Cần Thơ",3350000.0,83.75,2.0,2.0,2.0,40000.0
1695,872ZP3,"04 Lê Văn Sỹ, P.Hòa Minh, Q.Liên Chiểu, TP. Đà Nẵng",8250000.0,117.85,3.0,4.0,3.0,70004.24
1696,5K2GD7,"255 Miếu Hai Xã, P.Dư Hàng Kênh, Q.Lê Chân, TP. Hải Phòng",7250000.0,116.55,3.0,3.0,4.0,62205.06
1697,YEZUBD,"16 LK25 Ngô Thì Nhậm, P.La Khê, Q.Hà Đông, TP. Hà Nội",15300000.0,382.5,7.0,5.0,5.0,40000.0
1698,5K9DM7,"Thửa 109 - Tờ 01 Xóm 9, Xã Quang Trung, TP.Thuỷ Nguyên, TP. Hải Phòng",1950000.0,3.86,4.0,2.0,1.0,505181.35
1699,0TUGP9,"270C Trần Vĩnh Kiết, P.An Bình, Q.Ninh Kiều, TP. Cần Thơ",4500000.0,50.61,1.0,1.0,2.0,88915.23
1700,65ENF8,"Dương Đức Hiền, P.Hòa Khánh Nam, Q.Liên Chiểu, TP. Đà Nẵng",7690000.0,106.8,4.0,4.0,3.0,72003.75
1701,5KJA17,"37 Nguyễn Huy Tưởng, P.Hòa Minh, Q.Liên Chiểu, TP. Đà Nẵng",5350000.0,47.05,3.0,3.0,2.0,113708.82
1702,PXQRPG,"53 Đoàn Công Soạn, P.Hòa Hiệp Nam, Q.Liên Chiểu, TP. Đà Nẵng",8900000.0,114.1,3.0,3.0,3.0,78001.75
1703,2V34NZ,"03 Quản Trọng Hoàng, P.Hưng Lợi, Q.Ninh Kiều, TP. Cần Thơ",17500000.0,47.61,17.0,17.0,1.0,367569.84
1704,87HAR3,"3 Hòa Minh 10, P.Hòa Minh, Q.Liên Chiểu, TP. Đà Nẵng",7600000.0,102.28,3.0,3.0,3.0,74305.83
1705,2V6DGZ,"66 Dương Đức Hiền, P.Hòa Minh, Q.Liên Chiểu, TP. Đà Nẵng",7690000.0,106.8,4.0,3.0,3.0,72003.75
1706,AB4FWY,"52 An Hải Bắc 8, P.An Hải Bắc, Q.Sơn Trà, TP. Đà Nẵng",5100000.0,98.07,2.0,1.0,2.0,52003.67
1707,ABCV3Y,"44 Thanh Lương 11, P.Hòa Xuân, Q.Cẩm Lệ, TP. Đà Nẵng",12900000.0,100.31,5.0,5.0,3.0,128601.34
1708,875CX3,"81 Nguyễn Cư Trinh, P.Thới Bình, Q.Ninh Kiều, TP. Cần Thơ",9500000.0,63.33,5.0,5.0,3.0,150007.9
1709,9NZS0P,"15 Lê Văn Sỹ, P.Hòa Khánh Bắc, Q.Liên Chiểu, TP. Đà Nẵng",6800000.0,97.14,3.0,3.0,3.0,70002.06
1710,5H5M87,"đường số 5, P.Phú Thứ, Q.Cái Răng, TP. Cần Thơ",4600000.0,47.61,5.0,6.0,3.0,96618.36
1711,EJC6R4,"36 Cao Xuân Huy, P.Khuê Trung, Q.Cẩm Lệ, TP. Đà Nẵng",8100000.0,109.75,2.0,2.0,2.0,73804.1
1712,376DKQ,"569 Điện Biên Phủ, P.An Khê, Q.Thanh Khê, TP. Đà Nẵng",20700000.0,207.0,3.0,3.0,3.0,100000.0
1713,CWYX1B,"21 An Thượng 22, P.Mỹ An, Q.Ngũ Hành Sơn, TP. Đà Nẵng",28800000.0,331.41,10.0,10.0,8.0,86901.42
1714,40K2SF,"Z20 Lê Quốc Việt, P.Hưng Thạnh, Q.Cái Răng, TP. Cần Thơ",4200000.0,48.1,3.0,2.0,2.0,87318.09
1715,1UZHG6,"24 Nam Thọ 5, P.Thọ Quang, Q.Sơn Trà, TP. Đà Nẵng",9700000.0,119.75,3.0,2.0,2.0,81002.09
1716,UYVHMS,"80 Xuân Thiều 11, P.Hòa Hiệp Nam, Q.Liên Chiểu, TP. Đà Nẵng",4940000.0,49.49,2.0,1.0,1.0,99818.15
1717,0ZEZC9,"11B Phan Văn Đáng, Xã Hòa Châu, H.Hòa Vang, TP. Đà Nẵng",6550000.0,52.4,3.0,2.0,2.0,125000.0
1718,GXFST2,"79 Đào Công Soạn, P.Hòa Hiệp Nam, Q.Liên Chiểu, TP. Đà Nẵng",4650000.0,58.27,2.0,1.0,2.0,79800.93
1719,852CY3,"73 Bầu Cầu 27, Xã Hòa Châu, H.Hòa Vang, TP. Đà Nẵng",5100000.0,51.0,3.0,3.0,1.0,100000.0
1720,5HXC27,"61 Nguyễn Thị Hồng, P.Thọ Quang, Q.Sơn Trà, TP. Đà Nẵng",8300000.000000001,122.96,2.0,2.0,2.0,67501.63
1721,J2Y7M0,"105 Giáp Văn Cương, P.Hòa Minh, Q.Liên Chiểu, TP. Đà Nẵng",7300000.0,85.98,2.0,2.0,2.0,84903.47
1722,EJQS84,"08 Bế Văn Đàn, P.Cái Khế, Q.Ninh Kiều, TP. Cần Thơ",5900000.0,47.88,3.0,4.0,2.0,123224.73
1723,859P93,"52 Đường B12 KDC Hưng Phú, P.Hưng Phú, Q.Cái Răng, TP. Cần Thơ",5800000.0,80.55,4.0,5.0,3.0,72004.97
1724,GXK562,"171 Đinh Đức Thiện, P.Hòa Minh, Q.Liên Chiểu, TP. Đà Nẵng",6450000.0,71.66,4.0,2.0,2.0,90008.37
1725,QAPM6U,"19 Đường số 27 Khu Vực 1, P.An Khánh, Q.Ninh Kiều, TP. Cần Thơ",3500000.0,87.5,3.0,3.0,3.0,40000.0
1726,SD2MU5,"07 Thanh Lương 18, P.Hòa Xuân, Q.Cẩm Lệ, TP. Đà Nẵng",9300000.0,93.0,4.0,4.0,3.0,100000.0
1727,UYGX9S,"11 Đường B23 Khu Vực 6, P.An Khánh, Q.Ninh Kiều, TP. Cần Thơ",6900000.0,87.67,8.0,6.0,3.0,78704.23
1728,UYGX7S,"20 Lỗ Giáng 7, P.Hòa Xuân, Q.Cẩm Lệ, TP. Đà Nẵng",5700000.0,57.0,1.0,1.0,1.0,100000.0
1729,RG5NCJ,"41 Hòa Minh 7, P.Hòa Minh, Q.Liên Chiểu, TP. Đà Nẵng",5900000.0,81.94,1.0,1.0,1.0,72003.91
1730,J2SEY0,"87A Trần Cao Vân, P.Xuân Hà, Q.Thanh Khê, TP. Đà Nẵng",9150000.0,183.0,3.0,4.0,5.0,50000.0
1731,9T7NXP,"30 Lê Quang Sung, P.Xuân Hà, Q.Thanh Khê, TP. Đà Nẵng",4100000.0,115.49,2.0,1.0,2.0,35500.91
1732,CWMMKB,"33 Chơn Tâm 5, P.Hòa Khánh Nam, Q.Liên Chiểu, TP. Đà Nẵng",6480000.0,55.43,3.0,3.0,3.0,116904.2
1733,85WWP3,"02 Trần Văn Giàu, Xã Hòa Châu, H.Hòa Vang, TP. Đà Nẵng",8600000.0,45.98,3.0,3.0,3.0,187037.84
1734,5H9NB7,"21 Nại Hiên Đông 15, P.Nại Hiên Đông, Q.Sơn Trà, TP. Đà Nẵng",6000000.0,93.16,2.0,1.0,1.0,64405.32
1735,QARRBU,"11 Hòa Minh 14, P.Hòa Minh, Q.Liên Chiểu, TP. Đà Nẵng",6800000.0,92.64,4.0,4.0,3.0,73402.42
1736,PNSHKG,"14 Hoàng Công Chất, P.Hoà Hải, Q.Ngũ Hành Sơn, TP. Đà Nẵng",10000000.0,100.0,10.0,10.0,4.0,100000.0
1737,6SEBT8,"83 Cao Xuân Dục, P.Thuận Phước, Q.Hải Châu, TP. Đà Nẵng",7900000.0,131.66,5.0,4.0,4.0,60003.04
1738,5H0R57,"98 Nguyễn Thị Bảy, P.Thanh Khê Tây, Q.Thanh Khê, TP. Đà Nẵng",7890000.0,83.14,2.0,2.0,2.0,94900.17
1739,6SCMJ8,"04B, Đường Số 9 KDC Hồng Phát, P.An Bình, Q.Ninh Kiều, TP. Cần Thơ",7200000.0,80.0,3.0,3.0,3.0,90000.0
1740,QA4DJU,"04 Nguyễn Như Hạnh, P.Hòa Minh, Q.Liên Chiểu, TP. Đà Nẵng",8790000.0,146.25,4.0,4.0,3.0,60102.56
1741,GXQC42,"101 Huỳnh Thúc Kháng, P.Phước Ninh, Q.Hải Châu, TP. Đà Nẵng",5350000.0,194.54,2.0,2.0,2.0,27500.77
1742,7KR97A,"14 Cẩm Bắc 7, P.Hòa Thọ Đông, Q.Cẩm Lệ, TP. Đà Nẵng",7200000.0,72.0,16.0,16.0,3.0,100000.0
1743,6SKKN8,"01 Bàu Mạc 18, P.Hòa Khánh Bắc, Q.Liên Chiểu, TP. Đà Nẵng",6900000.0,76.49,5.0,5.0,3.0,90207.87
1744,ACJJ4Y,"103 Giáp Văn Cương, P.Hòa Minh, Q.Liên Chiểu, TP. Đà Nẵng",6500000.0,73.94,2.0,1.0,2.0,87909.12
1745,7KRFXA,"Thửa 101 - tờ 42 Thôn Quan Châu, Xã Hòa Châu, H.Hòa Vang, TP. Đà Nẵng",5200000.0,17.63,3.0,2.0,2.0,294951.79
1746,PN89TG,"111 Dương Đức Hiền, P.Hòa Minh, Q.Liên Chiểu, TP. Đà Nẵng",8199999.999999999,113.88,4.0,4.0,3.0,72005.62
1747,EJZYE4,"36 Phạm Nhữ Tăng, P.Thanh Khê Đông, Q.Thanh Khê, TP. Đà Nẵng",7250000.0,121.03,3.0,4.0,3.0,59902.5
1748,6SHTH8,"107 Nguyễn Xuân Khoát, P.An Hải Bắc, Q.Sơn Trà, TP. Đà Nẵng",25900000.0,294.98,10.0,10.0,6.0,87802.56
1749,SDE845,"487 Văn Tiến Dũng, P.Hòa Xuân, Q.Cẩm Lệ, TP. Đà Nẵng",8199999.999999999,82.0,3.0,2.0,3.0,100000.0
1750,QAC1KU,"30 Đinh Công Tráng, P.Thuận Phước, Q.Hải Châu, TP. Đà Nẵng",10200000.0,127.5,4.0,5.0,4.0,80000.0
1751,5H4G47,"35 An Thượng 18, P.Mỹ An, Q.Ngũ Hành Sơn, TP. Đà Nẵng",9700000.0,191.69,4.0,5.0,3.0,50602.54
1752,GX8UY2,"Lô 38 phân khu B1-9 Nguyễn Sắc Kim, P.Hòa Xuân, Q.Cẩm Lệ, TP. Đà Nẵng",8900000.0,92.41,3.0,3.0,3.0,96309.92
1753,QADHTU,"380K Trần Nam Phú, P.An Khánh, Q.Ninh Kiều, TP. Cần Thơ",7900000.0,83.24,2.0,1.0,1.0,94906.3
1754,37YY3Q,"98 Trần Minh Sơn, P.An Khánh, Q.Ninh Kiều, TP. Cần Thơ",6500000.0,101.56,4.0,3.0,3.0,64001.58
1755,DE4UUH,"126 Lộ Vòng Cung, P.An Bình, Q.Ninh Kiều, TP. Cần Thơ",7500000.0,39.47,1.0,1.0,1.0,190017.73
1756,SDHPH5,"69 Đặng Huy Tá, P.Hòa Minh, Q.Liên Chiểu, TP. Đà Nẵng",6190000.0,72.82,1.0,1.0,1.0,85004.12
1757,ACB02Y,"60 Giáp Văn Cương, P.Hòa Minh, Q.Liên Chiểu, TP. Đà Nẵng",6400000.0,88.88,3.0,3.0,2.0,72007.2
1758,WP94MR,"Thửa 265 - Tờ 2 Nguyễn Văn Trỗi, P.Xuân Khánh, Q.Ninh Kiều, TP. Cần Thơ",4400000.0,94.82,4.0,3.0,4.0,46403.71
1759,1UQX16,"218 Hoàng Quốc Việt, P.An Bình, Q.Ninh Kiều, TP. Cần Thơ",8800000.0,88.0,1.0,1.0,2.0,100000.0
1760,QA7Z6U,"167A Hoàng Văn Thụ, P.Thới Bình, Q.Ninh Kiều, TP. Cần Thơ",1500000.0,59.9,1.0,1.0,2.0,25041.74
1761,GXNKP2,"81 Phạm Văn Ngôn, P.Hòa Khánh Bắc, Q.Liên Chiểu, TP. Đà Nẵng",6850000.0,67.82,4.0,2.0,3.0,101002.65
1762,QA7KVU,"560 Điện Biên Phủ, P.Thanh Khê Đông, Q.Thanh Khê, TP. Đà Nẵng",7750000.0,200.25,3.0,3.0,3.0,38701.62
1763,SDYAX5,"28 Hòa Minh 21, P.Hòa Minh, Q.Liên Chiểu, TP. Đà Nẵng",8250000.0,114.58,3.0,3.0,3.0,72002.09
1764,J2PFZ0,"149 Vũ Đình Liên, P.Hòa Xuân, Q.Cẩm Lệ, TP. Đà Nẵng",9500000.0,95.0,4.0,4.0,3.0,100000.0
1765,7KD6TA,"Thửa 57 - Tờ 80 Khu vực V, P.An Bình, Q.Ninh Kiều, TP. Cần Thơ",2380000.0,52.88,2.0,2.0,2.0,45007.56
1766,5HYTN7,"29 Hóa Sơn 6, P.Hòa Cường Nam, Q.Hải Châu, TP. Đà Nẵng",8800000.0,133.33,3.0,3.0,3.0,66001.65
1767,2MN5GZ,"34 Hòa Minh 14, P.Hòa Minh, Q.Liên Chiểu, TP. Đà Nẵng",6500000.0,92.85,2.0,2.0,2.0,70005.39
1768,7KDFHA,"11 Chơn Tâm 9, P.Hòa Khánh Nam, Q.Liên Chiểu, TP. Đà Nẵng",18600000.0,64.22,4.0,3.0,2.0,289629.4
1769,4JE8DF,"12 Phú Lộc 11, P.Thanh Khê Tây, Q.Thanh Khê, TP. Đà Nẵng",8289999.999999999,108.65,4.0,4.0,3.0,76300.05
1770,8S6W73,"231 Thái Thị Bôi, P.Chính Gián, Q.Thanh Khê, TP. Đà Nẵng",8950000.0,192.06,3.0,4.0,3.0,46600.02
1771,5DU6Q7,"22 Phong Bắc 9, P.Hòa Thọ Đông, Q.Cẩm Lệ, TP. Đà Nẵng",5880000.0,58.88,3.0,2.0,2.0,99864.13
1772,UA8VVS,"51 Nguyễn Hữu Thọ, P.Hòa Thuận Tây, Q.Hải Châu, TP. Đà Nẵng",17200000.0,207.72,4.0,4.0,3.0,82803.77
1773,7HUMXA,"73 Hòa Minh 14, P.Hòa Minh, Q.Liên Chiểu, TP. Đà Nẵng",7900000.0,102.33,4.0,4.0,3.0,77201.21
1774,4JC8KF,"243 Nguyễn Tất Thành, P.Thanh Bình, Q.Hải Châu, TP. Đà Nẵng",19200000.0,153.6,9.0,6.0,4.0,125000.0
1775,6YFES8,"Thửa 861 - tờ 08 KV Bình Phó B, P.Long Tuyền, Q.Bình Thuỷ, TP. Cần Thơ",4700000.0,470.0,3.0,4.0,3.0,10000.0
1776,3HWMWQ,"đường Đồng Văn Cống, P.An Thới, Q.Bình Thuỷ, TP. Cần Thơ",7200000.0,66.54,3.0,2.0,2.0,108205.59
1777,WTX3CR,"82 Dũng Sĩ Thanh Khê, P.Thanh Khê Tây, Q.Thanh Khê, TP. Đà Nẵng",4550000.0,87.5,3.0,2.0,2.0,52000.0
1778,WT21BR,"97 đường Phạm Ngũ Lão, P.Thới Bình, Q.Ninh Kiều, TP. Cần Thơ",8199999.999999999,105.12,4.0,3.0,3.0,78006.09
1779,EG00Q4,"151 đường D7 KDC Hồng Loan, P.Hưng Thạnh, Q.Cái Răng, TP. Cần Thơ",5990000.0,74.87,3.0,5.0,3.0,80005.34
1780,1AUWG6,"73 Ngô Thì Sỹ, P.Mỹ An, Q.Ngũ Hành Sơn, TP. Đà Nẵng",29800000.0,292.15,3.0,3.0,3.0,102002.4
1781,QHFY0U,"Thửa 142 - tờ 107 (số 211) đường Đồng Văn Cống, P.An Thới, Q.Bình Thuỷ, TP. Cần Thơ",6200000.0,86.83,1.0,1.0,2.0,71403.89
1782,5BJH37,"08 Lê Đình Chinh, P.Hoà Quý, Q.Ngũ Hành Sơn, TP. Đà Nẵng",5190000.0,51.99,3.0,2.0,2.0,99826.89
1783,9MGE3P,"40 đường B16 KDC 91B, P.An Khánh, Q.Ninh Kiều, TP. Cần Thơ",5500000.0,76.38,3.0,4.0,3.0,72008.38
1784,JN92S0,"75 Khái Tây 1, P.Hoà Quý, Q.Ngũ Hành Sơn, TP. Đà Nẵng",6500000.0,65.65,4.0,4.0,3.0,99009.9
1785,3YJENQ,"50 Nam Cao, KDC 91B, P.An Khánh, Q.Ninh Kiều, TP. Cần Thơ",6290000.0,113.12,5.0,6.0,4.0,55604.67
1786,W232NR,"33 Đường số 9 KDC Đại học Y Dược, P.An Khánh, Q.Ninh Kiều, TP. Cần Thơ",6990000.0,109.21,4.0,3.0,3.0,64005.13
1787,5C90H7,"48 Hòa Bình 2, P.Hoà Quý, Q.Ngũ Hành Sơn, TP. Đà Nẵng",4700000.0,47.0,2.0,1.0,1.0,100000.0
1788,21UKPZ,"Thửa 5 - tờ 9 Mỹ Đồng, TDP 4, P.Lê Hồng Phong, TP.Thuỷ Nguyên, TP. Hải Phòng",6000000.0,32.91,3.0,2.0,2.0,182315.41
1789,7C25CA,"Thửa 226B - tờ 01 Thôn Sú 2, P.Hoàng Lâm, TP.Thuỷ Nguyên, TP. Hải Phòng",1500000.0,15.3,1.0,1.0,1.0,98039.22
1790,JZNYB0,"C23 số 2 – KĐT An Cựu City, P.An Đông, Q.Thuận Hóa, TP. Huế",4970000.0,61.35,3.0,3.0,4.0,81010.59
1791,WPDB7R,"Thửa 3921 - tờ 149 Thôn Lệ Sơn 1, Xã Hòa Tiến, H.Hòa Vang, TP. Đà Nẵng",2450000.0,29.91,2.0,3.0,2.0,81912.4
1792,QA2D1U,"Thửa 56 - tờ 21 Kiệt 46, Trường Sơn, P.Hòa Thọ Tây, Q.Cẩm Lệ, TP. Đà Nẵng",3190000.0,39.38,2.0,2.0,1.0,81005.59
1793,8592G3,"Thửa 1795 - tờ 38 Thôn Thạch Nham Tây, Xã Hòa Nhơn, H.Hòa Vang, TP. Đà Nẵng",2250000.0,27.17,4.0,2.0,2.0,82811.92
1794,0ZSTG9,"77 Nguyễn Thị Minh Khai, P.Hải Châu, Q.Hải Châu, TP. Đà Nẵng",7450000.0,232.81,1.0,1.0,2.0,32000.34
1795,SD0MA5,"14 Trung Hòa 1, P.Hoà Quý, Q.Ngũ Hành Sơn, TP. Đà Nẵng",6200000.0,68.88,4.0,3.0,3.0,90011.61
1796,DE27VH,"Lô260 TĐC Hòa Ninh 1, Xã Hòa Ninh, H.Hòa Vang, TP. Đà Nẵng",2450000.0,25.78,1.0,1.0,1.0,95034.91
1797,EJ2DF4,"Thửa 1721 - tờ 21 Thôn Lệ Sơn Nam, Xã Hòa Tiến, H.Hòa Vang, TP. Đà Nẵng",3500000.0,31.81,2.0,1.0,1.0,110028.29
1798,ACBU5Y,"220 Đường A2, KDC Hưng Phú, P.Hưng Phú, Q.Cái Răng, TP. Cần Thơ",8500000.0,118.05,3.0,3.0,3.0,72003.39
1799,UYY76S,"194 Xô Viết Nghệ Tĩnh, P.Tân An, Q.Ninh Kiều, TP. Cần Thơ",7900000.0,142.85,1.0,1.0,2.0,55302.77
1800,SDAZE5,"Lô số 41 Võ Duy Dương, P.Hòa Hiệp Nam, Q.Liên Chiểu, TP. Đà Nẵng",6600000.0,52.8,4.0,3.0,2.0,125000.0
1801,AKA3HY,"Thửa 299 - Tờ 508 Bờ Quan 3, P.Hoà Quý, Q.Ngũ Hành Sơn, TP. Đà Nẵng",15300000.0,124.39,19.0,19.0,6.0,123000.24
1802,Q7QBGU,"48 Đống Công Tường, P.Hòa Xuân, Q.Cẩm Lệ, TP. Đà Nẵng",5490000.0,54.9,3.0,2.0,2.0,100000.0
1803,6U65A8,"Lô 125 Khu B2-108 đường Phan Hoan, P.Hoà Quý, Q.Ngũ Hành Sơn, TP. Đà Nẵng",7600000.0,60.8,3.0,3.0,3.0,125000.0
1804,35V3SQ,"66 Huỳnh Phan Hộ, P.Trà An, Q.Bình Thuỷ, TP. Cần Thơ",3100000.0,36.77,2.0,2.0,2.0,84307.86
1805,UCA8BS,"Dự Án Emerald Bao Vinh Nguyễn  Văn Linh Nối Dài, P.Hương Vân, TX.Hương Trà, TP. Huế",3550000.0,33.49,3.0,3.0,3.0,106001.79
1806,EP7JE4,"14 Sơn Thủy Đông 1, P.Khuê Mỹ, Q.Ngũ Hành Sơn, TP. Đà Nẵng",16800000.0,186.66,6.0,8.0,5.0,90003.21
1807,SK9AJ5,"Thửa 678 - tờ 6 đường H38, Thôn Phương Chử Tây, Xã Trường Thành, H.An Lão, TP. Hải Phòng",5900000.0,50.12,2.0,2.0,2.0,117717.48
1808,ABZFAY,"16 Mỹ Đa Đông 8, P.Mỹ An, Q.Ngũ Hành Sơn, TP. Đà Nẵng",11700000.0,136.84,3.0,2.0,2.0,85501.32
1809,65A9D8,"đường D4, KDC Hồng Loan, P.Hưng Thạnh, Q.Cái Răng, TP. Cần Thơ",4500000.0,64.37,4.0,3.0,3.0,69908.34
1810,85T943,"15 Mỹ Đa Đông 2, P.Mỹ An, Q.Ngũ Hành Sơn, TP. Đà Nẵng",11500000.0,159.72,1.0,1.0,2.0,72001.0
1811,UY9QVS,"43 Đường Số 3 KDC TĐC Thới Nhựt 2, P.Tân An, Q.Ninh Kiều, TP. Cần Thơ",4300000.0,47.77,4.0,3.0,3.0,90014.65
1812,UYEQPS,"51 Mỹ Đa Tây 10, P.Khuê Mỹ, Q.Ngũ Hành Sơn, TP. Đà Nẵng",23900000.0,217.27,12.0,12.0,7.0,110001.38
1813,37AV0Q,"74 Đường B24, Khu dân cư 91B, P.An Khánh, Q.Ninh Kiều, TP. Cần Thơ",6600000.0,85.05,4.0,4.0,3.0,77601.41
1814,857MC3,"207 Đường Số 6, KDC Thới Nhựt, P.An Khánh, Q.Ninh Kiều, TP. Cần Thơ",4900000.0,54.44,3.0,2.0,2.0,90007.35
1815,UYD21S,"F60 KDC Hàng Bàng, Quốc lộ 91B, P.An Khánh, Q.Ninh Kiều, TP. Cần Thơ",4000000.0,50.0,3.0,3.0,2.0,80000.0
1816,0MQW09,"54 đường B25, Khu dân cư 91B, P.An Khánh, Q.Ninh Kiều, TP. Cần Thơ",5200000.0,66.99,1.0,1.0,3.0,77623.53
1817,1AU876,"Thửa 472a - tờ 21 Thôn Vũ Vị (Minh Tân mới), Xã Minh Tân, H.Kiến Thuỵ, TP. Hải Phòng",2150000.0,32.87,2.0,2.0,2.0,65409.19
1818,EPS294,"Thửa 2001 - tờ 3 Tổ dân phố Thiên Hương 3, P.Thiên Hương, TP.Thuỷ Nguyên, TP. Hải Phòng",2000000.0,12.89,3.0,3.0,3.0,155159.04
1819,211JQZ,"3 Đường số 6 Khu TDDC Đại Học Y Dược, P.An Khánh, Q.Ninh Kiều, TP. Cần Thơ",4600000.0,71.87,4.0,4.0,3.0,64004.45
1820,EJ9AW4,"29 Đường Số 19, KDC Vạn Phát, P.Cái Khế, Q.Ninh Kiều, TP. Cần Thơ",7200000.0,60.0,13.0,13.0,4.0,120000.0
1821,QHZH3U,"Thửa L299, lô LK14-S2-R1 Khu đô thị Centa City VSIP, P.An Lư, TP.Thuỷ Nguyên, TP. Hải Phòng",4350000.0,58.0,3.0,3.0,3.0,75000.0
1822,3D4YVQ,"Lô C254 đường 5F - Khu C, KĐT mới Mỹ Thượng, Xã Phú Mỹ, H.Phú Vang, TP. Huế",3650000.0,34.76,4.0,3.0,3.0,105005.75
1823,6AK4D8,"Thửa 930 - tờ 14 Hoàng Quốc Việt (Tỉnh lộ 1 cũ), Xã Thủy Thanh, TX.Hương Thủy, TP. Huế",2490000.0,17.78,1.0,1.0,1.0,140044.99
1824,QDJ3VU,"M24 Đường số 10 KDC Số 11, KĐT Nam Cần Thơ, P.Hưng Phú, Q.Cái Răng, TP. Cần Thơ",5400000.0,45.0,3.0,4.0,3.0,120000.0
1825,1UEKQ6,"Lô 8 khu B2-38 Khu đô thị Công nghệ FPT, P.Hoà Hải, Q.Ngũ Hành Sơn, TP. Đà Nẵng",15500000.0,143.51,14.0,14.0,7.0,108006.41
1826,857EX3,"Lô 13, khu B2 -126 khu đô thị công nghệ FPT, P.Hoà Hải, Q.Ngũ Hành Sơn, TP. Đà Nẵng",13800000.0,143.75,12.0,12.0,6.0,96000.0
1827,5DQ2X7,"Lô 8 B2 - 2 đường Hòa Mỹ 6, P.Hòa Minh, Q.Liên Chiểu, TP. Đà Nẵng",6950000.0,63.18,5.0,3.0,3.0,110003.17
1828,JXU860,"Thửa 1038 - tờ 15 đường 14B, Khu TĐC Văn hóa Tây Đô, P.Hưng Thạnh, Q.Cái Răng, TP. Cần Thơ",7200000.0,80.0,4.0,5.0,4.0,90000.0
1829,UKP7US,"T-207 KĐT công nghiệp và dịch vụ VSIP, P.An Lư, TP.Thuỷ Nguyên, TP. Hải Phòng",4350000.0,58.0,3.0,3.0,3.0,75000.0
1830,49ZUUF,"Thửa 5661 - Tờ 1 KDC Phú An (lô số 20), đường số 54, P.Phú Thứ, Q.Cái Răng, TP. Cần Thơ",4490000.0,37.35,6.0,3.0,3.0,120214.19
1831,0ZGCG9,"Thửa 1005 - Tờ 15, Đường số 7 Khu tái định cư Trung tâm văn hóa Tây Đô, P.Hưng Thạnh, Q.Cái Răng, TP. Cần Thơ",4300000.0,48.47,3.0,3.0,2.0,88714.67
1832,8Y7AT3,"đường Trần Hoàng Na, Khu dân cư Cái Sơn - Hàng Bàng (Khu B), P.An Bình, Q.Ninh Kiều, TP. Cần Thơ",15000000.0,76.21,4.0,2.0,2.0,196824.56
1833,1GC26T,"Nguyễn Văn Hưởng, Thảo Điền, TP.Thủ Đức, TP.HCM",115000000.0,176.65,5.0,5.0,3.0,651004.81
1834,K54JCJ,"Huỳnh Tấn Phát, P.Tân Thuận Tây, Q.7, TP.HCM",27000000.0,135.0,5.0,4.0,2.0,200000.0
1835,SMWF5Y,"98 Lâm Văn Bền, Tân Kiểng, Q.7, TP.HCM",80000000.0,366.3,8.0,12.0,9.0,218400.22
1836,CSERBC,"226 Nguyễn Sơn, P.Phú Thọ Hòa, Q.Tân Phú, TP.HCM",19000000.0,201.48,6.0,7.0,6.0,94302.16
1837,64748Y,"Số 6, Xã Bình Hưng, H.Bình Chánh, TP.HCM",30000000.0,150.0,3.0,4.0,3.0,200000.0
1838,85ZZ03,"Ký Con, P.4, TP.Vũng Tàu, BRVT",17000000.0,75.35,1.0,1.0,1.0,225613.8
1839,Y686D6,"27 Đội Cung, P.11, Q.11, TP.HCM",8800000.0,222.78,3.0,3.0,4.0,39500.85
1840,WQMTR9,"Nội khu dân cư hưng thái 2, P.Tân Thuận Đông, Q.7, TP.HCM",39500000.0,313.49,4.0,4.0,3.0,126000.83
1841,ABEKBY,"17B Lương Thế Vinh, P.Phước Long, TP.Nha Trang, Khánh Hòa",7000000.0,127.73,2.0,2.0,3.0,54803.1
1842,4JSKVF,"Thửa 3862 tờ 138, Đường Lê Chí Dân, P.Tân An, TP.Thủ Dầu Một, Bình Dương",2950000.0,40.68,2.0,1.0,2.0,72517.21
1843,6SSBU8,"Nguyễn Công Trứ, P.Vạn Thạnh, TP.Nha Trang, Khánh Hòa",17000000.0,196.53,4.0,5.0,4.0,86500.79
1844,ACDMSY,"67/1 đường ĐT 743, P.An Phú, TP.Thuận An, Bình Dương",28000000.0,53.89,1.0,1.0,1.0,519576.92
1845,82RB3A,"44 Trương Quốc Dung, P.10, Q.Phú Nhuận, TP.HCM",23000000.0,498.91,2.0,3.0,3.0,46100.5
1846,1UUCE6,"Đoàn Thị Điểm, P.Vạn Thạnh, TP.Nha Trang, Khánh Hòa",17500000.0,174.65,6.0,4.0,2.0,100200.4
1847,Q7QX5U,"F5 Văn Cao, P.2, TP.Vũng Tàu, BRVT",26000000.0,94.61,5.0,5.0,3.0,274812.39
1848,02V7D9,"28 đường D3, KDC K8, P.Hiệp Thành, TP.Thủ Dầu Một, Bình Dương",6300000.0,68.1,3.0,4.0,3.0,92511.01
1849,AB4TMY,"đường F3 và đường F4, P.Phước Long, TP.Nha Trang, Khánh Hòa",14500000.0,89.61,1.0,2.0,1.0,161812.3
1850,QAEX7U,"Số 69H Bửu Đoá, P.Phước Long, TP.Nha Trang, Khánh Hòa",3500000.0,63.52,2.0,1.0,2.0,55100.76
1851,SDRA05,"số 6 Nguyễn Văn Thành, P.Vĩnh Nguyên, TP.Nha Trang, Khánh Hòa",2950000.0,91.61,2.0,2.0,2.0,32201.72
1852,5D2VE7,"Thửa 1631 - tờ 150 Bình Đường 4, P.Dĩ An, TP.Dĩ An, Bình Dương",5000000.0,66.66,3.0,3.0,2.0,75007.5
1853,7K1XNA,"132 Lý Thường Kiệt, P.1, TP.Vũng Tàu, BRVT",15000000.0,131.81,3.0,3.0,2.0,113800.17
1854,QAX9RU,"Huỳnh Thị Khá, P.Phú Thủy, TP.Phan Thiết, Bình Thuận",2900000.0,42.33,2.0,2.0,2.0,68509.33
1855,KF82UC,"đường Cầu Bè, thôn Phú Vinh, Xã Vĩnh Thạnh, TP.Nha Trang, Khánh Hòa",5200000.0,51.63,3.0,3.0,3.0,100716.64
1856,QA4A5U,"Lô số 34 đường B10 VCN - Phước Long 2, P.Phước Long, TP.Nha Trang, Khánh Hòa",7000000.0,116.66,3.0,4.0,3.0,60003.43
1857,21M2DZ,"đường Nguyễn Phi Khanh, Lô 26 - Ô 26, KDC đường Đệ, P.Vĩnh Hòa, TP.Nha Trang, Khánh Hòa",5900000.0,86.76,3.0,2.0,2.0,68003.69
1858,3AD6ZQ,"10 đường 30 tháng 4, P.9, TP.Vũng Tàu, BRVT",14800000.0,120.12,5.0,6.0,4.0,123210.12
1859,ACXRAY,"đường Võ Trứ, P.Tân Tiến, TP.Nha Trang, Khánh Hòa",9790000.0,260.37,4.0,3.0,4.0,37600.34
1860,WP3S5R,"50 đường số 3, P.Tân Tiến, TP.Nha Trang, Khánh Hòa",15500000.0,90.74,4.0,2.0,3.0,170817.72
1861,Q530DU,"Quốc lộ 51, P.Mỹ Xuân, TP.Phú Mỹ, BRVT",6850000.0,36.24,4.0,3.0,2.0,189017.66
1862,C0NE3B,"Lê Hồng Phong, P.Phước Hải, TP.Nha Trang, Khánh Hòa",13500000.0,136.36,4.0,3.0,4.0,99002.64
1863,Q5HK2U,"Lê Trọng Tấn, Sơn Kỳ, Q.Tân Phú, Ho Chi Minh City",22000000.0,171.58,6.0,3.0,4.0,128220.07
1864,QAPNRU,"đường Cù Huân, P.Vĩnh Thọ, TP.Nha Trang, Khánh Hòa",10400000.0,193.66,3.0,3.0,3.0,53702.36
1865,5HGE17,"Nguyễn Tất Thành, P.Phước Long, TP.Nha Trang, Khánh Hòa",6500000.0,78.69,3.0,2.0,2.0,82602.62
1866,CWUG1B,"đường Phước Long, P.Phước Long, TP.Nha Trang, Khánh Hòa",7990000.0,114.14,2.0,2.0,2.0,70001.75
1867,7CBYTA,"10 Nguyễn Khanh, P.Phước Hải, TP.Nha Trang, Khánh Hòa",8500000.0,181.62,3.0,3.0,3.0,46801.01
1868,UY5VYS,"1294 đường 23/10, Xã Vĩnh Trung, TP.Nha Trang, Khánh Hòa",10800000.0,37.89,1.0,1.0,1.0,285035.63
1869,6S0G58,"Phù Đổng, P.Tân Tiến, TP.Nha Trang, Khánh Hòa",13500000.0,141.21,1.0,1.0,1.0,95602.29
1870,DEGCSH,"Cù Lao Trung, P.Vĩnh Thọ, TP.Nha Trang, Khánh Hòa",2900000.0,81.92,3.0,3.0,3.0,35400.39
1871,WGNAFR,"Lô 17-STH19 đường số 8, KĐT Hà Quang 1, P.Phước Hải, TP.Nha Trang, Khánh Hòa",11600000.0,116.0,4.0,4.0,3.0,100000.0
1872,8SDAJ3,"Thửa 353 - tờ 15, đường Bình Đức, P.Lái Thiêu, TP.Thuận An, Bình Dương",8500000.0,30.0,2.0,2.0,2.0,283333.33
1873,21SQCZ,"150 Ngô Gia Tự, P.Phước Hòa, TP.Nha Trang, Khánh Hòa",14500000.0,315.21,3.0,3.0,3.0,46001.08
1874,65AMW8,"11A, Phố 3 Hải Long, P.Hồng Hải, TP.Hạ Long, Quảng Ninh",9000000.0,153.06,5.0,5.0,5.0,58800.47
1875,2XQM5Z,"Thửa 771 - tờ 56, đường Lê Đức Thọ, P.Hắc Dịch, TP.Phú Mỹ, BRVT",14000000.0,40.0,3.0,2.0,1.0,350000.0
1876,6YW4M8,"75 Nguyễn Tiến Tài, P.Hưng Bình, TP.Vinh, Nghệ An",7000000.0,43.88,3.0,3.0,3.0,159525.98
1877,AC0JEY,"đường Trần Phú, P.Vĩnh Trường, TP.Nha Trang, Khánh Hòa",47000000.0,138.23,4.0,5.0,3.0,340013.02
1878,EJNGN4,"122 Lưu Hữu Phước, Xã Phước Đồng, TP.Nha Trang, Khánh Hòa",5300000.0,58.88,3.0,4.0,1.0,90013.59
1879,WPT6YR,"16 Lê Chân, P.Tân Tiến, TP.Nha Trang, Khánh Hòa",8800000.0,306.62,2.0,3.0,5.0,28700.02
1880,GXXTU2,"109 Nguyễn Trường Tộ, P.Sơn Phong, TP.Hội An, Quảng Nam",31500000.0,84.76,1.0,1.0,4.0,371637.56
1881,UY56HS,"233 Dường Vân Nga, P.Vĩnh Phước, TP.Nha Trang, Khánh Hòa",5750000.0,49.86,3.0,1.0,1.0,115322.9
1882,UY44FS,"Hoàng Trinh, P.Vĩnh Hải, TP.Nha Trang, Khánh Hòa",12100000.0,79.97,5.0,5.0,4.0,151306.74
1883,ACRQ6Y,"Lý Thánh Tôn, P.Vạn Thạnh, TP.Nha Trang, Khánh Hòa",30000000.0,132.97,5.0,3.0,3.0,225614.8
1884,40GZTF,"Thửa 14 - tờ 15, đường Trần Hưng Đạo, P.Phú Thủy, TP.Phan Thiết, Bình Thuận",6000000.0,50.89,6.0,4.0,1.0,117901.36
1885,6SWF38,"Thửa 43 - tờ 76, Lô 39 đường Triệu Quang Phục, Khu dân cư Đường Đệ, P.Vĩnh Hòa, TP.Nha Trang, Khánh Hòa",4500000.0,66.66,2.0,1.0,1.0,67506.75
1886,PN5RRG,"21A Lê Văn Tám, P.Phước Long, TP.Nha Trang, Khánh Hòa",5400000.0,98.72,2.0,1.0,1.0,54700.16
1887,A4W92Y,"Thửa 1578 - tờ 1 đường D1, kdc ICON CENTRAL, P.Tân Đông Hiệp, TP.Dĩ An, Bình Dương",5600000.0,87.5,4.0,4.0,3.0,64000.0
1888,C0P2FB,"Thửa 1488 - tờ 105 đường N4, kdc ICON CENTRAL, P.Tân Đông Hiệp, TP.Dĩ An, Bình Dương",5500000.0,91.66,4.0,4.0,3.0,60004.36
1889,YBTA4D,"32 Lương Văn Nho, P.9, TP.Vũng Tàu, BRVT",7800000.0,128.92,2.0,2.0,1.0,60502.64
1890,8YGDK3,"08 Khu HC 13 (Xóm Láp), P.Liên Bảo, TP.Vĩnh Yên, Vĩnh Phúc",2350000.0,67.14,3.0,3.0,3.0,35001.49
1891,AC6MEY,"378 Lê Hồng Phong, P.3, TP.Vũng Tàu, BRVT",76000000.0,309.69,20.0,20.0,8.0,245406.7
1892,6SY438,"200 Điện Biên Phủ, P.Vĩnh Hòa, TP.Nha Trang, Khánh Hòa",11800000.0,159.67,3.0,2.0,3.0,73902.42
1893,28Y17Z,"19 Nguyễn Công Trứ, P.Đông Hòa, TP.Dĩ An, Bình Dương",6000000.0,65.21,3.0,2.0,2.0,92010.43
1894,0NJE19,"Trần Nguyên Hãn, P.Phước Hòa, TP.Nha Trang, Khánh Hòa",7400000.0,185.46,2.0,1.0,1.0,39900.79
1895,677P08,"Mê Linh, P.Tân Tiến, TP.Nha Trang, Khánh Hòa",14800000.0,163.17,4.0,5.0,3.0,90702.95
1896,UYYEPS,"47 Điện Biên Phủ, P.Vĩnh Hòa, TP.Nha Trang, Khánh Hòa",8000000.0,80.6,4.0,5.0,5.0,99255.58
1897,2MX46Z,"131C Nguyễn Duy Hiệu, P.Cẩm Châu, TP.Hội An, Quảng Nam",9800000.0,70.25,3.0,2.0,2.0,139501.78
1898,YEBPKD,"647A 21 tháng 8, P.Bảo An, TP.Phan Rang-Tháp Chàm, Ninh Thuận",3450000.0,32.06,3.0,3.0,3.0,107610.73
1899,PXZH2G,"Nhơn Ái, Phong Điền, Cần Thơ",1150000.0,10.45,2.0,2.0,1.0,110047.85
1900,YBB4UD,"137B Trung tâm xã, Xã Vĩnh Thạnh, TP.Nha Trang, Khánh Hòa",2300000.0,20.6,2.0,2.0,2.0,111650.49
1901,QA78AU,"397 Trần Thủ Độ, P.Điện Nam Trung, TX.Điện Bàn, Quảng Nam",5700000.0,39.33,1.0,1.0,1.0,144927.54
1902,UHQMCS,"Phạm Văn Đồng, P.Vĩnh Hòa, TP.Nha Trang, Khánh Hòa",9260000.0,220.66,2.0,1.0,2.0,41965.01
1903,W25Q3R,"Trần Hưng Đạo, P.Đông Hòa, TP.Dĩ An, Bình Dương",15000000.0,67.81,1.0,1.0,1.0,221206.31
1904,ACFKCY,"35 đường P1, Khu dân cư Phú Nông, Xã Vĩnh Ngọc, TP.Nha Trang, Khánh Hòa",9000000.0,101.23,3.0,4.0,3.0,88906.45
1905,3AHVRQ,"Lô C4 -  Căn 16 số 2, P.Vĩnh Quang, TP.Rạch Giá, Kiên Giang",3500000.0,38.88,3.0,3.0,2.0,90020.58
1906,5H1QK7,"29 Hạ Mộ Công, P.Quang Trung, TP.Uông Bí, Quảng Ninh",5500000.0,55.0,3.0,2.0,3.0,100000.0
1907,40UTEF,"49 Bắc Sơn, P.Vĩnh Hải, TP.Nha Trang, Khánh Hòa",28000000.0,93.24,4.0,5.0,3.0,300300.3
1908,3D0GAQ,"Thửa 250 - Tờ 12 ( Số nhà 65) Chu Mạnh Trinh, P.Tân Thành, TP.Buôn Ma Thuột, Đắk Lắk",5200000.0,65.9,3.0,2.0,2.0,78907.44
1909,877BX3,"Hương Trà, Đà Nẵng",980.0,12.89,2.0,1.0,1.0,76.03
1910,AC6RUY,"03 Hiền Lương, P.Phước Hòa, TP.Nha Trang, Khánh Hòa",13200000.0,121.1,1.0,4.0,2.0,109000.83
1911,0X0DT9,"333 DT741, Xã Phước Hoà, H.Phú Giáo, Bình Dương",1800000.0,24.0,3.0,3.0,1.0,75000.0
1912,15TW16,"Trần nguyên hãn, P.Phước Hòa, TP.Nha Trang, Khánh Hòa",11800000.0,168.57,3.0,2.0,2.0,70000.59
1913,YF3GTD,"41 1, P.Tam Hiệp, TP.Biên Hòa, Đồng Nai",35000000.0,137.74,5.0,4.0,3.0,254101.93
