ma_bds,loai_tien_ich,ten_tien_ich,khoảng cách,latitude,longitude
SA27D5,chợ,Chợ Hiệp Bình Phước,1800.0,,
SA27D5,chợ,Chợ Hiệp Bình Chánh,1900.0,,
SA27D5,trường học,Trường Trung học phổ thông Hiệp Bình,172.0,,
SA27D5,trường học,Trường Tiểu học Đào Sơn Tây,203.0,,
SA27D5,trường học,Tiểu học Hiệp Bình Phước,662.0,,
SA27D5,bệnh viện,Bệnh viện Đại học Quốc tế Hồng Bàng,1400.0,,
SA27D5,siêu thị,Co.op Food KDC Thanh Niên,37.0,,
SA27D5,siêu thị,Phim cách nhiệt nhà kính NanoX,1400.0,,
SA27D5,siêu thị,Siêu thị Co.opMart Bình Triệu,1800.0,,
SA27D5,trung tâm thương mại,thom,828.0,,
21JNPZ,chợ,Chợ Dĩ An,1100.0,,
21JNPZ,chợ,Chợ Đông Hòa,1500.0,,
21JNPZ,chợ,Chợ Nội Hóa,1900.0,,
21JNPZ,trường học,Tiểu học Nhị Đồng,860.0,,
21JNPZ,trường học,Trường Tiểu học Đông Hòa,876.0,,
21JNPZ,trường học,Trường Trung học cơ sở Đông Hòa,988.0,,
21JNPZ,bệnh viện,Bệnh viện Hoàn Mỹ Thủ Đức,1200.0,,
21JNPZ,bệnh viện,Trung tâm Y tế khu vực Dĩ An,1500.0,,
21JNPZ,công viên,Công viên Dĩ An,864.0,,
21JNPZ,công viên,Công Viên Rạp Hát Dĩ An,1100.0,,
21JNPZ,siêu thị,GO! Dĩ An,1000.0,,
21JNPZ,trung tâm thương mại,Hạnh Phúc,1600.0,,
PV5Q5G,chợ,Chợ Gò Vấp,253.0,,
PV5Q5G,chợ,Chợ Cây Quéo,1400.0,,
PV5Q5G,chợ,Chợ Cây Điệp,1600.0,,
PV5Q5G,trường học,Trường Mầm non Hồng Nhung,70.0,,
PV5Q5G,trường học,Trường Trung học cơ sở Trường Sơn,100.0,,
PV5Q5G,trường học,Trường Trung học cơ sở Nguyễn Văn Trỗi - cơ sở 2,237.0,,
PV5Q5G,bệnh viện,Bệnh viện Quân y 175,723.0,,
PV5Q5G,bệnh viện,Trạm Y Tế Phường 7 Quận Phú Nhuận,2000.0,,
PV5Q5G,công viên,Công viên Khu nhà ở Quân đội,925.0,,
PV5Q5G,công viên,Công viên Bến Hải,1000.0,,
PV5Q5G,công viên,Công viên Gia Định,1500.0,,
PV5Q5G,siêu thị,Lẩu cá kèo,611.0,,
PV5Q5G,siêu thị,emart,839.0,,
PV5Q5G,siêu thị,Co.opmart Phan Văn Trị,963.0,,
PV5Q5G,trung tâm thương mại,Trung Tâm Thương Mại Vincom Plaza Gò Vấp,667.0,,
PV5Q5G,trung tâm thương mại,GO! Go Vap,761.0,,
PV5Q5G,trung tâm thương mại,Trung Tâm Mua Sắm Nguyễn Kim Gò Vấp,1300.0,,
6Q2EG8,trường học,Trường Tiểu học Nguyễn Bình (Cơ sở 1),231.0,,
6Q2EG8,trường học,Trường Trung học phổ thông Dương Văn Dương,432.0,,
6Q2EG8,trường học,Trường mầm non Mạ Non,695.0,,
6Q2EG8,công viên,Công viên Phú Xuân,1300.0,,
6Q2EG8,siêu thị,Co.opmart Nguyễn Bình,884.0,,
6Q2EG8,siêu thị,CoopMart Nguyễn Bình,886.0,,
3DW1EQ,chợ,Chợ Linh Xuân,995.0,,
3DW1EQ,chợ,Chợ Đông Hòa,1600.0,,
3DW1EQ,chợ,Chợ Dĩ An 2,1900.0,,
3DW1EQ,trường học,Trường Tiểu học Xuân Hiệp - cơ sở 3,174.0,,
3DW1EQ,trường học,Trường Trung học phổ thông Đào Sơn Tây,341.0,,
3DW1EQ,trường học,Trường Tiểu Học Nguyễn Văn Lịch,634.0,,
3DW1EQ,bệnh viện,Bệnh viện Hoàn Mỹ Thủ Đức,824.0,,
3DW1EQ,bệnh viện,Bệnh Viện Hoà Hảo,1700.0,,
3DW1EQ,bệnh viện,Bệnh viện Đa khoa Hoàn Hảo Kei Mei Kai,1700.0,,
3DW1EQ,công viên,Vườn tượng Danh nhân,1200.0,,
3DW1EQ,công viên,Vườn hoa Nguyễn Thái Bình,1700.0,,
3DW1EQ,siêu thị,GO! Dĩ An,1000.0,,
3DW1EQ,siêu thị,Co.op Xtra,1300.0,,
3DW1EQ,trung tâm thương mại,thuận đào,800.0,,
3DW1EQ,trung tâm thương mại,Phương điền,908.0,,
3DW1EQ,trung tâm thương mại,đức trí,910.0,,
AHNB3Y,chợ,Chợ Bà Chiểu,409.0,,
AHNB3Y,chợ,Chợ Cây Điệp,729.0,,
AHNB3Y,chợ,Chợ Cây Quéo,1200.0,,
AHNB3Y,trường học,Trường Tiểu học Nguyễn Đình Chiểu,228.0,,
AHNB3Y,trường học,Trường Trung học cơ sở Trương Công Định,286.0,,
AHNB3Y,trường học,Trường Trung học cơ sở Hà Huy Tập,381.0,,
AHNB3Y,bệnh viện,Bệnh Viện Quốc Tế Columbia Asia,278.0,,
AHNB3Y,bệnh viện,Bệnh viện Ung bướu,281.0,,
AHNB3Y,bệnh viện,Bệnh viện Nhân dân Gia Định,318.0,,
AHNB3Y,công viên,Công viên Văn hóa Phú Nhuận,709.0,,
AHNB3Y,công viên,Công viên trung tâm HCA,1100.0,,
AHNB3Y,công viên,Công viên Lê Văn Tám,1900.0,,
AHNB3Y,siêu thị,Điện thoại VT Mobile,137.0,,
AHNB3Y,siêu thị,Cửa Hàng Tiện Lợi Shop&Go!,267.0,,
AHNB3Y,siêu thị,Focomart,519.0,,
AHNB3Y,trung tâm thương mại,Tạp Hóa Thu Bé Bự,1800.0,,
AHNB3Y,trung tâm thương mại,MIA  Luggage store,1900.0,,
8YUNF3,chợ,Chợ Trần Hữu Trang,618.0,,
8YUNF3,chợ,Chợ Phạm Văn Hai,948.0,,
8YUNF3,chợ,Chợ Nguyễn Đình Chiểu,1200.0,,
8YUNF3,trường học,Trường Trung học phổ thông Quốc Tế TIS,100.0,,
8YUNF3,trường học,Trường Đại Học Y Dược Thành phố Hồ Chí Minh,135.0,,
8YUNF3,trường học,Trường Đại Học Sư Phạm Kỹ Thuật VGU,200.0,,
8YUNF3,bệnh viện,Bệnh viện Đa khoa Phú Nhuận,173.0,,
8YUNF3,bệnh viện,Viện Y Dược học Dân tộc,210.0,,
8YUNF3,bệnh viện,Bệnh viện Phụ sản Mekong,325.0,,
8YUNF3,công viên,Công viên Hoàng Văn Thụ,778.0,,
8YUNF3,công viên,Botanica Premier Residential Park,1200.0,,
8YUNF3,công viên,Công viên Gia Định,1600.0,,
8YUNF3,siêu thị,Siêu Thị Tiện Lợi Nam An,94.0,,
8YUNF3,siêu thị,Ministop,322.0,,
8YUNF3,siêu thị,Bách Hóa Xanh,674.0,,
8YUNF3,trung tâm thương mại,Toà Nhà Parkson CT Plaza,1700.0,,
8YUNF3,trung tâm thương mại,Saigon Airport Plaza,1800.0,,
8YUNF3,trung tâm thương mại,Pico Plaza,1900.0,,
3DWXKQ,chợ,Chợ Cầu Đồng,869.0,,
3DWXKQ,chợ,Chợ Thạnh Xuân,1000.0,,
3DWXKQ,chợ,Chợ Vườn Lài,1900.0,,
3DWXKQ,trường học,Trường Trung học phổ thông Thạnh Lộc,539.0,,
3DWXKQ,trường học,Trường Trung học cơ sở Trần Hưng Đạo,656.0,,
3DWXKQ,trường học,Trường Tiểu học Hà Huy Giáp,715.0,,
QHR6DU,chợ,Chợ Tân Chánh Hiệp,1400.0,,
QHR6DU,chợ,Chợ Ngã Ba Bầu,1500.0,,
QHR6DU,chợ,Chợ Hiệp Thành,1800.0,,
QHR6DU,trường học,Trường Tiểu học Võ Thị Sáu,977.0,,
QHR6DU,trường học,Trường Trung học cơ sở Trần Quang Khải,977.0,,
QHR6DU,trường học,Trường Trung học cơ sở Nguyễn Hiền,1100.0,,
QHR6DU,bệnh viện,Bệnh viện Đa khoa Trung Mỹ Tây,700.0,,
QHR6DU,bệnh viện,188 Beauty Spa quận 12 | Viện thẩm mỹ hàng đầu tpHCM,1700.0,,
QHR6DU,công viên,Công Viên Trúc Lâm,948.0,,
QHR6DU,công viên,Cây xanh,1100.0,,
QHR6DU,công viên,The parkland,1100.0,,
QHR6DU,siêu thị,Bách hóa XANH.COM,1400.0,,
QHR6DU,siêu thị,Co-opmart Tô Ký,1500.0,,
QHR6DU,siêu thị,CoopMart Hiệp Thành,1700.0,,
QHR6DU,trung tâm thương mại,Nhà Phân Phối Diana Unicharm,1000.0,,
QHR6DU,trung tâm thương mại,SuSu,1800.0,,
UKJV4S,chợ,Chợ An Đông,444.0,,
UKJV4S,chợ,Chợ Hòa Bình,638.0,,
UKJV4S,chợ,Chợ Ba Đình,729.0,,
UKJV4S,trường học,Trường Tiểu học Huỳnh Kiến Hoa,355.0,,
UKJV4S,trường học,Trường Trung học Cơ sở Lý Phong,405.0,,
UKJV4S,trường học,Trường Trung học cơ sở Kim Đồng,471.0,,
UKJV4S,bệnh viện,Bệnh viện Nguyễn Tri Phương,117.0,,
UKJV4S,bệnh viện,Bệnh viện An Bình,147.0,,
UKJV4S,bệnh viện,Bệnh viện Quân y 7A,182.0,,
UKJV4S,công viên,Công viên Văn Lang,424.0,,
UKJV4S,công viên,Công viên Võ Văn Kiệt,460.0,,
UKJV4S,công viên,Công viên Dạ Trạch,509.0,,
UKJV4S,siêu thị,Siêu Thị Mela,464.0,,
UKJV4S,siêu thị,Circle k,521.0,,
UKJV4S,siêu thị,Siêu Thị CoopMart Hùng Vương,555.0,,
UKJV4S,trung tâm thương mại,Trung tâm Thương Mại An Đông Plaza,455.0,,
UKJV4S,trung tâm thương mại,Parkson Hùng Vương,884.0,,
UKJV4S,trung tâm thương mại,Tạp Hóa 305,1300.0,,
SC03B5,chợ,Chợ Ngã Ba Bầu,579.0,,
SC03B5,chợ,Chợ Tân Chánh Hiệp,1100.0,,
SC03B5,chợ,Chợ Trung Chánh,1600.0,,
SC03B5,trường học,Trường Trung học cơ sở Trần Quang Khải,334.0,,
SC03B5,trường học,Trường Tiểu học Trần Quang Cơ,347.0,,
SC03B5,trường học,Trung tâm Giáo dục nghề nghiệp - Giáo dục thường xuyên Quận 12,405.0,,
SC03B5,bệnh viện,Bệnh viện Đa khoa Trung Mỹ Tây,1500.0,,
SC03B5,công viên,The parkland,1200.0,,
SC03B5,công viên,Công Viên Trúc Lâm,1200.0,,
SC03B5,công viên,Cây xanh,1200.0,,
SC03B5,siêu thị,Co-opmart Tô Ký,1200.0,,
SC03B5,siêu thị,Bách hóa XANH.COM,1200.0,,
SC03B5,siêu thị,Siêu thị Co.opmart Nguyễn Ảnh Thủ,1900.0,,
SC03B5,trung tâm thương mại,Nhà Phân Phối Diana Unicharm,1500.0,,
UKJTTS,chợ,Chợ Hiệp Thành,816.0,,
UKJTTS,trường học,Trường Trung học cơ sở Nguyễn Chí Thanh,932.0,,
UKJTTS,trường học,Trường Tiểu học Nguyễn Thái Bình,1000.0,,
UKJTTS,trường học,Trường Tiểu học Võ Thị Sáu,1400.0,,
UKJTTS,bệnh viện,188 Beauty Spa quận 12 | Viện thẩm mỹ hàng đầu tpHCM,1200.0,,
UKJTTS,công viên,Cây xanh,1300.0,,
UKJTTS,công viên,The parkland,1300.0,,
UKJTTS,công viên,Công Viên Trúc Lâm,1400.0,,
UKJTTS,siêu thị,CoopMart Hiệp Thành,1000.0,,
UKJTTS,trung tâm thương mại,SuSu,776.0,,
UKJTTS,trung tâm thương mại,Tạp Hóa Út Huệ,1300.0,,
UKJTTS,trung tâm thương mại,Cửa Hàng Sữa Dony,1300.0,,
6A4TF8,chợ,Chợ Tân Thuận,263.0,,
6A4TF8,chợ,Chợ Cư xá Ngân hàng,1000.0,,
6A4TF8,chợ,Chợ Tân Kiểng 1,2000.0,,
6A4TF8,trường học,Trường ĐH Tài chính - Marketing,478.0,,
6A4TF8,trường học,"Trường Mầm non - Tiểu học - Trung học cơ sở Pathway Tuệ Đức - Cơ sở Eco Green, Quận 7",666.0,,
6A4TF8,trường học,Trường Tiểu học Đặng Thùy Trâm,693.0,,
6A4TF8,bệnh viện,BỆNH VIỆN MẮT,1200.0,,
6A4TF8,bệnh viện,Bệnh viện Đa khoa Nguyễn Thị Thập,1900.0,,
6A4TF8,công viên,Công viên Tôn Thất Thuyết,504.0,,
6A4TF8,công viên,Eco Green Central Park,680.0,,
6A4TF8,công viên,Công Viên Sala,1800.0,,
6A4TF8,siêu thị,Southern AEON Citimart Tân Thuận,1300.0,,
6A4TF8,siêu thị,Coop Food,1300.0,,
6A4TF8,siêu thị,Night market,1600.0,,
6A4TF8,trung tâm thương mại,Vincom Plus Nam Long Quận 7,1600.0,,
6A4TF8,trung tâm thương mại,Tiệm Đồ Hồi Giáo,1600.0,,
6A4TF8,trung tâm thương mại,SALA Shopping Mall Thiso mall,1900.0,,
8YFV73,chợ,Chợ Hiệp Thành,1400.0,,
8YFV73,chợ,Chợ Đông Thạnh,1700.0,,
8YFV73,trường học,Trường Trung học phổ thông Nguyễn Hữu Tiến,1700.0,,
8YFV73,trường học,Trường Tiểu Học Hoàng Hoa Thám,1700.0,,
8YFV73,trường học,Trường Trung học cơ sở Tân Thới Hiệp,1800.0,,
8YFV73,bệnh viện,188 Beauty Spa quận 12 | Viện thẩm mỹ hàng đầu tpHCM,1600.0,,
8YFV73,siêu thị,CoopMart Hiệp Thành,1500.0,,
8YFV73,trung tâm thương mại,Tạp Hóa Út Huệ,477.0,,
8YFV73,trung tâm thương mại,Cửa Hàng Sữa Dony,611.0,,
8YFV73,trung tâm thương mại,SuSu,1400.0,,
5B96G7,chợ,Chợ Hiệp Thành,660.0,,
5B96G7,trường học,Trường Trung học cơ sở Nguyễn Chí Thanh,1100.0,,
5B96G7,trường học,Trường Tiểu học Nguyễn Thái Bình,1100.0,,
5B96G7,trường học,Trường Trung học cơ sở Tân Thới Hiệp,1200.0,,
5B96G7,bệnh viện,188 Beauty Spa quận 12 | Viện thẩm mỹ hàng đầu tpHCM,951.0,,
5B96G7,công viên,Cây xanh,1600.0,,
5B96G7,công viên,The parkland,1600.0,,
5B96G7,công viên,Công Viên Trúc Lâm,1600.0,,
5B96G7,siêu thị,CoopMart Hiệp Thành,793.0,,
5B96G7,trung tâm thương mại,SuSu,652.0,,
5B96G7,trung tâm thương mại,Cửa Hàng Sữa Dony,759.0,,
5B96G7,trung tâm thương mại,Tạp Hóa Út Huệ,771.0,,
26A9MZ,chợ,Chợ Tân Trụ,682.0,,
26A9MZ,chợ,Chợ Lạc Quang,1900.0,,
26A9MZ,trường học,"Trường Trung học cơ sở - Trung học phổ thông Pathway Tuệ Đức - Cơ sở Nguyễn Sỹ Sách, Quận Tân Bình",491.0,,
26A9MZ,trường học,Trường Tiểu Học Nguyễn Văn Kip,608.0,,
26A9MZ,trường học,Trường Tiểu học Phan Huy Ích,636.0,,
26A9MZ,bệnh viện,Bệnh viện Đa khoa Tâm Trí Sài Gòn,1400.0,,
26A9MZ,công viên,Công viên Nguyễn Sỹ Sách,602.0,,
26A9MZ,công viên,CÔNG VIÊN 8XLUS,1400.0,,
26A9MZ,công viên,Công viên Thuận Kiều,1900.0,,
26A9MZ,siêu thị,Siêu Thị Tiện Lợi Citi Mart,284.0,,
26A9MZ,siêu thị,WinMart,600.0,,
26A9MZ,siêu thị,Co.op Mart Thắng Lợi,766.0,,
8UECF3,chợ,Chợ Nancy,134.0,,
8UECF3,chợ,Circle K,875.0,,
8UECF3,chợ,Chợ Rạch Ông,906.0,,
8UECF3,trường học,Trường Quốc Tế American,343.0,,
8UECF3,trường học,Trường Trung học cơ sở Ba Đình,535.0,,
8UECF3,trường học,Trường Tiểu học Chương Dương,624.0,,
8UECF3,bệnh viện,Phòng Khám Đa Khoa Thế Giới,421.0,,
8UECF3,bệnh viện,Bệnh Viện Thẩm Mỹ Siam Thailand,641.0,,
8UECF3,bệnh viện,Bệnh viện Thân Dân,925.0,,
8UECF3,công viên,Công viên Dạ Nam,752.0,,
8UECF3,công viên,Công viên Phường 2,777.0,,
8UECF3,công viên,Công viên Cầu Rạch Ông,823.0,,
8UECF3,siêu thị,Co.op Food - Nguyễn Khoái,819.0,,
8UECF3,siêu thị,Mini Stop,839.0,,
8UECF3,siêu thị,FamilyMart,843.0,,
8UECF3,trung tâm thương mại,Tạp Hóa Quỳnh Loan,772.0,,
8UECF3,trung tâm thương mại,Tạp Hóa Trương Thịnh,825.0,,
8UECF3,trung tâm thương mại,Trung Tâm Mua Sắm Nowzone - Nguyễn Văn Cừ,1100.0,,
6SCZ48,chợ,Chợ Bà Chiểu,892.0,,
6SCZ48,chợ,Chợ Thị Nghè,1300.0,,
6SCZ48,chợ,Seafood mini-market,1500.0,,
6SCZ48,trường học,Đại Học Kinh Tế Tài Chính,564.0,,
6SCZ48,trường học,Trường Trung học cơ sở Điện Biên,571.0,,
6SCZ48,trường học,Trường Trung học cơ sở Lê Văn Tám,657.0,,
6SCZ48,bệnh viện,Bệnh viện Đa khoa Bình Thạnh,1300.0,,
6SCZ48,bệnh viện,Bệnh Viện Quốc Tế Columbia Asia,1300.0,,
6SCZ48,bệnh viện,Bệnh viện Ung bướu,1400.0,,
6SCZ48,công viên,Công viên trung tâm HCA,1000.0,,
6SCZ48,công viên,Khu du lịch Văn Thánh,1200.0,,
6SCZ48,công viên,Chung cư City Garden,1300.0,,
6SCZ48,siêu thị,Focomart,589.0,,
6SCZ48,siêu thị,Co.op Mart - Chu Văn An,820.0,,
6SCZ48,siêu thị,Foodmart,950.0,,
DC46VH,chợ,Chợ Cầu Dừa,479.0,,
DC46VH,chợ,Chợ Nancy,561.0,,
DC46VH,chợ,Chợ Cô Giang,724.0,,
DC46VH,trường học,Trường Tiểu học Chương Dương,111.0,,
DC46VH,trường học,Trường Tiểu học Đoàn Thị Điểm,358.0,,
DC46VH,trường học,Trường Tiểu học Nguyễn Huệ 1,382.0,,
DC46VH,bệnh viện,Bệnh Viện Thẩm Mỹ Siam Thailand,641.0,,
DC46VH,bệnh viện,Bệnh viện Răng Hàm Mặt Thành phố Hồ Chí Minh,653.0,,
DC46VH,bệnh viện,Bệnh viện Quận 1 (cơ sở 2),874.0,,
DC46VH,công viên,Công viên Khánh Hội,714.0,,
DC46VH,công viên,Công viên Cầu Rạch Ông,736.0,,
DC46VH,công viên,Công viên Phường 5,974.0,,
DC46VH,siêu thị,Co.op Food - Nguyễn Khoái,457.0,,
DC46VH,siêu thị,Siêu Thị Tiện Lợi US,465.0,,
DC46VH,siêu thị,Mini Stop,518.0,,
DC46VH,trung tâm thương mại,Tạp Hóa Quỳnh Loan,261.0,,
DC46VH,trung tâm thương mại,Tạp Hóa Trương Thịnh,348.0,,
DC46VH,trung tâm thương mại,Trung Tâm Mua Sắm Russian,664.0,,
DEPB7H,chợ,Chợ Thạnh Xuân,493.0,,
DEPB7H,chợ,Chợ Cầu Đồng,1600.0,,
DEPB7H,trường học,Trường Tiểu học Hà Huy Giáp,537.0,,
DEPB7H,trường học,Trường Trung Học Cơ Sở Lương Thế Vinh,570.0,,
DEPB7H,trường học,Trường Trung học cơ sở Trần Hưng Đạo,636.0,,
6A4MK8,trường học,Trường Tiểu học Bình Hưng Hòa,310.0,,
6A4MK8,trường học,Trường Trung học cơ sở & Trung học phổ thông Chu Văn An,419.0,,
6A4MK8,trường học,Trường Trung học cơ sở Bình Hưng Hoà,575.0,,
6A4MK8,bệnh viện,Yoga trị liệu l Ci Yoga Therapy CN Celadon,1600.0,,
6A4MK8,công viên,Công viên Gia Phú,1100.0,,
6A4MK8,công viên,Công viên Sơn Kỳ,1200.0,,
6A4MK8,công viên,Công viên Thuận Kiều,1400.0,,
5H4DU7,trường học,Trường Tiểu học Huỳnh Thúc Kháng,707.0,,
5H4DU7,trường học,Trường Tiểu học Lạc Hồng,711.0,,
5H4DU7,trường học,Trường Tiểu học Bình Thuận,742.0,,
5H4DU7,bệnh viện,Trạm Y Tế phường Bình Hưng Hòa,543.0,,
5H4DU7,bệnh viện,Yoga trị liệu l Ci Yoga Therapy CN Celadon,1500.0,,
5H4DU7,công viên,Công viên Gia Phú,1200.0,,
5H4DU7,công viên,Công viên Sơn Kỳ,1300.0,,
5H4DU7,siêu thị,Chả cua Huế,1500.0,,
5H4DU7,siêu thị,Shop Vinafood,1500.0,,
5H4DU7,siêu thị,Bách Hóa Xanh,1500.0,,
5H4DU7,trung tâm thương mại,Nhà đậu xe Aeon Mall Tân Phú Celadon;Commercial_AEONMallTanPhu Storie 4,1500.0,,
CWWFHB,chợ,Chợ Tân Chánh Hiệp,650.0,,
CWWFHB,chợ,Chợ Ngã Ba Bầu,819.0,,
CWWFHB,chợ,Chợ Trung Chánh,1300.0,,
CWWFHB,trường học,Trung tâm Giáo dục nghề nghiệp - Giáo dục thường xuyên Quận 12,458.0,,
CWWFHB,trường học,Trường Tiểu học Trần Quang Cơ,466.0,,
CWWFHB,trường học,Trường Trung học cơ sở Hà Huy Tập,692.0,,
CWWFHB,bệnh viện,Bệnh viện Đa khoa Trung Mỹ Tây,1200.0,,
CWWFHB,công viên,Công Viên Trúc Lâm,1500.0,,
CWWFHB,công viên,Công viên Phần mềm Quang Trung,1500.0,,
CWWFHB,công viên,The parkland,1500.0,,
CWWFHB,siêu thị,Co-opmart Tô Ký,714.0,,
CWWFHB,siêu thị,Bách hóa XANH.COM,740.0,,
CWWFHB,siêu thị,Siêu thị Co.opmart Nguyễn Ảnh Thủ,1600.0,,
CWWFHB,trung tâm thương mại,Nhà Phân Phối Diana Unicharm,1100.0,,
DE4DDH,chợ,Chợ Tân Hưng (Chợ Ông Địa),172.0,,
DE4DDH,chợ,Chợ Trần Văn Quang,468.0,,
DE4DDH,chợ,Chợ Tân Bình,762.0,,
DE4DDH,trường học,Trường Tiểu Học Ngọc Hồi,309.0,,
DE4DDH,trường học,Trường Trung học cơ sở & Trung học phổ thông Bác Ái,413.0,,
DE4DDH,trường học,Trường Trung học phổ thông Nguyễn Thái Bình,444.0,,
DE4DDH,bệnh viện,Trung Tâm Hiến Múa Nhân Đạo,703.0,,
DE4DDH,bệnh viện,Bệnh viện 1A,1100.0,,
DE4DDH,bệnh viện,Bệnh viện Đa khoa Tân Phú,1100.0,,
DE4DDH,công viên,Công viên Tân Phước,552.0,,
DE4DDH,công viên,Công viên Phú Hòa,1300.0,,
DE4DDH,công viên,Công viên Chung cư Lê Thị Riêng,1400.0,,
DE4DDH,siêu thị,Siêu Thị Co.opMart - Phú Thọ,997.0,,
DE4DDH,siêu thị,WinMart,1000.0,,
DE4DDH,siêu thị,MiniMart,1500.0,,
DE4DDH,trung tâm thương mại,Bách hóa tổng hợp,666.0,,
DE4DDH,trung tâm thương mại,Lotte Department Store,2000.0,,
SHDXR5,chợ,Chợ Lạc Quang,241.0,,
SHDXR5,chợ,Chợ An Sương,1400.0,,
SHDXR5,trường học,Anh Văn Hội Việt Mỹ VUS,122.0,,
SHDXR5,trường học,Trường Trung học cơ sở Nguyễn Vĩnh Nghiệp,199.0,,
SHDXR5,trường học,Trường Trung học cơ sở&Trung học phổ thông Mỹ Việt,448.0,,
SHDXR5,bệnh viện,Bệnh viện Đa khoa Tâm Trí Sài Gòn,251.0,,
SHDXR5,công viên,CÔNG VIÊN 8XLUS,284.0,,
SHDXR5,công viên,Công viên Thuận Kiều,1100.0,,
SHDXR5,siêu thị,FamilyMart,313.0,,
SHDXR5,siêu thị,Kho Hàng Hùng Hậu,350.0,,
SHDXR5,siêu thị,Tạp Hóa Chú 8,354.0,,
C0JNPB,chợ,Chợ Bình Tiên,386.0,,
C0JNPB,chợ,Chợ Bình Đông,498.0,,
C0JNPB,chợ,Chợ Minh Phụng,932.0,,
C0JNPB,trường học,University of Green,194.0,,
C0JNPB,trường học,Trường Tiểu học Kim Đồng,223.0,,
C0JNPB,trường học,Trường Trung học phổ thông Phạm Phú Thứ,303.0,,
C0JNPB,bệnh viện,Bệnh viện Đa khoa Bình Phú,1200.0,,
C0JNPB,bệnh viện,Bệnh viện Công an Thành phố Hồ Chí Minh,2000.0,,
C0JNPB,công viên,Công viên Lê Lợi,729.0,,
C0JNPB,công viên,Công viên Lò Gốm,1200.0,,
C0JNPB,công viên,Công viên Bình Phú,1300.0,,
C0JNPB,siêu thị,Co.opmart Hậu Giang,886.0,,
C0JNPB,siêu thị,Siêu thị Co.opmart Tuy Lý Vương,1100.0,,
C0JNPB,siêu thị,Siêu thị MM Mega Market Bình Phú,1500.0,,
C0JNPB,trung tâm thương mại,Satra Centre Mall,390.0,,
C0JNPB,trung tâm thương mại,Tạp Hóa Hồng Linh,1300.0,,
C0JNPB,trung tâm thương mại,Phú lâm,1400.0,,
3DWEVQ,chợ,Chợ Võ Thành Trang,386.0,,
3DWEVQ,chợ,Chợ Hoàng Hoa Thám,691.0,,
3DWEVQ,chợ,Chợ Bàu Cát,744.0,,
3DWEVQ,trường học,Trường Tiểu học - Trung học cơ sở Khai Nguyên - Cơ sở Quận Tân Bình,147.0,,
3DWEVQ,trường học,Trường Tiểu học Tân Sơn Nhì,398.0,,
3DWEVQ,trường học,Xuất Khẩu Lao Động Esuhai,423.0,,
3DWEVQ,bệnh viện,Bệnh Viện Đa Khoa Mỹ Đức,245.0,,
3DWEVQ,bệnh viện,Bệnh viện Đa khoa Tân Phú,1600.0,,
3DWEVQ,bệnh viện,Bệnh viện Thống Nhất,1600.0,,
3DWEVQ,công viên,Công viên Bàu Cát 3,502.0,,
3DWEVQ,công viên,Công viên Nhà thi đấu Tân Bình,1500.0,,
3DWEVQ,công viên,Công viên Tân Phú,1700.0,,
3DWEVQ,siêu thị,Siêu thị GO! Âu Cơ,936.0,,
3DWEVQ,siêu thị,Pandora Trường Chinh,1200.0,,
3DWEVQ,siêu thị,Big C,1200.0,,
3DWEVQ,trung tâm thương mại,LOTTE Mart Cộng Hòa,1400.0,,
3DWEVQ,trung tâm thương mại,Pico Plaza,1400.0,,
3DWEVQ,trung tâm thương mại,Bách hóa tổng hợp,1700.0,,
AHWJ4Y,chợ,Chợ Bình Tây,494.0,,
AHWJ4Y,chợ,Chợ Minh Phụng,661.0,,
AHWJ4Y,chợ,Chợ Kim Biên,871.0,,
AHWJ4Y,trường học,Trường Tiểu học Võ Văn Tần,145.0,,
AHWJ4Y,trường học,Trường Trung học cơ sở Hậu Giang,213.0,,
AHWJ4Y,trường học,Trường Tiểu học Lê Đình Chinh,367.0,,
AHWJ4Y,bệnh viện,Bệnh viện Đa khoa Lãnh Binh Thăng,865.0,,
AHWJ4Y,bệnh viện,Bệnh viện Công an Thành phố Hồ Chí Minh,1300.0,,
AHWJ4Y,bệnh viện,Bệnh viện Chợ Rẫy,1300.0,,
AHWJ4Y,công viên,Công viên Cây Mai,306.0,,
AHWJ4Y,công viên,Công viên Lê Lợi,620.0,,
AHWJ4Y,công viên,Công viên Cửu Long,642.0,,
AHWJ4Y,siêu thị,Co.opmart Hậu Giang,655.0,,
AHWJ4Y,siêu thị,Siêu thị Co.opmart Tuy Lý Vương,1200.0,,
AHWJ4Y,siêu thị,Cửa Hàng Mua Sắm Citimart,1600.0,,
AHWJ4Y,trung tâm thương mại,The Garden Mall,768.0,,
AHWJ4Y,trung tâm thương mại,Chợ vải Soái Kình Lâm,906.0,,
AHWJ4Y,trung tâm thương mại,Satra Centre Mall,1000.0,,
0F1B9N,chợ,Chợ Phú Lâm,402.0,,
0F1B9N,chợ,Chợ Hoa Hậu Giang,787.0,,
0F1B9N,chợ,Chợ Phú Định,870.0,,
0F1B9N,trường học,Trường Tiểu học Phú Lâm,104.0,,
0F1B9N,trường học,Trường Trung học phổ thông Mạc Đĩnh Chi,111.0,,
0F1B9N,trường học,Trường Tiểu học Hưng Việt,360.0,,
0F1B9N,bệnh viện,Bệnh viện Đa khoa Bình Phú,1000.0,,
0F1B9N,bệnh viện,Bệnh viện Đa khoa Lãnh Binh Thăng,1500.0,,
0F1B9N,công viên,Công viên Bãi Cát,762.0,,
0F1B9N,công viên,Lương Thế Vinh,1100.0,,
0F1B9N,công viên,Công Viên Văn hóa Đầm Sen,1200.0,,
0F1B9N,siêu thị,Co.opMart Phú Lâm,212.0,,
0F1B9N,siêu thị,Bách Hóa XANH,754.0,,
0F1B9N,siêu thị,Co.op Food,773.0,,
0F1B9N,trung tâm thương mại,Nhi,1400.0,,
0F1B9N,trung tâm thương mại,Phú lâm,1800.0,,
0F1B9N,trung tâm thương mại,Thiên,1900.0,,
6A4CN8,chợ,Chợ Võ Thành Trang,391.0,,
6A4CN8,chợ,Chợ Hoàng Hoa Thám,688.0,,
6A4CN8,chợ,Chợ Bàu Cát,740.0,,
6A4CN8,trường học,Trường Tiểu học - Trung học cơ sở Khai Nguyên - Cơ sở Quận Tân Bình,143.0,,
6A4CN8,trường học,Trường Tiểu học Tân Sơn Nhì,402.0,,
6A4CN8,trường học,Xuất Khẩu Lao Động Esuhai,425.0,,
6A4CN8,bệnh viện,Bệnh Viện Đa Khoa Mỹ Đức,246.0,,
6A4CN8,bệnh viện,Bệnh viện Đa khoa Tân Phú,1600.0,,
6A4CN8,bệnh viện,Bệnh viện Thống Nhất,1600.0,,
6A4CN8,công viên,Công viên Bàu Cát 3,498.0,,
6A4CN8,công viên,Công viên Nhà thi đấu Tân Bình,1500.0,,
6A4CN8,công viên,Công viên Tân Phú,1700.0,,
6A4CN8,siêu thị,Siêu thị GO! Âu Cơ,933.0,,
6A4CN8,siêu thị,Pandora Trường Chinh,1200.0,,
6A4CN8,siêu thị,Big C,1200.0,,
6A4CN8,trung tâm thương mại,LOTTE Mart Cộng Hòa,1400.0,,
6A4CN8,trung tâm thương mại,Pico Plaza,1400.0,,
6A4CN8,trung tâm thương mại,Bách hóa tổng hợp,1700.0,,
0XSTT9,chợ,Chợ Cầu Xáng,590.0,,
0XSTT9,trường học,Trường Tiểu học Cầu Xáng,194.0,,
0XSTT9,trường học,Trường Trung cấp nghề Trần Đại Nghĩa - Cơ sở 2,496.0,,
0XSTT9,trường học,Trường Trung học phổ thông Năng Khiếu Thể dục thể thao Bình Chánh,1000.0,,
0XSTT9,công viên,Công viên Văn hóa Láng Le - Bàu Cò,909.0,,
6A4G58,chợ,Chợ Ngã Ba Bầu,1200.0,,
6A4G58,chợ,Chợ Hiệp Thành,1600.0,,
6A4G58,chợ,Chợ Tân Chánh Hiệp,1800.0,,
6A4G58,trường học,Trường Trung học cơ sở Trần Quang Khải,432.0,,
6A4G58,trường học,Trường Tiểu học Võ Thị Sáu,943.0,,
6A4G58,trường học,Trường Tiểu học Nguyễn Thái Bình,1100.0,,
6A4G58,bệnh viện,Bệnh viện Đa khoa Trung Mỹ Tây,1700.0,,
6A4G58,bệnh viện,188 Beauty Spa quận 12 | Viện thẩm mỹ hàng đầu tpHCM,1700.0,,
6A4G58,công viên,The parkland,481.0,,
6A4G58,công viên,Cây xanh,535.0,,
6A4G58,công viên,Công Viên Trúc Lâm,551.0,,
6A4G58,siêu thị,CoopMart Hiệp Thành,1700.0,,
6A4G58,siêu thị,Bách Hóa Hạnh Dương,1800.0,,
6A4G58,siêu thị,Co-opmart Tô Ký,1900.0,,
6A4G58,trung tâm thương mại,SuSu,1600.0,,
6A4G58,trung tâm thương mại,Nhà Phân Phối Diana Unicharm,1900.0,,
0XUQU9,chợ,Chợ Hạnh Thông Tây,822.0,,
0XUQU9,chợ,Chợ Xóm Mới,1100.0,,
0XUQU9,chợ,Chợ An Nhơn,1400.0,,
0XUQU9,trường học,Trường Trung học cơ sở Nguyễn Du,564.0,,
0XUQU9,trường học,Trường Trung học phổ thông PHÙNG HƯNG,581.0,,
0XUQU9,trường học,Trường Tiểu học Nguyễn Thị Minh Khai,626.0,,
0XUQU9,bệnh viện,Bệnh viện Đa khoa Gò Vấp,690.0,,
0XUQU9,bệnh viện,Phòng Khám Đa Khoa Hữu Nghị,1700.0,,
0XUQU9,công viên,Công viên Hòa Bình,688.0,,
0XUQU9,công viên,Công viên Làng Hoa Gò Vấp,939.0,,
0XUQU9,công viên,Mercedes Sidewalk park,1100.0,,
0XUQU9,siêu thị,WinMart,661.0,,
0XUQU9,siêu thị,Co.opmart SCA Phạm Văn Chiêu,1700.0,,
0XUQU9,trung tâm thương mại,Lotte Department Store,728.0,,
0XUQU9,trung tâm thương mại,Thiên hương,942.0,,
0XUQU9,trung tâm thương mại,669,961.0,,
13F1R6,chợ,Chợ Bình Tiên,221.0,,
13F1R6,chợ,Chợ Minh Phụng,487.0,,
13F1R6,chợ,Chợ Bình Tây,610.0,,
13F1R6,trường học,Châu Văn Liêm,95.0,,
13F1R6,trường học,Trường Tiểu học Châu Văn Liêm,106.0,,
13F1R6,trường học,Trường Tiểu học Nhật Tảo,268.0,,
13F1R6,bệnh viện,Bệnh viện Đa khoa Bình Phú,1200.0,,
13F1R6,bệnh viện,Bệnh viện Đa khoa Lãnh Binh Thăng,1500.0,,
13F1R6,bệnh viện,Bệnh viện Công an Thành phố Hồ Chí Minh,1700.0,,
13F1R6,công viên,Công viên Lê Lợi,387.0,,
13F1R6,công viên,Công viên Cây Mai,878.0,,
13F1R6,công viên,Công viên Cửu Long,967.0,,
13F1R6,siêu thị,Co.opmart Hậu Giang,440.0,,
13F1R6,siêu thị,Siêu thị Co.opmart Tuy Lý Vương,1100.0,,
13F1R6,siêu thị,Co.opMart Phú Lâm,1500.0,,
13F1R6,trung tâm thương mại,Satra Centre Mall,494.0,,
13F1R6,trung tâm thương mại,Chợ vải Soái Kình Lâm,1300.0,,
13F1R6,trung tâm thương mại,The Garden Mall,1300.0,,
5YEBS7,chợ,Chợ Hồ Trọng Quý,488.0,,
5YEBS7,chợ,Chợ Phú Định,644.0,,
5YEBS7,chợ,Chợ Hoa Hậu Giang,793.0,,
5YEBS7,trường học,Trường Trung học cơ sở Nguyễn Văn Luông,139.0,,
5YEBS7,trường học,Trường Tiểu học Nhật Tảo,405.0,,
5YEBS7,trường học,Trường Tiểu học Hùng Vương,406.0,,
5YEBS7,bệnh viện,Bệnh viện Đa khoa Bình Phú,418.0,,
5YEBS7,bệnh viện,Nhà Thuốc Tây Quàng Hòa,1800.0,,
5YEBS7,công viên,Công viên Bình Phú,309.0,,
5YEBS7,công viên,Công viên Lò Gốm,334.0,,
5YEBS7,công viên,Công viên Phú Lâm,1300.0,,
5YEBS7,siêu thị,Siêu thị MM Mega Market Bình Phú,496.0,,
5YEBS7,siêu thị,Co.op Food,955.0,,
5YEBS7,siêu thị,Co.opmart Hậu Giang,1200.0,,
5YEBS7,trung tâm thương mại,Phú lâm,536.0,,
5YEBS7,trung tâm thương mại,Thiên,618.0,,
5YEBS7,trung tâm thương mại,Nhi,744.0,,
3DW41Q,chợ,Chợ nông sản Hóc Môn,265.0,,
3DW41Q,chợ,Chợ Đầu mối Nông Sản Thực Phẩm Hóc Môn,269.0,,
3DW41Q,chợ,Chợ Trung Chánh,724.0,,
3DW41Q,trường học,Trường Ngoại Ngữ Tin Học HUFLIT,792.0,,
3DW41Q,trường học,Trường Trung học phổ thông Bà Điểm,890.0,,
3DW41Q,trường học,Trường Trung học cơ sở Tân Xuân,1100.0,,
3DW41Q,siêu thị,Siêu thị Co.opmart Nguyễn Ảnh Thủ,610.0,,
3DW41Q,siêu thị,Co-opmart Tô Ký,1500.0,,
3DW41Q,siêu thị,Bách hóa XANH.COM,1600.0,,
3DW41Q,trung tâm thương mại,Công Ty TNHH Kim Hoàng Gia,1900.0,,
PV75AG,chợ,Chợ Phú Xuân,445.0,,
PV75AG,trường học,Trường Trung học cơ sở Phạm Hữu Lầu,309.0,,
PV75AG,trường học,Trường Tiểu học Phú Mỹ,428.0,,
PV75AG,trường học,Trường Tiểu học Phạm Hữu Lầu,481.0,,
PV75AG,công viên,Công viên KDC Belleza,738.0,,
PV75AG,công viên,Trung Tâm Văn Hóa Quận 7,1200.0,,
PV75AG,công viên,Công viên nội khu,1500.0,,
PV75AG,siêu thị,Co.opmart Huỳnh Tấn Phát,1200.0,,
EPVYC4,chợ,Chợ Long Kiểng,547.0,,
EPVYC4,chợ,Chợ Tân Kiểng 1,689.0,,
EPVYC4,chợ,Chợ Xóm Chiếu,742.0,,
EPVYC4,trường học,Trường Tiểu học Tăng Bạt Hổ B,360.0,,
EPVYC4,trường học,Trường Tiểu Học 1 Tháng 6,447.0,,
EPVYC4,trường học,Trường Tiểu học Bán trú Đống Đa,448.0,,
EPVYC4,bệnh viện,Trung Tâm Y Tế Dự Phòng - Phòng Khám Tiêm Phòng,793.0,,
EPVYC4,bệnh viện,Bệnh viện Phước An,974.0,,
EPVYC4,bệnh viện,Bệnh viện Đa khoa Khánh Hội,1100.0,,
EPVYC4,công viên,Công viên Phường 12,874.0,,
EPVYC4,công viên,Công viên Phường 5,927.0,,
EPVYC4,công viên,Công viên Khánh Hội,1200.0,,
EPVYC4,siêu thị,Chợ 200,146.0,,
EPVYC4,siêu thị,Co.op Food,186.0,,
EPVYC4,siêu thị,Night market,344.0,,
EPVYC4,trung tâm thương mại,Thu,724.0,,
EPVYC4,trung tâm thương mại,Chợ Dân Sinh,1500.0,,
EPVYC4,trung tâm thương mại,Trung Tâm Mua Sắm Russian,1500.0,,
UKJXBS,chợ,Chợ Hiệp Thành,913.0,,
UKJXBS,trường học,Trường Trung học cơ sở Nguyễn Chí Thanh,647.0,,
UKJXBS,trường học,Trường Tiểu học Nguyễn Thái Bình,737.0,,
UKJXBS,trường học,Trường Tiểu học Võ Thị Sáu,1000.0,,
UKJXBS,bệnh viện,188 Beauty Spa quận 12 | Viện thẩm mỹ hàng đầu tpHCM,1300.0,,
UKJXBS,công viên,The parkland,775.0,,
UKJXBS,công viên,Cây xanh,775.0,,
UKJXBS,công viên,Công Viên Trúc Lâm,874.0,,
UKJXBS,siêu thị,CoopMart Hiệp Thành,1100.0,,
UKJXBS,siêu thị,Bách Hóa Hạnh Dương,1900.0,,
UKJXBS,trung tâm thương mại,SuSu,865.0,,
UKJXBS,trung tâm thương mại,Cửa Hàng Sữa Dony,1800.0,,
UKJXBS,trung tâm thương mại,Tạp Hóa Út Huệ,1800.0,,
4JQR7F,chợ,Chợ Liên Ấp 123,784.0,,
4JQR7F,trường học,Trường Tiểu học Lại Hùng Cường,535.0,,
4JQR7F,trường học,Trường Tiểu Học Trần Quốc Toản,1200.0,,
4JQR7F,trường học,Trường Tiểu học Hoàng Văn Thụ,1300.0,,
4JQR7F,công viên,Công viên Hồ trái tim,1400.0,,
4JQR7F,trung tâm thương mại,Công Ty TNHH Trang Thiết Bị Bảo Hộ Thiên Phúc,754.0,,
4JQR7F,trung tâm thương mại,Dịch Vụ Mua Hàng Tại Mỹ,1100.0,,
KE0Y1C,chợ,Chợ Minh Phụng,417.0,,
KE0Y1C,chợ,Chợ Hoa Hậu Giang,518.0,,
KE0Y1C,chợ,Chợ Bình Thới,668.0,,
KE0Y1C,trường học,Trường Trung học cơ sở Hoàng Lê Kha,161.0,,
KE0Y1C,trường học,Trường Trung học cơ sở Nguyễn Đức Cảnh,311.0,,
KE0Y1C,trường học,Trường Tiểu học Lê Văn Tám,325.0,,
KE0Y1C,bệnh viện,Bệnh viện Đa khoa Bình Phú,1000.0,,
KE0Y1C,bệnh viện,Bệnh viện Đa khoa Lãnh Binh Thăng,1100.0,,
KE0Y1C,công viên,Công viên Cây Mai,1200.0,,
KE0Y1C,công viên,Công viên Lê Lợi,1200.0,,
KE0Y1C,công viên,Công Viên Văn hóa Đầm Sen,1400.0,,
KE0Y1C,siêu thị,Co.opmart Hậu Giang,464.0,,
KE0Y1C,siêu thị,Co.opMart Phú Lâm,755.0,,
KE0Y1C,siêu thị,Co.op Food,1100.0,,
KE0Y1C,trung tâm thương mại,Satra Centre Mall,1400.0,,
KE0Y1C,trung tâm thương mại,The Garden Mall,1600.0,,
KE0Y1C,trung tâm thương mại,Nhi,1600.0,,
132Y06,chợ,Chợ Tân Mỹ,695.0,,
132Y06,chợ,Chợ Tân Quy,1100.0,,
132Y06,chợ,Chợ Tân Kiểng 2,1300.0,,
132Y06,trường học,Trường Trung học cơ sở Nguyễn Thị Thập,70.0,,
132Y06,trường học,Trường Tiểu học Vỗ Thị Sáu,433.0,,
132Y06,trường học,Trường Tiểu Học Đinh Bộ Lĩnh,444.0,,
132Y06,bệnh viện,Phòng khám Medisen Thư An,84.0,,
132Y06,bệnh viện,Bệnh viện Phương Nam,647.0,,
132Y06,bệnh viện,Bệnh viện Tim Tâm Đức,703.0,,
132Y06,công viên,Công viên Wonderland,699.0,,
132Y06,công viên,Crescent Mall Park,1100.0,,
132Y06,công viên,Công viên Hồ Bán Nguyệt,1300.0,,
132Y06,siêu thị,WinMart,892.0,,
132Y06,siêu thị,K-Market,913.0,,
132Y06,siêu thị,Coop Food,979.0,,
132Y06,trung tâm thương mại,Crescent Mall,1100.0,,
132Y06,trung tâm thương mại,LOTTE Mart Quận 7,1200.0,,
132Y06,trung tâm thương mại,Lotte Department Store,1200.0,,
CKPJBC,chợ,Chợ Cây Điệp,798.0,,
CKPJBC,chợ,Chợ Gò Vấp,817.0,,
CKPJBC,chợ,Chợ Cây Quéo,1100.0,,
CKPJBC,trường học,Trường Tiểu học Phan Văn Trị,451.0,,
CKPJBC,trường học,Trường Trung học cơ sở Nguyễn Văn Nghi,507.0,,
CKPJBC,trường học,Trường Tiểu học Hanh Thông,561.0,,
CKPJBC,bệnh viện,Bệnh viện Quân y 175,1300.0,,
CKPJBC,bệnh viện,Bệnh viện Ung bướu,1400.0,,
CKPJBC,bệnh viện,Bệnh viện Nhân dân Gia Định,1500.0,,
CKPJBC,công viên,Công viên Bến Hải,993.0,,
CKPJBC,công viên,Công viên trung tâm HCA,1300.0,,
CKPJBC,công viên,Công viên Khu nhà ở Quân đội,1600.0,,
CKPJBC,siêu thị,emart,685.0,,
CKPJBC,siêu thị,WinMart,701.0,,
CKPJBC,siêu thị,Siêu Thị Bình Hòa,725.0,,
CKPJBC,trung tâm thương mại,Trung Tâm Thương Mại Vincom Plaza Gò Vấp,1100.0,,
CKPJBC,trung tâm thương mại,GO! Go Vap,1600.0,,
G1A7A2,chợ,Chợ Cư xá Ngân hàng,413.0,,
G1A7A2,chợ,Chợ Tân Kiểng 1,952.0,,
G1A7A2,chợ,Chợ Long Kiểng,1000.0,,
G1A7A2,trường học,Trường Trung học cơ sở Nguyễn Hữu Thọ,331.0,,
G1A7A2,trường học,Trường Tiểu học Đặng Thùy Trâm,415.0,,
G1A7A2,trường học,Trường Trung học cơ sở Tăng Bạt Hổ,473.0,,
G1A7A2,bệnh viện,Bệnh viện Phước An,1600.0,,
G1A7A2,bệnh viện,Phòng khám Medisen Thư An,1600.0,,
G1A7A2,bệnh viện,BỆNH VIỆN MẮT,1600.0,,
G1A7A2,công viên,Công viên Tôn Thất Thuyết,651.0,,
G1A7A2,công viên,Eco Green Central Park,1200.0,,
G1A7A2,công viên,Công viên Phường 5,1800.0,,
G1A7A2,siêu thị,Night market,650.0,,
G1A7A2,siêu thị,Coop Food,673.0,,
G1A7A2,siêu thị,Chợ 200,843.0,,
G1A7A2,trung tâm thương mại,Thu,1700.0,,
G1A7A2,trung tâm thương mại,Lotte Department Store,1700.0,,
G1A7A2,trung tâm thương mại,LOTTE Mart Quận 7,1800.0,,
CF0QZB,chợ,Chợ Sơn Kỳ,709.0,,
CF0QZB,chợ,Chợ Võ Thành Trang,1100.0,,
CF0QZB,chợ,Chợ Tân Phú,1700.0,,
CF0QZB,trường học,Trường Trung học cơ sở & Trung học phổ thông Nhân Văn,136.0,,
CF0QZB,trường học,Trường Trung học phổ thông Vĩnh Viễn,169.0,,
CF0QZB,trường học,Trường Đại Học CNTT Gia Định,199.0,,
CF0QZB,bệnh viện,Bệnh Viện Đa Khoa Mỹ Đức,1500.0,,
CF0QZB,bệnh viện,Yoga trị liệu l Ci Yoga Therapy CN Celadon,1500.0,,
CF0QZB,công viên,Công viên Bàu Cát 3,1800.0,,
CF0QZB,siêu thị,Big C,629.0,,
CF0QZB,siêu thị,Pandora Trường Chinh,640.0,,
CF0QZB,siêu thị,Cửa Hàng 137FoodMart,670.0,,
CF0QZB,trung tâm thương mại,Nhà đậu xe Aeon Mall Tân Phú Celadon;Commercial_AEONMallTanPhu Storie 4,1300.0,,
36VZQ3,chợ,Chợ Cầu Dừa,594.0,,
36VZQ3,chợ,Chợ Nancy,626.0,,
36VZQ3,chợ,Chợ Cô Giang,639.0,,
36VZQ3,trường học,Trường Tiểu học Trần Hưng Đạo,182.0,,
36VZQ3,trường học,Trường Tiểu học Chương Dương,232.0,,
36VZQ3,trường học,Trường Quốc Tế American,556.0,,
36VZQ3,bệnh viện,Bệnh Viện Thẩm Mỹ Siam Thailand,442.0,,
36VZQ3,bệnh viện,Bệnh viện Răng Hàm Mặt Thành phố Hồ Chí Minh,446.0,,
36VZQ3,bệnh viện,Bệnh viện Quận 1 (cơ sở 2),687.0,,
36VZQ3,công viên,Công viên Khánh Hội,879.0,,
36VZQ3,công viên,Công viên Phong Châu,1000.0,,
36VZQ3,công viên,Công viên Cầu Rạch Ông,1000.0,,
36VZQ3,siêu thị,Siêu Thị Tiện Lợi US,204.0,,
36VZQ3,siêu thị,Mini Stop,231.0,,
36VZQ3,siêu thị,Circle K,355.0,,
36VZQ3,trung tâm thương mại,Tạp Hóa Trương Thịnh,218.0,,
36VZQ3,trung tâm thương mại,Tạp Hóa Quỳnh Loan,255.0,,
36VZQ3,trung tâm thương mại,Trung Tâm Mua Sắm Russian,629.0,,
Q5YEMU,chợ,Chợ Hoa Hậu Giang,229.0,,
Q5YEMU,chợ,Chợ Minh Phụng,341.0,,
Q5YEMU,chợ,Chợ Bình Tiên,539.0,,
Q5YEMU,trường học,Trường Trung học cơ sở&Trung học phổ thông Phan Bội Châu Thành phố Hồ Chí Minh,222.0,,
Q5YEMU,trường học,Trường Tiểu học Bình Tiên,231.0,,
Q5YEMU,trường học,Trường Trung Cấp Tây Nam Á,234.0,,
Q5YEMU,bệnh viện,Bệnh viện Đa khoa Bình Phú,677.0,,
Q5YEMU,bệnh viện,Bệnh viện Đa khoa Lãnh Binh Thăng,1600.0,,
Q5YEMU,công viên,Công viên Lê Lợi,991.0,,
Q5YEMU,công viên,Công viên Bình Phú,1100.0,,
Q5YEMU,công viên,Công viên Lò Gốm,1200.0,,
Q5YEMU,siêu thị,Co.opmart Hậu Giang,340.0,,
Q5YEMU,siêu thị,Co.opMart Phú Lâm,966.0,,
Q5YEMU,siêu thị,Co.op Food,1000.0,,
Q5YEMU,trung tâm thương mại,Satra Centre Mall,1000.0,,
Q5YEMU,trung tâm thương mại,Nhi,1300.0,,
Q5YEMU,trung tâm thương mại,Phú lâm,1400.0,,
AH8T7Y,chợ,Chợ Long Kiểng,346.0,,
AH8T7Y,chợ,Chợ Tân Kiểng 1,424.0,,
AH8T7Y,chợ,Chợ Tân Quy,1000.0,,
AH8T7Y,trường học,Trường PT Dân Lập Văn Hiến,152.0,,
AH8T7Y,trường học,Trường Tiểu Học 1 Tháng 6,156.0,,
AH8T7Y,trường học,Trường Tiểu học Tăng Bạt Hổ B,191.0,,
AH8T7Y,bệnh viện,Bệnh viện Phước An,898.0,,
AH8T7Y,bệnh viện,Trung Tâm Y Tế Dự Phòng - Phòng Khám Tiêm Phòng,1100.0,,
AH8T7Y,bệnh viện,Bệnh viện Đa khoa Tân Hưng,1300.0,,
AH8T7Y,công viên,Công viên Phường 5,1000.0,,
AH8T7Y,công viên,Công viên Tôn Thất Thuyết,1200.0,,
AH8T7Y,công viên,Công viên Phường 12,1200.0,,
AH8T7Y,siêu thị,Night market,123.0,,
AH8T7Y,siêu thị,Chợ 200,188.0,,
AH8T7Y,siêu thị,Satra Foods,299.0,,
AH8T7Y,trung tâm thương mại,Thu,1000.0,,
AH8T7Y,trung tâm thương mại,Lotte Department Store,1600.0,,
AH8T7Y,trung tâm thương mại,LOTTE Mart Quận 7,1600.0,,
EP1TM4,chợ,Chợ Tân Hương,388.0,,
EP1TM4,chợ,Chợ Tân Phú 2,829.0,,
EP1TM4,chợ,Chợ Tân Phú,1100.0,,
EP1TM4,trường học,Trường Giáo dục thường xuyên quận Tân Phú,420.0,,
EP1TM4,trường học,Trường Trung học cơ sở Nguyễn Huệ,453.0,,
EP1TM4,trường học,Trường Tiểu học Lê Văn Tám,467.0,,
EP1TM4,bệnh viện,Bệnh Viện Đa Khoa Mỹ Đức,1900.0,,
EP1TM4,bệnh viện,Bệnh viện Đa khoa Tân Phú,1900.0,,
EP1TM4,bệnh viện,Yoga trị liệu l Ci Yoga Therapy CN Celadon,2000.0,,
EP1TM4,công viên,Địa đạo Phú Thọ Hòa,1000.0,,
EP1TM4,công viên,Công viên Tân Phú,1500.0,,
EP1TM4,công viên,Công viên Bàu Cát 3,1600.0,,
EP1TM4,siêu thị,Cửa Hàng Cung Cấp Đồ Hóa Trang Hoa Chí Tín,485.0,,
EP1TM4,siêu thị,Cửa Hàng 137FoodMart,818.0,,
EP1TM4,siêu thị,Phụ Kiện Bida Minh Điền,874.0,,
EP1TM4,trung tâm thương mại,Cửa Hàng Gạo Hạt Ngọc Trời,1100.0,,
EP1TM4,trung tâm thương mại,Nhà đậu xe Aeon Mall Tân Phú Celadon;Commercial_AEONMallTanPhu Storie 4,1500.0,,
EP1TM4,trung tâm thương mại,Cửa Hàng Thực Phẩm Tiện Lợi Satra Food,1700.0,,
UCFD1S,chợ,Chợ Phước Bình,604.0,,
UCFD1S,chợ,Chợ Phước Long B,982.0,,
UCFD1S,chợ,Chợ Tăng Nhơn Phú B,1500.0,,
UCFD1S,trường học,Trường Tiểu học Nguyễn Văn Bá,180.0,,
UCFD1S,trường học,Trường Trung học phổ thông Phước Long,656.0,,
UCFD1S,trường học,Phân Viện Phật Học Miền Nam,699.0,,
UCFD1S,bệnh viện,Trạm y tế Phước Bình,724.0,,
UCFD1S,siêu thị,Cửa Hàng Thú Cưng Haru,1100.0,,
UCFD1S,trung tâm thương mại,tiến đạt,773.0,,
UCFD1S,trung tâm thương mại,Tạp Hóa An nhiên,910.0,,
UCFD1S,trung tâm thương mại,sỹ diễm,1700.0,,
PV73UG,chợ,Ho Thi Ky Food Street,342.0,,
PV73UG,chợ,An Dong Market,453.0,,
PV73UG,chợ,Chợ Hoa Hồ Thị Kỷ,483.0,,
PV73UG,trường học,Trường Trung học cơ sở Phan Sào Nam,116.0,,
PV73UG,trường học,Trung Tâm Giáo dục thường xuyên Quận 10,320.0,,
PV73UG,trường học,Trường Tiểu học Hồ Thị Kỷ,353.0,,
PV73UG,bệnh viện,Bệnh viện Nhi đồng 1,536.0,,
PV73UG,bệnh viện,Bệnh viện Đa Khoa Vạn Hạnh,570.0,,
PV73UG,bệnh viện,Bệnh Viện Hòa Hảo,886.0,,
PV73UG,công viên,Công viên Vườn Lài,498.0,,
PV73UG,công viên,Khu du lịch Kỳ Hòa,527.0,,
PV73UG,công viên,Công viên số 1 Lý Thái Tổ,581.0,,
PV73UG,siêu thị,Busy Morning Market,517.0,,
PV73UG,siêu thị,Co.op Xtra,597.0,,
PV73UG,siêu thị,Siêu Thị Co.opmart,626.0,,
PV73UG,trung tâm thương mại,Cừa hàng Saigon Hobby,446.0,,
PV73UG,trung tâm thương mại,Vạn Hạnh Mall,586.0,,
PV73UG,trung tâm thương mại,Saigon Mall Cao Thắng,893.0,,
5YMYJ7,chợ,Chợ Bà Hoa,747.0,,
5YMYJ7,chợ,Chợ Hoàng Hoa Thám,751.0,,
5YMYJ7,chợ,Chợ Tân Bình,1100.0,,
5YMYJ7,trường học,"Trường Tiểu hoc, Trung học cơ sở & Trung học phổ thông Thanh Bình",198.0,,
5YMYJ7,trường học,Trường Tiểu học Cách Mạng Tháng Tám CS1,310.0,,
5YMYJ7,trường học,Trường Trung học phổ thông Nguyễn Thượng Hiền,334.0,,
5YMYJ7,bệnh viện,Bệnh viện Đa khoa Tân Bình,300.0,,
5YMYJ7,bệnh viện,Bệnh viện Thống Nhất,527.0,,
5YMYJ7,bệnh viện,Bệnh viện 1A,750.0,,
5YMYJ7,công viên,Công viên Nhà thi đấu Tân Bình,155.0,,
5YMYJ7,công viên,Công viên Bàu Cát 3,1300.0,,
5YMYJ7,công viên,Công viên Hoàng Văn Thụ,1500.0,,
5YMYJ7,siêu thị,Bách Hóa Xanh,1000.0,,
5YMYJ7,siêu thị,WinMart,1100.0,,
5YMYJ7,siêu thị,Siêu thị GO! Âu Cơ,1600.0,,
5YMYJ7,trung tâm thương mại,Pico Plaza,565.0,,
5YMYJ7,trung tâm thương mại,LOTTE Mart Cộng Hòa,577.0,,
5YMYJ7,trung tâm thương mại,Bách hóa tổng hợp,1500.0,,
17U9T6,chợ,Chợ Chim Xanh,288.0,,
17U9T6,chợ,Chợ Hoa Tươi Đầm Sen,464.0,,
17U9T6,chợ,Chợ Phú Trung,797.0,,
17U9T6,trường học,Trung tâm Giáo dục Thường xuyên Quận 11,260.0,,
17U9T6,trường học,Trường Trung học cơ sở Lê Quý Đôn,421.0,,
17U9T6,trường học,Trường Trung học phổ thông Trần Quang Khải,423.0,,
17U9T6,bệnh viện,Bệnh viện Đa khoa Lãnh Binh Thăng,745.0,,
17U9T6,bệnh viện,Trung Tâm Hiến Múa Nhân Đạo,1400.0,,
17U9T6,bệnh viện,Bệnh viện Trưng Vương,1500.0,,
17U9T6,công viên,Công viên Phú Hòa,253.0,,
17U9T6,công viên,Công viên Lãnh Binh Thăng,610.0,,
17U9T6,công viên,Công viên Dương Đình Nghệ,664.0,,
17U9T6,siêu thị,Siêu Thị Co.opMart - Phú Thọ,847.0,,
17U9T6,siêu thị,Siêu Thị Auchan Lũy Bán Bích,1700.0,,
17U9T6,siêu thị,USAMua - Mua Hàng Mỹ,1700.0,,
17U9T6,trung tâm thương mại,Lotte Department Store,1300.0,,
17U9T6,trung tâm thương mại,Lotteria,1300.0,,
17U9T6,trung tâm thương mại,The Garden Mall,1800.0,,
J21XX0,chợ,Chợ Hạnh Thông Tây,1400.0,,
J21XX0,chợ,Chợ An Nhơn,1500.0,,
J21XX0,trường học,Trường Trung học cơ sở - Trung học phổ thông Bán Trú Nội Trú Hồng Hà - Cơ Sở 4,376.0,,
J21XX0,trường học,Trường Trung học cơ sở&Trung học phổ thông Hồng Hà,389.0,,
J21XX0,trường học,Trường Tiểu học Kim Đồng,782.0,,
J21XX0,bệnh viện,Bệnh viện Đa khoa Gò Vấp,1000.0,,
J21XX0,bệnh viện,Bệnh viện Quân y 175,1700.0,,
J21XX0,công viên,Công viên Hòa Bình,677.0,,
J21XX0,công viên,Công viên Khu nhà ở Quân đội,1700.0,,
J21XX0,công viên,Mercedes Sidewalk park,1800.0,,
J21XX0,siêu thị,WinMart,555.0,,
J21XX0,siêu thị,Co.opmart Phan Văn Trị,1300.0,,
J21XX0,trung tâm thương mại,Vincom Plaza Quang Trung,300.0,,
J21XX0,trung tâm thương mại,Saigon Mall Gò Vấp,762.0,,
J21XX0,trung tâm thương mại,Trung Tâm Mua Sắm Nguyễn Kim Gò Vấp,868.0,,
5EYGT7,chợ,Chợ Xóm Chiếu,169.0,,
5EYGT7,chợ,Chợ Hãng Phân,518.0,,
5EYGT7,chợ,Chợ Cháy,816.0,,
5EYGT7,trường học,Trường Tiểu học Xóm Chiếu,344.0,,
5EYGT7,trường học,Trường Tiểu học Nguyễn Văn Trỗi,364.0,,
5EYGT7,trường học,Trường Trung học cơ sở Vân Đồn,373.0,,
5EYGT7,bệnh viện,Trung Tâm Y Tế Dự Phòng - Phòng Khám Tiêm Phòng,297.0,,
5EYGT7,bệnh viện,Bệnh viện Đa khoa Khánh Hội,438.0,,
5EYGT7,bệnh viện,Bệnh viện Phước An,1200.0,,
5EYGT7,công viên,Công viên Phường 12,205.0,,
5EYGT7,công viên,Công viên Phường 5,793.0,,
5EYGT7,công viên,Công viên Bến Bạch Đằng,1000.0,,
5EYGT7,siêu thị,Satra Foods,348.0,,
5EYGT7,siêu thị,Focomart,390.0,,
5EYGT7,siêu thị,Phụ kiện trang trí sinh nhật Ellie Party,450.0,,
5EYGT7,trung tâm thương mại,Thu,157.0,,
5EYGT7,trung tâm thương mại,Chợ Dân Sinh,873.0,,
5EYGT7,trung tâm thương mại,Trung Tâm Mua Sắm Russian,1100.0,,
20RAZN,chợ,Chợ Bốn Xã mới,462.0,,
20RAZN,chợ,Chợ Hiệp Tân,844.0,,
20RAZN,chợ,Chợ Tân Hòa Đông,1200.0,,
20RAZN,trường học,Trường Tiểu học Hiệp Tân,248.0,,
20RAZN,trường học,Trường Trung học phổ thông Quốc Văn Sài Gòn,447.0,,
20RAZN,trường học,Trường Trung học phổ thông Trần Cao Vân,523.0,,
20RAZN,công viên,Công Viên 158 Phan Anh,731.0,,
20RAZN,công viên,Lương Thế Vinh,1000.0,,
20RAZN,công viên,Công viên Bãi Cát,1500.0,,
20RAZN,siêu thị,Bách Hóa Xanh,298.0,,
20RAZN,siêu thị,Siêu thị Đại Gia Hỷ,719.0,,
20RAZN,siêu thị,Cửa hàng nội thất Auli Star,803.0,,
20RAZN,trung tâm thương mại,Cửa Hàng Thực Phẩm Tiện Lợi Satra Food,1400.0,,
20RAZN,trung tâm thương mại,Cửa Hàng Gạo Hạt Ngọc Trời,1500.0,,
3SNE4Q,chợ,Chợ Chim Xanh,210.0,,
3SNE4Q,chợ,Chợ Hoa Tươi Đầm Sen,634.0,,
3SNE4Q,chợ,Chợ Bình Thới,813.0,,
3SNE4Q,trường học,Trường Tiểu học Phùng Hưng,446.0,,
3SNE4Q,trường học,Trung tâm Giáo dục Thường xuyên Quận 11,460.0,,
3SNE4Q,trường học,Trường Trung học phổ thông Trần Quốc Tuấn,460.0,,
3SNE4Q,bệnh viện,Bệnh viện Đa khoa Lãnh Binh Thăng,545.0,,
3SNE4Q,bệnh viện,Bệnh viện Trưng Vương,1500.0,,
3SNE4Q,bệnh viện,Trung Tâm Hiến Múa Nhân Đạo,1500.0,,
3SNE4Q,công viên,Công viên Lãnh Binh Thăng,444.0,,
3SNE4Q,công viên,Công viên Phú Hòa,451.0,,
3SNE4Q,công viên,Công viên Dương Đình Nghệ,489.0,,
3SNE4Q,siêu thị,Siêu Thị Co.opMart - Phú Thọ,917.0,,
3SNE4Q,siêu thị,Co.opmart Hậu Giang,1700.0,,
3SNE4Q,siêu thị,Coopmart Lý Thường Kiệt,1700.0,,
3SNE4Q,trung tâm thương mại,Lotte Department Store,1200.0,,
3SNE4Q,trung tâm thương mại,Lotteria,1200.0,,
3SNE4Q,trung tâm thương mại,The Garden Mall,1600.0,,
U7K2CS,chợ,Chợ Phú Định,462.0,,
U7K2CS,chợ,Chợ Phú Lâm,890.0,,
U7K2CS,chợ,Chợ Hồ Trọng Quý,937.0,,
U7K2CS,trường học,Trường Tiểu học Lam Sơn,116.0,,
U7K2CS,trường học,Trường Trung học cơ sở Lam Sơn,247.0,,
U7K2CS,trường học,Trường Tiểu học Phù Đổng,477.0,,
U7K2CS,bệnh viện,Bệnh viện Đa khoa Bình Phú,640.0,,
U7K2CS,bệnh viện,Bệnh viện Triều An,1600.0,,
U7K2CS,bệnh viện,Bệnh Viện Quốc Tế Minh Anh,1600.0,,
U7K2CS,công viên,Công viên Phú Lâm,459.0,,
U7K2CS,công viên,Công viên Bình Phú,729.0,,
U7K2CS,công viên,Công viên Lò Gốm,1000.0,,
U7K2CS,siêu thị,Co.op Food,326.0,,
U7K2CS,siêu thị,Siêu thị MM Mega Market Bình Phú,668.0,,
U7K2CS,siêu thị,Satra Foods,815.0,,
U7K2CS,trung tâm thương mại,Nhi,399.0,,
U7K2CS,trung tâm thương mại,Phú lâm,978.0,,
U7K2CS,trung tâm thương mại,Thiên,1000.0,,
SD4MC5,chợ,Chợ Hiệp Thành,1500.0,,
SD4MC5,trường học,Trường Tiểu học Trần Quốc Toản,793.0,,
SD4MC5,trường học,Trường Trung học cơ sở Nguyễn Trung Trực,798.0,,
SD4MC5,trường học,Trường Tiểu học Nguyễn Trãi,968.0,,
SD4MC5,bệnh viện,188 Beauty Spa quận 12 | Viện thẩm mỹ hàng đầu tpHCM,1400.0,,
SD4MC5,công viên,Công viên Chung cư Phú An,1900.0,,
SD4MC5,siêu thị,CoopMart Hiệp Thành,1400.0,,
SD4MC5,trung tâm thương mại,Cửa Hàng Sữa Dony,647.0,,
SD4MC5,trung tâm thương mại,thảo nguyên 1A,753.0,,
SD4MC5,trung tâm thương mại,Tạp Hóa Út Huệ,784.0,,
SAVVN5,chợ,Chợ Bà Chiểu,1200.0,,
SAVVN5,chợ,Chợ Cây Điệp,1400.0,,
SAVVN5,chợ,Chợ Văn Thánh,1600.0,,
SAVVN5,trường học,Trường Trung học cơ sở Lê Văn Tám,166.0,,
SAVVN5,trường học,Trường Tiểu Học Chu Văn An,483.0,,
SAVVN5,trường học,Trường Trung học phổ thông Thanh Đa,819.0,,
SAVVN5,bệnh viện,Bệnh viện Ung bướu,1500.0,,
SAVVN5,bệnh viện,Bệnh Viện Quốc Tế Columbia Asia,1500.0,,
SAVVN5,bệnh viện,Bệnh viện Nhân dân Gia Định,1600.0,,
SAVVN5,công viên,Công viên trung tâm HCA,702.0,,
SAVVN5,công viên,Công viên Tầm Vu,1300.0,,
SAVVN5,công viên,Công viên bờ sông Thanh Đa,1400.0,,
SAVVN5,siêu thị,Co.op Mart - Chu Văn An,525.0,,
SAVVN5,siêu thị,Co.op Mart,616.0,,
SAVVN5,siêu thị,Focomart,874.0,,
7D15QA,chợ,Chợ Thạnh Xuân,704.0,,
7D15QA,chợ,Chợ Cầu Đồng,1700.0,,
7D15QA,trường học,Trường Tiểu học Hà Huy Giáp,719.0,,
7D15QA,trường học,Trường Trung Học Cơ Sở Lương Thế Vinh,781.0,,
7D15QA,trường học,Trường Trung học cơ sở Trần Hưng Đạo,806.0,,
GNU092,chợ,Chợ Hiệp Thành,1500.0,,
GNU092,trường học,Trường Trung học cơ sở Nguyễn Trung Trực,857.0,,
GNU092,trường học,Trường Tiểu học Trần Quốc Toản,868.0,,
GNU092,trường học,Trường Tiểu học Nguyễn Trãi,1000.0,,
GNU092,bệnh viện,188 Beauty Spa quận 12 | Viện thẩm mỹ hàng đầu tpHCM,1400.0,,
GNU092,siêu thị,CoopMart Hiệp Thành,1400.0,,
GNU092,trung tâm thương mại,Cửa Hàng Sữa Dony,609.0,,
GNU092,trung tâm thương mại,Tạp Hóa Út Huệ,738.0,,
GNU092,trung tâm thương mại,thảo nguyên 1A,825.0,,
7D8RJA,chợ,Chợ Phú Xuân,519.0,,
7D8RJA,trường học,Trường Tiểu học Phú Mỹ,323.0,,
7D8RJA,trường học,Trường Trung học phổ thông Ngô Quyền,617.0,,
7D8RJA,trường học,Trường Trung học cơ sở Hoàng Quốc Việt,951.0,,
7D8RJA,công viên,Trung Tâm Văn Hóa Quận 7,473.0,,
7D8RJA,công viên,Công viên KDC Belleza,926.0,,
7D8RJA,công viên,Công viên nội khu,1200.0,,
7D8RJA,siêu thị,Co.opmart Huỳnh Tấn Phát,547.0,,
9TMJVP,chợ,Chợ thuốc Quận 10,417.0,,
9TMJVP,chợ,Chợ Nam Hòa,617.0,,
9TMJVP,chợ,Chợ Chí Hòa,963.0,,
9TMJVP,trường học,Trường Trung học phổ thông Nguyễn Du,141.0,,
9TMJVP,trường học,Trường Tiểu học Thiên Hộ Dương,213.0,,
9TMJVP,trường học,Trường Trung học cơ sở Nguyễn Văn Tố,387.0,,
9TMJVP,bệnh viện,Bệnh viện Quận 10,425.0,,
9TMJVP,bệnh viện,Bệnh viện Nhân dân 115,543.0,,
9TMJVP,bệnh viện,Viện Tim Thành phố Hồ Chí Minh,698.0,,
9TMJVP,công viên,Công viên Chung cư Lê Thị Riêng,548.0,,
9TMJVP,công viên,Công viên Vườn Lài,1100.0,,
9TMJVP,công viên,Khu du lịch Kỳ Hòa,1100.0,,
9TMJVP,siêu thị,Go! Miền Đông,200.0,,
9TMJVP,siêu thị,MiniMart,405.0,,
9TMJVP,siêu thị,VinMart+,1000.0,,
9TMJVP,trung tâm thương mại,Vạn Hạnh Mall,1100.0,,
9TMJVP,trung tâm thương mại,Lotte Department Store,1900.0,,
9TMJVP,trung tâm thương mại,Lotteria,1900.0,,
8YNMN3,chợ,Chợ Tân Hưng (Chợ Ông Địa),700.0,,
8YNMN3,chợ,Chợ Nam Hòa,919.0,,
8YNMN3,chợ,Khu chợ nhỏ,1000.0,,
8YNMN3,trường học,Trường Trung học cơ sở - Trung học phổ thông Dân Lập Đào Duy Anh Cơ Sở 2,205.0,,
8YNMN3,trường học,Trường Tiểu học Võ Trường Toản,228.0,,
8YNMN3,trường học,Trường Trung học cơ sở Nguyễn Văn Tố,367.0,,
8YNMN3,bệnh viện,Trung Tâm Hiến Múa Nhân Đạo,178.0,,
8YNMN3,bệnh viện,Bệnh viện Trưng Vương,548.0,,
8YNMN3,bệnh viện,Bệnh viện Quận 10,984.0,,
8YNMN3,công viên,Công viên Tân Phước,525.0,,
8YNMN3,công viên,Công viên Hoa hồng,960.0,,
8YNMN3,công viên,Công viên nội bộ chung cư Hòa Bình,977.0,,
8YNMN3,siêu thị,Siêu Thị Co.opMart - Phú Thọ,693.0,,
8YNMN3,siêu thị,MiniMart,728.0,,
8YNMN3,siêu thị,VinMart+,914.0,,
8YNMN3,trung tâm thương mại,Lotte Department Store,1300.0,,
8YNMN3,trung tâm thương mại,Lotteria,1400.0,,
8YNMN3,trung tâm thương mại,Vạn Hạnh Mall,1400.0,,
JX9XD0,chợ,Chợ Phú Lạc,786.0,,
JX9XD0,trường học,Trường Tiểu học Phong Phú 2,332.0,,
JX9XD0,trường học,Trường Trung học phổ thông Phong Phú,359.0,,
JX9XD0,trường học,Trường Trung học cơ sở Phong Phú,450.0,,
JX9XD0,công viên,Công viên Lovera Park (Khu 2),406.0,,
QH4WRU,chợ,Chợ Phú Thuận,756.0,,
QH4WRU,chợ,Chợ Tân Mỹ,1500.0,,
QH4WRU,trường học,Trường Tiểu học Phú Thuận,315.0,,
QH4WRU,trường học,Trường Tiểu học Lê Anh Xuân,517.0,,
QH4WRU,trường học,Trường Quốc tế Việt Úc - Cơ sở Riverside,708.0,,
QH4WRU,bệnh viện,Nhà Thuốc Thái Thanh,930.0,,
QH4WRU,bệnh viện,Bệnh viện Đa khoa Nguyễn Thị Thập,1000.0,,
QH4WRU,bệnh viện,BỆNH VIỆN MẮT,1300.0,,
QH4WRU,công viên,Công viên Nam Viên,1500.0,,
QH4WRU,công viên,Công viên nội khu,1500.0,,
QH4WRU,công viên,Công viên Nam Thông 3,1600.0,,
QH4WRU,siêu thị,Siêu thị Finelife Riviera Point,419.0,,
QH4WRU,siêu thị,GO! Nguyễn Thị Thập,848.0,,
QH4WRU,siêu thị,Big C,853.0,,
QH4WRU,trung tâm thương mại,Tiệm Đồ Hồi Giáo,1000.0,,
QH4WRU,trung tâm thương mại,Vincom Plus Nam Long Quận 7,1100.0,,
QH4WRU,trung tâm thương mại,Parkson,1200.0,,
5YV0X7,chợ,Chợ Hồ Trọng Quý,433.0,,
5YV0X7,chợ,Chợ Vạn Nguyên,927.0,,
5YV0X7,chợ,Chợ An Dương Vương,1200.0,,
5YV0X7,trường học,Trường Tiểu học Phú Định,135.0,,
5YV0X7,trường học,Trường Trung học cơ sở Phú Định,234.0,,
5YV0X7,trường học,Trường Tiểu học Phạm Văn Chí - Cơ sở 2,386.0,,
5YV0X7,bệnh viện,Nhà Thuốc Tây Quàng Hòa,1200.0,,
5YV0X7,bệnh viện,Bệnh viện Đa khoa Bình Phú,1200.0,,
5YV0X7,bệnh viện,Bệnh viện Triều An,1600.0,,
5YV0X7,công viên,Công viên Lò Gốm,515.0,,
5YV0X7,công viên,Công viên Bình Phú,714.0,,
5YV0X7,công viên,Công viên Chung cư Lý Chiêu Hoàng,1400.0,,
5YV0X7,siêu thị,Siêu thị MM Mega Market Bình Phú,681.0,,
5YV0X7,siêu thị,Co.op Food,1600.0,,
5YV0X7,siêu thị,Siêu Thị 7Map,1600.0,,
5YV0X7,trung tâm thương mại,Thiên,330.0,,
5YV0X7,trung tâm thương mại,Phú lâm,381.0,,
5YV0X7,trung tâm thương mại,Nhi,955.0,,
6YUVZ8,chợ,Chợ Hạnh Thông Tây,726.0,,
6YUVZ8,chợ,Chợ An Hội,947.0,,
6YUVZ8,chợ,Chợ Xóm Mới,1800.0,,
6YUVZ8,trường học,Trường Trung học phổ thông Nguyễn Công Trứ,98.0,,
6YUVZ8,trường học,Trường Tiểu học Lương Thế Vinh,457.0,,
6YUVZ8,trường học,"Trường Tiểu Học, Trung học cơ sở&Trung học phổ thông Hermann Gmeiner",701.0,,
6YUVZ8,bệnh viện,Bệnh viện Đa khoa Gò Vấp,1100.0,,
6YUVZ8,công viên,Mercedes Sidewalk park,341.0,,
6YUVZ8,công viên,Isuzu sidewalk park,520.0,,
6YUVZ8,công viên,Công viên Làng Hoa Gò Vấp,591.0,,
6YUVZ8,siêu thị,Co-opmart Liên Hiệp Thành phố Hồ Chí Minh,1100.0,,
6YUVZ8,siêu thị,Co.opmart SCA Phạm Văn Chiêu,1400.0,,
6YUVZ8,siêu thị,WinMart,1700.0,,
6YUVZ8,trung tâm thương mại,Thế Giới Sữa,2000.0,,
6YUVZ8,trung tâm thương mại,669,2000.0,,
JZB9A0,chợ,Chợ Gò Vấp,447.0,,
JZB9A0,chợ,Chợ An Nhơn,1800.0,,
JZB9A0,trường học,Trường Trung học cơ sở Gò Vấp 2,201.0,,
JZB9A0,trường học,Trường Trung Học Phổ Thông Phan Văn Trị,267.0,,
JZB9A0,trường học,Trường Trung học cơ sở Phan Văn Trị,275.0,,
JZB9A0,bệnh viện,Bệnh viện Quân y 175,1100.0,,
JZB9A0,công viên,Công viên Khu nhà ở Quân đội,329.0,,
JZB9A0,công viên,Công viên Bến Hải,955.0,,
JZB9A0,công viên,Công viên Đặng Thùy Trâm,1700.0,,
JZB9A0,siêu thị,Lẩu cá kèo,414.0,,
JZB9A0,siêu thị,Co.opmart Phan Văn Trị,479.0,,
JZB9A0,siêu thị,Winmart,801.0,,
JZB9A0,trung tâm thương mại,Trung Tâm Thương Mại Vincom Plaza Gò Vấp,388.0,,
JZB9A0,trung tâm thương mại,GO! Go Vap,623.0,,
JZB9A0,trung tâm thương mại,Trung Tâm Mua Sắm Nguyễn Kim Gò Vấp,903.0,,
QAJBAU,chợ,Chợ Vườn Lài,810.0,,
QAJBAU,trường học,Trường Mầm Non Bông Hồng,1200.0,,
QAJBAU,trường học,Trường Trung học cơ sở An Phú Đông,1300.0,,
QAJBAU,trường học,Trường Tiểu Học Phạm Văn Chiêu,1300.0,,
QAJBAU,siêu thị,Xường công nghệ cao,338.0,,
QAJBAU,siêu thị,Phim cách nhiệt nhà kính NanoX,1800.0,,
QAJBAU,trung tâm thương mại,Tạp hóa Hiền Trâm,469.0,,
37UKDQ,chợ,Ho Thi Ky Food Street,314.0,,
37UKDQ,chợ,An Dong Market,413.0,,
37UKDQ,chợ,Chợ Hoa Hồ Thị Kỷ,476.0,,
37UKDQ,trường học,Trường Trung học cơ sở Phan Sào Nam,119.0,,
37UKDQ,trường học,Trung Tâm Giáo dục thường xuyên Quận 10,265.0,,
37UKDQ,trường học,Trường Tiểu học Hồ Thị Kỷ,334.0,,
37UKDQ,bệnh viện,Bệnh viện Nhi đồng 1,461.0,,
37UKDQ,bệnh viện,Bệnh viện Đa Khoa Vạn Hạnh,546.0,,
37UKDQ,bệnh viện,Bệnh Viện Hòa Hảo,791.0,,
37UKDQ,công viên,Công viên Vườn Lài,490.0,,
37UKDQ,công viên,Khu du lịch Kỳ Hòa,566.0,,
37UKDQ,công viên,Công viên số 1 Lý Thái Tổ,595.0,,
37UKDQ,siêu thị,Co.op Xtra,555.0,,
37UKDQ,siêu thị,Busy Morning Market,604.0,,
37UKDQ,siêu thị,Siêu Thị Co.opmart,698.0,,
37UKDQ,trung tâm thương mại,Cừa hàng Saigon Hobby,460.0,,
37UKDQ,trung tâm thương mại,Vạn Hạnh Mall,544.0,,
37UKDQ,trung tâm thương mại,Saigon Mall Cao Thắng,963.0,,
5DHCH7,chợ,Chợ Ngã Ba Bầu,805.0,,
5DHCH7,chợ,Chợ Trung Chánh,1500.0,,
5DHCH7,chợ,Chợ Đầu mối Nông Sản Thực Phẩm Hóc Môn,1700.0,,
5DHCH7,trường học,Trường Trung học phổ thông Nguyễn hữu cầu (mới),879.0,,
5DHCH7,trường học,Trường Trung học cơ sở Hà Huy Tập,973.0,,
5DHCH7,trường học,Trường Tiểu học Ấp Đình,1100.0,,
5DHCH7,bệnh viện,Bệnh viện Đa khoa khu vực Hóc Môn,2000.0,,
5DHCH7,siêu thị,Bách Hóa Hạnh Dương,1800.0,,
5DHCH7,siêu thị,CoopMart Hóc Môn,1800.0,,
5DHCH7,siêu thị,Siêu thị Co.opmart Nguyễn Ảnh Thủ,1800.0,,
JPNV60,chợ,Chợ Phạm Văn Hai,263.0,,
JPNV60,chợ,Chợ Trần Hữu Trang,729.0,,
JPNV60,chợ,Chợ Nghĩa Hòa,883.0,,
JPNV60,trường học,Trường Tiểu học Bình Giã,376.0,,
JPNV60,trường học,Trường Tiểu học Phạm Ngọc Thạch,382.0,,
JPNV60,trường học,Trường Trung học cơ sở - Trung học phổ thông Việt Anh,398.0,,
JPNV60,bệnh viện,Bệnh Viện Sài Gòn ITO,298.0,,
JPNV60,bệnh viện,Bệnh viện Phụ sản Mekong,765.0,,
JPNV60,bệnh viện,Viện Y Dược học Dân tộc,801.0,,
JPNV60,công viên,Công viên Hoàng Văn Thụ,1000.0,,
JPNV60,công viên,Công viên Chung cư Lê Thị Riêng,1100.0,,
JPNV60,công viên,Công viên Nhà thi đấu Tân Bình,1200.0,,
JPNV60,siêu thị,B's mart,336.0,,
JPNV60,siêu thị,Bách Hóa Xanh,379.0,,
JPNV60,siêu thị,Ministop,600.0,,
JPNV60,trung tâm thương mại,Pico Plaza,1500.0,,
JPNV60,trung tâm thương mại,LOTTE Mart Cộng Hòa,1600.0,,
DR9KDH,chợ,Chợ Tân Hưng (Chợ Ông Địa),764.0,,
DR9KDH,chợ,Chợ Chim Xanh,779.0,,
DR9KDH,chợ,Chợ Trần Văn Quang,843.0,,
DR9KDH,trường học,Trường Tiểu học Đại Thành,277.0,,
DR9KDH,trường học,Trung tâm Dạy nghề Quận 11,283.0,,
DR9KDH,trường học,Trường Tiểu học Trưng Trắc,312.0,,
DR9KDH,bệnh viện,Trung Tâm Hiến Múa Nhân Đạo,618.0,,
DR9KDH,bệnh viện,Bệnh viện Trưng Vương,898.0,,
DR9KDH,bệnh viện,Bệnh viện Đa khoa Lãnh Binh Thăng,1300.0,,
DR9KDH,công viên,Công viên Tân Phước,327.0,,
DR9KDH,công viên,Công viên Phú Hòa,762.0,,
DR9KDH,công viên,Công viên Lãnh Binh Thăng,1000.0,,
DR9KDH,siêu thị,Siêu Thị Co.opMart - Phú Thọ,256.0,,
DR9KDH,siêu thị,VinMart+,1400.0,,
DR9KDH,siêu thị,MiniMart,1400.0,,
DR9KDH,trung tâm thương mại,Lotte Department Store,1200.0,,
DR9KDH,trung tâm thương mại,Lotteria,1300.0,,
DR9KDH,trung tâm thương mại,Bách hóa tổng hợp,1400.0,,
PT2NAG,chợ,Chợ Bình Long,1300.0,,
PT2NAG,trường học,Trường Tiểu học Bình Thuận,617.0,,
PT2NAG,trường học,Trường Tiểu học Phù Đổng,666.0,,
PT2NAG,trường học,Trường Trung học cơ sở Trần Quốc Toản,956.0,,
PT2NAG,bệnh viện,Trạm Y Tế phường Bình Hưng Hòa,816.0,,
PT2NAG,siêu thị,Bách Hóa Xanh,1200.0,,
PT2NAG,siêu thị,Bách Hóa XXanh 175C Đường Số 8,1200.0,,
PT2NAG,siêu thị,Siêu thị Đại Gia Hỷ,1900.0,,
PT2NAG,trung tâm thương mại,Cửa Hàng Thực Phẩm Tiện Lợi Satra Food,1300.0,,
6Q24F8,chợ,Chợ Phạm Văn Hai,551.0,,
6Q24F8,chợ,Chợ Nghĩa Hòa,581.0,,
6Q24F8,chợ,Chợ Tân Bình,911.0,,
6Q24F8,trường học,Trường Tiểu học Hoàng Văn Thụ,93.0,,
6Q24F8,trường học,Trường Trung học cơ sở Âu Lạc,103.0,,
6Q24F8,trường học,Trường Tiểu học Bình Giã,375.0,,
6Q24F8,bệnh viện,Bệnh viện Đa khoa Tân Bình,355.0,,
6Q24F8,bệnh viện,Bệnh viện Thống Nhất,556.0,,
6Q24F8,bệnh viện,Bệnh viện 1A,649.0,,
6Q24F8,công viên,Công viên Nhà thi đấu Tân Bình,503.0,,
6Q24F8,công viên,Công viên Chung cư Lê Thị Riêng,1200.0,,
6Q24F8,công viên,Công viên Hoàng Văn Thụ,1300.0,,
6Q24F8,siêu thị,Bách Hóa Xanh,522.0,,
6Q24F8,siêu thị,WinMart,689.0,,
6Q24F8,siêu thị,B's mart,1000.0,,
6Q24F8,trung tâm thương mại,Pico Plaza,1000.0,,
6Q24F8,trung tâm thương mại,LOTTE Mart Cộng Hòa,1100.0,,
6Q24F8,trung tâm thương mại,Bách hóa tổng hợp,1600.0,,
EWAQ24,trường học,Trường Tiểu học An Phú Tây,471.0,,
EWAQ24,trường học,Trường Trung học cơ sở Nguyễn Văn Linh,1800.0,,
EWAQ24,trường học,Trường Tiểu Học Lương Thế Vinh,2000.0,,
EWAQ24,bệnh viện,Bệnh viện Đa khoa Bình Chánh,1500.0,,
EWAQ24,siêu thị,Co.op Food,1300.0,,
EWAQ24,siêu thị,Siêu Thị Hoàng Quân,1400.0,,
UD0TYS,chợ,Chợ Cầu Đồng,1100.0,,
UD0TYS,chợ,Chợ Thạnh Xuân,1700.0,,
UD0TYS,chợ,Chợ Vườn Lài,2000.0,,
UD0TYS,trường học,Trường Trung học phổ thông Đông Dương,1100.0,,
UD0TYS,trường học,Trường Trung học phổ thông Thạnh Lộc,1400.0,,
UD0TYS,trường học,Trường Trung học cơ sở An Phú Đông,1500.0,,
UD0TYS,bệnh viện,Phòng Khám Đa Khoa Hữu Nghị,1900.0,,
UD0TYS,công viên,"Công viên Gò Sao , Thạnh Xuân, Quận 12",970.0,,
UD0TYS,công viên,Công viên Chung cư Phú An,1900.0,,
UD0TYS,siêu thị,FamilyMart,1100.0,,
UD0TYS,siêu thị,WinMart,1100.0,,
5Y1C97,chợ,Chợ Xã Tây,45.0,,
5Y1C97,chợ,Chợ Ba Đình,764.0,,
5Y1C97,chợ,Chợ Tín Nghĩa,800.0,,
5Y1C97,trường học,Trường Trung học Phổ thông Trần Hữu Trang,8.0,,
5Y1C97,trường học,Trường Tiểu học Chính Nghĩa,161.0,,
5Y1C97,trường học,Trường Tiểu học Minh Đạo,209.0,,
5Y1C97,bệnh viện,Bệnh viện Y học Cổ truyền Thành phố Hồ Chí Minh (Cơ sở 2),275.0,,
5Y1C97,bệnh viện,Bệnh viện Đại học Y Dược Thành phố Hồ Chí Minh,314.0,,
5Y1C97,bệnh viện,Trạm Y tế phường Chợ Lớn,317.0,,
5Y1C97,công viên,Công viên Dạ Trạch,591.0,,
5Y1C97,công viên,Công viên Văn Lang,659.0,,
5Y1C97,công viên,Công viên Võ Văn Kiệt,662.0,,
5Y1C97,siêu thị,Siêu thị Điện máy Chợ Lớn,222.0,,
5Y1C97,siêu thị,Cửa Hàng Mua Sắm Citimart,361.0,,
5Y1C97,siêu thị,Coopmart Lý Thường Kiệt,796.0,,
5Y1C97,trung tâm thương mại,Parkson Hùng Vương,335.0,,
5Y1C97,trung tâm thương mại,Chợ Đại Quang Minh,503.0,,
5Y1C97,trung tâm thương mại,Chợ vải Soái Kình Lâm,718.0,,
C4SX8B,chợ,Bách Hóa Xanh - 2C - 2D Phùng Văn Cung,86.0,,
C4SX8B,chợ,Chợ Phú Nhuận,706.0,,
C4SX8B,chợ,Chợ Nguyễn Đình Chiểu,946.0,,
C4SX8B,trường học,Anh Văn Hội Việt Mỹ VUS,244.0,,
C4SX8B,trường học,Trường Tiểu Học Đông Ba,485.0,,
C4SX8B,trường học,Trường Trung học cơ sở Châu Văn Liêm,492.0,,
C4SX8B,bệnh viện,Trạm Y Tế Phường 7 Quận Phú Nhuận,515.0,,
C4SX8B,bệnh viện,Bệnh viện Nhân dân Gia Định,952.0,,
C4SX8B,bệnh viện,Bệnh Viện Quốc Tế Columbia Asia,987.0,,
C4SX8B,công viên,Công viên Văn hóa Phú Nhuận,595.0,,
C4SX8B,công viên,Đài liệt sĩ Quận 3,967.0,,
C4SX8B,công viên,Công viên Lê Văn Tám,1500.0,,
C4SX8B,siêu thị,BambooBebe Việt Nam,264.0,,
C4SX8B,siêu thị,Công ty TNHH Gureumi,266.0,,
C4SX8B,siêu thị,Co.opmart Rạch Miễu,271.0,,
C4SX8B,trung tâm thương mại,Tạp Hóa Thu Bé Bự,1100.0,,
C4SX8B,trung tâm thương mại,MIA  Luggage store,1400.0,,
6YR1J8,chợ,Chợ An Hội,567.0,,
6YR1J8,chợ,Chợ Hạnh Thông Tây,1300.0,,
6YR1J8,chợ,Chợ Cầu,1600.0,,
6YR1J8,trường học,Trường Tiểu học Lương Thế Vinh,224.0,,
6YR1J8,trường học,"Trường Tiểu Học, Trung học cơ sở&Trung học phổ thông Hermann Gmeiner",667.0,,
6YR1J8,trường học,Trường Trung học phổ thông Nguyễn Công Trứ,741.0,,
6YR1J8,bệnh viện,Bệnh viện Đa khoa Gò Vấp,1700.0,,
6YR1J8,công viên,Isuzu sidewalk park,547.0,,
6YR1J8,công viên,Công viên Làng Hoa Gò Vấp,792.0,,
6YR1J8,công viên,Mercedes Sidewalk park,979.0,,
6YR1J8,siêu thị,Co-opmart Liên Hiệp Thành phố Hồ Chí Minh,657.0,,
6YR1J8,siêu thị,Co.opmart SCA Phạm Văn Chiêu,930.0,,
6YR1J8,siêu thị,Emart Phan Huy Ích,1300.0,,
AFHP1Y,chợ,Chợ Long Kiểng,523.0,,
AFHP1Y,chợ,Chợ Tân Kiểng 1,589.0,,
AFHP1Y,chợ,Chợ Cầu Dừa,850.0,,
AFHP1Y,trường học,Trung Tâm Ngoại Ngữ Quốc Tế Mỹ - Việt Nam,213.0,,
AFHP1Y,trường học,Trường Tiểu học Nguyễn Huệ 3,247.0,,
AFHP1Y,trường học,Trường Trung học cơ sở Quang Trung,321.0,,
AFHP1Y,bệnh viện,Bệnh viện Phước An,59.0,,
AFHP1Y,bệnh viện,Bệnh viện Đa khoa Tân Hưng,503.0,,
AFHP1Y,bệnh viện,Bệnh viện Đa khoa Khánh Hội,1300.0,,
AFHP1Y,công viên,Công viên Phường 5,483.0,,
AFHP1Y,công viên,Công viên Khánh Hội,565.0,,
AFHP1Y,công viên,Công viên Cầu Rạch Ông,793.0,,
AFHP1Y,siêu thị,Co.op Food,357.0,,
AFHP1Y,siêu thị,Satra Foods,548.0,,
AFHP1Y,siêu thị,Co.op Food - Nguyễn Khoái,724.0,,
AFHP1Y,trung tâm thương mại,Thu,1000.0,,
AFHP1Y,trung tâm thương mại,Trung Tâm Mua Sắm Russian,1100.0,,
AFHP1Y,trung tâm thương mại,Tạp Hóa Quỳnh Loan,1200.0,,
3SAZWQ,chợ,Chợ Thị Nghè,570.0,,
3SAZWQ,chợ,Seafood mini-market,646.0,,
3SAZWQ,chợ,Chợ Bà Chiểu,875.0,,
3SAZWQ,trường học,Đại Học Kinh Tế Tài Chính,477.0,,
3SAZWQ,trường học,Trường Tiểu Học Phù Đổng,545.0,,
3SAZWQ,trường học,Trường Trung học cơ sở Lam Sơn,606.0,,
3SAZWQ,bệnh viện,Bệnh viện Đa khoa Bình Thạnh,815.0,,
3SAZWQ,bệnh viện,Bệnh Viện Quốc Tế Columbia Asia,1300.0,,
3SAZWQ,bệnh viện,Bệnh viện Nhân dân Gia Định,1400.0,,
3SAZWQ,công viên,Thảo Cầm Viên Sài Gòn,858.0,,
3SAZWQ,công viên,Chung cư City Garden,889.0,,
3SAZWQ,công viên,Khu du lịch Văn Thánh,1200.0,,
3SAZWQ,siêu thị,Bach hoa XANX,405.0,,
3SAZWQ,siêu thị,Foodmart,636.0,,
3SAZWQ,siêu thị,Focomart,925.0,,
3SAZWQ,trung tâm thương mại,MIA  Luggage store,1600.0,,
3SAZWQ,trung tâm thương mại,Tạp Hóa Thu Bé Bự,1700.0,,
U1RRS5,chợ,Chợ Cháy,358.0,,
U1RRS5,chợ,Chợ Hãng Phân,518.0,,
U1RRS5,chợ,Chợ cũ Tôn Thất Đạm,611.0,,
U1RRS5,trường học,Trường Tiểu học Nguyễn Thái Bình,200.0,,
U1RRS5,trường học,Trường Tiểu học Khai Minh,243.0,,
U1RRS5,trường học,Trường Tiểu học Bạch Đằng,373.0,,
U1RRS5,bệnh viện,Bệnh viện Đa khoa Khánh Hội,283.0,,
U1RRS5,bệnh viện,Bệnh viện Nhân dân Gia Định - cơ sở 2,553.0,,
U1RRS5,bệnh viện,Trung Tâm Y Tế Dự Phòng - Phòng Khám Tiêm Phòng,793.0,,
U1RRS5,công viên,Công viên Phường 12,538.0,,
U1RRS5,công viên,Công viên 23 tháng 9,726.0,,
U1RRS5,công viên,Công viên SJC Tower,787.0,,
U1RRS5,siêu thị,Shop & go,70.0,,
U1RRS5,siêu thị,Minimart,225.0,,
U1RRS5,siêu thị,Mini stop,230.0,,
U1RRS5,trung tâm thương mại,Chợ Dân Sinh,237.0,,
U1RRS5,trung tâm thương mại,Saigon Centre - Cổng Nam Kỳ Khởi Nghĩa - Điểm Đón Trả,617.0,,
U1RRS5,trung tâm thương mại,Thu,657.0,,
6QZTT8,chợ,Chợ Rạch Ông,367.0,,
6QZTT8,chợ,Chợ Nancy,1300.0,,
6QZTT8,chợ,Chợ Hòa Bình,1600.0,,
6QZTT8,trường học,Trường Tiểu Học Rạch Ông,175.0,,
6QZTT8,trường học,Trường tiểu học Nguyễn Trực,304.0,,
6QZTT8,trường học,Trường Trung học cơ sở Khánh Bình,413.0,,
6QZTT8,bệnh viện,Bệnh viện Phục hồi chức năng - Điều trị bệnh nghề nghiệp,334.0,,
6QZTT8,bệnh viện,Bệnh Viện Đa Khoa Quốc Tế Nam Sài Gòn,931.0,,
6QZTT8,bệnh viện,Phòng Khám Đa Khoa Thế Giới,975.0,,
6QZTT8,công viên,Công viên Phường 2,698.0,,
6QZTT8,công viên,Công viên Dạ Nam,737.0,,
6QZTT8,công viên,Công viên Cầu Rạch Ông,1100.0,,
6QZTT8,siêu thị,Bách Hóa Xanh,585.0,,
6QZTT8,siêu thị,Siêu Thị Tiện Lợi Citi Mart,822.0,,
6QZTT8,siêu thị,AEON Tạ Quang Bửu,1100.0,,
6QZTT8,trung tâm thương mại,Parc Mall,1000.0,,
6QZTT8,trung tâm thương mại,LOTTE Mart Quận 7,1500.0,,
6QZTT8,trung tâm thương mại,Lotte Department Store,1500.0,,
614F8Y,chợ,Chợ Hoa Hậu Giang,272.0,,
614F8Y,chợ,Chợ Minh Phụng,363.0,,
614F8Y,chợ,Chợ Bình Tiên,490.0,,
614F8Y,trường học,Trường Tiểu học Bình Tiên,185.0,,
614F8Y,trường học,Trường Trung Cấp Tây Nam Á,226.0,,
614F8Y,trường học,Trường Trung học cơ sở&Trung học phổ thông Phan Bội Châu Thành phố Hồ Chí Minh,271.0,,
614F8Y,bệnh viện,Bệnh viện Đa khoa Bình Phú,678.0,,
614F8Y,bệnh viện,Bệnh viện Đa khoa Lãnh Binh Thăng,1600.0,,
614F8Y,công viên,Công viên Lê Lợi,963.0,,
614F8Y,công viên,Công viên Bình Phú,1100.0,,
614F8Y,công viên,Công viên Lò Gốm,1100.0,,
614F8Y,siêu thị,Co.opmart Hậu Giang,354.0,,
614F8Y,siêu thị,Co.opMart Phú Lâm,1000.0,,
614F8Y,siêu thị,Co.op Food,1100.0,,
614F8Y,trung tâm thương mại,Satra Centre Mall,987.0,,
614F8Y,trung tâm thương mại,Nhi,1300.0,,
614F8Y,trung tâm thương mại,Phú lâm,1300.0,,
GTFHV2,chợ,Chợ Hạnh Thông Tây,880.0,,
GTFHV2,chợ,Chợ An Nhơn,1400.0,,
GTFHV2,chợ,Chợ Xóm Mới,1700.0,,
GTFHV2,trường học,Trường Tiểu học Nguyễn Thị Minh Khai,436.0,,
GTFHV2,trường học,Trường Trung học cơ sở Thông Tây Hội (cơ sở 2),460.0,,
GTFHV2,trường học,Trường Tiểu học Chi Lăng,717.0,,
GTFHV2,bệnh viện,Bệnh viện Đa khoa Gò Vấp,557.0,,
GTFHV2,bệnh viện,Phòng Khám Đa Khoa Hữu Nghị,2000.0,,
GTFHV2,công viên,Công viên Hòa Bình,407.0,,
GTFHV2,công viên,Mercedes Sidewalk park,1300.0,,
GTFHV2,công viên,Công viên Làng Hoa Gò Vấp,1400.0,,
GTFHV2,siêu thị,WinMart,114.0,,
GTFHV2,siêu thị,Co.opmart Phan Văn Trị,1800.0,,
GTFHV2,trung tâm thương mại,Lotte Department Store,630.0,,
GTFHV2,trung tâm thương mại,Vincom Plaza Quang Trung,868.0,,
GTFHV2,trung tâm thương mại,Saigon Mall Gò Vấp,1200.0,,
YBWW3D,chợ,Chợ An Hội,717.0,,
YBWW3D,chợ,Chợ Hạnh Thông Tây,1400.0,,
YBWW3D,chợ,Chợ Cầu,1600.0,,
YBWW3D,trường học,Trường Tiểu học Lương Thế Vinh,394.0,,
YBWW3D,trường học,Trường Tiểu học Lam Sơn,614.0,,
YBWW3D,trường học,Trường Tiểu Học Bán Trú - Nội Trú Nhật Tân,702.0,,
YBWW3D,bệnh viện,Bệnh viện Đa khoa Gò Vấp,1700.0,,
YBWW3D,công viên,Isuzu sidewalk park,747.0,,
YBWW3D,công viên,Công viên Làng Hoa Gò Vấp,791.0,,
YBWW3D,công viên,Mercedes Sidewalk park,1100.0,,
YBWW3D,siêu thị,Co.opmart SCA Phạm Văn Chiêu,733.0,,
YBWW3D,siêu thị,Co-opmart Liên Hiệp Thành phố Hồ Chí Minh,794.0,,
YBWW3D,siêu thị,Emart Phan Huy Ích,1500.0,,
YBWW3D,trung tâm thương mại,Thế Giới Sữa,2000.0,,
YBWW3D,trung tâm thương mại,669,2000.0,,
YBWW3D,trung tâm thương mại,Tân phước,2000.0,,
7KFYXA,chợ,Chợ An Hội,1700.0,,
7KFYXA,chợ,Chợ Xóm Mới,1700.0,,
7KFYXA,chợ,Chợ Cầu,1800.0,,
7KFYXA,trường học,Trường Trung học cơ sở Huỳnh Văn Nghệ,254.0,,
7KFYXA,trường học,Trường Tiểu học Lê Quý Đôn,286.0,,
7KFYXA,trường học,Trường Ngoại Ngữ Pixar - Cơ Sở 2,453.0,,
7KFYXA,công viên,Công viên Chung cư Phú An,1300.0,,
7KFYXA,công viên,Công viên Làng Hoa Gò Vấp,1700.0,,
7KFYXA,công viên,Isuzu sidewalk park,1900.0,,
7KFYXA,siêu thị,Co.opmart SCA Phạm Văn Chiêu,711.0,,
7KFYXA,siêu thị,MM Mega Market Hiệp Phú,898.0,,
7KFYXA,siêu thị,Co-opmart Liên Hiệp Thành phố Hồ Chí Minh,1700.0,,
7KFYXA,trung tâm thương mại,Tân phước,770.0,,
3YT91Q,chợ,Chợ Đông Thạnh,1200.0,,
3YT91Q,trường học,Trường Trung học cơ sở Đông Thạnh,610.0,,
3YT91Q,trường học,Trường Tiểu Học Hoàng Hoa Thám,1300.0,,
3YT91Q,trường học,Trường tiểu học Trần Văn Danh,1500.0,,
3YT91Q,siêu thị,Bách Hóa Hạnh Dương,1800.0,,
3AKM0Q,chợ,Chợ Vườn Lài,803.0,,
3AKM0Q,trường học,Trường Mầm Non Bông Hồng,1200.0,,
3AKM0Q,trường học,Trường Trung học cơ sở An Phú Đông,1300.0,,
3AKM0Q,trường học,Trường Tiểu Học Phạm Văn Chiêu,1300.0,,
3AKM0Q,siêu thị,Xường công nghệ cao,243.0,,
3AKM0Q,siêu thị,Phim cách nhiệt nhà kính NanoX,1800.0,,
3AKM0Q,trung tâm thương mại,Tạp hóa Hiền Trâm,430.0,,
4RRBWF,chợ,Chợ Hồ Trọng Quý,373.0,,
4RRBWF,chợ,Chợ Bình Đông,857.0,,
4RRBWF,chợ,Chợ Phú Định,903.0,,
4RRBWF,trường học,Trường Tiểu học Hùng Vương,150.0,,
4RRBWF,trường học,Trường Tiểu học Nhật Tảo,382.0,,
4RRBWF,trường học,Trường Trung học cơ sở Nguyễn Văn Luông,386.0,,
4RRBWF,bệnh viện,Bệnh viện Đa khoa Bình Phú,690.0,,
4RRBWF,bệnh viện,Nhà Thuốc Tây Quàng Hòa,1700.0,,
4RRBWF,bệnh viện,Bệnh viện Triều An,2000.0,,
4RRBWF,công viên,Công viên Lò Gốm,169.0,,
4RRBWF,công viên,Công viên Bình Phú,387.0,,
4RRBWF,công viên,Công viên Phú Lâm,1400.0,,
4RRBWF,siêu thị,Siêu thị MM Mega Market Bình Phú,531.0,,
4RRBWF,siêu thị,Co.op Food,1200.0,,
4RRBWF,siêu thị,Co.opmart Hậu Giang,1400.0,,
4RRBWF,trung tâm thương mại,Phú lâm,400.0,,
4RRBWF,trung tâm thương mại,Thiên,473.0,,
4RRBWF,trung tâm thương mại,Nhi,844.0,,
JN5U60,chợ,Chợ Cầu Đồng,513.0,,
JN5U60,chợ,Chợ Vườn Lài,1200.0,,
JN5U60,chợ,Chợ Thạnh Xuân,1800.0,,
JN5U60,trường học,Trường Trung học cơ sở An Phú Đông,782.0,,
JN5U60,trường học,Trường Tiểu Học Phạm Văn Chiêu,819.0,,
JN5U60,trường học,Trường Mầm Non Bông Hồng,846.0,,
JN5U60,bệnh viện,Phòng Khám Đa Khoa Hữu Nghị,1900.0,,
JN5U60,công viên,"Công viên Gò Sao , Thạnh Xuân, Quận 12",1800.0,,
JN5U60,siêu thị,FamilyMart,1900.0,,
JN5U60,siêu thị,WinMart,1900.0,,
JN5U60,siêu thị,Xường công nghệ cao,1900.0,,
JN5U60,trung tâm thương mại,Tạp hóa Hiền Trâm,1600.0,,
PM05ZG,chợ,Chợ Chí Hòa,345.0,,
PM05ZG,chợ,Chợ Hòa Hưng,415.0,,
PM05ZG,chợ,Chợ thuốc Quận 10,694.0,,
PM05ZG,trường học,Trường Tiểu học Lê Thị Riêng,144.0,,
PM05ZG,trường học,Trung Tâm Tư Vấn Du Học Quốc Tế,184.0,,
PM05ZG,trường học,Trường Tiểu Học Triệu Thị Trinh,209.0,,
PM05ZG,bệnh viện,Bệnh viện Quận 10,850.0,,
PM05ZG,bệnh viện,Bệnh viện Nhân dân 115,909.0,,
PM05ZG,bệnh viện,Bệnh Viện Mắt Việt-Nga,940.0,,
PM05ZG,công viên,Khu du lịch Kỳ Hòa,740.0,,
PM05ZG,công viên,Công viên Vườn Lài,960.0,,
PM05ZG,công viên,Công viên Chung cư Lê Thị Riêng,1100.0,,
PM05ZG,siêu thị,WinMart,595.0,,
PM05ZG,siêu thị,Siêu Thị Co.opmart,603.0,,
PM05ZG,siêu thị,Co.opmart Nhiêu Lộc,752.0,,
PM05ZG,trung tâm thương mại,Vincom Plaza Ba Tháng Hai,933.0,,
PM05ZG,trung tâm thương mại,Vạn Hạnh Mall,1100.0,,
PM05ZG,trung tâm thương mại,phu quy,1200.0,,
E0XRP4,chợ,Chợ Xóm Mới,819.0,,
E0XRP4,chợ,Chợ An Hội,1800.0,,
E0XRP4,chợ,Chợ Hạnh Thông Tây,1900.0,,
E0XRP4,trường học,Trường Tiểu Học Lê Văn Thọ,277.0,,
E0XRP4,trường học,Trường Trung học cơ sở Nguyễn Trãi,473.0,,
E0XRP4,trường học,Trường Ngoại Ngữ Pixar - Cơ Sở 2,569.0,,
E0XRP4,công viên,Công viên Làng Hoa Gò Vấp,1100.0,,
E0XRP4,công viên,Công viên Chung cư Phú An,1400.0,,
E0XRP4,công viên,"Công viên Gò Sao , Thạnh Xuân, Quận 12",1700.0,,
E0XRP4,siêu thị,Co.opmart SCA Phạm Văn Chiêu,424.0,,
E0XRP4,siêu thị,FamilyMart,1600.0,,
E0XRP4,siêu thị,WinMart,1700.0,,
E0XRP4,trung tâm thương mại,Thế Giới Sữa,1200.0,,
E0XRP4,trung tâm thương mại,669,1300.0,,
E0XRP4,trung tâm thương mại,571,1400.0,,
7EGG8A,chợ,Chợ Bình Trị Đông,364.0,,
7EGG8A,chợ,Chợ Kiến Đức,768.0,,
7EGG8A,chợ,Chợ Cây Da Sà,787.0,,
7EGG8A,trường học,Trường Trung học cơ sở & Trung học phổ thông Phan Châu Trinh,676.0,,
7EGG8A,trường học,Trường Trung học cơ sở Bình Trị Đông B,708.0,,
7EGG8A,trường học,Trường Trung học cơ sở Bình Trị Đông,895.0,,
7EGG8A,bệnh viện,Bệnh viện Đa khoa Bình Tân,1200.0,,
7EGG8A,bệnh viện,Bệnh Viện Quốc Tế Minh Anh,1400.0,,
7EGG8A,công viên,Công viên Đường số 25,642.0,,
7EGG8A,công viên,Công viên Da Sà,865.0,,
7EGG8A,công viên,Công Viên 158 Phan Anh,1300.0,,
7EGG8A,siêu thị,Siêu thị Co.opmart Bình Tân,759.0,,
7EGG8A,siêu thị,Bách Hóa Xanh,808.0,,
7EGG8A,siêu thị,Kingfoodmart,1200.0,,
7EGG8A,trung tâm thương mại,ÆON MALL Bình Tân,2000.0,,
7D8WRA,chợ,Chợ Chí Hòa,413.0,,
7D8WRA,chợ,Chợ Hòa Hưng,422.0,,
7D8WRA,chợ,Chợ Nguyễn Văn Trỗi,620.0,,
7D8WRA,trường học,Trường Tiểu học Trương Quyền,354.0,,
7D8WRA,trường học,Trường Trung học cơ sở Hòa Hưng,358.0,,
7D8WRA,trường học,Trường Tiểu học Trần Văn Đang,430.0,,
7D8WRA,bệnh viện,Bệnh viện An Sinh,953.0,,
7D8WRA,bệnh viện,Bệnh viện Tai Mũi Họng Thành phố Hồ Chí Minh,981.0,,
7D8WRA,bệnh viện,Bệnh Viện Mắt Việt-Nga,996.0,,
7D8WRA,công viên,Khu du lịch Kỳ Hòa,1200.0,,
7D8WRA,công viên,Đài liệt sĩ Quận 3,1200.0,,
7D8WRA,công viên,Công viên Chung cư Lê Thị Riêng,1300.0,,
7D8WRA,siêu thị,Co.opmart Nhiêu Lộc,329.0,,
7D8WRA,siêu thị,WinMart,495.0,,
7D8WRA,siêu thị,Circle k,585.0,,
7D8WRA,trung tâm thương mại,Vincom Plaza Ba Tháng Hai,1000.0,,
7D8WRA,trung tâm thương mại,phu quy,1300.0,,
7D8WRA,trung tâm thương mại,Vạn Hạnh Mall,1600.0,,
8UXAV3,chợ,Chợ Hạnh Thông Tây,1500.0,,
8UXAV3,chợ,Chợ An Nhơn,1700.0,,
8UXAV3,trường học,Trường Trung học cơ sở&Trung học phổ thông Hồng Hà,416.0,,
8UXAV3,trường học,Trường Trung học cơ sở - Trung học phổ thông Bán Trú Nội Trú Hồng Hà - Cơ Sở 4,450.0,,
8UXAV3,trường học,Trường Tiểu học Kim Đồng,804.0,,
8UXAV3,bệnh viện,Bệnh viện Đa khoa Gò Vấp,1100.0,,
8UXAV3,bệnh viện,Bệnh viện Quân y 175,1600.0,,
8UXAV3,công viên,Công viên Hòa Bình,930.0,,
8UXAV3,công viên,Công viên Khu nhà ở Quân đội,1800.0,,
8UXAV3,công viên,Công viên Gia Định,1800.0,,
8UXAV3,siêu thị,WinMart,771.0,,
8UXAV3,siêu thị,Co.opmart Phan Văn Trị,1400.0,,
8UXAV3,trung tâm thương mại,Vincom Plaza Quang Trung,382.0,,
8UXAV3,trung tâm thương mại,Saigon Mall Gò Vấp,893.0,,
8UXAV3,trung tâm thương mại,Trung Tâm Mua Sắm Nguyễn Kim Gò Vấp,947.0,,
74PXBA,chợ,Chợ Nghĩa Hòa,363.0,,
74PXBA,chợ,Chợ Phạm Văn Hai,655.0,,
74PXBA,chợ,Chợ Nam Hòa,683.0,,
74PXBA,trường học,Trường Tiểu Học Bình Giã,237.0,,
74PXBA,trường học,Trường Trung học cơ sở Mạc Đĩnh Chi,261.0,,
74PXBA,trường học,Trường Trung học cơ sở Tân Bình,270.0,,
74PXBA,bệnh viện,Bệnh Viện Sài Gòn ITO,867.0,,
74PXBA,bệnh viện,Bệnh viện 1A,974.0,,
74PXBA,bệnh viện,Bệnh viện Đa khoa Tân Bình,1000.0,,
74PXBA,công viên,Công viên Chung cư Lê Thị Riêng,586.0,,
74PXBA,công viên,Công viên Nhà thi đấu Tân Bình,1200.0,,
74PXBA,công viên,Công viên Hoàng Văn Thụ,1600.0,,
74PXBA,siêu thị,B's mart,630.0,,
74PXBA,siêu thị,WinMart,667.0,,
74PXBA,siêu thị,Bách Hóa Xanh,747.0,,
74PXBA,trung tâm thương mại,Pico Plaza,1700.0,,
74PXBA,trung tâm thương mại,LOTTE Mart Cộng Hòa,1700.0,,
74PXBA,trung tâm thương mại,Bách hóa tổng hợp,1800.0,,
Q56QTU,trường học,Trường Trung học phổ thông Long Trường,1300.0,,
Q56QTU,bệnh viện,Kyo,1300.0,,
Q56QTU,công viên,Di tích lịch sử Căn cứ Vùng Bưng 6 xã,1100.0,,
Q56QTU,trung tâm thương mại,Thuan,1700.0,,
YFHWKD,chợ,Chợ Hạnh Thông Tây,463.0,,
YFHWKD,chợ,Chợ An Hội,1300.0,,
YFHWKD,chợ,Chợ Xóm Mới,1500.0,,
YFHWKD,trường học,Trường Trung học phổ thông Nguyễn Công Trứ,325.0,,
YFHWKD,trường học,Trường Tiểu Học Bán Trú - Nội Trú Nhật Tân,560.0,,
YFHWKD,trường học,Trường Tiểu học Chi Lăng,673.0,,
YFHWKD,bệnh viện,Bệnh viện Đa khoa Gò Vấp,760.0,,
YFHWKD,công viên,Mercedes Sidewalk park,255.0,,
YFHWKD,công viên,Công viên Làng Hoa Gò Vấp,322.0,,
YFHWKD,công viên,Isuzu sidewalk park,925.0,,
YFHWKD,siêu thị,WinMart,1300.0,,
YFHWKD,siêu thị,Co.opmart SCA Phạm Văn Chiêu,1400.0,,
YFHWKD,siêu thị,Co-opmart Liên Hiệp Thành phố Hồ Chí Minh,1400.0,,
YFHWKD,trung tâm thương mại,Thế Giới Sữa,1600.0,,
YFHWKD,trung tâm thương mại,669,1600.0,,
YFHWKD,trung tâm thương mại,Lotte Department Store,1600.0,,
R99KKJ,chợ,Chợ Hiệp Thành,1400.0,,
R99KKJ,chợ,Chợ Ngã Ba Bầu,1700.0,,
R99KKJ,trường học,Trường Trung học cơ sở Nguyễn Chí Thanh,929.0,,
R99KKJ,trường học,Trường Tiểu học Nguyễn Thái Bình,981.0,,
R99KKJ,trường học,Trường Trung học cơ sở Trần Quang Khải,1100.0,,
R99KKJ,bệnh viện,188 Beauty Spa quận 12 | Viện thẩm mỹ hàng đầu tpHCM,1600.0,,
R99KKJ,công viên,The parkland,609.0,,
R99KKJ,công viên,Cây xanh,654.0,,
R99KKJ,công viên,Công Viên Trúc Lâm,760.0,,
R99KKJ,siêu thị,CoopMart Hiệp Thành,1500.0,,
R99KKJ,siêu thị,Bách Hóa Hạnh Dương,1500.0,,
R99KKJ,trung tâm thương mại,SuSu,1300.0,,
3A6YAQ,chợ,Chợ Xóm Mới,227.0,,
3A6YAQ,chợ,Chợ An Nhơn,1500.0,,
3A6YAQ,chợ,Chợ Hạnh Thông Tây,1700.0,,
3A6YAQ,trường học,Trường Tiểu Học Lê Hoàn,259.0,,
3A6YAQ,trường học,Trường Tiểu Học Lê Hoàn - Cơ Sở 2,332.0,,
3A6YAQ,trường học,Trường Trung học cơ sở Phan Tây Hồ,356.0,,
3A6YAQ,bệnh viện,Phòng Khám Đa Khoa Hữu Nghị,1300.0,,
3A6YAQ,bệnh viện,Bệnh viện Đa khoa Gò Vấp,1700.0,,
3A6YAQ,công viên,Công viên Làng Hoa Gò Vấp,1300.0,,
3A6YAQ,công viên,Công viên Hòa Bình,1500.0,,
3A6YAQ,công viên,Mercedes Sidewalk park,1800.0,,
3A6YAQ,siêu thị,Co.opmart SCA Phạm Văn Chiêu,1400.0,,
3A6YAQ,siêu thị,WinMart,1600.0,,
3A6YAQ,siêu thị,FamilyMart,1800.0,,
3A6YAQ,trung tâm thương mại,Thế Giới Sữa,200.0,,
3A6YAQ,trung tâm thương mại,669,241.0,,
3A6YAQ,trung tâm thương mại,571,321.0,,
SABFV5,chợ,Chợ Hồ Trọng Quý,129.0,,
SABFV5,chợ,Chợ Phú Định,1000.0,,
SABFV5,chợ,Chợ An Dương Vương,1000.0,,
SABFV5,trường học,Trường Trung học cơ sở Phú Định,192.0,,
SABFV5,trường học,Trường Tiểu học Phú Định,426.0,,
SABFV5,trường học,Trường Tiểu học Phạm Văn Chí - Cơ sở 2,503.0,,
SABFV5,bệnh viện,Bệnh viện Đa khoa Bình Phú,885.0,,
SABFV5,bệnh viện,Nhà Thuốc Tây Quàng Hòa,1200.0,,
SABFV5,bệnh viện,Bệnh viện Triều An,1500.0,,
SABFV5,công viên,Công viên Lò Gốm,313.0,,
SABFV5,công viên,Công viên Bình Phú,402.0,,
SABFV5,công viên,Công viên Phú Lâm,1200.0,,
SABFV5,siêu thị,Siêu thị MM Mega Market Bình Phú,343.0,,
SABFV5,siêu thị,Co.op Food,1200.0,,
SABFV5,siêu thị,Siêu Thị 7Map,1500.0,,
SABFV5,trung tâm thương mại,Thiên,9.0,,
SABFV5,trung tâm thương mại,Phú lâm,80.0,,
SABFV5,trung tâm thương mại,Nhi,625.0,,
1A7R96,chợ,Chợ Bà Chiểu,39.0,,
1A7R96,chợ,Chợ Cây Điệp,1100.0,,
1A7R96,chợ,Chợ Đa Kao,1100.0,,
1A7R96,trường học,Trường Tiểu học Nguyễn Đình Chiểu,155.0,,
1A7R96,trường học,Trường Trung học cơ sở Trương Công Định,298.0,,
1A7R96,trường học,Trường Trung học cơ sở Lam Sơn,304.0,,
1A7R96,bệnh viện,Bệnh Viện Quốc Tế Columbia Asia,481.0,,
1A7R96,bệnh viện,Bệnh viện Đa khoa Bình Thạnh,497.0,,
1A7R96,bệnh viện,Bệnh viện Nhân dân Gia Định,578.0,,
1A7R96,công viên,Công viên Văn hóa Phú Nhuận,927.0,,
1A7R96,công viên,Công viên trung tâm HCA,1200.0,,
1A7R96,công viên,Công viên Lê Văn Tám,1700.0,,
1A7R96,siêu thị,Focomart,311.0,,
1A7R96,siêu thị,Foodmart,318.0,,
1A7R96,siêu thị,Điện thoại VT Mobile,382.0,,
1A7R96,trung tâm thương mại,Tạp Hóa Thu Bé Bự,1700.0,,
1A7R96,trung tâm thương mại,MIA  Luggage store,1800.0,,
7CQREA,chợ,Chợ Xóm Mới,654.0,,
7CQREA,chợ,Chợ An Nhơn,1100.0,,
7CQREA,chợ,Chợ Hạnh Thông Tây,1500.0,,
7CQREA,trường học,Trường Tiểu học Võ Thị Sáu,124.0,,
7CQREA,trường học,Trường Trung học phổ thông Nguyễn Trung Trực,301.0,,
7CQREA,trường học,Trường Trung học cơ sở Lý Tự Trọng,310.0,,
7CQREA,bệnh viện,Phòng Khám Đa Khoa Hữu Nghị,1200.0,,
7CQREA,bệnh viện,Bệnh viện Đa khoa Gò Vấp,1400.0,,
7CQREA,công viên,Công viên Hòa Bình,1000.0,,
7CQREA,công viên,Công viên Làng Hoa Gò Vấp,1300.0,,
7CQREA,công viên,Mercedes Sidewalk park,1700.0,,
7CQREA,siêu thị,WinMart,1200.0,,
7CQREA,siêu thị,Co.opmart SCA Phạm Văn Chiêu,1700.0,,
7CQREA,trung tâm thương mại,Thiên hương,243.0,,
7CQREA,trung tâm thương mại,571,267.0,,
7CQREA,trung tâm thương mại,669,285.0,,
C4Y57B,chợ,Chợ An Nhơn,933.0,,
C4Y57B,chợ,Chợ Gò Vấp,1500.0,,
C4Y57B,trường học,Trường Trung học cơ sở Phan Văn Trị,773.0,,
C4Y57B,trường học,Trường Trung Học Phổ Thông Phan Văn Trị,789.0,,
C4Y57B,trường học,Trường Trung học phổ thông Trần Hưng Đạo,1100.0,,
C4Y57B,bệnh viện,Phòng Khám Đa Khoa Hữu Nghị,1500.0,,
C4Y57B,công viên,Công viên Khu nhà ở Quân đội,694.0,,
C4Y57B,công viên,Công viên Văn hóa Gò Vấp,811.0,,
C4Y57B,công viên,Công viên Hòa Bình,1500.0,,
C4Y57B,siêu thị,Winmart,719.0,,
C4Y57B,siêu thị,Co.opmart Phan Văn Trị,753.0,,
C4Y57B,siêu thị,Lẩu cá kèo,1300.0,,
C4Y57B,trung tâm thương mại,Thu giang,860.0,,
C4Y57B,trung tâm thương mại,Tạp hóa cô Thanh,871.0,,
C4Y57B,trung tâm thương mại,tạp hóa anh Trung,899.0,,
KWUP6C,chợ,Chợ An Nhơn,1200.0,,
KWUP6C,chợ,Chợ Hạnh Thông Tây,1700.0,,
KWUP6C,chợ,Chợ Gò Vấp,1800.0,,
KWUP6C,trường học,Trường Trung học cơ sở - Trung học phổ thông Bán Trú Nội Trú Hồng Hà - Cơ Sở 4,233.0,,
KWUP6C,trường học,Trường Trung học cơ sở&Trung học phổ thông Hồng Hà,309.0,,
KWUP6C,trường học,Trường Tiểu học Kim Đồng,529.0,,
KWUP6C,bệnh viện,Bệnh viện Đa khoa Gò Vấp,1300.0,,
KWUP6C,bệnh viện,Bệnh viện Quân y 175,1600.0,,
KWUP6C,bệnh viện,Phòng Khám Đa Khoa Hữu Nghị,1900.0,,
KWUP6C,công viên,Công viên Hòa Bình,651.0,,
KWUP6C,công viên,Công viên Khu nhà ở Quân đội,1400.0,,
KWUP6C,công viên,Công viên Văn hóa Gò Vấp,1900.0,,
KWUP6C,siêu thị,WinMart,713.0,,
KWUP6C,siêu thị,Co.opmart Phan Văn Trị,977.0,,
KWUP6C,siêu thị,Winmart,1800.0,,
KWUP6C,trung tâm thương mại,Vincom Plaza Quang Trung,240.0,,
KWUP6C,trung tâm thương mại,Saigon Mall Gò Vấp,381.0,,
KWUP6C,trung tâm thương mại,Trung Tâm Mua Sắm Nguyễn Kim Gò Vấp,530.0,,
JN3ZZ0,chợ,Chợ Cây Quéo,507.0,,
JN3ZZ0,chợ,Chợ Cây Điệp,521.0,,
JN3ZZ0,chợ,Chợ Gò Vấp,1400.0,,
JN3ZZ0,trường học,Trung Tâm Dạy Nghề Bình Thạnh,563.0,,
JN3ZZ0,trường học,Trường tiểu học Nguyễn Thượng Hiền,640.0,,
JN3ZZ0,trường học,Trường Tiểu Học Nguyễn Bá Ngọc,681.0,,
JN3ZZ0,bệnh viện,Bệnh viện Ung bướu,826.0,,
JN3ZZ0,bệnh viện,Bệnh viện Nhân dân Gia Định,932.0,,
JN3ZZ0,bệnh viện,Trạm Y Tế Phường 7 Quận Phú Nhuận,976.0,,
JN3ZZ0,công viên,Công viên Văn hóa Phú Nhuận,962.0,,
JN3ZZ0,công viên,Công viên trung tâm HCA,1300.0,,
JN3ZZ0,công viên,Công viên Bến Hải,1600.0,,
JN3ZZ0,siêu thị,WinMart,540.0,,
JN3ZZ0,siêu thị,Cửa Hàng Tiện Lợi Shop&Go!,739.0,,
JN3ZZ0,siêu thị,Siêu Thị Bình Hòa,971.0,,
JN3ZZ0,trung tâm thương mại,Trung Tâm Thương Mại Vincom Plaza Gò Vấp,1700.0,,
JN3ZZ0,trung tâm thương mại,GO! Go Vap,1900.0,,
R239KJ,chợ,Chợ Gò Vấp,882.0,,
R239KJ,chợ,Chợ Cây Điệp,1800.0,,
R239KJ,trường học,Trường Tiểu học Nguyễn Viết Xuân,142.0,,
R239KJ,trường học,Trường Quốc tế Việt Úc - Cơ sở Garden Hills,436.0,,
R239KJ,trường học,Trường Trung học phổ thông TRẦN CAO VÂN,448.0,,
R239KJ,bệnh viện,Bệnh viện Quân y 175,1800.0,,
R239KJ,công viên,Công viên Bến Hải,142.0,,
R239KJ,công viên,Công viên Đặng Thùy Trâm,898.0,,
R239KJ,công viên,Công viên Khu nhà ở Quân đội,1000.0,,
R239KJ,siêu thị,emart,450.0,,
R239KJ,siêu thị,Lẩu cá kèo,584.0,,
R239KJ,siêu thị,Winmart,838.0,,
R239KJ,trung tâm thương mại,Trung Tâm Thương Mại Vincom Plaza Gò Vấp,585.0,,
R239KJ,trung tâm thương mại,Tạp hóa Hoàng Dũng,1100.0,,
R239KJ,trung tâm thương mại,tạp hóa anh Trung,1300.0,,
R2UN4J,chợ,Chợ An Nhơn,185.0,,
R2UN4J,chợ,Chợ Xóm Mới,1900.0,,
R2UN4J,trường học,Trường Trung học phổ thông Trần Hưng Đạo,858.0,,
R2UN4J,trường học,Trường Trung học cơ sở Lý Tự Trọng,1100.0,,
R2UN4J,trường học,Trường Tiểu học Lê Đức Thọ,1100.0,,
R2UN4J,bệnh viện,Phòng Khám Đa Khoa Hữu Nghị,920.0,,
R2UN4J,bệnh viện,Bệnh viện Đa khoa Gò Vấp,1900.0,,
R2UN4J,công viên,Công viên Văn hóa Gò Vấp,925.0,,
R2UN4J,công viên,Công viên Hòa Bình,963.0,,
R2UN4J,công viên,Công viên Khu nhà ở Quân đội,1400.0,,
R2UN4J,siêu thị,Co.opmart Phan Văn Trị,1200.0,,
R2UN4J,siêu thị,WinMart,1300.0,,
R2UN4J,siêu thị,Winmart,1500.0,,
R2UN4J,trung tâm thương mại,Thu giang,146.0,,
R2UN4J,trung tâm thương mại,Lotte Department Store,768.0,,
R2UN4J,trung tâm thương mại,Saigon Mall Gò Vấp,939.0,,
Q5ATDU,chợ,Chợ Linh Xuân,656.0,,
Q5ATDU,chợ,Chợ An Bình,1300.0,,
Q5ATDU,chợ,Chợ Linh Trung,1400.0,,
Q5ATDU,trường học,Trường Mầm Non Vầng Dương,163.0,,
Q5ATDU,trường học,Trường Trung học cơ sở Xuân Trường,568.0,,
Q5ATDU,trường học,Trường Tiểu Học Nguyễn Văn Lịch,583.0,,
Q5ATDU,bệnh viện,Bệnh Viện Hoà Hảo,682.0,,
Q5ATDU,bệnh viện,Bệnh viện Đa khoa Hoàn Hảo Kei Mei Kai,722.0,,
Q5ATDU,bệnh viện,Bệnh viện Đa khoa khu vực Thủ Đức,1700.0,,
Q5ATDU,công viên,Vườn tượng Danh nhân,1200.0,,
Q5ATDU,công viên,Công viên Phú Đông Citizen,1600.0,,
Q5ATDU,công viên,Công viên đường số 9,1700.0,,
Q5ATDU,siêu thị,Co.op Xtra,903.0,,
Q5ATDU,trung tâm thương mại,Tạp Hóa Kim Hồng,209.0,,
Q5ATDU,trung tâm thương mại,TH 1109,678.0,,
Q5ATDU,trung tâm thương mại,cẩm nhung,712.0,,
7EP14A,chợ,Chợ Xóm Mới,1100.0,,
7EP14A,chợ,Chợ An Hội,1200.0,,
7EP14A,chợ,Chợ Hạnh Thông Tây,1400.0,,
7EP14A,trường học,Trường Tiểu học Lam Sơn,354.0,,
7EP14A,trường học,Trường Tiểu Học Bán Trú - Nội Trú Nhật Tân,477.0,,
7EP14A,trường học,Trường Tiểu học Lương Thế Vinh,797.0,,
7EP14A,bệnh viện,Bệnh viện Đa khoa Gò Vấp,1700.0,,
7EP14A,công viên,Công viên Làng Hoa Gò Vấp,696.0,,
7EP14A,công viên,Isuzu sidewalk park,1200.0,,
7EP14A,công viên,Mercedes Sidewalk park,1200.0,,
7EP14A,siêu thị,Co.opmart SCA Phạm Văn Chiêu,356.0,,
7EP14A,siêu thị,Co-opmart Liên Hiệp Thành phố Hồ Chí Minh,1300.0,,
7EP14A,siêu thị,MM Mega Market Hiệp Phú,1900.0,,
7EP14A,trung tâm thương mại,Thế Giới Sữa,1500.0,,
7EP14A,trung tâm thương mại,669,1500.0,,
7EP14A,trung tâm thương mại,571,1600.0,,
8AVJB3,chợ,Chợ Thủ Đức B,1400.0,,
8AVJB3,chợ,Chợ An Bình,1600.0,,
8AVJB3,chợ,Chợ Khiết Tâm,1700.0,,
8AVJB3,trường học,Trường Tiểu học Đặng Văn Bất,558.0,,
8AVJB3,trường học,Trường Tiểu học Trương Văn Hải,575.0,,
8AVJB3,trường học,Trường Trung học phổ thông Tam Phú,595.0,,
8AVJB3,bệnh viện,Bệnh viện Đa khoa Thủ Đức,548.0,,
8AVJB3,bệnh viện,Trung tâm Điều dưỡng Người bệnh Tâm Thần Thủ Đức,770.0,,
8AVJB3,bệnh viện,Bệnh viện Đa khoa Hoàn Hảo Kei Mei Kai,1800.0,,
8AVJB3,công viên,Công viên Phú Đông Citizen,948.0,,
8AVJB3,công viên,Công viên phường Linh Chiểu,1700.0,,
8AVJB3,siêu thị,thumuagiuongtangmuskvn,1100.0,,
8AVJB3,siêu thị,thumuagiuonggocumuskvn,1100.0,,
8AVJB3,siêu thị,thu mua kệ siêu thị cũ muskvn,1200.0,,
8AVJB3,trung tâm thương mại,Th,459.0,,
8AVJB3,trung tâm thương mại,Nhge thuat,460.0,,
8AVJB3,trung tâm thương mại,TH Nghệ thuật,461.0,,
AH6XKY,chợ,Chợ An Nhơn,488.0,,
AH6XKY,chợ,Chợ Xóm Mới,1400.0,,
AH6XKY,trường học,Trường Tiểu học Lê Đức Thọ,475.0,,
AH6XKY,trường học,Trường Trung học cơ sở Lý Tự Trọng,548.0,,
AH6XKY,trường học,Trường Giáo dục Chuyên biệt Hy Vọng,619.0,,
AH6XKY,bệnh viện,Phòng Khám Đa Khoa Hữu Nghị,414.0,,
AH6XKY,bệnh viện,Bệnh viện Đa khoa Gò Vấp,1900.0,,
AH6XKY,công viên,Công viên Văn hóa Gò Vấp,1100.0,,
AH6XKY,công viên,Công viên Hòa Bình,1200.0,,
AH6XKY,siêu thị,WinMart,1500.0,,
AH6XKY,siêu thị,Co.opmart Phan Văn Trị,1900.0,,
AH6XKY,trung tâm thương mại,Thu giang,537.0,,
AH6XKY,trung tâm thương mại,Thiên hương,760.0,,
AH6XKY,trung tâm thương mại,571,809.0,,
0GBFQ9,chợ,Chợ Hiệp Bình Phước,1800.0,,
0GBFQ9,chợ,Chợ Hiệp Bình Chánh,1900.0,,
0GBFQ9,trường học,Trường Trung học phổ thông Hiệp Bình,151.0,,
0GBFQ9,trường học,Trường Tiểu học Đào Sơn Tây,220.0,,
0GBFQ9,trường học,Tiểu học Hiệp Bình Phước,633.0,,
0GBFQ9,bệnh viện,Bệnh viện Đại học Quốc tế Hồng Bàng,1400.0,,
0GBFQ9,siêu thị,Co.op Food KDC Thanh Niên,9.0,,
0GBFQ9,siêu thị,Phim cách nhiệt nhà kính NanoX,1400.0,,
0GBFQ9,siêu thị,Siêu thị Co.opMart Bình Triệu,1800.0,,
0GBFQ9,trung tâm thương mại,thom,838.0,,
KEJ3ZC,chợ,Chợ An Hội,554.0,,
KEJ3ZC,chợ,Chợ Hạnh Thông Tây,1100.0,,
KEJ3ZC,chợ,Chợ Cầu,1700.0,,
KEJ3ZC,trường học,"Trường Tiểu Học, Trung học cơ sở&Trung học phổ thông Hermann Gmeiner",283.0,,
KEJ3ZC,trường học,Trường Tiểu học Lương Thế Vinh,363.0,,
KEJ3ZC,trường học,Trường Trung học phổ thông Nguyễn Công Trứ,521.0,,
KEJ3ZC,bệnh viện,Bệnh viện Đa khoa Gò Vấp,1500.0,,
KEJ3ZC,công viên,Isuzu sidewalk park,98.0,,
KEJ3ZC,công viên,Mercedes Sidewalk park,753.0,,
KEJ3ZC,công viên,Công viên Làng Hoa Gò Vấp,919.0,,
KEJ3ZC,siêu thị,Co-opmart Liên Hiệp Thành phố Hồ Chí Minh,654.0,,
KEJ3ZC,siêu thị,Emart Phan Huy Ích,1300.0,,
KEJ3ZC,siêu thị,Co.opmart SCA Phạm Văn Chiêu,1400.0,,
Q1MYUQ,chợ,Chợ đầu mối Thủ Đức,806.0,,
Q1MYUQ,chợ,Chợ Tam Bình,1300.0,,
Q1MYUQ,chợ,Chợ Đêm Linh Trung,1400.0,,
Q1MYUQ,trường học,Trường Tiểu học Nguyễn Văn Tây,437.0,,
Q1MYUQ,trường học,Trường Tiểu học Bình Chiểu,625.0,,
Q1MYUQ,trường học,Trường Trung học cơ sở Bình Chiểu,884.0,,
Q1MYUQ,bệnh viện,Bệnh Viện Hoàn Hảo 2,1600.0,,
Q1MYUQ,bệnh viện,Bệnh viện Quốc tế Hạnh Phúc,1600.0,,
Q1MYUQ,công viên,Công Viên Chung cư Sunview Town,1200.0,,
Q1MYUQ,siêu thị,Coopmart Tam Bình,1600.0,,
Q1MYUQ,trung tâm thương mại,Cửa Hàng Sữa Tường Vi,550.0,,
Q1MYUQ,trung tâm thương mại,Shop Lam Anh,656.0,,
Q1MYUQ,trung tâm thương mại,Tạp Hóa Tuấn Đức,1100.0,,
8YMQ13,chợ,Chợ Cầu,1100.0,,
8YMQ13,chợ,Chợ An Hội,1100.0,,
8YMQ13,chợ,Chợ Lạc Quang,1700.0,,
8YMQ13,trường học,Trường Trung học cơ sở &Trung học phổ thông Bạch Đằng,613.0,,
8YMQ13,trường học,Trường Tiểu Học Hướng Dương,630.0,,
8YMQ13,trường học,Trường Trung học cơ sở-Trung học phổ thông Bắc Sơn,651.0,,
8YMQ13,bệnh viện,Bệnh viện Đa khoa Tâm Trí Sài Gòn,1600.0,,
8YMQ13,công viên,Isuzu sidewalk park,1400.0,,
8YMQ13,công viên,CÔNG VIÊN 8XLUS,1600.0,,
8YMQ13,công viên,Công viên Nguyễn Sỹ Sách,1800.0,,
8YMQ13,siêu thị,Emart Phan Huy Ích,554.0,,
8YMQ13,siêu thị,Co-opmart Liên Hiệp Thành phố Hồ Chí Minh,1000.0,,
8YMQ13,siêu thị,WinMart,1300.0,,
4RYDGF,chợ,Chợ Vườn Chuối,814.0,,
4RYDGF,chợ,Chợ Bàn Cờ,908.0,,
4RYDGF,chợ,An Dong Market,956.0,,
4RYDGF,trường học,Trường Quân sự Thành Phố Hồ Chí Minh,234.0,,
4RYDGF,trường học,Trường Quốc Tế Á Châu,271.0,,
4RYDGF,trường học,Trường Trung học cơ sở Cách Mạng Tháng Tám,292.0,,
4RYDGF,bệnh viện,Bệnh Viện Mắt Việt-Nga,450.0,,
4RYDGF,bệnh viện,Bệnh viện Bình Dân,523.0,,
4RYDGF,bệnh viện,Bệnh viện Mắt Thành phố Hồ Chí Minh,869.0,,
4RYDGF,công viên,Khu du lịch Kỳ Hòa,582.0,,
4RYDGF,công viên,Công viên Vườn Lài,833.0,,
4RYDGF,công viên,Công viên Thích Quảng Đức,1000.0,,
4RYDGF,siêu thị,Siêu Thị Co.opmart,307.0,,
4RYDGF,siêu thị,WinMart,417.0,,
4RYDGF,siêu thị,Maximart,439.0,,
4RYDGF,trung tâm thương mại,Vincom Plaza Ba Tháng Hai,395.0,,
4RYDGF,trung tâm thương mại,phu quy,627.0,,
4RYDGF,trung tâm thương mại,Saigon Mall Cao Thắng,993.0,,
9XM1KP,chợ,Chợ Long Phước,506.0,,
GTWXE2,chợ,Chợ Đa Kao,108.0,,
GTWXE2,chợ,Chợ Tân Định,733.0,,
GTWXE2,chợ,Chợ Bà Chiểu,1200.0,,
GTWXE2,trường học,Trường Trung học phổ thông Năng Khiếu Thể Dục Thể Thao,219.0,,
GTWXE2,trường học,Trường Trung học cơ sở Huỳnh Khương Ninh,259.0,,
GTWXE2,trường học,Trường Tiểu học Đinh Tiên Hoàng,270.0,,
GTWXE2,bệnh viện,Bệnh viện Đa khoa Bình Thạnh,732.0,,
GTWXE2,bệnh viện,Bệnh viện Đa khoa Tân Định,787.0,,
GTWXE2,bệnh viện,Viện Pasteur Thành phố Hồ Chí Minh,1100.0,,
GTWXE2,công viên,Công viên Lê Văn Tám,503.0,,
GTWXE2,công viên,Công trình cảnh quan Nhà thi đấu Phan Đình Phùng,1100.0,,
GTWXE2,công viên,Thảo Cầm Viên Sài Gòn,1200.0,,
GTWXE2,siêu thị,Trung Tâm Văn Hóa Đa Năng iMC,415.0,,
GTWXE2,siêu thị,Gạo Hồng Nhung,497.0,,
GTWXE2,siêu thị,Trung Tâm Mua Sắm Sài Gòn Square 3,677.0,,
GTWXE2,trung tâm thương mại,MIA  Luggage store,653.0,,
GTWXE2,trung tâm thương mại,Tạp Hóa Thu Bé Bự,753.0,,
GTWXE2,trung tâm thương mại,TTTM RomeA,1700.0,,
8UZMP3,chợ,Chợ Nghĩa Hòa,297.0,,
8UZMP3,chợ,Chợ Phạm Văn Hai,661.0,,
8UZMP3,chợ,Chợ Tân Bình,747.0,,
8UZMP3,trường học,Trường Trung học cơ sở Tân Bình,224.0,,
8UZMP3,trường học,Trường Trung học phổ thông&Trung học cơ sở Tư thục Trương Vĩnh Ký,277.0,,
8UZMP3,trường học,Trường Tiểu học Bành Văn Trân,286.0,,
8UZMP3,bệnh viện,Bệnh viện 1A,565.0,,
8UZMP3,bệnh viện,Bệnh viện Thống Nhất,579.0,,
8UZMP3,bệnh viện,Bệnh viện Đa khoa Tân Bình,584.0,,
8UZMP3,công viên,Công viên Nhà thi đấu Tân Bình,713.0,,
8UZMP3,công viên,Công viên Chung cư Lê Thị Riêng,920.0,,
8UZMP3,công viên,Công viên Hoàng Văn Thụ,1500.0,,
8UZMP3,siêu thị,WinMart,444.0,,
8UZMP3,siêu thị,Bách Hóa Xanh,682.0,,
8UZMP3,siêu thị,B's mart,974.0,,
8UZMP3,trung tâm thương mại,Pico Plaza,1300.0,,
8UZMP3,trung tâm thương mại,LOTTE Mart Cộng Hòa,1300.0,,
8UZMP3,trung tâm thương mại,Bách hóa tổng hợp,1500.0,,
JPQHS0,chợ,Chợ Phú Lâm,379.0,,
JPQHS0,chợ,Chợ Tân Hòa Đông,654.0,,
JPQHS0,chợ,Chợ Phú Định,852.0,,
JPQHS0,trường học,Trường Trung học phổ thông tư thục Phú Lâm,348.0,,
JPQHS0,trường học,Trường Tiểu học Him Lam,387.0,,
JPQHS0,trường học,Trường Tiểu học Đặng Nguyên Cẩn,443.0,,
JPQHS0,bệnh viện,Bệnh viện Đa khoa Bình Phú,1100.0,,
JPQHS0,bệnh viện,Bệnh Viện Quốc Tế Minh Anh,1700.0,,
JPQHS0,công viên,Công viên Bãi Cát,332.0,,
JPQHS0,công viên,Công viên Phú Lâm,786.0,,
JPQHS0,công viên,Công Viên 158 Phan Anh,1100.0,,
JPQHS0,siêu thị,Satra Foods,135.0,,
JPQHS0,siêu thị,Co.op Food,529.0,,
JPQHS0,siêu thị,Co.opMart Phú Lâm,592.0,,
JPQHS0,trung tâm thương mại,Nhi,1100.0,,
JPQHS0,trung tâm thương mại,Phú lâm,1700.0,,
JPQHS0,trung tâm thương mại,Thiên,1700.0,,
7D8RBA,chợ,Chợ Bình Long,1800.0,,
7D8RBA,trường học,Trường Tiểu học Phù Đổng,295.0,,
7D8RBA,trường học,Trường Tiểu học Bình Thuận,927.0,,
7D8RBA,trường học,Trung tâm Giáo dục thường xuyên quận Bình Tân,1000.0,,
7D8RBA,bệnh viện,Trạm Y Tế phường Bình Hưng Hòa,1100.0,,
7D8RBA,siêu thị,Bách Hóa XXanh 175C Đường Số 8,1700.0,,
7D8RBA,siêu thị,Bách Hóa Xanh,1700.0,,
7D8RBA,siêu thị,Siêu thị Co.opmart Bình Tân 2,2000.0,,
7D8RBA,trung tâm thương mại,Cửa Hàng Thực Phẩm Tiện Lợi Satra Food,1800.0,,
61FW8Y,chợ,Chợ Liên Ấp 123,868.0,,
61FW8Y,trường học,Trường Tiểu học Lại Hùng Cường,798.0,,
61FW8Y,trường học,Trường Tiểu học Hoàng Văn Thụ,981.0,,
61FW8Y,trường học,Trường Tiểu học Trí Tuệ Việt,1000.0,,
61FW8Y,công viên,Công viên Hồ trái tim,1100.0,,
61FW8Y,trung tâm thương mại,Công Ty TNHH Trang Thiết Bị Bảo Hộ Thiên Phúc,371.0,,
61FW8Y,trung tâm thương mại,Dịch Vụ Mua Hàng Tại Mỹ,973.0,,
RT3D3J,chợ,Chợ Linh Xuân,543.0,,
RT3D3J,chợ,Chợ An Bình,1400.0,,
RT3D3J,chợ,Chợ Linh Trung,1600.0,,
RT3D3J,trường học,Trường Mầm Non Vầng Dương,99.0,,
RT3D3J,trường học,Trường Tiểu Học Nguyễn Văn Lịch,378.0,,
RT3D3J,trường học,Trường Trung học cơ sở Xuân Trường,489.0,,
RT3D3J,bệnh viện,Bệnh Viện Hoà Hảo,843.0,,
RT3D3J,bệnh viện,Bệnh viện Đa khoa Hoàn Hảo Kei Mei Kai,882.0,,
RT3D3J,bệnh viện,Bệnh viện Hoàn Mỹ Thủ Đức,1600.0,,
RT3D3J,công viên,Vườn tượng Danh nhân,1100.0,,
RT3D3J,công viên,Công viên Phú Đông Citizen,1700.0,,
RT3D3J,công viên,Công viên đường số 9,1900.0,,
RT3D3J,siêu thị,Co.op Xtra,958.0,,
RT3D3J,siêu thị,GO! Dĩ An,1800.0,,
RT3D3J,trung tâm thương mại,Tạp Hóa Kim Hồng,133.0,,
RT3D3J,trung tâm thương mại,thuận đào,558.0,,
RT3D3J,trung tâm thương mại,đức trí,570.0,,
3DWZCQ,chợ,Chợ Tân Phú,977.0,,
3DWZCQ,trường học,Trường Tiểu học Tân Phú,626.0,,
3DWZCQ,trường học,Trường Tiểu học Nguyễn Minh Quang,632.0,,
3DWZCQ,trường học,Trường Trung học cơ sở Tân Phú,860.0,,
3DWZCQ,bệnh viện,Bệnh viện Ung bướu cơ sở 2,1100.0,,
3DWZCQ,công viên,Khu tưởng niệm Bến Nọc,1400.0,,
3DWZCQ,siêu thị,Siêu thị 621,1500.0,,
3DWZCQ,trung tâm thương mại,Chợ Đêm Man Thiện,1800.0,,
YFZJ1D,chợ,Chợ Sơn Kỳ,2000.0,,
YFZJ1D,trường học,Trường Tiểu học Bình Hưng Hòa,386.0,,
YFZJ1D,trường học,Trường Trung học cơ sở Bình Hưng Hoà,614.0,,
YFZJ1D,trường học,Trường Trung học phổ thông Bình Hưng Hòa,628.0,,
YFZJ1D,bệnh viện,Yoga trị liệu l Ci Yoga Therapy CN Celadon,1300.0,,
YFZJ1D,công viên,Công viên Gia Phú,745.0,,
YFZJ1D,công viên,Công viên Sơn Kỳ,883.0,,
YFZJ1D,công viên,Công viên Thuận Kiều,1600.0,,
YFZJ1D,trung tâm thương mại,Nhà đậu xe Aeon Mall Tân Phú Celadon;Commercial_AEONMallTanPhu Storie 4,1800.0,,
KJNQGC,trường học,Trường Tiểu học Long Bình,436.0,,
KJNQGC,trường học,Trường Trung học phổ thông Nguyễn Văn Tăng,500.0,,
KJNQGC,trường học,Trường Trung học cơ sở Hưng Bình,824.0,,
KJNQGC,công viên,Công viên Cầu Vồng,1600.0,,
KJNQGC,công viên,Hồ Sen Súng,1900.0,,
KJNQGC,công viên,Công viên Chloe Demure,2000.0,,
KJNQGC,siêu thị,HiepDoanShop,1200.0,,
KJNQGC,siêu thị,King Food Mart - S10.02 Vinhomes Grand Park,1200.0,,
KJNQGC,trung tâm thương mại,Phố Thương Mại,1200.0,,
KJNQGC,trung tâm thương mại,Vincom Mega Mall,1600.0,,
5KRQZ7,chợ,Chợ Vườn Chuối,217.0,,
5KRQZ7,chợ,Chợ Bàn Cờ,489.0,,
5KRQZ7,chợ,Chợ Thái Bình,836.0,,
5KRQZ7,trường học,Trường Tiểu học Lương Định Của,169.0,,
5KRQZ7,trường học,Trường Trung học cơ sở Bàn Cờ,186.0,,
5KRQZ7,trường học,Trường Tiểu học Nguyễn Sơn Hà,276.0,,
5KRQZ7,bệnh viện,Bệnh viện Bình Dân,310.0,,
5KRQZ7,bệnh viện,Bệnh viện Từ Dũ (khu M),463.0,,
5KRQZ7,bệnh viện,Bệnh Viện Mắt Việt-Nga,609.0,,
5KRQZ7,công viên,Công viên Thích Quảng Đức,532.0,,
5KRQZ7,công viên,Công viên Phong Châu,603.0,,
5KRQZ7,công viên,Công viên Âu Lạc,804.0,,
5KRQZ7,siêu thị,FamilyMart,238.0,,
5KRQZ7,siêu thị,Circle k,248.0,,
5KRQZ7,siêu thị,Siêu Thị Aeon Citimart Cao Thắng,285.0,,
5KRQZ7,trung tâm thương mại,Tạp Hóa Anh Duy,228.0,,
5KRQZ7,trung tâm thương mại,Saigon Mall Cao Thắng,297.0,,
5KRQZ7,trung tâm thương mại,phu quy,323.0,,
DCTDMH,chợ,Chợ Phước Long B,950.0,,
DCTDMH,chợ,Chợ Từ Đức,1300.0,,
DCTDMH,chợ,Chợ Thủ Đức B,1900.0,,
DCTDMH,trường học,Trường Trung học cơ sở - Trung học phổ thông Hoa Sen,458.0,,
DCTDMH,trường học,Trường Trung học phổ thông An Dương Vương,590.0,,
DCTDMH,trường học,Trường Tiểu học Inspire - Khai Nguyên - Cơ sở Tú Xương - Thành phố Thủ Đức,601.0,,
DCTDMH,bệnh viện,Bệnh viện Quân Dân y Miền Đông,1400.0,,
DCTDMH,công viên,Công viên Thống Nhất,838.0,,
DCTDMH,công viên,Công viên Moonlight,908.0,,
DCTDMH,công viên,Công viên sau trường Nguyễn Hữu Huân,1100.0,,
DCTDMH,siêu thị,Co.opFood,141.0,,
DCTDMH,siêu thị,Tops,901.0,,
DCTDMH,siêu thị,Coopmart,1400.0,,
DCTDMH,trung tâm thương mại,tiến đạt,1200.0,,
DCTDMH,trung tâm thương mại,Vincom Plaza Thủ Đức,1400.0,,
DCTDMH,trung tâm thương mại,sỹ diễm,1700.0,,
379NUQ,chợ,Chợ Long Trường,1700.0,,
379NUQ,trung tâm thương mại,Thuan,1500.0,,
K4RUMC,chợ,Chợ Sơn Kỳ,865.0,,
K4RUMC,chợ,Chợ Tân Hương,987.0,,
K4RUMC,chợ,Chợ Võ Thành Trang,1300.0,,
K4RUMC,trường học,Trường Trung học cơ sở Đặng Trần Côn,71.0,,
K4RUMC,trường học,Trường Trung học phổ thông Tân Bình,264.0,,
K4RUMC,trường học,Trường Trung học phổ thông Thành Nhân,302.0,,
K4RUMC,bệnh viện,Yoga trị liệu l Ci Yoga Therapy CN Celadon,1400.0,,
K4RUMC,bệnh viện,Bệnh Viện Đa Khoa Mỹ Đức,1700.0,,
K4RUMC,công viên,Địa đạo Phú Thọ Hòa,1800.0,,
K4RUMC,công viên,Công viên Bàu Cát 3,1800.0,,
K4RUMC,công viên,Công viên Sơn Kỳ,1900.0,,
K4RUMC,siêu thị,Cửa Hàng 137FoodMart,122.0,,
K4RUMC,siêu thị,Cửa Hàng Cung Cấp Đồ Hóa Trang Hoa Chí Tín,371.0,,
K4RUMC,siêu thị,Shop Vinafood,824.0,,
K4RUMC,trung tâm thương mại,Nhà đậu xe Aeon Mall Tân Phú Celadon;Commercial_AEONMallTanPhu Storie 4,983.0,,
K4RUMC,trung tâm thương mại,Cửa Hàng Gạo Hạt Ngọc Trời,1900.0,,
13ARE6,chợ,Chợ Phú Thuận,1400.0,,
13ARE6,trường học,Trường Song Ngữ Quốc Tế EMASI Nam Long,544.0,,
13ARE6,trường học,Trường Tiểu học Phú Thuận,618.0,,
13ARE6,trường học,Trường Trung học cơ sở Huỳnh Tấn Phát,900.0,,
13ARE6,bệnh viện,BỆNH VIỆN MẮT,1100.0,,
13ARE6,bệnh viện,Bệnh viện Đa khoa Nguyễn Thị Thập,1500.0,,
13ARE6,bệnh viện,Nhà Thuốc Thái Thanh,1700.0,,
13ARE6,công viên,Eco Green Central Park,1600.0,,
13ARE6,siêu thị,BHX 163 Trần Trọng Cung,352.0,,
13ARE6,siêu thị,WinMart,609.0,,
13ARE6,siêu thị,Southern AEON Citimart Tân Thuận,1200.0,,
13ARE6,trung tâm thương mại,Tiệm Đồ Hồi Giáo,556.0,,
13ARE6,trung tâm thương mại,Vincom Plus Nam Long Quận 7,597.0,,
8DSX43,chợ,Chợ Bình Thới,714.0,,
8DSX43,chợ,Chợ Phú Thọ,885.0,,
8DSX43,chợ,Chợ Bình Tây,898.0,,
8DSX43,trường học,Trường Trung học phổ thông Nam Kỳ Khởi Nghĩa,188.0,,
8DSX43,trường học,Trường Tiểu học Lê Đình Chinh,230.0,,
8DSX43,trường học,Trường Trung học cơ sở Hậu Giang,240.0,,
8DSX43,bệnh viện,Bệnh viện Đa khoa Lãnh Binh Thăng,417.0,,
8DSX43,bệnh viện,Bệnh viện Chợ Rẫy,1200.0,,
8DSX43,bệnh viện,Bệnh viện Răng Hàm Mặt Trung ương Thành phố Hồ Chí Minh,1300.0,,
8DSX43,công viên,Công viên Cây Mai,516.0,,
8DSX43,công viên,Công viên Dương Đình Nghệ,639.0,,
8DSX43,công viên,Công viên Lãnh Binh Thăng,703.0,,
8DSX43,siêu thị,Co.opmart Hậu Giang,950.0,,
8DSX43,siêu thị,Coopmart Lý Thường Kiệt,1500.0,,
8DSX43,siêu thị,Cửa Hàng Mua Sắm Citimart,1500.0,,
8DSX43,trung tâm thương mại,The Garden Mall,806.0,,
8DSX43,trung tâm thương mại,Chợ vải Soái Kình Lâm,1100.0,,
8DSX43,trung tâm thương mại,Lotteria,1200.0,,
KJXR5C,chợ,Chợ Rạch Ông,971.0,,
KJXR5C,chợ,Chợ Cầu Dừa,1100.0,,
KJXR5C,chợ,Chợ Tân Kiểng 2,1200.0,,
KJXR5C,trường học,Trường Trung học cơ sở Nguyễn Huệ,574.0,,
KJXR5C,trường học,Trung Tâm Ngoại Ngữ,603.0,,
KJXR5C,trường học,Trường tiểu học Nguyễn Trực,689.0,,
KJXR5C,bệnh viện,Bệnh viện Đa khoa Tân Hưng,296.0,,
KJXR5C,bệnh viện,Bệnh viện Phước An,713.0,,
KJXR5C,bệnh viện,Nha Khoa SingDent,1100.0,,
KJXR5C,công viên,Công viên Cầu Rạch Ông,299.0,,
KJXR5C,công viên,Công viên Khánh Hội,929.0,,
KJXR5C,công viên,Công viên Phường 5,1100.0,,
KJXR5C,siêu thị,Siêu Thị Tiện Lợi Citi Mart,655.0,,
KJXR5C,siêu thị,Co.op Food - Nguyễn Khoái,690.0,,
KJXR5C,siêu thị,Co.op Food,1100.0,,
KJXR5C,trung tâm thương mại,Lotte Department Store,1200.0,,
KJXR5C,trung tâm thương mại,Tạp Hóa Quỳnh Loan,1200.0,,
KJXR5C,trung tâm thương mại,LOTTE Mart Quận 7,1200.0,,
3DRD2Q,chợ,Chợ Cây Điệp,588.0,,
3DRD2Q,chợ,Chợ Bà Chiểu,1200.0,,
3DRD2Q,chợ,Chợ Cây Quéo,1600.0,,
3DRD2Q,trường học,Trường Tiểu học Bình Hòa,474.0,,
3DRD2Q,trường học,Trung Tâm Dạy Nghề Bình Thạnh,528.0,,
3DRD2Q,trường học,Trường Trung học cơ sở Rạng Đông,554.0,,
3DRD2Q,bệnh viện,Bệnh viện Ung bướu,1100.0,,
3DRD2Q,bệnh viện,Bệnh viện Nhân dân Gia Định,1200.0,,
3DRD2Q,bệnh viện,Bệnh Viện Quốc Tế Columbia Asia,1200.0,,
3DRD2Q,công viên,Công viên trung tâm HCA,217.0,,
3DRD2Q,công viên,Công viên Văn hóa Phú Nhuận,1500.0,,
3DRD2Q,công viên,Công viên Bến Hải,1600.0,,
3DRD2Q,siêu thị,Co.op Mart - Chu Văn An,368.0,,
3DRD2Q,siêu thị,WinMart,473.0,,
3DRD2Q,siêu thị,Siêu Thị Bình Hòa,480.0,,
3DRD2Q,trung tâm thương mại,Trung Tâm Thương Mại Vincom Plaza Gò Vấp,2000.0,,
RNMRFJ,chợ,Chợ Cầu,241.0,,
RNMRFJ,chợ,Chợ An Sương,1400.0,,
RNMRFJ,chợ,Chợ An Hội,1400.0,,
RNMRFJ,trường học,Trường Tiểu Học Nguyễn Khuyến,553.0,,
RNMRFJ,trường học,Trường Trung học phổ thông Thăng Long,680.0,,
RNMRFJ,trường học,AVSE,696.0,,
RNMRFJ,bệnh viện,Bệnh viện Đa khoa Trung Mỹ Tây,1400.0,,
RNMRFJ,công viên,Công viên Phần mềm Quang Trung,820.0,,
RNMRFJ,công viên,Isuzu sidewalk park,1900.0,,
RNMRFJ,siêu thị,Emart Phan Huy Ích,832.0,,
RNMRFJ,siêu thị,Co-opmart Liên Hiệp Thành phố Hồ Chí Minh,1300.0,,
RNMRFJ,trung tâm thương mại,Nhà Phân Phối Diana Unicharm,1200.0,,
5BPGB7,chợ,Chợ Lò Than,504.0,,
5BPGB7,chợ,Chợ Nguyễn Chế Nghĩa,610.0,,
5BPGB7,chợ,Chợ Bình Đông,709.0,,
5BPGB7,trường học,Trường Tiểu học Hồng Đức,257.0,,
5BPGB7,trường học,Trường Trung học phổ thông Phạm Phú Thứ,484.0,,
5BPGB7,trường học,Trường Tiểu học Kim Đồng,607.0,,
5BPGB7,bệnh viện,Trung tâm Y tế Dự phòng Quận 8,1800.0,,
5BPGB7,bệnh viện,Bệnh viện Công an Thành phố Hồ Chí Minh,1800.0,,
5BPGB7,bệnh viện,Bệnh viện Đa khoa Bình Phú,1800.0,,
5BPGB7,công viên,Công viên Lê Lợi,887.0,,
5BPGB7,công viên,Công viên Cửu Long,1400.0,,
5BPGB7,công viên,Công viên Phúc An Khang,1400.0,,
5BPGB7,siêu thị,Siêu thị Co.opmart Tuy Lý Vương,822.0,,
5BPGB7,siêu thị,Co.opmart Hậu Giang,1400.0,,
5BPGB7,trung tâm thương mại,Satra Centre Mall,488.0,,
5BPGB7,trung tâm thương mại,Tạp Hóa Hồng Linh,740.0,,
5BPGB7,trung tâm thương mại,Cty TNHH MTV XNK Phong Vân,1100.0,,
SC0035,chợ,Chợ Chim Xanh,254.0,,
SC0035,chợ,Chợ Phú Thọ,565.0,,
SC0035,chợ,Chợ Hoa Tươi Đầm Sen,912.0,,
SC0035,trường học,Lớp Học Nhạc - Hoạ Trí,203.0,,
SC0035,trường học,Trường Tiểu học Quyết Thắng,211.0,,
SC0035,trường học,Trường Tiểu học Đại Thành,392.0,,
SC0035,bệnh viện,Bệnh viện Đa khoa Lãnh Binh Thăng,738.0,,
SC0035,bệnh viện,Bệnh viện Trưng Vương,1000.0,,
SC0035,bệnh viện,Trung Tâm Hiến Múa Nhân Đạo,1100.0,,
SC0035,công viên,Công viên Lãnh Binh Thăng,414.0,,
SC0035,công viên,Công viên Dương Đình Nghệ,479.0,,
SC0035,công viên,Công viên Phú Hòa,659.0,,
SC0035,siêu thị,Siêu Thị Co.opMart - Phú Thọ,514.0,,
SC0035,siêu thị,Coopmart Lý Thường Kiệt,1400.0,,
SC0035,siêu thị,VinMart+,1400.0,,
SC0035,trung tâm thương mại,Lotte Department Store,842.0,,
SC0035,trung tâm thương mại,Lotteria,882.0,,
SC0035,trung tâm thương mại,The Garden Mall,1500.0,,
6A44V8,chợ,Chợ Chim Xanh,234.0,,
6A44V8,chợ,Chợ Phú Thọ,579.0,,
6A44V8,chợ,Chợ Hoa Tươi Đầm Sen,892.0,,
6A44V8,trường học,Lớp Học Nhạc - Hoạ Trí,223.0,,
6A44V8,trường học,Trường Tiểu học Quyết Thắng,233.0,,
6A44V8,trường học,Trường Tiểu học Đại Thành,389.0,,
6A44V8,bệnh viện,Bệnh viện Đa khoa Lãnh Binh Thăng,730.0,,
6A44V8,bệnh viện,Bệnh viện Trưng Vương,1000.0,,
6A44V8,bệnh viện,Trung Tâm Hiến Múa Nhân Đạo,1100.0,,
6A44V8,công viên,Công viên Lãnh Binh Thăng,410.0,,
6A44V8,công viên,Công viên Dương Đình Nghệ,476.0,,
6A44V8,công viên,Công viên Phú Hòa,639.0,,
6A44V8,siêu thị,Siêu Thị Co.opMart - Phú Thọ,526.0,,
6A44V8,siêu thị,Coopmart Lý Thường Kiệt,1400.0,,
6A44V8,siêu thị,VinMart+,1500.0,,
6A44V8,trung tâm thương mại,Lotte Department Store,861.0,,
6A44V8,trung tâm thương mại,Lotteria,900.0,,
6A44V8,trung tâm thương mại,The Garden Mall,1500.0,,
8YWFP3,chợ,Chợ Xóm Chiếu,239.0,,
8YWFP3,chợ,Chợ Hãng Phân,436.0,,
8YWFP3,chợ,Chợ Cháy,657.0,,
8YWFP3,trường học,Trường Tiểu học Bạch Đằng,167.0,,
8YWFP3,trường học,Trường Tiểu học Nguyễn Văn Trỗi,247.0,,
8YWFP3,trường học,Trường Trung học cơ sở Chi Lăng,346.0,,
8YWFP3,bệnh viện,Bệnh viện Đa khoa Khánh Hội,231.0,,
8YWFP3,bệnh viện,Trung Tâm Y Tế Dự Phòng - Phòng Khám Tiêm Phòng,343.0,,
8YWFP3,bệnh viện,Bệnh viện Nhân dân Gia Định - cơ sở 2,1000.0,,
8YWFP3,công viên,Công viên Phường 12,47.0,,
8YWFP3,công viên,Công viên Phường 5,842.0,,
8YWFP3,công viên,Công viên Bến Bạch Đằng,873.0,,
8YWFP3,siêu thị,Focomart,179.0,,
8YWFP3,siêu thị,Phụ kiện trang trí sinh nhật Ellie Party,456.0,,
8YWFP3,siêu thị,Satra Foods,456.0,,
8YWFP3,trung tâm thương mại,Thu,217.0,,
8YWFP3,trung tâm thương mại,Chợ Dân Sinh,684.0,,
8YWFP3,trung tâm thương mại,Trung Tâm Mua Sắm Russian,995.0,,
3DWWSQ,chợ,Chợ Hoa Tươi Đầm Sen,500.0,,
3DWWSQ,chợ,Chợ Phú Trung,543.0,,
3DWWSQ,chợ,Chợ Chim Xanh,575.0,,
3DWWSQ,trường học,TT Kỹ Thuật Tổng Hợp Hướng Nghiệp Quận 11,235.0,,
3DWWSQ,trường học,Trường Trung học cơ sở Nguyễn Huệ,246.0,,
3DWWSQ,trường học,Trường Tiểu học Trần Văn Ơn,258.0,,
3DWWSQ,bệnh viện,Trung Tâm Hiến Múa Nhân Đạo,1100.0,,
3DWWSQ,bệnh viện,Bệnh viện Đa khoa Lãnh Binh Thăng,1100.0,,
3DWWSQ,bệnh viện,Bệnh viện Trưng Vương,1300.0,,
3DWWSQ,công viên,Công viên Phú Hòa,304.0,,
3DWWSQ,công viên,Công viên Tân Phước,750.0,,
3DWWSQ,công viên,Công viên Lãnh Binh Thăng,917.0,,
3DWWSQ,siêu thị,Siêu Thị Co.opMart - Phú Thọ,630.0,,
3DWWSQ,siêu thị,USAMua - Mua Hàng Mỹ,1600.0,,
3DWWSQ,siêu thị,Siêu Thị Auchan Lũy Bán Bích,1600.0,,
3DWWSQ,trung tâm thương mại,Lotte Department Store,1400.0,,
3DWWSQ,trung tâm thương mại,Bách hóa tổng hợp,1400.0,,
3DWWSQ,trung tâm thương mại,Lotteria,1500.0,,
6AF708,chợ,Chợ Khiết Tâm,919.0,,
6AF708,chợ,Chợ Tam Bình,1100.0,,
6AF708,chợ,Chợ An Bình,1400.0,,
6AF708,trường học,Trường Tiểu học Thái Văn Lung,236.0,,
6AF708,trường học,Trường Trung học cơ sở Thái Văn Lung,261.0,,
6AF708,trường học,Trường Trung học phổ thông Tam Phú,329.0,,
6AF708,bệnh viện,Trung tâm Điều dưỡng Người bệnh Tâm Thần Thủ Đức,151.0,,
6AF708,bệnh viện,Bệnh viện Đa khoa Thủ Đức,437.0,,
6AF708,bệnh viện,Bệnh viện Đa khoa Hoàn Hảo Kei Mei Kai,1900.0,,
6AF708,công viên,Công viên Phú Đông Citizen,1200.0,,
6AF708,công viên,Công Viên Chung cư Sunview Town,1800.0,,
6AF708,siêu thị,Coopmart Tam Bình,1300.0,,
6AF708,trung tâm thương mại,Th,525.0,,
6AF708,trung tâm thương mại,TH Nghệ thuật,527.0,,
6AF708,trung tâm thương mại,Nhge thuat,534.0,,
6A4W68,chợ,Chợ Hiệp Thành,1100.0,,
6A4W68,trường học,Trường Trung học cơ sở Tân Thới Hiệp,1300.0,,
6A4W68,trường học,Trường Tiểu học Trần Quốc Toản,1300.0,,
6A4W68,trường học,Trường Tiểu học Nguyễn Trãi,1400.0,,
6A4W68,bệnh viện,188 Beauty Spa quận 12 | Viện thẩm mỹ hàng đầu tpHCM,1300.0,,
6A4W68,siêu thị,CoopMart Hiệp Thành,1200.0,,
6A4W68,trung tâm thương mại,Cửa Hàng Sữa Dony,181.0,,
6A4W68,trung tâm thương mại,Tạp Hóa Út Huệ,207.0,,
6A4W68,trung tâm thương mại,SuSu,1100.0,,
SC0PU5,chợ,Chợ Tân Hòa Đông,160.0,,
SC0PU5,chợ,Chợ Phú Lâm,567.0,,
SC0PU5,chợ,Chợ Cây Da Sà,930.0,,
SC0PU5,trường học,Trường Trung học cơ sở Đoàn Kết,195.0,,
SC0PU5,trường học,Trường Trung học phổ thông Trần Nhân Tông,405.0,,
SC0PU5,trường học,Trường Trung học phổ thông tư thục Phú Lâm,515.0,,
SC0PU5,bệnh viện,Bệnh viện Đa khoa Bình Phú,1600.0,,
SC0PU5,bệnh viện,Bệnh Viện Quốc Tế Minh Anh,1900.0,,
SC0PU5,công viên,Công viên Bãi Cát,194.0,,
SC0PU5,công viên,Công Viên 158 Phan Anh,566.0,,
SC0PU5,công viên,Lương Thế Vinh,764.0,,
SC0PU5,siêu thị,Satra Foods,374.0,,
SC0PU5,siêu thị,Bách Hóa XANH,488.0,,
SC0PU5,siêu thị,Co.opMart Phú Lâm,842.0,,
SC0PU5,trung tâm thương mại,Nhi,1600.0,,
RTQQTJ,chợ,Chợ Tân Định,338.0,,
RTQQTJ,chợ,Chợ Phú Nhuận,809.0,,
RTQQTJ,chợ,Chợ Nguyễn Văn Trỗi,862.0,,
RTQQTJ,trường học,Trường Tiểu học Nguyễn Thái Sơn,129.0,,
RTQQTJ,trường học,Trường Trung học phổ thông Nguyễn Thị Diệu,194.0,,
RTQQTJ,trường học,Trường Tiểu học Nguyễn Thanh Tuyền,296.0,,
RTQQTJ,bệnh viện,Viện Pasteur Thành phố Hồ Chí Minh,294.0,,
RTQQTJ,bệnh viện,Bệnh viện Đa khoa Tân Định,303.0,,
RTQQTJ,bệnh viện,Bệnh viện Y học cổ truyền Thành phố Hồ Chí Minh,320.0,,
RTQQTJ,công viên,Đài liệt sĩ Quận 3,569.0,,
RTQQTJ,công viên,Công viên Lê Văn Tám,694.0,,
RTQQTJ,công viên,Công trình cảnh quan Nhà thi đấu Phan Đình Phùng,1000.0,,
RTQQTJ,siêu thị,Trung Tâm Văn Hóa Đa Năng iMC,754.0,,
RTQQTJ,siêu thị,Trung Tâm Mua Sắm Sài Gòn Square 3,813.0,,
RTQQTJ,siêu thị,Co.opMart,828.0,,
RTQQTJ,trung tâm thương mại,Tạp Hóa Thu Bé Bự,312.0,,
RTQQTJ,trung tâm thương mại,MIA  Luggage store,494.0,,
RTQQTJ,trung tâm thương mại,TTTM RomeA,1200.0,,
85FPX3,chợ,Chợ Bình Đông,404.0,,
85FPX3,chợ,Chợ Bình An,520.0,,
85FPX3,chợ,Chợ Lò Than,862.0,,
85FPX3,trường học,Trường Tiểu học Hồng Đức,289.0,,
85FPX3,trường học,Trường Tiểu học Kim Đồng,461.0,,
85FPX3,trường học,Trường Tiểu học Bùi Minh Trực,615.0,,
85FPX3,bệnh viện,Bệnh viện Đa khoa Bình Phú,1700.0,,
85FPX3,công viên,Công viên Lê Lợi,1200.0,,
85FPX3,công viên,Công viên Phúc An Khang,1200.0,,
85FPX3,công viên,Công viên Lò Gốm,1400.0,,
85FPX3,siêu thị,Siêu thị Co.opmart Tuy Lý Vương,1200.0,,
85FPX3,siêu thị,Co.opmart Hậu Giang,1500.0,,
85FPX3,siêu thị,Siêu thị MM Mega Market Bình Phú,1800.0,,
85FPX3,trung tâm thương mại,Satra Centre Mall,719.0,,
85FPX3,trung tâm thương mại,Cty TNHH MTV XNK Phong Vân,1000.0,,
85FPX3,trung tâm thương mại,Tạp Hóa Hồng Linh,1100.0,,
EP1V84,chợ,Chợ Ngã Ba Bầu,1300.0,,
EP1V84,chợ,Chợ Hiệp Thành,1600.0,,
EP1V84,chợ,Chợ Tân Chánh Hiệp,1600.0,,
EP1V84,trường học,Trường Trung học cơ sở Trần Quang Khải,508.0,,
EP1V84,trường học,Trường Tiểu học Võ Thị Sáu,797.0,,
EP1V84,trường học,Trường Tiểu học Nguyễn Thái Bình,1000.0,,
EP1V84,bệnh viện,Bệnh viện Đa khoa Trung Mỹ Tây,1300.0,,
EP1V84,bệnh viện,188 Beauty Spa quận 12 | Viện thẩm mỹ hàng đầu tpHCM,1600.0,,
EP1V84,công viên,Công Viên Trúc Lâm,517.0,,
EP1V84,công viên,The parkland,557.0,,
EP1V84,công viên,Cây xanh,577.0,,
EP1V84,siêu thị,CoopMart Hiệp Thành,1600.0,,
EP1V84,siêu thị,Co-opmart Tô Ký,1700.0,,
EP1V84,siêu thị,Bách hóa XANH.COM,1700.0,,
EP1V84,trung tâm thương mại,SuSu,1600.0,,
EP1V84,trung tâm thương mại,Nhà Phân Phối Diana Unicharm,1600.0,,
W0NE0R,chợ,Chợ Hồ Trọng Quý,48.0,,
W0NE0R,chợ,Chợ Phú Định,881.0,,
W0NE0R,chợ,Chợ An Dương Vương,1100.0,,
W0NE0R,trường học,Trường Trung học cơ sở Phú Định,361.0,,
W0NE0R,trường học,Trường Tiểu học Hùng Vương,431.0,,
W0NE0R,trường học,Trường Tiểu học Phạm Văn Chí - Cơ sở 2,479.0,,
W0NE0R,bệnh viện,Bệnh viện Đa khoa Bình Phú,733.0,,
W0NE0R,bệnh viện,Nhà Thuốc Tây Quàng Hòa,1400.0,,
W0NE0R,bệnh viện,Bệnh viện Triều An,1700.0,,
W0NE0R,công viên,Công viên Lò Gốm,158.0,,
W0NE0R,công viên,Công viên Bình Phú,259.0,,
W0NE0R,công viên,Công viên Phú Lâm,1200.0,,
W0NE0R,siêu thị,Siêu thị MM Mega Market Bình Phú,278.0,,
W0NE0R,siêu thị,Co.op Food,1100.0,,
W0NE0R,siêu thị,Co.opMart Phú Lâm,1600.0,,
W0NE0R,trung tâm thương mại,Phú lâm,94.0,,
W0NE0R,trung tâm thương mại,Thiên,175.0,,
W0NE0R,trung tâm thương mại,Nhi,601.0,,
5DEK57,chợ,Chợ Hiệp Thành,1400.0,,
5DEK57,trường học,Trường Tiểu học Trần Quốc Toản,925.0,,
5DEK57,trường học,Trường Trung học cơ sở Nguyễn Trung Trực,980.0,,
5DEK57,trường học,Trường Tiểu học Nguyễn Trãi,1100.0,,
5DEK57,bệnh viện,188 Beauty Spa quận 12 | Viện thẩm mỹ hàng đầu tpHCM,1400.0,,
5DEK57,siêu thị,CoopMart Hiệp Thành,1400.0,,
5DEK57,trung tâm thương mại,Cửa Hàng Sữa Dony,468.0,,
5DEK57,trung tâm thương mại,Tạp Hóa Út Huệ,601.0,,
5DEK57,trung tâm thương mại,thảo nguyên 1A,856.0,,
DERR4H,chợ,Chợ Bàn Cờ,385.0,,
DERR4H,chợ,Ho Thi Ky Food Street,609.0,,
DERR4H,chợ,Chợ Hoa Hồ Thị Kỷ,636.0,,
DERR4H,trường học,Trường Tiểu học Điện Biên,372.0,,
DERR4H,trường học,Trường Tiểu học Nguyễn Sơn Hà,375.0,,
DERR4H,trường học,Trường Tiểu học Lương Định Của,440.0,,
DERR4H,bệnh viện,Bệnh viện Bình Dân,456.0,,
DERR4H,bệnh viện,Bệnh Viện Mắt Việt-Nga,704.0,,
DERR4H,bệnh viện,Bệnh viện Từ Dũ (khu M),789.0,,
DERR4H,công viên,Công viên số 1 Lý Thái Tổ,621.0,,
DERR4H,công viên,Khu du lịch Kỳ Hòa,659.0,,
DERR4H,công viên,Công viên Phong Châu,739.0,,
DERR4H,siêu thị,Busy Morning Market,142.0,,
DERR4H,siêu thị,Siêu Thị Aeon Citimart Cao Thắng,274.0,,
DERR4H,siêu thị,Circle k,438.0,,
DERR4H,trung tâm thương mại,Cừa hàng Saigon Hobby,537.0,,
DERR4H,trung tâm thương mại,Saigon Mall Cao Thắng,568.0,,
DERR4H,trung tâm thương mại,Vincom Plaza Ba Tháng Hai,609.0,,
6S72C8,chợ,Chợ Nhật Tảo,331.0,,
6S72C8,chợ,Chợ Nguyễn Tri Phương,435.0,,
6S72C8,chợ,Chợ An Đông,765.0,,
6S72C8,trường học,Trường Tiểu học Nguyễn Chí Thanh,230.0,,
6S72C8,trường học,"Trường Phổ thông Năng khiếu, Đại học Quốc gia Thành phố Hồ Chí Minh",256.0,,
6S72C8,trường học,Trường Trung học cơ sở Hoàng Văn Thụ,319.0,,
6S72C8,bệnh viện,Bệnh viện Phạm Ngọc Thạch,468.0,,
6S72C8,bệnh viện,Phòng Khám Đa Khoa An Phúc,493.0,,
6S72C8,bệnh viện,Trung Tâm Chẩn Đoán Y Khoa Medic - BV Hòa Hảo,497.0,,
6S72C8,công viên,Phố đi bộ đêm Kỳ đài Quang Trung,467.0,,
6S72C8,công viên,Công viên Dạ Trạch,516.0,,
6S72C8,công viên,Công viên Văn Lang,550.0,,
6S72C8,siêu thị,Coopmart Lý Thường Kiệt,496.0,,
6S72C8,siêu thị,Siêu Thị CoopMart Hùng Vương,659.0,,
6S72C8,siêu thị,Cửa Hàng Mua Sắm Citimart,690.0,,
6S72C8,trung tâm thương mại,Parkson Hùng Vương,685.0,,
6S72C8,trung tâm thương mại,Trung tâm Thương Mại An Đông Plaza,901.0,,
6S72C8,trung tâm thương mại,Lotteria,931.0,,
UY223S,chợ,Chợ Nhật Tảo,226.0,,
UY223S,chợ,Chợ Nguyễn Tri Phương,505.0,,
UY223S,chợ,Khu chợ nhỏ,669.0,,
UY223S,trường học,Trường Trung học cơ sở Hoàng Văn Thụ,103.0,,
UY223S,trường học,Trường Tiểu học Nhật Tảo,274.0,,
UY223S,trường học,Trường Tiểu học Trần Quang Cơ,312.0,,
UY223S,bệnh viện,Trung Tâm Chẩn Đoán Y Khoa Medic - BV Hòa Hảo,262.0,,
UY223S,bệnh viện,Bệnh Viện Hòa Hảo,263.0,,
UY223S,bệnh viện,Bệnh viện Nhi đồng 1,533.0,,
UY223S,công viên,Phố đi bộ đêm Kỳ đài Quang Trung,576.0,,
UY223S,công viên,Công viên Hòa Bình,684.0,,
UY223S,công viên,Bãi Cỏ - Trần Nhân Tôn,773.0,,
UY223S,siêu thị,Siêu thị Sài Gòn (SATRA MART),531.0,,
UY223S,siêu thị,Siêu Thị CoopMart Hùng Vương,624.0,,
UY223S,siêu thị,Của Hàng Tạp Hóa TA,644.0,,
UY223S,trung tâm thương mại,Vạn Hạnh Mall,749.0,,
UY223S,trung tâm thương mại,Trung tâm Thương Mại An Đông Plaza,881.0,,
UY223S,trung tâm thương mại,Parkson Hùng Vương,1100.0,,
377S6Q,chợ,Chợ Vườn Lài,448.0,,
377S6Q,chợ,Chợ Cầu Đồng,833.0,,
377S6Q,trường học,Trường Trung học cơ sở An Phú Đông,385.0,,
377S6Q,trường học,Trường Mầm Non Bông Hồng,411.0,,
377S6Q,trường học,Trường Tiểu Học Phạm Văn Chiêu,464.0,,
377S6Q,siêu thị,Xường công nghệ cao,1200.0,,
377S6Q,trung tâm thương mại,Tạp hóa Hiền Trâm,849.0,,
UYKXRS,chợ,Chợ Chim Xanh,621.0,,
UYKXRS,chợ,Chợ Phú Trung,774.0,,
UYKXRS,chợ,Chợ Hoa Tươi Đầm Sen,781.0,,
UYKXRS,trường học,Trường Tiểu học Đại Thành,122.0,,
UYKXRS,trường học,Trường Trung học cơ sở Phạm Ngọc Thạch,278.0,,
UYKXRS,trường học,TT Kỹ Thuật Tổng Hợp Hướng Nghiệp Quận 11,347.0,,
UYKXRS,bệnh viện,Trung Tâm Hiến Múa Nhân Đạo,816.0,,
UYKXRS,bệnh viện,Bệnh viện Trưng Vương,1000.0,,
UYKXRS,bệnh viện,Bệnh viện Đa khoa Lãnh Binh Thăng,1200.0,,
UYKXRS,công viên,Công viên Tân Phước,513.0,,
UYKXRS,công viên,Công viên Phú Hòa,566.0,,
UYKXRS,công viên,Công viên Lãnh Binh Thăng,914.0,,
UYKXRS,siêu thị,Siêu Thị Co.opMart - Phú Thọ,356.0,,
UYKXRS,siêu thị,VinMart+,1500.0,,
UYKXRS,siêu thị,MiniMart,1600.0,,
UYKXRS,trung tâm thương mại,Lotte Department Store,1200.0,,
UYKXRS,trung tâm thương mại,Lotteria,1300.0,,
UYKXRS,trung tâm thương mại,Bách hóa tổng hợp,1400.0,,
1UK786,chợ,Chợ Long Kiểng,398.0,,
1UK786,chợ,Chợ Tân Kiểng 1,507.0,,
1UK786,chợ,Chợ Hãng Phân,908.0,,
1UK786,trường học,Trường Tiểu học Vĩnh Hội,238.0,,
1UK786,trường học,Trường Tiểu học Nguyễn Huệ 3,327.0,,
1UK786,trường học,Trung Tâm Ngoại Ngữ Quốc Tế Mỹ - Việt Nam,340.0,,
1UK786,bệnh viện,Bệnh viện Phước An,234.0,,
1UK786,bệnh viện,Bệnh viện Đa khoa Tân Hưng,678.0,,
1UK786,bệnh viện,Bệnh viện Đa khoa Khánh Hội,1200.0,,
1UK786,công viên,Công viên Phường 5,457.0,,
1UK786,công viên,Công viên Khánh Hội,617.0,,
1UK786,công viên,Công viên Cầu Rạch Ông,962.0,,
1UK786,siêu thị,Co.op Food,249.0,,
1UK786,siêu thị,Satra Foods,403.0,,
1UK786,siêu thị,Chợ 200,724.0,,
1UK786,trung tâm thương mại,Thu,881.0,,
1UK786,trung tâm thương mại,Trung Tâm Mua Sắm Russian,1100.0,,
1UK786,trung tâm thương mại,Tạp Hóa Quỳnh Loan,1200.0,,
40RSHF,chợ,Chợ Hòa Bình,331.0,,
40RSHF,chợ,Chợ An Đông,641.0,,
40RSHF,chợ,Chợ Ba Đình,679.0,,
40RSHF,trường học,Trường Tiểu học Huỳnh Kiến Hoa,223.0,,
40RSHF,trường học,Trường Trung học cơ sở Kim Đồng,332.0,,
40RSHF,trường học,Trường Tiểu học Huỳnh Mẫn Đạt,435.0,,
40RSHF,bệnh viện,Bệnh viện An Bình,207.0,,
40RSHF,bệnh viện,Bệnh viện Nguyễn Tri Phương,428.0,,
40RSHF,bệnh viện,Bệnh viện Quân y 7A,462.0,,
40RSHF,công viên,Công viên Võ Văn Kiệt,486.0,,
40RSHF,công viên,Công viên 310A Hưng Phú,531.0,,
40RSHF,công viên,Công viên Văn Lang,734.0,,
40RSHF,siêu thị,Siêu Thị Mela,606.0,,
40RSHF,siêu thị,Circle k,631.0,,
40RSHF,siêu thị,Familymart,746.0,,
40RSHF,trung tâm thương mại,Trung tâm Thương Mại An Đông Plaza,585.0,,
40RSHF,trung tâm thương mại,Parkson Hùng Vương,1200.0,,
40RSHF,trung tâm thương mại,Tạp Hóa 305,1300.0,,
G17S72,chợ,Chợ Hiệp Bình Chánh,1800.0,,
G17S72,trường học,Trường Trung học cơ sở Ngô Chí Quốc,1400.0,,
G17S72,trường học,Trường Tiểu học Bình Quới,1400.0,,
G17S72,trường học,Trường Trung học cơ sở Linh Đông,1400.0,,
G17S72,công viên,Công Viên Bình Qưới,1800.0,,
G17S72,siêu thị,Zakka Thủ Đức,452.0,,
G17S72,siêu thị,MM Food Service Hưng Phú,1000.0,,
G17S72,siêu thị,Co.op Food KDC Thanh Niên,1500.0,,
G17S72,trung tâm thương mại,thom,725.0,,
G17S72,trung tâm thương mại,thiên anh,982.0,,
G17S72,trung tâm thương mại,thu thảo,1200.0,,
3SDJ5Q,chợ,Chợ An Dương Vương,250.0,,
3SDJ5Q,chợ,Chợ An Lạc,433.0,,
3SDJ5Q,chợ,Chợ Hồ Trọng Quý,907.0,,
3SDJ5Q,trường học,Trường Tiểu học Lê Công Phép,404.0,,
3SDJ5Q,trường học,Trường Trung học cơ sở Nguyễn Thái Bình,615.0,,
3SDJ5Q,trường học,Trường Trung học phổ thông Bình Phú,676.0,,
3SDJ5Q,bệnh viện,Nhà Thuốc Tây Quàng Hòa,621.0,,
3SDJ5Q,bệnh viện,Bệnh viện Triều An,713.0,,
3SDJ5Q,bệnh viện,Bệnh Viện Quốc Tế Minh Anh,1300.0,,
3SDJ5Q,công viên,Công viên Chung cư Lý Chiêu Hoàng,668.0,,
3SDJ5Q,công viên,Công viên Phú Lâm,869.0,,
3SDJ5Q,công viên,Công viên Bình Phú,1000.0,,
3SDJ5Q,siêu thị,Siêu Thị 7Map,707.0,,
3SDJ5Q,siêu thị,Siêu thị MM Mega Market Bình Phú,828.0,,
3SDJ5Q,siêu thị,Đào Nguyên,1200.0,,
3SDJ5Q,trung tâm thương mại,Nhi,725.0,,
3SDJ5Q,trung tâm thương mại,Thiên,833.0,,
3SDJ5Q,trung tâm thương mại,Phú lâm,889.0,,
7KR6KA,chợ,Chợ Chim Xanh,504.0,,
7KR6KA,chợ,Chợ Bình Thới,568.0,,
7KR6KA,chợ,Chợ Phú Thọ,758.0,,
7KR6KA,trường học,Trường Trung học phổ thông Trần Quốc Tuấn,32.0,,
7KR6KA,trường học,Trường Tiểu học Hàn Hải Nguyên,305.0,,
7KR6KA,trường học,Trường Trung học phổ thông Nguyễn Hiền,342.0,,
7KR6KA,bệnh viện,Bệnh viện Đa khoa Lãnh Binh Thăng,135.0,,
7KR6KA,bệnh viện,Bệnh viện Chợ Rẫy,1500.0,,
7KR6KA,bệnh viện,Bệnh viện Răng Hàm Mặt Trung ương Thành phố Hồ Chí Minh,1500.0,,
7KR6KA,công viên,Công viên Dương Đình Nghệ,333.0,,
7KR6KA,công viên,Công viên Lãnh Binh Thăng,355.0,,
7KR6KA,công viên,Công viên Phú Hòa,873.0,,
7KR6KA,siêu thị,Siêu Thị Co.opMart - Phú Thọ,1200.0,,
7KR6KA,siêu thị,Co.opmart Hậu Giang,1300.0,,
7KR6KA,siêu thị,Coopmart Lý Thường Kiệt,1600.0,,
7KR6KA,trung tâm thương mại,Lotte Department Store,1100.0,,
7KR6KA,trung tâm thương mại,Lotteria,1100.0,,
7KR6KA,trung tâm thương mại,The Garden Mall,1200.0,,
GNAPJ2,chợ,Chợ Long Trường,1500.0,,
GNAPJ2,trung tâm thương mại,Thuan,1700.0,,
UABYXS,chợ,Chợ Tân Hương,770.0,,
UABYXS,chợ,Chợ Sơn Kỳ,1300.0,,
UABYXS,chợ,Chợ Bình Long,1500.0,,
UABYXS,trường học,Trường Tiểu học Tân Thới,357.0,,
UABYXS,trường học,Trường Tiểu học Tân Hương,451.0,,
UABYXS,trường học,Trường Tiểu học Tô Vĩnh Diện,476.0,,
UABYXS,bệnh viện,Yoga trị liệu l Ci Yoga Therapy CN Celadon,1200.0,,
UABYXS,bệnh viện,Trạm Y Tế phường Bình Hưng Hòa,1500.0,,
UABYXS,công viên,Công viên Sơn Kỳ,1500.0,,
UABYXS,công viên,Công viên Gia Phú,1700.0,,
UABYXS,công viên,Địa đạo Phú Thọ Hòa,1900.0,,
UABYXS,siêu thị,Chả cua Huế,241.0,,
UABYXS,siêu thị,Shop Vinafood,246.0,,
UABYXS,siêu thị,Bách Hóa Xanh,885.0,,
UABYXS,trung tâm thương mại,Nhà đậu xe Aeon Mall Tân Phú Celadon;Commercial_AEONMallTanPhu Storie 4,718.0,,
UABYXS,trung tâm thương mại,Cửa Hàng Thực Phẩm Tiện Lợi Satra Food,1700.0,,
UABYXS,trung tâm thương mại,Cửa Hàng Gạo Hạt Ngọc Trời,1800.0,,
SDBZY5,chợ,Chợ Minh Phụng,504.0,,
SDBZY5,chợ,Chợ Bình Thới,615.0,,
SDBZY5,chợ,Chợ Bình Tây,861.0,,
SDBZY5,trường học,Trường Tiểu học Nguyễn Thi,178.0,,
SDBZY5,trường học,Trường Trung học cơ sở Nguyễn Đức Cảnh,226.0,,
SDBZY5,trường học,Trường Trung học cơ sở Hậu Giang,381.0,,
SDBZY5,bệnh viện,Bệnh viện Đa khoa Lãnh Binh Thăng,745.0,,
SDBZY5,bệnh viện,Bệnh viện Đa khoa Bình Phú,1500.0,,
SDBZY5,bệnh viện,Bệnh viện Chợ Rẫy,1600.0,,
SDBZY5,công viên,Công viên Cây Mai,672.0,,
SDBZY5,công viên,Công viên Lê Lợi,909.0,,
SDBZY5,công viên,Công viên Dương Đình Nghệ,1000.0,,
SDBZY5,siêu thị,Co.opmart Hậu Giang,527.0,,
SDBZY5,siêu thị,Co.opMart Phú Lâm,1300.0,,
SDBZY5,siêu thị,Siêu thị Co.opmart Tuy Lý Vương,1600.0,,
SDBZY5,trung tâm thương mại,The Garden Mall,1100.0,,
SDBZY5,trung tâm thương mại,Satra Centre Mall,1300.0,,
SDBZY5,trung tâm thương mại,Chợ vải Soái Kình Lâm,1300.0,,
PXTNAG,chợ,Chợ Gò Vấp,1200.0,,
PXTNAG,trường học,Trường Trung học phổ thông Trần Văn Giàu,624.0,,
PXTNAG,trường học,Trường Tiểu học Nguyễn Viết Xuân,709.0,,
PXTNAG,trường học,Trường Trung học cơ sở Bình Lợi Trung,844.0,,
PXTNAG,công viên,Công viên Đặng Thùy Trâm,672.0,,
PXTNAG,công viên,Công viên Bến Hải,769.0,,
PXTNAG,công viên,Công viên Khu nhà ở Quân đội,892.0,,
PXTNAG,siêu thị,Winmart,396.0,,
PXTNAG,siêu thị,Lẩu cá kèo,864.0,,
PXTNAG,siêu thị,emart,1100.0,,
PXTNAG,trung tâm thương mại,Tạp hóa Hoàng Dũng,501.0,,
PXTNAG,trung tâm thương mại,tạp hóa anh Trung,650.0,,
PXTNAG,trung tâm thương mại,Tạp hóa cô Thanh,652.0,,
AC0CDY,chợ,Chợ Gò Vấp,380.0,,
AC0CDY,chợ,Chợ An Nhơn,1900.0,,
AC0CDY,chợ,Chợ Cây Điệp,2000.0,,
AC0CDY,trường học,Trường Tiểu Học Trần Quốc Toản,153.0,,
AC0CDY,trường học,Trường Trung học cơ sở Gò Vấp 2,246.0,,
AC0CDY,trường học,Trường Trung Học Phổ Thông Phan Văn Trị,292.0,,
AC0CDY,bệnh viện,Bệnh viện Quân y 175,1200.0,,
AC0CDY,công viên,Công viên Khu nhà ở Quân đội,389.0,,
AC0CDY,công viên,Công viên Bến Hải,791.0,,
AC0CDY,công viên,Công viên Đặng Thùy Trâm,1500.0,,
AC0CDY,siêu thị,Lẩu cá kèo,251.0,,
AC0CDY,siêu thị,Co.opmart Phan Văn Trị,631.0,,
AC0CDY,siêu thị,Winmart,746.0,,
AC0CDY,trung tâm thương mại,Trung Tâm Thương Mại Vincom Plaza Gò Vấp,224.0,,
AC0CDY,trung tâm thương mại,GO! Go Vap,776.0,,
AC0CDY,trung tâm thương mại,Trung Tâm Mua Sắm Nguyễn Kim Gò Vấp,1100.0,,
5HF6G7,chợ,Chợ Nancy,344.0,,
5HF6G7,chợ,Chợ Bàu Sen,587.0,,
5HF6G7,chợ,Circle K,629.0,,
5HF6G7,trường học,Trường Trung học cơ sở Ba Đình,206.0,,
5HF6G7,trường học,Trường Tiểu học Trần Bình Trọng - Khu B,329.0,,
5HF6G7,trường học,Trường Tiểu học Hàm Tử,369.0,,
5HF6G7,bệnh viện,Phòng Khám Đa Khoa Thế Giới,381.0,,
5HF6G7,bệnh viện,Bệnh viện Thân Dân,499.0,,
5HF6G7,bệnh viện,Bệnh viện Bệnh Nhiệt đới,537.0,,
5HF6G7,công viên,Công viên Dạ Nam,681.0,,
5HF6G7,công viên,Công viên Phường 2,719.0,,
5HF6G7,công viên,Công viên Chợ Quán,936.0,,
5HF6G7,siêu thị,FamilyMart,633.0,,
5HF6G7,siêu thị,Bách Hóa Xanh,1000.0,,
5HF6G7,siêu thị,Circle k,1000.0,,
5HF6G7,trung tâm thương mại,Trung Tâm Mua Sắm Nowzone - Nguyễn Văn Cừ,1000.0,,
5HF6G7,trung tâm thương mại,Trung Tâm Mua Sắm Nowzone,1000.0,,
5HF6G7,trung tâm thương mại,Trung tâm Thương Mại An Đông Plaza,1100.0,,
9TV1YP,chợ,Chợ Nhật Tảo,151.0,,
9TV1YP,chợ,Chợ Nguyễn Tri Phương,320.0,,
9TV1YP,chợ,Khu chợ nhỏ,602.0,,
9TV1YP,trường học,Trường Trung học cơ sở Hoàng Văn Thụ,210.0,,
9TV1YP,trường học,Trường Tiểu Học Dương Minh Châu,326.0,,
9TV1YP,trường học,Trường Trung học cơ sở Nguyễn Tri Phương,362.0,,
9TV1YP,bệnh viện,Trung Tâm Chẩn Đoán Y Khoa Medic - BV Hòa Hảo,436.0,,
9TV1YP,bệnh viện,Bệnh Viện Hòa Hảo,443.0,,
9TV1YP,bệnh viện,Phòng Khám Đa Khoa An Phúc,667.0,,
9TV1YP,công viên,Phố đi bộ đêm Kỳ đài Quang Trung,380.0,,
9TV1YP,công viên,Công viên nội bộ chung cư Hòa Bình,713.0,,
9TV1YP,công viên,Công viên Dạ Trạch,721.0,,
9TV1YP,siêu thị,Của Hàng Tạp Hóa TA,616.0,,
9TV1YP,siêu thị,Co.opmart Mini,624.0,,
9TV1YP,siêu thị,Siêu thị Sài Gòn (SATRA MART),625.0,,
9TV1YP,trung tâm thương mại,Parkson Hùng Vương,896.0,,
9TV1YP,trung tâm thương mại,Vạn Hạnh Mall,898.0,,
9TV1YP,trung tâm thương mại,Lotteria,965.0,,
UYDDFS,chợ,Chợ Thạnh Xuân,1500.0,,
UYDDFS,chợ,Chợ Cầu Đồng,1600.0,,
UYDDFS,trường học,Trường Tiểu học Kim Đồng,1300.0,,
UYDDFS,trường học,Trường Trung Học Cơ Sở Lương Thế Vinh,1400.0,,
UYDDFS,trường học,Trường Trung học cơ sở Trần Hưng Đạo,1500.0,,
UYDDFS,công viên,"Công viên Gò Sao , Thạnh Xuân, Quận 12",705.0,,
UYDDFS,công viên,Công viên Chung cư Phú An,1500.0,,
UYDDFS,siêu thị,WinMart,749.0,,
UYDDFS,siêu thị,FamilyMart,768.0,,
QHJRNU,chợ,Chợ Võ Thành Trang,347.0,,
QHJRNU,chợ,Chợ Tân Phú,919.0,,
QHJRNU,chợ,Chợ Bàu Cát,1200.0,,
QHJRNU,trường học,Trường Tiểu học Tân Sơn Nhì,232.0,,
QHJRNU,trường học,Trường Trung học cơ sở Trần Quang Khải,449.0,,
QHJRNU,trường học,Trường Chuyên biệt Bình Minh - CS2,562.0,,
QHJRNU,bệnh viện,Bệnh Viện Đa Khoa Mỹ Đức,735.0,,
QHJRNU,bệnh viện,Bệnh viện Đa khoa Tân Phú,1900.0,,
QHJRNU,công viên,Công viên Bàu Cát 3,939.0,,
QHJRNU,công viên,Địa đạo Phú Thọ Hòa,1800.0,,
QHJRNU,công viên,Công viên Tân Phú,1800.0,,
QHJRNU,siêu thị,Pandora Trường Chinh,813.0,,
QHJRNU,siêu thị,Big C,836.0,,
QHJRNU,siêu thị,Cửa Hàng 137FoodMart,875.0,,
QHJRNU,trung tâm thương mại,Nhà đậu xe Aeon Mall Tân Phú Celadon;Commercial_AEONMallTanPhu Storie 4,1900.0,,
QHJRNU,trung tâm thương mại,LOTTE Mart Cộng Hòa,2000.0,,
QHJRNU,trung tâm thương mại,Pico Plaza,2000.0,,
7KY4SA,chợ,Chợ Phạm Thế Hiển,749.0,,
7KY4SA,chợ,Chợ Nhị Thiên Đường,1200.0,,
7KY4SA,chợ,Chợ Xóm Củi,1200.0,,
7KY4SA,trường học,Trường Trung học cơ sở Inspire - Khai Nguyên - Cơ sở Quận 8,251.0,,
7KY4SA,trường học,Trường Trung học phổ thông Lương Văn Can,370.0,,
7KY4SA,trường học,Trường Tiểu học Thái Hưng,521.0,,
7KY4SA,bệnh viện,Bệnh viện Ngọc Phú,281.0,,
7KY4SA,bệnh viện,Trạm y tế phường 9 quận 8,998.0,,
7KY4SA,bệnh viện,Bệnh viện Đa khoa Chánh Hưng,1100.0,,
7KY4SA,công viên,Công viên Chánh Hưng,269.0,,
7KY4SA,công viên,Cong Vien Duong 4,325.0,,
7KY4SA,công viên,Công Viên Dương 4,332.0,,
7KY4SA,siêu thị,Cửa Hàng Zakka Nautrals - Tạ Quang Bửu,238.0,,
7KY4SA,siêu thị,Siêu thị Satra Mart - Phạm Hùng,829.0,,
7KY4SA,siêu thị,AEON Tạ Quang Bửu,1200.0,,
7KY4SA,trung tâm thương mại,Centre Mall Phạm Hùng,850.0,,
7KY4SA,trung tâm thương mại,Tạp Hóa 305,853.0,,
7KY4SA,trung tâm thương mại,Tạp Hóa Hồng Linh,1300.0,,
8S6PD3,chợ,Chợ Sơn Kỳ,908.0,,
8S6PD3,chợ,Chợ Tân Trụ,1100.0,,
8S6PD3,chợ,Chợ Võ Thành Trang,1800.0,,
8S6PD3,trường học,Trường Trung học phổ thông Tư Thục Đinh Tiên Hoàng,171.0,,
8S6PD3,trường học,Trường Trung học phổ thông Nam Việt,454.0,,
8S6PD3,trường học,Trường Tiểu học Lê Lai,573.0,,
8S6PD3,bệnh viện,Yoga trị liệu l Ci Yoga Therapy CN Celadon,1500.0,,
8S6PD3,công viên,Công viên Nguyễn Sỹ Sách,1400.0,,
8S6PD3,công viên,Công viên Thuận Kiều,1800.0,,
8S6PD3,công viên,Công viên Sơn Kỳ,1900.0,,
8S6PD3,siêu thị,Co.op Mart Trường Chinh,706.0,,
8S6PD3,siêu thị,Co.opmart Thắng Lợi,730.0,,
8S6PD3,siêu thị,Co.op Mart Thắng Lợi,736.0,,
8S6PD3,trung tâm thương mại,Nhà đậu xe Aeon Mall Tân Phú Celadon;Commercial_AEONMallTanPhu Storie 4,1600.0,,
6AFA98,chợ,Chợ Tân Trụ,680.0,,
6AFA98,trường học,"Trường Trung học cơ sở - Trung học phổ thông Pathway Tuệ Đức - Cơ sở Nguyễn Sỹ Sách, Quận Tân Bình",480.0,,
6AFA98,trường học,Trường Tiểu Học Nguyễn Văn Kip,763.0,,
6AFA98,trường học,Trường Trung học cơ sở &Trung học phổ thông Bạch Đằng,1000.0,,
6AFA98,công viên,Công viên Nguyễn Sỹ Sách,323.0,,
6AFA98,công viên,Isuzu sidewalk park,2000.0,,
6AFA98,siêu thị,Siêu Thị Tiện Lợi Citi Mart,956.0,,
6AFA98,siêu thị,Co.op Mart Thắng Lợi,1000.0,,
6AFA98,siêu thị,Co.op Mart Trường Chinh,1100.0,,
UYEYHS,chợ,Chợ Đa Kao,377.0,,
UYEYHS,chợ,Chợ Tân Định,475.0,,
UYEYHS,chợ,Bách Hóa Xanh - 2C - 2D Phùng Văn Cung,1100.0,,
UYEYHS,trường học,Trường Tiểu học Trần Quang Khải (cơ sở 1),40.0,,
UYEYHS,trường học,Language,74.0,,
UYEYHS,trường học,Trường Tiểu học Trần Khánh Dư,259.0,,
UYEYHS,bệnh viện,Bệnh viện Đa khoa Tân Định,504.0,,
UYEYHS,bệnh viện,Bệnh viện Đa khoa Bình Thạnh,698.0,,
UYEYHS,bệnh viện,Viện Pasteur Thành phố Hồ Chí Minh,910.0,,
UYEYHS,công viên,Công viên Lê Văn Tám,561.0,,
UYEYHS,công viên,Đài liệt sĩ Quận 3,1100.0,,
UYEYHS,công viên,Công viên Văn hóa Phú Nhuận,1200.0,,
UYEYHS,siêu thị,Trung Tâm Văn Hóa Đa Năng iMC,60.0,,
UYEYHS,siêu thị,Gạo Hồng Nhung,393.0,,
UYEYHS,siêu thị,Chợ Vạn Kiếp,765.0,,
UYEYHS,trung tâm thương mại,Tạp Hóa Thu Bé Bự,507.0,,
UYEYHS,trung tâm thương mại,MIA  Luggage store,583.0,,
UYEYHS,trung tâm thương mại,TTTM RomeA,1700.0,,
5HK3V7,chợ,Chợ Phú Định,690.0,,
5HK3V7,chợ,Chợ An Dương Vương,718.0,,
5HK3V7,chợ,Chợ Hồ Trọng Quý,866.0,,
5HK3V7,trường học,Trường Tiểu học Lam Sơn,346.0,,
5HK3V7,trường học,Trường Trung học cơ sở Lam Sơn,373.0,,
5HK3V7,trường học,Trường Tiểu học Phù Đổng,379.0,,
5HK3V7,bệnh viện,Bệnh viện Đa khoa Bình Phú,814.0,,
5HK3V7,bệnh viện,Bệnh viện Triều An,1300.0,,
5HK3V7,bệnh viện,Nhà Thuốc Tây Quàng Hòa,1400.0,,
5HK3V7,công viên,Công viên Phú Lâm,331.0,,
5HK3V7,công viên,Công viên Bình Phú,732.0,,
5HK3V7,công viên,Công viên Lò Gốm,989.0,,
5HK3V7,siêu thị,Co.op Food,599.0,,
5HK3V7,siêu thị,Siêu thị MM Mega Market Bình Phú,607.0,,
5HK3V7,siêu thị,Satra Foods,996.0,,
5HK3V7,trung tâm thương mại,Nhi,281.0,,
5HK3V7,trung tâm thương mại,Phú lâm,894.0,,
5HK3V7,trung tâm thương mại,Thiên,905.0,,
37UVXQ,chợ,Chợ Ba Đình,160.0,,
37UVXQ,chợ,Chợ Phạm Thế Hiển,633.0,,
37UVXQ,chợ,Chợ Xóm Củi,700.0,,
37UVXQ,trường học,Trường mẫu giáo Vàng Anh,306.0,,
37UVXQ,trường học,Trường Tiểu học Thái Hưng (cơ sở 2),370.0,,
37UVXQ,trường học,Trường Tiểu học Lý Cảnh Hớn,472.0,,
37UVXQ,bệnh viện,Trạm y tế phường 9 quận 8,357.0,,
37UVXQ,bệnh viện,Trung tâm Y tế Dự phòng Quận 8,438.0,,
37UVXQ,bệnh viện,Bệnh viện Y học Cổ truyền Thành phố Hồ Chí Minh (Cơ sở 2),595.0,,
37UVXQ,công viên,Công viên Võ Văn Kiệt,405.0,,
37UVXQ,công viên,Công viên 310A Hưng Phú,984.0,,
37UVXQ,công viên,Công viên Văn Lang,1000.0,,
37UVXQ,siêu thị,Siêu thị Điện máy Chợ Lớn,803.0,,
37UVXQ,siêu thị,Cửa Hàng Mua Sắm Citimart,1100.0,,
37UVXQ,siêu thị,Cửa Hàng Zakka Nautrals - Tạ Quang Bửu,1200.0,,
37UVXQ,trung tâm thương mại,Tạp Hóa 305,444.0,,
37UVXQ,trung tâm thương mại,Parkson Hùng Vương,1000.0,,
37UVXQ,trung tâm thương mại,Chợ Đại Quang Minh,1000.0,,
87UPA3,chợ,Chợ Tăng Nhơn Phú B,702.0,,
87UPA3,chợ,Chợ Tăng Nhơn Phú,823.0,,
87UPA3,trường học,Trường Tiểu học Phong Phú,574.0,,
87UPA3,trường học,Trung tâm Giáo dục nghề nghiệp-Giáo dục thường xuyên thành phố Thủ Đức (cơ sở 2),629.0,,
87UPA3,trường học,Trường Trung học phổ thông Dương Văn Thì,829.0,,
87UPA3,bệnh viện,Bệnh viện Lê Văn Việt,955.0,,
87UPA3,bệnh viện,Bệnh viện Quân Dân y Miền Đông,1300.0,,
87UPA3,công viên,Công viên quận 9,1100.0,,
87UPA3,công viên,Công viên Thanh niên,1300.0,,
87UPA3,siêu thị,Vincom Lê Văn Việt,1100.0,,
87UPA3,siêu thị,Nhà sách Fahasha,1100.0,,
87UPA3,siêu thị,Siêu thị Co.op Xtra Linh Xuân,1400.0,,
87UPA3,trung tâm thương mại,sỹ diễm,478.0,,
87UPA3,trung tâm thương mại,Chợ Đêm Man Thiện,1800.0,,
SDCQ95,chợ,Chợ Minh Phụng,662.0,,
SDCQ95,chợ,Chợ Bình Thới,696.0,,
SDCQ95,chợ,Chợ Bình Tây,772.0,,
SDCQ95,trường học,Trường Trung học cơ sở Hậu Giang,186.0,,
SDCQ95,trường học,Trường Tiểu học Nguyễn Thi,343.0,,
SDCQ95,trường học,Trường Tiểu học Lê Đình Chinh,358.0,,
SDCQ95,bệnh viện,Bệnh viện Đa khoa Lãnh Binh Thăng,642.0,,
SDCQ95,bệnh viện,Bệnh viện Chợ Rẫy,1400.0,,
SDCQ95,bệnh viện,Bệnh viện Răng Hàm Mặt Trung ương Thành phố Hồ Chí Minh,1500.0,,
SDCQ95,công viên,Công viên Cây Mai,503.0,,
SDCQ95,công viên,Công viên Lê Lợi,879.0,,
SDCQ95,công viên,Công viên Cửu Long,885.0,,
SDCQ95,siêu thị,Co.opmart Hậu Giang,676.0,,
SDCQ95,siêu thị,Co.opMart Phú Lâm,1500.0,,
SDCQ95,siêu thị,Siêu thị Co.opmart Tuy Lý Vương,1500.0,,
SDCQ95,trung tâm thương mại,The Garden Mall,914.0,,
SDCQ95,trung tâm thương mại,Chợ vải Soái Kình Lâm,1100.0,,
SDCQ95,trung tâm thương mại,Satra Centre Mall,1300.0,,
375VPQ,chợ,Chợ Tân Định,431.0,,
375VPQ,chợ,Chợ Phú Nhuận,564.0,,
375VPQ,chợ,Chợ Nguyễn Văn Trỗi,813.0,,
375VPQ,trường học,Trường Tiểu học Nguyễn Thái Sơn,282.0,,
375VPQ,trường học,Trường Trung học phổ thông Nguyễn Thị Diệu,309.0,,
375VPQ,trường học,Trường Trung học cơ sở Văn Lang,351.0,,
375VPQ,bệnh viện,Bệnh viện Đa khoa Tân Định,368.0,,
375VPQ,bệnh viện,Viện Pasteur Thành phố Hồ Chí Minh,540.0,,
375VPQ,bệnh viện,Bệnh viện Y học cổ truyền Thành phố Hồ Chí Minh,553.0,,
375VPQ,công viên,Đài liệt sĩ Quận 3,355.0,,
375VPQ,công viên,Công viên Lê Văn Tám,869.0,,
375VPQ,công viên,Công trình cảnh quan Nhà thi đấu Phan Đình Phùng,1300.0,,
375VPQ,siêu thị,Công ty TNHH Gureumi,729.0,,
375VPQ,siêu thị,BambooBebe Việt Nam,731.0,,
375VPQ,siêu thị,Trung Tâm Văn Hóa Đa Năng iMC,781.0,,
375VPQ,trung tâm thương mại,Tạp Hóa Thu Bé Bự,423.0,,
375VPQ,trung tâm thương mại,MIA  Luggage store,682.0,,
375VPQ,trung tâm thương mại,TTTM RomeA,1400.0,,
375JKQ,chợ,Chợ Bình An,282.0,,
375JKQ,chợ,Chợ Bình Đông,288.0,,
375JKQ,chợ,Chợ Bình Tiên,1100.0,,
375JKQ,trường học,Trường Tiểu học Bùi Minh Trực,432.0,,
375JKQ,trường học,Trường Tiểu học Kim Đồng,508.0,,
375JKQ,trường học,Trường Tiểu học Hồng Đức,528.0,,
375JKQ,bệnh viện,Bệnh viện Đa khoa Bình Phú,1600.0,,
375JKQ,công viên,Công viên Phúc An Khang,1100.0,,
375JKQ,công viên,Công viên Lò Gốm,1200.0,,
375JKQ,công viên,Công viên Lê Lợi,1400.0,,
375JKQ,siêu thị,Siêu thị Co.opmart Tuy Lý Vương,1500.0,,
375JKQ,siêu thị,Co.opmart Hậu Giang,1600.0,,
375JKQ,siêu thị,Siêu thị MM Mega Market Bình Phú,1600.0,,
375JKQ,trung tâm thương mại,Satra Centre Mall,943.0,,
375JKQ,trung tâm thương mại,Cty TNHH MTV XNK Phong Vân,1100.0,,
375JKQ,trung tâm thương mại,Tạp Hóa Hồng Linh,1300.0,,
2MXDTZ,chợ,Chợ Bình Trị Đông,421.0,,
2MXDTZ,chợ,Chợ Bốn Xã mới,1300.0,,
2MXDTZ,chợ,Chợ Cây Da Sà,1500.0,,
2MXDTZ,trường học,Trường Trung học cơ sở Bình Trị Đông,126.0,,
2MXDTZ,trường học,Trường Tiểu học Bình Trị 1,219.0,,
2MXDTZ,trường học,Trường Trung học cơ sở Bình Trị Đông A,641.0,,
2MXDTZ,bệnh viện,Bệnh viện Đa khoa Bình Tân,880.0,,
2MXDTZ,công viên,Công viên Đường số 25,1400.0,,
2MXDTZ,công viên,Công Viên 158 Phan Anh,1600.0,,
2MXDTZ,công viên,Công viên Da Sà,1600.0,,
2MXDTZ,siêu thị,Bách Hóa Xanh,309.0,,
2MXDTZ,siêu thị,Siêu thị Co.opmart Bình Tân 2,1000.0,,
2MXDTZ,siêu thị,Siêu thị Đại Gia Hỷ,1300.0,,
2MXDTZ,trung tâm thương mại,Cửa Hàng Thực Phẩm Tiện Lợi Satra Food,1600.0,,
ACGM9Y,chợ,Chợ Gò Vấp,1700.0,,
ACGM9Y,chợ,Chợ Bình Triệu,2000.0,,
ACGM9Y,trường học,Trường Trung học phổ thông Trần Văn Giàu,527.0,,
ACGM9Y,trường học,Trường Trung học cơ sở Bình Lợi Trung,657.0,,
ACGM9Y,trường học,Trường Tiểu học Nguyễn Viết Xuân,1100.0,,
ACGM9Y,bệnh viện,Bệnh viện Đại học Quốc tế Hồng Bàng,1700.0,,
ACGM9Y,công viên,Công viên Đặng Thùy Trâm,307.0,,
ACGM9Y,công viên,Công viên Bến Hải,1100.0,,
ACGM9Y,công viên,Công viên Khu nhà ở Quân đội,1400.0,,
ACGM9Y,siêu thị,Winmart,890.0,,
ACGM9Y,siêu thị,Lẩu cá kèo,1400.0,,
ACGM9Y,siêu thị,emart,1400.0,,
ACGM9Y,trung tâm thương mại,Tạp hóa Hoàng Dũng,305.0,,
ACGM9Y,trung tâm thương mại,tạp hóa anh Trung,693.0,,
ACGM9Y,trung tâm thương mại,Tạp hóa cô Thanh,716.0,,
9TMEZP,chợ,Chợ Phú Định,609.0,,
9TMEZP,chợ,Chợ Rạch Cát,824.0,,
9TMEZP,chợ,Chợ Phú Lợi,841.0,,
9TMEZP,trường học,Trường Tiểu học Lưu Hữu Phước,146.0,,
9TMEZP,trường học,Trường Trung học cơ sở Bình Đông,440.0,,
9TMEZP,trường học,Trường Tiểu học Nguyễn Công Trứ,477.0,,
9TMEZP,bệnh viện,Nhà Thuốc Tây Quàng Hòa,1900.0,,
9TMEZP,siêu thị,Satra Foods,1600.0,,
9TMEZP,siêu thị,WinMart,1900.0,,
ACKFPY,chợ,Chợ Cầu Đồng,994.0,,
ACKFPY,chợ,Chợ Thạnh Xuân,1600.0,,
ACKFPY,chợ,Chợ Vườn Lài,1900.0,,
ACKFPY,trường học,Trường Trung học phổ thông Đông Dương,1100.0,,
ACKFPY,trường học,Trường Trung học phổ thông Thạnh Lộc,1300.0,,
ACKFPY,trường học,Trường Trung học cơ sở Trần Hưng Đạo,1400.0,,
ACKFPY,bệnh viện,Phòng Khám Đa Khoa Hữu Nghị,2000.0,,
ACKFPY,công viên,"Công viên Gò Sao , Thạnh Xuân, Quận 12",1100.0,,
ACKFPY,siêu thị,FamilyMart,1200.0,,
ACKFPY,siêu thị,WinMart,1200.0,,
5D5687,chợ,Chợ Phú Định,261.0,,
5D5687,chợ,Chợ Hồ Trọng Quý,647.0,,
5D5687,chợ,Chợ Hoa Hậu Giang,760.0,,
5D5687,trường học,Trường Trung học cơ sở Lam Sơn,210.0,,
5D5687,trường học,Trường Tiểu học Lam Sơn,333.0,,
5D5687,trường học,Trường Tiểu học Phù Đổng,402.0,,
5D5687,bệnh viện,Bệnh viện Đa khoa Bình Phú,248.0,,
5D5687,bệnh viện,Nhà Thuốc Tây Quàng Hòa,1700.0,,
5D5687,bệnh viện,Bệnh viện Triều An,1800.0,,
5D5687,công viên,Công viên Bình Phú,374.0,,
5D5687,công viên,Công viên Lò Gốm,645.0,,
5D5687,công viên,Công viên Phú Lâm,871.0,,
5D5687,siêu thị,Siêu thị MM Mega Market Bình Phú,427.0,,
5D5687,siêu thị,Co.op Food,498.0,,
5D5687,siêu thị,Co.opMart Phú Lâm,958.0,,
5D5687,trung tâm thương mại,Nhi,420.0,,
5D5687,trung tâm thương mại,Phú lâm,699.0,,
5D5687,trung tâm thương mại,Thiên,759.0,,
13DN96,chợ,Chợ Long Kiểng,559.0,,
13DN96,chợ,Chợ Xóm Chiếu,615.0,,
13DN96,chợ,Chợ Hãng Phân,729.0,,
13DN96,trường học,Trường Tiểu học Bán trú Đống Đa,484.0,,
13DN96,trường học,Trường Tiểu học Vĩnh Hội,492.0,,
13DN96,trường học,Trường Tiểu học Xóm Chiếu,498.0,,
13DN96,bệnh viện,Trung Tâm Y Tế Dự Phòng - Phòng Khám Tiêm Phòng,709.0,,
13DN96,bệnh viện,Bệnh viện Phước An,792.0,,
13DN96,bệnh viện,Bệnh viện Đa khoa Khánh Hội,870.0,,
13DN96,công viên,Công viên Phường 5,635.0,,
13DN96,công viên,Công viên Phường 12,683.0,,
13DN96,công viên,Công viên Khánh Hội,898.0,,
13DN96,siêu thị,Co.op Food,140.0,,
13DN96,siêu thị,Chợ 200,404.0,,
13DN96,siêu thị,Satra Foods,477.0,,
13DN96,trung tâm thương mại,Thu,481.0,,
13DN96,trung tâm thương mại,Trung Tâm Mua Sắm Russian,1200.0,,
13DN96,trung tâm thương mại,Chợ Dân Sinh,1200.0,,
7K9MKA,chợ,Chợ Tân Thuận,598.0,,
7K9MKA,chợ,Chợ Cư xá Ngân hàng,1400.0,,
7K9MKA,trường học,"Trường Mầm non - Tiểu học - Trung học cơ sở Pathway Tuệ Đức - Cơ sở Eco Green, Quận 7",738.0,,
7K9MKA,trường học,Trường Tiểu học Kim Đồng,804.0,,
7K9MKA,trường học,Trường ĐH Tài chính - Marketing,869.0,,
7K9MKA,bệnh viện,BỆNH VIỆN MẮT,1200.0,,
7K9MKA,công viên,Eco Green Central Park,803.0,,
7K9MKA,công viên,Công viên Tôn Thất Thuyết,941.0,,
7K9MKA,công viên,Công Viên Sala,1800.0,,
7K9MKA,siêu thị,Southern AEON Citimart Tân Thuận,944.0,,
7K9MKA,siêu thị,WinMart,1400.0,,
7K9MKA,siêu thị,BHX 163 Trần Trọng Cung,1600.0,,
7K9MKA,trung tâm thương mại,Vincom Plus Nam Long Quận 7,1400.0,,
7K9MKA,trung tâm thương mại,Tiệm Đồ Hồi Giáo,1500.0,,
7K9MKA,trung tâm thương mại,SALA Shopping Mall Thiso mall,2000.0,,
DERJFH,chợ,Chợ Bàn Cờ,63.0,,
DERJFH,chợ,Chợ Hoa Hồ Thị Kỷ,458.0,,
DERJFH,chợ,Ho Thi Ky Food Street,561.0,,
DERJFH,trường học,Trường Tiểu học Phan Đình Phùng,163.0,,
DERJFH,trường học,Trường Tiểu học Nguyễn Sơn Hà,243.0,,
DERJFH,trường học,Trường Tiểu học Lương Định Của,339.0,,
DERJFH,bệnh viện,Bệnh viện Từ Dũ (khu M),419.0,,
DERJFH,bệnh viện,Bệnh viện Bình Dân,653.0,,
DERJFH,bệnh viện,Phòng Thí Nghiệm - Kiểm Tra Sức Khoẻ,870.0,,
DERJFH,công viên,Công viên Phong Châu,296.0,,
DERJFH,công viên,Công viên số 1 Lý Thái Tổ,335.0,,
DERJFH,công viên,Công viên Âu Lạc,348.0,,
DERJFH,siêu thị,Circle k,256.0,,
DERJFH,siêu thị,Busy Morning Market,316.0,,
DERJFH,siêu thị,Siêu Thị Aeon Citimart Cao Thắng,387.0,,
DERJFH,trung tâm thương mại,Saigon Mall Cao Thắng,274.0,,
DERJFH,trung tâm thương mại,Cừa hàng Saigon Hobby,364.0,,
DERJFH,trung tâm thương mại,Tạp Hóa Anh Duy,450.0,,
ACB5AY,chợ,Chợ Hiệp Thành,1300.0,,
ACB5AY,trường học,Trường Trung học phổ thông Võ Trường Toản,292.0,,
ACB5AY,trường học,Trường Tiểu học Lê Văn Thọ,419.0,,
ACB5AY,trường học,Trường Tiểu học Nguyễn Trãi,498.0,,
ACB5AY,bệnh viện,188 Beauty Spa quận 12 | Viện thẩm mỹ hàng đầu tpHCM,957.0,,
ACB5AY,công viên,Công viên Chung cư Phú An,1200.0,,
ACB5AY,công viên,Công Viên Trúc Lâm,1900.0,,
ACB5AY,công viên,Cây xanh,2000.0,,
ACB5AY,siêu thị,MM Mega Market Hiệp Phú,672.0,,
ACB5AY,siêu thị,CoopMart Hiệp Thành,1100.0,,
ACB5AY,trung tâm thương mại,thảo nguyên 1A,715.0,,
ACB5AY,trung tâm thương mại,Tân phước,828.0,,
ACB5AY,trung tâm thương mại,SuSu,1400.0,,
ACKHFY,chợ,Chợ Cây Điệp,664.0,,
ACKHFY,chợ,Chợ Gò Vấp,1000.0,,
ACKHFY,chợ,Chợ Cây Quéo,1200.0,,
ACKHFY,trường học,Trường Tiểu học Phan Văn Trị,366.0,,
ACKHFY,trường học,Trung Tâm Dạy Nghề Bình Thạnh,595.0,,
ACKHFY,trường học,Trường Trung học cơ sở Nguyễn Văn Nghi,604.0,,
ACKHFY,bệnh viện,Bệnh viện Ung bướu,1300.0,,
ACKHFY,bệnh viện,Bệnh viện Nhân dân Gia Định,1500.0,,
ACKHFY,bệnh viện,Bệnh viện Quân y 175,1500.0,,
ACKHFY,công viên,Công viên Bến Hải,987.0,,
ACKHFY,công viên,Công viên trung tâm HCA,1100.0,,
ACKHFY,công viên,Công viên Văn hóa Phú Nhuận,1600.0,,
ACKHFY,siêu thị,WinMart,451.0,,
ACKHFY,siêu thị,Siêu Thị Bình Hòa,475.0,,
ACKHFY,siêu thị,emart,695.0,,
ACKHFY,trung tâm thương mại,Trung Tâm Thương Mại Vincom Plaza Gò Vấp,1200.0,,
ACKHFY,trung tâm thương mại,GO! Go Vap,1800.0,,
85Q1R3,chợ,Chợ Ba Đình,415.0,,
85Q1R3,chợ,Chợ Phạm Thế Hiển,460.0,,
85Q1R3,chợ,Chợ Xóm Củi,681.0,,
85Q1R3,trường học,Trường Trung học cơ sở Chánh Hưng,290.0,,
85Q1R3,trường học,Trường mẫu giáo Vàng Anh,306.0,,
85Q1R3,trường học,Trường Tiểu học Đinh Công Tráng,441.0,,
85Q1R3,bệnh viện,Trạm y tế phường 9 quận 8,351.0,,
85Q1R3,bệnh viện,Trung tâm Y tế Dự phòng Quận 8,568.0,,
85Q1R3,bệnh viện,Bệnh viện Ngọc Phú,621.0,,
85Q1R3,công viên,Công viên Võ Văn Kiệt,690.0,,
85Q1R3,công viên,Cong Vien Duong 4,1000.0,,
85Q1R3,công viên,Công Viên Dương 4,1000.0,,
85Q1R3,siêu thị,Cửa Hàng Zakka Nautrals - Tạ Quang Bửu,928.0,,
85Q1R3,siêu thị,Siêu thị Điện máy Chợ Lớn,1100.0,,
85Q1R3,siêu thị,AEON Tạ Quang Bửu,1300.0,,
85Q1R3,trung tâm thương mại,Tạp Hóa 305,280.0,,
85Q1R3,trung tâm thương mại,Chợ Đại Quang Minh,1200.0,,
85Q1R3,trung tâm thương mại,Parkson Hùng Vương,1300.0,,
KFF9WC,chợ,Chợ Hiệp Thành,2000.0,,
KFF9WC,trường học,Trường Trung học cơ sở Nguyễn Trung Trực,828.0,,
KFF9WC,trường học,Trường Tiểu học Trần Quốc Toản,1100.0,,
KFF9WC,trường học,Trường Tiểu học Nguyễn Trãi,1300.0,,
KFF9WC,bệnh viện,188 Beauty Spa quận 12 | Viện thẩm mỹ hàng đầu tpHCM,1900.0,,
KFF9WC,công viên,Công viên Chung cư Phú An,2000.0,,
KFF9WC,siêu thị,CoopMart Hiệp Thành,1900.0,,
KFF9WC,trung tâm thương mại,Cửa Hàng Sữa Dony,997.0,,
KFF9WC,trung tâm thương mại,Tạp Hóa Út Huệ,1100.0,,
KFF9WC,trung tâm thương mại,thảo nguyên 1A,1100.0,,
6SS7M8,chợ,Chợ Bàn Cờ,87.0,,
6SS7M8,chợ,Chợ Hoa Hồ Thị Kỷ,410.0,,
6SS7M8,chợ,Ho Thi Ky Food Street,474.0,,
6SS7M8,trường học,Trường Tiểu học Phan Đình Phùng,266.0,,
6SS7M8,trường học,Trường Tiểu học Nguyễn Sơn Hà,268.0,,
6SS7M8,trường học,Trường Tiểu học Lương Định Của,375.0,,
6SS7M8,bệnh viện,Bệnh viện Từ Dũ (khu M),550.0,,
6SS7M8,bệnh viện,Bệnh viện Bình Dân,624.0,,
6SS7M8,bệnh viện,Phòng Thí Nghiệm - Kiểm Tra Sức Khoẻ,921.0,,
6SS7M8,công viên,Công viên số 1 Lý Thái Tổ,330.0,,
6SS7M8,công viên,Công viên Phong Châu,432.0,,
6SS7M8,công viên,Công viên Âu Lạc,434.0,,
6SS7M8,siêu thị,Busy Morning Market,220.0,,
6SS7M8,siêu thị,Circle k,310.0,,
6SS7M8,siêu thị,Siêu Thị Aeon Citimart Cao Thắng,352.0,,
6SS7M8,trung tâm thương mại,Cừa hàng Saigon Hobby,305.0,,
6SS7M8,trung tâm thương mại,Saigon Mall Cao Thắng,376.0,,
6SS7M8,trung tâm thương mại,Tạp Hóa Anh Duy,543.0,,
0ZPHP9,chợ,Chợ Tân Chánh Hiệp,886.0,,
0ZPHP9,chợ,Chợ Ngã Ba Bầu,1000.0,,
0ZPHP9,chợ,Chợ Trung Chánh,1600.0,,
0ZPHP9,trường học,Trường Tiểu học Trần Quang Cơ,652.0,,
0ZPHP9,trường học,Trung tâm Giáo dục nghề nghiệp - Giáo dục thường xuyên Quận 12,669.0,,
0ZPHP9,trường học,Trường Trung học cơ sở Trần Quang Khải,740.0,,
0ZPHP9,bệnh viện,Bệnh viện Đa khoa Trung Mỹ Tây,999.0,,
0ZPHP9,công viên,Công Viên Trúc Lâm,1200.0,,
0ZPHP9,công viên,The parkland,1300.0,,
0ZPHP9,công viên,Cây xanh,1300.0,,
0ZPHP9,siêu thị,Co-opmart Tô Ký,964.0,,
0ZPHP9,siêu thị,Bách hóa XANH.COM,972.0,,
0ZPHP9,siêu thị,Siêu thị Co.opmart Nguyễn Ảnh Thủ,1900.0,,
0ZPHP9,trung tâm thương mại,Nhà Phân Phối Diana Unicharm,1000.0,,
SD7TR5,chợ,Chợ Nguyễn Tri Phương,409.0,,
SD7TR5,chợ,Khu chợ nhỏ,500.0,,
SD7TR5,chợ,Chợ Nhật Tảo,594.0,,
SD7TR5,trường học,Trường Trung học cơ sở Nguyễn Minh Hoàng,334.0,,
SD7TR5,trường học,Trường Quốc tế Việt Úc,352.0,,
SD7TR5,trường học,Trường Tiểu học Trần Văn Kiểu,388.0,,
SD7TR5,bệnh viện,Bệnh viện Trưng Vương,580.0,,
SD7TR5,bệnh viện,Phòng Khám Đa Khoa An Phúc,771.0,,
SD7TR5,bệnh viện,Phòng khám đa khoa quốc tế Nhân Hậu,776.0,,
SD7TR5,công viên,Công viên Hoa hồng,163.0,,
SD7TR5,công viên,Công viên nội bộ chung cư Hòa Bình,225.0,,
SD7TR5,công viên,Phố đi bộ đêm Kỳ đài Quang Trung,344.0,,
SD7TR5,siêu thị,Co.opmart Mini,603.0,,
SD7TR5,siêu thị,VinMart+,605.0,,
SD7TR5,siêu thị,Của Hàng Tạp Hóa TA,605.0,,
SD7TR5,trung tâm thương mại,Lotte Department Store,393.0,,
SD7TR5,trung tâm thương mại,Lotteria,416.0,,
SD7TR5,trung tâm thương mại,Parkson Hùng Vương,1100.0,,
GN9UJ2,chợ,Chợ Chí Hòa,441.0,,
GN9UJ2,chợ,Chợ Hòa Hưng,502.0,,
GN9UJ2,chợ,Chợ thuốc Quận 10,850.0,,
GN9UJ2,trường học,Trường Tiểu Học Triệu Thị Trinh,256.0,,
GN9UJ2,trường học,Trường Tiểu học Lê Thị Riêng,298.0,,
GN9UJ2,trường học,Trường Quân sự Thành Phố Hồ Chí Minh,305.0,,
GN9UJ2,bệnh viện,Bệnh Viện Mắt Việt-Nga,806.0,,
GN9UJ2,bệnh viện,Bệnh viện Quận 10,998.0,,
GN9UJ2,bệnh viện,Bệnh viện Bình Dân,1000.0,,
GN9UJ2,công viên,Khu du lịch Kỳ Hòa,792.0,,
GN9UJ2,công viên,Công viên Vườn Lài,1000.0,,
GN9UJ2,công viên,Công viên Chung cư Lê Thị Riêng,1300.0,,
GN9UJ2,siêu thị,WinMart,437.0,,
GN9UJ2,siêu thị,Siêu Thị Co.opmart,604.0,,
GN9UJ2,siêu thị,Co.opmart Nhiêu Lộc,691.0,,
GN9UJ2,trung tâm thương mại,Vincom Plaza Ba Tháng Hai,810.0,,
GN9UJ2,trung tâm thương mại,phu quy,1100.0,,
GN9UJ2,trung tâm thương mại,Vạn Hạnh Mall,1200.0,,
DBV14H,chợ,Chợ Bình Tiên,293.0,,
DBV14H,chợ,Chợ Hoa Hậu Giang,654.0,,
DBV14H,chợ,Chợ Minh Phụng,662.0,,
DBV14H,trường học,University of Green,262.0,,
DBV14H,trường học,Trường Tiểu học Bình Tiên,317.0,,
DBV14H,trường học,Trường Trung Cấp Tây Nam Á,475.0,,
DBV14H,bệnh viện,Bệnh viện Đa khoa Bình Phú,826.0,,
DBV14H,bệnh viện,Bệnh viện Đa khoa Lãnh Binh Thăng,1900.0,,
DBV14H,công viên,Công viên Lê Lợi,856.0,,
DBV14H,công viên,Công viên Lò Gốm,1000.0,,
DBV14H,công viên,Công viên Bình Phú,1000.0,,
DBV14H,siêu thị,Co.opmart Hậu Giang,626.0,,
DBV14H,siêu thị,Siêu thị MM Mega Market Bình Phú,1200.0,,
DBV14H,siêu thị,Co.op Food,1300.0,,
DBV14H,trung tâm thương mại,Satra Centre Mall,699.0,,
DBV14H,trung tâm thương mại,Phú lâm,1200.0,,
DBV14H,trung tâm thương mại,Thiên,1300.0,,
42XPPF,chợ,Chợ Xóm Mới,545.0,,
42XPPF,chợ,Chợ Hạnh Thông Tây,1300.0,,
42XPPF,chợ,Chợ An Nhơn,1400.0,,
42XPPF,trường học,Trường Trung học phổ thông PHÙNG HƯNG,91.0,,
42XPPF,trường học,Trường Trung học cơ sở Nguyễn Du,295.0,,
42XPPF,trường học,Trường Trung học cơ sở Phan Tây Hồ,317.0,,
42XPPF,bệnh viện,Bệnh viện Đa khoa Gò Vấp,1200.0,,
42XPPF,bệnh viện,Phòng Khám Đa Khoa Hữu Nghị,1500.0,,
42XPPF,công viên,Công viên Làng Hoa Gò Vấp,975.0,,
42XPPF,công viên,Công viên Hòa Bình,1100.0,,
42XPPF,công viên,Mercedes Sidewalk park,1400.0,,
42XPPF,siêu thị,WinMart,1200.0,,
42XPPF,siêu thị,Co.opmart SCA Phạm Văn Chiêu,1400.0,,
42XPPF,trung tâm thương mại,Thế Giới Sữa,458.0,,
42XPPF,trung tâm thương mại,669,461.0,,
42XPPF,trung tâm thương mại,571,501.0,,
1USNX6,chợ,Chợ Hiệp Thành,1700.0,,
1USNX6,trường học,Trường Trung học cơ sở Nguyễn Trung Trực,1100.0,,
1USNX6,trường học,Trường Tiểu học Trần Quốc Toản,1200.0,,
1USNX6,trường học,Trường Tiểu học Nguyễn Trãi,1400.0,,
1USNX6,bệnh viện,188 Beauty Spa quận 12 | Viện thẩm mỹ hàng đầu tpHCM,1700.0,,
1USNX6,siêu thị,CoopMart Hiệp Thành,1700.0,,
1USNX6,trung tâm thương mại,Cửa Hàng Sữa Dony,615.0,,
1USNX6,trung tâm thương mại,Tạp Hóa Út Huệ,684.0,,
1USNX6,trung tâm thương mại,thảo nguyên 1A,1200.0,,
SDKYX5,chợ,Chợ Nhị Thiên Đường,651.0,,
SDKYX5,chợ,Chợ Lò Than,979.0,,
SDKYX5,chợ,Chợ Xóm Củi,1100.0,,
SDKYX5,trường học,Trường Tiểu học Hoàng Minh Đạo,126.0,,
SDKYX5,trường học,"Trường Mầm non Pathway Tuệ Đức - Cơ sở Bông Sao, Quận 8",131.0,,
SDKYX5,trường học,Trường Trung học phổ thông Tạ Quang Bửu,328.0,,
SDKYX5,bệnh viện,Bệnh viện Ngọc Phú,846.0,,
SDKYX5,bệnh viện,Trung tâm Y tế Dự phòng Quận 8,1300.0,,
SDKYX5,bệnh viện,Trạm y tế phường 9 quận 8,1400.0,,
SDKYX5,công viên,Công viên Bông Sao,91.0,,
SDKYX5,công viên,Công viên Chánh Hưng,771.0,,
SDKYX5,công viên,Cong Vien Duong 4,911.0,,
SDKYX5,siêu thị,Cửa Hàng Zakka Nautrals - Tạ Quang Bửu,849.0,,
SDKYX5,siêu thị,Siêu thị Co.opmart Tuy Lý Vương,1200.0,,
SDKYX5,siêu thị,Siêu thị Satra Mart - Phạm Hùng,1400.0,,
SDKYX5,trung tâm thương mại,Tạp Hóa Hồng Linh,719.0,,
SDKYX5,trung tâm thương mại,Tạp Hóa 305,950.0,,
SDKYX5,trung tâm thương mại,Cty TNHH MTV XNK Phong Vân,1300.0,,
UAQZ5S,chợ,Chợ Lò Than,543.0,,
UAQZ5S,chợ,Chợ Nguyễn Chế Nghĩa,638.0,,
UAQZ5S,chợ,Chợ Bình Đông,671.0,,
UAQZ5S,trường học,Trường Tiểu học Hồng Đức,216.0,,
UAQZ5S,trường học,Trường Trung học phổ thông Phạm Phú Thứ,458.0,,
UAQZ5S,trường học,Trường Tiểu học Kim Đồng,566.0,,
UAQZ5S,bệnh viện,Bệnh viện Đa khoa Bình Phú,1800.0,,
UAQZ5S,bệnh viện,Trung tâm Y tế Dự phòng Quận 8,1800.0,,
UAQZ5S,bệnh viện,Bệnh viện Công an Thành phố Hồ Chí Minh,1800.0,,
UAQZ5S,công viên,Công viên Lê Lợi,878.0,,
UAQZ5S,công viên,Công viên Cửu Long,1400.0,,
UAQZ5S,công viên,Công viên Phúc An Khang,1400.0,,
UAQZ5S,siêu thị,Siêu thị Co.opmart Tuy Lý Vương,847.0,,
UAQZ5S,siêu thị,Co.opmart Hậu Giang,1400.0,,
UAQZ5S,siêu thị,Siêu thị MM Mega Market Bình Phú,2000.0,,
UAQZ5S,trung tâm thương mại,Satra Centre Mall,468.0,,
UAQZ5S,trung tâm thương mại,Tạp Hóa Hồng Linh,780.0,,
UAQZ5S,trung tâm thương mại,Cty TNHH MTV XNK Phong Vân,1100.0,,
6SHWD8,chợ,Chợ Cầu Đồng,1200.0,,
6SHWD8,chợ,Chợ Vườn Lài,1300.0,,
6SHWD8,trường học,Trường Tiểu Học Vĩnh Phú,1300.0,,
6SHWD8,trường học,Trường Trung học cơ sở Châu Văn Liêm,1300.0,,
6SHWD8,trường học,Trường Trung học phổ thông Thạnh Lộc,1500.0,,
6SHWD8,siêu thị,Xường công nghệ cao,1800.0,,
6SHWD8,trung tâm thương mại,Tạp hóa Hiền Trâm,1500.0,,
UYD8AS,chợ,Chợ Hoa Hậu Giang,270.0,,
UYD8AS,chợ,Chợ Minh Phụng,364.0,,
UYD8AS,chợ,Chợ Bình Tiên,491.0,,
UYD8AS,trường học,Trường Tiểu học Bình Tiên,186.0,,
UYD8AS,trường học,Trường Trung Cấp Tây Nam Á,227.0,,
UYD8AS,trường học,Trường Trung học cơ sở&Trung học phổ thông Phan Bội Châu Thành phố Hồ Chí Minh,272.0,,
UYD8AS,bệnh viện,Bệnh viện Đa khoa Bình Phú,677.0,,
UYD8AS,bệnh viện,Bệnh viện Đa khoa Lãnh Binh Thăng,1600.0,,
UYD8AS,công viên,Công viên Lê Lợi,965.0,,
UYD8AS,công viên,Công viên Bình Phú,1100.0,,
UYD8AS,công viên,Công viên Lò Gốm,1100.0,,
UYD8AS,siêu thị,Co.opmart Hậu Giang,355.0,,
UYD8AS,siêu thị,Co.opMart Phú Lâm,1000.0,,
UYD8AS,siêu thị,Co.op Food,1100.0,,
UYD8AS,trung tâm thương mại,Satra Centre Mall,989.0,,
UYD8AS,trung tâm thương mại,Nhi,1300.0,,
UYD8AS,trung tâm thương mại,Phú lâm,1300.0,,
WP87YR,chợ,Chợ Phú Xuân,809.0,,
WP87YR,trường học,Trường Trung học phổ thông Ngô Quyền,333.0,,
WP87YR,trường học,Trường Tiểu học Phú Mỹ,526.0,,
WP87YR,trường học,Trường Trung học cơ sở Hoàng Quốc Việt,651.0,,
WP87YR,bệnh viện,Nhà Thuốc Thái Thanh,1800.0,,
WP87YR,công viên,Trung Tâm Văn Hóa Quận 7,238.0,,
WP87YR,công viên,Công viên KDC Belleza,875.0,,
WP87YR,công viên,Công viên nội khu,951.0,,
WP87YR,siêu thị,Co.opmart Huỳnh Tấn Phát,256.0,,
J26EB0,chợ,Chợ Sơn Kỳ,627.0,,
J26EB0,chợ,Chợ Tân Trụ,1400.0,,
J26EB0,chợ,Chợ Võ Thành Trang,1900.0,,
J26EB0,trường học,Trường Tiểu học Lê Lai,307.0,,
J26EB0,trường học,Trường Trung học phổ thông Tư Thục Đinh Tiên Hoàng,320.0,,
J26EB0,trường học,Trường Trung học cơ sở Lê Lợi,378.0,,
J26EB0,bệnh viện,Yoga trị liệu l Ci Yoga Therapy CN Celadon,1200.0,,
J26EB0,công viên,Công viên Sơn Kỳ,1600.0,,
J26EB0,công viên,Công viên Thuận Kiều,1700.0,,
J26EB0,công viên,Công viên Nguyễn Sỹ Sách,1800.0,,
J26EB0,siêu thị,Co.op Mart Trường Chinh,1000.0,,
J26EB0,siêu thị,Co.opmart Thắng Lợi,1100.0,,
J26EB0,siêu thị,Co.op Mart Thắng Lợi,1100.0,,
J26EB0,trung tâm thương mại,Nhà đậu xe Aeon Mall Tân Phú Celadon;Commercial_AEONMallTanPhu Storie 4,1300.0,,
EPDSM4,chợ,Chợ Phú Lâm,405.0,,
EPDSM4,chợ,Chợ Tân Hòa Đông,560.0,,
EPDSM4,chợ,Chợ Phú Định,955.0,,
EPDSM4,trường học,Trường Trung học phổ thông tư thục Phú Lâm,363.0,,
EPDSM4,trường học,Trường Tiểu học Him Lam,387.0,,
EPDSM4,trường học,Trường Trung học cơ sở Đoàn Kết,402.0,,
EPDSM4,bệnh viện,Bệnh viện Đa khoa Bình Phú,1200.0,,
EPDSM4,bệnh viện,Bệnh Viện Quốc Tế Minh Anh,1700.0,,
EPDSM4,công viên,Công viên Bãi Cát,251.0,,
EPDSM4,công viên,Công viên Phú Lâm,840.0,,
EPDSM4,công viên,Công Viên 158 Phan Anh,962.0,,
EPDSM4,siêu thị,Satra Foods,32.0,,
EPDSM4,siêu thị,Co.op Food,632.0,,
EPDSM4,siêu thị,Co.opMart Phú Lâm,647.0,,
EPDSM4,trung tâm thương mại,Nhi,1200.0,,
EPDSM4,trung tâm thương mại,Phú lâm,1800.0,,
EPDSM4,trung tâm thương mại,Thiên,1800.0,,
PN1UHG,chợ,Chợ thuốc Quận 10,162.0,,
PN1UHG,chợ,Chợ Chí Hòa,616.0,,
PN1UHG,chợ,Chợ Hòa Hưng,649.0,,
PN1UHG,trường học,Trường Đại Học Ngoại Ngữ Tin Học,331.0,,
PN1UHG,trường học,Trường Tiểu học Thiên Hộ Dương,353.0,,
PN1UHG,trường học,Trường Tiểu học Tô Hiến Thành,422.0,,
PN1UHG,bệnh viện,Bệnh viện Quận 10,321.0,,
PN1UHG,bệnh viện,Bệnh viện Nhân dân 115,457.0,,
PN1UHG,bệnh viện,Viện Tim Thành phố Hồ Chí Minh,629.0,,
PN1UHG,công viên,Công viên Chung cư Lê Thị Riêng,634.0,,
PN1UHG,công viên,Khu du lịch Kỳ Hòa,863.0,,
PN1UHG,công viên,Công viên Vườn Lài,916.0,,
PN1UHG,siêu thị,Go! Miền Đông,193.0,,
PN1UHG,siêu thị,MiniMart,540.0,,
PN1UHG,siêu thị,Siêu Thị Co.opmart,951.0,,
PN1UHG,trung tâm thương mại,Vạn Hạnh Mall,980.0,,
PN1UHG,trung tâm thương mại,Vincom Plaza Ba Tháng Hai,1500.0,,
PN1UHG,trung tâm thương mại,phu quy,1800.0,,
7KECXA,chợ,An Dong Market,513.0,,
7KECXA,chợ,Ho Thi Ky Food Street,628.0,,
7KECXA,chợ,Chợ Bàn Cờ,682.0,,
7KECXA,trường học,Trường Quốc Tế Á Châu,332.0,,
7KECXA,trường học,Trường Trung học cơ sở Phan Sào Nam,410.0,,
7KECXA,trường học,Trường Trung học phổ thông Vạn Hạnh,495.0,,
7KECXA,bệnh viện,Bệnh viện Đa Khoa Vạn Hạnh,559.0,,
7KECXA,bệnh viện,Bệnh viện Nhi đồng 1,691.0,,
7KECXA,bệnh viện,Bệnh viện Bình Dân,722.0,,
7KECXA,công viên,Khu du lịch Kỳ Hòa,324.0,,
7KECXA,công viên,Công viên Vườn Lài,453.0,,
7KECXA,công viên,Công viên số 1 Lý Thái Tổ,794.0,,
7KECXA,siêu thị,Siêu Thị Co.opmart,326.0,,
7KECXA,siêu thị,Busy Morning Market,478.0,,
7KECXA,siêu thị,Siêu Thị Aeon Citimart Cao Thắng,611.0,,
7KECXA,trung tâm thương mại,Vạn Hạnh Mall,626.0,,
7KECXA,trung tâm thương mại,Cừa hàng Saigon Hobby,671.0,,
7KECXA,trung tâm thương mại,Vincom Plaza Ba Tháng Hai,777.0,,
37UNZQ,chợ,Chợ Xóm Chiếu,441.0,,
37UNZQ,chợ,Chợ Long Kiểng,747.0,,
37UNZQ,chợ,Chợ Hãng Phân,753.0,,
37UNZQ,trường học,Trường Tiểu học Xóm Chiếu,277.0,,
37UNZQ,trường học,Trường Trung học cơ sở Vân Đồn,322.0,,
37UNZQ,trường học,Trường Tiểu học Bến Cảng,382.0,,
37UNZQ,bệnh viện,Trung Tâm Y Tế Dự Phòng - Phòng Khám Tiêm Phòng,514.0,,
37UNZQ,bệnh viện,Bệnh viện Đa khoa Khánh Hội,787.0,,
37UNZQ,bệnh viện,Bệnh viện Phước An,1000.0,,
37UNZQ,công viên,Công viên Phường 12,560.0,,
37UNZQ,công viên,Công viên Phường 5,799.0,,
37UNZQ,công viên,Công viên Khánh Hội,1100.0,,
37UNZQ,siêu thị,Co.op Food,166.0,,
37UNZQ,siêu thị,Satra Foods,449.0,,
37UNZQ,siêu thị,Chợ 200,456.0,,
37UNZQ,trung tâm thương mại,Thu,421.0,,
37UNZQ,trung tâm thương mại,Chợ Dân Sinh,1200.0,,
37UNZQ,trung tâm thương mại,Trung Tâm Mua Sắm Russian,1300.0,,
5B3M57,chợ,Chợ Dĩ An,982.0,,
5B3M57,chợ,Chợ Nội Hóa,1600.0,,
5B3M57,chợ,Chợ Đông Hòa,1900.0,,
5B3M57,trường học,Trường Tiểu học Đông Hòa,803.0,,
5B3M57,trường học,Trường Trung học cơ sở Đông Hòa,903.0,,
5B3M57,trường học,Trường Tiểu học Dĩ An A,1200.0,,
5B3M57,bệnh viện,Trung tâm Y tế khu vực Dĩ An,588.0,,
5B3M57,công viên,Công Viên Rạp Hát Dĩ An,1100.0,,
5B3M57,công viên,Công viên Dĩ An,1500.0,,
5B3M57,siêu thị,GO! Dĩ An,1800.0,,
5B3M57,trung tâm thương mại,Thanh Trúc,1500.0,,
5B3M57,trung tâm thương mại,Hạnh Phúc,1900.0,,
37APFQ,chợ,Chợ Tân Phú,597.0,,
37APFQ,chợ,Chợ Tân Phú 2,826.0,,
37APFQ,chợ,Chợ Tân Hương,1100.0,,
37APFQ,trường học,Trường Trung học cơ sở Lê Anh Xuân,257.0,,
37APFQ,trường học,Trường Giáo dục thường xuyên quận Tân Phú,390.0,,
37APFQ,trường học,Trường Trung học cơ sở Phan Bội Châu,519.0,,
37APFQ,bệnh viện,Bệnh viện Đa khoa Tân Phú,1200.0,,
37APFQ,bệnh viện,Bệnh Viện Đa Khoa Mỹ Đức,1700.0,,
37APFQ,công viên,Địa đạo Phú Thọ Hòa,443.0,,
37APFQ,công viên,Công viên Tân Phú,693.0,,
37APFQ,công viên,Công viên Bàu Cát 3,1200.0,,
37APFQ,siêu thị,Phụ Kiện Bida Minh Điền,306.0,,
37APFQ,siêu thị,Siêu thị GO! Âu Cơ,865.0,,
37APFQ,siêu thị,Cửa Hàng Cung Cấp Đồ Hóa Trang Hoa Chí Tín,1100.0,,
37APFQ,trung tâm thương mại,Cửa Hàng Gạo Hạt Ngọc Trời,812.0,,
37APFQ,trung tâm thương mại,Bách hóa tổng hợp,1600.0,,
37APFQ,trung tâm thương mại,Cửa Hàng Thực Phẩm Tiện Lợi Satra Food,1900.0,,
2XGR7Z,chợ,Chợ Hòa Hưng,329.0,,
2XGR7Z,chợ,Chợ Chí Hòa,335.0,,
2XGR7Z,chợ,Chợ Nguyễn Văn Trỗi,687.0,,
2XGR7Z,trường học,Trường Trung học cơ sở Hòa Hưng,315.0,,
2XGR7Z,trường học,Trường Tiểu học Trần Văn Đang,320.0,,
2XGR7Z,trường học,Trường Tiểu học Trương Quyền,419.0,,
2XGR7Z,bệnh viện,Bệnh viện An Sinh,953.0,,
2XGR7Z,bệnh viện,Bệnh viện Tai Mũi Họng Thành phố Hồ Chí Minh,1100.0,,
2XGR7Z,bệnh viện,Bệnh Viện Mắt Việt-Nga,1100.0,,
2XGR7Z,công viên,Công viên Chung cư Lê Thị Riêng,1200.0,,
2XGR7Z,công viên,Khu du lịch Kỳ Hòa,1200.0,,
2XGR7Z,công viên,Đài liệt sĩ Quận 3,1300.0,,
2XGR7Z,siêu thị,Co.opmart Nhiêu Lộc,315.0,,
2XGR7Z,siêu thị,Circle k,607.0,,
2XGR7Z,siêu thị,WinMart,610.0,,
2XGR7Z,trung tâm thương mại,Vincom Plaza Ba Tháng Hai,1100.0,,
2XGR7Z,trung tâm thương mại,phu quy,1400.0,,
2XGR7Z,trung tâm thương mại,Vạn Hạnh Mall,1600.0,,
85RYC3,chợ,Chợ Lạc Quang,656.0,,
85RYC3,chợ,Chợ An Sương,1500.0,,
85RYC3,chợ,Chợ Bà Điểm,1600.0,,
85RYC3,trường học,Trường Trung học cơ sở Nguyễn Ảnh Thủ,431.0,,
85RYC3,trường học,"Trường Tiểu học Pathway Tuệ Đức - Cơ sở Tân Thới Nhất 6, Quận 12",440.0,,
85RYC3,trường học,Trường Tiểu học Nguyễn Thị Định,508.0,,
85RYC3,bệnh viện,Bệnh viện Đa khoa Tâm Trí Sài Gòn,953.0,,
85RYC3,công viên,CÔNG VIÊN 8XLUS,967.0,,
85RYC3,công viên,Công viên Thuận Kiều,1200.0,,
85RYC3,siêu thị,Co.opmart,941.0,,
85RYC3,siêu thị,Tạp Hóa Chú 8,984.0,,
85RYC3,siêu thị,Kho Hàng Hùng Hậu,987.0,,
SD7HQ5,chợ,Chợ Phạm Thế Hiển,486.0,,
SD7HQ5,chợ,Chợ Ba Đình,1100.0,,
SD7HQ5,chợ,Chợ Xóm Củi,1400.0,,
SD7HQ5,trường học,Trường Tiểu học Thái Hưng,154.0,,
SD7HQ5,trường học,Trường Trung học phổ thông Lương Văn Can,266.0,,
SD7HQ5,trường học,Trung Tâm Giáo dục nghề nghiệp - Giáo dục thường xuyên Quận 8,470.0,,
SD7HQ5,bệnh viện,Bệnh viện Ngọc Phú,285.0,,
SD7HQ5,bệnh viện,Bệnh viện Đa khoa Chánh Hưng,617.0,,
SD7HQ5,bệnh viện,Trạm y tế phường 9 quận 8,809.0,,
SD7HQ5,công viên,Công Viên Dương 4,326.0,,
SD7HQ5,công viên,Cong Vien Duong 4,331.0,,
SD7HQ5,công viên,Công viên Chánh Hưng,482.0,,
SD7HQ5,siêu thị,Cửa Hàng Zakka Nautrals - Tạ Quang Bửu,300.0,,
SD7HQ5,siêu thị,Siêu thị Satra Mart - Phạm Hùng,642.0,,
SD7HQ5,siêu thị,AEON Tạ Quang Bửu,742.0,,
SD7HQ5,trung tâm thương mại,Centre Mall Phạm Hùng,673.0,,
SD7HQ5,trung tâm thương mại,Parc Mall,832.0,,
SD7HQ5,trung tâm thương mại,Tạp Hóa 305,979.0,,
5EWQM7,trường học,Trường Tiểu học Tam Đông 2,806.0,,
5EWQM7,trường học,Trường Trung học cơ sở Đông Thạnh,1200.0,,
5EWQM7,trường học,Trường Tiểu học Thới Tam,1800.0,,
5EWQM7,siêu thị,Bách Hóa Hạnh Dương,1400.0,,
5EWQM7,siêu thị,CoopMart Hóc Môn,1500.0,,
5EWQM7,siêu thị,Co-opmart Đỗ Văn Dậy,1700.0,,
SYP0T5,chợ,Chợ Bình Long,1400.0,,
SYP0T5,trường học,Trường Tiểu học Bình Thuận,444.0,,
SYP0T5,trường học,Trường Tiểu học Phù Đổng,581.0,,
SYP0T5,trường học,Trường Tiểu học Lạc Hồng,886.0,,
SYP0T5,bệnh viện,Trạm Y Tế phường Bình Hưng Hòa,641.0,,
SYP0T5,siêu thị,Bách Hóa Xanh,1200.0,,
SYP0T5,siêu thị,Bách Hóa XXanh 175C Đường Số 8,1300.0,,
SYP0T5,siêu thị,Chả cua Huế,2000.0,,
SYP0T5,trung tâm thương mại,Cửa Hàng Thực Phẩm Tiện Lợi Satra Food,1500.0,,
QAHHZU,chợ,Chợ Nhị Bình,1400.0,,
QAHHZU,chợ,Chợ Lái Thiêu,1900.0,,
QAHHZU,trường học,Trường Trung học cơ sở Tô Ngọc Vân,699.0,,
QAHHZU,trường học,Trường Trung học cơ sở Đặng Công Bỉnh,834.0,,
QAHHZU,trường học,Trường Trung học cơ sở Nguyễn Văn Tiết,1700.0,,
QAHHZU,công viên,Công viên Lái Thiêu,1900.0,,
QAHHZU,công viên,Công viên Bờ kè Gia Long,2000.0,,
QAHHZU,trung tâm thương mại,Hương hằng,1600.0,,
K4K44C,chợ,Chợ Hiệp Thành,1300.0,,
K4K44C,trường học,Trường Tiểu học Lê Văn Thọ,275.0,,
K4K44C,trường học,Trường Trung học phổ thông Võ Trường Toản,304.0,,
K4K44C,trường học,Trường Mẫu Giáo Ánh Mặt Trời,387.0,,
K4K44C,bệnh viện,188 Beauty Spa quận 12 | Viện thẩm mỹ hàng đầu tpHCM,914.0,,
K4K44C,bệnh viện,Bệnh viện Đa khoa Trung Mỹ Tây,1900.0,,
K4K44C,công viên,Công viên Chung cư Phú An,1300.0,,
K4K44C,công viên,Công Viên Trúc Lâm,1800.0,,
K4K44C,công viên,Cây xanh,1900.0,,
K4K44C,siêu thị,MM Mega Market Hiệp Phú,654.0,,
K4K44C,siêu thị,CoopMart Hiệp Thành,1100.0,,
K4K44C,trung tâm thương mại,thảo nguyên 1A,819.0,,
K4K44C,trung tâm thương mại,Tân phước,842.0,,
K4K44C,trung tâm thương mại,SuSu,1300.0,,
5H89X7,chợ,Chợ Tân Phú,479.0,,
5H89X7,trường học,Trường Tiểu học Tân Phú,379.0,,
5H89X7,trường học,Trường Đại học Khoa học xã hội & Nhân văn,630.0,,
5H89X7,trường học,Trường Trung học cơ sở Tân Phú,861.0,,
5H89X7,bệnh viện,Bệnh viện Ung bướu cơ sở 2,730.0,,
5H89X7,công viên,Vườn hoa Nguyễn Thái Bình,1900.0,,
5H89X7,công viên,Khu tưởng niệm Bến Nọc,1900.0,,
5H89X7,siêu thị,Siêu thị 621,960.0,,
5H89X7,trung tâm thương mại,Chợ Đêm Man Thiện,2000.0,,
6U6ZN8,chợ,Chợ Gò Vấp,309.0,,
6U6ZN8,chợ,Chợ Cây Quéo,1300.0,,
6U6ZN8,chợ,Chợ Cây Điệp,1400.0,,
6U6ZN8,trường học,Trường Tiểu học Hanh Thông,98.0,,
6U6ZN8,trường học,Trường Tiểu Học Lê Lợi,101.0,,
6U6ZN8,trường học,Mẫu Giáo Hoa lan,127.0,,
6U6ZN8,bệnh viện,Bệnh viện Quân y 175,826.0,,
6U6ZN8,bệnh viện,Trạm Y Tế Phường 7 Quận Phú Nhuận,1900.0,,
6U6ZN8,bệnh viện,Bệnh viện Ung bướu,1900.0,,
6U6ZN8,công viên,Công viên Bến Hải,954.0,,
6U6ZN8,công viên,Công viên Khu nhà ở Quân đội,1100.0,,
6U6ZN8,công viên,Công viên Gia Định,1600.0,,
6U6ZN8,siêu thị,Lẩu cá kèo,636.0,,
6U6ZN8,siêu thị,emart,717.0,,
6U6ZN8,siêu thị,Co.opmart Phan Văn Trị,1100.0,,
6U6ZN8,trung tâm thương mại,Trung Tâm Thương Mại Vincom Plaza Gò Vấp,706.0,,
6U6ZN8,trung tâm thương mại,GO! Go Vap,963.0,,
6U6ZN8,trung tâm thương mại,Trung Tâm Mua Sắm Nguyễn Kim Gò Vấp,1500.0,,
6S56M8,chợ,Chợ Gò Vấp,352.0,,
6S56M8,chợ,Chợ An Nhơn,1900.0,,
6S56M8,chợ,Chợ Cây Quéo,1900.0,,
6S56M8,trường học,Trường Trung học cơ sở Gò Vấp 2,160.0,,
6S56M8,trường học,Trường Tiểu Học Trần Quốc Toản,235.0,,
6S56M8,trường học,Trường Trung Học Phổ Thông Phan Văn Trị,324.0,,
6S56M8,bệnh viện,Bệnh viện Quân y 175,1100.0,,
6S56M8,công viên,Công viên Khu nhà ở Quân đội,407.0,,
6S56M8,công viên,Công viên Bến Hải,867.0,,
6S56M8,công viên,Công viên Đặng Thùy Trâm,1600.0,,
6S56M8,siêu thị,Lẩu cá kèo,319.0,,
6S56M8,siêu thị,Co.opmart Phan Văn Trị,586.0,,
6S56M8,siêu thị,Winmart,820.0,,
6S56M8,trung tâm thương mại,Trung Tâm Thương Mại Vincom Plaza Gò Vấp,307.0,,
6S56M8,trung tâm thương mại,GO! Go Vap,689.0,,
6S56M8,trung tâm thương mại,Trung Tâm Mua Sắm Nguyễn Kim Gò Vấp,1000.0,,
W9N8AR,chợ,Chợ Bà Chiểu,117.0,,
W9N8AR,chợ,Chợ Đa Kao,944.0,,
W9N8AR,chợ,Chợ Cây Điệp,1200.0,,
W9N8AR,trường học,Trường Trung học cơ sở Lam Sơn,195.0,,
W9N8AR,trường học,Trường Tiểu học Nguyễn Đình Chiểu,291.0,,
W9N8AR,trường học,Trường Trung học cơ sở Trương Công Định,327.0,,
W9N8AR,bệnh viện,Bệnh viện Đa khoa Bình Thạnh,353.0,,
W9N8AR,bệnh viện,Bệnh Viện Quốc Tế Columbia Asia,528.0,,
W9N8AR,bệnh viện,Bệnh viện Nhân dân Gia Định,631.0,,
W9N8AR,công viên,Công viên Văn hóa Phú Nhuận,938.0,,
W9N8AR,công viên,Công viên trung tâm HCA,1400.0,,
W9N8AR,công viên,Công viên Lê Văn Tám,1500.0,,
W9N8AR,siêu thị,Foodmart,177.0,,
W9N8AR,siêu thị,Focomart,428.0,,
W9N8AR,siêu thị,Điện thoại VT Mobile,527.0,,
W9N8AR,trung tâm thương mại,Tạp Hóa Thu Bé Bự,1600.0,,
W9N8AR,trung tâm thương mại,MIA  Luggage store,1600.0,,
EJMXV4,chợ,Chợ Vườn Lài,1100.0,,
EJMXV4,chợ,Chợ Cầu Đồng,1200.0,,
EJMXV4,chợ,Chợ An Nhơn,2000.0,,
EJMXV4,trường học,Trường Trung học phổ thông Đông Dương,355.0,,
EJMXV4,trường học,Trường Tiểu Học Phạm Văn Chiêu,545.0,,
EJMXV4,trường học,Trường Trung học cơ sở An Phú Đông,589.0,,
EJMXV4,bệnh viện,Phòng Khám Đa Khoa Hữu Nghị,1200.0,,
EJMXV4,công viên,Công viên Văn hóa Gò Vấp,1700.0,,
EJMXV4,công viên,"Công viên Gò Sao , Thạnh Xuân, Quận 12",1900.0,,
EJMXV4,siêu thị,Xường công nghệ cao,1600.0,,
EJMXV4,trung tâm thương mại,Tạp hóa Hiền Trâm,1400.0,,
EJMXV4,trung tâm thương mại,Thiên hương,1900.0,,
EJMXV4,trung tâm thương mại,571,1900.0,,
DE2GEH,chợ,Chợ Hạnh Thông Tây,1200.0,,
DE2GEH,chợ,Chợ An Nhơn,1500.0,,
DE2GEH,trường học,Trường Trung học cơ sở - Trung học phổ thông Bán Trú Nội Trú Hồng Hà - Cơ Sở 4,543.0,,
DE2GEH,trường học,Trường Trung học cơ sở&Trung học phổ thông Hồng Hà,561.0,,
DE2GEH,trường học,Trường Trung học cơ sở Thông Tây Hội (cơ sở 2),763.0,,
DE2GEH,bệnh viện,Bệnh viện Đa khoa Gò Vấp,870.0,,
DE2GEH,bệnh viện,Bệnh viện Quân y 175,1900.0,,
DE2GEH,công viên,Công viên Hòa Bình,596.0,,
DE2GEH,công viên,Mercedes Sidewalk park,1600.0,,
DE2GEH,công viên,Công viên Làng Hoa Gò Vấp,1800.0,,
DE2GEH,siêu thị,WinMart,411.0,,
DE2GEH,siêu thị,Co.opmart Phan Văn Trị,1500.0,,
DE2GEH,trung tâm thương mại,Vincom Plaza Quang Trung,468.0,,
DE2GEH,trung tâm thương mại,Lotte Department Store,825.0,,
DE2GEH,trung tâm thương mại,Saigon Mall Gò Vấp,895.0,,
40MRBF,chợ,Chợ Ba Đình,182.0,,
40MRBF,chợ,Chợ Phạm Thế Hiển,465.0,,
40MRBF,chợ,Chợ Hòa Bình,774.0,,
40MRBF,trường học,Trường mẫu giáo Vàng Anh,123.0,,
40MRBF,trường học,Trường Tiểu học Thái Hưng (cơ sở 2),193.0,,
40MRBF,trường học,Trường Tiểu học Hưng Phú A,236.0,,
40MRBF,bệnh viện,Trạm y tế phường 9 quận 8,138.0,,
40MRBF,bệnh viện,Trung tâm Y tế Dự phòng Quận 8,709.0,,
40MRBF,bệnh viện,Bệnh viện Y học Cổ truyền Thành phố Hồ Chí Minh (Cơ sở 2),746.0,,
40MRBF,công viên,Công viên Võ Văn Kiệt,406.0,,
40MRBF,công viên,Công viên 310A Hưng Phú,726.0,,
40MRBF,công viên,Công viên Văn Lang,1100.0,,
40MRBF,siêu thị,Siêu thị Điện máy Chợ Lớn,961.0,,
40MRBF,siêu thị,Cửa Hàng Zakka Nautrals - Tạ Quang Bửu,1200.0,,
40MRBF,siêu thị,AEON Tạ Quang Bửu,1200.0,,
40MRBF,trung tâm thương mại,Tạp Hóa 305,633.0,,
40MRBF,trung tâm thương mại,Parkson Hùng Vương,1200.0,,
40MRBF,trung tâm thương mại,Trung tâm Thương Mại An Đông Plaza,1200.0,,
1QMB96,chợ,Chợ Thạnh Xuân,1300.0,,
1QMB96,chợ,Chợ Cầu Đồng,2000.0,,
1QMB96,trường học,Trường Trung học cơ sở Tô Ngọc Vân,800.0,,
1QMB96,trường học,Trường Tiểu Học Vĩnh Phú,1000.0,,
1QMB96,trường học,Trường Trung học cơ sở Châu Văn Liêm,1100.0,,
1QMB96,trung tâm thương mại,Hương hằng,1900.0,,
SD7CS5,chợ,Chợ Rạch Ông,557.0,,
SD7CS5,chợ,Chợ Hòa Bình,1300.0,,
SD7CS5,chợ,Chợ Phạm Thế Hiển,1400.0,,
SD7CS5,trường học,Trường Trung học cơ sở Khánh Bình,75.0,,
SD7CS5,trường học,Trường Tiểu Học Âu Dương Lân,511.0,,
SD7CS5,trường học,Trường Tiểu Học Rạch Ông,640.0,,
SD7CS5,bệnh viện,Bệnh viện Phục hồi chức năng - Điều trị bệnh nghề nghiệp,302.0,,
SD7CS5,bệnh viện,Bệnh viện Đa khoa Chánh Hưng,811.0,,
SD7CS5,bệnh viện,Bệnh Viện Đa Khoa Quốc Tế Nam Sài Gòn,1100.0,,
SD7CS5,công viên,Công viên Phường 2,682.0,,
SD7CS5,công viên,Công viên Dạ Nam,719.0,,
SD7CS5,công viên,Công viên Tạ Quang Bữu,1000.0,,
SD7CS5,siêu thị,Bách Hóa Xanh,397.0,,
SD7CS5,siêu thị,AEON Tạ Quang Bửu,648.0,,
SD7CS5,siêu thị,Siêu Thị Tiện Lợi Citi Mart,1300.0,,
SD7CS5,trung tâm thương mại,Parc Mall,556.0,,
SD7CS5,trung tâm thương mại,Centre Mall Phạm Hùng,1400.0,,
SD7CS5,trung tâm thương mại,LOTTE Mart Quận 7,2000.0,,
KFESQC,chợ,Chợ Bình Tây,387.0,,
KFESQC,chợ,Chợ Bình Tiên,470.0,,
KFESQC,chợ,Chợ Minh Phụng,548.0,,
KFESQC,trường học,Trường Tiểu học Nguyễn Thiện Thuật,90.0,,
KFESQC,trường học,Trường Tiểu học Châu Văn Liêm,171.0,,
KFESQC,trường học,Châu Văn Liêm,179.0,,
KFESQC,bệnh viện,Bệnh viện Đa khoa Lãnh Binh Thăng,1300.0,,
KFESQC,bệnh viện,Bệnh viện Đa khoa Bình Phú,1400.0,,
KFESQC,bệnh viện,Bệnh viện Công an Thành phố Hồ Chí Minh,1400.0,,
KFESQC,công viên,Công viên Lê Lợi,253.0,,
KFESQC,công viên,Công viên Cây Mai,631.0,,
KFESQC,công viên,Công viên Cửu Long,733.0,,
KFESQC,siêu thị,Co.opmart Hậu Giang,511.0,,
KFESQC,siêu thị,Siêu thị Co.opmart Tuy Lý Vương,982.0,,
KFESQC,siêu thị,Co.opMart Phú Lâm,1600.0,,
KFESQC,trung tâm thương mại,Satra Centre Mall,582.0,,
KFESQC,trung tâm thương mại,The Garden Mall,1000.0,,
KFESQC,trung tâm thương mại,Chợ vải Soái Kình Lâm,1100.0,,
5HRQT7,chợ,Chợ Lạc Quang,267.0,,
5HRQT7,chợ,Chợ An Sương,1300.0,,
5HRQT7,chợ,Chợ Bà Điểm,2000.0,,
5HRQT7,trường học,Trường Trung học cơ sở Nguyễn Vĩnh Nghiệp,190.0,,
5HRQT7,trường học,Anh Văn Hội Việt Mỹ VUS,482.0,,
5HRQT7,trường học,Trường Tiểu học Nguyễn Thị Định,502.0,,
5HRQT7,bệnh viện,Bệnh viện Đa khoa Tâm Trí Sài Gòn,607.0,,
5HRQT7,công viên,CÔNG VIÊN 8XLUS,633.0,,
5HRQT7,công viên,Công viên Thuận Kiều,1200.0,,
5HRQT7,siêu thị,FamilyMart,668.0,,
5HRQT7,siêu thị,Kho Hàng Hùng Hậu,678.0,,
5HRQT7,siêu thị,Tạp Hóa Chú 8,678.0,,
SDBEV5,chợ,Chợ Hiệp Thành,1800.0,,
SDBEV5,trường học,Trường Trung học cơ sở Nguyễn Trung Trực,350.0,,
SDBEV5,trường học,Trường Tiểu học Trần Quốc Toản,468.0,,
SDBEV5,trường học,Trường Tiểu học Nguyễn Trãi,638.0,,
SDBEV5,bệnh viện,188 Beauty Spa quận 12 | Viện thẩm mỹ hàng đầu tpHCM,1500.0,,
SDBEV5,công viên,Công viên Chung cư Phú An,909.0,,
SDBEV5,công viên,"Công viên Gò Sao , Thạnh Xuân, Quận 12",1600.0,,
SDBEV5,siêu thị,MM Mega Market Hiệp Phú,1200.0,,
SDBEV5,siêu thị,WinMart,1400.0,,
SDBEV5,siêu thị,FamilyMart,1400.0,,
SDBEV5,trung tâm thương mại,thảo nguyên 1A,652.0,,
SDBEV5,trung tâm thương mại,Tân phước,1200.0,,
SDBEV5,trung tâm thương mại,Cửa Hàng Sữa Dony,1600.0,,
7HEMKA,chợ,Chợ An Hội,94.0,,
7HEMKA,chợ,Chợ Cầu,1100.0,,
7HEMKA,chợ,Chợ Hạnh Thông Tây,1700.0,,
7HEMKA,trường học,Trường Trung học cơ sở Phạm Văn Chiêu,356.0,,
7HEMKA,trường học,Trường Trung học phổ thông Lý Thái Tổ,390.0,,
7HEMKA,trường học,Trường Tiểu học An Hội,395.0,,
7HEMKA,công viên,Isuzu sidewalk park,558.0,,
7HEMKA,công viên,Công viên Làng Hoa Gò Vấp,1300.0,,
7HEMKA,công viên,Mercedes Sidewalk park,1400.0,,
7HEMKA,siêu thị,Co-opmart Liên Hiệp Thành phố Hồ Chí Minh,87.0,,
7HEMKA,siêu thị,Emart Phan Huy Ích,770.0,,
7HEMKA,siêu thị,Co.opmart SCA Phạm Văn Chiêu,1400.0,,
9V3BGP,chợ,Chợ Từ Đức,619.0,,
9V3BGP,chợ,Chợ Thủ Đức B,993.0,,
9V3BGP,chợ,Chợ Linh Trung,1200.0,,
9V3BGP,trường học,Cao Đẳng Kinh Tế Kỹ Thuật Thủ Đức,180.0,,
9V3BGP,trường học,TT Bồi Dưỡng Chính trị Quận Thủ Đức,275.0,,
9V3BGP,trường học,Trung tâm Giáo dục nghề nghiệp - Giáo dục thường xuyên thành phố Thủ Đức,355.0,,
9V3BGP,bệnh viện,Phòng khám đa khoa YHCT Thiên Phúc Đường,336.0,,
9V3BGP,bệnh viện,Bệnh viện Đa khoa Hoàn Hảo Kei Mei Kai,1700.0,,
9V3BGP,bệnh viện,Bệnh Viện Hoà Hảo,1700.0,,
9V3BGP,công viên,Công viên phường Linh Chiểu,90.0,,
9V3BGP,công viên,Công viên đường số 9,580.0,,
9V3BGP,công viên,Công viên sau trường Nguyễn Hữu Huân,912.0,,
9V3BGP,siêu thị,Tops,1100.0,,
9V3BGP,siêu thị,Coopmart,1300.0,,
9V3BGP,siêu thị,thu mua kệ siêu thị cũ muskvn,1400.0,,
9V3BGP,trung tâm thương mại,Vincom Plaza Thủ Đức,496.0,,
9V3BGP,trung tâm thương mại,Trung tâm Thương mại Thủ Đức,999.0,,
9V3BGP,trung tâm thương mại,mỹ tiên,1500.0,,
AKNPKY,chợ,Chợ Cầu,570.0,,
AKNPKY,chợ,Chợ An Hội,885.0,,
AKNPKY,chợ,Chợ An Sương,1700.0,,
AKNPKY,trường học,Trường Trung học phổ thông Thăng Long,120.0,,
AKNPKY,trường học,Trường Tiểu Học Hướng Dương,201.0,,
AKNPKY,trường học,AVSE,398.0,,
AKNPKY,công viên,Isuzu sidewalk park,1300.0,,
AKNPKY,công viên,Công viên Phần mềm Quang Trung,1500.0,,
AKNPKY,siêu thị,Emart Phan Huy Ích,87.0,,
AKNPKY,siêu thị,Co-opmart Liên Hiệp Thành phố Hồ Chí Minh,779.0,,
AKNPKY,siêu thị,WinMart,1900.0,,
AKNPKY,trung tâm thương mại,Nhà Phân Phối Diana Unicharm,2000.0,,
7H2F9A,chợ,Chợ Tân Hương,257.0,,
7H2F9A,chợ,Chợ Tân Phú 2,894.0,,
7H2F9A,chợ,Chợ Tân Phú,1300.0,,
7H2F9A,trường học,Trường Tiểu học Tân Hương,362.0,,
7H2F9A,trường học,Trường Trung học cơ sở Võ Thành Trang,492.0,,
7H2F9A,trường học,Trường Tiểu học Tô Vĩnh Diện,535.0,,
7H2F9A,bệnh viện,Yoga trị liệu l Ci Yoga Therapy CN Celadon,1800.0,,
7H2F9A,công viên,Địa đạo Phú Thọ Hòa,1200.0,,
7H2F9A,công viên,Công viên Tân Phú,1700.0,,
7H2F9A,công viên,Công viên Bàu Cát 3,1800.0,,
7H2F9A,siêu thị,Cửa Hàng Cung Cấp Đồ Hóa Trang Hoa Chí Tín,501.0,,
7H2F9A,siêu thị,Cửa Hàng 137FoodMart,794.0,,
7H2F9A,siêu thị,Shop Vinafood,892.0,,
7H2F9A,trung tâm thương mại,Cửa Hàng Gạo Hạt Ngọc Trời,1100.0,,
7H2F9A,trung tâm thương mại,Nhà đậu xe Aeon Mall Tân Phú Celadon;Commercial_AEONMallTanPhu Storie 4,1300.0,,
7H2F9A,trung tâm thương mại,Cửa Hàng Thực Phẩm Tiện Lợi Satra Food,1600.0,,
7KE10A,chợ,Chợ Hiệp Thành,818.0,,
7KE10A,trường học,Trường Trung học cơ sở Tân Thới Hiệp,940.0,,
7KE10A,trường học,Trường Tiểu học Trần Quốc Toản,1100.0,,
7KE10A,trường học,Trường Tiểu học Nguyễn Trãi,1100.0,,
7KE10A,bệnh viện,188 Beauty Spa quận 12 | Viện thẩm mỹ hàng đầu tpHCM,916.0,,
7KE10A,công viên,Cây xanh,1900.0,,
7KE10A,công viên,Công Viên Trúc Lâm,1900.0,,
7KE10A,công viên,The parkland,1900.0,,
7KE10A,siêu thị,CoopMart Hiệp Thành,837.0,,
7KE10A,trung tâm thương mại,Cửa Hàng Sữa Dony,448.0,,
7KE10A,trung tâm thương mại,Tạp Hóa Út Huệ,555.0,,
7KE10A,trung tâm thương mại,SuSu,840.0,,
PZY73G,chợ,Chợ Phước Long B,555.0,,
PZY73G,chợ,Chợ Phước Bình,873.0,,
PZY73G,chợ,Chợ Tăng Nhơn Phú B,1900.0,,
PZY73G,trường học,Trường Trung học cơ sở Đặng Tấn Tài,383.0,,
PZY73G,trường học,Trường Tư thục Ngô Thời Nhiệm,418.0,,
PZY73G,trường học,Trường Trung học phổ thông Ngô Thời Nhiệm,474.0,,
PZY73G,bệnh viện,Trạm y tế Phước Bình,1100.0,,
PZY73G,công viên,KDC Him Lam - Sân chơi,1800.0,,
PZY73G,công viên,Đài Tưởng niệm Liệt sĩ Cầu Rạch Chiếc,1900.0,,
PZY73G,siêu thị,Cửa Hàng Thú Cưng Haru,1400.0,,
PZY73G,siêu thị,Co.opFood,1600.0,,
PZY73G,trung tâm thương mại,tiến đạt,342.0,,
PZY73G,trung tâm thương mại,Tạp Hóa An nhiên,1300.0,,
PZY73G,trung tâm thương mại,sỹ diễm,1900.0,,
RC9MJQ,chợ,Chợ Bốn Xã mới,398.0,,
RC9MJQ,chợ,Chợ Hiệp Tân,1000.0,,
RC9MJQ,chợ,Chợ Bình Trị Đông,1100.0,,
RC9MJQ,trường học,Trường Tiểu học Hiệp Tân,471.0,,
RC9MJQ,trường học,Trường Trung học phổ thông Quốc Văn Sài Gòn,528.0,,
RC9MJQ,trường học,Trường Tiểu học Bình Trị Đông,591.0,,
RC9MJQ,bệnh viện,Bệnh viện Đa khoa Bình Tân,2000.0,,
RC9MJQ,công viên,Công Viên 158 Phan Anh,866.0,,
RC9MJQ,công viên,Lương Thế Vinh,1200.0,,
RC9MJQ,công viên,Công viên Bãi Cát,1600.0,,
RC9MJQ,siêu thị,Bách Hóa Xanh,298.0,,
RC9MJQ,siêu thị,Siêu thị Đại Gia Hỷ,599.0,,
RC9MJQ,siêu thị,Cửa hàng nội thất Auli Star,776.0,,
RC9MJQ,trung tâm thương mại,Cửa Hàng Thực Phẩm Tiện Lợi Satra Food,1300.0,,
RC9MJQ,trung tâm thương mại,Cửa Hàng Gạo Hạt Ngọc Trời,1600.0,,
EJRBT4,chợ,Chợ Thái Bình,373.0,,
EJRBT4,chợ,Chợ Bàn Cờ,598.0,,
EJRBT4,chợ,Chợ Vườn Chuối,630.0,,
EJRBT4,trường học,Trường Tiểu học Phan Văn Trị,213.0,,
EJRBT4,trường học,Trường Trung học phổ thông Bùi Thị Xuân,275.0,,
EJRBT4,trường học,Trường Tiểu học Kết Đoàn,279.0,,
EJRBT4,bệnh viện,Bệnh viện Từ Dũ (khu M),143.0,,
EJRBT4,bệnh viện,Bệnh Viện Mắt Sài Gòn,655.0,,
EJRBT4,bệnh viện,Bệnh viện Bình Dân,800.0,,
EJRBT4,công viên,Công viên Phong Châu,379.0,,
EJRBT4,công viên,Công viên Âu Lạc,635.0,,
EJRBT4,công viên,Công viên Thích Quảng Đức,799.0,,
EJRBT4,siêu thị,Co.op Mart,110.0,,
EJRBT4,siêu thị,Grove Fresh,145.0,,
EJRBT4,siêu thị,Siêu Thị C&C,270.0,,
EJRBT4,trung tâm thương mại,Tạp Hóa Anh Duy,265.0,,
EJRBT4,trung tâm thương mại,Saigon Mall Cao Thắng,332.0,,
EJRBT4,trung tâm thương mại,Tạp Hóa Hùng Hà,359.0,,
AK0D5Y,chợ,Chợ Bà Chiểu,209.0,,
AK0D5Y,chợ,Chợ Đa Kao,1100.0,,
AK0D5Y,chợ,Chợ Cây Điệp,1200.0,,
AK0D5Y,trường học,Trường Trung học cơ sở Lam Sơn,231.0,,
AK0D5Y,trường học,Trường Tiểu học Nguyễn Đình Chiểu,340.0,,
AK0D5Y,trường học,Trường Trung học cơ sở Trương Công Định,506.0,,
AK0D5Y,bệnh viện,Bệnh viện Đa khoa Bình Thạnh,578.0,,
AK0D5Y,bệnh viện,Bệnh Viện Quốc Tế Columbia Asia,691.0,,
AK0D5Y,bệnh viện,Bệnh viện Nhân dân Gia Định,786.0,,
AK0D5Y,công viên,Công viên Văn hóa Phú Nhuận,1100.0,,
AK0D5Y,công viên,Công viên trung tâm HCA,1200.0,,
AK0D5Y,công viên,Chung cư City Garden,1500.0,,
AK0D5Y,siêu thị,Focomart,225.0,,
AK0D5Y,siêu thị,Foodmart,300.0,,
AK0D5Y,siêu thị,Điện thoại VT Mobile,525.0,,
AK0D5Y,trung tâm thương mại,Tạp Hóa Thu Bé Bự,1800.0,,
AK0D5Y,trung tâm thương mại,MIA  Luggage store,1800.0,,
R2EYRJ,chợ,Chợ Liên Ấp 123,1600.0,,
R2EYRJ,trường học,Trường Tiểu học Trí Tuệ Việt,213.0,,
R2EYRJ,trường học,Trường Tiểu học Ngô Quyền,326.0,,
R2EYRJ,trường học,Trường Trung học phổ thông Vĩnh Lộc,867.0,,
R2EYRJ,công viên,Công viên Hồ trái tim,414.0,,
R2EYRJ,trung tâm thương mại,Công Ty TNHH Trang Thiết Bị Bảo Hộ Thiên Phúc,532.0,,
R2EYRJ,trung tâm thương mại,Dịch Vụ Mua Hàng Tại Mỹ,901.0,,
UDB9HS,chợ,Chợ Hạnh Thông Tây,1400.0,,
UDB9HS,chợ,Chợ An Nhơn,1600.0,,
UDB9HS,trường học,Trường Trung học cơ sở&Trung học phổ thông Hồng Hà,401.0,,
UDB9HS,trường học,Trường Trung học cơ sở - Trung học phổ thông Bán Trú Nội Trú Hồng Hà - Cơ Sở 4,420.0,,
UDB9HS,trường học,Trường Tiểu học Kim Đồng,801.0,,
UDB9HS,bệnh viện,Bệnh viện Đa khoa Gò Vấp,1100.0,,
UDB9HS,bệnh viện,Bệnh viện Quân y 175,1600.0,,
UDB9HS,công viên,Công viên Hòa Bình,835.0,,
UDB9HS,công viên,Công viên Khu nhà ở Quân đội,1800.0,,
UDB9HS,công viên,Mercedes Sidewalk park,1800.0,,
UDB9HS,siêu thị,WinMart,681.0,,
UDB9HS,siêu thị,Co.opmart Phan Văn Trị,1400.0,,
UDB9HS,trung tâm thương mại,Vincom Plaza Quang Trung,346.0,,
UDB9HS,trung tâm thương mại,Saigon Mall Gò Vấp,851.0,,
UDB9HS,trung tâm thương mại,Trung Tâm Mua Sắm Nguyễn Kim Gò Vấp,925.0,,
UAH19S,chợ,Chợ Tân Định,214.0,,
UAH19S,chợ,Chợ Đa Kao,650.0,,
UAH19S,chợ,Chợ Phú Nhuận,1100.0,,
UAH19S,trường học,Trường Tiểu học Đuốc Sống,160.0,,
UAH19S,trường học,Trường Trung học cơ sở Hai Bà Trưng,172.0,,
UAH19S,trường học,Trung Tâm Đào Tạo Quản Trị Nhà Hàng Khách Sạn Á Âu,189.0,,
UAH19S,bệnh viện,Bệnh viện Đa khoa Tân Định,281.0,,
UAH19S,bệnh viện,Viện Pasteur Thành phố Hồ Chí Minh,471.0,,
UAH19S,bệnh viện,Bệnh viện Y học cổ truyền Thành phố Hồ Chí Minh,580.0,,
UAH19S,công viên,Công viên Lê Văn Tám,244.0,,
UAH19S,công viên,Công trình cảnh quan Nhà thi đấu Phan Đình Phùng,858.0,,
UAH19S,công viên,Đài liệt sĩ Quận 3,985.0,,
UAH19S,siêu thị,Trung Tâm Văn Hóa Đa Năng iMC,406.0,,
UAH19S,siêu thị,Trung Tâm Mua Sắm Sài Gòn Square 3,453.0,,
UAH19S,siêu thị,Familymart,615.0,,
UAH19S,trung tâm thương mại,MIA  Luggage store,127.0,,
UAH19S,trung tâm thương mại,Tạp Hóa Thu Bé Bự,211.0,,
UAH19S,trung tâm thương mại,TTTM RomeA,1200.0,,
JPWD90,chợ,Chợ Hoàng Hoa Thám,1000.0,,
JPWD90,chợ,Chợ Võ Thành Trang,1300.0,,
JPWD90,chợ,Chợ Bà Hoa,1800.0,,
JPWD90,trường học,Trường Tiểu học Sơn Cang,168.0,,
JPWD90,trường học,Trường Trung học phổ thông Nguyễn Chí Thanh,183.0,,
JPWD90,trường học,Trường Trung học cơ sở&Trung học phổ thông Nguyễn Khuyến Cơ Sở 3A,395.0,,
JPWD90,bệnh viện,Bệnh Viện Đa Khoa Mỹ Đức,1000.0,,
JPWD90,bệnh viện,Bệnh viện Đa khoa Tân Bình,1700.0,,
JPWD90,bệnh viện,Bệnh viện Thống Nhất,2000.0,,
JPWD90,công viên,Công viên Nhà thi đấu Tân Bình,1600.0,,
JPWD90,công viên,Công viên Bàu Cát 3,1700.0,,
JPWD90,công viên,Công viên Nguyễn Sỹ Sách,1900.0,,
JPWD90,siêu thị,Pandora Trường Chinh,1400.0,,
JPWD90,siêu thị,Big C,1400.0,,
JPWD90,trung tâm thương mại,LOTTE Mart Cộng Hòa,976.0,,
JPWD90,trung tâm thương mại,Pico Plaza,993.0,,
ACCDEY,chợ,Chợ Thạnh Xuân,1200.0,,
ACCDEY,trường học,Trường Trung Học Cơ Sở Lương Thế Vinh,1200.0,,
ACCDEY,trường học,Trường Trung học cơ sở Nguyễn Trung Trực,1300.0,,
ACCDEY,trường học,Trường Tiểu học Hà Huy Giáp,1500.0,,
ACCDEY,công viên,"Công viên Gò Sao , Thạnh Xuân, Quận 12",1600.0,,
ACCDEY,công viên,Công viên Chung cư Phú An,1900.0,,
ACCDEY,siêu thị,WinMart,1600.0,,
ACCDEY,siêu thị,FamilyMart,1600.0,,
ACCDEY,trung tâm thương mại,thảo nguyên 1A,2000.0,,
J2Z7C0,chợ,Chợ Cầu,227.0,,
J2Z7C0,chợ,Chợ An Hội,951.0,,
J2Z7C0,chợ,Chợ An Sương,1800.0,,
J2Z7C0,trường học,AVSE,236.0,,
J2Z7C0,trường học,Trường Trung học phổ thông Thăng Long,360.0,,
J2Z7C0,trường học,Trường Tiểu Học Nguyễn Khuyến,448.0,,
J2Z7C0,bệnh viện,Bệnh viện Đa khoa Trung Mỹ Tây,1700.0,,
J2Z7C0,công viên,Công viên Phần mềm Quang Trung,1300.0,,
J2Z7C0,công viên,Isuzu sidewalk park,1400.0,,
J2Z7C0,siêu thị,Emart Phan Huy Ích,517.0,,
J2Z7C0,siêu thị,Co-opmart Liên Hiệp Thành phố Hồ Chí Minh,854.0,,
J2Z7C0,siêu thị,Co.opmart SCA Phạm Văn Chiêu,1800.0,,
J2Z7C0,trung tâm thương mại,Nhà Phân Phối Diana Unicharm,1700.0,,
ERZ1U4,chợ,Chợ Tân Mỹ,963.0,,
ERZ1U4,chợ,Chợ Cư xá Ngân hàng,1300.0,,
ERZ1U4,chợ,Chợ Phú Thuận,1800.0,,
ERZ1U4,trường học,Trường Trung học cơ sở Nguyễn Hiền,155.0,,
ERZ1U4,trường học,Trung tâm Giáo dục thường xuyên quận 7,231.0,,
ERZ1U4,trường học,Trường Quốc Tế Renaissance,330.0,,
ERZ1U4,bệnh viện,BỆNH VIỆN MẮT,383.0,,
ERZ1U4,bệnh viện,Bệnh viện Đa khoa Nguyễn Thị Thập,480.0,,
ERZ1U4,bệnh viện,Bệnh viện Phương Nam,1200.0,,
ERZ1U4,công viên,Eco Green Central Park,882.0,,
ERZ1U4,công viên,Crescent Mall Park,1700.0,,
ERZ1U4,công viên,Công viên Tôn Thất Thuyết,1700.0,,
ERZ1U4,siêu thị,Big C,403.0,,
ERZ1U4,siêu thị,GO! Nguyễn Thị Thập,416.0,,
ERZ1U4,siêu thị,WinMart,761.0,,
ERZ1U4,trung tâm thương mại,Tiệm Đồ Hồi Giáo,693.0,,
ERZ1U4,trung tâm thương mại,Vincom Plus Nam Long Quận 7,750.0,,
ERZ1U4,trung tâm thương mại,Parkson,1400.0,,
2XVPUZ,chợ,Chợ Bà Chiểu,591.0,,
2XVPUZ,chợ,Chợ Đa Kao,737.0,,
2XVPUZ,chợ,Bách Hóa Xanh - 2C - 2D Phùng Văn Cung,856.0,,
2XVPUZ,trường học,Trường Trung học phổ thông Võ Thị Sáu,160.0,,
2XVPUZ,trường học,Trường Trung học cơ sở Cầu Kiệu,299.0,,
2XVPUZ,trường học,Trường Tiểu Học Dân Lập Quốc Tế Việt Úc,305.0,,
2XVPUZ,bệnh viện,Bệnh viện Đa khoa Bình Thạnh,285.0,,
2XVPUZ,bệnh viện,Bệnh Viện Quốc Tế Columbia Asia,506.0,,
2XVPUZ,bệnh viện,Bệnh viện Nhân dân Gia Định,575.0,,
2XVPUZ,công viên,Công viên Văn hóa Phú Nhuận,641.0,,
2XVPUZ,công viên,Công viên Lê Văn Tám,1200.0,,
2XVPUZ,công viên,Đài liệt sĩ Quận 3,1500.0,,
2XVPUZ,siêu thị,Chợ Vạn Kiếp,132.0,,
2XVPUZ,siêu thị,Gạo Hồng Nhung,344.0,,
2XVPUZ,siêu thị,Foodmart,554.0,,
2XVPUZ,trung tâm thương mại,Tạp Hóa Thu Bé Bự,1100.0,,
2XVPUZ,trung tâm thương mại,MIA  Luggage store,1200.0,,
PNFH6G,chợ,Chợ Bình Thới,257.0,,
PNFH6G,chợ,Chợ Hoa Tươi Đầm Sen,1000.0,,
PNFH6G,chợ,Chợ Chim Xanh,1000.0,,
PNFH6G,trường học,Trường Trung học cơ sở Nguyễn Văn Phú,155.0,,
PNFH6G,trường học,Trường Tiểu học Nguyễn Bá Ngọc,317.0,,
PNFH6G,trường học,Trường Trung học cơ sở Lê Anh Xuân,367.0,,
PNFH6G,bệnh viện,Bệnh viện Đa khoa Lãnh Binh Thăng,797.0,,
PNFH6G,bệnh viện,Bệnh viện Đa khoa Bình Phú,1700.0,,
PNFH6G,công viên,Công Viên Văn hóa Đầm Sen,595.0,,
PNFH6G,công viên,Công viên Dương Đình Nghệ,1000.0,,
PNFH6G,công viên,Công viên Phú Hòa,1000.0,,
PNFH6G,siêu thị,Co.opMart Phú Lâm,1000.0,,
PNFH6G,siêu thị,Bách Hóa XANH,1100.0,,
PNFH6G,siêu thị,Co.opmart Hậu Giang,1200.0,,
PNFH6G,trung tâm thương mại,The Garden Mall,1800.0,,
PNFH6G,trung tâm thương mại,Lotte Department Store,1800.0,,
PNFH6G,trung tâm thương mại,Lotteria,1800.0,,
GX8KF2,chợ,Chợ Thạnh Xuân,361.0,,
GX8KF2,chợ,Chợ Cầu Đồng,1200.0,,
GX8KF2,trường học,Trường Tiểu học Hà Huy Giáp,176.0,,
GX8KF2,trường học,Trường Trung học cơ sở Trần Hưng Đạo,262.0,,
GX8KF2,trường học,Trường Trung học phổ thông Thạnh Lộc,390.0,,
8SAZS3,chợ,Chợ Rạch Ông,368.0,,
8SAZS3,chợ,Chợ Nancy,1100.0,,
8SAZS3,chợ,Chợ Cầu Dừa,1400.0,,
8SAZS3,trường học,Trung Tâm Ngoại Ngữ,167.0,,
8SAZS3,trường học,Trường Trung học cơ sở Dương Bá Trạc,200.0,,
8SAZS3,trường học,Trường Tiểu Học Rạch Ông,226.0,,
8SAZS3,bệnh viện,Bệnh viện Phục hồi chức năng - Điều trị bệnh nghề nghiệp,730.0,,
8SAZS3,bệnh viện,Phòng Khám Đa Khoa Thế Giới,795.0,,
8SAZS3,bệnh viện,Bệnh viện Đa khoa Tân Hưng,882.0,,
8SAZS3,công viên,Công viên Cầu Rạch Ông,659.0,,
8SAZS3,công viên,Công viên Phường 2,674.0,,
8SAZS3,công viên,Công viên Dạ Nam,701.0,,
8SAZS3,siêu thị,Bách Hóa Xanh,736.0,,
8SAZS3,siêu thị,Siêu Thị Tiện Lợi Citi Mart,748.0,,
8SAZS3,siêu thị,Co.op Food - Nguyễn Khoái,1100.0,,
8SAZS3,trung tâm thương mại,Parc Mall,1400.0,,
8SAZS3,trung tâm thương mại,Tạp Hóa Quỳnh Loan,1400.0,,
8SAZS3,trung tâm thương mại,Lotte Department Store,1500.0,,
CWURTB,chợ,Chợ Cầu Dừa,883.0,,
CWURTB,chợ,Chợ Tân Kiểng 1,941.0,,
CWURTB,chợ,Chợ Long Kiểng,941.0,,
CWURTB,trường học,Trung Tâm Ngoại Ngữ Quốc Tế Mỹ - Việt Nam,416.0,,
CWURTB,trường học,Trường Trung học cơ sở Quang Trung,424.0,,
CWURTB,trường học,Trường Trung học cơ sở Nguyễn Huệ,428.0,,
CWURTB,bệnh viện,Bệnh viện Đa khoa Tân Hưng,80.0,,
CWURTB,bệnh viện,Bệnh viện Phước An,418.0,,
CWURTB,bệnh viện,Nha Khoa SingDent,1200.0,,
CWURTB,công viên,Công viên Cầu Rạch Ông,377.0,,
CWURTB,công viên,Công viên Khánh Hội,700.0,,
CWURTB,công viên,Công viên Phường 5,794.0,,
CWURTB,siêu thị,Co.op Food - Nguyễn Khoái,573.0,,
CWURTB,siêu thị,Co.op Food,779.0,,
CWURTB,siêu thị,Siêu Thị Tiện Lợi Citi Mart,860.0,,
CWURTB,trung tâm thương mại,Tạp Hóa Quỳnh Loan,1100.0,,
CWURTB,trung tâm thương mại,Trung Tâm Mua Sắm Russian,1200.0,,
CWURTB,trung tâm thương mại,Tạp Hóa Trương Thịnh,1200.0,,
CW785B,chợ,Chợ Minh Phụng,513.0,,
CW785B,chợ,Chợ Bình Thới,675.0,,
CW785B,chợ,Chợ Bình Tây,795.0,,
CW785B,trường học,Trường Tiểu học Nguyễn Thi,247.0,,
CW785B,trường học,Trường Trung học cơ sở Nguyễn Đức Cảnh,274.0,,
CW785B,trường học,Trường Trung học cơ sở Hậu Giang,324.0,,
CW785B,bệnh viện,Bệnh viện Đa khoa Lãnh Binh Thăng,753.0,,
CW785B,bệnh viện,Bệnh viện Đa khoa Bình Phú,1500.0,,
CW785B,bệnh viện,Bệnh viện Chợ Rẫy,1600.0,,
CW785B,công viên,Công viên Cây Mai,605.0,,
CW785B,công viên,Công viên Lê Lợi,852.0,,
CW785B,công viên,Công viên Cửu Long,965.0,,
CW785B,siêu thị,Co.opmart Hậu Giang,531.0,,
CW785B,siêu thị,Co.opMart Phú Lâm,1300.0,,
CW785B,siêu thị,Siêu thị Co.opmart Tuy Lý Vương,1500.0,,
CW785B,trung tâm thương mại,The Garden Mall,1000.0,,
CW785B,trung tâm thương mại,Satra Centre Mall,1200.0,,
CW785B,trung tâm thương mại,Chợ vải Soái Kình Lâm,1200.0,,
85GR43,chợ,Chợ Lái Thiêu,1500.0,,
85GR43,chợ,Chợ Thạnh Xuân,2000.0,,
85GR43,trường học,Trường Trung học cơ sở Tô Ngọc Vân,862.0,,
85GR43,trường học,Trường Tiểu học Phú Long,1100.0,,
85GR43,trường học,Trường Tiểu Học Vĩnh Phú,1200.0,,
85GR43,công viên,Công viên Bờ kè Gia Long,1300.0,,
85GR43,công viên,Công viên Lái Thiêu,1700.0,,
85GR43,trung tâm thương mại,Hương hằng,1200.0,,
5HBT07,chợ,Chợ Phú Thuận,1100.0,,
5HBT07,chợ,Chợ Tân Mỹ,1900.0,,
5HBT07,trường học,Trường Tiểu học Phú Thuận,384.0,,
5HBT07,trường học,Trường Tiểu học Lê Anh Xuân,673.0,,
5HBT07,trường học,Trường Song Ngữ Quốc Tế EMASI Nam Long,810.0,,
5HBT07,bệnh viện,BỆNH VIỆN MẮT,1200.0,,
5HBT07,bệnh viện,Bệnh viện Đa khoa Nguyễn Thị Thập,1300.0,,
5HBT07,bệnh viện,Nhà Thuốc Thái Thanh,1400.0,,
5HBT07,công viên,Eco Green Central Park,1800.0,,
5HBT07,siêu thị,BHX 163 Trần Trọng Cung,629.0,,
5HBT07,siêu thị,WinMart,797.0,,
5HBT07,siêu thị,Siêu thị Finelife Riviera Point,988.0,,
5HBT07,trung tâm thương mại,Tiệm Đồ Hồi Giáo,703.0,,
5HBT07,trung tâm thương mại,Vincom Plus Nam Long Quận 7,780.0,,
5HBT07,trung tâm thương mại,Parkson,1800.0,,
6S5BH8,chợ,Chợ Rạch Ông,416.0,,
6S5BH8,chợ,Chợ Nancy,728.0,,
6S5BH8,chợ,Chợ Cầu Dừa,1200.0,,
6S5BH8,trường học,Trung Tâm Ngoại Ngữ,167.0,,
6S5BH8,trường học,Trường Trung học cơ sở Dương Bá Trạc,228.0,,
6S5BH8,trường học,Trường Tiểu Học Rạch Ông,519.0,,
6S5BH8,bệnh viện,Phòng Khám Đa Khoa Thế Giới,517.0,,
6S5BH8,bệnh viện,Bệnh viện Đa khoa Tân Hưng,869.0,,
6S5BH8,bệnh viện,Bệnh viện Phục hồi chức năng - Điều trị bệnh nghề nghiệp,969.0,,
6S5BH8,công viên,Công viên Phường 2,547.0,,
6S5BH8,công viên,Công viên Dạ Nam,558.0,,
6S5BH8,công viên,Công viên Cầu Rạch Ông,574.0,,
6S5BH8,siêu thị,Bách Hóa Xanh,741.0,,
6S5BH8,siêu thị,Co.op Food - Nguyễn Khoái,882.0,,
6S5BH8,siêu thị,Siêu Thị Tiện Lợi Citi Mart,1000.0,,
6S5BH8,trung tâm thương mại,Tạp Hóa Quỳnh Loan,1200.0,,
6S5BH8,trung tâm thương mại,Tạp Hóa Trương Thịnh,1200.0,,
6S5BH8,trung tâm thương mại,Parc Mall,1500.0,,
5Y89X7,chợ,Chợ Từ Đức,890.0,,
5Y89X7,chợ,Chợ Thủ Đức B,985.0,,
5Y89X7,chợ,Chợ Linh Trung,1300.0,,
5Y89X7,trường học,Trường Tiểu học Nguyễn Văn Triết,294.0,,
5Y89X7,trường học,Trường Tiểu học Linh Chiểu,383.0,,
5Y89X7,trường học,Cao Đẳng Kinh Tế Kỹ Thuật Thủ Đức,414.0,,
5Y89X7,bệnh viện,Phòng khám đa khoa YHCT Thiên Phúc Đường,471.0,,
5Y89X7,bệnh viện,Bệnh viện Đa khoa Hoàn Hảo Kei Mei Kai,1500.0,,
5Y89X7,bệnh viện,Bệnh Viện Hoà Hảo,1500.0,,
5Y89X7,công viên,Công viên phường Linh Chiểu,205.0,,
5Y89X7,công viên,Công viên đường số 9,679.0,,
5Y89X7,công viên,Công viên sau trường Nguyễn Hữu Huân,1200.0,,
5Y89X7,siêu thị,thu mua kệ siêu thị cũ muskvn,1300.0,,
5Y89X7,siêu thị,thumuagiuonggocumuskvn,1300.0,,
5Y89X7,siêu thị,thumuagiuongtangmuskvn,1300.0,,
5Y89X7,trung tâm thương mại,Vincom Plaza Thủ Đức,766.0,,
5Y89X7,trung tâm thương mại,Trung tâm Thương mại Thủ Đức,960.0,,
5Y89X7,trung tâm thương mại,mỹ tiên,1300.0,,
7K1N6A,chợ,Chợ Cư xá Ngân hàng,384.0,,
7K1N6A,chợ,Chợ Tân Kiểng 1,994.0,,
7K1N6A,chợ,Chợ Long Kiểng,1000.0,,
7K1N6A,trường học,Trường Trung học cơ sở Nguyễn Hữu Thọ,317.0,,
7K1N6A,trường học,Trường Tiểu học Đặng Thùy Trâm,374.0,,
7K1N6A,trường học,Trường Tiểu học Nguyễn Thái Bình,464.0,,
7K1N6A,bệnh viện,BỆNH VIỆN MẮT,1600.0,,
7K1N6A,bệnh viện,Bệnh viện Phước An,1600.0,,
7K1N6A,bệnh viện,Phòng khám Medisen Thư An,1600.0,,
7K1N6A,công viên,Công viên Tôn Thất Thuyết,620.0,,
7K1N6A,công viên,Eco Green Central Park,1100.0,,
7K1N6A,công viên,Công viên Phường 5,1800.0,,
7K1N6A,siêu thị,Coop Food,659.0,,
7K1N6A,siêu thị,Night market,687.0,,
7K1N6A,siêu thị,Chợ 200,878.0,,
7K1N6A,trung tâm thương mại,Thu,1700.0,,
7K1N6A,trung tâm thương mại,Lotte Department Store,1800.0,,
7K1N6A,trung tâm thương mại,LOTTE Mart Quận 7,1800.0,,
QAEB2U,trường học,Trường Trung học cơ sở Long Bình,192.0,,
QAEB2U,trường học,Trường Trung học phổ thông Nguyễn Văn Tăng,1700.0,,
QAEB2U,trường học,Trường Tiểu học Long Bình,1800.0,,
7EGP6A,chợ,Chợ Tân Trụ,1400.0,,
7EGP6A,chợ,Chợ An Hội,1600.0,,
7EGP6A,chợ,Chợ Lạc Quang,1700.0,,
7EGP6A,trường học,Trường Tiểu học Phan Huy Ích,268.0,,
7EGP6A,trường học,Trường Trung học cơ sở &Trung học phổ thông Bạch Đằng,297.0,,
7EGP6A,trường học,Trường Tiểu học Lý Tự Trọng,728.0,,
7EGP6A,bệnh viện,Bệnh viện Đa khoa Tâm Trí Sài Gòn,1400.0,,
7EGP6A,công viên,Công viên Nguyễn Sỹ Sách,1200.0,,
7EGP6A,công viên,CÔNG VIÊN 8XLUS,1400.0,,
7EGP6A,công viên,Isuzu sidewalk park,1700.0,,
7EGP6A,siêu thị,WinMart,823.0,,
7EGP6A,siêu thị,Siêu Thị Tiện Lợi Citi Mart,830.0,,
7EGP6A,siêu thị,Emart Phan Huy Ích,1200.0,,
SK29X5,chợ,Khu chợ nhỏ,21.0,,
SK29X5,chợ,Chợ Nguyễn Tri Phương,406.0,,
SK29X5,chợ,Chợ Nhật Tảo,479.0,,
SK29X5,trường học,Trường Quốc tế Việt Úc,212.0,,
SK29X5,trường học,Trường Tiểu học Lê Đình Chinh,271.0,,
SK29X5,trường học,Trường Trung học cơ sở và Trung học phổ thông Diên Hồng,345.0,,
SK29X5,bệnh viện,Bệnh viện Trưng Vương,548.0,,
SK29X5,bệnh viện,Viện Tim Thành phố Hồ Chí Minh,682.0,,
SK29X5,bệnh viện,Bệnh viện Nhi đồng 1,693.0,,
SK29X5,công viên,Công viên nội bộ chung cư Hòa Bình,306.0,,
SK29X5,công viên,Phố đi bộ đêm Kỳ đài Quang Trung,428.0,,
SK29X5,công viên,Công viên Hoa hồng,448.0,,
SK29X5,siêu thị,Co.opmart Mini,99.0,,
SK29X5,siêu thị,Của Hàng Tạp Hóa TA,103.0,,
SK29X5,siêu thị,VinMart+,146.0,,
SK29X5,trung tâm thương mại,Vạn Hạnh Mall,703.0,,
SK29X5,trung tâm thương mại,Lotte Department Store,899.0,,
SK29X5,trung tâm thương mại,Lotteria,919.0,,
YBBPHD,chợ,Chợ Hiệp Thành,649.0,,
YBBPHD,trường học,Trường Trung học cơ sở Nguyễn Chí Thanh,214.0,,
YBBPHD,trường học,Trường Tiểu học Nguyễn Thái Bình,295.0,,
YBBPHD,trường học,Trường Tiểu học Võ Thị Sáu,573.0,,
YBBPHD,bệnh viện,188 Beauty Spa quận 12 | Viện thẩm mỹ hàng đầu tpHCM,902.0,,
YBBPHD,công viên,Cây xanh,490.0,,
YBBPHD,công viên,The parkland,523.0,,
YBBPHD,công viên,Công Viên Trúc Lâm,553.0,,
YBBPHD,siêu thị,CoopMart Hiệp Thành,776.0,,
YBBPHD,trung tâm thương mại,SuSu,609.0,,
YBBPHD,trung tâm thương mại,thảo nguyên 1A,1800.0,,
YBBPHD,trung tâm thương mại,Cửa Hàng Sữa Dony,1800.0,,
0ZN4P9,chợ,Chợ Bình Trị Đông,985.0,,
0ZN4P9,chợ,Chợ Bốn Xã mới,1700.0,,
0ZN4P9,chợ,Chợ Bình Long,1800.0,,
0ZN4P9,trường học,Trường Tiểu học Bình Trị 1,516.0,,
0ZN4P9,trường học,Trường Trung học cơ sở Bình Trị Đông,554.0,,
0ZN4P9,trường học,Trường Trung học cơ sở Bình Trị Đông A,576.0,,
0ZN4P9,bệnh viện,Bệnh viện Đa khoa Bình Tân,656.0,,
0ZN4P9,công viên,Công viên Đường số 25,1900.0,,
0ZN4P9,siêu thị,Siêu thị Co.opmart Bình Tân 2,691.0,,
0ZN4P9,siêu thị,Bách Hóa Xanh,852.0,,
0ZN4P9,siêu thị,Túi Giấy Giá Rẻ,1000.0,,
0ZN4P9,trung tâm thương mại,Cửa Hàng Thực Phẩm Tiện Lợi Satra Food,1600.0,,
SDDWS5,chợ,Chợ Bình Thới,377.0,,
SDDWS5,chợ,Chợ Chim Xanh,691.0,,
SDDWS5,chợ,Chợ Hoa Tươi Đầm Sen,780.0,,
SDDWS5,trường học,Trường Tiểu học Phùng Hưng,201.0,,
SDDWS5,trường học,Hệ Thống Trường Việt Mỹ,265.0,,
SDDWS5,trường học,Trường Tiểu học Nguyễn Bá Ngọc,332.0,,
SDDWS5,bệnh viện,Bệnh viện Đa khoa Lãnh Binh Thăng,582.0,,
SDDWS5,bệnh viện,Bệnh viện Chợ Rẫy,1900.0,,
SDDWS5,bệnh viện,Bệnh viện Trưng Vương,2000.0,,
SDDWS5,công viên,Công Viên Văn hóa Đầm Sen,598.0,,
SDDWS5,công viên,Công viên Phú Hòa,752.0,,
SDDWS5,công viên,Công viên Lãnh Binh Thăng,756.0,,
SDDWS5,siêu thị,Bách Hóa XANH,1400.0,,
SDDWS5,siêu thị,Co.opMart Phú Lâm,1400.0,,
SDDWS5,siêu thị,Co.opmart Hậu Giang,1400.0,,
SDDWS5,trung tâm thương mại,Lotte Department Store,1600.0,,
SDDWS5,trung tâm thương mại,Lotteria,1600.0,,
SDDWS5,trung tâm thương mại,The Garden Mall,1600.0,,
37S4CQ,chợ,Chợ Bàu Sen,166.0,,
37S4CQ,chợ,Circle K,344.0,,
37S4CQ,chợ,Chợ Nancy,684.0,,
37S4CQ,trường học,Trường Tiểu học Trần Bình Trọng - Khu B,153.0,,
37S4CQ,trường học,Trường Tiểu học Bàu Sen,159.0,,
37S4CQ,trường học,Trường Trung học cơ sở Ba Đình,269.0,,
37S4CQ,bệnh viện,Viện thấm mỹ Bác sĩ Minh,175.0,,
37S4CQ,bệnh viện,Phòng Thí Nghiệm - Kiểm Tra Sức Khoẻ,329.0,,
37S4CQ,bệnh viện,Bệnh viện Thân Dân,341.0,,
37S4CQ,công viên,Công viên Chợ Quán,517.0,,
37S4CQ,công viên,Bãi Cỏ - Trần Nhân Tôn,731.0,,
37S4CQ,công viên,Công viên Hòa Bình,774.0,,
37S4CQ,siêu thị,FamilyMart,395.0,,
37S4CQ,siêu thị,Circle k,663.0,,
37S4CQ,siêu thị,Familymart,712.0,,
37S4CQ,trung tâm thương mại,Trung tâm Thương Mại An Đông Plaza,715.0,,
37S4CQ,trung tâm thương mại,Trung Tâm Mua Sắm Nowzone - Nguyễn Văn Cừ,820.0,,
37S4CQ,trung tâm thương mại,Trung Tâm Mua Sắm Nowzone,824.0,,
WPPENR,chợ,Chợ Xóm Củi,333.0,,
WPPENR,chợ,Chợ Ba Đình,567.0,,
WPPENR,chợ,Chợ Phạm Thế Hiển,808.0,,
WPPENR,trường học,Trường Tiểu học Đinh Công Tráng,173.0,,
WPPENR,trường học,Trường Tiểu học Lý Thái Tổ,412.0,,
WPPENR,trường học,Trường Trung học cơ sở Chánh Hưng,448.0,,
WPPENR,bệnh viện,Trung tâm Y tế Dự phòng Quận 8,303.0,,
WPPENR,bệnh viện,Trạm y tế phường 9 quận 8,664.0,,
WPPENR,bệnh viện,Bệnh viện Công an Thành phố Hồ Chí Minh,784.0,,
WPPENR,công viên,Công viên Võ Văn Kiệt,782.0,,
WPPENR,công viên,Công viên Bông Sao,1100.0,,
WPPENR,công viên,Cong Vien Duong 4,1300.0,,
WPPENR,siêu thị,Siêu thị Điện máy Chợ Lớn,968.0,,
WPPENR,siêu thị,Siêu thị Co.opmart Tuy Lý Vương,980.0,,
WPPENR,siêu thị,Cửa Hàng Zakka Nautrals - Tạ Quang Bửu,1200.0,,
WPPENR,trung tâm thương mại,Tạp Hóa 305,140.0,,
WPPENR,trung tâm thương mại,Chợ Đại Quang Minh,905.0,,
WPPENR,trung tâm thương mại,Chợ vải Soái Kình Lâm,1100.0,,
5H4FH7,chợ,Chợ Hãng Phân,172.0,,
5H4FH7,chợ,Chợ Cháy,377.0,,
5H4FH7,chợ,Chợ Xóm Chiếu,532.0,,
5H4FH7,trường học,Trường Tiểu học Nguyễn Văn Trỗi,79.0,,
5H4FH7,trường học,Trường Trung học cơ sở Chi Lăng,94.0,,
5H4FH7,trường học,Trường Trung học cơ sở Vân Đồn,229.0,,
5H4FH7,bệnh viện,Bệnh viện Đa khoa Khánh Hội,219.0,,
5H4FH7,bệnh viện,Trung Tâm Y Tế Dự Phòng - Phòng Khám Tiêm Phòng,642.0,,
5H4FH7,bệnh viện,Bệnh viện Quận 1 (cơ sở 2),884.0,,
5H4FH7,công viên,Công viên Phường 12,346.0,,
5H4FH7,công viên,Công viên Phường 5,676.0,,
5H4FH7,công viên,Công viên Khánh Hội,820.0,,
5H4FH7,siêu thị,Focomart,259.0,,
5H4FH7,siêu thị,Phụ kiện trang trí sinh nhật Ellie Party,310.0,,
5H4FH7,siêu thị,Sạp Khô Hải Phựợng,373.0,,
5H4FH7,trung tâm thương mại,Thu,318.0,,
5H4FH7,trung tâm thương mại,Chợ Dân Sinh,461.0,,
5H4FH7,trung tâm thương mại,Trung Tâm Mua Sắm Russian,698.0,,
0ZXT69,chợ,Chợ Lái Thiêu,1100.0,,
0ZXT69,chợ,Chợ Nhị Bình,1300.0,,
0ZXT69,trường học,Trường Trung học cơ sở Đặng Công Bỉnh,525.0,,
0ZXT69,trường học,Trường Trung học cơ sở Nguyễn Văn Tiết,1100.0,,
0ZXT69,trường học,Trường Trung học cơ sở Tô Ngọc Vân,1200.0,,
0ZXT69,bệnh viện,Trung tâm Y tế khu vực Thuận An,1700.0,,
0ZXT69,công viên,Công viên Lái Thiêu,1200.0,,
0ZXT69,công viên,Công viên Bờ kè Gia Long,1400.0,,
0ZXT69,trung tâm thương mại,Hương hằng,948.0,,
KFWZ0C,chợ,Chợ Nancy,646.0,,
KFWZ0C,chợ,Chợ Rạch Ông,655.0,,
KFWZ0C,chợ,Chợ Hòa Bình,733.0,,
KFWZ0C,trường học,Trường Tiểu học Trần Danh Lâm,100.0,,
KFWZ0C,trường học,Trường Trung học cơ sở Trần Danh Ninh,150.0,,
KFWZ0C,trường học,Trường Tiểu học Hàm Tử,290.0,,
KFWZ0C,bệnh viện,Phòng Khám Đa Khoa Thế Giới,241.0,,
KFWZ0C,bệnh viện,Bệnh viện Tâm thần Thành phố Hồ Chí Minh,472.0,,
KFWZ0C,bệnh viện,Bệnh viện Bệnh Nhiệt đới,475.0,,
KFWZ0C,công viên,Công viên Dạ Nam,283.0,,
KFWZ0C,công viên,Công viên Phường 2,324.0,,
KFWZ0C,công viên,Công viên 310A Hưng Phú,722.0,,
KFWZ0C,siêu thị,Bách Hóa Xanh,582.0,,
KFWZ0C,siêu thị,FamilyMart,1000.0,,
KFWZ0C,siêu thị,Circle k,1200.0,,
KFWZ0C,trung tâm thương mại,Parc Mall,1200.0,,
KFWZ0C,trung tâm thương mại,Trung tâm Thương Mại An Đông Plaza,1200.0,,
KFWZ0C,trung tâm thương mại,Tạp Hóa Quỳnh Loan,1400.0,,
SYSMP5,chợ,Chợ Phú Thuận,972.0,,
SYSMP5,chợ,Chợ Phú Xuân,1900.0,,
SYSMP5,trường học,Trường Tiểu Học Lê Văn Tám,487.0,,
SYSMP5,trường học,Trường Quốc tế Hàn Quốc,679.0,,
SYSMP5,trường học,Trường Hàn Quốc HCMC Korean School,680.0,,
SYSMP5,bệnh viện,Nhà Thuốc Thái Thanh,808.0,,
SYSMP5,công viên,Công viên Nam Thông 3,633.0,,
SYSMP5,công viên,Công viên Cảnh Viên,779.0,,
SYSMP5,công viên,Trung Tâm Văn Hóa Quận 7,862.0,,
SYSMP5,siêu thị,Co.opmart Huỳnh Tấn Phát,816.0,,
SYSMP5,siêu thị,Siêu thị Finelife Riviera Point,1800.0,,
W9BB3R,chợ,Chợ Vườn Chuối,24.0,,
W9BB3R,chợ,Chợ Bàn Cờ,724.0,,
W9BB3R,chợ,Chợ Thái Bình,938.0,,
W9BB3R,trường học,Trường Trung học cơ sở Kiến Thiết,238.0,,
W9BB3R,trường học,Trường Trung học cơ sở Bàn Cờ,267.0,,
W9BB3R,trường học,Trường cấp 1 Phan Văn Hân,278.0,,
W9BB3R,bệnh viện,Bệnh viện Bình Dân,311.0,,
W9BB3R,bệnh viện,Bệnh viện Da liễu,428.0,,
W9BB3R,bệnh viện,Bệnh Viện Mắt Việt-Nga,482.0,,
W9BB3R,công viên,Công viên Thích Quảng Đức,312.0,,
W9BB3R,công viên,Công viên Tao Đàn,801.0,,
W9BB3R,công viên,Công viên Phong Châu,833.0,,
W9BB3R,siêu thị,FamilyMart,99.0,,
W9BB3R,siêu thị,Siêu Thị Aeon Citimart Cao Thắng,459.0,,
W9BB3R,siêu thị,WinMart,460.0,,
W9BB3R,trung tâm thương mại,phu quy,195.0,,
W9BB3R,trung tâm thương mại,Tạp Hóa Anh Duy,417.0,,
W9BB3R,trung tâm thương mại,Vincom Plaza Ba Tháng Hai,463.0,,
RG25SJ,chợ,Chợ Vườn Chuối,344.0,,
RG25SJ,chợ,Chợ Thái Bình,777.0,,
RG25SJ,chợ,Chợ Chiều,891.0,,
RG25SJ,trường học,Trường cấp 1 Phan Văn Hân,58.0,,
RG25SJ,trường học,Trường Trung học cơ sở Kiến Thiết,104.0,,
RG25SJ,trường học,Trường Tiểu học Lê Ngọc Hân,246.0,,
RG25SJ,bệnh viện,Bệnh viện Da liễu,350.0,,
RG25SJ,bệnh viện,Bệnh Viện Mắt Sài Gòn,463.0,,
RG25SJ,bệnh viện,Bệnh viện Mắt Thành phố Hồ Chí Minh,616.0,,
RG25SJ,công viên,Công viên Thích Quảng Đức,212.0,,
RG25SJ,công viên,Công viên Tao Đàn,477.0,,
RG25SJ,công viên,Công viên 23 tháng 9,869.0,,
RG25SJ,siêu thị,FamilyMart,259.0,,
RG25SJ,siêu thị,Satra Foods,652.0,,
RG25SJ,siêu thị,Circle K,679.0,,
RG25SJ,trung tâm thương mại,Tạp Hóa Anh Duy,505.0,,
RG25SJ,trung tâm thương mại,phu quy,519.0,,
RG25SJ,trung tâm thương mại,TTTM RomeA,578.0,,
AC9DUY,chợ,Chợ Hạnh Thông Tây,431.0,,
AC9DUY,chợ,Chợ Xóm Mới,1300.0,,
AC9DUY,chợ,Chợ An Nhơn,1800.0,,
AC9DUY,trường học,Trường Tiểu học Nguyễn Thị Minh Khai,440.0,,
AC9DUY,trường học,Trường Tiểu học Chi Lăng,479.0,,
AC9DUY,trường học,Trường Trung học cơ sở Thông Tây Hội (cơ sở 2),481.0,,
AC9DUY,bệnh viện,Bệnh viện Đa khoa Gò Vấp,428.0,,
AC9DUY,công viên,Công viên Làng Hoa Gò Vấp,667.0,,
AC9DUY,công viên,Mercedes Sidewalk park,672.0,,
AC9DUY,công viên,Công viên Hòa Bình,964.0,,
AC9DUY,siêu thị,WinMart,805.0,,
AC9DUY,siêu thị,Co.opmart SCA Phạm Văn Chiêu,1600.0,,
AC9DUY,siêu thị,Co-opmart Liên Hiệp Thành phố Hồ Chí Minh,2000.0,,
AC9DUY,trung tâm thương mại,Lotte Department Store,1100.0,,
AC9DUY,trung tâm thương mại,669,1300.0,,
AC9DUY,trung tâm thương mại,Thế Giới Sữa,1300.0,,
5HAVV7,chợ,Bách Hóa Xanh - 2C - 2D Phùng Văn Cung,306.0,,
5HAVV7,chợ,Chợ Phú Nhuận,508.0,,
5HAVV7,chợ,Chợ Nguyễn Đình Chiểu,855.0,,
5HAVV7,trường học,Anh Văn Hội Việt Mỹ VUS,234.0,,
5HAVV7,trường học,Trường Tiểu học Cầu Kiệu,327.0,,
5HAVV7,trường học,Trung Tâm Ngoại Ngữ Dương Minh,442.0,,
5HAVV7,bệnh viện,Trạm Y Tế Phường 7 Quận Phú Nhuận,655.0,,
5HAVV7,bệnh viện,Bệnh viện An Sinh,1000.0,,
5HAVV7,bệnh viện,Bệnh viện Đa khoa Tân Định,1100.0,,
5HAVV7,công viên,Đài liệt sĩ Quận 3,807.0,,
5HAVV7,công viên,Công viên Văn hóa Phú Nhuận,839.0,,
5HAVV7,công viên,Công viên Lê Văn Tám,1500.0,,
5HAVV7,siêu thị,BambooBebe Việt Nam,305.0,,
5HAVV7,siêu thị,Công ty TNHH Gureumi,305.0,,
5HAVV7,siêu thị,Co.opmart Rạch Miễu,520.0,,
5HAVV7,trung tâm thương mại,Tạp Hóa Thu Bé Bự,1100.0,,
5HAVV7,trung tâm thương mại,MIA  Luggage store,1400.0,,
ABD15Y,chợ,Chợ Hiệp Thành,1200.0,,
ABD15Y,chợ,Chợ Ngã Ba Bầu,1800.0,,
ABD15Y,trường học,Trường Trung học cơ sở Nguyễn Chí Thanh,740.0,,
ABD15Y,trường học,Trường Tiểu học Nguyễn Thái Bình,790.0,,
ABD15Y,trường học,Trường Tiểu học Võ Thị Sáu,908.0,,
ABD15Y,bệnh viện,188 Beauty Spa quận 12 | Viện thẩm mỹ hàng đầu tpHCM,1400.0,,
ABD15Y,công viên,The parkland,455.0,,
ABD15Y,công viên,Cây xanh,491.0,,
ABD15Y,công viên,Công Viên Trúc Lâm,601.0,,
ABD15Y,siêu thị,CoopMart Hiệp Thành,1300.0,,
ABD15Y,siêu thị,Bách Hóa Hạnh Dương,1700.0,,
ABD15Y,trung tâm thương mại,SuSu,1100.0,,
GXWC82,chợ,Chợ Phú Lâm,206.0,,
GXWC82,chợ,Chợ Tân Hòa Đông,611.0,,
GXWC82,chợ,Chợ Phú Định,1000.0,,
GXWC82,trường học,Trường Trung học phổ thông tư thục Phú Lâm,210.0,,
GXWC82,trường học,Trường Tiểu học Phú Lâm,346.0,,
GXWC82,trường học,Trường Trung học cơ sở Đoàn Kết,368.0,,
GXWC82,bệnh viện,Bệnh viện Đa khoa Bình Phú,1200.0,,
GXWC82,bệnh viện,Bệnh viện Đa khoa Lãnh Binh Thăng,1800.0,,
GXWC82,công viên,Công viên Bãi Cát,424.0,,
GXWC82,công viên,Lương Thế Vinh,832.0,,
GXWC82,công viên,Công Viên 158 Phan Anh,1000.0,,
GXWC82,siêu thị,Co.opMart Phú Lâm,358.0,,
GXWC82,siêu thị,Bách Hóa XANH,444.0,,
GXWC82,siêu thị,Satra Foods,550.0,,
GXWC82,trung tâm thương mại,Nhi,1500.0,,
GXWC82,trung tâm thương mại,Phú lâm,2000.0,,
5H0NE7,chợ,Chợ Võ Thành Trang,415.0,,
5H0NE7,chợ,Chợ Tân Phú,679.0,,
5H0NE7,chợ,Chợ Bàu Cát,698.0,,
5H0NE7,trường học,Trường Tiểu học Tân Sơn Nhì,260.0,,
5H0NE7,trường học,Trường Tiểu học chuyên biệt Bình Minh,296.0,,
5H0NE7,trường học,Trường Tiểu học - Trung học cơ sở Khai Nguyên - Cơ sở Quận Tân Bình,372.0,,
5H0NE7,bệnh viện,Bệnh Viện Đa Khoa Mỹ Đức,483.0,,
5H0NE7,bệnh viện,Bệnh viện Đa khoa Tân Phú,1500.0,,
5H0NE7,bệnh viện,Bệnh viện Thống Nhất,1800.0,,
5H0NE7,công viên,Công viên Bàu Cát 3,459.0,,
5H0NE7,công viên,Công viên Tân Phú,1500.0,,
5H0NE7,công viên,Địa đạo Phú Thọ Hòa,1700.0,,
5H0NE7,siêu thị,Siêu thị GO! Âu Cơ,802.0,,
5H0NE7,siêu thị,Pandora Trường Chinh,1200.0,,
5H0NE7,siêu thị,Big C,1200.0,,
5H0NE7,trung tâm thương mại,LOTTE Mart Cộng Hòa,1600.0,,
5H0NE7,trung tâm thương mại,Pico Plaza,1600.0,,
5H0NE7,trung tâm thương mại,Bách hóa tổng hợp,1700.0,,
WPXHWR,chợ,Chợ Nguyễn Đình Chiểu,461.0,,
WPXHWR,chợ,Bách Hóa Xanh - 2C - 2D Phùng Văn Cung,843.0,,
WPXHWR,chợ,Chợ Phú Nhuận,861.0,,
WPXHWR,trường học,Trung Tâm Ngoại Ngữ Dương Minh,471.0,,
WPXHWR,trường học,Trường Tiểu học Trung Nhất,514.0,,
WPXHWR,trường học,Trường Tiểu học Cổ Loa,537.0,,
WPXHWR,bệnh viện,Bệnh viện Đa khoa Phú Nhuận,832.0,,
WPXHWR,bệnh viện,Trạm Y Tế Phường 7 Quận Phú Nhuận,899.0,,
WPXHWR,bệnh viện,Viện Y Dược học Dân tộc,929.0,,
WPXHWR,công viên,Đài liệt sĩ Quận 3,1200.0,,
WPXHWR,công viên,Công viên Văn hóa Phú Nhuận,1300.0,,
WPXHWR,công viên,Công viên Gia Định,1400.0,,
WPXHWR,siêu thị,CO.OP Mart Nguyễn Kiệm,880.0,,
WPXHWR,siêu thị,Công ty TNHH Gureumi,952.0,,
WPXHWR,siêu thị,BambooBebe Việt Nam,952.0,,
WPXHWR,trung tâm thương mại,Tạp Hóa Thu Bé Bự,1700.0,,
WPXHWR,trung tâm thương mại,Toà Nhà Parkson CT Plaza,2000.0,,
KF0SMC,chợ,Chợ Gò Vấp,802.0,,
KF0SMC,chợ,Chợ Cây Quéo,1800.0,,
KF0SMC,chợ,Chợ An Nhơn,2000.0,,
KF0SMC,trường học,Trường Tiểu học Kim Đồng,593.0,,
KF0SMC,trường học,Trường Trung học cơ sở Gò Vấp 2,621.0,,
KF0SMC,trường học,Trường Trung học cơ sở Trường Sơn,740.0,,
KF0SMC,bệnh viện,Bệnh viện Quân y 175,609.0,,
KF0SMC,công viên,Công viên Khu nhà ở Quân đội,919.0,,
KF0SMC,công viên,Công viên Gia Định,1400.0,,
KF0SMC,công viên,Công viên Bến Hải,1600.0,,
KF0SMC,siêu thị,Co.opmart Phan Văn Trị,665.0,,
KF0SMC,siêu thị,Lẩu cá kèo,1000.0,,
KF0SMC,siêu thị,emart,1500.0,,
KF0SMC,trung tâm thương mại,GO! Go Vap,194.0,,
KF0SMC,trung tâm thương mại,Trung Tâm Mua Sắm Nguyễn Kim Gò Vấp,705.0,,
KF0SMC,trung tâm thương mại,Saigon Mall Gò Vấp,906.0,,
6SAJE8,chợ,Chợ Trần Hữu Trang,473.0,,
6SAJE8,chợ,Chợ Phú Nhuận,906.0,,
6SAJE8,chợ,Chợ Nguyễn Đình Chiểu,1100.0,,
6SAJE8,trường học,Trung Tâm Anh Ngữ Việt Mỹ,296.0,,
6SAJE8,trường học,Trường Tiểu Học Vạn Tường,417.0,,
6SAJE8,trường học,Trường Trung học cơ sở Ngô Tất Tố,496.0,,
6SAJE8,bệnh viện,Bệnh viện Đa khoa Phú Nhuận,392.0,,
6SAJE8,bệnh viện,Viện Y Dược học Dân tộc,405.0,,
6SAJE8,bệnh viện,Bệnh viện An Sinh,689.0,,
6SAJE8,công viên,Đài liệt sĩ Quận 3,1100.0,,
6SAJE8,công viên,Công viên Hoàng Văn Thụ,1300.0,,
6SAJE8,công viên,Botanica Premier Residential Park,1600.0,,
6SAJE8,siêu thị,Bách Hóa Xanh,462.0,,
6SAJE8,siêu thị,Vin Mart+,518.0,,
6SAJE8,siêu thị,Siêu Thị Tiện Lợi Nam An,656.0,,
6SAJE8,trung tâm thương mại,Tạp Hóa Thu Bé Bự,1800.0,,
QADSYU,chợ,Chợ Bàu Sen,268.0,,
QADSYU,chợ,Chợ Campuchia,325.0,,
QADSYU,chợ,Circle K,327.0,,
QADSYU,trường học,Trường Tiểu học Bàu Sen,242.0,,
QADSYU,trường học,Trường Cao Đẳng Phát Thanh Truyền Hình 2,308.0,,
QADSYU,trường học,Trường Trung học Thực hành Sài Gòn,313.0,,
QADSYU,bệnh viện,Phòng Thí Nghiệm - Kiểm Tra Sức Khoẻ,209.0,,
QADSYU,bệnh viện,Viện thấm mỹ Bác sĩ Minh,321.0,,
QADSYU,bệnh viện,Bệnh viện Nguyễn Trãi,517.0,,
QADSYU,công viên,Công viên Chợ Quán,270.0,,
QADSYU,công viên,Bãi Cỏ - Trần Nhân Tôn,357.0,,
QADSYU,công viên,Công viên Hòa Bình,477.0,,
QADSYU,siêu thị,FamilyMart,397.0,,
QADSYU,siêu thị,Familymart,497.0,,
QADSYU,siêu thị,B's mart,519.0,,
QADSYU,trung tâm thương mại,Trung tâm Thương Mại An Đông Plaza,590.0,,
QADSYU,trung tâm thương mại,Trung Tâm Mua Sắm Nowzone - Nguyễn Văn Cừ,656.0,,
QADSYU,trung tâm thương mại,Trung Tâm Mua Sắm Nowzone,661.0,,
J2GQH0,chợ,Chợ An Nhơn,187.0,,
J2GQH0,chợ,Chợ Xóm Mới,1600.0,,
J2GQH0,trường học,Trường Trung học phổ thông Trần Hưng Đạo,723.0,,
J2GQH0,trường học,Trường Trung học cơ sở Lý Tự Trọng,754.0,,
J2GQH0,trường học,Trường Tiểu học Lê Đức Thọ,771.0,,
J2GQH0,bệnh viện,Phòng Khám Đa Khoa Hữu Nghị,598.0,,
J2GQH0,bệnh viện,Bệnh viện Đa khoa Gò Vấp,1900.0,,
J2GQH0,công viên,Công viên Văn hóa Gò Vấp,982.0,,
J2GQH0,công viên,Công viên Hòa Bình,1000.0,,
J2GQH0,công viên,Công viên Khu nhà ở Quân đội,1700.0,,
J2GQH0,siêu thị,WinMart,1300.0,,
J2GQH0,siêu thị,Co.opmart Phan Văn Trị,1600.0,,
J2GQH0,siêu thị,Winmart,1800.0,,
J2GQH0,trung tâm thương mại,Thu giang,236.0,,
J2GQH0,trung tâm thương mại,Lotte Department Store,809.0,,
J2GQH0,trung tâm thương mại,Thiên hương,985.0,,
UAU8CS,chợ,Chợ Vườn Lài,769.0,,
UAU8CS,chợ,Chợ Cầu Đồng,838.0,,
UAU8CS,trường học,Trường Trung học cơ sở An Phú Đông,297.0,,
UAU8CS,trường học,Trường Tiểu Học Phạm Văn Chiêu,321.0,,
UAU8CS,trường học,Trường Mầm Non Bông Hồng,357.0,,
UAU8CS,bệnh viện,Phòng Khám Đa Khoa Hữu Nghị,1600.0,,
UAU8CS,siêu thị,Xường công nghệ cao,1400.0,,
UAU8CS,trung tâm thương mại,Tạp hóa Hiền Trâm,1100.0,,
5DSTX7,chợ,Chợ Tân Phú,287.0,,
5DSTX7,chợ,Chợ Bàu Cát,800.0,,
5DSTX7,chợ,Chợ Huỳnh Văn Chính,1100.0,,
5DSTX7,trường học,Trường Trung học cơ sở Phan Bội Châu,357.0,,
5DSTX7,trường học,Trường Giáo dục thường xuyên quận Tân Phú,625.0,,
5DSTX7,trường học,Trường Trung học cơ sở Lê Anh Xuân,636.0,,
5DSTX7,bệnh viện,Bệnh viện Đa khoa Tân Phú,908.0,,
5DSTX7,bệnh viện,Bệnh Viện Đa Khoa Mỹ Đức,1400.0,,
5DSTX7,bệnh viện,Bệnh viện Thống Nhất,2000.0,,
5DSTX7,công viên,Công viên Tân Phú,631.0,,
5DSTX7,công viên,Địa đạo Phú Thọ Hòa,739.0,,
5DSTX7,công viên,Công viên Bàu Cát 3,842.0,,
5DSTX7,siêu thị,Siêu thị GO! Âu Cơ,486.0,,
5DSTX7,siêu thị,Phụ Kiện Bida Minh Điền,638.0,,
5DSTX7,siêu thị,Cửa Hàng Cung Cấp Đồ Hóa Trang Hoa Chí Tín,1200.0,,
5DSTX7,trung tâm thương mại,Cửa Hàng Gạo Hạt Ngọc Trời,1200.0,,
5DSTX7,trung tâm thương mại,Bách hóa tổng hợp,1300.0,,
5DHU67,chợ,Chợ Bà Chiểu,507.0,,
5DHU67,chợ,Bách Hóa Xanh - 2C - 2D Phùng Văn Cung,839.0,,
5DHU67,chợ,Chợ Đa Kao,977.0,,
5DHU67,trường học,Trường Trung học cơ sở Hà Huy Tập,173.0,,
5DHU67,trường học,Trường Trung học cơ sở Trương Công Định,251.0,,
5DHU67,trường học,Trường Trung học cơ sở Cầu Kiệu,339.0,,
5DHU67,bệnh viện,Bệnh Viện Quốc Tế Columbia Asia,261.0,,
5DHU67,bệnh viện,Bệnh viện Nhân dân Gia Định,327.0,,
5DHU67,bệnh viện,Bệnh viện Đa khoa Bình Thạnh,431.0,,
5DHU67,công viên,Công viên Văn hóa Phú Nhuận,476.0,,
5DHU67,công viên,Công viên Lê Văn Tám,1400.0,,
5DHU67,công viên,Công viên trung tâm HCA,1600.0,,
5DHU67,siêu thị,Chợ Vạn Kiếp,132.0,,
5DHU67,siêu thị,Gạo Hồng Nhung,587.0,,
5DHU67,siêu thị,Foodmart,593.0,,
5DHU67,trung tâm thương mại,Tạp Hóa Thu Bé Bự,1300.0,,
5DHU67,trung tâm thương mại,MIA  Luggage store,1500.0,,
3576TQ,chợ,Chợ Bình An,356.0,,
3576TQ,chợ,Chợ Bình Đông,453.0,,
3576TQ,chợ,Chợ Hồ Trọng Quý,1100.0,,
3576TQ,trường học,Trường Trung học phổ thông Ngô Gia Tự,346.0,,
3576TQ,trường học,Trường Tiểu học Bùi Minh Trực,506.0,,
3576TQ,trường học,Trường Tiểu học Phạm Văn Chí - Cơ sở 2,650.0,,
3576TQ,bệnh viện,Bệnh viện Đa khoa Bình Phú,1500.0,,
3576TQ,công viên,Công viên Lò Gốm,961.0,,
3576TQ,công viên,Công viên Phúc An Khang,1200.0,,
3576TQ,công viên,Công viên Bình Phú,1200.0,,
3576TQ,siêu thị,Siêu thị MM Mega Market Bình Phú,1300.0,,
3576TQ,siêu thị,Co.opmart Hậu Giang,1700.0,,
3576TQ,siêu thị,Siêu thị Co.opmart Tuy Lý Vương,1900.0,,
3576TQ,trung tâm thương mại,Phú lâm,1100.0,,
3576TQ,trung tâm thương mại,Thiên,1100.0,,
3576TQ,trung tâm thương mại,Satra Centre Mall,1300.0,,
3SVEFQ,chợ,Chợ Phạm Văn Hai,910.0,,
3SVEFQ,chợ,Chợ Hoàng Hoa Thám,1100.0,,
3SVEFQ,chợ,Chợ Bà Hoa,1400.0,,
3SVEFQ,trường học,Học viện Kỹ thuật Mật mã,71.0,,
3SVEFQ,trường học,Trường Trung học cơ sở & Trung học phổ thông Nguyễn Khuyến,166.0,,
3SVEFQ,trường học,Học viện Hàng không Việt Nam,265.0,,
3SVEFQ,bệnh viện,Bệnh viện Đa khoa Tân Bình,665.0,,
3SVEFQ,bệnh viện,Bệnh viện Đa khoa Tâm Anh,1000.0,,
3SVEFQ,bệnh viện,Bệnh viện Thống Nhất,1100.0,,
3SVEFQ,công viên,Công viên Nhà thi đấu Tân Bình,674.0,,
3SVEFQ,công viên,Công viên Hoàng Văn Thụ,853.0,,
3SVEFQ,công viên,Botanica Premier Residential Park,1800.0,,
3SVEFQ,siêu thị,Bách Hóa Xanh,790.0,,
3SVEFQ,siêu thị,Ministop,1200.0,,
3SVEFQ,siêu thị,Siêu Thị Tiện Lợi Nam An,1400.0,,
3SVEFQ,trung tâm thương mại,Pico Plaza,420.0,,
3SVEFQ,trung tâm thương mại,LOTTE Mart Cộng Hòa,432.0,,
3SVEFQ,trung tâm thương mại,Toà Nhà Parkson CT Plaza,1700.0,,
DC5F2H,chợ,Chợ Thái Bình,404.0,,
DC5F2H,chợ,Chợ Chiều,450.0,,
DC5F2H,chợ,Chợ Vườn Chuối,710.0,,
DC5F2H,trường học,Trường Tiểu học Nguyễn Huệ,154.0,,
DC5F2H,trường học,Trường Trung học phổ thông Bùi Thị Xuân,209.0,,
DC5F2H,trường học,Trường Tiểu học Kết Đoàn,245.0,,
DC5F2H,bệnh viện,Bệnh Viện Mắt Sài Gòn,178.0,,
DC5F2H,bệnh viện,Bệnh viện Từ Dũ (khu M),621.0,,
DC5F2H,bệnh viện,Bệnh viện Quận 1 (cơ sở 2),692.0,,
DC5F2H,công viên,Công viên 23 tháng 9,502.0,,
DC5F2H,công viên,Công viên Tao Đàn,524.0,,
DC5F2H,công viên,Công viên Thích Quảng Đức,654.0,,
DC5F2H,siêu thị,Circle K,290.0,,
DC5F2H,siêu thị,Satra Foods,375.0,,
DC5F2H,siêu thị,Trung Tâm Thương Mại Sense Market,411.0,,
DC5F2H,trung tâm thương mại,Tạp Hóa Hùng Hà,444.0,,
DC5F2H,trung tâm thương mại,Tạp Hóa Anh Duy,587.0,,
DC5F2H,trung tâm thương mại,Saigon Mall Cao Thắng,744.0,,
6QGWJ8,chợ,Chợ Xóm Củi,385.0,,
6QGWJ8,chợ,Chợ Ba Đình,473.0,,
6QGWJ8,chợ,Chợ Xã Tây,749.0,,
6QGWJ8,trường học,Trường Tiểu học Đinh Công Tráng,291.0,,
6QGWJ8,trường học,Trường Tiểu học Lý Thái Tổ,360.0,,
6QGWJ8,trường học,Trường Trung học cơ sở Chánh Hưng,521.0,,
6QGWJ8,bệnh viện,Trung tâm Y tế Dự phòng Quận 8,224.0,,
6QGWJ8,bệnh viện,Trạm y tế phường 9 quận 8,617.0,,
6QGWJ8,bệnh viện,Bệnh viện Y học Cổ truyền Thành phố Hồ Chí Minh (Cơ sở 2),689.0,,
6QGWJ8,công viên,Công viên Võ Văn Kiệt,669.0,,
6QGWJ8,công viên,Công viên Dạ Trạch,1200.0,,
6QGWJ8,công viên,Công viên Văn Lang,1200.0,,
6QGWJ8,siêu thị,Siêu thị Điện máy Chợ Lớn,856.0,,
6QGWJ8,siêu thị,Siêu thị Co.opmart Tuy Lý Vương,1000.0,,
6QGWJ8,siêu thị,Cửa Hàng Mua Sắm Citimart,1100.0,,
6QGWJ8,trung tâm thương mại,Tạp Hóa 305,236.0,,
6QGWJ8,trung tâm thương mại,Chợ Đại Quang Minh,858.0,,
6QGWJ8,trung tâm thương mại,Chợ vải Soái Kình Lâm,1000.0,,
EJ0H94,chợ,Chợ Gò Vấp,1500.0,,
EJ0H94,chợ,Chợ An Nhơn,2000.0,,
EJ0H94,trường học,Trường Trung học phổ thông Trần Văn Giàu,676.0,,
EJ0H94,trường học,Trường Trung học cơ sở Bình Lợi Trung,867.0,,
EJ0H94,trường học,Trường Tiểu học Nguyễn Viết Xuân,1000.0,,
EJ0H94,công viên,Công viên Đặng Thùy Trâm,576.0,,
EJ0H94,công viên,Công viên Bến Hải,1100.0,,
EJ0H94,công viên,Công viên Khu nhà ở Quân đội,1100.0,,
EJ0H94,siêu thị,Winmart,580.0,,
EJ0H94,siêu thị,Lẩu cá kèo,1200.0,,
EJ0H94,siêu thị,emart,1400.0,,
EJ0H94,trung tâm thương mại,Tạp hóa Hoàng Dũng,181.0,,
EJ0H94,trung tâm thương mại,tạp hóa anh Trung,443.0,,
EJ0H94,trung tâm thương mại,Tạp hóa cô Thanh,458.0,,
S10W5Y,chợ,Chợ Cây Quéo,474.0,,
S10W5Y,chợ,Chợ Cây Điệp,775.0,,
S10W5Y,chợ,Bách Hóa Xanh - 2C - 2D Phùng Văn Cung,818.0,,
S10W5Y,trường học,Trường Trung học phổ thông Hoàng Hoa Thám,368.0,,
S10W5Y,trường học,Trường Trung học cơ sở Châu Văn Liêm,425.0,,
S10W5Y,trường học,Trường Trung học phổ thông Phan Đăng Lưu,433.0,,
S10W5Y,bệnh viện,Bệnh viện Ung bướu,437.0,,
S10W5Y,bệnh viện,Bệnh viện Nhân dân Gia Định,475.0,,
S10W5Y,bệnh viện,Trạm Y Tế Phường 7 Quận Phú Nhuận,493.0,,
S10W5Y,công viên,Công viên Văn hóa Phú Nhuận,372.0,,
S10W5Y,công viên,Công viên trung tâm HCA,1500.0,,
S10W5Y,công viên,Công viên Gia Định,1800.0,,
S10W5Y,siêu thị,Cửa Hàng Tiện Lợi Shop&Go!,504.0,,
S10W5Y,siêu thị,WinMart,625.0,,
S10W5Y,siêu thị,Điện thoại VT Mobile,817.0,,
S10W5Y,trung tâm thương mại,Tạp Hóa Thu Bé Bự,1900.0,,
9NNH2P,chợ,Chợ Gò Vấp,809.0,,
9NNH2P,chợ,Chợ Cây Quéo,1000.0,,
9NNH2P,chợ,Chợ Nguyễn Đình Chiểu,1500.0,,
9NNH2P,trường học,Trường Trung học cơ sở Trường Sơn,85.0,,
9NNH2P,trường học,Trường Trung học cơ sở Nguyễn Văn Trỗi,128.0,,
9NNH2P,trường học,Trường Tiểu học Trần Văn Ơn,188.0,,
9NNH2P,bệnh viện,Bệnh viện Quân y 175,333.0,,
9NNH2P,bệnh viện,Trạm Y Tế Phường 7 Quận Phú Nhuận,1600.0,,
9NNH2P,bệnh viện,Bệnh viện Ung bướu,1800.0,,
9NNH2P,công viên,Công viên Gia Định,1000.0,,
9NNH2P,công viên,Công viên Khu nhà ở Quân đội,1400.0,,
9NNH2P,công viên,Công viên Bến Hải,1500.0,,
9NNH2P,siêu thị,CO.OP Mart Nguyễn Kiệm,1100.0,,
9NNH2P,siêu thị,Lẩu cá kèo,1200.0,,
9NNH2P,siêu thị,emart,1300.0,,
9NNH2P,trung tâm thương mại,GO! Go Vap,957.0,,
9NNH2P,trung tâm thương mại,Trung Tâm Thương Mại Vincom Plaza Gò Vấp,1200.0,,
9NNH2P,trung tâm thương mại,Trung Tâm Mua Sắm Nguyễn Kim Gò Vấp,1500.0,,
40N5QF,chợ,Chợ Nhật Tảo,340.0,,
40N5QF,chợ,Chợ Nguyễn Tri Phương,574.0,,
40N5QF,chợ,Chợ An Đông,618.0,,
40N5QF,trường học,Trường Trung học cơ sở Hoàng Văn Thụ,70.0,,
40N5QF,trường học,Trường Tiểu học Trần Quang Cơ,153.0,,
40N5QF,trường học,Trường Phổ thông Đặc biệt Nguyễn Đình Chiểu,267.0,,
40N5QF,bệnh viện,Trung Tâm Chẩn Đoán Y Khoa Medic - BV Hòa Hảo,188.0,,
40N5QF,bệnh viện,Bệnh Viện Hòa Hảo,197.0,,
40N5QF,bệnh viện,Bệnh viện 30 Tháng 4,624.0,,
40N5QF,công viên,Công viên Hòa Bình,588.0,,
40N5QF,công viên,Phố đi bộ đêm Kỳ đài Quang Trung,636.0,,
40N5QF,công viên,Công viên Văn Lang,648.0,,
40N5QF,siêu thị,Siêu Thị CoopMart Hùng Vương,482.0,,
40N5QF,siêu thị,B's mart,559.0,,
40N5QF,siêu thị,Familymart,663.0,,
40N5QF,trung tâm thương mại,Trung tâm Thương Mại An Đông Plaza,741.0,,
40N5QF,trung tâm thương mại,Vạn Hạnh Mall,907.0,,
40N5QF,trung tâm thương mại,Parkson Hùng Vương,957.0,,
7KWCZA,chợ,Chợ Nguyễn Đình Chiểu,540.0,,
7KWCZA,chợ,Chợ Cây Quéo,797.0,,
7KWCZA,chợ,Bách Hóa Xanh - 2C - 2D Phùng Văn Cung,1300.0,,
7KWCZA,trường học,Trường Mầm Non,77.0,,
7KWCZA,trường học,Trường THCS & THPT Đức Trí - Cơ sở 2,115.0,,
7KWCZA,trường học,Trường Trung học phổ thông Phú Nhuận,416.0,,
7KWCZA,bệnh viện,Bệnh viện Quân y 175,981.0,,
7KWCZA,bệnh viện,Trạm Y Tế Phường 7 Quận Phú Nhuận,1000.0,,
7KWCZA,bệnh viện,Bệnh viện Đa khoa Phú Nhuận,1500.0,,
7KWCZA,công viên,Công viên Gia Định,573.0,,
7KWCZA,công viên,Botanica Premier Residential Park,1100.0,,
7KWCZA,công viên,Công viên Văn hóa Phú Nhuận,1400.0,,
7KWCZA,siêu thị,CO.OP Mart Nguyễn Kiệm,193.0,,
7KWCZA,siêu thị,Co.opmart Rạch Miễu,1600.0,,
7KWCZA,siêu thị,Siêu Thị Tiện Lợi Nam An,1600.0,,
7KWCZA,trung tâm thương mại,Saigon Airport Plaza,1600.0,,
7KWCZA,trung tâm thương mại,Toà Nhà Parkson CT Plaza,1600.0,,
7KWCZA,trung tâm thương mại,GO! Go Vap,1800.0,,
SDEPS5,chợ,Chợ Tân Bình,438.0,,
SDEPS5,chợ,Chợ Bà Hoa,723.0,,
SDEPS5,chợ,Chợ Tân Hưng (Chợ Ông Địa),791.0,,
SDEPS5,trường học,Trường Tiểu học Lạc Long Quân,188.0,,
SDEPS5,trường học,Trường Trung học cơ sở Võ Văn Tần - CS1,516.0,,
SDEPS5,trường học,Trươờng Tiểu học Lê Thị Hồng Gấm,546.0,,
SDEPS5,bệnh viện,Bệnh viện 1A,612.0,,
SDEPS5,bệnh viện,Bệnh viện Thống Nhất,755.0,,
SDEPS5,bệnh viện,Bệnh viện Đa khoa Tân Phú,833.0,,
SDEPS5,công viên,Công viên Nhà thi đấu Tân Bình,1200.0,,
SDEPS5,công viên,Công viên Tân Phước,1200.0,,
SDEPS5,công viên,Công viên Bàu Cát 3,1300.0,,
SDEPS5,siêu thị,WinMart,828.0,,
SDEPS5,siêu thị,Siêu thị GO! Âu Cơ,1100.0,,
SDEPS5,siêu thị,Siêu Thị Co.opMart - Phú Thọ,1700.0,,
SDEPS5,trung tâm thương mại,Bách hóa tổng hợp,354.0,,
SDEPS5,trung tâm thương mại,Pico Plaza,1700.0,,
SDEPS5,trung tâm thương mại,LOTTE Mart Cộng Hòa,1800.0,,
7K4W6A,chợ,Chợ Cầu Đồng,284.0,,
7K4W6A,chợ,Chợ Thạnh Xuân,1100.0,,
7K4W6A,chợ,Chợ Vườn Lài,1500.0,,
7K4W6A,trường học,Trường Trung học phổ thông Thạnh Lộc,556.0,,
7K4W6A,trường học,Trường Trung học cơ sở Trần Hưng Đạo,719.0,,
7K4W6A,trường học,Trường Tiểu học Hà Huy Giáp,832.0,,
7K4W6A,trung tâm thương mại,Tạp hóa Hiền Trâm,1900.0,,
GXTRV2,chợ,Chợ Gò Vấp,946.0,,
GXTRV2,chợ,Chợ Cây Quéo,1700.0,,
GXTRV2,chợ,Chợ Nguyễn Đình Chiểu,2000.0,,
GXTRV2,trường học,Trường Trung học cơ sở Nguyễn Văn Trỗi,660.0,,
GXTRV2,trường học,Trường Tiểu học Trần Văn Ơn,677.0,,
GXTRV2,trường học,Trường Tiểu học Kim Đồng,682.0,,
GXTRV2,bệnh viện,Bệnh viện Quân y 175,462.0,,
GXTRV2,công viên,Công viên Khu nhà ở Quân đội,1100.0,,
GXTRV2,công viên,Công viên Gia Định,1200.0,,
GXTRV2,công viên,Botanica Premier Residential Park,1700.0,,
GXTRV2,siêu thị,Co.opmart Phan Văn Trị,875.0,,
GXTRV2,siêu thị,Lẩu cá kèo,1200.0,,
GXTRV2,siêu thị,CO.OP Mart Nguyễn Kiệm,1500.0,,
GXTRV2,trung tâm thương mại,GO! Go Vap,394.0,,
GXTRV2,trung tâm thương mại,Trung Tâm Mua Sắm Nguyễn Kim Gò Vấp,841.0,,
GXTRV2,trung tâm thương mại,Saigon Mall Gò Vấp,1000.0,,
SYSY65,chợ,Chợ Hạnh Thông Tây,1300.0,,
SYSY65,chợ,Chợ An Nhơn,1700.0,,
SYSY65,trường học,Trường Trung học cơ sở&Trung học phổ thông Hồng Hà,536.0,,
SYSY65,trường học,Trường Trung học cơ sở - Trung học phổ thông Bán Trú Nội Trú Hồng Hà - Cơ Sở 4,548.0,,
SYSY65,trường học,Trường Trung học cơ sở Thông Tây Hội (cơ sở 2),853.0,,
SYSY65,bệnh viện,Bệnh viện Đa khoa Gò Vấp,954.0,,
SYSY65,bệnh viện,Bệnh viện Quân y 175,1800.0,,
SYSY65,công viên,Công viên Hòa Bình,813.0,,
SYSY65,công viên,Mercedes Sidewalk park,1700.0,,
SYSY65,công viên,Công viên Khu nhà ở Quân đội,1900.0,,
SYSY65,siêu thị,WinMart,615.0,,
SYSY65,siêu thị,Co.opmart Phan Văn Trị,1500.0,,
SYSY65,trung tâm thương mại,Vincom Plaza Quang Trung,471.0,,
SYSY65,trung tâm thương mại,Saigon Mall Gò Vấp,965.0,,
SYSY65,trung tâm thương mại,Lotte Department Store,1000.0,,
SYR4N5,chợ,Chợ Tân Chánh Hiệp,80.0,,
SYR4N5,chợ,Chợ Trung Chánh,942.0,,
SYR4N5,chợ,Chợ Ngã Ba Bầu,1300.0,,
SYR4N5,trường học,Trung tâm Giáo dục nghề nghiệp - Giáo dục thường xuyên Quận 12,955.0,,
SYR4N5,trường học,Trường Trung học cơ sở Hà Huy Tập,963.0,,
SYR4N5,trường học,Trường Tiểu học Trần Quang Cơ,1000.0,,
SYR4N5,bệnh viện,Bệnh viện Đa khoa Trung Mỹ Tây,1400.0,,
SYR4N5,công viên,Công viên Phần mềm Quang Trung,1200.0,,
SYR4N5,siêu thị,Bách hóa XANH.COM,64.0,,
SYR4N5,siêu thị,Co-opmart Tô Ký,131.0,,
SYR4N5,siêu thị,Siêu thị Co.opmart Nguyễn Ảnh Thủ,1100.0,,
SYR4N5,trung tâm thương mại,Nhà Phân Phối Diana Unicharm,938.0,,
W9G4TR,chợ,Chợ Trần Hữu Trang,524.0,,
W9G4TR,chợ,Chợ Nguyễn Văn Trỗi,672.0,,
W9G4TR,chợ,Chợ Hòa Hưng,851.0,,
W9G4TR,trường học,Trường Trung học cơ sở Đoàn Thị Điểm,247.0,,
W9G4TR,trường học,Trường Tiểu Học Trương Minh Giang,321.0,,
W9G4TR,trường học,Trường Tiểu học Trần Quang Diệu,322.0,,
W9G4TR,bệnh viện,Bệnh viện An Sinh,429.0,,
W9G4TR,bệnh viện,Viện Y Dược học Dân tộc,902.0,,
W9G4TR,bệnh viện,Bệnh viện Đa khoa Phú Nhuận,983.0,,
W9G4TR,công viên,Đài liệt sĩ Quận 3,914.0,,
W9G4TR,công viên,Công viên Chung cư Lê Thị Riêng,1400.0,,
W9G4TR,công viên,Công viên Hoàng Văn Thụ,1800.0,,
W9G4TR,siêu thị,Vin Mart+,207.0,,
W9G4TR,siêu thị,Co.opmart Nhiêu Lộc,399.0,,
W9G4TR,siêu thị,Circle k,402.0,,
W9G4TR,trung tâm thương mại,Vincom Plaza Ba Tháng Hai,1700.0,,
W9G4TR,trung tâm thương mại,Tạp Hóa Thu Bé Bự,1700.0,,
W9G4TR,trung tâm thương mại,MIA  Luggage store,1900.0,,
9ZNGQP,chợ,Bách Hóa Xanh - 2C - 2D Phùng Văn Cung,349.0,,
9ZNGQP,chợ,Chợ Phú Nhuận,438.0,,
9ZNGQP,chợ,Chợ Nguyễn Đình Chiểu,935.0,,
9ZNGQP,trường học,Trường Tiểu học Cầu Kiệu,298.0,,
9ZNGQP,trường học,Anh Văn Hội Việt Mỹ VUS,315.0,,
9ZNGQP,trường học,Trường Tiểu học Trung Nhất,457.0,,
9ZNGQP,bệnh viện,Trạm Y Tế Phường 7 Quận Phú Nhuận,728.0,,
9ZNGQP,bệnh viện,Bệnh viện An Sinh,954.0,,
9ZNGQP,bệnh viện,Bệnh viện Đa khoa Tân Định,992.0,,
9ZNGQP,công viên,Đài liệt sĩ Quận 3,729.0,,
9ZNGQP,công viên,Công viên Văn hóa Phú Nhuận,881.0,,
9ZNGQP,công viên,Công viên Lê Văn Tám,1500.0,,
9ZNGQP,siêu thị,Công ty TNHH Gureumi,250.0,,
9ZNGQP,siêu thị,BambooBebe Việt Nam,251.0,,
9ZNGQP,siêu thị,Co.opmart Rạch Miễu,520.0,,
9ZNGQP,trung tâm thương mại,Tạp Hóa Thu Bé Bự,1100.0,,
9ZNGQP,trung tâm thương mại,MIA  Luggage store,1400.0,,
QAYYZU,chợ,Chợ Vườn Chuối,333.0,,
QAYYZU,chợ,Chợ Thái Bình,592.0,,
QAYYZU,chợ,Chợ Bàn Cờ,676.0,,
QAYYZU,trường học,Trường Trung học cơ sở Kiến Thiết,246.0,,
QAYYZU,trường học,Trường cấp 1 Phan Văn Hân,289.0,,
QAYYZU,trường học,Trường Trung học phổ thông Bùi Thị Xuân,332.0,,
QAYYZU,bệnh viện,Bệnh viện Từ Dũ (khu M),398.0,,
QAYYZU,bệnh viện,Bệnh Viện Mắt Sài Gòn,542.0,,
QAYYZU,bệnh viện,Bệnh viện Bình Dân,582.0,,
QAYYZU,công viên,Công viên Thích Quảng Đức,468.0,,
QAYYZU,công viên,Công viên Phong Châu,626.0,,
QAYYZU,công viên,Công viên Tao Đàn,720.0,,
QAYYZU,siêu thị,FamilyMart,255.0,,
QAYYZU,siêu thị,Grove Fresh,382.0,,
QAYYZU,siêu thị,Co.op Mart,438.0,,
QAYYZU,trung tâm thương mại,Tạp Hóa Anh Duy,216.0,,
QAYYZU,trung tâm thương mại,Saigon Mall Cao Thắng,393.0,,
QAYYZU,trung tâm thương mại,phu quy,527.0,,
ABH1SY,chợ,Chợ Thạnh Xuân,364.0,,
ABH1SY,chợ,Chợ Cầu Đồng,1700.0,,
ABH1SY,trường học,Trường Trung Học Cơ Sở Lương Thế Vinh,442.0,,
ABH1SY,trường học,Trường Tiểu học Hà Huy Giáp,561.0,,
ABH1SY,trường học,Trường Trung học cơ sở Trần Hưng Đạo,673.0,,
YEHTRD,chợ,Chợ Hạnh Thông Tây,515.0,,
YEHTRD,chợ,Chợ An Hội,1300.0,,
YEHTRD,chợ,Chợ Xóm Mới,1500.0,,
YEHTRD,trường học,Trường Trung học phổ thông Nguyễn Công Trứ,327.0,,
YEHTRD,trường học,Trường Tiểu Học Bán Trú - Nội Trú Nhật Tân,511.0,,
YEHTRD,trường học,Trường Tiểu học Lương Thế Vinh,691.0,,
YEHTRD,bệnh viện,Bệnh viện Đa khoa Gò Vấp,808.0,,
YEHTRD,công viên,Công viên Làng Hoa Gò Vấp,274.0,,
YEHTRD,công viên,Mercedes Sidewalk park,296.0,,
YEHTRD,công viên,Isuzu sidewalk park,909.0,,
YEHTRD,siêu thị,Co.opmart SCA Phạm Văn Chiêu,1300.0,,
YEHTRD,siêu thị,WinMart,1400.0,,
YEHTRD,siêu thị,Co-opmart Liên Hiệp Thành phố Hồ Chí Minh,1400.0,,
YEHTRD,trung tâm thương mại,Thế Giới Sữa,1600.0,,
YEHTRD,trung tâm thương mại,669,1600.0,,
YEHTRD,trung tâm thương mại,571,1600.0,,
SDV685,chợ,Chợ Thạnh Xuân,744.0,,
SDV685,trường học,Trường Trung Học Cơ Sở Lương Thế Vinh,752.0,,
SDV685,trường học,Trường Tiểu học Hà Huy Giáp,1100.0,,
SDV685,trường học,Trường Trung học cơ sở Trần Hưng Đạo,1200.0,,
85HXA3,chợ,Chợ Trần Hữu Trang,499.0,,
85HXA3,chợ,Chợ Nguyễn Văn Trỗi,691.0,,
85HXA3,chợ,Chợ Hòa Hưng,883.0,,
85HXA3,trường học,Trường Trung học cơ sở Đoàn Thị Điểm,282.0,,
85HXA3,trường học,Trường Tiểu Học Vạn Tường,324.0,,
85HXA3,trường học,Trường Tiểu học Trần Quang Diệu,340.0,,
85HXA3,bệnh viện,Bệnh viện An Sinh,415.0,,
85HXA3,bệnh viện,Viện Y Dược học Dân tộc,872.0,,
85HXA3,bệnh viện,Bệnh viện Đa khoa Phú Nhuận,951.0,,
85HXA3,công viên,Đài liệt sĩ Quận 3,908.0,,
85HXA3,công viên,Công viên Chung cư Lê Thị Riêng,1400.0,,
85HXA3,công viên,Công viên Hoàng Văn Thụ,1800.0,,
85HXA3,siêu thị,Vin Mart+,173.0,,
85HXA3,siêu thị,Circle k,421.0,,
85HXA3,siêu thị,Bách Hóa Xanh,428.0,,
85HXA3,trung tâm thương mại,Tạp Hóa Thu Bé Bự,1700.0,,
85HXA3,trung tâm thương mại,Vincom Plaza Ba Tháng Hai,1700.0,,
85HXA3,trung tâm thương mại,MIA  Luggage store,1900.0,,
85APS3,chợ,Chợ Hoa Tươi Đầm Sen,363.0,,
85APS3,chợ,Chợ Phú Trung,493.0,,
85APS3,chợ,Chợ Chim Xanh,557.0,,
85APS3,trường học,Trung tâm Giáo dục Thường xuyên Quận 11,141.0,,
85APS3,trường học,Trường Trung học cơ sở Nguyễn Huệ,249.0,,
85APS3,trường học,TT Kỹ Thuật Tổng Hợp Hướng Nghiệp Quận 11,321.0,,
85APS3,bệnh viện,Bệnh viện Đa khoa Lãnh Binh Thăng,1100.0,,
85APS3,bệnh viện,Trung Tâm Hiến Múa Nhân Đạo,1200.0,,
85APS3,bệnh viện,Bệnh viện Trưng Vương,1400.0,,
85APS3,công viên,Công viên Phú Hòa,169.0,,
85APS3,công viên,Công viên Tân Phước,891.0,,
85APS3,công viên,Công viên Lãnh Binh Thăng,906.0,,
85APS3,siêu thị,Siêu Thị Co.opMart - Phú Thọ,757.0,,
85APS3,siêu thị,USAMua - Mua Hàng Mỹ,1500.0,,
85APS3,siêu thị,Siêu Thị Auchan Lũy Bán Bích,1500.0,,
85APS3,trung tâm thương mại,Lotte Department Store,1500.0,,
85APS3,trung tâm thương mại,Bách hóa tổng hợp,1500.0,,
85APS3,trung tâm thương mại,Lotteria,1500.0,,
7KCZFA,chợ,Chợ Hạnh Thông Tây,1400.0,,
7KCZFA,chợ,Chợ An Nhơn,1700.0,,
7KCZFA,trường học,Trường Trung học cơ sở&Trung học phổ thông Hồng Hà,419.0,,
7KCZFA,trường học,Trường Trung học cơ sở - Trung học phổ thông Bán Trú Nội Trú Hồng Hà - Cơ Sở 4,451.0,,
7KCZFA,trường học,Trường Tiểu học Kim Đồng,809.0,,
7KCZFA,bệnh viện,Bệnh viện Đa khoa Gò Vấp,1100.0,,
7KCZFA,bệnh viện,Bệnh viện Quân y 175,1600.0,,
7KCZFA,công viên,Công viên Hòa Bình,920.0,,
7KCZFA,công viên,Công viên Khu nhà ở Quân đội,1800.0,,
7KCZFA,công viên,Mercedes Sidewalk park,1800.0,,
7KCZFA,siêu thị,WinMart,760.0,,
7KCZFA,siêu thị,Co.opmart Phan Văn Trị,1400.0,,
7KCZFA,trung tâm thương mại,Vincom Plaza Quang Trung,383.0,,
7KCZFA,trung tâm thương mại,Saigon Mall Gò Vấp,893.0,,
7KCZFA,trung tâm thương mại,Trung Tâm Mua Sắm Nguyễn Kim Gò Vấp,950.0,,
PNZ1KG,chợ,Chợ Văn Thánh,1300.0,,
PNZ1KG,chợ,Chợ Thảo Điền,1500.0,,
PNZ1KG,chợ,Chợ Bình Triệu,2000.0,,
PNZ1KG,trường học,Trường Trung học cơ sở Thanh Đa,27.0,,
PNZ1KG,trường học,Trường Tiểu Học Thanh Đa,407.0,,
PNZ1KG,trường học,Trường Trung học cơ sở Cù Chính Lan,413.0,,
PNZ1KG,bệnh viện,Family Practice,1600.0,,
PNZ1KG,công viên,Công viên Thanh Đa,435.0,,
PNZ1KG,công viên,Công viên Nhà nghỉ Công đoàn,622.0,,
PNZ1KG,công viên,Công viên bờ sông Thanh Đa,754.0,,
PNZ1KG,siêu thị,Chợ Thanh Đa,375.0,,
PNZ1KG,siêu thị,Co.op Mart,892.0,,
PNZ1KG,siêu thị,"Khu vui chơi, mua sắm Zakka",1000.0,,
PNZ1KG,trung tâm thương mại,Trang Trí Nội Thất - Thái Công,1300.0,,
PNZ1KG,trung tâm thương mại,Gigamall Thủ Đức,1600.0,,
PNZ1KG,trung tâm thương mại,Giga Mall Phạm Văn Đồng,1600.0,,
6U62R8,chợ,Chợ Nancy,114.0,,
6U62R8,chợ,Chợ Cầu Dừa,927.0,,
6U62R8,chợ,Chợ Bàu Sen,950.0,,
6U62R8,trường học,Trường Quốc Tế American,265.0,,
6U62R8,trường học,Trường Trung học cơ sở Ba Đình,522.0,,
6U62R8,trường học,Trường Tiểu học Chương Dương,542.0,,
6U62R8,bệnh viện,Phòng Khám Đa Khoa Thế Giới,524.0,,
6U62R8,bệnh viện,Bệnh Viện Thẩm Mỹ Siam Thailand,536.0,,
6U62R8,bệnh viện,Phòng Thí Nghiệm - Kiểm Tra Sức Khoẻ,917.0,,
6U62R8,công viên,Công viên Dạ Nam,862.0,,
6U62R8,công viên,Công viên Cầu Rạch Ông,863.0,,
6U62R8,công viên,Công viên Phường 2,887.0,,
6U62R8,siêu thị,Mini Stop,726.0,,
6U62R8,siêu thị,Siêu Thị Tiện Lợi US,744.0,,
6U62R8,siêu thị,Circle K,765.0,,
6U62R8,trung tâm thương mại,Tạp Hóa Quỳnh Loan,685.0,,
6U62R8,trung tâm thương mại,Tạp Hóa Trương Thịnh,728.0,,
6U62R8,trung tâm thương mại,Trung Tâm Mua Sắm Nowzone - Nguyễn Văn Cừ,1100.0,,
9Z9XBP,chợ,Chợ An Nhơn,1500.0,,
9Z9XBP,chợ,Chợ Hạnh Thông Tây,1600.0,,
9Z9XBP,chợ,Chợ Gò Vấp,1900.0,,
9Z9XBP,trường học,Trường Trung học cơ sở&Trung học phổ thông Hồng Hà,229.0,,
9Z9XBP,trường học,Trường Trung học cơ sở - Trung học phổ thông Bán Trú Nội Trú Hồng Hà - Cơ Sở 4,247.0,,
9Z9XBP,trường học,Trường Tiểu học Kim Đồng,630.0,,
9Z9XBP,bệnh viện,Bệnh viện Đa khoa Gò Vấp,1200.0,,
9Z9XBP,bệnh viện,Bệnh viện Quân y 175,1500.0,,
9Z9XBP,công viên,Công viên Hòa Bình,831.0,,
9Z9XBP,công viên,Công viên Khu nhà ở Quân đội,1600.0,,
9Z9XBP,công viên,Công viên Gia Định,1900.0,,
9Z9XBP,siêu thị,WinMart,740.0,,
9Z9XBP,siêu thị,Co.opmart Phan Văn Trị,1200.0,,
9Z9XBP,trung tâm thương mại,Vincom Plaza Quang Trung,175.0,,
9Z9XBP,trung tâm thương mại,Saigon Mall Gò Vấp,685.0,,
9Z9XBP,trung tâm thương mại,Trung Tâm Mua Sắm Nguyễn Kim Gò Vấp,751.0,,
7HWMYA,chợ,Chợ Hiệp Thành,593.0,,
7HWMYA,trường học,Trường Trung học cơ sở Tân Thới Hiệp,536.0,,
7HWMYA,trường học,Trường Tiểu học Nguyễn Trãi,735.0,,
7HWMYA,trường học,Trường Trung học phổ thông Võ Trường Toản,813.0,,
7HWMYA,bệnh viện,188 Beauty Spa quận 12 | Viện thẩm mỹ hàng đầu tpHCM,538.0,,
7HWMYA,công viên,Cây xanh,1600.0,,
7HWMYA,công viên,Công Viên Trúc Lâm,1600.0,,
7HWMYA,công viên,The parkland,1700.0,,
7HWMYA,siêu thị,CoopMart Hiệp Thành,519.0,,
7HWMYA,siêu thị,MM Mega Market Hiệp Phú,1800.0,,
7HWMYA,trung tâm thương mại,SuSu,633.0,,
7HWMYA,trung tâm thương mại,thảo nguyên 1A,637.0,,
7HWMYA,trung tâm thương mại,Cửa Hàng Sữa Dony,846.0,,
3SCDZQ,chợ,Chợ Xóm Mới,1700.0,,
3SCDZQ,trường học,Trường Ngoại Ngữ Pixar - Cơ Sở 2,433.0,,
3SCDZQ,trường học,"Trường Mầm non Pathway Tuệ Đức - Cơ sở Lê Thị Riêng, Quận 12",579.0,,
3SCDZQ,trường học,Trường Trung học cơ sở Huỳnh Văn Nghệ,639.0,,
3SCDZQ,công viên,Công viên Chung cư Phú An,824.0,,
3SCDZQ,công viên,"Công viên Gò Sao , Thạnh Xuân, Quận 12",1600.0,,
3SCDZQ,siêu thị,MM Mega Market Hiệp Phú,669.0,,
3SCDZQ,siêu thị,Co.opmart SCA Phạm Văn Chiêu,977.0,,
3SCDZQ,siêu thị,FamilyMart,1500.0,,
3SCDZQ,trung tâm thương mại,Tân phước,461.0,,
3SCDZQ,trung tâm thương mại,thảo nguyên 1A,1900.0,,
GXNQB2,chợ,Chợ Rạch Ông,626.0,,
GXNQB2,chợ,Chợ Nancy,642.0,,
GXNQB2,chợ,Chợ Hòa Bình,760.0,,
GXNQB2,trường học,Trường Tiểu học Trần Danh Lâm,128.0,,
GXNQB2,trường học,Trường Trung học cơ sở Trần Danh Ninh,180.0,,
GXNQB2,trường học,Trường Tiểu học Hàm Tử,320.0,,
GXNQB2,bệnh viện,Phòng Khám Đa Khoa Thế Giới,223.0,,
GXNQB2,bệnh viện,Bệnh viện Tâm thần Thành phố Hồ Chí Minh,502.0,,
GXNQB2,bệnh viện,Bệnh viện Bệnh Nhiệt đới,506.0,,
GXNQB2,công viên,Công viên Dạ Nam,258.0,,
GXNQB2,công viên,Công viên Phường 2,298.0,,
GXNQB2,công viên,Công viên 310A Hưng Phú,742.0,,
GXNQB2,siêu thị,Bách Hóa Xanh,565.0,,
GXNQB2,siêu thị,FamilyMart,1100.0,,
GXNQB2,siêu thị,Circle k,1200.0,,
GXNQB2,trung tâm thương mại,Parc Mall,1200.0,,
GXNQB2,trung tâm thương mại,Trung tâm Thương Mại An Đông Plaza,1300.0,,
GXNQB2,trung tâm thương mại,Tạp Hóa Quỳnh Loan,1400.0,,
0T2QB9,chợ,Chợ Hóc Môn,230.0,,
0T2QB9,trường học,trường tiểu học Trương Văn Ngài,407.0,,
0T2QB9,trường học,Trường Tiểu học Nguyễn An Ninh,601.0,,
0T2QB9,trường học,Trường Trung học phổ thông Lý Thường Kiệt,656.0,,
0T2QB9,bệnh viện,Bệnh viện Đa khoa khu vực Hóc Môn,968.0,,
0T2QB9,công viên,Công viên Thị trấn Hóc Môn,203.0,,
0T2QB9,siêu thị,Co-opmart Đỗ Văn Dậy,551.0,,
0T2QB9,siêu thị,Co.opmart Đỗ Văn Dậy,555.0,,
0T2QB9,siêu thị,CoopMart Hóc Môn,1300.0,,
QAX6WU,chợ,Chợ Thạnh Xuân,1500.0,,
QAX6WU,chợ,Chợ Cầu Đồng,1700.0,,
QAX6WU,trường học,Trường Tiểu học Kim Đồng,1300.0,,
QAX6WU,trường học,Trường Trung Học Cơ Sở Lương Thế Vinh,1400.0,,
QAX6WU,trường học,Trường Trung học cơ sở Trần Hưng Đạo,1500.0,,
QAX6WU,công viên,"Công viên Gò Sao , Thạnh Xuân, Quận 12",693.0,,
QAX6WU,công viên,Công viên Chung cư Phú An,1400.0,,
QAX6WU,siêu thị,WinMart,726.0,,
QAX6WU,siêu thị,FamilyMart,746.0,,
5HTF67,chợ,Chợ Tân Hưng (Chợ Ông Địa),590.0,,
5HTF67,chợ,Chợ Trần Văn Quang,691.0,,
5HTF67,chợ,Chợ Phú Trung,882.0,,
5HTF67,trường học,Trường Tiểu học Trưng Trắc,237.0,,
5HTF67,trường học,Trường Trung học cơ sở Phạm Ngọc Thạch,273.0,,
5HTF67,trường học,Trung tâm Dạy nghề Quận 11,278.0,,
5HTF67,bệnh viện,Trung Tâm Hiến Múa Nhân Đạo,551.0,,
5HTF67,bệnh viện,Bệnh viện Trưng Vương,969.0,,
5HTF67,bệnh viện,Bệnh viện Đa khoa Tân Phú,1500.0,,
5HTF67,công viên,Công viên Tân Phước,203.0,,
5HTF67,công viên,Công viên Phú Hòa,853.0,,
5HTF67,công viên,Công viên Lãnh Binh Thăng,1200.0,,
5HTF67,siêu thị,Siêu Thị Co.opMart - Phú Thọ,408.0,,
5HTF67,siêu thị,MiniMart,1400.0,,
5HTF67,siêu thị,VinMart+,1500.0,,
5HTF67,trung tâm thương mại,Bách hóa tổng hợp,1200.0,,
5HTF67,trung tâm thương mại,Lotte Department Store,1400.0,,
5HTF67,trung tâm thương mại,Lotteria,1400.0,,
DENDVH,chợ,Chợ Cầu Đồng,127.0,,
DENDVH,chợ,Chợ Vườn Lài,1200.0,,
DENDVH,chợ,Chợ Thạnh Xuân,1500.0,,
DENDVH,trường học,Trường Trung học phổ thông Thạnh Lộc,930.0,,
DENDVH,trường học,Trường Trung học cơ sở An Phú Đông,950.0,,
DENDVH,trường học,Trường Tiểu Học Phạm Văn Chiêu,1000.0,,
DENDVH,công viên,"Công viên Gò Sao , Thạnh Xuân, Quận 12",2000.0,,
DENDVH,siêu thị,Xường công nghệ cao,2000.0,,
DENDVH,trung tâm thương mại,Tạp hóa Hiền Trâm,1600.0,,
7KJCMA,chợ,Chợ Xóm Mới,1300.0,,
7KJCMA,chợ,Chợ An Hội,1400.0,,
7KJCMA,chợ,Chợ Cầu,1900.0,,
7KJCMA,trường học,Trường Tiểu học Lam Sơn,182.0,,
7KJCMA,trường học,Trường Ngoại Ngữ Pixar - Cơ Sở 2,510.0,,
7KJCMA,trường học,Trường Tiểu học Lê Quý Đôn,622.0,,
7KJCMA,công viên,Công viên Làng Hoa Gò Vấp,1200.0,,
7KJCMA,công viên,Isuzu sidewalk park,1500.0,,
7KJCMA,công viên,Công viên Chung cư Phú An,1500.0,,
7KJCMA,siêu thị,Co.opmart SCA Phạm Văn Chiêu,169.0,,
7KJCMA,siêu thị,MM Mega Market Hiệp Phú,1400.0,,
7KJCMA,siêu thị,Co-opmart Liên Hiệp Thành phố Hồ Chí Minh,1500.0,,
7KJCMA,trung tâm thương mại,Tân phước,1300.0,,
7KJCMA,trung tâm thương mại,Thế Giới Sữa,1700.0,,
7KJCMA,trung tâm thương mại,669,1800.0,,
7KFCTA,chợ,Chợ Cầu Đồng,811.0,,
7KFCTA,chợ,Chợ Vườn Lài,979.0,,
7KFCTA,chợ,Chợ Thạnh Xuân,1900.0,,
7KFCTA,trường học,Trường Trung học cơ sở An Phú Đông,1100.0,,
7KFCTA,trường học,Trường Mầm Non Bông Hồng,1100.0,,
7KFCTA,trường học,Trường Tiểu Học Phạm Văn Chiêu,1200.0,,
7KFCTA,siêu thị,Xường công nghệ cao,1600.0,,
7KFCTA,trung tâm thương mại,Tạp hóa Hiền Trâm,1300.0,,
UYHX3S,chợ,Khu chợ nhỏ,111.0,,
UYHX3S,chợ,Chợ Nguyễn Tri Phương,420.0,,
UYHX3S,chợ,Chợ Nhật Tảo,528.0,,
UYHX3S,trường học,Trường Quốc tế Việt Úc,207.0,,
UYHX3S,trường học,Trường Tiểu học Lê Đình Chinh,348.0,,
UYHX3S,trường học,Trường Trung học cơ sở và Trung học phổ thông Diên Hồng,415.0,,
UYHX3S,bệnh viện,Bệnh viện Trưng Vương,460.0,,
UYHX3S,bệnh viện,Viện Tim Thành phố Hồ Chí Minh,741.0,,
UYHX3S,bệnh viện,Bệnh viện Nhi đồng 1,795.0,,
UYHX3S,công viên,Công viên nội bộ chung cư Hòa Bình,217.0,,
UYHX3S,công viên,Công viên Hoa hồng,354.0,,
UYHX3S,công viên,Phố đi bộ đêm Kỳ đài Quang Trung,424.0,,
UYHX3S,siêu thị,VinMart+,174.0,,
UYHX3S,siêu thị,Co.opmart Mini,198.0,,
UYHX3S,siêu thị,Của Hàng Tạp Hóa TA,203.0,,
UYHX3S,trung tâm thương mại,Vạn Hạnh Mall,799.0,,
UYHX3S,trung tâm thương mại,Lotte Department Store,824.0,,
UYHX3S,trung tâm thương mại,Lotteria,848.0,,
1UU186,chợ,Chợ Cầu,415.0,,
1UU186,chợ,Chợ An Hội,769.0,,
1UU186,chợ,Chợ An Sương,2000.0,,
1UU186,trường học,AVSE,100.0,,
1UU186,trường học,Trường Tiểu học An Hội,293.0,,
1UU186,trường học,Trường Trung học cơ sở Phạm Văn Chiêu,331.0,,
1UU186,bệnh viện,Bệnh viện Đa khoa Trung Mỹ Tây,1900.0,,
1UU186,công viên,Isuzu sidewalk park,1200.0,,
1UU186,công viên,Công viên Phần mềm Quang Trung,1500.0,,
1UU186,công viên,Công viên Làng Hoa Gò Vấp,2000.0,,
1UU186,siêu thị,Emart Phan Huy Ích,490.0,,
1UU186,siêu thị,Co-opmart Liên Hiệp Thành phố Hồ Chí Minh,675.0,,
1UU186,siêu thị,Co.opmart SCA Phạm Văn Chiêu,1700.0,,
1UU186,trung tâm thương mại,Nhà Phân Phối Diana Unicharm,1900.0,,
GXNAR2,chợ,Chợ Xóm Mới,555.0,,
GXNAR2,chợ,Chợ An Nhơn,1900.0,,
GXNAR2,trường học,Trường Tiểu Học Lê Hoàn - Cơ Sở 2,320.0,,
GXNAR2,trường học,Trường Trung học cơ sở Nguyễn Trãi,558.0,,
GXNAR2,trường học,Trường Tiểu học Phan Chu Trinh - cơ sở 1,699.0,,
GXNAR2,bệnh viện,Phòng Khám Đa Khoa Hữu Nghị,1500.0,,
GXNAR2,công viên,"Công viên Gò Sao , Thạnh Xuân, Quận 12",1100.0,,
GXNAR2,công viên,Công viên Chung cư Phú An,1500.0,,
GXNAR2,công viên,Công viên Làng Hoa Gò Vấp,1700.0,,
GXNAR2,siêu thị,FamilyMart,1200.0,,
GXNAR2,siêu thị,WinMart,1200.0,,
GXNAR2,siêu thị,Co.opmart SCA Phạm Văn Chiêu,1400.0,,
GXNAR2,trung tâm thương mại,Thế Giới Sữa,754.0,,
GXNAR2,trung tâm thương mại,669,789.0,,
GXNAR2,trung tâm thương mại,571,841.0,,
ACKW9Y,chợ,Chợ Cây Quéo,179.0,,
ACKW9Y,chợ,Bách Hóa Xanh - 2C - 2D Phùng Văn Cung,838.0,,
ACKW9Y,chợ,Chợ Nguyễn Đình Chiểu,850.0,,
ACKW9Y,trường học,Trường Tiểu Học Nguyễn Bá Ngọc,173.0,,
ACKW9Y,trường học,Trường Trung học phổ thông Phan Đăng Lưu,217.0,,
ACKW9Y,trường học,Trường Tiểu Học Đông Ba,439.0,,
ACKW9Y,bệnh viện,Trạm Y Tế Phường 7 Quận Phú Nhuận,414.0,,
ACKW9Y,bệnh viện,Bệnh viện Ung bướu,775.0,,
ACKW9Y,bệnh viện,Bệnh viện Nhân dân Gia Định,808.0,,
ACKW9Y,công viên,Công viên Văn hóa Phú Nhuận,592.0,,
ACKW9Y,công viên,Công viên Gia Định,1400.0,,
ACKW9Y,công viên,Công viên trung tâm HCA,1700.0,,
ACKW9Y,siêu thị,Cửa Hàng Tiện Lợi Shop&Go!,827.0,,
ACKW9Y,siêu thị,WinMart,866.0,,
ACKW9Y,siêu thị,Co.opmart Rạch Miễu,963.0,,
ACKW9Y,trung tâm thương mại,Tạp Hóa Thu Bé Bự,2000.0,,
W9M9TR,chợ,Chợ Bình Long,1500.0,,
W9M9TR,chợ,Chợ Tân Hương,1900.0,,
W9M9TR,trường học,Trường Tiểu học Bình Thuận,116.0,,
W9M9TR,trường học,Trường Tiểu học Lạc Hồng,723.0,,
W9M9TR,trường học,Trường Trung học cơ sở Lạc Long Quân,758.0,,
W9M9TR,bệnh viện,Trạm Y Tế phường Bình Hưng Hòa,308.0,,
W9M9TR,công viên,Công viên Gia Phú,2000.0,,
W9M9TR,siêu thị,Bách Hóa Xanh,1100.0,,
W9M9TR,siêu thị,Bách Hóa XXanh 175C Đường Số 8,1300.0,,
W9M9TR,siêu thị,Chả cua Huế,1700.0,,
W9M9TR,trung tâm thương mại,Cửa Hàng Thực Phẩm Tiện Lợi Satra Food,1600.0,,
W9M9TR,trung tâm thương mại,Nhà đậu xe Aeon Mall Tân Phú Celadon;Commercial_AEONMallTanPhu Storie 4,1900.0,,
RPMVGJ,chợ,Chợ Hoa Tươi Đầm Sen,504.0,,
RPMVGJ,chợ,Chợ Phú Trung,535.0,,
RPMVGJ,chợ,Chợ Chim Xanh,589.0,,
RPMVGJ,trường học,TT Kỹ Thuật Tổng Hợp Hướng Nghiệp Quận 11,220.0,,
RPMVGJ,trường học,Trường Trung học cơ sở Nguyễn Huệ,235.0,,
RPMVGJ,trường học,Trường Tiểu học Trần Văn Ơn,244.0,,
RPMVGJ,bệnh viện,Trung Tâm Hiến Múa Nhân Đạo,1100.0,,
RPMVGJ,bệnh viện,Bệnh viện Đa khoa Lãnh Binh Thăng,1200.0,,
RPMVGJ,bệnh viện,Bệnh viện Trưng Vương,1300.0,,
RPMVGJ,công viên,Công viên Phú Hòa,314.0,,
RPMVGJ,công viên,Công viên Tân Phước,742.0,,
RPMVGJ,công viên,Công viên Lãnh Binh Thăng,931.0,,
RPMVGJ,siêu thị,Siêu Thị Co.opMart - Phú Thọ,631.0,,
RPMVGJ,siêu thị,USAMua - Mua Hàng Mỹ,1600.0,,
RPMVGJ,siêu thị,Siêu Thị Auchan Lũy Bán Bích,1600.0,,
RPMVGJ,trung tâm thương mại,Bách hóa tổng hợp,1400.0,,
RPMVGJ,trung tâm thương mại,Lotte Department Store,1400.0,,
RPMVGJ,trung tâm thương mại,Lotteria,1500.0,,
8SK7F3,chợ,Chợ Hạnh Thông Tây,1300.0,,
8SK7F3,chợ,Chợ An Nhơn,1700.0,,
8SK7F3,trường học,Trường Trung học cơ sở&Trung học phổ thông Hồng Hà,547.0,,
8SK7F3,trường học,Trường Trung học cơ sở - Trung học phổ thông Bán Trú Nội Trú Hồng Hà - Cơ Sở 4,564.0,,
8SK7F3,trường học,Trường Trung học cơ sở Thông Tây Hội (cơ sở 2),872.0,,
8SK7F3,bệnh viện,Bệnh viện Đa khoa Gò Vấp,972.0,,
8SK7F3,bệnh viện,Bệnh viện Quân y 175,1700.0,,
8SK7F3,công viên,Công viên Hòa Bình,858.0,,
8SK7F3,công viên,Mercedes Sidewalk park,1700.0,,
8SK7F3,công viên,Công viên Khu nhà ở Quân đội,1900.0,,
8SK7F3,siêu thị,WinMart,656.0,,
8SK7F3,siêu thị,Co.opmart Phan Văn Trị,1500.0,,
8SK7F3,trung tâm thương mại,Vincom Plaza Quang Trung,489.0,,
8SK7F3,trung tâm thương mại,Saigon Mall Gò Vấp,990.0,,
8SK7F3,trung tâm thương mại,Trung Tâm Mua Sắm Nguyễn Kim Gò Vấp,1100.0,,
5DDMX7,chợ,Chợ An Hội,1400.0,,
5DDMX7,chợ,Chợ Xóm Mới,1500.0,,
5DDMX7,chợ,Chợ Cầu,1700.0,,
5DDMX7,trường học,Trường Tiểu học Lam Sơn,313.0,,
5DDMX7,trường học,Trường Tiểu học Lê Quý Đôn,410.0,,
5DDMX7,trường học,Trường Trung học cơ sở Huỳnh Văn Nghệ,457.0,,
5DDMX7,công viên,Công viên Làng Hoa Gò Vấp,1400.0,,
5DDMX7,công viên,Isuzu sidewalk park,1500.0,,
5DDMX7,công viên,Công viên Chung cư Phú An,1600.0,,
5DDMX7,siêu thị,Co.opmart SCA Phạm Văn Chiêu,384.0,,
5DDMX7,siêu thị,MM Mega Market Hiệp Phú,1300.0,,
5DDMX7,siêu thị,Co-opmart Liên Hiệp Thành phố Hồ Chí Minh,1400.0,,
5DDMX7,trung tâm thương mại,Tân phước,1200.0,,
5DDMX7,trung tâm thương mại,Thế Giới Sữa,2000.0,,
5DDMX7,trung tâm thương mại,669,2000.0,,
UXW0S5,chợ,Chợ Bình Triệu,916.0,,
UXW0S5,trường học,Trường Tiểu học Bình Lợi Trung,502.0,,
UXW0S5,trường học,Trường Trung học cơ sở Bình Lợi Trung,623.0,,
UXW0S5,trường học,Trường Tiểu học Bình Lợi Trung - Cơ sở 2,647.0,,
UXW0S5,bệnh viện,Bệnh viện Đại học Quốc tế Hồng Bàng,1300.0,,
UXW0S5,công viên,Công viên Đặng Thùy Trâm,791.0,,
UXW0S5,công viên,Công viên Bến Hải,1500.0,,
UXW0S5,công viên,Công viên KDC Thành Ủy,1700.0,,
UXW0S5,siêu thị,Siêu thị Điện máy XANH,793.0,,
UXW0S5,siêu thị,Mazda Bình Triệu,804.0,,
UXW0S5,siêu thị,Siêu thị Co.opMart Bình Triệu,999.0,,
UXW0S5,trung tâm thương mại,Tạp hóa Hoàng Dũng,1400.0,,
UXW0S5,trung tâm thương mại,Giga Mall Phạm Văn Đồng,1700.0,,
UXW0S5,trung tâm thương mại,Gigamall Thủ Đức,1700.0,,
ETWJ4W,chợ,Chợ Tân Thuận,620.0,,
ETWJ4W,chợ,Chợ Cư xá Ngân hàng,1500.0,,
ETWJ4W,trường học,"Trường Mầm non - Tiểu học - Trung học cơ sở Pathway Tuệ Đức - Cơ sở Eco Green, Quận 7",835.0,,
ETWJ4W,trường học,Trường Tiểu học Kim Đồng,900.0,,
ETWJ4W,trường học,Trường ĐH Tài chính - Marketing,947.0,,
ETWJ4W,bệnh viện,BỆNH VIỆN MẮT,1300.0,,
ETWJ4W,công viên,Eco Green Central Park,899.0,,
ETWJ4W,công viên,Công viên Tôn Thất Thuyết,990.0,,
ETWJ4W,công viên,Công Viên Sala,1700.0,,
ETWJ4W,siêu thị,Southern AEON Citimart Tân Thuận,953.0,,
ETWJ4W,siêu thị,WinMart,1400.0,,
ETWJ4W,siêu thị,BHX 163 Trần Trọng Cung,1600.0,,
ETWJ4W,trung tâm thương mại,Vincom Plus Nam Long Quận 7,1500.0,,
ETWJ4W,trung tâm thương mại,Tiệm Đồ Hồi Giáo,1600.0,,
ETWJ4W,trung tâm thương mại,SALA Shopping Mall Thiso mall,1900.0,,
8YW4G3,chợ,Chợ Sơn Kỳ,716.0,,
8YW4G3,chợ,Chợ Võ Thành Trang,1200.0,,
8YW4G3,chợ,Chợ Tân Trụ,1500.0,,
8YW4G3,trường học,Trường Trung học phổ thông Vĩnh Viễn,285.0,,
8YW4G3,trường học,Trường Trung học phổ thông Nam Việt,302.0,,
8YW4G3,trường học,Trường Trung học cơ sở & Trung học phổ thông Nhân Văn,339.0,,
8YW4G3,bệnh viện,Yoga trị liệu l Ci Yoga Therapy CN Celadon,1500.0,,
8YW4G3,bệnh viện,Bệnh Viện Đa Khoa Mỹ Đức,1600.0,,
8YW4G3,công viên,Công viên Nguyễn Sỹ Sách,1800.0,,
8YW4G3,công viên,Công viên Bàu Cát 3,2000.0,,
8YW4G3,siêu thị,Big C,562.0,,
8YW4G3,siêu thị,Pandora Trường Chinh,583.0,,
8YW4G3,siêu thị,Cửa Hàng 137FoodMart,941.0,,
8YW4G3,trung tâm thương mại,Nhà đậu xe Aeon Mall Tân Phú Celadon;Commercial_AEONMallTanPhu Storie 4,1400.0,,
SHDVR5,chợ,Chợ Thạnh Xuân,483.0,,
SHDVR5,chợ,Chợ Cầu Đồng,1700.0,,
SHDVR5,trường học,Trường Trung Học Cơ Sở Lương Thế Vinh,563.0,,
SHDVR5,trường học,Trường Tiểu học Hà Huy Giáp,612.0,,
SHDVR5,trường học,Trường Trung học cơ sở Trần Hưng Đạo,719.0,,
R29HBJ,chợ,Chợ Cầu Đồng,626.0,,
R29HBJ,chợ,Chợ Vườn Lài,951.0,,
R29HBJ,chợ,Chợ Thạnh Xuân,1800.0,,
R29HBJ,trường học,Trường Trung học cơ sở An Phú Đông,965.0,,
R29HBJ,trường học,Trường Mầm Non Bông Hồng,1000.0,,
R29HBJ,trường học,Trường Tiểu Học Phạm Văn Chiêu,1000.0,,
R29HBJ,siêu thị,Xường công nghệ cao,1600.0,,
R29HBJ,trung tâm thương mại,Tạp hóa Hiền Trâm,1300.0,,
0TPWV9,chợ,Chợ Huỳnh Văn Chính,369.0,,
0TPWV9,chợ,Chợ Trần Văn Quang,504.0,,
0TPWV9,chợ,Chợ Tân Hưng (Chợ Ông Địa),970.0,,
0TPWV9,trường học,Trường Tiểu học Phú Thọ Hòa,114.0,,
0TPWV9,trường học,Trươờng Tiểu học Lê Thị Hồng Gấm,295.0,,
0TPWV9,trường học,Trường Trung học cơ sở Thoại Ngọc Hầu,345.0,,
0TPWV9,bệnh viện,Bệnh viện Đa khoa Tân Phú,296.0,,
0TPWV9,bệnh viện,Bệnh viện 1A,1200.0,,
0TPWV9,bệnh viện,Bệnh viện Thống Nhất,1400.0,,
0TPWV9,công viên,Công viên Tân Phú,845.0,,
0TPWV9,công viên,Công viên Tân Phước,1200.0,,
0TPWV9,công viên,Công viên Bàu Cát 3,1300.0,,
0TPWV9,siêu thị,Siêu thị GO! Âu Cơ,949.0,,
0TPWV9,siêu thị,USAMua - Mua Hàng Mỹ,1200.0,,
0TPWV9,siêu thị,WinMart,1400.0,,
0TPWV9,trung tâm thương mại,Bách hóa tổng hợp,281.0,,
0TPWV9,trung tâm thương mại,Cửa Hàng Gạo Hạt Ngọc Trời,1900.0,,
QANQ8U,chợ,Chợ Thạnh Xuân,589.0,,
QANQ8U,chợ,Chợ Cầu Đồng,1100.0,,
QANQ8U,trường học,Trường Tiểu học Hà Huy Giáp,335.0,,
QANQ8U,trường học,Trường Trung học cơ sở Trần Hưng Đạo,351.0,,
QANQ8U,trường học,Trường Trung học phổ thông Thạnh Lộc,382.0,,
2MEQ8Z,chợ,Chợ An Hội,191.0,,
2MEQ8Z,chợ,Chợ Cầu,985.0,,
2MEQ8Z,chợ,Chợ Hạnh Thông Tây,1900.0,,
2MEQ8Z,trường học,Trường Trung học cơ sở Phạm Văn Chiêu,264.0,,
2MEQ8Z,trường học,Trường Tiểu học An Hội,290.0,,
2MEQ8Z,trường học,Trường Trung học phổ thông Lý Thái Tổ,361.0,,
2MEQ8Z,công viên,Isuzu sidewalk park,658.0,,
2MEQ8Z,công viên,Công viên Làng Hoa Gò Vấp,1500.0,,
2MEQ8Z,công viên,Mercedes Sidewalk park,1500.0,,
2MEQ8Z,siêu thị,Co-opmart Liên Hiệp Thành phố Hồ Chí Minh,92.0,,
2MEQ8Z,siêu thị,Emart Phan Huy Ích,643.0,,
2MEQ8Z,siêu thị,Co.opmart SCA Phạm Văn Chiêu,1500.0,,
AC2JCY,chợ,Chợ Thạnh Xuân,1300.0,,
AC2JCY,chợ,Chợ Cầu Đồng,1500.0,,
AC2JCY,trường học,Trường Trung Học Cơ Sở Lương Thế Vinh,1300.0,,
AC2JCY,trường học,Trường Trung học cơ sở Trần Hưng Đạo,1300.0,,
AC2JCY,trường học,Trường Trung học phổ thông Thạnh Lộc,1400.0,,
AC2JCY,công viên,"Công viên Gò Sao , Thạnh Xuân, Quận 12",830.0,,
AC2JCY,công viên,Công viên Chung cư Phú An,1600.0,,
AC2JCY,siêu thị,WinMart,883.0,,
AC2JCY,siêu thị,FamilyMart,901.0,,
6SYC18,chợ,Chợ Thạnh Xuân,553.0,,
6SYC18,chợ,Chợ Cầu Đồng,2000.0,,
6SYC18,trường học,Trường Trung Học Cơ Sở Lương Thế Vinh,605.0,,
6SYC18,trường học,Trường Tiểu học Hà Huy Giáp,852.0,,
6SYC18,trường học,Trường Trung học cơ sở Trần Hưng Đạo,963.0,,
37H7VQ,chợ,Chợ Nguyễn Đình Chiểu,315.0,,
37H7VQ,chợ,Bách Hóa Xanh - 2C - 2D Phùng Văn Cung,780.0,,
37H7VQ,chợ,Chợ Phú Nhuận,943.0,,
37H7VQ,trường học,Trung Tâm Ngoại Ngữ Dương Minh,358.0,,
37H7VQ,trường học,Trường Tiểu học Cổ Loa,386.0,,
37H7VQ,trường học,Trường Trung học cơ sở Độc Lập,528.0,,
37H7VQ,bệnh viện,Trạm Y Tế Phường 7 Quận Phú Nhuận,771.0,,
37H7VQ,bệnh viện,Bệnh viện Đa khoa Phú Nhuận,966.0,,
37H7VQ,bệnh viện,Viện Y Dược học Dân tộc,1100.0,,
37H7VQ,công viên,Công viên Văn hóa Phú Nhuận,1200.0,,
37H7VQ,công viên,Đài liệt sĩ Quận 3,1300.0,,
37H7VQ,công viên,Công viên Gia Định,1300.0,,
37H7VQ,siêu thị,CO.OP Mart Nguyễn Kiệm,766.0,,
37H7VQ,siêu thị,BambooBebe Việt Nam,946.0,,
37H7VQ,siêu thị,Công ty TNHH Gureumi,947.0,,
37H7VQ,trung tâm thương mại,Tạp Hóa Thu Bé Bự,1800.0,,
37H7VQ,trung tâm thương mại,Toà Nhà Parkson CT Plaza,2000.0,,
ACE68Y,chợ,Chợ Rạch Cát,273.0,,
ACE68Y,chợ,Chợ Phú Định,785.0,,
ACE68Y,chợ,Chợ Phú Lợi 2,902.0,,
ACE68Y,trường học,Trường Trung học cơ sở Bình Đông,370.0,,
ACE68Y,trường học,Trường Tiểu học Nguyễn Trung Ngạn,407.0,,
ACE68Y,trường học,Trường Tiểu học Lưu Hữu Phước,491.0,,
ACE68Y,siêu thị,Satra Foods,1000.0,,
85ASJ3,chợ,Chợ Xóm Mới,288.0,,
85ASJ3,chợ,Chợ Hạnh Thông Tây,1500.0,,
85ASJ3,chợ,Chợ An Nhơn,1600.0,,
85ASJ3,trường học,Trường Trung học cơ sở Phan Tây Hồ,140.0,,
85ASJ3,trường học,Trường Trung học phổ thông PHÙNG HƯNG,270.0,,
85ASJ3,trường học,Trường Tiểu Học Phan Chu Trinh- Cơ Sở 2,277.0,,
85ASJ3,bệnh viện,Bệnh viện Đa khoa Gò Vấp,1500.0,,
85ASJ3,bệnh viện,Phòng Khám Đa Khoa Hữu Nghị,1500.0,,
85ASJ3,công viên,Công viên Làng Hoa Gò Vấp,1100.0,,
85ASJ3,công viên,Công viên Hòa Bình,1400.0,,
85ASJ3,công viên,Mercedes Sidewalk park,1500.0,,
85ASJ3,siêu thị,Co.opmart SCA Phạm Văn Chiêu,1300.0,,
85ASJ3,siêu thị,WinMart,1500.0,,
85ASJ3,siêu thị,FamilyMart,2000.0,,
85ASJ3,trung tâm thương mại,Thế Giới Sữa,367.0,,
85ASJ3,trung tâm thương mại,669,394.0,,
85ASJ3,trung tâm thương mại,571,465.0,,
5HKJ47,chợ,Chợ An Nhơn,665.0,,
5HKJ47,chợ,Chợ Gò Vấp,1800.0,,
5HKJ47,chợ,Chợ Hạnh Thông Tây,1900.0,,
5HKJ47,trường học,Trường Trung học cơ sở - Trung học phổ thông Bán Trú Nội Trú Hồng Hà - Cơ Sở 4,721.0,,
5HKJ47,trường học,Trường Trung học cơ sở&Trung học phổ thông Hồng Hà,796.0,,
5HKJ47,trường học,Trường Tiểu học Kim Đồng,819.0,,
5HKJ47,bệnh viện,Phòng Khám Đa Khoa Hữu Nghị,1400.0,,
5HKJ47,bệnh viện,Bệnh viện Đa khoa Gò Vấp,1500.0,,
5HKJ47,bệnh viện,Bệnh viện Quân y 175,2000.0,,
5HKJ47,công viên,Công viên Hòa Bình,633.0,,
5HKJ47,công viên,Công viên Khu nhà ở Quân đội,1200.0,,
5HKJ47,công viên,Công viên Văn hóa Gò Vấp,1400.0,,
5HKJ47,siêu thị,WinMart,878.0,,
5HKJ47,siêu thị,Co.opmart Phan Văn Trị,958.0,,
5HKJ47,siêu thị,Winmart,1600.0,,
5HKJ47,trung tâm thương mại,Saigon Mall Gò Vấp,467.0,,
5HKJ47,trung tâm thương mại,Lotte Department Store,568.0,,
5HKJ47,trung tâm thương mại,Trung Tâm Mua Sắm Nguyễn Kim Gò Vấp,666.0,,
6SUXJ8,chợ,Chợ Liên Ấp 123,1200.0,,
6SUXJ8,trường học,Trường Tiểu học Trí Tuệ Việt,950.0,,
6SUXJ8,trường học,Trường Tiểu học Lại Hùng Cường,1000.0,,
6SUXJ8,trường học,Trường Tiểu học Ngô Quyền,1100.0,,
6SUXJ8,công viên,Công viên Hồ trái tim,923.0,,
6SUXJ8,trung tâm thương mại,Công Ty TNHH Trang Thiết Bị Bảo Hộ Thiên Phúc,546.0,,
6SUXJ8,trung tâm thương mại,Dịch Vụ Mua Hàng Tại Mỹ,603.0,,
5HY617,chợ,Chợ Rạch Ông,211.0,,
5HY617,chợ,Chợ Nancy,1100.0,,
5HY617,chợ,Chợ Hòa Bình,1500.0,,
5HY617,trường học,Trường Tiểu Học Rạch Ông,129.0,,
5HY617,trường học,Trường Trung học cơ sở Dương Bá Trạc,217.0,,
5HY617,trường học,Trường tiểu học Nguyễn Trực,312.0,,
5HY617,bệnh viện,Bệnh viện Phục hồi chức năng - Điều trị bệnh nghề nghiệp,534.0,,
5HY617,bệnh viện,Phòng Khám Đa Khoa Thế Giới,783.0,,
5HY617,bệnh viện,Bệnh viện Đa khoa Tân Hưng,1100.0,,
5HY617,công viên,Công viên Phường 2,558.0,,
5HY617,công viên,Công viên Dạ Nam,594.0,,
5HY617,công viên,Công viên Cầu Rạch Ông,877.0,,
5HY617,siêu thị,Bách Hóa Xanh,545.0,,
5HY617,siêu thị,Siêu Thị Tiện Lợi Citi Mart,857.0,,
5HY617,siêu thị,AEON Tạ Quang Bửu,1200.0,,
5HY617,trung tâm thương mại,Parc Mall,1100.0,,
5HY617,trung tâm thương mại,Tạp Hóa Quỳnh Loan,1600.0,,
5HY617,trung tâm thương mại,Lotte Department Store,1600.0,,
RG95AJ,chợ,Chợ Bàu Sen,170.0,,
RG95AJ,chợ,Circle K,496.0,,
RG95AJ,chợ,Chợ Hòa Bình,689.0,,
RG95AJ,trường học,Trường Tiểu học Bàu Sen,219.0,,
RG95AJ,trường học,Trường Tiểu học Trần Bình Trọng - Khu B,323.0,,
RG95AJ,trường học,Trường Trung học cơ sở Ba Đình,412.0,,
RG95AJ,bệnh viện,Viện thấm mỹ Bác sĩ Minh,114.0,,
RG95AJ,bệnh viện,Bệnh viện Thân Dân,203.0,,
RG95AJ,bệnh viện,Bệnh viện Chấn thương Chỉnh hình,277.0,,
RG95AJ,công viên,Công viên Chợ Quán,449.0,,
RG95AJ,công viên,Công viên Hòa Bình,697.0,,
RG95AJ,công viên,Bãi Cỏ - Trần Nhân Tôn,708.0,,
RG95AJ,siêu thị,Circle k,532.0,,
RG95AJ,siêu thị,FamilyMart,556.0,,
RG95AJ,siêu thị,Siêu Thị Mela,598.0,,
RG95AJ,trung tâm thương mại,Trung tâm Thương Mại An Đông Plaza,575.0,,
RG95AJ,trung tâm thương mại,Trung Tâm Mua Sắm Nowzone - Nguyễn Văn Cừ,967.0,,
RG95AJ,trung tâm thương mại,Trung Tâm Mua Sắm Nowzone,971.0,,
1Q7HY6,chợ,Chợ Bình Trưng,585.0,,
1Q7HY6,chợ,Chợ Cây Xoài,1200.0,,
1Q7HY6,chợ,Co.op Mart,2000.0,,
1Q7HY6,trường học,Trường tiểu học Giồng Ông Tố,184.0,,
1Q7HY6,trường học,Trường Trung học cơ sở Giồng Ông Tố,406.0,,
1Q7HY6,trường học,Trường Trung học phổ thông Giồng Ông Tố,432.0,,
1Q7HY6,bệnh viện,Bệnh viện Lê Văn Thịnh,1100.0,,
1Q7HY6,bệnh viện,Trạm Y tế phường Bình Trưng Đông,1500.0,,
1Q7HY6,bệnh viện,Bệnh viện Quốc tế Mỹ AIH,1600.0,,
1Q7HY6,công viên,Công viên Lê Hữu Kiều,361.0,,
1Q7HY6,công viên,Công viên Ngã Ba An Phú,1000.0,,
1Q7HY6,công viên,Công viên Hà Đô,1100.0,,
1Q7HY6,siêu thị,WinMart,172.0,,
1Q7HY6,siêu thị,SatraFoods,256.0,,
1Q7HY6,siêu thị,Siêu thị Bách hóa XANH,540.0,,
1Q7HY6,trung tâm thương mại,Vincom Quận 2,807.0,,
GNX5E2,chợ,Chợ Hạnh Thông Tây,1000.0,,
GNX5E2,chợ,Chợ An Nhơn,1700.0,,
GNX5E2,trường học,Trường Trung học cơ sở Thông Tây Hội (cơ sở 2),592.0,,
GNX5E2,trường học,Trường Tiểu học Nguyễn Thị Minh Khai,619.0,,
GNX5E2,trường học,Trường Tiểu học Chi Lăng,790.0,,
GNX5E2,bệnh viện,Bệnh viện Đa khoa Gò Vấp,688.0,,
GNX5E2,công viên,Công viên Hòa Bình,814.0,,
GNX5E2,công viên,Mercedes Sidewalk park,1400.0,,
GNX5E2,công viên,Công viên Làng Hoa Gò Vấp,1700.0,,
GNX5E2,siêu thị,WinMart,538.0,,
GNX5E2,siêu thị,Co.opmart Phan Văn Trị,1800.0,,
GNX5E2,trung tâm thương mại,Vincom Plaza Quang Trung,735.0,,
GNX5E2,trung tâm thương mại,Lotte Department Store,1100.0,,
GNX5E2,trung tâm thương mại,Saigon Mall Gò Vấp,1200.0,,
JZZW20,chợ,Chợ Bình Thới,303.0,,
JZZW20,chợ,Chợ Phú Lâm,1000.0,,
JZZW20,chợ,Chợ Minh Phụng,1100.0,,
JZZW20,trường học,Trường Trung học cơ sở Lê Anh Xuân,224.0,,
JZZW20,trường học,Trường Trung học cơ sở Nguyễn Văn Phú,246.0,,
JZZW20,trường học,Trường Tiểu học Hưng Việt,304.0,,
JZZW20,bệnh viện,Bệnh viện Đa khoa Lãnh Binh Thăng,912.0,,
JZZW20,bệnh viện,Bệnh viện Đa khoa Bình Phú,1600.0,,
JZZW20,công viên,Công Viên Văn hóa Đầm Sen,696.0,,
JZZW20,công viên,Lương Thế Vinh,1200.0,,
JZZW20,công viên,Công viên Dương Đình Nghệ,1200.0,,
JZZW20,siêu thị,Co.opMart Phú Lâm,875.0,,
JZZW20,siêu thị,Bách Hóa XANH,988.0,,
JZZW20,siêu thị,Co.opmart Hậu Giang,1100.0,,
JZZW20,trung tâm thương mại,The Garden Mall,1800.0,,
JZZW20,trung tâm thương mại,Lotte Department Store,2000.0,,
JZZW20,trung tâm thương mại,Lotteria,2000.0,,
KWBFFC,chợ,Chợ Thái Bình,330.0,,
KWBFFC,chợ,Chợ Chiều,676.0,,
KWBFFC,chợ,Chợ Cô Giang,758.0,,
KWBFFC,trường học,Trường Trung học cơ sở Chu Văn An,245.0,,
KWBFFC,trường học,Trường Tiểu học Trần Hưng Đạo,289.0,,
KWBFFC,trường học,Trường Tiểu học Kết Đoàn,510.0,,
KWBFFC,bệnh viện,Bệnh viện Răng Hàm Mặt Thành phố Hồ Chí Minh,432.0,,
KWBFFC,bệnh viện,Bệnh Viện Thẩm Mỹ Siam Thailand,453.0,,
KWBFFC,bệnh viện,Bệnh viện Từ Dũ (khu M),569.0,,
KWBFFC,công viên,Công viên Phong Châu,615.0,,
KWBFFC,công viên,Công viên Âu Lạc,756.0,,
KWBFFC,công viên,Công viên 23 tháng 9,952.0,,
KWBFFC,siêu thị,Circle K,133.0,,
KWBFFC,siêu thị,Mini Stop,247.0,,
KWBFFC,siêu thị,C&C,266.0,,
KWBFFC,trung tâm thương mại,Tạp Hóa Hùng Hà,288.0,,
KWBFFC,trung tâm thương mại,Tạp Hóa Trương Thịnh,534.0,,
KWBFFC,trung tâm thương mại,Trung Tâm Mua Sắm Nowzone,595.0,,
JZGFZ0,chợ,Chợ Đông Thạnh,1100.0,,
JZGFZ0,trường học,Trường Tiểu học Thới Thạnh,697.0,,
JZGFZ0,trường học,Trường Trung học cơ sở Đặng Thúc Vịnh,738.0,,
JZGFZ0,trường học,Trường Trung học phổ thông Nguyễn Hữu Tiến,827.0,,
JZGFZ0,công viên,Công viên Rạch Tra,790.0,,
40YY2F,chợ,Bách Hóa Xanh - 2C - 2D Phùng Văn Cung,311.0,,
40YY2F,chợ,Chợ Phú Nhuận,470.0,,
40YY2F,chợ,Chợ Tân Định,987.0,,
40YY2F,trường học,Anh Văn Hội Việt Mỹ VUS,333.0,,
40YY2F,trường học,Trường Tiểu học Cầu Kiệu,376.0,,
40YY2F,trường học,Trường Tiểu học Trung Nhất,538.0,,
40YY2F,bệnh viện,Trạm Y Tế Phường 7 Quận Phú Nhuận,719.0,,
40YY2F,bệnh viện,Bệnh viện Đa khoa Tân Định,934.0,,
40YY2F,bệnh viện,Bệnh viện An Sinh,1000.0,,
40YY2F,công viên,Đài liệt sĩ Quận 3,739.0,,
40YY2F,công viên,Công viên Văn hóa Phú Nhuận,829.0,,
40YY2F,công viên,Công viên Lê Văn Tám,1400.0,,
40YY2F,siêu thị,Công ty TNHH Gureumi,164.0,,
40YY2F,siêu thị,BambooBebe Việt Nam,165.0,,
40YY2F,siêu thị,Co.opmart Rạch Miễu,442.0,,
40YY2F,trung tâm thương mại,Tạp Hóa Thu Bé Bự,1000.0,,
40YY2F,trung tâm thương mại,MIA  Luggage store,1300.0,,
UYT0XS,chợ,Chợ An Nhơn,400.0,,
UYT0XS,chợ,Chợ Xóm Mới,1400.0,,
UYT0XS,trường học,Trường Trung học cơ sở Lý Tự Trọng,541.0,,
UYT0XS,trường học,Trường Tiểu học Lê Đức Thọ,585.0,,
UYT0XS,trường học,Trường Giáo dục Chuyên biệt Hy Vọng,665.0,,
UYT0XS,bệnh viện,Phòng Khám Đa Khoa Hữu Nghị,526.0,,
UYT0XS,bệnh viện,Bệnh viện Đa khoa Gò Vấp,1900.0,,
UYT0XS,công viên,Công viên Hòa Bình,1100.0,,
UYT0XS,công viên,Công viên Văn hóa Gò Vấp,1100.0,,
UYT0XS,công viên,Công viên Khu nhà ở Quân đội,1900.0,,
UYT0XS,siêu thị,WinMart,1400.0,,
UYT0XS,siêu thị,Co.opmart Phan Văn Trị,1800.0,,
UYT0XS,trung tâm thương mại,Thu giang,460.0,,
UYT0XS,trung tâm thương mại,Thiên hương,768.0,,
UYT0XS,trung tâm thương mại,571,821.0,,
UY2NJS,chợ,Chợ Hạnh Thông Tây,570.0,,
UY2NJS,chợ,Chợ An Nhơn,1900.0,,
UY2NJS,trường học,Trường Trung học cơ sở Thông Tây Hội (cơ sở 2),240.0,,
UY2NJS,trường học,Trường Tiểu học Nguyễn Thị Minh Khai,290.0,,
UY2NJS,trường học,Trường Tiểu học Chi Lăng,356.0,,
UY2NJS,bệnh viện,Bệnh viện Đa khoa Gò Vấp,295.0,,
UY2NJS,công viên,Mercedes Sidewalk park,940.0,,
UY2NJS,công viên,Công viên Hòa Bình,948.0,,
UY2NJS,công viên,Công viên Làng Hoa Gò Vấp,1300.0,,
UY2NJS,siêu thị,WinMart,644.0,,
UY2NJS,trung tâm thương mại,Vincom Plaza Quang Trung,1200.0,,
UY2NJS,trung tâm thương mại,Lotte Department Store,1200.0,,
UY2NJS,trung tâm thương mại,Saigon Mall Gò Vấp,1600.0,,
6SHYZ8,chợ,Chợ An Hội,846.0,,
6SHYZ8,chợ,Chợ Cầu,1500.0,,
6SHYZ8,chợ,Chợ Xóm Mới,1700.0,,
6SHYZ8,trường học,Trường Tiểu học Lam Sơn,430.0,,
6SHYZ8,trường học,Trường Tiểu học Lương Thế Vinh,677.0,,
6SHYZ8,trường học,Trường Trung học phổ thông Lý Thái Tổ,725.0,,
6SHYZ8,bệnh viện,Bệnh viện Đa khoa Gò Vấp,2000.0,,
6SHYZ8,công viên,Isuzu sidewalk park,995.0,,
6SHYZ8,công viên,Công viên Làng Hoa Gò Vấp,1000.0,,
6SHYZ8,công viên,Mercedes Sidewalk park,1400.0,,
6SHYZ8,siêu thị,Co.opmart SCA Phạm Văn Chiêu,578.0,,
6SHYZ8,siêu thị,Co-opmart Liên Hiệp Thành phố Hồ Chí Minh,896.0,,
6SHYZ8,siêu thị,Emart Phan Huy Ích,1500.0,,
6SHYZ8,trung tâm thương mại,Tân phước,1700.0,,
402MMF,chợ,Chợ Thạnh Xuân,553.0,,
402MMF,chợ,Chợ Cầu Đồng,2000.0,,
402MMF,trường học,Trường Trung Học Cơ Sở Lương Thế Vinh,605.0,,
402MMF,trường học,Trường Tiểu học Hà Huy Giáp,852.0,,
402MMF,trường học,Trường Trung học cơ sở Trần Hưng Đạo,963.0,,
7KB14A,chợ,Chợ Chim Xanh,314.0,,
7KB14A,chợ,Chợ Hoa Tươi Đầm Sen,518.0,,
7KB14A,chợ,Chợ Bình Thới,808.0,,
7KB14A,trường học,Trường Tiểu học Phùng Hưng,360.0,,
7KB14A,trường học,Hệ Thống Trường Việt Mỹ,372.0,,
7KB14A,trường học,Trung tâm Giáo dục Thường xuyên Quận 11,378.0,,
7KB14A,bệnh viện,Bệnh viện Đa khoa Lãnh Binh Thăng,638.0,,
7KB14A,bệnh viện,Trung Tâm Hiến Múa Nhân Đạo,1500.0,,
7KB14A,bệnh viện,Bệnh viện Trưng Vương,1600.0,,
7KB14A,công viên,Công viên Phú Hòa,363.0,,
7KB14A,công viên,Công viên Lãnh Binh Thăng,570.0,,
7KB14A,công viên,Công viên Dương Đình Nghệ,613.0,,
7KB14A,siêu thị,Siêu Thị Co.opMart - Phú Thọ,971.0,,
7KB14A,siêu thị,Siêu Thị Auchan Lũy Bán Bích,1700.0,,
7KB14A,siêu thị,Bách Hóa XANH,1700.0,,
7KB14A,trung tâm thương mại,Lotte Department Store,1300.0,,
7KB14A,trung tâm thương mại,Lotteria,1300.0,,
7KB14A,trung tâm thương mại,The Garden Mall,1700.0,,
377DSQ,chợ,Circle K,310.0,,
377DSQ,chợ,Chợ Bàu Sen,441.0,,
377DSQ,chợ,Chợ Nancy,442.0,,
377DSQ,trường học,Trường Trung học cơ sở Ba Đình,150.0,,
377DSQ,trường học,Trường Tiểu học Trần Bình Trọng - Khu B,154.0,,
377DSQ,trường học,Trường Quốc Tế American,292.0,,
377DSQ,bệnh viện,Phòng Thí Nghiệm - Kiểm Tra Sức Khoẻ,394.0,,
377DSQ,bệnh viện,Bệnh Viện Thẩm Mỹ Siam Thailand,437.0,,
377DSQ,bệnh viện,Viện thấm mỹ Bác sĩ Minh,471.0,,
377DSQ,công viên,Công viên Chợ Quán,773.0,,
377DSQ,công viên,Công viên Âu Lạc,793.0,,
377DSQ,công viên,Bãi Cỏ - Trần Nhân Tôn,928.0,,
377DSQ,siêu thị,FamilyMart,298.0,,
377DSQ,siêu thị,Mini Stop,851.0,,
377DSQ,siêu thị,Siêu Thị Tiện Lợi US,932.0,,
377DSQ,trung tâm thương mại,Trung Tâm Mua Sắm Nowzone - Nguyễn Văn Cừ,700.0,,
377DSQ,trung tâm thương mại,Trung Tâm Mua Sắm Nowzone,703.0,,
377DSQ,trung tâm thương mại,Trung tâm Thương Mại An Đông Plaza,1000.0,,
9T2CXP,chợ,Chợ Rạch Ông,769.0,,
9T2CXP,chợ,Chợ Nancy,1100.0,,
9T2CXP,chợ,Chợ Cầu Dừa,1100.0,,
9T2CXP,trường học,Trung Tâm Ngoại Ngữ,408.0,,
9T2CXP,trường học,Trường tiểu học Nguyễn Trực,517.0,,
9T2CXP,trường học,Trường Trung học cơ sở Dương Bá Trạc,562.0,,
9T2CXP,bệnh viện,Bệnh viện Đa khoa Tân Hưng,476.0,,
9T2CXP,bệnh viện,Bệnh viện Phước An,910.0,,
9T2CXP,bệnh viện,Phòng Khám Đa Khoa Thế Giới,1000.0,,
9T2CXP,công viên,Công viên Cầu Rạch Ông,335.0,,
9T2CXP,công viên,Công viên Phường 2,1000.0,,
9T2CXP,công viên,Công viên Dạ Nam,1000.0,,
9T2CXP,siêu thị,Siêu Thị Tiện Lợi Citi Mart,634.0,,
9T2CXP,siêu thị,Co.op Food - Nguyễn Khoái,769.0,,
9T2CXP,siêu thị,Bách Hóa Xanh,1100.0,,
9T2CXP,trung tâm thương mại,Tạp Hóa Quỳnh Loan,1200.0,,
9T2CXP,trung tâm thương mại,Lotte Department Store,1300.0,,
9T2CXP,trung tâm thương mại,LOTTE Mart Quận 7,1300.0,,
0ZGKP9,chợ,Chợ Cầu Dừa,967.0,,
0ZGKP9,chợ,Chợ Tân Kiểng 1,1000.0,,
0ZGKP9,chợ,Chợ Long Kiểng,1000.0,,
0ZGKP9,trường học,Trường Trung học cơ sở Nguyễn Huệ,498.0,,
0ZGKP9,trường học,Trung Tâm Ngoại Ngữ Quốc Tế Mỹ - Việt Nam,528.0,,
0ZGKP9,trường học,Trường Trung học cơ sở Quang Trung,534.0,,
0ZGKP9,bệnh viện,Bệnh viện Đa khoa Tân Hưng,151.0,,
0ZGKP9,bệnh viện,Bệnh viện Phước An,521.0,,
0ZGKP9,bệnh viện,Nha Khoa SingDent,1200.0,,
0ZGKP9,công viên,Công viên Cầu Rạch Ông,356.0,,
0ZGKP9,công viên,Công viên Khánh Hội,802.0,,
0ZGKP9,công viên,Công viên Phường 5,906.0,,
0ZGKP9,siêu thị,Co.op Food - Nguyễn Khoái,636.0,,
0ZGKP9,siêu thị,Siêu Thị Tiện Lợi Citi Mart,755.0,,
0ZGKP9,siêu thị,Co.op Food,862.0,,
0ZGKP9,trung tâm thương mại,Tạp Hóa Quỳnh Loan,1200.0,,
0ZGKP9,trung tâm thương mại,Lotte Department Store,1200.0,,
0ZGKP9,trung tâm thương mại,LOTTE Mart Quận 7,1200.0,,
2XV34Z,chợ,Chợ Cây Điệp,483.0,,
2XV34Z,chợ,Chợ Cây Quéo,767.0,,
2XV34Z,chợ,Chợ Gò Vấp,1200.0,,
2XV34Z,trường học,Trung Tâm Dạy Nghề Bình Thạnh,475.0,,
2XV34Z,trường học,Trường tiểu học Nguyễn Thượng Hiền,685.0,,
2XV34Z,trường học,Trường Tiểu học Phan Văn Trị,766.0,,
2XV34Z,bệnh viện,Bệnh viện Ung bướu,1000.0,,
2XV34Z,bệnh viện,Bệnh viện Nhân dân Gia Định,1100.0,,
2XV34Z,bệnh viện,Bệnh Viện Quốc Tế Columbia Asia,1200.0,,
2XV34Z,công viên,Công viên trung tâm HCA,1200.0,,
2XV34Z,công viên,Công viên Văn hóa Phú Nhuận,1200.0,,
2XV34Z,công viên,Công viên Bến Hải,1400.0,,
2XV34Z,siêu thị,WinMart,597.0,,
2XV34Z,siêu thị,Siêu Thị Bình Hòa,740.0,,
2XV34Z,siêu thị,Cửa Hàng Tiện Lợi Shop&Go!,882.0,,
2XV34Z,trung tâm thương mại,Trung Tâm Thương Mại Vincom Plaza Gò Vấp,1500.0,,
2XV34Z,trung tâm thương mại,GO! Go Vap,1800.0,,
5DDEB7,chợ,Chợ Hạnh Thông Tây,1200.0,,
5DDEB7,chợ,Chợ An Nhơn,1800.0,,
5DDEB7,trường học,Trường Trung học cơ sở&Trung học phổ thông Hồng Hà,690.0,,
5DDEB7,trường học,Trường Trung học cơ sở - Trung học phổ thông Bán Trú Nội Trú Hồng Hà - Cơ Sở 4,711.0,,
5DDEB7,trường học,Trường Trung học cơ sở Thông Tây Hội (cơ sở 2),805.0,,
5DDEB7,bệnh viện,Bệnh viện Đa khoa Gò Vấp,898.0,,
5DDEB7,bệnh viện,Bệnh viện Quân y 175,1800.0,,
5DDEB7,công viên,Công viên Hòa Bình,935.0,,
5DDEB7,công viên,Mercedes Sidewalk park,1600.0,,
5DDEB7,công viên,Công viên Làng Hoa Gò Vấp,1900.0,,
5DDEB7,siêu thị,WinMart,696.0,,
5DDEB7,siêu thị,Co.opmart Phan Văn Trị,1700.0,,
5DDEB7,trung tâm thương mại,Vincom Plaza Quang Trung,636.0,,
5DDEB7,trung tâm thương mại,Saigon Mall Gò Vấp,1100.0,,
5DDEB7,trung tâm thương mại,Lotte Department Store,1200.0,,
3N11Q3,chợ,Chợ Cây Điệp,1400.0,,
3N11Q3,chợ,Chợ Bình Triệu,1600.0,,
3N11Q3,chợ,Chợ Gò Vấp,1800.0,,
3N11Q3,trường học,Trường Trung học cơ sở Rạng Đông,440.0,,
3N11Q3,trường học,Trường Tiểu học Bình Hòa,522.0,,
3N11Q3,trường học,Trường Tiểu học Bình Lợi Trung - Cơ sở 2,591.0,,
3N11Q3,công viên,Công viên trung tâm HCA,950.0,,
3N11Q3,công viên,Công viên Bến Hải,1200.0,,
3N11Q3,công viên,Công viên Tầm Vu,1200.0,,
3N11Q3,siêu thị,Siêu Thị Mini Bình Minh,394.0,,
3N11Q3,siêu thị,Siêu Thị Bình Hòa,818.0,,
3N11Q3,siêu thị,WinMart,859.0,,
3N11Q3,trung tâm thương mại,Trung Tâm Thương Mại Vincom Plaza Gò Vấp,1700.0,,
DDQ5HF,chợ,Chợ Tân Thuận,822.0,,
DDQ5HF,chợ,Chợ Cư xá Ngân hàng,1400.0,,
DDQ5HF,trường học,"Trường Mầm non - Tiểu học - Trung học cơ sở Pathway Tuệ Đức - Cơ sở Eco Green, Quận 7",521.0,,
DDQ5HF,trường học,Trường Tiểu học Kim Đồng,572.0,,
DDQ5HF,trường học,Trường ĐH Tài chính - Marketing,879.0,,
DDQ5HF,bệnh viện,BỆNH VIỆN MẮT,933.0,,
DDQ5HF,bệnh viện,Bệnh viện Đa khoa Nguyễn Thị Thập,1800.0,,
DDQ5HF,công viên,Eco Green Central Park,607.0,,
DDQ5HF,công viên,Công viên Tôn Thất Thuyết,1100.0,,
DDQ5HF,siêu thị,Southern AEON Citimart Tân Thuận,750.0,,
DDQ5HF,siêu thị,WinMart,1100.0,,
DDQ5HF,siêu thị,BHX 163 Trần Trọng Cung,1300.0,,
DDQ5HF,trung tâm thương mại,Vincom Plus Nam Long Quận 7,1100.0,,
DDQ5HF,trung tâm thương mại,Tiệm Đồ Hồi Giáo,1200.0,,
7CK0BA,chợ,Chợ Xóm Mới,862.0,,
7CK0BA,chợ,Chợ Hạnh Thông Tây,1100.0,,
7CK0BA,chợ,Chợ An Nhơn,1200.0,,
7CK0BA,trường học,Trường Trung học phổ thông PHÙNG HƯNG,354.0,,
7CK0BA,trường học,Trường Trung học cơ sở Nguyễn Du,444.0,,
7CK0BA,trường học,Trường Tiểu học Võ Thị Sáu,448.0,,
7CK0BA,bệnh viện,Bệnh viện Đa khoa Gò Vấp,997.0,,
7CK0BA,bệnh viện,Phòng Khám Đa Khoa Hữu Nghị,1500.0,,
7CK0BA,công viên,Công viên Hòa Bình,817.0,,
7CK0BA,công viên,Công viên Làng Hoa Gò Vấp,1000.0,,
7CK0BA,công viên,Mercedes Sidewalk park,1300.0,,
7CK0BA,siêu thị,WinMart,891.0,,
7CK0BA,siêu thị,Co.opmart SCA Phạm Văn Chiêu,1700.0,,
7CK0BA,trung tâm thương mại,Thiên hương,635.0,,
7CK0BA,trung tâm thương mại,669,651.0,,
7CK0BA,trung tâm thương mại,571,653.0,,
1S3KF6,chợ,Chợ Hạnh Thông Tây,467.0,,
1S3KF6,chợ,Chợ Xóm Mới,1500.0,,
1S3KF6,chợ,Chợ An Nhơn,1700.0,,
1S3KF6,trường học,Trường Tiểu học Nguyễn Thị Minh Khai,179.0,,
1S3KF6,trường học,Trường Trung học cơ sở Thông Tây Hội (cơ sở 2),231.0,,
1S3KF6,trường học,Trường Tiểu học Chi Lăng,374.0,,
1S3KF6,bệnh viện,Bệnh viện Đa khoa Gò Vấp,238.0,,
1S3KF6,công viên,Công viên Hòa Bình,772.0,,
1S3KF6,công viên,Mercedes Sidewalk park,820.0,,
1S3KF6,công viên,Công viên Làng Hoa Gò Vấp,946.0,,
1S3KF6,siêu thị,WinMart,554.0,,
1S3KF6,siêu thị,Co.opmart SCA Phạm Văn Chiêu,1900.0,,
1S3KF6,trung tâm thương mại,Lotte Department Store,932.0,,
1S3KF6,trung tâm thương mại,Vincom Plaza Quang Trung,1300.0,,
1S3KF6,trung tâm thương mại,Thiên hương,1400.0,,
J2YNW0,chợ,Chợ Gò Vấp,983.0,,
J2YNW0,chợ,Chợ An Nhơn,1900.0,,
J2YNW0,chợ,Chợ Cây Quéo,1900.0,,
J2YNW0,trường học,Trường Tiểu học Kim Đồng,481.0,,
J2YNW0,trường học,Trường Trung học cơ sở&Trung học phổ thông Hồng Hà,768.0,,
J2YNW0,trường học,Trường Trung học cơ sở Gò Vấp 2,791.0,,
J2YNW0,bệnh viện,Bệnh viện Quân y 175,664.0,,
J2YNW0,công viên,Công viên Khu nhà ở Quân đội,1000.0,,
J2YNW0,công viên,Công viên Gia Định,1300.0,,
J2YNW0,công viên,Công viên Hòa Bình,1600.0,,
J2YNW0,siêu thị,Co.opmart Phan Văn Trị,721.0,,
J2YNW0,siêu thị,Lẩu cá kèo,1200.0,,
J2YNW0,siêu thị,Winmart,1600.0,,
J2YNW0,trung tâm thương mại,GO! Go Vap,252.0,,
J2YNW0,trung tâm thương mại,Trung Tâm Mua Sắm Nguyễn Kim Gò Vấp,639.0,,
J2YNW0,trung tâm thương mại,Saigon Mall Gò Vấp,826.0,,
850M13,chợ,Chợ Thạnh Xuân,859.0,,
850M13,chợ,Chợ Cầu Đồng,885.0,,
850M13,chợ,Chợ Vườn Lài,2000.0,,
850M13,trường học,Trường Trung học phổ thông Thạnh Lộc,381.0,,
850M13,trường học,Trường Trung học cơ sở Trần Hưng Đạo,483.0,,
850M13,trường học,Trường Tiểu học Hà Huy Giáp,540.0,,
7KJU0A,chợ,Chợ Phú Nhuận,372.0,,
7KJU0A,chợ,Bách Hóa Xanh - 2C - 2D Phùng Văn Cung,482.0,,
7KJU0A,chợ,Chợ Tân Định,798.0,,
7KJU0A,trường học,Trường Trung học cơ sở Văn Lang,384.0,,
7KJU0A,trường học,Trường Tiểu học Cầu Kiệu,417.0,,
7KJU0A,trường học,Anh Văn Hội Việt Mỹ VUS,535.0,,
7KJU0A,bệnh viện,Bệnh viện Đa khoa Tân Định,742.0,,
7KJU0A,bệnh viện,Trạm Y Tế Phường 7 Quận Phú Nhuận,906.0,,
7KJU0A,bệnh viện,Bệnh viện An Sinh,928.0,,
7KJU0A,công viên,Đài liệt sĩ Quận 3,579.0,,
7KJU0A,công viên,Công viên Văn hóa Phú Nhuận,958.0,,
7KJU0A,công viên,Công viên Lê Văn Tám,1200.0,,
7KJU0A,siêu thị,Công ty TNHH Gureumi,155.0,,
7KJU0A,siêu thị,BambooBebe Việt Nam,158.0,,
7KJU0A,siêu thị,Co.opmart Rạch Miễu,511.0,,
7KJU0A,trung tâm thương mại,Tạp Hóa Thu Bé Bự,818.0,,
7KJU0A,trung tâm thương mại,MIA  Luggage store,1100.0,,
J262G0,chợ,Chợ Gò Vấp,380.0,,
J262G0,chợ,Chợ An Nhơn,1900.0,,
J262G0,chợ,Chợ Cây Điệp,2000.0,,
J262G0,trường học,Trường Tiểu Học Trần Quốc Toản,153.0,,
J262G0,trường học,Trường Trung học cơ sở Gò Vấp 2,246.0,,
J262G0,trường học,Trường Trung Học Phổ Thông Phan Văn Trị,292.0,,
J262G0,bệnh viện,Bệnh viện Quân y 175,1200.0,,
J262G0,công viên,Công viên Khu nhà ở Quân đội,389.0,,
J262G0,công viên,Công viên Bến Hải,791.0,,
J262G0,công viên,Công viên Đặng Thùy Trâm,1500.0,,
J262G0,siêu thị,Lẩu cá kèo,251.0,,
J262G0,siêu thị,Co.opmart Phan Văn Trị,631.0,,
J262G0,siêu thị,Winmart,746.0,,
J262G0,trung tâm thương mại,Trung Tâm Thương Mại Vincom Plaza Gò Vấp,224.0,,
J262G0,trung tâm thương mại,GO! Go Vap,776.0,,
J262G0,trung tâm thương mại,Trung Tâm Mua Sắm Nguyễn Kim Gò Vấp,1100.0,,
7KR6WA,chợ,Chợ Thạnh Xuân,1200.0,,
7KR6WA,trường học,Trường Trung học cơ sở Tô Ngọc Vân,270.0,,
7KR6WA,trường học,Trường Trung Học Cơ Sở Lương Thế Vinh,1200.0,,
7KR6WA,trường học,Trường Tiểu học Hà Huy Giáp,1300.0,,
0Z6189,chợ,Chợ An Hội,1500.0,,
0Z6189,chợ,Chợ Tân Trụ,1500.0,,
0Z6189,chợ,Chợ Lạc Quang,1600.0,,
0Z6189,trường học,Trường Tiểu học Phan Huy Ích,317.0,,
0Z6189,trường học,Trường Trung học cơ sở &Trung học phổ thông Bạch Đằng,341.0,,
0Z6189,trường học,Trường Trung học cơ sở-Trung học phổ thông Bắc Sơn,721.0,,
0Z6189,bệnh viện,Bệnh viện Đa khoa Tâm Trí Sài Gòn,1400.0,,
0Z6189,công viên,Công viên Nguyễn Sỹ Sách,1300.0,,
0Z6189,công viên,CÔNG VIÊN 8XLUS,1400.0,,
0Z6189,công viên,Isuzu sidewalk park,1600.0,,
0Z6189,siêu thị,WinMart,867.0,,
0Z6189,siêu thị,Siêu Thị Tiện Lợi Citi Mart,936.0,,
0Z6189,siêu thị,Emart Phan Huy Ích,1100.0,,
YBF5GD,chợ,Chợ Thạnh Xuân,749.0,,
YBF5GD,trường học,Trường Trung học cơ sở Tô Ngọc Vân,744.0,,
YBF5GD,trường học,Trường Trung Học Cơ Sở Lương Thế Vinh,819.0,,
YBF5GD,trường học,Trường Tiểu học Hà Huy Giáp,976.0,,
SDKYT5,chợ,Chợ Hiệp Thành,304.0,,
SDKYT5,trường học,Trường Trung học cơ sở Tân Thới Hiệp,529.0,,
SDKYT5,trường học,Trường Tiểu học Nguyễn Thái Bình,691.0,,
SDKYT5,trường học,Trường Trung học cơ sở Nguyễn Chí Thanh,706.0,,
SDKYT5,bệnh viện,188 Beauty Spa quận 12 | Viện thẩm mỹ hàng đầu tpHCM,116.0,,
SDKYT5,công viên,Công Viên Trúc Lâm,1200.0,,
SDKYT5,công viên,Cây xanh,1200.0,,
SDKYT5,công viên,The parkland,1300.0,,
SDKYT5,siêu thị,CoopMart Hiệp Thành,113.0,,
SDKYT5,siêu thị,MM Mega Market Hiệp Phú,1700.0,,
SDKYT5,trung tâm thương mại,SuSu,352.0,,
SDKYT5,trung tâm thương mại,thảo nguyên 1A,900.0,,
SDKYT5,trung tâm thương mại,Cửa Hàng Sữa Dony,1300.0,,
UYDFGS,chợ,Chợ Bình Trị Đông,636.0,,
UYDFGS,chợ,Chợ Kiến Đức,1100.0,,
UYDFGS,chợ,Chợ Cây Da Sà,1400.0,,
UYDFGS,trường học,Trường Trung học cơ sở Bình Trị Đông A,416.0,,
UYDFGS,trường học,Trường Trung học cơ sở Bình Trị Đông B,569.0,,
UYDFGS,trường học,Trường Trung học cơ sở Bình Trị Đông,855.0,,
UYDFGS,bệnh viện,Bệnh viện Đa khoa Bình Tân,579.0,,
UYDFGS,bệnh viện,Bệnh Viện Quốc Tế Minh Anh,1700.0,,
UYDFGS,công viên,Công viên Đường số 25,986.0,,
UYDFGS,công viên,Công viên Da Sà,1400.0,,
UYDFGS,công viên,Cong Vien khu pho 9,1600.0,,
UYDFGS,siêu thị,Siêu thị Co.opmart Bình Tân 2,759.0,,
UYDFGS,siêu thị,Túi Giấy Giá Rẻ,872.0,,
UYDFGS,siêu thị,Bách Hóa Xanh,988.0,,
EJJWM4,chợ,Chợ Lạc Quang,950.0,,
EJJWM4,chợ,Chợ Tân Trụ,1600.0,,
EJJWM4,trường học,Trường Trung học cơ sở&Trung học phổ thông Mỹ Việt,313.0,,
EJJWM4,trường học,"Trường Tiểu Học Trung học cơ sở&Trung học phổ thông Tuệ Đức - Cơ sở Tân Thới Nhất 17, Quận 12",356.0,,
EJJWM4,trường học,Trường Trung học cơ sở Hà Huy Tập,467.0,,
EJJWM4,bệnh viện,Bệnh viện Đa khoa Tâm Trí Sài Gòn,487.0,,
EJJWM4,công viên,CÔNG VIÊN 8XLUS,440.0,,
EJJWM4,công viên,Công viên Thuận Kiều,910.0,,
EJJWM4,công viên,Công viên Nguyễn Sỹ Sách,1700.0,,
EJJWM4,siêu thị,Tạp Hóa Chú 8,357.0,,
EJJWM4,siêu thị,Kho Hàng Hùng Hậu,362.0,,
EJJWM4,siêu thị,Co.opmart,379.0,,
UYY5BS,chợ,Chợ Cầu Đồng,511.0,,
UYY5BS,chợ,Chợ Thạnh Xuân,1400.0,,
UYY5BS,chợ,Chợ Vườn Lài,1400.0,,
UYY5BS,trường học,Trường Trung học phổ thông Thạnh Lộc,754.0,,
UYY5BS,trường học,Trường Trung học cơ sở Trần Hưng Đạo,921.0,,
UYY5BS,trường học,Trường Tiểu học Hà Huy Giáp,1000.0,,
UYY5BS,trung tâm thương mại,Tạp hóa Hiền Trâm,1800.0,,
ACKWGY,chợ,Chợ Thạnh Xuân,618.0,,
ACKWGY,chợ,Chợ Cầu Đồng,1800.0,,
ACKWGY,trường học,Trường Trung Học Cơ Sở Lương Thế Vinh,697.0,,
ACKWGY,trường học,Trường Tiểu học Hà Huy Giáp,753.0,,
ACKWGY,trường học,Trường Trung học cơ sở Tô Ngọc Vân,825.0,,
YBCF5D,chợ,Chợ Thạnh Xuân,854.0,,
YBCF5D,chợ,Chợ Cầu Đồng,1400.0,,
YBCF5D,trường học,Trường Trung Học Cơ Sở Lương Thế Vinh,776.0,,
YBCF5D,trường học,Trường Trung học cơ sở Trần Hưng Đạo,946.0,,
YBCF5D,trường học,Trường Tiểu học Hà Huy Giáp,950.0,,
YBCF5D,công viên,"Công viên Gò Sao , Thạnh Xuân, Quận 12",1300.0,,
YBCF5D,siêu thị,WinMart,1400.0,,
YBCF5D,siêu thị,FamilyMart,1400.0,,
85UVF3,chợ,Chợ Thạnh Xuân,1100.0,,
85UVF3,chợ,Chợ Cầu Đồng,1600.0,,
85UVF3,trường học,Trường Trung Học Cơ Sở Lương Thế Vinh,975.0,,
85UVF3,trường học,Trường Trung học cơ sở Trần Hưng Đạo,1200.0,,
85UVF3,trường học,Trường Tiểu học Hà Huy Giáp,1200.0,,
85UVF3,công viên,"Công viên Gò Sao , Thạnh Xuân, Quận 12",1200.0,,
85UVF3,công viên,Công viên Chung cư Phú An,1800.0,,
85UVF3,siêu thị,WinMart,1200.0,,
85UVF3,siêu thị,FamilyMart,1200.0,,
SYGFG5,chợ,Chợ Bàu Sen,395.0,,
SYGFG5,chợ,Chợ Hòa Bình,455.0,,
SYGFG5,chợ,Chợ An Đông,694.0,,
SYGFG5,trường học,Trường Trung học cơ sở Kim Đồng,245.0,,
SYGFG5,trường học,Trường Tiểu học Huỳnh Mẫn Đạt,252.0,,
SYGFG5,trường học,Trường Tiểu học Hàm Tử,379.0,,
SYGFG5,bệnh viện,Bệnh viện Chấn thương Chỉnh hình,78.0,,
SYGFG5,bệnh viện,Bệnh viện Thân Dân,93.0,,
SYGFG5,bệnh viện,Bệnh viện Bệnh Nhiệt đới,225.0,,
SYGFG5,công viên,Công viên Chợ Quán,570.0,,
SYGFG5,công viên,Công viên 310A Hưng Phú,667.0,,
SYGFG5,công viên,Công viên Hòa Bình,781.0,,
SYGFG5,siêu thị,Circle k,544.0,,
SYGFG5,siêu thị,Siêu Thị Mela,589.0,,
SYGFG5,siêu thị,Familymart,649.0,,
SYGFG5,trung tâm thương mại,Trung tâm Thương Mại An Đông Plaza,561.0,,
SYGFG5,trung tâm thương mại,Trung Tâm Mua Sắm Nowzone - Nguyễn Văn Cừ,1200.0,,
SYGFG5,trung tâm thương mại,Trung Tâm Mua Sắm Nowzone,1200.0,,
35A0DQ,chợ,Chợ An Hội,130.0,,
35A0DQ,chợ,Chợ Cầu,1000.0,,
35A0DQ,chợ,Chợ Hạnh Thông Tây,1800.0,,
35A0DQ,trường học,Trường Trung học cơ sở Phạm Văn Chiêu,327.0,,
35A0DQ,trường học,Trường Tiểu học An Hội,355.0,,
35A0DQ,trường học,Trường Trung học phổ thông Lý Thái Tổ,408.0,,
35A0DQ,công viên,Isuzu sidewalk park,593.0,,
35A0DQ,công viên,Mercedes Sidewalk park,1400.0,,
35A0DQ,công viên,Công viên Làng Hoa Gò Vấp,1400.0,,
35A0DQ,siêu thị,Co-opmart Liên Hiệp Thành phố Hồ Chí Minh,28.0,,
35A0DQ,siêu thị,Emart Phan Huy Ích,688.0,,
35A0DQ,siêu thị,Co.opmart SCA Phạm Văn Chiêu,1500.0,,
13QDH6,chợ,Chợ Nghĩa Hòa,259.0,,
13QDH6,chợ,Chợ Tân Bình,439.0,,
13QDH6,chợ,Chợ Nam Hòa,520.0,,
13QDH6,trường học,Trường Tiểu học Bành Văn Trân,148.0,,
13QDH6,trường học,Trường Tiểu Học Chi Lăng,246.0,,
13QDH6,trường học,Trường Trung học cơ sở Trần Văn Đang,248.0,,
13QDH6,bệnh viện,Bệnh viện 1A,463.0,,
13QDH6,bệnh viện,Bệnh viện Thống Nhất,629.0,,
13QDH6,bệnh viện,Bệnh viện Đa khoa Tân Bình,877.0,,
13QDH6,công viên,Công viên Chung cư Lê Thị Riêng,771.0,,
13QDH6,công viên,Công viên Nhà thi đấu Tân Bình,963.0,,
13QDH6,công viên,Công viên Tân Phước,1400.0,,
13QDH6,siêu thị,WinMart,49.0,,
13QDH6,siêu thị,Bách Hóa Xanh,1100.0,,
13QDH6,siêu thị,B's mart,1200.0,,
13QDH6,trung tâm thương mại,Bách hóa tổng hợp,1200.0,,
13QDH6,trung tâm thương mại,Pico Plaza,1600.0,,
13QDH6,trung tâm thương mại,LOTTE Mart Cộng Hòa,1600.0,,
SC0FX5,chợ,Chợ Khiết Tâm,919.0,,
SC0FX5,chợ,Chợ Tam Bình,1100.0,,
SC0FX5,chợ,Chợ An Bình,1400.0,,
SC0FX5,trường học,Trường Tiểu học Thái Văn Lung,236.0,,
SC0FX5,trường học,Trường Trung học cơ sở Thái Văn Lung,261.0,,
SC0FX5,trường học,Trường Trung học phổ thông Tam Phú,329.0,,
SC0FX5,bệnh viện,Trung tâm Điều dưỡng Người bệnh Tâm Thần Thủ Đức,151.0,,
SC0FX5,bệnh viện,Bệnh viện Đa khoa Thủ Đức,437.0,,
SC0FX5,bệnh viện,Bệnh viện Đa khoa Hoàn Hảo Kei Mei Kai,1900.0,,
SC0FX5,công viên,Công viên Phú Đông Citizen,1200.0,,
SC0FX5,công viên,Công Viên Chung cư Sunview Town,1800.0,,
SC0FX5,siêu thị,Coopmart Tam Bình,1300.0,,
SC0FX5,trung tâm thương mại,Th,525.0,,
SC0FX5,trung tâm thương mại,TH Nghệ thuật,527.0,,
SC0FX5,trung tâm thương mại,Nhge thuat,534.0,,
PN3K4G,chợ,Chợ Tăng Nhơn Phú B,761.0,,
PN3K4G,chợ,Chợ Phước Long B,932.0,,
PN3K4G,chợ,Chợ Phước Bình,1500.0,,
PN3K4G,trường học,Trường Tiểu học Phong Phú,730.0,,
PN3K4G,trường học,Trường Tiểu học Nguyễn Văn Bá,971.0,,
PN3K4G,trường học,Trường Trung học cơ sở Hoa Lư,1000.0,,
PN3K4G,bệnh viện,Trạm y tế Phước Bình,1600.0,,
PN3K4G,bệnh viện,Bệnh viện Quân Dân y Miền Đông,1700.0,,
PN3K4G,công viên,Công viên quận 9,1600.0,,
PN3K4G,công viên,Công viên Thống Nhất,1900.0,,
PN3K4G,siêu thị,Co.opFood,1500.0,,
PN3K4G,siêu thị,Vincom Lê Văn Việt,1700.0,,
PN3K4G,siêu thị,Nhà sách Fahasha,1700.0,,
PN3K4G,trung tâm thương mại,sỹ diễm,829.0,,
PN3K4G,trung tâm thương mại,tiến đạt,911.0,,
PN3K4G,trung tâm thương mại,Tạp Hóa An nhiên,1800.0,,
3ADXWQ,chợ,Chợ Hạnh Thông Tây,1300.0,,
3ADXWQ,chợ,Chợ An Nhơn,1300.0,,
3ADXWQ,trường học,Trường Trung học cơ sở - Trung học phổ thông Bán Trú Nội Trú Hồng Hà - Cơ Sở 4,432.0,,
3ADXWQ,trường học,Trường Trung học cơ sở&Trung học phổ thông Hồng Hà,468.0,,
3ADXWQ,trường học,Trường Tiểu học Kim Đồng,832.0,,
3ADXWQ,bệnh viện,Bệnh viện Đa khoa Gò Vấp,987.0,,
3ADXWQ,bệnh viện,Bệnh viện Quân y 175,1800.0,,
3ADXWQ,công viên,Công viên Hòa Bình,525.0,,
3ADXWQ,công viên,Mercedes Sidewalk park,1700.0,,
3ADXWQ,công viên,Công viên Khu nhà ở Quân đội,1700.0,,
3ADXWQ,siêu thị,WinMart,429.0,,
3ADXWQ,siêu thị,Co.opmart Phan Văn Trị,1300.0,,
3ADXWQ,trung tâm thương mại,Vincom Plaza Quang Trung,366.0,,
3ADXWQ,trung tâm thương mại,Lotte Department Store,733.0,,
3ADXWQ,trung tâm thương mại,Saigon Mall Gò Vấp,743.0,,
UDY9VS,chợ,Chợ Hiệp Thành,1200.0,,
UDY9VS,trường học,Trường Tiểu học Trần Quốc Toản,1100.0,,
UDY9VS,trường học,Trường Trung học cơ sở Tân Thới Hiệp,1200.0,,
UDY9VS,trường học,Trường Tiểu học Nguyễn Trãi,1200.0,,
UDY9VS,bệnh viện,188 Beauty Spa quận 12 | Viện thẩm mỹ hàng đầu tpHCM,1300.0,,
UDY9VS,siêu thị,CoopMart Hiệp Thành,1200.0,,
UDY9VS,trung tâm thương mại,Cửa Hàng Sữa Dony,141.0,,
UDY9VS,trung tâm thương mại,Tạp Hóa Út Huệ,294.0,,
UDY9VS,trung tâm thương mại,thảo nguyên 1A,1000.0,,
RGQ7NJ,chợ,Chợ Gò Vấp,1300.0,,
RGQ7NJ,trường học,Trường Tiểu học Kim Đồng,567.0,,
RGQ7NJ,trường học,Trường Trung học cơ sở&Trung học phổ thông Hồng Hà,671.0,,
RGQ7NJ,trường học,Trường Trung học cơ sở - Trung học phổ thông Bán Trú Nội Trú Hồng Hà - Cơ Sở 4,735.0,,
RGQ7NJ,bệnh viện,Bệnh viện Quân y 175,727.0,,
RGQ7NJ,bệnh viện,Bệnh viện Đa khoa Gò Vấp,2000.0,,
RGQ7NJ,công viên,Công viên Gia Định,1200.0,,
RGQ7NJ,công viên,Công viên Khu nhà ở Quân đội,1300.0,,
RGQ7NJ,công viên,Công viên Hòa Bình,1600.0,,
RGQ7NJ,siêu thị,Co.opmart Phan Văn Trị,997.0,,
RGQ7NJ,siêu thị,Lẩu cá kèo,1500.0,,
RGQ7NJ,siêu thị,WinMart,1500.0,,
RGQ7NJ,trung tâm thương mại,GO! Go Vap,565.0,,
RGQ7NJ,trung tâm thương mại,Vincom Plaza Quang Trung,772.0,,
RGQ7NJ,trung tâm thương mại,Trung Tâm Mua Sắm Nguyễn Kim Gò Vấp,782.0,,
85BAF3,chợ,Chợ Xóm Mới,919.0,,
85BAF3,chợ,Chợ Hạnh Thông Tây,1100.0,,
85BAF3,chợ,Chợ An Nhơn,1200.0,,
85BAF3,trường học,Trường Trung học phổ thông PHÙNG HƯNG,403.0,,
85BAF3,trường học,Trường Trung học cơ sở Nguyễn Du,473.0,,
85BAF3,trường học,Trường Tiểu học Võ Thị Sáu,489.0,,
85BAF3,bệnh viện,Bệnh viện Đa khoa Gò Vấp,945.0,,
85BAF3,bệnh viện,Phòng Khám Đa Khoa Hữu Nghị,1500.0,,
85BAF3,công viên,Công viên Hòa Bình,769.0,,
85BAF3,công viên,Công viên Làng Hoa Gò Vấp,1000.0,,
85BAF3,công viên,Mercedes Sidewalk park,1300.0,,
85BAF3,siêu thị,WinMart,834.0,,
85BAF3,siêu thị,Co.opmart SCA Phạm Văn Chiêu,1700.0,,
85BAF3,trung tâm thương mại,Thiên hương,686.0,,
85BAF3,trung tâm thương mại,571,706.0,,
85BAF3,trung tâm thương mại,669,707.0,,
ACJ1MY,chợ,Chợ Phước Bình,740.0,,
ACJ1MY,trường học,Trường Trung học cơ sở Phước Bình,511.0,,
ACJ1MY,trường học,Trường Tiểu Học Phước Bình,566.0,,
ACJ1MY,trường học,"Trường Trung học cơ sở - Trung học phổ thông Pathway Tuệ Đức - Cơ sở Đỗ Xuân Hợp, Thủ Đức",620.0,,
ACJ1MY,bệnh viện,Trạm y tế Phước Bình,665.0,,
ACJ1MY,công viên,Đài Tưởng niệm Liệt sĩ Cầu Rạch Chiếc,1500.0,,
ACJ1MY,công viên,Công Viên Kiến Á Q9,1700.0,,
ACJ1MY,siêu thị,Cửa Hàng Thú Cưng Haru,390.0,,
ACJ1MY,siêu thị,Trung Tâm Thương Mại,2000.0,,
ACJ1MY,trung tâm thương mại,Tạp Hóa An nhiên,717.0,,
ACJ1MY,trung tâm thương mại,tiến đạt,1800.0,,
85KNU3,chợ,Chợ Chí Hòa,54.0,,
85KNU3,chợ,Chợ Hòa Hưng,114.0,,
85KNU3,chợ,Chợ thuốc Quận 10,499.0,,
85KNU3,trường học,Trường Trung học cơ sở Hòa Hưng,133.0,,
85KNU3,trường học,Trường Tiểu học Tô Hiến Thành,144.0,,
85KNU3,trường học,Trường Tiểu học Lê Thị Riêng,226.0,,
85KNU3,bệnh viện,Bệnh viện Quận 10,835.0,,
85KNU3,bệnh viện,Bệnh viện Nhân dân 115,937.0,,
85KNU3,bệnh viện,Viện Tim Thành phố Hồ Chí Minh,1100.0,,
85KNU3,công viên,Công viên Chung cư Lê Thị Riêng,835.0,,
85KNU3,công viên,Khu du lịch Kỳ Hòa,987.0,,
85KNU3,công viên,Công viên Vườn Lài,1200.0,,
85KNU3,siêu thị,Co.opmart Nhiêu Lộc,680.0,,
85KNU3,siêu thị,Go! Miền Đông,744.0,,
85KNU3,siêu thị,WinMart,839.0,,
85KNU3,trung tâm thương mại,Vincom Plaza Ba Tháng Hai,1300.0,,
85KNU3,trung tâm thương mại,Vạn Hạnh Mall,1300.0,,
85KNU3,trung tâm thương mại,phu quy,1500.0,,
UYHNRS,chợ,Chợ Ngã Ba Bầu,1300.0,,
UYHNRS,chợ,Chợ Tân Chánh Hiệp,1300.0,,
UYHNRS,chợ,Chợ Hiệp Thành,1800.0,,
UYHNRS,trường học,Trường Trung học cơ sở Trần Quang Khải,754.0,,
UYHNRS,trường học,Trường Tiểu học Võ Thị Sáu,967.0,,
UYHNRS,trường học,Trường Tiểu học Trần Quang Cơ,1000.0,,
UYHNRS,bệnh viện,Bệnh viện Đa khoa Trung Mỹ Tây,902.0,,
UYHNRS,bệnh viện,188 Beauty Spa quận 12 | Viện thẩm mỹ hàng đầu tpHCM,1700.0,,
UYHNRS,công viên,Công Viên Trúc Lâm,847.0,,
UYHNRS,công viên,The parkland,937.0,,
UYHNRS,công viên,Cây xanh,938.0,,
UYHNRS,siêu thị,Bách hóa XANH.COM,1400.0,,
UYHNRS,siêu thị,Co-opmart Tô Ký,1400.0,,
UYHNRS,siêu thị,CoopMart Hiệp Thành,1800.0,,
UYHNRS,trung tâm thương mại,Nhà Phân Phối Diana Unicharm,1200.0,,
UYHNRS,trung tâm thương mại,SuSu,1800.0,,
9TN3EP,chợ,Bách Hóa Xanh - 2C - 2D Phùng Văn Cung,367.0,,
9TN3EP,chợ,Chợ Cây Quéo,835.0,,
9TN3EP,chợ,Chợ Bà Chiểu,1000.0,,
9TN3EP,trường học,Trường Trung học cơ sở Châu Văn Liêm,246.0,,
9TN3EP,trường học,Trường Tiểu Học Đông Ba,327.0,,
9TN3EP,trường học,Trường Trung học cơ sở Cầu Kiệu,385.0,,
9TN3EP,bệnh viện,Trạm Y Tế Phường 7 Quận Phú Nhuận,371.0,,
9TN3EP,bệnh viện,Bệnh viện Nhân dân Gia Định,542.0,,
9TN3EP,bệnh viện,Bệnh Viện Quốc Tế Columbia Asia,594.0,,
9TN3EP,công viên,Công viên Văn hóa Phú Nhuận,171.0,,
9TN3EP,công viên,Đài liệt sĩ Quận 3,1400.0,,
9TN3EP,công viên,Công viên Lê Văn Tám,1600.0,,
9TN3EP,siêu thị,Co.opmart Rạch Miễu,326.0,,
9TN3EP,siêu thị,Chợ Vạn Kiếp,542.0,,
9TN3EP,siêu thị,BambooBebe Việt Nam,635.0,,
9TN3EP,trung tâm thương mại,Tạp Hóa Thu Bé Bự,1400.0,,
9TN3EP,trung tâm thương mại,MIA  Luggage store,1600.0,,
400ZMF,chợ,Chợ Cầu Đồng,729.0,,
400ZMF,chợ,Chợ Vườn Lài,875.0,,
400ZMF,chợ,Chợ Thạnh Xuân,1900.0,,
400ZMF,trường học,Trường Trung học cơ sở An Phú Đông,941.0,,
400ZMF,trường học,Trường Mầm Non Bông Hồng,972.0,,
400ZMF,trường học,Trường Tiểu Học Phạm Văn Chiêu,1000.0,,
400ZMF,siêu thị,Xường công nghệ cao,1500.0,,
400ZMF,trung tâm thương mại,Tạp hóa Hiền Trâm,1200.0,,
YBKQZD,chợ,Chợ Hạnh Thông Tây,877.0,,
YBKQZD,chợ,Chợ Xóm Mới,1100.0,,
YBKQZD,chợ,Chợ An Nhơn,1300.0,,
YBKQZD,trường học,Trường Trung học phổ thông PHÙNG HƯNG,544.0,,
YBKQZD,trường học,Trường Trung học cơ sở Nguyễn Du,545.0,,
YBKQZD,trường học,Trường Tiểu học Võ Thị Sáu,681.0,,
YBKQZD,bệnh viện,Bệnh viện Đa khoa Gò Vấp,747.0,,
YBKQZD,bệnh viện,Phòng Khám Đa Khoa Hữu Nghị,1700.0,,
YBKQZD,công viên,Công viên Hòa Bình,688.0,,
YBKQZD,công viên,Công viên Làng Hoa Gò Vấp,963.0,,
YBKQZD,công viên,Mercedes Sidewalk park,1100.0,,
YBKQZD,siêu thị,WinMart,686.0,,
YBKQZD,siêu thị,Co.opmart SCA Phạm Văn Chiêu,1700.0,,
YBKQZD,trung tâm thương mại,Lotte Department Store,708.0,,
YBKQZD,trung tâm thương mại,Thiên hương,886.0,,
YBKQZD,trung tâm thương mại,571,906.0,,
1Q1AB6,chợ,Chợ Bà Chiểu,1100.0,,
1Q1AB6,chợ,Chợ Thị Nghè,1300.0,,
1Q1AB6,chợ,Chợ Văn Thánh,1400.0,,
1Q1AB6,trường học,Trường Trung học cơ sở Điện Biên,430.0,,
1Q1AB6,trường học,Đại Học Kinh Tế Tài Chính,516.0,,
1Q1AB6,trường học,Trường Tiểu Học Hồng Hà,583.0,,
1Q1AB6,bệnh viện,Bệnh viện Đa khoa Bình Thạnh,1400.0,,
1Q1AB6,bệnh viện,Bệnh Viện Quốc Tế Columbia Asia,1500.0,,
1Q1AB6,bệnh viện,Bệnh viện Ung bướu,1600.0,,
1Q1AB6,công viên,Khu du lịch Văn Thánh,998.0,,
1Q1AB6,công viên,Chung cư City Garden,1100.0,,
1Q1AB6,công viên,Công viên trung tâm HCA,1200.0,,
1Q1AB6,siêu thị,Focomart,780.0,,
1Q1AB6,siêu thị,Co.op Mart - Chu Văn An,987.0,,
1Q1AB6,siêu thị,Co.op Mart,1000.0,,
UKFDVS,chợ,Chợ Trần Văn Quang,615.0,,
UKFDVS,chợ,Chợ Tân Hưng (Chợ Ông Địa),676.0,,
UKFDVS,chợ,Chợ Phú Trung,715.0,,
UKFDVS,trường học,Trường Trung học cơ sở Phạm Ngọc Thạch,106.0,,
UKFDVS,trường học,Trường Tiểu Học Quốc Tế APU,214.0,,
UKFDVS,trường học,Trường Tiểu học Trần Văn Ơn,269.0,,
UKFDVS,bệnh viện,Trung Tâm Hiến Múa Nhân Đạo,717.0,,
UKFDVS,bệnh viện,Bệnh viện Trưng Vương,1100.0,,
UKFDVS,bệnh viện,Bệnh viện Đa khoa Tân Phú,1400.0,,
UKFDVS,công viên,Công viên Tân Phước,365.0,,
UKFDVS,công viên,Công viên Phú Hòa,714.0,,
UKFDVS,công viên,Công viên Lãnh Binh Thăng,1200.0,,
UKFDVS,siêu thị,Siêu Thị Co.opMart - Phú Thọ,494.0,,
UKFDVS,siêu thị,MiniMart,1600.0,,
UKFDVS,siêu thị,VinMart+,1600.0,,
UKFDVS,trung tâm thương mại,Bách hóa tổng hợp,1100.0,,
UKFDVS,trung tâm thương mại,Lotte Department Store,1500.0,,
UKFDVS,trung tâm thương mại,Lotteria,1500.0,,
GXBA62,trường học,Trường Tiểu học Lê Trọng Tấn,228.0,,
GXBA62,trường học,Trường Trung học phổ thông Bình Hưng Hòa,319.0,,
GXBA62,trường học,Trường Tiểu học Huỳnh Thúc Kháng,450.0,,
GXBA62,bệnh viện,Yoga trị liệu l Ci Yoga Therapy CN Celadon,1300.0,,
GXBA62,bệnh viện,Trạm Y Tế phường Bình Hưng Hòa,1500.0,,
GXBA62,công viên,Công viên Gia Phú,491.0,,
GXBA62,công viên,Công viên Sơn Kỳ,793.0,,
GXBA62,công viên,Công viên Hồ trái tim,1600.0,,
GXBA62,siêu thị,Chả cua Huế,1800.0,,
GXBA62,siêu thị,Shop Vinafood,1800.0,,
GXBA62,trung tâm thương mại,Nhà đậu xe Aeon Mall Tân Phú Celadon;Commercial_AEONMallTanPhu Storie 4,1500.0,,
GXBA62,trung tâm thương mại,Công Ty TNHH Trang Thiết Bị Bảo Hộ Thiên Phúc,2000.0,,
WP383R,chợ,Chợ Võ Thành Trang,483.0,,
WP383R,chợ,Chợ Tân Phú,627.0,,
WP383R,chợ,Chợ Bàu Cát,918.0,,
WP383R,trường học,Trường Tiểu học Tân Sơn Nhì,225.0,,
WP383R,trường học,Trường Trung học cơ sở Trần Quang Khải,265.0,,
WP383R,trường học,Trường Tiểu học chuyên biệt Bình Minh,331.0,,
WP383R,bệnh viện,Bệnh Viện Đa Khoa Mỹ Đức,749.0,,
WP383R,bệnh viện,Bệnh viện Đa khoa Tân Phú,1600.0,,
WP383R,công viên,Công viên Bàu Cát 3,713.0,,
WP383R,công viên,Công viên Tân Phú,1500.0,,
WP383R,công viên,Địa đạo Phú Thọ Hòa,1500.0,,
WP383R,siêu thị,Siêu thị GO! Âu Cơ,911.0,,
WP383R,siêu thị,Cửa Hàng Cung Cấp Đồ Hóa Trang Hoa Chí Tín,923.0,,
WP383R,siêu thị,Cửa Hàng 137FoodMart,972.0,,
WP383R,trung tâm thương mại,Cửa Hàng Gạo Hạt Ngọc Trời,1900.0,,
WP383R,trung tâm thương mại,Bách hóa tổng hợp,1900.0,,
WP383R,trung tâm thương mại,LOTTE Mart Cộng Hòa,2000.0,,
QAWWZU,chợ,Chợ Rạch Ông,572.0,,
QAWWZU,chợ,Chợ Nancy,1500.0,,
QAWWZU,chợ,Chợ Tân Kiểng 2,1700.0,,
QAWWZU,trường học,Trường tiểu học Nguyễn Trực,285.0,,
QAWWZU,trường học,Trường Tiểu Học Rạch Ông,294.0,,
QAWWZU,trường học,Trường Cao đẳng Việt Mỹ,423.0,,
QAWWZU,bệnh viện,Bệnh viện Phục hồi chức năng - Điều trị bệnh nghề nghiệp,347.0,,
QAWWZU,bệnh viện,Bệnh Viện Đa Khoa Quốc Tế Nam Sài Gòn,743.0,,
QAWWZU,bệnh viện,Nha Khoa SingDent,1200.0,,
QAWWZU,công viên,Công viên Phường 2,907.0,,
QAWWZU,công viên,Công viên Dạ Nam,946.0,,
QAWWZU,công viên,Công viên Ven sông,1100.0,,
QAWWZU,siêu thị,Siêu Thị Tiện Lợi Citi Mart,686.0,,
QAWWZU,siêu thị,Bách Hóa Xanh,780.0,,
QAWWZU,siêu thị,AEON Tạ Quang Bửu,1200.0,,
QAWWZU,trung tâm thương mại,Parc Mall,1100.0,,
QAWWZU,trung tâm thương mại,LOTTE Mart Quận 7,1400.0,,
QAWWZU,trung tâm thương mại,Lotte Department Store,1400.0,,
6SDSV8,chợ,Chợ Cầu Đồng,232.0,,
6SDSV8,chợ,Chợ Thạnh Xuân,1300.0,,
6SDSV8,chợ,Chợ Vườn Lài,1400.0,,
6SDSV8,trường học,Trường Trung học phổ thông Thạnh Lộc,690.0,,
6SDSV8,trường học,Trường Trung học cơ sở Trần Hưng Đạo,860.0,,
6SDSV8,trường học,Trường Tiểu học Hà Huy Giáp,970.0,,
6SDSV8,trung tâm thương mại,Tạp hóa Hiền Trâm,1800.0,,
5HEFD7,chợ,Chợ Nguyễn Văn Trỗi,495.0,,
5HEFD7,chợ,Chợ Phú Nhuận,508.0,,
5HEFD7,chợ,Chợ Trần Hữu Trang,892.0,,
5HEFD7,trường học,Trường Trung học cơ sở Đào Duy Anh,97.0,,
5HEFD7,trường học,Trường tiểu học Nguyễn Đình Chính,234.0,,
5HEFD7,trường học,Trường Tiểu học Trần Quang Diệu,358.0,,
5HEFD7,bệnh viện,Bệnh viện An Sinh,119.0,,
5HEFD7,bệnh viện,Bệnh viện Tai Mũi Họng Thành phố Hồ Chí Minh,884.0,,
5HEFD7,bệnh viện,Bệnh viện Y học cổ truyền Thành phố Hồ Chí Minh,1100.0,,
5HEFD7,công viên,Đài liệt sĩ Quận 3,403.0,,
5HEFD7,công viên,Công viên Lê Văn Tám,1600.0,,
5HEFD7,công viên,Công viên Văn hóa Phú Nhuận,1800.0,,
5HEFD7,siêu thị,Circle k,366.0,,
5HEFD7,siêu thị,Co.op Food,457.0,,
5HEFD7,siêu thị,Co.opMart,501.0,,
5HEFD7,trung tâm thương mại,Tạp Hóa Thu Bé Bự,1200.0,,
5HEFD7,trung tâm thương mại,MIA  Luggage store,1400.0,,
5HEFD7,trung tâm thương mại,Vincom Plaza Ba Tháng Hai,1600.0,,
J2NRP0,trường học,Trường Tiểu học Lê Trọng Tấn,316.0,,
J2NRP0,trường học,Trường Tiểu học Huỳnh Thúc Kháng,359.0,,
J2NRP0,trường học,Trường Trung học phổ thông Bình Hưng Hòa,402.0,,
J2NRP0,bệnh viện,Yoga trị liệu l Ci Yoga Therapy CN Celadon,1300.0,,
J2NRP0,bệnh viện,Trạm Y Tế phường Bình Hưng Hòa,1400.0,,
J2NRP0,công viên,Công viên Gia Phú,579.0,,
J2NRP0,công viên,Công viên Sơn Kỳ,875.0,,
J2NRP0,công viên,Công viên Hồ trái tim,1500.0,,
J2NRP0,siêu thị,Chả cua Huế,1900.0,,
J2NRP0,siêu thị,Shop Vinafood,1900.0,,
J2NRP0,trung tâm thương mại,Nhà đậu xe Aeon Mall Tân Phú Celadon;Commercial_AEONMallTanPhu Storie 4,1600.0,,
J2NRP0,trung tâm thương mại,Công Ty TNHH Trang Thiết Bị Bảo Hộ Thiên Phúc,1900.0,,
CW06GB,trường học,Trường Tiểu học Nguyễn Công Trứ,647.0,,
CW06GB,trường học,Trường Tiểu học Phù Đổng,749.0,,
CW06GB,trường học,Trung tâm Giáo dục thường xuyên quận Bình Tân,1400.0,,
CW06GB,bệnh viện,Trạm Y Tế phường Bình Hưng Hòa,1700.0,,
CW06GB,bệnh viện,Bệnh viện Đa khoa Bình Tân,1800.0,,
CW06GB,siêu thị,Siêu thị Co.opmart Bình Tân 2,1600.0,,
CW06GB,siêu thị,Túi Giấy Giá Rẻ,1800.0,,
37D7NQ,chợ,Chợ Tân Hưng (Chợ Ông Địa),538.0,,
37D7NQ,chợ,Chợ Trần Văn Quang,675.0,,
37D7NQ,chợ,Chợ Phú Trung,911.0,,
37D7NQ,trường học,Trường Tiểu học Trưng Trắc,209.0,,
37D7NQ,trường học,Trung tâm Dạy nghề Quận 11,269.0,,
37D7NQ,trường học,Trường Trung học cơ sở Phạm Ngọc Thạch,309.0,,
37D7NQ,bệnh viện,Trung Tâm Hiến Múa Nhân Đạo,514.0,,
37D7NQ,bệnh viện,Bệnh viện Trưng Vương,966.0,,
37D7NQ,bệnh viện,Bệnh viện Đa khoa Tân Phú,1400.0,,
37D7NQ,công viên,Công viên Tân Phước,161.0,,
37D7NQ,công viên,Công viên Phú Hòa,903.0,,
37D7NQ,công viên,Công viên Hoa hồng,1300.0,,
37D7NQ,siêu thị,Siêu Thị Co.opMart - Phú Thọ,439.0,,
37D7NQ,siêu thị,MiniMart,1400.0,,
37D7NQ,siêu thị,VinMart+,1400.0,,
37D7NQ,trung tâm thương mại,Bách hóa tổng hợp,1100.0,,
37D7NQ,trung tâm thương mại,Lotte Department Store,1400.0,,
37D7NQ,trung tâm thương mại,Lotteria,1500.0,,
6UH3Z8,chợ,Chợ Bình Trị Đông,854.0,,
6UH3Z8,chợ,Chợ Kiến Đức,1400.0,,
6UH3Z8,chợ,Chợ Cây Da Sà,1700.0,,
6UH3Z8,trường học,Trường Trung học cơ sở Bình Trị Đông A,250.0,,
6UH3Z8,trường học,Trường Trung học phổ thông Nguyễn Hữu Cảnh,614.0,,
6UH3Z8,trường học,Trường Trung học cơ sở Bình Trị Đông B,780.0,,
6UH3Z8,bệnh viện,Bệnh viện Đa khoa Bình Tân,302.0,,
6UH3Z8,bệnh viện,Bệnh Viện Quốc Tế Minh Anh,1900.0,,
6UH3Z8,công viên,Công viên Đường số 25,1300.0,,
6UH3Z8,công viên,Cong Vien khu pho 9,1500.0,,
6UH3Z8,công viên,Công viên Da Sà,1700.0,,
6UH3Z8,siêu thị,Siêu thị Co.opmart Bình Tân 2,474.0,,
6UH3Z8,siêu thị,Túi Giấy Giá Rẻ,587.0,,
6UH3Z8,siêu thị,Bách Hóa Xanh,1100.0,,
GVQ9T2,chợ,Chợ Xóm Mới,399.0,,
GVQ9T2,chợ,Chợ Hạnh Thông Tây,1400.0,,
GVQ9T2,chợ,Chợ An Nhơn,1500.0,,
GVQ9T2,trường học,Trường Trung học phổ thông PHÙNG HƯNG,165.0,,
GVQ9T2,trường học,Trường Trung học cơ sở Phan Tây Hồ,187.0,,
GVQ9T2,trường học,Trường Tiểu Học Phan Chu Trinh- Cơ Sở 2,325.0,,
GVQ9T2,bệnh viện,Bệnh viện Đa khoa Gò Vấp,1400.0,,
GVQ9T2,bệnh viện,Phòng Khám Đa Khoa Hữu Nghị,1500.0,,
GVQ9T2,công viên,Công viên Làng Hoa Gò Vấp,1000.0,,
GVQ9T2,công viên,Công viên Hòa Bình,1300.0,,
GVQ9T2,công viên,Mercedes Sidewalk park,1400.0,,
GVQ9T2,siêu thị,Co.opmart SCA Phạm Văn Chiêu,1300.0,,
GVQ9T2,siêu thị,WinMart,1400.0,,
GVQ9T2,trung tâm thương mại,Thế Giới Sữa,398.0,,
GVQ9T2,trung tâm thương mại,669,415.0,,
GVQ9T2,trung tâm thương mại,571,474.0,,
37PF2Q,chợ,Chợ Bình Long,522.0,,
37PF2Q,chợ,Chợ Bốn Xã mới,1100.0,,
37PF2Q,chợ,Chợ Tân Phú 2,1500.0,,
37PF2Q,trường học,Trường Trung học cơ sở Lý Thường Kiệt,745.0,,
37PF2Q,trường học,Trường Tiểu học Võ Thị Sáu,1000.0,,
37PF2Q,trường học,Trường Trung học cơ sở Trần Quốc Toản,1100.0,,
37PF2Q,bệnh viện,Trạm Y Tế phường Bình Hưng Hòa,1700.0,,
37PF2Q,bệnh viện,Bệnh viện Đa khoa Bình Tân,2000.0,,
37PF2Q,siêu thị,Bách Hóa XXanh 175C Đường Số 8,645.0,,
37PF2Q,siêu thị,Siêu thị Đại Gia Hỷ,817.0,,
37PF2Q,siêu thị,Cửa hàng nội thất Auli Star,984.0,,
37PF2Q,trung tâm thương mại,Cửa Hàng Thực Phẩm Tiện Lợi Satra Food,392.0,,
37PF2Q,trung tâm thương mại,Bách Hóa Xanh,459.0,,
37PF2Q,trung tâm thương mại,Cửa Hàng Gạo Hạt Ngọc Trời,1600.0,,
QAHDCU,chợ,Chợ Rạch Ông,537.0,,
QAHDCU,chợ,Chợ Hòa Bình,1200.0,,
QAHDCU,chợ,Chợ Phạm Thế Hiển,1300.0,,
QAHDCU,trường học,Trường Trung học cơ sở Khánh Bình,152.0,,
QAHDCU,trường học,Trường Tiểu Học Âu Dương Lân,433.0,,
QAHDCU,trường học,Trường Tiểu Học Rạch Ông,672.0,,
QAHDCU,bệnh viện,Bệnh viện Phục hồi chức năng - Điều trị bệnh nghề nghiệp,393.0,,
QAHDCU,bệnh viện,Bệnh viện Đa khoa Chánh Hưng,754.0,,
QAHDCU,bệnh viện,Phòng Khám Đa Khoa Thế Giới,991.0,,
QAHDCU,công viên,Công viên Phường 2,614.0,,
QAHDCU,công viên,Công viên Dạ Nam,649.0,,
QAHDCU,công viên,Công viên 310A Hưng Phú,1000.0,,
QAHDCU,siêu thị,Bách Hóa Xanh,319.0,,
QAHDCU,siêu thị,AEON Tạ Quang Bửu,618.0,,
QAHDCU,siêu thị,Siêu Thị Tiện Lợi Citi Mart,1300.0,,
QAHDCU,trung tâm thương mại,Parc Mall,527.0,,
QAHDCU,trung tâm thương mại,Centre Mall Phạm Hùng,1400.0,,
QAHDCU,trung tâm thương mại,Trung tâm Thương Mại An Đông Plaza,2000.0,,
RGT29J,chợ,Chợ Tân Hưng (Chợ Ông Địa),541.0,,
RGT29J,chợ,Chợ Trần Văn Quang,678.0,,
RGT29J,chợ,Chợ Phú Trung,912.0,,
RGT29J,trường học,Trường Tiểu học Trưng Trắc,207.0,,
RGT29J,trường học,Trung tâm Dạy nghề Quận 11,266.0,,
RGT29J,trường học,Trường Trung học cơ sở Phạm Ngọc Thạch,309.0,,
RGT29J,bệnh viện,Trung Tâm Hiến Múa Nhân Đạo,514.0,,
RGT29J,bệnh viện,Bệnh viện Trưng Vương,963.0,,
RGT29J,bệnh viện,Bệnh viện Đa khoa Tân Phú,1400.0,,
RGT29J,công viên,Công viên Tân Phước,161.0,,
RGT29J,công viên,Công viên Phú Hòa,901.0,,
RGT29J,công viên,Công viên Hoa hồng,1300.0,,
RGT29J,siêu thị,Siêu Thị Co.opMart - Phú Thọ,435.0,,
RGT29J,siêu thị,MiniMart,1400.0,,
RGT29J,siêu thị,VinMart+,1400.0,,
RGT29J,trung tâm thương mại,Bách hóa tổng hợp,1200.0,,
RGT29J,trung tâm thương mại,Lotte Department Store,1400.0,,
RGT29J,trung tâm thương mại,Lotteria,1500.0,,
8579Q3,chợ,Chợ Phú Nhuận,444.0,,
8579Q3,chợ,Chợ Tân Định,554.0,,
8579Q3,chợ,Chợ Nguyễn Văn Trỗi,753.0,,
8579Q3,trường học,Trường Trung học cơ sở Văn Lang,383.0,,
8579Q3,trường học,Trường Tiểu học Nguyễn Thái Sơn,413.0,,
8579Q3,trường học,Trường Trung học phổ thông Nguyễn Thị Diệu,439.0,,
8579Q3,bệnh viện,Bệnh viện Đa khoa Tân Định,489.0,,
8579Q3,bệnh viện,Bệnh viện Y học cổ truyền Thành phố Hồ Chí Minh,654.0,,
8579Q3,bệnh viện,Viện Pasteur Thành phố Hồ Chí Minh,655.0,,
8579Q3,công viên,Đài liệt sĩ Quận 3,227.0,,
8579Q3,công viên,Công viên Lê Văn Tám,998.0,,
8579Q3,công viên,Công trình cảnh quan Nhà thi đấu Phan Đình Phùng,1400.0,,
8579Q3,siêu thị,Công ty TNHH Gureumi,688.0,,
8579Q3,siêu thị,BambooBebe Việt Nam,690.0,,
8579Q3,siêu thị,Co.opMart,727.0,,
8579Q3,trung tâm thương mại,Tạp Hóa Thu Bé Bự,549.0,,
8579Q3,trung tâm thương mại,MIA  Luggage store,813.0,,
8579Q3,trung tâm thương mại,TTTM RomeA,1500.0,,
ACCWPY,chợ,Chợ An Hội,510.0,,
ACCWPY,chợ,Chợ Cầu,1500.0,,
ACCWPY,chợ,Chợ Hạnh Thông Tây,1600.0,,
ACCWPY,trường học,Trường cấp 1-2 Tân Sơn,185.0,,
ACCWPY,trường học,"Trường Tiểu Học, Trung học cơ sở&Trung học phổ thông Hermann Gmeiner",265.0,,
ACCWPY,trường học,Trường Tiểu học Lương Thế Vinh,833.0,,
ACCWPY,bệnh viện,Bệnh viện Đa khoa Gò Vấp,1900.0,,
ACCWPY,công viên,Isuzu sidewalk park,446.0,,
ACCWPY,công viên,Mercedes Sidewalk park,1200.0,,
ACCWPY,công viên,Công viên Làng Hoa Gò Vấp,1400.0,,
ACCWPY,siêu thị,Co-opmart Liên Hiệp Thành phố Hồ Chí Minh,535.0,,
ACCWPY,siêu thị,Emart Phan Huy Ích,935.0,,
ACCWPY,siêu thị,Co.opmart SCA Phạm Văn Chiêu,1800.0,,
0Z2VA9,chợ,Chợ Thạnh Xuân,854.0,,
0Z2VA9,chợ,Chợ Cầu Đồng,1400.0,,
0Z2VA9,trường học,Trường Trung Học Cơ Sở Lương Thế Vinh,776.0,,
0Z2VA9,trường học,Trường Trung học cơ sở Trần Hưng Đạo,946.0,,
0Z2VA9,trường học,Trường Tiểu học Hà Huy Giáp,950.0,,
0Z2VA9,công viên,"Công viên Gò Sao , Thạnh Xuân, Quận 12",1300.0,,
0Z2VA9,siêu thị,WinMart,1400.0,,
0Z2VA9,siêu thị,FamilyMart,1400.0,,
Q7QH0U,chợ,Chợ Tân Hòa Đông,305.0,,
Q7QH0U,chợ,Chợ Cây Da Sà,713.0,,
Q7QH0U,chợ,Chợ Phú Lâm,887.0,,
Q7QH0U,trường học,Trường Trung học phổ thông Trần Nhân Tông,91.0,,
Q7QH0U,trường học,Trường Trung học cơ sở Đoàn Kết,512.0,,
Q7QH0U,trường học,Trường Trung học cơ sở An Lạc,554.0,,
Q7QH0U,bệnh viện,Bệnh Viện Quốc Tế Minh Anh,1700.0,,
Q7QH0U,bệnh viện,Bệnh viện Đa khoa Bình Phú,1800.0,,
Q7QH0U,công viên,Công Viên 158 Phan Anh,395.0,,
Q7QH0U,công viên,Công viên Bãi Cát,503.0,,
Q7QH0U,công viên,Lương Thế Vinh,848.0,,
Q7QH0U,siêu thị,Satra Foods,609.0,,
Q7QH0U,siêu thị,Bách Hóa XANH,709.0,,
Q7QH0U,siêu thị,Kingfoodmart,1100.0,,
Q7QH0U,trung tâm thương mại,Nhi,1800.0,,
4JNPRF,chợ,Chợ Liên Ấp 123,1300.0,,
4JNPRF,trường học,Trường Tiểu học Hoàng Văn Thụ,215.0,,
4JNPRF,trường học,Trung tâm Giáo dục thường xuyên quận Bình Tân,831.0,,
4JNPRF,trường học,Trường Tiểu học Ngô Quyền,877.0,,
4JNPRF,bệnh viện,Trạm Y Tế phường Bình Hưng Hòa,1500.0,,
4JNPRF,công viên,Công viên Hồ trái tim,1200.0,,
4JNPRF,trung tâm thương mại,Công Ty TNHH Trang Thiết Bị Bảo Hộ Thiên Phúc,659.0,,
4JNPRF,trung tâm thương mại,Dịch Vụ Mua Hàng Tại Mỹ,1600.0,,
PQHHGA,chợ,Chợ Bà Hom,2000.0,,
PQHHGA,trường học,Trường Tiểu học Nguyễn Công Trứ,885.0,,
PQHHGA,trường học,Trường Tiểu học Tân Tạo,972.0,,
PQHHGA,trường học,Trường Trung học cơ sở Tân Tạo,1100.0,,
PQHHGA,bệnh viện,Bệnh viện Đa khoa Bình Tân,1700.0,,
PQHHGA,công viên,Công viên Tecco Town,1900.0,,
PQHHGA,siêu thị,Túi Giấy Giá Rẻ,1500.0,,
PQHHGA,siêu thị,Siêu thị Co.opmart Bình Tân 2,1500.0,,
GXJ7Z2,chợ,Chợ Tân Bình,184.0,,
GXJ7Z2,chợ,Chợ Tân Hưng (Chợ Ông Địa),625.0,,
GXJ7Z2,chợ,Chợ Nghĩa Hòa,837.0,,
GXJ7Z2,trường học,Trường Tiểu học Lạc Long Quân,258.0,,
GXJ7Z2,trường học,Trường tiểu học Đống Đa,531.0,,
GXJ7Z2,trường học,Trường Trung học cơ sở Nguyễn Gia Thiều,534.0,,
GXJ7Z2,bệnh viện,Bệnh viện 1A,489.0,,
GXJ7Z2,bệnh viện,Bệnh viện Thống Nhất,698.0,,
GXJ7Z2,bệnh viện,Trung Tâm Hiến Múa Nhân Đạo,1100.0,,
GXJ7Z2,công viên,Công viên Tân Phước,1100.0,,
GXJ7Z2,công viên,Công viên Nhà thi đấu Tân Bình,1100.0,,
GXJ7Z2,công viên,Công viên Chung cư Lê Thị Riêng,1200.0,,
GXJ7Z2,siêu thị,WinMart,533.0,,
GXJ7Z2,siêu thị,Siêu thị GO! Âu Cơ,1500.0,,
GXJ7Z2,siêu thị,Siêu Thị Co.opMart - Phú Thọ,1500.0,,
GXJ7Z2,trung tâm thương mại,Bách hóa tổng hợp,635.0,,
GXJ7Z2,trung tâm thương mại,Pico Plaza,1800.0,,
GXJ7Z2,trung tâm thương mại,LOTTE Mart Cộng Hòa,1800.0,,
85PSQ3,chợ,Chợ Hạnh Thông Tây,427.0,,
85PSQ3,chợ,Chợ Xóm Mới,1400.0,,
85PSQ3,chợ,Chợ An Nhơn,1700.0,,
85PSQ3,trường học,Trường Tiểu học Nguyễn Thị Minh Khai,339.0,,
85PSQ3,trường học,Trường Trung học cơ sở Thông Tây Hội (cơ sở 2),384.0,,
85PSQ3,trường học,Trường Tiểu học Chi Lăng,424.0,,
85PSQ3,bệnh viện,Bệnh viện Đa khoa Gò Vấp,344.0,,
85PSQ3,công viên,Mercedes Sidewalk park,721.0,,
85PSQ3,công viên,Công viên Làng Hoa Gò Vấp,771.0,,
85PSQ3,công viên,Công viên Hòa Bình,882.0,,
85PSQ3,siêu thị,WinMart,706.0,,
85PSQ3,siêu thị,Co.opmart SCA Phạm Văn Chiêu,1700.0,,
85PSQ3,trung tâm thương mại,Lotte Department Store,1000.0,,
85PSQ3,trung tâm thương mại,Thiên hương,1300.0,,
85PSQ3,trung tâm thương mại,669,1300.0,,
7KRRVA,chợ,Chợ Bàn Cờ,458.0,,
7KRRVA,chợ,Ho Thi Ky Food Street,646.0,,
7KRRVA,chợ,Chợ Hoa Hồ Thị Kỷ,689.0,,
7KRRVA,trường học,Trường Tiểu học Điện Biên,347.0,,
7KRRVA,trường học,Trường Tiểu học Nguyễn Sơn Hà,438.0,,
7KRRVA,trường học,Trường Quốc Tế Á Châu,461.0,,
7KRRVA,bệnh viện,Bệnh viện Bình Dân,459.0,,
7KRRVA,bệnh viện,Bệnh Viện Mắt Việt-Nga,676.0,,
7KRRVA,bệnh viện,Bệnh viện Đa Khoa Vạn Hạnh,850.0,,
7KRRVA,công viên,Khu du lịch Kỳ Hòa,598.0,,
7KRRVA,công viên,Công viên số 1 Lý Thái Tổ,683.0,,
7KRRVA,công viên,Công viên Vườn Lài,745.0,,
7KRRVA,siêu thị,Busy Morning Market,212.0,,
7KRRVA,siêu thị,Siêu Thị Aeon Citimart Cao Thắng,318.0,,
7KRRVA,siêu thị,Siêu Thị Co.opmart,478.0,,
7KRRVA,trung tâm thương mại,Vincom Plaza Ba Tháng Hai,582.0,,
7KRRVA,trung tâm thương mại,Cừa hàng Saigon Hobby,593.0,,
7KRRVA,trung tâm thương mại,phu quy,624.0,,
85CKJ3,chợ,Chợ Hoàng Hoa Thám,506.0,,
85CKJ3,chợ,Chợ Bà Hoa,725.0,,
85CKJ3,chợ,Chợ Bàu Cát,1200.0,,
85CKJ3,trường học,"Trường Tiểu hoc, Trung học cơ sở & Trung học phổ thông Thanh Bình",262.0,,
85CKJ3,trường học,Trường Quốc tế Á Châu,351.0,,
85CKJ3,trường học,Trường Tiểu học Cách Mạng Tháng Tám CS1,354.0,,
85CKJ3,bệnh viện,Bệnh viện Đa khoa Tân Bình,554.0,,
85CKJ3,bệnh viện,Bệnh viện Thống Nhất,731.0,,
85CKJ3,bệnh viện,Bệnh viện 1A,950.0,,
85CKJ3,công viên,Công viên Nhà thi đấu Tân Bình,412.0,,
85CKJ3,công viên,Công viên Bàu Cát 3,1100.0,,
85CKJ3,công viên,Công viên Hoàng Văn Thụ,1600.0,,
85CKJ3,siêu thị,Bách Hóa Xanh,1200.0,,
85CKJ3,siêu thị,WinMart,1300.0,,
85CKJ3,siêu thị,Siêu thị GO! Âu Cơ,1500.0,,
85CKJ3,trung tâm thương mại,Pico Plaza,454.0,,
85CKJ3,trung tâm thương mại,LOTTE Mart Cộng Hòa,460.0,,
85CKJ3,trung tâm thương mại,Bách hóa tổng hợp,1600.0,,
GX3AK2,chợ,Chợ Bình Trị Đông,741.0,,
GX3AK2,chợ,Chợ Kiến Đức,1200.0,,
GX3AK2,chợ,Chợ Cây Da Sà,1500.0,,
GX3AK2,trường học,Trường Trung học cơ sở Bình Trị Đông A,324.0,,
GX3AK2,trường học,Trường Trung học cơ sở Bình Trị Đông B,654.0,,
GX3AK2,trường học,Trường Trung học phổ thông Nguyễn Hữu Cảnh,768.0,,
GX3AK2,bệnh viện,Bệnh viện Đa khoa Bình Tân,448.0,,
GX3AK2,bệnh viện,Bệnh Viện Quốc Tế Minh Anh,1800.0,,
GX3AK2,công viên,Công viên Đường số 25,1100.0,,
GX3AK2,công viên,Công viên Da Sà,1500.0,,
GX3AK2,công viên,Cong Vien khu pho 9,1600.0,,
GX3AK2,siêu thị,Siêu thị Co.opmart Bình Tân 2,625.0,,
GX3AK2,siêu thị,Túi Giấy Giá Rẻ,733.0,,
GX3AK2,siêu thị,Bách Hóa Xanh,1100.0,,
GX8H42,chợ,Chợ Võ Thành Trang,477.0,,
GX8H42,chợ,Chợ Tân Phú,697.0,,
GX8H42,chợ,Chợ Bàu Cát,1000.0,,
GX8H42,trường học,Trường Tiểu học Tân Sơn Nhì,237.0,,
GX8H42,trường học,Trường Trung học cơ sở Trần Quang Khải,252.0,,
GX8H42,trường học,Trường Chuyên biệt Bình Minh - CS2,396.0,,
GX8H42,bệnh viện,Bệnh Viện Đa Khoa Mỹ Đức,787.0,,
GX8H42,bệnh viện,Bệnh viện Đa khoa Tân Phú,1700.0,,
GX8H42,công viên,Công viên Bàu Cát 3,804.0,,
GX8H42,công viên,Địa đạo Phú Thọ Hòa,1600.0,,
GX8H42,công viên,Công viên Tân Phú,1600.0,,
GX8H42,siêu thị,Cửa Hàng Cung Cấp Đồ Hóa Trang Hoa Chí Tín,863.0,,
GX8H42,siêu thị,Cửa Hàng 137FoodMart,890.0,,
GX8H42,siêu thị,Siêu thị GO! Âu Cơ,999.0,,
GX8H42,trung tâm thương mại,Cửa Hàng Gạo Hạt Ngọc Trời,1900.0,,
GX8H42,trung tâm thương mại,Bách hóa tổng hợp,2000.0,,
GX8H42,trung tâm thương mại,Nhà đậu xe Aeon Mall Tân Phú Celadon;Commercial_AEONMallTanPhu Storie 4,2000.0,,
WPTXSR,chợ,Chợ Thạnh Xuân,649.0,,
WPTXSR,chợ,Chợ Cầu Đồng,999.0,,
WPTXSR,trường học,Trường Trung học cơ sở Trần Hưng Đạo,524.0,,
WPTXSR,trường học,Trường Trung học phổ thông Thạnh Lộc,556.0,,
WPTXSR,trường học,Trường Tiểu học Hà Huy Giáp,571.0,,
WPTXSR,công viên,"Công viên Gò Sao , Thạnh Xuân, Quận 12",1600.0,,
WPTXSR,siêu thị,WinMart,1700.0,,
WPTXSR,siêu thị,FamilyMart,1700.0,,
DEEJ0H,chợ,Chợ Phú Thuận,994.0,,
DEEJ0H,chợ,Chợ Tân Mỹ,1600.0,,
DEEJ0H,trường học,Trường Tiểu học Phú Thuận,121.0,,
DEEJ0H,trường học,Trường Tiểu học Lê Anh Xuân,628.0,,
DEEJ0H,trường học,Trường Quốc tế Việt Úc - Cơ sở Riverside,776.0,,
DEEJ0H,bệnh viện,BỆNH VIỆN MẮT,1100.0,,
DEEJ0H,bệnh viện,Bệnh viện Đa khoa Nguyễn Thị Thập,1100.0,,
DEEJ0H,bệnh viện,Nhà Thuốc Thái Thanh,1200.0,,
DEEJ0H,công viên,Eco Green Central Park,1700.0,,
DEEJ0H,công viên,Công viên Nam Viên,1800.0,,
DEEJ0H,công viên,Công viên nội khu,1900.0,,
DEEJ0H,siêu thị,Siêu thị Finelife Riviera Point,724.0,,
DEEJ0H,siêu thị,BHX 163 Trần Trọng Cung,764.0,,
DEEJ0H,siêu thị,WinMart,828.0,,
DEEJ0H,trung tâm thương mại,Tiệm Đồ Hồi Giáo,711.0,,
DEEJ0H,trung tâm thương mại,Vincom Plus Nam Long Quận 7,808.0,,
DEEJ0H,trung tâm thương mại,Parkson,1500.0,,
1UUAD6,chợ,Chợ Bà Hom,570.0,,
1UUAD6,trường học,Trường Trung học cơ sở Hồ Văn Long,139.0,,
1UUAD6,trường học,Trường Trung học cơ sở Tân Tạo,333.0,,
1UUAD6,trường học,Trường Tiểu học Tân Tạo,423.0,,
1UUAD6,bệnh viện,Bệnh viện Đa khoa Bình Tân,1500.0,,
1UUAD6,công viên,Công viên Tecco Town,813.0,,
1UUAD6,công viên,Cong Vien khu pho 9,985.0,,
1UUAD6,siêu thị,Túi Giấy Giá Rẻ,1100.0,,
1UUAD6,siêu thị,Siêu thị Co.opmart Bình Tân 2,1400.0,,
1UUAD6,siêu thị,Co.op Food,1400.0,,
9TZVCP,chợ,Chợ Thạnh Xuân,196.0,,
9TZVCP,chợ,Chợ Cầu Đồng,1200.0,,
9TZVCP,trường học,Trường Tiểu học Hà Huy Giáp,141.0,,
9TZVCP,trường học,Trường Trung Học Cơ Sở Lương Thế Vinh,214.0,,
9TZVCP,trường học,Trường Trung học cơ sở Trần Hưng Đạo,248.0,,
CWEY5B,chợ,Chợ Thạnh Xuân,140.0,,
CWEY5B,chợ,Chợ Cầu Đồng,1300.0,,
CWEY5B,trường học,Trường Trung Học Cơ Sở Lương Thế Vinh,75.0,,
CWEY5B,trường học,Trường Tiểu học Hà Huy Giáp,294.0,,
CWEY5B,trường học,Trường Trung học cơ sở Trần Hưng Đạo,368.0,,
6U6DK8,chợ,Chợ Bình Thới,101.0,,
6U6DK8,chợ,Chợ Chim Xanh,918.0,,
6U6DK8,chợ,Chợ Hoa Tươi Đầm Sen,1100.0,,
6U6DK8,trường học,Trường Tiểu học Nguyễn Bá Ngọc,124.0,,
6U6DK8,trường học,Trường Trung học cơ sở Nguyễn Văn Phú,341.0,,
6U6DK8,trường học,Trường Trung học cơ sở Lê Anh Xuân,389.0,,
6U6DK8,bệnh viện,Bệnh viện Đa khoa Lãnh Binh Thăng,618.0,,
6U6DK8,bệnh viện,Bệnh viện Đa khoa Bình Phú,1700.0,,
6U6DK8,bệnh viện,Bệnh viện Chợ Rẫy,1900.0,,
6U6DK8,công viên,Công Viên Văn hóa Đầm Sen,742.0,,
6U6DK8,công viên,Công viên Dương Đình Nghệ,875.0,,
6U6DK8,công viên,Công viên Lãnh Binh Thăng,892.0,,
6U6DK8,siêu thị,Co.opmart Hậu Giang,1100.0,,
6U6DK8,siêu thị,Co.opMart Phú Lâm,1100.0,,
6U6DK8,siêu thị,Bách Hóa XANH,1300.0,,
6U6DK8,trung tâm thương mại,The Garden Mall,1600.0,,
6U6DK8,trung tâm thương mại,Lotte Department Store,1700.0,,
6U6DK8,trung tâm thương mại,Lotteria,1700.0,,
RPSZHJ,trường học,Trường Chuyên biệt Bình Tân,250.0,,
RPSZHJ,trường học,Trường Tiểu học Trần Văn Ơn,295.0,,
RPSZHJ,trường học,Trường Trung học cơ sở & Trung học phổ thông Chu Văn An,539.0,,
RPSZHJ,công viên,Công viên Gia Phú,1800.0,,
RPSZHJ,công viên,Công viên Hồ trái tim,1900.0,,
RPSZHJ,công viên,Công viên Thuận Kiều,1900.0,,
RZ2PGJ,chợ,Chợ Hạnh Thông Tây,152.0,,
RZ2PGJ,chợ,Chợ Xóm Mới,1600.0,,
RZ2PGJ,chợ,Chợ An Hội,1800.0,,
RZ2PGJ,trường học,Trường Tiểu học Chi Lăng,222.0,,
RZ2PGJ,trường học,Trường Tiểu học Nguyễn Thị Minh Khai,354.0,,
RZ2PGJ,trường học,Trường Trung học cơ sở Thông Tây Hội (cơ sở 2),365.0,,
RZ2PGJ,bệnh viện,Bệnh viện Đa khoa Gò Vấp,264.0,,
RZ2PGJ,công viên,Mercedes Sidewalk park,493.0,,
RZ2PGJ,công viên,Công viên Làng Hoa Gò Vấp,733.0,,
RZ2PGJ,công viên,Công viên Hòa Bình,1100.0,,
RZ2PGJ,siêu thị,WinMart,873.0,,
RZ2PGJ,siêu thị,Co.opmart SCA Phạm Văn Chiêu,1800.0,,
RZ2PGJ,siêu thị,Co-opmart Liên Hiệp Thành phố Hồ Chí Minh,1900.0,,
RZ2PGJ,trung tâm thương mại,Lotte Department Store,1300.0,,
RZ2PGJ,trung tâm thương mại,669,1600.0,,
RZ2PGJ,trung tâm thương mại,Thế Giới Sữa,1600.0,,
40AQJF,chợ,Chợ Tân Phú 2,721.0,,
40AQJF,chợ,Circle K,845.0,,
40AQJF,chợ,Co.op Food - Trịnh Đình Thảo,851.0,,
40AQJF,trường học,Trường Trung học cơ sở Lê Anh Xuân,502.0,,
40AQJF,trường học,Trường Trung học cơ sở Đồng Khởi,611.0,,
40AQJF,trường học,Trường Trung học phổ thông Nhân Việt,729.0,,
40AQJF,bệnh viện,Bệnh viện Đa khoa Tân Phú,1100.0,,
40AQJF,công viên,Địa đạo Phú Thọ Hòa,181.0,,
40AQJF,công viên,Công viên Tân Phú,537.0,,
40AQJF,công viên,Công viên Bàu Cát 3,1600.0,,
40AQJF,siêu thị,Phụ Kiện Bida Minh Điền,317.0,,
40AQJF,siêu thị,USAMua - Mua Hàng Mỹ,588.0,,
40AQJF,siêu thị,Siêu Thị Auchan Lũy Bán Bích,827.0,,
40AQJF,trung tâm thương mại,Cửa Hàng Gạo Hạt Ngọc Trời,505.0,,
40AQJF,trung tâm thương mại,Bách hóa tổng hợp,1600.0,,
40AQJF,trung tâm thương mại,Cửa Hàng Thực Phẩm Tiện Lợi Satra Food,1700.0,,
QA0YBU,chợ,Chợ Gò Vấp,1100.0,,
QA0YBU,chợ,Chợ Cây Điệp,1500.0,,
QA0YBU,chợ,Chợ Bình Triệu,2000.0,,
QA0YBU,trường học,Trường Quốc tế Việt Úc - Cơ sở Garden Hills,316.0,,
QA0YBU,trường học,Trường Tiểu học Nguyễn Viết Xuân,477.0,,
QA0YBU,trường học,Trường Tiểu học Phan Văn Trị,561.0,,
QA0YBU,bệnh viện,Bệnh viện Quân y 175,2000.0,,
QA0YBU,công viên,Công viên Bến Hải,375.0,,
QA0YBU,công viên,Công viên Đặng Thùy Trâm,1000.0,,
QA0YBU,công viên,Công viên trung tâm HCA,1400.0,,
QA0YBU,siêu thị,emart,455.0,,
QA0YBU,siêu thị,Siêu Thị Bình Hòa,898.0,,
QA0YBU,siêu thị,Lẩu cá kèo,904.0,,
QA0YBU,trung tâm thương mại,Trung Tâm Thương Mại Vincom Plaza Gò Vấp,934.0,,
QA0YBU,trung tâm thương mại,Tạp hóa Hoàng Dũng,1400.0,,
QA0YBU,trung tâm thương mại,tạp hóa anh Trung,1700.0,,
PNTAJG,chợ,Chợ Bình Trưng,745.0,,
PNTAJG,chợ,Chợ Cây Xoài,1000.0,,
PNTAJG,chợ,Co.op Mart,1800.0,,
PNTAJG,trường học,Trường tiểu học Giồng Ông Tố,168.0,,
PNTAJG,trường học,Trường Trung học cơ sở Giồng Ông Tố,562.0,,
PNTAJG,trường học,Trường Trung học phổ thông Giồng Ông Tố,580.0,,
PNTAJG,bệnh viện,Bệnh viện Lê Văn Thịnh,940.0,,
PNTAJG,bệnh viện,Trạm Y tế phường Bình Trưng Đông,1400.0,,
PNTAJG,bệnh viện,Bệnh viện Quốc tế Mỹ AIH,1800.0,,
PNTAJG,công viên,Công viên Lê Hữu Kiều,488.0,,
PNTAJG,công viên,Công viên Hà Đô,1100.0,,
PNTAJG,công viên,Công viên Ngã Ba An Phú,1200.0,,
PNTAJG,siêu thị,SatraFoods,226.0,,
PNTAJG,siêu thị,WinMart,309.0,,
PNTAJG,siêu thị,Siêu thị Bách hóa XANH,701.0,,
PNTAJG,trung tâm thương mại,Vincom Quận 2,764.0,,
6S3X98,chợ,Chợ Thạnh Xuân,1100.0,,
6S3X98,chợ,Chợ Cầu Đồng,1600.0,,
6S3X98,trường học,Trường Trung Học Cơ Sở Lương Thế Vinh,994.0,,
6S3X98,trường học,Trường Tiểu học Hà Huy Giáp,1200.0,,
6S3X98,trường học,Trường Trung học cơ sở Trần Hưng Đạo,1200.0,,
6S3X98,công viên,"Công viên Gò Sao , Thạnh Xuân, Quận 12",1200.0,,
6S3X98,công viên,Công viên Chung cư Phú An,1800.0,,
6S3X98,siêu thị,WinMart,1200.0,,
6S3X98,siêu thị,FamilyMart,1200.0,,
353NTQ,chợ,Chợ An Nhơn,648.0,,
353NTQ,chợ,Chợ Xóm Mới,1600.0,,
353NTQ,trường học,Trường Tiểu học Lê Đức Thọ,456.0,,
353NTQ,trường học,Trường Trung học phổ thông Trần Hưng Đạo,485.0,,
353NTQ,trường học,"Trường Tiểu học Pathway Tuệ Đức - Cơ sở Hà Huy Giáp, Quận 12",567.0,,
353NTQ,bệnh viện,Phòng Khám Đa Khoa Hữu Nghị,118.0,,
353NTQ,công viên,Công viên Văn hóa Gò Vấp,932.0,,
353NTQ,công viên,Công viên Hòa Bình,1500.0,,
353NTQ,siêu thị,WinMart,1800.0,,
353NTQ,siêu thị,Co.opmart Phan Văn Trị,2000.0,,
353NTQ,trung tâm thương mại,Thu giang,656.0,,
353NTQ,trung tâm thương mại,Thiên hương,1000.0,,
353NTQ,trung tâm thương mại,571,1000.0,,
C4PZCB,chợ,Chọ mini,110.0,,
C4PZCB,chợ,An Dong Market,333.0,,
C4PZCB,chợ,Khu chợ nhỏ,648.0,,
C4PZCB,trường học,Trường Trung học phổ thông Vạn Hạnh,270.0,,
C4PZCB,trường học,Trường Trung học phổ thông Nguyễn Khuyến,270.0,,
C4PZCB,trường học,Trường Trung học cơ sở Lạc Hồng B,272.0,,
C4PZCB,bệnh viện,Viện Tim Thành phố Hồ Chí Minh,211.0,,
C4PZCB,bệnh viện,Bệnh viện Đa Khoa Vạn Hạnh,211.0,,
C4PZCB,bệnh viện,Bệnh viện Nhân dân 115,375.0,,
C4PZCB,công viên,Công viên Vườn Lài,309.0,,
C4PZCB,công viên,Khu du lịch Kỳ Hòa,516.0,,
C4PZCB,công viên,Công viên nội bộ chung cư Hòa Bình,938.0,,
C4PZCB,siêu thị,Co.op Xtra,199.0,,
C4PZCB,siêu thị,Siêu thị Sài Gòn (SATRA MART),358.0,,
C4PZCB,siêu thị,Của Hàng Tạp Hóa TA,545.0,,
C4PZCB,trung tâm thương mại,Vạn Hạnh Mall,210.0,,
C4PZCB,trung tâm thương mại,Cừa hàng Saigon Hobby,1200.0,,
C4PZCB,trung tâm thương mại,Vincom Plaza Ba Tháng Hai,1500.0,,
9N2E1P,chợ,Chợ Thạnh Xuân,246.0,,
9N2E1P,chợ,Chợ Cầu Đồng,1500.0,,
9N2E1P,trường học,Trường Trung Học Cơ Sở Lương Thế Vinh,182.0,,
9N2E1P,trường học,Trường Tiểu học Hà Huy Giáp,497.0,,
9N2E1P,trường học,Trường Trung học cơ sở Trần Hưng Đạo,564.0,,
9N2E1P,công viên,"Công viên Gò Sao , Thạnh Xuân, Quận 12",2000.0,,
9N2E1P,siêu thị,WinMart,2000.0,,
85BW23,chợ,Chợ Xóm Mới,460.0,,
85BW23,chợ,Chợ Hạnh Thông Tây,1700.0,,
85BW23,chợ,Chợ An Hội,2000.0,,
85BW23,trường học,Trường Tiểu Học Lê Văn Thọ,214.0,,
85BW23,trường học,Trường Tiểu học Phan Chu Trinh - cơ sở 1,266.0,,
85BW23,trường học,Trường Tiểu Học Phan Chu Trinh- Cơ Sở 2,361.0,,
85BW23,bệnh viện,Bệnh viện Đa khoa Gò Vấp,1800.0,,
85BW23,công viên,Công viên Làng Hoa Gò Vấp,1000.0,,
85BW23,công viên,Mercedes Sidewalk park,1600.0,,
85BW23,công viên,Công viên Chung cư Phú An,1700.0,,
85BW23,siêu thị,Co.opmart SCA Phạm Văn Chiêu,724.0,,
85BW23,siêu thị,FamilyMart,1700.0,,
85BW23,siêu thị,WinMart,1700.0,,
85BW23,trung tâm thương mại,Thế Giới Sữa,872.0,,
85BW23,trung tâm thương mại,669,911.0,,
85BW23,trung tâm thương mại,571,991.0,,
7KRRUA,chợ,Chợ Tân Hưng (Chợ Ông Địa),303.0,,
7KRRUA,chợ,Chợ Nam Hòa,796.0,,
7KRRUA,chợ,Chợ Trần Văn Quang,893.0,,
7KRRUA,trường học,Trường Tiểu Học Đức Trí,27.0,,
7KRRUA,trường học,Trường Tiểu Học Ngọc Hồi,194.0,,
7KRRUA,trường học,Trường Trung học cơ sở Lý Thường Kiệt,209.0,,
7KRRUA,bệnh viện,Trung Tâm Hiến Múa Nhân Đạo,285.0,,
7KRRUA,bệnh viện,Bệnh viện Trưng Vương,938.0,,
7KRRUA,bệnh viện,Bệnh viện 1A,1200.0,,
7KRRUA,công viên,Công viên Tân Phước,413.0,,
7KRRUA,công viên,Công viên Chung cư Lê Thị Riêng,1100.0,,
7KRRUA,công viên,Công viên Hoa hồng,1300.0,,
7KRRUA,siêu thị,Siêu Thị Co.opMart - Phú Thọ,815.0,,
7KRRUA,siêu thị,WinMart,1000.0,,
7KRRUA,siêu thị,MiniMart,1100.0,,
7KRRUA,trung tâm thương mại,Bách hóa tổng hợp,1100.0,,
7KRRUA,trung tâm thương mại,Lotte Department Store,1700.0,,
7KRRUA,trung tâm thương mại,Lotteria,1700.0,,
5H4ZJ7,chợ,Chợ Cây Da Sà,293.0,,
5H4ZJ7,chợ,Chợ Tân Hòa Đông,802.0,,
5H4ZJ7,chợ,Chợ Kiến Đức,860.0,,
5H4ZJ7,trường học,Trường Tiểu học Bùi Hữu Nghĩa,107.0,,
5H4ZJ7,trường học,Trường Trung học cơ sở An Lạc,129.0,,
5H4ZJ7,trường học,Trường Tiểu học An Lạc 2,205.0,,
5H4ZJ7,bệnh viện,Bệnh Viện Quốc Tế Minh Anh,1200.0,,
5H4ZJ7,bệnh viện,Bệnh viện Đa khoa Bình Phú,1700.0,,
5H4ZJ7,bệnh viện,Bệnh viện Triều An,1800.0,,
5H4ZJ7,công viên,Công viên Da Sà,477.0,,
5H4ZJ7,công viên,Công viên Bãi Cát,759.0,,
5H4ZJ7,công viên,Công viên Phú Lâm,894.0,,
5H4ZJ7,siêu thị,Kingfoodmart,546.0,,
5H4ZJ7,siêu thị,Satra Foods,662.0,,
5H4ZJ7,siêu thị,Đào Nguyên,717.0,,
5H4ZJ7,trung tâm thương mại,Nhi,1500.0,,
5H4ZJ7,trung tâm thương mại,ÆON MALL Bình Tân,1800.0,,
WP2KPR,chợ,Chợ Bốn Xã mới,907.0,,
WP2KPR,chợ,Chợ Bình Long,1100.0,,
WP2KPR,chợ,Chợ Bình Trị Đông,1100.0,,
WP2KPR,trường học,Trường Trung học cơ sở Lý Thường Kiệt,184.0,,
WP2KPR,trường học,Trường Tiểu học Bình Trị 1,555.0,,
WP2KPR,trường học,Trường Trung học cơ sở Bình Trị Đông,636.0,,
WP2KPR,bệnh viện,Bệnh viện Đa khoa Bình Tân,1400.0,,
WP2KPR,công viên,Công Viên 158 Phan Anh,1800.0,,
WP2KPR,siêu thị,Bách Hóa Xanh,190.0,,
WP2KPR,siêu thị,Siêu thị Đại Gia Hỷ,716.0,,
WP2KPR,siêu thị,Cửa hàng nội thất Auli Star,1000.0,,
WP2KPR,trung tâm thương mại,Cửa Hàng Thực Phẩm Tiện Lợi Satra Food,858.0,,
WP2KPR,trung tâm thương mại,Cửa Hàng Gạo Hạt Ngọc Trời,1900.0,,
RG2BCJ,chợ,Chợ Hạnh Thông Tây,741.0,,
RG2BCJ,chợ,Chợ Xóm Mới,1100.0,,
RG2BCJ,chợ,Chợ An Hội,1500.0,,
RG2BCJ,trường học,Trường Tiểu Học Bán Trú - Nội Trú Nhật Tân,287.0,,
RG2BCJ,trường học,Trường Trung học cơ sở Nguyễn Du,498.0,,
RG2BCJ,trường học,Trường Trung học phổ thông Nguyễn Công Trứ,684.0,,
RG2BCJ,bệnh viện,Bệnh viện Đa khoa Gò Vấp,931.0,,
RG2BCJ,công viên,Công viên Làng Hoa Gò Vấp,188.0,,
RG2BCJ,công viên,Mercedes Sidewalk park,661.0,,
RG2BCJ,công viên,Isuzu sidewalk park,1200.0,,
RG2BCJ,siêu thị,Co.opmart SCA Phạm Văn Chiêu,1100.0,,
RG2BCJ,siêu thị,WinMart,1300.0,,
RG2BCJ,siêu thị,Co-opmart Liên Hiệp Thành phố Hồ Chí Minh,1600.0,,
RG2BCJ,trung tâm thương mại,Thế Giới Sữa,1200.0,,
RG2BCJ,trung tâm thương mại,669,1200.0,,
RG2BCJ,trung tâm thương mại,571,1300.0,,
5HHHD7,chợ,Chợ Cầu,1200.0,,
5HHHD7,chợ,Chợ An Hội,1700.0,,
5HHHD7,trường học,Trường Trung học Phổ thông Việt Âu,467.0,,
5HHHD7,trường học,Trường Trung học cơ sở Huỳnh Văn Nghệ,710.0,,
5HHHD7,trường học,Trường Tiểu học Lê Quý Đôn,721.0,,
5HHHD7,bệnh viện,Bệnh viện Đa khoa Trung Mỹ Tây,1200.0,,
5HHHD7,công viên,Công viên Phần mềm Quang Trung,1400.0,,
5HHHD7,công viên,Công viên Chung cư Phú An,2000.0,,
5HHHD7,siêu thị,MM Mega Market Hiệp Phú,1100.0,,
5HHHD7,siêu thị,Co.opmart SCA Phạm Văn Chiêu,1500.0,,
5HHHD7,siêu thị,Co-opmart Liên Hiệp Thành phố Hồ Chí Minh,1700.0,,
5HHHD7,trung tâm thương mại,Tân phước,1200.0,,
5HHHD7,trung tâm thương mại,Nhà Phân Phối Diana Unicharm,1600.0,,
85S2A3,chợ,Chợ Hạnh Thông Tây,1100.0,,
85S2A3,chợ,Chợ An Nhơn,1800.0,,
85S2A3,trường học,Trường Trung học cơ sở Thông Tây Hội (cơ sở 2),709.0,,
85S2A3,trường học,Trường Tiểu học Nguyễn Thị Minh Khai,739.0,,
85S2A3,trường học,Trường Trung học cơ sở&Trung học phổ thông Hồng Hà,760.0,,
85S2A3,bệnh viện,Bệnh viện Đa khoa Gò Vấp,802.0,,
85S2A3,bệnh viện,Bệnh viện Quân y 175,1900.0,,
85S2A3,công viên,Công viên Hòa Bình,902.0,,
85S2A3,công viên,Mercedes Sidewalk park,1500.0,,
85S2A3,công viên,Công viên Làng Hoa Gò Vấp,1800.0,,
85S2A3,siêu thị,WinMart,643.0,,
85S2A3,siêu thị,Co.opmart Phan Văn Trị,1700.0,,
85S2A3,trung tâm thương mại,Vincom Plaza Quang Trung,697.0,,
85S2A3,trung tâm thương mại,Lotte Department Store,1100.0,,
85S2A3,trung tâm thương mại,Saigon Mall Gò Vấp,1200.0,,
SDYB35,chợ,Chợ Vườn Lài,545.0,,
SDYB35,chợ,Chợ Cầu Đồng,1200.0,,
SDYB35,trường học,Trường Mầm Non Bông Hồng,878.0,,
SDYB35,trường học,Trường Trung học cơ sở An Phú Đông,884.0,,
SDYB35,trường học,Trường Tiểu Học Phạm Văn Chiêu,947.0,,
SDYB35,siêu thị,Xường công nghệ cao,1000.0,,
SDYB35,trung tâm thương mại,Tạp hóa Hiền Trâm,749.0,,
SAGKW5,chợ,Chợ Hoàng Hoa Thám,456.0,,
SAGKW5,chợ,Chợ Võ Thành Trang,642.0,,
SAGKW5,chợ,Chợ Bàu Cát,1100.0,,
SAGKW5,trường học,Trường Tiểu học Yên Thế,96.0,,
SAGKW5,trường học,Xuất Khẩu Lao Động Esuhai,183.0,,
SAGKW5,trường học,Trường Tiểu học - Trung học cơ sở Khai Nguyên - Cơ sở Quận Tân Bình,425.0,,
SAGKW5,bệnh viện,Bệnh Viện Đa Khoa Mỹ Đức,269.0,,
SAGKW5,bệnh viện,Bệnh viện Đa khoa Tân Bình,1500.0,,
SAGKW5,bệnh viện,Bệnh viện Thống Nhất,1600.0,,
SAGKW5,công viên,Công viên Bàu Cát 3,885.0,,
SAGKW5,công viên,Công viên Nhà thi đấu Tân Bình,1300.0,,
SAGKW5,siêu thị,Pandora Trường Chinh,1200.0,,
SAGKW5,siêu thị,Big C,1200.0,,
SAGKW5,siêu thị,Siêu thị GO! Âu Cơ,1400.0,,
SAGKW5,trung tâm thương mại,LOTTE Mart Cộng Hòa,1000.0,,
SAGKW5,trung tâm thương mại,Pico Plaza,1000.0,,
SAGKW5,trung tâm thương mại,Bách hóa tổng hợp,2000.0,,
QQMSUQ,chợ,Chợ Cầu Dừa,382.0,,
QQMSUQ,chợ,Chợ Cô Giang,437.0,,
QQMSUQ,chợ,Chợ Thái Bình,785.0,,
QQMSUQ,trường học,Trường Tiểu học Chương Dương,197.0,,
QQMSUQ,trường học,Trường Tiểu học Trần Hưng Đạo,326.0,,
QQMSUQ,trường học,Trường Tiểu học Lương Thế Vinh,394.0,,
QQMSUQ,bệnh viện,Bệnh viện Răng Hàm Mặt Thành phố Hồ Chí Minh,355.0,,
QQMSUQ,bệnh viện,Bệnh viện Quận 1 (cơ sở 2),567.0,,
QQMSUQ,bệnh viện,Bệnh Viện Thẩm Mỹ Siam Thailand,670.0,,
QQMSUQ,công viên,Công viên Khánh Hội,675.0,,
QQMSUQ,công viên,Công viên Phường 5,900.0,,
QQMSUQ,công viên,Công viên Cầu Rạch Ông,971.0,,
QQMSUQ,siêu thị,Siêu Thị Tiện Lợi US,246.0,,
QQMSUQ,siêu thị,Ngoc hue,260.0,,
QQMSUQ,siêu thị,Mini Stop,348.0,,
QQMSUQ,trung tâm thương mại,Tạp Hóa Trương Thịnh,56.0,,
QQMSUQ,trung tâm thương mại,Tạp Hóa Quỳnh Loan,66.0,,
QQMSUQ,trung tâm thương mại,Trung Tâm Mua Sắm Russian,407.0,,
QABAAU,chợ,Chợ Thạnh Xuân,774.0,,
QABAAU,trường học,Trường Trung Học Cơ Sở Lương Thế Vinh,756.0,,
QABAAU,trường học,Trường Tiểu học Hà Huy Giáp,1100.0,,
QABAAU,trường học,Trường Trung học cơ sở Trần Hưng Đạo,1200.0,,
7KFTBA,chợ,Chợ Bình Long,1900.0,,
7KFTBA,trường học,Trường Tiểu học Phù Đổng,143.0,,
7KFTBA,trường học,Trung tâm Giáo dục thường xuyên quận Bình Tân,890.0,,
7KFTBA,trường học,Trường Tiểu học Bình Thuận,912.0,,
7KFTBA,bệnh viện,Trạm Y Tế phường Bình Hưng Hòa,1100.0,,
7KFTBA,siêu thị,Bách Hóa Xanh,1800.0,,
7KFTBA,siêu thị,Bách Hóa XXanh 175C Đường Số 8,1800.0,,
7KFTBA,trung tâm thương mại,Cửa Hàng Thực Phẩm Tiện Lợi Satra Food,1900.0,,
40P9GF,chợ,Chợ Xóm Mới,289.0,,
40P9GF,chợ,Chợ Hạnh Thông Tây,1700.0,,
40P9GF,trường học,Trường Tiểu học Phan Chu Trinh - cơ sở 1,157.0,,
40P9GF,trường học,Trường Tiểu Học Lê Văn Thọ,292.0,,
40P9GF,trường học,Trường Tiểu Học Phan Chu Trinh- Cơ Sở 2,332.0,,
40P9GF,bệnh viện,Bệnh viện Đa khoa Gò Vấp,1800.0,,
40P9GF,bệnh viện,Phòng Khám Đa Khoa Hữu Nghị,1800.0,,
40P9GF,công viên,Công viên Làng Hoa Gò Vấp,1100.0,,
40P9GF,công viên,"Công viên Gò Sao , Thạnh Xuân, Quận 12",1600.0,,
40P9GF,công viên,Công viên Chung cư Phú An,1700.0,,
40P9GF,siêu thị,Co.opmart SCA Phạm Văn Chiêu,906.0,,
40P9GF,siêu thị,FamilyMart,1600.0,,
40P9GF,siêu thị,WinMart,1600.0,,
40P9GF,trung tâm thương mại,Thế Giới Sữa,713.0,,
40P9GF,trung tâm thương mại,669,754.0,,
40P9GF,trung tâm thương mại,571,834.0,,
UYABAS,chợ,Chợ Thạnh Xuân,711.0,,
UYABAS,chợ,Chợ Cầu Đồng,1700.0,,
UYABAS,trường học,Trường Tiểu học Hà Huy Giáp,707.0,,
UYABAS,trường học,Trường Trung Học Cơ Sở Lương Thế Vinh,787.0,,
UYABAS,trường học,Trường Trung học cơ sở Trần Hưng Đạo,792.0,,
RG92TJ,trường học,Trường Tiểu học Vĩnh Lộc 1,512.0,,
RG92TJ,trường học,Trường Tiểu Học Trần Quốc Toản,607.0,,
RG92TJ,trường học,Trường Trung học cơ sở Đồng Đen,837.0,,
RG92TJ,trung tâm thương mại,Dịch Vụ Mua Hàng Tại Mỹ,1400.0,,
GNG032,chợ,Chợ Thạnh Xuân,1200.0,,
GNG032,chợ,Chợ Cầu Đồng,1700.0,,
GNG032,trường học,Trường Trung Học Cơ Sở Lương Thế Vinh,1100.0,,
GNG032,trường học,Trường Tiểu học Hà Huy Giáp,1300.0,,
GNG032,trường học,Trường Trung học cơ sở Trần Hưng Đạo,1300.0,,
GNG032,công viên,"Công viên Gò Sao , Thạnh Xuân, Quận 12",1100.0,,
GNG032,công viên,Công viên Chung cư Phú An,1700.0,,
GNG032,siêu thị,WinMart,1100.0,,
GNG032,siêu thị,FamilyMart,1100.0,,
8S8TE3,chợ,Chợ Gò Vấp,606.0,,
8S8TE3,chợ,Chợ Cây Quéo,1100.0,,
8S8TE3,chợ,Chợ Cây Điệp,1400.0,,
8S8TE3,trường học,Trường Trung học cơ sở Nguyễn Văn Trỗi - cơ sở 2,176.0,,
8S8TE3,trường học,Trường Trung học cơ sở Trường Sơn,318.0,,
8S8TE3,trường học,Trường Trung học cơ sở Nguyễn Văn Trỗi,358.0,,
8S8TE3,bệnh viện,Bệnh viện Quân y 175,522.0,,
8S8TE3,bệnh viện,Trạm Y Tế Phường 7 Quận Phú Nhuận,1600.0,,
8S8TE3,bệnh viện,Bệnh viện Ung bướu,1800.0,,
8S8TE3,công viên,Công viên Gia Định,1200.0,,
8S8TE3,công viên,Công viên Khu nhà ở Quân đội,1300.0,,
8S8TE3,công viên,Công viên Bến Hải,1300.0,,
8S8TE3,siêu thị,Lẩu cá kèo,962.0,,
8S8TE3,siêu thị,emart,1100.0,,
8S8TE3,siêu thị,Co.opmart Phan Văn Trị,1300.0,,
8S8TE3,trung tâm thương mại,GO! Go Vap,947.0,,
8S8TE3,trung tâm thương mại,Trung Tâm Thương Mại Vincom Plaza Gò Vấp,1000.0,,
8S8TE3,trung tâm thương mại,Trung Tâm Mua Sắm Nguyễn Kim Gò Vấp,1500.0,,
SDV2Z5,chợ,Chợ Bình Trị Đông,586.0,,
SDV2Z5,chợ,Chợ Cây Da Sà,715.0,,
SDV2Z5,chợ,Chợ Tân Hòa Đông,1100.0,,
SDV2Z5,trường học,Trường Tiểu học Bình Trị Đông,519.0,,
SDV2Z5,trường học,Trường Trung học phổ thông Trần Nhân Tông,717.0,,
SDV2Z5,trường học,Trường Trung học cơ sở An Lạc,768.0,,
SDV2Z5,bệnh viện,Bệnh viện Đa khoa Bình Tân,1600.0,,
SDV2Z5,bệnh viện,Bệnh Viện Quốc Tế Minh Anh,1700.0,,
SDV2Z5,công viên,Công Viên 158 Phan Anh,804.0,,
SDV2Z5,công viên,Công viên Da Sà,967.0,,
SDV2Z5,công viên,Công viên Đường số 25,1000.0,,
SDV2Z5,siêu thị,Bách Hóa Xanh,609.0,,
SDV2Z5,siêu thị,Siêu thị Co.opmart Bình Tân,1100.0,,
SDV2Z5,siêu thị,Kingfoodmart,1200.0,,
SDV2Z5,trung tâm thương mại,Cửa Hàng Thực Phẩm Tiện Lợi Satra Food,2000.0,,
0ZCF59,chợ,Chợ Ngã Ba Bầu,1400.0,,
0ZCF59,chợ,Chợ Hiệp Thành,1500.0,,
0ZCF59,chợ,Chợ Tân Chánh Hiệp,1700.0,,
0ZCF59,trường học,Trường Tiểu học Võ Thị Sáu,663.0,,
0ZCF59,trường học,Trường Trung học cơ sở Trần Quang Khải,733.0,,
0ZCF59,trường học,Trường Tiểu học Nguyễn Thái Bình,953.0,,
0ZCF59,bệnh viện,Bệnh viện Đa khoa Trung Mỹ Tây,1100.0,,
0ZCF59,bệnh viện,188 Beauty Spa quận 12 | Viện thẩm mỹ hàng đầu tpHCM,1500.0,,
0ZCF59,công viên,Công Viên Trúc Lâm,508.0,,
0ZCF59,công viên,Cây xanh,602.0,,
0ZCF59,công viên,The parkland,607.0,,
0ZCF59,siêu thị,CoopMart Hiệp Thành,1500.0,,
0ZCF59,siêu thị,Co-opmart Tô Ký,1700.0,,
0ZCF59,siêu thị,Bách hóa XANH.COM,1700.0,,
0ZCF59,trung tâm thương mại,SuSu,1500.0,,
0ZCF59,trung tâm thương mại,Nhà Phân Phối Diana Unicharm,1500.0,,
YBNCJD,chợ,Chợ Thạnh Xuân,1300.0,,
YBNCJD,trường học,Trường Trung học cơ sở Tô Ngọc Vân,341.0,,
YBNCJD,trường học,Trường Tiểu học Hà Huy Giáp,1400.0,,
YBNCJD,trường học,Trường Trung Học Cơ Sở Lương Thế Vinh,1400.0,,
YBNCJD,trung tâm thương mại,Hương hằng,1900.0,,
7KW3EA,chợ,Chợ Hoàng Hoa Thám,438.0,,
7KW3EA,chợ,Chợ Võ Thành Trang,559.0,,
7KW3EA,chợ,Chợ Bàu Cát,839.0,,
7KW3EA,trường học,Trường Tiểu học - Trung học cơ sở Khai Nguyên - Cơ sở Quận Tân Bình,174.0,,
7KW3EA,trường học,Trường Tiểu học Yên Thế,246.0,,
7KW3EA,trường học,Xuất Khẩu Lao Động Esuhai,281.0,,
7KW3EA,bệnh viện,Bệnh Viện Đa Khoa Mỹ Đức,160.0,,
7KW3EA,bệnh viện,Bệnh viện Đa khoa Tân Bình,1500.0,,
7KW3EA,bệnh viện,Bệnh viện Thống Nhất,1500.0,,
7KW3EA,công viên,Công viên Bàu Cát 3,631.0,,
7KW3EA,công viên,Công viên Nhà thi đấu Tân Bình,1300.0,,
7KW3EA,công viên,Công viên Tân Phú,1900.0,,
7KW3EA,siêu thị,Siêu thị GO! Âu Cơ,1100.0,,
7KW3EA,siêu thị,Pandora Trường Chinh,1200.0,,
7KW3EA,siêu thị,Big C,1300.0,,
7KW3EA,trung tâm thương mại,LOTTE Mart Cộng Hòa,1100.0,,
7KW3EA,trung tâm thương mại,Pico Plaza,1100.0,,
7KW3EA,trung tâm thương mại,Bách hóa tổng hợp,1800.0,,
7KFQFA,chợ,Chợ Tân Trụ,1000.0,,
7KFQFA,chợ,Chợ Sơn Kỳ,1200.0,,
7KFQFA,chợ,Chợ Võ Thành Trang,1200.0,,
7KFQFA,trường học,Trường Trung học phổ thông Hồng Đức,406.0,,
7KFQFA,trường học,Trường Trung học phổ thông Tư Thục Đinh Tiên Hoàng,627.0,,
7KFQFA,trường học,Trường Trung học phổ thông Vĩnh Viễn,633.0,,
7KFQFA,bệnh viện,Bệnh Viện Đa Khoa Mỹ Đức,1500.0,,
7KFQFA,bệnh viện,Yoga trị liệu l Ci Yoga Therapy CN Celadon,2000.0,,
7KFQFA,công viên,Công viên Nguyễn Sỹ Sách,1300.0,,
7KFQFA,siêu thị,Big C,393.0,,
7KFQFA,siêu thị,Pandora Trường Chinh,420.0,,
7KFQFA,siêu thị,Co.op Mart Trường Chinh,862.0,,
7KFQFA,trung tâm thương mại,Nhà đậu xe Aeon Mall Tân Phú Celadon;Commercial_AEONMallTanPhu Storie 4,1900.0,,
37KE8Q,chợ,Chợ Cầu,1700.0,,
37KE8Q,trường học,Trường Trung học Phổ thông Việt Âu,49.0,,
37KE8Q,trường học,Trường Trung học cơ sở Huỳnh Văn Nghệ,635.0,,
37KE8Q,trường học,Trường Tiểu học Lê Quý Đôn,689.0,,
37KE8Q,bệnh viện,Bệnh viện Đa khoa Trung Mỹ Tây,1400.0,,
37KE8Q,bệnh viện,188 Beauty Spa quận 12 | Viện thẩm mỹ hàng đầu tpHCM,1800.0,,
37KE8Q,công viên,Công viên Chung cư Phú An,1500.0,,
37KE8Q,công viên,Công viên Phần mềm Quang Trung,1800.0,,
37KE8Q,siêu thị,MM Mega Market Hiệp Phú,611.0,,
37KE8Q,siêu thị,Co.opmart SCA Phạm Văn Chiêu,1500.0,,
37KE8Q,trung tâm thương mại,Tân phước,723.0,,
37KE8Q,trung tâm thương mại,thảo nguyên 1A,1900.0,,
37KE8Q,trung tâm thương mại,Nhà Phân Phối Diana Unicharm,1900.0,,
5HEED7,chợ,Chợ Cầu Đồng,328.0,,
5HEED7,chợ,Chợ Vườn Lài,968.0,,
5HEED7,chợ,Chợ Thạnh Xuân,1700.0,,
5HEED7,trường học,Trường Trung học cơ sở An Phú Đông,701.0,,
5HEED7,trường học,Trường Mầm Non Bông Hồng,761.0,,
5HEED7,trường học,Trường Tiểu Học Phạm Văn Chiêu,770.0,,
5HEED7,siêu thị,Xường công nghệ cao,1700.0,,
5HEED7,trung tâm thương mại,Tạp hóa Hiền Trâm,1400.0,,
409PZF,chợ,Chợ Xóm Mới,1400.0,,
409PZF,chợ,Chợ Cầu Đồng,2000.0,,
409PZF,trường học,Trường Tiểu học Kim Đồng,1000.0,,
409PZF,trường học,Trường Trung học cơ sở Nguyễn Trãi,1100.0,,
409PZF,trường học,Trường Tiểu Học Lê Hoàn - Cơ Sở 2,1200.0,,
409PZF,công viên,"Công viên Gò Sao , Thạnh Xuân, Quận 12",326.0,,
409PZF,công viên,Công viên Chung cư Phú An,1200.0,,
409PZF,siêu thị,FamilyMart,426.0,,
409PZF,siêu thị,WinMart,446.0,,
409PZF,siêu thị,Co.opmart SCA Phạm Văn Chiêu,2000.0,,
409PZF,trung tâm thương mại,Thế Giới Sữa,1600.0,,
409PZF,trung tâm thương mại,669,1600.0,,
409PZF,trung tâm thương mại,571,1700.0,,
6S55N8,chợ,Chợ Nhật Tảo,237.0,,
6S55N8,chợ,Chợ An Đông,582.0,,
6S55N8,chợ,Chợ Nguyễn Tri Phương,729.0,,
6S55N8,trường học,Trường Trung học cơ sở và Trung học phổ thông Sương Nguyệt Anh,164.0,,
6S55N8,trường học,Trường Tiểu học Nhật Tảo,218.0,,
6S55N8,trường học,Trường Trung học cơ sở Hoàng Văn Thụ,219.0,,
6S55N8,bệnh viện,Bệnh Viện Hòa Hảo,49.0,,
6S55N8,bệnh viện,Trung Tâm Chẩn Đoán Y Khoa Medic - BV Hòa Hảo,58.0,,
6S55N8,bệnh viện,Bệnh viện 30 Tháng 4,545.0,,
6S55N8,công viên,Công viên Hòa Bình,457.0,,
6S55N8,công viên,Bãi Cỏ - Trần Nhân Tôn,547.0,,
6S55N8,công viên,Công viên Chợ Quán,712.0,,
6S55N8,siêu thị,Siêu Thị CoopMart Hùng Vương,441.0,,
6S55N8,siêu thị,B's mart,441.0,,
6S55N8,siêu thị,Familymart,570.0,,
6S55N8,trung tâm thương mại,Trung tâm Thương Mại An Đông Plaza,684.0,,
6S55N8,trung tâm thương mại,Vạn Hạnh Mall,831.0,,
6S55N8,trung tâm thương mại,Cừa hàng Saigon Hobby,926.0,,
DEBJ9H,chợ,Chợ Tân Phú,121.0,,
DEBJ9H,chợ,Chợ Bàu Cát,544.0,,
DEBJ9H,chợ,Chợ Võ Thành Trang,1100.0,,
DEBJ9H,trường học,Trường Trung học cơ sở Phan Bội Châu,336.0,,
DEBJ9H,trường học,Trường Tiểu học chuyên biệt Bình Minh,403.0,,
DEBJ9H,trường học,Trường Trung học cơ sở Trần Quang Khải,669.0,,
DEBJ9H,bệnh viện,Bệnh viện Đa khoa Tân Phú,949.0,,
DEBJ9H,bệnh viện,Bệnh Viện Đa Khoa Mỹ Đức,1100.0,,
DEBJ9H,bệnh viện,Bệnh viện Thống Nhất,1800.0,,
DEBJ9H,công viên,Công viên Bàu Cát 3,545.0,,
DEBJ9H,công viên,Công viên Tân Phú,850.0,,
DEBJ9H,công viên,Địa đạo Phú Thọ Hòa,1000.0,,
DEBJ9H,siêu thị,Siêu thị GO! Âu Cơ,303.0,,
DEBJ9H,siêu thị,Phụ Kiện Bida Minh Điền,938.0,,
DEBJ9H,siêu thị,Cửa Hàng Cung Cấp Đồ Hóa Trang Hoa Chí Tín,1200.0,,
DEBJ9H,trung tâm thương mại,Bách hóa tổng hợp,1300.0,,
DEBJ9H,trung tâm thương mại,Cửa Hàng Gạo Hạt Ngọc Trời,1500.0,,
8URUU3,chợ,Chợ An Hội,1300.0,,
8URUU3,chợ,Chợ Xóm Mới,1300.0,,
8URUU3,chợ,Chợ Hạnh Thông Tây,1700.0,,
8URUU3,trường học,Trường Tiểu học Lam Sơn,40.0,,
8URUU3,trường học,Trường Ngoại Ngữ Pixar - Cơ Sở 2,717.0,,
8URUU3,trường học,Trường Tiểu học Lê Quý Đôn,759.0,,
8URUU3,bệnh viện,Bệnh viện Đa khoa Gò Vấp,2000.0,,
8URUU3,công viên,Công viên Làng Hoa Gò Vấp,1000.0,,
8URUU3,công viên,Isuzu sidewalk park,1300.0,,
8URUU3,công viên,Mercedes Sidewalk park,1500.0,,
8URUU3,siêu thị,Co.opmart SCA Phạm Văn Chiêu,156.0,,
8URUU3,siêu thị,Co-opmart Liên Hiệp Thành phố Hồ Chí Minh,1300.0,,
8URUU3,siêu thị,MM Mega Market Hiệp Phú,1600.0,,
8URUU3,trung tâm thương mại,Tân phước,1500.0,,
8URUU3,trung tâm thương mại,Thế Giới Sữa,1700.0,,
8URUU3,trung tâm thương mại,669,1700.0,,
UD5Y0S,chợ,Chợ Thạnh Xuân,981.0,,
UD5Y0S,chợ,Chợ Cầu Đồng,1300.0,,
UD5Y0S,trường học,Trường Trung học phổ thông Thạnh Lộc,749.0,,
UD5Y0S,trường học,Trường Tiểu học Hà Huy Giáp,760.0,,
UD5Y0S,trường học,Trường Trung học cơ sở Trần Hưng Đạo,767.0,,
0ZKXR9,chợ,Chợ Bình Trị Đông,1100.0,,
0ZKXR9,chợ,Chợ Bà Hom,1500.0,,
0ZKXR9,chợ,Chợ Kiến Đức,1500.0,,
0ZKXR9,trường học,Trường Trung học cơ sở Bình Trị Đông A,496.0,,
0ZKXR9,trường học,Trường Trung học phổ thông Nguyễn Hữu Cảnh,522.0,,
0ZKXR9,trường học,Trường Trung học cơ sở Bình Trị Đông B,861.0,,
0ZKXR9,bệnh viện,Bệnh viện Đa khoa Bình Tân,367.0,,
0ZKXR9,công viên,Cong Vien khu pho 9,1300.0,,
0ZKXR9,công viên,Công viên Đường số 25,1400.0,,
0ZKXR9,công viên,Công viên Da Sà,1800.0,,
0ZKXR9,siêu thị,Túi Giấy Giá Rẻ,374.0,,
0ZKXR9,siêu thị,Siêu thị Co.opmart Bình Tân 2,442.0,,
0ZKXR9,siêu thị,Co.op Food,1100.0,,
WPQGGR,chợ,Chợ An Nhơn,831.0,,
WPQGGR,chợ,Chợ Xóm Mới,897.0,,
WPQGGR,chợ,Chợ Hạnh Thông Tây,1800.0,,
WPQGGR,trường học,Trường Trung học cơ sở Lý Tự Trọng,69.0,,
WPQGGR,trường học,Trường Tiểu học Võ Thị Sáu,266.0,,
WPQGGR,trường học,Trường Giáo dục Chuyên biệt Hy Vọng,293.0,,
WPQGGR,bệnh viện,Phòng Khám Đa Khoa Hữu Nghị,796.0,,
WPQGGR,bệnh viện,Bệnh viện Đa khoa Gò Vấp,1600.0,,
WPQGGR,công viên,Công viên Hòa Bình,1100.0,,
WPQGGR,công viên,Công viên Văn hóa Gò Vấp,1600.0,,
WPQGGR,công viên,Công viên Làng Hoa Gò Vấp,1700.0,,
WPQGGR,siêu thị,WinMart,1300.0,,
WPQGGR,trung tâm thương mại,Thiên hương,296.0,,
WPQGGR,trung tâm thương mại,571,351.0,,
WPQGGR,trung tâm thương mại,669,430.0,,
1UHH56,chợ,Chợ Hoa Hậu Giang,262.0,,
1UHH56,chợ,Chợ Minh Phụng,599.0,,
1UHH56,chợ,Chợ Phú Định,609.0,,
1UHH56,trường học,Trường Trung học cơ sở&Trung học phổ thông Dân Lập Đào Duy Anh,277.0,,
1UHH56,trường học,Trường Trung học phổ thông Quốc Trí,328.0,,
1UHH56,trường học,Trường Trung học cơ sở&Trung học phổ thông Phan Bội Châu Thành phố Hồ Chí Minh,399.0,,
1UHH56,bệnh viện,Bệnh viện Đa khoa Bình Phú,649.0,,
1UHH56,bệnh viện,Bệnh viện Đa khoa Lãnh Binh Thăng,1500.0,,
1UHH56,công viên,Công viên Bình Phú,1100.0,,
1UHH56,công viên,Công viên Bãi Cát,1200.0,,
1UHH56,công viên,Công viên Lò Gốm,1300.0,,
1UHH56,siêu thị,Co.opMart Phú Lâm,520.0,,
1UHH56,siêu thị,Co.opmart Hậu Giang,632.0,,
1UHH56,siêu thị,Co.op Food,736.0,,
1UHH56,trung tâm thương mại,Nhi,1200.0,,
1UHH56,trung tâm thương mại,Phú lâm,1500.0,,
1UHH56,trung tâm thương mại,Satra Centre Mall,1500.0,,
WPTWTR,chợ,Chợ Hiệp Thành,1300.0,,
WPTWTR,trường học,Trường Trung học cơ sở Nguyễn Chí Thanh,986.0,,
WPTWTR,trường học,Trường Tiểu học Nguyễn Thái Bình,1100.0,,
WPTWTR,trường học,Trường Tiểu học Võ Thị Sáu,1300.0,,
WPTWTR,bệnh viện,188 Beauty Spa quận 12 | Viện thẩm mỹ hàng đầu tpHCM,1600.0,,
WPTWTR,công viên,The parkland,969.0,,
WPTWTR,công viên,Cây xanh,989.0,,
WPTWTR,công viên,Công Viên Trúc Lâm,1100.0,,
WPTWTR,siêu thị,CoopMart Hiệp Thành,1400.0,,
WPTWTR,siêu thị,Bách Hóa Hạnh Dương,1600.0,,
WPTWTR,trung tâm thương mại,SuSu,1200.0,,
SDYMW5,chợ,Chợ Hòa Hưng,39.0,,
SDYMW5,chợ,Chợ Chí Hòa,60.0,,
SDYMW5,chợ,Chợ thuốc Quận 10,526.0,,
SDYMW5,trường học,Trường Trung học cơ sở Hòa Hưng,186.0,,
SDYMW5,trường học,Trường Tiểu học Tô Hiến Thành,192.0,,
SDYMW5,trường học,Trường Trung học cơ sở Lương Thế Vinh,302.0,,
SDYMW5,bệnh viện,Bệnh viện Quận 10,896.0,,
SDYMW5,bệnh viện,Bệnh viện Nhân dân 115,1000.0,,
SDYMW5,bệnh viện,Viện Tim Thành phố Hồ Chí Minh,1200.0,,
SDYMW5,công viên,Công viên Chung cư Lê Thị Riêng,812.0,,
SDYMW5,công viên,Khu du lịch Kỳ Hòa,1100.0,,
SDYMW5,công viên,Công viên Vườn Lài,1200.0,,
SDYMW5,siêu thị,Co.opmart Nhiêu Lộc,635.0,,
SDYMW5,siêu thị,Go! Miền Đông,783.0,,
SDYMW5,siêu thị,WinMart,870.0,,
SDYMW5,trung tâm thương mại,Vincom Plaza Ba Tháng Hai,1300.0,,
SDYMW5,trung tâm thương mại,Vạn Hạnh Mall,1400.0,,
SDYMW5,trung tâm thương mại,phu quy,1600.0,,
SDYY15,chợ,Chợ Gò Vấp,381.0,,
SDYY15,chợ,Chợ Cây Quéo,1300.0,,
SDYY15,chợ,Chợ Cây Điệp,1500.0,,
SDYY15,trường học,Trường Trung học cơ sở Nguyễn Văn Trỗi - cơ sở 2,133.0,,
SDYY15,trường học,Trường Mầm non Hồng Nhung,174.0,,
SDYY15,trường học,Trường Trung học cơ sở Trường Sơn,224.0,,
SDYY15,bệnh viện,Bệnh viện Quân y 175,624.0,,
SDYY15,bệnh viện,Trạm Y Tế Phường 7 Quận Phú Nhuận,1900.0,,
SDYY15,bệnh viện,Bệnh viện Ung bướu,2000.0,,
SDYY15,công viên,Công viên Khu nhà ở Quân đội,1100.0,,
SDYY15,công viên,Công viên Bến Hải,1100.0,,
SDYY15,công viên,Công viên Gia Định,1400.0,,
SDYY15,siêu thị,Lẩu cá kèo,740.0,,
SDYY15,siêu thị,emart,917.0,,
SDYY15,siêu thị,Co.opmart Phan Văn Trị,1100.0,,
SDYY15,trung tâm thương mại,Trung Tâm Thương Mại Vincom Plaza Gò Vấp,798.0,,
SDYY15,trung tâm thương mại,GO! Go Vap,804.0,,
SDYY15,trung tâm thương mại,Trung Tâm Mua Sắm Nguyễn Kim Gò Vấp,1300.0,,
85SS03,chợ,Chợ Nguyễn Văn Trỗi,438.0,,
85SS03,chợ,Chợ Chí Hòa,609.0,,
85SS03,chợ,Chợ Hòa Hưng,617.0,,
85SS03,trường học,Trường Tiểu học Trương Quyền,189.0,,
85SS03,trường học,Trường Trung học cơ sở Đoàn Thị Điểm,468.0,,
85SS03,trường học,Trường Tiểu Học Trương Minh Giang,495.0,,
85SS03,bệnh viện,Bệnh viện Tai Mũi Họng Thành phố Hồ Chí Minh,787.0,,
85SS03,bệnh viện,Bệnh viện An Sinh,850.0,,
85SS03,bệnh viện,Bệnh Viện Mắt Việt-Nga,915.0,,
85SS03,công viên,Đài liệt sĩ Quận 3,1100.0,,
85SS03,công viên,Khu du lịch Kỳ Hòa,1300.0,,
85SS03,công viên,Công viên Thích Quảng Đức,1400.0,,
85SS03,siêu thị,Co.opmart Nhiêu Lộc,309.0,,
85SS03,siêu thị,WinMart,401.0,,
85SS03,siêu thị,Co.op Food,440.0,,
85SS03,trung tâm thương mại,Vincom Plaza Ba Tháng Hai,965.0,,
85SS03,trung tâm thương mại,phu quy,1200.0,,
85SS03,trung tâm thương mại,Tạp Hóa Thu Bé Bự,1600.0,,
5DJF57,chợ,Chợ An Dương Vương,296.0,,
5DJF57,chợ,Chợ An Lạc,459.0,,
5DJF57,chợ,Chợ Hồ Trọng Quý,910.0,,
5DJF57,trường học,Trường Tiểu học Lê Công Phép,363.0,,
5DJF57,trường học,Trường Trung học cơ sở Nguyễn Thái Bình,575.0,,
5DJF57,trường học,Trường Trung học phổ thông Bình Phú,631.0,,
5DJF57,bệnh viện,Nhà Thuốc Tây Quàng Hòa,568.0,,
5DJF57,bệnh viện,Bệnh viện Triều An,705.0,,
5DJF57,bệnh viện,Bệnh Viện Quốc Tế Minh Anh,1400.0,,
5DJF57,công viên,Công viên Chung cư Lý Chiêu Hoàng,631.0,,
5DJF57,công viên,Công viên Phú Lâm,929.0,,
5DJF57,công viên,Công viên Bình Phú,1000.0,,
5DJF57,siêu thị,Siêu Thị 7Map,709.0,,
5DJF57,siêu thị,Siêu thị MM Mega Market Bình Phú,849.0,,
5DJF57,siêu thị,WinMart,1200.0,,
5DJF57,trung tâm thương mại,Nhi,766.0,,
5DJF57,trung tâm thương mại,Thiên,828.0,,
5DJF57,trung tâm thương mại,Phú lâm,889.0,,
SC6CE5,chợ,Chợ Thông Dụng,608.0,,
SC6CE5,chợ,Chợ 434,1700.0,,
SC6CE5,chợ,Chợ Tân Long,1800.0,,
SC6CE5,trường học,Trường Trung học An Phú,1800.0,,
SC6CE5,trường học,Trường Trung học cơ sở Tân Đông Hiệp,2000.0,,
SC6CE5,bệnh viện,Bệnh Viện Đa khoa An Phú,2000.0,,
SC6CE5,công viên,Công Viên Icon Central,670.0,,
SC6CE5,siêu thị,GIẶT SẤY D11,1500.0,,
SC6CE5,siêu thị,AUTOMATIC LAUNDRY D11,1500.0,,
SC6CE5,siêu thị,Trung tâm mua sắm KDC viet-sing,1800.0,,
K42E3C,chợ,Chợ Phú Định,1100.0,,
K42E3C,chợ,Chợ Kiến Đức 2,1400.0,,
K42E3C,chợ,Chợ Rạch Cát,1400.0,,
K42E3C,trường học,trường Tiểu học - Trung học cơ sở - Trung học phổ thông Ngô Thời nhiệm Bình Tân,463.0,,
K42E3C,trường học,Trường Trung học cơ sở Bình Tân,492.0,,
K42E3C,trường học,Trường liên cấp quốc tế Royal School,961.0,,
K42E3C,siêu thị,WinMart,1600.0,,
K42E3C,siêu thị,Satra Foods,1700.0,,
9ZMVAP,chợ,Chợ Bà Chiểu,385.0,,
9ZMVAP,chợ,Chợ Cây Điệp,905.0,,
9ZMVAP,chợ,Chợ Đa Kao,1400.0,,
9ZMVAP,trường học,Trường Tiểu học Nguyễn Đình Chiểu,315.0,,
9ZMVAP,trường học,Trường Trung học cơ sở Trương Công Định,556.0,,
9ZMVAP,trường học,Trường Trung học cơ sở Lam Sơn,571.0,,
9ZMVAP,bệnh viện,Bệnh Viện Quốc Tế Columbia Asia,666.0,,
9ZMVAP,bệnh viện,Bệnh viện Ung bướu,701.0,,
9ZMVAP,bệnh viện,Bệnh viện Nhân dân Gia Định,731.0,,
9ZMVAP,công viên,Công viên trung tâm HCA,892.0,,
9ZMVAP,công viên,Công viên Văn hóa Phú Nhuận,1100.0,,
9ZMVAP,công viên,Chung cư City Garden,1700.0,,
9ZMVAP,siêu thị,Focomart,154.0,,
9ZMVAP,siêu thị,Điện thoại VT Mobile,309.0,,
9ZMVAP,siêu thị,Foodmart,623.0,,
GMDY52,chợ,Chợ Hiệp Thành,705.0,,
GMDY52,trường học,Trường Trung học cơ sở Tân Thới Hiệp,741.0,,
GMDY52,trường học,Trường Tiểu học Nguyễn Trãi,878.0,,
GMDY52,trường học,Trường Tiểu học Trần Quốc Toản,909.0,,
GMDY52,bệnh viện,188 Beauty Spa quận 12 | Viện thẩm mỹ hàng đầu tpHCM,740.0,,
GMDY52,công viên,Cây xanh,1800.0,,
GMDY52,công viên,Công Viên Trúc Lâm,1800.0,,
GMDY52,công viên,The parkland,1800.0,,
GMDY52,siêu thị,CoopMart Hiệp Thành,684.0,,
GMDY52,siêu thị,MM Mega Market Hiệp Phú,1900.0,,
GMDY52,trung tâm thương mại,Cửa Hàng Sữa Dony,628.0,,
GMDY52,trung tâm thương mại,thảo nguyên 1A,736.0,,
GMDY52,trung tâm thương mại,SuSu,736.0,,
QAY6SU,chợ,Chợ Cầu,389.0,,
QAY6SU,chợ,Chợ An Hội,867.0,,
QAY6SU,chợ,Chợ An Sương,2000.0,,
QAY6SU,trường học,AVSE,254.0,,
QAY6SU,trường học,Trường Tiểu Học Nguyễn Khuyến,362.0,,
QAY6SU,trường học,Trường Tiểu học An Hội,404.0,,
QAY6SU,bệnh viện,Bệnh viện Đa khoa Trung Mỹ Tây,1700.0,,
QAY6SU,công viên,Isuzu sidewalk park,1300.0,,
QAY6SU,công viên,Công viên Phần mềm Quang Trung,1400.0,,
QAY6SU,công viên,Công viên Làng Hoa Gò Vấp,2000.0,,
QAY6SU,siêu thị,Emart Phan Huy Ích,636.0,,
QAY6SU,siêu thị,Co-opmart Liên Hiệp Thành phố Hồ Chí Minh,781.0,,
QAY6SU,siêu thị,Co.opmart SCA Phạm Văn Chiêu,1600.0,,
QAY6SU,trung tâm thương mại,Nhà Phân Phối Diana Unicharm,1800.0,,
UYAT0S,chợ,Chợ Gò Vấp,654.0,,
UYAT0S,chợ,Chợ Cây Điệp,992.0,,
UYAT0S,chợ,Chợ Cây Quéo,1000.0,,
UYAT0S,trường học,Trường Tiểu học Hanh Thông,381.0,,
UYAT0S,trường học,Trường Tiểu Học Lê Lợi,396.0,,
UYAT0S,trường học,Trường Trung học cơ sở Nguyễn Văn Trỗi - cơ sở 2,401.0,,
UYAT0S,bệnh viện,Bệnh viện Quân y 175,1000.0,,
UYAT0S,bệnh viện,Bệnh viện Ung bướu,1500.0,,
UYAT0S,bệnh viện,Trạm Y Tế Phường 7 Quận Phú Nhuận,1600.0,,
UYAT0S,công viên,Công viên Bến Hải,1000.0,,
UYAT0S,công viên,Công viên Khu nhà ở Quân đội,1400.0,,
UYAT0S,công viên,Công viên trung tâm HCA,1600.0,,
UYAT0S,siêu thị,emart,741.0,,
UYAT0S,siêu thị,Lẩu cá kèo,909.0,,
UYAT0S,siêu thị,WinMart,951.0,,
UYAT0S,trung tâm thương mại,Trung Tâm Thương Mại Vincom Plaza Gò Vấp,986.0,,
UYAT0S,trung tâm thương mại,GO! Go Vap,1300.0,,
UYAT0S,trung tâm thương mại,Trung Tâm Mua Sắm Nguyễn Kim Gò Vấp,1800.0,,
J2P740,chợ,Chợ Hạnh Thông Tây,726.0,,
J2P740,chợ,Chợ An Hội,947.0,,
J2P740,chợ,Chợ Xóm Mới,1800.0,,
J2P740,trường học,Trường Trung học phổ thông Nguyễn Công Trứ,98.0,,
J2P740,trường học,Trường Tiểu học Lương Thế Vinh,457.0,,
J2P740,trường học,"Trường Tiểu Học, Trung học cơ sở&Trung học phổ thông Hermann Gmeiner",701.0,,
J2P740,bệnh viện,Bệnh viện Đa khoa Gò Vấp,1100.0,,
J2P740,công viên,Mercedes Sidewalk park,341.0,,
J2P740,công viên,Isuzu sidewalk park,520.0,,
J2P740,công viên,Công viên Làng Hoa Gò Vấp,591.0,,
J2P740,siêu thị,Co-opmart Liên Hiệp Thành phố Hồ Chí Minh,1100.0,,
J2P740,siêu thị,Co.opmart SCA Phạm Văn Chiêu,1400.0,,
J2P740,siêu thị,WinMart,1700.0,,
J2P740,trung tâm thương mại,Thế Giới Sữa,2000.0,,
J2P740,trung tâm thương mại,669,2000.0,,
02T159,chợ,Chợ An Hội,1400.0,,
02T159,chợ,Chợ Xóm Mới,1500.0,,
02T159,chợ,Chợ Cầu,1700.0,,
02T159,trường học,Trường Tiểu học Lam Sơn,313.0,,
02T159,trường học,Trường Tiểu học Lê Quý Đôn,410.0,,
02T159,trường học,Trường Trung học cơ sở Huỳnh Văn Nghệ,457.0,,
02T159,công viên,Công viên Làng Hoa Gò Vấp,1400.0,,
02T159,công viên,Isuzu sidewalk park,1500.0,,
02T159,công viên,Công viên Chung cư Phú An,1600.0,,
02T159,siêu thị,Co.opmart SCA Phạm Văn Chiêu,384.0,,
02T159,siêu thị,MM Mega Market Hiệp Phú,1300.0,,
02T159,siêu thị,Co-opmart Liên Hiệp Thành phố Hồ Chí Minh,1400.0,,
02T159,trung tâm thương mại,Tân phước,1200.0,,
02T159,trung tâm thương mại,Thế Giới Sữa,2000.0,,
02T159,trung tâm thương mại,669,2000.0,,
KE7M8C,chợ,Chợ Cây Quéo,810.0,,
KE7M8C,chợ,Chợ Nguyễn Đình Chiểu,933.0,,
KE7M8C,chợ,Chợ Gò Vấp,1400.0,,
KE7M8C,trường học,Trường Trung học phổ thông Gò Vấp,347.0,,
KE7M8C,trường học,Trường Tiểu học Trần Văn Ơn,419.0,,
KE7M8C,trường học,Trường Trung học cơ sở Nguyễn Văn Trỗi,474.0,,
KE7M8C,bệnh viện,Bệnh viện Quân y 175,590.0,,
KE7M8C,bệnh viện,Trạm Y Tế Phường 7 Quận Phú Nhuận,1200.0,,
KE7M8C,bệnh viện,Bệnh viện Ung bướu,1700.0,,
KE7M8C,công viên,Công viên Gia Định,606.0,,
KE7M8C,công viên,Botanica Premier Residential Park,1300.0,,
KE7M8C,công viên,Công viên Văn hóa Phú Nhuận,1500.0,,
KE7M8C,siêu thị,CO.OP Mart Nguyễn Kiệm,578.0,,
KE7M8C,siêu thị,WinMart,1600.0,,
KE7M8C,siêu thị,Lẩu cá kèo,1700.0,,
KE7M8C,trung tâm thương mại,GO! Go Vap,1400.0,,
KE7M8C,trung tâm thương mại,Saigon Airport Plaza,1600.0,,
KE7M8C,trung tâm thương mại,Toà Nhà Parkson CT Plaza,1700.0,,
8565X3,chợ,Chợ Đông Thạnh,436.0,,
8565X3,trường học,Trường Tiểu Học Hoàng Hoa Thám,495.0,,
8565X3,trường học,Trường Trung học phổ thông Nguyễn Hữu Tiến,666.0,,
8565X3,trường học,Trường tiểu học Trần Văn Danh,776.0,,
PNR5ZG,chợ,Chợ Tăng Nhơn Phú B,375.0,,
PNR5ZG,chợ,Chợ Tăng Nhơn Phú,1200.0,,
PNR5ZG,chợ,Chợ Phước Long B,1800.0,,
PNR5ZG,trường học,Trường Tiểu học Phong Phú,212.0,,
PNR5ZG,trường học,Trung tâm Giáo dục nghề nghiệp-Giáo dục thường xuyên thành phố Thủ Đức (cơ sở 2),674.0,,
PNR5ZG,trường học,Trường Trung học phổ thông Dương Văn Thì,1200.0,,
PNR5ZG,bệnh viện,Bệnh viện Lê Văn Việt,1300.0,,
PNR5ZG,bệnh viện,Bệnh viện Quân Dân y Miền Đông,1300.0,,
PNR5ZG,công viên,Công viên quận 9,1200.0,,
PNR5ZG,công viên,Công viên Thanh niên,1600.0,,
PNR5ZG,siêu thị,Vincom Lê Văn Việt,1200.0,,
PNR5ZG,siêu thị,Nhà sách Fahasha,1200.0,,
PNR5ZG,siêu thị,Siêu thị Co.op Xtra Linh Xuân,1700.0,,
PNR5ZG,trung tâm thương mại,sỹ diễm,229.0,,
PNR5ZG,trung tâm thương mại,tiến đạt,1800.0,,
1UNB26,chợ,Chợ Tăng Nhơn Phú B,375.0,,
1UNB26,chợ,Chợ Tăng Nhơn Phú,1200.0,,
1UNB26,chợ,Chợ Phước Long B,1800.0,,
1UNB26,trường học,Trường Tiểu học Phong Phú,212.0,,
1UNB26,trường học,Trung tâm Giáo dục nghề nghiệp-Giáo dục thường xuyên thành phố Thủ Đức (cơ sở 2),674.0,,
1UNB26,trường học,Trường Trung học phổ thông Dương Văn Thì,1200.0,,
1UNB26,bệnh viện,Bệnh viện Lê Văn Việt,1300.0,,
1UNB26,bệnh viện,Bệnh viện Quân Dân y Miền Đông,1300.0,,
1UNB26,công viên,Công viên quận 9,1200.0,,
1UNB26,công viên,Công viên Thanh niên,1600.0,,
1UNB26,siêu thị,Vincom Lê Văn Việt,1200.0,,
1UNB26,siêu thị,Nhà sách Fahasha,1200.0,,
1UNB26,siêu thị,Siêu thị Co.op Xtra Linh Xuân,1700.0,,
1UNB26,trung tâm thương mại,sỹ diễm,229.0,,
1UNB26,trung tâm thương mại,tiến đạt,1800.0,,
CW391B,trường học,Trường Trung học cơ sở Nguyễn Thị Hương,187.0,,
CW391B,trường học,Trường Tiểu học Nguyễn Bình (cơ sở 2),304.0,,
CW391B,trường học,Trường mầm non Mạ Non,1000.0,,
CW391B,công viên,Công viên Phú Xuân,383.0,,
CW391B,siêu thị,CoopMart Nguyễn Bình,594.0,,
CW391B,siêu thị,Co.opmart Nguyễn Bình,598.0,,
KFT6RC,chợ,Chợ Bình Thới,812.0,,
KFT6RC,chợ,Chợ Phú Thọ,825.0,,
KFT6RC,chợ,Chợ Thiếc,848.0,,
KFT6RC,trường học,Trường Trung học phổ thông Nam Kỳ Khởi Nghĩa,98.0,,
KFT6RC,trường học,Trường Tiểu học Lê Đình Chinh,156.0,,
KFT6RC,trường học,Trường Trung học cơ sở Hậu Giang,247.0,,
KFT6RC,bệnh viện,Bệnh viện Đa khoa Lãnh Binh Thăng,448.0,,
KFT6RC,bệnh viện,Bệnh viện Chợ Rẫy,1100.0,,
KFT6RC,bệnh viện,Bệnh viện Răng Hàm Mặt Trung ương Thành phố Hồ Chí Minh,1200.0,,
KFT6RC,công viên,Công viên Cây Mai,461.0,,
KFT6RC,công viên,Công viên Dương Đình Nghệ,626.0,,
KFT6RC,công viên,Công viên Lãnh Binh Thăng,692.0,,
KFT6RC,siêu thị,Co.opmart Hậu Giang,1000.0,,
KFT6RC,siêu thị,Coopmart Lý Thường Kiệt,1400.0,,
KFT6RC,siêu thị,Cửa Hàng Mua Sắm Citimart,1400.0,,
KFT6RC,trung tâm thương mại,The Garden Mall,711.0,,
KFT6RC,trung tâm thương mại,Chợ vải Soái Kình Lâm,972.0,,
KFT6RC,trung tâm thương mại,Lotteria,1100.0,,
2MS6AZ,chợ,Chợ Tân Kiểng 1,383.0,,
2MS6AZ,chợ,Chợ Long Kiểng,439.0,,
2MS6AZ,chợ,Chợ Tân Quy,782.0,,
2MS6AZ,trường học,Trường Tiểu Học 1 Tháng 6,204.0,,
2MS6AZ,trường học,Trường PT Dân Lập Văn Hiến,245.0,,
2MS6AZ,trường học,Trường Tiểu học Tăng Bạt Hổ B,345.0,,
2MS6AZ,bệnh viện,Bệnh viện Phước An,994.0,,
2MS6AZ,bệnh viện,Bệnh viện Đa khoa Tân Hưng,1400.0,,
2MS6AZ,bệnh viện,Trung Tâm Y Tế Dự Phòng - Phòng Khám Tiêm Phòng,1400.0,,
2MS6AZ,công viên,Công viên Tôn Thất Thuyết,1100.0,,
2MS6AZ,công viên,Công viên Phường 5,1200.0,,
2MS6AZ,công viên,Công viên Khánh Hội,1400.0,,
2MS6AZ,siêu thị,Night market,312.0,,
2MS6AZ,siêu thị,Satra Foods,454.0,,
2MS6AZ,siêu thị,Chợ 200,487.0,,
2MS6AZ,trung tâm thương mại,Thu,1300.0,,
2MS6AZ,trung tâm thương mại,Lotte Department Store,1400.0,,
2MS6AZ,trung tâm thương mại,LOTTE Mart Quận 7,1400.0,,
EJ0B24,chợ,Chợ An Đông,306.0,,
EJ0B24,chợ,Chợ Nhật Tảo,521.0,,
EJ0B24,chợ,Chợ Lê Hồng Phong,654.0,,
EJ0B24,trường học,Trường Trung học phổ thông Hoà Bình,122.0,,
EJ0B24,trường học,Trường Trung học cơ sở và Trung học phổ thông Sương Nguyệt Anh,145.0,,
EJ0B24,trường học,Trường Phổ thông Đặc biệt Nguyễn Đình Chiểu,193.0,,
EJ0B24,bệnh viện,Bệnh viện 30 Tháng 4,243.0,,
EJ0B24,bệnh viện,Trung Tâm Chẩn Đoán Y Khoa Medic - BV Hòa Hảo,260.0,,
EJ0B24,bệnh viện,Bệnh Viện Hòa Hảo,261.0,,
EJ0B24,công viên,Công viên Hòa Bình,180.0,,
EJ0B24,công viên,Bãi Cỏ - Trần Nhân Tôn,363.0,,
EJ0B24,công viên,Công viên Chợ Quán,432.0,,
EJ0B24,siêu thị,B's mart,147.0,,
EJ0B24,siêu thị,Siêu Thị CoopMart Hùng Vương,182.0,,
EJ0B24,siêu thị,Familymart,265.0,,
EJ0B24,trung tâm thương mại,Trung tâm Thương Mại An Đông Plaza,386.0,,
EJ0B24,trung tâm thương mại,Cừa hàng Saigon Hobby,899.0,,
EJ0B24,trung tâm thương mại,Vạn Hạnh Mall,1100.0,,
ACK5KY,chợ,Chợ An Nhơn,1500.0,,
ACK5KY,chợ,Chợ Gò Vấp,1600.0,,
ACK5KY,chợ,Chợ Hạnh Thông Tây,1800.0,,
ACK5KY,trường học,Trường Trung học cơ sở&Trung học phổ thông Hồng Hà,65.0,,
ACK5KY,trường học,Trường Trung học cơ sở - Trung học phổ thông Bán Trú Nội Trú Hồng Hà - Cơ Sở 4,124.0,,
ACK5KY,trường học,Trường Tiểu học Kim Đồng,350.0,,
ACK5KY,bệnh viện,Bệnh viện Quân y 175,1300.0,,
ACK5KY,bệnh viện,Bệnh viện Đa khoa Gò Vấp,1500.0,,
ACK5KY,công viên,Công viên Hòa Bình,974.0,,
ACK5KY,công viên,Công viên Khu nhà ở Quân đội,1300.0,,
ACK5KY,công viên,Công viên Gia Định,1800.0,,
ACK5KY,siêu thị,Co.opmart Phan Văn Trị,934.0,,
ACK5KY,siêu thị,WinMart,958.0,,
ACK5KY,siêu thị,Lẩu cá kèo,1700.0,,
ACK5KY,trung tâm thương mại,Vincom Plaza Quang Trung,169.0,,
ACK5KY,trung tâm thương mại,Saigon Mall Gò Vấp,491.0,,
ACK5KY,trung tâm thương mại,Trung Tâm Mua Sắm Nguyễn Kim Gò Vấp,499.0,,
EJWGS4,chợ,Chợ An Nhơn,1500.0,,
EJWGS4,chợ,Chợ Hạnh Thông Tây,1500.0,,
EJWGS4,chợ,Chợ Gò Vấp,2000.0,,
EJWGS4,trường học,Trường Trung học cơ sở - Trung học phổ thông Bán Trú Nội Trú Hồng Hà - Cơ Sở 4,288.0,,
EJWGS4,trường học,Trường Trung học cơ sở&Trung học phổ thông Hồng Hà,297.0,,
EJWGS4,trường học,Trường Tiểu học Kim Đồng,693.0,,
EJWGS4,bệnh viện,Bệnh viện Đa khoa Gò Vấp,1100.0,,
EJWGS4,bệnh viện,Bệnh viện Quân y 175,1600.0,,
EJWGS4,công viên,Công viên Hòa Bình,724.0,,
EJWGS4,công viên,Công viên Khu nhà ở Quân đội,1600.0,,
EJWGS4,công viên,Mercedes Sidewalk park,1900.0,,
EJWGS4,siêu thị,WinMart,631.0,,
EJWGS4,siêu thị,Co.opmart Phan Văn Trị,1200.0,,
EJWGS4,trung tâm thương mại,Vincom Plaza Quang Trung,211.0,,
EJWGS4,trung tâm thương mại,Saigon Mall Gò Vấp,692.0,,
EJWGS4,trung tâm thương mại,Trung Tâm Mua Sắm Nguyễn Kim Gò Vấp,787.0,,
85SJQ3,chợ,Chợ Bà Chiểu,326.0,,
85SJQ3,chợ,Chợ Cây Điệp,788.0,,
85SJQ3,chợ,Chợ Cây Quéo,1300.0,,
85SJQ3,trường học,Trường Tiểu học Nguyễn Đình Chiểu,144.0,,
85SJQ3,trường học,Trường Trung học cơ sở Trương Công Định,322.0,,
85SJQ3,trường học,Trường Trung học cơ sở Hà Huy Tập,480.0,,
85SJQ3,bệnh viện,Bệnh Viện Quốc Tế Columbia Asia,387.0,,
85SJQ3,bệnh viện,Bệnh viện Ung bướu,419.0,,
85SJQ3,bệnh viện,Bệnh viện Nhân dân Gia Định,445.0,,
85SJQ3,công viên,Công viên Văn hóa Phú Nhuận,836.0,,
85SJQ3,công viên,Công viên trung tâm HCA,1000.0,,
85SJQ3,công viên,Công viên Lê Văn Tám,1900.0,,
85SJQ3,siêu thị,Điện thoại VT Mobile,92.0,,
85SJQ3,siêu thị,Focomart,381.0,,
85SJQ3,siêu thị,Cửa Hàng Tiện Lợi Shop&Go!,388.0,,
85SJQ3,trung tâm thương mại,Tạp Hóa Thu Bé Bự,1900.0,,
85SJQ3,trung tâm thương mại,MIA  Luggage store,2000.0,,
DBGWYH,chợ,Chợ Liên Ấp 123,1700.0,,
DBGWYH,trường học,Trường Tiểu học Phù Đổng,585.0,,
DBGWYH,trường học,Trung tâm Giáo dục thường xuyên quận Bình Tân,1000.0,,
DBGWYH,trường học,Trường Trung học cơ sở Lạc Long Quân,1100.0,,
DBGWYH,bệnh viện,Trạm Y Tế phường Bình Hưng Hòa,1500.0,,
DBGWYH,trung tâm thương mại,Công Ty TNHH Trang Thiết Bị Bảo Hộ Thiên Phúc,1900.0,,
6WY48Y,chợ,Chợ Nguyễn Đình Chiểu,1800.0,,
6WY48Y,trường học,Trường Tiểu Học & Trung học phổ thông Thái Bình Dương,769.0,,
6WY48Y,trường học,Trường Tiểu học Tân Sơn Nhất,1000.0,,
6WY48Y,trường học,Trường Cao Đẳng Đại Việt,1000.0,,
6WY48Y,bệnh viện,Bệnh viện Đa khoa Tâm Anh,1300.0,,
6WY48Y,bệnh viện,Bệnh viện Quân y 175,1600.0,,
6WY48Y,bệnh viện,Bệnh viện Phụ sản Mekong,1600.0,,
6WY48Y,công viên,Botanica Premier Residential Park,565.0,,
6WY48Y,công viên,Công viên Gia Định,992.0,,
6WY48Y,công viên,Công viên Hoàng Văn Thụ,1300.0,,
6WY48Y,siêu thị,CO.OP Mart Nguyễn Kiệm,1400.0,,
6WY48Y,siêu thị,Siêu Thị Tiện Lợi Nam An,1700.0,,
6WY48Y,siêu thị,Ministop,1800.0,,
6WY48Y,trung tâm thương mại,Saigon Airport Plaza,89.0,,
6WY48Y,trung tâm thương mại,Toà Nhà Parkson CT Plaza,142.0,,
6WY48Y,trung tâm thương mại,Vincom Plaza Quang Trung,1800.0,,
40U7NF,chợ,Chợ Cầu Đồng,1600.0,,
40U7NF,chợ,Chợ Vườn Lài,1600.0,,
40U7NF,chợ,Chợ Xóm Mới,1600.0,,
40U7NF,trường học,Trường Trung học phổ thông Đông Dương,199.0,,
40U7NF,trường học,"Trường Tiểu học Pathway Tuệ Đức - Cơ sở Hà Huy Giáp, Quận 12",535.0,,
40U7NF,trường học,Trường Tiểu học Lê Đức Thọ,812.0,,
40U7NF,bệnh viện,Phòng Khám Đa Khoa Hữu Nghị,935.0,,
40U7NF,công viên,"Công viên Gò Sao , Thạnh Xuân, Quận 12",1600.0,,
40U7NF,công viên,Công viên Văn hóa Gò Vấp,1700.0,,
40U7NF,siêu thị,FamilyMart,1700.0,,
40U7NF,siêu thị,WinMart,1700.0,,
40U7NF,trung tâm thương mại,571,1400.0,,
40U7NF,trung tâm thương mại,Thiên hương,1400.0,,
40U7NF,trung tâm thương mại,669,1400.0,,
0Z6B49,trường học,Trường Mầm non Hoa Phượng,337.0,,
0Z6B49,trường học,Trường Trung học cơ sở Huỳnh Văn Nghệ,384.0,,
0Z6B49,trường học,Trường Trung học cơ sở&Trung học phổ thông Việt Anh,466.0,,
0Z6B49,công viên,Công viên Hồ trái tim,843.0,,
0Z6B49,trung tâm thương mại,Dịch Vụ Mua Hàng Tại Mỹ,1100.0,,
0Z6B49,trung tâm thương mại,Công Ty TNHH Trang Thiết Bị Bảo Hộ Thiên Phúc,1700.0,,
QAYDTU,chợ,Chợ Phú Định,654.0,,
QAYDTU,chợ,Chợ Kiến Đức 2,884.0,,
QAYDTU,chợ,Chợ Rạch Cát,1300.0,,
QAYDTU,trường học,Trường Trung học cơ sở Bình Tân,229.0,,
QAYDTU,trường học,Trường Trung học phổ thông Chuyên năng khiếu TDTT Nguyễn Thị Định,530.0,,
QAYDTU,trường học,Trường liên cấp quốc tế Royal School,647.0,,
QAYDTU,bệnh viện,Nhà Thuốc Tây Quàng Hòa,1600.0,,
QAYDTU,công viên,Công viên Chung cư Lý Chiêu Hoàng,1700.0,,
QAYDTU,siêu thị,WinMart,1200.0,,
QAYDTU,siêu thị,Satra Foods,1800.0,,
7KDK5A,chợ,Chợ Cây Da Sà,517.0,,
7KDK5A,chợ,Chợ Bình Trị Đông,770.0,,
7KDK5A,chợ,Chợ Tân Hòa Đông,905.0,,
7KDK5A,trường học,Trường Tiểu học Bình Trị Đông,526.0,,
7KDK5A,trường học,Trường Trung học phổ thông Trần Nhân Tông,543.0,,
7KDK5A,trường học,Trường Trung học cơ sở An Lạc,544.0,,
7KDK5A,bệnh viện,Bệnh Viện Quốc Tế Minh Anh,1600.0,,
7KDK5A,bệnh viện,Bệnh viện Đa khoa Bình Tân,1800.0,,
7KDK5A,công viên,Công Viên 158 Phan Anh,715.0,,
7KDK5A,công viên,Công viên Da Sà,797.0,,
7KDK5A,công viên,Công viên Đường số 25,933.0,,
7KDK5A,siêu thị,Bách Hóa Xanh,801.0,,
7KDK5A,siêu thị,Siêu thị Co.opmart Bình Tân,1000.0,,
7KDK5A,siêu thị,Kingfoodmart,1100.0,,
KFBWFC,chợ,Chợ Hoàng Hoa Thám,962.0,,
KFBWFC,chợ,Chợ Võ Thành Trang,1100.0,,
KFBWFC,chợ,Chợ Bà Hoa,1700.0,,
KFBWFC,trường học,Trường Trung học phổ thông Nguyễn Chí Thanh,127.0,,
KFBWFC,trường học,Trường Trung học cơ sở&Trung học phổ thông Nguyễn Khuyến Cơ Sở 3A,145.0,,
KFBWFC,trường học,Trường Tiểu học Sơn Cang,211.0,,
KFBWFC,bệnh viện,Bệnh Viện Đa Khoa Mỹ Đức,864.0,,
KFBWFC,bệnh viện,Bệnh viện Đa khoa Tân Bình,1800.0,,
KFBWFC,công viên,Công viên Bàu Cát 3,1500.0,,
KFBWFC,công viên,Công viên Nhà thi đấu Tân Bình,1700.0,,
KFBWFC,công viên,Công viên Nguyễn Sỹ Sách,1800.0,,
KFBWFC,siêu thị,Pandora Trường Chinh,1200.0,,
KFBWFC,siêu thị,Big C,1200.0,,
KFBWFC,siêu thị,Co.op Mart Trường Chinh,1900.0,,
KFBWFC,trung tâm thương mại,LOTTE Mart Cộng Hòa,1100.0,,
KFBWFC,trung tâm thương mại,Pico Plaza,1100.0,,
87HMA3,chợ,Chợ Vườn Lài,249.0,,
87HMA3,chợ,Chợ Cầu Đồng,1400.0,,
87HMA3,trường học,Trường Mầm Non Bông Hồng,700.0,,
87HMA3,trường học,Trường Trung học cơ sở An Phú Đông,739.0,,
87HMA3,trường học,Trường Tiểu Học Phạm Văn Chiêu,768.0,,
87HMA3,siêu thị,Xường công nghệ cao,574.0,,
87HMA3,trung tâm thương mại,Tạp hóa Hiền Trâm,289.0,,
37ZACQ,chợ,Chợ Xóm Mới,646.0,,
37ZACQ,chợ,Chợ Hạnh Thông Tây,1600.0,,
37ZACQ,chợ,Chợ An Hội,1800.0,,
37ZACQ,trường học,Trường Tiểu Học Lê Văn Thọ,297.0,,
37ZACQ,trường học,Trường Tiểu học Phan Chu Trinh - cơ sở 1,434.0,,
37ZACQ,trường học,Trường Tiểu Học Phan Chu Trinh- Cơ Sở 2,461.0,,
37ZACQ,bệnh viện,Bệnh viện Đa khoa Gò Vấp,1800.0,,
37ZACQ,công viên,Công viên Làng Hoa Gò Vấp,925.0,,
37ZACQ,công viên,Mercedes Sidewalk park,1500.0,,
37ZACQ,công viên,Công viên Chung cư Phú An,1700.0,,
37ZACQ,siêu thị,Co.opmart SCA Phạm Văn Chiêu,541.0,,
37ZACQ,siêu thị,FamilyMart,1800.0,,
37ZACQ,siêu thị,WinMart,1800.0,,
37ZACQ,trung tâm thương mại,Thế Giới Sữa,1000.0,,
37ZACQ,trung tâm thương mại,669,1100.0,,
37ZACQ,trung tâm thương mại,571,1200.0,,
372CRQ,chợ,Chợ Hiệp Thành,1100.0,,
372CRQ,chợ,Chợ Đông Thạnh,2000.0,,
372CRQ,trường học,Trường Trung học cơ sở Tân Thới Hiệp,1500.0,,
372CRQ,trường học,Trường Trung học cơ sở Nguyễn Chí Thanh,1500.0,,
372CRQ,trường học,Trường Tiểu học Trần Quốc Toản,1600.0,,
372CRQ,bệnh viện,188 Beauty Spa quận 12 | Viện thẩm mỹ hàng đầu tpHCM,1400.0,,
372CRQ,siêu thị,CoopMart Hiệp Thành,1200.0,,
372CRQ,trung tâm thương mại,Tạp Hóa Út Huệ,396.0,,
372CRQ,trung tâm thương mại,Cửa Hàng Sữa Dony,476.0,,
372CRQ,trung tâm thương mại,SuSu,1100.0,,
9TDBKP,chợ,Chợ Cầu Đồng,730.0,,
9TDBKP,chợ,Chợ Vườn Lài,870.0,,
9TDBKP,chợ,Chợ Thạnh Xuân,1900.0,,
9TDBKP,trường học,Trường Trung học cơ sở An Phú Đông,937.0,,
9TDBKP,trường học,Trường Mầm Non Bông Hồng,967.0,,
9TDBKP,trường học,Trường Tiểu Học Phạm Văn Chiêu,1000.0,,
9TDBKP,siêu thị,Xường công nghệ cao,1500.0,,
9TDBKP,trung tâm thương mại,Tạp hóa Hiền Trâm,1200.0,,
CW1ENB,chợ,Chợ Thạnh Xuân,712.0,,
CW1ENB,trường học,Trường Trung Học Cơ Sở Lương Thế Vinh,781.0,,
CW1ENB,trường học,Trường Trung học cơ sở Tô Ngọc Vân,785.0,,
CW1ENB,trường học,Trường Tiểu học Hà Huy Giáp,946.0,,
1U7DY6,chợ,Chợ Bình Thới,460.0,,
1U7DY6,chợ,Chợ Hoa Tươi Đầm Sen,855.0,,
1U7DY6,chợ,Chợ Chim Xanh,1000.0,,
1U7DY6,trường học,Trường Trung học cơ sở Nguyễn Văn Phú,81.0,,
1U7DY6,trường học,Trường Tiểu học Phùng Hưng,372.0,,
1U7DY6,trường học,Hệ Thống Trường Việt Mỹ,381.0,,
1U7DY6,bệnh viện,Bệnh viện Đa khoa Lãnh Binh Thăng,915.0,,
1U7DY6,bệnh viện,Bệnh viện Đa khoa Bình Phú,1900.0,,
1U7DY6,công viên,Công Viên Văn hóa Đầm Sen,384.0,,
1U7DY6,công viên,Công viên Phú Hòa,929.0,,
1U7DY6,công viên,Lương Thế Vinh,1100.0,,
1U7DY6,siêu thị,Bách Hóa XANH,1000.0,,
1U7DY6,siêu thị,Co.opMart Phú Lâm,1100.0,,
1U7DY6,siêu thị,Co.opmart Hậu Giang,1400.0,,
1U7DY6,trung tâm thương mại,Lotte Department Store,1900.0,,
1U7DY6,trung tâm thương mại,Lotteria,1900.0,,
1U7DY6,trung tâm thương mại,The Garden Mall,1900.0,,
YKQ31D,chợ,Chợ Thạnh Xuân,1000.0,,
YKQ31D,trường học,Trường Trung học cơ sở Tô Ngọc Vân,421.0,,
YKQ31D,trường học,Trường Trung Học Cơ Sở Lương Thế Vinh,1100.0,,
YKQ31D,trường học,Trường Tiểu học Hà Huy Giáp,1200.0,,
QAX6MU,chợ,Chợ Xóm Mới,465.0,,
QAX6MU,chợ,Chợ Hạnh Thông Tây,1400.0,,
QAX6MU,chợ,Chợ An Hội,1900.0,,
QAX6MU,trường học,Trường Tiểu Học Phan Chu Trinh- Cơ Sở 2,132.0,,
QAX6MU,trường học,Trường Trung học cơ sở Phan Tây Hồ,264.0,,
QAX6MU,trường học,Trường Tiểu học Phan Chu Trinh - cơ sở 1,268.0,,
QAX6MU,bệnh viện,Bệnh viện Đa khoa Gò Vấp,1500.0,,
QAX6MU,bệnh viện,Phòng Khám Đa Khoa Hữu Nghị,1900.0,,
QAX6MU,công viên,Công viên Làng Hoa Gò Vấp,783.0,,
QAX6MU,công viên,Mercedes Sidewalk park,1300.0,,
QAX6MU,công viên,Công viên Hòa Bình,1600.0,,
QAX6MU,siêu thị,Co.opmart SCA Phạm Văn Chiêu,870.0,,
QAX6MU,siêu thị,WinMart,1600.0,,
QAX6MU,siêu thị,Co-opmart Liên Hiệp Thành phố Hồ Chí Minh,2000.0,,
QAX6MU,trung tâm thương mại,Thế Giới Sữa,763.0,,
QAX6MU,trung tâm thương mại,669,793.0,,
QAX6MU,trung tâm thương mại,571,867.0,,
J2S2R0,chợ,Chợ Nguyễn Văn Trỗi,786.0,,
J2S2R0,chợ,Chợ Chí Hòa,814.0,,
J2S2R0,chợ,Chợ Hòa Hưng,865.0,,
J2S2R0,trường học,Trường Trung học cơ sở Cách Mạng Tháng Tám,146.0,,
J2S2R0,trường học,Trường Quân sự Thành Phố Hồ Chí Minh,296.0,,
J2S2R0,trường học,Trường Trung học cơ sở Lê Lợi,454.0,,
J2S2R0,bệnh viện,Bệnh Viện Mắt Việt-Nga,442.0,,
J2S2R0,bệnh viện,Bệnh viện Bình Dân,718.0,,
J2S2R0,bệnh viện,Bệnh viện Mắt Thành phố Hồ Chí Minh,732.0,,
J2S2R0,công viên,Khu du lịch Kỳ Hòa,911.0,,
J2S2R0,công viên,Công viên Thích Quảng Đức,1000.0,,
J2S2R0,công viên,Công viên Vườn Lài,1200.0,,
J2S2R0,siêu thị,WinMart,148.0,,
J2S2R0,siêu thị,Maximart,438.0,,
J2S2R0,siêu thị,Siêu Thị Co.opmart,646.0,,
J2S2R0,trung tâm thương mại,Vincom Plaza Ba Tháng Hai,472.0,,
J2S2R0,trung tâm thương mại,phu quy,735.0,,
J2S2R0,trung tâm thương mại,Tạp Hóa Anh Duy,1300.0,,
CF5UYB,trường học,Trường Trung học phổ thông Tân Thông Hội,794.0,,
CF5UYB,trường học,Trường Trung học cơ sở Tân Tiến,1900.0,,
6UWEG8,chợ,Chợ Nguyễn Đình Chiểu,338.0,,
6UWEG8,chợ,Bách Hóa Xanh - 2C - 2D Phùng Văn Cung,561.0,,
6UWEG8,chợ,Chợ Cây Quéo,864.0,,
6UWEG8,trường học,Trung Tâm Ngoại Ngữ Dương Minh,104.0,,
6UWEG8,trường học,Trường Tiểu học Cao Bá Quát,343.0,,
6UWEG8,trường học,Trường Tiểu học Cổ Loa,355.0,,
6UWEG8,bệnh viện,Trạm Y Tế Phường 7 Quận Phú Nhuận,491.0,,
6UWEG8,bệnh viện,Bệnh viện Đa khoa Phú Nhuận,1200.0,,
6UWEG8,bệnh viện,Bệnh viện Nhân dân Gia Định,1300.0,,
6UWEG8,công viên,Công viên Văn hóa Phú Nhuận,888.0,,
6UWEG8,công viên,Đài liệt sĩ Quận 3,1300.0,,
6UWEG8,công viên,Công viên Gia Định,1300.0,,
6UWEG8,siêu thị,BambooBebe Việt Nam,806.0,,
6UWEG8,siêu thị,Công ty TNHH Gureumi,807.0,,
6UWEG8,siêu thị,CO.OP Mart Nguyễn Kiệm,811.0,,
6UWEG8,trung tâm thương mại,Tạp Hóa Thu Bé Bự,1700.0,,
6UWEG8,trung tâm thương mại,MIA  Luggage store,2000.0,,
7K9VCA,chợ,Chợ Hạnh Thông Tây,1100.0,,
7K9VCA,chợ,Chợ An Nhơn,1700.0,,
7K9VCA,trường học,Trường Trung học cơ sở&Trung học phổ thông Hồng Hà,686.0,,
7K9VCA,trường học,Trường Trung học cơ sở - Trung học phổ thông Bán Trú Nội Trú Hồng Hà - Cơ Sở 4,693.0,,
7K9VCA,trường học,Trường Trung học cơ sở Thông Tây Hội (cơ sở 2),712.0,,
7K9VCA,bệnh viện,Bệnh viện Đa khoa Gò Vấp,810.0,,
7K9VCA,bệnh viện,Bệnh viện Quân y 175,1900.0,,
7K9VCA,công viên,Công viên Hòa Bình,809.0,,
7K9VCA,công viên,Mercedes Sidewalk park,1500.0,,
7K9VCA,công viên,Công viên Làng Hoa Gò Vấp,1800.0,,
7K9VCA,siêu thị,WinMart,564.0,,
7K9VCA,siêu thị,Co.opmart Phan Văn Trị,1700.0,,
7K9VCA,trung tâm thương mại,Vincom Plaza Quang Trung,616.0,,
7K9VCA,trung tâm thương mại,Lotte Department Store,1000.0,,
7K9VCA,trung tâm thương mại,Saigon Mall Gò Vấp,1100.0,,
WPXQDR,chợ,Chợ An Hội,383.0,,
WPXQDR,chợ,Chợ Cầu,1300.0,,
WPXQDR,chợ,Chợ Hạnh Thông Tây,1600.0,,
WPXQDR,trường học,Trường Tiểu học Lương Thế Vinh,446.0,,
WPXQDR,trường học,Trường Trung học phổ thông Lý Thái Tổ,471.0,,
WPXQDR,trường học,Trường Trung học cơ sở Phạm Văn Chiêu,583.0,,
WPXQDR,bệnh viện,Bệnh viện Đa khoa Gò Vấp,1900.0,,
WPXQDR,công viên,Isuzu sidewalk park,595.0,,
WPXQDR,công viên,Công viên Làng Hoa Gò Vấp,1100.0,,
WPXQDR,công viên,Mercedes Sidewalk park,1200.0,,
WPXQDR,siêu thị,Co-opmart Liên Hiệp Thành phố Hồ Chí Minh,446.0,,
WPXQDR,siêu thị,Co.opmart SCA Phạm Văn Chiêu,1000.0,,
WPXQDR,siêu thị,Emart Phan Huy Ích,1100.0,,
DEW81H,chợ,Chợ Hiệp Thành,1300.0,,
DEW81H,trường học,Trường Tiểu học Nguyễn Trãi,308.0,,
DEW81H,trường học,Trường Trung học phổ thông Võ Trường Toản,316.0,,
DEW81H,trường học,Trường Tiểu học Trần Quốc Toản,485.0,,
DEW81H,bệnh viện,188 Beauty Spa quận 12 | Viện thẩm mỹ hàng đầu tpHCM,970.0,,
DEW81H,công viên,Công viên Chung cư Phú An,1200.0,,
DEW81H,siêu thị,MM Mega Market Hiệp Phú,823.0,,
DEW81H,siêu thị,CoopMart Hiệp Thành,1100.0,,
DEW81H,siêu thị,WinMart,1900.0,,
DEW81H,trung tâm thương mại,thảo nguyên 1A,521.0,,
DEW81H,trung tâm thương mại,Tân phước,937.0,,
DEW81H,trung tâm thương mại,SuSu,1400.0,,
9TGF8P,chợ,Chợ thuốc Quận 10,234.0,,
9TGF8P,chợ,Chợ Chí Hòa,350.0,,
9TGF8P,chợ,Chợ Hòa Hưng,388.0,,
9TGF8P,trường học,Trường Tiểu học Tô Hiến Thành,157.0,,
9TGF8P,trường học,Trường Tiểu học Lê Thị Riêng,318.0,,
9TGF8P,trường học,Trường Trung học cơ sở Hòa Hưng,384.0,,
9TGF8P,bệnh viện,Bệnh viện Quận 10,549.0,,
9TGF8P,bệnh viện,Bệnh viện Nhân dân 115,664.0,,
9TGF8P,bệnh viện,Viện Tim Thành phố Hồ Chí Minh,820.0,,
9TGF8P,công viên,Công viên Chung cư Lê Thị Riêng,688.0,,
9TGF8P,công viên,Khu du lịch Kỳ Hòa,872.0,,
9TGF8P,công viên,Công viên Vườn Lài,994.0,,
9TGF8P,siêu thị,Go! Miền Đông,452.0,,
9TGF8P,siêu thị,MiniMart,798.0,,
9TGF8P,siêu thị,Siêu Thị Co.opmart,878.0,,
9TGF8P,trung tâm thương mại,Vạn Hạnh Mall,1100.0,,
9TGF8P,trung tâm thương mại,Vincom Plaza Ba Tháng Hai,1400.0,,
9TGF8P,trung tâm thương mại,phu quy,1600.0,,
RPRGNJ,chợ,Chợ Hạnh Thông Tây,831.0,,
RPRGNJ,chợ,Chợ An Nhơn,1500.0,,
RPRGNJ,chợ,Chợ Xóm Mới,1800.0,,
RPRGNJ,trường học,Trường Tiểu học Nguyễn Thị Minh Khai,383.0,,
RPRGNJ,trường học,Trường Trung học cơ sở Thông Tây Hội (cơ sở 2),391.0,,
RPRGNJ,trường học,Trường Tiểu học Chi Lăng,648.0,,
RPRGNJ,bệnh viện,Bệnh viện Đa khoa Gò Vấp,497.0,,
RPRGNJ,công viên,Công viên Hòa Bình,528.0,,
RPRGNJ,công viên,Mercedes Sidewalk park,1200.0,,
RPRGNJ,công viên,Công viên Làng Hoa Gò Vấp,1400.0,,
RPRGNJ,siêu thị,WinMart,221.0,,
RPRGNJ,siêu thị,Co.opmart Phan Văn Trị,1800.0,,
RPRGNJ,trung tâm thương mại,Lotte Department Store,758.0,,
RPRGNJ,trung tâm thương mại,Vincom Plaza Quang Trung,859.0,,
RPRGNJ,trung tâm thương mại,Saigon Mall Gò Vấp,1200.0,,
GNKC52,chợ,Chợ An Hội,911.0,,
GNKC52,chợ,Chợ Cầu,940.0,,
GNKC52,chợ,Chợ An Sương,1900.0,,
GNKC52,trường học,Trường Tiểu Học Hướng Dương,386.0,,
GNKC52,trường học,Trường Trung học phổ thông Thăng Long,483.0,,
GNKC52,trường học,Trường cấp 1-2 Tân Sơn,674.0,,
GNKC52,bệnh viện,Bệnh viện Đa khoa Tâm Trí Sài Gòn,1800.0,,
GNKC52,công viên,Isuzu sidewalk park,1200.0,,
GNKC52,công viên,CÔNG VIÊN 8XLUS,1900.0,,
GNKC52,công viên,Công viên Phần mềm Quang Trung,1900.0,,
GNKC52,siêu thị,Emart Phan Huy Ích,326.0,,
GNKC52,siêu thị,Co-opmart Liên Hiệp Thành phố Hồ Chí Minh,822.0,,
GNKC52,siêu thị,WinMart,1600.0,,
8SD7R3,chợ,Chợ Bình Thới,296.0,,
8SD7R3,chợ,Chợ Chim Xanh,702.0,,
8SD7R3,chợ,Chợ Hoa Tươi Đầm Sen,888.0,,
8SD7R3,trường học,Trường Tiểu học Nguyễn Bá Ngọc,228.0,,
8SD7R3,trường học,Trường Tiểu học Phùng Hưng,318.0,,
8SD7R3,trường học,Trường Tiểu học Hàn Hải Nguyên,367.0,,
8SD7R3,bệnh viện,Bệnh viện Đa khoa Lãnh Binh Thăng,490.0,,
8SD7R3,bệnh viện,Bệnh viện Chợ Rẫy,1800.0,,
8SD7R3,bệnh viện,Bệnh viện Răng Hàm Mặt Trung ương Thành phố Hồ Chí Minh,1900.0,,
8SD7R3,công viên,Công viên Dương Đình Nghệ,703.0,,
8SD7R3,công viên,Công viên Lãnh Binh Thăng,709.0,,
8SD7R3,công viên,Công Viên Văn hóa Đầm Sen,711.0,,
8SD7R3,siêu thị,Co.opmart Hậu Giang,1300.0,,
8SD7R3,siêu thị,Co.opMart Phú Lâm,1400.0,,
8SD7R3,siêu thị,Bách Hóa XANH,1400.0,,
8SD7R3,trung tâm thương mại,Lotte Department Store,1500.0,,
8SD7R3,trung tâm thương mại,Lotteria,1500.0,,
8SD7R3,trung tâm thương mại,The Garden Mall,1500.0,,
RGYZAJ,chợ,Chợ Nhật Tảo,328.0,,
RGYZAJ,chợ,Khu chợ nhỏ,425.0,,
RGYZAJ,chợ,Chọ mini,441.0,,
RGYZAJ,trường học,Trung Tâm Học Tiếng Nhật,293.0,,
RGYZAJ,trường học,Trường Trung học cơ sở Lạc Hồng B,306.0,,
RGYZAJ,trường học,Trường Trung học phổ thông Nguyễn Khuyến,328.0,,
RGYZAJ,bệnh viện,Bệnh viện Nhi đồng 1,321.0,,
RGYZAJ,bệnh viện,Bệnh Viện Hòa Hảo,568.0,,
RGYZAJ,bệnh viện,Bệnh viện Đa Khoa Vạn Hạnh,570.0,,
RGYZAJ,công viên,Phố đi bộ đêm Kỳ đài Quang Trung,566.0,,
RGYZAJ,công viên,Công viên Vườn Lài,659.0,,
RGYZAJ,công viên,Công viên nội bộ chung cư Hòa Bình,697.0,,
RGYZAJ,siêu thị,Siêu thị Sài Gòn (SATRA MART),189.0,,
RGYZAJ,siêu thị,Của Hàng Tạp Hóa TA,359.0,,
RGYZAJ,siêu thị,Co.opmart Mini,367.0,,
RGYZAJ,trung tâm thương mại,Vạn Hạnh Mall,463.0,,
RGYZAJ,trung tâm thương mại,Cừa hàng Saigon Hobby,1100.0,,
RGYZAJ,trung tâm thương mại,Lotte Department Store,1200.0,,
UYE0PS,chợ,Chợ Tân Hương,1000.0,,
UYE0PS,chợ,Chợ Sơn Kỳ,1400.0,,
UYE0PS,chợ,Chợ Bình Long,1500.0,,
UYE0PS,trường học,Trường Tiểu học Tân Thới,431.0,,
UYE0PS,trường học,Trường Trung học cơ sở&Trung học phổ thông Khai Minh,579.0,,
UYE0PS,trường học,Trường Tiểu học Tô Vĩnh Diện,682.0,,
UYE0PS,bệnh viện,Yoga trị liệu l Ci Yoga Therapy CN Celadon,1100.0,,
UYE0PS,bệnh viện,Trạm Y Tế phường Bình Hưng Hòa,1200.0,,
UYE0PS,công viên,Công viên Sơn Kỳ,1300.0,,
UYE0PS,công viên,Công viên Gia Phú,1500.0,,
UYE0PS,siêu thị,Chả cua Huế,378.0,,
UYE0PS,siêu thị,Shop Vinafood,389.0,,
UYE0PS,siêu thị,Bách Hóa Xanh,885.0,,
UYE0PS,trung tâm thương mại,Nhà đậu xe Aeon Mall Tân Phú Celadon;Commercial_AEONMallTanPhu Storie 4,699.0,,
UYE0PS,trung tâm thương mại,Cửa Hàng Thực Phẩm Tiện Lợi Satra Food,1700.0,,
UYE0PS,trung tâm thương mại,Cửa Hàng Gạo Hạt Ngọc Trời,2000.0,,
GXXNS2,chợ,Chợ Tân Hương,1000.0,,
GXXNS2,chợ,Chợ Sơn Kỳ,1400.0,,
GXXNS2,chợ,Chợ Bình Long,1500.0,,
GXXNS2,trường học,Trường Tiểu học Tân Thới,436.0,,
GXXNS2,trường học,Trường Trung học cơ sở&Trung học phổ thông Khai Minh,566.0,,
GXXNS2,trường học,Trường Tiểu học Tô Vĩnh Diện,684.0,,
GXXNS2,bệnh viện,Yoga trị liệu l Ci Yoga Therapy CN Celadon,1100.0,,
GXXNS2,bệnh viện,Trạm Y Tế phường Bình Hưng Hòa,1200.0,,
GXXNS2,công viên,Công viên Sơn Kỳ,1300.0,,
GXXNS2,công viên,Công viên Gia Phú,1500.0,,
GXXNS2,siêu thị,Chả cua Huế,366.0,,
GXXNS2,siêu thị,Shop Vinafood,378.0,,
GXXNS2,siêu thị,Bách Hóa Xanh,895.0,,
GXXNS2,trung tâm thương mại,Nhà đậu xe Aeon Mall Tân Phú Celadon;Commercial_AEONMallTanPhu Storie 4,687.0,,
GXXNS2,trung tâm thương mại,Cửa Hàng Thực Phẩm Tiện Lợi Satra Food,1700.0,,
GXXNS2,trung tâm thương mại,Cửa Hàng Gạo Hạt Ngọc Trời,2000.0,,
7KHSVA,chợ,Chợ Rạch Ông,456.0,,
7KHSVA,chợ,Chợ Nancy,1500.0,,
7KHSVA,chợ,Chợ Hòa Bình,1600.0,,
7KHSVA,trường học,Trường Trung học cơ sở Khánh Bình,293.0,,
7KHSVA,trường học,Trường Tiểu Học Rạch Ông,333.0,,
7KHSVA,trường học,Trường tiểu học Nguyễn Trực,440.0,,
7KHSVA,bệnh viện,Bệnh viện Phục hồi chức năng - Điều trị bệnh nghề nghiệp,177.0,,
7KHSVA,bệnh viện,Bệnh Viện Đa Khoa Quốc Tế Nam Sài Gòn,852.0,,
7KHSVA,bệnh viện,Phòng Khám Đa Khoa Thế Giới,1100.0,,
7KHSVA,công viên,Công viên Phường 2,747.0,,
7KHSVA,công viên,Công viên Dạ Nam,788.0,,
7KHSVA,công viên,Công viên Cầu Rạch Ông,1200.0,,
7KHSVA,siêu thị,Bách Hóa Xanh,570.0,,
7KHSVA,siêu thị,Siêu Thị Tiện Lợi Citi Mart,917.0,,
7KHSVA,siêu thị,AEON Tạ Quang Bửu,1000.0,,
7KHSVA,trung tâm thương mại,Parc Mall,916.0,,
7KHSVA,trung tâm thương mại,LOTTE Mart Quận 7,1600.0,,
7KHSVA,trung tâm thương mại,Lotte Department Store,1600.0,,
1U3GN6,chợ,Chợ Rạch Ông,191.0,,
1U3GN6,chợ,Chợ Nancy,1200.0,,
1U3GN6,chợ,Chợ Hòa Bình,1300.0,,
1U3GN6,trường học,Trường Trung học cơ sở Khánh Bình,324.0,,
1U3GN6,trường học,Trường Tiểu Học Âu Dương Lân,330.0,,
1U3GN6,trường học,Trường Tiểu Học Rạch Ông,382.0,,
1U3GN6,bệnh viện,Bệnh viện Phục hồi chức năng - Điều trị bệnh nghề nghiệp,445.0,,
1U3GN6,bệnh viện,Phòng Khám Đa Khoa Thế Giới,747.0,,
1U3GN6,bệnh viện,Bệnh viện Đa khoa Chánh Hưng,1100.0,,
1U3GN6,công viên,Công viên Phường 2,412.0,,
1U3GN6,công viên,Công viên Dạ Nam,453.0,,
1U3GN6,công viên,Công viên 310A Hưng Phú,1100.0,,
1U3GN6,siêu thị,Bách Hóa Xanh,274.0,,
1U3GN6,siêu thị,AEON Tạ Quang Bửu,960.0,,
1U3GN6,siêu thị,Siêu Thị Tiện Lợi Citi Mart,1100.0,,
1U3GN6,trung tâm thương mại,Parc Mall,871.0,,
1U3GN6,trung tâm thương mại,Tạp Hóa Quỳnh Loan,1700.0,,
1U3GN6,trung tâm thương mại,Centre Mall Phạm Hùng,1800.0,,
1Q15K6,chợ,Chợ Vạn Nguyên,284.0,,
1Q15K6,chợ,Chợ Phú Lợi,526.0,,
1Q15K6,chợ,Chợ Bình An,1100.0,,
1Q15K6,trường học,Trường Tiểu học Nguyễn Nhược Thị,208.0,,
1Q15K6,trường học,Trường Trung học cơ sở Bình An,424.0,,
1Q15K6,trường học,Trường Trung học phổ thông Ngô Gia Tự,696.0,,
1Q15K6,bệnh viện,Nhà Thuốc Tây Quàng Hòa,1700.0,,
1Q15K6,bệnh viện,Bệnh viện Đa khoa Bình Phú,2000.0,,
1Q15K6,công viên,Công viên Lò Gốm,1300.0,,
1Q15K6,công viên,Công viên Phúc An Khang,1400.0,,
1Q15K6,công viên,Công viên Bình Phú,1600.0,,
1Q15K6,siêu thị,Siêu thị MM Mega Market Bình Phú,1600.0,,
1Q15K6,trung tâm thương mại,Thiên,1200.0,,
1Q15K6,trung tâm thương mại,Phú lâm,1300.0,,
1Q15K6,trung tâm thương mại,Cty TNHH MTV XNK Phong Vân,1900.0,,
9Z711P,chợ,Chợ Nguyễn Chế Nghĩa,85.0,,
9Z711P,chợ,Chợ Lò Than,268.0,,
9Z711P,chợ,Chợ Nhị Thiên Đường,410.0,,
9Z711P,trường học,Trường Trung học phổ thông Võ Văn Kiệt,275.0,,
9Z711P,trường học,Trường Tiểu học Bông Sao,470.0,,
9Z711P,trường học,Trường Tiểu học Tuy Lý Vương,574.0,,
9Z711P,bệnh viện,Trung tâm Y tế Dự phòng Quận 8,1100.0,,
9Z711P,bệnh viện,Bệnh viện Công an Thành phố Hồ Chí Minh,1200.0,,
9Z711P,bệnh viện,Bệnh viện Ngọc Phú,1600.0,,
9Z711P,công viên,Công viên Lê Lợi,823.0,,
9Z711P,công viên,Công viên Cửu Long,950.0,,
9Z711P,công viên,Công viên Bông Sao,1100.0,,
9Z711P,siêu thị,Siêu thị Co.opmart Tuy Lý Vương,222.0,,
9Z711P,siêu thị,Co.opmart Hậu Giang,1600.0,,
9Z711P,siêu thị,Siêu thị Điện máy Chợ Lớn,1700.0,,
9Z711P,trung tâm thương mại,Tạp Hóa Hồng Linh,396.0,,
9Z711P,trung tâm thương mại,Satra Centre Mall,727.0,,
9Z711P,trung tâm thương mại,Chợ vải Soái Kình Lâm,1100.0,,
GN3V82,chợ,Chợ An Đông,177.0,,
GN3V82,chợ,Chợ Bàu Sen,523.0,,
GN3V82,chợ,Chợ Campuchia,692.0,,
GN3V82,trường học,Trường Cao Đẳng Phát Thanh Truyền Hình 2,243.0,,
GN3V82,trường học,Trường Trung học Cơ sở Lý Phong,281.0,,
GN3V82,trường học,Trường Trung học phổ thông Nguyễn An Ninh,343.0,,
GN3V82,bệnh viện,Bệnh viện 30 Tháng 4,99.0,,
GN3V82,bệnh viện,Bệnh viện Nguyễn Trãi,235.0,,
GN3V82,bệnh viện,Bệnh viện Quân y 7A,423.0,,
GN3V82,công viên,Công viên Chợ Quán,240.0,,
GN3V82,công viên,Công viên Hòa Bình,242.0,,
GN3V82,công viên,Bãi Cỏ - Trần Nhân Tôn,423.0,,
GN3V82,siêu thị,Circle k,42.0,,
GN3V82,siêu thị,Familymart,80.0,,
GN3V82,siêu thị,Siêu Thị Mela,88.0,,
GN3V82,trung tâm thương mại,Trung tâm Thương Mại An Đông Plaza,94.0,,
GN3V82,trung tâm thương mại,Cừa hàng Saigon Hobby,1000.0,,
GN3V82,trung tâm thương mại,Trung Tâm Mua Sắm Nowzone - Nguyễn Văn Cừ,1200.0,,
SDTGT5,chợ,Chợ Thạnh Xuân,806.0,,
SDTGT5,chợ,Chợ Cầu Đồng,1200.0,,
SDTGT5,trường học,Trường Trung Học Cơ Sở Lương Thế Vinh,727.0,,
SDTGT5,trường học,Trường Trung học cơ sở Trần Hưng Đạo,793.0,,
SDTGT5,trường học,Trường Tiểu học Hà Huy Giáp,820.0,,
SDTGT5,công viên,"Công viên Gò Sao , Thạnh Xuân, Quận 12",1400.0,,
SDTGT5,siêu thị,WinMart,1400.0,,
SDTGT5,siêu thị,FamilyMart,1400.0,,
1UK3X6,chợ,Chợ An Hội,933.0,,
1UK3X6,chợ,Chợ Cầu,1700.0,,
1UK3X6,chợ,Chợ Hạnh Thông Tây,1800.0,,
1UK3X6,trường học,Trường cấp 1-2 Tân Sơn,389.0,,
1UK3X6,trường học,Trường Trung học cơ sở &Trung học phổ thông Bạch Đằng,609.0,,
1UK3X6,trường học,"Trường Tiểu Học, Trung học cơ sở&Trung học phổ thông Hermann Gmeiner",672.0,,
1UK3X6,công viên,Isuzu sidewalk park,822.0,,
1UK3X6,công viên,Mercedes Sidewalk park,1400.0,,
1UK3X6,công viên,Công viên Nguyễn Sỹ Sách,1500.0,,
1UK3X6,siêu thị,Co-opmart Liên Hiệp Thành phố Hồ Chí Minh,940.0,,
1UK3X6,siêu thị,Emart Phan Huy Ích,1100.0,,
1UK3X6,siêu thị,Siêu Thị Tiện Lợi Citi Mart,1600.0,,
KFWAQC,chợ,Chợ Hiệp Thành,669.0,,
KFWAQC,trường học,Trường Trung học cơ sở Nguyễn Chí Thanh,988.0,,
KFWAQC,trường học,Trường Tiểu học Nguyễn Thái Bình,1100.0,,
KFWAQC,trường học,Trường Trung học cơ sở Tân Thới Hiệp,1300.0,,
KFWAQC,bệnh viện,188 Beauty Spa quận 12 | Viện thẩm mỹ hàng đầu tpHCM,1000.0,,
KFWAQC,công viên,Cây xanh,1500.0,,
KFWAQC,công viên,The parkland,1500.0,,
KFWAQC,công viên,Công Viên Trúc Lâm,1500.0,,
KFWAQC,siêu thị,CoopMart Hiệp Thành,837.0,,
KFWAQC,trung tâm thương mại,SuSu,647.0,,
KFWAQC,trung tâm thương mại,Tạp Hóa Út Huệ,930.0,,
KFWAQC,trung tâm thương mại,Cửa Hàng Sữa Dony,936.0,,
85U2Y3,chợ,Chợ Xóm Mới,512.0,,
85U2Y3,chợ,Chợ An Nhơn,1200.0,,
85U2Y3,chợ,Chợ Hạnh Thông Tây,1600.0,,
85U2Y3,trường học,Trường Trung học phổ thông Nguyễn Trung Trực,237.0,,
85U2Y3,trường học,Trường Tiểu học Võ Thị Sáu,246.0,,
85U2Y3,trường học,Trường Tiểu Học Lê Hoàn,255.0,,
85U2Y3,bệnh viện,Phòng Khám Đa Khoa Hữu Nghị,1200.0,,
85U2Y3,bệnh viện,Bệnh viện Đa khoa Gò Vấp,1500.0,,
85U2Y3,công viên,Công viên Hòa Bình,1200.0,,
85U2Y3,công viên,Công viên Làng Hoa Gò Vấp,1300.0,,
85U2Y3,công viên,Mercedes Sidewalk park,1700.0,,
85U2Y3,siêu thị,WinMart,1300.0,,
85U2Y3,siêu thị,Co.opmart SCA Phạm Văn Chiêu,1600.0,,
85U2Y3,trung tâm thương mại,669,160.0,,
85U2Y3,trung tâm thương mại,Thế Giới Sữa,177.0,,
85U2Y3,trung tâm thương mại,571,180.0,,
37UY7Q,chợ,Chợ Rạch Ông,514.0,,
37UY7Q,chợ,Chợ Hòa Bình,885.0,,
37UY7Q,chợ,Chợ Nancy,1200.0,,
37UY7Q,trường học,Trường Tiểu Học Âu Dương Lân,185.0,,
37UY7Q,trường học,Trường Trung học cơ sở Khánh Bình,471.0,,
37UY7Q,trường học,Khoa Y Tế Công Cộng ĐH Y Dược Thành phố Hồ Chí Minh,497.0,,
37UY7Q,bệnh viện,Bệnh viện Phục hồi chức năng - Điều trị bệnh nghề nghiệp,705.0,,
37UY7Q,bệnh viện,Bệnh viện Đa khoa Chánh Hưng,731.0,,
37UY7Q,bệnh viện,Phòng Khám Đa Khoa Thế Giới,736.0,,
37UY7Q,công viên,Công viên Phường 2,376.0,,
37UY7Q,công viên,Công viên Dạ Nam,396.0,,
37UY7Q,công viên,Công viên 310A Hưng Phú,700.0,,
37UY7Q,siêu thị,Bách Hóa Xanh,144.0,,
37UY7Q,siêu thị,AEON Tạ Quang Bửu,717.0,,
37UY7Q,siêu thị,Siêu Thị Tiện Lợi Citi Mart,1500.0,,
37UY7Q,trung tâm thương mại,Parc Mall,645.0,,
37UY7Q,trung tâm thương mại,Centre Mall Phạm Hùng,1600.0,,
37UY7Q,trung tâm thương mại,Trung tâm Thương Mại An Đông Plaza,1600.0,,
6QNT28,chợ,An Dong Market,551.0,,
6QNT28,chợ,Chọ mini,646.0,,
6QNT28,chợ,Chợ Chí Hòa,868.0,,
6QNT28,trường học,Trường Quốc Tế Á Châu,265.0,,
6QNT28,trường học,Trường Trung học phổ thông Vạn Hạnh,369.0,,
6QNT28,trường học,Trường Tiểu Học Triệu Thị Trinh,390.0,,
6QNT28,bệnh viện,Bệnh viện Đa Khoa Vạn Hạnh,475.0,,
6QNT28,bệnh viện,Viện Tim Thành phố Hồ Chí Minh,630.0,,
6QNT28,bệnh viện,Bệnh viện Nhân dân 115,633.0,,
6QNT28,công viên,Khu du lịch Kỳ Hòa,159.0,,
6QNT28,công viên,Công viên Vườn Lài,390.0,,
6QNT28,công viên,Công viên số 1 Lý Thái Tổ,1200.0,,
6QNT28,siêu thị,Siêu Thị Co.opmart,230.0,,
6QNT28,siêu thị,Co.op Xtra,582.0,,
6QNT28,siêu thị,Busy Morning Market,874.0,,
6QNT28,trung tâm thương mại,Vạn Hạnh Mall,581.0,,
6QNT28,trung tâm thương mại,Vincom Plaza Ba Tháng Hai,910.0,,
6QNT28,trung tâm thương mại,Cừa hàng Saigon Hobby,1100.0,,
UA9XAS,chợ,Chợ Xóm Mới,419.0,,
UA9XAS,chợ,Chợ Hạnh Thông Tây,1400.0,,
UA9XAS,chợ,Chợ An Hội,1900.0,,
UA9XAS,trường học,Trường Tiểu Học Phan Chu Trinh- Cơ Sở 2,99.0,,
UA9XAS,trường học,Trường Tiểu học Phan Chu Trinh - cơ sở 1,220.0,,
UA9XAS,trường học,Trường Trung học cơ sở Phan Tây Hồ,239.0,,
UA9XAS,bệnh viện,Bệnh viện Đa khoa Gò Vấp,1500.0,,
UA9XAS,bệnh viện,Phòng Khám Đa Khoa Hữu Nghị,1900.0,,
UA9XAS,công viên,Công viên Làng Hoa Gò Vấp,830.0,,
UA9XAS,công viên,Mercedes Sidewalk park,1400.0,,
UA9XAS,công viên,Công viên Hòa Bình,1600.0,,
UA9XAS,siêu thị,Co.opmart SCA Phạm Văn Chiêu,886.0,,
UA9XAS,siêu thị,WinMart,1700.0,,
UA9XAS,siêu thị,FamilyMart,1900.0,,
UA9XAS,trung tâm thương mại,Thế Giới Sữa,729.0,,
UA9XAS,trung tâm thương mại,669,760.0,,
UA9XAS,trung tâm thương mại,571,835.0,,
9Z755P,chợ,Chợ Bình Long,556.0,,
9Z755P,chợ,Chợ Bốn Xã mới,1200.0,,
9Z755P,chợ,Chợ Tân Phú 2,1500.0,,
9Z755P,trường học,Trường Trung học cơ sở Lý Thường Kiệt,859.0,,
9Z755P,trường học,Trường Trung học cơ sở Trần Quốc Toản,1000.0,,
9Z755P,trường học,Trường Tiểu học Võ Thị Sáu,1100.0,,
9Z755P,bệnh viện,Trạm Y Tế phường Bình Hưng Hòa,1500.0,,
9Z755P,siêu thị,Bách Hóa XXanh 175C Đường Số 8,615.0,,
9Z755P,siêu thị,Siêu thị Đại Gia Hỷ,951.0,,
9Z755P,siêu thị,Cửa hàng nội thất Auli Star,1100.0,,
9Z755P,trung tâm thương mại,Cửa Hàng Thực Phẩm Tiện Lợi Satra Food,469.0,,
9Z755P,trung tâm thương mại,Bách Hóa Xanh,539.0,,
9Z755P,trung tâm thương mại,Cửa Hàng Gạo Hạt Ngọc Trời,1700.0,,
DBTDVH,chợ,Chợ Phú Xuân,1700.0,,
DBTDVH,trường học,Trường Trung học cơ sở Nguyễn Bỉnh Khiêm,192.0,,
DBTDVH,trường học,Trường Tiểu học Lâm Văn Bền,457.0,,
DBTDVH,trường học,Trường Trung học phổ thông Dương Văn Dương,985.0,,
DBTDVH,công viên,Công viên Phú Xuân,1800.0,,
DBTDVH,siêu thị,CoopMart Nguyễn Bình,1700.0,,
DBTDVH,siêu thị,Co.opmart Nguyễn Bình,1800.0,,
6UC5N8,chợ,Chợ Sơn Kỳ,1800.0,,
6UC5N8,trường học,Trường Tiểu học Lê Trọng Tấn,249.0,,
6UC5N8,trường học,Trường Trung học phổ thông Bình Hưng Hòa,329.0,,
6UC5N8,trường học,Trường Tiểu học Huỳnh Thúc Kháng,627.0,,
6UC5N8,bệnh viện,Yoga trị liệu l Ci Yoga Therapy CN Celadon,1000.0,,
6UC5N8,bệnh viện,Trạm Y Tế phường Bình Hưng Hòa,1500.0,,
6UC5N8,công viên,Công viên Gia Phú,279.0,,
6UC5N8,công viên,Công viên Sơn Kỳ,561.0,,
6UC5N8,công viên,Công viên Hồ trái tim,1800.0,,
6UC5N8,siêu thị,Chả cua Huế,1600.0,,
6UC5N8,siêu thị,Shop Vinafood,1600.0,,
6UC5N8,trung tâm thương mại,Nhà đậu xe Aeon Mall Tân Phú Celadon;Commercial_AEONMallTanPhu Storie 4,1300.0,,
6SZTX8,chợ,Chợ Ngã Ba Bầu,989.0,,
6SZTX8,chợ,Chợ Tân Chánh Hiệp,1200.0,,
6SZTX8,chợ,Chợ Trung Chánh,1800.0,,
6SZTX8,trường học,Trường Trung học cơ sở Trần Quang Khải,441.0,,
6SZTX8,trường học,Trường Tiểu học Trần Quang Cơ,707.0,,
6SZTX8,trường học,Trung tâm Giáo dục nghề nghiệp - Giáo dục thường xuyên Quận 12,752.0,,
6SZTX8,bệnh viện,Bệnh viện Đa khoa Trung Mỹ Tây,1200.0,,
6SZTX8,bệnh viện,188 Beauty Spa quận 12 | Viện thẩm mỹ hàng đầu tpHCM,2000.0,,
6SZTX8,công viên,Công Viên Trúc Lâm,911.0,,
6SZTX8,công viên,The parkland,949.0,,
6SZTX8,công viên,Cây xanh,972.0,,
6SZTX8,siêu thị,Co-opmart Tô Ký,1300.0,,
6SZTX8,siêu thị,Bách hóa XANH.COM,1300.0,,
6SZTX8,siêu thị,CoopMart Hiệp Thành,2000.0,,
6SZTX8,trung tâm thương mại,Nhà Phân Phối Diana Unicharm,1300.0,,
6SZTX8,trung tâm thương mại,SuSu,1900.0,,
40VEYF,chợ,Chợ Tân Trụ,117.0,,
40VEYF,trường học,"Trường Trung học cơ sở - Trung học phổ thông Pathway Tuệ Đức - Cơ sở Nguyễn Sỹ Sách, Quận Tân Bình",192.0,,
40VEYF,trường học,Trường Tiểu Học Nguyễn Văn Kip,260.0,,
40VEYF,trường học,Trường Trung học phổ thông Tư Thục Đinh Tiên Hoàng,1300.0,,
40VEYF,công viên,Công viên Nguyễn Sỹ Sách,252.0,,
40VEYF,siêu thị,Co.op Mart Trường Chinh,522.0,,
40VEYF,siêu thị,Co.op Mart Thắng Lợi,534.0,,
40VEYF,siêu thị,Co.opmart Thắng Lợi,547.0,,
7KE8FA,chợ,Chợ Võ Thành Trang,293.0,,
7KE8FA,chợ,Chợ Hoàng Hoa Thám,1200.0,,
7KE8FA,chợ,Chợ Tân Phú,1300.0,,
7KE8FA,trường học,Trường Tiểu học Thân Nhân Trung,494.0,,
7KE8FA,trường học,Trường Tiểu học Tân Sơn Nhì,521.0,,
7KE8FA,trường học,Xuất Khẩu Lao Động Esuhai,549.0,,
7KE8FA,bệnh viện,Bệnh Viện Đa Khoa Mỹ Đức,586.0,,
7KE8FA,công viên,Công viên Bàu Cát 3,1100.0,,
7KE8FA,siêu thị,Pandora Trường Chinh,509.0,,
7KE8FA,siêu thị,Big C,538.0,,
7KE8FA,siêu thị,Cửa Hàng 137FoodMart,1200.0,,
7KE8FA,trung tâm thương mại,LOTTE Mart Cộng Hòa,1700.0,,
7KE8FA,trung tâm thương mại,Pico Plaza,1800.0,,
857MH3,chợ,Chợ Hiệp Thành,1100.0,,
857MH3,trường học,Trường Trung học cơ sở Nguyễn Chí Thanh,1000.0,,
857MH3,trường học,Trường Tiểu học Nguyễn Thái Bình,1100.0,,
857MH3,trường học,Trường Tiểu học Võ Thị Sáu,1400.0,,
857MH3,bệnh viện,188 Beauty Spa quận 12 | Viện thẩm mỹ hàng đầu tpHCM,1500.0,,
857MH3,công viên,The parkland,1200.0,,
857MH3,công viên,Cây xanh,1200.0,,
857MH3,công viên,Công Viên Trúc Lâm,1300.0,,
857MH3,siêu thị,CoopMart Hiệp Thành,1300.0,,
857MH3,siêu thị,Bách Hóa Hạnh Dương,1900.0,,
857MH3,trung tâm thương mại,SuSu,1100.0,,
857MH3,trung tâm thương mại,Tạp Hóa Út Huệ,1700.0,,
857MH3,trung tâm thương mại,Cửa Hàng Sữa Dony,1700.0,,
020WV9,chợ,Chợ Rạch Ông,501.0,,
020WV9,chợ,Chợ Hòa Bình,788.0,,
020WV9,chợ,Chợ Nancy,1000.0,,
020WV9,trường học,Trường Tiểu Học Âu Dương Lân,137.0,,
020WV9,trường học,Khoa Y Tế Công Cộng ĐH Y Dược Thành phố Hồ Chí Minh,366.0,,
020WV9,trường học,Trường Tiểu học Trần Danh Lâm,411.0,,
020WV9,bệnh viện,Phòng Khám Đa Khoa Thế Giới,572.0,,
020WV9,bệnh viện,Bệnh viện Tâm thần Thành phố Hồ Chí Minh,688.0,,
020WV9,bệnh viện,Bệnh viện Bệnh Nhiệt đới,718.0,,
020WV9,công viên,Công viên Phường 2,246.0,,
020WV9,công viên,Công viên Dạ Nam,252.0,,
020WV9,công viên,Công viên 310A Hưng Phú,641.0,,
020WV9,siêu thị,Bách Hóa Xanh,214.0,,
020WV9,siêu thị,AEON Tạ Quang Bửu,877.0,,
020WV9,siêu thị,FamilyMart,1500.0,,
020WV9,trung tâm thương mại,Parc Mall,810.0,,
020WV9,trung tâm thương mại,Trung tâm Thương Mại An Đông Plaza,1500.0,,
020WV9,trung tâm thương mại,Centre Mall Phạm Hùng,1700.0,,
ABHXUY,chợ,Chợ Phú Lâm,287.0,,
ABHXUY,chợ,Chợ Tân Hòa Đông,507.0,,
ABHXUY,chợ,Chợ Phú Định,1100.0,,
ABHXUY,trường học,Trường Trung học phổ thông tư thục Phú Lâm,271.0,,
ABHXUY,trường học,Trường Trung học cơ sở Đoàn Kết,281.0,,
ABHXUY,trường học,Trường Tiểu học Âu Cơ,390.0,,
ABHXUY,bệnh viện,Bệnh viện Đa khoa Bình Phú,1300.0,,
ABHXUY,bệnh viện,Bệnh viện Đa khoa Lãnh Binh Thăng,1800.0,,
ABHXUY,công viên,Công viên Bãi Cát,373.0,,
ABHXUY,công viên,Lương Thế Vinh,723.0,,
ABHXUY,công viên,Công Viên 158 Phan Anh,895.0,,
ABHXUY,siêu thị,Bách Hóa XANH,331.0,,
ABHXUY,siêu thị,Co.opMart Phú Lâm,476.0,,
ABHXUY,siêu thị,Satra Foods,542.0,,
ABHXUY,trung tâm thương mại,Nhi,1600.0,,
5KYGG7,chợ,Chợ Cây Điệp,426.0,,
5KYGG7,chợ,Chợ Cây Quéo,596.0,,
5KYGG7,chợ,Chợ Bà Chiểu,1400.0,,
5KYGG7,trường học,Trung Tâm Dạy Nghề Bình Thạnh,465.0,,
5KYGG7,trường học,Trường tiểu học Nguyễn Thượng Hiền,718.0,,
5KYGG7,trường học,Trường Tiểu Học Nguyễn Bá Ngọc,767.0,,
5KYGG7,bệnh viện,Bệnh viện Ung bướu,801.0,,
5KYGG7,bệnh viện,Bệnh viện Nhân dân Gia Định,915.0,,
5KYGG7,bệnh viện,Bệnh Viện Quốc Tế Columbia Asia,1000.0,,
5KYGG7,công viên,Công viên Văn hóa Phú Nhuận,985.0,,
5KYGG7,công viên,Công viên trung tâm HCA,1200.0,,
5KYGG7,công viên,Công viên Bến Hải,1600.0,,
5KYGG7,siêu thị,WinMart,463.0,,
5KYGG7,siêu thị,Cửa Hàng Tiện Lợi Shop&Go!,695.0,,
5KYGG7,siêu thị,Siêu Thị Bình Hòa,881.0,,
5KYGG7,trung tâm thương mại,Trung Tâm Thương Mại Vincom Plaza Gò Vấp,1700.0,,
5KYGG7,trung tâm thương mại,GO! Go Vap,2000.0,,
RGUMFJ,trường học,Trường Tiểu học Lê Trọng Tấn,322.0,,
RGUMFJ,trường học,Trường Tiểu học Huỳnh Thúc Kháng,359.0,,
RGUMFJ,trường học,Trường Trung học phổ thông Bình Hưng Hòa,401.0,,
RGUMFJ,bệnh viện,Yoga trị liệu l Ci Yoga Therapy CN Celadon,1400.0,,
RGUMFJ,bệnh viện,Trạm Y Tế phường Bình Hưng Hòa,1500.0,,
RGUMFJ,công viên,Công viên Gia Phú,614.0,,
RGUMFJ,công viên,Công viên Sơn Kỳ,917.0,,
RGUMFJ,công viên,Công viên Hồ trái tim,1500.0,,
RGUMFJ,siêu thị,Chả cua Huế,1900.0,,
RGUMFJ,siêu thị,Shop Vinafood,1900.0,,
RGUMFJ,trung tâm thương mại,Nhà đậu xe Aeon Mall Tân Phú Celadon;Commercial_AEONMallTanPhu Storie 4,1700.0,,
RGUMFJ,trung tâm thương mại,Công Ty TNHH Trang Thiết Bị Bảo Hộ Thiên Phúc,1900.0,,
QAJEYU,chợ,Chợ Hiệp Thành,1100.0,,
QAJEYU,chợ,Chợ Ngã Ba Bầu,1700.0,,
QAJEYU,trường học,Trường Trung học cơ sở Nguyễn Chí Thanh,599.0,,
QAJEYU,trường học,Trường Tiểu học Nguyễn Thái Bình,616.0,,
QAJEYU,trường học,Trường Tiểu học Võ Thị Sáu,645.0,,
QAJEYU,bệnh viện,188 Beauty Spa quận 12 | Viện thẩm mỹ hàng đầu tpHCM,1300.0,,
QAJEYU,bệnh viện,Bệnh viện Đa khoa Trung Mỹ Tây,1900.0,,
QAJEYU,công viên,The parkland,160.0,,
QAJEYU,công viên,Cây xanh,197.0,,
QAJEYU,công viên,Công Viên Trúc Lâm,305.0,,
QAJEYU,siêu thị,CoopMart Hiệp Thành,1200.0,,
QAJEYU,siêu thị,Bách Hóa Hạnh Dương,2000.0,,
QAJEYU,trung tâm thương mại,SuSu,1100.0,,
37ETBQ,chợ,An Dong Market,218.0,,
37ETBQ,chợ,Chọ mini,489.0,,
37ETBQ,chợ,Ho Thi Ky Food Street,494.0,,
37ETBQ,trường học,Trường Trung học cơ sở Phan Sào Nam,315.0,,
37ETBQ,trường học,Trường Trung học phổ thông Vạn Hạnh,381.0,,
37ETBQ,trường học,Trung Tâm Giáo dục thường xuyên Quận 10,423.0,,
37ETBQ,bệnh viện,Bệnh viện Nhi đồng 1,296.0,,
37ETBQ,bệnh viện,Bệnh viện Đa Khoa Vạn Hạnh,356.0,,
37ETBQ,bệnh viện,Viện Tim Thành phố Hồ Chí Minh,750.0,,
37ETBQ,công viên,Công viên Vườn Lài,318.0,,
37ETBQ,công viên,Khu du lịch Kỳ Hòa,463.0,,
37ETBQ,công viên,Công viên số 1 Lý Thái Tổ,789.0,,
37ETBQ,siêu thị,Co.op Xtra,359.0,,
37ETBQ,siêu thị,Siêu thị Sài Gòn (SATRA MART),555.0,,
37ETBQ,siêu thị,Siêu Thị Co.opmart,662.0,,
37ETBQ,trung tâm thương mại,Vạn Hạnh Mall,348.0,,
37ETBQ,trung tâm thương mại,Cừa hàng Saigon Hobby,655.0,,
37ETBQ,trung tâm thương mại,Saigon Mall Cao Thắng,1100.0,,
1UACH6,chợ,Chợ Cầu Đồng,243.0,,
1UACH6,chợ,Chợ Vườn Lài,1100.0,,
1UACH6,chợ,Chợ Thạnh Xuân,1600.0,,
1UACH6,trường học,Trường Trung học cơ sở An Phú Đông,891.0,,
1UACH6,trường học,Trường Mầm Non Bông Hồng,946.0,,
1UACH6,trường học,Trường Tiểu Học Phạm Văn Chiêu,966.0,,
1UACH6,siêu thị,Xường công nghệ cao,1800.0,,
1UACH6,trung tâm thương mại,Tạp hóa Hiền Trâm,1500.0,,
SDDYX5,chợ,Chợ Nguyễn Văn Trỗi,278.0,,
SDDYX5,chợ,Chợ Hòa Hưng,794.0,,
SDDYX5,chợ,Chợ Chí Hòa,815.0,,
SDDYX5,trường học,Trường Tiểu Học Trương Minh Giang,157.0,,
SDDYX5,trường học,Trường Tiểu học Trần Quang Diệu,163.0,,
SDDYX5,trường học,Trường Tiểu học Trương Quyền,174.0,,
SDDYX5,bệnh viện,Bệnh viện An Sinh,509.0,,
SDDYX5,bệnh viện,Bệnh viện Tai Mũi Họng Thành phố Hồ Chí Minh,780.0,,
SDDYX5,bệnh viện,Bệnh viện Y học cổ truyền Thành phố Hồ Chí Minh,1200.0,,
SDDYX5,công viên,Đài liệt sĩ Quận 3,786.0,,
SDDYX5,công viên,Công viên Chung cư Lê Thị Riêng,1600.0,,
SDDYX5,công viên,Khu du lịch Kỳ Hòa,1600.0,,
SDDYX5,siêu thị,Circle k,127.0,,
SDDYX5,siêu thị,Co.opmart Nhiêu Lộc,206.0,,
SDDYX5,siêu thị,Co.op Food,244.0,,
SDDYX5,trung tâm thương mại,Vincom Plaza Ba Tháng Hai,1300.0,,
SDDYX5,trung tâm thương mại,Tạp Hóa Thu Bé Bự,1400.0,,
SDDYX5,trung tâm thương mại,phu quy,1500.0,,
40WY4F,chợ,Chợ Cây Điệp,445.0,,
40WY4F,chợ,Chợ Cây Quéo,719.0,,
40WY4F,chợ,Chợ Bà Chiểu,892.0,,
40WY4F,trường học,Trường Trung học phổ thông Hoàng Hoa Thám,416.0,,
40WY4F,trường học,Trung Tâm Dạy Nghề Bình Thạnh,541.0,,
40WY4F,trường học,Trường Trung học cơ sở Hà Huy Tập,587.0,,
40WY4F,bệnh viện,Bệnh viện Ung bướu,313.0,,
40WY4F,bệnh viện,Bệnh viện Nhân dân Gia Định,433.0,,
40WY4F,bệnh viện,Bệnh Viện Quốc Tế Columbia Asia,515.0,,
40WY4F,công viên,Công viên Văn hóa Phú Nhuận,619.0,,
40WY4F,công viên,Công viên trung tâm HCA,1100.0,,
40WY4F,siêu thị,Cửa Hàng Tiện Lợi Shop&Go!,221.0,,
40WY4F,siêu thị,WinMart,269.0,,
40WY4F,siêu thị,Điện thoại VT Mobile,545.0,,
AHSH9Y,chợ,Chợ Nguyễn Đình Chiểu,1600.0,,
AHSH9Y,chợ,Chợ Phạm Văn Hai,1800.0,,
AHSH9Y,chợ,Chợ Trần Hữu Trang,2000.0,,
AHSH9Y,trường học,Trường Tiểu học Tân Sơn Nhất,693.0,,
AHSH9Y,trường học,Trường Cao Đẳng Đại Việt,798.0,,
AHSH9Y,trường học,Trường Tiểu Học Hồ Văn Huê,863.0,,
AHSH9Y,bệnh viện,Bệnh viện Đa khoa Tâm Anh,897.0,,
AHSH9Y,bệnh viện,Bệnh viện Phụ sản Mekong,1200.0,,
AHSH9Y,bệnh viện,Bệnh viện Đa khoa Phú Nhuận,1500.0,,
AHSH9Y,công viên,Botanica Premier Residential Park,305.0,,
AHSH9Y,công viên,Công viên Hoàng Văn Thụ,914.0,,
AHSH9Y,công viên,Công viên Gia Định,976.0,,
AHSH9Y,siêu thị,CO.OP Mart Nguyễn Kiệm,1300.0,,
AHSH9Y,siêu thị,Siêu Thị Tiện Lợi Nam An,1300.0,,
AHSH9Y,siêu thị,Ministop,1400.0,,
AHSH9Y,trung tâm thương mại,Toà Nhà Parkson CT Plaza,310.0,,
AHSH9Y,trung tâm thương mại,Saigon Airport Plaza,501.0,,
AHSH9Y,trung tâm thương mại,Pico Plaza,1800.0,,
JPUA80,chợ,Chợ Nam Hòa,312.0,,
JPUA80,chợ,Chợ Tân Bình,584.0,,
JPUA80,chợ,Chợ Nghĩa Hòa,602.0,,
JPUA80,trường học,Trường tiểu học Đống Đa,200.0,,
JPUA80,trường học,Trường Tiểu Học Chi Lăng,234.0,,
JPUA80,trường học,Trường Trung học cơ sở Nguyễn Gia Thiều,258.0,,
JPUA80,bệnh viện,Bệnh viện 1A,802.0,,
JPUA80,bệnh viện,Trung Tâm Hiến Múa Nhân Đạo,816.0,,
JPUA80,bệnh viện,Bệnh viện Thống Nhất,1000.0,,
JPUA80,công viên,Công viên Chung cư Lê Thị Riêng,680.0,,
JPUA80,công viên,Công viên Tân Phước,996.0,,
JPUA80,công viên,Công viên Nhà thi đấu Tân Bình,1400.0,,
JPUA80,siêu thị,WinMart,452.0,,
JPUA80,siêu thị,Go! Miền Đông,995.0,,
JPUA80,siêu thị,MiniMart,1100.0,,
JPUA80,trung tâm thương mại,Bách hóa tổng hợp,1200.0,,
JPUA80,trung tâm thương mại,Vạn Hạnh Mall,1900.0,,
PNA9JG,chợ,Chợ Phú Thuận,607.0,,
PNA9JG,trường học,Trường Hàn Quốc HCMC Korean School,190.0,,
PNA9JG,trường học,Trường Quốc tế Hàn Quốc,191.0,,
PNA9JG,trường học,Trường Quốc tế Đài Loan,298.0,,
PNA9JG,bệnh viện,Nhà Thuốc Thái Thanh,286.0,,
PNA9JG,bệnh viện,Bệnh viện Đa khoa Nguyễn Thị Thập,1900.0,,
PNA9JG,công viên,Công viên Nam Thông 3,444.0,,
PNA9JG,công viên,Công viên Nam Viên,475.0,,
PNA9JG,công viên,Công viên nội khu,579.0,,
PNA9JG,siêu thị,Siêu thị Finelife Riviera Point,1200.0,,
PNA9JG,siêu thị,Co.opmart Huỳnh Tấn Phát,1200.0,,
PNA9JG,siêu thị,AEON Nguyễn Văn Linh,1800.0,,
PNA9JG,trung tâm thương mại,Parkson,1500.0,,
PNA9JG,trung tâm thương mại,Crescent Mall,1800.0,,
7HSFEA,chợ,Chợ Bà Chiểu,278.0,,
7HSFEA,chợ,Chợ Đa Kao,976.0,,
7HSFEA,chợ,Chợ Thị Nghè,1200.0,,
7HSFEA,trường học,Trường Trung học cơ sở Lam Sơn,98.0,,
7HSFEA,trường học,Trường Tiểu học Nguyễn Đình Chiểu,453.0,,
7HSFEA,trường học,Trường Trung học cơ sở Trương Công Định,560.0,,
7HSFEA,bệnh viện,Bệnh viện Đa khoa Bình Thạnh,491.0,,
7HSFEA,bệnh viện,Bệnh Viện Quốc Tế Columbia Asia,758.0,,
7HSFEA,bệnh viện,Bệnh viện Nhân dân Gia Định,860.0,,
7HSFEA,công viên,Công viên Văn hóa Phú Nhuận,1200.0,,
7HSFEA,công viên,Công viên trung tâm HCA,1400.0,,
7HSFEA,công viên,Chung cư City Garden,1400.0,,
7HSFEA,siêu thị,Foodmart,186.0,,
7HSFEA,siêu thị,Focomart,381.0,,
7HSFEA,siêu thị,Điện thoại VT Mobile,664.0,,
7HSFEA,trung tâm thương mại,Tạp Hóa Thu Bé Bự,1700.0,,
7HSFEA,trung tâm thương mại,MIA  Luggage store,1700.0,,
6UW428,chợ,Chợ Bình Trị Đông,1600.0,,
6UW428,trường học,Trường Tiểu học Nguyễn Công Trứ,482.0,,
6UW428,trường học,Trường Trung học phổ thông Nguyễn Hữu Cảnh,500.0,,
6UW428,trường học,Trường Trung học cơ sở Bình Trị Đông A,903.0,,
6UW428,bệnh viện,Bệnh viện Đa khoa Bình Tân,735.0,,
6UW428,siêu thị,Siêu thị Co.opmart Bình Tân 2,582.0,,
6UW428,siêu thị,Túi Giấy Giá Rẻ,741.0,,
6UW428,siêu thị,Bách Hóa Xanh,1600.0,,
Q7J8TU,chợ,Chợ Cây Điệp,799.0,,
Q7J8TU,chợ,Chợ Gò Vấp,1000.0,,
Q7J8TU,chợ,Chợ Cây Quéo,1400.0,,
Q7J8TU,trường học,Trường Tiểu học Phan Văn Trị,216.0,,
Q7J8TU,trường học,Trường Quốc tế Việt Úc - Cơ sở Garden Hills,536.0,,
Q7J8TU,trường học,Trường Trung học cơ sở Nguyễn Văn Nghi,563.0,,
Q7J8TU,bệnh viện,Bệnh viện Ung bướu,1500.0,,
Q7J8TU,bệnh viện,Bệnh viện Nhân dân Gia Định,1600.0,,
Q7J8TU,bệnh viện,Bệnh viện Quân y 175,1600.0,,
Q7J8TU,công viên,Công viên Bến Hải,834.0,,
Q7J8TU,công viên,Công viên trung tâm HCA,1000.0,,
Q7J8TU,công viên,Công viên Khu nhà ở Quân đội,1700.0,,
Q7J8TU,siêu thị,WinMart,391.0,,
Q7J8TU,siêu thị,Siêu Thị Bình Hòa,395.0,,
Q7J8TU,siêu thị,emart,571.0,,
Q7J8TU,trung tâm thương mại,Trung Tâm Thương Mại Vincom Plaza Gò Vấp,1100.0,,
Q7J8TU,trung tâm thương mại,GO! Go Vap,1800.0,,
PNXH0G,chợ,Chợ thuốc Quận 10,307.0,,
PNXH0G,chợ,Chợ Chí Hòa,394.0,,
PNXH0G,chợ,Chợ Hòa Hưng,447.0,,
PNXH0G,trường học,Trường Tiểu học Tô Hiến Thành,226.0,,
PNXH0G,trường học,Trường Tiểu học Lê Thị Riêng,276.0,,
PNXH0G,trường học,Trung Tâm Tư Vấn Du Học Quốc Tế,330.0,,
PNXH0G,bệnh viện,Bệnh viện Quận 10,499.0,,
PNXH0G,bệnh viện,Bệnh viện Nhân dân 115,597.0,,
PNXH0G,bệnh viện,Viện Tim Thành phố Hồ Chí Minh,742.0,,
PNXH0G,công viên,Khu du lịch Kỳ Hòa,756.0,,
PNXH0G,công viên,Công viên Chung cư Lê Thị Riêng,790.0,,
PNXH0G,công viên,Công viên Vườn Lài,884.0,,
PNXH0G,siêu thị,Go! Miền Đông,468.0,,
PNXH0G,siêu thị,MiniMart,767.0,,
PNXH0G,siêu thị,Siêu Thị Co.opmart,767.0,,
PNXH0G,trung tâm thương mại,Vạn Hạnh Mall,1000.0,,
PNXH0G,trung tâm thương mại,Vincom Plaza Ba Tháng Hai,1300.0,,
PNXH0G,trung tâm thương mại,phu quy,1500.0,,
WP8KBR,chợ,Chợ Nghĩa Hòa,43.0,,
WP8KBR,chợ,Chợ Nam Hòa,525.0,,
WP8KBR,chợ,Chợ Tân Bình,734.0,,
WP8KBR,trường học,Trường Trung học cơ sở Trần Văn Đang,104.0,,
WP8KBR,trường học,Trường Trung học cơ sở Tân Bình,129.0,,
WP8KBR,trường học,Trường Tiểu học Hùng Vương,183.0,,
WP8KBR,bệnh viện,Bệnh viện 1A,683.0,,
WP8KBR,bệnh viện,Bệnh viện Thống Nhất,784.0,,
WP8KBR,bệnh viện,Bệnh viện Đa khoa Tân Bình,886.0,,
WP8KBR,công viên,Công viên Chung cư Lê Thị Riêng,620.0,,
WP8KBR,công viên,Công viên Nhà thi đấu Tân Bình,1000.0,,
WP8KBR,công viên,Công viên Tân Phước,1600.0,,
WP8KBR,siêu thị,WinMart,346.0,,
WP8KBR,siêu thị,Bách Hóa Xanh,888.0,,
WP8KBR,siêu thị,B's mart,946.0,,
WP8KBR,trung tâm thương mại,Bách hóa tổng hợp,1500.0,,
WP8KBR,trung tâm thương mại,Pico Plaza,1600.0,,
WP8KBR,trung tâm thương mại,LOTTE Mart Cộng Hòa,1600.0,,
37D1JQ,chợ,Chợ Cầu,1600.0,,
37D1JQ,trường học,Trường Trung học Phổ thông Việt Âu,147.0,,
37D1JQ,trường học,Trường Trung học cơ sở Huỳnh Văn Nghệ,695.0,,
37D1JQ,trường học,Trường Tiểu học Lê Quý Đôn,740.0,,
37D1JQ,bệnh viện,Bệnh viện Đa khoa Trung Mỹ Tây,1300.0,,
37D1JQ,bệnh viện,188 Beauty Spa quận 12 | Viện thẩm mỹ hàng đầu tpHCM,1900.0,,
37D1JQ,công viên,Công viên Chung cư Phú An,1600.0,,
37D1JQ,công viên,Công viên Phần mềm Quang Trung,1700.0,,
37D1JQ,siêu thị,MM Mega Market Hiệp Phú,727.0,,
37D1JQ,siêu thị,Co.opmart SCA Phạm Văn Chiêu,1500.0,,
37D1JQ,siêu thị,Co-opmart Liên Hiệp Thành phố Hồ Chí Minh,2000.0,,
37D1JQ,trung tâm thương mại,Tân phước,851.0,,
37D1JQ,trung tâm thương mại,Nhà Phân Phối Diana Unicharm,1700.0,,
37D1JQ,trung tâm thương mại,thảo nguyên 1A,1900.0,,
5HYKH7,chợ,Chợ Hạnh Thông Tây,1400.0,,
5HYKH7,chợ,Chợ An Nhơn,1500.0,,
5HYKH7,trường học,Trường Trung học cơ sở - Trung học phổ thông Bán Trú Nội Trú Hồng Hà - Cơ Sở 4,384.0,,
5HYKH7,trường học,Trường Trung học cơ sở&Trung học phổ thông Hồng Hà,395.0,,
5HYKH7,trường học,Trường Tiểu học Kim Đồng,790.0,,
5HYKH7,bệnh viện,Bệnh viện Đa khoa Gò Vấp,1000.0,,
5HYKH7,bệnh viện,Bệnh viện Quân y 175,1700.0,,
5HYKH7,công viên,Công viên Hòa Bình,680.0,,
5HYKH7,công viên,Công viên Khu nhà ở Quân đội,1700.0,,
5HYKH7,công viên,Mercedes Sidewalk park,1800.0,,
5HYKH7,siêu thị,WinMart,553.0,,
5HYKH7,siêu thị,Co.opmart Phan Văn Trị,1300.0,,
5HYKH7,trung tâm thương mại,Vincom Plaza Quang Trung,308.0,,
5HYKH7,trung tâm thương mại,Saigon Mall Gò Vấp,771.0,,
5HYKH7,trung tâm thương mại,Trung Tâm Mua Sắm Nguyễn Kim Gò Vấp,877.0,,
Q13BUQ,chợ,Chợ Tân Bình,549.0,,
Q13BUQ,chợ,Chợ Bà Hoa,682.0,,
Q13BUQ,chợ,Chợ Trần Văn Quang,788.0,,
Q13BUQ,trường học,Trường Tiểu học Lạc Long Quân,284.0,,
Q13BUQ,trường học,Trươờng Tiểu học Lê Thị Hồng Gấm,434.0,,
Q13BUQ,trường học,Trường Trung học cơ sở Võ Văn Tần - CS1,450.0,,
Q13BUQ,bệnh viện,Bệnh viện 1A,695.0,,
Q13BUQ,bệnh viện,Bệnh viện Đa khoa Tân Phú,728.0,,
Q13BUQ,bệnh viện,Bệnh viện Thống Nhất,815.0,,
Q13BUQ,công viên,Công viên Bàu Cát 3,1200.0,,
Q13BUQ,công viên,Công viên Nhà thi đấu Tân Bình,1200.0,,
Q13BUQ,công viên,Công viên Tân Phước,1300.0,,
Q13BUQ,siêu thị,WinMart,939.0,,
Q13BUQ,siêu thị,Siêu thị GO! Âu Cơ,1000.0,,
Q13BUQ,siêu thị,USAMua - Mua Hàng Mỹ,1700.0,,
Q13BUQ,trung tâm thương mại,Bách hóa tổng hợp,280.0,,
Q13BUQ,trung tâm thương mại,Pico Plaza,1800.0,,
Q13BUQ,trung tâm thương mại,LOTTE Mart Cộng Hòa,1800.0,,
SDNEF5,chợ,Chợ An Nhơn,595.0,,
SDNEF5,trường học,Trường Trung học phổ thông Trần Hưng Đạo,286.0,,
SDNEF5,trường học,"Trường Tiểu học Pathway Tuệ Đức - Cơ sở Hà Huy Giáp, Quận 12",985.0,,
SDNEF5,trường học,Trường Tiểu học Lê Đức Thọ,1000.0,,
SDNEF5,bệnh viện,Phòng Khám Đa Khoa Hữu Nghị,655.0,,
SDNEF5,công viên,Công viên Văn hóa Gò Vấp,400.0,,
SDNEF5,công viên,Công viên Khu nhà ở Quân đội,1500.0,,
SDNEF5,công viên,Công viên Hòa Bình,1600.0,,
SDNEF5,siêu thị,Winmart,1400.0,,
SDNEF5,siêu thị,Co.opmart Phan Văn Trị,1600.0,,
SDNEF5,siêu thị,WinMart,1900.0,,
SDNEF5,trung tâm thương mại,Thu giang,531.0,,
SDNEF5,trung tâm thương mại,Tạp hóa cô Thanh,1200.0,,
SDNEF5,trung tâm thương mại,tạp hóa anh Trung,1200.0,,
6UCVK8,chợ,Chợ Bà Chiểu,533.0,,
6UCVK8,chợ,Chợ Đa Kao,704.0,,
6UCVK8,chợ,Bách Hóa Xanh - 2C - 2D Phùng Văn Cung,938.0,,
6UCVK8,trường học,Trường Trung học phổ thông Võ Thị Sáu,89.0,,
6UCVK8,trường học,Trường Cao Đẳng An Ninh Mạng ISPACE,359.0,,
6UCVK8,trường học,Trường Tiểu Học Dân Lập Quốc Tế Việt Úc,366.0,,
6UCVK8,bệnh viện,Bệnh viện Đa khoa Bình Thạnh,204.0,,
6UCVK8,bệnh viện,Bệnh Viện Quốc Tế Columbia Asia,518.0,,
6UCVK8,bệnh viện,Bệnh viện Nhân dân Gia Định,597.0,,
6UCVK8,công viên,Công viên Văn hóa Phú Nhuận,705.0,,
6UCVK8,công viên,Công viên Lê Văn Tám,1200.0,,
6UCVK8,công viên,Đài liệt sĩ Quận 3,1600.0,,
6UCVK8,siêu thị,Chợ Vạn Kiếp,187.0,,
6UCVK8,siêu thị,Gạo Hồng Nhung,318.0,,
6UCVK8,siêu thị,Foodmart,475.0,,
6UCVK8,trung tâm thương mại,Tạp Hóa Thu Bé Bự,1100.0,,
6UCVK8,trung tâm thương mại,MIA  Luggage store,1200.0,,
3HYHAQ,chợ,Chợ Trần Hữu Trang,365.0,,
3HYHAQ,chợ,Chợ Phạm Văn Hai,1000.0,,
3HYHAQ,chợ,Chợ Phú Nhuận,1200.0,,
3HYHAQ,trường học,Trường Trung học cơ sở Ngô Tất Tố,179.0,,
3HYHAQ,trường học,Trường Trung học phổ thông Quốc Tế TIS,283.0,,
3HYHAQ,trường học,Trường Trung học cơ sở&Trung học phổ thông Đăng Khoa,294.0,,
3HYHAQ,bệnh viện,Viện Y Dược học Dân tộc,92.0,,
3HYHAQ,bệnh viện,Bệnh viện Đa khoa Phú Nhuận,164.0,,
3HYHAQ,bệnh viện,Bệnh Viện Sài Gòn ITO,553.0,,
3HYHAQ,công viên,Công viên Hoàng Văn Thụ,1100.0,,
3HYHAQ,công viên,Đài liệt sĩ Quận 3,1400.0,,
3HYHAQ,công viên,Botanica Premier Residential Park,1500.0,,
3HYHAQ,siêu thị,Siêu Thị Tiện Lợi Nam An,372.0,,
3HYHAQ,siêu thị,Bách Hóa Xanh,406.0,,
3HYHAQ,siêu thị,Ministop,513.0,,
3HYHAQ,trung tâm thương mại,Toà Nhà Parkson CT Plaza,1900.0,,
RNPDEJ,chợ,Chợ Bà Hom,1200.0,,
RNPDEJ,chợ,Chợ Bình Trị Đông,1700.0,,
RNPDEJ,trường học,Trường Trung học phổ thông Nguyễn Hữu Cảnh,474.0,,
RNPDEJ,trường học,Trường Trung học cơ sở Tân Tạo,830.0,,
RNPDEJ,trường học,Trường Tiểu học Tân Tạo,878.0,,
RNPDEJ,bệnh viện,Bệnh viện Đa khoa Bình Tân,668.0,,
RNPDEJ,công viên,Cong Vien khu pho 9,1200.0,,
RNPDEJ,công viên,Công viên Tecco Town,1700.0,,
RNPDEJ,công viên,Công viên Đường số 25,1900.0,,
RNPDEJ,siêu thị,Túi Giấy Giá Rẻ,254.0,,
RNPDEJ,siêu thị,Siêu thị Co.opmart Bình Tân 2,562.0,,
RNPDEJ,siêu thị,Co.op Food,1300.0,,
AB4PZY,chợ,Chợ Tân Hưng (Chợ Ông Địa),436.0,,
AB4PZY,chợ,Chợ Trần Văn Quang,665.0,,
AB4PZY,chợ,Chợ Phú Trung,986.0,,
AB4PZY,trường học,Trường Tiểu học Trưng Trắc,177.0,,
AB4PZY,trường học,Trường Trung học cơ sở Lý Thường Kiệt,240.0,,
AB4PZY,trường học,Trung tâm Dạy nghề Quận 11,273.0,,
AB4PZY,bệnh viện,Trung Tâm Hiến Múa Nhân Đạo,440.0,,
AB4PZY,bệnh viện,Bệnh viện Trưng Vương,958.0,,
AB4PZY,bệnh viện,Bệnh viện Đa khoa Tân Phú,1400.0,,
AB4PZY,công viên,Công viên Tân Phước,97.0,,
AB4PZY,công viên,Công viên Phú Hòa,1000.0,,
AB4PZY,công viên,Công viên Hoa hồng,1300.0,,
AB4PZY,siêu thị,Siêu Thị Co.opMart - Phú Thọ,506.0,,
AB4PZY,siêu thị,MiniMart,1300.0,,
AB4PZY,siêu thị,WinMart,1400.0,,
AB4PZY,trung tâm thương mại,Bách hóa tổng hợp,1100.0,,
AB4PZY,trung tâm thương mại,Lotte Department Store,1500.0,,
AB4PZY,trung tâm thương mại,Lotteria,1500.0,,
EJAA14,chợ,Chợ Xóm Mới,161.0,,
EJAA14,chợ,Chợ An Nhơn,1700.0,,
EJAA14,chợ,Chợ Hạnh Thông Tây,1900.0,,
EJAA14,trường học,Trường Tiểu Học Lê Hoàn - Cơ Sở 2,151.0,,
EJAA14,trường học,Trường Tiểu học Phan Chu Trinh - cơ sở 1,375.0,,
EJAA14,trường học,Trường Tiểu Học Lê Hoàn,405.0,,
EJAA14,bệnh viện,Phòng Khám Đa Khoa Hữu Nghị,1400.0,,
EJAA14,bệnh viện,Bệnh viện Đa khoa Gò Vấp,1900.0,,
EJAA14,công viên,Công viên Làng Hoa Gò Vấp,1400.0,,
EJAA14,công viên,"Công viên Gò Sao , Thạnh Xuân, Quận 12",1600.0,,
EJAA14,công viên,Công viên Hòa Bình,1700.0,,
EJAA14,siêu thị,Co.opmart SCA Phạm Văn Chiêu,1300.0,,
EJAA14,siêu thị,FamilyMart,1600.0,,
EJAA14,siêu thị,WinMart,1600.0,,
EJAA14,trung tâm thương mại,Thế Giới Sữa,391.0,,
EJAA14,trung tâm thương mại,669,432.0,,
EJAA14,trung tâm thương mại,571,504.0,,
ACXBQY,chợ,Chợ Nghĩa Hòa,275.0,,
ACXBQY,chợ,Chợ Nam Hòa,296.0,,
ACXBQY,chợ,Chợ Tân Bình,607.0,,
ACXBQY,trường học,Trường Tiểu Học Chi Lăng,106.0,,
ACXBQY,trường học,Trường Trung học cơ sở Trần Văn Đang,188.0,,
ACXBQY,trường học,Trường Tiểu học Hùng Vương,253.0,,
ACXBQY,bệnh viện,Bệnh viện 1A,689.0,,
ACXBQY,bệnh viện,Bệnh viện Thống Nhất,858.0,,
ACXBQY,bệnh viện,Bệnh viện Đa khoa Tân Bình,1100.0,,
ACXBQY,công viên,Công viên Chung cư Lê Thị Riêng,553.0,,
ACXBQY,công viên,Công viên Nhà thi đấu Tân Bình,1200.0,,
ACXBQY,công viên,Công viên Tân Phước,1300.0,,
ACXBQY,siêu thị,WinMart,267.0,,
ACXBQY,siêu thị,Go! Miền Đông,1000.0,,
ACXBQY,siêu thị,Bách Hóa Xanh,1200.0,,
ACXBQY,trung tâm thương mại,Bách hóa tổng hợp,1300.0,,
ACXBQY,trung tâm thương mại,Pico Plaza,1800.0,,
ACXBQY,trung tâm thương mại,LOTTE Mart Cộng Hòa,1800.0,,
J2SWK0,chợ,Chợ An Hội,174.0,,
J2SWK0,chợ,Chợ Cầu,1300.0,,
J2SWK0,chợ,Chợ Hạnh Thông Tây,1500.0,,
J2SWK0,trường học,"Trường Tiểu Học, Trung học cơ sở&Trung học phổ thông Hermann Gmeiner",221.0,,
J2SWK0,trường học,Trường cấp 1-2 Tân Sơn,496.0,,
J2SWK0,trường học,Trường Tiểu học Lương Thế Vinh,540.0,,
J2SWK0,bệnh viện,Bệnh viện Đa khoa Gò Vấp,1900.0,,
J2SWK0,công viên,Isuzu sidewalk park,307.0,,
J2SWK0,công viên,Mercedes Sidewalk park,1100.0,,
J2SWK0,công viên,Công viên Làng Hoa Gò Vấp,1200.0,,
J2SWK0,siêu thị,Co-opmart Liên Hiệp Thành phố Hồ Chí Minh,261.0,,
J2SWK0,siêu thị,Emart Phan Huy Ích,921.0,,
J2SWK0,siêu thị,Co.opmart SCA Phạm Văn Chiêu,1500.0,,
DER7UH,chợ,Chợ Phú Định,455.0,,
DER7UH,chợ,Chợ Hoa Hậu Giang,613.0,,
DER7UH,chợ,Chợ Hồ Trọng Quý,632.0,,
DER7UH,trường học,Trường Trung học cơ sở Nguyễn Văn Luông,167.0,,
DER7UH,trường học,Trường Trung học phổ thông Nguyễn Tất Thành,270.0,,
DER7UH,trường học,Trường Tiểu học Nguyễn Văn Luông,350.0,,
DER7UH,bệnh viện,Bệnh viện Đa khoa Bình Phú,217.0,,
DER7UH,bệnh viện,Nhà Thuốc Tây Quàng Hòa,1900.0,,
DER7UH,công viên,Công viên Bình Phú,381.0,,
DER7UH,công viên,Công viên Lò Gốm,519.0,,
DER7UH,công viên,Công viên Phú Lâm,1200.0,,
DER7UH,siêu thị,Siêu thị MM Mega Market Bình Phú,550.0,,
DER7UH,siêu thị,Co.op Food,779.0,,
DER7UH,siêu thị,Co.opmart Hậu Giang,1000.0,,
DER7UH,trung tâm thương mại,Phú lâm,686.0,,
DER7UH,trung tâm thương mại,Nhi,714.0,,
DER7UH,trung tâm thương mại,Thiên,765.0,,
SDCVE5,chợ,Chợ Lái Thiêu,1600.0,,
SDCVE5,chợ,Chợ Thạnh Xuân,1900.0,,
SDCVE5,chợ,Chợ Nhị Bình,1900.0,,
SDCVE5,trường học,Trường Trung học cơ sở Tô Ngọc Vân,539.0,,
SDCVE5,trường học,Trường Trung học cơ sở Đặng Công Bỉnh,1200.0,,
SDCVE5,trường học,Trường Tiểu học Phú Long,1500.0,,
SDCVE5,công viên,Công viên Bờ kè Gia Long,1600.0,,
SDCVE5,công viên,Công viên Lái Thiêu,1800.0,,
SDCVE5,trung tâm thương mại,Hương hằng,1300.0,,
GXVYF2,chợ,Chợ An Nhơn,614.0,,
GXVYF2,chợ,Chợ Xóm Mới,1100.0,,
GXVYF2,chợ,Chợ Hạnh Thông Tây,1900.0,,
GXVYF2,trường học,Trường Trung học cơ sở Lý Tự Trọng,285.0,,
GXVYF2,trường học,Trường Tiểu học Võ Thị Sáu,441.0,,
GXVYF2,trường học,Trường Giáo dục Chuyên biệt Hy Vọng,459.0,,
GXVYF2,bệnh viện,Phòng Khám Đa Khoa Hữu Nghị,666.0,,
GXVYF2,bệnh viện,Bệnh viện Đa khoa Gò Vấp,1700.0,,
GXVYF2,công viên,Công viên Hòa Bình,1000.0,,
GXVYF2,công viên,Công viên Văn hóa Gò Vấp,1400.0,,
GXVYF2,công viên,Công viên Làng Hoa Gò Vấp,1800.0,,
GXVYF2,siêu thị,WinMart,1300.0,,
GXVYF2,siêu thị,Co.opmart Phan Văn Trị,2000.0,,
GXVYF2,trung tâm thương mại,Thiên hương,517.0,,
GXVYF2,trung tâm thương mại,571,571.0,,
GXVYF2,trung tâm thương mại,669,650.0,,
375H7Q,chợ,Chợ Cầu Đồng,582.0,,
375H7Q,chợ,Chợ Thạnh Xuân,923.0,,
375H7Q,chợ,Chợ Vườn Lài,1900.0,,
375H7Q,trường học,Trường Trung học phổ thông Thạnh Lộc,492.0,,
375H7Q,trường học,Trường Trung học cơ sở Trần Hưng Đạo,590.0,,
375H7Q,trường học,Trường Tiểu học Hà Huy Giáp,692.0,,
375H7Q,công viên,"Công viên Gò Sao , Thạnh Xuân, Quận 12",1700.0,,
375H7Q,siêu thị,WinMart,1800.0,,
375H7Q,siêu thị,FamilyMart,1800.0,,
5DTMK7,chợ,Chợ Hiệp Thành,1500.0,,
5DTMK7,trường học,Trường Trung học cơ sở Nguyễn Trung Trực,607.0,,
5DTMK7,trường học,Trường Tiểu học Trần Quốc Toản,675.0,,
5DTMK7,trường học,Trường Tiểu học Nguyễn Trãi,881.0,,
5DTMK7,bệnh viện,188 Beauty Spa quận 12 | Viện thẩm mỹ hàng đầu tpHCM,1400.0,,
5DTMK7,công viên,Công viên Chung cư Phú An,1800.0,,
5DTMK7,siêu thị,CoopMart Hiệp Thành,1500.0,,
5DTMK7,siêu thị,MM Mega Market Hiệp Phú,1900.0,,
5DTMK7,trung tâm thương mại,thảo nguyên 1A,676.0,,
5DTMK7,trung tâm thương mại,Cửa Hàng Sữa Dony,836.0,,
5DTMK7,trung tâm thương mại,Tạp Hóa Út Huệ,975.0,,
1Q5TZ6,chợ,Bách Hóa Xanh - 2C - 2D Phùng Văn Cung,527.0,,
1Q5TZ6,chợ,Chợ Bà Chiểu,866.0,,
1Q5TZ6,chợ,Chợ Đa Kao,930.0,,
1Q5TZ6,trường học,Trường Trung học cơ sở Cầu Kiệu,38.0,,
1Q5TZ6,trường học,Trường Tiểu Học Dân Lập Quốc Tế Việt Úc,252.0,,
1Q5TZ6,trường học,Trường Trung học cơ sở Hà Huy Tập,479.0,,
1Q5TZ6,bệnh viện,Bệnh Viện Quốc Tế Columbia Asia,586.0,,
1Q5TZ6,bệnh viện,Bệnh viện Nhân dân Gia Định,600.0,,
1Q5TZ6,bệnh viện,Bệnh viện Đa khoa Bình Thạnh,613.0,,
1Q5TZ6,công viên,Công viên Văn hóa Phú Nhuận,448.0,,
1Q5TZ6,công viên,Đài liệt sĩ Quận 3,1300.0,,
1Q5TZ6,công viên,Công viên Lê Văn Tám,1300.0,,
1Q5TZ6,siêu thị,Co.opmart Rạch Miễu,252.0,,
1Q5TZ6,siêu thị,Chợ Vạn Kiếp,287.0,,
1Q5TZ6,siêu thị,Gạo Hồng Nhung,568.0,,
1Q5TZ6,trung tâm thương mại,Tạp Hóa Thu Bé Bự,1100.0,,
1Q5TZ6,trung tâm thương mại,MIA  Luggage store,1200.0,,
6SAZ08,chợ,Chợ Rạch Ông,302.0,,
6SAZ08,chợ,Chợ Nancy,717.0,,
6SAZ08,chợ,Chợ Hòa Bình,1300.0,,
6SAZ08,trường học,Trường Trung học cơ sở Dương Bá Trạc,213.0,,
6SAZ08,trường học,Trung Tâm Ngoại Ngữ,283.0,,
6SAZ08,trường học,Trường Tiểu Học Âu Dương Lân,514.0,,
6SAZ08,bệnh viện,Phòng Khám Đa Khoa Thế Giới,397.0,,
6SAZ08,bệnh viện,Bệnh viện Phục hồi chức năng - Điều trị bệnh nghề nghiệp,897.0,,
6SAZ08,bệnh viện,Bệnh viện Tâm thần Thành phố Hồ Chí Minh,1000.0,,
6SAZ08,công viên,Công viên Phường 2,365.0,,
6SAZ08,công viên,Công viên Dạ Nam,376.0,,
6SAZ08,công viên,Công viên Cầu Rạch Ông,754.0,,
6SAZ08,siêu thị,Bách Hóa Xanh,576.0,,
6SAZ08,siêu thị,Co.op Food - Nguyễn Khoái,1000.0,,
6SAZ08,siêu thị,Siêu Thị Tiện Lợi Citi Mart,1100.0,,
6SAZ08,trung tâm thương mại,Tạp Hóa Quỳnh Loan,1300.0,,
6SAZ08,trung tâm thương mại,Parc Mall,1300.0,,
6SAZ08,trung tâm thương mại,Tạp Hóa Trương Thịnh,1300.0,,
DEB0PH,chợ,Chợ Tân Phú 2,634.0,,
DEB0PH,chợ,Circle K,851.0,,
DEB0PH,chợ,Co.op Food - Trịnh Đình Thảo,858.0,,
DEB0PH,trường học,Trường Trung học cơ sở Lê Anh Xuân,514.0,,
DEB0PH,trường học,Trường Trung học cơ sở Đồng Khởi,596.0,,
DEB0PH,trường học,Trường Tiểu Học Phan Chu Trinh,662.0,,
DEB0PH,bệnh viện,Bệnh viện Đa khoa Tân Phú,1200.0,,
DEB0PH,công viên,Địa đạo Phú Thọ Hòa,195.0,,
DEB0PH,công viên,Công viên Tân Phú,650.0,,
DEB0PH,công viên,Công viên Bàu Cát 3,1700.0,,
DEB0PH,siêu thị,Phụ Kiện Bida Minh Điền,344.0,,
DEB0PH,siêu thị,USAMua - Mua Hàng Mỹ,618.0,,
DEB0PH,siêu thị,Siêu Thị Auchan Lũy Bán Bích,810.0,,
DEB0PH,trung tâm thương mại,Cửa Hàng Gạo Hạt Ngọc Trời,397.0,,
DEB0PH,trung tâm thương mại,Cửa Hàng Thực Phẩm Tiện Lợi Satra Food,1600.0,,
DEB0PH,trung tâm thương mại,Bách hóa tổng hợp,1700.0,,
J24QR0,chợ,Chợ Bình Long,832.0,,
J24QR0,chợ,Chợ Bốn Xã mới,1500.0,,
J24QR0,chợ,Chợ Tân Phú 2,1800.0,,
J24QR0,trường học,Trường Trung học cơ sở Trần Quốc Toản,1000.0,,
J24QR0,trường học,Trường Trung học cơ sở Lý Thường Kiệt,1000.0,,
J24QR0,trường học,Trường Tiểu học Bình Thuận,1100.0,,
J24QR0,bệnh viện,Trạm Y Tế phường Bình Hưng Hòa,1300.0,,
J24QR0,bệnh viện,Bệnh viện Đa khoa Bình Tân,1900.0,,
J24QR0,siêu thị,Bách Hóa XXanh 175C Đường Số 8,811.0,,
J24QR0,siêu thị,Siêu thị Đại Gia Hỷ,1200.0,,
J24QR0,siêu thị,Cửa hàng nội thất Auli Star,1400.0,,
J24QR0,trung tâm thương mại,Cửa Hàng Thực Phẩm Tiện Lợi Satra Food,773.0,,
J24QR0,trung tâm thương mại,Bách Hóa Xanh,843.0,,
J24QR0,trung tâm thương mại,Cửa Hàng Gạo Hạt Ngọc Trời,2000.0,,
KF947C,trường học,Trường Trung học cơ sở Nguyễn Thị Hương,491.0,,
KF947C,trường học,Trường Tiểu học Nguyễn Bình (cơ sở 2),605.0,,
KF947C,trường học,Trường mầm non Mạ Non,1100.0,,
KF947C,công viên,Công viên Phú Xuân,439.0,,
KF947C,siêu thị,CoopMart Nguyễn Bình,817.0,,
KF947C,siêu thị,Co.opmart Nguyễn Bình,826.0,,
9TX98P,chợ,Chợ Sơn Kỳ,1700.0,,
9TX98P,trường học,Trường Tiểu học Lê Trọng Tấn,628.0,,
9TX98P,trường học,Trường Trung học phổ thông Dân Lập Trí Đức 1,644.0,,
9TX98P,trường học,Trường Tiểu học Huỳnh Thúc Kháng,683.0,,
9TX98P,bệnh viện,Yoga trị liệu l Ci Yoga Therapy CN Celadon,933.0,,
9TX98P,bệnh viện,Trạm Y Tế phường Bình Hưng Hòa,1200.0,,
9TX98P,công viên,Công viên Gia Phú,517.0,,
9TX98P,công viên,Công viên Sơn Kỳ,624.0,,
9TX98P,siêu thị,Chả cua Huế,1300.0,,
9TX98P,siêu thị,Shop Vinafood,1300.0,,
9TX98P,siêu thị,Bách Hóa Xanh,1800.0,,
9TX98P,trung tâm thương mại,Nhà đậu xe Aeon Mall Tân Phú Celadon;Commercial_AEONMallTanPhu Storie 4,1100.0,,
7H66QA,chợ,Chợ Hiệp Thành,721.0,,
7H66QA,trường học,Trường Mẫu Giáo Ánh Mặt Trời,514.0,,
7H66QA,trường học,Trường Trung học cơ sở Tân Thới Hiệp,520.0,,
7H66QA,trường học,Trường Trung học phổ thông Võ Trường Toản,532.0,,
7H66QA,bệnh viện,188 Beauty Spa quận 12 | Viện thẩm mỹ hàng đầu tpHCM,366.0,,
7H66QA,bệnh viện,Bệnh viện Đa khoa Trung Mỹ Tây,1700.0,,
7H66QA,công viên,Công Viên Trúc Lâm,1200.0,,
7H66QA,công viên,Cây xanh,1200.0,,
7H66QA,công viên,The parkland,1300.0,,
7H66QA,siêu thị,CoopMart Hiệp Thành,536.0,,
7H66QA,siêu thị,MM Mega Market Hiệp Phú,1300.0,,
7H66QA,trung tâm thương mại,SuSu,758.0,,
7H66QA,trung tâm thương mại,thảo nguyên 1A,988.0,,
7H66QA,trung tâm thương mại,Tân phước,1500.0,,
UCDKPS,chợ,Chợ Đông Thạnh,545.0,,
UCDKPS,trường học,Trường Trung học phổ thông Nguyễn Hữu Tiến,446.0,,
UCDKPS,trường học,Trường Tiểu Học Hoàng Hoa Thám,476.0,,
UCDKPS,trường học,Trường tiểu học Trần Văn Danh,767.0,,
UCDKPS,công viên,Công viên Rạch Tra,1900.0,,
UCDKPS,trung tâm thương mại,Tạp Hóa Út Huệ,1700.0,,
UCDKPS,trung tâm thương mại,Cửa Hàng Sữa Dony,1800.0,,
PNQX1G,chợ,Chợ An Hội,623.0,,
PNQX1G,chợ,Chợ Cầu,876.0,,
PNQX1G,trường học,Trường Tiểu Học Hướng Dương,213.0,,
PNQX1G,trường học,Trường Trung học phổ thông Thăng Long,409.0,,
PNQX1G,trường học,Trường Tiểu học An Hội,493.0,,
PNQX1G,công viên,Isuzu sidewalk park,973.0,,
PNQX1G,công viên,Mercedes Sidewalk park,1800.0,,
PNQX1G,công viên,Công viên Phần mềm Quang Trung,1900.0,,
PNQX1G,siêu thị,Emart Phan Huy Ích,272.0,,
PNQX1G,siêu thị,Co-opmart Liên Hiệp Thành phố Hồ Chí Minh,530.0,,
PNQX1G,siêu thị,WinMart,1900.0,,
CW082B,chợ,Chợ Bà Chiểu,496.0,,
CW082B,chợ,Chợ Đa Kao,876.0,,
CW082B,chợ,Chợ Thị Nghè,948.0,,
CW082B,trường học,Trường Trung học cơ sở Lam Sơn,233.0,,
CW082B,trường học,Đại Học Kinh Tế Tài Chính,546.0,,
CW082B,trường học,Trường Tiểu học Nguyễn Đình Chiểu,676.0,,
CW082B,bệnh viện,Bệnh viện Đa khoa Bình Thạnh,543.0,,
CW082B,bệnh viện,Bệnh Viện Quốc Tế Columbia Asia,955.0,,
CW082B,bệnh viện,Bệnh viện Nhân dân Gia Định,1100.0,,
CW082B,công viên,Chung cư City Garden,1200.0,,
CW082B,công viên,Thảo Cầm Viên Sài Gòn,1200.0,,
CW082B,công viên,Công viên Văn hóa Phú Nhuận,1300.0,,
CW082B,siêu thị,Foodmart,283.0,,
CW082B,siêu thị,Focomart,579.0,,
CW082B,siêu thị,Gạo Hồng Nhung,768.0,,
CW082B,trung tâm thương mại,MIA  Luggage store,1600.0,,
CW082B,trung tâm thương mại,Tạp Hóa Thu Bé Bự,1600.0,,
7H7MZA,chợ,Chợ Bình Long,1200.0,,
7H7MZA,chợ,Chợ Tân Hương,1400.0,,
7H7MZA,chợ,Chợ Tân Phú 2,1800.0,,
7H7MZA,trường học,Trường Trung học cơ sở Trần Quốc Toản,286.0,,
7H7MZA,trường học,Trường Tiểu học Bình Thuận,572.0,,
7H7MZA,trường học,Trường Tiểu học Tân Thới,772.0,,
7H7MZA,bệnh viện,Trạm Y Tế phường Bình Hưng Hòa,593.0,,
7H7MZA,bệnh viện,Yoga trị liệu l Ci Yoga Therapy CN Celadon,1800.0,,
7H7MZA,công viên,Công viên Sơn Kỳ,1800.0,,
7H7MZA,công viên,Công viên Gia Phú,1800.0,,
7H7MZA,siêu thị,Bách Hóa Xanh,637.0,,
7H7MZA,siêu thị,Bách Hóa XXanh 175C Đường Số 8,922.0,,
7H7MZA,siêu thị,Chả cua Huế,1200.0,,
7H7MZA,trung tâm thương mại,Cửa Hàng Thực Phẩm Tiện Lợi Satra Food,1300.0,,
7H7MZA,trung tâm thương mại,Nhà đậu xe Aeon Mall Tân Phú Celadon;Commercial_AEONMallTanPhu Storie 4,1500.0,,
AKAK0Y,chợ,Chợ Bình Long,543.0,,
AKAK0Y,chợ,Chợ Tân Hương,604.0,,
AKAK0Y,chợ,Chợ Tân Phú 2,673.0,,
AKAK0Y,trường học,Trường Tiểu học Võ Thị Sáu,237.0,,
AKAK0Y,trường học,Trường Trung học cơ sở Võ Thành Trang,526.0,,
AKAK0Y,trường học,Trường Tiểu học Tô Vĩnh Diện,588.0,,
AKAK0Y,bệnh viện,Trạm Y Tế phường Bình Hưng Hòa,1700.0,,
AKAK0Y,công viên,Địa đạo Phú Thọ Hòa,1300.0,,
AKAK0Y,công viên,Công viên Tân Phú,1900.0,,
AKAK0Y,siêu thị,Bách Hóa XXanh 175C Đường Số 8,465.0,,
AKAK0Y,siêu thị,Bách Hóa Xanh,525.0,,
AKAK0Y,siêu thị,Cửa hàng nội thất Auli Star,1100.0,,
AKAK0Y,trung tâm thương mại,Cửa Hàng Thực Phẩm Tiện Lợi Satra Food,733.0,,
AKAK0Y,trung tâm thương mại,Cửa Hàng Gạo Hạt Ngọc Trời,938.0,,
AKAK0Y,trung tâm thương mại,Nhà đậu xe Aeon Mall Tân Phú Celadon;Commercial_AEONMallTanPhu Storie 4,1800.0,,
C4H5SB,chợ,Chợ An Hội,1100.0,,
C4H5SB,chợ,Chợ Cầu,1500.0,,
C4H5SB,chợ,Chợ Tân Trụ,1800.0,,
C4H5SB,trường học,Trường Trung học cơ sở &Trung học phổ thông Bạch Đằng,252.0,,
C4H5SB,trường học,Trường cấp 1-2 Tân Sơn,574.0,,
C4H5SB,trường học,Trường Tiểu học Phan Huy Ích,747.0,,
C4H5SB,bệnh viện,Bệnh viện Đa khoa Tâm Trí Sài Gòn,1800.0,,
C4H5SB,công viên,Isuzu sidewalk park,1200.0,,
C4H5SB,công viên,Công viên Nguyễn Sỹ Sách,1500.0,,
C4H5SB,công viên,CÔNG VIÊN 8XLUS,1800.0,,
C4H5SB,siêu thị,Emart Phan Huy Ích,848.0,,
C4H5SB,siêu thị,Co-opmart Liên Hiệp Thành phố Hồ Chí Minh,1000.0,,
C4H5SB,siêu thị,WinMart,1300.0,,
6UBA08,chợ,Chợ Bà Hom,942.0,,
6UBA08,chợ,Chợ Kiến Đức,1600.0,,
6UBA08,chợ,Chợ Bình Trị Đông,1700.0,,
6UBA08,trường học,Trường Tiểu học Bình Tân,375.0,,
6UBA08,trường học,Trường Trung học cơ sở Bình Trị Đông B,985.0,,
6UBA08,trường học,Trường Tiểu học Tân Tạo A,1100.0,,
6UBA08,bệnh viện,Bệnh viện Đa khoa Bình Tân,1100.0,,
6UBA08,bệnh viện,Bệnh Viện Quốc Tế Minh Anh,1800.0,,
6UBA08,bệnh viện,Bệnh viện Gia An 115,1800.0,,
6UBA08,công viên,Cong Vien khu pho 9,528.0,,
6UBA08,công viên,Công viên Đường số 25,1500.0,,
6UBA08,công viên,Công viên Tecco Town,1600.0,,
6UBA08,siêu thị,Co.op Food,439.0,,
6UBA08,siêu thị,Túi Giấy Giá Rẻ,912.0,,
6UBA08,siêu thị,Siêu thị Co.opmart Bình Tân 2,1200.0,,
6UBA08,trung tâm thương mại,ÆON MALL Bình Tân,1900.0,,
5DWKQ7,chợ,Chợ Sơn Kỳ,460.0,,
5DWKQ7,chợ,Chợ Võ Thành Trang,1400.0,,
5DWKQ7,chợ,Chợ Tân Trụ,1600.0,,
5DWKQ7,trường học,Trường Trung học phổ thông Nam Việt,199.0,,
5DWKQ7,trường học,Trường Ngoại Ngữ Quốc Tế Thiên Hà Xanh,312.0,,
5DWKQ7,trường học,Trường Trung học cơ sở & Trung học phổ thông Nhân Văn,321.0,,
5DWKQ7,bệnh viện,Yoga trị liệu l Ci Yoga Therapy CN Celadon,1300.0,,
5DWKQ7,bệnh viện,Bệnh Viện Đa Khoa Mỹ Đức,1800.0,,
5DWKQ7,công viên,Công viên Sơn Kỳ,1800.0,,
5DWKQ7,công viên,Công viên Nguyễn Sỹ Sách,1900.0,,
5DWKQ7,siêu thị,Big C,822.0,,
5DWKQ7,siêu thị,Pandora Trường Chinh,843.0,,
5DWKQ7,siêu thị,Cửa Hàng 137FoodMart,907.0,,
5DWKQ7,trung tâm thương mại,Nhà đậu xe Aeon Mall Tân Phú Celadon;Commercial_AEONMallTanPhu Storie 4,1200.0,,
YK5MGD,chợ,Chợ Tân Trụ,1000.0,,
YK5MGD,chợ,Chợ Sơn Kỳ,1100.0,,
YK5MGD,chợ,Chợ Võ Thành Trang,1200.0,,
YK5MGD,trường học,Trường Trung học phổ thông Hồng Đức,433.0,,
YK5MGD,trường học,Trường Trung học phổ thông Tư Thục Đinh Tiên Hoàng,561.0,,
YK5MGD,trường học,Trường Trung học phổ thông Nam Việt,593.0,,
YK5MGD,bệnh viện,Bệnh Viện Đa Khoa Mỹ Đức,1500.0,,
YK5MGD,bệnh viện,Yoga trị liệu l Ci Yoga Therapy CN Celadon,1900.0,,
YK5MGD,công viên,Công viên Nguyễn Sỹ Sách,1300.0,,
YK5MGD,siêu thị,Big C,431.0,,
YK5MGD,siêu thị,Pandora Trường Chinh,459.0,,
YK5MGD,siêu thị,Co.op Mart Trường Chinh,843.0,,
YK5MGD,trung tâm thương mại,Nhà đậu xe Aeon Mall Tân Phú Celadon;Commercial_AEONMallTanPhu Storie 4,1900.0,,
382RQ3,chợ,Chợ Thị Nghè,314.0,,
382RQ3,chợ,Seafood mini-market,386.0,,
382RQ3,chợ,Chợ Đa Kao,968.0,,
382RQ3,trường học,Trường Tiểu Học Phù Đổng,315.0,,
382RQ3,trường học,Đại Học Kinh Tế Tài Chính,594.0,,
382RQ3,trường học,Trường Tiểu học Thạnh Mỹ Tây,606.0,,
382RQ3,bệnh viện,Bệnh viện Đa khoa Bình Thạnh,1000.0,,
382RQ3,bệnh viện,Bệnh viện Nhi đồng 2,1300.0,,
382RQ3,bệnh viện,Bệnh Viện Quốc Tế Columbia Asia,1600.0,,
382RQ3,công viên,Thảo Cầm Viên Sài Gòn,609.0,,
382RQ3,công viên,Chung cư City Garden,711.0,,
382RQ3,công viên,Common area Aqua 2,1000.0,,
382RQ3,siêu thị,Bach hoa XANX,165.0,,
382RQ3,siêu thị,Cửa hàng Bách hóa Basao Grocery,756.0,,
382RQ3,siêu thị,Nhà Sách Basao Stationery,772.0,,
382RQ3,trung tâm thương mại,MIA  Luggage store,1600.0,,
382RQ3,trung tâm thương mại,Tạp Hóa Thu Bé Bự,1700.0,,
382RQ3,trung tâm thương mại,Tiffany & Co. Vietnam,1900.0,,
375ZWQ,chợ,Chợ Thạnh Xuân,879.0,,
375ZWQ,chợ,Chợ Cầu Đồng,1300.0,,
375ZWQ,trường học,Trường Trung Học Cơ Sở Lương Thế Vinh,799.0,,
375ZWQ,trường học,Trường Trung học cơ sở Trần Hưng Đạo,912.0,,
375ZWQ,trường học,Trường Tiểu học Hà Huy Giáp,931.0,,
375ZWQ,công viên,"Công viên Gò Sao , Thạnh Xuân, Quận 12",1300.0,,
375ZWQ,siêu thị,WinMart,1300.0,,
375ZWQ,siêu thị,FamilyMart,1400.0,,
