ma_bds,loai_tien_ich,ten_tien_ich,khoảng cách,latitude,longitude
W22Y9R,chợ,Chợ Tăng Nhơn Phú B,851.0,,
W22Y9R,chợ,Chợ Phước Bình,1200.0,,
W22Y9R,chợ,Chợ Phước Long B,1400.0,,
W22Y9R,trường học,Trường Tiểu học Nguyễn Văn Bá,677.0,,
W22Y9R,trường học,Trường Tiểu học Phong Phú,1000.0,,
W22Y9R,trường học,Trường Trung học phổ thông Phước Long,1000.0,,
W22Y9R,bệnh viện,Trạm y tế Phước Bình,1300.0,,
W22Y9R,siêu thị,Cửa Hàng Thú Cưng Haru,1600.0,,
W22Y9R,trung tâm thương mại,sỹ diễm,1200.0,,
W22Y9R,trung tâm thương mại,Tạp Hóa An nhiên,1300.0,,
W22Y9R,trung tâm thương mại,tiến đạt,1300.0,,
7DTU5A,trường học,Trường liên cấp VinSchool,887.0,,
7DTU5A,trường học,Trường Tiểu học Long Bình,936.0,,
7DTU5A,trường học,Trường Trung học phổ thông Nguyễn Văn Tăng,942.0,,
7DTU5A,công viên,Công viên Cầu Vồng,217.0,,
7DTU5A,công viên,Công viên Chloe Demure,587.0,,
7DTU5A,công viên,Hồ Sen Súng,667.0,,
7DTU5A,siêu thị,King Food Mart - S10.02 Vinhomes Grand Park,294.0,,
7DTU5A,siêu thị,HiepDoanShop,301.0,,
7DTU5A,trung tâm thương mại,Phố Thương Mại,210.0,,
7DTU5A,trung tâm thương mại,Vincom Mega Mall,661.0,,
6QZNQ8,chợ,Chợ Văn Thánh,493.0,,
6QZNQ8,chợ,Chợ Thảo Điền,990.0,,
6QZNQ8,chợ,Siêu Thị Sky Fresh,1600.0,,
6QZNQ8,trường học,Trường Trung học phổ thông Gia Định,237.0,,
6QZNQ8,trường học,Trường Trung học cơ sở Đống Đa,277.0,,
6QZNQ8,trường học,Trường Tiểu học Đống Đa,505.0,,
6QZNQ8,bệnh viện,Family Practice,1500.0,,
6QZNQ8,công viên,Công viên Tân Cảng,825.0,,
6QZNQ8,công viên,Khu du lịch Văn Thánh,1100.0,,
6QZNQ8,công viên,Công viên Thanh Đa,1200.0,,
6QZNQ8,siêu thị,WinMart,517.0,,
6QZNQ8,siêu thị,Co.op Mart,1100.0,,
6QZNQ8,siêu thị,Chợ Thanh Đa,1100.0,,
6QZNQ8,trung tâm thương mại,Station Mall,1500.0,,
6QZNQ8,trung tâm thương mại,Trang Trí Nội Thất - Thái Công,1600.0,,
6QZNQ8,trung tâm thương mại,thu hà,1900.0,,
UKMA4S,chợ,Chợ Tân Hương,537.0,,
UKMA4S,chợ,Chợ Sơn Kỳ,1200.0,,
UKMA4S,chợ,Chợ Tân Phú 2,1300.0,,
UKMA4S,trường học,Trường Tiểu học Tân Hương,156.0,,
UKMA4S,trường học,Trường Tiểu học Tô Vĩnh Diện,439.0,,
UKMA4S,trường học,Trường Trung học cơ sở Võ Thành Trang,484.0,,
UKMA4S,bệnh viện,Yoga trị liệu l Ci Yoga Therapy CN Celadon,1300.0,,
UKMA4S,bệnh viện,Trạm Y Tế phường Bình Hưng Hòa,1800.0,,
UKMA4S,công viên,Địa đạo Phú Thọ Hòa,1600.0,,
UKMA4S,công viên,Công viên Sơn Kỳ,1800.0,,
UKMA4S,công viên,Công viên Gia Phú,2000.0,,
UKMA4S,siêu thị,Shop Vinafood,413.0,,
UKMA4S,siêu thị,Chả cua Huế,420.0,,
UKMA4S,siêu thị,Cửa Hàng Cung Cấp Đồ Hóa Trang Hoa Chí Tín,647.0,,
UKMA4S,trung tâm thương mại,Nhà đậu xe Aeon Mall Tân Phú Celadon;Commercial_AEONMallTanPhu Storie 4,863.0,,
UKMA4S,trung tâm thương mại,Cửa Hàng Gạo Hạt Ngọc Trời,1600.0,,
UKMA4S,trung tâm thương mại,Cửa Hàng Thực Phẩm Tiện Lợi Satra Food,1700.0,,
JPC7G0,trường học,Trường Tiểu học Lê Quang Định,572.0,,
JPC7G0,trường học,Trường Trung học cơ sở Lê Thành Công,819.0,,
JPC7G0,trường học,Trường Trung học phổ thông Phước Kiển,986.0,,
JPC7G0,bệnh viện,Bệnh viện Đa khoa Nhà Bè,819.0,,
JPC7G0,bệnh viện,Phòng khám bác sĩ Hồ Cao Vũ,1900.0,,
JPC7G0,bệnh viện,Phòng Khám Dr Vein,1900.0,,
JPC7G0,công viên,Công viên Kênh Đào,1600.0,,
JPC7G0,siêu thị,Siêu Thị K-Market,599.0,,
JPC7G0,siêu thị,Daddy's House Nhà Bè,797.0,,
JPC7G0,siêu thị,Citimart,943.0,,
AH8NDY,trường học,Trường Tiểu học Lê Quang Định,572.0,,
AH8NDY,trường học,Trường Trung học cơ sở Lê Thành Công,819.0,,
AH8NDY,trường học,Trường Trung học phổ thông Phước Kiển,986.0,,
AH8NDY,bệnh viện,Bệnh viện Đa khoa Nhà Bè,819.0,,
AH8NDY,bệnh viện,Phòng khám bác sĩ Hồ Cao Vũ,1900.0,,
AH8NDY,bệnh viện,Phòng Khám Dr Vein,1900.0,,
AH8NDY,công viên,Công viên Kênh Đào,1600.0,,
AH8NDY,siêu thị,Siêu Thị K-Market,599.0,,
AH8NDY,siêu thị,Daddy's House Nhà Bè,797.0,,
AH8NDY,siêu thị,Citimart,943.0,,
DB7F2H,chợ,Chợ Bình Khánh,1400.0,,
DB7F2H,chợ,Chợ Bình Trưng,1500.0,,
DB7F2H,trường học,Trường Trung học cơ sở Lương Định Của,638.0,,
DB7F2H,trường học,Trường Tiểu học An Phú,1000.0,,
DB7F2H,trường học,Trường Tiểu học An Khánh,1200.0,,
DB7F2H,bệnh viện,Bệnh viện Quốc tế Mỹ AIH,1700.0,,
DB7F2H,công viên,Diamond Island Green area,157.0,,
DB7F2H,công viên,Công viên Hà Đô,483.0,,
DB7F2H,công viên,Công viên Lê Hữu Kiều,1200.0,,
DB7F2H,siêu thị,WinMart,45.0,,
DB7F2H,siêu thị,Annam Gourmet,854.0,,
DB7F2H,siêu thị,SatraFoods,1300.0,,
DB7F2H,trung tâm thương mại,Tiệm Vàng Bảo Uyên,1400.0,,
ACWXXY,chợ,Chợ Hạnh Thông Tây,1000.0,,
ACWXXY,chợ,Chợ An Nhơn,1100.0,,
ACWXXY,chợ,Chợ Xóm Mới,1500.0,,
ACWXXY,trường học,Trường Tiểu học Nguyễn Thị Minh Khai,619.0,,
ACWXXY,trường học,Trường Trung học cơ sở Thông Tây Hội (cơ sở 2),658.0,,
ACWXXY,trường học,Trường Tiểu học Chi Lăng,896.0,,
ACWXXY,bệnh viện,Bệnh viện Đa khoa Gò Vấp,736.0,,
ACWXXY,bệnh viện,Phòng Khám Đa Khoa Hữu Nghị,1700.0,,
ACWXXY,công viên,Công viên Hòa Bình,225.0,,
ACWXXY,công viên,Mercedes Sidewalk park,1400.0,,
ACWXXY,công viên,Công viên Làng Hoa Gò Vấp,1400.0,,
ACWXXY,siêu thị,WinMart,228.0,,
ACWXXY,siêu thị,Co.opmart Phan Văn Trị,1700.0,,
ACWXXY,trung tâm thương mại,Lotte Department Store,390.0,,
ACWXXY,trung tâm thương mại,Vincom Plaza Quang Trung,953.0,,
ACWXXY,trung tâm thương mại,Saigon Mall Gò Vấp,1100.0,,
3H5FCQ,chợ,Chợ Sơn Kỳ,640.0,,
3H5FCQ,chợ,Chợ Tân Hương,1300.0,,
3H5FCQ,chợ,Chợ Võ Thành Trang,1300.0,,
3H5FCQ,trường học,Trường Trung học cơ sở Đặng Trần Côn,211.0,,
3H5FCQ,trường học,Trường Đại Học CNTT Gia Định,316.0,,
3H5FCQ,trường học,Trường Trung học phổ thông Tân Bình,374.0,,
3H5FCQ,bệnh viện,Yoga trị liệu l Ci Yoga Therapy CN Celadon,1300.0,,
3H5FCQ,bệnh viện,Bệnh Viện Đa Khoa Mỹ Đức,1700.0,,
3H5FCQ,công viên,Công viên Sơn Kỳ,1800.0,,
3H5FCQ,công viên,Công viên Bàu Cát 3,1900.0,,
3H5FCQ,siêu thị,Cửa Hàng 137FoodMart,289.0,,
3H5FCQ,siêu thị,Cửa Hàng Cung Cấp Đồ Hóa Trang Hoa Chí Tín,624.0,,
3H5FCQ,siêu thị,Shop Vinafood,938.0,,
3H5FCQ,trung tâm thương mại,Nhà đậu xe Aeon Mall Tân Phú Celadon;Commercial_AEONMallTanPhu Storie 4,957.0,,
GTRV42,trường học,Trường Tiểu Học Nguyễn Bỉnh Khiêm,233.0,,
GTRV42,trường học,Trường Trung học cơ sở Nguyễn Thái Bình,1600.0,,
GTRV42,trường học,Trường Tiểu học Bình Hưng,1800.0,,
GTRV42,bệnh viện,Bệnh viện Dã chiến Bình Chánh,789.0,,
GTRV42,công viên,Công viên Đảo Nhật Bản,16.0,,
GTRV42,công viên,đồng cỏ lau 3,382.0,,
GTRV42,công viên,đồng cỏ lau 2,398.0,,
QHMJ7U,chợ,Chợ Búng,720.0,,
QHMJ7U,trường học,Trường Trung học cơ sở Nguyễn Trung Trực,170.0,,
QHMJ7U,trường học,Trường Tiểu học Hưng Định,357.0,,
QHMJ7U,trường học,Trường Tiểu học Lương Thế Vinh,1100.0,,
QHMJ7U,bệnh viện,HTV,1500.0,,
QHMJ7U,bệnh viện,Columbia Asia Hospital,1900.0,,
QHMJ7U,trung tâm thương mại,Th hạnh,1000.0,,
QHMJ7U,trung tâm thương mại,Cẩm Tiên,1200.0,,
QHMJ7U,trung tâm thương mại,Lý Nhã Kỳ,1600.0,,
0ZYSV9,chợ,Chợ An Sương,557.0,,
0ZYSV9,chợ,Chợ Lạc Quang,971.0,,
0ZYSV9,chợ,Chợ Cầu,1300.0,,
0ZYSV9,trường học,Trường Trung học phổ thông Trường Chinh,142.0,,
0ZYSV9,trường học,Trường Trung học cơ sở - Trung học phổ thông Pathway Academy,339.0,,
0ZYSV9,trường học,Trường Trung học cơ sở Phan Bội Châu,521.0,,
0ZYSV9,bệnh viện,Bệnh viện Đa khoa Tâm Trí Sài Gòn,1200.0,,
0ZYSV9,công viên,CÔNG VIÊN 8XLUS,1300.0,,
0ZYSV9,công viên,Công viên Phần mềm Quang Trung,1300.0,,
0ZYSV9,siêu thị,FamilyMart,1300.0,,
0ZYSV9,siêu thị,Emart Phan Huy Ích,1400.0,,
0ZYSV9,siêu thị,Kho Hàng Hùng Hậu,1400.0,,
0ZYSV9,trung tâm thương mại,Nhà Phân Phối Diana Unicharm,1700.0,,
374SJQ,chợ,Chợ Lê Hồng Phong,297.0,,
374SJQ,chợ,Ho Thi Ky Food Street,329.0,,
374SJQ,chợ,Chợ Campuchia,392.0,,
374SJQ,trường học,Trường Tiểu học Trương Định,147.0,,
374SJQ,trường học,Trường Tiểu học Trần Nhân Tôn,165.0,,
374SJQ,trường học,Trung Tâm Tin Học Trường ĐH Khoa Học Tự Nhiên,225.0,,
374SJQ,bệnh viện,Bệnh Viện Hòa Hảo,446.0,,
374SJQ,bệnh viện,Trung Tâm Chẩn Đoán Y Khoa Medic - BV Hòa Hảo,457.0,,
374SJQ,bệnh viện,Bệnh viện 30 Tháng 4,568.0,,
374SJQ,công viên,Bãi Cỏ - Trần Nhân Tôn,248.0,,
374SJQ,công viên,Công viên Hòa Bình,384.0,,
374SJQ,công viên,Công viên Chợ Quán,527.0,,
374SJQ,siêu thị,B's mart,419.0,,
374SJQ,siêu thị,Familymart,545.0,,
374SJQ,siêu thị,Siêu Thị CoopMart Hùng Vương,592.0,,
374SJQ,trung tâm thương mại,Cừa hàng Saigon Hobby,497.0,,
374SJQ,trung tâm thương mại,Trung tâm Thương Mại An Đông Plaza,708.0,,
374SJQ,trung tâm thương mại,Vạn Hạnh Mall,867.0,,
KTDZCJ,chợ,Chợ Long Trường,996.0,,
KTDZCJ,trường học,Trường Tiểu Học Phước Thạnh,1400.0,,
KTDZCJ,trường học,Trường Mầm Non Long Trường,1400.0,,
KTDZCJ,trường học,Trường Trung học cơ sở Long Trường,1900.0,,
KTDZCJ,trung tâm thương mại,Thuan,1600.0,,
7KKE8A,chợ,Chợ Đo Đạc,1500.0,,
7KKE8A,chợ,Chợ Bình Trưng,1600.0,,
7KKE8A,chợ,Chợ Bình Khánh,1800.0,,
7KKE8A,trường học,Kidzone Campus 2,510.0,,
7KKE8A,trường học,Học Viện Quốc Tế Mỹ,514.0,,
7KKE8A,trường học,Trường Trung học phổ thông Thủ Thiêm,524.0,,
7KKE8A,bệnh viện,Bệnh viện Quốc tế Mỹ AIH,759.0,,
7KKE8A,bệnh viện,Family Practice,1700.0,,
7KKE8A,công viên,Cantavil Park,84.0,,
7KKE8A,công viên,Công viên Thảo Điền,1100.0,,
7KKE8A,công viên,Công viên Ngã Ba An Phú,1100.0,,
7KKE8A,siêu thị,Big C,104.0,,
7KKE8A,siêu thị,Siêu Thị Online Annam Gourmet,117.0,,
7KKE8A,siêu thị,Cửa Hàng My Market Imperia,388.0,,
7KKE8A,trung tâm thương mại,Parkson,101.0,,
7KKE8A,trung tâm thương mại,Cantavil Mall,105.0,,
7KKE8A,trung tâm thương mại,Trung Tâm Thương Mại Estella,184.0,,
RGM94J,chợ,Chợ Hạnh Thông Tây,941.0,,
RGM94J,chợ,Chợ An Nhơn,1200.0,,
RGM94J,chợ,Chợ Xóm Mới,1500.0,,
RGM94J,trường học,Trường Tiểu học Nguyễn Thị Minh Khai,549.0,,
RGM94J,trường học,Trường Trung học cơ sở Thông Tây Hội (cơ sở 2),591.0,,
RGM94J,trường học,Trường Tiểu học Chi Lăng,823.0,,
RGM94J,bệnh viện,Bệnh viện Đa khoa Gò Vấp,664.0,,
RGM94J,bệnh viện,Phòng Khám Đa Khoa Hữu Nghị,1700.0,,
RGM94J,công viên,Công viên Hòa Bình,307.0,,
RGM94J,công viên,Mercedes Sidewalk park,1300.0,,
RGM94J,công viên,Công viên Làng Hoa Gò Vấp,1300.0,,
RGM94J,siêu thị,WinMart,244.0,,
RGM94J,siêu thị,Co.opmart Phan Văn Trị,1800.0,,
RGM94J,trung tâm thương mại,Lotte Department Store,462.0,,
RGM94J,trung tâm thương mại,Vincom Plaza Quang Trung,1000.0,,
RGM94J,trung tâm thương mại,Thiên hương,1200.0,,
ACKKWY,trường học,Trường Trung học phổ thông Nguyễn Văn Tăng,794.0,,
ACKKWY,trường học,Trường Tiểu học Long Bình,969.0,,
ACKKWY,trường học,Trường liên cấp VinSchool,1100.0,,
ACKKWY,công viên,Hồ Sen Súng,863.0,,
ACKKWY,công viên,Công viên Ánh sáng,879.0,,
ACKKWY,công viên,Công viên Cầu Vồng,897.0,,
ACKKWY,siêu thị,HiepDoanShop,583.0,,
ACKKWY,siêu thị,King Food Mart - S10.02 Vinhomes Grand Park,589.0,,
ACKKWY,trung tâm thương mại,Vincom Mega Mall,438.0,,
ACKKWY,trung tâm thương mại,Phố Thương Mại,693.0,,
9VN2YP,chợ,Chợ Thái Bình,550.0,,
9VN2YP,chợ,Chợ Nancy,753.0,,
9VN2YP,chợ,Chợ Chiều,913.0,,
9VN2YP,trường học,Trường Tiểu học Trần Hưng Đạo,322.0,,
9VN2YP,trường học,Trường Trung học cơ sở Chu Văn An,480.0,,
9VN2YP,trường học,Trường Trung học phổ thông Chuyên Lê Hồng Phong,536.0,,
9VN2YP,bệnh viện,Bệnh Viện Thẩm Mỹ Siam Thailand,232.0,,
9VN2YP,bệnh viện,Bệnh viện Răng Hàm Mặt Thành phố Hồ Chí Minh,613.0,,
9VN2YP,bệnh viện,Bệnh viện Từ Dũ (khu M),624.0,,
9VN2YP,công viên,Công viên Phong Châu,573.0,,
9VN2YP,công viên,Công viên Âu Lạc,632.0,,
9VN2YP,công viên,Công viên số 1 Lý Thái Tổ,886.0,,
9VN2YP,siêu thị,Circle K,173.0,,
9VN2YP,siêu thị,Mini Stop,316.0,,
9VN2YP,siêu thị,Siêu Thị Tiện Lợi US,429.0,,
9VN2YP,trung tâm thương mại,Trung Tâm Mua Sắm Nowzone,462.0,,
9VN2YP,trung tâm thương mại,Trung Tâm Mua Sắm Nowzone - Nguyễn Văn Cừ,464.0,,
9VN2YP,trung tâm thương mại,Tạp Hóa Hùng Hà,503.0,,
9TZBXP,chợ,Chợ Chiều,372.0,,
9TZBXP,chợ,Chợ Bến Thành,598.0,,
9TZBXP,chợ,Chợ Thái Bình,627.0,,
9TZBXP,trường học,Trường Tiểu học Nguyễn Huệ,186.0,,
9TZBXP,trường học,Trường Trung học cơ sở Nguyễn Du,251.0,,
9TZBXP,trường học,Trường BDVH 218 Lý Tự Trọng,291.0,,
9TZBXP,bệnh viện,Bệnh Viện Mắt Sài Gòn,199.0,,
9TZBXP,bệnh viện,Bệnh viện Quận 1 (cơ sở 2),655.0,,
9TZBXP,bệnh viện,Bệnh viện Nhân dân Gia Định - cơ sở 2,755.0,,
9TZBXP,công viên,Công viên 23 tháng 9,219.0,,
9TZBXP,công viên,Công viên Tao Đàn,426.0,,
9TZBXP,công viên,Công viên Thích Quảng Đức,818.0,,
9TZBXP,siêu thị,Satra Foods,63.0,,
9TZBXP,siêu thị,Circle K,120.0,,
9TZBXP,siêu thị,Trung Tâm Thương Mại Sense Market,203.0,,
9TZBXP,trung tâm thương mại,Tạp Hóa Hùng Hà,674.0,,
9TZBXP,trung tâm thương mại,TTTM RomeA,826.0,,
9TZBXP,trung tâm thương mại,Takashimaya,888.0,,
37S6MQ,trường học,Trường Trung học phổ thông Nguyễn Văn Tăng,877.0,,
37S6MQ,trường học,Trường Tiểu học Long Bình,1100.0,,
37S6MQ,trường học,Trường liên cấp VinSchool,1100.0,,
37S6MQ,công viên,Công viên Ánh sáng,866.0,,
37S6MQ,công viên,Hồ Sen Súng,905.0,,
37S6MQ,công viên,Công viên Cầu Vồng,983.0,,
37S6MQ,siêu thị,HiepDoanShop,686.0,,
37S6MQ,siêu thị,King Food Mart - S10.02 Vinhomes Grand Park,692.0,,
37S6MQ,trung tâm thương mại,Vincom Mega Mall,481.0,,
37S6MQ,trung tâm thương mại,Phố Thương Mại,797.0,,
40GBEF,chợ,Chợ Tân Hương,492.0,,
40GBEF,chợ,Chợ Bình Long,870.0,,
40GBEF,chợ,Chợ Tân Phú 2,981.0,,
40GBEF,trường học,Trường Trung học cơ sở Võ Thành Trang,228.0,,
40GBEF,trường học,Trường Tiểu học Tô Vĩnh Diện,229.0,,
40GBEF,trường học,Trường Tiểu học Tân Thới,324.0,,
40GBEF,bệnh viện,Trạm Y Tế phường Bình Hưng Hòa,1500.0,,
40GBEF,bệnh viện,Yoga trị liệu l Ci Yoga Therapy CN Celadon,1800.0,,
40GBEF,công viên,Địa đạo Phú Thọ Hòa,1500.0,,
40GBEF,siêu thị,Bách Hóa Xanh,428.0,,
40GBEF,siêu thị,Bách Hóa XXanh 175C Đường Số 8,662.0,,
40GBEF,siêu thị,Chả cua Huế,851.0,,
40GBEF,trung tâm thương mại,Cửa Hàng Thực Phẩm Tiện Lợi Satra Food,1100.0,,
40GBEF,trung tâm thương mại,Cửa Hàng Gạo Hạt Ngọc Trời,1300.0,,
40GBEF,trung tâm thương mại,Nhà đậu xe Aeon Mall Tân Phú Celadon;Commercial_AEONMallTanPhu Storie 4,1300.0,,
WPKA1R,chợ,Chợ Bình Tây,200.0,,
WPKA1R,chợ,Chợ Kim Biên,660.0,,
WPKA1R,chợ,Chợ Nguyễn Chế Nghĩa,678.0,,
WPKA1R,trường học,Trường Trung học cơ sở Bình Tây,120.0,,
WPKA1R,trường học,Trường Tiểu học Nguyễn Huệ,169.0,,
WPKA1R,trường học,Trung Tâm Hướng Nghiệp Quận 6,181.0,,
WPKA1R,bệnh viện,Bệnh viện Công an Thành phố Hồ Chí Minh,1200.0,,
WPKA1R,bệnh viện,Trung tâm Y tế Dự phòng Quận 8,1400.0,,
WPKA1R,bệnh viện,Bệnh viện Đa khoa Lãnh Binh Thăng,1500.0,,
WPKA1R,công viên,Công viên Lê Lợi,123.0,,
WPKA1R,công viên,Công viên Cửu Long,524.0,,
WPKA1R,công viên,Công viên Cây Mai,629.0,,
WPKA1R,siêu thị,Siêu thị Co.opmart Tuy Lý Vương,637.0,,
WPKA1R,siêu thị,Co.opmart Hậu Giang,860.0,,
WPKA1R,siêu thị,Cửa Hàng Mua Sắm Citimart,1600.0,,
WPKA1R,trung tâm thương mại,Satra Centre Mall,496.0,,
WPKA1R,trung tâm thương mại,Chợ vải Soái Kình Lâm,826.0,,
WPKA1R,trung tâm thương mại,The Garden Mall,914.0,,
9TYUQP,chợ,Chợ Xóm Chiếu,142.0,,
9TYUQP,chợ,Chợ Hãng Phân,507.0,,
9TYUQP,chợ,Chợ Cháy,781.0,,
9TYUQP,trường học,Trường Tiểu học Bạch Đằng,311.0,,
9TYUQP,trường học,Trường Tiểu học Nguyễn Văn Trỗi,338.0,,
9TYUQP,trường học,Trường Trung học cơ sở Vân Đồn,379.0,,
9TYUQP,bệnh viện,Trung Tâm Y Tế Dự Phòng - Phòng Khám Tiêm Phòng,272.0,,
9TYUQP,bệnh viện,Bệnh viện Đa khoa Khánh Hội,381.0,,
9TYUQP,bệnh viện,Bệnh viện Nhân dân Gia Định - cơ sở 2,1100.0,,
9TYUQP,công viên,Công viên Phường 12,138.0,,
9TYUQP,công viên,Công viên Phường 5,826.0,,
9TYUQP,công viên,Công viên Bến Bạch Đằng,948.0,,
9TYUQP,siêu thị,Focomart,328.0,,
9TYUQP,siêu thị,Satra Foods,349.0,,
9TYUQP,siêu thị,Phụ kiện trang trí sinh nhật Ellie Party,466.0,,
9TYUQP,trung tâm thương mại,Thu,173.0,,
9TYUQP,trung tâm thương mại,Chợ Dân Sinh,826.0,,
9TYUQP,trung tâm thương mại,Trung Tâm Mua Sắm Russian,1100.0,,
CW024B,chợ,Chợ Tân Kiểng 2,853.0,,
CW024B,chợ,Chợ Tân Quy,948.0,,
CW024B,chợ,Chợ Tân Kiểng 1,1500.0,,
CW024B,trường học,Trường Quốc tế Việt Úc (VAS) - Cơ sở Sunrise,321.0,,
CW024B,trường học,Trường tiểu học Tân Quy,488.0,,
CW024B,trường học,Trường Tiểu học - Trung học cơ sở - Trung học phổ thông Sao Việt,491.0,,
CW024B,bệnh viện,Nha Khoa SingDent,161.0,,
CW024B,bệnh viện,Bệnh Viện Đa Khoa Quốc Tế Nam Sài Gòn,1100.0,,
CW024B,bệnh viện,Phòng khám Medisen Thư An,1400.0,,
CW024B,công viên,Công viên Ven sông,241.0,,
CW024B,công viên,Công viên Wonderland,1500.0,,
CW024B,công viên,Công viên Cầu Rạch Ông,1600.0,,
CW024B,siêu thị,Satra Foods,451.0,,
CW024B,siêu thị,Siêu Thị Tiện Lợi Citi Mart,723.0,,
CW024B,siêu thị,WinMart,995.0,,
CW024B,trung tâm thương mại,LOTTE Mart Quận 7,252.0,,
CW024B,trung tâm thương mại,Lotte Department Store,286.0,,
CW024B,trung tâm thương mại,SC VivoCity,1100.0,,
372YRQ,chợ,Chợ Hoa Tươi Đầm Sen,244.0,,
372YRQ,chợ,Chợ Chim Xanh,525.0,,
372YRQ,chợ,Chợ Phú Trung,645.0,,
372YRQ,trường học,Trường Trung học cơ sở Lê Quý Đôn,183.0,,
372YRQ,trường học,Trường Trung học phổ thông Trần Quang Khải,189.0,,
372YRQ,trường học,Trung tâm Giáo dục Thường xuyên Quận 11,199.0,,
372YRQ,bệnh viện,Bệnh viện Đa khoa Lãnh Binh Thăng,909.0,,
372YRQ,bệnh viện,Trung Tâm Hiến Múa Nhân Đạo,1500.0,,
372YRQ,bệnh viện,Bệnh viện Trưng Vương,1700.0,,
372YRQ,công viên,Công viên Phú Hòa,171.0,,
372YRQ,công viên,Công Viên Văn hóa Đầm Sen,647.0,,
372YRQ,công viên,Công viên Lãnh Binh Thăng,831.0,,
372YRQ,siêu thị,Siêu Thị Co.opMart - Phú Thọ,1000.0,,
372YRQ,siêu thị,Siêu Thị Auchan Lũy Bán Bích,1400.0,,
372YRQ,siêu thị,USAMua - Mua Hàng Mỹ,1500.0,,
372YRQ,trung tâm thương mại,Lotte Department Store,1500.0,,
372YRQ,trung tâm thương mại,Lotteria,1600.0,,
372YRQ,trung tâm thương mại,Bách hóa tổng hợp,1800.0,,
7D92SA,chợ,Chợ Xã Tây,54.0,,
7D92SA,chợ,Chợ Ba Đình,791.0,,
7D92SA,chợ,Chợ Tín Nghĩa,836.0,,
7D92SA,trường học,Trường Trung học Phổ thông Trần Hữu Trang,55.0,,
7D92SA,trường học,Trường Tiểu học Chính Nghĩa,130.0,,
7D92SA,trường học,Trường Tiểu học Minh Đạo,183.0,,
7D92SA,bệnh viện,Bệnh viện Đại học Y Dược Thành phố Hồ Chí Minh,259.0,,
7D92SA,bệnh viện,Bệnh viện Y học Cổ truyền Thành phố Hồ Chí Minh (Cơ sở 2),271.0,,
7D92SA,bệnh viện,Trạm Y tế phường Chợ Lớn,283.0,,
7D92SA,công viên,Công viên Dạ Trạch,542.0,,
7D92SA,công viên,Công viên Văn Lang,613.0,,
7D92SA,công viên,Công viên Võ Văn Kiệt,670.0,,
7D92SA,siêu thị,Siêu thị Điện máy Chợ Lớn,175.0,,
7D92SA,siêu thị,Cửa Hàng Mua Sắm Citimart,312.0,,
7D92SA,siêu thị,Coopmart Lý Thường Kiệt,746.0,,
7D92SA,trung tâm thương mại,Parkson Hùng Vương,283.0,,
7D92SA,trung tâm thương mại,Chợ Đại Quang Minh,532.0,,
7D92SA,trung tâm thương mại,Chợ vải Soái Kình Lâm,742.0,,
0ZNB09,chợ,Chợ Tân Phú,607.0,,
0ZNB09,chợ,Chợ Tân Phú 2,902.0,,
0ZNB09,chợ,Chợ Huỳnh Văn Chính,1100.0,,
0ZNB09,trường học,Trường Trung học cơ sở Lê Anh Xuân,362.0,,
0ZNB09,trường học,Trường Giáo dục thường xuyên quận Tân Phú,565.0,,
0ZNB09,trường học,Trường Trung học cơ sở Phan Bội Châu,591.0,,
0ZNB09,bệnh viện,Bệnh viện Đa khoa Tân Phú,989.0,,
0ZNB09,bệnh viện,Bệnh Viện Đa Khoa Mỹ Đức,1800.0,,
0ZNB09,công viên,Địa đạo Phú Thọ Hòa,404.0,,
0ZNB09,công viên,Công viên Tân Phú,517.0,,
0ZNB09,công viên,Công viên Bàu Cát 3,1200.0,,
0ZNB09,siêu thị,Phụ Kiện Bida Minh Điền,310.0,,
0ZNB09,siêu thị,Siêu thị GO! Âu Cơ,787.0,,
0ZNB09,siêu thị,USAMua - Mua Hàng Mỹ,966.0,,
0ZNB09,trung tâm thương mại,Cửa Hàng Gạo Hạt Ngọc Trời,829.0,,
0ZNB09,trung tâm thương mại,Bách hóa tổng hợp,1500.0,,
0ZNB09,trung tâm thương mại,Cửa Hàng Thực Phẩm Tiện Lợi Satra Food,2000.0,,
7CEW3A,chợ,Chợ Hoàng Hoa Thám,875.0,,
7CEW3A,chợ,Chợ Võ Thành Trang,1200.0,,
7CEW3A,chợ,Chợ Bà Hoa,1600.0,,
7CEW3A,trường học,Trường Trung học phổ thông Nguyễn Chí Thanh,169.0,,
7CEW3A,trường học,Trường Tiểu học Sơn Cang,301.0,,
7CEW3A,trường học,Trường Trung học cơ sở Hoàng Hoa Thám,310.0,,
7CEW3A,bệnh viện,Bệnh Viện Đa Khoa Mỹ Đức,962.0,,
7CEW3A,bệnh viện,Bệnh viện Đa khoa Tân Bình,1600.0,,
7CEW3A,bệnh viện,Bệnh viện Thống Nhất,1800.0,,
7CEW3A,công viên,Công viên Nhà thi đấu Tân Bình,1500.0,,
7CEW3A,công viên,Công viên Bàu Cát 3,1600.0,,
7CEW3A,công viên,Công viên Hoàng Văn Thụ,1900.0,,
7CEW3A,siêu thị,Pandora Trường Chinh,1400.0,,
7CEW3A,siêu thị,Big C,1500.0,,
7CEW3A,trung tâm thương mại,LOTTE Mart Cộng Hòa,845.0,,
7CEW3A,trung tâm thương mại,Pico Plaza,861.0,,
RGGGGJ,chợ,Chợ Đo Đạc,715.0,,
RGGGGJ,chợ,Chợ Thảo Điền,1100.0,,
RGGGGJ,chợ,Chợ Bình Khánh,1500.0,,
RGGGGJ,trường học,Dancecenter Vietnam,289.0,,
RGGGGJ,trường học,"Trường Mầm non Pathway Tuệ Đức - Cơ sở Phú Cường, Thành phố Thủ Đức",522.0,,
RGGGGJ,trường học,Montessori International School,560.0,,
RGGGGJ,bệnh viện,Family Practice,964.0,,
RGGGGJ,bệnh viện,Bệnh viện Quốc tế Mỹ AIH,1200.0,,
RGGGGJ,công viên,Công viên dạ cầu Sài Gòn,711.0,,
RGGGGJ,công viên,Công viên Thảo Điền,902.0,,
RGGGGJ,công viên,Cantavil Park,1000.0,,
RGGGGJ,siêu thị,Nam An Market,369.0,,
RGGGGJ,siêu thị,WinMart,490.0,,
RGGGGJ,siêu thị,Tops Market - Thảo Điền,547.0,,
RGGGGJ,trung tâm thương mại,Vincom Megamall Thảo Điền,394.0,,
RGGGGJ,trung tâm thương mại,Station Mall,534.0,,
RGGGGJ,trung tâm thương mại,thu hà,675.0,,
7KME9A,chợ,Chợ Tân Hòa Đông,156.0,,
7KME9A,chợ,Chợ Phú Lâm,726.0,,
7KME9A,chợ,Chợ Cây Da Sà,837.0,,
7KME9A,trường học,Trường Trung học phổ thông Trần Nhân Tông,247.0,,
7KME9A,trường học,Trường Trung học cơ sở Đoàn Kết,343.0,,
7KME9A,trường học,Trường Tiểu học Âu Cơ,600.0,,
7KME9A,bệnh viện,Bệnh viện Đa khoa Bình Phú,1700.0,,
7KME9A,bệnh viện,Bệnh Viện Quốc Tế Minh Anh,1800.0,,
7KME9A,công viên,Công viên Bãi Cát,349.0,,
7KME9A,công viên,Công Viên 158 Phan Anh,440.0,,
7KME9A,công viên,Lương Thế Vinh,762.0,,
7KME9A,siêu thị,Satra Foods,495.0,,
7KME9A,siêu thị,Bách Hóa XANH,563.0,,
7KME9A,siêu thị,Co.opMart Phú Lâm,1000.0,,
7KME9A,trung tâm thương mại,Nhi,1700.0,,
SYSNR5,chợ,Chợ Long Kiểng,635.0,,
SYSNR5,chợ,Chợ Cầu Dừa,677.0,,
SYSNR5,chợ,Chợ Tân Kiểng 1,739.0,,
SYSNR5,trường học,Trường Tiểu học Nguyễn Huệ 3,98.0,,
SYSNR5,trường học,Trung Tâm Ngoại Ngữ Quốc Tế Mỹ - Việt Nam,157.0,,
SYSNR5,trường học,Trường Trung học cơ sở Quang Trung,227.0,,
SYSNR5,bệnh viện,Bệnh viện Phước An,225.0,,
SYSNR5,bệnh viện,Bệnh viện Đa khoa Tân Hưng,562.0,,
SYSNR5,bệnh viện,Bệnh viện Đa khoa Khánh Hội,1100.0,,
SYSNR5,công viên,Công viên Phường 5,284.0,,
SYSNR5,công viên,Công viên Khánh Hội,384.0,,
SYSNR5,công viên,Công viên Cầu Rạch Ông,803.0,,
SYSNR5,siêu thị,Co.op Food,484.0,,
SYSNR5,siêu thị,Co.op Food - Nguyễn Khoái,623.0,,
SYSNR5,siêu thị,Satra Foods,634.0,,
SYSNR5,trung tâm thương mại,Thu,863.0,,
SYSNR5,trung tâm thương mại,Trung Tâm Mua Sắm Russian,893.0,,
SYSNR5,trung tâm thương mại,Tạp Hóa Quỳnh Loan,1000.0,,
8SCSB3,chợ,Chợ Phú Lợi 2,239.0,,
8SCSB3,chợ,Chợ Rạch Cát,746.0,,
8SCSB3,chợ,Nhà lồng H,1400.0,,
8SCSB3,trường học,Trường Tiểu học An Phong,447.0,,
8SCSB3,trường học,Trường Trung học cơ sở Phú Lợi,471.0,,
8SCSB3,trường học,Trường Trung học phổ thông Nguyễn Văn Linh,584.0,,
8SCSB3,siêu thị,Satra Foods,105.0,,
GX4JD2,chợ,Chợ Bàn Cờ,314.0,,
GX4JD2,chợ,Chợ Vườn Chuối,523.0,,
GX4JD2,chợ,Chợ Hoa Hồ Thị Kỷ,696.0,,
GX4JD2,trường học,Trường Tiểu học Nguyễn Sơn Hà,208.0,,
GX4JD2,trường học,Trường Tiểu học Lương Định Của,253.0,,
GX4JD2,trường học,Trường Trung học cơ sở Bàn Cờ,280.0,,
GX4JD2,bệnh viện,Bệnh viện Bình Dân,328.0,,
GX4JD2,bệnh viện,Bệnh viện Từ Dũ (khu M),632.0,,
GX4JD2,bệnh viện,Bệnh Viện Mắt Việt-Nga,633.0,,
GX4JD2,công viên,Công viên Phong Châu,628.0,,
GX4JD2,công viên,Công viên số 1 Lý Thái Tổ,635.0,,
GX4JD2,công viên,Công viên Âu Lạc,716.0,,
GX4JD2,siêu thị,Siêu Thị Aeon Citimart Cao Thắng,85.0,,
GX4JD2,siêu thị,Busy Morning Market,112.0,,
GX4JD2,siêu thị,Circle k,267.0,,
GX4JD2,trung tâm thương mại,Saigon Mall Cao Thắng,404.0,,
GX4JD2,trung tâm thương mại,phu quy,478.0,,
GX4JD2,trung tâm thương mại,Tạp Hóa Anh Duy,496.0,,
8SFHB3,chợ,Chợ An Nhơn,1100.0,,
8SFHB3,chợ,Chợ Gò Vấp,1600.0,,
8SFHB3,chợ,Chợ Hạnh Thông Tây,1900.0,,
8SFHB3,trường học,Trường Trung học cơ sở - Trung học phổ thông Bán Trú Nội Trú Hồng Hà - Cơ Sở 4,375.0,,
8SFHB3,trường học,Trường Tiểu học Kim Đồng,399.0,,
8SFHB3,trường học,Trường Trung học cơ sở&Trung học phổ thông Hồng Hà,438.0,,
8SFHB3,bệnh viện,Bệnh viện Quân y 175,1500.0,,
8SFHB3,bệnh viện,Bệnh viện Đa khoa Gò Vấp,1600.0,,
8SFHB3,bệnh viện,Phòng Khám Đa Khoa Hữu Nghị,1800.0,,
8SFHB3,công viên,Công viên Hòa Bình,829.0,,
8SFHB3,công viên,Công viên Khu nhà ở Quân đội,1100.0,,
8SFHB3,công viên,Công viên Văn hóa Gò Vấp,1700.0,,
8SFHB3,siêu thị,Co.opmart Phan Văn Trị,716.0,,
8SFHB3,siêu thị,WinMart,956.0,,
8SFHB3,siêu thị,Winmart,1500.0,,
8SFHB3,trung tâm thương mại,Saigon Mall Gò Vấp,108.0,,
8SFHB3,trung tâm thương mại,Trung Tâm Mua Sắm Nguyễn Kim Gò Vấp,297.0,,
8SFHB3,trung tâm thương mại,Vincom Plaza Quang Trung,431.0,,
2MM64Z,chợ,Chợ Đo Đạc,1500.0,,
2MM64Z,chợ,Chợ Bình Trưng,1600.0,,
2MM64Z,chợ,Chợ Bình Khánh,1800.0,,
2MM64Z,trường học,Kidzone Campus 2,510.0,,
2MM64Z,trường học,Học Viện Quốc Tế Mỹ,514.0,,
2MM64Z,trường học,Trường Trung học phổ thông Thủ Thiêm,524.0,,
2MM64Z,bệnh viện,Bệnh viện Quốc tế Mỹ AIH,759.0,,
2MM64Z,bệnh viện,Family Practice,1700.0,,
2MM64Z,công viên,Cantavil Park,84.0,,
2MM64Z,công viên,Công viên Thảo Điền,1100.0,,
2MM64Z,công viên,Công viên Ngã Ba An Phú,1100.0,,
2MM64Z,siêu thị,Big C,104.0,,
2MM64Z,siêu thị,Siêu Thị Online Annam Gourmet,117.0,,
2MM64Z,siêu thị,Cửa Hàng My Market Imperia,388.0,,
2MM64Z,trung tâm thương mại,Parkson,101.0,,
2MM64Z,trung tâm thương mại,Cantavil Mall,105.0,,
2MM64Z,trung tâm thương mại,Trung Tâm Thương Mại Estella,184.0,,
7KD1ZA,chợ,Chợ Tân Hương,657.0,,
7KD1ZA,chợ,Chợ Tân Phú,1100.0,,
7KD1ZA,chợ,Chợ Tân Phú 2,1200.0,,
7KD1ZA,trường học,Trường Trung học cơ sở Nguyễn Huệ,334.0,,
7KD1ZA,trường học,Trường Trung học phổ thông Tân Bình,446.0,,
7KD1ZA,trường học,Trường Trung học phổ thông Thành Nhân,461.0,,
7KD1ZA,bệnh viện,Bệnh Viện Đa Khoa Mỹ Đức,1700.0,,
7KD1ZA,bệnh viện,Yoga trị liệu l Ci Yoga Therapy CN Celadon,1700.0,,
7KD1ZA,công viên,Địa đạo Phú Thọ Hòa,1300.0,,
7KD1ZA,công viên,Công viên Bàu Cát 3,1600.0,,
7KD1ZA,công viên,Công viên Tân Phú,1700.0,,
7KD1ZA,siêu thị,Cửa Hàng Cung Cấp Đồ Hóa Trang Hoa Chí Tín,103.0,,
7KD1ZA,siêu thị,Cửa Hàng 137FoodMart,435.0,,
7KD1ZA,siêu thị,Shop Vinafood,958.0,,
7KD1ZA,trung tâm thương mại,Nhà đậu xe Aeon Mall Tân Phú Celadon;Commercial_AEONMallTanPhu Storie 4,1300.0,,
7KD1ZA,trung tâm thương mại,Cửa Hàng Gạo Hạt Ngọc Trời,1400.0,,
7KD1ZA,trung tâm thương mại,Cửa Hàng Thực Phẩm Tiện Lợi Satra Food,2000.0,,
8U0VX3,chợ,Chợ Tân Phú,556.0,,
8U0VX3,chợ,Chợ Tân Phú 2,899.0,,
8U0VX3,chợ,Chợ Bàu Cát,1100.0,,
8U0VX3,trường học,Trường Trung học cơ sở Lê Anh Xuân,337.0,,
8U0VX3,trường học,Trường Giáo dục thường xuyên quận Tân Phú,478.0,,
8U0VX3,trường học,Trường Trung học cơ sở Phan Bội Châu,514.0,,
8U0VX3,bệnh viện,Bệnh viện Đa khoa Tân Phú,1100.0,,
8U0VX3,bệnh viện,Bệnh Viện Đa Khoa Mỹ Đức,1700.0,,
8U0VX3,công viên,Địa đạo Phú Thọ Hòa,453.0,,
8U0VX3,công viên,Công viên Tân Phú,603.0,,
8U0VX3,công viên,Công viên Bàu Cát 3,1100.0,,
8U0VX3,siêu thị,Phụ Kiện Bida Minh Điền,336.0,,
8U0VX3,siêu thị,Siêu thị GO! Âu Cơ,784.0,,
8U0VX3,siêu thị,USAMua - Mua Hàng Mỹ,1100.0,,
8U0VX3,trung tâm thương mại,Cửa Hàng Gạo Hạt Ngọc Trời,856.0,,
8U0VX3,trung tâm thương mại,Bách hóa tổng hợp,1500.0,,
8U0VX3,trung tâm thương mại,Cửa Hàng Thực Phẩm Tiện Lợi Satra Food,2000.0,,
Q7F26U,chợ,Chợ Phú Thuận,505.0,,
Q7F26U,trường học,Trường Tiểu Học Lê Văn Tám,695.0,,
Q7F26U,trường học,Trường Hàn Quốc HCMC Korean School,696.0,,
Q7F26U,trường học,Trường Quốc tế Hàn Quốc,697.0,,
Q7F26U,bệnh viện,Nhà Thuốc Thái Thanh,508.0,,
Q7F26U,công viên,Công viên Nam Thông 3,857.0,,
Q7F26U,công viên,Công viên Nam Viên,974.0,,
Q7F26U,công viên,Công viên Cảnh Viên,1100.0,,
Q7F26U,siêu thị,Co.opmart Huỳnh Tấn Phát,1300.0,,
Q7F26U,siêu thị,Siêu thị Finelife Riviera Point,1400.0,,
Q7F26U,trung tâm thương mại,Parkson,1900.0,,
Q7Q7FU,chợ,Chợ Cây Điệp,674.0,,
Q7Q7FU,chợ,Chợ Bà Chiểu,1400.0,,
Q7Q7FU,chợ,Chợ Cây Quéo,1600.0,,
Q7Q7FU,trường học,Trường Tiểu học Bình Hòa,347.0,,
Q7Q7FU,trường học,Trường Trung học cơ sở Rạng Đông,427.0,,
Q7Q7FU,trường học,Trường Tiểu Học Chu Văn An,556.0,,
Q7Q7FU,bệnh viện,Bệnh viện Ung bướu,1200.0,,
Q7Q7FU,bệnh viện,Bệnh viện Nhân dân Gia Định,1300.0,,
Q7Q7FU,bệnh viện,Bệnh Viện Quốc Tế Columbia Asia,1400.0,,
Q7Q7FU,công viên,Công viên trung tâm HCA,216.0,,
Q7Q7FU,công viên,Công viên Bến Hải,1500.0,,
Q7Q7FU,công viên,Công viên Tầm Vu,1500.0,,
Q7Q7FU,siêu thị,Siêu Thị Bình Hòa,419.0,,
Q7Q7FU,siêu thị,WinMart,423.0,,
Q7Q7FU,siêu thị,Co.op Mart - Chu Văn An,424.0,,
Q7Q7FU,trung tâm thương mại,Trung Tâm Thương Mại Vincom Plaza Gò Vấp,1900.0,,
YKWXHD,chợ,Chợ Thái Bình,246.0,,
YKWXHD,chợ,Chợ Chiều,321.0,,
YKWXHD,chợ,Chợ Cô Giang,527.0,,
YKWXHD,trường học,Trường Trung học cơ sở Chu Văn An,118.0,,
YKWXHD,trường học,Trường Trung học phổ thông Lương Thế Vinh,401.0,,
YKWXHD,trường học,Trường Tiểu học Kết Đoàn,423.0,,
YKWXHD,bệnh viện,Bệnh viện Răng Hàm Mặt Thành phố Hồ Chí Minh,259.0,,
YKWXHD,bệnh viện,Bệnh viện Quận 1 (cơ sở 2),269.0,,
YKWXHD,bệnh viện,Bệnh Viện Mắt Sài Gòn,648.0,,
YKWXHD,công viên,Công viên 23 tháng 9,605.0,,
YKWXHD,công viên,Công viên Phong Châu,871.0,,
YKWXHD,công viên,Công viên Tao Đàn,1000.0,,
YKWXHD,siêu thị,FamilyMart,112.0,,
YKWXHD,siêu thị,Siêu thị phượt,179.0,,
YKWXHD,siêu thị,C&C,205.0,,
YKWXHD,trung tâm thương mại,Tạp Hóa Hùng Hà,261.0,,
YKWXHD,trung tâm thương mại,Tạp Hóa Trương Thịnh,544.0,,
YKWXHD,trung tâm thương mại,Trung Tâm Mua Sắm Russian,631.0,,
EREAG4,chợ,Chợ Kiến Đức 2,978.0,,
EREAG4,chợ,Chợ Bình Trị Đông B,1100.0,,
EREAG4,chợ,Chợ An Lạc,1600.0,,
EREAG4,trường học,Trường Trung học phổ thông An Lạc,142.0,,
EREAG4,trường học,Trường Tiểu học An Lạc 1,261.0,,
EREAG4,trường học,Trường Trung học cơ sở Lê Tấn Bê,515.0,,
EREAG4,bệnh viện,CI Hospital,1100.0,,
EREAG4,bệnh viện,Bệnh viện Gia An 115,1100.0,,
EREAG4,bệnh viện,Bệnh viện Triều An,1200.0,,
EREAG4,công viên,Công viên Chung cư Lý Chiêu Hoàng,1100.0,,
EREAG4,siêu thị,WinMart,536.0,,
EREAG4,siêu thị,Siêu Thị 7Map,1300.0,,
EREAG4,trung tâm thương mại,ÆON MALL Bình Tân,1300.0,,
8URGG3,chợ,Chợ Văn Thánh,190.0,,
8URGG3,chợ,Chợ Thảo Điền,635.0,,
8URGG3,chợ,Siêu Thị Sky Fresh,1100.0,,
8URGG3,trường học,Trường Trung học phổ thông Gia Định,512.0,,
8URGG3,trường học,Trường Trung học cơ sở Đống Đa,596.0,,
8URGG3,trường học,Trường Song Ngữ Horizon,868.0,,
8URGG3,bệnh viện,Family Practice,1400.0,,
8URGG3,công viên,Công viên Tân Cảng,391.0,,
8URGG3,công viên,Công viên Vinhomes Central Park,945.0,,
8URGG3,công viên,Khu du lịch Văn Thánh,948.0,,
8URGG3,siêu thị,WinMart,98.0,,
8URGG3,siêu thị,Tops Market - Thảo Điền,1200.0,,
8URGG3,siêu thị,Daddy's House,1400.0,,
8URGG3,trung tâm thương mại,Station Mall,1200.0,,
8URGG3,trung tâm thương mại,thu hà,1500.0,,
8URGG3,trung tâm thương mại,Trang Trí Nội Thất - Thái Công,1700.0,,
7H7K3A,chợ,Chợ Phú Hữu,1300.0,,
7H7K3A,trường học,Trường Trung học cơ sở Phú Hữu,1200.0,,
7H7K3A,trường học,Trường Tiểu học Phú Hữu,1300.0,,
7H7K3A,trường học,"Trường Mầm Non Pathway Tuệ Đức - Cơ sở Fuji Nam Long, Thành phố Thủ Đức",1600.0,,
7H7K3A,công viên,Công Viên Kiến Á Q9,1200.0,,
YC1HCD,trường học,Trường Trung học phổ thông Nguyễn Văn Tăng,584.0,,
YC1HCD,trường học,Trường Tiểu học Long Bình,675.0,,
YC1HCD,trường học,Trường Trung học cơ sở Hưng Bình,1000.0,,
YC1HCD,công viên,Công viên Cầu Vồng,586.0,,
YC1HCD,công viên,Hồ Sen Súng,803.0,,
YC1HCD,công viên,Công viên Chloe Demure,1000.0,,
YC1HCD,siêu thị,HiepDoanShop,187.0,,
YC1HCD,siêu thị,King Food Mart - S10.02 Vinhomes Grand Park,195.0,,
YC1HCD,trung tâm thương mại,Phố Thương Mại,267.0,,
YC1HCD,trung tâm thương mại,Vincom Mega Mall,511.0,,
PT8RPG,chợ,Siêu Thị Sky Fresh,672.0,,
PT8RPG,chợ,Chợ Văn Thánh,750.0,,
PT8RPG,chợ,Chợ Thị Nghè,1200.0,,
PT8RPG,trường học,Trường Trung học cơ sở Cửu Long,562.0,,
PT8RPG,trường học,Trường Mầm Non Tây Úc,619.0,,
PT8RPG,trường học,International School Saigon Pearl,641.0,,
PT8RPG,công viên,Khu du lịch Văn Thánh,351.0,,
PT8RPG,công viên,Công viên Tân Cảng,497.0,,
PT8RPG,công viên,Chung cư City Garden,693.0,,
PT8RPG,siêu thị,WinMart,416.0,,
PT8RPG,siêu thị,Siêu Thị Vive Gourmet Food & Wine,628.0,,
PT8RPG,siêu thị,Daddy's House,709.0,,
PT8RPG,trung tâm thương mại,thu hà,1700.0,,
PT8RPG,trung tâm thương mại,Station Mall,1800.0,,
W0FE1R,chợ,Chợ Tân Mỹ,1300.0,,
W0FE1R,chợ,Chợ Tân Quy,1800.0,,
W0FE1R,chợ,Chợ Tân Kiểng 2,1900.0,,
W0FE1R,trường học,Trường Mầm non Ngôi Sao Tuổi Thơ - Tiểu học - Trung học cơ sở - Trung học phổ thông Hoàng Gia,393.0,,
W0FE1R,trường học,Trường Tiểu học Vỗ Thị Sáu,498.0,,
W0FE1R,trường học,Trường Mầm non Chuyện Nhỏ,621.0,,
W0FE1R,bệnh viện,Phòng Khám Dr Vein,218.0,,
W0FE1R,bệnh viện,Phòng khám bác sĩ Hồ Cao Vũ,220.0,,
W0FE1R,bệnh viện,Phòng khám Medisen Thư An,909.0,,
W0FE1R,công viên,Công viên Wonderland,266.0,,
W0FE1R,công viên,Công viên Hồ Bán Nguyệt,873.0,,
W0FE1R,công viên,Công viên Kênh Đào,900.0,,
W0FE1R,siêu thị,Siêu Thị K-Market,262.0,,
W0FE1R,siêu thị,Siêu thị Finelife Urban Hill,291.0,,
W0FE1R,siêu thị,K-Market,382.0,,
W0FE1R,trung tâm thương mại,SC VivoCity,649.0,,
W0FE1R,trung tâm thương mại,Crescent Mall,998.0,,
W0FE1R,trung tâm thương mại,Parkson,1400.0,,
5DZ1E7,chợ,Chợ Gò Vấp,575.0,,
5DZ1E7,chợ,Chợ Cây Điệp,1900.0,,
5DZ1E7,trường học,Trường Tiểu Học Trần Quốc Toản,211.0,,
5DZ1E7,trường học,Trường Trung học phổ thông TRẦN CAO VÂN,358.0,,
5DZ1E7,trường học,Trường Tiểu học Nguyễn Viết Xuân,416.0,,
5DZ1E7,bệnh viện,Bệnh viện Quân y 175,1500.0,,
5DZ1E7,công viên,Công viên Bến Hải,518.0,,
5DZ1E7,công viên,Công viên Khu nhà ở Quân đội,533.0,,
5DZ1E7,công viên,Công viên Đặng Thùy Trâm,1200.0,,
5DZ1E7,siêu thị,Lẩu cá kèo,221.0,,
5DZ1E7,siêu thị,Winmart,572.0,,
5DZ1E7,siêu thị,emart,634.0,,
5DZ1E7,trung tâm thương mại,Trung Tâm Thương Mại Vincom Plaza Gò Vấp,159.0,,
5DZ1E7,trung tâm thương mại,GO! Go Vap,1100.0,,
5DZ1E7,trung tâm thương mại,Tạp hóa Hoàng Dũng,1100.0,,
3ABUZQ,trung tâm thương mại,Mỹ hanh,1300.0,,
5ED4W7,chợ,Chợ Lũng,549.0,,
5ED4W7,chợ,Chợ cóc,1100.0,,
5ED4W7,chợ,Chợ Đông Khê,1100.0,,
5ED4W7,trường học,Sân giữa,95.0,,
5ED4W7,trường học,Sân phụ,129.0,,
5ED4W7,trường học,Trường Trung học phổ thông chuyên Trần Phú,155.0,,
5ED4W7,bệnh viện,Bệnh Viện Công An TPHP,888.0,,
5ED4W7,bệnh viện,Bệnh viện Tâm thần Hải Phòng (khu 2),1300.0,,
5ED4W7,bệnh viện,Bệnh Viện Văn Cao,1400.0,,
5ED4W7,công viên,Vườn hoa Văn Cao,1500.0,,
5ED4W7,công viên,vườn hoa An Biên,1600.0,,
5ED4W7,công viên,Cung Thiếu Nhi,1800.0,,
5ED4W7,siêu thị,GO! Hải Phòng,365.0,,
5ED4W7,siêu thị,K Mart,1300.0,,
5ED4W7,siêu thị,Intimex,1700.0,,
5ED4W7,trung tâm thương mại,TTTM Maslight,521.0,,
5ED4W7,trung tâm thương mại,Maslight Centre,525.0,,
5ED4W7,trung tâm thương mại,Cửa hàng mũ bảo hiểm QFullface,1200.0,,
74BK5A,chợ,Chợ 78,1700.0,,
74BK5A,chợ,Chợ Bình Đáng,2000.0,,
74BK5A,trường học,Trường Tiểu học Lái Thiêu,863.0,,
74BK5A,trường học,Trường Trung học phổ thông Nguyễn Trãi,933.0,,
74BK5A,trường học,Trường Trung học cơ sở Nguyễn Văn Tiết,1000.0,,
74BK5A,siêu thị,AEON Mail Bình Dương,749.0,,
74BK5A,trung tâm thương mại,Cẩm Tiên,1400.0,,
74BK5A,trung tâm thương mại,KCN VSIP,1400.0,,
74BK5A,trung tâm thương mại,Lý Nhã Kỳ,1700.0,,
9NT3FP,chợ,Chợ Lái Thiêu,1400.0,,
9NT3FP,trường học,Trường Trung học cơ sở Nguyễn Văn Tiết,535.0,,
9NT3FP,trường học,Trường Tiểu học Lái Thiêu,575.0,,
9NT3FP,trường học,Trường Trung học phổ thông Nguyễn Trãi,670.0,,
9NT3FP,bệnh viện,Trung tâm Y tế khu vực Thuận An,732.0,,
9NT3FP,bệnh viện,Bệnh viện Đa khoa Quốc Tế Miền Đông,1300.0,,
9NT3FP,công viên,Công viên Lái Thiêu,1200.0,,
9NT3FP,công viên,Công viên Bờ kè Gia Long,1800.0,,
9NT3FP,trung tâm thương mại,Lotte Department Store,1100.0,,
9NT3FP,trung tâm thương mại,Hương hằng,1800.0,,
DWKGVH,chợ,Chợ Lạc Quang,127.0,,
DWKGVH,chợ,Chợ An Sương,1300.0,,
DWKGVH,trường học,Trường Trung học cơ sở Nguyễn Vĩnh Nghiệp,143.0,,
DWKGVH,trường học,Anh Văn Hội Việt Mỹ VUS,197.0,,
DWKGVH,trường học,Trường Trung học cơ sở&Trung học phổ thông Mỹ Việt,575.0,,
DWKGVH,bệnh viện,Bệnh viện Đa khoa Tâm Trí Sài Gòn,345.0,,
DWKGVH,công viên,CÔNG VIÊN 8XLUS,388.0,,
DWKGVH,công viên,Công viên Thuận Kiều,1300.0,,
DWKGVH,siêu thị,FamilyMart,407.0,,
DWKGVH,siêu thị,Kho Hàng Hùng Hậu,465.0,,
DWKGVH,siêu thị,Tạp Hóa Chú 8,471.0,,
A4VZ4Y,trường học,Trường Trung học cơ sở-Trung học phổ thông Nguyễn Khuyến,394.0,,
A4VZ4Y,trường học,Trường Tiểu Học - Trung học cơ sở - Trung học phổ thông Ngô Thời Nhiệm,973.0,,
A4VZ4Y,trường học,Trường Ngô Thời Nhiệm,1100.0,,
A4VZ4Y,công viên,Hikari Park,616.0,,
A4VZ4Y,công viên,Công viên Hòa Phú,1300.0,,
A4VZ4Y,công viên,Midori The Glory Park,1300.0,,
KWSRNC,chợ,Chợ Phú Thuận,995.0,,
KWSRNC,trường học,Trường Tiểu Học Lê Văn Tám,959.0,,
KWSRNC,trường học,Trường Quốc tế Hàn Quốc,1100.0,,
KWSRNC,trường học,Trường Hàn Quốc HCMC Korean School,1100.0,,
KWSRNC,bệnh viện,Nhà Thuốc Thái Thanh,1000.0,,
KWSRNC,công viên,Công viên Nam Thông 3,1100.0,,
KWSRNC,công viên,Trung Tâm Văn Hóa Quận 7,1200.0,,
KWSRNC,công viên,Công viên Cảnh Viên,1300.0,,
KWSRNC,siêu thị,Co.opmart Huỳnh Tấn Phát,1200.0,,
KWSRNC,siêu thị,Siêu thị Finelife Riviera Point,1900.0,,
9VT2DP,chợ,Chợ cũ Tôn Thất Đạm,375.0,,
9VT2DP,chợ,Awesome cheap market,407.0,,
9VT2DP,chợ,Chợ Bến Thành,416.0,,
9VT2DP,trường học,Trường Tiểu học Khai Minh,50.0,,
9VT2DP,trường học,Trường Tiểu học Nguyễn Thái Bình,143.0,,
9VT2DP,trường học,Trường Tiểu Học Hoà Bình,345.0,,
9VT2DP,bệnh viện,Bệnh viện Nhân dân Gia Định - cơ sở 2,269.0,,
9VT2DP,bệnh viện,Bệnh viện Đa khoa Khánh Hội,525.0,,
9VT2DP,bệnh viện,Bệnh viện Quận 1 (cơ sở 2),931.0,,
9VT2DP,công viên,Công viên SJC Tower,498.0,,
9VT2DP,công viên,Công viên Thương xá Tax,592.0,,
9VT2DP,công viên,Công viên 23 tháng 9,665.0,,
9VT2DP,siêu thị,Minimart,155.0,,
9VT2DP,siêu thị,B's Mart,195.0,,
9VT2DP,siêu thị,Shop & go,228.0,,
9VT2DP,trung tâm thương mại,Saigon Centre - Cổng Nam Kỳ Khởi Nghĩa - Điểm Đón Trả,324.0,,
9VT2DP,trung tâm thương mại,Saigon Centre,371.0,,
9VT2DP,trung tâm thương mại,Takashimaya,388.0,,
7EGX5A,chợ,Chợ Bàu Sen,413.0,,
7EGX5A,chợ,Chợ Hòa Bình,506.0,,
7EGX5A,chợ,Circle K,700.0,,
7EGX5A,trường học,Trường Tiểu học Hàm Tử,248.0,,
7EGX5A,trường học,Trường Tiểu học Huỳnh Mẫn Đạt,286.0,,
7EGX5A,trường học,Trường Trung học cơ sở Kim Đồng,386.0,,
7EGX5A,bệnh viện,Bệnh viện Thân Dân,63.0,,
7EGX5A,bệnh viện,Bệnh viện Chấn thương Chỉnh hình,99.0,,
7EGX5A,bệnh viện,Bệnh viện Bệnh Nhiệt đới,168.0,,
7EGX5A,công viên,Công viên Chợ Quán,663.0,,
7EGX5A,công viên,Công viên 310A Hưng Phú,678.0,,
7EGX5A,công viên,Công viên Dạ Nam,810.0,,
7EGX5A,siêu thị,Circle k,674.0,,
7EGX5A,siêu thị,Siêu Thị Mela,725.0,,
7EGX5A,siêu thị,FamilyMart,748.0,,
7EGX5A,trung tâm thương mại,Trung tâm Thương Mại An Đông Plaza,698.0,,
7EGX5A,trung tâm thương mại,Trung Tâm Mua Sắm Nowzone - Nguyễn Văn Cừ,1200.0,,
7EGX5A,trung tâm thương mại,Trung Tâm Mua Sắm Nowzone,1200.0,,
5K4NP7,chợ,Chợ Đo Đạc,429.0,,
5K4NP7,chợ,Siêu Thị Sky Fresh,881.0,,
5K4NP7,chợ,Chợ Thảo Điền,1000.0,,
5K4NP7,trường học,Trường Tiểu học Nguyễn Hiền,630.0,,
5K4NP7,trường học,"Trường Mầm non Pathway Tuệ Đức - Cơ sở Phú Cường, Thành phố Thủ Đức",660.0,,
5K4NP7,trường học,"Trường Mầm non Pathway Tuệ Đức - Cơ sở Bình An, Thành phố Thủ Đức",701.0,,
5K4NP7,bệnh viện,Family Practice,1600.0,,
5K4NP7,bệnh viện,Bệnh viện Quốc tế Mỹ AIH,1800.0,,
5K4NP7,công viên,Công viên dạ cầu Sài Gòn,605.0,,
5K4NP7,công viên,Công viên Vinhomes Central Park,739.0,,
5K4NP7,công viên,Công viên Tân Cảng,1200.0,,
5K4NP7,siêu thị,Tops Market - Thảo Điền,913.0,,
5K4NP7,siêu thị,WinMart,1000.0,,
5K4NP7,siêu thị,Daddy's House,1200.0,,
5K4NP7,trung tâm thương mại,thu hà,393.0,,
5K4NP7,trung tâm thương mại,Station Mall,888.0,,
5K4NP7,trung tâm thương mại,Tiệm Vàng Bảo Uyên,1000.0,,
2MCUUZ,chợ,Khu chợ nhỏ,525.0,,
2MCUUZ,chợ,Chọ mini,764.0,,
2MCUUZ,chợ,Chợ Nguyễn Tri Phương,883.0,,
2MCUUZ,trường học,Trường Trung học cơ sở và Trung học phổ thông Diên Hồng,481.0,,
2MCUUZ,trường học,Trường Tiểu học Lê Đình Chinh,492.0,,
2MCUUZ,trường học,Trường Trung học cơ sở Nguyễn Văn Tố,502.0,,
2MCUUZ,bệnh viện,Bệnh viện Trưng Vương,305.0,,
2MCUUZ,bệnh viện,Viện Tim Thành phố Hồ Chí Minh,620.0,,
2MCUUZ,bệnh viện,Bệnh viện Nhân dân 115,652.0,,
2MCUUZ,công viên,Công viên nội bộ chung cư Hòa Bình,567.0,,
2MCUUZ,công viên,Công viên Hoa hồng,624.0,,
2MCUUZ,công viên,Phố đi bộ đêm Kỳ đài Quang Trung,882.0,,
2MCUUZ,siêu thị,VinMart+,378.0,,
2MCUUZ,siêu thị,MiniMart,434.0,,
2MCUUZ,siêu thị,Co.opmart Mini,523.0,,
2MCUUZ,trung tâm thương mại,Vạn Hạnh Mall,908.0,,
2MCUUZ,trung tâm thương mại,Lotte Department Store,1100.0,,
2MCUUZ,trung tâm thương mại,Lotteria,1200.0,,
7KCRUA,chợ,Chợ Phú Thuận,1100.0,,
7KCRUA,trường học,Trường Tiểu học Lê Anh Xuân,641.0,,
7KCRUA,trường học,Trường Tiểu học Phú Thuận,706.0,,
7KCRUA,trường học,Trường Song Ngữ Quốc Tế EMASI Nam Long,1000.0,,
7KCRUA,bệnh viện,Nhà Thuốc Thái Thanh,1400.0,,
7KCRUA,bệnh viện,BỆNH VIỆN MẮT,1500.0,,
7KCRUA,bệnh viện,Bệnh viện Đa khoa Nguyễn Thị Thập,1700.0,,
7KCRUA,siêu thị,BHX 163 Trần Trọng Cung,829.0,,
7KCRUA,siêu thị,WinMart,1100.0,,
7KCRUA,siêu thị,Siêu thị Finelife Riviera Point,1200.0,,
7KCRUA,trung tâm thương mại,Tiệm Đồ Hồi Giáo,1000.0,,
7KCRUA,trung tâm thương mại,Vincom Plus Nam Long Quận 7,1100.0,,
SDHH15,chợ,Chợ Cô Giang,211.0,,
SDHH15,chợ,Chợ Cầu Dừa,255.0,,
SDHH15,chợ,Chợ Cháy,595.0,,
SDHH15,trường học,Trường Tiểu học Lương Thế Vinh,205.0,,
SDHH15,trường học,Trường Trung học phổ thông Lương Thế Vinh,268.0,,
SDHH15,trường học,Trường Tiểu học Đặng Trần Côn,342.0,,
SDHH15,bệnh viện,Bệnh viện Răng Hàm Mặt Thành phố Hồ Chí Minh,373.0,,
SDHH15,bệnh viện,Bệnh viện Quận 1 (cơ sở 2),470.0,,
SDHH15,bệnh viện,Bệnh Viện Thẩm Mỹ Siam Thailand,938.0,,
SDHH15,công viên,Công viên Khánh Hội,516.0,,
SDHH15,công viên,Công viên Phường 5,689.0,,
SDHH15,công viên,Công viên 23 tháng 9,977.0,,
SDHH15,siêu thị,Ngoc hue,212.0,,
SDHH15,siêu thị,Familymart,231.0,,
SDHH15,siêu thị,Co.op smile,324.0,,
SDHH15,trung tâm thương mại,Trung Tâm Mua Sắm Russian,133.0,,
SDHH15,trung tâm thương mại,Tạp Hóa Quỳnh Loan,286.0,,
SDHH15,trung tâm thương mại,Tạp Hóa Trương Thịnh,293.0,,
G1WKQ2,chợ,Chợ Cây Quéo,610.0,,
G1WKQ2,chợ,Chợ Gò Vấp,1000.0,,
G1WKQ2,chợ,Chợ Cây Điệp,1100.0,,
G1WKQ2,trường học,Trường tiểu học Nguyễn Thượng Hiền,49.0,,
G1WKQ2,trường học,Trường Trung học cơ sở Trường Sơn,505.0,,
G1WKQ2,trường học,Trường Trung học cơ sở Nguyễn Văn Trỗi,548.0,,
G1WKQ2,bệnh viện,Bệnh viện Quân y 175,779.0,,
G1WKQ2,bệnh viện,Trạm Y Tế Phường 7 Quận Phú Nhuận,1200.0,,
G1WKQ2,bệnh viện,Bệnh viện Ung bướu,1400.0,,
G1WKQ2,công viên,Công viên Gia Định,1200.0,,
G1WKQ2,công viên,Công viên Văn hóa Phú Nhuận,1400.0,,
G1WKQ2,công viên,Công viên Bến Hải,1600.0,,
G1WKQ2,siêu thị,CO.OP Mart Nguyễn Kiệm,1100.0,,
G1WKQ2,siêu thị,WinMart,1100.0,,
G1WKQ2,siêu thị,emart,1300.0,,
G1WKQ2,trung tâm thương mại,GO! Go Vap,1400.0,,
G1WKQ2,trung tâm thương mại,Trung Tâm Thương Mại Vincom Plaza Gò Vấp,1400.0,,
G1WKQ2,trung tâm thương mại,Trung Tâm Mua Sắm Nguyễn Kim Gò Vấp,1900.0,,
928QAP,trường học,Trường Trung học phổ thông Nguyễn Văn Tăng,743.0,,
928QAP,trường học,Trường Tiểu học Long Bình,899.0,,
928QAP,trường học,Trường liên cấp VinSchool,1000.0,,
928QAP,công viên,Công viên Cầu Vồng,767.0,,
928QAP,công viên,Hồ Sen Súng,780.0,,
928QAP,công viên,Công viên Ánh sáng,864.0,,
928QAP,siêu thị,HiepDoanShop,444.0,,
928QAP,siêu thị,King Food Mart - S10.02 Vinhomes Grand Park,450.0,,
928QAP,trung tâm thương mại,Vincom Mega Mall,368.0,,
928QAP,trung tâm thương mại,Phố Thương Mại,555.0,,
DY6UHF,chợ,Chợ Cô Giang,377.0,,
DY6UHF,chợ,Chợ Thái Bình,419.0,,
DY6UHF,chợ,Chợ Chiều,435.0,,
DY6UHF,trường học,Trường Trung học cơ sở Chu Văn An,222.0,,
DY6UHF,trường học,Trường Trung học phổ thông Lương Thế Vinh,253.0,,
DY6UHF,trường học,Trường Tiểu học Lương Thế Vinh,318.0,,
DY6UHF,bệnh viện,Bệnh viện Răng Hàm Mặt Thành phố Hồ Chí Minh,68.0,,
DY6UHF,bệnh viện,Bệnh viện Quận 1 (cơ sở 2),229.0,,
DY6UHF,bệnh viện,Bệnh Viện Thẩm Mỹ Siam Thailand,747.0,,
DY6UHF,công viên,Công viên 23 tháng 9,715.0,,
DY6UHF,công viên,Công viên Khánh Hội,956.0,,
DY6UHF,công viên,Công viên Phong Châu,981.0,,
DY6UHF,siêu thị,C&C,130.0,,
DY6UHF,siêu thị,Siêu thị phượt,207.0,,
DY6UHF,siêu thị,Ngoc hue,229.0,,
DY6UHF,trung tâm thương mại,Tạp Hóa Trương Thịnh,363.0,,
DY6UHF,trung tâm thương mại,Tạp Hóa Hùng Hà,420.0,,
DY6UHF,trung tâm thương mại,Trung Tâm Mua Sắm Russian,464.0,,
QKE7DU,chợ,Chợ Tân Phú,834.0,,
QKE7DU,chợ,Chợ Tân Hương,953.0,,
QKE7DU,chợ,Chợ Võ Thành Trang,1000.0,,
QKE7DU,trường học,Trường Trung học cơ sở Nguyễn Huệ,184.0,,
QKE7DU,trường học,Trường Chuyên biệt Bình Minh - CS2,234.0,,
QKE7DU,trường học,Trường Tiểu học Lê Văn Tám,355.0,,
QKE7DU,bệnh viện,Bệnh Viện Đa Khoa Mỹ Đức,1400.0,,
QKE7DU,bệnh viện,Bệnh viện Đa khoa Tân Phú,1900.0,,
QKE7DU,bệnh viện,Yoga trị liệu l Ci Yoga Therapy CN Celadon,2000.0,,
QKE7DU,công viên,Công viên Bàu Cát 3,1300.0,,
QKE7DU,công viên,Địa đạo Phú Thọ Hòa,1300.0,,
QKE7DU,công viên,Công viên Tân Phú,1600.0,,
QKE7DU,siêu thị,Cửa Hàng Cung Cấp Đồ Hóa Trang Hoa Chí Tín,305.0,,
QKE7DU,siêu thị,Cửa Hàng 137FoodMart,497.0,,
QKE7DU,siêu thị,Phụ Kiện Bida Minh Điền,1200.0,,
QKE7DU,trung tâm thương mại,Cửa Hàng Gạo Hạt Ngọc Trời,1500.0,,
QKE7DU,trung tâm thương mại,Nhà đậu xe Aeon Mall Tân Phú Celadon;Commercial_AEONMallTanPhu Storie 4,1500.0,,
UCE6GS,chợ,Chợ Cây Quéo,814.0,,
UCE6GS,chợ,Chợ Gò Vấp,1100.0,,
UCE6GS,chợ,Chợ Nguyễn Đình Chiểu,1200.0,,
UCE6GS,trường học,Trường Trung học cơ sở Trường Sơn,245.0,,
UCE6GS,trường học,Trường Tiểu học Trần Văn Ơn,246.0,,
UCE6GS,trường học,Trường Trung học phổ thông Gò Vấp,248.0,,
UCE6GS,bệnh viện,Bệnh viện Quân y 175,471.0,,
UCE6GS,bệnh viện,Trạm Y Tế Phường 7 Quận Phú Nhuận,1300.0,,
UCE6GS,bệnh viện,Bệnh viện Ung bướu,1700.0,,
UCE6GS,công viên,Công viên Gia Định,855.0,,
UCE6GS,công viên,Botanica Premier Residential Park,1600.0,,
UCE6GS,công viên,Công viên Văn hóa Phú Nhuận,1600.0,,
UCE6GS,siêu thị,CO.OP Mart Nguyễn Kiệm,867.0,,
UCE6GS,siêu thị,Lẩu cá kèo,1400.0,,
UCE6GS,siêu thị,emart,1500.0,,
UCE6GS,trung tâm thương mại,GO! Go Vap,1200.0,,
UCE6GS,trung tâm thương mại,Trung Tâm Thương Mại Vincom Plaza Gò Vấp,1500.0,,
UCE6GS,trung tâm thương mại,Trung Tâm Mua Sắm Nguyễn Kim Gò Vấp,1700.0,,
AFEF9Y,chợ,Chợ Bà Hoa,398.0,,
AFEF9Y,chợ,Chợ Tân Bình,744.0,,
AFEF9Y,chợ,Chợ Hoàng Hoa Thám,818.0,,
AFEF9Y,trường học,Trường Tiểu học Cách Mạng Tháng Tám CS1,173.0,,
AFEF9Y,trường học,Trung tâm Giáo dục thường xuyên quận Tân Bình,174.0,,
AFEF9Y,trường học,Trường Tiểu học Nguyễn Văn Trỗi,180.0,,
AFEF9Y,bệnh viện,Bệnh viện Thống Nhất,314.0,,
AFEF9Y,bệnh viện,Bệnh viện 1A,486.0,,
AFEF9Y,bệnh viện,Bệnh viện Đa khoa Tân Bình,525.0,,
AFEF9Y,công viên,Công viên Nhà thi đấu Tân Bình,424.0,,
AFEF9Y,công viên,Công viên Bàu Cát 3,1100.0,,
AFEF9Y,công viên,Công viên Chung cư Lê Thị Riêng,1700.0,,
AFEF9Y,siêu thị,WinMart,899.0,,
AFEF9Y,siêu thị,Bách Hóa Xanh,1300.0,,
AFEF9Y,siêu thị,Siêu thị GO! Âu Cơ,1300.0,,
AFEF9Y,trung tâm thương mại,Pico Plaza,950.0,,
AFEF9Y,trung tâm thương mại,LOTTE Mart Cộng Hòa,960.0,,
AFEF9Y,trung tâm thương mại,Bách hóa tổng hợp,1100.0,,
WZK56R,chợ,Chợ Gò Vấp,754.0,,
WZK56R,chợ,Chợ Cây Quéo,866.0,,
WZK56R,chợ,Chợ Cây Điệp,1000.0,,
WZK56R,trường học,Trường tiểu học Nguyễn Thượng Hiền,335.0,,
WZK56R,trường học,Trường Trung học cơ sở Nguyễn Văn Trỗi - cơ sở 2,379.0,,
WZK56R,trường học,Trường Tiểu học Hanh Thông,494.0,,
WZK56R,bệnh viện,Bệnh viện Quân y 175,865.0,,
WZK56R,bệnh viện,Trạm Y Tế Phường 7 Quận Phú Nhuận,1400.0,,
WZK56R,bệnh viện,Bệnh viện Ung bướu,1500.0,,
WZK56R,công viên,Công viên Bến Hải,1200.0,,
WZK56R,công viên,Công viên Gia Định,1400.0,,
WZK56R,công viên,Công viên Khu nhà ở Quân đội,1500.0,,
WZK56R,siêu thị,emart,946.0,,
WZK56R,siêu thị,Lẩu cá kèo,1100.0,,
WZK56R,siêu thị,WinMart,1100.0,,
WZK56R,trung tâm thương mại,Trung Tâm Thương Mại Vincom Plaza Gò Vấp,1100.0,,
WZK56R,trung tâm thương mại,GO! Go Vap,1300.0,,
WZK56R,trung tâm thương mại,Trung Tâm Mua Sắm Nguyễn Kim Gò Vấp,1800.0,,
DFZJKH,chợ,Chợ Hưng Long,1600.0,,
DFZJKH,trường học,Trường Tiểu học Tân Quý Tây 3,1100.0,,
DFZJKH,trường học,Trường Trung học cơ sở Tân Quý Tây,1300.0,,
DFZJKH,trường học,Trường Tiểu học An Phú Tây,1800.0,,
9X326P,chợ,Chợ Tân Hương,479.0,,
9X326P,chợ,Chợ Bình Long,887.0,,
9X326P,chợ,Chợ Tân Phú 2,983.0,,
9X326P,trường học,Trường Tiểu học Tô Vĩnh Diện,211.0,,
9X326P,trường học,Trường Trung học cơ sở Võ Thành Trang,211.0,,
9X326P,trường học,Trường Tiểu học Tân Thới,318.0,,
9X326P,bệnh viện,Trạm Y Tế phường Bình Hưng Hòa,1500.0,,
9X326P,bệnh viện,Yoga trị liệu l Ci Yoga Therapy CN Celadon,1800.0,,
9X326P,công viên,Địa đạo Phú Thọ Hòa,1500.0,,
9X326P,siêu thị,Bách Hóa Xanh,445.0,,
9X326P,siêu thị,Bách Hóa XXanh 175C Đường Số 8,680.0,,
9X326P,siêu thị,Chả cua Huế,836.0,,
9X326P,trung tâm thương mại,Cửa Hàng Thực Phẩm Tiện Lợi Satra Food,1100.0,,
9X326P,trung tâm thương mại,Cửa Hàng Gạo Hạt Ngọc Trời,1300.0,,
9X326P,trung tâm thương mại,Nhà đậu xe Aeon Mall Tân Phú Celadon;Commercial_AEONMallTanPhu Storie 4,1300.0,,
JT28D0,chợ,Chợ Bàu Cát,241.0,,
JT28D0,chợ,Chợ Bà Hoa,541.0,,
JT28D0,chợ,Chợ Hoàng Hoa Thám,681.0,,
JT28D0,trường học,Trường Tiểu học Trần Quốc Toản,158.0,,
JT28D0,trường học,Trường Tiểu học - Trung học cơ sở Khai Nguyên - Cơ sở Quận Tân Bình,493.0,,
JT28D0,trường học,Trường Tiểu học Nguyễn Khuyến,493.0,,
JT28D0,bệnh viện,Bệnh Viện Đa Khoa Mỹ Đức,717.0,,
JT28D0,bệnh viện,Bệnh viện Đa khoa Tân Phú,1100.0,,
JT28D0,bệnh viện,Bệnh viện Thống Nhất,1200.0,,
JT28D0,công viên,Công viên Bàu Cát 3,179.0,,
JT28D0,công viên,Công viên Nhà thi đấu Tân Bình,1200.0,,
JT28D0,công viên,Công viên Tân Phú,1400.0,,
JT28D0,siêu thị,Siêu thị GO! Âu Cơ,557.0,,
JT28D0,siêu thị,Phụ Kiện Bida Minh Điền,1600.0,,
JT28D0,siêu thị,WinMart,1700.0,,
JT28D0,trung tâm thương mại,Bách hóa tổng hợp,1200.0,,
JT28D0,trung tâm thương mại,LOTTE Mart Cộng Hòa,1400.0,,
JT28D0,trung tâm thương mại,Pico Plaza,1400.0,,
1UDGJ6,chợ,Chợ Tân Hương,934.0,,
1UDGJ6,chợ,Chợ Sơn Kỳ,1200.0,,
1UDGJ6,chợ,Chợ Bình Long,1600.0,,
1UDGJ6,trường học,Trường Trung học cơ sở&Trung học phổ thông Khai Minh,404.0,,
1UDGJ6,trường học,Trường Tiểu học Tân Thới,475.0,,
1UDGJ6,trường học,Trường Tiểu học Tân Hương,601.0,,
1UDGJ6,bệnh viện,Yoga trị liệu l Ci Yoga Therapy CN Celadon,1000.0,,
1UDGJ6,bệnh viện,Trạm Y Tế phường Bình Hưng Hòa,1400.0,,
1UDGJ6,công viên,Công viên Sơn Kỳ,1300.0,,
1UDGJ6,công viên,Công viên Gia Phú,1500.0,,
1UDGJ6,siêu thị,Chả cua Huế,182.0,,
1UDGJ6,siêu thị,Shop Vinafood,194.0,,
1UDGJ6,siêu thị,Bách Hóa Xanh,986.0,,
1UDGJ6,trung tâm thương mại,Nhà đậu xe Aeon Mall Tân Phú Celadon;Commercial_AEONMallTanPhu Storie 4,584.0,,
1UDGJ6,trung tâm thương mại,Cửa Hàng Thực Phẩm Tiện Lợi Satra Food,1800.0,,
1UDGJ6,trung tâm thương mại,Cửa Hàng Gạo Hạt Ngọc Trời,1900.0,,
KFPESC,chợ,Chợ Phú Hữu,1400.0,,
KFPESC,chợ,Chợ Cây Xoài,1900.0,,
KFPESC,trường học,Trường tiểu học Nguyễn Văn Trỗi,156.0,,
KFPESC,trường học,Trường Trung học cơ sở Nguyễn Văn Trỗi,500.0,,
KFPESC,trường học,Trường Tiểu học Bình Trưng Đông,524.0,,
KFPESC,bệnh viện,Trạm Y tế phường Bình Trưng Đông,573.0,,
KFPESC,bệnh viện,Bệnh viện Lê Văn Thịnh,1400.0,,
KFPESC,công viên,Công viên Đông Thủ Thiêm,82.0,,
KFPESC,công viên,Công viên Mười Mẫu,357.0,,
KFPESC,công viên,Parc Spring,597.0,,
KFPESC,trung tâm thương mại,Vincom Quận 2,1300.0,,
KFWRBC,chợ,Chợ Hòa Hưng,708.0,,
KFWRBC,chợ,Chợ Nghĩa Hòa,722.0,,
KFWRBC,chợ,Chợ thuốc Quận 10,754.0,,
KFWRBC,trường học,Trường Tiểu Học Bình Giã,259.0,,
KFWRBC,trường học,Trường Trung học cơ sở Mạc Đĩnh Chi,373.0,,
KFWRBC,trường học,Trường Tiểu học Phạm Ngọc Thạch,399.0,,
KFWRBC,bệnh viện,Bệnh Viện Sài Gòn ITO,886.0,,
KFWRBC,bệnh viện,Bệnh viện Quận 10,1200.0,,
KFWRBC,bệnh viện,Viện Y Dược học Dân tộc,1300.0,,
KFWRBC,công viên,Công viên Chung cư Lê Thị Riêng,491.0,,
KFWRBC,công viên,Công viên Nhà thi đấu Tân Bình,1600.0,,
KFWRBC,công viên,Khu du lịch Kỳ Hòa,1700.0,,
KFWRBC,siêu thị,B's mart,528.0,,
KFWRBC,siêu thị,Bách Hóa Xanh,958.0,,
KFWRBC,siêu thị,Go! Miền Đông,965.0,,
KFWRBC,trung tâm thương mại,Vạn Hạnh Mall,1900.0,,
SBRF85,chợ,Chợ Kiến Đức 2,779.0,,
SBRF85,chợ,Chợ Bình Trị Đông B,1200.0,,
SBRF85,chợ,Chợ An Lạc,1400.0,,
SBRF85,trường học,Trường Trung học phổ thông An Lạc,115.0,,
SBRF85,trường học,Trường Trung học cơ sở Lê Tấn Bê,435.0,,
SBRF85,trường học,Trường Tiểu học An Lạc 1,436.0,,
SBRF85,bệnh viện,Nhà Thuốc Tây Quàng Hòa,1000.0,,
SBRF85,bệnh viện,Bệnh viện Triều An,1000.0,,
SBRF85,bệnh viện,CI Hospital,1200.0,,
SBRF85,công viên,Công viên Chung cư Lý Chiêu Hoàng,883.0,,
SBRF85,siêu thị,WinMart,318.0,,
SBRF85,siêu thị,Siêu Thị 7Map,1100.0,,
SBRF85,trung tâm thương mại,ÆON MALL Bình Tân,1300.0,,
JNM850,chợ,Chợ Phước Bình,1100.0,,
JNM850,chợ,Chợ Phước Long B,1400.0,,
JNM850,trường học,Trường Tiểu học Phước Long A,577.0,,
JNM850,trường học,Trường Trung học cơ sở Đặng Tấn Tài,621.0,,
JNM850,trường học,Trường Tư thục Ngô Thời Nhiệm,675.0,,
JNM850,bệnh viện,Trạm y tế Phước Bình,1200.0,,
JNM850,công viên,Đài Tưởng niệm Liệt sĩ Cầu Rạch Chiếc,966.0,,
JNM850,công viên,KDC Him Lam - Sân chơi,1800.0,,
JNM850,siêu thị,Cửa Hàng Thú Cưng Haru,1300.0,,
JNM850,siêu thị,Trung Tâm Thương Mại,1800.0,,
JNM850,trung tâm thương mại,tiến đạt,1300.0,,
JNM850,trung tâm thương mại,Tạp Hóa An nhiên,1500.0,,
D4DRZH,chợ,Chợ Sơn Kỳ,646.0,,
D4DRZH,chợ,Chợ Tân Hương,1300.0,,
D4DRZH,chợ,Chợ Võ Thành Trang,1300.0,,
D4DRZH,trường học,Trường Trung học cơ sở Đặng Trần Côn,218.0,,
D4DRZH,trường học,Trường Đại Học CNTT Gia Định,303.0,,
D4DRZH,trường học,Trường Trung học phổ thông Tân Bình,368.0,,
D4DRZH,bệnh viện,Yoga trị liệu l Ci Yoga Therapy CN Celadon,1300.0,,
D4DRZH,bệnh viện,Bệnh Viện Đa Khoa Mỹ Đức,1700.0,,
D4DRZH,công viên,Công viên Sơn Kỳ,1800.0,,
D4DRZH,công viên,Công viên Bàu Cát 3,1900.0,,
D4DRZH,siêu thị,Cửa Hàng 137FoodMart,287.0,,
D4DRZH,siêu thị,Cửa Hàng Cung Cấp Đồ Hóa Trang Hoa Chí Tín,624.0,,
D4DRZH,siêu thị,Shop Vinafood,952.0,,
D4DRZH,trung tâm thương mại,Nhà đậu xe Aeon Mall Tân Phú Celadon;Commercial_AEONMallTanPhu Storie 4,970.0,,
5K3RN7,chợ,Chợ Tân Mỹ,966.0,,
5K3RN7,chợ,Chợ Tân Quy,1700.0,,
5K3RN7,chợ,Chợ Tân Kiểng 2,1900.0,,
5K3RN7,trường học,Trường Mầm non Ngôi Sao Tuổi Thơ - Tiểu học - Trung học cơ sở - Trung học phổ thông Hoàng Gia,270.0,,
5K3RN7,trường học,Trường Tiểu học Vỗ Thị Sáu,377.0,,
5K3RN7,trường học,Trường Mầm non Chuyện Nhỏ,658.0,,
5K3RN7,bệnh viện,Phòng Khám Dr Vein,564.0,,
5K3RN7,bệnh viện,Phòng khám bác sĩ Hồ Cao Vũ,565.0,,
5K3RN7,bệnh viện,Bệnh viện Pháp Việt,639.0,,
5K3RN7,công viên,Công viên Wonderland,159.0,,
5K3RN7,công viên,Crescent Mall Park,611.0,,
5K3RN7,công viên,Công viên Hồ Bán Nguyệt,677.0,,
5K3RN7,siêu thị,Siêu thị Finelife Urban Hill,257.0,,
5K3RN7,siêu thị,Siêu Thị K-Market,559.0,,
5K3RN7,siêu thị,K-Market,655.0,,
5K3RN7,trung tâm thương mại,Crescent Mall,683.0,,
5K3RN7,trung tâm thương mại,SC VivoCity,988.0,,
5K3RN7,trung tâm thương mại,Parkson,1000.0,,
AB8E6Y,chợ,Chợ Phú Xuân,1200.0,,
AB8E6Y,chợ,Chợ Phú Thuận,1600.0,,
AB8E6Y,trường học,Trường Trung học phổ thông Ngô Quyền,353.0,,
AB8E6Y,trường học,Trường Trung học cơ sở Hoàng Quốc Việt,749.0,,
AB8E6Y,trường học,Trường Tiểu Học Lê Văn Tám,979.0,,
AB8E6Y,bệnh viện,Nhà Thuốc Thái Thanh,1500.0,,
AB8E6Y,công viên,Trung Tâm Văn Hóa Quận 7,328.0,,
AB8E6Y,công viên,Công viên Nam Thông 3,1000.0,,
AB8E6Y,công viên,Công viên Cảnh Viên,1000.0,,
AB8E6Y,siêu thị,Co.opmart Huỳnh Tấn Phát,405.0,,
87RV83,chợ,Chợ Sơn Kỳ,640.0,,
87RV83,chợ,Chợ Tân Hương,1300.0,,
87RV83,chợ,Chợ Võ Thành Trang,1300.0,,
87RV83,trường học,Trường Trung học cơ sở Đặng Trần Côn,211.0,,
87RV83,trường học,Trường Đại Học CNTT Gia Định,316.0,,
87RV83,trường học,Trường Trung học phổ thông Tân Bình,374.0,,
87RV83,bệnh viện,Yoga trị liệu l Ci Yoga Therapy CN Celadon,1300.0,,
87RV83,bệnh viện,Bệnh Viện Đa Khoa Mỹ Đức,1700.0,,
87RV83,công viên,Công viên Sơn Kỳ,1800.0,,
87RV83,công viên,Công viên Bàu Cát 3,1900.0,,
87RV83,siêu thị,Cửa Hàng 137FoodMart,289.0,,
87RV83,siêu thị,Cửa Hàng Cung Cấp Đồ Hóa Trang Hoa Chí Tín,624.0,,
87RV83,siêu thị,Shop Vinafood,938.0,,
87RV83,trung tâm thương mại,Nhà đậu xe Aeon Mall Tân Phú Celadon;Commercial_AEONMallTanPhu Storie 4,957.0,,
3AFM4Q,chợ,Chợ đầu mối Thủ Đức,389.0,,
3AFM4Q,chợ,Chợ Tam Bình,1100.0,,
3AFM4Q,chợ,Chợ Hiệp Bình Phước,1200.0,,
3AFM4Q,trường học,Trường Tiểu học Nguyễn Văn Tây,510.0,,
3AFM4Q,trường học,Trường Trung học cơ sở Bình Chiểu,869.0,,
3AFM4Q,trường học,Trường Tiểu học Bình Chiểu,1000.0,,
3AFM4Q,bệnh viện,Bệnh viện Quốc tế Hạnh Phúc,1400.0,,
3AFM4Q,công viên,Công Viên Chung cư Sunview Town,808.0,,
3AFM4Q,siêu thị,Coopmart Tam Bình,1300.0,,
3AFM4Q,trung tâm thương mại,Cửa Hàng Sữa Tường Vi,961.0,,
3AFM4Q,trung tâm thương mại,Shop Lam Anh,1100.0,,
3AFM4Q,trung tâm thương mại,Tạp Hóa Tuấn Đức,1600.0,,
W0DTWR,chợ,Chợ Cầu,426.0,,
W0DTWR,chợ,Chợ An Hội,997.0,,
W0DTWR,chợ,Chợ An Sương,1600.0,,
W0DTWR,trường học,Trường Trung học phổ thông Thăng Long,141.0,,
W0DTWR,trường học,Trường Tiểu Học Hướng Dương,334.0,,
W0DTWR,trường học,AVSE,393.0,,
W0DTWR,bệnh viện,Bệnh viện Đa khoa Trung Mỹ Tây,2000.0,,
W0DTWR,công viên,Công viên Phần mềm Quang Trung,1400.0,,
W0DTWR,công viên,Isuzu sidewalk park,1400.0,,
W0DTWR,siêu thị,Emart Phan Huy Ích,246.0,,
W0DTWR,siêu thị,Co-opmart Liên Hiệp Thành phố Hồ Chí Minh,890.0,,
W0DTWR,siêu thị,WinMart,2000.0,,
W0DTWR,trung tâm thương mại,Nhà Phân Phối Diana Unicharm,1800.0,,
EW5SX4,chợ,Chợ Phú Lâm,164.0,,
EW5SX4,chợ,Chợ Phú Định,777.0,,
EW5SX4,chợ,Chợ Tân Hòa Đông,812.0,,
EW5SX4,trường học,Trường Tiểu học Phú Lâm,170.0,,
EW5SX4,trường học,Trường Tiểu học Đặng Nguyên Cẩn,209.0,,
EW5SX4,trường học,Trường Trung học phổ thông tư thục Phú Lâm,216.0,,
EW5SX4,bệnh viện,Bệnh viện Đa khoa Bình Phú,979.0,,
EW5SX4,bệnh viện,Bệnh viện Đa khoa Lãnh Binh Thăng,1800.0,,
EW5SX4,công viên,Công viên Bãi Cát,548.0,,
EW5SX4,công viên,Lương Thế Vinh,1100.0,,
EW5SX4,công viên,Công viên Phú Lâm,1200.0,,
EW5SX4,siêu thị,Co.opMart Phú Lâm,119.0,,
EW5SX4,siêu thị,Satra Foods,574.0,,
EW5SX4,siêu thị,Co.op Food,595.0,,
EW5SX4,trung tâm thương mại,Nhi,1300.0,,
EW5SX4,trung tâm thương mại,Phú lâm,1700.0,,
EW5SX4,trung tâm thương mại,Thiên,1800.0,,
5CVET7,chợ,Chợ Cây Da Sà,498.0,,
5CVET7,chợ,Chợ Kiến Đức,709.0,,
5CVET7,chợ,Chợ An Lạc,1100.0,,
5CVET7,trường học,Trường Tiểu học An Lạc 2,213.0,,
5CVET7,trường học,Trường Tiểu học Bùi Hữu Nghĩa,338.0,,
5CVET7,trường học,Trường Tiểu Học Bình Trị 2,463.0,,
5CVET7,bệnh viện,Bệnh Viện Quốc Tế Minh Anh,793.0,,
5CVET7,bệnh viện,Bệnh viện Triều An,1400.0,,
5CVET7,bệnh viện,Bệnh viện Quốc tế Thành Đô,1700.0,,
5CVET7,công viên,Công viên Da Sà,368.0,,
5CVET7,công viên,Công viên Phú Lâm,659.0,,
5CVET7,công viên,Công viên Đường số 25,810.0,,
5CVET7,siêu thị,Kingfoodmart,176.0,,
5CVET7,siêu thị,Đào Nguyên,305.0,,
5CVET7,siêu thị,Siêu thị Co.opmart Bình Tân,770.0,,
5CVET7,trung tâm thương mại,Nhi,1300.0,,
5CVET7,trung tâm thương mại,ÆON MALL Bình Tân,1400.0,,
5CVET7,trung tâm thương mại,Thiên,1900.0,,
QDK7HU,chợ,Chợ Tân Mỹ,913.0,,
QDK7HU,chợ,Chợ Tân Quy,1800.0,,
QDK7HU,chợ,Chợ Tân Kiểng 2,1900.0,,
QDK7HU,trường học,Trường Mầm non Ngôi Sao Tuổi Thơ - Tiểu học - Trung học cơ sở - Trung học phổ thông Hoàng Gia,333.0,,
QDK7HU,trường học,Trường Tiểu học Vỗ Thị Sáu,429.0,,
QDK7HU,trường học,Trường Mầm non Chuyện Nhỏ,657.0,,
QDK7HU,bệnh viện,Bệnh viện Pháp Việt,564.0,,
QDK7HU,bệnh viện,Bệnh viện Tim Tâm Đức,625.0,,
QDK7HU,bệnh viện,Phòng Khám Dr Vein,636.0,,
QDK7HU,công viên,Công viên Wonderland,243.0,,
QDK7HU,công viên,Crescent Mall Park,526.0,,
QDK7HU,công viên,Công viên Hồ Bán Nguyệt,616.0,,
QDK7HU,siêu thị,Siêu thị Finelife Urban Hill,286.0,,
QDK7HU,siêu thị,AEON Nguyễn Văn Linh,594.0,,
QDK7HU,siêu thị,Siêu Thị K-Market,621.0,,
QDK7HU,trung tâm thương mại,Crescent Mall,597.0,,
QDK7HU,trung tâm thương mại,Parkson,943.0,,
QDK7HU,trung tâm thương mại,SC VivoCity,1100.0,,
5YBPE7,chợ,Chợ Lạc Quang,1200.0,,
5YBPE7,chợ,Chợ Tân Trụ,1300.0,,
5YBPE7,trường học,Trường Tiểu học Lý Tự Trọng,111.0,,
5YBPE7,trường học,Trường Trung học cơ sở Hà Huy Tập,121.0,,
5YBPE7,trường học,Trường Tiểu học Phan Huy Ích,507.0,,
5YBPE7,bệnh viện,Bệnh viện Đa khoa Tâm Trí Sài Gòn,775.0,,
5YBPE7,công viên,CÔNG VIÊN 8XLUS,759.0,,
5YBPE7,công viên,Công viên Nguyễn Sỹ Sách,1300.0,,
5YBPE7,công viên,Công viên Thuận Kiều,1500.0,,
5YBPE7,siêu thị,WinMart,113.0,,
5YBPE7,siêu thị,Siêu Thị Tiện Lợi Citi Mart,444.0,,
5YBPE7,siêu thị,FamilyMart,718.0,,
7965A8,chợ,Chợ Cây Điệp,1500.0,,
7965A8,chợ,Chợ Bình Triệu,1500.0,,
7965A8,trường học,Trường Trung học cơ sở Rạng Đông,432.0,,
7965A8,trường học,Trường Trung học phổ thông Thanh Đa,504.0,,
7965A8,trường học,Trường Tiểu học Bình Hòa,534.0,,
7965A8,công viên,Công viên trung tâm HCA,871.0,,
7965A8,công viên,Công viên Tầm Vu,1000.0,,
7965A8,công viên,Công viên bờ sông Thanh Đa,1100.0,,
7965A8,siêu thị,Siêu Thị Mini Bình Minh,342.0,,
7965A8,siêu thị,Siêu Thị Bình Hòa,906.0,,
7965A8,siêu thị,WinMart,946.0,,
7965A8,trung tâm thương mại,Gigamall Thủ Đức,1900.0,,
7965A8,trung tâm thương mại,Trung Tâm Thương Mại Vincom Plaza Gò Vấp,2000.0,,
7965A8,trung tâm thương mại,Giga Mall Phạm Văn Đồng,2000.0,,
AK08MY,trường học,Trường Tiểu học Long Thạnh Mỹ,710.0,,
AK08MY,trường học,Trường Trung học phổ thông Nguyễn Huệ,1400.0,,
AK08MY,trường học,Trường Trung học cơ sở Hưng Bình,1500.0,,
AK08MY,bệnh viện,Kyo,1400.0,,
AK08MY,công viên,Công viên nội khu S2,425.0,,
AK08MY,công viên,Công viên Chloe Demure,860.0,,
AK08MY,công viên,Công viên Cầu Vồng,1100.0,,
AK08MY,siêu thị,King Food Mart - S10.02 Vinhomes Grand Park,1400.0,,
AK08MY,siêu thị,HiepDoanShop,1400.0,,
AK08MY,trung tâm thương mại,Phố Thương Mại,1300.0,,
AK08MY,trung tâm thương mại,Vincom Mega Mall,1700.0,,
EWVCK4,chợ,Chợ Ba Đình,520.0,,
EWVCK4,chợ,Chợ Xã Tây,585.0,,
EWVCK4,chợ,Chợ An Đông,721.0,,
EWVCK4,trường học,Trường Tiểu học Lý Cảnh Hớn,366.0,,
EWVCK4,trường học,Trường Tiểu học Huỳnh Kiến Hoa,393.0,,
EWVCK4,trường học,Trường Tiểu học Thái Hưng (cơ sở 2),515.0,,
EWVCK4,bệnh viện,Trung tâm Y tế Khu vực Chợ Lớn (Cơ sở 2),177.0,,
EWVCK4,bệnh viện,Bệnh viện Y học Cổ truyền Thành phố Hồ Chí Minh (Cơ sở 2),280.0,,
EWVCK4,bệnh viện,Trạm Y tế phường Chợ Lớn,296.0,,
EWVCK4,công viên,Công viên Võ Văn Kiệt,255.0,,
EWVCK4,công viên,Công viên Văn Lang,415.0,,
EWVCK4,công viên,Công viên Dạ Trạch,443.0,,
EWVCK4,siêu thị,Siêu thị Điện máy Chợ Lớn,421.0,,
EWVCK4,siêu thị,Cửa Hàng Mua Sắm Citimart,710.0,,
EWVCK4,siêu thị,Siêu Thị Mela,770.0,,
EWVCK4,trung tâm thương mại,Parkson Hùng Vương,662.0,,
EWVCK4,trung tâm thương mại,Trung tâm Thương Mại An Đông Plaza,767.0,,
EWVCK4,trung tâm thương mại,Tạp Hóa 305,1000.0,,
4P2J9F,chợ,Chợ Tân Mỹ,612.0,,
4P2J9F,chợ,Chợ Tân Quy,1800.0,,
4P2J9F,chợ,Chợ Cư xá Ngân hàng,1800.0,,
4P2J9F,trường học,Trường Tiểu học Đinh Bộ Lĩnh,528.0,,
4P2J9F,trường học,Trường Mầm non Ngôi Sao Tuổi Thơ - Tiểu học - Trung học cơ sở - Trung học phổ thông Hoàng Gia,558.0,,
4P2J9F,trường học,Trường Tiểu học Vỗ Thị Sáu,596.0,,
4P2J9F,bệnh viện,Bệnh viện Pháp Việt,218.0,,
4P2J9F,bệnh viện,Bệnh viện Tim Tâm Đức,294.0,,
4P2J9F,bệnh viện,Bệnh viện Phương Nam,350.0,,
4P2J9F,công viên,Crescent Mall Park,377.0,,
4P2J9F,công viên,Công viên Wonderland,552.0,,
4P2J9F,công viên,Công viên Hồ Bán Nguyệt,649.0,,
4P2J9F,siêu thị,AEON Nguyễn Văn Linh,430.0,,
4P2J9F,siêu thị,Siêu thị Finelife Urban Hill,610.0,,
4P2J9F,siêu thị,Siêu Thị K-Market,964.0,,
4P2J9F,trung tâm thương mại,Crescent Mall,408.0,,
4P2J9F,trung tâm thương mại,Parkson,670.0,,
4P2J9F,trung tâm thương mại,SC VivoCity,1400.0,,
65K6F8,chợ,Chợ Phạm Thế Hiển,320.0,,
65K6F8,chợ,Chợ Ba Đình,947.0,,
65K6F8,chợ,Chợ Hòa Bình,1200.0,,
65K6F8,trường học,Trung Tâm Giáo dục nghề nghiệp - Giáo dục thường xuyên Quận 8,271.0,,
65K6F8,trường học,Trường Tiểu học Thái Hưng,354.0,,
65K6F8,trường học,Trường Trung học phổ thông Lương Văn Can,371.0,,
65K6F8,bệnh viện,Bệnh viện Đa khoa Chánh Hưng,398.0,,
65K6F8,bệnh viện,Bệnh viện Ngọc Phú,442.0,,
65K6F8,bệnh viện,Trạm y tế phường 9 quận 8,638.0,,
65K6F8,công viên,Công viên Tạ Quang Bữu,549.0,,
65K6F8,công viên,Công Viên Dương 4,591.0,,
65K6F8,công viên,Cong Vien Duong 4,596.0,,
65K6F8,siêu thị,Cửa Hàng Zakka Nautrals - Tạ Quang Bửu,564.0,,
65K6F8,siêu thị,AEON Tạ Quang Bửu,592.0,,
65K6F8,siêu thị,Siêu thị Satra Mart - Phạm Hùng,812.0,,
65K6F8,trung tâm thương mại,Parc Mall,673.0,,
65K6F8,trung tâm thương mại,Centre Mall Phạm Hùng,845.0,,
65K6F8,trung tâm thương mại,Tạp Hóa 305,977.0,,
C415FB,chợ,Chợ Bà Hoa,479.0,,
C415FB,chợ,Chợ Tân Bình,699.0,,
C415FB,chợ,Chợ Bàu Cát,710.0,,
C415FB,trường học,Trường Trung học cơ sở Võ Văn Tần - CS1,224.0,,
C415FB,trường học,Trươờng Tiểu học Lê Thị Hồng Gấm,389.0,,
C415FB,trường học,Trường Tiểu học Lạc Long Quân,420.0,,
C415FB,bệnh viện,Bệnh viện Đa khoa Tân Phú,698.0,,
C415FB,bệnh viện,Bệnh viện 1A,747.0,,
C415FB,bệnh viện,Bệnh viện Thống Nhất,802.0,,
C415FB,công viên,Công viên Bàu Cát 3,937.0,,
C415FB,công viên,Công viên Nhà thi đấu Tân Bình,1100.0,,
C415FB,công viên,Công viên Tân Phú,1200.0,,
C415FB,siêu thị,Siêu thị GO! Âu Cơ,832.0,,
C415FB,siêu thị,WinMart,1100.0,,
C415FB,siêu thị,USAMua - Mua Hàng Mỹ,1700.0,,
C415FB,trung tâm thương mại,Bách hóa tổng hợp,415.0,,
C415FB,trung tâm thương mại,Pico Plaza,1600.0,,
C415FB,trung tâm thương mại,LOTTE Mart Cộng Hòa,1600.0,,
5Y2JQ7,chợ,Chợ Trần Hữu Trang,402.0,,
5Y2JQ7,chợ,Chợ Phạm Văn Hai,567.0,,
5Y2JQ7,chợ,Chợ Nghĩa Hòa,1200.0,,
5Y2JQ7,trường học,Trường Trung học phổ thông Hàn Thuyên,200.0,,
5Y2JQ7,trường học,Trường Tiểu học Đặng Văn Ngữ,236.0,,
5Y2JQ7,trường học,Trường Trung học cơ sở&Trung học phổ thông Đăng Khoa,244.0,,
5Y2JQ7,bệnh viện,Bệnh Viện Sài Gòn ITO,127.0,,
5Y2JQ7,bệnh viện,Viện Y Dược học Dân tộc,480.0,,
5Y2JQ7,bệnh viện,Bệnh viện Đa khoa Phú Nhuận,601.0,,
5Y2JQ7,công viên,Công viên Hoàng Văn Thụ,1000.0,,
5Y2JQ7,công viên,Công viên Chung cư Lê Thị Riêng,1300.0,,
5Y2JQ7,công viên,Công viên Nhà thi đấu Tân Bình,1500.0,,
5Y2JQ7,siêu thị,B's mart,297.0,,
5Y2JQ7,siêu thị,Ministop,450.0,,
5Y2JQ7,siêu thị,Bách Hóa Xanh,471.0,,
5Y2JQ7,trung tâm thương mại,Pico Plaza,1800.0,,
5Y2JQ7,trung tâm thương mại,LOTTE Mart Cộng Hòa,1800.0,,
PVEFHG,chợ,Chợ Thạnh Mỹ Lợi,991.0,,
PVEFHG,chợ,Chợ Cây Xoài,994.0,,
PVEFHG,chợ,Co.op Mart,1200.0,,
PVEFHG,trường học,Trường Mầm Non Hoa Sen,97.0,,
PVEFHG,trường học,Trường Tiểu học Lương Thế Vinh,493.0,,
PVEFHG,trường học,Pathway Academy - Cơ sở Thạnh Mỹ Lợi,694.0,,
PVEFHG,bệnh viện,Bệnh viện Lê Văn Thịnh,1600.0,,
PVEFHG,công viên,Công viên ao Sen,682.0,,
PVEFHG,công viên,Công viên Căn hộ Thủ Thiêm Dragon,914.0,,
PVEFHG,công viên,Công viên Hà Đô,1300.0,,
PVEFHG,siêu thị,Annam Gourmet,935.0,,
PVEFHG,siêu thị,WinMart,1200.0,,
PVEFHG,siêu thị,SatraFoods,1400.0,,
WPAXGR,chợ,Chợ An Nhơn,989.0,,
WPAXGR,chợ,Chợ Hạnh Thông Tây,1200.0,,
WPAXGR,chợ,Chợ Xóm Mới,1600.0,,
WPAXGR,trường học,Trường Tiểu học Nguyễn Thị Minh Khai,776.0,,
WPAXGR,trường học,Trường Trung học cơ sở Thông Tây Hội (cơ sở 2),811.0,,
WPAXGR,trường học,Trường Trung học cơ sở - Trung học phổ thông Bán Trú Nội Trú Hồng Hà - Cơ Sở 4,912.0,,
WPAXGR,bệnh viện,Bệnh viện Đa khoa Gò Vấp,895.0,,
WPAXGR,bệnh viện,Phòng Khám Đa Khoa Hữu Nghị,1600.0,,
WPAXGR,công viên,Công viên Hòa Bình,68.0,,
WPAXGR,công viên,Mercedes Sidewalk park,1500.0,,
WPAXGR,công viên,Công viên Làng Hoa Gò Vấp,1500.0,,
WPAXGR,siêu thị,WinMart,296.0,,
WPAXGR,siêu thị,Co.opmart Phan Văn Trị,1600.0,,
WPAXGR,trung tâm thương mại,Lotte Department Store,247.0,,
WPAXGR,trung tâm thương mại,Vincom Plaza Quang Trung,873.0,,
WPAXGR,trung tâm thương mại,Saigon Mall Gò Vấp,997.0,,
DCXF3H,chợ,Chợ Hòa Bình,395.0,,
DCXF3H,chợ,Chợ An Đông,597.0,,
DCXF3H,chợ,Chợ Ba Đình,671.0,,
DCXF3H,trường học,Trường Tiểu học Huỳnh Kiến Hoa,216.0,,
DCXF3H,trường học,Trường Trung học cơ sở Kim Đồng,349.0,,
DCXF3H,trường học,Trường Tiểu học Huỳnh Mẫn Đạt,489.0,,
DCXF3H,bệnh viện,Bệnh viện An Bình,154.0,,
DCXF3H,bệnh viện,Bệnh viện Nguyễn Tri Phương,364.0,,
DCXF3H,bệnh viện,Bệnh viện Quân y 7A,402.0,,
DCXF3H,công viên,Công viên Võ Văn Kiệt,457.0,,
DCXF3H,công viên,Công viên 310A Hưng Phú,595.0,,
DCXF3H,công viên,Công viên Văn Lang,669.0,,
DCXF3H,siêu thị,Siêu Thị Mela,571.0,,
DCXF3H,siêu thị,Circle k,602.0,,
DCXF3H,siêu thị,Familymart,714.0,,
DCXF3H,trung tâm thương mại,Trung tâm Thương Mại An Đông Plaza,551.0,,
DCXF3H,trung tâm thương mại,Parkson Hùng Vương,1100.0,,
DCXF3H,trung tâm thương mại,Tạp Hóa 305,1300.0,,
5Y92Y7,chợ,Chợ Bàu Cát,238.0,,
5Y92Y7,chợ,Chợ Bà Hoa,597.0,,
5Y92Y7,chợ,Chợ Hoàng Hoa Thám,710.0,,
5Y92Y7,trường học,Trường Tiểu học Trần Quốc Toản,210.0,,
5Y92Y7,trường học,Trường Tiểu học - Trung học cơ sở Khai Nguyên - Cơ sở Quận Tân Bình,471.0,,
5Y92Y7,trường học,Trường Tiểu học chuyên biệt Bình Minh,548.0,,
5Y92Y7,bệnh viện,Bệnh Viện Đa Khoa Mỹ Đức,698.0,,
5Y92Y7,bệnh viện,Bệnh viện Đa khoa Tân Phú,1100.0,,
5Y92Y7,bệnh viện,Bệnh viện Thống Nhất,1200.0,,
5Y92Y7,công viên,Công viên Bàu Cát 3,122.0,,
5Y92Y7,công viên,Công viên Nhà thi đấu Tân Bình,1300.0,,
5Y92Y7,công viên,Công viên Tân Phú,1300.0,,
5Y92Y7,siêu thị,Siêu thị GO! Âu Cơ,532.0,,
5Y92Y7,siêu thị,Phụ Kiện Bida Minh Điền,1600.0,,
5Y92Y7,siêu thị,Cửa Hàng Cung Cấp Đồ Hóa Trang Hoa Chí Tín,1700.0,,
5Y92Y7,trung tâm thương mại,Bách hóa tổng hợp,1200.0,,
5Y92Y7,trung tâm thương mại,LOTTE Mart Cộng Hòa,1400.0,,
5Y92Y7,trung tâm thương mại,Pico Plaza,1400.0,,
7DV7HA,trường học,Trường liên cấp VinSchool,539.0,,
7DV7HA,trường học,Trường liên cấp Vin School Cơ sở 2,777.0,,
7DV7HA,trường học,Trường Trung học phổ thông Nguyễn Văn Tăng,1100.0,,
7DV7HA,công viên,Hồ Sen Súng,296.0,,
7DV7HA,công viên,Công viên Cầu Vồng,422.0,,
7DV7HA,công viên,Công viên Ánh sáng,554.0,,
7DV7HA,siêu thị,King Food Mart - S10.02 Vinhomes Grand Park,418.0,,
7DV7HA,siêu thị,HiepDoanShop,422.0,,
7DV7HA,trung tâm thương mại,Vincom Mega Mall,175.0,,
7DV7HA,trung tâm thương mại,Phố Thương Mại,492.0,,
QT0FUQ,chợ,Chợ Cầu Dừa,340.0,,
QT0FUQ,chợ,Chợ Cô Giang,563.0,,
QT0FUQ,chợ,Chợ Nancy,719.0,,
QT0FUQ,trường học,Trường Tiểu học Chương Dương,76.0,,
QT0FUQ,trường học,Trường Tiểu học Đoàn Thị Điểm,310.0,,
QT0FUQ,trường học,Trung Tâm Giáo Dục Trẻ Khuyết Tật Quận 4,371.0,,
QT0FUQ,bệnh viện,Bệnh viện Răng Hàm Mặt Thành phố Hồ Chí Minh,531.0,,
QT0FUQ,bệnh viện,Bệnh Viện Thẩm Mỹ Siam Thailand,710.0,,
QT0FUQ,bệnh viện,Bệnh viện Quận 1 (cơ sở 2),735.0,,
QT0FUQ,công viên,Công viên Khánh Hội,606.0,,
QT0FUQ,công viên,Công viên Cầu Rạch Ông,798.0,,
QT0FUQ,công viên,Công viên Phường 5,856.0,,
QT0FUQ,siêu thị,Siêu Thị Tiện Lợi US,395.0,,
QT0FUQ,siêu thị,Ngoc hue,422.0,,
QT0FUQ,siêu thị,Co.op Food - Nguyễn Khoái,438.0,,
QT0FUQ,trung tâm thương mại,Tạp Hóa Quỳnh Loan,115.0,,
QT0FUQ,trung tâm thương mại,Tạp Hóa Trương Thịnh,229.0,,
QT0FUQ,trung tâm thương mại,Trung Tâm Mua Sắm Russian,500.0,,
SY3GW5,chợ,Seafood mini-market,225.0,,
SY3GW5,chợ,Chợ Thị Nghè,321.0,,
SY3GW5,chợ,Chợ Đa Kao,1400.0,,
SY3GW5,trường học,Trường Tiểu học Thạnh Mỹ Tây,103.0,,
SY3GW5,trường học,Trường Tiểu Học Phù Đổng,416.0,,
SY3GW5,trường học,Vinschool Golden River,483.0,,
SY3GW5,bệnh viện,Bệnh viện Nhi đồng 2,1000.0,,
SY3GW5,bệnh viện,Bệnh viện Đa khoa Bình Thạnh,1600.0,,
SY3GW5,bệnh viện,Columbia Asia Saigon,1700.0,,
SY3GW5,công viên,Thảo Cầm Viên Sài Gòn,216.0,,
SY3GW5,công viên,Common area Aqua 2,438.0,,
SY3GW5,công viên,Chung cư City Garden,621.0,,
SY3GW5,siêu thị,Cửa hàng Bách hóa Basao Grocery,290.0,,
SY3GW5,siêu thị,Nhà Sách Basao Stationery,358.0,,
SY3GW5,siêu thị,Bach hoa XANX,490.0,,
SY3GW5,trung tâm thương mại,Tiffany & Co. Vietnam,1600.0,,
SY3GW5,trung tâm thương mại,Union Square,1600.0,,
SY3GW5,trung tâm thương mại,Lucky Plaza,1700.0,,
R9FYBJ,trường học,Trường liên cấp VinSchool,718.0,,
R9FYBJ,trường học,Trường liên cấp Vin School Cơ sở 2,933.0,,
R9FYBJ,trường học,Trường Trung học phổ thông Nguyễn Văn Tăng,974.0,,
R9FYBJ,công viên,Hồ Sen Súng,492.0,,
R9FYBJ,công viên,Công viên Cầu Vồng,580.0,,
R9FYBJ,công viên,Công viên Ánh sáng,616.0,,
R9FYBJ,siêu thị,HiepDoanShop,412.0,,
R9FYBJ,siêu thị,King Food Mart - S10.02 Vinhomes Grand Park,413.0,,
R9FYBJ,trung tâm thương mại,Vincom Mega Mall,85.0,,
R9FYBJ,trung tâm thương mại,Phố Thương Mại,514.0,,
QA1R8U,chợ,Chợ An Hải Đông,358.0,,
QA1R8U,chợ,Cong Hua Xa,417.0,,
QA1R8U,chợ,Market Street,420.0,,
QA1R8U,trường học,Trường Trung học phổ thông Hoàng Hoa Thám,304.0,,
QA1R8U,trường học,Trường Trung học phổ thông chuyên Lê Quý Đôn,329.0,,
QA1R8U,trường học,Trường Trung học cơ sở Nguyễn Văn Cừ,330.0,,
QA1R8U,bệnh viện,Trung tâm Y tế quận Sơn Trà,174.0,,
QA1R8U,bệnh viện,Benh Vien Ngoai Khoa Nguyen Van Thai,367.0,,
QA1R8U,bệnh viện,Bệnh viện 199 - Bộ Công an,1000.0,,
QA1R8U,công viên,Công viên Hà Thân,1000.0,,
QA1R8U,công viên,Công Viên APEC,1300.0,,
QA1R8U,công viên,Công viên An Nhơn,1400.0,,
QA1R8U,siêu thị,K-Market,336.0,,
QA1R8U,siêu thị,Quamientrung,582.0,,
QA1R8U,siêu thị,MoonMilk,998.0,,
QA1R8U,trung tâm thương mại,minimart kidoshop,1500.0,,
QA1R8U,trung tâm thương mại,Vincom Plaza,1800.0,,
QA1R8U,trung tâm thương mại,Indochina Park Towers,1900.0,,
R2U2CJ,chợ,Chợ Mỗ Lao,346.0,,
R2U2CJ,chợ,Chợ Hà Đông,1100.0,,
R2U2CJ,chợ,Chợ Trước Cổng Trung Tâm Y Tế,1200.0,,
R2U2CJ,trường học,Trường Trung học cơ sở Văn Quán,222.0,,
R2U2CJ,trường học,Trường Tiểu học Trần Phú (cơ sở 2),322.0,,
R2U2CJ,trường học,Trường Tiểu học Nguyễn Du,415.0,,
R2U2CJ,bệnh viện,Trạm y tế Phường Vạn Phúc,1000.0,,
R2U2CJ,bệnh viện,Bệnh viện Phụ sản Hà Nội (cơ sở 3),1100.0,,
R2U2CJ,bệnh viện,Bệnh viện Tuệ Tĩnh,1100.0,,
R2U2CJ,công viên,Công viên Tổ 9 Mỗ Lao,284.0,,
R2U2CJ,công viên,Vườn hoa Văn Quán,638.0,,
R2U2CJ,công viên,Vườn hoa Nguyễn Trãi,657.0,,
R2U2CJ,siêu thị,Tops Market,143.0,,
R2U2CJ,siêu thị,Cutepets - Siêu Thị Chó Mèo,528.0,,
R2U2CJ,siêu thị,WinMart,572.0,,
R2U2CJ,trung tâm thương mại,Chị hằng,244.0,,
R2U2CJ,trung tâm thương mại,Bách Hóa Hùng Hiền,446.0,,
R2U2CJ,trung tâm thương mại,Mac Plaza,945.0,,
49UT4F,trường học,Trường Tiểu học Thị trấn Chúc Sơn B,509.0,,
49UT4F,trường học,Trường Trung học cơ sở Thị trấn Chúc Sơn,606.0,,
49UT4F,trường học,Trường Trung học cơ sở Biên Giang,809.0,,
49UT4F,bệnh viện,Bệnh viện Đa khoa Chương Mỹ,1500.0,,
49UT4F,siêu thị,Siêu Thị Lanchi Mart,372.0,,
GXFRA2,chợ,Chợ Ngọc Thụy 2,501.0,,
GXFRA2,chợ,Chợ Gia Quất,748.0,,
GXFRA2,chợ,Chợ Ngọc Thuỵ,1100.0,,
GXFRA2,trường học,Times School Khai Son Middle School,227.0,,
GXFRA2,trường học,Trường Tiểu học Gia Quất,696.0,,
GXFRA2,trường học,Trường Trung học cơ sở Ngọc Thuỵ,793.0,,
GXFRA2,công viên,Vườn hoa Thượng Thanh,439.0,,
GXFRA2,công viên,Công viên Ngọc Thụy,441.0,,
GXFRA2,công viên,Vườn hoa Gia Quất,816.0,,
GXFRA2,siêu thị,An Nam Auto,1700.0,,
GXFRA2,siêu thị,Siêu Thị Hapro,1700.0,,
GXFRA2,siêu thị,Siêu Thị Intimex,1800.0,,
D4T7MH,chợ,Chợ sinh viên,1500.0,,
D4T7MH,chợ,Chợ Trâu Quỳ,1500.0,,
D4T7MH,chợ,Viglacera Community Market,1600.0,,
D4T7MH,trường học,Trường Tiểu học Nông nghiệp,1100.0,,
D4T7MH,trường học,Trường Tiểu học Vinschool,1100.0,,
D4T7MH,trường học,Trường Tiểu học Trâu Quỳ,1100.0,,
D4T7MH,bệnh viện,area 09,590.0,,
D4T7MH,bệnh viện,Bệnh viện Đa khoa Gia Lâm,855.0,,
D4T7MH,công viên,Bien Ho Park,358.0,,
D4T7MH,công viên,kho 02,550.0,,
D4T7MH,công viên,Vườn An Viên,556.0,,
D4T7MH,siêu thị,AEON MaxValu,1200.0,,
D4T7MH,trung tâm thương mại,Quán ăn,1400.0,,
D4T7MH,trung tâm thương mại,Vincom Mega Mall Ocean Park,1500.0,,
D4T7MH,trung tâm thương mại,Tam hằng,1500.0,,
PM5DKG,chợ,Chợ Xanh Linh Đàm,1200.0,,
PM5DKG,chợ,Chợ Đại Từ,1500.0,,
PM5DKG,chợ,Chợ dân sinh HH,1900.0,,
PM5DKG,trường học,Trường Trung học phổ thông Việt Nam - Ba Lan,655.0,,
PM5DKG,trường học,Trường Tiểu học Hoàng Liệt,753.0,,
PM5DKG,trường học,Trường Tiểu học Linh Đàm,827.0,,
PM5DKG,bệnh viện,Bệnh Viện Đa Khoa Thăng Long,1300.0,,
PM5DKG,bệnh viện,Bệnh viện Nội tiết Trung ương,1400.0,,
PM5DKG,bệnh viện,Bệnh viện Đa khoa Thanh Trì,1700.0,,
PM5DKG,công viên,Vườn Tre,555.0,,
PM5DKG,công viên,Công viên KĐT Đồng Tàu,857.0,,
PM5DKG,công viên,Công viên Cổng Trường Tiểu học Thịnh Liệt,895.0,,
PM5DKG,siêu thị,Văn Khấn Cúng,1100.0,,
PM5DKG,siêu thị,Siêu thị Hằng Vui,1300.0,,
PM5DKG,siêu thị,Cửa Hàng Tiện Ích Bảo Long,1400.0,,
PM5DKG,trung tâm thương mại,Sailor Mon - LePARC,1400.0,,
PM5DKG,trung tâm thương mại,The Cup - LePARC,1400.0,,
PM5DKG,trung tâm thương mại,Tmart Đại Từ,1500.0,,
UC5YYS,chợ,Chợ Nội Hóa,743.0,,
UC5YYS,chợ,Chợ Đông Hòa,1200.0,,
UC5YYS,trường học,Trường Tiểu học Bình An,826.0,,
UC5YYS,trường học,Trung tâm Giáo dục Quốc phòng và An ninh,849.0,,
UC5YYS,trường học,Tiểu học Đông Hòa C,942.0,,
UC5YYS,công viên,Công viên tượng đài Quang Trung,659.0,,
UC5YYS,trung tâm thương mại,Hạnh Phúc,954.0,,
8YSR73,chợ,Chợ Lái Thiêu,1400.0,,
8YSR73,trường học,Trường Trung học cơ sở Nguyễn Văn Tiết,535.0,,
8YSR73,trường học,Trường Tiểu học Lái Thiêu,575.0,,
8YSR73,trường học,Trường Trung học phổ thông Nguyễn Trãi,670.0,,
8YSR73,bệnh viện,Trung tâm Y tế khu vực Thuận An,732.0,,
8YSR73,bệnh viện,Bệnh viện Đa khoa Quốc Tế Miền Đông,1300.0,,
8YSR73,công viên,Công viên Lái Thiêu,1200.0,,
8YSR73,công viên,Công viên Bờ kè Gia Long,1800.0,,
8YSR73,trung tâm thương mại,Lotte Department Store,1100.0,,
8YSR73,trung tâm thương mại,Hương hằng,1800.0,,
3HCX9Q,chợ,Chợ Thông Dụng,1300.0,,
3HCX9Q,trường học,Trường Trung học An Phú,835.0,,
3HCX9Q,trường học,Trường Tiểu học An Phú,1300.0,,
3HCX9Q,trường học,Trường Trung học cơ sở Nguyễn Văn Trỗi,1400.0,,
3HCX9Q,bệnh viện,Bệnh Viện Đa khoa An Phú,1000.0,,
3HCX9Q,công viên,Khu di tích Hố Lang,1100.0,,
3HCX9Q,công viên,Công Viên Icon Central,1600.0,,
3HCX9Q,siêu thị,GIẶT SẤY D11,1400.0,,
3HCX9Q,siêu thị,AUTOMATIC LAUNDRY D11,1400.0,,
3HCX9Q,siêu thị,Trung tâm mua sắm KDC viet-sing,1500.0,,
3HCX9Q,trung tâm thương mại,Lê hồng,1300.0,,
3HCX9Q,trung tâm thương mại,Gia hân,1400.0,,
3HCX9Q,trung tâm thương mại,Trà sữa mid,1500.0,,
G63RT2,chợ,Chợ Hiệp Bình Phước,488.0,,
G63RT2,chợ,Chợ đầu mối Thủ Đức,569.0,,
G63RT2,chợ,Chợ Tam Bình,1400.0,,
G63RT2,trường học,Trường Tiểu học Đặng Thị Rành,584.0,,
G63RT2,trường học,Trường Tiểu học Nguyễn Văn Tây,964.0,,
G63RT2,trường học,Trường Trung học phổ thông Tư thục Bách Việt,1100.0,,
G63RT2,bệnh viện,Bệnh viện Quốc tế Hạnh Phúc,965.0,,
G63RT2,công viên,Công Viên Chung cư Sunview Town,620.0,,
G63RT2,siêu thị,Coopmart Tam Bình,1300.0,,
G63RT2,trung tâm thương mại,Cửa Hàng Sữa Tường Vi,1600.0,,
G63RT2,trung tâm thương mại,Shop Lam Anh,1800.0,,
GXRTB2,chợ,Chợ Vĩnh Bảo,501.0,,
GXRTB2,chợ,Chợ Bắc Sơn,791.0,,
GXRTB2,chợ,Chợ Vĩnh Thanh 2,1300.0,,
GXRTB2,trường học,Trường Trung học cơ sở Lê Quý Đôn,219.0,,
GXRTB2,trường học,Trường Tiểu học Nguyễn Bá Ngọc,296.0,,
GXRTB2,trường học,Trường Tiểu học Kim Đồng,337.0,,
GXRTB2,bệnh viện,Bệnh viện Bình An,177.0,,
GXRTB2,bệnh viện,Trung tâm Y tế Rạch Giá,859.0,,
GXRTB2,bệnh viện,Bệnh viện Y dược cổ truyền Kiên Giang,1200.0,,
GXRTB2,công viên,Công viên,613.0,,
GXRTB2,công viên,Nguyễn Trung Trực,973.0,,
GXRTB2,công viên,Công viên Nguyễn Trung Trực,981.0,,
GXRTB2,siêu thị,Mega Market Kien Giang,537.0,,
GXRTB2,siêu thị,Co.opMart Rạch Giá,1100.0,,
GXRTB2,siêu thị,WinMart+,1700.0,,
GXRTB2,trung tâm thương mại,Zone C Go Mall,530.0,,
EGXW24,trường học,Trường Tiểu học An Dương,1800.0,,
EGXW24,trường học,Trường Trung học cơ sở An Dương,1800.0,,
EGXW24,bệnh viện,Trung tâm Y tế An Dương,1500.0,,
EGXW24,công viên,Công viên An Dương,2000.0,,
G6ST12,trường học,Trường Trung học cơ sở Nam Sơn,153.0,,
G6ST12,trường học,Trường Tiểu học Nam Sơn,219.0,,
G6ST12,trường học,Trường Trung học cơ sở An Dương,1200.0,,
G6ST12,bệnh viện,Trung tâm Y tế An Dương,1300.0,,
G6ST12,công viên,Công viên An Dương,1200.0,,
SB9FV5,chợ,Chợ Đình,767.0,,
SB9FV5,chợ,Chợ Đồng Quốc Bình,1300.0,,
SB9FV5,chợ,Chợ cóc,1500.0,,
SB9FV5,trường học,Trường Mầm Non Kênh Dương-Khu 2,398.0,,
SB9FV5,trường học,Trung Tâm Học Thực Tế,443.0,,
SB9FV5,trường học,Trường Quốc tế Singapore (SIS Haiphong),586.0,,
SB9FV5,bệnh viện,Vinmec Marina,735.0,,
SB9FV5,bệnh viện,Viên Y học Hải quân,859.0,,
SB9FV5,bệnh viện,Viện Y học biển Việt Nam,882.0,,
SB9FV5,công viên,Công viên Cầu Rào,560.0,,
SB9FV5,công viên,Caza Pickleball,578.0,,
SB9FV5,công viên,Vườn hoa Văn Cao,1600.0,,
SB9FV5,siêu thị,Intimex,962.0,,
SB9FV5,siêu thị,Aeon Mall,1200.0,,
SB9FV5,siêu thị,K Mart,1300.0,,
SB9FV5,trung tâm thương mại,Aeon Mall Hải Phòng - Lê Chân,1200.0,,
SB9FV5,trung tâm thương mại,Cửa hàng mũ bảo hiểm QFullface,1500.0,,
WT3M3R,chợ,Chợ Đình,768.0,,
WT3M3R,chợ,Chợ Đồng Quốc Bình,1300.0,,
WT3M3R,chợ,Chợ cóc,1500.0,,
WT3M3R,trường học,Trường Mầm Non Kênh Dương-Khu 2,378.0,,
WT3M3R,trường học,Trung Tâm Học Thực Tế,421.0,,
WT3M3R,trường học,Trường Quốc tế Singapore (SIS Haiphong),595.0,,
WT3M3R,bệnh viện,Vinmec Marina,738.0,,
WT3M3R,bệnh viện,Viện Y học biển Việt Nam,863.0,,
WT3M3R,bệnh viện,Viên Y học Hải quân,880.0,,
WT3M3R,công viên,Công viên Cầu Rào,574.0,,
WT3M3R,công viên,Caza Pickleball,583.0,,
WT3M3R,công viên,Vườn hoa Văn Cao,1600.0,,
WT3M3R,siêu thị,Intimex,954.0,,
WT3M3R,siêu thị,Aeon Mall,1100.0,,
WT3M3R,siêu thị,K Mart,1300.0,,
WT3M3R,trung tâm thương mại,Aeon Mall Hải Phòng - Lê Chân,1200.0,,
WT3M3R,trung tâm thương mại,Cửa hàng mũ bảo hiểm QFullface,1500.0,,
74RVJA,trường học,Trường Trung học cơ sở Trần Hưng Đạo,1100.0,,
74RVJA,trường học,Trường Tiểu học Nguyễn Du,1100.0,,
74RVJA,trường học,Trường Trung học cơ sở Vĩnh Niệm,1900.0,,
74RVJA,bệnh viện,Bệnh viện Trẻ em Hải Phòng,1000.0,,
QKBTVU,trường học,Trường Trung học cơ sở Trần Hưng Đạo,1200.0,,
QKBTVU,trường học,Trường Tiểu học Nguyễn Du,1200.0,,
QKBTVU,trường học,Trường trung cấp nghề Giao Thông Vận Tải,1800.0,,
QKBTVU,bệnh viện,Bệnh viện Trẻ em Hải Phòng,1300.0,,
3D3JRQ,chợ,Chợ Nam Dương,528.0,,
3D3JRQ,chợ,Chợ Tân Lập,681.0,,
3D3JRQ,chợ,VinMart+,694.0,,
3D3JRQ,trường học,Trường Tiểu học Hàm Nghi,165.0,,
3D3JRQ,trường học,Trường Trung học cơ sở Nguyễn Thị Minh Khai,289.0,,
3D3JRQ,trường học,Trường Tiểu học Hoa Lư cơ sở 1,478.0,,
3D3JRQ,bệnh viện,Bệnh viện Hoàn Mỹ Đà Nẵng,344.0,,
3D3JRQ,bệnh viện,Dana Dental - Nha Khoa Đà Nẵng,389.0,,
3D3JRQ,bệnh viện,Bệnh viện Răng - Hàm - Mặt thành phố Đà Nẵng,865.0,,
3D3JRQ,công viên,Công viên Nam Dương,827.0,,
3D3JRQ,công viên,Công viên Nguyễn Văn Linh,1000.0,,
3D3JRQ,công viên,Công viên,1400.0,,
3D3JRQ,siêu thị,Go! Hypermarket,578.0,,
3D3JRQ,siêu thị,Siêu thị Điện máy Nguyễn Kim,711.0,,
3D3JRQ,siêu thị,siêu thị Yến Nhi thái lan,1200.0,,
3D3JRQ,trung tâm thương mại,Phụ kiện 09,135.0,,
3D3JRQ,trung tâm thương mại,Vinh Trung Plaza,536.0,,
3D3JRQ,trung tâm thương mại,Siêu thị GO!,578.0,,
YER46D,chợ,Chợ Hà Đông,567.0,,
YER46D,chợ,Chợ Mỗ Lao,646.0,,
YER46D,chợ,Chợ Trước Cổng Trung Tâm Y Tế,759.0,,
YER46D,trường học,Trường Trung học phổ thông Lê Quý Đôn - Hà Đông,265.0,,
YER46D,trường học,Trường Tiểu học Nguyễn Trãi,341.0,,
YER46D,trường học,Trường Tiểu học Trần Phú,370.0,,
YER46D,bệnh viện,Bệnh viện Phụ sản Hà Nội (cơ sở 3),527.0,,
YER46D,bệnh viện,Trạm y tế Phường Vạn Phúc,772.0,,
YER46D,bệnh viện,Bệnh viện Đa khoa Hà Đông,779.0,,
YER46D,công viên,Vườn hoa Nguyễn Trãi,221.0,,
YER46D,công viên,Vườn hoa Hà Đông,222.0,,
YER46D,công viên,Vườn hoa,336.0,,
YER46D,siêu thị,WinMart,427.0,,
YER46D,siêu thị,Cutepets - Siêu Thị Chó Mèo,517.0,,
YER46D,siêu thị,Tops Market,671.0,,
YER46D,trung tâm thương mại,Bách Hóa Hùng Hiền,415.0,,
YER46D,trung tâm thương mại,Chị hằng,765.0,,
YER46D,trung tâm thương mại,Mac Plaza,1500.0,,
8DR873,chợ,Chợ Trước Cổng Trung Tâm Y Tế,1400.0,,
8DR873,chợ,Chợ Hà Đông,1500.0,,
8DR873,trường học,Trường THPT Ngô Gia Tự,154.0,,
8DR873,trường học,Trường Tiểu học & Trung học cơ sở Hà Nội - Thăng Long,315.0,,
8DR873,trường học,Trường Trung học phổ thông Xa La,375.0,,
8DR873,bệnh viện,Bệnh viện Bỏng Quốc gia Lê Hữu Trác,349.0,,
8DR873,bệnh viện,Trạm Y Tế Phường KIến Hưng,519.0,,
8DR873,bệnh viện,Bệnh viện Quân y 103,532.0,,
8DR873,công viên,Tập thể 829,947.0,,
8DR873,công viên,Công viên Chợ xanh Văn Quán,1000.0,,
8DR873,công viên,Sân betong bóng rổ + đá bóng mini,1000.0,,
8DR873,siêu thị,WinMart,31.0,,
8DR873,siêu thị,Lan Thu Viện Bỏng,216.0,,
8DR873,siêu thị,Siêu thị Mường Thanh,898.0,,
8DR873,trung tâm thương mại,Chị hằng,1700.0,,
8DR873,trung tâm thương mại,Cửa Hàng Tiện Lợi BV Mart,1800.0,,
8DFDJ3,chợ,Chợ Đa Phước,589.0,,
8DFDJ3,chợ,Chợ Đống Đa,720.0,,
8DFDJ3,chợ,Chợ An Hải Bắc,1300.0,,
8DFDJ3,trường học,Trường Tiểu học Võ Thị Sáu,368.0,,
8DFDJ3,trường học,Trường Trung học cơ sở Lê Thánh Tôn,463.0,,
8DFDJ3,trường học,ANC Language Centre,668.0,,
8DFDJ3,bệnh viện,Trung Tam Phuc Hoi Co Nhi Suy Dinh Duong Da Nang,493.0,,
8DFDJ3,bệnh viện,Thien Nhan Hospital,1300.0,,
8DFDJ3,bệnh viện,Trung tâm Y tế quận Hải Châu,1400.0,,
8DFDJ3,công viên,Công viên Như Nguyệt,467.0,,
8DFDJ3,công viên,Công viên Đầm Rong,508.0,,
8DFDJ3,công viên,Công viên An Hải,1100.0,,
8DFDJ3,siêu thị,WinMart,2000.0,,
8DFDJ3,trung tâm thương mại,Indochina Park Towers,1900.0,,
8DFDJ3,trung tâm thương mại,Vincom Plaza,2000.0,,
5EKCE7,chợ,Chợ Hòa Xuân,1400.0,,
5EKCE7,chợ,Chợ Cẩm Lệ,1900.0,,
5EKCE7,trường học,Trường Tiểu học Trần Đại Nghĩa (cơ sở 2),1300.0,,
5EKCE7,trường học,Trường Trung học cơ sở Trần Quý Cáp,1500.0,,
5EKCE7,trường học,Trường Tiểu học Trần Đại Nghĩa,1600.0,,
5EKCE7,bệnh viện,Bệnh viện Đa khoa Tâm Trí Đà Nẵng,1600.0,,
5EKCE7,bệnh viện,Bệnh viện Y học cổ truyền thành phố Đà Nẵng,1700.0,,
5EKCE7,bệnh viện,Bệnh viện Phục hồi chức năng thành phố Đà Nẵng,1900.0,,
5EKCE7,công viên,Công viên Bờ Quan,1500.0,,
5EKCE7,công viên,Công viên Thanh Niên,2000.0,,
5EKCE7,trung tâm thương mại,MM Mega Market Đà Nẵng,1400.0,,
P1ZJUG,trường học,Trường Tiểu học Nguyễn Duy Trinh,1300.0,,
P1ZJUG,trường học,Trường Tiểu học Tô Hiến Thành,1400.0,,
P1ZJUG,trường học,Trường Trung học phổ thông Ngũ Hành Sơn,1500.0,,
P1ZJUG,bệnh viện,Trung tâm Y tế quận Ngũ Hành Sơn,1700.0,,
P1ZJUG,bệnh viện,Bệnh viện Phụ sản - Nhi Đà Nẵng,1900.0,,
P1ZJUG,công viên,Công viên Hói Kiểng,481.0,,
P1ZJUG,công viên,Công viên cầu Bờ Quan,693.0,,
P1ZJUG,công viên,Công viên Bờ Quan,807.0,,
P1ZJUG,siêu thị,Shopi,1400.0,,
P1ZJUG,siêu thị,Winmart,1700.0,,
P1ZJUG,siêu thị,Full Market,1800.0,,
SC3CH5,chợ,Chợ Phước Mỹ,402.0,,
SC3CH5,chợ,Chợ An Hải Đông,1400.0,,
SC3CH5,chợ,Cong Hua Xa,1500.0,,
SC3CH5,trường học,Ngo May Primary School,544.0,,
SC3CH5,trường học,Trường Tiểu học Lương Thế Vinh,717.0,,
SC3CH5,trường học,Trường Trung học cơ sở Phan Bội Châu,976.0,,
SC3CH5,bệnh viện,Bệnh viện 199 - Bộ Công an,1100.0,,
SC3CH5,bệnh viện,Trung tâm Y tế quận Sơn Trà,1600.0,,
SC3CH5,công viên,Công viên Biển Đông,86.0,,
SC3CH5,công viên,Công viên Hồ Nghinh,1100.0,,
SC3CH5,công viên,Công viên An Nhơn,1400.0,,
SC3CH5,siêu thị,Huong Da,516.0,,
SC3CH5,siêu thị,A-Market,564.0,,
SC3CH5,siêu thị,Full-Market,739.0,,
SC3CH5,trung tâm thương mại,minimart kidoshop,190.0,,
SC3CH5,trung tâm thương mại,Vincom Plaza,1700.0,,
3D1YEQ,chợ,Chợ Phước Mỹ,299.0,,
3D1YEQ,chợ,Chợ An Hải Đông,1000.0,,
3D1YEQ,chợ,Cong Hua Xa,1100.0,,
3D1YEQ,trường học,Ngo May Primary School,211.0,,
3D1YEQ,trường học,Trường Trung học cơ sở Phan Bội Châu,617.0,,
3D1YEQ,trường học,Trường Trung học phổ thông Ngô Quyền,834.0,,
3D1YEQ,bệnh viện,Bệnh viện 199 - Bộ Công an,857.0,,
3D1YEQ,bệnh viện,Trung tâm Y tế quận Sơn Trà,1200.0,,
3D1YEQ,bệnh viện,Benh Vien Ngoai Khoa Nguyen Van Thai,1600.0,,
3D1YEQ,công viên,Công viên Biển Đông,469.0,,
3D1YEQ,công viên,Công viên An Nhơn,1300.0,,
3D1YEQ,công viên,Công viên Hà Thân,1300.0,,
3D1YEQ,siêu thị,Huong Da,122.0,,
3D1YEQ,siêu thị,Quamientrung,837.0,,
3D1YEQ,siêu thị,A-Market,894.0,,
3D1YEQ,trung tâm thương mại,minimart kidoshop,217.0,,
3D1YEQ,trung tâm thương mại,Vincom Plaza,1700.0,,
WZB0CR,chợ,Chợ Phùng Khoang,1200.0,,
WZB0CR,chợ,Chợ Mỗ Lao,1600.0,,
WZB0CR,chợ,Chợ Mễ Trì,2000.0,,
WZB0CR,trường học,Trường Trung học phổ thông Trung Văn,165.0,,
WZB0CR,trường học,Trường Tiểu học Trung Văn,410.0,,
WZB0CR,trường học,Trường Phổ thông Liên cấp Genesis Hà Nội,448.0,,
WZB0CR,bệnh viện,Bệnh viện Y học cổ truyền Bộ Công an,419.0,,
WZB0CR,bệnh viện,Bệnh viện Đại học Quốc gia Hà Nội,1100.0,,
WZB0CR,bệnh viện,Bệnh viện Đại học Y Dược,1200.0,,
WZB0CR,công viên,Vườn Trung Văn,387.0,,
WZB0CR,công viên,Công viên Phùng Khoang,738.0,,
WZB0CR,công viên,Vườn hoa Biệt thự Quốc Hội,818.0,,
WZB0CR,siêu thị,K-Market,874.0,,
WZB0CR,siêu thị,AEON MaxValu,1300.0,,
WZB0CR,siêu thị,Co.opmart,1300.0,,
WZB0CR,trung tâm thương mại,Mac Plaza,1200.0,,
WZB0CR,trung tâm thương mại,GO! Thăng Long,1700.0,,
WZB0CR,trung tâm thương mại,Chị hằng,1700.0,,
8AZR43,chợ,Chợ Vân Canh,1100.0,,
8AZR43,chợ,Chợ làng Miêu Nha,1300.0,,
8AZR43,trường học,Trường Tiểu học Xuân Phương,629.0,,
8AZR43,trường học,Trường Trung học cơ sở Lý Nam Đế,862.0,,
8AZR43,trường học,Trường Tiểu học Lý Nam Đế,983.0,,
8AZR43,công viên,Center Musical Park,313.0,,
8AZR43,công viên,Đài tưởng niệm Liệt sĩ Vân Canh,1200.0,,
8AZR43,công viên,1,1300.0,,
8AZR43,siêu thị,Nhà sách Sư phạm TVHL,700.0,,
8AZR43,siêu thị,Vinamilk,1100.0,,
8AZR43,siêu thị,Công ty Nguyễn Gia,1400.0,,
R2E7FJ,chợ,Chợ Dâu Mới,1700.0,,
R2E7FJ,trường học,Trường Trung học cơ sở Vĩnh Ngọc,61.0,,
R2E7FJ,trường học,Trường Tiểu học Vĩnh Ngọc,319.0,,
R2E7FJ,trường học,Trường Trung cấp Y - Dược Cộng đồng Hà Nội,449.0,,
R2E7FJ,công viên,Công Viên Tàm Xá,1400.0,,
R2E7FJ,siêu thị,Hệ Thống Siêu Thị Mái Ấm Online,1600.0,,
C9V1FB,chợ,Chợ Trước Cổng Trung Tâm Y Tế,1400.0,,
C9V1FB,chợ,Chợ Hà Đông,1400.0,,
C9V1FB,trường học,Trường THPT Ngô Gia Tự,150.0,,
C9V1FB,trường học,Trường Tiểu học & Trung học cơ sở Hà Nội - Thăng Long,291.0,,
C9V1FB,trường học,Trường Trung học phổ thông Xa La,353.0,,
C9V1FB,bệnh viện,Bệnh viện Bỏng Quốc gia Lê Hữu Trác,352.0,,
C9V1FB,bệnh viện,Trạm Y Tế Phường KIến Hưng,495.0,,
C9V1FB,bệnh viện,Bệnh viện Quân y 103,522.0,,
C9V1FB,công viên,Tập thể 829,958.0,,
C9V1FB,công viên,Công viên Chợ xanh Văn Quán,1000.0,,
C9V1FB,công viên,Sân betong bóng rổ + đá bóng mini,1100.0,,
C9V1FB,siêu thị,WinMart,3.0,,
C9V1FB,siêu thị,Lan Thu Viện Bỏng,249.0,,
C9V1FB,siêu thị,Siêu thị Mường Thanh,930.0,,
C9V1FB,trung tâm thương mại,Chị hằng,1700.0,,
C9V1FB,trung tâm thương mại,Cửa Hàng Tiện Lợi BV Mart,1800.0,,
3HCGFQ,chợ,Chợ Siêu thị Đà Nẵng,199.0,,
3HCGFQ,chợ,Chợ Tân Chính,356.0,,
3HCGFQ,chợ,Chợ Tam Thuận,567.0,,
3HCGFQ,trường học,Trường Trung học cơ sở Nguyễn Duy Hiệu,124.0,,
3HCGFQ,trường học,Trường Trung học cơ sở Nguyễn Thị Minh Khai,445.0,,
3HCGFQ,trường học,Trường Tiểu học Trần Cao Vân - Cơ sở 3,617.0,,
3HCGFQ,bệnh viện,Cong Ty CP Benh Vien Da Khoa Hoa Xuan,458.0,,
3HCGFQ,bệnh viện,Benh Vien Da Khoa Binh Dan,777.0,,
3HCGFQ,bệnh viện,Bệnh viện Hoàn Mỹ Đà Nẵng,924.0,,
3HCGFQ,công viên,Công viên Nam Dương,1500.0,,
3HCGFQ,công viên,Công viên Thanh Bình,1600.0,,
3HCGFQ,công viên,Công viên Nguyễn Văn Linh,1700.0,,
3HCGFQ,siêu thị,Siêu thị Điện máy Nguyễn Kim,16.0,,
3HCGFQ,siêu thị,siêu thị Yến Nhi thái lan,519.0,,
3HCGFQ,siêu thị,Go! Hypermarket,878.0,,
3HCGFQ,trung tâm thương mại,AEON Mall Đà Nẵng,91.0,,
3HCGFQ,trung tâm thương mại,tattoo bon,418.0,,
3HCGFQ,trung tâm thương mại,Phụ kiện 09,656.0,,
WT0E8R,chợ,Chợ Mai,698.0,,
WT0E8R,chợ,Chợ Chiều,1900.0,,
WT0E8R,trường học,Trường Tiểu học Nguyễn Phan Vinh (cơ sở 2),741.0,,
WT0E8R,trường học,Trường Tiểu học Nguyễn Tri Phương,813.0,,
WT0E8R,trường học,Trường Trung học cơ sở Lý Tự Trọng,842.0,,
WT0E8R,công viên,Son Tra Ocean View Pool & Spa,1300.0,,
WT0E8R,siêu thị,Co.opMart,1800.0,,
6YQX28,chợ,Chợ Siêu thị Đà Nẵng,122.0,,
6YQX28,chợ,Chợ Tân Chính,430.0,,
6YQX28,chợ,Chợ Tam Thuận,615.0,,
6YQX28,trường học,Trường Trung học cơ sở Nguyễn Duy Hiệu,214.0,,
6YQX28,trường học,Trường Trung học cơ sở Nguyễn Thị Minh Khai,505.0,,
6YQX28,trường học,Trường Tiểu học Điện Biên Phủ,615.0,,
6YQX28,bệnh viện,Cong Ty CP Benh Vien Da Khoa Hoa Xuan,410.0,,
6YQX28,bệnh viện,Benh Vien Da Khoa Binh Dan,755.0,,
6YQX28,bệnh viện,Bệnh viện Hoàn Mỹ Đà Nẵng,936.0,,
6YQX28,công viên,Công viên Nam Dương,1600.0,,
6YQX28,công viên,Công viên Thanh Bình,1700.0,,
6YQX28,công viên,Công viên Nguyễn Văn Linh,1700.0,,
6YQX28,siêu thị,Siêu thị Điện máy Nguyễn Kim,99.0,,
6YQX28,siêu thị,siêu thị Yến Nhi thái lan,469.0,,
6YQX28,siêu thị,Go! Hypermarket,960.0,,
6YQX28,trung tâm thương mại,AEON Mall Đà Nẵng,66.0,,
6YQX28,trung tâm thương mại,tattoo bon,366.0,,
6YQX28,trung tâm thương mại,Phụ kiện 09,683.0,,
74YQ3A,chợ,Chợ Phước Mỹ,413.0,,
74YQ3A,chợ,Chợ An Hải Đông,1300.0,,
74YQ3A,chợ,Cong Hua Xa,1300.0,,
74YQ3A,trường học,Ngo May Primary School,446.0,,
74YQ3A,trường học,Trường Trung học cơ sở Phan Bội Châu,769.0,,
74YQ3A,trường học,Trường Tiểu học Lương Thế Vinh,901.0,,
74YQ3A,bệnh viện,Bệnh viện 199 - Bộ Công an,1100.0,,
74YQ3A,bệnh viện,Trung tâm Y tế quận Sơn Trà,1500.0,,
74YQ3A,bệnh viện,Benh Vien Ngoai Khoa Nguyen Van Thai,1900.0,,
74YQ3A,công viên,Công viên Biển Đông,300.0,,
74YQ3A,công viên,Công viên Hồ Nghinh,1300.0,,
74YQ3A,công viên,Công viên An Nhơn,1400.0,,
74YQ3A,siêu thị,Huong Da,368.0,,
74YQ3A,siêu thị,A-Market,776.0,,
74YQ3A,siêu thị,Full-Market,951.0,,
74YQ3A,trung tâm thương mại,minimart kidoshop,163.0,,
74YQ3A,trung tâm thương mại,Vincom Plaza,1800.0,,
3D3ZXQ,chợ,Chợ Siêu thị Đà Nẵng,199.0,,
3D3ZXQ,chợ,Chợ Tân Chính,356.0,,
3D3ZXQ,chợ,Chợ Tam Thuận,567.0,,
3D3ZXQ,trường học,Trường Trung học cơ sở Nguyễn Duy Hiệu,124.0,,
3D3ZXQ,trường học,Trường Trung học cơ sở Nguyễn Thị Minh Khai,445.0,,
3D3ZXQ,trường học,Trường Tiểu học Trần Cao Vân - Cơ sở 3,617.0,,
3D3ZXQ,bệnh viện,Cong Ty CP Benh Vien Da Khoa Hoa Xuan,458.0,,
3D3ZXQ,bệnh viện,Benh Vien Da Khoa Binh Dan,777.0,,
3D3ZXQ,bệnh viện,Bệnh viện Hoàn Mỹ Đà Nẵng,924.0,,
3D3ZXQ,công viên,Công viên Nam Dương,1500.0,,
3D3ZXQ,công viên,Công viên Thanh Bình,1600.0,,
3D3ZXQ,công viên,Công viên Nguyễn Văn Linh,1700.0,,
3D3ZXQ,siêu thị,Siêu thị Điện máy Nguyễn Kim,16.0,,
3D3ZXQ,siêu thị,siêu thị Yến Nhi thái lan,519.0,,
3D3ZXQ,siêu thị,Go! Hypermarket,878.0,,
3D3ZXQ,trung tâm thương mại,AEON Mall Đà Nẵng,91.0,,
3D3ZXQ,trung tâm thương mại,tattoo bon,418.0,,
3D3ZXQ,trung tâm thương mại,Phụ kiện 09,656.0,,
G1GKM2,chợ,Chợ Kỳ Đồng,724.0,,
G1GKM2,chợ,Chợ Siêu thị Đà Nẵng,1200.0,,
G1GKM2,chợ,Chợ Tam Thuận,1500.0,,
G1GKM2,trường học,Trường Trung học cơ sở Huỳnh Thúc Kháng,136.0,,
G1GKM2,trường học,Trường Tiểu học Huỳnh Ngọc Huệ,233.0,,
G1GKM2,trường học,Trường Trung học cơ sở Lê Thị Hồng Gấm,601.0,,
G1GKM2,bệnh viện,Trung tâm Y tế quận Thanh Khê,448.0,,
G1GKM2,bệnh viện,Cong Ty CP Benh Vien Da Khoa Hoa Xuan,994.0,,
G1GKM2,bệnh viện,Huong Dat Dental Clinic,999.0,,
G1GKM2,công viên,Trung tâm Văn hóa - Thể thao quận Thanh Khê,1100.0,,
G1GKM2,siêu thị,Siêu Thị Co.opmart,605.0,,
G1GKM2,siêu thị,siêu thị Yến Nhi thái lan,944.0,,
G1GKM2,siêu thị,Nobipet - Siêu Thị Thú Cưng,1000.0,,
G1GKM2,trung tâm thương mại,tattoo bon,1000.0,,
G1GKM2,trung tâm thương mại,AEON Mall Đà Nẵng,1300.0,,
G1GKM2,trung tâm thương mại,Phụ kiện 09,1800.0,,
262D8Z,chợ,Chợ Mai,835.0,,
262D8Z,chợ,Chợ Chiều,1700.0,,
262D8Z,trường học,Trường Trung học cơ sở Lý Tự Trọng,582.0,,
262D8Z,trường học,Trường Tiểu học Nguyễn Tri Phương,657.0,,
262D8Z,trường học,Trường Tiểu học Nguyễn Phan Vinh (cơ sở 2),758.0,,
262D8Z,công viên,Son Tra Ocean View Pool & Spa,1100.0,,
262D8Z,siêu thị,Co.opMart,1500.0,,
G1GQ02,chợ,Chợ Siêu thị Đà Nẵng,122.0,,
G1GQ02,chợ,Chợ Tân Chính,430.0,,
G1GQ02,chợ,Chợ Tam Thuận,615.0,,
G1GQ02,trường học,Trường Trung học cơ sở Nguyễn Duy Hiệu,214.0,,
G1GQ02,trường học,Trường Trung học cơ sở Nguyễn Thị Minh Khai,505.0,,
G1GQ02,trường học,Trường Tiểu học Điện Biên Phủ,615.0,,
G1GQ02,bệnh viện,Cong Ty CP Benh Vien Da Khoa Hoa Xuan,410.0,,
G1GQ02,bệnh viện,Benh Vien Da Khoa Binh Dan,755.0,,
G1GQ02,bệnh viện,Bệnh viện Hoàn Mỹ Đà Nẵng,936.0,,
G1GQ02,công viên,Công viên Nam Dương,1600.0,,
G1GQ02,công viên,Công viên Thanh Bình,1700.0,,
G1GQ02,công viên,Công viên Nguyễn Văn Linh,1700.0,,
G1GQ02,siêu thị,Siêu thị Điện máy Nguyễn Kim,99.0,,
G1GQ02,siêu thị,siêu thị Yến Nhi thái lan,469.0,,
G1GQ02,siêu thị,Go! Hypermarket,960.0,,
G1GQ02,trung tâm thương mại,AEON Mall Đà Nẵng,66.0,,
G1GQ02,trung tâm thương mại,tattoo bon,366.0,,
G1GQ02,trung tâm thương mại,Phụ kiện 09,683.0,,
YEMGMD,trường học,Trường Tiểu học Thị trấn Chúc Sơn B,538.0,,
YEMGMD,trường học,Trường Trung học cơ sở Thị trấn Chúc Sơn,641.0,,
YEMGMD,trường học,Trường Trung học cơ sở Biên Giang,795.0,,
YEMGMD,bệnh viện,Bệnh viện Đa khoa Chương Mỹ,1500.0,,
YEMGMD,siêu thị,Siêu Thị Lanchi Mart,339.0,,
QHQJ8U,trường học,Trường Tiểu học Phạm Hồng Thái,391.0,,
QHQJ8U,trường học,Trường Trung học cơ sở Nguyễn Bỉnh Khiêm,537.0,,
QHQJ8U,trường học,Trường Tiểu học Lê Văn Hiến,877.0,,
QHQJ8U,siêu thị,Tạp Hoá Bà Cử,980.0,,
QHQJ8U,siêu thị,Tạp Hoá Cô Bê,1100.0,,
0ZBEQ9,chợ,Chợ Non Nước,1500.0,,
0ZBEQ9,trường học,Trường Tiểu học và Trung học cơ sở FPT Đà Nẵng,321.0,,
0ZBEQ9,trường học,Trường Hy Vọng,558.0,,
0ZBEQ9,trường học,Trường Tiểu học Lê Văn Hiến,1200.0,,
0ZBEQ9,công viên,Công viên Ngũ Hành,1900.0,,
0ZBEQ9,siêu thị,Full Market Nam Kỳ Khởi Nghĩa,568.0,,
UC70JS,chợ,Chợ Non Nước,1600.0,,
UC70JS,trường học,Trường Trung học phổ thông Ngũ Hành Sơn,1100.0,,
UC70JS,trường học,Trường Tiểu học Nguyễn Duy Trinh,1200.0,,
UC70JS,trường học,Trường Tiểu học Tô Hiến Thành,1200.0,,
UC70JS,bệnh viện,Trung tâm Y tế quận Ngũ Hành Sơn,1200.0,,
UC70JS,công viên,Công viên Hói Kiểng,154.0,,
UC70JS,công viên,Công viên Cổ Cò,512.0,,
UC70JS,công viên,Công viên cầu Bờ Quan,778.0,,
UC70JS,siêu thị,Shopi,1000.0,,
UC70JS,siêu thị,Winmart,1300.0,,
UC70JS,siêu thị,Full-Market,1900.0,,
67WMY8,chợ,Chợ Đồng Xa,914.0,,
67WMY8,chợ,Chợ Mỹ Đình,1000.0,,
67WMY8,chợ,Chợ Nhà Xanh,1700.0,,
67WMY8,trường học,Trung tâm Giáo dục nghề nghiệp - Giáo dục thường xuyên quận Cầu Giấy,102.0,,
67WMY8,trường học,Trường Nhật Bản Hà Nội,193.0,,
67WMY8,trường học,Trường Trung học cơ sở Mai Dịch,358.0,,
67WMY8,bệnh viện,Bệnh viện Quốc tế Dolife,322.0,,
67WMY8,bệnh viện,Bệnh viện 19-8,912.0,,
67WMY8,bệnh viện,Bệnh viện Đa khoa Y học cổ truyền Hà Nội,1000.0,,
67WMY8,công viên,Công viên Nghĩa trang Mai Dịch,609.0,,
67WMY8,công viên,Đài tưởng niệm Liệt sĩ Phường Mai Dịch,1000.0,,
67WMY8,công viên,Công viên An Hoà,1800.0,,
67WMY8,siêu thị,Hazu Shop,356.0,,
67WMY8,siêu thị,Tmart,566.0,,
67WMY8,siêu thị,Siêu thị Thành Đô - Hồ Tùng Mậu,737.0,,
67WMY8,trung tâm thương mại,Thế giới di động,379.0,,
67WMY8,trung tâm thương mại,The Loop,1300.0,,
67WMY8,trung tâm thương mại,Interserco,1400.0,,
ABZ9EY,chợ,Chợ Kim Lũ,574.0,,
ABZ9EY,chợ,Chợ Kim Giang,1200.0,,
ABZ9EY,chợ,Chợ Đại Từ,1300.0,,
ABZ9EY,trường học,"Trường Tiểu học, Trung học cơ sở & Trung học phổ thông Ngôi Sao Hà Nội - Hoàng Mai",188.0,,
ABZ9EY,trường học,Trường Dwight Hà Nội,275.0,,
ABZ9EY,trường học,Trường Tiểu học Đại Kim,598.0,,
ABZ9EY,bệnh viện,Viện Y học cổ truyền Quân đội,336.0,,
ABZ9EY,bệnh viện,Viện Y học phóng xạ và U bướu Quân đội,884.0,,
ABZ9EY,bệnh viện,Nha Khoa Thiện Tâm An,1100.0,,
ABZ9EY,công viên,Công viên The Manor,592.0,,
ABZ9EY,công viên,Công viên Bắc Linh Đàm,979.0,,
ABZ9EY,công viên,Công viên Bán đảo Linh Đàm,1300.0,,
ABZ9EY,siêu thị,"Máy Photocopy TNT, đại lý máy photo giá rẻ",612.0,,
ABZ9EY,siêu thị,Siêu Thị Minh Đức Green,983.0,,
ABZ9EY,siêu thị,WinMart,998.0,,
ABZ9EY,trung tâm thương mại,Rice City Mall,1100.0,,
ABZ9EY,trung tâm thương mại,Tmart Đại Từ,1400.0,,
QHRX5U,chợ,Chợ An Lạc,1600.0,,
QHRX5U,trường học,Trường Tiểu học Hưng Phú 1,508.0,,
QHRX5U,trường học,Trường Trung học phổ thông Việt Hoa ( Viet Hoa Secondary school ),562.0,,
QHRX5U,trường học,Trường Trung học cơ sở Hưng Phú,612.0,,
QHRX5U,bệnh viện,Tây Đô,848.0,,
QHRX5U,bệnh viện,hospital_HoanMyCuuLong stories 4,1400.0,,
QHRX5U,bệnh viện,Bệnh viện Đa khoa Hoàn Mỹ Cửu Long,1400.0,,
QHRX5U,công viên,Công viên KDC Nam Long ( Nam Long Residential Park ),524.0,,
QHRX5U,công viên,Công Viên Khu Dân Cư Hưng Thạnh,1300.0,,
QHRX5U,siêu thị,Big C,464.0,,
QHRX5U,siêu thị,co.op food,587.0,,
QHRX5U,siêu thị,Winmart,637.0,,
WG34WR,chợ,Chợ Trâu Quỳ,286.0,,
WG34WR,chợ,Viglacera Community Market,772.0,,
WG34WR,chợ,Chợ sinh viên,1100.0,,
WG34WR,trường học,Trường Trung học cơ sở Trâu Quỳ,75.0,,
WG34WR,trường học,Trung tâm hướng dẫn hoạt động Thiếu nhi Trung ương,646.0,,
WG34WR,trường học,Trung tâm Giáo dục nghề nghiệp – Giáo dục thường xuyên Gia Lâm,769.0,,
WG34WR,bệnh viện,Bệnh viện Đa khoa Gia Lâm,846.0,,
WG34WR,bệnh viện,area 09,1500.0,,
WG34WR,công viên,Công viên Gia Lâm,506.0,,
WG34WR,công viên,Khu cảnh quan,669.0,,
WG34WR,công viên,Trung tâm sinh thái giáo dục V-Eco,920.0,,
WG34WR,siêu thị,Siêu thị Hapromart,643.0,,
WG34WR,trung tâm thương mại,Tiến dũng,190.0,,
WG34WR,trung tâm thương mại,Quang phát( c hòa),241.0,,
WG34WR,trung tâm thương mại,Tam hằng,738.0,,
QA0C5U,trường học,Trường liên cấp quốc tế Việt Nam Singapore,156.0,,
QA0C5U,trường học,Trường Tiểu học Vĩnh Hiệp,766.0,,
QA0C5U,trường học,Trường Trung học cơ sở Lương Định Của,925.0,,
QA0C5U,bệnh viện,Bệnh viện đa khoa Sài Gòn Nha Trang,429.0,,
QA0C5U,công viên,Công Viên Thiếu Nhi,171.0,,
QA0C5U,công viên,Công Viên KDT Vĩnh Điềm Trung A,481.0,,
QA0C5U,công viên,Công Viên Khu Đô Thị Vĩnh Điềm Trung B,780.0,,
QA0C5U,siêu thị,Go!,615.0,,
QA0C5U,siêu thị,Bách hóa Xanh.com,898.0,,
QA0C5U,siêu thị,Lotte Mart,1500.0,,
QA0C5U,trung tâm thương mại,GO! Market,605.0,,
QA0C5U,trung tâm thương mại,LotteMart,1500.0,,
4009ZF,chợ,Chợ Vĩnh Hải,1200.0,,
4009ZF,trường học,Trường Phổ thông Hermann Gmeiner,402.0,,
4009ZF,trường học,Trường tiểu học Vĩnh Hòa 1,1100.0,,
4009ZF,trường học,Trường Mầm non Sao Biển,1800.0,,
4009ZF,bệnh viện,Bệnh viện Da liễu tỉnh Khánh Hoà,1100.0,,
4009ZF,bệnh viện,Bệnh viện Lao và Bệnh phổi tỉnh Khánh Hoà,1200.0,,
4009ZF,bệnh viện,Bệnh viện Ung bướu tỉnh Khánh Hoà,1300.0,,
4009ZF,siêu thị,WinMart,1100.0,,
4009ZF,siêu thị,Doen may Xanh,1600.0,,
4009ZF,siêu thị,Bách hóa XANH,1800.0,,
4009ZF,trung tâm thương mại,Thanh thanh 47 điện biên phủ,670.0,,
4009ZF,trung tâm thương mại,Thanh Thúy 25 Đặng Thái Thân,749.0,,
4009ZF,trung tâm thương mại,TH cô diễm 265 đường 2/4,961.0,,
SKK9H5,chợ,Tap hoa,1100.0,,
SKK9H5,chợ,Chợ Xóm Mới,1600.0,,
SKK9H5,trường học,Trường THCS Nguyễn Hiền,592.0,,
SKK9H5,trường học,Trường Tiểu học Phước Tân,790.0,,
SKK9H5,trường học,Trường THCS Trần Nhật Duật,856.0,,
SKK9H5,bệnh viện,Bệnh viện đa khoa Yersin Nha Trang,1300.0,,
SKK9H5,bệnh viện,Prestige international polyclinic,1800.0,,
SKK9H5,bệnh viện,Bệnh viện Đa khoa Khánh Hòa,1900.0,,
SKK9H5,công viên,Công viên Mỹ Gia 2 - Khu A,970.0,,
SKK9H5,công viên,Công Viên Khu Đô Thị Vĩnh Điềm Trung B,1500.0,,
SKK9H5,công viên,Công viên SSH,1600.0,,
SKK9H5,siêu thị,Co.opmart,655.0,,
SKK9H5,siêu thị,Tạp hóa thu hương gmart 38 đường 23/10,1000.0,,
SKK9H5,siêu thị,J24 MART,1100.0,,
SKK9H5,trung tâm thương mại,LẤY HÀNG YẾN SÀO,531.0,,
SKK9H5,trung tâm thương mại,CoopMart,639.0,,
SKK9H5,trung tâm thương mại,LotteMart,1100.0,,
RZXCDJ,trường học,Trường liên cấp quốc tế Việt Nam Singapore,139.0,,
RZXCDJ,trường học,Trường Tiểu học Vĩnh Hiệp,781.0,,
RZXCDJ,trường học,Trường Trung học cơ sở Lương Định Của,885.0,,
RZXCDJ,bệnh viện,Bệnh viện đa khoa Sài Gòn Nha Trang,367.0,,
RZXCDJ,công viên,Công Viên Thiếu Nhi,99.0,,
RZXCDJ,công viên,Công Viên KDT Vĩnh Điềm Trung A,400.0,,
RZXCDJ,công viên,Công Viên Khu Đô Thị Vĩnh Điềm Trung B,699.0,,
RZXCDJ,siêu thị,Go!,541.0,,
RZXCDJ,siêu thị,Bách hóa Xanh.com,976.0,,
RZXCDJ,siêu thị,Lotte Mart,1400.0,,
RZXCDJ,trung tâm thương mại,GO! Market,530.0,,
RZXCDJ,trung tâm thương mại,LotteMart,1400.0,,
AC6UJY,trường học,Trường liên cấp quốc tế Việt Nam Singapore,196.0,,
AC6UJY,trường học,Trường Tiểu học Vĩnh Hiệp,797.0,,
AC6UJY,trường học,Trường THCS Cao Thắng,861.0,,
AC6UJY,bệnh viện,Bệnh viện đa khoa Sài Gòn Nha Trang,492.0,,
AC6UJY,công viên,Công Viên Thiếu Nhi,274.0,,
AC6UJY,công viên,Công Viên KDT Vĩnh Điềm Trung A,575.0,,
AC6UJY,công viên,Công Viên Khu Đô Thị Vĩnh Điềm Trung B,879.0,,
AC6UJY,siêu thị,Go!,695.0,,
AC6UJY,siêu thị,Bách hóa Xanh.com,795.0,,
AC6UJY,siêu thị,Lotte Mart,1600.0,,
AC6UJY,trung tâm thương mại,GO! Market,687.0,,
AC6UJY,trung tâm thương mại,LotteMart,1600.0,,
D4TUTH,chợ,Night market,209.0,,
D4TUTH,chợ,Chợ Xóm Mới,807.0,,
D4TUTH,chợ,Tap hoa,1600.0,,
D4TUTH,trường học,Trường Trung học cơ sở Trần Quốc Toản ( cơ sở 2 ),705.0,,
D4TUTH,trường học,Trường Tiểu học Tân Lập 2,815.0,,
D4TUTH,trường học,Trường Tiểu học Phước Tiến,1100.0,,
D4TUTH,bệnh viện,Bệnh viện Quân y 87,795.0,,
D4TUTH,bệnh viện,Bệnh viện Đa khoa Khánh Hòa,1300.0,,
D4TUTH,bệnh viện,Prestige international polyclinic,1800.0,,
D4TUTH,công viên,Central Park,1000.0,,
D4TUTH,công viên,Công Viên Yến Phi,1800.0,,
D4TUTH,siêu thị,Taka Mart,88.0,,
D4TUTH,siêu thị,N+ MART,257.0,,
D4TUTH,siêu thị,Thuan Minimart,273.0,,
D4TUTH,trung tâm thương mại,cửa hàng 76 - Amart,120.0,,
D4TUTH,trung tâm thương mại,AB Central Square,341.0,,
D4TUTH,trung tâm thương mại,Vincom Plaza,540.0,,
2V3ETZ,chợ,Tap hoa,979.0,,
2V3ETZ,trường học,Trường THCS Nguyễn Hiền,1700.0,,
2V3ETZ,trường học,Trường THCS Trần Nhật Duật,1800.0,,
2V3ETZ,trường học,Trường Tiểu học Phước Hòa 1,1800.0,,
2V3ETZ,bệnh viện,Bệnh viện Quân y 87,1700.0,,
2V3ETZ,công viên,Công viên SSH,404.0,,
2V3ETZ,công viên,Công viên Mỹ Gia 2 - Khu A,1700.0,,
2V3ETZ,siêu thị,J24 MART,1600.0,,
2V3ETZ,siêu thị,Yen yen spa 73/9 tran quan khai,1800.0,,
2V3ETZ,siêu thị,79 mart 91 nguyen thien thuat,1900.0,,
2V3ETZ,trung tâm thương mại,Hạnh đường số 4 lô 14 khu đô thị phước long,1200.0,,
2V3ETZ,trung tâm thương mại,Cô Liễu 57 Bửu Đóa,1400.0,,
2V3ETZ,trung tâm thương mại,Lệ 31 Lý Nam Đế,1400.0,,
PX2EMG,chợ,Night market,227.0,,
PX2EMG,chợ,Chợ Xóm Mới,795.0,,
PX2EMG,chợ,Tap hoa,1600.0,,
PX2EMG,trường học,Trường Trung học cơ sở Trần Quốc Toản ( cơ sở 2 ),672.0,,
PX2EMG,trường học,Trường Tiểu học Tân Lập 2,799.0,,
PX2EMG,trường học,Trường Tiểu học Phước Tiến,1100.0,,
PX2EMG,bệnh viện,Bệnh viện Quân y 87,764.0,,
PX2EMG,bệnh viện,Bệnh viện Đa khoa Khánh Hòa,1300.0,,
PX2EMG,bệnh viện,Prestige international polyclinic,1800.0,,
PX2EMG,công viên,Central Park,1000.0,,
PX2EMG,công viên,Công Viên Yến Phi,1900.0,,
PX2EMG,siêu thị,Taka Mart,101.0,,
PX2EMG,siêu thị,Thuan Minimart,238.0,,
PX2EMG,siêu thị,N+ MART,265.0,,
PX2EMG,trung tâm thương mại,cửa hàng 76 - Amart,76.0,,
PX2EMG,trung tâm thương mại,AB Central Square,356.0,,
PX2EMG,trung tâm thương mại,Vincom Plaza,526.0,,
5HA8Q7,chợ,Tap hoa,1000.0,,
5HA8Q7,chợ,Chợ Xóm Mới,1300.0,,
5HA8Q7,chợ,Night market,1900.0,,
5HA8Q7,trường học,Trường THCS Nguyễn Hiền,398.0,,
5HA8Q7,trường học,Trường Tiểu học Phước Tân,617.0,,
5HA8Q7,trường học,Trường THCS Trần Nhật Duật,634.0,,
5HA8Q7,bệnh viện,Bệnh viện đa khoa Yersin Nha Trang,1500.0,,
5HA8Q7,bệnh viện,Prestige international polyclinic,1600.0,,
5HA8Q7,bệnh viện,Bệnh viện Đa khoa Khánh Hòa,1700.0,,
5HA8Q7,công viên,Công viên Mỹ Gia 2 - Khu A,1100.0,,
5HA8Q7,công viên,Công viên SSH,1500.0,,
5HA8Q7,công viên,Công Viên Khu Đô Thị Vĩnh Điềm Trung B,1600.0,,
5HA8Q7,siêu thị,Co.opmart,429.0,,
5HA8Q7,siêu thị,J24 MART,873.0,,
5HA8Q7,siêu thị,Tạp hóa thu hương gmart 38 đường 23/10,947.0,,
5HA8Q7,trung tâm thương mại,LẤY HÀNG YẾN SÀO,327.0,,
5HA8Q7,trung tâm thương mại,CoopMart,413.0,,
5HA8Q7,trung tâm thương mại,LotteMart,1100.0,,
3AYK3Q,chợ,Chợ Bến Thành,1700.0,,
3AYK3Q,chợ,Tap hoa,1800.0,,
3AYK3Q,trường học,Basic school,1600.0,,
3AYK3Q,trường học,Trường Trung học cơ sở Lê Thanh liêm,1800.0,,
3AYK3Q,trường học,Trường Trung học phổ thông Phạm Văn Đồng,2000.0,,
3AYK3Q,bệnh viện,Tam Tri Nha Trang,1500.0,,
3AYK3Q,công viên,Công viên SSH,1200.0,,
3AYK3Q,trung tâm thương mại,Hạnh đường số 4 lô 14 khu đô thị phước long,717.0,,
3AYK3Q,trung tâm thương mại,Cửa hàng tự chọn 550 lê hồng phong,1000.0,,
3AYK3Q,trung tâm thương mại,Siêu thị mini xanh mart khu đô thị phước long,1000.0,,
SHDRY5,bệnh viện,Bệnh viện Mắt Nghệ An,1600.0,,
SHDRY5,bệnh viện,Bệnh viện Đa khoa 115 Nghệ An,1700.0,,
SHDRY5,bệnh viện,Bệnh Viện Răng Hàm Mặt Nghệ An,1800.0,,
SHDRY5,siêu thị,Mini Mart,1500.0,,
9N3Z6P,trường học,Trường Trung học phổ thông Võ Mình Đức,1400.0,,
9N3Z6P,trường học,Trường Trung học cơ sở Chánh Nghĩa,1400.0,,
9N3Z6P,trường học,Trường Tiểu học Chánh Nghĩa,1600.0,,
9N3Z6P,siêu thị,Co.opmart Bình Dương,1900.0,,
