ma_bds,address,total_price,price_per_m2,loại hình,chiều ngang,chiều dài,hướng cửa chính,số phòng ngủ,số phòng tắm,số tầng,diện tích đất công nhận,diện tích sử dụng,đường trước nhà,property_type,area_calculated,latitude,longitude,center_distance_km,địa chỉ chi tiết,diện tích tim tường,nội thất,tên dự án / tòa nhà,tình trạng sử dụng
SA27D5,"60/15/16A số 2, P.Hiệp Bình Phước, TP.Thủ Đức, TP.HCM",5600000.0,76.19,Nhà hẻm,4m,21.24m,Tây Bắc,2.0,2.0,2.0,73.50m²,,4m,alley houses,73500.45937787111,10.859128278438352,106.75073524728961,10.44019295998765,,,,,
21JNPZ,"217 Võ Thị Sáu, Đông Hòa, Dĩ An, TP.HCM",6950000.0,96.52,Nhà hẻm,4m,,,4.0,4.0,2.0,,72m²,,alley houses,72005.80190634065,10.818592722401844,106.70832194223145,4.411336651681605,,,,,
PV5Q5G,"222/4 Nguyễn Thái Sơn, P.4, Q.Gò Vấp, TP.HCM",7120000.0,78.65,Nhà hẻm,,,Tây Bắc,,,,,90.60m²,,alley houses,90527.65416401779,10.81326473038671,106.67954393604406,4.27256444328042,,,,,
6Q2EG8,"Nguyễn Bình Ấp 2, Xã Phú Xuân, H.Nhà Bè, TP.HCM",3650000.0,82.95,Nhà hẻm,3.61m,13.78m,Đông Bắc,2.0,1.0,1.0,44m²,33.30m²,4m,alley houses,44002.41109101869,10.701394722102526,106.73420057616936,9.486151095310618,,,,,
3DW1EQ,"77/4 Quốc lộ 1A, P.Linh Xuân, TP.Thủ Đức, TP.HCM",4900000.0,41.88,Nhà hẻm,,,Đông Nam,,,,,117m²,,alley houses,117000.95510983763,10.855404717292057,106.76097313532851,10.763470596735734,,,,,
AHNB3Y,"Nguyễn An Ninh, P.14, Q.Bình Thạnh, TP.HCM",30000000.0,145.98,Nhà hẻm,10m,20m,Bắc,3.0,5.0,3.0,205.50m²,164m²,,alley houses,205507.60378133992,10.814847671328284,106.71419626464952,4.218252775257657,,,,,
8YUNF3,"146/3 Nguyễn Văn Trỗi, P.8, Q.Phú Nhuận, TP.HCM",14600000.0,224.61,Nhà hẻm,6.8m,10m,Đông Bắc,1.0,1.0,1.0,65m²,70m²,4m,alley houses,65001.55825653354,10.802929102734934,106.6772705714161,3.4950985062705007,,,,,
3DWXKQ,"01 KP1, P.Thạnh Lộc, Q.12, TP.HCM",5100000.0,48.75,Nhà hẻm,,,Tây Bắc,,,,,104.60m²,,alley houses,104615.38461538461,10.790332591559688,106.6961167194689,1.2093676534244162,,,,,
QHR6DU,"33 Hẻm 164, P.Tân Chánh Hiệp, Q.12, TP.HCM",6100000.0,60.09,Nhà hẻm,,,Đông,,,,,101.50m²,,alley houses,101514.39507405557,10.764176053828146,106.7039158401266,1.8074207332111585,,,,,
UKJV4S,"330 An Bình, P.7, Q.5, TP.HCM",13200000.0,255.81,Nhà hẻm,,,Đông Nam,,,,,51.60m²,,alley houses,51600.79746686994,10.750466374761789,106.64887897754006,6.37196569219897,,,,,
SC03B5,"23 Hẻm 30, P.Tân Chánh Hiệp, Q.12, TP.HCM",7100000.0,50.1,Nhà hẻm,,,Nam,,,,,141.70m²,,alley houses,141716.56686626747,10.7826235792046,106.69133236431223,0.8983112521853424,,,,,
UKJTTS,"4a2 Hẻm 116, P.Hiệp Thành, Q.12, TP.HCM",7700000.0,50.35,Nhà hẻm,,,Đông Nam,,,,,152.90m²,,alley houses,152929.4935451837,10.777788941089748,106.6910842351744,0.896411772815186,,,,,
6A4TF8,"47/7A Huỳnh Tấn Phát, P.Tân Thuận Tây, Q.7, TP.HCM",8000000.0,74.62,Nhà hẻm,,,Đông Bắc,,,,,107.20m²,,alley houses,107209.86330742428,10.746950837360425,106.72363837223821,4.520619756720647,,,,,
PNZCZG,"813/9 Long Phước, Long Phước, Q.9, TP.HCM",6000000.0,67.95,Nhà hẻm,7.77m,11.97m,Nam,2.0,2.0,1.0,88.30m²,77.10m²,,alley houses,88300.22075055187,10.856285080191302,106.84318829396844,17.892011592999275,,,,,
8YFV73,"Hẻm 17 Lê Văn Khương, P.Hiệp Thành, Q.12, TP.HCM",4200000.0,58.33,Nhà hẻm,,,Đông,,,,,72m²,,alley houses,72004.11452082977,10.761565940946305,106.71142773099385,2.4290949064570078,,,,,
5B96G7,"34 Hẻm 551/195, P.Hiệp Thành, Q.12, TP.HCM",7500000.0,47.37,Nhà hẻm,,,Bắc,,,,,158.30m²,,alley houses,158328.05573147562,10.76281034440949,106.71096686578336,2.287023017445561,,,,,
26A9MZ,"880 Trường Chinh, Q.Tân Bình, TP.HCM",3500000.0,103.36,Nhà hẻm,,,Tây Nam,,,,,33.86m²,,alley houses,33862.229102167184,10.794558825751185,106.64206051404814,6.441016605865291,,,,,
8UECF3,"TK 11/22 đường Võ Văn Kiệt, P.Cầu Kho, Q.1, TP.HCM",6700000.0,2.61,Nhà hẻm,2.85m,10.6m,Đông Nam,5.0,6.0,4.0,26.10m²,52.40m²,2m,alley houses,2567049.8084291187,10.776732042254098,106.69549323349092,0.5133153454829628,,,,,
6SCZ48,"182/44A Bạch Đằng, P.14, Q.Bình Thạnh, TP.HCM",3000000.0,157.89,Nhà hẻm,3.05m,6.05m,Nam,2.0,1.0,2.0,19m²,38m²,,alley houses,19000.570017100516,10.811881260710814,106.7119654058165,3.821813830094151,,,,,
DC46VH,"518/21/46 Võ Văn Kiệt, P.Cầu Ông Lãnh, Q.1, TP.HCM",9000000.0,375.0,Nhà hẻm,3m,8m,Đông Nam,2.0,3.0,3.0,24m²,78.30m²,3.3m,alley houses,24000.0,10.789563404599885,106.6953472826418,1.1540994251464824,,,,,
DEPB7H,"39/11 Thạnh Lộc 40, P.Thạnh Lộc, Q.12, TP.HCM",5600000.0,101.81,Nhà hẻm,5m,11m,Đông Nam,2.0,2.0,2.0,55m²,110m²,,alley houses,55004.419998035555,10.770172493768126,106.69362984220275,1.2161852944584692,,,,,
6A4MK8,"19 Lê Trọng Tấn, P.Bình Hưng Hòa, Q.Bình Tân, TP.HCM",8800000.0,60.68,Nhà hẻm,,,Đông Bắc,,,,,145m²,,alley houses,145023.07185234016,10.761570530463429,106.60546613528798,10.429425849812956,,,,,
5H4DU7,"đường 26/3, P.Bình Hưng Hòa, Q.Bình Tân, TP.HCM",8490000.0,152.85,Nhà hẻm,4m,13.92m,Bắc,4.0,5.0,4.0,55.60m²,,7m,alley houses,55544.651619234544,10.76087972784338,106.5949770799337,11.570719830930024,,,,,
CWWFHB,"409/40/66/12/20 Tân Chánh Hiệp 13, P.Trung Mỹ Tây, Q.12, TP.HCM",3900000.0,125.4,Nhà hẻm,4m,9.66m,Đông Bắc,2.0,2.0,2.0,31.10m²,58.10m²,3m,alley houses,31100.47846889952,10.790070355790307,106.70772113836368,1.4826485290979632,,,,,
DE4DDH,"373/172/5/3 Lý Thường Kiệt, P.8, Q.Tân Bình, TP.HCM",7500000.0,154.95,Nhà hẻm,3.95m,12.1m,Tây Bắc,4.0,5.0,6.0,48.40m²,156.40m²,,alley houses,48402.7105517909,10.816246689719167,106.63792013393153,7.805546113332851,,,,,
SHDXR5,"3/4 Tân Thới Nhất 13B, P.Tân Thới Nhất, Q.12, TP.HCM",11800000.0,70.15,Nhà hẻm,7.48m,22.5m,Tây Nam,3.0,3.0,3.0,168.20m²,238.80m²,5m,alley houses,168210.9764789736,10.773027036764836,106.69819877670221,0.7530006837779052,,,,,
C0JNPB,"97/35 Phạm Phú Thứ, P.2, Q.6, TP.HCM",2850000.0,80.96,Nhà hẻm,3.25m,10.82m,Tây,4.0,3.0,2.0,35.20m²,86m²,,alley houses,35202.56916996048,10.734444838735355,106.62198267673553,9.806385369959528,,,,,
3DWEVQ,"8/24C Trương Công Định, Q.Tân Bình, TP.HCM",5740000.0,116.94,Nhà hẻm,,,Đông Bắc,,,,,49.10m²,,alley houses,49085.00085513939,10.812420638754011,106.64200033332222,7.206075984903746,,,,,
AHWJ4Y,"633/12/2 Hồng Bàng, P.6, Q.6, TP.HCM",15000000.0,206.34,Nhà hẻm,4.05m,17.58m,Tây Nam,6.0,2.0,5.0,71.10m²,189.20m²,8m,alley houses,72695.55103227682,10.73982665946344,106.64622889862682,7.272218089457632,,,,,
0F1B9N,"101/50A7 Kênh Tân Hóa, P.14, Q.6, TP.HCM",10500000.0,225.32,Nhà hẻm,4m,12.3m,Bắc,5.0,5.0,6.0,46.60m²,218.80m²,5m,alley houses,46600.39055565418,10.761978491794192,106.6308538609682,7.7120399849551005,,,,,
6A4CN8,"8/24C Trương Công Định, P.14, Q.Tân Bình, TP.HCM",5310000.0,120.46,Nhà hẻm,,,Đông Bắc,,,,,44.16m²,,alley houses,44081.0227461398,10.799795818757916,106.65651747593431,5.149158870236039,,,,,
0XSTT9,"17C Hẻm A4, Xã Lê Minh Xuân, H.Bình Chánh, TP.HCM",3610000.0,16.36,Nhà hẻm,,,Đông Nam,,,,,220.70m²,,alley houses,220660.1466992665,10.683361172249757,106.60086435338681,15.134547535588334,,,,,
6A4G58,"45/16M Tổ 45 KP4, P.Tân Chánh Hiệp, Q.12, TP.HCM",4800000.0,49.94,Nhà hẻm,,,Đông Bắc,,,,,96.10m²,,alley houses,96115.3384060873,10.787871943958738,106.7162944981123,2.089528778278653,,,,,
0XUQU9,"48 Thống Nhất, P.16, Q.Gò Vấp, TP.HCM",5750000.0,69.86,Nhà hẻm,,,Bắc,,,,,82.30m²,,alley houses,82307.4720870312,10.839296623577958,106.6817232144661,6.849391899727026,,,,,
13F1R6,"Bãi Sậy, P.1, Q.6, TP.HCM",13000000.0,92.85,Nhà hẻm,8m,13.65m,Đông,3.0,2.0,2.0,140m²,201.95m²,1m,alley houses,140010.77005923534,10.74657794706393,106.63983208227737,7.443847956737547,,,,,
5YEBS7,"Nguyễn Văn Luông, P.11, Q.6, TP.HCM",12500000.0,89.4,Nhà hẻm,4m,27.65m,Tây Nam,4.0,3.0,3.0,125.90m²,,4.5m,alley houses,139821.02908277404,10.759705956199095,106.62848917364754,8.028269793534218,,,,,
3DW41Q,"A16 Ấp Mỹ Hòa 2, Xã Xuân Thới Đông, H.Hóc Môn, TP.HCM",3900000.0,37.0,Nhà hẻm,,,Tây Nam,,,,,105.40m²,,alley houses,105405.4054054054,10.875843453314683,106.59420340774605,15.629776137244226,,,,,
PV75AG,"84 Phạm Hữu Lầu, P.Phú Mỹ, Q.7, TP.HCM",6100000.0,63.89,Nhà hẻm,,,Tây,,,,,95.47m²,,alley houses,95476.60040694944,10.745535789531727,106.74193896980353,6.031545357760074,,,,,
EPVYC4,"132/153 Đoàn Văn Bơ, P.14, Q.4, TP.HCM",7800000.0,92.52,Nhà hẻm,,,Tây Bắc,,,,,84.30m²,,alley houses,84306.09597924774,10.74335018102329,106.69415381515414,4.065271750974067,,,,,
UKJXBS,"224 Hiệp Thành 5, P.Tân Thới Hiệp, Q.12, TP.HCM",6900000.0,62.16,Nhà hẻm,,,Tây Nam,,,,,111m²,,alley houses,111003.861003861,10.768496251862896,106.7017578573362,1.2838810706861412,,,,,
4JQR7F,"B3/5, ấp 2, Xã Vĩnh Lộc A, H.Bình Chánh, TP.HCM",5300000.0,16.8,Nhà hẻm,8m,18m,,2.0,2.0,1.0,315.40m²,,,alley houses,315476.1904761905,10.69210815845643,106.59553712186388,14.90643900688906,,,,,
KE0Y1C,"đường Bà Ký, P.9, Q.6, TP.HCM",9000000.0,107.89,Nhà hẻm,5.31m,21.44m,Tây Nam,2.0,2.0,2.0,79.30m²,,5.4m,alley houses,83418.29641301326,10.739351057326385,106.62806185643745,8.958294646108016,,,,,
132Y06,"44 Số 32, P.Tân Phong, Q.7, TP.HCM",16900000.0,234.72,Nhà hẻm,4m,18m,Nam,7.0,4.0,4.0,72m²,190.08m²,10m,alley houses,72000.68166325835,10.746282895988916,106.71808566203735,4.2517632274821855,,,,,
CKPJBC,"115/1/82 Nguyên Hồng, P.1, Q.Gò Vấp, TP.HCM",1980000.0,154.68,Nhà hẻm,3.42m,4.96m,Tây Nam,2.0,2.0,2.0,12.80m²,25.60m²,3m,alley houses,12800.620636152054,10.841193400802192,106.68912074665668,6.878449905193734,,,,,
G1A7A2,"50/7 Trần Xuân Soạn, P.Tân Kiểng, Q.7, TP.HCM",6900000.0,76.32,Nhà hẻm,,,Bắc,,,,,90.40m²,,alley houses,90408.80503144655,10.717799266114044,106.71686202592561,7.128508645672986,,,,,
CF0QZB,"115/15 Lê Trọng Tấn, P.Sơn Kỳ, Q.Tân Phú, TP.HCM",6900000.0,146.49,Nhà hẻm,3.92m,12m,Tây,4.0,3.0,3.0,47.10m²,133.30m²,4.6m,alley houses,47102.191275855,10.780780791904373,106.63082747051118,7.459748021058413,,,,,
36VZQ3,"đường Trần Hưng Đạo, P.Cầu Kho, Q.1, TP.HCM",8500000.0,257.57,Nhà hẻm,3.1m,9.83m,Tây Bắc,5.0,5.0,3.0,33m²,,,alley houses,33000.73766354778,10.790007290573604,106.71132700291099,1.757214567780501,,,,,
Q5YEMU,"Hậu Giang, P.2, Q.6, TP.HCM",7500000.0,100.14,Nhà hẻm,6.87m,11.59m,Đông Bắc,5.0,6.0,2.0,86m²,131.30m²,2.35m,alley houses,74895.14679448772,10.744594521828565,106.6368502556349,7.835846116832154,,,,,
AH8T7Y,"263/34  Xóm Chiếu, P.15, Q.4, TP.HCM",13500000.0,156.97,Nhà hẻm,4.48m,18.27m,Bắc,4.0,4.0,4.0,86m²,241.20m²,3m,alley houses,86003.69497356183,10.753475931752495,106.6910876107743,3.036948728356502,,,,,
EP1TM4,"73/24/22 Đô Đốc Long, P.Tân Quý, Q.Tân Phú, TP.HCM",6300000.0,75.63,Nhà hẻm,,,Đông,,,,,83.30m²,,alley houses,83300.27766759224,10.786017734455797,106.61262717842035,9.47449366820221,,,,,
UCFD1S,"đường số 339, P.Phước Long B, TP.Thủ Đức, TP.HCM",20000000.0,97.89,Nhà hẻm,10m,20.95m,Tây Bắc,5.0,5.0,3.0,204.30m²,,5m,alley houses,204310.96128307283,10.835938242892773,106.76472208622681,9.496962799291047,,,,,
PV73UG,"724/12 Tổ 39 Khu phố 3, P.10, Q.10, TP.HCM",9300000.0,173.5,Nhà hẻm,,,Đông Bắc,,,,,53.60m²,,alley houses,53602.30547550432,10.763807923078279,106.71106384842876,2.2036527640900907,,,,,
5YMYJ7,"Trường Chinh, P.12, Q.Tân Bình, TP.HCM",8500000.0,2.07,Nhà hẻm,3.5m,11.35m,Tây Bắc,2.0,2.0,2.0,35.81m²,71.62m²,,alley houses,4106280.193236715,10.796282643435944,106.63826191489022,6.891670324707996,,,,,
17U9T6,"32/36/26G Ông Ích Khiêm, P.11, Q.11, TP.HCM",2150000.0,154.67,Nhà hẻm,2.2m,6.7m,Đông Nam,2.0,2.0,2.0,13.90m²,27.80m²,,alley houses,13900.562487877418,10.780888867066347,106.69930847520041,0.12589637292698175,,,,,
J21XX0,"383/70 Quang trung, P.10, Q.Gò Vấp, TP.HCM",6900000.0,110.22,Nhà hẻm,3.65m,17.8m,Tây Bắc,3.0,2.0,2.0,62.60m²,104.50m²,4m,alley houses,62602.068590092545,10.825652944481972,106.662432131064,6.462069132280707,,,,,
5EYGT7,"208/56 Đoàn Văn Bơ, P.9, Q.4, TP.HCM",5300000.0,139.47,Nhà hẻm,5m,8m,Đông Nam,4.0,3.0,3.0,38m²,99.60m²,3m,alley houses,38001.00380010038,10.769349710903095,106.68920154057183,1.5771426977701857,,,,,
20RAZN,"Phan Anh, P.Hiệp Tân, Q.Tân Phú, TP.HCM",6400000.0,102.89,Nhà hẻm,4m,15.55m,,3.0,2.0,3.0,62.20m²,124.60m²,4m,alley houses,62202.352026436,10.78810967460974,106.62396245167604,8.26112619403793,,,,,
3SNE4Q,"135/14 Đường Bình Thới, P.11, Q.11, TP.HCM",8300000.000000001,126.33,Nhà hẻm,4m,16m,Đông Bắc,2.0,2.0,2.0,65.70m²,81.20m²,8m,alley houses,65700.94197736088,10.786153103229168,106.70910686012625,1.3081365337170285,,,,,
U7K2CS,"131/26 Kinh Dương Vương, P.12, Q.6, TP.HCM",16500000.0,93.05,Nhà hẻm,8.03m,20.58m,Đông,6.0,5.0,4.0,163.40m²,,5.52m,alley houses,177324.01934443848,10.754107682920457,106.62538869787822,8.540244049507598,,,,,
SD4MC5,"Thới An 13, P.Thới An, Q.12, TP.HCM",4200000.0,73.68,Nhà hẻm,4m,14.25m,Tây,2.0,2.0,2.0,57m²,74.80m²,,alley houses,57003.25732899022,10.77991316937683,106.71029204817926,1.2320063386402542,,,,,
SAVVN5,"Bùi Đình Tuý, P.12, Q.Bình Thạnh, TP.HCM",6850000.0,143.9,Nhà hẻm,3.95m,12m,Bắc,2.0,2.0,2.0,47.60m²,,2.5m,alley houses,47602.50173731758,10.81789097108395,106.71981796292279,4.789128272805509,,,,,
7D15QA,"63/7 Đường Thạnh Lộc 40, P.Thạnh Lộc, Q.12, TP.HCM",7980000.0,123.91,Nhà hẻm,4m,16.17m,Đông Bắc,4.0,4.0,5.0,64.40m²,225.50m²,8m,alley houses,64401.58179323703,10.77376708256987,106.70882419993576,1.2613494364104392,,,,,
GNU092,"120/2A Đường Thới An 13, P.Thới An, Q.12, TP.HCM",6000000.0,100.0,Nhà hẻm,4m,14.01m,Đông,5.0,4.0,3.0,55.40m²,133.60m²,6m,alley houses,60000.0,10.787930607191804,106.6878647993807,1.5173553489166491,,,,,
7D8RJA,"Huỳnh Tấn Phát, P.Phú Mỹ, Q.7, TP.HCM",4300000.0,125.36,Nhà hẻm,4m,8.45m,Tây Bắc,2.0,2.0,2.0,34.30m²,32.70m²,2m,alley houses,34301.21250797703,10.729948797605637,106.73754893436525,6.938289985518356,,,,,
9TMJVP,"58/1C Đồng Nai, P.15, Q.10, TP.HCM",10950000.0,218.56,Nhà hẻm,3.99m,8.69m,Đông Bắc,5.0,4.0,4.0,50.10m²,159m²,4m,alley houses,50100.6588579795,10.781319112991486,106.70191991985342,0.3589293009000121,,,,,
8YNMN3,"270/33 Lý Thường Kiệt, P.14, Q.10, TP.HCM",22000000.0,259.12,Nhà hẻm,4.1m,23m,Đông Nam,5.0,4.0,3.0,84.90m²,220.80m²,12m,alley houses,84902.74776165483,10.78108743192497,106.69376477558859,0.5933808472210346,,,,,
JX9XD0,"C2/61B Tân Liêm, Xã Phong Phú, H.Bình Chánh, TP.HCM",4500000.0,52.14,Nhà hẻm,5m,17.2m,Tây Bắc,1.0,1.0,1.0,86.30m²,,,alley houses,86306.09896432681,10.68024962636291,106.60877979122004,14.787541816839868,,,,,
QH4WRU,"Huỳnh Tấn Phát, P.Phú Thuận, Q.7, TP.HCM",5700000.0,121.79,Nhà hẻm,3m,16m,Đông,3.0,4.0,3.0,46.80m²,150m²,5m,alley houses,46801.872074882995,10.741374746913973,106.74331684664715,6.443319859202062,,,,,
5YV0X7,"103/2A3 Đường Lý Chiêu Hoàng, P.10, Q.6, TP.HCM",11200000.0,133.01,Nhà hẻm,4m,20.2m,Đông Nam,9.0,9.0,5.0,84.20m²,270.90m²,4m,alley houses,84204.19517329524,10.743943261831708,106.64280303294953,7.3167580352787525,,,,,
6YUVZ8,"872/91 Quang Trung, P.8, Q.Gò Vấp, TP.HCM",16800000.0,235.95,Nhà hẻm,4m,22.29m,Đông Nam,8.0,10.0,6.0,71.20m²,345.90m²,7.02m,alley houses,71201.52574698029,10.832265261322709,106.67383253190727,6.425735967106064,,,,,
JZB9A0,"93/13/8 Nguyễn Du, P.7, Q.Gò Vấp, TP.HCM",2290000.0,238.54,Nhà hẻm,2.6m,5.68m,Tây Bắc,1.0,2.0,2.0,9.60m²,17.90m²,4m,alley houses,9600.067074704453,10.812145073949123,106.67676466258689,4.329036443819595,,,,,
QAJBAU,"An Phú Đông 11, P.An Phú Đông, Q.12, TP.HCM",1650000.0,47.14,Nhà hẻm,5m,7m,Tây Nam,1.0,1.0,1.0,35m²,,,alley houses,35002.121340687314,10.778330291725739,106.6987266572152,0.16425028424735008,,,,,
37UKDQ,"550/31 Lê Hồng Phong, P.10, Q.10, TP.HCM",3350000.0,239.28,Nhà hẻm,2.44m,5.84m,Tây Nam,2.0,2.0,3.0,14m²,,,alley houses,14000.334336342361,10.764000348630677,106.71094058651988,2.178530369016965,,,,,
5DHCH7,"40/2 Ấp Mới 2, Xã Trung Chánh, H.Hóc Môn, TP.HCM",6700000.0,45.64,Nhà hẻm,6.32m,22.9m,Đông Bắc,3.0,2.0,1.0,146.80m²,40.10m²,5m,alley houses,146801.05170902718,10.886706224150256,106.6023360560171,15.864021612386178,,,,,
JPNV60,"Bùi Thị Xuân, P.3, Q.Tân Bình, TP.HCM",7200000.0,141.17,Nhà hẻm,3.8m,13.5m,Đông Nam,2.0,1.0,2.0,51m²,89.38m²,3m,alley houses,51002.33760714033,10.799791989486788,106.65027323744232,5.773046199423958,,,,,
DR9KDH,"220/54/8 Âu Cơ, P.9, Q.Tân Bình, TP.HCM",7500000.0,183.37,Nhà hẻm,5.35m,9.1m,Đông,1.0,1.0,1.0,40.90m²,40.90m²,3.9m,alley houses,40900.91072694552,10.801211959439772,106.65720078923798,5.151936698307228,,,,,
PT2NAG,"26A đường số 2B, P.Bình Hưng Hoà A, Q.Bình Tân, TP.HCM",8300000.000000001,128.68,Nhà hẻm,4m,15.94m,Tây Bắc,1.0,1.0,3.0,64.50m²,111.20m²,5.8m,alley houses,64501.087970158536,10.759143236459774,106.59301528980505,11.817450673480375,,,,,
6Q24F8,"116/10/3 Lê Bình, P.4, Q.Tân Bình, TP.HCM",5100000.0,209.01,Nhà hẻm,3.27m,7.52m,Tây Bắc,3.0,3.0,4.0,24.40m²,74.90m²,2.5m,alley houses,24400.746375771494,10.800840662852297,106.64415691981402,6.4370411628792255,,,,,
EWAQ24,"578A/13 Ấp 1, Xã An Phú Tây, H.Bình Chánh, TP.HCM",12000000.0,33.38,Nhà hẻm,6.2m,51.9m,Đông,6.0,6.0,1.0,359.40m²,,3m,alley houses,359496.704613541,10.679925284660529,106.5905113446774,16.21450403617047,,,,,
UD0TYS,"33/20/3 Thạnh Xuân 33, P.Thạnh Xuân, Q.12, TP.HCM",3850000.0,64.16,Nhà hẻm,4m,15m,Nam,2.0,2.0,1.0,60m²,,,alley houses,60006.23441396509,10.764603549452382,106.70417847137033,1.771230031725092,,,,,
5Y1C97,"18/8 Đường Phù Đổng Thiên Vương, P.11, Q.5, TP.HCM",6600000.0,151.37,Nhà hẻm,3.3m,13.2m,Nam,2.0,2.0,3.0,43.60m²,124.68m²,4m,alley houses,43601.770496135294,10.751541143561228,106.67459243924957,4.111323140537203,,,,,
C4SX8B,"293/31/1H Phan Xích Long, P.2, Q.Phú Nhuận, TP.HCM",6400000.0,188.23,Nhà hẻm,3m,11m,Đông,6.0,4.0,5.0,34m²,57.30m²,2.5m,alley houses,34000.95627689529,10.787264969010133,106.68026955551511,2.2121037816570133,,,,,
6YR1J8,"350/30/3 Nguyễn Văn Khối, P.9, Q.Gò Vấp, TP.HCM",6180000.0,201.3,Nhà hẻm,3.5m,9.28m,Tây Nam,3.0,4.0,4.0,30.70m²,,4m,alley houses,30700.447093889714,10.820057570984016,106.67256919394856,5.311950483781219,,,,,
AFHP1Y,"195/1B Tôn Thất Thuyết, P.3, Q.4, TP.HCM",8500000.0,236.11,Nhà hẻm,5m,7.5m,Đông,3.0,4.0,4.0,36m²,113m²,5m,alley houses,36000.16941256194,10.764159406673357,106.7159063989712,2.5288481963440703,,,,,
3SAZWQ,"Điện Biên Phủ, P.17, Q.Bình Thạnh, TP.HCM",9200000.0,132.37,Nhà hẻm,4.05m,16.95m,Tây,2.0,2.0,2.0,69.50m²,147.40m²,,alley houses,69502.15305582836,10.802567438914679,106.6946212379249,2.565708735277758,,,,,
U1RRS5,"Đường Calmette, P.Nguyễn Thái Bình, Q.1, TP.HCM",28300000.0,375.63,Nhà hẻm,4.8m,16.2m,Đông Nam,5.0,19.0,7.0,75.34m²,416.99m²,4.6m,alley houses,75340.09530655167,10.781806897882984,106.70688002671919,0.8874015811019227,,,,,
6QZTT8,"Nguyễn Thị Tần, P.Rạch Ông, Q.8, TP.HCM",3900000.0,157.89,Nhà hẻm,3.2m,8m,Tây Bắc,2.0,2.0,2.0,24.70m²,49.40m²,2m,alley houses,24700.741022230668,10.709151800578937,106.61877014112294,11.751884875651754,,,,,
614F8Y,"Lò Gốm, P.2, Q.6, TP.HCM",6000000.0,132.23,Nhà hẻm,7.4m,6.17m,Nam,1.0,1.0,2.0,45.30m²,59.20m²,9m,alley houses,45375.48211449747,10.737597113368498,106.6214887469348,9.67998095918228,,,,,
GTFHV2,"1351/36 Đường Phan Văn Trị, P.10, Q.Gò Vấp, TP.HCM",5100000.0,102.61,Nhà hẻm,8.38m,5.84m,Đông Nam,3.0,2.0,2.0,49.70m²,100m²,3m,alley houses,49702.758015787935,10.829809686768906,106.67831350053278,5.979140150473002,,,,,
YBWW3D,"41/15 đường số 3, P.9, Q.Gò Vấp, TP.HCM",4950000.0,124.37,Nhà hẻm,3.98m,10m,Đông Bắc,2.0,2.0,2.0,39.80m²,,3.8m,alley houses,39800.59499879392,10.81273417525625,106.66481430734429,5.223346943390208,,,,,
7KFYXA,"105/48 đường số 59, P.14, Q.Gò Vấp, TP.HCM",16800000.0,301.61,Nhà hẻm,4.69m,14.19m,Tây Nam,19.0,20.0,6.0,55.70m²,276.70m²,6m,alley houses,55701.07091939922,10.82117757921907,106.67742107635502,5.152357300736327,,,,,
3YT91Q,"1/21G Đặng Thúc Vịnh, Xã Đông Thạnh, H.Hóc Môn, TP.HCM",3450000.0,89.37,Nhà hẻm,4.06m,13.17m,Tây Bắc,3.0,2.0,3.0,38.60m²,106.80m²,2.62m,alley houses,38603.55824102047,10.889866392370704,106.58938743027882,17.0880752337659,,,,,
3AKM0Q,"69/14/30 An Phú Đông 11, P.An Phú Đông, Q.12, TP.HCM",2850000.0,42.47,Nhà hẻm,10.05m,7.14m,Đông Nam,2.0,2.0,2.0,67.10m²,,,alley houses,67106.1926065458,10.789469291556442,106.68779228112955,1.63017113217881,,,,,
4RRBWF,"193/8B1 Văn Thân, P.8, Q.6, TP.HCM",6200000.0,79.67,Nhà hẻm,3.55m,21.1m,Đông Bắc,2.0,2.0,2.0,72.30m²,72.30m²,2.4m,alley houses,77821.01167315175,10.734514950156148,106.63654353955316,8.472443238802413,,,,,
JN5U60,"30/17 Thạnh Lộc 17, P.Thạnh Lộc, Q.12, TP.HCM",2550000.0,93.06,Nhà hẻm,5m,6.8m,Đông Bắc,1.0,1.0,1.0,27.40m²,,,alley houses,27401.67633784655,10.789475425643088,106.68999905968063,1.4574028082091608,,,,,
PM05ZG,"40 Đoàn Văn Bơ, P.13, Q.4, TP.HCM",1380000.0,45.54,Nhà hẻm,2m,5.2m,Đông Bắc,2.0,1.0,3.0,30.30m²,30.30m²,,alley houses,30303.030303030304,10.751117518949702,106.69183824162057,3.267046403831642,,,,,
E0XRP4,"50/1/27 đường 59, P.14, Q.Gò Vấp, TP.HCM",6650000.0,158.33,Nhà hẻm,3.55m,12m,Nam,4.0,4.0,4.0,42m²,,,alley houses,42000.884229141666,10.835892563326777,106.66367519002307,7.311923251005899,,,,,
7EGG8A,"63/2 Liên Khu 16-18, P.Bình Trị Đông, Q.Bình Tân, TP.HCM",7300000.0,63.58,Nhà hẻm,,,Nam,,,,,114.80m²,,alley houses,114815.97986788298,10.772082115237469,106.60965889751502,9.811299896067876,,,,,
7D8WRA,"159/48/48 Đường Trần Văn Đang, P.11, Q.3, TP.HCM",4650000.0,136.36,Nhà hẻm,3.17m,11.75m,Đông Nam,2.0,1.0,2.0,34.10m²,63m²,3m,alley houses,34100.90935758287,10.796284662277369,106.69609599688808,1.8530352360096758,,,,,
8UXAV3,"275/138/22 Quang Trung, P.10, Q.Gò Vấp, TP.HCM",6000000.0,84.15,Nhà hẻm,4.15m,14.47m,Đông Nam,2.0,1.0,2.0,71.30m²,77m²,2.15m,alley houses,71301.247771836,10.827403593010994,106.67113385204259,6.086819276498779,,,,,
74PXBA,"766/16/34A Cách Mạng Tháng Tám, P.5, Q.Tân Bình, TP.HCM",3000000.0,283.01,Nhà hẻm,3.95m,5.82m,Tây Nam,3.0,3.0,4.0,10.60m²,42.40m²,2m,alley houses,10600.332143740505,10.795268734073593,106.65457030275283,5.154955446156046,,,,,
Q56QTU,"70/18 Lò Lu, P.Long Phước, TP.Thủ Đức, TP.HCM",7600000.0,52.85,Nhà hẻm,6.02m,25.93m,Đông,8.0,8.0,1.0,143.80m²,104.80m²,3.7m,alley houses,143803.21665089877,10.845325539353356,106.74077539340011,8.56736767976279,,,,,
YFHWKD,"79/15 đường số 18, P.8, Q.Gò Vấp, TP.HCM",4500000.0,146.57,Nhà hẻm,3.4m,9m,Đông Bắc,2.0,2.0,2.0,30.70m²,55.30m²,1.74m,alley houses,30702.05362625367,10.831122526952399,106.69083712240247,5.748826929065502,,,,,
R99KKJ,"568/22 Nguyễn Ảnh Thủ, Xã Thới Tam Thôn, H.Hóc Môn, TP.HCM",3700000.0,45.51,Nhà hẻm,4.94m,16.4m,Tây Nam,3.0,2.0,2.0,81.30m²,,2.5m,alley houses,81300.81300813009,10.894277257438448,106.5852142142105,17.75584810721622,,,,,
3A6YAQ,"523/53/15 Lê Đức Thọ, P.16, Q.Gò Vấp, TP.HCM",2750000.0,151.93,Nhà hẻm,3.17m,5.8m,Tây Nam,2.0,2.0,3.0,18.10m²,,,alley houses,18100.440992562362,10.83834446823952,106.67969731439993,6.8136814926463645,,,,,
SABFV5,"Cư Xá Phú Lâm D, P.10, Q.6, TP.HCM",28000000.0,209.52,Nhà hẻm,7.66m,17.2m,Đông,4.0,4.0,4.0,128.60m²,,7m,alley houses,133638.79343260787,10.736666359517532,106.64290448267693,7.773654196933184,,,,,
1A7R96,"366 Bùi Hữu Nghĩa, Gia Định, Gò Vấp, TP.HCM",5050000.0,210.41,Nhà hẻm,3.5m,7m,,4.0,3.0,3.0,,24m²,,alley houses,24000.760420132123,10.828619384975179,106.66802860893088,6.377401371289207,,,,,
7CQREA,"74/6/115 đường số 9, P.16, Q.Gò Vấp, TP.HCM",2800000.0,177.21,Nhà hẻm,2.6m,5.99m,Đông Nam,2.0,2.0,2.0,15.80m²,19.20m²,2m,alley houses,15800.462727837028,10.836794123229797,106.67434636080738,6.859337907154667,,,,,
C4Y57B,"170/16 Dương Quảng Hàm, P.5, Q.Gò Vấp, TP.HCM",4650000.0,223.98,Nhà hẻm,3.05m,5.5m,Tây Bắc,2.0,2.0,2.0,20.76m²,41.52m²,3.8m,alley houses,20760.782212697562,10.816292542710368,106.68222144509407,4.436823257999503,,,,,
KWUP6C,"50/32/8 đường số 9, P.16, Q.Gò Vấp, TP.HCM",7500000.0,129.31,Nhà hẻm,4.4m,13.13m,Tây Nam,4.0,3.0,3.0,58m²,165.10m²,8m,alley houses,58000.154667079114,10.81797050897287,106.68921312176492,4.358072903115871,,,,,
JN3ZZ0,"449/6/20 Lê Quang Định, P.12, Q.Bình Thạnh, TP.HCM",7350000.0,148.48,Nhà hẻm,6.42m,7.92m,Đông Bắc,4.0,6.0,3.0,49.50m²,,3m,alley houses,49501.61637931035,10.80824636537198,106.69596939947522,3.165923862368449,,,,,
R239KJ,"114/66 Dương Quảng Hàm, P.5, Q.Gò Vấp, TP.HCM",10200000.0,159.37,Nhà hẻm,4.13m,16.04m,Tây Bắc,5.0,5.0,6.0,64m²,,4m,alley houses,64002.007906130384,10.818580714191212,106.68993523058116,4.405025663710762,,,,,
R2UN4J,"Lê Đức Thọ, P.17, Q.Gò Vấp, TP.HCM",35500000.0,215.41,Nhà hẻm,10.2m,15.1m,Tây Bắc,25.0,25.0,6.0,164.80m²,645.30m²,4.3m,alley houses,164802.00547792582,10.824364979143787,106.68136581201128,5.295936641273824,,,,,
Q5ATDU,"Quốc lộ 1A, P.Thạnh Lộc, Q.12, TP.HCM",6650000.0,97.65,Nhà hẻm,4.5m,15.1m,Tây Bắc,3.0,4.0,4.0,68.10m²,194.30m²,4m,alley houses,68100.35842293907,10.77114065727491,106.70540082554204,1.1832471380108478,,,,,
7EP14A,"70/1 Hẻm 347/69 Lê Văn Thọ, P.9, Q.Gò Vấp, TP.HCM",7100000.0,94.26,Nhà hẻm,,,Đông Bắc,,,,,75.32m²,,alley houses,75323.57309569276,10.821189863463772,106.68654184779119,4.779152780005703,,,,,
8AVJB3,"Một phần nhà 13/16 đường số 2, P.Tam Phú, TP.Thủ Đức, TP.HCM",6000000.0,106.57,Nhà hẻm,6.28m,8.99m,Tây Nam,4.0,4.0,3.0,56.30m²,142.44m²,,alley houses,56301.02280191424,10.84707232378168,106.76560786188764,10.41190425370124,,,,,
AH6XKY,"80/11/21 Đường số 5, P.17, Q.Gò Vấp, TP.HCM",9000000.0,176.47,Nhà hẻm,4.09m,13.2m,Nam,3.0,3.0,5.0,51m²,174.30m²,5m,alley houses,51000.17000056667,10.8225976330133,106.68010569559289,5.16802994452834,,,,,
0GBFQ9,"36/31C Đường số 4, KP6, P.Hiệp Bình Phước, TP.Thủ Đức, TP.HCM",7700000.0,96.25,Nhà hẻm,4.36m,19.13m,Tây Bắc,2.0,2.0,3.0,80m²,106.20m²,4.65m,alley houses,80000.0,10.838575346446907,106.73884804716022,7.826339928360472,,,,,
KEJ3ZC,"Quang Trung, P.8, Q.Gò Vấp, TP.HCM",4900000.0,116.11,Nhà hẻm,3.62m,11.38m,,2.0,2.0,2.0,42.20m²,61.80m²,5m,alley houses,42201.360778572045,10.826276517585658,106.68041035466157,5.5309573282410485,,,,,
Q1MYUQ,"Ngô Chí Quốc, P.Bình Chiểu, TP.Thủ Đức, TP.HCM",7300000.0,56.15,Nhà hẻm,8m,14.2m,Đông Nam,4.0,4.0,3.0,130m²,,5m,alley houses,130008.90471950134,10.860297751512032,106.74153273611077,10.045761216972611,,,,,
8YMQ13,"297/14/3 Phan Huy Ích, P.14, Q.Gò Vấp, TP.HCM",11500000.0,169.36,Nhà hẻm,4m,17m,Đông Bắc,4.0,6.0,5.0,67.90m²,236.40m²,5m,alley houses,67902.69248937175,10.839401977487201,106.68564901393584,6.754788795410553,,,,,
4RYDGF,"285/101/4C Cách Mạng Tháng Tám, P.12, Q.10, TP.HCM",12500000.0,265.95,Nhà hẻm,3m,16.78m,Tây Bắc,9.0,10.0,5.0,47m²,200.30m²,4.5m,alley houses,47001.316036849035,10.789001997023322,106.6975551630564,1.0321675054481492,,,,,
9XM1KP,"đường số 7, P.Long Phước, TP.Thủ Đức, TP.HCM",14500000.0,63.54,Nhà hẻm,8m,28.99m,Tây Bắc,4.0,4.0,2.0,228.20m²,297.90m²,6m,alley houses,228202.70695624803,10.853855596190334,106.74910907254387,9.8550269461925,,,,,
GTWXE2,"- 7/3 Đường Trương Hán Siêu, P.Đa Kao, Q.1, TP.HCM",12500000.0,110.65,Nhà hẻm,8m,15.29m,Đông Bắc,1.0,1.0,2.0,112.96m²,,,alley houses,112968.82060551287,10.768845300908858,106.68760903678934,1.7389668980925286,,,,,
8UZMP3,"Cách Mạng Tháng Tám, P.5, Q.Tân Bình, TP.HCM",9200000.0,152.31,Nhà hẻm,3.8m,14m,Đông Nam,2.0,2.0,3.0,60.40m²,86.30m²,4m,alley houses,60403.12520517366,10.811026925594884,106.65895007436431,5.581499697689601,,,,,
JPQHS0,"Cư Xá Phú Lâm B, P.13, Q.6, TP.HCM",11200000.0,84.33,Nhà hẻm,4.5m,24.93m,Bắc,4.0,2.0,2.0,132.80m²,145.72m²,5.44m,alley houses,132811.5735799834,10.750318290321955,106.64357795613645,6.8851195850482565,,,,,
7D8RBA,"17/18/5 Đường Số 2, khu phố 22, P.Bình Hưng Hòa, Q.Bình Tân, TP.HCM",6500000.0,109.42,Nhà hẻm,8m,7.3m,Tây Nam,4.0,3.0,3.0,59.40m²,145m²,4.6m,alley houses,59404.13087186986,10.76051973554113,106.61571313947877,9.358118421668538,,,,,
61FW8Y,"263/49 Liên Khu 4-5, khu phố 5, P.Bình Hưng Hoà B, Q.Bình Tân, TP.HCM",8500000.0,60.24,Nhà hẻm,4.25m,29.9m,Tây,3.0,2.0,2.0,126.81m²,180.85m²,6m,alley houses,141102.25763612217,10.76538802451186,106.61216521294253,9.632771964764753,,,,,
RT3D3J,"1 Hẻm 2, TP.Thủ Đức, TP.HCM",13500000.0,68.42,Nhà hẻm,,,Tây Bắc,,,,,197.30m²,,alley houses,197310.72785735165,10.839530410706171,106.74743144968728,8.467154890547144,,,,,
3DWZCQ,"24 Đường 138, P.Tân Phú, TP.Thủ Đức, TP.HCM",4900000.0,61.25,Nhà hẻm,,,Tây,,,,,80m²,,alley houses,80000.0,10.789500945104116,106.61938469011706,8.776330673449433,,,,,
YFZJ1D,"44/4A Số 16, P.Bình Hưng Hòa, Q.Bình Tân, TP.HCM",9400000.0,65.91,Nhà hẻm,,,Đông Bắc,,,,,142.60m²,,alley houses,142618.7225003793,10.752580490383478,106.61227189419336,9.954477803502488,,,,,
KJNQGC,"8 Nguyễn Xiển, P.Long Bình, TP.Thủ Đức, TP.HCM",4500000.0,48.59,Nhà hẻm,,,Tây Nam,,,,,92.60m²,,alley houses,92611.64848734307,10.852595388395807,106.75017338345285,9.805369536054677,,,,,
5KRQZ7,"Nguyễn Đình Chiểu, P.4, Q.3, TP.HCM",9180000.0,342.53,Nhà hẻm,3.08m,10.04m,Tây Nam,4.0,4.0,4.0,26.80m²,91.70m²,4m,alley houses,26800.572212652907,10.790471511968573,106.67818750126341,2.567533030752492,,,,,
DCTDMH,"08 Diệp Minh Tuyền, P.Phước Long B, TP.Thủ Đức, TP.HCM",35000000.0,116.66,Nhà hẻm,15m,20m,Tây Bắc,9.0,9.0,4.0,300m²,598.90m²,12m,alley houses,300017.1438367907,10.855270305415965,106.75197473705548,10.160746398445733,,,,,
379NUQ,"61/2 Nguyễn Xiển, Trường Thạnh, Q.9, TP.HCM",6800000.0,34.0,Nhà hẻm,15.1m,14.07m,Đông Bắc,1.0,1.0,1.0,200m²,62.30m²,,alley houses,200000.0,10.854024691983177,106.8398127724891,17.44863736761245,,,,,
K4RUMC,"70/28 Hà Thị Đát, P.Tân Quý, Q.Tân Phú, TP.HCM",18500000.0,154.16,Nhà hẻm,6m,20m,Đông Nam,22.0,22.0,5.0,120m²,481.60m²,6.85m,alley houses,120005.18941359626,10.792659248340005,106.61840035553296,8.932137331345503,,,,,
13ARE6,"160/35/14 Đường Nguyễn Văn Quỳ, P.Phú Thuận, Q.7, TP.HCM",7500000.0,134.31,Nhà hẻm,4m,13.96m,Bắc,4.0,2.0,3.0,55.84m²,,1.5m,alley houses,55840.96493187402,10.728706767441148,106.7294219589497,6.555393119507409,,,,,
8DSX43,"107/15A Lò Siêu, P.16, Q.11, TP.HCM",5510000.0,142.6,Nhà hẻm,,,Tây Bắc,,,,,38.70m²,,alley houses,38639.55119214587,10.766261108124388,106.70629782504507,1.6940966849084362,,,,,
KJXR5C,"501/15H Trần Xuân Soạn, P.Tân Hưng, Q.7, TP.HCM",6740000.0,85.69,Nhà hẻm,,,Bắc,,,,,78.65m²,,alley houses,78655.61909207609,10.738408003082197,106.7326098871089,5.868436867694051,,,,,
3DRD2Q,"10 Chu Văn An, P.12, Q.Bình Thạnh, TP.HCM",4750000.0,105.75,Nhà hẻm,,,Nam,,,,,45m²,,alley houses,44917.25768321513,10.819244606719028,106.69474944590375,4.389764449368983,,,,,
RNMRFJ,"102 Tô Ký, P.Đông Hưng Thuận, Q.12, TP.HCM",27000000.0,258.62,Nhà hẻm,5.2m,32.41m,Tây Nam,1.0,1.0,3.0,104.40m²,,,alley houses,104400.2784007424,10.780943421346763,106.69167716852493,0.8140907827859628,,,,,
5BPGB7,"49/2/8A Hoài Thanh, P.14, Q.8, TP.HCM",5110000.0,37.59,Nhà hẻm,,,Nam,,,,,136.20m²,,alley houses,135940.40968342643,10.70875190064175,106.62572594429402,11.225897433127903,,,,,
SC0035,"41/1/5 Đội Cung, P.11, Q.11, TP.HCM",4600000.0,140.67,Nhà hẻm,,,Đông,,,,,32.70m²,,alley houses,32700.646904101803,10.781593342729911,106.69045196651119,0.9590315906760295,,,,,
6A44V8,"41/1/1 Đội Cung, P.11, Q.11, TP.HCM",4400000.0,144.26,Nhà hẻm,,,Đông,,,,,30.50m²,,alley houses,30500.48523499238,10.790186978712404,106.71094890006206,1.7388535351727121,,,,,
8YWFP3,"112A Hoàng Diệu, P.13, Q.4, TP.HCM",8600000.0,176.95,Nhà hẻm,,,Tây Bắc,,,,,48.60m²,,alley houses,48601.29980220401,10.764549273157087,106.70321989286849,1.746519871780082,,,,,
3DWWSQ,"506/49/11B Lạc Long Quân, P.14, Q.11, TP.HCM",5380000.0,97.54,Nhà hẻm,,,Đông,,,,,55.20m²,,alley houses,55156.85872462579,10.78950384146811,106.69265191708328,1.281389462841054,,,,,
6AF708,"24C Tam Châu, P.An Phú Đông, Q.12, TP.HCM",9930000.0,20.75,Nhà hẻm,,,Đông Nam,,,,,478.70m²,,alley houses,478554.2168674699,10.785038368231614,106.7097486248868,1.3085797738494978,,,,,
6A4W68,"523/48 Tổ 55 Kp5, P.Hiệp Thành, Q.12, TP.HCM",9400000.0,49.36,Nhà hẻm,,,Nam,,,,,190.40m²,,alley houses,190437.60129659643,10.780500804525978,106.70257134272894,0.3955332494120042,,,,,
SC0PU5,"18A21 Tân Hòa Đông, P.Phú Lâm, Q.6, TP.HCM",6600000.0,79.51,Nhà hẻm,,,Đông,,,,,83m²,,alley houses,83008.42661300465,10.755377868883278,106.62885209362256,8.13626731085814,,,,,
RTQQTJ,"27/40/34 Huỳnh Tịnh Của, P.8, Q.3, TP.HCM",6500000.0,107.79,Nhà hẻm,,,Đông Bắc,,,,,60.30m²,,alley houses,60302.43992949253,10.769546857180838,106.6729418233251,3.0695797365729063,,,,,
85FPX3,"Hoài Thanh, P.14, Q.8, TP.HCM",3000000.0,0.0,Nhà hẻm,3.37m,7.81m,Tây Nam,2.0,2.0,2.0,26.60m²,,,alley houses,inf,10.729318490600894,106.62816976757071,9.551336179046318,,,,,
EP1V84,"218/228/6 Tổ 49 KP4, P.Trung Mỹ Tây, Q.12, TP.HCM",6400000.0,50.27,Nhà hẻm,,,Tây,,,,,127.30m²,,alley houses,127312.51243286254,10.767816574363842,106.70606963449646,1.5315804629588605,,,,,
W0NE0R,"165/36A Nguyễn Văn Luông, P.10, Q.6, TP.HCM",12800000.0,197.56,Nhà hẻm,4m,17.03m,Tây Nam,2.0,3.0,3.0,68.70m²,136.20m²,7m,alley houses,64790.44340959709,10.74438934054373,106.63214451136686,8.297170097381876,,,,,
5DEK57,"220/30 Thới An 32, P.Thới An, Q.12, TP.HCM",4950000.0,97.63,Nhà hẻm,4.3m,11.74m,Bắc,3.0,2.0,2.0,50.70m²,94.40m²,3m,alley houses,50701.628597767085,10.769632209049076,106.7011095841592,1.1458752530936815,,,,,
DERR4H,"141/9 Bàn Cờ, P.3, Q.3, TP.HCM",25000000.0,279.64,Nhà hẻm,5.22m,18.33m,Tây,4.0,4.0,4.0,89.40m²,264.10m²,,alley houses,89400.6579888428,10.783153288506085,106.6706950679602,3.1210137096759247,,,,,
6S72C8,"465/6 Hòa Hảo, P.8, Q.10, TP.HCM",5950000.0,280.66,Nhà hẻm,3m,8.18m,Đông,4.0,3.0,4.0,21.20m²,78.60m²,,alley houses,21200.028504240003,10.771909917582864,106.70783216646802,1.2984529510928962,,,,,
UY223S,"322/7 Vĩnh Viễn, P.4, Q.10, TP.HCM",3990000.0,114.0,Nhà hẻm,5.53m,11.34m,Đông Nam,2.0,1.0,2.0,35m²,70m²,,alley houses,35000.0,10.767855870095637,106.70941202564782,1.7409608312839107,,,,,
377S6Q,"51/26/12 Vườn Lài, P.An Phú Đông, Q.12, TP.HCM",13000000.0,83.65,Nhà hẻm,8m,19.55m,Tây Nam,2.0,3.0,3.0,155.40m²,291m²,5m,alley houses,155409.44411237296,10.783624525809975,106.69801977152403,0.43878313317437256,,,,,
UYKXRS,"127/99/19 Âu cơ, P.14, Q.11, TP.HCM",5950000.0,179.21,Nhà hẻm,3.1m,11.8m,Tây Bắc,4.0,3.0,3.0,33.20m²,99.60m²,,alley houses,33201.272250432456,10.771180569055653,106.71105896106995,1.62395594434386,,,,,
1UK786,"49/3 Khánh Hội, P.3, Q.4, TP.HCM",6950000.0,192.52,Nhà hẻm,4.16m,8.73m,Tây Bắc,5.0,3.0,4.0,36.10m²,116.50m²,2.55m,alley houses,36100.14543943486,10.752346591094486,106.70023291664255,3.037905368955523,,,,,
40RSHF,"112/9/8 An Bình, P.5, Q.5, TP.HCM",6180000.0,249.19,Nhà hẻm,3.5m,8m,Tây Nam,3.0,3.0,4.0,24.80m²,75.80m²,3.5m,alley houses,24800.353144187167,10.768730763590508,106.6729277178786,3.1054393654810757,,,,,
G17S72,"38 Đường 38, P.Hiệp Bình Chánh, TP.Thủ Đức, TP.HCM",7310000.0,41.16,Nhà hẻm,,,Đông Nam,,,,,177.80m²,,alley houses,177599.61127308066,10.854114070506348,106.76029312020414,10.605783554392636,,,,,
3SDJ5Q,"428/6/13-15 An Dương Vương, P.16, Q.8, TP.HCM",13000000.0,180.3,Nhà hẻm,3.99m,19.29m,Bắc,12.0,12.0,1.0,72.10m²,72.10m²,10m,alley houses,72102.05213533,10.734176016183271,106.61557795049404,10.428885172294267,,,,,
7KR6KA,"254/40 Thái Phiên, P.8, Q.11, TP.HCM",11000000.0,167.42,Nhà hẻm,3.6m,18.35m,Đông Bắc,10.0,6.0,6.0,65.70m²,303.10m²,6m,alley houses,65703.0223390276,10.765826200111622,106.70689599345528,1.7676311892171246,,,,,
GNAPJ2,"59/35b đường 12, Trường Thạnh, Q.9, TP.HCM",1500000.0,29.94,Nhà hẻm,4.1m,12.4m,Tây Nam,2.0,2.0,2.0,50.10m²,100m²,3m,alley houses,50100.2004008016,10.853967738132027,106.8317853011726,16.676111822686767,,,,,
UABYXS,"227/5/15 Gò Dầu, P.Tân Quý, Q.Tân Phú, TP.HCM",11000000.0,114.94,Nhà hẻm,4.8m,19.2m,Nam,5.0,4.0,4.0,95.70m²,274.44m²,4m,alley houses,95702.10544631982,10.799907163416945,106.63808367550695,7.0269508114285735,,,,,
SDBZY5,"600/2/3Q Hồng Bàng, P.16, Q.11, TP.HCM",6900000.0,158.98,Nhà hẻm,3.4m,10.4m,Nam,4.0,4.0,4.0,43.40m²,137.50m²,3m,alley houses,43401.6857466348,10.761328169890247,106.70321928848728,2.092398184911672,,,,,
PXTNAG,"867/21 Vườn Lài, P.An Phú Đông, Q.12, TP.HCM",4700000.0,79.12,Nhà hẻm,4.19m,14.19m,Đông Nam,2.0,2.0,2.0,59.40m²,101.40m²,2m,alley houses,59403.43781597573,10.785361362151875,106.69424198940031,0.8089781561042458,,,,,
AC0CDY,"43/29 Tú Mỡ, P.7, Q.Gò Vấp, TP.HCM",8980000.0,162.68,Nhà hẻm,4.25m,13m,Đông Bắc,3.0,3.0,4.0,55.20m²,147.60m²,4m,alley houses,55200.39341037619,10.813914170308417,106.67114940361539,4.852541845653389,,,,,
5HF6G7,"188/22 Cao Đạt, P.1, Q.5, TP.HCM",9500000.0,197.91,Nhà hẻm,4m,12m,Tây Nam,2.0,1.0,2.0,48m²,,,alley houses,48001.61689656915,10.761124373509446,106.66681669705235,4.083136834589907,,,,,
9TV1YP,"343/20 Vĩnh Viễn, P.8, Q.10, TP.HCM",7800000.0,323.65,Nhà hẻm,3.05m,7.9m,Đông Bắc,1.0,1.0,4.0,24.10m²,64.70m²,4m,alley houses,24100.108141510893,10.761242037911252,106.70701514006413,2.22937181773882,,,,,
UYDDFS,"MPN 109/9B Thạnh Xuân 22, P.Thạnh Xuân, Q.12, TP.HCM",4000000.0,78.89,Nhà hẻm,4m,12.76m,Tây Bắc,1.0,1.0,1.0,50.70m²,,,alley houses,50703.511218151856,10.771739188494553,106.70238372570583,0.9626782032045135,,,,,
QHJRNU,"13/25 Nguyễn Văn Săng, P.Tân Sơn, Q.Tân Phú, TP.HCM",7500000.0,160.25,Nhà hẻm,,,Nam,,,,,46.80m²,,alley houses,46801.872074882995,10.789611250474245,106.61955011359531,8.759879358777066,,,,,
7KY4SA,"6/23F Chánh Hưng, P.Hưng Phú, Q.8, TP.HCM",3480000.0,124.73,Nhà hẻm,3.34m,8.69m,Bắc,2.0,1.0,2.0,27.90m²,,,alley houses,27900.264571474385,10.71293754179468,106.6368740080476,10.044514867970983,,,,,
8S6PD3,"75/44/17 D9, P.Tây Thạnh, Q.Tân Phú, TP.HCM",2650000.0,126.19,Nhà hẻm,4.6m,4.2m,Đông Bắc,2.0,2.0,2.0,15.20m²,,2.75m,alley houses,21000.07924558206,10.780609580631223,106.6127945746088,9.43159474685268,,,,,
6AFA98,"87/117/36/21 Nguyễn Sỹ Sách, P.15, Q.Tân Bình, TP.HCM",17100000.0,94.53,Nhà hẻm,,,Đông,,,,,180.89m²,,alley houses,180894.9539828626,10.810308581444373,106.65387606256596,5.981852710978843,,,,,
UYEYHS,"Trần Quang Khải, P.Tân Định, Q.1, TP.HCM",22000000.0,321.63,Nhà hẻm,3.96m,19m,Bắc,4.0,3.0,4.0,68.40m²,200.80m²,8m,alley houses,68401.57945465286,10.774991161196635,106.68896408881812,1.2217478054611397,,,,,
5HK3V7,"958/31 Hậu Giang, P.12, Q.6, TP.HCM",5350000.0,108.51,Nhà hẻm,3.33m,13.1m,Bắc,2.0,2.0,2.0,49.30m²,92m²,,alley houses,49304.21159340153,10.74629303426108,106.6310816329328,8.303764099159565,,,,,
37UVXQ,"751/2 Ba Đình, P.Hưng Phú, Q.8, TP.HCM",4780000.0,133.51,Nhà hẻm,7.1m,5.15m,Đông,2.0,2.0,2.0,35.80m²,73.70m²,2m,alley houses,35802.56160587222,10.719383156006367,106.64068157826759,9.239419992021475,,,,,
87UPA3,"59/160/51/3 đường 102, Tăng Nhơn Phú A, Q.9, TP.HCM",5850000.0,105.21,Nhà hẻm,4.03m,14.29m,Tây Bắc,2.0,2.0,2.0,55.60m²,91.60m²,5m,alley houses,55603.07955517537,10.838706113151193,106.83745275555786,16.481160668295686,,,,,
SDCQ95,"550/25/8 Hồng Bàng, P.16, Q.11, TP.HCM",1460000.0,153.68,Nhà hẻm,2m,7.15m,Bắc,2.0,1.0,2.0,9.50m²,16.20m²,,alley houses,9500.260281103592,10.76841259435431,106.70065544064882,1.2704671617471968,,,,,
375VPQ,"62/115 Lý Chính Thắng, P.8, Q.3, TP.HCM",4950000.0,177.1,Nhà hẻm,3.1m,10.42m,Tây Nam,2.0,3.0,2.0,27.95m²,19.10m²,3.7m,alley houses,27950.31055900621,10.79766405647575,106.67793544843391,3.038481294069947,,,,,
375JKQ,"48F/13E Hoàng Sĩ Khải, P.14, Q.8, TP.HCM",2980000.0,79.25,Nhà hẻm,4.36m,8.84m,Tây Bắc,2.0,2.0,2.0,37.60m²,37.60m²,2.17m,alley houses,37602.523659305996,10.72965934789558,106.63118552277923,9.263063144723782,,,,,
2MXDTZ,"363/21/31 Đất Mới, P.Bình Trị Đông A, Q.Bình Tân, TP.HCM",4000000.0,93.67,Nhà hẻm,4.48m,10m,Tây Nam,3.0,1.0,2.0,42.70m²,85.40m²,,alley houses,42703.10665100886,10.755346902664703,106.59180838634877,12.034377692336756,,,,,
ACGM9Y,"Vườn Lài, P.An Phú Đông, Q.12, TP.HCM",7500000.0,118.85,Nhà hẻm,4.37m,14.48m,Nam,11.0,11.0,6.0,63.10m²,222.50m²,4.25m,alley houses,63104.753891459826,10.771024202012256,106.68804523344448,1.5433427580363708,,,,,
9TMEZP,"129/9C/19 Mễ Cốc, P.15, Q.8, TP.HCM",4850000.0,133.6,Nhà hẻm,3.01m,11.63m,Đông Bắc,4.0,4.0,4.0,36.30m²,113.70m²,6m,alley houses,36302.39520958084,10.718159014311594,106.6244006276563,10.634639323533223,,,,,
ACKFPY,"268/2/14 Tô Ngọc Vân, P.Thới An, Q.12, TP.HCM",5950000.0,81.61,Nhà hẻm,4m,18.23m,Tây Bắc,4.0,5.0,3.0,72.90m²,172.60m²,,alley houses,72907.73189560103,10.769767057290991,106.70177844726066,1.1482204705499435,,,,,
5D5687,"88 Chợ Lớn, P.11, Q.6, TP.HCM",18500000.0,231.25,Nhà hẻm,4m,17m,Đông Nam,3.0,3.0,2.0,80m²,173.60m²,,alley houses,80000.0,10.752701240871287,106.62732470122785,8.395115489862855,,,,,
13DN96,"266/40/32 Tôn Đản, P.08, Q.4, TP.HCM",5290000.0,93.62,Nhà hẻm,4.54m,10.7m,Tây Bắc,3.0,2.0,2.0,56.50m²,,2.43m,alley houses,56505.0202948088,10.764831477293054,106.71150742864266,2.14448176676816,,,,,
7K9MKA,"39/11 Lưu Trọng Lư, P.Tân Thuận Đông, Q.7, TP.HCM",3990000.0,177.33,Nhà hẻm,5.82m,5.28m,Bắc,2.0,2.0,2.0,22.50m²,40.30m²,,alley houses,22500.42294028083,10.724435602043908,106.73771240622155,7.442209451954684,,,,,
DERJFH,"543/14A Nguyễn Đình Chiểu, P.2, Q.3, TP.HCM",14000000.0,434.78,Nhà hẻm,2.91m,10.14m,Đông Bắc,4.0,4.0,5.0,32.20m²,139.60m²,,alley houses,32200.19320115921,10.776329930083383,106.68356074404164,1.7342642682306353,,,,,
ACB5AY,"129/4B Hiệp Thành 45, P.Hiệp Thành, Q.12, TP.HCM",2990000.0,91.43,Nhà hẻm,4.03m,8.1m,Đông Bắc,2.0,2.0,2.0,32.80m²,50.80m²,3m,alley houses,32702.61402165591,10.78155805913081,106.70506875024857,0.6891580922221086,,,,,
ACKHFY,"76/3A Nguyên Hồng, P.11, Q.Bình Thạnh, TP.HCM",13000000.0,164.14,Nhà hẻm,6.94m,14.47m,Bắc,6.0,4.0,5.0,79.20m²,211.70m²,,alley houses,79200.68234434021,10.821701923116201,106.70705601656591,4.718957006896436,,,,,
85Q1R3,"117H/37 Nguyễn Duy, P.14, Q.8, TP.HCM",3580000.0,152.34,Nhà hẻm,2.44m,9.63m,Nam,4.0,2.0,4.0,23.50m²,53.90m²,,alley houses,23500.06564264146,10.724305034106377,106.61552798000284,11.003318746198554,,,,,
KFF9WC,"167/23 Thới An 13, P.Thới An, Q.12, TP.HCM",8390000.0,126.92,Nhà hẻm,4m,20.8m,Tây Nam,6.0,7.0,5.0,66.10m²,281.50m²,,alley houses,66104.632839584,10.781407420409202,106.70408483662021,0.581442154853895,,,,,
6SS7M8,"174/8 Nguyễn Thiện Thuật, P.3, Q.3, TP.HCM",9000000.0,379.74,Nhà hẻm,4.04m,11.05m,Bắc,2.0,2.0,3.0,23.70m²,55.70m²,5m,alley houses,23700.42660767894,10.770658805653643,106.67039223709101,3.2905491513023923,,,,,
0ZPHP9,"MPN 409/108/32/51 Huỳnh Thị Hai, P.Tân Chánh Hiệp, Q.12, TP.HCM",4000000.0,78.43,Nhà hẻm,4.03m,13.02m,Đông Bắc,2.0,2.0,2.0,51m²,102.20m²,,alley houses,51000.892515619016,10.780044750467622,106.70023189025144,0.13476527718912584,,,,,
SD7TR5,"202/6/11 Lý thường Kiệt, P.14, Q.10, TP.HCM",3000000.0,206.89,Nhà hẻm,2.09m,7.19m,Đông Nam,2.0,3.0,2.0,14.50m²,29m²,2.14m,alley houses,14500.459181207405,10.784783493873189,106.68868184552319,1.2593856320123678,,,,,
GN9UJ2,"84/60 Hòa Hưng, P.13, Q.10, TP.HCM",7500000.0,174.82,Nhà hẻm,3.35m,13m,Tây Nam,2.0,2.0,3.0,42.90m²,94.50m²,5m,alley houses,42901.26987758838,10.772122918671618,106.70654102347805,1.1804583964783313,,,,,
DBV14H,"231/67/11 Bình Tiên, P.8, Q.6, TP.HCM",4500000.0,109.75,Nhà hẻm,3.59m,8.44m,Nam,3.0,2.0,2.0,40.90m²,77m²,2.79m,alley houses,41002.27790432802,10.741711899986052,106.6388162751182,7.817058033241747,,,,,
42XPPF,"Thống Nhất, P.16, Q.Gò Vấp, TP.HCM",20000000.0,137.93,Nhà hẻm,5m,29.15m,Đông Bắc,5.0,5.0,4.0,145m²,256.20m²,8m,alley houses,145001.0875081563,10.828474167771487,106.66809032056922,6.360209450351903,,,,,
1USNX6,"72/2/6 Thới An 10, P.Thới An, Q.12, TP.HCM",2850000.0,96.93,Nhà hẻm,4m,8.42m,Đông,3.0,1.0,2.0,29.40m²,47.40m²,,alley houses,29402.661714639427,10.771125088310114,106.69983918263313,0.9619993510494184,,,,,
SDKYX5,"258/7/22/2/3 Bông Sao, P.5, Q.8, TP.HCM",4980000.0,192.27,Nhà hẻm,3.85m,6.75m,Đông Bắc,3.0,4.0,4.0,25.90m²,,3.5m,alley houses,25901.076611015756,10.72714770425325,106.61884721560232,10.526737126248863,,,,,
UAQZ5S,"111K1/10D Bình Đông, P.14, Q.8, TP.HCM",2300000.0,141.97,Nhà hẻm,2.45m,6.3m,Tây Nam,2.0,1.0,2.0,16.20m²,32.40m²,,alley houses,16200.605761780658,10.725662044659328,106.63604600864487,9.126687232661677,,,,,
6SHWD8,"Thạnh Lộc 15, P.Thạnh Lộc, Q.12, TP.HCM",2750000.0,87.02,Nhà hẻm,4m,10m,Tây Bắc,2.0,1.0,2.0,31.60m²,,2m,alley houses,31601.930590668813,10.774154070112244,106.70033628025357,0.6390784717919017,,,,,
UYD8AS,"345/26 Hậu Giang, P.2, Q.6, TP.HCM",3350000.0,125.0,Nhà hẻm,3.22m,8.12m,Đông,2.0,1.0,2.0,26.80m²,35.80m²,2.61m,alley houses,26800.0,10.759235614137612,106.64095275026936,6.746243543346397,,,,,
WP87YR,"1422/24/13A Huỳnh Tấn Phát, P.Phú Mỹ, Q.7, TP.HCM",5000000.0,58.58,Nhà hẻm,4.9m,17.5m,Đông,2.0,1.0,1.0,85.35m²,62.53m²,,alley houses,85353.36292249915,10.725022157108807,106.7240803132159,6.648425073401706,,,,,
J26EB0,"229/55/6 Tây Thạnh, P.Tây Thạnh, Q.Tân Phú, TP.HCM",4950000.0,118.99,Nhà hẻm,3.2m,13m,Tây Bắc,2.0,2.0,2.0,41.60m²,74.40m²,3.15m,alley houses,41600.1344650811,10.77970860623984,106.63985702297009,6.471410404416084,,,,,
EPDSM4,"185/65 Bà Hom, P.13, Q.6, TP.HCM",4200000.0,108.8,Nhà hẻm,5.55m,7.27m,Tây Bắc,1.0,1.0,2.0,38.60m²,65.80m²,4.07m,alley houses,38602.94117647059,10.75047553117536,106.64183587227221,7.045509125255381,,,,,
PN1UHG,"243/4 Tô Hiến Thành, P.13, Q.10, TP.HCM",29000000.0,304.62,Nhà hẻm,4.7m,21.13m,Đông Bắc,8.0,4.0,4.0,95.20m²,338.90m²,,alley houses,95200.5777690237,10.788770283894957,106.71665471393696,2.168895293464769,,,,,
7KECXA,"436A/6 đường 3/2, P.10, Q.10, TP.HCM",42000000.0,392.15,Nhà hẻm,7.15m,15.79m,Tây Nam,4.0,4.0,5.0,107.10m²,445.90m²,,alley houses,107101.87428279995,10.762246687780221,106.69313231484028,2.044323668773563,,,,,
37UNZQ,"122/5/14/2B Tôn Đản, P.8, Q.4, TP.HCM",3150000.0,110.91,Nhà hẻm,3.62m,7.8m,Tây Bắc,1.0,1.0,2.0,28.40m²,,,alley houses,28401.406545847985,10.764218625591765,106.68918635515662,2.0306054428397586,,,,,
5B3M57,"82 Đông Tác, Dĩ An, Dĩ An, TP.HCM",6900000.0,95.83,Nhà hẻm,4m,18m,,4.0,4.0,3.0,72m²,220m²,,alley houses,72002.50443493687,10.821232670918505,106.73698590423668,6.18471407484013,,,,,
37APFQ,"111/2 Vườn Lài, P.Phú Thọ Hòa, Q.Tân Phú, TP.HCM",19000000.0,120.78,Nhà hẻm,11.3m,19.1m,Bắc,17.0,17.0,6.0,157.30m²,393.60m²,,alley houses,157310.81304851797,10.793864097122148,106.63283006589081,7.405362923670507,,,,,
2XGR7Z,"157/2 Trần Văn Đang, P.11, Q.3, TP.HCM",18000000.0,150.0,Nhà hẻm,6m,11.7m,Tây Bắc,8.0,4.0,3.0,120m²,221.30m²,3m,alley houses,120000.0,10.788290861221352,106.68719801017349,1.5997322534169918,,,,,
85RYC3,"105/12/16B đường TTN08, P.Tân Thới Nhất, Q.12, TP.HCM",4900000.0,57.51,Nhà hẻm,8.03m,11.16m,Tây Bắc,6.0,6.0,2.0,85.20m²,127.80m²,,alley houses,85202.57346548427,10.7719198898736,106.69383662569373,1.038866310866886,,,,,
SD7HQ5,"125/31 Tám Danh, P.4, Q.8, TP.HCM",6280000.0,87.83,Nhà hẻm,3.04m,24.71m,Tây Nam,3.0,2.0,2.0,71.50m²,61.90m²,3.9m,alley houses,71501.76477285665,10.726171501762487,106.61558382315242,10.884376665110402,,,,,
5EWQM7,"35/12E Trung đông 7, Xã Thới Tam Thôn, H.Hóc Môn, TP.HCM",2700000.0,56.48,Nhà hẻm,4m,13.82m,Tây Bắc,2.0,1.0,2.0,47.80m²,43.90m²,,alley houses,47804.53257790369,10.871667104814115,106.60155449920077,14.727718325207105,,,,,
SYP0T5,"167/12A Gò Xoài, P.Bình Hưng Hoà A, Q.Bình Tân, TP.HCM",6250000.0,97.96,Nhà hẻm,4m,17.4m,Tây Nam,2.0,2.0,2.0,63.80m²,107.10m²,5m,alley houses,63801.55165373622,10.750824884886931,106.59495697942715,11.824739098778435,,,,,
QAHHZU,"Một phần nhà số 80/19 TX 52, P.Thạnh Xuân, Q.12, TP.HCM",4000000.0,75.04,Nhà hẻm,4.01m,11.21m,Tây Bắc,2.0,1.0,1.0,53.30m²,45.60m²,,alley houses,53304.9040511727,10.768936061395586,106.69011573847713,1.5460228578411923,,,,,
K4K44C,"102/2 HT35, P.Hiệp Thành, Q.12, TP.HCM",4450000.0,104.21,Nhà hẻm,7.1m,6.1m,Tây Bắc,3.0,4.0,3.0,42.70m²,,2.6m,alley houses,42702.23586987813,10.770951405302919,106.70384498879025,1.1100891324606206,,,,,
5H89X7,"43/5 đường số 120, Tân Phú, Q.9, TP.HCM",10000000.0,53.96,Nhà hẻm,10.02m,19.22m,Đông Nam,2.0,1.0,1.0,185.30m²,91m²,,alley houses,185322.46108228317,10.841512472987738,106.81794464877741,14.687840793419479,,,,,
6U6ZN8,"29/1C Lê Lợi, P.1, Q.Gò Vấp, TP.HCM",13000000.0,111.3,Nhà hẻm,3.08m,27.85m,Tây Nam,6.0,4.0,4.0,116.80m²,,3.75m,alley houses,116801.43755615455,10.822436038922032,106.67817564523308,5.24000650509062,,,,,
6S56M8,"47/3 Nguyễn Du, P.7, Q.Gò Vấp, TP.HCM",2980000.0,130.7,Nhà hẻm,4.35m,5.23m,Tây Bắc,2.0,1.0,2.0,22.80m²,45.50m²,3.5m,alley houses,22800.306044376437,10.813563941673229,106.6913857396821,3.8287317946137245,,,,,
W9N8AR,"88/48A Vũ Tùng, P.2, Q.Bình Thạnh, TP.HCM",1900000.0,190.0,Nhà hẻm,2.45m,4.47m,Tây Bắc,2.0,1.0,2.0,10m²,20m²,3m,alley houses,10000.0,10.818299735404995,106.7086635187823,4.388625979420212,,,,,
EJMXV4,"45/34 TL 04, P.An Phú Đông, Q.12, TP.HCM",3830000.0,59.47,Nhà hẻm,3.88m,17.58m,Đông Nam,2.0,1.0,1.0,64.40m²,62.90m²,,alley houses,64402.2196065243,10.788214433209548,106.71032564498579,1.5479162956446642,,,,,
DE2GEH,"417/95/87 Quang Trung, P.10, Q.Gò Vấp, TP.HCM",4950000.0,155.17,Nhà hẻm,4m,9.13m,Tây Bắc,2.0,2.0,2.0,31.90m²,59.80m²,,alley houses,31900.496229941356,10.81447195319058,106.68395995990225,4.175736502312116,,,,,
40MRBF,"45/13 Phạm Hùng, P.Hưng Phú, Q.8, TP.HCM",7200000.0,174.75,Nhà hẻm,4.1m,10.49m,Nam,3.0,3.0,3.0,41.20m²,109.20m²,,alley houses,41201.71673819742,10.720468542546653,106.62763555728868,10.199328820728018,,,,,
1QMB96,"40/30/5/10 Thạnh Lộc 44, P.Thạnh Lộc, Q.12, TP.HCM",6000000.0,100.84,Nhà hẻm,4m,15m,Đông Bắc,6.0,5.0,5.0,59.50m²,254.10m²,,alley houses,59500.19833399444,10.765288464513786,106.68820771668541,1.9929162034672743,,,,,
SD7CS5,"312/46A Âu Dương Lân, P.Rạch Ông, Q.8, TP.HCM",3980000.0,170.81,Nhà hẻm,3.99m,5.8m,Đông Nam,1.0,1.0,1.0,23.30m²,23.30m²,2m,alley houses,23300.743516187576,10.730843677084776,106.629045764967,9.375323817767889,,,,,
KFESQC,"185H4 Mai Xuân Thưởng, P.2, Q.6, TP.HCM",9500000.0,138.68,Nhà hẻm,3.26m,23.21m,Đông,3.0,1.0,1.0,68.50m²,91.30m²,2.5m,alley houses,68503.02855494664,10.756677424050421,106.63811700473467,7.135463907182755,,,,,
5HRQT7,"265/50/2/7 Trường Chinh, P.Tân Thới Nhất, Q.12, TP.HCM",9200000.0,144.2,Nhà hẻm,4m,15.96m,Đông,4.0,5.0,5.0,63.80m²,249m²,,alley houses,63800.277392510405,10.777745683269853,106.71414788931921,1.66895037399034,,,,,
SDBEV5,"68/32/23 Thới An 20, P.Thới An, Q.12, TP.HCM",3890000.0,97.0,Nhà hẻm,4.03m,10.05m,Đông Nam,2.0,2.0,2.0,40.10m²,80.20m²,5m,alley houses,40103.092783505155,10.762662618413852,106.70843275516975,2.1552526489287143,,,,,
7HEMKA,"1122/8/6 Quang Trung, P.8, Q.Gò Vấp, TP.HCM",9000000.0,176.47,Nhà hẻm,4.1m,12.44m,Đông Bắc,4.0,5.0,5.0,51m²,180.80m²,4m,alley houses,51000.17000056667,10.822329986727912,106.66677579185308,5.881097233839543,,,,,
9V3BGP,"52/6 Hoàng Diệu 2, P.Linh Chiểu, TP.Thủ Đức, TP.HCM",4430000.0,51.97,Nhà hẻm,,,Đông Nam,,,,,85.39m²,,alley houses,85241.48547238791,10.847868624070284,106.74792944587597,9.236484883056264,,,,,
AKNPKY,"6/4 đường số 44, P.14, Q.Gò Vấp, TP.HCM",7000000.0,112.35,Nhà hẻm,4m,15.7m,Tây Bắc,3.0,4.0,3.0,62.30m²,128.30m²,4.15m,alley houses,62305.29595015576,10.839892410452666,106.69009753320518,6.720024771911254,,,,,
7H2F9A,"79/1 Tây Sơn, P.Tân Quý, Q.Tân Phú, TP.HCM",2250000.0,142.4,Nhà hẻm,3.1m,5.1m,Bắc,1.0,1.0,2.0,15.80m²,34.10m²,1.5m,alley houses,15800.561797752809,10.801588795091279,106.63906242138665,6.987490599479089,,,,,
7KE10A,"453/67/31 Lê Văn Khương, P.Tân Thới Hiệp, Q.12, TP.HCM",5990000.0,61.12,Nhà hẻm,4.26m,24.83m,Tây,4.0,3.0,2.0,98m²,,,alley houses,98003.92670157069,10.784250154994522,106.71073494998558,1.3723157226823561,,,,,
PZY73G,"20/5 đường 176, Phước Long A, Q.9, TP.HCM",4150000.000000001,118.23,Nhà hẻm,3.32m,14.18m,Đông Nam,2.0,2.0,2.0,35.10m²,59.10m²,3m,alley houses,35101.07417745074,10.847388452020844,106.83855311984192,16.99177587313302,,,,,
RC9MJQ,"54/37 Đình Nghi Xuân, P.Bình Trị Đông, Q.Bình Tân, TP.HCM",6900000.0,92.75,Nhà hẻm,4.3m,17.3m,Bắc,2.0,3.0,3.0,74.39m²,135.30m²,3m,alley houses,74393.53099730458,10.777609593632919,106.60109107651039,10.71389426136732,,,,,
EJRBT4,"282/5A Cống Quỳnh, P.Phạm Ngũ Lão, Q.1, TP.HCM",2200000.0,122.22,Nhà hẻm,7.98m,2.05m,Tây Bắc,2.0,2.0,2.0,18m²,36m²,,alley houses,18000.327278677792,10.781787027292797,106.70250197905104,0.4397670755368804,,,,,
AK0D5Y,"88/1 Vũ Tùng, P.2, Q.Bình Thạnh, TP.HCM",4950000.0,255.15,Nhà hẻm,3.6m,6m,Tây Nam,4.0,3.0,3.0,19.40m²,19.40m²,2m,alley houses,19400.352733686068,10.825089151838641,106.69582575019464,5.0234626999698495,,,,,
R2EYRJ,"44/16 đường số 4, P.Bình Hưng Hoà A, Q.Bình Tân, TP.HCM",4980000.0,128.68,Nhà hẻm,4.01m,11.04m,Bắc,2.0,3.0,2.0,38.70m²,77.40m²,3.49m,alley houses,38700.652782095116,10.769741934068644,106.60529290611223,10.311791253352078,,,,,
UDB9HS,"383/3/40A Quang Trung, P.10, Q.Gò Vấp, TP.HCM",6500000.0,103.17,Nhà hẻm,5.25m,12.1m,Tây Nam,2.0,2.0,2.0,63m²,110.40m²,3m,alley houses,63002.810894639915,10.826653791319105,106.66681936740972,6.267679101829177,,,,,
UAH19S,"86B4 Võ Thị Sáu, P.Tân Định, Q.1, TP.HCM",28000000.0,248.22,Nhà hẻm,6.4m,18m,Đông Bắc,5.0,6.0,4.0,112.80m²,325.80m²,3m,alley houses,112803.15848843768,10.767170175094726,106.69784916146725,1.40130849394969,,,,,
JPWD90,"4/9 Văn Chung, P.13, Q.Tân Bình, TP.HCM",37500000.0,2.8,Nhà hẻm,7m,20m,Đông,3.0,2.0,2.0,140.70m²,175.80m²,6m,alley houses,13392857.142857144,10.791069206075345,106.65460314483047,5.016331106001983,,,,,
ACCDEY,"38/6/10 Đình Quới An, P.Thới An, Q.12, TP.HCM",6500000.0,108.51,Nhà hẻm,4m,15m,Đông Bắc,4.0,5.0,5.0,59.90m²,204.09m²,6m,alley houses,59902.31315086167,10.76476052558177,106.70912804882641,1.995537637774069,,,,,
J2Z7C0,"1396/10 Quang Trung, P.14, Q.Gò Vấp, TP.HCM",9950000.0,155.46,Nhà hẻm,4m,16m,Tây Bắc,2.0,2.0,2.0,64m²,116.80m²,16m,alley houses,64003.60221278785,10.838359651069483,106.66320945391226,7.571146649649506,,,,,
ERZ1U4,"23/15 đường số 1, P.Bình Thuận, Q.7, TP.HCM",42000000.0,139.44,Nhà hẻm,11.25m,24.13m,Nam,8.0,8.0,2.0,301.20m²,241.30m²,16m,alley houses,301204.8192771084,10.723905238728172,106.7450766735479,7.973299233603822,,,,,
2XVPUZ,"125/17/18 Vạn Kiếp, P.1, Q.Bình Thạnh, TP.HCM",4990000.0,185.5,Nhà hẻm,7.72m,3.94m,Tây,2.0,3.0,3.0,26.90m²,53.80m²,2m,alley houses,26900.269541778976,10.818019253585746,106.71887159766008,4.753489664871743,,,,,
PNFH6G,"Lạc Long Quân, P.3, Q.11, TP.HCM",3980000.0,228.73,Nhà hẻm,5.94m,4.26m,Đông,2.0,2.0,3.0,17.40m²,,1.5m,alley houses,17400.428452760898,10.785464777174212,106.70722623792983,1.0948184558773308,,,,,
GX8KF2,"18/14/16 Thạnh Lộc 38, P.Thạnh Lộc, Q.12, TP.HCM",3250000.0,69.74,Nhà hẻm,4m,11.71m,Đông Nam,2.0,2.0,2.0,46.60m²,,2m,alley houses,46601.66332090623,10.785463314258136,106.70374712976724,0.8129458548462768,,,,,
8SAZS3,"157A1/3 Dương Bá Trạc, P.Rạch Ông, Q.8, TP.HCM",4500000.0,116.58,Nhà hẻm,4.2m,8.2m,Nam,2.0,1.0,2.0,38.60m²,70.50m²,2m,alley houses,38600.10293360782,10.73043828061283,106.63039410844999,9.281612570951902,,,,,
CWURTB,"861/3 Trần Xuân Soạn, P.Tân Hưng, Q.7, TP.HCM",12000000.0,129.65,Nhà hẻm,7.9m,12.3m,Tây,1.0,1.0,1.0,92.55m²,140.84m²,,alley houses,92556.88391824141,10.740366964480597,106.72611902920738,5.27169116473533,,,,,
CW785B,"Hồng Bàng, P.16, Q.11, TP.HCM",4230000.0,119.49,Nhà hẻm,5.95m,8.35m,Đông,1.0,1.0,2.0,35.40m²,70.80m²,3.5m,alley houses,35400.45192066282,10.775592198299986,106.7011797727384,0.5200712122288924,,,,,
85GR43,"MPN 77 Thạnh Lộc 49, P.An Phú Đông, Q.12, TP.HCM",4650000.0,85.47,Nhà hẻm,6.8m,8m,Đông Nam,2.0,2.0,2.0,54.40m²,,3m,alley houses,54405.054405054405,10.76712039202314,106.70640916802714,1.6168304743557003,,,,,
5HBT07,"Nguyễn Văn Quỳ, P.Phú Thuận, Q.7, TP.HCM",4380000.0,133.53,Nhà hẻm,7.82m,4.2m,Đông Bắc,2.0,2.0,2.0,32.80m²,,3m,alley houses,32801.61761401932,10.717864699027439,106.74269263950582,8.34993821490758,,,,,
6S5BH8,"51/50 Phạm Thế Hiển, P.Rạch Ông, Q.8, TP.HCM",5580000.0,97.55,Nhà hẻm,4.61m,13.54m,Tây Bắc,3.0,2.0,2.0,57.20m²,103.40m²,3m,alley houses,57201.435161455665,10.729556684603796,106.61760886679622,10.496368385583342,,,,,
5Y89X7,"55 đường số 17, P.4, Q.8, TP.HCM",4700000.0,148.5,Nhà hẻm,2.25m,13.81m,Tây Nam,2.0,1.0,2.0,33.50m²,,8m,alley houses,31649.83164983165,10.724836534504217,106.62373967505746,10.235003543258426,,,,,
7K1N6A,"253/58 Trần Xuân Soạn, P.Tân Kiểng, Q.7, TP.HCM",4950000.0,71.32,Nhà hẻm,2.9m,25.15m,Nam,5.0,5.0,3.0,69.40m²,90.54m²,4m,alley houses,69405.49635445878,10.72963148185694,106.71641335229864,5.864477766820851,,,,,
QAEB2U,"1/3 Mạc Hiển Tích, Long Bình, Q.9, TP.HCM",3000000.0,37.26,Nhà hẻm,6.74m,9.9m,Nam,3.0,3.0,1.0,80.50m²,68.40m²,,alley houses,80515.29790660225,10.83224619732991,106.83262932829297,15.720632153181084,,,,,
7EGP6A,"36/4/37 Đường Huỳnh Văn Nghệ, P.15, Q.Tân Bình, TP.HCM",7300000.0,80.57,Nhà hẻm,,,Đông Bắc,,,,,90.60m²,,alley houses,90604.443341194,10.799781223932898,106.66217818001046,4.597128971202584,,,,,
SK29X5,"Thành Thái, P.14, Q.10, TP.HCM",15900000.0,221.14,Nhà hẻm,3.06m,23.9m,Đông Nam,2.0,2.0,2.0,71.90m²,103.60m²,12m,alley houses,71900.15374875645,10.771909225429997,106.692130774268,1.1523725211636167,,,,,
YBBPHD,"44/6 Hiệp Thành 43, P.Hiệp Thành, Q.12, TP.HCM",11000000.0,58.1,Nhà hẻm,8.07m,23.87m,Đông Nam,2.0,2.0,2.0,189.30m²,221.50m²,10.71m,alley houses,189328.743545611,10.78904880331127,106.70554837187056,1.2484112470304194,,,,,
0ZN4P9,"704/13/1B Hương Lộ 2, P.Bình Hưng Hoà A, Q.Bình Tân, TP.HCM",6950000.0,119.0,Nhà hẻm,4.5m,13m,Bắc,4.0,4.0,4.0,58.40m²,179.50m²,6.32m,alley houses,58403.361344537814,10.75668881232558,106.61364390191315,9.681774888149986,,,,,
SDDWS5,"591/10 Bình Thới, P.10, Q.11, TP.HCM",5680000.0,227.2,Nhà hẻm,3.3m,11m,Đông,4.0,3.0,3.0,25m²,70.50m²,3m,alley houses,25000.0,10.765296255775695,106.6995315789028,1.6035906938745905,,,,,
37S4CQ,"129/14D Nguyễn Trãi, P.2, Q.5, TP.HCM",5690000.0,204.67,Nhà hẻm,2.93m,10.6m,Tây Bắc,3.0,4.0,4.0,27.80m²,,2.5m,alley houses,27800.850149020374,10.740019548322099,106.6523197805858,6.741396065774571,,,,,
WPPENR,"38 Lô 17 Hưng Phú, P.Hưng Phú, Q.8, TP.HCM",7680000.0,125.49,Nhà hẻm,3.11m,20.03m,Đông Bắc,9.0,4.0,4.0,61.20m²,157.70m²,4m,alley houses,61200.09562514941,10.726569629563334,106.6206059818123,10.403070696210081,,,,,
5H4FH7,"109/F1/17 Bến Vân Đồn, P.4, Q.4, TP.HCM",35000000.0,309.46,Nhà hẻm,7.66m,15.43m,Đông Bắc,1.0,1.0,2.0,113.10m²,187.50m²,4m,alley houses,113100.23912621988,10.759961771383699,106.71274586327753,2.656877144408319,,,,,
0ZXT69,"MPN 22 Thạnh Lộc 57, P.Thạnh Lộc, Q.12, TP.HCM",3700000.0,57.27,Nhà hẻm,4m,16.22m,Tây Bắc,1.0,1.0,1.0,64.60m²,32m²,8m,alley houses,64606.25109132181,10.785845698329823,106.69880647203381,0.6708305874250192,,,,,
KFWZ0C,"14B/15 Hưng Phú, P.Hưng Phú, Q.8, TP.HCM",3280000.0,131.2,Nhà hẻm,3.53m,6.91m,Tây Nam,2.0,1.0,2.0,25m²,31m²,2m,alley houses,25000.000000000004,10.70887893397219,106.62547220402419,11.235922835232667,,,,,
SYSMP5,"1247/104E Huỳnh Tấn Phát, P.Phú Thuận, Q.7, TP.HCM",3950000.0,0.1,Nhà hẻm,5.14m,8.3m,Đông,3.0,3.0,3.0,37.30m²,,2m,alley houses,39500000.0,10.73724267379921,106.72933636438968,5.75613683775358,,,,,
W9BB3R,"Nguyễn Hiền, P.4, Q.3, TP.HCM",11500000.0,226.37,Nhà hẻm,5.03m,10.85m,Đông Bắc,6.0,4.0,4.0,50.80m²,148.90m²,3m,alley houses,50801.784688783846,10.770033907389946,106.67206606108488,3.139888389356412,,,,,
RG25SJ,"198/20 Võ Văn Tần, P.5, Q.3, TP.HCM",4950000.0,221.97,Nhà hẻm,3.24m,8.03m,Tây Nam,2.0,3.0,4.0,22.30m²,44.60m²,2.5m,alley houses,22300.310852817947,10.769363156226785,106.69709211447457,1.1720745265386845,,,,,
AC9DUY,"656/74/137 Quang Trung, P.11, Q.Gò Vấp, TP.HCM",5980000.0,125.36,Nhà hẻm,3.55m,13.73m,Nam,4.0,2.0,2.0,47.70m²,77.40m²,3.74m,alley houses,47702.616464582,10.825352850285405,106.68578166006432,5.244446330343608,,,,,
5HAVV7,"127/54 Cô Giang, P.2, Q.Phú Nhuận, TP.HCM",4000000.0,408.16,Nhà hẻm,2.26m,6.2m,Tây,2.0,3.0,4.0,9.80m²,19.30m²,4.1m,alley houses,9800.078400627204,10.813522727506726,106.69336345112465,3.782907497641612,,,,,
ABD15Y,"57/18A Trần Thị Hè, P.Hiệp Thành, Q.12, TP.HCM",2090000.0,92.47,Nhà hẻm,3.68m,6.01m,Bắc,2.0,2.0,2.0,22.60m²,28.70m²,1.5m,alley houses,22601.92494863199,10.770858510505157,106.71378399646781,1.8919468368967771,,,,,
GXWC82,"Tân Hòa Đông, P.14, Q.6, TP.HCM",5980000.0,228.24,Nhà hẻm,3.88m,7.94m,Bắc,5.0,4.0,5.0,26.20m²,116.90m²,3.55m,alley houses,26200.49071153172,10.757294736482255,106.64864980002966,6.0455277438563755,,,,,
5H0NE7,"956/6/10 Âu Cơ, P.14, Q.Tân Bình, TP.HCM",7350000.0,100.54,Nhà hẻm,4.05m,18.05m,Bắc,2.0,2.0,2.0,73.10m²,139.90m²,,alley houses,73105.23174855778,10.796274854893268,106.64051405691205,6.65424024589728,,,,,
WPXHWR,"Nguyễn Kiệm, P.9, Q.Phú Nhuận, TP.HCM",32000000.0,310.98,Nhà hẻm,5.2m,19.95m,Tây Nam,8.0,8.0,4.0,102.90m²,,5m,alley houses,102900.50807125859,10.808245909980005,106.68873521616618,3.3433440831830703,,,,,
KF0SMC,"920/24 Nguyễn Kiệm, P.3, Q.Gò Vấp, TP.HCM",11000000.0,132.05,Nhà hẻm,5m,17.34m,Tây,3.0,3.0,3.0,83.30m²,173.10m²,3.6m,alley houses,83301.77962892843,10.829975543271093,106.66452643282528,6.712506670853482,,,,,
6SAJE8,"80/13 Nguyễn Văn Trỗi, P.8, Q.Phú Nhuận, TP.HCM",4050000.0,208.76,Nhà hẻm,2.57m,6.63m,Bắc,4.0,3.0,3.0,19.40m²,38.80m²,,alley houses,19400.268250622725,10.805912496755695,106.68288239596833,3.3867663980809324,,,,,
QADSYU,"378/29/22 An Dương Vương, P.4, Q.5, TP.HCM",5680000.0,230.89,Nhà hẻm,3m,9.2m,Tây Nam,4.0,3.0,3.0,24.60m²,,2.5m,alley houses,24600.459093074627,10.754878215600401,106.67768084675212,3.6112805028000508,,,,,
J2GQH0,"309/4 Nguyễn Oanh, P.17, Q.Gò Vấp, TP.HCM",4150000.000000001,166.0,Nhà hẻm,2.95m,8.77m,Tây,2.0,2.0,2.0,25m²,,3m,alley houses,25000.000000000007,10.822134958136923,106.67048452603449,5.62922101269321,,,,,
UAU8CS,"195/22/11 Quộc Lộ 1A, P.An Phú Đông, Q.12, TP.HCM",4400000.0,47.93,Nhà hẻm,4.72m,18.01m,Tây,1.0,1.0,1.0,91.80m²,87.60m²,2m,alley houses,91800.54245775088,10.76427666051168,106.69286201299472,1.8432224981735306,,,,,
5DSTX7,"35/6 Cách Mạng, P.Phú Thọ Hòa, Q.Tân Phú, TP.HCM",3450000.0,1.15,Nhà hẻm,4.78m,5.73m,Tây Nam,1.0,1.0,1.0,3m²,,1.25m,alley houses,3000000.0,10.804093922568622,106.61824818592193,9.234504258867753,,,,,
5DHU67,"21/30 Vạn Kiếp, P.1, Q.Bình Thạnh, TP.HCM",5800000.0,287.12,Nhà hẻm,4.9m,4.1m,Bắc,2.0,3.0,3.0,20.20m²,,2.5m,alley houses,20200.61298411814,10.809415603976301,106.70723993784887,3.39835150982691,,,,,
3576TQ,"41/10B Lương Văn Can, P.15, Q.8, TP.HCM",3880000.0,118.29,Nhà hẻm,3.8m,8m,Tây Bắc,3.0,2.0,3.0,32.80m²,29.30m²,2.5m,alley houses,32800.74393439851,10.73447023844608,106.62294543429263,9.714594790529006,,,,,
3SVEFQ,"Cộng Hoà, P.4, Q.Tân Bình, TP.HCM",16000000.0,208.98,Nhà hẻm,4.35m,19.2m,Tây,3.0,3.0,4.0,76.56m²,265.42m²,5m,alley houses,76562.35046415926,10.808682304894967,106.65844033617184,5.4699038896972905,,,,,
DC5F2H,"150/43A Nguyễn Trãi, P.Bến Thành, Q.1, TP.HCM",45000000.0,750.0,Nhà hẻm,4m,17m,Tây Nam,3.0,4.0,5.0,60m²,215.80m²,7m,alley houses,60000.0,10.784461470396971,106.69678417267635,0.5725375001705851,,,,,
6QGWJ8,"881C Ba Đình, P.Hưng Phú, Q.8, TP.HCM",10880000.0,87.6,Nhà hẻm,3.45m,28.5m,Bắc,5.0,3.0,3.0,124.20m²,234.60m²,8m,alley houses,124200.91324200913,10.71230380503945,106.62028698623737,11.397110777097678,,,,,
EJ0H94,"306/73A Vườn Lài, P.An Phú Đông, Q.12, TP.HCM",11600000.0,107.3,Nhà hẻm,5m,20.06m,Tây Bắc,4.0,2.0,3.0,108.10m²,222m²,,alley houses,108108.1081081081,10.769591459250396,106.70015343978348,1.1342377441884246,,,,,
S10W5Y,"Hoàng Hoa Thám, P.7, Q.Bình Thạnh, TP.HCM",22500000.0,144.5,Nhà hẻm,7.1m,17.4m,Đông,3.0,5.0,3.0,155.70m²,343.50m²,,alley houses,155709.34256055363,10.825011129731477,106.72008826128538,5.507321362551231,,,,,
9NNH2P,"31/25/1 Lê Lai, P.3, Q.Gò Vấp, TP.HCM",3650000.0,136.7,Nhà hẻm,4.1m,8.6m,Tây Nam,2.0,2.0,2.0,26.70m²,31.50m²,,alley houses,26700.80468178493,10.81783700620714,106.67032280738258,5.25080121611921,,,,,
40N5QF,"282A/41 Nguyễn Tri Phương, P.4, Q.10, TP.HCM",4650000.0,255.49,Nhà hẻm,3.6m,5.15m,Đông Nam,2.0,3.0,3.0,18.20m²,,3.6m,alley houses,18200.320951896356,10.790006183349936,106.69005710930276,1.4969398095863455,,,,,
7KWCZA,"744/15 Nguyễn Kiệm, P.4, Q.Phú Nhuận, TP.HCM",6250000.0,224.82,Nhà hẻm,3m,10.15m,Tây Nam,3.0,4.0,4.0,27.80m²,91.10m²,2.45m,alley houses,27800.01779201139,10.798777143001024,106.68676079272721,2.4926219573110204,,,,,
SDEPS5,"59/27 Hồng Lạc, P.10, Q.Tân Bình, TP.HCM",16000000.0,132.66,Nhà hẻm,4m,33.05m,Tây Bắc,4.0,4.0,2.0,120.60m²,,,alley houses,120609.07583295643,10.809010097300677,106.63896453779728,7.32106578837692,,,,,
7K4W6A,"141/37/5 Thạnh Lộc 19, P.Thạnh Lộc, Q.12, TP.HCM",3100000.0,128.09,Nhà hẻm,3m,9m,Tây Bắc,2.0,2.0,2.0,24.20m²,48.40m²,3m,alley houses,24201.733156374423,10.764234811860089,106.69473401453659,1.7830154835822212,,,,,
GXTRV2,"959/22 Nguyễn Kiệm, P.3, Q.Gò Vấp, TP.HCM",4099999.999999999,120.58,Nhà hẻm,4.4m,10.33m,Nam,2.0,1.0,2.0,34m²,61m²,1.7m,alley houses,34002.32210980261,10.838139276931972,106.67129986296521,7.13152396753919,,,,,
SYSY65,"385/34/2 Quang Trung, P.10, Q.Gò Vấp, TP.HCM",6500000.0,102.84,Nhà hẻm,4m,15.8m,Tây Nam,3.0,2.0,2.0,63.20m²,,2m,alley houses,63204.9786075457,10.825093859255794,106.69002085663276,5.107643263970345,,,,,
SYR4N5,"364/26/11 Tô Ký, P.Tân Chánh Hiệp, Q.12, TP.HCM",3150000.0,100.0,Nhà hẻm,4m,8.76m,Tây Nam,2.0,2.0,2.0,31.50m²,63m²,3m,alley houses,31500.0,10.77908202706415,106.70966836698607,1.166310642296456,,,,,
W9G4TR,"490/2A Lê Văn Sỹ, P.14, Q.3, TP.HCM",12000000.0,196.72,Nhà hẻm,5.95m,13.35m,Nam,4.0,5.0,4.0,61m²,171.70m²,2m,alley houses,61000.40666937779,10.787233883698034,106.6964395482244,0.8712201411566246,,,,,
9ZNGQP,"142D/27 Cô Giang, P.2, Q.Phú Nhuận, TP.HCM",9800000.0,162.52,Nhà hẻm,9.25m,6.8m,Đông Nam,2.0,2.0,2.0,60.30m²,88.40m²,2.9m,alley houses,60300.27073590942,10.7988532173022,106.66691345501022,4.096850132177819,,,,,
QAYYZU,"42/27 Nguyễn Thượng Hiền, P.5, Q.3, TP.HCM",6000000.0,193.54,Nhà hẻm,3.5m,11m,Đông Nam,2.0,1.0,2.0,31m²,65.80m²,3.5m,alley houses,31001.34339154697,10.77802399638787,106.67107493568798,3.0633754667902005,,,,,
ABH1SY,"Hà Huy Giáp, P.Thới An, Q.12, TP.HCM",4750000.0,84.67,Nhà hẻm,4m,14.02m,Tây Nam,2.0,2.0,2.0,56.10m²,102.20m²,4m,alley houses,56100.15353726231,10.777094620694077,106.70451794404156,0.6701284617760077,,,,,
YEHTRD,"888/6 Quang Trung, P.10, Q.Gò Vấp, TP.HCM",5250000.0,165.61,Nhà hẻm,6.5m,4.75m,Tây Bắc,3.0,2.0,2.0,31.70m²,52.40m²,,alley houses,31700.984240082118,10.821492649578207,106.67880921200538,5.115931360562678,,,,,
SDV685,"302/26 Thạnh Xuân 31, P.Thạnh Xuân, Q.12, TP.HCM",3750000.0,68.55,Nhà hẻm,4m,13.76m,Nam,3.0,1.0,2.0,54.70m²,83.40m²,4m,alley houses,54704.595185995626,10.772100391489847,106.70181903527173,0.9031671674973966,,,,,
85HXA3,"518/2/20 Lê Văn Sỹ, P.11, Q.Phú Nhuận, TP.HCM",6000000.0,160.42,Nhà hẻm,2.95m,12.7m,Bắc,2.0,2.0,3.0,37.40m²,96.20m²,2.07m,alley houses,37401.82022191747,10.809345625698697,106.67489136623978,4.2022953369246006,,,,,
85APS3,"480/19 Lạc Long Quân, P.5, Q.11, TP.HCM",8000000.0,183.48,Nhà hẻm,4.15m,12.75m,Tây Nam,4.0,3.0,3.0,43.60m²,,,alley houses,43601.48245040332,10.786784261495267,106.70777289776188,1.230488677078533,,,,,
7KCZFA,"275/27 Quang Trung, P.10, Q.Gò Vấp, TP.HCM",2850000.0,158.24,Nhà hẻm,3.35m,5.35m,Đông Bắc,2.0,3.0,3.0,18.01m²,,2.5m,alley houses,18010.61678463094,10.829315757625169,106.68042111475704,5.844428874476527,,,,,
PNZ1KG,"1/50/16 Thanh Đa, P.27, Q.Bình Thạnh, TP.HCM",5860000.0,180.3,Nhà hẻm,3.36m,11.99m,Nam,3.0,2.0,2.0,32.50m²,65m²,1.9m,alley houses,32501.386577925678,10.82060225656225,106.69894577952539,4.514939365033443,,,,,
6U62R8,"TK6/18 Võ Văn Kiệt, P.Cầu Kho, Q.1, TP.HCM",6900000.0,252.74,Nhà hẻm,4.66m,10.88m,Tây Bắc,3.0,1.0,2.0,27.30m²,66.50m²,2m,alley houses,27300.783413784917,10.790592580675503,106.71155182692833,1.8180069879245244,,,,,
9Z9XBP,"327/17/8 Quang Trung, P.10, Q.Gò Vấp, TP.HCM",2950000.0,162.98,Nhà hẻm,5.05m,3.63m,Đông Bắc,2.0,1.0,2.0,18.10m²,36.20m²,2m,alley houses,18100.38041477482,10.817857294094189,106.66905913284386,5.336344192430007,,,,,
7HWMYA,"88/23 Hiệp Thành 26, P.Hiệp Thành, Q.12, TP.HCM",4480000.0,97.6,Nhà hẻm,3.7m,13.11m,Tây Bắc,2.0,2.0,2.0,45.90m²,82.60m²,4m,alley houses,45901.6393442623,10.771510014647083,106.68964145365699,1.3753991665013825,,,,,
3SCDZQ,"1264/57/58 Lê Đức Thọ, P.15, Q.Gò Vấp, TP.HCM",9000000.0,77.58,Nhà hẻm,6.03m,19.08m,Đông Nam,4.0,2.0,2.0,116m²,157.60m²,3.66m,alley houses,116009.28074245939,10.821745148011921,106.67486924311734,5.340630622660801,,,,,
GXNQB2,"2A/14 Hưng Phú, P.Hưng Phú, Q.8, TP.HCM",4480000.0,127.27,Nhà hẻm,3.23m,8.72m,Tây Nam,3.0,2.0,2.0,35.20m²,57.20m²,2m,alley houses,35200.754301877896,10.71157417559006,106.61907180649669,11.550448654960599,,,,,
0T2QB9,"46/7 Thị Trần, TT.Hóc Môn, H.Hóc Môn, TP.HCM",6900000.0,95.17,Nhà hẻm,4.03m,18m,Nam,5.0,6.0,4.0,72.50m²,192m²,,alley houses,72501.83881475254,10.896103069853543,106.59189371726755,17.40055719024801,,,,,
QAX6WU,"123/13/4A Thạnh Xuân 22, P.Thạnh Xuân, Q.12, TP.HCM",4320000.0,70.47,Nhà hẻm,4m,15.32m,Đông Bắc,1.0,1.0,1.0,61.30m²,74.80m²,5m,alley houses,61302.681992337166,10.764133673311596,106.6965040910021,1.7531102698793217,,,,,
5HTF67,"220/48 Âu Cơ, P.9, Q.Tân Bình, TP.HCM",15900000.0,198.75,Nhà hẻm,4m,20m,Tây Bắc,4.0,4.0,5.0,80m²,322.10m²,8m,alley houses,80000.0,10.795093231817308,106.6535817877343,5.25075474011214,,,,,
DENDVH,"102/4A Thạnh Lộc 17, P.Thạnh Lộc, Q.12, TP.HCM",5850000.0,97.5,Nhà hẻm,4m,15m,Đông Bắc,3.0,4.0,3.0,60m²,134.20m²,5m,alley houses,60000.0,10.786163473911751,106.68929067735523,1.2774530580154013,,,,,
7KJCMA,"đường số 59, P.14, Q.Gò Vấp, TP.HCM",12000000.0,188.08,Nhà hẻm,3.9m,16.3m,Đông Bắc,9.0,10.0,5.0,63.80m²,214.20m²,4.58m,alley houses,63802.63717566992,10.831710497170741,106.68974393485563,5.83269638968003,,,,,
7KFCTA,"MPN 161/19 Thạnh Lộc 15, P.An Phú Đông, Q.12, TP.HCM",5630000.0,102.36,Nhà hẻm,5.5m,10m,Đông Bắc,4.0,5.0,5.0,55m²,,5m,alley houses,55001.95388823759,10.790201378205165,106.71177448183853,1.8085526803511247,,,,,
UYHX3S,"37/26 Nguyễn Ngọc Lộc, P.14, Q.10, TP.HCM",4300000.0,164.12,Nhà hẻm,2.06m,12.57m,Đông Nam,2.0,1.0,2.0,26.20m²,47.20m²,,alley houses,26200.34121374604,10.774548433441385,106.71180280409473,1.5124753058542475,,,,,
1UU186,"1306/27 Quang Trung, P.14, Q.Gò Vấp, TP.HCM",4690000.0,128.49,Nhà hẻm,4.05m,10.62m,Tây Nam,2.0,2.0,2.0,36.50m²,,1.9m,alley houses,36500.89501128492,10.834289328468476,106.66755513279676,6.942172096141048,,,,,
GXNAR2,"854/47/17M Thống Nhất, P.15, Q.Gò Vấp, TP.HCM",3450000.0,285.12,Nhà hẻm,7m,3.04m,Tây,2.0,2.0,2.0,12.10m²,24.20m²,,alley houses,12100.16835016835,10.841410659965852,106.67267915380012,7.400602607816954,,,,,
ACKW9Y,"49/22/13A Nguyễn Văn Đậu, P.5, Q.Bình Thạnh, TP.HCM",9000000.0,170.45,Nhà hẻm,5m,10.15m,Tây Nam,7.0,7.0,4.0,52.80m²,194m²,,alley houses,52801.40803754767,10.81710669234583,106.7238749829752,4.942300557483505,,,,,
W9M9TR,"272/15 Gò Xoài, P.Bình Hưng Hoà A, Q.Bình Tân, TP.HCM",6100000.0,95.91,Nhà hẻm,4m,15.9m,Đông Nam,3.0,2.0,2.0,63.60m²,126.40m²,5.3m,alley houses,63601.29287874049,10.777361405379692,106.59679571883956,11.184185505408637,,,,,
RPMVGJ,"506/49/20E Lạc Long Quân, P.5, Q.11, TP.HCM",2890000.0,186.45,Nhà hẻm,2.5m,5.6m,Tây Bắc,2.0,2.0,2.0,15.50m²,31m²,2m,alley houses,15500.134084204881,10.781804555889554,106.69240212951989,0.7583057745018901,,,,,
8SK7F3,"385/33/37 Quang Trung, P.10, Q.Gò Vấp, TP.HCM",4750000.0,76.41,Nhà hẻm,6m,11.9m,Đông Nam,3.0,3.0,2.0,62.16m²,70.11m²,2.8m,alley houses,62164.63813636959,10.83773396362479,106.67580022299808,6.894884733696301,,,,,
5DDMX7,"15/40/92 đường Số 59, P.14, Q.Gò Vấp, TP.HCM",4970000.0,112.44,Nhà hẻm,4m,11m,Nam,3.0,2.0,2.0,44.20m²,85.20m²,3.12m,alley houses,44201.35183208823,10.823011412085194,106.66580071967674,6.0054958551006665,,,,,
UXW0S5,"106/37 Bình Lợi, P.13, Q.Bình Thạnh, TP.HCM",15000000.0,195.0,Nhà hẻm,4m,24.4m,Đông Nam,3.0,3.0,4.0,97.20m²,,8.5m,alley houses,76923.07692307692,10.814444521469575,106.69713513569755,3.839387016156135,,,,,
ETWJ4W,"63/105 Lê Trọng Lư, P.Tân Thuận Đông, Q.7, TP.HCM",8000000.0,133.33,Nhà hẻm,6.3m,9.55m,Tây Bắc,2.0,2.0,2.0,59.30m²,118.60m²,2.5m,alley houses,60001.50003750093,10.717778631851285,106.72026048798945,7.241223849851073,,,,,
8YW4G3,"118/22 Lê Trọng Tấn, P.Tây Thạnh, Q.Tân Phú, TP.HCM",6900000.0,94.65,Nhà hẻm,,,Tây,,,,,72.90m²,,alley houses,72900.15847860539,10.803611121488355,106.6169944905959,9.350571329556255,,,,,
SHDVR5,"673/1A Hà Huy Giáp, P.Thạnh Xuân, Q.12, TP.HCM",5200000.0,89.5,Nhà hẻm,4m,13.6m,Đông Bắc,2.0,1.0,2.0,58.10m²,106m²,8m,alley houses,58100.55865921788,10.77414168808279,106.69640980085241,0.6867692551800916,,,,,
R29HBJ,"197/27/8/5A Thạnh Lộc 15, P.Thạnh Lộc, Q.12, TP.HCM",3200000.0,60.95,Nhà hẻm,7.5m,7.05m,Đông Bắc,2.0,1.0,1.0,52.50m²,43.30m²,4m,alley houses,52502.05086136177,10.77687222692131,106.71575667232405,1.8577405122204516,,,,,
0TPWV9,"572/19/7/7 Âu Cơ, P.10, Q.Tân Bình, TP.HCM",2950000.0,136.57,Nhà hẻm,1.95m,10.05m,Bắc,2.0,3.0,3.0,21.60m²,,3m,alley houses,21600.644358204583,10.791818101863903,106.63799320504316,6.806522588191716,,,,,
QANQ8U,"4/12 Thạnh Lộc 29, P.Thạnh Lộc, Q.12, TP.HCM",6300000.0,92.64,Nhà hẻm,4m,17.02m,Tây Bắc,4.0,3.0,4.0,68m²,194.80m²,6.4m,alley houses,68005.18134715025,10.783933933516403,106.69666593800841,0.526639339256529,,,,,
2MEQ8Z,"1162/2 Quang Trung, P.8, Q.Gò Vấp, TP.HCM",8400000.0,144.82,Nhà hẻm,4m,14m,Tây Bắc,4.0,5.0,4.0,58m²,159m²,3.05m,alley houses,58003.03825438476,10.81558119522076,106.67588406526002,4.69937633166596,,,,,
AC2JCY,"Thạnh Xuân 22, P.Thạnh Xuân, Q.12, TP.HCM",6200000.0,85.51,Nhà hẻm,4.76m,15.24m,Tây Bắc,5.0,4.0,5.0,72.50m²,227.40m²,7m,alley houses,72506.13963279148,10.77377762022138,106.70665049845182,1.0660911866154408,,,,,
6SYC18,"MPN 87 Thạnh Xuân 33, P.Thạnh Xuân, Q.12, TP.HCM",7600000.0,94.88,Nhà hẻm,4m,20m,Đông,5.0,5.0,5.0,80.10m²,269.44m²,,alley houses,80101.18043844857,10.776539470544119,106.70080358920781,0.40815531150464107,,,,,
37H7VQ,"440/12/10 Nguyễn Kiệm, P.13, Q.Phú Nhuận, TP.HCM",5900000.0,160.32,Nhà hẻm,3m,14.25m,Đông,5.0,3.0,3.0,36.80m²,51.90m²,,alley houses,36801.39720558882,10.800065208642712,106.6698513903737,3.900500689102937,,,,,
ACE68Y,"337/1 Lưu Hữu Phước, P.15, Q.8, TP.HCM",4300000.0,97.72,Nhà hẻm,4.32m,6.75m,Tây Bắc,3.0,2.0,2.0,44m²,,,alley houses,44003.27466230045,10.732765614731838,106.6337915638161,8.829652162313456,,,,,
85ASJ3,"535/27/18 Thống Nhất, P.15, Q.Gò Vấp, TP.HCM",3880000.0,219.2,Nhà hẻm,5.2m,3.42m,Nam,2.0,3.0,2.0,17.70m²,53.10m²,1.5m,alley houses,17700.7299270073,10.829816323222708,106.67868044212676,5.964733456323343,,,,,
5HKJ47,"204/20 Nguyễn Oanh, P.17, Q.Gò Vấp, TP.HCM",25500000.0,242.62,Nhà hẻm,7.3m,14.2m,Bắc,20.0,20.0,6.0,105.10m²,441.20m²,4.62m,alley houses,105102.62962657654,10.828427191027892,106.66598883512575,6.481066412967454,,,,,
6SUXJ8,"C2/3A/12 Ấp 3A, Xã Vĩnh Lộc B, H.Bình Chánh, TP.HCM",4200000.0,63.63,Nhà hẻm,4m,17m,Bắc,2.0,2.0,2.0,66m²,119.30m²,4.22m,alley houses,66006.600660066,10.673006097613547,106.59451532193077,16.43778013339119,,,,,
5HY617,"198b/9 Dương Bá Trạc, P.Rạch Ông, Q.8, TP.HCM",5600000.0,142.13,Nhà hẻm,3.8m,10.11m,Tây,3.0,3.0,2.0,39.40m²,50.20m²,,alley houses,39400.5487933582,10.707919669400523,106.61606204986639,12.064152859058305,,,,,
RG95AJ,"90/29 Lê Hồng Phong, P.2, Q.5, TP.HCM",7300000.0,266.42,Nhà hẻm,3m,9.2m,Nam,3.0,3.0,2.0,27.40m²,54.80m²,5m,alley houses,27400.345319420463,10.753235346708548,106.67280650441226,4.104797689317661,,,,,
1Q7HY6,"đường số 5, Bình Trưng Tây, Q.2, TP.HCM",18500000.0,265.04,Nhà hẻm,5.25m,11.6m,Tây Nam,4.0,4.0,5.0,69.80m²,244.20m²,6m,alley houses,69800.78478720192,10.798331794292894,106.7596451239247,6.939538077238077,,,,,
GNX5E2,"417/106 Quang Trung, P.10, Q.Gò Vấp, TP.HCM",3480000.0,132.82,Nhà hẻm,4m,6.55m,Tây Nam,3.0,2.0,3.0,26.20m²,,3m,alley houses,26200.873362445414,10.827261087564994,106.66452762735054,6.466309646306294,,,,,
JZZW20,"106C/121-123 Lạc Long Quân, P.3, Q.11, TP.HCM",25000000.0,311.72,Nhà hẻm,6.8m,12.3m,Bắc,21.0,21.0,5.0,80.20m²,386.70m²,,alley houses,80200.17964840241,10.77770538226562,106.70377727673849,0.5680778275231307,,,,,
KWBFFC,"269/11/8 Nguyễn Trãi, P.Nguyễn Cư Trinh, Q.1, TP.HCM",16500000.0,293.07,Nhà hẻm,3.35m,16.7m,Đông Bắc,9.0,9.0,6.0,56.30m²,199.86m²,5.26m,alley houses,56300.54253250077,10.784335860454613,106.70458244132199,0.7889358362441315,,,,,
JZGFZ0,"145/60A Ấp 3, Xã Đông Thạnh, H.Hóc Môn, TP.HCM",6200000.0,45.82,Nhà hẻm,6m,24.1m,Nam,1.0,1.0,1.0,135.30m²,90.30m²,,alley houses,135312.090790048,10.871035797076754,106.5842359837513,16.107433247497518,,,,,
40YY2F,"142/6 Cô Giang, P.2, Q.Phú Nhuận, TP.HCM",6350000.0,156.4,Nhà hẻm,3.1m,12.35m,Đông Nam,3.0,2.0,2.0,40.60m²,77.60m²,,alley houses,40601.023017902815,10.806630663307429,106.67611629051488,3.885401550667694,,,,,
UYT0XS,"MPN 514/3/33 Lê Đức Thọ, P.17, Q.Gò Vấp, TP.HCM",4950000.0,70.41,Nhà hẻm,4.27m,18.43m,Đông Nam,2.0,1.0,2.0,70.30m²,,,alley houses,70302.51384746486,10.816049517192525,106.68219765960836,4.413454991552159,,,,,
UY2NJS,"79/51/3A Thống Nhất, P.11, Q.Gò Vấp, TP.HCM",5350000.0,144.2,Nhà hẻm,4.07m,9.31m,Tây Nam,3.0,2.0,3.0,37.10m²,98m²,,alley houses,37101.24826629681,10.827380074805408,106.66404903747987,6.507629430257848,,,,,
6SHYZ8,"252/6S Phạm Văn Chiêu, P.9, Q.Gò Vấp, TP.HCM",5950000.0,166.66,Nhà hẻm,4m,9.8m,Tây,3.0,3.0,4.0,35.70m²,84.70m²,,alley houses,35701.428057122284,10.832623444658301,106.66900488531022,6.703706177930277,,,,,
402MMF,"87/19 Thạnh Xuân 33, P.Thạnh Xuân, Q.12, TP.HCM",7600000.0,102.42,Nhà hẻm,4m,18.58m,Đông,5.0,5.0,5.0,74.20m²,259.40m²,,alley houses,74204.25698105838,10.773415533396856,106.70971766201262,1.3649990708234956,,,,,
7KB14A,"86/2/26 Ông Ích Khiêm, P.1, Q.11, TP.HCM",4700000.0,140.71,Nhà hẻm,4.3m,8.25m,Đông Bắc,2.0,2.0,2.0,33.40m²,66.80m²,,alley houses,33402.032549214695,10.77795163983491,106.70268432902994,0.448368392018488,,,,,
377DSQ,"51/12G Nguyễn Trãi, P.2, Q.5, TP.HCM",6680000.0,351.57,Nhà hẻm,3.3m,5.82m,Đông Bắc,3.0,3.0,3.0,19m²,,2.5m,alley houses,19000.483545239924,10.762440172154315,106.67327859777951,3.4076512058706654,,,,,
9T2CXP,"1041/62/10/9 Trần Xuân Soạn, P.Tân Hưng, Q.7, TP.HCM",5690000.0,121.32,Nhà hẻm,4m,12m,Tây Bắc,3.0,2.0,2.0,46.90m²,70.80m²,,alley houses,46900.758325090675,10.737440181108425,106.7178142606502,5.114764787532516,,,,,
0ZGKP9,"861/18/25B Trần Xuân Soạn, P.Tân Hưng, Q.7, TP.HCM",6700000.0,114.72,Nhà hẻm,4.5m,13.68m,Tây,3.0,3.0,2.0,58.40m²,105.40m²,2m,alley houses,58403.06834030683,10.743628584977836,106.73864413353994,5.8965892770076165,,,,,
2XV34Z,"207/64A Nguyễn Văn Đậu, P.11, Q.Bình Thạnh, TP.HCM",28000000.0,202.02,Nhà hẻm,4.2m,33.15m,Tây Nam,21.0,21.0,6.0,138.60m²,571.20m²,6m,alley houses,138600.1386001386,10.811367980926464,106.70611491626599,3.5784356143639706,,,,,
5DDEB7,"417/49/28A Quang Trung, P.10, Q.Gò Vấp, TP.HCM",4380000.0,144.55,Nhà hẻm,4.93m,6.3m,Tây Nam,1.0,1.0,1.0,30.30m²,30.30m²,2m,alley houses,30300.93393289519,10.816079992472766,106.66228227778521,5.680378871716451,,,,,
3N11Q3,"Nguyễn Xí, P.26, Q.Bình Thạnh, TP.HCM",10500000.0,0.0,Nhà hẻm,3.75m,17.8m,Nam,4.0,4.0,2.0,63.80m²,,8m,alley houses,inf,10.796002957154455,106.71957294755492,2.875186121923487,,,,,
DDQ5HF,"Huỳnh Tấn Phát, P.Tân Phú, Q.7, TP.HCM",7880000.0,194.59,Nhà hẻm,4.1m,9.75m,,3.0,3.0,3.0,40.54m²,,4m,alley houses,40495.400585847165,10.728397538409117,106.72421599191873,6.316579454456357,,,,,
7CK0BA,"362/12/37 Thống Nhất, P.16, Q.Gò Vấp, TP.HCM",7290000.0,138.33,Nhà hẻm,4m,12.97m,Bắc,5.0,5.0,5.0,52.70m²,178.80m²,,alley houses,52700.06506180872,10.834287292918148,106.6904238616122,6.101666314507678,,,,,
1S3KF6,"576/34 Quang Trung, P.11, Q.Gò Vấp, TP.HCM",6550000.0,118.87,Nhà hẻm,3.67m,10.71m,Tây Nam,3.0,3.0,2.0,55.10m²,89.70m²,,alley houses,55102.21250105157,10.812561034407485,106.67796646390047,4.2952669713208715,,,,,
J2YNW0,"1005/61/38 Nguyễn Kiệm, P.3, Q.Gò Vấp, TP.HCM",3200000.0,164.1,Nhà hẻm,3.3m,7.76m,Đông Bắc,2.0,2.0,2.0,19.50m²,38.70m²,2m,alley houses,19500.304692260816,10.835791528895903,106.66497308522865,7.228299096963598,,,,,
850M13,"147/95 Thạnh Lộc 37, P.Thạnh Lộc, Q.12, TP.HCM",5500000.0,146.27,Nhà hẻm,3.98m,9.53m,Đông Nam,3.0,3.0,3.0,37.60m²,131.60m²,5.4m,alley houses,37601.69549463321,10.772726651274647,106.70295171959252,0.8909096385857759,,,,,
7KJU0A,"212/158/238 Nguyễn Văn Nguyễn, P.Tân Định, Q.1, TP.HCM",3450000.0,273.8,Nhà hẻm,2.48m,5.232m,Tây Nam,1.0,2.0,2.0,12.60m²,,,alley houses,12600.438276113951,10.783999546977812,106.6938384088112,0.734482265990922,,,,,
J262G0,"43/31 Tú Mỡ, P.7, Q.Gò Vấp, TP.HCM",8780000.0,156.5,Nhà hẻm,3.75m,13m,Đông Bắc,3.0,4.0,4.0,56.10m²,141.10m²,4m,alley houses,56102.23642172524,10.814824152803915,106.66659133167245,5.254073933528771,,,,,
7KR6WA,"91/11 Thạnh Xuân 43, P.Thạnh Xuân, Q.12, TP.HCM",4580000.0,113.08,Nhà hẻm,4.5m,9.17m,Tây Bắc,3.0,3.0,3.0,40.50m²,118.40m²,,alley houses,40502.29925716307,10.766951044268977,106.70115506862966,1.4385389293696569,,,,,
0Z6189,"160/34/26 Phan Huy Ích, P.12, Q.Gò Vấp, TP.HCM",5980000.0,191.05,Nhà hẻm,3.02m,10.04m,Đông Bắc,4.0,3.0,5.0,31.30m²,112.70m²,,alley houses,31300.70662130332,10.822325781761139,106.66319921707445,6.123321261050893,,,,,
YBF5GD,"70/33 Thạnh Xuân 38, P.Thạnh Xuân, Q.12, TP.HCM",4880000.0,63.62,Nhà hẻm,4.9m,17.17m,Đông Nam,2.0,3.0,2.0,76.70m²,96.60m²,5m,alley houses,76705.4385413392,10.787403653240702,106.6897407118627,1.3197977083098278,,,,,
SDKYT5,"72/36/7 Nguyễn Ảnh Thủ, P.Hiệp Thành, Q.12, TP.HCM",3550000.0,100.85,Nhà hẻm,3.1m,11.35m,Bắc,2.0,2.0,2.0,35.20m²,70.10m²,2.5m,alley houses,35200.79325731284,10.771942465284747,106.69731648803817,0.8874529626546459,,,,,
UYDFGS,"330/32 Chiến Lược, P.Bình Trị Đông A, Q.Bình Tân, TP.HCM",4250000.0,118.71,Nhà hẻm,3.95m,9.06m,Tây Bắc,2.0,2.0,2.0,35.80m²,67.80m²,2.96m,alley houses,35801.53314800775,10.774339170795512,106.58968799325585,11.97355396066722,,,,,
EJJWM4,"33/20/6 Phan Văn Hớn, P.Tân Thới Nhất, Q.12, TP.HCM",3900000.0,104.27,Nhà hẻm,3.4m,11m,Đông Nam,2.0,2.0,2.0,37.40m²,74.80m²,,alley houses,37402.89632684377,10.78700795275072,106.69874379096402,0.799557997396931,,,,,
UYY5BS,"176/5 Thạnh Lộc 19, P.Thạnh Lộc, Q.12, TP.HCM",4750000.0,100.42,Nhà hẻm,4.04m,11.79m,Tây Nam,3.0,2.0,2.0,47.30m²,84.60m²,3m,alley houses,47301.33439553874,10.76152700747416,106.70919880140346,2.305664772333424,,,,,
ACKWGY,"8/34/1A Thạnh Xuân 38, P.Thạnh Xuân, Q.12, TP.HCM",5350000.0,95.02,Nhà hẻm,4.5m,12.69m,Đông Nam,4.0,4.0,4.0,56.30m²,183.10m²,5.54m,alley houses,56303.93601347085,10.784419418368822,106.70086203401901,0.5504730127907298,,,,,
YBCF5D,"9/70/26 Thạnh Xuân 24, P.Thới An, Q.12, TP.HCM",6900000.0,67.84,Nhà hẻm,4.01m,24.91m,Tây Bắc,4.0,5.0,4.0,101.70m²,166.40m²,,alley houses,101709.90566037735,10.7712882985519,106.70767501876301,1.3333028406594785,,,,,
85UVF3,"180/12 Thạnh Xuân 22, P.Thới An, Q.12, TP.HCM",7350000.0,86.26,Nhà hẻm,4m,19.61m,Tây Bắc,4.0,5.0,4.0,85.20m²,193.81m²,,alley houses,85207.51217250174,10.766147667024795,106.7012515342594,1.5279445892084924,,,,,
SYGFG5,"728/5/1 Trần Hưng Đạo, P.2, Q.5, TP.HCM",4450000.0,266.46,Nhà hẻm,1.2m,8.5m,Đông,2.0,2.0,3.0,16.70m²,50m²,,alley houses,16700.442843203484,10.740056168335345,106.65024703735052,6.912203091718526,,,,,
35A0DQ,"1122/24C Quang Trung, P.8, Q.Gò Vấp, TP.HCM",14800000.0,164.81,Nhà hẻm,3.77m,15.94m,Tây Nam,4.0,4.0,6.0,89.80m²,337.90m²,4m,alley houses,89800.37619076512,10.83552822105201,106.68005802482986,6.505571956767204,,,,,
13QDH6,"Đặng Lộ, P.07, Q.Tân Bình, TP.HCM",6350000.0,146.65,Nhà hẻm,5.11m,9.73m,Đông Nam,2.0,2.0,2.0,43.30m²,,1.6m,alley houses,43300.37504261848,10.812726154029283,106.65094762588902,6.397266828219222,,,,,
SC0FX5,"24C Tam Châu, P.Tam Bình, TP.Thủ Đức, TP.HCM",10230000.0,46.71,Nhà hẻm,,,Tây Bắc,,,,,219m²,,alley houses,219010.91843288374,10.839636126998382,106.74144320594641,8.083537790180754,,,,,
PN3K4G,"44/24/2A Tăng Nhơn Phú, Phước Long B, Q.9, TP.HCM",7000000.0,71.72,Nhà hẻm,5m,20m,Đông Nam,3.0,2.0,2.0,97.60m²,113.40m²,,alley houses,97601.78471834914,10.829132347311463,106.8153877806964,13.846304199924365,,,,,
3ADXWQ,"312/1/14 Quang Trung, P.6, Q.Gò Vấp, TP.HCM",8790000.0,198.41,Nhà hẻm,6.75m,9.32m,Tây Bắc,3.0,3.0,5.0,44.30m²,,,alley houses,44302.202509954135,10.822820334338973,106.66705085970025,5.906727741726958,,,,,
UDY9VS,"467/25 Lê Văn Khương, P.Tân Thới Hiệp, Q.12, TP.HCM",11500000.0,141.1,Nhà hẻm,4.04m,19.44m,Tây Bắc,4.0,4.0,5.0,81.50m²,98.10m²,,alley houses,81502.48051027641,10.764334886311488,106.69652343979531,1.730798483642714,,,,,
RGQ7NJ,"149/2/6 Nguyễn Văn Công, P.3, Q.Gò Vấp, TP.HCM",5950000.0,211.74,Nhà hẻm,3m,9.68m,Đông Bắc,3.0,3.0,3.0,28.10m²,64.70m²,3.5m,alley houses,28100.500613960518,10.815399883772821,106.68984013611251,4.065600571670994,,,,,
85BAF3,"318/56/9 Thống Nhất, P.16, Q.Gò Vấp, TP.HCM",4650000.0,143.07,Nhà hẻm,3.25m,10.26m,Nam,3.0,2.0,3.0,32.50m²,83.40m²,3.37m,alley houses,32501.572656741457,10.8414482932851,106.66335405924515,7.8576289108117585,,,,,
ACJ1MY,"139/10/2 đường số 14, Phước Bình, Q.9, TP.HCM",7100000.0,95.3,Nhà hẻm,4m,18.86m,Nam,3.0,2.0,2.0,74.50m²,128.90m²,,alley houses,74501.57397691501,10.831530252088248,106.81913924531881,14.328086327573267,,,,,
85KNU3,"56/53 Tô Hiến Thành, P.15, Q.10, TP.HCM",5600000.0,109.37,Nhà hẻm,2.9m,17.7m,Tây Nam,2.0,1.0,2.0,51.20m²,72.50m²,,alley houses,51202.340678431014,10.778211005807467,106.69309377661457,0.6719620071562769,,,,,
UYHNRS,"MPN 37/38/5 Lâm Thị Hố, P.Tân Chánh Hiệp, Q.12, TP.HCM",5580000.0,99.82,Nhà hẻm,4m,13.98m,Bắc,3.0,4.0,3.0,55.90m²,134.40m²,,alley houses,55900.62111801242,10.787300702439934,106.7135871242672,1.7962396197439883,,,,,
9TN3EP,"46/37K Nhiêu Tứ, P.7, Q.Phú Nhuận, TP.HCM",6300000.0,277.53,Nhà hẻm,2.8m,9.77m,Tây Nam,3.0,3.0,3.0,22.70m²,,,alley houses,22700.24862177062,10.809572306514104,106.6734363371836,4.32310920276814,,,,,
400ZMF,"192/27/20/16 Thạnh Lộc 15, P.Thạnh Lộc, Q.12, TP.HCM",5590000.0,110.47,Nhà hẻm,4.7m,11.04m,Tây Nam,4.0,4.0,5.0,50.60m²,,,alley houses,50601.97338643976,10.771993321703361,106.69008744971653,1.3034341610305527,,,,,
YBKQZD,"280/12A Thống Nhất, P.16, Q.Gò Vấp, TP.HCM",5800000.0,161.11,Nhà hẻm,2.8m,8.18m,Bắc,4.0,3.0,3.0,36m²,96m²,4m,alley houses,36000.24827757433,10.825509153306133,106.66636209287019,6.192081077410369,,,,,
1Q1AB6,"Bạch Đằng, P.14, Q.Bình Thạnh, TP.HCM",16000000.0,156.86,Nhà hẻm,6.78m,14.9m,Đông,5.0,3.0,3.0,102m²,210.10m²,4.62m,alley houses,102001.78503123803,10.82116040792181,106.70098861538511,4.581689253922934,,,,,
UKFDVS,"254/49/1E Âu Cơ, P.9, Q.Tân Bình, TP.HCM",8600000.0,186.55,Nhà hẻm,3.73m,9.95m,Đông Bắc,4.0,3.0,4.0,46.10m²,130m²,,alley houses,46100.24122219244,10.815321215150167,106.65731275031203,6.021894671795518,,,,,
GXBA62,"208/26/72 đường số 5, P.Bình Hưng Hòa, Q.Bình Tân, TP.HCM",25000000.0,70.62,Nhà hẻm,7m,50.75m,Tây Nam,1.0,4.0,5.0,354m²,928.82m²,5m,alley houses,354007.3633531577,10.76423013233422,106.61726624738854,9.106359779517835,,,,,
WP383R,"91/17/14 Trần Tấn, P.Tân Sơn Nhì, Q.Tân Phú, TP.HCM",4900000.0,85.06,Nhà hẻm,4m,14.4m,Đông Nam,3.0,2.0,2.0,57.60m²,88m²,,alley houses,57606.395485539615,10.777149471199387,106.61771440085565,8.897911206790049,,,,,
QAWWZU,"290C/43/12/2 Dương Bá Trạc, P.Rạch Ông, Q.8, TP.HCM",3980000.0,125.15,Nhà hẻm,5.26m,6.67m,Tây Bắc,4.0,3.0,3.0,31.80m²,,2m,alley houses,31801.837794646424,10.71983236176059,106.62313570004635,10.624681866853804,,,,,
6SDSV8,"124/18 Thạnh Lộc 19, P.An Phú Đông, Q.12, TP.HCM",6700000.0,121.15,Nhà hẻm,5.5m,10.1m,Tây Bắc,4.0,5.0,5.0,55.30m²,,5m,alley houses,55303.342963268675,10.77260482503219,106.71154747741075,1.5829147891524782,,,,,
5HEFD7,"136/54D Trần Quang Diệu, P.14, Q.3, TP.HCM",6900000.0,226.97,Nhà hẻm,3.3m,9.2m,Tây Nam,4.0,4.0,5.0,30.40m²,127.80m²,,alley houses,30400.493457285105,10.773381902361274,106.69717127003895,0.7368028116755848,,,,,
J2NRP0,"193/17/14 đường số 6, P.Bình Hưng Hoà B, Q.Bình Tân, TP.HCM",4050000.0,82.99,Nhà hẻm,4m,11.3m,Bắc,2.0,2.0,2.0,48.80m²,71.80m²,,alley houses,48801.060368719125,10.772249710655032,106.5935662330622,11.564349311832222,,,,,
CW06GB,"55/13/2A đường 18B, P.Bình Hưng Hoà A, Q.Bình Tân, TP.HCM",4450000.0,109.06,Nhà hẻm,4.08m,10.74m,Đông Bắc,2.0,2.0,3.0,40.80m²,116.20m²,5.98m,alley houses,40803.22758114799,10.763700048053213,106.59232774081893,11.804741202390618,,,,,
37D7NQ,"86/99/26 Âu Cơ, P.9, Q.Tân Bình, TP.HCM",7400000.0,176.19,Nhà hẻm,3.55m,11.75m,Tây,4.0,4.0,3.0,42m²,128.40m²,3.5m,alley houses,42000.11351382031,10.804048599091411,106.64220416695063,6.769239781440775,,,,,
6UH3Z8,"132/13/16/7/10 Mã Lò, P.Bình Trị Đông A, Q.Bình Tân, TP.HCM",2000000.0,132.45,Nhà hẻm,2.5m,5.6m,Bắc,2.0,2.0,2.0,15.10m²,31.80m²,2m,alley houses,15100.037750094376,10.76658268866051,106.59016281344012,11.995835253724367,,,,,
GVQ9T2,"497/83/24 Thống Nhất, P.16, Q.Gò Vấp, TP.HCM",5580000.0,136.09,Nhà hẻm,3.4m,12.18m,Đông Bắc,3.0,2.0,2.0,41m²,69m²,,alley houses,41002.27790432802,10.830614897464379,106.68533793587369,5.81837461924885,,,,,
37PF2Q,"11/25 đường số 1C, P.Bình Hưng Hoà A, Q.Bình Tân, TP.HCM",3950000.0,126.6,Nhà hẻm,4m,7.66m,Đông Bắc,2.0,2.0,2.0,31.20m²,58m²,4m,alley houses,31200.631911532386,10.772730090447974,106.6012421902867,10.723183517404733,,,,,
QAHDCU,"201/3 Tạ Quang Bửu, P.Rạch Ông, Q.8, TP.HCM",5980000.0,101.52,Nhà hẻm,3.53m,17.75m,Tây Bắc,3.0,1.0,2.0,58.90m²,,3m,alley houses,58904.649330181244,10.734739077594913,106.62587385309507,9.425914190369065,,,,,
RGT29J,"86/99/28 Âu Cơ, P.9, Q.Tân Bình, TP.HCM",8300000.000000001,152.01,Nhà hẻm,3.52m,15.24m,Tây,4.0,4.0,3.0,54.60m²,128.30m²,3m,alley houses,54601.670942701145,10.805422724311496,106.64165386388031,6.885712905408768,,,,,
8579Q3,"62/70 Lý Chính Thắng, P.8, Q.3, TP.HCM",7100000.0,299.57,Nhà hẻm,3.4m,7.35m,Đông Bắc,4.0,4.0,5.0,23.70m²,100.80m²,4m,alley houses,23700.637580532097,10.787719247803581,106.69041941545245,1.2871061394906578,,,,,
ACCWPY,"745/136/14 Quang Trung, P.12, Q.Gò Vấp, TP.HCM",3930000.0,109.41,Nhà hẻm,8.18m,4.6m,Nam,2.0,2.0,3.0,36m²,47.20m²,3m,alley houses,35919.93419248697,10.838859149827394,106.6738540756289,7.090625613143483,,,,,
0Z2VA9,"9/70/13 Thạnh Xuân 24, P.Thới An, Q.12, TP.HCM",5700000.0,108.36,Nhà hẻm,4.02m,13.35m,Đông Bắc,3.0,4.0,3.0,52.60m²,105.50m²,4m,alley houses,52602.43632336656,10.781483448157719,106.70715959792417,0.9089602597849605,,,,,
Q7QH0U,"713/25/5/1 An Dương Vương, P.Bình Trị Đông, Q.Bình Tân, TP.HCM",5850000.0,141.3,Nhà hẻm,3.95m,10.06m,Nam,3.0,2.0,3.0,41.40m²,97.90m²,6.5m,alley houses,41401.27388535032,10.76664026903805,106.60605545210113,10.271856525219397,,,,,
4JNPRF,"53/127/30/41 đường số 4, P.Bình Hưng Hoà B, Q.Bình Tân, TP.HCM",3950000.0,82.46,Nhà hẻm,4.01m,12m,Bắc,2.0,1.0,2.0,47.90m²,,4m,alley houses,47902.01309725928,10.754913355922957,106.59221380417186,12.002083214977764,,,,,
PQHHGA,"Đường Tây Lân, P.Bình Trị Đông A, Q.Bình Tân, TP.HCM",2600000.0,0.0,Nhà hẻm,4m,11.5m,Tây Bắc,2.0,1.0,2.0,46m²,72.90m²,,alley houses,inf,10.774027526894168,106.60548442767752,10.250561457354504,,,,,
GXJ7Z2,"54/31 Duy Tân, P.8, Q.Tân Bình, TP.HCM",9500000.0,163.79,Nhà hẻm,4.3m,16.1m,Đông Bắc,4.0,4.0,4.0,58m²,182.60m²,3.5m,alley houses,58001.09896819098,10.79639437234872,106.64200527060484,6.501276473034995,,,,,
85PSQ3,"618/72/6 Quang Trung, P.11, Q.Gò Vấp, TP.HCM",4099999.999999999,119.18,Nhà hẻm,3.45m,10.9m,Đông Bắc,2.0,2.0,2.0,34.40m²,85.60m²,3.5m,alley houses,34401.74525927168,10.819867580271794,106.66420350235535,5.844785713354561,,,,,
7KRRVA,"546/42 Điện Biên Phủ, P.10, Q.10, TP.HCM",5100000.0,196.91,Nhà hẻm,3.7m,7.94m,Đông Nam,3.0,3.0,4.0,25.90m²,103.60m²,2.5m,alley houses,25900.15743232949,10.788656444962124,106.71476658622002,1.9813427571852844,,,,,
85CKJ3,"115/2 đường C18, P.12, Q.Tân Bình, TP.HCM",23500000.0,214.8,Nhà hẻm,8.62m,15.93m,Bắc,6.0,3.0,3.0,109.40m²,256.50m²,4m,alley houses,109404.09683426442,10.811726970666829,106.66044778983787,5.503207706835157,,,,,
GX3AK2,"350/7/34 Chiến Lược, P.Bình Trị Đông, Q.Bình Tân, TP.HCM",6600000.0,148.64,Nhà hẻm,4.4m,11.99m,Tây Nam,4.0,4.0,3.0,44.40m²,132m²,3.99m,alley houses,44402.583423035525,10.761314067080763,106.61849564290023,9.041783124848662,,,,,
GX8H42,"91/26/20 Trần Tấn, P.Tân Sơn Nhì, Q.Tân Phú, TP.HCM",8199999.999999999,153.27,Nhà hẻm,3.9m,13.56m,Tây Bắc,4.0,4.0,4.0,53.50m²,165.40m²,,alley houses,53500.35884387029,10.790996299496948,106.63866907950886,6.716680332099721,,,,,
WPTXSR,"490/9 Hà Huy Giáp, P.Thạnh Lộc, Q.12, TP.HCM",4250000.0,50.41,Nhà hẻm,4m,21.55m,Đông Nam,2.0,1.0,2.0,84.30m²,65.90m²,5m,alley houses,84308.66891489785,10.790581035775812,106.70827388020787,1.564790189319651,,,,,
DEEJ0H,"88/69/6/10 Nguyễn Văn Quỳ, P.Phú Thuận, Q.7, TP.HCM",7200000.0,109.09,Nhà hẻm,4.93m,15.85m,Đông,4.0,5.0,4.0,66m²,193.50m²,,alley houses,66000.55000458338,10.739970510518019,106.73771299166997,6.1072120037365485,,,,,
1UUAD6,"17 Nguyễn Triệu Luật, P.Tân Tạo, Q.Bình Tân, TP.HCM",11000000.0,76.92,Nhà hẻm,5.88m,22.72m,Đông Bắc,4.0,4.0,4.0,143m²,333.70m²,,alley houses,143005.72022880914,10.751318539085622,106.61867811454364,9.335178412611722,,,,,
9TZVCP,"3/89 Hà Huy Giáp, P.Thạnh Lộc, Q.12, TP.HCM",5250000.0,61.54,Nhà hẻm,6.9m,14.27m,Tây Nam,2.0,2.0,2.0,85.30m²,93.50m²,2.54m,alley houses,85310.36724081897,10.780237989858096,106.71354356183554,1.5883255294979315,,,,,
CWEY5B,"140/95 Thạnh Xuân 25, P.Thạnh Xuân, Q.12, TP.HCM",6650000.0,114.65,Nhà hẻm,4m,14.5m,Đông,4.0,5.0,5.0,58m²,234.30m²,,alley houses,58002.61665939817,10.761341370202338,106.70015911777405,2.043853879152123,,,,,
6U6DK8,"172A/4 Lạc Long Quân, P.10, Q.11, TP.HCM",4380000.0,201.84,Nhà hẻm,3.09m,6.83m,Đông Bắc,2.0,1.0,2.0,21.70m²,55.20m²,,alley houses,21700.356718192626,10.785190325795664,106.69058545404216,1.100014637807164,,,,,
RPSZHJ,"88/18 Bùi Dương Lịch, P.Bình Hưng Hoà B, Q.Bình Tân, TP.HCM",2950000.0,69.08,Nhà hẻm,4.1m,10.4m,Tây Bắc,2.0,1.0,2.0,42.70m²,60.30m²,3m,alley houses,42704.11117544876,10.758214760979474,106.61657540609681,9.328281051276537,,,,,
RZ2PGJ,"656/6 Quang Trung, P.11, Q.Gò Vấp, TP.HCM",50000000.0,251.63,Nhà hẻm,7.55m,24.63m,Tây,75.0,75.0,8.0,198.70m²,,6m,alley houses,198704.44700552398,10.82097122662396,106.67109145884656,5.485321611595317,,,,,
40AQJF,"76/10/7/14 Nguyễn Sơn, P.Phú Thọ Hòa, Q.Tân Phú, TP.HCM",4300000.0,85.31,Nhà hẻm,4.1m,12.15m,Tây Bắc,2.0,2.0,2.0,50.40m²,71.30m²,,alley houses,50404.40745516352,10.802308880853486,106.63786273772129,7.138175217200348,,,,,
QA0YBU,"80/12/41 Dương Quảng Hàm, P.5, Q.Gò Vấp, TP.HCM",15000000.0,123.88,Nhà hẻm,7.86m,20.22m,Tây Nam,5.0,5.0,1.0,126.75m²,,5.12m,alley houses,121084.92089118503,10.83784840868588,106.67981217080454,6.757623786006121,,,,,
PNTAJG,"62/8/2A đường số 6, Bình Trưng Tây, Q.2, TP.HCM",4500000.0,80.64,Nhà hẻm,4.14m,14m,Nam,1.0,1.0,1.0,55.80m²,55.80m²,,alley houses,55803.57142857143,10.792058413717239,106.75139079879797,5.885412684262917,,,,,
6S3X98,"180/6 Thạnh Xuân 22, P.Thạnh Xuân, Q.12, TP.HCM",7450000.0,90.08,Nhà hẻm,5.4m,14.83m,Tây Bắc,4.0,4.0,4.0,82.70m²,212.20m²,,alley houses,82704.26287744228,10.787684584972208,106.70212039260991,0.9369658216446629,,,,,
353NTQ,"469/6 Nguyễn Oanh, P.17, Q.Gò Vấp, TP.HCM",7200000.0,76.27,Nhà hẻm,4.7m,18.71m,Đông Nam,1.0,1.0,1.0,94.40m²,125.70m²,5.52m,alley houses,94401.46846728727,10.822954437476437,106.68326353904786,5.076799290500475,,,,,
C4PZCB,"407/8 Sư Vạn Hạnh, P.12, Q.10, TP.HCM",27000000.0,451.5,Nhà hẻm,4.26m,14m,Đông Nam,4.0,3.0,5.0,59.80m²,236.10m²,6m,alley houses,59800.664451827244,10.789337720976619,106.69680485243853,1.0842688745649605,,,,,
9N2E1P,"20/58/21 Thạnh Xuân 24, P.Thạnh Xuân, Q.12, TP.HCM",5300000.0,100.18,Nhà hẻm,4m,13.23m,Tây Nam,4.0,3.0,3.0,52.90m²,116.40m²,7m,alley houses,52904.77141145937,10.765722375380667,106.70978471274883,1.9503037068669196,,,,,
85BW23,"564/3H Phạm Văn Chiêu, P.16, Q.Gò Vấp, TP.HCM",6980000.0,149.46,Nhà hẻm,4.12m,10.84m,Bắc,3.0,3.0,3.0,46.70m²,,,alley houses,46701.458584236585,10.821816985140693,106.66794524342053,5.759395760451376,,,,,
7KRRUA,"Thiên Phước, P.9, Q.Tân Bình, TP.HCM",5600000.0,191.51,Nhà hẻm,3.4m,8.6m,Đông Bắc,3.0,2.0,2.0,29.24m²,56.44m²,2.8m,alley houses,29241.29288287818,10.797107566460674,106.64670481911813,6.034592277264465,,,,,
5H4ZJ7,"389/8 Tỉnh Lộ 10, P.An Lạc A, Q.Bình Tân, TP.HCM",16000000.0,135.82,Nhà hẻm,5m,19.89m,Đông Nam,4.0,2.0,2.0,117.80m²,,,alley houses,117802.97452510677,10.765608919905409,106.590680321016,11.953329466375582,,,,,
WP2KPR,"24/15/26 Trương Phước Phan, P.Bình Trị Đông, Q.Bình Tân, TP.HCM",2950000.0,140.47,Nhà hẻm,2.89m,7.4m,Đông,2.0,2.0,2.0,21m²,32.80m²,1.64m,alley houses,21000.925464511995,10.751950488565198,106.60855453393712,10.36326349403315,,,,,
RG2BCJ,"143/8/6 đường số 11, P.11, Q.Gò Vấp, TP.HCM",7000000.0,128.91,Nhà hẻm,5.78m,8.33m,Đông Nam,4.0,3.0,4.0,54.30m²,173.20m²,,alley houses,54301.450624466685,10.836201011175891,106.67540690909058,6.75387148697576,,,,,
5HHHD7,"1/20/4 Hiệp thành 33, P.Hiệp Thành, Q.12, TP.HCM",3590000.0,89.75,Nhà hẻm,4m,10m,Tây Bắc,2.0,2.0,2.0,40m²,42m²,3m,alley houses,40000.0,10.771917847719747,106.70921134132887,1.4133977772555073,,,,,
85S2A3,"417/69/52 Quang Trung, P.10, Q.Gò Vấp, TP.HCM",5400000.0,98.72,Nhà hẻm,4m,13.72m,Đông Bắc,3.0,2.0,2.0,54.70m²,110.20m²,3.7m,alley houses,54700.1620745543,10.831545945031607,106.69060370438072,5.799095560712663,,,,,
SDYB35,"442/119/49/17A Quốc Lộ 1A, P.An Phú Đông, Q.12, TP.HCM",4380000.0,84.23,Nhà hẻm,4m,13m,Tây Nam,3.0,2.0,2.0,52m²,96m²,3.5m,alley houses,52000.47489018164,10.766549012642308,106.71002279140836,1.8946041391849375,,,,,
SAGKW5,"Bình Giã, P.13, Q.Tân Bình, TP.HCM",17500000.0,231.78,Nhà hẻm,5.05m,14.85m,Đông Bắc,3.0,4.0,4.0,75.50m²,211m²,6m,alley houses,75502.63180602295,10.816392412302486,106.66467853423441,5.523390911626412,,,,,
QQMSUQ,"Trần Đình Xu, P.Cô Giang, Q.1, TP.HCM",7200000.0,161.79,Nhà hẻm,6.1m,8.14m,,3.0,2.0,2.0,44.50m²,89m²,2m,alley houses,44502.13239384387,10.773355904780061,106.70774081163592,1.1890181423561799,,,,,
KFUXSC,"Thửa 60 - Tờ 63, 30/11 Bến Than, Xã Tân Thạnh Đông, H.Củ Chi, TP.HCM",4200000.0,11.6,Nhà hẻm,14.33m,25.62m,Tây Nam,2.0,2.0,1.0,362m²,,5m,alley houses,362068.9655172414,10.993568849486476,106.50728428095337,31.601524272687023,,,,,
QABAAU,"176/27/17/18 Thạnh Xuân 25, P.Thạnh Xuân, Q.12, TP.HCM",5680000.0,113.6,Nhà hẻm,5m,10m,Đông Bắc,3.0,2.0,3.0,50m²,138.90m²,7m,alley houses,50000.0,10.788323461713404,106.69556732587097,1.0174794867793078,,,,,
7KFTBA,"480/2A Mã Lò, P.Bình Hưng Hoà A, Q.Bình Tân, TP.HCM",6380000.0,101.1,Nhà hẻm,4m,15.9m,Đông Bắc,4.0,5.0,4.0,63.10m²,129.71m²,7.52m,alley houses,63105.83580613255,10.766695195321066,106.61410369429281,9.400368437948472,,,,,
40P9GF,"713/29 Lê Đức Thọ, P.16, Q.Gò Vấp, TP.HCM",5980000.0,134.38,Nhà hẻm,7.23m,6.05m,Tây Bắc,3.0,3.0,2.0,44.50m²,81.50m²,,alley houses,44500.66974252121,10.825151080392443,106.66698842650021,6.120303723793009,,,,,
UYABAS,"123/3 Thạnh Lộc 40, P.An Phú Đông, Q.12, TP.HCM",7590000.0,118.77,Nhà hẻm,4m,16m,Đông Bắc,5.0,4.0,5.0,63.90m²,242.30m²,12m,alley houses,63905.02652184895,10.78067815593631,106.69574809428221,0.37207180478476803,,,,,
RG92TJ,"F1/1S Ấp 6C, Xã Vĩnh Lộc A, H.Bình Chánh, TP.HCM",4200000.0,52.17,Nhà hẻm,4m,20.2m,Bắc,2.0,1.0,1.0,80.50m²,76.90m²,5m,alley houses,80506.03795284645,10.686821958627087,106.58679445812724,16.01416655685183,,,,,
GNG032,"MPN 104/10 Thạnh Xuân 22, P.Thạnh Xuân, Q.12, TP.HCM",5530000.0,106.34,Nhà hẻm,4m,13m,Tây Bắc,4.0,4.0,4.0,52m²,113.30m²,4m,alley houses,52003.00921572315,10.787311006316964,106.69635814076432,0.8821990556395833,,,,,
8S8TE3,"123/45A Lê Lợi, P.3, Q.Gò Vấp, TP.HCM",6900000.0,60.0,Nhà hẻm,3.2m,17.8m,Bắc,7.0,7.0,3.0,115m²,278.60m²,2.5m,alley houses,115000.0,10.830817699230245,106.68755123652446,5.78274011299454,,,,,
SDV2Z5,"114/8/19/2 Chiến Lược, P.Bình Trị Đông, Q.Bình Tân, TP.HCM",4500000.0,181.45,Nhà hẻm,3m,9m,Tây,3.0,3.0,4.0,24.80m²,81.60m²,4.69m,alley houses,24800.220446403968,10.750456433752829,106.608411664557,10.428430140359529,,,,,
0ZCF59,"98/20/10 Lâm Thị Hố, P.Tân Chánh Hiệp, Q.12, TP.HCM",4820000.0,78.5,Nhà hẻm,4.1m,14.94m,Tây Nam,2.0,2.0,2.0,61.40m²,90.90m²,4.5m,alley houses,61401.27388535032,10.785990250087538,106.7015148548795,0.7383043596194127,,,,,
YBNCJD,"801/1/7 Hà Huy Giáp, P.Thạnh Xuân, Q.12, TP.HCM",5280000.0,75.86,Nhà hẻm,5.52m,12.67m,Tây Bắc,4.0,5.0,3.0,69.60m²,152.70m²,7m,alley houses,69601.89823358819,10.764029647085518,106.69714980440435,1.7548127565062144,,,,,
7KW3EA,"320/17 Trường Chinh, P.13, Q.Tân Bình, TP.HCM",6500000.0,107.97,Nhà hẻm,2.77m,22.92m,Đông Bắc,2.0,1.0,2.0,60.20m²,97.40m²,,alley houses,60201.90793739002,10.811629547067943,106.6524768253673,6.190728909506218,,,,,
7KFQFA,"763/5/18/9 Trường Chinh, P.Tây Thạnh, Q.Tân Phú, TP.HCM",4800000.0,107.86,Nhà hẻm,5m,8.95m,Bắc,3.0,2.0,3.0,44.50m²,110.10m²,2.2m,alley houses,44502.13239384387,10.789991145884418,106.62947598102504,7.689947166937205,,,,,
37KE8Q,"Nguyễn Thị Căn, P.Tân Thới Hiệp, Q.12, TP.HCM",3060000.0,107.36,Nhà hẻm,3.3m,8.63m,Bắc,3.0,2.0,2.0,28.50m²,57m²,3.25m,alley houses,28502.235469448584,10.787813633689746,106.70707826947056,1.2505312422374713,,,,,
5HEED7,"94/15 Thạnh Lộc 16, P.Thạnh Lộc, Q.12, TP.HCM",4850000.0,103.85,Nhà hẻm,4m,11.71m,Tây Nam,4.0,3.0,3.0,46.70m²,135.20m²,,alley houses,46701.97400096293,10.773297080670954,106.70886587423442,1.293331966861293,,,,,
409PZF,"8/4 Thạnh Xuân 13, P.Thới An, Q.12, TP.HCM",7500000.0,120.38,Nhà hẻm,4m,15.77m,Tây Bắc,4.0,4.0,5.0,62.30m²,188.40m²,8m,alley houses,62302.708091045024,10.764194470764513,106.69851975256546,1.7254120151280776,,,,,
6S55N8,"231/11 Nguyễn Duy Dương, P.4, Q.10, TP.HCM",4580000.0,216.03,Nhà hẻm,5.93m,4.67m,Tây Bắc,2.0,3.0,3.0,21.20m²,42.40m²,3m,alley houses,21200.75915382123,10.773190009612,106.69420778883641,0.9000444273135945,,,,,
DEBJ9H,"915/3 Luỹ Bán Bích, P.Tân Thành, Q.Tân Phú, TP.HCM",11000000.0,113.16,Nhà hẻm,6.25m,17.4m,Đông Bắc,2.0,2.0,2.0,97.20m²,88.60m²,2.66m,alley houses,97207.49381406858,10.781247779159063,106.61904402760979,8.749152306524143,,,,,
8URUU3,"140/9 Phạm Văn Chiêu, P.9, Q.Gò Vấp, TP.HCM",6400000.0,189.91,Nhà hẻm,5m,8m,Tây Nam,4.0,4.0,5.0,33.70m²,146.30m²,3.6m,alley houses,33700.17376652099,10.832830026591912,106.67710832417082,6.338254980726601,,,,,
UD5Y0S,"116/1 Thạnh Lộc 29, P.Thạnh Lộc, Q.12, TP.HCM",6360000.0,126.6,Nhà hẻm,4m,12.58m,Tây Nam,3.0,4.0,5.0,50.30m²,,5m,alley houses,50236.96682464455,10.774908126852605,106.7047773425072,0.8284863235829093,,,,,
0ZKXR9,"443/6C Chiến Lược, P.Tân Tạo, Q.Bình Tân, TP.HCM",5700000.0,77.34,Nhà hẻm,4.02m,18m,Đông,3.0,2.0,2.0,73.70m²,112.20m²,,alley houses,73700.54305663305,10.767051592593583,106.60570124217953,10.303883293616696,,,,,
WPQGGR,"736/137/1 Lê Đức Thọ, P.15, Q.Gò Vấp, TP.HCM",6950000.0,155.48,Nhà hẻm,8.44m,5.33m,Đông Bắc,3.0,3.0,4.0,44.70m²,141.40m²,,alley houses,44700.28299459738,10.840421104704722,106.68761527346109,6.822293046904095,,,,,
1UHH56,"336/43C Nguyễn Văn Luông, P.12, Q.6, TP.HCM",5300000.0,95.84,Nhà hẻm,3.75m,14.5m,Nam,2.0,2.0,3.0,55.30m²,118.70m²,,alley houses,55300.50083472454,10.760393132172837,106.63244810578622,7.5912824676752075,,,,,
WPTWTR,"129/47/18 Bùi Văn Ngữ, P.Hiệp Thành, Q.12, TP.HCM",2850000.0,112.64,Nhà hẻm,3.19m,8.24m,Đông Bắc,2.0,2.0,2.0,25.30m²,50.60m²,5m,alley houses,25301.846590909092,10.765956692900565,106.7092073918949,1.8918616819846694,,,,,
SDYMW5,"539/17A Cách Mạng Tháng 8, P.15, Q.10, TP.HCM",6000000.0,110.49,Nhà hẻm,6.5m,8m,Đông,1.0,1.0,1.0,54.30m²,54.30m²,2.8m,alley houses,54303.556882975834,10.761621229089908,106.71595240058477,2.731856282786898,,,,,
SDYY15,"76/22/14 Lê Lợi, P.3, Q.Gò Vấp, TP.HCM",15800000.0,188.09,Nhà hẻm,7.19m,12.38m,Tây Nam,20.0,20.0,6.0,84m²,369.30m²,,alley houses,84002.33930565155,10.82323775050141,106.66523537328449,6.062932988983125,,,,,
85SS03,"75/9/2 và 75/9/6 Trần Văn Đang, P.9, Q.3, TP.HCM",8500000.0,227.88,Nhà hẻm,5.56m,7.7m,Đông Nam,9.0,9.0,5.0,37.30m²,155.90m²,,alley houses,37300.333508864314,10.798109571123206,106.66990226673643,3.7755485459442415,,,,,
5DJF57,"400/96 An Dương Vương, P.16, Q.8, TP.HCM",6500000.0,154.76,Nhà hẻm,4m,10.5m,Bắc,4.0,3.0,3.0,42m²,112m²,8m,alley houses,42000.51692943913,10.733703194215975,106.61656801450185,10.359880708292252,,,,,
SC6CE5,"tỉnh 743, Tân Đông Hiệp, Dĩ An, TP.HCM",8500000.0,29.82,Nhà hẻm,10m,28m,,10.0,6.0,1.0,285m²,285m²,,alley houses,285043.5949027498,10.786781781962492,106.70506579728819,1.0173580327115384,,,,,
K42E3C,"198/10E Hồ Học Lãm, P.An Lạc, Q.Bình Tân, TP.HCM",3900000.0,107.43,Nhà hẻm,3m,14.81m,Đông Bắc,2.0,2.0,2.0,36.30m²,60m²,2.5m,alley houses,36302.70874057525,10.77095063742856,106.60164030393926,10.695973128636735,,,,,
9ZMVAP,"26/33 Huỳnh Đình Hai, P.24, Q.Bình Thạnh, TP.HCM",13500000.0,261.62,Nhà hẻm,4m,12m,Đông,3.0,4.0,5.0,51.60m²,196.20m²,4m,alley houses,51601.55951379864,10.815409667390545,106.70184994874313,3.95262676237242,,,,,
GMDY52,"290/40/41/1 Hiep Thành 17, P.Hiệp Thành, Q.12, TP.HCM",2050000.0,123.49,Nhà hẻm,6m,4m,Đông Nam,2.0,2.0,2.0,16.60m²,,,alley houses,16600.534456231275,10.761156121000932,106.70694835116007,2.235277490634546,,,,,
QAY6SU,"1358/4 Quang Trung, P.14, Q.Gò Vấp, TP.HCM",15500000.0,126.11,Nhà hẻm,6.22m,19.65m,Tây Bắc,4.0,4.0,4.0,122.90m²,296.10m²,,alley houses,122908.57188169059,10.831514225749444,106.67528902058504,6.283322016977245,,,,,
UYAT0S,"Lê Quang Định, P.1, Q.Gò Vấp, TP.HCM",6950000.0,143.89,Nhà hẻm,3.35m,13.45m,Đông Bắc,2.0,2.0,2.0,48.30m²,85.20m²,4.7m,alley houses,48300.78532212107,10.815495620608493,106.6896410807254,4.081283737842527,,,,,
J2P740,"872/56/11A Quang Trung, P.8, Q.Gò Vấp, TP.HCM",6800000.0,83.53,Nhà hẻm,4.13m,20.02m,Tây Bắc,5.0,5.0,1.0,81.40m²,,3.92m,alley houses,81407.87740931402,10.815094761601225,106.66462062702483,5.42343861016922,,,,,
02T159,"15/40/51 đường số 59, P.14, Q.Gò Vấp, TP.HCM",3950000.0,182.02,Nhà hẻm,3.2m,8.25m,Tây Nam,2.0,2.0,2.0,21.70m²,43.40m²,3.04m,alley houses,21700.91198769366,10.81836008851902,106.68322405330308,4.603663203074708,,,,,
KE7M8C,"818/55/4 Nguyễn Kiệm, P.3, Q.Gò Vấp, TP.HCM",1950000.0,148.85,Nhà hẻm,4.93m,2.88m,Đông Nam,1.0,1.0,2.0,13.10m²,26.20m²,2m,alley houses,13100.436681222707,10.817898748507298,106.67203356851931,5.146728370781444,,,,,
8565X3,"257/80/60D ấp 2, Xã Đông Thạnh, H.Hóc Môn, TP.HCM",3700000.0,72.54,Nhà hẻm,4.01m,12.75m,Đông,2.0,2.0,2.0,51m²,101.20m²,5m,alley houses,51006.34132892197,10.872602527769569,106.59751941384778,15.120191326684278,,,,,
PNR5ZG,"189/12/24 Đình Phong Phú, Tăng Nhơn Phú B, Q.9, TP.HCM",8600000.0,131.49,Nhà hẻm,4m,18.5m,Đông Bắc,4.0,5.0,4.0,65.40m²,183.90m²,,alley houses,65404.21324815575,10.832260277993294,106.83562060390554,16.025670286749197,,,,,
1UNB26,"189/12/22 Đình Phong Phú, Tăng Nhơn Phú B, Q.9, TP.HCM",8600000.0,130.89,Nhà hẻm,4m,18.5m,Đông Bắc,4.0,5.0,4.0,65.70m²,182.80m²,,alley houses,65704.02628161052,10.853604300615876,106.82252479171146,15.781539824573724,,,,,
CW391B,"479/19 Nguyễn Bình, Xã Phú Xuân, H.Nhà Bè, TP.HCM",5100000.0,54.54,Nhà hẻm,5m,18.66m,Đông Nam,2.0,1.0,1.0,93.50m²,68.30m²,2.5m,alley houses,93509.3509350935,10.704400283763166,106.72106325008599,8.679873010638032,,,,,
KFT6RC,"45/23/3 Hàn Hải Nguyên, P.16, Q.11, TP.HCM",4700000.0,147.33,Nhà hẻm,3.05m,10.25m,Đông Bắc,3.0,3.0,4.0,31.90m²,74.20m²,,alley houses,31901.17423471119,10.779339089699251,106.69270620881962,0.6931584836802357,,,,,
2MS6AZ,"373/15A Trần Xuân Soạn, P.Tân Hưng, Q.7, TP.HCM",3550000.0,129.56,Nhà hẻm,3.57m,7.6m,Tây Bắc,2.0,2.0,2.0,27.40m²,34.90m²,,alley houses,27400.432232170424,10.737830903986342,106.72246435661567,5.3015676360175465,,,,,
EJ0B24,"128A/28 Nguyễn Chí Thanh, P.2, Q.10, TP.HCM",3380000.0,195.37,Nhà hẻm,5.3m,3.35m,Tây Bắc,2.0,3.0,3.0,17.30m²,51.90m²,1.6m,alley houses,17300.506730818448,10.761567613371648,106.68720742355528,2.394151452023571,,,,,
ACK5KY,"213/2/8 Quang Trung, P.10, Q.Gò Vấp, TP.HCM",6600000.0,127.65,Nhà hẻm,4.75m,12.08m,Nam,2.0,2.0,2.0,51.70m²,95.08m²,3m,alley houses,51703.87779083431,10.83654672831846,106.68903165529983,6.3730605859099505,,,,,
EJWGS4,"353/4/2 Quang Trung, P.10, Q.Gò Vấp, TP.HCM",6370000.0,143.99,Nhà hẻm,4.15m,10.85m,Tây Nam,3.0,3.0,2.0,44.30m²,75.20m²,2.51m,alley houses,44239.18327661643,10.827583812813545,106.6849010084957,5.508274441747649,,,,,
85SJQ3,"395/30 Lê Quang Định, P.7, Q.Bình Thạnh, TP.HCM",1750000.0,324.07,Nhà hẻm,2m,4.07m,Nam,2.0,2.0,2.0,5.40m²,,2.97m,alley houses,5400.067886567717,10.816629131363923,106.71092589429519,4.2781219352732895,,,,,
DBGWYH,"687/71 Quốc Lộ 1, P.Bình Hưng Hòa, Q.Bình Tân, TP.HCM",8500000.0,153.7,Nhà hẻm,4m,13.5m,Đông Nam,4.0,4.0,5.0,55.30m²,,5m,alley houses,55302.53741054002,10.774508770228117,106.59756748902667,11.111954154868132,,,,,
6WY48Y,"2B/1/36 Bạch Đằng, P.2, Q.Tân Bình, TP.HCM",27500000.0,252.52,Nhà hẻm,5.5m,22.4m,Tây Bắc,3.0,3.0,3.0,108.90m²,172.50m²,4m,alley houses,108902.26516711547,10.798374654712488,106.64326147214406,6.4361898654042555,,,,,
40U7NF,"71/45 Thạnh Lộc 08, P.Thạnh Xuân, Q.12, TP.HCM",4099999.999999999,51.25,Nhà hẻm,4m,20m,Bắc,2.0,1.0,2.0,80m²,68m²,,alley houses,79999.99999999999,10.790325574818219,106.68928563695516,1.5794424061778134,,,,,
0Z6B49,"408/44 Bình Thành, P.Bình Hưng Hoà B, Q.Bình Tân, TP.HCM",4800000.0,59.33,Nhà hẻm,4.18m,17.8m,Bắc,2.0,1.0,1.0,80.90m²,74.20m²,,alley houses,80903.42154053599,10.779913755626655,106.60095775759541,10.72574124531385,,,,,
QAYDTU,"An Dương Vương, P.An Lạc, Q.Bình Tân, TP.HCM",6500000.0,108.33,Nhà hẻm,4m,15.04m,Nam,2.0,2.0,2.0,60m²,91m²,5m,alley houses,60001.846210652635,10.77064636115609,106.6088149324593,9.918207361685422,,,,,
7KDK5A,"84/2A Ấp Chiến Lược, P.Bình Hưng Hoà A, Q.Bình Tân, TP.HCM",11000000.0,94.74,Nhà hẻm,8.4m,13.46m,Tây Nam,1.0,1.0,1.0,116.10m²,77.40m²,6m,alley houses,116107.2408697488,10.755622237179338,106.59731671762141,11.44095594217115,,,,,
KFBWFC,"48/5 Nguyễn Hiến Lê, P.13, Q.Tân Bình, TP.HCM",19000000.0,180.95,Nhà hẻm,5m,21m,Đông Nam,5.0,5.0,4.0,105m²,254.60m²,4.7m,alley houses,105001.38159712628,10.809873406899747,106.66024013080877,5.3917322487163375,,,,,
87HMA3,"453/16 An Phú Đông 35, P.An Phú Đông, Q.12, TP.HCM",7200000.0,87.48,Nhà hẻm,4m,20.67m,Tây Bắc,4.0,4.0,3.0,82.30m²,165.10m²,12m,alley houses,82304.52674897118,10.76981386452508,106.71512119893809,2.0771260273001304,,,,,
37ZACQ,"161/14 đường số 4, P.16, Q.Gò Vấp, TP.HCM",7990000.0,220.11,Nhà hẻm,3.32m,10.27m,Nam,3.0,3.0,5.0,36.30m²,141.60m²,4.83m,alley houses,36300.031802280675,10.819171269856543,106.68056180551862,4.801940755319114,,,,,
372CRQ,"551/110/5 Lê Văn Khương, P.Hiệp Thành, Q.12, TP.HCM",3290000.0,97.62,Nhà hẻm,4.02m,10.74m,Bắc,2.0,1.0,2.0,33.70m²,54.20m²,5.5m,alley houses,33702.11022331489,10.778106126529426,106.68871211131257,1.143411280564372,,,,,
9TDBKP,"180/8 Thạnh Lộc 15, P.Thạnh Lộc, Q.12, TP.HCM",1650000.0,82.08,Nhà hẻm,5m,4.02m,Đông Bắc,1.0,1.0,2.0,20.10m²,43.20m²,2m,alley houses,20102.33918128655,10.76777905403673,106.69723767981144,1.3423724067143614,,,,,
CW1ENB,"61/5 Thạnh Xuân 38, P.Thới An, Q.12, TP.HCM",7300000.0,123.51,Nhà hẻm,4m,16.97m,Tây Bắc,4.0,5.0,5.0,59.10m²,207m²,7m,alley houses,59104.525949315845,10.771325231492535,106.7074786617307,1.3152473904012167,,,,,
1U7DY6,"161D/104A/18 Lạc Long Quân, P.3, Q.11, TP.HCM",10200000.0,227.17,Nhà hẻm,4m,11.2m,Tây Bắc,4.0,5.0,6.0,44.90m²,231.80m²,,alley houses,44900.29493330986,10.769232051258488,106.70909113306118,1.6043385404698105,,,,,
YKQ31D,"8/19/21/16 Thạnh Xuân 40, P.Thạnh Xuân, Q.12, TP.HCM",4390000.0,66.51,Nhà hẻm,4m,16.5m,Đông Nam,3.0,2.0,2.0,66m²,84m²,4m,alley houses,66005.11201323109,10.764121543818282,106.71282539893097,2.2976116187234354,,,,,
QAX6MU,"đường số 2, P.3, Q.Gò Vấp, TP.HCM",2800000.0,264.15,Nhà hẻm,3.48m,4.62m,Tây Nam,2.0,1.0,2.0,10.60m²,21.20m²,1.66m,alley houses,10600.037857278063,10.839113012137377,106.66393314637027,7.602320481522292,,,,,
J2S2R0,"Cách Mạng Tháng Tám, P.12, Q.10, TP.HCM",4250000.0,91.59,Nhà hẻm,3.11m,12.73m,Tây Bắc,2.0,2.0,2.0,46.40m²,,2m,alley houses,46402.445681843,10.782669185596971,106.69001679589397,1.035882159236268,,,,,
CF5UYB,"55/3 ( Thửa 524 - tờ 14) ấp Lào Táo, Xã Trung Lập Hạ, H.Củ Chi, TP.HCM",1200000.0,11.18,Nhà hẻm,4.19m,26.04m,Đông Bắc,3.0,1.0,1.0,107.30m²,,,alley houses,107334.52593917711,11.014131800753647,106.51718585872052,32.66746972990328,,,,,
6UWEG8,"486/24 Phan Xích Long, P.4, Q.Phú Nhuận, TP.HCM",15860000.0,291.54,Nhà hẻm,4.05m,20.9m,Tây Bắc,5.0,5.0,4.0,54.40m²,163.60m²,4.8m,alley houses,54400.76833367634,10.799268986561826,106.67144379487561,3.7074896997622795,,,,,
7K9VCA,"417/49/47 Quang Trung, P.10, Q.Gò Vấp, TP.HCM",4350000.0,94.56,Nhà hẻm,4.25m,10.8m,Tây Bắc,2.0,1.0,2.0,46m²,92m²,1.75m,alley houses,46002.53807106599,10.833964455621503,106.66790201067155,6.892174724234024,,,,,
WPXQDR,"439/6 Nguyễn Văn Khối, P.8, Q.Gò Vấp, TP.HCM",9000000.0,155.7,Nhà hẻm,3.95m,16.2m,Đông Nam,3.0,2.0,2.0,57.80m²,111.40m²,,alley houses,57803.46820809249,10.814024115500027,106.66701054452159,5.157908819441055,,,,,
DEW81H,"237/71/7/9 Lê Văn Khương, P.Hiệp Thành, Q.12, TP.HCM",3650000.0,98.91,Nhà hẻm,3.1m,11.85m,Tây Nam,3.0,2.0,2.0,36.90m²,73.80m²,1.99m,alley houses,36902.23435446365,10.764753981509735,106.68807153831004,2.0494602175263776,,,,,
9TGF8P,"163/29/30 Tô Hiến Thành, P.13, Q.10, TP.HCM",2780000.0,226.01,Nhà hẻm,3m,4.17m,Tây Bắc,2.0,1.0,3.0,12.30m²,24.60m²,2.5m,alley houses,12300.340692889695,10.76855727414009,106.71098760210646,1.8036951901983453,,,,,
RPRGNJ,"386/14 Quang Trung, P.10, Q.Gò Vấp, TP.HCM",7900000.0,171.36,Nhà hẻm,3.65m,12.99m,Tây Bắc,5.0,5.0,5.0,46.10m²,164m²,3.2m,alley houses,46101.77404295051,10.840537781048477,106.68108707266093,7.000615806678845,,,,,
GNKC52,"331/51/62 Phan Huy Ích, P.14, Q.Gò Vấp, TP.HCM",3980000.0,149.62,Nhà hẻm,3.77m,7.16m,Bắc,2.0,2.0,2.0,26.60m²,50.20m²,4m,alley houses,26600.721828632533,10.829740818821978,106.6767988966333,6.036865030546422,,,,,
8SD7R3,"591/8/2 Bình Thới, P.10, Q.11, TP.HCM",11500000.0,205.35,Nhà hẻm,6.6m,15.6m,Đông Nam,10.0,10.0,4.0,56m²,176.50m²,3m,alley houses,56001.94789383979,10.78930059135942,106.69739095953878,1.067668004194073,,,,,
RGYZAJ,"480/62/8 Nguyễn Tri Phương, P.9, Q.10, TP.HCM",4250000.0,168.65,Nhà hẻm,3.91m,8.57m,Nam,4.0,2.0,3.0,25.20m²,69m²,1.49m,alley houses,25200.118588793357,10.782307241789406,106.7074238430992,0.9596804677854027,,,,,
UYE0PS,"356/12 Gò Dầu, P.Tân Quý, Q.Tân Phú, TP.HCM",7800000.0,92.85,Nhà hẻm,5m,16.8m,Tây Nam,4.0,6.0,4.0,84m²,295.20m²,3.5m,alley houses,84006.4620355412,10.786827961448035,106.62644984000632,7.975765187760957,,,,,
GXXNS2,"352/42 Gò Dầu, P.Tân Sơn Nhì, Q.Tân Phú, TP.HCM",6250000.0,112.2,Nhà hẻm,4m,14m,Tây Nam,3.0,2.0,2.0,55.70m²,80.20m²,3m,alley houses,55704.09982174688,10.788905889795062,106.61641084833809,9.09167725459232,,,,,
7KHSVA,"125/227/6G Nguyễn Thị Tần, P.Rạch Ông, Q.8, TP.HCM",5780000.0,155.37,Nhà hẻm,3.77m,10m,Tây Bắc,4.0,3.0,4.0,37.20m²,,,alley houses,37201.51895475317,10.722189198807714,106.64252841469111,8.875688850158955,,,,,
1U3GN6,"181b/37 Âu Dương Lân, P.Rạch Ông, Q.8, TP.HCM",5800000.0,136.79,Nhà hẻm,3.82m,11.05m,Bắc,2.0,2.0,2.0,42.40m²,,,alley houses,42400.76028949485,10.736667436528041,106.63236133758369,8.712969735452777,,,,,
1Q15K6,"231/108 Lưu Hữu Phước, P.15, Q.8, TP.HCM",2470000.0,83.16,Nhà hẻm,3.31m,8.45m,Nam,2.0,2.0,2.0,29.70m²,,,alley houses,29701.779701779702,10.73514764935342,106.64100476645895,8.04081470382776,,,,,
9Z711P,"20K Đường Nguyễn Duy, P.14, Q.8, TP.HCM",4980000.0,73.34,Nhà hẻm,3.88m,18.62m,Bắc,4.0,3.0,2.0,67.90m²,100.20m²,1.5m,alley houses,67902.91791655304,10.73386755781272,106.63840200665172,8.35269779458786,,,,,
GN3V82,"44/26 Sư Vạn Hạnh, P.9, Q.5, TP.HCM",3750000.0,192.3,Nhà hẻm,3.67m,6.45m,Tây,2.0,3.0,3.0,19.50m²,27.80m²,1.5m,alley houses,19500.780031201248,10.752906029497344,106.65179640548722,5.960343473934378,,,,,
SDTGT5,"9/21/19/10 Thạnh Xuân 24, P.Thạnh Xuân, Q.12, TP.HCM",5700000.0,113.77,Nhà hẻm,4.5m,11.16m,Đông Bắc,4.0,4.0,5.0,50.10m²,213.30m²,8m,alley houses,50101.08112859278,10.766025220594482,106.71003651135531,1.9406563091388322,,,,,
1UK3X6,"164/3/15 Bùi Quang Là, P.12, Q.Gò Vấp, TP.HCM",4950000.0,188.21,Nhà hẻm,3m,9.2m,Tây Nam,4.0,3.0,4.0,26.30m²,95.80m²,3m,alley houses,26300.40911747516,10.815105825651496,106.68085658095036,4.383314552856992,,,,,
KFWAQC,"240/23/8 Hiệp Thành 13, P.Hiệp Thành, Q.12, TP.HCM",5490000.0,93.84,Nhà hẻm,4.01m,14.03m,Nam,4.0,3.0,4.0,58.50m²,174.20m²,5.5m,alley houses,58503.836317135545,10.774754542158513,106.70798522708431,1.1266392560983995,,,,,
85U2Y3,"631/23 Lê Đức Thọ, P.16, Q.Gò Vấp, TP.HCM",10000000.0,98.03,Nhà hẻm,4.1m,24.4m,Tây Bắc,1.0,1.0,1.0,102m²,91m²,,alley houses,102009.58890135672,10.827932664608975,106.66578456940054,6.448295873616767,,,,,
37UY7Q,"154/54/23 Âu Dương Lân, P.Rạch Ông, Q.8, TP.HCM",5780000.0,226.66,Nhà hẻm,3.08m,8.69m,Đông,3.0,4.0,5.0,25.50m²,93.40m²,3m,alley houses,25500.750022059474,10.729573089411042,106.6180414997535,10.455286626536742,,,,,
6QNT28,"2/29 Cao Thắng, P.5, Q.3, TP.HCM",76000000.0,329.48,Nhà hẻm,12.85m,17.95m,Đông Bắc,1.0,1.0,2.0,230.66m²,,5m,alley houses,230666.5047954352,10.790119546690274,106.69764403003701,1.1531138992256234,,,,,
UA9XAS,"99/13 đường số 2, P.16, Q.Gò Vấp, TP.HCM",4300000.0,124.27,Nhà hẻm,3.25m,12.57m,Tây Bắc,2.0,2.0,2.0,34.60m²,69.10m²,2m,alley houses,34602.07612456747,10.812696654764522,106.6913964460148,3.7349089491523433,,,,,
9Z755P,"58/10 đường số 14, P.Bình Hưng Hoà A, Q.Bình Tân, TP.HCM",3750000.0,130.2,Nhà hẻm,3.54m,8.18m,Bắc,2.0,2.0,2.0,28.80m²,57.60m²,4m,alley houses,28801.843317972354,10.769880139833864,106.60724746821157,10.097619365810187,,,,,
DBTDVH,"114/1 Huỳnh Tấn Phát, Xã Phú Xuân, H.Nhà Bè, TP.HCM",6100000.0,55.55,Nhà hẻm,3.17m,29.07m,Đông Nam,2.0,1.0,1.0,109.80m²,50.50m²,9m,alley houses,109810.98109810981,10.700485865402827,106.73021723901344,9.41158401582272,,,,,
6UC5N8,"208/29 đường số 5, P.Bình Hưng Hòa, Q.Bình Tân, TP.HCM",8199999.999999999,152.7,Nhà hẻm,4m,13.4m,Tây Bắc,5.0,4.0,4.0,53.70m²,206.20m²,5m,alley houses,53700.06548788474,10.760566892052815,106.5891804125562,12.200794688236833,,,,,
6SZTX8,"331/18/4 Trần Thị Năm, P.Trung Mỹ Tây, Q.12, TP.HCM",7500000.0,129.31,Nhà hẻm,4.47m,13m,Tây Nam,6.0,5.0,5.0,58m²,234.50m²,5m,alley houses,58000.154667079114,10.776791545582176,106.71238504030403,1.4978938661567547,,,,,
40VEYF,"52/15/14 Nguyễn Sỹ Sách, P.15, Q.Tân Bình, TP.HCM",6000000.0,89.75,Nhà hẻm,5.35m,14.5m,Tây Bắc,2.0,1.0,1.0,66.85m²,41.97m²,,alley houses,66852.36768802228,10.807193760992988,106.65158843390518,6.0090205048227014,,,,,
7KE8FA,"560/6 Trường Chinh, P.13, Q.Tân Bình, TP.HCM",10500000.0,153.95,Nhà hẻm,5.27m,12.15m,Đông Nam,1.0,1.0,1.0,68.20m²,76.90m²,,alley houses,68203.96232543034,10.79671473692754,106.6544021134837,5.227439671792819,,,,,
857MH3,"184/20/14/1 Bùi Văn Ngữ, P.Hiệp Thành, Q.12, TP.HCM",3680000.0,98.39,Nhà hẻm,4m,9.34m,Đông Nam,2.0,2.0,2.0,37.40m²,74.80m²,2.1m,alley houses,37402.17501778636,10.786942686467949,106.70568706886856,1.0757482800914517,,,,,
020WV9,"28/9 Âu Dương Lân, P.Rạch Ông, Q.8, TP.HCM",6700000.0,136.45,Nhà hẻm,3.46m,14.09m,Tây Bắc,2.0,2.0,2.0,49.10m²,62.50m²,4m,alley houses,49102.235251007696,10.724256368841779,106.63418755599633,9.382135388962093,,,,,
ABHXUY,"80/4/23 Tân Hòa Đông, P.14, Q.6, TP.HCM",9500000.0,61.29,Nhà hẻm,8.55m,18.4m,Đông,2.0,2.0,2.0,155m²,222.20m²,3.8m,alley houses,155000.81579376734,10.749019751832456,106.63020720938118,8.260682921706632,,,,,
5KYGG7,"Nguyễn Văn Đậu, P.11, Q.Bình Thạnh, TP.HCM",5950000.0,140.99,Nhà hẻm,5.18m,9.4m,Tây Nam,3.0,3.0,2.0,42.20m²,,1.66m,alley houses,42201.57457975743,10.802362818376517,106.7093275808646,2.7396735816094386,,,,,
RGUMFJ,"67/2/88 đường số 6, P.Bình Hưng Hòa, Q.Bình Tân, TP.HCM",7000000.0,132.57,Nhà hẻm,4.17m,9.76m,Bắc,2.0,2.0,4.0,52.80m²,166.40m²,,alley houses,52802.29312815871,10.775447010681377,106.59496092769464,11.391786334661283,,,,,
QAJEYU,"202/21 Trần Thị Hè, P.Tân Thới Hiệp, Q.12, TP.HCM",9900000.0,99.09,Nhà hẻm,5m,19.25m,Đông Bắc,13.0,13.0,4.0,99.90m²,312.40m²,10m,alley houses,99909.17347865576,10.765678845713929,106.70903888122078,1.9061500785075995,,,,,
37ETBQ,"384/71bis Lý Thái Tổ, P.10, Q.10, TP.HCM",15200000.0,144.76,Nhà hẻm,5m,20.02m,Đông Bắc,2.0,2.0,2.0,105m²,142.07m²,,alley houses,105001.38159712628,10.776701032986184,106.69492543935334,0.563640888867835,,,,,
1UACH6,"Thạnh Lộc 16, P.An Phú Đông, Q.12, TP.HCM",6600000.0,118.49,Nhà hẻm,4m,14.02m,Đông Bắc,4.0,5.0,5.0,55.70m²,219.90m²,6m,alley houses,55700.903029791545,10.784037130817952,106.71186159522247,1.4802833865735734,,,,,
SDDYX5,"339/25A Lê Văn Sỹ, P.15, Q.Gò Vấp, TP.HCM",33000000.0,359.47,Nhà hẻm,6.84m,15.08m,Tây,8.0,9.0,6.0,91.80m²,437.20m²,5.15m,alley houses,91801.81934514701,10.832991168787904,106.67778527894335,6.327205097846928,,,,,
40WY4F,"5/122/21A Nơ Trang Long, P.7, Q.Bình Thạnh, TP.HCM",3990000.0,212.23,Nhà hẻm,2.99m,6.14m,Nam,2.0,2.0,2.0,18.80m²,35.80m²,2.21m,alley houses,18800.358102059086,10.802658550831275,106.70020267549464,2.533376255735785,,,,,
AHSH9Y,"25/4B Cửu Long, P.2, Q.Tân Bình, TP.HCM",18900000.0,287.23,Nhà hẻm,4.55m,13m,Tây,8.0,8.0,5.0,65.80m²,300m²,4m,alley houses,65800.92608710789,10.805137524238642,106.64802078094552,6.243545596842856,,,,,
JPUA80,"32/21 Đất Thánh, P.06, Q.Tân Bình, TP.HCM",7300000.0,228.12,Nhà hẻm,4m,8m,Tây Nam,2.0,2.0,3.0,32m²,32m²,,alley houses,32000.70138523584,10.807843437821864,106.65817932867795,5.43962700706776,,,,,
PNA9JG,"994A/77 Huỳnh Tấn Phát, P.Tân Phú, Q.7, TP.HCM",3650000.0,86.9,Nhà hẻm,6m,7m,Đông,2.0,1.0,2.0,42m²,,2.1m,alley houses,42002.30149597238,10.718306967515504,106.7286820224856,7.534192225616856,,,,,
7HSFEA,"282/38/9 Bùi Hữu Nghĩa, P.2, Q.Bình Thạnh, TP.HCM",1870000.0,176.41,Nhà hẻm,2.52m,4.55m,Đông Nam,1.0,1.0,2.0,10.60m²,7.10m²,2.18m,alley houses,10600.306105096082,10.81646506502471,106.69752945119218,4.06061001403787,,,,,
6UW428,"840/18/1B Hương Lộ 2, P.Bình Trị Đông A, Q.Bình Tân, TP.HCM",6680000.0,128.46,Nhà hẻm,4m,13m,Nam,4.0,3.0,4.0,52m²,161.18m²,5m,alley houses,52000.62276194924,10.777669081328469,106.5945186707337,11.432399248700444,,,,,
Q7J8TU,"332/86 Phan Văn Trị, P.11, Q.Bình Thạnh, TP.HCM",5000000.0,180.5,Nhà hẻm,3.92m,7.17m,Đông Nam,2.0,1.0,2.0,27.70m²,41.30m²,2m,alley houses,27700.831024930747,10.81040932784854,106.69773243273785,3.3904179165143846,,,,,
PNXH0G,"163/25/12 Tô Hiến Thành, P.13, Q.10, TP.HCM",12200000.0,211.07,Nhà hẻm,2.92m,19.74m,Tây Bắc,8.0,8.0,5.0,57.80m²,226.10m²,,alley houses,57800.72961576728,10.774830607208537,106.6965124838041,0.6132024263840653,,,,,
SYHHV5,"2/173A Tân Lập, Xã Tân Thới Nhì, H.Hóc Môn, TP.HCM",9500000.0,52.8,Nhà hẻm,5.03m,45.19m,Đông,3.0,2.0,1.0,179.90m²,110.50m²,16m,alley houses,179924.24242424243,10.891684395878608,106.59443394877059,16.85265904848822,,,,,
WP8KBR,"35/15 Nghĩa Phát, P.6, Q.Tân Bình, TP.HCM",6700000.0,132.93,Nhà hẻm,4m,12.6m,Tây Nam,2.0,2.0,2.0,50.40m²,78.20m²,,alley houses,50402.467464078836,10.809789620484194,106.64852992624682,6.443150447898953,,,,,
37D1JQ,"26/4 Nguyễn Thị Căn, P.Tân Thới Hiệp, Q.12, TP.HCM",3480000.0,111.53,Nhà hẻm,3.87m,8.01m,Bắc,2.0,2.0,2.0,31.20m²,62.30m²,2m,alley houses,31202.367076123017,10.777602821799166,106.68848095552298,1.1784961053221208,,,,,
5HYKH7,"383/38 Quang Trung, P.10, Q.Gò Vấp, TP.HCM",10400000.0,142.66,Nhà hẻm,4.43m,17.65m,Đông Nam,2.0,1.0,1.0,72.90m²,72.90m²,5.11m,alley houses,72900.60283190804,10.836387777722496,106.67469078866645,6.8032171079510535,,,,,
Q13BUQ,"Đặng Minh Trứ, P.10, Q.Tân Bình, TP.HCM",4200000.0,121.38,Nhà hẻm,2.75m,13m,,1.0,1.0,2.0,34.60m²,45.60m²,2.5m,alley houses,34602.07612456747,10.801612343764049,106.66637892528453,4.310301417278773,,,,,
SDNEF5,"126/15 đường số 28, P.6, Q.Gò Vấp, TP.HCM",6900000.0,107.81,Nhà hẻm,5m,12.8m,Tây Nam,3.0,3.0,3.0,64m²,,10m,alley houses,64001.48409238475,10.835707541377683,106.66715139178274,7.100403791969059,,,,,
6UCVK8,"95/44 Đinh Tiên Hoàng, P.1, Q.Bình Thạnh, TP.HCM",9500000.0,265.36,Nhà hẻm,3.55m,9.45m,Tây Bắc,2.0,2.0,2.0,35.80m²,55.50m²,4m,alley houses,35800.422068133856,10.809644070981836,106.72059054664524,4.058243172886939,,,,,
3HYHAQ,"12/12B hoàng diệu, P.10, Q.Phú Nhuận, TP.HCM",4800000.0,133.33,Nhà hẻm,3m,12m,Tây Bắc,2.0,3.0,2.0,36m²,36m²,3m,alley houses,36000.90002250056,10.79132962425662,106.67725527355292,2.7019936649498004,,,,,
RNPDEJ,"507/13 Chiến Lược, P.Tân Tạo, Q.Bình Tân, TP.HCM",3150000.0,97.22,Nhà hẻm,4m,8.07m,Tây,2.0,2.0,2.0,32.40m²,64.80m²,5m,alley houses,32400.740588356304,10.754246294689029,106.59594600042148,11.622854628561885,,,,,
AB4PZY,"86/25 Âu Cơ, P.9, Q.Tân Bình, TP.HCM",9900000.0,155.9,Nhà hẻm,6.2m,11.65m,Đông,3.0,3.0,3.0,63.50m²,137.60m²,,alley houses,63502.24502886466,10.793380101780883,106.65534099612317,5.008915433186959,,,,,
EJAA14,"672/5/18 Thống Nhất, P.16, Q.Gò Vấp, TP.HCM",6680000.0,176.25,Nhà hẻm,4.6m,9.27m,Tây Bắc,4.0,4.0,3.0,37.90m²,119.70m²,,alley houses,37900.70921985816,10.821120483963167,106.68102669972257,4.978052065372418,,,,,
ACXBQY,"7/12 Chấn Hưng, P.6, Q.Tân Bình, TP.HCM",7500000.0,154.95,Nhà hẻm,3.9m,12.75m,Tây Nam,4.0,5.0,3.0,48.40m²,,5m,alley houses,48402.7105517909,10.803808765565401,106.64351810596274,6.626884130040868,,,,,
J2SWK0,"745/111 Quang Trung, P.12, Q.Gò Vấp, TP.HCM",15500000.0,155.0,Nhà hẻm,5m,20m,Tây,5.0,5.0,5.0,100m²,234.50m²,,alley houses,100000.0,10.818780288391519,106.68207333331108,4.695035419941395,,,,,
DER7UH,"232/7G Nguyễn văn Luông, P.11, Q.6, TP.HCM",5300000.0,117.51,Nhà hẻm,4.05m,11m,Tây Nam,4.0,4.0,3.0,45.10m²,116.40m²,3m,alley houses,45102.54446430091,10.749432851081387,106.62671090315,8.592609664061348,,,,,
SDCVE5,"913/15 Hà Huy Giáp, P.Thạnh Xuân, Q.12, TP.HCM",4350000.0,64.63,Nhà hẻm,6.18m,11.62m,Bắc,2.0,2.0,2.0,67.30m²,80.40m²,5m,alley houses,67306.20454897107,10.771492260672794,106.70515649171953,1.1360782552500592,,,,,
GXVYF2,"616/22 Lê Đức Thọ, P.15, Q.Gò Vấp, TP.HCM",21000000.0,157.77,Nhà hẻm,3.9m,26m,Tây Bắc,23.0,23.0,7.0,133.10m²,688.70m²,10m,alley houses,133105.15307092603,10.816633806713595,106.67263157693517,4.99467720448086,,,,,
375H7Q,"208/4 Thạnh Lộc 27, P.An Phú Đông, Q.12, TP.HCM",6900000.0,111.83,Nhà hẻm,4m,15.44m,Tây Bắc,6.0,5.0,5.0,61.70m²,218.20m²,,alley houses,61700.79585084503,10.76982886120059,106.70899229664589,1.5493425817648219,,,,,
5DTMK7,"79/9/15 Thới An 20, P.Thới An, Q.12, TP.HCM",6900000.0,121.26,Nhà hẻm,4m,14.48m,Bắc,4.0,4.0,4.0,56.90m²,198.10m²,7m,alley houses,56902.52350321622,10.789474989942134,106.70212751927504,1.1241668084009035,,,,,
1Q5TZ6,"59/2 Hoa Sữa, P.7, Q.Phú Nhuận, TP.HCM",7970000.0,355.8,Nhà hẻm,3.2m,7m,Nam,3.0,4.0,4.0,22.40m²,76.50m²,6m,alley houses,22400.224845418776,10.78902124070262,106.67831645189821,2.484882948539171,,,,,
6SAZ08,"28/43 + 28H/9 Dương Bá Trạc, P.Rạch Ông, Q.8, TP.HCM",16900000.0,138.52,Nhà hẻm,3.89m,21.47m,Tây Bắc,20.0,20.0,5.0,122m²,,8m,alley houses,122004.04273751083,10.719132594614097,106.63814849006673,9.452575784675053,,,,,
DEB0PH,"92/6 Nguyễn Sơn, P.Phú Thọ Hòa, Q.Tân Phú, TP.HCM",12700000.0,140.48,Nhà hẻm,5.15m,17.6m,Tây Bắc,13.0,13.0,4.0,90.40m²,263.20m²,,alley houses,90404.32801822324,10.803174449163873,106.62417917426849,8.584862449861173,,,,,
J24QR0,"8/26 đường số 16, P.Bình Hưng Hòa, Q.Bình Tân, TP.HCM",6000000.0,80.0,Nhà hẻm,4.08m,18.52m,Đông Nam,1.0,1.0,1.0,75m²,75m²,5m,alley houses,75000.0,10.757799236894426,106.61732390066453,9.261132699796363,,,,,
KF947C,"554/17/4 Nguyễn Bình, Xã Phú Xuân, H.Nhà Bè, TP.HCM",1590000.0,9.81,Nhà hẻm,5.78m,19.95m,Tây,3.0,2.0,3.0,162m²,210.20m²,,alley houses,162079.5107033639,10.700847247884692,106.73626010164435,9.634576831289108,,,,,
9TX98P,"28/4 đường số 15, P.Bình Hưng Hòa, Q.Bình Tân, TP.HCM",4450000.0,111.25,Nhà hẻm,4m,10m,Tây Bắc,1.0,1.0,1.0,40m²,40m²,,alley houses,40000.0,10.772053605529642,106.60679281354317,10.12388012081151,,,,,
7H66QA,"Đường Trần Thị Do, P.Hiệp Thành, Q.12, TP.HCM",2950000.0,110.07,Nhà hẻm,4.43m,6.03m,Đông Nam,4.0,3.0,3.0,26.80m²,,4.35m,alley houses,26801.126555828112,10.781106101393675,106.71182729789719,1.4074357785585936,,,,,
UCDKPS,"205/48/41T ấp 5, Xã Đông Thạnh, H.Hóc Môn, TP.HCM",4200000.0,68.85,Nhà hẻm,4m,17m,Đông Bắc,1.0,1.0,1.0,61m²,53.20m²,4m,alley houses,61002.17864923748,10.891035494963091,106.58516129205387,17.50605514337168,,,,,
PNQX1G,"362/62A Phan Huy Ích, P.12, Q.Gò Vấp, TP.HCM",7960000.0,123.34,Nhà hẻm,5m,12.84m,Tây Bắc,4.0,5.0,4.0,64.60m²,169.30m²,,alley houses,64537.05205124047,10.819441569558673,106.67468907599996,5.130937727005275,,,,,
CW082B,"280/126/9 Bùi Hữu Nghĩa, P.2, Q.Bình Thạnh, TP.HCM",6200000.0,144.85,Nhà hẻm,5.35m,8.62m,Tây Bắc,2.0,2.0,2.0,42.80m²,86m²,3.3m,alley houses,42802.89955125993,10.819657570103907,106.70193414983018,4.421871677690346,,,,,
7H7MZA,"26/6/13 đường số 13A, P.Bình Hưng Hòa, Q.Bình Tân, TP.HCM",3500000.0,79.54,Nhà hẻm,4m,11m,Đông,2.0,2.0,2.0,44m²,44m²,1.89m,alley houses,44003.017349761125,10.7691029375741,106.59588856124172,11.34205428766905,,,,,
AKAK0Y,"129/2 Lê Thiệt, P.Phú Thọ Hòa, Q.Tân Phú, TP.HCM",3800000.0,137.23,Nhà hẻm,3.9m,7.1m,Tây Nam,3.0,2.0,2.0,27.69m²,55.38m²,2.1m,alley houses,27690.738176783503,10.800810321089545,106.62867170152155,8.03824391700422,,,,,
C4H5SB,"84/42A Bùi Quang Là, P.12, Q.Gò Vấp, TP.HCM",4250000.0,156.78,Nhà hẻm,4.3m,6.1m,Đông Bắc,2.0,2.0,2.0,20.30m²,40.60m²,5m,alley houses,27108.049496109197,10.821654333880312,106.6875778026627,4.797601166861721,,,,,
6UBA08,"Đường Tỉnh Lộ 10, P.Tân Tạo, Q.Bình Tân, TP.HCM",2670000.0,101.44,Nhà hẻm,6.27m,6.96m,Đông,2.0,2.0,2.0,26.32m²,47.20m²,2.5m,alley houses,26320.977917981072,10.75867781231249,106.60084832733459,10.988960143513223,,,,,
5DWKQ7,"1/14 Đường Nguyễn Hữu Tiến, P.Tây Thạnh, Q.Tân Phú, TP.HCM",5200000.0,96.47,Nhà hẻm,3m,18.2m,Nam,3.0,2.0,2.0,53.90m²,,3.4m,alley houses,53902.76769980305,10.804231730293344,106.6163618614856,9.436406446356044,,,,,
YK5MGD,"763/5/4/29 Trường Chinh, P.Tây Thạnh, Q.Tân Phú, TP.HCM",5800000.0,96.82,Nhà hẻm,4m,14.93m,Bắc,3.0,3.0,2.0,59.90m²,103.40m²,2.5m,alley houses,59904.97831026648,10.802490341183924,106.6341053786874,7.531286912063603,,,,,
382RQ3,"Đường Phan Văn Hân, P.17, Q.Bình Thạnh, TP.HCM",9960000.0,162.21,Nhà hẻm,6.2m,11.85m,Đông Bắc,8.0,8.0,3.0,61.40m²,159.10m²,,alley houses,61401.88644349916,10.823671581660536,106.69743517436372,4.857563231589079,,,,,
375ZWQ,"20/50/16 Thạnh Xuân 24, khu phố 7, P.Thạnh Xuân, Q.12, TP.HCM",5450000.0,103.8,Nhà hẻm,4m,13.13m,Đông Bắc,3.0,4.0,3.0,52.50m²,127.90m²,7m,alley houses,52504.81695568401,10.786791752610249,106.68883551637968,1.3576745992030759,,,,,
RGVA8J,"Thửa 616 - tờ 19, đường Đặng Như Mai, Thạnh Mỹ Lợi, Q.2, TP.HCM",58000000.0,200.55,Đất,15m,20m,Đông Nam,,,,,,,land,289204.6871104463,10.77710725093502,106.74687596568505,5.241429191921516,,,,,
4PBVHF,"49/3a Đỗ Tấn Phong, Tân Đông Hiệp, Dĩ An, TP.HCM",2950000.0,45.38,Đất,5m,,,,,,,,,land,65006.610841780515,10.735015565203001,106.66382148134988,6.2730650401953625,,,,,
3Y32PQ,"44 Quốc lộ 1K, P.Đông Hòa, TP.Dĩ An, TP.HCM",5950000.0,39.66,Đất,7.5m,22m,,,,,,,,land,150025.21432173476,10.772275086129476,106.66176820971181,4.158880523595339,,,,,
WZ8H4R,"254/4A Phạm Văn Chí, P.Bình Tiên, Q.6, TP.HCM",4700000.0,94.37,Đất,,,Tây Bắc,,,,,,,land,49803.96312387411,10.74667251274702,106.63907080078286,7.5112745401888805,,,,,
KJN5TC,"160 số 1, P.Long Trường, TP.Thủ Đức, TP.HCM",6700000.0,49.92,Đất,,,Bắc,,,,,,,land,134214.7435897436,10.861883390503866,106.74988652073792,10.648875370459068,,,,,
5KJT47,"Thửa 697 - tờ 39 Suối Lội, Xã Phước Vĩnh An, H.Củ Chi, TP.HCM",3100000.0,29.77,Đất,5m,21.91m,Tây,,,,,,,land,104131.67618407794,10.995018863672923,106.48839209442708,33.122932802533846,,,,,
J2HMW0,"Thửa 665 - Tờ 64 Huỳnh Thị Dần, Xã Bình Mỹ, H.Củ Chi, TP.HCM",2200000.0,16.15,Đất,5.09m,27.64m,Đông Bắc,,,,,,,land,136222.91021671827,10.997057315983207,106.50572707117628,32.00338799187181,,,,,
8YFVS3,"265/98/6 Bùi Văn Ngữ, P.Hiệp Thành, Q.12, TP.HCM",3500000.0,39.72,Đất,,,Đông Nam,,,,,,,land,88116.81772406849,10.787435326250954,106.7098165221324,1.4519884338608449,,,,,
SC01C5,"299/11 Bình Thành, P.Bình Hưng Hoà B, Q.Bình Tân, TP.HCM",22400000.0,36.24,Đất,,,Bắc,,,,,,,land,618101.5452538631,10.755384161068243,106.59875670637639,11.294147453080914,,,,,
C0X7ZB,"266/40/25G Tôn Đản, P.8, Q.4, TP.HCM",5800000.0,85.41,Đất,,,Tây Nam,,,,,,,land,67907.73914061586,10.771656195820581,106.68984907437577,1.3476928523564877,,,,,
5BDDC7,"64 Số 2, P.Dĩ An, TP.Dĩ An, TP.HCM",7500000.0,100.0,Đất,5m,,,,,,,,,land,75000.0,10.798073461494266,106.70542802770146,2.140611564387274,,,,,
3DWX4Q,"1454/12E Lê Văn Lương, Xã Phước Kiển, H.Nhà Bè, TP.HCM",5200000.0,40.78,Đất,,,Bắc,,,,,,,land,127513.48700343305,10.69219550380994,106.72526635457166,10.104682480640086,,,,,
JNQDY0,"70/22 Phan Huy Ích, P.14, Q.Gò Vấp, TP.HCM",6700000.0,87.12,Đất,,,Bắc,,,,,,,land,76905.41781450872,10.815238557602086,106.67406193784139,4.778481398641836,,,,,
9NQ1SP,"Thửa 814 - tờ 167 Dương Công Khi, Ấp 1, Xã Xuân Thới Thượng, H.Hóc Môn, TP.HCM",3200000.0,39.07,Đất,6.15m,15.53m,Tây Nam,,,,,,,land,81904.27437931918,10.87610434985909,106.58351748811948,16.52445653584478,,,,,
5KJEU7,"Thửa 812 - tờ 167 Dương Công Khi, Ấp 1, Xã Xuân Thới Thượng, H.Hóc Môn, TP.HCM",3200000.0,39.26,Đất,6.13m,15.48m,Tây Nam,,,,,,,land,81507.89607743251,10.869192397485048,106.60704276100124,14.106156830768564,,,,,
D4G0BH,"Thửa 815 - tờ 167 Dương Công Khi, Ấp 1, Xã Xuân Thới Thượng, H.Hóc Môn, TP.HCM",3200000.0,37.29,Đất,5.9m,15.55m,Tây Nam,,,,,,,land,85813.89112362564,10.880704276110029,106.5956548557637,15.886770354115328,,,,,
0JSF9N,"Thửa 541 - Tờ: 53, Đường Bùi Công Trừng, Xã Đông Thạnh, H.Hóc Môn, TP.HCM",4500000.0,31.71,Đất,7m,21.6m,,,,,,,,land,141911.06906338694,10.890833784340336,106.60590023319357,15.955693795014339,,,,,
A4GAQY,"48 Cây Trâm, P.08, Q.Gò Vấp, TP.HCM",68100000.0,127.0,Đất,,,Đông Bắc,,,,,,,land,536220.4724409449,10.817950731831317,106.69131624359626,4.30505252407934,,,,,
7EPP8A,"44 TL 54, P.Thạnh Lộc, Q.12, TP.HCM",5500000.0,48.88,Đất,,,Tây Bắc,,,,,,,land,112520.45826513911,10.765732690782608,106.70507154738739,1.689072260943689,,,,,
RNQHQJ,"Số 6, P.Tam Bình, TP.Thủ Đức, TP.HCM",14500000.0,67.41,Đất,7.02m,30.97m,Đông Nam,,,,,,,land,215101.61697077585,10.848884972581715,106.76035900089455,10.168748313325185,,,,,
AC4EEY,"Thửa 759 -  Tờ 24 Đình Phong Phú, Tăng Nhơn Phú B, Q.9, TP.HCM",6200000.0,76.54,Đất,4.5m,17.461m,Đông Bắc,,,,,,,land,81003.39691664488,10.852108808572625,106.8345875834288,16.844979462702987,,,,,
SC0MY5,"12 Hẻm 4, P.Tân Thới Nhất, Q.12, TP.HCM",8500000.0,68.16,Đất,,,Đông Bắc,,,,,,,land,124706.57276995305,10.783117884743891,106.69429443841265,0.635547578731924,,,,,
3HY7UQ,"Thửa 752 - Tờ 4 Thạnh Lộc 47, P.Thạnh Lộc, Q.12, TP.HCM",22000000.0,44.08,Đất,9.5m,53m,Đông Bắc,,,,,,,land,499092.55898366607,10.785834680570977,106.71665927477089,2.041088375662362,,,,,
9M07MP,"121 Thạnh Xuân 52, P.Thạnh Xuân, Q.12, TP.HCM",120000000.0,33.32,Đất,40m,80m,Tây Bắc,,,,,,,land,3601440.576230492,10.789179152705119,106.6911432266705,1.3503232182397482,,,,,
6AXTU8,"Thửa 939 - Tờ 1 Quốc Lộ 1A, P.An Phú Đông, Q.12, TP.HCM",3790000.0,61.12,Đất,5m,12m,Đông Nam,,,,,,,land,62009.162303664925,10.784333309548712,106.69768208969317,0.524194406801313,,,,,
GMWW72,"170 số 25, Xã Tân Thông Hội, H.Củ Chi, TP.HCM",2000000.0,1.91,Đất,15m,70m,Tây Nam,,,,,,,land,1047120.4188481676,11.018041751398911,106.49447269958975,34.56386940459099,,,,,
857FV3,"Thửa 615-Tờ 14 Huỳnh Thị Mua, Xã Thái Mỹ, H.Củ Chi, TP.HCM",880.0,2.74,Đất,5.08m,63.59m,Bắc,,,,,,,land,321.1678832116788,10.999479491837278,106.51196569361856,31.761621509400538,,,,,
SC6665,"MPN 90/4/25 (Thửa 632 - Tờ 12) Thạnh Xuân 51, P.Thạnh Xuân, Q.12, TP.HCM",2880000.0,41.14,Đất,4m,17m,Tây Bắc,,,,,,,land,70004.86144871172,10.7852966357464,106.68947679059512,1.2094810604421236,,,,,
SDHK65,"Thửa 785 - tờ 5 Thạnh Lộc 43, P.An Phú Đông, Q.12, TP.HCM",3750000.0,72.67,Đất,4.3m,12.05m,Tây Bắc,,,,,,,land,51603.13747075822,10.778377038138807,106.716888207552,1.959536185976767,,,,,
85GZ23,"Thửa 2392 - tờ 18 đường Thạnh Xuân 43, P.Thới An, Q.12, TP.HCM",4650000.0,55.55,Đất,4.1m,22.49m,Đông Bắc,,,,,,,land,83708.37083708371,10.76741600822651,106.70688142204568,1.615442861825592,,,,,
7EPF8A,"18C Đường 439, Xã Phú Hòa Đông, H.Củ Chi, TP.HCM",4770000.0,5.95,Đất,,,Đông Bắc,,,,,,,land,801680.6722689075,11.015650555977384,106.50161008409059,33.86004743871327,,,,,
WTG41R,"408/24 Hà Huy Giáp, P.Thạnh Lộc, Q.12, TP.HCM",29000000.0,37.76,Đất,16m,54m,Đông Nam,,,,,,,land,768008.4745762713,10.77983336166487,106.70424234356601,0.5703067244667227,,,,,
9M5UYP,"96 TCH 03, P.Tân Chánh Hiệp, Q.12, TP.HCM",7100000.0,60.37,Đất,,,Đông Nam,,,,,,,land,117608.08348517476,10.783865143931408,106.71643182848231,1.9561813526649117,,,,,
JRDJ0D,"Thửa 655 - Tờ 43 Bờ Xe Lam, Xã Tân Kiên, H.Bình Chánh, TP.HCM",8500000.0,30.27,Đất,8.11m,35.06m,Tây Nam,,,,,,,land,280806.078625702,10.689070651793699,106.60308748033553,14.519521431940175,,,,,
SC0MH5,"26 Hẻm 106, P.Tây Thạnh, Q.Tân Phú, TP.HCM",9200000.0,84.4,Đất,,,Tây Bắc,,,,,,,land,109004.73933649289,10.78521619274849,106.61199863969502,9.537071360388474,,,,,
QHJBPU,"207 Nam Cao, P.Tân Phú, TP.Thủ Đức, TP.HCM",5010000.0,33.4,Đất,,,Tây,,,,,,,land,150000.0,10.792949015475093,106.63852565361309,6.775191913803649,,,,,
G1X7J2,"Nguyễn Thị Lắng, Xã Phước Vĩnh An, H.Củ Chi, TP.HCM",850.0,4.25,Đất,5m,39.99m,Đông Bắc,,,,,,,land,200.0,11.00857672809139,106.50574061192155,32.96980499923991,,,,,
Q7V79U,"Thửa 659 - tờ 42 đường số 691, Xã Thái Mỹ, H.Củ Chi, TP.HCM",1220000.0,8.44,Đất,7m,18.25m,Đông Nam,,,,,,,land,144549.76303317538,11.008864741665283,106.51530120984789,32.33480469923402,,,,,
YWCUMD,"1231/21/16 Tỉnh lộ 43, TP.Thủ Đức, TP.HCM",2000000.0,19.54,Đất,,,Bắc,,,,,,,land,102354.14534288639,10.850751646995118,106.7573675645654,10.115394613790048,,,,,
8D7XB3,"Thửa 513 - Tờ 23 Thạnh Xuân 31, P.Thạnh Xuân, Q.12, TP.HCM",19500000.0,33.5,Đất,13m,50m,Tây,,,,,,,land,582089.5522388059,10.777663448835987,106.70658227101735,0.8588788756847913,,,,,
YEXGVD,"Thửa 508 - Tờ 44 hẻm Đường Vành Đai 4, Xã Nhuận Đức, H.Củ Chi, TP.HCM",8000000.0,2.6,Đất,32m,98m,Đông,,,,,,,land,3076923.076923077,11.012721035988598,106.49628800459452,33.987608330516615,,,,,
3517YQ,"Vành Đai 3, Xã Bình Chánh, H.Bình Chánh, TP.HCM",2300000.0,25.55,Đất,5m,18m,,,,,,,,land,90019.56947162426,10.675293566975954,106.58975024327228,16.627574756028828,,,,,
QKEYGU,"Nguyễn Thị Thử, Xã Xuân Thới Sơn, H.Hóc Môn, TP.HCM",2980000.0,30.1,Đất,8m,12m,Tây,,,,,,,land,99003.32225913621,10.875897618605201,106.60795537543169,14.567223333038234,,,,,
YWFGCD,"Phan Văn Hớn, Xã Bà Điểm, H.Hóc Môn, TP.HCM",4600000.0,45.09,Đất,9.5m,19m,Bắc,,,,,,,land,102018.18585052117,10.873849712693424,106.6057138592264,14.573316897722577,,,,,
7KW1KA,"Nhị Bình 10A, Xã Nhị Bình, H.Hóc Môn, TP.HCM",8900000.0,16.12,Đất,31.83m,17.49m,Tây,,,,,,,land,552109.1811414391,10.87414198247845,106.58657856330257,16.128746591390065,,,,,
PZ4W5G,"Đường Vạn Kiếp, P.1, Q.Bình Thạnh, TP.HCM",13500000.0,145.31,Đất,4.59m,23.16m,Nam,,,,,,,land,92904.82416901796,10.800570462641438,106.70498491337624,2.389663499440475,,,,,
8DC1H3,"Thửa 686 - tờ 54 đường số 8, P.Hiệp Bình Phước, TP.Thủ Đức, TP.HCM",7300000.0,46.76,Đất,4.15m,37.66m,Tây Bắc,,,,,,,land,156116.3387510693,10.848950668634993,106.74064970231706,8.90219530908516,,,,,
AE7MDY,"Thửa 1094 - Tờ 12 đường Cầu Ô Giá, Xã Thái Mỹ, H.Củ Chi, TP.HCM",1280000.0,2.12,Đất,31.63m,19.19m,Đông Nam,,,,,,,land,603773.5849056604,11.016351975880772,106.50937606059537,33.38606103730043,,,,,
8SRDH3,"Võ Trần Chí, Xã Tân Nhựt, H.Bình Chánh, TP.HCM",3400000.0,26.98,Đất,7m,18m,,,,,,,,land,126019.27353595255,10.697530519930524,106.60727108790933,13.546756122252622,,,,,
7EPNKA,"Hẻm 10 Lê Đức Thọ, P.15, Q.Gò Vấp, TP.HCM",6500000.0,59.78,Đất,,,Đông Nam,,,,,,,land,108732.01739712278,10.82040289179432,106.66952111375014,5.5316149646494335,,,,,
UK04ES,"1177 Lê Đức Thọ, P.13, Q.Gò Vấp, TP.HCM",111200000.0,115.34,Đất,,,Đông,,,,,,,land,964106.1210334662,10.834803075270855,106.66343950371142,7.223773204275677,,,,,
6A4278,"74/7/8 Phan Đăng Lưu, P.05, Q.Phú Nhuận, TP.HCM",4200000.0,128.44,Đất,,,Tây Nam,,,,,,,land,32700.09342883837,10.797422388133805,106.68679854819672,2.365363783292798,,,,,
K0ZNRC,"752 Trần Văn Mười, Xã Bà Điểm, H.Hóc Môn, TP.HCM",4500000.0,40.9,Đất,5.54m,20m,Đông Bắc,,,,,,,land,110024.44987775061,10.899014008211,106.60501846224929,16.721317140485848,,,,,
67SBB8,"Thửa 528 - Tờ 49 Tổ 50, Khu phố 3, P.An Phú Đông, Q.12, TP.HCM",2400000.0,32.0,Đất,3.8m,19m,Bắc,,,,,,,land,75000.0,10.779702832658005,106.68883165827994,1.1151894259760295,,,,,
3H4WUQ,"639 Nguyễn Thị Sóc, Xã Bà Điểm, H.Hóc Môn, TP.HCM",4099999.999999999,45.55,Đất,6m,16m,Đông,,,,,,,land,90010.97694840832,10.877566495996959,106.59107611231701,16.010383225846436,,,,,
UC4H4S,"Nguyễn Thị Thử, Xã Xuân Thới Sơn, H.Hóc Môn, TP.HCM",2750000.0,27.22,Đất,5.5m,18m,Bắc,,,,,,,land,101028.65540044085,10.871681134420124,106.60589274964572,14.389208137284422,,,,,
8YAY23,"Đường 40, KDC Vạn Phúc, P.Hiệp Bình Phước, TP.Thủ Đức, TP.HCM",65000000.0,241.99,Đất,12.78m,21.5m,Tây Nam,,,,,,,land,268606.14074961777,10.854569115066768,106.7654664474296,11.0096825930412,,,,,
C4UD4B,"Thửa 621- tờ 50 Đường Võ Thị Thừa, P.An Phú Đông, Q.12, TP.HCM",5330000.0,48.89,Đất,5.02m,19.7m,Tây Bắc,,,,,,,land,109020.24953978318,10.777950098954305,106.70976609939979,1.1918160480912816,,,,,
AHAB9Y,"Thửa 535 - tờ số 6 tỉnh lộ 15, Xã Phú Hòa Đông, H.Củ Chi, TP.HCM",28000000.0,7.13,Đất,23.54m,178.93m,Tây Nam,,,,,,,land,3927068.723702665,11.00337658807053,106.49259500962343,33.48189268971115,,,,,
7D1FBA,"Thửa Số: 6, Tờ số: 90 Nguyễn Sỹ Sách, P.15, Q.Tân Bình, TP.HCM",12500000.0,130.0,Đất,4.82m,19.76m,Đông Bắc,,,,,,,land,96153.84615384616,10.797640269786646,106.65796552659343,4.905901509083121,,,,,
7EP1DA,"109/1162/11 Hẻm 1264/78 Đường Lê Đức Thọ, P.13, Q.Gò Vấp, TP.HCM",7500000.0,78.78,Đất,,,Đông Nam,,,,,,,land,95201.8278750952,10.835212997514871,106.68592225372069,6.2963633972813,,,,,
5Y4PC7,"Thửa 492 - tờ 95 Đường Nguyễn Văn Bá, P.Trường Thọ, TP.Thủ Đức, TP.HCM",14450000.0,120.41,Đất,7m,17.14m,Đông Bắc,,,,,,,land,120006.64396644797,10.85386797955513,106.74466488428294,9.594635743599866,,,,,
3HWDTQ,"Thửa 553 - Tờ 41 Cầu Đình, Long Phước, Q.9, TP.HCM",3400000.0,35.82,Đất,4.5m,21.5m,Tây Nam,,,,,,,land,94919.03964265774,10.847596885757259,106.81862156524602,15.076589061370315,,,,,
SYK8J5,"C5-12-69 khu 50ha, Cát Lái, Q.2, TP.HCM",8000000.0,73.12,Đất,5m,21.87m,Đông Nam,,,,,,,land,109409.19037199124,10.785533917210364,106.75810253721724,6.4920145187758775,,,,,
E0P1Y4,"Thửa 652 - tờ 19 đường 218, Xã Tân Thông Hội, H.Củ Chi, TP.HCM",2650000.0,27.8,Đất,5m,19.21m,Tây Bắc,,,,,,,land,95323.74100719424,10.99592864588129,106.51651427051303,31.141240424573667,,,,,
UYNE9S,"Thửa 664 - tờ 158 đường số 15, P.Linh Xuân, TP.Thủ Đức, TP.HCM",3650000.0,60.43,Đất,4.03m,15.25m,Tây Nam,,,,,,,land,60400.46334602019,10.838558793936409,106.75072745067976,8.615659296952568,,,,,
DWZ8TH,"178/200 Bưng Ông Thoàn, TP.Thủ Đức, TP.HCM",5800000.0,67.75,Đất,,,Đông Bắc,,,,,,,land,85608.85608856089,10.844937830135716,106.75298272386802,9.314014214615913,,,,,
8SEZV3,"Thửa 528 - tờ 47 Đường Tô Ngọc Vân, P.Thạnh Xuân, Q.12, TP.HCM",13900000.0,95.86,Đất,6m,24.2m,Đông Nam,,,,,,,land,145003.1295639474,10.77622339506391,106.70031141373485,0.41821884928461917,,,,,
QKHDXU,"Đông Hòa, Dĩ An, TP.HCM",3350000.0,31.01,Đất,4.4m,,,,,,,,,land,108029.66784908094,10.827145320004258,106.7437275810161,7.165152382473033,,,,,
6Y3N68,"P.Đông Hòa, TP.Dĩ An, TP.HCM",3450000.0,47.26,Đất,5m,14.5m,,,,,,,,land,73000.42319085907,10.742362505625703,106.65517865646358,6.335330976427945,,,,,
5B9VJ7,"TT.Hóc Môn, H.Hóc Môn, TP.HCM",1960000.0,16.82,Đất,,,Tây Bắc,,,,,,,land,116527.94292508918,10.888540437435221,106.589010934279,17.01297975632808,,,,,
PZFJ7G,"Thửa 1749 - tờ 14 TL29, P.An Phú Đông, Q.12, TP.HCM",6000000.0,71.94,Đất,4m,21m,Đông Bắc,,,,,,,land,83402.83569641368,10.783324672168227,106.69602881522565,0.5107752051098765,,,,,
87J5D3,"Thửa 700 - tờ 31 Bến Than, Xã Hòa Phú, H.Củ Chi, TP.HCM",11000000.0,20.83,Đất,11.05m,50.51m,Đông,,,,,,,land,528084.4935189631,11.002265976191422,106.50849934331563,32.24153279716968,,,,,
9T13HP,"Thửa 2113 - tờ 18 Thạnh Xuân 43, P.Thạnh Xuân, Q.12, TP.HCM",6000000.0,49.91,Đất,8m,16.27m,Đông Bắc,,,,,,,land,120216.38950110199,10.772482167486126,106.7020558686788,0.8730332273831408,,,,,
6S77Q8,"Thửa 1903 - tờ 22 Thới An 18, P.Thới An, Q.12, TP.HCM",5950000.0,64.95,Đất,4.01m,23m,Nam,,,,,,,land,91608.92994611239,10.774013234781076,106.68993652555375,1.1816421672928483,,,,,
SC0XD5,"8/34/5/6 TX40, P.Thạnh Xuân, Q.12, TP.HCM",4000000.0,49.87,Đất,,,Tây Nam,,,,,,,land,80208.54220974534,10.761595252037113,106.69476625366313,2.0653087264660877,,,,,
GMDXZ2,"Thửa 558 - tờ 8 Sông Lu, Xã Hòa Phú, H.Củ Chi, TP.HCM",1000000.0,9.89,Đất,5m,20.56m,Tây Nam,,,,,,,land,101112.23458038422,11.008383102853115,106.49006628090548,34.07760895046569,,,,,
A4MPBY,"tỉnh 998, Phước Thuận, Xuyên Mộc, TP.HCM",12000000.0,12.17,Đất,22m,45m,,,,,,,,land,986031.2243221035,10.74105871319608,106.70377775428811,4.315017231721319,,,,,
7K4GKA,"Thửa 770 - tờ 12 Thạnh Lộc 42, P.Thạnh Lộc, Q.12, TP.HCM",5000000.0,62.5,Đất,5m,16m,Tây Bắc,,,,,,,land,80000.0,10.768258445547303,106.69181125336372,1.4995268784711278,,,,,
37YP4Q,"Thửa 972 - tờ 27 Bến Than, Xã Hòa Phú, H.Củ Chi, TP.HCM",2300000.0,19.81,Đất,5.01m,23.7m,Tây Nam,,,,,,,land,116102.97829379102,11.013984410664532,106.49701506098552,34.04202163309114,,,,,
6S5XW8,"Thửa 590 - Tờ 198 đường số 5, P.7, Q.8, TP.HCM",8000000.0,72.72,Đất,5m,22m,Tây Bắc,,,,,,,land,110011.00110011,10.736101466147328,106.61365824491467,10.51354257968698,,,,,
UAQ9JS,"Thửa 643-3 - Tờ 4 đường số 1, P.11, Q.6, TP.HCM",10000000.0,89.28,Đất,4m,28.34m,Tây,,,,,,,land,112007.16845878137,10.749769578475664,106.6291290090136,8.334886234221417,,,,,
7H529A,"Thửa 643-2 - Tờ 4 đường số 1, P.11, Q.6, TP.HCM",9990000.0,90.0,Đất,4m,27.9m,Tây,,,,,,,land,111000.0,10.761861425400912,106.6451851999862,6.213625849497633,,,,,
KEGMFC,"Thửa 578 - Tờ 51 đường 152, Bình Mỹ, H.Củ Chi, TP.HCM",3000000.0,19.54,Đất,5m,30.87m,Đông,,,,,,,land,153531.21801432958,11.005076773620685,106.51001235692473,32.37357341135023,,,,,
3A3PJQ,"Thửa 505 - tờ 67 ĐH508, Xã Nhuận Đức, H.Củ Chi, TP.HCM",2200000.0,9.58,Đất,11m,20.92m,Đông,,,,,,,land,229645.09394572026,10.993550298570277,106.50511370068065,31.757913288720694,,,,,
R2PGZJ,"Thửa 1589 - tờ 96 Vườn Lài, P.An Phú Đông, Q.12, TP.HCM",5700000.0,71.25,Đất,6.08m,13.1m,Đông Nam,,,,,,,land,80000.0,10.773463982871572,106.702494593528,0.7953668999040958,,,,,
5HP2K7,"Thửa 1112 - tờ 58 Thạnh Lộc 14, P.An Phú Đông, Q.12, TP.HCM",4000000.0,80.0,Đất,4.55m,11.02m,Đông Bắc,,,,,,,land,50000.0,10.773860191995144,106.7145660559465,1.8213713745842721,,,,,
KFXVEC,"Thửa 1111 - tờ 58 Thạnh Lộc 14, P.An Phú Đông, Q.12, TP.HCM",4000000.0,80.0,Đất,4.58m,10.95m,Đông Bắc,,,,,,,land,50000.0,10.774087770984327,106.71263086754051,1.6156979542188676,,,,,
7KG2SA,"Thửa 1110 - tờ 58 Thạnh Lộc 14, P.An Phú Đông, Q.12, TP.HCM",4000000.0,80.0,Đất,4.6m,10.89m,Đông Bắc,,,,,,,land,50000.0,10.788907439363896,106.70457723778493,1.1775111400515745,,,,,
5HBUV7,"Thửa 172 - tờ 20 Trung An, TT.Củ Chi, H.Củ Chi, TP.HCM",7500000.0,8.31,Đất,10.5m,71.02m,Tây,,,,,,,land,902527.0758122744,11.00137766054349,106.51140396663209,31.961892041548026,,,,,
ACDSCY,"MPN 50/50 Vườn Lài, P.An Phú Đông, Q.12, TP.HCM",12200000.0,54.24,Đất,5.26m,38.49m,Đông Nam,,,,,,,land,224926.25368731562,10.785094264000715,106.6909251090449,1.0631184137359018,,,,,
A32QYX,"Tam Đa, P.Trường Thạnh, TP.Thủ Đức, TP.HCM",5000000.0,62.5,Đất,6.1m,12.8m,,,,,,,,land,80000.0,10.852156783636238,106.76019993949821,10.43231993269041,,,,,
7H524A,"Thửa 643-1 - Tờ 4 đường số 1, P.11, Q.6, TP.HCM",15000000.0,89.82,Đất,5.16m,27.46m,Tây,,,,,,,land,167000.66800267203,10.749398204661365,106.62466085512156,8.80090593372493,,,,,
RGA1EJ,"Thửa 825 - tờ 8 Sông Lu, Xã Hòa Phú, H.Củ Chi, TP.HCM",4000000.0,28.14,Đất,5.99m,23.65m,Đông Bắc,,,,,,,land,142146.41080312722,10.9987426996684,106.51651127355329,31.38100282003366,,,,,
0T2ZU9,"Thửa 1521 - tờ 50 Vườn Lài, P.An Phú Đông, Q.12, TP.HCM",9500000.0,107.95,Đất,4.29m,13.73m,Bắc,,,,,,,land,88003.70541917555,10.762685089830997,106.70092329705628,1.9027983204258172,,,,,
AFERZY,"Nguyễn Văn Khạ, Xã Tân An Hội, H.Củ Chi, TP.HCM",5000000.0,11.62,Đất,,,Đông Nam,,,,,,,land,430292.5989672978,10.998171283975914,106.50599792533761,32.07650976400577,,,,,
ACMM4Y,"Thửa 702 - tờ 14 Trung An, Xã Trung An, H.Củ Chi, TP.HCM",2800000.0,16.77,Đất,5m,34.41m,Tây Bắc,,,,,,,land,166964.81812760883,11.018019207764695,106.49216605179659,34.725666594432454,,,,,
PNXQCG,"Thửa 602 - Tờ 7 đường số 5, Long Thạnh Mỹ, Q.9, TP.HCM",54000000.0,33.61,Đất,19.97m,87.04m,,,,,,,,land,1606664.6831300207,10.847893781287752,106.83426042893223,16.596823328151547,,,,,
3AX5YQ,"Thửa 935 - tờ 11 Thạnh Lộc 29, P.Thạnh Lộc, Q.12, TP.HCM",5950000.0,86.73,Đất,4.51m,18.18m,Đông Nam,,,,,,,land,68603.71267150927,10.781344590134003,106.69743661631566,0.24505517838969174,,,,,
CRCDDB,"Thửa 537 - tờ 17 Bà Thiên, Xã Nhuận Đức, H.Củ Chi, TP.HCM",1600000.0,12.18,Đất,5m,26.85m,Bắc,,,,,,,land,131362.88998357963,11.002869041910412,106.50635395391426,32.44425457219019,,,,,
WPNPVR,"Thửa 1101 - tờ 85 Thạnh Xuân 24, P.Thới An, Q.12, TP.HCM",3650000.0,55.05,Đất,4.5m,15.35m,Tây Nam,,,,,,,land,66303.36058128974,10.764009549101,106.7040950447412,1.830859537630061,,,,,
UYA42S,"Thửa 615 - Tờ 7 đường số 6, Trường Thạnh, Q.9, TP.HCM",5050000.0,54.83,Đất,4m,22.4m,Bắc,,,,,,,land,92102.86339595112,10.832780326902045,106.8212395691408,14.593905834809998,,,,,
37B5TQ,"Thửa 756 Tờ 9 Thới An 11, P.Thới An, Q.12, TP.HCM",4500000.0,54.74,Đất,4.92m,16.77m,,,,,,,,land,82206.79576178297,10.785691705849999,106.69722971870794,0.6823184132053982,,,,,
5HFMP7,"Phan Văn Hớn, P.Tân Thới Nhất, Q.12, TP.HCM",37000000.0,150.46,Đất,5.2m,33.63m,Tây Nam,,,,,,,land,245912.5348929948,10.777864845264505,106.70682289914397,0.8785737964906806,,,,,
R23NWJ,"Thửa 1109 - tờ 90 Thạnh Xuân 16, P.Thới An, Q.12, TP.HCM",6000000.0,65.5,Đất,4.4m,21.42m,Đông Nam,,,,,,,land,91603.0534351145,10.765224439449264,106.6935686033302,1.7177077183007,,,,,
3AWH2Q,"Thửa 1108 - tờ 90 Thạnh Xuân 16, P.Thới An, Q.12, TP.HCM",6000000.0,64.3,Đất,4.43m,22.37m,Đông Nam,,,,,,,land,93312.59720062208,10.77421724076497,106.70775006118502,1.1354557145862578,,,,,
5K9BQ7,"Thửa 1104 - tờ 90 Thạnh Xuân 16, P.Thới An, Q.12, TP.HCM",6000000.0,56.81,Đất,4.22m,23.49m,Đông Nam,,,,,,,land,105615.20859003696,10.780499827093436,106.70810530271079,0.9959079266399057,,,,,
UDJHTS,"Thửa 1103 - tờ 90 Thạnh Xuân 16, P.Thới An, Q.12, TP.HCM",6000000.0,61.16,Đất,4.22m,25.01m,Đông Nam,,,,,,,land,98103.33551340747,10.784989341108263,106.70543007976252,0.9064438764755183,,,,,
DEBR0H,"Thửa 2484 - Tờ 18 Thạnh Xuân 38, P.Thạnh Xuân, Q.12, TP.HCM",4099999.999999999,51.57,Đất,4m,19.87m,,,,,,,,land,79503.58735699048,10.78389167742386,106.69173154661804,0.9182248541571694,,,,,
8YWF23,"19 TA 11, P.Thới An, Q.12, TP.HCM",5000000.0,39.09,Đất,,,Tây Nam,,,,,,,land,127909.95139421846,10.786397469647243,106.70985333236104,1.3916450767226565,,,,,
KRU5FC,"578 Hoàng hữu nam, Tân Phú, Q.9, TP.HCM",18000000.0,121.45,Đất,12m,12m,,,,,,,,land,148209.1395636064,10.847400363968564,106.8211791585909,15.309208566863457,,,,,
ACVNEY,"Thửa 588 -tờ 11 Giáp Hải, Xã Tân An Hội, H.Củ Chi, TP.HCM",3350000.0,20.04,Đất,6.75m,22.25m,Bắc,,,,,,,land,167165.66866267467,11.01840371962457,106.4985919991948,34.30500641134687,,,,,
QADW8U,"Thửa 983 - Tờ 27 Thạnh Lộc 16, P.Thạnh Lộc, Q.12, TP.HCM",3500000.0,64.81,Đất,4.5m,10.45m,,,,,,,,land,54004.0117265854,10.78668587341193,106.6933343433438,0.9850984895069247,,,,,
UAF3RS,"Thửa 636 - tờ 40 Thạnh Lộc 03, P.An Phú Đông, Q.12, TP.HCM",4600000.0,66.37,Đất,4.2m,16.5m,Đông Nam,,,,,,,land,69308.42248003616,10.778413024802719,106.7146475511767,1.7150086370392474,,,,,
DBKJPH,"Thửa 693 - tờ 29 Trần Thị Cờ, P.Thới An, Q.12, TP.HCM",4200000.0,73.17,Đất,4m,14.5m,Bắc,,,,,,,land,57400.574005740054,10.775587255128707,106.71043813320276,1.3314951588782518,,,,,
KJN9DC,"40 Đường 409, Xã Phước Vĩnh An, H.Củ Chi, TP.HCM",2030000.0,15.54,Đất,,,Đông Bắc,,,,,,,land,130630.63063063064,11.001814859973102,106.49688688881447,33.038845196857544,,,,,
CF17RB,"Lê Văn Lương, P.Tân Phong, Q.7, TP.HCM",29000000.0,136.92,Đất,10m,21m,Đông Bắc,,,,,,,land,211802.51241600935,10.747147235503135,106.7311773848668,5.03960571348042,,,,,
87NDU3,"Thửa 433 - tờ 9 Thạnh Xuân 25, P.Thạnh Xuân, Q.12, TP.HCM",4790000.0,50.79,Đất,5m,18.58m,Tây Nam,,,,,,,land,94309.90352431581,10.779842685674874,106.6973106414583,0.18793219183446372,,,,,
6SS328,"Thửa 599 - tờ 26 đường số 10, P.Tân Tạo A, Q.Bình Tân, TP.HCM",6050000.0,60.5,Đất,5m,20m,Đông Bắc,,,,,,,land,100000.0,10.758583842212712,106.5937295026548,11.753017919035832,,,,,
EP1PZ4,"49/1 TL 51, P.Thạnh Lộc, Q.12, TP.HCM",6730000.0,36.14,Đất,,,Tây Nam,,,,,,,land,186220.2545655783,10.767635893895443,106.71637416353686,2.324890409453107,,,,,
SDB485,"Thạnh Xuân 52, P.Thới An, Q.12, TP.HCM",3100000.0,58.38,Đất,5.14m,10.36m,Đông Nam,,,,,,,land,53100.37684138403,10.785452289046043,106.69103491528443,1.0757148626840707,,,,,
37AMGQ,"Thửa 581 - Tờ 10 Thạnh Lộc 29, P.Thạnh Lộc, Q.12, TP.HCM",5350000.0,89.31,Đất,4m,14.74m,,,,,,,,land,59903.7061919158,10.780031632647715,106.70183128454347,0.3078005043151053,,,,,
9Z9RUP,"Thửa 939 - Tờ 1 Thạnh Lộc 15, P.An Phú Đông, Q.12, TP.HCM",3700000.0,59.67,Đất,4.91m,12.49m,,,,,,,,land,62007.709066532596,10.76977545250541,106.7000173716293,1.112462085315823,,,,,
1U0RU6,"Thửa 540 - Tờ 36 An Nhơn Tây, Xã An Nhơn Tây, H.Củ Chi, TP.HCM",1550000.0,10.36,Đất,5m,29.94m,Tây,,,,,,,land,149613.89961389962,11.006953601457893,106.49334138717569,33.720658610315034,,,,,
1UJPY6,"Thửa 824 - Tờ 32 đường 716, Xã Trung Lập Thượng, H.Củ Chi, TP.HCM",6500000.0,6.63,Đất,22m,43.41m,,,,,,,,land,980392.1568627451,11.005819114194557,106.49148792661394,33.76311741815137,,,,,
ACZGBY,"Thửa 972 - tờ 47 Thạnh Lộc 15, P.An Phú Đông, Q.12, TP.HCM",3800000.0,54.2,Đất,4m,17.56m,Tây Bắc,,,,,,,land,70110.70110701106,10.776046119036856,106.68899003265948,1.1731528852605921,,,,,
85DZU3,"Thửa 636 - tờ 86 Thạnh Xuân 24, P.Thới An, Q.12, TP.HCM",3750000.0,71.42,Đất,4.04m,13.18m,Tây Bắc,,,,,,,land,52506.30075609073,10.78816335427567,106.71574351537981,2.0496053321297114,,,,,
UYK8GS,"198/12/40 Thạnh Lộc 15, P.Thạnh Lộc, Q.12, TP.HCM",3950000.0,48.46,Đất,4m,22.59m,Đông Nam,,,,,,,land,81510.52414362361,10.78873510421088,106.70615538420893,1.26004430632438,,,,,
3DSJJQ,"Trần Thị Dương, Dĩ An, Dĩ An, TP.HCM",9600000.0,25.73,Đất,9.9m,,,,,,,,,land,373105.32452390203,10.825346302672767,106.70233422087351,5.052639144297004,,,,,
KR60QC,"Thửa 563 - tờ 11 Thạnh Lộc 37, P.Thạnh Lộc, Q.12, TP.HCM",7600000.0,52.85,Đất,5.76m,24.11m,Tây Nam,,,,,,,land,143803.21665089877,10.762966204312079,106.69272459614267,1.9840094192836897,,,,,
JZJDP0,"Thửa 505 - tờ 19 Ba Sa, Xã Trung Lập Hạ, H.Củ Chi, TP.HCM",2550000.0,8.23,Đất,5m,39.41m,Đông Nam,,,,,,,land,309842.04131227214,11.007461809741114,106.50100932321398,33.210103413438276,,,,,
PNBTRG,"Nguyễn Du, P.7, Q.Gò Vấp, TP.HCM",4900000.0,124.61,Đất,4m,6.76m,Tây,,,,,,,land,39322.68678276222,10.824516877935213,106.66177973140655,6.408994502136487,,,,,
UYP7RS,"Thửa 856 - tờ 28 Thạnh Xuân 25, P.Thạnh Xuân, Q.12, TP.HCM",5200000.0,38.29,Đất,4.8m,29.31m,Tây Nam,,,,,,,land,135805.6933925307,10.769280653260305,106.68868779320906,1.621419925641103,,,,,
PN8N6G,"MPN 141/52/13 Thạnh Lộc 19, P.Thạnh Lộc, Q.12, TP.HCM",3650000.0,69.25,Đất,7.1m,7.87m,Đông Nam,,,,,,,land,52707.58122743682,10.786552408230005,106.68800197835678,1.4193283605355815,,,,,
QA7HMU,"Thửa 858 - Tờ 13 Thạnh Lộc 41, P.Thạnh Lộc, Q.12, TP.HCM",4200000.0,51.72,Đất,4m,19.92m,Tây Bắc,,,,,,,land,81206.49651972158,10.782097004733322,106.7154521216648,1.8143781123393128,,,,,
W0H6PR,"An Phú Đông 9, P.An Phú Đông, Q.12, TP.HCM",70000000.0,79.83,Đất,24.83m,38.86m,,,,,,,,land,876863.3345859953,10.767025776041773,106.69306576390376,1.5547008960074198,,,,,
KJXTBC,"3 Hẻm, P.17, Q.Gò Vấp, TP.HCM",8700000.0,76.65,Đất,,,Đông Nam,,,,,,,land,113502.93542074363,10.816189241312271,106.66249072267716,5.672846014443504,,,,,
GVB562,"21E Đặng Công Bỉnh, Xã Xuân Thới Sơn, H.Hóc Môn, TP.HCM",20000000.0,22.82,Đất,16.193m,54.281m,Tây Bắc,,,,,,,land,876424.1893076248,10.876478445509537,106.58737878908741,16.231223476370683,,,,,
1U5JJ6,"Thửa 594 - tờ 5 Sông Lu, Xã Hòa Phú, H.Củ Chi, TP.HCM",4500000.0,26.96,Đất,5m,34.26m,Tây Nam,,,,,,,land,166913.9465875371,11.021529962098011,106.49816505985181,34.601310059535656,,,,,
6YQWB8,"23 Xóm Ga, Dĩ An, Dĩ An, TP.HCM",4099999.999999999,41.0,Đất,4m,,,,,,,,,land,99999.99999999997,10.770793633155947,106.72790885568615,3.3115622513996974,,,,,
SHSTJ5,"Thửa 634 - tờ 196 Ba Sa, Xã Tân An Hội, H.Củ Chi, TP.HCM",2350000.0,22.08,Đất,5m,24.19m,Tây,,,,,,,land,106431.15942028987,11.019015732305094,106.49152820957997,34.854709688886906,,,,,
UD9WBS,"Thửa 1647 - tờ 9 Thạnh Xuân 52, P.Thạnh Xuân, Q.12, TP.HCM",5500000.0,31.95,Đất,5.13m,34.65m,Đông Bắc,,,,,,,land,172143.97496087637,10.782659076221455,106.69621967540975,0.4420424576087081,,,,,
3YMR9Q,"Lê Hồng Phong, Tân Bình, Dĩ An, TP.HCM",3200000.0,45.71,Đất,4.4m,16m,Tây Bắc,,,,,,,land,70006.56311529205,10.812980413336538,106.64728166518852,6.7459354343799145,,,,,
Q5P69U,"Thửa 880 - Tờ 11 Thạnh Lộc 39, P.Thạnh Lộc, Q.12, TP.HCM",5450000.0,59.69,Đất,4m,22.9m,Tây Bắc,,,,,,,land,91305.07622717373,10.77378842509908,106.69359498006216,0.8905305612015716,,,,,
768XA8,"Trần Quốc Hoàn, P.13, Q.Tân Bình, TP.HCM",23000000.0,209.09,Đất,5m,22m,Bắc,,,,,,,land,110000.47826294896,10.802885933780003,106.64543334504573,6.394087153676772,,,,,
C0UEZB,"Thửa 916 - tờ 62 Thạnh Xuân 43, P.Thạnh Xuân, Q.12, TP.HCM",3550000.0,57.53,Đất,4.1m,15.49m,Tây Bắc,,,,,,,land,61706.93551190683,10.771957116508217,106.71674731512694,2.122585843985271,,,,,
UKN54S,"Thửa 915 - tờ 62 Thạnh Xuân 43, P.Thạnh Xuân, Q.12, TP.HCM",3550000.0,57.62,Đất,4.1m,15.47m,Tây Bắc,,,,,,,land,61610.55189170427,10.770354648421222,106.6935606049772,1.202357802502523,,,,,
6AG3Y8,"Thửa 914 - tờ 62 Thạnh Xuân 43, P.Thạnh Xuân, Q.12, TP.HCM",3480000.0,56.58,Đất,4.1m,15.43m,Tây Bắc,,,,,,,land,61505.83244962885,10.784754560448325,106.68721105112756,1.4044305158622958,,,,,
7C2J6A,"Thửa 1646 - tờ 9 Thạnh Xuân 52, P.Thạnh Xuân, Q.12, TP.HCM",5500000.0,31.51,Đất,5.05m,35.23m,Đông Bắc,,,,,,,land,174547.76261504283,10.777284906435899,106.69530695516471,0.49203269919881726,,,,,
CFKVMB,"Thửa 643-4 - Tờ 4 đường số 1, P.11, Q.6, TP.HCM",6500000.0,90.27,Đất,4m,18m,Tây,,,,,,,land,72006.20361138806,10.738306338571823,106.6500277259816,7.055059990018538,,,,,
GNUYD2,"Thửa 1612 - tờ 12 Thạnh Lộc 42, P.An Phú Đông, Q.12, TP.HCM",5500000.0,53.86,Đất,4.51m,16m,Tây Bắc,,,,,,,land,102116.59858893427,10.78558188598055,106.71569949748694,1.9327720105147934,,,,,
ACX6JY,"Thửa 733 - tờ 110 Thạnh Xuân 14, P.Thới An, Q.12, TP.HCM",3750000.0,70.35,Đất,4m,13.36m,Tây Bắc,,,,,,,land,53304.904051172714,10.78890920045681,106.69231697488588,1.247916487272358,,,,,
6S7N48,"Thửa 730 - tờ 34 Cầu Dây, Xã Hòa Phú, H.Củ Chi, TP.HCM",2350000.0,20.43,Đất,5m,23.32m,Tây Nam,,,,,,,land,115026.92119432207,11.002547766745042,106.51329450332855,31.92939186292924,,,,,
JZW9U0,"Thửa 1107 - tờ 60 Thạnh Xuân 52, P.Thới An, Q.12, TP.HCM",3750000.0,49.4,Đất,8.55m,8.89m,Đông Bắc,,,,,,,land,75910.93117408907,10.762798463713162,106.70377713829811,1.9494059682174836,,,,,
KFPMJC,"Thửa 852 - tờ 19 Hiệp Thành 17, P.Hiệp Thành, Q.12, TP.HCM",6900000.0,65.96,Đất,4.02m,26.39m,Đông,,,,,,,land,104608.85385081869,10.762344573067537,106.6942206301357,1.9995073498697986,,,,,
37HJ7Q,"Thửa 856 - tờ 14 Thạnh Xuân 46, P.Thạnh Xuân, Q.12, TP.HCM",6500000.0,47.03,Đất,5m,27.77m,Tây Nam,,,,,,,land,138209.6534127153,10.761977771483714,106.7127699025076,2.4776350093679795,,,,,
2MVPSZ,"Thửa 534 - tờ 63 Thạnh Xuân 21, P.Thạnh Xuân, Q.12, TP.HCM",3750000.0,43.85,Đất,8.71m,14.82m,Tây Bắc,,,,,,,land,85518.8141391106,10.762729759150611,106.70303254055044,1.9367064316822706,,,,,
UYD1GS,"Thửa 562 - tờ 10 Thạnh Lộc 29, P.Thạnh Lộc, Q.12, TP.HCM",5350000.0,87.99,Đất,4m,15.37m,,,,,,,,land,60802.36390498921,10.768002557980918,106.70556375880973,1.4864496742277395,,,,,
1UQ8U6,"Thửa 1544 - Tờ 25 Thạnh Lộc 29, P.Thạnh Lộc, Q.12, TP.HCM",7300000.0,67.28,Đất,6.1m,17.88m,Đông Nam,,,,,,,land,108501.78359096314,10.762714584047888,106.70373399106727,1.957103957300743,,,,,
K4G4UC,"168/45 Nguyễn Cư Trinh, P.Nguyễn Cư Trinh, Q.1, TP.HCM",19000000.0,270.9,Đất,6.02m,9.96m,Đông,,,,,,,land,70136.58176448874,10.7756340252724,106.6893295491466,1.1558194083332696,,,,,
8UEUA3,"Thửa 1732 - Tờ 12 đường TL 41, Thạnh Lộc, Q.12, TP.HCM",7160000.0,71.45,Đất,8.9m,12m,Đông Nam,,,,,,,land,100209.93701889433,10.779434977466144,106.70042140118201,0.1572347481632769,,,,,
E0EU94,"Thửa 624 - tờ 46 đường 490, Xã Phạm Văn Cội, H.Củ Chi, TP.HCM",2100000.0,9.34,Đất,5.33m,40.93m,Tây Bắc,,,,,,,land,224839.40042826554,11.01622089158625,106.49561862505587,34.32930015516333,,,,,
GMTUF2,"Thửa 991 - tờ 41 Bàu Trâm, Xã Trung An, H.Củ Chi, TP.HCM",3250000.0,27.42,Đất,5m,23.97m,Bắc,,,,,,,land,118526.62290299051,11.002377517951723,106.50582637856667,32.440458217701085,,,,,
DEZAVH,"Thửa 603 - tờ 72 Thạnh Xuân 25, P.Thới An, Q.12, TP.HCM",4850000.0,71.63,Đất,4m,17.01m,Tây,,,,,,,land,67709.06044953232,10.760820523091684,106.7066389357952,2.2568438101567345,,,,,
DERQ6H,"Thửa 608 - Tờ 41, 379/84A Thống Nhất, P.11, Q.Gò Vấp, TP.HCM",3950000.0,105.33,Đất,3m,12.76m,Tây,,,,,,,land,37501.186746416024,10.840383246906365,106.66440388978408,7.698479672926241,,,,,
UYA74S,"Thửa 694 - Tờ 61 An Phú Đông 9, P.An Phú Đông, Q.12, TP.HCM",7500000.0,128.42,Đất,4m,14.76m,,,,,,,,land,58402.11805014796,10.768608796346596,106.69905767943409,1.2362386740598996,,,,,
C4ZZDB,"Thửa 817 - Tờ 40 đường TL 03, Thạnh Lộc, Q.12, TP.HCM",6300000.0,28.71,Đất,5.47m,28.73m,Đông Bắc,,,,,,,land,219435.736677116,10.768983083391461,106.69223755527018,1.406835162057399,,,,,
1UMRN6,"Thửa 692 - Tờ 7 Bưng Tràm, Xã Tân Thạnh Tây, H.Củ Chi, TP.HCM",3600000.0,3.5,Đất,16.2m,64m,Đông Nam,,,,,,,land,1028571.4285714285,11.010932473785488,106.49452183422626,33.96470545808619,,,,,
CWGVRB,"Thửa 686 - tờ 110 Tô Ký, Xã Bà Điểm, H.Hóc Môn, TP.HCM",4500000.0,42.25,Đất,5.65m,18.94m,Đông Bắc,,,,,,,land,106508.87573964497,10.885520269918334,106.59794905031431,16.09211381727091,,,,,
QAKW1U,"Thửa 710 - tờ 78 Trần Quang Cơ, P.Tân Thới Hiệp, Q.12, TP.HCM",6600000.0,87.64,Đất,4.04m,18.5m,Tây Nam,,,,,,,land,75308.07850296669,10.766533987437805,106.69912005924034,1.46576991901109,,,,,
CW61HB,"Thửa 503 - tờ 51 Thạnh Xuân 21, P.Thạnh Xuân, Q.12, TP.HCM",4300000.0,64.37,Đất,4m,16.7m,Tây Nam,,,,,,,land,66801.30495572471,10.778253224397805,106.69674044233412,0.30216064747738813,,,,,
7KRNCA,"88/89/17A (Thửa 356-7 - Tờ 2A) Nguyễn Văn Quỳ, P.Phú Thuận, Q.7, TP.HCM",5500000.0,55.0,Đất,5m,20m,Tây,,,,,,,land,100000.0,10.733495387783535,106.73726281314653,6.611030123865242,,,,,
QYH9ZU,"Thửa 813 - tờ 32 Suối Lội, Xã Tân Thông Hội, H.Củ Chi, TP.HCM",2900000.0,29.0,Đất,5m,20.07m,Tây,,,,,,,land,100000.0,10.995432719946182,106.49203976426627,32.880108318589215,,,,,
878PH3,"Thửa 639 - tờ 8 Ba Sa, Xã Phước Hiệp, H.Củ Chi, TP.HCM",2500000.0,16.73,Đất,10.38m,15.84m,Tây,,,,,,,land,149432.15780035863,11.012172784414808,106.50766800481527,33.14262416156267,,,,,
ABA2QY,"Thửa 594 - tờ 3 Nguyễn Văn Khạ, Xã Tân An Hội, H.Củ Chi, TP.HCM",1980000.0,9.58,Đất,5.91m,42.44m,Nam,,,,,,,land,206680.58455114823,11.008112758377454,106.50983322828024,32.64512545078802,,,,,
SHQWE5,"Thửa 770 - tờ 2 Hà Huy Giáp, P.Thạnh Lộc, Q.12, TP.HCM",4650000.0,48.38,Đất,5m,19.47m,Nam,,,,,,,land,96114.09673418768,10.777316912305281,106.69579722101486,0.44652343029696484,,,,,
852KA3,"Thửa 443 - Tờ 80 Cá Súc, Xã Bình Khánh, H.Cần Giờ, TP.HCM",4200000.0,3.81,Đất,35.9m,30m,,,,,,,,land,1102362.2047244094,10.41263025031043,106.9164138992487,47.06630105400324,,,,,
J2A240,"Thửa 961 - Tờ 202, hẻm 55 Tây Lân, P.Tân Tạo, Q.Bình Tân, TP.HCM",9000000.0,61.3,Đất,10.7m,17.68m,Tây Bắc,,,,,,,land,146818.9233278956,10.766954619462256,106.6137318989721,9.436186193249858,,,,,
RGXRBJ,"Thửa 214 - Tờ 8 đường 130, Xã Tân Thạnh Đông, H.Củ Chi, TP.HCM",3500000.0,18.81,Đất,8.54m,23.33m,Tây Bắc,,,,,,,land,186071.23870281767,10.995212981795653,106.503517743109,32.011289893679695,,,,,
85Y6K3,"Thửa 484 - Tờ 67 đường Bình Thành, P.Bình Hưng Hòa, Q.Bình Tân, TP.HCM",4050000.0,54.65,Đất,4.6m,16.17m,,,,,,,,land,74107.95974382434,10.780186692936047,106.60789406212098,9.96721761317068,,,,,
7KXNQA,"Thửa 89 - tờ 11 Nguyễn Thị My, Xã Trung An, H.Củ Chi, TP.HCM",2800000.0,11.22,Đất,8.11m,35.77m,Nam,,,,,,,land,249554.367201426,10.998482279975974,106.50449569030017,32.21062165502228,,,,,
Y4XB9D,"Thửa 642 - tờ 10 Lê Văn Khương, P.Hiệp Thành, Q.12, TP.HCM",6900000.0,29.65,Đất,4.62m,33.2m,Đông,,,,,,,land,232715.0084317032,10.76428912942186,106.69419970030847,1.7935483890924904,,,,,
5H13H7,"Thửa 1755 - tờ 14 Thạnh Lộc 37, P.Thạnh Lộc, Q.12, TP.HCM",8900000.0,25.5,Đất,7.47m,30.82m,Đông Nam,,,,,,,land,349019.60784313723,10.780890987958378,106.69683285536757,0.2694506885012526,,,,,
SDH8J5,"17/17 đường 182, P.Tăng Nhơn Phú A, TP.Thủ Đức, TP.HCM",7000000.0,43.67,Đất,8.435m,45.598m,Đông Nam,,,,,,,land,160293.10739638194,10.859513977237182,106.76110207126395,11.128951132978651,,,,,
SDH6R5,"Thạnh xuân 25, P.Thạnh Xuân, Q.12, TP.HCM",4550000.0,84.41,Đất,4.11m,13.26m,,,,,,,,land,53903.56592820756,10.769767713173287,106.70625021329653,1.3607672690198058,,,,,
1UJFQ6,"Thửa 1207 - Tờ 94 đường số 6, Long Bình, Q.9, TP.HCM",3200000.0,62.99,Đất,4m,12.7m,Đông,,,,,,,land,50801.714557866326,10.85364314953858,106.8153185888485,15.115011119876742,,,,,
WPT9VR,"Thửa 1050 - tờ 74 Thạnh Xuân 25, P.Thới An, Q.12, TP.HCM",12500000.0,35.76,Đất,4.84m,32.14m,Đông Bắc,,,,,,,land,349552.57270693517,10.769502293848591,106.69203048111271,1.370909512682931,,,,,
3DRKTQ,"77 Số 1A, P.An Lạc, Q.Bình Tân, TP.HCM",9790000.0,110.79,Đất,,,Đông Nam,,,,,,,land,88365.37593645636,10.772206423761881,106.59910147910372,10.960990950868334,,,,,
UAU29S,"276/29/57 Mã Lò, P.Bình Trị Đông A, Q.Bình Tân, TP.HCM",5350000.0,95.53,Đất,4m,14m,Đông,,,,,,,land,56003.34973306814,10.758586097298705,106.59153243082172,11.988530289201243,,,,,
657D78,"Thửa 1733 - Tờ 22 Thạnh Lộc 31, P.Thạnh Lộc, Q.12, TP.HCM",8800000.0,45.76,Đất,5.1m,39m,,,,,,,,land,192307.6923076923,10.775977758036289,106.70657586838986,0.9267150002069252,,,,,
DE1P7H,"Thửa 731 - Tờ 158 đường 1A, Xã Vĩnh Lộc B, H.Bình Chánh, TP.HCM",5530000.0,34.07,Đất,8m,18.95m,Đông Nam,,,,,,,land,162312.88523627826,10.695915637080097,106.58016233725947,15.972229912409269,,,,,
YBT26D,"Thửa 653 - Tờ 29 Võ Thị Liễu, P.An Phú Đông, Q.12, TP.HCM",4800000.0,86.33,Đất,4m,13.9m,,,,,,,,land,55600.602339858684,10.783906645377602,106.70772264138705,1.0545512080899666,,,,,
400RPF,"Thửa 808 - tờ 45 Hiệp Thành 44, P.Hiệp Thành, Q.12, TP.HCM",4380000.0,42.6,Đất,4.9m,22.64m,Tây Bắc,,,,,,,land,102816.9014084507,10.780048610051562,106.70339238279836,0.47821286483490155,,,,,
QYQT5U,"Thửa 638 - tờ 151 Phạm Thị Điệp, Xã Thái Mỹ, H.Củ Chi, TP.HCM",1250000.0,10.37,Đất,6m,22.64m,Đông Nam,,,,,,,land,120540.0192864031,11.015955319890022,106.50881449833106,33.38989174143868,,,,,
5KG5G7,"Thửa 1221+1222 - tờ 38 đường Trường Lưu, Long Trường, Q.9, TP.HCM",3500000.0,50.0,Đất,5.71m,12.37m,Nam,,,,,,,land,70000.0,10.834583185805776,106.84335463827753,16.9071646182828,,,,,
37427Q,"Thửa 1358 - Tờ 33 Giồng Cát, Xã Tân Phú Trung, H.Củ Chi, TP.HCM",2850000.0,19.52,Đất,5m,29.37m,Đông Nam,,,,,,,land,146004.09836065574,10.802822139116195,106.6378855802701,7.155848745219591,,,,,
WPGVDR,"Thửa 431 - Tờ 192, 55-57 Bình Long, P.Bình Trị Đông, Q.Bình Tân, TP.HCM",21000000.0,251.49,Đất,14.43m,15.88m,Đông,,,,,,,land,83502.32613622808,10.760675918260269,106.61628947352479,9.2928041295489,,,,,
P15V3G,"Hẻm 47  (Thửa 707 - Tờ 37) Nguyễn Duy Trinh, Long Trường, Q.9, TP.HCM",3400000.0,50.14,Đất,4.5m,15.5m,Đông Bắc,,,,,,,land,67810.13163143198,10.852047857296569,106.81428809340768,14.925108133251962,,,,,
EJPC94,"Thửa 1128 - 57 Thạnh Lộc 14, P.An Phú Đông, Q.12, TP.HCM",3900000.0,78.0,Đất,4.08m,12.49m,Tây Nam,,,,,,,land,50000.0,10.76358871835922,106.69090817489177,1.9995541991842358,,,,,
UYAC9S,"Thửa 840 - tờ 12 Thạnh Xuân 51, P.Thạnh Xuân, Q.12, TP.HCM",2750000.0,49.81,Đất,4.5m,12.63m,Tây Bắc,,,,,,,land,55209.79722947199,10.772101185763443,106.71226925313451,1.6791738643220475,,,,,
1UA2P6,"Thửa 697 - tờ 55 Đông Thạnh 7, Xã Đông Thạnh, H.Hóc Môn, TP.HCM",5000000.0,27.35,Đất,5m,36.67m,Bắc,,,,,,,land,182815.35648994514,10.877652625753194,106.60754136910377,14.74016765438374,,,,,
PNAFEG,"Thửa 942 - tờ 67 Hà Huy Giáp, P.Thới An, Q.12, TP.HCM",4550000.0,43.4,Đất,4.08m,26.55m,Bắc,,,,,,,land,104838.70967741936,10.789424769246704,106.6965208199468,1.1009770467991498,,,,,
WPQHHR,"Thửa 941 - tờ 67 Hà Huy Giáp, P.Thới An, Q.12, TP.HCM",4550000.0,42.31,Đất,4.07m,27.23m,Bắc,,,,,,,land,107539.58874970456,10.781588045220587,106.6922452998749,0.7681500994283789,,,,,
RGUK1J,"Thửa 945 - tờ 67 Hà Huy Giáp, P.Thới An, Q.12, TP.HCM",4500000.0,46.58,Đất,4.08m,24.49m,Bắc,,,,,,,land,96607.98626019752,10.775267855987483,106.7037496564135,0.7185581873848912,,,,,
0G3819,"đường Trần Thị Trọng, P.15, Q.Tân Bình, TP.HCM",6100000.0,92.7,Đất,4m,16.68m,Đông Nam,,,,,,,land,65803.66774541531,10.810402599368397,106.64066037370554,7.226016816520278,,,,,
7EPZUA,"59/26/98 Huỳnh Tịnh Của, P.8, Q.3, TP.HCM",14800000.0,162.63,Đất,,,Đông Nam,,,,,,,land,91004.1197810982,10.79390212868477,106.684839767854,2.201404906063636,,,,,
JZ8YA0,"Thửa 1754 - tờ 9 Thạnh Xuân 52, P.Thạnh Xuân, Q.12, TP.HCM",5900000.0,40.94,Đất,5.16m,29.74m,Đông Bắc,,,,,,,land,144113.33659013192,10.785271459778304,106.69167156780935,1.0077686211267969,,,,,
D53YHF,"Thới An 15, P.Thới An, Q.12, TP.HCM",5500000.0,51.0,Đất,4m,25m,,,,,,,,land,107843.13725490196,10.787268677101498,106.71333865906784,1.7705370803163463,,,,,
WZANZR,"Thửa 1417 - Tờ 11 Thạnh Lộc 40, P.An Phú Đông, Q.12, TP.HCM",4590000.0,42.11,Đất,4m,28m,Đông,,,,,,,land,109000.23747328426,10.789888680715908,106.70385464668261,1.2359927539383184,,,,,
UA38ES,"Thửa 514 - Tờ 123 Hoàng Hữu Nam, Long Thạnh Mỹ, Q.9, TP.HCM",27500000.0,69.56,Đất,10.16m,39.55m,,,,,,,,land,395342.1506612996,10.828835996939961,106.81437139193174,13.73124427631347,,,,,
6U1W08,"Thửa 961 - Tờ 4 Hà Huy Giáp, P.Thạnh Lộc, Q.12, TP.HCM",18500000.0,66.54,Đất,8m,35m,Đông Bắc,,,,,,,land,278028.2536819958,10.76851246534625,106.70033813557022,1.2550961011654915,,,,,
UDUKHS,"Thửa 522 - tờ 1 Tỉnh Lộ 15, Xã Nhuận Đức, H.Củ Chi, TP.HCM",4500000.0,12.53,Đất,6.01m,60m,Đông Bắc,,,,,,,land,359138.06863527535,11.012386391970677,106.48938255272837,34.457044811816125,,,,,
85YN73,"Thửa 762 - tờ 81 Tô Ký 12, TT.Hóc Môn, H.Hóc Môn, TP.HCM",4600000.0,51.28,Đất,5m,18m,Đông Bắc,,,,,,,land,89703.58814352573,10.88431703064688,106.59404461624754,16.293596240849347,,,,,
SH7Y35,"Thửa 660 - tờ 63 Hẻm Hà Huy Giáp, P.Thới An, Q.12, TP.HCM",3600000.0,65.21,Đất,4m,13.8m,Đông Nam,,,,,,,land,55206.2567090937,10.771048191142457,106.71235081883806,1.7484585800915207,,,,,
JNUU30,"44 Khu Phố 1, P.Thạnh Lộc, Q.12, TP.HCM",5300000.0,45.06,Đất,,,Tây Bắc,,,,,,,land,117620.94984465156,10.772989041689709,106.69456858056566,0.8960800598377162,,,,,
5BPK37,"87 Bình Mỹ, Xã Bình Mỹ, H.Củ Chi, TP.HCM",1960000.0,17.65,Đất,,,Đông Nam,,,,,,,land,111048.15864022664,10.999886332804282,106.48927098032635,33.44593644906119,,,,,
7C7XTA,"Thửa 637 - tờ 15 Tỉnh Lộ 15, Xã Phú Hòa Đông, H.Củ Chi, TP.HCM",1250000.0,14.58,Đất,5m,19.59m,Nam,,,,,,,land,85733.88203017833,11.013346504375031,106.51687388468501,32.61941065168327,,,,,
9NQHFP,"Thửa 728 - tờ 19 Nguyễn Thị Lắng, Xã Phước Vĩnh An, H.Củ Chi, TP.HCM",3250000.0,16.61,Đất,5.31m,40.02m,Đông Bắc,,,,,,,land,195665.26189042747,11.008813970743562,106.49710416359537,33.60256283345452,,,,,
6S7TE8,"Thửa 44 - Tờ 134 Nguyễn Văn Tiệp, Xã An Phú, H.Củ Chi, TP.HCM",1500000.0,6.35,Đất,8.3m,31.15m,Tây Bắc,,,,,,,land,236220.4724409449,11.007051302087646,106.4942798982907,33.66039063450788,,,,,
2V2YVZ,"Thửa 637 - tờ 30 Tỉnh Lộ 2, Xã Trung Lập Thượng, H.Củ Chi, TP.HCM",1780000.0,3.32,Đất,10m,55.14m,Tây Nam,,,,,,,land,536144.578313253,11.00461729319351,106.50109614199886,32.96597263282399,,,,,
PXPVEG,"Thửa 591 - tờ 12 Tỉnh Lộ 9, Xã Bình Mỹ, H.Củ Chi, TP.HCM",2100000.0,17.05,Đất,4.9m,22.7m,Bắc,,,,,,,land,123167.15542521994,10.992712865791248,106.50069242959442,32.01442510446951,,,,,
407TKF,"Thửa 347 - tờ 22 Đông Thạnh 3, Xã Đông Thạnh, H.Hóc Môn, TP.HCM",2650000.0,41.14,Đất,4m,16.11m,Tây Bắc,,,,,,,land,64414.19543023821,10.888391029840836,106.6000697388529,16.168218872317052,,,,,
KF6UFC,"Thửa 308 - tờ 129 Xuân Thới 2, Xã Xuân Thới Sơn, H.Hóc Môn, TP.HCM",2600000.0,38.8,Đất,3.99m,18.38m,Đông,,,,,,,land,67010.30927835053,10.875431718216275,106.58640602414444,16.235717066544535,,,,,
WP2P8R,"Thửa 723 - tờ 16 Lê Thị Bay, Xã Tân Thạnh Đông, H.Củ Chi, TP.HCM",2100000.0,12.92,Đất,5m,32.57m,Tây Nam,,,,,,,land,162538.69969040249,11.011614823015142,106.513744026098,32.6789349767875,,,,,
1Q4MR6,"Thửa 815 - tờ 52 Đường Tân Hiệp 30, Xã Tân Hiệp, H.Hóc Môn, TP.HCM",3350000.0,28.12,Đất,5.03m,22.72m,Đông Bắc,,,,,,,land,119132.29018492176,10.87823172117034,106.60781213391711,14.767254276996868,,,,,
6UJPM8,"64 Hoàng Hữu Nam, Long Thạnh Mỹ, Q.9, TP.HCM",55000000.0,119.04,Đất,11.78m,40.54m,Tây,,,,,,,land,462029.5698924731,10.857271054438254,106.84113646962719,17.747026540048846,,,,,
PXH6XG,"Thửa 940 - tờ 67 Thạnh Xuân 25, P.Thới An, Q.12, TP.HCM",4450000.0,47.18,Đất,4.07m,23.92m,Bắc,,,,,,,land,94319.62696057651,10.761288543830506,106.68959974819556,2.2911221939674986,,,,,
YEZ3KD,"Thửa 724 - tờ 64 Tân Hiệp 16, Xã Tân Hiệp, H.Hóc Môn, TP.HCM",3500000.0,24.92,Đất,5m,28.27m,Đông Nam,,,,,,,land,140449.43820224717,10.891468870730366,106.60645103023406,15.9715896992935,,,,,
SY9QK5,"4347 Nguyễn Cửu Phú, P.Tân Tạo A, Q.Bình Tân, TP.HCM",29500000.0,52.75,Đất,13.25m,51.02m,Đông Nam,,,,,,,land,559241.7061611374,10.762863704667318,106.61683463179816,9.182352748613733,,,,,
QA651U,"Mã Lò, P.Bình Trị Đông A, Q.Bình Tân, TP.HCM",6200000.0,57.4,Đất,4.52m,23.78m,Đông Nam,,,,,,,land,108013.93728222996,10.75149330776097,106.5986293202322,11.418123935605902,,,,,
PN7A7G,"Thửa 682 - Tờ 25 hẻm đường số 120, Xã Tân Thạnh Đông, H.Củ Chi, TP.HCM",700.0,5.07,Đất,4m,34.74m,Tây Bắc,,,,,,,land,138.0670611439842,11.020686656785804,106.50502080439337,34.05755429894643,,,,,
6S7YM8,"Thửa 711 - tờ 45 Tỉnh Lộ 8, Xã Trung An, H.Củ Chi, TP.HCM",1950000.0,7.23,Đất,7m,38.85m,Tây,,,,,,,land,269709.5435684647,11.01607639023378,106.49914116360773,34.068842805552805,,,,,
2M16BZ,"Thửa 735 - tờ 6 Võ Thị Hết, Xã Hòa Phú, H.Củ Chi, TP.HCM",2350000.0,19.83,Đất,5.01m,23.99m,Đông Nam,,,,,,,land,118507.3121533031,11.007518315944475,106.4922095866157,33.8497450991489,,,,,
KF4PJC,"Thửa 534 - tờ 33 Đổ Đăng Tuyển, Xã An Nhơn Tây, H.Củ Chi, TP.HCM",2300000.0,16.49,Đất,5m,27.88m,Đông Bắc,,,,,,,land,139478.4718010916,10.995146397487876,106.51398469141651,31.253177958184434,,,,,
92AQ8P,"23B Linh Đông, Linh Đông, TP.Thủ Đức, TP.HCM",22600000.0,0.06,Đất,9.39m,23.27m,Đông Nam,,,,,,,land,376666666.6666667,10.84946484906129,106.76831617791888,10.80820338663021,,,,,
7EUFJA,"221/43T Đông Thạnh 4-2, Xã Đông Thạnh, H.Hóc Môn, TP.HCM",3150000.0,40.59,Đất,4m,19.61m,Đông Nam,,,,,,,land,77605.32150776053,10.888382612775047,106.60590831786988,15.747367363938173,,,,,
85AXH3,"Thửa 688 - tờ 23 Tỉnh Lộ 8, Xã Tân Thạnh Tây, H.Củ Chi, TP.HCM",2750000.0,11.42,Đất,5m,48.26m,Đông Nam,,,,,,,land,240805.60420315235,10.992227284989518,106.49739466676122,32.220533868402086,,,,,
5DH5U7,"274/12A Nguyễn Văn Đậu, P.11, Q.Bình Thạnh, TP.HCM",11600000.0,146.83,Đất,4.38m,17.24m,Đông Bắc,,,,,,,land,79002.92855683443,10.814230678516612,106.71305018909896,4.107167211066202,,,,,
JXTFZ0,"148 Đỗ Tấn Phong, Tân Đông Hiệp, Dĩ An, TP.HCM",3750000.0,42.61,Đất,5m,18m,,,,,,,,land,88007.50997418446,10.790330545159986,106.68099341046499,2.291486768405609,,,,,
6AFEU8,"35 Hẻm 75, P.15, Q.Tân Bình, TP.HCM",9300000.0,115.24,Đất,,,Đông Bắc,,,,,,,land,80701.14543561263,10.812329007175133,106.65703488426006,5.835165170073523,,,,,
E073N4,"Thửa 595 - tờ 147 Trương Thị Như, Xã Bà Điểm, H.Hóc Môn, TP.HCM",3490000.0,36.44,Đất,5.03m,19.26m,Nam,,,,,,,land,95773.87486278816,10.870931212245189,106.60169410403014,14.66058626167334,,,,,
40SX4F,"Thửa 574 - tờ 18 đường số 464, Xã Trung An, H.Củ Chi, TP.HCM",3500000.0,10.77,Đất,10m,32.67m,Tây Bắc,,,,,,,land,324976.78737233055,11.004177971738596,106.5053650798157,32.624538892712586,,,,,
UY5VTS,"Thửa 701 - Tờ 8 Sông Lu, Xã Hòa Phú, H.Củ Chi, TP.HCM",1490000.0,14.75,Đất,5m,20.26m,Đông Bắc,,,,,,,land,101016.94915254238,11.011240421092984,106.51114746559732,32.82334436928304,,,,,
UY5NGS,"Thửa 568 - Tờ 39 Phạm Thị Lòng, Xã Trung An, H.Củ Chi, TP.HCM",5000000.0,20.6,Đất,6m,40.56m,Bắc,,,,,,,land,242718.44660194175,11.011532076400531,106.51217921358452,32.778094641680475,,,,,
7KQRBA,"Thửa 566 - Tờ 64 hẻm đường 148, Xã Bình Mỹ, H.Củ Chi, TP.HCM",1800000.0,11.69,Đất,7m,22.01m,Tây Nam,,,,,,,land,153977.75876817794,11.006166509580579,106.5037117510993,32.909146646384144,,,,,
37F8RQ,"Thửa 828 - tờ 62 Nguyễn Thị Sáng, Xã Đông Thạnh, H.Hóc Môn, TP.HCM",6800000.0,22.22,Đất,8.01m,38.28m,Đông Nam,,,,,,,land,306030.60306030605,10.87920388241731,106.59597234328317,15.745750303197923,,,,,
0Z8ZT9,"MP Thửa 355 - tờ 128 Trần Thị Bốc, Xã Đông Thạnh, H.Hóc Môn, TP.HCM",5500000.0,62.92,Đất,5m,17.59m,Tây Nam,,,,,,,land,87412.58741258741,10.885374665816677,106.57997448057142,17.48975671173707,,,,,
9TTUWP,"Thửa 667 - Tờ 116 Cây Trắc, Xã Phú Hòa Đông, H.Củ Chi, TP.HCM",1150000.0,11.27,Đất,5m,21.15m,Tây Bắc,,,,,,,land,102040.81632653062,10.995174088583772,106.5112073913437,31.452897949706728,,,,,
AKH02Y,"Thửa 1201 - Tờ 16 Tân Thới Hiệp 14, P.Tân Thới Hiệp, Q.12, TP.HCM",5000000.0,51.92,Đất,4.63m,21.91m,Tây Nam,,,,,,,land,96302.0030816641,10.761746567779122,106.69088344830519,2.1850982206445986,,,,,
KJNMWC,"115/11/2 Phạm Hữu Lầu, P.Phú Mỹ, Q.7, TP.HCM",8500000.0,91.39,Đất,,,Nam,,,,,,,land,93007.98774482985,10.742523421425153,106.72495655845779,5.003017389874192,,,,,
7EPVEA,"3a2 Hiệp Thành 17, P.Hiệp Thành, Q.12, TP.HCM",5100000.0,50.44,Đất,,,Tây Nam,,,,,,,land,101110.22997620936,10.766347619458154,106.71575349453708,2.3570052880291,,,,,
UHQEVS,"Thửa 580 - tờ 42 Đông Thạnh 5, Xã Đông Thạnh, H.Hóc Môn, TP.HCM",3200000.0,35.87,Đất,5.87m,15.24m,Tây Bắc,,,,,,,land,89211.03986618345,10.893569676954835,106.58906029450739,17.40698637695166,,,,,
6S2FN8,"Thửa 734 - Tờ 21 Nguyễn Thị Nói, Xã Trung An, H.Củ Chi, TP.HCM",2550000.0,17.11,Đất,5m,29.91m,Tây Bắc,,,,,,,land,149035.6516656926,11.006488234064461,106.50125839597895,33.110746926867854,,,,,
RGZMNJ,"Thửa 702 - tờ 4 Sông Lu 2, Xã Hòa Phú, H.Củ Chi, TP.HCM",2800000.0,18.75,Đất,7.05m,22.01m,Tây Nam,,,,,,,land,149333.33333333334,10.993377610644679,106.49233423575228,32.69335696449545,,,,,
37520Q,"Thửa 700 - Tờ 161 Tỉnh Lộ 2, Xã Phước Vĩnh An, H.Củ Chi, TP.HCM",4000000.0,28.07,Đất,5m,29.47m,Đông Bắc,,,,,,,land,142500.89063056643,11.01254455225536,106.49268621267926,34.231019758562915,,,,,
3752FQ,"Thửa 699 - Tờ 161 Tỉnh Lộ 2, Xã Phước Vĩnh An, H.Củ Chi, TP.HCM",4050000.0,27.05,Đất,5m,30.88m,Đông Bắc,,,,,,,land,149722.7356746765,11.021079530252495,106.49218223798658,34.98203058989879,,,,,
GXN6H2,"183/32/6 Nguyễn Hữu Cảnh, P.22, Q.Bình Thạnh, TP.HCM",4800000.0,135.59,Đất,3.59m,9.83m,,,,,,,,land,35400.84076996829,10.825211877216688,106.72103482573871,5.571425989590198,,,,,
DEKQ7H,"Thửa 601 - Tờ 20 Huỳnh Minh Mương, Xã Tân Thạnh Đông, H.Củ Chi, TP.HCM",2050000.0,13.39,Đất,6m,25.5m,Đông Nam,,,,,,,land,153099.3278566094,11.017702573595805,106.50561628378964,33.759170757519954,,,,,
K4K77C,"Thửa 842 - Tờ 40 đường số 112, Xã Tân Thạnh Đông, H.Củ Chi, TP.HCM",2200000.0,16.92,Đất,5m,26.58m,Tây Nam,,,,,,,land,130023.64066193852,11.008794212336447,106.50283837466085,33.19241169890079,,,,,
2N0F7Z,"Một phần nhà 38 đường số 6, P.Bình Hưng Hoà A, Q.Bình Tân, TP.HCM",8850000.0,63.53,Đất,4m,34.85m,Tây,,,,,,,land,139304.2657012435,10.759107831895474,106.60687626194033,10.335037576083087,,,,,
PMBC7G,"Nguyễn Duy Trinh, Trường Thạnh, Q.9, TP.HCM",3200000.0,32.0,Đất,5m,20m,Bắc,,,,,,,land,100000.0,10.84788733253695,106.83276486640779,16.450936623607898,,,,,
GMG0U2,"Thửa 693 - tờ 3 Đoàn Minh Triết, Xã Thái Mỹ, H.Củ Chi, TP.HCM",1830000.0,11.72,Đất,5m,31.51m,Tây,,,,,,,land,156143.3447098976,11.017317018182588,106.4872508491572,35.01969213760997,,,,,
UDK9NS,"Thửa 647 - tờ 26 Tỉnh Lộ 8, Xã Hòa Phú, H.Củ Chi, TP.HCM",2300000.0,18.18,Đất,5m,25.5m,Tây,,,,,,,land,126512.65126512651,11.009577843375105,106.502621372711,33.273898256677576,,,,,
EJUS64,"Thửa 567 - tờ 15 Bùi Thị Lành, Xã Trung An, H.Củ Chi, TP.HCM",3800000.0,13.99,Đất,9.01m,30.19m,Đông Nam,,,,,,,land,271622.5875625447,11.018368772156364,106.51202199131568,33.383228416839245,,,,,
9TU02P,"Thửa 569 - tờ 147 Trần Thị Bốc, Xã Đông Thạnh, H.Hóc Môn, TP.HCM",2360000.0,28.26,Đất,4m,21.11m,Tây Nam,,,,,,,land,83510.2618542109,10.878332786957563,106.59420057753488,15.818445442354333,,,,,
1UQ926,"Thửa 696 - Tờ 161 đường số 415, Xã Phước Vĩnh An, H.Củ Chi, TP.HCM",2100000.0,22.38,Đất,5.73m,18.16m,Tây Nam,,,,,,,land,93833.78016085792,10.992483700162312,106.49702743257131,32.26868395833091,,,,,
6SUP98,"Thửa 701 - Tờ 161 Tỉnh Lộ 2, Xã Phước Vĩnh An, H.Củ Chi, TP.HCM",3950000.0,27.03,Đất,5.3m,28.09m,Đông Bắc,,,,,,,land,146133.92526822048,11.003560771792586,106.50956902603929,32.27578229224107,,,,,
85QNC3,"Thửa 751 - Tờ 46 đường số 112, Xã Tân Thạnh Đông, H.Củ Chi, TP.HCM",2100000.0,17.45,Đất,5m,24.22m,Tây Nam,,,,,,,land,120343.83954154728,11.00354239622968,106.48888402521415,33.77013192729357,,,,,
RPRK4J,"Thửa 751 - Tờ 19 Nguyễn Thị Dưỡng, Xã Tân Thạnh Đông, H.Củ Chi, TP.HCM",1650000.0,0.01,Đất,5m,38.55m,Đông Nam,,,,,,,land,165000000.0,10.997423638392808,106.51119976027772,31.64229311338577,,,,,
5YMFZ7,"Thửa 644 - Tờ 6 Lò Lu, P.Trường Thạnh, TP.Thủ Đức, TP.HCM",4000000.0,28.81,Đất,7.09m,19.78m,Đông Nam,,,,,,,land,138840.68031933357,10.843371767592185,106.75943995519383,9.649648373748164,,,,,
WPVCWR,"Thửa 1109 - tờ 102 Quốc Lộ 1A, P.Thạnh Xuân, Q.12, TP.HCM",4700000.0,60.1,Đất,4.47m,15.89m,Đông Bắc,,,,,,,land,78202.99500831947,10.776577090815469,106.68776272767491,1.2821444561216226,,,,,
0Z8E49,"Thửa 599 - tờ 102 Quốc Lộ 1A, P.Thạnh Xuân, Q.12, TP.HCM",3600000.0,56.78,Đất,3.45m,20.54m,Đông,,,,,,,land,63402.60655160268,10.76461466145471,106.71675714993378,2.564316286635011,,,,,
4G61TF,"75/56/10 Lý Thánh Tông, P.Tân Thới Hòa, Q.Tân Phú, TP.HCM",6000000.0,67.45,Đất,,,Đông,,,,,,,land,88954.78131949592,10.79768073651287,106.63214069357852,7.578206901539143,,,,,
WG3DKR,"Thửa 598 - tờ 147 Trương Thị Như, Xã Bà Điểm, H.Hóc Môn, TP.HCM",3500000.0,36.8,Đất,5.03m,19.05m,Nam,,,,,,,land,95108.69565217392,10.893609666381545,106.58040459338505,18.0768493899804,,,,,
87H2Q3,"Thửa 1002 - Tờ 18 Võ Thị Hồi, Xã Xuân Thới Đông, H.Hóc Môn, TP.HCM",4850000.0,53.65,Đất,5m,18m,Nam,,,,,,,land,90400.74557315937,10.882430749947321,106.57969458264778,17.29712273803186,,,,,
85ZVN3,"Thửa 314 - tờ 25 Hẻm Tân Xuân 5, Xã Tân Xuân, H.Hóc Môn, TP.HCM",3000000.0,41.03,Đất,5.01m,14.67m,Đông Bắc,,,,,,,land,73117.231294175,10.872425385783338,106.597657488702,15.095805144981897,,,,,
KF6NAC,"Thửa 605 - Tờ 36 An Nhơn Tây, Xã An Nhơn Tây, H.Củ Chi, TP.HCM",1350000.0,13.59,Đất,7m,14.2m,Bắc,,,,,,,land,99337.74834437086,11.015119687859206,106.48807074395175,34.77825447004506,,,,,
J21HH0,"Thửa 560 - Tờ 14, hẻm 80 đường số 6, P.An Lạc A, Q.Bình Tân, TP.HCM",6500000.0,73.19,Đất,7.36m,23.53m,Tây Bắc,,,,,,,land,88809.94671403198,10.776807545347648,106.5921113924972,11.697936827530315,,,,,
2MQG8Z,"Thửa 655 - Tờ 71, 137/77/6D Phan Anh, P.Bình Trị Đông, Q.Bình Tân, TP.HCM",7200000.0,44.55,Đất,4m,42.16m,Đông,,,,,,,land,161616.16161616164,10.763554528409106,106.59198534297165,11.844194998051867,,,,,
85HU43,"Thửa 1600 - tờ 60 Huỳnh Thị Na, Xã Đông Thạnh, H.Hóc Môn, TP.HCM",3850000.0,28.2,Đất,8.11m,16.99m,Đông Bắc,,,,,,,land,136524.82269503546,10.881536106303729,106.60545873282614,15.210677245945803,,,,,
SDKCV5,"Thửa 1322 - Tờ 17 đường số 89, Xã Tân Phú Trung, H.Củ Chi, TP.HCM",1500000.0,17.38,Đất,5.5m,15.72m,Tây Bắc,,,,,,,land,86306.09896432681,10.792513773571804,106.61877755038101,8.8888543440351,,,,,
SDH075,"Thửa 706 - Tờ 44 đường số 114, Xã Tân Thạnh Đông, H.Củ Chi, TP.HCM",2500000.0,10.96,Đất,5.88m,38.71m,Đông Nam,,,,,,,land,228102.18978102188,11.01729501995308,106.5094230490619,33.46468190651553,,,,,
0204X9,"Thửa 915 - Tờ 24 Nguyễn Thị Dưỡng, Xã Tân Thạnh Đông, H.Củ Chi, TP.HCM",4800000.0,10.65,Đất,12.5m,36.53m,Tây Bắc,,,,,,,land,450704.22535211267,11.01464788515833,106.50751875697324,33.36559882466928,,,,,
3YAS8Q,"Thửa 590 - Tờ 9 Tỉnh Lộ 2, Xã Tân An Hội, H.Củ Chi, TP.HCM",3400000.0,17.67,Đất,5m,38.88m,Tây Nam,,,,,,,land,192416.52518392753,11.009601590240754,106.51330422966623,32.53450540227762,,,,,
3A3N2Q,"Thửa 638 - tờ 4 Tỉnh Lộ 7, Xã Trung Lập Hạ, H.Củ Chi, TP.HCM",1500000.0,12.77,Đất,7.51m,15.68m,Bắc,,,,,,,land,117462.80344557557,10.996796140237702,106.50904572709422,31.743121552447523,,,,,
J24XK0,"Một phần nhà số 1/4L đường số 18B, P.Bình Hưng Hòa, Q.Bình Tân, TP.HCM",7100000.0,77.85,Đất,4m,22.85m,Đông Nam,,,,,,,land,91201.02761721259,10.76564192076794,106.59524524382195,11.45806399879663,,,,,
J2H7N0,"Thửa 685 - Tờ 14 Nguyễn Văn Cự, P.Tân Tạo, Q.Bình Tân, TP.HCM",6500000.0,90.27,Đất,4m,22.42m,Đông Nam,,,,,,,land,72006.20361138806,10.766281822877252,106.61453866618803,9.360559396670231,,,,,
KF62SC,"Thửa 603 - Tờ 36 An Nhơn Tây, Xã An Nhơn Tây, H.Củ Chi, TP.HCM",1700000.0,11.82,Đất,8.98m,16.2m,Tây,,,,,,,land,143824.02707275804,10.999349176468883,106.50513995554523,32.236320465691556,,,,,
40VA3F,"Thửa 628 - Tờ 8 Ba Sa, Xã Tân An Hội, H.Củ Chi, TP.HCM",2500000.0,14.95,Đất,5m,36m,Tây,,,,,,,land,167224.08026755854,11.000160236351325,106.50208490894008,32.524090142701596,,,,,
SDJRX5,"Thửa 874 - Tờ 29 đường số 460, Xã Trung An, H.Củ Chi, TP.HCM",2200000.0,14.7,Đất,5m,30.22m,Đông Bắc,,,,,,,land,149659.86394557822,11.016955256650572,106.50928492479342,33.44455611818711,,,,,
37HWYQ,"Thửa 702 - Tờ 4 Nguyễn Thị Ngâu, Xã Thới Tam Thôn, H.Hóc Môn, TP.HCM",8500000.0,49.01,Đất,5.5m,32.21m,Đông Bắc,,,,,,,land,173433.99306264028,10.885634092235025,106.58056930828221,17.460621362737182,,,,,
EJFF14,"Thửa 1113 - Tờ 88 Rạch Nguyễn Thị Nhuần, P.An Phú Đông, Q.12, TP.HCM",5600000.0,69.22,Đất,4.16m,20.36m,Tây Nam,,,,,,,land,80901.47356255418,10.764181543035516,106.69717398774706,1.7378171023565216,,,,,
2N42JZ,"Vườn Lài, P.An Phú Đông, Q.12, TP.HCM",22500000.0,64.97,Đất,10m,35.32m,Đông Bắc,,,,,,,land,346313.6832384177,10.787566594271446,106.70135553724957,0.8975984098251121,,,,,
87HNA3,"Thửa 848 - tờ 7 đường số 27, Xã Tân Thông Hội, H.Củ Chi, TP.HCM",6600000.0,18.39,Đất,19.5m,33.05m,Đông Bắc,,,,,,,land,358890.70146818925,11.009572718929716,106.48972957408797,34.199951296262235,,,,,
5HSKE7,"Thửa 594 - Tờ 194 đường số 608, Xã Tân An Hội, H.Củ Chi, TP.HCM",1600000.0,8.68,Đất,5m,38.95m,Tây Nam,,,,,,,land,184331.79723502306,10.996736681919604,106.50025844718452,32.37501257780319,,,,,
1U9RQ6,"Thửa 530 - tờ 2 Phạm Văn Chèo, TT.Củ Chi, H.Củ Chi, TP.HCM",3250000.0,23.27,Đất,4.76m,30.38m,Tây Bắc,,,,,,,land,139664.80446927375,10.993839340153984,106.49824110517842,32.28778598299667,,,,,
0ZY519,"Thửa 593 - Tờ 194 đường số 608, Xã Tân An Hội, H.Củ Chi, TP.HCM",1600000.0,7.6,Đất,5m,41.26m,Tây Nam,,,,,,,land,210526.31578947368,11.001933185644788,106.50555299012375,32.422671563230644,,,,,
QA7JTU,"Thửa 719 - tờ 48 Nguyễn Thị Thử, Xã Xuân Thới Sơn, H.Hóc Môn, TP.HCM",3750000.0,40.23,Đất,5.6m,16.75m,Tây Nam,,,,,,,land,93214.01938851604,10.893829546832123,106.59285628108015,17.144017720956814,,,,,
0ZPBZ9,"Thửa 848 - Tờ 46, hẻm 40 đường số 112, Xã Tân Thạnh Đông, H.Củ Chi, TP.HCM",3500000.0,11.38,Đất,8.8m,34.95m,Đông Bắc,,,,,,,land,307557.1177504393,11.002927879191576,106.48735181339791,33.83471245471386,,,,,
UDUKZS,"Thửa 44 - tờ 16 Lê Thị Bay, Xã Tân Thạnh Đông, H.Củ Chi, TP.HCM",5100000.0,11.38,Đất,14.6m,31.47m,Tây Nam,,,,,,,land,448154.65729349735,10.998872663401809,106.51507730441577,31.49198106725764,,,,,
65XFF8,"931/23 (Thửa 716 - tờ 228) Hương Lộ 2, P.Bình Trị Đông, Q.Bình Tân, TP.HCM",5800000.0,86.69,Đất,4m,16.29m,Tây Bắc,,,,,,,land,66905.06402122506,10.777326840974295,106.613065786543,9.405473915360561,,,,,
UY2RXS,"Thửa 604 - Tờ 36 An Nhơn Tây, Xã An Nhơn Tây, H.Củ Chi, TP.HCM",1300000.0,13.82,Đất,6.25m,14.21m,Bắc,,,,,,,land,94066.57018813313,11.005613896053076,106.49164685563102,33.734636065966306,,,,,
WP1W9R,"Thửa 844 - tờ 45 Hương Lộ 2, P.Bình Trị Đông A, Q.Bình Tân, TP.HCM",6500000.0,85.07,Đất,4.94m,15.52m,Đông Nam,,,,,,,land,76407.6642764782,10.761330800952319,106.5910656420294,11.983114667268524,,,,,
GXVXU2,"Thửa 620 - tờ 27 Nguyễn Kim Cương, Xã Tân Thạnh Đông, H.Củ Chi, TP.HCM",8700000.0,13.88,Đất,10.3m,60m,Đông Bắc,,,,,,,land,626801.1527377521,11.004529111888159,106.50966897444516,32.35098638425572,,,,,
87RX13,"Thửa 717 - tờ 33 Lê Thị Ngà, Xã Phước Vĩnh An, H.Củ Chi, TP.HCM",3600000.0,16.49,Đất,4.99m,43.88m,Đông Nam,,,,,,,land,218314.1297756216,11.017384818678838,106.51681331520548,32.97824887595114,,,,,
6S9CT8,"Thửa 641 - tờ 5 Bến Kho Gạo, Xã Hòa Phú, H.Củ Chi, TP.HCM",1650000.0,19.27,Đất,5.4m,15.88m,Tây Bắc,,,,,,,land,85625.32433834978,11.00746588149539,106.49176453332925,33.87795482640341,,,,,
SDDB85,"Thửa 652 - tờ 3 Trần Văn Mười, Xã Xuân Thới Đông, H.Hóc Môn, TP.HCM",3450000.0,41.76,Đất,5m,16.71m,Tây,,,,,,,land,82614.94252873564,10.875402855416366,106.59125684625162,15.835002759993538,,,,,
DEB63H,"Thửa 702 - Tờ 161 Tỉnh Lộ 2, Xã Phước Vĩnh An, H.Củ Chi, TP.HCM",6000000.0,22.13,Đất,9.83m,27.29m,Đông Bắc,,,,,,,land,271125.1694532309,11.00604659944205,106.50758560576006,32.62576386459975,,,,,
QA5PDU,"Thửa 453 - Tờ 160, một phần nhà 92/14 đường số 10, P.Bình Hưng Hoà B, Q.Bình Tân, TP.HCM",4900000.0,53.78,Đất,4m,19.4m,Nam,,,,,,,land,91111.93752324284,10.764510261698534,106.60908197998967,9.981492010608116,,,,,
K49D6C,"Lê Đình Cẩn, P.Tân Tạo, Q.Bình Tân, TP.HCM",5000000.0,54.05,Đất,6.15m,15.08m,Bắc,,,,,,,land,92506.93802035153,10.759491366544202,106.60796103312764,10.209952677878677,,,,,
0ZS5Q9,"Thửa 349 - Tờ 94, Một phần nhà 92/1/6 Nguyễn Sơn, P.Phú Thọ Hòa, Q.Tân Phú, TP.HCM",5700000.0,109.4,Đất,4.3m,12.15m,Tây Nam,,,,,,,land,52102.376599634365,10.79239874398665,106.62939579107258,7.742127876978953,,,,,
5HPGY7,"Thửa 348 - Tờ 94, Một phần nhà 92/1/6 Nguyễn Sơn, P.Phú Thọ Hòa, Q.Tân Phú, TP.HCM",5350000.0,107.86,Đất,4.3m,11.55m,Đông Bắc,,,,,,,land,49601.33506397182,10.79035890033563,106.61260399843673,9.523935980113816,,,,,
2MUQKZ,"Thửa 638 - tờ 181 Ấp Đông 5, Xã Đông Thạnh, H.Hóc Môn, TP.HCM",5350000.0,65.8,Đất,5.02m,16.9m,Đông Bắc,,,,,,,land,81306.99088145897,10.894452090975115,106.59809389291335,16.81336294203543,,,,,
2M1MHZ,"Thửa 569 - tờ 14 Tỉnh Lộ 8, Xã Hòa Phú, H.Củ Chi, TP.HCM",10500000.0,25.31,Đất,11.6m,34.4m,Tây Nam,,,,,,,land,414855.78822599765,11.002836729158831,106.48751900785778,33.81485792104606,,,,,
UDK82S,"Thửa 1051 - tờ 20 đường số 28, Xã Tân Thông Hội, H.Củ Chi, TP.HCM",2650000.0,32.96,Đất,5.12m,17.54m,Tây Bắc,,,,,,,land,80400.4854368932,10.994725836984541,106.50513711181709,31.853115830925365,,,,,
UY93MS,"Thửa 566 - tờ 37 Tân Hiệp 16, Xã Tân Hiệp, H.Hóc Môn, TP.HCM",1100000.0,12.5,Đất,4.2m,19.1m,Tây Nam,,,,,,,land,88000.0,10.890848479346948,106.59668765495789,16.617933732430284,,,,,
5HE4H7,"Thửa 570 - Tờ 89, Một phần nhà số 168/61 Chiến Lược, P.Bình Trị Đông, Q.Bình Tân, TP.HCM",5100000.0,63.9,Đất,4m,20.09m,Đông,,,,,,,land,79812.20657276995,10.76394750243895,106.61669471749674,9.173672873765154,,,,,
YBBK6D,"MPN 92/14 đường số 10, P.Bình Hưng Hoà B, Q.Bình Tân, TP.HCM",4900000.0,53.78,Đất,4m,18.62m,,,,,,,,land,91111.93752324284,10.775529207100515,106.61163638761042,9.569487736169753,,,,,
QYC63U,"Thửa 662 - tờ 177 Ấp Đông 3, Xã Đông Thạnh, H.Hóc Môn, TP.HCM",3800000.0,36.32,Đất,4.35m,17.01m,Tây Bắc,,,,,,,land,104625.55066079296,10.89372645782267,106.58006405703972,18.11257258679634,,,,,
E0PUB4,"Thửa 556 - tờ 21 Nguyễn Thị Chuỗi, Xã Phước Thạnh, H.Củ Chi, TP.HCM",3200000.0,6.94,Đất,8.69m,51.7m,Đông Nam,,,,,,,land,461095.1008645533,10.997824409726881,106.51222870323063,31.603214418551033,,,,,
5HKRE7,"Thửa 430 - Tờ 192, 55-57 Bình Long, P.Bình Trị Đông, Q.Bình Tân, TP.HCM",5800000.0,114.39,Đất,4.84m,11.23m,Bắc,,,,,,,land,50703.73284378005,10.77215215513352,106.60695849087094,10.104906725629931,,,,,
6SXF48,"Thửa 695 - Tờ 2 Phạm Văn Đồng, P.11, Q.Bình Thạnh, TP.HCM",10150000.0,180.28,Đất,4m,14.16m,,,,,,,,land,56301.30907477257,10.804175958044175,106.71878820409873,3.456749026955717,,,,,
SDUDS5,"Thửa 598 - Tờ 194 đường số 608, Xã Tân An Hội, H.Củ Chi, TP.HCM",2700000.0,3.42,Đất,6.18m,46.13m,Đông Nam,,,,,,,land,789473.6842105263,10.999806031002128,106.51225829083926,31.768688571049136,,,,,
EJG264,"17  (Thửa 546 - Tờ 149) đường số 1A, P.Bình Hưng Hoà A, Q.Bình Tân, TP.HCM",6500000.0,71.9,Đất,4m,22.29m,Đông,,,,,,,land,90403.33796940194,10.75345488312784,106.60351575662949,10.844822749852767,,,,,
0ZT8Y9,"Thửa 429 - Tờ 192, một phần nhà số 55-57 Bình Long, P.Bình Trị Đông, Q.Bình Tân, TP.HCM",5800000.0,113.94,Đất,5.41m,10.2m,Bắc,,,,,,,land,50903.98455327365,10.770634646231946,106.59379865168589,11.553305058012121,,,,,
J2Z650,"Thửa 428 - Tờ 192, một phần nhà số 55-57 Bình Long, P.Bình Trị Đông, Q.Bình Tân, TP.HCM",5800000.0,113.5,Đất,6.29m,9.05m,Bắc,,,,,,,land,51101.32158590308,10.768714624498433,106.61279481851406,9.51047417441233,,,,,
RGTHAJ,"Thửa 538 + 539 + 540 - Tờ 41, 97/6 Trần Bá Giao, P.5, Q.Gò Vấp, TP.HCM",33000000.0,107.8,Đất,12.1m,23.98m,Đông Nam,,,,,,,land,306122.44897959183,10.82635320902298,106.68707526824322,5.314327487675413,,,,,
5HANM7,"Thửa 944-Tờ 67 hẻm Đường TX 31, P.Thạnh Xuân, Q.12, TP.HCM",4550000.0,45.82,Đất,4m,24.55m,Bắc,,,,,,,land,99301.61501527717,10.78663161866889,106.69412524611761,0.9279282223945745,,,,,
0ZMGX9,"Thửa 629 - tờ 98 đường số 5A, P.Bình Hưng Hoà A, Q.Bình Tân, TP.HCM",5250000.0,82.8,Đất,3.96m,15.92m,Tây,,,,,,,land,63405.79710144928,10.770789170199855,106.59036434652513,11.926073320458269,,,,,
QA2CBU,"Thửa 570 - Tờ 6 Nguyễn Thị Ngâu, Xã Thới Tam Thôn, H.Hóc Môn, TP.HCM",4250000.0,18.11,Đất,5.03m,39.93m,,,,,,,,land,234676.97404748757,10.876783776598414,106.58719648086493,16.268473940708898,,,,,
40XJ4F,"Thửa 545 - tờ 9 Lê Thị Kim, Xã Xuân Thới Sơn, H.Hóc Môn, TP.HCM",5550000.0,51.57,Đất,5m,21.54m,Tây Nam,,,,,,,land,107620.70971495056,10.890109089029572,106.59456409595875,16.715388904523987,,,,,
1USKC6,"Thửa 427 - Tờ 192, một phần nhà số 55-57 Bình Long, P.Bình Trị Đông, Q.Bình Tân, TP.HCM",5800000.0,114.85,Đất,5.1m,10.26m,Tây,,,,,,,land,50500.65302568568,10.75769259818214,106.61307438168203,9.713329269128879,,,,,
KF09BC,"Thửa 527 - tờ 144 (MPN 24/11/2-24/11/2A) Bình Trị Đông, P.Bình Trị Đông, Q.Bình Tân, TP.HCM",4400000.0,78.29,Đất,4m,11.6m,Tây Bắc,,,,,,,land,56201.302848384206,10.767560543270395,106.615420687469,9.243574795198196,,,,,
WG15HR,"Thửa 539 - tờ 50 đường số 488, Xã Phạm Văn Cội, H.Củ Chi, TP.HCM",3750000.0,15.88,Đất,8m,29.5m,Đông Bắc,,,,,,,land,236146.0957178841,10.994747037148983,106.51136589458885,31.405817137263977,,,,,
65SBS8,"Thửa 698 - tờ 31 Dương Công Khi, Xã Xuân Thới Thượng, H.Hóc Môn, TP.HCM",9500000.0,18.18,Đất,10.58m,49.92m,Tây Bắc,,,,,,,land,522552.25522552256,10.886091393469925,106.59842598714874,16.102406057867427,,,,,
2MDGTZ,"Thửa 1214 - Tờ 55 An Phú Đông 27, P.An Phú Đông, Q.12, TP.HCM",5700000.0,59.25,Đất,4.5m,21.56m,Bắc,,,,,,,land,96202.53164556962,10.777170821033609,106.69628031023926,0.41703882382660123,,,,,
9T7J0P,"Thửa 1215 - Tờ 55 An Phú Đông 27, P.An Phú Đông, Q.12, TP.HCM",5700000.0,60.12,Đất,4.5m,21.24m,Bắc,,,,,,,land,94810.37924151697,10.776917513443538,106.69732707633715,0.3677095857035432,,,,,
SHEXB5,"Thửa 1028 - Tờ 142 đường số 2, Xã Xuân Thới Đông, H.Hóc Môn, TP.HCM",5100000.0,55.55,Đất,5m,19m,Tây,,,,,,,land,91809.18091809182,10.882366185410142,106.60872737493462,15.041718808821303,,,,,
JZQU80,"Thửa 899 - tờ 14 đường số 59, P.14, Q.Gò Vấp, TP.HCM",4800000.0,87.11,Đất,4.17m,14.53m,Đông Nam,,,,,,,land,55102.74365744461,10.819798046159171,106.66165429462836,6.024495912016837,,,,,
SDRK25,"MPN 1658/10 Tỉnh Lộ 10, P.Tân Tạo, Q.Bình Tân, TP.HCM",4800000.0,46.73,Đất,6.47m,18.22m,Đông Nam,,,,,,,land,102717.7402097154,10.751069865205315,106.60765823778365,10.486015589184293,,,,,
2MS4GZ,"Thửa 14 - Tờ 8 Sông Lu 2, Xã Hòa Phú, H.Củ Chi, TP.HCM",24500000.0,8.11,Đất,40.51m,80.06m,Đông Bắc,,,,,,,land,3020961.775585697,11.006223237404283,106.48991722498307,33.91174922672702,,,,,
DEPQXH,"Thửa 544 - tờ 9 Lê Thị Kim, Xã Xuân Thới Sơn, H.Hóc Môn, TP.HCM",6200000.0,57.51,Đất,5m,21.57m,Nam,,,,,,,land,107807.33785428622,10.882937775077417,106.60274439560902,15.525468491445741,,,,,
UYDQDS,"Thửa 854 - Tờ 104 Đông hưng thuận 02, P.Tân Hưng Thuận, Q.12, TP.HCM",4590000.0,79.13,Đất,4m,14.5m,Đông,,,,,,,land,58005.81321875395,10.777746164632166,106.71122809576244,1.3532275421803612,,,,,
5HE127,"Thửa 695 - tờ 55 Đông Thạnh 7, Xã Đông Thạnh, H.Hóc Môn, TP.HCM",4880000.0,26.97,Đất,5m,36.29m,Bắc,,,,,,,land,180941.78717093068,10.89488010443214,106.59001493597918,17.440549645921582,,,,,
85AGU3,"Thửa 215 - tờ 110 Trung Đông 2, Xã Đông Thạnh, H.Hóc Môn, TP.HCM",4130000.0,34.72,Đất,4.9m,24.46m,Tây,,,,,,,land,118951.6129032258,10.886495674610412,106.58173435482396,17.430703147845602,,,,,
5HE1T7,"Thửa 696 - tờ 55 Đông Thạnh 7, Xã Đông Thạnh, H.Hóc Môn, TP.HCM",4880000.0,26.82,Đất,5m,36.48m,Bắc,,,,,,,land,181953.7658463833,10.870326121857424,106.59706220613965,14.987545432020925,,,,,
0ZZ8D9,"49/40/19/3 Trịnh Đình Trọng, P.Phú Trung, Q.Tân Phú, TP.HCM",7800000.0,68.84,Đất,4.1m,27.95m,Tây Bắc,,,,,,,land,113306.21731551424,10.798904981456674,106.61053136742879,9.90676508755696,,,,,
U7NYXS,"Thửa 426 - Tờ 1, đường số 33, P.10, Q.6, TP.HCM",11800000.0,159.45,Đất,4m,19m,Tây Nam,,,,,,,land,74004.39009093761,10.741076282582489,106.64587270549148,7.2203688785744955,,,,,
ACU2UY,"Thửa 550 - Tờ 81 (950/24A) Nguyễn Ảnh Thủ, Xã Thới Tam Thôn, H.Hóc Môn, TP.HCM",8400000.0,40.85,Đất,9.83m,20.7m,Tây Bắc,,,,,,,land,205630.35495716034,10.871903123237654,106.5881251742138,15.839784557122817,,,,,
AC38FY,"Thửa 1003 - Tờ 53 hẻm đường Vườn Lài, P.An Phú Đông, Q.12, TP.HCM",6500000.0,101.56,Đất,4m,16m,Đông,,,,,,,land,64001.575423395036,10.775159694219242,106.703049103174,0.6746580279754558,,,,,
CWH68B,"Thửa 698 - tờ 55 Đông Thạnh 7, Xã Đông Thạnh, H.Hóc Môn, TP.HCM",7400000.0,14.52,Đất,7m,48.64m,Bắc,,,,,,,land,509641.87327823695,10.875698731053149,106.58624823008253,16.268051418735915,,,,,
7KJ6FA,"Thửa 561 - tờ 145 Võ Thị Hồi, Xã Xuân Thới Sơn, H.Hóc Môn, TP.HCM",7600000.0,82.51,Đất,5m,18.84m,Bắc,,,,,,,land,92110.04726699794,10.872551366401986,106.59017810355945,15.715289664340677,,,,,
R2QH6J,"Thửa 648 - tờ 70 Hà Duy Phiên, Xã Bình Mỹ, H.Củ Chi, TP.HCM",2150000.0,21.47,Đất,8.11m,12.87m,Tây Bắc,,,,,,,land,100139.72985561249,11.020407397785934,106.49016429186842,35.06859646100358,,,,,
7KC24A,"Thửa 1275 Tờ 154 số 35, P.Hiệp Bình Chánh, TP.Thủ Đức, TP.HCM",7680000.0,82.05,Đất,7m,14m,Tây Bắc,,,,,,,land,93601.46252285193,10.85221291627879,106.7461950308751,9.528296289337343,,,,,
9Z91FP,"Thửa 534 - tờ 52 Tân Hoà Đông, P.Bình Trị Đông, Q.Bình Tân, TP.HCM",4650000.0,83.03,Đất,4.02m,14m,Đông,,,,,,,land,56003.85402866434,10.762813461760663,106.61172005950154,9.731733113585646,,,,,
8SB8Y3,"105 Đông Hưng Thuận 5, P.Đông Hưng Thuận, Q.12, TP.HCM",15500000.0,79.08,Đất,12m,16.35m,Đông Bắc,,,,,,,land,196004.04653515428,10.76349345599264,106.71409936759274,2.4422383812469546,,,,,
WZ8N6R,"6 Số 06, P.Trường Thạnh, TP.Thủ Đức, TP.HCM",7000000.0,36.0,Đất,,,Tây Nam,,,,,,,land,194444.44444444444,10.853317290893248,106.76624554747805,10.962978037026332,,,,,
CWZ52B,"Thửa 562 - tờ 145 Võ Thị Hồi, Xã Xuân Thới Sơn, H.Hóc Môn, TP.HCM",7600000.0,85.68,Đất,4.71m,18.17m,Bắc,,,,,,,land,88702.14752567693,10.891996973805789,106.59527276384672,16.81604695083407,,,,,
KF2SZC,"Thửa 563 - tờ 145 Võ Thị Hồi, Xã Xuân Thới Sơn, H.Hóc Môn, TP.HCM",15500000.0,46.35,Đất,8.16m,33.12m,Bắc,,,,,,,land,334412.0819848975,10.889086050212207,106.58725937290075,17.19133117638541,,,,,
W2T8KR,"đường số 5, P.Linh Xuân, TP.Thủ Đức, TP.HCM",3750000.0,48.26,Đất,5.28m,15.67m,,,,,,,,land,77704.1027766266,10.843881236464739,106.75928274897434,9.67908581157086,,,,,
6S0F18,"MP Thửa 644 - tờ 116 Hương Lộ 60B, Xã Xuân Thới Sơn, H.Hóc Môn, TP.HCM",3350000.0,24.48,Đất,6.67m,19.14m,Đông Bắc,,,,,,,land,136846.40522875817,10.876681369568082,106.60455634601935,14.886095309704823,,,,,
0XS889,"158/7/27 Hẻm 158/7, P.14, Q.Bình Thạnh, TP.HCM",2510000.0,66.1,Đất,,,Tây Bắc,,,,,,,land,37972.768532526476,10.81655487179358,106.69813934451695,4.068396316994251,,,,,
9X68HP,"Thửa 1686 - tờ 129 Trần Thị Bốc, Xã Đông Thạnh, H.Hóc Môn, TP.HCM",3650000.0,32.76,Đất,5.08m,25.11m,Đông Bắc,,,,,,,land,111416.36141636143,10.86983067877929,106.5889130109616,15.6268511989795,,,,,
8AKK23,"Thửa 1688 - tờ 129 Trần Thị Bốc, Xã Đông Thạnh, H.Hóc Môn, TP.HCM",3650000.0,30.77,Đất,5.02m,26.53m,Đông Bắc,,,,,,,land,118622.03444913877,10.869874283522881,106.60823011263231,14.06718974944025,,,,,
SK4E65,"Thửa 950 - tờ 42 Tân Chánh Hiệp 7, P.Trung Mỹ Tây, Q.12, TP.HCM",4200000.0,58.9,Đất,3.35m,13.86m,Tây Nam,,,,,,,land,71307.30050933786,10.773791850209157,106.71293274581208,1.6589566864815213,,,,,
6SEVR8,"Thửa 1400 - Tờ 5 hẻm Đường Ba Sa, Xã Phước Hiệp, H.Củ Chi, TP.HCM",1300000.0,10.4,Đất,5m,25.33m,Đông Bắc,,,,,,,land,125000.0,11.020189766496653,106.49572715750769,34.657217657481986,,,,,
A424DY,"2/50 Đướng Số 4, P.Tân Tạo A, Q.Bình Tân, TP.HCM",4630000.0,34.65,Đất,,,Tây,,,,,,,land,133621.93362193363,10.759219546130689,106.6100692920346,9.991946279377796,,,,,
EJ97F4,"28/4 đường số 10, P.Linh Trung, TP.Thủ Đức, TP.HCM",32000000.0,85.6,Đất,11.22m,34m,Đông Bắc,,,,,,,land,373831.7757009346,10.851068559238163,106.73904042062996,9.017615953535705,,,,,
SHDCQ5,"Thửa 1295 - tờ 72 Xuân Thới Thượng 4, Xã Bà Điểm, H.Hóc Môn, TP.HCM",3300000.0,31.22,Đất,5m,21.35m,Đông Nam,,,,,,,land,105701.4734144779,10.89667155644831,106.58008493061013,18.339084362052144,,,,,
7KBQJA,"Thửa 1502 - tờ 17 Tân Thới Hiệp 14, P.Tân Thới Hiệp, Q.12, TP.HCM",5500000.0,69.62,Đất,5m,16.01m,Đông Bắc,,,,,,,land,79000.2872737719,10.787580876091667,106.71555832372992,2.002991764840281,,,,,
37UJWQ,"Thửa 1204-Tờ 55 hẻm Đường An Phú Đông 25, P.An Phú Đông, Q.12, TP.HCM",4700000.0,63.42,Đất,5.36m,14.03m,Đông Bắc,,,,,,,land,74109.11384421318,10.776382149516577,106.71025330120774,1.2840989240369023,,,,,
3ADHUQ,"Thửa 789 - tờ 48 Vũ Trọng Phụng, Xã Xuân Thới Sơn, H.Hóc Môn, TP.HCM",3600000.0,44.94,Đất,5m,16.09m,Đông Bắc,,,,,,,land,80106.8090787717,10.881531320695734,106.59831410933323,15.746443399005894,,,,,
GMX6H2,"Thửa 1291 - tờ 72 Xuân Thới Thượng 4, Xã Bà Điểm, H.Hóc Môn, TP.HCM",3900000.0,28.03,Đất,6.12m,22.24m,Đông Bắc,,,,,,,land,139136.63931501962,10.875524516139576,106.60365940536599,14.86289496676571,,,,,
SUZW5Y,"Thửa 616 - Tờ 3, 55/9/8 Lò Lu, P.Trường Thạnh, TP.Thủ Đức, TP.HCM",5600000.0,70.0,Đất,4.001m,20.001m,Nam,,,,,,,land,80000.0,10.859029925959746,106.75300850348323,10.567867246302573,,,,,
UK0F4S,"63/14 Lê Quang Định, P.14, Q.Bình Thạnh, TP.HCM",2320000.0,61.15,Đất,,,Tây Bắc,,,,,,,land,37939.493049877354,10.799554002179566,106.71052200572234,2.522270060293117,,,,,
DEQJ6H,"Thửa 542 - Tờ 90 đường số 17, P.Bình Chiểu, TP.Thủ Đức, TP.HCM",5280000.0,60.0,Đất,4m,22.18m,Tây Nam,,,,,,,land,88000.0,10.84452376865627,106.7681363480521,10.411252838577724,,,,,
GXVSC2,"Thửa 730 - Tờ 46 Lê Thị Bay, Xã Tân Thạnh Đông, H.Củ Chi, TP.HCM",1950000.0,22.67,Đất,5m,17.23m,Tây Nam,,,,,,,land,86016.76224084693,11.019063308270026,106.49339418182858,34.726296249636185,,,,,
8554V3,"Thửa 849 - Tờ 34 Tỉnh Lộ 15, Xã Phú Hòa Đông, H.Củ Chi, TP.HCM",1800000.0,15.53,Đất,5m,23.18m,Bắc,,,,,,,land,115904.7005795235,10.995467340603046,106.51256131443937,31.38110840718667,,,,,
85SGY3,"Thửa 698 - Tờ 161 Tỉnh Lộ 2, Xã Phước Vĩnh An, H.Củ Chi, TP.HCM",4099999.999999999,26.23,Đất,5m,32.27m,Đông Bắc,,,,,,,land,156309.56919557755,11.00246423405777,106.51207357691064,32.00733633467324,,,,,
RG0C4J,"Thửa 1020 - Tờ 41 Lê Thị Đảo, Xã Tân Thạnh Đông, H.Củ Chi, TP.HCM",2250000.0,19.11,Đất,5m,23.56m,Tây,,,,,,,land,117739.40345368917,11.006261663417146,106.51095522037888,32.40905160653628,,,,,
DC06ZH,"Thửa 747 - Tờ 32 Bến Đường Cát, Xã Tân Thạnh Đông, H.Củ Chi, TP.HCM",2200000.0,16.38,Đất,4m,33.64m,Tây,,,,,,,land,134310.1343101343,10.993769033343126,106.48891667419223,32.98376847927554,,,,,
3DRW6Q,"34/9/21 Quang Trung, P.08, Q.Gò Vấp, TP.HCM",9200000.0,81.12,Đất,,,Đông Nam,,,,,,,land,113412.22879684418,10.823936955675991,106.67928128846737,5.339931286519608,,,,,
RGVY3J,"Thửa 574 - Tờ 8, hẻm 525/7 Lê Trọng Tấn, P.Sơn Kỳ, Q.Tân Phú, TP.HCM",5800000.0,96.66,Đất,4m,15m,Đông Bắc,,,,,,,land,60004.13821642872,10.797375754004873,106.62771086093473,8.038620913710538,,,,,
SDE6E5,"Thửa 661 - Tờ 126 Tỉnh Lộ 15, Xã Phú Hòa Đông, H.Củ Chi, TP.HCM",1290000.0,11.2,Đất,5m,23.17m,Tây Nam,,,,,,,land,115178.57142857143,10.994813453681623,106.50122408858572,32.14656996577867,,,,,
0ZXBJ9,"Thửa 1280-2 - Tờ 94 đường số 6, P.Long Bình, TP.Thủ Đức, TP.HCM",3190000.0,63.16,Đất,4m,12.82m,Đông,,,,,,,land,50506.649778340725,10.837737085721548,106.75118321781845,8.580337325233451,,,,,
RGZZGJ,"Thửa 512 - Tờ 102 Nguyễn Thị Măng, Xã Thái Mỹ, H.Củ Chi, TP.HCM",3550000.0,3.36,Đất,18.73m,76.45m,Đông Bắc,,,,,,,land,1056547.6190476192,11.018362294657186,106.50897521019328,33.58768513577746,,,,,
377K7Q,"Thửa 769 - tờ 71 Thới Tam Thôn 17, Xã Thới Tam Thôn, H.Hóc Môn, TP.HCM",4099999.999999999,51.18,Đất,5.01m,16.03m,Đông,,,,,,,land,80109.41774130518,10.883842609849532,106.5993160010122,15.854605506199457,,,,,
2MX95Z,"Thửa 763 - Tờ 16 Lê Thị Sớm, Xã Phú Hòa Đông, H.Củ Chi, TP.HCM",1350000.0,10.31,Đất,5m,27.3m,Tây Nam,,,,,,,land,130940.83414161007,11.016141789580512,106.4917766831827,34.59624773411199,,,,,
KFE6VC,"Thửa 904 - Tờ 8 Lê Thị Bay, Xã Tân Thạnh Đông, H.Củ Chi, TP.HCM",2500000.0,18.79,Đất,4.97m,26.99m,Tây Nam,,,,,,,land,133049.49441192125,11.000529483245666,106.51351706697741,31.741911691795117,,,,,
DECM6H,"Thửa 738 - Tờ 16 Lê Thị Bay, Xã Tân Thạnh Đông, H.Củ Chi, TP.HCM",2650000.0,12.89,Đất,5m,41.37m,Tây Nam,,,,,,,land,205585.7253685027,11.00910672333296,106.48766128214372,34.313538144578715,,,,,
5HYZ27,"Thửa 737 - Tờ 16 Lê Thị Bay, Xã Tân Thạnh Đông, H.Củ Chi, TP.HCM",2650000.0,12.76,Đất,5m,41.8m,Tây Nam,,,,,,,land,207680.25078369907,11.01691729071154,106.49355027886722,34.53466152630883,,,,,
EJFD24,"Thửa 764 - Tờ 31 Nguyễn Kim Cương, Xã Tân Thạnh Đông, H.Củ Chi, TP.HCM",2200000.0,13.58,Đất,5.2m,31.37m,Tây Bắc,,,,,,,land,162002.94550810015,11.014256735007772,106.5042726665173,33.55597672415354,,,,,
YBH6GD,"Thửa 526 - Tờ 17 Lý Thị Chừng, Xã Phú Hòa Đông, H.Củ Chi, TP.HCM",2400000.0,9.93,Đất,5m,49.22m,Tây Bắc,,,,,,,land,241691.84290030212,11.00699004051733,106.5013004383709,33.14979601190945,,,,,
020EN9,"Thửa 662 - Tờ 126 Tỉnh Lộ 15, Xã Phú Hòa Đông, H.Củ Chi, TP.HCM",1290000.0,11.33,Đất,5m,22.38m,Tây Nam,,,,,,,land,113857.01676963812,10.996400854649963,106.50924780093885,31.69561225316703,,,,,
SAUPB5,"23A8 Xô Viết Nghệ Tĩnh, P.25, Q.Bình Thạnh, TP.HCM",18000000.0,277.77,Đất,4m,18m,Đông Nam,,,,,,,land,64801.814450804624,10.798179340978088,106.69989233409314,2.036851448068316,,,,,
C46WNB,"Thửa 619 - Tờ 19 TL 43, P.Bình Chiểu, TP.Thủ Đức, TP.HCM",6500000.0,45.1,Đất,7.02m,20.64m,Đông Nam,,,,,,,land,144124.16851441242,10.852770135208946,106.74381972449912,9.442864403839092,,,,,
K0RP0C,"63/7 Thạnh Lộc 40, P.Thạnh Lộc, Q.12, TP.HCM",8400000.0,46.38,Đất,,,Tây Nam,,,,,,,land,181112.54851228977,10.773331279794522,106.69964990526624,0.717099056598022,,,,,
5B9TW7,"427/16H Trần Xuân Soạn, P.Tân Hưng, Q.7, TP.HCM",8800000.0,104.01,Đất,,,Đông Bắc,,,,,,,land,84607.24930295163,10.742252743082949,106.74421366049015,6.454487750107718,,,,,
SDFTY5,"Thửa 765 - Tờ 6 Hồ Văn Tắng, Xã Tân Phú Trung, H.Củ Chi, TP.HCM",1900000.0,13.31,Đất,5.6m,29.72m,Tây Bắc,,,,,,,land,142749.81217129977,10.803659445283984,106.63867955372741,7.10865223181608,,,,,
9TM4TP,"Thửa 1280-3 - Tờ 94 đường số 6, P.Long Bình, TP.Thủ Đức, TP.HCM",3190000.0,63.29,Đất,4.1m,12.49m,Đông,,,,,,,land,50402.907252330544,10.847484254125247,106.76805877417729,10.633095494048204,,,,,
7KET4A,"Thửa 1280-1 - Tờ 94 đường số 6, P.Long Bình, TP.Thủ Đức, TP.HCM",3360000.0,63.03,Đất,4.08m,12.82m,Đông,,,,,,,land,53307.94859590671,10.843763089775594,106.75335959575557,9.240291777002879,,,,,
PNTHPG,"Thửa 1096 - Tờ 55 Nguyễn Thị Dưỡng, Xã Tân Thạnh Đông, H.Củ Chi, TP.HCM",1900000.0,21.27,Đất,4.8m,19.32m,Tây Bắc,,,,,,,land,89327.69158439117,11.01678153415535,106.5100312424996,33.37892107595508,,,,,
UY51NS,"Thửa 750 - Tờ 31 Nguyễn Kim Cương, Xã Tân Thạnh Đông, H.Củ Chi, TP.HCM",2200000.0,13.42,Đất,5.2m,31.74m,Tây Bắc,,,,,,,land,163934.4262295082,11.017844873403833,106.50242609592726,33.99089341733375,,,,,
SYSCU5,"Thửa 538 - Tờ 174, hẻm 204 Lê Trọng Tấn, P.Tây Thạnh, Q.Tân Phú, TP.HCM",3350000.0,72.35,Đất,6.39m,8.11m,Tây,,,,,,,land,46302.69523151348,10.801736874335482,106.61887820312529,9.095597912678736,,,,,
5Y9E87,"Thửa 663 - Tờ 16 đường Tỉnh Lộ 7, Xã Thái Mỹ, H.Củ Chi, TP.HCM",2900000.0,8.85,Đất,5.15m,66.53m,Đông Nam,,,,,,,land,327683.6158192091,11.00624380224024,106.51596239372849,32.06300063372317,,,,,
QA893U,"Thửa 416 - Tờ 138, 1PN 98/2 Lạc Long Quân, P.10, Q.Tân Bình, TP.HCM",5200000.0,103.58,Đất,5.75m,9.28m,Tây Nam,,,,,,,land,50202.74184205445,10.808183592304747,106.65225126367075,6.003099859731905,,,,,
3760PQ,"Thửa 415 - Tờ 138, 1PN 98/2 Lạc Long Quân, P.10, Q.Tân Bình, TP.HCM",4600000.0,98.5,Đất,5.19m,9.82m,Tây Nam,,,,,,,land,46700.507614213195,10.810600548095401,106.66207669585924,5.286674966461758,,,,,
QA1KTU,"Thửa 1029 - Tờ 217, 413/74 Lê Văn Quới, P.Bình Hưng Hoà A, Q.Bình Tân, TP.HCM",8199999.999999999,118.32,Đất,5m,13.3m,Đông Nam,,,,,,,land,69303.58350236645,10.772953237436463,106.59806406762716,11.068162663858734,,,,,
5HTW17,"Thửa 571 - Tờ 18 Nguyễn Thị Dòn, Xã Nhuận Đức, H.Củ Chi, TP.HCM",1450000.0,11.79,Đất,5m,24.97m,Bắc,,,,,,,land,122985.58100084818,11.005919172888309,106.50147768876151,33.04744004700592,,,,,
A4GZPY,"66A Hẻm 64, P.Long Thạnh Mỹ, TP.Thủ Đức, TP.HCM",6400000.0,102.56,Đất,,,Đông Nam,,,,,,,land,62402.49609984399,10.836433228046712,106.75597454190205,8.834342829243262,,,,,
DEA6AH,"Thửa 703 - Tờ 41 Xuân Thới Sơn 32, Xã Xuân Thới Sơn, H.Hóc Môn, TP.HCM",2550000.0,28.33,Đất,5m,18m,Đông Nam,,,,,,,land,90010.58948111543,10.89349401223148,106.60719148123599,16.094818133822177,,,,,
PN4D6G,"Thửa 511 - Tờ 31 Bùi Thị Điệt, Xã Phạm Văn Cội, H.Củ Chi, TP.HCM",3500000.0,7.36,Đất,9.1m,52.9m,Đông Nam,,,,,,,land,475543.47826086957,11.01260652254619,106.5159591399266,32.6159053739308,,,,,
5HWY17,"Thửa 587 - Tờ 58, 26/1 Trương Phước Phan, P.Bình Trị Đông, Q.Bình Tân, TP.HCM",5700000.0,84.82,Đất,4.5m,15.05m,Đông Bắc,,,,,,,land,67201.13180853573,10.775624774277377,106.60559934068547,10.228520920949817,,,,,
J21990,"Thửa 586 - Tờ 58, 26/1 Trương Phước Phan, P.Bình Trị Đông, Q.Bình Tân, TP.HCM",5700000.0,84.07,Đất,4.5m,15.19m,Đông Bắc,,,,,,,land,67800.64232187463,10.769837404923553,106.61638509394729,9.105356761383714,,,,,
9Z9F3P,"1B đường số 3, P.Linh Xuân, TP.Thủ Đức, TP.HCM",13500000.0,110.73,Đất,9.75m,14.1m,Đông Bắc,,,,,,,land,121918.17935518829,10.853531443734994,106.74050330357552,9.333441954708526,,,,,
6U6UV8,"Thửa 670 - tờ 14 Lê Văn Quới, P.Bình Trị Đông, Q.Bình Tân, TP.HCM",5350000.0,88.28,Đất,4m,14.9m,Đông,,,,,,,land,60602.628001812416,10.758912173011087,106.61480794304951,9.496229682304747,,,,,
SDUHU5,"Thửa 546 - tờ 33 Đỗ Văn Dậy 16, Xã Tân Hiệp, H.Hóc Môn, TP.HCM",4300000.0,26.51,Đất,8.37m,18.21m,Đông Bắc,,,,,,,land,162202.94228592984,10.888543518383432,106.59876471074486,16.27653202286021,,,,,
37YXWQ,"Thửa 527 - Tờ 51 Nguyễn Thị Hẹ, Xã Trung Lập Thượng, H.Củ Chi, TP.HCM",1890000.0,3.19,Đất,13.5m,45.24m,Đông Nam,,,,,,,land,592476.4890282132,11.019915136953742,106.49438643852429,34.72816343785977,,,,,
QADMCU,"Thửa 526 - Tờ 51 Nguyễn Thị Hẹ, Xã Trung Lập Thượng, H.Củ Chi, TP.HCM",1770000.0,3.24,Đất,13.4m,42.89m,Đông Nam,,,,,,,land,546296.2962962963,11.018590498594703,106.51473311507766,33.22203388359329,,,,,
PNMFZG,"Thửa 525 - Tờ 51 Nguyễn Thị Hẹ, Xã Trung Lập Thượng, H.Củ Chi, TP.HCM",1740000.0,3.24,Đất,14.45m,39.4m,Đông Nam,,,,,,,land,537037.037037037,10.998041228074747,106.4947323160976,32.889349652567084,,,,,
ACE8UY,"Thửa 524 - Tờ 51 Nguyễn Thị Hẹ, Xã Trung Lập Thượng, H.Củ Chi, TP.HCM",1700000.0,3.33,Đất,12.81m,41.02m,Đông Bắc,,,,,,,land,510510.5105105105,11.014480031112782,106.503407089765,33.63515504911721,,,,,
4J40XF,"Thửa 672 - tờ 14 Lê Văn Quới, P.Bình Hưng Hòa, Q.Bình Tân, TP.HCM",5350000.0,90.37,Đất,4m,14.84m,Đông,,,,,,,land,59201.06229943565,10.758810756397338,106.5982878415517,11.25972683266646,,,,,
6U6S78,"Thửa 671 - tờ 14 Lê Văn Quới, P.Bình Trị Đông, Q.Bình Tân, TP.HCM",5350000.0,89.91,Đất,4m,14.87m,Đông,,,,,,,land,59503.94839283729,10.767765009475202,106.60386170913307,10.492917830579064,,,,,
6QN7S8,"Thửa 668 - Tờ 11 Thới Tam Thôn 9, Xã Thới Tam Thôn, H.Hóc Môn, TP.HCM",27000000.0,40.06,Đất,10m,72.82m,,,,,,,,land,673989.016475287,10.888420249338928,106.58457681290555,17.35001201711966,,,,,
ACN2EY,"Thửa 697 - Tờ 33 Nguyễn Thị Đăng, Xã Tân Thạnh Đông, H.Củ Chi, TP.HCM",2650000.0,25.52,Đất,5.11m,20.56m,Tây Bắc,,,,,,,land,103840.12539184953,11.005140929792333,106.51201206587737,32.23994860124399,,,,,
9TZZAP,"31/31A9 Huỳnh Thiện Lộc, P.Hòa Thạnh, Q.Tân Phú, TP.HCM",6700000.0,67.0,Đất,4m,25.12m,Đông Nam,,,,,,,land,100000.0,10.784574226258016,106.61160518904629,9.575836116165656,,,,,
2XBA5Z,"Thửa 623 - Tờ 300, 532/1/68 Kinh Dương Vương, P.Bình Trị Đông B, Q.Bình Tân, TP.HCM",5390000.0,57.7,Đất,4.93m,19.03m,Đông Nam,,,,,,,land,93414.21143847487,10.76875605128062,106.591921139454,11.777615451439475,,,,,
7DVW9A,"hẻm 58F Bưng Ông Thoàn, Phú Hữu, Q.9, TP.HCM",4900000.0,0.8,Đất,4.001m,15.403m,Tây Nam,,,,,,,land,6125000.0,10.831824722405432,106.82031711288545,14.459194042791257,,,,,
87SNB3,"Thửa 740 - Tờ 64 đường Tỉnh Lộ 15, Xã Tân Thạnh Đông, H.Củ Chi, TP.HCM",2300000.0,19.93,Đất,5.85m,19.58m,Đông Bắc,,,,,,,land,115403.9136979428,10.996216418268842,106.48769300582137,33.2712730608417,,,,,
PNMP1G,"Thửa 539 - Tờ 19, 661/11 (Số nhà cũ: 62B hẻm) Lũy Bán Bích, P.Phú Thạnh, Q.Tân Phú, TP.HCM",6800000.0,107.93,Đất,3.45m,18.61m,Đông Bắc,,,,,,,land,63003.79875845455,10.800673509076226,106.62507672974604,8.411190303137042,,,,,
1U5776,"Thửa 551 - Tờ 18, Một phần nhà 316/6 Hương Lộ 80, P.Bình Hưng Hoà B, Q.Bình Tân, TP.HCM",4800000.0,46.87,Đất,5m,20.77m,Đông Bắc,,,,,,,land,102410.9238318754,10.776706165948632,106.59780426555551,11.075918006207576,,,,,
DEBWJH,"31/31B3 Huỳnh Thiện Lộc, P.Hòa Thạnh, Q.Tân Phú, TP.HCM",6650000.0,69.34,Đất,4m,24.08m,Đông Nam,,,,,,,land,95904.2399769253,10.780578521181024,106.63542144234762,6.957058710260491,,,,,
SDYYM5,"31/31B2 Huỳnh Thiện Lộc, P.Hòa Thạnh, Q.Tân Phú, TP.HCM",6650000.0,68.84,Đất,4m,24.49m,Đông Nam,,,,,,,land,96600.81348053456,10.785419097004022,106.6398986772051,6.496748063019855,,,,,
85SSP3,"31/31B1 Huỳnh Thiện Lộc, P.Hòa Thạnh, Q.Tân Phú, TP.HCM",6800000.0,69.74,Đất,4m,24.49m,Đông Nam,,,,,,,land,97505.01864066534,10.776947853143481,106.63415633092703,7.101847131262707,,,,,
0XSQQ9,"5 Thạch Lam, P.Phú Thạnh, Q.Tân Phú, TP.HCM",7100000.0,106.6,Đất,,,Đông Nam,,,,,,,land,66604.12757973734,10.801241125520646,106.62625730237774,8.304838015913306,,,,,
5K2HM7,"Thửa 951 - tờ 35 Ngô Chí Quốc, P.Bình Chiểu, TP.Thủ Đức, TP.HCM",3600000.0,64.4,Đất,4m,14.15m,Đông Bắc,,,,,,,land,55900.621118012416,10.862469718757769,106.73953077924148,10.162034418156837,,,,,
9TM01P,"31/31B6 Huỳnh Thiện Lộc, P.Hòa Thạnh, Q.Tân Phú, TP.HCM",7150000.0,69.08,Đất,4.5m,23.41m,Đông Nam,,,,,,,land,103503.1847133758,10.797734026926152,106.61460387678459,9.444063962931066,,,,,
EJPBP4,"31/31B5 Huỳnh Thiện Lộc, P.Hòa Thạnh, Q.Tân Phú, TP.HCM",7200000.0,68.05,Đất,4.5m,23.62m,Đông Nam,,,,,,,land,105804.55547391625,10.789784642282173,106.63028831284149,7.598723420041081,,,,,
UYKQAS,"31/31B4 Huỳnh Thiện Lộc, P.Hòa Thạnh, Q.Tân Phú, TP.HCM",7300000.0,66.84,Đất,4.6m,23.89m,Đông Nam,,,,,,,land,109216.0383004189,10.780611881908404,106.61584050021399,9.098487458096777,,,,,
85YNY3,"Thửa 1280-4 - Tờ 94 đường số 6, P.Long Bình, TP.Thủ Đức, TP.HCM",3570000.0,64.79,Đất,6.14m,12.16m,Đông Nam,,,,,,,land,55101.09584812471,10.836353864159873,106.7494457017471,8.339831545921758,,,,,
37DNJQ,"Thửa 704 - Tờ 7, hẻm 255 Võ Văn Hát, P.Long Trường, TP.Thủ Đức, TP.HCM",40000000.0,37.2,Đất,48.99m,27.34m,Đông Nam,,,,,,,land,1075268.817204301,10.86435071029223,106.75662063431243,11.276649548667292,,,,,
7KEDZA,"Thửa 553 - Tờ 18, Một phần nhà 316/6 Hương Lộ 80, P.Bình Hưng Hoà B, Q.Bình Tân, TP.HCM",4600000.0,51.86,Đất,4.5m,19.98m,Đông Bắc,,,,,,,land,88700.3470883147,10.751095899951753,106.60358015059535,10.911092237121878,,,,,
YB4YND,"Thửa 552 - Tờ 18, Một phần nhà 316/6 Hương Lộ 80, P.Bình Hưng Hoà B, Q.Bình Tân, TP.HCM",4600000.0,50.88,Đất,4.5m,20.35m,Đông Bắc,,,,,,,land,90408.80503144654,10.77338360823052,106.60207703546719,10.627048824206794,,,,,
0Z2239,"23/25/1 Huỳnh Thiện Lộc, P.Hòa Thạnh, Q.Tân Phú, TP.HCM",6700000.0,67.54,Đất,4m,24.92m,Đông Nam,,,,,,,land,99200.47379330765,10.78792571386352,106.61359150521307,9.387171221290279,,,,,
85PUU3,"Thửa 819 - Tờ 438, 881/9 Quốc lộ 1A, P.Bình Hưng Hoà A, Q.Bình Tân, TP.HCM",4350000.0,71.78,Đất,7.16m,12.33m,Tây Nam,,,,,,,land,60601.83895235442,10.77922968771408,106.60941505594069,9.800978790478501,,,,,
ACGTRY,"Thửa 235 - Tờ 37 hẻm 247 Hà Huy Giáp, P.An Phú Đông, Q.12, TP.HCM",13600000.0,83.84,Đất,5.5m,18.63m,Bắc,,,,,,,land,162213.74045801527,10.762201960689216,106.70878869728357,2.2186317405779414,,,,,
QA730U,"Thửa 358 - Tờ 70, MPN 197/92 Thoại Ngọc Hầu, P.Phú Thạnh, Q.Tân Phú, TP.HCM",5090000.0,139.83,Đất,4m,9.1m,Tây Bắc,,,,,,,land,36401.34448973754,10.779774932329676,106.61961654791583,8.685062039705729,,,,,
PZU66G,"Thửa 412 - Tờ 21 đường Đặng Văn Sâm, P.2, Q.Tân Bình, TP.HCM",11600000.0,310.16,Đất,5.96m,8.36m,Đông Bắc,,,,,,,land,37400.051586278045,10.810960043413807,106.66035706644905,5.456821278896571,,,,,
RG1HQJ,"Thửa 306 - Tờ 58 hẻm Đường Trần Thị Trọng, P.15, Q.Tân Bình, TP.HCM",6000000.0,65.43,Đất,5m,19.63m,Đông Bắc,,,,,,,land,91701.05456212745,10.789646888483631,106.64528387627955,5.9781535347791275,,,,,
UYCC3S,"Thửa 524 - Tờ 144, 24/11/2 Bình Trị Đông, P.Bình Trị Đông, Q.Bình Tân, TP.HCM",5400000.0,58.37,Đất,6.72m,14.01m,Tây Nam,,,,,,,land,92513.27736851122,10.779772474201353,106.59368330213995,11.521326122579554,,,,,
E0FXK4,"56/38 Trần Bình Trọng, P.5, Q.Bình Thạnh, TP.HCM",7200000.0,137.66,Đất,4.43m,15.38m,Tây Nam,,,,,,,land,52302.774952782216,10.821087162112413,106.72124515739621,5.174470136266271,,,,,
92JC1P,"Thửa 55 - tờ số 33, Xã Bình Mỹ, H.Củ Chi, TP.HCM",8500000.0,19.99,Đất,6.45m,63.91m,Tây Nam,,,,,,,land,425212.6063031516,11.012849239798824,106.51436070142529,32.74455679923317,,,,,
DFN32H,"Thửa 312 - tờ 67 Hẻm 45 Thạnh Xuân 33, P.Thới An, Q.12, TP.HCM",7500000.0,37.38,Đất,7.5m,26.6m,Tây,,,,,,,land,200642.05457463884,10.78387543031706,106.71166737632413,1.454496041579648,,,,,
371SUQ,"Thửa 2608 - Tờ 47 hẻm đường Thẩm Thệ Hà, P.Đông Hưng Thuận, Q.12, TP.HCM",8199999.999999999,103.79,Đất,4m,19.75m,Tây Nam,,,,,,,land,79005.68455535214,10.76495130798415,106.69562902813732,1.682385745722387,,,,,
SDCDX5,"Thửa 26 - Tờ 89, 328 + 314/1 + 326/1 Thoại Ngọc Hầu, P.Phú Thạnh, Q.Tân Phú, TP.HCM",26500000.0,94.1,Đất,6.01m,40.7m,Nam,,,,,,,land,281615.302869288,10.787065888931068,106.6201299880195,8.666306632142172,,,,,
Y4U00D,"ấp cây trắc, Xã Phú Hòa Đông, H.Củ Chi, TP.HCM",3800000.0,7.5,Đất,10m,50.6m,Đông Nam,,,,,,,land,506666.6666666667,11.010161268372778,106.50388713562033,33.23421067925641,,,,,
YBW6FD,"Thửa 215 - Tờ 18 Tân Hiệp 12-7, Xã Tân Hiệp, H.Hóc Môn, TP.HCM",2480000.0,33.74,Đất,5m,14.89m,,,,,,,,land,73503.26022525193,10.886596028761684,106.60632117873759,15.567726321529895,,,,,
SD78G5,"Thửa 859 - Tờ 9 hẻm đường Lê Văn Khương, P.Hiệp Thành, Q.12, TP.HCM",4550000.0,76.34,Đất,4m,15m,Đông Nam,,,,,,,land,59601.78150379879,10.785700717923673,106.69091277193196,1.1026800196819595,,,,,
85UVE3,"Thửa 547 - Tờ 6 hẻm đường Trần Quang Đạo, Xã Bình Khánh, H.Cần Giờ, TP.HCM",1800000.0,14.51,Đất,5m,24.5m,Tây Bắc,,,,,,,land,124052.37767057202,10.418836836961338,106.91224299949891,46.243139239525036,,,,,
5HKZ97,"Thửa 566 - tờ 69 Đông Thạnh 8-1, Xã Đông Thạnh, H.Hóc Môn, TP.HCM",4390000.0,32.63,Đất,5m,27.17m,Tây Bắc,,,,,,,land,134538.76800490345,10.870600645753354,106.59297764870459,15.34260411557752,,,,,
5HJY17,"Thửa 461 - Tờ 34 hẻm Đường XXT 2, Xã Xuân Thới Thượng, H.Hóc Môn, TP.HCM",3150000.0,32.3,Đất,5m,19.56m,Tây Nam,,,,,,,land,97523.2198142415,10.869257647236958,106.59377240576674,15.17977055960987,,,,,
5HKT27,"Thửa 712 - tờ 56 Đông Thạnh 8-1, Xã Đông Thạnh, H.Hóc Môn, TP.HCM",4800000.0,44.52,Đất,5m,21.61m,Tây Nam,,,,,,,land,107816.71159029649,10.885174275359818,106.58756268636256,16.865902386250912,,,,,
CWR8TB,"Thửa 711- tờ 56 Đông Thạnh 8-1, Xã Đông Thạnh, H.Hóc Môn, TP.HCM",4800000.0,44.32,Đất,5m,21.7m,Tây Nam,,,,,,,land,108303.24909747293,10.896227104600024,106.60416179450023,16.537894196979867,,,,,
WZ38SR,"306/20 Nguyễn Thái Sơn, P.05, Q.Gò Vấp, TP.HCM",7200000.0,94.86,Đất,,,Tây Bắc,,,,,,,land,75901.32827324478,10.821979596312191,106.68970946371016,4.7772425556519105,,,,,
J2SQM0,"Thửa 641 - Tờ 1 Bờ Kênh Trung Đông 8, Xã Thới Tam Thôn, H.Hóc Môn, TP.HCM",1850000.0,9.32,Đất,25.88m,11.37m,,,,,,,,land,198497.8540772532,10.883874134836491,106.58622096683241,16.87379717347098,,,,,
UA5H5S,"Thửa 912 - Tờ 69 đường số 36A Khu C, P.An Phú, TP.Thủ Đức, TP.HCM",60000000.0,300.0,Đất,10m,20m,Tây,,,,,,,land,200000.0,10.836577701741756,106.76320346671467,9.418985141247559,,,,,
EJ7CS4,"Thửa 708 - tờ 190 Xuân Thới Thượng 9, Xã Bà Điểm, H.Hóc Môn, TP.HCM",3200000.0,37.86,Đất,4.23m,19.12m,Tây Nam,,,,,,,land,84521.92287374538,10.878453518084221,106.6082426549906,14.753634221323798,,,,,
QADDZU,"MP 38/8 (Thửa 1003) Trần Thị Hè, khu phố 4, P.Hiệp Thành, Q.12, TP.HCM",5450000.0,84.36,Đất,4m,16.16m,Tây Nam,,,,,,,land,64604.0777619725,10.78117576187837,106.70390365523384,0.5549858835833917,,,,,
Q5MAPU,"201/5/1 Mã Lò, P.Bình Trị Đông A, Q.Bình Tân, TP.HCM",4500000.0,89.46,Đất,4.25m,11.86m,Đông Bắc,,,,,,,land,50301.81086519115,10.758499828583494,106.60877313751027,10.148222651984904,,,,,
EJ9914,"MP 38/8 (Thửa 1002) Trần Thị Hè, khu phố 4, P.Hiệp Thành, Q.12, TP.HCM",5450000.0,84.62,Đất,4m,16.12m,Tây Nam,,,,,,,land,64405.57787757031,10.770624553635821,106.70593140491836,1.263631705193495,,,,,
2XQ28Z,"Thửa 849 - Tờ 18, Đường TL22, P.Thạnh Lộc, Q.12, TP.HCM",4800000.0,54.85,Đất,4.95m,17.83m,Tây Bắc,,,,,,,land,87511.39471285323,10.775785223503467,106.71129307536052,1.4124921533275074,,,,,
ERZEJ4,"Thửa 972 - Tờ 14, Đường TL41, P.Thạnh Lộc, Q.12, TP.HCM",5700000.0,55.39,Đất,6.17m,19.14m,Đông Bắc,,,,,,,land,102906.66185231991,10.781610775203044,106.7104499140674,1.2654063229236365,,,,,
8SKWZ3,"11 - 13 Nội Khu Mỹ Toàn 2, P.Tân Phong, Q.7, TP.HCM",60000000.0,270.27,Đất,12m,18.5m,,,,,,,,land,222000.222000222,10.7197042905994,106.72345479398217,7.162661600342893,,,,,
QAZ0YU,"Thửa 744 - Tờ 39 Liên khu 2-5, P.Bình Trị Đông, Q.Bình Tân, TP.HCM",10500000.0,92.42,Đất,4m,27.91m,Tây,,,,,,,land,113611.77234364855,10.771066949693575,106.60355589562401,10.48616657226327,,,,,
8U9EK3,"Thửa 882 - Tờ 11, Đường Thạnh Lộc 39, P.Thạnh Lộc, Q.12, TP.HCM",5450000.0,58.98,Đất,4m,22.77m,Tây Bắc,,,,,,,land,92404.2048151916,10.785860555182376,106.69259827377225,0.9726874348744697,,,,,
DEBTXH,"Thửa 971-Tờ 21 Hẻm Đường Nguyễn Văn Tạo, Xã Long Thới, H.Nhà Bè, TP.HCM",5000000.0,50.55,Đất,6.83m,16.08m,Đông Bắc,,,,,,,land,98911.96834817014,10.682194039779159,106.72802991512589,11.251307176606069,,,,,
DEQPQH,"Thửa 835 - Tờ 49 hẻm đường Võ Thị Hồi, Xã Xuân Thới Sơn, H.Hóc Môn, TP.HCM",3400000.0,31.92,Đất,5m,21.33m,Đông,,,,,,,land,106516.29072681704,10.89343411411924,106.59580730662627,16.894599262335834,,,,,
GNH3X2,"Thửa 640 - Tờ 51, Đường Vườn Lài, P.An Phú Đông, Q.12, TP.HCM",5300000.0,106.0,Đất,5.28m,9.47m,Đông,,,,,,,land,50000.0,10.770157152731858,106.68960724555389,1.4818103348995353,,,,,
2XSPMZ,"Liên Khu 8-9, P.Bình Hưng Hoà A, Q.Bình Tân, TP.HCM",11900000.0,94.22,Đất,8m,15.72m,Đông Bắc,,,,,,,land,126300.1485884101,10.765138441130448,106.61839969938738,8.965945781057103,,,,,
AKN9HY,"MPN 1B Đường Phạm Quý Thích, P.Tân Quý, Q.Tân Phú, TP.HCM",5950000.0,155.75,Đất,4.25m,9.06m,Nam,,,,,,,land,38202.247191011236,10.787343353068573,106.63297823436312,7.271853296127017,,,,,
92DQ1P,"Thửa 879 - Tờ 11, Đường Thạnh Lộc 39, P.Thạnh Lộc, Q.12, TP.HCM",5450000.0,60.02,Đất,4m,22.77m,Tây Bắc,,,,,,,land,90803.06564478506,10.789211494275001,106.71501388997252,2.0356372465321377,,,,,
W051TR,"Thửa 878 - Tờ 11, Đường Thạnh Lộc 39, P.Thạnh Lộc, Q.12, TP.HCM",5450000.0,60.35,Đất,4m,22.65m,Tây Bắc,,,,,,,land,90306.54515327257,10.78812684600015,106.69562120178026,0.9951035459421135,,,,,
JP7F70,"Thửa 881 - Tờ 11, Đường Thạnh Lộc 39, P.Thạnh Lộc, Q.12, TP.HCM",5450000.0,59.3,Đất,4m,23.03m,Tây Bắc,,,,,,,land,91905.56492411467,10.778795122089265,106.70059176263906,0.2030729100137256,,,,,
KFD13C,"Thửa 574 - Tờ 145 hẻm đường Nguyễn Văn Bứa, Xã Bà Điểm, H.Hóc Môn, TP.HCM",2700000.0,17.62,Đất,5m,30.66m,Đông Bắc,,,,,,,land,153234.9602724177,10.869845554292112,106.6042032333168,14.379176017517448,,,,,
SDGYF5,"Thửa 735 - Tờ 37 hẻm 2640 Huỳnh Tấn Phát, TT.Nhà Bè, H.Nhà Bè, TP.HCM",1880000.0,22.46,Đất,5m,17m,,,,,,,,land,83704.36331255565,10.689549961503374,106.72212280564216,10.295877215591789,,,,,
KJH7KC,"võ văn hát, P.Long Trường, TP.Thủ Đức, TP.HCM",4400000.0,76.12,Đất,5.2m,11.4m,Đông Bắc,,,,,,,land,57803.46820809248,10.863840996280198,106.74108626771455,10.373047908881198,,,,,
EP1M64,"12/8 Lê Văn Thọ, P.14, Q.Gò Vấp, TP.HCM",8800000.0,83.8,Đất,,,Đông,,,,,,,land,105011.93317422435,10.83624795402178,106.68025407527993,6.574349331926026,,,,,
DCV8FH,"Lê Văn Sỹ, P.13, Q.Phú Nhuận, TP.HCM",7900000.0,123.63,Đất,5.48m,14.15m,Tây Bắc,,,,,,,land,63900.34781201974,10.79781822441088,106.67565692200569,3.242199219694911,,,,,
40UC8F,"Hẻm 2024 tỉnh lộ 8, Xã Bình Mỹ, H.Củ Chi, TP.HCM",12000000.0,11.91,Đất,22m,41m,Tây Nam,,,,,,,land,1007556.6750629722,10.999978220988234,106.50861865947473,32.04036833348143,,,,,
8SH5E3,"Thửa 592 - tờ 44 Hẻm D31, Xã Hưng Long, H.Bình Chánh, TP.HCM",3050000.0,18.93,Đất,5.04m,32.78m,Đông Nam,,,,,,,land,161119.91547807714,10.684630531945395,106.5980548017656,15.256899037230239,,,,,
40JUYF,"Thửa 596 - Tờ 119 hẻm đường Bùi Thị Lành, Xã Bình Mỹ, H.Củ Chi, TP.HCM",1800000.0,11.18,Đất,7m,23.37m,Đông Bắc,,,,,,,land,161001.78890876565,10.998313841680886,106.50028685098368,32.5024248663852,,,,,
Q5MA3U,"637/10/33/28E Hà Huy Giáp, P.Thạnh Xuân, Q.12, TP.HCM",5050000.0,37.71,Đất,17.85m,9.74m,Tây,,,,,,,land,133916.73296207903,10.77565069858574,106.70201608949105,0.5620773235629123,,,,,
AKJCDY,"Thửa 716 - Tờ 27 Đường Lê Thị Riêng, P.Thới An, Q.12, TP.HCM",8000000.0,61.87,Đất,5m,25.87m,Nam,,,,,,,land,129303.37805075158,10.790129719829729,106.7020914612782,1.1923031596324898,,,,,
8SYD03,"Thửa 563 - Tờ 43, đường Bàu Giã, Xã Phước Vĩnh An, H.Củ Chi, TP.HCM",2980000.0,26.53,Đất,5m,22.79m,,,,,,,,land,112325.66905390123,11.020425655135202,106.5094965982659,33.73222095265343,,,,,
9T4D3P,"Thửa 617 - Tờ 48 hẻm đường Tỉnh Lộ 15, Xã Tân Thạnh Đông, H.Củ Chi, TP.HCM",3600000.0,11.05,Đất,15.06m,21.36m,Đông Nam,,,,,,,land,325791.85520361987,11.018849245741384,106.49892079584141,34.32000434203869,,,,,
U7495S,"Đường số 6-8, TT.Hóc Môn, H.Hóc Môn, TP.HCM",2800000.0,45.16,Đất,4.5m,14m,Đông Nam,,,,,,,land,62001.771479185125,10.89730649520462,106.57961119253069,18.425332038393908,,,,,
W9M2MR,"Thửa 1107 - Tờ 59, Quốc lộ 1A, P.An Phú Đông, Q.12, TP.HCM",4800000.0,44.28,Đất,4.08m,27.32m,Đông Bắc,,,,,,,land,108401.0840108401,10.76301876349837,106.69749504688635,1.8621280648817025,,,,,
Q7BJVU,"Thửa 1105 - Tờ 59, Đường Quốc lộ 1A, P.An Phú Đông, Q.12, TP.HCM",4950000.0,44.11,Đất,4.05m,28.25m,Đông Bắc,,,,,,,land,112219.45137157108,10.773060457671301,106.6939274407323,0.9297641210870116,,,,,
AKBU7Y,"Thửa 720 - Tờ 38, đường Hiệp Thành 43, P.Hiệp Thành, Q.12, TP.HCM",4950000.0,49.64,Đất,4m,24.99m,Tây Nam,,,,,,,land,99717.96937953263,10.770845176764379,106.69568383942627,1.0543337084746516,,,,,
UAVV4S,"Thửa 1501 - Tờ 21, Đường Thạnh Lộc 16, P.An Phú Đông, Q.12, TP.HCM",6200000.0,71.42,Đất,4m,21.75m,,,,,,,,land,86810.41725007001,10.777472955694027,106.68843938428584,1.1859614026028673,,,,,
YBFAZD,"Thửa 91 - Tờ 28 đường số 97, Ấp Giồng Sao, Xã Tân Phú Trung, H.Củ Chi, TP.HCM",6500000.0,18.35,Đất,9.95m,35.41m,Đông Bắc,,,,,,,land,354223.4332425068,10.779084671350791,106.61443147250517,9.252477492041697,,,,,
8S0E43,"Thửa 608 - Tờ 80 đường số 387, Xã Tân An Hội, H.Củ Chi, TP.HCM",1980000.0,12.16,Đất,12.97m,11.16m,Nam,,,,,,,land,162828.94736842104,11.008692622008244,106.50228886939593,33.22270062931578,,,,,
RPWN6J,"Thửa 693 - tờ 19 Tỉnh lộ 43, P.Bình Chiểu, TP.Thủ Đức, TP.HCM",3250000.0,37.52,Đất,4.33m,20m,Tây Bắc,,,,,,,land,86620.46908315564,10.862427167506922,106.76017725247414,11.325984398044868,,,,,
7KE64A,"Thửa 798 - Tờ 55 hẻm Bưng Ông Thoàn, P.Phú Hữu, TP.Thủ Đức, TP.HCM",10300000.0,65.94,Đất,4.25m,38.66m,,,,,,,,land,156202.6084319078,10.856376194720944,106.74754230866081,9.996024746904565,,,,,
9Z1G1P,"Thửa 877 - tờ 15 Đường Hà Huy Giáp, P.Thạnh Xuân, Q.12, TP.HCM",39000000.0,39.05,Đất,16.04m,55.04m,Nam,,,,,,,land,998719.5902688861,10.783230276620735,106.71497358175583,1.785078261564118,,,,,
5DSER7,"Thửa 508 - tờ 22 Tỉnh lộ 43, P.Bình Chiểu, TP.Thủ Đức, TP.HCM",3200000.0,40.25,Đất,5.05m,15.98m,Đông Bắc,,,,,,,land,79503.10559006211,10.837403164801,106.75245990095019,8.646510435286128,,,,,
4J9TXF,"Thửa 737 - tờ 63 ấp Tam Đông, Xã Thới Tam Thôn, H.Hóc Môn, TP.HCM",4200000.0,52.1,Đất,6.2m,13m,Tây Nam,,,,,,,land,80614.20345489444,10.884962969190745,106.59289466598374,16.43293290970945,,,,,
1UD9W6,"Thửa 441 - Tờ 3 hẻm 1508 Đường Lê Văn Lương, Xã Nhơn Đức, H.Nhà Bè, TP.HCM",4500000.0,38.23,Đất,4.3m,18.91m,Tây Nam,,,,,,,land,117708.6058069579,10.697897808646662,106.74388444912051,10.301319369286473,,,,,
2XEMTZ,"Thửa 564 - tờ 143 Đường TTT12, Xã Đông Thạnh, H.Hóc Môn, TP.HCM",4800000.0,51.94,Đất,5.5m,17.21m,Tây Nam,,,,,,,land,92414.32422025414,10.895711879183084,106.58943155772027,17.551307053724003,,,,,
SSYV5Y,"Thửa 564 - Tờ 66, Đường Trình Thị Gắt, Xã Tân An Hội, H.Củ Chi, TP.HCM",1300000.0,12.89,Đất,5m,20.25m,,,,,,,,land,100853.3747090768,11.002508379766269,106.50023829805954,32.852363782261044,,,,,
3STJZQ,"87/54 Quốc lộ 1, P.Hiệp Bình Phước, TP.Thủ Đức, TP.HCM",5800000.0,54.3,Đất,4.2m,25.41m,Tây Bắc,,,,,,,land,106813.99631675876,10.857624228401574,106.74983131744096,10.246811388904488,,,,,
PTRTCG,"Thửa 548 Tờ 12, Đường Thạnh Lộc 41, P.Thạnh Lộc, Q.12, TP.HCM",7950000.0,53.78,Đất,6.1m,24.36m,,,,,,,,land,147824.47006322053,10.76104819649631,106.70689291448483,2.243956027658667,,,,,
5DE5V7,"Thửa 833 - tờ 27 Đường Vườn Lài, P.Thạnh Lộc, Q.12, TP.HCM",1800000.0,38.37,Đất,5m,9.4m,Tây Nam,,,,,,,land,46911.64972634871,10.76810029382579,106.71237167010486,1.949448083811679,,,,,
JPJ910,"Thửa 805 - Tờ 27, đường Đỗ Hành, P.Trung Mỹ Tây, Q.12, TP.HCM",3350000.0,58.46,Đất,4.4m,13.36m,Tây Bắc,,,,,,,land,57304.13958262059,10.760744312652635,106.70752298364984,2.301978099198586,,,,,
SY4T75,"Thửa 46 - tờ 34 đường số 6, Xã Long Thới, H.Nhà Bè, TP.HCM",5200000.0,0.03,Đất,8m,20m,Đông Nam,,,,,,,land,173333333.33333334,10.707044166515969,106.73487053642191,8.950393076244461,,,,,
UAR0QS,"Thửa 700 - tờ 23 Đường Hà Duy Phiên, Xã Bình Mỹ, H.Củ Chi, TP.HCM",11000000.0,24.42,Đất,6.61m,50.31m,Đông Bắc,,,,,,,land,450450.4504504504,11.01381189963701,106.48752681490504,34.709728465110196,,,,,
SYT025,"Thửa 587 - Tờ 19 Đường Quách Điêu, Xã Vĩnh Lộc A, H.Bình Chánh, TP.HCM",14400000.0,28.48,Đất,11.91m,42.89m,Nam,,,,,,,land,505617.9775280899,10.692757250152237,106.58489433068051,15.764712564822299,,,,,
SYRKG5,"Thửa 577 - Tờ 61, Đường Phạm Văn Sáng, Xã Xuân Thới Thượng, H.Hóc Môn, TP.HCM",25000000.0,34.2,Đất,10m,74.23m,Tây Bắc,,,,,,,land,730994.1520467836,10.880956014015531,106.60890515076052,14.91156238670585,,,,,
8UTNJ3,"Thửa 413 - Tờ 66, hẻm 50 Hòa Bình, P.5, Q.11, TP.HCM",12070000.0,95.03,Đất,4m,35.06m,Tây Nam,,,,,,,land,127012.52236135957,10.770953791463093,106.70248962852159,1.0476478426726705,,,,,
PT3M6G,"Thửa 1101 - Tờ 59, Đường Quốc lộ 1A, P.An Phú Đông, Q.12, TP.HCM",3750000.0,42.13,Đất,5m,18.52m,Tây Bắc,,,,,,,land,89010.20650367909,10.769490776736854,106.69019228493644,1.4934637623682214,,,,,
GNM5B2,"Thửa 1093 - Tờ 50, đường số 55, P.Tân Tạo, Q.Bình Tân, TP.HCM",8500000.0,85.0,Đất,4m,25m,Đông Nam,,,,,,,land,100000.0,10.755067322649937,106.61746825062247,9.329977070264706,,,,,
AH83EY,"Thửa 412 - Tờ 66, hẻm 50 Hòa Bình, P.5, Q.11, TP.HCM",10640000.0,95.42,Đất,4m,31.01m,Tây Nam,,,,,,,land,111507.02158876546,10.77216603739075,106.71607699492806,2.046241972921374,,,,,
5DZJQ7,"Thửa 604 - Tờ 80 đường số 387, Xã Tân An Hội, H.Củ Chi, TP.HCM",1350000.0,12.14,Đất,8m,14.38m,Nam,,,,,,,land,111202.63591433277,10.999856932605917,106.48876386307523,33.48161098605355,,,,,
2XQYWZ,"Thửa 1103 - Tờ 59, Đường Quốc lộ 1A, P.An Phú Đông, Q.12, TP.HCM",3900000.0,44.11,Đất,5m,18.38m,Tây Bắc,,,,,,,land,88415.325323056,10.768320088702612,106.68937683344284,1.6499799634814838,,,,,
5DFPC7,"Thửa 1102 - Tờ 59, Đường Quốc lộ 1A, P.An Phú Đông, Q.12, TP.HCM",3750000.0,42.27,Đất,5m,18.38m,Tây Bắc,,,,,,,land,88715.40099361248,10.776631772347356,106.70155852243947,0.4452516370996216,,,,,
SAV1X5,"Thửa 415 - Tờ 66, hẻm 50 Hòa Bình, P.5, Q.11, TP.HCM",18090000.0,90.26,Đất,4.1m,39.03m,Tây Nam,,,,,,,land,200421.0059827166,10.764836118136495,106.71444251141324,2.361448480465961,,,,,
50RS7X,"Thửa 571 - Tờ 31, Đường Phạm Văn Cội, Xã Phạm Văn Cội, H.Củ Chi, TP.HCM",4000000.0,25.3,Đất,6.2m,25.84m,Đông Bắc,,,,,,,land,158102.76679841898,10.992070045270886,106.4937940895185,32.478552864041795,,,,,
1QRC16,"Thửa 603 - Tờ 80 đường số 387, Xã Tân An Hội, H.Củ Chi, TP.HCM",1350000.0,12.18,Đất,7.5m,15.23m,Nam,,,,,,,land,110837.43842364532,11.010949327915501,106.51436913375456,32.578822973976855,,,,,
5D0307,"Thửa 1788 - Tờ 22, Đường Thạnh Lộc 19, P.Thạnh Lộc, Q.12, TP.HCM",18500000.0,29.8,Đất,13.15m,48.41m,Đông Bắc,,,,,,,land,620805.3691275168,10.785984216822976,106.70952048217865,1.3367973497415293,,,,,
7HWGQA,"Thửa 1106 - Tờ 59, Đường Quốc lộ 1A, P.An Phú Đông, Q.12, TP.HCM",4800000.0,43.51,Đất,4.06m,27.2m,Đông Bắc,,,,,,,land,110319.46678924386,10.778682383350619,106.71277664365196,1.5086009001877534,,,,,
CF9EUB,"Thửa 607 - Tờ 7, Đường Sa Nhỏ, Xã Trung Lập Thượng, H.Củ Chi, TP.HCM",2550000.0,5.42,Đất,7.95m,59.62m,Tây,,,,,,,land,470479.704797048,11.007248719443584,106.49930224879573,33.31426094983711,,,,,
2X8N5Z,"Thửa 95 - Tờ 20, đường số 30, Xã Tân Thông Hội, H.Củ Chi, TP.HCM",3850000.0,18.16,Đất,6.44m,33.83m,Tây Bắc,,,,,,,land,212004.40528634362,11.010059445565423,106.49312693370943,33.99288353482596,,,,,
CKXZBC,"Thửa 1004 - Tờ 24, Đường Lê Thị Riêng, P.Thới An, Q.12, TP.HCM",5600000.0,56.0,Đất,4m,21.91m,,,,,,,,land,100000.0,10.769540727592656,106.68946686710848,1.5419194858162724,,,,,
ERXZN4,"Thửa 598 - Tờ 26, đường số 10, P.Tân Tạo, Q.Bình Tân, TP.HCM",5650000.0,56.5,Đất,5m,20m,Đông Bắc,,,,,,,land,100000.0,10.756320267233237,106.59361700430537,11.817572412426086,,,,,
8SXQX3,"Thửa 1121 - Tờ 95, Đường Thạnh Xuân 21, P.Thạnh Xuân, Q.12, TP.HCM",4900000.0,76.8,Đất,4m,15.94m,,,,,,,,land,63802.083333333336,10.783822729265683,106.70417920917254,0.7189324811730244,,,,,
Q8ZQUQ,"Xô Viết Nghệ Tĩnh, P.28, Q.Bình Thạnh, TP.HCM",98000000.0,245.0,Đất,18m,22.2m,,,,,,,,land,400000.0,10.825379784291396,106.69944192871681,5.043592320371401,,,,,
9ZQHEP,"Thửa 614 - Tờ 102, Đường Nguyễn Thị Măng, Xã Thái Mỹ, H.Củ Chi, TP.HCM",2000000.0,2.3,Đất,9.74m,62.25m,Bắc,,,,,,,land,869565.2173913044,11.021293796786704,106.50123822171827,34.3687689024826,,,,,
3SNXMQ,"Thửa 414 - Tờ 66, hẻm 50 Hòa Bình, P.5, Q.11, TP.HCM",14490000.0,90.16,Đất,4.5m,39.03m,Tây Nam,,,,,,,land,160714.2857142857,10.76066614079616,106.71647209573612,2.848224193922177,,,,,
WPB3GR,"Thửa 579 - Tờ 1 hẻm số 2 đường Tô Ngọc Vân, P.15, Q.Gò Vấp, TP.HCM",3200000.0,56.33,Đất,3.2m,14.94m,Đông Bắc,,,,,,,land,56808.095153559385,10.839821207571214,106.68702807919931,6.769222012296669,,,,,
SYFD95,"Thửa 859 - tờ 19 Đường Hiệp Thành 17, P.Hiệp Thành, Q.12, TP.HCM",6500000.0,78.88,Đất,4m,20.67m,Bắc,,,,,,,land,82403.65111561866,10.7673943547707,106.70208828343154,1.4108443269648558,,,,,
WW9UR9,"Thửa 713 - Tờ 30, Đường Số 16, Xã Tân Thông Hội, H.Củ Chi, TP.HCM",5300000.0,16.08,Đất,6m,55.17m,,,,,,,,land,329601.9900497513,10.9936691463669,106.51084661893121,31.352891383870407,,,,,
SYJP85,"Thửa 527 - Tờ 26, Đường Cây Trôm Mỹ Khánh, Xã Phước Hiệp, H.Củ Chi, TP.HCM",1700000.0,3.05,Đất,15.3m,39.38m,Bắc,,,,,,,land,557377.0491803279,11.013366995877027,106.49151628480111,34.383732358981405,,,,,
AH9JBY,"22/4/9 Đường Số 61, P.Thảo Điền, TP.Thủ Đức, TP.HCM",13900000.0,114.59,Đất,6m,22m,Tây Bắc,,,,,,,land,121302.03333624225,10.853065122510827,106.7494320255863,9.802273920110583,,,,,
35JVKQ,"Thửa 688 - Tờ 195 Đường Nguyễn Thị Nhia, Xã Phước Hiệp, H.Củ Chi, TP.HCM",1600000.0,14.55,Đất,5m,22.22m,Bắc,,,,,,,land,109965.63573883161,10.99701014885536,106.50050098716895,32.379654138345416,,,,,
W9355R,"Thửa 592 - Tờ 18, Đường Nguyễn Thị Dòn, Xã Nhuận Đức, H.Củ Chi, TP.HCM",1450000.0,10.94,Đất,5m,26.76m,Bắc,,,,,,,land,132541.13345521025,10.997167515501667,106.50472460127934,32.08499807726951,,,,,
W0FU0R,"Thửa 539 - Tờ 34, đường Lê Trọng Tấn, P.Bình Hưng Hòa, Q.Bình Tân, TP.HCM",7200000.0,70.58,Đất,4.3m,24.11m,Tây Bắc,,,,,,,land,102011.90138849533,10.776477454922388,106.59387556484022,11.50617922020916,,,,,
SYP3A5,"Thửa 935 - Tờ 4 Đường Nguyễn Thị Thạo, Xã Phước Hiệp, H.Củ Chi, TP.HCM",1280000.0,10.61,Đất,5.62m,24.69m,Nam,,,,,,,land,120640.90480678606,11.006339002901854,106.50625659152392,32.74390393449161,,,,,
YCWBMD,"Thửa 664 - Tờ 10, Đường Đặng Thị Dợt, Xã Phước Vĩnh An, H.Củ Chi, TP.HCM",3680000.0,18.43,Đất,7.89m,26.5m,Nam,,,,,,,land,199674.44384156266,11.004851687472504,106.5156317338346,31.965532126820314,,,,,
AH7Z3Y,"Thửa 542 - Tờ 34, đường Lê Trọng Tấn, P.Bình Hưng Hòa, Q.Bình Tân, TP.HCM",7200000.0,68.63,Đất,4.3m,24.76m,Tây Bắc,,,,,,,land,104910.38904269271,10.76039226413498,106.60224663874425,10.800276627503981,,,,,
DC95VH,"Thửa 619 - Tờ 103, đường số 8, P.Linh Trung, TP.Thủ Đức, TP.HCM",22200000.0,99.86,Đất,8.2m,27.82m,Đông Nam,,,,,,,land,222311.23573002205,10.860456928837808,106.76533496838427,11.497927948364826,,,,,
8UFV63,"Thửa 15 - Tờ 47, đường số 17, P.Linh Trung, TP.Thủ Đức, TP.HCM",52000000.0,64.98,Đất,13m,60.13m,Tây Nam,,,,,,,land,800246.2296091104,10.83749583061938,106.73949529236984,7.767518818069691,,,,,
AHZSNY,"Thửa 610 - Tờ 52, đường Bùi Thị Điệt, Xã Nhuận Đức, H.Củ Chi, TP.HCM",1900000.0,5.47,Đất,6m,58.53m,Đông Nam,,,,,,,land,347349.1773308958,11.012069294456191,106.51646125588606,32.53531055403443,,,,,
3SBJ5Q,"Thửa 809 - Tờ 16, đường Võ Thị Mận, Xã Trung An, H.Củ Chi, TP.HCM",2300000.0,26.55,Đất,5.09m,17.72m,Đông Bắc,,,,,,,land,86629.00188323917,11.018123876224022,106.49407662505432,34.598820303183764,,,,,
7HT0MA,"Thửa 562 - Tờ 121 Đường Tỉnh lộ 10, P.Bình Trị Đông B, Q.Bình Tân, TP.HCM",7350000.0,97.48,Đất,4.45m,16.97m,Đông,,,,,,,land,75400.08206811654,10.756937953952532,106.61490834646024,9.541111125503207,,,,,
C4UCRB,"Thửa 632 - Tờ 2, Đường Tỉnh lộ 10, P.Tân Tạo, Q.Bình Tân, TP.HCM",3500000.0,53.92,Đất,4.18m,16.87m,Tây Bắc,,,,,,,land,64910.97922848664,10.757003429748357,106.61239045142447,9.80506886760771,,,,,
7HVEJA,"Thửa 532 - tờ 19 Đường Lê Văn Quới, P.Bình Hưng Hoà A, Q.Bình Tân, TP.HCM",4450000.0,113.52,Đất,3.98m,9.89m,Bắc,,,,,,,land,39200.140944326995,10.773465552643827,106.5901141006866,11.932298298724195,,,,,
6UEVD8,"Thửa 613 - Tờ 102, Đường Nguyễn Thị Măng, Xã Thái Mỹ, H.Củ Chi, TP.HCM",1800000.0,2.8,Đất,10.48m,64.98m,Đông Bắc,,,,,,,land,642857.1428571428,10.991795643962853,106.5149060190234,30.90596684360054,,,,,
7H9SRA,"Thửa 687 - Tờ 195, Đường Nguyễn Thị Nhia, Xã Phước Hiệp, H.Củ Chi, TP.HCM",1700000.0,11.61,Đất,6.78m,21.77m,Đông Bắc,,,,,,,land,146425.4952627046,11.008580821370847,106.49122791023257,34.00887034622831,,,,,
AKZUNY,"Thửa 657 - Tờ 16 Đường Lý Thị Chừng, Xã Phú Hòa Đông, H.Củ Chi, TP.HCM",1900000.0,18.3,Đất,6.18m,16.69m,Đông Bắc,,,,,,,land,103825.13661202186,11.002063041259373,106.50559958793058,32.430233958124944,,,,,
R9BZ8J,"Thửa 553 - Tờ 131, đường Tỉnh Lộ 10, P.Bình Trị Đông, Q.Bình Tân, TP.HCM",5350000.0,61.14,Đất,5.43m,15.9m,Nam,,,,,,,land,87504.08897612037,10.766358670702198,106.60052871364577,10.874782759018913,,,,,
AHF5QY,"47/68/46/20 Đường Trường Lưu, P.Long Trường, TP.Thủ Đức, TP.HCM",3800000.0,73.35,Đất,4.4m,11.8m,Đông Bắc,,,,,,,land,51806.4076346285,10.844421540295945,106.74692813412325,8.863193211303779,,,,,
Q70NJU,"Thửa 569 - tờ 121 Đường Phùng Tá Chu, P.An Lạc, Q.Bình Tân, TP.HCM",5450000.0,109.0,Đất,4.33m,11.95m,Tây,,,,,,,land,50000.0,10.765199209316691,106.60375605998595,10.544105056480085,,,,,
1QFGK6,"Thửa 568 - tờ 121 Đường Phùng Tá Chu, P.An Lạc, Q.Bình Tân, TP.HCM",5450000.0,109.0,Đất,4.31m,11.96m,Tây,,,,,,,land,50000.0,10.761750938446678,106.59382388340427,11.677928686900756,,,,,
PTV15G,"Thửa Số 2 - Tờ Số 20, 362 Ba Sa, Xã Trung Lập Hạ, H.Củ Chi, TP.HCM",2860000.0,24.46,Đất,5m,23.64m,Tây Bắc,,,,,,,land,116925.5928045789,11.005128615705603,106.48927504791324,33.869939702865096,,,,,
ERJMA4,"Thửa 700 - Tờ 37, 907/8A Hương Lộ 2, P.Bình Trị Đông A, Q.Bình Tân, TP.HCM",6700000.0,76.22,Đất,5.16m,17.13m,Đông Nam,,,,,,,land,87903.43741800053,10.766875549272463,106.59846675953116,11.090713815059548,,,,,
0GJPQ9,"Thửa 601 - Tờ 27, hẻm 37 Hồ Văn Long, P.Bình Hưng Hoà B, Q.Bình Tân, TP.HCM",6250000.0,69.21,Đất,5m,18.82m,Tây,,,,,,,land,90304.86923854935,10.762018510792915,106.58953632375066,12.135402769530351,,,,,
6XNG8Y,"Thửa 488 - Tờ 10, Đường Đặng Thùy Trâm, P.13, Q.Bình Thạnh, TP.HCM",8700000.0,176.11,Đất,4m,20m,,,,,,,,land,49400.94259269774,10.81449056050165,106.6982272507095,3.8398936277250315,,,,,
13V876,"Thửa 638 - Tờ 27, hẻm 37 Hồ Văn Long, P.Bình Hưng Hoà B, Q.Bình Tân, TP.HCM",6250000.0,66.98,Đất,4.82m,18.66m,Tây,,,,,,,land,93311.43624962674,10.754813978106103,106.61244980060592,9.86388699638438,,,,,
5Y6UD7,"Thửa 1022 - Tờ 58, Hẻm 340 Long Phước, P.Long Phước, TP.Thủ Đức, TP.HCM",5500000.0,51.4,Đất,4.03m,26.79m,Tây,,,,,,,land,107003.89105058365,10.860736746836592,106.76041219112673,11.191015338291324,,,,,
SA2DE5,"Thửa 1001 - Tờ 34, Đường Ngô Chí Quốc, P.Bình Chiểu, TP.Thủ Đức, TP.HCM",3000000.0,56.6,Đất,4m,12.5m,Tây Nam,,,,,,,land,53003.53356890459,10.86181371622603,106.74109197743326,10.172824557586555,,,,,
JRYR0D,"Thửa 51 - Tờ 41, Đường Trần Thị Rộng, Xã Nhuận Đức, H.Củ Chi, TP.HCM",9500000.0,0.11,Đất,13.5m,51m,,,,,,,,land,86363636.36363636,11.01167087575473,106.48755070643712,34.531767661554994,,,,,
SYP3D5,"Lô 2, đường Số 13, Khu Công Nghiệp Tân Bình, P.Tây Thạnh, Q.Tân Phú, TP.HCM",290000000.0,28.82,Đất,95.41m,105.99m,,,,,,,,land,10062456.627342124,10.787000297216348,106.64443216571775,6.024062526261594,,,,,
7KD0EA,"Thửa 1003 - Tờ 45 đường số 1, KDC Việt Nhân - Tín Hưng, P.Long Trường, TP.Thủ Đức, TP.HCM",3800000.0,67.85,Đất,4m,14m,Bắc,,,,,,,land,56005.89535740605,10.853876917647037,106.75813693785553,10.437826919818281,,,,,
8SJ9G3,"Một phần thửa 298 - Tờ 76 Đường Kênh Trung Ương, Xã Vĩnh Lộc A, H.Bình Chánh, TP.HCM",7700000.0,0.06,Đất,15.05m,64.01m,Nam,,,,,,,land,128333333.33333334,10.685128119365087,106.60554788448584,14.63500733823009,,,,,
UAZ9MS,"Một phần nhà 942/1/1A Đường Kha Vạn Cân, P.Trường Thọ, TP.Thủ Đức, TP.HCM",5300000.0,62.5,Đất,4.88m,14.59m,Tây Nam,,,,,,,land,84800.0,10.85653597886289,106.74128476226977,9.665811968373918,,,,,
YCRYGD,"Thửa 669 - Tờ 134, 138/40/26 Đường Nguyễn Duy Cung, P.12, Q.Gò Vấp, TP.HCM",5350000.0,96.05,Đất,4m,13.92m,Nam,,,,,,,land,55700.15616866216,10.839796918932894,106.6868886462734,6.769559993703348,,,,,
K4ZZKC,"Thửa 1052 - tờ 19 và Thửa 1053 - tờ 19 Đường Nguyễn Xiển, Trường Thạnh, Q.9, TP.HCM",139000000.0,60.96,Đất,31m,75m,Tây,,,,,,,land,2280183.727034121,10.836477221871053,106.81482419198025,14.130849902316946,,,,,
6U3YY8,"Thửa 39 - Tờ 16, kế 541/1/4 Tỉnh lộ 10, P.Bình Trị Đông, Q.Bình Tân, TP.HCM",6500000.0,49.8,Đất,6.76m,25.13m,Bắc,,,,,,,land,130522.08835341367,10.754607287162255,106.61025538807768,10.10079981684021,,,,,
PTAR4G,"Tổ 54 KP4 ( Thửa 1112 - tờ 31 ) Đường Phan Văn Hớn, P.Tân Thới Nhất, Q.12, TP.HCM",5300000.0,74.33,Đất,4m,16.16m,Đông Nam,,,,,,,land,71303.64590340374,10.782358859794588,106.69536186413703,0.4917531670630712,,,,,
9ZY81P,"Thửa 653 - Tờ 51, MPN 238/10-12 Đường Phú Thọ Hòa, P.Phú Thọ Hòa, Q.Tân Phú, TP.HCM",6500000.0,114.03,Đất,3.9m,14.58m,Tây Bắc,,,,,,,land,57002.5431903885,10.786466779382447,106.61526383105094,9.190774086420898,,,,,
7HNYFA,"Thửa 550 - tờ 15 ( 233/16 ) Đường Quốc Lộ 13 cũ, KP1, P.Hiệp Bình Phước, TP.Thủ Đức, TP.HCM",6250000.0,72.75,Đất,4.77m,18.75m,Đông Nam,,,,,,,land,85910.6529209622,10.861924438339129,106.7415963013658,10.208778095851226,,,,,
CFGMFB,"Thửa 669 tờ 50, Một phần nhà số 647/1A Quốc lộ 13, P.Hiệp Bình Phước, TP.Thủ Đức, TP.HCM",6350000.0,95.48,Đất,4.04m,18.98m,Tây Bắc,,,,,,,land,66506.0745705907,10.8495961815798,106.74652126383424,9.306123592208053,,,,,
3D1V6Q,"đường lê thị hà (nay là đường ấp chánh 4), Xã Tân Xuân, H.Hóc Môn, TP.HCM",16500000.0,17.49,Đất,25m,40m,Tây Bắc,,,,,,,land,943396.2264150945,10.875494570813448,106.5949732564986,15.541834320884638,,,,,
P1SSDG,"72C Hoà bình, P.5, Q.11, TP.HCM",70000000.0,350.0,Đất,10m,20m,Tây Bắc,,,,,,,land,200000.0,10.76542641123379,106.69798285520348,1.5923558221593503,,,,,
SBY8N5,"442/119/64 QL1A, P.An Phú Đông, Q.12, TP.HCM",4900000.0,48.61,Đất,,,Tây Nam,,,,,,,land,100802.30405266407,10.768216640607275,106.688128662903,1.748832194701283,,,,,
0XSCC9,"Xã Tân Thạnh Tây, H.Củ Chi, TP.HCM",825.1,5.5,Đất,,,Đông Nam,,,,,,,land,150.01818181818183,11.017249189592007,106.51533505962585,33.06420340941804,,,,,
7BCFDA,"Thửa 659 - Tờ 58 An Hạ, Xã Phạm Văn Hai, H.Bình Chánh, TP.HCM",12000000.0,14.17,Đất,20m,42.66m,,,,,,,,land,846859.5624558927,10.698952226913889,106.58725801834464,15.146322975488024,,,,,
KWZSZC,"Thửa 1350 - tờ 22 Thới An 16, P.Thới An, Q.12, TP.HCM",3950000.0,65.72,Đất,4.63m,14m,Đông,,,,,,,land,60103.469263542305,10.761745355103425,106.69571233612339,2.0281047477714376,,,,,
7KS61A,"Thửa 808 - tờ 1 Trung An, Xã Trung An, H.Củ Chi, TP.HCM",4000000.0,10.59,Đất,9.5m,33.07m,Đông Nam,,,,,,,land,377714.8253068933,11.012161328985625,106.50192477544807,33.54152532034221,,,,,
UCR6JS,"Thửa 1230 - tờ 97 HIệp Thành 45, P.Hiệp Thành, Q.12, TP.HCM",2950000.0,57.84,Đất,4.87m,10.5m,Đông Bắc,,,,,,,land,51002.766251728906,10.760836618017866,106.71127693024071,2.487509704709543,,,,,
QK4YHU,"1130 Thạnh xuân 52, P.Thạnh Xuân, Q.12, TP.HCM",25000000.0,32.59,Đất,5m,50m,Đông Bắc,,,,,,,land,767106.4743786437,10.78472909705656,106.70300280677286,0.6986094291633,,,,,
P139MG,"Thửa 601 - tờ 114 Đồng Tâm, Xã Tân Xuân, H.Hóc Môn, TP.HCM",3950000.0,31.6,Đất,5m,25m,Đông Bắc,,,,,,,land,125000.0,10.872657381755847,106.59790155048351,15.09366948593519,,,,,
DRRAYH,"Thửa 866 - tờ 72 Thạnh Xuân 25, P.Thạnh Xuân, Q.12, TP.HCM",3950000.0,74.38,Đất,4.21m,12.77m,Tây Bắc,,,,,,,land,53105.67356816349,10.767204383705051,106.68856466419133,1.8016921974478493,,,,,
K0WDYC,"Thửa 772 - tờ 66 Song Hành, Xã Tân Hiệp, H.Hóc Môn, TP.HCM",2950000.0,30.98,Đất,4.5m,21.16m,Đông Nam,,,,,,,land,95222.72433828276,10.884508145375872,106.59615649411221,16.146880028020682,,,,,
JXGC20,"Thửa 746 - tờ 85 đường T12, Xã Tân Quý Tây, H.Bình Chánh, TP.HCM",2000000.0,14.12,Đất,5.79m,23.88m,Tây Nam,,,,,,,land,141643.059490085,10.68380040788953,106.59558651089742,15.516175337879348,,,,,
74HPJA,"Thửa 18 - tờ 23 Bến Than, Xã Bình Mỹ, H.Củ Chi, TP.HCM",20500000.0,6.27,Đất,27.68m,86.54m,Tây Nam,,,,,,,land,3269537.480063796,11.005696363508493,106.50770267640532,32.5878455733971,,,,,
KJYN3C,"Thửa 976 - tờ 33 Thạnh Lộc 16, P.Thạnh Lộc, Q.12, TP.HCM",3950000.0,53.23,Đất,4.5m,16.63m,Tây Nam,,,,,,,land,74206.27465714823,10.780725844483335,106.69298892870216,0.6686280873474566,,,,,
26KDBZ,"Thửa 559 - Tờ 19 Tân Hoà 2, Hiệp Phú, Q.9, TP.HCM",8000000.0,73.39,Đất,5m,25m,,,,,,,,land,109006.67665894536,10.856555760480493,106.8292092441473,16.576218142283594,,,,,
26Y8AZ,"144/48 Đề Thám, P.Cầu Ông Lãnh, Q.1, TP.HCM",8000000.0,202.53,Đất,,,Tây Bắc,,,,,,,land,39500.32094010764,10.765031952759829,106.71251499107291,2.199748077700465,,,,,
C0X8JB,"67 TL 50, P.Thạnh Lộc, Q.12, TP.HCM",7500000.0,52.66,Đất,,,Tây Nam,,,,,,,land,142423.0915305735,10.788168634848734,106.70039314359316,0.9392820772890189,,,,,
UKWE3S,"38 Nguyễn Xí, P.26, Q.Bình Thạnh, TP.HCM",130000000.0,160.13,Đất,17.75m,47.11m,,,,,,,,land,811840.3796915007,10.79766776597225,106.7046009653234,2.0698388150515727,,,,,
3YV63Q,"Thửa 513 - Tờ 60 Võ Chí Công, Phú Hữu, Q.9, TP.HCM",23000000.0,37.39,Đất,21m,30m,Tây,,,,,,,land,615137.7373629312,10.846541182308169,106.8217424987688,15.316965224963372,,,,,
SK2W25,"275/21/30 Quang Trung, P.10, Q.Gò Vấp, TP.HCM",5000000.0,93.98,Đất,4m,13.42m,Đông Bắc,,,,,,,land,53202.809108320915,10.830286645458855,106.68066808624441,5.936029605076391,,,,,
E9ZJN4,"Thửa 544 - tờ 182 Nguyễn Kiệm, P.3, Q.Gò Vấp, TP.HCM",7000000.0,140.28,Đất,4m,12.89m,Tây Nam,,,,,,,land,49900.199600798405,10.82093000573409,106.67909720369106,5.046197362200947,,,,,
KR0PFC,"Hẻm 306/38 Vườn Lài, P.An Phú Đông, Q.12, TP.HCM",22500000.0,38.09,Đất,16.29m,43.37m,Tây Bắc,,,,,,,land,590706.2221055394,10.772626842781351,106.68751772984918,1.487170258586695,,,,,
UHKX0S,"Thửa 311 - Tờ 145 Duyên Hải, Xã Long Hòa, H.Cần Giờ, TP.HCM",13000000.0,19.86,Đất,10m,71m,Nam,,,,,,,land,654582.0745216516,10.410096686120328,106.89426954106065,46.137346981739995,,,,,
3YYZ0Q,"Thửa 510 - Tờ 18 Bà Thiên, Xã Nhuận Đức, H.Củ Chi, TP.HCM",10000000.0,4.76,Đất,30m,70m,Nam,,,,,,,land,2100840.336134454,11.011878695429026,106.50825744573737,33.076736154862054,,,,,
9N9UGP,"Thửa 567 - Tờ 68 Thạnh Xuân 33, P.Thạnh Xuân, Q.12, TP.HCM",6000000.0,32.8,Đất,5.01m,36.61m,Đông,,,,,,,land,182926.8292682927,10.786751179356106,106.69758547154308,0.7865358063866212,,,,,
7CSYQA,"Thửa 816 - tờ 63 Bến Than, Xã Tân Thạnh Đông, H.Củ Chi, TP.HCM",2600000.0,20.6,Đất,5m,25.62m,Tây Nam,,,,,,,land,126213.5922330097,11.000548274505595,106.49661304190435,32.95496058941937,,,,,
5K3T87,"17/17 và 17/19 đường TX 14, P.Thạnh Xuân, Q.12, TP.HCM",15000000.0,46.29,Đất,13.09m,36.17m,Tây Bắc,,,,,,,land,324044.0699935191,10.774620877312044,106.68920817207689,1.2164419988147674,,,,,
9NWV9P,"Thửa 19 - tờ 17 Bàu Lách, Xã Phạm Văn Cội, H.Củ Chi, TP.HCM",11000000.0,5.79,Đất,12.65m,94.1m,Tây Bắc,,,,,,,land,1899827.2884283247,10.994926708973122,106.49186682232646,32.852569822857035,,,,,
652N18,"Thửa 343 - tờ 17 đường 464, Xã Trung An, H.Củ Chi, TP.HCM",9000000.0,4.16,Đất,20.23m,109.43m,Đông Nam,,,,,,,land,2163461.5384615385,11.019841343935742,106.49364195571783,34.77441995322998,,,,,
6545R8,"Thửa 661 - tờ 33 Trung An, Xã Phú Hòa Đông, H.Củ Chi, TP.HCM",3200000.0,17.6,Đất,8.63m,20.82m,Bắc,,,,,,,land,181818.1818181818,11.00448445316708,106.49080742514327,33.704175267268695,,,,,
1SC0E6,"Thửa 656 - tờ 8 Thái Mỹ, Xã Thái Mỹ, H.Củ Chi, TP.HCM",850.0,0.67,Đất,17.01m,73.16m,Đông,,,,,,,land,1268.6567164179103,11.007565387819437,106.49639441189292,33.54977605333978,,,,,
3A4PDQ,"Thửa 551 - tờ 87 đường 682, Xã Thái Mỹ, H.Củ Chi, TP.HCM",900.0,6.0,Đất,5m,30.01m,Đông Nam,,,,,,,land,150.0,11.008014430358429,106.50002791491906,33.32641307019126,,,,,
QYF7SU,"Thửa 913 - Tờ 48 đường 339, Phước Long B, Q.9, TP.HCM",6100000.0,104.81,Đất,4m,14.93m,Tây Nam,,,,,,,land,58200.55338231085,10.848523390679674,106.81418586080049,14.710492941720572,,,,,
CR9D8B,"Thửa 2010 - Tờ 3 đường TL50, P.Thạnh Lộc, Q.12, TP.HCM",3700000.0,18.5,Đất,10m,20m,Tây Bắc,,,,,,,land,200000.0,10.777500988542247,106.70573691043693,0.7760188103038878,,,,,
QYAN3U,"Thửa 609 - tờ 11 Bến Than, Xã Hòa Phú, H.Củ Chi, TP.HCM",2300000.0,18.19,Đất,6.05m,22.11m,Đông Nam,,,,,,,land,126443.10060472786,10.995889962233084,106.48972379727522,33.09139001138885,,,,,
5KA8U7,"Thửa 735 - tờ 26 Trung Lập, Xã Trung Lập Thượng, H.Củ Chi, TP.HCM",980.0,9.5,Đất,7.74m,13.93m,Đông,,,,,,,land,103.15789473684211,10.994356915336368,106.50239303925468,32.023299974879045,,,,,
6SV1U8,"Thửa 152 - tờ 24 Trung An, Xã Trung An, H.Củ Chi, TP.HCM",5600000.0,10.96,Đất,20m,24.07m,Bắc,,,,,,,land,510948.905109489,11.017977945342135,106.5044419608076,33.86341755644042,,,,,
7KSGPA,"Thửa 119 - tờ 43 Bình Mỹ, Xã Bình Mỹ, H.Củ Chi, TP.HCM",3000000.0,11.91,Đất,12m,17m,Tây Nam,,,,,,,land,251889.16876574306,11.011738532465777,106.51674120622583,32.487648132735444,,,,,
ACUPUY,"Thửa 818 - tờ 41 Thạnh Xuân 24, P.Thạnh Xuân, Q.12, TP.HCM",4990000.0,58.02,Đất,4.78m,16.74m,Tây Bắc,,,,,,,land,86004.82592209583,10.778440732810042,106.6889648537172,1.1105864937917667,,,,,
85MHU3,"MP 91/2A ( Thửa 1914 - tờ 22) Thới An 18, P.Thới An, Q.12, TP.HCM",6850000.0,52.29,Đất,5.01m,25.96m,Nam,,,,,,,land,131000.1912411551,10.773591297687968,106.69059665865778,1.1487763867647895,,,,,
QA0VGU,"Thửa 602 - tờ 11 đường 493, Xã Tân An Hội, H.Củ Chi, TP.HCM",2000000.0,16.82,Đất,5m,23.9m,Bắc,,,,,,,land,118906.06420927467,11.009797380388864,106.49572172418821,33.783868128543965,,,,,
1U4BU6,"đường số 63, An Phú, Q.2, TP.HCM",45000000.0,249.03,Đất,10m,18.07m,Bắc,,,,,,,land,180701.12034694615,10.797142770629618,106.74706003495156,5.592898960149105,,,,,
6S4MF8,"Thửa 268 - tờ 28 Phước Thạnh, Xã Phước Thạnh, H.Củ Chi, TP.HCM",6990000.0,3.4,Đất,20m,107.43m,Đông Bắc,,,,,,,land,2055882.3529411766,11.014614331583031,106.51562200102475,32.814019856482346,,,,,
KFN6WC,"Thửa 543 - Tờ 43 Khu phố 4, P.Hiệp Thành, Q.12, TP.HCM",9000000.0,26.32,Đất,5.48m,24.23m,Tây Bắc,,,,,,,land,341945.2887537994,10.760658991975957,106.70095189256114,2.126024783441835,,,,,
QAW6XU,"Thạnh Xuân 52, P.Thạnh Xuân, Q.12, TP.HCM",3950000.0,64.96,Đất,4.02m,15.67m,Bắc,,,,,,,land,60806.65024630543,10.784652073955348,106.6985624169998,0.5407650338355027,,,,,
7K96YA,"Thửa 627 - tờ 24 Bà Thiên, Xã Nhuận Đức, H.Củ Chi, TP.HCM",2030000.0,3.67,Đất,23.61m,29.23m,Đông,,,,,,,land,553133.514986376,11.002362555294031,106.51017750481029,32.13148860380385,,,,,
YBGP8D,"Thạnh Xuân 52, P.Thạnh Xuân, Q.12, TP.HCM",2950000.0,48.12,Đất,4m,15.36m,Bắc,,,,,,,land,61305.070656691605,10.776679956189243,106.69401432365389,0.6470226384890956,,,,,
SDWVK5,"Thửa 578 - tờ 11 Trung An, Xã Trung An, H.Củ Chi, TP.HCM",2600000.0,13.66,Đất,6.5m,30.53m,Tây Nam,,,,,,,land,190336.7496339678,11.008576433056207,106.51668783381008,32.2158016056463,,,,,
KFP5XC,"Thửa 538 - tờ 30 đường 374, Xã Tân An Hội, H.Củ Chi, TP.HCM",2000000.0,7.14,Đất,10m,28m,Tây Bắc,,,,,,,land,280112.0448179272,11.011074455012922,106.50682254987977,33.10709703295915,,,,,
J2M8Q0,"310/41 Bùi Công Trừng, P.Thạnh Xuân, Q.12, TP.HCM",4980000.0,52.09,Đất,5.79m,15.7m,Đông Bắc,,,,,,,land,95603.76271837205,10.771171518715908,106.68872662252035,1.4755040594466782,,,,,
QAHMKU,"Thửa 170 - tờ 31 Giồng Cát, Xã Tân Phú Trung, H.Củ Chi, TP.HCM",2000000.0,14.69,Đất,5.3m,25.7m,Tây,,,,,,,land,136147.03880190608,10.777256375335716,106.61611098917481,9.072807530376735,,,,,
DEWQ8H,"Thửa 621 - tờ 16 Kênh Đông, Xã Phước Thạnh, H.Củ Chi, TP.HCM",4000000.0,3.95,Đất,20m,53.97m,Đông Nam,,,,,,,land,1012658.2278481012,11.01740396108428,106.51016719440562,33.423824637985206,,,,,
85AQ43,"Thửa 1017 - tờ 27 Bến Than, Xã Hòa Phú, H.Củ Chi, TP.HCM",5900000.0,23.13,Đất,7.05m,35.16m,Tây Bắc,,,,,,,land,255079.98270644186,11.013783033743758,106.5030224547921,33.602500125657485,,,,,
DE455H,"Thửa 639 - tờ 40 Phan Thị So, Xã Phước Vĩnh An, H.Củ Chi, TP.HCM",7000000.0,7.32,Đất,28.6m,32.57m,Đông Nam,,,,,,,land,956284.1530054645,11.021178202530713,106.49758296901094,34.61171284775412,,,,,
UYDWDS,"Thửa 1546 - tờ 59 Thạnh Xuân 52, P.Thạnh Xuân, Q.12, TP.HCM",2950000.0,59.0,Đất,4.36m,11.51m,Tây Bắc,,,,,,,land,50000.0,10.790462802414567,106.69534581996588,1.247870870099444,,,,,
6S5BQ8,"Thửa 1547 - tờ 59 Thạnh Xuân 52, P.Thạnh Xuân, Q.12, TP.HCM",2950000.0,59.0,Đất,4.39m,11.44m,Tây Bắc,,,,,,,land,50000.0,10.767034114527442,106.69115392350668,1.652548497523264,,,,,
5HH4C7,"Thửa 712 - tờ 47 Bến Than, Xã Tân Thạnh Đông, H.Củ Chi, TP.HCM",1650000.0,13.31,Đất,5m,22.75m,Đông Bắc,,,,,,,land,123966.94214876032,11.012014765782224,106.51679537616295,32.50814950199283,,,,,
7KHMPA,"Thửa 651 - tờ 66 Gốc Rưng, Xã An Nhơn Tây, H.Củ Chi, TP.HCM",680.0,1.34,Đất,10.6m,46.92m,Đông Nam,,,,,,,land,507.46268656716416,11.003692668248044,106.48828489851861,33.82689208338999,,,,,
KF48VC,"Thửa 142 - tờ 2 Trung An, Xã Trung An, H.Củ Chi, TP.HCM",7500000.0,8.7,Đất,17.82m,49.62m,Đông Nam,,,,,,,land,862068.9655172415,10.998633920832626,106.49340674664039,33.03593373793683,,,,,
6SQ008,"Thửa 932 - tờ 74 đường 25, Xã Tân Thông Hội, H.Củ Chi, TP.HCM",3000000.0,23.79,Đất,5m,25.34m,Tây Nam,,,,,,,land,126103.40479192938,11.018338415220816,106.51501298113016,33.181313379094426,,,,,
0ZP4N9,"Thửa 737 - tờ 20 Bà Thiên, Xã Nhuận Đức, H.Củ Chi, TP.HCM",950.0,9.58,Đất,5.2m,19.22m,Đông,,,,,,,land,99.16492693110646,10.994228284299,106.49654019842448,32.445932087390766,,,,,
WPJKNR,"Thửa 542 - tờ 49 đường 490, Xã Phạm Văn Cội, H.Củ Chi, TP.HCM",3000000.0,11.07,Đất,10m,27.12m,Tây Bắc,,,,,,,land,271002.7100271003,10.996334947769656,106.48970422440738,33.12843033674074,,,,,
40WZ6F,"Thửa 734 - tờ 46 đường 122, Xã Tân Thạnh Đông, H.Củ Chi, TP.HCM",2000000.0,13.78,Đất,5m,29.26m,Tây Nam,,,,,,,land,145137.88098693758,11.009487301961938,106.51551059550067,32.37459481339021,,,,,
37UHYQ,"131/6/1/20 Tây Lân, P.Bình Trị Đông A, Q.Bình Tân, TP.HCM",4000000.0,63.49,Đất,4.4m,14.4m,Đông Nam,,,,,,,land,63002.04756654591,10.755610104630277,106.59397128046442,11.797343672451184,,,,,
UA3RWS,"Thửa 705 - tờ 97 đường 175, Tăng Nhơn Phú A, Q.9, TP.HCM",6600000.0,100.6,Đất,4.06m,15.7m,Đông Bắc,,,,,,,land,65606.36182902585,10.856618233977803,106.82025823046743,15.747304220226711,,,,,
1QXJX6,"Nguyễn Ảnh Thủ, P.Tân Chánh Hiệp, Q.12, TP.HCM",8000000.0,55.17,Đất,17m,22m,,,,,,,,land,145006.3440275512,10.761019271366171,106.7047099583664,2.166763931343481,,,,,
Q7PTFU,"Số 117 ( Thửa 931 - tờ 210 ) đường số 5, P.7, Q.8, TP.HCM",8000000.0,60.6,Đất,6m,22m,Tây Bắc,,,,,,,land,132013.201320132,10.712052274041877,106.62720374155369,10.85590769993885,,,,,
1AHNT6,"Thửa 533 - tờ số 46 Quốc Lộ 22, Xã Tân Hiệp, H.Hóc Môn, TP.HCM",40000000.0,10.63,Đất,51m,70m,Đông Nam,,,,,,,land,3762935.089369708,10.875490046556967,106.60420450119399,14.818408976746877,,,,,
UCYVDS,"Thửa 608 - tờ 112 Mỹ Huề, Xã Trung Chánh, H.Hóc Môn, TP.HCM",3500000.0,38.93,Đất,5m,17.48m,Đông Bắc,,,,,,,land,89904.95761623427,10.895208508417848,106.58964319791677,17.49484515648882,,,,,
AFC8AY,"Thửa 609 - tờ 112 Mỹ Huề, Xã Trung Chánh, H.Hóc Môn, TP.HCM",3500000.0,39.77,Đất,5m,18.31m,Đông Bắc,,,,,,,land,88006.03469952225,10.89317643068542,106.5875325648844,17.49159017480218,,,,,
74KYSA,"Thửa 943 - tờ 74 Liêu Bình Hương, Xã Tân Thông Hội, H.Củ Chi, TP.HCM",2050000.0,18.99,Đất,5m,22.79m,Tây Bắc,,,,,,,land,107951.55344918379,10.996306469389744,106.50807833449068,31.771586713263076,,,,,
74HGEA,"Thửa 40 - Tờ 15 Hà Huy Giáp, P.Thạnh Xuân, Q.12, TP.HCM",22800000.0,1.14,Đất,326m,16.5m,Nam,,,,,,,land,20000000.0,10.776849868661051,106.68962831410029,1.0780768361707285,,,,,
42RTUF,"42A Trần Huy Liệu, P.11, Q.Phú Nhuận, TP.HCM",160000000.0,164.54,Đất,27.76m,44.88m,Tây Nam,,,,,,,land,972407.9251245898,10.78976370430006,106.67519334358346,2.830763334209923,,,,,
UC5DDS,"Thửa 10 - tờ 24 Tỉnh Lộ 8, Xã Hòa Phú, H.Củ Chi, TP.HCM",13000000.0,13.88,Đất,12.3m,56m,Bắc,,,,,,,land,936599.4236311238,11.008207571610663,106.50418756034661,33.04766318454119,,,,,
5B5SD7,"Thửa 1105 - tờ 56 Võ Thị Thừa, P.An Phú Đông, Q.12, TP.HCM",3300000.0,62.85,Đất,4m,13.14m,Tây Bắc,,,,,,,land,52505.96658711217,10.787573774408154,106.71553511295205,2.0003624452093467,,,,,
7E7UVA,"Thửa 1106 - tờ 56 Võ Thị Thừa, P.An Phú Đông, Q.12, TP.HCM",3300000.0,62.73,Đất,4m,13.18m,Tây Bắc,,,,,,,land,52606.40841702535,10.787543807768555,106.6869713634722,1.5732884907489095,,,,,
UK8GDS,"TK46/7 (Thửa 192 - tờ 12) Võ Văn Kiệt, P.Cầu Kho, Q.1, TP.HCM",8950000.0,237.4,Đất,3.3m,12.23m,Đông Bắc,,,,,,,land,37700.08424599832,10.764525151055283,106.69335969374326,1.7981854059232518,,,,,
3DV8AQ,"Thửa 750 - Tờ 10 đường 460, Xã Trung An, H.Củ Chi, TP.HCM",2500000.0,19.31,Đất,5m,26m,Đông Bắc,,,,,,,land,129466.59761781461,11.020393122121193,106.50062041912724,34.33403692046786,,,,,
6AXV68,"Thửa 749 - Tờ 10 đường 460, Xã Trung An, H.Củ Chi, TP.HCM",2500000.0,19.29,Đất,5m,26m,Đông Bắc,,,,,,,land,129600.82944530845,10.995063412744775,106.48836502322371,33.12853127833806,,,,,
7EQCFA,"Thửa 850 - tờ 10 ấp 6, Xã Tân Thạnh Đông, H.Củ Chi, TP.HCM",2400000.0,22.66,Đất,5m,19.41m,Đông Nam,,,,,,,land,105913.50397175639,11.019369466820912,106.50348210122911,34.04907051912191,,,,,
17NQF6,"Thửa 352 - tờ 269 Phan Huy Ích, P.14, Q.Gò Vấp, TP.HCM",8000000.0,123.07,Đất,4m,16.25m,Nam,,,,,,,land,65003.656455675635,10.83753865014997,106.66342333616879,7.481381669435991,,,,,
JN4PY0,"Thửa 351 - tờ 269 Phan Huy Ích, P.14, Q.Gò Vấp, TP.HCM",8000000.0,123.07,Đất,4m,16.25m,Nam,,,,,,,land,65003.656455675635,10.84181450779896,106.67512090223686,7.342507219081502,,,,,
DW32YH,"Thửa 1286 - Tờ 73 Thạnh Xuân 25, P.Thạnh Xuân, Q.12, TP.HCM",4690000.0,58.62,Đất,5m,16m,Đông,,,,,,,land,80006.82360968953,10.787385421258046,106.6873862819097,1.525733088002481,,,,,
7E19MA,"317/20 Thống Nhất, P.11, Q.Gò Vấp, TP.HCM",5850000.0,133.25,Đất,5.42m,9.35m,Đông,,,,,,,land,43902.439024390245,10.834728958466519,106.67646296337475,6.559404991085104,,,,,
5BVK27,"Thửa 1503 - tờ 33 Thạnh Lộc 16, P.An Phú Đông, Q.12, TP.HCM",3600000.0,50.84,Đất,4.34m,15.37m,Tây Nam,,,,,,,land,70810.38552321006,10.76789458070091,106.71599007038878,2.274070703759042,,,,,
5BMAG7,"Thửa 990 - Tờ 4 Thạnh Lộc 47, P.Thạnh Lộc, Q.12, TP.HCM",3200000.0,45.07,Đất,5m,14m,Đông Bắc,,,,,,,land,71000.66563124029,10.773429286833675,106.7081294546627,1.2186467146935485,,,,,
4G54SF,"Thửa 913 - tờ 62 Thạnh Xuân 43, P.Thạnh Xuân, Q.12, TP.HCM",4250000.0,56.06,Đất,5.33m,16.31m,Đông Bắc,,,,,,,land,75811.63039600427,10.777480628917198,106.69352229918503,0.6538763788667186,,,,,
1791R6,"Thửa 912 - tờ 62 Thạnh Xuân 43, P.Thạnh Xuân, Q.12, TP.HCM",4150000.000000001,66.08,Đất,4.95m,14.58m,Đông Bắc,,,,,,,land,62802.66343825668,10.782900335003122,106.70191679293917,0.46750921489191066,,,,,
YF1YED,"Thửa 911 - tờ 62 Thạnh Xuân 43, P.Thạnh Xuân, Q.12, TP.HCM",4550000.0,57.74,Đất,6.41m,14.16m,Đông Bắc,,,,,,,land,78801.52407343262,10.76920767117858,106.71330749038498,1.95139074369676,,,,,
3D2DPQ,"Thửa 1073 - Tờ 3 Quốc Lộ 1A, P.An Phú Đông, Q.12, TP.HCM",3900000.0,45.34,Đất,5.8m,15m,Nam,,,,,,,land,86016.76224084693,10.771133732402717,106.70933976254433,1.4790723228789746,,,,,
26ENXZ,"Thửa 1105 - Tờ 75 Võ Thị Liễu, P.An Phú Đông, Q.12, TP.HCM",4500000.0,80.35,Đất,4.3m,13m,Đông Bắc,,,,,,,land,56004.978220286255,10.771315817726922,106.71003492571887,1.525379857043297,,,,,
A4220Y,"2/29 Tổ 4 - KP1, P.Thạnh Lộc, Q.12, TP.HCM",5400000.0,54.76,Đất,,,Tây Nam,,,,,,,land,98612.12563915267,10.774482453099528,106.69402785391566,0.8019194910392781,,,,,
C0MMEB,"376 Tổ 6, Xã An Nhơn Tây, H.Củ Chi, TP.HCM",2200000.0,6.03,Đất,,,Nam,,,,,,,land,364842.4543946932,11.004179153933025,106.50928458453333,32.34818990632235,,,,,
UK0RWS,"104 Trang Tử, P.02, Q.6, TP.HCM",2800000.0,31.12,Đất,,,Bắc,,,,,,,land,89974.29305912596,10.749125373869674,106.63927264030485,7.363149141708344,,,,,
JNU360,"46 Trần Thị Năm, P.Tân Chánh Hiệp, Q.12, TP.HCM",7300000.0,56.06,Đất,,,Tây Nam,,,,,,,land,130217.62397431323,10.773897798722164,106.68893459416229,1.2816668836229876,,,,,
3DR43Q,"5G Hẻm 6, Xã Thới Tam Thôn, H.Hóc Môn, TP.HCM",7400000.0,40.0,Đất,,,Tây Bắc,,,,,,,land,185000.0,10.872929224473422,106.58275843506208,16.364676961908152,,,,,
KJN60C,"17/9 TL 44, P.Thạnh Lộc, Q.12, TP.HCM",5900000.0,43.06,Đất,,,Đông Nam,,,,,,,land,137018.11425917325,10.762800442532217,106.6889479713531,2.178299637079972,,,,,
PV53SG,"98 ấp 2, Xã Long Thới, H.Nhà Bè, TP.HCM",2700000.0,19.25,Đất,,,Đông Nam,,,,,,,land,140259.74025974027,10.70934293265488,106.73068997404114,8.526777300378559,,,,,
5BR567,"Thửa 569 - Tờ 67 Thạnh Xuân 13, P.Thạnh Xuân, Q.12, TP.HCM",4400000.0,40.0,Đất,8m,14m,Tây Bắc,,,,,,,land,110000.0,10.76630256617258,106.69011387860823,1.7817362775526675,,,,,
A40UUY,"Thửa 910 - Tờ 110 Thạnh Xuân 14, P.Thới An, Q.12, TP.HCM",3600000.0,34.28,Đất,6m,17m,Đông Nam,,,,,,,land,105017.50291715286,10.789422560426855,106.71218572153525,1.790863162284324,,,,,
7ERXHA,"Thửa 624 - Tờ 37 An Phú Đông 3, P.An Phú Đông, Q.12, TP.HCM",2700000.0,24.32,Đất,8m,14m,Đông Bắc,,,,,,,land,111019.73684210527,10.76750641695378,106.70721155185703,1.6265669908353078,,,,,
3DY6XQ,"24 Long Thuận, Trường Thạnh, Q.9 cũ, TP.HCM",4200000.0,52.5,Đất,6.5m,,Đông Bắc,,,,,,,land,80000.0,10.834572954814133,106.83297691368247,15.852508587382069,,,,,
UKH3XS,"6 Rừng Sác, Xã Bình Khánh, H.Cần Giờ, TP.HCM",2500000.0,27.77,Đất,5m,18m,Đông,,,,,,,land,90025.20705797624,10.40479649165761,106.91185971752928,47.57012830733499,,,,,
5BKRW7,"Thạnh Lộc 16, P.Thạnh Lộc, Q.12, TP.HCM",1700000.0,36.17,Đất,5m,9.5m,Tây Nam,,,,,,,land,47000.27647221454,10.768813211237056,106.70122437878054,1.2371687063628147,,,,,
QH723U,"Thửa 970 - Tờ 8 Bưng Tràm, Xã Tân Thạnh Tây, H.Củ Chi, TP.HCM",1150000.0,1.76,Đất,10m,61.28m,Tây Bắc,,,,,,,land,653409.0909090909,11.016538380954142,106.50212092192662,33.900264743905964,,,,,
6A3Z98,"Thửa 554 - Tờ 7 Thạnh Lộ 40, P.Thạnh Lộc, Q.12, TP.HCM",4250000.0,55.55,Đất,4.5m,17m,,,,,,,,land,76507.65076507651,10.777130423915697,106.6978028852279,0.3227570685271282,,,,,
7B5MMA,"Thửa 720 - Tờ 22 Trung Lập, Xã Trung Lập Thượng, H.Củ Chi, TP.HCM",1950000.0,11.94,Đất,8.55m,20.41m,Đông Bắc,,,,,,,land,163316.58291457288,11.010784288577057,106.51354835831685,32.62020435967344,,,,,
SKUNP5,"Thửa 721 - Tờ 22 Trung Lập, Xã Trung Lập Thượng, H.Củ Chi, TP.HCM",1950000.0,11.78,Đất,8m,21.65m,Đông Bắc,,,,,,,land,165534.80475382003,10.994981281530599,106.48806631160872,33.144720867949935,,,,,
W2FAXR,"Thửa 722 - Tờ 22 Trung Lập, Xã Trung Lập Thượng, H.Củ Chi, TP.HCM",1950000.0,11.25,Đất,8m,24.9m,Đông Bắc,,,,,,,land,173333.33333333334,10.999714611125377,106.48859702372188,33.482700774180344,,,,,
DFY28H,"379/76 Thống Nhất, P.11, Q.Gò Vấp, TP.HCM",6800000.0,109.5,Đất,4.21m,14.62m,Đông,,,,,,,land,62100.45662100457,10.82687901350264,106.66586956788078,6.347064918111081,,,,,
DF73CH,"Thửa 738 - Tờ 20 Đông Thạnh 3, Xã Đông Thạnh, H.Hóc Môn, TP.HCM",1990000.0,24.81,Đất,6.56m,12.35m,Tây Bắc,,,,,,,land,80209.59290608625,10.873980881010871,106.60675602753106,14.504168885716858,,,,,
W2B7VR,"Nguyễn Oanh, P.17, Q.Gò Vấp, TP.HCM",25000000.0,117.64,Đất,12.5m,17m,Tây,,,,,,,land,212512.7507650459,10.83735984433929,106.66649342712647,7.294999148780152,,,,,
8APCE3,"D8, P.Thuận Giao, TP.Thuận An, TP.HCM",11370000.0,34.27,Đất,10m,33m,Nam,,,,,,,land,331777.0644878902,10.767073727415271,106.68777471963091,1.8686175648876437,,,,,
9XDYYP,"đường 6D, Xã Vĩnh Lộc B, H.Bình Chánh, TP.HCM",19500000.0,22.26,Đất,12m,73.34m,Tây,,,,,,,land,876010.781671159,10.687119411868174,106.59693163541425,15.158545162227654,,,,,
UH2D9S,"110 TL 37, Thạnh Lộc, Q.12, TP.HCM",3850000.0,74.03,Đất,4m,13m,Đông Bắc,,,,,,,land,52005.94353640416,10.775102382275533,106.70432311003886,0.7769560730445759,,,,,
QD06NU,"Thửa 633-1 - tờ 12 Hiệp Thành 13, P.Hiệp Thành, Q.12, TP.HCM",4390000.0,51.34,Đất,5m,21.01m,Đông Nam,,,,,,,land,85508.37553564472,10.776126914500455,106.70082124311354,0.44965766608633756,,,,,
8AR2X3,"Quách Điêu, Xã Vĩnh Lộc A, H.Bình Chánh, TP.HCM",12600000.0,28.0,Đất,18m,25m,Đông Nam,,,,,,,land,450000.0,10.680538479779706,106.58703818326056,16.449306674375045,,,,,
QDR8VU,"Thạnh Xuân 24, P.Thạnh Xuân, Q.12, TP.HCM",3300000.0,37.33,Đất,4m,22.1m,Đông Bắc,,,,,,,land,88400.75006697027,10.780940920639404,106.70546343570129,0.7153480733574105,,,,,
GV6EP2,"Một phần số 219/16 đường Tô Ngọc Vân, P.Thạnh Xuân, Q.12, TP.HCM",4980000.0,47.56,Đất,5m,20.81m,Đông Nam,,,,,,,land,104709.8402018503,10.767006046537546,106.69552300957982,1.4645777166473872,,,,,
CJ93TB,"Thửa 614 - tờ 77 Quốc Lộ 1A, P.An Phú Đông, Q.12, TP.HCM",3100000.0,59.04,Đất,4m,13.13m,Bắc,,,,,,,land,52506.77506775068,10.779850626467558,106.71064355103685,1.2703887483001695,,,,,
7BEDNA,"Thửa 1194 - Tờ 23 Thạnh Xuân 33, P.Thạnh Xuân, Q.12, TP.HCM",4850000.0,39.2,Đất,5m,24.81m,Đông,,,,,,,land,123724.48979591836,10.771244785898382,106.69318013145941,1.140807452255541,,,,,
21MCVZ,"Thửa 790 - Tờ 6 Võ Văn Hát, Long Trường, Q.9, TP.HCM",16250000.0,65.81,Đất,10m,25m,Đông Bắc,,,,,,,land,246922.9600364686,10.850421154274612,106.83511797529145,16.808497010541718,,,,,
4P0QYF,"Thửa 28 - tờ 7 Nguyễn Văn Khạ, Xã Tân An Hội, H.Củ Chi, TP.HCM",4000000.0,9.75,Đất,9.8m,40m,Đông Nam,,,,,,,land,410256.41025641025,10.999945806619253,106.5096822641244,31.96220964334671,,,,,
1S1JN6,"Thửa 621 - Tờ 68 An Nhơn Tây, Xã An Nhơn Tây, H.Củ Chi, TP.HCM",1700000.0,7.21,Đất,5m,47m,Đông Bắc,,,,,,,land,235783.63384188627,11.002763006792353,106.51579344033279,31.774819469842804,,,,,
JZJZ50,"Thửa 704 - tờ 27 đường 65, Xã Tân Phú Trung, H.Củ Chi, TP.HCM",8700000.0,12.47,Đất,10.8m,68.4m,Tây Bắc,,,,,,,land,697674.4186046511,10.793107662416931,106.61220460103998,9.609154695947616,,,,,
0TJJQ9,"Một phần nhà số 17B (Thửa 547 - Tờ 149) đường số 1A, P.Bình Hưng Hoà A, Q.Bình Tân, TP.HCM",7000000.0,78.47,Đất,4m,22.32m,Đông,,,,,,,land,89206.06601248885,10.777396307773449,106.61150182890613,9.576234931374177,,,,,
49B2UF,"Thửa 1372 - tờ 12 Thạnh Lộc 39, P.Thạnh Lộc, Q.12, TP.HCM",13800000.0,37.57,Đất,12.29m,27.68m,Tây Bắc,,,,,,,land,367314.34655310086,10.782664960955298,106.70463233425038,0.6907721210744527,,,,,
1SM546,"Thửa 853 - Tờ 9 Thạnh Xuân 52, P.Thạnh Xuân, Q.12, TP.HCM",1250000.0,16.49,Đất,8m,9.25m,Tây Bắc,,,,,,,land,75803.51728320195,10.782337213485446,106.68768676420069,1.272082941643707,,,,,
7CQWBA,"Thửa 1398 - tờ 5 Trung Lập, Xã Trung Lập Hạ, H.Củ Chi, TP.HCM",1600000.0,1.99,Đất,16.07m,50.71m,Tây Bắc,,,,,,,land,804020.1005025125,10.993399958504583,106.50364011649748,31.85335307270066,,,,,
7CQFRA,"Thửa 709 - tờ 74 Nhuận Đức, Xã Nhuận Đức, H.Củ Chi, TP.HCM",2400000.0,15.05,Đất,8.18m,20.27m,Đông Bắc,,,,,,,land,159468.43853820598,11.005572078717405,106.49820295975236,33.25368065247522,,,,,
WGBTFR,"Thửa 151 - tờ 16 Trung Lập, Xã Trung Lập Thượng, H.Củ Chi, TP.HCM",4600000.0,3.17,Đất,20.26m,34.21m,Tây,,,,,,,land,1451104.1009463724,11.013922487398295,106.49038097669938,34.511824232729026,,,,,
UDVJ2S,"Thửa 670 - Tờ 67 đường số 1, Xã Vĩnh Lộc A, H.Bình Chánh, TP.HCM",6000000.0,48.97,Đất,4m,30.6m,Tây,,,,,,,land,122523.9942822136,10.685330140558525,106.58411388458568,16.34504478537356,,,,,
9NH0RP,"đường Giồng Cát, Xã Tân Phú Trung, H.Củ Chi, TP.HCM",680.0,3.79,Đất,5m,35.88m,Đông,,,,,,,land,179.41952506596306,10.785977189383647,106.6396602156158,6.528889462840279,,,,,
UDP9FS,"Thửa 689 - tờ 19 đường 416, Xã Phước Vĩnh An, H.Củ Chi, TP.HCM",2900000.0,14.5,Đất,7.4m,22.11m,Tây Nam,,,,,,,land,200000.0,11.013836672418027,106.50475658651442,33.4865059891946,,,,,
R2UXFJ,"Thửa 915 - tờ 28 Tỉnh Lộ 8, Xã Hòa Phú, H.Củ Chi, TP.HCM",2050000.0,20.13,Đất,6.01m,17.65m,Đông Bắc,,,,,,,land,101838.0526577248,10.99994283940352,106.4943867359207,33.06956248201852,,,,,
KWNPYC,"Thửa 355 - tờ 9 Tỉnh Lộ 15, Xã Phú Mỹ Hưng, H.Củ Chi, TP.HCM",13000000.0,3.02,Đất,43.06m,99.6m,Tây Nam,,,,,,,land,4304635.761589404,10.997562642431769,106.51428170934713,31.436449246883445,,,,,
SH0HP5,"Thửa 1030 - Tờ 142 Kênh Tiêu, Xã Xuân Thới Thượng, H.Hóc Môn, TP.HCM",4900000.0,52.74,Đất,5m,18.5m,Tây,,,,,,,land,92908.60826697004,10.87538348760402,106.60643173452469,14.640507306822737,,,,,
E0V0P4,"Thửa 1031 - Tờ 142 Kênh Tiêu, Xã Xuân Thới Thượng, H.Hóc Môn, TP.HCM",6200000.0,60.37,Đất,5.5m,18.5m,Tây,,,,,,,land,102700.01656451881,10.892751836982765,106.59307754237197,17.04004749784797,,,,,
65B9K8,"Thửa 688 - tờ 21 An Nhơn Tây, Xã An Nhơn Tây, H.Củ Chi, TP.HCM",2100000.0,11.38,Đất,10.54m,23.54m,Đông Bắc,,,,,,,land,184534.2706502636,11.016016809639925,106.51490776792355,32.98452415560999,,,,,
87EEG3,"Thửa 564 - tờ 3 Tân An Hội, Xã Tân An Hội, H.Củ Chi, TP.HCM",2550000.0,10.42,Đất,6.3m,38.81m,Đông Nam,,,,,,,land,244721.68905950096,11.015418358550319,106.491952970783,34.52319174659146,,,,,
D4PYQH,"Thửa 793 - Tờ 32 đường 409, Xã Phước Vĩnh An, H.Củ Chi, TP.HCM",1850000.0,20.5,Đất,5m,18.12m,Tây Nam,,,,,,,land,90243.90243902439,11.002176072580683,106.50795174802128,32.27266417456051,,,,,
QYC0PU,"Thửa 517 - Tờ 28 đường số 17, Bình Trưng Đông, Q.2, TP.HCM",13800000.0,164.09,Đất,4m,21.09m,Tây Bắc,,,,,,,land,84100.18892071424,10.784206745239334,106.74377025882585,4.917713010879432,,,,,
UDKZFS,"Thửa 601 - Tờ 2 đường 500, Xã Phạm Văn Cội, H.Củ Chi, TP.HCM",2200000.0,6.77,Đất,6.5m,49.96m,Đông Nam,,,,,,,land,324963.0723781389,11.019180259507959,106.48818195550088,35.10762382534062,,,,,
7CBJHA,"Thửa 894 - tờ 51 Hà Duy Phiên, Xã Bình Mỹ, H.Củ Chi, TP.HCM",2050000.0,19.05,Đất,5.01m,21.71m,Đông Nam,,,,,,,land,107611.54855643044,10.997589404108707,106.51434967882193,31.433943536458635,,,,,
QYDS9U,"Thửa 702 - tờ 4 đường Võ Thị Thừa, P.An Phú Đông, Q.12, TP.HCM",2950000.0,54.62,Đất,4.5m,12m,Bắc,,,,,,,land,54009.52032222629,10.78571203963353,106.69628890686596,0.7208066639952072,,,,,
QYA21U,"đường Vườn Thơm, Xã Bình Lợi, H.Bình Chánh, TP.HCM",7000000.0,24.66,Đất,9m,31.57m,Đông Nam,,,,,,,land,283860.502838605,10.699609860831918,106.60951056643822,13.210769200782224,,,,,
7CD69A,"Thửa 809 - tờ 29 Suối Lội, Xã Tân Thông Hội, H.Củ Chi, TP.HCM",6900000.0,25.42,Đất,8m,34.83m,Đông Nam,,,,,,,land,271439.81117230526,11.01681702492433,106.49130835491717,34.68620818335202,,,,,
3AS78Q,"Thửa 702 - tờ 7 đường số 25, Xã Tân Thông Hội, H.Củ Chi, TP.HCM",20000000.0,15.89,Đất,27.32m,47.31m,Đông Bắc,,,,,,,land,1258653.2410320956,10.993959718056509,106.50371735041549,31.893643225636744,,,,,
SH73N5,"Thửa 716 - tờ 156 Suối Lội, Xã Phước Vĩnh An, H.Củ Chi, TP.HCM",1850000.0,16.41,Đất,5m,22.65m,Tây Nam,,,,,,,land,112736.13650213284,11.00573078345921,106.50533327617723,32.75761977895344,,,,,
QYS6DU,"Thửa 715 - tờ 156 Suối Lội, Xã Phước Vĩnh An, H.Củ Chi, TP.HCM",1850000.0,16.41,Đất,5m,22.65m,Tây Nam,,,,,,,land,112736.13650213284,10.997406377920605,106.51377127469742,31.459108262534787,,,,,
YEHSMD,"Thửa 615 - tờ 30 Giồng Cát, TT.Củ Chi, H.Củ Chi, TP.HCM",3200000.0,22.22,Đất,6m,26.81m,Đông Nam,,,,,,,land,144014.40144014402,11.008697028821876,106.48883339131197,34.19381227573181,,,,,
UD56KS,"Thửa 911 - tờ 30 Suối Lội, Xã Tân Thông Hội, H.Củ Chi, TP.HCM",2200000.0,19.59,Đất,5m,22.46m,Nam,,,,,,,land,112302.19499744767,11.002423917838737,106.51423634747877,31.853416667996022,,,,,
PX2W6G,"Thửa 802 - tờ 11 Phước Thạnh, Xã Phước Thạnh, H.Củ Chi, TP.HCM",1650000.0,8.76,Đất,5m,38.06m,Tây Nam,,,,,,,land,188356.16438356164,11.01127567529232,106.49569851352702,33.90881377415506,,,,,
3AUXGQ,"Thửa 587 - tờ 19 ấp Thượng, Xã Tân Thông Hội, H.Củ Chi, TP.HCM",4800000.0,13.81,Đất,10.96m,31.79m,Tây Bắc,,,,,,,land,347574.22157856624,10.992661371569344,106.49252366814146,32.62183073553372,,,,,
GMZ4M2,"Thửa 332 - tờ 52 ấp Tân Tiến, TT.Củ Chi, H.Củ Chi, TP.HCM",4000000.0,14.04,Đất,5.95m,46.87m,Tây Nam,,,,,,,land,284900.2849002849,11.00874113913345,106.49826184712407,33.51346359987316,,,,,
0ZJ279,"Thửa 707 - tờ 7 đường 572, Xã Trung Lập Hạ, H.Củ Chi, TP.HCM",1300000.0,14.06,Đất,5m,18.06m,Tây,,,,,,,land,92460.88193456615,11.01195340039616,106.50489466286608,33.31613578603589,,,,,
376J9Q,"Thửa 540 - tờ 33 ấp 5, Xã Bình Mỹ, H.Củ Chi, TP.HCM",4300000.0,10.57,Đất,6m,67.93m,Tây Nam,,,,,,,land,406811.7313150426,11.018037651506905,106.50116910808218,34.094429952132636,,,,,
EJH1J4,"Thửa 765 - tờ 53 Tô Ngọc Vân, P.Thạnh Xuân, Q.12, TP.HCM",3650000.0,39.67,Đất,4m,23m,Đông Nam,,,,,,,land,92009.07486765817,10.772132621664458,106.68801306205405,1.4723364565941621,,,,,
7K3M1A,"Thửa 1208 - tờ 97 Hiệp Thành 45, P.Tân Thới Hiệp, Q.12, TP.HCM",4250000.0,67.78,Đất,4m,16m,Đông Nam,,,,,,,land,62702.8622012393,10.7794640855888,106.69871568305841,0.04926249702179116,,,,,
7K86MA,"Thửa 1224 - tờ 19 Bình Mỹ, Xã Bình Mỹ, H.Củ Chi, TP.HCM",2200000.0,17.6,Đất,5m,25m,Đông Nam,,,,,,,land,124999.99999999999,11.01127030339072,106.50374278337306,33.338445866414375,,,,,
UYX3PS,"Thửa 1119 - tờ 26 Lê Thị Riêng, P.Thới An, Q.12, TP.HCM",5700000.0,61.02,Đất,5.16m,17.58m,Bắc,,,,,,,land,93411.99606686331,10.76829301005628,106.69204686169249,1.4828460043604705,,,,,
PNEJHG,"Thửa 688 - tờ 30 Trung Lập, Xã Phú Mỹ Hưng, H.Củ Chi, TP.HCM",3100000.0,1.94,Đất,15.41m,107.73m,Đông Nam,,,,,,,land,1597938.144329897,11.008239633238095,106.50327932499911,33.11445671977854,,,,,
5HVQC7,"Thửa 827 - tờ 112 Trung Lập, Xã Trung Lập Thượng, H.Củ Chi, TP.HCM",1800000.0,9.73,Đất,5.99m,31.06m,Đông,,,,,,,land,184994.86125385406,10.999089543105008,106.51207960482338,31.72061401254596,,,,,
85ZM23,"Thửa 187 - tờ 20 Tỉnh Lộ 8, Xã Hòa Phú, H.Củ Chi, TP.HCM",17000000.0,12.19,Đất,14.78m,99.11m,Nam,,,,,,,land,1394585.726004922,11.018988372546925,106.49763352110823,34.42170592078651,,,,,
J2KB80,"Thửa 608 - tờ 43 Bình Mỹ, Xã Bình Mỹ, H.Củ Chi, TP.HCM",4500000.0,41.24,Đất,4.7m,26.07m,Nam,,,,,,,land,109117.36178467507,11.01245221269716,106.50743616254935,33.18259012736579,,,,,
DEVNCH,"8/58 ( Thửa 828 - tờ 20) Thạnh Xuân 40, P.Thạnh Xuân, Q.12, TP.HCM",4500000.0,52.26,Đất,5.18m,17.97m,Tây Nam,,,,,,,land,86107.92192881745,10.777075689867301,106.6948413002543,0.5472447293336898,,,,,
DEM8JH,"Thửa 816 - tờ 28 đường số 18, Xã Tân Thông Hội, H.Củ Chi, TP.HCM",3000000.0,19.74,Đất,5m,30.38m,Tây Bắc,,,,,,,land,151975.68389057752,11.005696144429036,106.50572568871742,32.72697790884913,,,,,
0ZADU9,"Thửa 70 - tờ 67 An Nhơn Tây, Xã An Nhơn Tây, H.Củ Chi, TP.HCM",3900000.0,2.43,Đất,71.03m,25.41m,Nam,,,,,,,land,1604938.2716049382,11.020438193300903,106.48905588342762,35.15019554079799,,,,,
QAP92U,"Thửa 636 - tờ 30 Trung Lập, Xã Phú Mỹ Hưng, H.Củ Chi, TP.HCM",3100000.0,1.93,Đất,15.01m,112.06m,Đông Nam,,,,,,,land,1606217.616580311,11.01117182900212,106.4973153338653,33.78450042890225,,,,,
37J6EQ,"Thửa 684 - tờ 50 Nhuận Đức, Xã Nhuận Đức, H.Củ Chi, TP.HCM",1250000.0,10.77,Đất,5m,23.39m,Tây,,,,,,,land,116063.13834726092,11.005357647970778,106.49822803810355,33.234064103457655,,,,,
6SWVA8,"Thửa 683 - tờ 50 Nhuận Đức, Xã Nhuận Đức, H.Củ Chi, TP.HCM",1250000.0,10.97,Đất,5m,23.39m,Tây,,,,,,,land,113947.12853236098,11.014864803087233,106.49953528157579,33.938457634881104,,,,,
5HG147,"Thửa 376 - tờ 15 Đông Thạnh, Xã Đông Thạnh, H.Hóc Môn, TP.HCM",2800000.0,19.64,Đất,5.04m,28.91m,Đông Bắc,,,,,,,land,142566.1914460285,10.891929056113991,106.59897372071464,16.540074375402025,,,,,
J2SMG0,"Thửa 537 - tờ 48 Nhuận Đức, Xã Nhuận Đức, H.Củ Chi, TP.HCM",2300000.0,8.1,Đất,9.73m,28.93m,Bắc,,,,,,,land,283950.6172839506,11.011136017493188,106.49569782977802,33.897202060223094,,,,,
QA0H4U,"3/28D ( Thửa 513 - tờ 97 ) Bình Gĩa, P.13, Q.Tân Bình, TP.HCM",4800000.0,132.96,Đất,3.3m,12.3m,Đông Nam,,,,,,,land,36101.08303249097,10.79628495253539,106.64685836914576,5.990330924332637,,,,,
854673,"Thửa 533 - tờ 72 đường 501, Xã Nhuận Đức, H.Củ Chi, TP.HCM",2350000.0,8.08,Đất,6m,49.24m,Bắc,,,,,,,land,290841.58415841585,10.993833924062695,106.5042374145906,31.84526034876293,,,,,
5H0T47,"Thạnh Lộc 27, P.Thạnh Lộc, Q.12, TP.HCM",8199999.999999999,24.06,Đất,3.91m,27.44m,Tây Nam,,,,,,,land,340814.63009143807,10.784874895918351,106.70099482789107,0.6027023934091335,,,,,
YB9R1D,"Thửa 932 - tờ 9 Lê Thị Riêng, P.Thới An, Q.12, TP.HCM",4800000.0,59.18,Đất,5.07m,16.74m,Đông Bắc,,,,,,,land,81108.48259547145,10.773301228396557,106.70209891628481,0.791937965546541,,,,,
2MSMSZ,"Thửa 792 - tờ 63 Huỳnh Thị Na, Xã Đông Thạnh, H.Hóc Môn, TP.HCM",3990000.0,47.16,Đất,5.02m,16.99m,Đông,,,,,,,land,84605.59796437659,10.88947924330392,106.60355942861408,16.006398651916175,,,,,
DE93XH,"Thạnh Xuân 22, P.Thạnh Xuân, Q.12, TP.HCM",6450000.0,87.39,Đất,5.02m,14.94m,Tây Nam,,,,,,,land,73807.0717473395,10.762820093936115,106.70840267659044,2.138382299709846,,,,,
5HWXR7,"Thửa 606 - tờ 14 Võ Thị Bàng, Xã An Nhơn Tây, H.Củ Chi, TP.HCM",7950000.0,5.65,Đất,15m,94.83m,Đông Nam,,,,,,,land,1407079.646017699,10.993178007689911,106.49902734821255,32.17571842115156,,,,,
KFG8PC,"Thửa 584 - tờ 45 đường 490, Xã Phạm Văn Cội, H.Củ Chi, TP.HCM",2400000.0,9.56,Đất,5m,50.54m,Đông Nam,,,,,,,land,251046.0251046025,11.012583257748448,106.48748115123581,34.61185506918124,,,,,
UY4KVS,"Thửa 1243 - tờ 1 Hồ Thị Lai, Xã Tân Phú Trung, H.Củ Chi, TP.HCM",730.0,3.85,Đất,7m,27.37m,Nam,,,,,,,land,189.6103896103896,10.792523126485838,106.61955101139479,8.80550778997547,,,,,
PN3ZMG,"Thạnh Xuân 24, P.Thạnh Xuân, Q.12, TP.HCM",1750000.0,13.4,Đất,4.47m,30.09m,Tây Bắc,,,,,,,land,130597.01492537314,10.768706110882826,106.6870902266202,1.7906574433457747,,,,,
QABQQU,"Thửa 727 - tờ 58 ấp 7, Xã Tân Thạnh Đông, H.Củ Chi, TP.HCM",1800000.0,20.2,Đất,7.4m,12.28m,Tây Nam,,,,,,,land,89108.91089108911,11.00763089591416,106.5107569651607,32.53994268472774,,,,,
PN8F9G,"Thửa 711 - tờ 74 Nhuận Đức, Xã Nhuận Đức, H.Củ Chi, TP.HCM",1150000.0,13.26,Đất,5.87m,15.03m,Tây Bắc,,,,,,,land,86726.99849170438,11.003777038567131,106.49170860667162,33.57995025759523,,,,,
EJZ5K4,"Thửa 576 - tờ 226, Hẻm 38 Gò Xoài, P.Bình Hưng Hoà A, Q.Bình Tân, TP.HCM",4350000.0,66.82,Đất,7.77m,8.72m,Đông Nam,,,,,,,land,65100.26938042503,10.750209211082232,106.60640016508162,10.646113591079917,,,,,
ACWECY,"Thạnh Xuân 52, P.Thạnh Xuân, Q.12, TP.HCM",2350000.0,41.96,Đất,4m,14m,Tây Nam,,,,,,,land,56005.719733079124,10.777699439981484,106.71394257680532,1.6474131637409404,,,,,
UYCEUS,"Thửa 80 - tờ 51 Phú Thuận, Xã Phú Mỹ Hưng, H.Củ Chi, TP.HCM",15000000.0,4.47,Đất,21m,161.58m,Đông Nam,,,,,,,land,3355704.697986577,11.001065279874025,106.48891111189563,33.567864933562646,,,,,
SDB415,"Thửa 612 - tờ 13 đường 65, Xã Tân Phú Trung, H.Củ Chi, TP.HCM",5900000.0,13.07,Đất,11.95m,38.13m,Tây Bắc,,,,,,,land,451415.45524100994,10.788673122453046,106.62190308453835,8.491967254220105,,,,,
EJGZ84,"Thửa 629 - tờ 70 Gốc Rưng, Xã An Nhơn Tây, H.Củ Chi, TP.HCM",2250000.0,2.19,Đất,16.61m,67.83m,Đông Nam,,,,,,,land,1027397.2602739726,11.005637014925915,106.48952564300556,33.89281405828758,,,,,
SDBE65,"Thửa 623 - tờ 53 đường 521, Xã Nhuận Đức, H.Củ Chi, TP.HCM",2450000.0,14.66,Đất,7.86m,21.65m,Đông,,,,,,,land,167121.41882673942,11.012691478209941,106.51667167420797,32.57559252385896,,,,,
5HE4Y7,"Thửa 569 - tờ 89, Một phần nhà số 168/61 Chiến Lược, P.Bình Trị Đông, Q.Bình Tân, TP.HCM",5100000.0,63.59,Đất,4m,20.01m,Đông,,,,,,,land,80201.28951092939,10.774143247922435,106.61850772829156,8.828496573550153,,,,,
2M693Z,"Thửa 1116 - tờ 60, đường Thạnh Xuân 52, P.Thạnh Xuân, Q.12, TP.HCM",2980000.0,46.7,Đất,4m,16.13m,Tây,,,,,,,land,63811.56316916488,10.781437561959203,106.69339879205992,0.6422168238704931,,,,,
DEW36H,"Thạnh Lộc 15, P.An Phú Đông, Q.12, TP.HCM",3300000.0,62.38,Đất,4m,13.25m,Tây Bắc,,,,,,,land,52901.571016351394,10.784074040115705,106.71536846113288,1.8490095881045459,,,,,
9TMYJP,"Thửa 609 - tờ 45 đường 762, Xã An Nhơn Tây, H.Củ Chi, TP.HCM",1400000.0,9.15,Đất,9.96m,15.88m,Tây Bắc,,,,,,,land,153005.4644808743,11.007872501470196,106.4994135641659,33.35842596677891,,,,,
WPZSER,"Thửa 535 - tờ 55 đường số 10A, Xã Tân An Hội, H.Củ Chi, TP.HCM",5000000.0,15.45,Đất,10m,32.75m,Tây Bắc,,,,,,,land,323624.5954692557,11.011944195529644,106.502672028773,33.47067411236373,,,,,
9TMMAP,"Thửa 785 - tờ 33, đường số 6, Long Trường, Q.9, TP.HCM",4600000.0,46.04,Đất,5m,20.19m,Tây Nam,,,,,,,land,99913.1190269331,10.828745411543357,106.83599871656524,15.927945982797686,,,,,
6SA5Z8,"Thửa 759 - tờ 53 Tỉnh Lộ 15, Xã Tân Thạnh Đông, H.Củ Chi, TP.HCM",3000000.0,15.89,Đất,5.17m,34.89m,Tây Bắc,,,,,,,land,188797.98615481434,11.017693402886477,106.50875201644831,33.544722942329294,,,,,
37YVJQ,"Thửa 572 - tờ 18 Nguyễn Thị Lèn, Xã Trung An, H.Củ Chi, TP.HCM",4000000.0,11.5,Đất,10.52m,33.25m,Tây Bắc,,,,,,,land,347826.0869565217,11.001099723248334,106.51467571086182,31.709783457534602,,,,,
7KB32A,"Thửa 559 - tờ 24 Lưu Khai Hồng, TT.Củ Chi, H.Củ Chi, TP.HCM",850.0,5.69,Đất,5m,29.93m,Nam,,,,,,,land,149.3848857644991,11.017188267251495,106.50939657379647,33.457208030980496,,,,,
RGZKDJ,"Thửa 527 - tờ 2 Phạm Văn Chèo, TT.Củ Chi, H.Củ Chi, TP.HCM",690.0,4.51,Đất,4.73m,30.34m,Tây Bắc,,,,,,,land,152.99334811529934,10.998010186376034,106.49469180800021,32.889837988145764,,,,,
0ZNVS9,"Thửa 525 - tờ 48 đường 10A, TT.Củ Chi, H.Củ Chi, TP.HCM",2750000.0,29.0,Đất,5m,19.1m,Bắc,,,,,,,land,94827.58620689655,10.99717682102843,106.49491839830226,32.80540773050503,,,,,
7KBDTA,"Thửa 841 - tờ 8 đường 130, Xã Tân Thạnh Đông, H.Củ Chi, TP.HCM",2500000.0,22.78,Đất,5m,22.26m,Tây Bắc,,,,,,,land,109745.39069359086,11.019650218195903,106.51513565634671,33.288695933960405,,,,,
7KCTWA,"Thửa 866 - tờ 145 Cây Bài, Xã Phước Vĩnh An, H.Củ Chi, TP.HCM",1900000.0,10.85,Đất,5m,35m,Tây Bắc,,,,,,,land,175115.2073732719,11.018038692624762,106.48761581279011,35.05328542574584,,,,,
ACB0PY,"Thửa 36 - tờ 2 đường 500, Xã Phạm Văn Cội, H.Củ Chi, TP.HCM",3600000.0,4.2,Đất,19.84m,43.65m,Tây Bắc,,,,,,,land,857142.8571428572,11.02097297548784,106.50476183173532,34.09995945844216,,,,,
857AG3,"Thửa 824 - tờ 56 Nguyễn Kim Cương, Xã Tân Thạnh Đông, H.Củ Chi, TP.HCM",3000000.0,7.93,Đất,7.25m,55.35m,Đông Nam,,,,,,,land,378310.2143757882,10.99902299419458,106.50831173633532,31.982007754310164,,,,,
1US576,"300/28-300/28A Nguyễn Thái Sơn, P.1, Q.Gò Vấp, TP.HCM",18000000.0,95.74,Đất,7.87m,25.8m,Đông Nam,,,,,,,land,188009.1915604763,10.818463600843096,106.67741557268585,4.8878223556180345,,,,,
377FKQ,"Thửa 605 - tờ 82 An Nhơn Tây, Xã An Nhơn Tây, H.Củ Chi, TP.HCM",1550000.0,4.39,Đất,9m,39.26m,Bắc,,,,,,,land,353075.1708428246,10.992760933340225,106.49408101405406,32.5122035157767,,,,,
ACCJPY,"Thửa 572 - tờ 5 Sông Lu, Xã Hòa Phú, H.Củ Chi, TP.HCM",4500000.0,16.07,Đất,7.04m,40m,Tây Nam,,,,,,,land,280024.8911014312,10.995701140807018,106.50875569018025,31.672468775318485,,,,,
0ZZM59,"Thửa 920 - tờ 5 Ba Sa, Xã Phước Hiệp, H.Củ Chi, TP.HCM",1380000.0,11.04,Đất,5m,25m,Bắc,,,,,,,land,125000.00000000001,11.01709892199879,106.51260123769873,33.23345059846215,,,,,
UYYDWS,"Thửa 546 - tờ 37 Phạm Thị Liền, Xã Thái Mỹ, H.Củ Chi, TP.HCM",3990000.0,7.98,Đất,13.7m,39.42m,Đông,,,,,,,land,500000.0,11.01985448434248,106.48994793215483,35.03763977954381,,,,,
DEEE4H,"Thửa 539 - tờ 11 Bàu Lách, Xã Phạm Văn Cội, H.Củ Chi, TP.HCM",12500000.0,8.19,Đất,9.06m,96.17m,Tây Bắc,,,,,,,land,1526251.5262515263,11.019009036641018,106.51567950692102,33.19627274830645,,,,,
2MMNHZ,"Thửa 1165 - tờ 21 đường 577, Xã Trung Lập Hạ, H.Củ Chi, TP.HCM",1700000.0,8.88,Đất,5m,39.47m,Tây Nam,,,,,,,land,191441.44144144142,11.000639348974849,106.48877237523648,33.543929622926754,,,,,
855QW3,"Thửa 116 - tờ 47 đường HL2, Xã Trung Lập Thượng, H.Củ Chi, TP.HCM",2900000.0,11.68,Đất,6m,40.57m,Bắc,,,,,,,land,248287.67123287672,11.010313187222094,106.50613293056715,33.09008247985432,,,,,
ACCDCY,"Thửa 672 - tờ 30 Bàu Trâm, Xã Trung An, H.Củ Chi, TP.HCM",1350000.0,13.69,Đất,5m,19.98m,Nam,,,,,,,land,98612.12563915267,11.018442572334846,106.49432413862806,34.60817794994239,,,,,
PNTJ1G,"Thửa 717 - tờ 44 đường 762, Xã An Nhơn Tây, H.Củ Chi, TP.HCM",1700000.0,11.11,Đất,5m,31.32m,Tây Bắc,,,,,,,land,153015.30153015302,11.00657912404105,106.51624767774209,32.07253843644179,,,,,
7KH6JA,"Thửa 34 - tờ 16 Tỉnh Lộ 6, Xã Phú Mỹ Hưng, H.Củ Chi, TP.HCM",7000000.0,4.01,Đất,40.56m,53.13m,Tây Bắc,,,,,,,land,1745635.910224439,11.006980206585453,106.5093552088199,32.58156101913471,,,,,
SDYXF5,"Thửa 723 - tờ 24 Phước Thạnh, Xã Thái Mỹ, H.Củ Chi, TP.HCM",1680000.0,3.36,Đất,24.07m,27.81m,Nam,,,,,,,land,500000.0,11.00110223055341,106.51251283150661,31.860815522234475,,,,,
J2GDW0,"Thửa 538 - tờ 3 Trung Lập, Xã Trung Lập Thượng, H.Củ Chi, TP.HCM",2200000.0,3.41,Đất,20.54m,31.19m,Nam,,,,,,,land,645161.2903225806,11.016825382135913,106.51332647815596,33.160961825365845,,,,,
EJRSW4,"Thửa 605 - tờ 48 đường 438, Xã Phạm Văn Cội, H.Củ Chi, TP.HCM",5800000.0,9.78,Đất,15m,38.47m,Tây Nam,,,,,,,land,593047.0347648262,11.01714603932431,106.51243572815508,33.24866485226175,,,,,
J2GG10,"Thửa 642 - tờ 20 Nguyễn Thị Lắng, Xã Phước Vĩnh An, H.Củ Chi, TP.HCM",7000000.0,15.71,Đất,10m,46.21m,Tây Nam,,,,,,,land,445576.06619987264,11.015043889042078,106.49074660479862,34.57864452489678,,,,,
SDYAV5,"Thửa 1541 - tờ 25 Trần Thị Cẩm, TT.Củ Chi, H.Củ Chi, TP.HCM",3050000.0,7.75,Đất,13.53m,38.03m,Tây Nam,,,,,,,land,393548.3870967742,11.007177373977676,106.50729431423866,32.74216644545676,,,,,
QA5NEU,"Thửa 1387 - tờ 5 Tỉnh Lộ 7, Xã Trung Lập Hạ, H.Củ Chi, TP.HCM",800.0,1.42,Đất,15m,39.07m,Tây Nam,,,,,,,land,563.3802816901409,11.014936687013211,106.49358182463635,34.36635046240179,,,,,
PNZENG,"Thửa 561 - tờ 43 Tỉnh Lộ 7, Xã Thái Mỹ, H.Củ Chi, TP.HCM",4000000.0,8.56,Đất,21m,24.99m,Tây Bắc,,,,,,,land,467289.7196261682,10.997025507707878,106.49367684805468,32.88566095539533,,,,,
40R7CF,"Thửa 549 - tờ 22 đường 534, Xã Nhuận Đức, H.Củ Chi, TP.HCM",3200000.0,6.53,Đất,17.5m,26.78m,Tây Nam,,,,,,,land,490045.9418070444,11.002594504887105,106.50385378668427,32.59942328438502,,,,,
J2PDR0,"Thửa 820 - tờ 32 đường 29, Xã Phước Vĩnh An, H.Củ Chi, TP.HCM",1550000.0,17.79,Đất,6.66m,14.7m,Đông Bắc,,,,,,,land,87127.59977515458,11.002345318830187,106.4972190898729,33.05822253869775,,,,,
UY7ZQS,"Thửa 865 - tờ 70 ( tờ cũ 4) đường 35, Xã Tân Thông Hội, H.Củ Chi, TP.HCM",7200000.0,42.22,Đất,10.28m,16.36m,Tây Nam,,,,,,,land,170535.2913311227,11.015134818788392,106.5159286460334,32.83915743553036,,,,,
ACHN3Y,"Thửa 697 - tờ 38 (80/3 ) Lã Xuân Oai, Tăng Nhơn Phú A, Q.9, TP.HCM",5200000.0,90.9,Đất,4.2m,13.65m,Đông Bắc,,,,,,,land,57205.7205720572,10.855613824982937,106.81641664896749,15.33428109870283,,,,,
UY56XS,"Thửa 745 - tờ 26 Nguyễn Thị Lắng, Xã Tân Phú Trung, H.Củ Chi, TP.HCM",3000000.0,20.02,Đất,6.37m,22.99m,Tây Nam,,,,,,,land,149850.14985014984,10.793201258097229,106.6189421929231,8.883452816124793,,,,,
5HA117,"Thửa 735 - tờ 2 đường 387, Xã Tân An Hội, H.Củ Chi, TP.HCM",1790000.0,20.48,Đất,5.13m,17.92m,Tây Nam,,,,,,,land,87402.34375,10.999432504330255,106.51447367688883,31.58176942510137,,,,,
85Q2K3,"Thửa 15 - tờ 12 đường 35, TT.Củ Chi, H.Củ Chi, TP.HCM",7500000.0,23.43,Đất,8m,40m,Tây Nam,,,,,,,land,320102.43277848914,10.996491615348667,106.49599539593545,32.669792492116336,,,,,
KFB61C,"Thửa 658 - tờ 91 đường 65, Xã Phú Hòa Đông, H.Củ Chi, TP.HCM",2200000.0,22.31,Đất,5.81m,17.01m,Tây Bắc,,,,,,,land,98610.48857014792,11.004485310225595,106.51689292105512,31.8475967112069,,,,,
GXZ3E2,"Thửa 531 - tờ 11 Tỉnh Lộ 15, Xã Nhuận Đức, H.Củ Chi, TP.HCM",999.0,9.98,Đất,5m,22.81m,Bắc,,,,,,,land,100.1002004008016,11.005550953503873,106.50907826750957,32.47915528758943,,,,,
0ZPVD9,"Thửa 599 - tờ 28 đường 438, Xã Phú Hòa Đông, H.Củ Chi, TP.HCM",1250000.0,15.0,Đất,6.6m,12.64m,Nam,,,,,,,land,83333.33333333333,11.002905778031934,106.50326336551963,32.667707909797585,,,,,
0ZPMY9,"Thửa 866 - tờ 17 đường 120, Xã Tân Thạnh Đông, H.Củ Chi, TP.HCM",1950000.0,19.5,Đất,5m,20m,Tây Bắc,,,,,,,land,100000.0,11.01426441744367,106.51371915428217,32.911042182835956,,,,,
YCYSMD,"Thửa 880 - tờ 8 đường 130, Xã Tân Thạnh Đông, H.Củ Chi, TP.HCM",2100000.0,10.97,Đất,6.23m,30.79m,Đông Bắc,,,,,,,land,191431.17593436645,11.017943109748161,106.50148870120692,34.06418778239276,,,,,
GNGR62,"Thửa 572 - tờ 33 đường 566, Xã Trung Lập Hạ, H.Củ Chi, TP.HCM",2800000.0,12.68,Đất,5m,45.22m,Đông,,,,,,,land,220820.18927444794,11.010106255538076,106.4874226130357,34.412861497435856,,,,,
5D56Q7,"Thửa 519 - tờ 73 đường 501, Xã Nhuận Đức, H.Củ Chi, TP.HCM",1800000.0,12.03,Đất,4.51m,32.01m,Đông Bắc,,,,,,,land,149625.93516209477,10.994916002304032,106.495490782739,32.579825346792006,,,,,
7H76XA,"Thửa 697 - tờ 21 ấp An Hòa, Xã Trung An, H.Củ Chi, TP.HCM",1500000.0,6.59,Đất,4.33m,54.87m,Bắc,,,,,,,land,227617.60242792108,11.009645345321161,106.51637323672175,32.32997761867908,,,,,
W9WDTR,"Thửa 1374 - tờ 5 An Nhơn Tây, Xã Tân Phú Trung, H.Củ Chi, TP.HCM",1950000.0,12.75,Đất,5m,30.83m,Bắc,,,,,,,land,152941.17647058822,10.797613357466998,106.62314636413564,8.529862439919318,,,,,
Q7QH6U,"Thửa 692 - tờ 29 Trần Thị Cờ, P.Thới An, Q.12, TP.HCM",4250000.0,75.08,Đất,4.01m,14.25m,Bắc,,,,,,,land,56606.286627597234,10.776409313706738,106.71392752488491,1.6717713924274094,,,,,
UAUD7S,"Thửa 715 - tờ 9 Trịnh Thị Dối, Xã Đông Thạnh, H.Hóc Môn, TP.HCM",2950000.0,35.37,Đất,5.06m,16.95m,Đông,,,,,,,land,83404.01470172463,10.897310555977313,106.58605429298598,17.933254698419574,,,,,
2X2MFZ,"Thửa 402 - tờ 7 Nhị Bình 12, Xã Nhị Bình, H.Hóc Môn, TP.HCM",4950000.0,12.37,Đất,34.02m,12.05m,Tây Nam,,,,,,,land,400161.6814874697,10.88173971881505,106.59156481230252,16.287123170321117,,,,,
6UX658,"312/41 Bùi Công Trừng, P.Thới An, Q.12, TP.HCM",2880000.0,51.98,Đất,4.5m,12.47m,Tây Bắc,,,,,,,land,55405.92535590612,10.770278062059141,106.70419377380551,1.1937529763192434,,,,,
2XMQWZ,"257/180 Bình Thành, P.Bình Hưng Hoà B, Q.Bình Tân, TP.HCM",6500000.0,65.0,Đất,5m,20m,Nam,,,,,,,land,100000.0,10.775766895687717,106.60925506863296,9.8283945223368,,,,,
35U3NQ,"254/66/5C Âu Cơ, P.9, Q.Tân Bình, TP.HCM",8800000.0,113.69,Đất,4m,19.5m,Đông Nam,,,,,,,land,77403.46556425367,10.81366633652493,106.63754407643445,7.697887841615635,,,,,
Q5B23U,"15 đường số 79, P.Tân Quy, Q.7, TP.HCM",14900000.0,192.75,Đất,4m,20.67m,Đông Bắc,,,,,,,land,77302.20492866407,10.73832189154264,106.72668242518125,5.493957208928054,,,,,
A51AYX,"2/29 Đường 8, Long Phước, Q.9, TP.HCM",9000000.0,33.34,Đất,8.63m,30.4m,,,,,,,,land,269946.0107978404,10.83533814314951,106.83803168850639,16.396180007415957,,,,,
U61CS5,"Trần Tử Bình, Xã Tân Thông Hội, H.Củ Chi, TP.HCM",7000000.0,38.88,Đất,5.65m,30.6m,,,,,,,,land,180041.15226337448,11.014894346203654,106.49063375687781,34.57432949701863,,,,,
2R47ZN,"Thửa 614 - Tờ 59 đường số 160, Tăng Nhơn Phú A, Q.9, TP.HCM",6300000.0,85.25,Đất,4m,18.32m,Đông Nam,,,,,,,land,73900.29325513197,10.841737588475288,106.81723231561092,14.63055832040079,,,,,
WTSNMR,"Thửa 1146 - tờ 109 Trung Đông 7, Xã Thới Tam Thôn, H.Hóc Môn, TP.HCM",2500000.0,4.99,Đất,10.15m,49.6m,,,,,,,,land,501002.004008016,10.882139618834582,106.58450101710486,16.882535153407662,,,,,
28DJTZ,"Thửa 603 - tờ 24 Tỉnh Lộ 15, Xã Tân Thạnh Đông, H.Củ Chi, TP.HCM",1400000.0,17.5,Đất,5m,16m,Tây Bắc,,,,,,,land,80000.0,10.991863570894402,106.51712961658029,30.75390889309359,,,,,
742P6A,"Thửa 21 - tờ 16 Nguyễn Thị Rư, TT.Củ Chi, H.Củ Chi, TP.HCM",11700000.0,16.46,Đất,15.04m,46.04m,Đông Nam,,,,,,,land,710814.0947752126,10.993279797391956,106.49951875377,32.14750007742121,,,,,
1A4K56,"Thửa 1727 - tờ 184 Trần Văn Mười, Xã Bà Điểm, H.Hóc Môn, TP.HCM",8500000.0,63.0,Đất,5m,27.82m,Tây,,,,,,,land,134920.6349206349,10.872112010470252,106.60850654280497,14.222524509271244,,,,,
RNQVPJ,"Thửa 638 - tờ 5 Tỉnh Lộ 7, Xã Thái Mỹ, H.Củ Chi, TP.HCM",1800000.0,9.66,Đất,5m,37.31m,Đông Nam,,,,,,,land,186335.4037267081,11.021433842628001,106.48747708447117,35.34634230831884,,,,,
G6S9T2,"Thửa 716 - tờ 9 Tân Xuân 2, Xã Tân Xuân, H.Hóc Môn, TP.HCM",4150000.000000001,30.55,Đất,9.2m,15.28m,Tây Nam,,,,,,,land,135842.8805237316,10.89814513690771,106.5952933740674,17.322543529535963,,,,,
6YBTK8,"Thửa 553 - Tờ 25 Hà Thị Đát, P.Tân Sơn Nhì, Q.Tân Phú, TP.HCM",6850000.0,93.57,Đất,4m,18.5m,,,,,,,,land,73207.22453777921,10.799111629937707,106.61238907800538,9.713380157719735,,,,,
6YCS18,"Thửa 55 - tờ 43 Lê Thị Khánh, Xã Trung Lập Hạ, H.Củ Chi, TP.HCM",2600000.0,6.01,Đất,9m,47m,Tây Nam,,,,,,,land,432612.31281198,11.010261034103037,106.50899114531569,32.887350063496,,,,,
C9ZWAB,"Thửa 525 - tờ 50 Nguyễn Thị Triệu, TT.Củ Chi, H.Củ Chi, TP.HCM",4800000.0,24.19,Đất,5m,40.31m,Tây Bắc,,,,,,,land,198429.10293509715,10.997034795050002,106.50689197301554,31.917556717300286,,,,,
74JK6A,"Thửa 822 - tờ 13 Tỉnh Lộ 7, Xã Trung Lập Hạ, H.Củ Chi, TP.HCM",8400000.0,8.4,Đất,25.32m,39.76m,Tây Bắc,,,,,,,land,1000000.0,10.994624158959136,106.50798817203618,31.63809002460414,,,,,
3HBX0Q,"Thửa 668 - tờ 55 Đông Thạnh 7, Xã Đông Thạnh, H.Hóc Môn, TP.HCM",3750000.0,27.94,Đất,4m,32m,Đông,,,,,,,land,134216.17752326414,10.896090917670662,106.60275970154925,16.622828490856154,,,,,
EG21D4,"Thửa627 Đông Thạnh 4, Xã Đông Thạnh, H.Hóc Môn, TP.HCM",3650000.0,33.79,Đất,5m,22m,Nam,,,,,,,land,108020.12429712932,10.877236753111212,106.58824390339304,16.215812504830794,,,,,
6YYXR8,"Thửa 897 - tờ 9 Tân Xuân 3, Xã Tân Xuân, H.Hóc Môn, TP.HCM",5800000.0,54.2,Đất,5m,21.4m,Đông Nam,,,,,,,land,107011.0701107011,10.89819595190317,106.59313440152717,17.48224978920484,,,,,
QKDB9U,"Tân Chánh Hiệp 17, P.Tân Chánh Hiệp, Q.12, TP.HCM",4520000.0,50.69,Đất,,,Tây Bắc,,,,,,,land,89169.46143223516,10.768254592712516,106.69836489102147,1.2774742733400157,,,,,
RNZZNJ,"Thửa 663 - Tờ 11 Xã Bình Khánh, Xã Bình Khánh, H.Cần Giờ, TP.HCM",2700000.0,21.42,Đất,5m,25.5m,Bắc,,,,,,,land,126050.42016806721,10.399786181755239,106.91538342887208,48.24229176946447,,,,,
C9RHAB,"713/51/18 Lê Đức Thọ, P.16, Q.Gò Vấp, TP.HCM",10500000.0,69.95,Đất,5m,21.7m,Tây Bắc,,,,,,,land,150107.21944245888,10.823039787890414,106.68855909057999,4.9196249292055025,,,,,
6Y5N08,"Thửa 743 - tờ 10 Phan Văn Hớn, Xã Xuân Thới Thượng, H.Hóc Môn, TP.HCM",3900000.0,48.32,Đất,5.61m,14.47m,Tây Nam,,,,,,,land,80711.92052980133,10.898892481903413,106.59911121591931,17.115643233678846,,,,,
8D7DN3,"Thửa 620 - tờ 29 Song Hành QL22, Xã Trung Chánh, H.Hóc Môn, TP.HCM",3800000.0,55.07,Đất,3.56m,18.24m,Đông Nam,,,,,,,land,69003.08698020701,10.886425921799335,106.60392842753294,15.7252380182944,,,,,
6YS1Z8,"Thửa 611 - tờ 90 Tân Xuân 1, Xã Tân Xuân, H.Hóc Môn, TP.HCM",4600000.0,35.85,Đất,5.24m,18.94m,Nam,,,,,,,land,128312.41283124128,10.874683887598172,106.59967934059713,15.10669137466771,,,,,
DREUYH,"Thửa 1121 - Tờ 74 Tô Ngọc Vân, P.Thới An, Q.12, TP.HCM",3500000.0,54.68,Đất,4m,16m,Nam,,,,,,,land,64008.77834674469,10.781906266531525,106.69668832174811,0.3471784934833415,,,,,
K047AC,"23/246 Nguyễn Xiển, P.Long Thạnh Mỹ, TP.Thủ Đức, TP.HCM",3210000.0,35.65,Đất,,,Tây Nam,,,,,,,land,90042.0757363254,10.845043453353757,106.76325729888157,10.071781450770196,,,,,
WT9AZR,"Thửa 984 - tờ 32 Phạm Hữu Lầu, Xã Phước Kiển, H.Nhà Bè, TP.HCM",13500000.0,85.33,Đất,5m,31.52m,Tây Nam,,,,,,,land,158209.30505097855,10.706165703294545,106.72662391886696,8.68467392790027,,,,,
SB78N5,"Phạm Văn Sáng, Xã Vĩnh Lộc A, H.Bình Chánh, TP.HCM",17350000.0,16.84,Đất,26m,39.6m,Tây,,,,,,,land,1030285.0356294537,10.675810186556294,106.59400813470752,16.255472279582484,,,,,
7EU29A,"Thửa 747 - tờ 20 Tỉnh Lộ 7, Xã Thái Mỹ, H.Củ Chi, TP.HCM",2250000.0,16.38,Đất,5.96m,25.25m,Bắc,,,,,,,land,137362.63736263738,11.013280877908967,106.49701335127737,33.98297621763731,,,,,
A4UAPY,"Thửa 755 - tờ 116 đường Nguyễn Thị My, Xã Trung An, H.Củ Chi, TP.HCM",2700000.0,22.78,Đất,5m,24.07m,Tây Bắc,,,,,,,land,118525.02194907813,11.0012732339421,106.5012120353335,32.679513414642464,,,,,
QH131U,"Thửa 753 - Tờ 116 đường Nguyễn Thị My, Xã Trung An, H.Củ Chi, TP.HCM",2700000.0,21.75,Đất,5m,25.8m,Tây Bắc,,,,,,,land,124137.93103448275,10.997395666633853,106.49773205387278,32.61479925669214,,,,,
4GKEVF,"Thửa 752 - Tờ 116 đường Nguyễn Thị My, Xã Trung An, H.Củ Chi, TP.HCM",4500000.0,15.88,Đất,11.87m,25.85m,,,,,,,,land,283375.31486146094,10.994070663317,106.50043301017034,32.144198980494046,,,,,
KJAHRC,"Thửa 754 - Tờ 116 đường Nguyễn Thị My, Xã Trung An, H.Củ Chi, TP.HCM",2700000.0,22.24,Đất,5m,24.6m,Tây Bắc,,,,,,,land,121402.87769784173,11.014067185631742,106.50501791381991,33.488115737827464,,,,,
SC8DY5,"Thửa 48 - tờ 38 Đặng Thị Thưa, Xã Tân Thạnh Đông, H.Củ Chi, TP.HCM",4400000.0,2.28,Đất,17.62m,112.35m,Tây Bắc,,,,,,,land,1929824.561403509,10.999864261334304,106.50129151974737,32.55709751244091,,,,,
DW5BTH,"Thửa 1119 - Tờ 69 đường An Phú Đông 9, P.An Phú Đông, Q.12, TP.HCM",4400000.0,64.7,Đất,4m,17m,Đông Bắc,,,,,,,land,68006.18238021639,10.779470941927396,106.70506183126302,0.6608213852626987,,,,,
UK6ACS,"Thửa 1118 - Tờ 69 đường An Phú Đông 9, P.An Phú Đông, Q.12, TP.HCM",4400000.0,64.7,Đất,4m,17m,Đông Bắc,,,,,,,land,68006.18238021639,10.780939237209502,106.69820895061756,0.15596387378992738,,,,,
QH15QU,"Thửa 1117 - Tờ 69 đường An Phú Đông 9, P.An Phú Đông, Q.12, TP.HCM",4400000.0,51.76,Đất,5m,17m,Đông Bắc,,,,,,,land,85007.72797527048,10.769703995153584,106.71571054677571,2.1383325012857686,,,,,
5B3YJ7,"Thửa 537 - tờ 165 đường số 14, P.8, Q.Gò Vấp, TP.HCM",7600000.0,120.25,Đất,4m,15.88m,Đông Bắc,,,,,,,land,63201.6632016632,10.821776280945297,106.66263172845527,6.116939211956157,,,,,
WZDAUR,"76A/8 Trần Hữu Trang, P.10, Q.Phú Nhuận, TP.HCM",11500000.0,139.22,Đất,4.05m,21.1m,,,,,,,,land,82603.07427093809,10.796931255705642,106.67079911937111,3.6232834217734124,,,,,
EP7VZ4,"Thửa 792 - tờ 112 Trung Đông 8, Xã Đông Thạnh, H.Hóc Môn, TP.HCM",44500000.0,15.13,Đất,15.5m,78.68m,Đông Nam,,,,,,,land,2941176.470588235,10.870949230353165,106.58161072765998,16.32622964830529,,,,,
3DT4PQ,"79/4/6A đường số 18, P.8, Q.Gò Vấp, TP.HCM",3650000.0,100.0,Đất,5.69m,7.65m,Tây Nam,,,,,,,land,36500.0,10.825746991029597,106.66929398683642,6.034954345761802,,,,,
G14MP2,"Thửa 353 - Tờ 2 Hồ Thị Bưng, Xã Tân Thạnh Tây, H.Củ Chi, TP.HCM",13100000.0,2.21,Đất,51.3m,103.34m,Đông Nam,,,,,,,land,5927601.809954751,10.993386475702017,106.50361337927623,31.85420757098832,,,,,
179DM6,"Thửa 727 - Tờ 161 đường số 1C, Xã Vĩnh Lộc B, H.Bình Chánh, TP.HCM",5200000.0,46.42,Đất,5m,22.63m,Tây,,,,,,,land,112020.68074105988,10.699328837552235,106.5890600410394,14.96285317338827,,,,,
QHG3NU,"10A Số 16, Xã Tân Thông Hội, H.Củ Chi, TP.HCM",3600000.0,10.94,Đất,6m,55m,Tây Bắc,,,,,,,land,329067.6416819013,11.008320042295935,106.50635937826769,32.904676122521764,,,,,
RTSUZJ,"Thửa 115 - tờ 63 Bến Than, ấp 1, Xã Tân Thạnh Đông, H.Củ Chi, TP.HCM",2200000.0,29.89,Đất,5.01m,14.93m,Đông Nam,,,,,,,land,73603.21177651388,10.996181407621403,106.49941453109284,32.391613869239976,,,,,
A4T2RY,"Thửa 805 - tờ 30 đường số 233, Xã Hòa Phú, H.Củ Chi, TP.HCM",1700000.0,17.29,Đất,5m,19.82m,Tây Nam,,,,,,,land,98322.72990167727,10.994847563152783,106.5101250987684,31.502999144698578,,,,,
KJV2DC,"Thửa 666 - tờ 126 Nguyễn Thị Thôn, Xã Phú Hòa Đông, H.Củ Chi, TP.HCM",1200000.0,11.05,Đất,5m,21.85m,Tây Nam,,,,,,,land,108597.2850678733,11.007633290526755,106.49428270271925,33.70827848909405,,,,,
174EA6,"28B Bùi Viện, P.15, Q.Tân Bình, TP.HCM",5300000.0,105.78,Đất,,,Tây Bắc,,,,,,,land,50103.989411987146,10.789132942682363,106.63986125373232,6.552934976392147,,,,,
A42PRY,"114 Phan Văn Cử, P.16, Q.Gò Vấp, TP.HCM",7500000.0,73.67,Đất,,,Đông Bắc,,,,,,,land,101805.34817429076,10.829651856531983,106.66394869771005,6.718798298959069,,,,,
5BP0Y7,"55/6 Trần Xuân Soạn, P.Tân Kiểng, Q.7, TP.HCM",9800000.0,85.88,Đất,,,Đông Bắc,,,,,,,land,114112.71541686074,10.725828356198923,106.73151446515965,6.94597151193422,,,,,
JNU1M0,"2 Hẻm 58, P.Trường Thạnh, TP.Thủ Đức, TP.HCM",13700000.0,58.44,Đất,,,Tây Bắc,,,,,,,land,234428.4736481862,10.858629475115258,106.74659426659001,10.154622529851256,,,,,
SC0XA5,"20/25 Hồ Đắc Di, Q.Tân Phú, TP.HCM",6800000.0,89.47,Đất,,,Tây,,,,,,,land,76003.12954062814,10.788486734934128,106.61559725666119,9.175139094911044,,,,,
JNQSU0,"122/19 Nguyễn Đức Thuận, P.Bình Hưng Hòa, Q.Bình Tân, TP.HCM",8300000.000000001,116.57,Đất,,,Đông Bắc,,,,,,,land,71201.85296388438,10.7652796203064,106.59016456333414,12.014069630998248,,,,,
4G18MF,"449 Trần Hưng Đạo, P.Cầu Kho, Q.1, TP.HCM",7200000.0,156.52,Đất,,,Tây Nam,,,,,,,land,46000.511116790185,10.769551526698628,106.69803236214261,1.1371817299848639,,,,,
YFP3FD,"Thửa 1023 - tờ 41 Lê Thị Đảo, Xã Tân Thạnh Đông, H.Củ Chi, TP.HCM",2500000.0,13.69,Đất,8.43m,23.91m,Tây,,,,,,,land,182615.04747991235,10.993449830504552,106.49332738486966,32.62418577798007,,,,,
YFR30D,"Thửa 91 - tờ 102 Nguyễn Thị Nhúng, Xã Tân Thông Hội, H.Củ Chi, TP.HCM",3900000.0,13.75,Đất,6.17m,45.94m,Đông Bắc,,,,,,,land,283636.36363636365,11.01959733904332,106.49285018111235,34.80980769046899,,,,,
6A5KU8,"Thửa 4 - Tờ 133 ( Số nhà 20/24D) Bình Chiểu, P.Bình Chiểu, TP.Thủ Đức, TP.HCM",21900000.0,48.99,Đất,10.05m,41.43m,Bắc,,,,,,,land,447030.0061236987,10.844604817010287,106.76703748267344,10.330574615740408,,,,,
RT29GJ,"Thửa 1037 - Tờ 9 đường An Phú Đông 26, P.An Phú Đông, Q.12, TP.HCM",3350000.0,45.95,Đất,4m,18.14m,,,,,,,,land,72905.33188248095,10.783305411011657,106.69298720686966,0.7668854770460692,,,,,
7ECYQA,"Thửa 680 - tờ 92 đường số 218, Xã Tân Thông Hội, H.Củ Chi, TP.HCM",2500000.0,16.57,Đất,5m,30.16m,Đông Nam,,,,,,,land,150875.07543753771,10.993141818419916,106.49480842219066,32.48802929123315,,,,,
7EKGCA,"đường Số 4, P.Bình Hưng Hoà A, Q.Bình Tân, TP.HCM",4350000.0,86.82,Đất,4.2m,11.9m,,,,,,,,land,50103.66275051832,10.763676709386045,106.61544594654548,9.313462996212685,,,,,
A4KMUY,"Thửa 56 - Tờ 18 hẻm đường TL7, Xã Phước Thạnh, H.Củ Chi, TP.HCM",3200000.0,3.59,Đất,28.67m,36.04m,,,,,,,,land,891364.9025069638,11.010489389456707,106.5087519536414,32.92344583220608,,,,,
WZJHMR,"Thửa 636 - Tờ 13 đường số 5, P.17, Q.Gò Vấp, TP.HCM",15300000.0,119.53,Đất,8.3m,15.65m,Đông Bắc,,,,,,,land,128001.33857608968,10.818005876907305,106.66169699993276,5.877159272124221,,,,,
QD3SRU,"Thửa 884 - tờ 5 Võ Thị Nghỉ, Xã Tân Phú Trung, H.Củ Chi, TP.HCM",2200000.0,9.16,Đất,10m,24m,Đông Bắc,,,,,,,land,240174.67248908296,10.791994891183808,106.61803231250893,8.960515187738347,,,,,
CJHX1B,"Lã Xuân Oai, P.Long Trường, TP.Thủ Đức, TP.HCM",3000000.0,30.0,Đất,5m,20m,Đông,,,,,,,land,100000.0,10.838495590354622,106.75018328909553,8.571429180354212,,,,,
15NR16,"Thửa 493 - Tờ 47 Trương Thị Như, Xã Xuân Thới Sơn, H.Hóc Môn, TP.HCM",2700000.0,23.95,Đất,8m,15m,,,,,,,,land,112734.8643006263,10.894742646665433,106.60877390123562,16.096302216058447,,,,,
E9SYS4,"Thửa 635 - tờ 87 Tân Xuân 2, TT.Hóc Môn, H.Hóc Môn, TP.HCM",4880000.0,35.67,Đất,5.28m,27.23m,Đông Bắc,,,,,,,land,136809.64395850853,10.894488853548363,106.59925851090284,16.733126286530705,,,,,
QDZJDU,"Thửa 587 - tờ 147 Xuân Thới Thượng 20, Xã Bà Điểm, H.Hóc Môn, TP.HCM",12000000.0,13.71,Đất,6.24m,39.54m,Đông Nam,,,,,,,land,875273.5229759299,10.88003801398612,106.59658476964955,15.7626541820638,,,,,
0NY6N9,"Thửa 609 - tờ 44 Tỉnh Lộ 7, Xã An Nhơn Tây, H.Củ Chi, TP.HCM",1350000.0,4.88,Đất,10m,27.37m,Tây Nam,,,,,,,land,276639.3442622951,10.999103469548494,106.48781899612892,33.49222030146195,,,,,
674T48,"Thửa 865 - tờ 145 Tỉnh Lộ 8, Xã Phước Vĩnh An, H.Củ Chi, TP.HCM",1900000.0,10.85,Đất,5m,35m,Tây Bắc,,,,,,,land,175115.2073732719,11.01701927290651,106.49758833123173,34.25778440035987,,,,,
PM8VSG,"Thửa 552 - tờ 20 Phạm Phú Tiết, TT.Củ Chi, H.Củ Chi, TP.HCM",3400000.0,21.26,Đất,6.31m,25.56m,Đông Bắc,,,,,,,land,159924.74129821258,10.992695998112108,106.50963202402568,31.359288354485233,,,,,
67DVW8,"Một phần nhà số 160/88 Phan Huy Ích, P.12, Q.Gò Vấp, TP.HCM",9300000.0,89.76,Đất,4m,26m,Bắc,,,,,,,land,103609.6256684492,10.819016966380351,106.68686777132224,4.538769330091605,,,,,
Y4R6WD,"Thửa 843 - tờ 28 đường số 16, Xã Tân Thông Hội, H.Củ Chi, TP.HCM",2400000.0,24.14,Đất,5m,20m,Đông Nam,,,,,,,land,99420.04971002485,11.018401435627998,106.5017279128697,34.08684509101934,,,,,
67YZB8,"Thửa 679 - Tờ 49 Nguyễn Thị Dưỡng, Xã Tân Thạnh Đông, H.Củ Chi, TP.HCM",2000000.0,6.17,Đất,14.93m,21.99m,Đông Nam,,,,,,,land,324149.10858995136,10.998839289580012,106.51630979829285,31.403254728583505,,,,,
DFR38H,"Thửa 647 - tờ 56 Lê Thị Hởi, Xã Tân Thông Hội, H.Củ Chi, TP.HCM",1150000.0,9.93,Đất,5m,23.29m,Đông Bắc,,,,,,,land,115810.67472306143,10.997701350126796,106.51699222455498,31.258704865042645,,,,,
7B419A,"Thửa 488 - Tờ 44 đường số 9, P.Trường Thọ, TP.Thủ Đức, TP.HCM",24000000.0,48.39,Đất,12.16m,47.9m,Đông Nam,,,,,,,land,495970.24178549286,10.841915773444535,106.7528181994136,9.046148015527576,,,,,
15AQQ6,"Thửa 668 - tờ 127 Tỉnh Lộ 7, Xã Trung Lập Hạ, H.Củ Chi, TP.HCM",1390000.0,1.74,Đất,10m,80.29m,Đông Bắc,,,,,,,land,798850.5747126436,11.011214428674077,106.50146430316859,33.49378918669015,,,,,
3YYJHQ,"Thửa 738 - Tờ 18 Huỳnh Thị Mài, Xã Tân Hiệp, H.Hóc Môn, TP.HCM",4550000.0,42.84,Đất,11m,10m,Bắc,,,,,,,land,106209.15032679737,10.885975130304985,106.58340512043829,17.257480002085405,,,,,
155KB6,"Thửa 835 - tờ 22 Trần Văn Chẩm, Xã Phước Vĩnh An, H.Củ Chi, TP.HCM",3200000.0,18.0,Đất,5.06m,35.96m,Tây,,,,,,,land,177777.77777777778,11.01661673069685,106.4968933970888,34.272635166259185,,,,,
SKKFU5,"Thửa 110 - tờ 24 Huỳnh Văn Cọ, TT.Củ Chi, H.Củ Chi, TP.HCM",4800000.0,24.0,Đất,10m,20m,Tây Bắc,,,,,,,land,200000.0,11.003534452927765,106.51520390757298,31.881675365245243,,,,,
0NZ019,"Thửa 753 - tờ 7 đường số 87, Xã Tân Phú Trung, H.Củ Chi, TP.HCM",2800000.0,25.0,Đất,5m,22.45m,Đông Nam,,,,,,,land,112000.0,10.776996151985383,106.62696434137872,7.887520287771628,,,,,
DFEYKH,"29/22 Lê Đức Thọ, P.7, Q.Gò Vấp, TP.HCM",15800000.0,175.55,Đất,5m,18m,,,,,,,,land,90002.84819139846,10.840067703231089,106.67136204340147,7.322336795484614,,,,,
5K5ZV7,"Thửa 805 - Tờ 82 Phạm Văn Cội, Xã Nhuận Đức, H.Củ Chi, TP.HCM",1800000.0,9.42,Đất,9m,21m,Tây Bắc,,,,,,,land,191082.8025477707,11.019654258131895,106.49707342463807,34.517474855107736,,,,,
QYQJHU,"Thửa 613 - Tờ 194 ấp Cây Trôm, Xã Phước Hiệp, H.Củ Chi, TP.HCM",1550000.0,15.5,Đất,5m,20m,Đông Bắc,,,,,,,land,100000.0,10.992563852504327,106.50022425626858,32.03700790838122,,,,,
WGW30R,"Thửa 612 - Tờ 194 ấp Cây Trôm, Xã Phước Hiệp, H.Củ Chi, TP.HCM",1550000.0,15.5,Đất,5m,20m,Đông Bắc,,,,,,,land,100000.0,11.00353867437138,106.50583185550386,32.537635176698096,,,,,
ABAG3Y,"Thửa 611 - Tờ 194 ấp Cây Trôm, Xã Phước Hiệp, H.Củ Chi, TP.HCM",1550000.0,15.5,Đất,5m,20m,Đông Bắc,,,,,,,land,100000.0,11.020558442655783,106.51674826413233,33.262889085650414,,,,,
3A3WEQ,"Thửa 610 - Tờ 194 ấp Cây Trôm, Xã Phước Hiệp, H.Củ Chi, TP.HCM",1550000.0,15.56,Đất,5m,20m,Đông Bắc,,,,,,,land,99614.39588688946,10.99808277049216,106.49250408389197,33.05862406029704,,,,,
7C79BA,"Thửa 609 - Tờ 194 ấp Cây Trôm, Xã Phước Hiệp, H.Củ Chi, TP.HCM",1550000.0,15.56,Đất,5m,29m,Đông Bắc,,,,,,,land,99614.39588688946,10.993535860278396,106.50435521449465,31.812144019519117,,,,,
2V25NZ,"Thửa 606 - Tờ 194 ấp Cây Trôm, Xã Phước Hiệp, H.Củ Chi, TP.HCM",1550000.0,15.5,Đất,5m,20m,Đông Bắc,,,,,,,land,100000.0,11.017215745828535,106.51147451257486,33.319316913258945,,,,,
9N939P,"Thửa 607 - Tờ 194 ấp Cây Trôm, Xã Phước Hiệp, H.Củ Chi, TP.HCM",1550000.0,15.51,Đất,5m,20m,Đông Bắc,,,,,,,land,99935.52546744037,11.020162787476014,106.50232455447733,34.19683477793114,,,,,
E0ENC4,"Thửa 608 - Tờ 194 ấp Cây Trôm, Xã Phước Hiệp, H.Củ Chi, TP.HCM",1550000.0,15.51,Đất,5m,20m,Đông Bắc,,,,,,,land,99935.52546744037,11.01005707466521,106.5095284716262,32.83277025088533,,,,,
UDUDYS,"Thửa 822 - tờ 21 đường số 75, Xã Tân Phú Trung, H.Củ Chi, TP.HCM",3300000.0,17.55,Đất,6.23m,30m,Tây Bắc,,,,,,,land,188034.18803418803,10.800834637432684,106.6137664969521,9.610850148222918,,,,,
871GB3,"Thửa 593 - Tờ 78 đường số 387, Xã Tân An Hội, H.Củ Chi, TP.HCM",1680000.0,16.1,Đất,5m,21.75m,Tây Bắc,,,,,,,land,104347.82608695651,11.019686826177141,106.48893313372683,35.09609543909807,,,,,
1SM0V6,"Thửa 592 - Tờ 78 đường số 387, Xã Tân An Hội, H.Củ Chi, TP.HCM",1680000.0,15.86,Đất,5m,21.4m,Tây Bắc,,,,,,,land,105926.86002522068,10.99921770998288,106.50591164961209,32.16993576490414,,,,,
7CSXPA,"Thửa 588 - Tờ 78 đường số 387, Xã Tân An Hội, H.Củ Chi, TP.HCM",3900000.0,3.28,Đất,17.51m,80.87m,Tây Bắc,,,,,,,land,1189024.3902439026,10.995500133193952,106.48981099168981,33.05366710012149,,,,,
UD32AS,"Thửa 587 - Tờ 78 đường số 387, Xã Tân An Hội, H.Củ Chi, TP.HCM",2700000.0,5.34,Đất,10m,53.53m,Tây Bắc,,,,,,,land,505617.9775280899,11.012741048866584,106.51209596343506,32.88841442990114,,,,,
GM9V42,"Thửa 402 - tờ 53, 221/6A Trần Huy Liệu, P.8, Q.Phú Nhuận, TP.HCM",5900000.0,201.36,Đất,3.1m,9.45m,Đông Bắc,,,,,,,land,29300.754866905045,10.811182029997944,106.67781806185,4.1763151170474355,,,,,
5K31A7,"Thửa 1001 - Tờ 80, Một phần số 38/8 Trần Thị Hè, P.Hiệp Thành, Q.12, TP.HCM",5500000.0,85.8,Đất,4m,16.08m,Tây Nam,,,,,,,land,64102.5641025641,10.788913078542368,106.71305972315605,1.8369681204729045,,,,,
1SNY06,"Thửa 754 - tờ 20 đường số 83, Xã Tân Phú Trung, H.Củ Chi, TP.HCM",2100000.0,24.56,Đất,5m,17.1m,Đông Nam,,,,,,,land,85504.88599348535,10.78540346826056,106.61293195345912,9.43654136017077,,,,,
UD6HBS,"Thửa 688 - tờ 12 Tỉnh Lộ 8, Xã Phước Vĩnh An, H.Củ Chi, TP.HCM",3200000.0,15.23,Đất,8.5m,24.85m,Nam,,,,,,,land,210111.62179908075,11.012213375973895,106.50347584747898,33.43726330661724,,,,,
GMRPH2,"Thửa 7 - tờ 41 Võ Thị Lợi, Xã Phước Vĩnh An, H.Củ Chi, TP.HCM",1500000.0,1.01,Đất,31.07m,47.49m,Tây Bắc,,,,,,,land,1485148.5148514851,11.01083287451942,106.49545304219443,33.88947055373772,,,,,
CR79NB,"Thửa 520 - Tờ 19 Nguyễn Thị Chuối, Xã Xuân Thới Đông, H.Hóc Môn, TP.HCM",20800000.0,6.0,Đất,59.45m,76.14m,,,,,,,,land,3466666.6666666665,10.871553450892414,106.60882460888804,14.153970644845733,,,,,
65T7F8,"Thửa 1200 - tờ 4 Võ Văn Điều, Xã Phước Thạnh, H.Củ Chi, TP.HCM",7500000.0,5.04,Đất,39.91m,36.47m,,,,,,,,land,1488095.238095238,11.003295846593764,106.51135573176245,32.128224301859795,,,,,
D4UBTH,"113/120N Võ Duy Ninh, P.22, Q.Bình Thạnh, TP.HCM",2980000.0,151.26,Đất,3.48m,14.43m,Đông Nam,,,,,,,land,19701.176781700386,10.824693112873726,106.6958907452143,4.979268188537593,,,,,
AB3DTY,"Thửa 617 - Tờ 40 Nguyễn Thị Lắng, Xã Phước Vĩnh An, H.Củ Chi, TP.HCM",2500000.0,12.65,Đất,6m,34.05m,Tây Bắc,,,,,,,land,197628.4584980237,11.012786149943503,106.50544324004015,33.34908096510187,,,,,
3ANZMQ,"Thửa 609 - Tờ 36 Nguyễn  Thị Ly, Xã Xuân Thới Sơn, H.Hóc Môn, TP.HCM",21000000.0,1.96,Đất,47.74m,188.32m,Đông Bắc,,,,,,,land,10714285.714285715,10.88830867559477,106.58269397821466,17.490632201236284,,,,,
3ATKFQ,"đường Thống Nhất, P.16, Q.Gò Vấp, TP.HCM",6900000.0,96.36,Đất,4.14m,17.24m,Đông Nam,,,,,,,land,71606.47571606476,10.823247202053711,106.68199281285682,5.155839182754783,,,,,
9NA7AP,"Thửa 550 - Tờ 17 đường số 40, TT.Củ Chi, H.Củ Chi, TP.HCM",2800000.0,41.05,Đất,5m,14.28m,Tây Bắc,,,,,,,land,68209.5006090134,11.003213647783978,106.51311277070312,31.99887068724,,,,,
PXYXTG,"Lê Trọng Tấn, P.Bình Hưng Hòa, Q.Bình Tân, TP.HCM",7500000.0,74.77,Đất,5m,20.14m,,,,,,,,land,100307.61000401231,10.766591302968383,106.60292804162948,10.611313030991777,,,,,
9NATNP,"23b Linh Đông, P.Linh Đông, TP.Thủ Đức, TP.HCM",22600000.0,112.43,Đất,10m,20m,Đông Nam,,,,,,,land,201013.96424441875,10.852355327474069,106.75492716483929,10.08977395166481,,,,,
PXYNZG,"Thửa 1480 - Tờ 16 đường số 86, Xã Tân Phú Trung, H.Củ Chi, TP.HCM",1600000.0,20.0,Đất,7.47m,13.77m,Đông Nam,,,,,,,land,80000.0,10.793905529595074,106.6374093599637,6.9175813188239035,,,,,
UDPAQS,"Thửa 1475 - Tờ 16 đường số 86, Xã Tân Phú Trung, H.Củ Chi, TP.HCM",1700000.0,14.45,Đất,12.91m,14.99m,Đông Nam,,,,,,,land,117647.05882352941,10.788960554030336,106.61198043370244,9.574011693747842,,,,,
ABTKUY,"Thửa 1476 - Tờ 16 đường số 86, Xã Tân Phú Trung, H.Củ Chi, TP.HCM",1700000.0,19.4,Đất,6.19m,18.23m,Đông Nam,,,,,,,land,87628.86597938144,10.790391829250655,106.63582222831027,7.011420098467735,,,,,
KWV41C,"Thửa 1477 - Tờ 16 đường số 86, Xã Tân Phú Trung, H.Củ Chi, TP.HCM",1750000.0,18.15,Đất,5.5m,21.12m,Đông Nam,,,,,,,land,96418.73278236916,10.803045504385137,106.61960334905531,9.059221227113804,,,,,
GMDTG2,"Thửa 1478 - Tờ 16 đường số 86, Xã Tân Phú Trung, H.Củ Chi, TP.HCM",1800000.0,16.24,Đất,5m,24.01m,Đông Nam,,,,,,,land,110837.43842364533,10.790800228961606,106.63397154268891,7.2185306681806285,,,,,
SHGAF5,"Thửa 1479 - Tờ 16 đường số 86, Xã Tân Phú Trung, H.Củ Chi, TP.HCM",1550000.0,17.1,Đất,6.58m,14.16m,Tây Bắc,,,,,,,land,90643.27485380117,10.786078831148062,106.63983509086529,6.511061215988649,,,,,
GMY0R2,"Thửa 1403 - Tờ 48 Xuân Thới Thượng 32, Xã Xuân Thới Thượng, H.Hóc Môn, TP.HCM",9000000.0,35.12,Đất,15m,16m,Bắc,,,,,,,land,256264.23690205012,10.881884651737627,106.60028079752014,15.625012452066057,,,,,
KWMP7C,"Thửa 628 - tờ 52 Nguyễn Thị Hẹ, Xã Trung Lập Thượng, H.Củ Chi, TP.HCM",1550000.0,6.59,Đất,5.12m,47.89m,Tây Nam,,,,,,,land,235204.85584218515,11.020530145318098,106.51675816256807,33.25973515474195,,,,,
49651F,"Thửa 511 - Tờ 1 + Thửa 163 - Tờ 1 Hẻm đường Thạnh Lộc 14, P.An Phú Đông, Q.12, TP.HCM",16000000.0,45.95,Đất,10m,30m,Tây Bắc,,,,,,,land,348204.57018498366,10.787407077338104,106.70813253666863,1.3047229090170285,,,,,
SH0CP5,"Thửa 61 - tờ 18 Võ Thị Dòn, Xã Tân Thông Hội, H.Củ Chi, TP.HCM",3500000.0,20.95,Đất,5.11m,33.57m,Tây Nam,,,,,,,land,167064.43914081148,11.007677115495621,106.49232217899426,33.85459727493933,,,,,
D4ZFAH,"Thửa 1731 - Tờ 184 Trần Văn Mười, Xã Bà Điểm, H.Hóc Môn, TP.HCM",11500000.0,57.32,Đất,5.88m,35.01m,Tây,,,,,,,land,200628.05303558966,10.881215087465096,106.58123086446663,17.082144388295713,,,,,
SHR1C5,"Thửa 600 - tờ 80 Nguyễn Văn Khạ, Xã Tân An Hội, H.Củ Chi, TP.HCM",2500000.0,10.0,Đất,5.01m,50m,Đông Nam,,,,,,,land,250000.0,11.010580534624605,106.50099643529644,33.47330356278099,,,,,
QYF23U,"Thửa 603 -  tờ 73 Nguyễn Văn Khạ, Xã Tân An Hội, H.Củ Chi, TP.HCM",2300000.0,9.9,Đất,6.3m,36.85m,Nam,,,,,,,land,232323.2323232323,10.994052784336285,106.50886646640929,31.527254460363995,,,,,
WG17KR,"Thửa 503 - tờ 32 Hà Thị Kiểm, Xã Phú Mỹ Hưng, H.Củ Chi, TP.HCM",1790000.0,3.05,Đất,17.85m,32.77m,Tây Bắc,,,,,,,land,586885.2459016393,10.995426138870034,106.50382662453073,32.00631373965854,,,,,
E0XUA4,"Thửa 584 - tờ 49 đường số 698, Xã Thái Mỹ, H.Củ Chi, TP.HCM",1250000.0,8.72,Đất,5m,29.27m,Đông Nam,,,,,,,land,143348.623853211,11.00353944663704,106.49911205080318,33.01932643342745,,,,,
UDWZZS,"Thửa 1088 - tờ 12 Nguyễn Thị Tấm, Xã Phước Thạnh, H.Củ Chi, TP.HCM",1600000.0,7.27,Đất,6m,36.65m,Tây Nam,,,,,,,land,220082.53094910592,11.002809455299095,106.51005917631825,32.17767636154603,,,,,
GMSHC2,"Thửa 589 - tờ 9 Tỉnh Lộ 2, Xã Tân An Hội, H.Củ Chi, TP.HCM",3400000.0,17.41,Đất,5m,39.44m,Tây Nam,,,,,,,land,195290.06318207926,11.018249852310891,106.50610499159725,33.77298036200113,,,,,
GMSQS2,"Thửa 526 - tờ 89 đường số 8, P.Tam Bình, TP.Thủ Đức, TP.HCM",8000000.0,79.44,Đất,4.02m,25.37m,Tây Bắc,,,,,,,land,100704.93454179255,10.844757613583004,106.75003103159243,9.097202507310548,,,,,
SHEPA5,"Thửa 677 - tờ 71 Thạnh Xuân 52, Xã Đông Thạnh, H.Hóc Môn, TP.HCM",10900000.0,10.84,Đất,13.3m,80.45m,Tây Nam,,,,,,,land,1005535.0553505535,10.888771207215415,106.57942872047299,17.786635170696943,,,,,
D4J0WH,"Nguyễn Thị Thôn, Xã Phú Hòa Đông, H.Củ Chi, TP.HCM",1550000.0,14.55,Đất,5m,21.68m,Bắc,,,,,,,land,106529.20962199313,11.009628139431712,106.48888979726335,34.26599195906364,,,,,
7CE7GA,"Thửa 569 - tờ 48 ( tờ cũ 12) Hà Duy Phiên, Xã Bình Mỹ, H.Củ Chi, TP.HCM",3800000.0,15.29,Đất,7.8m,33m,Đông Bắc,,,,,,,land,248528.4499672989,11.01137621741275,106.50970838007773,32.933706203383394,,,,,
65AVT8,"Thửa 1572 - tờ 17 Tỉnh Lộ 2, Xã Tân Phú Trung, H.Củ Chi, TP.HCM",2650000.0,15.03,Đất,5m,35.29m,Đông Nam,,,,,,,land,176314.0385894877,10.790742435086718,106.62858823938996,7.798470582675337,,,,,
UDK3ZS,"Thửa 1342 - tờ 17 Tân Phú Trung, Xã Tân Phú Trung, H.Củ Chi, TP.HCM",1680000.0,19.58,Đất,5.5m,15.72m,Đông Nam,,,,,,,land,85801.83861082738,10.804327084985339,106.6355608283091,7.452972612964135,,,,,
657BH8,"Thửa 19 - tờ 47 Nguyễn Văn Khạ, Xã Phú Hòa Đông, H.Củ Chi, TP.HCM",5600000.0,12.73,Đất,7.99m,55.22m,Tây Bắc,,,,,,,land,439905.7344854674,11.019241949246501,106.51630541137332,33.17556176736397,,,,,
87ABM3,"Thửa 667 - tờ 127 Tỉnh Lộ 7, Xã Trung Lập Hạ, H.Củ Chi, TP.HCM",1800000.0,2.59,Đất,10m,70m,Đông Bắc,,,,,,,land,694980.694980695,11.017785594613374,106.51247961926713,33.30160554435409,,,,,
ABE02Y,"Thửa 689 - tờ 47 Nguyễn Thị Rành, Xã Trung Lập Hạ, H.Củ Chi, TP.HCM",1650000.0,6.87,Đất,9.33m,23.14m,Tây Nam,,,,,,,land,240174.67248908296,10.99842084081598,106.50667251905098,32.0488549597362,,,,,
49JYEF,"Thửa 532 - tờ 46 đường Hà Huy Giáp, P.Thạnh Xuân, Q.12, TP.HCM",3650000.0,34.92,Đất,4.47m,23.61m,Tây Nam,,,,,,,land,104524.62772050401,10.788342021831168,106.69286076987214,1.162252896049124,,,,,
QY5P1U,"Thửa 293 - tờ 34 Nguyễn Thị Dạng, Xã Nhuận Đức, H.Củ Chi, TP.HCM",7900000.0,5.3,Đất,15.79m,89m,Tây Nam,,,,,,,land,1490566.0377358492,11.015998462069497,106.50211151979522,33.854815447260826,,,,,
5KYP27,"Thửa 726 - tờ 180 Lê Thị Truyền, Xã Phước Vĩnh An, H.Củ Chi, TP.HCM",3800000.0,14.69,Đất,11m,21.67m,Tây Nam,,,,,,,land,258679.3737236215,10.998187730885103,106.50227287926796,32.347259753819344,,,,,
3ASWKQ,"Thửa 1060 - tờ 20 đường số 9, Xã Tân Thông Hội, H.Củ Chi, TP.HCM",3200000.0,30.79,Đất,5m,21.18m,Đông Bắc,,,,,,,land,103929.8473530367,11.010395832845303,106.49049866354608,34.21156559053134,,,,,
QY5FSU,"MPN 87/33/1 ( Thửa 341-1 - tờ 124) Nguyễn Sỹ Sách, P.15, Q.Tân Bình, TP.HCM",4800000.0,118.81,Đất,4m,10.15m,Đông Bắc,,,,,,,land,40400.63967679488,10.807375391374194,106.64829185474707,6.332566343808589,,,,,
SHAHQ5,"Thửa 545 - tờ 129 đường số 1, P.Tam Bình, TP.Thủ Đức, TP.HCM",7000000.0,46.66,Đất,8.3m,19.6m,Tây Nam,,,,,,,land,150021.43163309045,10.856797092081173,106.74250733601967,9.755644447106429,,,,,
5KYKK7,"Thửa 761 - tờ 6 Hồ Văn Tắng, Xã Tân Phú Trung, H.Củ Chi, TP.HCM",2500000.0,14.3,Đất,5.59m,36.15m,Tây Bắc,,,,,,,land,174825.17482517482,10.782998533705774,106.6189808254377,8.761756341188974,,,,,
QY5AFU,"Thửa 1084 - tờ 40 Lý Thị Bở, Xã Tân Phú Trung, H.Củ Chi, TP.HCM",3500000.0,36.88,Đất,5.07m,19.02m,Đông Bắc,,,,,,,land,94902.38611713666,10.787204796222904,106.62620022447172,8.007094844954512,,,,,
YEKCUD,"Thửa 1083 - tờ 40 Lý Thị Bở, Xã Tân Phú Trung, H.Củ Chi, TP.HCM",3500000.0,36.91,Đất,5.05m,18.57m,Đông Bắc,,,,,,,land,94825.2506095909,10.800527674682424,106.62048128498407,8.891330068788491,,,,,
E0FHT4,"Thửa 574 - tờ 50 Nhuận Đức, Xã Nhuận Đức, H.Củ Chi, TP.HCM",2200000.0,7.22,Đất,7.5m,40m,Đông,,,,,,,land,304709.14127423824,11.013253919844814,106.50409707238377,33.48255230934453,,,,,
PX2R8G,"Thửa 41 - tờ 58 Lê Thị Siêng, Xã Tân Thông Hội, H.Củ Chi, TP.HCM",4850000.0,4.46,Đất,16.01m,61.35m,Tây,,,,,,,land,1087443.946188341,11.007577482540636,106.49157307861105,33.90112959016352,,,,,
JZ94T0,"Thửa 670 - tờ 18 Nguyễn Văn Khạ, Xã Tân An Hội, H.Củ Chi, TP.HCM",1900000.0,16.17,Đất,5m,23.75m,Tây Nam,,,,,,,land,117501.54607297463,11.011624845553335,106.51043270359087,32.9054215556424,,,,,
5KA137,"Thửa 153 - tờ 42 Tỉnh Lộ 8, Xã Trung An, H.Củ Chi, TP.HCM",2300000.0,23.0,Đất,5m,20.01m,Tây,,,,,,,land,100000.0,11.016724589502328,106.5123946861626,33.21462884401588,,,,,
CREU3B,"Thửa 642 - tờ 18 Lê Thị Nghiên, Xã Tân Thạnh Đông, H.Củ Chi, TP.HCM",2400000.0,12.75,Đất,8.06m,33.92m,Đông Nam,,,,,,,land,188235.29411764705,11.005087950654884,106.51557566461086,31.98972811068799,,,,,
6S6XG8,"158/32 Phạm Văn Chiêu, P.9, Q.Gò Vấp, TP.HCM",12500000.0,154.7,Đất,5.1m,25m,Đông Bắc,,,,,,,land,80801.55138978669,10.826845502137623,106.68305643016583,5.4907344063198025,,,,,
DEYB0H,"Thửa 860 - tờ 6 Đỗ Thị Nhặt, Xã Trung An, H.Củ Chi, TP.HCM",2550000.0,9.66,Đất,10m,24.9m,Tây,,,,,,,land,263975.1552795031,11.015073160488832,106.5032252099376,33.69843353006844,,,,,
7K5HYA,"Thửa 283 - tờ 42 Tỉnh Lộ 15, Xã Phú Hòa Đông, H.Củ Chi, TP.HCM",1300000.0,1.2,Đất,40.41m,45.53m,Tây Bắc,,,,,,,land,1083333.3333333335,10.998049341278968,106.51047404730188,31.746430200354077,,,,,
7KS75A,"Thửa 614 - tờ 14 Bùi Thị Lành, Xã Trung An, H.Củ Chi, TP.HCM",5200000.0,9.25,Đất,9.4m,58.27m,Tây Nam,,,,,,,land,562162.1621621621,10.99902840769749,106.4935669129143,33.05601058738229,,,,,
QA8T7U,"Thửa 713 - tờ 15 Tân Thạnh Đông, Xã Tân Thạnh Đông, H.Củ Chi, TP.HCM",2200000.0,20.46,Đất,5m,21.82m,Đông Nam,,,,,,,land,107526.8817204301,11.00356411503627,106.49645101209524,33.21464441678293,,,,,
6SVJF8,"Thửa 1091 - tờ 19 Hà Duy Phiên, Xã Bình Mỹ, H.Củ Chi, TP.HCM",2650000.0,17.25,Đất,5m,31.36m,Đông Nam,,,,,,,land,153623.1884057971,11.01071091675264,106.51540317742166,32.488158452326616,,,,,
UY3G5S,"Thửa 760 - tờ 11 Hà Duy Phiên, Xã Bình Mỹ, H.Củ Chi, TP.HCM",3100000.0,17.38,Đất,5m,35.99m,Đông Nam,,,,,,,land,178365.93785960876,10.993579449496801,106.5036443320035,31.867770548190137,,,,,
KFDV8C,"Thửa 512 - tờ 9 Phạm Thị Trích, Xã Bình Mỹ, H.Củ Chi, TP.HCM",5700000.0,19.1,Đất,12.41m,23.34m,Tây,,,,,,,land,298429.3193717277,11.0171720424868,106.51308652633283,33.20733440523998,,,,,
3760RQ,"Thửa 510 - tờ 9 Phạm Thị Trích, Xã Bình Mỹ, H.Củ Chi, TP.HCM",5700000.0,19.7,Đất,9.9m,29.39m,Nam,,,,,,,land,289340.10152284265,11.012277330057776,106.5092387713394,33.04349216051506,,,,,
WPE89R,"Thửa 945 - tờ 144 Nguyễn Thị Xạnh, Xã Phước Vĩnh An, H.Củ Chi, TP.HCM",2100000.0,14.64,Đất,5m,28.93m,Bắc,,,,,,,land,143442.62295081967,11.00300635356597,106.49091135248923,33.57612291067916,,,,,
37V44Q,"Thửa 1857 - tờ 46 Tân Chánh Hiệp 18, P.Tân Chánh Hiệp, Q.12, TP.HCM",5600000.0,57.97,Đất,4m,24.19m,Đông Nam,,,,,,,land,96601.69052958427,10.77060384903714,106.70746231039051,1.3719618097194421,,,,,
1UZGU6,"Thửa 678 - tờ 30 Bình Mỹ, Xã Bình Mỹ, H.Củ Chi, TP.HCM",4500000.0,4.16,Đất,15.53m,52.89m,Tây Bắc,,,,,,,land,1081730.7692307692,10.994376459248306,106.50158184783949,32.084503287979196,,,,,
DEQ2SH,"đường Tô Ký, Xã Tân Xuân, H.Hóc Môn, TP.HCM",3900000.0,48.75,Đất,4m,20m,Đông Nam,,,,,,,land,80000.0,10.893815683947823,106.60021039694254,16.60884060455662,,,,,
AC6SPY,"Thửa 671 - tờ 36 Tỉnh Lộ 2, Xã Phước Vĩnh An, H.Củ Chi, TP.HCM",2400000.0,4.78,Đất,10m,50.23m,Tây Nam,,,,,,,land,502092.050209205,11.004077914353742,106.51588278657132,31.88168888905128,,,,,
DE370H,"Thửa 666 - tờ 20 đường số 72, Xã Tân Phú Trung, H.Củ Chi, TP.HCM",4600000.0,16.75,Đất,7.51m,37m,Tây Nam,,,,,,,land,274626.8656716418,10.794640082530469,106.62982668106089,7.744539230183508,,,,,
SDM885,"Thửa 1413 - tờ 12 Nguyễn Thị Lắng, Xã Tân Phú Trung, H.Củ Chi, TP.HCM",1600000.0,11.65,Đất,8.02m,17.32m,Tây Nam,,,,,,,land,137339.0557939914,10.800654846326392,106.61893509203928,9.058379008663106,,,,,
UYX60S,"Thửa 546 - tờ 33 Đỗ Đăng Tuyển, Xã An Nhơn Tây, H.Củ Chi, TP.HCM",2150000.0,6.37,Đất,6m,56.17m,Đông Bắc,,,,,,,land,337519.62323390896,11.001519015523284,106.49017935032764,33.50983866395421,,,,,
QAZK6U,"Thửa 529 - tờ 50 Cây Trôm Mỹ Khánh, Xã Thái Mỹ, H.Củ Chi, TP.HCM",11000000.0,15.54,Đất,19m,36.77m,Bắc,,,,,,,land,707850.7078507079,11.015790025824877,106.48943031973802,34.735541676488225,,,,,
40QAMF,"Thửa 838 - tờ 50 Nguyễn Thị Nê, Xã Phú Hòa Đông, H.Củ Chi, TP.HCM",4850000.0,6.67,Đất,15m,48.86m,Tây Nam,,,,,,,land,727136.4317841079,10.998882728323508,106.50977381458839,31.86622825948815,,,,,
6SJJQ8,"Thửa 70 - tờ 23 Lưu Khai Hồng, TT.Củ Chi, H.Củ Chi, TP.HCM",6900000.0,23.92,Đất,10m,27.56m,Tây Nam,,,,,,,land,288461.53846153844,11.019549789222719,106.50862083523272,33.71486946373472,,,,,
UYGP8S,"Thửa 688 - tờ 172 Tỉnh Lộ 2, Xã Phước Vĩnh An, H.Củ Chi, TP.HCM",1850000.0,14.93,Đất,5m,25m,Tây Nam,,,,,,,land,123911.58740790356,10.992393525932435,106.50775801703102,31.46994483536501,,,,,
3790MQ,"Thửa 687 - tờ 172 Tỉnh Lộ 2, Xã Phước Vĩnh An, H.Củ Chi, TP.HCM",1850000.0,15.01,Đất,5m,24.84m,Tây Nam,,,,,,,land,123251.16588940706,10.99738630115889,106.49387918572816,32.89974027891469,,,,,
SDPUH5,"195/11H Điện Biên Phủ, P.14, Q.Bình Thạnh, TP.HCM",11900000.0,134.16,Đất,3.8m,24.6m,Nam,,,,,,,land,88700.05963029219,10.814355204303153,106.71790809741965,4.345757867771842,,,,,
J2SV20,"Thửa 701 - tờ 76 Nguyễn Xiển, P.Long Thạnh Mỹ, TP.Thủ Đức, TP.HCM",3500000.0,53.43,Đất,5.7m,11.66m,Đông,,,,,,,land,65506.26988583193,10.845283165589601,106.75846559322056,9.733334047570397,,,,,
0ZS319,"đường Thạnh Lộc 37, P.Thạnh Lộc, Q.12, TP.HCM",16500000.0,44.47,Đất,10.04m,37.32m,Đông Nam,,,,,,,land,371036.6539239937,10.765438518037417,106.69015543172677,1.8600937758306837,,,,,
85FJG3,"5881 NGUYỄN VĂN KHỐI, P.11, Q.Gò Vấp, TP.HCM",7300000.0,90.12,Đất,4m,20m,Đông Nam,,,,,,,land,81003.10696848646,10.833415149034533,106.66757144804876,6.857471582880795,,,,,
DEPC5H,"Thửa 751 - tờ 14 Tỉnh Lộ 8, Xã Tân Thạnh Tây, H.Củ Chi, TP.HCM",1700000.0,11.47,Đất,5m,29.81m,Đông,,,,,,,land,148212.72885789015,11.006461045014868,106.49023347445795,33.907891429438855,,,,,
EJTT14,"Thửa 555 - tờ 17 Tỉnh Lộ 8, Xã Hòa Phú, H.Củ Chi, TP.HCM",3500000.0,16.85,Đất,8m,26.05m,Đông,,,,,,,land,207715.13353115725,10.999506601637828,106.50196477752925,32.47866219334,,,,,
YB0CTD,"Thửa 1397 - tờ 193 đường Ba Sa, Xã Tân An Hội, H.Củ Chi, TP.HCM",1350000.0,7.23,Đất,21.53m,19.02m,Đông Bắc,,,,,,,land,186721.9917012448,11.0185594170917,106.49112712505638,34.84500033535985,,,,,
9T6F2P,"Thửa 815 - tờ 23 Tỉnh Lộ 2, Xã Phước Vĩnh An, H.Củ Chi, TP.HCM",4900000.0,22.24,Đất,5.24m,42.48m,Tây Nam,,,,,,,land,220323.74100719427,11.004656837742065,106.50322899991991,32.81669691030326,,,,,
40TDAF,"Thửa 575 - tờ 15 Hồ Văng Tắng, Xã Tân Phú Trung, H.Củ Chi, TP.HCM",8500000.0,7.56,Đất,6.24m,65.53m,Đông Bắc,,,,,,,land,1124338.6243386243,10.78445700894305,106.62756649962932,7.832599255977254,,,,,
5HFD87,"456-90 Khu Biệt Thự Thạnh Xuân, P.Thạnh Xuân, Q.12, TP.HCM",32000000.0,59.04,Đất,27m,20m,Đông Bắc,,,,,,,land,542005.4200542006,10.768805536131627,106.68777839707336,1.728799404812165,,,,,
2MQX5Z,"Thửa 634 - tờ 155 Nguyễn Thị Rành, Xã Trung Lập Hạ, H.Củ Chi, TP.HCM",2500000.0,11.63,Đất,19.41m,16.76m,Đông Nam,,,,,,,land,214961.30696474633,11.02019493347291,106.50545808464756,33.98523722193933,,,,,
KF97VC,"Thửa 671 - tờ 23 đường Song Hành, TT.Hóc Môn, H.Hóc Môn, TP.HCM",3500000.0,26.94,Đất,5.46m,23.57m,Đông Bắc,,,,,,,land,129918.3370452858,10.878667706120414,106.59910879127325,15.460130192675907,,,,,
9T1YWP,"Thửa 641 - tờ 50 Trần Thị Liêng, Xã Nhuận Đức, H.Củ Chi, TP.HCM",6150000.0,8.16,Đất,15.14m,50.1m,Tây,,,,,,,land,753676.4705882353,11.016477470340206,106.48758374164224,34.92599439413371,,,,,
DEJGJH,"Thửa 564 - tờ 57, đường Bình Mỹ, Xã Bình Mỹ, H.Củ Chi, TP.HCM",2400000.0,12.0,Đất,6.01m,33.35m,Đông,,,,,,,land,200000.0,11.011404670132064,106.50825675150557,33.03611379039318,,,,,
UYBFJS,"Thửa 846 - tờ 23 Huỳnh Minh Mương, Xã Tân Thạnh Đông, H.Củ Chi, TP.HCM",2500000.0,20.69,Đất,9.81m,12.65m,Bắc,,,,,,,land,120831.31947800869,10.994866202665033,106.50774977129416,31.675401253198338,,,,,
ACWW4Y,"Thửa 639 - tờ 15 Tỉnh Lộ 15, Xã Phú Hòa Đông, H.Củ Chi, TP.HCM",3300000.0,14.94,Đất,5.57m,42.42m,Đông Bắc,,,,,,,land,220883.5341365462,11.003370601261848,106.49010746784562,33.66531991050591,,,,,
5HEWC7,"Thửa 727 - tờ 28 đường số 64, Xã Tân Phú Trung, H.Củ Chi, TP.HCM",2200000.0,12.65,Đất,8m,24.84m,Đông Bắc,,,,,,,land,173913.04347826086,10.78479863666582,106.62540262189752,8.071259414799396,,,,,
CW99KB,"Thửa 525 - tờ 144, 24/11/2A Bình Trị Đông, P.Bình Trị Đông, Q.Bình Tân, TP.HCM",5100000.0,73.17,Đất,5m,13.93m,Tây Nam,,,,,,,land,69700.69700697006,10.766261728843816,106.60494219171608,10.398349580903846,,,,,
SDC3R5,"Thửa 1115 - tờ 60, đường Thạnh Xuân 52, P.Thạnh Xuân, Q.12, TP.HCM",3180000.0,49.3,Đất,4m,16.13m,Tây,,,,,,,land,64503.04259634889,10.790546291558703,106.71366531716441,1.994880343241141,,,,,
7KE69A,"Thửa 590 - tờ 7 Trần Thị Xong, Xã Nhuận Đức, H.Củ Chi, TP.HCM",4800000.0,4.2,Đất,10.01m,114.19m,Đông Bắc,,,,,,,land,1142857.1428571427,10.996264833402705,106.5160670920234,31.20111273791718,,,,,
YBFMED,"Thửa 569 - tờ 39 Phạm Thị Lòng, Xã Trung An, H.Củ Chi, TP.HCM",4800000.0,19.86,Đất,6m,40.37m,Nam,,,,,,,land,241691.84290030212,10.995307710904978,106.49403565021188,32.7202366375255,,,,,
7KENHA,"Thửa 597 - tờ 29 Trần Văn Chẩm, Xã Phước Vĩnh An, H.Củ Chi, TP.HCM",3150000.0,21.37,Đất,6.53m,22.01m,Đông Nam,,,,,,,land,147402.90126345344,10.997042096692219,106.49127119308817,33.06710436937022,,,,,
QAHG5U,"Thửa 606 - tờ 31 Nguyễn Thị Nê, Xã Phú Hòa Đông, H.Củ Chi, TP.HCM",2200000.0,8.77,Đất,9.2m,27m,Nam,,,,,,,land,250855.18814139112,10.993667995674775,106.51234212319298,31.245749061522762,,,,,
EJP3H4,"Thửa 620 - tờ 9 Tỉnh Lộ 15, Xã Phú Hòa Đông, H.Củ Chi, TP.HCM",1250000.0,13.54,Đất,6.2m,15.02m,Tây Bắc,,,,,,,land,92319.05465288035,10.99350716439292,106.49755783719276,32.31173561622233,,,,,
QAHYGU,"Thửa 51 - tờ 43 Nguyễn Kim Cương, Xã Tân Thạnh Đông, H.Củ Chi, TP.HCM",6100000.0,12.2,Đất,10m,50.45m,Đông Bắc,,,,,,,land,500000.00000000006,11.001995214371124,106.51676335503426,31.642072230234337,,,,,
9TMN5P,"Thửa 744 - tờ 46 Tỉnh Lộ 15, Xã Tân Thạnh Đông, H.Củ Chi, TP.HCM",1800000.0,24.59,Đất,4m,18.91m,Bắc,,,,,,,land,73200.48800325335,11.020941772347395,106.50228677632363,34.26645009354004,,,,,
KFJFDC,"Thửa 667 - tờ 126 Nguyễn Thị Thôn, Xã Phú Hòa Đông, H.Củ Chi, TP.HCM",1600000.0,13.92,Đất,5.36m,21.59m,Tây Nam,,,,,,,land,114942.52873563218,11.012016410213583,106.51175255460227,32.84905207929315,,,,,
KFJB7C,"Thửa 1820 - tờ 53, đường Thạnh Xuân 52, P.Thới An, Q.12, TP.HCM",2850000.0,56.54,Đất,4m,12.6m,Đông Nam,,,,,,,land,50406.79165192784,10.77846641178135,106.707338773969,0.9205615524114799,,,,,
7KBS9A,"Thửa 192 - tờ 23 Huỳnh Minh Mương, Xã Tân Thạnh Đông, H.Củ Chi, TP.HCM",2600000.0,10.24,Đất,10.3m,26.22m,Tây Nam,,,,,,,land,253906.25,10.999034702484764,106.50384631286619,32.30337968450237,,,,,
9TXFXP,"Thửa 708 - tờ 156 Nguyễn Thị Lắng, Xã Phước Vĩnh An, H.Củ Chi, TP.HCM",1900000.0,16.88,Đất,5m,22.62m,Tây Nam,,,,,,,land,112559.24170616115,10.991636123825332,106.48941826376547,32.776564847360554,,,,,
SDK1F5,"Thửa 17 -  tờ 10 Nguyễn Văn Nì, TT.Củ Chi, H.Củ Chi, TP.HCM",12500000.0,25.0,Đất,14m,35.71m,Tây Bắc,,,,,,,land,500000.0,11.019901273022075,106.48893882625592,35.113622083285755,,,,,
SDKE35,"559 ( Thửa 58 - tờ 78 ) Nguyễn Văn Khạ, Xã Tân An Hội, H.Củ Chi, TP.HCM",6200000.0,13.41,Đất,9.41m,34.56m,Đông Nam,,,,,,,land,462341.53616703954,10.993686405710763,106.49157106623252,32.775724947132055,,,,,
7KBESA,"Thửa 888 - tờ 2 Đông Thạnh 7, Xã Thới Tam Thôn, H.Hóc Môn, TP.HCM",10900000.0,11.32,Đất,24.43m,41.26m,Tây Nam,,,,,,,land,962897.5265017668,10.896070593835864,106.60415114956274,16.52514700824247,,,,,
QADDBU,"Thửa 1877 - tờ 75, đường Thạnh Xuân 33, P.Thới An, Q.12, TP.HCM",4650000.0,63.43,Đất,4.04m,18.32m,Đông,,,,,,,land,73309.15970361028,10.788999619673003,106.69668503050912,1.0509743681167159,,,,,
RG286J,"Thửa 692 - tờ 132 Nguyễn Thị Rành, Xã Trung Lập Hạ, H.Củ Chi, TP.HCM",1250000.0,7.74,Đất,5.11m,33.01m,Đông Nam,,,,,,,land,161498.70801033592,11.011404124244041,106.48913805899171,34.39384203831331,,,,,
QAYF8U,"Thửa 682 - tờ 7 Nguyễn Thị Lắng, Xã Tân Phú Trung, H.Củ Chi, TP.HCM",2900000.0,18.49,Đất,5m,31.51m,Tây Bắc,,,,,,,land,156841.53596538672,10.801413311713434,106.62386617263553,8.561062823173437,,,,,
KFW2JC,"Thửa 706 - tờ 17 Tỉnh Lộ 8, Xã Phước Thạnh, H.Củ Chi, TP.HCM",1100000.0,10.81,Đất,5m,22.58m,Tây Nam,,,,,,,land,101757.63182238667,11.00971200925955,106.51075562889783,32.7186101263798,,,,,
ACC7DY,"Thửa 1038 - tờ 9 Nguyễn Thị Bi, TT.Củ Chi, H.Củ Chi, TP.HCM",2150000.0,5.93,Đất,10.33m,36.24m,Đông Nam,,,,,,,land,362563.23777403036,11.013768286376477,106.50961137861431,33.1465114186015,,,,,
1UUM16,"Thửa 892 - tờ 8 Lê Thị Bay, Xã Tân Thạnh Đông, H.Củ Chi, TP.HCM",2250000.0,12.83,Đất,5.75m,29.95m,Tây Nam,,,,,,,land,175370.22603273578,11.005441050738218,106.48960447994875,33.871017814024015,,,,,
DEEAYH,"Thửa 784 - tờ 62 ( tờ cũ 31) Nguyễn Kim Cương, Xã Tân Thạnh Đông, H.Củ Chi, TP.HCM",1800000.0,14.61,Đất,5.25m,23.59m,Đông Nam,,,,,,,land,123203.28542094456,11.009575923255456,106.4971013733816,33.66633310073841,,,,,
RGGXXJ,"Thửa  334 - tờ 13 Đặng Thúc Vịnh, Xã Thới Tam Thôn, H.Hóc Môn, TP.HCM",2880000.0,29.93,Đất,4.11m,21.28m,Tây Nam,,,,,,,land,96224.52388907451,10.873836663908039,106.58280985003287,16.42369147096009,,,,,
855DT3,"Thửa 633 - tờ 33 Tỉnh Lộ 8, Xã Hòa Phú, H.Củ Chi, TP.HCM",2100000.0,10.51,Đất,6m,33.6m,Đông Bắc,,,,,,,land,199809.70504281638,11.001473615683398,106.50435027184157,32.47020916774262,,,,,
KFFWBC,"Thửa 609 - tờ 33 đường số 492, Xã Phạm Văn Cội, H.Củ Chi, TP.HCM",2170000.0,8.96,Đất,10.07m,23.87m,Đông Nam,,,,,,,land,242187.49999999997,10.999710162454171,106.51615202226405,31.488573755680683,,,,,
7KKHQA,"Thửa 627 - tờ 42 Tỉnh Lộ 2, Xã Trung Lập Hạ, H.Củ Chi, TP.HCM",3500000.0,21.23,Đất,5m,33.13m,Tây Nam,,,,,,,land,164861.04569006123,11.007108085797373,106.50938384376195,32.59047841354892,,,,,
QAASPU,"Thửa 704 - tờ 79 Tỉnh Lộ 7, Xã An Nhơn Tây, H.Củ Chi, TP.HCM",1050000.0,8.48,Đất,6.23m,22.98m,Tây,,,,,,,land,123820.75471698113,10.998067334186024,106.51317249636294,31.557183787848118,,,,,
6SUVM8,"Thửa 801 - tờ 32 đường số 5, Xã Tân Thông Hội, H.Củ Chi, TP.HCM",2500000.0,23.74,Đất,5m,22.24m,Tây Bắc,,,,,,,land,105307.49789385004,10.999120304142695,106.51480602737931,31.53199569795794,,,,,
0Z2RX9,"Thửa 1404 - tờ 12, đường Thạnh Lộc 41, P.Thạnh Lộc, Q.12, TP.HCM",4300000.0,83.01,Đất,5.26m,9.98m,Tây Bắc,,,,,,,land,51800.98783279123,10.779919675145353,106.69603982616121,0.3271494951150093,,,,,
GXNWX2,"Thửa 629 - tờ 52 Phạm Thới Quới, Xã Phú Mỹ Hưng, H.Củ Chi, TP.HCM",3600000.0,3.43,Đất,20m,51.99m,Đông Bắc,,,,,,,land,1049562.6822157435,11.011301602560001,106.50666401312068,33.13750901964169,,,,,
QA7N3U,"Thửa 29 - tờ 35 Hà Thị Kiểm, Xã Phú Mỹ Hưng, H.Củ Chi, TP.HCM",6800000.0,3.97,Đất,28.66m,59m,Tây Bắc,,,,,,,land,1712846.347607053,11.003598339282394,106.50099315946721,32.888461167862644,,,,,
6SU248,"Thửa 46 - tờ 17 đường số 729, Xã Trung Lập Thượng, H.Củ Chi, TP.HCM",3500000.0,9.07,Đất,11.28m,28.87m,Bắc,,,,,,,land,385887.5413450937,11.016150307129365,106.51462089675033,33.01536242429254,,,,,
PNTETG,"Thửa 539 - tờ 23 Trần Quang Đạo, Xã Tân Thông Hội, H.Củ Chi, TP.HCM",5900000.0,14.4,Đất,10m,40.75m,Đông Nam,,,,,,,land,409722.2222222222,11.01722201316014,106.50685485415866,33.63301017160059,,,,,
RGPDHJ,"Thửa 1047 - tờ 2 Hồ Văn Tắng, Xã Tân Phú Trung, H.Củ Chi, TP.HCM",2550000.0,7.17,Đất,10.96m,39.47m,Đông Nam,,,,,,,land,355648.5355648536,10.795873815179919,106.61459286129283,9.404169671297106,,,,,
7KHZRA,"Thửa 673 - tờ 2 ấp Cây Sộp, Xã Tân An Hội, H.Củ Chi, TP.HCM",1800000.0,10.6,Đất,5m,34.02m,Tây Bắc,,,,,,,land,169811.320754717,10.995967667229667,106.51030189799258,31.58400825938482,,,,,
7KH4QA,"Thửa 742 -  tờ 20 đường số 30, Xã Tân Thông Hội, H.Củ Chi, TP.HCM",2550000.0,19.12,Đất,5m,27.72m,Đông Nam,,,,,,,land,133368.20083682006,10.995319878094481,106.51386121783075,31.276539148079507,,,,,
J2GXU0,"Thửa 641 - tờ 38 Trương Thị Kiện, Xã Thái Mỹ, H.Củ Chi, TP.HCM",1400000.0,3.21,Đất,14m,31.41m,Đông Bắc,,,,,,,land,436137.07165109034,11.01526731721896,106.50808903775885,33.37993866236588,,,,,
GXNN52,"Thửa 562 - tờ 24 Lưu Khai Hồng, TT.Củ Chi, H.Củ Chi, TP.HCM",5900000.0,43.12,Đất,8.27m,15.8m,Đông,,,,,,,land,136827.4582560297,10.993272101981695,106.50672645150948,31.617496597400216,,,,,
6SUUQ8,"Thửa 691 - tờ 172 đường số 29, Xã Phước Vĩnh An, H.Củ Chi, TP.HCM",1800000.0,11.38,Đất,5m,32.4m,Tây Bắc,,,,,,,land,158172.23198594025,11.009135476636997,106.50737151191446,32.903429584317216,,,,,
RGP9PJ,"Thửa 577 - tờ 32 Đỗ Đăng Tuyển, Xã An Nhơn Tây, H.Củ Chi, TP.HCM",2150000.0,14.17,Đất,5m,30.51m,Đông Bắc,,,,,,,land,151729.00494001413,11.00824076204303,106.50673575920234,32.87161004224682,,,,,
0ZGRM9,"Thửa 852 - tờ 10 Nguyễn Kim Cương, Xã Tân Thạnh Đông, H.Củ Chi, TP.HCM",2100000.0,21.85,Đất,5m,19.28m,Đông Nam,,,,,,,land,96109.83981693363,11.012559884000206,106.48852717658731,34.533619723890496,,,,,
DECQ5H,"Thửa 713 - tờ 141 Tỉnh Lộ 7, Xã Trung Lập Hạ, H.Củ Chi, TP.HCM",1250000.0,8.14,Đất,5m,32m,Đông Bắc,,,,,,,land,153562.65356265355,11.001420375573057,106.51398747895533,31.785003436848008,,,,,
7KD60A,"Thửa 916 - tờ 10 Tỉnh Lộ 7, Xã Trung Lập Hạ, H.Củ Chi, TP.HCM",1650000.0,9.92,Đất,8.5m,19.97m,Đông Bắc,,,,,,,land,166330.64516129033,11.00794860798427,106.51709244016963,32.133889580353966,,,,,
2MNWQZ,"Thửa 743 - tờ 5 Ba Sa, Xã Phước Hiệp, H.Củ Chi, TP.HCM",2800000.0,18.25,Đất,5.55m,27.58m,Bắc,,,,,,,land,153424.65753424657,10.992309242967558,106.49526431828095,32.386907495530124,,,,,
0ZGB29,"Thửa 806 - tờ 88 Liêu Bình Hương, TT.Củ Chi, H.Củ Chi, TP.HCM",5600000.0,17.61,Đất,10.01m,31.93m,Tây Nam,,,,,,,land,318001.13571834186,11.006810288330282,106.50588437017821,32.80998285561109,,,,,
6SQ228,"Thửa 10 - tờ 70 Nguyễn Phong Sắc, TT.Củ Chi, H.Củ Chi, TP.HCM",5300000.0,19.11,Đất,6.23m,37.73m,Đông Bắc,,,,,,,land,277341.7059131345,11.003082353644334,106.50993293431118,32.20967588617697,,,,,
6SQGG8,"Thửa 593 - tờ 46 Nguyễn Văn Khạ, Xã Phú Hòa Đông, H.Củ Chi, TP.HCM",4200000.0,9.12,Đất,9m,51.21m,Đông Nam,,,,,,,land,460526.3157894737,11.020509424533557,106.49481219109244,34.74853054322681,,,,,
SDAXJ5,"Thửa 804 - tờ 82 Phạm Văn Cội, Xã Nhuận Đức, H.Củ Chi, TP.HCM",1390000.0,10.95,Đất,6m,21.18m,Tây Bắc,,,,,,,land,126940.6392694064,11.01866470255091,106.49533192800195,34.55581503165756,,,,,
37S2WQ,"Thửa 543 - tờ 22 Nguyễn Thị Rành, Xã Phú Mỹ Hưng, H.Củ Chi, TP.HCM",3500000.0,2.92,Đất,15m,82.19m,Đông Bắc,,,,,,,land,1198630.1369863015,11.020161610347065,106.48986465298249,35.069322807385646,,,,,
ACHXQY,"Thửa 52  - tờ 59 ( tờ cũ 29 ) Võ Thị Du, Xã Tân Thông Hội, H.Củ Chi, TP.HCM",3500000.0,11.83,Đất,9.57m,23.1m,Tây Bắc,,,,,,,land,295857.9881656805,11.004695618758314,106.5075338109162,32.514945064206145,,,,,
85UYZ3,"Nơ Trang Long, P.13, Q.Bình Thạnh, TP.HCM",9500000.0,158.33,Đất,5m,12m,Tây Bắc,,,,,,,land,60001.26318448809,10.796037696227566,106.69681912103025,1.8139206325903845,,,,,
1U8M36,"Thửa 561 - tờ 89 đường số 7, Xã Tân Thông Hội, H.Củ Chi, TP.HCM",1750000.0,16.04,Đất,5m,22.1m,Tây Bắc,,,,,,,land,109102.24438902744,11.008435182999383,106.5136078101043,32.41305147911788,,,,,
QAS60U,"Thửa 102 - tờ 24 Huỳnh Văn Cọ, TT.Củ Chi, H.Củ Chi, TP.HCM",5300000.0,26.5,Đất,10m,20m,Tây Bắc,,,,,,,land,200000.0,11.016712272053544,106.50034463539578,34.03871174526001,,,,,
7KYQ2A,"Thửa 827 - tờ 23 Trần Văn Chẩm, Xã Phước Vĩnh An, H.Củ Chi, TP.HCM",6300000.0,16.56,Đất,10.09m,39m,Đông,,,,,,,land,380434.7826086957,11.006880448099091,106.5149117671718,32.18973530689745,,,,,
GXZJ62,"Thửa 668 - tờ 36 Trương Thị Kiện, Xã Thái Mỹ, H.Củ Chi, TP.HCM",1700000.0,8.55,Đất,5m,39.93m,Tây Nam,,,,,,,land,198830.40935672514,11.009955591397015,106.48994813452776,34.21546174904649,,,,,
37UXPQ,"Thửa 573 - tờ 38 Tỉnh Lộ 15, Xã Phú Hòa Đông, H.Củ Chi, TP.HCM",1380000.0,13.06,Đất,5m,21.22m,Tây Bắc,,,,,,,land,105666.15620214395,10.993598764504549,106.51642512206811,30.950154929976417,,,,,
YBHQTD,"Tỉnh lộ 7, Xã Phước Thạnh, H.Củ Chi, TP.HCM",1650000.0,8.77,Đất,5m,38m,Tây Nam,,,,,,,land,188141.39110604333,10.996841869455581,106.49971133840859,32.42380466779539,,,,,
GXZWV2,"Thửa 591 - tờ 9 Tỉnh Lộ 2, Xã Tân An Hội, H.Củ Chi, TP.HCM",3500000.0,18.45,Đất,5m,38.32m,Tây Nam,,,,,,,land,189701.8970189702,11.021518734422107,106.49709689949826,34.674579535818594,,,,,
GXZFM2,"Thửa 592 - tờ 3 Nguyễn Văn Khạ, Xã Tân An Hội, H.Củ Chi, TP.HCM",2900000.0,6.57,Đất,19.57m,30.66m,Nam,,,,,,,land,441400.30441400304,10.99462354117518,106.51166515518835,31.374107400429878,,,,,
YBH82D,"Thửa 125 - tờ 9 Tỉnh Lộ 7, Xã Phước Thạnh, H.Củ Chi, TP.HCM",3600000.0,3.48,Đất,32.44m,35.84m,Đông Nam,,,,,,,land,1034482.7586206896,10.995542191582599,106.50797746512494,31.715185927803866,,,,,
5HAXV7,"Thửa 737 - tờ 46 Lê Thị Bay, Xã Tân Thạnh Đông, H.Củ Chi, TP.HCM",2350000.0,16.18,Đất,5m,29.21m,Tây Bắc,,,,,,,land,145241.03831891224,10.997805208153157,106.50311810082403,32.25424359558806,,,,,
ACDWGY,"Thửa 125 - tờ 19 Nguyễn Thị Dưỡng, Xã Tân Thạnh Đông, H.Củ Chi, TP.HCM",1500000.0,7.77,Đất,9.95m,19.54m,Tây Nam,,,,,,,land,193050.19305019305,10.995183280307723,106.51427908585192,31.235464457860584,,,,,
UY5BDS,"Thửa 46 - tờ 10 Tỉnh lộ 15, Xã Phú Hòa Đông, H.Củ Chi, TP.HCM",3300000.0,16.03,Đất,4.79m,47.62m,Tây Nam,,,,,,,land,205864.00499064254,11.014908369621851,106.4957804039224,34.20736400918653,,,,,
6S3518,"Thửa 821 - tờ 37 Lê Thị Đảo, Xã Tân Thạnh Đông, H.Củ Chi, TP.HCM",1550000.0,13.25,Đất,5m,23.47m,Đông Nam,,,,,,,land,116981.1320754717,10.999313462213989,106.50375418571448,32.33317862498612,,,,,
SD7H85,"Thửa 838 - tờ 8 Tỉnh Lộ 15, Xã Tân Thạnh Đông, H.Củ Chi, TP.HCM",2300000.0,14.16,Đất,5m,32.53m,Tây Nam,,,,,,,land,162429.37853107345,11.016074734575922,106.50441416533829,33.70184025011042,,,,,
5HAKK7,"Thửa 634 - tờ 24 Nguyễn Thị Dưỡng, Xã Tân Thạnh Đông, H.Củ Chi, TP.HCM",1800000.0,24.89,Đất,4m,18.31m,Tây Bắc,,,,,,,land,72318.20008035355,11.008779122578575,106.49828745105319,33.51480481674615,,,,,
ACDC0Y,"Thửa 634 - tờ 15 Tỉnh Lộ 15, Xã Phú Hòa Đông, H.Củ Chi, TP.HCM",2600000.0,16.61,Đất,5m,31.09m,Tây Bắc,,,,,,,land,156532.20951234197,10.99494693878623,106.49462603119753,32.646965845299405,,,,,
PTPJ3G,"Thửa 49 - tờ 13 Nguyễn Kim Cương, Xã Tân Thạnh Đông, H.Củ Chi, TP.HCM",1600000.0,14.63,Đất,5m,22.34m,Đông Bắc,,,,,,,land,109364.31989063567,10.997510816605025,106.5151687684078,31.36982670584669,,,,,
3532JQ,"240/23/20 ( Thửa 1113 - tờ 54 ) Hiệp Thành 13, P.Tân Thới Hiệp, Q.12, TP.HCM",3900000.0,59.09,Đất,4m,16.79m,Nam,,,,,,,land,66001.01540023692,10.777125680274509,106.71593299277289,1.87212513432781,,,,,
Q7QK9U,"Thửa 853 - tờ 10 đường số 397, Xã Tân Thạnh Đông, H.Củ Chi, TP.HCM",2150000.0,22.34,Đất,5m,19.3m,Đông Nam,,,,,,,land,96239.92837958818,11.011118381427675,106.50712519767475,33.08986283337673,,,,,
9Z9MEP,"Thửa 1189 - tờ 59 Đông Thạnh 4, Xã Đông Thạnh, H.Hóc Môn, TP.HCM",3600000.0,34.38,Đất,5m,21.32m,Đông Bắc,,,,,,,land,104712.04188481675,10.87023608708034,106.59141255240824,15.446225544464165,,,,,
YCYB5D,"Thửa 709 - tờ 54 Đông Thạnh 1, Xã Đông Thạnh, H.Hóc Môn, TP.HCM",3800000.0,19.49,Đất,10.06m,18.96m,Đông Bắc,,,,,,,land,194971.78040020526,10.895268869868232,106.58008243297353,18.23024592401543,,,,,
7H7H7A,"Thửa 536 - tờ 124 đường số 9, P.Bình Hưng Hòa, Q.Bình Tân, TP.HCM",5500000.0,75.13,Đất,3.17m,10.86m,Tây,,,,,,,land,73206.4421669107,10.76509582234139,106.5929315902909,11.717024651199477,,,,,
Q7GFWU,"Thửa 1102 - tờ 55 đường Bùi Công Trừng, P.Thạnh Xuân, Q.12, TP.HCM",2150000.0,40.41,Đất,8.3m,6.42m,Đông Nam,,,,,,,land,53204.65231378372,10.771927930460036,106.70856387024924,1.3575830441149013,,,,,
5DGVB7,"Thửa 1202 - tờ 59 ( số cũ 15) Thạnh Xuân 52, P.Thạnh Xuân, Q.12, TP.HCM",2800000.0,10.07,Đất,15.6m,18m,Tây Nam,,,,,,,land,278053.62462760677,10.786828407873463,106.71184553358104,1.6037638206707843,,,,,
UAFP7S,"Thửa 657 - tờ 2 đường Thạnh Lộc 54, P.Thạnh Lộc, Q.12, TP.HCM",3900000.0,45.23,Đất,5m,16.91m,Đông Bắc,,,,,,,land,86225.9562237453,10.789294719218391,106.70939598588429,1.54668628749614,,,,,
SYWP85,"Thửa 13 - tờ 15 Trần Thị Khoe, Xã Tân Thạnh Tây, H.Củ Chi, TP.HCM",12500000.0,11.38,Đất,38.36m,29.57m,Đông Nam,,,,,,,land,1098418.2776801405,11.013893893988616,106.49228370906411,34.37230896144729,,,,,
ERGGV4,"Thửa 910 - tờ 1 đường Hà Huy Giáp, P.Thạnh Lộc, Q.12, TP.HCM",2800000.0,33.61,Đất,5m,16.69m,Đông Bắc,,,,,,,land,83308.53912526034,10.783539696587974,106.69447374970069,0.6485205900432113,,,,,
6Q6098,"thửa 99 - tờ 177 đường số 6, P.Bình Hưng Hoà A, Q.Bình Tân, TP.HCM",6350000.0,99.21,Đất,4m,16.01m,Bắc,,,,,,,land,64005.64459227901,10.759253179169049,106.60854509947664,10.153509574461891,,,,,
8UFTV3,"đường Sông Lu, Trung An, H.Củ Chi, TP.HCM",4300000.0,0.01,Đất,6.11m,40.71m,Tây Bắc,,,,,,,land,430000000.0,11.019556661367519,106.50526823076157,33.94298401143178,,,,,
13EST6,"Hoàng Hữu Nam, P.Tân Phú, TP.Thủ Đức, TP.HCM",22000000.0,117.52,Đất,6m,38.15m,Đông,,,,,,,land,187202.17835262083,10.781794739421736,106.62583928409505,8.007554193693863,,,,,
13KZW6,"tỉnh lộ 7, Xã Trung Lập Thượng, H.Củ Chi, TP.HCM",5900000.0,0.01,Đất,6m,50.45m,Đông,,,,,,,land,590000000.0,11.016469238141811,106.4893861084318,34.79520786809131,,,,,
6QHPC8,"1560/7/26/24 Tỉnh Lộ 10, P.Tân Tạo, Q.Bình Tân, TP.HCM",3900000.0,47.97,Đất,4m,20.35m,Đông,,,,,,,land,81300.81300813008,10.76998989437628,106.61106071922613,9.681765451057293,,,,,
1V9T6T,"Thửa 83 - tờ 38 Trần Thị Bốc, Xã Thới Tam Thôn, H.Hóc Môn, TP.HCM",2200000.0,37.28,Đất,4m,14.75m,,,,,,,,land,59012.875536480686,10.87156518490211,106.58515789549502,16.065923867469753,,,,,
865Z3A,"Thửa 448 - Tờ 5 Lý Nam Đế, TT.Hóc Môn, H.Hóc Môn, TP.HCM",3350000.0,32.46,Đất,4.96m,21.56m,,,,,,,,land,103203.94331484904,10.891909982396696,106.59839153878332,16.580674127068278,,,,,
1NHR6T,"Thửa 1621 - Tờ 35, 10B đường số 24, P.Linh Đông, TP.Thủ Đức, TP.HCM",22000000.0,93.12,Đất,7m,33.75m,Nam,,,,,,,land,236254.29553264604,10.842235597157435,106.76234413606302,9.780641144990703,,,,,
9V740P,"Một phần nhà 1155/51/8 ( Thửa 666 - tờ 19 ) Tỉnh Lộ 43, P.Bình Chiểu, TP.Thủ Đức, TP.HCM",3200000.0,59.47,Đất,4m,13.5m,Tây Nam,,,,,,,land,53808.64301328401,10.863604453585745,106.76417273523894,11.692289207172522,,,,,
SBR3F5,"Thửa 683 - tờ 96 Lê Quang Đạo (QL22), Xã Tân Xuân, H.Hóc Môn, TP.HCM",3600000.0,42.8,Đất,5m,18.55m,Đông Nam,,,,,,,land,84112.14953271029,10.875560091256606,106.59851120832752,15.265898400101692,,,,,
UCETWS,"1072/2A ( Thửa 577 - tờ 40 ) Kha Vạn Cân, P.Linh Chiểu, TP.Thủ Đức, TP.HCM",8750000.0,109.23,Đất,4.03m,20.32m,Tây Bắc,,,,,,,land,80106.19793097134,10.83932069350777,106.74240743102595,8.116165999156523,,,,,
9VVTAP,"Thửa 701 - tờ 18 đường Song Hành QL22, TT.Hóc Môn, H.Hóc Môn, TP.HCM",3500000.0,40.32,Đất,4.2m,20.56m,,,,,,,,land,86805.55555555556,10.87528987315708,106.58622913275507,16.240185915524215,,,,,
AFERGY,"80 Số 3, P.Linh Xuân, TP.Thủ Đức, TP.HCM",7770000.0,47.55,Đất,,,Đông Nam,,,,,,,land,163406.9400630915,10.843975388140855,106.76404877907201,10.0485158825399,,,,,
WTPS9R,"Thửa 1048 - tờ 41 hẻm 94 đường Vườn Lài, P.An Phú Đông, Q.12, TP.HCM",4350000.0,78.51,Đất,4m,13.85m,Tây Nam,,,,,,,land,55406.95452808559,10.782516670774518,106.6958319384618,0.46204057636448326,,,,,
74H31A,"167/6E Ấp Thới Tây 2, Xã Tân Hiệp, H.Hóc Môn, TP.HCM",3880000.0,26.71,Đất,,,Bắc,,,,,,,land,145263.94608760762,10.87245701292146,106.60501377966392,14.51785796194563,,,,,
8YMT03,"MPN 42/2A đường số 11, P.Hiệp Bình Phước, TP.Thủ Đức, TP.HCM",5250000.0,97.22,Đất,4.63m,11.63m,Tây Nam,,,,,,,land,54001.234313927176,10.843747815648369,106.75185912285792,9.134340219792213,,,,,
G1A572,"332A Liên Khu 4-5, P.Bình Hưng Hoà B, Q.Bình Tân, TP.HCM",16900000.0,58.82,Đất,,,Tây,,,,,,,land,287317.23903434206,10.766692089629402,106.60648642192868,10.22438367162421,,,,,
A42PFY,"19/18 Quốc lộ 13, P.Hiệp Bình Chánh, TP.Thủ Đức, TP.HCM",8400000.0,64.46,Đất,,,Tây Bắc,,,,,,,land,130313.37263419176,10.83627985642788,106.74443135302253,7.981497862732541,,,,,
RTQ82J,"30/10 Số 11, P.Cát Lái, TP.Thủ Đức, TP.HCM",7200000.0,75.0,Đất,,,Tây Nam,,,,,,,land,96000.0,10.841154821016561,106.74953956646365,8.751769801376948,,,,,
YF046D,"Thửa 611 - Tờ 118 đường nhánh Kênh Đông, Xã Trung Lập Thượng, H.Củ Chi, TP.HCM",3800000.0,3.79,Đất,16m,60m,Tây,,,,,,,land,1002638.5224274406,11.008689283708838,106.51038537379945,32.656320367554784,,,,,
G1QVU2,"Nguyễn Duy Trinh, P.Long Phước, TP.Thủ Đức, TP.HCM",2800000.0,28.0,Đất,5m,20m,Bắc,,,,,,,land,100000.0,10.859211632759617,106.7661304565862,11.446932759623827,,,,,
SC7Z05,"Thửa 925 - Tờ 8 hẻm 854 Thống Nhất, P.15, Q.Gò Vấp, TP.HCM",5200000.0,101.76,Đất,4m,12.8m,Đông Bắc,,,,,,,land,51100.628930817606,10.822563799405254,106.66250791327984,6.19206610379498,,,,,
QDG35U,"số 26, P.Cát Lái, TP.Thủ Đức, TP.HCM",13500000.0,99.11,Đất,4.5m,30.35m,,,,,,,,land,136212.28937544144,10.844601479363554,106.74186357650963,8.564210200303142,,,,,
QDRXSU,"Tỉnh Lộ 7, Xã An Nhơn Tây, H.Củ Chi, TP.HCM",6300000.0,5.59,Đất,14.8m,75.8m,Đông Nam,,,,,,,land,1127012.5223613596,11.001747640341858,106.49383022969835,33.25781489446138,,,,,
21U01Z,"Tân Thới Nhất 8, P.Tân Thới Nhất, Q.12, TP.HCM",17800000.0,149.32,Đất,7.55m,15.71m,Tây Bắc,,,,,,,land,119207.07206000536,10.783716703584087,106.7031161041559,0.6237296402027152,,,,,
0N6DB9,"Thửa 641 - Tờ 1 Đoàn Minh Triết, Xã Thái Mỹ, H.Củ Chi, TP.HCM",7500000.0,4.61,Đất,22.94m,69.45m,Đông,,,,,,,land,1626898.0477223427,11.008865235258602,106.50508976617412,33.03991775095825,,,,,
AEW3UY,"A12 đường số 11, P.Linh Xuân, TP.Thủ Đức, TP.HCM",4200000.0,71.01,Đất,4.23m,13.98m,Tây Nam,,,,,,,land,59146.59907055344,10.848828506005123,106.76537432853007,10.534022135786618,,,,,
7BB2HA,"Thửa 17 - Tờ 39 Nguyễn Thị Nếp, Xã Tân Thạnh Đông, H.Củ Chi, TP.HCM",2100000.0,9.35,Đất,6.3m,35.85m,Tây Bắc,,,,,,,land,224598.93048128343,10.991775207081286,106.48733831156844,32.94690208288487,,,,,
AEHVSY,"Thửa 401 - Tờ 34 Võ Văn Vân, Xã Vĩnh Lộc B, H.Bình Chánh, TP.HCM",8350000.0,31.4,Đất,7.2m,35.43m,Đông Nam,,,,,,,land,265923.5668789809,10.693342614241725,106.59592752395938,14.78534910512693,,,,,
0T0D29,"Nguyễn Văn Tạo, Xã Hiệp Phước, H.Nhà Bè, TP.HCM",1700000.0,21.25,Đất,5m,16m,Đông Nam,,,,,,,land,80000.0,10.702769010238331,106.73225322004433,9.26176555215671,,,,,
UD3PGS,"Thửa 557 - Tờ 13 Trần Thị Hồ, Xã Hòa Phú, H.Củ Chi, TP.HCM",1450000.0,18.12,Đất,6.4m,12.54m,Tây Bắc,,,,,,,land,80022.07505518764,11.001021212923177,106.51282171108151,31.832325237720287,,,,,
WG4QGR,"Thửa 556 - Tờ 13 Trần Thị Hồ, Xã Hòa Phú, H.Củ Chi, TP.HCM",1450000.0,18.12,Đất,6.36m,12.62m,Tây Bắc,,,,,,,land,80022.07505518764,11.010208993233016,106.48934961641777,34.280039098716706,,,,,
65VCR8,"Thửa 692 - Tờ 91 ấp Mỹ Thạnh B, Xã Thái Mỹ, H.Củ Chi, TP.HCM",1350000.0,2.17,Đất,15m,41.55m,Đông Bắc,,,,,,,land,622119.8156682028,11.020614488692312,106.51502825690304,33.380827133156316,,,,,
3A6EBQ,"Thửa 691 - Tờ 91 ấp Mỹ Thạnh B, Xã Thái Mỹ, H.Củ Chi, TP.HCM",1350000.0,2.05,Đất,16m,41.55m,Đông Bắc,,,,,,,land,658536.5853658537,11.018755301891215,106.5098729669193,33.561280542089214,,,,,
QY84YU,"Thửa 690 - Tờ 91 ấp Mỹ Thạnh B, Xã Thái Mỹ, H.Củ Chi, TP.HCM",1350000.0,2.1,Đất,16m,40.79m,Đông Bắc,,,,,,,land,642857.1428571428,11.015481328030013,106.49867502772844,34.05114289394037,,,,,
0TRP79,"Thửa 689 - Tờ 91 ấp Mỹ Thạnh B, Xã Thái Mỹ, H.Củ Chi, TP.HCM",1500000.0,1.85,Đất,25.9m,39.92m,Đông Bắc,,,,,,,land,810810.8108108108,10.992388071244491,106.49029364542665,32.76934214164428,,,,,
ABUENY,"Thửa 728 - tờ 32 đường số 63, ấp Chợ, Xã Tân Phú Trung, H.Củ Chi, TP.HCM",12000000.0,5.07,Đất,48.44m,41.1m,Đông,,,,,,,land,2366863.9053254435,10.775770387956747,106.62142491545946,8.498949936455574,,,,,
JZ4ZD0,"Thửa 619 - tờ 50 Cây Trôm Mỹ Khánh, Xã Thái Mỹ, H.Củ Chi, TP.HCM",2500000.0,12.08,Đất,6m,43.21m,Tây Nam,,,,,,,land,206953.64238410597,11.005204234430593,106.50590755031747,32.672609352809495,,,,,
65TZQ8,"Thửa 815+816+817+818+819 - Tờ 43 Bộ Đội An Điền, Xã Vĩnh Lộc A, H.Bình Chánh, TP.HCM",25500000.0,2.15,Đất,30.14m,41.09m,Tây,,,,,,,land,11860465.11627907,10.686095102413143,106.58563074609472,16.16339934844639,,,,,
87NBD3,"Thửa 653 - Tờ 63 đường Xuân Thới Thượng 4, Xã Xuân Thới Thượng, H.Hóc Môn, TP.HCM",11000000.0,8.06,Đất,21.88m,66.84m,Đông Bắc,,,,,,,land,1364764.2679900744,10.89396022850414,106.60652023573161,16.18092960069327,,,,,
1SZ8E6,"Thửa 620 - tờ 35 đường số 8, P.Tăng Nhơn Phú B, TP.Thủ Đức, TP.HCM",6600000.0,122.9,Đất,4.65m,12.5m,Tây Nam,,,,,,,land,53702.196908055324,10.838495668561979,106.75935213923182,9.257065987635118,,,,,
AB8AZY,"Thửa 619 - tờ 35 đường số 8, P.Tăng Nhơn Phú B, TP.Thủ Đức, TP.HCM",6900000.0,117.34,Đất,4.66m,13.64m,Tây Nam,,,,,,,land,58803.477075166185,10.847113947504642,106.74079134736716,8.73630471552737,,,,,
CRSA4B,"Thửa 594 - Tờ 174 Xuân Thới Thượng 26, Xã Xuân Thới Thượng, H.Hóc Môn, TP.HCM",4099999.999999999,39.46,Đất,5m,21.01m,Bắc,,,,,,,land,103902.68626457169,10.870562469134022,106.58567155367795,15.952398893267567,,,,,
SHZB05,"Thửa 734 - Tờ 49 hẻm đường Thới Hòa, Xã Vĩnh Lộc A, H.Bình Chánh, TP.HCM",3900000.0,39.67,Đất,5m,19.86m,Tây,,,,,,,land,98311.06629694984,10.675573254940856,106.60605869626748,15.371918984976913,,,,,
SHZBR5,"Thửa 752 - Tờ 49 hẻm đường Thới Hòa, Xã Vĩnh Lộc A, H.Bình Chánh, TP.HCM",3300000.0,37.93,Đất,8m,10.88m,Bắc,,,,,,,land,87002.37279198524,10.68076842670028,106.58351852299812,16.72132107932248,,,,,
ABG04Y,"Thửa 554 - Tờ 13 Trần Thị Hồ, Xã Hòa Phú, H.Củ Chi, TP.HCM",1450000.0,18.12,Đất,6.44m,12.46m,Tây Bắc,,,,,,,land,80022.07505518764,11.00505872873214,106.49438413156037,33.488538203835226,,,,,
491N9F,"Thửa 553 - Tờ 13 Trần Thị Hồ, Xã Hòa Phú, H.Củ Chi, TP.HCM",1450000.0,18.12,Đất,6.48m,12.38m,Tây Bắc,,,,,,,land,80022.07505518764,11.007337546564887,106.49675157193508,33.505073908038426,,,,,
6543P8,"Thửa 938 - tờ 41 hẻm 17 đường 458, Xã Trung An, H.Củ Chi, TP.HCM",2600000.0,18.11,Đất,5m,28.76m,Tây,,,,,,,land,143567.0900055218,11.00914018362577,106.50432700303679,33.11677976149608,,,,,
49MGJF,"Một phần nhà 85/27/7B Hồ Văn Long, P.Tân Tạo, Q.Bình Tân, TP.HCM",3300000.0,52.71,Đất,9.75m,16.86m,Đông Nam,,,,,,,land,62606.715993170175,10.767721668087654,106.59397505139462,11.566870795916673,,,,,
SHFA95,"Thửa 585 - tờ 54 đường số 8, P.Long Phước, TP.Thủ Đức, TP.HCM",26500000.0,25.13,Đất,15.99m,66.056m,Tây,,,,,,,land,1054516.514126542,10.844302390908828,106.73950091302547,8.397534264022656,,,,,
SHBTH5,"Thửa 572 - tờ 30 đường Nguyễn Văn Khối, P.11, Q.Gò Vấp, TP.HCM",9600000.0,120.0,Đất,4m,23.32m,Bắc,,,,,,,land,80000.0,10.819851175812284,106.68222919221898,4.797534968481273,,,,,
877BV3,"Thửa 189+613 - tờ 44 đường Võ Văn Điều, Xã An Nhơn Tây, H.Củ Chi, TP.HCM",18900000.0,1.26,Đất,18.49m,82.23m,Đông Nam,,,,,,,land,15000000.0,11.008357131504544,106.5053439842336,32.97899271042169,,,,,
ABB0GY,"Thửa 1197 - tờ 4 đường Võ Văn Điều, Xã Phước Thạnh, H.Củ Chi, TP.HCM",12300000.0,13.43,Đất,18.03m,51.37m,Đông,,,,,,,land,915860.0148920328,10.991848896089667,106.49870600242448,32.092019115979674,,,,,
UY31BS,"Thửa 657 - tờ 12 Nguyễn Kim Cương, ấp 6, Xã Tân Thạnh Đông, H.Củ Chi, TP.HCM",2000000.0,21.66,Đất,5.04m,19.03m,Tây Nam,,,,,,,land,92336.10341643583,11.01908227264791,106.49219211503244,34.81310915272299,,,,,
2MPK3Z,"Thửa 514 - tờ 58 Bình Mỹ, ấp 8, Xã Bình Mỹ, H.Củ Chi, TP.HCM",4200000.0,31.48,Đất,4.51m,29.99m,Tây Nam,,,,,,,land,133418.04320203303,10.992005433636795,106.49854198992219,32.11690883028397,,,,,
DEAXUH,"Thửa 578 - tờ 69 đường 155, ấp 25, Xã Bình Mỹ, H.Củ Chi, TP.HCM",6800000.0,12.36,Đất,11m,50.5m,Nam,,,,,,,land,550161.8122977347,11.002640391157987,106.49786912346457,33.03517593444995,,,,,
AC523Y,"Thửa 690 - tờ 55 Đông Thạnh, ấp 4, Xã Đông Thạnh, H.Hóc Môn, TP.HCM",3550000.0,28.95,Đất,5m,24m,Tây,,,,,,,land,122625.2158894646,10.880983512630069,106.59049711178417,16.314062035746204,,,,,
SD1XT5,"Thửa 46 - tờ 45 đường Kênh Cây Xanh, Xã Bình Mỹ, H.Củ Chi, TP.HCM",2350000.0,18.09,Đất,5m,26.04m,Nam,,,,,,,land,129906.02542841349,11.014473246248295,106.48957978862606,34.61542987623557,,,,,
85TBA3,"Thửa 890 - tờ 24 hẻm 430 Lê Thị Riêng, P.Thới An, Q.12, TP.HCM",4550000.0,82.42,Đất,4m,13.81m,Đông Nam,,,,,,,land,55205.047318611985,10.766883876502954,106.69999165899763,1.4309198239468661,,,,,
PNEY6G,"Thửa 560 - tờ 21 đường Kinh số 4, Xã Bình Lợi, H.Bình Chánh, TP.HCM",2600000.0,2.6,Đất,8.94m,111.89m,Tây Nam,,,,,,,land,1000000.0,10.697600960352089,106.58500413648589,15.433594409953601,,,,,
ACX1RY,"Thửa 90 - tờ 80 ( tờ cũ 30) Cây Trôm Mỹ Khánh, Xã Thái Mỹ, H.Củ Chi, TP.HCM",4200000.0,5.51,Đất,18.03m,48.35m,Đông Nam,,,,,,,land,762250.4537205081,11.004650479130905,106.51250606740821,32.16376336120368,,,,,
WPQFFR,"Thửa 805 - tờ 40 Tân Thới Nhì 21, Xã Tân Thới Nhì, H.Hóc Môn, TP.HCM",3350000.0,33.39,Đất,5m,16.58m,Đông Bắc,,,,,,,land,100329.43995208146,10.875426677887273,106.60567786644334,14.701078106129458,,,,,
DENQGH,"Thửa 12 - tờ 17 Thới Tam Thôn 9, Xã Thới Tam Thôn, H.Hóc Môn, TP.HCM",5500000.0,24.76,Đất,7.92m,28.06m,Đông,,,,,,,land,222132.47172859448,10.871582324845226,106.60066485353384,14.79183957844336,,,,,
401Y3F,"256/18 ( Thửa 586 - tờ 18) Quốc Lộ 1K, P.Linh Xuân, TP.Thủ Đức, TP.HCM",3750000.0,71.15,Đất,4m,13.17m,Tây Nam,,,,,,,land,52705.55165144061,10.851047039854418,106.7469504025247,9.465609528929242,,,,,
7KWHMA,"Thửa 511 - tờ 21 đường số 8, P.Linh Xuân, TP.Thủ Đức, TP.HCM",4800000.0,48.92,Đất,5m,19.73m,Đông Bắc,,,,,,,land,98119.378577269,10.863679426294551,106.7526022804012,10.974403998196259,,,,,
RGPYDJ,"Thửa 611 - tờ 47 Phạm Thị Than, ấp Xóm Trại, Xã An Nhơn Tây, H.Củ Chi, TP.HCM",3000000.0,3.0,Đất,27.01m,37.24m,Tây Bắc,,,,,,,land,1000000.0,11.012903495578513,106.4938215383087,34.17928729531755,,,,,
9TGCMP,"Thửa 245 - tờ 1 Nguyễn Văn Khạ, Xã Tân An Hội, H.Củ Chi, TP.HCM",3500000.0,5.54,Đất,14.66m,44.89m,Đông Nam,,,,,,,land,631768.953068592,10.995971136394221,106.48743060765393,33.27170229537154,,,,,
37U2RQ,"Thửa 736 - tờ 46 đường Lê Thị Bay, Xã Tân Thạnh Đông, H.Củ Chi, TP.HCM",2350000.0,16.43,Đất,5m,28.92m,Tây Bắc,,,,,,,land,143031.0407790627,10.994880692304555,106.49935982219075,32.289513092721904,,,,,
J29M70,"Thửa 730 - tờ 16 Lê Thị Bay, Xã Tân Thạnh Đông, H.Củ Chi, TP.HCM",2400000.0,10.63,Đất,7.86m,29.97m,Đông Bắc,,,,,,,land,225776.10536218248,11.010867879825485,106.50031367428971,33.54583596446346,,,,,
SYS1P5,"Thửa 668 - tờ 11 hẻm 432, ấp 1, Xã Bình Mỹ, H.Củ Chi, TP.HCM",2350000.0,21.38,Đất,5m,22m,Đông Bắc,,,,,,,land,109915.80916744622,10.994830940020046,106.51681404785644,31.027086985135035,,,,,
Q7QXWU,"Thửa 1183 - tờ 5 Nguyễn Thị Lắng, Xã Tân Phú Trung, H.Củ Chi, TP.HCM",3900000.0,11.92,Đất,7.64m,36.17m,Tây Bắc,,,,,,,land,327181.20805369125,10.778201126992716,106.62079415231439,8.558085568377988,,,,,
JGJCG0,"Thửa 852 - tờ 11 Mai Thị Buội, Xã Phước Vĩnh An, H.Củ Chi, TP.HCM",2700000.0,16.8,Đất,5.03m,32.32m,Tây Bắc,,,,,,,land,160714.2857142857,11.01958749905464,106.51620690561184,33.212559423537094,,,,,
AKAVSY,"Thửa 730 - tờ 4 Hồ Văn Tắng, Xã Tân Phú Trung, H.Củ Chi, TP.HCM",1850000.0,3.63,Đất,27.88m,27.38m,Tây Bắc,,,,,,,land,509641.87327823695,10.804255136481393,106.61182864897945,9.913106738020698,,,,,
DBD6SH,"Thửa 640 - tờ 35 Võ Thị Hồng, Xã Trung An, H.Củ Chi, TP.HCM",7200000.0,12.36,Đất,10.46m,51.83m,Tây Bắc,,,,,,,land,582524.2718446602,11.01428074002602,106.49095298792385,34.50029863493551,,,,,
356BEQ,"445/59 Tân Hòa Đông, P.Bình Trị Đông, Q.Bình Tân, TP.HCM",6900000.0,110.22,Đất,4.14m,14.91m,Tây Bắc,,,,,,,land,62602.068590092545,10.775191915134396,106.61081006523851,9.661648495824934,,,,,
YCGTUD,"Thửa 586 - tờ 18, đường Nguyễn Thị Thôn, Xã Phú Hòa Đông, H.Củ Chi, TP.HCM",1550000.0,14.11,Đất,5m,22.33m,Bắc,,,,,,,land,109851.16938341603,11.019583415384103,106.50795535934876,33.76275806316126,,,,,
8UXY83,"50 đường số 1, P.Tam Phú, TP.Thủ Đức, TP.HCM",5900000.0,83.8,Đất,4m,18.2m,Tây Bắc,,,,,,,land,70405.72792362768,10.860898380945105,106.74689804130915,10.387656378174945,,,,,
SAA105,"Đường Trương Thị Hoa, P.Tân Thới Hiệp, Q.12, TP.HCM",37000000.0,69.26,Đất,6.1m,62.79m,,,,,,,,land,534218.8853595149,10.76183419318703,106.71266842867337,2.4835972683137153,,,,,
1V0Z6T,"112/15 Thạnh Xuân 22, P.Thới An, Q.12, TP.HCM",4700000.0,70.25,Đất,5m,11.39m,,,,,,,,land,66903.91459074733,10.773389916608451,106.70048872528425,0.7251959546224315,,,,,
38PFQ3,"25/54/11 đường Hồ Văn Long, P.Bình Trị Đông, Q.Bình Tân, TP.HCM",4200000.0,83.83,Đất,5.55m,9m,,,,,,,,land,50101.39568173685,10.770837118656464,106.58911882767163,12.06138813990205,,,,,
9UXMPM,"Thửa 420 - Tờ 59, Xã Phạm Văn Hai, H.Bình Chánh, TP.HCM",11500000.0,11.07,Đất,20m,51m,,,,,,,,land,1038843.721770551,10.70218342594059,106.60320164195834,13.547905272946082,,,,,
JXUZ20,"Thửa 793 - tờ 49 hẻm đường Nguyễn Thị Thử, Xã Xuân Thới Sơn, H.Hóc Môn, TP.HCM",3250000.0,21.82,Đất,9.5m,16m,,,,,,,,land,148945.92117323558,10.872363909011417,106.5882209416912,15.864613399246801,,,,,
P15F0G,"Thửa 602 - tờ 147 đường Xuân Thới Sơn 20, Xã Xuân Thới Sơn, H.Hóc Môn, TP.HCM",3550000.0,29.75,Đất,5m,23.72m,Đông,,,,,,,land,119327.73109243698,10.885463472997893,106.6044272480919,15.60934768205792,,,,,
QKRMXU,"Thửa 574 - tờ 147 hẻm đường Nguyễn Văn Bứa, Xã Bà Điểm, H.Hóc Môn, TP.HCM",6500000.0,12.63,Đất,14m,36.34m,Bắc,,,,,,,land,514647.6642913697,10.874626841080792,106.60738634410743,14.507880642556346,,,,,
AF0WRY,"Kênh Trung Ương-Bộ Đội An Điền, Xã Vĩnh Lộc A, H.Bình Chánh, TP.HCM",11000000.0,8.46,Đất,33.4m,43.3m,Đông,,,,,,,land,1300236.4066193851,10.700285236346112,106.59481537362802,14.39674972318274,,,,,
EGTWT4,"Thửa 546 - tờ 47 hẻm 617 Lê Trọng Tấn, P.Bình Hưng Hòa, Q.Bình Tân, TP.HCM",4300000.0,47.09,Đất,3.79m,14.41m,Đông,,,,,,,land,91314.50414100658,10.757100749381994,106.59422285219196,11.734158852780784,,,,,
8DUSN3,"Thửa 708 - tờ 175 ấp 1, Cao Thị Chiếc, Xã Phước Vĩnh An, H.Củ Chi, TP.HCM",2500000.0,15.09,Đất,9.37m,17m,Tây Nam,,,,,,,land,165672.6308813784,11.021267245978393,106.50633807520929,34.018449035148315,,,,,
26HUYZ,"Thửa 670 - tờ 76 Hẻm 14 Bia Truyền Thống, P.Tân Tạo, Q.Bình Tân, TP.HCM",3350000.0,68.78,Đất,4.25m,12.27m,Tây Bắc,,,,,,,land,48706.01919162547,10.774139359647599,106.60522960228694,10.277616805254683,,,,,
G1DQ32,"Thửa 667 - Tờ 6 hẻm đường Nguyễn Thị Lắng, Xã Tân Phú Trung, H.Củ Chi, TP.HCM",1350000.0,11.27,Đất,6m,20m,Nam,,,,,,,land,119787.04525288376,10.804455916497082,106.62837785046908,8.194297094776953,,,,,
QHJWTU,"3 Hẻm 1942 Huỳnh Tấn Phát, TT.Nhà Bè, H.Nhà Bè, TP.HCM",5800000.0,57.53,Đất,,,Đông,,,,,,,land,100816.96506170693,10.684799379837752,106.73658063793404,11.281059934304075,,,,,
QHJWEU,"125B Đỗ Xuân Hợp, P.Phước Long B, TP.Thủ Đức, TP.HCM",4500000.0,77.45,Đất,,,Đông,,,,,,,land,58102.00129115558,10.859457707606547,106.7441156291958,10.098336148771455,,,,,
SCFBM5,"Thửa 96 - Tờ 29 hẻm đường Lê Thị Dệt, Xã Tân An Hội, H.Củ Chi, TP.HCM",2350000.0,15.05,Đất,7m,21m,,,,,,,,land,156146.17940199334,11.011927490010589,106.49450740143197,34.04864843637858,,,,,
0NVBJ9,"Thửa 67 - Tờ 33 hẻm đường Lê Thị Ngà, Xã Phước Vĩnh An, H.Củ Chi, TP.HCM",6500000.0,14.63,Đất,9.93m,44.47m,Đông Nam,,,,,,,land,444292.54955570743,11.011479312695545,106.5027219015248,33.42774658229096,,,,,
QDYSGU,"Thửa 551 - Tờ 26 đường Xuân Thới Sơn 15, Xã Xuân Thới Sơn, H.Hóc Môn, TP.HCM",7800000.0,26.0,Đất,12.25m,24.54m,Đông Bắc,,,,,,,land,300000.0,10.893138782972018,106.59618065156404,16.843023558981155,,,,,
WG3YHR,"Thửa 1015 - Tờ 34 Ngô Chí Quốc, P.Bình Chiểu, TP.Thủ Đức, TP.HCM",3500000.0,60.76,Đất,4m,14.41m,Đông Nam,,,,,,,land,57603.6866359447,10.844249879773836,106.7618948812929,9.905078724634052,,,,,
R2Z61J,"Thửa 1049 - tờ 217, 413/92 Lê Văn Quới, P.Bình Trị Đông, Q.Bình Tân, TP.HCM",5850000.0,69.06,Đất,7.24m,11.95m,Tây,,,,,,,land,84708.94874022588,10.761554937028523,106.60560944298257,10.414381893807477,,,,,
7CC6RA,"hẻm 918 Hương Lộ 2, P.Bình Trị Đông A, Q.Bình Tân, TP.HCM",5900000.0,118.0,Đất,7.21m,7.39m,,,,,,,,land,50000.0,10.774348599266599,106.61025026430812,9.728122888230365,,,,,
AC65GY,"MP 16D ( Thửa 1203 - tờ 67) Hiệp Thành 23, khu phố 2, P.Hiệp Thành, Q.12, TP.HCM",6300000.0,65.83,Đất,4m,27.06m,Tây Nam,,,,,,,land,95701.04815433692,10.787696114550117,106.69252919391927,1.12735124947246,,,,,
85GDY3,"hẻm 23 đường số 13, P.Linh Xuân, TP.Thủ Đức, TP.HCM",19000000.0,16.07,Đất,26.29m,46.93m,Đông Bắc,,,,,,,land,1182327.3179838208,10.864073211356022,106.7545932007374,11.128618449796948,,,,,
WP7S8R,"Thửa 676 - tờ 89 hẻm 258 Hồ Học Lãm, P.An Lạc, Q.Bình Tân, TP.HCM",8199999.999999999,51.31,Đất,4.01m,40.01m,Bắc,,,,,,,land,159812.90196842718,10.753444751207123,106.60425982920795,10.766756788989825,,,,,
37J8KQ,"Thửa 1400 - tờ 5 đường số 89, ấp Cây Da, Xã Tân Phú Trung, H.Củ Chi, TP.HCM",5000000.0,9.99,Đất,10m,50.74m,Đông Nam,,,,,,,land,500500.5005005005,10.77828760887316,106.62947154078022,7.609063906988701,,,,,
85BVS3,"Thửa 649 - tờ 113 hẻm 113 Linh Xuân, P.Linh Xuân, TP.Thủ Đức, TP.HCM",4550000.0,53.21,Đất,4m,21.37m,Đông Nam,,,,,,,land,85510.2424356324,10.847568829547278,106.74555929048707,9.061422376815232,,,,,
GX1FG2,"Thửa 180 - tờ 25 Tỉnh Lộ 15, ấp 5, Xã Tân Thạnh Đông, H.Củ Chi, TP.HCM",4560000.0,12.87,Đất,11.73m,31.23m,Đông Nam,,,,,,,land,354312.35431235435,11.014960675993287,106.51602611118804,32.81739568261294,,,,,
6S5CD8,"2B21/3 Liên ấp 1-2, Xã Phạm Văn Hai, H.Bình Chánh, TP.HCM",7500000.0,51.97,Đất,7m,20.75m,Đông Nam,,,,,,,land,144314.02732345584,10.677564617337277,106.59127927478121,16.332812574143535,,,,,
SDYBU5,"Thửa 730 - tờ 26 ấp Chợ, đường số 62, Xã Tân Phú Trung, H.Củ Chi, TP.HCM",2500000.0,15.83,Đất,7.5m,21.35m,Tây Nam,,,,,,,land,157927.98483891346,10.789204916481845,106.63947722588824,6.5956640551120564,,,,,
WP99QR,"Thửa 814 - tờ 28 đường số 16, ấp Hậu, Xã Tân Thông Hội, H.Củ Chi, TP.HCM",3900000.0,15.55,Đất,9m,28.6m,Tây Bắc,,,,,,,land,250803.8585209003,11.009403520623726,106.51456641296447,32.4314093516497,,,,,
QASAXU,"Thửa 750 - tờ 46 Nguyễn Kim Cương, ấp 6, Xã Tân Thạnh Đông, H.Củ Chi, TP.HCM",2200000.0,18.64,Đất,5m,23.8m,Tây Nam,,,,,,,land,118025.75107296137,11.006103326607585,106.50673590655222,32.69023827666902,,,,,
85Q5G3,"Thửa 749 - tờ 46 Nguyễn Kim Cương, ấp 6, Xã Tân Thạnh Đông, H.Củ Chi, TP.HCM",2200000.0,14.65,Đất,5m,28.83m,Tây Nam,,,,,,,land,150170.64846416382,11.016477480643276,106.51227812142608,33.200904638764094,,,,,
W9WA2R,"Thửa 137 - tờ 1 đường Bờ Sông Sài Gòn, Xã Phú Hòa Đông, H.Củ Chi, TP.HCM",3900000.0,3.2,Đất,21.12m,54.29m,Tây Bắc,,,,,,,land,1218750.0,10.995685487079317,106.50048653704867,32.27216451966263,,,,,
SYQWC5,"Thửa 993 tờ 31, hẻm 111 Đường Tây Lân, P.Bình Trị Đông A, Q.Bình Tân, TP.HCM",4099999.999999999,70.68,Đất,4m,14.57m,Đông Bắc,,,,,,,land,58007.92303338991,10.773060796014864,106.59799510130901,11.07488051757616,,,,,
9ZJ80P,"Thửa 912 tờ 46 Hẻm 433 Đường Bình Thành, P.Bình Hưng Hoà B, Q.Bình Tân, TP.HCM",3750000.0,60.87,Đất,4m,15.49m,Tây Nam,,,,,,,land,61606.70280926565,10.756490105727313,106.5943402860143,11.736267967105944,,,,,
JGW1K0,"Thửa 915 tờ 46 Hẻm 433 đường Bình Thành, P.Bình Hưng Hoà B, Q.Bình Tân, TP.HCM",7900000.0,36.71,Đất,6.23m,28.15m,Nam,,,,,,,land,215200.2179242713,10.751574200642418,106.5888360988568,12.449436521109158,,,,,
AKHVUY,"276/91/11 Thống Nhất, P.16, Q.Gò Vấp, TP.HCM",16500000.0,75.36,Đất,9.82m,22.27m,Đông,,,,,,,land,218949.04458598726,10.821387694722219,106.68944457279987,4.719646344383928,,,,,
3STZ1Q,"218/2 Quốc lộ 22, Xã Tân Thông Hội, H.Củ Chi, TP.HCM",2690000.0,28.77,Đất,5m,19.21m,Tây Bắc,,,,,,,land,93500.17379214459,11.019858590966441,106.48990422004178,35.04110165505416,,,,,
7D2RXA,"hẻm 29 đường Thạnh Lộc 47, P.Thạnh Lộc, Q.12, TP.HCM",3450000.0,0.04,Đất,5m,14.21m,Đông Bắc,,,,,,,land,86250000.0,10.77779036536838,106.7036449254703,0.5510428880772225,,,,,
U74P7S,"Thửa 567 - Tờ 2 Trịnh Khắc Lập, Thạnh Mỹ Lợi, TP.Thủ Đức, TP.HCM",4850000.0,0.07,Đất,5m,12.3m,Tây Bắc,,,,,,,land,69285714.28571428,10.864064431492976,106.74025212752679,10.35517224473969,,,,,
SADHX5,"146/10 Trương Đăng Quế, P.3, Q.Gò Vấp, TP.HCM",14700000.0,99.93,Đất,1.6m,30.65m,Bắc,,,,,,,land,147102.9720804563,10.82360185900917,106.68490432342284,5.086889018084493,,,,,
S1YU5Y,"30/5 đường 671, P.Tân Phú, TP.Thủ Đức, TP.HCM",13700000.0,24.95,Đất,13.25m,39.28m,,,,,,,,land,549098.1963927856,10.777301883993989,106.64012341743215,6.448147953518883,,,,,
1PY96T,"397 Quốc Lộ 13, P.Hiệp Bình Phước, TP.Thủ Đức, TP.HCM",86500000.0,133.48,Đất,39.4m,62.68m,Đông Nam,,,,,,,land,648037.1591249626,10.86385051068077,106.74802579779798,10.73199853513275,,,,,
SC0345,"22 Hẻm 87/19 Đường Số 27, P.6, Q.Gò Vấp, TP.HCM",6300000.0,72.08,Đất,,,Nam,,,,,,,land,87402.88568257492,10.830293903992446,106.68427523653604,5.815235722591938,,,,,
JNGVY0,"Thửa 644 - Tờ 10 hẻm đường Xuân Thới Sơn 35, Xã Xuân Thới Sơn, H.Hóc Môn, TP.HCM",2850000.0,30.64,Đất,5.02m,18.78m,Tây Nam,,,,,,,land,93015.66579634465,10.882889864248643,106.6068915093034,15.217617809298153,,,,,
6AUHC8,"Thửa 643 - Tờ 10 hẻm đường Xuân Thới Sơn 35, Xã Xuân Thới Sơn, H.Hóc Môn, TP.HCM",2850000.0,30.94,Đất,5.02m,18.73m,Tây Nam,,,,,,,land,92113.76858435682,10.880123996348555,106.5825443764984,16.894585312437567,,,,,
3YY0KQ,"Thửa 532 - Tờ 58 hẻm 499/6 Đường Quang Trung, P.10, Q.Gò Vấp, TP.HCM",7550000.0,92.41,Đất,4m,20.44m,Đông Bắc,,,,,,,land,81701.11459798724,10.817676851772864,106.66185215668675,5.839208152168528,,,,,
ABTZWY,"Thửa 524 - tờ 62 hẻm 26 đường số 12, P.Tam Bình, TP.Thủ Đức, TP.HCM",10900000.0,76.22,Đất,4.5m,31.95m,Đông Bắc,,,,,,,land,143007.08475465758,10.841835363976946,106.76741193949455,10.15051917751364,,,,,
7CP9UA,"Thửa 1291 - Tờ 195 hẻm đường Xuân Thới Thượng 9, Xã Bà Điểm, H.Hóc Môn, TP.HCM",4250000.0,45.16,Đất,5.11m,17m,Tây Nam,,,,,,,land,94109.83170947742,10.870204048398383,106.58487422177613,15.99542878835698,,,,,
WG82NR,"Thửa 555 - Tờ 147 hẻm đường Xuân Thới Thượng 03, Xã Bà Điểm, H.Hóc Môn, TP.HCM",3650000.0,30.93,Đất,5m,24m,Đông Nam,,,,,,,land,118008.4060782412,10.895067870824706,106.58631759819647,17.734259124087988,,,,,
QYYT6U,"hẻm 918 đường Hương lộ 2, P.Bình Trị Đông A, Q.Bình Tân, TP.HCM",6500000.0,130.0,Đất,7.21m,7.21m,,,,,,,,land,50000.0,10.77103839369382,106.61197017553488,9.570494483427925,,,,,
5H6JM7,"Thửa 416 - tờ 120 hẻm 39/23 Hoàng Bật Đạt, P.15, Q.Tân Bình, TP.HCM",6280000.0,100.48,Đất,4m,15.69m,Đông Bắc,,,,,,,land,62500.0,10.790023867304878,106.65691155801764,4.743301349405646,,,,,
RGAS0J,"Thửa 64 - tờ 29, 16/2T Trung Chánh, ấp Mỹ Hòa 1, Xã Trung Chánh, H.Hóc Môn, TP.HCM",4250000.0,61.59,Đất,3.77m,20.55m,Tây Bắc,,,,,,,land,69004.70855658386,10.892206690960913,106.59281723200777,17.01530059892691,,,,,
37UXTQ,"Thửa 747 - tờ 31 Nguyễn Thị Đặng, ấp 7, Xã Tân Thạnh Đông, H.Củ Chi, TP.HCM",2500000.0,14.66,Đất,5m,34.05m,Đông Nam,,,,,,,land,170532.06002728513,11.016893687623798,106.49140295760836,34.685847714406336,,,,,
JG7H30,"Thửa 287 tờ 195, đường số 1, P.7, Q.8, TP.HCM",5300000.0,48.18,Đất,5m,22m,Tây Nam,,,,,,,land,110004.1511000415,10.721671729315686,106.63052643738013,9.872135916817426,,,,,
6URTD8,"Đường Phan Văn Hớn, Xã Bà Điểm, H.Hóc Môn, TP.HCM",5400000.0,53.04,Đất,6.59m,20.45m,Đông Nam,,,,,,,land,101809.95475113123,10.891409518352292,106.60100383592587,16.35064797529449,,,,,
7H2VQA,"Thửa 584 tờ 41, Đường Thạnh Xuân 24, P.Thạnh Xuân, Q.12, TP.HCM",4050000.0,59.03,Đất,4m,17.19m,Tây Bắc,,,,,,,land,68609.18177198035,10.779706171977292,106.69874312676149,0.03235310791215027,,,,,
Q7RE0U,"Đường Nguyễn Xí, P.13, Q.Bình Thạnh, TP.HCM",10600000.0,86.17,Đất,4.68m,25.41m,,,,,,,,land,123012.64941394917,10.817941953949957,106.70787967905076,4.330253346418569,,,,,
Q7K57U,"Thửa 933 - Tờ 11, Đường Thạnh Lộc 29, P.Thạnh Lộc, Q.12, TP.HCM",5980000.0,88.07,Đất,4m,18.03m,Đông Nam,,,,,,,land,67900.53366640174,10.769171996125252,106.70586312876576,1.3917504634529916,,,,,
W9Z74R,"Thửa 14-222 -  tờ 78, đường D14, Phước Long B, Q.9, TP.HCM",10100000.0,90.99,Đất,6m,18.5m,Đông Nam,,,,,,,land,111001.20892405759,10.844512259763562,106.81892347198686,14.93879934527496,,,,,
GN1YE2,"Thửa 750 tờ 7, đường Thạnh Mỹ Lợi, Thạnh Mỹ Lợi, Q.2, TP.HCM",6000000.0,80.64,Đất,6.38m,15.72m,Đông Bắc,,,,,,,land,74404.76190476191,10.793413697460066,106.75784615058866,6.606955310731253,,,,,
SA3SV5,"Thửa đất 687 - số 94, đường số 6, Long Bình, Q.9, TP.HCM",40000000.0,40.02,Đất,17m,70.12m,Tây,,,,,,,land,999500.2498750624,10.842695349500003,106.82410530387426,15.34639890116234,,,,,
AH127Y,"Thửa 2165- Tờ 92, Thạnh Xuân 22, P.Thới An, Q.12, TP.HCM",5700000.0,95.15,Đất,4m,13.07m,,,,,,,,land,59905.41250656857,10.780660759175335,106.70664013982139,0.838139229693923,,,,,
W0S1NR,"TK 46/7 Đường Võ Văn Kiệt, P.Cầu Kho, Q.1, TP.HCM",8950000.0,237.4,Đất,3.3m,12.23m,Đông Bắc,,,,,,,land,37700.08424599832,10.770466696441414,106.70618973697992,1.294572603414652,,,,,
8UFER3,"hẻm 60 đường số 4, P.Trường Thọ, TP.Thủ Đức, TP.HCM",3850000.0,0.06,Đất,5.94m,10.99m,Đông Bắc,,,,,,,land,64166666.66666667,10.861136634664645,106.76368023495027,11.443702859871461,,,,,
DC269H,"Hẻm 21/8 Lê Công Phép, An Lạc, Q.Bình Tân, TP.HCM",6300000.0,1.16,Đất,4.39m,13.27m,Tây Bắc,,,,,,,land,5431034.482758621,10.780078208870712,106.61064523111125,9.666285410386026,,,,,
SY12G5,"Thửa 601 tờ 48, đường Thạnh Xuân 22, P.Thạnh Xuân, Q.12, TP.HCM",3350000.0,52.34,Đất,4m,16m,Tây Bắc,,,,,,,land,64004.58540313335,10.765216160822899,106.6889837791139,1.9503176721453328,,,,,
35PG3Q,"Thửa 565 tờ 43, đường Hà Huy Giáp, P.Thạnh Xuân, Q.12, TP.HCM",3680000.0,61.43,Đất,4m,14.98m,Tây Bắc,,,,,,,land,59905.583591079274,10.781763842631095,106.70373299716708,0.5591934726342238,,,,,
9ZAMXP,"Thửa 660 - tờ 25 hẻm 1870/1 /98 Tỉnh Lộ 10, P.Tân Tạo, Q.Bình Tân, TP.HCM",15500000.0,21.87,Đất,9.81m,74.74m,Nam,,,,,,,land,708733.4247828075,10.765667353984696,106.61016833376132,9.843279147369692,,,,,
CFXZAB,"Thửa 671 tờ 253, đường số 18B, P.Bình Hưng Hoà A, Q.Bình Tân, TP.HCM",6800000.0,74.64,Đất,4.9m,18.68m,Tây Bắc,,,,,,,land,91103.96570203644,10.763945171813896,106.59682747201104,11.31423214134544,,,,,
2XQC9Z,"MPN 62/21 Đường Phú Thọ Hòa, P.Phú Thọ Hòa, Q.Tân Phú, TP.HCM",4800000.0,1.07,Đất,4.05m,11.4m,Đông Bắc,,,,,,,land,4485981.3084112145,10.779522729505594,106.61431482012947,9.26494995660914,,,,,
ERZ374,"Thửa 886 tờ 12, đường Dương Công Khi, Xã Tân Hiệp, H.Hóc Môn, TP.HCM",27000000.0,47.29,Đất,13.62m,42.54m,Đông Nam,,,,,,,land,570945.2315500106,10.871896165504104,106.57925559131802,16.59362631518126,,,,,
4RH8CF,"Thửa 1627 - Tờ 9 Cống Hộp Số 3, P.Thạnh Xuân, Q.12, TP.HCM",6100000.0,40.93,Đất,5m,29.89m,Tây,,,,,,,land,149034.93769850966,10.760732945516214,106.70291923057198,2.1499503104613216,,,,,
8U0CC3,"Đường Dương Đình Hội, P.Phước Long B, TP.Thủ Đức, TP.HCM",12500000.0,60.73,Đất,10m,23m,,,,,,,,land,205829.07953235635,10.846214222731218,106.74988604917877,9.215432408197236,,,,,
JGFSR0,"Thửa 325 tờ 130 (TL-2005 ), đường số 6, P.Bình Hưng Hoà B, Q.Bình Tân, TP.HCM",3000000.0,46.87,Đất,4m,16m,Bắc,,,,,,,land,64006.827394922126,10.751346660798163,106.60257316260761,11.008552993329587,,,,,
Q7MP5U,"Thửa 795 tờ 54, đường Trung Lân 4, Xã Bà Điểm, H.Hóc Môn, TP.HCM",4099999.999999999,55.7,Đất,3.17m,15.5m,Tây Bắc,,,,,,,land,73608.61759425492,10.87994510583315,106.58089834597972,17.01781303391268,,,,,
7H2UEA,"Thửa 554 tờ 23, Đường Hoàng Phan Thái, Xã Bình Chánh, H.Bình Chánh, TP.HCM",4600000.0,20.47,Đất,5.29m,44.65m,Đông Nam,,,,,,,land,224719.10112359552,10.699111288895331,106.59758365934601,14.239239615665646,,,,,
W96V6R,"Thửa 645 - tờ 70, đường Đông Thạnh 7, Xã Đông Thạnh, H.Hóc Môn, TP.HCM",6400000.0,3.98,Đất,16.67m,60.67m,,,,,,,,land,1608040.201005025,10.87264355062821,106.60825431313732,14.283949093558798,,,,,
Q7CRRU,"Thửa 568 - tờ 30, Đường Nguyễn Văn Khối, P.11, Q.Gò Vấp, TP.HCM",9100000.0,113.75,Đất,4m,23.24m,Bắc,,,,,,,land,80000.0,10.830468091955648,106.67629931543802,6.132524763871653,,,,,
RPZD7J,"Thửa 1645 - tờ 129, đường Bùi Thị Lùng, Xã Thới Tam Thôn, H.Hóc Môn, TP.HCM",3500000.0,42.94,Đất,5m,16.33m,Tây Nam,,,,,,,land,81509.08244061482,10.897066309475852,106.60583442496727,16.496681164882535,,,,,
KEASAC,"Thửa 590 - Tờ 31, đường số 21, P.Long Thạnh Mỹ, TP.Thủ Đức, TP.HCM",5400000.0,53.09,Đất,5.016m,20.473m,,,,,,,,land,101714.07044641174,10.85861736844294,106.74361830515312,9.990666195574551,,,,,
CJSTQB,"Thửa 1490 - Tờ 17 đường số 89, Khu dân cư Tân Phú Trung, Xã Tân Phú Trung, H.Củ Chi, TP.HCM",2160000.0,27.06,Đất,8.02m,10.06m,Tây Bắc,,,,,,,land,79822.61640798226,10.793241655699244,106.63516816673561,7.140914823907495,,,,,
AKZPBY,"Thửa 700-706 tờ 6, Đường Hồ Văn Thắng, Xã Tân Phú Trung, H.Củ Chi, TP.HCM",17500000.0,22.92,Đất,13.35m,57.32m,Tây Bắc,,,,,,,land,763525.3054101221,10.797448612768685,106.62878603043184,7.9265648301926594,,,,,
UAJ4KS,"Một phần nhà số 297 Đường Nơ Trang Long, P.13, Q.Bình Thạnh, TP.HCM",10500000.0,176.17,Đất,5m,11.94m,Tây Bắc,,,,,,,land,59601.52125787592,10.795927944198654,106.69462518355716,1.8494061998646,,,,,
K4BHYC,"Thửa số 517 tờ số 86, đường Thống Nhất, P.16, Q.Gò Vấp, TP.HCM",6650000.0,92.87,Đất,4.14m,17.24m,Đông Nam,,,,,,,land,71605.4700118445,10.835005077975154,106.66927538754035,6.920625033168753,,,,,
SAMXT5,"Thửa 612 - Tờ 40 Hẻm 49, đường số 18, P.Linh Trung, TP.Thủ Đức, TP.HCM",14000000.0,49.14,Đất,9.68m,30.49m,Đông Nam,,,,,,,land,284900.2849002849,10.85406699270896,106.75168570183344,10.03348758212377,,,,,
7D1VNA,"Thửa 55 - Số 161 (TL-2005) đường số 14, P.Bình Hưng Hoà A, Q.Bình Tân, TP.HCM",4750000.0,54.59,Đất,5m,17.46m,Nam,,,,,,,land,87012.27331013005,10.761387177772946,106.61236328679429,9.694621441472451,,,,,
927YAP,"Thửa 541-542 - Tờ 18, Đường Nguyễn Duy Trinh, P.Phú Hữu, TP.Thủ Đức, TP.HCM",68000000.0,74.79,Đất,24.5m,30.3m,,,,,,,,land,909212.4615590319,10.837312714343046,106.76829384899361,9.892858776758377,,,,,
JX1W90,"Thửa 538 - Tờ số 5 Song Hành Phạm Văn Đồng và đường Dương Đình Nghệ, P.Linh Xuân, TP.Thủ Đức, TP.HCM",400000000.0,75.47,Đất,70m,111m,Đông Nam,,,,,,,land,5300119.252683185,10.863772544321504,106.76710011187416,11.904539194165835,,,,,
W92X5R,"Thửa số 531 tờ số 95, đường Đô Đốc Long, P.Tân Quý, Q.Tân Phú, TP.HCM",7850000.0,96.08,Đất,4.3m,19m,Nam,,,,,,,land,81702.74771024147,10.776944697913752,106.62734779560094,7.845841290516869,,,,,
GTRWQ2,"Thửa 713 - tờ 6, 611/13/4 Lê Văn Thọ, P.14, Q.Gò Vấp, TP.HCM",7160000.0,74.73,Đất,4.01m,23.94m,Đông Nam,,,,,,,land,95811.58838485213,10.814072372668393,106.6676164422879,5.117112708646614,,,,,
Q76Z5U,"Thửa 959 - tờ 33 và Thửa 960 - tờ 33 đường số 7, Long Trường, Q.9, TP.HCM",3390000.0,59.63,Đất,4.64m,12.374m,Nam,,,,,,,land,56850.57856783498,10.853853878509378,106.83560035495435,17.034482539258207,,,,,
Q7YW9U,"Thửa số 518 tờ số 104, đường Liên Ấp 1-2-3, Xã Vĩnh Lộc B, H.Bình Chánh, TP.HCM",13000000.0,6.96,Đất,20.18m,90.17m,,,,,,,,land,1867816.091954023,10.695384235852991,106.5950017565514,14.718435489460521,,,,,
6U5H78,"MPN 334/1 Lê Trọng Tấn, Thửa số 525 tờ số 168, P.Tây Thạnh, Q.Tân Phú, TP.HCM",5000000.0,119.04,Đất,3.5m,12m,Nam,,,,,,,land,42002.68817204301,10.780764729927695,106.63719189050276,6.763741243735876,,,,,
5DKFK7,"MPN 334/1 Lê Trọng Tấn, Thửa số 523 tờ số 168, P.Tây Thạnh, Q.Tân Phú, TP.HCM",5000000.0,119.04,Đất,3.5m,12.88m,Nam,,,,,,,land,42002.68817204301,10.791950110261833,106.61500617172508,9.287105804182822,,,,,
6U5DV8,"MPN 334/1 Lê Trọng Tấn, Thửa số 524 tờ số 168, P.Tây Thạnh, Q.Tân Phú, TP.HCM",5000000.0,119.04,Đất,3.5m,12m,Nam,,,,,,,land,42002.68817204301,10.797697596824788,106.61434457387863,9.470947366914073,,,,,
UA7NUS,"Thửa 22 tờ số 19, hẻm 481 đường Tân Kỳ Tân Quý, P.Tân Sơn Nhì, Q.Tân Phú, TP.HCM",7980000.0,70.49,Đất,7.07m,16.43m,Tây,,,,,,,land,113207.54716981133,10.79469527634776,106.61621596324103,9.205698564414748,,,,,
YCF3RD,"Thửa 553 tờ 18, Một phần nhà 1053/15 Lê Đức Thọ, P.16, Q.Gò Vấp, TP.HCM",5380000.0,119.55,Đất,3.3m,13.07m,Tây,,,,,,,land,45002.091175240486,10.83976996216938,106.677838048534,7.028142450749562,,,,,
7HE6EA,"Thửa 552 tờ 18, Một phần nhà 1053/15 Lê Đức Thọ, P.16, Q.Gò Vấp, TP.HCM",4850000.0,121.85,Đất,3.3m,12.1m,Tây,,,,,,,land,39803.03652031186,10.830211279835893,106.67177434975764,6.324158848347857,,,,,
9ZME2P,"Thửa 551 tờ 18, Một phần nhà 1053/15 Lê Đức Thọ, P.16, Q.Gò Vấp, TP.HCM",5630000.0,115.6,Đất,3.67m,13.71m,Tây Bắc,,,,,,,land,48702.422145328725,10.832370707669174,106.68516632164902,6.010963720298136,,,,,
PTXSBG,"Thửa đất số 411 - Tờ bản đồ số 13, đường Thoại Ngọc Hầu, P.Phú Thạnh, Q.Tân Phú, TP.HCM",27000000.0,110.79,Đất,7.74m,17.16m,,,,,,,,land,243704.30544272947,10.782647461586734,106.6116723859428,9.559098025056212,,,,,
8SVT43,"Thửa 423 - tờ 127 và thửa 41 - tờ 127 Đường Kinh Dương Vương, P.Bình Trị Đông B, Q.Bình Tân, TP.HCM",8300000.000000001,58.28,Đất,6.15m,22.84m,Đông Bắc,,,,,,,land,142415.9231297186,10.780028713268784,106.61081380023059,9.64783341400327,,,,,
UHHY3S,"Thửa 465 - Tờ 38 Hồ Chí Minh, TT.Xuân Mai, H.Chương Mỹ, TP. Hà Nội",3100000.0,28.2,Đất,5.5m,20m,Nam,,,,,,,land,109929.0780141844,10.824285351476192,106.67655421388338,5.501796840989774,,,,,
QDDSHU,"Thửa 464 - Tờ 38 đường Hồ Chí Minh, TT.Xuân Mai, H.Chương Mỹ, TP. Hà Nội",3100000.0,28.23,Đất,5.5m,20m,Nam,,,,,,,land,109812.25646475381,10.78672974477637,106.73275310192678,3.7675454523991463,,,,,
W22Y9R,"10 Võ Chí Công, P.Phước Long B, TP.Thủ Đức, TP.HCM",4500000.0,90.0,Căn hộ chung cư,,,,1.0,1.0,,,45m²,,apartment,50000.0,10.850703305663377,106.75418770471424,9.89552024802434,A10-21-09,50m²,Cơ bản,Imperia Sensa,Nhà trống
7DTU5A,"đường Phước Thiện, Long Bình, Q.9, TP.HCM",3500000.0,52.63,Căn hộ chung cư,,,,2.0,3.0,,,,,apartment,66501.99505985179,10.840632229809925,106.83501103631096,16.32289609573975,"Căn hộ 2.19, Tầng 2, Tòa nhà S7.02",66.50m²,,"Phân khu The Origami, Khu đô thị Vinhomes Grand Park",
6QZNQ8,"326/1 Đường Ung Văn Khiêm, P.25, Q.Bình Thạnh, TP.HCM",5400000.0,72.19,Căn hộ chung cư,,,,2.0,1.0,,,,,apartment,74802.60423881424,10.80892727854367,106.71206366450008,3.5246940166230933,12.1 - 13,74.80m²,,Chung cư Thế Kỷ 21,Nhà trống
UKMA4S,"137 Gò Dầu, P.Tân Quý, Q.Tân Phú, TP.HCM",2450000.0,30.62,Căn hộ chung cư,,,,2.0,2.0,,,,,apartment,80013.06335728282,10.795421801663744,106.62949644721417,7.79854812355408,,,Cơ bản,,
JPC7G0,"Chung cư Hoàng Anh Gold Place, đường Lê Văn Lương, Xã Phước Kiển, H.Nhà Bè, TP.HCM",4099999.999999999,36.93,Căn hộ chung cư,,,,3.0,2.0,,,111m²,,apartment,111020.85025724341,10.692766316431443,106.74643933229349,10.933561934774424,"Căn hộ số 3.1 tầng 3, Khu A2",111m²,,Chung cư Hoàng Anh Gold Place,
AH8NDY,"Chung cư Hoàng Anh Gold Place, đường Lê Văn Lương, Xã Phước Kiển, H.Nhà Bè, TP.HCM",4350000.0,42.39,Căn hộ chung cư,,,,3.0,2.0,,,102.60m²,,apartment,102618.54210898797,10.698529327035775,106.74266127624941,10.176519515099125,"Căn hộ số 4.2 tầng 4, Khu B3",102.60m²,,Chung cư Hoàng Anh Gold Place,
DB7F2H,"Số 1 đường 104, Đảo Kim Cương, Bình Trưng Tây, Q.2, TP.HCM",130000000.0,232.14,Căn hộ chung cư,,,,4.0,4.0,,,,,apartment,560006.8923925218,10.774432808164422,106.76158026537563,6.866836965721102,"Số 1 đường 104, Đảo Kim Cương",560m²,Đầy đủ,Brilliant Tower 4,Đang ở
ACWXXY,"CityLand Park Hills, đường Phan Văn Trị, P.10, Q.Gò Vấp, TP.HCM",12500000.0,66.91,Căn hộ chung cư,,,,5.0,4.0,,,173m²,,apartment,186818.11388432223,10.841482357634263,106.68530040070827,6.987711954918537,,186.80m²,Đầy đủ,CityLand Park Hills,Đang ở
3H5FCQ,"Tân Kỳ Tân Quý, P.Tân Sơn Nhì, Q.Tân Phú, TP.HCM",4130000.0,65.55,Căn hộ chung cư,,,,2.0,2.0,,,63m²,,apartment,63005.339435545386,10.80309574218525,106.61583247871397,9.456873747914443,,63m²,Đầy đủ,An Gia Garden,Đang ở
GTRV42,"Căn hộ chung cư số 4.06 Tầng 5, Tháp CC8, Khu nhà ở Nguyên Sơn, ấp 3A, Xã Bình Hưng, H.Bình Chánh, TP.HCM",6300000.0,67.88,Căn hộ chung cư,,,,3.0,2.0,,,,,apartment,92810.84266352387,10.68911816131274,106.60362405307507,14.473514147074885,Căn hộ số 4.06 Tầng 5,92.80m²,,"Căn hộ chung cư Tháp CC8, Khu nhà ở Nguyên Sơn",
0ZYSV9,"Căn hộ 404 Lô A4 Chung cư An Sương, P.Tân Hưng Thuận, Q.12, TP.HCM",2100000.0,38.46,Căn hộ chung cư,,,,1.0,1.0,,,50.90m²,,apartment,54602.184087363494,10.774906361127385,106.70445372196265,0.802085861160715,Lô A4 - Tầng 5 - 404,54.60m²,Cơ bản,Chung cư An Sương,
374SJQ,"Lô V Chung cư Ngô Gia Tự Trần Nhân Tôn, P.2, Q.10, TP.HCM",3500000.0,69.0,Căn hộ chung cư,,,,2.0,1.0,,,,,apartment,50724.637681159424,10.776640538544418,106.69243793321965,0.8002822590660966,Căn hộ số 022 Tầng 1,35.60m²,,Chung cư Ngô Gia Tự,
KTDZCJ,"chung cư MT Eastmark City, Long Trường, Q.9, TP.HCM",4200000.0,57.22,Căn hộ chung cư,,,,2.0,2.0,,,,,apartment,73400.90877315625,10.849195539233554,106.82117654613437,15.406910469856484,Block C,73.40m²,,MT Eastmark City,
7KKE8A,"Căn hộ 7.04, Tầng 8, Chung cư IC2 - Cantavil đường số 25, P.An Phú, TP.Thủ Đức, TP.HCM",9000000.0,103.44,Căn hộ chung cư,,,,3.0,2.0,,,87m²,,apartment,87006.96055684455,10.85700915336205,106.7436452190026,9.837251203342069,B.8.04,87m²,,Chung cư IC2 - Cantavil,
RGM94J,"đường số 10, P.10, Q.Gò Vấp, TP.HCM",8000000.0,71.23,Căn hộ chung cư,,,,2.0,2.0,,,105.40m²,,apartment,112312.22799382282,10.82686343046874,106.66482346376465,6.411711674083071,,112.30m²,Đầy đủ,CityLand Park Hills,
ACKKWY,"Căn hộ BS15.21.17- Phân khu The Beverly Solari, Vinhomes Grand Park - đường Nguyễn Xiển, Long Thạnh Mỹ, Q.9, TP.HCM",4500000.0,76.27,Căn hộ chung cư,,,,2.0,2.0,,,54m²,,apartment,59000.91779205455,10.846275214651119,106.83165975133363,16.262207329500324,BS15.21.17,59m²,Bàn giao thô,The Beverly Solari - Vinhomes Grand Park,
9VN2YP,"230 Nguyễn Trãi, P.Nguyễn Cư Trinh, Q.1, TP.HCM",12500000.0,290.69,Căn hộ chung cư,,,,1.0,1.0,,,,,apartment,43001.135229970074,10.77120443614806,106.69291146228976,1.161182347059739,,43m²,Đầy đủ,The Lancaster,Nhà trống
9TZBXP,"Căn 605 (tầng 7) Chung cư 22 Nguyễn Trãi, P.Bến Thành, Q.1, TP.HCM",2000000.0,76.01,Căn hộ chung cư,,,,1.0,1.0,,,,,apartment,26312.327325351926,10.775096205489552,106.70410389070759,0.7597198112423262,Căn 605 - Tầng 7,26.31m²,,Chung cư 22 Nguyễn Trãi,
37S6MQ,"Căn hộ BS16.30.26 The Beverly Solari đường Nguyễn Xiển, Long Thạnh Mỹ, Q.9, TP.HCM",4350000.0,62.14,Căn hộ chung cư,,,,2.0,2.0,,,64m²,,apartment,70003.21853878339,10.831855364211217,106.8424305792188,16.706523499617457,BS16.30.26,70m²,,The Beverly Solari - Vinhomes Grand Park,
40GBEF,"Căn S20 và S21A, Tầng lững, khối 1 Chung cư Khang Gia Tân Hương, 377 Tân Hương, P.Tân Quý, Q.Tân Phú, TP.HCM",1900000.0,0.32,Căn hộ chung cư,,,,2.0,2.0,,,,,apartment,5937500.0,10.777908475959846,106.6368682859162,6.801464988367749,S20 và S21A - Tầng lững - Khối 1,46m²,,Chung cư Khang Gia Tân Hương,
WPKA1R,"Chung cư 123 Bình Tây, P.1, Q.6, TP.HCM",3300000.0,65.77,Căn hộ chung cư,,,,2.0,1.0,,,,,apartment,50174.85175611982,10.741563691299753,106.64056693043634,7.665469681657141,Tầng 2 - Căn 123D,50.17m²,,Chung cư 123 Bình Tây,
9TYUQP,"Căn 3.13 Chung cư Đoàn Văn Bơ, P.13, Q.4, TP.HCM",2150000.0,48.86,Căn hộ chung cư,,,,2.0,1.0,,,,,apartment,44003.27466230045,10.748361717410477,106.68640827695805,3.739850451623852,Căn 3.13,44m²,,Chung cư Đoàn Văn Bơ,
CW024B,"Căn 15.01, Tầng 15, Chung cư Kết hợp thương mại, văn phòng khu V - Sunrise City, khu South Towers, 23 Nguyễn Hữu Thọ, P.Tân Hưng, Q.7, TP.HCM",14000000.0,83.33,Căn hộ chung cư,,,,3.0,2.0,,,,,apartment,168006.72026881075,10.736282614149362,106.73898973826438,6.500686881020836,Khu V - Tầng 15 - Căn 15.01,162.46m²,Đầy đủ,Sunrise City,Đang ở
372YRQ,"Căn 3-7 Lô B Chung cư Lạc Long Quân, P.5, Q.11, TP.HCM",1950000.0,43.91,Căn hộ chung cư,,,,1.0,1.0,,,,,apartment,44409.01844682305,10.786810762129107,106.70671969293579,1.1452470638219827,Lô B - Căn 3-7,44.40m²,,Chung cư Lạc Long Quân,
7D92SA,"Căn 639B ( trệt + gác lững) Nguyễn Trãi, P.11, Q.5, TP.HCM",9500000.0,92.08,Căn hộ chung cư,,,,3.0,2.0,,,,,apartment,103171.1555169418,10.761110782604835,106.66517080770357,4.240163659429146,639B,103.17m²,,Chung cư 639B Nguyễn Trãi,
0ZNB09,"Căn hộ 4.18, Lô A Chung cư Vườn Lài, P.Phú Thọ Hòa, Q.Tân Phú, TP.HCM",1850000.0,43.42,Căn hộ chung cư,,,,2.0,2.0,,,,,apartment,42607.093505297096,10.803484150020303,106.63877163411067,7.092115499441257,A-4-18,42.60m²,,Chung cư Vườn Lài,
7CEW3A,"Căn 5.07 - Tầng 5 Chung cư Hoàng Hoa Thám, P.13, Q.Tân Bình, TP.HCM",4650000.0,72.76,Căn hộ chung cư,,,,2.0,2.0,,,,,apartment,63908.74106652006,10.806948284667769,106.65298365810789,5.863825955773593,Căn 5.07 - Tầng 5,63.90m²,,Chung cư Hoàng Hoa Thám,
RGGGGJ,"Căn hộ 8.06, Chung cư An Khánh đường Song Hành, P.An Phú, TP.Thủ Đức, TP.HCM",5250000.0,59.65,Căn hộ chung cư,,,,2.0,2.0,,,78.10m²,,apartment,88013.41156747696,10.85694555065421,106.76538931076907,11.20304517266497,8.06,88m²,,Chung cư An Khánh,
7KME9A,"Căn A.2.07 Block A, Khối CT1 Chung cư 243 Tân Hòa Đông, P.14, Q.6, TP.HCM",3150000.0,51.63,Căn hộ chung cư,,,,2.0,2.0,,,52.70m²,,apartment,61011.040092969204,10.757427823175176,106.62770021646324,8.183843840863108,Khối CT1 - Block A - Căn A.2.07,61m²,,Chung cư 243 Tân Hòa Đông,
SYSNR5,"Căn hộ 414 Tầng 5 Lô B1 Chung cư phường 3, Đường Vĩnh Hội, P.3, Q.4, TP.HCM",3850000.0,48.12,Căn hộ chung cư,,,,2.0,1.0,,,,,apartment,80008.31255195345,10.768087247920294,106.69076243949353,1.5784372717573258,Căn 414 - Tầng 5 - Lô B1,80m²,,Chung cư Phường 3,
8SCSB3,"Căn hộ D12-12A, Dream Home Palace, P.7, Q.8, TP.HCM",2500000.0,0.4,Căn hộ chung cư,,,,2.0,2.0,,,,,apartment,6250000.0,10.723349451149765,106.6163426514814,10.989179662362208,Block D - Tầng 12A - Căn hộ 12,61.75m²,,Dream Home Palace,
GX4JD2,"Căn hộ P-65B, Tầng 7 Chung cư số 5 đường Cao Thắng, P.2, Q.3, TP.HCM",1670000.0,70.28,Căn hộ chung cư,,,,1.0,1.0,,,,,apartment,23762.094479225954,10.770395173995118,106.68302459620601,2.035256080420652,,23.76m²,,Chung cư số 5 Cao Thắng,
8SFHB3,"Căn hộ 5.05 Chung cư Phan Văn Trị, P.2, Q.5, TP.HCM",3300000.0,59.56,Căn hộ chung cư,,,,2.0,2.0,,,,,apartment,55406.312961719275,10.75481756162516,106.66737134727346,4.428891690740464,5.05,55.40m²,,Chung cư Phan Văn Trị,
2MM64Z,"Căn 13.07 - Tầng 14 - Block B Chung cư IC2 Cantavil, đường số 25, P.An Phú, TP.Thủ Đức, TP.HCM",9000000.0,97.08,Căn hộ chung cư,,,,3.0,2.0,,,,,apartment,92707.0457354759,10.847320642177532,106.7543543498242,9.61309374137443,Căn 13.07 - Tầng 14 - Block B,92.70m²,,Chung cư 1C2 Cantavil,
7KD1ZA,"Căn 410 Tầng 5 Lô B Chung cư Cư Xá Gò Dầu 1, P.Phú Thọ Hòa, Q.Tân Phú, TP.HCM",2650000.0,50.0,Căn hộ chung cư,,,,2.0,1.0,,,,,apartment,53000.0,10.791376456709664,106.62297933747766,8.415370681493886,Căn 410 Tầng 5 Lô B,56.10m²,,Chung cư Cư Xá Gò Dầu 1,
8U0VX3,"Căn 0.17 Lô A Chung cư Vườn Lài, P.Phú Thọ Hòa, Q.Tân Phú, TP.HCM",4200000.0,100.0,Căn hộ chung cư,,,,1.0,1.0,,,,,apartment,42000.0,10.796525374925219,106.62411192929548,8.399827144957555,0.17 - Lô A,42m²,,Chung cư Vườn Lài,
Q7F26U,"Căn hộ 2C-10-2 Chung cư cao tầng Phú Mỹ, P.Phú Mỹ, Q.7, TP.HCM",5700000.0,61.29,Căn hộ chung cư,,,,2.0,2.0,,,,,apartment,93000.48947626041,10.737870572380556,106.717484425564,5.056694269995115,2C-10-2,93m²,,Chung cư cao tầng Phú Mỹ,
Q7Q7FU,"Căn hộ A19.02 Lô A Chung cư số 4 Đường Phan Chu Trinh (nối dài), P.12, Q.Bình Thạnh, TP.HCM",3590000.0,64.1,Căn hộ chung cư,,,,2.0,1.0,,,,,apartment,56006.24024960999,10.822229188572694,106.71138405276946,4.885479062066715,A19.02 Lô A,56m²,,Chung cư số 4 Đường Phan Chu Trinh (nối dài),
YKWXHD,"Căn 209 - Tầng 3 - Lô A - Chung Cư 207 Bùi Viện, P.Phạm Ngũ Lão, Q.1, TP.HCM",3600000.0,90.49,Căn hộ chung cư,,,,1.0,1.0,,,,,apartment,39783.401480826615,10.781438562248601,106.70676854702971,0.866098486188525,Lô A - Tầng 3 - Căn 209,39.78m²,Cơ bản,Chung cư 207 Bùi Viện,Nhà trống
EREAG4,"Căn hộ 14.05, Tầng 15, Khối A Khu căn hộ chung cư cao tầng, 633 Kinh Dương Vương, P.An Lạc, Q.Bình Tân, TP.HCM",2750000.0,49.01,Căn hộ chung cư,,,,2.0,1.0,,,52m²,,apartment,56110.99775556009,10.775328353072274,106.61251134131697,9.475045312688893,"Căn hộ 14.05, Tầng 15, Khối A",56.10m²,,"Khu căn hộ chung cư cao tầng, 633 Kinh Dương Vương",
8URGG3,"Căn hộ 14.5 chung cư 326/1 Ung Văn Khiêm, P.25, Q.Bình Thạnh, TP.HCM",5200000.0,69.51,Căn hộ chung cư,,,,2.0,1.0,,,,,apartment,74809.3799453316,10.823452720988895,106.71944050061329,5.321121445863922,14.5 - tầng 15,74.80m²,,chung cư Thế Kỷ 21,Đang ở
7H7K3A,"Căn hộ 1.04 - Tầng 1 và 2 - Khối Tháp C Khu nhà ở cao tầng Công ty Saphire, 454 Võ Chí Công, P.Phú Hữu, TP.Thủ Đức, TP.HCM",12000000.0,66.92,Căn hộ chung cư,,,,4.0,1.0,,,166.30m²,,apartment,179318.58936043037,10.860442361123516,106.75792422843205,11.003556454581611,Căn hộ 1.04 - Tầng 1 và 2 - Khối Tháp C,179.30m²,,Khu nhà ở cao tầng Công ty Saphire,
YC1HCD,"Căn hộ 3.20, Tầng 3, Tòa nhà S10.07 - 88 Phước Thiện, Long Bình, Q.9, TP.HCM",3320000.0,0.06,Căn hộ chung cư,,,,2.0,2.0,,,,,apartment,55333333.333333336,10.830908815645937,106.84043943097156,16.46606709040018,"Căn hộ 3.20, Tầng 3, Tòa nhà S10.07 - Khu A",54.60m²,,Dự án Khu dân cư và công viên Phước Thiện,
PT8RPG,"Căn hộ A22.03 Tầng 22, chung cư lô D, 90 Nguyễn Hữu Cảnh, P.22, Q.Bình Thạnh, TP.HCM",3800000.0,94.29,Căn hộ chung cư,,,,1.0,1.0,,,,,apartment,40301.198430374374,10.79920578931618,106.70766487005393,2.346688950877188,A22.03,40.30m²,,Riverside 90 Nguyễn Hữu Cảnh,
W0FE1R,"Chung cư Hưng Vượng 1, đường Nguyễn Văn Linh, căn hộ E-407, P.Tân Phong, Q.7, TP.HCM",4350000.0,63.59,Căn hộ chung cư,,,,2.0,1.0,,,68.40m²,,apartment,68406.98222991035,10.736965804479327,106.7293167570198,5.7799718275963565,E407,68.40m²,Đầy đủ,Chung cư Hưng Vượng 1,Đang cho thuê
5DZ1E7,"Căn hộ 203B, Tầng 3, Nhà N01, chung cư K26, số 33 Đường Dương Quảng Hàm, P.7, Q.Gò Vấp, TP.HCM",2900000.0,37.66,Căn hộ chung cư,,,,2.0,2.0,,,70.43m²,,apartment,77004.7796070101,10.828089942273586,106.67095318015456,6.1624523589869815,203B Tầng 3 Nhà N01,77m²,,Chung cư K26,Đang ở
DWKGVH,"BN2, P.Đông Hưng Thuận, Q.12, TP.HCM",1.98,0.0,Căn hộ chung cư,,,,1.0,1.0,,,,,apartment,inf,10.77364461990669,106.71106716028012,1.4815696586774425,005,54m²,,Khu dân cư An Sương,
A4VZ4Y,"Chu Văn An, Hòa Phú, TP.Thủ Dầu Một, TP.HCM",1980000.0,55.0,Căn hộ chung cư,,,,,,,,,,apartment,36000.0,10.809599974044124,106.71622820174186,3.796672502054709,,,,,
KWSRNC,"Đào trí, P.Phú Thuận, Q.7, TP.HCM",7000000.0,90.21,Căn hộ chung cư,,,,2.0,2.0,,,,,apartment,77596.71876732071,10.731323434239348,106.72349686743094,5.991444979070595,CH02,77.59m²,,Vlasta Premier Phú Thuận,
9VT2DP,"47-57 Nguyễn Thái Bình, P.Bến Thành, Q.1, TP.HCM",2050000.0,83.09,Căn hộ chung cư,,,,1.0,1.0,,,24.67m²,,apartment,24672.04236370201,10.781381032084102,106.698680641689,0.1805833262022738,725 - Tầng 8,24.67m²,Cơ bản,chung cư 47-57 nguyễn thái bình,Đang ở
7EGX5A,"Cao Ốc Fico 927 Trần Hưng Đạo, P.1, Q.5, TP.HCM",14000000.0,163.55,Căn hộ chung cư,,,,2.0,2.0,,,85m²,,apartment,85600.73372057475,10.748470626550922,106.66619867603089,4.989046448582314,14.04,85.60m²,Đầy đủ,Cao ốc fico,Đang cho thuê
5K4NP7,"B võ chí công, Bình Trưng Đông, Q.2, TP.HCM",5000000.0,70.42,Căn hộ chung cư,,,,2.0,2.0,,,66m²,,apartment,71002.55609201931,10.775368496228738,106.75085435541808,5.68919294522169,01,71m²,,Gladia By The Waters,
2MCUUZ,"Chung Cư Thiên Nam 7A/162 Thành Thái, P.14, Q.10, TP.HCM",9500000.0,75.27,Căn hộ chung cư,,,,3.0,3.0,,,,,apartment,126212.3023781055,10.77169648601813,106.68696833145776,1.5937786170536266,Số 6.5 tầng 7,126.20m²,,Chung cư Thiên Nam,Đang ở
7KCRUA,"Căn Thương mại số 1.08, Tầng 1+2, Tháp M2, Chung cư Jamona City Đào Trí, P.Phú Thuận, Q.7, TP.HCM",6800000.0,37.52,Căn hộ chung cư,,,,2.0,2.0,,,181.20m²,,apartment,181236.6737739872,10.741658022097633,106.74037663047662,6.183762702958688,"Căn Thương mại số 1.08, Tầng 1+2, Tháp M2",181.20m²,,Chung cư Jamona City,
SDHH15,"Số 5G, Tầng 7, Chung cư 35-37 Bến Chương Dương, P.Nguyễn Thái Bình, Q.1, TP.HCM",7000000.0,98.28,Căn hộ chung cư,,,,1.0,1.0,,,71.22m²,,apartment,71225.07122507122,10.775495133071601,106.68876733488769,1.218395186200057,"Số 5G, tầng 7",71.22m²,,Chung cư 35-37 đường Bến Chương Dương,
G1WKQ2,"26 Nguyễn thượng hiền, P.1, Q.Gò Vấp, TP.HCM",2000000.0,40.0,Căn hộ chung cư,,,,2.0,2.0,,,46m²,,apartment,50000.0,10.820656896555866,106.67127382073195,5.445338566521881,6-09,50m²,Đầy đủ,Chung cư 26 Nguyễn Thượng Hiền,Nhà trống
928QAP,"Nguyễn Xiển, P.Long Thạnh Mỹ, Q.9, TP.HCM",3230000.0,69.91,Căn hộ chung cư,,,,1.0,1.0,,,,,apartment,46202.26004863396,10.84133994092034,106.81624633503887,14.51470373428386,,46.20m²,,,
DY6UHF,"Trần Hưng Đạo, P.Phạm Ngũ Lão, Q.1, TP.HCM",15800000.0,132.18,Căn hộ chung cư,,,,2.0,1.0,,,,,apartment,119533.9688303828,10.78039049816293,106.70230356961781,0.36444880415954917,150 trệt,119.53m²,,,
QKE7DU,"Tân Sơn Nhì, P.Tân Sơn Nhì, Q.Tân Phú, TP.HCM",2300000.0,41.07,Căn hộ chung cư,,,,2.0,1.0,,,59m²,,apartment,56001.94789383979,10.798124936147385,106.6357009036773,7.2167342519733415,,56m²,Đầy đủ,Khu nhà ở kết hợp dịch vụ Gò Dầu,Nhà trống
UCE6GS,"110A Phạm Văn Đồng, P.3, Q.Gò Vấp, TP.HCM",5200000.0,74.28,Căn hộ chung cư,,,,2.0,2.0,,,,,apartment,70005.38502961767,10.820232993311935,106.67439864986002,5.222285760098724,A1205,70m²,Đầy đủ,Sunny Plaza,Đang ở
AFEF9Y,"68/19 Nguyễn Bá Tòng, P.11, Q.Tân Bình, TP.HCM",1700000.0,50.0,Căn hộ chung cư,,,,2.0,1.0,,,34m²,,apartment,34000.0,10.808516769136785,106.64113128664758,7.084584567094019,lầu 1,34m²,Đầy đủ,Bảy Hiền Tower,Nhà trống
WZK56R,"Nguyễn bỉnh khiêm, P.1, Q.Gò Vấp, TP.HCM",2800000.0,56.0,Căn hộ chung cư,,,,2.0,1.0,,,46m²,,apartment,50000.0,10.835885643197948,106.66707795098503,7.121509569844244,,50m²,Đầy đủ,Masteri M-One Gò Vấp,Đang cho thuê
DFZJKH,"Nguyễn Văn Linh, Xã Bình Hưng, H.Bình Chánh, TP.HCM",5300000.0,68.69,Căn hộ chung cư,,,,2.0,2.0,,,,,apartment,77158.24719755423,10.701974165594168,106.59682270929757,14.1087743428642,TC1-006-07,77.15m²,Cơ bản,Trellia Cove,Nhà trống
9X326P,"Căn hộ S20 Khối 1, 377 đường Tân Hương, P.Tân Quý, Q.Tân Phú, TP.HCM",780.0,34.66,Căn hộ chung cư,,,,1.0,1.0,,,,,apartment,22.504327755337567,10.792123321017908,106.6376451663462,6.850498016463523,,22.50m²,,Chung cư Khang Gia,
JT28D0,"Căn hộ số 4.09, tầng 5, Chung cư Thanh Niên Bàu Cát 2, P.14, Q.Tân Bình, TP.HCM",2600000.0,53.06,Căn hộ chung cư,,,,2.0,1.0,,,,,apartment,49001.13079532605,10.804635385838216,106.66698367658776,4.453891303634173,"Căn 4.09, tầng 5",49m²,Đầy đủ,Chung cư Thanh Niên,
SHH395,"Tòa nhà Landmark Plus 720A Điện Biên Phủ, P.22, Q.Bình Thạnh, TP.HCM",12000000.0,149.81,Căn hộ chung cư,,,,2.0,2.0,,,70.60m²,,apartment,80101.46185167879,10.812898208853355,106.69802025764153,3.6644172111647215,LP-31.04,80.10m²,Cơ bản,Vinhomes Central Park,Đang cho thuê
1UDGJ6,"Căn hộ 5.12 Chung cư Nhiêu Lộc C - Lô D Dương Văn Dương, P.Tân Quý, Q.Tân Phú, TP.HCM",2850000.0,40.25,Căn hộ chung cư,,,,2.0,2.0,,,,,apartment,70807.45341614907,10.777779013279886,106.632687421285,7.258944290760765,5.12,70.80m²,,Chung Cư Nhiêu Lộc C,
KFPESC,"Căn hộ 3.18 Chung cư Petroland số 2 đường 62, P.Bình Trưng Đông, TP.Thủ Đức, TP.HCM",3900000.0,53.13,Căn hộ chung cư,,,,2.0,2.0,,,,,apartment,73404.85601355166,10.838784590671088,106.73940911329782,7.879801964262808,3.18,73.40m²,,Chung cư Petroland,
KFWRBC,"3.03 Chung cư 540/1 Cách Mạng Tháng 8, P.11, Q.3, TP.HCM",9750000.0,75.87,Căn hộ chung cư,,,,3.0,3.0,,,128.50m²,,apartment,128509.29221035982,10.793863442084378,106.67657576933965,2.9076660105242045,3.03,128.50m²,,Chung cư 540/1 Cách Mạng Tháng 8,
SBRF85,"Bùi Tư Toàn, P.An Lạc, Q.Bình Tân, TP.HCM",2850000.0,35.18,Căn hộ chung cư,,,,3.0,2.0,,,81m²,,apartment,81011.93860147812,10.774998432187799,106.61489603548233,9.216627062477107,A,81m²,Cơ bản,Cao ốc An Lạc,Đang ở
JNM850,"Thuỷ Lợi, P.Phước Long A, TP.Thủ Đức, TP.HCM",3700000.0,58.54,Căn hộ chung cư,,,,2.0,2.0,,,,,apartment,63204.64639562692,10.859197524563061,106.74463563898266,10.101185772241937,A-09-20,63.20m²,,Him Lam Phú An,
D4DRZH,"Căn hộ chung cư số 4.04, tầng 5, khối A, chung cư Vạn Gia Phúc (The Garden) số 295 Tân Kỳ Tân Quý, P.Tân Sơn Nhì, Q.Tân Phú, TP.HCM",5200000.0,65.0,Căn hộ chung cư,,,,3.0,2.0,,,75.40m²,,apartment,80000.0,10.78898470532901,106.62060941344943,8.636504067836563,"4.04, tầng 5, khối A",80m²,Đầy đủ,City Garden,
5K3RN7,"Căn hộ H10.04 Khu dân cư Happy Valley (R18), P.Tân Phong, Q.7, TP.HCM",11000000.0,110.11,Căn hộ chung cư,,,,3.0,2.0,,,92.50m²,,apartment,99900.0999000999,10.735939308892153,106.74374067441505,6.887552722379995,H10.04,99.90m²,,Happy Valley,
AB8E6Y,"Chung cư Hoàng Quốc Việt, P.Phú Thuận, Q.7, TP.HCM",3100000.0,51.66,Căn hộ chung cư,,,,2.0,2.0,,,56.80m²,,apartment,60007.742934572205,10.729153287564362,106.73882110030469,7.092931652537238,12.08,60m²,Đầy đủ,Chung cư Hoàng Quốc Việt,Đang ở
87RV83,"Tân Kỳ Tân Quý, P.Tân Sơn Nhì, Q.Tân Phú, TP.HCM",5000000.0,65.18,Căn hộ chung cư,,,,3.0,2.0,,,,,apartment,76710.64743786436,10.800044165672498,106.61501769139251,9.457060810935625,,76.70m²,,Chung cư Vạn Gia Phúc (The Garden),
3AFM4Q,"9 Ngô Chí Quốc, P.Bình Chiểu, TP.Thủ Đức, TP.HCM",2880000.0,41.14,Căn hộ chung cư,,,,2.0,2.0,,,70m²,,apartment,70004.86144871172,10.839982754110451,106.74222165324325,8.163924661979033,A12,70m²,Đầy đủ,FrescaRiverside,Đang ở
W0DTWR,"Số 49 Đường Số 45, P.14, Q.Gò Vấp, TP.HCM",4200000.0,34.22,Căn hộ chung cư,,,,2.0,2.0,,,122.70m²,,apartment,122735.24254821741,10.832653479482099,106.67711127812879,6.320059014954124,Tầng trệt - Liên Kế 37,122.70m²,Cơ bản,Chung cư Khang Gia,Đang ở
EW5SX4,"Chung cư 78 Tân Hòa Đông - Lô A, P.14, Q.6, TP.HCM",2050000.0,0.03,Căn hộ chung cư,,,,2.0,1.0,,,,,apartment,68333333.33333334,10.75900462287959,106.64165952876837,6.682260894560477,Căn hộ Chung cư số 4.04 tầng 5,62.90m²,,Lô A Chung cư 78 Tân Hòa Đông,
5CVET7,"Căn hộ số 10.01, Block A Moonlight Park View, đường số 7, P.An Lạc A, Q.Bình Tân, TP.HCM",4750000.0,62.74,Căn hộ chung cư,,,,3.0,2.0,,,,,apartment,75709.27637870576,10.750569700087992,106.61862262012825,9.369149213397117,,75.70m²,,Moonlight Park View,
QDK7HU,"Căn hộ G3.03 Chung cư Happy Valley, đường Nguyễn Văn Linh, P.Tân Phong, Q.7, TP.HCM",14000000.0,120.68,Căn hộ chung cư,,,,2.0,2.0,,,110m²,,apartment,116009.28074245939,10.728849181745234,106.72581152987331,6.3502568536926,G3.03,116m²,,Happy Valley  (GĐ1),
5YBPE7,"Căn 13.16 Chung cư Thái An 2, P.Đông Hưng Thuận, Q.12, TP.HCM",3700000.0,50.59,Căn hộ chung cư,,,,2.0,2.0,,,,,apartment,73136.98359359556,10.7668435007463,106.70739612209024,1.699065455005215,13.16,73.13m²,,Chưng cư Thới An 2,Đang cho thuê
7965A8,"Căn 2.4 - Tầng 3 Chung cư 482A Nơ Trang Long, P.13, Q.Bình Thạnh, TP.HCM",3100000.0,62.0,Căn hộ chung cư,,,,2.0,1.0,,,,,apartment,50000.0,10.796951831630802,106.71021811255117,2.259078194270102,Tầng 3 - Căn 2.4,50m²,Cơ bản,Chung cư 482A Nơ Trang Long,Đang ở
AK08MY,"Căn hộ BS929.09, 512 Đường Nguyễn Xiển, Long Thạnh Mỹ, Q.9, TP.HCM",3900000.0,65.0,Căn hộ chung cư,,,,2.0,2.0,,,,,apartment,60000.0,10.835270702973215,106.81935976597185,14.520107387466465,BS929.09,58.90m²,Đầy đủ,The Beverly Solari - Vinhomes Grand Park,Đang cho thuê
EWVCK4,"Căn 348 (Lầu 3) Chung cư Hào Huê, P.7, Q.5, TP.HCM",3200000.0,54.41,Căn hộ chung cư,,,,2.0,1.0,,,,,apartment,58812.71825032164,10.762483292566648,106.6499085958007,5.702942652258536,348 (Lầu 3),58.81m²,,Chung cư Hào Huê,
4P2J9F,"Căn hộ 17.06 Chung cư Scenic Valley 1, đường Tôn Dật Tiên, P.Tân Phú, Q.7, TP.HCM",8500000.0,95.72,Căn hộ chung cư,,,,2.0,2.0,,,83.40m²,,apartment,88800.668616799,10.735846263772691,106.72315024256956,5.530152553970828,17.06,88.80m²,,Scenic Valley,
65K6F8,"Chung cư Khang Gia, số 59 Hồ Thành Biên, P.4, Q.8, TP.HCM",1900000.0,31.66,Căn hộ chung cư,,,,2.0,1.0,,,56m²,,apartment,60012.63423878711,10.724703949692122,106.62591964679994,10.053040184584935,10.07,60m²,Cơ bản,Chung cư Khang Gia,Nhà trống
C415FB,"Căn hộ 0.29 - Chung cư Bàu Cát 2, 10, Q.Tân Bình, TP.HCM",6500000.0,90.27,Căn hộ chung cư,,,,2.0,2.0,,,,,apartment,72006.20361138806,10.797159027155672,106.66052426270485,4.628759172321087,0.29,68m²,,Chung Cư Bàu Cát 2,
5Y2JQ7,"Căn 1.8 Chung cư 275 Lê Văn Sỹ, P.1, Q.Tân Bình, TP.HCM",14500000.0,213.23,Căn hộ chung cư,,,,1.0,1.0,,,,,apartment,68001.68831777893,10.808006004623097,106.6672686968043,4.669925272469676,1.8,68m²,,Chung cư 279 Lê Văn Sỹ,
PVEFHG,"Chung cư Victoria Village số 266 Trương Văn Bang, P.Cát Lái, TP.Thủ Đức, TP.HCM",6080000.0,88.11,Căn hộ chung cư,,,,2.0,2.0,,,,,apartment,69004.6532743162,10.861620399077015,106.75928645089392,11.196481475418787,VTV4-03.06,69m²,Cơ bản,Victoria Village,
WPAXGR,"Căn hộ số 4.04- Lô B Chung cư CH2, đường số 10, Khu dân cư Cityland, P.10, Q.Gò Vấp, TP.HCM",7200000.0,72.28,Căn hộ chung cư,,,,3.0,2.0,,,91.80m²,,apartment,99612.6175982291,10.816734553392898,106.68861699245893,4.242734071738471,P3,99.60m²,Đầy đủ,CityLand Park Hills,Đang cho thuê
DCXF3H,"Căn 1159 trệt và 112/32F Chung cư đường Trần Hưng Đạo, P.5, Q.5, TP.HCM",22000000.0,107.63,Căn hộ chung cư,,,,4.0,5.0,,,,,apartment,204403.9765864536,10.756921971545765,106.66944392786667,4.10671879406666,1159 và 122/32F,204.40m²,,Chung cư 1149 đến 1169 đường Trần Hưng Đạo và từ số 112 đến 132 đường An Bình,
5Y92Y7,"Căn hộ số 018 (Tầng 1+ lửng) Bàu Cát 2, P.14, Q.Tân Bình, TP.HCM",7500000.0,115.83,Căn hộ chung cư,,,,2.0,1.0,,,,,apartment,64750.064750064754,10.80101209710927,106.64840457733469,6.013702476890872,Tầng 1 + lửng,64.75m²,,chung cư Thanh Niên,
7DV7HA,"Căn 22.1 - Tháp E2  Chung cư Masteri Centre Point, P.Long Bình, TP.Thủ Đức, TP.HCM",6100000.0,81.98,Căn hộ chung cư,,,,2.0,2.0,,,,,apartment,74408.39229080263,10.850995610870584,106.76670733964643,10.808357970208267,Căn hộ 22.1 - Tháp E2,74.40m²,,Chung cư Masteri Centre Point,
QT0FUQ,"Căn 207 Chung cư 292 Bến Chương Dương, 482 Võ Văn Kiệt, Cầu Kho, Q.1, TP.HCM",3700000.0,0.08,Căn hộ chung cư,,,,1.0,1.0,,,,,apartment,46250000.0,10.773367774317409,106.70888528180741,1.290781575904519,"Căn 207, tầng 3",42.82m²,,Chung cư 292 Bến Chương Dương,
SY3GW5,"Căn hộ 3.19, Chung cư Nguyễn Ngọc Phương, số 66 Nguyễn Ngọc Phương, P.19, Q.Bình Thạnh, TP.HCM",8300000.000000001,87.64,Căn hộ chung cư,,,,3.0,2.0,,,,,apartment,94705.61387494295,10.804918845801627,106.71549648341873,3.3125411254570665,3.19,94.70m²,,Chung cư Nguyễn Ngọc Phương,
R9FYBJ,"Căn hộ 21.07, Tầng 21, Toà nhà GH3 - Khu B - 88 Phước Thiện, P.Long Bình, TP.Thủ Đức, TP.HCM",3450000.0,80.79,Căn hộ chung cư,,,,1.0,1.0,,,,,apartment,42703.30486446342,10.847718826589837,106.76443649589594,10.374409604834948,"Căn hộ 21.07, Tầng 21, Toà nhà GH3",42.70m²,,Dự án Khu dân cư và công viên Phước Thiện,
GXWFS2,"Tam Long, TP.HCM, TP.HCM",3600000.0,28.66,Nhà mặt tiền,5m,25m,Đông Bắc,2.0,2.0,3.0,125.60m²,,,street house,125610.6071179344,10.812547266539596,106.70454075549085,3.673746995894732,,,,,
DF5Y0H,"Khu dân cư 13A Intresco, xã Bình Hưng, TP. HCM., Xã Bình Hưng, H.Bình Chánh, TP.HCM",18200000.0,130.0,Nhà mặt tiền,7m,20m,,1.0,1.0,2.0,140m²,140m²,20m,street house,140000.0,10.697341655526712,106.59448956324931,14.625793095889104,,,,,
DR9BKH,"42/9 Tân Hiệp 4, Xã Tân Hiệp, H.Hóc Môn, TP.HCM",7200000.0,40.0,Nhà mặt tiền,9m,20m,Đông Nam,1.0,2.0,2.0,180m²,180m²,10m,street house,180000.0,10.88106123962212,106.60126239620958,15.48501989802023,,,,,
YBEX4D,"193 Cô Giang, P.Cô Giang, Q.1, TP.HCM",25000000.0,596.65,Nhà mặt tiền,3.57m,19.22m,Tây Bắc,5.0,5.0,5.0,41.90m²,121.20m²,12m,street house,41900.61174893154,10.784422109052215,106.71071489859581,1.3772396588900278,,,,,
6AUU58,"33 Ngô Văn Sở, Dĩ An, Dĩ An, TP.HCM",8800000.0,96.7,Nhà mặt tiền,4.4m,,,4.0,5.0,3.0,,91m²,,street house,91003.10237849018,10.794879566512583,106.714287765164,2.3607075503929487,,,,,
7BX2XA,"96 Nguyễn Đình Chiểu, Đông Hòa, Dĩ An, TP.HCM",7700000.0,82.79,Nhà mặt tiền,5m,19m,,4.0,4.0,2.0,,93m²,,street house,93006.4017393405,10.796824897267674,106.7291986433144,3.800001814778304,,,,,
Q5PBQU,"Văn Thân, P.8, Q.6, TP.HCM",26000000.0,174.14,Nhà mặt tiền,5.9m,24.45m,Đông Nam,4.0,5.0,2.0,145m²,192m²,16m,street house,149305.15677041461,10.761176261143317,106.63891470803952,6.8893471306711485,,,,,
GRJU2N,"Tân Thành, P.16, Q.11, TP.HCM",12000000.0,225.56,Nhà mặt tiền,4m,12.5m,Nam,4.0,4.0,4.0,53.20m²,147m²,4m,street house,53200.92214931725,10.781063018815777,106.6972847182877,0.2373498670377682,,,,,
JE8E0D,"Ba Đình, P.8, Q.8, TP.HCM",16900000.0,219.76,Nhà mặt tiền,7.78m,9.6m,Bắc,7.0,8.0,4.0,76.90m²,248.30m²,16m,street house,76902.07499089917,10.724255519315834,106.63465836528752,9.343331225818856,,,,,
0G8TZ9,"đường Minh Phụng, P.2, Q.6, TP.HCM",25000000.0,219.57,Nhà mặt tiền,4.1m,30m,Tây,1.0,1.0,1.0,112.70m²,,13m,street house,113858.90604363073,10.744878467653471,106.63007337905141,8.472767517954606,,,,,
42MYAF,"178 Nguyễn Suý, P.Tân Quý, Q.Tân Phú, TP.HCM",15000000.0,166.66,Nhà mặt tiền,5m,18m,Đông,7.0,4.0,2.0,90m²,234m²,20m,street house,90003.60014400576,10.795398158422232,106.62852749311627,7.901341825409763,,,,,
3SDPCQ,"115 Nguyễn Văn Luông, P.10, Q.6, TP.HCM",10000000.0,169.59,Nhà mặt tiền,4.22m,13.4m,Đông Bắc,2.0,2.0,2.0,56.60m²,118m²,7.5m,street house,58965.74090453446,10.73378328709623,106.62261275789501,9.785087754667725,,,,,
8UYKG3,"đường Bình Tiên, P.14, Q.6, TP.HCM",40000000.0,233.99,Nhà mặt tiền,6.4m,25.71m,Tây,6.0,4.0,3.0,164.50m²,276.20m²,17m,street house,170947.4763878798,10.741721020010083,106.64762132554947,7.024297748027189,,,,,
GTDJB2,"Tái Thiết, P.11, Q.Tân Bình, TP.HCM",14000000.0,127.5,Nhà mặt tiền,4.5m,21.4m,Tây Bắc,2.0,2.0,3.0,109.80m²,,4m,street house,109803.92156862745,10.795639218475042,106.65091410233902,5.546513788221192,,,,,
AH9WKY,"đường Bà Hom, P.13, Q.6, TP.HCM",25000000.0,256.33,Nhà mặt tiền,5.1m,22.75m,Tây Nam,3.0,3.0,2.0,94m²,121.20m²,7.2m,street house,97530.52705496822,10.736996182180103,106.6460059885125,7.485540446389328,,,,,
KEW2WC,"Đinh Công Tráng, P.Tân Định, Q.1, TP.HCM",38000000.0,353.35,Nhà mặt tiền,3.95m,27.1m,Tây Bắc,8.0,8.0,6.0,99.50m²,397.04m²,4.55m,street house,107542.09707089288,10.786944163667584,106.68990119829678,1.2741426636076028,,,,,
Q5DR0U,"Tô Hiệu, P.Tân Thới Hòa, Q.Tân Phú, TP.HCM",17500000.0,196.03,Nhà mặt tiền,4m,20m,Tây,3.0,4.0,3.0,80m²,291.20m²,11m,street house,89272.05019639852,10.779731105572077,106.61638611598096,9.038370070418745,,,,,
7DEK1A,"113 Tân Hóa, P.14, Q.6, TP.HCM",13500000.0,164.17,Nhà mặt tiền,6.02m,23.82m,Đông Bắc,1.0,1.0,4.0,118.60m²,265.47m²,7m,street house,82231.83285618566,10.759294982253207,106.621450116941,8.782308555567774,,,,,
SABGS5,"453 Hoàng Văn Thụ, P.4, Q.Tân Bình, TP.HCM",30000000.0,338.39,Nhà mặt tiền,4.48m,20.2m,Tây Bắc,6.0,3.0,5.0,90.46m²,,21m,street house,88655.10210112593,10.813399066181521,106.6588962168787,5.752132226746656,,,,,
6AYH68,"Hoàng Diệu, P.15, Q.4, TP.HCM",2750000.0,182.11,Nhà mặt tiền,2.5m,6.3m,Tây Bắc,2.0,3.0,4.0,15.10m²,60.40m²,,street house,15100.763274943714,10.759039670526928,106.69701431897703,2.3052490468339397,,,,,
AHWNZY,"70 Đặng Nguyên Cẩn, P.14, Q.6, TP.HCM",13000000.0,172.65,Nhà mặt tiền,7.98m,19.6m,Đông Nam,1.0,1.0,1.0,74.10m²,68.80m²,11m,street house,75296.84332464523,10.742188842607046,106.64762040506025,6.993480557739702,,,,,
R9GDAJ,"Tám Danh, P.4, Q.8, TP.HCM",11000000.0,242.82,Nhà mặt tiền,3.47m,13m,,5.0,4.0,4.0,45.30m²,130m²,8m,street house,45301.04604233589,10.73724220344724,106.63011546826641,8.885718769994964,,,,,
GT44U2,"Số 43, P.10, Q.6, TP.HCM",6300000.0,210.0,Nhà mặt tiền,3m,10m,Đông,3.0,3.0,4.0,30m²,100.30m²,4m,street house,30000.0,10.75703829728949,106.63527247415206,7.413119964683973,,,,,
PZF80G,"49A Lê Lai, P.12, Q.Tân Bình, TP.HCM",11900000.0,182.79,Nhà mặt tiền,4.6m,14.5m,Tây Bắc,5.0,4.0,4.0,65.10m²,211.70m²,3m,street house,65102.02965151267,10.813928296645036,106.65836179065865,5.834567610738795,,,,,
CWGAXB,"313 Nguyễn Thị Thập, P.Tân Phú, Q.7, TP.HCM",600000000.0,349.93,Nhà mặt tiền,27.71m,61.98m,Bắc,2.0,2.0,2.0,1714.60m²,,30m,street house,1714628.6400137169,10.729006722403758,106.7389661909467,7.1154717005103265,,,,,
PZV3AG,"Trường Chinh, P.Tân Thới Nhất, Q.12, TP.HCM",12500000.0,270.64,Nhà mặt tiền,3.8m,12.2m,Đông Bắc,3.0,3.0,3.0,46.50m²,172m²,,street house,46186.816435116765,10.783258504728026,106.69271753047008,0.789898976498668,,,,,
DCWTPH,"Trường Chinh, P.13, Q.Tân Bình, TP.HCM",21000000.0,303.6,Nhà mặt tiền,21.55m,4.46m,Tây Nam,7.0,6.0,3.0,96.44m²,96.44m²,16m,street house,69169.96047430829,10.796137349077167,106.64132935600928,6.564329828244183,,,,,
W0ZJNR,"Đường Số 10, P.13, Q.6, TP.HCM",15900000.0,211.72,Nhà mặt tiền,4m,23.6m,Đông Bắc,3.0,4.0,3.0,81.20m²,167.20m²,,street house,75099.18760627243,10.760504861677843,106.63221495552827,7.612273782362207,,,,,
35PPMQ,"Đường Hà Bổng, P.Trung Mỹ Tây, Q.12, TP.HCM",6500000.0,91.54,Nhà mặt tiền,3.9m,20.29m,Đông Bắc,2.0,2.0,2.0,71m²,112.50m²,5m,street house,71007.20996285776,10.76472487204964,106.71086847352605,2.1099930029736265,,,,,
PZ4B3G,"Phan Anh, P.Tân Thới Hòa, Q.Tân Phú, TP.HCM",13500000.0,170.45,Nhà mặt tiền,4m,20m,Tây Nam,5.0,4.0,4.0,79.20m²,302m²,14m,street house,79202.11205632151,10.778476808996095,106.61584287483635,9.098950775128257,,,,,
8UE5K3,"236 Vườn Lài, P.Phú Thọ Hòa, Q.Tân Phú, TP.HCM",15300000.0,227.0,Nhà mặt tiền,4.25m,15.85m,Tây Nam,4.0,4.0,3.0,67.40m²,214.60m²,19.3m,street house,67400.88105726872,10.799658453092366,106.62294243808313,8.606516894799164,,,,,
6Q74D8,"Cao Văn Lầu, P.2, Q.6, TP.HCM",27000000.0,248.8,Nhà mặt tiền,3.68m,26.58m,Tây Nam,6.0,5.0,4.0,97.30m²,194.40m²,8m,street house,108520.9003215434,10.737348822325039,106.64070343122434,7.920150247382979,,,,,
3SCGHQ,"29A Quốc Lộ 13, P.26, Q.Bình Thạnh, TP.HCM",45000000.0,0.12,Nhà mặt tiền,4.45m,38.45m,Đông,3.0,3.0,2.0,277m²,210.50m²,40m,street house,375000000.0,10.80994184821895,106.70597010448297,3.421052194907725,,,,,
C4SVQB,"Hồng Lạc, P.10, Q.Tân Bình, TP.HCM",12000000.0,201.34,Nhà mặt tiền,4m,15.1m,Đông Bắc,3.0,3.0,4.0,59.60m²,152.60m²,8m,street house,59600.675474322044,10.794671705390611,106.65116039887735,5.487918369220101,,,,,
6QB1R8,"32 Nguyễn Duy Cung, P.12, Q.Gò Vấp, TP.HCM",14000000.0,0.13,Nhà mặt tiền,3.95m,28.25m,Đông Bắc,4.0,4.0,3.0,113.40m²,198.60m²,4.85m,street house,107692307.6923077,10.813539911373761,106.67015783660605,4.889714964829853,,,,,
3SBVFQ,"đường Mai Xuân Thưởng, P.1, Q.6, TP.HCM",19000000.0,290.11,Nhà mặt tiền,4.3m,16m,Tây Nam,8.0,6.0,4.0,73.70m²,251m²,15m,street house,65492.39943469718,10.757888952516948,106.63771644519497,7.129740674072366,,,,,
5YJDX7,"77 đường Phạm Phú Thứ, P.3, Q.6, TP.HCM",14000000.0,168.21,Nhà mặt tiền,3.9m,27.6m,Đông Bắc,7.0,5.0,4.0,108.83m²,194.89m²,,street house,83229.29671244278,10.733228111782923,106.62418015527562,9.671631280462787,,,,,
37BXCQ,"225 Bis - 227 Hai Bà Trung, P.Võ Thị Sáu, Q.3, TP.HCM",176000000.0,782.91,Nhà mặt tiền,8.48m,26.43m,Đông Bắc,6.0,8.0,3.0,224.80m²,663m²,30m,street house,224802.33998799353,10.779243588734051,106.6900930316772,0.9790327404056872,,,,,
GTFK12,"59 Nguyễn Duy Cung, P.12, Q.Gò Vấp, TP.HCM",9200000.0,146.73,Nhà mặt tiền,4.15m,15m,Tây Nam,3.0,2.0,2.0,62.70m²,77.20m²,5m,street house,62700.197641927356,10.8322633788558,106.68041414740162,6.151372192825639,,,,,
3SVNMQ,"Huỳnh Khương An, P.5, Q.Gò Vấp, TP.HCM",12500000.0,198.09,Nhà mặt tiền,3.62m,15.68m,Tây Nam,4.0,5.0,4.0,63.10m²,183.60m²,7m,street house,63102.6301176233,10.83182869433886,106.66695312460043,6.741183986025714,,,,,
QH70DU,"92 Nguyễn Thị Ai, Xã Tân Xuân, H.Hóc Môn, TP.HCM",8500000.0,101.19,Nhà mặt tiền,4.11m,21.82m,Tây Bắc,4.0,5.0,4.0,81m²,175.60m²,,street house,84000.39529597787,10.886192289357526,106.5795125731323,17.58776763199923,,,,,
KE9XWC,"61 đường 105D Trịnh Quang Nghị, P.7, Q.8, TP.HCM",8600000.0,78.18,Nhà mặt tiền,5m,16m,Tây Bắc,4.0,4.0,4.0,110m²,285.60m²,10m,street house,110002.55819902787,10.71593519766055,106.64246201068015,9.389427446078052,,,,,
U7XDBS,"Nguyễn Văn Đậu, P.5, Q.Phú Nhuận, TP.HCM",26000000.0,251.93,Nhà mặt tiền,3.9m,24m,Đông Nam,3.0,3.0,4.0,103.20m²,253.40m²,12m,street house,103203.27074981145,10.803635119536432,106.69144414312777,2.765442920737162,,,,,
RGA7PJ,"02 Thạnh Lộc 39, P.An Phú Đông, Q.12, TP.HCM",6600000.0,107.14,Nhà mặt tiền,4m,15.4m,Tây Bắc,4.0,6.0,5.0,61.60m²,185.10m²,6m,street house,61601.64271047228,10.778353043878258,106.69329405332327,0.6468049613127775,,,,,
6XTP8Y,"Huỳnh Văn Bánh, P.11, Q.Phú Nhuận, TP.HCM",14500000.0,0.42,Nhà mặt tiền,3.4m,11.4m,Bắc,3.0,4.0,4.0,34.10m²,114.20m²,5m,street house,34523809.52380952,10.794890609080907,106.6859406919837,2.2001010766761944,,,,,
5SP27X,"67 số 29, P.Bình Trị Đông B, Q.Bình Tân, TP.HCM",14800000.0,126.8,Nhà mặt tiền,5m,20m,Đông Bắc,4.0,4.0,4.0,100m²,274.50m²,14m,street house,116719.2429022082,10.772227978087397,106.59130881340502,11.810783175531238,,,,,
6AR6J8,"Phạm Hữu Lầu, P.Phú Thuận, Q.7, TP.HCM",18900000.0,210.0,Nhà mặt tiền,5m,18m,Đông Bắc,3.0,5.0,4.0,90m²,90m²,14m,street house,90000.0,10.72386625089281,106.7184010511322,6.53823264462126,,,,,
SD3YU5,"29 Ngô Đức Kế, P.12, Q.Bình Thạnh, TP.HCM",12000000.0,152.86,Nhà mặt tiền,5m,15.5m,Tây,1.0,1.0,1.0,78.50m²,,8m,street house,78503.20554755985,10.797249724396679,106.71464774679002,2.5787745953772934,,,,,
W926DR,"5A khu D Ngô Tất Tố, P.22, Q.Bình Thạnh, TP.HCM",5350000.0,130.17,Nhà mặt tiền,3.46m,11.85m,Đông Nam,1.0,1.0,2.0,41.10m²,67.67m²,2.4m,street house,41100.09986940156,10.800922563206573,106.72146815059632,3.3896185414840203,,,,,
3D76TQ,"11A Lương Thế Vinh, P.Tân Thới Hòa, Q.Tân Phú, TP.HCM",14500000.0,233.26,Nhà mặt tiền,3.7m,16.7m,Đông,3.0,2.0,3.0,62.16m²,,,street house,62162.39389522422,10.798158801318275,106.62642654272285,8.196011473420874,,,,,
QK0S3U,"3 Hoa Cúc, P.7, Q.Phú Nhuận, TP.HCM",16500000.0,412.5,Nhà mặt tiền,5m,8m,Tây Nam,2.0,3.0,4.0,40m²,40m²,15m,street house,40000.0,10.790307346464335,106.66730151608179,3.659806535342641,,,,,
AHAHRY,"157A đường số 11, P.Linh Xuân, TP.Thủ Đức, TP.HCM",18600000.0,99.73,Nhà mặt tiền,5m,42.4m,Đông,4.0,4.0,3.0,186.50m²,205m²,,street house,186503.55961094957,10.852141145105925,106.74341302101627,9.360314552781478,,,,,
YFG1CD,"Tân sơn nhì Tân Sơn Nhì, P.Tân Sơn Nhì, Q.Tân Phú, TP.HCM",4650000.0,125.67,Nhà mặt tiền,4m,9.5m,Đông Nam,2.0,2.0,2.0,37m²,37m²,4m,street house,37001.6710432084,10.786440005565593,106.61757627933595,8.938467541501838,,,,,
AEU70Y,"34 Tăng Bạt Hổ, P.11, Q.Bình Thạnh, TP.HCM",16500000.0,351.06,Nhà mặt tiền,4.6m,20.5m,Nam,5.0,4.0,5.0,47m²,72m²,4m,street house,47000.51273286618,10.815397419101554,106.7043734868151,3.982346876981669,,,,,
8UVXF3,"MPN 39A Gò Dưa, KP4, P.Tam Bình, TP.Thủ Đức, TP.HCM",12500000.0,136.16,Nhà mặt tiền,4.3m,18.08m,Đông Nam,4.0,5.0,4.0,91.80m²,21.50m²,6m,street house,91803.76028202115,10.855053018961222,106.76801702399767,11.23530493505022,,,,,
A4SFVY,"12A Đào Duy Từ, P.15, Q.Phú Nhuận, TP.HCM",10600000.0,265.66,Nhà mặt tiền,3.7m,10.8m,Đông Nam,6.0,7.0,4.0,39.90m²,163.10m²,8m,street house,39900.62485884212,10.80975286567553,106.67036262160576,4.562442517031048,,,,,
QDTV1U,"88A đường số 5, P.17, Q.Gò Vấp, TP.HCM",6600000.0,110.55,Nhà mặt tiền,3.63m,18.36m,Tây Bắc,3.0,2.0,3.0,59.70m²,97.20m²,6m,street house,59701.49253731343,10.841277038846115,106.68884534685172,6.892387637377175,,,,,
A4S0UY,"Ấp 101 Nam Thới 1, Xã Đông Thạnh, H.Hóc Môn, TP.HCM",7990000.0,88.87,Nhà mặt tiền,5m,19m,Đông Nam,6.0,6.0,5.0,90m²,246m²,,street house,89906.60515359514,10.872394882524324,106.5997221554071,14.928489204123505,,,,,
QKBS0U,"đường Phan văn Hớn, P.Tân Thới Nhất, Q.12, TP.HCM",5100000.0,100.0,Nhà mặt tiền,4m,12.5m,Tây Nam,2.0,2.0,2.0,51m²,100m²,5m,street house,51000.0,10.78233442634976,106.69284743906167,0.7324173016050208,,,,,
0M1GV9,"67 Phan Văn Hớn, P.Tân Thới Nhất, Q.12, TP.HCM",5200000.0,77.61,Nhà mặt tiền,6m,16.4m,Nam,2.0,1.0,2.0,67m²,100m²,4m,street house,67001.67504187605,10.786606162749127,106.69697425026115,0.7872332872786788,,,,,
QY1AQU,"122 đường số 2, P.16, Q.Gò Vấp, TP.HCM",2650000.0,157.08,Nhà mặt tiền,2.51m,6.72m,Tây,2.0,1.0,2.0,16.87m²,33.74m²,,street house,16870.38451744334,10.834792278737877,106.68608266066556,6.247058507883046,,,,,
5D61A7,"Đường Ao Đôi, Khu phố 10, P.Bình Trị Đông A, Q.Bình Tân, TP.HCM",16000000.0,103.89,Nhà mặt tiền,4.52m,34.62m,Tây Nam,3.0,2.0,3.0,154m²,227.70m²,12m,street house,154009.04803157185,10.766441290309682,106.59861577927893,11.080855127838062,,,,,
U739JS,"311K37 đường G, khu phố 1, P.An Phú, TP.Thủ Đức, TP.HCM",28000000.0,280.0,Nhà mặt tiền,5m,20m,Đông Bắc,4.0,4.0,4.0,100m²,206.10m²,6m,street house,100000.0,10.862782237598328,106.7467602454822,10.560700658823546,,,,,
SBPMA5,"43 Lý Thường Kiệt, P.7, Q.10, TP.HCM",30500000.0,482.59,Nhà mặt tiền,3.8m,17m,Tây Nam,8.0,6.0,6.0,63.20m²,360.40m²,,street house,63200.64651153153,10.787411222343833,106.7152588423472,1.9653527146564596,,,,,
SYKW35,"48 đường số 2, Cư xá Bình Thới, P.8, Q.11, TP.HCM",17700000.0,316.07,Nhà mặt tiền,4m,14m,Tây Bắc,4.0,3.0,3.0,56m²,166m²,8m,street house,56000.25310848863,10.779408911165337,106.71112825588169,1.3240337977278074,,,,,
65RSP8,"42A Nguyễn Văn Bứa, ấp 51, Xã Bà Điểm, H.Hóc Môn, TP.HCM",29700000.0,27.51,Nhà mặt tiền,20.2m,66.94m,Bắc,6.0,3.0,1.0,1079.50m²,139.50m²,14m,street house,1079607.415485278,10.870776574121681,106.60893062793883,14.084365706806796,,,,,
YBQ4ED,"44 đường số 2 - KDC Hương Lộ 5, P.An Lạc, Q.Bình Tân, TP.HCM",10000000.0,119.04,Nhà mặt tiền,6m,14m,Đông Nam,1.0,2.0,5.0,84m²,204.20m²,6m,street house,84005.37634408602,10.754392721202024,106.60263687885622,10.910266189589994,,,,,
E0CGH4,"34 đường số 8, Khu dân cư Cityland, P.10, Q.Gò Vấp, TP.HCM",25000000.0,250.0,Nhà mặt tiền,5m,20m,Đông,5.0,3.0,4.0,100m²,385.30m²,12m,street house,100000.0,10.812116368925308,106.67340227963012,4.543529532542404,,,,,
6AXQC8,"03 đường số 3, Khu nhà ở Hai Thành, P.Tân Tạo A, Q.Bình Tân, TP.HCM",13000000.0,76.56,Nhà mặt tiền,13.69m,12.1m,Bắc,4.0,5.0,4.0,169.80m²,313.80m²,,street house,169801.46290491117,10.771826110810691,106.60073016213852,10.786751982638302,,,,,
0NJBV9,"62 đường số 2, khu dân cư Vĩnh Lộc, P.Bình Hưng Hoà B, Q.Bình Tân, TP.HCM",11000000.0,110.0,Nhà mặt tiền,5m,20m,Tây,4.0,4.0,4.0,100m²,201.60m²,20m,street house,100000.0,10.7578170305471,106.59193147456487,11.962736071944391,,,,,
RZ752J,"68 số 8, P.An Khánh, TP.Thủ Đức, TP.HCM",22000000.0,239.13,Nhà mặt tiền,5m,18.5m,Đông Nam,4.0,3.0,3.0,92m²,92m²,6m,street house,92000.1672730314,10.842151416889086,106.75759067726214,9.41297386012563,,,,,
K0GSVC,"15 đường số 53, P.Hiệp Bình Chánh, TP.Thủ Đức, TP.HCM",12500000.0,82.78,Nhà mặt tiền,9.5m,16m,Đông,4.0,3.0,3.0,151m²,298m²,5m,street house,151002.65764677458,10.851538417767973,106.75885327670562,10.28564070872961,,,,,
3HB60Q,"38B17 Cây Keo, P.Tam Phú, TP.Thủ Đức, TP.HCM",10500000.0,116.66,Nhà mặt tiền,5m,18m,Đông Bắc,3.0,3.0,3.0,90m²,250m²,12m,street house,90005.1431510372,10.845503563683986,106.74591763069797,8.895863382551106,,,,,
UKPHAS,"251 - 253 - 255 - 257 Thống Nhất, P.11, Gò Vấp, TP.HCM",160000000.0,202.42,Nhà mặt tiền,15m,49.94m,Đông Nam,4.0,4.0,4.0,790.40m²,,8.78m,street house,790435.7276948919,10.819766154065787,106.67924643479877,4.923210852565407,,,,,
W0G54R,"275 Hoàng Sa, P.Tân Định, Q.1, TP.HCM",15000000.0,414.82,Nhà mặt tiền,4.84m,8.16m,Đông Bắc,3.0,4.0,6.0,36.16m²,139.39m²,12m,street house,36160.26228243575,10.77868669151615,106.71417739336388,1.6613079676354425,,,,,
6TUD8Y,"178 Tạ Uyên, P.7, Q.11, TP.HCM",26000000.0,373.67,Nhà mặt tiền,3.55m,19.6m,Tây,5.0,4.0,4.0,69.58m²,268.63m²,15m,street house,69580.11079294565,10.776858001523467,106.70226252759484,0.4795477999603278,,,,,
G9BN2N,"Nguyễn Trãi, P.14, Q.5, TP.HCM",28000000.0,411.76,Nhà mặt tiền,4m,17m,,6.0,7.0,4.0,68m²,277m²,,street house,68000.77715173888,10.74389296043285,106.66607906503418,5.361813888985029,,,,,
K59ZCJ,"số 15, P.An Phú, TP.Thủ Đức, TP.HCM",62000000.0,310.0,Nhà mặt tiền,10m,20m,Tây Bắc,4.0,5.0,3.0,200m²,277.30m²,8m,street house,200000.0,10.84512552868904,106.76288453958199,10.049922668567522,,,,,
6SYS18,"117 Bình Thới, P.11, Q.11, TP.HCM",18000000.0,289.85,Nhà mặt tiền,3.8m,17m,Tây Bắc,3.0,2.0,2.0,62.10m²,,,street house,62101.08676901845,10.763927438409652,106.70257724095127,1.7964938607888217,,,,,
PZSSUG,"70 Hòa Bình, P.5, Q.11, TP.HCM",14000000.0,201.72,Nhà mặt tiền,3.65m,19.7m,Tây Nam,2.0,2.0,2.0,69.40m²,119.70m²,15m,street house,69403.1330557208,10.773889480314184,106.69860454108756,0.6537642558495778,,,,,
AH9WDY,"15 Nguyễn Thi, P.13, Q.5, TP.HCM",30000000.0,231.83,Nhà mặt tiền,3.7m,39.8m,Đông Nam,4.0,4.0,3.0,129.40m²,263.20m²,12m,street house,129405.167579692,10.761057608186025,106.65109134916864,5.637286673264469,,,,,
13RKM6,"Nguyễn Trãi, P.2, Q.5, TP.HCM",72000000.0,735.44,Nhà mặt tiền,4.75m,21m,Đông Nam,12.0,15.0,9.0,97.90m²,703.80m²,20m,street house,97900.5765256173,10.752548837395883,106.65812103710378,5.393872057940398,,,,,
DYAKHF,"Phan Anh, P.Phú Thạnh, Q.Tân Phú, TP.HCM",9500000.0,133.8,Nhà mặt tiền,4.5m,24.31m,Tây,1.0,1.0,1.0,71m²,,,street house,71001.4947683109,10.796003566901655,106.61519248077663,9.34252888634103,,,,,
1NT36T,"Đặng Thúc Liêng, P.4, Q.8, TP.HCM",14000000.0,311.8,Nhà mặt tiền,5.48m,15.36m,Đông Bắc,3.0,3.0,4.0,44.90m²,180.50m²,5m,street house,44900.57729313662,10.73408436678206,106.63742686937421,8.423203562424542,,,,,
E5AV4W,"Nguyễn Thị Định, Thạnh Mỹ Lợi, Q.2, TP.HCM",32000000.0,185.18,Nhà mặt tiền,5m,23m,Đông Bắc,2.0,1.0,2.0,172.80m²,215m²,15m,street house,172804.83853547898,10.79210689413818,106.75088458868487,5.832808004948069,,,,,
SDKDN5,"314 Bến Than, Xã Hòa Phú, H.Củ Chi, TP.HCM",5000000.0,29.3,Nhà mặt tiền,4.75m,35.22m,Tây Bắc,2.0,1.0,1.0,170.60m²,,10m,street house,170648.46416382253,11.00271321996342,106.5097413687204,32.191842509418045,,,,,
EJ0N54,"26 Chợ Lớn, P.11, Q.6, TP.HCM",25000000.0,190.83,Nhà mặt tiền,3.75m,17.3m,Nam,16.0,10.0,6.0,131m²,635.90m²,10m,street house,131006.65513808101,10.745826511240283,106.64428930055061,7.0677771701237635,,,,,
02DSX9,"Lê Trực, P.1, Q.6, TP.HCM",19000000.0,212.52,Nhà mặt tiền,3.9m,23.93m,Đông Bắc,6.0,3.0,5.0,89.40m²,258.90m²,14m,street house,89403.35027291549,10.740509161688012,106.63091400985066,8.624148794150038,,,,,
UYHKQS,"4A Nghĩa Thục, P.5, Q.5, TP.HCM",12000000.0,186.33,Nhà mặt tiền,4m,16.1m,Bắc,2.0,3.0,3.0,64.40m²,115.13m²,,street house,64401.867654161964,10.749059297560123,106.66592205883505,4.96607461959382,,,,,
S1D75Y,"Kênh Tân Hóa, P.Hòa Thạnh, Q.Tân Phú, TP.HCM",82000000.0,92.9,Nhà mặt tiền,12.5m,25m,Đông Nam,1.0,1.0,2.0,882.60m²,745.90m²,15m,street house,882669.537136706,10.799022195263667,106.62979789932476,7.864643529807364,,,,,
CW25ZB,"894 Trường Sa, P.13, Q.3, TP.HCM",31000000.0,418.91,Nhà mặt tiền,4.6m,17m,Tây Nam,10.0,11.0,6.0,74m²,220.50m²,,street house,74001.57551741424,10.780435340043098,106.68878789112759,1.1222456886118204,,,,,
K4J9BC,"56 Trần Quý Khoách, P.Tân Định, Q.1, TP.HCM",72000000.0,600.0,Nhà mặt tiền,8m,15m,Bắc,5.0,6.0,7.0,120m²,680.22m²,,street house,120000.0,10.77754210589082,106.70955722068463,1.1779843791680875,,,,,
Q5VTAU,"115 Vĩnh Viễn, P.4, Q.10, TP.HCM",7500000.0,496.68,Nhà mặt tiền,3.6m,7.16m,Nam,3.0,3.0,3.0,15.10m²,52.10m²,8m,street house,15100.265764677459,10.766526611955056,106.71410561685546,2.2068337388185255,,,,,
CWR6ZB,"D6, Long Thạnh Mỹ, Q.9, TP.HCM",25000000.0,65.1,Nhà mặt tiền,16m,24m,Đông Bắc,4.0,4.0,4.0,384m²,349.70m²,11m,street house,384024.5775729647,10.832971753608838,106.8396380659381,16.463893628170045,,,,,
1QA5Q6,"147C Trần Quang Khải, P.Tân Định, Q.1, TP.HCM",19000000.0,453.46,Nhà mặt tiền,3.15m,12.8m,Bắc,3.0,3.0,4.0,41.90m²,133.50m²,8m,street house,41900.05733692057,10.776649233950643,106.6886435814896,1.1875129609814243,,,,,
6QKW18,"222 Phùng Hưng, P.14, Q.5, TP.HCM",20000000.0,243.01,Nhà mặt tiền,4.2m,19.6m,Tây,1.0,2.0,3.0,82.30m²,,12m,street house,82301.13987078721,10.741713793799708,106.652966339897,6.566217911004162,,,,,
SA2KE5,"15 Phan Tôn, Đa Kao, Q.1, TP.HCM",15500000.0,280.28,Nhà mặt tiền,4m,13.96m,Tây Bắc,2.0,1.0,2.0,55.30m²,110.60m²,4m,street house,55301.84101612674,10.781372118812117,106.68744446218118,1.2789696550442329,,,,,
85QTK3,"122 - 122A Nguyễn Xí, P.26, Q.Bình Thạnh, TP.HCM",65000000.0,625.6,Nhà mặt tiền,7m,20.8m,Tây Nam,8.0,8.0,8.0,103.90m²,636.60m²,,street house,103900.2557544757,10.816154751245628,106.69758370483176,4.026076226884513,,,,,
6UADU8,"15–17 Sông Thao, P.2, Q.Tân Bình, TP.HCM",62000000.0,304.54,Nhà mặt tiền,11m,20m,Tây Bắc,7.0,4.0,4.0,203.58m²,479.03m²,4m,street house,203585.73586392592,10.792086085623554,106.65212201720418,5.307288503214228,,,,,
AH53KY,"Nguyễn Xí, P.13, Q.Bình Thạnh, TP.HCM",12000000.0,300.0,Nhà mặt tiền,4.2m,18.87m,Tây,1.0,1.0,1.0,40m²,,15m,street house,40000.0,10.796795226701954,106.70646364240508,2.049766117162931,,,,,
8UXRH3,"Đỗ Nhuận, P.Sơn Kỳ, Q.Tân Phú, TP.HCM",3950000.0,182.87,Nhà mặt tiền,3m,7.8m,Đông Bắc,1.0,2.0,2.0,21.60m²,,8m,street house,21600.043746924042,10.78330605844739,106.61889422834379,8.772659368932047,,,,,
UY350S,"đường D6, P.Tân Phú, Q.7, TP.HCM",17900000.0,198.88,Nhà mặt tiền,5m,18m,Tây Bắc,6.0,7.0,5.0,90m²,238.90m²,14m,street house,90004.02252614642,10.722854913494176,106.73179831820484,7.245852735504703,,,,,
RGG66J,"37 Hưng Phú, P.8, Q.8, TP.HCM",14300000.0,244.86,Nhà mặt tiền,4.45m,12.28m,Tây Bắc,1.0,1.0,1.0,58.40m²,58.40m²,,street house,58400.718778077266,10.715045789465442,106.62181774457085,11.072559835317332,,,,,
SD70H5,"382EF Trần Hưng Đạo, P.11, Q.5, TP.HCM",58000000.0,494.88,Nhà mặt tiền,7.84m,16m,Nam,5.0,5.0,5.0,117.20m²,,,street house,117200.12932428063,10.749311434136475,106.67762331797107,4.104006767813263,,,,,
8SQP73,"216 Mai Xuân Thưởng, P.2, Q.6, TP.HCM",33000000.0,330.06,Nhà mặt tiền,6.04m,18.54m,Tây,21.0,21.0,6.0,99.98m²,428.60m²,20m,street house,99981.82148700237,10.759725412595175,106.62234297794674,8.675694962584672,,,,,
U7XGDS,"đường C12, P.13, Q.Tân Bình, TP.HCM",35000000.0,354.68,Nhà mặt tiền,4.98m,19.93m,Tây Bắc,2.0,2.0,2.0,98.68m²,98.79m²,20m,street house,98680.50073305515,10.787640042660408,106.65082866438235,5.342517725795954,,,,,
0GAWD9,"Đoàn Văn Bơ, P.16, Q.4, TP.HCM",6000000.0,218.18,Nhà mặt tiền,3.57m,8.03m,Đông Bắc,3.0,3.0,4.0,27.50m²,,3.5m,street house,27500.229168576403,10.757631064132362,106.70720494709444,2.608609501076671,,,,,
92NH9P,"39 Phạm Đôn, P.11, Q.5, TP.HCM",16500000.0,221.29,Nhà mặt tiền,3.8m,20.3m,Đông Bắc,8.0,3.0,3.0,74.56m²,161.80m²,12m,street house,74562.79090785846,10.754895297804048,106.65497856680463,5.5489465943040575,,,,,
WF2AR9,"Đường 102, P.Tăng Nhơn Phú A, TP.Thủ Đức, TP.HCM",7800000.0,110.32,Nhà mặt tiền,4.5m,15m,Tây Nam,5.0,3.0,3.0,70.70m²,,,street house,70703.40826686005,10.84067469446716,106.7506686717125,8.789462906197812,,,,,
AHRFBY,"15 Đỗ Nhuận, Sơn Kỳ, Q.Tân Phú, TP.HCM",11000000.0,268.49,Nhà mặt tiền,3.94m,14m,Tây,1.0,1.0,4.0,44.60m²,175.20m²,10m,street house,40969.86852396737,10.789346036398593,106.63876103203438,6.675473018056896,,,,,
RG1QNJ,"770 Trường Sa, P.14, Q.3, TP.HCM",27000000.0,0.0,Nhà mặt tiền,5.8m,11.5m,Tây Nam,3.0,2.0,2.0,59.17m²,71.99m²,13m,street house,inf,10.778859685210968,106.67594979185317,2.5260928573356716,,,,,
6SV1X8,"1 đường số 7, Phú Hữu, Q.9, TP.HCM",43000000.0,133.54,Nhà mặt tiền,10.8m,25.42m,Tây Bắc,5.0,6.0,4.0,322m²,379.50m²,14m,street house,322000.8986071589,10.854572142370609,106.83933009606662,17.430728445348226,,,,,
EJ08K4,"457 Hoàng Hữu Nam, Long Bình, Q.9, TP.HCM",25000000.0,111.11,Nhà mặt tiền,6.17m,37.85m,Đông Nam,5.0,2.0,1.0,225m²,172.30m²,15m,street house,225002.25002250023,10.83292722970575,106.83699451124428,16.19242846071774,,,,,
490GXF,"17 Đặng Dung, P.Tân Định, Q.1, TP.HCM",23000000.0,353.3,Nhà mặt tiền,4m,16.37m,Đông Bắc,5.0,5.0,5.0,65.10m²,239.90m²,4m,street house,65100.48117746957,10.780735582619696,106.68813852062583,1.1955899430165493,,,,,
YKSFKD,"Mai Thị Lựu, P.Đa Kao, Q.1, TP.HCM",75000000.0,497.01,Nhà mặt tiền,8.2m,18.5m,Đông Bắc,3.0,4.0,4.0,150.90m²,467.80m²,12m,street house,150902.3963300537,10.768842117584747,106.70322744159536,1.2946353205384902,,,,,
Q5JG4U,"440 Sư Vạn Hạnh, P.9, Q.10, TP.HCM",15000000.0,265.48,Nhà mặt tiền,4.3m,14.15m,Tây Nam,3.0,3.0,4.0,56.50m²,194.90m²,16m,street house,56501.43136959469,10.778016807731682,106.70763433323582,0.9613648392687789,,,,,
5YGYG7,"693 QL50, Xã Bình Hưng, H.Bình Chánh, TP.HCM",17000000.0,0.0,Nhà mặt tiền,4.1m,33m,Tây,1.0,1.0,1.0,129.60m²,,20m,street house,inf,10.686693549672855,106.58316620913688,16.329359371035604,,,,,
PNXUBG,"166 Mạc Vân, P.Xóm Củi, Q.8, TP.HCM",7500000.0,163.75,Nhà mặt tiền,3.07m,14.18m,Đông Bắc,2.0,2.0,3.0,45.80m²,126m²,,street house,45801.52671755725,10.708596861655785,106.63956110786678,10.21341782560722,,,,,
SAH435,"đường số 1, Long Trường, Q.9, TP.HCM",16000000.0,72.72,Nhà mặt tiền,11.25m,22.35m,Bắc,3.0,2.0,1.0,214m²,154m²,10m,street house,220022.00220022,10.838719250590724,106.84171201923323,16.910538085075192,,,,,
DNRUHF,"12 Ông Ích Khiêm, P.14, Q.11, TP.HCM",13000000.0,154.94,Nhà mặt tiền,2.4m,28.9m,Tây Nam,6.0,5.0,4.0,83.90m²,256.10m²,15m,street house,83903.44649541758,10.762707871296032,106.70993964006293,2.234365392917342,,,,,
6VN98Y,"Ông Ích Khiêm, P.14, Q.11, TP.HCM",12500000.0,376.5,Nhà mặt tiền,3.5m,11.2m,Bắc,3.0,4.0,4.0,33.20m²,121.80m²,25m,street house,33200.531208499335,10.767787691463614,106.69337125578278,1.464188973788762,,,,,
8S7KT3,"247 Âu Dương Lân, P.Hưng Phú, Q.8, TP.HCM",22000000.0,274.65,Nhà mặt tiền,5.83m,14.27m,Tây Nam,4.0,4.0,5.0,80.10m²,230.80m²,20m,street house,80101.94793373386,10.724149770678757,106.6351819812505,9.307980785672902,,,,,
6QGWN8,"138 đường HT35, P.Hiệp Thành, Q.12, TP.HCM",6500000.0,64.35,Nhà mặt tiền,4m,17.18m,Tây Nam,4.0,3.0,2.0,101m²,,6m,street house,101010.10101010102,10.766227340137013,106.71498348799872,2.3009100767204256,,,,,
13YRB6,"31 Nguyễn Văn Mai, Võ Thị Sáu, Q.3, TP.HCM",40000000.0,368.92,Nhà mặt tiền,5.3m,23.7m,Tây Bắc,10.0,9.0,7.0,94.80m²,480.30m²,5m,street house,108424.59069717012,10.772809049432805,106.69534730717025,0.8703247221175309,,,,,
0ZP3B9,"87 Cộng Hoà, P.4, Q.Tân Bình, TP.HCM",42000000.0,396.97,Nhà mặt tiền,4.1m,25.8m,Bắc,8.0,8.0,8.0,105.80m²,,,street house,105801.44595309469,10.789412492412726,106.64401459482062,6.110121886130965,,,,,
UYB1JS,"252 Lý Chính Thắng, P.9, Q.3, TP.HCM",22000000.0,287.95,Nhà mặt tiền,7.49m,10.28m,Đông Bắc,1.0,1.0,1.0,76.40m²,72.28m²,5m,street house,76402.15315158882,10.782040427573076,106.66989793499498,3.195634679192333,,,,,
9T2F6P,"25 Trần Phú, P.4, Q.5, TP.HCM",8700000.0,437.18,Nhà mặt tiền,3.95m,10.7m,Tây Bắc,1.0,1.0,2.0,19.90m²,39.80m²,,street house,19900.269911706848,10.76613847051856,106.65253201533962,5.304586013988422,,,,,
UFZAS5,"Bàn Cờ, P.3, Q.3, TP.HCM",24500000.0,3.71,Nhà mặt tiền,3.2m,22m,,6.0,4.0,4.0,61.40m²,219.90m²,8m,street house,6603773.584905661,10.787388831356022,106.67855619697643,2.391699659359739,,,,,
SD99M5,"MPN 51C Thạnh Xuân 31, P.Thới An, Q.12, TP.HCM",9000000.0,69.93,Nhà mặt tiền,7.24m,17.77m,Tây,9.0,9.0,6.0,128.70m²,350.80m²,5m,street house,128700.12870012868,10.78345797541355,106.70445513934287,0.7192814638057414,,,,,
GMNXA2,"Vườn Lài, P.An Phú Đông, Q.12, TP.HCM",15700000.0,103.28,Nhà mặt tiền,4.18m,37.52m,Tây Bắc,4.0,3.0,3.0,152m²,172.60m²,10m,street house,152013.94268009294,10.786214224311632,106.71666989817427,2.0563241386156808,,,,,
1U4WA6,"Võ Văn Hát, Long Trường, Q.9, TP.HCM",25000000.0,142.61,Nhà mặt tiền,9.9m,24.51m,Tây Bắc,2.0,2.0,1.0,175.30m²,53.40m²,8m,street house,175303.27466517073,10.85743885817425,106.8341230739089,17.08879266501188,,,,,
WPGSFR,"91 Sương Nguyệt Ánh, P.Bến Thành, Q.1, TP.HCM",80000000.0,966.76,Nhà mặt tiền,4.25m,18.9m,Tây Bắc,18.0,20.0,8.0,82.75m²,577.20m²,,street house,82750.63097356117,10.778348273535462,106.69220111137972,0.7633696367918966,,,,,
UDTY6S,"17 Đặng Tất, P.Tân Định, Q.1, TP.HCM",59000000.0,472.75,Nhà mặt tiền,4m,24.4m,Tây Bắc,1.0,1.0,2.0,124.80m²,112.70m²,,street house,124801.69222633528,10.780274961683496,106.70745200085263,0.9229070013282085,,,,,
UDTY6S,"17 Đặng Tất, P.Tân Định, Q.1, TP.HCM",59000000.0,472.75,Nhà mặt tiền,4m,24.4m,Tây Bắc,1.0,1.0,2.0,124.80m²,112.70m²,,street house,124801.69222633528,10.768115067055666,106.69196486519036,1.5043387924126306,,,,,
JGQM20,"Tú Mỡ, P.7, Q.Gò Vấp, TP.HCM",6980000.0,245.77,Nhà mặt tiền,5m,6m,Nam,3.0,3.0,3.0,28.40m²,51.70m²,6.7m,street house,28400.53708752085,10.839273349234196,106.69050900128254,6.645825904222639,,,,,
DEBCEH,"MPN 50/50 Vườn Lài, P.An Phú Đông, Q.12, TP.HCM",6600000.0,76.38,Nhà mặt tiền,5.98m,17.15m,Đông Nam,3.0,3.0,3.0,86.40m²,145.10m²,,street house,86410.05498821681,10.783467464854025,106.69155375569537,0.9133020239278598,,,,,
AC27VY,"105 Độc Lập, P.Tân Thành, Q.Tân Phú, TP.HCM",38000000.0,215.66,Nhà mặt tiền,10.12m,17.65m,Bắc,3.0,3.0,3.0,176.20m²,292.40m²,,street house,176203.282945377,10.80098432132272,106.63252984082148,7.641206801890411,,,,,
ACHQDY,"114 Vĩnh Viễn, P.9, Q.10, TP.HCM",10900000.0,595.62,Nhà mặt tiền,3.15m,10.57m,Nam,3.0,3.0,3.0,18.30m²,36.60m²,,street house,18300.258554111682,10.770658857420726,106.7157332375714,2.0873717385970942,,,,,
7DZ92A,"10-12 đường số 59, P.10, Q.6, TP.HCM",39000000.0,196.26,Nhà mặt tiền,8m,26.8m,Tây Bắc,1.0,1.0,5.0,214.40m²,730m²,20m,street house,198715.9889941914,10.761032206297209,106.64603880908955,6.155525480942902,,,,,
0F279N,"1c Mai Văn Vĩnh, P.Tân Kiểng, Q.7, TP.HCM",26500000.0,234.72,Nhà mặt tiền,6.3m,20m,Tây,9.0,8.0,6.0,112.90m²,,5m,street house,112900.47716428085,10.746963095483576,106.73245048858169,5.1520628107358855,,,,,
KE12UC,"Nguyễn Trãi, P.2, Q.5, TP.HCM",42000000.0,610.46,Nhà mặt tiền,3.7m,21.65m,Tây Bắc,1.0,4.0,5.0,68.80m²,301.90m²,20m,street house,68800.57661435638,10.745104990510875,106.66825956093582,5.102980272945568,,,,,
AHUE2Y,"176C Trường Sa, P.1, Q.Bình Thạnh, TP.HCM",50000000.0,416.31,Nhà mặt tiền,5m,25m,Nam,6.0,6.0,8.0,120.10m²,690.90m²,14m,street house,120102.80800365112,10.811497729606367,106.71873964270127,4.117289326509808,,,,,
SKFZD5,"1071 Hoàng Sa, P.11, Q.3, TP.HCM",13500000.0,453.02,Nhà mặt tiền,5.4m,7.55m,Đông Bắc,6.0,7.0,5.0,29.80m²,140.80m²,,street house,29800.008829632246,10.78902577599479,106.67335110869762,2.988426370510798,,,,,
UY43QS,"71 Trần Quang Diệu, P.13, Q.3, TP.HCM",14000000.0,486.11,Nhà mặt tiền,3.35m,12.7m,Tây Nam,3.0,3.0,3.0,28.80m²,81.40m²,,street house,28800.065828721894,10.794958178267104,106.68424195048463,2.330624997121157,,,,,
2MNPAZ,"924/3B/2 An Phú Đông 12, P.An Phú Đông, Q.12, TP.HCM",12000000.0,64.86,Nhà mặt tiền,7.74m,27.8m,Nam,1.0,1.0,1.0,185m²,,,street house,185013.87604070306,10.777977069876057,106.71644739031255,1.9155946207547965,,,,,
UADPXS,"268 Hưng Phú, P.8, Q.8, TP.HCM",11200000.0,274.5,Nhà mặt tiền,3.56m,9.02m,Đông Nam,2.0,2.0,3.0,40.80m²,49.10m²,8m,street house,40801.45719489982,10.725514122235168,106.63986523343235,8.826759400661544,,,,,
3S2G1Q,"Hà Huy Giáp, P.Thạnh Lộc, Q.12, TP.HCM",27000000.0,86.01,Nhà mặt tiền,8m,44.43m,Tây Bắc,5.0,2.0,2.0,313.90m²,291.70m²,14m,street house,313916.9863969306,10.786088392047924,106.69152463780802,1.0768264562092724,,,,,
7DCJYA,"Lê Cơ, P.An Lạc, Q.Bình Tân, TP.HCM",16000000.0,142.61,Nhà mặt tiền,4m,30.91m,Tây Nam,4.0,2.0,3.0,123m²,196.60m²,16m,street house,112194.09578570927,10.760127817774517,106.60814348190576,10.17520118352748,,,,,
SA61X5,"29 Tân Hóa, P.14, Q.6, TP.HCM",5500000.0,206.76,Nhà mặt tiền,3.1m,8.6m,Đông Bắc,2.0,2.0,2.0,26.60m²,53.20m²,15m,street house,26600.889920680984,10.743548268679971,106.62866919247072,8.676756024302929,,,,,
SA2PN5,"137 Hoàng Hữu Nam, Tân Phú, Q.9, TP.HCM",9400000.0,149.92,Nhà mặt tiền,4m,23.65m,Đông Nam,1.0,1.0,1.0,62.70m²,56.20m²,10m,street house,62700.106723585915,10.850924556623415,106.83237625886437,16.569985142406825,,,,,
AHW0FY,"đường số 5, P.Bình Thuận, Q.7, TP.HCM",10500000.0,222.83,Nhà mặt tiền,4m,11.78m,Tây Nam,4.0,3.0,3.0,47.12m²,172.48m²,10m,street house,47121.12372660772,10.746497771532866,106.73142592148233,5.110129514817003,,,,,
WP903R,"224A Bạch Đằng, P.25, Q.Bình Thạnh, TP.HCM",20000000.0,307.69,Nhà mặt tiền,3.7m,20.7m,Nam,7.0,8.0,5.0,65m²,289.40m²,,street house,65000.48750365628,10.81093673546515,106.72400758051295,4.397312375899639,,,,,
WP903R,"224A Bạch Đằng, P.25, Q.Bình Thạnh, TP.HCM",20000000.0,307.69,Nhà mặt tiền,3.7m,20.7m,Nam,7.0,8.0,5.0,65m²,289.40m²,,street house,65000.48750365628,10.797770529846742,106.70697103416735,2.1708238483395763,,,,,
SY80W5,"35 Nguyễn Bình, Xã Phú Xuân, H.Nhà Bè, TP.HCM",7000000.0,70.0,Nhà mặt tiền,6.65m,15m,Tây Bắc,2.0,1.0,1.0,100m²,,,street house,100000.0,10.698166521466234,106.73339331304751,9.779342741105213,,,,,
6Q5GH8,"20 đường Láng The, Xã Tân Thạnh Tây, H.Củ Chi, TP.HCM",4000000.0,31.37,Nhà mặt tiền,5m,25.61m,Tây Bắc,3.0,1.0,1.0,127.50m²,,10m,street house,127510.36021676761,10.998054024212237,106.51256621870299,31.59877873073612,,,,,
YCMM8D,"Trần Khắc Chân, P.Tân Định, Q.1, TP.HCM",15000000.0,424.92,Nhà mặt tiền,4.3m,8.35m,Đông Bắc,3.0,3.0,3.0,35.30m²,127m²,9m,street house,35300.76249646992,10.763970741294433,106.71118425117493,2.197178900628463,,,,,
5YBWD7,"Trịnh Đình Trọng, P.Phú Trung, Q.Tân Phú, TP.HCM",43000000.0,207.54,Nhà mặt tiền,8m,22.5m,Tây Nam,10.0,7.0,5.0,181m²,754.40m²,6.5m,street house,207188.97561915775,10.788628854768731,106.62617160301966,8.027858792001314,,,,,
SHC4Q5,"134 Lý Nam Đế, P.7, Q.11, TP.HCM",17000000.0,333.98,Nhà mặt tiền,4.25m,12m,Tây Nam,3.0,3.0,4.0,50.90m²,171.40m²,,street house,50901.251571950415,10.76183664138822,106.70686658835308,2.1625208708542156,,,,,
7KSP4A,"215D7 Nguyễn Văn Hưởng, Thảo Điền, Q.2, TP.HCM",110000000.0,371.62,Nhà mặt tiền,11.09m,25.36m,Đông Nam,5.0,5.0,3.0,296m²,135m²,10m,street house,296001.2916419999,10.775793469418307,106.75700921323171,6.356675624036995,,,,,
6SDJS8,"296Bis Trần Hưng Đạo, P.Nguyễn Cư Trinh, Q.1, TP.HCM",41000000.0,493.97,Nhà mặt tiền,3.58m,21.38m,Đông Nam,6.0,6.0,3.0,83m²,163.17m²,,street house,83000.99196307467,10.779045781238835,106.71255696328191,1.4818933653788577,,,,,
2N02EZ,"Nguyễn Kiệm, P.9, Q.Phú Nhuận, TP.HCM",58000000.0,381.07,Nhà mặt tiền,5.1m,40m,Đông Bắc,5.0,5.0,8.0,152.20m²,1048.80m²,8m,street house,152203.00732148948,10.789774815871368,106.68734190884392,1.6895202161416525,,,,,
W9VN1R,"18 đường B4, P.Tây Thạnh, Q.Tân Phú, TP.HCM",5400000.0,126.46,Nhà mặt tiền,4.02m,10.6m,Tây Nam,2.0,2.0,2.0,42.70m²,85.40m²,3.7m,street house,42701.24940692709,10.804716460914213,106.61125029845282,9.987930457923111,,,,,
QYS1YU,"9 Bình quới, P.27, Q.Bình Thạnh, TP.HCM",20000000.0,165.83,Nhà mặt tiền,2.81m,37.51m,Đông Nam,11.0,11.0,4.0,120.60m²,,,street house,120605.43930531266,10.819248963361714,106.7111914443372,4.563413620032519,,,,,
UYFXBS,"114 Hồ Bá Kiện, P.15, Q.10, TP.HCM",11000000.0,269.6,Nhà mặt tiền,4.51m,11.07m,Tây Nam,2.0,2.0,2.0,40.80m²,81.60m²,,street house,40801.186943620174,10.776173241062615,106.71116080942875,1.3857836268613115,,,,,
3SMHBQ,"6A đường 212, Phước Long A, Q.9, TP.HCM",3650000.0,145.41,Nhà mặt tiền,3.8m,8.6m,Nam,2.0,1.0,2.0,25.10m²,45.20m²,4m,street house,25101.437315177773,10.855012726390104,106.83937825932308,17.458530236992637,,,,,
CWNHNB,"6 Hoa Sứ, P.2, Q.Phú Nhuận, TP.HCM",28000000.0,466.66,Nhà mặt tiền,4m,15m,Tây Bắc,6.0,4.0,4.0,60m²,215.10m²,,street house,60000.85715510221,10.807405549633186,106.69014587278136,3.205901618873312,,,,,
5DK9R7,"71 Dã Tượng, P.8, Q.8, TP.HCM",10500000.0,184.53,Nhà mặt tiền,3.07m,18.13m,Tây,6.0,4.0,5.0,56.90m²,193.50m²,12m,street house,56901.31685904731,10.711988695191305,106.62648417990454,10.91783010693735,,,,,
4V0KF5,"10 đường số 26, Bình An, Q.2, TP.HCM",10700000.0,0.22,Nhà mặt tiền,2.95m,17.46m,Tây Nam,2.0,3.0,2.0,52.50m²,,4m,street house,48636363.63636363,10.790355006194897,106.7367453835232,4.287492942019282,,,,,
RXE7JQ,"131 Hoa Lan, P.2, Q.Phú Nhuận, TP.HCM",27000000.0,442.62,Nhà mặt tiền,4m,16m,Đông Bắc,3.0,4.0,4.0,61m²,221.40m²,5m,street house,61000.40666937779,10.812798112296822,106.6716958061201,4.7190620006041994,,,,,
5HJAV7,"116 Nguyên Hồng, P.11, Q.Bình Thạnh, TP.HCM",29000000.0,246.38,Nhà mặt tiền,4.25m,24.4m,Đông Bắc,3.0,3.0,2.0,117.70m²,215.90m²,,street house,117704.35912005845,10.809379094189461,106.7237864575116,4.24819341999392,,,,,
PNN8KG,"82 đường số 27, P.Tân Phong, Q.7, TP.HCM",24000000.0,250.0,Nhà mặt tiền,7.06m,18m,Đông Nam,4.0,5.0,4.0,96m²,196.30m²,,street house,96000.0,10.738356398286037,106.72273299137746,5.265167866223812,,,,,
7KCJSA,"407 Nguyễn Trọng Tuyển, P.2, Q.Tân Bình, TP.HCM",20000000.0,319.48,Nhà mặt tiền,5.1m,17.6m,Đông Bắc,4.0,3.0,4.0,62.60m²,176.50m²,8m,street house,62601.727807687486,10.810007858948115,106.65506258873151,5.856142765535977,,,,,
AKT6PY,"914 Bis Đường Lò Gốm, P.2, Q.6, TP.HCM",7980000.0,190.0,Nhà mặt tiền,3.2m,16.31m,Tây,5.0,3.0,4.0,42m²,,10m,street house,42000.0,10.747525381648952,106.63792658259186,7.5758823513560944,,,,,
Q70JKU,"1017 Trương Văn Đa, Xã Bình Lợi, H.Bình Chánh, TP.HCM",2950000.0,15.54,Nhà mặt tiền,5m,37.95m,Đông Bắc,2.0,1.0,1.0,189.80m²,78.70m²,10m,street house,189832.68983268985,10.693068943131436,106.59101966855516,15.217852711753517,,,,,
DBWG0H,"42 đường Phan Huy Thực, P.Tân Hưng, Q.7, TP.HCM",18000000.0,256.04,Nhà mặt tiền,4m,21m,Nam,6.0,4.0,4.0,70.30m²,221.10m²,7m,street house,70301.51538822058,10.746477925548113,106.73780937955475,5.61827940749504,,,,,
Q53NSU,"107 Nguyễn Hữu Tiến, P.Tây Thạnh, Q.Tân Phú, TP.HCM",22000000.0,120.61,Nhà mặt tiền,6m,30m,Đông Bắc,2.0,2.0,2.0,182.40m²,,10m,street house,182406.10231324102,10.802939427268555,106.63620390854406,7.332519431082783,,,,,
3SW8KQ,"Lê Văn Thịnh, Bình Trưng Tây, Q.2, TP.HCM",22000000.0,155.58,Nhà mặt tiền,9.75m,14m,Đông,4.0,2.0,2.0,141.40m²,125.40m²,20m,street house,141406.3504306466,10.80178363444783,106.74608498111888,5.692618522929416,,,,,
6VRC8Y,"173 đường D5, P.25, Q.Bình Thạnh, TP.HCM",17500000.0,0.39,Nhà mặt tiền,7m,6.56m,Nam,4.0,4.0,3.0,42.60m²,42.60m²,5m,street house,44871794.87179487,10.807557856394382,106.69860773842201,3.072389092527815,,,,,
0TPZ59,"78 Đình Quới An, P.Thới An, Q.12, TP.HCM",10500000.0,96.41,Nhà mặt tiền,5m,21.48m,Tây,4.0,5.0,4.0,108.90m²,360.80m²,6m,street house,108909.86412197906,10.770580327091356,106.6922904194789,1.2568394901580977,,,,,
37F34Q,"37 Ba Vì, P.4, Q.Tân Bình, TP.HCM",33000000.0,237.41,Nhà mặt tiền,6.1m,20.91m,Đông Bắc,10.0,10.0,3.0,139m²,354m²,,street house,139000.0421212249,10.795117328074937,106.66627199847323,3.9635339278792956,,,,,
1U3RP6,"Số 4 đường số 5, P.Tân Phú, Q.7, TP.HCM",11800000.0,236.0,Nhà mặt tiền,5m,10m,Nam,2.0,2.0,2.0,50m²,64m²,,street house,50000.0,10.728307783399593,106.72682754372053,6.455046677220551,,,,,
CF67WB,"đường số 30 , KP1, Cát Lái, Q.2, TP.HCM",23000000.0,89.7,Nhà mặt tiền,7.73m,33.53m,Bắc,2.0,1.0,1.0,256.40m²,117.70m²,6m,street house,256410.2564102564,10.77729101560501,106.75799501524263,6.455021301201818,,,,,
0GWZA9,"128 Hoàng Văn Thụ, P.9, Q.Phú Nhuận, TP.HCM",60000000.0,357.56,Nhà mặt tiền,8m,21m,Nam,6.0,6.0,4.0,167.80m²,476.20m²,,street house,167804.0049222508,10.798442134575325,106.67608162828834,3.2490992002427816,,,,,
56GX7X,"Lô K Nguyễn Thức Tự, P.An Lạc A, Q.Bình Tân, TP.HCM",11500000.0,180.25,Nhà mặt tiền,3.97m,15.4m,,5.0,5.0,3.0,63.80m²,162.60m²,9.1m,street house,63800.277392510405,10.762334180779467,106.60995557782046,9.931336744150876,,,,,
RG56WJ,"57 đường số 9, P.4, Q.4, TP.HCM",6450000.0,168.84,Nhà mặt tiền,2.9m,13.34m,Đông Nam,4.0,3.0,4.0,38.20m²,,3m,street house,38201.84790334044,10.755360514583224,106.70751695854327,2.8567524527669876,,,,,
2M301Z,"1 đường số 16, P.Tân Phú, Q.7, TP.HCM",14200000.0,165.11,Nhà mặt tiền,4.4m,19.65m,Tây,1.0,1.0,1.0,86m²,79m²,8m,street house,86003.27054690811,10.719439664031768,106.73077076265973,7.523957861181021,,,,,
AHUC2Y,"Nguyễn Đình Chiểu, P.1, Q.3, TP.HCM",12900000.0,542.01,Nhà mặt tiền,3m,8m,Đông,3.0,4.0,4.0,23.80m²,71.20m²,12m,street house,23800.2988874744,10.783573102808349,106.67705137646578,2.439772285974737,,,,,
3SCEVQ,"142 Số 22, P.11, Q.6, TP.HCM",19000000.0,228.98,Nhà mặt tiền,4m,19m,Nam,11.0,12.0,4.0,76m²,256.40m²,15m,street house,82976.67918595512,10.740371382925332,106.64415076636486,7.418421694508161,,,,,
EJJKG4,"101-103 Tân Hương, P.Tân Quý, Q.Tân Phú, TP.HCM",35000000.0,197.18,Nhà mặt tiền,8.05m,22m,Bắc,5.0,5.0,3.0,177.50m²,363.30m²,,street house,177502.7893295466,10.797379899973077,106.62245681775295,8.597369610573573,,,,,
7KYVZA,"133F Hòa Hưng, P.12, Q.10, TP.HCM",6300000.0,512.19,Nhà mặt tiền,3.14m,7.54m,Tây Bắc,2.0,2.0,3.0,12.30m²,30.10m²,7.5m,street house,12300.123001230011,10.766709465992855,106.69129300190258,1.6755703780096272,,,,,
02XYB9,"88 Xóm Chiếu, P.15, Q.4, TP.HCM",15000000.0,196.33,Nhà mặt tiền,4.07m,30.03m,Đông Nam,3.0,3.0,2.0,76.40m²,92m²,,street house,76401.9762644527,10.74589964381269,106.70307519878686,3.7742096731636043,,,,,
SD4Y25,"97 Trần Thị Nghỉ, P.7, Q.Gò Vấp, TP.HCM",57000000.0,296.1,Nhà mặt tiền,10m,20.02m,Đông Nam,8.0,10.0,5.0,192.50m²,640m²,20m,street house,192502.53292806481,10.813625949406932,106.67795373962285,4.395873277452481,,,,,
UYEADS,"7 Trần Thị Nghỉ, P.7, Q.Gò Vấp, TP.HCM",37000000.0,300.81,Nhà mặt tiền,6.5m,20m,Tây Nam,7.0,9.0,5.0,123m²,463.50m²,16m,street house,123001.23001230012,10.825569253699276,106.67135235381919,5.899822342032609,,,,,
0GRH29,"50 đường số 3, P.5, Q.8, TP.HCM",11680000.0,182.5,Nhà mặt tiền,4m,16m,Đông Nam,4.0,5.0,4.0,64m²,196.60m²,10m,street house,64000.0,10.71644760575851,106.63301412361683,10.060787866364306,,,,,
7DTYHA,"1050 Quang Trung, P.8, Q.Gò Vấp, TP.HCM",58000000.0,275.9,Nhà mặt tiền,11.12m,36.15m,Tây Nam,1.0,1.0,2.0,210.22m²,245.02m²,16m,street house,210221.0945994926,10.823104030125599,106.68735745172978,4.958722374096817,,,,,
2MW4HZ,"4A đường số 2A, P.Bình Hưng Hoà A, Q.Bình Tân, TP.HCM",4980000.0,104.62,Nhà mặt tiền,4m,11.99m,Tây Nam,2.0,2.0,2.0,47.60m²,82m²,4.12m,street house,47600.841139361495,10.770806008409313,106.5915688857653,11.794640632627324,,,,,
SD9E25,"38 Mai Văn Vĩnh, P.Tân Quy, Q.7, TP.HCM",15000000.0,334.07,Nhà mặt tiền,4.23m,14.86m,Đông,3.0,3.0,4.0,44.90m²,,12m,street house,44900.769299847336,10.730752186095854,106.72174596097115,5.965772874718928,,,,,
SYU2F5,"51 đường số 36, P.10, Q.6, TP.HCM",13400000.0,181.08,Nhà mặt tiền,4m,18.5m,Đông Bắc,5.0,6.0,4.0,74m²,244.90m²,14m,street house,74000.44179368234,10.741576131773618,106.62118000646394,9.505837693513053,,,,,
87SF83,"622 + 624 Trường Sa, P.15, Q.Phú Nhuận, TP.HCM",13500000.0,208.97,Nhà mặt tiền,4.5m,16.08m,Tây Nam,6.0,7.0,2.0,64.60m²,108.10m²,,street house,64602.574532229504,10.787262901448079,106.67297875778931,2.966563927465123,,,,,
CWZDXB,"163 Gò Ô Môi, P.Phú Thuận, Q.7, TP.HCM",16990000.0,171.05,Nhà mặt tiền,5.03m,28.01m,Tây Nam,5.0,5.0,4.0,99.38m²,316.42m²,12m,street house,99327.68196433791,10.737696526077558,106.73395163983862,6.022023253355207,,,,,
ACJKDY,"138A Nguyễn Văn Trỗi, P.8, Q.Phú Nhuận, TP.HCM",435000000.0,923.17,Nhà mặt tiền,19.5m,29.1m,Nam,8.0,8.0,8.0,471.20m²,2780.80m²,,street house,471202.4870825525,10.791566548809424,106.69135539198619,1.5499803473705955,,,,,
DE0BYH,"đường số 8, P.5, Q.Gò Vấp, TP.HCM",74000000.0,282.65,Nhà mặt tiền,13.6m,19.25m,Tây Nam,4.0,6.0,4.0,261.80m²,616.80m²,12m,street house,261807.88961613303,10.833086696956872,106.67376508514769,6.511061930691779,,,,,
4J0EWF,"94 Nguyên Hồng, P.1, Q.Gò Vấp, TP.HCM",10800000.0,325.3,Nhà mặt tiền,3m,15.6m,Tây Nam,3.0,3.0,4.0,33.20m²,95.50m²,12m,street house,33200.122963418384,10.819188713045614,106.66278986925622,5.890905216815645,,,,,
SA1Q15,"625 Lê Hồng Phong, P.10, Q.10, TP.HCM",28000000.0,360.82,Nhà mặt tiền,3.53m,15.23m,Đông Bắc,6.0,5.0,5.0,77.60m²,341.40m²,15m,street house,77601.01989911868,10.775609101678816,106.69118581979177,0.9741609743882893,,,,,
PZF39G,"đường D16, P.Tây Thạnh, Q.Tân Phú, TP.HCM",14200000.0,151.38,Nhà mặt tiền,5m,19m,Tây Bắc,4.0,4.0,4.0,93.80m²,305.80m²,12m,street house,93803.67287620557,10.795819315755699,106.61314229363542,9.55887207742326,,,,,
UAUG0S,"490 Ngô Gia Tự, P.4, Q.10, TP.HCM",72000000.0,905.66,Nhà mặt tiền,7.02m,13.38m,Đông Nam,7.0,7.0,7.0,79.50m²,574.20m²,,street house,79500.03312501381,10.775592902684044,106.69768476423407,0.4864159535314226,,,,,
8SFN63,"Trường Chinh, P.15, Q.Tân Bình, TP.HCM",21000000.0,160.91,Nhà mặt tiền,3.85m,27.55m,Tây Nam,3.0,2.0,1.0,130.50m²,128m²,20m,street house,130507.73724442234,10.802864326377367,106.63758868696284,7.187854549055945,,,,,
ACVFUY,"476 Trường Chinh, P.Tân Hưng Thuận, Q.12, TP.HCM",14700000.0,184.44,Nhà mặt tiền,4m,19.98m,Tây Nam,4.0,4.0,4.0,79.70m²,227.70m²,30m,street house,79700.7156798959,10.78322878397735,106.71157762411566,1.4243986213557018,,,,,
7D1TMA,"Trường Chinh, P.12, Q.Tân Bình, TP.HCM",16500000.0,239.82,Nhà mặt tiền,3.5m,19.7m,Tây Nam,4.0,4.0,4.0,68.80m²,181.80m²,20m,street house,68801.60120090068,10.809864515356761,106.66571083091868,4.934204397467905,,,,,
RC3DJQ,"301 Kênh Tân Hóa, P.Hòa Thạnh, Q.Tân Phú, TP.HCM",36000000.0,146.53,Nhà mặt tiền,17.26m,14.15m,Đông Nam,1.0,1.0,2.0,245.68m²,319.78m²,10m,street house,245683.4777861189,10.799061194128821,106.6213265623999,8.761186463410644,,,,,
J2TCW0,"Đường 41, Bình Trưng Đông, Q.2, TP.HCM",6700000.0,108.06,Nhà mặt tiền,4.5m,13m,Đông,3.0,2.0,2.0,62m²,,,street house,62002.59115306311,10.781469914195423,106.75698861321524,6.341750719193015,,,,,
13X176,"Tam Đảo, P.15, Q.10, TP.HCM",40000000.0,701.75,Nhà mặt tiền,6m,22m,Tây Bắc,2.0,3.0,3.0,57m²,104.70m²,,street house,57000.35625222658,10.764468917880349,106.7110476313419,2.1443726128769596,,,,,
QY5FZU,"386 Quang Trung, P.10, Q.Gò Vấp, TP.HCM",4800000.0,259.45,Nhà mặt tiền,4.46m,7.57m,Tây Nam,3.0,3.0,4.0,18.50m²,87.40m²,,street house,18500.67450375795,10.83522546593503,106.67082341369455,6.864435614755689,,,,,
CW0H3B,"44B Phan Xích Long, P.4, Q.Phú Nhuận, TP.HCM",65000000.0,186.08,Nhà mặt tiền,17.5m,20m,Đông Nam,3.0,3.0,3.0,349.30m²,997.80m²,,street house,349312.12381771277,10.80841321577737,106.67669024882527,3.999446807990609,,,,,
7H2FNA,"đường số 23, P.10, Q.6, TP.HCM",16800000.0,233.33,Nhà mặt tiền,4m,18m,Tây,4.0,3.0,3.0,72m²,188.80m²,20m,street house,72001.02858612266,10.747408918031692,106.63825043353684,7.55075771548256,,,,,
7D66XA,"314 Bình Long, P.Phú Thọ Hòa, Q.Tân Phú, TP.HCM",16500000.0,153.34,Nhà mặt tiền,5.05m,21.45m,Tây Nam,3.0,3.0,3.0,107.60m²,305.70m²,14m,street house,107604.01721664275,10.786267178938157,106.61877244100403,8.806523719679431,,,,,
3S96HQ,"đường số 19, P.10, Q.6, TP.HCM",11500000.0,174.24,Nhà mặt tiền,4m,16.5m,Đông,3.0,2.0,3.0,66m²,189.60m²,14m,street house,66000.91827364554,10.747615064981833,106.6284372994935,8.501324114085309,,,,,
SDQ9W5,"78 Út Tịch, P.4, Q.Tân Bình, TP.HCM",150000000.0,555.76,Nhà mặt tiền,22.8m,21.15m,Đông Bắc,22.0,8.0,8.0,269.90m²,1416.10m²,12.2m,street house,269900.6765510292,10.792300437662654,106.64543805953699,6.0221755340297785,,,,,
40Q2BF,"39 Phú Định, P.16, Q.8, TP.HCM",10500000.0,186.5,Nhà mặt tiền,4m,22.64m,Đông Nam,3.0,2.0,2.0,56.30m²,102.60m²,,street house,56300.268096514745,10.713293325339963,106.63467011366316,10.180744786863148,,,,,
37PZSQ,"16 Lê Lai, P.1, Q.Gò Vấp, TP.HCM",7700000.0,127.9,Nhà mặt tiền,4.2m,15.3m,Tây Nam,1.0,1.0,1.0,60.20m²,60.20m²,7.5m,street house,60203.28381548084,10.814152160312394,106.665854167184,5.2548180494442915,,,,,
4JGVVF,"92 đường số 1, P.15, Q.Gò Vấp, TP.HCM",3990000.0,106.97,Nhà mặt tiền,5.66m,6.92m,Nam,2.0,3.0,2.0,37.30m²,,5.8m,street house,37300.17761989343,10.83338596907943,106.67806457451314,6.356766101251409,,,,,
UAD2VS,"Phan Văn Trị, P.11, Q.Bình Thạnh, TP.HCM",18000000.0,224.43,Nhà mặt tiền,5.15m,20.96m,Đông Bắc,3.0,2.0,1.0,80.20m²,,20m,street house,80203.18139286191,10.823226365365212,106.7168220502212,5.184266821303995,,,,,
CHU3BC,"đường số 2, khu dân cư Him Lam, P.Tân Hưng, Q.7, TP.HCM",32200000.000000004,322.0,Nhà mặt tiền,5m,20m,,5.0,6.0,4.0,100m²,100m²,,street house,100000.00000000001,10.733601804898475,106.72866167251965,6.049947322100195,,,,,
SDJQE5,"27-29 Nam Kỳ Khởi Nghĩa, P.Nguyễn Thái Bình, Q.1, TP.HCM",270000000.0,1.3,Nhà mặt tiền,8.2m,25.36m,Đông Bắc,8.0,8.0,8.0,207.12m²,502.60m²,,street house,207692307.69230768,10.764225829409547,106.7046457019641,1.8274318359836597,,,,,
SDJQE5,"27-29 Nam Kỳ Khởi Nghĩa, P.Nguyễn Thái Bình, Q.1, TP.HCM",270000000.0,1.3,Nhà mặt tiền,8.2m,25.36m,Đông Bắc,8.0,8.0,8.0,207.12m²,502.60m²,,street house,207692307.69230768,10.789951690230133,106.71026302532432,1.6656635855581285,,,,,
0ZTRT9,"35-37 Yết Kiêu, P.9, Q.5, TP.HCM",25500000.0,391.1,Nhà mặt tiền,8m,8.15m,Đông,6.0,6.0,6.0,65.20m²,,,street house,65200.71592942981,10.753759745649461,106.67143313820739,4.170869752765425,,,,,
SDAMR5,"432 - 434 Nguyễn Oanh, P.17, Q.Gò Vấp, TP.HCM",38500000.0,216.29,Nhà mặt tiền,8m,23.1m,Tây Bắc,2.0,2.0,1.0,178m²,82m²,20m,street house,178001.75690045772,10.825949008467667,106.66527047567094,6.301074642660498,,,,,
4J2GPF,"69A Nguyễn Sĩ Sách, P.15, Q.Tân Bình, TP.HCM",14000000.0,138.31,Nhà mặt tiền,4.2m,24.25m,Đông Nam,2.0,1.0,1.0,101.22m²,15.96m²,10m,street house,101221.89284939629,10.789103416782847,106.64728537912139,5.751999588081376,,,,,
C4UVUB,"Phạm Thế Hiển, P.6, Q.8, TP.HCM",14900000.0,130.35,Nhà mặt tiền,4m,22.9m,Tây Bắc,5.0,2.0,3.0,114.30m²,276.60m²,8m,street house,114307.63329497506,10.708364351392689,106.63042998093528,10.895422317706386,,,,,
5HSBF7,"117C Thạnh Lộc 37, P.Thạnh Lộc, Q.12, TP.HCM",6900000.0,120.62,Nhà mặt tiền,4m,14.33m,Tây Nam,3.0,3.0,3.0,57.20m²,128.90m²,7.5m,street house,57204.44370751119,10.76290876879862,106.70977963946146,2.206233771223978,,,,,
6S7ZB8,"45 Điện Biên Phủ, P.2, Q.Bình Thạnh, TP.HCM",45000000.0,157.78,Nhà mặt tiền,4.5m,42.18m,Đông Nam,2.0,2.0,2.0,285.20m²,375.30m²,,street house,285207.2506021042,10.803930742525404,106.7029894117559,2.705747286771519,,,,,
02ZSC9,"242 Âu Dương Lân, P.Rạch Ông, Q.8, TP.HCM",34800000.0,234.65,Nhà mặt tiền,4.14m,36.38m,Đông Bắc,15.0,15.0,4.0,148.30m²,326.10m²,10m,street house,148305.98764116768,10.71573640093983,106.62598545464161,10.678075909963313,,,,,
8UTX03,"39 Hoàng Quốc Việt, P.Phú Mỹ, Q.7, TP.HCM",12000000.0,157.89,Nhà mặt tiền,3.5m,33.65m,Nam,1.0,1.0,1.0,76m²,,16m,street house,76002.28006840206,10.742159707393121,106.72906155016032,5.302036800700898,,,,,
0GK5T9,"Quốc lộ 50, Xã Phong Phú, H.Bình Chánh, TP.HCM",28000000.0,112.72,Nhà mặt tiền,5.3m,52m,Đông,8.0,9.0,5.0,248.40m²,696.90m²,12m,street house,248403.12278211498,10.67614954184239,106.58200200680949,17.18362430580919,,,,,
53J27X,"Phan Bội Châu, P.2, Q.Bình Thạnh, TP.HCM",25000000.0,346.74,Nhà mặt tiền,5.32m,15.8m,Đông Bắc,5.0,5.0,6.0,72.10m²,338.30m²,5.39m,street house,72100.1326642441,10.81572462797132,106.70751338449797,4.082270724121362,,,,,
4JYHZF,"Lê Bình, P.4, Q.Tân Bình, TP.HCM",3850000.0,202.63,Nhà mặt tiền,4.15m,4.6m,Tây,3.0,3.0,4.0,19m²,,2m,street house,19000.14805310171,10.792730395814257,106.64939722891768,5.613597956716005,,,,,
UYCX6S,"MPN 51C Lê Quang Hoà, P.Thới An, Q.12, TP.HCM",6900000.0,96.91,Nhà mặt tiền,4.01m,17.77m,Tây,4.0,5.0,4.0,71.20m²,172m²,10m,street house,71200.08255082036,10.768409655153041,106.71416301267227,2.079252736963027,,,,,
K4MURC,"11 đường DC3, P.Sơn Kỳ, Q.Tân Phú, TP.HCM",9300000.0,166.07,Nhà mặt tiền,4m,14m,Đông Nam,3.0,3.0,4.0,56m²,170.40m²,6m,street house,56000.481724573976,10.783535391648378,106.63420503558035,7.101632918084979,,,,,
358MZQ,"10 Thạnh Lộc 38, P.Thạnh Lộc, Q.12, TP.HCM",6500000.0,123.33,Nhà mặt tiền,4.3m,12.57m,Tây Bắc,9.0,9.0,5.0,52.70m²,251.10m²,,street house,52704.12713857131,10.768711640680944,106.69809000542188,1.229147136221043,,,,,
QA4E2U,"MPN 16D Hiệp Thành 23, P.Tân Thới Hiệp, Q.12, TP.HCM",6500000.0,67.92,Nhà mặt tiền,4m,24.06m,Tây Nam,2.0,1.0,2.0,95.70m²,35.30m²,12m,street house,95700.82449941107,10.773517587449406,106.71684073487128,2.0678342316067577,,,,,
9Z9ZHP,"82A đường số 4, P.An Lạc, Q.Bình Tân, TP.HCM",11000000.0,135.8,Nhà mặt tiền,4.5m,18.02m,Tây Nam,13.0,13.0,5.0,81m²,267.30m²,12m,street house,81001.47275405006,10.761575452555418,106.61722680250169,9.170624553674214,,,,,
13TFT6,"đường số 6, P.Bình Hưng Hòa, Q.Bình Tân, TP.HCM",8000000.0,91.01,Nhà mặt tiền,4m,22.11m,Nam,1.0,4.0,5.0,87.90m²,326m²,7m,street house,87902.4283045819,10.77861468365936,106.60038438666946,10.789239901537881,,,,,
DE9QMH,"24 20, P.Bình Thọ, TP.Thủ Đức, TP.HCM",92000000.0,258.42,Nhà mặt tiền,18m,20m,Tây,6.0,8.0,4.0,356m²,699m²,12m,street house,356009.59678043495,10.841735140581571,106.75191801686921,8.96717076832835,,,,,
CW27TB,"135 đường số 1, P.9, Q.Gò Vấp, TP.HCM",16000000.0,132.0,Nhà mặt tiền,5m,22.1m,Đông,6.0,6.0,3.0,110.30m²,206.50m²,7.75m,street house,121212.12121212122,10.824924724230284,106.6743701537531,5.674689356457692,,,,,
GNHEY2,"Trường Chinh, P.14, Q.Tân Bình, TP.HCM",16500000.0,238.78,Nhà mặt tiền,4m,17.07m,Đông Bắc,3.0,3.0,4.0,69.10m²,162.10m²,17m,street house,69101.26476254292,10.806826586267231,106.64731169606408,6.398097803898735,,,,,
Q7RA3U,"9 Thích Quảng Đức, P.4, Q.Phú Nhuận, TP.HCM",23000000.0,342.77,Nhà mặt tiền,7.5m,10m,Đông Bắc,5.0,4.0,5.0,67.10m²,159m²,5m,street house,67100.38801528722,10.798975195184925,106.68251762334988,2.7867850961825043,,,,,
5HGF87,"554 Đoàn Văn Bơ, P.13, Q.4, TP.HCM",8500000.0,143.09,Nhà mặt tiền,3.92m,15.9m,Đông Bắc,4.0,4.0,3.0,59.40m²,,,street house,59403.172828289884,10.764598910852236,106.71057972592399,2.101877601456539,,,,,
SDBRU5,"MPN 22 Thạnh Lộc 57, P.Thạnh Lộc, Q.12, TP.HCM",5400000.0,83.98,Nhà mặt tiền,4m,16.12m,Tây Bắc,4.0,5.0,4.0,64.30m²,191.40m²,10m,street house,64301.02405334603,10.771080354982184,106.71046244303221,1.5782974728905295,,,,,
CWW2RB,"791 Quang Trung, P.12, Q.Gò Vấp, TP.HCM",6350000.0,156.01,Nhà mặt tiền,2.35m,17.3m,Đông Bắc,2.0,2.0,2.0,40.70m²,67m²,20m,street house,40702.51906929043,10.827232597517686,106.6714604457048,6.05259045824514,,,,,
K4ZSGC,"40 Lê Văn Lương, P.Tân Hưng, Q.7, TP.HCM",16800000.0,141.17,Nhà mặt tiền,3.5m,34.87m,Đông,14.0,14.0,5.0,119m²,280.42m²,10m,street house,119005.45441666078,10.738341409139021,106.73923710804843,6.352658983728559,,,,,
GN1UD2,"142 Tô Hiến Thành, P.15, Q.10, TP.HCM",36000000.0,503.49,Nhà mặt tiền,4.1m,23.46m,Đông Nam,3.0,2.0,3.0,71.50m²,205.90m²,9.6m,street house,71500.9235535959,10.78240177165221,106.70603272963656,0.8189465246405773,,,,,
JGG150,"602 Hồ Học Lãm, P.Bình Trị Đông B, Q.Bình Tân, TP.HCM",29000000.0,83.09,Nhà mặt tiền,9.85m,31.32m,Tây Nam,6.0,6.0,1.0,349m²,,10m,street house,349019.1358767601,10.758659070771477,106.61457262945927,9.528027449321531,,,,,
5YVA47,"2485 Phạm Thế Hiển, P.7, Q.8, TP.HCM",10400000.0,95.5,Nhà mặt tiền,3.95m,29.04m,Tây Bắc,2.0,2.0,2.0,108.90m²,124m²,10m,street house,108900.52356020942,10.734367785004011,106.61977894202857,10.018545301916195,,,,,
Q5HBTU,"Kinh Dương Vương, P.An Lạc A, Q.Bình Tân, TP.HCM",25000000.0,469.25,Nhà mặt tiền,19.35m,3.91m,Đông Nam,4.0,3.0,4.0,75.10m²,295.30m²,60m,street house,53276.505061267984,10.75201031418658,106.59634860565373,11.642991264472617,,,,,
J2SS10,"40 Thạnh Xuân 22, P.Thạnh Xuân, Q.12, TP.HCM",7550000.0,107.7,Nhà mặt tiền,5.12m,13.65m,Tây Nam,4.0,4.0,4.0,70.10m²,188.80m²,4.35m,street house,70102.13556174558,10.761630341255593,106.69418074946608,2.076943525448199,,,,,
GXA362,"42 Lê Thị Riêng, P.Thới An, Q.12, TP.HCM",12500000.0,161.7,Nhà mặt tiền,5.06m,16.15m,Tây,4.0,4.0,4.0,77.30m²,217.10m²,,street house,77303.64873222017,10.776623268966928,106.70482024683841,0.7236150127634391,,,,,
0Z2549,"135 Xuân Hồng, P.12, Q.Tân Bình, TP.HCM",21200000.0,281.16,Nhà mặt tiền,3.97m,19.2m,Đông Nam,10.0,11.0,5.0,75.40m²,441.70m²,11m,street house,75401.90638782187,10.8045563495687,106.65426971070515,5.609638230060647,,,,,
0Z2549,"135 Xuân Hồng, P.12, Q.Tân Bình, TP.HCM",21200000.0,281.16,Nhà mặt tiền,3.97m,19.2m,Đông Nam,10.0,11.0,5.0,75.40m²,441.70m²,11m,street house,75401.90638782187,10.806694123301169,106.64652262525675,6.467752492887079,,,,,
SYSV95,"378 Hòa Hảo, P.6, Q.10, TP.HCM",15700000.0,477.2,Nhà mặt tiền,2.88m,14.85m,Nam,4.0,3.0,4.0,32.90m²,94.30m²,8m,street house,32900.25146689019,10.764804500409115,106.70426146044555,1.753112979332088,,,,,
YKXJGD,"đường số 4, An Lạc, Q.Bình Tân, TP.HCM",17000000.0,68.85,Nhà mặt tiền,3.79m,20m,Tây Nam,3.0,1.0,1.0,246.90m²,,12m,street house,246913.5802469136,10.759574197621692,106.61556749604587,9.397972669951088,,,,,
35B1RQ,"60H08 Giang Văn Minh, P.An Phú, TP.Thủ Đức, TP.HCM",110000000.0,382.2,Nhà mặt tiền,14.3m,21m,Tây Nam,4.0,5.0,3.0,287.80m²,343.50m²,6m,street house,287807.4306645735,10.847445402975302,106.75877014391384,9.934502942926294,,,,,
6UKMK8,"14 Trần Văn Kỷ, P.14, Q.Bình Thạnh, TP.HCM",19900000.0,271.85,Nhà mặt tiền,4.35m,20.14m,Tây Nam,5.0,5.0,6.0,73.20m²,329.10m²,5m,street house,73202.13352951995,10.824730110029268,106.69895807068595,4.9715323452316715,,,,,
WPV2MR,"76 Trần Khắc Chân, P.Tân Định, Q.1, TP.HCM",41000000.0,621.21,Nhà mặt tiền,6.25m,11.7m,Tây Nam,3.0,5.0,4.0,66m²,220.90m²,6.4m,street house,66000.2253666232,10.777170349208209,106.71188928466064,1.4360424097582845,,,,,
6SYGD8,"73 đường số 43, P.Tân Quy, Q.7, TP.HCM",49500000.0,284.15,Nhà mặt tiền,8m,23.15m,Bắc,22.0,22.0,8.0,174.20m²,1042.30m²,,street house,174203.76561675174,10.719612810007224,106.73956602954652,7.99751797218559,,,,,
DEK2XH,"34 Hồ Biểu Chánh, P.11, Q.Phú Nhuận, TP.HCM",69000000.0,278.56,Nhà mặt tiền,6.76m,33.26m,Đông Nam,5.0,5.0,5.0,247.70m²,667.30m²,8m,street house,247702.46984491672,10.784310062174482,106.68190130086026,1.9388199874552439,,,,,
PXT5RG,"426 Nguyễn Oanh, P.6, Q.Gò Vấp, TP.HCM",11600000.0,137.11,Nhà mặt tiền,4.12m,29.56m,Tây Bắc,4.0,3.0,2.0,84.60m²,102.80m²,,street house,84603.60294653926,10.82628376428906,106.68170217404452,5.481279509794971,,,,,
QAZQGU,"48 Phạm Đình Hổ, P.2, Q.6, TP.HCM",4700000.0,474.74,Nhà mặt tiền,2.67m,3.9m,Tây,3.0,3.0,5.0,9.90m²,39.20m²,12.5m,street house,9900.155874794624,10.74328536153,106.63084297599843,8.480410344071823,,,,,
6S5C38,"140 Nguyễn Oanh, P.17, Q.Gò Vấp, TP.HCM",19800000.0,330.0,Nhà mặt tiền,3.95m,20.45m,Tây Nam,4.0,3.0,3.0,60m²,185.60m²,7m,street house,60000.0,10.838412432829697,106.68491525057362,6.666092370476418,,,,,
8MTE3A,"235A Lý Thường Kiệt, P.15, Q.11, TP.HCM",28000000.0,285.13,Nhà mặt tiền,9.8m,9.7m,Đông Bắc,3.0,2.0,2.0,98.20m²,188.80m²,20m,street house,98200.8206782871,10.770814854911686,106.70278807845257,1.0740615686163766,,,,,
Q79NRU,"200 Kha Vạn Cân, P.Hiệp Bình Chánh, TP.Thủ Đức, TP.HCM",14000000.0,160.73,Nhà mặt tiền,5.5m,16.31m,Bắc,3.0,3.0,2.0,87.10m²,141.30m²,10m,street house,87102.59441299073,10.849235029649092,106.76503416469853,10.541158314665562,,,,,
R9B26J,"A79 Nguyễn Thần Hiến, P.18, Q.4, TP.HCM",25700000.0,179.46,Nhà mặt tiền,10m,18m,Tây Bắc,6.0,6.0,2.0,143.20m²,263.30m²,8m,street house,143207.3999777109,10.755884576897534,106.701931273664,2.6627001387825224,,,,,
EWWGQ4,"đường số 6, P.An Lạc, Q.Bình Tân, TP.HCM",7600000.0,76.27,Nhà mặt tiền,4m,19.5m,Bắc,3.0,3.0,3.0,78m²,168.80m²,7m,street house,99645.99449324768,10.7619578761623,106.59330397971065,11.730085869039897,,,,,
PCWAGA,"212 Nguyễn Trường Tộ, P.Tân Thành, Q.Tân Phú, TP.HCM",22000000.0,159.72,Nhà mặt tiền,9.08m,15.9m,Nam,2.0,2.0,2.0,146m²,,6m,street house,137741.04683195593,10.791355349152955,106.62516267001243,8.179092108553153,,,,,
0ZV359,"Nguyễn Ảnh Thủ, P.Hiệp Thành, Q.12, TP.HCM",13490000.0,191.61,Nhà mặt tiền,4.2m,16.86m,Đông Bắc,5.0,3.0,4.0,70.40m²,184.40m²,10m,street house,70403.4236208966,10.780811908832009,106.70030817413331,0.18029229266071137,,,,,
UY7YUS,"99 Nguyễn Du, P.7, Q.Gò Vấp, TP.HCM",19800000.0,243.84,Nhà mặt tiền,4.6m,20.54m,Đông Bắc,4.0,5.0,4.0,81.20m²,242.80m²,5.04m,street house,81200.7874015748,10.815329769871397,106.67618490230254,4.658242006825887,,,,,
ERHB84,"276 đường Số 5, P.Bình Hưng Hòa, Q.Bình Tân, TP.HCM",12000000.0,131.57,Nhà mặt tiền,5m,11.22m,Bắc,3.0,2.0,2.0,93m²,132.20m²,12m,street house,91206.20202173748,10.778258191359127,106.60590068114038,10.186562781951785,,,,,
JGMYD0,"60 Thới An 04, P.Thới An, Q.12, TP.HCM",7200000.0,145.74,Nhà mặt tiền,4m,12.35m,Đông Bắc,4.0,3.0,3.0,49.40m²,127.80m²,10m,street house,49403.04652120214,10.76587896298392,106.71543663971896,2.363617025085066,,,,,
1QSGG6,"138A Trần Huy Liệu, P.15, Q.Phú Nhuận, TP.HCM",10000000.0,185.18,Nhà mặt tiền,4.3m,13m,Bắc,1.0,2.0,2.0,54m²,90m²,20m,street house,54001.512042337185,10.809907176070748,106.68250652690097,3.790285301208368,,,,,
5HD5U7,"1129 Nguyễn Ảnh Thủ, P.Trung Mỹ Tây, Q.12, TP.HCM",14900000.0,190.29,Nhà mặt tiền,4.5m,23.7m,Tây Bắc,1.0,1.0,1.0,78.30m²,,20m,street house,78301.53975511063,10.7778303915843,106.70288441627865,0.4739558956510498,,,,,
1UQAH6,"29 Thích Bửu Đăng, P.1, Q.Gò Vấp, TP.HCM",4050000.0,275.51,Nhà mặt tiền,2.35m,8.71m,Bắc,2.0,3.0,3.0,14.70m²,25m²,3.85m,street house,14700.010888896955,10.824559255938766,106.67607227289712,5.552548646207865,,,,,
5HYVM7,"43-45 Nguyễn Phạm Tuân, P.9, Q.6, TP.HCM",12000000.0,132.45,Nhà mặt tiền,7m,13.63m,Đông,4.0,1.0,2.0,90.60m²,147.20m²,5.42m,street house,90600.22650056626,10.75466834163701,106.6448471964374,6.544820342301912,,,,,
9Z0ATP,"23 Thạnh Xuân 46, P.Thạnh Xuân, Q.12, TP.HCM",5860000.0,96.38,Nhà mặt tiền,4.25m,14.36m,Đông Bắc,3.0,3.0,3.0,60.80m²,155.20m²,,street house,60800.996057273296,10.77462962940668,106.70257931675243,0.6899593949451227,,,,,
4GQ8ZF,"82 Nguyễn Thái Học, Dĩ An, Dĩ An, TP.HCM",8000000.0,91.95,Nhà mặt tiền,,4m,,2.0,1.0,1.0,,87m²,,street house,87003.80641653072,10.785373032861683,106.73251596419296,3.7142662321018096,,,,,
85Q2D3,"1045 Nguyễn Kiệm, P.3, Q.Gò Vấp, TP.HCM",7100000.0,102.89,Nhà mặt tiền,5.76m,14.35m,Đông Nam,2.0,2.0,2.0,69m²,124.30m²,,street house,69005.73427932744,10.82935656005727,106.68328511276324,5.747198274795193,,,,,
6UWG68,"322 Trần Hưng Đạo, P.Nguyễn Cư Trinh, Q.1, TP.HCM",28500000.0,420.35,Nhà mặt tiền,4.1m,17.26m,Đông Nam,3.0,3.0,3.0,67.80m²,213.60m²,20m,street house,67800.64232187462,10.771671804221487,106.70592955664284,1.1726569067960648,,,,,
4J1ZWF,"146 Trần Văn Đang, P.9, Q.3, TP.HCM",3350000.0,220.39,Nhà mặt tiền,2.57m,5.8m,Tây Bắc,2.0,3.0,4.0,15.20m²,47.10m²,5m,street house,15200.326693588639,10.785781086362483,106.69433944955676,0.8383496314536021,,,,,
AUWTYX,"742 Quốc Lộ 1A, P.Bình Hưng Hòa, Q.Bình Tân, TP.HCM",24700000.0,96.86,Nhà mặt tiền,5.75m,34.5m,Đông,1.0,1.0,1.0,255m²,,10m,street house,255007.22692545943,10.771054652394495,106.59697891764452,11.202751610283633,,,,,
7KYWCA,"854 Quang Trung, P.8, Q.Gò Vấp, TP.HCM",16500000.0,214.0,Nhà mặt tiền,4.68m,16.43m,Nam,5.0,3.0,3.0,77.10m²,109.60m²,,street house,77102.80373831776,10.827957593394505,106.67555150574445,5.914779387682458,,,,,
YB3QQD,"39 Nguyễn Văn Linh, P.Tân Thuận Tây, Q.7, TP.HCM",19650000.0,235.04,Nhà mặt tiền,7.15m,11.57m,Bắc,3.0,1.0,2.0,83.60m²,167.20m²,,street house,83602.79101429544,10.731195919413574,106.73843759661624,6.889589678596091,,,,,
1UETW6,"297 Phạm Thế Hiển, P.Rạch Ông, Q.8, TP.HCM",16800000.0,213.74,Nhà mặt tiền,3.96m,20.5m,Tây Bắc,7.0,8.0,4.0,78.60m²,163.40m²,,street house,78600.16842893235,10.709677703491398,106.63813143101399,10.222720404766857,,,,,
6QF6F8,"Đào Duy Từ, P.8, Q.10, TP.HCM",35000000.0,305.94,Nhà mặt tiền,4m,28m,Tây Bắc,1.0,1.0,5.0,114.40m²,418.89m²,16m,street house,114401.51663724914,10.76199911144469,106.711346775814,2.3844785648361566,,,,,
6Q3KH8,"đường số 6, P.4, Q.4, TP.HCM",12600000.0,281.25,Nhà mặt tiền,4.5m,9.96m,Đông Nam,3.0,4.0,4.0,44.80m²,156.90m²,7.67m,street house,44800.0,10.751344282839716,106.69855537313485,3.1463385083249924,,,,,
5HX6B7,"Phạm Ngọc, P.Tân Quý, Q.Tân Phú, TP.HCM",11900000.0,106.53,Nhà mặt tiền,3.8m,29.4m,Bắc,2.0,2.0,2.0,111.70m²,,10m,street house,111705.62282924997,10.782428464041157,106.6154577003498,9.144542309402691,,,,,
6S6W08,"95A Lũy Bán Bích, P.Tân Thới Hòa, Q.Tân Phú, TP.HCM",5950000.0,196.36,Nhà mặt tiền,2.21m,13.85m,Đông,2.0,2.0,3.0,30.30m²,68.50m²,15m,street house,30301.487064575267,10.778701557681352,106.61553829086118,9.131894879283234,,,,,
GNGXD2,"191 Thạnh Lộc 15, P.Thạnh Lộc, Q.12, TP.HCM",7150000.0,114.95,Nhà mặt tiền,4.77m,13.5m,Đông Nam,5.0,5.0,3.0,62.20m²,212.80m²,,street house,62200.95693779904,10.778733811540421,106.68920936879238,1.080121465531485,,,,,
1URTB6,"12 đường số 40A, P.Tân Tạo, Q.Bình Tân, TP.HCM",11900000.0,148.75,Nhà mặt tiền,5m,16m,Tây,4.0,3.0,3.0,80m²,192m²,14m,street house,80000.0,10.763677351410873,106.59721415861725,11.277099414216586,,,,,
7HNRTA,"Quốc lộ 1A, P.Tân Chánh Hiệp, Q.12, TP.HCM",11500000.0,59.8,Nhà mặt tiền,9.42m,25.13m,Đông Nam,3.0,3.0,2.0,192.30m²,,30m,street house,192307.6923076923,10.76898359436415,106.71600466917747,2.2079306799016765,,,,,
8UV603,"100I Gò Dầu, P.Tân Quý, Q.Tân Phú, TP.HCM",16500000.0,257.16,Nhà mặt tiền,4m,16.04m,Nam,3.0,3.0,4.0,64.16m²,,10m,street house,64162.38917405505,10.788529175520107,106.63630691287045,6.927427975506276,,,,,
UYGJCS,"165 Trần Văn Kiểu, P.10, Q.6, TP.HCM",13900000.0,198.57,Nhà mặt tiền,4m,17.5m,Đông,4.0,4.0,4.0,70m²,177.50m²,,street house,70000.50360074533,10.74173742411074,106.63090339178895,8.557511459028975,,,,,
7KCB1A,"824 Lê Trọng Tấn, P.Bình Hưng Hòa, Q.Bình Tân, TP.HCM",12000000.0,186.04,Nhà mặt tiền,5.51m,12.4m,Tây Nam,3.0,2.0,2.0,64.50m²,129m²,,street house,64502.25757901527,10.766137277787593,106.5892235523323,12.103859715618027,,,,,
1UQ3S6,"42B đường số 11, Cát Lái, Q.2, TP.HCM",7400000.0,119.54,Nhà mặt tiền,6m,10m,Tây Nam,3.0,2.0,3.0,61.90m²,101.50m²,,street house,61903.965199933074,10.792826375045083,106.73898151451375,4.601499459745754,,,,,
Q762FU,"72 Bạch Đằng, P.2, Q.Tân Bình, TP.HCM",34000000.0,473.33,Nhà mặt tiền,5.8m,12.29m,Tây Bắc,13.0,13.0,7.0,71.83m²,,20m,street house,71831.49177106882,10.805517358094358,106.66467160721339,4.713718718831897,,,,,
QAY7KU,"20 đường số 2, P.11, Q.Gò Vấp, TP.HCM",3250000.0,377.9,Nhà mặt tiền,3.32m,9.46m,Tây Bắc,2.0,2.0,2.0,8.60m²,8.60m²,2.82m,street house,8600.158772161949,10.841892134401917,106.67526989934083,7.344752025221234,,,,,
RP063J,"162 đường số 8, P.11, Q.Gò Vấp, TP.HCM",6800000.0,290.59,Nhà mặt tiền,4m,11.35m,Tây,2.0,2.0,2.0,23.40m²,51m²,12m,street house,23400.66760728174,10.824665316992625,106.69068914566432,5.047424168679597,,,,,
P1ZKXG,"105 Nguyễn Văn Khối, P.9, Q.Gò Vấp, TP.HCM",9000000.0,128.57,Nhà mặt tiền,4m,13.52m,Đông Nam,6.0,6.0,5.0,70m²,70m²,5m,street house,70000.77778641986,10.81958919528443,106.67742519676172,4.996666620965266,,,,,
6SCCN8,"300 Nguyễn Văn Đậu, P.11, Q.Bình Thạnh, TP.HCM",24000000.0,155.74,Nhà mặt tiền,3.93m,35.22m,Tây Bắc,3.0,3.0,1.0,154.10m²,106m²,,street house,154102.9921664312,10.804389339069711,106.70593378754297,2.8244123169970536,,,,,
C41CGB,"52 đường B, P.Phú Thạnh, Q.Tân Phú, TP.HCM",10800000.0,92.33,Nhà mặt tiền,5.1m,21.2m,Đông Nam,1.0,1.0,2.0,110.70m²,142.40m²,7m,street house,116971.73183147407,10.789831037159937,106.61519619650066,9.235450009566843,,,,,
UY49AS,"16 đường 302B Bông Sao, P.5, Q.8, TP.HCM",10400000.0,216.66,Nhà mặt tiền,4m,12m,Đông,4.0,3.0,4.0,48m²,154m²,10m,street house,48001.47696852211,10.724872914681928,106.6189434033204,10.659348717291403,,,,,
7H4YXA,"đường số 51, P.14, Q.Gò Vấp, TP.HCM",6800000.0,130.51,Nhà mặt tiền,3.45m,22.4m,Tây Nam,1.0,1.0,1.0,52.10m²,,8m,street house,52103.287104436444,10.825569078610176,106.68420644310578,5.317392704797475,,,,,
GNM4G2,"69 đường số 4, P.16, Q.Gò Vấp, TP.HCM",8390000.0,246.04,Nhà mặt tiền,4.1m,11.9m,Đông Nam,4.0,5.0,3.0,34.10m²,,10m,street house,34100.146317671926,10.838293461441086,106.66834767785849,7.289802132359014,,,,,
0GRKZ9,"62 Phạm Phú Thứ, P.11, Q.Tân Bình, TP.HCM",6700000.0,211.75,Nhà mặt tiền,2.91m,9.9m,Tây Bắc,2.0,2.0,3.0,31.64m²,,10m,street house,31641.08618654073,10.787473250829072,106.66335192295868,3.993370084260542,,,,,
DCA65H,"276 đường số 5, KP10, P.Bình Hưng Hòa, Q.Bình Tân, TP.HCM",12000000.0,129.03,Nhà mặt tiền,5m,19.5m,Đông Bắc,3.0,2.0,2.0,93m²,132.20m²,10m,street house,93001.62752848175,10.76592016083448,106.59539109263625,11.438089624620012,,,,,
SA1RE5,"169 Bờ Bao Tân Thắng, P.Sơn Kỳ, Q.Tân Phú, TP.HCM",15000000.0,234.37,Nhà mặt tiền,4m,16m,Tây Bắc,2.0,2.0,2.0,64m²,132m²,24m,street house,64001.36536246107,10.79659839345892,106.63399542627083,7.3514132181746366,,,,,
7D663A,"71 Nguyễn Hữu Dật, P.Tây Thạnh, Q.Tân Phú, TP.HCM",8700000.0,145.0,Nhà mặt tiền,4m,15m,Đông,2.0,2.0,3.0,60m²,121m²,16m,street house,60000.0,10.77564137689185,106.63775055644062,6.7174843278943515,,,,,
JP78G0,"Nguyễn Ảnh Thủ, P.Hiệp Thành, Q.12, TP.HCM",10200000.0,158.87,Nhà mặt tiền,4m,25m,Tây Nam,2.0,1.0,1.0,64.20m²,64.20m²,12m,street house,64203.436772203684,10.76877622855755,106.7072517103778,1.5138676298167135,,,,,
6SH1G8,"Một phần nhà số 267 Lê Trọng Tấn, P.Sơn Kỳ, Q.Tân Phú, TP.HCM",29000000.0,166.09,Nhà mặt tiền,7.53m,29m,Bắc,4.0,2.0,3.0,174.60m²,304.30m²,,street house,174604.13029080618,10.790007352969303,106.62890268894205,7.752233062887859,,,,,
1U2BN6,"500 Nguyễn Oanh, P.6, Q.Gò Vấp, TP.HCM",11490000.0,111.4,Nhà mặt tiền,5.3m,28.9m,Tây Bắc,1.0,1.0,1.0,103.14m²,51.96m²,20m,street house,103141.83123877917,10.8258797326617,106.67518652410374,5.7266585259849,,,,,
QA00BU,"136 Âu Dương Lân, P.Rạch Ông, Q.8, TP.HCM",7480000.0,158.13,Nhà mặt tiền,6.1m,7.72m,Đông Bắc,4.0,5.0,4.0,47.30m²,145.60m²,,street house,47302.852083728576,10.721235855665704,106.63166433902819,9.809776488242576,,,,,
8UEN83,"12F đường số 1, P.Tân Tạo A, Q.Bình Tân, TP.HCM",7100000.0,34.02,Nhà mặt tiền,4m,52.4m,Đông Nam,5.0,5.0,4.0,208.70m²,205.24m²,5m,street house,208700.7642563198,10.775787679463377,106.59339363104806,11.561540672966366,,,,,
7Q3TA8,"85 Đường 270 Cao Lỗ, P.4, Q.8, TP.HCM",28000000.0,175.0,Nhà mặt tiền,8m,20m,Đông Bắc,4.0,5.0,3.0,160m²,234.10m²,14m,street house,160000.0,10.732829978078023,106.63677560780737,8.563735198731106,,,,,
9T6Z8P,"19 Trần Thị Nghỉ, P.7, Q.Gò Vấp, TP.HCM",36500000.0,301.65,Nhà mặt tiền,6.5m,20m,Đông Nam,7.0,9.0,5.0,121m²,456.50m²,16m,street house,121001.16028509864,10.833641083632394,106.68708909262256,6.098595743616208,,,,,
EJWDG4,"đường số 8B, P.Bình Hưng Hoà A, Q.Bình Tân, TP.HCM",4800000.0,100.0,Nhà mặt tiền,4.02m,11.93m,Tây,1.0,1.0,2.0,48m²,70.50m²,5.76m,street house,48000.0,10.770040949309758,106.59706016828189,11.204147144043274,,,,,
AK7ZQY,"38 đường số 6D, P.An Lạc A, Q.Bình Tân, TP.HCM",12300000.0,136.66,Nhà mặt tiền,5m,18m,Tây,3.0,3.0,4.0,90m²,219.60m²,12m,street house,90004.39045807112,10.753295730011596,106.59336448209318,11.922354782408448,,,,,
1QYEH6,"24 Hồ Văn Long, P.Bình Hưng Hoà B, Q.Bình Tân, TP.HCM",8000000.0,83.33,Nhà mặt tiền,4.59m,24.77m,Tây,2.0,1.0,1.0,96m²,,12m,street house,96003.84015360614,10.77846003416,106.59652517663112,11.211498507646782,,,,,
8UXXR3,"66 Nguyễn Giản Thanh, P.15, Q.10, TP.HCM",15600000.0,259.39,Nhà mặt tiền,3.1m,19.4m,Tây Nam,4.0,6.0,3.0,60.14m²,240m²,7.5m,street house,60141.100273719116,10.768996520302979,106.70617950809269,1.4268322380160237,,,,,
RCQHJQ,"61 Gò Dầu, P.Tân Quý, Q.Tân Phú, TP.HCM",16700000.0,210.32,Nhà mặt tiền,4m,20.05m,Bắc,5.0,3.0,3.0,79.40m²,245.40m²,10.8m,street house,79402.8147584633,10.798138831100548,106.63245927710192,7.558027973062931,,,,,
SY4935,"120 đường số 37, P.Tân Quy, Q.7, TP.HCM",13900000.0,195.22,Nhà mặt tiền,4.1m,20.75m,Nam,3.0,3.0,2.0,71.20m²,145m²,10m,street house,71201.7211351296,10.743920751612233,106.71575373472058,4.368533361991832,,,,,
8SHFZ3,"6/11B Huỳnh Thị Na, Xã Đông Thạnh, H.Hóc Môn, TP.HCM",5000000.0,55.37,Nhà mặt tiền,5.27m,26.73m,Đông Nam,2.0,1.0,1.0,90.30m²,53.50m²,8m,street house,90301.60736861116,10.869604286345043,106.58707073342272,15.766816802323673,,,,,
EW9G14,"Sư Vạn Hạnh, P.10, Q.10, TP.HCM",13000000.0,392.74,Nhà mặt tiền,2.9m,13m,Tây,8.0,5.0,5.0,33.10m²,150.10m²,24m,street house,33100.779141416715,10.774994090639503,106.70813921981183,1.1286324868224518,,,,,
EJEDT4,"388 Lê Văn Thọ, P.16, Q.Gò Vấp, TP.HCM",16500000.0,202.37,Nhà mặt tiền,4.4m,26m,Tây,4.0,5.0,3.0,81.53m²,160.22m²,30m,street house,81533.82418342639,10.83732447245621,106.67875392434829,6.73974630493824,,,,,
GXJYN2,"456 Phạm Văn Chí, P.8, Q.6, TP.HCM",4560000.0,230.3,Nhà mặt tiền,3m,7.5m,Đông Nam,1.0,2.0,2.0,19.80m²,39.60m²,20m,street house,19800.260529743813,10.752883981942313,106.64887596173847,6.240380557280231,,,,,
7KT6DA,"199-201 đường số 3, P.Bình Trị Đông B, Q.Bình Tân, TP.HCM",29500000.0,122.91,Nhà mặt tiền,12m,20m,Bắc,8.0,5.0,2.0,240m²,307.90m²,12m,street house,240013.01765519485,10.751903397425005,106.61441751092266,9.7544734774176,,,,,
PNXDJG,"105A Nguyễn Hữu Tiến, P.Tây Thạnh, Q.Tân Phú, TP.HCM",27000000.0,147.05,Nhà mặt tiền,6.85m,27m,Đông Bắc,6.0,7.0,4.0,183.60m²,,14m,street house,183611.01666099965,10.803448077616626,106.61358238694294,9.704294617091628,,,,,
9Z0HMP,"62 đường số 21, P.Phước Long A, TP.Thủ Đức, TP.HCM",11000000.0,166.09,Nhà mặt tiền,4.25m,21.9m,Đông Nam,2.0,2.0,2.0,69.20m²,,6m,street house,66229.15286892648,10.845670592026343,106.75648867391497,9.622727911214543,,,,,
8S69H3,"73 đường số 24, P.Bình Trị Đông B, Q.Bình Tân, TP.HCM",14500000.0,161.11,Nhà mặt tiền,4.5m,20m,Đông,4.0,5.0,4.0,90m²,,12m,street house,90000.62069393581,10.761127337479579,106.61284437443724,9.64929328013626,,,,,
SYCR35,"59 Hoàng Văn Thụ, P.15, Q.Phú Nhuận, TP.HCM",13000000.0,268.59,Nhà mặt tiền,2.9m,17.41m,Bắc,3.0,3.0,3.0,48.40m²,131.50m²,30m,street house,48400.908447820104,10.786410994481972,106.6907729066479,1.162876068992721,,,,,
SAQV25,"7 Nguyễn Lộ Trạch, P.Tân Quý, Q.Tân Phú, TP.HCM",7850000.0,107.09,Nhà mặt tiền,3.8m,18.9m,Đông,1.0,1.0,2.0,73.30m²,71.20m²,6m,street house,73302.82939583527,10.783984399972951,106.62149912072509,8.491824048631715,,,,,
3STWJQ,"đường số 7A, P.Bình Trị Đông B, Q.Bình Tân, TP.HCM",15500000.0,163.15,Nhà mặt tiền,5m,19m,Nam,3.0,4.0,3.0,95m²,217.50m²,14m,street house,95004.59699662887,10.767392313825985,106.60560156815504,10.309597982526759,,,,,
RP1FAJ,"Cô Giang, P.1, Q.Phú Nhuận, TP.HCM",9950000.0,254.47,Nhà mặt tiền,2.89m,11.99m,Đông Nam,8.0,5.0,5.0,39.10m²,183.30m²,8.15m,street house,39100.876331198175,10.793549802975802,106.68983683178688,1.824454312253492,,,,,
81GK3A,"đường Số 14, P.An Lạc A, Q.Bình Tân, TP.HCM",8500000.0,163.46,Nhà mặt tiền,4m,17m,Tây,4.0,3.0,4.0,52m²,172m²,,street house,52000.489416370976,10.751534330076971,106.59536362428076,11.760825960182581,,,,,
E0WW64,"đường số 14A, P.Bình Hưng Hoà A, Q.Bình Tân, TP.HCM",4750000.0,74.1,Nhà mặt tiền,3.98m,16.04m,Đông Nam,2.0,2.0,2.0,64.10m²,51.80m²,5m,street house,64102.56410256411,10.750263408258045,106.61635475305873,9.61381153074275,,,,,
KF91PC,"234-236 Hoàng Văn Thụ, P.4, Q.Tân Bình, TP.HCM",22000000.0,233.62,Nhà mặt tiền,5.93m,16.45m,Đông Nam,5.0,4.0,4.0,94.17m²,,,street house,94170.01969009502,10.810175587497797,106.64081051718115,7.199759703772552,,,,,
QAYYBU,"45 Cô Giang, P.1, Q.Phú Nhuận, TP.HCM",14500000.0,317.98,Nhà mặt tiền,3.1m,14.8m,Đông Nam,4.0,5.0,5.0,45.60m²,161m²,8m,street house,45600.35222341028,10.79929250956218,106.67747032517904,3.196016412596481,,,,,
KFE7SC,"đường số 21, P.Bình Hưng Hoà A, Q.Bình Tân, TP.HCM",5600000.0,216.21,Nhà mặt tiền,4m,13.26m,Tây Nam,4.0,2.0,4.0,25.90m²,111.70m²,5.78m,street house,25900.744646408584,10.771533318142344,106.60176307912401,10.676888432692696,,,,,
PN2FVG,"675P2 Đoàn Văn Bơ, P.18, Q.4, TP.HCM",5250000.0,169.9,Nhà mặt tiền,4.28m,8.3m,Tây Nam,4.0,3.0,3.0,30.90m²,92.70m²,3.41m,street house,30900.529723366686,10.75860516789923,106.70489102985181,2.428940723819111,,,,,
5DURG7,"58D Gò Dưa, P.Tam Bình, TP.Thủ Đức, TP.HCM",13000000.0,115.65,Nhà mặt tiền,4.5m,26.89m,Tây Bắc,2.0,1.0,1.0,112.40m²,112.40m²,8m,street house,112408.1279723303,10.846775180245835,106.74370437226382,8.875669450151074,,,,,
1QSCC6,"202 Lê Văn Sỹ, P.10, Q.Phú Nhuận, TP.HCM",28800000.0,296.6,Nhà mặt tiền,4.01m,22.21m,Tây Nam,4.0,4.0,3.0,97.10m²,219.49m²,20m,street house,97100.4720161834,10.79922355135981,106.6647446389495,4.322155109654367,,,,,
4R66PF,"193 - 195 Lê Tấn Bê, P.An Lạc, Q.Bình Tân, TP.HCM",29000000.0,93.33,Nhà mặt tiền,10.52m,29.06m,Tây,10.0,6.0,1.0,310.70m²,,12m,street house,310725.38304939464,10.773890843509578,106.59958955169168,10.895002523902553,,,,,
5YRYV7,"Một phần nhà 63 Bình Phú, P.Tam Phú, TP.Thủ Đức, TP.HCM",6900000.0,111.47,Nhà mặt tiền,4.09m,15.68m,Đông Bắc,1.0,1.0,2.0,61.90m²,,8m,street house,61900.062797165156,10.851309999152917,106.7665984346756,10.825592715966597,,,,,
6TU38Y,"Đường Bà Huyện Thanh Quan, P.Võ Thị Sáu, Q.3, TP.HCM",205000000.0,921.96,Nhà mặt tiền,8m,26m,Đông Bắc,2.0,2.0,2.0,222.35m²,457.70m²,15m,street house,222352.3797127858,10.789211310469478,106.68334387285879,2.0073534053507367,,,,,
ACW99Y,"33 đường DC7, P.Sơn Kỳ, Q.Tân Phú, TP.HCM",9250000.0,165.17,Nhà mặt tiền,4m,14m,Đông Nam,4.0,3.0,4.0,56m²,166.20m²,,street house,56002.90609674881,10.781974774045112,106.62642874618794,7.9436911616240895,,,,,
UYU1KS,"71 Nguyễn Cửu Đàm, P.Tân Sơn Nhì, Q.Tân Phú, TP.HCM",32000000.0,352.03,Nhà mặt tiền,4.5m,19.9m,Đông Bắc,3.0,2.0,2.0,90.90m²,,20m,street house,90901.34363548562,10.804898567461445,106.64022556366487,7.005160301530535,,,,,
Y4J5PD,"171 Đỗ Pháp Thuận, P.An Khánh, TP.Thủ Đức, TP.HCM",90000000.0,281.25,Nhà mặt tiền,16m,20m,Đông Nam,5.0,5.0,3.0,320m²,716m²,8m,street house,320000.0,10.848423981148628,106.75081527639628,9.47187682236412,,,,,
1UVA46,"32 đường số 4, P.7, Q.Gò Vấp, TP.HCM",16500000.0,171.87,Nhà mặt tiền,8m,17.94m,Tây Bắc,3.0,2.0,3.0,96m²,203.20m²,5.4m,street house,96002.79280851806,10.814598435828724,106.68637820689531,4.091780917107538,,,,,
9T4A6P,"86 đường số 8, P.Bình Hưng Hoà A, Q.Bình Tân, TP.HCM",10800000.0,155.39,Nhà mặt tiền,4.02m,17.1m,Tây,6.0,8.0,5.0,69.50m²,255.80m²,8m,street house,69502.54199111913,10.764787216001992,106.60036971694045,10.917096281522246,,,,,
DE0PWH,"216 Thạnh Lộc 31, P.An Phú Đông, Q.12, TP.HCM",7500000.0,143.95,Nhà mặt tiền,4m,13.09m,Tây Nam,4.0,5.0,5.0,52.10m²,186.20m²,10m,street house,52101.424105592225,10.776046227480993,106.71278226689019,1.5600963734254654,,,,,
CWJ3TB,"32 đường số  3B, P.Bình Hưng Hoà A, Q.Bình Tân, TP.HCM",5350000.0,112.86,Nhà mặt tiền,3.73m,12.73m,Tây,3.0,2.0,3.0,47.40m²,,7m,street house,47403.863193336874,10.77755438197564,106.5888835206341,12.048838641687503,,,,,
2MXHNZ,"179 đường số 3, P.Bình Hưng Hòa, Q.Bình Tân, TP.HCM",10800000.0,191.82,Nhà mặt tiền,4m,14.15m,Tây Nam,3.0,3.0,3.0,56.30m²,161.70m²,10m,street house,56302.78385986863,10.75803043091421,106.60613421843094,10.441037253699886,,,,,
SDYK35,"76 Nguyễn Văn Vỹ, P.12, Q.Tân Bình, TP.HCM",5450000.0,150.13,Nhà mặt tiền,3m,9.1m,Đông,3.0,3.0,3.0,36.30m²,55.30m²,,street house,36301.871711183645,10.80435017924119,106.64673299917683,6.331837095227483,,,,,
35GBJQ,"Duy Tân, P.15, Q.Phú Nhuận, TP.HCM",3680000.0,219.04,Nhà mặt tiền,3.35m,5.1m,Đông Nam,2.0,1.0,2.0,16.80m²,33.60m²,6m,street house,16800.584368151936,10.81244453572851,106.66691961414465,5.037946035470461,,,,,
Q74WEU,"626 Lê Trọng Tấn, P.Bình Hưng Hòa, Q.Bình Tân, TP.HCM",16000000.0,149.95,Nhà mặt tiền,5m,21.67m,Tây Nam,3.0,3.0,3.0,106.70m²,219.20m²,30m,street house,106702.23407802601,10.765224456591064,106.59289913306941,11.718573750824376,,,,,
5DRD67,"71 Tân Hiệp 9, TT.Hóc Môn, H.Hóc Môn, TP.HCM",9600000.0,38.4,Nhà mặt tiền,8.3m,30m,Tây Bắc,1.0,1.0,2.0,250m²,,13m,street house,250000.0,10.876867508527274,106.59839391254457,15.375771522216361,,,,,
2X17JZ,"79 Nguyễn Văn Công, P.3, Q.Gò Vấp, TP.HCM",14200000.0,237.45,Nhà mặt tiền,4.03m,15.06m,Tây Bắc,9.0,9.0,5.0,59.80m²,212.20m²,8m,street house,59802.06359233523,10.838818231201417,106.68484078198001,6.711645240163127,,,,,
W9PQER,"159 Lương Ngọc Quyến, P.5, Q.Gò Vấp, TP.HCM",2480000.0,103.33,Nhà mặt tiền,4m,6.55m,Tây Bắc,1.0,1.0,2.0,24m²,,3m,street house,24000.77421852318,10.828362920087361,106.68452756130912,5.602469167264171,,,,,
5YVFT7,"126 Thân Nhân Trung, P.13, Q.Tân Bình, TP.HCM",13700000.0,250.0,Nhà mặt tiền,4.12m,13.23m,Tây Bắc,4.0,4.0,4.0,54.50m²,183.23m²,8m,street house,54800.0,10.811281491972244,106.6456747375799,6.795807138249642,,,,,
PN4WAG,"437 Âu Cơ, P.Phú Trung, Q.Tân Phú, TP.HCM",7300000.0,150.2,Nhà mặt tiền,2.8m,22.9m,Đông Bắc,2.0,1.0,2.0,48.60m²,84.60m²,10m,street house,48601.86418109188,10.791399082749967,106.61113181443892,9.698297261735593,,,,,
1UUDK6,"650 Hà Huy Giáp, P.Thạnh Lộc, Q.12, TP.HCM",6800000.0,101.82,Nhà mặt tiền,3.5m,19.08m,Tây Bắc,2.0,2.0,1.0,66.78m²,,,street house,66784.52170496956,10.784565038220924,106.69150194212405,0.9782936392389294,,,,,
EBBX4W,"đường An Dương Vương, P.An Lạc, Q.Bình Tân, TP.HCM",48000000.0,104.85,Nhà mặt tiền,9.03m,58.66m,Đông,1.0,1.0,1.0,438m²,,,street house,457796.85264663806,10.771058730917048,106.60767274190563,10.037990243994722,,,,,
5H0QP7,"42 Tân Thới Nhất 1, P.Tân Thới Nhất, Q.12, TP.HCM",7500000.0,170.84,Nhà mặt tiền,4m,22m,Tây Bắc,1.0,1.0,1.0,43.90m²,43.90m²,,street house,43900.72582533365,10.762454335354189,106.6930569222151,2.0251844899551052,,,,,
37CSTQ,"21 đường số 1, P.10, Q.Tân Bình, TP.HCM",7790000.0,187.71,Nhà mặt tiền,3.74m,11.16m,Tây Bắc,3.0,2.0,2.0,41.50m²,83m²,10m,street house,41500.186457833894,10.809428371151187,106.65127120054744,6.166781022235983,,,,,
37DGKQ,"39 Nguyễn Văn Yến, P.Tân Thới Hòa, Q.Tân Phú, TP.HCM",8800000.0,87.12,Nhà mặt tiền,4.05m,18m,Nam,2.0,2.0,2.0,101m²,98.82m²,,street house,101010.101010101,10.775442821875082,106.61520531673088,9.18014772349183,,,,,
J2ZCR0,"136 Đinh Tiên Hoàng, P.Đa Kao, Q.1, TP.HCM",18900000.0,465.51,Nhà mặt tiền,3m,13.6m,Tây Nam,9.0,2.0,4.0,40.60m²,98.40m²,20m,street house,40600.63156537991,10.774638027236259,106.71228412789807,1.5575841093234537,,,,,
YCJNYD,"290 Phú Thọ Hoà, P.Phú Thọ Hòa, Q.Tân Phú, TP.HCM",18000000.0,220.23,Nhà mặt tiền,4m,21.1m,Tây Nam,6.0,4.0,4.0,84.70m²,265.50m²,12m,street house,81732.73395995096,10.800720127008413,106.62967743419105,7.930103007860444,,,,,
U784MS,"122 Nguyễn Hữu Tiến, P.Tây Thạnh, Q.Tân Phú, TP.HCM",13500000.0,179.04,Nhà mặt tiền,4.05m,18.61m,Tây Nam,5.0,4.0,5.0,75.40m²,325.90m²,12m,street house,75402.14477211797,10.780155439184613,106.62674914416706,7.9050862905258885,,,,,
EJF0Q4,"149 Âu Dương Lân, P.Rạch Ông, Q.8, TP.HCM",7380000.0,279.54,Nhà mặt tiền,2.93m,9.25m,Tây Bắc,4.0,3.0,4.0,26.40m²,25.80m²,8m,street house,26400.515132002572,10.726037092336547,106.62567162962922,9.986129372251035,,,,,
PX1JNG,"14 đường số 223, Xã Bình Mỹ, H.Củ Chi, TP.HCM",6050000.0,45.55,Nhà mặt tiền,7.08m,19.98m,Đông Nam,4.0,6.0,4.0,132.80m²,,7m,street house,132821.075740944,10.995432927430985,106.5067023347423,31.79810674635174,,,,,
37REVQ,"100 Võ Thị Phải, P.Thới An, Q.12, TP.HCM",7900000.0,65.61,Nhà mặt tiền,5.4m,31.57m,Tây Bắc,6.0,6.0,1.0,120.40m²,,12m,street house,120408.47431793934,10.775788564029053,106.69198257507065,0.8883468211293037,,,,,
5HHBC7,"156A Nguyễn Súy, P.Tân Quý, Q.Tân Phú, TP.HCM",10900000.0,219.71,Nhà mặt tiền,3.9m,12.7m,Tây Bắc,4.0,5.0,5.0,49.61m²,195.12m²,12m,street house,49610.850666788036,10.786763845358307,106.62233625976654,8.422964787959371,,,,,
85SDN3,"215A Phùng Văn Cung, P.4, Q.Phú Nhuận, TP.HCM",18000000.0,346.15,Nhà mặt tiền,4.65m,11.05m,Đông Bắc,4.0,6.0,6.0,50.80m²,,7.25m,street house,52000.57778419761,10.795449150567766,106.66612807385097,3.993551532861533,,,,,
3SNN6Q,"136 Nguyễn Hữu Tiến, P.Tây Thạnh, Q.Tân Phú, TP.HCM",10500000.0,141.89,Nhà mặt tiền,3.1m,23.73m,Tây Nam,5.0,5.0,6.0,74m²,400.40m²,15m,street house,74000.98667982241,10.802989659030862,106.6109711017378,9.966415133201682,,,,,
3SPAWQ,"100 Thiên Phước, P.9, Q.Tân Bình, TP.HCM",15600000.0,256.15,Nhà mặt tiền,4.2m,12.8m,Đông Nam,3.0,4.0,4.0,60.90m²,199.47m²,15m,street house,60901.815342572714,10.812509649842347,106.65557298648443,5.973893473661827,,,,,
4MJKF5,"Liên Khu 1-6, P.Bình Trị Đông, Q.Bình Tân, TP.HCM",8400000.0,126.47,Nhà mặt tiền,4m,17m,Tây,4.0,3.0,5.0,68m²,190.90m²,5m,street house,66418.91357634221,10.754770208702434,106.61059357836017,10.060276102164323,,,,,
0Z50F9,"79 đường số 5, P.Bình Chiểu, TP.Thủ Đức, TP.HCM",12000000.0,69.0,Nhà mặt tiền,10m,20m,Đông Bắc,3.0,3.0,1.0,173.90m²,126.90m²,,street house,173913.04347826086,10.861774991934661,106.76657205597859,11.696386076526705,,,,,
5HRBS7,"157 đường số 6, P.Bình Hưng Hoà B, Q.Bình Tân, TP.HCM",8500000.0,91.49,Nhà mặt tiền,4.13m,24.18m,Bắc,9.0,9.0,6.0,92.90m²,385.95m²,12m,street house,92906.32856049843,10.762185174495146,106.59465452210654,11.58024688608133,,,,,
6SKKQ8,"39L Hiệp Thành 06, P.Hiệp Thành, Q.12, TP.HCM",6850000.0,68.36,Nhà mặt tiền,5.15m,19.45m,Tây Bắc,1.0,1.0,1.0,100.20m²,78.30m²,10m,street house,100204.79812755997,10.770758006271889,106.7115189793682,1.6921368104510321,,,,,
SDC1W5,"14A đường số 5A, P.Bình Hưng Hoà A, Q.Bình Tân, TP.HCM",8900000.0,165.12,Nhà mặt tiền,4.48m,15.82m,Tây,4.0,5.0,5.0,53.90m²,225.80m²,5.31m,street house,53900.19379844961,10.771484479719664,106.60268670736087,10.576713555135518,,,,,
YBCW7D,"155 Nguyễn Lộ Trạch, P.Tân Quý, Q.Tân Phú, TP.HCM",11000000.0,145.69,Nhà mặt tiền,5.53m,12.17m,Đông,4.0,3.0,3.0,75.50m²,159.30m²,5.18m,street house,75502.77987507722,10.79468557977515,106.6180527624413,9.007942607001123,,,,,
1QYFC6,"đường Số 2, P.16, Q.Gò Vấp, TP.HCM",7900000.0,168.44,Nhà mặt tiền,3.9m,18.05m,Tây Bắc,2.0,2.0,2.0,46.90m²,93.30m²,4.3m,street house,46900.97364046545,10.832020505883616,106.66840933763967,6.678058189783109,,,,,
8UMST3,"đường 26/3, P.Bình Hưng Hòa, Q.Bình Tân, TP.HCM",12200000.0,107.29,Nhà mặt tiền,4.04m,28.34m,Đông Nam,2.0,1.0,2.0,113.70m²,,6m,street house,113710.50424084257,10.761059062254413,106.61512294193946,9.40766213110869,,,,,
Q5ZNBU,"1 đường số 3, P.Tân Tạo A, Q.Bình Tân, TP.HCM",6700000.0,67.06,Nhà mặt tiền,8m,13.54m,Tây,6.0,6.0,2.0,99.90m²,,4.75m,street house,99910.52788547569,10.767914142841851,106.59183322797891,11.797196789302758,,,,,
1QD4H6,"24 đường số 10, P.Bình Thuận, Q.7, TP.HCM",31500000.0,157.5,Nhà mặt tiền,8.8m,25.02m,Nam,2.0,2.0,2.0,200m²,277.70m²,16m,street house,200000.0,10.72589509842496,106.74411382742605,7.736347374433691,,,,,
YCBX4D,"26 Lý Thường Kiệt, P.6, Q.10, TP.HCM",32500000.0,514.24,Nhà mặt tiền,3.8m,17.04m,Tây Nam,8.0,6.0,6.0,63.20m²,360.40m²,15m,street house,63200.06222775358,10.767569956860827,106.70665097219376,1.5876670223058,,,,,
UAVU9S,"98 Nguyễn Du, P.7, Q.Gò Vấp, TP.HCM",18500000.0,163.86,Nhà mặt tiền,4.18m,27.3m,Tây Nam,11.0,11.0,6.0,112.90m²,414.90m²,10m,street house,112901.25717075552,10.841356375052202,106.68909020731192,6.89677804519503,,,,,
6QX408,"375 Nguyễn Sơn, P.Phú Thạnh, Q.Tân Phú, TP.HCM",7300000.0,154.33,Nhà mặt tiền,3.9m,13.3m,Bắc,2.0,2.0,3.0,47.30m²,121.60m²,24m,street house,47301.237607723706,10.787448276685106,106.6381260456342,6.714354735442938,,,,,
GUKH2N,"đường 275, P.Hiệp Phú, TP.Thủ Đức, TP.HCM",6800000.0,90.06,Nhà mặt tiền,5.7m,17.5m,Tây Nam,3.0,2.0,1.0,75.50m²,68.40m²,4.7m,street house,75505.21874306018,10.853945180592069,106.75771412505762,10.415203001757558,,,,,
AC6G7Y,"342 Lê Văn Sỹ, P.2, Q.Tân Bình, TP.HCM",79000000.0,284.67,Nhà mặt tiền,6.5m,34.7m,Nam,3.0,1.0,2.0,277.51m²,192.57m²,,street house,277514.31482066953,10.803924803782188,106.64188460712043,6.795947095457306,,,,,
5HAFR7,"5 Vũ Chí Hiếu, P.13, Q.5, TP.HCM",21000000.0,476.19,Nhà mặt tiền,3.9m,13.3m,Bắc,3.0,2.0,3.0,44.10m²,80.40m²,12m,street house,44100.0441000441,10.767310063605091,106.67561740335641,2.9085821227089235,,,,,
UH12MS,"Thống Nhất, P.16, Q.Gò Vấp, TP.HCM",7800000.0,162.5,Nhà mặt tiền,8m,6m,Đông,3.0,4.0,4.0,48m²,,,street house,48000.0,10.832853291551128,106.68048068866595,6.210604771996974,,,,,
YBHWYD,"2 đường số 19, Thạnh Mỹ Lợi, Q.2, TP.HCM",9500000.0,78.18,Nhà mặt tiền,7.04m,16m,Nam,2.0,1.0,1.0,121.50m²,94.38m²,6m,street house,121514.45382450754,10.778342788681154,106.7529629487653,5.9009215806239865,,,,,
5H6MS7,"đường số 10, P.Bình Hưng Hoà A, Q.Bình Tân, TP.HCM",9500000.0,115.99,Nhà mặt tiền,7.98m,13.43m,Đông Nam,4.0,4.0,2.0,81.90m²,173m²,5.19m,street house,81903.61238037763,10.761150003067035,106.59903479342762,11.128938659358338,,,,,
QAPQTU,"Hương Lộ 2, P.Bình Trị Đông, Q.Bình Tân, TP.HCM",13900000.0,127.52,Nhà mặt tiền,3.95m,41.99m,Tây Nam,5.0,5.0,4.0,109m²,292.90m²,12m,street house,109002.50941028859,10.76465502737084,106.60975903458697,9.905798396305357,,,,,
37U4DQ,"94B1 Phùng Văn Cung, P.7, Q.Phú Nhuận, TP.HCM",26500000.0,350.06,Nhà mặt tiền,4.56m,17.1m,Tây Nam,11.0,11.0,7.0,75.70m²,,,street house,75701.30834714048,10.801828324566696,106.67394554514709,3.6701366013974885,,,,,
8SY2Q3,"498 Mã Lò, P.Bình Hưng Hoà A, Q.Bình Tân, TP.HCM",14500000.0,172.82,Nhà mặt tiền,4.01m,25m,Tây Nam,4.0,3.0,2.0,83.90m²,132m²,9m,street house,83902.32611966207,10.766073262550709,106.60996946002373,9.857740935190273,,,,,
9T709P,"10F Nguyễn Thị Thơi, P.Hiệp Thành, Q.12, TP.HCM",9800000.0,122.34,Nhà mặt tiền,4.1m,25m,Tây Bắc,2.0,2.0,1.0,80.10m²,77.10m²,,street house,80104.62645087461,10.76970803865626,106.69641681029411,1.1506475342918778,,,,,
CWE5QB,"29 Nguyễn Phúc Nguyên, P.10, Q.3, TP.HCM",7500000.0,438.59,Nhà mặt tiền,3.43m,5.06m,Đông,4.0,5.0,5.0,17.10m²,,2.85m,street house,17100.25308374564,10.78780046967127,106.69861587326882,0.8877613524499861,,,,,
J2VUS0,"6 đường số 20, P.Bình Hưng Hoà A, Q.Bình Tân, TP.HCM",5450000.0,95.95,Nhà mặt tiền,4.02m,13.95m,Tây Bắc,2.0,2.0,2.0,56.80m²,75.50m²,8m,street house,56800.41688379364,10.757989856783253,106.59544611972727,11.582612531421535,,,,,
PT9Y2G,"64 Nguyễn Súy, P.Tân Quý, Q.Tân Phú, TP.HCM",15800000.0,217.03,Nhà mặt tiền,4m,18.2m,Tây Bắc,5.0,6.0,4.0,72.80m²,243.80m²,10m,street house,72800.99525411233,10.79563210592546,106.61996154026272,8.822985280291142,,,,,
YK336D,"172A Lê Sát, P.Tân Quý, Q.Tân Phú, TP.HCM",6400000.0,198.14,Nhà mặt tiền,3.3m,12m,Tây,2.0,2.0,2.0,32.30m²,64.70m²,10m,street house,32300.393661047747,10.79230331288548,106.61303557791913,9.506005138773888,,,,,
5YVMS7,"340 đường Huỳnh Văn Bánh, P.10, Q.Phú Nhuận, TP.HCM",17000000.0,366.66,Nhà mặt tiền,4.75m,9.3m,Nam,3.0,3.0,5.0,38.60m²,141.20m²,,street house,46364.47935417007,10.79113135511122,106.68669327910771,1.842541475217706,,,,,
85N6N3,"10 đường TK8, Xã Bà Điểm, H.Hóc Môn, TP.HCM",7900000.0,79.0,Nhà mặt tiền,5m,20m,Tây Bắc,2.0,2.0,3.0,100m²,103m²,12m,street house,100000.0,10.897034100295834,106.58677189910738,17.857074606073297,,,,,
E9WMC4,"667 Tân Sơn, P.12, Q.Gò Vấp, TP.HCM",13900000.0,217.18,Nhà mặt tiền,4.2m,16m,Tây Bắc,4.0,6.0,5.0,64m²,,10m,street house,64002.21014826411,10.831194365632767,106.67008174155143,6.508263584255527,,,,,
EJTWP4,"232 Phạm Ngũ Lão, P.7, Q.Gò Vấp, TP.HCM",7350000.0,165.16,Nhà mặt tiền,3.5m,12.73m,Tây Nam,2.0,1.0,2.0,44.50m²,63.80m²,,street house,44502.30079922499,10.822769595977977,106.68057309246522,5.165279814458503,,,,,
4J0V8F,"108 đường số 3, P.9, Q.Gò Vấp, TP.HCM",8199999.999999999,223.43,Nhà mặt tiền,4.15m,14m,Tây Bắc,2.0,3.0,4.0,36.70m²,118.60m²,5.2m,street house,36700.532605290246,10.830802959351027,106.67168796636777,6.386373164820826,,,,,
6QT5C8,"đường số 19, P.Bình Trị Đông B, Q.Bình Tân, TP.HCM",15700000.0,174.44,Nhà mặt tiền,4.5m,20m,Nam,4.0,4.0,4.0,90m²,244.80m²,16m,street house,90002.29305205228,10.777950660486324,106.61405784235565,9.295248572221697,,,,,
2MS17Z,"124 Lê Niệm, P.Phú Thạnh, Q.Tân Phú, TP.HCM",10500000.0,116.15,Nhà mặt tiền,6.05m,14.95m,Nam,1.0,1.0,1.0,90.40m²,77.40m²,12m,street house,90400.3443822643,10.78628473063977,106.62959225993751,7.627915433456911,,,,,
0G1FW9,"47-47A đường Lý Chiêu Hoàng, P.10, Q.6, TP.HCM",33500000.0,107.47,Nhà mặt tiền,7.98m,38m,Đông Bắc,5.0,5.0,5.0,277.40m²,634.30m²,24m,street house,311714.89718060853,10.739971900930586,106.63948975364117,7.861296870224916,,,,,
7KRMEA,"177 đường CN 11, P.Sơn Kỳ, Q.Tân Phú, TP.HCM",8300000.000000001,139.96,Nhà mặt tiền,4m,14.7m,Đông Nam,2.0,2.0,2.0,59.30m²,127m²,15.5m,street house,59302.65790225779,10.791823275227697,106.62092923727637,8.644500339997219,,,,,
AC4BBY,"205 Thoại Ngọc Hầu, P.Phú Thạnh, Q.Tân Phú, TP.HCM",38000000.0,198.84,Nhà mặt tiền,7.1m,28.5m,Đông Bắc,45.0,45.0,8.0,191.10m²,,15m,street house,191108.42888754778,10.796865086847783,106.62950624004051,7.834445579045287,,,,,
Q56BZU,"241 Dương Quảng Hàm, P.6, Q.Gò Vấp, TP.HCM",14000000.0,253.16,Nhà mặt tiền,3.6m,15.17m,Đông Bắc,3.0,3.0,4.0,55.30m²,207.20m²,20m,street house,55300.995417917526,10.828071854642118,106.66190453288864,6.708947742785026,,,,,
7D03DA,"28H đường số 9A, P.Bình Hưng Hoà A, Q.Bình Tân, TP.HCM",8400000.0,97.44,Nhà mặt tiền,4m,22m,Đông Nam,6.0,4.0,3.0,86.20m²,186m²,6m,street house,86206.89655172414,10.759032868278576,106.58951896274708,12.195162180348001,,,,,
7EQKDA,"Huỳnh Tấn Phát, P.Phú Thuận, Q.7, TP.HCM",12600000.0,80.76,Nhà mặt tiền,4m,16m,Nam,3.0,3.0,2.0,156m²,66.20m²,10m,street house,156017.83060921248,10.725682440270242,106.73237361084489,7.008287330276722,,,,,
7K729A,"87R Lê Văn Duyệt, P.1, Q.Bình Thạnh, TP.HCM",8180000.0,183.82,Nhà mặt tiền,2.13m,14.37m,Đông,3.0,3.0,3.0,44.50m²,95.90m²,15m,street house,44500.0544010445,10.807396343652426,106.6947453907587,3.08988255029101,,,,,
1UPDZ6,"9B Vườn Lài nối dài, P.An Phú Đông, Q.12, TP.HCM",9800000.0,119.95,Nhà mặt tiền,4.6m,36.95m,Đông Bắc,4.0,2.0,2.0,81.70m²,163.40m²,10m,street house,81700.70862859524,10.764586155480103,106.70916498223302,2.0138500590261166,,,,,
7HSJKA,"55 đường số 17B, P.Bình Hưng Hòa, Q.Bình Tân, TP.HCM",11800000.0,112.38,Nhà mặt tiền,5m,21m,Tây Bắc,4.0,5.0,4.0,105m²,265.20m²,8m,street house,105000.88983804948,10.750341408509426,106.60620902473431,10.661531550636164,,,,,
GNCFY2,"1A Đường Thạch Thị Thanh, P.Tân Định, Q.1, TP.HCM",42000000.0,551.18,Nhà mặt tiền,7.1m,18.88m,Đông Bắc,7.0,7.0,5.0,76.20m²,,8m,street house,76200.15240030481,10.785854588374956,106.70462131315706,0.90826798235061,,,,,
Q7AQJU,"F12, đường Số 30, P.9, Q.4, TP.HCM",10500000.0,328.12,Nhà mặt tiền,4m,8.15m,Đông Bắc,5.0,3.0,5.0,32m²,133.70m²,12m,street house,32000.487626478116,10.768767305186357,106.70273388906155,1.2843329270263217,,,,,
2NP7NZ,"Phan Văn Hớn, P.Tân Thới Nhất, Q.12, TP.HCM",13500000.0,102.27,Nhà mặt tiền,3.95m,24m,Bắc,3.0,3.0,3.0,132m²,,10m,street house,132003.52009386919,10.781641581574094,106.68719338795502,1.310512951061,,,,,
Q51A6U,"18 Đỗ Đức Dục, P.Phú Thọ Hòa, Q.Tân Phú, TP.HCM",8600000.0,120.9,Nhà mặt tiền,5.25m,14.1m,Tây Bắc,3.0,2.0,2.0,71.13m²,90.16m²,8m,street house,71133.16790736145,10.784742588158158,106.62762006571705,7.8288991937259675,,,,,
SDPUC5,"2/78B Bùi Thị Lùng, Xã Thới Tam Thôn, H.Hóc Môn, TP.HCM",5500000.0,78.23,Nhà mặt tiền,5.33m,12.42m,Tây Bắc,2.0,1.0,1.0,70.30m²,48.90m²,10m,street house,70305.50939537262,10.892005286854394,106.59321257750778,16.969522667237307,,,,,
QACV1U,"A24 Khu dân cư Tạ Thị Ngọc Thảo Hoàng Quốc Việt, P.Phú Thuận, Q.7, TP.HCM",15800000.0,197.5,Nhà mặt tiền,5m,16m,Tây Nam,5.0,6.0,5.0,80m²,261.10m²,8m,street house,80000.0,10.725779402159786,106.72132023520622,6.452167982088028,,,,,
5H4A67,"265A1 Nguyễn Văn Đậu, P.11, Q.Bình Thạnh, TP.HCM",12500000.0,217.39,Nhà mặt tiền,4.3m,16.17m,Đông Nam,7.0,6.0,6.0,57.50m²,226.10m²,,street house,57500.34500207002,10.798208420436127,106.70001479875715,2.040729002949962,,,,,
SD7625,"255 Huỳnh Văn Bánh, P.11, Q.Phú Nhuận, TP.HCM",16800000.0,391.6,Nhà mặt tiền,3m,14.3m,Bắc,4.0,4.0,3.0,42.90m²,128.70m²,,street house,42900.919305413685,10.807950950718936,106.67949776625123,3.777365983978476,,,,,
357S1Q,"67 đường Số 44, P.14, Q.Gò Vấp, TP.HCM",12900000.0,168.18,Nhà mặt tiền,4m,26m,Đông Bắc,6.0,4.0,3.0,76.70m²,210.50m²,6m,street house,76703.53193007491,10.814883207638278,106.66405988584627,5.4494690053143815,,,,,
Q75ZKU,"1504 Trường Sa, P.3, Q.Tân Bình, TP.HCM",10550000.0,432.37,Nhà mặt tiền,4.4m,6.67m,Nam,3.0,3.0,4.0,24.40m²,82.30m²,10m,street house,24400.397807433448,10.793520439687475,106.64780164800023,5.804749038635598,,,,,
Q5Q5TU,"Bắc Hải, P.6, Q.Tân Bình, TP.HCM",10700000.0,356.66,Nhà mặt tiền,2.9m,20m,Đông Nam,2.0,2.0,2.0,30m²,72.40m²,5m,street house,30000.56075814501,10.786497277972552,106.65160812281574,5.239031112875541,,,,,
5HCDS7,"62 Thạnh Lộc 15, P.Thạnh Lộc, Q.12, TP.HCM",7500000.0,125.2,Nhà mặt tiền,5m,12m,Đông Bắc,6.0,6.0,5.0,59.90m²,248.60m²,,street house,59904.15335463259,10.773708184159913,106.71285714491076,1.6551174405459355,,,,,
PNAVXG,"560 Phạm Văn Chiêu, P.16, Q.Gò Vấp, TP.HCM",13900000.0,232.83,Nhà mặt tiền,3.82m,22.47m,Bắc,6.0,7.0,5.0,59.70m²,241.70m²,,street house,59700.21045397929,10.821680913925794,106.68405396142806,4.915062716189366,,,,,
PT8AKG,"99A Trần Văn Đang, P.9, Q.3, TP.HCM",3580000.0,246.89,Nhà mặt tiền,2.39m,6.38m,Bắc,3.0,4.0,4.0,14.50m²,14.50m²,4.35m,street house,14500.384786747136,10.77169290971667,106.67531567963223,2.743522495763773,,,,,
U7J8XS,"141 đường số 6, P.Bình Trưng Tây, TP.Thủ Đức, TP.HCM",31000000.0,96.0,Nhà mặt tiền,9.8m,33m,Đông,1.0,1.0,1.0,322.90m²,322.90m²,,street house,322916.6666666667,10.852408018278592,106.74798477387513,9.65359861156128,,,,,
6SHFY8,"125 Huỳnh Văn Bánh, P.15, Q.Phú Nhuận, TP.HCM",11100000.0,458.67,Nhà mặt tiền,3.9m,6.3m,Tây Bắc,8.0,4.0,5.0,24.20m²,94.40m²,,street house,24200.40552030872,10.791703257654971,106.66824123327581,3.6159039526542607,,,,,
6U7T98,"Hồng Hà, P.2, Q.Tân Bình, TP.HCM",12900000.0,490.49,Nhà mặt tiền,5.5m,5.1m,Nam,4.0,5.0,5.0,26.30m²,92.70m²,20m,street house,26300.230381863035,10.806763291455107,106.65136299563201,6.006525116758782,,,,,
GT0HT2,"Phạm Phú Thứ, P.11, Q.Tân Bình, TP.HCM",28000000.0,238.39,Nhà mặt tiền,4.05m,29m,Đông Bắc,13.0,13.0,5.0,117.45m²,447.64m²,10m,street house,117454.5912160745,10.808368958438745,106.6601003092113,5.302907236760845,,,,,
AHR31Y,"- 34 Cống Hộp Rạch Bùng Binh, P.10, Q.3, TP.HCM",15000000.0,495.04,Nhà mặt tiền,7m,5.8m,Tây Bắc,1.0,2.0,3.0,30.30m²,61.60m²,10m,street house,30300.581771170004,10.793055316929976,106.68545663217735,2.0874898266050663,,,,,
1UDQ16,"Tam Đông 11, Xã Thới Tam Thôn, H.Hóc Môn, TP.HCM",3500000.0,73.37,Nhà mặt tiền,5.6m,19.36m,Đông,2.0,1.0,1.0,47.70m²,32.50m²,6m,street house,47703.42101676434,10.894226935611151,106.59589370334585,16.9536595548431,,,,,
W9EUGR,"138-138A Đường Lê Lai, P.Phạm Ngũ Lão, Q.1, TP.HCM",450000000.0,998.66,Nhà mặt tiền,12.85m,31.37m,Nam,1.0,3.0,3.0,450.60m²,393m²,,street house,450603.80910419964,10.763495640326749,106.69688646879612,1.81697571223394,,,,,
Q701GU,"46 đường số 4, P.11, Q.Gò Vấp, TP.HCM",8800000.0,185.26,Nhà mặt tiền,3.5m,15.63m,Tây Bắc,3.0,4.0,4.0,47.50m²,118.60m²,4.11m,street house,47500.80967289215,10.835375230676597,106.68502799004014,6.336753522094628,,,,,
AHS01Y,"đường số 12, P.Bình Hưng Hòa, Q.Bình Tân, TP.HCM",7150000.0,123.06,Nhà mặt tiền,4.43m,13.17m,Đông Bắc,3.0,5.0,2.0,58.10m²,118.90m²,10m,street house,58101.738989111,10.756558526535985,106.59916505391192,11.220309922234573,,,,,
CFZV4B,"11 Đỗ Thị Tâm, P.Tân Quý, Q.Tân Phú, TP.HCM",6300000.0,108.62,Nhà mặt tiền,3.95m,14.8m,Đông,3.0,2.0,2.0,58m²,,8m,street house,58000.368256306385,10.786210693277912,106.61428412983314,9.295372760974201,,,,,
37Y51Q,"177 Phạm Văn Đồng, P.1, Q.Gò Vấp, TP.HCM",12300000.0,247.48,Nhà mặt tiền,3.96m,16.48m,Đông Nam,5.0,3.0,4.0,49.70m²,170.90m²,,street house,49700.98593825764,10.824562510008853,106.6850733300714,5.182760432367492,,,,,
CW4U6B,"453 Nguyễn Văn Khối, P.12, Q.Gò Vấp, TP.HCM",35500000.0,185.66,Nhà mặt tiền,8.03m,26.45m,Đông Bắc,1.0,1.0,2.0,191.20m²,155.34m²,7.82m,street house,191209.73823117526,10.813066968490165,106.67480925422811,4.535198079507035,,,,,
U73BTS,"48 Nguyễn Văn Lượng, P.17, Q.Gò Vấp, TP.HCM",12000000.0,335.19,Nhà mặt tiền,3.5m,12.7m,Nam,4.0,5.0,4.0,35.80m²,105.90m²,18m,street house,35800.59070974671,10.822266252845031,106.66309392047305,6.125643787458128,,,,,
2MDJPZ,"485/2 Lê Trọng Mân, TT.Cần Thạnh, H.Cần Giờ, TP.HCM",6800000.0,70.1,Nhà mặt tiền,6m,17.95m,Đông Nam,3.0,2.0,2.0,97m²,,10m,street house,97004.27960057062,10.398557645836224,106.91377625648441,48.274890451824376,,,,,
7D6WBA,"57 đường số 35, P.Hiệp Bình Chánh, TP.Thủ Đức, TP.HCM",8189999.999999999,109.2,Nhà mặt tiền,7.94m,9.49m,Đông Bắc,4.0,3.0,3.0,75m²,141.19m²,4m,street house,74999.99999999999,10.836809630626238,106.7498514916414,8.40699136274296,,,,,
02ERS9,"Nam Kỳ Khởi Nghĩa, P.Võ Thị Sáu, Q.3, TP.HCM",11000000.0,692.44,Nhà mặt tiền,2.45m,7.2m,Đông,3.0,4.0,5.0,17.20m²,86.40m²,,street house,15885.852925885274,10.783645459054908,106.69517359164517,0.6000373219599242,,,,,
UAMPYS,"Diệp Minh Châu, P.Tân Sơn Nhì, Q.Tân Phú, TP.HCM",13000000.0,144.28,Nhà mặt tiền,4.43m,24.15m,Tây Bắc,2.0,2.0,2.0,90.10m²,121.80m²,20m,street house,90102.57831993347,10.797035612113486,106.63596256980537,7.156220932539994,,,,,
AKXM4Y,"105/12 Đường TL 37, P.Thạnh Lộc, Q.12, TP.HCM",2750000.0,58.76,Nhà mặt tiền,2.68m,16.23m,Tây Bắc,1.0,1.0,1.0,46.80m²,,4.78m,street house,46800.54458815521,10.778777924347027,106.70750483718415,0.9337636570619954,,,,,
W9F72R,"7 đường số 16, Xã Phong Phú, H.Bình Chánh, TP.HCM",11500000.0,94.41,Nhà mặt tiền,6.99m,19m,Bắc,9.0,9.0,6.0,121.80m²,361.20m²,,street house,121809.13038873002,10.675408259724119,106.60418152256285,15.522100534792365,,,,,
CYSSBC,"Huỳnh Tấn Phát, P.Phú Mỹ, Q.7, TP.HCM",18500000.0,85.71,Nhà mặt tiền,7.47m,30.64m,Tây,1.0,1.0,2.0,82.60m²,122.80m²,15m,street house,215844.12553961034,10.719918534934932,106.73477088904426,7.6899417981794125,,,,,
AFG0FY,"9 đường số 37, P.4, Q.4, TP.HCM",15800000.0,303.84,Nhà mặt tiền,5.3m,10.5m,Tây Nam,6.0,5.0,4.0,52m²,,,street house,52001.053185887315,10.746187905052288,106.69193237540316,3.796445738909317,,,,,
U73NAS,"432 Trần Văn Giàu, P.Tân Tạo, Q.Bình Tân, TP.HCM",11500000.0,141.97,Nhà mặt tiền,4.5m,18m,Nam,1.0,1.0,1.0,81m²,81m²,,street house,81003.02880890328,10.769062731128484,106.60893435460883,9.924646353811564,,,,,
U72F2S,"16 đường số 4, Xã Phước Lộc, H.Nhà Bè, TP.HCM",14500000.0,109.84,Nhà mặt tiền,11m,12m,Đông Nam,4.0,4.0,3.0,132m²,219.20m²,14m,street house,132010.19664967226,10.70476368998064,106.74045170399518,9.454731387952874,,,,,
3YN42Q,"16 Nguyễn Thị Tươi, Tân Bình, Dĩ An, TP.HCM",2850000.0,48.3,Nhà mặt tiền,4.4m,,,2.0,2.0,1.0,,59m²,,street house,59006.21118012423,10.793568078784938,106.65902721504382,4.632751519685716,,,,,
ABBGXY,"2 đường số 23, Xã Phú Xuân, H.Nhà Bè, TP.HCM",15000000.0,89.55,Nhà mặt tiền,9m,20m,Đông Nam,4.0,3.0,3.0,167.50m²,252m²,10m,street house,167504.18760469012,10.70030677599715,106.73385076521961,9.581001214730042,,,,,
8S5S03,"đường số 14, P.Bình Hưng Hoà A, Q.Bình Tân, TP.HCM",18800000.0,94.0,Nhà mặt tiền,8m,25.03m,Tây,1.0,2.0,2.0,200m²,284.80m²,12m,street house,200000.0,10.767105887797273,106.5959300465551,11.362724447782606,,,,,
SAM225,"43 đường số 149A, P.Long Trường, TP.Thủ Đức, TP.HCM",8199999.999999999,82.0,Nhà mặt tiền,5m,20m,Nam,4.0,4.0,3.0,100m²,225m²,12m,street house,99999.99999999999,10.857637919310632,106.75025954025992,10.273544781782963,,,,,
2GM4ZN,"Quốc Lộ 13, P.Hiệp Bình Phước, TP.Thủ Đức, TP.HCM",31500000.0,203.35,Nhà mặt tiền,6m,41.18m,Tây Nam,9.0,8.0,4.0,154.90m²,101.50m²,20m,street house,154905.33562822719,10.860657879476042,106.75462168439749,10.815854413496186,,,,,
JGF8E0,"60 Nguyên Hồng, P.1, Q.Gò Vấp, TP.HCM",6200000.0,140.9,Nhà mặt tiền,2.81m,12.89m,Tây Bắc,2.0,2.0,2.0,44m²,68.52m²,5.03m,street house,44002.838892831795,10.812366591688495,106.67023700040023,4.785648932179801,,,,,
4JNKAF,"66 đường số 18, P.Bình Hưng Hòa, Q.Bình Tân, TP.HCM",8600000.0,109.97,Nhà mặt tiền,4.03m,19.66m,Đông Bắc,2.0,2.0,1.0,78.20m²,,8m,street house,78203.14631263072,10.763161920842407,106.60944720436535,9.968576723781341,,,,,
6UBZ58,"Nguyễn Ngọc Nhựt, P.Tân Quý, Q.Tân Phú, TP.HCM",34000000.0,279.83,Nhà mặt tiền,8.02m,19.04m,Tây,24.0,24.0,7.0,121.50m²,869.60m²,8.1m,street house,121502.34070685774,10.786592666685149,106.62597566790022,8.024896451670152,,,,,
49PM6F,"6 đường số 1, Xã Bình Hưng, H.Bình Chánh, TP.HCM",40000000.0,121.21,Nhà mặt tiền,15m,22m,Đông Nam,5.0,4.0,4.0,330m²,330m²,20m,street house,330005.7751010643,10.69906193568888,106.58766920536887,15.102863059583068,,,,,
RP03UJ,"62 Nguyễn Quang Diêu, P.Tân Quý, Q.Tân Phú, TP.HCM",2100000.0,250.0,Nhà mặt tiền,2.54m,3.3m,Nam,1.0,1.0,2.0,8.40m²,19.80m²,10m,street house,8400.0,10.788176595257061,106.63494538949855,7.069682608298246,,,,,
2134XZ,"49 Nguyễn Hữu Dật, P.Tây Thạnh, Q.Tân Phú, TP.HCM",10200000.0,127.15,Nhà mặt tiền,4m,20.3m,Đông,2.0,1.0,1.0,80.22m²,50.62m²,16m,street house,80220.21234762092,10.78841552606334,106.63383014563513,7.194071330464388,,,,,
AK5UEY,"23 Kênh Nước Đen, P.Tân Thành, Q.Tân Phú, TP.HCM",11900000.0,169.75,Nhà mặt tiền,5.74m,12.86m,Tây,4.0,3.0,3.0,70.10m²,187.30m²,,street house,70103.09278350516,10.782599601047561,106.63754924118551,6.730973985521082,,,,,
9T6B9P,"123 đường số 320 Bông Sao, P.5, Q.8, TP.HCM",11600000.0,181.25,Nhà mặt tiền,4m,16m,Bắc,5.0,6.0,4.0,64m²,207.30m²,10m,street house,64000.0,10.72443633331763,106.63993608112798,8.902648350152209,,,,,
1QRHM6,"Bùi Văn Thêm, P.9, Q.Phú Nhuận, TP.HCM",25500000.0,314.03,Nhà mặt tiền,5.45m,17.13m,Đông Bắc,4.0,5.0,5.0,81.20m²,360.20m²,12m,street house,81202.43288857753,10.80920615743672,106.66533598213768,4.916048313150115,,,,,
QV1KUQ,"Lê Văn Khương, P.Hiệp Thành, Q.12, TP.HCM",14500000.0,143.56,Nhà mặt tiền,5m,20m,Bắc,8.0,8.0,6.0,101m²,,5m,street house,101003.0649205907,10.775108590135316,106.70861828211487,1.1694927502173253,,,,,
YQCYD6,"5 Phan Huy Ôn, P.19, Q.Bình Thạnh, TP.HCM",22800000.0,290.07,Nhà mặt tiền,4.07m,20.57m,Tây Bắc,5.0,4.0,4.0,78.60m²,308.40m²,14m,street house,78601.7168269728,10.802610683047872,106.72257110002965,3.606123215373586,,,,,
5HMB27,"36/7B Ấp Thới Tây 1, TT.Hóc Môn, H.Hóc Môn, TP.HCM",3950000.0,34.86,Nhà mặt tiền,4m,29.13m,Đông,2.0,1.0,1.0,113.30m²,65.70m²,,street house,113310.38439472174,10.873335612609296,106.58209877086536,16.44901866697985,,,,,
YQCYD6,"5 Phan Huy Ôn, P.19, Q.Bình Thạnh, TP.HCM",22800000.0,290.07,Nhà mặt tiền,4.07m,20.57m,Tây Bắc,5.0,4.0,4.0,78.60m²,308.40m²,14m,street house,78601.7168269728,10.79809151291825,106.71042168008185,2.377617998354456,,,,,
5HMB27,"36/7B Ấp Thới Tây 1, TT.Hóc Môn, H.Hóc Môn, TP.HCM",3950000.0,34.86,Nhà mặt tiền,4m,29.13m,Đông,2.0,1.0,1.0,113.30m²,65.70m²,,street house,113310.38439472174,10.884016999408576,106.60269456697787,15.617073897589146,,,,,
85NFD3,"40/12 Đường 38, P.Hiệp Bình, TP.Thủ Đức, TP.HCM",7800000.0,150.87,Nhà mặt tiền,3.91m,11.3m,Bắc,4.0,3.0,4.0,51.70m²,177.26m²,6m,street house,51700.13919268244,10.835583085667732,106.76084135107527,9.153591492777155,,,,,
SCF8F5,"Lê Thị Trung, An Phú, Thuận An, TP.HCM",7150000.0,71.5,Nhà mặt tiền,6m,,,5.0,4.0,2.0,,100m²,,street house,100000.0,10.781770009522624,106.69448379874338,0.543329776743459,,,,,
0Z84F9,"31 Nguyễn Quý Anh, P.Tân Sơn Nhì, Q.Tân Phú, TP.HCM",10600000.0,179.35,Nhà mặt tiền,4m,14.78m,Tây Bắc,5.0,3.0,4.0,59.10m²,190.80m²,,street house,59102.31391134653,10.77784741235204,106.63728546284435,6.756072066052755,,,,,
PNRS2G,"22 đường số 14, P.Linh Đông, TP.Thủ Đức, TP.HCM",7500000.0,91.46,Nhà mặt tiền,4.7m,19.95m,Đông Nam,1.0,1.0,1.0,82m²,75.30m²,6.68m,street house,82003.06144762738,10.855116130378187,106.74401386341691,9.676425421943488,,,,,
UYZ5MS,"37 Lê Đình Thụ, P.Tân Thành, Q.Tân Phú, TP.HCM",11300000.0,200.35,Nhà mặt tiền,4m,14.1m,Đông,3.0,3.0,4.0,56.40m²,212.50m²,15m,street house,56401.2977289743,10.78976234555758,106.6116816500503,9.616266933219103,,,,,
8SUEV3,"132 đường số 6, P.Bình Chiểu, TP.Thủ Đức, TP.HCM",13500000.0,108.0,Nhà mặt tiền,5m,25m,Đông Bắc,5.0,6.0,4.0,125m²,276.40m²,24m,street house,125000.0,10.84853627542823,106.76860284266677,10.757355675194932,,,,,
3SV36Q,"223 Phan Đình Phùng, P.15, Q.Phú Nhuận, TP.HCM",24500000.0,353.53,Nhà mặt tiền,3.4m,20.4m,Đông Bắc,4.0,5.0,6.0,69.30m²,300.90m²,20m,street house,69301.04941589116,10.808945529387573,106.688959450573,3.40831080264306,,,,,
AH1CMY,"157 đường số 4, P.Phước Bình, TP.Thủ Đức, TP.HCM",10650000.0,118.86,Nhà mặt tiền,4m,27.3m,Tây Bắc,2.0,1.0,1.0,89.60m²,42.90m²,8m,street house,89601.21150933871,10.850939811124896,106.7428602160447,9.215366077019723,,,,,
6QJ5K8,"30-32 đường số 31, P.10, Q.6, TP.HCM",23500000.0,182.59,Nhà mặt tiền,8m,15.7m,Tây,10.0,6.0,4.0,128.70m²,425.90m²,12m,street house,128703.65299304452,10.755861438154499,106.62552499308269,8.46352032487015,,,,,
UYA0MS,"406 Lê Quang Định, P.11, Q.Bình Thạnh, TP.HCM",16500000.0,291.51,Nhà mặt tiền,3.6m,19.8m,Tây Nam,9.0,9.0,6.0,56.60m²,279.50m²,15m,street house,56601.83184110322,10.817124894595647,106.7147374498166,4.473344390566975,,,,,
1QVFG6,"33 Lê Công Phép, P.An Lạc, Q.Bình Tân, TP.HCM",9800000.0,146.05,Nhà mặt tiền,4.4m,18.1m,Tây Bắc,4.0,5.0,4.0,67.10m²,208.20m²,8m,street house,67100.3081136597,10.766431965755215,106.61433788724356,9.379606101152397,,,,,
UAHXRS,"112 Ca Văn Thỉnh, P.13, Q.Tân Bình, TP.HCM",16900000.0,315.29,Nhà mặt tiền,4m,13.4m,Tây Nam,14.0,14.0,6.0,53.60m²,304.50m²,10m,street house,53601.44628754479,10.790695408275928,106.64594200348442,5.929902325488346,,,,,
W0C9DR,"124 Trần Thị Điệu, P.Phước Long B, TP.Thủ Đức, TP.HCM",10300000.0,121.31,Nhà mặt tiền,4.65m,22.44m,Nam,3.0,4.0,3.0,84.90m²,205.32m²,5m,street house,84906.4380512736,10.84947332569409,106.75072757263597,9.559487327872201,,,,,
GTQRJ2,"190/1C Quang Hùng 3, Xã Thới Tam Thôn, H.Hóc Môn, TP.HCM",4500000.0,56.32,Nhà mặt tiền,4m,20.05m,Đông Bắc,2.0,1.0,2.0,79.90m²,96.70m²,5m,street house,79900.56818181818,10.876399128721696,106.59689609903106,15.457556811355985,,,,,
37PRTQ,"86 đường số 17, P.Bình Chiểu, TP.Thủ Đức, TP.HCM",6600000.0,58.87,Nhà mặt tiền,4.1m,23.18m,Tây Nam,2.0,3.0,3.0,112.10m²,153.66m²,10m,street house,112111.4319687447,10.855856128675681,106.74931354943492,10.051956319827017,,,,,
JG6ZG0,"Trần Đại Nghĩa, P.Tân Tạo A, Q.Bình Tân, TP.HCM",15950000.0,0.0,Nhà mặt tiền,6.1m,22.6m,Tây Nam,2.0,2.0,2.0,63.30m²,115.30m²,10m,street house,inf,10.776751554693872,106.58960457038461,11.972170869174331,,,,,
AKN10Y,"Phùng Văn Cung, P.2, Q.Phú Nhuận, TP.HCM",11950000.0,267.93,Nhà mặt tiền,4.76m,10.55m,Đông Bắc,2.0,2.0,2.0,44.60m²,89.20m²,10m,street house,44601.20180644198,10.805641446602309,106.67776518515525,3.6860974658869914,,,,,
U7PJMS,"1319 Lê Đức Thọ, P.15, Q.Gò Vấp, TP.HCM",12300000.0,188.65,Nhà mặt tiền,4.73m,13.33m,Đông Bắc,4.0,5.0,5.0,65.20m²,,30m,street house,65200.106016432546,10.829134007705576,106.67110564755053,6.2546909191294375,,,,,
7HN2TA,"Công Chúa Ngọc Hân, P.10, Q.11, TP.HCM",10000000.0,249.37,Nhà mặt tiền,3m,16.2m,Đông Bắc,5.0,4.0,4.0,40.10m²,146m²,10m,street house,40101.0546577375,10.7734806132776,106.70196786022491,0.7679031500921352,,,,,
PZHB7G,"Lê Trọng Tấn, P.Bình Hưng Hòa, Q.Bình Tân, TP.HCM",18500000.0,310.4,Nhà mặt tiền,4.1m,38.65m,Đông Bắc,6.0,5.0,5.0,59.60m²,204.28m²,15m,street house,59600.51546391753,10.771097079602422,106.59442680914016,11.480465972948002,,,,,
9ZW0DP,"214 Nguyễn Thái Bình, P.12, Q.Tân Bình, TP.HCM",24500000.0,322.36,Nhà mặt tiền,5m,15.2m,Đông Nam,4.0,4.0,3.0,76m²,236m²,8m,street house,76001.98535798486,10.796917828580705,106.6410513109958,6.6177621823090185,,,,,
5D94Q7,"Đường Nguyễn Hữu Cảnh, P.22, Q.Bình Thạnh, TP.HCM",11000000.0,310.73,Nhà mặt tiền,4.75m,12.05m,Đông Bắc,2.0,1.0,2.0,35.40m²,69.90m²,10m,street house,35400.50848003089,10.811722316593896,106.72328048959838,4.4175346673921645,,,,,
J2KYX0,"2012 Lê Văn Lương, Xã Nhơn Đức, H.Nhà Bè, TP.HCM",7900000.0,35.61,Nhà mặt tiền,7.83m,29.75m,Đông Nam,1.0,1.0,1.0,221.80m²,72.50m²,6m,street house,221847.79556304408,10.701351368985172,106.72515012305064,9.134169267333856,,,,,
UA3FVS,"54 Thới An 12, khu phố 3, P.Thới An, Q.12, TP.HCM",5100000.0,69.48,Nhà mặt tiền,4m,22.3m,Đông,2.0,1.0,1.0,73.40m²,54.80m²,4m,street house,73402.41796200346,10.78399001044153,106.69999747266614,0.4770612232368965,,,,,
YCE2HD,"641 An Dương Vương, khu phố 14, P.Bình Trị Đông, Q.Bình Tân, TP.HCM",7150000.0,99.67,Nhà mặt tiền,5m,15m,Đông Nam,5.0,4.0,4.0,71.73m²,190m²,,street house,71736.7312130029,10.7775388877286,106.61239697214698,9.477943529565058,,,,,
2M03TZ,"39 Trần Thủ Độ, P.Phú Thạnh, Q.Tân Phú, TP.HCM",8500000.0,133.64,Nhà mặt tiền,3.95m,20.5m,Bắc,2.0,2.0,2.0,63.60m²,,12m,street house,63603.71146363365,10.801146007809294,106.61961632369821,9.00045946584778,,,,,
Q5647U,"72A Kênh Nước Đen, P.Bình Hưng Hoà A, Q.Bình Tân, TP.HCM",12500000.0,158.83,Nhà mặt tiền,10.49m,9.26m,Nam,3.0,5.0,4.0,78.70m²,202.60m²,10m,street house,78700.49738714348,10.768283323054055,106.59084608742045,11.900053396540692,,,,,
U76UUS,"Trần Bá Giao, P.5, Q.Gò Vấp, TP.HCM",14200000.0,167.65,Nhà mặt tiền,3.95m,21.66m,Tây,4.0,4.0,4.0,84.70m²,234.70m²,10m,street house,84700.26841634358,10.830644630985194,106.68793933786971,5.7549619108690635,,,,,
SD4JQ5,"72A Hồ Văn Huê, P.9, Q.Phú Nhuận, TP.HCM",10200000.0,393.82,Nhà mặt tiền,3.45m,7.5m,Tây Bắc,2.0,3.0,3.0,25.90m²,72.50m²,10m,street house,25900.15743232949,10.790485143867697,106.67949362586225,2.4423428819210646,,,,,
Q5AAGU,"67 đường số 359, P.Phước Long B, TP.Thủ Đức, TP.HCM",4800000.0,147.23,Nhà mặt tiền,4.05m,11.83m,Tây Nam,2.0,2.0,2.0,32.60m²,65.20m²,4m,street house,32602.051212388782,10.86281012600918,106.7589176178439,11.279669410215575,,,,,
6U6C78,"707 Tân Kỳ Tân Qúy, P.Bình Hưng Hoà A, Q.Bình Tân, TP.HCM",26000000.0,174.02,Nhà mặt tiền,5.81m,25.21m,Tây Bắc,1.0,1.0,2.0,149.40m²,168.20m²,10.5m,street house,149408.11400988392,10.753563042726215,106.61404273560068,9.73709306102607,,,,,
1UE0K6,"12 Đặng Minh Trứ, P.10, Q.Tân Bình, TP.HCM",8800000.0,162.96,Nhà mặt tiền,5.6m,14m,Tây Bắc,1.0,1.0,1.0,54m²,,,street house,54000.98183603338,10.812544783850642,106.66520107806846,5.178451070315495,,,,,
02BS29,"Đường Gò Dầu, P.Tân Quý, Q.Tân Phú, TP.HCM",12500000.0,184.47,Nhà mặt tiền,4.3m,16.85m,Nam,6.0,4.0,4.0,67.76m²,247.59m²,8m,street house,67761.69566867242,10.797763519974849,106.63590752657389,7.183885754267232,,,,,
CW7UYB,"167/5C Tân Hiệp 39-40, Xã Tân Hiệp, H.Hóc Môn, TP.HCM",2650000.0,29.28,Nhà mặt tiền,6m,13.72m,Nam,2.0,1.0,1.0,90.50m²,41.70m²,8m,street house,90505.46448087432,10.892120010392572,106.5835940199753,17.712292143345866,,,,,
QA707U,"11 đường Số 192 Khu Biệt Thự, P.6, Q.8, TP.HCM",78000000.0,105.54,Nhà mặt tiền,20.36m,33m,Bắc,4.0,5.0,1.0,739m²,219.78m²,,street house,739056.2819783968,10.724619767603823,106.61307844258602,11.207702318043179,,,,,
2MURNZ,"30 Lô K Cư Xá Phú Lâm D, P.10, Q.6, TP.HCM",13600000.0,190.74,Nhà mặt tiền,4.03m,17.76m,Đông Nam,5.0,6.0,3.0,71.30m²,,,street house,71301.247771836,10.757829229774071,106.64497399174152,6.391373328018879,,,,,
13TE26,"1163 Kha Vạn Cân KP4, P.Linh Trung, TP.Thủ Đức, TP.HCM",9500000.0,79.83,Nhà mặt tiền,4.52m,32m,Đông Nam,3.0,3.0,2.0,119m²,163.40m²,15m,street house,119002.88112238506,10.84094966957366,106.75398847647183,9.049722076134177,,,,,
DCT7TH,"Số 5 Đường số 38, P.Hiệp Bình Chánh, TP.Thủ Đức, TP.HCM",34000000.0,87.5,Nhà mặt tiền,12.17m,32.63m,Nam,4.0,1.0,1.0,399.70m²,143.30m²,7m,street house,388571.4285714286,10.862768323603703,106.7540997621655,10.978290779807041,,,,,
8BRP3A,"60/5G Đông Hưng Thuận 8, P.Đông Hưng Thuận, Q.12, TP.HCM",7800000.0,127.86,Nhà mặt tiền,5.5m,11m,Nam,1.0,1.0,2.0,61m²,,10m,street house,61004.22336931018,10.786219533867223,106.69127801052295,1.1067926322790846,,,,,
RGGPPJ,"380 Tân Kỳ Tân Quý, P.Tân Quý, Q.Tân Phú, TP.HCM",20700000.0,103.19,Nhà mặt tiền,4.15m,47.6m,Nam,4.0,2.0,2.0,200.60m²,288.30m²,7m,street house,200600.8334140905,10.795461887019657,106.61747714941856,9.085824900518734,,,,,
UC4QAS,"Thửa 1051 - Tờ 8 đường số 38, P.Hiệp Bình Chánh, TP.Thủ Đức, TP.HCM",17000000.0,57.43,Nhà mặt tiền,8m,37m,Đông,3.0,2.0,2.0,296m²,296m²,8m,street house,296012.53700156714,10.839871613111494,106.76407565847838,9.735249758987473,,,,,
QADXKU,"1075 Cách Mạng Tháng Tám, P.7, Q.Tân Bình, TP.HCM",18500000.0,211.91,Nhà mặt tiền,5.17m,16.91m,Đông Bắc,1.0,1.0,2.0,87.30m²,134.10m²,10m,street house,87301.21277900996,10.786627757893571,106.655264597997,4.845734720337439,,,,,
WPVGXR,"108 đường 105B Trịnh Quang Nghị, P.7, Q.8, TP.HCM",8900000.0,74.16,Nhà mặt tiền,5m,24m,Đông Bắc,4.0,5.0,4.0,120m²,323.80m²,,street house,120010.78748651565,10.70854043770313,106.63289546616252,10.6971317595009,,,,,
9ZMH0P,"15 đường số 8, P.Hiệp Bình Chánh, TP.Thủ Đức, TP.HCM",17500000.0,151.51,Nhà mặt tiền,6.8m,17m,Đông Nam,4.0,5.0,4.0,115.50m²,,10m,street house,115503.92713352255,10.86284338498626,106.76685111142274,11.807392161968387,,,,,
6U6DU8,"83 Trịnh Đình Trọng, P.Phú Trung, Q.Tân Phú, TP.HCM",12900000.0,162.65,Nhà mặt tiền,4.2m,20.65m,Đông Bắc,4.0,3.0,4.0,79.31m²,,6.2m,street house,79311.40485705502,10.796149070378725,106.63381834415888,7.35777216620622,,,,,
AHQZUY,"184 đường số 8 KP7, P.Bình Hưng Hòa, Q.Bình Tân, TP.HCM",9300000.0,88.48,Nhà mặt tiền,5.5m,21m,Đông Nam,1.0,1.0,1.0,105.10m²,95.30m²,5m,street house,105108.49909584086,10.778173718530814,106.60275867627395,10.530307823512556,,,,,
KEQKJC,"Một phần nhà số 60 Liên Khu 16-18, P.Bình Trị Đông, Q.Bình Tân, TP.HCM",13500000.0,92.59,Nhà mặt tiền,4.08m,22.95m,Tây,6.0,6.0,2.0,145.80m²,235.20m²,6m,street house,145804.0825143104,10.771529570084112,106.61502738216629,9.232364832742336,,,,,
DBMPAH,"Đường Cách Mạng Tháng 8, P.15, Q.10, TP.HCM",20000000.0,248.75,Nhà mặt tiền,3.81m,13.52m,Đông Nam,7.0,7.0,5.0,80.40m²,322.90m²,6m,street house,80402.01005025125,10.7786600972191,106.69556962159356,0.39817735301254764,,,,,
8U1NE3,"Lê Văn Khương, KP5, P.Hiệp Thành, Q.12, TP.HCM",7100000.0,138.13,Nhà mặt tiền,5m,16.5m,Bắc,2.0,1.0,2.0,51.40m²,61.90m²,8m,street house,51400.854267718816,10.778154247618739,106.69136422503578,0.8573633672305129,,,,,
37DAXQ,"59 đường số 339, P.Phước Long B, TP.Thủ Đức, TP.HCM",16200000.0,183.25,Nhà mặt tiền,5.07m,20.86m,Đông Nam,6.0,6.0,4.0,88.40m²,286m²,14m,street house,88403.81991814461,10.861724886682724,106.75766224525206,11.102314128351473,,,,,
0GMAH9,"18 đường số 1, KDC Gia Hòa, Xã Phong Phú, H.Bình Chánh, TP.HCM",14000000.0,92.1,Nhà mặt tiền,8m,19m,Đông Nam,2.0,2.0,2.0,152m²,223.40m²,12m,street house,152008.68621064062,10.687636450376656,106.58598697652444,16.024509274099174,,,,,
7D4E8A,"5 đường số 11, khu phố 2, P.An Lạc, Q.Bình Tân, TP.HCM",7000000.0,76.11,Nhà mặt tiền,4m,20.5m,Tây Bắc,3.0,2.0,3.0,85.50m²,,5m,street house,91972.14557876758,10.773312907849803,106.60413973255324,10.40250230936218,,,,,
RG21VJ,"34 đường Tân Thới Nhất 04, P.Tân Thới Nhất, Q.12, TP.HCM",9350000.0,187.0,Nhà mặt tiền,4m,12.63m,Nam,4.0,5.0,5.0,50m²,217.80m²,,street house,50000.0,10.790596231969698,106.69844189302778,1.1975813130822035,,,,,
8SEPM3,"121I đường số 11, KP9, P.Trường Thọ, TP.Thủ Đức, TP.HCM",37500000.0,117.18,Nhà mặt tiền,8m,40m,Tây Bắc,36.0,36.0,5.0,320m²,767.20m²,7.18m,street house,320020.48131080385,10.860455750627763,106.74551146456223,10.269508283865774,,,,,
6QMBD8,"191C Đường Hoàng Hoa Thám, P.7, Q.Bình Thạnh, TP.HCM",26500000.0,253.1,Nhà mặt tiền,4.01m,21.95m,Đông Bắc,5.0,5.0,6.0,104.70m²,519.40m²,18m,street house,104701.69893322798,10.819043900851828,106.71359919946656,4.625698418057868,,,,,
UY9XGS,"38 đường số 3, P.Linh Chiểu, TP.Thủ Đức, TP.HCM",18800000.0,188.0,Nhà mặt tiền,5m,20m,Đông Nam,4.0,5.0,4.0,100m²,253.20m²,,street house,100000.0,10.840775010709075,106.75666522826961,9.23259532871346,,,,,
RG9HCJ,"số 5 đường số 8, P.Linh Tây, TP.Thủ Đức, TP.HCM",2700000.0,77.36,Nhà mặt tiền,2.41m,9.6m,Đông Bắc,2.0,1.0,1.0,34.90m²,34.90m²,,street house,34901.75801447777,10.848361205381607,106.76357330786769,10.361454738673817,,,,,
DCUAWH,"14/5B Bắc Lân 2, Xã Bà Điểm, H.Hóc Môn, TP.HCM",3900000.0,77.22,Nhà mặt tiền,3m,17m,Đông Bắc,2.0,1.0,1.0,50.50m²,50.50m²,6m,street house,50505.05050505051,10.871582530604591,106.58070169888282,16.44766378367848,,,,,
7HZ1YA,"197C1 Đường Nguyễn Thượng Hiền, P.5, Q.Bình Thạnh, TP.HCM",8680000.0,185.86,Nhà mặt tiền,3.8m,13.57m,Nam,7.0,7.0,4.0,46.70m²,148.60m²,1.93m,street house,46701.81857311955,10.82398359362607,106.69938543897388,4.88910797754829,,,,,
W0V6QR,"Liên Khu 2-10, P.Bình Hưng Hoà A, Q.Bình Tân, TP.HCM",7500000.0,117.18,Nhà mặt tiền,4m,16m,Đông Bắc,5.0,6.0,4.0,64m²,186.70m²,5m,street house,64004.096262160776,10.767371413990306,106.61221003218178,9.594059234569134,,,,,
7HZ1YA,"197C1 Đường Nguyễn Thượng Hiền, P.5, Q.Bình Thạnh, TP.HCM",8680000.0,185.86,Nhà mặt tiền,3.8m,13.57m,Nam,7.0,7.0,4.0,46.70m²,148.60m²,1.93m,street house,46701.81857311955,10.816467031124995,106.72288996600558,4.824244910794432,,,,,
W0V6QR,"Liên Khu 2-10, P.Bình Hưng Hoà A, Q.Bình Tân, TP.HCM",7500000.0,117.18,Nhà mặt tiền,4m,16m,Đông Bắc,5.0,6.0,4.0,64m²,186.70m²,5m,street house,64004.096262160776,10.775085005219655,106.5922913102477,11.685226154070373,,,,,
CFDQUB,"Số 08,đường 110 Trương Đình Hội, P.16, Q.8, TP.HCM",9790000.0,117.66,Nhà mặt tiền,4.5m,18.5m,Tây,4.0,3.0,4.0,83.20m²,,,street house,83205.84735679075,10.713843405860505,106.64242768139925,9.567126086288491,,,,,
UDKV9S,"104K đường số 6, Cư Xá Bình Thới, P.8, Q.11, TP.HCM",3800000.0,79.16,Nhà mặt tiền,4m,12m,Nam,1.0,1.0,1.0,48m²,,15m,street house,48004.04244567964,10.77500787839172,106.6979604425093,0.5411578697968714,,,,,
YGPVD6,"MPN 83 Huỳnh Thiện Lộc, P.Hòa Thạnh, Q.Tân Phú, TP.HCM",10600000.0,193.43,Nhà mặt tiền,3.68m,14.53m,Tây Nam,2.0,1.0,2.0,54.80m²,95.30m²,8m,street house,54800.18611383963,10.801043769923185,106.61726490915353,9.245965273135967,,,,,
5YSFW7,"đường số 31, Khu Tên Lửa, P.Bình Trị Đông B, Q.Bình Tân, TP.HCM",12500000.0,156.25,Nhà mặt tiền,4m,20m,Bắc,3.0,4.0,4.0,80m²,238.60m²,10m,street house,80000.0,10.756969358821996,106.59925074950361,11.200852789294506,,,,,
SY2CR5,"Đường Liên khu 2-10, P.Bình Hưng Hoà A, Q.Bình Tân, TP.HCM",5200000.0,86.37,Nhà mặt tiền,4m,15.14m,Đông Nam,1.0,1.0,2.0,60.20m²,,3.41m,street house,60206.09007757323,10.754396308522386,106.61151232739121,9.975274197911357,,,,,
DBN39H,"Đường Ấp Chiến Lược, P.Bình Hưng Hòa, Q.Bình Tân, TP.HCM",12500000.0,200.32,Nhà mặt tiền,4m,15.62m,Đông Nam,7.0,7.0,6.0,62.40m²,280.80m²,6m,street house,62400.15974440895,10.766801510244,106.59439754412395,11.533221167373112,,,,,
5DN8C7,"20 đường số 3, KP34, P.Bình Chiểu, TP.Thủ Đức, TP.HCM",8500000.0,87.44,Nhà mặt tiền,5.42m,20.6m,Tây Nam,3.0,3.0,3.0,97.20m²,291.60m²,6m,street house,97209.51509606588,10.85377227439635,106.75875196273759,10.470560385287994,,,,,
SYCJQ5,"15 đường số 25, khu phố 11, P.Bình Hưng Hoà A, Q.Bình Tân, TP.HCM",5850000.0,91.83,Nhà mặt tiền,4m,15.95m,Đông,2.0,1.0,2.0,63.70m²,88.60m²,5.95m,street house,63704.6716759229,10.76833709886012,106.60146454213005,10.745383273669734,,,,,
AKE33Y,"94/2 Nguyễn Ảnh Thủ, ấp Tây Lân, Xã Bà Điểm, H.Hóc Môn, TP.HCM",18000000.0,213.27,Nhà mặt tiền,5.45m,25m,Đông,3.0,4.0,3.0,84.40m²,153.80m²,11m,street house,84400.05626670417,10.898167295857267,106.58269234637764,18.256280830177353,,,,,
JGJEZ0,"MPN 45 đường số 3, khu phố 4, P.Tân Tạo A, Q.Bình Tân, TP.HCM",4300000.0,59.72,Nhà mặt tiền,4m,18m,Tây,5.0,5.0,1.0,72m²,58.40m²,4.5m,street house,72002.67916945746,10.776909144975889,106.6072831478245,10.03902842195774,,,,,
UAE09S,"22 đường số 75 KDC Tân Quy Đông, P.Tân Phong, Q.7, TP.HCM",62000000.0,176.58,Nhà mặt tiền,12m,28m,Đông,1.0,1.0,1.0,351.10m²,133.88m²,16m,street house,351115.6416355193,10.719535571181563,106.74206152601433,8.15899272529619,,,,,
UAE09S,"22 đường số 75 KDC Tân Quy Đông, P.Tân Phong, Q.7, TP.HCM",62000000.0,176.58,Nhà mặt tiền,12m,28m,Đông,1.0,1.0,1.0,351.10m²,133.88m²,16m,street house,351115.6416355193,10.729026548922862,106.7227178844888,6.18360987974243,,,,,
37HUNQ,"75 đường số 8B, khu phố 13, P.Bình Hưng Hoà A, Q.Bình Tân, TP.HCM",2850000.0,154.89,Nhà mặt tiền,2.47m,7.56m,Đông,2.0,1.0,2.0,18.40m²,36.20m²,4.52m,street house,18400.154948673255,10.765752103620619,106.61845448632359,8.94801920008447,,,,,
Q79TWU,"Lô 33 Đường Phạm Thế Hiển, P.4, Q.8, TP.HCM",8500000.0,395.34,Nhà mặt tiền,5.14m,6m,Bắc,2.0,1.0,2.0,21.50m²,,10m,street house,21500.480598978094,10.73009364143664,106.63003488247125,9.335816425235945,,,,,
Q79TWU,"Lô 33 Đường Phạm Thế Hiển, P.4, Q.8, TP.HCM",8500000.0,395.34,Nhà mặt tiền,5.14m,6m,Bắc,2.0,1.0,2.0,21.50m²,,10m,street house,21500.480598978094,10.736279502522082,106.6156467195522,10.311659185238167,,,,,
GX1PM2,"28H9 đường DD11, Khu dân cư An Sương, P.Tân Hưng Thuận, Q.12, TP.HCM",14500000.0,138.09,Nhà mặt tiền,7m,15m,Tây Bắc,2.0,3.0,3.0,105m²,177.90m²,8m,street house,105003.98290969657,10.790463742067844,106.70424027667417,1.3115669246920392,,,,,
2MARGZ,"C31/1 Tân Xuân 3, ấp Mới 1, Xã Tân Xuân, H.Hóc Môn, TP.HCM",4500000.0,65.88,Nhà mặt tiền,3.96m,16.83m,Tây Nam,2.0,1.0,2.0,68.30m²,97.40m²,6m,street house,68306.01092896175,10.878023580514302,106.58308296347361,16.698142219853,,,,,
02GCP9,"Dân Trí, phường 6, Tân Bình, P.6, Q.Tân Bình, TP.HCM",10300000.0,90.98,Nhà mặt tiền,3.4m,32m,Tây,2.0,1.0,2.0,113.20m²,149.30m²,5m,street house,113211.69487799516,10.815626847720425,106.64179497406786,7.409051982638251,,,,,
ACCHBY,"6C đường số 14, khu dân cư Cityland, P.10, Q.Gò Vấp, TP.HCM",49000000.0,228.97,Nhà mặt tiền,11m,19.44m,Tây,4.0,4.0,4.0,214m²,402.30m²,10m,street house,214001.83430143687,10.832021750389393,106.68460344053884,5.989536692872583,,,,,
SDH895,"34 Thới Tứ 2, ấp Thới Tứ, Xã Thới Tam Thôn, H.Hóc Môn, TP.HCM",3890000.0,84.38,Nhà mặt tiền,3.97m,11.91m,Tây Bắc,2.0,2.0,2.0,46.10m²,68.60m²,6m,street house,46100.97179426405,10.879178732784482,106.58230054555408,16.846288242454012,,,,,
6UQP98,"67/10F Tân Hiệp 31, ấp Thới Tây 2, Xã Tân Hiệp, H.Hóc Môn, TP.HCM",4950000.0,51.08,Nhà mặt tiền,4m,24.38m,Đông,3.0,2.0,2.0,96.90m²,52.30m²,8.82m,street house,96906.81284259984,10.887624178105849,106.60726607213108,15.58749035107807,,,,,
Q7PFRU,"Đường Lê Đức Thọ, P.6, Q.Gò Vấp, TP.HCM",23800000.0,330.55,Nhà mặt tiền,4.15m,20.04m,Tây Bắc,12.0,12.0,5.0,72m²,333.60m²,10m,street house,72001.2101043715,10.838261688999726,106.67037057181982,7.18750653301606,,,,,
ACZRHY,"16 (nền D68) đường số 4A, Khu dân cư 13E, Xã Phong Phú, H.Bình Chánh, TP.HCM",9200000.0,92.0,Nhà mặt tiền,5m,20m,Đông Nam,2.0,4.0,4.0,100m²,267.50m²,14m,street house,100000.0,10.685279156897817,106.58318228961042,16.427129131366307,,,,,
GXVEP2,"Cư Xá Phú Thọ Hòa - Lạc Long Quân, P.5, Q.11, TP.HCM",8750000.0,164.16,Nhà mặt tiền,3.95m,16.8m,Tây Nam,4.0,4.0,3.0,53.30m²,149.90m²,,street house,53301.65692007797,10.772592394629186,106.69207914675967,1.1002540405648318,,,,,
7D5CYA,"Chợ Lớn - khu dân cư bình phú, P.11, Q.6, TP.HCM",17500000.0,218.75,Nhà mặt tiền,4m,16m,Nam,3.0,4.0,4.0,80m²,207.90m²,18m,street house,80000.0,10.749537115278356,106.62748208482873,8.510489730723634,,,,,
408BSF,"9C Nguyễn Thị Nuôi, ấp Thống Nhất 1, Xã Tân Thới Nhì, H.Hóc Môn, TP.HCM",6500000.0,68.56,Nhà mặt tiền,4.15m,23.53m,Đông Nam,2.0,1.0,2.0,94.80m²,95.40m²,10.43m,street house,94807.46791131856,10.880391980658828,106.58995646193848,16.312420050967958,,,,,
8SKP63,"Thửa 107 - Tờ 100, đường số 3, Xã Tân Thông Hội, H.Củ Chi, TP.HCM",3500000.0,40.55,Nhà mặt tiền,7.64m,11.69m,Đông Nam,4.0,2.0,2.0,86.30m²,,8m,street house,86313.19358816277,11.012806321685908,106.48775661530654,34.61010553488612,,,,,
408BSF,"9C Nguyễn Thị Nuôi, ấp Thống Nhất 1, Xã Tân Thới Nhì, H.Hóc Môn, TP.HCM",6500000.0,68.56,Nhà mặt tiền,4.15m,23.53m,Đông Nam,2.0,1.0,2.0,94.80m²,95.40m²,10.43m,street house,94807.46791131856,10.885490536637318,106.60814356925601,15.345337833686415,,,,,
8SKP63,"Thửa 107 - Tờ 100, đường số 3, Xã Tân Thông Hội, H.Củ Chi, TP.HCM",3500000.0,40.55,Nhà mặt tiền,7.64m,11.69m,Đông Nam,4.0,2.0,2.0,86.30m²,,8m,street house,86313.19358816277,11.0041514840794,106.50833606555645,32.41244404245173,,,,,
85K283,"8/2A Nguyễn Thị Sóc, Ấp Hưng Lân, Xã Bà Điểm, H.Hóc Môn, TP.HCM",16500000.0,97.74,Nhà mặt tiền,5.91m,28.31m,Tây Bắc,4.0,2.0,2.0,168.80m²,84.40m²,,street house,168815.22406384285,10.89288814038484,106.60268486283469,16.355489899515405,,,,,
DBM8RH,"Thửa 691 - Tờ 44 đường số 405, Xã Phước Vĩnh An, H.Củ Chi, TP.HCM",5600000.0,28.34,Nhà mặt tiền,7m,28.31m,Tây Nam,6.0,7.0,2.0,197.60m²,,10m,street house,197600.56457304163,11.001310260304155,106.49621802043872,33.04640732239038,,,,,
7HX68A,"C28 (Thửa  902 - tờ 33 ) Tổ 49, khu phố 4, P.Trung Mỹ Tây, Q.12, TP.HCM",6000000.0,98.03,Nhà mặt tiền,5.54m,11.12m,Tây Nam,2.0,1.0,1.0,61.20m²,61.20m²,4m,street house,61205.75334081404,10.778711420169413,106.693598584945,0.6055625473996785,,,,,
37YD1Q,"3 đường số 1, Khu dân cư Lê Thành, P.An Lạc, Q.Bình Tân, TP.HCM",12000000.0,188.67,Nhà mặt tiền,3.95m,16m,Tây Bắc,6.0,5.0,5.0,63.60m²,281.20m²,,street house,63603.116552711086,10.75202300305275,106.6178011207801,9.399777955082168,,,,,
DENJAH,"39 đường số 10, Khu dân cư Trung Sơn, Xã Bình Hưng, H.Bình Chánh, TP.HCM",22000000.0,183.33,Nhà mặt tiền,6m,20m,Bắc,5.0,6.0,4.0,120m²,350.40m²,,street house,120002.18185785196,10.672512718831815,106.59985650624841,16.077171915639283,,,,,
RPC54J,"đường 12F, khu định cư số 4, ấp 4, Xã Phong Phú, H.Bình Chánh, TP.HCM",13500000.0,128.57,Nhà mặt tiền,7m,15m,Đông Bắc,4.0,4.0,4.0,105m²,199.30m²,12m,street house,105001.16667962978,10.682385882235806,106.5986507859056,15.382660592770076,,,,,
UYFYYS,"7 đường số 5, Cư Xá Chu Văn An, P.26, Q.Bình Thạnh, TP.HCM",15300000.0,212.5,Nhà mặt tiền,4m,18m,Bắc,3.0,3.0,3.0,72m²,163.20m²,,street house,72000.0,10.817068371472175,106.70437373082972,4.165266187107599,,,,,
DEPFDH,"32 đường số 12, Khu dân cư Vĩnh Lộc, P.Bình Hưng Hoà B, Q.Bình Tân, TP.HCM",11500000.0,135.29,Nhà mặt tiền,5m,17m,Tây Nam,4.0,4.0,5.0,85m²,284m²,12m,street house,85002.5870352576,10.755616731457634,106.59275864461698,11.926393810582685,,,,,
K4YZXC,"46 đường số 10 khu dân cư Hương Lộ 5, P.An Lạc, Q.Bình Tân, TP.HCM",8000000.0,125.0,Nhà mặt tiền,4m,16m,Đông Nam,6.0,5.0,4.0,64m²,188m²,7m,street house,64000.0,10.760883939063882,106.59857776935652,11.183532075554268,,,,,
6S3578,"86 đường số 2 Cư Xá Chu Văn An, P.26, Q.Bình Thạnh, TP.HCM",15200000.0,207.93,Nhà mặt tiền,3m,14m,Tây,5.0,6.0,4.0,73.10m²,233.20m²,,street house,73101.52455153177,10.812899192983037,106.71889977833273,4.2590456195901885,,,,,
SDP745,"C16 đường Phú Thuận, Khu dân cư Nam Long, P.Phú Thuận, Q.7, TP.HCM",21800000.0,275.94,Nhà mặt tiền,4m,19.75m,Đông,4.0,4.0,4.0,79m²,234.20m²,,street house,79002.68174240777,10.734877144449834,106.7375250486445,6.511878923577358,,,,,
SYKMB5,"Thạnh Xuân 52, khu phố 3, P.Thạnh Xuân, Q.12, TP.HCM",4680000.0,93.58,Nhà mặt tiền,4.54m,11.08m,Tây Bắc,4.0,4.0,3.0,50.01m²,154.20m²,12m,street house,50010.6860440265,10.761392339582898,106.7001878057538,2.0384192156485725,,,,,
AK9MPY,"Thửa 502 - tờ 66 Đường Thạnh Xuân 14, P.Thạnh Xuân, Q.12, TP.HCM",6300000.0,95.45,Nhà mặt tiền,4m,17m,Đông Bắc,2.0,2.0,2.0,66m²,,6m,street house,66003.14300680984,10.779790186850663,106.6898943532783,0.9989276986909479,,,,,
U71MVS,"số 3 đường số 2 KDC Gia Hòa, ấp 5, Xã Phong Phú, H.Bình Chánh, TP.HCM",12360000.0,85.83,Nhà mặt tiền,8m,18m,Đông Bắc,3.0,3.0,3.0,144m²,207.40m²,12m,street house,144005.59245019226,10.687995592869662,106.58417839290648,16.15264458930097,,,,,
9Z7RRP,"59 đường vào khu nhà ở Gia Hòa, KDC Gia Hòa, ấp 5, Xã Phong Phú, H.Bình Chánh, TP.HCM",11000000.0,115.78,Nhà mặt tiền,5m,19m,Đông Bắc,5.0,3.0,4.0,95m²,234m²,8m,street house,95007.77336327518,10.674152405696539,106.60739450689458,15.39460124552272,,,,,
Q7924U,"32 Phạm Hùng Nối Dài, Khu nhà ở rạch Bà Tánh, ấp 5, Xã Bình Hưng, H.Bình Chánh, TP.HCM",17500000.0,159.09,Nhà mặt tiền,5m,22m,Đông Bắc,6.0,6.0,4.0,110m²,324m²,10m,street house,110000.62857502043,10.677033632071907,106.58050699109128,17.241158728056014,,,,,
AFPBHY,"97 Khánh Hội, P.3, Q.4, TP.HCM",25000000.0,277.77,Nhà mặt tiền,4.5m,20m,Đông Bắc,1.0,1.0,1.0,90m²,90m²,,street house,90002.52007056198,10.74710210074977,106.69098547236727,3.72063265970374,,,,,
9V2HVP,"133 Gò Công, P.13, Q.5, TP.HCM",39000000.0,389.22,Nhà mặt tiền,3.9m,26.85m,Đông Bắc,5.0,6.0,5.0,100.20m²,419m²,12m,street house,100200.4008016032,10.740334245203885,106.67363053753273,5.17289936279575,,,,,
8DU9K3,"C24 đường D5B, P.Phú Mỹ, Q.7, TP.HCM",11000000.0,122.22,Nhà mặt tiền,5m,16m,Tây Bắc,4.0,4.0,3.0,90m²,137.50m²,10m,street house,90001.63639338897,10.735184040404182,106.71883677860193,5.388232160673518,,,,,
6AXYH8,"661 Hồng Bàng, P.6, Q.6, TP.HCM",15000000.0,159.91,Nhà mặt tiền,3.63m,33.24m,Đông Bắc,2.0,1.0,1.0,93.80m²,,20m,street house,93802.76405478081,10.748943839429248,106.6277971098865,8.504936069467815,,,,,
17ZEV6,"45C Cao Thắng, P.3, Q.3, TP.HCM",27000000.0,459.18,Nhà mặt tiền,2.98m,18.75m,Đông Bắc,5.0,6.0,5.0,58.80m²,247.80m²,20m,street house,58800.47040376323,10.789981364313128,106.66997912975057,3.37121990817381,,,,,
17FNJ6,"208 Nguyễn Trãi, P.Phạm Ngũ Lão, Q.1, TP.HCM",780000000.0,1.3,Nhà mặt tiền,18.62m,30.35m,Đông Nam,15.0,15.0,15.0,600m²,5195.80m²,15m,street house,600000000.0,10.763902101587517,106.69528309079367,1.8039684943797303,,,,,
UKJHXS,"143 (1 Phần) Bàn Cờ, P.3, Q.3, TP.HCM",28000000.0,442.33,Nhà mặt tiền,4.7m,14m,Đông Bắc,5.0,4.0,4.0,63.30m²,216m²,15m,street house,63301.155246083246,10.781388762705287,106.68740949399385,1.2830111716154942,,,,,
WZ1N3R,"341 Nguyễn Trãi, P.Nguyễn Cư Trinh, Q.1, TP.HCM",170000000.0,975.21,Nhà mặt tiền,8.45m,22.9m,Tây Bắc,7.0,7.0,7.0,174.32m²,1123.82m²,20m,street house,174321.42820520708,10.782601901723334,106.68835189270239,1.208477247482455,,,,,
RTM0WJ,"Vân Thân, P.8, Q.6, TP.HCM",26000000.0,222.03,Nhà mặt tiền,5m,18.45m,Nam,6.0,4.0,4.0,117.10m²,279.40m²,8m,street house,117101.29261811468,10.748049085920638,106.63062250569287,8.264357488361664,,,,,
SCYWY5,"Hoàng Sa, P.Võ Thị Sáu, Q.3, TP.HCM",11000000.0,315.18,Nhà mặt tiền,2.92m,13.19m,Tây Nam,3.0,3.0,3.0,34.90m²,100.20m²,,street house,34900.691668253065,10.798227811935794,106.6707268958007,3.7069596955811317,,,,,
W2SQQR,"Bà Hạt, P.9, Q.10, TP.HCM",15000000.0,583.65,Nhà mặt tiền,2.3m,16.8m,Đông Nam,3.0,2.0,3.0,25.70m²,70.90m²,,street house,25700.334104343357,10.780768704085778,106.71115622094612,1.3308911205340261,,,,,
UD9EXS,"191 Cô Giang, P.Cô Giang, Q.1, TP.HCM",40000000.0,526.31,Nhà mặt tiền,4.2m,18.55m,Tây Bắc,8.0,8.0,6.0,76m²,347.50m²,8.03m,street house,76000.83600919611,10.780465316138335,106.69401954449516,0.5529084266557378,,,,,
SH9VY5,"62-64 Nguyễn Biểu, P.1, Q.5, TP.HCM",250000000.0,739.51,Nhà mặt tiền,11.3m,30m,Tây Nam,9.0,9.0,10.0,338.06m²,2509.51m²,,street house,338061.68949709943,10.765281588909371,106.66494536303632,4.058193405870317,,,,,
7C4UZA,"107 ( Bên phải ) Vườn Chuối, P.4, Q.3, TP.HCM",90000000.0,606.46,Nhà mặt tiền,10.15m,13.47m,Đông Bắc,5.0,5.0,7.0,148.40m²,745.30m²,12m,street house,148402.2029482571,10.771975127268908,106.679421181046,2.3118521837272734,,,,,
7C4UZA,"107 ( Bên phải ) Vườn Chuối, P.4, Q.3, TP.HCM",90000000.0,606.46,Nhà mặt tiền,10.15m,13.47m,Đông Bắc,5.0,5.0,7.0,148.40m²,745.30m²,12m,street house,148402.2029482571,10.783813099118674,106.67436806414626,2.733543949802685,,,,,
UDKT6S,"123 Vĩnh Hội, P.4, Q.4, TP.HCM",30000000.0,299.1,Nhà mặt tiền,4.03m,24.94m,Nam,7.0,7.0,6.0,100.30m²,523.40m²,16m,street house,100300.90270812437,10.768592500696991,106.70206142063519,1.2817189136359521,,,,,
R2TY7J,"53 Vĩnh Hội, P.4, Q.4, TP.HCM",13000000.0,449.82,Nhà mặt tiền,4.02m,10.13m,Nam,3.0,4.0,4.0,28.90m²,116.90m²,7.75m,street house,28900.449068516296,10.768225034593494,106.7055982961802,1.4667676643243155,,,,,
PXMJMG,"2 160, Tăng Nhơn Phú A, Q.9, TP.HCM",6600000.0,122.22,Nhà mặt tiền,4.3m,14.5m,,4.0,4.0,4.0,54m²,154m²,5m,street house,54000.98183603338,10.85758902980884,106.82475679991265,16.220326088846132,,,,,
2VV3WZ,"945 Nguyễn Trãi, P.13, Q.5, TP.HCM",10000000.0,285.71,Nhà mặt tiền,5m,7m,Đông Nam,2.0,2.0,2.0,35m²,70m²,40m,street house,35000.52500787512,10.756730610923066,106.65063433376419,5.875204582479289,,,,,
WP6DCR,"23 Đông Du, P.Bến Nghé, Q.1, TP.HCM",71000000.0,1.46,Nhà mặt tiền,3.9m,12.4m,Tây Bắc,3.0,3.0,3.0,48.40m²,137.70m²,16m,street house,48630136.98630137,10.787369968186182,106.70003077776315,0.8461347374646553,,,,,
QABMMU,"75 Trương Định, P.Bến Nghé, Q.1, TP.HCM",75000000.0,660.79,Nhà mặt tiền,4.2m,27.13m,Đông Bắc,6.0,7.0,3.0,113.50m²,247.50m²,20m,street house,113500.50696893113,10.787025903329695,106.68912050167047,1.3474354085698763,,,,,
3SAA6Q,"Tân Phước, P.6, Q.10, TP.HCM",18000000.0,584.41,Nhà mặt tiền,5.72m,10.51m,Nam,5.0,6.0,6.0,30.80m²,,11m,street house,30800.294313923445,10.790353167784236,106.70815927830883,1.5374702394988027,,,,,
UKN7FS,"Đinh Tiên Hoàng, P.Đa Kao, Q.1, TP.HCM",23000000.0,534.88,Nhà mặt tiền,3.9m,14m,Tây Nam,4.0,5.0,3.0,43m²,131m²,,street house,43000.299132515705,10.763142176369222,106.71379149580926,2.448715684590309,,,,,
WT8KWR,"Vĩnh Hội, P.4, Q.4, TP.HCM",25000000.0,367.64,Nhà mặt tiền,4m,20m,Nam,6.0,5.0,4.0,68m²,,,street house,68001.30562506801,10.753414566689013,106.69017719479424,3.0733497673424375,,,,,
UCJE8S,"475 Tân Sơn, P.12, Q.Gò Vấp, TP.HCM",20000000.0,163.26,Nhà mặt tiền,6m,25.5m,Đông Nam,1.0,1.0,1.0,122.50m²,,15m,street house,122503.98137939484,10.817764307255306,106.67488124167251,4.962045777310248,,,,,
SB0EN5,"Lê Lợi, P.1, Q.Gò Vấp, TP.HCM",28000000.0,267.17,Nhà mặt tiền,4.48m,15.13m,Tây Nam,18.0,18.0,7.0,104.80m²,538.40m²,,street house,104802.18587416252,10.81952071281527,106.67622182539407,5.053629119727044,,,,,
WT8T6R,"21 Minh Phụng, P.9, Q.6, TP.HCM",15500000.0,239.56,Nhà mặt tiền,3.09m,20.16m,Đông,6.0,6.0,5.0,64.70m²,221.20m²,23.97m,street house,64701.9535815662,10.749351363034759,106.63102468253817,8.164098608063261,,,,,
1AB8M6,"92-94 Võ Oanh, P.25, Q.Bình Thạnh, TP.HCM",63000000.0,375.0,Nhà mặt tiền,8.4m,20m,Đông Nam,2.0,2.0,4.0,168m²,672m²,,street house,168000.0,10.820125751294595,106.72305057093186,5.178146573237073,,,,,
P1U49G,"27(15.15) đường 5m thông, P.Tân Thới Nhất, Q.12, TP.HCM",8990000.0,52.57,Nhà mặt tiền,6m,29m,Bắc,1.0,1.0,1.0,171m²,174m²,5m,street house,171010.08179570097,10.788062543465566,106.71340442189164,1.81946462870495,,,,,
WTVG6R,"64 Thạnh Lộc 15, P.Thạnh Lộc, Q.12, TP.HCM",9000000.0,144.23,Nhà mặt tiền,3.81m,19.85m,Tây Bắc,5.0,4.0,5.0,62.40m²,282.80m²,7m,street house,62400.332801774945,10.766737867188777,106.7076840998599,1.725994471899719,,,,,
3HB62Q,"161 Nguyễn Thị Thập, P.Tân Hưng, Q.7, TP.HCM",45000000.0,450.0,Nhà mặt tiền,5m,20m,Tây Bắc,6.0,5.0,5.0,100m²,450m²,40m,street house,100000.0,10.7246733097362,106.73485349562759,7.246845567228555,,,,,
42N7AF,"72 Trần Phú, P.4, Q.5, TP.HCM",4790000.0,199.58,Nhà mặt tiền,3.5m,8m,Tây,2.0,2.0,3.0,24m²,24m²,4m,street house,24000.40084176771,10.759737510139981,106.65107518569538,5.694202475409455,,,,,
RNVD7J,"Văn Thân, P.8, Q.6, TP.HCM",2100000.0,115.38,Nhà mặt tiền,3.5m,5.2m,Tây Bắc,2.0,2.0,2.0,18.20m²,18.20m²,3m,street house,18200.728029121165,10.737556367563194,106.63332206585645,8.57123416091944,,,,,
7445VA,"142 Võ Thị Sáu, P.8, Q.3, TP.HCM",210000000.0,724.38,Nhà mặt tiền,12m,28m,Đông Nam,2.0,1.0,2.0,289.90m²,556.30m²,,street house,289903.08953863994,10.774252382677522,106.6825996912093,1.8981081221172011,,,,,
JX2P80,"Gò Xoài, P.Bình Hưng Hoà A, Q.Bình Tân, TP.HCM",6000000.0,98.36,Nhà mặt tiền,4m,15m,Tây,2.0,2.0,2.0,61m²,,,street house,61000.40666937779,10.761757955882807,106.60546136604405,10.425949626870466,,,,,
G6NF12,"Lô Tư, P.Bình Hưng Hoà A, Q.Bình Tân, TP.HCM",49000000.0,110.11,Nhà mặt tiền,16m,28m,Tây Bắc,4.0,6.0,3.0,445m²,445m²,12m,street house,445009.5359186268,10.769551029969614,106.614575542694,9.305651738212608,,,,,
G6NF12,"Lô Tư, P.Bình Hưng Hoà A, Q.Bình Tân, TP.HCM",49000000.0,110.11,Nhà mặt tiền,16m,28m,Tây Bắc,4.0,6.0,3.0,445m²,445m²,12m,street house,445009.5359186268,10.760890559517184,106.60733323342969,10.244232485758648,,,,,
8DSW73,"VT41-07 Thạnh Thới, TT.Cần Thạnh, H.Cần Giờ, TP.HCM",12990000.0,162.44,Nhà mặt tiền,5m,16m,Tây Nam,6.0,5.0,4.0,80m²,80m²,14m,street house,79967.98818025117,10.397611422509021,106.89446349644662,47.375429543630354,,,,,
SBAZR5,"83 đường Trang Tử, P.14, Q.5, TP.HCM",21000000.0,280.74,Nhà mặt tiền,4.25m,17.78m,Nam,5.0,3.0,5.0,74.80m²,120m²,16m,street house,74802.30818550973,10.749472640194536,106.65550286246994,5.822755471371122,,,,,
6YQKA8,"âu cơ, P.14, Q.11, TP.HCM",6300000.0,157.5,Nhà mặt tiền,4m,10m,Đông Nam,3.0,2.0,2.0,40m²,91m²,6m,street house,40000.0,10.788441250982824,106.69018517440132,1.3609164543304348,,,,,
C94GGB,"40-42 Bùi Thị Xuân, P.Bến Thành, Q.1, TP.HCM",250000000.0,1.52,Nhà mặt tiền,8.2m,20m,Đông Nam,40.0,40.0,10.0,164m²,967.40m²,,street house,164473684.21052632,10.767560063992008,106.71407934209782,2.1303547924703503,,,,,
YWKWKD,"21 Phan Kế Bính, P.Đa Kao, Q.1, TP.HCM",88000000.0,691.82,Nhà mặt tiền,8.9m,18.6m,Đông Bắc,3.0,3.0,3.0,127.20m²,216.89m²,8m,street house,127200.71694949553,10.76215905889482,106.69251347062138,2.0757719925250226,,,,,
28T19Z,"174 Lạc Long Quân, P.3, Q.11, TP.HCM",19000000.0,155.22,Nhà mặt tiền,3.7m,24.2m,Đông Nam,1.0,1.0,1.0,122.40m²,,20m,street house,122406.90632650432,10.789350211238263,106.71639568712764,2.1742368995347583,,,,,
5B5GX7,"672 Nguyễn Trãi, P.11, Q.5, TP.HCM",11500000.0,312.5,Nhà mặt tiền,2.75m,13.4m,Tây Nam,2.0,2.0,1.0,36.80m²,61.70m²,,street house,36800.0,10.758740946784497,106.67743949553338,3.3156498392984393,,,,,
WZWPHR,"Bến Than, Xã Hòa Phú, H.Củ Chi, TP.HCM",4200000.0,33.6,Nhà mặt tiền,4.3m,26m,Tây Bắc,4.0,1.0,2.0,125m²,30m²,,street house,125000.0,10.993091237105801,106.51657514163288,30.896695734966205,,,,,
5BS5B7,"135/22 Hòa Hưng, P.12, Q.10, TP.HCM",12900000.0,307.14,Nhà mặt tiền,3.5m,13m,Tây Nam,8.0,8.0,6.0,42m²,219m²,5m,street house,42000.390701308854,10.766910422304182,106.70911265019684,1.801269752018317,,,,,
UKQXCS,"HỒNG BÀNG, P.1, Q.11, TP.HCM",11500000.0,193.6,Nhà mặt tiền,4m,16m,Đông Bắc,3.0,3.0,2.0,59.40m²,132m²,,street house,59400.826446281,10.783932028843084,106.71622502144804,1.9359201708623304,,,,,
4GB1CF,"37 đường số 45, P.4, Q.4, TP.HCM",22000000.0,305.55,Nhà mặt tiền,4m,18m,Đông Bắc,6.0,6.0,4.0,72m²,274m²,,street house,72001.30911471117,10.7498405289649,106.69317076900876,3.3736315141868514,,,,,
A4SXDY,"3/6 Phạm Thế Hiển, P.5, Q.8, TP.HCM",10000000.0,120.77,Nhà mặt tiền,4.15m,20.19m,Bắc,5.0,4.0,3.0,82.80m²,157.40m²,15m,street house,82802.02036929701,10.728811403826846,106.61419960391889,10.857134575278993,,,,,
17XFM6,"18 đường DC6, P.Sơn Kỳ, Q.Tân Phú, TP.HCM",8000000.0,129.03,Nhà mặt tiền,4m,15.5m,Tây Nam,1.0,1.0,1.0,62m²,74.40m²,8m,street house,62001.08501898783,10.777701424168415,106.63988901844641,6.4720319053638,,,,,
17XFM6,"18 đường DC6, P.Sơn Kỳ, Q.Tân Phú, TP.HCM",8000000.0,129.03,Nhà mặt tiền,4m,15.5m,Tây Nam,1.0,1.0,1.0,62m²,74.40m²,8m,street house,62001.08501898783,10.777212968318718,106.62074666721573,8.56622512610833,,,,,
3DVNVQ,"Văn Cao, P.Phú Thọ Hòa, Q.Tân Phú, TP.HCM",5000000.0,147.05,Nhà mặt tiền,3.2m,10.5m,Đông,3.0,2.0,3.0,34m²,100m²,,street house,34002.04012240734,10.777709351985823,106.6119911899297,9.521832066050264,,,,,
QH1KYU,"8.7 Hồng Bàng, P.5, Q.5, TP.HCM",5490000.0,183.0,Nhà mặt tiền,3m,11m,Tây,3.0,2.0,4.0,30m²,30m²,3m,street house,30000.0,10.743878078506777,106.6511092141694,6.576013936737885,,,,,
5B3CG7,"102 Hàn Hải Nguyên, P.8, Q.11, TP.HCM",16000000.0,295.2,Nhà mặt tiền,4m,13.5m,Nam,5.0,4.0,4.0,54.20m²,172.80m²,20m,street house,54200.54200542006,10.76736554001614,106.71555555441988,2.270395188562873,,,,,
PVFHQG,"29/15 Nguyễn Bỉnh Khiêm, P.Đa Kao, Q.1, TP.HCM",65000000.0,1.21,Nhà mặt tiền,11.48m,7.2m,Đông Nam,6.0,6.0,6.0,53.60m²,221.90m²,,street house,53719008.264462814,10.790302765766851,106.69740312436022,1.176897140194719,,,,,
JNKCQ0,"78-80 Trần Đình Xu, P.Cô Giang, Q.1, TP.HCM",135000000.0,761.42,Nhà mặt tiền,12.15m,19.57m,Tây Nam,5.0,5.0,5.0,177.30m²,,12m,street house,177300.3073205327,10.763242935076734,106.70375163125759,1.9013040739282703,,,,,
9MBBHP,"138-138A Nguyễn Thị Thập, P.Bình Thuận, Q.7, TP.HCM",200000000.0,253.03,Nhà mặt tiền,18.12m,48.03m,Nam,1.0,1.0,1.0,790.40m²,317.70m²,20m,street house,790420.1082875548,10.726040312593728,106.72589233483457,6.63138498197497,,,,,
A461JY,"215 Tây Thạnh, P.Tây Thạnh, Q.Tân Phú, TP.HCM",14000000.0,133.46,Nhà mặt tiền,3.66m,30.17m,Tây Bắc,4.0,2.0,2.0,104.90m²,114.20m²,16m,street house,104900.34467256106,10.801671239244936,106.63111485807516,7.8118369960972895,,,,,
17GF36,"86 Võ Văn Tần, P.4, Q.3, TP.HCM",750000000.0,1.24,Nhà mặt tiền,24.93m,24.91m,Tây,5.0,5.0,3.0,600.90m²,,,street house,604838709.6774193,10.781284709731386,106.68783233584303,1.2356291113656355,,,,,
8YZHH3,"401 Hàn Hải Nguyên, P.2, Q.11, TP.HCM",20000000.0,265.6,Nhà mặt tiền,4.1m,18.2m,Bắc,6.0,2.0,4.0,75.30m²,288.10m²,20m,street house,75301.2048192771,10.790166601240776,106.7022572749736,1.2014241295930623,,,,,
26EUSZ,"666 Hưng Phú, P.Hưng Phú, Q.8, TP.HCM",8700000.0,188.47,Nhà mặt tiền,3.2m,14.45m,Nam,4.0,3.0,4.0,46.16m²,88.90m²,,street house,46161.19276277391,10.71340026320303,106.63617512875767,10.058983237221868,,,,,
3DR3FQ,"37 Đỗ Quang, Thảo Điền, Q.2, TP.HCM",23500000.0,398.3,Nhà mặt tiền,3.9m,16m,Đông Bắc,8.0,8.0,4.0,59m²,194m²,12m,street house,59000.75320110469,10.798243162184095,106.74899482180683,5.833561761140563,,,,,
4GMMNF,"140-142 Trần Nhân Tôn, P.2, Q.10, TP.HCM",100000000.0,216.07,Nhà mặt tiền,9.3m,29.65m,Tây Nam,2.0,2.0,2.0,462.80m²,654.10m²,,street house,462812.97727588285,10.790410376706825,106.68996962289701,1.537136489966178,,,,,
265VAZ,"227/3 Đồng Đen, P.11, Q.Tân Bình, TP.HCM",42000000.0,182.6,Nhà mặt tiền,6.5m,27m,Tây Nam,6.0,7.0,3.0,230m²,245m²,25m,street house,230010.95290251917,10.789807106188864,106.65483146845271,4.959096617119683,,,,,
3DE7ZQ,"đường C1, P.13, Q.Tân Bình, TP.HCM",38000000.0,157.61,Nhà mặt tiền,6.1m,51.01m,Tây,8.0,6.0,4.0,241.10m²,467.70m²,6m,street house,241101.4529534928,10.811628882055386,106.66487184861187,5.134210486991163,,,,,
RT104J,"đường số 47, P.4, Q.4, TP.HCM",13000000.0,322.58,Nhà mặt tiền,4.5m,9.02m,Đông Bắc,5.0,3.0,5.0,40.30m²,183.30m²,,street house,40300.0806001612,10.749155112653657,106.70805441090624,3.5289716757718876,,,,,
5BW1T7,"149 Lý Thường Kiệt, P.15, Q.11, TP.HCM",115000000.0,488.53,Nhà mặt tiền,11.7m,23.15m,Đông Nam,1.0,1.0,2.0,235.40m²,228.22m²,,street house,235400.07778437354,10.781681783432663,106.69111034050498,0.8909899662505488,,,,,
5BWXG7,"28-30 Huỳnh Thúc Kháng, P.Bến Nghé, Q.1, TP.HCM",225000000.0,2.18,Nhà mặt tiền,8.35m,12.5m,Đông Nam,9.0,9.0,10.0,103m²,690.10m²,,street house,103211009.17431192,10.770661771639647,106.7088125013809,1.4709014097522917,,,,,
4GT09F,"43 Cư Xá Đô Thành đường số 4, P.4, Q.3, TP.HCM",15000000.0,517.24,Nhà mặt tiền,4.5m,10m,Bắc,7.0,7.0,3.0,29m²,82m²,8m,street house,29000.077333539557,10.798399503094892,106.67490308838899,3.346748275487691,,,,,
C0G47B,"đường số 64, P.10, Q.6, TP.HCM",25000000.0,183.82,Nhà mặt tiền,8m,170m,Đông Nam,10.0,10.0,5.0,136m²,508.30m²,6m,street house,136002.61125013602,10.742645360723342,106.63870471568602,7.772265595199763,,,,,
PV8Z8G,"Gia Phú, P.2, Q.6, TP.HCM",15200000.0,184.55,Nhà mặt tiền,4.11m,19.68m,Đông Nam,1.0,1.0,1.0,82.36m²,,,street house,82362.50338661608,10.749123156830839,106.64603506403358,6.715412715652981,,,,,
4GZKBF,"57-57A-55/2 Hồ Hảo Hớn, P.Cô Giang, Q.1, TP.HCM",115000000.0,579.05,Nhà mặt tiền,8.17m,25.71m,Đông Bắc,7.0,7.0,8.0,198.60m²,1007.40m²,,street house,198601.15706761077,10.788386982577194,106.71317233976072,1.8161173324040487,,,,,
7ECR7A,"Yết Kiêu, P.9, Q.5, TP.HCM",36500000.0,555.55,Nhà mặt tiền,8m,8.27m,Đông Bắc,6.0,7.0,5.0,65.70m²,283.38m²,6m,street house,65700.65700657007,10.758951356838814,106.67795887854689,3.2589400199159533,,,,,
26M2HZ,"Hoàng Diệu, P.8, Q.4, TP.HCM",12800000.0,528.92,Nhà mặt tiền,3.1m,7.8m,Tây Bắc,3.0,2.0,5.0,24.20m²,155.50m²,,street house,24200.257127731984,10.770778566292039,106.71344126434343,1.8647843018352026,,,,,
JNGYJ0,"Vĩnh Viễn, P.4, Q.10, TP.HCM",9500000.0,334.5,Nhà mặt tiền,3.15m,8.4m,Nam,3.0,4.0,5.0,28.40m²,68m²,,street house,28400.597907324365,10.783572635816816,106.69031532020509,1.040918934975621,,,,,
C0F36B,"Phạm Thế Hiển, P.4, Q.8, TP.HCM",17000000.0,138.66,Nhà mặt tiền,6.2m,19.2m,Bắc,2.0,2.0,2.0,122.60m²,180.20m²,,street house,122602.04817539305,10.708118616061467,106.61591060842001,12.062142188820692,,,,,
7ED82A,"551 An Phú Đông, P.An Phú Đông, Q.12, TP.HCM",2150000.0,48.86,Nhà mặt tiền,4.3m,10m,Đông Bắc,1.0,1.0,1.0,44m²,,,street house,44003.27466230045,10.776980542447031,106.69231679094507,0.7968547072738674,,,,,
8YQ9K3,"Chánh Hưng, P.5, Q.8, TP.HCM",19500000.0,263.15,Nhà mặt tiền,3.72m,30.57m,Đông Nam,4.0,2.0,2.0,74.10m²,123.80m²,,street house,74102.22306669201,10.717394127355284,106.62837034952258,10.361289835483989,,,,,
EPF3J4,"Ba Tháng Hai, P.14, Q.10, TP.HCM",48000000.0,407.81,Nhà mặt tiền,4.29m,28.67m,Đông Nam,5.0,4.0,4.0,117.70m²,404.30m²,17m,street house,117701.87096932395,10.77003707903412,106.7110392907005,1.6995141212022558,,,,,
AES27Y,"Khu dân cư 13A Intresco, Xã Bình Hưng, H.Bình Chánh, TP.HCM",18200000.0,130.0,Nhà mặt tiền,7m,20m,Đông Nam,3.0,3.0,3.0,140m²,,,street house,140000.0,10.67830917172427,106.58741974403056,16.58417424072595,,,,,
67MF28,"Võ Oanh, P.25, Q.Bình Thạnh, TP.HCM",36000000.0,529.41,Nhà mặt tiền,4.2m,19m,Bắc,3.0,3.0,3.0,68m²,203m²,,street house,68000.22666742223,10.806659096525246,106.70809034121288,3.1334934932682645,,,,,
JTFGA0,"gần Chợ Bình Điền Đường 10m., P.7, Q.8, TP.HCM",13500000.0,135.0,Nhà mặt tiền,5m,20m,Tây Bắc,3.0,2.0,2.0,100m²,100m²,12m,street house,100000.0,10.724389168228578,106.63429150115918,9.363924074372616,,,,,
21JK7Z,"Khánh Hội, P.13, Q.4, TP.HCM",8790000.0,219.75,Nhà mặt tiền,4m,10m,Đông Bắc,3.0,3.0,3.0,40m²,40m²,,street house,40000.0,10.75339439720865,106.69403336158982,2.9698188391383464,,,,,
KR7G1C,"Bình Trị Đông, Bình Trị Đông A, Bình Tân, TP.HCM",17000000.0,77.27,Nhà mặt tiền,4.2m,52.5m,,8.0,6.0,4.0,,220m²,,street house,220007.7649799405,10.75761794300187,106.58961680604462,12.215131419986196,,,,,
21KQ5Z,"81 Lê Niệm, P.Phú Thạnh, Q.Tân Phú, TP.HCM",10000000.0,137.36,Nhà mặt tiền,3.6m,18.02m,Đông Bắc,1.0,1.0,1.0,72.80m²,62.40m²,8.21m,street house,72801.3977868375,10.776559392967064,106.6140238239529,9.30361972029639,,,,,
AENCQY,"811 Đoàn Văn Bơ, P.18, Q.4, TP.HCM",23000000.0,145.47,Nhà mặt tiền,7.23m,22.72m,Nam,8.0,8.0,3.0,158.10m²,315.80m²,8m,street house,158108.20100364336,10.772358999313408,106.69863764596546,0.8225216988715633,,,,,
CJVAGB,"Ngô Quyền, P.8, Q.10, TP.HCM",15500000.0,342.16,Nhà mặt tiền,3.5m,13m,Tây Nam,2.0,1.0,1.0,45.30m²,59.30m²,8m,street house,45300.44423661444,10.779269245332122,106.69187137388009,0.7847819907818602,,,,,
674EU8,"Hiệp Thành 45, P.Tân Thới Hiệp, Q.12, TP.HCM",3000000.0,91.46,Nhà mặt tiền,4.1m,8m,Đông,2.0,2.0,1.0,32.80m²,,4m,street house,32801.224579050955,10.779349054068566,106.68884007778746,1.1152751803913012,,,,,
67KME8,"Nguyễn Chế Nghĩa, P.Xóm Củi, Q.8, TP.HCM",11000000.0,299.72,Nhà mặt tiền,2.9m,14.89m,Đông Bắc,5.0,3.0,5.0,36.70m²,127.60m²,,street house,36700.92085946883,10.714957479001118,106.62068501423836,11.173613276857571,,,,,
7BRX4A,"85 Âu Cơ, P.14, Q.11, TP.HCM",17000000.0,419.75,Nhà mặt tiền,4m,14.7m,Đông Bắc,5.0,6.0,7.0,40.50m²,269.30m²,16m,street house,40500.29779630733,10.781266782269133,106.70942127246008,1.1484436648781684,,,,,
RZNMNJ,"457 Tân Sơn, P.12, Q.Gò Vấp, TP.HCM",30000000.0,196.97,Nhà mặt tiền,7.96m,20.76m,Đông Nam,2.0,1.0,1.0,152.30m²,,30m,street house,152307.45798852618,10.815020493603042,106.66261840761175,5.571839815963176,,,,,
SKKD15,"13 Hiền Vương, P.Phú Thạnh, Q.Tân Phú, TP.HCM",7990000.0,84.28,Nhà mặt tiền,4.25m,22.3m,Bắc,2.0,2.0,2.0,94.80m²,,,street house,94803.0374940674,10.796149901989539,106.63742833290597,6.975799503895655,,,,,
KWDX6C,"134/2 (Số cũ 1070) Khuông Việt, P.Phú Thạnh, Q.Tân Phú, TP.HCM",16000000.0,112.67,Nhà mặt tiền,4.55m,30.75m,Tây Nam,5.0,3.0,2.0,142m²,211.80m²,11.87m,street house,142007.63291026893,10.80486105117003,106.63393403016102,7.640176994690694,,,,,
CRHTXB,"302 Gia Phú, P.1, Q.6, TP.HCM",30000000.0,391.64,Nhà mặt tiền,4.6m,18.42m,Đông Nam,3.0,2.0,3.0,76.60m²,212m²,16m,street house,76600.96006536616,10.756972633550703,106.64360629316077,6.565824679261455,,,,,
49KPUF,"đường số 2, P.Tân Phong, Q.7, TP.HCM",33000000.0,261.9,Nhà mặt tiền,7m,18m,Bắc,7.0,7.0,6.0,126m²,527m²,12m,street house,126002.29095074457,10.73397337976495,106.71673018311357,5.424664560942209,,,,,
5KVQ47,"121 Thới An 33, P.Thới An, Q.12, TP.HCM",8199999.999999999,119.7,Nhà mặt tiền,4.42m,15.55m,Nam,4.0,5.0,5.0,68.50m²,266.17m²,4m,street house,68504.59482038429,10.788396571796373,106.69509714108754,1.045071586778364,,,,,
PX5XMG,"190 Chiến Thắng, P.9, Q.Phú Nhuận, TP.HCM",2050000.0,205.0,Nhà mặt tiền,1.92m,6.64m,Đông Nam,2.0,2.0,2.0,10m²,20m²,,street house,10000.0,10.803974734920772,106.68612179050457,3.025167202930085,,,,,
65BAV8,"28 đường số 33, An Phú, Q.2, TP.HCM",47000000.0,293.75,Nhà mặt tiền,8m,20m,Đông Bắc,5.0,5.0,4.0,160m²,364.50m²,9m,street house,160000.0,10.792886777196964,106.75601682571526,6.398884049389464,,,,,
SHY6G5,"6 Trần Nhân Tôn, P.2, Q.10, TP.HCM",19000000.0,271.42,Nhà mặt tiền,3.98m,17.66m,Tây Bắc,3.0,2.0,2.0,70m²,110m²,15m,street house,70002.21059612409,10.770049487882977,106.70480626437596,1.2486159854516057,,,,,
0ZRCX9,"34B ( Thửa 515 - tờ 38) đường 457, Xã Trung An, H.Củ Chi, TP.HCM",3950000.0,19.77,Nhà mặt tiền,7m,28.7m,Tây Bắc,2.0,1.0,1.0,199.70m²,,6m,street house,199797.67324228628,11.000452754532718,106.50528686697535,32.317834429981325,,,,,
7KMFWA,"1002 Nguyễn Xiển, Long Bình, Q.9, TP.HCM",14500000.0,111.28,Nhà mặt tiền,4.96m,30.18m,Tây Bắc,1.0,1.0,1.0,130.30m²,83.40m²,13m,street house,130301.9410496046,10.832818997901676,106.82917105092886,15.39380365411861,,,,,
6S9038,"MP 136 Thới An 11, P.Thới An, Q.12, TP.HCM",4600000.0,70.55,Nhà mặt tiền,4m,16.21m,Tây Bắc,3.0,3.0,3.0,65.20m²,,6m,street house,65201.98440822112,10.774776308131486,106.70622456029012,0.9625171639450716,,,,,
6S0KT8,"605 Tạ Quang Bửu, P.4, Q.8, TP.HCM",26000000.0,325.0,Nhà mặt tiền,4m,20m,Tây Bắc,5.0,6.0,4.0,80m²,,,street house,80000.0,10.718688656891548,106.6216243333812,10.83281371102001,,,,,
37PDWQ,"282A Lê Văn Sỹ, P.14, Q.3, TP.HCM",40000000.0,400.0,Nhà mặt tiền,4.11m,24.27m,Tây Nam,3.0,3.0,3.0,100m²,284.80m²,18m,street house,100000.0,10.781754314394464,106.69685754554065,0.32217812452214384,,,,,
6SWAW8,"120 Lê Thị Riêng, P.Bến Thành, Q.1, TP.HCM",33000000.0,532.77,Nhà mặt tiền,4.45m,15m,Đông Nam,4.0,4.0,4.0,61.94m²,226.70m²,,street house,61940.42457345571,10.763494083501575,106.69686427847559,1.8174608989697079,,,,,
85WFJ3,"78 Hùng Vương, P.1, Q.10, TP.HCM",46500000.0,372.89,Nhà mặt tiền,8.4m,24.57m,Đông Nam,1.0,1.0,2.0,124.70m²,176.10m²,30m,street house,124701.65464346054,10.775597831799109,106.69783998596542,0.48103576001495907,,,,,
UYJPJS,"TK 28/41 Nguyễn Cảnh Chân, P.Cầu Kho, Q.1, TP.HCM",30000000.0,909.09,Nhà mặt tiền,11.16m,5.34m,Tây Nam,6.0,5.0,5.0,33m²,134.70m²,16m,street house,33000.033000033,10.76593314468841,106.69474026001501,1.602354974277208,,,,,
6SEN48,"87B Bùi Thị Xuân, P.Phạm Ngũ Lão, Q.1, TP.HCM",78000000.0,614.17,Nhà mặt tiền,3.8m,28.13m,Tây Bắc,8.0,8.0,8.0,127m²,828.50m²,,street house,127000.66756761158,10.772898406188157,106.71041598938646,1.4599710631696938,,,,,
1UKXP6,"490 Gia Phú, P.2, Q.6, TP.HCM",8199999.999999999,176.34,Nhà mặt tiền,3.55m,14.55m,Đông Nam,2.0,1.0,1.0,46.50m²,87.33m²,8.3m,street house,46501.07746399001,10.738335455585123,106.62731765502285,9.085095803684982,,,,,
85BTQ3,"Lê Lâm, P.Phú Thạnh, Q.Tân Phú, TP.HCM",36000000.0,115.71,Nhà mặt tiền,16.12m,19.6m,Tây Nam,1.0,1.0,1.0,311.10m²,153.50m²,12m,street house,311122.634171636,10.780438878887162,106.63381940802127,7.132084245309318,,,,,
85B213,"Trường Sa, P.15, Q.Phú Nhuận, TP.HCM",15000000.0,339.36,Nhà mặt tiền,2.5m,9.1m,Tây Nam,4.0,4.0,5.0,44.20m²,90.20m²,3.7m,street house,44200.8486562942,10.810573996276041,106.68230334934373,3.8657474303916866,,,,,
9T8FGP,"1A Thới An 15, P.Thới An, Q.12, TP.HCM",4890000.0,60.74,Nhà mặt tiền,4m,20.28m,Bắc,2.0,1.0,1.0,80.50m²,75.70m²,8m,street house,80507.07935462627,10.780197977334613,106.70960910070944,1.158132974165049,,,,,
2MQJMZ,"112 Trần  Quốc Thảo, P.Võ Thị Sáu, Q.3, TP.HCM",330000000.0,800.79,Nhà mặt tiền,14m,28.38m,Tây Nam,10.0,12.0,5.0,412.09m²,1006.80m²,30m,street house,412093.0581051212,10.770276035429726,106.68981778516863,1.4563671693141091,,,,,
YBJQWD,"9A Tôn  Thất Tùng, P.Phạm Ngũ Lão, Q.1, TP.HCM",69000000.0,770.94,Nhà mặt tiền,4.5m,21.22m,Đông Bắc,9.0,12.0,8.0,89.50m²,632.30m²,20m,street house,89501.12849248968,10.784152262777015,106.70758002445433,1.0526955289180275,,,,,
6SHQN8,"90-92 Tân Hương, P.Tân Quý, Q.Tân Phú, TP.HCM",56000000.0,323.51,Nhà mặt tiền,8.2m,23.85m,Đông Nam,8.0,8.0,8.0,173.10m²,1052.20m²,20m,street house,173101.29516861922,10.776418452640398,106.63944082135978,6.527589869338436,,,,,
UYBQGS,"51A Trần Quốc Toản, P.Võ Thị Sáu, Q.3, TP.HCM",50000000.0,487.8,Nhà mặt tiền,6.3m,16.98m,Tây Bắc,3.0,3.0,4.0,102.50m²,359m²,,street house,102501.0250102501,10.776934314013133,106.66892345229691,3.3075508130137043,,,,,
EJ23Y4,"116 Nguyễn Văn Thủ, P.Đa Kao, Q.1, TP.HCM",190000000.0,783.82,Nhà mặt tiền,15.85m,17.2m,Đông Nam,6.0,8.0,3.0,242.40m²,410.20m²,20m,street house,242402.5924319359,10.78190115281021,106.6979712919416,0.26104997610153413,,,,,
EJ2N34,"56 Cửu Long, P.2, Q.Tân Bình, TP.HCM",28000000.0,313.9,Nhà mặt tiền,5.35m,16.72m,Tây Bắc,3.0,3.0,3.0,89.20m²,203m²,8m,street house,89200.38228735267,10.794181705422435,106.64744740966803,5.861590448401886,,,,,
PN6Z1G,"132 đường số 1, P.Tân Phú, Q.7, TP.HCM",160000000.0,270.77,Nhà mặt tiền,7.78m,47.42m,Nam,166.0,166.0,8.0,590.90m²,,12m,street house,590907.4121948518,10.731685393304414,106.72955186458425,6.281185820809082,,,,,
7K46EA,"149 Nguyễn Chí Thanh, P.9, Q.5, TP.HCM",65000000.0,377.46,Nhà mặt tiền,7.15m,29.3m,Bắc,5.0,6.0,5.0,172.20m²,286.60m²,25m,street house,172203.6772108303,10.75228582059527,106.6489451779176,6.26558462504115,,,,,
85DKP3,"94 Nguyễn Du, P.7, Q.Gò Vấp, TP.HCM",65000000.0,197.44,Nhà mặt tiền,9.43m,31.36m,Tây Nam,26.0,28.0,7.0,329.20m²,1346m²,8m,street house,329213.9384116694,10.839806620358987,106.66536778631696,7.59134310477253,,,,,
0ZXKW9,"219A Phan Văn Khỏe, P.6, Q.6, TP.HCM",14000000.0,177.89,Nhà mặt tiền,3.55m,21.65m,Đông Nam,6.0,6.0,5.0,78.70m²,201.60m²,5m,street house,78700.32042273316,10.746776767692666,106.64372683330613,7.065067564877431,,,,,
DE4MMH,"5F Hưng Phú, P.Hưng Phú, Q.8, TP.HCM",7600000.0,168.51,Nhà mặt tiền,3.27m,14.3m,Tây,1.0,1.0,2.0,45.10m²,90.20m²,12m,street house,45101.18093881669,10.709147772976543,106.61594068441453,11.985128826158622,,,,,
5HKWB7,"Tam Đảo, P.15, Q.10, TP.HCM",7400000.0,256.05,Nhà mặt tiền,2.83m,10.21m,Tây Bắc,2.0,2.0,2.0,28.90m²,51m²,6m,street house,28900.605350517475,10.77703347512008,106.69705510136973,0.3730813279748137,,,,,
0ZTNQ9,"975 Quang Trung, P.14, Q.Gò Vấp, TP.HCM",19000000.0,178.06,Nhà mặt tiền,3.78m,27.32m,Đông Bắc,9.0,9.0,4.0,106.70m²,280.60m²,30m,street house,106705.60485229698,10.823070741756759,106.68757063686273,4.9492107405169286,,,,,
UYY4GS,"297 Ụ Cây, P.Hưng Phú, Q.8, TP.HCM",5600000.0,166.66,Nhà mặt tiền,3.85m,8.98m,Bắc,4.0,3.0,3.0,33.60m²,,,street house,33601.34405376215,10.720530423783622,106.63385369788493,9.683856701136927,,,,,
SDDH65,"159 Sông Lu, Xã Hòa Phú, H.Củ Chi, TP.HCM",9000000.0,15.12,Nhà mặt tiền,11.94m,50.24m,Đông Bắc,5.0,5.0,3.0,594.90m²,243.50m²,10m,street house,595238.0952380953,11.001644923272485,106.51490590609806,31.740386495315093,,,,,
9TZCNP,"Điện Biên Phủ, P.1, Q.3, TP.HCM",30000000.0,247.93,Nhà mặt tiền,7m,18m,Tây Nam,19.0,20.0,5.0,121m²,,,street house,121001.8956963659,10.7709510782492,106.68003222794432,2.295879446190452,,,,,
QA7KRU,"1257 Vĩnh Lộc, Xã Vĩnh Lộc B, H.Bình Chánh, TP.HCM",14000000.0,83.18,Nhà mặt tiền,11.99m,14.18m,Đông Nam,3.0,3.0,1.0,168.30m²,,,street house,168309.68982928587,10.67765104226945,106.58238973451263,17.041475702940218,,,,,
PNZWVG,"200C Bến Than, Xã Hòa Phú, H.Củ Chi, TP.HCM",2850000.0,27.69,Nhà mặt tiền,3.8m,27.09m,Tây Bắc,2.0,1.0,1.0,102.90m²,,20m,street house,102925.24377031419,11.00813172678935,106.5086668361991,32.72768813885994,,,,,
7KDFSA,"240 Nguyễn thị Búp, P.Hiệp Thành, Q.12, TP.HCM",14000000.0,132.07,Nhà mặt tiền,5m,21m,Tây Nam,4.0,5.0,4.0,106m²,290m²,20m,street house,106004.39161050959,10.769391233730135,106.7090405785995,1.5877546195900285,,,,,
6S3V18,"491 Lạc Long Quân, P.5, Q.11, TP.HCM",9000000.0,214.28,Nhà mặt tiền,7m,6.5m,Đông Nam,7.0,5.0,5.0,42m²,,,street house,42001.12002986746,10.764168506981093,106.70523491234324,1.8559939328075181,,,,,
QASB3U,"36 Nguyễn Văn Đừng, P.5, Q.5, TP.HCM",19000000.0,362.59,Nhà mặt tiền,3.45m,15.3m,Tây,5.0,3.0,4.0,52.40m²,156.90m²,,street house,52400.78325381285,10.741433970525453,106.66482704242839,5.6558470510582,,,,,
K4KYYC,"Bạch Đằng, P.25, Q.Bình Thạnh, TP.HCM",12000000.0,201.0,Nhà mặt tiền,3.6m,16.4m,Tây Nam,5.0,3.0,3.0,59.70m²,,10m,street house,59701.49253731343,10.824972605045577,106.69644193139804,5.006344167376184,,,,,
JGJB20,"Thửa 815 - tờ 30 Bến Than, Xã Hòa Phú, H.Củ Chi, TP.HCM",4500000.0,17.71,Nhà mặt tiền,10m,26m,Đông Bắc,2.0,1.0,1.0,254m²,,6m,street house,254093.7323546019,11.002191504707882,106.49631071998104,33.11194582442304,,,,,
RPWYBJ,"93A đường số 3, P.Tân Kiểng, Q.7, TP.HCM",15000000.0,216.76,Nhà mặt tiền,3.95m,16.91m,Bắc,3.0,3.0,3.0,69.20m²,160.83m²,,street house,69200.9595866396,10.724210980770078,106.73474163127213,7.283348694557445,,,,,
JP4340,"28 Cây Cám, P.Bình Hưng Hoà B, Q.Bình Tân, TP.HCM",5000000.0,74.62,Nhà mặt tiền,3.18m,18.97m,Nam,2.0,3.0,2.0,19.60m²,,5.5m,street house,67006.16456714018,10.759933043263377,106.60745760410948,10.253092104486404,,,,,
Q50ZXU,"952 Lò Gốm, P.8, Q.6, TP.HCM",24000000.0,115.05,Nhà mặt tiền,8.4m,24.17m,Tây Bắc,8.0,6.0,2.0,208.60m²,271.80m²,,street house,208604.95436766624,10.73407122019822,106.6248359366969,9.561338264946697,,,,,
5YGA27,"935 Quang Trung, P.14, Q.Gò Vấp, TP.HCM",35000000.0,187.16,Nhà mặt tiền,7.4m,27.17m,Đông Bắc,2.0,2.0,2.0,187m²,320.40m²,30m,street house,187005.7704637743,10.820989438004325,106.67158620688691,5.457053716829698,,,,,
5YGAP7,"30 đường DC11, P.Sơn Kỳ, Q.Tân Phú, TP.HCM",12000000.0,140.0,Nhà mặt tiền,4m,25m,Tây Bắc,4.0,4.0,4.0,100m²,265.20m²,6m,street house,85714.28571428571,10.782818084009822,106.62168008443899,8.465985223828344,,,,,
4R65XF,"1220 Trường Sa, P.13, Q.Phú Nhuận, TP.HCM",26000000.0,339.39,Nhà mặt tiền,12m,4.95m,Tây Nam,6.0,5.0,4.0,82.50m²,239.40m²,,street house,76608.03205751495,10.807625976797132,106.67629110406838,3.958137622749611,,,,,
EWM664,"224 Hồng Lạc, P.11, Q.Tân Bình, TP.HCM",14000000.0,117.44,Nhà mặt tiền,3.72m,33.14m,Tây Nam,3.0,2.0,2.0,119.20m²,163.30m²,16m,street house,119209.80926430518,10.80940113272065,106.66517644806883,4.9434034049231705,,,,,
6QBJ78,"98 Tam Đảo, P.14, Q.10, TP.HCM",20000000.0,417.53,Nhà mặt tiền,5m,10m,Tây Bắc,1.0,1.0,6.0,47.90m²,,16m,street house,47900.74964673197,10.779418106856403,106.7033140638624,0.4705114712724165,,,,,
GTS862,"An Phú Đông 25, P.An Phú Đông, Q.12, TP.HCM",68000000.0,43.87,Nhà mặt tiền,23.45m,62.95m,Tây Bắc,10.0,10.0,2.0,1550m²,550m²,10m,street house,1550034.1919307045,10.767725849700767,106.69362201623697,1.4590642706766042,,,,,
SA4C25,"Phạm Hữu Chí, P.12, Q.5, TP.HCM",18000000.0,315.23,Nhà mặt tiền,3.5m,16.8m,Tây Bắc,5.0,5.0,4.0,57.10m²,206m²,,street house,57101.164229292895,10.759749188308584,106.67724302804037,3.254026108338878,,,,,
4R2NZF,"13-15 Phạm Vấn, P.Phú Thọ Hòa, Q.Tân Phú, TP.HCM",49000000.0,437.89,Nhà mặt tiền,6.6m,17m,Đông,6.0,6.0,6.0,111.90m²,523.80m²,13m,street house,111900.2489209619,10.785656920438885,106.61566000231515,9.140797572683582,,,,,
0GXDB9,"Tân Hòa Đông, P.14, Q.6, TP.HCM",28000000.0,198.44,Nhà mặt tiền,5.85m,26.27m,Tây Nam,4.0,2.0,2.0,141.10m²,142.70m²,7.2m,street house,141100.5845595646,10.757806949350165,106.63055007613272,7.87423057225423,,,,,
5YCP47,"135 Ngô Quyền, P.Hiệp Phú, Q.9, TP.HCM",8300000.000000001,259.37,Nhà mặt tiền,3.9m,13.32m,Tây Nam,4.0,3.0,4.0,32m²,,10m,street house,32000.616879361532,10.8487312393131,106.82477006147843,15.723863600028578,,,,,
3S5UTQ,"An Hội, P.15, Q.Gò Vấp, TP.HCM",16500000.0,144.35,Nhà mặt tiền,8.23m,16.3m,Đông,4.0,4.0,5.0,114.30m²,216.20m²,6m,street house,114305.507447177,10.827637722956489,106.681582072809,5.626490114195592,,,,,
YY32D6,"Phú Hòa, P.8, Q.Tân Bình, TP.HCM",62000000.0,600.36,Nhà mặt tiền,4.05m,25.5m,Tây Bắc,6.0,4.0,6.0,103.27m²,205.27m²,12m,street house,103271.37051102672,10.8042675379247,106.66531098916374,4.575013303460661,,,,,
A7F2YX,"đường B, P.Phú Thạnh, Q.Tân Phú, TP.HCM",13000000.0,154.76,Nhà mặt tiền,4m,21m,Tây,5.0,3.0,3.0,84m²,,,street house,84001.03385887826,10.800019266131356,106.62806198314338,8.077423993484844,,,,,
53SA7X,"119 Lê Đại Hành, P.7, Q.11, TP.HCM",18000000.0,189.07,Nhà mặt tiền,3.8m,24.2m,Đông Bắc,5.0,3.0,3.0,95.20m²,174.80m²,30m,street house,95202.83492886233,10.76506832202073,106.69156545150807,1.8210087946693896,,,,,
EH3J4W,"201 Nguyễn Văn Thủ, P.Đa Kao, Q.1, TP.HCM",45000000.0,835.29,Nhà mặt tiền,4.05m,15m,Tây Bắc,8.0,9.0,5.0,62.50m²,266.20m²,12m,street house,53873.50501023597,10.762888496972792,106.70468376329795,1.9686798518801198,,,,,
DUZ3HF,"47 Đường 52B, P.Tân Tạo, Q.Bình Tân, TP.HCM",12000000.0,106.66,Nhà mặt tiền,5m,22.5m,Đông,27.0,24.0,5.0,112.50m²,399.50m²,6m,street house,112507.0316894806,10.755972968983368,106.60900250645179,10.192489596861453,,,,,
94ZEPM,"14 Trần Quý Khoách, P.Tân Định, Q.1, TP.HCM",60000000.0,0.0,Nhà mặt tiền,6.16m,16.15m,Đông,2.0,2.0,2.0,144.51m²,,4m,street house,inf,10.76081966755844,106.70530076154989,2.207147444071948,,,,,
UVAYS5,"8 Điện Biên Phủ, P.Đa Kao, Q.1, TP.HCM",18000000.0,375.78,Nhà mặt tiền,4.06m,13.55m,Tây Bắc,8.0,8.0,4.0,47.90m²,171.20m²,30m,street house,47900.36723614881,10.763003379989584,106.70881857205345,2.1429759477922574,,,,,
CS9ZBC,"411 Võ Văn Tần, P.5, Q.3, TP.HCM",82000000.0,806.29,Nhà mặt tiền,5.84m,17.43m,Bắc,2.0,2.0,3.0,101.70m²,319m²,20m,street house,101700.38075630357,10.769776037974871,106.66938415735406,3.4259562561014487,,,,,
3WE2Q3,"87 đường số 30, P.Tân Phong, Q.7, TP.HCM",15000000.0,208.33,Nhà mặt tiền,4m,18m,Bắc,4.0,5.0,4.0,72m²,193.60m²,6m,street house,72001.15201843229,10.728608983171979,106.73398967558856,6.831316992242038,,,,,
79C2A8,"129 Trường Chinh, P.12, Q.Tân Bình, TP.HCM",24000000.0,181.54,Nhà mặt tiền,3.8m,30.2m,Đông Bắc,2.0,2.0,2.0,132.20m²,210.29m²,15m,street house,132202.26947229262,10.808924689681366,106.6378024607703,7.431203097393466,,,,,
J32R0D,"63 Chấn Hưng, P.6, Q.Tân Bình, TP.HCM",25000000.0,346.5,Nhà mặt tiền,3.9m,18.5m,Tây Bắc,5.0,6.0,4.0,72.15m²,236.70m²,4.4m,street house,72150.07215007216,10.793238903937176,106.66333573109213,4.177558645798886,,,,,
70FGA8,"90 Dã Tượng, P.10, Q.8, TP.HCM",9600000.0,173.28,Nhà mặt tiền,3.21m,17m,Tây Bắc,3.0,3.0,4.0,55.40m²,127.40m²,4m,street house,55401.662049861494,10.723746253152449,106.62917433882888,9.838662140499641,,,,,
2535ZN,"Nguyễn Oanh, P.17, Q.Gò Vấp, TP.HCM",18000000.0,12.85,Nhà mặt tiền,3.9m,13.47m,Tây,2.0,2.0,2.0,140m²,89.60m²,4m,street house,1400778.2101167315,10.824608111600417,106.67008688231793,5.882114122143393,,,,,
6YSX8Y,"Âu Cơ, P.Tân Thành, Q.Tân Phú, TP.HCM",16000000.0,181.81,Nhà mặt tiền,4m,22m,Đông Bắc,1.0,1.0,1.0,88m²,88m²,15m,street house,88003.96017820801,10.784399457594045,106.62504318630803,8.107583167911793,,,,,
3H95PQ,"lê thúc hoạch, P.Phú Thọ Hòa, Q.Tân Phú, TP.HCM",5000000.0,104.16,Nhà mặt tiền,4m,12m,Bắc,2.0,2.0,2.0,48m²,,,street house,48003.07219662058,10.805319364001189,106.63152803514502,7.903898827721843,,,,,
DRNUXH,"100 Dương ba trac, P.Rạch Ông, Q.8, TP.HCM",4179999.999999999,77.4,Nhà mặt tiền,3.5m,9.5m,,2.0,2.0,2.0,54m²,54m²,2m,street house,54005.16795865631,10.718666902681315,106.61895244410611,11.064191589977376,,,,,
SBPG35,"114 Hoàng Hoa Thám, P.12, Q.Tân Bình, TP.HCM",43000000.0,228.11,Nhà mặt tiền,6.5m,29m,Tây,6.0,6.0,3.0,188.50m²,293.20m²,20m,street house,188505.54557011966,10.795589750083526,106.64298627810098,6.373456090090284,,,,,
AF204Y,"79A Ba Tháng Hai, P.10, Q.10, TP.HCM",12800000.0,568.88,Nhà mặt tiền,2.92m,7.7m,Tây Bắc,4.0,4.0,5.0,22.50m²,111m²,30m,street house,22500.35156799325,10.781020591800246,106.71554008821558,1.8110527586276992,,,,,
AF2JEY,"93 đường số 8, Xã Bình Hưng, H.Bình Chánh, TP.HCM",32000000.0,320.0,Nhà mặt tiền,5m,20m,Bắc,14.0,8.0,6.0,100m²,380.70m²,,street house,100000.0,10.684272618923922,106.60268640768024,14.922243576388682,,,,,
1AEK76,"4 ĐƯỜNG SỐ 50, P.2, Q.4, TP.HCM",7500000.0,288.46,Nhà mặt tiền,2.66m,10m,Đông Nam,3.0,4.0,4.0,26m²,107m²,12m,street house,26000.138667406227,10.771009862826897,106.69334382550761,1.1526629366184937,,,,,
K0NBQC,"100 Hiep thanh 12, P.Tân Thới Hiệp, Q.12, TP.HCM",6200000.0,103.33,Nhà mặt tiền,15m,4m,Đông Bắc,3.0,2.0,1.0,60m²,120m²,7m,street house,60001.93554630795,10.767782498411965,106.7028291620217,1.3912028948982134,,,,,
749T7A,"40A Đặng Văn Ngữ, P.10, Q.Phú Nhuận, TP.HCM",28990000.0,298.86,Nhà mặt tiền,4.5m,23m,Đông,4.0,5.0,4.0,97m²,328m²,15m,street house,97001.94070802382,10.790831366564928,106.6936165156764,1.3576597250700508,,,,,
WT6GVR,"123 Đinh Tiên Hoàng, P.13, Q.Bình Thạnh, TP.HCM",40000000.0,460.82,Nhà mặt tiền,5.6m,15.5m,Tây Bắc,2.0,2.0,4.0,86.80m²,260.40m²,,street house,86801.7881168352,10.817203782494648,106.69655174056793,4.1478632850737025,,,,,
UCWVRS,"21B Đô Đốc Thủ, P.Tân Quý, Q.Tân Phú, TP.HCM",11000000.0,98.83,Nhà mặt tiền,4.1m,27m,Bắc,2.0,1.0,1.0,111.30m²,111.30m²,12m,street house,111302.23616310838,10.797909987831803,106.61821135877874,9.063012710382594,,,,,
74JR8A,"đường số 1, P.15, Q.Gò Vấp, TP.HCM",62000000.0,87.45,Nhà mặt tiền,16m,43.5m,Bắc,3.0,2.0,1.0,708.90m²,708.90m²,8m,street house,708976.5580331618,10.838318714493775,106.6656609053081,7.4320451736852435,,,,,
EGN9M4,"228 Lê Quang Định, P.14, Q.Bình Thạnh, TP.HCM",20000000.0,338.98,Nhà mặt tiền,3.95m,20m,Tây Nam,1.0,1.0,1.0,59m²,57.37m²,,street house,59000.53100477904,10.811876252855331,106.71057884968398,3.767788736965009,,,,,
9V3NSP,"nguyễn háo vĩnh, P.Phú Thọ Hòa, Q.Tân Phú, TP.HCM",6000000.0,56.6,Nhà mặt tiền,4m,26.5m,Tây Nam,4.0,3.0,3.0,106m²,,,street house,106007.06713780918,10.798607758658601,106.6306099460065,7.76677464655472,,,,,
5EWUV7,"42 đường số 7, Xã Bình Hưng, H.Bình Chánh, TP.HCM",21000000.0,175.0,Nhà mặt tiền,6m,20m,Đông Nam,6.0,5.0,5.0,120m²,500m²,12m,street house,120000.0,10.688186376191258,106.58302261228235,16.237986645155978,,,,,
JX19Z0,"Hà Huy Giáp, P.Thạnh Lộc, Q.12, TP.HCM",27700000.0,169.93,Nhà mặt tiền,7m,23.82m,Tây,10.0,10.0,5.0,163m²,,20m,street house,163008.29753427883,10.785215257818109,106.68912227917187,1.2387309409486573,,,,,
6YH6X8,"5 Hiệp Thành 35, P.Tân Thới Hiệp, Q.12, TP.HCM",4500000.0,91.83,Nhà mặt tiền,4m,13m,Tây Bắc,2.0,2.0,2.0,49m²,49m²,4m,street house,49003.59359686377,10.776615342496166,106.71080600566407,1.3350036294706822,,,,,
P16FTG,"72 4, P.Hiệp Bình Phước, TP.Thủ Đức, TP.HCM",3850000.0,114.24,Nhà mặt tiền,40m,10m,Đông Bắc,2.0,2.0,2.0,33.70m²,,,street house,33700.98039215687,10.85068639841112,106.76804863092038,10.884652129836839,,,,,
C99K5B,"179 Cách Mạng Tháng Tám, P.5, Q.3, TP.HCM",40000000.0,394.86,Nhà mặt tiền,5.55m,27.97m,Đông Bắc,2.0,2.0,2.0,101.30m²,172.40m²,18m,street house,101301.72719444866,10.772482607654748,106.69470160100045,0.9361296492326409,,,,,
K00X2C,"91 Duy Tân, P.15, Q.Phú Nhuận, TP.HCM",8500000.0,293.1,Nhà mặt tiền,3m,10m,Tây Bắc,3.0,3.0,3.0,29m²,90m²,8m,street house,29000.341180484473,10.797741209319597,106.6825541770997,2.6815892396950196,,,,,
9VM4VP,"Lạc Long Quân, P.3, Q.11, TP.HCM",4790000.0,106.44,Nhà mặt tiền,3.9m,15.2m,Đông,1.0,1.0,1.0,45m²,45m²,6m,street house,45001.87899285983,10.785402040212704,106.71524509106591,1.8792917490083758,,,,,
EGP2S4,"240 Liên hệ, Xã Bình Mỹ, H.Củ Chi, TP.HCM",36800000.0,14.15,Nhà mặt tiền,20m,100m,Đông Nam,1.0,1.0,1.0,2600m²,,,street house,2600706.7137809186,11.01162148069499,106.51438706063406,32.63598397540427,,,,,
3HA6TQ,"36 kinh dương vương, P.13, Q.6, TP.HCM",5790000.0,123.19,Nhà mặt tiền,3.5m,13m,Đông Nam,2.0,2.0,2.0,47m²,47m²,6m,street house,47000.56822794058,10.745897116949672,106.63149599806312,8.282959193502554,,,,,
G6MUF2,"tôn thất hiệp, P.11, Q.11, TP.HCM",11500000.0,179.96,Nhà mặt tiền,5m,12m,Đông Nam,3.0,3.0,2.0,63.90m²,,,street house,63903.089575461214,10.769052331280056,106.70123356258549,1.2114327621313337,,,,,
DR44JH,"60 38, P.Hiệp Bình Chánh, TP.Thủ Đức, TP.HCM",6200000.0,77.5,Nhà mặt tiền,6m,15m,Tây,3.0,2.0,2.0,80m²,,,street house,80000.0,10.83496776548624,106.74874049827025,8.173936050625125,,,,,
P1T0UG,"55 Đào Duy Anh, P.9, Q.Phú Nhuận, TP.HCM",39000000.0,354.54,Nhà mặt tiền,5m,22m,Đông Bắc,8.0,8.0,5.0,110m²,110m²,20m,street house,110001.6923337282,10.784765624167541,106.68387632692978,1.7462736754608599,,,,,
8DSFU3,"409 Lê Hồng Phong, P.2, Q.10, TP.HCM",4090000.0,123.93,Nhà mặt tiền,3.2m,11m,Đông,2.0,2.0,2.0,33m²,33m²,3m,street house,33002.50141208747,10.790336294684273,106.70100441944682,1.1869594886815813,,,,,
AFKFTY,"TA 13, Thới An, Q.12, TP.HCM",7110000.0,112.93,Nhà mặt tiền,4.5m,14m,Đông,4.0,5.0,4.0,63m²,,,street house,62959.355352873456,10.780448805545726,106.69525209018883,0.4194396034053569,,,,,
74DSQA,"Bến Vân Đồn, P.2, Q.4, TP.HCM",6500000.0,260.0,Nhà mặt tiền,3m,8.2m,Đông Nam,3.0,3.0,5.0,25m²,,,street house,25000.0,10.768667658282396,106.6871289169323,1.7904930350378856,,,,,
1A3MS6,"Bến Vân Đồn, P.2, Q.4, TP.HCM",7600000.0,281.48,Nhà mặt tiền,2.7m,9.8m,Đông Bắc,3.0,4.0,5.0,27m²,27m²,,street house,27000.142106011084,10.76779473877594,106.69516698964544,1.3918827328098937,,,,,
YWKZJD,"âu cơ, P.9, Q.Tân Bình, TP.HCM",6500000.0,135.41,Nhà mặt tiền,3m,15m,Bắc,2.0,2.0,1.0,48m²,81m²,6m,street house,48002.3631932649,10.80713700633195,106.64265132917593,6.867839939406645,,,,,
EGW1F4,"362-364 đường Hưng Phú, P.Hưng Phú, Q.8, TP.HCM",18500000.0,219.19,Nhà mặt tiền,6.7m,14.1m,Đông Nam,4.0,3.0,2.0,84.40m²,150.50m²,,street house,84401.66065970164,10.720118871485417,106.6219563676079,10.706197678672318,,,,,
SBA0B5,"TL14-27 Tam Tân, Xã Xuân Thới Sơn, H.Hóc Môn, TP.HCM",6860000.0,137.38,Nhà mặt tiền,5m,10m,Bắc,4.0,3.0,4.0,50m²,166m²,14m,street house,49934.488280681326,10.887828900746472,106.58429844643697,17.326808224308397,,,,,
QK5WMU,"AS48-08 Thanh Niên, Xã Xuân Thới Sơn, H.Hóc Môn, TP.HCM",6240000.0,124.84,Nhà mặt tiền,5m,10m,Đông Bắc,4.0,4.0,4.0,50m²,50m²,14m,street house,49983.979493752,10.895228646150336,106.60669505229977,16.278798555677135,,,,,
5EY0G7,"MPN 29 đường số 11, P.4, Q.4, TP.HCM",9300000.0,300.0,Nhà mặt tiền,5.8m,6m,Tây Nam,3.0,4.0,4.0,31m²,94m²,10m,street house,31000.0,10.748711927020425,106.71441345975964,3.8269110817316045,,,,,
P121FG,"35 đường số 9, P.4, Q.8, TP.HCM",9600000.0,111.49,Nhà mặt tiền,5.78m,14.73m,Tây Nam,2.0,2.0,2.0,86.10m²,150.80m²,6m,street house,86106.37725356534,10.713351309512555,106.6241220596627,11.005809570835599,,,,,
K0B0GC,"21 đường Võ Liên Sơn, P.4, Q.8, TP.HCM",14000000.0,175.0,Nhà mặt tiền,4m,20m,Tây Nam,6.0,4.0,3.0,80m²,229.80m²,20m,street house,80000.0,10.732232138959814,106.631545452642,9.06346449432562,,,,,
C0HM8B,"tam binh, P.Hiệp Bình Phước, TP.Thủ Đức, TP.HCM",6000000.0,66.66,Nhà mặt tiền,4m,22m,,3.0,2.0,1.0,90m²,90m²,40m,street house,90009.00090009002,10.847395540737498,106.75966765430775,9.995193322295641,,,,,
WZEWYR,"306 Nguyễn Duy Dương, P.4, Q.10, TP.HCM",14600000.0,384.21,Nhà mặt tiền,3m,17m,Đông Bắc,4.0,4.0,4.0,38m²,50m²,15m,street house,38000.05205486583,10.789603931054081,106.70125987757984,1.1131938641372634,,,,,
A4SMCY,"1354 Ba Tháng Hai, P.2, Q.11, TP.HCM",25500000.0,394.73,Nhà mặt tiền,4.2m,15m,Đông Nam,8.0,6.0,7.0,64.60m²,360.30m²,30m,street house,64601.11975274238,10.781850359454237,106.70346730437126,0.5365794665744392,,,,,
JNF720,"54 Lê Sao, P.Phú Thạnh, Q.Tân Phú, TP.HCM",9700000.0,147.64,Nhà mặt tiền,4m,17.16m,Tây Nam,3.0,4.0,4.0,65.70m²,216.50m²,8m,street house,65700.3522080737,10.783647328422623,106.6215649346054,8.482682144950264,,,,,
KJYMUC,"40 đường S3, P.Tây Thạnh, Q.Tân Phú, TP.HCM",12500000.0,128.99,Nhà mặt tiền,5.3m,18m,Tây Nam,4.0,4.0,2.0,96.90m²,96.90m²,10m,street house,96906.7369563532,10.796747801744981,106.61227560513234,9.671412361034589,,,,,
G107N2,"Thạnh thới, Xã Long Hòa, H.Cần Giờ, TP.HCM",11870000.0,148.42,Nhà mặt tiền,5m,16m,Tây Nam,5.0,5.0,4.0,80m²,270.40m²,,street house,79975.7445088263,10.412026507916293,106.89292959646907,45.8802306600102,,,,,
5BQYF7,"30 Văn Cao, P.Phú Thọ Hòa, Q.Tân Phú, TP.HCM",6300000.0,256.09,Nhà mặt tiền,3.6m,6.85m,Tây Bắc,2.0,2.0,3.0,24.60m²,66.20m²,,street house,24600.72630715764,10.78720015917422,106.61304593677765,9.43926378074117,,,,,
UK6C6S,"573D Cách Mạng Tháng 8, P.15, Q.10, TP.HCM",7000000.0,406.97,Nhà mặt tiền,3.23m,5.92m,Tây Nam,1.0,1.0,2.0,17.20m²,35.90m²,5m,street house,17200.285033294836,10.771513348052434,106.70514909298458,1.1337177333586244,,,,,
17N8E6,"84 Tân Quý, P.Tân Quý, Q.Tân Phú, TP.HCM",15500000.0,175.53,Nhà mặt tiền,4m,22.35m,Đông,5.0,4.0,4.0,88.30m²,204.60m²,13m,street house,88303.99361932433,10.80027762478725,106.62142544723673,8.784435783150636,,,,,
JNEJ70,"142 đường số 2, P.16, Q.Gò Vấp, TP.HCM",4000000.0,98.28,Nhà mặt tiền,9.24m,4.51m,Tây Bắc,3.0,3.0,2.0,40.70m²,26.80m²,,street house,40700.0407000407,10.834493118413766,106.68173296688975,6.3401272401471,,,,,
17TVC6,"MPN 101 Thạnh Xuân 38, P.Thạnh Xuân, Q.12, TP.HCM",7450000.0,70.75,Nhà mặt tiền,4.2m,25.1m,Đông Nam,4.0,5.0,4.0,105.30m²,105.30m²,8m,street house,105300.35335689045,10.769391016922526,106.69365928432013,1.290972145562153,,,,,
QHVVXU,"Ko có số nhà Nguyễn Thị thảnh, Xã Đông Thạnh, H.Hóc Môn, TP.HCM",2970000.0,52.1,Nhà mặt tiền,4m,15m,Đông Bắc,2.0,2.0,2.0,57m²,60m²,5m,street house,57005.75815738963,10.88607525749741,106.5845368579267,17.174600272241324,,,,,
UK1GMS,"272 Bình Long, P.Phú Thạnh, Q.Tân Phú, TP.HCM",37500000.0,151.82,Nhà mặt tiền,8m,30.9m,Tây Nam,4.0,5.0,2.0,247m²,305m²,,street house,247003.0299038335,10.780952412335822,106.6397793475283,6.481173315791795,,,,,
0XEK39,"719 Phạm Văn Chí, P.7, Q.6, TP.HCM",7600000.0,220.93,Nhà mặt tiền,3.1m,11.38m,Tây Bắc,4.0,3.0,4.0,34.40m²,117.30m²,,street house,34400.03621056443,10.754599619176606,106.64003692187012,7.02773944203818,,,,,
SC1ZX5,"38 đường số 5A, P.Bình Trị Đông B, Q.Bình Tân, TP.HCM",12000000.0,150.0,Nhà mặt tiền,4m,19m,Nam,4.0,5.0,5.0,80m²,202.20m²,12m,street house,80000.0,10.776059483304172,106.61778265589294,8.895235967662877,,,,,
8YN9W3,"520 Nguyễn Đình Chiểu, P.4, Q.3, TP.HCM",13500000.0,391.3,Nhà mặt tiền,2.81m,14.61m,Đông Nam,3.0,3.0,3.0,34.50m²,88.30m²,,street house,34500.38333759264,10.797426567900143,106.6817266760978,2.718118814889761,,,,,
6ATRP8,"694 Tỉnh Lộ 10, P.Bình Trị Đông, Q.Bình Tân, TP.HCM",16000000.0,111.34,Nhà mặt tiền,10m,14.69m,Tây,3.0,1.0,2.0,143.70m²,,20m,street house,143703.96982216634,10.752473514315005,106.60865875929667,10.335312824021614,,,,,
UKM8YS,"308 Nguyễn Duy Dương, P.4, Q.10, TP.HCM",14500000.0,377.6,Nhà mặt tiền,2.96m,16.9m,Tây Nam,5.0,3.0,4.0,38.40m²,138.10m²,10m,street house,38400.423728813555,10.767470061303872,106.69548723439237,1.4161695977658795,,,,,
C0SDJB,"81 Thân Nhân Trung, P.13, Q.Tân Bình, TP.HCM",18000000.0,178.74,Nhà mặt tiền,3.4m,29.4m,Đông,3.0,3.0,2.0,100.70m²,110.90m²,8m,street house,100704.93454179254,10.799379884041947,106.66252801556841,4.542278226944511,,,,,
KJUSFC,"264-264A Phan Anh, P.Hiệp Tân, Q.Tân Phú, TP.HCM",22500000.0,159.57,Nhà mặt tiền,8.5m,24.31m,Tây Nam,3.0,3.0,1.0,141m²,184.40m²,13m,street house,141003.9481105471,10.800102795708781,106.61992030000013,8.938691780642484,,,,,
3DTT8Q,"276 ( số cũ 274B) Thoại Ngọc Hầu, P.Phú Thạnh, Q.Tân Phú, TP.HCM",7000000.0,88.16,Nhà mặt tiền,4.6m,15.05m,Đông,2.0,3.0,2.0,79.40m²,91.50m²,,street house,79401.08892921961,10.785352096427276,106.63743207642676,6.764639981540375,,,,,
PVEEYG,"27 đường S1, P.Tây Thạnh, Q.Tân Phú, TP.HCM",13500000.0,135.0,Nhà mặt tiền,5m,20m,Đông,4.0,4.0,3.0,100m²,170.30m²,8m,street house,100000.0,10.781084952715334,106.61488029990637,9.204158716319396,,,,,
SCMX85,"28A Lê Quốc Trinh, P.Phú Thọ Hòa, Q.Tân Phú, TP.HCM",11000000.0,162.72,Nhà mặt tiền,3.7m,18.31m,Tây Nam,5.0,4.0,3.0,67.60m²,178.60m²,12m,street house,67600.7866273353,10.79972579032544,106.6329401846365,7.556721673355748,,,,,
G14EA2,"86 đường B2, P.Tây Thạnh, Q.Tân Phú, TP.HCM",11500000.0,164.28,Nhà mặt tiền,5m,14m,Tây Nam,5.0,5.0,2.0,70m²,75.50m²,12m,street house,70002.43486729973,10.785752560218878,106.62007546389827,8.659979808573716,,,,,
UKNAWS,"185 đường số 26, P.Bình Trị Đông B, Q.Bình Tân, TP.HCM",16000000.0,133.33,Nhà mặt tiền,6m,20m,Đông Bắc,5.0,4.0,4.0,120m²,287.40m²,6m,street house,120003.00007500187,10.774560773282666,106.59778334470455,11.088076705647087,,,,,
3DZSFQ,"189 Ấp Chiến Lược, P.Bình Hưng Hoà A, Q.Bình Tân, TP.HCM",20000000.0,122.1,Nhà mặt tiền,5.18m,30.02m,Tây Bắc,4.0,2.0,2.0,163.80m²,236m²,6m,street house,163800.1638001638,10.758422094734952,106.59299997756767,11.834775900827433,,,,,
SCX7H5,"236J Lê Cơ, P.An Lạc, Q.Bình Tân, TP.HCM",11500000.0,127.77,Nhà mặt tiền,4.5m,20m,Tây Bắc,5.0,4.0,4.0,90m²,220.50m²,6m,street house,90005.47859434922,10.75298622578711,106.61051942926255,10.1241104180414,,,,,
264TTZ,"184 Hồ Văn Long, P.Bình Hưng Hoà B, Q.Bình Tân, TP.HCM",14980000.0,104.24,Nhà mặt tiền,17.38m,20.04m,Tây Bắc,1.0,1.0,1.0,143.70m²,,5m,street house,143706.83039140445,10.763926867874135,106.60422069214266,10.51646788230703,,,,,
3D23EQ,"35 đường Bến Lội, P.Bình Trị Đông, Q.Bình Tân, TP.HCM",12000000.0,126.71,Nhà mặt tiền,4.37m,25.83m,Đông Bắc,13.0,13.0,5.0,94.70m²,377.68m²,12m,street house,94704.44321679426,10.754558348086919,106.61251351949879,9.865161396062062,,,,,
7EM7HA,"222 đường số 1A, P.Bình Trị Đông B, Q.Bình Tân, TP.HCM",13000000.0,154.76,Nhà mặt tiền,4m,21m,Đông Nam,6.0,4.0,4.0,84m²,197m²,8m,street house,84001.03385887826,10.7533280745181,106.60718649794367,10.462565474193541,,,,,
4G55NF,"60 Nguyễn Hữu Tiến, P.Tây Thạnh, Q.Tân Phú, TP.HCM",18000000.0,114.28,Nhà mặt tiền,6.55m,25m,Tây,5.0,5.0,2.0,157.50m²,193.70m²,,street house,157507.87539376967,10.777518160052015,106.6307440611067,7.472305457657808,,,,,
WZAU3R,"128/18 Thiên Phước, P.9, Q.Tân Bình, TP.HCM",11500000.0,255.55,Nhà mặt tiền,5.3m,8.5m,Đông Nam,3.0,3.0,3.0,45m²,145m²,8m,street house,45000.978282136566,10.811784459881585,106.65626496818939,5.865118274625105,,,,,
8YPHB3,"Đình nghi xuân, P.Bình Trị Đông, Q.Bình Tân, TP.HCM",4950000.0,123.75,Nhà mặt tiền,4m,10m,Đông Bắc,2.0,2.0,2.0,40m²,80m²,5m,street house,40000.0,10.75779433679462,106.61340652224384,9.675338285650849,,,,,
8Y9F03,"12D Nhiêu Tứ, P.7, Q.Phú Nhuận, TP.HCM",25500000.0,212.5,Nhà mặt tiền,6m,20m,Đông,6.0,6.0,5.0,120m²,120m²,8m,street house,120000.0,10.801456680451023,106.68451418876947,2.8750523994522,,,,,
KJV6WC,"Nguyễn Công Trứ, P.Cầu Ông Lãnh, Q.1, TP.HCM",22900000.0,602.63,Nhà mặt tiền,4.76m,7.5m,Tây Bắc,4.0,3.0,3.0,38m²,102.47m²,10m,street house,38000.09956357964,10.762411660747862,106.70211214694079,1.9510980633194648,,,,,
17WRD6,"Phan Đình Phùng, P.1, Q.Phú Nhuận, TP.HCM",40000000.0,448.43,Nhà mặt tiền,4m,22.3m,Tây Nam,3.0,2.0,3.0,89.20m²,202.40m²,30m,street house,89200.09812010793,10.788047120406983,106.68278774594711,1.9974677748050187,,,,,
3DJ8EQ,"124 Nơ Trang Long, P.14, Q.Bình Thạnh, TP.HCM",150000000.0,311.85,Nhà mặt tiền,18.65m,27.37m,Tây Nam,1.0,1.0,1.0,481m²,265.20m²,8.56m,street house,481000.48100048094,10.804675977210184,106.69979437608839,2.7545464890955085,,,,,
8YR153,"561 Điện Biên Phủ, P.25, Q.Bình Thạnh, TP.HCM",110000000.0,487.69,Nhà mặt tiền,10.2m,35.86m,Tây Nam,1.0,1.0,1.0,225.55m²,,,street house,225553.1177592323,10.801533833416986,106.6973854325389,2.412405781203238,,,,,
DWN7VH,"465 Lê Trọng Tấn, P.Sơn Kỳ, Q.Tân Phú, TP.HCM",145000000.0,122.34,Nhà mặt tiền,28.5m,43.98m,Đông Bắc,1.0,1.0,1.0,1185.20m²,1114.70m²,22.32m,street house,1185221.513813961,10.797615098824512,106.6344319750873,7.334658668127846,,,,,
UKWZCS,"Lạc Long Quân, P.11, Q.Tân Bình, TP.HCM",23000000.0,292.73,Nhà mặt tiền,5.36m,24.36m,Đông Nam,4.0,3.0,3.0,78.57m²,181.82m²,12m,street house,78570.69654630547,10.798363730767928,106.64829373202905,5.916875384616545,,,,,
0X3YK9,"Lạc Long Quân, P.8, Q.Tân Bình, TP.HCM",33000000.0,162.08,Nhà mặt tiền,6.82m,29.48m,Tây Bắc,4.0,2.0,3.0,203.60m²,383m²,15m,street house,203603.1589338598,10.814084120085589,106.65722011650865,5.941278618355392,,,,,
7E0NBA,"Văn Chung, P.13, Q.Tân Bình, TP.HCM",7700000.0,120.38,Nhà mặt tiền,5.2m,12.4m,Bắc,4.0,3.0,2.0,63.96m²,127.92m²,3m,street house,63964.11364013956,10.815358820333566,106.63818225374314,7.730576795983672,,,,,
0X3SA9,"Trần Thị Trọng, P.15, Q.Tân Bình, TP.HCM",14980000.0,163.35,Nhà mặt tiền,5.02m,24.9m,Đông Nam,6.0,4.0,5.0,91.70m²,298.40m²,10m,street house,91704.92806856443,10.797771978337618,106.6654924066067,4.172510343833931,,,,,
QHFWMU,"Khuông Việt, P.Phú Trung, Q.Tân Phú, TP.HCM",15700000.0,117.51,Nhà mặt tiền,5.6m,24.7m,Đông,1.0,1.0,2.0,133.60m²,,16m,street house,133605.6505829291,10.782483941357768,106.61937584825884,8.716461780884977,,,,,
4GMVXF,"Lê Bình, P.4, Q.Tân Bình, TP.HCM",9400000.0,260.38,Nhà mặt tiền,4.07m,9.99m,Tây Bắc,2.0,1.0,2.0,36.10m²,64.90m²,7m,street house,36101.08303249098,10.793113227257022,106.66305568195106,4.201293684871009,,,,,
8YECG3,"174 Nam Kỳ Khởi Nghĩa, P.Võ Thị Sáu, Q.3, TP.HCM",140000000.0,654.2,Nhà mặt tiền,5.7m,40.65m,Tây Nam,29.0,30.0,7.0,214m²,1125.80m²,,street house,214001.83430143684,10.787648355969292,106.69247243474963,1.1271937980586206,,,,,
6ABS98,"1 bạch đằng, P.14, Q.Bình Thạnh, TP.HCM",5400000.0,154.28,Nhà mặt tiền,5m,7m,Đông Nam,2.0,2.0,2.0,35m²,,,street house,35001.29634430905,10.810244452371535,106.72234654304742,4.225518580152228,,,,,
9M374P,"Bình thành, P.Bình Hưng Hoà A, Q.Bình Tân, TP.HCM",6500000.0,108.33,Nhà mặt tiền,4m,15m,Đông,5.0,6.0,5.0,60m²,300m²,7m,street house,60001.846210652635,10.751641173610837,106.6108546833114,10.133787236891274,,,,,
PVQN8G,"Trần Thánh Tông, P.15, Q.Tân Bình, TP.HCM",8000000.0,272.1,Nhà mặt tiền,6.5m,7.2m,Tây Nam,3.0,2.0,2.0,29.40m²,61m²,,street house,29400.95553105476,10.809110715895061,106.64690993909886,6.558173823304273,,,,,
C0ZF5B,"Ca Văn Thỉnh, P.11, Q.Tân Bình, TP.HCM",13000000.0,174.94,Nhà mặt tiền,4.3m,17.7m,Đông Bắc,2.0,1.0,2.0,74.31m²,91.81m²,10m,street house,74311.19240882588,10.79705317716267,106.64170083412179,6.554079961490551,,,,,
SCWYZ5,"12 Phan Phú Tiên, P.11, Q.5, TP.HCM",19500000.0,234.93,Nhà mặt tiền,4m,20.75m,Tây,4.0,4.0,3.0,83m²,170.30m²,,street house,83003.44783552547,10.75352354265238,106.65286413857686,5.825052578896718,,,,,
A4JUSY,"1589 đường Ba Tháng Hai, P.16, Q.11, TP.HCM",62000000.0,223.82,Nhà mặt tiền,15.7m,23.4m,Bắc,5.0,5.0,5.0,277m²,1029.60m²,20m,street house,277008.3102493075,10.767458384212677,106.69109236002951,1.6162857115612492,,,,,
7ERMWA,"MPN 303/27 Thạnh Xuân 22, P.Thạnh Xuân, Q.12, TP.HCM",9600000.0,95.71,Nhà mặt tiền,4m,24.91m,Tây Nam,4.0,5.0,6.0,100.30m²,,6m,street house,100302.99864173023,10.769938948956082,106.71537775197775,2.0937248364269845,,,,,
7ERGKA,"41-43 Nam Kỳ Khởi Nghĩa, P.Nguyễn Thái Bình, Q.1, TP.HCM",780000000.0,2.65,Nhà mặt tiền,9.83m,29.99m,Đông Bắc,4.0,4.0,4.0,294m²,,,street house,294339622.6415095,10.787236334248291,106.69932335769391,0.8248483387273446,,,,,
6AH398,"đường số 82, P.10, Q.6, TP.HCM",8900000.0,148.33,Nhà mặt tiền,4m,15m,Nam,2.0,2.0,3.0,60m²,125.60m²,,street house,60001.34834490662,10.75807781923857,106.63301474950342,7.608777101692005,,,,,
UKBXJS,"đường số 6, P.4, Q.4, TP.HCM",7500000.0,250.0,Nhà mặt tiền,3m,10m,Bắc,3.0,4.0,4.0,30m²,122m²,6m,street house,30000.0,10.756025152346897,106.70254484255449,2.656147424662831,,,,,
SCEME5,"đường số 5, P.4, Q.4, TP.HCM",8150000.0,332.65,Nhà mặt tiền,3.04m,8m,Tây Bắc,3.0,3.0,4.0,24.50m²,123.80m²,6m,street house,24500.225462197508,10.745667787403978,106.70560629404093,3.8417828413254806,,,,,
0XVY49,"95C Phan Đăng Lưu, P.7, Q.Phú Nhuận, TP.HCM",175000000.0,522.85,Nhà mặt tiền,15.35m,18m,Bắc,1.0,1.0,6.0,334.70m²,894.70m²,18m,street house,334704.02601128427,10.784427411822753,106.67969773661088,2.175565739544011,,,,,
6AD0Y8,"367-369 Lê Quang Định, P.5, Q.Bình Thạnh, TP.HCM",100000000.0,339.32,Nhà mặt tiền,8.9m,40.75m,Đông Bắc,1.0,1.0,7.0,294.70m²,1753m²,15.56m,street house,294707.0611811859,10.81569101797805,106.7008189832927,3.9765082163903864,,,,,
6AD4K8,"3 Huỳnh Khương Ninh, P.Đa Kao, Q.1, TP.HCM",26900000.0,338.36,Nhà mặt tiền,4m,19.23m,Tây Bắc,4.0,5.0,3.0,79.50m²,231.22m²,4.9m,street house,79501.12306419198,10.7878982303512,106.71329942827992,1.8004232220407577,,,,,
6A5E78,"Cao Văn Lầu, P.1, Q.6, TP.HCM",25500000.0,323.6,Nhà mặt tiền,3.98m,24.38m,Đông Bắc,4.0,2.0,2.0,78.80m²,148.90m²,8m,street house,78800.98887515451,10.760682998174481,106.64831737220642,5.9351320376233785,,,,,
6A53T8,"Đoàn Văn Bơ, P.16, Q.4, TP.HCM",13500000.0,137.05,Nhà mặt tiền,2.98m,18.11m,Đông Bắc,15.0,15.0,4.0,98.50m²,304m²,3.7m,street house,98504.19554906967,10.761425885316292,106.71295128736763,2.538290240323948,,,,,
0XZKG9,"Mạc Đĩnh Chi, P.Đa Kao, Q.1, TP.HCM",16900000.0,301.78,Nhà mặt tiền,4m,14m,Đông Nam,5.0,6.0,3.0,56m²,,,street house,56001.0603751077,10.764380093608239,106.7105456345203,2.119052543420931,,,,,
5BDPG7,"108 Lê Cao Lãng, P.Phú Thạnh, Q.Tân Phú, TP.HCM",7000000.0,175.87,Nhà mặt tiền,2.6m,19.35m,Tây Nam,1.0,1.0,1.0,39.80m²,60.40m²,,street house,39802.12657076249,10.792466662949511,106.6355631498091,7.081201591643013,,,,,
C0FP0B,"Hẻm 131 tây lân tây lân, P.Tân Tạo, Q.Bình Tân, TP.HCM",4400000.0,80.0,Nhà mặt tiền,5.5m,10m,Đông,4.0,4.0,3.0,55m²,,,street house,55000.0,10.763763048514003,106.60638997520797,10.285721001722118,,,,,
5BAZV7,"đường Gò Ô Môi, P.Phú Thuận, Q.7, TP.HCM",28000000.0,102.56,Nhà mặt tiền,13m,21m,Đông Nam,4.0,3.0,3.0,273m²,271.50m²,12m,street house,273010.92043681745,10.728820723371848,106.72331327392686,6.2317674510884915,,,,,
6A3JG8,"Lê Đại Hành, P.11, Q.11, TP.HCM",16500000.0,173.68,Nhà mặt tiền,3.75m,28.6m,Đông Bắc,15.0,15.0,4.0,95m²,227.50m²,11m,street house,95002.30308613542,10.765470258913615,106.69437819112461,1.6630612559286628,,,,,
RZW7EJ,"Nguyễn Tiểu La, P.8, Q.10, TP.HCM",13500000.0,544.35,Nhà mặt tiền,3.05m,11.76m,Tây Nam,5.0,4.0,4.0,24.80m²,90.30m²,8.3m,street house,24800.220446403968,10.765779234838028,106.6971089647201,1.5633736319470033,,,,,
671BJ8,"Lạc Long Quân, P.5, Q.11, TP.HCM",7200000.0,152.54,Nhà mặt tiền,4.15m,11.75m,Đông Bắc,2.0,3.0,3.0,47.20m²,53.50m²,,street house,47200.734233643634,10.77934636203423,106.71191113970234,1.4098377785118463,,,,,
UHQF6S,"đường số 27, P.11, Q.6, TP.HCM",12300000.0,165.32,Nhà mặt tiền,4m,18.8m,Tây,5.0,3.0,4.0,74.40m²,213.80m²,13m,street house,74401.16138398259,10.749147679961226,106.6494770862855,6.3918773111168745,,,,,
7B5HHA,"Thạnh Lộc 29, P.Thạnh Lộc, Q.12, TP.HCM",8800000.0,56.62,Nhà mặt tiền,8.76m,16.01m,Tây Nam,1.0,1.0,2.0,155.40m²,,5m,street house,155422.11232779938,10.766004293511479,106.697655439674,1.5317004214642411,,,,,
Y4729D,"425 Nguyễn Thái Bình, P.12, Q.Tân Bình, TP.HCM",22000000.0,306.4,Nhà mặt tiền,4.2m,17.3m,Tây Bắc,4.0,4.0,3.0,71.80m²,71.80m²,20m,street house,71801.56657963447,10.786874530957787,106.63868267441381,6.646189261542547,,,,,
5CUE07,"188B Lê Văn Sỹ, P.10, Q.Phú Nhuận, TP.HCM",60000000.0,344.82,Nhà mặt tiền,5.2m,34m,Tây Nam,6.0,6.0,3.0,174m²,353m²,20m,street house,174003.82808421785,10.794998893821939,106.67430919208023,3.1843756109531873,,,,,
SKV9P5,"474D Dương Quảng Hàm, P.6, Q.Gò Vấp, TP.HCM",58000000.0,170.99,Nhà mặt tiền,8.53m,41m,Tây Nam,2.0,2.0,2.0,339.20m²,339.20m²,40m,street house,339201.1228726826,10.840343265582165,106.67704268921482,7.116951722820364,,,,,
UHT6DS,"39 Trương Thị Ngào, P.Trung Mỹ Tây, Q.12, TP.HCM",8100000.0,88.04,Nhà mặt tiền,5m,18.44m,Bắc,4.0,4.0,2.0,92m²,,8m,street house,92003.63471149477,10.760843412392118,106.69684758586575,2.1087149508398957,,,,,
PMHJFG,"41 Quang trung, P.10, Q.Gò Vấp, TP.HCM",8250000.0,144.73,Nhà mặt tiền,3.5m,16m,Tây Bắc,4.0,4.0,4.0,57m²,57m²,,street house,57002.69467283908,10.839790171934045,106.67385734940656,7.185503005954478,,,,,
AEX2BY,"31A số 24, Bình Trưng Đông, Q.2, TP.HCM",4200000.0,102.43,Nhà mặt tiền,3.5m,11.78m,Đông Nam,2.0,1.0,2.0,41m²,41m²,4m,street house,41003.612222981545,10.787931834511461,106.75378451307711,6.055945295965999,,,,,
5CGTE7,"292 Nguyễn Thị Minh Khai, P.5, Q.3, TP.HCM",58000000.0,816.21,Nhà mặt tiền,3.78m,20.05m,Đông Nam,8.0,8.0,7.0,71.06m²,363m²,35m,street house,71060.14383553252,10.79405994088938,106.67751899588256,2.833147956901665,,,,,
CJX97B,"Nguyễn Thị Kiểu, P.Tân Thới Hiệp, Q.12, TP.HCM",4700000.0,102.17,Nhà mặt tiền,4.6m,14m,Đông Nam,3.0,2.0,2.0,46m²,,4m,street house,46001.76176959969,10.781561297196706,106.70838455337929,1.0419956259503746,,,,,
5CRGF7,"413 Huỳnh Văn Bánh, P.11, Q.Phú Nhuận, TP.HCM",23000000.0,375.2,Nhà mặt tiền,4.7m,13.74m,Bắc,4.0,4.0,3.0,61.30m²,164.50m²,20m,street house,61300.63965884862,10.786461488239102,106.67079432363057,3.174908687350612,,,,,
E92SB4,"49 ấp 3, Xã Đông Thạnh, H.Hóc Môn, TP.HCM",6500000.0,109.61,Nhà mặt tiền,8.73m,9.91m,Tây,2.0,1.0,1.0,59.30m²,,,street house,59301.15865340754,10.871397252070304,106.58847264900504,15.77471583621877,,,,,
QDCW0U,"93 Gò Xoài, P.Bình Hưng Hoà A, Q.Bình Tân, TP.HCM",19500000.0,263.51,Nhà mặt tiền,4m,18.6m,Đông Nam,5.0,6.0,4.0,74m²,216.02m²,12m,street house,74000.9866798224,10.776792066565253,106.61612205151856,9.073333907047871,,,,,
PM1WTG,"Thửa 20 - tờ 103 Tỉnh Lộ 8, Xã Tân An Hội, H.Củ Chi, TP.HCM",13000000.0,12.94,Nhà mặt tiền,20.32m,49.73m,Tây Bắc,2.0,1.0,1.0,1004.30m²,,20m,street house,1004636.7851622875,11.018071006496582,106.50177054904464,34.055606830659,,,,,
UHCGMS,"116 Thạnh Lộc 15, P.Thạnh Lộc, Q.12, TP.HCM",8500000.0,82.6,Nhà mặt tiền,4.69m,26.79m,Tây Bắc,2.0,2.0,2.0,102.90m²,119.70m²,6.19m,street house,102905.56900726393,10.785752175572084,106.71048428575077,1.4161621890571408,,,,,
AEFW0Y,"Thống Nhất, P.16, Q.Gò Vấp, TP.HCM",6550000.0,128.43,Nhà mặt tiền,4.3m,13m,Đông Nam,3.0,4.0,5.0,51m²,51m²,,street house,51000.54504399283,10.822148558475401,106.68110414010536,5.079424320764386,,,,,
SKCC85,"Lê Trọng Tấn, P.Bình Hưng Hoà A, Q.Bình Tân, TP.HCM",11000000.0,110.0,Nhà mặt tiền,5m,20m,Đông,4.0,4.0,2.0,100m²,300m²,16m,street house,100000.0,10.750362843690514,106.58914721275025,12.45087132936848,,,,,
GVVFT2,"1227 Duyên Hải, Xã Long Hòa, H.Cần Giờ, TP.HCM",13700000.0,182.66,Nhà mặt tiền,5m,15m,Đông Bắc,7.0,6.0,5.0,75m²,244.20m²,14m,street house,75002.73732617979,10.41687685645083,106.90945766273327,46.278056017228046,,,,,
3YYJEQ,"Thửa 686 - Tờ 172 đường 29, Xã Phước Vĩnh An, H.Củ Chi, TP.HCM",2550000.0,25.07,Nhà mặt tiền,5.5m,19.42m,Tây Nam,3.0,2.0,2.0,101.70m²,,6m,street house,101715.19744714799,10.998717367634633,106.49562428352127,32.87823582171004,,,,,
QDA4GU,"20 Trần Văn Thành, P.8, Q.8, TP.HCM",5390000.0,119.77,Nhà mặt tiền,2.97m,14.59m,Đông Bắc,2.0,2.0,2.0,45m²,,,street house,45002.92226767972,10.734918337651882,106.61918511022094,10.044558249428094,,,,,
SHS2J5,"10 đường số 34, P.9, Q.4, TP.HCM",8750000.0,312.5,Nhà mặt tiền,3.99m,7.02m,Tây Bắc,2.0,3.0,4.0,28m²,99.20m²,6m,street house,28000.0,10.761000743623924,106.69186661238172,2.220510627480992,,,,,
YEYN9D,"87A Thống Nhất, P.Tân Thành, Q.Tân Phú, TP.HCM",14500000.0,241.66,Nhà mặt tiền,3.93m,15.85m,Đông Bắc,4.0,4.0,4.0,60m²,213.40m²,8m,street house,60001.65521807498,10.776483321351746,106.6226736160834,8.358744421643657,,,,,
D4DN3H,"Trần Nhân Tôn, P.2, Q.10, TP.HCM",9500000.0,489.69,Nhà mặt tiền,3.28m,10.03m,Đông Bắc,3.0,3.0,5.0,19.40m²,87.40m²,,street house,19400.028589515816,10.76959967871306,106.69472894523766,1.2208071709481678,,,,,
R2WFGJ,"Mã căn A14 - khu nhà phố thương mại The Sholi số 311 An Dương Vương, P.An Lạc, Q.Bình Tân, TP.HCM",9500000.0,118.75,Nhà mặt tiền,4m,20m,Tây Bắc,6.0,6.0,6.0,80m²,,9.4m,street house,80000.0,10.753418689744704,106.60801995213033,10.372254082791486,,,,,
7CSDUA,"4 Thạnh Lộc 54, P.Thạnh Lộc, Q.12, TP.HCM",5900000.0,118.0,Nhà mặt tiền,4.98m,10m,Tây Bắc,4.0,5.0,5.0,50m²,227.90m²,8m,street house,50000.0,10.781103513208592,106.69316514130797,0.6575843324355004,,,,,
5KQ1S7,"62A Thạnh Xuân 43, P.Thới An, Q.12, TP.HCM",5650000.0,87.73,Nhà mặt tiền,4m,16.1m,Tây Nam,4.0,4.0,4.0,64.40m²,,6m,street house,64402.14293856149,10.781431634068875,106.69508675011885,0.4679471122880564,,,,,
SHM3Q5,"141 Cao Xuân Dục, P.Xóm Củi, Q.8, TP.HCM",5200000.0,209.67,Nhà mặt tiền,3m,8.96m,Tây Bắc,2.0,2.0,2.0,24.80m²,,,street house,24800.877569514,10.729207262302896,106.63385940866014,9.06126997626294,,,,,
3ATSBQ,"Nguyễn Phi Khanh, P.Tân Định, Q.1, TP.HCM",13500000.0,412.84,Nhà mặt tiền,3.32m,1077m,Nam,3.0,3.0,4.0,32.70m²,126.10m²,8m,street house,32700.31973645965,10.775760879951678,106.70857504587573,1.1350662143777142,,,,,
65GY98,"Duy Tân, P.15, Q.Phú Nhuận, TP.HCM",8600000.0,192.39,Nhà mặt tiền,3.4m,13.05m,Bắc,3.0,3.0,2.0,44.70m²,79.10m²,5m,street house,44700.86802848381,10.795109966331815,106.67799169774524,2.857699006552048,,,,,
UDTG6S,"502 Huỳnh tấn phát, P.Bình Thuận, Q.7, TP.HCM",4300000.0,63.23,Nhà mặt tiền,6m,12m,Đông,4.0,4.0,2.0,68m²,,,street house,68005.69349992093,10.71847581790458,106.72870571004505,7.518456796874129,,,,,
WGSA7R,"11 Đinh Đức Thiện, Xã Bình Chánh, H.Bình Chánh, TP.HCM",550.0,9.16,Nhà mặt tiền,4m,15m,Đông,3.0,2.0,1.0,60m²,60m²,5m,street house,60.043668122270745,10.673472077053617,106.59608590509833,16.28148784509256,,,,,
654H18,"214 Đoàn Nguyễn Tuấn, Xã Hưng Long, H.Bình Chánh, TP.HCM",980.0,8.22,Nhà mặt tiền,4.71m,26.76m,Đông Nam,4.0,2.0,2.0,119.10m²,,6m,street house,119.2214111922141,10.679715350971282,106.60123601776425,15.393163990194697,,,,,
E0XN14,"23E Khu phố 2, P.Thạnh Xuân, Q.12, TP.HCM",2190000.0,43.8,Nhà mặt tiền,4m,15m,Đông Bắc,2.0,1.0,1.0,50m²,,,street house,50000.0,10.764843402969344,106.68693409070433,2.1168652850475485,,,,,
E0XN14,"23E Khu phố 2, P.Thạnh Xuân, Q.12, TP.HCM",2190000.0,43.8,Nhà mặt tiền,4m,15m,Đông Bắc,2.0,1.0,1.0,50m²,,,street house,50000.0,10.787446870979446,106.70202821725465,0.9088054996638291,,,,,
65C1E8,"Mã Lò, P.Bình Trị Đông A, Q.Bình Tân, TP.HCM",26000000.0,185.58,Nhà mặt tiền,6.16m,29.84m,Đông Bắc,2.0,3.0,2.0,140.10m²,,,street house,140101.30401982972,10.777486595285938,106.60738576677683,10.025978275069622,,,,,
7CRHGA,"1/6C Đặng Thúc Vịnh, Xã Thới Tam Thôn, H.Hóc Môn, TP.HCM",23000000.0,97.87,Nhà mặt tiền,6.01m,53.7m,Đông Nam,2.0,1.0,1.0,235m²,,60m,street house,235005.6196996015,10.89402966929931,106.58973474299033,17.3930495056778,,,,,
PX8CRG,"168 đinh văn ước, Xã Hưng Long, H.Bình Chánh, TP.HCM",920.0,10.77,Nhà mặt tiền,5m,17m,Tây Bắc,2.0,2.0,1.0,85.40m²,,,street house,85.42246982358404,10.693425465744731,106.58599002545236,15.624663267151599,,,,,
3AK3ZQ,"114 Cộng Hoà, P.4, Q.Tân Bình, TP.HCM",26500000.0,373.23,Nhà mặt tiền,4m,17.85m,Nam,3.0,3.0,2.0,71m²,95m²,30m,street house,71001.79513972616,10.787216913006898,106.64040317827863,6.464079712593472,,,,,
SHE1F5,"đường số 14, P.Bình Hưng Hoà A, Q.Bình Tân, TP.HCM",9000000.0,130.62,Nhà mặt tiền,4m,17.17m,Tây Bắc,5.0,4.0,4.0,68.90m²,156.10m²,15m,street house,68902.15893431327,10.756067208173492,106.60304271819628,10.820961108763786,,,,,
0T2D09,"14B6 Hà Huy Giáp, P.Thạnh Lộc, Q.12, TP.HCM",15500000.0,180.86,Nhà mặt tiền,4.5m,19.09m,Đông,16.0,16.0,5.0,85.70m²,358.80m²,,street house,85701.64768329094,10.766287079675582,106.70035744477242,1.5001098938330484,,,,,
SH7SV5,"Tỉnh Lộ 2, Xã Trung Lập Hạ, H.Củ Chi, TP.HCM",13000000.0,18.32,Nhà mặt tiền,14.2m,51.03m,Đông Bắc,7.0,7.0,4.0,709.40m²,,20m,street house,709606.9868995633,11.003085810150562,106.5102189276757,32.18990999115992,,,,,
D4KACH,"2 ( Thửa 926 - tờ 21) đường số 76, Xã Tân Phú Trung, H.Củ Chi, TP.HCM",4000000.0,24.09,Nhà mặt tiền,8m,21.49m,Đông Bắc,8.0,8.0,2.0,166m²,,6m,street house,166044.00166044003,10.778362990205427,106.61095202622327,9.633988897272031,,,,,
D4KACH,"2 ( Thửa 926 - tờ 21) đường số 76, Xã Tân Phú Trung, H.Củ Chi, TP.HCM",4000000.0,24.09,Nhà mặt tiền,8m,21.49m,Đông Bắc,8.0,8.0,2.0,166m²,,6m,street house,166044.00166044003,10.80323385502878,106.61636017397517,9.405562286363983,,,,,
37XN8Q,"Lê Văn Lương, Xã Phước Kiển, H.Nhà Bè, TP.HCM",5000000.0,50.0,Nhà mặt tiền,5m,20m,Đông,3.0,2.0,1.0,100m²,,,street house,100000.0,10.693807803845601,106.73067438442455,10.120579109023216,,,,,
DEUP3H,"109A Tam Châu, P.Tam Phú, TP.Thủ Đức, TP.HCM",9990000.0,63.99,Nhà mặt tiền,5m,27.23m,Đông Bắc,3.0,2.0,2.0,156.10m²,173.80m²,8m,street house,156118.14345991562,10.836508876282869,106.7607040118942,9.211940508425583,,,,,
37NT8Q,"24 Nguyễn Bá Tuyển, P.12, Q.Tân Bình, TP.HCM",50000000.0,226.24,Nhà mặt tiền,6.8m,34.3m,Đông,5.0,5.0,5.0,221m²,7m²,,street house,221004.243281471,10.814750929094576,106.6640057555468,5.443219057034541,,,,,
DEQT7H,"100 Trần Quốc Toản, P.Võ Thị Sáu, Q.3, TP.HCM",15900000.0,280.42,Nhà mặt tiền,9.3m,6m,Đông Nam,3.0,3.0,4.0,56.70m²,156.90m²,16m,street house,56700.66329077812,10.7727723646187,106.67160757222564,3.0976421712583635,,,,,
0ZCJY9,"394A ( sổ 392) Nguyễn Thị Kiểu, P.Hiệp Thành, Q.12, TP.HCM",12900000.0,92.14,Nhà mặt tiền,5.6m,25m,Tây Nam,1.0,1.0,2.0,140m²,60.19m²,12m,street house,140004.34121988277,10.782498309430597,106.70689820242991,0.9115678459385869,,,,,
1UGR86,"Trịnh Quang Nghị, P.7, Q.8, TP.HCM",8900000.0,80.9,Nhà mặt tiền,5m,22m,Tây Bắc,4.0,5.0,4.0,110m²,285.70m²,10m,street house,110012.36093943138,10.732300225482568,106.63911671245178,8.398113682353102,,,,,
DE6JQH,"19 đường số 20, Phước Long B, Q.9, TP.HCM",19300000.0,120.62,Nhà mặt tiền,8m,20m,Tây Nam,4.0,5.0,3.0,160m²,239.10m²,16m,street house,160006.63239927043,10.8374537083005,106.83647246481038,16.32816348664465,,,,,
0ZY0B9,"1 Nguyễn Văn Bứa, Xã Xuân Thới Sơn, H.Hóc Môn, TP.HCM",750.0,18.75,Nhà mặt tiền,4m,10m,Tây Nam,2.0,2.0,1.0,40m²,80m²,6m,street house,40.0,10.884283170808377,106.60759603903995,15.282936492448261,,,,,
PNHBYG,"5B (Thửa 26 - tờ 49) Nguyễn Văn On, TT.Củ Chi, H.Củ Chi, TP.HCM",3400000.0,30.35,Nhà mặt tiền,6.03m,18.86m,Tây,2.0,1.0,1.0,112m²,,8m,street house,112026.35914332783,10.993835609174313,106.48756396465205,33.09220244636058,,,,,
WP5VNR,"Lê Quang Định, P.11, Q.Bình Thạnh, TP.HCM",23000000.0,263.76,Nhà mặt tiền,4.15m,23.95m,Tây Nam,3.0,3.0,3.0,87.20m²,204.20m²,10m,street house,87200.48528965727,10.805453133498752,106.70696218199606,2.968867086593839,,,,,
PNHNPG,"45 Phan Đình Phùng, P.15, Q.Phú Nhuận, TP.HCM",15990000.0,366.74,Nhà mặt tiền,3m,14.15m,Đông Bắc,4.0,4.0,5.0,43.60m²,151.90m²,3m,street house,43600.370834923924,10.806997540972235,106.68134802835083,3.577576945790842,,,,,
YBX5KD,"86 Trần Thị Hè, P.Hiệp Thành, Q.12, TP.HCM",5500000.0,72.08,Nhà mặt tiền,4.03m,19.03m,Đông Bắc,2.0,1.0,2.0,76.30m²,100.40m²,8m,street house,76304.10654827968,10.766098805709758,106.70844859848708,1.8312283172200083,,,,,
1UR9Y6,"34-36 đường B3, P.Tây Thạnh, Q.Tân Phú, TP.HCM",15380000.0,148.02,Nhà mặt tiền,8m,16m,Đông Bắc,6.0,4.0,3.0,103.90m²,,4.3m,street house,103904.87771922712,10.791463558784269,106.6287952628014,7.788927545261902,,,,,
WPS6VR,"24 Hoa Hồng, P.2, Q.Phú Nhuận, TP.HCM",24900000.0,389.06,Nhà mặt tiền,4m,16m,Nam,4.0,6.0,5.0,64m²,279.98m²,6m,street house,64000.41124762248,10.800558213546145,106.67571731584236,3.432061331973105,,,,,
EJ6CK4,"Thửa 731 - tờ 98 đường số 5, Xã Tân Thông Hội, H.Củ Chi, TP.HCM",3950000.0,37.26,Nhà mặt tiền,5m,21.2m,Bắc,3.0,2.0,2.0,106m²,103.30m²,6m,street house,106011.80891035964,11.001887207089833,106.50577953051054,32.4026640395693,,,,,
YBZWTD,"đường số 7, P.11, Q.6, TP.HCM",14500000.0,181.25,Nhà mặt tiền,4m,20m,Tây,4.0,4.0,4.0,80m²,276.80m²,8m,street house,80000.0,10.747511144834396,106.64408360225394,6.989849674307148,,,,,
6S42U8,"579 Hoàng Văn Thụ, P.4, Q.Tân Bình, TP.HCM",22000000.0,206.18,Nhà mặt tiền,3.7m,29.6m,Tây Bắc,4.0,4.0,4.0,106.70m²,272.80m²,10m,street house,106702.8809777864,10.798175078402247,106.66256421748724,4.476697457108477,,,,,
6SE9D8,"Huỳnh Thị Đồng, TT.Nhà Bè, H.Nhà Bè, TP.HCM",24000000.0,115.55,Nhà mặt tiền,16.23m,26m,Tây Bắc,4.0,4.0,4.0,207.70m²,856.80m²,12m,street house,207702.2933794894,10.709355736003928,106.7281085090797,8.414739207987507,,,,,
SDW345,"17 Hồng Hà, P.2, Q.Tân Bình, TP.HCM",26500000.0,333.33,Nhà mặt tiền,10.25m,8.32m,Nam,4.0,4.0,4.0,79.50m²,261.30m²,20m,street house,79500.79500795009,10.79874723175096,106.63871473463156,6.921581193710112,,,,,
PN34JG,"137bis Nguyễn Thị Minh Khai, P.Bến Thành, Q.1, TP.HCM",45000000.0,689.12,Nhà mặt tiền,4.2m,15.58m,Tây Bắc,6.0,5.0,4.0,65.30m²,145.80m²,30m,street house,65300.67332249826,10.764680647825632,106.69191743510086,1.8428686835135806,,,,,
85KRM3,"2 Trương Hán Siêu, P.Tân Định, Q.1, TP.HCM",8800000.0,290.42,Nhà mặt tiền,3.65m,9.3m,Tây,3.0,4.0,4.0,30.30m²,101.70m²,5.8m,street house,30300.943461194132,10.77090053521112,106.69793584121233,0.9899708755333273,,,,,
DEJ8MH,"749 Huỳnh Tấn phát, P.Phú Thuận, Q.7, TP.HCM",2200000.0,132.53,Nhà mặt tiền,4.2m,41m,Tây Bắc,2.0,2.0,2.0,16.60m²,,,street house,16600.01509092281,10.736137158446587,106.73685539870709,6.358288423478139,,,,,
DEJVTH,"đường số 12, P.10, Q.Gò Vấp, TP.HCM",24000000.0,240.0,Nhà mặt tiền,5m,20m,Nam,5.0,4.0,5.0,100m²,374.20m²,10m,street house,100000.0,10.84135488706079,106.68130036595943,7.080999836211934,,,,,
6SDCV8,"21 Nguyễn Thiện Thuật, P.14, Q.Bình Thạnh, TP.HCM",290000000.0,399.94,Nhà mặt tiền,18.86m,44.75m,Đông Bắc,5.0,5.0,8.0,725.10m²,3327.10m²,9m,street house,725108.7663149473,10.795706032292486,106.71779719319206,2.704613991555715,,,,,
SDEW35,"77D Phú Hòa, P.8, Q.Tân Bình, TP.HCM",5400000.0,136.67,Nhà mặt tiền,4.3m,10.46m,Tây Bắc,2.0,2.0,2.0,39.51m²,79.02m²,2.5m,street house,39511.231433379675,10.78999798015172,106.65070632555329,5.404144683178106,,,,,
ACW0RY,"150 Hồng lạc, P.11, Q.Tân Bình, TP.HCM",3700000.0,185.0,Nhà mặt tiền,3.5m,6m,,2.0,2.0,2.0,20m²,40m²,3m,street house,20000.0,10.79643754453911,106.65724453320105,4.926923092502006,,,,,
5HE9E7,"29 Đỗ Thị Lời, P.11, Q.3, TP.HCM",19800000.0,401.45,Nhà mặt tiền,3.84m,14.1m,Đông Nam,2.0,2.0,3.0,49.32m²,128.40m²,15m,street house,49321.21061153319,10.790645384227851,106.6747203365701,2.917254622071298,,,,,
ACFRWY,"78 Lê Văn Sỹ, P.11, Q.Phú Nhuận, TP.HCM",55000000.0,368.87,Nhà mặt tiền,5.2m,25.06m,Tây Nam,1.0,2.0,4.0,149.10m²,369.40m²,,street house,149104.02038658605,10.812298186082792,106.66753248377805,4.979758272239119,,,,,
YBWE1D,"150 đường số 9, P.9, Q.Gò Vấp, TP.HCM",5950000.0,141.66,Nhà mặt tiền,2.96m,15.7m,Tây Nam,2.0,2.0,2.0,42m²,73.20m²,4m,street house,42001.97656360299,10.817687655174336,106.67494666174508,4.951060387794093,,,,,
6SAVW8,"Nam Kì Khởi Nghĩa, P.Võ Thị Sáu, Q.3, TP.HCM",117000000.0,776.37,Nhà mặt tiền,8.16m,25m,Tây Nam,7.0,6.0,6.0,150.70m²,469.67m²,,street house,150701.34085551993,10.775264113938382,106.67845212873515,2.3052487923493166,,,,,
QAH6QU,"41 Lê Thúc Hoạch, P.Phú Thọ Hòa, Q.Tân Phú, TP.HCM",30000000.0,182.48,Nhà mặt tiền,8m,20.55m,Bắc,5.0,5.0,4.0,164.40m²,,30m,street house,164401.57825515125,10.7969299994103,106.63633480093331,7.113872016162201,,,,,
6SAM28,"32/17C Phan Văn Đối, Xã Bà Điểm, H.Hóc Môn, TP.HCM",55000000.0,60.14,Nhà mặt tiền,14.02m,54.77m,Đông Nam,4.0,4.0,1.0,914.40m²,,,street house,914532.7569005653,10.897450198057394,106.59207899819465,17.497461919728913,,,,,
PNVDWG,"8 đường số 33A, P.Bình Trị Đông B, Q.Bình Tân, TP.HCM",30000000.0,107.52,Nhà mặt tiền,14.52m,26.76m,Nam,5.0,4.0,3.0,279m²,265.70m²,6.29m,street house,279017.85714285716,10.750699970067163,106.60256672823243,11.029890009987282,,,,,
85ATY3,"177 Trần Thị Trọng, P.15, Q.Tân Bình, TP.HCM",45000000.0,160.88,Nhà mặt tiền,6.2m,24.41m,Nam,31.0,32.0,5.0,279.70m²,873.30m²,14m,street house,279711.5862754848,10.80856495907429,106.64745495704882,6.476556910381129,,,,,
0ZNZ69,"262 Nguyễn Thái Bình, P.12, Q.Tân Bình, TP.HCM",55000000.0,333.33,Nhà mặt tiền,8.71m,20.85m,Đông Nam,3.0,2.0,4.0,165m²,406.46m²,14m,street house,165001.65001650018,10.811103811989412,106.63949365417228,7.37508128269238,,,,,
409M6F,"175 Bùi Minh Trực, P.5, Q.8, TP.HCM",11500000.0,169.36,Nhà mặt tiền,3.94m,17.01m,Bắc,4.0,3.0,2.0,67.90m²,98.60m²,,street house,67902.69248937175,10.729840743113675,106.63137453431426,9.234491124494873,,,,,
409M6F,"175 Bùi Minh Trực, P.5, Q.8, TP.HCM",11500000.0,169.36,Nhà mặt tiền,3.94m,17.01m,Bắc,4.0,3.0,2.0,67.90m²,98.60m²,,street house,67902.69248937175,10.71234967672041,106.64126521508511,9.775388748016649,,,,,
7KCCUA,"37B Lê Thị Bay, Xã Tân Thạnh Đông, H.Củ Chi, TP.HCM",3000000.0,29.7,Nhà mặt tiền,5.99m,17.5m,Tây Bắc,2.0,1.0,1.0,101m²,,6m,street house,101010.10101010102,11.000620993690013,106.51644655494765,31.54607040919247,,,,,
400ERF,"Thửa 954 - tờ 15 đường 420, Xã Phước Vĩnh An, H.Củ Chi, TP.HCM",3450000.0,32.54,Nhà mặt tiền,5m,21.44m,Tây Bắc,3.0,2.0,2.0,106m²,,6m,street house,106023.35586969883,11.020452802316342,106.5043636754726,34.082135942040075,,,,,
QAA65U,"ngã ba đông quang, P.Hiệp Thành, Q.12, TP.HCM",780.0,30.0,Nhà mặt tiền,4m,6.5m,Đông Bắc,2.0,2.0,1.0,26m²,,4m,street house,26.0,10.789209259917927,106.71005506755301,1.5940839589254492,,,,,
PNNQBG,"401 Man Thiện, P.Tăng Nhơn Phú A, TP.Thủ Đức, TP.HCM",22000000.0,172.95,Nhà mặt tiền,5m,25.6m,Tây Nam,3.0,3.0,3.0,127.20m²,310.20m²,15m,street house,127204.39433362245,10.841179452058853,106.76681882732892,10.053685660531352,,,,,
377CAQ,"414 Tỉnh Lộ 15, Xã Phú Hòa Đông, H.Củ Chi, TP.HCM",43000000.0,17.1,Nhà mặt tiền,40.5m,63.2m,Tây Nam,2.0,2.0,1.0,2513.70m²,,20m,street house,2514619.8830409353,11.016990724756825,106.50766220162556,33.55794406429615,,,,,
CWW94B,"87 Trần Văn Đang, P.9, Q.3, TP.HCM",6500000.0,234.65,Nhà mặt tiền,2.21m,10.37m,Nam,3.0,2.0,3.0,27.70m²,57.30m²,,street house,27700.831024930747,10.790716793646215,106.68967283950754,1.5839734254218851,,,,,
GXNP82,"51 Dương Khuê, P.Hiệp Tân, Q.Tân Phú, TP.HCM",11600000.0,154.25,Nhà mặt tiền,4m,18.8m,Đông Bắc,2.0,2.0,3.0,75.20m²,152m²,12m,street house,75202.59319286872,10.779987132706449,106.63517792714889,6.983180303964989,,,,,
7KHVWA,"14 Ngô Đức Kế, P.12, Q.Bình Thạnh, TP.HCM",33000000.0,212.9,Nhà mặt tiền,6m,28m,Tây Bắc,27.0,27.0,8.0,155m²,,,street house,155002.34852043213,10.812229243984685,106.7194049607455,4.224367266188591,,,,,
7KH9EA,"207 Tân Qúy, P.Phú Thọ Hòa, Q.Tân Phú, TP.HCM",12300000.0,209.89,Nhà mặt tiền,4m,18.05m,Tây,1.0,2.0,2.0,58.60m²,66.40m²,10m,street house,58602.1249225785,10.805020518814949,106.625158781569,8.54723999497754,,,,,
CWFGRB,"28 đường số 64, Xã Tân Phú Trung, H.Củ Chi, TP.HCM",4000000.0,31.2,Nhà mặt tiền,5m,25.29m,Đông Bắc,3.0,2.0,2.0,128.20m²,144.30m²,6m,street house,128205.1282051282,10.792784588946454,106.6332520881398,7.335922631677757,,,,,
85UHM3,"152 Dương thị mười, P.Tân Chánh Hiệp, Q.12, TP.HCM",9500000.0,90.47,Nhà mặt tiền,5m,23m,Tây Bắc,4.0,4.0,3.0,105m²,230m²,8m,street house,105007.1847021112,10.773559825590464,106.71149004299455,1.52702772958997,,,,,
SDABQ5,"Hẻm 749 Huỳnh Tấn Phát, P.Phú Thuận, Q.7, TP.HCM",2150000.0,126.47,Nhà mặt tiền,4.2m,4.1m,Tây Bắc,2.0,1.0,1.0,17m²,,,street house,17000.07907013521,10.721732645823426,106.72915203581279,7.217346629989469,,,,,
7KYSTA,"54 Lê văn lương, P.Tân Hưng, Q.7, TP.HCM",3290000.0,117.5,Nhà mặt tiền,4m,8m,Bắc,3.0,2.0,2.0,28m²,28m²,3m,street house,28000.0,10.728560789890922,106.72444502617957,6.311328897631227,,,,,
6S37A8,"Hiệp Nhất, P.4, Q.Tân Bình, TP.HCM",18900000.0,223.85,Nhà mặt tiền,5.49m,19.14m,Tây Nam,3.0,2.0,2.0,84.43m²,168.84m²,10m,street house,84431.53897699353,10.786836814642125,106.65627268619818,4.740616467955561,,,,,
9TGNKP,"Hồng Lạc, P.10, Q.Tân Bình, TP.HCM",9300000.0,235.32,Nhà mặt tiền,3.83m,10.34m,Bắc,4.0,4.0,4.0,39.52m²,112.86m²,,street house,39520.6527281999,10.788884507826488,106.6522864701472,5.210093588699058,,,,,
DBDBRH,"310 Gò Dầu, P.Tân Quý, Q.Tân Phú, TP.HCM",10700000.0,144.98,Nhà mặt tiền,3m,17.5m,Đông Nam,4.0,3.0,3.0,73.80m²,90m²,10m,street house,73803.28321147745,10.783485745744827,106.61650877650924,9.034175938608097,,,,,
SYQWH5,"122 Nguyễn Văn Cừ, P.Cầu Ông Lãnh, Q.1, TP.HCM",50000000.0,459.98,Nhà mặt tiền,5.12m,21.48m,Tây Nam,4.0,3.0,4.0,108.70m²,175.10m²,22m,street house,108700.3782773164,10.762579241846861,106.70852254578949,2.1680481593166987,,,,,
PT03RG,"100 đường số 16, P.Bình Hưng Hòa, Q.Bình Tân, TP.HCM",7950000.0,146.95,Nhà mặt tiền,4.94m,11.47m,Đông Nam,4.0,3.0,4.0,54.10m²,191.90m²,10m,street house,54100.03402517863,10.774137744563054,106.60054547943125,10.789022855000395,,,,,
GNFDV2,"Phổ Quang, P.9, Q.Phú Nhuận, TP.HCM",17000000.0,250.0,Nhà mặt tiền,4m,17m,Tây Nam,4.0,4.0,3.0,68m²,89m²,,street house,68000.0,10.798989294981194,106.69147211237375,2.2793152298466177,,,,,
1Q2EN6,"Dương Quang Đông, P.5, Q.8, TP.HCM",24000000.0,258.06,Nhà mặt tiền,4m,23.5m,Tây Nam,4.0,3.0,4.0,93m²,215.20m²,32m,street house,93001.62752848175,10.731625374791227,106.63535670409318,8.767959392881309,,,,,
1QD1T6,"410 An Dương Vương, P.10, Q.6, TP.HCM",17800000.0,147.96,Nhà mặt tiền,3.8m,33.45m,Tây,2.0,3.0,1.0,120.30m²,127m²,20m,street house,120302.78453636117,10.744310718183284,106.63849963449606,7.695763789919156,,,,,
35D1RQ,"81 Đô Đốc Lộc, P.Tân Quý, Q.Tân Phú, TP.HCM",3980000.0,165.83,Nhà mặt tiền,4m,6m,Đông,2.0,2.0,2.0,24m²,47.20m²,6m,street house,24000.48242175722,10.784579017165909,106.61551497772692,9.148950265044336,,,,,
AKC5AY,"114 - 114/2 đường số 8, P.Bình Hưng Hòa, Q.Bình Tân, TP.HCM",14000000.0,69.58,Nhà mặt tiền,7.97m,24.62m,Nam,5.0,5.0,2.0,201.20m²,,,street house,201207.24346076458,10.777367009800386,106.5936587162907,11.527164031094548,,,,,
5DHHY7,"27A Đồng Xoài, P.13, Q.Tân Bình, TP.HCM",6000000.0,332.22,Nhà mặt tiền,4.3m,4.2m,Đông Bắc,3.0,3.0,4.0,18.06m²,57.62m²,4m,street house,18060.32147372223,10.809722336105766,106.66398247695292,5.0650887634970205,,,,,
Q77KMU,"498 Đoàn Văn Bơ, P.15, Q.4, TP.HCM",9500000.0,164.64,Nhà mặt tiền,2.86m,18.12m,Đông Bắc,3.0,4.0,3.0,57.70m²,85.70m²,2.54m,street house,57701.652089407195,10.770292688973854,106.71269028240498,1.8262510897234228,,,,,
1Q3JP6,"74 đường CN1, P.Sơn Kỳ, Q.Tân Phú, TP.HCM",16200000.0,162.0,Nhà mặt tiền,5m,20m,Tây Nam,1.0,1.0,2.0,100m²,156m²,15m,street house,100000.0,10.800220341009616,106.63512491206973,7.345171629861016,,,,,
7HY94A,"108 Phạm Văn Hai, P.2, Q.Tân Bình, TP.HCM",23000000.0,204.28,Nhà mặt tiền,4.04m,28m,Đông Nam,5.0,5.0,3.0,112.59m²,264.06m²,,street house,112590.5619737615,10.79024019519356,106.65205896507075,5.2653887297491355,,,,,
SAUQX5,"đường số 22, Bình Trưng Tây, Q.2, TP.HCM",14500000.0,63.23,Nhà mặt tiền,8.64m,22.37m,Đông Bắc,3.0,2.0,2.0,229.30m²,135.50m²,3m,street house,229321.5245927566,10.798663883429349,106.75707479617455,6.682901174021465,,,,,
3S6J4Q,"3 Núi Thành, P.13, Q.Tân Bình, TP.HCM",26500000.0,262.63,Nhà mặt tiền,7.32m,14.09m,Đông Nam,10.0,10.0,5.0,100.90m²,290.50m²,,street house,100902.41023493127,10.801943306386079,106.64592506089348,6.303567572519873,,,,,
GT9MK2,"Thành Mỹ, P.8, Q.Tân Bình, TP.HCM",22500000.0,157.12,Nhà mặt tiền,5.02m,30.06m,Tây Nam,1.0,1.0,2.0,143.20m²,158.70m²,,street house,143202.64765784112,10.803157359511587,106.63916642391929,7.038661870701441,,,,,
6QXMT8,"264 đường Lý Thái Tổ, P.1, Q.3, TP.HCM",4950000.0,267.56,Nhà mặt tiền,2.24m,9.52m,Tây Nam,2.0,2.0,3.0,18.50m²,55.50m²,,street house,18500.52324712214,10.787417798013973,106.68030824255582,2.214569462135527,,,,,
AHUG8Y,"146 Nguyễn Thị Nhỏ, P.12, Q.5, TP.HCM",28000000.0,327.79,Nhà mặt tiền,4m,21.5m,Tây,3.0,3.0,5.0,85.42m²,125.91m²,12.5m,street house,85420.5436407456,10.761990889315092,106.64969345360849,5.743554442247449,,,,,
C4SN6B,"32 Huyền Quang, P.Tân Định, Q.1, TP.HCM",10800000.0,322.38,Nhà mặt tiền,2.5m,15.41m,Đông Nam,2.0,1.0,2.0,33.50m²,71.04m²,4m,street house,33500.837520938025,10.779245436748045,106.70339115803922,0.48090757331787665,,,,,
U7X43S,"Hà Huy Giáp KP1, P.Thạnh Lộc, Q.12, TP.HCM",50000000.0,102.12,Nhà mặt tiền,8.74m,42.12m,Tây Bắc,4.0,4.0,2.0,489.60m²,330.80m²,10m,street house,489620.05483744614,10.785649628177348,106.6907455034528,1.11415738401701,,,,,
6QWQR8,"số 59B, P.Tân Tạo, Q.Bình Tân, TP.HCM",15000000.0,150.0,Nhà mặt tiền,5m,20m,Tây Bắc,4.0,3.0,4.0,100m²,265m²,12m,street house,100000.0,10.777924196176825,106.60695617932359,10.071833760377334,,,,,
W03A7R,"443 Thống Nhất, P.11, Q.Gò Vấp, TP.HCM",8600000.0,2.0,Nhà mặt tiền,3m,12.35m,Đông,2.0,2.0,2.0,37.10m²,41.80m²,,street house,4300000.0,10.834116181557539,106.6732884599349,6.636291918862721,,,,,
8UWYK3,"C25 Đường D11, P.Phú Mỹ, Q.7, TP.HCM",16800000.0,186.66,Nhà mặt tiền,5m,18m,Bắc,4.0,5.0,4.0,90m²,227.50m²,10m,street house,90003.2144005143,10.725703824604768,106.72176171302445,6.47828919785116,,,,,
PZ5P0G,"31 Trần Khắc Chân, P.Tân Định, Q.1, TP.HCM",42000000.0,574.55,Nhà mặt tiền,6m,14.45m,Đông,6.0,6.0,7.0,73.10m²,410.76m²,15m,street house,73100.68749456096,10.786539760549132,106.69004685067762,1.2341183494933532,,,,,
2NAGTZ,"698 Võ Văn Kiệt, P.1, Q.5, TP.HCM",13500000.0,569.23,Nhà mặt tiền,4.1m,5.9m,Tây Nam,3.0,3.0,5.0,25.50m²,97.40m²,,street house,23716.248265200356,10.764293757055027,106.65511542615337,5.099272898489753,,,,,
8UFGN3,"89 Nhất Chi Mai, P.13, Q.Tân Bình, TP.HCM",25000000.0,177.8,Nhà mặt tiền,5m,28.85m,Đông Bắc,4.0,2.0,2.0,140.60m²,222.90m²,11m,street house,140607.424071991,10.788879104174262,106.66389234284756,3.972138453300769,,,,,
4RVE7F,"đường Thạch Lam, P.Phú Thạnh, Q.Tân Phú, TP.HCM",24000000.0,132.74,Nhà mặt tiền,7.75m,23.17m,Đông Bắc,21.0,21.0,4.0,180.80m²,447.60m²,8m,street house,180804.58038270302,10.78858691096377,106.63871074442038,6.668134824739441,,,,,
Q5F5CU,"163 - 165 Đường Cao Thắng, P.12, Q.10, TP.HCM",65000000.0,793.65,Nhà mặt tiền,7.7m,14.45m,Đông Bắc,1.0,1.0,1.0,81.90m²,,10m,street house,81900.0819000819,10.763893988071716,106.71164214254256,2.2345120604045654,,,,,
JP6ZP0,"46 Tú Mỡ, P.7, Q.Gò Vấp, TP.HCM",4500000.0,200.0,Nhà mặt tiền,4.45m,5.68m,Tây Bắc,2.0,3.0,3.0,22.50m²,,4.57m,street house,22500.0,10.826045284241772,106.66822595913531,6.126212548678805,,,,,
7DWUEA,"đường số 19, P.Bình Hưng Hoà A, Q.Bình Tân, TP.HCM",7000000.0,87.93,Nhà mặt tiền,4.04m,19.85m,Đông Bắc,3.0,4.0,3.0,79.60m²,150.70m²,4.7m,street house,79608.77971113384,10.757712410840403,106.60276211480023,10.808153569519074,,,,,
YKJ8BD,"154 Nguyễn Văn Trỗi, P.8, Q.Phú Nhuận, TP.HCM",30000000.0,560.74,Nhà mặt tiền,6.22m,13.23m,Tây Nam,14.0,14.0,8.0,53.50m²,393.40m²,30m,street house,53500.731176659414,10.793250470094451,106.69122361388574,1.7166828853570417,,,,,
Q5C6HU,"Trần Tấn, Tân Sơn Nhì, Q.Tân Phú, TP.HCM",10800000.0,157.89,Nhà mặt tiền,3.8m,17.8m,Nam,5.0,6.0,4.0,53.60m²,242.60m²,6m,street house,68402.05206156186,10.783637266400214,106.61462184255997,9.241092751626809,,,,,
4RZQ6F,"494 Dương Quảng Hàm, P.6, Q.Gò Vấp, TP.HCM",13000000.0,250.96,Nhà mặt tiền,4m,13.16m,Tây Nam,3.0,4.0,3.0,51.80m²,135.40m²,13m,street house,51801.083838061844,10.826445859593848,106.68634033747594,5.344561312421746,,,,,
PZ1T1G,"6 Gò Công, P.13, Q.5, TP.HCM",16900000.0,358.05,Nhà mặt tiền,6.8m,15m,Tây Nam,3.0,3.0,4.0,47.20m²,147.90m²,12m,street house,47200.111716240746,10.744034305366252,106.65262213096855,6.434269681503235,,,,,
137JF6,"2A Lý Đạo Thành, P.16, Q.8, TP.HCM",6000000.0,96.61,Nhà mặt tiền,9.63m,8.9m,Nam,4.0,3.0,3.0,62.10m²,113.90m²,12m,street house,62105.37211468792,10.726368087993732,106.63528199376718,9.139236432140144,,,,,
4RGNTF,"88 số 7, P.Tân Tạo A, Q.Bình Tân, TP.HCM",14000000.0,135.47,Nhà mặt tiền,7.49m,20m,Đông Nam,22.0,22.0,4.0,107.50m²,272m²,,street house,103343.91378164907,10.772315269454202,106.60636560048009,10.168040662561655,,,,,
PZX3DG,"Lê Thúc Hoạch, P.Tân Quý, Q.Tân Phú, TP.HCM",31000000.0,216.78,Nhà mặt tiền,17.8m,8.7m,Đông Nam,5.0,7.0,4.0,143m²,459.89m²,30m,street house,143002.1219669711,10.789014209523753,106.62025059192162,8.675857887488839,,,,,
AHBEEY,"Phổ Quang, P.2, Q.Tân Bình, TP.HCM",21500000.0,315.01,Nhà mặt tiền,3.5m,21.8m,Đông,4.0,3.0,3.0,68.25m²,156.80m²,,street house,68251.80153011015,10.81320279496234,106.64145659679659,7.301013974441354,,,,,
0GPE29,"Nguyễn Duy Dương, P.9, Q.5, TP.HCM",29000000.0,499.13,Nhà mặt tiền,4.2m,16.1m,,4.0,4.0,4.0,58.10m²,223m²,12m,street house,58101.09590687797,10.768378683349523,106.66069422374447,4.378291623926437,,,,,
55RJ7X,"70 đường số 2, P.7, Q.8, TP.HCM",11500000.0,104.54,Nhà mặt tiền,5m,22m,Nam,7.0,5.0,5.0,110m²,,,street house,110005.7394298833,10.714915228094485,106.61797837807056,11.40517975130861,,,,,
Q3TQUQ,"10 đường số 3, Tăng Nhơn Phú B, Q.9, TP.HCM",3850000.0,89.12,Nhà mặt tiền,3.75m,13.21m,Đông Bắc,1.0,1.0,1.0,43.20m²,43.20m²,4m,street house,43200.17953321364,10.832917473516131,106.8312028824665,15.603561881324241,,,,,
38P0Q3,"22C đường số 7, Long Phước, Q.9, TP.HCM",18000000.0,79.96,Nhà mặt tiền,8.473m,25.6m,Tây,3.0,6.0,3.0,225.10m²,378.40m²,5m,street house,225112.5562781391,10.855632208807764,106.84340615624602,17.879020388979903,,,,,
86FU3A,"8 Nguyễn Công Trứ, P.19, Q.Bình Thạnh, TP.HCM",16000000.0,428.95,Nhà mặt tiền,3.6m,12.98m,Đông Bắc,1.0,2.0,2.0,37.30m²,74.60m²,4.7m,street house,37300.38466021681,10.814574934963215,106.70330954067093,3.8766097139221425,,,,,
CYHHBC,"50 đường số 4, P.Bình Trị Đông, Q.Bình Tân, TP.HCM",6000000.0,130.43,Nhà mặt tiền,3.3m,14m,Tây,2.0,3.0,3.0,46m²,95m²,6m,street house,46001.68672851338,10.778028952212575,106.5899393259143,11.932412195664224,,,,,
6N1U8Y,"24 Nguyễn Tuân, P.3, Q.Gò Vấp, TP.HCM",13000000.0,194.02,Nhà mặt tiền,4m,16m,Tây Nam,3.0,2.0,1.0,67m²,49.40m²,6m,street house,67003.4017111638,10.815719977665468,106.6626804398733,5.621431238749703,,,,,
6NN68Y,"4 Đỗ Thị Tâm, Tân Quý, Q.Tân Phú, TP.HCM",12000000.0,109.52,Nhà mặt tiền,3.9m,25.65m,Tây,2.0,1.0,1.0,102.80m²,97.10m²,5.6m,street house,109569.0284879474,10.804462348017644,106.6301029105946,8.016896147035428,,,,,
AQQEYX,"17 đường số 7, P.An Lạc, Q.Bình Tân, TP.HCM",27000000.0,207.69,Nhà mặt tiền,6.01m,21.8m,Bắc,6.0,6.0,6.0,130m²,384m²,18m,street house,130001.444460494,10.753376568833971,106.60531978409786,10.657264162269232,,,,,
8NRH3A,"219 Thoại Ngọc Hầu, P.Phú Thạnh, Q.Tân Phú, TP.HCM",16000000.0,135.59,Nhà mặt tiền,4m,29.5m,Bắc,2.0,2.0,2.0,118m²,,17m,street house,118002.80256656095,10.800358900190368,106.63352069789967,7.516919238055123,,,,,
8NUX3A,"69 Bác Ái, P.Tân Thành, Q.Tân Phú, TP.HCM",9200000.0,139.18,Nhà mặt tiền,4.05m,17.65m,Bắc,4.0,5.0,4.0,66.10m²,215.48m²,13m,street house,66101.45135795373,10.797749143274991,106.63432243529773,7.350190956716252,,,,,
6ESP8Y,"352 Lê Văn Sỹ, P.14, Q.3, TP.HCM",32000000.0,658.33,Nhà mặt tiền,4.03m,15.32m,Tây,3.0,2.0,3.0,59.20m²,182.80m²,20m,street house,48607.841052359756,10.776715535095114,106.69164091887023,0.8763561457464807,,,,,
J3940D,"11 Nguyễn Văn Huyên, P.Tân Thành, Q.Tân Phú, TP.HCM",25000000.0,216.26,Nhà mặt tiền,6.7m,17m,Tây Bắc,4.0,4.0,4.0,115.60m²,370.20m²,10m,street house,115601.59067788774,10.79920605289777,106.61174547102952,9.784340621479744,,,,,
6YWDG8,"72a Bùi Quang  là, P.12, Q.Gò Vấp, TP.HCM",8900000.0,118.66,Nhà mặt tiền,4m,16m,Đông Bắc,3.0,4.0,3.0,75m²,147m²,10m,street house,75004.2137198719,10.817410581887149,106.68007456465475,4.649481956522335,,,,,
SB9YP5,"116 Phùng Văn Cung, P.4, Q.Phú Nhuận, TP.HCM",15550000.0,307.92,Nhà mặt tiền,6.5m,8m,Tây Nam,5.0,6.0,4.0,50.50m²,,8m,street house,50500.12990387113,10.790053450006345,106.68242643147298,2.1416526353301943,,,,,
28S1HZ,"Ngô Đức Kế, P.12, Q.Bình Thạnh, TP.HCM",20500000.0,205.0,Nhà mặt tiền,4.05m,25.26m,Nam,5.0,6.0,4.0,100m²,220.10m²,5.11m,street house,100000.0,10.824721243314226,106.71490259824306,5.2649944599496195,,,,,
SBWHT5,"Võ Thị Hồi, Xã Xuân Thới Đông, H.Hóc Môn, TP.HCM",3950000.0,39.5,Nhà mặt tiền,5m,20m,Đông Nam,3.0,2.0,1.0,100m²,100m²,4m,street house,100000.0,10.880970169254333,106.58677010328118,16.611894762563395,,,,,
74RW7A,"12222 Tỉnh lộ 10, P.Tân Tạo, Q.Bình Tân, TP.HCM",7200000.0,100.0,Nhà mặt tiền,4.5m,16m,Tây Bắc,5.0,4.0,5.0,72m²,,6m,street house,72000.0,10.773273449218841,106.59844961954259,11.023717290801635,,,,,
7446RA,"Phạm Văn Đồng, P.Hiệp Bình Chánh, TP.Thủ Đức, TP.HCM",7000000.0,87.5,Nhà mặt tiền,5.6m,14.2m,Đông Nam,3.0,3.0,1.0,80m²,80m²,,street house,80000.0,10.856077098645933,106.7634173797027,10.99065898952258,,,,,
AFET1Y,"Bùi Thế Mỹ, P.10, Q.Tân Bình, TP.HCM",8500000.0,101.19,Nhà mặt tiền,4.5m,17m,Bắc,4.0,4.0,3.0,84m²,,,street house,84000.39529597787,10.808968731933811,106.66608081156133,4.837732375483923,,,,,
RN213J,"trần văn giáp, P.Hiệp Tân, Q.Tân Phú, TP.HCM",8700000.0,155.35,Nhà mặt tiền,3.9m,20m,Đông,3.0,3.0,2.0,56m²,69m²,8m,street house,56002.574831026715,10.784108729585844,106.6389872806781,6.58387281039573,,,,,
3H7U1Q,"24 Tân Chánh Hiệp 08, P.Tân Chánh Hiệp, Q.12, TP.HCM",6180000.0,90.88,Nhà mặt tiền,4m,19m,Bắc,3.0,2.0,2.0,68m²,,6m,street house,68001.76056338029,10.77178003492961,106.70548137081431,1.1323354376562471,,,,,
SB7EH5,"77 đường 3158C Phạm Thế Hiển, P.7, Q.8, TP.HCM",13000000.0,67.7,Nhà mặt tiền,8m,24m,Tây Bắc,5.0,4.0,3.0,192m²,261.60m²,30m,street house,192023.63367799114,10.733900649636526,106.63114733758024,8.993514528115922,,,,,
6A6T28,"99:29 Nguyễn đình chiều, P.10, Q.Phú Nhuận, TP.HCM",6800000.0,226.66,Nhà mặt tiền,3m,10m,Đông Bắc,2.0,2.0,2.0,30m²,,,street house,30000.882378893497,10.813953698267055,106.67724513534425,4.46762035986463,,,,,
8Y8RH3,"30A1 Kênh Nước Đen, P.Bình Hưng Hòa, Q.Bình Tân, TP.HCM",11200000.0,224.0,Nhà mặt tiền,4.04m,12.4m,Nam,5.0,5.0,5.0,50m²,234.60m²,8m,street house,50000.0,10.77670607249012,106.60498944348781,10.290486643983687,,,,,
7E7PPA,"27 Quốc lộ 22, Xã Tân Xuân, H.Hóc Môn, TP.HCM",14500000.0,104.99,Nhà mặt tiền,8.47m,25.2m,Tây Nam,1.0,1.0,1.0,138.10m²,186.70m²,30m,street house,138108.39127535955,10.890125416930927,106.58052767840171,17.800815478089188,,,,,
WZFQ2R,"9A Cống Lở, P.15, Q.Tân Bình, TP.HCM",15500000.0,134.78,Nhà mặt tiền,2m,30m,Đông Nam,2.0,2.0,2.0,115m²,115m²,12m,street house,115002.22584953257,10.80021390631306,106.64419374973272,6.40851943923861,,,,,
WZFPKR,"Trương Phước Phan, P.Bình Trị Đông, Q.Bình Tân, TP.HCM",16500000.0,107.84,Nhà mặt tiền,6m,25m,Đông,4.0,5.0,4.0,153m²,,,street house,153004.45103857567,10.778375923867566,106.61790463067626,8.873680143689494,,,,,
5BQZQ7,"8 đường B2, KDC Bến Lức, P.7, Q.8, TP.HCM",24000000.0,200.0,Nhà mặt tiền,6m,20m,Tây Nam,6.0,7.0,5.0,120m²,391m²,12m,street house,120000.0,10.717061780882307,106.63905480282354,9.548143017363946,,,,,
G10H12,"TL11-31 Vinhomes Saigon Park, Xã Xuân Thới Sơn, H.Hóc Môn, TP.HCM",5940000.0,118.9,Nhà mặt tiền,5m,10m,Tây Nam,3.0,3.0,4.0,50m²,148.10m²,,street house,49957.94785534062,10.880307245239354,106.58399196457371,16.788979180296838,,,,,
8YMS13,"Thửa 54 - tờ 7 đường số 129, Xã Tân Thạnh Đông, H.Củ Chi, TP.HCM",3700000.0,12.3,Nhà mặt tiền,7m,42.82m,Đông Bắc,15.0,15.0,1.0,300.60m²,,,street house,300813.0081300813,11.00501168105429,106.51163000877945,32.25541288920774,,,,,
QH172U,"Thửa 840 - tờ 93 Tỉnh Lộ 15, Xã Tân Thạnh Đông, H.Củ Chi, TP.HCM",3500000.0,16.39,Nhà mặt tiền,4.14m,42.27m,Đông,1.0,1.0,1.0,213.50m²,,20m,street house,213544.84441732764,10.999600963410654,106.50374662173417,32.35760815319615,,,,,
5B8UB7,"505 đường Lê Trọng Tấn, P.Sơn Kỳ, Q.Tân Phú, TP.HCM",14000000.0,155.9,Nhà mặt tiền,4m,22.45m,Đông Bắc,3.0,4.0,2.0,89.80m²,82.60m²,36m,street house,89801.15458627325,10.786775544527739,106.62768930009857,7.840295746216833,,,,,
A4QU9Y,"Ko có số nhà Thới tam thôn 16, Xã Thới Tam Thôn, H.Hóc Môn, TP.HCM",2980000.0,41.38,Nhà mặt tiền,4.5m,16m,Đông,2.0,2.0,2.0,72m²,,,street house,72015.46640889317,10.891715686878578,106.60117613391519,16.363908368039546,,,,,
6ATGN8,"266C Bình Trị Đông, P.Bình Trị Đông, Q.Bình Tân, TP.HCM",13800000.0,150.16,Nhà mặt tiền,4m,23m,Tây,6.0,6.0,4.0,91.90m²,233.80m²,,street house,91901.97123068727,10.767891054983025,106.59219688688044,11.757957298215176,,,,,
8YN9J3,"81 Hoàng Xuân Nhị, P.Phú Trung, Q.Tân Phú, TP.HCM",14100000.0,114.07,Nhà mặt tiền,1.93m,25.49m,Tây Bắc,5.0,2.0,2.0,123.60m²,133m²,6m,street house,123608.31068642062,10.777738473232635,106.62593812806836,7.996915703722605,,,,,
7E18YA,"8 Bế Văn Đàn, P.14, Q.Tân Bình, TP.HCM",49500000.0,88.83,Nhà mặt tiền,17.94m,30m,Đông Bắc,4.0,4.0,5.0,557.20m²,1251.40m²,12m,street house,557244.1742654509,10.79524176375844,106.66542695980866,4.053043445687562,,,,,
SCMV85,"59 Bế Văn Đàn, P.14, Q.Tân Bình, TP.HCM",17950000.0,249.3,Nhà mặt tiền,4m,18m,Tây Nam,5.0,5.0,4.0,72m²,258.80m²,,street house,72001.60449257922,10.800079644872557,106.66377062080811,4.4617604434203795,,,,,
5BVGU7,"372 Huỳnh Văn Bánh, P.13, Q.Phú Nhuận, TP.HCM",22900000.0,401.75,Nhà mặt tiền,3.7m,15m,Nam,4.0,4.0,5.0,57m²,230m²,15m,street house,57000.62227753578,10.81012930173827,106.67850019269946,4.03805132954428,,,,,
3DZUKQ,"16 đường số 32A, P.Bình Trị Đông B, Q.Bình Tân, TP.HCM",13800000.0,138.0,Nhà mặt tiền,5m,20m,Tây,4.0,6.0,4.0,100m²,284.40m²,7m,street house,100000.0,10.766841510110233,106.58970815991685,12.041750009300266,,,,,
EPSEK4,"4 đường số 2, P.An Lạc, Q.Bình Tân, TP.HCM",7600000.0,119.68,Nhà mặt tiền,4.41m,16m,Đông Nam,3.0,3.0,4.0,63.50m²,190.98m²,12m,street house,63502.67379679144,10.762356672157944,106.60167757957957,10.820431078675172,,,,,
A4V32Y,"35 Huỳnh Văn Nghệ, P.12, Q.Gò Vấp, TP.HCM",5800000.0,103.38,Nhà mặt tiền,4.04m,15.51m,Tây Nam,2.0,2.0,2.0,56.10m²,57.30m²,4.4m,street house,56103.69510543626,10.832422547021359,106.66628353140251,6.835437932919325,,,,,
A4V1JY,"59/9K Tân xuân 1, Xã Tân Xuân, H.Hóc Môn, TP.HCM",4200000.0,68.85,Nhà mặt tiền,5.13m,9.45m,Tây Nam,4.0,2.0,2.0,61m²,129.40m²,8.64m,street house,61002.17864923748,10.880385101956083,106.60762484806287,14.95742041404916,,,,,
9MYM1P,"85B Ca Văn Thỉnh, P.11, Q.Tân Bình, TP.HCM",11380000.0,277.56,Nhà mặt tiền,5m,8.5m,Đông Bắc,6.0,6.0,6.0,41m²,250m²,10m,street house,41000.14411298458,10.80732439661107,106.64904038022934,6.258216196540746,,,,,
QH9PMU,"Nguyễn Thị Minh Khai, P.Võ Thị Sáu, Q.3, TP.HCM",13500000.0,275.51,Nhà mặt tiền,3.5m,13.71m,Đông Bắc,4.0,4.0,4.0,49m²,197.44m²,,street house,49000.03629632318,10.775356774883633,106.69644346398266,0.5655300127278172,,,,,
G1DDY2,"88 Quách Đình Bảo, P.Phú Thạnh, Q.Tân Phú, TP.HCM",22400000.0,172.17,Nhà mặt tiền,7.15m,18m,Tây Nam,4.0,5.0,3.0,130.10m²,296.10m²,,street house,130103.96700935122,10.782259768323978,106.63687976720847,6.802502542316755,,,,,
KJX9YC,"Đào Duy Từ, P.15, Q.Phú Nhuận, TP.HCM",7800000.0,129.56,Nhà mặt tiền,3.45m,10.55m,Tây Bắc,7.0,6.0,4.0,60.20m²,175.20m²,1.5m,street house,60203.766594627974,10.78847905099674,106.66697265308443,3.6352825331035943,,,,,
5B9RD7,"Số 1 Trịnh Thị Tho, P.Hiệp Tân, Q.Tân Phú, TP.HCM",6900000.0,234.69,Nhà mặt tiền,3.5m,8.4m,Tây Bắc,4.0,3.0,4.0,29.40m²,97.60m²,,street house,29400.485747155824,10.805371942809835,106.61444824220413,9.673226480806061,,,,,
KJTMRC,"4 đường số 7, Khu Z756, P.12, Q.10, TP.HCM",57000000.0,647.72,Nhà mặt tiền,5.5m,16m,Tây Nam,5.0,5.0,4.0,88m²,250m²,12m,street house,88000.98808126968,10.774523054000529,106.69064502268567,1.0859833190425567,,,,,
C0TQGB,"Huỳnh Văn Bánh, P.11, Q.Phú Nhuận, TP.HCM",7200000.0,144.0,Nhà mặt tiền,3.38m,15.81m,Nam,2.0,2.0,2.0,50m²,82.60m²,4.15m,street house,50000.0,10.789963328982964,106.66622002424022,3.760566501805664,,,,,
6AB0C8,"Hoàng Văn Thụ, P.4, Q.Tân Bình, TP.HCM",18900000.0,260.33,Nhà mặt tiền,3.7m,19.8m,Đông Nam,3.0,2.0,2.0,72.60m²,101.30m²,20m,street house,72600.16133369185,10.801479774554785,106.66401181073468,4.5192738820875,,,,,
SCF485,"đường số 1, P.11, Q.Gò Vấp, TP.HCM",7600000.0,198.43,Nhà mặt tiền,4.3m,11.95m,Tây Nam,3.0,4.0,4.0,38.30m²,123.60m²,3.3m,street house,38300.66018243209,10.832821220396008,106.67293671788804,6.523593763656675,,,,,
5BW4H7,"đường số 5, P.17, Q.Gò Vấp, TP.HCM",6500000.0,126.95,Nhà mặt tiền,3.87m,13.58m,Tây Bắc,2.0,2.0,2.0,51.20m²,80.50m²,9m,street house,51201.26033871603,10.834253389313396,106.67849308202693,6.429833316317683,,,,,
C0P5VB,"Thửa 515 - tờ 10 Nguyễn Văn Khạ, Xã Tân An Hội, H.Củ Chi, TP.HCM",9500000.0,9.98,Nhà mặt tiền,9.05m,47.23m,Đông Nam,1.0,1.0,1.0,951.50m²,,11m,street house,951903.8076152304,11.01347770711569,106.50307631290524,33.5727413190441,,,,,
7EF19A,"Cách Mạng Tháng 8, P.12, Q.10, TP.HCM",19200000.0,319.46,Nhà mặt tiền,18.29m,6.4m,Đông Bắc,4.0,4.0,4.0,60.10m²,149.90m²,,street house,60101.42114818757,10.78394094037567,106.71388261401856,1.688393220130739,,,,,
QHYJ7U,"9 Vũ Ngọc Phan, P.13, Q.Bình Thạnh, TP.HCM",11900000.0,267.41,Nhà mặt tiền,4m,11.35m,Nam,4.0,5.0,4.0,44.50m²,160.20m²,,street house,44500.95359186268,10.809910541654942,106.70061676322352,3.336810427508402,,,,,
KJ400C,"364/1A Dương Quảng Hàm, P.5, Q.Gò Vấp, TP.HCM",12600000.0,177.46,Nhà mặt tiền,4.2m,17m,Tây Nam,5.0,6.0,5.0,71m²,259m²,12m,street house,71001.91592471543,10.836968871169178,106.67518844250178,6.841493612302073,,,,,
5BAQA7,"39 ( Thửa 270 - tờ 21 ) đường số 72A, Xã Tân Phú Trung, H.Củ Chi, TP.HCM",4700000.0,20.53,Nhà mặt tiền,9.4m,24.34m,Đông Bắc,2.0,1.0,1.0,228.90m²,,6m,street house,228933.26838772526,10.796208085044917,106.63331012670166,7.413254036910765,,,,,
8YQK63,"1770/29 Tỉnh lộ 10, P.Bình Trị Đông, Q.Bình Tân, TP.HCM",5250000.0,75.0,Nhà mặt tiền,4.5m,30m,Đông,3.0,2.0,2.0,130m²,84.60m²,,street house,70000.0,10.76782998586244,106.60776258726273,10.068915076616817,,,,,
WZJ2HR,"Hoàng Hoa Thám, P.1, Q.Gò Vấp, TP.HCM",9800000.0,106.4,Nhà mặt tiền,14.05m,6.68m,Tây Nam,3.0,3.0,3.0,92.10m²,138.80m²,,street house,92105.26315789473,10.838383421536879,106.68172878550602,6.752199048835722,,,,,
SKQ0R5,"1 Bùi hữu nghĩa, P.2, Q.Bình Thạnh, TP.HCM",5250000.0,187.5,Nhà mặt tiền,4m,7m,Đông Nam,4.0,3.0,2.0,28m²,,,street house,28000.0,10.812420630689447,106.72258092709298,4.434674144126169,,,,,
9XWE7P,"Thửa 812 - tờ 59 Lê Thị Siêng, Xã Tân Thông Hội, H.Củ Chi, TP.HCM",2890000.0,19.32,Nhà mặt tiền,5m,30.54m,Đông,2.0,1.0,1.0,150m²,,6m,street house,149585.92132505175,11.000174350710346,106.49090470407168,33.34700044042862,,,,,
21FA5Z,"6/3F1 Số 20, Linh Đông, Q.Thủ Đức cũ, TP.HCM",45000000.0,125.0,Nhà mặt tiền,15m,,,3.0,,,,360m²,,street house,360000.0,10.84631050986676,106.76701552224098,10.460682867516836,,,,,
UHTX5S,"300 Lo lu, P.Trường Thạnh, TP.Thủ Đức, TP.HCM",15900000.0,196.78,Nhà mặt tiền,4m,20.2m,Đông Bắc,10.0,11.0,6.0,80.80m²,392.70m²,30m,street house,80800.89439983739,10.84293675110323,106.74389956078903,8.5366730966531,,,,,
679G78,"5 Đỗ Thị Tâm, P.Tân Quý, Q.Tân Phú, TP.HCM",7700000.0,105.63,Nhà mặt tiền,4m,18.19m,Đông,4.0,2.0,2.0,72.89m²,114.18m²,8m,street house,72895.9575878065,10.799886291638291,106.63252144064526,7.605704088219371,,,,,
UH2ZJS,"104 Nguyễn Cửu Vân, P.17, Q.Bình Thạnh, TP.HCM",28600000.0,263.83,Nhà mặt tiền,4.4m,23.2m,Tây Nam,1.0,1.0,2.0,108.40m²,203.40m²,,street house,108403.13838456583,10.820978447627862,106.70876947018597,4.679423859963109,,,,,
5CZ527,"19 Nguyễn Ngọc Nhựt, P.Tân Quý, Q.Tân Phú, TP.HCM",13600000.0,189.67,Nhà mặt tiền,4.1m,17.5m,Đông Nam,6.0,6.0,5.0,71.70m²,313.40m²,12m,street house,71703.48500026362,10.782342504134212,106.62334582787923,8.28199635065743,,,,,
15WTF6,"70 Nguyễn tư giản, P.12, Q.Gò Vấp, TP.HCM",10900000.0,170.31,Nhà mặt tiền,4m,16m,Bắc,4.0,5.0,5.0,64m²,,,street house,64000.93946333157,10.818971349447901,106.67198537611557,5.247321537590155,,,,,
7B2MHA,"Phan Văn Trị, P.14, Q.Bình Thạnh, TP.HCM",3890000.0,209.13,Nhà mặt tiền,7.25m,3.42m,Tây Bắc,1.0,1.0,2.0,18.60m²,37.20m²,,street house,18600.870272079566,10.80462720631607,106.71186352128551,3.0856603137731047,,,,,
QD0CJU,"đường số 10, P.Bình Hưng Hoà A, Q.Bình Tân, TP.HCM",17500000.0,141.47,Nhà mặt tiền,11.99m,13.99m,Tây Bắc,4.0,5.0,4.0,123.70m²,353.10m²,6m,street house,123701.13805047006,10.77724022583678,106.61705598013278,8.969561256369474,,,,,
JTQBK0,"Phan Đăng Lưu, P.5, Q.Phú Nhuận, TP.HCM",8500000.0,202.38,Nhà mặt tiền,5m,8.4m,,4.0,3.0,4.0,42m²,42m²,5m,street house,42000.197647988934,10.786901688179924,106.67716267285904,2.517572645434154,,,,,
KRNNEC,"Khu Đô Thị Mizuki Park Nguyễn Văn Linh, Xã Bình Hưng, H.Bình Chánh, TP.HCM",18800000.0,75.5,Nhà mặt tiền,6m,21m,Tây Bắc,4.0,5.0,4.0,249m²,,,street house,249006.6225165563,10.6960430187974,106.59214799272829,14.915696788883135,,,,,
AEPPWY,"đường số 13, P.Bình Trị Đông B, Q.Bình Tân, TP.HCM",15500000.0,155.0,Nhà mặt tiền,5m,20m,Đông Nam,5.0,6.0,4.0,100m²,311.50m²,10m,street house,100000.0,10.756554028943668,106.61316915775197,9.735794377301882,,,,,
8AEUK3,"111 Gần Chợ Bà Home, P.An Lạc, Q.Bình Tân, TP.HCM",1000000.0,22.72,Nhà mặt tiền,4m,11m,Tây Bắc,2.0,2.0,2.0,44m²,44m²,4m,street house,44014.08450704226,10.767043632439588,106.5962370357343,11.33026214257983,,,,,
QD4WWU,"48 Lê Văn Thọ, P.11, Q.Gò Vấp, TP.HCM",14900000.0,184.86,Nhà mặt tiền,4.1m,20m,Tây Bắc,6.0,7.0,4.0,80.60m²,216.40m²,20m,street house,80601.53629773883,10.841914648401026,106.67157083246151,7.499679862647121,,,,,
0N1859,"Đông Thạnh 4, Xã Đông Thạnh, H.Hóc Môn, TP.HCM",6350000.0,86.86,Nhà mặt tiền,4.51m,20.37m,Đông,2.0,1.0,1.0,73.10m²,,10m,street house,73106.14782408474,10.896147256468266,106.6027242351379,16.630106837128526,,,,,
5CFC57,"18 đường số 3, P.Bình Hưng Hoà A, Q.Bình Tân, TP.HCM",12500000.0,130.2,Nhà mặt tiền,7.2m,18.61m,Đông Nam,2.0,2.0,2.0,95.80m²,191.60m²,8m,street house,96006.14439324118,10.761544044307533,106.61706507041285,9.188644968481496,,,,,
UHB32S,"Thửa 42 - Tờ 15, 15B đường số 33, Xã Tân Thông Hội, H.Củ Chi, TP.HCM",7500000.0,20.17,Nhà mặt tiền,9m,41.33m,Tây Bắc,7.0,7.0,1.0,371.70m²,,6m,street house,371839.3653941497,11.021211711041003,106.4881059927367,35.28279787774198,,,,,
PM6C0G,"214 Liêu Bình Hương, Xã Tân Thông Hội, H.Củ Chi, TP.HCM",4300000.0,64.95,Nhà mặt tiền,3.98m,16.67m,Tây Nam,2.0,2.0,2.0,66.20m²,,8m,street house,66204.77290223248,11.010632622267638,106.50152562321854,33.440311873733215,,,,,
PM1FZG,"73 đường số 9, P.9, Q.Gò Vấp, TP.HCM",13900000.0,255.51,Nhà mặt tiền,4.01m,15.07m,Đông Bắc,4.0,5.0,6.0,54.40m²,218.20m²,8.8m,street house,54401.00191773316,10.83190961460924,106.69115046035232,5.829679634687231,,,,,
E9G234,"578.9 Phạm Văn Bạch, P.15, Q.Tân Bình, TP.HCM",8350000.0,119.28,Nhà mặt tiền,4m,18m,,3.0,2.0,2.0,70m²,70m²,,street house,70003.35345405768,10.788392933604435,106.65334338057193,5.086274865997187,,,,,
RZTYAJ,"2295 Huỳnh tấn phát, Xã Phú Xuân, H.Nhà Bè, TP.HCM",2390000.0,45.96,Nhà mặt tiền,4m,13m,Đông Bắc,4.0,3.0,1.0,52m²,104m²,5m,street house,52001.74064403829,10.70322727867094,106.72804957612838,9.043702929821475,,,,,
5CBJW7,"Nơ Trang Long, P.14, Q.Bình Thạnh, TP.HCM",2690000.0,56.04,Nhà mặt tiền,4m,12m,Đông Nam,3.0,3.0,1.0,48m²,48m²,4m,street house,48001.427551748755,10.798304974256066,106.70466593213591,2.1393350671323663,,,,,
GV1Z32,"Trần Hải Phụng, P.Tân Tạo, Q.Bình Tân, TP.HCM",5250000.0,40.29,Nhà mặt tiền,4.26m,30.29m,Đông Bắc,3.0,2.0,2.0,130.30m²,,8m,street house,130305.28667163067,10.757928296237816,106.6145856143356,9.546810698989418,,,,,
JTT670,"26A ( Thửa 708 - tờ 25) Nguyễn Thị Điệp, Xã Đông Thạnh, H.Hóc Môn, TP.HCM",4850000.0,33.54,Nhà mặt tiền,5m,28.66m,Tây Nam,1.0,1.0,1.0,144.60m²,,13m,street house,144603.45855694692,10.877148187267244,106.59494815947136,15.668973543213312,,,,,
SKDZF5,"73 đường số 20, P.Bình Hưng Hoà A, Q.Bình Tân, TP.HCM",6450000.0,107.32,Nhà mặt tiền,3.99m,14.19m,Đông,3.0,3.0,3.0,60.10m²,62m²,,street house,60100.63361908312,10.76199745963997,106.61233872425885,9.68329718649564,,,,,
PMNUFG,"25A Nguyễn Hữu Cảnh, P.22, Q.Bình Thạnh, TP.HCM",15900000.0,255.21,Nhà mặt tiền,20.48m,3.4m,Nam,1.0,1.0,2.0,62.30m²,,20m,street house,62301.63394851299,10.802380942088801,106.69619949212519,2.5184792479536022,,,,,
CJWPRB,"594 Lê Văn Quới, P.Bình Hưng Hoà A, Q.Bình Tân, TP.HCM",33500000.0,170.83,Nhà mặt tiền,7.68m,23.68m,Nam,2.0,2.0,2.0,196.10m²,97.20m²,18m,street house,196101.3873441433,10.771298405876328,106.6039035324791,10.445971615984101,,,,,
656J48,"Xã Bình Mỹ, H.Củ Chi, TP.HCM",1390000.0,20.44,Nhà mặt tiền,4m,17m,Tây Bắc,3.0,3.0,3.0,68m²,,,street house,68003.91389432485,11.007162072474598,106.4963421757954,33.52006999097638,,,,,
9N0JAP,"56 Phan Đình Phùng, P.2, Q.Phú Nhuận, TP.HCM",17500000.0,460.52,Nhà mặt tiền,3.2m,12.5m,Tây Nam,5.0,5.0,7.0,38m²,255m²,,street house,38000.521150004344,10.801020011990996,106.68197817039807,2.9990129828252745,,,,,
1SM4Z6,"Nguyễn Tiểu La, P.8, Q.10, TP.HCM",10550000.0,422.0,Nhà mặt tiền,3.07m,11.84m,Tây Nam,3.0,3.0,4.0,25m²,89m²,14m,street house,25000.0,10.76290006065875,106.70515006155968,1.9840906840257,,,,,
65VFE8,"Phan Huy Thực, P.Tân Kiểng, Q.7, TP.HCM",16900000.0,231.5,Nhà mặt tiền,4m,18.77m,Bắc,4.0,5.0,3.0,73m²,167m²,14m,street house,73002.15982721382,10.745104837829896,106.73634234873347,5.601060569304635,,,,,
YE79WD,"238 Nguyễn Thái Bình, P.4, Q.Tân Bình, TP.HCM",11500000.0,191.66,Nhà mặt tiền,4.8m,12.5m,Bắc,6.0,5.0,5.0,60m²,60m²,6m,street house,60002.08702911406,10.810472124374387,106.64828038177755,6.505621398435617,,,,,
E0CZC4,"286 Phan Văn Trị, P.11, Q.Gò Vấp, TP.HCM",8300000.000000001,157.73,Nhà mặt tiền,3.25m,16.1m,Tây,2.0,1.0,1.0,52.62m²,56.19m²,,street house,52621.56850313828,10.815505921657458,106.66470405588508,5.449992540204198,,,,,
SHQAQ5,"33 Đặng Văn Ngữ, P.10, Q.Phú Nhuận, TP.HCM",28500000.0,278.86,Nhà mặt tiền,3.7m,27.31m,Tây,6.0,5.0,1.0,102.20m²,234.50m²,,street house,102201.82170264648,10.802723573416928,106.68313493508067,3.075551397069063,,,,,
3A1JJQ,"Đặng Minh Trứ, P.10, Q.Tân Bình, TP.HCM",4900000.0,88.76,Nhà mặt tiền,1.8m,21.3m,Nam,3.0,2.0,2.0,55.20m²,65.95m²,6m,street house,55205.047318611985,10.790120194098147,106.6522392102775,5.243250051009762,,,,,
R2BFNJ,"92 Lê Thị Hồng, P.17, Q.Gò Vấp, TP.HCM",25500000.0,180.46,Nhà mặt tiền,7.2m,20m,Bắc,20.0,20.0,4.0,141.30m²,443.50m²,,street house,141305.55247700322,10.814229583589917,106.68875974162344,3.9720692065488374,,,,,
KW7VSC,"166 đường số 6, P.7, Q.Gò Vấp, TP.HCM",12300000.0,153.75,Nhà mặt tiền,8m,9.62m,Tây,5.0,4.0,5.0,80m²,189.50m²,,street house,80000.0,10.824972286380918,106.66970035650546,5.938828141650397,,,,,
SH14E5,"6 Nguyễn Duy Dương, P.7, Q.5, TP.HCM",23900000.0,377.86,Nhà mặt tiền,3.7m,17.4m,Tây Nam,5.0,4.0,5.0,63.25m²,273.10m²,16m,street house,63250.93950140263,10.761024212810238,106.6553832658191,5.205046914521609,,,,,
0TARB9,"đường số 9, P.Bình Hưng Hòa, Q.Bình Tân, TP.HCM",23700000.0,41.51,Nhà mặt tiền,15.8m,36m,Đông Bắc,32.0,35.0,2.0,570.90m²,570.90m²,12m,street house,570946.7598169117,10.77511554018955,106.60920042008978,9.83789524590439,,,,,
UDG3XS,"475 Cách mạng tháng tám, P.12, Q.10, TP.HCM",5800000.0,193.33,Nhà mặt tiền,4.4m,6.5m,,3.0,4.0,4.0,30m²,,,street house,30000.517250297416,10.784900390488529,106.71265542638406,1.594184927599797,,,,,
SH2VU5,"48 Phùng Văn Cung, P.7, Q.Phú Nhuận, TP.HCM",5650000.0,474.78,Nhà mặt tiền,3.75m,4.9m,Tây Nam,3.0,3.0,4.0,11.90m²,22.40m²,5.2m,street house,11900.24853616412,10.797805705036271,106.67932843962484,2.9351227207418082,,,,,
SH2NQ5,"2 An Phú Tây Hưng Long, Xã An Phú Tây, H.Bình Chánh, TP.HCM",670.0,6.7,Nhà mặt tiền,5m,20m,Đông Bắc,3.0,2.0,1.0,100m²,100m²,5.5m,street house,100.0,10.681620960018794,106.58574313671627,16.475901558829523,,,,,
UDJEVS,"Thửa 577 - tờ 21 Trần Văn Chấm, Xã Tân Thông Hội, H.Củ Chi, TP.HCM",4300000.0,31.8,Nhà mặt tiền,5m,31.6m,Tây Bắc,2.0,1.0,1.0,135.20m²,,10m,street house,135220.12578616352,10.997048895414656,106.5078059751003,31.853057392431754,,,,,
491WKF,"Thửa 550 - tờ 1 Tỉnh Lộ 8, Xã Bình Mỹ, H.Củ Chi, TP.HCM",6490000.0,12.98,Nhà mặt tiền,10m,50m,Đông Nam,2.0,1.0,1.0,500m²,,6m,street house,500000.0,11.017035605910962,106.50422207340401,33.797543476290706,,,,,
5K02C7,"19A đường số 1, P.Bình Hưng Hoà A, Q.Bình Tân, TP.HCM",4680000.0,112.23,Nhà mặt tiền,3.99m,10.6m,Đông Nam,2.0,1.0,2.0,41.70m²,56.90m²,8m,street house,41700.08019246191,10.760123908204308,106.60773254125523,10.219204777555621,,,,,
3A4ZCQ,"22 ( Thửa 51 - tờ 15 ) Nguyễn Thị Lắng, Xã Phước Vĩnh An, H.Củ Chi, TP.HCM",1950000.0,10.9,Nhà mặt tiền,28.84m,26.75m,Đông Bắc,2.0,1.0,1.0,178.80m²,,6m,street house,178899.08256880732,10.995805284281465,106.4875082677181,33.252618558120865,,,,,
E0NEJ4,"967 Lạc Long Quân, P.11, Q.Tân Bình, TP.HCM",13500000.0,217.0,Nhà mặt tiền,3.5m,18.15m,Đông,3.0,4.0,4.0,62.21m²,171.58m²,10.4m,street house,62211.98156682028,10.809869554904997,106.6398440519694,7.277856010639778,,,,,
QYKD2U,"603 Lê Văn Thọ, P.14, Q.Gò Vấp, TP.HCM",17500000.0,164.47,Nhà mặt tiền,4.74m,19.08m,Đông,3.0,3.0,3.0,106.40m²,135.20m²,7.8m,street house,106402.38341338847,10.825329627342452,106.68017225018122,5.4435215394539815,,,,,
E09KP4,"Huỳnh Tấn Phát, Khu phố 7, Thị trấn Nhà Bè, TP.HCM",550.0,34.37,Nhà mặt tiền,4m,4m,Đông,1.0,1.0,1.0,16m²,24m²,3m,street house,16.002327611288916,10.701417816920962,106.7384143951655,9.67996509404513,,,,,
UDHB5S,"88B Nguyễn Thị Hé, Xã Tân Thông Hội, H.Củ Chi, TP.HCM",2350000.0,17.12,Nhà mặt tiền,4.2m,30m,Tây Nam,2.0,1.0,1.0,137.20m²,,6m,street house,137266.3551401869,11.017788432020701,106.50003579584829,34.15192094620922,,,,,
E007R4,"243 đường số 6, P.7, Q.Gò Vấp, TP.HCM",3280000.0,134.97,Nhà mặt tiền,1.24m,11.1m,Đông,2.0,2.0,2.0,24.30m²,,4.2m,street house,24301.696673334816,10.82626534647863,106.6884648602586,5.269521832037708,,,,,
UDD2WS,"523 cách mạng tháng 8, P.15, Q.10, TP.HCM",8490000.0,188.86,Nhà mặt tiền,3m,16m,Đông Bắc,3.0,4.0,5.0,45m²,,,street house,44953.9341311024,10.778722831678497,106.71575905641066,1.833611297071886,,,,,
R2PEFJ,"Nguyễn Đình Chính, P.15, Q.Phú Nhuận, TP.HCM",23900000.0,234.77,Nhà mặt tiền,4.6m,21.5m,Đông Nam,3.0,2.0,2.0,101.80m²,117.30m²,,street house,101801.76342803595,10.786372994320164,106.6887387540697,1.340646433291151,,,,,
ABD1AY,"đường Thạnh Lộc 15, P.Thạnh Lộc, Q.12, TP.HCM",7300000.0,57.25,Nhà mặt tiền,7.44m,17.98m,Đông Nam,1.0,1.0,1.0,127.50m²,,,street house,127510.91703056768,10.7695381976681,106.68702457101213,1.7343988387401619,,,,,
KWBNNC,"31 đường số 9, P.Bình Hưng Hòa, Q.Bình Tân, TP.HCM",5680000.0,69.86,Nhà mặt tiền,4.01m,20.36m,Đông Nam,2.0,2.0,2.0,81.30m²,106.81m²,8m,street house,81305.46807901518,10.75962134817475,106.59156913640504,11.962695540263061,,,,,
7K6CHA,"MPN 502 Tỉnh Lộ 10, P.Bình Trị Đông, Q.Bình Tân, TP.HCM",5100000.0,99.02,Nhà mặt tiền,4.7m,11m,Nam,2.0,1.0,1.0,51.50m²,51.50m²,,street house,51504.74651585538,10.762535239232935,106.61278948632969,9.623051173281983,,,,,
RGHQ4J,"19 Phan Xích Long, P.2, Q.Phú Nhuận, TP.HCM",39500000.0,460.37,Nhà mặt tiền,6.4m,13.4m,Bắc,5.0,5.0,6.0,85.80m²,351.20m²,15m,street house,85800.55173013012,10.809673821246855,106.68553104713537,3.620641617717032,,,,,
GX45X2,"158 đường số 59, P.14, Q.Gò Vấp, TP.HCM",15500000.0,280.79,Nhà mặt tiền,4m,14.9m,Tây Nam,3.0,5.0,5.0,55.20m²,229.20m²,8m,street house,55201.396061113286,10.822485579907548,106.66959419074735,5.71579648504412,,,,,
8527Q3,"1 Lê Cao Lãng, P.Phú Thạnh, Q.Tân Phú, TP.HCM",2800000.0,149.73,Nhà mặt tiền,3.6m,5.9m,Tây Nam,3.0,3.0,3.0,18.70m²,,9m,street house,18700.327255726977,10.785217496383924,106.61212238251268,9.523573984900931,,,,,
37G01Q,"22A ( Thửa 800 - tờ 36) ấp Bàu Sim 2, Xã Tân Thông Hội, H.Củ Chi, TP.HCM",4000000.0,38.49,Nhà mặt tiền,5.01m,20.73m,Đông Bắc,2.0,2.0,2.0,103.90m²,,6m,street house,103923.09690828786,11.016153225960046,106.49519475741883,34.35364056896777,,,,,
SD2VS5,"174 Nguyễn Thái Bình, P.12, Q.Tân Bình, TP.HCM",5500000.0,369.12,Nhà mặt tiền,4.8m,3.9m,Đông,3.0,3.0,3.0,14.90m²,,8m,street house,14900.303424360642,10.804678860925454,106.65257880330218,5.778152248798057,,,,,
40Q8PF,"39 Tân Thới Hiệp 09, P.Tân Thới Hiệp, Q.12, TP.HCM",5700000.0,61.55,Nhà mặt tiền,4m,23.16m,Bắc,1.0,1.0,2.0,92.60m²,69m²,12m,street house,92607.6360682372,10.777233076157707,106.6926925289,0.7481912911315682,,,,,
5HZEM7,"Nguyễn Văn Đậu, P.5, Q.Bình Thạnh, TP.HCM",43900000.0,348.41,Nhà mặt tiền,10.9m,19.69m,Đông Nam,7.0,7.0,8.0,126m²,826.80m²,7m,street house,126000.97586177204,10.809711510399978,106.72258854425694,4.194871290482814,,,,,
6SFN58,"Hoàng Văn Hợp, P.An Lạc A, Q.Bình Tân, TP.HCM",3750000.0,216.76,Nhà mặt tiền,5.3m,3.5m,Bắc,3.0,3.0,3.0,17.30m²,,6.9m,street house,17300.2398966599,10.7756989254619,106.5973009197535,11.134926406467077,,,,,
85E2V3,"72 Bùi Quang Là, P.12, Q.Gò Vấp, TP.HCM",7500000.0,100.4,Nhà mặt tiền,4.05m,15.58m,Đông Bắc,2.0,2.0,3.0,74.70m²,,12m,street house,74701.1952191235,10.822676530524788,106.68328124497957,5.047235852292627,,,,,
37E64Q,"82 đường số 8, P.Bình Hưng Hòa, Q.Bình Tân, TP.HCM",18600000.0,57.23,Nhà mặt tiền,16.58m,35.61m,Đông,2.0,2.0,1.0,325m²,,4.42m,street house,325004.36833828414,10.765390316111088,106.61357298799969,9.480913129581774,,,,,
QA40RU,"84 Tân sơn nhì, P.Tân Sơn Nhì, Q.Tân Phú, TP.HCM",6200000.0,124.0,Nhà mặt tiền,5m,10m,,3.0,2.0,2.0,50m²,,,street house,50000.0,10.802927000419176,106.61101511147557,9.959981908405986,,,,,
6SCAV8,"Thửa 56 - tờ 29 Bùi Thị Điệt, Xã Phạm Văn Cội, H.Củ Chi, TP.HCM",9500000.0,5.72,Nhà mặt tiền,25.38m,65.94m,Tây Bắc,3.0,3.0,1.0,1658.90m²,,12.5m,street house,1660839.160839161,11.002477789702173,106.5029729200802,32.652801403986274,,,,,
0Z62T9,"33A Nguyễn Thị Huỳnh, P.8, Q.Phú Nhuận, TP.HCM",12300000.0,251.53,Nhà mặt tiền,4m,12.4m,Tây Bắc,5.0,6.0,4.0,48.90m²,178.10m²,3.9m,street house,48900.72754740985,10.798594739788273,106.67617121537567,3.252310050584735,,,,,
WPX4PR,"82 Trương Công Định, P.12, Q.Tân Bình, TP.HCM",8900000.0,86.4,Nhà mặt tiền,6.3m,16m,Đông Bắc,4.0,2.0,2.0,103m²,200m²,4m,street house,103009.25925925926,10.810038536753522,106.66499364959952,5.005251267335248,,,,,
7K4J3A,"60 Trịnh Thị Gắt, Xã Tân An Hội, H.Củ Chi, TP.HCM",2900000.0,12.13,Nhà mặt tiền,7.03m,30.18m,Tây Nam,2.0,1.0,1.0,239m²,,6m,street house,239076.66941467434,10.993470745235332,106.50330523049232,31.88372056245406,,,,,
ACFRJY,"51P Phan Tây Hồ, P.7, Q.Phú Nhuận, TP.HCM",9250000.0,234.17,Nhà mặt tiền,3.05m,13m,Đông Nam,6.0,6.0,4.0,39.50m²,135.90m²,14m,street house,39501.21706452577,10.801041014722255,106.67820665131016,3.2731234698135943,,,,,
40GE4F,"40 ( Thửa 723 - tờ 25 ) Phạm Thị Xích, Xã Tân Thạnh Tây, H.Củ Chi, TP.HCM",5200000.0,26.34,Nhà mặt tiền,6.53m,28.4m,Nam,2.0,1.0,1.0,197.40m²,,6m,street house,197418.37509491268,11.019650070067526,106.49311058766193,34.795826361915424,,,,,
UYK32S,"40A đường số 42, Xã Tân Thông Hội, H.Củ Chi, TP.HCM",4099999.999999999,34.54,Nhà mặt tiền,6.01m,19.75m,Tây Bắc,2.0,1.0,2.0,118.70m²,,6m,street house,118702.95309785753,11.006701528612105,106.49076014696448,33.88884720897398,,,,,
DEF75H,"Hương Lộ 2, P.Bình Trị Đông, Q.Bình Tân, TP.HCM",7700000.0,132.75,Nhà mặt tiền,4.2m,14m,Nam,5.0,5.0,5.0,58m²,,6m,street house,58003.766478342746,10.764111531471826,106.5933453640644,11.687880613771876,,,,,
6S7TP8,"73 Bùi Thị Lành, Xã Trung An, H.Củ Chi, TP.HCM",3200000.0,28.57,Nhà mặt tiền,5.77m,22.28m,Tây Nam,2.0,2.0,2.0,112m²,107.50m²,12m,street house,112005.600280014,10.993111395121502,106.50792537398024,31.517180741417345,,,,,
WP22QR,"4A đường Thạnh Xuân 24, P.Thạnh Xuân, Q.12, TP.HCM",5800000.0,77.33,Nhà mặt tiền,4m,18.78m,Tây Nam,4.0,3.0,3.0,75m²,152.80m²,15m,street house,75003.23289796975,10.765413111112482,106.6958573878137,1.627100622153215,,,,,
DEFEBH,"1598 Tỉnh Lộ 8, Xã Hòa Phú, H.Củ Chi, TP.HCM",5200000.0,32.43,Nhà mặt tiền,4.66m,35.96m,Đông Bắc,2.0,1.0,1.0,160.30m²,,20m,street house,160345.35923527597,10.99653759154027,106.48911868559959,33.18886882412342,,,,,
0ZTDW9,"Bùi Đình Túy, P.12, Q.Bình Thạnh, TP.HCM",4600000.0,153.33,Nhà mặt tiền,3.5m,9m,Đông Nam,3.0,3.0,4.0,30m²,100m²,,street house,30000.652188091044,10.802210766579599,106.69631713508628,2.49823972505939,,,,,
0ZTA49,"796 Lê Đức Thọ, P.15, Q.Gò Vấp, TP.HCM",6500000.0,98.48,Nhà mặt tiền,5m,13m,Tây Nam,4.0,4.0,3.0,66m²,66m²,9m,street house,66003.24939073923,10.829523038417458,106.67000713619947,6.351447389813701,,,,,
UYDPMS,"134 Đông Thạnh 5, Xã Đông Thạnh, H.Hóc Môn, TP.HCM",15500000.0,63.7,Nhà mặt tiền,8.41m,28.78m,Tây Bắc,4.0,3.0,2.0,243.30m²,319.20m²,8m,street house,243328.1004709576,10.892641235702385,106.60219982195468,16.368867787069995,,,,,
J2Z870,"24 Lê Thị Lơn, Xã Bình Mỹ, H.Củ Chi, TP.HCM",9500000.0,20.29,Nhà mặt tiền,13.11m,36.02m,Tây Bắc,1.0,1.0,1.0,468m²,441.10m²,6m,street house,468210.94135041896,11.007832358607189,106.50172085048298,33.19057976047008,,,,,
5HKCY7,"32 Lê Thị Bay, Xã Tân Thạnh Đông, H.Củ Chi, TP.HCM",2150000.0,24.57,Nhà mặt tiền,5.13m,18.37m,Đông Nam,3.0,1.0,1.0,87.50m²,,6m,street house,87505.0875050875,11.010796585619492,106.50353435078486,33.31284271661534,,,,,
409JPF,"931 Lũy Bán Bích, P.Tân Thành, Q.Tân Phú, TP.HCM",24300000.0,293.12,Nhà mặt tiền,4.3m,22m,Đông Nam,4.0,4.0,4.0,82.90m²,354.30m²,10m,street house,82901.20087336244,10.791540975969115,106.62113084748044,8.617951896882532,,,,,
2MMMCZ,"18 Nguyễn Thị Rõ, Xã Tân An Hội, H.Củ Chi, TP.HCM",2500000.0,21.73,Nhà mặt tiền,6.11m,20.91m,Tây Nam,2.0,1.0,2.0,115m²,,6m,street house,115048.3202945237,11.021451175861053,106.50339719792285,34.23435150637105,,,,,
UYY7ES,"59C Huỳnh Thị Thơm, Xã Tân Thông Hội, H.Củ Chi, TP.HCM",9700000.0,22.5,Nhà mặt tiền,10m,43.1m,Đông Bắc,24.0,24.0,2.0,431m²,,6m,street house,431111.1111111111,10.996066971108228,106.49172422469566,32.954740291253245,,,,,
SDYQG5,"15 Nguyễn Đình Chiểu, P.4, Q.Phú Nhuận, TP.HCM",10800000.0,177.04,Nhà mặt tiền,3.45m,17.3m,Đông Nam,2.0,1.0,2.0,61m²,104.90m²,16m,street house,61003.16312697696,10.800829630301875,106.69303803643888,2.418234210553027,,,,,
SDYQG5,"15 Nguyễn Đình Chiểu, P.4, Q.Phú Nhuận, TP.HCM",10800000.0,177.04,Nhà mặt tiền,3.45m,17.3m,Đông Nam,2.0,1.0,2.0,61m²,104.90m²,16m,street house,61003.16312697696,10.810938682073708,106.67350029218733,4.434968830803243,,,,,
UYAZ3S,"Hẻm 302 Nguyễn Văn Nghi, P.7, Q.Gò Vấp, TP.HCM",5800000.0,69.66,Nhà mặt tiền,4m,20m,Tây Bắc,1.0,1.0,1.0,83.25m²,83.25m²,3m,street house,83261.55612977319,10.819991086006333,106.68088109850895,4.870028586039916,,,,,
EJRUF4,"59 đường số 23, Xã Tân Thông Hội, H.Củ Chi, TP.HCM",10500000.0,40.27,Nhà mặt tiền,7m,37.32m,Đông Bắc,5.0,5.0,3.0,260.70m²,,6m,street house,260740.00496647626,10.99792569539759,106.499501499755,32.52803358677632,,,,,
WP9QFR,"164 Đào Văn Thử, Xã Tân An Hội, H.Củ Chi, TP.HCM",1850000.0,14.17,Nhà mặt tiền,4m,32.41m,Đông Nam,2.0,1.0,1.0,130.50m²,,6m,street house,130557.5158786168,11.016960599094794,106.48880189093013,34.87816272980207,,,,,
J2GMS0,"24 Trần Thị Dư, Xã Tân An Hội, H.Củ Chi, TP.HCM",4800000.0,14.16,Nhà mặt tiền,6m,58.01m,Đông Nam,10.0,10.0,1.0,338.80m²,,6m,street house,338983.0508474576,11.008627541690549,106.49886351192016,33.46091649257528,,,,,
375KAQ,"152 Đào Văn Thử, Xã Tân An Hội, H.Củ Chi, TP.HCM",1950000.0,14.94,Nhà mặt tiền,4m,32.41m,Đông Nam,2.0,1.0,1.0,130.50m²,,6m,street house,130522.08835341365,10.999634388043386,106.51011314948182,31.905463074709825,,,,,
EJRGU4,"9 ( Thửa 52 - tờ 78 ) Nguyễn Thị Chiên, Xã Tân An Hội, H.Củ Chi, TP.HCM",1850000.0,10.51,Nhà mặt tiền,5.15m,34.87m,Đông Bắc,2.0,1.0,1.0,175.90m²,,4m,street house,176022.83539486205,11.003227002168869,106.50130116956501,32.83538284857513,,,,,
QA77ZU,"16A đường số 16, Xã Tân Thông Hội, H.Củ Chi, TP.HCM",2550000.0,17.0,Nhà mặt tiền,5m,30m,Tây Bắc,2.0,2.0,2.0,150m²,,5m,street house,150000.0,11.002917846967538,106.49283110753967,33.4270259159732,,,,,
37SN2Q,"Thửa 740 - tờ 20 Tỉnh Lộ 7, Xã Thái Mỹ, H.Củ Chi, TP.HCM",2500000.0,19.79,Nhà mặt tiền,5m,25.32m,Bắc,2.0,1.0,1.0,126.30m²,,15m,street house,126326.42748863062,11.018412941405332,106.49876897070024,34.29343633134784,,,,,
ACDUDY,"28 Trương Thị Nguýt, Xã Phú Hòa Đông, H.Củ Chi, TP.HCM",2600000.0,9.95,Nhà mặt tiền,15.48m,27.39m,Đông Bắc,3.0,1.0,1.0,261.30m²,,12m,street house,261306.5326633166,11.005591862849155,106.51334689616115,32.18628216070025,,,,,
ACDV5Y,"49 Nguyễn Viết Xuân, TT.Củ Chi, H.Củ Chi, TP.HCM",3600000.0,15.06,Nhà mặt tiền,5m,47.83m,Đông Nam,2.0,1.0,1.0,238.90m²,,10m,street house,239043.8247011952,11.009775400224111,106.4902641367822,34.17755759788052,,,,,
WPJAGR,"126 Miếu Gò Xoài, P.Bình Hưng Hòa, Q.Bình Tân, TP.HCM",4300000.0,87.39,Nhà mặt tiền,4m,12.15m,Tây Nam,2.0,2.0,2.0,49.20m²,98.40m²,5m,street house,49204.71449822634,10.760334482968778,106.59173250353408,11.930651084900314,,,,,
40WN3F,"38 Lê Thị Nghiên, Xã Tân Thạnh Đông, H.Củ Chi, TP.HCM",2400000.0,25.77,Nhà mặt tiền,5.41m,24.54m,Tây Bắc,2.0,1.0,1.0,93.10m²,,6m,street house,93131.54831199069,11.020797555641535,106.51492795925867,33.40359134479383,,,,,
9TG14P,"Tống Văn Hên, P.15, Q.Tân Bình, TP.HCM",24900000.0,163.06,Nhà mặt tiền,5.77m,24.92m,Tây Nam,14.0,14.0,6.0,152.70m²,,5m,street house,152704.52594137128,10.79861962713716,106.64137942202959,6.640007854492042,,,,,
UAUY0S,"156 Lương Ngọc Quyến, P.5, Q.Gò Vấp, TP.HCM",3850000.0,427.77,Nhà mặt tiền,6m,9.4m,Nam,2.0,2.0,2.0,9m²,18m²,5m,street house,9000.163639338898,10.835301908692394,106.67353046004948,6.744308963723648,,,,,
5DSGZ7,"2 Cầm Bá Thước, P.7, Q.Phú Nhuận, TP.HCM",76000000.0,209.36,Nhà mặt tiền,37.38m,11.26m,Đông Nam,3.0,3.0,3.0,363m²,439.10m²,12m,street house,363011.0813909056,10.787207242934839,106.6921149449262,1.1160910608144248,,,,,
9ZJUGP,"116 Cầu Kinh, P.Tân Tạo A, Q.Bình Tân, TP.HCM",6840000.0,119.78,Nhà mặt tiền,4.7m,26.4m,Tây Nam,6.0,6.0,2.0,57.10m²,,10m,street house,57104.691935214556,10.779554878006396,106.61559012035102,9.12546261883668,,,,,
9ZJUGP,"116 Cầu Kinh, P.Tân Tạo A, Q.Bình Tân, TP.HCM",6840000.0,119.78,Nhà mặt tiền,4.7m,26.4m,Tây Nam,6.0,6.0,2.0,57.10m²,,10m,street house,57104.691935214556,10.770072291853683,106.59689065535429,11.222267864257454,,,,,
GN9S02,"103 đường số 27, P.Bình Trị Đông B, Q.Bình Tân, TP.HCM",10900000.0,136.25,Nhà mặt tiền,4m,20m,Đông Bắc,3.0,4.0,4.0,80m²,201.60m²,8m,street house,80000.0,10.761596102429198,106.60576970650018,10.396303115656444,,,,,
CFH22B,"46 đường số 4, P.Bình Hưng Hoà A, Q.Bình Tân, TP.HCM",4780000.0,91.57,Nhà mặt tiền,3.7m,14.1m,Tây,3.0,3.0,3.0,52.20m²,107.40m²,5.7m,street house,52200.502347930546,10.762183050004365,106.60564034462791,10.397822302228029,,,,,
JGWMD0,"191 đường số 3, P.11, Q.Gò Vấp, TP.HCM",15300000.0,177.7,Nhà mặt tiền,4m,21.58m,Đông Bắc,4.0,5.0,4.0,86.10m²,229.70m²,8m,street house,86100.16882386044,10.830479316065151,106.67956421312991,5.997860917106152,,,,,
PT014G,"56 Vũ Huy Tấn, P.2, Q.Bình Thạnh, TP.HCM",55000000.0,766.01,Nhà mặt tiền,4.1m,17.6m,Nam,4.0,4.0,4.0,71.80m²,324.60m²,10m,street house,71800.6292346053,10.822269951636192,106.70376059181339,4.727813937841748,,,,,
CF8SEB,"Thạnh Lộc 38, P.Thạnh Lộc, Q.12, TP.HCM",3690000.0,73.35,Nhà mặt tiền,4m,12.58m,Tây Bắc,1.0,1.0,1.0,50.30m²,24.40m²,5m,street house,50306.748466257675,10.778812450870447,106.68890080493769,1.112803613242776,,,,,
5DZ597,"Hồng Hà, P.2, Q.Tân Bình, TP.HCM",26300000.0,238.65,Nhà mặt tiền,5.25m,21m,Nam,2.0,2.0,3.0,110.20m²,216.30m²,,street house,110203.22648229625,10.805385392725386,106.65544954730971,5.543679823050716,,,,,
Q70VPU,"18 Bùi Thế Mỹ, P.10, Q.Tân Bình, TP.HCM",10000000.0,153.13,Nhà mặt tiền,4.9m,12.79m,Tây Nam,4.0,2.0,2.0,65.30m²,75.30m²,3m,street house,65303.99007379351,10.812443661771372,106.65365731144462,6.137569018857869,,,,,
SYP0X5,"đường số 13, P.Bình Hưng Hòa, Q.Bình Tân, TP.HCM",9380000.0,90.19,Nhà mặt tiền,5m,21.06m,Bắc,1.0,1.0,2.0,104m²,,12m,street house,104002.66104889677,10.758439027384433,106.60265913813977,10.801259420505959,,,,,
Q7RK5U,"154 Nguyễn Thị Kiểu, P.Tân Thới Hiệp, Q.12, TP.HCM",8680000.0,127.27,Nhà mặt tiền,4.1m,23.8m,Đông Bắc,3.0,2.0,2.0,68.20m²,97.50m²,,street house,68201.46145988842,10.769269299281685,106.71267756921968,1.892505260340246,,,,,
W9XWGR,"Số 6 đường số 41, P.9, Q.4, TP.HCM",29000000.0,481.72,Nhà mặt tiền,4.05m,15.07m,Tây Bắc,8.0,4.0,5.0,60.20m²,285.20m²,25m,street house,60200.94660798804,10.760929632212447,106.69604227922078,2.1110594612552664,,,,,
8SYGU3,"126 Trần Thị Điệu, Phước Long B, Q.9, TP.HCM",10300000.0,121.31,Nhà mặt tiền,4.65m,22.44m,Nam,4.0,3.0,3.0,84.90m²,205.32m²,6m,street house,84906.4380512736,10.830798140857405,106.8346588334038,15.86948846535945,,,,,
35YTRQ,"263 đường số 8, P.Bình Hưng Hoà A, Q.Bình Tân, TP.HCM",15500000.0,85.07,Nhà mặt tiền,8m,23.01m,Đông,1.0,2.0,2.0,182.20m²,44.30m²,6m,street house,182202.89173621725,10.779908357598043,106.61723631988663,8.945390890952066,,,,,
35YFYQ,"512 Nguyễn Văn Khối, P.9, Q.Gò Vấp, TP.HCM",21900000.0,141.83,Nhà mặt tiền,5.65m,31.62m,Tây Nam,13.0,14.0,4.0,154.40m²,449.60m²,15m,street house,154410.20940562643,10.836421517230598,106.68452806997773,6.4623150212711264,,,,,
Q7DSAU,"33 Nguyễn Văn Khối, P.11, Q.Gò Vấp, TP.HCM",12500000.0,108.52,Nhà mặt tiền,4.4m,24.42m,Đông Bắc,6.0,2.0,2.0,115.18m²,,,street house,115186.14080353852,10.813902342121422,106.6901549008532,3.896591569561396,,,,,
SYY4Q5,"559B Nguyễn Văn Khối, P.9, Q.Gò Vấp, TP.HCM",15000000.0,279.32,Nhà mặt tiền,4.24m,15.84m,Đông Bắc,6.0,7.0,6.0,53.70m²,258.80m²,8m,street house,53701.847343548616,10.832156847650394,106.68101859871041,6.118657783262674,,,,,
SYYBQ5,"Nghiêm Toản, P.Hòa Thạnh, Q.Tân Phú, TP.HCM",6500000.0,125.0,Nhà mặt tiền,3.83m,13.52m,Bắc,1.0,1.0,1.0,52m²,,10m,street house,52000.0,10.800259934895351,106.63973189273545,6.86897728634053,,,,,
ERWGU4,"Hiệp Thành 17, KP5, P.Hiệp Thành, Q.12, TP.HCM",9000000.0,99.55,Nhà mặt tiền,5m,23.96m,Tây,2.0,1.0,1.0,90.40m²,90.40m²,6.7m,street house,90406.83073832246,10.772493768410472,106.69442498901796,0.9507317540225797,,,,,
AKDF9Y,"99 đường số 59, P.14, Q.Gò Vấp, TP.HCM",15000000.0,238.47,Nhà mặt tiền,4.5m,14.74m,Đông,6.0,5.0,5.0,62.90m²,221.80m²,8m,street house,62900.993835702604,10.818669100539484,106.66224937556197,5.888723251381302,,,,,
5DAKC7,"136 Chế Lan Viên, P.Tây Thạnh, Q.Tân Phú, TP.HCM",10500000.0,150.86,Nhà mặt tiền,21.46m,6.95m,Tây Nam,3.0,3.0,4.0,69.60m²,190.80m²,4m,street house,69600.95452737637,10.78289897805212,106.6159446395722,9.093130072293555,,,,,
W04SPR,"7 Lê Quang Chiểu, P.Hiệp Tân, Q.Tân Phú, TP.HCM",8900000.0,132.44,Nhà mặt tiền,3.45m,19.9m,Đông Nam,2.0,2.0,2.0,67.20m²,,,street house,67200.24161884627,10.788850206525609,106.63254358558503,7.339965736016603,,,,,
3S6AUQ,"41 Trần Văn Kỷ, P.14, Q.Bình Thạnh, TP.HCM",1900000.0,380.0,Nhà mặt tiền,1.9m,3.35m,Bắc,2.0,2.0,3.0,5m²,22.90m²,5.3m,street house,5000.0,10.810169867579402,106.70460164800087,3.4157953422639875,,,,,
EWCJU4,"28 Phan Tây Hồ, P.7, Q.Phú Nhuận, TP.HCM",12500000.0,234.96,Nhà mặt tiền,4m,9.85m,Đông Bắc,4.0,5.0,4.0,53.20m²,195.60m²,,street house,53200.54477357848,10.796378499574619,106.67026788779769,3.641718771341925,,,,,
5YUHC7,"207 đường số 6, P.5, Q.Gò Vấp, TP.HCM",5280000.0,170.32,Nhà mặt tiền,4.16m,7.47m,Đông Bắc,2.0,2.0,2.0,31m²,50.70m²,5.2m,street house,31000.469704086427,10.81469872990347,106.68693718669985,4.082013534083132,,,,,
7DQ5SA,"26A đường số 2, P.Bình Hưng Hoà A, Q.Bình Tân, TP.HCM",7000000.0,70.56,Nhà mặt tiền,4m,24.75m,Đông Bắc,4.0,3.0,3.0,99.20m²,240.40m²,2.5m,street house,99206.3492063492,10.770122238914842,106.61170236664329,9.610391546264736,,,,,
EWH524,"Nguyễn Hồng Đào, P.14, Q.Tân Bình, TP.HCM",15000000.0,275.22,Nhà mặt tiền,3.6m,15.95m,Đông Bắc,3.0,3.0,4.0,54.50m²,177.30m²,6m,street house,54501.853063004135,10.791682839070301,106.66289116862731,4.165494697582957,,,,,
8UM5M3,"Bàu Cát 3, P.14, Q.Tân Bình, TP.HCM",16000000.0,233.98,Nhà mặt tiền,4.98m,13.85m,Đông Bắc,3.0,3.0,4.0,68.38m²,171.92m²,8m,street house,68381.91298401573,10.796805282008862,106.64505301397435,6.195919398371474,,,,,
SA61T5,"130Bis Trần Huy Liệu, P.15, Q.Phú Nhuận, TP.HCM",21000000.0,535.71,Nhà mặt tiền,4.1m,12.35m,Tây,6.0,7.0,7.0,39.20m²,260.90m²,3.4m,street house,39200.31360250882,10.813752721674215,106.68690172562127,3.984448353814383,,,,,
U712AS,"Nguyễn Trọng Tuyển, P.15, Q.Phú Nhuận, TP.HCM",8750000.0,280.44,Nhà mặt tiền,3.4m,12.55m,Nam,3.0,3.0,3.0,31.20m²,68.60m²,6m,street house,31200.969904435886,10.808592140401897,106.6715666569018,4.378693270039553,,,,,
5Y6SC7,"145A Hiệp Thành 13, P.Hiệp Thành, Q.12, TP.HCM",11800000.0,108.45,Nhà mặt tiền,4.26m,25.1m,Đông Nam,4.0,4.0,3.0,108.80m²,198.90m²,12m,street house,108805.90133702167,10.768577749756512,106.6878330176784,1.7423888870390638,,,,,
5YMQK7,"đường số 9, P.16, Q.Gò Vấp, TP.HCM",4099999.999999999,118.49,Nhà mặt tiền,3.01m,12m,Tây,2.0,1.0,2.0,34.60m²,48.70m²,5m,street house,34602.076124567466,10.813267340044392,106.67731198749176,4.39963009049093,,,,,
SAGRP5,"Tân Thới Hiệp 08, P.Tân Thới Hiệp, Q.12, TP.HCM",6200000.0,85.16,Nhà mặt tiền,5m,15.44m,Tây Bắc,1.0,1.0,1.0,72.80m²,60.80m²,10m,street house,72804.13339596055,10.765285539100894,106.7082803284777,1.8963851016073812,,,,,
YKNCWD,"167 - 169 Ba Vân, P.14, Q.Tân Bình, TP.HCM",72690000.0,247.16,Nhà mặt tiền,23.4m,13.8m,Đông Bắc,1.0,1.0,3.0,294.10m²,,8m,street house,294100.9872147597,10.797582569608078,106.64270024240021,6.467182198171705,,,,,
YKTYED,"101 Dương Văn Dương, P.Tân Quý, Q.Tân Phú, TP.HCM",9500000.0,107.34,Nhà mặt tiền,6.95m,13m,Tây,2.0,2.0,2.0,88.50m²,,16m,street house,88503.81963853177,10.799550742749043,106.62845391901854,8.02197379569499,,,,,
C4V4NB,"37 Quách Vũ, P.Hiệp Tân, Q.Tân Phú, TP.HCM",16399999.999999998,189.37,Nhà mặt tiền,4.15m,20.5m,Đông Bắc,3.0,6.0,5.0,86.60m²,,10m,street house,86602.94661245181,10.790413934561252,106.61759018688065,8.983787942675367,,,,,
PZ7CDG,"858 Nguyễn Xiển, Long Thạnh Mỹ, TP.Thủ Đức, TP.HCM",11100000.0,81.15,Nhà mặt tiền,7.37m,28.76m,Tây Bắc,1.0,1.0,1.0,134.80m²,67.60m²,,street house,136783.73382624768,10.852062313732741,106.7599994334249,10.410247283437558,,,,,
6QFHN8,"85 Lương Ngọc Quyến, P.5, Q.Gò Vấp, TP.HCM",6500000.0,135.98,Nhà mặt tiền,6.85m,8.98m,Nam,6.0,6.0,4.0,47.80m²,,3.7m,street house,47801.14722753347,10.820963703463002,106.6859860433034,4.772994283793878,,,,,
8UE6U3,"Nguyễn Thái Bình, P.4, Q.Tân Bình, TP.HCM",11800000.0,433.82,Nhà mặt tiền,8.85m,7.45m,Bắc,2.0,2.0,3.0,27.20m²,81.90m²,8m,street house,27200.22128993592,10.812361923756297,106.64280006677339,7.127230715256646,,,,,
3SE97Q,"Tân Thới Nhất 02, Tân Thới Nhất, Q.12, TP.HCM",8199999.999999999,89.22,Nhà mặt tiền,4m,24.16m,Tây Nam,6.0,6.0,1.0,91.90m²,,8m,street house,91907.64402600312,10.788333374914712,106.71577165971806,2.0609113178342446,,,,,
9237HP,"đường 702 Hồng Bàng, P.1, Q.11, TP.HCM",8300000.000000001,0.05,Nhà mặt tiền,3.2m,14.7m,Đông Bắc,4.0,3.0,4.0,39.10m²,132.10m²,8m,street house,166000000.0,10.764308303809877,106.69896127373619,1.7119404956850692,,,,,
6QKH28,"690 Phạm Văn Bạch, P.12, Q.Gò Vấp, TP.HCM",12600000.0,299.28,Nhà mặt tiền,4.05m,10.89m,Tây Bắc,5.0,4.0,5.0,42.10m²,195.20m²,14m,street house,42101.04250200481,10.833807310907087,106.68621751391039,6.137609420880964,,,,,
0G13Q9,"41 Nguyễn Nhữ Lãm, P.Phú Thọ Hòa, Q.Tân Phú, TP.HCM",13500000.0,300.66,Nhà mặt tiền,3.9m,11.45m,Đông Nam,4.0,4.0,5.0,44.90m²,223.30m²,11m,street house,44901.21732189183,10.779465113505909,106.61414269795672,9.283797494399069,,,,,
U7B83S,"589C Đường Điện Biên Phủ, P.1, Q.3, TP.HCM",21000000.0,107.14,Nhà mặt tiền,3.11m,23m,Tây Bắc,5.0,7.0,4.0,196m²,196m²,25m,street house,196005.22680604816,10.785086035041953,106.69854017425513,0.5887863616626255,,,,,
7D407A,"162A Nguyễn Gia Trí, P.25, Q.Bình Thạnh, TP.HCM",50000000.0,564.97,Nhà mặt tiền,4.45m,20.3m,Tây Bắc,4.0,5.0,4.0,88.50m²,,25m,street house,88500.27435085048,10.816731423429983,106.71468875374686,4.431129841645282,,,,,
7D407A,"162A Nguyễn Gia Trí, P.25, Q.Bình Thạnh, TP.HCM",50000000.0,564.97,Nhà mặt tiền,4.45m,20.3m,Tây Bắc,4.0,5.0,4.0,88.50m²,,25m,street house,88500.27435085048,10.806177151309974,106.70415567282735,2.9726935392046983,,,,,
5YEWY7,"Đường 3 Tháng 2, P.12, Q.10, TP.HCM",29500000.0,521.2,Nhà mặt tiền,3.97m,14.11m,Đông Nam,3.0,1.0,3.0,56.60m²,164.90m²,12m,street house,56600.153491941666,10.784897806732467,106.70555287166134,0.9105340093362783,,,,,
5YEH37,"Bạch Đằng, P.2, Q.Tân Bình, TP.HCM",19500000.0,226.74,Nhà mặt tiền,4.15m,20m,Đông Nam,1.0,1.0,1.0,86m²,,30m,street house,86001.58772161948,10.792804232705166,106.65596024652629,4.925361382998666,,,,,
1371X6,"Tân Thọ, P.8, Q.Tân Bình, TP.HCM",20900000.0,360.34,Nhà mặt tiền,3.9m,16.14m,,3.0,3.0,2.0,58m²,139.50m²,5m,street house,58000.777043902985,10.797412828787,106.65044913538854,5.659326088454662,,,,,
3SDZKQ,"328 Độc Lập, P.Tân Quý, Q.Tân Phú, TP.HCM",12200000.0,157.41,Nhà mặt tiền,3.8m,20.2m,Tây Bắc,6.0,6.0,3.0,77.50m²,,16m,street house,77504.6058064926,10.795569373923515,106.63091402571125,7.651159712337248,,,,,
R9ZAUJ,"Lạc Long Quân, P.8, Q.Tân Bình, TP.HCM",14800000.0,256.05,Nhà mặt tiền,3.3m,18.7m,Tây Bắc,5.0,4.0,6.0,57.80m²,307.90m²,7m,street house,57801.21070103495,10.799845996702558,106.6662981501675,4.211490852235663,,,,,
YYNWD6,"155 Trần Hưng Đạo, P.11, Q.5, TP.HCM",8500000.0,51.51,Nhà mặt tiền,3.1m,20m,Bắc,1.0,1.0,1.0,165m²,,,street house,165016.501650165,10.757449888023471,106.6546626658999,5.445058457481659,,,,,
SSGC5Y,"44 Trương Hoàng Thanh, P.12, Q.Tân Bình, TP.HCM",14600000.0,283.17,Nhà mặt tiền,5m,14m,Đông Nam,4.0,3.0,3.0,70.50m²,169.50m²,6m,street house,51559.1340890631,10.78654151023883,106.66553621317999,3.7383512188326575,,,,,
75K8A8,"32 số 8, P.Bình Hưng Hòa, Q.Bình Tân, TP.HCM",9500000.0,93.22,Nhà mặt tiền,5.26m,23.61m,Đông,3.0,4.0,3.0,101.90m²,148.26m²,4.2m,street house,101909.46148895087,10.76168816819516,106.60598569487334,10.37115591357119,,,,,
S3945Y,"Hoàng Hoa Thám, P.13, Q.Tân Bình, TP.HCM",28300000.0,241.88,Nhà mặt tiền,4m,32.9m,Đông,6.0,6.0,4.0,117m²,259.40m²,11m,street house,117000.16537125848,10.797052881974302,106.64027982840815,6.702885461965496,,,,,
0WPU9N,"300A Bàu Cát, P.11, Q.Tân Bình, TP.HCM",19500000.0,232.41,Nhà mặt tiền,3.9m,22m,Tây Nam,5.0,6.0,7.0,83.90m²,360.40m²,16m,street house,83903.44649541758,10.80422775721065,106.64195053366359,6.802563939897579,,,,,
AUQBYX,"Nguyễn Sỹ Sách, P.15, Q.Tân Bình, TP.HCM",13800000.0,229.23,Nhà mặt tiền,4.5m,13.5m,Tây Bắc,4.0,4.0,4.0,60.20m²,207.20m²,8m,street house,60201.54430048423,10.791861595998183,106.66226899687219,4.236300473746159,,,,,
AU3CYX,"20B - 22B đường số 14, P.An Lạc A, Q.Bình Tân, TP.HCM",16500000.0,154.63,Nhà mặt tiền,8m,13.8m,Tây,5.0,5.0,3.0,106.70m²,295.66m²,8.5m,street house,106706.33124232038,10.770575821469485,106.60833851277154,9.970838509570386,,,,,
AU96YX,"Nguyễn Ngọc Nhựt, P.Tân Quý, Q.Tân Phú, TP.HCM",7200000.0,153.51,Nhà mặt tiền,3.2m,12.65m,Tây,2.0,2.0,2.0,46.90m²,64.80m²,8m,street house,46902.48192300176,10.796335610282263,106.63645039743224,7.0844205438442085,,,,,
RE65JQ,"164 Đô Đốc Lộc, P.Tân Quý, Q.Tân Phú, TP.HCM",7150000.0,76.96,Nhà mặt tiền,3.6m,23.6m,Tây,3.0,2.0,2.0,92.90m²,135.40m²,8m,street house,92905.40540540541,10.777482614504407,106.61806713448236,8.858213232045472,,,,,
JCF60D,"63 Cao Xuân Dục, P.Xóm Củi, Q.8, TP.HCM",13800000.0,227.94,Nhà mặt tiền,4.41m,15.04m,Tây Bắc,4.0,4.0,5.0,68.40m²,181.20m²,12m,street house,60542.24795998947,10.730735701862267,106.6393477031555,8.487987754773313,,,,,
3ZKWQ3,"50 đường Tân Thọ, P.08, Q.Tân Bình, TP.HCM",19800000.0,373.1,Nhà mặt tiền,3.6m,16.25m,Nam,3.0,3.0,3.0,58m²,139.50m²,8m,street house,53068.88233717502,10.79186380822921,106.66145186653705,4.321274768835207,,,,,
CUWPBC,"462 Âu Cơ, P.10, Q.Tân Bình, TP.HCM",20500000.0,158.66,Nhà mặt tiền,4.25m,25.88m,Đông Nam,3.0,2.0,2.0,129.20m²,135.23m²,15m,street house,129207.10954241775,10.804827724822566,106.6639401751143,4.732679306289367,,,,,
74259A,"30 đường số 2, P.Hiệp Bình Chánh, TP.Thủ Đức, TP.HCM",17900000.0,149.16,Nhà mặt tiền,8m,15m,Tây Bắc,4.0,3.0,3.0,120m²,350m²,10m,street house,120005.36336819523,10.837420002668448,106.75897659381685,9.144507657189244,,,,,
74PWQA,"246 Liên Khu 5-6, P.Bình Hưng Hoà B, Q.Bình Tân, TP.HCM",7500000.0,108.69,Nhà mặt tiền,4.2m,16.5m,Bắc,6.0,5.0,5.0,69m²,69m²,6m,street house,69003.58818658571,10.768600159653962,106.61220941677581,9.575599527844554,,,,,
AFJ55Y,"7 đường số 35, P.Hiệp Bình Chánh, TP.Thủ Đức, TP.HCM",9600000.0,129.72,Nhà mặt tiền,4.3m,17m,Tây Bắc,5.0,3.0,4.0,74m²,190m²,5m,street house,74005.55041628123,10.8476759316727,106.74465605068019,9.016190845360995,,,,,
AFCAEY,"Bờ bảo tân thắng, P.Tân Sơn Nhì, Q.Tân Phú, TP.HCM",5850000.0,182.81,Nhà mặt tiền,4m,9m,Bắc,4.0,3.0,3.0,32m²,,4m,street house,32000.437612822054,10.805286521487886,106.61649881392403,9.456188898645808,,,,,
RNGK4J,"33 đường Ấp Chánh 13, Xã Tân Xuân, H.Hóc Môn, TP.HCM",3550000.0,82.94,Nhà mặt tiền,3.28m,12.21m,Đông Nam,3.0,2.0,2.0,42.80m²,85.60m²,6m,street house,42802.02556064625,10.886649831398914,106.58532860013433,17.155315166758598,,,,,
AFHN5Y,"61 đường 3158C Phạm Thế Hiển, P.7, Q.8, TP.HCM",7700000.0,80.2,Nhà mặt tiền,4m,24m,Tây Bắc,5.0,4.0,4.0,96m²,265.60m²,10m,street house,96009.97506234414,10.725581225975883,106.63391093142825,9.309971797908394,,,,,
C0DH4B,"78 Phùng Văn Cung, P.7, Q.Phú Nhuận, TP.HCM",5390000.0,317.05,Nhà mặt tiền,3.4m,5m,Tây Nam,2.0,3.0,4.0,17m²,70m²,,street house,17000.47311149661,10.803040959932137,106.6919931029575,2.685003621274368,,,,,
3D19NQ,"53 đường số 152 Cao Lỗ, P.4, Q.8, TP.HCM",15500000.0,220.17,Nhà mặt tiền,4m,17.58m,Bắc,6.0,5.0,4.0,70.40m²,177.20m²,8m,street house,70400.14534223556,10.714945178197818,106.62543650454276,10.781105665108665,,,,,
8YV043,"94 đường số 111 Hưng Phú, P.Hưng Phú, Q.8, TP.HCM",7800000.0,200.0,Nhà mặt tiền,2.97m,14.7m,Đông Bắc,4.0,3.0,3.0,39m²,105.90m²,,street house,39000.0,10.729892864868345,106.61660770214293,10.569966207004443,,,,,
QHV30U,"104 đường Dương Văn Dương, P.Tân Quý, Q.Tân Phú, TP.HCM",14500000.0,226.56,Nhà mặt tiền,4m,16.03m,Đông Bắc,4.0,3.0,5.0,64m²,215.70m²,10m,street house,64000.706214689264,10.80182244191214,106.61519289000647,9.487047386101684,,,,,
5BXVC7,"Thửa 698 - tờ 2 Tỉnh Lộ 43, P.Bình Chiểu, TP.Thủ Đức, TP.HCM",3550000.0,64.19,Nhà mặt tiền,4m,13.83m,Tây Nam,4.0,4.0,4.0,55.30m²,,7m,street house,55304.564573921176,10.84494991676266,106.76306622182912,10.049797845406035,,,,,
WZV0XR,"đường Gò Cẩm Đệm, P.10, Q.Tân Bình, TP.HCM",7900000.0,119.69,Nhà mặt tiền,6.15m,13.98m,Nam,3.0,4.0,3.0,66m²,13.09m²,,street house,66003.84326175955,10.805207237729153,106.66264387131004,4.872441208222585,,,,,
QDN7NU,"73 Đông Thạnh 4-2, Xã Đông Thạnh, H.Hóc Môn, TP.HCM",4750000.0,49.01,Nhà mặt tiền,4.01m,24.66m,Tây,3.0,3.0,2.0,96.90m²,130.90m²,6m,street house,96918.99612324015,10.896984211854116,106.60433831663285,16.591140173912336,,,,,
5CFDS7,"555 Đỗ Xuân Hợp, P.Phước Long B, TP.Thủ Đức, TP.HCM",9550000.0,309.22,Nhà mặt tiền,4m,17.15m,Tây Nam,1.0,2.0,2.0,30.90m²,,15m,street house,30884.160144880665,10.846602178505137,106.75984450108886,9.94263393360372,,,,,
KR08NC,"466 Đ.Phú Thọ Hòa, P.Phú Thọ Hòa, Q.Tân Phú, TP.HCM",3800000.0,152.0,Nhà mặt tiền,3m,8.2m,Nam,2.0,2.0,2.0,25m²,,,street house,25000.0,10.793728484472382,106.6216595817446,8.600842955801072,,,,,
RZG4WJ,"Thửa 580 - tờ 63 Đông Thạnh 2-8, Xã Đông Thạnh, H.Hóc Môn, TP.HCM",2600000.0,38.51,Nhà mặt tiền,4.5m,15m,Bắc,3.0,2.0,2.0,67.50m²,,10m,street house,67514.93118670475,10.873321478887997,106.60799301418467,14.357755254047298,,,,,
4948HF,"đường số 152A Cao Lỗ, P.4, Q.8, TP.HCM",13500000.0,168.75,Nhà mặt tiền,4m,20.07m,Tây Nam,5.0,4.0,4.0,80m²,205.30m²,10m,street house,80000.0,10.71056343083302,106.62776642287116,10.926233720566348,,,,,
656W98,"đường số 84 Cao Lỗ, P.4, Q.8, TP.HCM",16500000.0,208.86,Nhà mặt tiền,4m,19.75m,Tây Bắc,4.0,5.0,4.0,79m²,203.40m²,10m,street house,79000.2872737719,10.710263650771303,106.62516390479826,11.153935167969525,,,,,
SH3P05,"Lạc Long Quân, P.10, Q.Tân Bình, TP.HCM",4099999.999999999,136.66,Nhà mặt tiền,3m,10m,Bắc,3.0,2.0,2.0,30m²,60m²,3m,street house,30001.463486023702,10.814274595754943,106.64629516147818,6.91462101347981,,,,,
3A9Z7Q,"94 Lê Cao Lãng, P.Phú Thạnh, Q.Tân Phú, TP.HCM",6750000.0,152.02,Nhà mặt tiền,4.2m,10.36m,Tây Nam,2.0,2.0,2.0,44.40m²,89.80m²,10m,street house,44402.05236153137,10.799917688370792,106.63882515961346,6.9504547033502115,,,,,
YE0EMD,"23A đường số 17, P.Hiệp Bình Phước, TP.Thủ Đức, TP.HCM",10200000.0,89.18,Nhà mặt tiền,3.7m,28.15m,Bắc,2.0,2.0,3.0,114.37m²,140.80m²,8m,street house,114375.42049786946,10.860011411741285,106.74899509113902,10.421420766668499,,,,,
9N6QKP,"271 Hoàng Hoa Thám, P.13, Q.Tân Bình, TP.HCM",16900000.0,292.38,Nhà mặt tiền,3.8m,15.8m,Đông,1.0,1.0,2.0,57.80m²,55.10m²,20m,street house,57801.49121006909,10.80137915433399,106.64730591724958,6.140176212692514,,,,,
0TVDE9,"521 Huỳnh Văn Bánh, P.13, Q.Phú Nhuận, TP.HCM",11500000.0,397.92,Nhà mặt tiền,3.5m,8.25m,Đông Bắc,3.0,4.0,4.0,28.90m²,,16m,street house,28900.281463610776,10.812853239013183,106.67199179942858,4.703365499052409,,,,,
9TJ5TP,"Lô C, chung cư Bưu Điện Hẻm 354 Lý thường kiệt, P.14, Q.10, TP.HCM",5200000.0,61.17,Nhà mặt tiền,9m,9.5m,Đông Bắc,2.0,1.0,8.0,85m²,,,street house,85008.99133562203,10.778838085060249,106.69755267964834,0.19236809393401472,,,,,
37WNAQ,"34 đường số 16, P.Linh Đông, TP.Thủ Đức, TP.HCM",2450000.0,100.82,Nhà mặt tiền,5m,4.85m,Đông Bắc,1.0,1.0,2.0,24.30m²,38m²,6.5m,street house,24300.733981352907,10.846859026631968,106.76451881021096,10.311988084012599,,,,,
40X8MF,"337 Tân kỳ tân quý, P.Phú Thọ Hòa, Q.Tân Phú, TP.HCM",10900000.0,209.61,Nhà mặt tiền,4.2m,12m,,4.0,4.0,4.0,52m²,52m²,8m,street house,52001.335814131,10.78215763456383,106.6147725127189,9.218544116178682,,,,,
RGT4CJ,"2A Lê Thị Hoa, Xã Phước Vĩnh An, H.Củ Chi, TP.HCM",5300000.0,13.26,Nhà mặt tiền,10m,40.15m,Tây Nam,11.0,11.0,1.0,399.60m²,,6m,street house,399698.34087481146,11.011015140913697,106.51055854506592,32.844268453967246,,,,,
40913F,"201 Nguyễn Thái Sơn, P.7, Q.Gò Vấp, TP.HCM",6800000.0,136.0,Nhà mặt tiền,5m,10m,Tây Nam,6.0,3.0,4.0,50m²,,5m,street house,50000.0,10.82848406793801,106.67792542621176,5.860288454222906,,,,,
6S3N08,"18A Trần Thị Lan, Xã Tân Thạnh Tây, H.Củ Chi, TP.HCM",4500000.0,19.81,Nhà mặt tiền,5m,45.71m,Nam,11.0,11.0,1.0,227.10m²,,6m,street house,227158.00100959113,11.01525172449946,106.50361445486323,33.68668332632188,,,,,
UAQ2PS,"80 đường số 6, P.Linh Trung, TP.Thủ Đức, TP.HCM",10500000.0,109.83,Nhà mặt tiền,4.23m,22.62m,Tây Bắc,2.0,1.0,1.0,95.60m²,68.60m²,,street house,95602.29445506692,10.86043076564744,106.74106569669682,10.035309040729624,,,,,
6UMPJ8,"24 Lưu Chí Hiếu, P.Tây Thạnh, Q.Tân Phú, TP.HCM",10800000.0,183.05,Nhà mặt tiền,4.05m,19.5m,Đông Bắc,1.0,1.0,2.0,59m²,,9m,street house,59000.27314941272,10.78875826130085,106.62660810597365,7.982243550333312,,,,,
AKUARY,"95A Đường Bình Long, P.Bình Hưng Hoà A, Q.Bình Tân, TP.HCM",13500000.0,159.19,Nhà mặt tiền,4.93m,29.35m,Đông,1.0,1.0,1.0,84.80m²,22.40m²,,street house,84804.32187951505,10.769845190280826,106.61774271804696,8.9578741486397,,,,,
YCXBRD,"44 Nguyễn Hồng Đào, P.14, Q.Tân Bình, TP.HCM",16500000.0,232.06,Nhà mặt tiền,3.7m,19.6m,Đông Nam,6.0,6.0,4.0,71.10m²,220.50m²,8m,street house,71102.30112901835,10.807169180600411,106.66023173825182,5.213168792750673,,,,,
DBN80H,"114 Thoại Ngọc Hầu, P.Phú Thọ Hòa, Q.Tân Phú, TP.HCM",6600000.0,101.07,Nhà mặt tiền,4m,17.3m,Nam,1.0,1.0,2.0,65.30m²,90m²,,street house,65301.27634312853,10.783354104656741,106.6304338511578,7.512332864828068,,,,,
DBPQNH,"227A Lã Xuân Oai, P.Tăng Nhơn Phú A, TP.Thủ Đức, TP.HCM",9800000.0,72.86,Nhà mặt tiền,1.36m,31m,Tây Nam,3.0,3.0,1.0,134.50m²,134m²,10m,street house,134504.5292341477,10.856884107871446,106.73936911279154,9.601618424436928,,,,,
6UCQ28,"Nguyễn Văn Công, P.3, Q.Gò Vấp, TP.HCM",15600000.0,250.8,Nhà mặt tiền,4.31m,19.16m,Tây Bắc,9.0,9.0,5.0,62.20m²,247.60m²,7m,street house,62200.95693779904,10.838383029920019,106.66926767264735,7.252900582116963,,,,,
6U7ED8,"180A Nguyễn Hồng Đào, P.14, Q.Tân Bình, TP.HCM",21800000.0,196.39,Nhà mặt tiền,6.9m,17.25m,Đông,14.0,14.0,5.0,111m²,568.40m²,6m,street house,111003.61525535924,10.815452529926045,106.66037691319231,5.782076670150275,,,,,
PTNSEG,"55B đường số 40, P.12, Q.Gò Vấp, TP.HCM",9600000.0,146.78,Nhà mặt tiền,4.2m,18.65m,Đông Nam,6.0,7.0,5.0,65.40m²,232.50m²,6.4m,street house,65404.00599536722,10.822843393362716,106.68207222909267,5.111058937954391,,,,,
W99T7R,"28 Lô G Tạ Mỹ Duật, P.An Lạc A, Q.Bình Tân, TP.HCM",7000000.0,89.62,Nhà mặt tiền,4m,20m,Đông Nam,2.0,2.0,2.0,78.10m²,89.70m²,6m,street house,78107.56527560813,10.750803130245663,106.60407334028253,10.86900600197036,,,,,
JGPHR0,"Ấp Chiến Lược, P.Bình Hưng Hoà A, Q.Bình Tân, TP.HCM",9800000.0,66.66,Nhà mặt tiền,4.01m,25m,Tây Bắc,2.0,1.0,1.0,147m²,50.80m²,10m,street house,147014.70147014703,10.75789071090912,106.60034847061178,11.061137434677345,,,,,
JP4W10,"307–307A Bùi Hữu Nghĩa, P.1, Q.Bình Thạnh, TP.HCM",81000000.0,383.7,Nhà mặt tiền,6m,37m,Đông,6.0,6.0,8.0,211.10m²,1129.90m²,22m,street house,211102.4237685692,10.821897964486023,106.71214285850856,4.87405158907447,,,,,
13ZH96,"26 Lê Cảnh Tuân, P.Phú Thọ Hòa, Q.Tân Phú, TP.HCM",5500000.0,107.84,Nhà mặt tiền,5.42m,8.06m,Tây Bắc,3.0,1.0,2.0,51m²,62.90m²,5m,street house,51001.48367952522,10.793525414649766,106.62759467191042,7.958804640821188,,,,,
C47W0B,"Hoàng Xuân Nhị, P.Phú Trung, Q.Tân Phú, TP.HCM",12500000.0,147.75,Nhà mặt tiền,5m,21m,Đông Nam,4.0,3.0,4.0,84.60m²,258.70m²,4m,street house,84602.36886632825,10.789200204321908,106.6169474764695,9.037042562514213,,,,,
92EA1P,"83 Tân Thới Hiệp 09, P.Tân Thới Hiệp, Q.12, TP.HCM",8600000.0,113.3,Nhà mặt tiền,4m,19.13m,Bắc,6.0,7.0,4.0,75.90m²,212.10m²,8m,street house,75904.67784642542,10.765539595584459,106.71113045089659,2.0579041240424445,,,,,
4R764F,"46B Phan Tây Hồ, P.7, Q.Phú Nhuận, TP.HCM",7900000.0,288.32,Nhà mặt tiền,3.24m,9.57m,Bắc,3.0,4.0,5.0,27.40m²,84.70m²,4.75m,street house,27400.110987791344,10.798681818408058,106.68104538473308,2.869989646451471,,,,,
R9S3RJ,"189/10 Hoàng Hoa Thám, P.7, Q.Bình Thạnh, TP.HCM",17000000.0,178.57,Nhà mặt tiền,5.12m,22m,Đông Nam,5.0,4.0,2.0,107.80m²,128.50m²,5.5m,street house,95200.76160609286,10.806004212888674,106.71804090599402,3.56856358004374,,,,,
SAP9X5,"34 Đ. Trần Quý Cáp, P.11, Q.Bình Thạnh, TP.HCM",23500000.0,2.5,Nhà mặt tiền,4.5m,20.46m,Đông Nam,3.0,6.0,4.0,94.10m²,,8m,street house,9400000.0,10.824053204688004,106.70967031014236,5.033063147468252,,,,,
KEZWQC,"80 đường số 3, P.Linh Xuân, TP.Thủ Đức, TP.HCM",9200000.0,50.13,Nhà mặt tiền,8.08m,23.15m,Đông Nam,9.0,9.0,3.0,183.50m²,,4.21m,street house,183522.84061440255,10.848046713426287,106.7448356769063,9.061222558225124,,,,,
JPV750,"Trần Hữu Trang, P.11, Q.Phú Nhuận, TP.HCM",16900000.0,244.21,Nhà mặt tiền,6.21m,12.35m,Nam,5.0,4.0,5.0,69.20m²,205.10m²,4.25m,street house,69202.73535072274,10.809439812351332,106.66852370875954,4.678555180705466,,,,,
YKBYND,"Nguyễn Văn Công, P.3, Q.Gò Vấp, TP.HCM",10500000.0,242.83,Nhà mặt tiền,4.1m,14.16m,,2.0,3.0,2.0,43.24m²,83.75m²,8m,street house,43240.126837705386,10.837588760413375,106.66691434910781,7.29484303748226,,,,,
7DD1GA,"24 Nguyễn Văn Lượng, P.6, Q.Gò Vấp, TP.HCM",11300000.0,244.58,Nhà mặt tiền,4.2m,11m,Đông Nam,3.0,3.0,4.0,46.20m²,114.80m²,7.5m,street house,46201.6518112683,10.827007787740849,106.68658065795513,5.397923331124435,,,,,
88U03A,"M2 đường Cư Xá Phú Lâm A, P.12, Q.6, TP.HCM",14000000.0,183.42,Nhà mặt tiền,4m,19.92m,Đông Nam,2.0,1.0,2.0,79.60m²,98.40m²,8m,street house,76327.5542470832,10.735666089078647,106.62248518982807,9.69045291317556,,,,,
DYYCHF,"188/1G Tân Hiệp 6, Xã Tân Hiệp, H.Hóc Môn, TP.HCM",6500000.0,89.04,Nhà mặt tiền,3.33m,20.16m,Đông Nam,5.0,6.0,5.0,73m²,232.40m²,8m,street house,73000.89847259659,10.892747574371235,106.5868416118985,17.510459249524317,,,,,
G9EX2N,"348B Huỳnh Văn Bánh, P.13, Q.Phú Nhuận, TP.HCM",20900000.0,334.4,Nhà mặt tiền,3.6m,15.2m,Nam,5.0,6.0,4.0,62.50m²,245.60m²,16m,street house,62500.00000000001,10.811843197439549,106.67785068706603,4.235372833622684,,,,,
PRDTGA,"14P-14Q Quốc Hương, P.Thảo Điền, TP.Thủ Đức, TP.HCM",130000000.0,718.23,Nhà mặt tiền,12.48m,15m,Tây Nam,1.0,3.0,5.0,181m²,399.30m²,12m,street house,181000.51515531237,10.863922073622291,106.76016930319494,11.459345023542555,,,,,
2J0HZN,"137 Tô Ngọc Vân, P.Linh Tây, TP.Thủ Đức, TP.HCM",55000000.0,412.6,Nhà mặt tiền,16m,9m,Đông Bắc,1.0,1.0,2.0,133.30m²,149.20m²,12m,street house,133301.01793504605,10.840512137355999,106.75186913605211,8.860742381958326,,,,,
EDDX4W,"Lê Văn Sỹ, P.1, Q.Tân Bình, TP.HCM",41000000.0,749.54,Nhà mặt tiền,3.73m,19.9m,Đông Bắc,6.0,6.0,5.0,54.70m²,188.20m²,5m,street house,54700.216132561305,10.803695292802427,106.65377204114125,5.611686746717528,,,,,
94MRPM,"131 đường số 43-CL, P.Cát Lái, TP.Thủ Đức, TP.HCM",20000000.0,0.12,Nhà mặt tiền,10m,17m,Tây Nam,5.0,6.0,5.0,159m²,306.90m²,8m,street house,166666666.6666667,10.844654923484878,106.75766082225479,9.622861023723129,,,,,
821T3A,"153A Đường Phan Đăng Lưu, P.1, Q.Phú Nhuận, TP.HCM",23000000.0,349.54,Nhà mặt tiền,5m,12m,Bắc,1.0,3.0,4.0,65.80m²,204.70m²,20m,street house,65800.76672197746,10.78647190614321,106.67839252469726,2.3749510756639673,,,,,
KT8FCJ,"đường số 19, P.Bình Hưng Hoà A, Q.Bình Tân, TP.HCM",7500000.0,109.97,Nhà mặt tiền,4m,17m,Đông Bắc,2.0,2.0,2.0,68.20m²,53.43m²,10m,street house,68200.41829589888,10.77634119756363,106.610719795562,9.665644891343275,,,,,
SE8C5Y,"385 Lê Văn Thọ, P.9, Q.Gò Vấp, TP.HCM",12900000.0,344.91,Nhà mặt tiền,4m,20m,Đông,2.0,3.0,2.0,37.40m²,51.50m²,8m,street house,37401.06114638601,10.823051291391067,106.68193358782973,5.1379921693041,,,,,
EG8S74,"6C ấp Đình, đường số 74, Xã Tân Phú Trung, H.Củ Chi, TP.HCM",2790000.0,20.16,Nhà mặt tiền,6.5m,21.44m,Tây Nam,2.0,1.0,1.0,138.80m²,,6m,street house,138392.85714285713,10.782015114778869,106.61686531805887,8.989310173719511,,,,,
7DTB4A,"Đường Võ Thành Trang, P.11, Q.Tân Bình, TP.HCM",15300000.0,131.81,Nhà mặt tiền,3.9m,32.8m,Đông Nam,3.0,4.0,3.0,116.07m²,281.33m²,6m,street house,116076.1702450497,10.810002837908657,106.64128397463757,7.145055131811346,,,,,
3SR1YQ,"26 Đông Lân 3 - Hưng Lân, Xã Bà Điểm, H.Hóc Môn, TP.HCM",5000000.0,46.77,Nhà mặt tiền,5m,21.13m,Nam,2.0,2.0,2.0,106.90m²,77.20m²,4m,street house,106906.13641223006,10.893031098430486,106.60407708621047,16.27001906369497,,,,,
W0GTUR,"Phan Văn Trị – 183A Nguyễn Du, P.7 (Phường Hạnh Thông mới), Q.Gò Vấp, TP.HCM",15000000.0,235.84,Nhà mặt tiền,3.25m,30m,Đông Bắc,1.0,2.0,2.0,63.60m²,96.20m²,30m,street house,63602.44233378561,10.841821475669203,106.67655820633648,7.288747355663188,,,,,
JMEB0D,"10 LÔ I Cư Xá Phú Lâm D, P.10, Q.6, TP.HCM",12400000.0,178.41,Nhà mặt tiền,4m,17.3m,Đông Nam,2.0,2.0,2.0,69.50m²,84.80m²,4m,street house,69502.83055882518,10.73698261545285,106.64742323428234,7.367063583199279,,,,,
PVBZ0G,"149 đường số 1B - KDC Vĩnh Lộc, P.Bình Hưng Hoà A, Q.Bình Tân, TP.HCM",21500000.0,121.12,Nhà mặt tiền,7.07m,19m,Đông Nam,10.0,6.0,4.0,177.50m²,423.50m²,6m,street house,177509.90752972258,10.761896943979417,106.59745664237134,11.28380756159047,,,,,
0XTQB9,"Lô N Cư Xá Phú Lâm D, P.10, Q.6, TP.HCM",16800000.0,172.66,Nhà mặt tiền,4.02m,25.37m,Đông Nam,4.0,3.0,5.0,97.30m²,327.67m²,5m,street house,97301.05409475269,10.741724946961705,106.62724805698629,8.90844498844263,,,,,
0NNFZ9,"16 đường số 9 (Phượng Vỹ), P.Bình Chiểu, TP.Thủ Đức, TP.HCM",4600000.0,52.27,Nhà mặt tiền,6.5m,13.5m,Đông Nam,2.0,1.0,1.0,88m²,,6m,street house,88004.59154390663,10.838825532227638,106.75589535252342,9.017971220361936,,,,,
ABG9EY,"K13 đường D1, Khu dân cư Phú Mỹ, P.Phú Mỹ, Q.7, TP.HCM",15500000.0,140.9,Nhà mặt tiền,5m,22m,Nam,3.0,4.0,4.0,110m²,296.32m²,,street house,110007.09723207948,10.727839254280564,106.73985036739505,7.27678545143817,,,,,
JGBRQ0,"Đường Xô Viết Nghệ Tĩnh, P.26, Q.Bình Thạnh, TP.HCM",5550000.0,113.49,Nhà mặt tiền,3.7m,11.65m,Đông Nam,2.0,2.0,2.0,48.90m²,,,street house,48902.98704731694,10.81529610696344,106.72295818810703,4.719965789393603,,,,,
CFGVWB,"Tân Phú, khu Nam Thông 3 - S14, P.Tân Phú, Q.7, TP.HCM",38000000.0,351.85,Nhà mặt tiền,6m,18m,Đông Bắc,10.0,11.0,5.0,108m²,384.60m²,25m,street house,108000.56842404434,10.727400445652135,106.73631539244448,7.085794909972215,,,,,
3SBM4Q,"235/13 Đường Thích Quảng Đức, P.4, Q.Phú Nhuận, TP.HCM",14900000.0,201.35,Nhà mặt tiền,3.98m,19.4m,Tây Bắc,9.0,4.0,5.0,74m²,287.30m²,5.02m,street house,74000.4966476285,10.80164508309965,106.6832422364944,2.971064503200733,,,,,
JPTNV0,"160/34/13 Đường Phan Huy Ích, P.12, Q.Gò Vấp, TP.HCM",5950000.0,193.81,Nhà mặt tiền,4.45m,8.9m,Tây,3.0,3.0,4.0,30.70m²,100.10m²,4m,street house,30700.170269851915,10.834710773060992,106.68191308191602,6.357283569612323,,,,,
5EJ9B7,"Chung cư Nhiêu Lộc B, Khuông Việt, P.Phú Trung, Q.Tân Phú, TP.HCM",2490000.0,50.81,Nhà mặt tiền,3.5m,14m,Nam,3.0,1.0,4.0,49m²,85m²,8m,street house,49006.10116118874,10.795013061360336,106.63695387490782,6.994593396923557,,,,,
8YMDU3,"1G Cư Xá Phú Thọ Hòa - Lạc Long Quân, P.5, Q.11, TP.HCM",10400000.0,167.74,Nhà mặt tiền,4m,15.5m,Tây Nam,3.0,3.0,3.0,62m²,137.50m²,11m,street house,62000.71539286991,10.787219727812287,106.68885597964623,1.38344330496383,,,,,
WZY0WR,"15 đường số 2, KDC Hương Lộ 5, P.An Lạc, Q.Bình Tân, TP.HCM",9500000.0,121.63,Nhà mặt tiền,6m,13.38m,Tây Bắc,4.0,3.0,4.0,78.10m²,202.57m²,,street house,78105.73049412153,10.76918186962634,106.60495591025608,10.35527758377323,,,,,
SY3PF5,"39-41 Đường Quốc Lộ 13 cũ, P.Hiệp Bình Phước, TP.Thủ Đức, TP.HCM",70000000.0,109.75,Nhà mặt tiền,13.74m,52.3m,Đông Bắc,3.0,3.0,3.0,637.80m²,837.55m²,10m,street house,637813.2118451025,10.841883688389359,106.7433263244233,8.405342914421862,,,,,
Q7FB9U,"163 ( số cũ 15B ) Đường Lê Văn Chí, P.Linh Trung, TP.Thủ Đức, TP.HCM",14000000.0,95.91,Nhà mặt tiền,3.96m,42.87m,Đông Nam,1.0,1.0,1.0,145.96m²,,15m,street house,145970.18037743718,10.845977865350504,106.74321546986124,8.772614168475352,,,,,
PT685G,"Thửa 557 tờ 36, 155A Khu phố 3, P.An Phú Đông, Q.12, TP.HCM",9800000.0,51.76,Nhà mặt tiền,5.46m,24.91m,Bắc,4.0,4.0,1.0,189.30m²,,,street house,189335.3941267388,10.785387118688888,106.70564593113575,0.9528112862103046,,,,,
SAQ4A5,"3 đường số 4, Khu phố 4, P.Tam Phú, TP.Thủ Đức, TP.HCM",13500000.0,132.61,Nhà mặt tiền,4m,29.16m,Đông Nam,6.0,4.0,1.0,101.80m²,101.80m²,8m,street house,101802.27735464896,10.85316088174678,106.74034985798194,9.289466490564115,,,,,
923ZMP,"đường 32C Cư Xá Phú Lâm D, P.10, Q.6, TP.HCM",11500000.0,165.94,Nhà mặt tiền,3.85m,17.9m,Tây Bắc,5.0,6.0,4.0,69.30m²,211.20m²,10m,street house,69302.15740629143,10.753140233290434,106.62748675076118,8.361316311227709,,,,,
671CH8,"Khu dân cư Tân Thuận, đường Gò Ô Môi, P.Phú Thuận, Q.7, TP.HCM",18900000.0,236.25,Nhà mặt tiền,4m,20m,Tây,4.0,5.0,5.0,80m²,244.80m²,12m,street house,80000.0,10.729104958009172,106.73051527484014,6.5792698607315465,,,,,
UAR0WS,"đường Huỳnh Thị Đừng ( đường cũ số 720 ), Xã Trung Lập Thượng, H.Củ Chi, TP.HCM",2300000.0,10.68,Nhà mặt tiền,8.4m,33.17m,Đông Bắc,2.0,1.0,1.0,215.30m²,,8m,street house,215355.8052434457,11.003693025553206,106.51290581311436,32.054191268749214,,,,,
DB0DUH,"389/30E Tỉnh lộ 10, khu phố 7, P.An Lạc A, Q.Bình Tân, TP.HCM",8800000.0,112.38,Nhà mặt tiền,5.12m,15.29m,Đông,6.0,6.0,5.0,78.30m²,205.50m²,10m,street house,78305.74835379962,10.773721924995195,106.61767972252093,8.922218587787729,,,,,
SDDQ25,"23 đường 52, Khu nhà ở Công ty Đông Nam, P.Hiệp Bình Phước, TP.Thủ Đức, TP.HCM",37000000.0,229.95,Nhà mặt tiền,7m,22.98m,Đông Bắc,4.0,4.0,6.0,160.90m²,577.80m²,13m,street house,160904.54446618832,10.837114279645107,106.75203992626987,8.591930336389083,,,,,
CF3G6B,"Một phần nhà số 67 Đường Liên khu 2-10, P.Bình Hưng Hoà A, Q.Bình Tân, TP.HCM",5500000.0,64.4,Nhà mặt tiền,4m,21.23m,Tây Bắc,1.0,1.0,2.0,85.40m²,,,street house,85403.72670807452,10.755387763244242,106.60862904238483,10.248817482275912,,,,,
ACEE4Y,"Đ7 Khu Biệt Thự Sài Gòn Pearl - Số 92 Đường Nguyễn Hữu Cảnh, P.22, Q.Bình Thạnh, TP.HCM",300000000.0,840.33,Nhà mặt tiền,17m,21m,Tây Nam,3.0,5.0,5.0,357m²,,,street house,357002.6061190246,10.799810273327925,106.7208823571065,3.258680389538968,,,,,
YCHESD,"36 đường số 2C, Khu dân cư Phú Mỹ - Công ty Dịch vụ Công ích Quận 4, P.Phú Mỹ, Q.7, TP.HCM",28600000.0,215.03,Nhà mặt tiền,7m,19m,Đông Nam,24.0,24.0,4.0,133m²,501.20m²,6m,street house,133004.6970190206,10.74640927664899,106.70949828002142,3.865324593936442,,,,,
1GC26T,"Nguyễn Văn Hưởng, Thảo Điền, TP.Thủ Đức, TP.HCM",115000000.0,176.65,Nhà mặt tiền,20m,33m,Tây Nam,5.0,5.0,3.0,651m²,200m²,15m,street house,651004.8117746958,10.853695728780032,106.76766097583139,11.09815166803185,,,,,
K54JCJ,"Huỳnh Tấn Phát, P.Tân Thuận Tây, Q.7, TP.HCM",27000000.0,135.0,Nhà mặt tiền,4.3m,45m,,5.0,4.0,2.0,168m²,169.70m²,15m,street house,200000.0,10.720800982407837,106.73125970654503,7.415966639603714,,,,,
SMWF5Y,"98 Lâm Văn Bền, Tân Kiểng, Q.7, TP.HCM",80000000.0,366.3,Nhà mặt tiền,7.8m,28m,Đông,8.0,12.0,9.0,218.40m²,1267.30m²,15m,street house,218400.2184002184,10.722713883638976,106.73844451868685,7.6445304792775115,,,,,
CSERBC,"226 Nguyễn Sơn, P.Phú Thọ Hòa, Q.Tân Phú, TP.HCM",19000000.0,201.48,Nhà mặt tiền,3.78m,24.75m,Tây Nam,6.0,7.0,6.0,94.30m²,492.70m²,14m,street house,94302.1639864999,10.785682736371442,106.61170869727425,9.572089935235226,,,,,
64748Y,"Số 6, Xã Bình Hưng, H.Bình Chánh, TP.HCM",30000000.0,150.0,Nhà mặt tiền,10m,20m,Nam,3.0,4.0,3.0,200m²,350m²,12m,street house,200000.0,10.682858684296132,106.60649164315417,14.744604056910934,,,,,
Y686D6,"27 Đội Cung, P.11, Q.11, TP.HCM",8800000.0,222.78,Nhà mặt tiền,4m,10m,Tây,3.0,3.0,4.0,39.50m²,90.60m²,10m,street house,39500.8528593231,10.773764091385678,106.69844283894378,0.6690593129441984,,,,,
WQMTR9,"Nội khu dân cư hưng thái 2, P.Tân Thuận Đông, Q.7, TP.HCM",39500000.0,313.49,Nhà mặt tiền,7m,18m,Bắc,4.0,4.0,3.0,126m²,197.90m²,5m,street house,126000.82937254777,10.740239484282911,106.73477249805391,5.866741918581753,,,,,
82RB3A,"44 Trương Quốc Dung, P.10, Q.Phú Nhuận, TP.HCM",23000000.0,498.91,Nhà mặt tiền,4.1m,12.35m,Đông,2.0,3.0,3.0,46.10m²,131.50m²,8m,street house,46100.499088011864,10.809076524836993,106.69105862219355,3.355204708010082,,,,,
