id,address,total_price_millions,price_per_m2_millions,property_type,bedrooms,bathrooms,floors,area,floats
SA27D5,"60/15/16A số 2, P.Hiệp Bình Phước, TP.Thủ Đức, TP.HCM",5600000.0,76.19,alley,2.0,2.0,2.0,73500.46,
21JNPZ,"217 Võ Thị Sáu, Đông Hòa, Dĩ An, TP.HCM",6950000.0,96.52,alley,4.0,4.0,2.0,72005.8,
PV5Q5G,"222/4 Nguyễn Thái Sơn, P.4, Q.Gò Vấp, TP.HCM",7120000.0,78.65,alley,3.0,2.0,2.0,90527.65,
6Q2EG8,"Nguyễn Bình Ấp 2, Xã Phú Xuân, H.Nhà Bè, TP.HCM",3650000.0,82.95,alley,2.0,1.0,1.0,44002.41,
3DW1EQ,"77/4 Quốc lộ 1A, P.Linh Xuân, TP.Thủ Đức, TP.HCM",4900000.0,41.88,alley,3.0,2.0,2.0,117000.96,
AHNB3Y,"Nguyễn An Ninh, P.14, Q.Bình Thạnh, TP.HCM",30000000.0,145.98,alley,3.0,5.0,3.0,205507.6,
8YUNF3,"146/3 Nguyễn Văn Trỗi, P.8, Q.Phú Nhuận, TP.HCM",14600000.0,224.61,alley,1.0,1.0,1.0,65001.56,
3DWXKQ,"01 KP1, P.Thạnh Lộc, Q.12, TP.HCM",5100000.0,48.75,alley,3.0,2.0,2.0,104615.38,
QHR6DU,"33 Hẻm 164, P.Tân Chánh Hiệp, Q.12, TP.HCM",6100000.0,60.09,alley,3.0,2.0,2.0,101514.4,
UKJV4S,"330 An Bình, P.7, Q.5, TP.HCM",13200000.0,255.81,alley,3.0,4.0,5.0,51600.8,
SC03B5,"23 Hẻm 30, P.Tân Chánh Hiệp, Q.12, TP.HCM",7100000.0,50.1,alley,3.0,2.0,2.0,141716.57,
UKJTTS,"4a2 Hẻm 116, P.Hiệp Thành, Q.12, TP.HCM",7700000.0,50.35,alley,3.0,2.0,2.0,152929.49,
6A4TF8,"47/7A Huỳnh Tấn Phát, P.Tân Thuận Tây, Q.7, TP.HCM",8000000.0,74.62,alley,3.0,2.0,2.0,107209.86,
PNZCZG,"813/9 Long Phước, Long Phước, Q.9, TP.HCM",6000000.0,67.95,alley,2.0,2.0,1.0,88300.22,
8YFV73,"Hẻm 17 Lê Văn Khương, P.Hiệp Thành, Q.12, TP.HCM",4200000.0,58.33,alley,4.0,4.0,3.0,72004.11,
5B96G7,"34 Hẻm 551/195, P.Hiệp Thành, Q.12, TP.HCM",7500000.0,47.37,alley,3.0,2.0,2.0,158328.06,
26A9MZ,"880 Trường Chinh, Q.Tân Bình, TP.HCM",3500000.0,103.36,alley,3.0,2.0,2.0,33862.23,
8UECF3,"TK 11/22 đường Võ Văn Kiệt, P.Cầu Kho, Q.1, TP.HCM",6700000.0,2.61,alley,5.0,6.0,4.0,2567049.81,
6SCZ48,"182/44A Bạch Đằng, P.14, Q.Bình Thạnh, TP.HCM",3000000.0,157.89,alley,2.0,1.0,2.0,19000.57,
DC46VH,"518/21/46 Võ Văn Kiệt, P.Cầu Ông Lãnh, Q.1, TP.HCM",9000000.0,375.0,alley,2.0,3.0,3.0,24000.0,
DEPB7H,"39/11 Thạnh Lộc 40, P.Thạnh Lộc, Q.12, TP.HCM",5600000.0,101.81,alley,2.0,2.0,2.0,55004.42,
6A4MK8,"19 Lê Trọng Tấn, P.Bình Hưng Hòa, Q.Bình Tân, TP.HCM",8800000.0,60.68,alley,3.0,2.0,2.0,145023.07,
5H4DU7,"đường 26/3, P.Bình Hưng Hòa, Q.Bình Tân, TP.HCM",8490000.0,152.85,alley,4.0,5.0,4.0,55544.65,
CWWFHB,"409/40/66/12/20 Tân Chánh Hiệp 13, P.Trung Mỹ Tây, Q.12, TP.HCM",3900000.0,125.4,alley,2.0,2.0,2.0,31100.48,
DE4DDH,"373/172/5/3 Lý Thường Kiệt, P.8, Q.Tân Bình, TP.HCM",7500000.0,154.95,alley,4.0,5.0,6.0,48402.71,
SHDXR5,"3/4 Tân Thới Nhất 13B, P.Tân Thới Nhất, Q.12, TP.HCM",11800000.0,70.15,alley,3.0,3.0,3.0,168210.98,
C0JNPB,"97/35 Phạm Phú Thứ, P.2, Q.6, TP.HCM",2850000.0,80.96,alley,4.0,3.0,2.0,35202.57,
3DWEVQ,"8/24C Trương Công Định, Q.Tân Bình, TP.HCM",5740000.0,116.94,alley,3.0,2.0,2.0,49085.0,
AHWJ4Y,"633/12/2 Hồng Bàng, P.6, Q.6, TP.HCM",15000000.0,206.34,alley,6.0,2.0,5.0,72695.55,
0F1B9N,"101/50A7 Kênh Tân Hóa, P.14, Q.6, TP.HCM",10500000.0,225.32,alley,5.0,5.0,6.0,46600.39,
6A4CN8,"8/24C Trương Công Định, P.14, Q.Tân Bình, TP.HCM",5310000.0,120.46,alley,3.0,2.0,2.0,44081.02,
0XSTT9,"17C Hẻm A4, Xã Lê Minh Xuân, H.Bình Chánh, TP.HCM",3610000.0,16.36,alley,3.0,2.0,2.0,220660.15,
6A4G58,"45/16M Tổ 45 KP4, P.Tân Chánh Hiệp, Q.12, TP.HCM",4800000.0,49.94,alley,3.0,2.0,2.0,96115.34,
0XUQU9,"48 Thống Nhất, P.16, Q.Gò Vấp, TP.HCM",5750000.0,69.86,alley,4.0,4.0,3.0,82307.47,
13F1R6,"Bãi Sậy, P.1, Q.6, TP.HCM",13000000.0,92.85,alley,3.0,2.0,2.0,140010.77,
5YEBS7,"Nguyễn Văn Luông, P.11, Q.6, TP.HCM",12500000.0,89.4,alley,4.0,3.0,3.0,139821.03,
3DW41Q,"A16 Ấp Mỹ Hòa 2, Xã Xuân Thới Đông, H.Hóc Môn, TP.HCM",3900000.0,37.0,alley,3.0,2.0,2.0,105405.41,
PV75AG,"84 Phạm Hữu Lầu, P.Phú Mỹ, Q.7, TP.HCM",6100000.0,63.89,alley,3.0,2.0,2.0,95476.6,
EPVYC4,"132/153 Đoàn Văn Bơ, P.14, Q.4, TP.HCM",7800000.0,92.52,alley,2.0,1.0,2.0,84306.1,
UKJXBS,"224 Hiệp Thành 5, P.Tân Thới Hiệp, Q.12, TP.HCM",6900000.0,62.16,alley,3.0,2.0,2.0,111003.86,
4JQR7F,"B3/5, ấp 2, Xã Vĩnh Lộc A, H.Bình Chánh, TP.HCM",5300000.0,16.8,alley,2.0,2.0,1.0,315476.19,
KE0Y1C,"đường Bà Ký, P.9, Q.6, TP.HCM",9000000.0,107.89,alley,2.0,2.0,2.0,83418.3,
132Y06,"44 Số 32, P.Tân Phong, Q.7, TP.HCM",16900000.0,234.72,alley,7.0,4.0,4.0,72000.68,
CKPJBC,"115/1/82 Nguyên Hồng, P.1, Q.Gò Vấp, TP.HCM",1980000.0,154.68,alley,2.0,2.0,2.0,12800.62,
G1A7A2,"50/7 Trần Xuân Soạn, P.Tân Kiểng, Q.7, TP.HCM",6900000.0,76.32,alley,13.0,13.0,4.0,90408.81,
CF0QZB,"115/15 Lê Trọng Tấn, P.Sơn Kỳ, Q.Tân Phú, TP.HCM",6900000.0,146.49,alley,4.0,3.0,3.0,47102.19,
36VZQ3,"đường Trần Hưng Đạo, P.Cầu Kho, Q.1, TP.HCM",8500000.0,257.57,alley,5.0,5.0,3.0,33000.74,
Q5YEMU,"Hậu Giang, P.2, Q.6, TP.HCM",7500000.0,100.14,alley,5.0,6.0,2.0,74895.15,
AH8T7Y,"263/34  Xóm Chiếu, P.15, Q.4, TP.HCM",13500000.0,156.97,alley,4.0,4.0,4.0,86003.69,
EP1TM4,"73/24/22 Đô Đốc Long, P.Tân Quý, Q.Tân Phú, TP.HCM",6300000.0,75.63,alley,3.0,3.0,3.0,83300.28,
UCFD1S,"đường số 339, P.Phước Long B, TP.Thủ Đức, TP.HCM",20000000.0,97.89,alley,5.0,5.0,3.0,204310.96,
PV73UG,"724/12 Tổ 39 Khu phố 3, P.10, Q.10, TP.HCM",9300000.0,173.5,alley,3.0,2.0,2.0,53602.31,
5YMYJ7,"Trường Chinh, P.12, Q.Tân Bình, TP.HCM",8500000.0,2.07,alley,2.0,2.0,2.0,4106280.19,
17U9T6,"32/36/26G Ông Ích Khiêm, P.11, Q.11, TP.HCM",2150000.0,154.67,alley,2.0,2.0,2.0,13900.56,
J21XX0,"383/70 Quang trung, P.10, Q.Gò Vấp, TP.HCM",6900000.0,110.22,alley,3.0,2.0,2.0,62602.07,
5EYGT7,"208/56 Đoàn Văn Bơ, P.9, Q.4, TP.HCM",5300000.0,139.47,alley,4.0,3.0,3.0,38001.0,
20RAZN,"Phan Anh, P.Hiệp Tân, Q.Tân Phú, TP.HCM",6400000.0,102.89,alley,3.0,2.0,3.0,62202.35,
3SNE4Q,"135/14 Đường Bình Thới, P.11, Q.11, TP.HCM",8300000.000000001,126.33,alley,2.0,2.0,2.0,65700.94,
U7K2CS,"131/26 Kinh Dương Vương, P.12, Q.6, TP.HCM",16500000.0,93.05,alley,6.0,5.0,4.0,177324.02,
SD4MC5,"Thới An 13, P.Thới An, Q.12, TP.HCM",4200000.0,73.68,alley,2.0,2.0,2.0,57003.26,
SAVVN5,"Bùi Đình Tuý, P.12, Q.Bình Thạnh, TP.HCM",6850000.0,143.9,alley,2.0,2.0,2.0,47602.5,
7D15QA,"63/7 Đường Thạnh Lộc 40, P.Thạnh Lộc, Q.12, TP.HCM",7980000.0,123.91,alley,4.0,4.0,5.0,64401.58,
GNU092,"120/2A Đường Thới An 13, P.Thới An, Q.12, TP.HCM",6000000.0,100.0,alley,5.0,4.0,3.0,60000.0,
7D8RJA,"Huỳnh Tấn Phát, P.Phú Mỹ, Q.7, TP.HCM",4300000.0,125.36,alley,2.0,2.0,2.0,34301.21,
9TMJVP,"58/1C Đồng Nai, P.15, Q.10, TP.HCM",10950000.0,218.56,alley,5.0,4.0,4.0,50100.66,
8YNMN3,"270/33 Lý Thường Kiệt, P.14, Q.10, TP.HCM",22000000.0,259.12,alley,5.0,4.0,3.0,84902.75,
JX9XD0,"C2/61B Tân Liêm, Xã Phong Phú, H.Bình Chánh, TP.HCM",4500000.0,52.14,alley,1.0,1.0,1.0,86306.1,
QH4WRU,"Huỳnh Tấn Phát, P.Phú Thuận, Q.7, TP.HCM",5700000.0,121.79,alley,3.0,4.0,3.0,46801.87,
5YV0X7,"103/2A3 Đường Lý Chiêu Hoàng, P.10, Q.6, TP.HCM",11200000.0,133.01,alley,9.0,9.0,5.0,84204.2,
6YUVZ8,"872/91 Quang Trung, P.8, Q.Gò Vấp, TP.HCM",16800000.0,235.95,alley,8.0,10.0,6.0,71201.53,
JZB9A0,"93/13/8 Nguyễn Du, P.7, Q.Gò Vấp, TP.HCM",2290000.0,238.54,alley,1.0,2.0,2.0,9600.07,
QAJBAU,"An Phú Đông 11, P.An Phú Đông, Q.12, TP.HCM",1650000.0,47.14,alley,1.0,1.0,1.0,35002.12,
37UKDQ,"550/31 Lê Hồng Phong, P.10, Q.10, TP.HCM",3350000.0,239.28,alley,2.0,2.0,3.0,14000.33,
5DHCH7,"40/2 Ấp Mới 2, Xã Trung Chánh, H.Hóc Môn, TP.HCM",6700000.0,45.64,alley,3.0,2.0,1.0,146801.05,
JPNV60,"Bùi Thị Xuân, P.3, Q.Tân Bình, TP.HCM",7200000.0,141.17,alley,2.0,1.0,2.0,51002.34,
DR9KDH,"220/54/8 Âu Cơ, P.9, Q.Tân Bình, TP.HCM",7500000.0,183.37,alley,1.0,1.0,1.0,40900.91,
PT2NAG,"26A đường số 2B, P.Bình Hưng Hoà A, Q.Bình Tân, TP.HCM",8300000.000000001,128.68,alley,1.0,1.0,3.0,64501.09,
6Q24F8,"116/10/3 Lê Bình, P.4, Q.Tân Bình, TP.HCM",5100000.0,209.01,alley,3.0,3.0,4.0,24400.75,
EWAQ24,"578A/13 Ấp 1, Xã An Phú Tây, H.Bình Chánh, TP.HCM",12000000.0,33.38,alley,6.0,6.0,1.0,359496.7,
UD0TYS,"33/20/3 Thạnh Xuân 33, P.Thạnh Xuân, Q.12, TP.HCM",3850000.0,64.16,alley,2.0,2.0,1.0,60006.23,
5Y1C97,"18/8 Đường Phù Đổng Thiên Vương, P.11, Q.5, TP.HCM",6600000.0,151.37,alley,2.0,2.0,3.0,43601.77,
C4SX8B,"293/31/1H Phan Xích Long, P.2, Q.Phú Nhuận, TP.HCM",6400000.0,188.23,alley,6.0,4.0,5.0,34000.96,
6YR1J8,"350/30/3 Nguyễn Văn Khối, P.9, Q.Gò Vấp, TP.HCM",6180000.0,201.3,alley,3.0,4.0,4.0,30700.45,
AFHP1Y,"195/1B Tôn Thất Thuyết, P.3, Q.4, TP.HCM",8500000.0,236.11,alley,3.0,4.0,4.0,36000.17,
3SAZWQ,"Điện Biên Phủ, P.17, Q.Bình Thạnh, TP.HCM",9200000.0,132.37,alley,2.0,2.0,2.0,69502.15,
U1RRS5,"Đường Calmette, P.Nguyễn Thái Bình, Q.1, TP.HCM",28300000.0,375.63,alley,5.0,19.0,7.0,75340.1,
6QZTT8,"Nguyễn Thị Tần, P.Rạch Ông, Q.8, TP.HCM",3900000.0,157.89,alley,2.0,2.0,2.0,24700.74,
614F8Y,"Lò Gốm, P.2, Q.6, TP.HCM",6000000.0,132.23,alley,1.0,1.0,2.0,45375.48,
GTFHV2,"1351/36 Đường Phan Văn Trị, P.10, Q.Gò Vấp, TP.HCM",5100000.0,102.61,alley,3.0,2.0,2.0,49702.76,
YBWW3D,"41/15 đường số 3, P.9, Q.Gò Vấp, TP.HCM",4950000.0,124.37,alley,2.0,2.0,2.0,39800.59,
7KFYXA,"105/48 đường số 59, P.14, Q.Gò Vấp, TP.HCM",16800000.0,301.61,alley,19.0,20.0,6.0,55701.07,
3YT91Q,"1/21G Đặng Thúc Vịnh, Xã Đông Thạnh, H.Hóc Môn, TP.HCM",3450000.0,89.37,alley,3.0,2.0,3.0,38603.56,
3AKM0Q,"69/14/30 An Phú Đông 11, P.An Phú Đông, Q.12, TP.HCM",2850000.0,42.47,alley,2.0,2.0,2.0,67106.19,
4RRBWF,"193/8B1 Văn Thân, P.8, Q.6, TP.HCM",6200000.0,79.67,alley,2.0,2.0,2.0,77821.01,
JN5U60,"30/17 Thạnh Lộc 17, P.Thạnh Lộc, Q.12, TP.HCM",2550000.0,93.06,alley,1.0,1.0,1.0,27401.68,
PM05ZG,"40 Đoàn Văn Bơ, P.13, Q.4, TP.HCM",1380000.0,45.54,alley,2.0,1.0,3.0,30303.03,
E0XRP4,"50/1/27 đường 59, P.14, Q.Gò Vấp, TP.HCM",6650000.0,158.33,alley,4.0,4.0,4.0,42000.88,
7EGG8A,"63/2 Liên Khu 16-18, P.Bình Trị Đông, Q.Bình Tân, TP.HCM",7300000.0,63.58,alley,3.0,2.0,2.0,114815.98,
7D8WRA,"159/48/48 Đường Trần Văn Đang, P.11, Q.3, TP.HCM",4650000.0,136.36,alley,2.0,1.0,2.0,34100.91,
8UXAV3,"275/138/22 Quang Trung, P.10, Q.Gò Vấp, TP.HCM",6000000.0,84.15,alley,2.0,1.0,2.0,71301.25,
74PXBA,"766/16/34A Cách Mạng Tháng Tám, P.5, Q.Tân Bình, TP.HCM",3000000.0,283.01,alley,3.0,3.0,4.0,10600.33,
Q56QTU,"70/18 Lò Lu, P.Long Phước, TP.Thủ Đức, TP.HCM",7600000.0,52.85,alley,8.0,8.0,1.0,143803.22,
YFHWKD,"79/15 đường số 18, P.8, Q.Gò Vấp, TP.HCM",4500000.0,146.57,alley,2.0,2.0,2.0,30702.05,
R99KKJ,"568/22 Nguyễn Ảnh Thủ, Xã Thới Tam Thôn, H.Hóc Môn, TP.HCM",3700000.0,45.51,alley,3.0,2.0,2.0,81300.81,
3A6YAQ,"523/53/15 Lê Đức Thọ, P.16, Q.Gò Vấp, TP.HCM",2750000.0,151.93,alley,2.0,2.0,3.0,18100.44,
SABFV5,"Cư Xá Phú Lâm D, P.10, Q.6, TP.HCM",28000000.0,209.52,alley,4.0,4.0,4.0,133638.79,
1A7R96,"366 Bùi Hữu Nghĩa, Gia Định, Gò Vấp, TP.HCM",5050000.0,210.41,alley,4.0,3.0,3.0,24000.76,
7CQREA,"74/6/115 đường số 9, P.16, Q.Gò Vấp, TP.HCM",2800000.0,177.21,alley,2.0,2.0,2.0,15800.46,
C4Y57B,"170/16 Dương Quảng Hàm, P.5, Q.Gò Vấp, TP.HCM",4650000.0,223.98,alley,2.0,2.0,2.0,20760.78,
KWUP6C,"50/32/8 đường số 9, P.16, Q.Gò Vấp, TP.HCM",7500000.0,129.31,alley,4.0,3.0,3.0,58000.15,
JN3ZZ0,"449/6/20 Lê Quang Định, P.12, Q.Bình Thạnh, TP.HCM",7350000.0,148.48,alley,4.0,6.0,3.0,49501.62,
R239KJ,"114/66 Dương Quảng Hàm, P.5, Q.Gò Vấp, TP.HCM",10200000.0,159.37,alley,5.0,5.0,6.0,64002.01,
R2UN4J,"Lê Đức Thọ, P.17, Q.Gò Vấp, TP.HCM",35500000.0,215.41,alley,25.0,25.0,6.0,164802.01,
Q5ATDU,"Quốc lộ 1A, P.Thạnh Lộc, Q.12, TP.HCM",6650000.0,97.65,alley,3.0,4.0,4.0,68100.36,
7EP14A,"70/1 Hẻm 347/69 Lê Văn Thọ, P.9, Q.Gò Vấp, TP.HCM",7100000.0,94.26,alley,3.0,2.0,2.0,75323.57,
8AVJB3,"Một phần nhà 13/16 đường số 2, P.Tam Phú, TP.Thủ Đức, TP.HCM",6000000.0,106.57,alley,4.0,4.0,3.0,56301.02,
AH6XKY,"80/11/21 Đường số 5, P.17, Q.Gò Vấp, TP.HCM",9000000.0,176.47,alley,3.0,3.0,5.0,51000.17,
0GBFQ9,"36/31C Đường số 4, KP6, P.Hiệp Bình Phước, TP.Thủ Đức, TP.HCM",7700000.0,96.25,alley,2.0,2.0,3.0,80000.0,
KEJ3ZC,"Quang Trung, P.8, Q.Gò Vấp, TP.HCM",4900000.0,116.11,alley,2.0,2.0,2.0,42201.36,
Q1MYUQ,"Ngô Chí Quốc, P.Bình Chiểu, TP.Thủ Đức, TP.HCM",7300000.0,56.15,alley,4.0,4.0,3.0,130008.9,
8YMQ13,"297/14/3 Phan Huy Ích, P.14, Q.Gò Vấp, TP.HCM",11500000.0,169.36,alley,4.0,6.0,5.0,67902.69,
4RYDGF,"285/101/4C Cách Mạng Tháng Tám, P.12, Q.10, TP.HCM",12500000.0,265.95,alley,9.0,10.0,5.0,47001.32,
9XM1KP,"đường số 7, P.Long Phước, TP.Thủ Đức, TP.HCM",14500000.0,63.54,alley,4.0,4.0,2.0,228202.71,
GTWXE2,"- 7/3 Đường Trương Hán Siêu, P.Đa Kao, Q.1, TP.HCM",12500000.0,110.65,alley,1.0,1.0,2.0,112968.82,
8UZMP3,"Cách Mạng Tháng Tám, P.5, Q.Tân Bình, TP.HCM",9200000.0,152.31,alley,2.0,2.0,3.0,60403.13,
JPQHS0,"Cư Xá Phú Lâm B, P.13, Q.6, TP.HCM",11200000.0,84.33,alley,4.0,2.0,2.0,132811.57,
7D8RBA,"17/18/5 Đường Số 2, khu phố 22, P.Bình Hưng Hòa, Q.Bình Tân, TP.HCM",6500000.0,109.42,alley,4.0,3.0,3.0,59404.13,
61FW8Y,"263/49 Liên Khu 4-5, khu phố 5, P.Bình Hưng Hoà B, Q.Bình Tân, TP.HCM",8500000.0,60.24,alley,3.0,2.0,2.0,141102.26,
RT3D3J,"1 Hẻm 2, TP.Thủ Đức, TP.HCM",13500000.0,68.42,alley,3.0,2.0,2.0,197310.73,
3DWZCQ,"24 Đường 138, P.Tân Phú, TP.Thủ Đức, TP.HCM",4900000.0,61.25,alley,2.0,2.0,3.0,80000.0,
YFZJ1D,"44/4A Số 16, P.Bình Hưng Hòa, Q.Bình Tân, TP.HCM",9400000.0,65.91,alley,3.0,2.0,2.0,142618.72,
KJNQGC,"8 Nguyễn Xiển, P.Long Bình, TP.Thủ Đức, TP.HCM",4500000.0,48.59,alley,3.0,2.0,2.0,92611.65,
5KRQZ7,"Nguyễn Đình Chiểu, P.4, Q.3, TP.HCM",9180000.0,342.53,alley,4.0,4.0,4.0,26800.57,
DCTDMH,"08 Diệp Minh Tuyền, P.Phước Long B, TP.Thủ Đức, TP.HCM",35000000.0,116.66,alley,9.0,9.0,4.0,300017.14,
379NUQ,"61/2 Nguyễn Xiển, Trường Thạnh, Q.9, TP.HCM",6800000.0,34.0,alley,1.0,1.0,1.0,200000.0,
K4RUMC,"70/28 Hà Thị Đát, P.Tân Quý, Q.Tân Phú, TP.HCM",18500000.0,154.16,alley,22.0,22.0,5.0,120005.19,
13ARE6,"160/35/14 Đường Nguyễn Văn Quỳ, P.Phú Thuận, Q.7, TP.HCM",7500000.0,134.31,alley,4.0,2.0,3.0,55840.96,
8DSX43,"107/15A Lò Siêu, P.16, Q.11, TP.HCM",5510000.0,142.6,alley,3.0,2.0,2.0,38639.55,
KJXR5C,"501/15H Trần Xuân Soạn, P.Tân Hưng, Q.7, TP.HCM",6740000.0,85.69,alley,3.0,2.0,2.0,78655.62,
3DRD2Q,"10 Chu Văn An, P.12, Q.Bình Thạnh, TP.HCM",4750000.0,105.75,alley,3.0,2.0,2.0,44917.26,
RNMRFJ,"102 Tô Ký, P.Đông Hưng Thuận, Q.12, TP.HCM",27000000.0,258.62,alley,1.0,1.0,3.0,104400.28,
5BPGB7,"49/2/8A Hoài Thanh, P.14, Q.8, TP.HCM",5110000.0,37.59,alley,3.0,2.0,2.0,135940.41,
SC0035,"41/1/5 Đội Cung, P.11, Q.11, TP.HCM",4600000.0,140.67,alley,2.0,2.0,2.0,32700.65,
6A44V8,"41/1/1 Đội Cung, P.11, Q.11, TP.HCM",4400000.0,144.26,alley,3.0,2.0,2.0,30500.49,
8YWFP3,"112A Hoàng Diệu, P.13, Q.4, TP.HCM",8600000.0,176.95,alley,3.0,2.0,2.0,48601.3,
3DWWSQ,"506/49/11B Lạc Long Quân, P.14, Q.11, TP.HCM",5380000.0,97.54,alley,3.0,2.0,2.0,55156.86,
6AF708,"24C Tam Châu, P.An Phú Đông, Q.12, TP.HCM",9930000.0,20.75,alley,3.0,2.0,2.0,478554.22,
6A4W68,"523/48 Tổ 55 Kp5, P.Hiệp Thành, Q.12, TP.HCM",9400000.0,49.36,alley,3.0,2.0,2.0,190437.6,
SC0PU5,"18A21 Tân Hòa Đông, P.Phú Lâm, Q.6, TP.HCM",6600000.0,79.51,alley,3.0,2.0,2.0,83008.43,
RTQQTJ,"27/40/34 Huỳnh Tịnh Của, P.8, Q.3, TP.HCM",6500000.0,107.79,alley,2.0,2.0,2.0,60302.44,
85FPX3,"Hoài Thanh, P.14, Q.8, TP.HCM",3000000.0,0.0,alley,2.0,2.0,2.0,inf,
EP1V84,"218/228/6 Tổ 49 KP4, P.Trung Mỹ Tây, Q.12, TP.HCM",6400000.0,50.27,alley,3.0,2.0,2.0,127312.51,
W0NE0R,"165/36A Nguyễn Văn Luông, P.10, Q.6, TP.HCM",12800000.0,197.56,alley,2.0,3.0,3.0,64790.44,
5DEK57,"220/30 Thới An 32, P.Thới An, Q.12, TP.HCM",4950000.0,97.63,alley,3.0,2.0,2.0,50701.63,
DERR4H,"141/9 Bàn Cờ, P.3, Q.3, TP.HCM",25000000.0,279.64,alley,4.0,4.0,4.0,89400.66,
6S72C8,"465/6 Hòa Hảo, P.8, Q.10, TP.HCM",5950000.0,280.66,alley,4.0,3.0,4.0,21200.03,
UY223S,"322/7 Vĩnh Viễn, P.4, Q.10, TP.HCM",3990000.0,114.0,alley,2.0,1.0,2.0,35000.0,
377S6Q,"51/26/12 Vườn Lài, P.An Phú Đông, Q.12, TP.HCM",13000000.0,83.65,alley,2.0,3.0,3.0,155409.44,
UYKXRS,"127/99/19 Âu cơ, P.14, Q.11, TP.HCM",5950000.0,179.21,alley,4.0,3.0,3.0,33201.27,
1UK786,"49/3 Khánh Hội, P.3, Q.4, TP.HCM",6950000.0,192.52,alley,5.0,3.0,4.0,36100.15,
40RSHF,"112/9/8 An Bình, P.5, Q.5, TP.HCM",6180000.0,249.19,alley,3.0,3.0,4.0,24800.35,
G17S72,"38 Đường 38, P.Hiệp Bình Chánh, TP.Thủ Đức, TP.HCM",7310000.0,41.16,alley,3.0,2.0,2.0,177599.61,
3SDJ5Q,"428/6/13-15 An Dương Vương, P.16, Q.8, TP.HCM",13000000.0,180.3,alley,12.0,12.0,1.0,72102.05,
7KR6KA,"254/40 Thái Phiên, P.8, Q.11, TP.HCM",11000000.0,167.42,alley,10.0,6.0,6.0,65703.02,
GNAPJ2,"59/35b đường 12, Trường Thạnh, Q.9, TP.HCM",1500000.0,29.94,alley,2.0,2.0,2.0,50100.2,
UABYXS,"227/5/15 Gò Dầu, P.Tân Quý, Q.Tân Phú, TP.HCM",11000000.0,114.94,alley,5.0,4.0,4.0,95702.11,
SDBZY5,"600/2/3Q Hồng Bàng, P.16, Q.11, TP.HCM",6900000.0,158.98,alley,4.0,4.0,4.0,43401.69,
PXTNAG,"867/21 Vườn Lài, P.An Phú Đông, Q.12, TP.HCM",4700000.0,79.12,alley,2.0,2.0,2.0,59403.44,
AC0CDY,"43/29 Tú Mỡ, P.7, Q.Gò Vấp, TP.HCM",8980000.0,162.68,alley,3.0,3.0,4.0,55200.39,
5HF6G7,"188/22 Cao Đạt, P.1, Q.5, TP.HCM",9500000.0,197.91,alley,2.0,1.0,2.0,48001.62,
9TV1YP,"343/20 Vĩnh Viễn, P.8, Q.10, TP.HCM",7800000.0,323.65,alley,1.0,1.0,4.0,24100.11,
UYDDFS,"MPN 109/9B Thạnh Xuân 22, P.Thạnh Xuân, Q.12, TP.HCM",4000000.0,78.89,alley,1.0,1.0,1.0,50703.51,
QHJRNU,"13/25 Nguyễn Văn Săng, P.Tân Sơn, Q.Tân Phú, TP.HCM",7500000.0,160.25,alley,3.0,4.0,3.0,46801.87,
7KY4SA,"6/23F Chánh Hưng, P.Hưng Phú, Q.8, TP.HCM",3480000.0,124.73,alley,2.0,1.0,2.0,27900.26,
8S6PD3,"75/44/17 D9, P.Tây Thạnh, Q.Tân Phú, TP.HCM",2650000.0,126.19,alley,2.0,2.0,2.0,21000.08,
6AFA98,"87/117/36/21 Nguyễn Sỹ Sách, P.15, Q.Tân Bình, TP.HCM",17100000.0,94.53,alley,3.0,2.0,2.0,180894.95,
UYEYHS,"Trần Quang Khải, P.Tân Định, Q.1, TP.HCM",22000000.0,321.63,alley,4.0,3.0,4.0,68401.58,
5HK3V7,"958/31 Hậu Giang, P.12, Q.6, TP.HCM",5350000.0,108.51,alley,2.0,2.0,2.0,49304.21,
37UVXQ,"751/2 Ba Đình, P.Hưng Phú, Q.8, TP.HCM",4780000.0,133.51,alley,2.0,2.0,2.0,35802.56,
87UPA3,"59/160/51/3 đường 102, Tăng Nhơn Phú A, Q.9, TP.HCM",5850000.0,105.21,alley,2.0,2.0,2.0,55603.08,
SDCQ95,"550/25/8 Hồng Bàng, P.16, Q.11, TP.HCM",1460000.0,153.68,alley,2.0,1.0,2.0,9500.26,
375VPQ,"62/115 Lý Chính Thắng, P.8, Q.3, TP.HCM",4950000.0,177.1,alley,2.0,3.0,2.0,27950.31,
375JKQ,"48F/13E Hoàng Sĩ Khải, P.14, Q.8, TP.HCM",2980000.0,79.25,alley,2.0,2.0,2.0,37602.52,
2MXDTZ,"363/21/31 Đất Mới, P.Bình Trị Đông A, Q.Bình Tân, TP.HCM",4000000.0,93.67,alley,3.0,1.0,2.0,42703.11,
ACGM9Y,"Vườn Lài, P.An Phú Đông, Q.12, TP.HCM",7500000.0,118.85,alley,11.0,11.0,6.0,63104.75,
9TMEZP,"129/9C/19 Mễ Cốc, P.15, Q.8, TP.HCM",4850000.0,133.6,alley,4.0,4.0,4.0,36302.4,
ACKFPY,"268/2/14 Tô Ngọc Vân, P.Thới An, Q.12, TP.HCM",5950000.0,81.61,alley,4.0,5.0,3.0,72907.73,
5D5687,"88 Chợ Lớn, P.11, Q.6, TP.HCM",18500000.0,231.25,alley,3.0,3.0,2.0,80000.0,
13DN96,"266/40/32 Tôn Đản, P.08, Q.4, TP.HCM",5290000.0,93.62,alley,3.0,2.0,2.0,56505.02,
7K9MKA,"39/11 Lưu Trọng Lư, P.Tân Thuận Đông, Q.7, TP.HCM",3990000.0,177.33,alley,2.0,2.0,2.0,22500.42,
DERJFH,"543/14A Nguyễn Đình Chiểu, P.2, Q.3, TP.HCM",14000000.0,434.78,alley,4.0,4.0,5.0,32200.19,
ACB5AY,"129/4B Hiệp Thành 45, P.Hiệp Thành, Q.12, TP.HCM",2990000.0,91.43,alley,2.0,2.0,2.0,32702.61,
ACKHFY,"76/3A Nguyên Hồng, P.11, Q.Bình Thạnh, TP.HCM",13000000.0,164.14,alley,6.0,4.0,5.0,79200.68,
85Q1R3,"117H/37 Nguyễn Duy, P.14, Q.8, TP.HCM",3580000.0,152.34,alley,4.0,2.0,4.0,23500.07,
KFF9WC,"167/23 Thới An 13, P.Thới An, Q.12, TP.HCM",8390000.0,126.92,alley,6.0,7.0,5.0,66104.63,
6SS7M8,"174/8 Nguyễn Thiện Thuật, P.3, Q.3, TP.HCM",9000000.0,379.74,alley,2.0,2.0,3.0,23700.43,
0ZPHP9,"MPN 409/108/32/51 Huỳnh Thị Hai, P.Tân Chánh Hiệp, Q.12, TP.HCM",4000000.0,78.43,alley,2.0,2.0,2.0,51000.89,
SD7TR5,"202/6/11 Lý thường Kiệt, P.14, Q.10, TP.HCM",3000000.0,206.89,alley,2.0,3.0,2.0,14500.46,
GN9UJ2,"84/60 Hòa Hưng, P.13, Q.10, TP.HCM",7500000.0,174.82,alley,2.0,2.0,3.0,42901.27,
DBV14H,"231/67/11 Bình Tiên, P.8, Q.6, TP.HCM",4500000.0,109.75,alley,3.0,2.0,2.0,41002.28,
42XPPF,"Thống Nhất, P.16, Q.Gò Vấp, TP.HCM",20000000.0,137.93,alley,5.0,5.0,4.0,145001.09,
1USNX6,"72/2/6 Thới An 10, P.Thới An, Q.12, TP.HCM",2850000.0,96.93,alley,3.0,1.0,2.0,29402.66,
SDKYX5,"258/7/22/2/3 Bông Sao, P.5, Q.8, TP.HCM",4980000.0,192.27,alley,3.0,4.0,4.0,25901.08,
UAQZ5S,"111K1/10D Bình Đông, P.14, Q.8, TP.HCM",2300000.0,141.97,alley,2.0,1.0,2.0,16200.61,
6SHWD8,"Thạnh Lộc 15, P.Thạnh Lộc, Q.12, TP.HCM",2750000.0,87.02,alley,2.0,1.0,2.0,31601.93,
UYD8AS,"345/26 Hậu Giang, P.2, Q.6, TP.HCM",3350000.0,125.0,alley,2.0,1.0,2.0,26800.0,
WP87YR,"1422/24/13A Huỳnh Tấn Phát, P.Phú Mỹ, Q.7, TP.HCM",5000000.0,58.58,alley,2.0,1.0,1.0,85353.36,
J26EB0,"229/55/6 Tây Thạnh, P.Tây Thạnh, Q.Tân Phú, TP.HCM",4950000.0,118.99,alley,2.0,2.0,2.0,41600.13,
EPDSM4,"185/65 Bà Hom, P.13, Q.6, TP.HCM",4200000.0,108.8,alley,1.0,1.0,2.0,38602.94,
PN1UHG,"243/4 Tô Hiến Thành, P.13, Q.10, TP.HCM",29000000.0,304.62,alley,8.0,4.0,4.0,95200.58,
7KECXA,"436A/6 đường 3/2, P.10, Q.10, TP.HCM",42000000.0,392.15,alley,4.0,4.0,5.0,107101.87,
37UNZQ,"122/5/14/2B Tôn Đản, P.8, Q.4, TP.HCM",3150000.0,110.91,alley,1.0,1.0,2.0,28401.41,
5B3M57,"82 Đông Tác, Dĩ An, Dĩ An, TP.HCM",6900000.0,95.83,alley,4.0,4.0,3.0,72002.5,
37APFQ,"111/2 Vườn Lài, P.Phú Thọ Hòa, Q.Tân Phú, TP.HCM",19000000.0,120.78,alley,17.0,17.0,6.0,157310.81,
2XGR7Z,"157/2 Trần Văn Đang, P.11, Q.3, TP.HCM",18000000.0,150.0,alley,8.0,4.0,3.0,120000.0,
85RYC3,"105/12/16B đường TTN08, P.Tân Thới Nhất, Q.12, TP.HCM",4900000.0,57.51,alley,6.0,6.0,2.0,85202.57,
SD7HQ5,"125/31 Tám Danh, P.4, Q.8, TP.HCM",6280000.0,87.83,alley,3.0,2.0,2.0,71501.76,
5EWQM7,"35/12E Trung đông 7, Xã Thới Tam Thôn, H.Hóc Môn, TP.HCM",2700000.0,56.48,alley,2.0,1.0,2.0,47804.53,
SYP0T5,"167/12A Gò Xoài, P.Bình Hưng Hoà A, Q.Bình Tân, TP.HCM",6250000.0,97.96,alley,2.0,2.0,2.0,63801.55,
QAHHZU,"Một phần nhà số 80/19 TX 52, P.Thạnh Xuân, Q.12, TP.HCM",4000000.0,75.04,alley,2.0,1.0,1.0,53304.9,
K4K44C,"102/2 HT35, P.Hiệp Thành, Q.12, TP.HCM",4450000.0,104.21,alley,3.0,4.0,3.0,42702.24,
5H89X7,"43/5 đường số 120, Tân Phú, Q.9, TP.HCM",10000000.0,53.96,alley,2.0,1.0,1.0,185322.46,
6U6ZN8,"29/1C Lê Lợi, P.1, Q.Gò Vấp, TP.HCM",13000000.0,111.3,alley,6.0,4.0,4.0,116801.44,
6S56M8,"47/3 Nguyễn Du, P.7, Q.Gò Vấp, TP.HCM",2980000.0,130.7,alley,2.0,1.0,2.0,22800.31,
W9N8AR,"88/48A Vũ Tùng, P.2, Q.Bình Thạnh, TP.HCM",1900000.0,190.0,alley,2.0,1.0,2.0,10000.0,
EJMXV4,"45/34 TL 04, P.An Phú Đông, Q.12, TP.HCM",3830000.0,59.47,alley,2.0,1.0,1.0,64402.22,
DE2GEH,"417/95/87 Quang Trung, P.10, Q.Gò Vấp, TP.HCM",4950000.0,155.17,alley,2.0,2.0,2.0,31900.5,
40MRBF,"45/13 Phạm Hùng, P.Hưng Phú, Q.8, TP.HCM",7200000.0,174.75,alley,3.0,3.0,3.0,41201.72,
1QMB96,"40/30/5/10 Thạnh Lộc 44, P.Thạnh Lộc, Q.12, TP.HCM",6000000.0,100.84,alley,6.0,5.0,5.0,59500.2,
SD7CS5,"312/46A Âu Dương Lân, P.Rạch Ông, Q.8, TP.HCM",3980000.0,170.81,alley,1.0,1.0,1.0,23300.74,
KFESQC,"185H4 Mai Xuân Thưởng, P.2, Q.6, TP.HCM",9500000.0,138.68,alley,3.0,1.0,1.0,68503.03,
5HRQT7,"265/50/2/7 Trường Chinh, P.Tân Thới Nhất, Q.12, TP.HCM",9200000.0,144.2,alley,4.0,5.0,5.0,63800.28,
SDBEV5,"68/32/23 Thới An 20, P.Thới An, Q.12, TP.HCM",3890000.0,97.0,alley,2.0,2.0,2.0,40103.09,
7HEMKA,"1122/8/6 Quang Trung, P.8, Q.Gò Vấp, TP.HCM",9000000.0,176.47,alley,4.0,5.0,5.0,51000.17,
9V3BGP,"52/6 Hoàng Diệu 2, P.Linh Chiểu, TP.Thủ Đức, TP.HCM",4430000.0,51.97,alley,3.0,2.0,2.0,85241.49,
AKNPKY,"6/4 đường số 44, P.14, Q.Gò Vấp, TP.HCM",7000000.0,112.35,alley,3.0,4.0,3.0,62305.3,
7H2F9A,"79/1 Tây Sơn, P.Tân Quý, Q.Tân Phú, TP.HCM",2250000.0,142.4,alley,1.0,1.0,2.0,15800.56,
7KE10A,"453/67/31 Lê Văn Khương, P.Tân Thới Hiệp, Q.12, TP.HCM",5990000.0,61.12,alley,4.0,3.0,2.0,98003.93,
PZY73G,"20/5 đường 176, Phước Long A, Q.9, TP.HCM",4150000.000000001,118.23,alley,2.0,2.0,2.0,35101.07,
RC9MJQ,"54/37 Đình Nghi Xuân, P.Bình Trị Đông, Q.Bình Tân, TP.HCM",6900000.0,92.75,alley,2.0,3.0,3.0,74393.53,
EJRBT4,"282/5A Cống Quỳnh, P.Phạm Ngũ Lão, Q.1, TP.HCM",2200000.0,122.22,alley,2.0,2.0,2.0,18000.33,
AK0D5Y,"88/1 Vũ Tùng, P.2, Q.Bình Thạnh, TP.HCM",4950000.0,255.15,alley,4.0,3.0,3.0,19400.35,
R2EYRJ,"44/16 đường số 4, P.Bình Hưng Hoà A, Q.Bình Tân, TP.HCM",4980000.0,128.68,alley,2.0,3.0,2.0,38700.65,
UDB9HS,"383/3/40A Quang Trung, P.10, Q.Gò Vấp, TP.HCM",6500000.0,103.17,alley,2.0,2.0,2.0,63002.81,
UAH19S,"86B4 Võ Thị Sáu, P.Tân Định, Q.1, TP.HCM",28000000.0,248.22,alley,5.0,6.0,4.0,112803.16,
JPWD90,"4/9 Văn Chung, P.13, Q.Tân Bình, TP.HCM",37500000.0,2.8,alley,3.0,2.0,2.0,13392857.14,
ACCDEY,"38/6/10 Đình Quới An, P.Thới An, Q.12, TP.HCM",6500000.0,108.51,alley,4.0,5.0,5.0,59902.31,
J2Z7C0,"1396/10 Quang Trung, P.14, Q.Gò Vấp, TP.HCM",9950000.0,155.46,alley,2.0,2.0,2.0,64003.6,
ERZ1U4,"23/15 đường số 1, P.Bình Thuận, Q.7, TP.HCM",42000000.0,139.44,alley,8.0,8.0,2.0,301204.82,
2XVPUZ,"125/17/18 Vạn Kiếp, P.1, Q.Bình Thạnh, TP.HCM",4990000.0,185.5,alley,2.0,3.0,3.0,26900.27,
PNFH6G,"Lạc Long Quân, P.3, Q.11, TP.HCM",3980000.0,228.73,alley,2.0,2.0,3.0,17400.43,
GX8KF2,"18/14/16 Thạnh Lộc 38, P.Thạnh Lộc, Q.12, TP.HCM",3250000.0,69.74,alley,2.0,2.0,2.0,46601.66,
8SAZS3,"157A1/3 Dương Bá Trạc, P.Rạch Ông, Q.8, TP.HCM",4500000.0,116.58,alley,2.0,1.0,2.0,38600.1,
CWURTB,"861/3 Trần Xuân Soạn, P.Tân Hưng, Q.7, TP.HCM",12000000.0,129.65,alley,1.0,1.0,1.0,92556.88,
CW785B,"Hồng Bàng, P.16, Q.11, TP.HCM",4230000.0,119.49,alley,1.0,1.0,2.0,35400.45,
85GR43,"MPN 77 Thạnh Lộc 49, P.An Phú Đông, Q.12, TP.HCM",4650000.0,85.47,alley,2.0,2.0,2.0,54405.05,
5HBT07,"Nguyễn Văn Quỳ, P.Phú Thuận, Q.7, TP.HCM",4380000.0,133.53,alley,2.0,2.0,2.0,32801.62,
6S5BH8,"51/50 Phạm Thế Hiển, P.Rạch Ông, Q.8, TP.HCM",5580000.0,97.55,alley,3.0,2.0,2.0,57201.44,
5Y89X7,"55 đường số 17, P.4, Q.8, TP.HCM",4700000.0,148.5,alley,2.0,1.0,2.0,31649.83,
7K1N6A,"253/58 Trần Xuân Soạn, P.Tân Kiểng, Q.7, TP.HCM",4950000.0,71.32,alley,5.0,5.0,3.0,69405.5,
QAEB2U,"1/3 Mạc Hiển Tích, Long Bình, Q.9, TP.HCM",3000000.0,37.26,alley,3.0,3.0,1.0,80515.3,
7EGP6A,"36/4/37 Đường Huỳnh Văn Nghệ, P.15, Q.Tân Bình, TP.HCM",7300000.0,80.57,alley,3.0,2.0,2.0,90604.44,
SK29X5,"Thành Thái, P.14, Q.10, TP.HCM",15900000.0,221.14,alley,2.0,2.0,2.0,71900.15,
YBBPHD,"44/6 Hiệp Thành 43, P.Hiệp Thành, Q.12, TP.HCM",11000000.0,58.1,alley,2.0,2.0,2.0,189328.74,
0ZN4P9,"704/13/1B Hương Lộ 2, P.Bình Hưng Hoà A, Q.Bình Tân, TP.HCM",6950000.0,119.0,alley,4.0,4.0,4.0,58403.36,
SDDWS5,"591/10 Bình Thới, P.10, Q.11, TP.HCM",5680000.0,227.2,alley,4.0,3.0,3.0,25000.0,
37S4CQ,"129/14D Nguyễn Trãi, P.2, Q.5, TP.HCM",5690000.0,204.67,alley,3.0,4.0,4.0,27800.85,
WPPENR,"38 Lô 17 Hưng Phú, P.Hưng Phú, Q.8, TP.HCM",7680000.0,125.49,alley,9.0,4.0,4.0,61200.1,
5H4FH7,"109/F1/17 Bến Vân Đồn, P.4, Q.4, TP.HCM",35000000.0,309.46,alley,1.0,1.0,2.0,113100.24,
0ZXT69,"MPN 22 Thạnh Lộc 57, P.Thạnh Lộc, Q.12, TP.HCM",3700000.0,57.27,alley,1.0,1.0,1.0,64606.25,
KFWZ0C,"14B/15 Hưng Phú, P.Hưng Phú, Q.8, TP.HCM",3280000.0,131.2,alley,2.0,1.0,2.0,25000.0,
SYSMP5,"1247/104E Huỳnh Tấn Phát, P.Phú Thuận, Q.7, TP.HCM",3950000.0,0.1,alley,3.0,3.0,3.0,39500000.0,
W9BB3R,"Nguyễn Hiền, P.4, Q.3, TP.HCM",11500000.0,226.37,alley,6.0,4.0,4.0,50801.78,
RG25SJ,"198/20 Võ Văn Tần, P.5, Q.3, TP.HCM",4950000.0,221.97,alley,2.0,3.0,4.0,22300.31,
AC9DUY,"656/74/137 Quang Trung, P.11, Q.Gò Vấp, TP.HCM",5980000.0,125.36,alley,4.0,2.0,2.0,47702.62,
5HAVV7,"127/54 Cô Giang, P.2, Q.Phú Nhuận, TP.HCM",4000000.0,408.16,alley,2.0,3.0,4.0,9800.08,
ABD15Y,"57/18A Trần Thị Hè, P.Hiệp Thành, Q.12, TP.HCM",2090000.0,92.47,alley,2.0,2.0,2.0,22601.92,
GXWC82,"Tân Hòa Đông, P.14, Q.6, TP.HCM",5980000.0,228.24,alley,5.0,4.0,5.0,26200.49,
5H0NE7,"956/6/10 Âu Cơ, P.14, Q.Tân Bình, TP.HCM",7350000.0,100.54,alley,2.0,2.0,2.0,73105.23,
WPXHWR,"Nguyễn Kiệm, P.9, Q.Phú Nhuận, TP.HCM",32000000.0,310.98,alley,8.0,8.0,4.0,102900.51,
KF0SMC,"920/24 Nguyễn Kiệm, P.3, Q.Gò Vấp, TP.HCM",11000000.0,132.05,alley,3.0,3.0,3.0,83301.78,
6SAJE8,"80/13 Nguyễn Văn Trỗi, P.8, Q.Phú Nhuận, TP.HCM",4050000.0,208.76,alley,4.0,3.0,3.0,19400.27,
QADSYU,"378/29/22 An Dương Vương, P.4, Q.5, TP.HCM",5680000.0,230.89,alley,4.0,3.0,3.0,24600.46,
J2GQH0,"309/4 Nguyễn Oanh, P.17, Q.Gò Vấp, TP.HCM",4150000.000000001,166.0,alley,2.0,2.0,2.0,25000.0,
UAU8CS,"195/22/11 Quộc Lộ 1A, P.An Phú Đông, Q.12, TP.HCM",4400000.0,47.93,alley,1.0,1.0,1.0,91800.54,
5DSTX7,"35/6 Cách Mạng, P.Phú Thọ Hòa, Q.Tân Phú, TP.HCM",3450000.0,1.15,alley,1.0,1.0,1.0,3000000.0,
5DHU67,"21/30 Vạn Kiếp, P.1, Q.Bình Thạnh, TP.HCM",5800000.0,287.12,alley,2.0,3.0,3.0,20200.61,
3576TQ,"41/10B Lương Văn Can, P.15, Q.8, TP.HCM",3880000.0,118.29,alley,3.0,2.0,3.0,32800.74,
3SVEFQ,"Cộng Hoà, P.4, Q.Tân Bình, TP.HCM",16000000.0,208.98,alley,3.0,3.0,4.0,76562.35,
DC5F2H,"150/43A Nguyễn Trãi, P.Bến Thành, Q.1, TP.HCM",45000000.0,750.0,alley,3.0,4.0,5.0,60000.0,
6QGWJ8,"881C Ba Đình, P.Hưng Phú, Q.8, TP.HCM",10880000.0,87.6,alley,5.0,3.0,3.0,124200.91,
EJ0H94,"306/73A Vườn Lài, P.An Phú Đông, Q.12, TP.HCM",11600000.0,107.3,alley,4.0,2.0,3.0,108108.11,
S10W5Y,"Hoàng Hoa Thám, P.7, Q.Bình Thạnh, TP.HCM",22500000.0,144.5,alley,3.0,5.0,3.0,155709.34,
9NNH2P,"31/25/1 Lê Lai, P.3, Q.Gò Vấp, TP.HCM",3650000.0,136.7,alley,2.0,2.0,2.0,26700.8,
40N5QF,"282A/41 Nguyễn Tri Phương, P.4, Q.10, TP.HCM",4650000.0,255.49,alley,2.0,3.0,3.0,18200.32,
7KWCZA,"744/15 Nguyễn Kiệm, P.4, Q.Phú Nhuận, TP.HCM",6250000.0,224.82,alley,3.0,4.0,4.0,27800.02,
SDEPS5,"59/27 Hồng Lạc, P.10, Q.Tân Bình, TP.HCM",16000000.0,132.66,alley,4.0,4.0,2.0,120609.08,
7K4W6A,"141/37/5 Thạnh Lộc 19, P.Thạnh Lộc, Q.12, TP.HCM",3100000.0,128.09,alley,2.0,2.0,2.0,24201.73,
GXTRV2,"959/22 Nguyễn Kiệm, P.3, Q.Gò Vấp, TP.HCM",4100000.0,120.58,alley,2.0,1.0,2.0,34002.32,
SYSY65,"385/34/2 Quang Trung, P.10, Q.Gò Vấp, TP.HCM",6500000.0,102.84,alley,3.0,2.0,2.0,63204.98,
SYR4N5,"364/26/11 Tô Ký, P.Tân Chánh Hiệp, Q.12, TP.HCM",3150000.0,100.0,alley,2.0,2.0,2.0,31500.0,
W9G4TR,"490/2A Lê Văn Sỹ, P.14, Q.3, TP.HCM",12000000.0,196.72,alley,4.0,5.0,4.0,61000.41,
9ZNGQP,"142D/27 Cô Giang, P.2, Q.Phú Nhuận, TP.HCM",9800000.0,162.52,alley,2.0,2.0,2.0,60300.27,
QAYYZU,"42/27 Nguyễn Thượng Hiền, P.5, Q.3, TP.HCM",6000000.0,193.54,alley,2.0,1.0,2.0,31001.34,
ABH1SY,"Hà Huy Giáp, P.Thới An, Q.12, TP.HCM",4750000.0,84.67,alley,2.0,2.0,2.0,56100.15,
YEHTRD,"888/6 Quang Trung, P.10, Q.Gò Vấp, TP.HCM",5250000.0,165.61,alley,3.0,2.0,2.0,31700.98,
SDV685,"302/26 Thạnh Xuân 31, P.Thạnh Xuân, Q.12, TP.HCM",3750000.0,68.55,alley,3.0,1.0,2.0,54704.6,
85HXA3,"518/2/20 Lê Văn Sỹ, P.11, Q.Phú Nhuận, TP.HCM",6000000.0,160.42,alley,2.0,2.0,3.0,37401.82,
85APS3,"480/19 Lạc Long Quân, P.5, Q.11, TP.HCM",8000000.0,183.48,alley,4.0,3.0,3.0,43601.48,
7KCZFA,"275/27 Quang Trung, P.10, Q.Gò Vấp, TP.HCM",2850000.0,158.24,alley,2.0,3.0,3.0,18010.62,
PNZ1KG,"1/50/16 Thanh Đa, P.27, Q.Bình Thạnh, TP.HCM",5860000.0,180.3,alley,3.0,2.0,2.0,32501.39,
6U62R8,"TK6/18 Võ Văn Kiệt, P.Cầu Kho, Q.1, TP.HCM",6900000.0,252.74,alley,3.0,1.0,2.0,27300.78,
9Z9XBP,"327/17/8 Quang Trung, P.10, Q.Gò Vấp, TP.HCM",2950000.0,162.98,alley,2.0,1.0,2.0,18100.38,
7HWMYA,"88/23 Hiệp Thành 26, P.Hiệp Thành, Q.12, TP.HCM",4480000.0,97.6,alley,2.0,2.0,2.0,45901.64,
3SCDZQ,"1264/57/58 Lê Đức Thọ, P.15, Q.Gò Vấp, TP.HCM",9000000.0,77.58,alley,4.0,2.0,2.0,116009.28,
GXNQB2,"2A/14 Hưng Phú, P.Hưng Phú, Q.8, TP.HCM",4480000.0,127.27,alley,3.0,2.0,2.0,35200.75,
0T2QB9,"46/7 Thị Trần, TT.Hóc Môn, H.Hóc Môn, TP.HCM",6900000.0,95.17,alley,5.0,6.0,4.0,72501.84,
QAX6WU,"123/13/4A Thạnh Xuân 22, P.Thạnh Xuân, Q.12, TP.HCM",4320000.0,70.47,alley,1.0,1.0,1.0,61302.68,
5HTF67,"220/48 Âu Cơ, P.9, Q.Tân Bình, TP.HCM",15900000.0,198.75,alley,4.0,4.0,5.0,80000.0,
DENDVH,"102/4A Thạnh Lộc 17, P.Thạnh Lộc, Q.12, TP.HCM",5850000.0,97.5,alley,3.0,4.0,3.0,60000.0,
7KJCMA,"đường số 59, P.14, Q.Gò Vấp, TP.HCM",12000000.0,188.08,alley,9.0,10.0,5.0,63802.64,
7KFCTA,"MPN 161/19 Thạnh Lộc 15, P.An Phú Đông, Q.12, TP.HCM",5630000.0,102.36,alley,4.0,5.0,5.0,55001.95,
UYHX3S,"37/26 Nguyễn Ngọc Lộc, P.14, Q.10, TP.HCM",4300000.0,164.12,alley,2.0,1.0,2.0,26200.34,
1UU186,"1306/27 Quang Trung, P.14, Q.Gò Vấp, TP.HCM",4690000.0,128.49,alley,2.0,2.0,2.0,36500.9,
GXNAR2,"854/47/17M Thống Nhất, P.15, Q.Gò Vấp, TP.HCM",3450000.0,285.12,alley,2.0,2.0,2.0,12100.17,
ACKW9Y,"49/22/13A Nguyễn Văn Đậu, P.5, Q.Bình Thạnh, TP.HCM",9000000.0,170.45,alley,7.0,7.0,4.0,52801.41,
W9M9TR,"272/15 Gò Xoài, P.Bình Hưng Hoà A, Q.Bình Tân, TP.HCM",6100000.0,95.91,alley,3.0,2.0,2.0,63601.29,
RPMVGJ,"506/49/20E Lạc Long Quân, P.5, Q.11, TP.HCM",2890000.0,186.45,alley,2.0,2.0,2.0,15500.13,
8SK7F3,"385/33/37 Quang Trung, P.10, Q.Gò Vấp, TP.HCM",4750000.0,76.41,alley,3.0,3.0,2.0,62164.64,
5DDMX7,"15/40/92 đường Số 59, P.14, Q.Gò Vấp, TP.HCM",4970000.0,112.44,alley,3.0,2.0,2.0,44201.35,
UXW0S5,"106/37 Bình Lợi, P.13, Q.Bình Thạnh, TP.HCM",15000000.0,195.0,alley,3.0,3.0,4.0,76923.08,
ETWJ4W,"63/105 Lê Trọng Lư, P.Tân Thuận Đông, Q.7, TP.HCM",8000000.0,133.33,alley,2.0,2.0,2.0,60001.5,
8YW4G3,"118/22 Lê Trọng Tấn, P.Tây Thạnh, Q.Tân Phú, TP.HCM",6900000.0,94.65,alley,2.0,1.0,1.0,72900.16,
SHDVR5,"673/1A Hà Huy Giáp, P.Thạnh Xuân, Q.12, TP.HCM",5200000.0,89.5,alley,2.0,1.0,2.0,58100.56,
R29HBJ,"197/27/8/5A Thạnh Lộc 15, P.Thạnh Lộc, Q.12, TP.HCM",3200000.0,60.95,alley,2.0,1.0,1.0,52502.05,
0TPWV9,"572/19/7/7 Âu Cơ, P.10, Q.Tân Bình, TP.HCM",2950000.0,136.57,alley,2.0,3.0,3.0,21600.64,
QANQ8U,"4/12 Thạnh Lộc 29, P.Thạnh Lộc, Q.12, TP.HCM",6300000.0,92.64,alley,4.0,3.0,4.0,68005.18,
2MEQ8Z,"1162/2 Quang Trung, P.8, Q.Gò Vấp, TP.HCM",8400000.0,144.82,alley,4.0,5.0,4.0,58003.04,
AC2JCY,"Thạnh Xuân 22, P.Thạnh Xuân, Q.12, TP.HCM",6200000.0,85.51,alley,5.0,4.0,5.0,72506.14,
6SYC18,"MPN 87 Thạnh Xuân 33, P.Thạnh Xuân, Q.12, TP.HCM",7600000.0,94.88,alley,5.0,5.0,5.0,80101.18,
37H7VQ,"440/12/10 Nguyễn Kiệm, P.13, Q.Phú Nhuận, TP.HCM",5900000.0,160.32,alley,5.0,3.0,3.0,36801.4,
ACE68Y,"337/1 Lưu Hữu Phước, P.15, Q.8, TP.HCM",4300000.0,97.72,alley,3.0,2.0,2.0,44003.27,
85ASJ3,"535/27/18 Thống Nhất, P.15, Q.Gò Vấp, TP.HCM",3880000.0,219.2,alley,2.0,3.0,2.0,17700.73,
5HKJ47,"204/20 Nguyễn Oanh, P.17, Q.Gò Vấp, TP.HCM",25500000.0,242.62,alley,20.0,20.0,6.0,105102.63,
6SUXJ8,"C2/3A/12 Ấp 3A, Xã Vĩnh Lộc B, H.Bình Chánh, TP.HCM",4200000.0,63.63,alley,2.0,2.0,2.0,66006.6,
5HY617,"198b/9 Dương Bá Trạc, P.Rạch Ông, Q.8, TP.HCM",5600000.0,142.13,alley,3.0,3.0,2.0,39400.55,
RG95AJ,"90/29 Lê Hồng Phong, P.2, Q.5, TP.HCM",7300000.0,266.42,alley,3.0,3.0,2.0,27400.35,
1Q7HY6,"đường số 5, Bình Trưng Tây, Q.2, TP.HCM",18500000.0,265.04,alley,4.0,4.0,5.0,69800.78,
GNX5E2,"417/106 Quang Trung, P.10, Q.Gò Vấp, TP.HCM",3480000.0,132.82,alley,3.0,2.0,3.0,26200.87,
JZZW20,"106C/121-123 Lạc Long Quân, P.3, Q.11, TP.HCM",25000000.0,311.72,alley,21.0,21.0,5.0,80200.18,
KWBFFC,"269/11/8 Nguyễn Trãi, P.Nguyễn Cư Trinh, Q.1, TP.HCM",16500000.0,293.07,alley,9.0,9.0,6.0,56300.54,
JZGFZ0,"145/60A Ấp 3, Xã Đông Thạnh, H.Hóc Môn, TP.HCM",6200000.0,45.82,alley,1.0,1.0,1.0,135312.09,
40YY2F,"142/6 Cô Giang, P.2, Q.Phú Nhuận, TP.HCM",6350000.0,156.4,alley,3.0,2.0,2.0,40601.02,
UYT0XS,"MPN 514/3/33 Lê Đức Thọ, P.17, Q.Gò Vấp, TP.HCM",4950000.0,70.41,alley,2.0,1.0,2.0,70302.51,
UY2NJS,"79/51/3A Thống Nhất, P.11, Q.Gò Vấp, TP.HCM",5350000.0,144.2,alley,3.0,2.0,3.0,37101.25,
6SHYZ8,"252/6S Phạm Văn Chiêu, P.9, Q.Gò Vấp, TP.HCM",5950000.0,166.66,alley,3.0,3.0,4.0,35701.43,
402MMF,"87/19 Thạnh Xuân 33, P.Thạnh Xuân, Q.12, TP.HCM",7600000.0,102.42,alley,5.0,5.0,5.0,74204.26,
7KB14A,"86/2/26 Ông Ích Khiêm, P.1, Q.11, TP.HCM",4700000.0,140.71,alley,2.0,2.0,2.0,33402.03,
377DSQ,"51/12G Nguyễn Trãi, P.2, Q.5, TP.HCM",6680000.0,351.57,alley,3.0,3.0,3.0,19000.48,
9T2CXP,"1041/62/10/9 Trần Xuân Soạn, P.Tân Hưng, Q.7, TP.HCM",5690000.0,121.32,alley,3.0,2.0,2.0,46900.76,
0ZGKP9,"861/18/25B Trần Xuân Soạn, P.Tân Hưng, Q.7, TP.HCM",6700000.0,114.72,alley,3.0,3.0,2.0,58403.07,
2XV34Z,"207/64A Nguyễn Văn Đậu, P.11, Q.Bình Thạnh, TP.HCM",28000000.0,202.02,alley,21.0,21.0,6.0,138600.14,
5DDEB7,"417/49/28A Quang Trung, P.10, Q.Gò Vấp, TP.HCM",4380000.0,144.55,alley,1.0,1.0,1.0,30300.93,
3N11Q3,"Nguyễn Xí, P.26, Q.Bình Thạnh, TP.HCM",10500000.0,0.0,alley,4.0,4.0,2.0,inf,
DDQ5HF,"Huỳnh Tấn Phát, P.Tân Phú, Q.7, TP.HCM",7880000.0,194.59,alley,3.0,3.0,3.0,40495.4,
7CK0BA,"362/12/37 Thống Nhất, P.16, Q.Gò Vấp, TP.HCM",7290000.0,138.33,alley,5.0,5.0,5.0,52700.07,
1S3KF6,"576/34 Quang Trung, P.11, Q.Gò Vấp, TP.HCM",6550000.0,118.87,alley,3.0,3.0,2.0,55102.21,
J2YNW0,"1005/61/38 Nguyễn Kiệm, P.3, Q.Gò Vấp, TP.HCM",3200000.0,164.1,alley,2.0,2.0,2.0,19500.3,
850M13,"147/95 Thạnh Lộc 37, P.Thạnh Lộc, Q.12, TP.HCM",5500000.0,146.27,alley,3.0,3.0,3.0,37601.7,
7KJU0A,"212/158/238 Nguyễn Văn Nguyễn, P.Tân Định, Q.1, TP.HCM",3450000.0,273.8,alley,1.0,2.0,2.0,12600.44,
J262G0,"43/31 Tú Mỡ, P.7, Q.Gò Vấp, TP.HCM",8780000.0,156.5,alley,3.0,4.0,4.0,56102.24,
7KR6WA,"91/11 Thạnh Xuân 43, P.Thạnh Xuân, Q.12, TP.HCM",4580000.0,113.08,alley,3.0,3.0,3.0,40502.3,
0Z6189,"160/34/26 Phan Huy Ích, P.12, Q.Gò Vấp, TP.HCM",5980000.0,191.05,alley,4.0,3.0,5.0,31300.71,
YBF5GD,"70/33 Thạnh Xuân 38, P.Thạnh Xuân, Q.12, TP.HCM",4880000.0,63.62,alley,2.0,3.0,2.0,76705.44,
SDKYT5,"72/36/7 Nguyễn Ảnh Thủ, P.Hiệp Thành, Q.12, TP.HCM",3550000.0,100.85,alley,2.0,2.0,2.0,35200.79,
UYDFGS,"330/32 Chiến Lược, P.Bình Trị Đông A, Q.Bình Tân, TP.HCM",4250000.0,118.71,alley,2.0,2.0,2.0,35801.53,
EJJWM4,"33/20/6 Phan Văn Hớn, P.Tân Thới Nhất, Q.12, TP.HCM",3900000.0,104.27,alley,2.0,2.0,2.0,37402.9,
UYY5BS,"176/5 Thạnh Lộc 19, P.Thạnh Lộc, Q.12, TP.HCM",4750000.0,100.42,alley,3.0,2.0,2.0,47301.33,
ACKWGY,"8/34/1A Thạnh Xuân 38, P.Thạnh Xuân, Q.12, TP.HCM",5350000.0,95.02,alley,4.0,4.0,4.0,56303.94,
YBCF5D,"9/70/26 Thạnh Xuân 24, P.Thới An, Q.12, TP.HCM",6900000.0,67.84,alley,4.0,5.0,4.0,101709.91,
85UVF3,"180/12 Thạnh Xuân 22, P.Thới An, Q.12, TP.HCM",7350000.0,86.26,alley,4.0,5.0,4.0,85207.51,
SYGFG5,"728/5/1 Trần Hưng Đạo, P.2, Q.5, TP.HCM",4450000.0,266.46,alley,2.0,2.0,3.0,16700.44,
35A0DQ,"1122/24C Quang Trung, P.8, Q.Gò Vấp, TP.HCM",14800000.0,164.81,alley,4.0,4.0,6.0,89800.38,
13QDH6,"Đặng Lộ, P.07, Q.Tân Bình, TP.HCM",6350000.0,146.65,alley,2.0,2.0,2.0,43300.38,
SC0FX5,"24C Tam Châu, P.Tam Bình, TP.Thủ Đức, TP.HCM",10230000.0,46.71,alley,3.0,2.0,2.0,219010.92,
PN3K4G,"44/24/2A Tăng Nhơn Phú, Phước Long B, Q.9, TP.HCM",7000000.0,71.72,alley,3.0,2.0,2.0,97601.78,
3ADXWQ,"312/1/14 Quang Trung, P.6, Q.Gò Vấp, TP.HCM",8790000.0,198.41,alley,3.0,3.0,5.0,44302.2,
UDY9VS,"467/25 Lê Văn Khương, P.Tân Thới Hiệp, Q.12, TP.HCM",11500000.0,141.1,alley,4.0,4.0,5.0,81502.48,
RGQ7NJ,"149/2/6 Nguyễn Văn Công, P.3, Q.Gò Vấp, TP.HCM",5950000.0,211.74,alley,3.0,3.0,3.0,28100.5,
85BAF3,"318/56/9 Thống Nhất, P.16, Q.Gò Vấp, TP.HCM",4650000.0,143.07,alley,3.0,2.0,3.0,32501.57,
ACJ1MY,"139/10/2 đường số 14, Phước Bình, Q.9, TP.HCM",7100000.0,95.3,alley,3.0,2.0,2.0,74501.57,
85KNU3,"56/53 Tô Hiến Thành, P.15, Q.10, TP.HCM",5600000.0,109.37,alley,2.0,1.0,2.0,51202.34,
UYHNRS,"MPN 37/38/5 Lâm Thị Hố, P.Tân Chánh Hiệp, Q.12, TP.HCM",5580000.0,99.82,alley,3.0,4.0,3.0,55900.62,
9TN3EP,"46/37K Nhiêu Tứ, P.7, Q.Phú Nhuận, TP.HCM",6300000.0,277.53,alley,3.0,3.0,3.0,22700.25,
400ZMF,"192/27/20/16 Thạnh Lộc 15, P.Thạnh Lộc, Q.12, TP.HCM",5590000.0,110.47,alley,4.0,4.0,5.0,50601.97,
YBKQZD,"280/12A Thống Nhất, P.16, Q.Gò Vấp, TP.HCM",5800000.0,161.11,alley,4.0,3.0,3.0,36000.25,
1Q1AB6,"Bạch Đằng, P.14, Q.Bình Thạnh, TP.HCM",16000000.0,156.86,alley,5.0,3.0,3.0,102001.79,
UKFDVS,"254/49/1E Âu Cơ, P.9, Q.Tân Bình, TP.HCM",8600000.0,186.55,alley,4.0,3.0,4.0,46100.24,
GXBA62,"208/26/72 đường số 5, P.Bình Hưng Hòa, Q.Bình Tân, TP.HCM",25000000.0,70.62,alley,1.0,4.0,5.0,354007.36,
WP383R,"91/17/14 Trần Tấn, P.Tân Sơn Nhì, Q.Tân Phú, TP.HCM",4900000.0,85.06,alley,3.0,2.0,2.0,57606.4,
QAWWZU,"290C/43/12/2 Dương Bá Trạc, P.Rạch Ông, Q.8, TP.HCM",3980000.0,125.15,alley,4.0,3.0,3.0,31801.84,
6SDSV8,"124/18 Thạnh Lộc 19, P.An Phú Đông, Q.12, TP.HCM",6700000.0,121.15,alley,4.0,5.0,5.0,55303.34,
5HEFD7,"136/54D Trần Quang Diệu, P.14, Q.3, TP.HCM",6900000.0,226.97,alley,4.0,4.0,5.0,30400.49,
J2NRP0,"193/17/14 đường số 6, P.Bình Hưng Hoà B, Q.Bình Tân, TP.HCM",4050000.0,82.99,alley,2.0,2.0,2.0,48801.06,
CW06GB,"55/13/2A đường 18B, P.Bình Hưng Hoà A, Q.Bình Tân, TP.HCM",4450000.0,109.06,alley,2.0,2.0,3.0,40803.23,
37D7NQ,"86/99/26 Âu Cơ, P.9, Q.Tân Bình, TP.HCM",7400000.0,176.19,alley,4.0,4.0,3.0,42000.11,
6UH3Z8,"132/13/16/7/10 Mã Lò, P.Bình Trị Đông A, Q.Bình Tân, TP.HCM",2000000.0,132.45,alley,2.0,2.0,2.0,15100.04,
GVQ9T2,"497/83/24 Thống Nhất, P.16, Q.Gò Vấp, TP.HCM",5580000.0,136.09,alley,3.0,2.0,2.0,41002.28,
37PF2Q,"11/25 đường số 1C, P.Bình Hưng Hoà A, Q.Bình Tân, TP.HCM",3950000.0,126.6,alley,2.0,2.0,2.0,31200.63,
QAHDCU,"201/3 Tạ Quang Bửu, P.Rạch Ông, Q.8, TP.HCM",5980000.0,101.52,alley,3.0,1.0,2.0,58904.65,
RGT29J,"86/99/28 Âu Cơ, P.9, Q.Tân Bình, TP.HCM",8300000.000000001,152.01,alley,4.0,4.0,3.0,54601.67,
8579Q3,"62/70 Lý Chính Thắng, P.8, Q.3, TP.HCM",7100000.0,299.57,alley,4.0,4.0,5.0,23700.64,
ACCWPY,"745/136/14 Quang Trung, P.12, Q.Gò Vấp, TP.HCM",3930000.0,109.41,alley,2.0,2.0,3.0,35919.93,
0Z2VA9,"9/70/13 Thạnh Xuân 24, P.Thới An, Q.12, TP.HCM",5700000.0,108.36,alley,3.0,4.0,3.0,52602.44,
Q7QH0U,"713/25/5/1 An Dương Vương, P.Bình Trị Đông, Q.Bình Tân, TP.HCM",5850000.0,141.3,alley,3.0,2.0,3.0,41401.27,
4JNPRF,"53/127/30/41 đường số 4, P.Bình Hưng Hoà B, Q.Bình Tân, TP.HCM",3950000.0,82.46,alley,2.0,1.0,2.0,47902.01,
PQHHGA,"Đường Tây Lân, P.Bình Trị Đông A, Q.Bình Tân, TP.HCM",2600000.0,0.0,alley,2.0,1.0,2.0,inf,
GXJ7Z2,"54/31 Duy Tân, P.8, Q.Tân Bình, TP.HCM",9500000.0,163.79,alley,4.0,4.0,4.0,58001.1,
85PSQ3,"618/72/6 Quang Trung, P.11, Q.Gò Vấp, TP.HCM",4100000.0,119.18,alley,2.0,2.0,2.0,34401.75,
7KRRVA,"546/42 Điện Biên Phủ, P.10, Q.10, TP.HCM",5100000.0,196.91,alley,3.0,3.0,4.0,25900.16,
85CKJ3,"115/2 đường C18, P.12, Q.Tân Bình, TP.HCM",23500000.0,214.8,alley,6.0,3.0,3.0,109404.1,
GX3AK2,"350/7/34 Chiến Lược, P.Bình Trị Đông, Q.Bình Tân, TP.HCM",6600000.0,148.64,alley,4.0,4.0,3.0,44402.58,
GX8H42,"91/26/20 Trần Tấn, P.Tân Sơn Nhì, Q.Tân Phú, TP.HCM",8199999.999999999,153.27,alley,4.0,4.0,4.0,53500.36,
WPTXSR,"490/9 Hà Huy Giáp, P.Thạnh Lộc, Q.12, TP.HCM",4250000.0,50.41,alley,2.0,1.0,2.0,84308.67,
DEEJ0H,"88/69/6/10 Nguyễn Văn Quỳ, P.Phú Thuận, Q.7, TP.HCM",7200000.0,109.09,alley,4.0,5.0,4.0,66000.55,
1UUAD6,"17 Nguyễn Triệu Luật, P.Tân Tạo, Q.Bình Tân, TP.HCM",11000000.0,76.92,alley,4.0,4.0,4.0,143005.72,
9TZVCP,"3/89 Hà Huy Giáp, P.Thạnh Lộc, Q.12, TP.HCM",5250000.0,61.54,alley,2.0,2.0,2.0,85310.37,
CWEY5B,"140/95 Thạnh Xuân 25, P.Thạnh Xuân, Q.12, TP.HCM",6650000.0,114.65,alley,4.0,5.0,5.0,58002.62,
6U6DK8,"172A/4 Lạc Long Quân, P.10, Q.11, TP.HCM",4380000.0,201.84,alley,2.0,1.0,2.0,21700.36,
RPSZHJ,"88/18 Bùi Dương Lịch, P.Bình Hưng Hoà B, Q.Bình Tân, TP.HCM",2950000.0,69.08,alley,2.0,1.0,2.0,42704.11,
RZ2PGJ,"656/6 Quang Trung, P.11, Q.Gò Vấp, TP.HCM",50000000.0,251.63,alley,75.0,75.0,8.0,198704.45,
40AQJF,"76/10/7/14 Nguyễn Sơn, P.Phú Thọ Hòa, Q.Tân Phú, TP.HCM",4300000.0,85.31,alley,2.0,2.0,2.0,50404.41,
QA0YBU,"80/12/41 Dương Quảng Hàm, P.5, Q.Gò Vấp, TP.HCM",15000000.0,123.88,alley,5.0,5.0,1.0,121084.92,
PNTAJG,"62/8/2A đường số 6, Bình Trưng Tây, Q.2, TP.HCM",4500000.0,80.64,alley,1.0,1.0,1.0,55803.57,
6S3X98,"180/6 Thạnh Xuân 22, P.Thạnh Xuân, Q.12, TP.HCM",7450000.0,90.08,alley,4.0,4.0,4.0,82704.26,
353NTQ,"469/6 Nguyễn Oanh, P.17, Q.Gò Vấp, TP.HCM",7200000.0,76.27,alley,1.0,1.0,1.0,94401.47,
C4PZCB,"407/8 Sư Vạn Hạnh, P.12, Q.10, TP.HCM",27000000.0,451.5,alley,4.0,3.0,5.0,59800.66,
9N2E1P,"20/58/21 Thạnh Xuân 24, P.Thạnh Xuân, Q.12, TP.HCM",5300000.0,100.18,alley,4.0,3.0,3.0,52904.77,
85BW23,"564/3H Phạm Văn Chiêu, P.16, Q.Gò Vấp, TP.HCM",6980000.0,149.46,alley,3.0,3.0,3.0,46701.46,
7KRRUA,"Thiên Phước, P.9, Q.Tân Bình, TP.HCM",5600000.0,191.51,alley,3.0,2.0,2.0,29241.29,
5H4ZJ7,"389/8 Tỉnh Lộ 10, P.An Lạc A, Q.Bình Tân, TP.HCM",16000000.0,135.82,alley,4.0,2.0,2.0,117802.97,
WP2KPR,"24/15/26 Trương Phước Phan, P.Bình Trị Đông, Q.Bình Tân, TP.HCM",2950000.0,140.47,alley,2.0,2.0,2.0,21000.93,
RG2BCJ,"143/8/6 đường số 11, P.11, Q.Gò Vấp, TP.HCM",7000000.0,128.91,alley,4.0,3.0,4.0,54301.45,
5HHHD7,"1/20/4 Hiệp thành 33, P.Hiệp Thành, Q.12, TP.HCM",3590000.0,89.75,alley,2.0,2.0,2.0,40000.0,
85S2A3,"417/69/52 Quang Trung, P.10, Q.Gò Vấp, TP.HCM",5400000.0,98.72,alley,3.0,2.0,2.0,54700.16,
SDYB35,"442/119/49/17A Quốc Lộ 1A, P.An Phú Đông, Q.12, TP.HCM",4380000.0,84.23,alley,3.0,2.0,2.0,52000.47,
SAGKW5,"Bình Giã, P.13, Q.Tân Bình, TP.HCM",17500000.0,231.78,alley,3.0,4.0,4.0,75502.63,
QQMSUQ,"Trần Đình Xu, P.Cô Giang, Q.1, TP.HCM",7200000.0,161.79,alley,3.0,2.0,2.0,44502.13,
KFUXSC,"Thửa 60 - Tờ 63, 30/11 Bến Than, Xã Tân Thạnh Đông, H.Củ Chi, TP.HCM",4200000.0,11.6,alley,2.0,2.0,1.0,362068.97,
QABAAU,"176/27/17/18 Thạnh Xuân 25, P.Thạnh Xuân, Q.12, TP.HCM",5680000.0,113.6,alley,3.0,2.0,3.0,50000.0,
7KFTBA,"480/2A Mã Lò, P.Bình Hưng Hoà A, Q.Bình Tân, TP.HCM",6380000.0,101.1,alley,4.0,5.0,4.0,63105.84,
40P9GF,"713/29 Lê Đức Thọ, P.16, Q.Gò Vấp, TP.HCM",5980000.0,134.38,alley,3.0,3.0,2.0,44500.67,
UYABAS,"123/3 Thạnh Lộc 40, P.An Phú Đông, Q.12, TP.HCM",7590000.0,118.77,alley,5.0,4.0,5.0,63905.03,
RG92TJ,"F1/1S Ấp 6C, Xã Vĩnh Lộc A, H.Bình Chánh, TP.HCM",4200000.0,52.17,alley,2.0,1.0,1.0,80506.04,
GNG032,"MPN 104/10 Thạnh Xuân 22, P.Thạnh Xuân, Q.12, TP.HCM",5530000.0,106.34,alley,4.0,4.0,4.0,52003.01,
8S8TE3,"123/45A Lê Lợi, P.3, Q.Gò Vấp, TP.HCM",6900000.0,60.0,alley,7.0,7.0,3.0,115000.0,
SDV2Z5,"114/8/19/2 Chiến Lược, P.Bình Trị Đông, Q.Bình Tân, TP.HCM",4500000.0,181.45,alley,3.0,3.0,4.0,24800.22,
0ZCF59,"98/20/10 Lâm Thị Hố, P.Tân Chánh Hiệp, Q.12, TP.HCM",4820000.0,78.5,alley,2.0,2.0,2.0,61401.27,
YBNCJD,"801/1/7 Hà Huy Giáp, P.Thạnh Xuân, Q.12, TP.HCM",5280000.0,75.86,alley,4.0,5.0,3.0,69601.9,
7KW3EA,"320/17 Trường Chinh, P.13, Q.Tân Bình, TP.HCM",6500000.0,107.97,alley,2.0,1.0,2.0,60201.91,
7KFQFA,"763/5/18/9 Trường Chinh, P.Tây Thạnh, Q.Tân Phú, TP.HCM",4800000.0,107.86,alley,3.0,2.0,3.0,44502.13,
37KE8Q,"Nguyễn Thị Căn, P.Tân Thới Hiệp, Q.12, TP.HCM",3060000.0,107.36,alley,3.0,2.0,2.0,28502.24,
5HEED7,"94/15 Thạnh Lộc 16, P.Thạnh Lộc, Q.12, TP.HCM",4850000.0,103.85,alley,4.0,3.0,3.0,46701.97,
409PZF,"8/4 Thạnh Xuân 13, P.Thới An, Q.12, TP.HCM",7500000.0,120.38,alley,4.0,4.0,5.0,62302.71,
6S55N8,"231/11 Nguyễn Duy Dương, P.4, Q.10, TP.HCM",4580000.0,216.03,alley,2.0,3.0,3.0,21200.76,
DEBJ9H,"915/3 Luỹ Bán Bích, P.Tân Thành, Q.Tân Phú, TP.HCM",11000000.0,113.16,alley,2.0,2.0,2.0,97207.49,
8URUU3,"140/9 Phạm Văn Chiêu, P.9, Q.Gò Vấp, TP.HCM",6400000.0,189.91,alley,4.0,4.0,5.0,33700.17,
UD5Y0S,"116/1 Thạnh Lộc 29, P.Thạnh Lộc, Q.12, TP.HCM",6360000.0,126.6,alley,3.0,4.0,5.0,50236.97,
0ZKXR9,"443/6C Chiến Lược, P.Tân Tạo, Q.Bình Tân, TP.HCM",5700000.0,77.34,alley,3.0,2.0,2.0,73700.54,
WPQGGR,"736/137/1 Lê Đức Thọ, P.15, Q.Gò Vấp, TP.HCM",6950000.0,155.48,alley,3.0,3.0,4.0,44700.28,
1UHH56,"336/43C Nguyễn Văn Luông, P.12, Q.6, TP.HCM",5300000.0,95.84,alley,2.0,2.0,3.0,55300.5,
WPTWTR,"129/47/18 Bùi Văn Ngữ, P.Hiệp Thành, Q.12, TP.HCM",2850000.0,112.64,alley,2.0,2.0,2.0,25301.85,
SDYMW5,"539/17A Cách Mạng Tháng 8, P.15, Q.10, TP.HCM",6000000.0,110.49,alley,1.0,1.0,1.0,54303.56,
SDYY15,"76/22/14 Lê Lợi, P.3, Q.Gò Vấp, TP.HCM",15800000.0,188.09,alley,20.0,20.0,6.0,84002.34,
85SS03,"75/9/2 và 75/9/6 Trần Văn Đang, P.9, Q.3, TP.HCM",8500000.0,227.88,alley,9.0,9.0,5.0,37300.33,
5DJF57,"400/96 An Dương Vương, P.16, Q.8, TP.HCM",6500000.0,154.76,alley,4.0,3.0,3.0,42000.52,
SC6CE5,"tỉnh 743, Tân Đông Hiệp, Dĩ An, TP.HCM",8500000.0,29.82,alley,10.0,6.0,1.0,285043.59,
K42E3C,"198/10E Hồ Học Lãm, P.An Lạc, Q.Bình Tân, TP.HCM",3900000.0,107.43,alley,2.0,2.0,2.0,36302.71,
9ZMVAP,"26/33 Huỳnh Đình Hai, P.24, Q.Bình Thạnh, TP.HCM",13500000.0,261.62,alley,3.0,4.0,5.0,51601.56,
GMDY52,"290/40/41/1 Hiep Thành 17, P.Hiệp Thành, Q.12, TP.HCM",2050000.0,123.49,alley,2.0,2.0,2.0,16600.53,
QAY6SU,"1358/4 Quang Trung, P.14, Q.Gò Vấp, TP.HCM",15500000.0,126.11,alley,4.0,4.0,4.0,122908.57,
UYAT0S,"Lê Quang Định, P.1, Q.Gò Vấp, TP.HCM",6950000.0,143.89,alley,2.0,2.0,2.0,48300.79,
J2P740,"872/56/11A Quang Trung, P.8, Q.Gò Vấp, TP.HCM",6800000.0,83.53,alley,5.0,5.0,1.0,81407.88,
02T159,"15/40/51 đường số 59, P.14, Q.Gò Vấp, TP.HCM",3950000.0,182.02,alley,2.0,2.0,2.0,21700.91,
KE7M8C,"818/55/4 Nguyễn Kiệm, P.3, Q.Gò Vấp, TP.HCM",1950000.0,148.85,alley,1.0,1.0,2.0,13100.44,
8565X3,"257/80/60D ấp 2, Xã Đông Thạnh, H.Hóc Môn, TP.HCM",3700000.0,72.54,alley,2.0,2.0,2.0,51006.34,
PNR5ZG,"189/12/24 Đình Phong Phú, Tăng Nhơn Phú B, Q.9, TP.HCM",8600000.0,131.49,alley,4.0,5.0,4.0,65404.21,
1UNB26,"189/12/22 Đình Phong Phú, Tăng Nhơn Phú B, Q.9, TP.HCM",8600000.0,130.89,alley,4.0,5.0,4.0,65704.03,
CW391B,"479/19 Nguyễn Bình, Xã Phú Xuân, H.Nhà Bè, TP.HCM",5100000.0,54.54,alley,2.0,1.0,1.0,93509.35,
KFT6RC,"45/23/3 Hàn Hải Nguyên, P.16, Q.11, TP.HCM",4700000.0,147.33,alley,3.0,3.0,4.0,31901.17,
2MS6AZ,"373/15A Trần Xuân Soạn, P.Tân Hưng, Q.7, TP.HCM",3550000.0,129.56,alley,2.0,2.0,2.0,27400.43,
EJ0B24,"128A/28 Nguyễn Chí Thanh, P.2, Q.10, TP.HCM",3380000.0,195.37,alley,2.0,3.0,3.0,17300.51,
ACK5KY,"213/2/8 Quang Trung, P.10, Q.Gò Vấp, TP.HCM",6600000.0,127.65,alley,2.0,2.0,2.0,51703.88,
EJWGS4,"353/4/2 Quang Trung, P.10, Q.Gò Vấp, TP.HCM",6370000.0,143.99,alley,3.0,3.0,2.0,44239.18,
85SJQ3,"395/30 Lê Quang Định, P.7, Q.Bình Thạnh, TP.HCM",1750000.0,324.07,alley,2.0,2.0,2.0,5400.07,
DBGWYH,"687/71 Quốc Lộ 1, P.Bình Hưng Hòa, Q.Bình Tân, TP.HCM",8500000.0,153.7,alley,4.0,4.0,5.0,55302.54,
6WY48Y,"2B/1/36 Bạch Đằng, P.2, Q.Tân Bình, TP.HCM",27500000.0,252.52,alley,3.0,3.0,3.0,108902.27,
40U7NF,"71/45 Thạnh Lộc 08, P.Thạnh Xuân, Q.12, TP.HCM",4100000.0,51.25,alley,2.0,1.0,2.0,80000.0,
0Z6B49,"408/44 Bình Thành, P.Bình Hưng Hoà B, Q.Bình Tân, TP.HCM",4800000.0,59.33,alley,2.0,1.0,1.0,80903.42,
QAYDTU,"An Dương Vương, P.An Lạc, Q.Bình Tân, TP.HCM",6500000.0,108.33,alley,2.0,2.0,2.0,60001.85,
7KDK5A,"84/2A Ấp Chiến Lược, P.Bình Hưng Hoà A, Q.Bình Tân, TP.HCM",11000000.0,94.74,alley,1.0,1.0,1.0,116107.24,
KFBWFC,"48/5 Nguyễn Hiến Lê, P.13, Q.Tân Bình, TP.HCM",19000000.0,180.95,alley,5.0,5.0,4.0,105001.38,
87HMA3,"453/16 An Phú Đông 35, P.An Phú Đông, Q.12, TP.HCM",7200000.0,87.48,alley,4.0,4.0,3.0,82304.53,
37ZACQ,"161/14 đường số 4, P.16, Q.Gò Vấp, TP.HCM",7990000.0,220.11,alley,3.0,3.0,5.0,36300.03,
372CRQ,"551/110/5 Lê Văn Khương, P.Hiệp Thành, Q.12, TP.HCM",3290000.0,97.62,alley,2.0,1.0,2.0,33702.11,
9TDBKP,"180/8 Thạnh Lộc 15, P.Thạnh Lộc, Q.12, TP.HCM",1650000.0,82.08,alley,1.0,1.0,2.0,20102.34,
CW1ENB,"61/5 Thạnh Xuân 38, P.Thới An, Q.12, TP.HCM",7300000.0,123.51,alley,4.0,5.0,5.0,59104.53,
1U7DY6,"161D/104A/18 Lạc Long Quân, P.3, Q.11, TP.HCM",10200000.0,227.17,alley,4.0,5.0,6.0,44900.29,
YKQ31D,"8/19/21/16 Thạnh Xuân 40, P.Thạnh Xuân, Q.12, TP.HCM",4390000.0,66.51,alley,3.0,2.0,2.0,66005.11,
QAX6MU,"đường số 2, P.3, Q.Gò Vấp, TP.HCM",2800000.0,264.15,alley,2.0,1.0,2.0,10600.04,
J2S2R0,"Cách Mạng Tháng Tám, P.12, Q.10, TP.HCM",4250000.0,91.59,alley,2.0,2.0,2.0,46402.45,
CF5UYB,"55/3 ( Thửa 524 - tờ 14) ấp Lào Táo, Xã Trung Lập Hạ, H.Củ Chi, TP.HCM",1200000.0,11.18,alley,3.0,1.0,1.0,107334.53,
6UWEG8,"486/24 Phan Xích Long, P.4, Q.Phú Nhuận, TP.HCM",15860000.0,291.54,alley,5.0,5.0,4.0,54400.77,
7K9VCA,"417/49/47 Quang Trung, P.10, Q.Gò Vấp, TP.HCM",4350000.0,94.56,alley,2.0,1.0,2.0,46002.54,
WPXQDR,"439/6 Nguyễn Văn Khối, P.8, Q.Gò Vấp, TP.HCM",9000000.0,155.7,alley,3.0,2.0,2.0,57803.47,
DEW81H,"237/71/7/9 Lê Văn Khương, P.Hiệp Thành, Q.12, TP.HCM",3650000.0,98.91,alley,3.0,2.0,2.0,36902.23,
9TGF8P,"163/29/30 Tô Hiến Thành, P.13, Q.10, TP.HCM",2780000.0,226.01,alley,2.0,1.0,3.0,12300.34,
RPRGNJ,"386/14 Quang Trung, P.10, Q.Gò Vấp, TP.HCM",7900000.0,171.36,alley,5.0,5.0,5.0,46101.77,
GNKC52,"331/51/62 Phan Huy Ích, P.14, Q.Gò Vấp, TP.HCM",3980000.0,149.62,alley,2.0,2.0,2.0,26600.72,
8SD7R3,"591/8/2 Bình Thới, P.10, Q.11, TP.HCM",11500000.0,205.35,alley,10.0,10.0,4.0,56001.95,
RGYZAJ,"480/62/8 Nguyễn Tri Phương, P.9, Q.10, TP.HCM",4250000.0,168.65,alley,4.0,2.0,3.0,25200.12,
UYE0PS,"356/12 Gò Dầu, P.Tân Quý, Q.Tân Phú, TP.HCM",7800000.0,92.85,alley,4.0,6.0,4.0,84006.46,
GXXNS2,"352/42 Gò Dầu, P.Tân Sơn Nhì, Q.Tân Phú, TP.HCM",6250000.0,112.2,alley,3.0,2.0,2.0,55704.1,
7KHSVA,"125/227/6G Nguyễn Thị Tần, P.Rạch Ông, Q.8, TP.HCM",5780000.0,155.37,alley,4.0,3.0,4.0,37201.52,
1U3GN6,"181b/37 Âu Dương Lân, P.Rạch Ông, Q.8, TP.HCM",5800000.0,136.79,alley,2.0,2.0,2.0,42400.76,
1Q15K6,"231/108 Lưu Hữu Phước, P.15, Q.8, TP.HCM",2470000.0,83.16,alley,2.0,2.0,2.0,29701.78,
9Z711P,"20K Đường Nguyễn Duy, P.14, Q.8, TP.HCM",4980000.0,73.34,alley,4.0,3.0,2.0,67902.92,
GN3V82,"44/26 Sư Vạn Hạnh, P.9, Q.5, TP.HCM",3750000.0,192.3,alley,2.0,3.0,3.0,19500.78,
SDTGT5,"9/21/19/10 Thạnh Xuân 24, P.Thạnh Xuân, Q.12, TP.HCM",5700000.0,113.77,alley,4.0,4.0,5.0,50101.08,
1UK3X6,"164/3/15 Bùi Quang Là, P.12, Q.Gò Vấp, TP.HCM",4950000.0,188.21,alley,4.0,3.0,4.0,26300.41,
KFWAQC,"240/23/8 Hiệp Thành 13, P.Hiệp Thành, Q.12, TP.HCM",5490000.0,93.84,alley,4.0,3.0,4.0,58503.84,
85U2Y3,"631/23 Lê Đức Thọ, P.16, Q.Gò Vấp, TP.HCM",10000000.0,98.03,alley,1.0,1.0,1.0,102009.59,
37UY7Q,"154/54/23 Âu Dương Lân, P.Rạch Ông, Q.8, TP.HCM",5780000.0,226.66,alley,3.0,4.0,5.0,25500.75,
6QNT28,"2/29 Cao Thắng, P.5, Q.3, TP.HCM",76000000.0,329.48,alley,1.0,1.0,2.0,230666.5,
UA9XAS,"99/13 đường số 2, P.16, Q.Gò Vấp, TP.HCM",4300000.0,124.27,alley,2.0,2.0,2.0,34602.08,
9Z755P,"58/10 đường số 14, P.Bình Hưng Hoà A, Q.Bình Tân, TP.HCM",3750000.0,130.2,alley,2.0,2.0,2.0,28801.84,
DBTDVH,"114/1 Huỳnh Tấn Phát, Xã Phú Xuân, H.Nhà Bè, TP.HCM",6100000.0,55.55,alley,2.0,1.0,1.0,109810.98,
6UC5N8,"208/29 đường số 5, P.Bình Hưng Hòa, Q.Bình Tân, TP.HCM",8199999.999999999,152.7,alley,5.0,4.0,4.0,53700.07,
6SZTX8,"331/18/4 Trần Thị Năm, P.Trung Mỹ Tây, Q.12, TP.HCM",7500000.0,129.31,alley,6.0,5.0,5.0,58000.15,
40VEYF,"52/15/14 Nguyễn Sỹ Sách, P.15, Q.Tân Bình, TP.HCM",6000000.0,89.75,alley,2.0,1.0,1.0,66852.37,
7KE8FA,"560/6 Trường Chinh, P.13, Q.Tân Bình, TP.HCM",10500000.0,153.95,alley,1.0,1.0,1.0,68203.96,
857MH3,"184/20/14/1 Bùi Văn Ngữ, P.Hiệp Thành, Q.12, TP.HCM",3680000.0,98.39,alley,2.0,2.0,2.0,37402.18,
020WV9,"28/9 Âu Dương Lân, P.Rạch Ông, Q.8, TP.HCM",6700000.0,136.45,alley,2.0,2.0,2.0,49102.24,
ABHXUY,"80/4/23 Tân Hòa Đông, P.14, Q.6, TP.HCM",9500000.0,61.29,alley,2.0,2.0,2.0,155000.82,
5KYGG7,"Nguyễn Văn Đậu, P.11, Q.Bình Thạnh, TP.HCM",5950000.0,140.99,alley,3.0,3.0,2.0,42201.57,
RGUMFJ,"67/2/88 đường số 6, P.Bình Hưng Hòa, Q.Bình Tân, TP.HCM",7000000.0,132.57,alley,2.0,2.0,4.0,52802.29,
QAJEYU,"202/21 Trần Thị Hè, P.Tân Thới Hiệp, Q.12, TP.HCM",9900000.0,99.09,alley,13.0,13.0,4.0,99909.17,
37ETBQ,"384/71bis Lý Thái Tổ, P.10, Q.10, TP.HCM",15200000.0,144.76,alley,2.0,2.0,2.0,105001.38,
1UACH6,"Thạnh Lộc 16, P.An Phú Đông, Q.12, TP.HCM",6600000.0,118.49,alley,4.0,5.0,5.0,55700.9,
SDDYX5,"339/25A Lê Văn Sỹ, P.15, Q.Gò Vấp, TP.HCM",33000000.0,359.47,alley,8.0,9.0,6.0,91801.82,
40WY4F,"5/122/21A Nơ Trang Long, P.7, Q.Bình Thạnh, TP.HCM",3990000.0,212.23,alley,2.0,2.0,2.0,18800.36,
AHSH9Y,"25/4B Cửu Long, P.2, Q.Tân Bình, TP.HCM",18900000.0,287.23,alley,8.0,8.0,5.0,65800.93,
JPUA80,"32/21 Đất Thánh, P.06, Q.Tân Bình, TP.HCM",7300000.0,228.12,alley,2.0,2.0,3.0,32000.7,
PNA9JG,"994A/77 Huỳnh Tấn Phát, P.Tân Phú, Q.7, TP.HCM",3650000.0,86.9,alley,2.0,1.0,2.0,42002.3,
7HSFEA,"282/38/9 Bùi Hữu Nghĩa, P.2, Q.Bình Thạnh, TP.HCM",1870000.0,176.41,alley,1.0,1.0,2.0,10600.31,
6UW428,"840/18/1B Hương Lộ 2, P.Bình Trị Đông A, Q.Bình Tân, TP.HCM",6680000.0,128.46,alley,4.0,3.0,4.0,52000.62,
Q7J8TU,"332/86 Phan Văn Trị, P.11, Q.Bình Thạnh, TP.HCM",5000000.0,180.5,alley,2.0,1.0,2.0,27700.83,
PNXH0G,"163/25/12 Tô Hiến Thành, P.13, Q.10, TP.HCM",12200000.0,211.07,alley,8.0,8.0,5.0,57800.73,
SYHHV5,"2/173A Tân Lập, Xã Tân Thới Nhì, H.Hóc Môn, TP.HCM",9500000.0,52.8,alley,3.0,2.0,1.0,179924.24,
WP8KBR,"35/15 Nghĩa Phát, P.6, Q.Tân Bình, TP.HCM",6700000.0,132.93,alley,2.0,2.0,2.0,50402.47,
37D1JQ,"26/4 Nguyễn Thị Căn, P.Tân Thới Hiệp, Q.12, TP.HCM",3480000.0,111.53,alley,2.0,2.0,2.0,31202.37,
5HYKH7,"383/38 Quang Trung, P.10, Q.Gò Vấp, TP.HCM",10400000.0,142.66,alley,2.0,1.0,1.0,72900.6,
Q13BUQ,"Đặng Minh Trứ, P.10, Q.Tân Bình, TP.HCM",4200000.0,121.38,alley,1.0,1.0,2.0,34602.08,
SDNEF5,"126/15 đường số 28, P.6, Q.Gò Vấp, TP.HCM",6900000.0,107.81,alley,3.0,3.0,3.0,64001.48,
6UCVK8,"95/44 Đinh Tiên Hoàng, P.1, Q.Bình Thạnh, TP.HCM",9500000.0,265.36,alley,2.0,2.0,2.0,35800.42,
3HYHAQ,"12/12B hoàng diệu, P.10, Q.Phú Nhuận, TP.HCM",4800000.0,133.33,alley,2.0,3.0,2.0,36000.9,
RNPDEJ,"507/13 Chiến Lược, P.Tân Tạo, Q.Bình Tân, TP.HCM",3150000.0,97.22,alley,2.0,2.0,2.0,32400.74,
AB4PZY,"86/25 Âu Cơ, P.9, Q.Tân Bình, TP.HCM",9900000.0,155.9,alley,3.0,3.0,3.0,63502.25,
EJAA14,"672/5/18 Thống Nhất, P.16, Q.Gò Vấp, TP.HCM",6680000.0,176.25,alley,4.0,4.0,3.0,37900.71,
ACXBQY,"7/12 Chấn Hưng, P.6, Q.Tân Bình, TP.HCM",7500000.0,154.95,alley,4.0,5.0,3.0,48402.71,
J2SWK0,"745/111 Quang Trung, P.12, Q.Gò Vấp, TP.HCM",15500000.0,155.0,alley,5.0,5.0,5.0,100000.0,
DER7UH,"232/7G Nguyễn văn Luông, P.11, Q.6, TP.HCM",5300000.0,117.51,alley,4.0,4.0,3.0,45102.54,
SDCVE5,"913/15 Hà Huy Giáp, P.Thạnh Xuân, Q.12, TP.HCM",4350000.0,64.63,alley,2.0,2.0,2.0,67306.2,
GXVYF2,"616/22 Lê Đức Thọ, P.15, Q.Gò Vấp, TP.HCM",21000000.0,157.77,alley,23.0,23.0,7.0,133105.15,
375H7Q,"208/4 Thạnh Lộc 27, P.An Phú Đông, Q.12, TP.HCM",6900000.0,111.83,alley,6.0,5.0,5.0,61700.8,
5DTMK7,"79/9/15 Thới An 20, P.Thới An, Q.12, TP.HCM",6900000.0,121.26,alley,4.0,4.0,4.0,56902.52,
1Q5TZ6,"59/2 Hoa Sữa, P.7, Q.Phú Nhuận, TP.HCM",7970000.0,355.8,alley,3.0,4.0,4.0,22400.22,
6SAZ08,"28/43 + 28H/9 Dương Bá Trạc, P.Rạch Ông, Q.8, TP.HCM",16900000.0,138.52,alley,20.0,20.0,5.0,122004.04,
DEB0PH,"92/6 Nguyễn Sơn, P.Phú Thọ Hòa, Q.Tân Phú, TP.HCM",12700000.0,140.48,alley,13.0,13.0,4.0,90404.33,
J24QR0,"8/26 đường số 16, P.Bình Hưng Hòa, Q.Bình Tân, TP.HCM",6000000.0,80.0,alley,1.0,1.0,1.0,75000.0,
KF947C,"554/17/4 Nguyễn Bình, Xã Phú Xuân, H.Nhà Bè, TP.HCM",1590000.0,9.81,alley,3.0,2.0,3.0,162079.51,
9TX98P,"28/4 đường số 15, P.Bình Hưng Hòa, Q.Bình Tân, TP.HCM",4450000.0,111.25,alley,1.0,1.0,1.0,40000.0,
7H66QA,"Đường Trần Thị Do, P.Hiệp Thành, Q.12, TP.HCM",2950000.0,110.07,alley,4.0,3.0,3.0,26801.13,
UCDKPS,"205/48/41T ấp 5, Xã Đông Thạnh, H.Hóc Môn, TP.HCM",4200000.0,68.85,alley,1.0,1.0,1.0,61002.18,
PNQX1G,"362/62A Phan Huy Ích, P.12, Q.Gò Vấp, TP.HCM",7960000.0,123.34,alley,4.0,5.0,4.0,64537.05,
CW082B,"280/126/9 Bùi Hữu Nghĩa, P.2, Q.Bình Thạnh, TP.HCM",6200000.0,144.85,alley,2.0,2.0,2.0,42802.9,
7H7MZA,"26/6/13 đường số 13A, P.Bình Hưng Hòa, Q.Bình Tân, TP.HCM",3500000.0,79.54,alley,2.0,2.0,2.0,44003.02,
AKAK0Y,"129/2 Lê Thiệt, P.Phú Thọ Hòa, Q.Tân Phú, TP.HCM",3800000.0,137.23,alley,3.0,2.0,2.0,27690.74,
C4H5SB,"84/42A Bùi Quang Là, P.12, Q.Gò Vấp, TP.HCM",4250000.0,156.78,alley,2.0,2.0,2.0,27108.05,
6UBA08,"Đường Tỉnh Lộ 10, P.Tân Tạo, Q.Bình Tân, TP.HCM",2670000.0,101.44,alley,2.0,2.0,2.0,26320.98,
5DWKQ7,"1/14 Đường Nguyễn Hữu Tiến, P.Tây Thạnh, Q.Tân Phú, TP.HCM",5200000.0,96.47,alley,3.0,2.0,2.0,53902.77,
YK5MGD,"763/5/4/29 Trường Chinh, P.Tây Thạnh, Q.Tân Phú, TP.HCM",5800000.0,96.82,alley,3.0,3.0,2.0,59904.98,
382RQ3,"Đường Phan Văn Hân, P.17, Q.Bình Thạnh, TP.HCM",9960000.0,162.21,alley,8.0,8.0,3.0,61401.89,
375ZWQ,"20/50/16 Thạnh Xuân 24, khu phố 7, P.Thạnh Xuân, Q.12, TP.HCM",5450000.0,103.8,alley,3.0,4.0,3.0,52504.82,
GXWFS2,"Tam Long, TP.HCM, TP.HCM",3600000.0,28.66,street,2.0,2.0,3.0,125610.61,
DF5Y0H,"Khu dân cư 13A Intresco, xã Bình Hưng, TP. HCM., Xã Bình Hưng, H.Bình Chánh, TP.HCM",18200000.0,130.0,street,1.0,1.0,2.0,140000.0,
DR9BKH,"42/9 Tân Hiệp 4, Xã Tân Hiệp, H.Hóc Môn, TP.HCM",7200000.0,40.0,street,1.0,2.0,2.0,180000.0,
YBEX4D,"193 Cô Giang, P.Cô Giang, Q.1, TP.HCM",25000000.0,596.65,street,5.0,5.0,5.0,41900.61,
6AUU58,"33 Ngô Văn Sở, Dĩ An, Dĩ An, TP.HCM",8800000.0,96.7,street,4.0,5.0,3.0,91003.1,
7BX2XA,"96 Nguyễn Đình Chiểu, Đông Hòa, Dĩ An, TP.HCM",7700000.0,82.79,street,4.0,4.0,2.0,93006.4,
Q5PBQU,"Văn Thân, P.8, Q.6, TP.HCM",26000000.0,174.14,street,4.0,5.0,2.0,149305.16,
GRJU2N,"Tân Thành, P.16, Q.11, TP.HCM",12000000.0,225.56,street,4.0,4.0,4.0,53200.92,
JE8E0D,"Ba Đình, P.8, Q.8, TP.HCM",16900000.0,219.76,street,7.0,8.0,4.0,76902.07,
0G8TZ9,"đường Minh Phụng, P.2, Q.6, TP.HCM",25000000.0,219.57,street,1.0,1.0,1.0,113858.91,
42MYAF,"178 Nguyễn Suý, P.Tân Quý, Q.Tân Phú, TP.HCM",15000000.0,166.66,street,7.0,4.0,2.0,90003.6,
3SDPCQ,"115 Nguyễn Văn Luông, P.10, Q.6, TP.HCM",10000000.0,169.59,street,2.0,2.0,2.0,58965.74,
8UYKG3,"đường Bình Tiên, P.14, Q.6, TP.HCM",40000000.0,233.99,street,6.0,4.0,3.0,170947.48,
GTDJB2,"Tái Thiết, P.11, Q.Tân Bình, TP.HCM",14000000.0,127.5,street,2.0,2.0,3.0,109803.92,
AH9WKY,"đường Bà Hom, P.13, Q.6, TP.HCM",25000000.0,256.33,street,3.0,3.0,2.0,97530.53,
KEW2WC,"Đinh Công Tráng, P.Tân Định, Q.1, TP.HCM",38000000.0,353.35,street,8.0,8.0,6.0,107542.1,
Q5DR0U,"Tô Hiệu, P.Tân Thới Hòa, Q.Tân Phú, TP.HCM",17500000.0,196.03,street,3.0,4.0,3.0,89272.05,
7DEK1A,"113 Tân Hóa, P.14, Q.6, TP.HCM",13500000.0,164.17,street,1.0,1.0,4.0,82231.83,
SABGS5,"453 Hoàng Văn Thụ, P.4, Q.Tân Bình, TP.HCM",30000000.0,338.39,street,6.0,3.0,5.0,88655.1,
6AYH68,"Hoàng Diệu, P.15, Q.4, TP.HCM",2750000.0,182.11,street,2.0,3.0,4.0,15100.76,
AHWNZY,"70 Đặng Nguyên Cẩn, P.14, Q.6, TP.HCM",13000000.0,172.65,street,1.0,1.0,1.0,75296.84,
R9GDAJ,"Tám Danh, P.4, Q.8, TP.HCM",11000000.0,242.82,street,5.0,4.0,4.0,45301.05,
GT44U2,"Số 43, P.10, Q.6, TP.HCM",6300000.0,210.0,street,3.0,3.0,4.0,30000.0,
PZF80G,"49A Lê Lai, P.12, Q.Tân Bình, TP.HCM",11900000.0,182.79,street,5.0,4.0,4.0,65102.03,
CWGAXB,"313 Nguyễn Thị Thập, P.Tân Phú, Q.7, TP.HCM",600000000.0,349.93,street,2.0,2.0,2.0,1714628.64,
PZV3AG,"Trường Chinh, P.Tân Thới Nhất, Q.12, TP.HCM",12500000.0,270.64,street,3.0,3.0,3.0,46186.82,
DCWTPH,"Trường Chinh, P.13, Q.Tân Bình, TP.HCM",21000000.0,303.6,street,7.0,6.0,3.0,69169.96,
W0ZJNR,"Đường Số 10, P.13, Q.6, TP.HCM",15900000.0,211.72,street,3.0,4.0,3.0,75099.19,
35PPMQ,"Đường Hà Bổng, P.Trung Mỹ Tây, Q.12, TP.HCM",6500000.0,91.54,street,2.0,2.0,2.0,71007.21,
PZ4B3G,"Phan Anh, P.Tân Thới Hòa, Q.Tân Phú, TP.HCM",13500000.0,170.45,street,5.0,4.0,4.0,79202.11,
8UE5K3,"236 Vườn Lài, P.Phú Thọ Hòa, Q.Tân Phú, TP.HCM",15300000.0,227.0,street,4.0,4.0,3.0,67400.88,
6Q74D8,"Cao Văn Lầu, P.2, Q.6, TP.HCM",27000000.0,248.8,street,6.0,5.0,4.0,108520.9,
3SCGHQ,"29A Quốc Lộ 13, P.26, Q.Bình Thạnh, TP.HCM",45000000.0,0.12,street,3.0,3.0,2.0,375000000.0,
C4SVQB,"Hồng Lạc, P.10, Q.Tân Bình, TP.HCM",12000000.0,201.34,street,3.0,3.0,4.0,59600.68,
6QB1R8,"32 Nguyễn Duy Cung, P.12, Q.Gò Vấp, TP.HCM",14000000.0,0.13,street,4.0,4.0,3.0,107692307.69,
3SBVFQ,"đường Mai Xuân Thưởng, P.1, Q.6, TP.HCM",19000000.0,290.11,street,8.0,6.0,4.0,65492.4,
5YJDX7,"77 đường Phạm Phú Thứ, P.3, Q.6, TP.HCM",14000000.0,168.21,street,7.0,5.0,4.0,83229.3,
37BXCQ,"225 Bis - 227 Hai Bà Trung, P.Võ Thị Sáu, Q.3, TP.HCM",176000000.0,782.91,street,6.0,8.0,3.0,224802.34,
GTFK12,"59 Nguyễn Duy Cung, P.12, Q.Gò Vấp, TP.HCM",9200000.0,146.73,street,3.0,2.0,2.0,62700.2,
3SVNMQ,"Huỳnh Khương An, P.5, Q.Gò Vấp, TP.HCM",12500000.0,198.09,street,4.0,5.0,4.0,63102.63,
QH70DU,"92 Nguyễn Thị Ai, Xã Tân Xuân, H.Hóc Môn, TP.HCM",8500000.0,101.19,street,4.0,5.0,4.0,84000.4,
KE9XWC,"61 đường 105D Trịnh Quang Nghị, P.7, Q.8, TP.HCM",8600000.0,78.18,street,4.0,4.0,4.0,110002.56,
U7XDBS,"Nguyễn Văn Đậu, P.5, Q.Phú Nhuận, TP.HCM",26000000.0,251.93,street,3.0,3.0,4.0,103203.27,
RGA7PJ,"02 Thạnh Lộc 39, P.An Phú Đông, Q.12, TP.HCM",6600000.0,107.14,street,4.0,6.0,5.0,61601.64,
6XTP8Y,"Huỳnh Văn Bánh, P.11, Q.Phú Nhuận, TP.HCM",14500000.0,0.42,street,3.0,4.0,4.0,34523809.52,
5SP27X,"67 số 29, P.Bình Trị Đông B, Q.Bình Tân, TP.HCM",14800000.0,126.8,street,4.0,4.0,4.0,116719.24,
6AR6J8,"Phạm Hữu Lầu, P.Phú Thuận, Q.7, TP.HCM",18900000.0,210.0,street,3.0,5.0,4.0,90000.0,
SD3YU5,"29 Ngô Đức Kế, P.12, Q.Bình Thạnh, TP.HCM",12000000.0,152.86,street,1.0,1.0,1.0,78503.21,
W926DR,"5A khu D Ngô Tất Tố, P.22, Q.Bình Thạnh, TP.HCM",5350000.0,130.17,street,1.0,1.0,2.0,41100.1,
3D76TQ,"11A Lương Thế Vinh, P.Tân Thới Hòa, Q.Tân Phú, TP.HCM",14500000.0,233.26,street,3.0,2.0,3.0,62162.39,
QK0S3U,"3 Hoa Cúc, P.7, Q.Phú Nhuận, TP.HCM",16500000.0,412.5,street,2.0,3.0,4.0,40000.0,
AHAHRY,"157A đường số 11, P.Linh Xuân, TP.Thủ Đức, TP.HCM",18600000.0,99.73,street,4.0,4.0,3.0,186503.56,
YFG1CD,"Tân sơn nhì Tân Sơn Nhì, P.Tân Sơn Nhì, Q.Tân Phú, TP.HCM",4650000.0,125.67,street,2.0,2.0,2.0,37001.67,
AEU70Y,"34 Tăng Bạt Hổ, P.11, Q.Bình Thạnh, TP.HCM",16500000.0,351.06,street,5.0,4.0,5.0,47000.51,
8UVXF3,"MPN 39A Gò Dưa, KP4, P.Tam Bình, TP.Thủ Đức, TP.HCM",12500000.0,136.16,street,4.0,5.0,4.0,91803.76,
A4SFVY,"12A Đào Duy Từ, P.15, Q.Phú Nhuận, TP.HCM",10600000.0,265.66,street,6.0,7.0,4.0,39900.62,
QDTV1U,"88A đường số 5, P.17, Q.Gò Vấp, TP.HCM",6600000.0,110.55,street,3.0,2.0,3.0,59701.49,
A4S0UY,"Ấp 101 Nam Thới 1, Xã Đông Thạnh, H.Hóc Môn, TP.HCM",7990000.0,88.87,street,6.0,6.0,5.0,89906.61,
QKBS0U,"đường Phan văn Hớn, P.Tân Thới Nhất, Q.12, TP.HCM",5100000.0,100.0,street,2.0,2.0,2.0,51000.0,
0M1GV9,"67 Phan Văn Hớn, P.Tân Thới Nhất, Q.12, TP.HCM",5200000.0,77.61,street,2.0,1.0,2.0,67001.68,
QY1AQU,"122 đường số 2, P.16, Q.Gò Vấp, TP.HCM",2650000.0,157.08,street,2.0,1.0,2.0,16870.38,
5D61A7,"Đường Ao Đôi, Khu phố 10, P.Bình Trị Đông A, Q.Bình Tân, TP.HCM",16000000.0,103.89,street,3.0,2.0,3.0,154009.05,
U739JS,"311K37 đường G, khu phố 1, P.An Phú, TP.Thủ Đức, TP.HCM",28000000.0,280.0,street,4.0,4.0,4.0,100000.0,
SBPMA5,"43 Lý Thường Kiệt, P.7, Q.10, TP.HCM",30500000.0,482.59,street,8.0,6.0,6.0,63200.65,
SYKW35,"48 đường số 2, Cư xá Bình Thới, P.8, Q.11, TP.HCM",17700000.0,316.07,street,4.0,3.0,3.0,56000.25,
65RSP8,"42A Nguyễn Văn Bứa, ấp 51, Xã Bà Điểm, H.Hóc Môn, TP.HCM",29700000.0,27.51,street,6.0,3.0,1.0,1079607.42,
YBQ4ED,"44 đường số 2 - KDC Hương Lộ 5, P.An Lạc, Q.Bình Tân, TP.HCM",10000000.0,119.04,street,1.0,2.0,5.0,84005.38,
E0CGH4,"34 đường số 8, Khu dân cư Cityland, P.10, Q.Gò Vấp, TP.HCM",25000000.0,250.0,street,5.0,3.0,4.0,100000.0,
6AXQC8,"03 đường số 3, Khu nhà ở Hai Thành, P.Tân Tạo A, Q.Bình Tân, TP.HCM",13000000.0,76.56,street,4.0,5.0,4.0,169801.46,
0NJBV9,"62 đường số 2, khu dân cư Vĩnh Lộc, P.Bình Hưng Hoà B, Q.Bình Tân, TP.HCM",11000000.0,110.0,street,4.0,4.0,4.0,100000.0,
RZ752J,"68 số 8, P.An Khánh, TP.Thủ Đức, TP.HCM",22000000.0,239.13,street,4.0,3.0,3.0,92000.17,
K0GSVC,"15 đường số 53, P.Hiệp Bình Chánh, TP.Thủ Đức, TP.HCM",12500000.0,82.78,street,4.0,3.0,3.0,151002.66,
3HB60Q,"38B17 Cây Keo, P.Tam Phú, TP.Thủ Đức, TP.HCM",10500000.0,116.66,street,3.0,3.0,3.0,90005.14,
UKPHAS,"251 - 253 - 255 - 257 Thống Nhất, P.11, Gò Vấp, TP.HCM",160000000.0,202.42,street,4.0,4.0,4.0,790435.73,
W0G54R,"275 Hoàng Sa, P.Tân Định, Q.1, TP.HCM",15000000.0,414.82,street,3.0,4.0,6.0,36160.26,
6TUD8Y,"178 Tạ Uyên, P.7, Q.11, TP.HCM",26000000.0,373.67,street,5.0,4.0,4.0,69580.11,
G9BN2N,"Nguyễn Trãi, P.14, Q.5, TP.HCM",28000000.0,411.76,street,6.0,7.0,4.0,68000.78,
K59ZCJ,"số 15, P.An Phú, TP.Thủ Đức, TP.HCM",62000000.0,310.0,street,4.0,5.0,3.0,200000.0,
6SYS18,"117 Bình Thới, P.11, Q.11, TP.HCM",18000000.0,289.85,street,3.0,2.0,2.0,62101.09,
PZSSUG,"70 Hòa Bình, P.5, Q.11, TP.HCM",14000000.0,201.72,street,2.0,2.0,2.0,69403.13,
AH9WDY,"15 Nguyễn Thi, P.13, Q.5, TP.HCM",30000000.0,231.83,street,4.0,4.0,3.0,129405.17,
13RKM6,"Nguyễn Trãi, P.2, Q.5, TP.HCM",72000000.0,735.44,street,12.0,15.0,9.0,97900.58,
DYAKHF,"Phan Anh, P.Phú Thạnh, Q.Tân Phú, TP.HCM",9500000.0,133.8,street,1.0,1.0,1.0,71001.49,
1NT36T,"Đặng Thúc Liêng, P.4, Q.8, TP.HCM",14000000.0,311.8,street,3.0,3.0,4.0,44900.58,
E5AV4W,"Nguyễn Thị Định, Thạnh Mỹ Lợi, Q.2, TP.HCM",32000000.0,185.18,street,2.0,1.0,2.0,172804.84,
SDKDN5,"314 Bến Than, Xã Hòa Phú, H.Củ Chi, TP.HCM",5000000.0,29.3,street,2.0,1.0,1.0,170648.46,
EJ0N54,"26 Chợ Lớn, P.11, Q.6, TP.HCM",25000000.0,190.83,street,16.0,10.0,6.0,131006.66,
02DSX9,"Lê Trực, P.1, Q.6, TP.HCM",19000000.0,212.52,street,6.0,3.0,5.0,89403.35,
UYHKQS,"4A Nghĩa Thục, P.5, Q.5, TP.HCM",12000000.0,186.33,street,2.0,3.0,3.0,64401.87,
S1D75Y,"Kênh Tân Hóa, P.Hòa Thạnh, Q.Tân Phú, TP.HCM",82000000.0,92.9,street,1.0,1.0,2.0,882669.54,
CW25ZB,"894 Trường Sa, P.13, Q.3, TP.HCM",31000000.0,418.91,street,10.0,11.0,6.0,74001.58,
K4J9BC,"56 Trần Quý Khoách, P.Tân Định, Q.1, TP.HCM",72000000.0,600.0,street,5.0,6.0,7.0,120000.0,
Q5VTAU,"115 Vĩnh Viễn, P.4, Q.10, TP.HCM",7500000.0,496.68,street,3.0,3.0,3.0,15100.27,
CWR6ZB,"D6, Long Thạnh Mỹ, Q.9, TP.HCM",25000000.0,65.1,street,4.0,4.0,4.0,384024.58,
1QA5Q6,"147C Trần Quang Khải, P.Tân Định, Q.1, TP.HCM",19000000.0,453.46,street,3.0,3.0,4.0,41900.06,
6QKW18,"222 Phùng Hưng, P.14, Q.5, TP.HCM",20000000.0,243.01,street,1.0,2.0,3.0,82301.14,
SA2KE5,"15 Phan Tôn, Đa Kao, Q.1, TP.HCM",15500000.0,280.28,street,2.0,1.0,2.0,55301.84,
85QTK3,"122 - 122A Nguyễn Xí, P.26, Q.Bình Thạnh, TP.HCM",65000000.0,625.6,street,8.0,8.0,8.0,103900.26,
6UADU8,"15–17 Sông Thao, P.2, Q.Tân Bình, TP.HCM",62000000.0,304.54,street,7.0,4.0,4.0,203585.74,
AH53KY,"Nguyễn Xí, P.13, Q.Bình Thạnh, TP.HCM",12000000.0,300.0,street,1.0,1.0,1.0,40000.0,
8UXRH3,"Đỗ Nhuận, P.Sơn Kỳ, Q.Tân Phú, TP.HCM",3950000.0,182.87,street,1.0,2.0,2.0,21600.04,
UY350S,"đường D6, P.Tân Phú, Q.7, TP.HCM",17900000.0,198.88,street,6.0,7.0,5.0,90004.02,
RGG66J,"37 Hưng Phú, P.8, Q.8, TP.HCM",14300000.0,244.86,street,1.0,1.0,1.0,58400.72,
SD70H5,"382EF Trần Hưng Đạo, P.11, Q.5, TP.HCM",58000000.0,494.88,street,5.0,5.0,5.0,117200.13,
8SQP73,"216 Mai Xuân Thưởng, P.2, Q.6, TP.HCM",33000000.0,330.06,street,21.0,21.0,6.0,99981.82,
U7XGDS,"đường C12, P.13, Q.Tân Bình, TP.HCM",35000000.0,354.68,street,2.0,2.0,2.0,98680.5,
0GAWD9,"Đoàn Văn Bơ, P.16, Q.4, TP.HCM",6000000.0,218.18,street,3.0,3.0,4.0,27500.23,
92NH9P,"39 Phạm Đôn, P.11, Q.5, TP.HCM",16500000.0,221.29,street,8.0,3.0,3.0,74562.79,
WF2AR9,"Đường 102, P.Tăng Nhơn Phú A, TP.Thủ Đức, TP.HCM",7800000.0,110.32,street,5.0,3.0,3.0,70703.41,
AHRFBY,"15 Đỗ Nhuận, Sơn Kỳ, Q.Tân Phú, TP.HCM",11000000.0,268.49,street,1.0,1.0,4.0,40969.87,
RG1QNJ,"770 Trường Sa, P.14, Q.3, TP.HCM",27000000.0,0.0,street,3.0,2.0,2.0,inf,
6SV1X8,"1 đường số 7, Phú Hữu, Q.9, TP.HCM",43000000.0,133.54,street,5.0,6.0,4.0,322000.9,
EJ08K4,"457 Hoàng Hữu Nam, Long Bình, Q.9, TP.HCM",25000000.0,111.11,street,5.0,2.0,1.0,225002.25,
490GXF,"17 Đặng Dung, P.Tân Định, Q.1, TP.HCM",23000000.0,353.3,street,5.0,5.0,5.0,65100.48,
YKSFKD,"Mai Thị Lựu, P.Đa Kao, Q.1, TP.HCM",75000000.0,497.01,street,3.0,4.0,4.0,150902.4,
Q5JG4U,"440 Sư Vạn Hạnh, P.9, Q.10, TP.HCM",15000000.0,265.48,street,3.0,3.0,4.0,56501.43,
5YGYG7,"693 QL50, Xã Bình Hưng, H.Bình Chánh, TP.HCM",17000000.0,0.0,street,1.0,1.0,1.0,inf,
PNXUBG,"166 Mạc Vân, P.Xóm Củi, Q.8, TP.HCM",7500000.0,163.75,street,2.0,2.0,3.0,45801.53,
SAH435,"đường số 1, Long Trường, Q.9, TP.HCM",16000000.0,72.72,street,3.0,2.0,1.0,220022.0,
DNRUHF,"12 Ông Ích Khiêm, P.14, Q.11, TP.HCM",13000000.0,154.94,street,6.0,5.0,4.0,83903.45,
6VN98Y,"Ông Ích Khiêm, P.14, Q.11, TP.HCM",12500000.0,376.5,street,3.0,4.0,4.0,33200.53,
8S7KT3,"247 Âu Dương Lân, P.Hưng Phú, Q.8, TP.HCM",22000000.0,274.65,street,4.0,4.0,5.0,80101.95,
6QGWN8,"138 đường HT35, P.Hiệp Thành, Q.12, TP.HCM",6500000.0,64.35,street,4.0,3.0,2.0,101010.1,
13YRB6,"31 Nguyễn Văn Mai, Võ Thị Sáu, Q.3, TP.HCM",40000000.0,368.92,street,10.0,9.0,7.0,108424.59,
0ZP3B9,"87 Cộng Hoà, P.4, Q.Tân Bình, TP.HCM",42000000.0,396.97,street,8.0,8.0,8.0,105801.45,
UYB1JS,"252 Lý Chính Thắng, P.9, Q.3, TP.HCM",22000000.0,287.95,street,1.0,1.0,1.0,76402.15,
9T2F6P,"25 Trần Phú, P.4, Q.5, TP.HCM",8700000.0,437.18,street,1.0,1.0,2.0,19900.27,
UFZAS5,"Bàn Cờ, P.3, Q.3, TP.HCM",24500000.0,3.71,street,6.0,4.0,4.0,6603773.58,
SD99M5,"MPN 51C Thạnh Xuân 31, P.Thới An, Q.12, TP.HCM",9000000.0,69.93,street,9.0,9.0,6.0,128700.13,
GMNXA2,"Vườn Lài, P.An Phú Đông, Q.12, TP.HCM",15700000.0,103.28,street,4.0,3.0,3.0,152013.94,
1U4WA6,"Võ Văn Hát, Long Trường, Q.9, TP.HCM",25000000.0,142.61,street,2.0,2.0,1.0,175303.27,
WPGSFR,"91 Sương Nguyệt Ánh, P.Bến Thành, Q.1, TP.HCM",80000000.0,966.76,street,18.0,20.0,8.0,82750.63,
UDTY6S,"17 Đặng Tất, P.Tân Định, Q.1, TP.HCM",59000000.0,472.75,street,1.0,1.0,2.0,124801.69,
UDTY6S,"17 Đặng Tất, P.Tân Định, Q.1, TP.HCM",59000000.0,472.75,street,1.0,1.0,2.0,124801.69,
JGQM20,"Tú Mỡ, P.7, Q.Gò Vấp, TP.HCM",6980000.0,245.77,street,3.0,3.0,3.0,28400.54,
DEBCEH,"MPN 50/50 Vườn Lài, P.An Phú Đông, Q.12, TP.HCM",6600000.0,76.38,street,3.0,3.0,3.0,86410.05,
AC27VY,"105 Độc Lập, P.Tân Thành, Q.Tân Phú, TP.HCM",38000000.0,215.66,street,3.0,3.0,3.0,176203.28,
ACHQDY,"114 Vĩnh Viễn, P.9, Q.10, TP.HCM",10900000.0,595.62,street,3.0,3.0,3.0,18300.26,
7DZ92A,"10-12 đường số 59, P.10, Q.6, TP.HCM",39000000.0,196.26,street,1.0,1.0,5.0,198715.99,
0F279N,"1c Mai Văn Vĩnh, P.Tân Kiểng, Q.7, TP.HCM",26500000.0,234.72,street,9.0,8.0,6.0,112900.48,
KE12UC,"Nguyễn Trãi, P.2, Q.5, TP.HCM",42000000.0,610.46,street,1.0,4.0,5.0,68800.58,
AHUE2Y,"176C Trường Sa, P.1, Q.Bình Thạnh, TP.HCM",50000000.0,416.31,street,6.0,6.0,8.0,120102.81,
SKFZD5,"1071 Hoàng Sa, P.11, Q.3, TP.HCM",13500000.0,453.02,street,6.0,7.0,5.0,29800.01,
UY43QS,"71 Trần Quang Diệu, P.13, Q.3, TP.HCM",14000000.0,486.11,street,3.0,3.0,3.0,28800.07,
2MNPAZ,"924/3B/2 An Phú Đông 12, P.An Phú Đông, Q.12, TP.HCM",12000000.0,64.86,street,1.0,1.0,1.0,185013.88,
UADPXS,"268 Hưng Phú, P.8, Q.8, TP.HCM",11200000.0,274.5,street,2.0,2.0,3.0,40801.46,
3S2G1Q,"Hà Huy Giáp, P.Thạnh Lộc, Q.12, TP.HCM",27000000.0,86.01,street,5.0,2.0,2.0,313916.99,
7DCJYA,"Lê Cơ, P.An Lạc, Q.Bình Tân, TP.HCM",16000000.0,142.61,street,4.0,2.0,3.0,112194.1,
SA61X5,"29 Tân Hóa, P.14, Q.6, TP.HCM",5500000.0,206.76,street,2.0,2.0,2.0,26600.89,
SA2PN5,"137 Hoàng Hữu Nam, Tân Phú, Q.9, TP.HCM",9400000.0,149.92,street,1.0,1.0,1.0,62700.11,
AHW0FY,"đường số 5, P.Bình Thuận, Q.7, TP.HCM",10500000.0,222.83,street,4.0,3.0,3.0,47121.12,
WP903R,"224A Bạch Đằng, P.25, Q.Bình Thạnh, TP.HCM",20000000.0,307.69,street,7.0,8.0,5.0,65000.49,
WP903R,"224A Bạch Đằng, P.25, Q.Bình Thạnh, TP.HCM",20000000.0,307.69,street,7.0,8.0,5.0,65000.49,
SY80W5,"35 Nguyễn Bình, Xã Phú Xuân, H.Nhà Bè, TP.HCM",7000000.0,70.0,street,2.0,1.0,1.0,100000.0,
6Q5GH8,"20 đường Láng The, Xã Tân Thạnh Tây, H.Củ Chi, TP.HCM",4000000.0,31.37,street,3.0,1.0,1.0,127510.36,
YCMM8D,"Trần Khắc Chân, P.Tân Định, Q.1, TP.HCM",15000000.0,424.92,street,3.0,3.0,3.0,35300.76,
5YBWD7,"Trịnh Đình Trọng, P.Phú Trung, Q.Tân Phú, TP.HCM",43000000.0,207.54,street,10.0,7.0,5.0,207188.98,
SHC4Q5,"134 Lý Nam Đế, P.7, Q.11, TP.HCM",17000000.0,333.98,street,3.0,3.0,4.0,50901.25,
7KSP4A,"215D7 Nguyễn Văn Hưởng, Thảo Điền, Q.2, TP.HCM",110000000.0,371.62,street,5.0,5.0,3.0,296001.29,
6SDJS8,"296Bis Trần Hưng Đạo, P.Nguyễn Cư Trinh, Q.1, TP.HCM",41000000.0,493.97,street,6.0,6.0,3.0,83000.99,
2N02EZ,"Nguyễn Kiệm, P.9, Q.Phú Nhuận, TP.HCM",58000000.0,381.07,street,5.0,5.0,8.0,152203.01,
W9VN1R,"18 đường B4, P.Tây Thạnh, Q.Tân Phú, TP.HCM",5400000.0,126.46,street,2.0,2.0,2.0,42701.25,
QYS1YU,"9 Bình quới, P.27, Q.Bình Thạnh, TP.HCM",20000000.0,165.83,street,11.0,11.0,4.0,120605.44,
UYFXBS,"114 Hồ Bá Kiện, P.15, Q.10, TP.HCM",11000000.0,269.6,street,2.0,2.0,2.0,40801.19,
3SMHBQ,"6A đường 212, Phước Long A, Q.9, TP.HCM",3650000.0,145.41,street,2.0,1.0,2.0,25101.44,
CWNHNB,"6 Hoa Sứ, P.2, Q.Phú Nhuận, TP.HCM",28000000.0,466.66,street,6.0,4.0,4.0,60000.86,
5DK9R7,"71 Dã Tượng, P.8, Q.8, TP.HCM",10500000.0,184.53,street,6.0,4.0,5.0,56901.32,
4V0KF5,"10 đường số 26, Bình An, Q.2, TP.HCM",10700000.0,0.22,street,2.0,3.0,2.0,48636363.64,
RXE7JQ,"131 Hoa Lan, P.2, Q.Phú Nhuận, TP.HCM",27000000.0,442.62,street,3.0,4.0,4.0,61000.41,
5HJAV7,"116 Nguyên Hồng, P.11, Q.Bình Thạnh, TP.HCM",29000000.0,246.38,street,3.0,3.0,2.0,117704.36,
PNN8KG,"82 đường số 27, P.Tân Phong, Q.7, TP.HCM",24000000.0,250.0,street,4.0,5.0,4.0,96000.0,
7KCJSA,"407 Nguyễn Trọng Tuyển, P.2, Q.Tân Bình, TP.HCM",20000000.0,319.48,street,4.0,3.0,4.0,62601.73,
AKT6PY,"914 Bis Đường Lò Gốm, P.2, Q.6, TP.HCM",7980000.0,190.0,street,5.0,3.0,4.0,42000.0,
Q70JKU,"1017 Trương Văn Đa, Xã Bình Lợi, H.Bình Chánh, TP.HCM",2950000.0,15.54,street,2.0,1.0,1.0,189832.69,
DBWG0H,"42 đường Phan Huy Thực, P.Tân Hưng, Q.7, TP.HCM",18000000.0,256.04,street,6.0,4.0,4.0,70301.52,
Q53NSU,"107 Nguyễn Hữu Tiến, P.Tây Thạnh, Q.Tân Phú, TP.HCM",22000000.0,120.61,street,2.0,2.0,2.0,182406.1,
3SW8KQ,"Lê Văn Thịnh, Bình Trưng Tây, Q.2, TP.HCM",22000000.0,155.58,street,4.0,2.0,2.0,141406.35,
6VRC8Y,"173 đường D5, P.25, Q.Bình Thạnh, TP.HCM",17500000.0,0.39,street,4.0,4.0,3.0,44871794.87,
0TPZ59,"78 Đình Quới An, P.Thới An, Q.12, TP.HCM",10500000.0,96.41,street,4.0,5.0,4.0,108909.86,
37F34Q,"37 Ba Vì, P.4, Q.Tân Bình, TP.HCM",33000000.0,237.41,street,10.0,10.0,3.0,139000.04,
1U3RP6,"Số 4 đường số 5, P.Tân Phú, Q.7, TP.HCM",11800000.0,236.0,street,2.0,2.0,2.0,50000.0,
CF67WB,"đường số 30 , KP1, Cát Lái, Q.2, TP.HCM",23000000.0,89.7,street,2.0,1.0,1.0,256410.26,
0GWZA9,"128 Hoàng Văn Thụ, P.9, Q.Phú Nhuận, TP.HCM",60000000.0,357.56,street,6.0,6.0,4.0,167804.0,
56GX7X,"Lô K Nguyễn Thức Tự, P.An Lạc A, Q.Bình Tân, TP.HCM",11500000.0,180.25,street,5.0,5.0,3.0,63800.28,
RG56WJ,"57 đường số 9, P.4, Q.4, TP.HCM",6450000.0,168.84,street,4.0,3.0,4.0,38201.85,
2M301Z,"1 đường số 16, P.Tân Phú, Q.7, TP.HCM",14200000.0,165.11,street,1.0,1.0,1.0,86003.27,
AHUC2Y,"Nguyễn Đình Chiểu, P.1, Q.3, TP.HCM",12900000.0,542.01,street,3.0,4.0,4.0,23800.3,
3SCEVQ,"142 Số 22, P.11, Q.6, TP.HCM",19000000.0,228.98,street,11.0,12.0,4.0,82976.68,
EJJKG4,"101-103 Tân Hương, P.Tân Quý, Q.Tân Phú, TP.HCM",35000000.0,197.18,street,5.0,5.0,3.0,177502.79,
7KYVZA,"133F Hòa Hưng, P.12, Q.10, TP.HCM",6300000.0,512.19,street,2.0,2.0,3.0,12300.12,
02XYB9,"88 Xóm Chiếu, P.15, Q.4, TP.HCM",15000000.0,196.33,street,3.0,3.0,2.0,76401.98,
SD4Y25,"97 Trần Thị Nghỉ, P.7, Q.Gò Vấp, TP.HCM",57000000.0,296.1,street,8.0,10.0,5.0,192502.53,
UYEADS,"7 Trần Thị Nghỉ, P.7, Q.Gò Vấp, TP.HCM",37000000.0,300.81,street,7.0,9.0,5.0,123001.23,
0GRH29,"50 đường số 3, P.5, Q.8, TP.HCM",11680000.0,182.5,street,4.0,5.0,4.0,64000.0,
7DTYHA,"1050 Quang Trung, P.8, Q.Gò Vấp, TP.HCM",58000000.0,275.9,street,1.0,1.0,2.0,210221.09,
2MW4HZ,"4A đường số 2A, P.Bình Hưng Hoà A, Q.Bình Tân, TP.HCM",4980000.0,104.62,street,2.0,2.0,2.0,47600.84,
SD9E25,"38 Mai Văn Vĩnh, P.Tân Quy, Q.7, TP.HCM",15000000.0,334.07,street,3.0,3.0,4.0,44900.77,
SYU2F5,"51 đường số 36, P.10, Q.6, TP.HCM",13400000.0,181.08,street,5.0,6.0,4.0,74000.44,
87SF83,"622 + 624 Trường Sa, P.15, Q.Phú Nhuận, TP.HCM",13500000.0,208.97,street,6.0,7.0,2.0,64602.57,
CWZDXB,"163 Gò Ô Môi, P.Phú Thuận, Q.7, TP.HCM",16990000.0,171.05,street,5.0,5.0,4.0,99327.68,
ACJKDY,"138A Nguyễn Văn Trỗi, P.8, Q.Phú Nhuận, TP.HCM",435000000.0,923.17,street,8.0,8.0,8.0,471202.49,
DE0BYH,"đường số 8, P.5, Q.Gò Vấp, TP.HCM",74000000.0,282.65,street,4.0,6.0,4.0,261807.89,
4J0EWF,"94 Nguyên Hồng, P.1, Q.Gò Vấp, TP.HCM",10800000.0,325.3,street,3.0,3.0,4.0,33200.12,
SA1Q15,"625 Lê Hồng Phong, P.10, Q.10, TP.HCM",28000000.0,360.82,street,6.0,5.0,5.0,77601.02,
PZF39G,"đường D16, P.Tây Thạnh, Q.Tân Phú, TP.HCM",14200000.0,151.38,street,4.0,4.0,4.0,93803.67,
UAUG0S,"490 Ngô Gia Tự, P.4, Q.10, TP.HCM",72000000.0,905.66,street,7.0,7.0,7.0,79500.03,
8SFN63,"Trường Chinh, P.15, Q.Tân Bình, TP.HCM",21000000.0,160.91,street,3.0,2.0,1.0,130507.74,
ACVFUY,"476 Trường Chinh, P.Tân Hưng Thuận, Q.12, TP.HCM",14700000.0,184.44,street,4.0,4.0,4.0,79700.72,
7D1TMA,"Trường Chinh, P.12, Q.Tân Bình, TP.HCM",16500000.0,239.82,street,4.0,4.0,4.0,68801.6,
RC3DJQ,"301 Kênh Tân Hóa, P.Hòa Thạnh, Q.Tân Phú, TP.HCM",36000000.0,146.53,street,1.0,1.0,2.0,245683.48,
J2TCW0,"Đường 41, Bình Trưng Đông, Q.2, TP.HCM",6700000.0,108.06,street,3.0,2.0,2.0,62002.59,
13X176,"Tam Đảo, P.15, Q.10, TP.HCM",40000000.0,701.75,street,2.0,3.0,3.0,57000.36,
QY5FZU,"386 Quang Trung, P.10, Q.Gò Vấp, TP.HCM",4800000.0,259.45,street,3.0,3.0,4.0,18500.67,
CW0H3B,"44B Phan Xích Long, P.4, Q.Phú Nhuận, TP.HCM",65000000.0,186.08,street,3.0,3.0,3.0,349312.12,
7H2FNA,"đường số 23, P.10, Q.6, TP.HCM",16800000.0,233.33,street,4.0,3.0,3.0,72001.03,
7D66XA,"314 Bình Long, P.Phú Thọ Hòa, Q.Tân Phú, TP.HCM",16500000.0,153.34,street,3.0,3.0,3.0,107604.02,
3S96HQ,"đường số 19, P.10, Q.6, TP.HCM",11500000.0,174.24,street,3.0,2.0,3.0,66000.92,
SDQ9W5,"78 Út Tịch, P.4, Q.Tân Bình, TP.HCM",150000000.0,555.76,street,22.0,8.0,8.0,269900.68,
40Q2BF,"39 Phú Định, P.16, Q.8, TP.HCM",10500000.0,186.5,street,3.0,2.0,2.0,56300.27,
37PZSQ,"16 Lê Lai, P.1, Q.Gò Vấp, TP.HCM",7700000.0,127.9,street,1.0,1.0,1.0,60203.28,
4JGVVF,"92 đường số 1, P.15, Q.Gò Vấp, TP.HCM",3990000.0,106.97,street,2.0,3.0,2.0,37300.18,
UAD2VS,"Phan Văn Trị, P.11, Q.Bình Thạnh, TP.HCM",18000000.0,224.43,street,3.0,2.0,1.0,80203.18,
CHU3BC,"đường số 2, khu dân cư Him Lam, P.Tân Hưng, Q.7, TP.HCM",32200000.000000004,322.0,street,5.0,6.0,4.0,100000.0,
SDJQE5,"27-29 Nam Kỳ Khởi Nghĩa, P.Nguyễn Thái Bình, Q.1, TP.HCM",270000000.0,1.3,street,8.0,8.0,8.0,207692307.69,
SDJQE5,"27-29 Nam Kỳ Khởi Nghĩa, P.Nguyễn Thái Bình, Q.1, TP.HCM",270000000.0,1.3,street,8.0,8.0,8.0,207692307.69,
0ZTRT9,"35-37 Yết Kiêu, P.9, Q.5, TP.HCM",25500000.0,391.1,street,6.0,6.0,6.0,65200.72,
SDAMR5,"432 - 434 Nguyễn Oanh, P.17, Q.Gò Vấp, TP.HCM",38500000.0,216.29,street,2.0,2.0,1.0,178001.76,
4J2GPF,"69A Nguyễn Sĩ Sách, P.15, Q.Tân Bình, TP.HCM",14000000.0,138.31,street,2.0,1.0,1.0,101221.89,
C4UVUB,"Phạm Thế Hiển, P.6, Q.8, TP.HCM",14900000.0,130.35,street,5.0,2.0,3.0,114307.63,
5HSBF7,"117C Thạnh Lộc 37, P.Thạnh Lộc, Q.12, TP.HCM",6900000.0,120.62,street,3.0,3.0,3.0,57204.44,
6S7ZB8,"45 Điện Biên Phủ, P.2, Q.Bình Thạnh, TP.HCM",45000000.0,157.78,street,2.0,2.0,2.0,285207.25,
02ZSC9,"242 Âu Dương Lân, P.Rạch Ông, Q.8, TP.HCM",34800000.0,234.65,street,15.0,15.0,4.0,148305.99,
8UTX03,"39 Hoàng Quốc Việt, P.Phú Mỹ, Q.7, TP.HCM",12000000.0,157.89,street,1.0,1.0,1.0,76002.28,
0GK5T9,"Quốc lộ 50, Xã Phong Phú, H.Bình Chánh, TP.HCM",28000000.0,112.72,street,8.0,9.0,5.0,248403.12,
53J27X,"Phan Bội Châu, P.2, Q.Bình Thạnh, TP.HCM",25000000.0,346.74,street,5.0,5.0,6.0,72100.13,
4JYHZF,"Lê Bình, P.4, Q.Tân Bình, TP.HCM",3850000.0,202.63,street,3.0,3.0,4.0,19000.15,
UYCX6S,"MPN 51C Lê Quang Hoà, P.Thới An, Q.12, TP.HCM",6900000.0,96.91,street,4.0,5.0,4.0,71200.08,
K4MURC,"11 đường DC3, P.Sơn Kỳ, Q.Tân Phú, TP.HCM",9300000.0,166.07,street,3.0,3.0,4.0,56000.48,
358MZQ,"10 Thạnh Lộc 38, P.Thạnh Lộc, Q.12, TP.HCM",6500000.0,123.33,street,9.0,9.0,5.0,52704.13,
QA4E2U,"MPN 16D Hiệp Thành 23, P.Tân Thới Hiệp, Q.12, TP.HCM",6500000.0,67.92,street,2.0,1.0,2.0,95700.82,
9Z9ZHP,"82A đường số 4, P.An Lạc, Q.Bình Tân, TP.HCM",11000000.0,135.8,street,13.0,13.0,5.0,81001.47,
13TFT6,"đường số 6, P.Bình Hưng Hòa, Q.Bình Tân, TP.HCM",8000000.0,91.01,street,1.0,4.0,5.0,87902.43,
DE9QMH,"24 20, P.Bình Thọ, TP.Thủ Đức, TP.HCM",92000000.0,258.42,street,6.0,8.0,4.0,356009.6,
CW27TB,"135 đường số 1, P.9, Q.Gò Vấp, TP.HCM",16000000.0,132.0,street,6.0,6.0,3.0,121212.12,
GNHEY2,"Trường Chinh, P.14, Q.Tân Bình, TP.HCM",16500000.0,238.78,street,3.0,3.0,4.0,69101.26,
Q7RA3U,"9 Thích Quảng Đức, P.4, Q.Phú Nhuận, TP.HCM",23000000.0,342.77,street,5.0,4.0,5.0,67100.39,
5HGF87,"554 Đoàn Văn Bơ, P.13, Q.4, TP.HCM",8500000.0,143.09,street,4.0,4.0,3.0,59403.17,
SDBRU5,"MPN 22 Thạnh Lộc 57, P.Thạnh Lộc, Q.12, TP.HCM",5400000.0,83.98,street,4.0,5.0,4.0,64301.02,
CWW2RB,"791 Quang Trung, P.12, Q.Gò Vấp, TP.HCM",6350000.0,156.01,street,2.0,2.0,2.0,40702.52,
K4ZSGC,"40 Lê Văn Lương, P.Tân Hưng, Q.7, TP.HCM",16800000.0,141.17,street,14.0,14.0,5.0,119005.45,
GN1UD2,"142 Tô Hiến Thành, P.15, Q.10, TP.HCM",36000000.0,503.49,street,3.0,2.0,3.0,71500.92,
JGG150,"602 Hồ Học Lãm, P.Bình Trị Đông B, Q.Bình Tân, TP.HCM",29000000.0,83.09,street,6.0,6.0,1.0,349019.14,
5YVA47,"2485 Phạm Thế Hiển, P.7, Q.8, TP.HCM",10400000.0,95.5,street,2.0,2.0,2.0,108900.52,
Q5HBTU,"Kinh Dương Vương, P.An Lạc A, Q.Bình Tân, TP.HCM",25000000.0,469.25,street,4.0,3.0,4.0,53276.51,
J2SS10,"40 Thạnh Xuân 22, P.Thạnh Xuân, Q.12, TP.HCM",7550000.0,107.7,street,4.0,4.0,4.0,70102.14,
GXA362,"42 Lê Thị Riêng, P.Thới An, Q.12, TP.HCM",12500000.0,161.7,street,4.0,4.0,4.0,77303.65,
0Z2549,"135 Xuân Hồng, P.12, Q.Tân Bình, TP.HCM",21200000.0,281.16,street,10.0,11.0,5.0,75401.91,
0Z2549,"135 Xuân Hồng, P.12, Q.Tân Bình, TP.HCM",21200000.0,281.16,street,10.0,11.0,5.0,75401.91,
SYSV95,"378 Hòa Hảo, P.6, Q.10, TP.HCM",15700000.0,477.2,street,4.0,3.0,4.0,32900.25,
YKXJGD,"đường số 4, An Lạc, Q.Bình Tân, TP.HCM",17000000.0,68.85,street,3.0,1.0,1.0,246913.58,
35B1RQ,"60H08 Giang Văn Minh, P.An Phú, TP.Thủ Đức, TP.HCM",110000000.0,382.2,street,4.0,5.0,3.0,287807.43,
6UKMK8,"14 Trần Văn Kỷ, P.14, Q.Bình Thạnh, TP.HCM",19900000.0,271.85,street,5.0,5.0,6.0,73202.13,
WPV2MR,"76 Trần Khắc Chân, P.Tân Định, Q.1, TP.HCM",41000000.0,621.21,street,3.0,5.0,4.0,66000.23,
6SYGD8,"73 đường số 43, P.Tân Quy, Q.7, TP.HCM",49500000.0,284.15,street,22.0,22.0,8.0,174203.77,
DEK2XH,"34 Hồ Biểu Chánh, P.11, Q.Phú Nhuận, TP.HCM",69000000.0,278.56,street,5.0,5.0,5.0,247702.47,
PXT5RG,"426 Nguyễn Oanh, P.6, Q.Gò Vấp, TP.HCM",11600000.0,137.11,street,4.0,3.0,2.0,84603.6,
QAZQGU,"48 Phạm Đình Hổ, P.2, Q.6, TP.HCM",4700000.0,474.74,street,3.0,3.0,5.0,9900.16,
6S5C38,"140 Nguyễn Oanh, P.17, Q.Gò Vấp, TP.HCM",19800000.0,330.0,street,4.0,3.0,3.0,60000.0,
8MTE3A,"235A Lý Thường Kiệt, P.15, Q.11, TP.HCM",28000000.0,285.13,street,3.0,2.0,2.0,98200.82,
Q79NRU,"200 Kha Vạn Cân, P.Hiệp Bình Chánh, TP.Thủ Đức, TP.HCM",14000000.0,160.73,street,3.0,3.0,2.0,87102.59,
R9B26J,"A79 Nguyễn Thần Hiến, P.18, Q.4, TP.HCM",25700000.0,179.46,street,6.0,6.0,2.0,143207.4,
EWWGQ4,"đường số 6, P.An Lạc, Q.Bình Tân, TP.HCM",7600000.0,76.27,street,3.0,3.0,3.0,99645.99,
PCWAGA,"212 Nguyễn Trường Tộ, P.Tân Thành, Q.Tân Phú, TP.HCM",22000000.0,159.72,street,2.0,2.0,2.0,137741.05,
0ZV359,"Nguyễn Ảnh Thủ, P.Hiệp Thành, Q.12, TP.HCM",13490000.0,191.61,street,5.0,3.0,4.0,70403.42,
UY7YUS,"99 Nguyễn Du, P.7, Q.Gò Vấp, TP.HCM",19800000.0,243.84,street,4.0,5.0,4.0,81200.79,
ERHB84,"276 đường Số 5, P.Bình Hưng Hòa, Q.Bình Tân, TP.HCM",12000000.0,131.57,street,3.0,2.0,2.0,91206.2,
JGMYD0,"60 Thới An 04, P.Thới An, Q.12, TP.HCM",7200000.0,145.74,street,4.0,3.0,3.0,49403.05,
1QSGG6,"138A Trần Huy Liệu, P.15, Q.Phú Nhuận, TP.HCM",10000000.0,185.18,street,1.0,2.0,2.0,54001.51,
5HD5U7,"1129 Nguyễn Ảnh Thủ, P.Trung Mỹ Tây, Q.12, TP.HCM",14900000.0,190.29,street,1.0,1.0,1.0,78301.54,
1UQAH6,"29 Thích Bửu Đăng, P.1, Q.Gò Vấp, TP.HCM",4050000.0,275.51,street,2.0,3.0,3.0,14700.01,
5HYVM7,"43-45 Nguyễn Phạm Tuân, P.9, Q.6, TP.HCM",12000000.0,132.45,street,4.0,1.0,2.0,90600.23,
9Z0ATP,"23 Thạnh Xuân 46, P.Thạnh Xuân, Q.12, TP.HCM",5860000.0,96.38,street,3.0,3.0,3.0,60801.0,
4GQ8ZF,"82 Nguyễn Thái Học, Dĩ An, Dĩ An, TP.HCM",8000000.0,91.95,street,2.0,1.0,1.0,87003.81,
85Q2D3,"1045 Nguyễn Kiệm, P.3, Q.Gò Vấp, TP.HCM",7100000.0,102.89,street,2.0,2.0,2.0,69005.73,
6UWG68,"322 Trần Hưng Đạo, P.Nguyễn Cư Trinh, Q.1, TP.HCM",28500000.0,420.35,street,3.0,3.0,3.0,67800.64,
4J1ZWF,"146 Trần Văn Đang, P.9, Q.3, TP.HCM",3350000.0,220.39,street,2.0,3.0,4.0,15200.33,
AUWTYX,"742 Quốc Lộ 1A, P.Bình Hưng Hòa, Q.Bình Tân, TP.HCM",24700000.0,96.86,street,1.0,1.0,1.0,255007.23,
7KYWCA,"854 Quang Trung, P.8, Q.Gò Vấp, TP.HCM",16500000.0,214.0,street,5.0,3.0,3.0,77102.8,
YB3QQD,"39 Nguyễn Văn Linh, P.Tân Thuận Tây, Q.7, TP.HCM",19650000.0,235.04,street,3.0,1.0,2.0,83602.79,
1UETW6,"297 Phạm Thế Hiển, P.Rạch Ông, Q.8, TP.HCM",16800000.0,213.74,street,7.0,8.0,4.0,78600.17,
6QF6F8,"Đào Duy Từ, P.8, Q.10, TP.HCM",35000000.0,305.94,street,1.0,1.0,5.0,114401.52,
6Q3KH8,"đường số 6, P.4, Q.4, TP.HCM",12600000.0,281.25,street,3.0,4.0,4.0,44800.0,
5HX6B7,"Phạm Ngọc, P.Tân Quý, Q.Tân Phú, TP.HCM",11900000.0,106.53,street,2.0,2.0,2.0,111705.62,
6S6W08,"95A Lũy Bán Bích, P.Tân Thới Hòa, Q.Tân Phú, TP.HCM",5950000.0,196.36,street,2.0,2.0,3.0,30301.49,
GNGXD2,"191 Thạnh Lộc 15, P.Thạnh Lộc, Q.12, TP.HCM",7150000.0,114.95,street,5.0,5.0,3.0,62200.96,
1URTB6,"12 đường số 40A, P.Tân Tạo, Q.Bình Tân, TP.HCM",11900000.0,148.75,street,4.0,3.0,3.0,80000.0,
7HNRTA,"Quốc lộ 1A, P.Tân Chánh Hiệp, Q.12, TP.HCM",11500000.0,59.8,street,3.0,3.0,2.0,192307.69,
8UV603,"100I Gò Dầu, P.Tân Quý, Q.Tân Phú, TP.HCM",16500000.0,257.16,street,3.0,3.0,4.0,64162.39,
UYGJCS,"165 Trần Văn Kiểu, P.10, Q.6, TP.HCM",13900000.0,198.57,street,4.0,4.0,4.0,70000.5,
7KCB1A,"824 Lê Trọng Tấn, P.Bình Hưng Hòa, Q.Bình Tân, TP.HCM",12000000.0,186.04,street,3.0,2.0,2.0,64502.26,
1UQ3S6,"42B đường số 11, Cát Lái, Q.2, TP.HCM",7400000.0,119.54,street,3.0,2.0,3.0,61903.97,
Q762FU,"72 Bạch Đằng, P.2, Q.Tân Bình, TP.HCM",34000000.0,473.33,street,13.0,13.0,7.0,71831.49,
QAY7KU,"20 đường số 2, P.11, Q.Gò Vấp, TP.HCM",3250000.0,377.9,street,2.0,2.0,2.0,8600.16,
RP063J,"162 đường số 8, P.11, Q.Gò Vấp, TP.HCM",6800000.0,290.59,street,2.0,2.0,2.0,23400.67,
P1ZKXG,"105 Nguyễn Văn Khối, P.9, Q.Gò Vấp, TP.HCM",9000000.0,128.57,street,6.0,6.0,5.0,70000.78,
6SCCN8,"300 Nguyễn Văn Đậu, P.11, Q.Bình Thạnh, TP.HCM",24000000.0,155.74,street,3.0,3.0,1.0,154102.99,
C41CGB,"52 đường B, P.Phú Thạnh, Q.Tân Phú, TP.HCM",10800000.0,92.33,street,1.0,1.0,2.0,116971.73,
UY49AS,"16 đường 302B Bông Sao, P.5, Q.8, TP.HCM",10400000.0,216.66,street,4.0,3.0,4.0,48001.48,
7H4YXA,"đường số 51, P.14, Q.Gò Vấp, TP.HCM",6800000.0,130.51,street,1.0,1.0,1.0,52103.29,
GNM4G2,"69 đường số 4, P.16, Q.Gò Vấp, TP.HCM",8390000.0,246.04,street,4.0,5.0,3.0,34100.15,
0GRKZ9,"62 Phạm Phú Thứ, P.11, Q.Tân Bình, TP.HCM",6700000.0,211.75,street,2.0,2.0,3.0,31641.09,
DCA65H,"276 đường số 5, KP10, P.Bình Hưng Hòa, Q.Bình Tân, TP.HCM",12000000.0,129.03,street,3.0,2.0,2.0,93001.63,
SA1RE5,"169 Bờ Bao Tân Thắng, P.Sơn Kỳ, Q.Tân Phú, TP.HCM",15000000.0,234.37,street,2.0,2.0,2.0,64001.37,
7D663A,"71 Nguyễn Hữu Dật, P.Tây Thạnh, Q.Tân Phú, TP.HCM",8700000.0,145.0,street,2.0,2.0,3.0,60000.0,
JP78G0,"Nguyễn Ảnh Thủ, P.Hiệp Thành, Q.12, TP.HCM",10200000.0,158.87,street,2.0,1.0,1.0,64203.44,
6SH1G8,"Một phần nhà số 267 Lê Trọng Tấn, P.Sơn Kỳ, Q.Tân Phú, TP.HCM",29000000.0,166.09,street,4.0,2.0,3.0,174604.13,
1U2BN6,"500 Nguyễn Oanh, P.6, Q.Gò Vấp, TP.HCM",11490000.0,111.4,street,1.0,1.0,1.0,103141.83,
QA00BU,"136 Âu Dương Lân, P.Rạch Ông, Q.8, TP.HCM",7480000.0,158.13,street,4.0,5.0,4.0,47302.85,
8UEN83,"12F đường số 1, P.Tân Tạo A, Q.Bình Tân, TP.HCM",7100000.0,34.02,street,5.0,5.0,4.0,208700.76,
7Q3TA8,"85 Đường 270 Cao Lỗ, P.4, Q.8, TP.HCM",28000000.0,175.0,street,4.0,5.0,3.0,160000.0,
9T6Z8P,"19 Trần Thị Nghỉ, P.7, Q.Gò Vấp, TP.HCM",36500000.0,301.65,street,7.0,9.0,5.0,121001.16,
EJWDG4,"đường số 8B, P.Bình Hưng Hoà A, Q.Bình Tân, TP.HCM",4800000.0,100.0,street,1.0,1.0,2.0,48000.0,
AK7ZQY,"38 đường số 6D, P.An Lạc A, Q.Bình Tân, TP.HCM",12300000.0,136.66,street,3.0,3.0,4.0,90004.39,
1QYEH6,"24 Hồ Văn Long, P.Bình Hưng Hoà B, Q.Bình Tân, TP.HCM",8000000.0,83.33,street,2.0,1.0,1.0,96003.84,
8UXXR3,"66 Nguyễn Giản Thanh, P.15, Q.10, TP.HCM",15600000.0,259.39,street,4.0,6.0,3.0,60141.1,
RCQHJQ,"61 Gò Dầu, P.Tân Quý, Q.Tân Phú, TP.HCM",16700000.0,210.32,street,5.0,3.0,3.0,79402.81,
SY4935,"120 đường số 37, P.Tân Quy, Q.7, TP.HCM",13900000.0,195.22,street,3.0,3.0,2.0,71201.72,
8SHFZ3,"6/11B Huỳnh Thị Na, Xã Đông Thạnh, H.Hóc Môn, TP.HCM",5000000.0,55.37,street,2.0,1.0,1.0,90301.61,
EW9G14,"Sư Vạn Hạnh, P.10, Q.10, TP.HCM",13000000.0,392.74,street,8.0,5.0,5.0,33100.78,
EJEDT4,"388 Lê Văn Thọ, P.16, Q.Gò Vấp, TP.HCM",16500000.0,202.37,street,4.0,5.0,3.0,81533.82,
GXJYN2,"456 Phạm Văn Chí, P.8, Q.6, TP.HCM",4560000.0,230.3,street,1.0,2.0,2.0,19800.26,
7KT6DA,"199-201 đường số 3, P.Bình Trị Đông B, Q.Bình Tân, TP.HCM",29500000.0,122.91,street,8.0,5.0,2.0,240013.02,
PNXDJG,"105A Nguyễn Hữu Tiến, P.Tây Thạnh, Q.Tân Phú, TP.HCM",27000000.0,147.05,street,6.0,7.0,4.0,183611.02,
9Z0HMP,"62 đường số 21, P.Phước Long A, TP.Thủ Đức, TP.HCM",11000000.0,166.09,street,2.0,2.0,2.0,66229.15,
8S69H3,"73 đường số 24, P.Bình Trị Đông B, Q.Bình Tân, TP.HCM",14500000.0,161.11,street,4.0,5.0,4.0,90000.62,
SYCR35,"59 Hoàng Văn Thụ, P.15, Q.Phú Nhuận, TP.HCM",13000000.0,268.59,street,3.0,3.0,3.0,48400.91,
SAQV25,"7 Nguyễn Lộ Trạch, P.Tân Quý, Q.Tân Phú, TP.HCM",7850000.0,107.09,street,1.0,1.0,2.0,73302.83,
3STWJQ,"đường số 7A, P.Bình Trị Đông B, Q.Bình Tân, TP.HCM",15500000.0,163.15,street,3.0,4.0,3.0,95004.6,
RP1FAJ,"Cô Giang, P.1, Q.Phú Nhuận, TP.HCM",9950000.0,254.47,street,8.0,5.0,5.0,39100.88,
81GK3A,"đường Số 14, P.An Lạc A, Q.Bình Tân, TP.HCM",8500000.0,163.46,street,4.0,3.0,4.0,52000.49,
E0WW64,"đường số 14A, P.Bình Hưng Hoà A, Q.Bình Tân, TP.HCM",4750000.0,74.1,street,2.0,2.0,2.0,64102.56,
KF91PC,"234-236 Hoàng Văn Thụ, P.4, Q.Tân Bình, TP.HCM",22000000.0,233.62,street,5.0,4.0,4.0,94170.02,
QAYYBU,"45 Cô Giang, P.1, Q.Phú Nhuận, TP.HCM",14500000.0,317.98,street,4.0,5.0,5.0,45600.35,
KFE7SC,"đường số 21, P.Bình Hưng Hoà A, Q.Bình Tân, TP.HCM",5600000.0,216.21,street,4.0,2.0,4.0,25900.74,
PN2FVG,"675P2 Đoàn Văn Bơ, P.18, Q.4, TP.HCM",5250000.0,169.9,street,4.0,3.0,3.0,30900.53,
5DURG7,"58D Gò Dưa, P.Tam Bình, TP.Thủ Đức, TP.HCM",13000000.0,115.65,street,2.0,1.0,1.0,112408.13,
1QSCC6,"202 Lê Văn Sỹ, P.10, Q.Phú Nhuận, TP.HCM",28800000.0,296.6,street,4.0,4.0,3.0,97100.47,
4R66PF,"193 - 195 Lê Tấn Bê, P.An Lạc, Q.Bình Tân, TP.HCM",29000000.0,93.33,street,10.0,6.0,1.0,310725.38,
5YRYV7,"Một phần nhà 63 Bình Phú, P.Tam Phú, TP.Thủ Đức, TP.HCM",6900000.0,111.47,street,1.0,1.0,2.0,61900.06,
6TU38Y,"Đường Bà Huyện Thanh Quan, P.Võ Thị Sáu, Q.3, TP.HCM",205000000.0,921.96,street,2.0,2.0,2.0,222352.38,
ACW99Y,"33 đường DC7, P.Sơn Kỳ, Q.Tân Phú, TP.HCM",9250000.0,165.17,street,4.0,3.0,4.0,56002.91,
UYU1KS,"71 Nguyễn Cửu Đàm, P.Tân Sơn Nhì, Q.Tân Phú, TP.HCM",32000000.0,352.03,street,3.0,2.0,2.0,90901.34,
Y4J5PD,"171 Đỗ Pháp Thuận, P.An Khánh, TP.Thủ Đức, TP.HCM",90000000.0,281.25,street,5.0,5.0,3.0,320000.0,
1UVA46,"32 đường số 4, P.7, Q.Gò Vấp, TP.HCM",16500000.0,171.87,street,3.0,2.0,3.0,96002.79,
9T4A6P,"86 đường số 8, P.Bình Hưng Hoà A, Q.Bình Tân, TP.HCM",10800000.0,155.39,street,6.0,8.0,5.0,69502.54,
DE0PWH,"216 Thạnh Lộc 31, P.An Phú Đông, Q.12, TP.HCM",7500000.0,143.95,street,4.0,5.0,5.0,52101.42,
CWJ3TB,"32 đường số  3B, P.Bình Hưng Hoà A, Q.Bình Tân, TP.HCM",5350000.0,112.86,street,3.0,2.0,3.0,47403.86,
2MXHNZ,"179 đường số 3, P.Bình Hưng Hòa, Q.Bình Tân, TP.HCM",10800000.0,191.82,street,3.0,3.0,3.0,56302.78,
SDYK35,"76 Nguyễn Văn Vỹ, P.12, Q.Tân Bình, TP.HCM",5450000.0,150.13,street,3.0,3.0,3.0,36301.87,
35GBJQ,"Duy Tân, P.15, Q.Phú Nhuận, TP.HCM",3680000.0,219.04,street,2.0,1.0,2.0,16800.58,
Q74WEU,"626 Lê Trọng Tấn, P.Bình Hưng Hòa, Q.Bình Tân, TP.HCM",16000000.0,149.95,street,3.0,3.0,3.0,106702.23,
5DRD67,"71 Tân Hiệp 9, TT.Hóc Môn, H.Hóc Môn, TP.HCM",9600000.0,38.4,street,1.0,1.0,2.0,250000.0,
2X17JZ,"79 Nguyễn Văn Công, P.3, Q.Gò Vấp, TP.HCM",14200000.0,237.45,street,9.0,9.0,5.0,59802.06,
W9PQER,"159 Lương Ngọc Quyến, P.5, Q.Gò Vấp, TP.HCM",2480000.0,103.33,street,1.0,1.0,2.0,24000.77,
5YVFT7,"126 Thân Nhân Trung, P.13, Q.Tân Bình, TP.HCM",13700000.0,250.0,street,4.0,4.0,4.0,54800.0,
PN4WAG,"437 Âu Cơ, P.Phú Trung, Q.Tân Phú, TP.HCM",7300000.0,150.2,street,2.0,1.0,2.0,48601.86,
1UUDK6,"650 Hà Huy Giáp, P.Thạnh Lộc, Q.12, TP.HCM",6800000.0,101.82,street,2.0,2.0,1.0,66784.52,
EBBX4W,"đường An Dương Vương, P.An Lạc, Q.Bình Tân, TP.HCM",48000000.0,104.85,street,1.0,1.0,1.0,457796.85,
5H0QP7,"42 Tân Thới Nhất 1, P.Tân Thới Nhất, Q.12, TP.HCM",7500000.0,170.84,street,1.0,1.0,1.0,43900.73,
37CSTQ,"21 đường số 1, P.10, Q.Tân Bình, TP.HCM",7790000.0,187.71,street,3.0,2.0,2.0,41500.19,
37DGKQ,"39 Nguyễn Văn Yến, P.Tân Thới Hòa, Q.Tân Phú, TP.HCM",8800000.0,87.12,street,2.0,2.0,2.0,101010.1,
J2ZCR0,"136 Đinh Tiên Hoàng, P.Đa Kao, Q.1, TP.HCM",18900000.0,465.51,street,9.0,2.0,4.0,40600.63,
YCJNYD,"290 Phú Thọ Hoà, P.Phú Thọ Hòa, Q.Tân Phú, TP.HCM",18000000.0,220.23,street,6.0,4.0,4.0,81732.73,
U784MS,"122 Nguyễn Hữu Tiến, P.Tây Thạnh, Q.Tân Phú, TP.HCM",13500000.0,179.04,street,5.0,4.0,5.0,75402.14,
EJF0Q4,"149 Âu Dương Lân, P.Rạch Ông, Q.8, TP.HCM",7380000.0,279.54,street,4.0,3.0,4.0,26400.52,
PX1JNG,"14 đường số 223, Xã Bình Mỹ, H.Củ Chi, TP.HCM",6050000.0,45.55,street,4.0,6.0,4.0,132821.08,
37REVQ,"100 Võ Thị Phải, P.Thới An, Q.12, TP.HCM",7900000.0,65.61,street,6.0,6.0,1.0,120408.47,
5HHBC7,"156A Nguyễn Súy, P.Tân Quý, Q.Tân Phú, TP.HCM",10900000.0,219.71,street,4.0,5.0,5.0,49610.85,
85SDN3,"215A Phùng Văn Cung, P.4, Q.Phú Nhuận, TP.HCM",18000000.0,346.15,street,4.0,6.0,6.0,52000.58,
3SNN6Q,"136 Nguyễn Hữu Tiến, P.Tây Thạnh, Q.Tân Phú, TP.HCM",10500000.0,141.89,street,5.0,5.0,6.0,74000.99,
3SPAWQ,"100 Thiên Phước, P.9, Q.Tân Bình, TP.HCM",15600000.0,256.15,street,3.0,4.0,4.0,60901.82,
4MJKF5,"Liên Khu 1-6, P.Bình Trị Đông, Q.Bình Tân, TP.HCM",8400000.0,126.47,street,4.0,3.0,5.0,66418.91,
0Z50F9,"79 đường số 5, P.Bình Chiểu, TP.Thủ Đức, TP.HCM",12000000.0,69.0,street,3.0,3.0,1.0,173913.04,
5HRBS7,"157 đường số 6, P.Bình Hưng Hoà B, Q.Bình Tân, TP.HCM",8500000.0,91.49,street,9.0,9.0,6.0,92906.33,
6SKKQ8,"39L Hiệp Thành 06, P.Hiệp Thành, Q.12, TP.HCM",6850000.0,68.36,street,1.0,1.0,1.0,100204.8,
SDC1W5,"14A đường số 5A, P.Bình Hưng Hoà A, Q.Bình Tân, TP.HCM",8900000.0,165.12,street,4.0,5.0,5.0,53900.19,
YBCW7D,"155 Nguyễn Lộ Trạch, P.Tân Quý, Q.Tân Phú, TP.HCM",11000000.0,145.69,street,4.0,3.0,3.0,75502.78,
1QYFC6,"đường Số 2, P.16, Q.Gò Vấp, TP.HCM",7900000.0,168.44,street,2.0,2.0,2.0,46900.97,
8UMST3,"đường 26/3, P.Bình Hưng Hòa, Q.Bình Tân, TP.HCM",12200000.0,107.29,street,2.0,1.0,2.0,113710.5,
Q5ZNBU,"1 đường số 3, P.Tân Tạo A, Q.Bình Tân, TP.HCM",6700000.0,67.06,street,6.0,6.0,2.0,99910.53,
1QD4H6,"24 đường số 10, P.Bình Thuận, Q.7, TP.HCM",31500000.0,157.5,street,2.0,2.0,2.0,200000.0,
YCBX4D,"26 Lý Thường Kiệt, P.6, Q.10, TP.HCM",32500000.0,514.24,street,8.0,6.0,6.0,63200.06,
UAVU9S,"98 Nguyễn Du, P.7, Q.Gò Vấp, TP.HCM",18500000.0,163.86,street,11.0,11.0,6.0,112901.26,
6QX408,"375 Nguyễn Sơn, P.Phú Thạnh, Q.Tân Phú, TP.HCM",7300000.0,154.33,street,2.0,2.0,3.0,47301.24,
GUKH2N,"đường 275, P.Hiệp Phú, TP.Thủ Đức, TP.HCM",6800000.0,90.06,street,3.0,2.0,1.0,75505.22,
AC6G7Y,"342 Lê Văn Sỹ, P.2, Q.Tân Bình, TP.HCM",79000000.0,284.67,street,3.0,1.0,2.0,277514.31,
5HAFR7,"5 Vũ Chí Hiếu, P.13, Q.5, TP.HCM",21000000.0,476.19,street,3.0,2.0,3.0,44100.04,
UH12MS,"Thống Nhất, P.16, Q.Gò Vấp, TP.HCM",7800000.0,162.5,street,3.0,4.0,4.0,48000.0,
YBHWYD,"2 đường số 19, Thạnh Mỹ Lợi, Q.2, TP.HCM",9500000.0,78.18,street,2.0,1.0,1.0,121514.45,
5H6MS7,"đường số 10, P.Bình Hưng Hoà A, Q.Bình Tân, TP.HCM",9500000.0,115.99,street,4.0,4.0,2.0,81903.61,
QAPQTU,"Hương Lộ 2, P.Bình Trị Đông, Q.Bình Tân, TP.HCM",13900000.0,127.52,street,5.0,5.0,4.0,109002.51,
37U4DQ,"94B1 Phùng Văn Cung, P.7, Q.Phú Nhuận, TP.HCM",26500000.0,350.06,street,11.0,11.0,7.0,75701.31,
8SY2Q3,"498 Mã Lò, P.Bình Hưng Hoà A, Q.Bình Tân, TP.HCM",14500000.0,172.82,street,4.0,3.0,2.0,83902.33,
9T709P,"10F Nguyễn Thị Thơi, P.Hiệp Thành, Q.12, TP.HCM",9800000.0,122.34,street,2.0,2.0,1.0,80104.63,
CWE5QB,"29 Nguyễn Phúc Nguyên, P.10, Q.3, TP.HCM",7500000.0,438.59,street,4.0,5.0,5.0,17100.25,
J2VUS0,"6 đường số 20, P.Bình Hưng Hoà A, Q.Bình Tân, TP.HCM",5450000.0,95.95,street,2.0,2.0,2.0,56800.42,
PT9Y2G,"64 Nguyễn Súy, P.Tân Quý, Q.Tân Phú, TP.HCM",15800000.0,217.03,street,5.0,6.0,4.0,72801.0,
YK336D,"172A Lê Sát, P.Tân Quý, Q.Tân Phú, TP.HCM",6400000.0,198.14,street,2.0,2.0,2.0,32300.39,
5YVMS7,"340 đường Huỳnh Văn Bánh, P.10, Q.Phú Nhuận, TP.HCM",17000000.0,366.66,street,3.0,3.0,5.0,46364.48,
85N6N3,"10 đường TK8, Xã Bà Điểm, H.Hóc Môn, TP.HCM",7900000.0,79.0,street,2.0,2.0,3.0,100000.0,
E9WMC4,"667 Tân Sơn, P.12, Q.Gò Vấp, TP.HCM",13900000.0,217.18,street,4.0,6.0,5.0,64002.21,
EJTWP4,"232 Phạm Ngũ Lão, P.7, Q.Gò Vấp, TP.HCM",7350000.0,165.16,street,2.0,1.0,2.0,44502.3,
4J0V8F,"108 đường số 3, P.9, Q.Gò Vấp, TP.HCM",8199999.999999999,223.43,street,2.0,3.0,4.0,36700.53,
6QT5C8,"đường số 19, P.Bình Trị Đông B, Q.Bình Tân, TP.HCM",15700000.0,174.44,street,4.0,4.0,4.0,90002.29,
2MS17Z,"124 Lê Niệm, P.Phú Thạnh, Q.Tân Phú, TP.HCM",10500000.0,116.15,street,1.0,1.0,1.0,90400.34,
0G1FW9,"47-47A đường Lý Chiêu Hoàng, P.10, Q.6, TP.HCM",33500000.0,107.47,street,5.0,5.0,5.0,311714.9,
7KRMEA,"177 đường CN 11, P.Sơn Kỳ, Q.Tân Phú, TP.HCM",8300000.000000001,139.96,street,2.0,2.0,2.0,59302.66,
AC4BBY,"205 Thoại Ngọc Hầu, P.Phú Thạnh, Q.Tân Phú, TP.HCM",38000000.0,198.84,street,45.0,45.0,8.0,191108.43,
Q56BZU,"241 Dương Quảng Hàm, P.6, Q.Gò Vấp, TP.HCM",14000000.0,253.16,street,3.0,3.0,4.0,55301.0,
7D03DA,"28H đường số 9A, P.Bình Hưng Hoà A, Q.Bình Tân, TP.HCM",8400000.0,97.44,street,6.0,4.0,3.0,86206.9,
7EQKDA,"Huỳnh Tấn Phát, P.Phú Thuận, Q.7, TP.HCM",12600000.0,80.76,street,3.0,3.0,2.0,156017.83,
7K729A,"87R Lê Văn Duyệt, P.1, Q.Bình Thạnh, TP.HCM",8180000.0,183.82,street,3.0,3.0,3.0,44500.05,
1UPDZ6,"9B Vườn Lài nối dài, P.An Phú Đông, Q.12, TP.HCM",9800000.0,119.95,street,4.0,2.0,2.0,81700.71,
7HSJKA,"55 đường số 17B, P.Bình Hưng Hòa, Q.Bình Tân, TP.HCM",11800000.0,112.38,street,4.0,5.0,4.0,105000.89,
GNCFY2,"1A Đường Thạch Thị Thanh, P.Tân Định, Q.1, TP.HCM",42000000.0,551.18,street,7.0,7.0,5.0,76200.15,
Q7AQJU,"F12, đường Số 30, P.9, Q.4, TP.HCM",10500000.0,328.12,street,5.0,3.0,5.0,32000.49,
2NP7NZ,"Phan Văn Hớn, P.Tân Thới Nhất, Q.12, TP.HCM",13500000.0,102.27,street,3.0,3.0,3.0,132003.52,
Q51A6U,"18 Đỗ Đức Dục, P.Phú Thọ Hòa, Q.Tân Phú, TP.HCM",8600000.0,120.9,street,3.0,2.0,2.0,71133.17,
SDPUC5,"2/78B Bùi Thị Lùng, Xã Thới Tam Thôn, H.Hóc Môn, TP.HCM",5500000.0,78.23,street,2.0,1.0,1.0,70305.51,
QACV1U,"A24 Khu dân cư Tạ Thị Ngọc Thảo Hoàng Quốc Việt, P.Phú Thuận, Q.7, TP.HCM",15800000.0,197.5,street,5.0,6.0,5.0,80000.0,
5H4A67,"265A1 Nguyễn Văn Đậu, P.11, Q.Bình Thạnh, TP.HCM",12500000.0,217.39,street,7.0,6.0,6.0,57500.35,
SD7625,"255 Huỳnh Văn Bánh, P.11, Q.Phú Nhuận, TP.HCM",16800000.0,391.6,street,4.0,4.0,3.0,42900.92,
357S1Q,"67 đường Số 44, P.14, Q.Gò Vấp, TP.HCM",12900000.0,168.18,street,6.0,4.0,3.0,76703.53,
Q75ZKU,"1504 Trường Sa, P.3, Q.Tân Bình, TP.HCM",10550000.0,432.37,street,3.0,3.0,4.0,24400.4,
Q5Q5TU,"Bắc Hải, P.6, Q.Tân Bình, TP.HCM",10700000.0,356.66,street,2.0,2.0,2.0,30000.56,
5HCDS7,"62 Thạnh Lộc 15, P.Thạnh Lộc, Q.12, TP.HCM",7500000.0,125.2,street,6.0,6.0,5.0,59904.15,
PNAVXG,"560 Phạm Văn Chiêu, P.16, Q.Gò Vấp, TP.HCM",13900000.0,232.83,street,6.0,7.0,5.0,59700.21,
PT8AKG,"99A Trần Văn Đang, P.9, Q.3, TP.HCM",3580000.0,246.89,street,3.0,4.0,4.0,14500.38,
U7J8XS,"141 đường số 6, P.Bình Trưng Tây, TP.Thủ Đức, TP.HCM",31000000.0,96.0,street,1.0,1.0,1.0,322916.67,
6SHFY8,"125 Huỳnh Văn Bánh, P.15, Q.Phú Nhuận, TP.HCM",11100000.0,458.67,street,8.0,4.0,5.0,24200.41,
6U7T98,"Hồng Hà, P.2, Q.Tân Bình, TP.HCM",12900000.0,490.49,street,4.0,5.0,5.0,26300.23,
GT0HT2,"Phạm Phú Thứ, P.11, Q.Tân Bình, TP.HCM",28000000.0,238.39,street,13.0,13.0,5.0,117454.59,
AHR31Y,"- 34 Cống Hộp Rạch Bùng Binh, P.10, Q.3, TP.HCM",15000000.0,495.04,street,1.0,2.0,3.0,30300.58,
1UDQ16,"Tam Đông 11, Xã Thới Tam Thôn, H.Hóc Môn, TP.HCM",3500000.0,73.37,street,2.0,1.0,1.0,47703.42,
W9EUGR,"138-138A Đường Lê Lai, P.Phạm Ngũ Lão, Q.1, TP.HCM",450000000.0,998.66,street,1.0,3.0,3.0,450603.81,
Q701GU,"46 đường số 4, P.11, Q.Gò Vấp, TP.HCM",8800000.0,185.26,street,3.0,4.0,4.0,47500.81,
AHS01Y,"đường số 12, P.Bình Hưng Hòa, Q.Bình Tân, TP.HCM",7150000.0,123.06,street,3.0,5.0,2.0,58101.74,
CFZV4B,"11 Đỗ Thị Tâm, P.Tân Quý, Q.Tân Phú, TP.HCM",6300000.0,108.62,street,3.0,2.0,2.0,58000.37,
37Y51Q,"177 Phạm Văn Đồng, P.1, Q.Gò Vấp, TP.HCM",12300000.0,247.48,street,5.0,3.0,4.0,49700.99,
CW4U6B,"453 Nguyễn Văn Khối, P.12, Q.Gò Vấp, TP.HCM",35500000.0,185.66,street,1.0,1.0,2.0,191209.74,
U73BTS,"48 Nguyễn Văn Lượng, P.17, Q.Gò Vấp, TP.HCM",12000000.0,335.19,street,4.0,5.0,4.0,35800.59,
2MDJPZ,"485/2 Lê Trọng Mân, TT.Cần Thạnh, H.Cần Giờ, TP.HCM",6800000.0,70.1,street,3.0,2.0,2.0,97004.28,
7D6WBA,"57 đường số 35, P.Hiệp Bình Chánh, TP.Thủ Đức, TP.HCM",8189999.999999999,109.2,street,4.0,3.0,3.0,75000.0,
02ERS9,"Nam Kỳ Khởi Nghĩa, P.Võ Thị Sáu, Q.3, TP.HCM",11000000.0,692.44,street,3.0,4.0,5.0,15885.85,
UAMPYS,"Diệp Minh Châu, P.Tân Sơn Nhì, Q.Tân Phú, TP.HCM",13000000.0,144.28,street,2.0,2.0,2.0,90102.58,
AKXM4Y,"105/12 Đường TL 37, P.Thạnh Lộc, Q.12, TP.HCM",2750000.0,58.76,street,1.0,1.0,1.0,46800.54,
W9F72R,"7 đường số 16, Xã Phong Phú, H.Bình Chánh, TP.HCM",11500000.0,94.41,street,9.0,9.0,6.0,121809.13,
CYSSBC,"Huỳnh Tấn Phát, P.Phú Mỹ, Q.7, TP.HCM",18500000.0,85.71,street,1.0,1.0,2.0,215844.13,
AFG0FY,"9 đường số 37, P.4, Q.4, TP.HCM",15800000.0,303.84,street,6.0,5.0,4.0,52001.05,
U73NAS,"432 Trần Văn Giàu, P.Tân Tạo, Q.Bình Tân, TP.HCM",11500000.0,141.97,street,1.0,1.0,1.0,81003.03,
U72F2S,"16 đường số 4, Xã Phước Lộc, H.Nhà Bè, TP.HCM",14500000.0,109.84,street,4.0,4.0,3.0,132010.2,
3YN42Q,"16 Nguyễn Thị Tươi, Tân Bình, Dĩ An, TP.HCM",2850000.0,48.3,street,2.0,2.0,1.0,59006.21,
ABBGXY,"2 đường số 23, Xã Phú Xuân, H.Nhà Bè, TP.HCM",15000000.0,89.55,street,4.0,3.0,3.0,167504.19,
8S5S03,"đường số 14, P.Bình Hưng Hoà A, Q.Bình Tân, TP.HCM",18800000.0,94.0,street,1.0,2.0,2.0,200000.0,
SAM225,"43 đường số 149A, P.Long Trường, TP.Thủ Đức, TP.HCM",8199999.999999999,82.0,street,4.0,4.0,3.0,100000.0,
2GM4ZN,"Quốc Lộ 13, P.Hiệp Bình Phước, TP.Thủ Đức, TP.HCM",31500000.0,203.35,street,9.0,8.0,4.0,154905.34,
JGF8E0,"60 Nguyên Hồng, P.1, Q.Gò Vấp, TP.HCM",6200000.0,140.9,street,2.0,2.0,2.0,44002.84,
4JNKAF,"66 đường số 18, P.Bình Hưng Hòa, Q.Bình Tân, TP.HCM",8600000.0,109.97,street,2.0,2.0,1.0,78203.15,
6UBZ58,"Nguyễn Ngọc Nhựt, P.Tân Quý, Q.Tân Phú, TP.HCM",34000000.0,279.83,street,24.0,24.0,7.0,121502.34,
49PM6F,"6 đường số 1, Xã Bình Hưng, H.Bình Chánh, TP.HCM",40000000.0,121.21,street,5.0,4.0,4.0,330005.78,
RP03UJ,"62 Nguyễn Quang Diêu, P.Tân Quý, Q.Tân Phú, TP.HCM",2100000.0,250.0,street,1.0,1.0,2.0,8400.0,
2134XZ,"49 Nguyễn Hữu Dật, P.Tây Thạnh, Q.Tân Phú, TP.HCM",10200000.0,127.15,street,2.0,1.0,1.0,80220.21,
AK5UEY,"23 Kênh Nước Đen, P.Tân Thành, Q.Tân Phú, TP.HCM",11900000.0,169.75,street,4.0,3.0,3.0,70103.09,
9T6B9P,"123 đường số 320 Bông Sao, P.5, Q.8, TP.HCM",11600000.0,181.25,street,5.0,6.0,4.0,64000.0,
1QRHM6,"Bùi Văn Thêm, P.9, Q.Phú Nhuận, TP.HCM",25500000.0,314.03,street,4.0,5.0,5.0,81202.43,
QV1KUQ,"Lê Văn Khương, P.Hiệp Thành, Q.12, TP.HCM",14500000.0,143.56,street,8.0,8.0,6.0,101003.06,
YQCYD6,"5 Phan Huy Ôn, P.19, Q.Bình Thạnh, TP.HCM",22800000.0,290.07,street,5.0,4.0,4.0,78601.72,
5HMB27,"36/7B Ấp Thới Tây 1, TT.Hóc Môn, H.Hóc Môn, TP.HCM",3950000.0,34.86,street,2.0,1.0,1.0,113310.38,
YQCYD6,"5 Phan Huy Ôn, P.19, Q.Bình Thạnh, TP.HCM",22800000.0,290.07,street,5.0,4.0,4.0,78601.72,
5HMB27,"36/7B Ấp Thới Tây 1, TT.Hóc Môn, H.Hóc Môn, TP.HCM",3950000.0,34.86,street,2.0,1.0,1.0,113310.38,
85NFD3,"40/12 Đường 38, P.Hiệp Bình, TP.Thủ Đức, TP.HCM",7800000.0,150.87,street,4.0,3.0,4.0,51700.14,
SCF8F5,"Lê Thị Trung, An Phú, Thuận An, TP.HCM",7150000.0,71.5,street,5.0,4.0,2.0,100000.0,
0Z84F9,"31 Nguyễn Quý Anh, P.Tân Sơn Nhì, Q.Tân Phú, TP.HCM",10600000.0,179.35,street,5.0,3.0,4.0,59102.31,
PNRS2G,"22 đường số 14, P.Linh Đông, TP.Thủ Đức, TP.HCM",7500000.0,91.46,street,1.0,1.0,1.0,82003.06,
UYZ5MS,"37 Lê Đình Thụ, P.Tân Thành, Q.Tân Phú, TP.HCM",11300000.0,200.35,street,3.0,3.0,4.0,56401.3,
8SUEV3,"132 đường số 6, P.Bình Chiểu, TP.Thủ Đức, TP.HCM",13500000.0,108.0,street,5.0,6.0,4.0,125000.0,
3SV36Q,"223 Phan Đình Phùng, P.15, Q.Phú Nhuận, TP.HCM",24500000.0,353.53,street,4.0,5.0,6.0,69301.05,
AH1CMY,"157 đường số 4, P.Phước Bình, TP.Thủ Đức, TP.HCM",10650000.0,118.86,street,2.0,1.0,1.0,89601.21,
6QJ5K8,"30-32 đường số 31, P.10, Q.6, TP.HCM",23500000.0,182.59,street,10.0,6.0,4.0,128703.65,
UYA0MS,"406 Lê Quang Định, P.11, Q.Bình Thạnh, TP.HCM",16500000.0,291.51,street,9.0,9.0,6.0,56601.83,
1QVFG6,"33 Lê Công Phép, P.An Lạc, Q.Bình Tân, TP.HCM",9800000.0,146.05,street,4.0,5.0,4.0,67100.31,
UAHXRS,"112 Ca Văn Thỉnh, P.13, Q.Tân Bình, TP.HCM",16900000.0,315.29,street,14.0,14.0,6.0,53601.45,
W0C9DR,"124 Trần Thị Điệu, P.Phước Long B, TP.Thủ Đức, TP.HCM",10300000.0,121.31,street,3.0,4.0,3.0,84906.44,
GTQRJ2,"190/1C Quang Hùng 3, Xã Thới Tam Thôn, H.Hóc Môn, TP.HCM",4500000.0,56.32,street,2.0,1.0,2.0,79900.57,
37PRTQ,"86 đường số 17, P.Bình Chiểu, TP.Thủ Đức, TP.HCM",6600000.0,58.87,street,2.0,3.0,3.0,112111.43,
JG6ZG0,"Trần Đại Nghĩa, P.Tân Tạo A, Q.Bình Tân, TP.HCM",15950000.0,0.0,street,2.0,2.0,2.0,inf,
AKN10Y,"Phùng Văn Cung, P.2, Q.Phú Nhuận, TP.HCM",11950000.0,267.93,street,2.0,2.0,2.0,44601.2,
U7PJMS,"1319 Lê Đức Thọ, P.15, Q.Gò Vấp, TP.HCM",12300000.0,188.65,street,4.0,5.0,5.0,65200.11,
7HN2TA,"Công Chúa Ngọc Hân, P.10, Q.11, TP.HCM",10000000.0,249.37,street,5.0,4.0,4.0,40101.05,
PZHB7G,"Lê Trọng Tấn, P.Bình Hưng Hòa, Q.Bình Tân, TP.HCM",18500000.0,310.4,street,6.0,5.0,5.0,59600.52,
9ZW0DP,"214 Nguyễn Thái Bình, P.12, Q.Tân Bình, TP.HCM",24500000.0,322.36,street,4.0,4.0,3.0,76001.99,
5D94Q7,"Đường Nguyễn Hữu Cảnh, P.22, Q.Bình Thạnh, TP.HCM",11000000.0,310.73,street,2.0,1.0,2.0,35400.51,
J2KYX0,"2012 Lê Văn Lương, Xã Nhơn Đức, H.Nhà Bè, TP.HCM",7900000.0,35.61,street,1.0,1.0,1.0,221847.8,
UA3FVS,"54 Thới An 12, khu phố 3, P.Thới An, Q.12, TP.HCM",5100000.0,69.48,street,2.0,1.0,1.0,73402.42,
YCE2HD,"641 An Dương Vương, khu phố 14, P.Bình Trị Đông, Q.Bình Tân, TP.HCM",7150000.0,99.67,street,5.0,4.0,4.0,71736.73,
2M03TZ,"39 Trần Thủ Độ, P.Phú Thạnh, Q.Tân Phú, TP.HCM",8500000.0,133.64,street,2.0,2.0,2.0,63603.71,
Q5647U,"72A Kênh Nước Đen, P.Bình Hưng Hoà A, Q.Bình Tân, TP.HCM",12500000.0,158.83,street,3.0,5.0,4.0,78700.5,
U76UUS,"Trần Bá Giao, P.5, Q.Gò Vấp, TP.HCM",14200000.0,167.65,street,4.0,4.0,4.0,84700.27,
SD4JQ5,"72A Hồ Văn Huê, P.9, Q.Phú Nhuận, TP.HCM",10200000.0,393.82,street,2.0,3.0,3.0,25900.16,
Q5AAGU,"67 đường số 359, P.Phước Long B, TP.Thủ Đức, TP.HCM",4800000.0,147.23,street,2.0,2.0,2.0,32602.05,
6U6C78,"707 Tân Kỳ Tân Qúy, P.Bình Hưng Hoà A, Q.Bình Tân, TP.HCM",26000000.0,174.02,street,1.0,1.0,2.0,149408.11,
1UE0K6,"12 Đặng Minh Trứ, P.10, Q.Tân Bình, TP.HCM",8800000.0,162.96,street,1.0,1.0,1.0,54000.98,
02BS29,"Đường Gò Dầu, P.Tân Quý, Q.Tân Phú, TP.HCM",12500000.0,184.47,street,6.0,4.0,4.0,67761.7,
CW7UYB,"167/5C Tân Hiệp 39-40, Xã Tân Hiệp, H.Hóc Môn, TP.HCM",2650000.0,29.28,street,2.0,1.0,1.0,90505.46,
QA707U,"11 đường Số 192 Khu Biệt Thự, P.6, Q.8, TP.HCM",78000000.0,105.54,street,4.0,5.0,1.0,739056.28,
2MURNZ,"30 Lô K Cư Xá Phú Lâm D, P.10, Q.6, TP.HCM",13600000.0,190.74,street,5.0,6.0,3.0,71301.25,
13TE26,"1163 Kha Vạn Cân KP4, P.Linh Trung, TP.Thủ Đức, TP.HCM",9500000.0,79.83,street,3.0,3.0,2.0,119002.88,
DCT7TH,"Số 5 Đường số 38, P.Hiệp Bình Chánh, TP.Thủ Đức, TP.HCM",34000000.0,87.5,street,4.0,1.0,1.0,388571.43,
8BRP3A,"60/5G Đông Hưng Thuận 8, P.Đông Hưng Thuận, Q.12, TP.HCM",7800000.0,127.86,street,1.0,1.0,2.0,61004.22,
RGGPPJ,"380 Tân Kỳ Tân Quý, P.Tân Quý, Q.Tân Phú, TP.HCM",20700000.0,103.19,street,4.0,2.0,2.0,200600.83,
UC4QAS,"Thửa 1051 - Tờ 8 đường số 38, P.Hiệp Bình Chánh, TP.Thủ Đức, TP.HCM",17000000.0,57.43,street,3.0,2.0,2.0,296012.54,
QADXKU,"1075 Cách Mạng Tháng Tám, P.7, Q.Tân Bình, TP.HCM",18500000.0,211.91,street,1.0,1.0,2.0,87301.21,
WPVGXR,"108 đường 105B Trịnh Quang Nghị, P.7, Q.8, TP.HCM",8900000.0,74.16,street,4.0,5.0,4.0,120010.79,
9ZMH0P,"15 đường số 8, P.Hiệp Bình Chánh, TP.Thủ Đức, TP.HCM",17500000.0,151.51,street,4.0,5.0,4.0,115503.93,
6U6DU8,"83 Trịnh Đình Trọng, P.Phú Trung, Q.Tân Phú, TP.HCM",12900000.0,162.65,street,4.0,3.0,4.0,79311.4,
AHQZUY,"184 đường số 8 KP7, P.Bình Hưng Hòa, Q.Bình Tân, TP.HCM",9300000.0,88.48,street,1.0,1.0,1.0,105108.5,
KEQKJC,"Một phần nhà số 60 Liên Khu 16-18, P.Bình Trị Đông, Q.Bình Tân, TP.HCM",13500000.0,92.59,street,6.0,6.0,2.0,145804.08,
DBMPAH,"Đường Cách Mạng Tháng 8, P.15, Q.10, TP.HCM",20000000.0,248.75,street,7.0,7.0,5.0,80402.01,
8U1NE3,"Lê Văn Khương, KP5, P.Hiệp Thành, Q.12, TP.HCM",7100000.0,138.13,street,2.0,1.0,2.0,51400.85,
37DAXQ,"59 đường số 339, P.Phước Long B, TP.Thủ Đức, TP.HCM",16200000.0,183.25,street,6.0,6.0,4.0,88403.82,
0GMAH9,"18 đường số 1, KDC Gia Hòa, Xã Phong Phú, H.Bình Chánh, TP.HCM",14000000.0,92.1,street,2.0,2.0,2.0,152008.69,
7D4E8A,"5 đường số 11, khu phố 2, P.An Lạc, Q.Bình Tân, TP.HCM",7000000.0,76.11,street,3.0,2.0,3.0,91972.15,
RG21VJ,"34 đường Tân Thới Nhất 04, P.Tân Thới Nhất, Q.12, TP.HCM",9350000.0,187.0,street,4.0,5.0,5.0,50000.0,
8SEPM3,"121I đường số 11, KP9, P.Trường Thọ, TP.Thủ Đức, TP.HCM",37500000.0,117.18,street,36.0,36.0,5.0,320020.48,
6QMBD8,"191C Đường Hoàng Hoa Thám, P.7, Q.Bình Thạnh, TP.HCM",26500000.0,253.1,street,5.0,5.0,6.0,104701.7,
UY9XGS,"38 đường số 3, P.Linh Chiểu, TP.Thủ Đức, TP.HCM",18800000.0,188.0,street,4.0,5.0,4.0,100000.0,
RG9HCJ,"số 5 đường số 8, P.Linh Tây, TP.Thủ Đức, TP.HCM",2700000.0,77.36,street,2.0,1.0,1.0,34901.76,
DCUAWH,"14/5B Bắc Lân 2, Xã Bà Điểm, H.Hóc Môn, TP.HCM",3900000.0,77.22,street,2.0,1.0,1.0,50505.05,
7HZ1YA,"197C1 Đường Nguyễn Thượng Hiền, P.5, Q.Bình Thạnh, TP.HCM",8680000.0,185.86,street,7.0,7.0,4.0,46701.82,
W0V6QR,"Liên Khu 2-10, P.Bình Hưng Hoà A, Q.Bình Tân, TP.HCM",7500000.0,117.18,street,5.0,6.0,4.0,64004.1,
7HZ1YA,"197C1 Đường Nguyễn Thượng Hiền, P.5, Q.Bình Thạnh, TP.HCM",8680000.0,185.86,street,7.0,7.0,4.0,46701.82,
W0V6QR,"Liên Khu 2-10, P.Bình Hưng Hoà A, Q.Bình Tân, TP.HCM",7500000.0,117.18,street,5.0,6.0,4.0,64004.1,
CFDQUB,"Số 08,đường 110 Trương Đình Hội, P.16, Q.8, TP.HCM",9790000.0,117.66,street,4.0,3.0,4.0,83205.85,
UDKV9S,"104K đường số 6, Cư Xá Bình Thới, P.8, Q.11, TP.HCM",3800000.0,79.16,street,1.0,1.0,1.0,48004.04,
YGPVD6,"MPN 83 Huỳnh Thiện Lộc, P.Hòa Thạnh, Q.Tân Phú, TP.HCM",10600000.0,193.43,street,2.0,1.0,2.0,54800.19,
5YSFW7,"đường số 31, Khu Tên Lửa, P.Bình Trị Đông B, Q.Bình Tân, TP.HCM",12500000.0,156.25,street,3.0,4.0,4.0,80000.0,
SY2CR5,"Đường Liên khu 2-10, P.Bình Hưng Hoà A, Q.Bình Tân, TP.HCM",5200000.0,86.37,street,1.0,1.0,2.0,60206.09,
DBN39H,"Đường Ấp Chiến Lược, P.Bình Hưng Hòa, Q.Bình Tân, TP.HCM",12500000.0,200.32,street,7.0,7.0,6.0,62400.16,
5DN8C7,"20 đường số 3, KP34, P.Bình Chiểu, TP.Thủ Đức, TP.HCM",8500000.0,87.44,street,3.0,3.0,3.0,97209.52,
SYCJQ5,"15 đường số 25, khu phố 11, P.Bình Hưng Hoà A, Q.Bình Tân, TP.HCM",5850000.0,91.83,street,2.0,1.0,2.0,63704.67,
AKE33Y,"94/2 Nguyễn Ảnh Thủ, ấp Tây Lân, Xã Bà Điểm, H.Hóc Môn, TP.HCM",18000000.0,213.27,street,3.0,4.0,3.0,84400.06,
JGJEZ0,"MPN 45 đường số 3, khu phố 4, P.Tân Tạo A, Q.Bình Tân, TP.HCM",4300000.0,59.72,street,5.0,5.0,1.0,72002.68,
UAE09S,"22 đường số 75 KDC Tân Quy Đông, P.Tân Phong, Q.7, TP.HCM",62000000.0,176.58,street,1.0,1.0,1.0,351115.64,
UAE09S,"22 đường số 75 KDC Tân Quy Đông, P.Tân Phong, Q.7, TP.HCM",62000000.0,176.58,street,1.0,1.0,1.0,351115.64,
37HUNQ,"75 đường số 8B, khu phố 13, P.Bình Hưng Hoà A, Q.Bình Tân, TP.HCM",2850000.0,154.89,street,2.0,1.0,2.0,18400.15,
Q79TWU,"Lô 33 Đường Phạm Thế Hiển, P.4, Q.8, TP.HCM",8500000.0,395.34,street,2.0,1.0,2.0,21500.48,
Q79TWU,"Lô 33 Đường Phạm Thế Hiển, P.4, Q.8, TP.HCM",8500000.0,395.34,street,2.0,1.0,2.0,21500.48,
GX1PM2,"28H9 đường DD11, Khu dân cư An Sương, P.Tân Hưng Thuận, Q.12, TP.HCM",14500000.0,138.09,street,2.0,3.0,3.0,105003.98,
2MARGZ,"C31/1 Tân Xuân 3, ấp Mới 1, Xã Tân Xuân, H.Hóc Môn, TP.HCM",4500000.0,65.88,street,2.0,1.0,2.0,68306.01,
02GCP9,"Dân Trí, phường 6, Tân Bình, P.6, Q.Tân Bình, TP.HCM",10300000.0,90.98,street,2.0,1.0,2.0,113211.69,
ACCHBY,"6C đường số 14, khu dân cư Cityland, P.10, Q.Gò Vấp, TP.HCM",49000000.0,228.97,street,4.0,4.0,4.0,214001.83,
SDH895,"34 Thới Tứ 2, ấp Thới Tứ, Xã Thới Tam Thôn, H.Hóc Môn, TP.HCM",3890000.0,84.38,street,2.0,2.0,2.0,46100.97,
6UQP98,"67/10F Tân Hiệp 31, ấp Thới Tây 2, Xã Tân Hiệp, H.Hóc Môn, TP.HCM",4950000.0,51.08,street,3.0,2.0,2.0,96906.81,
Q7PFRU,"Đường Lê Đức Thọ, P.6, Q.Gò Vấp, TP.HCM",23800000.0,330.55,street,12.0,12.0,5.0,72001.21,
ACZRHY,"16 (nền D68) đường số 4A, Khu dân cư 13E, Xã Phong Phú, H.Bình Chánh, TP.HCM",9200000.0,92.0,street,2.0,4.0,4.0,100000.0,
GXVEP2,"Cư Xá Phú Thọ Hòa - Lạc Long Quân, P.5, Q.11, TP.HCM",8750000.0,164.16,street,4.0,4.0,3.0,53301.66,
7D5CYA,"Chợ Lớn - khu dân cư bình phú, P.11, Q.6, TP.HCM",17500000.0,218.75,street,3.0,4.0,4.0,80000.0,
408BSF,"9C Nguyễn Thị Nuôi, ấp Thống Nhất 1, Xã Tân Thới Nhì, H.Hóc Môn, TP.HCM",6500000.0,68.56,street,2.0,1.0,2.0,94807.47,
8SKP63,"Thửa 107 - Tờ 100, đường số 3, Xã Tân Thông Hội, H.Củ Chi, TP.HCM",3500000.0,40.55,street,4.0,2.0,2.0,86313.19,
408BSF,"9C Nguyễn Thị Nuôi, ấp Thống Nhất 1, Xã Tân Thới Nhì, H.Hóc Môn, TP.HCM",6500000.0,68.56,street,2.0,1.0,2.0,94807.47,
8SKP63,"Thửa 107 - Tờ 100, đường số 3, Xã Tân Thông Hội, H.Củ Chi, TP.HCM",3500000.0,40.55,street,4.0,2.0,2.0,86313.19,
85K283,"8/2A Nguyễn Thị Sóc, Ấp Hưng Lân, Xã Bà Điểm, H.Hóc Môn, TP.HCM",16500000.0,97.74,street,4.0,2.0,2.0,168815.22,
DBM8RH,"Thửa 691 - Tờ 44 đường số 405, Xã Phước Vĩnh An, H.Củ Chi, TP.HCM",5600000.0,28.34,street,6.0,7.0,2.0,197600.56,
7HX68A,"C28 (Thửa  902 - tờ 33 ) Tổ 49, khu phố 4, P.Trung Mỹ Tây, Q.12, TP.HCM",6000000.0,98.03,street,2.0,1.0,1.0,61205.75,
37YD1Q,"3 đường số 1, Khu dân cư Lê Thành, P.An Lạc, Q.Bình Tân, TP.HCM",12000000.0,188.67,street,6.0,5.0,5.0,63603.12,
DENJAH,"39 đường số 10, Khu dân cư Trung Sơn, Xã Bình Hưng, H.Bình Chánh, TP.HCM",22000000.0,183.33,street,5.0,6.0,4.0,120002.18,
RPC54J,"đường 12F, khu định cư số 4, ấp 4, Xã Phong Phú, H.Bình Chánh, TP.HCM",13500000.0,128.57,street,4.0,4.0,4.0,105001.17,
UYFYYS,"7 đường số 5, Cư Xá Chu Văn An, P.26, Q.Bình Thạnh, TP.HCM",15300000.0,212.5,street,3.0,3.0,3.0,72000.0,
DEPFDH,"32 đường số 12, Khu dân cư Vĩnh Lộc, P.Bình Hưng Hoà B, Q.Bình Tân, TP.HCM",11500000.0,135.29,street,4.0,4.0,5.0,85002.59,
K4YZXC,"46 đường số 10 khu dân cư Hương Lộ 5, P.An Lạc, Q.Bình Tân, TP.HCM",8000000.0,125.0,street,6.0,5.0,4.0,64000.0,
6S3578,"86 đường số 2 Cư Xá Chu Văn An, P.26, Q.Bình Thạnh, TP.HCM",15200000.0,207.93,street,5.0,6.0,4.0,73101.52,
SDP745,"C16 đường Phú Thuận, Khu dân cư Nam Long, P.Phú Thuận, Q.7, TP.HCM",21800000.0,275.94,street,4.0,4.0,4.0,79002.68,
SYKMB5,"Thạnh Xuân 52, khu phố 3, P.Thạnh Xuân, Q.12, TP.HCM",4680000.0,93.58,street,4.0,4.0,3.0,50010.69,
AK9MPY,"Thửa 502 - tờ 66 Đường Thạnh Xuân 14, P.Thạnh Xuân, Q.12, TP.HCM",6300000.0,95.45,street,2.0,2.0,2.0,66003.14,
U71MVS,"số 3 đường số 2 KDC Gia Hòa, ấp 5, Xã Phong Phú, H.Bình Chánh, TP.HCM",12360000.0,85.83,street,3.0,3.0,3.0,144005.59,
9Z7RRP,"59 đường vào khu nhà ở Gia Hòa, KDC Gia Hòa, ấp 5, Xã Phong Phú, H.Bình Chánh, TP.HCM",11000000.0,115.78,street,5.0,3.0,4.0,95007.77,
Q7924U,"32 Phạm Hùng Nối Dài, Khu nhà ở rạch Bà Tánh, ấp 5, Xã Bình Hưng, H.Bình Chánh, TP.HCM",17500000.0,159.09,street,6.0,6.0,4.0,110000.63,
DE6ZYH,"Thửa 1197 - Tờ 03 Đường 203, P.Thiên Hương, TP.Thuỷ Nguyên, TP. Hải Phòng",6000000.0,50.42,street,3.0,2.0,2.0,119000.4,
EJ20N4,"61 số 22, P.An Khánh, Q.Ninh Kiều, TP. Cần Thơ",3950000.0,98.75,street,4.0,5.0,3.0,40000.0,
7HWNCA,"6 đường ĐX 079, P.Định Hoà, TP.Thủ Dầu Một, Bình Dương",6500000.0,32.0,street,5.0,2.0,2.0,203125.0,
AFPBHY,"97 Khánh Hội, P.3, Q.4, TP.HCM",25000000.0,277.77,street,1.0,1.0,1.0,90002.52,
9V2HVP,"133 Gò Công, P.13, Q.5, TP.HCM",39000000.0,389.22,street,5.0,6.0,5.0,100200.4,
8DU9K3,"C24 đường D5B, P.Phú Mỹ, Q.7, TP.HCM",11000000.0,122.22,street,4.0,4.0,3.0,90001.64,
6AXYH8,"661 Hồng Bàng, P.6, Q.6, TP.HCM",15000000.0,159.91,street,2.0,1.0,1.0,93802.76,
17ZEV6,"45C Cao Thắng, P.3, Q.3, TP.HCM",27000000.0,459.18,street,5.0,6.0,5.0,58800.47,
17FNJ6,"208 Nguyễn Trãi, P.Phạm Ngũ Lão, Q.1, TP.HCM",780000000.0,1.3,street,15.0,15.0,15.0,600000000.0,
UKJHXS,"143 (1 Phần) Bàn Cờ, P.3, Q.3, TP.HCM",28000000.0,442.33,street,5.0,4.0,4.0,63301.16,
WZ1N3R,"341 Nguyễn Trãi, P.Nguyễn Cư Trinh, Q.1, TP.HCM",170000000.0,975.21,street,7.0,7.0,7.0,174321.43,
RTM0WJ,"Vân Thân, P.8, Q.6, TP.HCM",26000000.0,222.03,street,6.0,4.0,4.0,117101.29,
SCYWY5,"Hoàng Sa, P.Võ Thị Sáu, Q.3, TP.HCM",11000000.0,315.18,street,3.0,3.0,3.0,34900.69,
W2SQQR,"Bà Hạt, P.9, Q.10, TP.HCM",15000000.0,583.65,street,3.0,2.0,3.0,25700.33,
UD9EXS,"191 Cô Giang, P.Cô Giang, Q.1, TP.HCM",40000000.0,526.31,street,8.0,8.0,6.0,76000.84,
SH9VY5,"62-64 Nguyễn Biểu, P.1, Q.5, TP.HCM",250000000.0,739.51,street,9.0,9.0,10.0,338061.69,
7C4UZA,"107 ( Bên phải ) Vườn Chuối, P.4, Q.3, TP.HCM",90000000.0,606.46,street,5.0,5.0,7.0,148402.2,
7C4UZA,"107 ( Bên phải ) Vườn Chuối, P.4, Q.3, TP.HCM",90000000.0,606.46,street,5.0,5.0,7.0,148402.2,
UDKT6S,"123 Vĩnh Hội, P.4, Q.4, TP.HCM",30000000.0,299.1,street,7.0,7.0,6.0,100300.9,
R2TY7J,"53 Vĩnh Hội, P.4, Q.4, TP.HCM",13000000.0,449.82,street,3.0,4.0,4.0,28900.45,
PXMJMG,"2 160, Tăng Nhơn Phú A, Q.9, TP.HCM",6600000.0,122.22,street,4.0,4.0,4.0,54000.98,
2VV3WZ,"945 Nguyễn Trãi, P.13, Q.5, TP.HCM",10000000.0,285.71,street,2.0,2.0,2.0,35000.53,
WP6DCR,"23 Đông Du, P.Bến Nghé, Q.1, TP.HCM",71000000.0,1.46,street,3.0,3.0,3.0,48630136.99,
QABMMU,"75 Trương Định, P.Bến Nghé, Q.1, TP.HCM",75000000.0,660.79,street,6.0,7.0,3.0,113500.51,
3SAA6Q,"Tân Phước, P.6, Q.10, TP.HCM",18000000.0,584.41,street,5.0,6.0,6.0,30800.29,
UKN7FS,"Đinh Tiên Hoàng, P.Đa Kao, Q.1, TP.HCM",23000000.0,534.88,street,4.0,5.0,3.0,43000.3,
WT8KWR,"Vĩnh Hội, P.4, Q.4, TP.HCM",25000000.0,367.64,street,6.0,5.0,4.0,68001.31,
UCJE8S,"475 Tân Sơn, P.12, Q.Gò Vấp, TP.HCM",20000000.0,163.26,street,1.0,1.0,1.0,122503.98,
SB0EN5,"Lê Lợi, P.1, Q.Gò Vấp, TP.HCM",28000000.0,267.17,street,18.0,18.0,7.0,104802.19,
WT8T6R,"21 Minh Phụng, P.9, Q.6, TP.HCM",15500000.0,239.56,street,6.0,6.0,5.0,64701.95,
1AB8M6,"92-94 Võ Oanh, P.25, Q.Bình Thạnh, TP.HCM",63000000.0,375.0,street,2.0,2.0,4.0,168000.0,
P1U49G,"27(15.15) đường 5m thông, P.Tân Thới Nhất, Q.12, TP.HCM",8990000.0,52.57,street,1.0,1.0,1.0,171010.08,
WTVG6R,"64 Thạnh Lộc 15, P.Thạnh Lộc, Q.12, TP.HCM",9000000.0,144.23,street,5.0,4.0,5.0,62400.33,
3HB62Q,"161 Nguyễn Thị Thập, P.Tân Hưng, Q.7, TP.HCM",45000000.0,450.0,street,6.0,5.0,5.0,100000.0,
42N7AF,"72 Trần Phú, P.4, Q.5, TP.HCM",4790000.0,199.58,street,2.0,2.0,3.0,24000.4,
RNVD7J,"Văn Thân, P.8, Q.6, TP.HCM",2100000.0,115.38,street,2.0,2.0,2.0,18200.73,
7445VA,"142 Võ Thị Sáu, P.8, Q.3, TP.HCM",210000000.0,724.38,street,2.0,1.0,2.0,289903.09,
JX2P80,"Gò Xoài, P.Bình Hưng Hoà A, Q.Bình Tân, TP.HCM",6000000.0,98.36,street,2.0,2.0,2.0,61000.41,
G6NF12,"Lô Tư, P.Bình Hưng Hoà A, Q.Bình Tân, TP.HCM",49000000.0,110.11,street,4.0,6.0,3.0,445009.54,
G6NF12,"Lô Tư, P.Bình Hưng Hoà A, Q.Bình Tân, TP.HCM",49000000.0,110.11,street,4.0,6.0,3.0,445009.54,
8DSW73,"VT41-07 Thạnh Thới, TT.Cần Thạnh, H.Cần Giờ, TP.HCM",12990000.0,162.44,street,6.0,5.0,4.0,79967.99,
SBAZR5,"83 đường Trang Tử, P.14, Q.5, TP.HCM",21000000.0,280.74,street,5.0,3.0,5.0,74802.31,
6YQKA8,"âu cơ, P.14, Q.11, TP.HCM",6300000.0,157.5,street,3.0,2.0,2.0,40000.0,
C94GGB,"40-42 Bùi Thị Xuân, P.Bến Thành, Q.1, TP.HCM",250000000.0,1.52,street,40.0,40.0,10.0,164473684.21,
YWKWKD,"21 Phan Kế Bính, P.Đa Kao, Q.1, TP.HCM",88000000.0,691.82,street,3.0,3.0,3.0,127200.72,
28T19Z,"174 Lạc Long Quân, P.3, Q.11, TP.HCM",19000000.0,155.22,street,1.0,1.0,1.0,122406.91,
5B5GX7,"672 Nguyễn Trãi, P.11, Q.5, TP.HCM",11500000.0,312.5,street,2.0,2.0,1.0,36800.0,
WZWPHR,"Bến Than, Xã Hòa Phú, H.Củ Chi, TP.HCM",4200000.0,33.6,street,4.0,1.0,2.0,125000.0,
5BS5B7,"135/22 Hòa Hưng, P.12, Q.10, TP.HCM",12900000.0,307.14,street,8.0,8.0,6.0,42000.39,
UKQXCS,"HỒNG BÀNG, P.1, Q.11, TP.HCM",11500000.0,193.6,street,3.0,3.0,2.0,59400.83,
4GB1CF,"37 đường số 45, P.4, Q.4, TP.HCM",22000000.0,305.55,street,6.0,6.0,4.0,72001.31,
A4SXDY,"3/6 Phạm Thế Hiển, P.5, Q.8, TP.HCM",10000000.0,120.77,street,5.0,4.0,3.0,82802.02,
17XFM6,"18 đường DC6, P.Sơn Kỳ, Q.Tân Phú, TP.HCM",8000000.0,129.03,street,1.0,1.0,1.0,62001.09,
17XFM6,"18 đường DC6, P.Sơn Kỳ, Q.Tân Phú, TP.HCM",8000000.0,129.03,street,1.0,1.0,1.0,62001.09,
3DVNVQ,"Văn Cao, P.Phú Thọ Hòa, Q.Tân Phú, TP.HCM",5000000.0,147.05,street,3.0,2.0,3.0,34002.04,
QH1KYU,"8.7 Hồng Bàng, P.5, Q.5, TP.HCM",5490000.0,183.0,street,3.0,2.0,4.0,30000.0,
5B3CG7,"102 Hàn Hải Nguyên, P.8, Q.11, TP.HCM",16000000.0,295.2,street,5.0,4.0,4.0,54200.54,
PVFHQG,"29/15 Nguyễn Bỉnh Khiêm, P.Đa Kao, Q.1, TP.HCM",65000000.0,1.21,street,6.0,6.0,6.0,53719008.26,
JNKCQ0,"78-80 Trần Đình Xu, P.Cô Giang, Q.1, TP.HCM",135000000.0,761.42,street,5.0,5.0,5.0,177300.31,
9MBBHP,"138-138A Nguyễn Thị Thập, P.Bình Thuận, Q.7, TP.HCM",200000000.0,253.03,street,1.0,1.0,1.0,790420.11,
A461JY,"215 Tây Thạnh, P.Tây Thạnh, Q.Tân Phú, TP.HCM",14000000.0,133.46,street,4.0,2.0,2.0,104900.34,
17GF36,"86 Võ Văn Tần, P.4, Q.3, TP.HCM",750000000.0,1.24,street,5.0,5.0,3.0,604838709.68,
8YZHH3,"401 Hàn Hải Nguyên, P.2, Q.11, TP.HCM",20000000.0,265.6,street,6.0,2.0,4.0,75301.2,
26EUSZ,"666 Hưng Phú, P.Hưng Phú, Q.8, TP.HCM",8700000.0,188.47,street,4.0,3.0,4.0,46161.19,
3DR3FQ,"37 Đỗ Quang, Thảo Điền, Q.2, TP.HCM",23500000.0,398.3,street,8.0,8.0,4.0,59000.75,
4GMMNF,"140-142 Trần Nhân Tôn, P.2, Q.10, TP.HCM",100000000.0,216.07,street,2.0,2.0,2.0,462812.98,
265VAZ,"227/3 Đồng Đen, P.11, Q.Tân Bình, TP.HCM",42000000.0,182.6,street,6.0,7.0,3.0,230010.95,
3DE7ZQ,"đường C1, P.13, Q.Tân Bình, TP.HCM",38000000.0,157.61,street,8.0,6.0,4.0,241101.45,
RT104J,"đường số 47, P.4, Q.4, TP.HCM",13000000.0,322.58,street,5.0,3.0,5.0,40300.08,
5BW1T7,"149 Lý Thường Kiệt, P.15, Q.11, TP.HCM",115000000.0,488.53,street,1.0,1.0,2.0,235400.08,
5BWXG7,"28-30 Huỳnh Thúc Kháng, P.Bến Nghé, Q.1, TP.HCM",225000000.0,2.18,street,9.0,9.0,10.0,103211009.17,
4GT09F,"43 Cư Xá Đô Thành đường số 4, P.4, Q.3, TP.HCM",15000000.0,517.24,street,7.0,7.0,3.0,29000.08,
C0G47B,"đường số 64, P.10, Q.6, TP.HCM",25000000.0,183.82,street,10.0,10.0,5.0,136002.61,
PV8Z8G,"Gia Phú, P.2, Q.6, TP.HCM",15200000.0,184.55,street,1.0,1.0,1.0,82362.5,
4GZKBF,"57-57A-55/2 Hồ Hảo Hớn, P.Cô Giang, Q.1, TP.HCM",115000000.0,579.05,street,7.0,7.0,8.0,198601.16,
7ECR7A,"Yết Kiêu, P.9, Q.5, TP.HCM",36500000.0,555.55,street,6.0,7.0,5.0,65700.66,
26M2HZ,"Hoàng Diệu, P.8, Q.4, TP.HCM",12800000.0,528.92,street,3.0,2.0,5.0,24200.26,
JNGYJ0,"Vĩnh Viễn, P.4, Q.10, TP.HCM",9500000.0,334.5,street,3.0,4.0,5.0,28400.6,
C0F36B,"Phạm Thế Hiển, P.4, Q.8, TP.HCM",17000000.0,138.66,street,2.0,2.0,2.0,122602.05,
7ED82A,"551 An Phú Đông, P.An Phú Đông, Q.12, TP.HCM",2150000.0,48.86,street,1.0,1.0,1.0,44003.27,
8YQ9K3,"Chánh Hưng, P.5, Q.8, TP.HCM",19500000.0,263.15,street,4.0,2.0,2.0,74102.22,
EPF3J4,"Ba Tháng Hai, P.14, Q.10, TP.HCM",48000000.0,407.81,street,5.0,4.0,4.0,117701.87,
AES27Y,"Khu dân cư 13A Intresco, Xã Bình Hưng, H.Bình Chánh, TP.HCM",18200000.0,130.0,street,3.0,3.0,3.0,140000.0,
67MF28,"Võ Oanh, P.25, Q.Bình Thạnh, TP.HCM",36000000.0,529.41,street,3.0,3.0,3.0,68000.23,
JTFGA0,"gần Chợ Bình Điền Đường 10m., P.7, Q.8, TP.HCM",13500000.0,135.0,street,3.0,2.0,2.0,100000.0,
21JK7Z,"Khánh Hội, P.13, Q.4, TP.HCM",8790000.0,219.75,street,3.0,3.0,3.0,40000.0,
KR7G1C,"Bình Trị Đông, Bình Trị Đông A, Bình Tân, TP.HCM",17000000.0,77.27,street,8.0,6.0,4.0,220007.76,
21KQ5Z,"81 Lê Niệm, P.Phú Thạnh, Q.Tân Phú, TP.HCM",10000000.0,137.36,street,1.0,1.0,1.0,72801.4,
AENCQY,"811 Đoàn Văn Bơ, P.18, Q.4, TP.HCM",23000000.0,145.47,street,8.0,8.0,3.0,158108.2,
CJVAGB,"Ngô Quyền, P.8, Q.10, TP.HCM",15500000.0,342.16,street,2.0,1.0,1.0,45300.44,
674EU8,"Hiệp Thành 45, P.Tân Thới Hiệp, Q.12, TP.HCM",3000000.0,91.46,street,2.0,2.0,1.0,32801.22,
67KME8,"Nguyễn Chế Nghĩa, P.Xóm Củi, Q.8, TP.HCM",11000000.0,299.72,street,5.0,3.0,5.0,36700.92,
7BRX4A,"85 Âu Cơ, P.14, Q.11, TP.HCM",17000000.0,419.75,street,5.0,6.0,7.0,40500.3,
RZNMNJ,"457 Tân Sơn, P.12, Q.Gò Vấp, TP.HCM",30000000.0,196.97,street,2.0,1.0,1.0,152307.46,
SKKD15,"13 Hiền Vương, P.Phú Thạnh, Q.Tân Phú, TP.HCM",7990000.0,84.28,street,2.0,2.0,2.0,94803.04,
KWDX6C,"134/2 (Số cũ 1070) Khuông Việt, P.Phú Thạnh, Q.Tân Phú, TP.HCM",16000000.0,112.67,street,5.0,3.0,2.0,142007.63,
CRHTXB,"302 Gia Phú, P.1, Q.6, TP.HCM",30000000.0,391.64,street,3.0,2.0,3.0,76600.96,
49KPUF,"đường số 2, P.Tân Phong, Q.7, TP.HCM",33000000.0,261.9,street,7.0,7.0,6.0,126002.29,
5KVQ47,"121 Thới An 33, P.Thới An, Q.12, TP.HCM",8199999.999999999,119.7,street,4.0,5.0,5.0,68504.59,
PX5XMG,"190 Chiến Thắng, P.9, Q.Phú Nhuận, TP.HCM",2050000.0,205.0,street,2.0,2.0,2.0,10000.0,
65BAV8,"28 đường số 33, An Phú, Q.2, TP.HCM",47000000.0,293.75,street,5.0,5.0,4.0,160000.0,
SHY6G5,"6 Trần Nhân Tôn, P.2, Q.10, TP.HCM",19000000.0,271.42,street,3.0,2.0,2.0,70002.21,
0ZRCX9,"34B ( Thửa 515 - tờ 38) đường 457, Xã Trung An, H.Củ Chi, TP.HCM",3950000.0,19.77,street,2.0,1.0,1.0,199797.67,
7KMFWA,"1002 Nguyễn Xiển, Long Bình, Q.9, TP.HCM",14500000.0,111.28,street,1.0,1.0,1.0,130301.94,
6S9038,"MP 136 Thới An 11, P.Thới An, Q.12, TP.HCM",4600000.0,70.55,street,3.0,3.0,3.0,65201.98,
6S0KT8,"605 Tạ Quang Bửu, P.4, Q.8, TP.HCM",26000000.0,325.0,street,5.0,6.0,4.0,80000.0,
37PDWQ,"282A Lê Văn Sỹ, P.14, Q.3, TP.HCM",40000000.0,400.0,street,3.0,3.0,3.0,100000.0,
6SWAW8,"120 Lê Thị Riêng, P.Bến Thành, Q.1, TP.HCM",33000000.0,532.77,street,4.0,4.0,4.0,61940.42,
85WFJ3,"78 Hùng Vương, P.1, Q.10, TP.HCM",46500000.0,372.89,street,1.0,1.0,2.0,124701.65,
UYJPJS,"TK 28/41 Nguyễn Cảnh Chân, P.Cầu Kho, Q.1, TP.HCM",30000000.0,909.09,street,6.0,5.0,5.0,33000.03,
6SEN48,"87B Bùi Thị Xuân, P.Phạm Ngũ Lão, Q.1, TP.HCM",78000000.0,614.17,street,8.0,8.0,8.0,127000.67,
1UKXP6,"490 Gia Phú, P.2, Q.6, TP.HCM",8199999.999999999,176.34,street,2.0,1.0,1.0,46501.08,
85BTQ3,"Lê Lâm, P.Phú Thạnh, Q.Tân Phú, TP.HCM",36000000.0,115.71,street,1.0,1.0,1.0,311122.63,
85B213,"Trường Sa, P.15, Q.Phú Nhuận, TP.HCM",15000000.0,339.36,street,4.0,4.0,5.0,44200.85,
9T8FGP,"1A Thới An 15, P.Thới An, Q.12, TP.HCM",4890000.0,60.74,street,2.0,1.0,1.0,80507.08,
2MQJMZ,"112 Trần  Quốc Thảo, P.Võ Thị Sáu, Q.3, TP.HCM",330000000.0,800.79,street,10.0,12.0,5.0,412093.06,
YBJQWD,"9A Tôn  Thất Tùng, P.Phạm Ngũ Lão, Q.1, TP.HCM",69000000.0,770.94,street,9.0,12.0,8.0,89501.13,
6SHQN8,"90-92 Tân Hương, P.Tân Quý, Q.Tân Phú, TP.HCM",56000000.0,323.51,street,8.0,8.0,8.0,173101.3,
UYBQGS,"51A Trần Quốc Toản, P.Võ Thị Sáu, Q.3, TP.HCM",50000000.0,487.8,street,3.0,3.0,4.0,102501.03,
EJ23Y4,"116 Nguyễn Văn Thủ, P.Đa Kao, Q.1, TP.HCM",190000000.0,783.82,street,6.0,8.0,3.0,242402.59,
EJ2N34,"56 Cửu Long, P.2, Q.Tân Bình, TP.HCM",28000000.0,313.9,street,3.0,3.0,3.0,89200.38,
PN6Z1G,"132 đường số 1, P.Tân Phú, Q.7, TP.HCM",160000000.0,270.77,street,166.0,166.0,8.0,590907.41,
7K46EA,"149 Nguyễn Chí Thanh, P.9, Q.5, TP.HCM",65000000.0,377.46,street,5.0,6.0,5.0,172203.68,
85DKP3,"94 Nguyễn Du, P.7, Q.Gò Vấp, TP.HCM",65000000.0,197.44,street,26.0,28.0,7.0,329213.94,
0ZXKW9,"219A Phan Văn Khỏe, P.6, Q.6, TP.HCM",14000000.0,177.89,street,6.0,6.0,5.0,78700.32,
DE4MMH,"5F Hưng Phú, P.Hưng Phú, Q.8, TP.HCM",7600000.0,168.51,street,1.0,1.0,2.0,45101.18,
5HKWB7,"Tam Đảo, P.15, Q.10, TP.HCM",7400000.0,256.05,street,2.0,2.0,2.0,28900.61,
0ZTNQ9,"975 Quang Trung, P.14, Q.Gò Vấp, TP.HCM",19000000.0,178.06,street,9.0,9.0,4.0,106705.6,
UYY4GS,"297 Ụ Cây, P.Hưng Phú, Q.8, TP.HCM",5600000.0,166.66,street,4.0,3.0,3.0,33601.34,
SDDH65,"159 Sông Lu, Xã Hòa Phú, H.Củ Chi, TP.HCM",9000000.0,15.12,street,5.0,5.0,3.0,595238.1,
9TZCNP,"Điện Biên Phủ, P.1, Q.3, TP.HCM",30000000.0,247.93,street,19.0,20.0,5.0,121001.9,
QA7KRU,"1257 Vĩnh Lộc, Xã Vĩnh Lộc B, H.Bình Chánh, TP.HCM",14000000.0,83.18,street,3.0,3.0,1.0,168309.69,
PNZWVG,"200C Bến Than, Xã Hòa Phú, H.Củ Chi, TP.HCM",2850000.0,27.69,street,2.0,1.0,1.0,102925.24,
7KDFSA,"240 Nguyễn thị Búp, P.Hiệp Thành, Q.12, TP.HCM",14000000.0,132.07,street,4.0,5.0,4.0,106004.39,
6S3V18,"491 Lạc Long Quân, P.5, Q.11, TP.HCM",9000000.0,214.28,street,7.0,5.0,5.0,42001.12,
QASB3U,"36 Nguyễn Văn Đừng, P.5, Q.5, TP.HCM",19000000.0,362.59,street,5.0,3.0,4.0,52400.78,
K4KYYC,"Bạch Đằng, P.25, Q.Bình Thạnh, TP.HCM",12000000.0,201.0,street,5.0,3.0,3.0,59701.49,
JGJB20,"Thửa 815 - tờ 30 Bến Than, Xã Hòa Phú, H.Củ Chi, TP.HCM",4500000.0,17.71,street,2.0,1.0,1.0,254093.73,
RPWYBJ,"93A đường số 3, P.Tân Kiểng, Q.7, TP.HCM",15000000.0,216.76,street,3.0,3.0,3.0,69200.96,
JP4340,"28 Cây Cám, P.Bình Hưng Hoà B, Q.Bình Tân, TP.HCM",5000000.0,74.62,street,2.0,3.0,2.0,67006.16,
Q50ZXU,"952 Lò Gốm, P.8, Q.6, TP.HCM",24000000.0,115.05,street,8.0,6.0,2.0,208604.95,
5YGA27,"935 Quang Trung, P.14, Q.Gò Vấp, TP.HCM",35000000.0,187.16,street,2.0,2.0,2.0,187005.77,
5YGAP7,"30 đường DC11, P.Sơn Kỳ, Q.Tân Phú, TP.HCM",12000000.0,140.0,street,4.0,4.0,4.0,85714.29,
4R65XF,"1220 Trường Sa, P.13, Q.Phú Nhuận, TP.HCM",26000000.0,339.39,street,6.0,5.0,4.0,76608.03,
EWM664,"224 Hồng Lạc, P.11, Q.Tân Bình, TP.HCM",14000000.0,117.44,street,3.0,2.0,2.0,119209.81,
6QBJ78,"98 Tam Đảo, P.14, Q.10, TP.HCM",20000000.0,417.53,street,1.0,1.0,6.0,47900.75,
GTS862,"An Phú Đông 25, P.An Phú Đông, Q.12, TP.HCM",68000000.0,43.87,street,10.0,10.0,2.0,1550034.19,
SA4C25,"Phạm Hữu Chí, P.12, Q.5, TP.HCM",18000000.0,315.23,street,5.0,5.0,4.0,57101.16,
4R2NZF,"13-15 Phạm Vấn, P.Phú Thọ Hòa, Q.Tân Phú, TP.HCM",49000000.0,437.89,street,6.0,6.0,6.0,111900.25,
0GXDB9,"Tân Hòa Đông, P.14, Q.6, TP.HCM",28000000.0,198.44,street,4.0,2.0,2.0,141100.58,
5YCP47,"135 Ngô Quyền, P.Hiệp Phú, Q.9, TP.HCM",8300000.000000001,259.37,street,4.0,3.0,4.0,32000.62,
3S5UTQ,"An Hội, P.15, Q.Gò Vấp, TP.HCM",16500000.0,144.35,street,4.0,4.0,5.0,114305.51,
YY32D6,"Phú Hòa, P.8, Q.Tân Bình, TP.HCM",62000000.0,600.36,street,6.0,4.0,6.0,103271.37,
A7F2YX,"đường B, P.Phú Thạnh, Q.Tân Phú, TP.HCM",13000000.0,154.76,street,5.0,3.0,3.0,84001.03,
53SA7X,"119 Lê Đại Hành, P.7, Q.11, TP.HCM",18000000.0,189.07,street,5.0,3.0,3.0,95202.83,
EH3J4W,"201 Nguyễn Văn Thủ, P.Đa Kao, Q.1, TP.HCM",45000000.0,835.29,street,8.0,9.0,5.0,53873.51,
DUZ3HF,"47 Đường 52B, P.Tân Tạo, Q.Bình Tân, TP.HCM",12000000.0,106.66,street,27.0,24.0,5.0,112507.03,
94ZEPM,"14 Trần Quý Khoách, P.Tân Định, Q.1, TP.HCM",60000000.0,0.0,street,2.0,2.0,2.0,inf,
UVAYS5,"8 Điện Biên Phủ, P.Đa Kao, Q.1, TP.HCM",18000000.0,375.78,street,8.0,8.0,4.0,47900.37,
CS9ZBC,"411 Võ Văn Tần, P.5, Q.3, TP.HCM",82000000.0,806.29,street,2.0,2.0,3.0,101700.38,
3WE2Q3,"87 đường số 30, P.Tân Phong, Q.7, TP.HCM",15000000.0,208.33,street,4.0,5.0,4.0,72001.15,
79C2A8,"129 Trường Chinh, P.12, Q.Tân Bình, TP.HCM",24000000.0,181.54,street,2.0,2.0,2.0,132202.27,
J32R0D,"63 Chấn Hưng, P.6, Q.Tân Bình, TP.HCM",25000000.0,346.5,street,5.0,6.0,4.0,72150.07,
70FGA8,"90 Dã Tượng, P.10, Q.8, TP.HCM",9600000.0,173.28,street,3.0,3.0,4.0,55401.66,
2535ZN,"Nguyễn Oanh, P.17, Q.Gò Vấp, TP.HCM",18000000.0,12.85,street,2.0,2.0,2.0,1400778.21,
6YSX8Y,"Âu Cơ, P.Tân Thành, Q.Tân Phú, TP.HCM",16000000.0,181.81,street,1.0,1.0,1.0,88003.96,
3H95PQ,"lê thúc hoạch, P.Phú Thọ Hòa, Q.Tân Phú, TP.HCM",5000000.0,104.16,street,2.0,2.0,2.0,48003.07,
DRNUXH,"100 Dương ba trac, P.Rạch Ông, Q.8, TP.HCM",4180000.0,77.4,street,2.0,2.0,2.0,54005.17,
SBPG35,"114 Hoàng Hoa Thám, P.12, Q.Tân Bình, TP.HCM",43000000.0,228.11,street,6.0,6.0,3.0,188505.55,
AF204Y,"79A Ba Tháng Hai, P.10, Q.10, TP.HCM",12800000.0,568.88,street,4.0,4.0,5.0,22500.35,
AF2JEY,"93 đường số 8, Xã Bình Hưng, H.Bình Chánh, TP.HCM",32000000.0,320.0,street,14.0,8.0,6.0,100000.0,
1AEK76,"4 ĐƯỜNG SỐ 50, P.2, Q.4, TP.HCM",7500000.0,288.46,street,3.0,4.0,4.0,26000.14,
K0NBQC,"100 Hiep thanh 12, P.Tân Thới Hiệp, Q.12, TP.HCM",6200000.0,103.33,street,3.0,2.0,1.0,60001.94,
749T7A,"40A Đặng Văn Ngữ, P.10, Q.Phú Nhuận, TP.HCM",28990000.0,298.86,street,4.0,5.0,4.0,97001.94,
WT6GVR,"123 Đinh Tiên Hoàng, P.13, Q.Bình Thạnh, TP.HCM",40000000.0,460.82,street,2.0,2.0,4.0,86801.79,
UCWVRS,"21B Đô Đốc Thủ, P.Tân Quý, Q.Tân Phú, TP.HCM",11000000.0,98.83,street,2.0,1.0,1.0,111302.24,
74JR8A,"đường số 1, P.15, Q.Gò Vấp, TP.HCM",62000000.0,87.45,street,3.0,2.0,1.0,708976.56,
EGN9M4,"228 Lê Quang Định, P.14, Q.Bình Thạnh, TP.HCM",20000000.0,338.98,street,1.0,1.0,1.0,59000.53,
9V3NSP,"nguyễn háo vĩnh, P.Phú Thọ Hòa, Q.Tân Phú, TP.HCM",6000000.0,56.6,street,4.0,3.0,3.0,106007.07,
5EWUV7,"42 đường số 7, Xã Bình Hưng, H.Bình Chánh, TP.HCM",21000000.0,175.0,street,6.0,5.0,5.0,120000.0,
JX19Z0,"Hà Huy Giáp, P.Thạnh Lộc, Q.12, TP.HCM",27700000.0,169.93,street,10.0,10.0,5.0,163008.3,
6YH6X8,"5 Hiệp Thành 35, P.Tân Thới Hiệp, Q.12, TP.HCM",4500000.0,91.83,street,2.0,2.0,2.0,49003.59,
P16FTG,"72 4, P.Hiệp Bình Phước, TP.Thủ Đức, TP.HCM",3850000.0,114.24,street,2.0,2.0,2.0,33700.98,
C99K5B,"179 Cách Mạng Tháng Tám, P.5, Q.3, TP.HCM",40000000.0,394.86,street,2.0,2.0,2.0,101301.73,
K00X2C,"91 Duy Tân, P.15, Q.Phú Nhuận, TP.HCM",8500000.0,293.1,street,3.0,3.0,3.0,29000.34,
9VM4VP,"Lạc Long Quân, P.3, Q.11, TP.HCM",4790000.0,106.44,street,1.0,1.0,1.0,45001.88,
EGP2S4,"240 Liên hệ, Xã Bình Mỹ, H.Củ Chi, TP.HCM",36800000.0,14.15,street,1.0,1.0,1.0,2600706.71,
3HA6TQ,"36 kinh dương vương, P.13, Q.6, TP.HCM",5790000.0,123.19,street,2.0,2.0,2.0,47000.57,
G6MUF2,"tôn thất hiệp, P.11, Q.11, TP.HCM",11500000.0,179.96,street,3.0,3.0,2.0,63903.09,
DR44JH,"60 38, P.Hiệp Bình Chánh, TP.Thủ Đức, TP.HCM",6200000.0,77.5,street,3.0,2.0,2.0,80000.0,
P1T0UG,"55 Đào Duy Anh, P.9, Q.Phú Nhuận, TP.HCM",39000000.0,354.54,street,8.0,8.0,5.0,110001.69,
8DSFU3,"409 Lê Hồng Phong, P.2, Q.10, TP.HCM",4090000.0,123.93,street,2.0,2.0,2.0,33002.5,
AFKFTY,"TA 13, Thới An, Q.12, TP.HCM",7110000.0,112.93,street,4.0,5.0,4.0,62959.36,
74DSQA,"Bến Vân Đồn, P.2, Q.4, TP.HCM",6500000.0,260.0,street,3.0,3.0,5.0,25000.0,
1A3MS6,"Bến Vân Đồn, P.2, Q.4, TP.HCM",7600000.0,281.48,street,3.0,4.0,5.0,27000.14,
YWKZJD,"âu cơ, P.9, Q.Tân Bình, TP.HCM",6500000.0,135.41,street,2.0,2.0,1.0,48002.36,
EGW1F4,"362-364 đường Hưng Phú, P.Hưng Phú, Q.8, TP.HCM",18500000.0,219.19,street,4.0,3.0,2.0,84401.66,
SBA0B5,"TL14-27 Tam Tân, Xã Xuân Thới Sơn, H.Hóc Môn, TP.HCM",6860000.0,137.38,street,4.0,3.0,4.0,49934.49,
QK5WMU,"AS48-08 Thanh Niên, Xã Xuân Thới Sơn, H.Hóc Môn, TP.HCM",6240000.0,124.84,street,4.0,4.0,4.0,49983.98,
5EY0G7,"MPN 29 đường số 11, P.4, Q.4, TP.HCM",9300000.0,300.0,street,3.0,4.0,4.0,31000.0,
P121FG,"35 đường số 9, P.4, Q.8, TP.HCM",9600000.0,111.49,street,2.0,2.0,2.0,86106.38,
K0B0GC,"21 đường Võ Liên Sơn, P.4, Q.8, TP.HCM",14000000.0,175.0,street,6.0,4.0,3.0,80000.0,
C0HM8B,"tam binh, P.Hiệp Bình Phước, TP.Thủ Đức, TP.HCM",6000000.0,66.66,street,3.0,2.0,1.0,90009.0,
WZEWYR,"306 Nguyễn Duy Dương, P.4, Q.10, TP.HCM",14600000.0,384.21,street,4.0,4.0,4.0,38000.05,
A4SMCY,"1354 Ba Tháng Hai, P.2, Q.11, TP.HCM",25500000.0,394.73,street,8.0,6.0,7.0,64601.12,
JNF720,"54 Lê Sao, P.Phú Thạnh, Q.Tân Phú, TP.HCM",9700000.0,147.64,street,3.0,4.0,4.0,65700.35,
KJYMUC,"40 đường S3, P.Tây Thạnh, Q.Tân Phú, TP.HCM",12500000.0,128.99,street,4.0,4.0,2.0,96906.74,
G107N2,"Thạnh thới, Xã Long Hòa, H.Cần Giờ, TP.HCM",11870000.0,148.42,street,5.0,5.0,4.0,79975.74,
5BQYF7,"30 Văn Cao, P.Phú Thọ Hòa, Q.Tân Phú, TP.HCM",6300000.0,256.09,street,2.0,2.0,3.0,24600.73,
UK6C6S,"573D Cách Mạng Tháng 8, P.15, Q.10, TP.HCM",7000000.0,406.97,street,1.0,1.0,2.0,17200.29,
17N8E6,"84 Tân Quý, P.Tân Quý, Q.Tân Phú, TP.HCM",15500000.0,175.53,street,5.0,4.0,4.0,88303.99,
JNEJ70,"142 đường số 2, P.16, Q.Gò Vấp, TP.HCM",4000000.0,98.28,street,3.0,3.0,2.0,40700.04,
17TVC6,"MPN 101 Thạnh Xuân 38, P.Thạnh Xuân, Q.12, TP.HCM",7450000.0,70.75,street,4.0,5.0,4.0,105300.35,
QHVVXU,"Ko có số nhà Nguyễn Thị thảnh, Xã Đông Thạnh, H.Hóc Môn, TP.HCM",2970000.0,52.1,street,2.0,2.0,2.0,57005.76,
UK1GMS,"272 Bình Long, P.Phú Thạnh, Q.Tân Phú, TP.HCM",37500000.0,151.82,street,4.0,5.0,2.0,247003.03,
0XEK39,"719 Phạm Văn Chí, P.7, Q.6, TP.HCM",7600000.0,220.93,street,4.0,3.0,4.0,34400.04,
SC1ZX5,"38 đường số 5A, P.Bình Trị Đông B, Q.Bình Tân, TP.HCM",12000000.0,150.0,street,4.0,5.0,5.0,80000.0,
8YN9W3,"520 Nguyễn Đình Chiểu, P.4, Q.3, TP.HCM",13500000.0,391.3,street,3.0,3.0,3.0,34500.38,
6ATRP8,"694 Tỉnh Lộ 10, P.Bình Trị Đông, Q.Bình Tân, TP.HCM",16000000.0,111.34,street,3.0,1.0,2.0,143703.97,
UKM8YS,"308 Nguyễn Duy Dương, P.4, Q.10, TP.HCM",14500000.0,377.6,street,5.0,3.0,4.0,38400.42,
C0SDJB,"81 Thân Nhân Trung, P.13, Q.Tân Bình, TP.HCM",18000000.0,178.74,street,3.0,3.0,2.0,100704.93,
KJUSFC,"264-264A Phan Anh, P.Hiệp Tân, Q.Tân Phú, TP.HCM",22500000.0,159.57,street,3.0,3.0,1.0,141003.95,
3DTT8Q,"276 ( số cũ 274B) Thoại Ngọc Hầu, P.Phú Thạnh, Q.Tân Phú, TP.HCM",7000000.0,88.16,street,2.0,3.0,2.0,79401.09,
PVEEYG,"27 đường S1, P.Tây Thạnh, Q.Tân Phú, TP.HCM",13500000.0,135.0,street,4.0,4.0,3.0,100000.0,
SCMX85,"28A Lê Quốc Trinh, P.Phú Thọ Hòa, Q.Tân Phú, TP.HCM",11000000.0,162.72,street,5.0,4.0,3.0,67600.79,
G14EA2,"86 đường B2, P.Tây Thạnh, Q.Tân Phú, TP.HCM",11500000.0,164.28,street,5.0,5.0,2.0,70002.43,
UKNAWS,"185 đường số 26, P.Bình Trị Đông B, Q.Bình Tân, TP.HCM",16000000.0,133.33,street,5.0,4.0,4.0,120003.0,
3DZSFQ,"189 Ấp Chiến Lược, P.Bình Hưng Hoà A, Q.Bình Tân, TP.HCM",20000000.0,122.1,street,4.0,2.0,2.0,163800.16,
SCX7H5,"236J Lê Cơ, P.An Lạc, Q.Bình Tân, TP.HCM",11500000.0,127.77,street,5.0,4.0,4.0,90005.48,
264TTZ,"184 Hồ Văn Long, P.Bình Hưng Hoà B, Q.Bình Tân, TP.HCM",14980000.0,104.24,street,1.0,1.0,1.0,143706.83,
3D23EQ,"35 đường Bến Lội, P.Bình Trị Đông, Q.Bình Tân, TP.HCM",12000000.0,126.71,street,13.0,13.0,5.0,94704.44,
7EM7HA,"222 đường số 1A, P.Bình Trị Đông B, Q.Bình Tân, TP.HCM",13000000.0,154.76,street,6.0,4.0,4.0,84001.03,
4G55NF,"60 Nguyễn Hữu Tiến, P.Tây Thạnh, Q.Tân Phú, TP.HCM",18000000.0,114.28,street,5.0,5.0,2.0,157507.88,
WZAU3R,"128/18 Thiên Phước, P.9, Q.Tân Bình, TP.HCM",11500000.0,255.55,street,3.0,3.0,3.0,45000.98,
8YPHB3,"Đình nghi xuân, P.Bình Trị Đông, Q.Bình Tân, TP.HCM",4950000.0,123.75,street,2.0,2.0,2.0,40000.0,
8Y9F03,"12D Nhiêu Tứ, P.7, Q.Phú Nhuận, TP.HCM",25500000.0,212.5,street,6.0,6.0,5.0,120000.0,
KJV6WC,"Nguyễn Công Trứ, P.Cầu Ông Lãnh, Q.1, TP.HCM",22900000.0,602.63,street,4.0,3.0,3.0,38000.1,
17WRD6,"Phan Đình Phùng, P.1, Q.Phú Nhuận, TP.HCM",40000000.0,448.43,street,3.0,2.0,3.0,89200.1,
3DJ8EQ,"124 Nơ Trang Long, P.14, Q.Bình Thạnh, TP.HCM",150000000.0,311.85,street,1.0,1.0,1.0,481000.48,
8YR153,"561 Điện Biên Phủ, P.25, Q.Bình Thạnh, TP.HCM",110000000.0,487.69,street,1.0,1.0,1.0,225553.12,
DWN7VH,"465 Lê Trọng Tấn, P.Sơn Kỳ, Q.Tân Phú, TP.HCM",145000000.0,122.34,street,1.0,1.0,1.0,1185221.51,
UKWZCS,"Lạc Long Quân, P.11, Q.Tân Bình, TP.HCM",23000000.0,292.73,street,4.0,3.0,3.0,78570.7,
0X3YK9,"Lạc Long Quân, P.8, Q.Tân Bình, TP.HCM",33000000.0,162.08,street,4.0,2.0,3.0,203603.16,
7E0NBA,"Văn Chung, P.13, Q.Tân Bình, TP.HCM",7700000.0,120.38,street,4.0,3.0,2.0,63964.11,
0X3SA9,"Trần Thị Trọng, P.15, Q.Tân Bình, TP.HCM",14980000.0,163.35,street,6.0,4.0,5.0,91704.93,
QHFWMU,"Khuông Việt, P.Phú Trung, Q.Tân Phú, TP.HCM",15700000.0,117.51,street,1.0,1.0,2.0,133605.65,
4GMVXF,"Lê Bình, P.4, Q.Tân Bình, TP.HCM",9400000.0,260.38,street,2.0,1.0,2.0,36101.08,
8YECG3,"174 Nam Kỳ Khởi Nghĩa, P.Võ Thị Sáu, Q.3, TP.HCM",140000000.0,654.2,street,29.0,30.0,7.0,214001.83,
6ABS98,"1 bạch đằng, P.14, Q.Bình Thạnh, TP.HCM",5400000.0,154.28,street,2.0,2.0,2.0,35001.3,
9M374P,"Bình thành, P.Bình Hưng Hoà A, Q.Bình Tân, TP.HCM",6500000.0,108.33,street,5.0,6.0,5.0,60001.85,
PVQN8G,"Trần Thánh Tông, P.15, Q.Tân Bình, TP.HCM",8000000.0,272.1,street,3.0,2.0,2.0,29400.96,
C0ZF5B,"Ca Văn Thỉnh, P.11, Q.Tân Bình, TP.HCM",13000000.0,174.94,street,2.0,1.0,2.0,74311.19,
SCWYZ5,"12 Phan Phú Tiên, P.11, Q.5, TP.HCM",19500000.0,234.93,street,4.0,4.0,3.0,83003.45,
A4JUSY,"1589 đường Ba Tháng Hai, P.16, Q.11, TP.HCM",62000000.0,223.82,street,5.0,5.0,5.0,277008.31,
7ERMWA,"MPN 303/27 Thạnh Xuân 22, P.Thạnh Xuân, Q.12, TP.HCM",9600000.0,95.71,street,4.0,5.0,6.0,100303.0,
7ERGKA,"41-43 Nam Kỳ Khởi Nghĩa, P.Nguyễn Thái Bình, Q.1, TP.HCM",780000000.0,2.65,street,4.0,4.0,4.0,294339622.64,
6AH398,"đường số 82, P.10, Q.6, TP.HCM",8900000.0,148.33,street,2.0,2.0,3.0,60001.35,
UKBXJS,"đường số 6, P.4, Q.4, TP.HCM",7500000.0,250.0,street,3.0,4.0,4.0,30000.0,
SCEME5,"đường số 5, P.4, Q.4, TP.HCM",8150000.0,332.65,street,3.0,3.0,4.0,24500.23,
0XVY49,"95C Phan Đăng Lưu, P.7, Q.Phú Nhuận, TP.HCM",175000000.0,522.85,street,1.0,1.0,6.0,334704.03,
6AD0Y8,"367-369 Lê Quang Định, P.5, Q.Bình Thạnh, TP.HCM",100000000.0,339.32,street,1.0,1.0,7.0,294707.06,
6AD4K8,"3 Huỳnh Khương Ninh, P.Đa Kao, Q.1, TP.HCM",26900000.0,338.36,street,4.0,5.0,3.0,79501.12,
6A5E78,"Cao Văn Lầu, P.1, Q.6, TP.HCM",25500000.0,323.6,street,4.0,2.0,2.0,78800.99,
6A53T8,"Đoàn Văn Bơ, P.16, Q.4, TP.HCM",13500000.0,137.05,street,15.0,15.0,4.0,98504.2,
0XZKG9,"Mạc Đĩnh Chi, P.Đa Kao, Q.1, TP.HCM",16900000.0,301.78,street,5.0,6.0,3.0,56001.06,
5BDPG7,"108 Lê Cao Lãng, P.Phú Thạnh, Q.Tân Phú, TP.HCM",7000000.0,175.87,street,1.0,1.0,1.0,39802.13,
C0FP0B,"Hẻm 131 tây lân tây lân, P.Tân Tạo, Q.Bình Tân, TP.HCM",4400000.0,80.0,street,4.0,4.0,3.0,55000.0,
5BAZV7,"đường Gò Ô Môi, P.Phú Thuận, Q.7, TP.HCM",28000000.0,102.56,street,4.0,3.0,3.0,273010.92,
6A3JG8,"Lê Đại Hành, P.11, Q.11, TP.HCM",16500000.0,173.68,street,15.0,15.0,4.0,95002.3,
RZW7EJ,"Nguyễn Tiểu La, P.8, Q.10, TP.HCM",13500000.0,544.35,street,5.0,4.0,4.0,24800.22,
671BJ8,"Lạc Long Quân, P.5, Q.11, TP.HCM",7200000.0,152.54,street,2.0,3.0,3.0,47200.73,
UHQF6S,"đường số 27, P.11, Q.6, TP.HCM",12300000.0,165.32,street,5.0,3.0,4.0,74401.16,
7B5HHA,"Thạnh Lộc 29, P.Thạnh Lộc, Q.12, TP.HCM",8800000.0,56.62,street,1.0,1.0,2.0,155422.11,
Y4729D,"425 Nguyễn Thái Bình, P.12, Q.Tân Bình, TP.HCM",22000000.0,306.4,street,4.0,4.0,3.0,71801.57,
5CUE07,"188B Lê Văn Sỹ, P.10, Q.Phú Nhuận, TP.HCM",60000000.0,344.82,street,6.0,6.0,3.0,174003.83,
SKV9P5,"474D Dương Quảng Hàm, P.6, Q.Gò Vấp, TP.HCM",58000000.0,170.99,street,2.0,2.0,2.0,339201.12,
UHT6DS,"39 Trương Thị Ngào, P.Trung Mỹ Tây, Q.12, TP.HCM",8100000.0,88.04,street,4.0,4.0,2.0,92003.63,
PMHJFG,"41 Quang trung, P.10, Q.Gò Vấp, TP.HCM",8250000.0,144.73,street,4.0,4.0,4.0,57002.69,
AEX2BY,"31A số 24, Bình Trưng Đông, Q.2, TP.HCM",4200000.0,102.43,street,2.0,1.0,2.0,41003.61,
5CGTE7,"292 Nguyễn Thị Minh Khai, P.5, Q.3, TP.HCM",58000000.0,816.21,street,8.0,8.0,7.0,71060.14,
CJX97B,"Nguyễn Thị Kiểu, P.Tân Thới Hiệp, Q.12, TP.HCM",4700000.0,102.17,street,3.0,2.0,2.0,46001.76,
5CRGF7,"413 Huỳnh Văn Bánh, P.11, Q.Phú Nhuận, TP.HCM",23000000.0,375.2,street,4.0,4.0,3.0,61300.64,
E92SB4,"49 ấp 3, Xã Đông Thạnh, H.Hóc Môn, TP.HCM",6500000.0,109.61,street,2.0,1.0,1.0,59301.16,
QDCW0U,"93 Gò Xoài, P.Bình Hưng Hoà A, Q.Bình Tân, TP.HCM",19500000.0,263.51,street,5.0,6.0,4.0,74000.99,
PM1WTG,"Thửa 20 - tờ 103 Tỉnh Lộ 8, Xã Tân An Hội, H.Củ Chi, TP.HCM",13000000.0,12.94,street,2.0,1.0,1.0,1004636.79,
UHCGMS,"116 Thạnh Lộc 15, P.Thạnh Lộc, Q.12, TP.HCM",8500000.0,82.6,street,2.0,2.0,2.0,102905.57,
AEFW0Y,"Thống Nhất, P.16, Q.Gò Vấp, TP.HCM",6550000.0,128.43,street,3.0,4.0,5.0,51000.55,
SKCC85,"Lê Trọng Tấn, P.Bình Hưng Hoà A, Q.Bình Tân, TP.HCM",11000000.0,110.0,street,4.0,4.0,2.0,100000.0,
GVVFT2,"1227 Duyên Hải, Xã Long Hòa, H.Cần Giờ, TP.HCM",13700000.0,182.66,street,7.0,6.0,5.0,75002.74,
3YYJEQ,"Thửa 686 - Tờ 172 đường 29, Xã Phước Vĩnh An, H.Củ Chi, TP.HCM",2550000.0,25.07,street,3.0,2.0,2.0,101715.2,
QDA4GU,"20 Trần Văn Thành, P.8, Q.8, TP.HCM",5390000.0,119.77,street,2.0,2.0,2.0,45002.92,
SHS2J5,"10 đường số 34, P.9, Q.4, TP.HCM",8750000.0,312.5,street,2.0,3.0,4.0,28000.0,
YEYN9D,"87A Thống Nhất, P.Tân Thành, Q.Tân Phú, TP.HCM",14500000.0,241.66,street,4.0,4.0,4.0,60001.66,
D4DN3H,"Trần Nhân Tôn, P.2, Q.10, TP.HCM",9500000.0,489.69,street,3.0,3.0,5.0,19400.03,
R2WFGJ,"Mã căn A14 - khu nhà phố thương mại The Sholi số 311 An Dương Vương, P.An Lạc, Q.Bình Tân, TP.HCM",9500000.0,118.75,street,6.0,6.0,6.0,80000.0,
7CSDUA,"4 Thạnh Lộc 54, P.Thạnh Lộc, Q.12, TP.HCM",5900000.0,118.0,street,4.0,5.0,5.0,50000.0,
5KQ1S7,"62A Thạnh Xuân 43, P.Thới An, Q.12, TP.HCM",5650000.0,87.73,street,4.0,4.0,4.0,64402.14,
SHM3Q5,"141 Cao Xuân Dục, P.Xóm Củi, Q.8, TP.HCM",5200000.0,209.67,street,2.0,2.0,2.0,24800.88,
3ATSBQ,"Nguyễn Phi Khanh, P.Tân Định, Q.1, TP.HCM",13500000.0,412.84,street,3.0,3.0,4.0,32700.32,
65GY98,"Duy Tân, P.15, Q.Phú Nhuận, TP.HCM",8600000.0,192.39,street,3.0,3.0,2.0,44700.87,
UDTG6S,"502 Huỳnh tấn phát, P.Bình Thuận, Q.7, TP.HCM",4300000.0,63.23,street,4.0,4.0,2.0,68005.69,
WGSA7R,"11 Đinh Đức Thiện, Xã Bình Chánh, H.Bình Chánh, TP.HCM",550.0,9.16,street,3.0,2.0,1.0,60.04,
654H18,"214 Đoàn Nguyễn Tuấn, Xã Hưng Long, H.Bình Chánh, TP.HCM",980.0,8.22,street,4.0,2.0,2.0,119.22,
E0XN14,"23E Khu phố 2, P.Thạnh Xuân, Q.12, TP.HCM",2190000.0,43.8,street,2.0,1.0,1.0,50000.0,
E0XN14,"23E Khu phố 2, P.Thạnh Xuân, Q.12, TP.HCM",2190000.0,43.8,street,2.0,1.0,1.0,50000.0,
65C1E8,"Mã Lò, P.Bình Trị Đông A, Q.Bình Tân, TP.HCM",26000000.0,185.58,street,2.0,3.0,2.0,140101.3,
7CRHGA,"1/6C Đặng Thúc Vịnh, Xã Thới Tam Thôn, H.Hóc Môn, TP.HCM",23000000.0,97.87,street,2.0,1.0,1.0,235005.62,
PX8CRG,"168 đinh văn ước, Xã Hưng Long, H.Bình Chánh, TP.HCM",920.0,10.77,street,2.0,2.0,1.0,85.42,
3AK3ZQ,"114 Cộng Hoà, P.4, Q.Tân Bình, TP.HCM",26500000.0,373.23,street,3.0,3.0,2.0,71001.8,
SHE1F5,"đường số 14, P.Bình Hưng Hoà A, Q.Bình Tân, TP.HCM",9000000.0,130.62,street,5.0,4.0,4.0,68902.16,
0T2D09,"14B6 Hà Huy Giáp, P.Thạnh Lộc, Q.12, TP.HCM",15500000.0,180.86,street,16.0,16.0,5.0,85701.65,
SH7SV5,"Tỉnh Lộ 2, Xã Trung Lập Hạ, H.Củ Chi, TP.HCM",13000000.0,18.32,street,7.0,7.0,4.0,709606.99,
D4KACH,"2 ( Thửa 926 - tờ 21) đường số 76, Xã Tân Phú Trung, H.Củ Chi, TP.HCM",4000000.0,24.09,street,8.0,8.0,2.0,166044.0,
D4KACH,"2 ( Thửa 926 - tờ 21) đường số 76, Xã Tân Phú Trung, H.Củ Chi, TP.HCM",4000000.0,24.09,street,8.0,8.0,2.0,166044.0,
37XN8Q,"Lê Văn Lương, Xã Phước Kiển, H.Nhà Bè, TP.HCM",5000000.0,50.0,street,3.0,2.0,1.0,100000.0,
DEUP3H,"109A Tam Châu, P.Tam Phú, TP.Thủ Đức, TP.HCM",9990000.0,63.99,street,3.0,2.0,2.0,156118.14,
37NT8Q,"24 Nguyễn Bá Tuyển, P.12, Q.Tân Bình, TP.HCM",50000000.0,226.24,street,5.0,5.0,5.0,221004.24,
DEQT7H,"100 Trần Quốc Toản, P.Võ Thị Sáu, Q.3, TP.HCM",15900000.0,280.42,street,3.0,3.0,4.0,56700.66,
0ZCJY9,"394A ( sổ 392) Nguyễn Thị Kiểu, P.Hiệp Thành, Q.12, TP.HCM",12900000.0,92.14,street,1.0,1.0,2.0,140004.34,
1UGR86,"Trịnh Quang Nghị, P.7, Q.8, TP.HCM",8900000.0,80.9,street,4.0,5.0,4.0,110012.36,
DE6JQH,"19 đường số 20, Phước Long B, Q.9, TP.HCM",19300000.0,120.62,street,4.0,5.0,3.0,160006.63,
0ZY0B9,"1 Nguyễn Văn Bứa, Xã Xuân Thới Sơn, H.Hóc Môn, TP.HCM",750.0,18.75,street,2.0,2.0,1.0,40.0,
PNHBYG,"5B (Thửa 26 - tờ 49) Nguyễn Văn On, TT.Củ Chi, H.Củ Chi, TP.HCM",3400000.0,30.35,street,2.0,1.0,1.0,112026.36,
WP5VNR,"Lê Quang Định, P.11, Q.Bình Thạnh, TP.HCM",23000000.0,263.76,street,3.0,3.0,3.0,87200.49,
PNHNPG,"45 Phan Đình Phùng, P.15, Q.Phú Nhuận, TP.HCM",15990000.0,366.74,street,4.0,4.0,5.0,43600.37,
YBX5KD,"86 Trần Thị Hè, P.Hiệp Thành, Q.12, TP.HCM",5500000.0,72.08,street,2.0,1.0,2.0,76304.11,
1UR9Y6,"34-36 đường B3, P.Tây Thạnh, Q.Tân Phú, TP.HCM",15380000.0,148.02,street,6.0,4.0,3.0,103904.88,
WPS6VR,"24 Hoa Hồng, P.2, Q.Phú Nhuận, TP.HCM",24900000.0,389.06,street,4.0,6.0,5.0,64000.41,
EJ6CK4,"Thửa 731 - tờ 98 đường số 5, Xã Tân Thông Hội, H.Củ Chi, TP.HCM",3950000.0,37.26,street,3.0,2.0,2.0,106011.81,
YBZWTD,"đường số 7, P.11, Q.6, TP.HCM",14500000.0,181.25,street,4.0,4.0,4.0,80000.0,
6S42U8,"579 Hoàng Văn Thụ, P.4, Q.Tân Bình, TP.HCM",22000000.0,206.18,street,4.0,4.0,4.0,106702.88,
6SE9D8,"Huỳnh Thị Đồng, TT.Nhà Bè, H.Nhà Bè, TP.HCM",24000000.0,115.55,street,4.0,4.0,4.0,207702.29,
SDW345,"17 Hồng Hà, P.2, Q.Tân Bình, TP.HCM",26500000.0,333.33,street,4.0,4.0,4.0,79500.8,
PN34JG,"137bis Nguyễn Thị Minh Khai, P.Bến Thành, Q.1, TP.HCM",45000000.0,689.12,street,6.0,5.0,4.0,65300.67,
85KRM3,"2 Trương Hán Siêu, P.Tân Định, Q.1, TP.HCM",8800000.0,290.42,street,3.0,4.0,4.0,30300.94,
DEJ8MH,"749 Huỳnh Tấn phát, P.Phú Thuận, Q.7, TP.HCM",2200000.0,132.53,street,2.0,2.0,2.0,16600.02,
DEJVTH,"đường số 12, P.10, Q.Gò Vấp, TP.HCM",24000000.0,240.0,street,5.0,4.0,5.0,100000.0,
6SDCV8,"21 Nguyễn Thiện Thuật, P.14, Q.Bình Thạnh, TP.HCM",290000000.0,399.94,street,5.0,5.0,8.0,725108.77,
SDEW35,"77D Phú Hòa, P.8, Q.Tân Bình, TP.HCM",5400000.0,136.67,street,2.0,2.0,2.0,39511.23,
ACW0RY,"150 Hồng lạc, P.11, Q.Tân Bình, TP.HCM",3700000.0,185.0,street,2.0,2.0,2.0,20000.0,
5HE9E7,"29 Đỗ Thị Lời, P.11, Q.3, TP.HCM",19800000.0,401.45,street,2.0,2.0,3.0,49321.21,
ACFRWY,"78 Lê Văn Sỹ, P.11, Q.Phú Nhuận, TP.HCM",55000000.0,368.87,street,1.0,2.0,4.0,149104.02,
YBWE1D,"150 đường số 9, P.9, Q.Gò Vấp, TP.HCM",5950000.0,141.66,street,2.0,2.0,2.0,42001.98,
6SAVW8,"Nam Kì Khởi Nghĩa, P.Võ Thị Sáu, Q.3, TP.HCM",117000000.0,776.37,street,7.0,6.0,6.0,150701.34,
QAH6QU,"41 Lê Thúc Hoạch, P.Phú Thọ Hòa, Q.Tân Phú, TP.HCM",30000000.0,182.48,street,5.0,5.0,4.0,164401.58,
6SAM28,"32/17C Phan Văn Đối, Xã Bà Điểm, H.Hóc Môn, TP.HCM",55000000.0,60.14,street,4.0,4.0,1.0,914532.76,
PNVDWG,"8 đường số 33A, P.Bình Trị Đông B, Q.Bình Tân, TP.HCM",30000000.0,107.52,street,5.0,4.0,3.0,279017.86,
85ATY3,"177 Trần Thị Trọng, P.15, Q.Tân Bình, TP.HCM",45000000.0,160.88,street,31.0,32.0,5.0,279711.59,
0ZNZ69,"262 Nguyễn Thái Bình, P.12, Q.Tân Bình, TP.HCM",55000000.0,333.33,street,3.0,2.0,4.0,165001.65,
409M6F,"175 Bùi Minh Trực, P.5, Q.8, TP.HCM",11500000.0,169.36,street,4.0,3.0,2.0,67902.69,
409M6F,"175 Bùi Minh Trực, P.5, Q.8, TP.HCM",11500000.0,169.36,street,4.0,3.0,2.0,67902.69,
7KCCUA,"37B Lê Thị Bay, Xã Tân Thạnh Đông, H.Củ Chi, TP.HCM",3000000.0,29.7,street,2.0,1.0,1.0,101010.1,
400ERF,"Thửa 954 - tờ 15 đường 420, Xã Phước Vĩnh An, H.Củ Chi, TP.HCM",3450000.0,32.54,street,3.0,2.0,2.0,106023.36,
QAA65U,"ngã ba đông quang, P.Hiệp Thành, Q.12, TP.HCM",780.0,30.0,street,2.0,2.0,1.0,26.0,
PNNQBG,"401 Man Thiện, P.Tăng Nhơn Phú A, TP.Thủ Đức, TP.HCM",22000000.0,172.95,street,3.0,3.0,3.0,127204.39,
377CAQ,"414 Tỉnh Lộ 15, Xã Phú Hòa Đông, H.Củ Chi, TP.HCM",43000000.0,17.1,street,2.0,2.0,1.0,2514619.88,
CWW94B,"87 Trần Văn Đang, P.9, Q.3, TP.HCM",6500000.0,234.65,street,3.0,2.0,3.0,27700.83,
GXNP82,"51 Dương Khuê, P.Hiệp Tân, Q.Tân Phú, TP.HCM",11600000.0,154.25,street,2.0,2.0,3.0,75202.59,
7KHVWA,"14 Ngô Đức Kế, P.12, Q.Bình Thạnh, TP.HCM",33000000.0,212.9,street,27.0,27.0,8.0,155002.35,
7KH9EA,"207 Tân Qúy, P.Phú Thọ Hòa, Q.Tân Phú, TP.HCM",12300000.0,209.89,street,1.0,2.0,2.0,58602.12,
CWFGRB,"28 đường số 64, Xã Tân Phú Trung, H.Củ Chi, TP.HCM",4000000.0,31.2,street,3.0,2.0,2.0,128205.13,
85UHM3,"152 Dương thị mười, P.Tân Chánh Hiệp, Q.12, TP.HCM",9500000.0,90.47,street,4.0,4.0,3.0,105007.18,
SDABQ5,"Hẻm 749 Huỳnh Tấn Phát, P.Phú Thuận, Q.7, TP.HCM",2150000.0,126.47,street,2.0,1.0,1.0,17000.08,
7KYSTA,"54 Lê văn lương, P.Tân Hưng, Q.7, TP.HCM",3290000.0,117.5,street,3.0,2.0,2.0,28000.0,
6S37A8,"Hiệp Nhất, P.4, Q.Tân Bình, TP.HCM",18900000.0,223.85,street,3.0,2.0,2.0,84431.54,
9TGNKP,"Hồng Lạc, P.10, Q.Tân Bình, TP.HCM",9300000.0,235.32,street,4.0,4.0,4.0,39520.65,
DBDBRH,"310 Gò Dầu, P.Tân Quý, Q.Tân Phú, TP.HCM",10700000.0,144.98,street,4.0,3.0,3.0,73803.28,
SYQWH5,"122 Nguyễn Văn Cừ, P.Cầu Ông Lãnh, Q.1, TP.HCM",50000000.0,459.98,street,4.0,3.0,4.0,108700.38,
PT03RG,"100 đường số 16, P.Bình Hưng Hòa, Q.Bình Tân, TP.HCM",7950000.0,146.95,street,4.0,3.0,4.0,54100.03,
GNFDV2,"Phổ Quang, P.9, Q.Phú Nhuận, TP.HCM",17000000.0,250.0,street,4.0,4.0,3.0,68000.0,
1Q2EN6,"Dương Quang Đông, P.5, Q.8, TP.HCM",24000000.0,258.06,street,4.0,3.0,4.0,93001.63,
1QD1T6,"410 An Dương Vương, P.10, Q.6, TP.HCM",17800000.0,147.96,street,2.0,3.0,1.0,120302.78,
35D1RQ,"81 Đô Đốc Lộc, P.Tân Quý, Q.Tân Phú, TP.HCM",3980000.0,165.83,street,2.0,2.0,2.0,24000.48,
AKC5AY,"114 - 114/2 đường số 8, P.Bình Hưng Hòa, Q.Bình Tân, TP.HCM",14000000.0,69.58,street,5.0,5.0,2.0,201207.24,
5DHHY7,"27A Đồng Xoài, P.13, Q.Tân Bình, TP.HCM",6000000.0,332.22,street,3.0,3.0,4.0,18060.32,
Q77KMU,"498 Đoàn Văn Bơ, P.15, Q.4, TP.HCM",9500000.0,164.64,street,3.0,4.0,3.0,57701.65,
1Q3JP6,"74 đường CN1, P.Sơn Kỳ, Q.Tân Phú, TP.HCM",16200000.0,162.0,street,1.0,1.0,2.0,100000.0,
7HY94A,"108 Phạm Văn Hai, P.2, Q.Tân Bình, TP.HCM",23000000.0,204.28,street,5.0,5.0,3.0,112590.56,
SAUQX5,"đường số 22, Bình Trưng Tây, Q.2, TP.HCM",14500000.0,63.23,street,3.0,2.0,2.0,229321.52,
3S6J4Q,"3 Núi Thành, P.13, Q.Tân Bình, TP.HCM",26500000.0,262.63,street,10.0,10.0,5.0,100902.41,
GT9MK2,"Thành Mỹ, P.8, Q.Tân Bình, TP.HCM",22500000.0,157.12,street,1.0,1.0,2.0,143202.65,
6QXMT8,"264 đường Lý Thái Tổ, P.1, Q.3, TP.HCM",4950000.0,267.56,street,2.0,2.0,3.0,18500.52,
AHUG8Y,"146 Nguyễn Thị Nhỏ, P.12, Q.5, TP.HCM",28000000.0,327.79,street,3.0,3.0,5.0,85420.54,
C4SN6B,"32 Huyền Quang, P.Tân Định, Q.1, TP.HCM",10800000.0,322.38,street,2.0,1.0,2.0,33500.84,
U7X43S,"Hà Huy Giáp KP1, P.Thạnh Lộc, Q.12, TP.HCM",50000000.0,102.12,street,4.0,4.0,2.0,489620.05,
6QWQR8,"số 59B, P.Tân Tạo, Q.Bình Tân, TP.HCM",15000000.0,150.0,street,4.0,3.0,4.0,100000.0,
W03A7R,"443 Thống Nhất, P.11, Q.Gò Vấp, TP.HCM",8600000.0,2.0,street,2.0,2.0,2.0,4300000.0,
8UWYK3,"C25 Đường D11, P.Phú Mỹ, Q.7, TP.HCM",16800000.0,186.66,street,4.0,5.0,4.0,90003.21,
PZ5P0G,"31 Trần Khắc Chân, P.Tân Định, Q.1, TP.HCM",42000000.0,574.55,street,6.0,6.0,7.0,73100.69,
2NAGTZ,"698 Võ Văn Kiệt, P.1, Q.5, TP.HCM",13500000.0,569.23,street,3.0,3.0,5.0,23716.25,
8UFGN3,"89 Nhất Chi Mai, P.13, Q.Tân Bình, TP.HCM",25000000.0,177.8,street,4.0,2.0,2.0,140607.42,
4RVE7F,"đường Thạch Lam, P.Phú Thạnh, Q.Tân Phú, TP.HCM",24000000.0,132.74,street,21.0,21.0,4.0,180804.58,
Q5F5CU,"163 - 165 Đường Cao Thắng, P.12, Q.10, TP.HCM",65000000.0,793.65,street,1.0,1.0,1.0,81900.08,
JP6ZP0,"46 Tú Mỡ, P.7, Q.Gò Vấp, TP.HCM",4500000.0,200.0,street,2.0,3.0,3.0,22500.0,
7DWUEA,"đường số 19, P.Bình Hưng Hoà A, Q.Bình Tân, TP.HCM",7000000.0,87.93,street,3.0,4.0,3.0,79608.78,
YKJ8BD,"154 Nguyễn Văn Trỗi, P.8, Q.Phú Nhuận, TP.HCM",30000000.0,560.74,street,14.0,14.0,8.0,53500.73,
Q5C6HU,"Trần Tấn, Tân Sơn Nhì, Q.Tân Phú, TP.HCM",10800000.0,157.89,street,5.0,6.0,4.0,68402.05,
4RZQ6F,"494 Dương Quảng Hàm, P.6, Q.Gò Vấp, TP.HCM",13000000.0,250.96,street,3.0,4.0,3.0,51801.08,
PZ1T1G,"6 Gò Công, P.13, Q.5, TP.HCM",16900000.0,358.05,street,3.0,3.0,4.0,47200.11,
137JF6,"2A Lý Đạo Thành, P.16, Q.8, TP.HCM",6000000.0,96.61,street,4.0,3.0,3.0,62105.37,
4RGNTF,"88 số 7, P.Tân Tạo A, Q.Bình Tân, TP.HCM",14000000.0,135.47,street,22.0,22.0,4.0,103343.91,
PZX3DG,"Lê Thúc Hoạch, P.Tân Quý, Q.Tân Phú, TP.HCM",31000000.0,216.78,street,5.0,7.0,4.0,143002.12,
AHBEEY,"Phổ Quang, P.2, Q.Tân Bình, TP.HCM",21500000.0,315.01,street,4.0,3.0,3.0,68251.8,
0GPE29,"Nguyễn Duy Dương, P.9, Q.5, TP.HCM",29000000.0,499.13,street,4.0,4.0,4.0,58101.1,
55RJ7X,"70 đường số 2, P.7, Q.8, TP.HCM",11500000.0,104.54,street,7.0,5.0,5.0,110005.74,
Q3TQUQ,"10 đường số 3, Tăng Nhơn Phú B, Q.9, TP.HCM",3850000.0,89.12,street,1.0,1.0,1.0,43200.18,
38P0Q3,"22C đường số 7, Long Phước, Q.9, TP.HCM",18000000.0,79.96,street,3.0,6.0,3.0,225112.56,
86FU3A,"8 Nguyễn Công Trứ, P.19, Q.Bình Thạnh, TP.HCM",16000000.0,428.95,street,1.0,2.0,2.0,37300.38,
CYHHBC,"50 đường số 4, P.Bình Trị Đông, Q.Bình Tân, TP.HCM",6000000.0,130.43,street,2.0,3.0,3.0,46001.69,
6N1U8Y,"24 Nguyễn Tuân, P.3, Q.Gò Vấp, TP.HCM",13000000.0,194.02,street,3.0,2.0,1.0,67003.4,
6NN68Y,"4 Đỗ Thị Tâm, Tân Quý, Q.Tân Phú, TP.HCM",12000000.0,109.52,street,2.0,1.0,1.0,109569.03,
AQQEYX,"17 đường số 7, P.An Lạc, Q.Bình Tân, TP.HCM",27000000.0,207.69,street,6.0,6.0,6.0,130001.44,
8NRH3A,"219 Thoại Ngọc Hầu, P.Phú Thạnh, Q.Tân Phú, TP.HCM",16000000.0,135.59,street,2.0,2.0,2.0,118002.8,
8NUX3A,"69 Bác Ái, P.Tân Thành, Q.Tân Phú, TP.HCM",9200000.0,139.18,street,4.0,5.0,4.0,66101.45,
6ESP8Y,"352 Lê Văn Sỹ, P.14, Q.3, TP.HCM",32000000.0,658.33,street,3.0,2.0,3.0,48607.84,
J3940D,"11 Nguyễn Văn Huyên, P.Tân Thành, Q.Tân Phú, TP.HCM",25000000.0,216.26,street,4.0,4.0,4.0,115601.59,
6YWDG8,"72a Bùi Quang  là, P.12, Q.Gò Vấp, TP.HCM",8900000.0,118.66,street,3.0,4.0,3.0,75004.21,
SB9YP5,"116 Phùng Văn Cung, P.4, Q.Phú Nhuận, TP.HCM",15550000.0,307.92,street,5.0,6.0,4.0,50500.13,
28S1HZ,"Ngô Đức Kế, P.12, Q.Bình Thạnh, TP.HCM",20500000.0,205.0,street,5.0,6.0,4.0,100000.0,
SBWHT5,"Võ Thị Hồi, Xã Xuân Thới Đông, H.Hóc Môn, TP.HCM",3950000.0,39.5,street,3.0,2.0,1.0,100000.0,
74RW7A,"12222 Tỉnh lộ 10, P.Tân Tạo, Q.Bình Tân, TP.HCM",7200000.0,100.0,street,5.0,4.0,5.0,72000.0,
7446RA,"Phạm Văn Đồng, P.Hiệp Bình Chánh, TP.Thủ Đức, TP.HCM",7000000.0,87.5,street,3.0,3.0,1.0,80000.0,
AFET1Y,"Bùi Thế Mỹ, P.10, Q.Tân Bình, TP.HCM",8500000.0,101.19,street,4.0,4.0,3.0,84000.4,
RN213J,"trần văn giáp, P.Hiệp Tân, Q.Tân Phú, TP.HCM",8700000.0,155.35,street,3.0,3.0,2.0,56002.57,
3H7U1Q,"24 Tân Chánh Hiệp 08, P.Tân Chánh Hiệp, Q.12, TP.HCM",6180000.0,90.88,street,3.0,2.0,2.0,68001.76,
SB7EH5,"77 đường 3158C Phạm Thế Hiển, P.7, Q.8, TP.HCM",13000000.0,67.7,street,5.0,4.0,3.0,192023.63,
6A6T28,"99:29 Nguyễn đình chiều, P.10, Q.Phú Nhuận, TP.HCM",6800000.0,226.66,street,2.0,2.0,2.0,30000.88,
8Y8RH3,"30A1 Kênh Nước Đen, P.Bình Hưng Hòa, Q.Bình Tân, TP.HCM",11200000.0,224.0,street,5.0,5.0,5.0,50000.0,
7E7PPA,"27 Quốc lộ 22, Xã Tân Xuân, H.Hóc Môn, TP.HCM",14500000.0,104.99,street,1.0,1.0,1.0,138108.39,
WZFQ2R,"9A Cống Lở, P.15, Q.Tân Bình, TP.HCM",15500000.0,134.78,street,2.0,2.0,2.0,115002.23,
WZFPKR,"Trương Phước Phan, P.Bình Trị Đông, Q.Bình Tân, TP.HCM",16500000.0,107.84,street,4.0,5.0,4.0,153004.45,
5BQZQ7,"8 đường B2, KDC Bến Lức, P.7, Q.8, TP.HCM",24000000.0,200.0,street,6.0,7.0,5.0,120000.0,
G10H12,"TL11-31 Vinhomes Saigon Park, Xã Xuân Thới Sơn, H.Hóc Môn, TP.HCM",5940000.0,118.9,street,3.0,3.0,4.0,49957.95,
8YMS13,"Thửa 54 - tờ 7 đường số 129, Xã Tân Thạnh Đông, H.Củ Chi, TP.HCM",3700000.0,12.3,street,15.0,15.0,1.0,300813.01,
QH172U,"Thửa 840 - tờ 93 Tỉnh Lộ 15, Xã Tân Thạnh Đông, H.Củ Chi, TP.HCM",3500000.0,16.39,street,1.0,1.0,1.0,213544.84,
5B8UB7,"505 đường Lê Trọng Tấn, P.Sơn Kỳ, Q.Tân Phú, TP.HCM",14000000.0,155.9,street,3.0,4.0,2.0,89801.15,
A4QU9Y,"Ko có số nhà Thới tam thôn 16, Xã Thới Tam Thôn, H.Hóc Môn, TP.HCM",2980000.0,41.38,street,2.0,2.0,2.0,72015.47,
6ATGN8,"266C Bình Trị Đông, P.Bình Trị Đông, Q.Bình Tân, TP.HCM",13800000.0,150.16,street,6.0,6.0,4.0,91901.97,
8YN9J3,"81 Hoàng Xuân Nhị, P.Phú Trung, Q.Tân Phú, TP.HCM",14100000.0,114.07,street,5.0,2.0,2.0,123608.31,
7E18YA,"8 Bế Văn Đàn, P.14, Q.Tân Bình, TP.HCM",49500000.0,88.83,street,4.0,4.0,5.0,557244.17,
SCMV85,"59 Bế Văn Đàn, P.14, Q.Tân Bình, TP.HCM",17950000.0,249.3,street,5.0,5.0,4.0,72001.6,
5BVGU7,"372 Huỳnh Văn Bánh, P.13, Q.Phú Nhuận, TP.HCM",22900000.0,401.75,street,4.0,4.0,5.0,57000.62,
3DZUKQ,"16 đường số 32A, P.Bình Trị Đông B, Q.Bình Tân, TP.HCM",13800000.0,138.0,street,4.0,6.0,4.0,100000.0,
EPSEK4,"4 đường số 2, P.An Lạc, Q.Bình Tân, TP.HCM",7600000.0,119.68,street,3.0,3.0,4.0,63502.67,
A4V32Y,"35 Huỳnh Văn Nghệ, P.12, Q.Gò Vấp, TP.HCM",5800000.0,103.38,street,2.0,2.0,2.0,56103.7,
A4V1JY,"59/9K Tân xuân 1, Xã Tân Xuân, H.Hóc Môn, TP.HCM",4200000.0,68.85,street,4.0,2.0,2.0,61002.18,
9MYM1P,"85B Ca Văn Thỉnh, P.11, Q.Tân Bình, TP.HCM",11380000.0,277.56,street,6.0,6.0,6.0,41000.14,
QH9PMU,"Nguyễn Thị Minh Khai, P.Võ Thị Sáu, Q.3, TP.HCM",13500000.0,275.51,street,4.0,4.0,4.0,49000.04,
G1DDY2,"88 Quách Đình Bảo, P.Phú Thạnh, Q.Tân Phú, TP.HCM",22400000.0,172.17,street,4.0,5.0,3.0,130103.97,
KJX9YC,"Đào Duy Từ, P.15, Q.Phú Nhuận, TP.HCM",7800000.0,129.56,street,7.0,6.0,4.0,60203.77,
5B9RD7,"Số 1 Trịnh Thị Tho, P.Hiệp Tân, Q.Tân Phú, TP.HCM",6900000.0,234.69,street,4.0,3.0,4.0,29400.49,
KJTMRC,"4 đường số 7, Khu Z756, P.12, Q.10, TP.HCM",57000000.0,647.72,street,5.0,5.0,4.0,88000.99,
C0TQGB,"Huỳnh Văn Bánh, P.11, Q.Phú Nhuận, TP.HCM",7200000.0,144.0,street,2.0,2.0,2.0,50000.0,
6AB0C8,"Hoàng Văn Thụ, P.4, Q.Tân Bình, TP.HCM",18900000.0,260.33,street,3.0,2.0,2.0,72600.16,
SCF485,"đường số 1, P.11, Q.Gò Vấp, TP.HCM",7600000.0,198.43,street,3.0,4.0,4.0,38300.66,
5BW4H7,"đường số 5, P.17, Q.Gò Vấp, TP.HCM",6500000.0,126.95,street,2.0,2.0,2.0,51201.26,
C0P5VB,"Thửa 515 - tờ 10 Nguyễn Văn Khạ, Xã Tân An Hội, H.Củ Chi, TP.HCM",9500000.0,9.98,street,1.0,1.0,1.0,951903.81,
7EF19A,"Cách Mạng Tháng 8, P.12, Q.10, TP.HCM",19200000.0,319.46,street,4.0,4.0,4.0,60101.42,
QHYJ7U,"9 Vũ Ngọc Phan, P.13, Q.Bình Thạnh, TP.HCM",11900000.0,267.41,street,4.0,5.0,4.0,44500.95,
KJ400C,"364/1A Dương Quảng Hàm, P.5, Q.Gò Vấp, TP.HCM",12600000.0,177.46,street,5.0,6.0,5.0,71001.92,
5BAQA7,"39 ( Thửa 270 - tờ 21 ) đường số 72A, Xã Tân Phú Trung, H.Củ Chi, TP.HCM",4700000.0,20.53,street,2.0,1.0,1.0,228933.27,
8YQK63,"1770/29 Tỉnh lộ 10, P.Bình Trị Đông, Q.Bình Tân, TP.HCM",5250000.0,75.0,street,3.0,2.0,2.0,70000.0,
WZJ2HR,"Hoàng Hoa Thám, P.1, Q.Gò Vấp, TP.HCM",9800000.0,106.4,street,3.0,3.0,3.0,92105.26,
SKQ0R5,"1 Bùi hữu nghĩa, P.2, Q.Bình Thạnh, TP.HCM",5250000.0,187.5,street,4.0,3.0,2.0,28000.0,
9XWE7P,"Thửa 812 - tờ 59 Lê Thị Siêng, Xã Tân Thông Hội, H.Củ Chi, TP.HCM",2890000.0,19.32,street,2.0,1.0,1.0,149585.92,
21FA5Z,"6/3F1 Số 20, Linh Đông, Q.Thủ Đức cũ, TP.HCM",45000000.0,125.0,street,3.0,3.0,3.0,360000.0,
UHTX5S,"300 Lo lu, P.Trường Thạnh, TP.Thủ Đức, TP.HCM",15900000.0,196.78,street,10.0,11.0,6.0,80800.89,
679G78,"5 Đỗ Thị Tâm, P.Tân Quý, Q.Tân Phú, TP.HCM",7700000.0,105.63,street,4.0,2.0,2.0,72895.96,
UH2ZJS,"104 Nguyễn Cửu Vân, P.17, Q.Bình Thạnh, TP.HCM",28600000.0,263.83,street,1.0,1.0,2.0,108403.14,
5CZ527,"19 Nguyễn Ngọc Nhựt, P.Tân Quý, Q.Tân Phú, TP.HCM",13600000.0,189.67,street,6.0,6.0,5.0,71703.49,
15WTF6,"70 Nguyễn tư giản, P.12, Q.Gò Vấp, TP.HCM",10900000.0,170.31,street,4.0,5.0,5.0,64000.94,
7B2MHA,"Phan Văn Trị, P.14, Q.Bình Thạnh, TP.HCM",3890000.0,209.13,street,1.0,1.0,2.0,18600.87,
QD0CJU,"đường số 10, P.Bình Hưng Hoà A, Q.Bình Tân, TP.HCM",17500000.0,141.47,street,4.0,5.0,4.0,123701.14,
JTQBK0,"Phan Đăng Lưu, P.5, Q.Phú Nhuận, TP.HCM",8500000.0,202.38,street,4.0,3.0,4.0,42000.2,
KRNNEC,"Khu Đô Thị Mizuki Park Nguyễn Văn Linh, Xã Bình Hưng, H.Bình Chánh, TP.HCM",18800000.0,75.5,street,4.0,5.0,4.0,249006.62,
AEPPWY,"đường số 13, P.Bình Trị Đông B, Q.Bình Tân, TP.HCM",15500000.0,155.0,street,5.0,6.0,4.0,100000.0,
8AEUK3,"111 Gần Chợ Bà Home, P.An Lạc, Q.Bình Tân, TP.HCM",1000000.0,22.72,street,2.0,2.0,2.0,44014.08,
QD4WWU,"48 Lê Văn Thọ, P.11, Q.Gò Vấp, TP.HCM",14900000.0,184.86,street,6.0,7.0,4.0,80601.54,
0N1859,"Đông Thạnh 4, Xã Đông Thạnh, H.Hóc Môn, TP.HCM",6350000.0,86.86,street,2.0,1.0,1.0,73106.15,
5CFC57,"18 đường số 3, P.Bình Hưng Hoà A, Q.Bình Tân, TP.HCM",12500000.0,130.2,street,2.0,2.0,2.0,96006.14,
UHB32S,"Thửa 42 - Tờ 15, 15B đường số 33, Xã Tân Thông Hội, H.Củ Chi, TP.HCM",7500000.0,20.17,street,7.0,7.0,1.0,371839.37,
PM6C0G,"214 Liêu Bình Hương, Xã Tân Thông Hội, H.Củ Chi, TP.HCM",4300000.0,64.95,street,2.0,2.0,2.0,66204.77,
PM1FZG,"73 đường số 9, P.9, Q.Gò Vấp, TP.HCM",13900000.0,255.51,street,4.0,5.0,6.0,54401.0,
E9G234,"578.9 Phạm Văn Bạch, P.15, Q.Tân Bình, TP.HCM",8350000.0,119.28,street,3.0,2.0,2.0,70003.35,
RZTYAJ,"2295 Huỳnh tấn phát, Xã Phú Xuân, H.Nhà Bè, TP.HCM",2390000.0,45.96,street,4.0,3.0,1.0,52001.74,
5CBJW7,"Nơ Trang Long, P.14, Q.Bình Thạnh, TP.HCM",2690000.0,56.04,street,3.0,3.0,1.0,48001.43,
GV1Z32,"Trần Hải Phụng, P.Tân Tạo, Q.Bình Tân, TP.HCM",5250000.0,40.29,street,3.0,2.0,2.0,130305.29,
JTT670,"26A ( Thửa 708 - tờ 25) Nguyễn Thị Điệp, Xã Đông Thạnh, H.Hóc Môn, TP.HCM",4850000.0,33.54,street,1.0,1.0,1.0,144603.46,
SKDZF5,"73 đường số 20, P.Bình Hưng Hoà A, Q.Bình Tân, TP.HCM",6450000.0,107.32,street,3.0,3.0,3.0,60100.63,
PMNUFG,"25A Nguyễn Hữu Cảnh, P.22, Q.Bình Thạnh, TP.HCM",15900000.0,255.21,street,1.0,1.0,2.0,62301.63,
CJWPRB,"594 Lê Văn Quới, P.Bình Hưng Hoà A, Q.Bình Tân, TP.HCM",33500000.0,170.83,street,2.0,2.0,2.0,196101.39,
656J48,"Xã Bình Mỹ, H.Củ Chi, TP.HCM",1390000.0,20.44,street,3.0,3.0,3.0,68003.91,
9N0JAP,"56 Phan Đình Phùng, P.2, Q.Phú Nhuận, TP.HCM",17500000.0,460.52,street,5.0,5.0,7.0,38000.52,
1SM4Z6,"Nguyễn Tiểu La, P.8, Q.10, TP.HCM",10550000.0,422.0,street,3.0,3.0,4.0,25000.0,
65VFE8,"Phan Huy Thực, P.Tân Kiểng, Q.7, TP.HCM",16900000.0,231.5,street,4.0,5.0,3.0,73002.16,
YE79WD,"238 Nguyễn Thái Bình, P.4, Q.Tân Bình, TP.HCM",11500000.0,191.66,street,6.0,5.0,5.0,60002.09,
E0CZC4,"286 Phan Văn Trị, P.11, Q.Gò Vấp, TP.HCM",8300000.000000001,157.73,street,2.0,1.0,1.0,52621.57,
SHQAQ5,"33 Đặng Văn Ngữ, P.10, Q.Phú Nhuận, TP.HCM",28500000.0,278.86,street,6.0,5.0,1.0,102201.82,
3A1JJQ,"Đặng Minh Trứ, P.10, Q.Tân Bình, TP.HCM",4900000.0,88.76,street,3.0,2.0,2.0,55205.05,
R2BFNJ,"92 Lê Thị Hồng, P.17, Q.Gò Vấp, TP.HCM",25500000.0,180.46,street,20.0,20.0,4.0,141305.55,
KW7VSC,"166 đường số 6, P.7, Q.Gò Vấp, TP.HCM",12300000.0,153.75,street,5.0,4.0,5.0,80000.0,
SH14E5,"6 Nguyễn Duy Dương, P.7, Q.5, TP.HCM",23900000.0,377.86,street,5.0,4.0,5.0,63250.94,
0TARB9,"đường số 9, P.Bình Hưng Hòa, Q.Bình Tân, TP.HCM",23700000.0,41.51,street,32.0,35.0,2.0,570946.76,
UDG3XS,"475 Cách mạng tháng tám, P.12, Q.10, TP.HCM",5800000.0,193.33,street,3.0,4.0,4.0,30000.52,
SH2VU5,"48 Phùng Văn Cung, P.7, Q.Phú Nhuận, TP.HCM",5650000.0,474.78,street,3.0,3.0,4.0,11900.25,
SH2NQ5,"2 An Phú Tây Hưng Long, Xã An Phú Tây, H.Bình Chánh, TP.HCM",670.0,6.7,street,3.0,2.0,1.0,100.0,
UDJEVS,"Thửa 577 - tờ 21 Trần Văn Chấm, Xã Tân Thông Hội, H.Củ Chi, TP.HCM",4300000.0,31.8,street,2.0,1.0,1.0,135220.13,
491WKF,"Thửa 550 - tờ 1 Tỉnh Lộ 8, Xã Bình Mỹ, H.Củ Chi, TP.HCM",6490000.0,12.98,street,2.0,1.0,1.0,500000.0,
5K02C7,"19A đường số 1, P.Bình Hưng Hoà A, Q.Bình Tân, TP.HCM",4680000.0,112.23,street,2.0,1.0,2.0,41700.08,
3A4ZCQ,"22 ( Thửa 51 - tờ 15 ) Nguyễn Thị Lắng, Xã Phước Vĩnh An, H.Củ Chi, TP.HCM",1950000.0,10.9,street,2.0,1.0,1.0,178899.08,
E0NEJ4,"967 Lạc Long Quân, P.11, Q.Tân Bình, TP.HCM",13500000.0,217.0,street,3.0,4.0,4.0,62211.98,
QYKD2U,"603 Lê Văn Thọ, P.14, Q.Gò Vấp, TP.HCM",17500000.0,164.47,street,3.0,3.0,3.0,106402.38,
E09KP4,"Huỳnh Tấn Phát, Khu phố 7, Thị trấn Nhà Bè, TP.HCM",550.0,34.37,street,1.0,1.0,1.0,16.0,
UDHB5S,"88B Nguyễn Thị Hé, Xã Tân Thông Hội, H.Củ Chi, TP.HCM",2350000.0,17.12,street,2.0,1.0,1.0,137266.36,
E007R4,"243 đường số 6, P.7, Q.Gò Vấp, TP.HCM",3280000.0,134.97,street,2.0,2.0,2.0,24301.7,
UDD2WS,"523 cách mạng tháng 8, P.15, Q.10, TP.HCM",8490000.0,188.86,street,3.0,4.0,5.0,44953.93,
R2PEFJ,"Nguyễn Đình Chính, P.15, Q.Phú Nhuận, TP.HCM",23900000.0,234.77,street,3.0,2.0,2.0,101801.76,
ABD1AY,"đường Thạnh Lộc 15, P.Thạnh Lộc, Q.12, TP.HCM",7300000.0,57.25,street,1.0,1.0,1.0,127510.92,
KWBNNC,"31 đường số 9, P.Bình Hưng Hòa, Q.Bình Tân, TP.HCM",5680000.0,69.86,street,2.0,2.0,2.0,81305.47,
7K6CHA,"MPN 502 Tỉnh Lộ 10, P.Bình Trị Đông, Q.Bình Tân, TP.HCM",5100000.0,99.02,street,2.0,1.0,1.0,51504.75,
RGHQ4J,"19 Phan Xích Long, P.2, Q.Phú Nhuận, TP.HCM",39500000.0,460.37,street,5.0,5.0,6.0,85800.55,
GX45X2,"158 đường số 59, P.14, Q.Gò Vấp, TP.HCM",15500000.0,280.79,street,3.0,5.0,5.0,55201.4,
8527Q3,"1 Lê Cao Lãng, P.Phú Thạnh, Q.Tân Phú, TP.HCM",2800000.0,149.73,street,3.0,3.0,3.0,18700.33,
37G01Q,"22A ( Thửa 800 - tờ 36) ấp Bàu Sim 2, Xã Tân Thông Hội, H.Củ Chi, TP.HCM",4000000.0,38.49,street,2.0,2.0,2.0,103923.1,
SD2VS5,"174 Nguyễn Thái Bình, P.12, Q.Tân Bình, TP.HCM",5500000.0,369.12,street,3.0,3.0,3.0,14900.3,
40Q8PF,"39 Tân Thới Hiệp 09, P.Tân Thới Hiệp, Q.12, TP.HCM",5700000.0,61.55,street,1.0,1.0,2.0,92607.64,
5HZEM7,"Nguyễn Văn Đậu, P.5, Q.Bình Thạnh, TP.HCM",43900000.0,348.41,street,7.0,7.0,8.0,126000.98,
6SFN58,"Hoàng Văn Hợp, P.An Lạc A, Q.Bình Tân, TP.HCM",3750000.0,216.76,street,3.0,3.0,3.0,17300.24,
85E2V3,"72 Bùi Quang Là, P.12, Q.Gò Vấp, TP.HCM",7500000.0,100.4,street,2.0,2.0,3.0,74701.2,
37E64Q,"82 đường số 8, P.Bình Hưng Hòa, Q.Bình Tân, TP.HCM",18600000.0,57.23,street,2.0,2.0,1.0,325004.37,
QA40RU,"84 Tân sơn nhì, P.Tân Sơn Nhì, Q.Tân Phú, TP.HCM",6200000.0,124.0,street,3.0,2.0,2.0,50000.0,
6SCAV8,"Thửa 56 - tờ 29 Bùi Thị Điệt, Xã Phạm Văn Cội, H.Củ Chi, TP.HCM",9500000.0,5.72,street,3.0,3.0,1.0,1660839.16,
0Z62T9,"33A Nguyễn Thị Huỳnh, P.8, Q.Phú Nhuận, TP.HCM",12300000.0,251.53,street,5.0,6.0,4.0,48900.73,
WPX4PR,"82 Trương Công Định, P.12, Q.Tân Bình, TP.HCM",8900000.0,86.4,street,4.0,2.0,2.0,103009.26,
7K4J3A,"60 Trịnh Thị Gắt, Xã Tân An Hội, H.Củ Chi, TP.HCM",2900000.0,12.13,street,2.0,1.0,1.0,239076.67,
ACFRJY,"51P Phan Tây Hồ, P.7, Q.Phú Nhuận, TP.HCM",9250000.0,234.17,street,6.0,6.0,4.0,39501.22,
40GE4F,"40 ( Thửa 723 - tờ 25 ) Phạm Thị Xích, Xã Tân Thạnh Tây, H.Củ Chi, TP.HCM",5200000.0,26.34,street,2.0,1.0,1.0,197418.38,
UYK32S,"40A đường số 42, Xã Tân Thông Hội, H.Củ Chi, TP.HCM",4100000.0,34.54,street,2.0,1.0,2.0,118702.95,
DEF75H,"Hương Lộ 2, P.Bình Trị Đông, Q.Bình Tân, TP.HCM",7700000.0,132.75,street,5.0,5.0,5.0,58003.77,
6S7TP8,"73 Bùi Thị Lành, Xã Trung An, H.Củ Chi, TP.HCM",3200000.0,28.57,street,2.0,2.0,2.0,112005.6,
WP22QR,"4A đường Thạnh Xuân 24, P.Thạnh Xuân, Q.12, TP.HCM",5800000.0,77.33,street,4.0,3.0,3.0,75003.23,
DEFEBH,"1598 Tỉnh Lộ 8, Xã Hòa Phú, H.Củ Chi, TP.HCM",5200000.0,32.43,street,2.0,1.0,1.0,160345.36,
0ZTDW9,"Bùi Đình Túy, P.12, Q.Bình Thạnh, TP.HCM",4600000.0,153.33,street,3.0,3.0,4.0,30000.65,
0ZTA49,"796 Lê Đức Thọ, P.15, Q.Gò Vấp, TP.HCM",6500000.0,98.48,street,4.0,4.0,3.0,66003.25,
UYDPMS,"134 Đông Thạnh 5, Xã Đông Thạnh, H.Hóc Môn, TP.HCM",15500000.0,63.7,street,4.0,3.0,2.0,243328.1,
J2Z870,"24 Lê Thị Lơn, Xã Bình Mỹ, H.Củ Chi, TP.HCM",9500000.0,20.29,street,1.0,1.0,1.0,468210.94,
5HKCY7,"32 Lê Thị Bay, Xã Tân Thạnh Đông, H.Củ Chi, TP.HCM",2150000.0,24.57,street,3.0,1.0,1.0,87505.09,
409JPF,"931 Lũy Bán Bích, P.Tân Thành, Q.Tân Phú, TP.HCM",24300000.0,293.12,street,4.0,4.0,4.0,82901.2,
2MMMCZ,"18 Nguyễn Thị Rõ, Xã Tân An Hội, H.Củ Chi, TP.HCM",2500000.0,21.73,street,2.0,1.0,2.0,115048.32,
UYY7ES,"59C Huỳnh Thị Thơm, Xã Tân Thông Hội, H.Củ Chi, TP.HCM",9700000.0,22.5,street,24.0,24.0,2.0,431111.11,
SDYQG5,"15 Nguyễn Đình Chiểu, P.4, Q.Phú Nhuận, TP.HCM",10800000.0,177.04,street,2.0,1.0,2.0,61003.16,
SDYQG5,"15 Nguyễn Đình Chiểu, P.4, Q.Phú Nhuận, TP.HCM",10800000.0,177.04,street,2.0,1.0,2.0,61003.16,
UYAZ3S,"Hẻm 302 Nguyễn Văn Nghi, P.7, Q.Gò Vấp, TP.HCM",5800000.0,69.66,street,1.0,1.0,1.0,83261.56,
EJRUF4,"59 đường số 23, Xã Tân Thông Hội, H.Củ Chi, TP.HCM",10500000.0,40.27,street,5.0,5.0,3.0,260740.0,
WP9QFR,"164 Đào Văn Thử, Xã Tân An Hội, H.Củ Chi, TP.HCM",1850000.0,14.17,street,2.0,1.0,1.0,130557.52,
J2GMS0,"24 Trần Thị Dư, Xã Tân An Hội, H.Củ Chi, TP.HCM",4800000.0,14.16,street,10.0,10.0,1.0,338983.05,
375KAQ,"152 Đào Văn Thử, Xã Tân An Hội, H.Củ Chi, TP.HCM",1950000.0,14.94,street,2.0,1.0,1.0,130522.09,
EJRGU4,"9 ( Thửa 52 - tờ 78 ) Nguyễn Thị Chiên, Xã Tân An Hội, H.Củ Chi, TP.HCM",1850000.0,10.51,street,2.0,1.0,1.0,176022.84,
QA77ZU,"16A đường số 16, Xã Tân Thông Hội, H.Củ Chi, TP.HCM",2550000.0,17.0,street,2.0,2.0,2.0,150000.0,
37SN2Q,"Thửa 740 - tờ 20 Tỉnh Lộ 7, Xã Thái Mỹ, H.Củ Chi, TP.HCM",2500000.0,19.79,street,2.0,1.0,1.0,126326.43,
ACDUDY,"28 Trương Thị Nguýt, Xã Phú Hòa Đông, H.Củ Chi, TP.HCM",2600000.0,9.95,street,3.0,1.0,1.0,261306.53,
ACDV5Y,"49 Nguyễn Viết Xuân, TT.Củ Chi, H.Củ Chi, TP.HCM",3600000.0,15.06,street,2.0,1.0,1.0,239043.82,
WPJAGR,"126 Miếu Gò Xoài, P.Bình Hưng Hòa, Q.Bình Tân, TP.HCM",4300000.0,87.39,street,2.0,2.0,2.0,49204.71,
40WN3F,"38 Lê Thị Nghiên, Xã Tân Thạnh Đông, H.Củ Chi, TP.HCM",2400000.0,25.77,street,2.0,1.0,1.0,93131.55,
9TG14P,"Tống Văn Hên, P.15, Q.Tân Bình, TP.HCM",24900000.0,163.06,street,14.0,14.0,6.0,152704.53,
UAUY0S,"156 Lương Ngọc Quyến, P.5, Q.Gò Vấp, TP.HCM",3850000.0,427.77,street,2.0,2.0,2.0,9000.16,
5DSGZ7,"2 Cầm Bá Thước, P.7, Q.Phú Nhuận, TP.HCM",76000000.0,209.36,street,3.0,3.0,3.0,363011.08,
9ZJUGP,"116 Cầu Kinh, P.Tân Tạo A, Q.Bình Tân, TP.HCM",6840000.0,119.78,street,6.0,6.0,2.0,57104.69,
9ZJUGP,"116 Cầu Kinh, P.Tân Tạo A, Q.Bình Tân, TP.HCM",6840000.0,119.78,street,6.0,6.0,2.0,57104.69,
GN9S02,"103 đường số 27, P.Bình Trị Đông B, Q.Bình Tân, TP.HCM",10900000.0,136.25,street,3.0,4.0,4.0,80000.0,
CFH22B,"46 đường số 4, P.Bình Hưng Hoà A, Q.Bình Tân, TP.HCM",4780000.0,91.57,street,3.0,3.0,3.0,52200.5,
JGWMD0,"191 đường số 3, P.11, Q.Gò Vấp, TP.HCM",15300000.0,177.7,street,4.0,5.0,4.0,86100.17,
PT014G,"56 Vũ Huy Tấn, P.2, Q.Bình Thạnh, TP.HCM",55000000.0,766.01,street,4.0,4.0,4.0,71800.63,
CF8SEB,"Thạnh Lộc 38, P.Thạnh Lộc, Q.12, TP.HCM",3690000.0,73.35,street,1.0,1.0,1.0,50306.75,
5DZ597,"Hồng Hà, P.2, Q.Tân Bình, TP.HCM",26300000.0,238.65,street,2.0,2.0,3.0,110203.23,
Q70VPU,"18 Bùi Thế Mỹ, P.10, Q.Tân Bình, TP.HCM",10000000.0,153.13,street,4.0,2.0,2.0,65303.99,
SYP0X5,"đường số 13, P.Bình Hưng Hòa, Q.Bình Tân, TP.HCM",9380000.0,90.19,street,1.0,1.0,2.0,104002.66,
Q7RK5U,"154 Nguyễn Thị Kiểu, P.Tân Thới Hiệp, Q.12, TP.HCM",8680000.0,127.27,street,3.0,2.0,2.0,68201.46,
W9XWGR,"Số 6 đường số 41, P.9, Q.4, TP.HCM",29000000.0,481.72,street,8.0,4.0,5.0,60200.95,
8SYGU3,"126 Trần Thị Điệu, Phước Long B, Q.9, TP.HCM",10300000.0,121.31,street,4.0,3.0,3.0,84906.44,
35YTRQ,"263 đường số 8, P.Bình Hưng Hoà A, Q.Bình Tân, TP.HCM",15500000.0,85.07,street,1.0,2.0,2.0,182202.89,
35YFYQ,"512 Nguyễn Văn Khối, P.9, Q.Gò Vấp, TP.HCM",21900000.0,141.83,street,13.0,14.0,4.0,154410.21,
Q7DSAU,"33 Nguyễn Văn Khối, P.11, Q.Gò Vấp, TP.HCM",12500000.0,108.52,street,6.0,2.0,2.0,115186.14,
SYY4Q5,"559B Nguyễn Văn Khối, P.9, Q.Gò Vấp, TP.HCM",15000000.0,279.32,street,6.0,7.0,6.0,53701.85,
SYYBQ5,"Nghiêm Toản, P.Hòa Thạnh, Q.Tân Phú, TP.HCM",6500000.0,125.0,street,1.0,1.0,1.0,52000.0,
ERWGU4,"Hiệp Thành 17, KP5, P.Hiệp Thành, Q.12, TP.HCM",9000000.0,99.55,street,2.0,1.0,1.0,90406.83,
AKDF9Y,"99 đường số 59, P.14, Q.Gò Vấp, TP.HCM",15000000.0,238.47,street,6.0,5.0,5.0,62900.99,
5DAKC7,"136 Chế Lan Viên, P.Tây Thạnh, Q.Tân Phú, TP.HCM",10500000.0,150.86,street,3.0,3.0,4.0,69600.95,
W04SPR,"7 Lê Quang Chiểu, P.Hiệp Tân, Q.Tân Phú, TP.HCM",8900000.0,132.44,street,2.0,2.0,2.0,67200.24,
3S6AUQ,"41 Trần Văn Kỷ, P.14, Q.Bình Thạnh, TP.HCM",1900000.0,380.0,street,2.0,2.0,3.0,5000.0,
EWCJU4,"28 Phan Tây Hồ, P.7, Q.Phú Nhuận, TP.HCM",12500000.0,234.96,street,4.0,5.0,4.0,53200.54,
5YUHC7,"207 đường số 6, P.5, Q.Gò Vấp, TP.HCM",5280000.0,170.32,street,2.0,2.0,2.0,31000.47,
7DQ5SA,"26A đường số 2, P.Bình Hưng Hoà A, Q.Bình Tân, TP.HCM",7000000.0,70.56,street,4.0,3.0,3.0,99206.35,
EWH524,"Nguyễn Hồng Đào, P.14, Q.Tân Bình, TP.HCM",15000000.0,275.22,street,3.0,3.0,4.0,54501.85,
8UM5M3,"Bàu Cát 3, P.14, Q.Tân Bình, TP.HCM",16000000.0,233.98,street,3.0,3.0,4.0,68381.91,
SA61T5,"130Bis Trần Huy Liệu, P.15, Q.Phú Nhuận, TP.HCM",21000000.0,535.71,street,6.0,7.0,7.0,39200.31,
U712AS,"Nguyễn Trọng Tuyển, P.15, Q.Phú Nhuận, TP.HCM",8750000.0,280.44,street,3.0,3.0,3.0,31200.97,
5Y6SC7,"145A Hiệp Thành 13, P.Hiệp Thành, Q.12, TP.HCM",11800000.0,108.45,street,4.0,4.0,3.0,108805.9,
5YMQK7,"đường số 9, P.16, Q.Gò Vấp, TP.HCM",4100000.0,118.49,street,2.0,1.0,2.0,34602.08,
SAGRP5,"Tân Thới Hiệp 08, P.Tân Thới Hiệp, Q.12, TP.HCM",6200000.0,85.16,street,1.0,1.0,1.0,72804.13,
YKNCWD,"167 - 169 Ba Vân, P.14, Q.Tân Bình, TP.HCM",72690000.0,247.16,street,1.0,1.0,3.0,294100.99,
YKTYED,"101 Dương Văn Dương, P.Tân Quý, Q.Tân Phú, TP.HCM",9500000.0,107.34,street,2.0,2.0,2.0,88503.82,
C4V4NB,"37 Quách Vũ, P.Hiệp Tân, Q.Tân Phú, TP.HCM",16399999.999999998,189.37,street,3.0,6.0,5.0,86602.95,
PZ7CDG,"858 Nguyễn Xiển, Long Thạnh Mỹ, TP.Thủ Đức, TP.HCM",11100000.0,81.15,street,1.0,1.0,1.0,136783.73,
6QFHN8,"85 Lương Ngọc Quyến, P.5, Q.Gò Vấp, TP.HCM",6500000.0,135.98,street,6.0,6.0,4.0,47801.15,
8UE6U3,"Nguyễn Thái Bình, P.4, Q.Tân Bình, TP.HCM",11800000.0,433.82,street,2.0,2.0,3.0,27200.22,
3SE97Q,"Tân Thới Nhất 02, Tân Thới Nhất, Q.12, TP.HCM",8199999.999999999,89.22,street,6.0,6.0,1.0,91907.64,
9237HP,"đường 702 Hồng Bàng, P.1, Q.11, TP.HCM",8300000.000000001,0.05,street,4.0,3.0,4.0,166000000.0,
6QKH28,"690 Phạm Văn Bạch, P.12, Q.Gò Vấp, TP.HCM",12600000.0,299.28,street,5.0,4.0,5.0,42101.04,
0G13Q9,"41 Nguyễn Nhữ Lãm, P.Phú Thọ Hòa, Q.Tân Phú, TP.HCM",13500000.0,300.66,street,4.0,4.0,5.0,44901.22,
U7B83S,"589C Đường Điện Biên Phủ, P.1, Q.3, TP.HCM",21000000.0,107.14,street,5.0,7.0,4.0,196005.23,
7D407A,"162A Nguyễn Gia Trí, P.25, Q.Bình Thạnh, TP.HCM",50000000.0,564.97,street,4.0,5.0,4.0,88500.27,
7D407A,"162A Nguyễn Gia Trí, P.25, Q.Bình Thạnh, TP.HCM",50000000.0,564.97,street,4.0,5.0,4.0,88500.27,
5YEWY7,"Đường 3 Tháng 2, P.12, Q.10, TP.HCM",29500000.0,521.2,street,3.0,1.0,3.0,56600.15,
5YEH37,"Bạch Đằng, P.2, Q.Tân Bình, TP.HCM",19500000.0,226.74,street,1.0,1.0,1.0,86001.59,
1371X6,"Tân Thọ, P.8, Q.Tân Bình, TP.HCM",20900000.0,360.34,street,3.0,3.0,2.0,58000.78,
3SDZKQ,"328 Độc Lập, P.Tân Quý, Q.Tân Phú, TP.HCM",12200000.0,157.41,street,6.0,6.0,3.0,77504.61,
R9ZAUJ,"Lạc Long Quân, P.8, Q.Tân Bình, TP.HCM",14800000.0,256.05,street,5.0,4.0,6.0,57801.21,
YYNWD6,"155 Trần Hưng Đạo, P.11, Q.5, TP.HCM",8500000.0,51.51,street,1.0,1.0,1.0,165016.5,
SSGC5Y,"44 Trương Hoàng Thanh, P.12, Q.Tân Bình, TP.HCM",14600000.0,283.17,street,4.0,3.0,3.0,51559.13,
75K8A8,"32 số 8, P.Bình Hưng Hòa, Q.Bình Tân, TP.HCM",9500000.0,93.22,street,3.0,4.0,3.0,101909.46,
S3945Y,"Hoàng Hoa Thám, P.13, Q.Tân Bình, TP.HCM",28300000.0,241.88,street,6.0,6.0,4.0,117000.17,
0WPU9N,"300A Bàu Cát, P.11, Q.Tân Bình, TP.HCM",19500000.0,232.41,street,5.0,6.0,7.0,83903.45,
AUQBYX,"Nguyễn Sỹ Sách, P.15, Q.Tân Bình, TP.HCM",13800000.0,229.23,street,4.0,4.0,4.0,60201.54,
AU3CYX,"20B - 22B đường số 14, P.An Lạc A, Q.Bình Tân, TP.HCM",16500000.0,154.63,street,5.0,5.0,3.0,106706.33,
AU96YX,"Nguyễn Ngọc Nhựt, P.Tân Quý, Q.Tân Phú, TP.HCM",7200000.0,153.51,street,2.0,2.0,2.0,46902.48,
RE65JQ,"164 Đô Đốc Lộc, P.Tân Quý, Q.Tân Phú, TP.HCM",7150000.0,76.96,street,3.0,2.0,2.0,92905.41,
JCF60D,"63 Cao Xuân Dục, P.Xóm Củi, Q.8, TP.HCM",13800000.0,227.94,street,4.0,4.0,5.0,60542.25,
3ZKWQ3,"50 đường Tân Thọ, P.08, Q.Tân Bình, TP.HCM",19800000.0,373.1,street,3.0,3.0,3.0,53068.88,
CUWPBC,"462 Âu Cơ, P.10, Q.Tân Bình, TP.HCM",20500000.0,158.66,street,3.0,2.0,2.0,129207.11,
74259A,"30 đường số 2, P.Hiệp Bình Chánh, TP.Thủ Đức, TP.HCM",17900000.0,149.16,street,4.0,3.0,3.0,120005.36,
74PWQA,"246 Liên Khu 5-6, P.Bình Hưng Hoà B, Q.Bình Tân, TP.HCM",7500000.0,108.69,street,6.0,5.0,5.0,69003.59,
AFJ55Y,"7 đường số 35, P.Hiệp Bình Chánh, TP.Thủ Đức, TP.HCM",9600000.0,129.72,street,5.0,3.0,4.0,74005.55,
AFCAEY,"Bờ bảo tân thắng, P.Tân Sơn Nhì, Q.Tân Phú, TP.HCM",5850000.0,182.81,street,4.0,3.0,3.0,32000.44,
RNGK4J,"33 đường Ấp Chánh 13, Xã Tân Xuân, H.Hóc Môn, TP.HCM",3550000.0,82.94,street,3.0,2.0,2.0,42802.03,
AFHN5Y,"61 đường 3158C Phạm Thế Hiển, P.7, Q.8, TP.HCM",7700000.0,80.2,street,5.0,4.0,4.0,96009.98,
C0DH4B,"78 Phùng Văn Cung, P.7, Q.Phú Nhuận, TP.HCM",5390000.0,317.05,street,2.0,3.0,4.0,17000.47,
3D19NQ,"53 đường số 152 Cao Lỗ, P.4, Q.8, TP.HCM",15500000.0,220.17,street,6.0,5.0,4.0,70400.15,
8YV043,"94 đường số 111 Hưng Phú, P.Hưng Phú, Q.8, TP.HCM",7800000.0,200.0,street,4.0,3.0,3.0,39000.0,
QHV30U,"104 đường Dương Văn Dương, P.Tân Quý, Q.Tân Phú, TP.HCM",14500000.0,226.56,street,4.0,3.0,5.0,64000.71,
5BXVC7,"Thửa 698 - tờ 2 Tỉnh Lộ 43, P.Bình Chiểu, TP.Thủ Đức, TP.HCM",3550000.0,64.19,street,4.0,4.0,4.0,55304.56,
WZV0XR,"đường Gò Cẩm Đệm, P.10, Q.Tân Bình, TP.HCM",7900000.0,119.69,street,3.0,4.0,3.0,66003.84,
QDN7NU,"73 Đông Thạnh 4-2, Xã Đông Thạnh, H.Hóc Môn, TP.HCM",4750000.0,49.01,street,3.0,3.0,2.0,96919.0,
5CFDS7,"555 Đỗ Xuân Hợp, P.Phước Long B, TP.Thủ Đức, TP.HCM",9550000.0,309.22,street,1.0,2.0,2.0,30884.16,
KR08NC,"466 Đ.Phú Thọ Hòa, P.Phú Thọ Hòa, Q.Tân Phú, TP.HCM",3800000.0,152.0,street,2.0,2.0,2.0,25000.0,
RZG4WJ,"Thửa 580 - tờ 63 Đông Thạnh 2-8, Xã Đông Thạnh, H.Hóc Môn, TP.HCM",2600000.0,38.51,street,3.0,2.0,2.0,67514.93,
4948HF,"đường số 152A Cao Lỗ, P.4, Q.8, TP.HCM",13500000.0,168.75,street,5.0,4.0,4.0,80000.0,
656W98,"đường số 84 Cao Lỗ, P.4, Q.8, TP.HCM",16500000.0,208.86,street,4.0,5.0,4.0,79000.29,
SH3P05,"Lạc Long Quân, P.10, Q.Tân Bình, TP.HCM",4100000.0,136.66,street,3.0,2.0,2.0,30001.46,
3A9Z7Q,"94 Lê Cao Lãng, P.Phú Thạnh, Q.Tân Phú, TP.HCM",6750000.0,152.02,street,2.0,2.0,2.0,44402.05,
YE0EMD,"23A đường số 17, P.Hiệp Bình Phước, TP.Thủ Đức, TP.HCM",10200000.0,89.18,street,2.0,2.0,3.0,114375.42,
9N6QKP,"271 Hoàng Hoa Thám, P.13, Q.Tân Bình, TP.HCM",16900000.0,292.38,street,1.0,1.0,2.0,57801.49,
0TVDE9,"521 Huỳnh Văn Bánh, P.13, Q.Phú Nhuận, TP.HCM",11500000.0,397.92,street,3.0,4.0,4.0,28900.28,
9TJ5TP,"Lô C, chung cư Bưu Điện Hẻm 354 Lý thường kiệt, P.14, Q.10, TP.HCM",5200000.0,61.17,street,2.0,1.0,8.0,85008.99,
37WNAQ,"34 đường số 16, P.Linh Đông, TP.Thủ Đức, TP.HCM",2450000.0,100.82,street,1.0,1.0,2.0,24300.73,
40X8MF,"337 Tân kỳ tân quý, P.Phú Thọ Hòa, Q.Tân Phú, TP.HCM",10900000.0,209.61,street,4.0,4.0,4.0,52001.34,
RGT4CJ,"2A Lê Thị Hoa, Xã Phước Vĩnh An, H.Củ Chi, TP.HCM",5300000.0,13.26,street,11.0,11.0,1.0,399698.34,
40913F,"201 Nguyễn Thái Sơn, P.7, Q.Gò Vấp, TP.HCM",6800000.0,136.0,street,6.0,3.0,4.0,50000.0,
6S3N08,"18A Trần Thị Lan, Xã Tân Thạnh Tây, H.Củ Chi, TP.HCM",4500000.0,19.81,street,11.0,11.0,1.0,227158.0,
UAQ2PS,"80 đường số 6, P.Linh Trung, TP.Thủ Đức, TP.HCM",10500000.0,109.83,street,2.0,1.0,1.0,95602.29,
6UMPJ8,"24 Lưu Chí Hiếu, P.Tây Thạnh, Q.Tân Phú, TP.HCM",10800000.0,183.05,street,1.0,1.0,2.0,59000.27,
AKUARY,"95A Đường Bình Long, P.Bình Hưng Hoà A, Q.Bình Tân, TP.HCM",13500000.0,159.19,street,1.0,1.0,1.0,84804.32,
YCXBRD,"44 Nguyễn Hồng Đào, P.14, Q.Tân Bình, TP.HCM",16500000.0,232.06,street,6.0,6.0,4.0,71102.3,
DBN80H,"114 Thoại Ngọc Hầu, P.Phú Thọ Hòa, Q.Tân Phú, TP.HCM",6600000.0,101.07,street,1.0,1.0,2.0,65301.28,
DBPQNH,"227A Lã Xuân Oai, P.Tăng Nhơn Phú A, TP.Thủ Đức, TP.HCM",9800000.0,72.86,street,3.0,3.0,1.0,134504.53,
6UCQ28,"Nguyễn Văn Công, P.3, Q.Gò Vấp, TP.HCM",15600000.0,250.8,street,9.0,9.0,5.0,62200.96,
6U7ED8,"180A Nguyễn Hồng Đào, P.14, Q.Tân Bình, TP.HCM",21800000.0,196.39,street,14.0,14.0,5.0,111003.62,
PTNSEG,"55B đường số 40, P.12, Q.Gò Vấp, TP.HCM",9600000.0,146.78,street,6.0,7.0,5.0,65404.01,
W99T7R,"28 Lô G Tạ Mỹ Duật, P.An Lạc A, Q.Bình Tân, TP.HCM",7000000.0,89.62,street,2.0,2.0,2.0,78107.57,
JGPHR0,"Ấp Chiến Lược, P.Bình Hưng Hoà A, Q.Bình Tân, TP.HCM",9800000.0,66.66,street,2.0,1.0,1.0,147014.7,
JP4W10,"307–307A Bùi Hữu Nghĩa, P.1, Q.Bình Thạnh, TP.HCM",81000000.0,383.7,street,6.0,6.0,8.0,211102.42,
13ZH96,"26 Lê Cảnh Tuân, P.Phú Thọ Hòa, Q.Tân Phú, TP.HCM",5500000.0,107.84,street,3.0,1.0,2.0,51001.48,
C47W0B,"Hoàng Xuân Nhị, P.Phú Trung, Q.Tân Phú, TP.HCM",12500000.0,147.75,street,4.0,3.0,4.0,84602.37,
92EA1P,"83 Tân Thới Hiệp 09, P.Tân Thới Hiệp, Q.12, TP.HCM",8600000.0,113.3,street,6.0,7.0,4.0,75904.68,
4R764F,"46B Phan Tây Hồ, P.7, Q.Phú Nhuận, TP.HCM",7900000.0,288.32,street,3.0,4.0,5.0,27400.11,
R9S3RJ,"189/10 Hoàng Hoa Thám, P.7, Q.Bình Thạnh, TP.HCM",17000000.0,178.57,street,5.0,4.0,2.0,95200.76,
SAP9X5,"34 Đ. Trần Quý Cáp, P.11, Q.Bình Thạnh, TP.HCM",23500000.0,2.5,street,3.0,6.0,4.0,9400000.0,
KEZWQC,"80 đường số 3, P.Linh Xuân, TP.Thủ Đức, TP.HCM",9200000.0,50.13,street,9.0,9.0,3.0,183522.84,
JPV750,"Trần Hữu Trang, P.11, Q.Phú Nhuận, TP.HCM",16900000.0,244.21,street,5.0,4.0,5.0,69202.74,
YKBYND,"Nguyễn Văn Công, P.3, Q.Gò Vấp, TP.HCM",10500000.0,242.83,street,2.0,3.0,2.0,43240.13,
7DD1GA,"24 Nguyễn Văn Lượng, P.6, Q.Gò Vấp, TP.HCM",11300000.0,244.58,street,3.0,3.0,4.0,46201.65,
88U03A,"M2 đường Cư Xá Phú Lâm A, P.12, Q.6, TP.HCM",14000000.0,183.42,street,2.0,1.0,2.0,76327.55,
DYYCHF,"188/1G Tân Hiệp 6, Xã Tân Hiệp, H.Hóc Môn, TP.HCM",6500000.0,89.04,street,5.0,6.0,5.0,73000.9,
G9EX2N,"348B Huỳnh Văn Bánh, P.13, Q.Phú Nhuận, TP.HCM",20900000.0,334.4,street,5.0,6.0,4.0,62500.0,
PRDTGA,"14P-14Q Quốc Hương, P.Thảo Điền, TP.Thủ Đức, TP.HCM",130000000.0,718.23,street,1.0,3.0,5.0,181000.52,
2J0HZN,"137 Tô Ngọc Vân, P.Linh Tây, TP.Thủ Đức, TP.HCM",55000000.0,412.6,street,1.0,1.0,2.0,133301.02,
EDDX4W,"Lê Văn Sỹ, P.1, Q.Tân Bình, TP.HCM",41000000.0,749.54,street,6.0,6.0,5.0,54700.22,
94MRPM,"131 đường số 43-CL, P.Cát Lái, TP.Thủ Đức, TP.HCM",20000000.0,0.12,street,5.0,6.0,5.0,166666666.67,
821T3A,"153A Đường Phan Đăng Lưu, P.1, Q.Phú Nhuận, TP.HCM",23000000.0,349.54,street,1.0,3.0,4.0,65800.77,
KT8FCJ,"đường số 19, P.Bình Hưng Hoà A, Q.Bình Tân, TP.HCM",7500000.0,109.97,street,2.0,2.0,2.0,68200.42,
SE8C5Y,"385 Lê Văn Thọ, P.9, Q.Gò Vấp, TP.HCM",12900000.0,344.91,street,2.0,3.0,2.0,37401.06,
EG8S74,"6C ấp Đình, đường số 74, Xã Tân Phú Trung, H.Củ Chi, TP.HCM",2790000.0,20.16,street,2.0,1.0,1.0,138392.86,
7DTB4A,"Đường Võ Thành Trang, P.11, Q.Tân Bình, TP.HCM",15300000.0,131.81,street,3.0,4.0,3.0,116076.17,
3SR1YQ,"26 Đông Lân 3 - Hưng Lân, Xã Bà Điểm, H.Hóc Môn, TP.HCM",5000000.0,46.77,street,2.0,2.0,2.0,106906.14,
W0GTUR,"Phan Văn Trị – 183A Nguyễn Du, P.7 (Phường Hạnh Thông mới), Q.Gò Vấp, TP.HCM",15000000.0,235.84,street,1.0,2.0,2.0,63602.44,
JMEB0D,"10 LÔ I Cư Xá Phú Lâm D, P.10, Q.6, TP.HCM",12400000.0,178.41,street,2.0,2.0,2.0,69502.83,
PVBZ0G,"149 đường số 1B - KDC Vĩnh Lộc, P.Bình Hưng Hoà A, Q.Bình Tân, TP.HCM",21500000.0,121.12,street,10.0,6.0,4.0,177509.91,
0XTQB9,"Lô N Cư Xá Phú Lâm D, P.10, Q.6, TP.HCM",16800000.0,172.66,street,4.0,3.0,5.0,97301.05,
0NNFZ9,"16 đường số 9 (Phượng Vỹ), P.Bình Chiểu, TP.Thủ Đức, TP.HCM",4600000.0,52.27,street,2.0,1.0,1.0,88004.59,
ABG9EY,"K13 đường D1, Khu dân cư Phú Mỹ, P.Phú Mỹ, Q.7, TP.HCM",15500000.0,140.9,street,3.0,4.0,4.0,110007.1,
JGBRQ0,"Đường Xô Viết Nghệ Tĩnh, P.26, Q.Bình Thạnh, TP.HCM",5550000.0,113.49,street,2.0,2.0,2.0,48902.99,
CFGVWB,"Tân Phú, khu Nam Thông 3 - S14, P.Tân Phú, Q.7, TP.HCM",38000000.0,351.85,street,10.0,11.0,5.0,108000.57,
3SBM4Q,"235/13 Đường Thích Quảng Đức, P.4, Q.Phú Nhuận, TP.HCM",14900000.0,201.35,street,9.0,4.0,5.0,74000.5,
JPTNV0,"160/34/13 Đường Phan Huy Ích, P.12, Q.Gò Vấp, TP.HCM",5950000.0,193.81,street,3.0,3.0,4.0,30700.17,
5EJ9B7,"Chung cư Nhiêu Lộc B, Khuông Việt, P.Phú Trung, Q.Tân Phú, TP.HCM",2490000.0,50.81,street,3.0,1.0,4.0,49006.1,
8YMDU3,"1G Cư Xá Phú Thọ Hòa - Lạc Long Quân, P.5, Q.11, TP.HCM",10400000.0,167.74,street,3.0,3.0,3.0,62000.72,
WZY0WR,"15 đường số 2, KDC Hương Lộ 5, P.An Lạc, Q.Bình Tân, TP.HCM",9500000.0,121.63,street,4.0,3.0,4.0,78105.73,
SY3PF5,"39-41 Đường Quốc Lộ 13 cũ, P.Hiệp Bình Phước, TP.Thủ Đức, TP.HCM",70000000.0,109.75,street,3.0,3.0,3.0,637813.21,
Q7FB9U,"163 ( số cũ 15B ) Đường Lê Văn Chí, P.Linh Trung, TP.Thủ Đức, TP.HCM",14000000.0,95.91,street,1.0,1.0,1.0,145970.18,
PT685G,"Thửa 557 tờ 36, 155A Khu phố 3, P.An Phú Đông, Q.12, TP.HCM",9800000.0,51.76,street,4.0,4.0,1.0,189335.39,
SAQ4A5,"3 đường số 4, Khu phố 4, P.Tam Phú, TP.Thủ Đức, TP.HCM",13500000.0,132.61,street,6.0,4.0,1.0,101802.28,
923ZMP,"đường 32C Cư Xá Phú Lâm D, P.10, Q.6, TP.HCM",11500000.0,165.94,street,5.0,6.0,4.0,69302.16,
671CH8,"Khu dân cư Tân Thuận, đường Gò Ô Môi, P.Phú Thuận, Q.7, TP.HCM",18900000.0,236.25,street,4.0,5.0,5.0,80000.0,
UAR0WS,"đường Huỳnh Thị Đừng ( đường cũ số 720 ), Xã Trung Lập Thượng, H.Củ Chi, TP.HCM",2300000.0,10.68,street,2.0,1.0,1.0,215355.81,
DB0DUH,"389/30E Tỉnh lộ 10, khu phố 7, P.An Lạc A, Q.Bình Tân, TP.HCM",8800000.0,112.38,street,6.0,6.0,5.0,78305.75,
SDDQ25,"23 đường 52, Khu nhà ở Công ty Đông Nam, P.Hiệp Bình Phước, TP.Thủ Đức, TP.HCM",37000000.0,229.95,street,4.0,4.0,6.0,160904.54,
J2F3F0,"93 Mậu Thân, P.Xuân Khánh, Q.Ninh Kiều, TP. Cần Thơ",27000000.0,205.16,street,3.0,3.0,3.0,131604.6,
CF3G6B,"Một phần nhà số 67 Đường Liên khu 2-10, P.Bình Hưng Hoà A, Q.Bình Tân, TP.HCM",5500000.0,64.4,street,1.0,1.0,2.0,85403.73,
WGPQFR,"đường B16, P.Hưng Phú, Q.Cái Răng, TP. Cần Thơ",7500000.0,92.59,street,5.0,4.0,3.0,81002.27,
40PADF,"399S Trần Nam Phú, P.An Khánh, Q.Ninh Kiều, TP. Cần Thơ",9990000.0,85.38,street,3.0,3.0,3.0,117006.32,
PTPBXG,"10 Hòa Minh 20, P.Hòa Minh, Q.Liên Chiểu, TP. Đà Nẵng",7550000.0,100.66,street,3.0,3.0,2.0,75004.97,
0Z1KE9,"30 Âu Cơ, P.Hòa Khánh Bắc, Q.Liên Chiểu, TP. Đà Nẵng",18000000.0,185.56,street,3.0,3.0,3.0,97003.66,
ACEE4Y,"Đ7 Khu Biệt Thự Sài Gòn Pearl - Số 92 Đường Nguyễn Hữu Cảnh, P.22, Q.Bình Thạnh, TP.HCM",300000000.0,840.33,street,3.0,5.0,5.0,357002.61,
SHDR75,"40A Trần Hoàng Na, P.Hưng Lợi, Q.Ninh Kiều, TP. Cần Thơ",11700000.0,109.04,street,5.0,3.0,2.0,107300.07,
8S8HM3,"Thửa 286 - Tờ 42, 39A Nguyễn Hiền, P.An Khánh, Q.Ninh Kiều, TP. Cần Thơ",8700000.0,108.75,street,1.0,1.0,1.0,80000.0,
85UZD3,"74A Đề Thám, P.Thới Bình, Q.Ninh Kiều, TP. Cần Thơ",5680000.0,216.79,street,2.0,3.0,3.0,26200.47,
RG02NJ,"32 Hòa Nam 4, P.Hòa An, Q.Cẩm Lệ, TP. Đà Nẵng",5500000.0,64.47,street,2.0,2.0,1.0,85311.0,
RGENUJ,"B1 Trần Văn Việt, P.Hưng Thạnh, Q.Cái Răng, TP. Cần Thơ",5900000.0,59.0,street,4.0,4.0,5.0,100000.0,
1QMC06,"320/4 Trần Ngọc Quế, P.Xuân Khánh, Q.Ninh Kiều, TP. Cần Thơ",9900000.0,133.96,street,3.0,2.0,2.0,73902.66,
7KD8NA,"135 Hà Huy Tập, P.Thanh Khê Đông, Q.Thanh Khê, TP. Đà Nẵng",13500000.0,180.0,street,3.0,3.0,3.0,75000.0,
65AN48,"Thửa 378 - Tờ 13 (138N3/20) Nguyễn Văn Cừ, P.An Khánh, Q.Ninh Kiều, TP. Cần Thơ",21000000.0,150.1,street,1.0,1.0,1.0,139906.73,
85UTH3,"151 Tiểu La, P.Hòa Cường Bắc, Q.Hải Châu, TP. Đà Nẵng",16000000.0,177.77,street,4.0,3.0,4.0,90003.94,
7HQSSA,"24 Phong Bắc 4, P.Hòa Thọ Đông, Q.Cẩm Lệ, TP. Đà Nẵng",6550000.0,52.82,street,4.0,3.0,3.0,124006.06,
8S14U3,"332 Điện Biên Phủ, P.Chính Gián, Q.Thanh Khê, TP. Đà Nẵng",9700000.0,147.19,street,1.0,1.0,2.0,65901.22,
375SMQ,"2 Cồn Đình, Xã Hòa Châu, H.Hòa Vang, TP. Đà Nẵng",7000000.0,67.24,street,3.0,3.0,2.0,104104.7,
PTPCNG,"69 Nguyễn Lai, P.Khuê Trung, Q.Cẩm Lệ, TP. Đà Nẵng",7950000.0,93.52,street,4.0,4.0,3.0,85008.55,
YCHESD,"36 đường số 2C, Khu dân cư Phú Mỹ - Công ty Dịch vụ Công ích Quận 4, P.Phú Mỹ, Q.7, TP.HCM",28600000.0,215.03,street,24.0,24.0,4.0,133004.7,
GXTKG2,"26 An Trung 6, P.An Hải Nam, Q.Sơn Trà, TP. Đà Nẵng",6200000.0,112.72,street,2.0,2.0,2.0,55003.55,
Q78FAU,"24 Trần Đình Nam, P.Hòa An, Q.Cẩm Lệ, TP. Đà Nẵng",18000000.0,101.86,street,6.0,3.0,2.0,176713.14,
AC359Y,"Thửa 238 - tờ 15 Thôn Dương Nỗ Tây, P.Dương Nỗ, Q.Thuận Hóa, TP. Huế",1300000.0,13.0,street,1.0,2.0,1.0,100000.0,
EJKGH4,"18-NO5 Khu đô thị mới Sài Đồng, P.Phúc Đồng, Q.Long Biên, TP. Hà Nội",81000000.0,267.5,street,1.0,1.0,1.0,302803.74,
J29X50,"385 Phan Khôi, P.Hòa Xuân, Q.Cẩm Lệ, TP. Đà Nẵng",6300000.0,50.0,street,4.0,2.0,2.0,126000.0,
JGFVK0,"20 Bàu Cầu 28, Xã Hòa Châu, H.Hòa Vang, TP. Đà Nẵng",5690000.0,56.9,street,4.0,3.0,3.0,100000.0,
JZNH40,"24 Tôn Thất Đạm, P.Xuân Hà, Q.Thanh Khê, TP. Đà Nẵng",16800000.0,186.66,street,17.0,17.0,7.0,90003.21,
J22GV0,"74 Đống Đa, P.Thuận Phước, Q.Hải Châu, TP. Đà Nẵng",16700000.0,233.56,street,4.0,5.0,4.0,71501.97,
DEK4JH,"65 Lê Chân, P.An Hải Bắc, Q.Sơn Trà, TP. Đà Nẵng",7900000.0,114.49,street,3.0,2.0,3.0,69001.66,
EJ0014,"40 Lê Thiệt, P.Hòa Minh, Q.Liên Chiểu, TP. Đà Nẵng",7650000.0,106.25,street,3.0,4.0,3.0,72000.0,
3775MQ,"81 Vũ Đình Liên, P.Hòa Xuân, Q.Cẩm Lệ, TP. Đà Nẵng",12000000.0,120.0,street,11.0,11.0,5.0,100000.0,
854Z63,"305 Yên Thế, P.Hòa An, Q.Cẩm Lệ, TP. Đà Nẵng",16000000.0,123.07,street,10.0,10.0,7.0,130007.31,
7KHVGA,"12 Xuân Hòa 2, P.Xuân Hà, Q.Thanh Khê, TP. Đà Nẵng",7050000.0,120.51,street,3.0,3.0,3.0,58501.37,
7KHDMA,"19 Đào Trí, P.Hòa Cường Nam, Q.Hải Châu, TP. Đà Nẵng",7850000.0,104.66,street,2.0,2.0,2.0,75004.78,
J29BG0,"38 Tế Hanh, P.Hòa Xuân, Q.Cẩm Lệ, TP. Đà Nẵng",7900000.0,68.69,street,4.0,3.0,3.0,115009.46,
9ZJMFP,"212 Thái Thị Bôi, P.Chính Gián, Q.Thanh Khê, TP. Đà Nẵng",7950000.0,79.89,street,2.0,2.0,2.0,99511.83,
8S6R53,"94 Nguyễn Huy Tự, P.Hòa Minh, Q.Liên Chiểu, TP. Đà Nẵng",7950000.0,110.41,street,3.0,3.0,3.0,72004.35,
3A6BFQ,"đường Trần Nhân Tông, P.Đồng Hoà, Q.Kiến An, TP. Hải Phòng",6550000.0,111.96,street,3.0,3.0,3.0,58503.04,
WGPNYR,"23 Nguyễn Huy Tự, P.Hòa Minh, Q.Liên Chiểu, TP. Đà Nẵng",6950000.0,91.44,street,3.0,3.0,3.0,76006.12,
QA7C1U,"90 Lê Sao, P.Hòa Minh, Q.Liên Chiểu, TP. Đà Nẵng",4900000.0,54.08,street,2.0,2.0,2.0,90606.51,
SDAV95,"155 Lư Giang, P.Hòa Xuân, Q.Cẩm Lệ, TP. Đà Nẵng",15500000.0,124.0,street,15.0,15.0,7.0,125000.0,
GX3W92,"27 An Trung 7, P.An Hải Nam, Q.Sơn Trà, TP. Đà Nẵng",7000000.0,127.27,street,2.0,2.0,2.0,55001.18,
YBQ1VD,"134 Vũ Quỳnh, P.Thanh Khê Tây, Q.Thanh Khê, TP. Đà Nẵng",7100000.0,94.66,street,3.0,2.0,2.0,75005.28,
J22670,"16 Hà Kỳ Ngộ, P.Mân Thái, Q.Sơn Trà, TP. Đà Nẵng",70000000.0,378.37,street,40.0,40.0,12.0,185004.1,
5HHBH7,"16 Bùi Vịnh, P.Hòa Thọ Đông, Q.Cẩm Lệ, TP. Đà Nẵng",13500000.0,126.64,street,10.0,10.0,4.0,106601.39,
7KHDQA,"74 Trần Quốc Toản, P.Hải Châu, Q.Hải Châu, TP. Đà Nẵng",28000000.0,241.17,street,3.0,4.0,4.0,116100.68,
GNGMH2,"475 Mẹ Thứ, Xã Hòa Châu, H.Hòa Vang, TP. Đà Nẵng",10500000.0,85.57,street,2.0,2.0,2.0,122706.56,
RGC1DJ,"5 Nguyễn Chích, P.Hòa Minh, Q.Liên Chiểu, TP. Đà Nẵng",8500000.0,103.03,street,3.0,4.0,3.0,82500.24,
9TZ50P,"30 Khánh An 11, P.Hòa Khánh Nam, Q.Liên Chiểu, TP. Đà Nẵng",7600000.0,50.66,street,4.0,4.0,3.0,150019.74,
W9FU9R,"248 Nguyễn Hoàng, P.Thạc Gián, Q.Thanh Khê, TP. Đà Nẵng",6400000.0,143.17,street,3.0,2.0,2.0,44702.1,
1UQC46,"104 Thái Phiên, P.Phước Ninh, Q.Hải Châu, TP. Đà Nẵng",15500000.0,235.2,street,4.0,6.0,5.0,65901.36,
9TGW3P,"Lô 53 - 55 Hòa An 19, P.Hòa An, Q.Cẩm Lệ, TP. Đà Nẵng",13500000.0,67.5,street,8.0,4.0,3.0,200000.0,
7H74KA,"Lô 11-B2.19 Vùng Trung 6, P.Hoà Hải, Q.Ngũ Hành Sơn, TP. Đà Nẵng",5750000.0,52.27,street,2.0,1.0,2.0,110005.74,
375KUQ,"14 Nguyễn Thị Định, P.An Hải Bắc, Q.Sơn Trà, TP. Đà Nẵng",17000000.0,187.22,street,4.0,4.0,4.0,90802.26,
Q78C2U,"Tổ 123, 109 Lê Văn Thịnh, P.Hòa Minh, Q.Liên Chiểu, TP. Đà Nẵng",8500000.0,113.33,street,3.0,3.0,3.0,75002.21,
37R06Q,"4 An Hải 14, P.An Hải Bắc, Q.Sơn Trà, TP. Đà Nẵng",7500000.0,144.23,street,3.0,4.0,3.0,52000.28,
1UYJF6,"19 Cẩm Bắc 2, P.Hòa Thọ Đông, Q.Cẩm Lệ, TP. Đà Nẵng",10000000.0,62.5,street,4.0,3.0,2.0,160000.0,
SD06H5,"27 Trần Tấn, P.Hòa Hiệp Nam, Q.Liên Chiểu, TP. Đà Nẵng",5900000.0,67.58,street,1.0,1.0,1.0,87303.94,
UY5MZS,"77 Phan Văn Đạt, P.Hòa Khánh Bắc, Q.Liên Chiểu, TP. Đà Nẵng",8500000.0,82.76,street,5.0,4.0,3.0,102706.62,
EJVZT4,"106 Phan Khoang, P.Hòa An, Q.Cẩm Lệ, TP. Đà Nẵng",6200000.0,62.0,street,3.0,3.0,2.0,100000.0,
40CRVF,"26 Thanh Lương 5, P.Hòa Xuân, Q.Cẩm Lệ, TP. Đà Nẵng",7000000.0,71.79,street,3.0,3.0,3.0,97506.62,
GX6FP2,"188 Nguyễn Xí, P.Hòa Minh, Q.Liên Chiểu, TP. Đà Nẵng",9700000.0,97.0,street,5.0,4.0,4.0,100000.0,
85H063,"39 Lê Lai, P.Xuân Khánh, Q.Ninh Kiều, TP. Cần Thơ",8600000.0,111.28,street,4.0,2.0,2.0,77282.53,
2MVBXZ,"90 Mai Lão Bạng, P.Thuận Phước, Q.Hải Châu, TP. Đà Nẵng",13000000.0,101.88,street,6.0,6.0,3.0,127601.1,
GXXUB2,"34 Hòa Minh 3, P.Hòa Minh, Q.Liên Chiểu, TP. Đà Nẵng",5360000.0,67.0,street,4.0,1.0,2.0,80000.0,
KF4Q6C,"65 Võ Duy Ninh, P.Thọ Quang, Q.Sơn Trà, TP. Đà Nẵng",11500000.0,129.35,street,6.0,4.0,2.0,88906.07,
ACB7HY,"24 Bình An 7, P.Hòa Cường Bắc, Q.Hải Châu, TP. Đà Nẵng",10800000.0,112.03,street,7.0,7.0,3.0,96402.75,
QYAHMU,"17 Dương Đức Hiền, P.Hòa Minh, Q.Liên Chiểu, TP. Đà Nẵng",7100000.0,98.61,street,4.0,3.0,3.0,72000.81,
8556F3,"37 Nguyễn Thị Thập, P.Hòa Minh, Q.Liên Chiểu, TP. Đà Nẵng",6780000.0,90.4,street,2.0,1.0,2.0,75000.0,
RGYURJ,"41 Nguyễn Thiện Thuật, P.Thuận Hòa, Q.Phú Xuân, TP. Huế",7800000.0,50.0,street,3.0,3.0,2.0,156000.0,
UYJ1BS,"99 An Hải 6, P.An Hải Bắc, Q.Sơn Trà, TP. Đà Nẵng",12500000.0,125.0,street,4.0,3.0,3.0,100000.0,
40A14F,"111 Âu Cơ, P.Hòa Khánh Bắc, Q.Liên Chiểu, TP. Đà Nẵng",14500000.0,99.65,street,4.0,2.0,3.0,145509.28,
9T3BJP,"3 Dương Văn An, P.Mân Thái, Q.Sơn Trà, TP. Đà Nẵng",7450000.0,85.24,street,3.0,2.0,2.0,87400.28,
1U89T6,"133 đường 2/9, P.Hòa Cường Nam, Q.Hải Châu, TP. Đà Nẵng",7100000.0,100.42,street,2.0,1.0,1.0,70703.05,
RG55GJ,"203 Cù Chính Lan, P.An Khê, Q.Thanh Khê, TP. Đà Nẵng",16000000.0,80.64,street,3.0,2.0,2.0,198412.7,
0ZH0K9,"1411 Nguyễn Tất Thành, P.Phú Bài, TX.Hương Thủy, TP. Huế",14000000.0,34.72,street,6.0,5.0,2.0,403225.81,
6SWH08,"66 Hàm Nghi, P.Thạc Gián, Q.Thanh Khê, TP. Đà Nẵng",24500000.0,257.89,street,3.0,3.0,3.0,95001.74,
KFTSGC,"136 Phan Khôi, P.Hòa Xuân, Q.Cẩm Lệ, TP. Đà Nẵng",6350000.0,63.5,street,3.0,2.0,2.0,100000.0,
DE4PPH,"17 Cao Xuân Huy, P.Khuê Trung, Q.Cẩm Lệ, TP. Đà Nẵng",10800000.0,138.63,street,5.0,4.0,3.0,77905.22,
ACKZMY,"17 Bàu Làng 2, P.Xuân Hà, Q.Thanh Khê, TP. Đà Nẵng",9850000.0,144.85,street,4.0,3.0,3.0,68001.38,
5H9N47,"120 Thanh Thủy, P.Thanh Bình, Q.Hải Châu, TP. Đà Nẵng",17500000.0,93.48,street,4.0,4.0,4.0,187205.82,
7KWB6A,"46 Trần Hoàng Na, P.An Bình, Q.Ninh Kiều, TP. Cần Thơ",10000000.0,108.34,street,3.0,3.0,3.0,92302.01,
RGT7UJ,"159 Hàn Thuyên, P.Hòa Cường Bắc, Q.Hải Châu, TP. Đà Nẵng",9800000.0,128.1,street,7.0,4.0,4.0,76502.73,
85QDM3,"46 An Thượng 18, P.Mỹ An, Q.Ngũ Hành Sơn, TP. Đà Nẵng",11500000.0,188.21,street,3.0,2.0,4.0,61101.96,
PNAW4G,"118 Nhân Hòa 8, P.Hòa Xuân, Q.Cẩm Lệ, TP. Đà Nẵng",5050000.0,50.5,street,1.0,1.0,1.0,100000.0,
CW48MB,"15 Vũ Đình Long, P.Thọ Quang, Q.Sơn Trà, TP. Đà Nẵng",9850000.0,131.33,street,3.0,2.0,2.0,75001.9,
2MTRSZ,"722 Tôn Đức Thắng, P.Hòa Minh, Q.Liên Chiểu, TP. Đà Nẵng",6850000.0,104.02,street,2.0,1.0,2.0,65852.72,
ACK9ZY,"86 Đoàn Hữu Trưng, P.Hòa An, Q.Cẩm Lệ, TP. Đà Nẵng",6700000.0,62.79,street,4.0,4.0,3.0,106704.89,
YBPC2D,"15G Hà Huy Tập, P.Xuân Hà, Q.Thanh Khê, TP. Đà Nẵng",17000000.0,162.67,street,4.0,4.0,4.0,104506.06,
E0J2S4,"Hòa Minh 21, P.Hòa Minh, Q.Liên Chiểu, TP. Đà Nẵng",7900000.0,105.33,street,3.0,3.0,3.0,75002.37,
85RZM3,"182 Phạm Tứ, P.Khuê Trung, Q.Cẩm Lệ, TP. Đà Nẵng",12500000.0,117.48,street,4.0,2.0,2.0,106401.09,
SDMTX5,"8B Nguyễn Văn Lưu, P.Hưng Thạnh, Q.Cái Răng, TP. Cần Thơ",20000000.0,97.56,street,7.0,7.0,3.0,205002.05,
RG8K3J,"43 Bàu Năng 3, P.Hòa Minh, Q.Liên Chiểu, TP. Đà Nẵng",17000000.0,101.25,street,4.0,4.0,3.0,167901.23,
QA47SU,"22 Lê Duẩn, P.Hải Châu, Q.Hải Châu, TP. Đà Nẵng",16900000.0,320.68,street,3.0,3.0,3.0,52700.51,
6SU1P8,"66 Bàu Năng 1, P.Hòa Minh, Q.Liên Chiểu, TP. Đà Nẵng",6900000.0,82.63,street,3.0,2.0,3.0,83504.78,
QA56AU,"600 Nguyễn Hữu Thọ, P.Khuê Trung, Q.Cẩm Lệ, TP. Đà Nẵng",21500000.0,186.95,street,10.0,10.0,4.0,115004.01,
GXZEN2,"53 Trần Việt Châu, P.An Hòa, Q.Ninh Kiều, TP. Cần Thơ",11900000.0,127.0,street,1.0,1.0,1.0,93700.79,
5HTW87,"445 Hải Phòng, P.Chính Gián, Q.Thanh Khê, TP. Đà Nẵng",7750000.0,250.0,street,3.0,3.0,4.0,31000.0,
YBZ0MD,"20 An Cư 4, P.An Hải Bắc, Q.Sơn Trà, TP. Đà Nẵng",13500000.0,200.0,street,4.0,3.0,5.0,67500.0,
1UQYK6,"33 Trần Văn Trà, P.Hòa Xuân, Q.Cẩm Lệ, TP. Đà Nẵng",8600000.0,68.8,street,2.0,2.0,3.0,125000.0,
EJFYG4,"18 Đoàn Hữu Trưng, P.Hòa An, Q.Cẩm Lệ, TP. Đà Nẵng",8100000.0,68.93,street,1.0,1.0,3.0,117510.52,
Q78XJU,"39C Lê Vĩnh Huy, P.Hòa Cường Bắc, Q.Hải Châu, TP. Đà Nẵng",8600000.0,167.96,street,3.0,3.0,3.0,51202.67,
7KDU2A,"59 Trần Văn Thành, P.Mỹ An, Q.Ngũ Hành Sơn, TP. Đà Nẵng",10000000.0,201.2,street,4.0,4.0,4.0,49701.79,
EJUQV4,"47 Đặng Văn Ngữ, P.Kim Liên, Q.Đống Đa, TP. Hà Nội",36000000.0,897.75,street,6.0,5.0,7.0,40100.25,
5HRD17,"96 Hoàng Hoa Thám, P.Thạc Gián, Q.Thanh Khê, TP. Đà Nẵng",28000000.0,154.44,street,5.0,5.0,5.0,181300.18,
6SW978,"23 Trường Thi 2, P.Hòa Thuận Tây, Q.Hải Châu, TP. Đà Nẵng",22000000.0,221.77,street,25.0,25.0,7.0,99201.88,
SDJ3B5,"23 Phước Trường 8, P.Phước Mỹ, Q.Sơn Trà, TP. Đà Nẵng",28000000.0,302.7,street,12.0,12.0,7.0,92500.83,
6SUA18,"14 Dương Đức Hiền, P.Hòa Minh, Q.Liên Chiểu, TP. Đà Nẵng",8289999.999999999,115.13,street,4.0,4.0,3.0,72005.56,
DEZPCH,"48 Tiên Sơn 7, P.Hòa Cường Nam, Q.Hải Châu, TP. Đà Nẵng",25000000.0,250.0,street,26.0,26.0,8.0,100000.0,
6S00N8,"283 Trường Chinh, P.An Khê, Q.Thanh Khê, TP. Đà Nẵng",14500000.0,145.0,street,16.0,16.0,5.0,100000.0,
EJJGQ4,"59 Trần Đức Thông, P.Phước Mỹ, Q.Sơn Trà, TP. Đà Nẵng",13200000.0,165.0,street,1.0,1.0,1.0,80000.0,
40RT6F,"23 Mai Chí Thọ, P.Hòa Xuân, Q.Cẩm Lệ, TP. Đà Nẵng",10500000.0,98.4,street,3.0,4.0,3.0,106707.32,
850TT3,"52 Nguyễn Chí Thanh, P.Hải Châu, Q.Hải Châu, TP. Đà Nẵng",10000000.0,280.89,street,3.0,3.0,3.0,35601.12,
0Z2SE9,"110 Thanh Vinh 4, P.Hòa Khánh Bắc, Q.Liên Chiểu, TP. Đà Nẵng",5500000.0,28.06,street,10.0,10.0,1.0,196008.55,
YBH1PD,"34 Bàu Hạc 1, P.Thạc Gián, Q.Thanh Khê, TP. Đà Nẵng",7900000.0,123.24,street,3.0,1.0,2.0,64102.56,
0ZPAJ9,"15 Mỹ An 22, P.Mỹ An, Q.Ngũ Hành Sơn, TP. Đà Nẵng",9800000.0,106.98,street,3.0,3.0,1.0,91605.91,
9TB8NP,"84 Ngọc Hồi, P.Hòa Minh, Q.Liên Chiểu, TP. Đà Nẵng",6100000.0,84.13,street,2.0,1.0,2.0,72506.83,
85BEG3,"40 Nguyễn Du, P.Thạch Thang, Q.Hải Châu, TP. Đà Nẵng",28500000.0,291.11,street,4.0,7.0,8.0,97901.14,
UYHMQS,"607-609 29 tháng 3, P.Hòa Xuân, Q.Cẩm Lệ, TP. Đà Nẵng",18000000.0,87.37,street,1.0,1.0,3.0,206020.37,
RGN8MJ,"Thửa 1141 - Tờ 145 La Bông 2, Xã Hòa Tiến, H.Hòa Vang, TP. Đà Nẵng",4750000.0,33.92,street,3.0,2.0,3.0,140035.38,
6S7U28,"110 Lương Khánh Thiện, P.Hòa Minh, Q.Liên Chiểu, TP. Đà Nẵng",6650000.0,95.0,street,4.0,2.0,3.0,70000.0,
KFF4KC,"64 Nguyễn Đức Thiệu, P.Hòa Thọ Đông, Q.Cẩm Lệ, TP. Đà Nẵng",7350000.0,71.01,street,2.0,3.0,2.0,103506.55,
KFB5SC,"53 An Thượng 16, P.Mỹ An, Q.Ngũ Hành Sơn, TP. Đà Nẵng",12100000.0,204.73,street,4.0,4.0,4.0,59102.23,
SDWHP5,"1059 Ngô Quyền, P.An Hải Nam, Q.Sơn Trà, TP. Đà Nẵng",11500000.0,165.94,street,4.0,3.0,4.0,69302.16,
7KEUJA,"47 Lê Thiệt, P.Hòa Minh, Q.Liên Chiểu, TP. Đà Nẵng",8650000.0,1.23,street,4.0,4.0,3.0,7032520.33,
7KKE7A,"66 Vùng Trung 18, P.Hoà Hải, Q.Ngũ Hành Sơn, TP. Đà Nẵng",7500000.0,70.55,street,6.0,4.0,4.0,106307.58,
40WSKF,"72 Hoàng Xuân Nhị, P.Hòa Cường Nam, Q.Hải Châu, TP. Đà Nẵng",19500000.0,166.66,street,5.0,5.0,3.0,117004.68,
QAB00U,"231 Đống Đa, P.Thạch Thang, Q.Hải Châu, TP. Đà Nẵng",13900000.0,286.0,street,2.0,2.0,2.0,48601.4,
5HDGG7,"161 Nguyễn Quang Lâm, P.Hòa Xuân, Q.Cẩm Lệ, TP. Đà Nẵng",5800000.0,58.88,street,1.0,1.0,1.0,98505.43,
CW2FUB,"377 Hải Phòng, P.Chính Gián, Q.Thanh Khê, TP. Đà Nẵng",11500000.0,220.3,street,3.0,4.0,3.0,52201.54,
7KBH8A,"49 Lê Văn Sỹ, P.Hòa Minh, Q.Liên Chiểu, TP. Đà Nẵng",6700000.0,95.71,street,3.0,2.0,3.0,70003.13,
CWPSTB,"8 Nguyễn Hữu Thận, P.An Khê, Q.Thanh Khê, TP. Đà Nẵng",6250000.0,80.12,street,3.0,2.0,2.0,78007.99,
6S4TB8,"41 Lý Đạo Thành, P.Mân Thái, Q.Sơn Trà, TP. Đà Nẵng",11800000.0,118.0,street,5.0,3.0,3.0,100000.0,
SDPYW5,"146 Đặng Huy Tá, P.Hòa Minh, Q.Liên Chiểu, TP. Đà Nẵng",7500000.0,106.68,street,3.0,4.0,3.0,70303.71,
UYTEPS,"91 Đường 3 Tháng 2, P.Thuận Phước, Q.Hải Châu, TP. Đà Nẵng",25000000.0,165.56,street,5.0,3.0,3.0,151002.66,
CWJNJB,"56 Đặng Văn Ngữ, P.Khuê Trung, Q.Cẩm Lệ, TP. Đà Nẵng",11500000.0,152.31,street,4.0,3.0,3.0,75503.91,
UYT9KS,"202 Ngô Gia Tự, P.Đức Giang, Q.Long Biên, TP. Hà Nội",16800000.0,366.01,street,4.0,4.0,5.0,45900.39,
J2XKE0,"Lô 856 Trung Lập 11, P.Hòa Hiệp Nam, Q.Liên Chiểu, TP. Đà Nẵng",5800000.0,46.4,street,5.0,4.0,3.0,125000.0,
7K4D2A,"111 Lê Văn Thịnh, P.Hòa Minh, Q.Liên Chiểu, TP. Đà Nẵng",7700000.0,102.66,street,3.0,4.0,3.0,75004.87,
SDP8D5,"2 Bàu Năng 1, P.Thanh Khê Tây, Q.Thanh Khê, TP. Đà Nẵng",6850000.0,78.28,street,3.0,3.0,3.0,87506.39,
WPX9XR,"155 Trần Cao Vân, P.Xuân Hà, Q.Thanh Khê, TP. Đà Nẵng",19500000.0,152.22,street,3.0,3.0,3.0,128104.06,
WPZK9R,"18 Nhân Hòa 5, P.Hòa Xuân, Q.Cẩm Lệ, TP. Đà Nẵng",4550000.0,45.5,street,1.0,1.0,1.0,100000.0,
GX7862,"9 Đức Lợi 2, P.Thuận Phước, Q.Hải Châu, TP. Đà Nẵng",13500000.0,135.27,street,3.0,3.0,3.0,99800.4,
DE4SSH,"197 Nguyễn Đình Tứ, P.Hòa Minh, Q.Liên Chiểu, TP. Đà Nẵng",6290000.0,65.18,street,1.0,1.0,1.0,96501.99,
J2NW90,"33 Lê Văn Sỹ, P.Hòa Minh, Q.Liên Chiểu, TP. Đà Nẵng",6850000.0,97.85,street,3.0,2.0,3.0,70005.11,
37YYVQ,"7 Phú Lộc 20, P.Hòa Minh, Q.Liên Chiểu, TP. Đà Nẵng",7900000.0,92.39,street,4.0,4.0,3.0,85507.09,
UYVM4S,"158 Nguyễn Đình Tựu, P.An Khê, Q.Thanh Khê, TP. Đà Nẵng",15500000.0,124.0,street,4.0,4.0,4.0,125000.0,
ACRHAY,"Lô 27 Phân Khu B2.1b Hòa Minh 19, P.Hòa Minh, Q.Liên Chiểu, TP. Đà Nẵng",7450000.0,82.77,street,3.0,3.0,2.0,90008.46,
37TG1Q,"61 Phú Lộc 22, P.Thanh Khê Tây, Q.Thanh Khê, TP. Đà Nẵng",18500000.0,169.88,street,11.0,11.0,7.0,108900.4,
KFP7MC,"27 Nguyễn Phước Nguyên, P.An Khê, Q.Thanh Khê, TP. Đà Nẵng",8500000.0,89.28,street,4.0,2.0,3.0,95206.09,
UYN4PS,"112 Phan Văn Đạt, P.Hòa Khánh Bắc, Q.Liên Chiểu, TP. Đà Nẵng",5800000.0,42.61,street,2.0,1.0,2.0,136118.28,
37Y2BQ,"19 Thanh Vinh 8, P.Hòa Khánh Bắc, Q.Liên Chiểu, TP. Đà Nẵng",6400000.0,36.57,street,15.0,15.0,2.0,175006.84,
AC455Y,"Lô 40 Khu E Nguyễn Sinh Sắc, P.Hòa Minh, Q.Liên Chiểu, TP. Đà Nẵng",26850000.0,196.84,street,4.0,4.0,5.0,136405.2,
UYCW9S,"160 Quách Thị Trang, P.Hòa Xuân, Q.Cẩm Lệ, TP. Đà Nẵng",8900000.0,89.0,street,3.0,3.0,3.0,100000.0,
YEBZED,"Khu vực 2, đường Trần Nam Phú, P.An Khánh, Q.Ninh Kiều, TP. Cần Thơ",8500000.0,67.03,street,1.0,1.0,1.0,126808.89,
R22WWJ,"64 Tôn Thất Thiệp, P.Mỹ An, Q.Ngũ Hành Sơn, TP. Đà Nẵng",15000000.0,135.37,street,6.0,5.0,3.0,110807.42,
YEFXED,"Thửa 139 - Tờ 134 Cầu Đỏ - Túy Loan, Xã Hòa Nhơn, H.Hòa Vang, TP. Đà Nẵng",9250000.0,79.6,street,16.0,16.0,4.0,116206.03,
5HRUZ7,"23 Phước Lý 15, P.Hòa Minh, Q.Liên Chiểu, TP. Đà Nẵng",6100000.0,61.0,street,3.0,3.0,3.0,100000.0,
0Z2DJ9,"61 Lê Văn Tâm, P.Khuê Mỹ, Q.Ngũ Hành Sơn, TP. Đà Nẵng",8300000.000000001,92.22,street,2.0,2.0,3.0,90002.17,
SD41C5,"33 An Bắc 4, P.Khuê Mỹ, Q.Ngũ Hành Sơn, TP. Đà Nẵng",7700000.0,64.16,street,2.0,1.0,1.0,120012.47,
WPXAER,"45 Đào Nguyên Phổ, P.Thanh Khê Đông, Q.Thanh Khê, TP. Đà Nẵng",7750000.0,110.71,street,5.0,3.0,3.0,70002.71,
5HA447,"D5 đường số 3, KDC NTS, P.Phú Thứ, Q.Cái Răng, TP. Cần Thơ",9200000.0,38.33,street,2.0,2.0,2.0,240020.87,
CWNDTB,"486 Ông Ích Khiêm, P.Hải Châu, Q.Hải Châu, TP. Đà Nẵng",75000000.0,215.18,street,10.0,10.0,4.0,348545.4,
6SH958,"1 Bàu Vàng 5, P.Hòa Khánh Bắc, Q.Liên Chiểu, TP. Đà Nẵng",5850000.0,58.5,street,3.0,2.0,2.0,100000.0,
7K1UYA,"7-A2, Khu nhà ở xã Tân Lập - Cienco 5 Hoàng Quốc Việt, Xã Tân Lập, H.Đan Phượng, TP. Hà Nội",29900000.0,138.42,street,8.0,5.0,3.0,216009.25,
DE6TDH,"32C Đàm Quang Trung, P.Long Biên, Q.Long Biên, TP. Hà Nội",23800000.0,453.33,street,4.0,5.0,7.0,52500.39,
SDF4X5,"439 Kinh Dương Vương, P.Hòa Minh, Q.Liên Chiểu, TP. Đà Nẵng",22500000.0,83.33,street,5.0,5.0,3.0,270010.8,
6SHTR8,"75 Nước Mặn 2, P.Khuê Mỹ, Q.Ngũ Hành Sơn, TP. Đà Nẵng",8000000.0,84.21,street,3.0,3.0,3.0,95000.59,
UY0CYS,"105 Phạm Quang Ảnh, P.An Hải Nam, Q.Sơn Trà, TP. Đà Nẵng",18500000.0,142.08,street,6.0,8.0,4.0,130208.33,
QAB3BU,"769H Nguyễn Lương Bằng, P.Hòa Hiệp Nam, Q.Liên Chiểu, TP. Đà Nẵng",7900000.0,57.49,street,3.0,3.0,3.0,137415.2,
PN8ACG,"228 Nguyễn Đình Chiểu, P.Khuê Mỹ, Q.Ngũ Hành Sơn, TP. Đà Nẵng",11990000.0,94.25,street,7.0,7.0,5.0,127214.85,
2X0GEZ,"189 Lê Văn Hiến, P.Khuê Mỹ, Q.Ngũ Hành Sơn, TP. Đà Nẵng",10500000.0,143.83,street,3.0,3.0,3.0,73002.85,
RGVEAJ,"19 Cô Bắc, P.Hải Châu, Q.Hải Châu, TP. Đà Nẵng",13300000.0,153.75,street,3.0,3.0,3.0,86504.07,
6SYB68,"2 Nguyễn Thức Tự, P.Hoà Hải, Q.Ngũ Hành Sơn, TP. Đà Nẵng",19500000.0,202.07,street,26.0,26.0,7.0,96501.21,
WPN9MR,"185 Châu Thị Vĩnh Tế, P.Mỹ An, Q.Ngũ Hành Sơn, TP. Đà Nẵng",25000000.0,207.46,street,3.0,3.0,3.0,120505.16,
5H91J7,"10 Ngô Thế Vinh, P.Hòa Thuận Tây, Q.Hải Châu, TP. Đà Nẵng",10900000.0,109.0,street,4.0,4.0,3.0,100000.0,
85BY43,"167 Nguyễn Đình Chiểu, P.Khuê Mỹ, Q.Ngũ Hành Sơn, TP. Đà Nẵng",7500000.0,71.42,street,2.0,1.0,2.0,105012.6,
EJQ6X4,"170 Võ Như Hưng, P.Mỹ An, Q.Ngũ Hành Sơn, TP. Đà Nẵng",12200000.0,152.5,street,4.0,4.0,3.0,80000.0,
6SMAB8,"đường số 6, Khu đô thị mới huyện Thới Lai, TT.Thới Lai, H.Thới Lai, TP. Cần Thơ",6200000.0,41.22,street,3.0,3.0,3.0,150412.42,
QY59VU,"Lô C235 đường số 4C, Khu đô thị mới Mỹ Thượng, Xã Phú Mỹ, H.Phú Vang, TP. Huế",4700000.0,44.76,street,4.0,1.0,3.0,105004.47,
40NASF,"289 Nguyễn Duy Trinh, P.Hoà Hải, Q.Ngũ Hành Sơn, TP. Đà Nẵng",11500000.0,65.78,street,3.0,2.0,2.0,174825.17,
R2G83J,"Rạch Lòng Ống, Khu vực Phú Khánh, P.Phú Thứ, Q.Cái Răng, TP. Cần Thơ",1540000.0,12.82,street,3.0,1.0,1.0,120124.8,
QYY48U,"Lô B53 đường số 3C, Khu đô thị Mỹ Thượng, Xã Phú Mỹ, H.Phú Vang, TP. Huế",4700000.0,44.76,street,4.0,4.0,3.0,105004.47,
UYNC3S,"GH106 Lô tái định cư N4, Khu Tái định cư Hồ Đá, P.Sở Dầu, Q.Hồng Bàng, TP. Hải Phòng",5950000.0,99.83,street,4.0,3.0,4.0,59601.32,
0ZGWX9,"Lô 10 khu B2-120 Khu đô thị công nghệ FPT, P.Hoà Hải, Q.Ngũ Hành Sơn, TP. Đà Nẵng",9300000.0,91.17,street,9.0,9.0,3.0,102007.24,
QHMA7U,"Thửa 2296 - tờ 47 đường N17, P.Thới Hòa, TP.Bến Cát, Bình Dương",5500000.0,18.33,street,10.0,10.0,2.0,300054.56,
RGZECJ,"79 (Thửa 432 - Tờ 34) Quốc Lộ 13, Xã Lai Hưng, H.Bàu Bàng, Bình Dương",16790000.0,12.6,street,1.0,1.0,1.0,1332539.68,
YWCZRD,"Trần Đại Nghĩa, P.Đông Hòa, TP.Dĩ An, Bình Dương",8199999.999999999,59.85,street,4.0,4.0,3.0,137009.19,
7CH7NA,"Thửa 127 - Tờ 76 Nguyễn Thanh Tâm, TT.Cần Giuộc, H.Cần Giuộc, Long An",970.0,20.63,street,1.0,1.0,1.0,47.02,
42NJ0F,"106 đường N1, P.Tân Đông Hiệp, TP.Dĩ An, Bình Dương",4300000.0,71.66,street,3.0,4.0,3.0,60005.58,
285VYZ,"120 Cát tường phú sinh, Xã Đức Lập Hạ, H.Đức Hòa, Long An",1790000.0,30.44,street,3.0,3.0,2.0,58804.2,
285VYZ,"120 Cát tường phú sinh, Xã Đức Lập Hạ, H.Đức Hòa, Long An",1790000.0,30.44,street,3.0,3.0,2.0,58804.2,
7ER79A,"Thửa 1050 - tờ 278 đường D1, P.An Phú, TP.Thuận An, Bình Dương",5500000.0,83.58,street,3.0,3.0,3.0,65805.22,
7HT9VA,"Thửa 1161 tờ 102, Khu nhà ở An Phú, P.An Phú, TP.Thuận An, Bình Dương",7500000.0,68.18,street,4.0,4.0,4.0,110002.93,
QYC7YU,"49 đường DX043, P.Phú Mỹ, TP.Thủ Dầu Một, Bình Dương",4150000.000000001,51.1,street,3.0,4.0,2.0,81213.31,
6SVR48,"3A Trần Bình Trọng, P.Tân Tiến, TP.Nha Trang, Khánh Hòa",14500000.0,164.58,street,2.0,1.0,2.0,88103.05,
5H4D37,"95 đường Chu Mạnh Trinh, P.8, TP.Vũng Tàu, BRVT",12500000.0,108.69,street,1.0,1.0,1.0,115005.98,
SDTZX5,"Ngọc Sơn, P.Ngọc Hiệp, TP.Nha Trang, Khánh Hòa",4200000.0,48.16,street,2.0,2.0,2.0,87209.3,
DE058H,"12 Trần Nhật Duật, P.Phước Hòa, TP.Nha Trang, Khánh Hòa",13500000.0,235.6,street,2.0,2.0,2.0,57300.51,
E0RVK4,"18 số 2, P.6, TP.Tân An, Long An",5000000.0,41.66,street,1.0,1.0,1.0,120019.2,
7KQFKA,"18 Quang Trung, P.Vĩnh Thanh, TP.Rạch Giá, Kiên Giang",2500000.0,21.92,street,2.0,1.0,2.0,114051.09,
WPNZ8R,"312 Xuân Phong, Xã Vĩnh Phương, TP.Nha Trang, Khánh Hòa",2700000.0,122.72,street,4.0,1.0,2.0,22001.3,
5HMFM7,"Thửa 502 - Tờ 20 Lê Thị Riêng, Xã Lộc Châu, TP.Bảo Lộc, Lâm Đồng",2150000.0,16.04,street,2.0,2.0,2.0,134039.9,
QHP1ZU,"Trần Quý Cáp, P.Phương Sài, TP.Nha Trang, Khánh Hòa",3400000.0,60.71,street,3.0,2.0,2.0,56003.95,
AC05QY,"Thửa 279 - Tờ 21 Quốc lộ 40B, P.Trường Xuân, TP.Tam Kỳ, Quảng Nam",2400000.0,20.0,street,2.0,1.0,1.0,120000.0,
5HVFT7,"Lô LKA8-12 KQH khu dân cư số 5 An Sơn, P.4, TP.Đà Lạt, Lâm Đồng",6800000.0,104.61,street,2.0,2.0,2.0,65003.35,
CJGNWB,"Lô C22, Đường số 2, An Cựu City, P.An Đông, Q.Thuận Hóa, TP. Huế",4990000.0,61.6,street,3.0,3.0,4.0,81006.49,
WG6Q7R,"số 15 B30, P.Hưng Phú, Q.Cái Răng, TP. Cần Thơ",3000000.0,51.28,street,2.0,1.0,1.0,58502.34,
WT10XR,"A Bùi Viện, P.Đồng Hoà, Q.Kiến An, TP. Hải Phòng",3900000.0,60.93,street,2.0,2.0,2.0,64007.88,
P1QMUG,"53 Long Thọ, P.Thuỷ Biều, Q.Thuận Hóa, TP. Huế",1790000.0,18.43,street,2.0,1.0,1.0,97124.25,
UC4BRS,"Cô Giang, P.Phước Ninh, Q.Hải Châu, TP. Đà Nẵng",2000000.0,100.0,street,2.0,1.0,3.0,20000.0,
QKBR3U,"01B8 KDC 91B, P.An Khánh, Q.Ninh Kiều, TP. Cần Thơ",4000000.0,62.5,street,2.0,3.0,2.0,64000.0,
6Y7YY8,"511 Hoàng Diệu, P.Bình Thuận, Q.Hải Châu, TP. Đà Nẵng",20000000.0,115.34,street,2.0,1.0,1.0,173400.38,
3HANZQ,"922 Trường Chinh, P.Hòa Phát, Q.Cẩm Lệ, TP. Đà Nẵng",3950000.0,48.22,street,3.0,2.0,2.0,81916.22,
EPDM94,"76C Trần Phú, P.Phước Vĩnh, Q.Thuận Hóa, TP. Huế",2900000.0,64.44,street,3.0,4.0,3.0,45003.1,
7EPMBA,"Lô 26, Khu B3-1 Thăng Long, P.Hòa Cường Nam, Q.Hải Châu, TP. Đà Nẵng",48000000.0,163.76,street,5.0,6.0,4.0,293111.87,
263EXZ,"152 Tiền Phong, P.Đằng Hải, Q.Hải An, TP. Hải Phòng",2590000.0,63.66,street,2.0,2.0,2.0,40684.89,
C0WMTB,"20A Yết Kiêu, P.Thuận Hòa, Q.Phú Xuân, TP. Huế",8400000.0,49.49,street,1.0,1.0,1.0,169731.26,
SCD9K5,"111 Vạn Kiếp, P.Thượng Lý, Q.Hồng Bàng, TP. Hải Phòng",4950000.0,120.73,street,4.0,3.0,4.0,41000.58,
5BDFJ7,"63 Hồng Khẳng, P.Vỹ Dạ, Q.Thuận Hóa, TP. Huế",3300000.0,33.0,street,1.0,1.0,1.0,100000.0,
YFKX9D,"47 Trần Nguyên Đán, P.Thuận Hòa, Q.Phú Xuân, TP. Huế",14000000.0,53.94,street,5.0,5.0,3.0,259547.65,
JN9BT0,"135 Đặng Huy Trứ, P.Phước Vĩnh, Q.Thuận Hóa, TP. Huế",9000000.0,67.26,street,5.0,5.0,3.0,133809.1,
SHSCA5,"14 Thôn An Dương, P.An Đồng, Q.An Dương, TP. Hải Phòng",2200000.0,40.44,street,2.0,1.0,1.0,54401.58,
0TFYN9,"5 ( Thửa 53(2) - tờ 54) Trung Oai, Xã Tiên Dương, H.Đông Anh, TP. Hà Nội",5000000.0,148.36,street,4.0,4.0,4.0,33701.81,
5K3287,"2 Lễ Pháp, Xã Tiên Dương, H.Đông Anh, TP. Hà Nội",11000000.0,117.64,street,3.0,3.0,3.0,93505.61,
CRYM8B,"Thửa 82 - tờ 88 Xuân Nộn, Xã Xuân Nộn, H.Đông Anh, TP. Hà Nội",3000000.0,58.13,street,2.0,1.0,2.0,51608.46,
5K2HN7,"81 Miếu, P.Dư Hàng Kênh, Q.Lê Chân, TP. Hải Phòng",18600000.0,200.0,street,5.0,4.0,6.0,93000.0,
D4N4SH,"Thửa 1486 - Tờ 4 DT361, Xã Tân Phong, H.Kiến Thuỵ, TP. Hải Phòng",4350000.0,41.66,street,4.0,3.0,2.0,104416.71,
2V55BZ,"A10-2, Đường số 1 KDC 8C, P.Hưng Thạnh, Q.Cái Răng, TP. Cần Thơ",5990000.0,75.06,street,3.0,4.0,3.0,79802.82,
PN9NKG,"344B Chi Lăng, P.Gia Hội, Q.Phú Xuân, TP. Huế",2790000.0,49.91,street,4.0,3.0,4.0,55900.62,
0ZHUN9,"67 Lê Chân, P.An Khánh, Q.Ninh Kiều, TP. Cần Thơ",7000000.0,84.03,street,4.0,4.0,3.0,83303.58,
ACZMJY,"118B Trần Phú, P.Cái Khế, Q.Ninh Kiều, TP. Cần Thơ",9000000.0,116.27,street,3.0,4.0,3.0,77406.04,
40VQMF,"81 Đồng Kè, P.Hòa Khánh Bắc, Q.Liên Chiểu, TP. Đà Nẵng",6000000.0,55.86,street,3.0,2.0,2.0,107411.39,
KF2EQC,"191 Đống Đa, P.Thạch Thang, Q.Hải Châu, TP. Đà Nẵng",65000000.0,273.1,street,50.0,50.0,10.0,238008.06,
5HW3T7,"55B Thanh Long, P.Thanh Bình, Q.Hải Châu, TP. Đà Nẵng",14000000.0,128.67,street,4.0,5.0,3.0,108805.47,
CW00KB,"131 đường CMT8, P.An Hòa, Q.Ninh Kiều, TP. Cần Thơ",11000000.0,120.87,street,5.0,3.0,3.0,91006.87,
2MV1BZ,"90 Nguyễn Chích, P.Hòa Minh, Q.Liên Chiểu, TP. Đà Nẵng",5950000.0,79.33,street,1.0,1.0,2.0,75003.15,
UY7BYS,"24 Lê Sao, P.Hòa Minh, Q.Liên Chiểu, TP. Đà Nẵng",4950000.0,54.63,street,4.0,4.0,1.0,90609.56,
JXSZG0,"17 Nguyễn Quyền, P.Hòa An, Q.Cẩm Lệ, TP. Đà Nẵng",6200000.0,74.87,street,3.0,2.0,2.0,82810.2,
1AFQX6,"36 Nguyễn Khang, P.An Khê, Q.Thanh Khê, TP. Đà Nẵng",7700000.0,81.05,street,4.0,3.0,3.0,95003.08,
AFGMZY,"58 Trần Đức Thông, P.An Hải Bắc, Q.Sơn Trà, TP. Đà Nẵng",16000000.0,200.0,street,7.0,7.0,4.0,80000.0,
EGTAF4,"17B7 KDC 91B, P.An Khánh, Q.Ninh Kiều, TP. Cần Thơ",4900000.0,76.56,street,3.0,3.0,3.0,64002.09,
UC45HS,"H61 Mẹ Nhu, P.Thanh Khê Tây, Q.Thanh Khê, TP. Đà Nẵng",4150000.000000001,64.14,street,2.0,1.0,1.0,64702.21,
AFR3QY,"22D3 KDC Hồng Loan, P.Hưng Thạnh, Q.Cái Răng, TP. Cần Thơ",6000000.0,75.0,street,3.0,4.0,3.0,80000.0,
0MMBP9,"15 Hoàng Hoa Thám, P.Thạc Gián, Q.Thanh Khê, TP. Đà Nẵng",19000000.0,150.07,street,3.0,3.0,3.0,126607.58,
AFF6QY,"79 Trần Quang Long, P.Hòa Minh, Q.Liên Chiểu, TP. Đà Nẵng",5990000.0,66.55,street,3.0,2.0,2.0,90007.51,
SBBMR5,"12 Nguyễn Hữu Thọ, P.Xuân Phú, Q.Thuận Hóa, TP. Huế",8600000.0,90.52,street,1.0,1.0,1.0,95006.63,
DRFW0H,"30 Tế Hanh, P.Hòa Xuân, Q.Cẩm Lệ, TP. Đà Nẵng",8860000.0,77.04,street,4.0,4.0,3.0,115005.19,
C9R0WB,"45 Bình An 7, P.Hòa Cường Bắc, Q.Hải Châu, TP. Đà Nẵng",5750000.0,143.03,street,3.0,3.0,3.0,40201.36,
0MZ7J9,"Khúc Thừa Dụ, P.Dịch Vọng, Q.Cầu Giấy, TP. Hà Nội",8000000.0,222.22,street,3.0,4.0,5.0,36000.36,
P1ZS9G,"Đường 5, P.Hòa Hiệp Nam, Q.Liên Chiểu, TP. Đà Nẵng",4300000.0,43.0,street,2.0,3.0,4.0,100000.0,
5EAD47,"264 Lán Bè, P.An Biên, Q.Lê Chân, TP. Hải Phòng",4890000.0,131.45,street,2.0,2.0,2.0,37200.46,
QHQ6ZU,"143B Trần Hưng Đạo, P.Thới Bình, Q.Ninh Kiều, TP. Cần Thơ",10000000.0,141.44,street,3.0,3.0,3.0,70701.36,
DWD0MH,"361 Hoàng Diệu, P.Bình Thuận, Q.Hải Châu, TP. Đà Nẵng",12800000.0,168.42,street,8.0,8.0,3.0,76000.48,
5BQE27,"48 Nguyễn Xuân Lộc, P.Thuận Lộc, Q.Phú Xuân, TP. Huế",4800000.0,27.9,street,4.0,4.0,2.0,172043.01,
C0AN3B,"Lô C78 đường số 4C, Xã Phú Mỹ, H.Phú Vang, TP. Huế",6900000.0,31.57,street,4.0,4.0,3.0,218561.93,
8YZRR3,"248 Nguyễn Chơn, P.Hòa Khánh Nam, Q.Liên Chiểu, TP. Đà Nẵng",6800000.0,85.0,street,3.0,3.0,3.0,80000.0,
WZY4CR,"79 Bắc Sơn, P.Hòa An, Q.Cẩm Lệ, TP. Đà Nẵng",7850000.0,78.5,street,2.0,2.0,2.0,100000.0,
6APKJ8,"222 (Thửa 297 - tờ 21) Giang Cao, Xã Bát Tràng, H.Gia Lâm, TP. Hà Nội",7500000.0,187.5,street,1.0,1.0,1.0,40000.0,
DW2A3H,"21 Hàm Trung 3, P.Hòa Hiệp Nam, Q.Liên Chiểu, TP. Đà Nẵng",3950000.0,36.74,street,2.0,1.0,1.0,107512.25,
6ABP78,"28 Nguyễn Chích, P.Thanh Khê Tây, Q.Thanh Khê, TP. Đà Nẵng",9500000.0,122.58,street,4.0,4.0,3.0,77500.41,
QHFHPU,"478 Nguyễn Văn Cừ, P.An Hòa, Q.Ninh Kiều, TP. Cần Thơ",13000000.0,142.23,street,4.0,2.0,3.0,91401.25,
UK4H6S,"147 Nguyễn Hữu Dật, P.Hòa Cường Bắc, Q.Hải Châu, TP. Đà Nẵng",12000000.0,118.81,street,3.0,3.0,3.0,101001.6,
3D71MQ,"30 Nguyên Hồng, P.Thanh Khê Đông, Q.Thanh Khê, TP. Đà Nẵng",8800000.0,122.22,street,4.0,4.0,3.0,72001.31,
WZ9ZDR,"40/317A Đà Nẵng, P.Vạn Mỹ, Q.Ngô Quyền, TP. Hải Phòng",2500000.0,55.92,street,3.0,2.0,2.0,44706.72,
DWCUDH,"26 Duy Tân, P.Bình Thuận, Q.Hải Châu, TP. Đà Nẵng",6500000.0,154.39,street,3.0,3.0,3.0,42101.17,
RT9CWJ,"64 đường Mậu Thân, P.Thới Bình, Q.Ninh Kiều, TP. Cần Thơ",30000000.0,164.56,street,1.0,2.0,2.0,182304.33,
6AQJE8,"63 Nguyễn Đệ, P.An Hòa, Q.Ninh Kiều, TP. Cần Thơ",10800000.0,85.03,street,2.0,2.0,3.0,127014.0,
WZJATR,"Thửa 206 - Tờ 28 ( Số nhà 327C) Hàng Xoài, P.Lê Bình, Q.Cái Răng, TP. Cần Thơ",3300000.0,30.64,street,1.0,1.0,1.0,107702.35,
QHSHPU,"Thửa 682 - tờ 106-2024 Thôn Hà Nhuận, P.An Hoà, Q.An Dương, TP. Hải Phòng",1250000.0,20.83,street,2.0,1.0,1.0,60009.6,
5CGFS7,"Lô 67 Mê Linh, P.Hòa Hiệp Nam, Q.Liên Chiểu, TP. Đà Nẵng",7200000.0,72.36,street,3.0,3.0,3.0,99502.49,
SK0S45,"05 Cao Xuân Dục, P.Vỹ Dạ, Q.Thuận Hóa, TP. Huế",5900000.0,98.33,street,4.0,4.0,4.0,60002.03,
21A21Z,"Lô số 02 khu TĐC-02 - Tờ Quy hoạch chi tiết (172-A) Phương Chữ Nam, Xã Trường Thành, H.An Lão, TP. Hải Phòng",7500000.0,46.87,street,2.0,2.0,1.0,160017.07,
W28W9R,"Thửa 480 - tờ 98 Thôn Việt Khê, Xã Tân Dân, H.An Lão, TP. Hải Phòng",1900000.0,23.63,street,2.0,2.0,2.0,80406.26,
8ACM73,"07 Đường E2 KDC 3A, P.An Bình, Q.Ninh Kiều, TP. Cần Thơ",1590000.0,37.27,street,1.0,1.0,2.0,42661.66,
QDC4VU,"241 Tô Hiệu, P.Hòa Minh, Q.Liên Chiểu, TP. Đà Nẵng",7900000.0,101.15,street,4.0,6.0,4.0,78101.83,
0NNDR9,"41 Thôn Quỳnh Hoàng, P.Nam Sơn, Q.An Dương, TP. Hải Phòng",1500000.0,22.38,street,2.0,1.0,1.0,67024.13,
SKKPD5,"Thửa 330/1 - Tờ 05 Thôn 3, Xã Tú Sơn, H.Kiến Thuỵ, TP. Hải Phòng",5400000.0,26.08,street,3.0,2.0,2.0,207055.21,
DF4J9H,"Vọng Hải, P.Hưng Đạo, Q.Dương Kinh, TP. Hải Phòng",4850000.0,59.87,street,3.0,3.0,3.0,81008.85,
W2G25R,"Hòa Bình, P.Yên Nghĩa, Q.Hà Đông, TP. Hà Nội",5690000.0,62.73,street,5.0,5.0,5.0,90706.2,
GMJE32,"Quảng nguyên, Xã Quảng Phú Cầu, H.Ứng Hòa, TP. Hà Nội",4500000.0,47.46,street,4.0,3.0,4.0,94816.69,
SH6TT5,"258 Ngô Quyền, P.Vạn Mỹ, Q.Ngô Quyền, TP. Hải Phòng",6500000.0,101.72,street,2.0,2.0,2.0,63900.9,
7C3ZXA,"72 Phan Phú Tiên, P.Thanh Khê Tây, Q.Thanh Khê, TP. Đà Nẵng",8990000.0,116.6,street,4.0,4.0,3.0,77101.2,
3AX15Q,"Số 122A khu tập thể A10 Nghĩa Tân (sân chơii A10) Nghĩa Tân, P.Nghĩa Tân, Q.Cầu Giấy, TP. Hà Nội",6500000.0,118.18,street,2.0,1.0,1.0,55000.85,
7C8MNA,"178 ( Thửa 50 - tờ 84) Lê Hữu Tựu, Xã Nguyên Khê, H.Đông Anh, TP. Hà Nội",14000000.0,175.0,street,4.0,4.0,4.0,80000.0,
SHVNM5,"151 Nguyễn Thị Thập, P.Hòa Minh, Q.Liên Chiểu, TP. Đà Nẵng",8000000.0,80.8,street,3.0,3.0,3.0,99009.9,
2V4FEZ,"12 Nguyễn Thuý, P.Hòa Minh, Q.Liên Chiểu, TP. Đà Nẵng",8500000.0,129.96,street,3.0,4.0,3.0,65404.74,
WG5MNR,"14 Đồng Xoài, P.Hòa Minh, Q.Liên Chiểu, TP. Đà Nẵng",5500000.0,79.71,street,3.0,3.0,2.0,69000.13,
4930KF,"110 Nguyễn Nhàn, P.Hòa Thọ Đông, Q.Cẩm Lệ, TP. Đà Nẵng",5200000.0,65.0,street,1.0,1.0,1.0,80000.0,
AB2SMY,"16 Cầu Giấy, P.Ngọc Khánh, Q.Ba Đình, TP. Hà Nội",15680000.0,501.15,street,3.0,4.0,3.0,31288.04,
2VVS0Z,"57 An Hải 15, P.An Hải Bắc, Q.Sơn Trà, TP. Đà Nẵng",6800000.0,114.09,street,3.0,3.0,2.0,59602.07,
9NN34P,"B12 3 Tháng 2, P.Hưng Lợi, Q.Ninh Kiều, TP. Cần Thơ",2950000.0,48.36,street,2.0,1.0,1.0,61000.83,
GMXYJ2,"412 Nguyễn Phước Nguyên, P.An Khê, Q.Thanh Khê, TP. Đà Nẵng",7950000.0,155.27,street,3.0,3.0,3.0,51201.13,
YEBC3D,"47 Tạ Mỹ Duật, P.An Hải Bắc, Q.Sơn Trà, TP. Đà Nẵng",15000000.0,171.42,street,5.0,4.0,4.0,87504.38,
WPE9DR,"96 Đề Thám, P.Thới Bình, Q.Ninh Kiều, TP. Cần Thơ",17500000.0,185.97,street,2.0,1.0,2.0,94101.2,
EJAQT4,"13 Đường A4 KDC 3A, P.An Bình, Q.Ninh Kiều, TP. Cần Thơ",2250000.0,26.13,street,1.0,1.0,1.0,86107.92,
5HVFX7,"157 Ngô Quyền, P.Mân Thái, Q.Sơn Trà, TP. Đà Nẵng",9900000.0,114.98,street,2.0,3.0,2.0,86101.93,
QAZNNU,"131 Lý Tự Trọng, P.Thanh Bình, Q.Hải Châu, TP. Đà Nẵng",30000000.0,57.27,street,5.0,4.0,3.0,523834.47,
KF3N5C,"65 Mậu Thân, P.Xuân Khánh, Q.Ninh Kiều, TP. Cần Thơ",23500000.0,215.59,street,2.0,2.0,2.0,109003.2,
6S9R68,"89 Huỳnh Tịnh Của, Xã Hòa Phước, H.Hòa Vang, TP. Đà Nẵng",4950000.0,42.12,street,4.0,2.0,2.0,117521.37,
SDTEW5,"258 Âu Cơ, P.Hòa Khánh Bắc, Q.Liên Chiểu, TP. Đà Nẵng",13200000.0,183.33,street,1.0,1.0,3.0,72001.31,
1UJZK6,"257 Trần Quý Khoách, P.Hòa Minh, Q.Liên Chiểu, TP. Đà Nẵng",14000000.0,81.01,street,1.0,1.0,1.0,172818.17,
5HTNY7,"72 Đường số 10 KDC 11B, P.Hưng Phú, Q.Cái Răng, TP. Cần Thơ",4250000.0,66.4,street,3.0,3.0,3.0,64006.02,
J2A1P0,"280 Phù Đổng, P.Hòa Xuân, Q.Cẩm Lệ, TP. Đà Nẵng",6300000.0,53.61,street,3.0,3.0,3.0,117515.39,
379YWQ,"21 Hoàng Hoa Thám, P.Thạc Gián, Q.Thanh Khê, TP. Đà Nẵng",21000000.0,175.43,street,1.0,1.0,2.0,119705.87,
KFM8FC,"251 Vũ Quỳnh, P.Thanh Khê Tây, Q.Thanh Khê, TP. Đà Nẵng",6200000.0,82.66,street,1.0,1.0,1.0,75006.05,
WPQPPR,"193 Nguyễn Văn Thoại, P.An Hải Nam, Q.Sơn Trà, TP. Đà Nẵng",81000000.0,413.05,street,3.0,3.0,3.0,196102.17,
EJM7Y4,"199 Điện Biên Phủ, P.Thạc Gián, Q.Thanh Khê, TP. Đà Nẵng",45000000.0,154.1,street,1.0,1.0,3.0,292018.17,
GXSS52,"05 Thanh Vinh 5, P.Hòa Khánh Bắc, Q.Liên Chiểu, TP. Đà Nẵng",4950000.0,29.32,street,4.0,3.0,1.0,168826.74,
J26WF0,"74 Mậu Thân, P.An Hòa, Q.Ninh Kiều, TP. Cần Thơ",9500000.0,234.56,street,2.0,2.0,3.0,40501.36,
KF21JC,"01 Nguyên Hồng, P.Thanh Khê Đông, Q.Thanh Khê, TP. Đà Nẵng",9500000.0,90.13,street,4.0,3.0,2.0,105403.31,
WPVN6R,"141 Nguyễn Chí Thanh, P.Hải Châu, Q.Hải Châu, TP. Đà Nẵng",16000000.0,188.23,street,4.0,3.0,3.0,85002.39,
AC04HY,"83 Khánh An 11, P.Hòa Khánh Nam, Q.Liên Chiểu, TP. Đà Nẵng",8650000.0,57.66,street,4.0,4.0,3.0,150017.34,
UYFAAS,"75-77 Nguyễn Ân, P.Hòa Xuân, Q.Cẩm Lệ, TP. Đà Nẵng",14500000.0,70.93,street,3.0,3.0,2.0,204426.9,
KFGBQC,"70 An Thượng 17, P.Mỹ An, Q.Ngũ Hành Sơn, TP. Đà Nẵng",25000000.0,416.66,street,11.0,11.0,6.0,60000.96,
9T6C0P,"63 Bình An 7, P.Hòa Cường Bắc, Q.Hải Châu, TP. Đà Nẵng",9650000.0,141.08,street,4.0,4.0,3.0,68400.91,
DE0GRH,"100 Mai Lão Bạng, P.Thuận Phước, Q.Hải Châu, TP. Đà Nẵng",5000000.0,98.03,street,3.0,3.0,3.0,51004.79,
KF96GC,"122 Phan Khôi, P.Hòa Xuân, Q.Cẩm Lệ, TP. Đà Nẵng",6500000.0,65.0,street,4.0,2.0,2.0,100000.0,
SDE2Y5,"Thửa 45 - tờ 25 Trường Chinh, P.Hòa Thọ Tây, Q.Cẩm Lệ, TP. Đà Nẵng",3650000.0,22.14,street,2.0,1.0,2.0,164859.98,
5H4RC7,"25 Mẹ Nhu, P.Thanh Khê Tây, Q.Thanh Khê, TP. Đà Nẵng",8100000.0,80.83,street,4.0,3.0,3.0,100210.32,
85ANA3,"06 Đồng Khởi, P.Tân An, Q.Ninh Kiều, TP. Cần Thơ",10500000.0,262.5,street,2.0,2.0,2.0,40000.0,
2M1W1Z,"11A Ngô Hữu Hạnh, P.Tân An, Q.Ninh Kiều, TP. Cần Thơ",13000000.0,124.87,street,4.0,2.0,3.0,104108.27,
UYDY8S,"67 Ngô Văn Sở, P.Hòa Khánh Nam, Q.Liên Chiểu, TP. Đà Nẵng",12000000.0,100.84,street,1.0,1.0,1.0,119000.4,
J2GKJ0,"79 Trần Phú, P.Cái Khế, Q.Ninh Kiều, TP. Cần Thơ",4800000.0,99.17,street,2.0,3.0,2.0,48401.73,
KF49RC,"147 Kỳ Đồng, P.Thanh Khê Đông, Q.Thanh Khê, TP. Đà Nẵng",10200000.0,102.0,street,3.0,3.0,3.0,100000.0,
1U3JG6,"119 Phan Triêm, P.Hòa Xuân, Q.Cẩm Lệ, TP. Đà Nẵng",8750000.0,97.22,street,4.0,4.0,4.0,90002.06,
QA5C0U,"124 Lê Thiệt, P.Hòa Minh, Q.Liên Chiểu, TP. Đà Nẵng",6900000.0,95.83,street,3.0,3.0,2.0,72002.5,
KFE9JC,"01 Bùi Chát, P.Hòa Khánh Bắc, Q.Liên Chiểu, TP. Đà Nẵng",6900000.0,48.21,street,3.0,3.0,2.0,143123.83,
37SKYQ,"231A Tôn Đản, P.Hòa An, Q.Cẩm Lệ, TP. Đà Nẵng",6300000.0,78.75,street,5.0,3.0,3.0,80000.0,
SBP1K5,"401 (Thửa 4A - tờ 40) đường Nguyễn Văn Cừ, P.An Hòa, Q.Ninh Kiều, TP. Cần Thơ",25000000.0,144.59,street,1.0,1.0,1.0,172902.69,
C9V05B,"1262 Phạm Văn Đồng, P.Hợp Đức, Q.Đồ Sơn, TP. Hải Phòng",7100000.0,35.5,street,31.0,31.0,4.0,200000.0,
SB01K5,"26 Tạ Mỹ Duật, P.An Hải Bắc, Q.Sơn Trà, TP. Đà Nẵng",10900000.0,165.15,street,3.0,2.0,2.0,66000.61,
749XYA,"08 Hòa Minh 23, P.Hòa Minh, Q.Liên Chiểu, TP. Đà Nẵng",8900000.0,109.87,street,4.0,4.0,3.0,81004.82,
EGZBG4,"Lê Hiến Mai, P.Hòa An, Q.Cẩm Lệ, TP. Đà Nẵng",7800000.0,78.0,street,4.0,3.0,3.0,100000.0,
744WDA,"123 Trần Văn Trà, P.Hòa Xuân, Q.Cẩm Lệ, TP. Đà Nẵng",17500000.0,82.74,street,1.0,1.0,1.0,211505.92,
5EKBB7,"D2-4 TĐC Long Tuyền, P.Long Tuyền, Q.Bình Thuỷ, TP. Cần Thơ",4430000.0,69.35,street,3.0,2.0,2.0,63878.88,
YWBY8D,"91 Giáp Văn Cương, P.Hòa Minh, Q.Liên Chiểu, TP. Đà Nẵng",5900000.0,75.06,street,4.0,3.0,2.0,78603.78,
UCYP3S,"76 Trần Đình Tri, P.Hòa Minh, Q.Liên Chiểu, TP. Đà Nẵng",8900000.0,87.34,street,3.0,2.0,2.0,101900.62,
WT9CVR,"16 Phú Xuân 5, P.Hòa Minh, Q.Liên Chiểu, TP. Đà Nẵng",8500000.0,94.44,street,3.0,3.0,3.0,90004.24,
3H5GJQ,"77 Trần Bích San, P.Hòa Hiệp Nam, Q.Liên Chiểu, TP. Đà Nẵng",8500000.0,109.67,street,3.0,5.0,4.0,77505.24,
3HSG2Q,"401 KV Phú Lễ, P.Tân Phú, Q.Cái Răng, TP. Cần Thơ",1490000.0,7.45,street,2.0,1.0,1.0,200000.0,
8DUU23,"07 Tôn Thất Đạm, P.Xuân Hà, Q.Thanh Khê, TP. Đà Nẵng",13800000.0,153.33,street,8.0,5.0,4.0,90001.96,
QKS7JU,"212 Đồng Văn Cống, P.An Thới, Q.Bình Thuỷ, TP. Cần Thơ",5900000.0,83.8,street,2.0,1.0,1.0,70405.73,
KJKM8C,"05 Phú Lộc 8, P.Hòa Minh, Q.Liên Chiểu, TP. Đà Nẵng",5350000.0,71.33,street,2.0,2.0,2.0,75003.5,
UK8M8S,"34 Lý Nhân Tông, P.Hòa Cường Bắc, Q.Hải Châu, TP. Đà Nẵng",10500000.0,113.51,street,3.0,2.0,2.0,92502.86,
RT45FJ,"15 Hòa Nam 5, P.Hòa An, Q.Cẩm Lệ, TP. Đà Nẵng",6700000.0,69.0,street,5.0,3.0,3.0,97101.45,
C0DX8B,"89 Mạc Thiên Tích, P.Xuân Khánh, Q.Ninh Kiều, TP. Cần Thơ",7800000.0,117.11,street,3.0,3.0,4.0,66604.05,
3D1WJQ,"209 Hoàng Văn Thái, P.Hòa Khánh Nam, Q.Liên Chiểu, TP. Đà Nẵng",6250000.0,63.51,street,1.0,1.0,1.0,98409.7,
DW5ENH,"78 Nguyễn Bá Loan, Xã Hòa Phước, H.Hòa Vang, TP. Đà Nẵng",3600000.0,36.0,street,3.0,1.0,2.0,100000.0,
3DMGNQ,"145 Lê Văn Sỹ, P.Hòa Minh, Q.Liên Chiểu, TP. Đà Nẵng",7600000.0,108.57,street,3.0,3.0,3.0,70000.92,
JNEUG0,"686 Nguyễn Lương Bằng, P.Hòa Hiệp Nam, Q.Liên Chiểu, TP. Đà Nẵng",4500000.0,63.11,street,2.0,1.0,2.0,71304.07,
5B8J17,"15 Ngô Văn Sở, P.Tân An, Q.Ninh Kiều, TP. Cần Thơ",9500000.0,207.55,street,4.0,4.0,4.0,45772.1,
26RCDZ,"57 Cồn Dầu 2, P.Hòa Xuân, Q.Cẩm Lệ, TP. Đà Nẵng",8800000.0,88.0,street,3.0,3.0,1.0,100000.0,
A46TEY,"26 Trần Quang Khải, P.Cái Khế, Q.Ninh Kiều, TP. Cần Thơ",15800000.0,197.5,street,17.0,17.0,6.0,80000.0,
RTYRUJ,"25 Phú Lộc 21, P.Hòa Minh, Q.Liên Chiểu, TP. Đà Nẵng",6400000.0,79.01,street,3.0,3.0,3.0,81002.4,
JND710,"314 Điện Biên Phủ, P.Chính Gián, Q.Thanh Khê, TP. Đà Nẵng",8390000.0,289.31,street,3.0,3.0,3.0,29000.03,
4G3WHF,"Thửa 109 - tờ 01 Xóm 9, Xã Bạch Đằng, TP.Thuỷ Nguyên, TP. Hải Phòng",1890000.0,3.75,street,4.0,2.0,2.0,504000.0,
UKF6QS,"50A Nguyên Xá, P.Minh Khai, Q.Bắc Từ Liêm, TP. Hà Nội",38500000.0,302.19,street,35.0,35.0,8.0,127403.29,
17HBK6,"23 đường Huỳnh Cương, P.Hưng Lợi, Q.Ninh Kiều, TP. Cần Thơ",7200000.0,110.76,street,1.0,1.0,2.0,65005.42,
RTXSQJ,"38 Bùi Thị Xuân, P.An Khánh, Q.Ninh Kiều, TP. Cần Thơ",6800000.0,90.3,street,3.0,3.0,3.0,75304.54,
5B4PW7,"264 Vũ Chí Thắng, P.An Dương, Q.Lê Chân, TP. Hải Phòng",3250000.0,129.48,street,3.0,2.0,3.0,25100.4,
7EFRYA,"15 Lê Đình Thám, P.Bình Thuận, Q.Hải Châu, TP. Đà Nẵng",15800000.0,263.77,street,4.0,7.0,5.0,59900.67,
YFE0HD,"Thửa 752 - tờ 11  (số 27) Trần Bạch Đằng, P.An Khánh, Q.Ninh Kiều, TP. Cần Thơ",11900000.0,119.0,street,5.0,6.0,4.0,100000.0,
RT2XVJ,"130 Nguyễn Việt Hồng, P.Thới Bình, Q.Ninh Kiều, TP. Cần Thơ",12500000.0,120.42,street,2.0,2.0,2.0,103803.35,
4G9JZF,"142 Phạm Ngũ Lão, P.An Hòa, Q.Ninh Kiều, TP. Cần Thơ",6800000.0,95.77,street,1.0,1.0,1.0,71003.45,
SCDQZ5,"20 Chơn Tâm 9, P.Hòa Hiệp Nam, Q.Liên Chiểu, TP. Đà Nẵng",7500000.0,98.03,street,4.0,4.0,3.0,76507.19,
C0FJWB,"46 Bình Hòa 2, P.Khuê Trung, Q.Cẩm Lệ, TP. Đà Nẵng",8400000.0,100.47,street,3.0,2.0,3.0,83607.05,
A4KC9Y,"đường Đinh Tiên Hoàng, P.Thới Bình, Q.Ninh Kiều, TP. Cần Thơ",9000000.0,154.37,street,1.0,1.0,1.0,58301.48,
A4KHWY,"đường 30 tháng 4, P.Hưng Lợi, Q.Ninh Kiều, TP. Cần Thơ",13000000.0,136.01,street,1.0,1.0,1.0,95581.21,
7EYQNA,"66 Võ Duy Ninh, P.Thủy Dương, TX.Hương Thủy, TP. Huế",2760000.0,30.76,street,3.0,2.0,3.0,89726.92,
7BXNSA,"25 Phước Lý 5, P.Hòa Minh, Q.Liên Chiểu, TP. Đà Nẵng",5090000.0,45.36,street,2.0,1.0,1.0,112213.4,
3YPJMQ,"78 Huyền Trần Công Chúa, P.Thuỷ Xuân, Q.Thuận Hóa, TP. Huế",3150000.0,36.33,street,4.0,4.0,3.0,86705.2,
AEN2EY,"54 Đào Nguyên Phổ, P.Hòa Minh, Q.Liên Chiểu, TP. Đà Nẵng",6500000.0,86.66,street,3.0,3.0,3.0,75005.77,
KRV7GC,"26 Đồng Trí 6, P.Hòa Khánh Nam, Q.Liên Chiểu, TP. Đà Nẵng",5200000.0,54.73,street,3.0,2.0,2.0,95011.88,
9X76QP,"24 Hòa Mỹ 8, P.Hòa Minh, Q.Liên Chiểu, TP. Đà Nẵng",5690000.0,58.65,street,4.0,2.0,2.0,97016.2,
674VK8,"525 Trần Hưng Đạo, P.Lê Bình, Q.Cái Răng, TP. Cần Thơ",5300000.0,45.49,street,4.0,3.0,2.0,116509.12,
3YWPSQ,"60 Hoàng Đạo Thúy, P.Hòa Thọ Đông, Q.Cẩm Lệ, TP. Đà Nẵng",6100000.0,50.83,street,3.0,2.0,2.0,120007.87,
SKR1B5,"số nhà 7F Ngõ 81 đoàn kết, P.Đằng Hải, Q.Hải An, TP. Hải Phòng",4700000.0,68.11,street,4.0,3.0,4.0,69006.02,
67C3T8,"31 Trần Đình Tri, P.Hòa Minh, Q.Liên Chiểu, TP. Đà Nẵng",11500000.0,101.05,street,1.0,1.0,1.0,113805.05,
3YBATQ,"39 Phạm Đình Hổ, P.Thanh Khê Tây, Q.Thanh Khê, TP. Đà Nẵng",8500000.0,106.25,street,3.0,4.0,3.0,80000.0,
JTX1U0,"224 - 226 Đoàn Hữu Trưng, P.Hòa An, Q.Cẩm Lệ, TP. Đà Nẵng",16500000.0,67.34,street,5.0,5.0,3.0,245025.25,
8ADUF3,"87 Đỗ Huy Uyển, P.An Hải Bắc, Q.Sơn Trà, TP. Đà Nẵng",12900000.0,129.0,street,4.0,4.0,3.0,100000.0,
7BBQNA,"121 Đường số 4 KDC Thới Nhựt, P.An Khánh, Q.Ninh Kiều, TP. Cần Thơ",4900000.0,54.44,street,3.0,3.0,2.0,90007.35,
7BBVFA,"145 Đường B4 KDC Hưng Phú, P.Hưng Phú, Q.Cái Răng, TP. Cần Thơ",4400000.0,73.33,street,4.0,4.0,3.0,60002.73,
675758,"Phú Diễn, P.Phú Diễn, Q.Bắc Từ Liêm, TP. Hà Nội",37500000.0,441.17,street,12.0,12.0,6.0,85001.25,
AEC0NY,"37 Hòa Minh 3, P.Hòa Minh, Q.Liên Chiểu, TP. Đà Nẵng",7790000.0,90.47,street,3.0,2.0,2.0,86105.89,
3A3HAQ,"34 LÊ HỒNG PHONG, P.Trà Nóc, Q.Bình Thuỷ, TP. Cần Thơ",9900000.0,25.06,street,3.0,2.0,1.0,395051.88,
GMGNH2,"65 Nguyễn Khả Trạc, P.Hòa Xuân, Q.Cẩm Lệ, TP. Đà Nẵng",4550000.0,44.39,street,1.0,1.0,1.0,102500.56,
7CS2RA,"44 Nguyễn Quý Đức, P.Khuê Trung, Q.Cẩm Lệ, TP. Đà Nẵng",7200000.0,72.0,street,4.0,2.0,2.0,100000.0,
KWUAWC,"Đường Hoa Lâm, P.Việt Hưng, Q.Long Biên, TP. Hà Nội",16500000.0,194.11,street,4.0,3.0,4.0,85003.35,
KWUSEC,"39 Đường số 23 Khu TĐC NCĐT, P.An Khánh, Q.Ninh Kiều, TP. Cần Thơ",3350000.0,83.75,street,2.0,2.0,2.0,40000.0,
872ZP3,"04 Lê Văn Sỹ, P.Hòa Minh, Q.Liên Chiểu, TP. Đà Nẵng",8250000.0,117.85,street,3.0,4.0,3.0,70004.24,
5K2GD7,"255 Miếu Hai Xã, P.Dư Hàng Kênh, Q.Lê Chân, TP. Hải Phòng",7250000.0,116.55,street,3.0,3.0,4.0,62205.06,
YEZUBD,"16 LK25 Ngô Thì Nhậm, P.La Khê, Q.Hà Đông, TP. Hà Nội",15300000.0,382.5,street,7.0,5.0,5.0,40000.0,
5K9DM7,"Thửa 109 - Tờ 01 Xóm 9, Xã Quang Trung, TP.Thuỷ Nguyên, TP. Hải Phòng",1950000.0,3.86,street,4.0,2.0,1.0,505181.35,
0TUGP9,"270C Trần Vĩnh Kiết, P.An Bình, Q.Ninh Kiều, TP. Cần Thơ",4500000.0,50.61,street,1.0,1.0,2.0,88915.23,
65ENF8,"Dương Đức Hiền, P.Hòa Khánh Nam, Q.Liên Chiểu, TP. Đà Nẵng",7690000.0,106.8,street,4.0,4.0,3.0,72003.75,
5KJA17,"37 Nguyễn Huy Tưởng, P.Hòa Minh, Q.Liên Chiểu, TP. Đà Nẵng",5350000.0,47.05,street,3.0,3.0,2.0,113708.82,
PXQRPG,"53 Đoàn Công Soạn, P.Hòa Hiệp Nam, Q.Liên Chiểu, TP. Đà Nẵng",8900000.0,114.1,street,3.0,3.0,3.0,78001.75,
2V34NZ,"03 Quản Trọng Hoàng, P.Hưng Lợi, Q.Ninh Kiều, TP. Cần Thơ",17500000.0,47.61,street,17.0,17.0,1.0,367569.84,
87HAR3,"3 Hòa Minh 10, P.Hòa Minh, Q.Liên Chiểu, TP. Đà Nẵng",7600000.0,102.28,street,3.0,3.0,3.0,74305.83,
2V6DGZ,"66 Dương Đức Hiền, P.Hòa Minh, Q.Liên Chiểu, TP. Đà Nẵng",7690000.0,106.8,street,4.0,3.0,3.0,72003.75,
AB4FWY,"52 An Hải Bắc 8, P.An Hải Bắc, Q.Sơn Trà, TP. Đà Nẵng",5100000.0,98.07,street,2.0,1.0,2.0,52003.67,
ABCV3Y,"44 Thanh Lương 11, P.Hòa Xuân, Q.Cẩm Lệ, TP. Đà Nẵng",12900000.0,100.31,street,5.0,5.0,3.0,128601.34,
875CX3,"81 Nguyễn Cư Trinh, P.Thới Bình, Q.Ninh Kiều, TP. Cần Thơ",9500000.0,63.33,street,5.0,5.0,3.0,150007.9,
9NZS0P,"15 Lê Văn Sỹ, P.Hòa Khánh Bắc, Q.Liên Chiểu, TP. Đà Nẵng",6800000.0,97.14,street,3.0,3.0,3.0,70002.06,
5H5M87,"đường số 5, P.Phú Thứ, Q.Cái Răng, TP. Cần Thơ",4600000.0,47.61,street,5.0,6.0,3.0,96618.36,
EJC6R4,"36 Cao Xuân Huy, P.Khuê Trung, Q.Cẩm Lệ, TP. Đà Nẵng",8100000.0,109.75,street,2.0,2.0,2.0,73804.1,
376DKQ,"569 Điện Biên Phủ, P.An Khê, Q.Thanh Khê, TP. Đà Nẵng",20700000.0,207.0,street,3.0,3.0,3.0,100000.0,
CWYX1B,"21 An Thượng 22, P.Mỹ An, Q.Ngũ Hành Sơn, TP. Đà Nẵng",28800000.0,331.41,street,10.0,10.0,8.0,86901.42,
40K2SF,"Z20 Lê Quốc Việt, P.Hưng Thạnh, Q.Cái Răng, TP. Cần Thơ",4200000.0,48.1,street,3.0,2.0,2.0,87318.09,
1UZHG6,"24 Nam Thọ 5, P.Thọ Quang, Q.Sơn Trà, TP. Đà Nẵng",9700000.0,119.75,street,3.0,2.0,2.0,81002.09,
UYVHMS,"80 Xuân Thiều 11, P.Hòa Hiệp Nam, Q.Liên Chiểu, TP. Đà Nẵng",4940000.0,49.49,street,2.0,1.0,1.0,99818.15,
0ZEZC9,"11B Phan Văn Đáng, Xã Hòa Châu, H.Hòa Vang, TP. Đà Nẵng",6550000.0,52.4,street,3.0,2.0,2.0,125000.0,
GXFST2,"79 Đào Công Soạn, P.Hòa Hiệp Nam, Q.Liên Chiểu, TP. Đà Nẵng",4650000.0,58.27,street,2.0,1.0,2.0,79800.93,
852CY3,"73 Bầu Cầu 27, Xã Hòa Châu, H.Hòa Vang, TP. Đà Nẵng",5100000.0,51.0,street,3.0,3.0,1.0,100000.0,
5HXC27,"61 Nguyễn Thị Hồng, P.Thọ Quang, Q.Sơn Trà, TP. Đà Nẵng",8300000.000000001,122.96,street,2.0,2.0,2.0,67501.63,
J2Y7M0,"105 Giáp Văn Cương, P.Hòa Minh, Q.Liên Chiểu, TP. Đà Nẵng",7300000.0,85.98,street,2.0,2.0,2.0,84903.47,
EJQS84,"08 Bế Văn Đàn, P.Cái Khế, Q.Ninh Kiều, TP. Cần Thơ",5900000.0,47.88,street,3.0,4.0,2.0,123224.73,
859P93,"52 Đường B12 KDC Hưng Phú, P.Hưng Phú, Q.Cái Răng, TP. Cần Thơ",5800000.0,80.55,street,4.0,5.0,3.0,72004.97,
GXK562,"171 Đinh Đức Thiện, P.Hòa Minh, Q.Liên Chiểu, TP. Đà Nẵng",6450000.0,71.66,street,4.0,2.0,2.0,90008.37,
QAPM6U,"19 Đường số 27 Khu Vực 1, P.An Khánh, Q.Ninh Kiều, TP. Cần Thơ",3500000.0,87.5,street,3.0,3.0,3.0,40000.0,
SD2MU5,"07 Thanh Lương 18, P.Hòa Xuân, Q.Cẩm Lệ, TP. Đà Nẵng",9300000.0,93.0,street,4.0,4.0,3.0,100000.0,
UYGX9S,"11 Đường B23 Khu Vực 6, P.An Khánh, Q.Ninh Kiều, TP. Cần Thơ",6900000.0,87.67,street,8.0,6.0,3.0,78704.23,
UYGX7S,"20 Lỗ Giáng 7, P.Hòa Xuân, Q.Cẩm Lệ, TP. Đà Nẵng",5700000.0,57.0,street,1.0,1.0,1.0,100000.0,
RG5NCJ,"41 Hòa Minh 7, P.Hòa Minh, Q.Liên Chiểu, TP. Đà Nẵng",5900000.0,81.94,street,1.0,1.0,1.0,72003.91,
J2SEY0,"87A Trần Cao Vân, P.Xuân Hà, Q.Thanh Khê, TP. Đà Nẵng",9150000.0,183.0,street,3.0,4.0,5.0,50000.0,
9T7NXP,"30 Lê Quang Sung, P.Xuân Hà, Q.Thanh Khê, TP. Đà Nẵng",4100000.0,115.49,street,2.0,1.0,2.0,35500.91,
CWMMKB,"33 Chơn Tâm 5, P.Hòa Khánh Nam, Q.Liên Chiểu, TP. Đà Nẵng",6480000.0,55.43,street,3.0,3.0,3.0,116904.2,
85WWP3,"02 Trần Văn Giàu, Xã Hòa Châu, H.Hòa Vang, TP. Đà Nẵng",8600000.0,45.98,street,3.0,3.0,3.0,187037.84,
5H9NB7,"21 Nại Hiên Đông 15, P.Nại Hiên Đông, Q.Sơn Trà, TP. Đà Nẵng",6000000.0,93.16,street,2.0,1.0,1.0,64405.32,
QARRBU,"11 Hòa Minh 14, P.Hòa Minh, Q.Liên Chiểu, TP. Đà Nẵng",6800000.0,92.64,street,4.0,4.0,3.0,73402.42,
PNSHKG,"14 Hoàng Công Chất, P.Hoà Hải, Q.Ngũ Hành Sơn, TP. Đà Nẵng",10000000.0,100.0,street,10.0,10.0,4.0,100000.0,
6SEBT8,"83 Cao Xuân Dục, P.Thuận Phước, Q.Hải Châu, TP. Đà Nẵng",7900000.0,131.66,street,5.0,4.0,4.0,60003.04,
5H0R57,"98 Nguyễn Thị Bảy, P.Thanh Khê Tây, Q.Thanh Khê, TP. Đà Nẵng",7890000.0,83.14,street,2.0,2.0,2.0,94900.17,
6SCMJ8,"04B, Đường Số 9 KDC Hồng Phát, P.An Bình, Q.Ninh Kiều, TP. Cần Thơ",7200000.0,80.0,street,3.0,3.0,3.0,90000.0,
QA4DJU,"04 Nguyễn Như Hạnh, P.Hòa Minh, Q.Liên Chiểu, TP. Đà Nẵng",8790000.0,146.25,street,4.0,4.0,3.0,60102.56,
GXQC42,"101 Huỳnh Thúc Kháng, P.Phước Ninh, Q.Hải Châu, TP. Đà Nẵng",5350000.0,194.54,street,2.0,2.0,2.0,27500.77,
7KR97A,"14 Cẩm Bắc 7, P.Hòa Thọ Đông, Q.Cẩm Lệ, TP. Đà Nẵng",7200000.0,72.0,street,16.0,16.0,3.0,100000.0,
6SKKN8,"01 Bàu Mạc 18, P.Hòa Khánh Bắc, Q.Liên Chiểu, TP. Đà Nẵng",6900000.0,76.49,street,5.0,5.0,3.0,90207.87,
ACJJ4Y,"103 Giáp Văn Cương, P.Hòa Minh, Q.Liên Chiểu, TP. Đà Nẵng",6500000.0,73.94,street,2.0,1.0,2.0,87909.12,
7KRFXA,"Thửa 101 - tờ 42 Thôn Quan Châu, Xã Hòa Châu, H.Hòa Vang, TP. Đà Nẵng",5200000.0,17.63,street,3.0,2.0,2.0,294951.79,
PN89TG,"111 Dương Đức Hiền, P.Hòa Minh, Q.Liên Chiểu, TP. Đà Nẵng",8199999.999999999,113.88,street,4.0,4.0,3.0,72005.62,
EJZYE4,"36 Phạm Nhữ Tăng, P.Thanh Khê Đông, Q.Thanh Khê, TP. Đà Nẵng",7250000.0,121.03,street,3.0,4.0,3.0,59902.5,
6SHTH8,"107 Nguyễn Xuân Khoát, P.An Hải Bắc, Q.Sơn Trà, TP. Đà Nẵng",25900000.0,294.98,street,10.0,10.0,6.0,87802.56,
SDE845,"487 Văn Tiến Dũng, P.Hòa Xuân, Q.Cẩm Lệ, TP. Đà Nẵng",8199999.999999999,82.0,street,3.0,2.0,3.0,100000.0,
QAC1KU,"30 Đinh Công Tráng, P.Thuận Phước, Q.Hải Châu, TP. Đà Nẵng",10200000.0,127.5,street,4.0,5.0,4.0,80000.0,
5H4G47,"35 An Thượng 18, P.Mỹ An, Q.Ngũ Hành Sơn, TP. Đà Nẵng",9700000.0,191.69,street,4.0,5.0,3.0,50602.54,
GX8UY2,"Lô 38 phân khu B1-9 Nguyễn Sắc Kim, P.Hòa Xuân, Q.Cẩm Lệ, TP. Đà Nẵng",8900000.0,92.41,street,3.0,3.0,3.0,96309.92,
QADHTU,"380K Trần Nam Phú, P.An Khánh, Q.Ninh Kiều, TP. Cần Thơ",7900000.0,83.24,street,2.0,1.0,1.0,94906.3,
37YY3Q,"98 Trần Minh Sơn, P.An Khánh, Q.Ninh Kiều, TP. Cần Thơ",6500000.0,101.56,street,4.0,3.0,3.0,64001.58,
DE4UUH,"126 Lộ Vòng Cung, P.An Bình, Q.Ninh Kiều, TP. Cần Thơ",7500000.0,39.47,street,1.0,1.0,1.0,190017.73,
SDHPH5,"69 Đặng Huy Tá, P.Hòa Minh, Q.Liên Chiểu, TP. Đà Nẵng",6190000.0,72.82,street,1.0,1.0,1.0,85004.12,
ACB02Y,"60 Giáp Văn Cương, P.Hòa Minh, Q.Liên Chiểu, TP. Đà Nẵng",6400000.0,88.88,street,3.0,3.0,2.0,72007.2,
WP94MR,"Thửa 265 - Tờ 2 Nguyễn Văn Trỗi, P.Xuân Khánh, Q.Ninh Kiều, TP. Cần Thơ",4400000.0,94.82,street,4.0,3.0,4.0,46403.71,
1UQX16,"218 Hoàng Quốc Việt, P.An Bình, Q.Ninh Kiều, TP. Cần Thơ",8800000.0,88.0,street,1.0,1.0,2.0,100000.0,
QA7Z6U,"167A Hoàng Văn Thụ, P.Thới Bình, Q.Ninh Kiều, TP. Cần Thơ",1500000.0,59.9,street,1.0,1.0,2.0,25041.74,
GXNKP2,"81 Phạm Văn Ngôn, P.Hòa Khánh Bắc, Q.Liên Chiểu, TP. Đà Nẵng",6850000.0,67.82,street,4.0,2.0,3.0,101002.65,
QA7KVU,"560 Điện Biên Phủ, P.Thanh Khê Đông, Q.Thanh Khê, TP. Đà Nẵng",7750000.0,200.25,street,3.0,3.0,3.0,38701.62,
SDYAX5,"28 Hòa Minh 21, P.Hòa Minh, Q.Liên Chiểu, TP. Đà Nẵng",8250000.0,114.58,street,3.0,3.0,3.0,72002.09,
J2PFZ0,"149 Vũ Đình Liên, P.Hòa Xuân, Q.Cẩm Lệ, TP. Đà Nẵng",9500000.0,95.0,street,4.0,4.0,3.0,100000.0,
7KD6TA,"Thửa 57 - Tờ 80 Khu vực V, P.An Bình, Q.Ninh Kiều, TP. Cần Thơ",2380000.0,52.88,street,2.0,2.0,2.0,45007.56,
5HYTN7,"29 Hóa Sơn 6, P.Hòa Cường Nam, Q.Hải Châu, TP. Đà Nẵng",8800000.0,133.33,street,3.0,3.0,3.0,66001.65,
2MN5GZ,"34 Hòa Minh 14, P.Hòa Minh, Q.Liên Chiểu, TP. Đà Nẵng",6500000.0,92.85,street,2.0,2.0,2.0,70005.39,
7KDFHA,"11 Chơn Tâm 9, P.Hòa Khánh Nam, Q.Liên Chiểu, TP. Đà Nẵng",18600000.0,64.22,street,4.0,3.0,2.0,289629.4,
4JE8DF,"12 Phú Lộc 11, P.Thanh Khê Tây, Q.Thanh Khê, TP. Đà Nẵng",8289999.999999999,108.65,street,4.0,4.0,3.0,76300.05,
8S6W73,"231 Thái Thị Bôi, P.Chính Gián, Q.Thanh Khê, TP. Đà Nẵng",8950000.0,192.06,street,3.0,4.0,3.0,46600.02,
5DU6Q7,"22 Phong Bắc 9, P.Hòa Thọ Đông, Q.Cẩm Lệ, TP. Đà Nẵng",5880000.0,58.88,street,3.0,2.0,2.0,99864.13,
UA8VVS,"51 Nguyễn Hữu Thọ, P.Hòa Thuận Tây, Q.Hải Châu, TP. Đà Nẵng",17200000.0,207.72,street,4.0,4.0,3.0,82803.77,
7HUMXA,"73 Hòa Minh 14, P.Hòa Minh, Q.Liên Chiểu, TP. Đà Nẵng",7900000.0,102.33,street,4.0,4.0,3.0,77201.21,
4JC8KF,"243 Nguyễn Tất Thành, P.Thanh Bình, Q.Hải Châu, TP. Đà Nẵng",19200000.0,153.6,street,9.0,6.0,4.0,125000.0,
6YFES8,"Thửa 861 - tờ 08 KV Bình Phó B, P.Long Tuyền, Q.Bình Thuỷ, TP. Cần Thơ",4700000.0,470.0,street,3.0,4.0,3.0,10000.0,
3HWMWQ,"đường Đồng Văn Cống, P.An Thới, Q.Bình Thuỷ, TP. Cần Thơ",7200000.0,66.54,street,3.0,2.0,2.0,108205.59,
WTX3CR,"82 Dũng Sĩ Thanh Khê, P.Thanh Khê Tây, Q.Thanh Khê, TP. Đà Nẵng",4550000.0,87.5,street,3.0,2.0,2.0,52000.0,
WT21BR,"97 đường Phạm Ngũ Lão, P.Thới Bình, Q.Ninh Kiều, TP. Cần Thơ",8199999.999999999,105.12,street,4.0,3.0,3.0,78006.09,
EG00Q4,"151 đường D7 KDC Hồng Loan, P.Hưng Thạnh, Q.Cái Răng, TP. Cần Thơ",5990000.0,74.87,street,3.0,5.0,3.0,80005.34,
1AUWG6,"73 Ngô Thì Sỹ, P.Mỹ An, Q.Ngũ Hành Sơn, TP. Đà Nẵng",29800000.0,292.15,street,3.0,3.0,3.0,102002.4,
QHFY0U,"Thửa 142 - tờ 107 (số 211) đường Đồng Văn Cống, P.An Thới, Q.Bình Thuỷ, TP. Cần Thơ",6200000.0,86.83,street,1.0,1.0,2.0,71403.89,
5BJH37,"08 Lê Đình Chinh, P.Hoà Quý, Q.Ngũ Hành Sơn, TP. Đà Nẵng",5190000.0,51.99,street,3.0,2.0,2.0,99826.89,
9MGE3P,"40 đường B16 KDC 91B, P.An Khánh, Q.Ninh Kiều, TP. Cần Thơ",5500000.0,76.38,street,3.0,4.0,3.0,72008.38,
JN92S0,"75 Khái Tây 1, P.Hoà Quý, Q.Ngũ Hành Sơn, TP. Đà Nẵng",6500000.0,65.65,street,4.0,4.0,3.0,99009.9,
3YJENQ,"50 Nam Cao, KDC 91B, P.An Khánh, Q.Ninh Kiều, TP. Cần Thơ",6290000.0,113.12,street,5.0,6.0,4.0,55604.67,
W232NR,"33 Đường số 9 KDC Đại học Y Dược, P.An Khánh, Q.Ninh Kiều, TP. Cần Thơ",6990000.0,109.21,street,4.0,3.0,3.0,64005.13,
5C90H7,"48 Hòa Bình 2, P.Hoà Quý, Q.Ngũ Hành Sơn, TP. Đà Nẵng",4700000.0,47.0,street,2.0,1.0,1.0,100000.0,
21UKPZ,"Thửa 5 - tờ 9 Mỹ Đồng, TDP 4, P.Lê Hồng Phong, TP.Thuỷ Nguyên, TP. Hải Phòng",6000000.0,32.91,street,3.0,2.0,2.0,182315.41,
7C25CA,"Thửa 226B - tờ 01 Thôn Sú 2, P.Hoàng Lâm, TP.Thuỷ Nguyên, TP. Hải Phòng",1500000.0,15.3,street,1.0,1.0,1.0,98039.22,
JZNYB0,"C23 số 2 – KĐT An Cựu City, P.An Đông, Q.Thuận Hóa, TP. Huế",4970000.0,61.35,street,3.0,3.0,4.0,81010.59,
WPDB7R,"Thửa 3921 - tờ 149 Thôn Lệ Sơn 1, Xã Hòa Tiến, H.Hòa Vang, TP. Đà Nẵng",2450000.0,29.91,street,2.0,3.0,2.0,81912.4,
QA2D1U,"Thửa 56 - tờ 21 Kiệt 46, Trường Sơn, P.Hòa Thọ Tây, Q.Cẩm Lệ, TP. Đà Nẵng",3190000.0,39.38,street,2.0,2.0,1.0,81005.59,
8592G3,"Thửa 1795 - tờ 38 Thôn Thạch Nham Tây, Xã Hòa Nhơn, H.Hòa Vang, TP. Đà Nẵng",2250000.0,27.17,street,4.0,2.0,2.0,82811.92,
0ZSTG9,"77 Nguyễn Thị Minh Khai, P.Hải Châu, Q.Hải Châu, TP. Đà Nẵng",7450000.0,232.81,street,1.0,1.0,2.0,32000.34,
SD0MA5,"14 Trung Hòa 1, P.Hoà Quý, Q.Ngũ Hành Sơn, TP. Đà Nẵng",6200000.0,68.88,street,4.0,3.0,3.0,90011.61,
DE27VH,"Lô260 TĐC Hòa Ninh 1, Xã Hòa Ninh, H.Hòa Vang, TP. Đà Nẵng",2450000.0,25.78,street,1.0,1.0,1.0,95034.91,
EJ2DF4,"Thửa 1721 - tờ 21 Thôn Lệ Sơn Nam, Xã Hòa Tiến, H.Hòa Vang, TP. Đà Nẵng",3500000.0,31.81,street,2.0,1.0,1.0,110028.29,
ACBU5Y,"220 Đường A2, KDC Hưng Phú, P.Hưng Phú, Q.Cái Răng, TP. Cần Thơ",8500000.0,118.05,street,3.0,3.0,3.0,72003.39,
UYY76S,"194 Xô Viết Nghệ Tĩnh, P.Tân An, Q.Ninh Kiều, TP. Cần Thơ",7900000.0,142.85,street,1.0,1.0,2.0,55302.77,
SDAZE5,"Lô số 41 Võ Duy Dương, P.Hòa Hiệp Nam, Q.Liên Chiểu, TP. Đà Nẵng",6600000.0,52.8,street,4.0,3.0,2.0,125000.0,
AKA3HY,"Thửa 299 - Tờ 508 Bờ Quan 3, P.Hoà Quý, Q.Ngũ Hành Sơn, TP. Đà Nẵng",15300000.0,124.39,street,19.0,19.0,6.0,123000.24,
Q7QBGU,"48 Đống Công Tường, P.Hòa Xuân, Q.Cẩm Lệ, TP. Đà Nẵng",5490000.0,54.9,street,3.0,2.0,2.0,100000.0,
6U65A8,"Lô 125 Khu B2-108 đường Phan Hoan, P.Hoà Quý, Q.Ngũ Hành Sơn, TP. Đà Nẵng",7600000.0,60.8,street,3.0,3.0,3.0,125000.0,
35V3SQ,"66 Huỳnh Phan Hộ, P.Trà An, Q.Bình Thuỷ, TP. Cần Thơ",3100000.0,36.77,street,2.0,2.0,2.0,84307.86,
UCA8BS,"Dự Án Emerald Bao Vinh Nguyễn  Văn Linh Nối Dài, P.Hương Vân, TX.Hương Trà, TP. Huế",3550000.0,33.49,street,3.0,3.0,3.0,106001.79,
EP7JE4,"14 Sơn Thủy Đông 1, P.Khuê Mỹ, Q.Ngũ Hành Sơn, TP. Đà Nẵng",16800000.0,186.66,street,6.0,8.0,5.0,90003.21,
SK9AJ5,"Thửa 678 - tờ 6 đường H38, Thôn Phương Chử Tây, Xã Trường Thành, H.An Lão, TP. Hải Phòng",5900000.0,50.12,street,2.0,2.0,2.0,117717.48,
ABZFAY,"16 Mỹ Đa Đông 8, P.Mỹ An, Q.Ngũ Hành Sơn, TP. Đà Nẵng",11700000.0,136.84,street,3.0,2.0,2.0,85501.32,
65A9D8,"đường D4, KDC Hồng Loan, P.Hưng Thạnh, Q.Cái Răng, TP. Cần Thơ",4500000.0,64.37,street,4.0,3.0,3.0,69908.34,
85T943,"15 Mỹ Đa Đông 2, P.Mỹ An, Q.Ngũ Hành Sơn, TP. Đà Nẵng",11500000.0,159.72,street,1.0,1.0,2.0,72001.0,
UY9QVS,"43 Đường Số 3 KDC TĐC Thới Nhựt 2, P.Tân An, Q.Ninh Kiều, TP. Cần Thơ",4300000.0,47.77,street,4.0,3.0,3.0,90014.65,
UYEQPS,"51 Mỹ Đa Tây 10, P.Khuê Mỹ, Q.Ngũ Hành Sơn, TP. Đà Nẵng",23900000.0,217.27,street,12.0,12.0,7.0,110001.38,
37AV0Q,"74 Đường B24, Khu dân cư 91B, P.An Khánh, Q.Ninh Kiều, TP. Cần Thơ",6600000.0,85.05,street,4.0,4.0,3.0,77601.41,
857MC3,"207 Đường Số 6, KDC Thới Nhựt, P.An Khánh, Q.Ninh Kiều, TP. Cần Thơ",4900000.0,54.44,street,3.0,2.0,2.0,90007.35,
UYD21S,"F60 KDC Hàng Bàng, Quốc lộ 91B, P.An Khánh, Q.Ninh Kiều, TP. Cần Thơ",4000000.0,50.0,street,3.0,3.0,2.0,80000.0,
0MQW09,"54 đường B25, Khu dân cư 91B, P.An Khánh, Q.Ninh Kiều, TP. Cần Thơ",5200000.0,66.99,street,1.0,1.0,3.0,77623.53,
1AU876,"Thửa 472a - tờ 21 Thôn Vũ Vị (Minh Tân mới), Xã Minh Tân, H.Kiến Thuỵ, TP. Hải Phòng",2150000.0,32.87,street,2.0,2.0,2.0,65409.19,
EPS294,"Thửa 2001 - tờ 3 Tổ dân phố Thiên Hương 3, P.Thiên Hương, TP.Thuỷ Nguyên, TP. Hải Phòng",2000000.0,12.89,street,3.0,3.0,3.0,155159.04,
211JQZ,"3 Đường số 6 Khu TDDC Đại Học Y Dược, P.An Khánh, Q.Ninh Kiều, TP. Cần Thơ",4600000.0,71.87,street,4.0,4.0,3.0,64004.45,
EJ9AW4,"29 Đường Số 19, KDC Vạn Phát, P.Cái Khế, Q.Ninh Kiều, TP. Cần Thơ",7200000.0,60.0,street,13.0,13.0,4.0,120000.0,
QHZH3U,"Thửa L299, lô LK14-S2-R1 Khu đô thị Centa City VSIP, P.An Lư, TP.Thuỷ Nguyên, TP. Hải Phòng",4350000.0,58.0,street,3.0,3.0,3.0,75000.0,
3D4YVQ,"Lô C254 đường 5F - Khu C, KĐT mới Mỹ Thượng, Xã Phú Mỹ, H.Phú Vang, TP. Huế",3650000.0,34.76,street,4.0,3.0,3.0,105005.75,
6AK4D8,"Thửa 930 - tờ 14 Hoàng Quốc Việt (Tỉnh lộ 1 cũ), Xã Thủy Thanh, TX.Hương Thủy, TP. Huế",2490000.0,17.78,street,1.0,1.0,1.0,140044.99,
QDJ3VU,"M24 Đường số 10 KDC Số 11, KĐT Nam Cần Thơ, P.Hưng Phú, Q.Cái Răng, TP. Cần Thơ",5400000.0,45.0,street,3.0,4.0,3.0,120000.0,
1UEKQ6,"Lô 8 khu B2-38 Khu đô thị Công nghệ FPT, P.Hoà Hải, Q.Ngũ Hành Sơn, TP. Đà Nẵng",15500000.0,143.51,street,14.0,14.0,7.0,108006.41,
857EX3,"Lô 13, khu B2 -126 khu đô thị công nghệ FPT, P.Hoà Hải, Q.Ngũ Hành Sơn, TP. Đà Nẵng",13800000.0,143.75,street,12.0,12.0,6.0,96000.0,
5DQ2X7,"Lô 8 B2 - 2 đường Hòa Mỹ 6, P.Hòa Minh, Q.Liên Chiểu, TP. Đà Nẵng",6950000.0,63.18,street,5.0,3.0,3.0,110003.17,
JXU860,"Thửa 1038 - tờ 15 đường 14B, Khu TĐC Văn hóa Tây Đô, P.Hưng Thạnh, Q.Cái Răng, TP. Cần Thơ",7200000.0,80.0,street,4.0,5.0,4.0,90000.0,
UKP7US,"T-207 KĐT công nghiệp và dịch vụ VSIP, P.An Lư, TP.Thuỷ Nguyên, TP. Hải Phòng",4350000.0,58.0,street,3.0,3.0,3.0,75000.0,
49ZUUF,"Thửa 5661 - Tờ 1 KDC Phú An (lô số 20), đường số 54, P.Phú Thứ, Q.Cái Răng, TP. Cần Thơ",4490000.0,37.35,street,6.0,3.0,3.0,120214.19,
0ZGCG9,"Thửa 1005 - Tờ 15, Đường số 7 Khu tái định cư Trung tâm văn hóa Tây Đô, P.Hưng Thạnh, Q.Cái Răng, TP. Cần Thơ",4300000.0,48.47,street,3.0,3.0,2.0,88714.67,
8Y7AT3,"đường Trần Hoàng Na, Khu dân cư Cái Sơn - Hàng Bàng (Khu B), P.An Bình, Q.Ninh Kiều, TP. Cần Thơ",15000000.0,76.21,street,4.0,2.0,2.0,196824.56,
1GC26T,"Nguyễn Văn Hưởng, Thảo Điền, TP.Thủ Đức, TP.HCM",115000000.0,176.65,street,5.0,5.0,3.0,651004.81,
K54JCJ,"Huỳnh Tấn Phát, P.Tân Thuận Tây, Q.7, TP.HCM",27000000.0,135.0,street,5.0,4.0,2.0,200000.0,
SMWF5Y,"98 Lâm Văn Bền, Tân Kiểng, Q.7, TP.HCM",80000000.0,366.3,street,8.0,12.0,9.0,218400.22,
CSERBC,"226 Nguyễn Sơn, P.Phú Thọ Hòa, Q.Tân Phú, TP.HCM",19000000.0,201.48,street,6.0,7.0,6.0,94302.16,
64748Y,"Số 6, Xã Bình Hưng, H.Bình Chánh, TP.HCM",30000000.0,150.0,street,3.0,4.0,3.0,200000.0,
85ZZ03,"Ký Con, P.4, TP.Vũng Tàu, BRVT",17000000.0,75.35,street,1.0,1.0,1.0,225613.8,
Y686D6,"27 Đội Cung, P.11, Q.11, TP.HCM",8800000.0,222.78,street,3.0,3.0,4.0,39500.85,
WQMTR9,"Nội khu dân cư hưng thái 2, P.Tân Thuận Đông, Q.7, TP.HCM",39500000.0,313.49,street,4.0,4.0,3.0,126000.83,
ABEKBY,"17B Lương Thế Vinh, P.Phước Long, TP.Nha Trang, Khánh Hòa",7000000.0,127.73,street,2.0,2.0,3.0,54803.1,
4JSKVF,"Thửa 3862 tờ 138, Đường Lê Chí Dân, P.Tân An, TP.Thủ Dầu Một, Bình Dương",2950000.0,40.68,street,2.0,1.0,2.0,72517.21,
6SSBU8,"Nguyễn Công Trứ, P.Vạn Thạnh, TP.Nha Trang, Khánh Hòa",17000000.0,196.53,street,4.0,5.0,4.0,86500.79,
ACDMSY,"67/1 đường ĐT 743, P.An Phú, TP.Thuận An, Bình Dương",28000000.0,53.89,street,1.0,1.0,1.0,519576.92,
82RB3A,"44 Trương Quốc Dung, P.10, Q.Phú Nhuận, TP.HCM",23000000.0,498.91,street,2.0,3.0,3.0,46100.5,
1UUCE6,"Đoàn Thị Điểm, P.Vạn Thạnh, TP.Nha Trang, Khánh Hòa",17500000.0,174.65,street,6.0,4.0,2.0,100200.4,
Q7QX5U,"F5 Văn Cao, P.2, TP.Vũng Tàu, BRVT",26000000.0,94.61,street,5.0,5.0,3.0,274812.39,
02V7D9,"28 đường D3, KDC K8, P.Hiệp Thành, TP.Thủ Dầu Một, Bình Dương",6300000.0,68.1,street,3.0,4.0,3.0,92511.01,
AB4TMY,"đường F3 và đường F4, P.Phước Long, TP.Nha Trang, Khánh Hòa",14500000.0,89.61,street,1.0,2.0,1.0,161812.3,
QAEX7U,"Số 69H Bửu Đoá, P.Phước Long, TP.Nha Trang, Khánh Hòa",3500000.0,63.52,street,2.0,1.0,2.0,55100.76,
SDRA05,"số 6 Nguyễn Văn Thành, P.Vĩnh Nguyên, TP.Nha Trang, Khánh Hòa",2950000.0,91.61,street,2.0,2.0,2.0,32201.72,
5D2VE7,"Thửa 1631 - tờ 150 Bình Đường 4, P.Dĩ An, TP.Dĩ An, Bình Dương",5000000.0,66.66,street,3.0,3.0,2.0,75007.5,
7K1XNA,"132 Lý Thường Kiệt, P.1, TP.Vũng Tàu, BRVT",15000000.0,131.81,street,3.0,3.0,2.0,113800.17,
QAX9RU,"Huỳnh Thị Khá, P.Phú Thủy, TP.Phan Thiết, Bình Thuận",2900000.0,42.33,street,2.0,2.0,2.0,68509.33,
KF82UC,"đường Cầu Bè, thôn Phú Vinh, Xã Vĩnh Thạnh, TP.Nha Trang, Khánh Hòa",5200000.0,51.63,street,3.0,3.0,3.0,100716.64,
QA4A5U,"Lô số 34 đường B10 VCN - Phước Long 2, P.Phước Long, TP.Nha Trang, Khánh Hòa",7000000.0,116.66,street,3.0,4.0,3.0,60003.43,
21M2DZ,"đường Nguyễn Phi Khanh, Lô 26 - Ô 26, KDC đường Đệ, P.Vĩnh Hòa, TP.Nha Trang, Khánh Hòa",5900000.0,86.76,street,3.0,2.0,2.0,68003.69,
3AD6ZQ,"10 đường 30 tháng 4, P.9, TP.Vũng Tàu, BRVT",14800000.0,120.12,street,5.0,6.0,4.0,123210.12,
ACXRAY,"đường Võ Trứ, P.Tân Tiến, TP.Nha Trang, Khánh Hòa",9790000.0,260.37,street,4.0,3.0,4.0,37600.34,
WP3S5R,"50 đường số 3, P.Tân Tiến, TP.Nha Trang, Khánh Hòa",15500000.0,90.74,street,4.0,2.0,3.0,170817.72,
Q530DU,"Quốc lộ 51, P.Mỹ Xuân, TP.Phú Mỹ, BRVT",6850000.0,36.24,street,4.0,3.0,2.0,189017.66,
C0NE3B,"Lê Hồng Phong, P.Phước Hải, TP.Nha Trang, Khánh Hòa",13500000.0,136.36,street,4.0,3.0,4.0,99002.64,
Q5HK2U,"Lê Trọng Tấn, Sơn Kỳ, Q.Tân Phú, Ho Chi Minh City",22000000.0,171.58,street,6.0,3.0,4.0,128220.07,
QAPNRU,"đường Cù Huân, P.Vĩnh Thọ, TP.Nha Trang, Khánh Hòa",10400000.0,193.66,street,3.0,3.0,3.0,53702.36,
5HGE17,"Nguyễn Tất Thành, P.Phước Long, TP.Nha Trang, Khánh Hòa",6500000.0,78.69,street,3.0,2.0,2.0,82602.62,
CWUG1B,"đường Phước Long, P.Phước Long, TP.Nha Trang, Khánh Hòa",7990000.0,114.14,street,2.0,2.0,2.0,70001.75,
7CBYTA,"10 Nguyễn Khanh, P.Phước Hải, TP.Nha Trang, Khánh Hòa",8500000.0,181.62,street,3.0,3.0,3.0,46801.01,
UY5VYS,"1294 đường 23/10, Xã Vĩnh Trung, TP.Nha Trang, Khánh Hòa",10800000.0,37.89,street,1.0,1.0,1.0,285035.63,
6S0G58,"Phù Đổng, P.Tân Tiến, TP.Nha Trang, Khánh Hòa",13500000.0,141.21,street,1.0,1.0,1.0,95602.29,
DEGCSH,"Cù Lao Trung, P.Vĩnh Thọ, TP.Nha Trang, Khánh Hòa",2900000.0,81.92,street,3.0,3.0,3.0,35400.39,
WGNAFR,"Lô 17-STH19 đường số 8, KĐT Hà Quang 1, P.Phước Hải, TP.Nha Trang, Khánh Hòa",11600000.0,116.0,street,4.0,4.0,3.0,100000.0,
8SDAJ3,"Thửa 353 - tờ 15, đường Bình Đức, P.Lái Thiêu, TP.Thuận An, Bình Dương",8500000.0,30.0,street,2.0,2.0,2.0,283333.33,
21SQCZ,"150 Ngô Gia Tự, P.Phước Hòa, TP.Nha Trang, Khánh Hòa",14500000.0,315.21,street,3.0,3.0,3.0,46001.08,
65AMW8,"11A, Phố 3 Hải Long, P.Hồng Hải, TP.Hạ Long, Quảng Ninh",9000000.0,153.06,street,5.0,5.0,5.0,58800.47,
2XQM5Z,"Thửa 771 - tờ 56, đường Lê Đức Thọ, P.Hắc Dịch, TP.Phú Mỹ, BRVT",14000000.0,40.0,street,3.0,2.0,1.0,350000.0,
6YW4M8,"75 Nguyễn Tiến Tài, P.Hưng Bình, TP.Vinh, Nghệ An",7000000.0,43.88,street,3.0,3.0,3.0,159525.98,
AC0JEY,"đường Trần Phú, P.Vĩnh Trường, TP.Nha Trang, Khánh Hòa",47000000.0,138.23,street,4.0,5.0,3.0,340013.02,
EJNGN4,"122 Lưu Hữu Phước, Xã Phước Đồng, TP.Nha Trang, Khánh Hòa",5300000.0,58.88,street,3.0,4.0,1.0,90013.59,
WPT6YR,"16 Lê Chân, P.Tân Tiến, TP.Nha Trang, Khánh Hòa",8800000.0,306.62,street,2.0,3.0,5.0,28700.02,
GXXTU2,"109 Nguyễn Trường Tộ, P.Sơn Phong, TP.Hội An, Quảng Nam",31500000.0,84.76,street,1.0,1.0,4.0,371637.56,
UY56HS,"233 Dường Vân Nga, P.Vĩnh Phước, TP.Nha Trang, Khánh Hòa",5750000.0,49.86,street,3.0,1.0,1.0,115322.9,
UY44FS,"Hoàng Trinh, P.Vĩnh Hải, TP.Nha Trang, Khánh Hòa",12100000.0,79.97,street,5.0,5.0,4.0,151306.74,
ACRQ6Y,"Lý Thánh Tôn, P.Vạn Thạnh, TP.Nha Trang, Khánh Hòa",30000000.0,132.97,street,5.0,3.0,3.0,225614.8,
40GZTF,"Thửa 14 - tờ 15, đường Trần Hưng Đạo, P.Phú Thủy, TP.Phan Thiết, Bình Thuận",6000000.0,50.89,street,6.0,4.0,1.0,117901.36,
6SWF38,"Thửa 43 - tờ 76, Lô 39 đường Triệu Quang Phục, Khu dân cư Đường Đệ, P.Vĩnh Hòa, TP.Nha Trang, Khánh Hòa",4500000.0,66.66,street,2.0,1.0,1.0,67506.75,
PN5RRG,"21A Lê Văn Tám, P.Phước Long, TP.Nha Trang, Khánh Hòa",5400000.0,98.72,street,2.0,1.0,1.0,54700.16,
A4W92Y,"Thửa 1578 - tờ 1 đường D1, kdc ICON CENTRAL, P.Tân Đông Hiệp, TP.Dĩ An, Bình Dương",5600000.0,87.5,street,4.0,4.0,3.0,64000.0,
C0P2FB,"Thửa 1488 - tờ 105 đường N4, kdc ICON CENTRAL, P.Tân Đông Hiệp, TP.Dĩ An, Bình Dương",5500000.0,91.66,street,4.0,4.0,3.0,60004.36,
YBTA4D,"32 Lương Văn Nho, P.9, TP.Vũng Tàu, BRVT",7800000.0,128.92,street,2.0,2.0,1.0,60502.64,
8YGDK3,"08 Khu HC 13 (Xóm Láp), P.Liên Bảo, TP.Vĩnh Yên, Vĩnh Phúc",2350000.0,67.14,street,3.0,3.0,3.0,35001.49,
AC6MEY,"378 Lê Hồng Phong, P.3, TP.Vũng Tàu, BRVT",76000000.0,309.69,street,20.0,20.0,8.0,245406.7,
6SY438,"200 Điện Biên Phủ, P.Vĩnh Hòa, TP.Nha Trang, Khánh Hòa",11800000.0,159.67,street,3.0,2.0,3.0,73902.42,
28Y17Z,"19 Nguyễn Công Trứ, P.Đông Hòa, TP.Dĩ An, Bình Dương",6000000.0,65.21,street,3.0,2.0,2.0,92010.43,
0NJE19,"Trần Nguyên Hãn, P.Phước Hòa, TP.Nha Trang, Khánh Hòa",7400000.0,185.46,street,2.0,1.0,1.0,39900.79,
677P08,"Mê Linh, P.Tân Tiến, TP.Nha Trang, Khánh Hòa",14800000.0,163.17,street,4.0,5.0,3.0,90702.95,
UYYEPS,"47 Điện Biên Phủ, P.Vĩnh Hòa, TP.Nha Trang, Khánh Hòa",8000000.0,80.6,street,4.0,5.0,5.0,99255.58,
2MX46Z,"131C Nguyễn Duy Hiệu, P.Cẩm Châu, TP.Hội An, Quảng Nam",9800000.0,70.25,street,3.0,2.0,2.0,139501.78,
YEBPKD,"647A 21 tháng 8, P.Bảo An, TP.Phan Rang-Tháp Chàm, Ninh Thuận",3450000.0,32.06,street,3.0,3.0,3.0,107610.73,
PXZH2G,"Nhơn Ái, Phong Điền, Cần Thơ",1150000.0,10.45,street,2.0,2.0,1.0,110047.85,
YBB4UD,"137B Trung tâm xã, Xã Vĩnh Thạnh, TP.Nha Trang, Khánh Hòa",2300000.0,20.6,street,2.0,2.0,2.0,111650.49,
QA78AU,"397 Trần Thủ Độ, P.Điện Nam Trung, TX.Điện Bàn, Quảng Nam",5700000.0,39.33,street,1.0,1.0,1.0,144927.54,
UHQMCS,"Phạm Văn Đồng, P.Vĩnh Hòa, TP.Nha Trang, Khánh Hòa",9260000.0,220.66,street,2.0,1.0,2.0,41965.01,
W25Q3R,"Trần Hưng Đạo, P.Đông Hòa, TP.Dĩ An, Bình Dương",15000000.0,67.81,street,1.0,1.0,1.0,221206.31,
ACFKCY,"35 đường P1, Khu dân cư Phú Nông, Xã Vĩnh Ngọc, TP.Nha Trang, Khánh Hòa",9000000.0,101.23,street,3.0,4.0,3.0,88906.45,
3AHVRQ,"Lô C4 -  Căn 16 số 2, P.Vĩnh Quang, TP.Rạch Giá, Kiên Giang",3500000.0,38.88,street,3.0,3.0,2.0,90020.58,
5H1QK7,"29 Hạ Mộ Công, P.Quang Trung, TP.Uông Bí, Quảng Ninh",5500000.0,55.0,street,3.0,2.0,3.0,100000.0,
40UTEF,"49 Bắc Sơn, P.Vĩnh Hải, TP.Nha Trang, Khánh Hòa",28000000.0,93.24,street,4.0,5.0,3.0,300300.3,
3D0GAQ,"Thửa 250 - Tờ 12 ( Số nhà 65) Chu Mạnh Trinh, P.Tân Thành, TP.Buôn Ma Thuột, Đắk Lắk",5200000.0,65.9,street,3.0,2.0,2.0,78907.44,
877BX3,"Hương Trà, Đà Nẵng",980.0,12.89,street,2.0,1.0,1.0,76.03,
AC6RUY,"03 Hiền Lương, P.Phước Hòa, TP.Nha Trang, Khánh Hòa",13200000.0,121.1,street,1.0,4.0,2.0,109000.83,
0X0DT9,"333 DT741, Xã Phước Hoà, H.Phú Giáo, Bình Dương",1800000.0,24.0,street,3.0,3.0,1.0,75000.0,
15TW16,"Trần nguyên hãn, P.Phước Hòa, TP.Nha Trang, Khánh Hòa",11800000.0,168.57,street,3.0,2.0,2.0,70000.59,
YF3GTD,"41 1, P.Tam Hiệp, TP.Biên Hòa, Đồng Nai",35000000.0,137.74,street,5.0,4.0,3.0,254101.93,
RGVA8J,"Thửa 616 - tờ 19, đường Đặng Như Mai, Thạnh Mỹ Lợi, Q.2, TP.HCM",58000000.0,200.55,land,,,,289204.69,
4PBVHF,"49/3a Đỗ Tấn Phong, Tân Đông Hiệp, Dĩ An, TP.HCM",2950000.0,45.38,land,,,,65006.61,
3Y32PQ,"44 Quốc lộ 1K, P.Đông Hòa, TP.Dĩ An, TP.HCM",5950000.0,39.66,land,,,,150025.21,
WZ8H4R,"254/4A Phạm Văn Chí, P.Bình Tiên, Q.6, TP.HCM",4700000.0,94.37,land,,,,49803.96,
KJN5TC,"160 số 1, P.Long Trường, TP.Thủ Đức, TP.HCM",6700000.0,49.92,land,,,,134214.74,
5KJT47,"Thửa 697 - tờ 39 Suối Lội, Xã Phước Vĩnh An, H.Củ Chi, TP.HCM",3100000.0,29.77,land,,,,104131.68,
J2HMW0,"Thửa 665 - Tờ 64 Huỳnh Thị Dần, Xã Bình Mỹ, H.Củ Chi, TP.HCM",2200000.0,16.15,land,,,,136222.91,
8YFVS3,"265/98/6 Bùi Văn Ngữ, P.Hiệp Thành, Q.12, TP.HCM",3500000.0,39.72,land,,,,88116.82,
SC01C5,"299/11 Bình Thành, P.Bình Hưng Hoà B, Q.Bình Tân, TP.HCM",22400000.0,36.24,land,,,,618101.55,
C0X7ZB,"266/40/25G Tôn Đản, P.8, Q.4, TP.HCM",5800000.0,85.41,land,,,,67907.74,
5BDDC7,"64 Số 2, P.Dĩ An, TP.Dĩ An, TP.HCM",7500000.0,100.0,land,,,,75000.0,
3DWX4Q,"1454/12E Lê Văn Lương, Xã Phước Kiển, H.Nhà Bè, TP.HCM",5200000.0,40.78,land,,,,127513.49,
JNQDY0,"70/22 Phan Huy Ích, P.14, Q.Gò Vấp, TP.HCM",6700000.0,87.12,land,,,,76905.42,
9NQ1SP,"Thửa 814 - tờ 167 Dương Công Khi, Ấp 1, Xã Xuân Thới Thượng, H.Hóc Môn, TP.HCM",3200000.0,39.07,land,,,,81904.27,
5KJEU7,"Thửa 812 - tờ 167 Dương Công Khi, Ấp 1, Xã Xuân Thới Thượng, H.Hóc Môn, TP.HCM",3200000.0,39.26,land,,,,81507.9,
D4G0BH,"Thửa 815 - tờ 167 Dương Công Khi, Ấp 1, Xã Xuân Thới Thượng, H.Hóc Môn, TP.HCM",3200000.0,37.29,land,,,,85813.89,
0JSF9N,"Thửa 541 - Tờ: 53, Đường Bùi Công Trừng, Xã Đông Thạnh, H.Hóc Môn, TP.HCM",4500000.0,31.71,land,,,,141911.07,
A4GAQY,"48 Cây Trâm, P.08, Q.Gò Vấp, TP.HCM",68100000.0,127.0,land,,,,536220.47,
7EPP8A,"44 TL 54, P.Thạnh Lộc, Q.12, TP.HCM",5500000.0,48.88,land,,,,112520.46,
RNQHQJ,"Số 6, P.Tam Bình, TP.Thủ Đức, TP.HCM",14500000.0,67.41,land,,,,215101.62,
AC4EEY,"Thửa 759 -  Tờ 24 Đình Phong Phú, Tăng Nhơn Phú B, Q.9, TP.HCM",6200000.0,76.54,land,,,,81003.4,
SC0MY5,"12 Hẻm 4, P.Tân Thới Nhất, Q.12, TP.HCM",8500000.0,68.16,land,,,,124706.57,
3HY7UQ,"Thửa 752 - Tờ 4 Thạnh Lộc 47, P.Thạnh Lộc, Q.12, TP.HCM",22000000.0,44.08,land,,,,499092.56,
9M07MP,"121 Thạnh Xuân 52, P.Thạnh Xuân, Q.12, TP.HCM",120000000.0,33.32,land,,,,3601440.58,
6AXTU8,"Thửa 939 - Tờ 1 Quốc Lộ 1A, P.An Phú Đông, Q.12, TP.HCM",3790000.0,61.12,land,,,,62009.16,
GMWW72,"170 số 25, Xã Tân Thông Hội, H.Củ Chi, TP.HCM",2000000.0,1.91,land,,,,1047120.42,
857FV3,"Thửa 615-Tờ 14 Huỳnh Thị Mua, Xã Thái Mỹ, H.Củ Chi, TP.HCM",880.0,2.74,land,,,,321.17,
SC6665,"MPN 90/4/25 (Thửa 632 - Tờ 12) Thạnh Xuân 51, P.Thạnh Xuân, Q.12, TP.HCM",2880000.0,41.14,land,,,,70004.86,
SDHK65,"Thửa 785 - tờ 5 Thạnh Lộc 43, P.An Phú Đông, Q.12, TP.HCM",3750000.0,72.67,land,,,,51603.14,
85GZ23,"Thửa 2392 - tờ 18 đường Thạnh Xuân 43, P.Thới An, Q.12, TP.HCM",4650000.0,55.55,land,,,,83708.37,
7EPF8A,"18C Đường 439, Xã Phú Hòa Đông, H.Củ Chi, TP.HCM",4770000.0,5.95,land,,,,801680.67,
WTG41R,"408/24 Hà Huy Giáp, P.Thạnh Lộc, Q.12, TP.HCM",29000000.0,37.76,land,,,,768008.47,
9M5UYP,"96 TCH 03, P.Tân Chánh Hiệp, Q.12, TP.HCM",7100000.0,60.37,land,,,,117608.08,
JRDJ0D,"Thửa 655 - Tờ 43 Bờ Xe Lam, Xã Tân Kiên, H.Bình Chánh, TP.HCM",8500000.0,30.27,land,,,,280806.08,
SC0MH5,"26 Hẻm 106, P.Tây Thạnh, Q.Tân Phú, TP.HCM",9200000.0,84.4,land,,,,109004.74,
QHJBPU,"207 Nam Cao, P.Tân Phú, TP.Thủ Đức, TP.HCM",5010000.0,33.4,land,,,,150000.0,
G1X7J2,"Nguyễn Thị Lắng, Xã Phước Vĩnh An, H.Củ Chi, TP.HCM",850.0,4.25,land,,,,200.0,
Q7V79U,"Thửa 659 - tờ 42 đường số 691, Xã Thái Mỹ, H.Củ Chi, TP.HCM",1220000.0,8.44,land,,,,144549.76,
YWCUMD,"1231/21/16 Tỉnh lộ 43, TP.Thủ Đức, TP.HCM",2000000.0,19.54,land,,,,102354.15,
8D7XB3,"Thửa 513 - Tờ 23 Thạnh Xuân 31, P.Thạnh Xuân, Q.12, TP.HCM",19500000.0,33.5,land,,,,582089.55,
YEXGVD,"Thửa 508 - Tờ 44 hẻm Đường Vành Đai 4, Xã Nhuận Đức, H.Củ Chi, TP.HCM",8000000.0,2.6,land,,,,3076923.08,
3517YQ,"Vành Đai 3, Xã Bình Chánh, H.Bình Chánh, TP.HCM",2300000.0,25.55,land,,,,90019.57,
QKEYGU,"Nguyễn Thị Thử, Xã Xuân Thới Sơn, H.Hóc Môn, TP.HCM",2980000.0,30.1,land,,,,99003.32,
YWFGCD,"Phan Văn Hớn, Xã Bà Điểm, H.Hóc Môn, TP.HCM",4600000.0,45.09,land,,,,102018.19,
7KW1KA,"Nhị Bình 10A, Xã Nhị Bình, H.Hóc Môn, TP.HCM",8900000.0,16.12,land,,,,552109.18,
PZ4W5G,"Đường Vạn Kiếp, P.1, Q.Bình Thạnh, TP.HCM",13500000.0,145.31,land,,,,92904.82,
8DC1H3,"Thửa 686 - tờ 54 đường số 8, P.Hiệp Bình Phước, TP.Thủ Đức, TP.HCM",7300000.0,46.76,land,,,,156116.34,
AE7MDY,"Thửa 1094 - Tờ 12 đường Cầu Ô Giá, Xã Thái Mỹ, H.Củ Chi, TP.HCM",1280000.0,2.12,land,,,,603773.58,
8SRDH3,"Võ Trần Chí, Xã Tân Nhựt, H.Bình Chánh, TP.HCM",3400000.0,26.98,land,,,,126019.27,
7EPNKA,"Hẻm 10 Lê Đức Thọ, P.15, Q.Gò Vấp, TP.HCM",6500000.0,59.78,land,,,,108732.02,
UK04ES,"1177 Lê Đức Thọ, P.13, Q.Gò Vấp, TP.HCM",111200000.0,115.34,land,,,,964106.12,
6A4278,"74/7/8 Phan Đăng Lưu, P.05, Q.Phú Nhuận, TP.HCM",4200000.0,128.44,land,,,,32700.09,
K0ZNRC,"752 Trần Văn Mười, Xã Bà Điểm, H.Hóc Môn, TP.HCM",4500000.0,40.9,land,,,,110024.45,
67SBB8,"Thửa 528 - Tờ 49 Tổ 50, Khu phố 3, P.An Phú Đông, Q.12, TP.HCM",2400000.0,32.0,land,,,,75000.0,
3H4WUQ,"639 Nguyễn Thị Sóc, Xã Bà Điểm, H.Hóc Môn, TP.HCM",4100000.0,45.55,land,,,,90010.98,
UC4H4S,"Nguyễn Thị Thử, Xã Xuân Thới Sơn, H.Hóc Môn, TP.HCM",2750000.0,27.22,land,,,,101028.66,
8YAY23,"Đường 40, KDC Vạn Phúc, P.Hiệp Bình Phước, TP.Thủ Đức, TP.HCM",65000000.0,241.99,land,,,,268606.14,
C4UD4B,"Thửa 621- tờ 50 Đường Võ Thị Thừa, P.An Phú Đông, Q.12, TP.HCM",5330000.0,48.89,land,,,,109020.25,
AHAB9Y,"Thửa 535 - tờ số 6 tỉnh lộ 15, Xã Phú Hòa Đông, H.Củ Chi, TP.HCM",28000000.0,7.13,land,,,,3927068.72,
7D1FBA,"Thửa Số: 6, Tờ số: 90 Nguyễn Sỹ Sách, P.15, Q.Tân Bình, TP.HCM",12500000.0,130.0,land,,,,96153.85,
7EP1DA,"109/1162/11 Hẻm 1264/78 Đường Lê Đức Thọ, P.13, Q.Gò Vấp, TP.HCM",7500000.0,78.78,land,,,,95201.83,
5Y4PC7,"Thửa 492 - tờ 95 Đường Nguyễn Văn Bá, P.Trường Thọ, TP.Thủ Đức, TP.HCM",14450000.0,120.41,land,,,,120006.64,
74GRMA,"Thửa 462 - Tờ 23 An Điền, P.An Điền, TP.Bến Cát, Bình Dương",22000000.0,2.2,land,,,,10000000.0,
3HWDTQ,"Thửa 553 - Tờ 41 Cầu Đình, Long Phước, Q.9, TP.HCM",3400000.0,35.82,land,,,,94919.04,
SYK8J5,"C5-12-69 khu 50ha, Cát Lái, Q.2, TP.HCM",8000000.0,73.12,land,,,,109409.19,
E0P1Y4,"Thửa 652 - tờ 19 đường 218, Xã Tân Thông Hội, H.Củ Chi, TP.HCM",2650000.0,27.8,land,,,,95323.74,
UYNE9S,"Thửa 664 - tờ 158 đường số 15, P.Linh Xuân, TP.Thủ Đức, TP.HCM",3650000.0,60.43,land,,,,60400.46,
DWZ8TH,"178/200 Bưng Ông Thoàn, TP.Thủ Đức, TP.HCM",5800000.0,67.75,land,,,,85608.86,
8SEZV3,"Thửa 528 - tờ 47 Đường Tô Ngọc Vân, P.Thạnh Xuân, Q.12, TP.HCM",13900000.0,95.86,land,,,,145003.13,
QKHDXU,"Đông Hòa, Dĩ An, TP.HCM",3350000.0,31.01,land,,,,108029.67,
6Y3N68,"P.Đông Hòa, TP.Dĩ An, TP.HCM",3450000.0,47.26,land,,,,73000.42,
5B9VJ7,"TT.Hóc Môn, H.Hóc Môn, TP.HCM",1960000.0,16.82,land,,,,116527.94,
PZFJ7G,"Thửa 1749 - tờ 14 TL29, P.An Phú Đông, Q.12, TP.HCM",6000000.0,71.94,land,,,,83402.84,
87J5D3,"Thửa 700 - tờ 31 Bến Than, Xã Hòa Phú, H.Củ Chi, TP.HCM",11000000.0,20.83,land,,,,528084.49,
9T13HP,"Thửa 2113 - tờ 18 Thạnh Xuân 43, P.Thạnh Xuân, Q.12, TP.HCM",6000000.0,49.91,land,,,,120216.39,
6S77Q8,"Thửa 1903 - tờ 22 Thới An 18, P.Thới An, Q.12, TP.HCM",5950000.0,64.95,land,,,,91608.93,
SC0XD5,"8/34/5/6 TX40, P.Thạnh Xuân, Q.12, TP.HCM",4000000.0,49.87,land,,,,80208.54,
GMDXZ2,"Thửa 558 - tờ 8 Sông Lu, Xã Hòa Phú, H.Củ Chi, TP.HCM",1000000.0,9.89,land,,,,101112.23,
A4MPBY,"tỉnh 998, Phước Thuận, Xuyên Mộc, TP.HCM",12000000.0,12.17,land,,,,986031.22,
7K4GKA,"Thửa 770 - tờ 12 Thạnh Lộc 42, P.Thạnh Lộc, Q.12, TP.HCM",5000000.0,62.5,land,,,,80000.0,
37YP4Q,"Thửa 972 - tờ 27 Bến Than, Xã Hòa Phú, H.Củ Chi, TP.HCM",2300000.0,19.81,land,,,,116102.98,
6S5XW8,"Thửa 590 - Tờ 198 đường số 5, P.7, Q.8, TP.HCM",8000000.0,72.72,land,,,,110011.0,
UAQ9JS,"Thửa 643-3 - Tờ 4 đường số 1, P.11, Q.6, TP.HCM",10000000.0,89.28,land,,,,112007.17,
7H529A,"Thửa 643-2 - Tờ 4 đường số 1, P.11, Q.6, TP.HCM",9990000.0,90.0,land,,,,111000.0,
KEGMFC,"Thửa 578 - Tờ 51 đường 152, Bình Mỹ, H.Củ Chi, TP.HCM",3000000.0,19.54,land,,,,153531.22,
3A3PJQ,"Thửa 505 - tờ 67 ĐH508, Xã Nhuận Đức, H.Củ Chi, TP.HCM",2200000.0,9.58,land,,,,229645.09,
R2PGZJ,"Thửa 1589 - tờ 96 Vườn Lài, P.An Phú Đông, Q.12, TP.HCM",5700000.0,71.25,land,,,,80000.0,
5HP2K7,"Thửa 1112 - tờ 58 Thạnh Lộc 14, P.An Phú Đông, Q.12, TP.HCM",4000000.0,80.0,land,,,,50000.0,
KFXVEC,"Thửa 1111 - tờ 58 Thạnh Lộc 14, P.An Phú Đông, Q.12, TP.HCM",4000000.0,80.0,land,,,,50000.0,
7KG2SA,"Thửa 1110 - tờ 58 Thạnh Lộc 14, P.An Phú Đông, Q.12, TP.HCM",4000000.0,80.0,land,,,,50000.0,
5HBUV7,"Thửa 172 - tờ 20 Trung An, TT.Củ Chi, H.Củ Chi, TP.HCM",7500000.0,8.31,land,,,,902527.08,
ACDSCY,"MPN 50/50 Vườn Lài, P.An Phú Đông, Q.12, TP.HCM",12200000.0,54.24,land,,,,224926.25,
A32QYX,"Tam Đa, P.Trường Thạnh, TP.Thủ Đức, TP.HCM",5000000.0,62.5,land,,,,80000.0,
7H524A,"Thửa 643-1 - Tờ 4 đường số 1, P.11, Q.6, TP.HCM",15000000.0,89.82,land,,,,167000.67,
RGA1EJ,"Thửa 825 - tờ 8 Sông Lu, Xã Hòa Phú, H.Củ Chi, TP.HCM",4000000.0,28.14,land,,,,142146.41,
0T2ZU9,"Thửa 1521 - tờ 50 Vườn Lài, P.An Phú Đông, Q.12, TP.HCM",9500000.0,107.95,land,,,,88003.71,
AFERZY,"Nguyễn Văn Khạ, Xã Tân An Hội, H.Củ Chi, TP.HCM",5000000.0,11.62,land,,,,430292.6,
ACMM4Y,"Thửa 702 - tờ 14 Trung An, Xã Trung An, H.Củ Chi, TP.HCM",2800000.0,16.77,land,,,,166964.82,
PNXQCG,"Thửa 602 - Tờ 7 đường số 5, Long Thạnh Mỹ, Q.9, TP.HCM",54000000.0,33.61,land,,,,1606664.68,
3AX5YQ,"Thửa 935 - tờ 11 Thạnh Lộc 29, P.Thạnh Lộc, Q.12, TP.HCM",5950000.0,86.73,land,,,,68603.71,
CRCDDB,"Thửa 537 - tờ 17 Bà Thiên, Xã Nhuận Đức, H.Củ Chi, TP.HCM",1600000.0,12.18,land,,,,131362.89,
WPNPVR,"Thửa 1101 - tờ 85 Thạnh Xuân 24, P.Thới An, Q.12, TP.HCM",3650000.0,55.05,land,,,,66303.36,
UYA42S,"Thửa 615 - Tờ 7 đường số 6, Trường Thạnh, Q.9, TP.HCM",5050000.0,54.83,land,,,,92102.86,
37B5TQ,"Thửa 756 Tờ 9 Thới An 11, P.Thới An, Q.12, TP.HCM",4500000.0,54.74,land,,,,82206.8,
5HFMP7,"Phan Văn Hớn, P.Tân Thới Nhất, Q.12, TP.HCM",37000000.0,150.46,land,,,,245912.53,
R23NWJ,"Thửa 1109 - tờ 90 Thạnh Xuân 16, P.Thới An, Q.12, TP.HCM",6000000.0,65.5,land,,,,91603.05,
3AWH2Q,"Thửa 1108 - tờ 90 Thạnh Xuân 16, P.Thới An, Q.12, TP.HCM",6000000.0,64.3,land,,,,93312.6,
5K9BQ7,"Thửa 1104 - tờ 90 Thạnh Xuân 16, P.Thới An, Q.12, TP.HCM",6000000.0,56.81,land,,,,105615.21,
UDJHTS,"Thửa 1103 - tờ 90 Thạnh Xuân 16, P.Thới An, Q.12, TP.HCM",6000000.0,61.16,land,,,,98103.34,
DEBR0H,"Thửa 2484 - Tờ 18 Thạnh Xuân 38, P.Thạnh Xuân, Q.12, TP.HCM",4100000.0,51.57,land,,,,79503.59,
8YWF23,"19 TA 11, P.Thới An, Q.12, TP.HCM",5000000.0,39.09,land,,,,127909.95,
KRU5FC,"578 Hoàng hữu nam, Tân Phú, Q.9, TP.HCM",18000000.0,121.45,land,,,,148209.14,
ACVNEY,"Thửa 588 -tờ 11 Giáp Hải, Xã Tân An Hội, H.Củ Chi, TP.HCM",3350000.0,20.04,land,,,,167165.67,
QADW8U,"Thửa 983 - Tờ 27 Thạnh Lộc 16, P.Thạnh Lộc, Q.12, TP.HCM",3500000.0,64.81,land,,,,54004.01,
UAF3RS,"Thửa 636 - tờ 40 Thạnh Lộc 03, P.An Phú Đông, Q.12, TP.HCM",4600000.0,66.37,land,,,,69308.42,
DBKJPH,"Thửa 693 - tờ 29 Trần Thị Cờ, P.Thới An, Q.12, TP.HCM",4200000.0,73.17,land,,,,57400.57,
KJN9DC,"40 Đường 409, Xã Phước Vĩnh An, H.Củ Chi, TP.HCM",2030000.0,15.54,land,,,,130630.63,
CF17RB,"Lê Văn Lương, P.Tân Phong, Q.7, TP.HCM",29000000.0,136.92,land,,,,211802.51,
87NDU3,"Thửa 433 - tờ 9 Thạnh Xuân 25, P.Thạnh Xuân, Q.12, TP.HCM",4790000.0,50.79,land,,,,94309.9,
6SS328,"Thửa 599 - tờ 26 đường số 10, P.Tân Tạo A, Q.Bình Tân, TP.HCM",6050000.0,60.5,land,,,,100000.0,
EP1PZ4,"49/1 TL 51, P.Thạnh Lộc, Q.12, TP.HCM",6730000.0,36.14,land,,,,186220.25,
SDB485,"Thạnh Xuân 52, P.Thới An, Q.12, TP.HCM",3100000.0,58.38,land,,,,53100.38,
37AMGQ,"Thửa 581 - Tờ 10 Thạnh Lộc 29, P.Thạnh Lộc, Q.12, TP.HCM",5350000.0,89.31,land,,,,59903.71,
9Z9RUP,"Thửa 939 - Tờ 1 Thạnh Lộc 15, P.An Phú Đông, Q.12, TP.HCM",3700000.0,59.67,land,,,,62007.71,
1U0RU6,"Thửa 540 - Tờ 36 An Nhơn Tây, Xã An Nhơn Tây, H.Củ Chi, TP.HCM",1550000.0,10.36,land,,,,149613.9,
1UJPY6,"Thửa 824 - Tờ 32 đường 716, Xã Trung Lập Thượng, H.Củ Chi, TP.HCM",6500000.0,6.63,land,,,,980392.16,
ACZGBY,"Thửa 972 - tờ 47 Thạnh Lộc 15, P.An Phú Đông, Q.12, TP.HCM",3800000.0,54.2,land,,,,70110.7,
85DZU3,"Thửa 636 - tờ 86 Thạnh Xuân 24, P.Thới An, Q.12, TP.HCM",3750000.0,71.42,land,,,,52506.3,
UYK8GS,"198/12/40 Thạnh Lộc 15, P.Thạnh Lộc, Q.12, TP.HCM",3950000.0,48.46,land,,,,81510.52,
3DSJJQ,"Trần Thị Dương, Dĩ An, Dĩ An, TP.HCM",9600000.0,25.73,land,,,,373105.32,
KR60QC,"Thửa 563 - tờ 11 Thạnh Lộc 37, P.Thạnh Lộc, Q.12, TP.HCM",7600000.0,52.85,land,,,,143803.22,
JZJDP0,"Thửa 505 - tờ 19 Ba Sa, Xã Trung Lập Hạ, H.Củ Chi, TP.HCM",2550000.0,8.23,land,,,,309842.04,
PNBTRG,"Nguyễn Du, P.7, Q.Gò Vấp, TP.HCM",4900000.0,124.61,land,,,,39322.69,
UYP7RS,"Thửa 856 - tờ 28 Thạnh Xuân 25, P.Thạnh Xuân, Q.12, TP.HCM",5200000.0,38.29,land,,,,135805.69,
PN8N6G,"MPN 141/52/13 Thạnh Lộc 19, P.Thạnh Lộc, Q.12, TP.HCM",3650000.0,69.25,land,,,,52707.58,
QA7HMU,"Thửa 858 - Tờ 13 Thạnh Lộc 41, P.Thạnh Lộc, Q.12, TP.HCM",4200000.0,51.72,land,,,,81206.5,
W0H6PR,"An Phú Đông 9, P.An Phú Đông, Q.12, TP.HCM",70000000.0,79.83,land,,,,876863.33,
KJXTBC,"3 Hẻm, P.17, Q.Gò Vấp, TP.HCM",8700000.0,76.65,land,,,,113502.94,
GVB562,"21E Đặng Công Bỉnh, Xã Xuân Thới Sơn, H.Hóc Môn, TP.HCM",20000000.0,22.82,land,,,,876424.19,
1U5JJ6,"Thửa 594 - tờ 5 Sông Lu, Xã Hòa Phú, H.Củ Chi, TP.HCM",4500000.0,26.96,land,,,,166913.95,
6YQWB8,"23 Xóm Ga, Dĩ An, Dĩ An, TP.HCM",4100000.0,41.0,land,,,,100000.0,
SHSTJ5,"Thửa 634 - tờ 196 Ba Sa, Xã Tân An Hội, H.Củ Chi, TP.HCM",2350000.0,22.08,land,,,,106431.16,
UD9WBS,"Thửa 1647 - tờ 9 Thạnh Xuân 52, P.Thạnh Xuân, Q.12, TP.HCM",5500000.0,31.95,land,,,,172143.97,
3YMR9Q,"Lê Hồng Phong, Tân Bình, Dĩ An, TP.HCM",3200000.0,45.71,land,,,,70006.56,
Q5P69U,"Thửa 880 - Tờ 11 Thạnh Lộc 39, P.Thạnh Lộc, Q.12, TP.HCM",5450000.0,59.69,land,,,,91305.08,
768XA8,"Trần Quốc Hoàn, P.13, Q.Tân Bình, TP.HCM",23000000.0,209.09,land,,,,110000.48,
C0UEZB,"Thửa 916 - tờ 62 Thạnh Xuân 43, P.Thạnh Xuân, Q.12, TP.HCM",3550000.0,57.53,land,,,,61706.94,
UKN54S,"Thửa 915 - tờ 62 Thạnh Xuân 43, P.Thạnh Xuân, Q.12, TP.HCM",3550000.0,57.62,land,,,,61610.55,
6AG3Y8,"Thửa 914 - tờ 62 Thạnh Xuân 43, P.Thạnh Xuân, Q.12, TP.HCM",3480000.0,56.58,land,,,,61505.83,
7C2J6A,"Thửa 1646 - tờ 9 Thạnh Xuân 52, P.Thạnh Xuân, Q.12, TP.HCM",5500000.0,31.51,land,,,,174547.76,
CFKVMB,"Thửa 643-4 - Tờ 4 đường số 1, P.11, Q.6, TP.HCM",6500000.0,90.27,land,,,,72006.2,
GNUYD2,"Thửa 1612 - tờ 12 Thạnh Lộc 42, P.An Phú Đông, Q.12, TP.HCM",5500000.0,53.86,land,,,,102116.6,
ACX6JY,"Thửa 733 - tờ 110 Thạnh Xuân 14, P.Thới An, Q.12, TP.HCM",3750000.0,70.35,land,,,,53304.9,
6S7N48,"Thửa 730 - tờ 34 Cầu Dây, Xã Hòa Phú, H.Củ Chi, TP.HCM",2350000.0,20.43,land,,,,115026.92,
JZW9U0,"Thửa 1107 - tờ 60 Thạnh Xuân 52, P.Thới An, Q.12, TP.HCM",3750000.0,49.4,land,,,,75910.93,
KFPMJC,"Thửa 852 - tờ 19 Hiệp Thành 17, P.Hiệp Thành, Q.12, TP.HCM",6900000.0,65.96,land,,,,104608.85,
37HJ7Q,"Thửa 856 - tờ 14 Thạnh Xuân 46, P.Thạnh Xuân, Q.12, TP.HCM",6500000.0,47.03,land,,,,138209.65,
2MVPSZ,"Thửa 534 - tờ 63 Thạnh Xuân 21, P.Thạnh Xuân, Q.12, TP.HCM",3750000.0,43.85,land,,,,85518.81,
UYD1GS,"Thửa 562 - tờ 10 Thạnh Lộc 29, P.Thạnh Lộc, Q.12, TP.HCM",5350000.0,87.99,land,,,,60802.36,
1UQ8U6,"Thửa 1544 - Tờ 25 Thạnh Lộc 29, P.Thạnh Lộc, Q.12, TP.HCM",7300000.0,67.28,land,,,,108501.78,
K4G4UC,"168/45 Nguyễn Cư Trinh, P.Nguyễn Cư Trinh, Q.1, TP.HCM",19000000.0,270.9,land,,,,70136.58,
8UEUA3,"Thửa 1732 - Tờ 12 đường TL 41, Thạnh Lộc, Q.12, TP.HCM",7160000.0,71.45,land,,,,100209.94,
E0EU94,"Thửa 624 - tờ 46 đường 490, Xã Phạm Văn Cội, H.Củ Chi, TP.HCM",2100000.0,9.34,land,,,,224839.4,
GMTUF2,"Thửa 991 - tờ 41 Bàu Trâm, Xã Trung An, H.Củ Chi, TP.HCM",3250000.0,27.42,land,,,,118526.62,
DEZAVH,"Thửa 603 - tờ 72 Thạnh Xuân 25, P.Thới An, Q.12, TP.HCM",4850000.0,71.63,land,,,,67709.06,
DERQ6H,"Thửa 608 - Tờ 41, 379/84A Thống Nhất, P.11, Q.Gò Vấp, TP.HCM",3950000.0,105.33,land,,,,37501.19,
UYA74S,"Thửa 694 - Tờ 61 An Phú Đông 9, P.An Phú Đông, Q.12, TP.HCM",7500000.0,128.42,land,,,,58402.12,
C4ZZDB,"Thửa 817 - Tờ 40 đường TL 03, Thạnh Lộc, Q.12, TP.HCM",6300000.0,28.71,land,,,,219435.74,
1UMRN6,"Thửa 692 - Tờ 7 Bưng Tràm, Xã Tân Thạnh Tây, H.Củ Chi, TP.HCM",3600000.0,3.5,land,,,,1028571.43,
CWGVRB,"Thửa 686 - tờ 110 Tô Ký, Xã Bà Điểm, H.Hóc Môn, TP.HCM",4500000.0,42.25,land,,,,106508.88,
QAKW1U,"Thửa 710 - tờ 78 Trần Quang Cơ, P.Tân Thới Hiệp, Q.12, TP.HCM",6600000.0,87.64,land,,,,75308.08,
CW61HB,"Thửa 503 - tờ 51 Thạnh Xuân 21, P.Thạnh Xuân, Q.12, TP.HCM",4300000.0,64.37,land,,,,66801.3,
7KRNCA,"88/89/17A (Thửa 356-7 - Tờ 2A) Nguyễn Văn Quỳ, P.Phú Thuận, Q.7, TP.HCM",5500000.0,55.0,land,,,,100000.0,
QYH9ZU,"Thửa 813 - tờ 32 Suối Lội, Xã Tân Thông Hội, H.Củ Chi, TP.HCM",2900000.0,29.0,land,,,,100000.0,
878PH3,"Thửa 639 - tờ 8 Ba Sa, Xã Phước Hiệp, H.Củ Chi, TP.HCM",2500000.0,16.73,land,,,,149432.16,
ABA2QY,"Thửa 594 - tờ 3 Nguyễn Văn Khạ, Xã Tân An Hội, H.Củ Chi, TP.HCM",1980000.0,9.58,land,,,,206680.58,
SHQWE5,"Thửa 770 - tờ 2 Hà Huy Giáp, P.Thạnh Lộc, Q.12, TP.HCM",4650000.0,48.38,land,,,,96114.1,
852KA3,"Thửa 443 - Tờ 80 Cá Súc, Xã Bình Khánh, H.Cần Giờ, TP.HCM",4200000.0,3.81,land,,,,1102362.2,
J2A240,"Thửa 961 - Tờ 202, hẻm 55 Tây Lân, P.Tân Tạo, Q.Bình Tân, TP.HCM",9000000.0,61.3,land,,,,146818.92,
RGXRBJ,"Thửa 214 - Tờ 8 đường 130, Xã Tân Thạnh Đông, H.Củ Chi, TP.HCM",3500000.0,18.81,land,,,,186071.24,
85Y6K3,"Thửa 484 - Tờ 67 đường Bình Thành, P.Bình Hưng Hòa, Q.Bình Tân, TP.HCM",4050000.0,54.65,land,,,,74107.96,
7KXNQA,"Thửa 89 - tờ 11 Nguyễn Thị My, Xã Trung An, H.Củ Chi, TP.HCM",2800000.0,11.22,land,,,,249554.37,
Y4XB9D,"Thửa 642 - tờ 10 Lê Văn Khương, P.Hiệp Thành, Q.12, TP.HCM",6900000.0,29.65,land,,,,232715.01,
5H13H7,"Thửa 1755 - tờ 14 Thạnh Lộc 37, P.Thạnh Lộc, Q.12, TP.HCM",8900000.0,25.5,land,,,,349019.61,
SDH8J5,"17/17 đường 182, P.Tăng Nhơn Phú A, TP.Thủ Đức, TP.HCM",7000000.0,43.67,land,,,,160293.11,
SDH6R5,"Thạnh xuân 25, P.Thạnh Xuân, Q.12, TP.HCM",4550000.0,84.41,land,,,,53903.57,
1UJFQ6,"Thửa 1207 - Tờ 94 đường số 6, Long Bình, Q.9, TP.HCM",3200000.0,62.99,land,,,,50801.71,
WPT9VR,"Thửa 1050 - tờ 74 Thạnh Xuân 25, P.Thới An, Q.12, TP.HCM",12500000.0,35.76,land,,,,349552.57,
3DRKTQ,"77 Số 1A, P.An Lạc, Q.Bình Tân, TP.HCM",9790000.0,110.79,land,,,,88365.38,
UAU29S,"276/29/57 Mã Lò, P.Bình Trị Đông A, Q.Bình Tân, TP.HCM",5350000.0,95.53,land,,,,56003.35,
657D78,"Thửa 1733 - Tờ 22 Thạnh Lộc 31, P.Thạnh Lộc, Q.12, TP.HCM",8800000.0,45.76,land,,,,192307.69,
DE1P7H,"Thửa 731 - Tờ 158 đường 1A, Xã Vĩnh Lộc B, H.Bình Chánh, TP.HCM",5530000.0,34.07,land,,,,162312.89,
YBT26D,"Thửa 653 - Tờ 29 Võ Thị Liễu, P.An Phú Đông, Q.12, TP.HCM",4800000.0,86.33,land,,,,55600.6,
400RPF,"Thửa 808 - tờ 45 Hiệp Thành 44, P.Hiệp Thành, Q.12, TP.HCM",4380000.0,42.6,land,,,,102816.9,
QYQT5U,"Thửa 638 - tờ 151 Phạm Thị Điệp, Xã Thái Mỹ, H.Củ Chi, TP.HCM",1250000.0,10.37,land,,,,120540.02,
5KG5G7,"Thửa 1221+1222 - tờ 38 đường Trường Lưu, Long Trường, Q.9, TP.HCM",3500000.0,50.0,land,,,,70000.0,
37427Q,"Thửa 1358 - Tờ 33 Giồng Cát, Xã Tân Phú Trung, H.Củ Chi, TP.HCM",2850000.0,19.52,land,,,,146004.1,
WPGVDR,"Thửa 431 - Tờ 192, 55-57 Bình Long, P.Bình Trị Đông, Q.Bình Tân, TP.HCM",21000000.0,251.49,land,,,,83502.33,
P15V3G,"Hẻm 47  (Thửa 707 - Tờ 37) Nguyễn Duy Trinh, Long Trường, Q.9, TP.HCM",3400000.0,50.14,land,,,,67810.13,
EJPC94,"Thửa 1128 - 57 Thạnh Lộc 14, P.An Phú Đông, Q.12, TP.HCM",3900000.0,78.0,land,,,,50000.0,
UYAC9S,"Thửa 840 - tờ 12 Thạnh Xuân 51, P.Thạnh Xuân, Q.12, TP.HCM",2750000.0,49.81,land,,,,55209.8,
1UA2P6,"Thửa 697 - tờ 55 Đông Thạnh 7, Xã Đông Thạnh, H.Hóc Môn, TP.HCM",5000000.0,27.35,land,,,,182815.36,
PNAFEG,"Thửa 942 - tờ 67 Hà Huy Giáp, P.Thới An, Q.12, TP.HCM",4550000.0,43.4,land,,,,104838.71,
WPQHHR,"Thửa 941 - tờ 67 Hà Huy Giáp, P.Thới An, Q.12, TP.HCM",4550000.0,42.31,land,,,,107539.59,
RGUK1J,"Thửa 945 - tờ 67 Hà Huy Giáp, P.Thới An, Q.12, TP.HCM",4500000.0,46.58,land,,,,96607.99,
0G3819,"đường Trần Thị Trọng, P.15, Q.Tân Bình, TP.HCM",6100000.0,92.7,land,,,,65803.67,
7EPZUA,"59/26/98 Huỳnh Tịnh Của, P.8, Q.3, TP.HCM",14800000.0,162.63,land,,,,91004.12,
JZ8YA0,"Thửa 1754 - tờ 9 Thạnh Xuân 52, P.Thạnh Xuân, Q.12, TP.HCM",5900000.0,40.94,land,,,,144113.34,
D53YHF,"Thới An 15, P.Thới An, Q.12, TP.HCM",5500000.0,51.0,land,,,,107843.14,
WZANZR,"Thửa 1417 - Tờ 11 Thạnh Lộc 40, P.An Phú Đông, Q.12, TP.HCM",4590000.0,42.11,land,,,,109000.24,
UA38ES,"Thửa 514 - Tờ 123 Hoàng Hữu Nam, Long Thạnh Mỹ, Q.9, TP.HCM",27500000.0,69.56,land,,,,395342.15,
6U1W08,"Thửa 961 - Tờ 4 Hà Huy Giáp, P.Thạnh Lộc, Q.12, TP.HCM",18500000.0,66.54,land,,,,278028.25,
UDUKHS,"Thửa 522 - tờ 1 Tỉnh Lộ 15, Xã Nhuận Đức, H.Củ Chi, TP.HCM",4500000.0,12.53,land,,,,359138.07,
85YN73,"Thửa 762 - tờ 81 Tô Ký 12, TT.Hóc Môn, H.Hóc Môn, TP.HCM",4600000.0,51.28,land,,,,89703.59,
SH7Y35,"Thửa 660 - tờ 63 Hẻm Hà Huy Giáp, P.Thới An, Q.12, TP.HCM",3600000.0,65.21,land,,,,55206.26,
JNUU30,"44 Khu Phố 1, P.Thạnh Lộc, Q.12, TP.HCM",5300000.0,45.06,land,,,,117620.95,
5BPK37,"87 Bình Mỹ, Xã Bình Mỹ, H.Củ Chi, TP.HCM",1960000.0,17.65,land,,,,111048.16,
7C7XTA,"Thửa 637 - tờ 15 Tỉnh Lộ 15, Xã Phú Hòa Đông, H.Củ Chi, TP.HCM",1250000.0,14.58,land,,,,85733.88,
9NQHFP,"Thửa 728 - tờ 19 Nguyễn Thị Lắng, Xã Phước Vĩnh An, H.Củ Chi, TP.HCM",3250000.0,16.61,land,,,,195665.26,
6S7TE8,"Thửa 44 - Tờ 134 Nguyễn Văn Tiệp, Xã An Phú, H.Củ Chi, TP.HCM",1500000.0,6.35,land,,,,236220.47,
2V2YVZ,"Thửa 637 - tờ 30 Tỉnh Lộ 2, Xã Trung Lập Thượng, H.Củ Chi, TP.HCM",1780000.0,3.32,land,,,,536144.58,
PXPVEG,"Thửa 591 - tờ 12 Tỉnh Lộ 9, Xã Bình Mỹ, H.Củ Chi, TP.HCM",2100000.0,17.05,land,,,,123167.16,
407TKF,"Thửa 347 - tờ 22 Đông Thạnh 3, Xã Đông Thạnh, H.Hóc Môn, TP.HCM",2650000.0,41.14,land,,,,64414.2,
KF6UFC,"Thửa 308 - tờ 129 Xuân Thới 2, Xã Xuân Thới Sơn, H.Hóc Môn, TP.HCM",2600000.0,38.8,land,,,,67010.31,
WP2P8R,"Thửa 723 - tờ 16 Lê Thị Bay, Xã Tân Thạnh Đông, H.Củ Chi, TP.HCM",2100000.0,12.92,land,,,,162538.7,
1Q4MR6,"Thửa 815 - tờ 52 Đường Tân Hiệp 30, Xã Tân Hiệp, H.Hóc Môn, TP.HCM",3350000.0,28.12,land,,,,119132.29,
6UJPM8,"64 Hoàng Hữu Nam, Long Thạnh Mỹ, Q.9, TP.HCM",55000000.0,119.04,land,,,,462029.57,
PXH6XG,"Thửa 940 - tờ 67 Thạnh Xuân 25, P.Thới An, Q.12, TP.HCM",4450000.0,47.18,land,,,,94319.63,
YEZ3KD,"Thửa 724 - tờ 64 Tân Hiệp 16, Xã Tân Hiệp, H.Hóc Môn, TP.HCM",3500000.0,24.92,land,,,,140449.44,
SY9QK5,"4347 Nguyễn Cửu Phú, P.Tân Tạo A, Q.Bình Tân, TP.HCM",29500000.0,52.75,land,,,,559241.71,
QA651U,"Mã Lò, P.Bình Trị Đông A, Q.Bình Tân, TP.HCM",6200000.0,57.4,land,,,,108013.94,
PN7A7G,"Thửa 682 - Tờ 25 hẻm đường số 120, Xã Tân Thạnh Đông, H.Củ Chi, TP.HCM",700.0,5.07,land,,,,138.07,
6S7YM8,"Thửa 711 - tờ 45 Tỉnh Lộ 8, Xã Trung An, H.Củ Chi, TP.HCM",1950000.0,7.23,land,,,,269709.54,
2M16BZ,"Thửa 735 - tờ 6 Võ Thị Hết, Xã Hòa Phú, H.Củ Chi, TP.HCM",2350000.0,19.83,land,,,,118507.31,
KF4PJC,"Thửa 534 - tờ 33 Đổ Đăng Tuyển, Xã An Nhơn Tây, H.Củ Chi, TP.HCM",2300000.0,16.49,land,,,,139478.47,
92AQ8P,"23B Linh Đông, Linh Đông, TP.Thủ Đức, TP.HCM",22600000.0,0.06,land,,,,376666666.67,
7EUFJA,"221/43T Đông Thạnh 4-2, Xã Đông Thạnh, H.Hóc Môn, TP.HCM",3150000.0,40.59,land,,,,77605.32,
85AXH3,"Thửa 688 - tờ 23 Tỉnh Lộ 8, Xã Tân Thạnh Tây, H.Củ Chi, TP.HCM",2750000.0,11.42,land,,,,240805.6,
5DH5U7,"274/12A Nguyễn Văn Đậu, P.11, Q.Bình Thạnh, TP.HCM",11600000.0,146.83,land,,,,79002.93,
JXTFZ0,"148 Đỗ Tấn Phong, Tân Đông Hiệp, Dĩ An, TP.HCM",3750000.0,42.61,land,,,,88007.51,
6AFEU8,"35 Hẻm 75, P.15, Q.Tân Bình, TP.HCM",9300000.0,115.24,land,,,,80701.15,
E073N4,"Thửa 595 - tờ 147 Trương Thị Như, Xã Bà Điểm, H.Hóc Môn, TP.HCM",3490000.0,36.44,land,,,,95773.87,
40SX4F,"Thửa 574 - tờ 18 đường số 464, Xã Trung An, H.Củ Chi, TP.HCM",3500000.0,10.77,land,,,,324976.79,
UY5VTS,"Thửa 701 - Tờ 8 Sông Lu, Xã Hòa Phú, H.Củ Chi, TP.HCM",1490000.0,14.75,land,,,,101016.95,
UY5NGS,"Thửa 568 - Tờ 39 Phạm Thị Lòng, Xã Trung An, H.Củ Chi, TP.HCM",5000000.0,20.6,land,,,,242718.45,
7KQRBA,"Thửa 566 - Tờ 64 hẻm đường 148, Xã Bình Mỹ, H.Củ Chi, TP.HCM",1800000.0,11.69,land,,,,153977.76,
37F8RQ,"Thửa 828 - tờ 62 Nguyễn Thị Sáng, Xã Đông Thạnh, H.Hóc Môn, TP.HCM",6800000.0,22.22,land,,,,306030.6,
0Z8ZT9,"MP Thửa 355 - tờ 128 Trần Thị Bốc, Xã Đông Thạnh, H.Hóc Môn, TP.HCM",5500000.0,62.92,land,,,,87412.59,
9TTUWP,"Thửa 667 - Tờ 116 Cây Trắc, Xã Phú Hòa Đông, H.Củ Chi, TP.HCM",1150000.0,11.27,land,,,,102040.82,
AKH02Y,"Thửa 1201 - Tờ 16 Tân Thới Hiệp 14, P.Tân Thới Hiệp, Q.12, TP.HCM",5000000.0,51.92,land,,,,96302.0,
KJNMWC,"115/11/2 Phạm Hữu Lầu, P.Phú Mỹ, Q.7, TP.HCM",8500000.0,91.39,land,,,,93007.99,
7EPVEA,"3a2 Hiệp Thành 17, P.Hiệp Thành, Q.12, TP.HCM",5100000.0,50.44,land,,,,101110.23,
UHQEVS,"Thửa 580 - tờ 42 Đông Thạnh 5, Xã Đông Thạnh, H.Hóc Môn, TP.HCM",3200000.0,35.87,land,,,,89211.04,
6S2FN8,"Thửa 734 - Tờ 21 Nguyễn Thị Nói, Xã Trung An, H.Củ Chi, TP.HCM",2550000.0,17.11,land,,,,149035.65,
RGZMNJ,"Thửa 702 - tờ 4 Sông Lu 2, Xã Hòa Phú, H.Củ Chi, TP.HCM",2800000.0,18.75,land,,,,149333.33,
37520Q,"Thửa 700 - Tờ 161 Tỉnh Lộ 2, Xã Phước Vĩnh An, H.Củ Chi, TP.HCM",4000000.0,28.07,land,,,,142500.89,
3752FQ,"Thửa 699 - Tờ 161 Tỉnh Lộ 2, Xã Phước Vĩnh An, H.Củ Chi, TP.HCM",4050000.0,27.05,land,,,,149722.74,
GXN6H2,"183/32/6 Nguyễn Hữu Cảnh, P.22, Q.Bình Thạnh, TP.HCM",4800000.0,135.59,land,,,,35400.84,
DEKQ7H,"Thửa 601 - Tờ 20 Huỳnh Minh Mương, Xã Tân Thạnh Đông, H.Củ Chi, TP.HCM",2050000.0,13.39,land,,,,153099.33,
K4K77C,"Thửa 842 - Tờ 40 đường số 112, Xã Tân Thạnh Đông, H.Củ Chi, TP.HCM",2200000.0,16.92,land,,,,130023.64,
2N0F7Z,"Một phần nhà 38 đường số 6, P.Bình Hưng Hoà A, Q.Bình Tân, TP.HCM",8850000.0,63.53,land,,,,139304.27,
PMBC7G,"Nguyễn Duy Trinh, Trường Thạnh, Q.9, TP.HCM",3200000.0,32.0,land,,,,100000.0,
GMG0U2,"Thửa 693 - tờ 3 Đoàn Minh Triết, Xã Thái Mỹ, H.Củ Chi, TP.HCM",1830000.0,11.72,land,,,,156143.34,
UDK9NS,"Thửa 647 - tờ 26 Tỉnh Lộ 8, Xã Hòa Phú, H.Củ Chi, TP.HCM",2300000.0,18.18,land,,,,126512.65,
EJUS64,"Thửa 567 - tờ 15 Bùi Thị Lành, Xã Trung An, H.Củ Chi, TP.HCM",3800000.0,13.99,land,,,,271622.59,
9TU02P,"Thửa 569 - tờ 147 Trần Thị Bốc, Xã Đông Thạnh, H.Hóc Môn, TP.HCM",2360000.0,28.26,land,,,,83510.26,
1UQ926,"Thửa 696 - Tờ 161 đường số 415, Xã Phước Vĩnh An, H.Củ Chi, TP.HCM",2100000.0,22.38,land,,,,93833.78,
6SUP98,"Thửa 701 - Tờ 161 Tỉnh Lộ 2, Xã Phước Vĩnh An, H.Củ Chi, TP.HCM",3950000.0,27.03,land,,,,146133.93,
85QNC3,"Thửa 751 - Tờ 46 đường số 112, Xã Tân Thạnh Đông, H.Củ Chi, TP.HCM",2100000.0,17.45,land,,,,120343.84,
RPRK4J,"Thửa 751 - Tờ 19 Nguyễn Thị Dưỡng, Xã Tân Thạnh Đông, H.Củ Chi, TP.HCM",1650000.0,0.01,land,,,,165000000.0,
5YMFZ7,"Thửa 644 - Tờ 6 Lò Lu, P.Trường Thạnh, TP.Thủ Đức, TP.HCM",4000000.0,28.81,land,,,,138840.68,
WPVCWR,"Thửa 1109 - tờ 102 Quốc Lộ 1A, P.Thạnh Xuân, Q.12, TP.HCM",4700000.0,60.1,land,,,,78203.0,
0Z8E49,"Thửa 599 - tờ 102 Quốc Lộ 1A, P.Thạnh Xuân, Q.12, TP.HCM",3600000.0,56.78,land,,,,63402.61,
4G61TF,"75/56/10 Lý Thánh Tông, P.Tân Thới Hòa, Q.Tân Phú, TP.HCM",6000000.0,67.45,land,,,,88954.78,
WG3DKR,"Thửa 598 - tờ 147 Trương Thị Như, Xã Bà Điểm, H.Hóc Môn, TP.HCM",3500000.0,36.8,land,,,,95108.7,
87H2Q3,"Thửa 1002 - Tờ 18 Võ Thị Hồi, Xã Xuân Thới Đông, H.Hóc Môn, TP.HCM",4850000.0,53.65,land,,,,90400.75,
85ZVN3,"Thửa 314 - tờ 25 Hẻm Tân Xuân 5, Xã Tân Xuân, H.Hóc Môn, TP.HCM",3000000.0,41.03,land,,,,73117.23,
KF6NAC,"Thửa 605 - Tờ 36 An Nhơn Tây, Xã An Nhơn Tây, H.Củ Chi, TP.HCM",1350000.0,13.59,land,,,,99337.75,
J21HH0,"Thửa 560 - Tờ 14, hẻm 80 đường số 6, P.An Lạc A, Q.Bình Tân, TP.HCM",6500000.0,73.19,land,,,,88809.95,
2MQG8Z,"Thửa 655 - Tờ 71, 137/77/6D Phan Anh, P.Bình Trị Đông, Q.Bình Tân, TP.HCM",7200000.0,44.55,land,,,,161616.16,
85HU43,"Thửa 1600 - tờ 60 Huỳnh Thị Na, Xã Đông Thạnh, H.Hóc Môn, TP.HCM",3850000.0,28.2,land,,,,136524.82,
SDKCV5,"Thửa 1322 - Tờ 17 đường số 89, Xã Tân Phú Trung, H.Củ Chi, TP.HCM",1500000.0,17.38,land,,,,86306.1,
SDH075,"Thửa 706 - Tờ 44 đường số 114, Xã Tân Thạnh Đông, H.Củ Chi, TP.HCM",2500000.0,10.96,land,,,,228102.19,
0204X9,"Thửa 915 - Tờ 24 Nguyễn Thị Dưỡng, Xã Tân Thạnh Đông, H.Củ Chi, TP.HCM",4800000.0,10.65,land,,,,450704.23,
3YAS8Q,"Thửa 590 - Tờ 9 Tỉnh Lộ 2, Xã Tân An Hội, H.Củ Chi, TP.HCM",3400000.0,17.67,land,,,,192416.53,
3A3N2Q,"Thửa 638 - tờ 4 Tỉnh Lộ 7, Xã Trung Lập Hạ, H.Củ Chi, TP.HCM",1500000.0,12.77,land,,,,117462.8,
J24XK0,"Một phần nhà số 1/4L đường số 18B, P.Bình Hưng Hòa, Q.Bình Tân, TP.HCM",7100000.0,77.85,land,,,,91201.03,
J2H7N0,"Thửa 685 - Tờ 14 Nguyễn Văn Cự, P.Tân Tạo, Q.Bình Tân, TP.HCM",6500000.0,90.27,land,,,,72006.2,
KF62SC,"Thửa 603 - Tờ 36 An Nhơn Tây, Xã An Nhơn Tây, H.Củ Chi, TP.HCM",1700000.0,11.82,land,,,,143824.03,
40VA3F,"Thửa 628 - Tờ 8 Ba Sa, Xã Tân An Hội, H.Củ Chi, TP.HCM",2500000.0,14.95,land,,,,167224.08,
SDJRX5,"Thửa 874 - Tờ 29 đường số 460, Xã Trung An, H.Củ Chi, TP.HCM",2200000.0,14.7,land,,,,149659.86,
37HWYQ,"Thửa 702 - Tờ 4 Nguyễn Thị Ngâu, Xã Thới Tam Thôn, H.Hóc Môn, TP.HCM",8500000.0,49.01,land,,,,173433.99,
EJFF14,"Thửa 1113 - Tờ 88 Rạch Nguyễn Thị Nhuần, P.An Phú Đông, Q.12, TP.HCM",5600000.0,69.22,land,,,,80901.47,
2N42JZ,"Vườn Lài, P.An Phú Đông, Q.12, TP.HCM",22500000.0,64.97,land,,,,346313.68,
87HNA3,"Thửa 848 - tờ 7 đường số 27, Xã Tân Thông Hội, H.Củ Chi, TP.HCM",6600000.0,18.39,land,,,,358890.7,
5HSKE7,"Thửa 594 - Tờ 194 đường số 608, Xã Tân An Hội, H.Củ Chi, TP.HCM",1600000.0,8.68,land,,,,184331.8,
1U9RQ6,"Thửa 530 - tờ 2 Phạm Văn Chèo, TT.Củ Chi, H.Củ Chi, TP.HCM",3250000.0,23.27,land,,,,139664.8,
0ZY519,"Thửa 593 - Tờ 194 đường số 608, Xã Tân An Hội, H.Củ Chi, TP.HCM",1600000.0,7.6,land,,,,210526.32,
QA7JTU,"Thửa 719 - tờ 48 Nguyễn Thị Thử, Xã Xuân Thới Sơn, H.Hóc Môn, TP.HCM",3750000.0,40.23,land,,,,93214.02,
0ZPBZ9,"Thửa 848 - Tờ 46, hẻm 40 đường số 112, Xã Tân Thạnh Đông, H.Củ Chi, TP.HCM",3500000.0,11.38,land,,,,307557.12,
UDUKZS,"Thửa 44 - tờ 16 Lê Thị Bay, Xã Tân Thạnh Đông, H.Củ Chi, TP.HCM",5100000.0,11.38,land,,,,448154.66,
65XFF8,"931/23 (Thửa 716 - tờ 228) Hương Lộ 2, P.Bình Trị Đông, Q.Bình Tân, TP.HCM",5800000.0,86.69,land,,,,66905.06,
UY2RXS,"Thửa 604 - Tờ 36 An Nhơn Tây, Xã An Nhơn Tây, H.Củ Chi, TP.HCM",1300000.0,13.82,land,,,,94066.57,
WP1W9R,"Thửa 844 - tờ 45 Hương Lộ 2, P.Bình Trị Đông A, Q.Bình Tân, TP.HCM",6500000.0,85.07,land,,,,76407.66,
GXVXU2,"Thửa 620 - tờ 27 Nguyễn Kim Cương, Xã Tân Thạnh Đông, H.Củ Chi, TP.HCM",8700000.0,13.88,land,,,,626801.15,
87RX13,"Thửa 717 - tờ 33 Lê Thị Ngà, Xã Phước Vĩnh An, H.Củ Chi, TP.HCM",3600000.0,16.49,land,,,,218314.13,
6S9CT8,"Thửa 641 - tờ 5 Bến Kho Gạo, Xã Hòa Phú, H.Củ Chi, TP.HCM",1650000.0,19.27,land,,,,85625.32,
SDDB85,"Thửa 652 - tờ 3 Trần Văn Mười, Xã Xuân Thới Đông, H.Hóc Môn, TP.HCM",3450000.0,41.76,land,,,,82614.94,
DEB63H,"Thửa 702 - Tờ 161 Tỉnh Lộ 2, Xã Phước Vĩnh An, H.Củ Chi, TP.HCM",6000000.0,22.13,land,,,,271125.17,
QA5PDU,"Thửa 453 - Tờ 160, một phần nhà 92/14 đường số 10, P.Bình Hưng Hoà B, Q.Bình Tân, TP.HCM",4900000.0,53.78,land,,,,91111.94,
K49D6C,"Lê Đình Cẩn, P.Tân Tạo, Q.Bình Tân, TP.HCM",5000000.0,54.05,land,,,,92506.94,
0ZS5Q9,"Thửa 349 - Tờ 94, Một phần nhà 92/1/6 Nguyễn Sơn, P.Phú Thọ Hòa, Q.Tân Phú, TP.HCM",5700000.0,109.4,land,,,,52102.38,
5HPGY7,"Thửa 348 - Tờ 94, Một phần nhà 92/1/6 Nguyễn Sơn, P.Phú Thọ Hòa, Q.Tân Phú, TP.HCM",5350000.0,107.86,land,,,,49601.34,
2MUQKZ,"Thửa 638 - tờ 181 Ấp Đông 5, Xã Đông Thạnh, H.Hóc Môn, TP.HCM",5350000.0,65.8,land,,,,81306.99,
2M1MHZ,"Thửa 569 - tờ 14 Tỉnh Lộ 8, Xã Hòa Phú, H.Củ Chi, TP.HCM",10500000.0,25.31,land,,,,414855.79,
UDK82S,"Thửa 1051 - tờ 20 đường số 28, Xã Tân Thông Hội, H.Củ Chi, TP.HCM",2650000.0,32.96,land,,,,80400.49,
UY93MS,"Thửa 566 - tờ 37 Tân Hiệp 16, Xã Tân Hiệp, H.Hóc Môn, TP.HCM",1100000.0,12.5,land,,,,88000.0,
5HE4H7,"Thửa 570 - Tờ 89, Một phần nhà số 168/61 Chiến Lược, P.Bình Trị Đông, Q.Bình Tân, TP.HCM",5100000.0,63.9,land,,,,79812.21,
YBBK6D,"MPN 92/14 đường số 10, P.Bình Hưng Hoà B, Q.Bình Tân, TP.HCM",4900000.0,53.78,land,,,,91111.94,
QYC63U,"Thửa 662 - tờ 177 Ấp Đông 3, Xã Đông Thạnh, H.Hóc Môn, TP.HCM",3800000.0,36.32,land,,,,104625.55,
E0PUB4,"Thửa 556 - tờ 21 Nguyễn Thị Chuỗi, Xã Phước Thạnh, H.Củ Chi, TP.HCM",3200000.0,6.94,land,,,,461095.1,
5HKRE7,"Thửa 430 - Tờ 192, 55-57 Bình Long, P.Bình Trị Đông, Q.Bình Tân, TP.HCM",5800000.0,114.39,land,,,,50703.73,
6SXF48,"Thửa 695 - Tờ 2 Phạm Văn Đồng, P.11, Q.Bình Thạnh, TP.HCM",10150000.0,180.28,land,,,,56301.31,
SDUDS5,"Thửa 598 - Tờ 194 đường số 608, Xã Tân An Hội, H.Củ Chi, TP.HCM",2700000.0,3.42,land,,,,789473.68,
EJG264,"17  (Thửa 546 - Tờ 149) đường số 1A, P.Bình Hưng Hoà A, Q.Bình Tân, TP.HCM",6500000.0,71.9,land,,,,90403.34,
0ZT8Y9,"Thửa 429 - Tờ 192, một phần nhà số 55-57 Bình Long, P.Bình Trị Đông, Q.Bình Tân, TP.HCM",5800000.0,113.94,land,,,,50903.98,
J2Z650,"Thửa 428 - Tờ 192, một phần nhà số 55-57 Bình Long, P.Bình Trị Đông, Q.Bình Tân, TP.HCM",5800000.0,113.5,land,,,,51101.32,
RGTHAJ,"Thửa 538 + 539 + 540 - Tờ 41, 97/6 Trần Bá Giao, P.5, Q.Gò Vấp, TP.HCM",33000000.0,107.8,land,,,,306122.45,
5HANM7,"Thửa 944-Tờ 67 hẻm Đường TX 31, P.Thạnh Xuân, Q.12, TP.HCM",4550000.0,45.82,land,,,,99301.62,
0ZMGX9,"Thửa 629 - tờ 98 đường số 5A, P.Bình Hưng Hoà A, Q.Bình Tân, TP.HCM",5250000.0,82.8,land,,,,63405.8,
QA2CBU,"Thửa 570 - Tờ 6 Nguyễn Thị Ngâu, Xã Thới Tam Thôn, H.Hóc Môn, TP.HCM",4250000.0,18.11,land,,,,234676.97,
40XJ4F,"Thửa 545 - tờ 9 Lê Thị Kim, Xã Xuân Thới Sơn, H.Hóc Môn, TP.HCM",5550000.0,51.57,land,,,,107620.71,
1USKC6,"Thửa 427 - Tờ 192, một phần nhà số 55-57 Bình Long, P.Bình Trị Đông, Q.Bình Tân, TP.HCM",5800000.0,114.85,land,,,,50500.65,
KF09BC,"Thửa 527 - tờ 144 (MPN 24/11/2-24/11/2A) Bình Trị Đông, P.Bình Trị Đông, Q.Bình Tân, TP.HCM",4400000.0,78.29,land,,,,56201.3,
WG15HR,"Thửa 539 - tờ 50 đường số 488, Xã Phạm Văn Cội, H.Củ Chi, TP.HCM",3750000.0,15.88,land,,,,236146.1,
65SBS8,"Thửa 698 - tờ 31 Dương Công Khi, Xã Xuân Thới Thượng, H.Hóc Môn, TP.HCM",9500000.0,18.18,land,,,,522552.26,
2MDGTZ,"Thửa 1214 - Tờ 55 An Phú Đông 27, P.An Phú Đông, Q.12, TP.HCM",5700000.0,59.25,land,,,,96202.53,
9T7J0P,"Thửa 1215 - Tờ 55 An Phú Đông 27, P.An Phú Đông, Q.12, TP.HCM",5700000.0,60.12,land,,,,94810.38,
SHEXB5,"Thửa 1028 - Tờ 142 đường số 2, Xã Xuân Thới Đông, H.Hóc Môn, TP.HCM",5100000.0,55.55,land,,,,91809.18,
JZQU80,"Thửa 899 - tờ 14 đường số 59, P.14, Q.Gò Vấp, TP.HCM",4800000.0,87.11,land,,,,55102.74,
SDRK25,"MPN 1658/10 Tỉnh Lộ 10, P.Tân Tạo, Q.Bình Tân, TP.HCM",4800000.0,46.73,land,,,,102717.74,
2MS4GZ,"Thửa 14 - Tờ 8 Sông Lu 2, Xã Hòa Phú, H.Củ Chi, TP.HCM",24500000.0,8.11,land,,,,3020961.78,
DEPQXH,"Thửa 544 - tờ 9 Lê Thị Kim, Xã Xuân Thới Sơn, H.Hóc Môn, TP.HCM",6200000.0,57.51,land,,,,107807.34,
UYDQDS,"Thửa 854 - Tờ 104 Đông hưng thuận 02, P.Tân Hưng Thuận, Q.12, TP.HCM",4590000.0,79.13,land,,,,58005.81,
5HE127,"Thửa 695 - tờ 55 Đông Thạnh 7, Xã Đông Thạnh, H.Hóc Môn, TP.HCM",4880000.0,26.97,land,,,,180941.79,
85AGU3,"Thửa 215 - tờ 110 Trung Đông 2, Xã Đông Thạnh, H.Hóc Môn, TP.HCM",4130000.0,34.72,land,,,,118951.61,
5HE1T7,"Thửa 696 - tờ 55 Đông Thạnh 7, Xã Đông Thạnh, H.Hóc Môn, TP.HCM",4880000.0,26.82,land,,,,181953.77,
0ZZ8D9,"49/40/19/3 Trịnh Đình Trọng, P.Phú Trung, Q.Tân Phú, TP.HCM",7800000.0,68.84,land,,,,113306.22,
U7NYXS,"Thửa 426 - Tờ 1, đường số 33, P.10, Q.6, TP.HCM",11800000.0,159.45,land,,,,74004.39,
ACU2UY,"Thửa 550 - Tờ 81 (950/24A) Nguyễn Ảnh Thủ, Xã Thới Tam Thôn, H.Hóc Môn, TP.HCM",8400000.0,40.85,land,,,,205630.35,
AC38FY,"Thửa 1003 - Tờ 53 hẻm đường Vườn Lài, P.An Phú Đông, Q.12, TP.HCM",6500000.0,101.56,land,,,,64001.58,
CWH68B,"Thửa 698 - tờ 55 Đông Thạnh 7, Xã Đông Thạnh, H.Hóc Môn, TP.HCM",7400000.0,14.52,land,,,,509641.87,
7KJ6FA,"Thửa 561 - tờ 145 Võ Thị Hồi, Xã Xuân Thới Sơn, H.Hóc Môn, TP.HCM",7600000.0,82.51,land,,,,92110.05,
R2QH6J,"Thửa 648 - tờ 70 Hà Duy Phiên, Xã Bình Mỹ, H.Củ Chi, TP.HCM",2150000.0,21.47,land,,,,100139.73,
7KC24A,"Thửa 1275 Tờ 154 số 35, P.Hiệp Bình Chánh, TP.Thủ Đức, TP.HCM",7680000.0,82.05,land,,,,93601.46,
9Z91FP,"Thửa 534 - tờ 52 Tân Hoà Đông, P.Bình Trị Đông, Q.Bình Tân, TP.HCM",4650000.0,83.03,land,,,,56003.85,
8SB8Y3,"105 Đông Hưng Thuận 5, P.Đông Hưng Thuận, Q.12, TP.HCM",15500000.0,79.08,land,,,,196004.05,
WZ8N6R,"6 Số 06, P.Trường Thạnh, TP.Thủ Đức, TP.HCM",7000000.0,36.0,land,,,,194444.44,
CWZ52B,"Thửa 562 - tờ 145 Võ Thị Hồi, Xã Xuân Thới Sơn, H.Hóc Môn, TP.HCM",7600000.0,85.68,land,,,,88702.15,
KF2SZC,"Thửa 563 - tờ 145 Võ Thị Hồi, Xã Xuân Thới Sơn, H.Hóc Môn, TP.HCM",15500000.0,46.35,land,,,,334412.08,
W2T8KR,"đường số 5, P.Linh Xuân, TP.Thủ Đức, TP.HCM",3750000.0,48.26,land,,,,77704.1,
6S0F18,"MP Thửa 644 - tờ 116 Hương Lộ 60B, Xã Xuân Thới Sơn, H.Hóc Môn, TP.HCM",3350000.0,24.48,land,,,,136846.41,
0XS889,"158/7/27 Hẻm 158/7, P.14, Q.Bình Thạnh, TP.HCM",2510000.0,66.1,land,,,,37972.77,
9X68HP,"Thửa 1686 - tờ 129 Trần Thị Bốc, Xã Đông Thạnh, H.Hóc Môn, TP.HCM",3650000.0,32.76,land,,,,111416.36,
8AKK23,"Thửa 1688 - tờ 129 Trần Thị Bốc, Xã Đông Thạnh, H.Hóc Môn, TP.HCM",3650000.0,30.77,land,,,,118622.03,
SK4E65,"Thửa 950 - tờ 42 Tân Chánh Hiệp 7, P.Trung Mỹ Tây, Q.12, TP.HCM",4200000.0,58.9,land,,,,71307.3,
6SEVR8,"Thửa 1400 - Tờ 5 hẻm Đường Ba Sa, Xã Phước Hiệp, H.Củ Chi, TP.HCM",1300000.0,10.4,land,,,,125000.0,
A424DY,"2/50 Đướng Số 4, P.Tân Tạo A, Q.Bình Tân, TP.HCM",4630000.0,34.65,land,,,,133621.93,
EJ97F4,"28/4 đường số 10, P.Linh Trung, TP.Thủ Đức, TP.HCM",32000000.0,85.6,land,,,,373831.78,
SHDCQ5,"Thửa 1295 - tờ 72 Xuân Thới Thượng 4, Xã Bà Điểm, H.Hóc Môn, TP.HCM",3300000.0,31.22,land,,,,105701.47,
7KBQJA,"Thửa 1502 - tờ 17 Tân Thới Hiệp 14, P.Tân Thới Hiệp, Q.12, TP.HCM",5500000.0,69.62,land,,,,79000.29,
37UJWQ,"Thửa 1204-Tờ 55 hẻm Đường An Phú Đông 25, P.An Phú Đông, Q.12, TP.HCM",4700000.0,63.42,land,,,,74109.11,
3ADHUQ,"Thửa 789 - tờ 48 Vũ Trọng Phụng, Xã Xuân Thới Sơn, H.Hóc Môn, TP.HCM",3600000.0,44.94,land,,,,80106.81,
GMX6H2,"Thửa 1291 - tờ 72 Xuân Thới Thượng 4, Xã Bà Điểm, H.Hóc Môn, TP.HCM",3900000.0,28.03,land,,,,139136.64,
SUZW5Y,"Thửa 616 - Tờ 3, 55/9/8 Lò Lu, P.Trường Thạnh, TP.Thủ Đức, TP.HCM",5600000.0,70.0,land,,,,80000.0,
UK0F4S,"63/14 Lê Quang Định, P.14, Q.Bình Thạnh, TP.HCM",2320000.0,61.15,land,,,,37939.49,
DEQJ6H,"Thửa 542 - Tờ 90 đường số 17, P.Bình Chiểu, TP.Thủ Đức, TP.HCM",5280000.0,60.0,land,,,,88000.0,
GXVSC2,"Thửa 730 - Tờ 46 Lê Thị Bay, Xã Tân Thạnh Đông, H.Củ Chi, TP.HCM",1950000.0,22.67,land,,,,86016.76,
8554V3,"Thửa 849 - Tờ 34 Tỉnh Lộ 15, Xã Phú Hòa Đông, H.Củ Chi, TP.HCM",1800000.0,15.53,land,,,,115904.7,
85SGY3,"Thửa 698 - Tờ 161 Tỉnh Lộ 2, Xã Phước Vĩnh An, H.Củ Chi, TP.HCM",4100000.0,26.23,land,,,,156309.57,
RG0C4J,"Thửa 1020 - Tờ 41 Lê Thị Đảo, Xã Tân Thạnh Đông, H.Củ Chi, TP.HCM",2250000.0,19.11,land,,,,117739.4,
DC06ZH,"Thửa 747 - Tờ 32 Bến Đường Cát, Xã Tân Thạnh Đông, H.Củ Chi, TP.HCM",2200000.0,16.38,land,,,,134310.13,
3DRW6Q,"34/9/21 Quang Trung, P.08, Q.Gò Vấp, TP.HCM",9200000.0,81.12,land,,,,113412.23,
RGVY3J,"Thửa 574 - Tờ 8, hẻm 525/7 Lê Trọng Tấn, P.Sơn Kỳ, Q.Tân Phú, TP.HCM",5800000.0,96.66,land,,,,60004.14,
SDE6E5,"Thửa 661 - Tờ 126 Tỉnh Lộ 15, Xã Phú Hòa Đông, H.Củ Chi, TP.HCM",1290000.0,11.2,land,,,,115178.57,
0ZXBJ9,"Thửa 1280-2 - Tờ 94 đường số 6, P.Long Bình, TP.Thủ Đức, TP.HCM",3190000.0,63.16,land,,,,50506.65,
RGZZGJ,"Thửa 512 - Tờ 102 Nguyễn Thị Măng, Xã Thái Mỹ, H.Củ Chi, TP.HCM",3550000.0,3.36,land,,,,1056547.62,
377K7Q,"Thửa 769 - tờ 71 Thới Tam Thôn 17, Xã Thới Tam Thôn, H.Hóc Môn, TP.HCM",4100000.0,51.18,land,,,,80109.42,
2MX95Z,"Thửa 763 - Tờ 16 Lê Thị Sớm, Xã Phú Hòa Đông, H.Củ Chi, TP.HCM",1350000.0,10.31,land,,,,130940.83,
KFE6VC,"Thửa 904 - Tờ 8 Lê Thị Bay, Xã Tân Thạnh Đông, H.Củ Chi, TP.HCM",2500000.0,18.79,land,,,,133049.49,
DECM6H,"Thửa 738 - Tờ 16 Lê Thị Bay, Xã Tân Thạnh Đông, H.Củ Chi, TP.HCM",2650000.0,12.89,land,,,,205585.73,
5HYZ27,"Thửa 737 - Tờ 16 Lê Thị Bay, Xã Tân Thạnh Đông, H.Củ Chi, TP.HCM",2650000.0,12.76,land,,,,207680.25,
EJFD24,"Thửa 764 - Tờ 31 Nguyễn Kim Cương, Xã Tân Thạnh Đông, H.Củ Chi, TP.HCM",2200000.0,13.58,land,,,,162002.95,
YBH6GD,"Thửa 526 - Tờ 17 Lý Thị Chừng, Xã Phú Hòa Đông, H.Củ Chi, TP.HCM",2400000.0,9.93,land,,,,241691.84,
020EN9,"Thửa 662 - Tờ 126 Tỉnh Lộ 15, Xã Phú Hòa Đông, H.Củ Chi, TP.HCM",1290000.0,11.33,land,,,,113857.02,
SAUPB5,"23A8 Xô Viết Nghệ Tĩnh, P.25, Q.Bình Thạnh, TP.HCM",18000000.0,277.77,land,,,,64801.81,
C46WNB,"Thửa 619 - Tờ 19 TL 43, P.Bình Chiểu, TP.Thủ Đức, TP.HCM",6500000.0,45.1,land,,,,144124.17,
K0RP0C,"63/7 Thạnh Lộc 40, P.Thạnh Lộc, Q.12, TP.HCM",8400000.0,46.38,land,,,,181112.55,
5B9TW7,"427/16H Trần Xuân Soạn, P.Tân Hưng, Q.7, TP.HCM",8800000.0,104.01,land,,,,84607.25,
SDFTY5,"Thửa 765 - Tờ 6 Hồ Văn Tắng, Xã Tân Phú Trung, H.Củ Chi, TP.HCM",1900000.0,13.31,land,,,,142749.81,
9TM4TP,"Thửa 1280-3 - Tờ 94 đường số 6, P.Long Bình, TP.Thủ Đức, TP.HCM",3190000.0,63.29,land,,,,50402.91,
7KET4A,"Thửa 1280-1 - Tờ 94 đường số 6, P.Long Bình, TP.Thủ Đức, TP.HCM",3360000.0,63.03,land,,,,53307.95,
PNTHPG,"Thửa 1096 - Tờ 55 Nguyễn Thị Dưỡng, Xã Tân Thạnh Đông, H.Củ Chi, TP.HCM",1900000.0,21.27,land,,,,89327.69,
UY51NS,"Thửa 750 - Tờ 31 Nguyễn Kim Cương, Xã Tân Thạnh Đông, H.Củ Chi, TP.HCM",2200000.0,13.42,land,,,,163934.43,
SYSCU5,"Thửa 538 - Tờ 174, hẻm 204 Lê Trọng Tấn, P.Tây Thạnh, Q.Tân Phú, TP.HCM",3350000.0,72.35,land,,,,46302.7,
5Y9E87,"Thửa 663 - Tờ 16 đường Tỉnh Lộ 7, Xã Thái Mỹ, H.Củ Chi, TP.HCM",2900000.0,8.85,land,,,,327683.62,
QA893U,"Thửa 416 - Tờ 138, 1PN 98/2 Lạc Long Quân, P.10, Q.Tân Bình, TP.HCM",5200000.0,103.58,land,,,,50202.74,
3760PQ,"Thửa 415 - Tờ 138, 1PN 98/2 Lạc Long Quân, P.10, Q.Tân Bình, TP.HCM",4600000.0,98.5,land,,,,46700.51,
QA1KTU,"Thửa 1029 - Tờ 217, 413/74 Lê Văn Quới, P.Bình Hưng Hoà A, Q.Bình Tân, TP.HCM",8199999.999999999,118.32,land,,,,69303.58,
5HTW17,"Thửa 571 - Tờ 18 Nguyễn Thị Dòn, Xã Nhuận Đức, H.Củ Chi, TP.HCM",1450000.0,11.79,land,,,,122985.58,
A4GZPY,"66A Hẻm 64, P.Long Thạnh Mỹ, TP.Thủ Đức, TP.HCM",6400000.0,102.56,land,,,,62402.5,
DEA6AH,"Thửa 703 - Tờ 41 Xuân Thới Sơn 32, Xã Xuân Thới Sơn, H.Hóc Môn, TP.HCM",2550000.0,28.33,land,,,,90010.59,
PN4D6G,"Thửa 511 - Tờ 31 Bùi Thị Điệt, Xã Phạm Văn Cội, H.Củ Chi, TP.HCM",3500000.0,7.36,land,,,,475543.48,
5HWY17,"Thửa 587 - Tờ 58, 26/1 Trương Phước Phan, P.Bình Trị Đông, Q.Bình Tân, TP.HCM",5700000.0,84.82,land,,,,67201.13,
J21990,"Thửa 586 - Tờ 58, 26/1 Trương Phước Phan, P.Bình Trị Đông, Q.Bình Tân, TP.HCM",5700000.0,84.07,land,,,,67800.64,
9Z9F3P,"1B đường số 3, P.Linh Xuân, TP.Thủ Đức, TP.HCM",13500000.0,110.73,land,,,,121918.18,
6U6UV8,"Thửa 670 - tờ 14 Lê Văn Quới, P.Bình Trị Đông, Q.Bình Tân, TP.HCM",5350000.0,88.28,land,,,,60602.63,
SDUHU5,"Thửa 546 - tờ 33 Đỗ Văn Dậy 16, Xã Tân Hiệp, H.Hóc Môn, TP.HCM",4300000.0,26.51,land,,,,162202.94,
37YXWQ,"Thửa 527 - Tờ 51 Nguyễn Thị Hẹ, Xã Trung Lập Thượng, H.Củ Chi, TP.HCM",1890000.0,3.19,land,,,,592476.49,
QADMCU,"Thửa 526 - Tờ 51 Nguyễn Thị Hẹ, Xã Trung Lập Thượng, H.Củ Chi, TP.HCM",1770000.0,3.24,land,,,,546296.3,
PNMFZG,"Thửa 525 - Tờ 51 Nguyễn Thị Hẹ, Xã Trung Lập Thượng, H.Củ Chi, TP.HCM",1740000.0,3.24,land,,,,537037.04,
ACE8UY,"Thửa 524 - Tờ 51 Nguyễn Thị Hẹ, Xã Trung Lập Thượng, H.Củ Chi, TP.HCM",1700000.0,3.33,land,,,,510510.51,
4J40XF,"Thửa 672 - tờ 14 Lê Văn Quới, P.Bình Hưng Hòa, Q.Bình Tân, TP.HCM",5350000.0,90.37,land,,,,59201.06,
6U6S78,"Thửa 671 - tờ 14 Lê Văn Quới, P.Bình Trị Đông, Q.Bình Tân, TP.HCM",5350000.0,89.91,land,,,,59503.95,
6QN7S8,"Thửa 668 - Tờ 11 Thới Tam Thôn 9, Xã Thới Tam Thôn, H.Hóc Môn, TP.HCM",27000000.0,40.06,land,,,,673989.02,
ACN2EY,"Thửa 697 - Tờ 33 Nguyễn Thị Đăng, Xã Tân Thạnh Đông, H.Củ Chi, TP.HCM",2650000.0,25.52,land,,,,103840.13,
9TZZAP,"31/31A9 Huỳnh Thiện Lộc, P.Hòa Thạnh, Q.Tân Phú, TP.HCM",6700000.0,67.0,land,,,,100000.0,
2XBA5Z,"Thửa 623 - Tờ 300, 532/1/68 Kinh Dương Vương, P.Bình Trị Đông B, Q.Bình Tân, TP.HCM",5390000.0,57.7,land,,,,93414.21,
7DVW9A,"hẻm 58F Bưng Ông Thoàn, Phú Hữu, Q.9, TP.HCM",4900000.0,0.8,land,,,,6125000.0,
87SNB3,"Thửa 740 - Tờ 64 đường Tỉnh Lộ 15, Xã Tân Thạnh Đông, H.Củ Chi, TP.HCM",2300000.0,19.93,land,,,,115403.91,
PNMP1G,"Thửa 539 - Tờ 19, 661/11 (Số nhà cũ: 62B hẻm) Lũy Bán Bích, P.Phú Thạnh, Q.Tân Phú, TP.HCM",6800000.0,107.93,land,,,,63003.8,
1U5776,"Thửa 551 - Tờ 18, Một phần nhà 316/6 Hương Lộ 80, P.Bình Hưng Hoà B, Q.Bình Tân, TP.HCM",4800000.0,46.87,land,,,,102410.92,
DEBWJH,"31/31B3 Huỳnh Thiện Lộc, P.Hòa Thạnh, Q.Tân Phú, TP.HCM",6650000.0,69.34,land,,,,95904.24,
SDYYM5,"31/31B2 Huỳnh Thiện Lộc, P.Hòa Thạnh, Q.Tân Phú, TP.HCM",6650000.0,68.84,land,,,,96600.81,
85SSP3,"31/31B1 Huỳnh Thiện Lộc, P.Hòa Thạnh, Q.Tân Phú, TP.HCM",6800000.0,69.74,land,,,,97505.02,
0XSQQ9,"5 Thạch Lam, P.Phú Thạnh, Q.Tân Phú, TP.HCM",7100000.0,106.6,land,,,,66604.13,
5K2HM7,"Thửa 951 - tờ 35 Ngô Chí Quốc, P.Bình Chiểu, TP.Thủ Đức, TP.HCM",3600000.0,64.4,land,,,,55900.62,
9TM01P,"31/31B6 Huỳnh Thiện Lộc, P.Hòa Thạnh, Q.Tân Phú, TP.HCM",7150000.0,69.08,land,,,,103503.18,
EJPBP4,"31/31B5 Huỳnh Thiện Lộc, P.Hòa Thạnh, Q.Tân Phú, TP.HCM",7200000.0,68.05,land,,,,105804.56,
UYKQAS,"31/31B4 Huỳnh Thiện Lộc, P.Hòa Thạnh, Q.Tân Phú, TP.HCM",7300000.0,66.84,land,,,,109216.04,
85YNY3,"Thửa 1280-4 - Tờ 94 đường số 6, P.Long Bình, TP.Thủ Đức, TP.HCM",3570000.0,64.79,land,,,,55101.1,
37DNJQ,"Thửa 704 - Tờ 7, hẻm 255 Võ Văn Hát, P.Long Trường, TP.Thủ Đức, TP.HCM",40000000.0,37.2,land,,,,1075268.82,
7KEDZA,"Thửa 553 - Tờ 18, Một phần nhà 316/6 Hương Lộ 80, P.Bình Hưng Hoà B, Q.Bình Tân, TP.HCM",4600000.0,51.86,land,,,,88700.35,
YB4YND,"Thửa 552 - Tờ 18, Một phần nhà 316/6 Hương Lộ 80, P.Bình Hưng Hoà B, Q.Bình Tân, TP.HCM",4600000.0,50.88,land,,,,90408.81,
0Z2239,"23/25/1 Huỳnh Thiện Lộc, P.Hòa Thạnh, Q.Tân Phú, TP.HCM",6700000.0,67.54,land,,,,99200.47,
85PUU3,"Thửa 819 - Tờ 438, 881/9 Quốc lộ 1A, P.Bình Hưng Hoà A, Q.Bình Tân, TP.HCM",4350000.0,71.78,land,,,,60601.84,
ACGTRY,"Thửa 235 - Tờ 37 hẻm 247 Hà Huy Giáp, P.An Phú Đông, Q.12, TP.HCM",13600000.0,83.84,land,,,,162213.74,
QA730U,"Thửa 358 - Tờ 70, MPN 197/92 Thoại Ngọc Hầu, P.Phú Thạnh, Q.Tân Phú, TP.HCM",5090000.0,139.83,land,,,,36401.34,
PZU66G,"Thửa 412 - Tờ 21 đường Đặng Văn Sâm, P.2, Q.Tân Bình, TP.HCM",11600000.0,310.16,land,,,,37400.05,
RG1HQJ,"Thửa 306 - Tờ 58 hẻm Đường Trần Thị Trọng, P.15, Q.Tân Bình, TP.HCM",6000000.0,65.43,land,,,,91701.05,
UYCC3S,"Thửa 524 - Tờ 144, 24/11/2 Bình Trị Đông, P.Bình Trị Đông, Q.Bình Tân, TP.HCM",5400000.0,58.37,land,,,,92513.28,
E0FXK4,"56/38 Trần Bình Trọng, P.5, Q.Bình Thạnh, TP.HCM",7200000.0,137.66,land,,,,52302.77,
92JC1P,"Thửa 55 - tờ số 33, Xã Bình Mỹ, H.Củ Chi, TP.HCM",8500000.0,19.99,land,,,,425212.61,
DFN32H,"Thửa 312 - tờ 67 Hẻm 45 Thạnh Xuân 33, P.Thới An, Q.12, TP.HCM",7500000.0,37.38,land,,,,200642.05,
371SUQ,"Thửa 2608 - Tờ 47 hẻm đường Thẩm Thệ Hà, P.Đông Hưng Thuận, Q.12, TP.HCM",8199999.999999999,103.79,land,,,,79005.68,
SDCDX5,"Thửa 26 - Tờ 89, 328 + 314/1 + 326/1 Thoại Ngọc Hầu, P.Phú Thạnh, Q.Tân Phú, TP.HCM",26500000.0,94.1,land,,,,281615.3,
Y4U00D,"ấp cây trắc, Xã Phú Hòa Đông, H.Củ Chi, TP.HCM",3800000.0,7.5,land,,,,506666.67,
YBW6FD,"Thửa 215 - Tờ 18 Tân Hiệp 12-7, Xã Tân Hiệp, H.Hóc Môn, TP.HCM",2480000.0,33.74,land,,,,73503.26,
SD78G5,"Thửa 859 - Tờ 9 hẻm đường Lê Văn Khương, P.Hiệp Thành, Q.12, TP.HCM",4550000.0,76.34,land,,,,59601.78,
85UVE3,"Thửa 547 - Tờ 6 hẻm đường Trần Quang Đạo, Xã Bình Khánh, H.Cần Giờ, TP.HCM",1800000.0,14.51,land,,,,124052.38,
5HKZ97,"Thửa 566 - tờ 69 Đông Thạnh 8-1, Xã Đông Thạnh, H.Hóc Môn, TP.HCM",4390000.0,32.63,land,,,,134538.77,
5HJY17,"Thửa 461 - Tờ 34 hẻm Đường XXT 2, Xã Xuân Thới Thượng, H.Hóc Môn, TP.HCM",3150000.0,32.3,land,,,,97523.22,
5HKT27,"Thửa 712 - tờ 56 Đông Thạnh 8-1, Xã Đông Thạnh, H.Hóc Môn, TP.HCM",4800000.0,44.52,land,,,,107816.71,
CWR8TB,"Thửa 711- tờ 56 Đông Thạnh 8-1, Xã Đông Thạnh, H.Hóc Môn, TP.HCM",4800000.0,44.32,land,,,,108303.25,
WZ38SR,"306/20 Nguyễn Thái Sơn, P.05, Q.Gò Vấp, TP.HCM",7200000.0,94.86,land,,,,75901.33,
J2SQM0,"Thửa 641 - Tờ 1 Bờ Kênh Trung Đông 8, Xã Thới Tam Thôn, H.Hóc Môn, TP.HCM",1850000.0,9.32,land,,,,198497.85,
UA5H5S,"Thửa 912 - Tờ 69 đường số 36A Khu C, P.An Phú, TP.Thủ Đức, TP.HCM",60000000.0,300.0,land,,,,200000.0,
EJ7CS4,"Thửa 708 - tờ 190 Xuân Thới Thượng 9, Xã Bà Điểm, H.Hóc Môn, TP.HCM",3200000.0,37.86,land,,,,84521.92,
QADDZU,"MP 38/8 (Thửa 1003) Trần Thị Hè, khu phố 4, P.Hiệp Thành, Q.12, TP.HCM",5450000.0,84.36,land,,,,64604.08,
Q5MAPU,"201/5/1 Mã Lò, P.Bình Trị Đông A, Q.Bình Tân, TP.HCM",4500000.0,89.46,land,,,,50301.81,
EJ9914,"MP 38/8 (Thửa 1002) Trần Thị Hè, khu phố 4, P.Hiệp Thành, Q.12, TP.HCM",5450000.0,84.62,land,,,,64405.58,
2XQ28Z,"Thửa 849 - Tờ 18, Đường TL22, P.Thạnh Lộc, Q.12, TP.HCM",4800000.0,54.85,land,,,,87511.39,
ERZEJ4,"Thửa 972 - Tờ 14, Đường TL41, P.Thạnh Lộc, Q.12, TP.HCM",5700000.0,55.39,land,,,,102906.66,
8SKWZ3,"11 - 13 Nội Khu Mỹ Toàn 2, P.Tân Phong, Q.7, TP.HCM",60000000.0,270.27,land,,,,222000.22,
QAZ0YU,"Thửa 744 - Tờ 39 Liên khu 2-5, P.Bình Trị Đông, Q.Bình Tân, TP.HCM",10500000.0,92.42,land,,,,113611.77,
8U9EK3,"Thửa 882 - Tờ 11, Đường Thạnh Lộc 39, P.Thạnh Lộc, Q.12, TP.HCM",5450000.0,58.98,land,,,,92404.2,
DEBTXH,"Thửa 971-Tờ 21 Hẻm Đường Nguyễn Văn Tạo, Xã Long Thới, H.Nhà Bè, TP.HCM",5000000.0,50.55,land,,,,98911.97,
DEQPQH,"Thửa 835 - Tờ 49 hẻm đường Võ Thị Hồi, Xã Xuân Thới Sơn, H.Hóc Môn, TP.HCM",3400000.0,31.92,land,,,,106516.29,
GNH3X2,"Thửa 640 - Tờ 51, Đường Vườn Lài, P.An Phú Đông, Q.12, TP.HCM",5300000.0,106.0,land,,,,50000.0,
2XSPMZ,"Liên Khu 8-9, P.Bình Hưng Hoà A, Q.Bình Tân, TP.HCM",11900000.0,94.22,land,,,,126300.15,
AKN9HY,"MPN 1B Đường Phạm Quý Thích, P.Tân Quý, Q.Tân Phú, TP.HCM",5950000.0,155.75,land,,,,38202.25,
92DQ1P,"Thửa 879 - Tờ 11, Đường Thạnh Lộc 39, P.Thạnh Lộc, Q.12, TP.HCM",5450000.0,60.02,land,,,,90803.07,
W051TR,"Thửa 878 - Tờ 11, Đường Thạnh Lộc 39, P.Thạnh Lộc, Q.12, TP.HCM",5450000.0,60.35,land,,,,90306.55,
JP7F70,"Thửa 881 - Tờ 11, Đường Thạnh Lộc 39, P.Thạnh Lộc, Q.12, TP.HCM",5450000.0,59.3,land,,,,91905.56,
KFD13C,"Thửa 574 - Tờ 145 hẻm đường Nguyễn Văn Bứa, Xã Bà Điểm, H.Hóc Môn, TP.HCM",2700000.0,17.62,land,,,,153234.96,
SDGYF5,"Thửa 735 - Tờ 37 hẻm 2640 Huỳnh Tấn Phát, TT.Nhà Bè, H.Nhà Bè, TP.HCM",1880000.0,22.46,land,,,,83704.36,
KJH7KC,"võ văn hát, P.Long Trường, TP.Thủ Đức, TP.HCM",4400000.0,76.12,land,,,,57803.47,
EP1M64,"12/8 Lê Văn Thọ, P.14, Q.Gò Vấp, TP.HCM",8800000.0,83.8,land,,,,105011.93,
DCV8FH,"Lê Văn Sỹ, P.13, Q.Phú Nhuận, TP.HCM",7900000.0,123.63,land,,,,63900.35,
40UC8F,"Hẻm 2024 tỉnh lộ 8, Xã Bình Mỹ, H.Củ Chi, TP.HCM",12000000.0,11.91,land,,,,1007556.68,
8SH5E3,"Thửa 592 - tờ 44 Hẻm D31, Xã Hưng Long, H.Bình Chánh, TP.HCM",3050000.0,18.93,land,,,,161119.92,
40JUYF,"Thửa 596 - Tờ 119 hẻm đường Bùi Thị Lành, Xã Bình Mỹ, H.Củ Chi, TP.HCM",1800000.0,11.18,land,,,,161001.79,
Q5MA3U,"637/10/33/28E Hà Huy Giáp, P.Thạnh Xuân, Q.12, TP.HCM",5050000.0,37.71,land,,,,133916.73,
AKJCDY,"Thửa 716 - Tờ 27 Đường Lê Thị Riêng, P.Thới An, Q.12, TP.HCM",8000000.0,61.87,land,,,,129303.38,
8SYD03,"Thửa 563 - Tờ 43, đường Bàu Giã, Xã Phước Vĩnh An, H.Củ Chi, TP.HCM",2980000.0,26.53,land,,,,112325.67,
9T4D3P,"Thửa 617 - Tờ 48 hẻm đường Tỉnh Lộ 15, Xã Tân Thạnh Đông, H.Củ Chi, TP.HCM",3600000.0,11.05,land,,,,325791.86,
U7495S,"Đường số 6-8, TT.Hóc Môn, H.Hóc Môn, TP.HCM",2800000.0,45.16,land,,,,62001.77,
W9M2MR,"Thửa 1107 - Tờ 59, Quốc lộ 1A, P.An Phú Đông, Q.12, TP.HCM",4800000.0,44.28,land,,,,108401.08,
Q7BJVU,"Thửa 1105 - Tờ 59, Đường Quốc lộ 1A, P.An Phú Đông, Q.12, TP.HCM",4950000.0,44.11,land,,,,112219.45,
AKBU7Y,"Thửa 720 - Tờ 38, đường Hiệp Thành 43, P.Hiệp Thành, Q.12, TP.HCM",4950000.0,49.64,land,,,,99717.97,
UAVV4S,"Thửa 1501 - Tờ 21, Đường Thạnh Lộc 16, P.An Phú Đông, Q.12, TP.HCM",6200000.0,71.42,land,,,,86810.42,
YBFAZD,"Thửa 91 - Tờ 28 đường số 97, Ấp Giồng Sao, Xã Tân Phú Trung, H.Củ Chi, TP.HCM",6500000.0,18.35,land,,,,354223.43,
8S0E43,"Thửa 608 - Tờ 80 đường số 387, Xã Tân An Hội, H.Củ Chi, TP.HCM",1980000.0,12.16,land,,,,162828.95,
RPWN6J,"Thửa 693 - tờ 19 Tỉnh lộ 43, P.Bình Chiểu, TP.Thủ Đức, TP.HCM",3250000.0,37.52,land,,,,86620.47,
7KE64A,"Thửa 798 - Tờ 55 hẻm Bưng Ông Thoàn, P.Phú Hữu, TP.Thủ Đức, TP.HCM",10300000.0,65.94,land,,,,156202.61,
9Z1G1P,"Thửa 877 - tờ 15 Đường Hà Huy Giáp, P.Thạnh Xuân, Q.12, TP.HCM",39000000.0,39.05,land,,,,998719.59,
5DSER7,"Thửa 508 - tờ 22 Tỉnh lộ 43, P.Bình Chiểu, TP.Thủ Đức, TP.HCM",3200000.0,40.25,land,,,,79503.11,
4J9TXF,"Thửa 737 - tờ 63 ấp Tam Đông, Xã Thới Tam Thôn, H.Hóc Môn, TP.HCM",4200000.0,52.1,land,,,,80614.2,
1UD9W6,"Thửa 441 - Tờ 3 hẻm 1508 Đường Lê Văn Lương, Xã Nhơn Đức, H.Nhà Bè, TP.HCM",4500000.0,38.23,land,,,,117708.61,
2XEMTZ,"Thửa 564 - tờ 143 Đường TTT12, Xã Đông Thạnh, H.Hóc Môn, TP.HCM",4800000.0,51.94,land,,,,92414.32,
SSYV5Y,"Thửa 564 - Tờ 66, Đường Trình Thị Gắt, Xã Tân An Hội, H.Củ Chi, TP.HCM",1300000.0,12.89,land,,,,100853.37,
3STJZQ,"87/54 Quốc lộ 1, P.Hiệp Bình Phước, TP.Thủ Đức, TP.HCM",5800000.0,54.3,land,,,,106814.0,
PTRTCG,"Thửa 548 Tờ 12, Đường Thạnh Lộc 41, P.Thạnh Lộc, Q.12, TP.HCM",7950000.0,53.78,land,,,,147824.47,
5DE5V7,"Thửa 833 - tờ 27 Đường Vườn Lài, P.Thạnh Lộc, Q.12, TP.HCM",1800000.0,38.37,land,,,,46911.65,
JPJ910,"Thửa 805 - Tờ 27, đường Đỗ Hành, P.Trung Mỹ Tây, Q.12, TP.HCM",3350000.0,58.46,land,,,,57304.14,
SY4T75,"Thửa 46 - tờ 34 đường số 6, Xã Long Thới, H.Nhà Bè, TP.HCM",5200000.0,0.03,land,,,,173333333.33,
UAR0QS,"Thửa 700 - tờ 23 Đường Hà Duy Phiên, Xã Bình Mỹ, H.Củ Chi, TP.HCM",11000000.0,24.42,land,,,,450450.45,
SYT025,"Thửa 587 - Tờ 19 Đường Quách Điêu, Xã Vĩnh Lộc A, H.Bình Chánh, TP.HCM",14400000.0,28.48,land,,,,505617.98,
SYRKG5,"Thửa 577 - Tờ 61, Đường Phạm Văn Sáng, Xã Xuân Thới Thượng, H.Hóc Môn, TP.HCM",25000000.0,34.2,land,,,,730994.15,
8UTNJ3,"Thửa 413 - Tờ 66, hẻm 50 Hòa Bình, P.5, Q.11, TP.HCM",12070000.0,95.03,land,,,,127012.52,
PT3M6G,"Thửa 1101 - Tờ 59, Đường Quốc lộ 1A, P.An Phú Đông, Q.12, TP.HCM",3750000.0,42.13,land,,,,89010.21,
GNM5B2,"Thửa 1093 - Tờ 50, đường số 55, P.Tân Tạo, Q.Bình Tân, TP.HCM",8500000.0,85.0,land,,,,100000.0,
AH83EY,"Thửa 412 - Tờ 66, hẻm 50 Hòa Bình, P.5, Q.11, TP.HCM",10640000.0,95.42,land,,,,111507.02,
5DZJQ7,"Thửa 604 - Tờ 80 đường số 387, Xã Tân An Hội, H.Củ Chi, TP.HCM",1350000.0,12.14,land,,,,111202.64,
2XQYWZ,"Thửa 1103 - Tờ 59, Đường Quốc lộ 1A, P.An Phú Đông, Q.12, TP.HCM",3900000.0,44.11,land,,,,88415.33,
5DFPC7,"Thửa 1102 - Tờ 59, Đường Quốc lộ 1A, P.An Phú Đông, Q.12, TP.HCM",3750000.0,42.27,land,,,,88715.4,
SAV1X5,"Thửa 415 - Tờ 66, hẻm 50 Hòa Bình, P.5, Q.11, TP.HCM",18090000.0,90.26,land,,,,200421.01,
50RS7X,"Thửa 571 - Tờ 31, Đường Phạm Văn Cội, Xã Phạm Văn Cội, H.Củ Chi, TP.HCM",4000000.0,25.3,land,,,,158102.77,
1QRC16,"Thửa 603 - Tờ 80 đường số 387, Xã Tân An Hội, H.Củ Chi, TP.HCM",1350000.0,12.18,land,,,,110837.44,
5D0307,"Thửa 1788 - Tờ 22, Đường Thạnh Lộc 19, P.Thạnh Lộc, Q.12, TP.HCM",18500000.0,29.8,land,,,,620805.37,
7HWGQA,"Thửa 1106 - Tờ 59, Đường Quốc lộ 1A, P.An Phú Đông, Q.12, TP.HCM",4800000.0,43.51,land,,,,110319.47,
CF9EUB,"Thửa 607 - Tờ 7, Đường Sa Nhỏ, Xã Trung Lập Thượng, H.Củ Chi, TP.HCM",2550000.0,5.42,land,,,,470479.7,
2X8N5Z,"Thửa 95 - Tờ 20, đường số 30, Xã Tân Thông Hội, H.Củ Chi, TP.HCM",3850000.0,18.16,land,,,,212004.41,
CKXZBC,"Thửa 1004 - Tờ 24, Đường Lê Thị Riêng, P.Thới An, Q.12, TP.HCM",5600000.0,56.0,land,,,,100000.0,
ERXZN4,"Thửa 598 - Tờ 26, đường số 10, P.Tân Tạo, Q.Bình Tân, TP.HCM",5650000.0,56.5,land,,,,100000.0,
8SXQX3,"Thửa 1121 - Tờ 95, Đường Thạnh Xuân 21, P.Thạnh Xuân, Q.12, TP.HCM",4900000.0,76.8,land,,,,63802.08,
Q8ZQUQ,"Xô Viết Nghệ Tĩnh, P.28, Q.Bình Thạnh, TP.HCM",98000000.0,245.0,land,,,,400000.0,
9ZQHEP,"Thửa 614 - Tờ 102, Đường Nguyễn Thị Măng, Xã Thái Mỹ, H.Củ Chi, TP.HCM",2000000.0,2.3,land,,,,869565.22,
3SNXMQ,"Thửa 414 - Tờ 66, hẻm 50 Hòa Bình, P.5, Q.11, TP.HCM",14490000.0,90.16,land,,,,160714.29,
WPB3GR,"Thửa 579 - Tờ 1 hẻm số 2 đường Tô Ngọc Vân, P.15, Q.Gò Vấp, TP.HCM",3200000.0,56.33,land,,,,56808.1,
SYFD95,"Thửa 859 - tờ 19 Đường Hiệp Thành 17, P.Hiệp Thành, Q.12, TP.HCM",6500000.0,78.88,land,,,,82403.65,
WW9UR9,"Thửa 713 - Tờ 30, Đường Số 16, Xã Tân Thông Hội, H.Củ Chi, TP.HCM",5300000.0,16.08,land,,,,329601.99,
SYJP85,"Thửa 527 - Tờ 26, Đường Cây Trôm Mỹ Khánh, Xã Phước Hiệp, H.Củ Chi, TP.HCM",1700000.0,3.05,land,,,,557377.05,
AH9JBY,"22/4/9 Đường Số 61, P.Thảo Điền, TP.Thủ Đức, TP.HCM",13900000.0,114.59,land,,,,121302.03,
35JVKQ,"Thửa 688 - Tờ 195 Đường Nguyễn Thị Nhia, Xã Phước Hiệp, H.Củ Chi, TP.HCM",1600000.0,14.55,land,,,,109965.64,
W9355R,"Thửa 592 - Tờ 18, Đường Nguyễn Thị Dòn, Xã Nhuận Đức, H.Củ Chi, TP.HCM",1450000.0,10.94,land,,,,132541.13,
W0FU0R,"Thửa 539 - Tờ 34, đường Lê Trọng Tấn, P.Bình Hưng Hòa, Q.Bình Tân, TP.HCM",7200000.0,70.58,land,,,,102011.9,
SYP3A5,"Thửa 935 - Tờ 4 Đường Nguyễn Thị Thạo, Xã Phước Hiệp, H.Củ Chi, TP.HCM",1280000.0,10.61,land,,,,120640.9,
YCWBMD,"Thửa 664 - Tờ 10, Đường Đặng Thị Dợt, Xã Phước Vĩnh An, H.Củ Chi, TP.HCM",3680000.0,18.43,land,,,,199674.44,
AH7Z3Y,"Thửa 542 - Tờ 34, đường Lê Trọng Tấn, P.Bình Hưng Hòa, Q.Bình Tân, TP.HCM",7200000.0,68.63,land,,,,104910.39,
DC95VH,"Thửa 619 - Tờ 103, đường số 8, P.Linh Trung, TP.Thủ Đức, TP.HCM",22200000.0,99.86,land,,,,222311.24,
8UFV63,"Thửa 15 - Tờ 47, đường số 17, P.Linh Trung, TP.Thủ Đức, TP.HCM",52000000.0,64.98,land,,,,800246.23,
AHZSNY,"Thửa 610 - Tờ 52, đường Bùi Thị Điệt, Xã Nhuận Đức, H.Củ Chi, TP.HCM",1900000.0,5.47,land,,,,347349.18,
3SBJ5Q,"Thửa 809 - Tờ 16, đường Võ Thị Mận, Xã Trung An, H.Củ Chi, TP.HCM",2300000.0,26.55,land,,,,86629.0,
7HT0MA,"Thửa 562 - Tờ 121 Đường Tỉnh lộ 10, P.Bình Trị Đông B, Q.Bình Tân, TP.HCM",7350000.0,97.48,land,,,,75400.08,
C4UCRB,"Thửa 632 - Tờ 2, Đường Tỉnh lộ 10, P.Tân Tạo, Q.Bình Tân, TP.HCM",3500000.0,53.92,land,,,,64910.98,
7HVEJA,"Thửa 532 - tờ 19 Đường Lê Văn Quới, P.Bình Hưng Hoà A, Q.Bình Tân, TP.HCM",4450000.0,113.52,land,,,,39200.14,
6UEVD8,"Thửa 613 - Tờ 102, Đường Nguyễn Thị Măng, Xã Thái Mỹ, H.Củ Chi, TP.HCM",1800000.0,2.8,land,,,,642857.14,
7H9SRA,"Thửa 687 - Tờ 195, Đường Nguyễn Thị Nhia, Xã Phước Hiệp, H.Củ Chi, TP.HCM",1700000.0,11.61,land,,,,146425.5,
AKZUNY,"Thửa 657 - Tờ 16 Đường Lý Thị Chừng, Xã Phú Hòa Đông, H.Củ Chi, TP.HCM",1900000.0,18.3,land,,,,103825.14,
R9BZ8J,"Thửa 553 - Tờ 131, đường Tỉnh Lộ 10, P.Bình Trị Đông, Q.Bình Tân, TP.HCM",5350000.0,61.14,land,,,,87504.09,
AHF5QY,"47/68/46/20 Đường Trường Lưu, P.Long Trường, TP.Thủ Đức, TP.HCM",3800000.0,73.35,land,,,,51806.41,
Q70NJU,"Thửa 569 - tờ 121 Đường Phùng Tá Chu, P.An Lạc, Q.Bình Tân, TP.HCM",5450000.0,109.0,land,,,,50000.0,
1QFGK6,"Thửa 568 - tờ 121 Đường Phùng Tá Chu, P.An Lạc, Q.Bình Tân, TP.HCM",5450000.0,109.0,land,,,,50000.0,
PTV15G,"Thửa Số 2 - Tờ Số 20, 362 Ba Sa, Xã Trung Lập Hạ, H.Củ Chi, TP.HCM",2860000.0,24.46,land,,,,116925.59,
ERJMA4,"Thửa 700 - Tờ 37, 907/8A Hương Lộ 2, P.Bình Trị Đông A, Q.Bình Tân, TP.HCM",6700000.0,76.22,land,,,,87903.44,
0GJPQ9,"Thửa 601 - Tờ 27, hẻm 37 Hồ Văn Long, P.Bình Hưng Hoà B, Q.Bình Tân, TP.HCM",6250000.0,69.21,land,,,,90304.87,
6XNG8Y,"Thửa 488 - Tờ 10, Đường Đặng Thùy Trâm, P.13, Q.Bình Thạnh, TP.HCM",8700000.0,176.11,land,,,,49400.94,
13V876,"Thửa 638 - Tờ 27, hẻm 37 Hồ Văn Long, P.Bình Hưng Hoà B, Q.Bình Tân, TP.HCM",6250000.0,66.98,land,,,,93311.44,
5Y6UD7,"Thửa 1022 - Tờ 58, Hẻm 340 Long Phước, P.Long Phước, TP.Thủ Đức, TP.HCM",5500000.0,51.4,land,,,,107003.89,
SA2DE5,"Thửa 1001 - Tờ 34, Đường Ngô Chí Quốc, P.Bình Chiểu, TP.Thủ Đức, TP.HCM",3000000.0,56.6,land,,,,53003.53,
JRYR0D,"Thửa 51 - Tờ 41, Đường Trần Thị Rộng, Xã Nhuận Đức, H.Củ Chi, TP.HCM",9500000.0,0.11,land,,,,86363636.36,
SYP3D5,"Lô 2, đường Số 13, Khu Công Nghiệp Tân Bình, P.Tây Thạnh, Q.Tân Phú, TP.HCM",290000000.0,28.82,land,,,,10062456.63,
7KD0EA,"Thửa 1003 - Tờ 45 đường số 1, KDC Việt Nhân - Tín Hưng, P.Long Trường, TP.Thủ Đức, TP.HCM",3800000.0,67.85,land,,,,56005.9,
8SJ9G3,"Một phần thửa 298 - Tờ 76 Đường Kênh Trung Ương, Xã Vĩnh Lộc A, H.Bình Chánh, TP.HCM",7700000.0,0.06,land,,,,128333333.33,
UAZ9MS,"Một phần nhà 942/1/1A Đường Kha Vạn Cân, P.Trường Thọ, TP.Thủ Đức, TP.HCM",5300000.0,62.5,land,,,,84800.0,
YCRYGD,"Thửa 669 - Tờ 134, 138/40/26 Đường Nguyễn Duy Cung, P.12, Q.Gò Vấp, TP.HCM",5350000.0,96.05,land,,,,55700.16,
K4ZZKC,"Thửa 1052 - tờ 19 và Thửa 1053 - tờ 19 Đường Nguyễn Xiển, Trường Thạnh, Q.9, TP.HCM",139000000.0,60.96,land,,,,2280183.73,
6U3YY8,"Thửa 39 - Tờ 16, kế 541/1/4 Tỉnh lộ 10, P.Bình Trị Đông, Q.Bình Tân, TP.HCM",6500000.0,49.8,land,,,,130522.09,
PTAR4G,"Tổ 54 KP4 ( Thửa 1112 - tờ 31 ) Đường Phan Văn Hớn, P.Tân Thới Nhất, Q.12, TP.HCM",5300000.0,74.33,land,,,,71303.65,
9ZY81P,"Thửa 653 - Tờ 51, MPN 238/10-12 Đường Phú Thọ Hòa, P.Phú Thọ Hòa, Q.Tân Phú, TP.HCM",6500000.0,114.03,land,,,,57002.54,
7HNYFA,"Thửa 550 - tờ 15 ( 233/16 ) Đường Quốc Lộ 13 cũ, KP1, P.Hiệp Bình Phước, TP.Thủ Đức, TP.HCM",6250000.0,72.75,land,,,,85910.65,
CFGMFB,"Thửa 669 tờ 50, Một phần nhà số 647/1A Quốc lộ 13, P.Hiệp Bình Phước, TP.Thủ Đức, TP.HCM",6350000.0,95.48,land,,,,66506.07,
3D1V6Q,"đường lê thị hà (nay là đường ấp chánh 4), Xã Tân Xuân, H.Hóc Môn, TP.HCM",16500000.0,17.49,land,,,,943396.23,
3AD9HQ,"Lô 16 Khu A16 Thôn Chân Lầm, P.Dương Quan, TP.Thuỷ Nguyên, TP. Hải Phòng",3950000.0,65.83,land,,,,60003.04,
PN9THG,"Thửa 484A - Tờ 03 Thôn 8, Xã Liên Xuân, TP.Thuỷ Nguyên, TP. Hải Phòng",690.0,6.91,land,,,,99.86,
9TR69P,"Thửa 549 - tờ 3 Khu vực Thới Thuận, P.Thới An Đông, Q.Bình Thuỷ, TP. Cần Thơ",680.0,3.31,land,,,,205.44,
AB483Y,"Thửa 355 - Tờ 03 Thôn 5, P.Thuỷ Đường, TP.Thuỷ Nguyên, TP. Hải Phòng",3450000.0,32.79,land,,,,105215.0,
7CETFA,"Lô 07 Khu A14 Thôn Chân Lầm, P.Dương Quan, TP.Thuỷ Nguyên, TP. Hải Phòng",3650000.0,60.83,land,,,,60003.29,
65AJA8,"Thửa 5610 - Tờ 3 Thôn Công Đất, P.Hoa Động, TP.Thuỷ Nguyên, TP. Hải Phòng",2950000.0,36.87,land,,,,80010.85,
UYQYAS,"Thửa 621E - Tờ 01 Thôn 6, P.Trần Hưng Đạo, TP.Thuỷ Nguyên, TP. Hải Phòng",1080000.0,13.25,land,,,,81509.43,
7CEESA,"Thửa 359 - Tờ 120 số 7, P.Tân An, Q.Ninh Kiều, TP. Cần Thơ",3850000.0,38.5,land,,,,100000.0,
5EC387,"62 Bình Chuẩn 66, P.Bình Chuẩn, TX.Thuận An, Bình Dương",2150000.0,19.57,land,,,,109862.03,
5EC3Q7,"90/49 Đỗ Tấn Phong, P.Tân Đông Hiệp, TX.Dĩ An, Bình Dương",1510000.0,19.16,land,,,,78810.02,
P1SSDG,"72C Hoà bình, P.5, Q.11, TP.HCM",70000000.0,350.0,land,,,,200000.0,
SBY8N5,"442/119/64 QL1A, P.An Phú Đông, Q.12, TP.HCM",4900000.0,48.61,land,,,,100802.3,
0XSCC9,"Xã Tân Thạnh Tây, H.Củ Chi, TP.HCM",825.1,5.5,land,,,,150.02,
7BCFDA,"Thửa 659 - Tờ 58 An Hạ, Xã Phạm Văn Hai, H.Bình Chánh, TP.HCM",12000000.0,14.17,land,,,,846859.56,
KWZSZC,"Thửa 1350 - tờ 22 Thới An 16, P.Thới An, Q.12, TP.HCM",3950000.0,65.72,land,,,,60103.47,
7KS61A,"Thửa 808 - tờ 1 Trung An, Xã Trung An, H.Củ Chi, TP.HCM",4000000.0,10.59,land,,,,377714.83,
UCR6JS,"Thửa 1230 - tờ 97 HIệp Thành 45, P.Hiệp Thành, Q.12, TP.HCM",2950000.0,57.84,land,,,,51002.77,
QK4YHU,"1130 Thạnh xuân 52, P.Thạnh Xuân, Q.12, TP.HCM",25000000.0,32.59,land,,,,767106.47,
P139MG,"Thửa 601 - tờ 114 Đồng Tâm, Xã Tân Xuân, H.Hóc Môn, TP.HCM",3950000.0,31.6,land,,,,125000.0,
DRRAYH,"Thửa 866 - tờ 72 Thạnh Xuân 25, P.Thạnh Xuân, Q.12, TP.HCM",3950000.0,74.38,land,,,,53105.67,
K0WDYC,"Thửa 772 - tờ 66 Song Hành, Xã Tân Hiệp, H.Hóc Môn, TP.HCM",2950000.0,30.98,land,,,,95222.72,
JXGC20,"Thửa 746 - tờ 85 đường T12, Xã Tân Quý Tây, H.Bình Chánh, TP.HCM",2000000.0,14.12,land,,,,141643.06,
74HPJA,"Thửa 18 - tờ 23 Bến Than, Xã Bình Mỹ, H.Củ Chi, TP.HCM",20500000.0,6.27,land,,,,3269537.48,
KJYN3C,"Thửa 976 - tờ 33 Thạnh Lộc 16, P.Thạnh Lộc, Q.12, TP.HCM",3950000.0,53.23,land,,,,74206.27,
26KDBZ,"Thửa 559 - Tờ 19 Tân Hoà 2, Hiệp Phú, Q.9, TP.HCM",8000000.0,73.39,land,,,,109006.68,
26Y8AZ,"144/48 Đề Thám, P.Cầu Ông Lãnh, Q.1, TP.HCM",8000000.0,202.53,land,,,,39500.32,
C0X8JB,"67 TL 50, P.Thạnh Lộc, Q.12, TP.HCM",7500000.0,52.66,land,,,,142423.09,
UKWE3S,"38 Nguyễn Xí, P.26, Q.Bình Thạnh, TP.HCM",130000000.0,160.13,land,,,,811840.38,
3YV63Q,"Thửa 513 - Tờ 60 Võ Chí Công, Phú Hữu, Q.9, TP.HCM",23000000.0,37.39,land,,,,615137.74,
SK2W25,"275/21/30 Quang Trung, P.10, Q.Gò Vấp, TP.HCM",5000000.0,93.98,land,,,,53202.81,
E9ZJN4,"Thửa 544 - tờ 182 Nguyễn Kiệm, P.3, Q.Gò Vấp, TP.HCM",7000000.0,140.28,land,,,,49900.2,
KR0PFC,"Hẻm 306/38 Vườn Lài, P.An Phú Đông, Q.12, TP.HCM",22500000.0,38.09,land,,,,590706.22,
UHKX0S,"Thửa 311 - Tờ 145 Duyên Hải, Xã Long Hòa, H.Cần Giờ, TP.HCM",13000000.0,19.86,land,,,,654582.07,
3YYZ0Q,"Thửa 510 - Tờ 18 Bà Thiên, Xã Nhuận Đức, H.Củ Chi, TP.HCM",10000000.0,4.76,land,,,,2100840.34,
9N9UGP,"Thửa 567 - Tờ 68 Thạnh Xuân 33, P.Thạnh Xuân, Q.12, TP.HCM",6000000.0,32.8,land,,,,182926.83,
7CSYQA,"Thửa 816 - tờ 63 Bến Than, Xã Tân Thạnh Đông, H.Củ Chi, TP.HCM",2600000.0,20.6,land,,,,126213.59,
5K3T87,"17/17 và 17/19 đường TX 14, P.Thạnh Xuân, Q.12, TP.HCM",15000000.0,46.29,land,,,,324044.07,
9NWV9P,"Thửa 19 - tờ 17 Bàu Lách, Xã Phạm Văn Cội, H.Củ Chi, TP.HCM",11000000.0,5.79,land,,,,1899827.29,
652N18,"Thửa 343 - tờ 17 đường 464, Xã Trung An, H.Củ Chi, TP.HCM",9000000.0,4.16,land,,,,2163461.54,
6545R8,"Thửa 661 - tờ 33 Trung An, Xã Phú Hòa Đông, H.Củ Chi, TP.HCM",3200000.0,17.6,land,,,,181818.18,
1SC0E6,"Thửa 656 - tờ 8 Thái Mỹ, Xã Thái Mỹ, H.Củ Chi, TP.HCM",850.0,0.67,land,,,,1268.66,
3A4PDQ,"Thửa 551 - tờ 87 đường 682, Xã Thái Mỹ, H.Củ Chi, TP.HCM",900.0,6.0,land,,,,150.0,
QYF7SU,"Thửa 913 - Tờ 48 đường 339, Phước Long B, Q.9, TP.HCM",6100000.0,104.81,land,,,,58200.55,
CR9D8B,"Thửa 2010 - Tờ 3 đường TL50, P.Thạnh Lộc, Q.12, TP.HCM",3700000.0,18.5,land,,,,200000.0,
QYAN3U,"Thửa 609 - tờ 11 Bến Than, Xã Hòa Phú, H.Củ Chi, TP.HCM",2300000.0,18.19,land,,,,126443.1,
5KA8U7,"Thửa 735 - tờ 26 Trung Lập, Xã Trung Lập Thượng, H.Củ Chi, TP.HCM",980.0,9.5,land,,,,103.16,
6SV1U8,"Thửa 152 - tờ 24 Trung An, Xã Trung An, H.Củ Chi, TP.HCM",5600000.0,10.96,land,,,,510948.91,
7KSGPA,"Thửa 119 - tờ 43 Bình Mỹ, Xã Bình Mỹ, H.Củ Chi, TP.HCM",3000000.0,11.91,land,,,,251889.17,
ACUPUY,"Thửa 818 - tờ 41 Thạnh Xuân 24, P.Thạnh Xuân, Q.12, TP.HCM",4990000.0,58.02,land,,,,86004.83,
85MHU3,"MP 91/2A ( Thửa 1914 - tờ 22) Thới An 18, P.Thới An, Q.12, TP.HCM",6850000.0,52.29,land,,,,131000.19,
QA0VGU,"Thửa 602 - tờ 11 đường 493, Xã Tân An Hội, H.Củ Chi, TP.HCM",2000000.0,16.82,land,,,,118906.06,
1U4BU6,"đường số 63, An Phú, Q.2, TP.HCM",45000000.0,249.03,land,,,,180701.12,
6S4MF8,"Thửa 268 - tờ 28 Phước Thạnh, Xã Phước Thạnh, H.Củ Chi, TP.HCM",6990000.0,3.4,land,,,,2055882.35,
KFN6WC,"Thửa 543 - Tờ 43 Khu phố 4, P.Hiệp Thành, Q.12, TP.HCM",9000000.0,26.32,land,,,,341945.29,
QAW6XU,"Thạnh Xuân 52, P.Thạnh Xuân, Q.12, TP.HCM",3950000.0,64.96,land,,,,60806.65,
7K96YA,"Thửa 627 - tờ 24 Bà Thiên, Xã Nhuận Đức, H.Củ Chi, TP.HCM",2030000.0,3.67,land,,,,553133.51,
YBGP8D,"Thạnh Xuân 52, P.Thạnh Xuân, Q.12, TP.HCM",2950000.0,48.12,land,,,,61305.07,
SDWVK5,"Thửa 578 - tờ 11 Trung An, Xã Trung An, H.Củ Chi, TP.HCM",2600000.0,13.66,land,,,,190336.75,
KFP5XC,"Thửa 538 - tờ 30 đường 374, Xã Tân An Hội, H.Củ Chi, TP.HCM",2000000.0,7.14,land,,,,280112.04,
J2M8Q0,"310/41 Bùi Công Trừng, P.Thạnh Xuân, Q.12, TP.HCM",4980000.0,52.09,land,,,,95603.76,
QAHMKU,"Thửa 170 - tờ 31 Giồng Cát, Xã Tân Phú Trung, H.Củ Chi, TP.HCM",2000000.0,14.69,land,,,,136147.04,
DEWQ8H,"Thửa 621 - tờ 16 Kênh Đông, Xã Phước Thạnh, H.Củ Chi, TP.HCM",4000000.0,3.95,land,,,,1012658.23,
85AQ43,"Thửa 1017 - tờ 27 Bến Than, Xã Hòa Phú, H.Củ Chi, TP.HCM",5900000.0,23.13,land,,,,255079.98,
DE455H,"Thửa 639 - tờ 40 Phan Thị So, Xã Phước Vĩnh An, H.Củ Chi, TP.HCM",7000000.0,7.32,land,,,,956284.15,
UYDWDS,"Thửa 1546 - tờ 59 Thạnh Xuân 52, P.Thạnh Xuân, Q.12, TP.HCM",2950000.0,59.0,land,,,,50000.0,
6S5BQ8,"Thửa 1547 - tờ 59 Thạnh Xuân 52, P.Thạnh Xuân, Q.12, TP.HCM",2950000.0,59.0,land,,,,50000.0,
5HH4C7,"Thửa 712 - tờ 47 Bến Than, Xã Tân Thạnh Đông, H.Củ Chi, TP.HCM",1650000.0,13.31,land,,,,123966.94,
7KHMPA,"Thửa 651 - tờ 66 Gốc Rưng, Xã An Nhơn Tây, H.Củ Chi, TP.HCM",680.0,1.34,land,,,,507.46,
KF48VC,"Thửa 142 - tờ 2 Trung An, Xã Trung An, H.Củ Chi, TP.HCM",7500000.0,8.7,land,,,,862068.97,
6SQ008,"Thửa 932 - tờ 74 đường 25, Xã Tân Thông Hội, H.Củ Chi, TP.HCM",3000000.0,23.79,land,,,,126103.4,
0ZP4N9,"Thửa 737 - tờ 20 Bà Thiên, Xã Nhuận Đức, H.Củ Chi, TP.HCM",950.0,9.58,land,,,,99.16,
WPJKNR,"Thửa 542 - tờ 49 đường 490, Xã Phạm Văn Cội, H.Củ Chi, TP.HCM",3000000.0,11.07,land,,,,271002.71,
40WZ6F,"Thửa 734 - tờ 46 đường 122, Xã Tân Thạnh Đông, H.Củ Chi, TP.HCM",2000000.0,13.78,land,,,,145137.88,
37UHYQ,"131/6/1/20 Tây Lân, P.Bình Trị Đông A, Q.Bình Tân, TP.HCM",4000000.0,63.49,land,,,,63002.05,
UA3RWS,"Thửa 705 - tờ 97 đường 175, Tăng Nhơn Phú A, Q.9, TP.HCM",6600000.0,100.6,land,,,,65606.36,
1QXJX6,"Nguyễn Ảnh Thủ, P.Tân Chánh Hiệp, Q.12, TP.HCM",8000000.0,55.17,land,,,,145006.34,
Q7PTFU,"Số 117 ( Thửa 931 - tờ 210 ) đường số 5, P.7, Q.8, TP.HCM",8000000.0,60.6,land,,,,132013.2,
1AHNT6,"Thửa 533 - tờ số 46 Quốc Lộ 22, Xã Tân Hiệp, H.Hóc Môn, TP.HCM",40000000.0,10.63,land,,,,3762935.09,
UCYVDS,"Thửa 608 - tờ 112 Mỹ Huề, Xã Trung Chánh, H.Hóc Môn, TP.HCM",3500000.0,38.93,land,,,,89904.96,
AFC8AY,"Thửa 609 - tờ 112 Mỹ Huề, Xã Trung Chánh, H.Hóc Môn, TP.HCM",3500000.0,39.77,land,,,,88006.03,
74KYSA,"Thửa 943 - tờ 74 Liêu Bình Hương, Xã Tân Thông Hội, H.Củ Chi, TP.HCM",2050000.0,18.99,land,,,,107951.55,
74HGEA,"Thửa 40 - Tờ 15 Hà Huy Giáp, P.Thạnh Xuân, Q.12, TP.HCM",22800000.0,1.14,land,,,,20000000.0,
42RTUF,"42A Trần Huy Liệu, P.11, Q.Phú Nhuận, TP.HCM",160000000.0,164.54,land,,,,972407.93,
UC5DDS,"Thửa 10 - tờ 24 Tỉnh Lộ 8, Xã Hòa Phú, H.Củ Chi, TP.HCM",13000000.0,13.88,land,,,,936599.42,
5B5SD7,"Thửa 1105 - tờ 56 Võ Thị Thừa, P.An Phú Đông, Q.12, TP.HCM",3300000.0,62.85,land,,,,52505.97,
7E7UVA,"Thửa 1106 - tờ 56 Võ Thị Thừa, P.An Phú Đông, Q.12, TP.HCM",3300000.0,62.73,land,,,,52606.41,
UK8GDS,"TK46/7 (Thửa 192 - tờ 12) Võ Văn Kiệt, P.Cầu Kho, Q.1, TP.HCM",8950000.0,237.4,land,,,,37700.08,
3DV8AQ,"Thửa 750 - Tờ 10 đường 460, Xã Trung An, H.Củ Chi, TP.HCM",2500000.0,19.31,land,,,,129466.6,
6AXV68,"Thửa 749 - Tờ 10 đường 460, Xã Trung An, H.Củ Chi, TP.HCM",2500000.0,19.29,land,,,,129600.83,
7EQCFA,"Thửa 850 - tờ 10 ấp 6, Xã Tân Thạnh Đông, H.Củ Chi, TP.HCM",2400000.0,22.66,land,,,,105913.5,
17NQF6,"Thửa 352 - tờ 269 Phan Huy Ích, P.14, Q.Gò Vấp, TP.HCM",8000000.0,123.07,land,,,,65003.66,
JN4PY0,"Thửa 351 - tờ 269 Phan Huy Ích, P.14, Q.Gò Vấp, TP.HCM",8000000.0,123.07,land,,,,65003.66,
DW32YH,"Thửa 1286 - Tờ 73 Thạnh Xuân 25, P.Thạnh Xuân, Q.12, TP.HCM",4690000.0,58.62,land,,,,80006.82,
7E19MA,"317/20 Thống Nhất, P.11, Q.Gò Vấp, TP.HCM",5850000.0,133.25,land,,,,43902.44,
5BVK27,"Thửa 1503 - tờ 33 Thạnh Lộc 16, P.An Phú Đông, Q.12, TP.HCM",3600000.0,50.84,land,,,,70810.39,
5BMAG7,"Thửa 990 - Tờ 4 Thạnh Lộc 47, P.Thạnh Lộc, Q.12, TP.HCM",3200000.0,45.07,land,,,,71000.67,
4G54SF,"Thửa 913 - tờ 62 Thạnh Xuân 43, P.Thạnh Xuân, Q.12, TP.HCM",4250000.0,56.06,land,,,,75811.63,
1791R6,"Thửa 912 - tờ 62 Thạnh Xuân 43, P.Thạnh Xuân, Q.12, TP.HCM",4150000.000000001,66.08,land,,,,62802.66,
YF1YED,"Thửa 911 - tờ 62 Thạnh Xuân 43, P.Thạnh Xuân, Q.12, TP.HCM",4550000.0,57.74,land,,,,78801.52,
3D2DPQ,"Thửa 1073 - Tờ 3 Quốc Lộ 1A, P.An Phú Đông, Q.12, TP.HCM",3900000.0,45.34,land,,,,86016.76,
26ENXZ,"Thửa 1105 - Tờ 75 Võ Thị Liễu, P.An Phú Đông, Q.12, TP.HCM",4500000.0,80.35,land,,,,56004.98,
A4220Y,"2/29 Tổ 4 - KP1, P.Thạnh Lộc, Q.12, TP.HCM",5400000.0,54.76,land,,,,98612.13,
C0MMEB,"376 Tổ 6, Xã An Nhơn Tây, H.Củ Chi, TP.HCM",2200000.0,6.03,land,,,,364842.45,
UK0RWS,"104 Trang Tử, P.02, Q.6, TP.HCM",2800000.0,31.12,land,,,,89974.29,
JNU360,"46 Trần Thị Năm, P.Tân Chánh Hiệp, Q.12, TP.HCM",7300000.0,56.06,land,,,,130217.62,
3DR43Q,"5G Hẻm 6, Xã Thới Tam Thôn, H.Hóc Môn, TP.HCM",7400000.0,40.0,land,,,,185000.0,
KJN60C,"17/9 TL 44, P.Thạnh Lộc, Q.12, TP.HCM",5900000.0,43.06,land,,,,137018.11,
PV53SG,"98 ấp 2, Xã Long Thới, H.Nhà Bè, TP.HCM",2700000.0,19.25,land,,,,140259.74,
5BR567,"Thửa 569 - Tờ 67 Thạnh Xuân 13, P.Thạnh Xuân, Q.12, TP.HCM",4400000.0,40.0,land,,,,110000.0,
A40UUY,"Thửa 910 - Tờ 110 Thạnh Xuân 14, P.Thới An, Q.12, TP.HCM",3600000.0,34.28,land,,,,105017.5,
7ERXHA,"Thửa 624 - Tờ 37 An Phú Đông 3, P.An Phú Đông, Q.12, TP.HCM",2700000.0,24.32,land,,,,111019.74,
3DY6XQ,"24 Long Thuận, Trường Thạnh, Q.9 cũ, TP.HCM",4200000.0,52.5,land,,,,80000.0,
UKH3XS,"6 Rừng Sác, Xã Bình Khánh, H.Cần Giờ, TP.HCM",2500000.0,27.77,land,,,,90025.21,
5BKRW7,"Thạnh Lộc 16, P.Thạnh Lộc, Q.12, TP.HCM",1700000.0,36.17,land,,,,47000.28,
QH723U,"Thửa 970 - Tờ 8 Bưng Tràm, Xã Tân Thạnh Tây, H.Củ Chi, TP.HCM",1150000.0,1.76,land,,,,653409.09,
6A3Z98,"Thửa 554 - Tờ 7 Thạnh Lộ 40, P.Thạnh Lộc, Q.12, TP.HCM",4250000.0,55.55,land,,,,76507.65,
7B5MMA,"Thửa 720 - Tờ 22 Trung Lập, Xã Trung Lập Thượng, H.Củ Chi, TP.HCM",1950000.0,11.94,land,,,,163316.58,
SKUNP5,"Thửa 721 - Tờ 22 Trung Lập, Xã Trung Lập Thượng, H.Củ Chi, TP.HCM",1950000.0,11.78,land,,,,165534.8,
W2FAXR,"Thửa 722 - Tờ 22 Trung Lập, Xã Trung Lập Thượng, H.Củ Chi, TP.HCM",1950000.0,11.25,land,,,,173333.33,
DFY28H,"379/76 Thống Nhất, P.11, Q.Gò Vấp, TP.HCM",6800000.0,109.5,land,,,,62100.46,
DF73CH,"Thửa 738 - Tờ 20 Đông Thạnh 3, Xã Đông Thạnh, H.Hóc Môn, TP.HCM",1990000.0,24.81,land,,,,80209.59,
W2B7VR,"Nguyễn Oanh, P.17, Q.Gò Vấp, TP.HCM",25000000.0,117.64,land,,,,212512.75,
8APCE3,"D8, P.Thuận Giao, TP.Thuận An, TP.HCM",11370000.0,34.27,land,,,,331777.06,
9XDYYP,"đường 6D, Xã Vĩnh Lộc B, H.Bình Chánh, TP.HCM",19500000.0,22.26,land,,,,876010.78,
UH2D9S,"110 TL 37, Thạnh Lộc, Q.12, TP.HCM",3850000.0,74.03,land,,,,52005.94,
QD06NU,"Thửa 633-1 - tờ 12 Hiệp Thành 13, P.Hiệp Thành, Q.12, TP.HCM",4390000.0,51.34,land,,,,85508.38,
8AR2X3,"Quách Điêu, Xã Vĩnh Lộc A, H.Bình Chánh, TP.HCM",12600000.0,28.0,land,,,,450000.0,
QDR8VU,"Thạnh Xuân 24, P.Thạnh Xuân, Q.12, TP.HCM",3300000.0,37.33,land,,,,88400.75,
GV6EP2,"Một phần số 219/16 đường Tô Ngọc Vân, P.Thạnh Xuân, Q.12, TP.HCM",4980000.0,47.56,land,,,,104709.84,
CJ93TB,"Thửa 614 - tờ 77 Quốc Lộ 1A, P.An Phú Đông, Q.12, TP.HCM",3100000.0,59.04,land,,,,52506.78,
7BEDNA,"Thửa 1194 - Tờ 23 Thạnh Xuân 33, P.Thạnh Xuân, Q.12, TP.HCM",4850000.0,39.2,land,,,,123724.49,
21MCVZ,"Thửa 790 - Tờ 6 Võ Văn Hát, Long Trường, Q.9, TP.HCM",16250000.0,65.81,land,,,,246922.96,
4P0QYF,"Thửa 28 - tờ 7 Nguyễn Văn Khạ, Xã Tân An Hội, H.Củ Chi, TP.HCM",4000000.0,9.75,land,,,,410256.41,
1S1JN6,"Thửa 621 - Tờ 68 An Nhơn Tây, Xã An Nhơn Tây, H.Củ Chi, TP.HCM",1700000.0,7.21,land,,,,235783.63,
JZJZ50,"Thửa 704 - tờ 27 đường 65, Xã Tân Phú Trung, H.Củ Chi, TP.HCM",8700000.0,12.47,land,,,,697674.42,
0TJJQ9,"Một phần nhà số 17B (Thửa 547 - Tờ 149) đường số 1A, P.Bình Hưng Hoà A, Q.Bình Tân, TP.HCM",7000000.0,78.47,land,,,,89206.07,
49B2UF,"Thửa 1372 - tờ 12 Thạnh Lộc 39, P.Thạnh Lộc, Q.12, TP.HCM",13800000.0,37.57,land,,,,367314.35,
1SM546,"Thửa 853 - Tờ 9 Thạnh Xuân 52, P.Thạnh Xuân, Q.12, TP.HCM",1250000.0,16.49,land,,,,75803.52,
7CQWBA,"Thửa 1398 - tờ 5 Trung Lập, Xã Trung Lập Hạ, H.Củ Chi, TP.HCM",1600000.0,1.99,land,,,,804020.1,
7CQFRA,"Thửa 709 - tờ 74 Nhuận Đức, Xã Nhuận Đức, H.Củ Chi, TP.HCM",2400000.0,15.05,land,,,,159468.44,
WGBTFR,"Thửa 151 - tờ 16 Trung Lập, Xã Trung Lập Thượng, H.Củ Chi, TP.HCM",4600000.0,3.17,land,,,,1451104.1,
UDVJ2S,"Thửa 670 - Tờ 67 đường số 1, Xã Vĩnh Lộc A, H.Bình Chánh, TP.HCM",6000000.0,48.97,land,,,,122523.99,
9NH0RP,"đường Giồng Cát, Xã Tân Phú Trung, H.Củ Chi, TP.HCM",680.0,3.79,land,,,,179.42,
UDP9FS,"Thửa 689 - tờ 19 đường 416, Xã Phước Vĩnh An, H.Củ Chi, TP.HCM",2900000.0,14.5,land,,,,200000.0,
R2UXFJ,"Thửa 915 - tờ 28 Tỉnh Lộ 8, Xã Hòa Phú, H.Củ Chi, TP.HCM",2050000.0,20.13,land,,,,101838.05,
KWNPYC,"Thửa 355 - tờ 9 Tỉnh Lộ 15, Xã Phú Mỹ Hưng, H.Củ Chi, TP.HCM",13000000.0,3.02,land,,,,4304635.76,
SH0HP5,"Thửa 1030 - Tờ 142 Kênh Tiêu, Xã Xuân Thới Thượng, H.Hóc Môn, TP.HCM",4900000.0,52.74,land,,,,92908.61,
E0V0P4,"Thửa 1031 - Tờ 142 Kênh Tiêu, Xã Xuân Thới Thượng, H.Hóc Môn, TP.HCM",6200000.0,60.37,land,,,,102700.02,
65B9K8,"Thửa 688 - tờ 21 An Nhơn Tây, Xã An Nhơn Tây, H.Củ Chi, TP.HCM",2100000.0,11.38,land,,,,184534.27,
87EEG3,"Thửa 564 - tờ 3 Tân An Hội, Xã Tân An Hội, H.Củ Chi, TP.HCM",2550000.0,10.42,land,,,,244721.69,
D4PYQH,"Thửa 793 - Tờ 32 đường 409, Xã Phước Vĩnh An, H.Củ Chi, TP.HCM",1850000.0,20.5,land,,,,90243.9,
QYC0PU,"Thửa 517 - Tờ 28 đường số 17, Bình Trưng Đông, Q.2, TP.HCM",13800000.0,164.09,land,,,,84100.19,
UDKZFS,"Thửa 601 - Tờ 2 đường 500, Xã Phạm Văn Cội, H.Củ Chi, TP.HCM",2200000.0,6.77,land,,,,324963.07,
7CBJHA,"Thửa 894 - tờ 51 Hà Duy Phiên, Xã Bình Mỹ, H.Củ Chi, TP.HCM",2050000.0,19.05,land,,,,107611.55,
QYDS9U,"Thửa 702 - tờ 4 đường Võ Thị Thừa, P.An Phú Đông, Q.12, TP.HCM",2950000.0,54.62,land,,,,54009.52,
QYA21U,"đường Vườn Thơm, Xã Bình Lợi, H.Bình Chánh, TP.HCM",7000000.0,24.66,land,,,,283860.5,
7CD69A,"Thửa 809 - tờ 29 Suối Lội, Xã Tân Thông Hội, H.Củ Chi, TP.HCM",6900000.0,25.42,land,,,,271439.81,
3AS78Q,"Thửa 702 - tờ 7 đường số 25, Xã Tân Thông Hội, H.Củ Chi, TP.HCM",20000000.0,15.89,land,,,,1258653.24,
SH73N5,"Thửa 716 - tờ 156 Suối Lội, Xã Phước Vĩnh An, H.Củ Chi, TP.HCM",1850000.0,16.41,land,,,,112736.14,
QYS6DU,"Thửa 715 - tờ 156 Suối Lội, Xã Phước Vĩnh An, H.Củ Chi, TP.HCM",1850000.0,16.41,land,,,,112736.14,
YEHSMD,"Thửa 615 - tờ 30 Giồng Cát, TT.Củ Chi, H.Củ Chi, TP.HCM",3200000.0,22.22,land,,,,144014.4,
UD56KS,"Thửa 911 - tờ 30 Suối Lội, Xã Tân Thông Hội, H.Củ Chi, TP.HCM",2200000.0,19.59,land,,,,112302.19,
PX2W6G,"Thửa 802 - tờ 11 Phước Thạnh, Xã Phước Thạnh, H.Củ Chi, TP.HCM",1650000.0,8.76,land,,,,188356.16,
3AUXGQ,"Thửa 587 - tờ 19 ấp Thượng, Xã Tân Thông Hội, H.Củ Chi, TP.HCM",4800000.0,13.81,land,,,,347574.22,
GMZ4M2,"Thửa 332 - tờ 52 ấp Tân Tiến, TT.Củ Chi, H.Củ Chi, TP.HCM",4000000.0,14.04,land,,,,284900.28,
0ZJ279,"Thửa 707 - tờ 7 đường 572, Xã Trung Lập Hạ, H.Củ Chi, TP.HCM",1300000.0,14.06,land,,,,92460.88,
376J9Q,"Thửa 540 - tờ 33 ấp 5, Xã Bình Mỹ, H.Củ Chi, TP.HCM",4300000.0,10.57,land,,,,406811.73,
EJH1J4,"Thửa 765 - tờ 53 Tô Ngọc Vân, P.Thạnh Xuân, Q.12, TP.HCM",3650000.0,39.67,land,,,,92009.07,
7K3M1A,"Thửa 1208 - tờ 97 Hiệp Thành 45, P.Tân Thới Hiệp, Q.12, TP.HCM",4250000.0,67.78,land,,,,62702.86,
7K86MA,"Thửa 1224 - tờ 19 Bình Mỹ, Xã Bình Mỹ, H.Củ Chi, TP.HCM",2200000.0,17.6,land,,,,125000.0,
UYX3PS,"Thửa 1119 - tờ 26 Lê Thị Riêng, P.Thới An, Q.12, TP.HCM",5700000.0,61.02,land,,,,93412.0,
PNEJHG,"Thửa 688 - tờ 30 Trung Lập, Xã Phú Mỹ Hưng, H.Củ Chi, TP.HCM",3100000.0,1.94,land,,,,1597938.14,
5HVQC7,"Thửa 827 - tờ 112 Trung Lập, Xã Trung Lập Thượng, H.Củ Chi, TP.HCM",1800000.0,9.73,land,,,,184994.86,
85ZM23,"Thửa 187 - tờ 20 Tỉnh Lộ 8, Xã Hòa Phú, H.Củ Chi, TP.HCM",17000000.0,12.19,land,,,,1394585.73,
J2KB80,"Thửa 608 - tờ 43 Bình Mỹ, Xã Bình Mỹ, H.Củ Chi, TP.HCM",4500000.0,41.24,land,,,,109117.36,
DEVNCH,"8/58 ( Thửa 828 - tờ 20) Thạnh Xuân 40, P.Thạnh Xuân, Q.12, TP.HCM",4500000.0,52.26,land,,,,86107.92,
DEM8JH,"Thửa 816 - tờ 28 đường số 18, Xã Tân Thông Hội, H.Củ Chi, TP.HCM",3000000.0,19.74,land,,,,151975.68,
0ZADU9,"Thửa 70 - tờ 67 An Nhơn Tây, Xã An Nhơn Tây, H.Củ Chi, TP.HCM",3900000.0,2.43,land,,,,1604938.27,
QAP92U,"Thửa 636 - tờ 30 Trung Lập, Xã Phú Mỹ Hưng, H.Củ Chi, TP.HCM",3100000.0,1.93,land,,,,1606217.62,
37J6EQ,"Thửa 684 - tờ 50 Nhuận Đức, Xã Nhuận Đức, H.Củ Chi, TP.HCM",1250000.0,10.77,land,,,,116063.14,
6SWVA8,"Thửa 683 - tờ 50 Nhuận Đức, Xã Nhuận Đức, H.Củ Chi, TP.HCM",1250000.0,10.97,land,,,,113947.13,
5HG147,"Thửa 376 - tờ 15 Đông Thạnh, Xã Đông Thạnh, H.Hóc Môn, TP.HCM",2800000.0,19.64,land,,,,142566.19,
J2SMG0,"Thửa 537 - tờ 48 Nhuận Đức, Xã Nhuận Đức, H.Củ Chi, TP.HCM",2300000.0,8.1,land,,,,283950.62,
QA0H4U,"3/28D ( Thửa 513 - tờ 97 ) Bình Gĩa, P.13, Q.Tân Bình, TP.HCM",4800000.0,132.96,land,,,,36101.08,
854673,"Thửa 533 - tờ 72 đường 501, Xã Nhuận Đức, H.Củ Chi, TP.HCM",2350000.0,8.08,land,,,,290841.58,
5H0T47,"Thạnh Lộc 27, P.Thạnh Lộc, Q.12, TP.HCM",8199999.999999999,24.06,land,,,,340814.63,
YB9R1D,"Thửa 932 - tờ 9 Lê Thị Riêng, P.Thới An, Q.12, TP.HCM",4800000.0,59.18,land,,,,81108.48,
2MSMSZ,"Thửa 792 - tờ 63 Huỳnh Thị Na, Xã Đông Thạnh, H.Hóc Môn, TP.HCM",3990000.0,47.16,land,,,,84605.6,
DE93XH,"Thạnh Xuân 22, P.Thạnh Xuân, Q.12, TP.HCM",6450000.0,87.39,land,,,,73807.07,
5HWXR7,"Thửa 606 - tờ 14 Võ Thị Bàng, Xã An Nhơn Tây, H.Củ Chi, TP.HCM",7950000.0,5.65,land,,,,1407079.65,
KFG8PC,"Thửa 584 - tờ 45 đường 490, Xã Phạm Văn Cội, H.Củ Chi, TP.HCM",2400000.0,9.56,land,,,,251046.03,
UY4KVS,"Thửa 1243 - tờ 1 Hồ Thị Lai, Xã Tân Phú Trung, H.Củ Chi, TP.HCM",730.0,3.85,land,,,,189.61,
PN3ZMG,"Thạnh Xuân 24, P.Thạnh Xuân, Q.12, TP.HCM",1750000.0,13.4,land,,,,130597.01,
QABQQU,"Thửa 727 - tờ 58 ấp 7, Xã Tân Thạnh Đông, H.Củ Chi, TP.HCM",1800000.0,20.2,land,,,,89108.91,
PN8F9G,"Thửa 711 - tờ 74 Nhuận Đức, Xã Nhuận Đức, H.Củ Chi, TP.HCM",1150000.0,13.26,land,,,,86727.0,
EJZ5K4,"Thửa 576 - tờ 226, Hẻm 38 Gò Xoài, P.Bình Hưng Hoà A, Q.Bình Tân, TP.HCM",4350000.0,66.82,land,,,,65100.27,
ACWECY,"Thạnh Xuân 52, P.Thạnh Xuân, Q.12, TP.HCM",2350000.0,41.96,land,,,,56005.72,
UYCEUS,"Thửa 80 - tờ 51 Phú Thuận, Xã Phú Mỹ Hưng, H.Củ Chi, TP.HCM",15000000.0,4.47,land,,,,3355704.7,
SDB415,"Thửa 612 - tờ 13 đường 65, Xã Tân Phú Trung, H.Củ Chi, TP.HCM",5900000.0,13.07,land,,,,451415.46,
EJGZ84,"Thửa 629 - tờ 70 Gốc Rưng, Xã An Nhơn Tây, H.Củ Chi, TP.HCM",2250000.0,2.19,land,,,,1027397.26,
SDBE65,"Thửa 623 - tờ 53 đường 521, Xã Nhuận Đức, H.Củ Chi, TP.HCM",2450000.0,14.66,land,,,,167121.42,
5HE4Y7,"Thửa 569 - tờ 89, Một phần nhà số 168/61 Chiến Lược, P.Bình Trị Đông, Q.Bình Tân, TP.HCM",5100000.0,63.59,land,,,,80201.29,
2M693Z,"Thửa 1116 - tờ 60, đường Thạnh Xuân 52, P.Thạnh Xuân, Q.12, TP.HCM",2980000.0,46.7,land,,,,63811.56,
DEW36H,"Thạnh Lộc 15, P.An Phú Đông, Q.12, TP.HCM",3300000.0,62.38,land,,,,52901.57,
9TMYJP,"Thửa 609 - tờ 45 đường 762, Xã An Nhơn Tây, H.Củ Chi, TP.HCM",1400000.0,9.15,land,,,,153005.46,
WPZSER,"Thửa 535 - tờ 55 đường số 10A, Xã Tân An Hội, H.Củ Chi, TP.HCM",5000000.0,15.45,land,,,,323624.6,
9TMMAP,"Thửa 785 - tờ 33, đường số 6, Long Trường, Q.9, TP.HCM",4600000.0,46.04,land,,,,99913.12,
6SA5Z8,"Thửa 759 - tờ 53 Tỉnh Lộ 15, Xã Tân Thạnh Đông, H.Củ Chi, TP.HCM",3000000.0,15.89,land,,,,188797.99,
37YVJQ,"Thửa 572 - tờ 18 Nguyễn Thị Lèn, Xã Trung An, H.Củ Chi, TP.HCM",4000000.0,11.5,land,,,,347826.09,
7KB32A,"Thửa 559 - tờ 24 Lưu Khai Hồng, TT.Củ Chi, H.Củ Chi, TP.HCM",850.0,5.69,land,,,,149.38,
RGZKDJ,"Thửa 527 - tờ 2 Phạm Văn Chèo, TT.Củ Chi, H.Củ Chi, TP.HCM",690.0,4.51,land,,,,152.99,
0ZNVS9,"Thửa 525 - tờ 48 đường 10A, TT.Củ Chi, H.Củ Chi, TP.HCM",2750000.0,29.0,land,,,,94827.59,
7KBDTA,"Thửa 841 - tờ 8 đường 130, Xã Tân Thạnh Đông, H.Củ Chi, TP.HCM",2500000.0,22.78,land,,,,109745.39,
7KCTWA,"Thửa 866 - tờ 145 Cây Bài, Xã Phước Vĩnh An, H.Củ Chi, TP.HCM",1900000.0,10.85,land,,,,175115.21,
ACB0PY,"Thửa 36 - tờ 2 đường 500, Xã Phạm Văn Cội, H.Củ Chi, TP.HCM",3600000.0,4.2,land,,,,857142.86,
857AG3,"Thửa 824 - tờ 56 Nguyễn Kim Cương, Xã Tân Thạnh Đông, H.Củ Chi, TP.HCM",3000000.0,7.93,land,,,,378310.21,
1US576,"300/28-300/28A Nguyễn Thái Sơn, P.1, Q.Gò Vấp, TP.HCM",18000000.0,95.74,land,,,,188009.19,
377FKQ,"Thửa 605 - tờ 82 An Nhơn Tây, Xã An Nhơn Tây, H.Củ Chi, TP.HCM",1550000.0,4.39,land,,,,353075.17,
ACCJPY,"Thửa 572 - tờ 5 Sông Lu, Xã Hòa Phú, H.Củ Chi, TP.HCM",4500000.0,16.07,land,,,,280024.89,
0ZZM59,"Thửa 920 - tờ 5 Ba Sa, Xã Phước Hiệp, H.Củ Chi, TP.HCM",1380000.0,11.04,land,,,,125000.0,
UYYDWS,"Thửa 546 - tờ 37 Phạm Thị Liền, Xã Thái Mỹ, H.Củ Chi, TP.HCM",3990000.0,7.98,land,,,,500000.0,
DEEE4H,"Thửa 539 - tờ 11 Bàu Lách, Xã Phạm Văn Cội, H.Củ Chi, TP.HCM",12500000.0,8.19,land,,,,1526251.53,
2MMNHZ,"Thửa 1165 - tờ 21 đường 577, Xã Trung Lập Hạ, H.Củ Chi, TP.HCM",1700000.0,8.88,land,,,,191441.44,
855QW3,"Thửa 116 - tờ 47 đường HL2, Xã Trung Lập Thượng, H.Củ Chi, TP.HCM",2900000.0,11.68,land,,,,248287.67,
ACCDCY,"Thửa 672 - tờ 30 Bàu Trâm, Xã Trung An, H.Củ Chi, TP.HCM",1350000.0,13.69,land,,,,98612.13,
PNTJ1G,"Thửa 717 - tờ 44 đường 762, Xã An Nhơn Tây, H.Củ Chi, TP.HCM",1700000.0,11.11,land,,,,153015.3,
7KH6JA,"Thửa 34 - tờ 16 Tỉnh Lộ 6, Xã Phú Mỹ Hưng, H.Củ Chi, TP.HCM",7000000.0,4.01,land,,,,1745635.91,
SDYXF5,"Thửa 723 - tờ 24 Phước Thạnh, Xã Thái Mỹ, H.Củ Chi, TP.HCM",1680000.0,3.36,land,,,,500000.0,
J2GDW0,"Thửa 538 - tờ 3 Trung Lập, Xã Trung Lập Thượng, H.Củ Chi, TP.HCM",2200000.0,3.41,land,,,,645161.29,
EJRSW4,"Thửa 605 - tờ 48 đường 438, Xã Phạm Văn Cội, H.Củ Chi, TP.HCM",5800000.0,9.78,land,,,,593047.03,
J2GG10,"Thửa 642 - tờ 20 Nguyễn Thị Lắng, Xã Phước Vĩnh An, H.Củ Chi, TP.HCM",7000000.0,15.71,land,,,,445576.07,
SDYAV5,"Thửa 1541 - tờ 25 Trần Thị Cẩm, TT.Củ Chi, H.Củ Chi, TP.HCM",3050000.0,7.75,land,,,,393548.39,
QA5NEU,"Thửa 1387 - tờ 5 Tỉnh Lộ 7, Xã Trung Lập Hạ, H.Củ Chi, TP.HCM",800.0,1.42,land,,,,563.38,
PNZENG,"Thửa 561 - tờ 43 Tỉnh Lộ 7, Xã Thái Mỹ, H.Củ Chi, TP.HCM",4000000.0,8.56,land,,,,467289.72,
40R7CF,"Thửa 549 - tờ 22 đường 534, Xã Nhuận Đức, H.Củ Chi, TP.HCM",3200000.0,6.53,land,,,,490045.94,
J2PDR0,"Thửa 820 - tờ 32 đường 29, Xã Phước Vĩnh An, H.Củ Chi, TP.HCM",1550000.0,17.79,land,,,,87127.6,
UY7ZQS,"Thửa 865 - tờ 70 ( tờ cũ 4) đường 35, Xã Tân Thông Hội, H.Củ Chi, TP.HCM",7200000.0,42.22,land,,,,170535.29,
ACHN3Y,"Thửa 697 - tờ 38 (80/3 ) Lã Xuân Oai, Tăng Nhơn Phú A, Q.9, TP.HCM",5200000.0,90.9,land,,,,57205.72,
UY56XS,"Thửa 745 - tờ 26 Nguyễn Thị Lắng, Xã Tân Phú Trung, H.Củ Chi, TP.HCM",3000000.0,20.02,land,,,,149850.15,
5HA117,"Thửa 735 - tờ 2 đường 387, Xã Tân An Hội, H.Củ Chi, TP.HCM",1790000.0,20.48,land,,,,87402.34,
85Q2K3,"Thửa 15 - tờ 12 đường 35, TT.Củ Chi, H.Củ Chi, TP.HCM",7500000.0,23.43,land,,,,320102.43,
KFB61C,"Thửa 658 - tờ 91 đường 65, Xã Phú Hòa Đông, H.Củ Chi, TP.HCM",2200000.0,22.31,land,,,,98610.49,
GXZ3E2,"Thửa 531 - tờ 11 Tỉnh Lộ 15, Xã Nhuận Đức, H.Củ Chi, TP.HCM",999.0,9.98,land,,,,100.1,
0ZPVD9,"Thửa 599 - tờ 28 đường 438, Xã Phú Hòa Đông, H.Củ Chi, TP.HCM",1250000.0,15.0,land,,,,83333.33,
0ZPMY9,"Thửa 866 - tờ 17 đường 120, Xã Tân Thạnh Đông, H.Củ Chi, TP.HCM",1950000.0,19.5,land,,,,100000.0,
YCYSMD,"Thửa 880 - tờ 8 đường 130, Xã Tân Thạnh Đông, H.Củ Chi, TP.HCM",2100000.0,10.97,land,,,,191431.18,
GNGR62,"Thửa 572 - tờ 33 đường 566, Xã Trung Lập Hạ, H.Củ Chi, TP.HCM",2800000.0,12.68,land,,,,220820.19,
5D56Q7,"Thửa 519 - tờ 73 đường 501, Xã Nhuận Đức, H.Củ Chi, TP.HCM",1800000.0,12.03,land,,,,149625.94,
7H76XA,"Thửa 697 - tờ 21 ấp An Hòa, Xã Trung An, H.Củ Chi, TP.HCM",1500000.0,6.59,land,,,,227617.6,
W9WDTR,"Thửa 1374 - tờ 5 An Nhơn Tây, Xã Tân Phú Trung, H.Củ Chi, TP.HCM",1950000.0,12.75,land,,,,152941.18,
Q7QH6U,"Thửa 692 - tờ 29 Trần Thị Cờ, P.Thới An, Q.12, TP.HCM",4250000.0,75.08,land,,,,56606.29,
UAUD7S,"Thửa 715 - tờ 9 Trịnh Thị Dối, Xã Đông Thạnh, H.Hóc Môn, TP.HCM",2950000.0,35.37,land,,,,83404.01,
2X2MFZ,"Thửa 402 - tờ 7 Nhị Bình 12, Xã Nhị Bình, H.Hóc Môn, TP.HCM",4950000.0,12.37,land,,,,400161.68,
6UX658,"312/41 Bùi Công Trừng, P.Thới An, Q.12, TP.HCM",2880000.0,51.98,land,,,,55405.93,
2XMQWZ,"257/180 Bình Thành, P.Bình Hưng Hoà B, Q.Bình Tân, TP.HCM",6500000.0,65.0,land,,,,100000.0,
35U3NQ,"254/66/5C Âu Cơ, P.9, Q.Tân Bình, TP.HCM",8800000.0,113.69,land,,,,77403.47,
Q5B23U,"15 đường số 79, P.Tân Quy, Q.7, TP.HCM",14900000.0,192.75,land,,,,77302.2,
A51AYX,"2/29 Đường 8, Long Phước, Q.9, TP.HCM",9000000.0,33.34,land,,,,269946.01,
U61CS5,"Trần Tử Bình, Xã Tân Thông Hội, H.Củ Chi, TP.HCM",7000000.0,38.88,land,,,,180041.15,
2R47ZN,"Thửa 614 - Tờ 59 đường số 160, Tăng Nhơn Phú A, Q.9, TP.HCM",6300000.0,85.25,land,,,,73900.29,
WTSNMR,"Thửa 1146 - tờ 109 Trung Đông 7, Xã Thới Tam Thôn, H.Hóc Môn, TP.HCM",2500000.0,4.99,land,,,,501002.0,
28DJTZ,"Thửa 603 - tờ 24 Tỉnh Lộ 15, Xã Tân Thạnh Đông, H.Củ Chi, TP.HCM",1400000.0,17.5,land,,,,80000.0,
742P6A,"Thửa 21 - tờ 16 Nguyễn Thị Rư, TT.Củ Chi, H.Củ Chi, TP.HCM",11700000.0,16.46,land,,,,710814.09,
1A4K56,"Thửa 1727 - tờ 184 Trần Văn Mười, Xã Bà Điểm, H.Hóc Môn, TP.HCM",8500000.0,63.0,land,,,,134920.63,
RNQVPJ,"Thửa 638 - tờ 5 Tỉnh Lộ 7, Xã Thái Mỹ, H.Củ Chi, TP.HCM",1800000.0,9.66,land,,,,186335.4,
G6S9T2,"Thửa 716 - tờ 9 Tân Xuân 2, Xã Tân Xuân, H.Hóc Môn, TP.HCM",4150000.000000001,30.55,land,,,,135842.88,
6YBTK8,"Thửa 553 - Tờ 25 Hà Thị Đát, P.Tân Sơn Nhì, Q.Tân Phú, TP.HCM",6850000.0,93.57,land,,,,73207.22,
6YCS18,"Thửa 55 - tờ 43 Lê Thị Khánh, Xã Trung Lập Hạ, H.Củ Chi, TP.HCM",2600000.0,6.01,land,,,,432612.31,
C9ZWAB,"Thửa 525 - tờ 50 Nguyễn Thị Triệu, TT.Củ Chi, H.Củ Chi, TP.HCM",4800000.0,24.19,land,,,,198429.1,
74JK6A,"Thửa 822 - tờ 13 Tỉnh Lộ 7, Xã Trung Lập Hạ, H.Củ Chi, TP.HCM",8400000.0,8.4,land,,,,1000000.0,
3HBX0Q,"Thửa 668 - tờ 55 Đông Thạnh 7, Xã Đông Thạnh, H.Hóc Môn, TP.HCM",3750000.0,27.94,land,,,,134216.18,
EG21D4,"Thửa627 Đông Thạnh 4, Xã Đông Thạnh, H.Hóc Môn, TP.HCM",3650000.0,33.79,land,,,,108020.12,
6YYXR8,"Thửa 897 - tờ 9 Tân Xuân 3, Xã Tân Xuân, H.Hóc Môn, TP.HCM",5800000.0,54.2,land,,,,107011.07,
QKDB9U,"Tân Chánh Hiệp 17, P.Tân Chánh Hiệp, Q.12, TP.HCM",4520000.0,50.69,land,,,,89169.46,
RNZZNJ,"Thửa 663 - Tờ 11 Xã Bình Khánh, Xã Bình Khánh, H.Cần Giờ, TP.HCM",2700000.0,21.42,land,,,,126050.42,
C9RHAB,"713/51/18 Lê Đức Thọ, P.16, Q.Gò Vấp, TP.HCM",10500000.0,69.95,land,,,,150107.22,
6Y5N08,"Thửa 743 - tờ 10 Phan Văn Hớn, Xã Xuân Thới Thượng, H.Hóc Môn, TP.HCM",3900000.0,48.32,land,,,,80711.92,
8D7DN3,"Thửa 620 - tờ 29 Song Hành QL22, Xã Trung Chánh, H.Hóc Môn, TP.HCM",3800000.0,55.07,land,,,,69003.09,
6YS1Z8,"Thửa 611 - tờ 90 Tân Xuân 1, Xã Tân Xuân, H.Hóc Môn, TP.HCM",4600000.0,35.85,land,,,,128312.41,
DREUYH,"Thửa 1121 - Tờ 74 Tô Ngọc Vân, P.Thới An, Q.12, TP.HCM",3500000.0,54.68,land,,,,64008.78,
K047AC,"23/246 Nguyễn Xiển, P.Long Thạnh Mỹ, TP.Thủ Đức, TP.HCM",3210000.0,35.65,land,,,,90042.08,
WT9AZR,"Thửa 984 - tờ 32 Phạm Hữu Lầu, Xã Phước Kiển, H.Nhà Bè, TP.HCM",13500000.0,85.33,land,,,,158209.31,
SB78N5,"Phạm Văn Sáng, Xã Vĩnh Lộc A, H.Bình Chánh, TP.HCM",17350000.0,16.84,land,,,,1030285.04,
7EU29A,"Thửa 747 - tờ 20 Tỉnh Lộ 7, Xã Thái Mỹ, H.Củ Chi, TP.HCM",2250000.0,16.38,land,,,,137362.64,
A4UAPY,"Thửa 755 - tờ 116 đường Nguyễn Thị My, Xã Trung An, H.Củ Chi, TP.HCM",2700000.0,22.78,land,,,,118525.02,
QH131U,"Thửa 753 - Tờ 116 đường Nguyễn Thị My, Xã Trung An, H.Củ Chi, TP.HCM",2700000.0,21.75,land,,,,124137.93,
4GKEVF,"Thửa 752 - Tờ 116 đường Nguyễn Thị My, Xã Trung An, H.Củ Chi, TP.HCM",4500000.0,15.88,land,,,,283375.31,
KJAHRC,"Thửa 754 - Tờ 116 đường Nguyễn Thị My, Xã Trung An, H.Củ Chi, TP.HCM",2700000.0,22.24,land,,,,121402.88,
SC8DY5,"Thửa 48 - tờ 38 Đặng Thị Thưa, Xã Tân Thạnh Đông, H.Củ Chi, TP.HCM",4400000.0,2.28,land,,,,1929824.56,
DW5BTH,"Thửa 1119 - Tờ 69 đường An Phú Đông 9, P.An Phú Đông, Q.12, TP.HCM",4400000.0,64.7,land,,,,68006.18,
UK6ACS,"Thửa 1118 - Tờ 69 đường An Phú Đông 9, P.An Phú Đông, Q.12, TP.HCM",4400000.0,64.7,land,,,,68006.18,
QH15QU,"Thửa 1117 - Tờ 69 đường An Phú Đông 9, P.An Phú Đông, Q.12, TP.HCM",4400000.0,51.76,land,,,,85007.73,
5B3YJ7,"Thửa 537 - tờ 165 đường số 14, P.8, Q.Gò Vấp, TP.HCM",7600000.0,120.25,land,,,,63201.66,
WZDAUR,"76A/8 Trần Hữu Trang, P.10, Q.Phú Nhuận, TP.HCM",11500000.0,139.22,land,,,,82603.07,
EP7VZ4,"Thửa 792 - tờ 112 Trung Đông 8, Xã Đông Thạnh, H.Hóc Môn, TP.HCM",44500000.0,15.13,land,,,,2941176.47,
3DT4PQ,"79/4/6A đường số 18, P.8, Q.Gò Vấp, TP.HCM",3650000.0,100.0,land,,,,36500.0,
G14MP2,"Thửa 353 - Tờ 2 Hồ Thị Bưng, Xã Tân Thạnh Tây, H.Củ Chi, TP.HCM",13100000.0,2.21,land,,,,5927601.81,
179DM6,"Thửa 727 - Tờ 161 đường số 1C, Xã Vĩnh Lộc B, H.Bình Chánh, TP.HCM",5200000.0,46.42,land,,,,112020.68,
QHG3NU,"10A Số 16, Xã Tân Thông Hội, H.Củ Chi, TP.HCM",3600000.0,10.94,land,,,,329067.64,
RTSUZJ,"Thửa 115 - tờ 63 Bến Than, ấp 1, Xã Tân Thạnh Đông, H.Củ Chi, TP.HCM",2200000.0,29.89,land,,,,73603.21,
A4T2RY,"Thửa 805 - tờ 30 đường số 233, Xã Hòa Phú, H.Củ Chi, TP.HCM",1700000.0,17.29,land,,,,98322.73,
KJV2DC,"Thửa 666 - tờ 126 Nguyễn Thị Thôn, Xã Phú Hòa Đông, H.Củ Chi, TP.HCM",1200000.0,11.05,land,,,,108597.29,
174EA6,"28B Bùi Viện, P.15, Q.Tân Bình, TP.HCM",5300000.0,105.78,land,,,,50103.99,
A42PRY,"114 Phan Văn Cử, P.16, Q.Gò Vấp, TP.HCM",7500000.0,73.67,land,,,,101805.35,
5BP0Y7,"55/6 Trần Xuân Soạn, P.Tân Kiểng, Q.7, TP.HCM",9800000.0,85.88,land,,,,114112.72,
JNU1M0,"2 Hẻm 58, P.Trường Thạnh, TP.Thủ Đức, TP.HCM",13700000.0,58.44,land,,,,234428.47,
SC0XA5,"20/25 Hồ Đắc Di, Q.Tân Phú, TP.HCM",6800000.0,89.47,land,,,,76003.13,
JNQSU0,"122/19 Nguyễn Đức Thuận, P.Bình Hưng Hòa, Q.Bình Tân, TP.HCM",8300000.000000001,116.57,land,,,,71201.85,
4G18MF,"449 Trần Hưng Đạo, P.Cầu Kho, Q.1, TP.HCM",7200000.0,156.52,land,,,,46000.51,
YFP3FD,"Thửa 1023 - tờ 41 Lê Thị Đảo, Xã Tân Thạnh Đông, H.Củ Chi, TP.HCM",2500000.0,13.69,land,,,,182615.05,
YFR30D,"Thửa 91 - tờ 102 Nguyễn Thị Nhúng, Xã Tân Thông Hội, H.Củ Chi, TP.HCM",3900000.0,13.75,land,,,,283636.36,
6A5KU8,"Thửa 4 - Tờ 133 ( Số nhà 20/24D) Bình Chiểu, P.Bình Chiểu, TP.Thủ Đức, TP.HCM",21900000.0,48.99,land,,,,447030.01,
RT29GJ,"Thửa 1037 - Tờ 9 đường An Phú Đông 26, P.An Phú Đông, Q.12, TP.HCM",3350000.0,45.95,land,,,,72905.33,
7ECYQA,"Thửa 680 - tờ 92 đường số 218, Xã Tân Thông Hội, H.Củ Chi, TP.HCM",2500000.0,16.57,land,,,,150875.08,
7EKGCA,"đường Số 4, P.Bình Hưng Hoà A, Q.Bình Tân, TP.HCM",4350000.0,86.82,land,,,,50103.66,
A4KMUY,"Thửa 56 - Tờ 18 hẻm đường TL7, Xã Phước Thạnh, H.Củ Chi, TP.HCM",3200000.0,3.59,land,,,,891364.9,
WZJHMR,"Thửa 636 - Tờ 13 đường số 5, P.17, Q.Gò Vấp, TP.HCM",15300000.0,119.53,land,,,,128001.34,
QD3SRU,"Thửa 884 - tờ 5 Võ Thị Nghỉ, Xã Tân Phú Trung, H.Củ Chi, TP.HCM",2200000.0,9.16,land,,,,240174.67,
CJHX1B,"Lã Xuân Oai, P.Long Trường, TP.Thủ Đức, TP.HCM",3000000.0,30.0,land,,,,100000.0,
15NR16,"Thửa 493 - Tờ 47 Trương Thị Như, Xã Xuân Thới Sơn, H.Hóc Môn, TP.HCM",2700000.0,23.95,land,,,,112734.86,
E9SYS4,"Thửa 635 - tờ 87 Tân Xuân 2, TT.Hóc Môn, H.Hóc Môn, TP.HCM",4880000.0,35.67,land,,,,136809.64,
QDZJDU,"Thửa 587 - tờ 147 Xuân Thới Thượng 20, Xã Bà Điểm, H.Hóc Môn, TP.HCM",12000000.0,13.71,land,,,,875273.52,
0NY6N9,"Thửa 609 - tờ 44 Tỉnh Lộ 7, Xã An Nhơn Tây, H.Củ Chi, TP.HCM",1350000.0,4.88,land,,,,276639.34,
674T48,"Thửa 865 - tờ 145 Tỉnh Lộ 8, Xã Phước Vĩnh An, H.Củ Chi, TP.HCM",1900000.0,10.85,land,,,,175115.21,
PM8VSG,"Thửa 552 - tờ 20 Phạm Phú Tiết, TT.Củ Chi, H.Củ Chi, TP.HCM",3400000.0,21.26,land,,,,159924.74,
67DVW8,"Một phần nhà số 160/88 Phan Huy Ích, P.12, Q.Gò Vấp, TP.HCM",9300000.0,89.76,land,,,,103609.63,
Y4R6WD,"Thửa 843 - tờ 28 đường số 16, Xã Tân Thông Hội, H.Củ Chi, TP.HCM",2400000.0,24.14,land,,,,99420.05,
67YZB8,"Thửa 679 - Tờ 49 Nguyễn Thị Dưỡng, Xã Tân Thạnh Đông, H.Củ Chi, TP.HCM",2000000.0,6.17,land,,,,324149.11,
DFR38H,"Thửa 647 - tờ 56 Lê Thị Hởi, Xã Tân Thông Hội, H.Củ Chi, TP.HCM",1150000.0,9.93,land,,,,115810.67,
7B419A,"Thửa 488 - Tờ 44 đường số 9, P.Trường Thọ, TP.Thủ Đức, TP.HCM",24000000.0,48.39,land,,,,495970.24,
15AQQ6,"Thửa 668 - tờ 127 Tỉnh Lộ 7, Xã Trung Lập Hạ, H.Củ Chi, TP.HCM",1390000.0,1.74,land,,,,798850.57,
3YYJHQ,"Thửa 738 - Tờ 18 Huỳnh Thị Mài, Xã Tân Hiệp, H.Hóc Môn, TP.HCM",4550000.0,42.84,land,,,,106209.15,
155KB6,"Thửa 835 - tờ 22 Trần Văn Chẩm, Xã Phước Vĩnh An, H.Củ Chi, TP.HCM",3200000.0,18.0,land,,,,177777.78,
SKKFU5,"Thửa 110 - tờ 24 Huỳnh Văn Cọ, TT.Củ Chi, H.Củ Chi, TP.HCM",4800000.0,24.0,land,,,,200000.0,
0NZ019,"Thửa 753 - tờ 7 đường số 87, Xã Tân Phú Trung, H.Củ Chi, TP.HCM",2800000.0,25.0,land,,,,112000.0,
DFEYKH,"29/22 Lê Đức Thọ, P.7, Q.Gò Vấp, TP.HCM",15800000.0,175.55,land,,,,90002.85,
5K5ZV7,"Thửa 805 - Tờ 82 Phạm Văn Cội, Xã Nhuận Đức, H.Củ Chi, TP.HCM",1800000.0,9.42,land,,,,191082.8,
QYQJHU,"Thửa 613 - Tờ 194 ấp Cây Trôm, Xã Phước Hiệp, H.Củ Chi, TP.HCM",1550000.0,15.5,land,,,,100000.0,
WGW30R,"Thửa 612 - Tờ 194 ấp Cây Trôm, Xã Phước Hiệp, H.Củ Chi, TP.HCM",1550000.0,15.5,land,,,,100000.0,
ABAG3Y,"Thửa 611 - Tờ 194 ấp Cây Trôm, Xã Phước Hiệp, H.Củ Chi, TP.HCM",1550000.0,15.5,land,,,,100000.0,
3A3WEQ,"Thửa 610 - Tờ 194 ấp Cây Trôm, Xã Phước Hiệp, H.Củ Chi, TP.HCM",1550000.0,15.56,land,,,,99614.4,
7C79BA,"Thửa 609 - Tờ 194 ấp Cây Trôm, Xã Phước Hiệp, H.Củ Chi, TP.HCM",1550000.0,15.56,land,,,,99614.4,
2V25NZ,"Thửa 606 - Tờ 194 ấp Cây Trôm, Xã Phước Hiệp, H.Củ Chi, TP.HCM",1550000.0,15.5,land,,,,100000.0,
9N939P,"Thửa 607 - Tờ 194 ấp Cây Trôm, Xã Phước Hiệp, H.Củ Chi, TP.HCM",1550000.0,15.51,land,,,,99935.53,
E0ENC4,"Thửa 608 - Tờ 194 ấp Cây Trôm, Xã Phước Hiệp, H.Củ Chi, TP.HCM",1550000.0,15.51,land,,,,99935.53,
UDUDYS,"Thửa 822 - tờ 21 đường số 75, Xã Tân Phú Trung, H.Củ Chi, TP.HCM",3300000.0,17.55,land,,,,188034.19,
871GB3,"Thửa 593 - Tờ 78 đường số 387, Xã Tân An Hội, H.Củ Chi, TP.HCM",1680000.0,16.1,land,,,,104347.83,
1SM0V6,"Thửa 592 - Tờ 78 đường số 387, Xã Tân An Hội, H.Củ Chi, TP.HCM",1680000.0,15.86,land,,,,105926.86,
7CSXPA,"Thửa 588 - Tờ 78 đường số 387, Xã Tân An Hội, H.Củ Chi, TP.HCM",3900000.0,3.28,land,,,,1189024.39,
UD32AS,"Thửa 587 - Tờ 78 đường số 387, Xã Tân An Hội, H.Củ Chi, TP.HCM",2700000.0,5.34,land,,,,505617.98,
GM9V42,"Thửa 402 - tờ 53, 221/6A Trần Huy Liệu, P.8, Q.Phú Nhuận, TP.HCM",5900000.0,201.36,land,,,,29300.75,
5K31A7,"Thửa 1001 - Tờ 80, Một phần số 38/8 Trần Thị Hè, P.Hiệp Thành, Q.12, TP.HCM",5500000.0,85.8,land,,,,64102.56,
1SNY06,"Thửa 754 - tờ 20 đường số 83, Xã Tân Phú Trung, H.Củ Chi, TP.HCM",2100000.0,24.56,land,,,,85504.89,
UD6HBS,"Thửa 688 - tờ 12 Tỉnh Lộ 8, Xã Phước Vĩnh An, H.Củ Chi, TP.HCM",3200000.0,15.23,land,,,,210111.62,
GMRPH2,"Thửa 7 - tờ 41 Võ Thị Lợi, Xã Phước Vĩnh An, H.Củ Chi, TP.HCM",1500000.0,1.01,land,,,,1485148.51,
CR79NB,"Thửa 520 - Tờ 19 Nguyễn Thị Chuối, Xã Xuân Thới Đông, H.Hóc Môn, TP.HCM",20800000.0,6.0,land,,,,3466666.67,
65T7F8,"Thửa 1200 - tờ 4 Võ Văn Điều, Xã Phước Thạnh, H.Củ Chi, TP.HCM",7500000.0,5.04,land,,,,1488095.24,
D4UBTH,"113/120N Võ Duy Ninh, P.22, Q.Bình Thạnh, TP.HCM",2980000.0,151.26,land,,,,19701.18,
AB3DTY,"Thửa 617 - Tờ 40 Nguyễn Thị Lắng, Xã Phước Vĩnh An, H.Củ Chi, TP.HCM",2500000.0,12.65,land,,,,197628.46,
3ANZMQ,"Thửa 609 - Tờ 36 Nguyễn  Thị Ly, Xã Xuân Thới Sơn, H.Hóc Môn, TP.HCM",21000000.0,1.96,land,,,,10714285.71,
3ATKFQ,"đường Thống Nhất, P.16, Q.Gò Vấp, TP.HCM",6900000.0,96.36,land,,,,71606.48,
9NA7AP,"Thửa 550 - Tờ 17 đường số 40, TT.Củ Chi, H.Củ Chi, TP.HCM",2800000.0,41.05,land,,,,68209.5,
PXYXTG,"Lê Trọng Tấn, P.Bình Hưng Hòa, Q.Bình Tân, TP.HCM",7500000.0,74.77,land,,,,100307.61,
9NATNP,"23b Linh Đông, P.Linh Đông, TP.Thủ Đức, TP.HCM",22600000.0,112.43,land,,,,201013.96,
PXYNZG,"Thửa 1480 - Tờ 16 đường số 86, Xã Tân Phú Trung, H.Củ Chi, TP.HCM",1600000.0,20.0,land,,,,80000.0,
UDPAQS,"Thửa 1475 - Tờ 16 đường số 86, Xã Tân Phú Trung, H.Củ Chi, TP.HCM",1700000.0,14.45,land,,,,117647.06,
ABTKUY,"Thửa 1476 - Tờ 16 đường số 86, Xã Tân Phú Trung, H.Củ Chi, TP.HCM",1700000.0,19.4,land,,,,87628.87,
KWV41C,"Thửa 1477 - Tờ 16 đường số 86, Xã Tân Phú Trung, H.Củ Chi, TP.HCM",1750000.0,18.15,land,,,,96418.73,
GMDTG2,"Thửa 1478 - Tờ 16 đường số 86, Xã Tân Phú Trung, H.Củ Chi, TP.HCM",1800000.0,16.24,land,,,,110837.44,
SHGAF5,"Thửa 1479 - Tờ 16 đường số 86, Xã Tân Phú Trung, H.Củ Chi, TP.HCM",1550000.0,17.1,land,,,,90643.27,
GMY0R2,"Thửa 1403 - Tờ 48 Xuân Thới Thượng 32, Xã Xuân Thới Thượng, H.Hóc Môn, TP.HCM",9000000.0,35.12,land,,,,256264.24,
KWMP7C,"Thửa 628 - tờ 52 Nguyễn Thị Hẹ, Xã Trung Lập Thượng, H.Củ Chi, TP.HCM",1550000.0,6.59,land,,,,235204.86,
49651F,"Thửa 511 - Tờ 1 + Thửa 163 - Tờ 1 Hẻm đường Thạnh Lộc 14, P.An Phú Đông, Q.12, TP.HCM",16000000.0,45.95,land,,,,348204.57,
SH0CP5,"Thửa 61 - tờ 18 Võ Thị Dòn, Xã Tân Thông Hội, H.Củ Chi, TP.HCM",3500000.0,20.95,land,,,,167064.44,
D4ZFAH,"Thửa 1731 - Tờ 184 Trần Văn Mười, Xã Bà Điểm, H.Hóc Môn, TP.HCM",11500000.0,57.32,land,,,,200628.05,
SHR1C5,"Thửa 600 - tờ 80 Nguyễn Văn Khạ, Xã Tân An Hội, H.Củ Chi, TP.HCM",2500000.0,10.0,land,,,,250000.0,
QYF23U,"Thửa 603 -  tờ 73 Nguyễn Văn Khạ, Xã Tân An Hội, H.Củ Chi, TP.HCM",2300000.0,9.9,land,,,,232323.23,
WG17KR,"Thửa 503 - tờ 32 Hà Thị Kiểm, Xã Phú Mỹ Hưng, H.Củ Chi, TP.HCM",1790000.0,3.05,land,,,,586885.25,
E0XUA4,"Thửa 584 - tờ 49 đường số 698, Xã Thái Mỹ, H.Củ Chi, TP.HCM",1250000.0,8.72,land,,,,143348.62,
UDWZZS,"Thửa 1088 - tờ 12 Nguyễn Thị Tấm, Xã Phước Thạnh, H.Củ Chi, TP.HCM",1600000.0,7.27,land,,,,220082.53,
GMSHC2,"Thửa 589 - tờ 9 Tỉnh Lộ 2, Xã Tân An Hội, H.Củ Chi, TP.HCM",3400000.0,17.41,land,,,,195290.06,
GMSQS2,"Thửa 526 - tờ 89 đường số 8, P.Tam Bình, TP.Thủ Đức, TP.HCM",8000000.0,79.44,land,,,,100704.93,
SHEPA5,"Thửa 677 - tờ 71 Thạnh Xuân 52, Xã Đông Thạnh, H.Hóc Môn, TP.HCM",10900000.0,10.84,land,,,,1005535.06,
D4J0WH,"Nguyễn Thị Thôn, Xã Phú Hòa Đông, H.Củ Chi, TP.HCM",1550000.0,14.55,land,,,,106529.21,
7CE7GA,"Thửa 569 - tờ 48 ( tờ cũ 12) Hà Duy Phiên, Xã Bình Mỹ, H.Củ Chi, TP.HCM",3800000.0,15.29,land,,,,248528.45,
65AVT8,"Thửa 1572 - tờ 17 Tỉnh Lộ 2, Xã Tân Phú Trung, H.Củ Chi, TP.HCM",2650000.0,15.03,land,,,,176314.04,
UDK3ZS,"Thửa 1342 - tờ 17 Tân Phú Trung, Xã Tân Phú Trung, H.Củ Chi, TP.HCM",1680000.0,19.58,land,,,,85801.84,
657BH8,"Thửa 19 - tờ 47 Nguyễn Văn Khạ, Xã Phú Hòa Đông, H.Củ Chi, TP.HCM",5600000.0,12.73,land,,,,439905.73,
87ABM3,"Thửa 667 - tờ 127 Tỉnh Lộ 7, Xã Trung Lập Hạ, H.Củ Chi, TP.HCM",1800000.0,2.59,land,,,,694980.69,
ABE02Y,"Thửa 689 - tờ 47 Nguyễn Thị Rành, Xã Trung Lập Hạ, H.Củ Chi, TP.HCM",1650000.0,6.87,land,,,,240174.67,
49JYEF,"Thửa 532 - tờ 46 đường Hà Huy Giáp, P.Thạnh Xuân, Q.12, TP.HCM",3650000.0,34.92,land,,,,104524.63,
QY5P1U,"Thửa 293 - tờ 34 Nguyễn Thị Dạng, Xã Nhuận Đức, H.Củ Chi, TP.HCM",7900000.0,5.3,land,,,,1490566.04,
5KYP27,"Thửa 726 - tờ 180 Lê Thị Truyền, Xã Phước Vĩnh An, H.Củ Chi, TP.HCM",3800000.0,14.69,land,,,,258679.37,
3ASWKQ,"Thửa 1060 - tờ 20 đường số 9, Xã Tân Thông Hội, H.Củ Chi, TP.HCM",3200000.0,30.79,land,,,,103929.85,
QY5FSU,"MPN 87/33/1 ( Thửa 341-1 - tờ 124) Nguyễn Sỹ Sách, P.15, Q.Tân Bình, TP.HCM",4800000.0,118.81,land,,,,40400.64,
SHAHQ5,"Thửa 545 - tờ 129 đường số 1, P.Tam Bình, TP.Thủ Đức, TP.HCM",7000000.0,46.66,land,,,,150021.43,
5KYKK7,"Thửa 761 - tờ 6 Hồ Văn Tắng, Xã Tân Phú Trung, H.Củ Chi, TP.HCM",2500000.0,14.3,land,,,,174825.17,
QY5AFU,"Thửa 1084 - tờ 40 Lý Thị Bở, Xã Tân Phú Trung, H.Củ Chi, TP.HCM",3500000.0,36.88,land,,,,94902.39,
YEKCUD,"Thửa 1083 - tờ 40 Lý Thị Bở, Xã Tân Phú Trung, H.Củ Chi, TP.HCM",3500000.0,36.91,land,,,,94825.25,
E0FHT4,"Thửa 574 - tờ 50 Nhuận Đức, Xã Nhuận Đức, H.Củ Chi, TP.HCM",2200000.0,7.22,land,,,,304709.14,
PX2R8G,"Thửa 41 - tờ 58 Lê Thị Siêng, Xã Tân Thông Hội, H.Củ Chi, TP.HCM",4850000.0,4.46,land,,,,1087443.95,
JZ94T0,"Thửa 670 - tờ 18 Nguyễn Văn Khạ, Xã Tân An Hội, H.Củ Chi, TP.HCM",1900000.0,16.17,land,,,,117501.55,
5KA137,"Thửa 153 - tờ 42 Tỉnh Lộ 8, Xã Trung An, H.Củ Chi, TP.HCM",2300000.0,23.0,land,,,,100000.0,
CREU3B,"Thửa 642 - tờ 18 Lê Thị Nghiên, Xã Tân Thạnh Đông, H.Củ Chi, TP.HCM",2400000.0,12.75,land,,,,188235.29,
6S6XG8,"158/32 Phạm Văn Chiêu, P.9, Q.Gò Vấp, TP.HCM",12500000.0,154.7,land,,,,80801.55,
DEYB0H,"Thửa 860 - tờ 6 Đỗ Thị Nhặt, Xã Trung An, H.Củ Chi, TP.HCM",2550000.0,9.66,land,,,,263975.16,
7K5HYA,"Thửa 283 - tờ 42 Tỉnh Lộ 15, Xã Phú Hòa Đông, H.Củ Chi, TP.HCM",1300000.0,1.2,land,,,,1083333.33,
7KS75A,"Thửa 614 - tờ 14 Bùi Thị Lành, Xã Trung An, H.Củ Chi, TP.HCM",5200000.0,9.25,land,,,,562162.16,
QA8T7U,"Thửa 713 - tờ 15 Tân Thạnh Đông, Xã Tân Thạnh Đông, H.Củ Chi, TP.HCM",2200000.0,20.46,land,,,,107526.88,
6SVJF8,"Thửa 1091 - tờ 19 Hà Duy Phiên, Xã Bình Mỹ, H.Củ Chi, TP.HCM",2650000.0,17.25,land,,,,153623.19,
UY3G5S,"Thửa 760 - tờ 11 Hà Duy Phiên, Xã Bình Mỹ, H.Củ Chi, TP.HCM",3100000.0,17.38,land,,,,178365.94,
KFDV8C,"Thửa 512 - tờ 9 Phạm Thị Trích, Xã Bình Mỹ, H.Củ Chi, TP.HCM",5700000.0,19.1,land,,,,298429.32,
3760RQ,"Thửa 510 - tờ 9 Phạm Thị Trích, Xã Bình Mỹ, H.Củ Chi, TP.HCM",5700000.0,19.7,land,,,,289340.1,
WPE89R,"Thửa 945 - tờ 144 Nguyễn Thị Xạnh, Xã Phước Vĩnh An, H.Củ Chi, TP.HCM",2100000.0,14.64,land,,,,143442.62,
37V44Q,"Thửa 1857 - tờ 46 Tân Chánh Hiệp 18, P.Tân Chánh Hiệp, Q.12, TP.HCM",5600000.0,57.97,land,,,,96601.69,
1UZGU6,"Thửa 678 - tờ 30 Bình Mỹ, Xã Bình Mỹ, H.Củ Chi, TP.HCM",4500000.0,4.16,land,,,,1081730.77,
DEQ2SH,"đường Tô Ký, Xã Tân Xuân, H.Hóc Môn, TP.HCM",3900000.0,48.75,land,,,,80000.0,
AC6SPY,"Thửa 671 - tờ 36 Tỉnh Lộ 2, Xã Phước Vĩnh An, H.Củ Chi, TP.HCM",2400000.0,4.78,land,,,,502092.05,
DE370H,"Thửa 666 - tờ 20 đường số 72, Xã Tân Phú Trung, H.Củ Chi, TP.HCM",4600000.0,16.75,land,,,,274626.87,
SDM885,"Thửa 1413 - tờ 12 Nguyễn Thị Lắng, Xã Tân Phú Trung, H.Củ Chi, TP.HCM",1600000.0,11.65,land,,,,137339.06,
UYX60S,"Thửa 546 - tờ 33 Đỗ Đăng Tuyển, Xã An Nhơn Tây, H.Củ Chi, TP.HCM",2150000.0,6.37,land,,,,337519.62,
QAZK6U,"Thửa 529 - tờ 50 Cây Trôm Mỹ Khánh, Xã Thái Mỹ, H.Củ Chi, TP.HCM",11000000.0,15.54,land,,,,707850.71,
40QAMF,"Thửa 838 - tờ 50 Nguyễn Thị Nê, Xã Phú Hòa Đông, H.Củ Chi, TP.HCM",4850000.0,6.67,land,,,,727136.43,
6SJJQ8,"Thửa 70 - tờ 23 Lưu Khai Hồng, TT.Củ Chi, H.Củ Chi, TP.HCM",6900000.0,23.92,land,,,,288461.54,
UYGP8S,"Thửa 688 - tờ 172 Tỉnh Lộ 2, Xã Phước Vĩnh An, H.Củ Chi, TP.HCM",1850000.0,14.93,land,,,,123911.59,
3790MQ,"Thửa 687 - tờ 172 Tỉnh Lộ 2, Xã Phước Vĩnh An, H.Củ Chi, TP.HCM",1850000.0,15.01,land,,,,123251.17,
SDPUH5,"195/11H Điện Biên Phủ, P.14, Q.Bình Thạnh, TP.HCM",11900000.0,134.16,land,,,,88700.06,
J2SV20,"Thửa 701 - tờ 76 Nguyễn Xiển, P.Long Thạnh Mỹ, TP.Thủ Đức, TP.HCM",3500000.0,53.43,land,,,,65506.27,
0ZS319,"đường Thạnh Lộc 37, P.Thạnh Lộc, Q.12, TP.HCM",16500000.0,44.47,land,,,,371036.65,
85FJG3,"5881 NGUYỄN VĂN KHỐI, P.11, Q.Gò Vấp, TP.HCM",7300000.0,90.12,land,,,,81003.11,
DEPC5H,"Thửa 751 - tờ 14 Tỉnh Lộ 8, Xã Tân Thạnh Tây, H.Củ Chi, TP.HCM",1700000.0,11.47,land,,,,148212.73,
EJTT14,"Thửa 555 - tờ 17 Tỉnh Lộ 8, Xã Hòa Phú, H.Củ Chi, TP.HCM",3500000.0,16.85,land,,,,207715.13,
YB0CTD,"Thửa 1397 - tờ 193 đường Ba Sa, Xã Tân An Hội, H.Củ Chi, TP.HCM",1350000.0,7.23,land,,,,186721.99,
9T6F2P,"Thửa 815 - tờ 23 Tỉnh Lộ 2, Xã Phước Vĩnh An, H.Củ Chi, TP.HCM",4900000.0,22.24,land,,,,220323.74,
40TDAF,"Thửa 575 - tờ 15 Hồ Văng Tắng, Xã Tân Phú Trung, H.Củ Chi, TP.HCM",8500000.0,7.56,land,,,,1124338.62,
5HFD87,"456-90 Khu Biệt Thự Thạnh Xuân, P.Thạnh Xuân, Q.12, TP.HCM",32000000.0,59.04,land,,,,542005.42,
2MQX5Z,"Thửa 634 - tờ 155 Nguyễn Thị Rành, Xã Trung Lập Hạ, H.Củ Chi, TP.HCM",2500000.0,11.63,land,,,,214961.31,
KF97VC,"Thửa 671 - tờ 23 đường Song Hành, TT.Hóc Môn, H.Hóc Môn, TP.HCM",3500000.0,26.94,land,,,,129918.34,
9T1YWP,"Thửa 641 - tờ 50 Trần Thị Liêng, Xã Nhuận Đức, H.Củ Chi, TP.HCM",6150000.0,8.16,land,,,,753676.47,
DEJGJH,"Thửa 564 - tờ 57, đường Bình Mỹ, Xã Bình Mỹ, H.Củ Chi, TP.HCM",2400000.0,12.0,land,,,,200000.0,
UYBFJS,"Thửa 846 - tờ 23 Huỳnh Minh Mương, Xã Tân Thạnh Đông, H.Củ Chi, TP.HCM",2500000.0,20.69,land,,,,120831.32,
ACWW4Y,"Thửa 639 - tờ 15 Tỉnh Lộ 15, Xã Phú Hòa Đông, H.Củ Chi, TP.HCM",3300000.0,14.94,land,,,,220883.53,
5HEWC7,"Thửa 727 - tờ 28 đường số 64, Xã Tân Phú Trung, H.Củ Chi, TP.HCM",2200000.0,12.65,land,,,,173913.04,
CW99KB,"Thửa 525 - tờ 144, 24/11/2A Bình Trị Đông, P.Bình Trị Đông, Q.Bình Tân, TP.HCM",5100000.0,73.17,land,,,,69700.7,
SDC3R5,"Thửa 1115 - tờ 60, đường Thạnh Xuân 52, P.Thạnh Xuân, Q.12, TP.HCM",3180000.0,49.3,land,,,,64503.04,
7KE69A,"Thửa 590 - tờ 7 Trần Thị Xong, Xã Nhuận Đức, H.Củ Chi, TP.HCM",4800000.0,4.2,land,,,,1142857.14,
YBFMED,"Thửa 569 - tờ 39 Phạm Thị Lòng, Xã Trung An, H.Củ Chi, TP.HCM",4800000.0,19.86,land,,,,241691.84,
7KENHA,"Thửa 597 - tờ 29 Trần Văn Chẩm, Xã Phước Vĩnh An, H.Củ Chi, TP.HCM",3150000.0,21.37,land,,,,147402.9,
QAHG5U,"Thửa 606 - tờ 31 Nguyễn Thị Nê, Xã Phú Hòa Đông, H.Củ Chi, TP.HCM",2200000.0,8.77,land,,,,250855.19,
EJP3H4,"Thửa 620 - tờ 9 Tỉnh Lộ 15, Xã Phú Hòa Đông, H.Củ Chi, TP.HCM",1250000.0,13.54,land,,,,92319.05,
QAHYGU,"Thửa 51 - tờ 43 Nguyễn Kim Cương, Xã Tân Thạnh Đông, H.Củ Chi, TP.HCM",6100000.0,12.2,land,,,,500000.0,
9TMN5P,"Thửa 744 - tờ 46 Tỉnh Lộ 15, Xã Tân Thạnh Đông, H.Củ Chi, TP.HCM",1800000.0,24.59,land,,,,73200.49,
KFJFDC,"Thửa 667 - tờ 126 Nguyễn Thị Thôn, Xã Phú Hòa Đông, H.Củ Chi, TP.HCM",1600000.0,13.92,land,,,,114942.53,
KFJB7C,"Thửa 1820 - tờ 53, đường Thạnh Xuân 52, P.Thới An, Q.12, TP.HCM",2850000.0,56.54,land,,,,50406.79,
7KBS9A,"Thửa 192 - tờ 23 Huỳnh Minh Mương, Xã Tân Thạnh Đông, H.Củ Chi, TP.HCM",2600000.0,10.24,land,,,,253906.25,
9TXFXP,"Thửa 708 - tờ 156 Nguyễn Thị Lắng, Xã Phước Vĩnh An, H.Củ Chi, TP.HCM",1900000.0,16.88,land,,,,112559.24,
SDK1F5,"Thửa 17 -  tờ 10 Nguyễn Văn Nì, TT.Củ Chi, H.Củ Chi, TP.HCM",12500000.0,25.0,land,,,,500000.0,
SDKE35,"559 ( Thửa 58 - tờ 78 ) Nguyễn Văn Khạ, Xã Tân An Hội, H.Củ Chi, TP.HCM",6200000.0,13.41,land,,,,462341.54,
7KBESA,"Thửa 888 - tờ 2 Đông Thạnh 7, Xã Thới Tam Thôn, H.Hóc Môn, TP.HCM",10900000.0,11.32,land,,,,962897.53,
QADDBU,"Thửa 1877 - tờ 75, đường Thạnh Xuân 33, P.Thới An, Q.12, TP.HCM",4650000.0,63.43,land,,,,73309.16,
RG286J,"Thửa 692 - tờ 132 Nguyễn Thị Rành, Xã Trung Lập Hạ, H.Củ Chi, TP.HCM",1250000.0,7.74,land,,,,161498.71,
QAYF8U,"Thửa 682 - tờ 7 Nguyễn Thị Lắng, Xã Tân Phú Trung, H.Củ Chi, TP.HCM",2900000.0,18.49,land,,,,156841.54,
KFW2JC,"Thửa 706 - tờ 17 Tỉnh Lộ 8, Xã Phước Thạnh, H.Củ Chi, TP.HCM",1100000.0,10.81,land,,,,101757.63,
ACC7DY,"Thửa 1038 - tờ 9 Nguyễn Thị Bi, TT.Củ Chi, H.Củ Chi, TP.HCM",2150000.0,5.93,land,,,,362563.24,
1UUM16,"Thửa 892 - tờ 8 Lê Thị Bay, Xã Tân Thạnh Đông, H.Củ Chi, TP.HCM",2250000.0,12.83,land,,,,175370.23,
DEEAYH,"Thửa 784 - tờ 62 ( tờ cũ 31) Nguyễn Kim Cương, Xã Tân Thạnh Đông, H.Củ Chi, TP.HCM",1800000.0,14.61,land,,,,123203.29,
RGGXXJ,"Thửa  334 - tờ 13 Đặng Thúc Vịnh, Xã Thới Tam Thôn, H.Hóc Môn, TP.HCM",2880000.0,29.93,land,,,,96224.52,
855DT3,"Thửa 633 - tờ 33 Tỉnh Lộ 8, Xã Hòa Phú, H.Củ Chi, TP.HCM",2100000.0,10.51,land,,,,199809.71,
KFFWBC,"Thửa 609 - tờ 33 đường số 492, Xã Phạm Văn Cội, H.Củ Chi, TP.HCM",2170000.0,8.96,land,,,,242187.5,
7KKHQA,"Thửa 627 - tờ 42 Tỉnh Lộ 2, Xã Trung Lập Hạ, H.Củ Chi, TP.HCM",3500000.0,21.23,land,,,,164861.05,
QAASPU,"Thửa 704 - tờ 79 Tỉnh Lộ 7, Xã An Nhơn Tây, H.Củ Chi, TP.HCM",1050000.0,8.48,land,,,,123820.75,
6SUVM8,"Thửa 801 - tờ 32 đường số 5, Xã Tân Thông Hội, H.Củ Chi, TP.HCM",2500000.0,23.74,land,,,,105307.5,
0Z2RX9,"Thửa 1404 - tờ 12, đường Thạnh Lộc 41, P.Thạnh Lộc, Q.12, TP.HCM",4300000.0,83.01,land,,,,51800.99,
GXNWX2,"Thửa 629 - tờ 52 Phạm Thới Quới, Xã Phú Mỹ Hưng, H.Củ Chi, TP.HCM",3600000.0,3.43,land,,,,1049562.68,
QA7N3U,"Thửa 29 - tờ 35 Hà Thị Kiểm, Xã Phú Mỹ Hưng, H.Củ Chi, TP.HCM",6800000.0,3.97,land,,,,1712846.35,
6SU248,"Thửa 46 - tờ 17 đường số 729, Xã Trung Lập Thượng, H.Củ Chi, TP.HCM",3500000.0,9.07,land,,,,385887.54,
PNTETG,"Thửa 539 - tờ 23 Trần Quang Đạo, Xã Tân Thông Hội, H.Củ Chi, TP.HCM",5900000.0,14.4,land,,,,409722.22,
RGPDHJ,"Thửa 1047 - tờ 2 Hồ Văn Tắng, Xã Tân Phú Trung, H.Củ Chi, TP.HCM",2550000.0,7.17,land,,,,355648.54,
7KHZRA,"Thửa 673 - tờ 2 ấp Cây Sộp, Xã Tân An Hội, H.Củ Chi, TP.HCM",1800000.0,10.6,land,,,,169811.32,
7KH4QA,"Thửa 742 -  tờ 20 đường số 30, Xã Tân Thông Hội, H.Củ Chi, TP.HCM",2550000.0,19.12,land,,,,133368.2,
J2GXU0,"Thửa 641 - tờ 38 Trương Thị Kiện, Xã Thái Mỹ, H.Củ Chi, TP.HCM",1400000.0,3.21,land,,,,436137.07,
GXNN52,"Thửa 562 - tờ 24 Lưu Khai Hồng, TT.Củ Chi, H.Củ Chi, TP.HCM",5900000.0,43.12,land,,,,136827.46,
6SUUQ8,"Thửa 691 - tờ 172 đường số 29, Xã Phước Vĩnh An, H.Củ Chi, TP.HCM",1800000.0,11.38,land,,,,158172.23,
RGP9PJ,"Thửa 577 - tờ 32 Đỗ Đăng Tuyển, Xã An Nhơn Tây, H.Củ Chi, TP.HCM",2150000.0,14.17,land,,,,151729.0,
0ZGRM9,"Thửa 852 - tờ 10 Nguyễn Kim Cương, Xã Tân Thạnh Đông, H.Củ Chi, TP.HCM",2100000.0,21.85,land,,,,96109.84,
DECQ5H,"Thửa 713 - tờ 141 Tỉnh Lộ 7, Xã Trung Lập Hạ, H.Củ Chi, TP.HCM",1250000.0,8.14,land,,,,153562.65,
7KD60A,"Thửa 916 - tờ 10 Tỉnh Lộ 7, Xã Trung Lập Hạ, H.Củ Chi, TP.HCM",1650000.0,9.92,land,,,,166330.65,
2MNWQZ,"Thửa 743 - tờ 5 Ba Sa, Xã Phước Hiệp, H.Củ Chi, TP.HCM",2800000.0,18.25,land,,,,153424.66,
0ZGB29,"Thửa 806 - tờ 88 Liêu Bình Hương, TT.Củ Chi, H.Củ Chi, TP.HCM",5600000.0,17.61,land,,,,318001.14,
6SQ228,"Thửa 10 - tờ 70 Nguyễn Phong Sắc, TT.Củ Chi, H.Củ Chi, TP.HCM",5300000.0,19.11,land,,,,277341.71,
6SQGG8,"Thửa 593 - tờ 46 Nguyễn Văn Khạ, Xã Phú Hòa Đông, H.Củ Chi, TP.HCM",4200000.0,9.12,land,,,,460526.32,
SDAXJ5,"Thửa 804 - tờ 82 Phạm Văn Cội, Xã Nhuận Đức, H.Củ Chi, TP.HCM",1390000.0,10.95,land,,,,126940.64,
37S2WQ,"Thửa 543 - tờ 22 Nguyễn Thị Rành, Xã Phú Mỹ Hưng, H.Củ Chi, TP.HCM",3500000.0,2.92,land,,,,1198630.14,
ACHXQY,"Thửa 52  - tờ 59 ( tờ cũ 29 ) Võ Thị Du, Xã Tân Thông Hội, H.Củ Chi, TP.HCM",3500000.0,11.83,land,,,,295857.99,
85UYZ3,"Nơ Trang Long, P.13, Q.Bình Thạnh, TP.HCM",9500000.0,158.33,land,,,,60001.26,
1U8M36,"Thửa 561 - tờ 89 đường số 7, Xã Tân Thông Hội, H.Củ Chi, TP.HCM",1750000.0,16.04,land,,,,109102.24,
QAS60U,"Thửa 102 - tờ 24 Huỳnh Văn Cọ, TT.Củ Chi, H.Củ Chi, TP.HCM",5300000.0,26.5,land,,,,200000.0,
7KYQ2A,"Thửa 827 - tờ 23 Trần Văn Chẩm, Xã Phước Vĩnh An, H.Củ Chi, TP.HCM",6300000.0,16.56,land,,,,380434.78,
GXZJ62,"Thửa 668 - tờ 36 Trương Thị Kiện, Xã Thái Mỹ, H.Củ Chi, TP.HCM",1700000.0,8.55,land,,,,198830.41,
37UXPQ,"Thửa 573 - tờ 38 Tỉnh Lộ 15, Xã Phú Hòa Đông, H.Củ Chi, TP.HCM",1380000.0,13.06,land,,,,105666.16,
YBHQTD,"Tỉnh lộ 7, Xã Phước Thạnh, H.Củ Chi, TP.HCM",1650000.0,8.77,land,,,,188141.39,
GXZWV2,"Thửa 591 - tờ 9 Tỉnh Lộ 2, Xã Tân An Hội, H.Củ Chi, TP.HCM",3500000.0,18.45,land,,,,189701.9,
GXZFM2,"Thửa 592 - tờ 3 Nguyễn Văn Khạ, Xã Tân An Hội, H.Củ Chi, TP.HCM",2900000.0,6.57,land,,,,441400.3,
YBH82D,"Thửa 125 - tờ 9 Tỉnh Lộ 7, Xã Phước Thạnh, H.Củ Chi, TP.HCM",3600000.0,3.48,land,,,,1034482.76,
5HAXV7,"Thửa 737 - tờ 46 Lê Thị Bay, Xã Tân Thạnh Đông, H.Củ Chi, TP.HCM",2350000.0,16.18,land,,,,145241.04,
ACDWGY,"Thửa 125 - tờ 19 Nguyễn Thị Dưỡng, Xã Tân Thạnh Đông, H.Củ Chi, TP.HCM",1500000.0,7.77,land,,,,193050.19,
UY5BDS,"Thửa 46 - tờ 10 Tỉnh lộ 15, Xã Phú Hòa Đông, H.Củ Chi, TP.HCM",3300000.0,16.03,land,,,,205864.0,
6S3518,"Thửa 821 - tờ 37 Lê Thị Đảo, Xã Tân Thạnh Đông, H.Củ Chi, TP.HCM",1550000.0,13.25,land,,,,116981.13,
SD7H85,"Thửa 838 - tờ 8 Tỉnh Lộ 15, Xã Tân Thạnh Đông, H.Củ Chi, TP.HCM",2300000.0,14.16,land,,,,162429.38,
5HAKK7,"Thửa 634 - tờ 24 Nguyễn Thị Dưỡng, Xã Tân Thạnh Đông, H.Củ Chi, TP.HCM",1800000.0,24.89,land,,,,72318.2,
ACDC0Y,"Thửa 634 - tờ 15 Tỉnh Lộ 15, Xã Phú Hòa Đông, H.Củ Chi, TP.HCM",2600000.0,16.61,land,,,,156532.21,
PTPJ3G,"Thửa 49 - tờ 13 Nguyễn Kim Cương, Xã Tân Thạnh Đông, H.Củ Chi, TP.HCM",1600000.0,14.63,land,,,,109364.32,
3532JQ,"240/23/20 ( Thửa 1113 - tờ 54 ) Hiệp Thành 13, P.Tân Thới Hiệp, Q.12, TP.HCM",3900000.0,59.09,land,,,,66001.02,
Q7QK9U,"Thửa 853 - tờ 10 đường số 397, Xã Tân Thạnh Đông, H.Củ Chi, TP.HCM",2150000.0,22.34,land,,,,96239.93,
9Z9MEP,"Thửa 1189 - tờ 59 Đông Thạnh 4, Xã Đông Thạnh, H.Hóc Môn, TP.HCM",3600000.0,34.38,land,,,,104712.04,
YCYB5D,"Thửa 709 - tờ 54 Đông Thạnh 1, Xã Đông Thạnh, H.Hóc Môn, TP.HCM",3800000.0,19.49,land,,,,194971.78,
7H7H7A,"Thửa 536 - tờ 124 đường số 9, P.Bình Hưng Hòa, Q.Bình Tân, TP.HCM",5500000.0,75.13,land,,,,73206.44,
Q7GFWU,"Thửa 1102 - tờ 55 đường Bùi Công Trừng, P.Thạnh Xuân, Q.12, TP.HCM",2150000.0,40.41,land,,,,53204.65,
5DGVB7,"Thửa 1202 - tờ 59 ( số cũ 15) Thạnh Xuân 52, P.Thạnh Xuân, Q.12, TP.HCM",2800000.0,10.07,land,,,,278053.62,
UAFP7S,"Thửa 657 - tờ 2 đường Thạnh Lộc 54, P.Thạnh Lộc, Q.12, TP.HCM",3900000.0,45.23,land,,,,86225.96,
SYWP85,"Thửa 13 - tờ 15 Trần Thị Khoe, Xã Tân Thạnh Tây, H.Củ Chi, TP.HCM",12500000.0,11.38,land,,,,1098418.28,
ERGGV4,"Thửa 910 - tờ 1 đường Hà Huy Giáp, P.Thạnh Lộc, Q.12, TP.HCM",2800000.0,33.61,land,,,,83308.54,
6Q6098,"thửa 99 - tờ 177 đường số 6, P.Bình Hưng Hoà A, Q.Bình Tân, TP.HCM",6350000.0,99.21,land,,,,64005.64,
8UFTV3,"đường Sông Lu, Trung An, H.Củ Chi, TP.HCM",4300000.0,0.01,land,,,,430000000.0,
13EST6,"Hoàng Hữu Nam, P.Tân Phú, TP.Thủ Đức, TP.HCM",22000000.0,117.52,land,,,,187202.18,
13KZW6,"tỉnh lộ 7, Xã Trung Lập Thượng, H.Củ Chi, TP.HCM",5900000.0,0.01,land,,,,590000000.0,
6QHPC8,"1560/7/26/24 Tỉnh Lộ 10, P.Tân Tạo, Q.Bình Tân, TP.HCM",3900000.0,47.97,land,,,,81300.81,
1V9T6T,"Thửa 83 - tờ 38 Trần Thị Bốc, Xã Thới Tam Thôn, H.Hóc Môn, TP.HCM",2200000.0,37.28,land,,,,59012.88,
865Z3A,"Thửa 448 - Tờ 5 Lý Nam Đế, TT.Hóc Môn, H.Hóc Môn, TP.HCM",3350000.0,32.46,land,,,,103203.94,
1NHR6T,"Thửa 1621 - Tờ 35, 10B đường số 24, P.Linh Đông, TP.Thủ Đức, TP.HCM",22000000.0,93.12,land,,,,236254.3,
9V740P,"Một phần nhà 1155/51/8 ( Thửa 666 - tờ 19 ) Tỉnh Lộ 43, P.Bình Chiểu, TP.Thủ Đức, TP.HCM",3200000.0,59.47,land,,,,53808.64,
SBR3F5,"Thửa 683 - tờ 96 Lê Quang Đạo (QL22), Xã Tân Xuân, H.Hóc Môn, TP.HCM",3600000.0,42.8,land,,,,84112.15,
UCETWS,"1072/2A ( Thửa 577 - tờ 40 ) Kha Vạn Cân, P.Linh Chiểu, TP.Thủ Đức, TP.HCM",8750000.0,109.23,land,,,,80106.2,
9VVTAP,"Thửa 701 - tờ 18 đường Song Hành QL22, TT.Hóc Môn, H.Hóc Môn, TP.HCM",3500000.0,40.32,land,,,,86805.56,
AFERGY,"80 Số 3, P.Linh Xuân, TP.Thủ Đức, TP.HCM",7770000.0,47.55,land,,,,163406.94,
WTPS9R,"Thửa 1048 - tờ 41 hẻm 94 đường Vườn Lài, P.An Phú Đông, Q.12, TP.HCM",4350000.0,78.51,land,,,,55406.95,
74H31A,"167/6E Ấp Thới Tây 2, Xã Tân Hiệp, H.Hóc Môn, TP.HCM",3880000.0,26.71,land,,,,145263.95,
8YMT03,"MPN 42/2A đường số 11, P.Hiệp Bình Phước, TP.Thủ Đức, TP.HCM",5250000.0,97.22,land,,,,54001.23,
G1A572,"332A Liên Khu 4-5, P.Bình Hưng Hoà B, Q.Bình Tân, TP.HCM",16900000.0,58.82,land,,,,287317.24,
A42PFY,"19/18 Quốc lộ 13, P.Hiệp Bình Chánh, TP.Thủ Đức, TP.HCM",8400000.0,64.46,land,,,,130313.37,
RTQ82J,"30/10 Số 11, P.Cát Lái, TP.Thủ Đức, TP.HCM",7200000.0,75.0,land,,,,96000.0,
YF046D,"Thửa 611 - Tờ 118 đường nhánh Kênh Đông, Xã Trung Lập Thượng, H.Củ Chi, TP.HCM",3800000.0,3.79,land,,,,1002638.52,
G1QVU2,"Nguyễn Duy Trinh, P.Long Phước, TP.Thủ Đức, TP.HCM",2800000.0,28.0,land,,,,100000.0,
SC7Z05,"Thửa 925 - Tờ 8 hẻm 854 Thống Nhất, P.15, Q.Gò Vấp, TP.HCM",5200000.0,101.76,land,,,,51100.63,
QDG35U,"số 26, P.Cát Lái, TP.Thủ Đức, TP.HCM",13500000.0,99.11,land,,,,136212.29,
QDRXSU,"Tỉnh Lộ 7, Xã An Nhơn Tây, H.Củ Chi, TP.HCM",6300000.0,5.59,land,,,,1127012.52,
21U01Z,"Tân Thới Nhất 8, P.Tân Thới Nhất, Q.12, TP.HCM",17800000.0,149.32,land,,,,119207.07,
0N6DB9,"Thửa 641 - Tờ 1 Đoàn Minh Triết, Xã Thái Mỹ, H.Củ Chi, TP.HCM",7500000.0,4.61,land,,,,1626898.05,
AEW3UY,"A12 đường số 11, P.Linh Xuân, TP.Thủ Đức, TP.HCM",4200000.0,71.01,land,,,,59146.6,
7BB2HA,"Thửa 17 - Tờ 39 Nguyễn Thị Nếp, Xã Tân Thạnh Đông, H.Củ Chi, TP.HCM",2100000.0,9.35,land,,,,224598.93,
AEHVSY,"Thửa 401 - Tờ 34 Võ Văn Vân, Xã Vĩnh Lộc B, H.Bình Chánh, TP.HCM",8350000.0,31.4,land,,,,265923.57,
0T0D29,"Nguyễn Văn Tạo, Xã Hiệp Phước, H.Nhà Bè, TP.HCM",1700000.0,21.25,land,,,,80000.0,
UD3PGS,"Thửa 557 - Tờ 13 Trần Thị Hồ, Xã Hòa Phú, H.Củ Chi, TP.HCM",1450000.0,18.12,land,,,,80022.08,
WG4QGR,"Thửa 556 - Tờ 13 Trần Thị Hồ, Xã Hòa Phú, H.Củ Chi, TP.HCM",1450000.0,18.12,land,,,,80022.08,
65VCR8,"Thửa 692 - Tờ 91 ấp Mỹ Thạnh B, Xã Thái Mỹ, H.Củ Chi, TP.HCM",1350000.0,2.17,land,,,,622119.82,
3A6EBQ,"Thửa 691 - Tờ 91 ấp Mỹ Thạnh B, Xã Thái Mỹ, H.Củ Chi, TP.HCM",1350000.0,2.05,land,,,,658536.59,
QY84YU,"Thửa 690 - Tờ 91 ấp Mỹ Thạnh B, Xã Thái Mỹ, H.Củ Chi, TP.HCM",1350000.0,2.1,land,,,,642857.14,
0TRP79,"Thửa 689 - Tờ 91 ấp Mỹ Thạnh B, Xã Thái Mỹ, H.Củ Chi, TP.HCM",1500000.0,1.85,land,,,,810810.81,
ABUENY,"Thửa 728 - tờ 32 đường số 63, ấp Chợ, Xã Tân Phú Trung, H.Củ Chi, TP.HCM",12000000.0,5.07,land,,,,2366863.91,
JZ4ZD0,"Thửa 619 - tờ 50 Cây Trôm Mỹ Khánh, Xã Thái Mỹ, H.Củ Chi, TP.HCM",2500000.0,12.08,land,,,,206953.64,
65TZQ8,"Thửa 815+816+817+818+819 - Tờ 43 Bộ Đội An Điền, Xã Vĩnh Lộc A, H.Bình Chánh, TP.HCM",25500000.0,2.15,land,,,,11860465.12,
87NBD3,"Thửa 653 - Tờ 63 đường Xuân Thới Thượng 4, Xã Xuân Thới Thượng, H.Hóc Môn, TP.HCM",11000000.0,8.06,land,,,,1364764.27,
1SZ8E6,"Thửa 620 - tờ 35 đường số 8, P.Tăng Nhơn Phú B, TP.Thủ Đức, TP.HCM",6600000.0,122.9,land,,,,53702.2,
AB8AZY,"Thửa 619 - tờ 35 đường số 8, P.Tăng Nhơn Phú B, TP.Thủ Đức, TP.HCM",6900000.0,117.34,land,,,,58803.48,
CRSA4B,"Thửa 594 - Tờ 174 Xuân Thới Thượng 26, Xã Xuân Thới Thượng, H.Hóc Môn, TP.HCM",4100000.0,39.46,land,,,,103902.69,
SHZB05,"Thửa 734 - Tờ 49 hẻm đường Thới Hòa, Xã Vĩnh Lộc A, H.Bình Chánh, TP.HCM",3900000.0,39.67,land,,,,98311.07,
SHZBR5,"Thửa 752 - Tờ 49 hẻm đường Thới Hòa, Xã Vĩnh Lộc A, H.Bình Chánh, TP.HCM",3300000.0,37.93,land,,,,87002.37,
ABG04Y,"Thửa 554 - Tờ 13 Trần Thị Hồ, Xã Hòa Phú, H.Củ Chi, TP.HCM",1450000.0,18.12,land,,,,80022.08,
491N9F,"Thửa 553 - Tờ 13 Trần Thị Hồ, Xã Hòa Phú, H.Củ Chi, TP.HCM",1450000.0,18.12,land,,,,80022.08,
6543P8,"Thửa 938 - tờ 41 hẻm 17 đường 458, Xã Trung An, H.Củ Chi, TP.HCM",2600000.0,18.11,land,,,,143567.09,
49MGJF,"Một phần nhà 85/27/7B Hồ Văn Long, P.Tân Tạo, Q.Bình Tân, TP.HCM",3300000.0,52.71,land,,,,62606.72,
SHFA95,"Thửa 585 - tờ 54 đường số 8, P.Long Phước, TP.Thủ Đức, TP.HCM",26500000.0,25.13,land,,,,1054516.51,
SHBTH5,"Thửa 572 - tờ 30 đường Nguyễn Văn Khối, P.11, Q.Gò Vấp, TP.HCM",9600000.0,120.0,land,,,,80000.0,
877BV3,"Thửa 189+613 - tờ 44 đường Võ Văn Điều, Xã An Nhơn Tây, H.Củ Chi, TP.HCM",18900000.0,1.26,land,,,,15000000.0,
ABB0GY,"Thửa 1197 - tờ 4 đường Võ Văn Điều, Xã Phước Thạnh, H.Củ Chi, TP.HCM",12300000.0,13.43,land,,,,915860.01,
UY31BS,"Thửa 657 - tờ 12 Nguyễn Kim Cương, ấp 6, Xã Tân Thạnh Đông, H.Củ Chi, TP.HCM",2000000.0,21.66,land,,,,92336.1,
2MPK3Z,"Thửa 514 - tờ 58 Bình Mỹ, ấp 8, Xã Bình Mỹ, H.Củ Chi, TP.HCM",4200000.0,31.48,land,,,,133418.04,
DEAXUH,"Thửa 578 - tờ 69 đường 155, ấp 25, Xã Bình Mỹ, H.Củ Chi, TP.HCM",6800000.0,12.36,land,,,,550161.81,
AC523Y,"Thửa 690 - tờ 55 Đông Thạnh, ấp 4, Xã Đông Thạnh, H.Hóc Môn, TP.HCM",3550000.0,28.95,land,,,,122625.22,
SD1XT5,"Thửa 46 - tờ 45 đường Kênh Cây Xanh, Xã Bình Mỹ, H.Củ Chi, TP.HCM",2350000.0,18.09,land,,,,129906.03,
85TBA3,"Thửa 890 - tờ 24 hẻm 430 Lê Thị Riêng, P.Thới An, Q.12, TP.HCM",4550000.0,82.42,land,,,,55205.05,
PNEY6G,"Thửa 560 - tờ 21 đường Kinh số 4, Xã Bình Lợi, H.Bình Chánh, TP.HCM",2600000.0,2.6,land,,,,1000000.0,
ACX1RY,"Thửa 90 - tờ 80 ( tờ cũ 30) Cây Trôm Mỹ Khánh, Xã Thái Mỹ, H.Củ Chi, TP.HCM",4200000.0,5.51,land,,,,762250.45,
WPQFFR,"Thửa 805 - tờ 40 Tân Thới Nhì 21, Xã Tân Thới Nhì, H.Hóc Môn, TP.HCM",3350000.0,33.39,land,,,,100329.44,
DENQGH,"Thửa 12 - tờ 17 Thới Tam Thôn 9, Xã Thới Tam Thôn, H.Hóc Môn, TP.HCM",5500000.0,24.76,land,,,,222132.47,
401Y3F,"256/18 ( Thửa 586 - tờ 18) Quốc Lộ 1K, P.Linh Xuân, TP.Thủ Đức, TP.HCM",3750000.0,71.15,land,,,,52705.55,
7KWHMA,"Thửa 511 - tờ 21 đường số 8, P.Linh Xuân, TP.Thủ Đức, TP.HCM",4800000.0,48.92,land,,,,98119.38,
RGPYDJ,"Thửa 611 - tờ 47 Phạm Thị Than, ấp Xóm Trại, Xã An Nhơn Tây, H.Củ Chi, TP.HCM",3000000.0,3.0,land,,,,1000000.0,
9TGCMP,"Thửa 245 - tờ 1 Nguyễn Văn Khạ, Xã Tân An Hội, H.Củ Chi, TP.HCM",3500000.0,5.54,land,,,,631768.95,
37U2RQ,"Thửa 736 - tờ 46 đường Lê Thị Bay, Xã Tân Thạnh Đông, H.Củ Chi, TP.HCM",2350000.0,16.43,land,,,,143031.04,
J29M70,"Thửa 730 - tờ 16 Lê Thị Bay, Xã Tân Thạnh Đông, H.Củ Chi, TP.HCM",2400000.0,10.63,land,,,,225776.11,
SYS1P5,"Thửa 668 - tờ 11 hẻm 432, ấp 1, Xã Bình Mỹ, H.Củ Chi, TP.HCM",2350000.0,21.38,land,,,,109915.81,
Q7QXWU,"Thửa 1183 - tờ 5 Nguyễn Thị Lắng, Xã Tân Phú Trung, H.Củ Chi, TP.HCM",3900000.0,11.92,land,,,,327181.21,
JGJCG0,"Thửa 852 - tờ 11 Mai Thị Buội, Xã Phước Vĩnh An, H.Củ Chi, TP.HCM",2700000.0,16.8,land,,,,160714.29,
AKAVSY,"Thửa 730 - tờ 4 Hồ Văn Tắng, Xã Tân Phú Trung, H.Củ Chi, TP.HCM",1850000.0,3.63,land,,,,509641.87,
DBD6SH,"Thửa 640 - tờ 35 Võ Thị Hồng, Xã Trung An, H.Củ Chi, TP.HCM",7200000.0,12.36,land,,,,582524.27,
356BEQ,"445/59 Tân Hòa Đông, P.Bình Trị Đông, Q.Bình Tân, TP.HCM",6900000.0,110.22,land,,,,62602.07,
YCGTUD,"Thửa 586 - tờ 18, đường Nguyễn Thị Thôn, Xã Phú Hòa Đông, H.Củ Chi, TP.HCM",1550000.0,14.11,land,,,,109851.17,
8UXY83,"50 đường số 1, P.Tam Phú, TP.Thủ Đức, TP.HCM",5900000.0,83.8,land,,,,70405.73,
SAA105,"Đường Trương Thị Hoa, P.Tân Thới Hiệp, Q.12, TP.HCM",37000000.0,69.26,land,,,,534218.89,
1V0Z6T,"112/15 Thạnh Xuân 22, P.Thới An, Q.12, TP.HCM",4700000.0,70.25,land,,,,66903.91,
38PFQ3,"25/54/11 đường Hồ Văn Long, P.Bình Trị Đông, Q.Bình Tân, TP.HCM",4200000.0,83.83,land,,,,50101.4,
9UXMPM,"Thửa 420 - Tờ 59, Xã Phạm Văn Hai, H.Bình Chánh, TP.HCM",11500000.0,11.07,land,,,,1038843.72,
JXUZ20,"Thửa 793 - tờ 49 hẻm đường Nguyễn Thị Thử, Xã Xuân Thới Sơn, H.Hóc Môn, TP.HCM",3250000.0,21.82,land,,,,148945.92,
P15F0G,"Thửa 602 - tờ 147 đường Xuân Thới Sơn 20, Xã Xuân Thới Sơn, H.Hóc Môn, TP.HCM",3550000.0,29.75,land,,,,119327.73,
QKRMXU,"Thửa 574 - tờ 147 hẻm đường Nguyễn Văn Bứa, Xã Bà Điểm, H.Hóc Môn, TP.HCM",6500000.0,12.63,land,,,,514647.66,
AF0WRY,"Kênh Trung Ương-Bộ Đội An Điền, Xã Vĩnh Lộc A, H.Bình Chánh, TP.HCM",11000000.0,8.46,land,,,,1300236.41,
EGTWT4,"Thửa 546 - tờ 47 hẻm 617 Lê Trọng Tấn, P.Bình Hưng Hòa, Q.Bình Tân, TP.HCM",4300000.0,47.09,land,,,,91314.5,
8DUSN3,"Thửa 708 - tờ 175 ấp 1, Cao Thị Chiếc, Xã Phước Vĩnh An, H.Củ Chi, TP.HCM",2500000.0,15.09,land,,,,165672.63,
26HUYZ,"Thửa 670 - tờ 76 Hẻm 14 Bia Truyền Thống, P.Tân Tạo, Q.Bình Tân, TP.HCM",3350000.0,68.78,land,,,,48706.02,
G1DQ32,"Thửa 667 - Tờ 6 hẻm đường Nguyễn Thị Lắng, Xã Tân Phú Trung, H.Củ Chi, TP.HCM",1350000.0,11.27,land,,,,119787.05,
QHJWTU,"3 Hẻm 1942 Huỳnh Tấn Phát, TT.Nhà Bè, H.Nhà Bè, TP.HCM",5800000.0,57.53,land,,,,100816.97,
QHJWEU,"125B Đỗ Xuân Hợp, P.Phước Long B, TP.Thủ Đức, TP.HCM",4500000.0,77.45,land,,,,58102.0,
SCFBM5,"Thửa 96 - Tờ 29 hẻm đường Lê Thị Dệt, Xã Tân An Hội, H.Củ Chi, TP.HCM",2350000.0,15.05,land,,,,156146.18,
0NVBJ9,"Thửa 67 - Tờ 33 hẻm đường Lê Thị Ngà, Xã Phước Vĩnh An, H.Củ Chi, TP.HCM",6500000.0,14.63,land,,,,444292.55,
QDYSGU,"Thửa 551 - Tờ 26 đường Xuân Thới Sơn 15, Xã Xuân Thới Sơn, H.Hóc Môn, TP.HCM",7800000.0,26.0,land,,,,300000.0,
WG3YHR,"Thửa 1015 - Tờ 34 Ngô Chí Quốc, P.Bình Chiểu, TP.Thủ Đức, TP.HCM",3500000.0,60.76,land,,,,57603.69,
R2Z61J,"Thửa 1049 - tờ 217, 413/92 Lê Văn Quới, P.Bình Trị Đông, Q.Bình Tân, TP.HCM",5850000.0,69.06,land,,,,84708.95,
7CC6RA,"hẻm 918 Hương Lộ 2, P.Bình Trị Đông A, Q.Bình Tân, TP.HCM",5900000.0,118.0,land,,,,50000.0,
AC65GY,"MP 16D ( Thửa 1203 - tờ 67) Hiệp Thành 23, khu phố 2, P.Hiệp Thành, Q.12, TP.HCM",6300000.0,65.83,land,,,,95701.05,
85GDY3,"hẻm 23 đường số 13, P.Linh Xuân, TP.Thủ Đức, TP.HCM",19000000.0,16.07,land,,,,1182327.32,
WP7S8R,"Thửa 676 - tờ 89 hẻm 258 Hồ Học Lãm, P.An Lạc, Q.Bình Tân, TP.HCM",8199999.999999999,51.31,land,,,,159812.9,
37J8KQ,"Thửa 1400 - tờ 5 đường số 89, ấp Cây Da, Xã Tân Phú Trung, H.Củ Chi, TP.HCM",5000000.0,9.99,land,,,,500500.5,
85BVS3,"Thửa 649 - tờ 113 hẻm 113 Linh Xuân, P.Linh Xuân, TP.Thủ Đức, TP.HCM",4550000.0,53.21,land,,,,85510.24,
GX1FG2,"Thửa 180 - tờ 25 Tỉnh Lộ 15, ấp 5, Xã Tân Thạnh Đông, H.Củ Chi, TP.HCM",4560000.0,12.87,land,,,,354312.35,
6S5CD8,"2B21/3 Liên ấp 1-2, Xã Phạm Văn Hai, H.Bình Chánh, TP.HCM",7500000.0,51.97,land,,,,144314.03,
SDYBU5,"Thửa 730 - tờ 26 ấp Chợ, đường số 62, Xã Tân Phú Trung, H.Củ Chi, TP.HCM",2500000.0,15.83,land,,,,157927.98,
WP99QR,"Thửa 814 - tờ 28 đường số 16, ấp Hậu, Xã Tân Thông Hội, H.Củ Chi, TP.HCM",3900000.0,15.55,land,,,,250803.86,
QASAXU,"Thửa 750 - tờ 46 Nguyễn Kim Cương, ấp 6, Xã Tân Thạnh Đông, H.Củ Chi, TP.HCM",2200000.0,18.64,land,,,,118025.75,
85Q5G3,"Thửa 749 - tờ 46 Nguyễn Kim Cương, ấp 6, Xã Tân Thạnh Đông, H.Củ Chi, TP.HCM",2200000.0,14.65,land,,,,150170.65,
W9WA2R,"Thửa 137 - tờ 1 đường Bờ Sông Sài Gòn, Xã Phú Hòa Đông, H.Củ Chi, TP.HCM",3900000.0,3.2,land,,,,1218750.0,
SYQWC5,"Thửa 993 tờ 31, hẻm 111 Đường Tây Lân, P.Bình Trị Đông A, Q.Bình Tân, TP.HCM",4100000.0,70.68,land,,,,58007.92,
9ZJ80P,"Thửa 912 tờ 46 Hẻm 433 Đường Bình Thành, P.Bình Hưng Hoà B, Q.Bình Tân, TP.HCM",3750000.0,60.87,land,,,,61606.7,
JGW1K0,"Thửa 915 tờ 46 Hẻm 433 đường Bình Thành, P.Bình Hưng Hoà B, Q.Bình Tân, TP.HCM",7900000.0,36.71,land,,,,215200.22,
AKHVUY,"276/91/11 Thống Nhất, P.16, Q.Gò Vấp, TP.HCM",16500000.0,75.36,land,,,,218949.04,
3STZ1Q,"218/2 Quốc lộ 22, Xã Tân Thông Hội, H.Củ Chi, TP.HCM",2690000.0,28.77,land,,,,93500.17,
7D2RXA,"hẻm 29 đường Thạnh Lộc 47, P.Thạnh Lộc, Q.12, TP.HCM",3450000.0,0.04,land,,,,86250000.0,
U74P7S,"Thửa 567 - Tờ 2 Trịnh Khắc Lập, Thạnh Mỹ Lợi, TP.Thủ Đức, TP.HCM",4850000.0,0.07,land,,,,69285714.29,
SADHX5,"146/10 Trương Đăng Quế, P.3, Q.Gò Vấp, TP.HCM",14700000.0,99.93,land,,,,147102.97,
S1YU5Y,"30/5 đường 671, P.Tân Phú, TP.Thủ Đức, TP.HCM",13700000.0,24.95,land,,,,549098.2,
1PY96T,"397 Quốc Lộ 13, P.Hiệp Bình Phước, TP.Thủ Đức, TP.HCM",86500000.0,133.48,land,,,,648037.16,
SC0345,"22 Hẻm 87/19 Đường Số 27, P.6, Q.Gò Vấp, TP.HCM",6300000.0,72.08,land,,,,87402.89,
JNGVY0,"Thửa 644 - Tờ 10 hẻm đường Xuân Thới Sơn 35, Xã Xuân Thới Sơn, H.Hóc Môn, TP.HCM",2850000.0,30.64,land,,,,93015.67,
6AUHC8,"Thửa 643 - Tờ 10 hẻm đường Xuân Thới Sơn 35, Xã Xuân Thới Sơn, H.Hóc Môn, TP.HCM",2850000.0,30.94,land,,,,92113.77,
3YY0KQ,"Thửa 532 - Tờ 58 hẻm 499/6 Đường Quang Trung, P.10, Q.Gò Vấp, TP.HCM",7550000.0,92.41,land,,,,81701.11,
ABTZWY,"Thửa 524 - tờ 62 hẻm 26 đường số 12, P.Tam Bình, TP.Thủ Đức, TP.HCM",10900000.0,76.22,land,,,,143007.08,
7CP9UA,"Thửa 1291 - Tờ 195 hẻm đường Xuân Thới Thượng 9, Xã Bà Điểm, H.Hóc Môn, TP.HCM",4250000.0,45.16,land,,,,94109.83,
WG82NR,"Thửa 555 - Tờ 147 hẻm đường Xuân Thới Thượng 03, Xã Bà Điểm, H.Hóc Môn, TP.HCM",3650000.0,30.93,land,,,,118008.41,
QYYT6U,"hẻm 918 đường Hương lộ 2, P.Bình Trị Đông A, Q.Bình Tân, TP.HCM",6500000.0,130.0,land,,,,50000.0,
5H6JM7,"Thửa 416 - tờ 120 hẻm 39/23 Hoàng Bật Đạt, P.15, Q.Tân Bình, TP.HCM",6280000.0,100.48,land,,,,62500.0,
RGAS0J,"Thửa 64 - tờ 29, 16/2T Trung Chánh, ấp Mỹ Hòa 1, Xã Trung Chánh, H.Hóc Môn, TP.HCM",4250000.0,61.59,land,,,,69004.71,
37UXTQ,"Thửa 747 - tờ 31 Nguyễn Thị Đặng, ấp 7, Xã Tân Thạnh Đông, H.Củ Chi, TP.HCM",2500000.0,14.66,land,,,,170532.06,
JG7H30,"Thửa 287 tờ 195, đường số 1, P.7, Q.8, TP.HCM",5300000.0,48.18,land,,,,110004.15,
6URTD8,"Đường Phan Văn Hớn, Xã Bà Điểm, H.Hóc Môn, TP.HCM",5400000.0,53.04,land,,,,101809.95,
7H2VQA,"Thửa 584 tờ 41, Đường Thạnh Xuân 24, P.Thạnh Xuân, Q.12, TP.HCM",4050000.0,59.03,land,,,,68609.18,
Q7RE0U,"Đường Nguyễn Xí, P.13, Q.Bình Thạnh, TP.HCM",10600000.0,86.17,land,,,,123012.65,
Q7K57U,"Thửa 933 - Tờ 11, Đường Thạnh Lộc 29, P.Thạnh Lộc, Q.12, TP.HCM",5980000.0,88.07,land,,,,67900.53,
W9Z74R,"Thửa 14-222 -  tờ 78, đường D14, Phước Long B, Q.9, TP.HCM",10100000.0,90.99,land,,,,111001.21,
GN1YE2,"Thửa 750 tờ 7, đường Thạnh Mỹ Lợi, Thạnh Mỹ Lợi, Q.2, TP.HCM",6000000.0,80.64,land,,,,74404.76,
SA3SV5,"Thửa đất 687 - số 94, đường số 6, Long Bình, Q.9, TP.HCM",40000000.0,40.02,land,,,,999500.25,
AH127Y,"Thửa 2165- Tờ 92, Thạnh Xuân 22, P.Thới An, Q.12, TP.HCM",5700000.0,95.15,land,,,,59905.41,
W0S1NR,"TK 46/7 Đường Võ Văn Kiệt, P.Cầu Kho, Q.1, TP.HCM",8950000.0,237.4,land,,,,37700.08,
8UFER3,"hẻm 60 đường số 4, P.Trường Thọ, TP.Thủ Đức, TP.HCM",3850000.0,0.06,land,,,,64166666.67,
DC269H,"Hẻm 21/8 Lê Công Phép, An Lạc, Q.Bình Tân, TP.HCM",6300000.0,1.16,land,,,,5431034.48,
5BPZB7,"Xã Trường Xuân, H.Thới Lai, TP. Cần Thơ",1870000.0,2.64,land,,,,708333.33,
SY12G5,"Thửa 601 tờ 48, đường Thạnh Xuân 22, P.Thạnh Xuân, Q.12, TP.HCM",3350000.0,52.34,land,,,,64004.59,
35PG3Q,"Thửa 565 tờ 43, đường Hà Huy Giáp, P.Thạnh Xuân, Q.12, TP.HCM",3680000.0,61.43,land,,,,59905.58,
9ZAMXP,"Thửa 660 - tờ 25 hẻm 1870/1 /98 Tỉnh Lộ 10, P.Tân Tạo, Q.Bình Tân, TP.HCM",15500000.0,21.87,land,,,,708733.42,
CFXZAB,"Thửa 671 tờ 253, đường số 18B, P.Bình Hưng Hoà A, Q.Bình Tân, TP.HCM",6800000.0,74.64,land,,,,91103.97,
2XQC9Z,"MPN 62/21 Đường Phú Thọ Hòa, P.Phú Thọ Hòa, Q.Tân Phú, TP.HCM",4800000.0,1.07,land,,,,4485981.31,
ERZ374,"Thửa 886 tờ 12, đường Dương Công Khi, Xã Tân Hiệp, H.Hóc Môn, TP.HCM",27000000.0,47.29,land,,,,570945.23,
4RH8CF,"Thửa 1627 - Tờ 9 Cống Hộp Số 3, P.Thạnh Xuân, Q.12, TP.HCM",6100000.0,40.93,land,,,,149034.94,
8U0CC3,"Đường Dương Đình Hội, P.Phước Long B, TP.Thủ Đức, TP.HCM",12500000.0,60.73,land,,,,205829.08,
JGFSR0,"Thửa 325 tờ 130 (TL-2005 ), đường số 6, P.Bình Hưng Hoà B, Q.Bình Tân, TP.HCM",3000000.0,46.87,land,,,,64006.83,
Q7MP5U,"Thửa 795 tờ 54, đường Trung Lân 4, Xã Bà Điểm, H.Hóc Môn, TP.HCM",4100000.0,55.7,land,,,,73608.62,
7H2UEA,"Thửa 554 tờ 23, Đường Hoàng Phan Thái, Xã Bình Chánh, H.Bình Chánh, TP.HCM",4600000.0,20.47,land,,,,224719.1,
W96V6R,"Thửa 645 - tờ 70, đường Đông Thạnh 7, Xã Đông Thạnh, H.Hóc Môn, TP.HCM",6400000.0,3.98,land,,,,1608040.2,
Q7CRRU,"Thửa 568 - tờ 30, Đường Nguyễn Văn Khối, P.11, Q.Gò Vấp, TP.HCM",9100000.0,113.75,land,,,,80000.0,
RPZD7J,"Thửa 1645 - tờ 129, đường Bùi Thị Lùng, Xã Thới Tam Thôn, H.Hóc Môn, TP.HCM",3500000.0,42.94,land,,,,81509.08,
KEASAC,"Thửa 590 - Tờ 31, đường số 21, P.Long Thạnh Mỹ, TP.Thủ Đức, TP.HCM",5400000.0,53.09,land,,,,101714.07,
CJSTQB,"Thửa 1490 - Tờ 17 đường số 89, Khu dân cư Tân Phú Trung, Xã Tân Phú Trung, H.Củ Chi, TP.HCM",2160000.0,27.06,land,,,,79822.62,
AKZPBY,"Thửa 700-706 tờ 6, Đường Hồ Văn Thắng, Xã Tân Phú Trung, H.Củ Chi, TP.HCM",17500000.0,22.92,land,,,,763525.31,
UAJ4KS,"Một phần nhà số 297 Đường Nơ Trang Long, P.13, Q.Bình Thạnh, TP.HCM",10500000.0,176.17,land,,,,59601.52,
K4BHYC,"Thửa số 517 tờ số 86, đường Thống Nhất, P.16, Q.Gò Vấp, TP.HCM",6650000.0,92.87,land,,,,71605.47,
SAMXT5,"Thửa 612 - Tờ 40 Hẻm 49, đường số 18, P.Linh Trung, TP.Thủ Đức, TP.HCM",14000000.0,49.14,land,,,,284900.28,
7D1VNA,"Thửa 55 - Số 161 (TL-2005) đường số 14, P.Bình Hưng Hoà A, Q.Bình Tân, TP.HCM",4750000.0,54.59,land,,,,87012.27,
927YAP,"Thửa 541-542 - Tờ 18, Đường Nguyễn Duy Trinh, P.Phú Hữu, TP.Thủ Đức, TP.HCM",68000000.0,74.79,land,,,,909212.46,
C0M1FB,"Xã Trường Xuân, H.Thới Lai, TP. Cần Thơ",2500000.0,33.78,land,,,,74008.29,
0XUCB9,"Huyện 17, Xã Trường Xuân, H.Thới Lai, TP. Cần Thơ",3510000.0,3.76,land,,,,933510.64,
JX1W90,"Thửa 538 - Tờ số 5 Song Hành Phạm Văn Đồng và đường Dương Đình Nghệ, P.Linh Xuân, TP.Thủ Đức, TP.HCM",400000000.0,75.47,land,,,,5300119.25,
W92X5R,"Thửa số 531 tờ số 95, đường Đô Đốc Long, P.Tân Quý, Q.Tân Phú, TP.HCM",7850000.0,96.08,land,,,,81702.75,
GTRWQ2,"Thửa 713 - tờ 6, 611/13/4 Lê Văn Thọ, P.14, Q.Gò Vấp, TP.HCM",7160000.0,74.73,land,,,,95811.59,
KRWJFC,"Thửa 38 - tờ 1 Thôn 1, P.Hải Thành, Q.Dương Kinh, TP. Hải Phòng",4500000.0,37.5,land,,,,120000.0,
5KZ5G7,"Thửa 373 - Tờ 11 Tô Vĩnh Diện, P.Long Tuyền, Q.Bình Thuỷ, TP. Cần Thơ",4960000.0,20.0,land,,,,248000.0,
D4NPKH,"Thửa 1082 - Tờ 11 Thích Tịnh Khiết, P.Thuỷ Xuân, Q.Thuận Hóa, TP. Huế",2550000.0,25.47,land,,,,100117.79,
UDV2KS,"Thửa 18A/268A - tờ 3A/10 thôn Lương Quán, P.Nam Sơn, Q.An Dương, TP. Hải Phòng",2590000.0,26.56,land,,,,97515.06,
2VRH5Z,"Thửa 1036 - tờ 12 thôn Hoàng Mai, P.Đồng Thái, Q.An Dương, TP. Hải Phòng",1580000.0,26.33,land,,,,60007.6,
1SJE36,"Thửa 152/6 - tờ 3 thôn 12, Xã Liên Xuân, TP.Thuỷ Nguyên, TP. Hải Phòng",410.0,5.39,land,,,,76.07,
WGSEBR,"Thửa 184 - Tờ 148 Trinh Đường, P.An Khê, Q.Thanh Khê, TP. Đà Nẵng",3550000.0,44.37,land,,,,80009.02,
YB003D,"Thửa 54 - Tờ 40, Số 330 Trường Sơn, Xã Hòa Nhơn, H.Hòa Vang, TP. Đà Nẵng",3500000.0,27.13,land,,,,129008.48,
SC06K5,"7.42857142857143 Bùi Hữu Nghĩa, P.Bình Thủy, Q.Bình Thuỷ, TP. Cần Thơ",2030000.0,9.37,land,,,,216648.88,
9NBFKP,"Thửa 2184 - tờ 9 thôn 11, Xã Liên Xuân, TP.Thuỷ Nguyên, TP. Hải Phòng",330.0,2.01,land,,,,164.18,
QY9ACU,"Thửa 689 - tờ 100-2023 thôn Kiều Hạ 2, P.An Hải, Q.An Dương, TP. Hải Phòng",999.0,3.94,land,,,,253.55,
Y4EBQD,"Thửa 264 - tờ 4 Thôn An Thuận, Xã Hương Toàn, TX.Hương Trà, TP. Huế",499.0,3.94,land,,,,126.65,
A4TNJY,"24 Kiệt 227 (Thửa 384 - tờ 11) Trần Phú, P.Trường An, Q.Thuận Hóa, TP. Huế",1900000.0,24.45,land,,,,77709.61,
SH1NX5,"Thửa 494 - tờ 22 thôn An Thạch, Xã Kiến Thiết, H.Tiên Lãng, TP. Hải Phòng",4080000.0,6.21,land,,,,657004.83,
5KTEM7,"Thửa 189 - tờ 17 Đồi Bé, Xã Thanh Bình, H.Chương Mỹ, TP. Hà Nội",1200000.0,27.9,land,,,,43010.75,
Q76Z5U,"Thửa 959 - tờ 33 và Thửa 960 - tờ 33 đường số 7, Long Trường, Q.9, TP.HCM",3390000.0,59.63,land,,,,56850.58,
Q7YW9U,"Thửa số 518 tờ số 104, đường Liên Ấp 1-2-3, Xã Vĩnh Lộc B, H.Bình Chánh, TP.HCM",13000000.0,6.96,land,,,,1867816.09,
6U5H78,"MPN 334/1 Lê Trọng Tấn, Thửa số 525 tờ số 168, P.Tây Thạnh, Q.Tân Phú, TP.HCM",5000000.0,119.04,land,,,,42002.69,
5DKFK7,"MPN 334/1 Lê Trọng Tấn, Thửa số 523 tờ số 168, P.Tây Thạnh, Q.Tân Phú, TP.HCM",5000000.0,119.04,land,,,,42002.69,
6U5DV8,"MPN 334/1 Lê Trọng Tấn, Thửa số 524 tờ số 168, P.Tây Thạnh, Q.Tân Phú, TP.HCM",5000000.0,119.04,land,,,,42002.69,
UA7NUS,"Thửa 22 tờ số 19, hẻm 481 đường Tân Kỳ Tân Quý, P.Tân Sơn Nhì, Q.Tân Phú, TP.HCM",7980000.0,70.49,land,,,,113207.55,
QAGNWU,"Thửa 8944 - Tờ 1, Đường A1 KDC Long Thịnh, P.Phú Thứ, Q.Cái Răng, TP. Cần Thơ",7800000.0,43.33,land,,,,180013.85,
87NTP3,"Thửa 650 - tờ 35 thôn Hoàng Lâu, P.Hồng Phong, Q.An Dương, TP. Hải Phòng",880.0,14.66,land,,,,60.03,
87NJ43,"Thửa 529 - tờ 8 thôn Kính Trực, Xã Tân Phong, H.Kiến Thuỵ, TP. Hải Phòng",2050000.0,22.77,land,,,,90030.74,
ABUK2Y,"Thửa 199 - tờ 52 Khu Xuân Mai, TT.Xuân Mai, H.Chương Mỹ, TP. Hà Nội",3000000.0,30.0,land,,,,100000.0,
6SZ4W8,"Thửa 235 - tờ 38 TDP Khánh Mỹ, P.Phong Hiền, TX.Phong Điền, TP. Huế",750.0,6.21,land,,,,120.77,
9TGVEP,"Thửa 1097 tờ 16, đường Rạch Nhum, P.Long Tuyền, Q.Bình Thuỷ, TP. Cần Thơ",790.0,17.79,land,,,,44.41,
GMD6M2,"Thửa 2466 - tờ 1 thôn 6, P.Hoàng Lâm, TP.Thuỷ Nguyên, TP. Hải Phòng",1200000.0,15.38,land,,,,78023.41,
WPJTDR,"Thửa 1100 tờ 16, đường Rạch Nhum, P.Long Tuyền, Q.Bình Thuỷ, TP. Cần Thơ",750.0,18.38,land,,,,40.81,
QASK0U,"Thửa 1099 tờ 16, đường Rạch Nhum, P.Long Tuyền, Q.Bình Thuỷ, TP. Cần Thơ",750.0,17.94,land,,,,41.81,
1SJB86,"Thửa 2189 - tờ 7 Thôn 5, Xã Liên Xuân, TP.Thuỷ Nguyên, TP. Hải Phòng",1290000.0,14.17,land,,,,91037.4,
D4MYXH,"Thửa 63 - Tờ B2-27 Nguyễn Văn Tỵ, Xã Hòa Phước, H.Hòa Vang, TP. Đà Nẵng",4200000.0,42.0,land,,,,100000.0,
UDH4AS,"Thửa Lô 10 - tờ KQH Hà Huy Giáp, P.Vỹ Dạ, Q.Thuận Hóa, TP. Huế",7500000.0,50.0,land,,,,150000.0,
YCF3RD,"Thửa 553 tờ 18, Một phần nhà 1053/15 Lê Đức Thọ, P.16, Q.Gò Vấp, TP.HCM",5380000.0,119.55,land,,,,45002.09,
7HE6EA,"Thửa 552 tờ 18, Một phần nhà 1053/15 Lê Đức Thọ, P.16, Q.Gò Vấp, TP.HCM",4850000.0,121.85,land,,,,39803.04,
9ZME2P,"Thửa 551 tờ 18, Một phần nhà 1053/15 Lê Đức Thọ, P.16, Q.Gò Vấp, TP.HCM",5630000.0,115.6,land,,,,48702.42,
PTXSBG,"Thửa đất số 411 - Tờ bản đồ số 13, đường Thoại Ngọc Hầu, P.Phú Thạnh, Q.Tân Phú, TP.HCM",27000000.0,110.79,land,,,,243704.31,
ABXJAY,"Thửa 2434 - tờ 3 thôn Trà Sơn, P.Trần Hưng Đạo, TP.Thuỷ Nguyên, TP. Hải Phòng",920.0,14.48,land,,,,63.54,
QYMNCU,"Thửa 856 - tờ 4 Dân Hạnh, P.An Hải, Q.An Dương, TP. Hải Phòng",3800000.0,34.54,land,,,,110017.37,
WGDC7R,"Thửa (866+866A/1)/B - tờ 1 Thôn 7, P.Hoàng Lâm, TP.Thuỷ Nguyên, TP. Hải Phòng",995.0,16.58,land,,,,60.01,
6551M8,"Thửa 1211 - Tờ 1 KV 5, P.Ba Láng, Q.Cái Răng, TP. Cần Thơ",3390000.0,4.87,land,,,,696098.56,
UDVM3S,"Thửa 440 - tờ 19 Đồng Thái, P.Đồng Thái, Q.An Dương, TP. Hải Phòng",4300000.0,40.95,land,,,,105006.11,
QY5H1U,"Thửa 2036 - Tờ 105, Kiệt DT602, Xã Hòa Ninh, H.Hòa Vang, TP. Đà Nẵng",1650000.0,13.72,land,,,,120262.39,
E96J04,"Thửa 712 - tờ 6 Dương Xuân Hạ, P.Thuỷ Xuân, Q.Thuận Hóa, TP. Huế",3150000.0,37.05,land,,,,85020.24,
8ARX63,"Thửa 431 - tờ 3 TDP Bấc 2, P.Thuỷ Đường, TP.Thuỷ Nguyên, TP. Hải Phòng",2850000.0,40.71,land,,,,70007.37,
DEYE9H,"Thửa 80 - Tờ 08, Ngõ Nam Hưng, P.Nam Hải, Q.Hải An, TP. Hải Phòng",2700000.0,27.0,land,,,,100000.0,
JZBB60,"Thửa 356A9 - tờ 9 Thôn Vĩnh Khê, P.An Đồng, Q.An Dương, TP. Hải Phòng",1580000.0,316.0,land,,,,5000.0,
AC8URY,"Thửa 455 - Tờ 25 Trưng Nữ Vương, P.Thủy Dương, TX.Hương Thủy, TP. Huế",5320000.0,21.69,land,,,,245274.32,
6S5W78,"201 Đồng Kè, P.Hòa Khánh Bắc, Q.Liên Chiểu, TP. Đà Nẵng",6000000.0,42.76,land,,,,140318.05,
KRWR4C,"Thửa 83A - tờ 02 Khu Phú Lộc, P.Hưng Đạo, Q.Dương Kinh, TP. Hải Phòng",1900000.0,20.21,land,,,,94012.86,
J29YR0,"Thửa 2969 - Tờ 7 Tỉnh lộ 932, Xã Nhơn Nghĩa, H.Phong Điền, TP. Cần Thơ",1800000.0,20.0,land,,,,90000.0,
YENB9D,"Thửa 11-N1 - tờ 11 đường An Kim Hải, P.An Hải, Q.An Dương, TP. Hải Phòng",4640000.0,25.77,land,,,,180054.33,
85TAU3,"Thửa 110 - Tờ 15 Máng, P.An Đồng, Q.An Dương, TP. Hải Phòng",5800000.0,5.8,land,,,,1000000.0,
65S2G8,"Thửa 73 - Tờ 52 Lộ Cai Tư, P.Trung Kiên, Q.Thốt Nốt, TP. Cần Thơ",1500000.0,7.75,land,,,,193548.39,
7EP7GA,"15 Quốc lộ 91, P.Trung Kiên, Q.Thốt Nốt, TP. Cần Thơ",363.0,7.56,land,,,,48.02,
8AHBN3,"Vĩnh Lạc, Xã Mỹ Xuyên, H.Mỹ Đức, TP. Hà Nội",1470000.0,7.98,land,,,,184210.53,
0ZCW79,"Thửa 03 lô N1 - Tờ 16 Thôn 5, P.Tân Tiến, Q.An Dương, TP. Hải Phòng",2870000.0,28.7,land,,,,100000.0,
YE71ND,"Thửa 354 - tờ 2 đường Nông Lâm, Xã Phú Cát, H.Quốc Oai, TP. Hà Nội",3000000.0,27.57,land,,,,108813.93,
WG4AXR,"Thửa 356 - tờ 2 đường Nông Lâm, Xã Phú Cát, H.Quốc Oai, TP. Hà Nội",3000000.0,27.24,land,,,,110132.16,
QY82WU,"Thửa 367 - tờ 2 đường Nông Lâm, Xã Phú Cát, H.Quốc Oai, TP. Hà Nội",3000000.0,28.32,land,,,,105932.2,
40N8VF,"10 Khánh An 12, P.Hòa Khánh Nam, Q.Liên Chiểu, TP. Đà Nẵng",3990000.0,45.13,land,,,,88411.26,
AB3MKY,"Thửa 898 - tờ 5 thôn Đồng Rồi, Xã Kiến Hưng, H.Kiến Thuỵ, TP. Hải Phòng",780.0,9.84,land,,,,79.27,
KW6PUC,"Thửa 801 - Tờ 12 Hoàng Quốc Việt, Xã Thủy Thanh, TX.Hương Thủy, TP. Huế",11500000.0,85.88,land,,,,133907.78,
RT371J,"374/2/198 Hẻm 233, P.An Hòa, Q.Ninh Kiều, TP. Cần Thơ",4500000.0,33.33,land,,,,135013.5,
65DJ58,"Thửa 1351 - Tờ 1, Hẻm 54 Hồ Trung Thành, P.Long Hòa, Q.Bình Thuỷ, TP. Cần Thơ",950.0,21.99,land,,,,43.2,
8SVT43,"Thửa 423 - tờ 127 và thửa 41 - tờ 127 Đường Kinh Dương Vương, P.Bình Trị Đông B, Q.Bình Tân, TP.HCM",8300000.000000001,58.28,land,,,,142415.92,
QYH2XU,"Thửa 662 - tờ 47 Rạch Vạn Lịch, P.Trường Lạc, Q.Ô Môn, TP. Cần Thơ",1150000.0,7.66,land,,,,150130.55,
RZ0DEJ,"A7, P.Phú Thứ, Q.Cái Răng, TP. Cần Thơ",2650000.0,26.1,land,,,,101532.57,
0ZZ3H9,"1134 Trường Chinh, P.Hòa Phát, Q.Cẩm Lệ, TP. Đà Nẵng",4150000.000000001,58.69,land,,,,70710.51,
7BCWSA,"Thửa 144 - tờ 62 Tổ dân phố Trung Nghĩa, P.Hợp Đức, Q.Đồ Sơn, TP. Hải Phòng",755.0,17.15,land,,,,44.02,
1SNSF6,"Thửa 833 - tờ 45 Thôn Đông Hạ, Xã Phú Cát, H.Quốc Oai, TP. Hà Nội",1980000.0,19.86,land,,,,99697.89,
QHR23U,"48b Trần Chiên, P.Lê Bình, Q.Cái Răng, TP. Cần Thơ",12400000.0,41.75,land,,,,297005.99,
7K450A,"Thửa 689 - Tờ 16 hẻm đường Bông Vang, P.Long Tuyền, Q.Bình Thuỷ, TP. Cần Thơ",950.0,4.75,land,,,,200.0,
DE444H,"43 Lê Ninh, P.An Hải Bắc, Q.Sơn Trà, TP. Đà Nẵng",12900000.0,145.92,land,,,,88404.61,
GMN7R2,"Thửa 228 - Tờ 17 Bờ Đằm 6, Xã Hòa Phước, H.Hòa Vang, TP. Đà Nẵng",3450000.0,34.5,land,,,,100000.0,
SKP3H5,"Thửa 4835 - tờ 2 Thôn Quản, P.Thuỷ Đường, TP.Thuỷ Nguyên, TP. Hải Phòng",3100000.0,50.0,land,,,,62000.0,
SDN4J5,"Thửa 52 - Tờ 223 Trà Khê 1, P.Anh Dũng, Q.Dương Kinh, TP. Hải Phòng",2990000.0,23.0,land,,,,130000.0,
9TT34P,"Lô D-20 Nguyễn Lộ Trạch, P.Hòa Cường Nam, Q.Hải Châu, TP. Đà Nẵng",13000000.0,130.0,land,,,,100000.0,
GXJ6R2,"Thửa 37 - Tờ 49 thôn Xuân Thụy, Xã Kiêu Kỵ, H.Gia Lâm, TP. Hà Nội",5500000.0,86.88,land,,,,63305.71,
GM9KM2,"Thửa 365 - tờ 101 thôn 2, Xã Phú Cát, H.Quốc Oai, TP. Hà Nội",3850000.0,38.5,land,,,,100000.0,
PX615G,"Thửa 638 - Tờ 8 Ấp Mỹ Hòa, Xã Mỹ Khánh, H.Phong Điền, TP. Cần Thơ",730.0,6.95,land,,,,105.04,
5K8UK7,"Thửa 874 - tờ 45 thôn Đông Hạ, Xã Phú Cát, H.Quốc Oai, TP. Hà Nội",1980000.0,19.86,land,,,,99697.89,
6AH3M8,"Thửa 304 - tờ 15 Nguyễn Sinh Cung nối dài, P.Phú Thượng, Q.Thuận Hóa, TP. Huế",2000000.0,20.4,land,,,,98039.22,
8AAJU3,"Thửa 801 - tờ 13 Xóm Thượng Hiền, Xã Hà Hồi, H.Thường Tín, TP. Hà Nội",4600000.0,92.0,land,,,,50000.0,
EJ2RZ4,"19/24 ( Thửa 309 - Tờ 61) Hồ Tùng Mậu, P.Cái Khế, Q.Ninh Kiều, TP. Cần Thơ",3800000.0,54.28,land,,,,70007.37,
85N0B3,"Thửa 431 - Tờ 57 DH8, Xã Hòa Khương, H.Hòa Vang, TP. Đà Nẵng",1330000.0,11.08,land,,,,120036.1,
EJJRV4,"Thửa 268 - Tờ 157 Phùng Hưng, P.Hòa Minh, Q.Liên Chiểu, TP. Đà Nẵng",15500000.0,100.0,land,,,,155000.0,
6SFC18,"Thửa 1590 - Tờ 2 Quốc Lộ 1A, P.Ba Láng, Q.Cái Răng, TP. Cần Thơ",5900000.0,14.0,land,,,,421428.57,
2VR04Z,"Thửa 370- tờ 4 Thôn Quỳnh Hoàng, P.Nam Sơn, Q.An Dương, TP. Hải Phòng",1250000.0,22.93,land,,,,54513.74,
6ST748,"Thửa 679 - Tờ 32 Thôn Kiều Hạ 2, P.An Hải, Q.An Dương, TP. Hải Phòng",890.0,14.12,land,,,,63.03,
KWXAZC,"Thửa 656 - tờ 17 thôn Cư An, Xã Tam Đồng, H.Mê Linh, TP. Hà Nội",2500000.0,45.95,land,,,,54406.96,
WPXY4R,"Thửa 98 - Tờ 24 Tôn Đản, P.Hòa Thọ Tây, Q.Cẩm Lệ, TP. Đà Nẵng",4300000.0,53.41,land,,,,80509.27,
6S57X8,"116 Thâm Tâm, P.Hoà Quý, Q.Ngũ Hành Sơn, TP. Đà Nẵng",5000000.0,50.0,land,,,,100000.0,
1SZTA6,"Thửa 46 - tờ 14 thôn Cái Tắt, P.An Đồng, Q.An Dương, TP. Hải Phòng",3750000.0,37.5,land,,,,100000.0,
2V3Y0Z,"Thửa 706 - Tờ 12 An Hạ 1, Xã An Thượng, H.Hoài Đức, TP. Hà Nội",3350000.0,100.0,land,,,,33500.0,
37HWSQ,"47 Nhất Chi Mai, P.Hòa Thọ Đông, Q.Cẩm Lệ, TP. Đà Nẵng",5950000.0,59.5,land,,,,100000.0,
8AV4D3,"Thửa 370 - Tờ 11 K457 Hà Huy Tập, P.An Khê, Q.Thanh Khê, TP. Đà Nẵng",3250000.0,60.52,land,,,,53701.26,
KWV2AC,"Thửa 429 - tờ 26 Đội 2, thôn Việt Yên, Xã Phú Cát, H.Quốc Oai, TP. Hà Nội",1700000.0,14.55,land,,,,116838.49,
87JAK3,"Thửa 21A - Tờ 14 Hà Xá, Xã Đại Hưng, H.Mỹ Đức, TP. Hà Nội",5200000.0,55.31,land,,,,94015.55,
7K8VNA,"Thửa 874 - Tờ B2-38, Số 38 Kiều Sơn Đen, P.Hòa Xuân, Q.Cẩm Lệ, TP. Đà Nẵng",5000000.0,50.0,land,,,,100000.0,
1U5886,"74 Nguyễn Chánh, P.Hòa Khánh Bắc, Q.Liên Chiểu, TP. Đà Nẵng",18600000.0,66.93,land,,,,277902.29,
3A62NQ,"Thửa 487 - tờ 118 đường DH09, Xã Hòa Thạch, H.Quốc Oai, TP. Hà Nội",3700000.0,33.57,land,,,,110217.46,
GMH9W2,"Thửa 37.5 - Tờ 02 Đội 4A, P.Dương Quan, TP.Thuỷ Nguyên, TP. Hải Phòng",1980000.0,9.74,land,,,,203285.42,
SDXAY5,"Thửa 401 - Tờ 25, Kiệt 76 Phùng Lưu, P.Thủy Dương, TX.Hương Thủy, TP. Huế",1470000.0,21.87,land,,,,67215.36,
5K8QC7,"Thửa 151 - tờ 10 thôn Hòa Trúc, Xã Hòa Thạch, H.Quốc Oai, TP. Hà Nội",1350000.0,13.5,land,,,,100000.0,
JZ5GW0,"Thửa 517C - tờ 02 đường Liên Thôn, P.Hoa Động, TP.Thuỷ Nguyên, TP. Hải Phòng",1970000.0,17.95,land,,,,109749.3,
AB4V8Y,"Thửa 1610 - Tờ 13 hẻm đường Võ Văn Kiệt, P.Long Hòa, Q.Bình Thuỷ, TP. Cần Thơ",680.0,11.35,land,,,,59.91,
5H6Z87,"Thửa 410 - Tờ 57 DH8, Xã Hòa Khương, H.Hòa Vang, TP. Đà Nẵng",1330000.0,10.97,land,,,,121239.74,
UYKMJS,"Thửa 543 - Tờ 112, Kiệt 584 Tôn Đản, P.Hòa An, Q.Cẩm Lệ, TP. Đà Nẵng",3600000.0,41.28,land,,,,87209.3,
5D5XM7,"Thửa 720 - Tờ 15 đường số 8, P.Hưng Thạnh, Q.Cái Răng, TP. Cần Thơ",5300000.0,45.88,land,,,,115518.74,
2M6PQZ,"121 Bùi Hiển, P.Hòa An, Q.Cẩm Lệ, TP. Đà Nẵng",6250000.0,62.5,land,,,,100000.0,
YF21KD,"Hẻm Lò Mổ, P.An Khánh, Q.Ninh Kiều, TP. Cần Thơ",7900000.0,62.4,land,,,,126602.56,
3ATM3Q,"Lô 9 - tờ TĐC 4 Khu TĐC Gia Minh, Xã Bạch Đằng, TP.Thuỷ Nguyên, TP. Hải Phòng",2200000.0,12.22,land,,,,180032.73,
SYSVG5,"Thửa 789 - Tờ 110, Kiệt 96 Điện Biên Phủ, P.Chính Gián, Q.Thanh Khê, TP. Đà Nẵng",5100000.0,74.56,land,,,,68401.29,
650KJ8,"Thửa 81 - tờ 207-2023 thôn Vĩnh Khê, P.An Đồng, Q.An Dương, TP. Hải Phòng",2600000.0,25.49,land,,,,102000.78,
GXBY82,"Thửa 655.1b - Tờ 03 Thôn Phong Cầu, Xã Đại Đồng, H.Kiến Thuỵ, TP. Hải Phòng",2050000.0,23.03,land,,,,89014.33,
DEV6WH,"Thửa 331 - Tờ 16, Kiệt 153 Tôn Đản, P.Hòa An, Q.Cẩm Lệ, TP. Đà Nẵng",4150000.000000001,49.11,land,,,,84504.17,
JZBUP0,"Thửa 9 - tờ 7 thôn Lê Sáng, P.An Hồng, Q.Hồng Bàng, TP. Hải Phòng",2390000.0,23.99,land,,,,99624.84,
7C1QYA,"Thửa 491B - tờ 03 Thôn 03, Xã Quang Trung, TP.Thuỷ Nguyên, TP. Hải Phòng",1090000.0,14.76,land,,,,73848.24,
9TDCHP,"Thửa 825 - Tờ 10 Thôn Mục Uyên 2, Xã Tân Xã, H.Thạch Thất, TP. Hà Nội",3770000.0,49.6,land,,,,76008.06,
5HBQM7,"Lô 467-B2-10 Hòa Phú 10, P.Hòa Minh, Q.Liên Chiểu, TP. Đà Nẵng",4950000.0,58.23,land,,,,85007.73,
7K81XA,"Thửa 420 - Tờ 41, Số 03 Hàn Thuyên, P.Hòa Cường Bắc, Q.Hải Châu, TP. Đà Nẵng",12500000.0,141.4,land,,,,88401.7,
850WW3,"Thửa 298 - Tờ 46, Số 44 Hòa An 24, P.Hòa An, Q.Cẩm Lệ, TP. Đà Nẵng",5250000.0,52.5,land,,,,100000.0,
SC9YJ5,"29 Tại thôn Xoan, Xã Vân Hòa, H.Ba Vì, TP. Hà Nội",1400000.0,12.72,land,,,,110062.89,
5K6NU7,"Thửa 1239 - tờ 07 thôn Lâm Cao, Xã Tự Cường, H.Tiên Lãng, TP. Hải Phòng",1460000.0,15.97,land,,,,91421.42,
UYT0HS,"Thửa 305 - Tờ 133 Nguyễn Bính, P.Hòa Minh, Q.Liên Chiểu, TP. Đà Nẵng",5590000.0,53.23,land,,,,105015.97,
2MUBPZ,"566 Văn Tiến Dũng, P.Hòa Xuân, Q.Cẩm Lệ, TP. Đà Nẵng",6000000.0,60.0,land,,,,100000.0,
5HB1Z7,"Thửa 544 - Tờ 112, Kiệt 584 Tôn Đản, P.Hòa An, Q.Cẩm Lệ, TP. Đà Nẵng",3600000.0,37.03,land,,,,97218.47,
3A0R8Q,"Thửa 753 - tờ 45 Đội 4, thôn Đông Hạ, Xã Đông Yên, H.Quốc Oai, TP. Hà Nội",1950000.0,19.69,land,,,,99035.04,
1UVQH6,"Thửa 264 - Tờ 96 Đồng Văn Cống, P.An Thới, Q.Bình Thuỷ, TP. Cần Thơ",14000000.0,54.2,land,,,,258302.58,
UYHZFS,"Thửa 345 - Tờ 178, Kiệt 268 Tô Hiệu, P.Hòa Minh, Q.Liên Chiểu, TP. Đà Nẵng",3750000.0,49.08,land,,,,76405.87,
7KBXRA,"Thửa 346 - Tờ 178, Kiệt 268 Tô Hiệu, P.Hòa Minh, Q.Liên Chiểu, TP. Đà Nẵng",3750000.0,48.76,land,,,,76907.3,
85APQ3,"Thửa 347 - Tờ 178, Kiệt 268 Tô Hiệu, P.Hòa Minh, Q.Liên Chiểu, TP. Đà Nẵng",3750000.0,48.44,land,,,,77415.36,
JZ28Y0,"Thửa L3 - tờ 17 Nguyễn Đăng Sở, P.Phú Bài, TX.Hương Thủy, TP. Huế",2030000.0,10.15,land,,,,200000.0,
5HX5W7,"Thửa 277 - Tờ 24 Nguyễn Cửu Vân, P.Thủy Vân, Q.Thuận Hóa, TP. Huế",2700000.0,27.02,land,,,,99925.98,
AC08XY,"Lô 472 - Tờ 5 Bàu Cầu 26, Xã Hòa Châu, H.Hòa Vang, TP. Đà Nẵng",4050000.0,43.78,land,,,,92507.99,
6SK9C8,"226 Phan Khôi, P.Hòa Xuân, Q.Cẩm Lệ, TP. Đà Nẵng",4750000.0,47.5,land,,,,100000.0,
QAKXVU,"K33/H2/10 Nam Cao, P.Hòa Hiệp Nam, Q.Liên Chiểu, TP. Đà Nẵng",6300000.0,29.68,land,,,,212264.15,
QAT75U,"Thửa 722 - Tờ 21 Phạm Văn Đồng, P.Phú Thượng, Q.Thuận Hóa, TP. Huế",3600000.0,12.0,land,,,,300000.0,
KWJYQC,"Thửa 1050 - Tờ 1 Thôn Thái Lai, Xã Tân Phong, H.Kiến Thuỵ, TP. Hải Phòng",1400000.0,14.09,land,,,,99361.25,
5HDDA7,"Thửa 368 - Tờ 11 K457/10 Hà Huy Tập, P.An Khê, Q.Thanh Khê, TP. Đà Nẵng",3250000.0,60.4,land,,,,53807.95,
QABVDU,"Thửa 201 - Tờ 7, Kiệt 108/126 Nguyễn Chánh, P.Hòa Minh, Q.Liên Chiểu, TP. Đà Nẵng",3200000.0,39.6,land,,,,80808.08,
CR7QYB,"Thửa 13 - TĐ 01-2022 thôn Đại Đồng, P.Đại Bản, Q.Hồng Bàng, TP. Hải Phòng",2200000.0,23.68,land,,,,92905.41,
5HRZE7,"Lô 230 Khu E Hòa Phú 29, P.Hòa Minh, Q.Liên Chiểu, TP. Đà Nẵng",8000000.0,80.0,land,,,,100000.0,
UYRT2S,"Thửa 210 - Tờ 85 Phạm Văn Ngôn, P.Hòa Khánh Bắc, Q.Liên Chiểu, TP. Đà Nẵng",6000000.0,53.33,land,,,,112507.03,
8794W3,"Thửa 4-N1 - tờ 3 Khu đấu giá Bái Ngoài, P.Hoa Động, TP.Thuỷ Nguyên, TP. Hải Phòng",4080000.0,52.3,land,,,,78011.47,
SCECV5,"Thửa 80 - tờ 69 Trần Nguyên Đán, P.Hòa Minh, Q.Liên Chiểu, TP. Đà Nẵng",8250000.0,87.11,land,,,,94707.84,
3A0YGQ,"Thửa 218/1A - tờ 01 thôn Sú 2, P.Hoàng Lâm, TP.Thuỷ Nguyên, TP. Hải Phòng",2950000.0,33.52,land,,,,88007.16,
QANMNU,"Thửa 299 - Tờ 49 Hữu Hòa, Xã Tả Thanh Oai, H.Thanh Trì, TP. Hà Nội",9800000.0,82.28,land,,,,119105.49,
QYASKU,"Thửa 3409 - tờ 4 đường B15, KDC Tân Phú, P.Tân Phú, Q.Cái Răng, TP. Cần Thơ",1700000.0,21.25,land,,,,80000.0,
YBH24D,"K160/10/1 Lê Trọng Tấn, P.Hòa Phát, Q.Cẩm Lệ, TP. Đà Nẵng",3350000.0,38.77,land,,,,86407.02,
85TNG3,"Thửa 230 - Tờ 62, Ngõ 60 Hòa Nghĩa, P.Hoà Nghĩa, Q.Dương Kinh, TP. Hải Phòng",1680000.0,19.76,land,,,,85020.24,
D4W75H,"Thửa 769 - Tờ 1 Thôn Đức Phong, Xã Đại Đồng, H.Kiến Thuỵ, TP. Hải Phòng",1650000.0,27.5,land,,,,60000.0,
EPH824,"Rạch Đìa Muồng, Xã Trường Long, H.Phong Điền, TP. Cần Thơ",460.0,2.94,land,,,,156.46,
6S64H8,"đường A3, P.Tân Phú, Q.Cái Răng, TP. Cần Thơ",2200000.0,22.0,land,,,,100000.0,
KRWPJC,"Thửa 299 - tờ 22 thôn Vạn Phúc, Xã Vạn Tín, H.Mỹ Đức, TP. Hà Nội",2380000.0,34.94,land,,,,68116.77,
9NWA1P,"Thửa 118 - tờ 99, N3-17 Lô N3 Khu TDC Anh Dũng 5, P.Hưng Đạo, Q.Dương Kinh, TP. Hải Phòng",5000000.0,54.05,land,,,,92506.94,
5K81Y7,"Thửa 190 - tờ 44 Tổ dân phố Quang Trung, P.Minh Đức, Q.Đồ Sơn, TP. Hải Phòng",999.0,18.0,land,,,,55.5,
1UK2R6,"Thửa 3 - Tờ 31 Hà Huy Giáp, TT.Cờ Đỏ, H.Cờ Đỏ, TP. Cần Thơ",9000000.0,4.43,land,,,,2031602.71,
171WN6,"Thửa 704 - tờ 4 hẻm đường Nguyễn Văn Linh, P.Long Tuyền, Q.Bình Thuỷ, TP. Cần Thơ",820.0,11.09,land,,,,73.94,
JTTY40,"Thửa 366 - tờ 58 Tổ dân phố 2B, P.Hải Thành, Q.Dương Kinh, TP. Hải Phòng",2190000.0,14.06,land,,,,155761.02,
W9FDNR,"Thửa 442 - Tờ 42 Hẻm 2 Đường Bùi Hữu Nghĩa, P.Bình Thủy, Q.Bình Thuỷ, TP. Cần Thơ",1890000.0,21.45,land,,,,88111.89,
SHECV5,"Thửa 1506 - Tờ 3 KV Bình Dương A, P.Long Tuyền, Q.Bình Thuỷ, TP. Cần Thơ",1590000.0,12.6,land,,,,126190.48,
AB6QJY,"Thửa 224/2 - tờ 07 thôn 2, Xã Quang Trung, TP.Thuỷ Nguyên, TP. Hải Phòng",1700000.0,27.41,land,,,,62021.16,
7KK43A,"Lô B1-25 Đá Bàn 5, Xã Hòa Châu, H.Hòa Vang, TP. Đà Nẵng",3300000.0,27.5,land,,,,120000.0,
6779K8,"Thửa 282 - tờ 62 Tổ dân phố số 3, P.Hải Thành, Q.Dương Kinh, TP. Hải Phòng",2950000.0,32.77,land,,,,90021.36,
0NWSG9,"Thửa 369 - Tờ 11 K457/10 Hà Huy Tập, P.An Khê, Q.Thanh Khê, TP. Đà Nẵng",3250000.0,61.09,land,,,,53200.2,
KRWWEC,"Thửa 225 - tờ 57 Tổ dân phố số 9, P.Hưng Đạo, Q.Dương Kinh, TP. Hải Phòng",1950000.0,31.1,land,,,,62700.96,
QA77BU,"Thửa 91 - Tờ 265 Trung Lập 15, P.Hòa Hiệp Nam, Q.Liên Chiểu, TP. Đà Nẵng",3600000.0,36.0,land,,,,100000.0,
GXMV72,"Thửa 264 - Tờ B7 Hòa Minh 28, P.Hòa Minh, Q.Liên Chiểu, TP. Đà Nẵng",6500000.0,59.9,land,,,,108514.19,
KF40WC,"Thửa 165A-A8 - Tờ VT Bàu Mạc 23, P.Hòa Khánh Bắc, Q.Liên Chiểu, TP. Đà Nẵng",12500000.0,66.66,land,,,,187518.75,
6S3HK8,"Thửa 1063 - Tờ 18 đường D4, KDC Hồng Loan, P.Hưng Thạnh, Q.Cái Răng, TP. Cần Thơ",3190000.0,39.87,land,,,,80010.03,
UDYHJS,"723 (Thửa 339 - Tờ 198) Văn Tiến Dũng, P.Hòa Xuân, Q.Cẩm Lệ, TP. Đà Nẵng",6650000.0,66.5,land,,,,100000.0,
RGFW2J,"Thửa 106 - Tờ 10 Thôn Phong Nam, Xã Hòa Châu, H.Hòa Vang, TP. Đà Nẵng",2350000.0,23.73,land,,,,99030.76,
QDYDXU,"Thửa 317 - tờ 30 Tổ dân phố 1B, P.Hải Thành, Q.Dương Kinh, TP. Hải Phòng",1390000.0,34.49,land,,,,40301.54,
QYCJ8U,"Thửa 846 - Tờ 9 Nguyễn Viết Xuân, P.Thới An Đông, Q.Bình Thuỷ, TP. Cần Thơ",1950000.0,83.69,land,,,,23300.27,
YECSND,"Thửa 05 - Tờ B2.5 Trần Nhân Tông, P.Mân Thái, Q.Sơn Trà, TP. Đà Nẵng",10800000.0,117.39,land,,,,92001.02,
87QXE3,"Thửa 488 - Tờ 52 Thôn Gò Hà, Xã Hòa Khương, H.Hòa Vang, TP. Đà Nẵng",1860000.0,15.36,land,,,,121093.75,
1UEZF6,"Thửa 141 - Tờ 405 Trung Lập 8, P.Hòa Hiệp Nam, Q.Liên Chiểu, TP. Đà Nẵng",3700000.0,37.0,land,,,,100000.0,
7EGH0A,"Phố Tô Hiến Thành, P.Đồng Mai, Q.Hà Đông, TP. Hà Nội",1400000.0,28.34,land,,,,49400.14,
353GRQ,"Thửa 2384 - Tờ 15 hẻm Đường Nguyễn Thị Tạo, P.Long Hòa, Q.Bình Thuỷ, TP. Cần Thơ",450.0,9.0,land,,,,50.0,
2VKP2Z,"Thửa 140B2 - Tờ 02 Thôn Hầu, P.Hoàng Lâm, TP.Thuỷ Nguyên, TP. Hải Phòng",3400000.0,22.1,land,,,,153846.15,
0ZCBQ9,"54 Mộc Bài 8, P.Hòa Minh, Q.Liên Chiểu, TP. Đà Nẵng",4800000.0,53.33,land,,,,90005.63,
1SWUZ6,"Khu đô thị mới Sở Dầu, P.Sở Dầu, Q.Hồng Bàng, TP. Hải Phòng",9000000.0,90.0,land,,,,100000.0,
SHGKR5,"Thửa 1543(8) - tờ 03 thôn 1, P.Thiên Hương, TP.Thuỷ Nguyên, TP. Hải Phòng",1080000.0,18.0,land,,,,60000.0,
6S40A8,"1093 Nguyễn Tất Thành, P.Xuân Hà, Q.Thanh Khê, TP. Đà Nẵng",13800000.0,110.4,land,,,,125000.0,
0MN3C9,"Hồ Xuân Hương, P.Khuê Mỹ, Q.Ngũ Hành Sơn, TP. Đà Nẵng",500000000.0,127.32,land,,,,3927112.79,
UY0KZS,"Thửa 449 - Tờ 47 Thôn Phú Thượng, Xã Hòa Sơn, H.Hòa Vang, TP. Đà Nẵng",1350000.0,11.25,land,,,,120000.0,
KF6XYC,"Thửa 163 - Tờ 429 Nguyễn Thành Long, P.Hòa Hiệp Nam, Q.Liên Chiểu, TP. Đà Nẵng",4300000.0,43.0,land,,,,100000.0,
YBHJHD,"Thửa 2404 - Tờ 5 Cặp Rạch Ông Kinh, P.Long Tuyền, Q.Bình Thuỷ, TP. Cần Thơ",1450000.0,18.33,land,,,,79105.29,
UDV1US,"Thửa 66 7- tờ 85-2024 Tổ dân phố 7, P.Lê Lợi, Q.An Dương, TP. Hải Phòng",1100000.0,8.35,land,,,,131736.53,
6559K8,"Thửa 943 - Tờ 1 Khu vực Bình Dương A, P.Long Tuyền, Q.Bình Thuỷ, TP. Cần Thơ",410.0,2.6,land,,,,157.69,
PXZXDG,"Thửa 203 - Tờ 35 Dương Sơn 4, Xã Hòa Châu, H.Hòa Vang, TP. Đà Nẵng",3650000.0,28.78,land,,,,126824.18,
5HEWH7,"24 Hòa Phú 5, P.Hòa Minh, Q.Liên Chiểu, TP. Đà Nẵng",5600000.0,70.0,land,,,,80000.0,
6A4PS8,"44 Trần Hưng Đạo, P.Thới Bình, Q.Ninh Kiều, TP. Cần Thơ",2700000.0,39.7,land,,,,68010.08,
WGB5XR,"TDP Trung Nghĩa 2, P.Hợp Đức, Q.Đồ Sơn, TP. Hải Phòng",2150000.0,19.59,land,,,,109749.87,
85FN83,"Lô 1359 - Khu B2-38 Trung Lập 5, P.Hòa Hiệp Nam, Q.Liên Chiểu, TP. Đà Nẵng",3900000.0,39.0,land,,,,100000.0,
QAPKQU,"Thửa 102 - Tờ 5 Cao Bá Quát, P.An Hải Nam, Q.Sơn Trà, TP. Đà Nẵng",13500000.0,150.0,land,,,,90000.0,
QA03NU,"Thửa 166 - Tờ 75 Hồ Sĩ Dương, P.Hòa Phát, Q.Cẩm Lệ, TP. Đà Nẵng",4350000.0,53.97,land,,,,80600.33,
37J7WQ,"Thửa 113 - Tờ 138 Ban Ban 11, P.Hoà Quý, Q.Ngũ Hành Sơn, TP. Đà Nẵng",4050000.0,40.5,land,,,,100000.0,
6SWHX8,"Thửa 118 - Tờ 21 Hố Truông 1, P.Hòa Minh, Q.Liên Chiểu, TP. Đà Nẵng",5100000.0,57.62,land,,,,88510.93,
YBZTQD,"Thửa 255 - Tờ 25 Bàu Mạc 21, P.Hòa Khánh Bắc, Q.Liên Chiểu, TP. Đà Nẵng",5350000.0,53.5,land,,,,100000.0,
40SUGF,"Thửa 896 - tờ 14 đường Bùi Hữu Nghĩa, P.Long Tuyền, Q.Bình Thuỷ, TP. Cần Thơ",2290000.0,13.87,land,,,,165104.54,
WGN3HR,"Thôn 351 - Tờ 9 Thôn Tam Cảnh, Xã Hạ Bằng, H.Thạch Thất, TP. Hà Nội",2900000.0,28.37,land,,,,102220.66,
QAGTXU,"Thửa 227 - Tờ 132 Văn Tiến Dũng, P.Hòa Xuân, Q.Cẩm Lệ, TP. Đà Nẵng",8800000.0,71.83,land,,,,122511.49,
3AJ7RQ,"Khu đất dịch vụ (khu25,2ha), Xã Vân Canh, H.Hoài Đức, TP. Hà Nội",11500000.0,191.66,land,,,,60002.09,
6SE0Y8,"Thửa 93 - Tờ 69 Trần Triệu Luật, P.Hòa Minh, Q.Liên Chiểu, TP. Đà Nẵng",8199999.999999999,82.0,land,,,,100000.0,
AEBFPY,"Thửa 556 - tờ 85 Hòa Bình, tổ 16, P.Yên Nghĩa, Q.Hà Đông, TP. Hà Nội",2950000.0,67.35,land,,,,43801.04,
UYX3AS,"Thửa 105 - Tờ 95, Ngõ 78 Phạm Gia Mô, P.Hưng Đạo, Q.Dương Kinh, TP. Hải Phòng",2900000.0,26.85,land,,,,108007.45,
6SKEV8,"Thửa 72 - Tờ 66 Hòa Phú 16, P.Hòa Minh, Q.Liên Chiểu, TP. Đà Nẵng",5600000.0,62.22,land,,,,90003.21,
SKHH15,"Thửa 49 - tờ 47 Tổ dân phố 15, P.Hưng Đạo, Q.Dương Kinh, TP. Hải Phòng",2460000.0,35.14,land,,,,70005.69,
9TEDQP,"Thửa 32 - Tờ 108 Bình Kỳ, P.Hoà Quý, Q.Ngũ Hành Sơn, TP. Đà Nẵng",4350000.0,54.3,land,,,,80110.5,
UY0W1S,"Thửa 317 - Tờ 284 Thôn Dương Sơn, Xã Hòa Châu, H.Hòa Vang, TP. Đà Nẵng",2750000.0,18.33,land,,,,150027.28,
R2CHPJ,"Thửa Lô 05-LK6 - tờ 2 Tổ dân phố 7, P.Hoà Bình, TP.Thuỷ Nguyên, TP. Hải Phòng",7800000.0,48.87,land,,,,159607.12,
WP5Q6R,"Thửa 249 - Tờ 622, Kiệt 75 Khái Tây 1, P.Hoà Quý, Q.Ngũ Hành Sơn, TP. Đà Nẵng",2950000.0,29.5,land,,,,100000.0,
EJAV94,"Thửa 503 - Tờ 107 Thôn Phú Sơn 1, Xã Hòa Khương, H.Hòa Vang, TP. Đà Nẵng",1000000.0,8.32,land,,,,120192.31,
EJTUY4,"209 Nguyễn Hồng Ánh, Xã Hòa Châu, H.Hòa Vang, TP. Đà Nẵng",5500000.0,57.89,land,,,,95007.77,
7C81QA,"Thửa 4 - tờ 354-2026 Tổ dân phố Kiều Hạ 2, P.An Hải, Q.An Dương, TP. Hải Phòng",1280000.0,6.2,land,,,,206451.61,
WPA1TR,"Thửa 723 - Tờ 13, Số 81 Phan Văn Đáng, Xã Hòa Châu, H.Hòa Vang, TP. Đà Nẵng",5900000.0,49.16,land,,,,120016.27,
RGK5WJ,"Thửa 1445+1446 - Tờ 68 Nguyễn Viết Xuân, P.Bình Thủy, Q.Bình Thuỷ, TP. Cần Thơ",2600000.0,10.55,land,,,,246445.5,
KFM7PC,"Thửa 547 - Tờ 108, Kiệt 304 Điện Biên Phủ, P.Chính Gián, Q.Thanh Khê, TP. Đà Nẵng",4900000.0,70.8,land,,,,69209.04,
DEJU6H,"Lô 3 - B1.43 Thanh Lương 17, P.Hòa Xuân, Q.Cẩm Lệ, TP. Đà Nẵng",6350000.0,63.5,land,,,,100000.0,
5HVP67,"Thửa 410 - Tờ 120 Thôn Phú Sơn Nam, Xã Hòa Khương, H.Hòa Vang, TP. Đà Nẵng",990.0,7.32,land,,,,135.25,
UHDK0S,"Thửa 430 - tờ 20 Thôn Hoa Đường, Xã Trường Thịnh, H.Ứng Hòa, TP. Hà Nội",3700000.0,41.06,land,,,,90112.03,
GX08R2,"Thửa 387 - tờ 56 Khu vực Trường Hòa, P.Trường Lạc, Q.Ô Môn, TP. Cần Thơ",590.0,5.27,land,,,,111.95,
7KY6NA,"Thửa 928 - Tờ 85 hẻm Lò Mổ (Hoa Viên Thành Đạt), P.An Khánh, Q.Ninh Kiều, TP. Cần Thơ",6000000.0,60.72,land,,,,98814.23,
SDV0J5,"Thửa 314 - Tờ 610 Khái Tây 1, P.Hoà Quý, Q.Ngũ Hành Sơn, TP. Đà Nẵng",2950000.0,31.25,land,,,,94400.0,
R2E8HJ,"đường Phạm Văn Đồng, P.Tân Thành, Q.Dương Kinh, TP. Hải Phòng",3700000.0,56.06,land,,,,66000.71,
375GJQ,"Thửa 1860-Tờ 7 đường số 4, KDC Nam Long, P.Hưng Thạnh, Q.Cái Răng, TP. Cần Thơ",3750000.0,46.99,land,,,,79804.21,
QYPNJU,"Thửa 2569 - Tờ 4 Thôn Đồng Giá, P.Thiên Hương, TP.Thuỷ Nguyên, TP. Hải Phòng",1390000.0,23.31,land,,,,59631.06,
37CMEQ,"106 Đặng Vũ Hỷ, P.An Hải Nam, Q.Sơn Trà, TP. Đà Nẵng",16500000.0,184.56,land,,,,89401.82,
7CQYHA,"Đội 3 - Thôn Đông Hạ, Xã Phú Cát, H.Quốc Oai, TP. Hà Nội",1950000.0,19.5,land,,,,100000.0,
6SHGA8,"Thửa 171 - Tờ 241, 45 Đồng Trí 4, P.Hòa Khánh Nam, Q.Liên Chiểu, TP. Đà Nẵng",4500000.0,50.0,land,,,,90000.0,
GXFK82,"Thửa 2342 - Tờ 12 Tô Vĩnh Diện, P.Long Tuyền, Q.Bình Thuỷ, TP. Cần Thơ",2180000.0,31.18,land,,,,69916.61,
YEQQQD,"Thửa 441 - tờ 32 (Số 4 - Lô TĐC 71) Khu TĐC Vinhomes Riverside, P.Sở Dầu, Q.Hồng Bàng, TP. Hải Phòng",3650000.0,91.25,land,,,,40000.0,
GVMVY2,"Thửa 26.1 - tờ 1 đường DT361, Thôn Lạng Côn, Xã Đông Phương, H.Kiến Thuỵ, TP. Hải Phòng",3820000.0,33.56,land,,,,113825.98,
ABCN1Y,"Thửa 125 - Tờ 72 hẻm đường Quốc Lộ 91, P.Thuận An, Q.Thốt Nốt, TP. Cần Thơ",1800000.0,12.12,land,,,,148514.85,
YBRUJD,"Thửa  18 - Tờ B3.5 Số 22 Hằng Phương Nữ Sỹ, P.Hoà Quý, Q.Ngũ Hành Sơn, TP. Đà Nẵng",4700000.0,47.0,land,,,,100000.0,
9TNY9P,"Lô 32-B2-1 Nguyễn Thành Thọ, P.Hoà Quý, Q.Ngũ Hành Sơn, TP. Đà Nẵng",4250000.0,42.5,land,,,,100000.0,
DEAWZH,"Thửa 33 - Tờ 596 Thân Văn Nhiếp, P.Hoà Hải, Q.Ngũ Hành Sơn, TP. Đà Nẵng",3850000.0,38.5,land,,,,100000.0,
49DW8F,"Thửa 2075 - tờ 02 Lô 19 Khu Hà Phú, P.Hoà Bình, TP.Thuỷ Nguyên, TP. Hải Phòng",3500000.0,32.4,land,,,,108024.69,
GXN4T2,"Thửa 86 - Tờ 152 Cầu Đỏ - Túy Loan, P.Hòa Thọ Tây, Q.Cẩm Lệ, TP. Đà Nẵng",2500000.0,31.25,land,,,,80000.0,
ABTB5Y,"Thửa 56B(2025) - tờ 04 thôn Vân Tra, đường Bến Thóc, P.An Đồng, Q.An Dương, TP. Hải Phòng",4400000.0,33.0,land,,,,133333.33,
PNFUZG,"Thửa 310 - Tờ 267, Kiệt Nam Cao nối dài, P.Hòa Khánh Nam, Q.Liên Chiểu, TP. Đà Nẵng",2300000.0,38.07,land,,,,60415.02,
40YQRF,"Thửa 46 - Tờ B2.15 Đông Hải 12, P.Hoà Hải, Q.Ngũ Hành Sơn, TP. Đà Nẵng",4600000.0,46.0,land,,,,100000.0,
RGAAGJ,"hẻm 2 đường Bùi Hữu Nghĩa, P.Bình Thủy, Q.Bình Thuỷ, TP. Cần Thơ",1790000.0,22.37,land,,,,80017.88,
UYXQGS,"Thửa 908 - Tờ 29 Tỉnh lộ 420, Xã Bình Yên, H.Thạch Thất, TP. Hà Nội",2100000.0,35.0,land,,,,60000.0,
YE85AD,"Thửa 224 - tờ 56 Tổ dân phố Cam Lộ 2, P.Hùng Vương, Q.Hồng Bàng, TP. Hải Phòng",2230000.0,30.97,land,,,,72005.17,
7C2CJA,"Khu đất dịch vụ (khu25,2ha), Xã Vân Canh, H.Hoài Đức, TP. Hà Nội",14200000.0,182.05,land,,,,78000.55,
D447AH,"Thửa 1703 - Tờ 1 Khu vực Yên Hạ, P.Thường Thạnh, Q.Cái Răng, TP. Cần Thơ",1200000.0,12.65,land,,,,94861.66,
ABWRWY,"Thửa 390 - Tờ 85 Thôn Kim Trung, Xã Kim Sơn, TX.Sơn Tây, TP. Hà Nội",1500000.0,15.0,land,,,,100000.0,
65S248,"Thửa 519 - Tờ 05 Ấp Nhơn Lộc 1A, Xã Nhơn Ái, H.Phong Điền, TP. Cần Thơ",1390000.0,3.31,land,,,,419939.58,
5HN2S7,"Thửa 205 - Tờ 110 Quán Khái 7, P.Hoà Hải, Q.Ngũ Hành Sơn, TP. Đà Nẵng",4400000.0,65.18,land,,,,67505.37,
7KPXUA,"Thửa 145 - Tờ 77 Trung Hòa 1, P.Hoà Quý, Q.Ngũ Hành Sơn, TP. Đà Nẵng",4600000.0,41.81,land,,,,110021.53,
UYE7YS,"Thửa 55 - Tờ 129 Cầu Đỏ - Tuý Loan, P.Hòa Thọ Tây, Q.Cẩm Lệ, TP. Đà Nẵng",1900000.0,16.6,land,,,,114457.83,
UHD78S,"Thửa 322 - tờ 24 số 2, TDP Chiết Bi, P.Phú Thượng, Q.Thuận Hóa, TP. Huế",3200000.0,23.7,land,,,,135021.1,
40DXHF,"Thửa 25 - Tờ B2.48 Hỏa Sơn 4, P.Hoà Hải, Q.Ngũ Hành Sơn, TP. Đà Nẵng",4700000.0,47.0,land,,,,100000.0,
EJY0H4,"Thửa 02 - Tờ 211-2026 Tổ dân phố Vân Tra, P.An Đồng, Q.An Dương, TP. Hải Phòng",2800000.0,50.9,land,,,,55009.82,
WPXFGR,"Thửa 559 - Tờ 65 Thôn Phú Sơn Tây, Xã Hòa Khương, H.Hòa Vang, TP. Đà Nẵng",1600000.0,9.98,land,,,,160320.64,
SDXEW5,"Thửa 190 - Tờ 35 Tiên Phong, thôn Áng Đông, Xã Thụy An, H.Ba Vì, TP. Hà Nội",3330000.0,24.41,land,,,,136419.5,
6UZMV8,"Thửa 92 - tờ 58 Đường Trường Chinh, P.Hòa Thọ Đông, Q.Cẩm Lệ, TP. Đà Nẵng",2850000.0,28.5,land,,,,100000.0,
KWVF6C,"Thửa 49 - tờ 45 Tổ dân phố Cam Lộ 1, P.Hùng Vương, Q.Hồng Bàng, TP. Hải Phòng",2300000.0,28.39,land,,,,81014.44,
KFP32C,"Thửa 03 - Tờ B2.46 Hoả Sơn 3, P.Hoà Hải, Q.Ngũ Hành Sơn, TP. Đà Nẵng",4900000.0,49.0,land,,,,100000.0,
AEBRPY,"Thửa 79 - tờ 61 Tổ dân phố số 1, P.Hoà Nghĩa, Q.Dương Kinh, TP. Hải Phòng",1450000.0,29.0,land,,,,50000.0,
7BWW6A,"Thửa 159 - tờ 1 TDP 4A, đường Tân Dương, P.Dương Quan, TP.Thuỷ Nguyên, TP. Hải Phòng",4500000.0,56.25,land,,,,80000.0,
RG1G4J,"Thửa 1258 - Tờ 20m Thôn Lệ Sơn 2, Xã Hòa Tiến, H.Hòa Vang, TP. Đà Nẵng",1380000.0,13.8,land,,,,100000.0,
DE7RNH,"Thửa 414 - tờ 9 Nguyễn Viết Xuân – Khu 91B, P.Thới An Đông, Q.Bình Thuỷ, TP. Cần Thơ",1100000.0,5.51,land,,,,199637.02,
CWWEYB,"Thửa 3122-Tờ 4 đường B9, Khu dân cư Tân Phú, P.Tân Phú, Q.Cái Răng, TP. Cần Thơ",1850000.0,18.5,land,,,,100000.0,
CRY6UB,"Thửa 88 - tờ 44 Tổ dân phố Quang Trung, P.Minh Đức, Q.Đồ Sơn, TP. Hải Phòng",1800000.0,25.38,land,,,,70921.99,
KRRH7C,"Khu Đồng Sậy - Trẫm Sau, TT.Phùng, H.Đan Phượng, TP. Hà Nội",10600000.0,136.07,land,,,,77901.08,
65X008,"Thửa 144 - tờ 121 Ngõ 174, Đường tư Thủy, P.Hoà Nghĩa, Q.Dương Kinh, TP. Hải Phòng",2400000.0,28.03,land,,,,85622.55,
CFH00B,"Thửa 529 - Tờ 23, Hẻm 584 Đường Tôn Đản, P.Hòa Phát, Q.Cẩm Lệ, TP. Đà Nẵng",3300000.0,41.25,land,,,,80000.0,
49UMRF,"Thửa 66 - tờ 5 Tổ dân phố Kiền Bái 3, P.Thiên Hương, TP.Thuỷ Nguyên, TP. Hải Phòng",1400000.0,12.41,land,,,,112812.25,
QA78JU,"Lô 108 phân khu B2.3 Đa Mặn Đông 2, P.Khuê Mỹ, Q.Ngũ Hành Sơn, TP. Đà Nẵng",7800000.0,86.66,land,,,,90006.92,
7K8V8A,"Thửa 3054 - Tờ 4 đường B8, Khu Tái định cư Tân Phú, P.Tân Phú, Q.Cái Răng, TP. Cần Thơ",2200000.0,18.33,land,,,,120021.82,
WGB8GR,"Tổ dân phố 12, đường An Lập, P.Hoà Nghĩa, Q.Dương Kinh, TP. Hải Phòng",3500000.0,30.43,land,,,,115018.07,
QACFWU,"Thửa 16 - Tờ B2.2 Đa Mặn Đông 6, P.Khuê Mỹ, Q.Ngũ Hành Sơn, TP. Đà Nẵng",11500000.0,113.74,land,,,,101107.79,
UYTHRS,"Thửa 145 - Tờ 194 Nguyễn Tất Thành nối dài, P.Hòa Hiệp Nam, Q.Liên Chiểu, TP. Đà Nẵng",4250000.0,42.5,land,,,,100000.0,
9T4JKP,"Quốc lộ 91, Khu vực Thới Thuận 1, P.Thới Thuận, Q.Thốt Nốt, TP. Cần Thơ",3800000.0,14.3,land,,,,265734.27,
4JCX7F,"Thửa 12 - Tờ 226, Đường Liêm Lạc 2, P.Hòa Xuân, Q.Cẩm Lệ, TP. Đà Nẵng",4090000.0,40.9,land,,,,100000.0,
5H4JK7,"Lô 171 phân khu B2.5 Đa Mặn Đông 1, P.Khuê Mỹ, Q.Ngũ Hành Sơn, TP. Đà Nẵng",13500000.0,124.76,land,,,,108207.76,
RGC8KJ,"Thửa Lô 44-Khu B2.37 - Tờ KT 01/01 Bát Nàn Công Chúa, P.Hoà Hải, Q.Ngũ Hành Sơn, TP. Đà Nẵng",4500000.0,45.0,land,,,,100000.0,
7C155A,"Thửa 37 - tờ 54 Tổ dân phố Quý Kim 1, P.Hợp Đức, Q.Đồ Sơn, TP. Hải Phòng",1450000.0,14.64,land,,,,99043.72,
650YF8,"Thửa 804 - tờ 13 Khu tái định cư Xâm Động, Xã Vân Tảo, H.Thường Tín, TP. Hà Nội",9350000.0,155.05,land,,,,60303.13,
5CFFD7,"Thửa 611 C3 - tờ 01 Thôn 1, đườngn Mương Nước, P.Thuỷ Đường, TP.Thuỷ Nguyên, TP. Hải Phòng",15700000.0,137.96,land,,,,113801.1,
3AT1UQ,"Thửa 125 - tờ 26 Tổ dân phố Quỳnh Cư 3, P.Hùng Vương, Q.Hồng Bàng, TP. Hải Phòng",1860000.0,25.86,land,,,,71925.75,
0ZHM09,"Thửa 202 - Tờ 49 Dự án Golden Hills City - Khu A, Xã Hòa Liên, H.Hòa Vang, TP. Đà Nẵng",3750000.0,30.0,land,,,,125000.0,
GM16A2,"Thửa 211 - Tờ 50 thôn Xuân Thủy, hẻm đường Quốc Lộ 21, Xã Thủy Xuân Tiên, H.Chương Mỹ, TP. Hà Nội",2200000.0,22.49,land,,,,97821.25,
5K39V7,"Thửa Lô N4 - tờ bản đồ quy hoạch tổng mặt bằng sử dụng đất Tổ dân phố Bàng Trung, đường 361, P.Bàng La, Q.Đồ Sơn, TP. Hải Phòng",3500000.0,29.88,land,,,,117135.21,
3AR1KQ,"Ngõ Trằm Rau 2, Thôn Thắng Đầu, Xã Hòa Thạch, H.Quốc Oai, TP. Hà Nội",6000000.0,13.08,land,,,,458715.6,
ABBV8Y,"Thửa 3252 - Tờ 5 dẫn vài cầu Vàm Ông, P.Thường Thạnh, Q.Cái Răng, TP. Cần Thơ",1200000.0,8.0,land,,,,150000.0,
KFFBDC,"Thửa 400 - tờ 213 Tổ 44 đường Nam Cao nối dài, P.Hòa Khánh Nam, Q.Liên Chiểu, TP. Đà Nẵng",4600000.0,46.23,land,,,,99502.49,
K4D0PC,"Thửa 293 - Tờ B8, đường Hòa Minh 28, P.Hòa Minh, Q.Liên Chiểu, TP. Đà Nẵng",6300000.0,58.6,land,,,,107508.53,
KWEWFC,"Thửa 215 - Tờ 61 Khu đô thị Hòa Quý, P.Hoà Quý, Q.Ngũ Hành Sơn, TP. Đà Nẵng",4600000.0,46.0,land,,,,100000.0,
87NGW3,"Thửa 578 - tờ 15 Đông Hải, Tổ dân phố Hạ Đoạn 3, P.Đông Hải 2, Q.Hải An, TP. Hải Phòng",2600000.0,44.44,land,,,,58505.85,
37KPCQ,"Thửa 1269 - Tờ 30 Cặp bờ kè Hồ Búng Xáng, P.An Khánh, Q.Ninh Kiều, TP. Cần Thơ",2650000.0,39.25,land,,,,67515.92,
UAM1QS,"Thửa 516 - tờ 23 Đường Tôn Đản, Tổ 42, P.Hòa Phát, Q.Cẩm Lệ, TP. Đà Nẵng",3350000.0,32.61,land,,,,102729.22,
6SH148,"Lô 15 phân khu B2-6 Khu tái định cư Hòa Khương, Xã Hòa Khương, H.Hòa Vang, TP. Đà Nẵng",2250000.0,15.0,land,,,,150000.0,
67FQG8,"Ngõ 604 Phạm Văn Đồng, Tổ dân phố Ninh Hải, P.Anh Dũng, Q.Dương Kinh, TP. Hải Phòng",1550000.0,21.23,land,,,,73009.89,
Y4EJYD,"Thửa 67 - tờ 69 Lô số N2-2, tổ dân phố Phương Lung 2, P.Hưng Đạo, Q.Dương Kinh, TP. Hải Phòng",2690000.0,32.02,land,,,,84009.99,
SH8905,"Tổ dân phố Quang Trung, đường Thượng Đức, P.Minh Đức, Q.Đồ Sơn, TP. Hải Phòng",1550000.0,21.11,land,,,,73424.92,
7C86UA,"Thửa 107 - tờ 57 Tổ dân phố số 7, đường Hải Phong, P.Hoà Nghĩa, Q.Dương Kinh, TP. Hải Phòng",5240000.0,54.98,land,,,,95307.38,
1UX3K6,"Thửa 743 - tờ 11 Trần Bạch Đằng, Khu TĐC Trường ĐH Y Dược Cần Thơ, P.An Khánh, Q.Ninh Kiều, TP. Cần Thơ",9000000.0,90.0,land,,,,100000.0,
4JCD0F,"Thửa 160 - Tờ 22 Đường cặp sông Cái Răng Bé - Yên Hạ, P.Lê Bình, Q.Cái Răng, TP. Cần Thơ",3300000.0,7.92,land,,,,416666.67,
85VQZ3,"Thửa 4379 - tờ 35 đường số 3, KDC Cái Sơn - Hàng Bàng (Khu B), P.An Bình, Q.Ninh Kiều, TP. Cần Thơ",5200000.0,51.23,land,,,,101503.03,
UYA8NS,"Thửa 192- Tờ 95 (Lô 06-B2.6A) đường Trung Hòa 3, Khu tái định cư Bá Tùng 2, P.Hoà Quý, Q.Ngũ Hành Sơn, TP. Đà Nẵng",4300000.0,43.0,land,,,,100000.0,
7KT6UA,"Thửa 47 - Tờ 153 TĐC Tây Nam làng đá mỹ nghệ Non Nước, P.Hoà Hải, Q.Ngũ Hành Sơn, TP. Đà Nẵng",3850000.0,41.62,land,,,,92503.6,
DB7B9H,"Thửa 126 - Tờ bản đồ số B2.3, Đường Khái Đông 3, P.Hoà Hải, Q.Ngũ Hành Sơn, TP. Đà Nẵng",5600000.0,44.8,land,,,,125000.0,
DB7B9H,"Thửa 126 - Tờ bản đồ số B2.3, Đường Khái Đông 3, P.Hoà Hải, Q.Ngũ Hành Sơn, TP. Đà Nẵng",5600000.0,44.8,land,,,,125000.0,
8S8YN3,"Thửa 57 tờ 6, ấp Kỳ Châu, Xã Bình Quới, H.Châu Thành, Long An",400.0,2.62,land,,,,152.67,
SC9KP5,"Xã Phú Giáo, H.Phú Giáo, Bình Dương",2110000.0,2.81,land,,,,750889.68,
RGG00J,"Lô 554 phân khu B1-1 Khu tái định cư Hoà Liên 3, đường Hoà Liên 3, Xã Hòa Liên, H.Hòa Vang, TP. Đà Nẵng",2830000.0,21.57,land,,,,131200.74,
QHRCHU,"17 Đồi Hải Quân, Xã An Thái, H.Phú Giáo, Bình Dương",705.0,3.07,land,,,,229.64,
1U3TV6,"Thửa 2452 tờ 59, đường Lê Hồng Phong, P.Tân Đông Hiệp, TP.Dĩ An, Bình Dương",3270000.0,32.52,land,,,,100553.51,
5BDNX7,"Thửa 1196 - tờ 148 Hẻm 121 Phạm Ngọc Thạch, P.Hiệp Thành, TP.Thủ Dầu Một, Bình Dương",3480000.0,27.59,land,,,,126132.66,
9M540P,"Xã An Linh, H.Phú Giáo, Bình Dương",1330000.0,0.13,land,,,,10230769.23,
WPHE7R,"đường Võ Văn Tịnh, ấp Cầu Xây, TT.Thủ Thừa, H.Thủ Thừa, Long An",2870000.0,22.96,land,,,,125000.0,
8DU9D3,"Thửa 778 - tờ 3 Cầu Ông Hiệu, Xã Long Hiệp, H.Bến Lức, Long An",2000000.0,17.48,land,,,,114416.48,
EGWQ04,"Thửa 759 - tờ 3 Cầu Ông Hiệu, Xã Long Hiệp, H.Bến Lức, Long An",1600000.0,14.01,land,,,,114204.14,
Q7062U,"Thửa 140 - Tờ 22 Đường DT833B, Xã Lạc Tấn, H.Tân Trụ, Long An",1400000.0,5.15,land,,,,271844.66,
5BMA97,"Thửa 1831 - Tờ 83 đường Cầu Tam Bình, Xã Mỹ Lệ, H.Cần Đước, Long An",1400000.0,1.75,land,,,,800000.0,
9TFKQP,"đường 823D, Xã Đức Hòa Hạ, H.Đức Hòa, Long An",550.0,4.24,land,,,,129.72,
AK717Y,"Thửa 1259 tờ 22, đường Phước Thạnh - Phước Đông, P.Gia Lộc, TX.Trảng Bàng, Tây Ninh",2100000.0,9.49,land,,,,221285.56,
J2CB60,"Thửa 1895 - Tờ 288 DX 05, P.Phú Mỹ, TP.Thủ Dầu Một, Bình Dương",2500000.0,20.27,land,,,,123334.98,
UK1QYS,"Thửa 2653 - Tờ 95 đường Đông Bắc, Khu phố Trung Thắng, P.Bình Thắng, TP.Dĩ An, Bình Dương",4350000.0,72.5,land,,,,60000.0,
8YJCF3,"Thửa 657 - Tờ 94 Nguyễn Thị Tồn, P.Bửu Hòa, TP.Biên Hòa, Đồng Nai",2580000.0,37.12,land,,,,69504.31,
WZUM1R,"Thửa 658 - Tờ 94 Nguyễn Thị Tồn, P.Bửu Hòa, TP.Biên Hòa, Đồng Nai",2580000.0,37.12,land,,,,69504.31,
RTPQ7J,"Đặng Văn Trước, P.An Tịnh, TX.Trảng Bàng, Tây Ninh",850.0,4.47,land,,,,190.16,
49BWMF,"Thửa 6608 - Tờ 1 đường số 10, Khu dân cư 135, TT.Bến Lức, H.Bến Lức, Long An",3950000.0,27.43,land,,,,144002.92,
PV77YG,"61 NA10, P.Mỹ Phước, TX.Bến Cát, Bình Dương",3300000.0,22.94,land,,,,143853.53,
5BVZ57,"Thửa 309 - Tờ 43 + Thửa 1019 - Tờ 6 đường ĐT 844, Xã An Long, H.Tam Nông, Đồng Tháp",4690000.0,1.39,land,,,,3374100.72,
DR4PTH,"HL609, P.An Tây, TP.Bến Cát, Bình Dương",9000000.0,1.63,land,,,,5521472.39,
74DXTA,"888 DT742, P.Vĩnh Tân, TP.Tân Uyên, Bình Dương",1600000.0,21.33,land,,,,75011.72,
SB78M5,"800 phùng hưng, Xã An Phước, H.Long Thành, Đồng Nai",1100000.0,11.0,land,,,,100000.0,
SCMM65,"Thửa 1511 - Tờ 105 Thống Nhất, P.Đông Hòa, TP.Dĩ An, Bình Dương",5500000.0,53.44,land,,,,102919.16,
QK524U,"DT 741, Xã Phước Hoà, H.Phú Giáo, Bình Dương",1200000.0,17.14,land,,,,70011.67,
UHNZFS,"phùng hưng, Xã An Phước, H.Long Thành, Đồng Nai",1000000.0,10.0,land,,,,100000.0,
3DUN2Q,"Hạ Long, P.2, TP.Vũng Tàu, BRVT",340000000.0,22.53,land,,,,15090989.79,
JXVCW0,"Thửa 13 - Tờ 50 Âu Cơ, P.V, TP.Vị Thanh, Hậu Giang",790.0,6.86,land,,,,115.16,
UKJAAS,"129 Vũng Việt, P.Tân Đông Hiệp, TX.Dĩ An, Bình Dương",5750000.0,24.28,land,,,,236820.43,
3HRYXQ,"Thửa 928 - tờ 102 đường N1, P.An Phú, TP.Thuận An, Bình Dương",2790000.0,41.33,land,,,,67505.44,
DEQA0H,"đường 2/4, P.Vĩnh Hòa, TP.Nha Trang, Khánh Hòa",2500000.0,43.1,land,,,,58004.64,
8YWSC3,"Tuyến N9, P.Mỹ Hòa, TP.Long Xuyên, An Giang",8400000.0,38.88,land,,,,216049.38,
4J4C0F,"Thửa 818 tờ 18, đường Măng Lin, P.7, TP.Đà Lạt, Lâm Đồng",5800000.0,23.29,land,,,,249033.92,
6A4XH8,"Lê Lợi, P.Tân Đồng, TP.Đồng Xoài, Bình Phước",3500000.0,19.44,land,,,,180041.15,
6SVJ28,"Thửa 2302 - Tờ 4, hẻm ĐT 833, Xã Nhơn Thạnh Trung, TP.Tân An, Long An",580.0,4.3,land,,,,134.88,
EJDGC4,"Thửa 1389 - Tờ 68 Khu phố 4, P.Vĩnh Lợi, TP.Rạch Giá, Kiên Giang",760.0,2.24,land,,,,339.29,
UD5XAS,"Thửa 2198 - Tờ 17 Thôn Tây 2, Xã An Vĩnh Ngãi, TP.Tân An, Long An",1680000.0,1.68,land,,,,1000000.0,
QAFWTU,"Thửa 7331 - Tờ 1 Nguyễn Văn Đặng ( Đình An Vĩnh ), Ấp Long Thạnh, Xã Long An, H.Châu Thành, Tiền Giang",550.0,3.4,land,,,,161.76,
9VGZBP,"Thửa 1565 - tờ 6 khu phố Tân Hiệp 2, P.Tân Bình, TP.Dĩ An, Bình Dương",2580000.0,43.0,land,,,,60000.0,
Y44TED,"Thửa 203 - Tờ 95 Hẻm 72 đường Nguyễn Thị Tồn, P.Bửu Hòa, TP.Biên Hòa, Đồng Nai",3150000.0,35.0,land,,,,90000.0,
UY8DZS,"Thửa 497 - Tờ 24 Bùi Tấn, Xã Nhơn Thạnh Trung, TP.Tân An, Long An",900.0,8.15,land,,,,110.43,
3HYC5Q,"Bình Chuẩn 31, P.Bình Chuẩn, TX.Thuận An, Bình Dương",3200000.0,29.35,land,,,,109028.96,
J2F270,"Thửa 259 - Tờ 158 Huỳnh Châu Sổ, P.6, TP.Tân An, Long An",1490000.0,8.14,land,,,,183046.68,
AB0A5Y,"Thửa 8521 - Tờ 4 Võ Thị Sáu, P.Đông Hòa, TP.Dĩ An, Bình Dương",7500000.0,63.29,land,,,,118502.13,
PXV74G,"Thửa 850 - Tờ 100 Khu phố Nhơn Hòa 1, P.5, TP.Tân An, Long An",780.0,6.33,land,,,,123.22,
653T08,"Thửa 2337 - Tờ 4 Lê Minh Xuân, Xã Nhơn Thạnh Trung, TP.Tân An, Long An",950.0,5.81,land,,,,163.51,
J24JQ0,"Thửa 952 - Tờ 21, Hẻm Vành Đai Thành Phố Tân An, Xã Bình Tâm, TP.Tân An, Long An",950.0,7.0,land,,,,135.71,
E0P6D4,"Thửa 1820 - Tờ 6, Hẻm Nguyễn Văn Nhâm, Xã Nhơn Thạnh Trung, TP.Tân An, Long An",1000000.0,1.0,land,,,,1000000.0,
5KD867,"Thửa 87 - Tờ 2-5a Đinh Viết Cừu, P.3, TP.Tân An, Long An",5900000.0,11.56,land,,,,510380.62,
1S8N86,"Thửa 46 - Tờ 1-7a, Hẻm 480 Lưu Văn Tế, P.4, TP.Tân An, Long An",2700000.0,12.86,land,,,,209953.34,
UKJ8RS,"16 Quốc lộ 51, Xã An Hoà, TP.Biên Hòa, Đồng Nai",6000000.0,27.02,land,,,,222057.74,
6A4MJ8,"QL51 Khu Phố 1, P.Long Bình Tân, TP.Biên Hòa, Đồng Nai",6600000.0,90.28,land,,,,73105.89,
SC9JV5,"57 NB5, P.Mỹ Phước, TX.Bến Cát, Bình Dương",3400000.0,22.66,land,,,,150044.13,
5B9Q27,"570/19 Phạm Văn Thuận, P.Tam Hiệp, TP.Biên Hòa, Đồng Nai",4500000.0,26.4,land,,,,170454.55,
SDX4F5,"Thửa 62 - Tờ 10, Hẻm 84 Nguyễn Thị Minh Khai, P.Mỹ Bình, TP.Phan Rang-Tháp Chàm, Ninh Thuận",1950000.0,19.28,land,,,,101141.08,
5KCWB7,"Thửa 170 - Tờ 151, Hẻm 1374 Nguyễn Ái Quốc, P.Tân Phong, TP.Biên Hòa, Đồng Nai",3950000.0,36.77,land,,,,107424.53,
6A4TY8,"139 Huỳnh Văn Nghệ, P.Bửu Long, TP.Biên Hòa, Đồng Nai",8300000.000000001,70.87,land,,,,117115.85,
CRJ2WB,"59 (Thửa 69 - Tờ 52) Võ Văn Môn, P.4, TP.Tân An, Long An",3500000.0,17.5,land,,,,200000.0,
QAEEBU,"Thửa 748 - Tờ 253 Lư Giang, Xã Phước Đồng, TP.Nha Trang, Khánh Hòa",11500000.0,45.87,land,,,,250708.52,
E0P8H4,"Thửa 1860 - Tờ 6 GTNT Ấp Bình An B, Xã Lợi Bình Nhơn, TP.Tân An, Long An",4600000.0,4.0,land,,,,1150000.0,
PV5FJG,"46 Phạm Văn Thuận, P.Bình Đa, TP.Biên Hòa, Đồng Nai",5500000.0,22.25,land,,,,247191.01,
65S4E8,"547 Phùng Hưng, Xã An Phước, H.Long Thành, Đồng Nai",3650000.0,23.85,land,,,,153039.83,
UD30US,"Thửa 912 - tờ 5 Đại Phú, thôn Phú Lạc, Xã Phú Xuân, TP.Thái Bình, Thái Bình",2900000.0,48.9,land,,,,59304.7,
7EG64A,"P.Trung Kiên, Q.Thốt Nốt, TP. Cần Thơ",1000000.0,12.9,land,,,,77519.38,
KJXVWC,"Xã Trường Xuân, H.Thới Lai, TP. Cần Thơ",2000000.0,27.77,land,,,,72020.17,
3DR07Q,"Xã Trường Xuân, H.Thới Lai, TP. Cần Thơ",2000000.0,27.77,land,,,,72020.17,
PV5EWG,"Xã An Quang, H.An Lão, TP. Hải Phòng",4300000.0,10.28,land,,,,418287.94,
SH3PR5,"70 (Thửa 567 - tờ 28) An Ninh, P.Hương Long, Q.Phú Xuân, TP. Huế",2980000.0,23.13,land,,,,128837.01,
C9X0AB,"Thửa 22B - tờ KQH Sơn Xuyên, P.Thuỷ Xuân, Q.Thuận Hóa, TP. Huế",3050000.0,29.64,land,,,,102901.48,
SC6ZZ5,"Thửa 868 - tờ 12 Đồng Khởi, P.Thuỷ Xuân, Q.Thuận Hóa, TP. Huế",6950000.0,69.5,land,,,,100000.0,
PV7YHG,"Xã Trường Xuân, H.Thới Lai, TP. Cần Thơ",3370000.0,3.51,land,,,,960113.96,
5BP2C7,"Xã Trường Xuân, H.Thới Lai, TP. Cần Thơ",2100000.0,29.16,land,,,,72016.46,
0XUFW9,"Xã Gia Minh, H.Thuỷ Nguyên, TP. Hải Phòng",2360000.0,14.8,land,,,,159459.46,
4G1H7F,"H.Phong Điền, TP. Cần Thơ",2600000.0,1.72,land,,,,1511627.91,
PV5KEG,"Xã Trường Xuân, H.Thới Lai, TP. Cần Thơ",2100000.0,28.37,land,,,,74021.85,
G17CE2,"Xã Trường Xuân, H.Thới Lai, TP. Cần Thơ",2200000.0,30.55,land,,,,72013.09,
0XUDH9,"Xã Trường Xuân, H.Thới Lai, TP. Cần Thơ",2200000.0,30.55,land,,,,72013.09,
UKJZZS,"Xã Trường Xuân, H.Thới Lai, TP. Cần Thơ",2200000.0,30.55,land,,,,72013.09,
4PKSJF,"Thửa 668 -  tờ 10 Đâu Kiên, Xã Quốc Tuấn, H.An Lão, TP. Hải Phòng",900.0,14.15,land,,,,63.6,
E95H54,"Thửa 820 - tờ 38 An Luận, Xã An Tiến, H.An Lão, TP. Hải Phòng",2700000.0,45.0,land,,,,60000.0,
Y46UAD,"Thửa 49-5 - tờ 220-A-3 Bách Phương, Xã An Thắng, H.An Lão, TP. Hải Phòng",699000000.0,9.91,land,,,,70534813.32,
7BV3UA,"Thửa 255D.1 - tờ 195-D-3 Hoàng Xá, TT.An Lão, H.An Lão, TP. Hải Phòng",2000000.0,19.36,land,,,,103305.79,
8A2NZ3,"Thửa 8 - tờ 77 đường 208, P.An Đồng, Q.An Dương, TP. Hải Phòng",900.0,5.24,land,,,,171.76,
KRXFQC,"Thửa 256 (B4b) - tờ 18 Võ Thắng, P.Xuân Phú, Q.Thuận Hóa, TP. Huế",3000000.0,35.29,land,,,,85009.92,
SKHK65,"Thửa 765 - tờ 15 Thôn Cữ, P.Hồng Phong, Q.An Dương, TP. Hải Phòng",800.0,12.55,land,,,,63.75,
0NTNS9,"Thửa 8 - tờ 280-2026 Thành Công, P.An Hải, Q.An Dương, TP. Hải Phòng",700.0,7.2,land,,,,97.22,
5CHTN7,"Thửa 1034 - Tờ 26 Lại Thế, P.Phú Thượng, Q.Thuận Hóa, TP. Huế",3000000.0,27.95,land,,,,107334.53,
7C7TRA,"Thửa 193C2 - tờ 19 Tràng Duệ, P.Lê Lợi, Q.An Dương, TP. Hải Phòng",1000000.0,18.05,land,,,,55401.66,
PXPQJG,"Thửa 217A - tờ 4 đường DT208, P.Lê Lợi, Q.An Dương, TP. Hải Phòng",5000000.0,25.0,land,,,,200000.0,
D4MNEH,"Thửa 88 - tờ 02 TDP 8, P.An Hải, Q.An Dương, TP. Hải Phòng",3000000.0,31.98,land,,,,93808.63,
QY94YU,"Thửa 03 - tờ 1091 Tràng Duệ, P.Lê Lợi, Q.An Dương, TP. Hải Phòng",1000000.0,5.21,land,,,,191938.58,
5HXP37,"Thửa 622 - Tờ 22 Thanh Hải, P.Thuỷ Xuân, Q.Thuận Hóa, TP. Huế",1990000.0,19.9,land,,,,100000.0,
K0M7TC,"Thửa 204 - tờ 49 Thượng Đức, P.Minh Đức, Q.Đồ Sơn, TP. Hải Phòng",850.0,4.27,land,,,,199.06,
C9VAZB,"Thửa 169 - tờ 61 Trung Nghĩa, P.Hợp Đức, Q.Đồ Sơn, TP. Hải Phòng",900.0,17.78,land,,,,50.62,
RNUTWJ,"Thửa 169 - tờ 96 Bình Minh, P.Hợp Đức, Q.Đồ Sơn, TP. Hải Phòng",799.0,8.11,land,,,,98.52,
3HWMBQ,"Thửa 64 - tờ 15 Kinh Đào, Xã An Mỹ, H.Mỹ Đức, TP. Hà Nội",900.0,18.55,land,,,,48.52,
6YKX48,"Thửa 147 - tờ 38 Thanh Lợi, Xã Hồng Sơn, H.Mỹ Đức, TP. Hà Nội",950.0,17.36,land,,,,54.72,
JXPVH0,"Thửa 839 - tờ 19 Nguyễn Lương Bằng, P.Văn Đẩu, Q.Kiến An, TP. Hải Phòng",2000000.0,49.62,land,,,,40306.33,
C0AT8B,"Thửa B.12 - tờ KQH Hồng Khẳng, P.Vỹ Dạ, Q.Thuận Hóa, TP. Huế",6800000.0,32.53,land,,,,209037.81,
A43F8Y,"Thửa 539+542 - tờ 50 Trù Cát, Xã Tuy Lai, H.Mỹ Đức, TP. Hà Nội",890.0,9.47,land,,,,93.98,
KJUN7C,"Thửa 663 - Tờ 34 DT602, Xã Hòa Ninh, H.Hòa Vang, TP. Đà Nẵng",2650000.0,26.5,land,,,,100000.0,
SCMH45,"Thửa 857.2 - tờ 05 Thôn Tây Thượng, P.Phú Thượng, Q.Thuận Hóa, TP. Huế",1990000.0,20.41,land,,,,97501.22,
4G3N0F,"Thửa 916 - tờ 21 Khúc Giản, Xã An Tiến, H.An Lão, TP. Hải Phòng",2550000.0,26.07,land,,,,97813.58,
PV6BPG,"Thửa 325 - tờ 1 Thôn 7, Xã Kiến Quốc, H.Kiến Thuỵ, TP. Hải Phòng",780000000.0,12.93,land,,,,60324825.99,
A4KM5Y,"Thửa 266G - tờ 05 Thôn Vân Tra, P.An Đồng, Q.An Dương, TP. Hải Phòng",3000000.0,35.29,land,,,,85009.92,
UK561S,"10/1 kiệt 245 (Thửa 209 - tờ 191) Phan Bội Châu, P.Phước Vĩnh, Q.Thuận Hóa, TP. Huế",1990000.0,24.9,land,,,,79919.68,
7BQXZA,"Thửa 620(F26) - tờ 21 (KQH) Nguyễn Lâm, P.Hương Sơ, Q.Phú Xuân, TP. Huế",3500000.0,23.02,land,,,,152041.7,
PMEDQG,"Thửa 619 - tờ 68 K50 Thiên Thai, P.An Cựu, Q.Thuận Hóa, TP. Huế",940.0,7.64,land,,,,123.04,
8AZA73,"Thửa 106 - Tờ 170 đường An Toàn, P.Hoà Nghĩa, Q.Dương Kinh, TP. Hải Phòng",700.0,14.22,land,,,,49.23,
4PSUZF,"Bột  xuyên, Xã Mỹ Xuyên, H.Mỹ Đức, TP. Hà Nội",750.0,17.08,land,,,,43.91,
DFNSNH,"Thửa 740 - Tờ 87 Phú Cát, Xã Phú Cát, H.Quốc Oai, TP. Hà Nội",2000000.0,14.8,land,,,,135135.14,
67WNE8,"Thửa 420 - Tờ 17 Thôn Phò An, P.Dương Nỗ, Q.Thuận Hóa, TP. Huế",3450000.0,8.49,land,,,,406360.42,
KRM8RC,"Thửa 1110 - tờ 16 Thu Bồn, P.Thuỷ Xuân, Q.Thuận Hóa, TP. Huế",1390000.0,13.9,land,,,,100000.0,
AE276Y,"Thửa 150 - tờ 22 Thôn Lê Xá, Xã Phú Lương, H.Phú Vang, TP. Huế",900.0,3.98,land,,,,226.13,
CJMW3B,"Thửa 158-2 - tờ 47 Uy Nỗ, TT.Đông Anh, H.Đông Anh, TP. Hà Nội",3000000.0,88.49,land,,,,33902.14,
9X5TVP,"Thửa 436 - Tờ 17 Đức Bưu, P.Hương Sơ, Q.Phú Xuân, TP. Huế",3570000.0,17.0,land,,,,210000.0,
UHJUQS,"Thửa 488(M36.1) - tờ 6(KQH) Trường Đồng, P.Thuỷ Xuân, Q.Thuận Hóa, TP. Huế",3250000.0,31.4,land,,,,103503.18,
E9VEW4,"Thửa 377 - tờ 4 Thôn Thủy Giang, Xã Trường Thành, H.An Lão, TP. Hải Phòng",799.0,14.01,land,,,,57.03,
7BPVBA,"Thửa 308 - tờ 13 Nguyễn Phúc Tần, P.Kim Long, Q.Phú Xuân, TP. Huế",2050000.0,19.52,land,,,,105020.49,
21UG3Z,"Thửa 274 - tờ 93 Phúc Thọ, Xã Mai Lâm, H.Đông Anh, TP. Hà Nội",4950000.0,75.0,land,,,,66000.0,
KRGXJC,"Thửa 765 - tờ 19 Nguyễn Lâm, P.Hương Sơ, Q.Phú Xuân, TP. Huế",2400000.0,21.81,land,,,,110041.27,
67HYN8,"Thửa 365 - tờ 5 KQH TD4, P.Thủy Vân, Q.Thuận Hóa, TP. Huế",3370000.0,25.0,land,,,,134800.0,
218R6Z,"Thửa 278 - Tờ 36 Phú Mãn, Xã Phú Mãn, H.Quốc Oai, TP. Hà Nội",4050000.0,15.01,land,,,,269820.12,
GV6WZ2,"Thửa 110 - Tờ 55 Đồng Bèn, Xã Đông Xuân, H.Quốc Oai, TP. Hà Nội",7000000.0,14.0,land,,,,500000.0,
QDKCFU,"Thửa 42 - Tờ 19 Nguyễn Lân, P.Cát Bi, Q.Hải An, TP. Hải Phòng",3500000.0,70.99,land,,,,49302.72,
E99N74,"21/80 (Thửa 62 - tờ 21) Nguyễn Hoàng, P.Kim Long, Q.Phú Xuân, TP. Huế",2350000.0,23.47,land,,,,100127.82,
SKHEQ5,"Thửa 849 - tờ 9 Thôn Xuân Đài, Xã Trường Thọ, H.An Lão, TP. Hải Phòng",1990000.0,24.44,land,,,,81423.9,
JTZXU0,"Thửa 789 - tờ 18, Lô G8 Thôn Cẩm Văn, Xã Quốc Tuấn, H.An Lão, TP. Hải Phòng",2000000.0,19.74,land,,,,101317.12,
SKHCQ5,"Thửa 595 - tờ 52 Thôn Đâu Kiên, Xã Quốc Tuấn, H.An Lão, TP. Hải Phòng",990.0,12.04,land,,,,82.23,
E9JSR4,"Thửa 545 - Tờ 2 Đại Nam, P.Thuỷ Xuân, Q.Thuận Hóa, TP. Huế",4900000.0,23.59,land,,,,207715.13,
67SAA8,"Thửa 426 - Tờ 13 DT419, Xã Hợp Đồng, H.Chương Mỹ, TP. Hà Nội",2700000.0,40.29,land,,,,67014.15,
WGWATR,"Thửa 318 - Tờ 35, Số 161 Bà Triệu, P.Vĩnh Ninh, Q.Thuận Hóa, TP. Huế",3700000.0,75.2,land,,,,49202.13,
UDU0JS,"Thửa 1195 - tờ 155 Đặng Cương, P.An Hải, Q.An Dương, TP. Hải Phòng",2650000.0,41.4,land,,,,64009.66,
5K5J27,"Thửa 512 - tờ 12 Bắc Sơn, P.Tân Tiến, Q.An Dương, TP. Hải Phòng",4400000.0,44.0,land,,,,100000.0,
AB52SY,"Thửa 825 - tờ 26 Diệu Quang, P.Phú Thượng, Q.Thuận Hóa, TP. Huế",3070000.0,23.49,land,,,,130693.91,
3A6F4Q,"Thửa 302 - Tờ 54 ĐT419, TT.Chúc Sơn, H.Chương Mỹ, TP. Hà Nội",3450000.0,52.43,land,,,,65802.02,
PXFBUG,"Thửa 42(3)-2 - tờ 33 Cổ Dương, Xã Tiên Dương, H.Đông Anh, TP. Hà Nội",4000000.0,76.62,land,,,,52205.69,
WGSYAR,"Thửa 1019 - tờ 4 Thôn 2, Xã Tú Sơn, H.Kiến Thuỵ, TP. Hải Phòng",1000000.0,10.82,land,,,,92421.44,
SHG9V5,"Thửa 139 - tờ 168 Xuân Diệu, P.Hoà Nghĩa, Q.Dương Kinh, TP. Hải Phòng",2970000.0,25.0,land,,,,118800.0,
GMDMT2,"Thửa 462 - tờ 190-2025 TDP Trạm Bạc, P.Lê Lợi, Q.An Dương, TP. Hải Phòng",799.0,6.86,land,,,,116.47,
QYRYFU,"Thửa 194 - Tờ 53 Sông He, P.Hoà Nghĩa, Q.Dương Kinh, TP. Hải Phòng",3300000.0,29.86,land,,,,110515.74,
5KJ0K7,"08/29/69/131 (Thửa 374 - tờ 24) Trần Phú, P.Phước Vĩnh, Q.Thuận Hóa, TP. Huế",1350000.0,27.0,land,,,,50000.0,
AB457Y,"Thửa 09 - tờ 328-2026 TDP Văn Xá, P.An Hải, Q.An Dương, TP. Hải Phòng",800.0,4.07,land,,,,196.56,
5KBQ67,"Thửa 573 - Tờ 20, Đường  Lê Ngô Cát Thôn Thượng 2, P.Thuỷ Xuân, Q.Thuận Hóa, TP. Huế",4050000.0,34.0,land,,,,119117.65,
KWJQMC,"Thửa 859 - tờ 14 Trường Chinh, P.An Đông, Q.Thuận Hóa, TP. Huế",3300000.0,25.36,land,,,,130126.18,
7CEXRA,"K33/32 ( Thửa 992 - tờ 26) An Dương Vương, P.An Đông, Q.Thuận Hóa, TP. Huế",3850000.0,26.53,land,,,,145118.73,
5KBWC7,"thôn 6, P.Nam Sơn, Q.An Dương, TP. Hải Phòng",1480000.0,19.78,land,,,,74823.05,
7CBWYA,"Thửa 155 - Tờ 26 Bùi Xuân Phái, P.Hương Sơ, Q.Phú Xuân, TP. Huế",3950000.0,25.81,land,,,,153041.46,
D4E63H,"Thửa 762 - Tờ KQH CIC8, P.Thủy Dương, TX.Hương Thủy, TP. Huế",3960000.0,27.5,land,,,,144000.0,
R2GAYJ,"Thửa 327 - Tờ 11 Trần Phú, P.Trường An, Q.Thuận Hóa, TP. Huế",1700000.0,17.1,land,,,,99415.2,
ABCX6Y,"Thửa 313 - tờ 35 Tôn Thất, P.Thủy Phương, TX.Hương Thủy, TP. Huế",7050000.0,13.18,land,,,,534901.37,
1UVSC6,"Thửa 242 - tờ 44 Thượng Đức, P.Minh Đức, Q.Đồ Sơn, TP. Hải Phòng",1000000.0,9.28,land,,,,107758.62,
DEY4PH,"Thửa 322 - Tờ 27 Lý Bôn, P.Tứ Hạ, TX.Hương Trà, TP. Huế",2000000.0,18.45,land,,,,108401.08,
5HQB07,"Thửa 90 - tờ 153 Trường Đúc, P.Thuỷ Xuân, Q.Thuận Hóa, TP. Huế",4800000.0,50.0,land,,,,96000.0,
J2CE80,"Thửa 1040- Tờ 16 K3 Thu Bồn, P.An Tây, Q.Thuận Hóa, TP. Huế",5000000.0,46.25,land,,,,108108.11,
SDV165,"Thửa 6013 - Tờ 17 Quảng Tế, P.Thuỷ Xuân, Q.Thuận Hóa, TP. Huế",2400000.0,24.0,land,,,,100000.0,
EJ5FD4,"Thửa 105 - tờ 4 Phạm Vấn, P.Phước Mỹ, Q.Sơn Trà, TP. Đà Nẵng",18000000.0,190.88,land,,,,94300.08,
5HXGQ7,"Thửa 90 - Tờ 27 đường Pha, P.Phú Thượng, Q.Thuận Hóa, TP. Huế",2300000.0,28.75,land,,,,80000.0,
6YWT48,"Thửa 32 - tờ 54 Phố Sông He, P.Hoà Nghĩa, Q.Dương Kinh, TP. Hải Phòng",3890000.0,27.01,land,,,,144020.73,
DRNZWH,"Thửa 03 - tờ MTĐĐC số 13-2022 Thôn Hòa Liễu, Xã Thuận Thiên, H.Kiến Thuỵ, TP. Hải Phòng",680000000.0,6.09,land,,,,111658456.49,
WTQZMR,"Thửa 285 - tờ 84 Vọng Hải, P.Hưng Đạo, Q.Dương Kinh, TP. Hải Phòng",1350000.0,26.01,land,,,,51903.11,
0MUB49,"Thửa 178A-2 - tờ 6 Nghĩa Lộ, P.Yên Nghĩa, Q.Hà Đông, TP. Hà Nội",5600000.0,133.01,land,,,,42102.1,
UCJZKS,"Thửa 310- Tờ 75 Kiệt 86 Thiên Thai, P.An Tây, Q.Thuận Hóa, TP. Huế",910.0,7.48,land,,,,121.66,
6Y49S8,"Thửa 309 - Tờ 75 Kiệt 86 Thiên Thai, P.An Tây, Q.Thuận Hóa, TP. Huế",910.0,7.53,land,,,,120.85,
6Y4AG8,"Thửa A21 - tờ KQH Lê Quang Quận, P.Hương Long, Q.Phú Xuân, TP. Huế",3870000.0,21.98,land,,,,176069.15,
EGXCJ4,"564 QL 14G, Xã Hòa Phong, H.Hòa Vang, TP. Đà Nẵng",5800000.0,10.76,land,,,,539033.46,
5ERCA7,"Thửa 149 - Tờ 2 Số 486 Chi Lăng, P.Phú Hậu, Q.Phú Xuân, TP. Huế",1970000.0,21.01,land,,,,93764.87,
C9ZRYB,"Thửa 780 - Tờ 7 Bãi Sậy 3, P.Hương Sơ, Q.Phú Xuân, TP. Huế",1650000.0,23.57,land,,,,70004.24,
3HEANQ,"Thửa 755 - Tờ 10 Bãi Sậy 3, P.Hương Sơ, Q.Phú Xuân, TP. Huế",1420000.0,20.28,land,,,,70019.72,
SB46W5,"Thửa 198 - tờ 69 Thôn Thanh Trí, Xã Minh Phú, H.Sóc Sơn, TP. Hà Nội",3030000.0,13.49,land,,,,224610.82,
G63YF2,"Lô 15 Ngô Quyền, P.Thọ Quang, Q.Sơn Trà, TP. Đà Nẵng",9500000.0,79.83,land,,,,119002.88,
9VNNKP,"Thửa 631 - Tờ 8 Phan Văn Trị, TT.Phong Điền, H.Phong Điền, TP. Cần Thơ",2990000.0,40.52,land,,,,73790.72,
1AU1S6,"Thửa 833 - tờ 26 Lê Ngô Cát, P.Thuỷ Xuân, Q.Thuận Hóa, TP. Huế",3500000.0,34.93,land,,,,100200.4,
74KQZA,"Thửa 500.2 - tờ 03 Thôn Cẩm La, Xã Thanh Sơn, H.Kiến Thuỵ, TP. Hải Phòng",3000000.0,24.0,land,,,,125000.0,
9V2YXP,"Thửa 1891A - tờ 04 Thôn Đông, P.Quảng Thanh, TP.Thuỷ Nguyên, TP. Hải Phòng",899.0,8.99,land,,,,100.0,
6AMNU8,"206 (Thửa 283 - tờ 113) Quách Thị Trang, P.Hòa Xuân, Q.Cẩm Lệ, TP. Đà Nẵng",6000000.0,60.0,land,,,,100000.0,
UK6M3S,"969 Đại tảo, Xã Hưng Đạo, H.Quốc Oai, TP. Hà Nội",3500000.0,31.81,land,,,,110028.29,
17N346,"9/16 (Thửa 450 - tờ 11) Đoãn Hữu Trưng, P.Phước Vĩnh, Q.Thuận Hóa, TP. Huế",1650000.0,24.92,land,,,,66211.88,
6ANEW8,"Thửa 1015 - Tờ 52 Hoàng Quốc Việt, P.An Bình, Q.Ninh Kiều, TP. Cần Thơ",18000000.0,39.08,land,,,,460593.65,
7E390A,"Thửa 1093 - tờ 11 Thích Tịnh Khiết, P.Thuỷ Xuân, Q.Thuận Hóa, TP. Huế",1850000.0,17.24,land,,,,107308.58,
PVF62G,"Thửa 257 - tờ 01 Xóm An Phú, TT.Chúc Sơn, H.Chương Mỹ, TP. Hà Nội",3100000.0,46.96,land,,,,66013.63,
8YZTT3,"Thửa 514 - tờ 26 Tỉnh lộ 10A, Xã Phú Mỹ, H.Phú Vang, TP. Huế",2580000.0,22.97,land,,,,112320.42,
3DTD0Q,"Thửa 3177 - Tờ 59 Rạch Lung Trâu, P.Thường Thạnh, Q.Cái Răng, TP. Cần Thơ",420.0,2.75,land,,,,152.73,
4G5EUF,"Thửa 168-1 - tờ 47 Gò Sỏi, Xã Hồng Kỳ, H.Sóc Sơn, TP. Hà Nội",1600000.0,20.02,land,,,,79920.08,
SCNPM5,"Thửa 176 - tờ 79 Thôn Viên Nội, Xã Vân Nội, H.Đông Anh, TP. Hà Nội",6000000.0,78.94,land,,,,76007.09,
9MKMXP,"C2-21 Tế Hanh, P.Hòa Xuân, Q.Cẩm Lệ, TP. Đà Nẵng",5300000.0,39.25,land,,,,135031.85,
DWN5MH,"Thửa 4030 - tờ 1 Thôn 3, P.Dương Quan, TP.Thuỷ Nguyên, TP. Hải Phòng",32000000.0,71.03,land,,,,450513.87,
JNQA70,"86 Đường 3A, P.An Khánh, Q.Ninh Kiều, TP. Cần Thơ",6100000.0,67.77,land,,,,90010.33,
UKWX4S,"Thửa 142 - tờ 56 Trung Oai, Xã Tiên Dương, H.Đông Anh, TP. Hà Nội",6390000.0,78.02,land,,,,81902.08,
EPXSH4,"Thửa D24 - tờ KQH Lương Nhữ Hộc, P.An Tây, Q.Thuận Hóa, TP. Huế",3250000.0,21.66,land,,,,150046.17,
UK4UZS,"Thửa 15/B2-6 - tờ 00 Nguyễn Kiều, P.Hòa Khánh Bắc, Q.Liên Chiểu, TP. Đà Nẵng",5200000.0,52.0,land,,,,100000.0,
SCEZC5,"Thửa 1153 - tờ 7 Thôn Bách Phương, Xã An Thắng, H.An Lão, TP. Hải Phòng",1100000.0,17.05,land,,,,64516.13,
17YRR6,"Thửa 83(4)-1 - tờ 51 Xóm Mít, Xã Cổ Loa, H.Đông Anh, TP. Hà Nội",3600000.0,59.6,land,,,,60402.68,
WZG1BR,"Thửa 664 - tờ 34 Phùng Quán, P.Thủy Dương, TX.Hương Thủy, TP. Huế",2250000.0,14.94,land,,,,150602.41,
QHYEPU,"Thửa 666 - tờ 13 Thôn Đoàn Kết, Xã Minh Tân, H.Kiến Thuỵ, TP. Hải Phòng",950.0,5.94,land,,,,159.93,
A4CV5Y,"Thửa 601 - tờ 85 Tổ 15, P.Yên Nghĩa, Q.Hà Đông, TP. Hà Nội",5100000.0,83.6,land,,,,61004.78,
0XZHP9,"Thửa 199B - tờ 6 Nghĩa Lộ, P.Yên Nghĩa, Q.Hà Đông, TP. Hà Nội",10900000.0,73.89,land,,,,147516.58,
3D7G9Q,"Thửa 476;484 - tờ 85 Hòa Bình, P.Yên Nghĩa, Q.Hà Đông, TP. Hà Nội",2650000.0,42.94,land,,,,61714.02,
KJBU5C,"Thửa 2317 - Tờ 16 Lê Phước Thọ, P.Long Hòa, Q.Bình Thuỷ, TP. Cần Thơ",32000000.0,13.0,land,,,,2461538.46,
0XPYG9,"Yên Lộ, P.Yên Nghĩa, Q.Hà Đông, TP. Hà Nội",8300000.000000001,165.66,land,,,,50102.62,
UK5P9S,"Thửa 682 (D33) - tờ 10 Huỳnh Bá Chánh, P.Hương Sơ, Q.Phú Xuân, TP. Huế",1220000.0,20.33,land,,,,60009.84,
YFHFHD,"Thửa 154 - tờ 58 Thôn Đô Tân, Xã Bắc Sơn, H.Sóc Sơn, TP. Hà Nội",690.0,6.9,land,,,,100.0,
W2F60R,"Thửa 233 -Tờ 88 TĐC Hòa Nghĩa, P.Hoà Nghĩa, Q.Dương Kinh, TP. Hải Phòng",3000000.0,29.75,land,,,,100840.34,
KRHERC,"Thửa 529 - tờ 5 Nguyễn Văn Đào, P.Thuỷ Xuân, Q.Thuận Hóa, TP. Huế",4350000.0,40.09,land,,,,108505.86,
7BQX1A,"Thửa 460 - tờ 47(KQH) Lê Công Hành, P.An Tây, Q.Thuận Hóa, TP. Huế",2700000.0,27.0,land,,,,100000.0,
7BQNVA,"Viên ngoại, Xã Hoa Viên, H.Ứng Hòa, TP. Hà Nội",2500000.0,26.65,land,,,,93808.63,
3YVP2Q,"Thửa 83-3-3-1 - tờ 16 Vân Trì, Xã Vân Nội, H.Đông Anh, TP. Hà Nội",2200000.0,50.8,land,,,,43307.09,
8A2XX3,"Thửa 24 - tờ 55 Thôn Sằn, Xã Cổ Loa, H.Đông Anh, TP. Hà Nội",2400000.0,71.85,land,,,,33402.92,
7BV8QA,"Thửa 309 - tờ 9 Phương Chử Đông, Xã Trường Thành, H.An Lão, TP. Hải Phòng",2700000.0,22.65,land,,,,119205.3,
RZ7ATJ,"Thửa 160 - tờ 213 Lương Khắc Ninh, P.Hòa Xuân, Q.Cẩm Lệ, TP. Đà Nẵng",4950000.0,49.5,land,,,,100000.0,
PMA99G,"Thửa 298 - Tờ 219 Kiệt Nam Cao, P.Hòa Khánh Bắc, Q.Liên Chiểu, TP. Đà Nẵng",2000000.0,22.22,land,,,,90009.0,
8ARZ13,"Thửa 504 - Tờ 55 Yên Ninh, Xã Hiền Ninh, H.Sóc Sơn, TP. Hà Nội",2150000.0,26.54,land,,,,81009.8,
9X7BFP,"Thửa 683 - tờ 10 Huỳnh Bá Chánh, P.Hương Sơ, Q.Phú Xuân, TP. Huế",1280000.0,21.33,land,,,,60009.38,
DFNV0H,"Thửa 303 - tờ 61 Kiệt Nguyễn Hạnh, P.Vỹ Dạ, Q.Thuận Hóa, TP. Huế",1390000.0,15.13,land,,,,91870.46,
UH9BXS,"Thửa C9 - tờ KQH Trần Đại Nghĩa, P.An Tây, Q.Thuận Hóa, TP. Huế",5820000.0,20.78,land,,,,280077.0,
3YR72Q,"Thửa 198 - tờ 47 Thụy Lôi, Xã Thuỵ Lâm, H.Đông Anh, TP. Hà Nội",5100000.0,63.75,land,,,,80000.0,
8AW5C3,"Thửa 89 - tờ 82 Mạnh Tân, Xã Thuỵ Lâm, H.Đông Anh, TP. Hà Nội",3100000.0,56.98,land,,,,54405.05,
RZQPCJ,"Thửa 561 - Tờ 65 Trưng Nữ Vương, P.Thủy Phương, TX.Hương Thủy, TP. Huế",3050000.0,20.44,land,,,,149217.22,
3YRSPQ,"Thửa 256 - Tờ 18 KQH Xuân Phú, P.Xuân Phú, Q.Thuận Hóa, TP. Huế",3820000.0,45.0,land,,,,84888.89,
DFTKQH,"Thửa 664 - tờ 7 Phương Chử Tây, Xã Trường Thành, H.An Lão, TP. Hải Phòng",2100000.0,23.33,land,,,,90012.86,
3YRU9Q,"Thửa 709 - tờ 73 Thôn Hạ Câu, Xã Quốc Tuấn, H.An Lão, TP. Hải Phòng",1550000.0,18.19,land,,,,85211.65,
QDRQ6U,"Thửa Lô B1 - Tờ KQH đường Hồng Chương, P.An Đông, Q.Thuận Hóa, TP. Huế",9450000.0,45.0,land,,,,210000.0,
DFZD3H,"Thửa 537 - tờ 89 Thôn Hòa Giang, Xã Trường Thành, H.An Lão, TP. Hải Phòng",1690000.0,13.59,land,,,,124356.14,
7BP7PA,"Thửa  746 - Tờ 5, Đường Bao Mỹ 10 KQH Hương Sơ, P.Hương Sơ, Q.Phú Xuân, TP. Huế",1350000.0,22.5,land,,,,60000.0,
W28TVR,"Thửa 1236 (tách từ thửa 511) - tờ 09 Thôn Kiều Trung, P.Hồng Thái, Q.An Dương, TP. Hải Phòng",1280000.0,20.94,land,,,,61127.03,
UHRF3S,"Thửa 230 - Tờ 46, Số 22 Hoà An 23, P.Hòa An, Q.Cẩm Lệ, TP. Đà Nẵng",4650000.0,46.5,land,,,,100000.0,
0N6029,"Thửa 124 - Tờ 53 thôn Lâm Nghiệp, Xã Minh Phú, H.Sóc Sơn, TP. Hà Nội",3020000.0,27.0,land,,,,111851.85,
W2MB9R,"Thửa 360 - tờ 2 Mai Hiên, Xã Mai Lâm, H.Đông Anh, TP. Hà Nội",11150000.0,135.97,land,,,,82003.38,
QDEWVU,"Thửa 330 - tờ 84 Trà Khê, P.Anh Dũng, Q.Dương Kinh, TP. Hải Phòng",1600000.0,36.78,land,,,,43501.9,
AEJP0Y,"Thửa 733 - Tờ 28 thôn Hoành, Xã Đồng Tâm, H.Mỹ Đức, TP. Hà Nội",1290000.0,18.76,land,,,,68763.33,
GVQSD2,"Thửa 661 - tờ 7 Bồng Văn Dĩa, P.Thuỷ Xuân, Q.Thuận Hóa, TP. Huế",3550000.0,35.5,land,,,,100000.0,
3YBAVQ,"Thửa 40 - Tờ 422 Đinh Đạt, P.Phước Mỹ, Q.Sơn Trà, TP. Đà Nẵng",16200000.0,178.02,land,,,,91001.01,
7BRKZA,"Thửa 1099E - tờ 03 Thôn Đỉnh, Xã Bạch Đằng, TP.Thuỷ Nguyên, TP. Hải Phòng",700.0,10.2,land,,,,68.63,
CJGZ4B,"Thửa 68 - tờ 39 Đình Trung, Xã Xuân Nộn, H.Đông Anh, TP. Hà Nội",3900000.0,80.91,land,,,,48201.71,
67HSG8,"Thửa 876 - tờ 64 Thôn Cẩm Văn, Xã Quốc Tuấn, H.An Lão, TP. Hải Phòng",1200000.0,8.8,land,,,,136363.64,
SK4DZ5,"Thửa 510.1 - tờ 219CII Thôn Đông Nham, Xã Quốc Tuấn, H.An Lão, TP. Hải Phòng",1450000.0,15.07,land,,,,96217.65,
UHEYCS,"Thửa 874 - Tờ 10 KQH Hương Sơ, P.Hương Sơ, Q.Phú Xuân, TP. Huế",1290000.0,21.58,land,,,,59777.57,
Y4R72D,"Thửa 06-C3 - Tờ 00 Nguyễn Khoa Chiêm, P.Hòa Phát, Q.Cẩm Lệ, TP. Đà Nẵng",9990000.0,69.37,land,,,,144010.38,
QDCTYU,"Thửa 35 - Tờ B Mẹ Thứ, P.Hòa Xuân, Q.Cẩm Lệ, TP. Đà Nẵng",6400000.0,64.0,land,,,,100000.0,
9XVFXP,"Thửa 689 - Tờ 16 Đức Bưu 3, P.Hương Sơ, Q.Phú Xuân, TP. Huế",1650000.0,20.37,land,,,,81001.47,
CJ971B,"Thửa 677 - tờ 15 Lê Đức Anh, P.Thủy Vân, Q.Thuận Hóa, TP. Huế",2550000.0,21.94,land,,,,116226.07,
UHCV9S,"Thửa 298 - Tờ 36 Phú Mãn, Xã Phú Mãn, H.Quốc Oai, TP. Hà Nội",3900000.0,14.0,land,,,,278571.43,
RZNY7J,"Thửa 487 - tờ 20 Nguyễn Sinh Cung, P.Phú Thượng, Q.Thuận Hóa, TP. Huế",1780000.0,29.66,land,,,,60013.49,
67Y9W8,"Thửa 144 - Tờ 276 Lê Công Kiều, P.Hòa Khánh Bắc, Q.Liên Chiểu, TP. Đà Nẵng",5000000.0,26.32,land,,,,189969.6,
UHCZFS,"Thửa 310 - Tờ 23 đường 427, Xã Tự Nhiên, H.Thường Tín, TP. Hà Nội",4400000.0,54.38,land,,,,80912.1,
SKBF35,"Thửa 1004 - tờ 110 K60, Tô Hiệu, P.Hòa Minh, Q.Liên Chiểu, TP. Đà Nẵng",3990000.0,66.27,land,,,,60208.24,
QDKERU,"Thửa 772 - tờ 7 Bãi Sậy 3, P.Hương An, Q.Phú Xuân, TP. Huế",1700000.0,24.28,land,,,,70016.47,
PMVZQG,"Thửa 523 - Tờ 32 Thanh Lam, P.Thủy Phương, TX.Hương Thủy, TP. Huế",3350000.0,14.2,land,,,,235915.49,
7BEYTA,"Thửa 806 - tờ 57 Võ Chí Công, P.Vỹ Dạ, Q.Thuận Hóa, TP. Huế",1550000.0,18.67,land,,,,83020.89,
Y44YMD,"Thửa 920 - tờ 22 Thôn Tân Linh, Xã Minh Tân, H.Kiến Thuỵ, TP. Hải Phòng",798.0,10.27,land,,,,77.7,
CJJK5B,"Thửa 1931 - Tờ 7, Đường số 4B KDC 8C, P.Hưng Thạnh, Q.Cái Răng, TP. Cần Thơ",7200000.0,41.14,land,,,,175012.15,
Y441JD,"Thửa 268H5 - tờ 11 Thôn Vĩnh Khê, P.An Đồng, Q.An Dương, TP. Hải Phòng",2600000.0,38.92,land,,,,66803.7,
JTTQD0,"Thửa 182 - tờ 17 Nguyễn Chánh, P.Hòa Minh, Q.Liên Chiểu, TP. Đà Nẵng",2690000.0,44.68,land,,,,60205.91,
8A7AZ3,"Thửa 153 - Tờ 37 thôn Thanh Lợi, Xã Hồng Sơn, H.Mỹ Đức, TP. Hà Nội",750.0,13.83,land,,,,54.23,
9XNXHP,"Thửa 1111 - tờ 21 TDP Lại Thế, P.Phú Thượng, Q.Thuận Hóa, TP. Huế",1550000.0,22.14,land,,,,70009.03,
Y4EEUD,"Thửa 25 - tờ 1ARM Ngô Yến, P.An Hồng, Q.Hồng Bàng, TP. Hải Phòng",5600000.0,28.0,land,,,,200000.0,
7BCK1A,"Thửa 795 - Tờ 19 Thôn Thấp Linh, Xã Minh Tân, H.Kiến Thuỵ, TP. Hải Phòng",990.0,15.71,land,,,,63.02,
UHYQCS,"Thửa 120 - Tờ 130 Tĩnh Hải, P.Hoà Nghĩa, Q.Dương Kinh, TP. Hải Phòng",3300000.0,22.0,land,,,,150000.0,
5CHUQ7,"Thửa 762 - Tờ 5 KV Bình Yên, P.Long Hòa, Q.Bình Thuỷ, TP. Cần Thơ",610.0,7.53,land,,,,81.01,
Y4BGBD,"Thửa 181 - tờ 253 Trung Lập 5, P.Hòa Hiệp Nam, Q.Liên Chiểu, TP. Đà Nẵng",3950000.0,39.5,land,,,,100000.0,
8A57G3,"Thửa 210 - tờ 29 Cao Văn Khánh, P.Hương An, Q.Phú Xuân, TP. Huế",1950000.0,9.75,land,,,,200000.0,
CJWREB,"Thửa 460 - tờ 68 Thôn Xuân Phú, Xã Hòa Sơn, H.Hòa Vang, TP. Đà Nẵng",3000000.0,23.94,land,,,,125313.28,
7BKK5A,"Thửa E7-22 -Tờ 2, Số 92 Vũ Miên, Xã Hòa Phước, H.Hòa Vang, TP. Đà Nẵng",4200000.0,35.29,land,,,,119013.88,
ABAV7Y,"Thửa 48 - tờ 22-2022 Thôn Dụ Nghĩa, P.Lê Thiện, Q.An Dương, TP. Hải Phòng",1300000.0,15.04,land,,,,86436.17,
WGW7ZR,"Thửa 72 - tờ 286 Trương Hoàn, P.Hòa Hiệp Nam, Q.Liên Chiểu, TP. Đà Nẵng",3500000.0,35.0,land,,,,100000.0,
UDUZ7S,"Thửa 1375 - tờ 9 Thôn Kiều Trung, P.Hồng Thái, Q.An Dương, TP. Hải Phòng",1300000.0,19.31,land,,,,67322.63,
R2RUDJ,"Thửa 367 - Tờ 56 Kinh Dương Vương, P.Thuận An, Q.Thuận Hóa, TP. Huế",3700000.0,32.14,land,,,,115121.34,
QYQJ1U,"Thửa 620 - Tờ 21 Nguyễn Lâm, P.An Hòa, Q.Phú Xuân, TP. Huế",3490000.0,23.0,land,,,,151739.13,
CRCTTB,"Thửa 1965 - tờ 216 Thôn Kiều Trung, P.Hồng Thái, Q.An Dương, TP. Hải Phòng",1250000.0,16.89,land,,,,74008.29,
GMGUJ2,"Thửa 330a - Tờ 10 Đường 402, P.Hoà Nghĩa, Q.Dương Kinh, TP. Hải Phòng",2850000.0,28.7,land,,,,99303.14,
ABARNY,"Thửa 35 - tờ 5 Phan Đăng Lưu, P.Lê Lợi, Q.An Dương, TP. Hải Phòng",3800000.0,30.64,land,,,,124020.89,
SHSK75,"Thửa 117 - Tờ 122 Đồng Xoài, P.Hòa Minh, Q.Liên Chiểu, TP. Đà Nẵng",5200000.0,57.77,land,,,,90012.12,
SHSHU5,"Thửa 763 - tờ 151 Thôn An Trạch, Xã Hòa Tiến, H.Hòa Vang, TP. Đà Nẵng",1850000.0,16.56,land,,,,111714.98,
ABAK0Y,"Thửa 1358 - tờ 16 Đức Bưu 2, P.Hương Sơ, Q.Phú Xuân, TP. Huế",1350000.0,22.5,land,,,,60000.0,
WGFWSR,"55 (Thửa 2 - tờ 153) Phan Thao, P.Hòa Xuân, Q.Cẩm Lệ, TP. Đà Nẵng",6800000.0,68.0,land,,,,100000.0,
2VGCQZ,"Thửa 183 -Tờ 99 Đỗ Huy Uyển, P.An Hải Bắc, Q.Sơn Trà, TP. Đà Nẵng",15000000.0,150.0,land,,,,100000.0,
5KUZV7,"Thửa 280 - tờ 2 Thiết Bình, Xã Vân Hà, H.Đông Anh, TP. Hà Nội",3900000.0,47.21,land,,,,82609.62,
7CSTTA,"Thửa 446 - tờ 88 Thôn 4, Xã Phú Cát, H.Quốc Oai, TP. Hà Nội",5900000.0,30.1,land,,,,196013.29,
65VWG8,"Thửa 1064 - tờ 52 Thanh Lâm, TT.Quang Minh, H.Mê Linh, TP. Hà Nội",5100000.0,53.34,land,,,,95613.05,
3A6R9Q,"Thửa 23A - tờ 02 TDP Vân Tra, P.An Đồng, Q.An Dương, TP. Hải Phòng",5600000.0,40.0,land,,,,140000.0,
5KU0Z7,"Thửa LK4-21 - tờ phân lô đấu giá Bãi Vạc, TT.Đại Nghĩa, H.Mỹ Đức, TP. Hà Nội",4900000.0,59.39,land,,,,82505.47,
UD3RJS,"Thửa 150 - tờ 102 thôn 2, Xã Phú Cát, H.Quốc Oai, TP. Hà Nội",3550000.0,24.06,land,,,,147547.8,
E0CTB4,"Thửa 3705 - tờ 3 TDP 5, P.Lưu Kiếm, TP.Thuỷ Nguyên, TP. Hải Phòng",999.0,8.53,land,,,,117.12,
UD3KCS,"Thửa 52 - tờ 17 TDP 6, P.Lưu Kiếm, TP.Thuỷ Nguyên, TP. Hải Phòng",790.0,9.82,land,,,,80.45,
SHQCD5,"114 (Thửa 22 - tờ 00) Nguyễn Quyền, P.Hòa An, Q.Cẩm Lệ, TP. Đà Nẵng",4850000.0,53.88,land,,,,90014.85,
QY6QWU,"Thửa (972+973)B - Tờ 03 Thôn 8, P.Trần Hưng Đạo, TP.Thuỷ Nguyên, TP. Hải Phòng",2050000.0,20.79,land,,,,98605.1,
QY66TU,"Thửa 4360 - Tờ 1 Thôn 5, P.Quảng Thanh, TP.Thuỷ Nguyên, TP. Hải Phòng",2050000.0,19.65,land,,,,104325.7,
WGEH6R,"Thửa 1031 - tờ 147 Thôn An Trạch, Xã Hòa Tiến, H.Hòa Vang, TP. Đà Nẵng",1560000.0,11.64,land,,,,134020.62,
5K3TQ7,"Thửa 200 - Tờ 6, Số 272 Nguyễn Sinh Cung, P.Vỹ Dạ, Q.Thuận Hóa, TP. Huế",2350000.0,23.5,land,,,,100000.0,
49K1CF,"Thửa 484 - Tờ 17 Thôn Vinh Vệ, Xã Phú Mỹ, H.Phú Vang, TP. Huế",2550000.0,15.93,land,,,,160075.33,
65X448,"Thửa 207 - tờ 26 Kim Nê, Xã Thanh Bình, H.Chương Mỹ, TP. Hà Nội",3200000.0,20.21,land,,,,158337.46,
R2E6DJ,"Thửa 266 - Tờ 55 ĐT 446, Xã Yên Bình, H.Thạch Thất, TP. Hà Nội",3500000.0,20.43,land,,,,171316.69,
ABUJ6Y,"Thửa 219 - Tờ 67 Bãi Dài, Xã Tiến Xuân, H.Thạch Thất, TP. Hà Nội",2500000.0,28.24,land,,,,88526.91,
UD6HXS,"Thửa 141 - tờ 93 Thượng Đức, P.Minh Đức, Q.Đồ Sơn, TP. Hải Phòng",1500000.0,14.21,land,,,,105559.47,
5K8MS7,"Thửa 238 - Tờ 8 Quốc Lộ 32, TT.Trạm Trôi, H.Hoài Đức, TP. Hà Nội",9000000.0,170.77,land,,,,52702.47,
SH1615,"16/22/25 (Thửa 113 - tờ 59) Quang Đàm, P.Sở Dầu, Q.Hồng Bàng, TP. Hải Phòng",2600000.0,55.34,land,,,,46982.29,
49DY2F,"Thửa 15 - tờ QH Đình Trung, Xã Xuân Nộn, H.Đông Anh, TP. Hà Nội",7500000.0,62.5,land,,,,120000.0,
SH1MV5,"Thửa 92 - tờ 60 Đản Mỗ, Xã Uy Nỗ, H.Đông Anh, TP. Hà Nội",3800000.0,82.6,land,,,,46004.84,
UDVN6S,"Thửa 103 - tờ 3 Phù Liên, Xã Bắc Hồng, H.Đông Anh, TP. Hà Nội",7400000.0,70.07,land,,,,105608.68,
5K6MA7,"Thửa 24 - tờ 13 Đê Phương Trạch, Xã Cổ Loa, H.Đông Anh, TP. Hà Nội",3000000.0,89.82,land,,,,33400.13,
E0YQT4,"Thửa 150 - tờ 66 Thôn Quan Âm, Xã Bắc Hồng, H.Đông Anh, TP. Hà Nội",4000000.0,65.57,land,,,,61003.51,
SH1P95,"Thửa Lô số 74B - tờ 09 (QĐ594) TĐC Đồng Dứa, P.Đằng Hải, Q.Hải An, TP. Hải Phòng",4800000.0,40.0,land,,,,120000.0,
SH14F5,"Thửa 223 - Tờ 21 thôn La Đồng, Xã Hợp Thanh, H.Mỹ Đức, TP. Hà Nội",850.0,9.92,land,,,,85.69,
GMW102,"Thửa 211 - Tờ 168 TDP Số 9, P.Hoà Nghĩa, Q.Dương Kinh, TP. Hải Phòng",820.0,17.11,land,,,,47.93,
PXFTFG,"Thửa 119 - Tờ 84 Trà Khê, P.Anh Dũng, Q.Dương Kinh, TP. Hải Phòng",2500000.0,32.46,land,,,,77017.87,
652VD8,"Thửa 322 - Tờ 42 đường La Thành, Xã Tân Tiến, H.Chương Mỹ, TP. Hà Nội",1960000.0,15.0,land,,,,130666.67,
3AT6SQ,"Thửa 442 - Tờ 23 thôn Văn Phú, Xã An Phú, H.Mỹ Đức, TP. Hà Nội",760.0,10.02,land,,,,75.85,
PXEB5G,"Thửa 584 - Tờ 22 thôn Đông Lai, Xã Quang Tiến, H.Sóc Sơn, TP. Hà Nội",3040000.0,32.0,land,,,,95000.0,
652028,"Thửa 583 - Tờ 22 thôn Đông Lai, Xã Quang Tiến, H.Sóc Sơn, TP. Hà Nội",3050000.0,32.0,land,,,,95312.5,
1SJUG6,"Thửa 1037 - Tờ 16 Kiệt Thu Bồn, P.Thuỷ Xuân, Q.Thuận Hóa, TP. Huế",1650000.0,16.3,land,,,,101226.99,
QYG5MU,"305 (Thửa 81 - tờ 203) Phù Đổng, P.Hòa Xuân, Q.Cẩm Lệ, TP. Đà Nẵng",4500000.0,45.0,land,,,,100000.0,
5KZ597,"26 (Thửa 90 - tờ 203) Hòa Nhân 6, P.Hòa Xuân, Q.Cẩm Lệ, TP. Đà Nẵng",4000000.0,40.0,land,,,,100000.0,
2VKFRZ,"Thửa Lô E8 - tờ 17 Tuy Lý Vương, P.Vỹ Dạ, Q.Thuận Hóa, TP. Huế",5460000.0,35.0,land,,,,156000.0,
KW1URC,"Thửa 528.7 - Tờ 21 Thôn Vũ Vị, Xã Minh Tân, H.Kiến Thuỵ, TP. Hải Phòng",795.0,11.86,land,,,,67.03,
E03SQ4,"Thửa 666 - tờ 13 Thôn Đông Cựu, Xã Đông Phương Yên, H.Chương Mỹ, TP. Hà Nội",2000000.0,40.89,land,,,,48911.71,
E03364,"Thửa 344 - tờ 23 Bột Xuyên, Xã Mỹ Xuyên, H.Mỹ Đức, TP. Hà Nội",1400000.0,17.5,land,,,,80000.0,
UDG98S,"Thửa 221 - Tờ 19, Lô số ĐG-06 Khu Lỗ Đồng - Bồ Cóc đường 419, Xã Đại Đồng, H.Thạch Thất, TP. Hà Nội",6900000.0,46.0,land,,,,150000.0,
1SWF56,"Thửa 269 - Tờ 12 thôn Trì, Xã Thượng Lâm, H.Mỹ Đức, TP. Hà Nội",1750000.0,22.15,land,,,,79006.77,
WGUXXR,"Thửa 235 - Tờ 3 Xóm Trại, Xã Đại Yên, H.Chương Mỹ, TP. Hà Nội",4100000.0,62.12,land,,,,66001.29,
ABTWAY,"Thửa 508 - Tờ 48 thôn Đình Lê, Xã Tuy Lai, H.Mỹ Đức, TP. Hà Nội",920.0,16.16,land,,,,56.93,
ABTE7Y,"Thửa 422 - Tờ 28 thôn Lai Tảo, Xã Mỹ Xuyên, H.Mỹ Đức, TP. Hà Nội",750.0,17.08,land,,,,43.91,
E08JR4,"Thửa 154 - tờ 61 TDP Trung Nghĩa, P.Hợp Đức, Q.Đồ Sơn, TP. Hải Phòng",999.0,19.78,land,,,,50.51,
WGQE4R,"359 (Thửa 3314 - tờ 2) My Đông, P.Phạm Ngũ Lão, TP.Thuỷ Nguyên, TP. Hải Phòng",6600000.0,76.21,land,,,,86602.81,
3AJCXQ,"Thửa 12245 - Tờ 1 đường A1, P.Phú Thứ, Q.Cái Răng, TP. Cần Thơ",3200000.0,26.66,land,,,,120030.01,
0TSW49,"Thửa ĐG10-15 - Tờ SĐGĐ Lai Xá, Xã Kim Chung, H.Hoài Đức, TP. Hà Nội",12500000.0,172.41,land,,,,72501.6,
3AR14Q,"Thửa 9 - tờ 223 Xuân Thiều 8, P.Hòa Hiệp Nam, Q.Liên Chiểu, TP. Đà Nẵng",3950000.0,49.37,land,,,,80008.1,
PX7RRG,"Thửa ĐDT-20 - Tờ SĐGĐ Lai Xá, Xã Kim Chung, H.Hoài Đức, TP. Hà Nội",11900000.0,158.66,land,,,,75003.15,
2VYJ2Z,"Thửa 36 - Tờ SĐGĐ Thôn Dậu, Xã Di Trạch, H.Hoài Đức, TP. Hà Nội",8500000.0,171.71,land,,,,49502.07,
65FZS8,"Thửa 19 - Tờ 29 Yên Xuân, Xã Yên Trung, H.Thạch Thất, TP. Hà Nội",5940000.0,4.8,land,,,,1237500.0,
7CG17A,"Thửa 2973 - Tờ 1, Đường số 10 KDC 11C, P.Phú Thứ, Q.Cái Răng, TP. Cần Thơ",2490000.0,29.75,land,,,,83697.48,
3ARGUQ,"08 (Thửa KT04/4 - tờ 327) Trần Tấn, P.Hòa Hiệp Nam, Q.Liên Chiểu, TP. Đà Nẵng",4700000.0,44.76,land,,,,105004.47,
0TUTZ9,"Thửa 02 - Tờ Mảnh trích đo địa chính số 07-2022 Đường 404, Xã Đoàn Xá, H.Kiến Thuỵ, TP. Hải Phòng",3550000.0,25.33,land,,,,140150.02,
YEPXYD,"Thửa 746 - tờ 21 Lê Ngô Cát, Xã Phú Xuân, H.Phú Vang, TP. Huế",3550000.0,35.5,land,,,,100000.0,
0T3AY9,"Thửa 2206 - Tờ 53, Hẻm 6 Trần Vĩnh Kiết, P.An Bình, Q.Ninh Kiều, TP. Cần Thơ",5000000.0,25.0,land,,,,200000.0,
87ERN3,"Thửa 353 - tờ 45 Thôn An Ninh, Xã Hòa Nhơn, H.Hòa Vang, TP. Đà Nẵng",1150000.0,9.49,land,,,,121180.19,
SHR035,"Thửa 360 - Tờ 120, Đường số 7 KDC 91B, P.Tân An, Q.Ninh Kiều, TP. Cần Thơ",3850000.0,38.5,land,,,,100000.0,
UDWRUS,"Thửa 295 - Tờ 54, Đường số 7 KDC 91B, P.Tân An, Q.Ninh Kiều, TP. Cần Thơ",3850000.0,38.5,land,,,,100000.0,
JZ8860,"Thửa 358 - Tờ 8, Đường số 3 KDC 11A, P.Hưng Thạnh, Q.Cái Răng, TP. Cần Thơ",5700000.0,50.22,land,,,,113500.6,
65BCQ8,"82/3 (Thửa 177 - tờ 24) Nguyễn Sinh Cung, P.Vỹ Dạ, Q.Thuận Hóa, TP. Huế",2100000.0,19.81,land,,,,106007.07,
65BD68,"Thửa 478 - tờ 31 KDC Thanh Lam, P.Thủy Phương, TX.Hương Thủy, TP. Huế",2050000.0,13.01,land,,,,157571.1,
2V58YZ,"Thửa 94 - Tờ 108 Trần Lê, P.Hòa Xuân, Q.Cẩm Lệ, TP. Đà Nẵng",6550000.0,60.93,land,,,,107500.41,
GMUPZ2,"Thửa 234 - Tờ 13, Kiêt 1014 Tôn Đản, P.Hòa Thọ Tây, Q.Cẩm Lệ, TP. Đà Nẵng",2890000.0,36.03,land,,,,80210.94,
2VUX5Z,"1074/2/2 (Thửa 272 - tờ 53) Trường Chinh, P.Hòa Phát, Q.Cẩm Lệ, TP. Đà Nẵng",2850000.0,31.56,land,,,,90304.18,
5K46N7,"Thửa 6363 - Tờ 1, Đường số 47 KDC 586, P.Hưng Phú, Q.Cái Răng, TP. Cần Thơ",3800000.0,31.66,land,,,,120025.27,
3AKXJQ,"26C/106 (Thửa 367 - tờ 27) Nguyễn Lộ Trạch, P.Xuân Phú, Q.Thuận Hóa, TP. Huế",2100000.0,28.68,land,,,,73221.76,
87D6K3,"Thửa 1765 - Tờ 1 Thôn 9, Xã Liên Xuân, TP.Thuỷ Nguyên, TP. Hải Phòng",450.0,1.73,land,,,,260.12,
9NVJVP,"K32/9/5 (Thửa 390 - tờ 32) Phan Khoang, P.Hòa An, Q.Cẩm Lệ, TP. Đà Nẵng",2900000.0,36.25,land,,,,80000.0,
65YJ78,"Thửa 12 - tờ 55 Thôn Khương Mỹ, Xã Hòa Phong, H.Hòa Vang, TP. Đà Nẵng",2000000.0,11.49,land,,,,174064.4,
SHCQ05,"Thửa 805 - tờ 38 K106 Minh Mạng, P.Thuỷ Xuân, Q.Thuận Hóa, TP. Huế",1550000.0,15.39,land,,,,100714.75,
3AD10Q,"Thửa 439 -  Tờ 43 Nguyễn Khoa Chiêm, P.An Tây, Q.Thuận Hóa, TP. Huế",6700000.0,32.94,land,,,,203400.12,
JZNDE0,"Thửa 269 - tờ 27 TDP Ngọc Anh, P.Phú Thượng, Q.Thuận Hóa, TP. Huế",4450000.0,25.14,land,,,,177008.75,
UDKTWS,"Thửa 206 - tờ 83 K86 Thiên Thai, P.An Cựu, Q.Thuận Hóa, TP. Huế",1150000.0,9.49,land,,,,121180.19,
7CEMJA,"Thửa 697 - tờ 9 ấp Đông Thắng A, Xã Đông Thuận, H.Thới Lai, TP. Cần Thơ",650.0,1.92,land,,,,338.54,
3ADEAQ,"Thửa A3 - tờ 03 Thôn Ngọc Anh, P.Phú Thượng, Q.Thuận Hóa, TP. Huế",4150000.000000001,25.93,land,,,,160046.28,
65AH78,"Thửa 15 - tờ 49 Mỹ Khê 5, P.Phước Mỹ, Q.Sơn Trà, TP. Đà Nẵng",43000000.0,127.52,land,,,,337202.01,
AB4FJY,"Thửa 1772 - Tờ 88 Hoàng Quốc Việt, P.An Cựu, Q.Thuận Hóa, TP. Huế",1050000.0,10.48,land,,,,100190.84,
PXVXSG,"Thửa 932 - Tờ 14 Kiệt Hoài Thanh, P.Thuỷ Xuân, Q.Thuận Hóa, TP. Huế",1500000.0,14.74,land,,,,101763.91,
ABE0PY,"Thửa 406 - tờ 77 KQH Thủy Vân, P.Vỹ Dạ, Q.Thuận Hóa, TP. Huế",2880000.0,29.56,land,,,,97428.96,
3AYEYQ,"Thửa 819 - tờ 6 KQH Hương Sơ, P.Hương Sơ, Q.Phú Xuân, TP. Huế",1220000.0,19.96,land,,,,61122.24,
1S5HK6,"Thửa 107 - tờ 32 KQH Ngọc Anh, P.Phú Thượng, Q.Thuận Hóa, TP. Huế",3100000.0,24.56,land,,,,126221.5,
657KY8,"Thửa 208 - tờ 13 Dương Quảng Hàm, P.Thuỷ Xuân, Q.Thuận Hóa, TP. Huế",1590000.0,15.9,land,,,,100000.0,
3AYUVQ,"Thửa 847 - tờ 24 Thôn Tam Kiệt, Xã Hữu Bằng, H.Kiến Thuỵ, TP. Hải Phòng",999.0,16.48,land,,,,60.62,
7CCVPA,"Thửa 2966 - Tờ 2 Nguyên Hồng, P.Ba Láng, Q.Cái Răng, TP. Cần Thơ",2400000.0,20.72,land,,,,115830.12,
CRWU1B,"Lô 02 - Tờ 11 Nguyễn Lộ Trạch, P.Xuân Phú, Q.Thuận Hóa, TP. Huế",7400000.0,54.41,land,,,,136004.41,
7CKVGA,"Thửa 566 - tờ 11 Thôn Hà Đỗ, P.Hồng Phong, Q.An Dương, TP. Hải Phòng",1500000.0,24.5,land,,,,61224.49,
2VM46Z,"Thửa 1086 - Tờ 14, Số 10 Phạm Đình Toái, P.Thuỷ Xuân, Q.Thuận Hóa, TP. Huế",1950000.0,19.5,land,,,,100000.0,
GMXEZ2,"Thửa 465 - Tờ 38 Tôn Thất Bật, P.An Tây, Q.Thuận Hóa, TP. Huế",2400000.0,29.62,land,,,,81026.33,
875P53,"Thửa 261 - Tờ 13 Châu Sơn, P.Thủy Châu, TX.Hương Thủy, TP. Huế",1390000.0,13.9,land,,,,100000.0,
UDY2RS,"Thửa 112 - tờ 120 Nguyễn Lý, P.Hòa Xuân, Q.Cẩm Lệ, TP. Đà Nẵng",5300000.0,53.0,land,,,,100000.0,
7CKZRA,"Thửa 421 - tờ 8 Thôn Đồng Di, Xã Phú Hồ, H.Phú Vang, TP. Huế",1050000.0,8.3,land,,,,126506.02,
PXNQEG,"Thửa 709 - tờ 86 Ngô Miễn, Xã Hòa Liên, H.Hòa Vang, TP. Đà Nẵng",2500000.0,21.94,land,,,,113947.13,
UDYBPS,"Thửa 548 - tờ 29 Nguyễn Văn Chư, P.Thủy Phương, TX.Hương Thủy, TP. Huế",999.0,9.21,land,,,,108.47,
9NTTYP,"Thửa 114 - tờ 100 Trần Kim Xuyến, P.Hòa Xuân, Q.Cẩm Lệ, TP. Đà Nẵng",6000000.0,59.52,land,,,,100806.45,
9NZEVP,"Thửa 197 - tờ 42 Vân Đồn, P.Nại Hiên Đông, Q.Sơn Trà, TP. Đà Nẵng",27500000.0,178.45,land,,,,154104.79,
87QM43,"Thửa 237 - tờ 38 Đinh Châu, P.Hòa Thọ Đông, Q.Cẩm Lệ, TP. Đà Nẵng",7250000.0,72.5,land,,,,100000.0,
SH7M05,"Thửa 1466 - tờ 15 Hoàng Quốc Việt, P.An Cựu, Q.Thuận Hóa, TP. Huế",2580000.0,24.08,land,,,,107142.86,
7K5CSA,"Thửa 179-1, Tờ 16 Nguyễn Tất Thành, P.Thủy Phương, TX.Hương Thủy, TP. Huế",8000000.0,37.66,land,,,,212426.98,
7KS76A,"Thửa 984 - tờ 61 Lê Đức Anh, P.Vỹ Dạ, Q.Thuận Hóa, TP. Huế",1600000.0,24.61,land,,,,65014.22,
1UXYR6,"Thửa 658 - Tờ 35 Phạm Ngũ Lão, P.An Hòa, Q.Ninh Kiều, TP. Cần Thơ",6000000.0,35.27,land,,,,170116.25,
6SX4E8,"Thửa 7675 - Tờ 1, Đường số 48 KDC 586, P.Hưng Phú, Q.Cái Răng, TP. Cần Thơ",2700000.0,27.0,land,,,,100000.0,
5H3EP7,"Thửa 681 - tờ 62 Thôn 5, Xã Hòa Khương, H.Hòa Vang, TP. Đà Nẵng",2300000.0,6.96,land,,,,330459.77,
7K8XZA,"Thửa 134 - tờ 22 K98 Nguyễn Đình, P.An Hải Bắc, Q.Sơn Trà, TP. Đà Nẵng",7000000.0,50.76,land,,,,137903.86,
7K80WA,"Thửa 407 -Tờ 17 Nguyễn Án, Xã Hòa Phước, H.Hòa Vang, TP. Đà Nẵng",3550000.0,35.5,land,,,,100000.0,
0ZETB9,"Thửa 269- Tờ 13 Phú Lộc 10, P.Thanh Khê Tây, Q.Thanh Khê, TP. Đà Nẵng",14000000.0,101.37,land,,,,138107.92,
0ZBW59,"Thửa 1469- Tờ 5 KDC OTT4, P.Thủy Dương, TX.Hương Thủy, TP. Huế",3250000.0,32.5,land,,,,100000.0,
AC8SJY,"Thửa 517 - Tờ 9 Huỳnh Bá Chánh, P.Hương Sơ, Q.Phú Xuân, TP. Huế",1850000.0,18.5,land,,,,100000.0,
5H1QB7,"Thửa 754 - Tờ 58 Dạ Lê Chánh, P.Vỹ Dạ, Q.Thuận Hóa, TP. Huế",1480000.0,22.69,land,,,,65226.97,
PN4RYG,"Thửa 755 - Tờ 58 Dạ Lê Chánh, P.Vỹ Dạ, Q.Thuận Hóa, TP. Huế",1480000.0,22.45,land,,,,65924.28,
UYMVQS,"Thửa 719 - Tờ 32 Nguyễn Hữu Cảnh, P.An Tây, Q.Thuận Hóa, TP. Huế",1400000.0,22.61,land,,,,61919.5,
85T9W3,"Thửa 1593 - Tờ 7, Đường số 3 KDC Nam Long, P.Hưng Thạnh, Q.Cái Răng, TP. Cần Thơ",15000000.0,42.55,land,,,,352526.44,
PN4H8G,"65 (Thửa 191 - tờ 25) Giáp Hải, P.Nại Hiên Đông, Q.Sơn Trà, TP. Đà Nẵng",6600000.0,94.28,land,,,,70004.24,
5HVSF7,"Thửa 409 - Tờ 40 Thôn Phú Ninh, Xã Minh Phú, H.Sóc Sơn, TP. Hà Nội",2040000.0,25.5,land,,,,80000.0,
85ZMT3,"Thửa 244 - tờ 37 Thôn Tân Hạnh, Xã Hòa Phước, H.Hòa Vang, TP. Đà Nẵng",2150000.0,14.33,land,,,,150034.89,
SDXHB5,"Thửa 11117 - Tờ 1, Đường B4 KDC Phú An, P.Phú Thứ, Q.Cái Răng, TP. Cần Thơ",2200000.0,27.16,land,,,,81001.47,
5HXPU7,"Thửa 204 - Tờ 13 Dương Quảng Hàm, P.Thuỷ Xuân, Q.Thuận Hóa, TP. Huế",2350000.0,21.28,land,,,,110432.33,
SDN9Z5,"Thửa 1053 -Tờ 11 Nguyễn Thị Định, P.Thuỷ Xuân, Q.Thuận Hóa, TP. Huế",1900000.0,19.0,land,,,,100000.0,
PNC51G,"Thửa 1104 - Tờ 34, Đường số 5 KDC Hồng Phát, P.An Bình, Q.Ninh Kiều, TP. Cần Thơ",12000000.0,58.02,land,,,,206825.23,
UYTK3S,"Thửa 454 - tờ 32 K39 Nguyễn Nhàn, P.Hòa Thọ Đông, Q.Cẩm Lệ, TP. Đà Nẵng",3000000.0,36.58,land,,,,82012.03,
CWQ0MB,"Thửa 293 - Tờ 33, Đường ĐT601 Thôn Nam Mỹ, Xã Hòa Bắc, H.Hòa Vang, TP. Đà Nẵng",7000000.0,3.23,land,,,,2167182.66,
85P9J3,"Thửa 121 -Tờ 184 Lê Đỉnh, P.Hòa Xuân, Q.Cẩm Lệ, TP. Đà Nẵng",4550000.0,45.5,land,,,,100000.0,
37PT5Q,"Thửa 5196 - Tờ 35, Đường Số 4 KDC Cái Sơn, P.An Bình, Q.Ninh Kiều, TP. Cần Thơ",12000000.0,70.5,land,,,,170212.77,
SDZX65,"Thửa 12325 - Tờ 1, Đường B11 KDC Phú An, P.Hưng Phú, Q.Cái Răng, TP. Cần Thơ",2530000.0,25.3,land,,,,100000.0,
EJ37U4,"Thửa 413 -Tờ 112, Đường Đồng Văn Cống Khu Vực 5, P.An Thới, Q.Bình Thuỷ, TP. Cần Thơ",800.0,9.43,land,,,,84.84,
SD2N35,"Thửa 2168 - Tờ 15, Đường F4 KV Bình An, P.Long Hòa, Q.Bình Thuỷ, TP. Cần Thơ",3150000.0,31.5,land,,,,100000.0,
9T57YP,"Thửa 2664 - Tờ 8 Ấp Tân Thành, Xã Nhơn Ái, H.Phong Điền, TP. Cần Thơ",570.0,7.97,land,,,,71.52,
1U4F76,"Thửa 321 - Tờ 267 Nam Cao, P.Hòa Khánh Nam, Q.Liên Chiểu, TP. Đà Nẵng",2450000.0,37.29,land,,,,65701.26,
85WC43,"Thửa 141 -Tờ 23, Kiệt 1014 Tôn Đản, P.Hòa Thọ Tây, Q.Cẩm Lệ, TP. Đà Nẵng",2350000.0,29.15,land,,,,80617.5,
0ZU7S9,"Thửa 63- Tờ 175 Khánh An 1, P.Hòa Khánh Nam, Q.Liên Chiểu, TP. Đà Nẵng",4500000.0,45.0,land,,,,100000.0,
37WCMQ,"Thửa 187 - Tờ 148 Trinh Đường, P.Hòa Phát, Q.Cẩm Lệ, TP. Đà Nẵng",3590000.0,42.13,land,,,,85212.44,
ACPQXY,"Thửa 426 -Tờ 109, 21/1 Trần Phú, P.Cái Khế, Q.Ninh Kiều, TP. Cần Thơ",2190000.0,22.62,land,,,,96816.98,
6SE2C8,"Thửa 327 -Tờ 45 Bùi Hữu Nghĩa, P.Bình Thủy, Q.Bình Thuỷ, TP. Cần Thơ",690.0,17.2,land,,,,40.12,
6SBQF8,"Thửa 489- Tờ 112 Lê Tấn Trung, P.Thọ Quang, Q.Sơn Trà, TP. Đà Nẵng",12000000.0,124.35,land,,,,96501.81,
7KJVYA,"Thửa 306 -Tờ 51 Bùi Chát, P.Hòa Khánh Bắc, Q.Liên Chiểu, TP. Đà Nẵng",2300000.0,32.85,land,,,,70015.22,
GXUV62,"Thửa 790 - tờ 19 Thôn An Trạch, Xã Hòa Tiến, H.Hòa Vang, TP. Đà Nẵng",1300000.0,8.66,land,,,,150115.47,
PN3BWG,"10 Nguyễn Chánh, P.Hòa Khánh Bắc, Q.Liên Chiểu, TP. Đà Nẵng",9950000.0,68.52,land,,,,145213.08,
PN3HEG,"Thửa 207 - tờ 75 Hòa Phú 10, P.Hòa Minh, Q.Liên Chiểu, TP. Đà Nẵng",5950000.0,59.5,land,,,,100000.0,
UY4G2S,"Thửa 41 - tờ 47 Bùi Sĩ Tiêm, P.Hòa Cường Bắc, Q.Hải Châu, TP. Đà Nẵng",24000000.0,161.39,land,,,,148708.1,
5HWPE7,"Thửa 194 - Tờ 73, Số 176 Nguyễn Chơn, P.Hòa Minh, Q.Liên Chiểu, TP. Đà Nẵng",6500000.0,76.47,land,,,,85000.65,
SDFEM5,"Thửa 185 -Tờ 176, số 868 Tôn Đản, P.Hòa Phát, Q.Cẩm Lệ, TP. Đà Nẵng",4750000.0,57.5,land,,,,82608.7,
7KW52A,"Thửa 148 - Tờ 215 Liêm Lạc 14, P.Hòa Xuân, Q.Cẩm Lệ, TP. Đà Nẵng",3950000.0,39.5,land,,,,100000.0,
37KMJQ,"Thửa 418 -Tờ 00, Số 54 Vũ Thạnh, P.Hòa Xuân, Q.Cẩm Lệ, TP. Đà Nẵng",5100000.0,51.0,land,,,,100000.0,
UYBV8S,"Thửa 255 - Tờ 72, Số 143 Thanh Nghị, P.Hòa Minh, Q.Liên Chiểu, TP. Đà Nẵng",6750000.0,67.5,land,,,,100000.0,
J2MAD0,"Thửa 264 - Tờ 132, Số 93 Trần Lựu, P.Hòa Xuân, Q.Cẩm Lệ, TP. Đà Nẵng",4500000.0,45.0,land,,,,100000.0,
85H0V3,"Thửa 173 - Tờ 125, Số 29 Phan Tốn, P.Hoà Quý, Q.Ngũ Hành Sơn, TP. Đà Nẵng",5050000.0,50.5,land,,,,100000.0,
1UAG96,"Thửa 09 - Tờ B2.7, Số 60 Phan Khoang, P.Hòa An, Q.Cẩm Lệ, TP. Đà Nẵng",5800000.0,48.94,land,,,,118512.46,
DERMTH,"382/5/26 Tôn Đản, P.Hòa An, Q.Cẩm Lệ, TP. Đà Nẵng",3350000.0,29.3,land,,,,114334.47,
85DEN3,"Thửa 22 - Tờ B2.28, Số 89 Hoàng Ngân, P.Hòa Xuân, Q.Cẩm Lệ, TP. Đà Nẵng",5500000.0,55.0,land,,,,100000.0,
7KESTA,"Thửa 283 - Tờ 47, Số 111 Bùi Hiển, P.Hòa An, Q.Cẩm Lệ, TP. Đà Nẵng",6250000.0,62.5,land,,,,100000.0,
ACE13Y,"Kiệt 1062/9 Trường Chinh, P.Hòa Phát, Q.Cẩm Lệ, TP. Đà Nẵng",2390000.0,37.93,land,,,,63010.81,
ACEM6Y,"Thửa 192 - Tờ 30, Số 126 Trần Minh Tông, P.Hòa Minh, Q.Liên Chiểu, TP. Đà Nẵng",7950000.0,79.5,land,,,,100000.0,
9TXD9P,"Thửa 57 - Tờ 59, Số 64 Lê Lợi, P.Cái Khế, Q.Ninh Kiều, TP. Cần Thơ",31500000.0,127.01,land,,,,248011.97,
9T21EP,"Thửa 525 - Tờ B2.13, Số 157 Đô Đốc Lân, P.Hòa Xuân, Q.Cẩm Lệ, TP. Đà Nẵng",5990000.0,59.9,land,,,,100000.0,
6SQDD8,"Thửa 220 - Tờ 175 Khánh An 12, P.Hòa Khánh Nam, Q.Liên Chiểu, TP. Đà Nẵng",4050000.0,45.71,land,,,,88602.06,
2MT43Z,"Thửa 390 - Tờ 18 Tôn Đản, P.Hòa Phát, Q.Cẩm Lệ, TP. Đà Nẵng",3650000.0,35.96,land,,,,101501.67,
5D59P7,"Thửa 125 - Tờ 103, Kiệt 109 Tô Hiệu, P.Hòa Minh, Q.Liên Chiểu, TP. Đà Nẵng",2650000.0,43.87,land,,,,60405.74,
358GGQ,"228 Kỳ Đồng, P.Thanh Khê Đông, Q.Thanh Khê, TP. Đà Nẵng",8500000.0,90.04,land,,,,94402.49,
SB2EZ5,"Thửa 04 - Tờ 01-2022 Thôn Đức Phong, Xã Đại Đồng, H.Kiến Thuỵ, TP. Hải Phòng",2630000.0,20.49,land,,,,128355.3,
SB2EG5,"Thửa 1595 - tờ 8 TDP Phúc Nam, P.Lưu Kiếm, TP.Thuỷ Nguyên, TP. Hải Phòng",600.0,11.95,land,,,,50.21,
UCGBHS,"Thửa 604 - Tờ 14 Thôn Minh Liễn, Xã Minh Tân, H.Kiến Thuỵ, TP. Hải Phòng",1350000.0,15.3,land,,,,88235.29,
AFNWKY,"Thửa 1724 - tờ 2 Thôn 8, Xã Liên Xuân, TP.Thuỷ Nguyên, TP. Hải Phòng",1500000.0,16.94,land,,,,88547.82,
6YJYX8,"Thửa 603 - Tờ 14 Thôn Minh Liễn, Xã Minh Tân, H.Kiến Thuỵ, TP. Hải Phòng",1320000.0,15.29,land,,,,86330.94,
5EZHM7,"Thửa 219 - tờ 25 Thôn Đạc Tài, Xã Mai Đình, H.Sóc Sơn, TP. Hà Nội",4070000.000000001,35.08,land,,,,116020.52,
SBGU45,"Thửa 601 - tờ 28 Kiệt 16, Minh Mạng, P.Thuỷ Xuân, Q.Thuận Hóa, TP. Huế",1800000.0,15.12,land,,,,119047.62,
DRXQTH,"Thửa 422 - tờ 8 Thôn Xuân Linh, Xã Thủy Xuân Tiên, H.Chương Mỹ, TP. Hà Nội",5430000.0,23.0,land,,,,236086.96,
9VABWP,"Thửa 846 - Tờ 24 Thôn Tam Kiệt, Xã Hữu Bằng, H.Kiến Thuỵ, TP. Hải Phòng",1390000.0,20.17,land,,,,68914.23,
0M5449,"Thửa 176 - Tờ 133 Đào Sư Tích, P.Hòa Minh, Q.Liên Chiểu, TP. Đà Nẵng",4900000.0,54.44,land,,,,90007.35,
UC9VES,"Thửa 1303B-4 - tờ 04 Thôn Trại Kênh, P.Trần Hưng Đạo, TP.Thuỷ Nguyên, TP. Hải Phòng",799.0,13.31,land,,,,60.03,
EG6U74,"Thửa 343 - tờ 59 đường Trần Quang Khải, P.Cái Khế, Q.Ninh Kiều, TP. Cần Thơ",22000000.0,95.32,land,,,,230801.51,
K0MX4C,"Thửa 276 - tờ 1 Thôn Xuân La, Xã Thanh Sơn, H.Kiến Thuỵ, TP. Hải Phòng",3200000.0,27.35,land,,,,117001.83,
SBP015,"Thửa 64 - tờ 172 Trần Hữu Duẩn, P.Hòa Xuân, Q.Cẩm Lệ, TP. Đà Nẵng",4480000.0,39.64,land,,,,113017.15,
5EG4U7,"Thửa 1115 - tờ 48 Nguyễn Viết Xuân, P.Trà An, Q.Bình Thuỷ, TP. Cần Thơ",1250000.0,11.8,land,,,,105932.2,
28D67Z,"Thửa 152 - tờ 51 Phạm Văn Đồng, P.Tân Thành, Q.Dương Kinh, TP. Hải Phòng",3450000.0,55.02,land,,,,62704.47,
YWTKGD,"24 (Thửa 82 - tờ 160) Trương Văn Đa, P.Hòa Khánh Nam, Q.Liên Chiểu, TP. Đà Nẵng",5600000.0,69.65,land,,,,80402.01,
UC048S,"Thửa 98 - Tờ 55 Hòa Phú 27, P.Hòa Minh, Q.Liên Chiểu, TP. Đà Nẵng",6650000.0,71.89,land,,,,92502.43,
QKJSQU,"Thửa 15 - Tờ 285 Số 201 Đồng Kè, P.Hòa Khánh Bắc, Q.Liên Chiểu, TP. Đà Nẵng",6000000.0,42.97,land,,,,139632.3,
C9XYXB,"Thửa 127 - tờ 139 K52 Phan Thanh, P.Thạc Gián, Q.Thanh Khê, TP. Đà Nẵng",3750000.0,68.55,land,,,,54704.6,
DRZS1H,"Thửa 126 - tờ 139 K52 Phan Thanh, P.Thạc Gián, Q.Thanh Khê, TP. Đà Nẵng",3750000.0,65.9,land,,,,56904.4,
C9XANB,"Thửa 76 - tờ 28 Trần Duy Chiến, P.Mân Thái, Q.Sơn Trà, TP. Đà Nẵng",17500000.0,165.09,land,,,,106002.79,
K0N69C,"80 Ngõ 1, Q.Nam Từ Liêm, TP. Hà Nội",6330000.0,100.47,land,,,,63003.88,
5E0NR7,"Thửa 4 - Tờ B2-20 Phan Quang Định, Xã Hòa Sơn, H.Hòa Vang, TP. Đà Nẵng",3400000.0,34.0,land,,,,100000.0,
74JC8A,"Thửa 410 - Tờ 31 Nguyễn Danh Thực, P.Thủy Phương, TX.Hương Thủy, TP. Huế",1890000.0,12.0,land,,,,157500.0,
P1QXQG,"Thửa 192 - Tờ 2 Miếu Bông 4, Xã Hòa Phước, H.Hòa Vang, TP. Đà Nẵng",3700000.0,40.04,land,,,,92407.59,
YW9BVD,"Thửa 632 - Tờ 277 TDP Giáng Đông, Xã Hòa Châu, H.Hòa Vang, TP. Đà Nẵng",1850000.0,18.08,land,,,,102323.01,
8DCT53,"Thửa 221 - tờ 18 Thôn Kinh Đào, Xã An Mỹ, H.Mỹ Đức, TP. Hà Nội",1280000.0,13.53,land,,,,94604.58,
42NRJF,"Thửa 592 - Tờ 107 Phú Sơn 1, Xã Hòa Khương, H.Hòa Vang, TP. Đà Nẵng",1890000.0,15.24,land,,,,124015.75,
8DCQF3,"Thửa 226 - Tờ 7 TĐC Hoà Sơn, Xã Hòa Sơn, H.Hòa Vang, TP. Đà Nẵng",3700000.0,18.08,land,,,,204646.02,
3HCJCQ,"K40/02 Nguyễn Thành Hãn, P.Hòa Thuận Tây, Q.Hải Châu, TP. Đà Nẵng",11300000.0,64.2,land,,,,176012.46,
JXVUY0,"Thửa 879 - tờ 3 Thôn Phượng Nghĩa, Xã Phụng Châu, H.Chương Mỹ, TP. Hà Nội",2100000.0,63.15,land,,,,33254.16,
UCC26S,"Thửa 19 - Tờ B2-12, Số 62 Phan Văn Đáng, Xã Hòa Châu, H.Hòa Vang, TP. Đà Nẵng",4900000.0,54.44,land,,,,90007.35,
EGGJ14,"Thửa 293 - tờ 27 đường Thôn Lai Tảo, Xã Mỹ Xuyên, H.Mỹ Đức, TP. Hà Nội",790.0,17.95,land,,,,44.01,
3HYFDQ,"Thửa 483 - Tờ 138 TDP Hưởng Phước, Xã Hòa Liên, H.Hòa Vang, TP. Đà Nẵng",1700000.0,13.6,land,,,,125000.0,
6Y7HQ8,"Nguyễn Văn Cừ, P.An Khánh, Q.Ninh Kiều, TP. Cần Thơ",4500000.0,31.89,land,,,,141110.07,
6Y5518,"Thửa 119 - tờ 24 Trần Minh Tông, P.Hòa Minh, Q.Liên Chiểu, TP. Đà Nẵng",8199999.999999999,78.09,land,,,,105007.04,
74CC3A,"Thửa 368 - tờ 53 Bàu Mạc 7, P.Hòa Khánh Bắc, Q.Liên Chiểu, TP. Đà Nẵng",5150000.0,47.9,land,,,,107515.66,
QKYYMU,"Thửa 188 - tờ 52 Bàu Mạc 21, P.Hòa Khánh Bắc, Q.Liên Chiểu, TP. Đà Nẵng",5400000.0,54.0,land,,,,100000.0,
QKYYWU,"Thửa 307 - tờ 28 Long Châu Miếu, Xã Phụng Châu, H.Chương Mỹ, TP. Hà Nội",2850000.0,43.44,land,,,,65607.73,
3HAUVQ,"Thửa 2054 - Tờ 15 KDC Bình Nhựt, P.Long Hòa, Q.Bình Thuỷ, TP. Cần Thơ",2390000.0,37.99,land,,,,62911.29,
QKAVJU,"Thửa 107a - tờ 29 Thôn Cốc Liễn, Xã Minh Tân, H.Kiến Thuỵ, TP. Hải Phòng",3650000.0,24.82,land,,,,147058.82,
6YSJ98,"Thửa 237 (222-1) - tờ 42 K44 Nguyễn Khoa Chiêm, P.An Tây, Q.Thuận Hóa, TP. Huế",1900000.0,15.01,land,,,,126582.28,
G6XTA2,"Thửa C493 Bùi Xuân Phái, P.Thủy Dương, TX.Hương Thủy, TP. Huế",3250000.0,27.08,land,,,,120014.77,
8DST43,"Thửa 376.2 - tờ 12 Thôn Tân Linh, Xã Minh Tân, H.Kiến Thuỵ, TP. Hải Phòng",1490000.0,15.68,land,,,,95025.51,
WT0XER,"Thửa 765 - tờ 40 Thủy Tú, TDP Tân Lập, P.Thuận An, Q.Thuận Hóa, TP. Huế",650.0,10.45,land,,,,62.2,
QK5BZU,"Thửa 2247 - Tờ 5 KV Bình Phó A, P.Long Tuyền, Q.Bình Thuỷ, TP. Cần Thơ",1150000.0,17.13,land,,,,67133.68,
DRCE9H,"Thửa 49 - Tờ 41 Thôn Quan Châu, Xã Hòa Châu, H.Hòa Vang, TP. Đà Nẵng",2250000.0,22.5,land,,,,100000.0,
RN9GMJ,"Thửa 2137 - Tờ 12 Thôn Giáng Đông, Xã Hòa Châu, H.Hòa Vang, TP. Đà Nẵng",2680000.0,24.58,land,,,,109031.73,
3HUVXQ,"Thửa 473 - tờ 32 K60 Mẹ Nhu, P.Thanh Khê Tây, Q.Thanh Khê, TP. Đà Nẵng",2290000.0,41.71,land,,,,54902.9,
28TXRZ,"Thửa 429 - tờ 34 Thôn Đông Cựu, Xã Phú Nghĩa, H.Chương Mỹ, TP. Hà Nội",3400000.0,34.94,land,,,,97309.67,
0X05P9,"Thửa 141-B2-3 - tờ SO2TDTT Đà Sơn 5, P.Hòa Khánh Nam, Q.Liên Chiểu, TP. Đà Nẵng",5680000.0,46.78,land,,,,121419.41,
UK82HS,"Thửa 2133 - Tờ 9 Thôn Quan Châu, Xã Hòa Châu, H.Hòa Vang, TP. Đà Nẵng",2070000.0,20.7,land,,,,100000.0,
UK1GKS,"Thửa  318 - Tờ 8 Thôn Kim Bông, Xã Hạ Bằng, H.Thạch Thất, TP. Hà Nội",6500000.0,48.11,land,,,,135107.05,
QHMHVU,"Thửa 517 - tờ 12 Thôn Đồng Mít, Xã Đồng Tâm, H.Mỹ Đức, TP. Hà Nội",1200000.0,24.0,land,,,,50000.0,
7E65CA,"Thửa 983 - Tờ 46 Rạch Trà Niền Lớn, TT.Phong Điền, H.Phong Điền, TP. Cần Thơ",690.0,2.3,land,,,,300.0,
RTKCNJ,"Thửa 53 - tờ 158 Nguyễn Lương Bằng, P.Hòa Hiệp Nam, Q.Liên Chiểu, TP. Đà Nẵng",2590000.0,31.97,land,,,,81013.45,
SCM8U5,"Thửa 19 - tờ Quy hoạch chia lô Thôn Đông Tác, Xã Đại Hợp, H.Kiến Thuỵ, TP. Hải Phòng",1750000.0,14.83,land,,,,118004.05,
6A24M8,"Thửa 239 - Tờ 253 Trung Lập 5, P.Hòa Hiệp Nam, Q.Liên Chiểu, TP. Đà Nẵng",3550000.0,35.5,land,,,,100000.0,
5BV937,"Thửa 238 - Tờ 27 Thôn Nam Yên, Xã Hòa Bắc, H.Hòa Vang, TP. Đà Nẵng",1450000.0,8.54,land,,,,169789.23,
3DTWXQ,"Thửa 46-B2-9 - Tờ NNTT Đào Ngọc Chua, P.Hòa Hiệp Nam, Q.Liên Chiểu, TP. Đà Nẵng",3450000.0,34.5,land,,,,100000.0,
QHZ3SU,"Thửa 228 - tờ 51 Thôn Nam Cương, Xã Hiền Ninh, H.Sóc Sơn, TP. Hà Nội",1150000.0,23.95,land,,,,48016.7,
3D2Z5Q,"Thửa 29 - tờ N1.4 Lộc Ninh, P.Hoà Hải, Q.Ngũ Hành Sơn, TP. Đà Nẵng",5500000.0,50.45,land,,,,109018.83,
9MKYAP,"Thửa 11429 - tờ 4 Thôn Trại Kênh, P.Lưu Kiếm, TP.Thuỷ Nguyên, TP. Hải Phòng",750.0,4.57,land,,,,164.11,
PVC8MG,"Thửa 557 - tờ 79 Nguyễn Như Hạnh, P.Hòa Minh, Q.Liên Chiểu, TP. Đà Nẵng",4450000.0,66.41,land,,,,67007.98,
KJVPAC,"Thửa 116/1 - tờ 02 Thôn Đền, P.Thiên Hương, TP.Thuỷ Nguyên, TP. Hải Phòng",4890000.0,34.24,land,,,,142815.42,
DWXRYH,"Thửa 603 - tờ 28 Nguyễn Khoa Minh, P.Tứ Hạ, TX.Hương Trà, TP. Huế",3200000.0,12.97,land,,,,246723.21,
JN5X20,"Thửa 413 - Tờ 22 Nguyễn Văn Cừ, P.An Khánh, Q.Ninh Kiều, TP. Cần Thơ",2390000.0,25.47,land,,,,93835.89,
G1Y002,"Thửa 1089/820F - tờ 04 Thôn 4, P.Thiên Hương, TP.Thuỷ Nguyên, TP. Hải Phòng",1890000.0,19.18,land,,,,98540.15,
KJMYNC,"Thửa Lô 04 - tờ 06 đường 359C, P.Hoà Bình, TP.Thuỷ Nguyên, TP. Hải Phòng",4600000.0,23.0,land,,,,200000.0,
5B9827,"24 Khánh An 5, P.Hòa Khánh Bắc, Q.Liên Chiểu, TP. Đà Nẵng",7200000.0,48.51,land,,,,148423.01,
8YFP13,"102 Ven Sông Hậu, P.Trung Kiên, Q.Thốt Nốt, TP. Cần Thơ",1800000.0,11.61,land,,,,155038.76,
3D4ZHQ,"Thửa 35-2-2 - tờ 86 Thôn Đường Yên, Xã Xuân Nộn, H.Đông Anh, TP. Hà Nội",3650000.0,73.0,land,,,,50000.0,
PVUCWG,"Thửa 101 - tờ 102 Thôn Lương Quy, Xã Xuân Nộn, H.Đông Anh, TP. Hà Nội",3450000.0,76.66,land,,,,45003.91,
G1SBW2,"36 (Thửa 63 - tờ 43) Phong Bắc 4, P.Hòa Thọ Đông, Q.Cẩm Lệ, TP. Đà Nẵng",5500000.0,44.35,land,,,,124013.53,
RT68NJ,"Thửa 13-B1.6 - tờ 00 Trần Đình Tri, P.Hòa Minh, Q.Liên Chiểu, TP. Đà Nẵng",11500000.0,101.05,land,,,,113805.05,
6ABU08,"Thửa 252 - tờ 54 Thôn Yên Ninh, Xã Hiền Ninh, H.Sóc Sơn, TP. Hà Nội",1050000.0,20.58,land,,,,51020.41,
A40DAY,"Thửa 138 - tờ 245 Đà Sơn 5, P.Hòa Khánh Nam, Q.Liên Chiểu, TP. Đà Nẵng",3500000.0,35.0,land,,,,100000.0,
EPTC04,"Thửa 487 - tờ 245 Đà Sơn 3, P.Hòa Khánh Nam, Q.Liên Chiểu, TP. Đà Nẵng",4450000.0,38.62,land,,,,115225.27,
5BWN07,"Thửa 171 - tờ 206 Văn Tiến Dũng, P.Hòa Xuân, Q.Cẩm Lệ, TP. Đà Nẵng",10500000.0,78.0,land,,,,134615.38,
UK4BWS,"Thửa 292 - Tờ 100 hẻm đường Phùng Hưng, Xã Cẩm Lĩnh, H.Ba Vì, TP. Hà Nội",880.0,8.36,land,,,,105.26,
SCFYT5,"La Đồng Hợp Tiến, Xã Hợp Tiến, H.Mỹ Đức, TP. Hà Nội",3950000.0,31.02,land,,,,127337.2,
7ERHZA,"Thửa 306 - Tờ 15 Thôn Kim Bí, Xã Tiên Phong, H.Ba Vì, TP. Hà Nội",1800000.0,9.0,land,,,,200000.0,
KJP4YC,"Thửa 46 - Tờ 120 Quốc Lộ 14B, Xã Hòa Khương, H.Hòa Vang, TP. Đà Nẵng",2300000.0,12.7,land,,,,181102.36,
KJPB7C,"Thửa 2088 - Tờ 1 Phan Trọng Tuệ, P.Phú Thứ, Q.Cái Răng, TP. Cần Thơ",3550000.0,34.29,land,,,,103528.73,
3DK8TQ,"Thửa 28 - tờ 30-HĐ Phạm Văn Đồng, P.Minh Đức, Q.Đồ Sơn, TP. Hải Phòng",11880000.0,54.0,land,,,,220000.0,
5B4TG7,"Thửa 216-2 - tờ 219-C-II Thôn Đông Nham 2, Xã Quốc Tuấn, H.An Lão, TP. Hải Phòng",1690000.0,16.93,land,,,,99822.8,
5BK097,"Thửa 1705 - tờ 41 Trưng Nữ Vương, P.Thủy Phương, TX.Hương Thủy, TP. Huế",2150000.0,17.85,land,,,,120448.18,
DW492H,"Thửa 560 - tờ 33 K65 Lê Ngô Cát, P.Thuỷ Xuân, Q.Thuận Hóa, TP. Huế",2650000.0,16.27,land,,,,162876.46,
QHAQKU,"Thửa 210 - tờ 36 Thôn Hoàng Dương, Xã Mai Đình, H.Sóc Sơn, TP. Hà Nội",1100000.0,26.37,land,,,,41714.07,
DWE5DH,"Thửa 1083 - Tờ 8 Rạch Bà Bộ, P.Long Tuyền, Q.Bình Thuỷ, TP. Cần Thơ",2450000.0,26.71,land,,,,91725.95,
4G0KRF,"167 đường 3 Tháng 2, P.Hưng Lợi, Q.Ninh Kiều, TP. Cần Thơ",34000000.0,109.85,land,,,,309512.97,
9MTHNP,"Thửa 265 - tờ 61 Thôn Đồi Miễu, Xã Nam Phương Tiến, H.Chương Mỹ, TP. Hà Nội",2600000.0,26.47,land,,,,98224.4,
8YU6J3,"Thửa 535 - tờ 2 Hoàng Động, P.Hoàng Lâm, TP.Thuỷ Nguyên, TP. Hải Phòng",1180000.0,14.62,land,,,,80711.35,
C0461B,"Thửa 220 - Tờ 33 Ninh Kiều, Thôn Tràng An, TT.Chúc Sơn, H.Chương Mỹ, TP. Hà Nội",7000000.0,77.77,land,,,,90009.0,
SC7UM5,"Thửa 55 - tờ 40 Thôn Ninh Môn, Xã Hiền Ninh, H.Sóc Sơn, TP. Hà Nội",2100000.0,26.58,land,,,,79006.77,
178T36,"Thửa 1308 - tờ 31 Trưng Nữ Vương, Xã Thủy Thanh, TX.Hương Thủy, TP. Huế",3890000.0,31.75,land,,,,122519.69,
7EYVXA,"Thửa 90 - tờ 102 Thôn Thắng Trí, Xã Minh Trí, H.Sóc Sơn, TP. Hà Nội",1200000.0,15.0,land,,,,80000.0,
9MG80P,"Thửa 322 - tờ 30 Thôn Bắc Hạ, Xã Quang Tiến, H.Sóc Sơn, TP. Hà Nội",1900000.0,32.2,land,,,,59006.21,
0XPMK9,"Thửa 07B - tờ 13 Xóm Đông Hải, P.An Hưng, Q.Hồng Bàng, TP. Hải Phòng",1580000.0,15.8,land,,,,100000.0,
26T69Z,"Thửa 274 - tờ 73 Thôn Phú Thịnh, Xã Minh Phú, H.Sóc Sơn, TP. Hà Nội",1250000.0,13.02,land,,,,96006.14,
5BACW7,"Thửa 278 - tờ 32 Thôn Sơn Đoài, Xã Tân Minh, H.Sóc Sơn, TP. Hà Nội",1850000.0,16.42,land,,,,112667.48,
QHSY0U,"Thửa 281 - tờ 32 Thôn Sơn Đoài, Xã Tân Minh, H.Sóc Sơn, TP. Hà Nội",1900000.0,17.08,land,,,,111241.22,
WZJPYR,"Thửa 357 - tờ 33 Thôn Sơn Đoài, Xã Tân Minh, H.Sóc Sơn, TP. Hà Nội",1650000.0,19.18,land,,,,86027.11,
UHQ0US,"Thưa 264 - Tờ 134 TDC Ngô Sĩ Liên, P.Hòa Minh, Q.Liên Chiểu, TP. Đà Nẵng",4990000.0,62.37,land,,,,80006.41,
AE56KY,"Thửa 669 - tờ 2 Thôn Cẩm Hoàn, Xã Thanh Sơn, H.Kiến Thuỵ, TP. Hải Phòng",1300000.0,21.03,land,,,,61816.45,
AEU59Y,"Thửa N16-3 Lưu Nhân Chú, Xã Thủy Thanh, TX.Hương Thủy, TP. Huế",7650000.0,25.5,land,,,,300000.0,
SK8335,"Thửa 24 - tờ 04 Công Vu 4, P.Tân Thành, Q.Dương Kinh, TP. Hải Phòng",2290000.0,23.36,land,,,,98030.82,
RZEEZJ,"Thửa 2659 - tờ 4 Thôn Nãi Sơn, Xã Tú Sơn, H.Kiến Thuỵ, TP. Hải Phòng",1600000.0,26.66,land,,,,60015.0,
QD1TPU,"Thửa 46 - tờ 56 Hải Thành 2, P.Hải Thành, Q.Dương Kinh, TP. Hải Phòng",1800000.0,30.71,land,,,,58612.83,
0NF7T9,"Thửa 15 - tờ 75 Hòa Phú 9, P.Hòa Minh, Q.Liên Chiểu, TP. Đà Nẵng",5400000.0,60.0,land,,,,90000.0,
7B1N3A,"Thửa 128 - Tờ 57 Thôn Xuân Linh, Xã Thủy Xuân Tiên, H.Chương Mỹ, TP. Hà Nội",6510000.0,21.0,land,,,,310000.0,
QDN99U,"Thửa 1085 - Tờ 1 Xóm Gò Đậu, Xã Phú Nghĩa, H.Chương Mỹ, TP. Hà Nội",4080000.0,30.0,land,,,,136000.0,
RZH3FJ,"Thửa 1562 - tờ 41 Nguyễn Viết Xuân, P.Thủy Phương, TX.Hương Thủy, TP. Huế",1290000.0,7.75,land,,,,166451.61,
GV4M92,"Thửa 133 - Tờ 40 TDP Tân Lập, P.Tân Thành, Q.Dương Kinh, TP. Hải Phòng",1550000.0,20.26,land,,,,76505.43,
JTKZE0,"Thửa 836 - tờ B1-10 Hòa Liên 4, Xã Hòa Liên, H.Hòa Vang, TP. Đà Nẵng",2400000.0,19.2,land,,,,125000.0,
7BMEGA,"Thửa 1849B - tờ 02 Thôn Trung, P.Lưu Kiếm, TP.Thuỷ Nguyên, TP. Hải Phòng",1700000.0,20.23,land,,,,84033.61,
21EMMZ,"Thửa 324 - tờ 17 Bờ Đằm 8, Xã Hòa Phước, H.Hòa Vang, TP. Đà Nẵng",3250000.0,32.5,land,,,,100000.0,
QDZ7YU,"Thửa 3632 - tờ 2 đường 359, P.Dương Quan, TP.Thuỷ Nguyên, TP. Hải Phòng",6850000.0,78.55,land,,,,87205.6,
QDGE7U,"Thửa 80 - tờ 335 Đào Ngọc Chua, P.Hòa Hiệp Nam, Q.Liên Chiểu, TP. Đà Nẵng",3550000.0,35.5,land,,,,100000.0,
0N7JF9,"Thửa 540 - Tờ 31 KQH Thanh Lam, P.Thủy Phương, TX.Hương Thủy, TP. Huế",2310000.0,14.0,land,,,,165000.0,
KRMKMC,"Thửa 2325 - Tờ 152 Thôn Lệ Sơn, Xã Hòa Tiến, H.Hòa Vang, TP. Đà Nẵng",1850000.0,15.16,land,,,,122031.66,
GVYJR2,"Thửa 13 B1.17 - tờ KT01/01 Nguyễn Đăng Giai, P.Thọ Quang, Q.Sơn Trà, TP. Đà Nẵng",11700000.0,130.0,land,,,,90000.0,
7B2J8A,"Thửa 09-C8 - tờ 00 Ngô Nhân Tịnh, P.Hòa An, Q.Cẩm Lệ, TP. Đà Nẵng",4850000.0,53.88,land,,,,90014.85,
CJVP5B,"Thửa 86 - Tờ 69 Trần Triệu Luật, P.Hòa Minh, Q.Liên Chiểu, TP. Đà Nẵng",7790000.0,77.9,land,,,,100000.0,
RZU2BJ,"Thửa 109 - Tờ 15 Nguyễn Văn Cừ, P.An Khánh, Q.Ninh Kiều, TP. Cần Thơ",1900000.0,73.92,land,,,,25703.46,
W23W0R,"Thửa 152(1) - tờ 05 Thôn Bắc, P.Lưu Kiếm, TP.Thuỷ Nguyên, TP. Hải Phòng",1400000.0,13.68,land,,,,102339.18,
QDJDWU,"Thửa 534 - Tờ 94 Hòa Bình, P.Yên Nghĩa, Q.Hà Đông, TP. Hà Nội",5750000.0,85.43,land,,,,67306.57,
5CPD17,"Thửa 474 - tờ 28 Kiệt 273 Trưng Nữ Vương, P.Thuỷ Xuân, Q.Thuận Hóa, TP. Huế",890.0,10.8,land,,,,82.41,
W2392R,"Thửa 98 - Tờ 32 thôn Bắc Thượng, Xã Quang Tiến, H.Sóc Sơn, TP. Hà Nội",3720000.0,36.01,land,,,,103304.64,
0NUFF9,"Thửa 422 - tờ 7 Thôn Đồng Xuân 1, Xã Trường Thọ, H.An Lão, TP. Hải Phòng",1490000.0,21.56,land,,,,69109.46,
UHJTZS,"Thửa 150 - tờ 03 Thôn Bắc 1, P.Thuỷ Đường, TP.Thuỷ Nguyên, TP. Hải Phòng",5000000.0,58.82,land,,,,85005.1,
JTQ810,"Thửa 46 - Tờ 38 thôn Thanh Lợi, Xã Hồng Sơn, H.Mỹ Đức, TP. Hà Nội",2630000.0,17.53,land,,,,150028.52,
QDRFBU,"Thửa 1209 - Tờ 9m Thôn Thạch Bồ, Xã Hòa Tiến, H.Hòa Vang, TP. Đà Nẵng",1190000.0,11.78,land,,,,101018.68,
JTQ6V0,"Thửa 16 - tờ 1 Hoa Động, P.Hoa Động, TP.Thuỷ Nguyên, TP. Hải Phòng",1500000.0,28.84,land,,,,52011.1,
QDRCDU,"Thửa 384 - tờ 2 Hoa Động, P.Hoa Động, TP.Thuỷ Nguyên, TP. Hải Phòng",1600000.0,31.62,land,,,,50600.89,
UHJCMS,"Thửa 102 - Tờ 42, Số 78 Bùi Xương Trạch, P.Khuê Trung, Q.Cẩm Lệ, TP. Đà Nẵng",4850000.0,60.92,land,,,,79612.61,
8ABK03,"Thôn hòa thượng, Xã Đại Xuyên, H.Phú Xuyên, TP. Hà Nội",5200000.0,43.33,land,,,,120009.23,
KR2ESC,"Thửa 423 - Tờ 28 thôn Lai Tảo, Xã Mỹ Xuyên, H.Mỹ Đức, TP. Hà Nội",1850000.0,29.04,land,,,,63705.23,
SKWAG5,"Thửa 557 - Tờ 37 Thôn Cánh Chủ, Xã Bình Yên, H.Thạch Thất, TP. Hà Nội",1600000.0,26.66,land,,,,60015.0,
Y49KTD,"Thửa 3(1) - Tờ 80 thôn Lương Quy, Xã Xuân Nộn, H.Đông Anh, TP. Hà Nội",5400000.0,72.0,land,,,,75000.0,
QD45WU,"Thửa 58 - Tờ 33 thôn Đường Nhạn, Xã Xuân Nộn, H.Đông Anh, TP. Hà Nội",3480000.0,70.0,land,,,,49714.29,
15K8M6,"Thửa 202 - tờ 42 Thôn Miếu Môn, Xã Trần Phú, H.Chương Mỹ, TP. Hà Nội",8300000.000000001,27.81,land,,,,298453.79,
W2VJTR,"Thửa 201 - tờ 42 Thôn Miếu Môn, Xã Trần Phú, H.Chương Mỹ, TP. Hà Nội",7100000.0,23.84,land,,,,297818.79,
SKFSJ5,"Thửa 200 - tờ 42 Thôn Miếu Môn, Xã Trần Phú, H.Chương Mỹ, TP. Hà Nội",6450000.0,21.99,land,,,,293315.14,
RZVWCJ,"Thửa 341 - tờ 78 Thôn Châu Phong, Xã Liên Hà, H.Đông Anh, TP. Hà Nội",4780000.0,55.13,land,,,,86704.15,
KRGH3C,"Thửa 289 - Tờ 26 thôn Sơn Đoài, Xã Tân Minh, H.Sóc Sơn, TP. Hà Nội",1680000.0,21.0,land,,,,80000.0,
CJ2K8B,"Thửa (87-2)-2 - Tờ Đan Tảo thôn Đan Tảo, Xã Tân Minh, H.Sóc Sơn, TP. Hà Nội",1700000.0,20.48,land,,,,83007.81,
UH4QGS,"Thửa (87-2)-3 - Tờ Đan Tảo thôn Đan Tảo, Xã Tân Minh, H.Sóc Sơn, TP. Hà Nội",1700000.0,20.48,land,,,,83007.81,
SKFU05,"Thửa 139 - Tờ 33 thôn Vệ Linh, Xã Phù Linh, H.Sóc Sơn, TP. Hà Nội",2500000.0,27.05,land,,,,92421.44,
RZV4HJ,"Thửa 81 - tờ 61 Thôn Du Nội, Xã Mai Lâm, H.Đông Anh, TP. Hà Nội",4450000.0,90.81,land,,,,49003.41,
3YB19Q,"Thửa 560 - tờ 65 Trưng Nữ Vương, Xã Thủy Thanh, TX.Hương Thủy, TP. Huế",2800000.0,18.65,land,,,,150134.05,
W2MEPR,"Thửa 157 - tờ 24 Đào Duy Tùng, Xã Cổ Loa, H.Đông Anh, TP. Hà Nội",6880000.0,86.0,land,,,,80000.0,
GVQRG2,"Thửa 280 - tờ 50 Thôn Lộc Hà, Xã Mai Lâm, H.Đông Anh, TP. Hà Nội",7700000.0,127.48,land,,,,60401.63,
0N64J9,"Thửa 94 - Tờ KT 01/01 Nguyễn Khắc Viện, P.Khuê Mỹ, Q.Ngũ Hành Sơn, TP. Đà Nẵng",33000000.0,129.41,land,,,,255003.48,
DF91NH,"Thửa 20 - tờ 49 Thôn Kính Nỗ, Xã Uy Nỗ, H.Đông Anh, TP. Hà Nội",5400000.0,79.76,land,,,,67703.11,
SKFTY5,"Thửa 94 - tờ 81 Thôn Khê Nữ, Xã Nguyên Khê, H.Đông Anh, TP. Hà Nội",7100000.0,88.08,land,,,,80608.54,
CJ28PB,"Thửa 11 - tờ B2-17 Hòa Liên 4, Xã Hòa Liên, H.Hòa Vang, TP. Đà Nẵng",2550000.0,25.5,land,,,,100000.0,
3YBPYQ,"Thửa 206+208 - tờ 76 Thôn Đại Vĩ, Xã Liên Hà, H.Đông Anh, TP. Hà Nội",6600000.0,58.66,land,,,,112512.79,
SKFZA5,"Thửa 32 - tờ B2-11 Hòa Liên 8, Xã Hòa Liên, H.Hòa Vang, TP. Đà Nẵng",2520000.0,25.2,land,,,,100000.0,
21UD0Z,"Thửa 16(2) - Tờ 5 đường Kiêu Kỵ, Xã Kiêu Kỵ, H.Gia Lâm, TP. Hà Nội",8080000.0,42.97,land,,,,188038.17,
QDB4MU,"Thửa 35 - Tờ 67 thôn Cán Khê, Xã Nguyên Khê, H.Đông Anh, TP. Hà Nội",6500000.0,65.0,land,,,,100000.0,
4PTXXF,"Thửa 121 - tờ 566 Đại An 3, P.Hoà Quý, Q.Ngũ Hành Sơn, TP. Đà Nẵng",4450000.0,44.5,land,,,,100000.0,
UHEEUS,"Thửa 40 - tờ 56 Thôn Cán Khê, Xã Nguyên Khê, H.Đông Anh, TP. Hà Nội",4400000.0,65.57,land,,,,67103.86,
PM88AG,"Thửa 20 - Tờ 14 thôn Cổ Miếu, Xã Thuỵ Lâm, H.Đông Anh, TP. Hà Nội",5350000.0,67.04,land,,,,79803.1,
AERRWY,"Thửa 2111 - tờ 1 Kinh Triều, P.Hoà Bình, TP.Thuỷ Nguyên, TP. Hải Phòng",4200000.0,45.4,land,,,,92511.01,
UHEBWS,"Thửa 21 - Tờ 49 thôn Kính Nổ, Xã Uy Nỗ, H.Đông Anh, TP. Hà Nội",5850000.0,70.14,land,,,,83404.62,
3YCHVQ,"Thửa 103 - Tờ 111 thôn Lễ Pháp, Xã Tiên Dương, H.Đông Anh, TP. Hà Nội",5890000.0,95.0,land,,,,62000.0,
0N1M39,"Thửa Lô 03 - tờ 04 Thôn Bắc, P.Lưu Kiếm, TP.Thuỷ Nguyên, TP. Hải Phòng",3200000.0,20.91,land,,,,153036.82,
QDBKBU,"Thửa 272 - Tờ 43 thôn Thiết Bình, Xã Vân Hà, H.Đông Anh, TP. Hà Nội",2400000.0,47.9,land,,,,50104.38,
CJGWAB,"Thửa 134 - Tờ 107 thôn Đường Yên, Xã Xuân Nộn, H.Đông Anh, TP. Hà Nội",2680000.0,59.03,land,,,,45400.64,
W2NWNR,"Thửa 1424 - Tờ 14 thôn Lai Xá, Xã Kim Chung, H.Hoài Đức, TP. Hà Nội",13500000.0,124.65,land,,,,108303.25,
3YK89Q,"Ô 18 - Sơ đồ phân lô đấu giá Cống Hạ, Xã Hồng Sơn, H.Mỹ Đức, TP. Hà Nội",5800000.0,64.44,land,,,,90006.21,
8AHET3,"Thửa 549 - Tờ 24m Thôn Nam Sơn, Xã Hòa Tiến, H.Hòa Vang, TP. Đà Nẵng",1200000.0,11.42,land,,,,105078.81,
67YTE8,"Thửa 13 - tờ A3 Hoàng Bích Sơn, P.An Hải Bắc, Q.Sơn Trà, TP. Đà Nẵng",14500000.0,193.33,land,,,,75001.29,
15A226,"Thửa 125 - Tờ 21, Đường D1 KDC Vạn Phát, P.Cái Khế, Q.Ninh Kiều, TP. Cần Thơ",3750000.0,37.5,land,,,,100000.0,
5CEGR7,"Thửa 164 - Tờ 50 thôn Đồng Lạc, Xã Tiên Dược, H.Sóc Sơn, TP. Hà Nội",4560000.0,31.49,land,,,,144807.88,
8ADFM3,"Thửa 758 - Tờ 27 thôn Xuân Bách, Xã Quang Tiến, H.Sóc Sơn, TP. Hà Nội",3260000.0,37.04,land,,,,88012.96,
0NXKJ9,"Thửa Lô 726 - Tờ 8 Bàu Cầu 25, P.Hòa Xuân, Q.Cẩm Lệ, TP. Đà Nẵng",4400000.0,42.06,land,,,,104612.46,
UHK5VS,"09 (Thửa 63 - tờ 24) Đá Bàn 8, Xã Hòa Châu, H.Hòa Vang, TP. Đà Nẵng",3200000.0,26.66,land,,,,120030.01,
Y4FHVD,"Thửa 634 + 642.2 - tờ 23 Thôn Tam Kiệt, Xã Hữu Bằng, H.Kiến Thuỵ, TP. Hải Phòng",1400000.0,18.42,land,,,,76004.34,
QDHS9U,"Thửa 634+642.3 - tờ 23 Thôn Tam Kiệt, Xã Hữu Bằng, H.Kiến Thuỵ, TP. Hải Phòng",1400000.0,18.42,land,,,,76004.34,
3YY3MQ,"Thửa 264 - tờ 20 Khúc Thừa Dụ, P.Thủy Dương, TX.Hương Thủy, TP. Huế",1950000.0,19.75,land,,,,98734.18,
UHHUMS,"Thửa 218- Tờ 76, Lô 03 khu LK8 Đại An 5, P.Hoà Quý, Q.Ngũ Hành Sơn, TP. Đà Nẵng",5300000.0,43.4,land,,,,122119.82,
PMMP8G,"Thửa Lô N4 - tờ Quy hoạch chia lô Thôn Cẩm Xuân, Xã Thanh Sơn, H.Kiến Thuỵ, TP. Hải Phòng",3400000.0,21.37,land,,,,159101.54,
SKKUZ5,"Thửa 2 - tờ 20 Phước Tường 3, P.Hòa Phát, Q.Cẩm Lệ, TP. Đà Nẵng",3890000.0,48.02,land,,,,81007.91,
3YYXGQ,"Thửa 681 - Tờ 34 Trần Hưng Đạo, P.Lê Bình, Q.Cái Răng, TP. Cần Thơ",4850000.0,36.03,land,,,,134610.05,
AEEM3Y,"Thửa 953 - tờ 6 KQH Bắc Hương Sơ, P.Hương Sơ, Q.Phú Xuân, TP. Huế",1850000.0,18.35,land,,,,100817.44,
3YYGEQ,"Thửa 417 - Tờ 119, Số 93 Cù Chính Lan, P.Thanh Khê Đông, Q.Thanh Khê, TP. Đà Nẵng",6750000.0,119.46,land,,,,56504.27,
8AAR83,"Thửa 442 - tờ 3 Thôn Cẩm La, Xã Thanh Sơn, H.Kiến Thuỵ, TP. Hải Phòng",1500000.0,20.0,land,,,,75000.0,
AEEZVY,"Thửa 250 - tờ 35 K79 Phạm Thị Liên, P.Kim Long, Q.Phú Xuân, TP. Huế",3250000.0,25.11,land,,,,129430.51,
KRRMZC,"Thửa 5114 - tờ 4 Thôn Đương Thắng, Xã Kiến Hưng, H.Kiến Thuỵ, TP. Hải Phòng",1700000.0,26.07,land,,,,65209.05,
QDD05U,"Thửa Lô 11-LK15 - tờ 3 Cửa Trại, P.Thuỷ Đường, TP.Thuỷ Nguyên, TP. Hải Phòng",3900000.0,52.0,land,,,,75000.0,
8AAF83,"Thửa (86a+98+85a)-5 - Tờ Đan Tảo thôn Đan Tảo, Xã Tân Minh, H.Sóc Sơn, TP. Hà Nội",2410000.0,29.03,land,,,,83017.57,
5CC9R7,"Thửa 90 - tờ 19 Bầu Cầu 21, Xã Hòa Châu, H.Hòa Vang, TP. Đà Nẵng",3790000.0,37.9,land,,,,100000.0,
AEEPNY,"Thửa 148 - Tờ 31 thôn Sơn Đông, Xã Tân Minh, H.Sóc Sơn, TP. Hà Nội",1380000.0,34.5,land,,,,40000.0,
SKKWS5,"Thửa 866 - Tờ 28 thôn Đồng Mả, Xã Tuy Lai, H.Mỹ Đức, TP. Hà Nội",1520000.0,17.47,land,,,,87006.3,
CJJZJB,"Thửa 179 - Tờ 46 thôn Mai Đông, Xã Mai Đình, H.Sóc Sơn, TP. Hà Nội",2760000.0,33.05,land,,,,83509.83,
SKK4Q5,"Thửa 162 - Tờ 31 thôn Sơn Đông, Xã Tân Minh, H.Sóc Sơn, TP. Hà Nội",1420000.0,25.0,land,,,,56800.0,
UHHY3S,"Thửa 465 - Tờ 38 Hồ Chí Minh, TT.Xuân Mai, H.Chương Mỹ, TP. Hà Nội",3100000.0,28.2,land,,,,109929.08,
675A18,"Thửa 201 - tờ 245 TDC Đà Sơn 5, P.Hòa Khánh Nam, Q.Liên Chiểu, TP. Đà Nẵng",3950000.0,39.5,land,,,,100000.0,
0NTX59,"Thửa 821 - Tờ 22 thôn Mãn Xoan, Xã Kim Đường, H.Ứng Hòa, TP. Hà Nội",1600000.0,23.28,land,,,,68728.52,
675A78,"Thửa 82/QH - Tờ 05 Thôn Phúc Xá, Xã Đoàn Xá, H.Kiến Thuỵ, TP. Hải Phòng",2300000.0,11.82,land,,,,194585.45,
3YAY8Q,"Thửa 417 - Tờ 16 thôn Hà Xá, Xã Đại Hưng, H.Mỹ Đức, TP. Hà Nội",1670000.0,20.07,land,,,,83208.77,
SKHK35,"Thửa 245 - tờ 10 Thôn Kim Châu, Xã Kim Thư, H.Thanh Oai, TP. Hà Nội",3230000.0,63.08,land,,,,51204.82,
7BCB8A,"Thửa 290 - Tờ 14, Đường Tỉnh Lộ 362 Thôn Thấp Linh, Xã Minh Tân, H.Kiến Thuỵ, TP. Hải Phòng",4450000.0,39.31,land,,,,113202.75,
E90934,"Thửa 842 - Tờ 13 Thôn Đoàn Kết, Xã Minh Tân, H.Kiến Thuỵ, TP. Hải Phòng",1680000.0,21.76,land,,,,77205.88,
8A77P3,"Thửa 151.2 - Tờ 31, Đường Tỉnh Lộ 361 Thôn Cốc Liễu, Xã Minh Tân, H.Kiến Thuỵ, TP. Hải Phòng",2750000.0,22.0,land,,,,125000.0,
DF44WH,"Thửa 1622 - Tờ 1 Thôn Lạng Côn, Xã Đông Phương, H.Kiến Thuỵ, TP. Hải Phòng",2250000.0,27.04,land,,,,83210.06,
5CKHY7,"Thửa 676 - tờ 92-2024 Tổ dân phố 5, P.Lê Lợi, Q.An Dương, TP. Hải Phòng",1200000.0,26.08,land,,,,46012.27,
SKHY15,"Thửa 605 - tờ 26 Thôn Lại Thế 2, P.Phú Thượng, Q.Thuận Hóa, TP. Huế",2490000.0,20.49,land,,,,121522.69,
GVMN52,"Thửa 675 - tờ 92-2024 Tổ dân phố 5, P.Lê Lợi, Q.An Dương, TP. Hải Phòng",1200000.0,26.08,land,,,,46012.27,
3YASMQ,"Thửa 389 - Tờ 25 thôn Đạc Tài, Xã Mai Đình, H.Sóc Sơn, TP. Hà Nội",3570000.0,36.06,land,,,,99001.66,
DFEM6H,"Thửa 4011 - Tờ 27 Kiệt 129 An Dương Vương, P.An Cựu, Q.Thuận Hóa, TP. Huế",1890000.0,28.94,land,,,,65307.53,
3Y79EQ,"Thửa 4010 - Tờ 27 Kiệt 129 An Dương Vương, P.An Cựu, Q.Thuận Hóa, TP. Huế",1790000.0,29.83,land,,,,60006.7,
KRFW4C,"Thửa 480 - tờ 43 Thôn Diên Phong, Xã Hòa Nhơn, H.Hòa Vang, TP. Đà Nẵng",3500000.0,5.15,land,,,,679611.65,
UHYYUS,"Thửa 213 -Tờ 261 Ngô Xuân Thu, P.Hòa Hiệp Bắc, Q.Liên Chiểu, TP. Đà Nẵng",1800000.0,22.87,land,,,,78705.73,
GMG412,"Thửa 205 - tờ 49, 58 đường Cống Mỹ, P.Quán Toan, Q.Hồng Bàng, TP. Hải Phòng",1100000.0,13.04,land,,,,84355.83,
5K5N67,"Thửa 565.3  - Tờ 24 đường Tam Kiệt, Xã Hữu Bằng, H.Kiến Thuỵ, TP. Hải Phòng",1750000.0,17.5,land,,,,100000.0,
3A3J0Q,"Thửa 64 - Tờ 33 thôn Đình Thông, Xã Hồng Kỳ, H.Sóc Sơn, TP. Hà Nội",1350000.0,13.5,land,,,,100000.0,
7C72PA,"Thửa 1374 - Tờ 2, Đường 407 Thanh Sơn Thôn Cẩm Hoàn, Xã Thanh Sơn, H.Kiến Thuỵ, TP. Hải Phòng",2650000.0,35.71,land,,,,74208.91,
3A34FQ,"Thửa 63 - Tờ 33 thôn Đình Thông, Xã Hồng Kỳ, H.Sóc Sơn, TP. Hà Nội",1350000.0,13.5,land,,,,100000.0,
SHSRB5,"Thửa 61 - Tờ 33 thôn Đình Thông, Xã Hồng Kỳ, H.Sóc Sơn, TP. Hà Nội",1350000.0,13.5,land,,,,100000.0,
PXP8WG,"Thửa 223 - Tờ 83 Thôn Đình Trung, Xã Xuân Nộn, H.Đông Anh, TP. Hà Nội",2300000.0,56.65,land,,,,40600.18,
656YC8,"Thửa 111 - Tờ 63 Hải Thành 2, P.Hải Thành, Q.Dương Kinh, TP. Hải Phòng",2590000.0,35.38,land,,,,73205.2,
8787M3,"Thửa 123 - Tờ 74 thôn Thanh Hà, Xã Nam Sơn, H.Sóc Sơn, TP. Hà Nội",1850000.0,18.46,land,,,,100216.68,
GMGMC2,"Thửa 661 - Tờ 42 Thôn Quang Châu, Xã Hòa Châu, H.Hòa Vang, TP. Đà Nẵng",4480000.0,25.36,land,,,,176656.15,
0T0TY9,"Thửa 215 - Tờ 36 thôn Hoàng Dương, Xã Mai Đình, H.Sóc Sơn, TP. Hà Nội",2850000.0,32.2,land,,,,88509.32,
UDUDGS,"Thửa 319 - tờ 118 Phan Bá Phiến, P.Thọ Quang, Q.Sơn Trà, TP. Đà Nẵng",7750000.0,81.15,land,,,,95502.16,
ABAHJY,"Thửa 308 - Tờ B2-9 Bầu Cầu 9, Xã Hòa Châu, H.Hòa Vang, TP. Đà Nẵng",4350000.0,43.5,land,,,,100000.0,
KWKEFC,"Thửa 366 - Tờ 35 Thôn Trí Thủy, Xã Thủy Xuân Tiên, H.Chương Mỹ, TP. Hà Nội",2800000.0,16.13,land,,,,173589.58,
9N09DP,"Thửa 274 - Tờ 133 Đoàn Ngọc Nhạc, P.Hòa Xuân, Q.Cẩm Lệ, TP. Đà Nẵng",4700000.0,47.0,land,,,,100000.0,
R2WW2J,"Thửa 45 - Tờ 31 thôn Bắc Thượng, Xã Quang Tiến, H.Sóc Sơn, TP. Hà Nội",3400000.0,35.56,land,,,,95613.05,
D4YA4H,"Thửa 413 - Tờ 34 thôn Vệ Linh, Xã Phù Linh, H.Sóc Sơn, TP. Hà Nội",3200000.0,39.6,land,,,,80808.08,
SHU3V5,"Thửa 295 - Tờ 34 thôn Lạc Nông, Xã Mai Đình, H.Sóc Sơn, TP. Hà Nội",2400000.0,40.0,land,,,,60000.0,
KWDV3C,"Thửa 120B - Tờ 37, Ngõ 171 đường Thượng Đức TDP Quang Trung, P.Minh Đức, Q.Đồ Sơn, TP. Hải Phòng",1650000.0,23.27,land,,,,70906.75,
QY8JCU,"Thửa 554 - tờ 23 Tỉnh Lộ 419, Xã Hồng Sơn, H.Mỹ Đức, TP. Hà Nội",1400000.0,14.47,land,,,,96751.9,
JZWQW0,"Thửa 172 - Tờ 44 TDP Điện Biên, P.Bàng La, Q.Đồ Sơn, TP. Hải Phòng",1290000.0,15.07,land,,,,85600.53,
9NJSTP,"Thửa 506A1 - tờ 02 Thôn 4, P.Thuỷ Đường, TP.Thuỷ Nguyên, TP. Hải Phòng",1200000.0,11.71,land,,,,102476.52,
PX052G,"Thửa 281 - Tờ 103 TDP Phấn Dũng, P.Anh Dũng, Q.Dương Kinh, TP. Hải Phòng",1690000.0,33.8,land,,,,50000.0,
YE7GJD,"Thửa 1605 - Tờ 1 Thôn Lạng Cồn, Xã Đông Phương, H.Kiến Thuỵ, TP. Hải Phòng",1350000.0,18.24,land,,,,74013.16,
AB501Y,"Thửa 1966 - Tờ 1 Thôn Xuân La, Xã Thanh Sơn, H.Kiến Thuỵ, TP. Hải Phòng",1250000.0,19.84,land,,,,63004.03,
SHQFK5,"Thửa 1120 - Tờ 62 thôn Đông Hạ, Xã Phú Cát, H.Quốc Oai, TP. Hà Nội",2500000.0,25.0,land,,,,100000.0,
QY8BNU,"Thửa 318 - Tờ 63 TDP Tân Thành, P.Tân Thành, Q.Dương Kinh, TP. Hải Phòng",2100000.0,24.7,land,,,,85020.24,
65VHF8,"Thửa 468 - Tờ 51 thôn Yên Thái, Xã Đông Yên, H.Quốc Oai, TP. Hà Nội",2200000.0,27.02,land,,,,81421.17,
9NJVJP,"Thửa 97.2 - Tờ 27 Thôn Thù Du, Xã Minh Tân, H.Kiến Thuỵ, TP. Hải Phòng",1850000.0,21.51,land,,,,86006.51,
CRH0PB,"Thửa 526a1 -Tờ 21 Thôn Vũ Vị, Xã Minh Tân, H.Kiến Thuỵ, TP. Hải Phòng",1250000.0,8.44,land,,,,148104.27,
1SMQC6,"Thửa 116 - Tờ 24 Bàu Mạc 4, P.Hòa Khánh Bắc, Q.Liên Chiểu, TP. Đà Nẵng",5300000.0,49.3,land,,,,107505.07,
CRHFRB,"Thửa 35 - Tờ 18 thôn Xuân Đồng, Xã Tân Minh, H.Sóc Sơn, TP. Hà Nội",2550000.0,28.08,land,,,,90811.97,
CRH4WB,"Thửa 71 - Tờ 22 thôn Xuân Đồng, Xã Tân Minh, H.Sóc Sơn, TP. Hà Nội",2700000.0,27.0,land,,,,100000.0,
2VPTWZ,"Thửa 470  Tờ 22 thôn Yên Sào, Xã Xuân Giang, H.Sóc Sơn, TP. Hà Nội",2650000.0,33.12,land,,,,80012.08,
E0CFU4,"Thửa 39  - Tờ B2-6 Đại La 5, Xã Hòa Sơn, H.Hòa Vang, TP. Đà Nẵng",2450000.0,24.5,land,,,,100000.0,
UD86FS,"Thửa 243/1A - Tờ 04 Thôn 7, P.Hoà Bình, TP.Thuỷ Nguyên, TP. Hải Phòng",1850000.0,24.66,land,,,,75020.28,
YE5U8D,"Thửa 166A4 - Tờ 01 Thôn 15, P.Hoà Bình, TP.Thuỷ Nguyên, TP. Hải Phòng",1350000.0,22.31,land,,,,60510.98,
2V9JKZ,"Thửa 8463 - Tờ 4 Thôn 7, P.Quảng Thanh, TP.Thuỷ Nguyên, TP. Hải Phòng",1400000.0,20.0,land,,,,70000.0,
UD8NMS,"Thửa 120 - Tờ 53 thôn Lâm Nghiệp, Xã Minh Phú, H.Sóc Sơn, TP. Hà Nội",3570000.0,29.5,land,,,,121016.95,
5K3NU7,"Thửa 476 - Tờ 27 đường Nguyễn Kim Thành, TT.Sịa, H.Quảng Điền, TP. Huế",1520000.0,12.5,land,,,,121600.0,
JZ4A20,"Thửa 239 - Tờ 30, Số 40 Huyền Trân Công Chúa, P.Thuỷ Biều, Q.Thuận Hóa, TP. Huế",4210000.0,23.49,land,,,,179225.2,
7CQTXA,"Thửa 563 + 569 - Tờ 26 Tỉnh Lộ 419B, Xã Mỹ Xuyên, H.Mỹ Đức, TP. Hà Nội",1550000.0,12.47,land,,,,124298.32,
2V03NZ,"Thửa 03 - tờ F1 Trần Huy Liệu, P.Khuê Trung, Q.Cẩm Lệ, TP. Đà Nẵng",5600000.0,54.9,land,,,,102003.64,
ABUEMY,"Thửa 789 - Tờ 1 Thôn Cứ Chánh 2, P.Thủy Bằng, Q.Thuận Hóa, TP. Huế",4800000.0,12.0,land,,,,400000.0,
KWA49C,"10 (Thửa 263 - tờ 146) Phước Lý 4, P.Hòa Minh, Q.Liên Chiểu, TP. Đà Nẵng",4500000.0,40.9,land,,,,110024.45,
WGCE5R,"Thửa 120 - tờ 198 Kiều Sơn Đen, P.Hòa Xuân, Q.Cẩm Lệ, TP. Đà Nẵng",4690000.0,46.9,land,,,,100000.0,
UD16RS,"Thửa 260 - Tờ 2 Quốc Lộ 32, TT.Trạm Trôi, H.Hoài Đức, TP. Hà Nội",13520000.0,147.92,land,,,,91400.76,
KW7QDC,"Thửa 183 - Tờ 15 thôn Phú Khê, Xã Mỹ Xuyên, H.Mỹ Đức, TP. Hà Nội",1200000.0,24.89,land,,,,48212.13,
87NMG3,"Thửa 612 - Tờ 20 Quốc lộ 21B, Xã Trường Thịnh, H.Ứng Hòa, TP. Hà Nội",5000000.0,45.87,land,,,,109003.71,
E0YY64,"Thửa 77 - Tờ 111 thôn Yên Tàng, Xã Bắc Phú, H.Sóc Sơn, TP. Hà Nội",1820000.0,17.0,land,,,,107058.82,
PXFF7G,"Thửa 229 - Tờ 57 Thôn Thanh Trí, Xã Minh Phú, H.Sóc Sơn, TP. Hà Nội",2280000.0,14.25,land,,,,160000.0,
QYMMEU,"Thửa 757 - Tờ 27 thôn Xuân Bách, Xã Quang Tiến, H.Sóc Sơn, TP. Hà Nội",3200000.0,34.4,land,,,,93023.26,
1SZZ76,"Thửa 524 - Tờ 56 thôn Dược Hạ, Xã Tiên Dược, H.Sóc Sơn, TP. Hà Nội",3400000.0,40.0,land,,,,85000.0,
D4UUFH,"Thửa 04 - tờ MTĐĐC số 18-2022 Thôn Thống Nhất, Xã Minh Tân, H.Kiến Thuỵ, TP. Hải Phòng",1500000.0,22.48,land,,,,66725.98,
3AXN3Q,"Thửa 278 - tờ 4 Thôn Cự Đà, Xã Cự Khê, H.Thanh Oai, TP. Hà Nội",4850000.0,66.43,land,,,,73009.18,
YEQ33D,"Thửa 160 - Tờ 60 thôn Thái Lai, Xã Minh Trí, H.Sóc Sơn, TP. Hà Nội",1580000.0,15.8,land,,,,100000.0,
UDVZTS,"Thửa 61 - tờ 99 Thôn Tiên Kha, Xã Tiên Dương, H.Đông Anh, TP. Hà Nội",4900000.0,70.91,land,,,,69101.68,
0TEXF9,"Thửa 4906 - tờ 4 Thôn Cao Bộ, Xã Kiến Hưng, H.Kiến Thuỵ, TP. Hải Phòng",1250000.0,19.62,land,,,,63710.5,
QYMDNU,"Thửa 126 - Tờ 51 đường Tiểu Trà, P.Hưng Đạo, Q.Dương Kinh, TP. Hải Phòng",2900000.0,32.22,land,,,,90006.21,
AB3BXY,"Thửa 147 - Tờ 24 thôn Bột Xuyên, Xã Mỹ Xuyên, H.Mỹ Đức, TP. Hà Nội",1720000.0,16.05,land,,,,107165.11,
QYMAZU,"Thửa 97 - Tờ 84 Trà Khê 2, P.Anh Dũng, Q.Dương Kinh, TP. Hải Phòng",3390000.0,36.0,land,,,,94166.67,
D4UK2H,"Thửa 545.8 - Tờ 13 Thôn Đoàn Kết, Xã Minh Tân, H.Kiến Thuỵ, TP. Hải Phòng",1100000.0,14.04,land,,,,78347.58,
QYXQ8U,"Thửa 691 - Tờ 4 Thôn Xuân Úc, Xã Thuận Thiên, H.Kiến Thuỵ, TP. Hải Phòng",1050000.0,17.41,land,,,,60310.17,
3ATV7Q,"Thửa 70 - Tờ 83, Thôn Chóng đường Tỉnh Lộ 87A, Xã Yên Bài, H.Ba Vì, TP. Hà Nội",7020000.0,6.5,land,,,,1080000.0,
JZKEQ0,"Thửa 406 - Tờ 17 thôn Đông Sơn, Xã Quang Tiến, H.Sóc Sơn, TP. Hà Nội",3070000.0,32.0,land,,,,95937.5,
87ZZ93,"Thửa 691 -Tờ 18 Khu Vực Thới Thạnh, P.Thới An Đông, Q.Bình Thuỷ, TP. Cần Thơ",350.0,8.75,land,,,,40.0,
JZKYM0,"Thửa 369 - Tờ 20 thôn Quảng Hội, Xã Quang Tiến, H.Sóc Sơn, TP. Hà Nội",3880000.0,48.5,land,,,,80000.0,
3AZNSQ,"Thửa Lô 102 - Tờ 8 Nguyễn Hàm Ninh, P.Hòa Xuân, Q.Cẩm Lệ, TP. Đà Nẵng",3700000.0,37.0,land,,,,100000.0,
7CV16A,"Thửa 229 - Tờ 300 Đà Sơn 3, P.Hòa Khánh Nam, Q.Liên Chiểu, TP. Đà Nẵng",4550000.0,56.87,land,,,,80007.03,
CR8N7B,"Thửa C2-20 - Tờ 2 đường Tế Hanh, Xã Hòa Phước, H.Hòa Vang, TP. Đà Nẵng",5100000.0,37.77,land,,,,135027.8,
D4V9AH,"Thửa 1171 - Tờ 52 Thôn Lâm Hộ, Xã Thanh Lâm, H.Mê Linh, TP. Hà Nội",3400000.0,43.42,land,,,,78304.93,
3APBTQ,"Thửa 104 - Tờ 54 thôn Mai Nội, Xã Mai Đình, H.Sóc Sơn, TP. Hà Nội",4510000.0,47.0,land,,,,95957.45,
UD24TS,"Thửa 303 - Tờ 30 thôn Hương Đình, Xã Mai Đình, H.Sóc Sơn, TP. Hà Nội",7220000.0,76.0,land,,,,95000.0,
2VCUSZ,"Thửa 191 - Tờ 114 thôn Thanh Lại, Xã Phù Linh, H.Sóc Sơn, TP. Hà Nội",1430000.0,23.49,land,,,,60876.97,
QYGE5U,"Thửa 113 - Tờ 31 Thôn Bắc Thượng, Xã Quang Tiến, H.Sóc Sơn, TP. Hà Nội",2660000.0,37.0,land,,,,71891.89,
CR8GQB,"Thửa 63 - Tờ 117 thôn Bắc Thượng, Xã Quang Tiến, H.Sóc Sơn, TP. Hà Nội",2760000.0,23.0,land,,,,120000.0,
879KK3,"Thửa 231 - Tờ 26 thôn Hương Đình Đông, Xã Mai Đình, H.Sóc Sơn, TP. Hà Nội",2970000.0,27.5,land,,,,108000.0,
R27XBJ,"Thửa 399 - Tờ 66 Kiệt 50 Thiên Thai, P.An Tây, Q.Thuận Hóa, TP. Huế",1150000.0,8.56,land,,,,134345.79,
YEMR2D,"Thửa 382 - Tờ 20 thôn Quảng Hội, Xã Quang Tiến, H.Sóc Sơn, TP. Hà Nội",3140000.0,40.0,land,,,,78500.0,
JZAM90,"Thửa  1098  - Tờ 16 Kiệt 82 Quảng Tế, P.Thuỷ Xuân, Q.Thuận Hóa, TP. Huế",1950000.0,19.38,land,,,,100619.2,
ABXF7Y,"Thửa 585 - Tờ 22 thôn Đông Lai, Xã Quang Tiến, H.Sóc Sơn, TP. Hà Nội",4060000.0,39.49,land,,,,102810.84,
KW603C,"Thửa 407 - Tờ 17 thôn Đông Sơn, Xã Quang Tiến, H.Sóc Sơn, TP. Hà Nội",3070000.0,32.0,land,,,,95937.5,
KW1SJC,"Thửa 745 - Tờ 54 thôn Giáp Bốn, Xã Tuy Lai, H.Mỹ Đức, TP. Hà Nội",1180000.0,17.35,land,,,,68011.53,
65J2Y8,"Thửa 02 - Tờ MTĐĐC số 01-2022 Thôn Thái Lai, Xã Tân Phong, H.Kiến Thuỵ, TP. Hải Phòng",2500000.0,23.29,land,,,,107342.21,
3A923Q,"Thửa 824 - Tờ 6 Thôn Thanh Vân, Xã Thanh Lâm, H.Mê Linh, TP. Hà Nội",2200000.0,41.04,land,,,,53606.24,
SHGZ65,"Thửa 370 - Tờ 33 thôn Thượng Quất, Xã Hợp Tiến, H.Mỹ Đức, TP. Hà Nội",1670000.0,16.02,land,,,,104244.69,
CR18EB,"Thửa 251 - Tờ 53 phố Thọ Sơn, TT.Đại Nghĩa, H.Mỹ Đức, TP. Hà Nội",1950000.0,23.66,land,,,,82417.58,
3A09UQ,"Thửa 406 - Tờ 09 thôn Hòa Lạc, Xã An Tiến, H.Mỹ Đức, TP. Hà Nội",1330000.0,16.54,land,,,,80411.12,
65RRX8,"Thửa 323+325 - Tờ 20 thôn Đông Đoài, Xã Xuy Xá, H.Mỹ Đức, TP. Hà Nội",1500000.0,10.98,land,,,,136612.02,
UDP93S,"Thửa 17 - Tờ 31 Thôn Đoài, Xã Tàm Xá, H.Đông Anh, TP. Hà Nội",24300000.0,135.75,land,,,,179005.52,
PXYA5G,"Thửa 331 - tờ 32 Nguyễn Văn Cừ, P.Hòa Hiệp Bắc, Q.Liên Chiểu, TP. Đà Nẵng",1600000.0,16.98,land,,,,94228.5,
QY90BU,"Thửa 316 - Tờ 31 thôn Lai Tảo, Xã Mỹ Xuyên, H.Mỹ Đức, TP. Hà Nội",2400000.0,24.0,land,,,,100000.0,
ABT2EY,"Thửa 1215 - Tờ 50 Thôn Yên Vinh, TT.Quang Minh, H.Mê Linh, TP. Hà Nội",3500000.0,63.4,land,,,,55205.05,
WGU88R,"Thửa 138 - Tờ 26 Thôn Bảo Tháp, TT.Quang Minh, H.Mê Linh, TP. Hà Nội",2500000.0,34.19,land,,,,73120.8,
UDPRBS,"Thửa 1362 - Tờ 4 Thôn Hoàng Kim, Xã Hoàng Kim, H.Mê Linh, TP. Hà Nội",3770000.0,34.97,land,,,,107806.69,
ABTPCY,"Thửa 197B - tờ 26 Thôn Vũ Vị, Xã Minh Tân, H.Kiến Thuỵ, TP. Hải Phòng",2500000.0,21.73,land,,,,115048.32,
SHGRN5,"Thửa 1785 - tờ 4 Thôn Xuân Đoài, Xã Ngũ Phúc, H.Kiến Thuỵ, TP. Hải Phòng",1600000.0,25.0,land,,,,64000.0,
5K2RQ7,"Thửa 2155 - tờ 2 Thôn Đức Phong, Xã Đại Đồng, H.Kiến Thuỵ, TP. Hải Phòng",2500000.0,26.04,land,,,,96006.14,
87JBW3,"Thửa 1107 - tờ 2 Thôn Cẩm Hoàn, Xã Thanh Sơn, H.Kiến Thuỵ, TP. Hải Phòng",1500000.0,23.58,land,,,,63613.23,
SHGB05,"Thửa 779 - tờ 22 Thôn Tân Linh, Xã Minh Tân, H.Kiến Thuỵ, TP. Hải Phòng",5500000.0,44.71,land,,,,123014.99,
E08GP4,"Thửa 118 - Tờ 34, Ngõ 685 Mỹ Hà, Xã Hợp Thanh, H.Mỹ Đức, TP. Hà Nội",1630000.0,22.29,land,,,,73126.96,
5K2B67,"Thửa 312 - Tờ 22 thôn Vạn Thắng, Xã An Tiến, H.Mỹ Đức, TP. Hà Nội",1130000.0,13.53,land,,,,83518.11,
UD9TPS,"Thửa 179 - tờ 54 Bàu Mạc 5, P.Hòa Khánh Bắc, Q.Liên Chiểu, TP. Đà Nẵng",6750000.0,54.0,land,,,,125000.0,
PXAUQG,"Thửa 4097 - tờ 1 TDP Tân Dương, P.Dương Quan, TP.Thuỷ Nguyên, TP. Hải Phòng",2000000.0,33.33,land,,,,60006.0,
7C24XA,"Thửa 76 - tờ 8m Thôn Cẩm Nê, Xã Hòa Tiến, H.Hòa Vang, TP. Đà Nẵng",1800000.0,5.34,land,,,,337078.65,
7CGUWA,"Thửa 44 - Tờ 69 Thôn Kim Tiên, Xã Xuân Nộn, H.Đông Anh, TP. Hà Nội",7920000.0,66.0,land,,,,120000.0,
AB262Y,"Thửa 36 - Tờ 241 Nguyễn Thành Long, P.Hòa Hiệp Nam, Q.Liên Chiểu, TP. Đà Nẵng",11700000.0,66.51,land,,,,175913.4,
3AWDNQ,"Thửa 3750 - Tờ 3 Thôn 5, P.Trần Hưng Đạo, TP.Thuỷ Nguyên, TP. Hải Phòng",1270000.0,18.97,land,,,,66947.81,
QYRH7U,"thửa 3751 - Tờ 3 Thôn 5, P.Trần Hưng Đạo, TP.Thuỷ Nguyên, TP. Hải Phòng",1140000.0,18.9,land,,,,60317.46,
3AW5GQ,"Thửa 260 - tờ 11 Phạm Văn Thanh, P.Thủy Dương, TX.Hương Thủy, TP. Huế",4500000.0,33.33,land,,,,135013.5,
UDJAGS,"Thửa 24 - tờ 38 Thôn Khương Mỹ, Xã Hòa Phong, H.Hòa Vang, TP. Đà Nẵng",1390000.0,6.54,land,,,,212538.23,
QYR7EU,"Thửa 525 - Tờ 32 Thôn Cốc Liễn, Xã Minh Tân, H.Kiến Thuỵ, TP. Hải Phòng",1650000.0,24.19,land,,,,68210.0,
7C9UBA,"Thửa 841 - Tờ 8 Nguyễn Văn Linh, P.Long Tuyền, Q.Bình Thuỷ, TP. Cần Thơ",4500000.0,36.05,land,,,,124826.63,
874WG3,"Thửa 101 - tờ 77 Bàu Năng 12, P.Hòa Minh, Q.Liên Chiểu, TP. Đà Nẵng",5500000.0,57.89,land,,,,95007.77,
WG1ACR,"Thửa 29 - tờ E7 Huỳnh Tịnh Của, Xã Hòa Phước, H.Hòa Vang, TP. Đà Nẵng",4200000.0,36.2,land,,,,116022.1,
2V5KJZ,"Thửa 70F - Tờ 01 thôn Chúc Đồng, Xã Thụy Hương, H.Chương Mỹ, TP. Hà Nội",2400000.0,66.66,land,,,,36003.6,
3A49YQ,"Thửa 644 - Tờ 18 Thôn Chúc Lý, Xã Ngọc Hòa, H.Chương Mỹ, TP. Hà Nội",3300000.0,43.42,land,,,,76001.84,
JZ85S0,"Thửa 286 - Tờ 19 thôn Bài Trượng, Xã Hoàng Diệu, H.Chương Mỹ, TP. Hà Nội",2550000.0,43.81,land,,,,58205.89,
QYF0RU,"Thửa 289 - Tờ 12 số 4, P.Bùi Hữu Nghĩa, Q.Bình Thuỷ, TP. Cần Thơ",6300000.0,24.99,land,,,,252100.84,
65BWA8,"Thửa 288 - Tờ 12 số 4, P.Bùi Hữu Nghĩa, Q.Bình Thuỷ, TP. Cần Thơ",6130000.0,25.0,land,,,,245200.0,
0T3US9,"Thửa 1389 - tờ 37 Ấp Trường Đông B, Xã Tân Thới, H.Phong Điền, TP. Cần Thơ",460.0,4.33,land,,,,106.24,
5KJJY7,"Thửa 653 - Tờ 20 Thôn Phú Bến, Xã Thụy Hương, H.Chương Mỹ, TP. Hà Nội",2350000.0,49.16,land,,,,47803.09,
E0XZM4,"Thửa 175 - tờ 8 Trần Tử Bình, Xã Hòa Châu, H.Hòa Vang, TP. Đà Nẵng",9400000.0,62.66,land,,,,150015.96,
GMSZN2,"Thửa 83 - tờ 53 Bàu Mạc 12, P.Hòa Khánh Bắc, Q.Liên Chiểu, TP. Đà Nẵng",8500000.0,57.47,land,,,,147903.25,
7CJ5WA,"Thửa 143 - Tờ 55 Hòa Phú 29, P.Hòa Minh, Q.Liên Chiểu, TP. Đà Nẵng",14900000.0,101.7,land,,,,146509.34,
9N30NP,"Thửa 135 - Tờ 72 Hòa Phú 3, P.Hòa Minh, Q.Liên Chiểu, TP. Đà Nẵng",5200000.0,65.0,land,,,,80000.0,
3AE14Q,"Thửa 344 - tờ B1-6 Nguyễn Công Thái, Xã Hòa Liên, H.Hòa Vang, TP. Đà Nẵng",2900000.0,23.2,land,,,,125000.0,
ABWCBY,"Thửa 526b3 - Tờ 21 Thôn Vũ Vị, Xã Minh Tân, H.Kiến Thuỵ, TP. Hải Phòng",1300000.0,15.47,land,,,,84033.61,
SHCQP5,"Thửa 721 - Tờ 10 KV Bình Dương, P.Long Hòa, Q.Bình Thuỷ, TP. Cần Thơ",1200000.0,5.78,land,,,,207612.46,
R2T4BJ,"Thửa 548 - Tờ 28, TDP Chiết Bi KQH Thủy Dương 3, P.Phú Thượng, Q.Thuận Hóa, TP. Huế",2200000.0,19.31,land,,,,113930.61,
9NMFXP,"Thửa 2709 - Tờ 1 đường số 3, P.Thường Thạnh, Q.Cái Răng, TP. Cần Thơ",1700000.0,21.87,land,,,,77732.05,
D4WXNH,"Thửa 179 - Tờ 198 Văn Tiến Dũng, P.Hòa Xuân, Q.Cẩm Lệ, TP. Đà Nẵng",5700000.0,57.0,land,,,,100000.0,
7CE2YA,"Thửa 297 - tờ 11 Thôn Dương Sơn, Xã Hòa Châu, H.Hòa Vang, TP. Đà Nẵng",5200000.0,13.33,land,,,,390097.52,
2V6YPZ,"Thửa 276 - Tờ 197 Nhơn Hòa Xuân, P.Hòa Xuân, Q.Cẩm Lệ, TP. Đà Nẵng",4150000.000000001,41.5,land,,,,100000.0,
65AFC8,"Thửa 569 - Tờ 39 Kiệt 109 Minh Mạng, P.Thuỷ Xuân, Q.Thuận Hóa, TP. Huế",1780000.0,13.33,land,,,,133533.38,
3AD4YQ,"Thửa 679 - tờ 23m Thôn Nam Sơn, Xã Hòa Tiến, H.Hòa Vang, TP. Đà Nẵng",1300000.0,13.0,land,,,,100000.0,
SHKC85,"Thửa 163 - tờ 46 Nguyễn Thế Lịch, P.Hòa Thọ Đông, Q.Cẩm Lệ, TP. Đà Nẵng",7200000.0,51.94,land,,,,138621.49,
5KCDA7,"Thửa 178 - tờ 8 K289 Bùi Thị Xuân, P.Thuỷ Xuân, Q.Thuận Hóa, TP. Huế",1500000.0,15.0,land,,,,100000.0,
ABB5HY,"Thửa 349 - Tờ 46 Thái Thị Nhạn, P.An Thới, Q.Bình Thuỷ, TP. Cần Thơ",1850000.0,24.66,land,,,,75020.28,
1SSXV6,"Thửa 559 - Tờ 24 Khu Vực 5, P.Hưng Thạnh, Q.Cái Răng, TP. Cần Thơ",1100000.0,9.95,land,,,,110552.76,
ABB6SY,"Thửa 189 -Tờ 213 Dương Bá Cung, P.Hòa Xuân, Q.Cẩm Lệ, TP. Đà Nẵng",4200000.0,42.0,land,,,,100000.0,
877ZD3,"Lô 715 - Tờ 2 Bàu Cầu 25, P.Hòa Xuân, Q.Cẩm Lệ, TP. Đà Nẵng",4700000.0,38.18,land,,,,123101.1,
YEEVRD,"Thửa 149 - Tờ 36 Bùi Hữu Nghĩa, P.Bình Thủy, Q.Bình Thuỷ, TP. Cần Thơ",2400000.0,14.94,land,,,,160642.57,
3AAPWQ,"Thửa 1203 - Tờ 1 Khu Vực 5, P.Ba Láng, Q.Cái Răng, TP. Cần Thơ",2200000.0,7.23,land,,,,304287.69,
65SPB8,"Thửa 563 - Tờ 18 Nguyễn Tất Thành, P.Phú Bài, TX.Hương Thủy, TP. Huế",3880000.0,27.67,land,,,,140224.07,
E0JSW4,"Thửa 10 - Tờ 15 Hoàng Minh Giám, P.Thủy Phương, TX.Hương Thủy, TP. Huế",1290000.0,13.16,land,,,,98024.32,
9NTD2P,"Thửa 396 - Tờ 17 Khúc Thừa Dụ, P.Thủy Phương, TX.Hương Thủy, TP. Huế",3500000.0,23.31,land,,,,150150.15,
UDYG6S,"Thửa 422 - Tờ 6 Kiệt 246 Hùng Vương, P.An Cựu, Q.Thuận Hóa, TP. Huế",2350000.0,35.71,land,,,,65807.9,
2VMKXZ,"Thửa 643 - Tờ 68 Kiệt 50 Thiên Thai, P.An Cựu, Q.Thuận Hóa, TP. Huế",1420000.0,11.82,land,,,,120135.36,
PXT93G,"Thửa 44 - tờ 23 Trung Lương 17, P.Hòa Xuân, Q.Cẩm Lệ, TP. Đà Nẵng",18500000.0,74.0,land,,,,250000.0,
D4B5YH,"Thửa 261 - tờ 134 Hòa Minh 19, P.Hòa Minh, Q.Liên Chiểu, TP. Đà Nẵng",5250000.0,65.62,land,,,,80006.1,
WG984R,"Tờ 365 - tờ 85 Thôn Phú Sơn 3, Xã Hòa Khương, H.Hòa Vang, TP. Đà Nẵng",900.0,7.05,land,,,,127.66,
ABDUHY,"Thửa 2079 - Tờ 7 Nguyễn Văn Lưu, P.Hưng Thạnh, Q.Cái Răng, TP. Cần Thơ",8300000.000000001,58.24,land,,,,142513.74,
9T0NEP,"Thửa 340 - Tờ 35 Trưng Nữ Vương, P.Thủy Phương, TX.Hương Thủy, TP. Huế",2700000.0,27.0,land,,,,100000.0,
PN9XCG,"Thửa 640 -Tờ 5 TĐC Thủy Dương, P.Thủy Dương, TX.Hương Thủy, TP. Huế",3150000.0,31.5,land,,,,100000.0,
7K5CHA,"Thửa 443 -Tờ 10 Lý Đạo Thành, P.Phú Bài, TX.Hương Thủy, TP. Huế",1650000.0,17.2,land,,,,95930.23,
378ASQ,"Thửa 708 - Tờ 16 Kiệt Trưng Nữ Vương, P.Phú Bài, TX.Hương Thủy, TP. Huế",850.0,10.75,land,,,,79.07,
AC5QEY,"Thửa 493 - tờ 248 Nguyễn Xuân Hữu, P.Hòa Thọ Đông, Q.Cẩm Lệ, TP. Đà Nẵng",4450000.0,63.03,land,,,,70601.3,
KFD3SC,"Lô 43 Phân Khu B2-38 Phước Lý 6, P.Hòa Minh, Q.Liên Chiểu, TP. Đà Nẵng",4590000.0,43.71,land,,,,105010.3,
SDQPR5,"Thửa 393 - tờ 56 Thôn Khương Mỹ, Xã Hòa Phong, H.Hòa Vang, TP. Đà Nẵng",1200000.0,5.45,land,,,,220183.49,
WP439R,"Tờ 300 - tờ 13 K1014 Tôn Đản, P.Hòa Phát, Q.Cẩm Lệ, TP. Đà Nẵng",2900000.0,36.11,land,,,,80310.16,
2MPAVZ,"Thửa 88 - tờ 100 Hòa Bình 1, P.Hoà Quý, Q.Ngũ Hành Sơn, TP. Đà Nẵng",4950000.0,34.61,land,,,,143022.25,
6SVD78,"Thửa 1726 - Tờ 21, Đường D2 KDC Hồng Loan, P.Hưng Thạnh, Q.Cái Răng, TP. Cần Thơ",3200000.0,32.32,land,,,,99009.9,
KFYJGC,"Thửa 304 - Tờ 22 Nguyễn Văn Cừ, P.An Khánh, Q.Ninh Kiều, TP. Cần Thơ",3290000.0,30.01,land,,,,109630.12,
ACUFVY,"Thửa 368 - tờ 40 Thôn Đông Lâm, Xã Hòa Phú, H.Hòa Vang, TP. Đà Nẵng",2500000.0,7.07,land,,,,353606.79,
DE5RXH,"Thửa 898 - tờ 15 K44 Vũ Ngọc Phan, P.Thuỷ Xuân, Q.Thuận Hóa, TP. Huế",1400000.0,13.98,land,,,,100143.06,
ACQR1Y,"Thửa 206 - tờ 25 Bàu Mạc 20, P.Hòa Khánh Bắc, Q.Liên Chiểu, TP. Đà Nẵng",4450000.0,48.1,land,,,,92515.59,
SD6HA5,"Thửa 649.3 - tờ 11 Thôn Thống Nhất, Xã Minh Tân, H.Kiến Thuỵ, TP. Hải Phòng",1500000.0,22.38,land,,,,67024.13,
UY1YKS,"Thửa 53 - tờ 46 Phạm Văn Đồng, P.Tân Thành, Q.Dương Kinh, TP. Hải Phòng",3500000.0,58.92,land,,,,59402.58,
SD1NN5,"Thửa 45-B - tờ KT03/3 Mân Quang 3, P.Thọ Quang, Q.Sơn Trà, TP. Đà Nẵng",7250000.0,65.9,land,,,,110015.17,
85NKS3,"Thửa A1-9 - tờ 00 Trần Quý Hai, P.Hòa Thọ Đông, Q.Cẩm Lệ, TP. Đà Nẵng",6200000.0,51.23,land,,,,121022.84,
QAMYSU,"Thửa 740 - Tờ 86, Đường Ngô Miễn TĐC Hòa Liên 3, Xã Hòa Liên, H.Hòa Vang, TP. Đà Nẵng",3050000.0,29.9,land,,,,102006.69,
SDV615,"Thửa 887 - Tờ 15 K55 Vũ Ngọc Phan, P.Thuỷ Xuân, Q.Thuận Hóa, TP. Huế",1530000.0,15.25,land,,,,100327.87,
1U2TA6,"Thửa 394 - Tờ 11 K73/20 Duy Tân, P.An Cựu, Q.Thuận Hóa, TP. Huế",1800000.0,29.8,land,,,,60402.68,
KFSUKC,"Thửa 43 - Tờ 20, Số 223 Nguyễn Văn Cừ, P.An Hòa, Q.Ninh Kiều, TP. Cần Thơ",13500000.0,100.52,land,,,,134301.63,
5H1ZU7,"Thửa 355 - Tờ 72 Hòa Liên 4, Xã Hòa Liên, H.Hòa Vang, TP. Đà Nẵng",2500000.0,20.0,land,,,,125000.0,
AC8NKY,"Thửa 52 - Tờ 13 B1 Hồng Phước, P.Hòa Khánh Bắc, Q.Liên Chiểu, TP. Đà Nẵng",5650000.0,56.5,land,,,,100000.0,
37NAHQ,"Thửa 64 -Tờ 00, Số 28 Liêm Lạc 16, P.Hòa Xuân, Q.Cẩm Lệ, TP. Đà Nẵng",4100000.0,41.0,land,,,,100000.0,
YB3EED,"Thửa Lô 278 - tờ 17 TĐC Hòa Ninh, Xã Hòa Ninh, H.Hòa Vang, TP. Đà Nẵng",1800000.0,16.77,land,,,,107334.53,
J2KR50,"Thửa 865 - Tờ 7 Nguyễn Văn Quang, P.Hưng Thạnh, Q.Cái Răng, TP. Cần Thơ",8300000.000000001,69.98,land,,,,118605.32,
CWS3YB,"Thửa 381 - tờ 261 Hòa Mỹ 9, P.Hòa Minh, Q.Liên Chiểu, TP. Đà Nẵng",5150000.0,68.66,land,,,,75007.28,
852BD3,"Thửa 11a - tờ 19 Thôn Thấp Linh, Xã Minh Tân, H.Kiến Thuỵ, TP. Hải Phòng",2500000.0,27.17,land,,,,92013.25,
J2D5N0,"Thửa 89 - Tờ 36 Kiệt 106 Minh Mạng, P.Thuỷ Xuân, Q.Thuận Hóa, TP. Huế",1100000.0,10.4,land,,,,105769.23,
J2DST0,"Thửa 632 - Tờ 39 Kiệt 105 Minh Mạng, P.Thuỷ Xuân, Q.Thuận Hóa, TP. Huế",1900000.0,16.91,land,,,,112359.55,
J2DUZ0,"Thửa 89 - tờ 22 Nguyễn Văn Chư, P.Thủy Phương, TX.Hương Thủy, TP. Huế",1600000.0,12.8,land,,,,125000.0,
YB1FJD,"08 (Thửa 283 - tờ 190) Nhơn Hòa Xuân, P.Hòa Xuân, Q.Cẩm Lệ, TP. Đà Nẵng",4200000.0,42.0,land,,,,100000.0,
DE6F6H,"Thửa F-69 - tờ 00 Phạm Sư Mạnh, P.Khuê Trung, Q.Cẩm Lệ, TP. Đà Nẵng",6200000.0,49.6,land,,,,125000.0,
6S99Q8,"Thửa 138 - Tờ 17 Bờ Đằm 8, Xã Hòa Phước, H.Hòa Vang, TP. Đà Nẵng",3550000.0,35.5,land,,,,100000.0,
GXCKS2,"Thửa 61 -Tờ 13 Hà Văn Mao, Xã Hòa Phước, H.Hòa Vang, TP. Đà Nẵng",3600000.0,34.95,land,,,,103004.29,
5HNR87,"Thửa 225 - tờ 69 Thôn Nam Thành, Xã Hòa Phong, H.Hòa Vang, TP. Đà Nẵng",1350000.0,10.0,land,,,,135000.0,
WP7VTR,"Thửa 1331 - tờ 4m Thôn Cẩm Nê, Xã Hòa Tiến, H.Hòa Vang, TP. Đà Nẵng",1550000.0,15.5,land,,,,100000.0,
40SGHF,"Thửa 332 - tờ 42 Tân Hòa 7, P.An Khê, Q.Thanh Khê, TP. Đà Nẵng",4480000.0,64.0,land,,,,70000.0,
GXK4D2,"Thửa 12454 - Tờ 1, Đường B9 Khu TĐC Phú An, P.Phú Thứ, Q.Cái Răng, TP. Cần Thơ",5600000.0,24.34,land,,,,230073.95,
37PZ8Q,"Thửa 1370 - Tờ 7 Nguyễn Văn Quang, P.Hưng Thạnh, Q.Cái Răng, TP. Cần Thơ",5600000.0,65.49,land,,,,85509.24,
37PETQ,"Thửa 113 - Tờ 42 Cồn Dầu 15, P.Hòa Xuân, Q.Cẩm Lệ, TP. Đà Nẵng",6550000.0,65.5,land,,,,100000.0,
379MDQ,"Thửa 274 - tờ 65 Nguyễn Như Đỗ, P.Hòa Thọ Tây, Q.Cẩm Lệ, TP. Đà Nẵng",2680000.0,32.64,land,,,,82107.84,
1URZC6,"Thửa 27 - tờ 38 Thôn Khương Mỹ, Xã Hòa Phong, H.Hòa Vang, TP. Đà Nẵng",2700000.0,10.79,land,,,,250231.7,
379XSQ,"Thửa 218 - tờ 00 Trà Na 4, P.Hòa Khánh Nam, Q.Liên Chiểu, TP. Đà Nẵng",3330000.0,33.2,land,,,,100301.2,
DEMQ9H,"Thửa B2-14-57 - Tờ PhuocLy, Đường Phước Lý 4, P.Hòa Minh, Q.Liên Chiểu, TP. Đà Nẵng",4450000.0,40.45,land,,,,110012.36,
UYGMAS,"Thửa 182 - tờ 184 Tùng Lâm 3, P.Hòa Xuân, Q.Cẩm Lệ, TP. Đà Nẵng",4350000.0,43.5,land,,,,100000.0,
0ZAC79,"Thửa 319 - tờ 47 Thôn Phú Thượng, Xã Hòa Sơn, H.Hòa Vang, TP. Đà Nẵng",1350000.0,13.5,land,,,,100000.0,
6SJG78,"Thửa 88 - tờ 146 Cầu Đỏ - Túy Loan, P.Hòa Thọ Tây, Q.Cẩm Lệ, TP. Đà Nẵng",3050000.0,29.44,land,,,,103600.54,
850R03,"Thửa 640 - Tờ 7 Nguyễn Viết Xuân, P.Thới An Đông, Q.Bình Thuỷ, TP. Cần Thơ",1490000.0,9.93,land,,,,150050.35,
9TY5SP,"Thửa 163 - Tờ 24 Khu Vực 5, P.Cái Khế, Q.Ninh Kiều, TP. Cần Thơ",1600000.0,24.92,land,,,,64205.46,
J27UX0,"Thửa 1288 - tờ 23 Thôn Trước Đông, Xã Hòa Nhơn, H.Hòa Vang, TP. Đà Nẵng",2700000.0,8.3,land,,,,325301.2,
5HZE17,"Thửa 1860 - tờ 12 Thôn Dương Sơn, Xã Hòa Châu, H.Hòa Vang, TP. Đà Nẵng",3100000.0,14.55,land,,,,213058.42,
KF103C,"Thửa 98 - Tờ 25, Số 20 Hoà Minh 30, P.Hòa Minh, Q.Liên Chiểu, TP. Đà Nẵng",8400000.0,84.0,land,,,,100000.0,
7KTBGA,"Thửa 19- A2 Tờ 00, số 10 Lâm Quang Thự, P.Hòa Minh, Q.Liên Chiểu, TP. Đà Nẵng",5900000.0,65.55,land,,,,90007.63,
1UFVJ6,"Thửa 1943-Tờ 7, Đường số 3 KDC Nam Long, P.Hưng Thạnh, Q.Cái Răng, TP. Cần Thơ",7900000.0,39.5,land,,,,200000.0,
CWVYPB,"Thửa 2435 - Tờ 7 KDC Nam Long, P.Hưng Thạnh, Q.Cái Răng, TP. Cần Thơ",11900000.0,48.33,land,,,,246223.88,
UY96CS,"Thửa 2290 -Tờ 07, Đường Số 2B KDC Nam Long, P.Hưng Thạnh, Q.Cái Răng, TP. Cần Thơ",7900000.0,39.5,land,,,,200000.0,
7K2RVA,"Thửa 627- Tờ 6, Đường Số 14 KĐT Hưng Phú, P.Hưng Thạnh, Q.Cái Răng, TP. Cần Thơ",3570000.0,38.63,land,,,,92415.22,
2MDQ5Z,"Thửa 1557 - Tờ 33, Đường A3 KDC Hưng Phú, P.Hưng Phú, Q.Cái Răng, TP. Cần Thơ",8800000.0,73.33,land,,,,120005.45,
EJ6Z24,"Thửa 1879 - Tờ 07, Đường Số 1 KDC Nam Long, P.Hưng Thạnh, Q.Cái Răng, TP. Cần Thơ",3900000.0,48.87,land,,,,79803.56,
1UFST6,"Thửa 272 - Tờ 63 Hoàng Quốc Việt, P.An Bình, Q.Ninh Kiều, TP. Cần Thơ",3450000.0,27.75,land,,,,124324.32,
5H98J7,"Thửa 205 -Tờ 102 Vân Dương 1, Xã Hòa Liên, H.Hòa Vang, TP. Đà Nẵng",2100000.0,9.39,land,,,,223642.17,
PN5FFG,"Thửa 216 - Tờ 10 Bàu Nghè 2, Xã Hòa Sơn, H.Hòa Vang, TP. Đà Nẵng",3150000.0,31.5,land,,,,100000.0,
EJVAY4,"Thửa 662 -Tờ 2, 149/36 Lê Đình Lý, P.Bình Thuận, Q.Hải Châu, TP. Đà Nẵng",3750000.0,67.56,land,,,,55506.22,
UYJZAS,"Thửa 143 - tờ 75 Thanh Lương 17, P.Hòa Xuân, Q.Cẩm Lệ, TP. Đà Nẵng",6350000.0,63.5,land,,,,100000.0,
J2QMZ0,"Thửa 144 -Tờ 31 Đông Lợi 4, P.An Khê, Q.Thanh Khê, TP. Đà Nẵng",5700000.0,67.45,land,,,,84507.04,
UYR3WS,"Thửa 178 -Tờ 47 Thôn Phú Thượng, Xã Hòa Sơn, H.Hòa Vang, TP. Đà Nẵng",1250000.0,12.01,land,,,,104079.93,
5H08P7,"Thửa 629 - tờ 9 , K246 Trần Cao Vân, P.Xuân Hà, Q.Thanh Khê, TP. Đà Nẵng",4550000.0,86.17,land,,,,52802.6,
1UB2F6,"Thửa 174 - tờ 146 Hồ Bá Ôn, P.Hòa Minh, Q.Liên Chiểu, TP. Đà Nẵng",4400000.0,70.4,land,,,,62500.0,
5H0107,"Thửa 981 - Tờ 86, Lô 1 phân khu B2-2 Phạm Quý Thích, Xã Hòa Liên, H.Hòa Vang, TP. Đà Nẵng",4250000.0,18.3,land,,,,232240.44,
6SEZB8,"Thửa 1858 - Tờ 11, Lô 28, Khu B2-01 Lê Trọng Tấn, P.Hòa Phát, Q.Cẩm Lệ, TP. Đà Nẵng",5200000.0,52.0,land,,,,100000.0,
SDJ915,"Thửa 125 - Tờ 24 Trần Minh Tông, P.Hòa Minh, Q.Liên Chiểu, TP. Đà Nẵng",8500000.0,80.95,land,,,,105003.09,
3749UQ,"Thửa 307 -Tờ 45 Dương Bích Liên, P.Hòa Minh, Q.Liên Chiểu, TP. Đà Nẵng",6700000.0,66.27,land,,,,101101.55,
QA46DU,"Thửa 202 - tờ 153 Đoàn Ngọc Nhạc, P.Hòa Xuân, Q.Cẩm Lệ, TP. Đà Nẵng",5450000.0,54.5,land,,,,100000.0,
40XYSF,"Thửa 76 - Tờ D9, Đường Đặng Đức Siêu KDC Nam Cẩm Lệ, P.Hòa Xuân, Q.Cẩm Lệ, TP. Đà Nẵng",7000000.0,47.74,land,,,,146627.57,
7KJ6HA,"Thửa 7010 -Tờ 1, Đường số 9 KDC lô số 11C, P.Phú Thứ, Q.Cái Răng, TP. Cần Thơ",3000000.0,25.0,land,,,,120000.0,
AC09FY,"Thửa 489 - Tờ 17 Khu Vực Bình Nhựt A, P.Long Hòa, Q.Bình Thuỷ, TP. Cần Thơ",580.0,6.45,land,,,,89.92,
UYFCVS,"236 Đinh Đức Thiện, P.Hòa Minh, Q.Liên Chiểu, TP. Đà Nẵng",2450000.0,27.22,land,,,,90007.35,
2MUG6Z,"Thửa 70 - Tờ 00, Số 02 Cồn Dầu 6, P.Hòa Xuân, Q.Cẩm Lệ, TP. Đà Nẵng",8800000.0,62.5,land,,,,140800.0,
GXQFJ2,"Thửa 721 - Tờ 86 Khu Vực 7, P.An Bình, Q.Ninh Kiều, TP. Cần Thơ",1750000.0,5.66,land,,,,309187.28,
EJT5H4,"Thửa 289 - Tờ 134 Ngô Sĩ Liên, P.Hòa Khánh Bắc, Q.Liên Chiểu, TP. Đà Nẵng",5390000.0,67.37,land,,,,80005.94,
J21DD0,"Thửa 1058 - tờ 12 Thôn Phú Thượng, Xã Hòa Sơn, H.Hòa Vang, TP. Đà Nẵng",1650000.0,9.7,land,,,,170103.09,
7KRXBA,"Thửa 5 - tờ 50 Hòa Minh 27, P.Hòa Minh, Q.Liên Chiểu, TP. Đà Nẵng",6680000.0,69.94,land,,,,95510.44,
QAEA7U,"Lô B2-7-60, Số 271 Bùi Tấn Diên, P.Hòa An, Q.Cẩm Lệ, TP. Đà Nẵng",5850000.0,53.18,land,,,,110003.76,
1UH3M6,"Thửa 131 -Tờ 25, Số 25 Bàu Mạc 20, P.Hòa Khánh Bắc, Q.Liên Chiểu, TP. Đà Nẵng",4800000.0,53.63,land,,,,89502.14,
9T60XP,"Thửa 268 - tờ 16 Thôn Xuân Phú, Xã Hòa Sơn, H.Hòa Vang, TP. Đà Nẵng",1780000.0,5.93,land,,,,300168.63,
UYE18S,"Thửa 1169 - Tờ 07, Đường số 4 KDC Nam Long, P.Hưng Thạnh, Q.Cái Răng, TP. Cần Thơ",4400000.0,38.59,land,,,,114019.18,
ACRQ3Y,"THửa 1356 -Tờ 18, Số 77 Đường D25 KDC Hồng Loan, P.Hưng Thạnh, Q.Cái Răng, TP. Cần Thơ",3500000.0,31.81,land,,,,110028.29,
J2VS50,"10 Bàu Năng 5, P.Hòa Minh, Q.Liên Chiểu, TP. Đà Nẵng",5900000.0,69.41,land,,,,85002.16,
0Z12N9,"Thửa 398 - Tờ 191, Số 63 Nguyễn Quang Lâm, P.Hòa Xuân, Q.Cẩm Lệ, TP. Đà Nẵng",4750000.0,47.5,land,,,,100000.0,
7KF39A,"Thửa 845 -Tờ 14, Số 234 Trần Tử Bình, Xã Hòa Châu, H.Hòa Vang, TP. Đà Nẵng",5350000.0,53.5,land,,,,100000.0,
RGXAQJ,"Thửa 229 - Tờ 20, Số 32 Bùi Cầm Hổ, P.Hòa Xuân, Q.Cẩm Lệ, TP. Đà Nẵng",4200000.0,42.0,land,,,,100000.0,
RGX73J,"Thửa 61 - Tờ B2.18, Số 237 Văn Tiến Dũng, P.Hòa Xuân, Q.Cẩm Lệ, TP. Đà Nẵng",8700000.0,71.02,land,,,,122500.7,
UYBGTS,"Thửa 157 - Tờ B2-21, Số 54 Phạm Duy Tốn, P.Hòa Xuân, Q.Cẩm Lệ, TP. Đà Nẵng",4890000.0,48.9,land,,,,100000.0,
7KFZ7A,"Thửa 147 - Tờ 2, Số 55 Kha Vạng Cân, P.Hòa Xuân, Q.Cẩm Lệ, TP. Đà Nẵng",7900000.0,47.59,land,,,,166001.26,
37KSNQ,"Thửa 43 - Tờ 143, Số 263 Văn Tiến Dũng, P.Hòa Xuân, Q.Cẩm Lệ, TP. Đà Nẵng",7800000.0,62.4,land,,,,125000.0,
6SYEY8,"Thửa 29 - Tờ B2-44, Số 31 Hoàng Đình Ái, P.Hòa Xuân, Q.Cẩm Lệ, TP. Đà Nẵng",5900000.0,59.0,land,,,,100000.0,
37HFUQ,"Thửa 46 - Tờ 3, Số 40 Huỳnh Tịnh Của, Xã Hòa Phước, H.Hòa Vang, TP. Đà Nẵng",4150000.000000001,41.5,land,,,,100000.0,
0ZM379,"Thửa 23 Tờ B2-7 Bờ Đằm 5, Xã Hòa Phước, H.Hòa Vang, TP. Đà Nẵng",3400000.0,34.0,land,,,,100000.0,
85DH93,"Thửa 259 - Tờ 55, số 59 Thích Thiện Chiếu, P.Thọ Quang, Q.Sơn Trà, TP. Đà Nẵng",8100000.0,90.0,land,,,,90000.0,
SDCC15,"98/27A Trần Hưng Đạo, P.Thới Bình, Q.Ninh Kiều, TP. Cần Thơ",2890000.0,31.51,land,,,,91716.92,
85YAJ3,"Thửa 324 -Tờ 145, 235/48/3 Đồng Văn Cống, P.An Thới, Q.Bình Thuỷ, TP. Cần Thơ",1490000.0,36.88,land,,,,40401.3,
UYHXJS,"Thửa 90 - Tờ 191, Số 573 Văn Tiến Dũng, P.Hòa Xuân, Q.Cẩm Lệ, TP. Đà Nẵng",6500000.0,65.0,land,,,,100000.0,
SDKNE5,"Thửa 26 - Tờ B2.20, số 07 Trung Lương 6, P.Hòa Xuân, Q.Cẩm Lệ, TP. Đà Nẵng",5200000.0,47.27,land,,,,110006.35,
7KBMBA,"Thửa 158 - Tờ 204, Số 54 Nhân Hoà 6, P.Hòa Xuân, Q.Cẩm Lệ, TP. Đà Nẵng",4500000.0,45.0,land,,,,100000.0,
37AGBQ,"Thửa 172 - Tờ 46, Số 251/14 Trần Ngọc Quế, P.Xuân Khánh, Q.Ninh Kiều, TP. Cần Thơ",9500000.0,105.42,land,,,,90115.73,
37AJDQ,"269 Hồ Tùng Mậu, P.Hòa Minh, Q.Liên Chiểu, TP. Đà Nẵng",8900000.0,89.0,land,,,,100000.0,
5HHWE7,"679 Đường 30 Tháng 4, P.Hưng Lợi, Q.Ninh Kiều, TP. Cần Thơ",5700000.0,58.46,land,,,,97502.57,
EJRWV4,"Thửa B2-5-10, Tờ Phuocly Nhơn Hòa 21, P.Hòa An, Q.Cẩm Lệ, TP. Đà Nẵng",4750000.0,43.1,land,,,,110208.82,
KFEKDC,"Thửa 234 - Tờ 147 Phước Lý 1, P.Hòa Minh, Q.Liên Chiểu, TP. Đà Nẵng",7590000.0,57.71,land,,,,131519.67,
QA5ANU,"Thửa 94 - Tờ B1 -91 Phạm Xuân Ẩn, P.Hòa Xuân, Q.Cẩm Lệ, TP. Đà Nẵng",13500000.0,81.96,land,,,,164714.49,
Q73RMU,"Thửa 473 - Tờ 38, Đường Quan Châu Thôn Quan Châu, Xã Hòa Châu, H.Hòa Vang, TP. Đà Nẵng",3550000.0,29.55,land,,,,120135.36,
UAQJWS,"Thửa 479 - Tờ 42 Thôn Quan Châu, Xã Hòa Châu, H.Hòa Vang, TP. Đà Nẵng",2850000.0,22.02,land,,,,129427.79,
7H5PJA,"Thửa 55 - Tờ 39, Số 39 Đinh Thị Vân, P.An Khê, Q.Thanh Khê, TP. Đà Nẵng",6400000.0,75.29,land,,,,85004.65,
AK5QBY,"Thửa 90- Tờ 24, Số 550/2 Điện Biên Phủ, P.Thanh Khê Đông, Q.Thanh Khê, TP. Đà Nẵng",2490000.0,39.64,land,,,,62815.34,
356XZQ,"Thửa 9 - Tờ 75 Hòa Phú 9, P.Hòa Minh, Q.Liên Chiểu, TP. Đà Nẵng",6150000.0,68.33,land,,,,90004.39,
Q78M0U,"Thửa 167 - Tờ 7, Số 401 Nguyễn Hữu Thọ, P.Khuê Trung, Q.Cẩm Lệ, TP. Đà Nẵng",17900000.0,143.2,land,,,,125000.0,
SBP1D5,"Thửa 4930 - tờ 01 TĐC Hoa Động, P.Hoa Động, TP.Thuỷ Nguyên, TP. Hải Phòng",3200000.0,47.05,land,,,,68012.75,
5EPPK7,"Thửa 326 - tờ 61 đường Hồ Tùng Mậu, P.Cái Khế, Q.Ninh Kiều, TP. Cần Thơ",3800000.0,54.28,land,,,,70007.37,
RN120J,"Thửa 1514 - tờ 1 đường Cặp Rạch Ông Dựa, P.Long Tuyền, Q.Bình Thuỷ, TP. Cần Thơ",890.0,19.3,land,,,,46.11,
P1326G,"Thửa 442 - Tờ 42 Hẻm Bùi Hữu Nghĩa, P.Bùi Hữu Nghĩa, Q.Bình Thuỷ, TP. Cần Thơ",1690000.0,19.19,land,,,,88066.7,
8DKPQ3,"Thửa 402 - Tờ 52 Kiệt Trần Đình Nam, P.Hòa An, Q.Cẩm Lệ, TP. Đà Nẵng",2850000.0,35.27,land,,,,80805.22,
6YHR78,"Thửa 401 - Tờ 52 Kiệt Trần Đình Nam, P.Hòa An, Q.Cẩm Lệ, TP. Đà Nẵng",2850000.0,35.31,land,,,,80713.68,
9VVH2P,"Thửa 32 - Tờ 139 Ban Ban 7, P.Hoà Quý, Q.Ngũ Hành Sơn, TP. Đà Nẵng",3530000.0,35.3,land,,,,100000.0,
42P2VF,"Thửa 58 -Tờ 2 Số nhà 339 Hải Phòng, P.Thạc Gián, Q.Thanh Khê, TP. Đà Nẵng",16000000.0,117.3,land,,,,136402.39,
G6TKN2,"Thửa 138(1)A - tờ 02 Thôn Đường Đá, P.Hoa Động, TP.Thuỷ Nguyên, TP. Hải Phòng",1580000.0,14.1,land,,,,112056.74,
5EYCW7,"Thửa 1334 - Tờ 20m Thôn Lệ Sơn 2, Xã Hòa Tiến, H.Hòa Vang, TP. Đà Nẵng",1250000.0,12.5,land,,,,100000.0,
QK5Y6U,"Thửa  1244 - Tờ 20m Thôn Lệ Sơn 2, Xã Hòa Tiến, H.Hòa Vang, TP. Đà Nẵng",1050000.0,10.5,land,,,,100000.0,
6YQSY8,"Thửa 2057 - Tờ 20 Thôn Lệ Sơn 2, Xã Hòa Tiến, H.Hòa Vang, TP. Đà Nẵng",1750000.0,14.61,land,,,,119780.97,
G6TNH2,"Thửa 916 - tờ 16 Khu TĐC thôn Dưỡng Mong, Xã Phú Mỹ, H.Phú Vang, TP. Huế",2450000.0,20.24,land,,,,121047.43,
8Y8RY3,"Thửa 19 - Tờ 1 Kiệt 82 Nguyễn Chánh, P.Hòa Minh, Q.Liên Chiểu, TP. Đà Nẵng",3480000.0,32.92,land,,,,105710.81,
7E3MXA,"Thửa 610 - Tờ 4 Kiệt 52 Phan Thanh, P.Thạc Gián, Q.Thanh Khê, TP. Đà Nẵng",3450000.0,69.27,land,,,,49805.11,
9MBFBP,"Thửa 26 - Tờ 66 đường Quảng Ngãi, P.Hoà Quý, Q.Ngũ Hành Sơn, TP. Đà Nẵng",6500000.0,65.0,land,,,,100000.0,
5BV6C7,"Thửa 804 - tờ 26 Kiệt Xóm 4, Lại Thế, P.Phú Thượng, Q.Thuận Hóa, TP. Huế",1680000.0,23.66,land,,,,71005.92,
PVE8NG,"Thửa Lô 15 - tờ 02 25 tháng 10, P.Dương Quan, TP.Thuỷ Nguyên, TP. Hải Phòng",9100000.0,121.33,land,,,,75002.06,
C0XYNB,"70 Cách mạng tháng 8, P.Cái Khế, Q.Ninh Kiều, TP. Cần Thơ",3900000.0,52.41,land,,,,74413.28,
3DW2AQ,"168Z Nguyễn Văn Cừ, P.An Khánh, Q.Ninh Kiều, TP. Cần Thơ",3400000.0,35.78,land,,,,95025.15,
SC0N75,"43A Hoàng Quốc Việt, P.An Bình, Q.Ninh Kiều, TP. Cần Thơ",4300000.0,44.79,land,,,,96003.57,
0XQKB9,"Thửa 1066 - tờ 32 Bà Bang Nhãn, P.Hoà Hải, Q.Ngũ Hành Sơn, TP. Đà Nẵng",6300000.0,57.37,land,,,,109813.49,
5BWFK7,"Thửa 242 - Tờ 48 hẻm đường DT86, Thôn 6, Xã Ba Trại, H.Ba Vì, TP. Hà Nội",780.0,4.93,land,,,,158.22,
263GSZ,"Thửa 292 - tờ 69 Ngõ 81, Tân Thành, P.Tân Thành, Q.Dương Kinh, TP. Hải Phòng",2600000.0,28.88,land,,,,90027.7,
QHC35U,"Thửa 69 - tờ 83 TDP Quyết Tiến 2, P.Hợp Đức, Q.Đồ Sơn, TP. Hải Phòng",1560000.0,13.56,land,,,,115044.25,
SCEVW5,"Thửa 98 - tờ 54 TDP Quý Kim 3, P.Hợp Đức, Q.Đồ Sơn, TP. Hải Phòng",1350000.0,12.61,land,,,,107057.89,
8AVPF3,"Thửa 217 - tờ 660 Mai Đăng Chơn, P.Hoà Hải, Q.Ngũ Hành Sơn, TP. Đà Nẵng",4800000.0,55.1,land,,,,87114.34,
15XJ16,"Thửa 216 - tờ 660 Mai Đăng Chơn, P.Hoà Hải, Q.Ngũ Hành Sơn, TP. Đà Nẵng",4800000.0,53.93,land,,,,89004.26,
67MRR8,"Thửa 215 - tờ 660 Mai Đăng Chơn, P.Hoà Hải, Q.Ngũ Hành Sơn, TP. Đà Nẵng",4800000.0,55.1,land,,,,87114.34,
QD13RU,"Thửa 202 - tờ 135 Mai Đăng Chơn, P.Hoà Hải, Q.Ngũ Hành Sơn, TP. Đà Nẵng",7900000.0,70.03,land,,,,112808.8,
QD13RU,"Thửa 202 - tờ 135 Mai Đăng Chơn, P.Hoà Hải, Q.Ngũ Hành Sơn, TP. Đà Nẵng",7900000.0,70.03,land,,,,112808.8,
E9HCQ4,"Thửa 4972 - tờ 3 Thôn Đoàn Xá 2, Xã Đoàn Xá, H.Kiến Thuỵ, TP. Hải Phòng",1360000.0,18.13,land,,,,75013.79,
Y4SXND,"Thửa 73 - tờ 160 Võ Văn Đồng, P.Hoà Hải, Q.Ngũ Hành Sơn, TP. Đà Nẵng",6290000.0,69.88,land,,,,90011.45,
21FHYZ,"Thửa 3730 - tờ 4 Đường 352, Thôn 4, Xã Quang Trung, TP.Thuỷ Nguyên, TP. Hải Phòng",990.0,11.57,land,,,,85.57,
7B1B0A,"Thửa Ô II lô 36 - Tờ phân khu lô Vườn Đốm, Khu Vực Vườn Đốm, P.Anh Dũng, Q.Dương Kinh, TP. Hải Phòng",3500000.0,35.0,land,,,,100000.0,
3YPGSQ,"Thửa 1016 - tờ 32 Kiệt 65 Lê Ngô Cát, P.Thuỷ Xuân, Q.Thuận Hóa, TP. Huế",1690000.0,16.9,land,,,,100000.0,
AEXTWY,"Thửa 38 - Tờ B2.2, Đường Đồng Lớn 10 TĐC Hòa Liên 2, Xã Hòa Liên, H.Hòa Vang, TP. Đà Nẵng",5500000.0,24.37,land,,,,225687.32,
8A9FJ3,"Thửa 291 -Tờ 86 TĐC Hòa Liên 4, Xã Hòa Liên, H.Hòa Vang, TP. Đà Nẵng",8500000.0,21.81,land,,,,389729.48,
UH2RVS,"Thửa 374 - Tờ 90 TĐC Dragon City Park, P.Hòa Hiệp Nam, Q.Liên Chiểu, TP. Đà Nẵng",2750000.0,25.58,land,,,,107505.86,
3YP4MQ,"Thửa 32 - Tờ B2.5 TĐC Hòa Liên 2, Xã Hòa Liên, H.Hòa Vang, TP. Đà Nẵng",2350000.0,18.07,land,,,,130049.81,
7BTGMA,"Thửa 144 - tờ 223 Lưu Quang Vũ, P.Hoà Quý, Q.Ngũ Hành Sơn, TP. Đà Nẵng",2900000.0,15.14,land,,,,191545.57,
4PQRDF,"Thửa 396 - tờ 305 TDP Giáng Nam 1, P.Hòa Xuân, Q.Cẩm Lệ, TP. Đà Nẵng",3150000.0,20.12,land,,,,156560.64,
RZU7XJ,"Thửa 121 - Tờ 19 Kiệt Phan Văn Định, P.Hòa Khánh Bắc, Q.Liên Chiểu, TP. Đà Nẵng",6600000.0,46.8,land,,,,141025.64,
SKPP15,"Thửa 449 - Tờ 74 KĐT Hòa Liên 5, Xã Hòa Liên, H.Hòa Vang, TP. Đà Nẵng",2880000.0,28.8,land,,,,100000.0,
8ARR23,"Thửa 658 - Tờ 31 ĐT 419, Thôn Phúc Tiến, Xã Bình Yên, H.Thạch Thất, TP. Hà Nội",4000000.0,40.4,land,,,,99009.9,
PMASSG,"Thửa 83 -Tờ 72 TĐC Hòa Liên 4, Xã Hòa Liên, H.Hòa Vang, TP. Đà Nẵng",2480000.0,20.66,land,,,,120038.72,
PM716G,"Thửa 286 - Tờ 37 Tổ 12 Yên Lộ, P.Yên Nghĩa, Q.Hà Đông, TP. Hà Nội",10400000.0,139.97,land,,,,74301.64,
Y4ZFND,"Thửa 599;600 - Tờ 95 tổ 14 Hòa Bình, P.Yên Nghĩa, Q.Hà Đông, TP. Hà Nội",2350000.0,48.25,land,,,,48704.66,
UHJEBS,"Thửa 1922 - Tờ 09 Thôn Nhơn Thọ 2, Xã Hòa Phước, H.Hòa Vang, TP. Đà Nẵng",1800000.0,18.0,land,,,,100000.0,
8AB5F3,"Thửa 944 - Tờ 27 KQH Đông Nam Thủy An, P.Thủy Dương, TX.Hương Thủy, TP. Huế",3200000.0,37.64,land,,,,85015.94,
SK4WQ5,"Thửa 49 - tờ 125 Bá Giáng 5, P.Hoà Quý, Q.Ngũ Hành Sơn, TP. Đà Nẵng",4150000.000000001,41.5,land,,,,100000.0,
15DKD6,"Thửa 25 - tờ 138 Ban Ban 5, P.Hoà Quý, Q.Ngũ Hành Sơn, TP. Đà Nẵng",3650000.0,36.5,land,,,,100000.0,
21Q3BZ,"Thửa 2192 - Tờ 41, Đường số 9 KĐT Nam Long 2, P.Hưng Thạnh, Q.Cái Răng, TP. Cần Thơ",3790000.0,47.49,land,,,,79806.28,
JTVX10,"Thửa 1711 - Tờ 5 Khu Vực Bình Phó A, P.Long Tuyền, Q.Bình Thuỷ, TP. Cần Thơ",1190000.0,22.36,land,,,,53220.04,
AEW77Y,"Thửa 53 - Tờ 74 Tôn Thất Dương Kỵ, P.Hòa Xuân, Q.Cẩm Lệ, TP. Đà Nẵng",18500000.0,74.29,land,,,,249024.09,
JTMDB0,"Thửa 733 - Tờ 29 TL 420, Thôn Sen Trì, Xã Bình Yên, H.Thạch Thất, TP. Hà Nội",2000000.0,32.62,land,,,,61312.08,
SKCAX5,"Thửa 102 - Tờ 6 đường Mỹ Trung, P.Xuân Khanh, TX.Sơn Tây, TP. Hà Nội",1650000.0,19.0,land,,,,86842.11,
7BBUPA,"Thửa 428 - Tờ 48 đường 30 Tháng 4, P.Hưng Lợi, Q.Ninh Kiều, TP. Cần Thơ",3500000.0,38.75,land,,,,90322.58,
677RF8,"Thửa 131 - tờ 29 Thôn Kim Đới 2, Xã Hữu Bằng, H.Kiến Thuỵ, TP. Hải Phòng",1500000.0,21.83,land,,,,68712.78,
3YY04Q,"Thửa 130 - tờ 29 Thôn Kim Đới 2, Xã Hữu Bằng, H.Kiến Thuỵ, TP. Hải Phòng",1500000.0,21.33,land,,,,70323.49,
677RY8,"Thửa 4519 - tờ 3 Thôn Đoàn Xá 3, Xã Đoàn Xá, H.Kiến Thuỵ, TP. Hải Phòng",1700000.0,26.89,land,,,,63220.53,
677WA8,"Thửa 5178 - tờ 3 Thôn Đoàn Xá 2, Xã Đoàn Xá, H.Kiến Thuỵ, TP. Hải Phòng",1450000.0,19.59,land,,,,74017.36,
7BBG4A,"Thửa 2167/2 - Tờ 03 Thôn Đoan Xá 3, Xã Đoàn Xá, H.Kiến Thuỵ, TP. Hải Phòng",1950000.0,34.21,land,,,,57000.88,
QDDSHU,"Thửa 464 - Tờ 38 đường Hồ Chí Minh, TT.Xuân Mai, H.Chương Mỹ, TP. Hà Nội",3100000.0,28.23,land,,,,109812.26,
15SAH6,"Thửa 45 - Tờ 03 Thôn Đoan Xá 2, Xã Đoàn Xá, H.Kiến Thuỵ, TP. Hải Phòng",4700000.0,19.91,land,,,,236062.28,
UHDYWS,"Thửa 1023 - Tờ 21 đường 361 Thù Du, Xã Minh Tân, H.Kiến Thuỵ, TP. Hải Phòng",1450000.0,21.41,land,,,,67725.36,
QDY7BU,"Thửa 177 - Tờ 31 thôn Vệ Sơn Đông, Xã Tân Minh, H.Sóc Sơn, TP. Hà Nội",2200000.0,27.5,land,,,,80000.0,
YEYV2D,"Thửa 1346 - Tờ 73 KQH Nguyễn Văn Chư, P.Thủy Phương, TX.Hương Thủy, TP. Huế",1380000.0,13.2,land,,,,104545.45,
YEYMGD,"Thửa 162 - Tờ 59 TDP Hải Thành 2, P.Hải Thành, Q.Dương Kinh, TP. Hải Phòng",2350000.0,37.3,land,,,,63002.68,
QYQ06U,"Thửa 174 - Tờ B1-5 TĐC Hòa Liên 4, Xã Hòa Liên, H.Hòa Vang, TP. Đà Nẵng",2550000.0,20.4,land,,,,125000.0,
5K5R97,"Thửa 320 -Tờ 235 Thôn Vọng Hải 2, P.Hưng Đạo, Q.Dương Kinh, TP. Hải Phòng",1250000.0,24.8,land,,,,50403.23,
UDUF4S,"Thửa 662 - tờ 98 Thôn Phú Sơn 1, Xã Hòa Khương, H.Hòa Vang, TP. Đà Nẵng",1500000.0,12.36,land,,,,121359.22,
SHSBY5,"Thửa 2122 -Tờ 2 Thôn Tú Đôi 2, Xã Kiến Quốc, H.Kiến Thuỵ, TP. Hải Phòng",1600000.0,19.8,land,,,,80808.08,
9N9MFP,"Thửa 25 - tờ 01 Thôn Sú 1, P.Hoàng Lâm, TP.Thuỷ Nguyên, TP. Hải Phòng",4500000.0,33.78,land,,,,133214.92,
QY362U,"Thửa 4092 - tờ 4 Thôn Lâu Làng, P.Hoa Động, TP.Thuỷ Nguyên, TP. Hải Phòng",2250000.0,31.25,land,,,,72000.0,
UD309S,"Thửa 1070 - Tờ 30 Thôn Kim Đới 1, Xã Hữu Bằng, H.Kiến Thuỵ, TP. Hải Phòng",1350000.0,20.45,land,,,,66014.67,
PX0Q9G,"Thửa 186 -Tờ 122 Ngõ 100 Tư Thuỷ, P.Hoà Nghĩa, Q.Dương Kinh, TP. Hải Phòng",1100000.0,19.29,land,,,,57024.36,
87VXJ3,"Thửa 163 - tờ 37 K29, Nguyễn Như Đải, P.Hòa Thọ Tây, Q.Cẩm Lệ, TP. Đà Nẵng",2200000.0,22.06,land,,,,99728.01,
JZ4HN0,"Thửa 19 - tờ 85 TĐC Hòa Liên 2, Xã Hòa Liên, H.Hòa Vang, TP. Đà Nẵng",2350000.0,18.8,land,,,,125000.0,
UD1GDS,"Thửa 26 - Tờ 8 Hữu Đáy, Thôn Chúc Đồng, Xã Thụy Hương, H.Chương Mỹ, TP. Hà Nội",2950000.0,47.2,land,,,,62500.0,
UDX67S,"Thửa 223 - Tờ 31 thôn Hương Đình Đông, Xã Mai Đình, H.Sóc Sơn, TP. Hà Nội",4700000.0,49.78,land,,,,94415.43,
CRSUKB,"Thửa 505 - Tờ 30 thôn Hương Đình Đoài, Xã Mai Đình, H.Sóc Sơn, TP. Hà Nội",3500000.0,38.46,land,,,,91003.64,
0TCK39,"Thửa 2064 - Tờ 33, Đường B30 Khu TĐC Hưng Phú, P.Hưng Phú, Q.Cái Răng, TP. Cần Thơ",4500000.0,56.46,land,,,,79702.44,
SHMNV5,"Thửa 23 - Tờ 35 thôn Hương Đình Đoài, Xã Mai Đình, H.Sóc Sơn, TP. Hà Nội",3100000.0,50.98,land,,,,60808.16,
JZKDV0,"Thửa 504 - Tờ 30 thôn Hương Đình Đoài, Xã Mai Đình, H.Sóc Sơn, TP. Hà Nội",3500000.0,38.46,land,,,,91003.64,
652HP8,"Thửa 120 + 29  - Tờ 89 đường Rạch Rau Răm, P.An Bình, Q.Ninh Kiều, TP. Cần Thơ",1900000.0,9.75,land,,,,194871.79,
GM43Z2,"Thửa 270 - Tờ 28 Kiệt 610 Tôn Đản, P.Hòa Phát, Q.Cẩm Lệ, TP. Đà Nẵng",2850000.0,37.01,land,,,,77006.21,
AB18RY,"Thửa 01 - Tờ 130-2018 hẻm đường Hữu Đáy, Xã Hòa Phú, H.Chương Mỹ, TP. Hà Nội",6900000.0,92.0,land,,,,75000.0,
R27V4J,"Thửa 1167 - Tờ 25, Đường N14 KDC Nam Long 2, P.Hưng Thạnh, Q.Cái Răng, TP. Cần Thơ",3500000.0,38.88,land,,,,90020.58,
7CNRPA,"Thửa 18 - tờ 74 Tổ Cam Lộ 5, P.Hùng Vương, Q.Hồng Bàng, TP. Hải Phòng",1480000.0,31.28,land,,,,47314.58,
GMKQV2,"Thửa 84 - Tờ 35 thôn Hương Đình Đoài, Xã Mai Đình, H.Sóc Sơn, TP. Hà Nội",2620000.0,43.09,land,,,,60802.97,
3APHJQ,"Thửa 1108 - Tờ 14 Kiệt 55 Vũ Ngọc Phan, P.Thuỷ Xuân, Q.Thuận Hóa, TP. Huế",1550000.0,15.36,land,,,,100911.46,
JZ7WH0,"Thửa 02 - tờ MTĐĐC số 07-2022 Thôn Đoàn Xá 4, Xã Đoàn Xá, H.Kiến Thuỵ, TP. Hải Phòng",3500000.0,24.98,land,,,,140112.09,
JZ7DQ0,"Thửa 201A - tờ 03 Thôn Bấc 2, P.Thuỷ Đường, TP.Thuỷ Nguyên, TP. Hải Phòng",2100000.0,30.88,land,,,,68005.18,
87JR03,"Thửa 20 - tờ 06 Thôn Tân Lập, P.Lập Lễ, TP.Thuỷ Nguyên, TP. Hải Phòng",3500000.0,19.44,land,,,,180041.15,
493M0F,"Thửa 4981 - tờ 3 Thôn Đoan Xá 2, Xã Đoàn Xá, H.Kiến Thuỵ, TP. Hải Phòng",1500000.0,20.49,land,,,,73206.44,
CR1J8B,"Thửa 195 - tờ 69 Ngõ 113 Tân Thành, P.Tân Thành, Q.Dương Kinh, TP. Hải Phòng",2250000.0,28.62,land,,,,78616.35,
SHGK05,"Thửa 50 - tờ 59 TDP Tiểu Trà 1, P.Hưng Đạo, Q.Dương Kinh, TP. Hải Phòng",1330000.0,28.72,land,,,,46309.19,
KWVBMC,"Thửa 98 - tờ 249 TDC Anh Dũng 5, P.Anh Dũng, Q.Dương Kinh, TP. Hải Phòng",2500000.0,62.5,land,,,,40000.0,
UD9FCS,"Thửa 840 - tờ 26 Kiệt 69, Sử Nhan Hy, P.Thuỷ Xuân, Q.Thuận Hóa, TP. Huế",1950000.0,19.42,land,,,,100411.95,
9N7XVP,"Thửa 520 B1 - Tờ 01 Thôn Trại Núi, P.Thủy Hà, TP.Thuỷ Nguyên, TP. Hải Phòng",2150000.0,16.73,land,,,,128511.66,
CRMKNB,"Thửa 61 + 36 - Tờ 15 hẻm đường Tỉnh Lộ 419, Xã An Mỹ, H.Mỹ Đức, TP. Hà Nội",830.0,20.34,land,,,,40.81,
1S4XJ6,"Thửa 1663 - tờ 16m Thôn Lệ Sơn 1, Xã Hòa Tiến, H.Hòa Vang, TP. Đà Nẵng",1400000.0,7.17,land,,,,195258.02,
3ARNAQ,"Thửa 1032 - Tờ 4 hẻm đường Bùi Hữu Nghĩa, P.Long Hòa, Q.Bình Thuỷ, TP. Cần Thơ",680.0,3.8,land,,,,178.95,
3AWCVQ,"Thửa 3922 - Tờ 149 Thôn Lệ Sơn Bắc, Xã Hòa Tiến, H.Hòa Vang, TP. Đà Nẵng",2150000.0,17.84,land,,,,120515.7,
PX583G,"Thửa 3293 - Tờ 149 Thôn Lệ Sơn Bắc, Xã Hòa Tiến, H.Hòa Vang, TP. Đà Nẵng",2150000.0,17.81,land,,,,120718.7,
CRXF8B,"64 Trần Đại Nghĩa, P.Hoà Hải, Q.Ngũ Hành Sơn, TP. Đà Nẵng",9600000.0,80.0,land,,,,120000.0,
3AWUWQ,"Thửa 2115 - Tờ 39 Làng Hoa Bà Bộ, P.Long Tuyền, Q.Bình Thuỷ, TP. Cần Thơ",1900000.0,20.94,land,,,,90735.43,
SHRZS5,"Thửa 725 - tờ 59 K42 Nguyễn Duy Cung, P.Thủy Phương, TX.Hương Thủy, TP. Huế",1250000.0,12.17,land,,,,102711.59,
9NQYEP,"Thửa 1830 - Tờ 13, Đường Nguyễn Thị Tạo Khu Vực Bình Trung, P.Long Hòa, Q.Bình Thuỷ, TP. Cần Thơ",1300000.0,5.96,land,,,,218120.81,
SHRP35,"44/4/9 (Thửa 284 - Tờ 34) Cách Mạng Tháng 8, P.Cái Khế, Q.Ninh Kiều, TP. Cần Thơ",3600000.0,34.78,land,,,,103507.76,
5KJFA7,"Thửa 54D2 - Tờ 6 hẻm đường Phú Mỹ, P.Biên Giang, Q.Hà Đông, TP. Hà Nội",3100000.0,62.0,land,,,,50000.0,
SHWUF5,"Thửa 18 - tờ B2-13 TĐC Hòa Liên 5, Xã Hòa Liên, H.Hòa Vang, TP. Đà Nẵng",2550000.0,25.5,land,,,,100000.0,
UDF8JS,"Thửa 298 - Tờ 219, Kiệt Huỳnh Thị Bảo Hòa, P.Hòa Hiệp Nam, Q.Liên Chiểu, TP. Đà Nẵng",2150000.0,23.88,land,,,,90033.5,
UDF8JS,"Thửa 298 - Tờ 219, Kiệt Huỳnh Thị Bảo Hòa, P.Hòa Hiệp Nam, Q.Liên Chiểu, TP. Đà Nẵng",2150000.0,23.88,land,,,,90033.5,
D4JU8H,"Thửa 260 - tờ 114 Nguyễn Duy Trinh, P.Hoà Hải, Q.Ngũ Hành Sơn, TP. Đà Nẵng",6500000.0,31.56,land,,,,205956.91,
0TVBR9,"Thửa 465 - Tờ 33, Đường số 3 KDC Hưng Phú 1, P.Hưng Phú, Q.Cái Răng, TP. Cần Thơ",8700000.0,94.05,land,,,,92503.99,
KW9SMC,"Thửa 5324 - Tờ 65 khu vực 1 Ba Láng, P.Ba Láng, Q.Cái Răng, TP. Cần Thơ",790.0,14.93,land,,,,52.91,
SHEV45,"Thửa 5323 - Tờ 65 khu vực 1 Ba Láng, P.Ba Láng, Q.Cái Răng, TP. Cần Thơ",790.0,19.31,land,,,,40.91,
WGNHJR,"Thửa 5322 - Tờ 65 khu vực 1 Ba Láng, P.Ba Láng, Q.Cái Răng, TP. Cần Thơ",790.0,18.72,land,,,,42.2,
D4J31H,"Thửa 236 - tờ 242 Lê Tự Thống Nhất, P.Hòa Hiệp Nam, Q.Liên Chiểu, TP. Đà Nẵng",4450000.0,44.5,land,,,,100000.0,
7CFVRA,"Thửa 5321 - Tờ 65 khu vực 1 Ba Láng, P.Ba Láng, Q.Cái Răng, TP. Cần Thơ",790.0,18.67,land,,,,42.31,
65D528,"Thửa 204 - Tờ 220 Tổ dân phố Nghĩa Phương, P.Minh Đức, Q.Đồ Sơn, TP. Hải Phòng",930.0,14.95,land,,,,62.21,
87H7J3,"Thửa 203 - Tờ 220 Tổ dân phố Nghĩa Phương, P.Minh Đức, Q.Đồ Sơn, TP. Hải Phòng",930.0,17.19,land,,,,54.1,
65DSG8,"Thửa 202 - Tờ 220 Tổ dân phố Nghĩa Phương, P.Minh Đức, Q.Đồ Sơn, TP. Hải Phòng",980.0,18.14,land,,,,54.02,
65D308,"Thửa 25 - Tờ 101 Tổ dân phố 4, P.Hưng Đạo, Q.Dương Kinh, TP. Hải Phòng",1220000.0,6.35,land,,,,192125.98,
7CETHA,"Thửa 260 - tờ 122 Cầu Đỏ - Túy Loan, P.Hòa Thọ Tây, Q.Cẩm Lệ, TP. Đà Nẵng",4200000.0,46.66,land,,,,90012.86,
SHCB85,"Thửa 1265 - Tờ 15 Kiệt 24 Vũ Ngọc Phan, P.Thuỷ Xuân, Q.Thuận Hóa, TP. Huế",1600000.0,15.96,land,,,,100250.63,
WGGSWR,"Thửa 770 - Tờ 4 Khu Vực Bình Yên A, P.Long Hòa, Q.Bình Thuỷ, TP. Cần Thơ",1300000.0,7.22,land,,,,180055.4,
3A72FQ,"Thửa 817 - tờ 16 Xóm 8, Thôn Dưỡng Mong, Xã Phú Mỹ, H.Phú Vang, TP. Huế",1800000.0,12.37,land,,,,145513.34,
ABCM8Y,"Thửa 122 - Tờ 56 Kiệt 26 Lý Nam Đế, P.An Hòa, Q.Phú Xuân, TP. Huế",1280000.0,15.32,land,,,,83550.91,
YEBVJD,"Thửa 631 - Tờ 32 Kiệt 5 Nguyễn Hữu Cảnh, P.An Tây, Q.Thuận Hóa, TP. Huế",1940000.0,16.46,land,,,,117861.48,
JZ2A40,"Thửa 334 - Tờ 11, Đường số 9 KQH Đông Nam Thuỷ An, P.Thủy Dương, TX.Hương Thủy, TP. Huế",3200000.0,38.09,land,,,,84011.55,
CRW8XB,"Thửa 1123 - Tờ 20 Kiệt 108 Lê Ngô Cát, P.Thuỷ Xuân, Q.Thuận Hóa, TP. Huế",1460000.0,14.52,land,,,,100550.96,
QYA9XU,"Thửa 832 - tờ 15 Kiệt 44 Vũ Ngọc Phan, P.Thuỷ Xuân, Q.Thuận Hóa, TP. Huế",1600000.0,14.88,land,,,,107526.88,
QYAY4U,"Thửa 612 - tờ 10 Kiệt 10, TDP Trung Đông, P.Phú Thượng, Q.Thuận Hóa, TP. Huế",1400000.0,20.0,land,,,,70000.0,
5KDQ37,"Thửa 11300 - tờ 1 đường A4, KDC Phú An, P.Phú Thứ, Q.Cái Răng, TP. Cần Thơ",2850000.0,35.18,land,,,,81011.94,
WG96ER,"Thửa 341 - Tờ 185 Kiệt 33 Nam Cao, P.Hòa Khánh Nam, Q.Liên Chiểu, TP. Đà Nẵng",6300000.0,29.68,land,,,,212264.15,
5HSKF7,"Thửa 42 - Tờ 16 Khu TĐC Thủy Thanh, Xã Thủy Thanh, TX.Hương Thủy, TP. Huế",3250000.0,32.5,land,,,,100000.0,
QA3A1U,"Thửa 434 - Tờ 12 Khu TĐC Thủy Thanh, Xã Thủy Thanh, TX.Hương Thủy, TP. Huế",6240000.0,26.99,land,,,,231196.74,
UY3NDS,"Thửa 274 - tờ 98 Thôn Phú Sơn 1, Xã Hòa Khương, H.Hòa Vang, TP. Đà Nẵng",1300000.0,7.78,land,,,,167095.12,
5HUBJ7,"Thửa 478 - tờ 67 Thôn Phú Sơn 3, Xã Hòa Khương, H.Hòa Vang, TP. Đà Nẵng",1250000.0,7.2,land,,,,173611.11,
UY66FS,"Thửa 1600 - tờ 20 Thôn Lệ Sơn 2, Xã Hòa Tiến, H.Hòa Vang, TP. Đà Nẵng",1450000.0,11.06,land,,,,131103.07,
85MRD3,"Thửa 8 - tờ 69 Thôn Phú Sơn 3, Xã Hòa Khương, H.Hòa Vang, TP. Đà Nẵng",2250000.0,10.71,land,,,,210084.03,
QAXGYU,"Thửa 88 - Tờ 88 TĐC Hòa Liên 5, Xã Hòa Liên, H.Hòa Vang, TP. Đà Nẵng",3100000.0,31.0,land,,,,100000.0,
SDV095,"Thửa 149 - Tờ 144 Khu Bộ đội Trinh sát, P.Hòa Khánh Bắc, Q.Liên Chiểu, TP. Đà Nẵng",3950000.0,39.5,land,,,,100000.0,
SDVHK5,"Thửa 238 - Tờ 51 Hói Kiểng 31, P.Hoà Quý, Q.Ngũ Hành Sơn, TP. Đà Nẵng",5100000.0,48.57,land,,,,105003.09,
QATC6U,"Thửa 131 - tờ 137 Ban Ban 20, P.Hoà Quý, Q.Ngũ Hành Sơn, TP. Đà Nẵng",3850000.0,38.5,land,,,,100000.0,
4058JF,"Thửa 493 - Tờ 43 Kiệt 88 Nguyễn Khoa Chiêm, P.An Tây, Q.Thuận Hóa, TP. Huế",2200000.0,21.52,land,,,,102230.48,
372WNQ,"Thửa 117 - tờ 16 Thôn Dương Lâm 2, Xã Hòa Phong, H.Hòa Vang, TP. Đà Nẵng",2100000.0,7.0,land,,,,300000.0,
8592Z3,"Thửa 3001 - Tờ 1, Đường số 10, KĐT Nam Cần Thơ, P.Phú Thứ, Q.Cái Răng, TP. Cần Thơ",2850000.0,26.38,land,,,,108036.39,
ACXC6Y,"Thửa 68 - tờ 9 Bờ Quan 1, P.Hoà Quý, Q.Ngũ Hành Sơn, TP. Đà Nẵng",12800000.0,75.65,land,,,,169200.26,
QAPV9U,"Thửa 1521 - Tờ 1, Đường Cặp Rạch Khoán Châu (bên phải) Khu Vực Bình Dương A, P.Long Tuyền, Q.Bình Thuỷ, TP. Cần Thơ",1350000.0,16.66,land,,,,81032.41,
SD2VQ5,"Thửa 2142 -Tờ 13 Thôn Quan Nam 1, Xã Hòa Liên, H.Hòa Vang, TP. Đà Nẵng",5100000.0,34.0,land,,,,150000.0,
4081PF,"Thửa 2396 - Tờ 1 Khu TĐC Tân Phú, P.Tân Phú, Q.Cái Răng, TP. Cần Thơ",2700000.0,23.31,land,,,,115830.12,
9T7ZTP,"Lô 212 phân khu B2-4 Khu TĐC Hòa Liên, Xã Hòa Liên, H.Hòa Vang, TP. Đà Nẵng",2750000.0,27.5,land,,,,100000.0,
J2UWC0,"Thửa 168 - Tờ 20 Thôn An Ngãi Tây 3, Xã Hòa Sơn, H.Hòa Vang, TP. Đà Nẵng",1500000.0,10.2,land,,,,147058.82,
AC2QTY,"Thửa 223 - Tờ 166 Kiệt 05 Nam Cao, P.Hòa Khánh Nam, Q.Liên Chiểu, TP. Đà Nẵng",4790000.0,50.58,land,,,,94701.46,
SD9PV5,"Thửa 4094 - Tờ 7 Ấp Thị Tứ Vàm Xáng, Xã Nhơn Nghĩa, H.Phong Điền, TP. Cần Thơ",690.0,7.41,land,,,,93.12,
9T55AP,"Thửa 30 -Tờ 213 Số 362 Phan Khôi, P.Hòa Xuân, Q.Cẩm Lệ, TP. Đà Nẵng",5200000.0,52.0,land,,,,100000.0,
J2U1T0,"Thửa  1818 - Tờ 14 Thôn Phú Sơn 3, Xã Hòa Khương, H.Hòa Vang, TP. Đà Nẵng",1300000.0,6.65,land,,,,195488.72,
DETW7H,"Thửa  120 - tờ 90 Nước mặn 3, P.Khuê Mỹ, Q.Ngũ Hành Sơn, TP. Đà Nẵng",18500000.0,108.82,land,,,,170005.51,
DETW7H,"Thửa  120 - tờ 90 Nước mặn 3, P.Khuê Mỹ, Q.Ngũ Hành Sơn, TP. Đà Nẵng",18500000.0,108.82,land,,,,170005.51,
J2UGR0,"Thửa 1134 - tờ 12 HD2 - Thôn Phú Thượng, Xã Hòa Sơn, H.Hòa Vang, TP. Đà Nẵng",2600000.0,21.88,land,,,,118829.98,
KFNV4C,"Thửa 1540 - Tờ 19 Thôn Vân Dương  1, Xã Hòa Liên, H.Hòa Vang, TP. Đà Nẵng",1750000.0,15.9,land,,,,110062.89,
QARCAU,"Thửa 525 - tờ 126 Thôn Phú Sơn Nam, Xã Hòa Khương, H.Hòa Vang, TP. Đà Nẵng",1160000.0,7.77,land,,,,149292.15,
EJXW04,"Thửa 444 - Tờ 239 Lưu Quang Vũ, P.Hoà Quý, Q.Ngũ Hành Sơn, TP. Đà Nẵng",2200000.0,22.42,land,,,,98126.67,
CWZUPB,"Thửa 06 - tờ B2.10 Thổ Sơn 2, P.Hoà Hải, Q.Ngũ Hành Sơn, TP. Đà Nẵng",4800000.0,45.71,land,,,,105009.84,
PNQSAG,"Thửa 1245 - Tờ 13 Khu Vực Bình Trung, P.Long Hòa, Q.Bình Thuỷ, TP. Cần Thơ",1390000.0,13.9,land,,,,100000.0,
YB9PQD,"Thửa 1551 - Tờ 13 Khu Vực Bình Trung, P.Long Hòa, Q.Bình Thuỷ, TP. Cần Thơ",1590000.0,15.15,land,,,,104950.5,
37EBMQ,"Thửa 339 - tờ 24 Thôn Lệ Sơn 2, Xã Hòa Tiến, H.Hòa Vang, TP. Đà Nẵng",1950000.0,19.5,land,,,,100000.0,
UYFEES,"Thửa 330 - tờ 84 K175 Bình Kỳ, P.Hoà Quý, Q.Ngũ Hành Sơn, TP. Đà Nẵng",2700000.0,45.0,land,,,,60000.0,
AC0BHY,"Thửa 349 - Tờ 207 Lưu Quang Vũ, P.Hoà Quý, Q.Ngũ Hành Sơn, TP. Đà Nẵng",2700000.0,30.99,land,,,,87124.88,
9T8E9P,"Thửa 822- Tờ 6 Khu Vực Bình Yên B, P.Long Hòa, Q.Bình Thuỷ, TP. Cần Thơ",980.0,11.55,land,,,,84.85,
ACJ6XY,"Thửa 201 -Tờ 21 Thôn An Ngãi Tây 3, Xã Hòa Sơn, H.Hòa Vang, TP. Đà Nẵng",2500000.0,10.54,land,,,,237191.65,
6SKCU8,"Thửa 331 - tờ 108 Thôn Phú Sơn 1, Xã Hòa Khương, H.Hòa Vang, TP. Đà Nẵng",1790000.0,6.27,land,,,,285486.44,
2MQ0VZ,"Thửa 554 - tờ 23 K152 Lê Văn Thứ, P.Mân Thái, Q.Sơn Trà, TP. Đà Nẵng",10500000.0,106.49,land,,,,98600.81,
QABN7U,"Thửa 1186 - Tờ 25 Đường N14 KDC Nam Long 2, P.Hưng Thạnh, Q.Cái Răng, TP. Cần Thơ",3750000.0,41.66,land,,,,90014.4,
5HEMP7,"Thửa 20 - Tờ 183, Số 38 Thích Phước Huệ, P.Hoà Hải, Q.Ngũ Hành Sơn, TP. Đà Nẵng",6100000.0,46.03,land,,,,132522.27,
PN1HWG,"Thửa 648 -Tờ 147 Khái Tây 1, P.Hoà Quý, Q.Ngũ Hành Sơn, TP. Đà Nẵng",3250000.0,28.88,land,,,,112534.63,
PNZK2G,"Thửa 76 -Tờ 68 Hoà Phú 2, P.Hòa Minh, Q.Liên Chiểu, TP. Đà Nẵng",5750000.0,71.87,land,,,,80005.57,
WP0NDR,"Thửa 177 - Tờ 243 Hoà Mỹ 8, P.Hòa Minh, Q.Liên Chiểu, TP. Đà Nẵng",4900000.0,50.51,land,,,,97010.49,
5HACE7,"Thửa 1730 - Tờ 5 khu vực Thạnh Hưng, P.Hưng Thạnh, Q.Cái Răng, TP. Cần Thơ",2250000.0,9.66,land,,,,232919.25,
85Q5Z3,"Thửa 1246 - Tờ 38 Gò Lăng 7, Xã Hòa Nhơn, H.Hòa Vang, TP. Đà Nẵng",2900000.0,19.33,land,,,,150025.87,
2X2GHZ,"Thửa 736 - Tờ 16 Thôn Dương Lâm 2, Xã Hòa Phong, H.Hòa Vang, TP. Đà Nẵng",1550000.0,9.39,land,,,,165069.22,
QKPCJU,"Thửa 207 - tờ 168 Ngõ 13, Phố Xuân Diệu, P.Hoà Nghĩa, Q.Dương Kinh, TP. Hải Phòng",1050000.0,4.82,land,,,,217842.32,
QK042U,"Thửa 283 - tờ 175 Nam Kỳ Khởi Nghĩa, P.Hoà Quý, Q.Ngũ Hành Sơn, TP. Đà Nẵng",3500000.0,39.54,land,,,,88517.96,
SBHH85,"Thửa 406 - Tờ 42 Hẻm 2 Bùi Hữu Nghĩa, P.Bình Thủy, Q.Bình Thuỷ, TP. Cần Thơ",1250000.0,24.65,land,,,,50709.94,
8DS1R3,"Thửa 49 - Tờ 98 Khu TĐC Công Nghệ Cao, Xã Hòa Liên, H.Hòa Vang, TP. Đà Nẵng",1850000.0,10.97,land,,,,168641.75,
6YUFK8,"Thửa 51 - tờ 56 Tuyến 2 Phạm Văn Đồng, P.Hải Thành, Q.Dương Kinh, TP. Hải Phòng",2200000.0,32.35,land,,,,68006.18,
8DUES3,"Thửa 528 - tờ 15 hẻm đường ĐT 918, Ấp Thới An, Xã Giai Xuân, H.Phong Điền, TP. Cần Thơ",400.0,5.06,land,,,,79.05,
UC5APS,"Thửa 564 - tờ 67 Kiệt 30 Huyền Trân Công Chúa, P.Thuỷ Xuân, Q.Thuận Hóa, TP. Huế",1450000.0,13.8,land,,,,105072.46,
QH62YU,"Thửa 239 - Tờ 34 Số 131 Đoàn Khuê, P.Khuê Mỹ, Q.Ngũ Hành Sơn, TP. Đà Nẵng",11300000.0,113.0,land,,,,100000.0,
5BQA47,"Thửa 135 - tờ 18 + Thửa 1053 - tờ 18 hẻm đường Tạ Thị Phi, P.Long Tuyền, Q.Bình Thuỷ, TP. Cần Thơ",4580000.0,19.94,land,,,,229689.07,
YFU16D,"Thửa 444 - Tờ 10 Kiệt 86 Phạm Nhữ Tăng, P.Thanh Khê Đông, Q.Thanh Khê, TP. Đà Nẵng",5550000.0,45.67,land,,,,121523.98,
172NK6,"Thửa 1 - tờ 114 Nguyễn Tất Thành nối dài, Xã Hòa Liên, H.Hòa Vang, TP. Đà Nẵng",2200000.0,22.0,land,,,,100000.0,
A463PY,"Thửa 484 - tờ 24 đường số 5A, KĐT Mỹ Thượng, P.Phú Thượng, Q.Thuận Hóa, TP. Huế",2550000.0,24.28,land,,,,105024.71,
3DTE9Q,"Thửa Lô 40 - tờ 03 đường 351, Thôn 6, P.Lê Hồng Phong, TP.Thuỷ Nguyên, TP. Hải Phòng",5500000.0,55.0,land,,,,100000.0,
3D0WVQ,"Sơn Thuỷ Đông 4, P.Hoà Hải, Q.Ngũ Hành Sơn, TP. Đà Nẵng",7600000.0,76.0,land,,,,100000.0,
7EZ4GA,"Thửa 3901 - Tờ 4 Tuyến hai bên Rạch Xéo Lá, P.Phú Thứ, Q.Cái Răng, TP. Cần Thơ",290.0,1.92,land,,,,151.04,
3DJ1CQ,"Thửa Lô L2-07(BĐQH phân lô) - tờ 02 (Bản đồ giải thửa) Tuyến 2, đường 359, P.Thuỷ Đường, TP.Thuỷ Nguyên, TP. Hải Phòng",4150000.000000001,38.42,land,,,,108016.66,
SCR0U5,"Thửa 1453 - tờ 3 Thôn Túy Loan Tây 1, Xã Hòa Phong, H.Hòa Vang, TP. Đà Nẵng",1800000.0,7.86,land,,,,229007.63,
G18G12,"Thửa 2611 - Tờ 1 Phạm Văn Nhờ, KDC Công An, P.Phú Thứ, Q.Cái Răng, TP. Cần Thơ",3450000.0,34.5,land,,,,100000.0,
SCETB5,"Thửa 1739 - Tờ 18 đường D26 KDC Hồng Loan, P.Hưng Thạnh, Q.Cái Răng, TP. Cần Thơ",3680000.0,33.45,land,,,,110014.95,
7EFNWA,"Thửa 238 - Tờ 5 Hẻm 85 Phạm Ngũ Lão, P.Thới Bình, Q.Ninh Kiều, TP. Cần Thơ",6800000.0,43.31,land,,,,157007.62,
9M1QEP,"Thửa 117 - Tờ 74 Hẻm 361 Trần Quang Diệu, P.An Thới, Q.Bình Thuỷ, TP. Cần Thơ",3390000.0,22.55,land,,,,150332.59,
G1NGS2,"Thửa 12260 - Tờ 1 Khu Tái Định Cư Phú An, P.Phú Thứ, Q.Cái Răng, TP. Cần Thơ",2900000.0,24.16,land,,,,120033.11,
6A3BD8,"Thửa 383 - tờ 6 Ngõ 159 đường Quyết Thắng, P.Yên Nghĩa, Q.Hà Đông, TP. Hà Nội",7200000.0,144.0,land,,,,50000.0,
DFYBPH,"Thửa 77 - tờ 98 TĐC khu Công nghệ cao, Xã Hòa Liên, H.Hòa Vang, TP. Đà Nẵng",2850000.0,19.0,land,,,,150000.0,
4PERVF,"Thửa 313 - tờ 114 Nguyễn Tất Thành nối dài, Xã Hòa Liên, H.Hòa Vang, TP. Đà Nẵng",2450000.0,24.25,land,,,,101030.93,
67XM58,"Thửa 27 - tờ 01 đường 353 Phạm Văn Đồng, P.Anh Dũng, Q.Dương Kinh, TP. Hải Phòng",5200000.0,52.0,land,,,,100000.0,
PMDA5G,"Thửa 112 - Tờ 59 đường ĐT 413, Thôn Duyên Lãm, Xã Thụy An, H.Ba Vì, TP. Hà Nội",960.0,9.6,land,,,,100.0,
GVH7U2,"Thửa 09 - tờ B2-4 Trần Lê + Cẩm Nam 9, P.Hòa Xuân, Q.Cẩm Lệ, TP. Đà Nẵng",7200000.0,67.47,land,,,,106714.1,
GVYRW2,"Thửa 474 - Tờ 20 Kiệt 72 Khúc Thừa Dụ, P.Thủy Dương, TX.Hương Thủy, TP. Huế",2150000.0,18.85,land,,,,114058.36,
67WRV8,"Thửa 252 - Tờ 86, Đường Đồng Lớn 6 Khu TĐC Hòa Liên 3, Xã Hòa Liên, H.Hòa Vang, TP. Đà Nẵng",2450000.0,20.76,land,,,,118015.41,
21YT6Z,"Thửa 331 - Tờ 14 Kiệt 45 Huyền Trân Công Chúa, P.Thuỷ Xuân, Q.Thuận Hóa, TP. Huế",1550000.0,15.97,land,,,,97056.98,
9XSF9P,"Thửa 5116 - tờ 4 Thôn Đương Thắng, Ngũ Đoan, Xã Kiến Hưng, H.Kiến Thuỵ, TP. Hải Phòng",1700000.0,25.95,land,,,,65510.6,
UHJNKS,"Thửa 2922 - Tờ 53 Hẻm 112 Hoàng Quốc Việt, P.An Bình, Q.Ninh Kiều, TP. Cần Thơ",1790000.0,44.75,land,,,,40000.0,
E92M54,"Thửa 388 - Tờ 40 TL 420, thôn Đồi Sen, Xã Bình Yên, H.Thạch Thất, TP. Hà Nội",3300000.0,37.97,land,,,,86910.72,
E92M54,"Thửa 388 - Tờ 40 TL 420, thôn Đồi Sen, Xã Bình Yên, H.Thạch Thất, TP. Hà Nội",3300000.0,37.97,land,,,,86910.72,
AEE2MY,"Thửa 11631 - tờ 4 Thôn Trại Dưới - Xóm Ngói, P.Lưu Kiếm, TP.Thuỷ Nguyên, TP. Hải Phòng",899.0,14.2,land,,,,63.31,
7BC76A,"Thửa 36 - Tờ 2 Kiệt 20 Nguyễn Công Trứ, P.An Hải Bắc, Q.Sơn Trà, TP. Đà Nẵng",4250000.0,74.69,land,,,,56901.86,
5CK4B7,"Thửa 387-2 - tờ 63 đường 360, thôn Xuân Sơn 1, Xã An Thắng, H.An Lão, TP. Hải Phòng",1900000.0,19.48,land,,,,97535.93,
QDYKVU,"Thửa 37 - tờ 1 khu Thùng Nhèm, thôn An Khoái, Xã Phúc Tiến, H.Phú Xuyên, TP. Hà Nội",6150000.0,76.3,land,,,,80602.88,
E9JXD4,"Thửa 1418 - Tờ 30 Kiệt 309 Trưng Nữ Vương, P.Thủy Dương, TX.Hương Thủy, TP. Huế",1950000.0,21.78,land,,,,89531.68,
UDQQWS,"Thửa 79 - Tờ 90 Đông Sơn, Thôn Đông Cựu, Xã Phú Nghĩa, H.Chương Mỹ, TP. Hà Nội",1800000.0,14.65,land,,,,122866.89,
49EEZF,"Thửa 78 - Tờ 90 Đông Sơn, Thôn Đông Cựu, Xã Phú Nghĩa, H.Chương Mỹ, TP. Hà Nội",1800000.0,14.85,land,,,,121212.12,
1SVJX6,"Thửa 1790 - tờ 01 Đông Sơn, Xóm 4, P.Lưu Kiếm, TP.Thuỷ Nguyên, TP. Hải Phòng",3600000.0,20.0,land,,,,180000.0,
AB5T7Y,"Thửa 33-5 - tờ 8 Quốc Lộ 23, Xóm Nhì, Xã Vân Nội, H.Đông Anh, TP. Hà Nội",3600000.0,63.15,land,,,,57007.13,
JZA620,"Thửa 64 - Tờ 00 Tổ dân phố số 5, TT.Quang Minh, H.Mê Linh, TP. Hà Nội",5400000.0,88.96,land,,,,60701.44,
GMK3M2,"Thửa 18 - tờ 2 đường 6, thôn Chúc Đồng, Xã Thụy Hương, H.Chương Mỹ, TP. Hà Nội",3700000.0,74.0,land,,,,50000.0,
YEX3YD,"Thửa 2106 - Tờ 2 Tổ dân phố Hầu, P.Thiên Hương, TP.Thuỷ Nguyên, TP. Hải Phòng",1290000.0,22.55,land,,,,57206.21,
9NA57P,"Thửa 71 - tờ 68 Ngõ 81, TDP Tân Hợp, P.Tân Thành, Q.Dương Kinh, TP. Hải Phòng",1850000.0,24.73,land,,,,74807.93,
5K2W37,"Thửa 615 - Tờ 62 Xóm Hạ, Thôn Phú Vinh, Xã Phú Nghĩa, H.Chương Mỹ, TP. Hà Nội",3300000.0,41.25,land,,,,80000.0,
QY9KFU,"Thửa 404 - Tờ 16 đường DT429, thôn Đồng Mít, Xã Đồng Tâm, H.Mỹ Đức, TP. Hà Nội",1250000.0,13.63,land,,,,91709.46,
R2U0YJ,"Thửa 401 - Tờ 13 hẻm đường Tỉnh Lộ 417, Xã Phương Đình, H.Đan Phượng, TP. Hà Nội",2650000.0,59.0,land,,,,44915.25,
AB25VY,"Thửa 52 - Tờ 15 hẻm đường Tỉnh lộ 419, Xã An Mỹ, H.Mỹ Đức, TP. Hà Nội",1150000.0,23.9,land,,,,48117.15,
5KBU17,"Thửa 2374 - Tờ 7, Đường số 1 KDC Nam Long Hồng Phát, P.Hưng Thạnh, Q.Cái Răng, TP. Cần Thơ",3600000.0,45.11,land,,,,79804.92,
1S7FF6,"Thửa 353 - tờ 8 Thôn Túy Loan Tây 2, Xã Hòa Phong, H.Hòa Vang, TP. Đà Nẵng",1150000.0,8.77,land,,,,131128.85,
E09WX4,"Thửa 368 - tờ 34 Mỹ Đa Tây 12, P.Khuê Mỹ, Q.Ngũ Hành Sơn, TP. Đà Nẵng",7800000.0,91.76,land,,,,85004.36,
UDDQXS,"Thửa 309 - Tờ 20 Hẻm 9 Nguyễn Văn Cừ, P.An Khánh, Q.Ninh Kiều, TP. Cần Thơ",2490000.0,29.71,land,,,,83810.16,
877G53,"Thửa 2486 -Tờ 39 Hẻm 6, Bùi Hữu Nghĩa, P.Bình Thủy, Q.Bình Thuỷ, TP. Cần Thơ",1700000.0,15.44,land,,,,110103.63,
JZ2SC0,"Thửa 398 - Tờ 266 Kiệt 64 Ngô Chân Lưu, P.Hòa Minh, Q.Liên Chiểu, TP. Đà Nẵng",3250000.0,48.21,land,,,,67413.4,
UY6WJS,"Thửa 06 - tờ B2-9 Hoàng Văn Thái nối dài, Xã Hòa Sơn, H.Hòa Vang, TP. Đà Nẵng",2900000.0,29.0,land,,,,100000.0,
AC86EY,"Thửa  301 - Tờ 16, Đường Số 5 KDC Văn Hóa Tây Đô, P.Hưng Thạnh, Q.Cái Răng, TP. Cần Thơ",3300000.0,33.0,land,,,,100000.0,
YBM0ZD,"Thửa 623 - tờ 87 K93 Nguyễn Duy Trinh, P.Hoà Hải, Q.Ngũ Hành Sơn, TP. Đà Nẵng",2800000.0,26.19,land,,,,106911.03,
YBX3AD,"Thửa 834 - Tờ 86 Khu TĐC Hòa Liên 3, Xã Hòa Liên, H.Hòa Vang, TP. Đà Nẵng",2700000.0,19.46,land,,,,138746.15,
J27NJ0,"Thửa 06-B2-7 Tờ TN Thanh Tịnh, KDC Trung Nghĩa, P.Hòa Minh, Q.Liên Chiểu, TP. Đà Nẵng",7250000.0,72.5,land,,,,100000.0,
2MD92Z,"Thửa 282 - Tờ 18 Xuân Thiều 38, KDC J258, P.Hòa Khánh Bắc, Q.Liên Chiểu, TP. Đà Nẵng",4700000.0,58.45,land,,,,80410.61,
37JNDQ,"Thửa 111 - Tờ 87 KDC 923, Khu Vực 7, P.An Bình, Q.Ninh Kiều, TP. Cần Thơ",2300000.0,15.99,land,,,,143839.9,
EJ6JR4,"Thửa 286 -Tờ 60 số 84 Thâm Tâm, P.Hoà Quý, Q.Ngũ Hành Sơn, TP. Đà Nẵng",5100000.0,51.0,land,,,,100000.0,
J2US60,"Thửa 1435 - Tờ 64 Khu vực 5 Ba Láng, P.Ba Láng, Q.Cái Răng, TP. Cần Thơ",1100000.0,10.78,land,,,,102040.82,
UY0KAS,"Thửa 70 -Tờ 54 số 36 Bàu Mạc 8, P.Hòa Khánh Bắc, Q.Liên Chiểu, TP. Đà Nẵng",5550000.0,51.62,land,,,,107516.47,
1UK1Z6,"Thửa 178 -Tờ 34 Hẻm 311, Nguyễn Văn Cừ, P.An Hòa, Q.Ninh Kiều, TP. Cần Thơ",1700000.0,20.85,land,,,,81534.77,
6SCZA8,"Thửa 409 - Tờ 15, Đường số 10 KDC Văn Hóa Tây Đô, P.Hưng Thạnh, Q.Cái Răng, TP. Cần Thơ",4350000.0,33.46,land,,,,130005.98,
QAKNYU,"Thửa 06 Tờ B4-8-3, Ban Ban 15, P.Hoà Quý, Q.Ngũ Hành Sơn, TP. Đà Nẵng",4300000.0,43.0,land,,,,100000.0,
6SYYN8,"Thửa 1547 - Tờ 4 Rạch Ông Đội, KV Bình Phó A, P.Long Tuyền, Q.Bình Thuỷ, TP. Cần Thơ",830.0,7.78,land,,,,106.68,
J2TGX0,"Thửa 367 - Tờ 84 Hoàng Văn Thái Nối Dài, Xã Hòa Sơn, H.Hòa Vang, TP. Đà Nẵng",3300000.0,18.42,land,,,,179153.09,
WP9EXR,"Thửa 19 - Tờ 243 Số 431 Hoàng Văn Thái, P.Hòa Khánh Nam, Q.Liên Chiểu, TP. Đà Nẵng",4450000.0,39.55,land,,,,112515.8,
KF4ASC,"Thửa 118 - Tờ 163 Số 277 Phạm Như Xương, P.Hòa Khánh Bắc, Q.Liên Chiểu, TP. Đà Nẵng",5700000.0,49.82,land,,,,114411.88,
JX7GJ0,"Thửa 512 - Tờ 9 đường cặp bờ kè Rạch Ngỗng, P.An Khánh, Q.Ninh Kiều, TP. Cần Thơ",5500000.0,50.45,land,,,,109018.83,
SBDTW5,"Thửa 681 - tờ 10 kênh Bà Xã Năm, Ấp Thạnh Phước, Xã Thạnh Phú, H.Cờ Đỏ, TP. Cần Thơ",650.0,1.67,land,,,,389.22,
SC8UQ5,"Thửa 124 - tờ 59 Hải Thụy, TDP Hải Thành 2, P.Hải Thành, Q.Dương Kinh, TP. Hải Phòng",1900000.0,42.03,land,,,,45205.81,
4GD2DF,"Thửa 662 - tờ 33 Khu Đìa Chùa, thôn Đồng Trữ, Xã Phú Nghĩa, H.Chương Mỹ, TP. Hà Nội",2400000.0,48.0,land,,,,50000.0,
A4RHHY,"Thửa 1229 - tờ 7 Tỉnh 10E (Đường Lương Tân Phù), Xã Thủy Tân, TX.Hương Thủy, TP. Huế",1130000.0,4.19,land,,,,269689.74,
8YKQF3,"Thửa 1276 - Tờ 7 đường số 3 KDC Nam Long, P.Hưng Thạnh, Q.Cái Răng, TP. Cần Thơ",4600000.0,40.35,land,,,,114002.48,
UH6Q7S,"Thửa 151 - Tờ 38 Khu tập thể J106, Xóm 4, Xã Thủy Xuân Tiên, H.Chương Mỹ, TP. Hà Nội",2250000.0,36.11,land,,,,62309.61,
8ARN13,"Thửa 268 - tờ 43 KQH Hương Thủy (Thuận Hóa 50m), P.Thủy Lương, TX.Hương Thủy, TP. Huế",4300000.0,10.0,land,,,,430000.0,
67WFX8,"Thửa 31 - Tờ 33 ĐT 416, Thôn Nhà Thờ, Xã Kim Sơn, TX.Sơn Tây, TP. Hà Nội",1700000.0,17.8,land,,,,95505.62,
RZX31J,"Thửa 411 - Tờ 37 đường ĐT 420, Thôn Cánh Chủ, Xã Bình Yên, H.Thạch Thất, TP. Hà Nội",1900000.0,30.69,land,,,,61909.42,
3YA5VQ,"Thửa 712 - Tờ 7 Quốc Lộ 6, Thôn Đồng Nanh, Xã Tiên Phương, H.Chương Mỹ, TP. Hà Nội",2350000.0,53.4,land,,,,44007.49,
67S1G8,"Thửa 456 - Tờ 295 Ngõ 105 Vũ Thị Ngọc Toàn, P.Tân Thành, Q.Dương Kinh, TP. Hải Phòng",2550000.0,25.5,land,,,,100000.0,
Y4B6PD,"Thửa 4 - tờ B2-41 Dự án Golden Hills (GĐI) - Khu A, P.Hòa Hiệp Nam, Q.Liên Chiểu, TP. Đà Nẵng",4500000.0,22.53,land,,,,199733.69,
3A3DHQ,"Thửa 354 - Tờ 13 Hữu Đáy, Thôn Chúc Đồng 2, Xã Thụy Hương, H.Chương Mỹ, TP. Hà Nội",3700000.0,46.25,land,,,,80000.0,
9N9X4P,"Thửa 353 - Tờ 13 Hữu Đáy, Thôn Chúc Đồng 2, Xã Thụy Hương, H.Chương Mỹ, TP. Hà Nội",3700000.0,46.01,land,,,,80417.3,
YEYEYD,"Thửa 352 - Tờ 13 Hữu Đáy, Thôn Chúc Đồng 2, Xã Thụy Hương, H.Chương Mỹ, TP. Hà Nội",4300000.0,47.67,land,,,,90203.48,
QYQY0U,"Thửa 502 - Tờ 8 Chùa Trầm, Thôn Ninh Sơn, TT.Chúc Sơn, H.Chương Mỹ, TP. Hà Nội",3700000.0,53.46,land,,,,69210.62,
AB75WY,"Thửa 346 - Tờ 19 Quốc Lộ 6, Xóm Đầm Bung, Xã Phú Nghĩa, H.Chương Mỹ, TP. Hà Nội",2600000.0,32.5,land,,,,80000.0,
UD12XS,"Thửa 660 - Tờ 33 Quốc Lộ 6, Thôn Đồng Trữ, Xã Phú Nghĩa, H.Chương Mỹ, TP. Hà Nội",3350000.0,41.46,land,,,,80800.77,
3AM0PQ,"Thửa 60 - Tờ 26 Quốc Lộ 6A, Thôn Ninh Sơn, TT.Chúc Sơn, H.Chương Mỹ, TP. Hà Nội",4400000.0,55.69,land,,,,79008.8,
2VRRBZ,"Thửa 194 - Tờ 88 Vành Đai 4, Thôn Phú Hạ, Xã Minh Phú, H.Sóc Sơn, TP. Hà Nội",1450000.0,14.5,land,,,,100000.0,
KWU7FC,"Thửa 188 - Tờ 40 Hẻm 38 Đường 3 Tháng 2, P.Hưng Lợi, Q.Ninh Kiều, TP. Cần Thơ",2680000.0,25.4,land,,,,105511.81,
KWV9SC,"Thửa 229 - tờ 46, số 26, Lô NO-3 Khu đô thị mới Sở Dầu, P.Sở Dầu, Q.Hồng Bàng, TP. Hải Phòng",6500000.0,106.55,land,,,,61004.22,
QYRWBU,"Thửa (866+866A)/B - tờ 01 Tổ dân phố Hoàng Động 7, P.Hoàng Lâm, TP.Thuỷ Nguyên, TP. Hải Phòng",995.0,16.58,land,,,,60.01,
0T2UE9,"Thửa 354 - tờ 84 Đại La 2 , TĐC Đại La, Xã Hòa Sơn, H.Hòa Vang, TP. Đà Nẵng",2300000.0,24.21,land,,,,95002.07,
QYSW7U,"Thửa 343 -Tờ 178 Kiệt 268/22/18 Tô Hiệu, P.Hòa Minh, Q.Liên Chiểu, TP. Đà Nẵng",4600000.0,33.35,land,,,,137931.03,
5HUMQ7,"Thửa 805- Tờ 16 Kiệt 2 Nam Thượng, TDP Nam Thượng, P.Phú Thượng, Q.Thuận Hóa, TP. Huế",1100000.0,16.01,land,,,,68707.06,
EJA3Z4,"Thửa 36 - Tờ 272 Kiệt 82/22 Nguyễn Lương Bằng, P.Hòa Khánh Bắc, Q.Liên Chiểu, TP. Đà Nẵng",4350000.0,58.07,land,,,,74909.59,
0ZBAX9,"Thửa 35 - Tờ 272 Kiệt 82/22 Nguyễn Lương Bằng, P.Hòa Khánh Bắc, Q.Liên Chiểu, TP. Đà Nẵng",4350000.0,57.92,land,,,,75103.59,
SDTNV5,"đường Mậu Thân, khu vực 5, P.Cái Khế, Q.Ninh Kiều, TP. Cần Thơ",4790000.0,78.8,land,,,,60786.8,
85P0R3,"Thửa 2262 - Tờ 07 Lê Trọng Tấn, KDC Nam Long, P.Hưng Thạnh, Q.Cái Răng, TP. Cần Thơ",6250000.0,60.91,land,,,,102610.41,
PNKA3G,"Thửa 1594 - Tờ 15 Nguyễn Thị Tạo, KV Bình Nhựt, P.Long Hòa, Q.Bình Thuỷ, TP. Cần Thơ",2200000.0,15.1,land,,,,145695.36,
6SR3H8,"Thửa 274 - Tờ 40 cặp bờ kè Hồ Bún Xáng, P.An Khánh, Q.Ninh Kiều, TP. Cần Thơ",7600000.0,35.2,land,,,,215909.09,
ACZAVY,"Thửa 1173 - Tờ 12 Nguyễn Văn Cừ, KV Bình Thường B, P.Long Tuyền, Q.Bình Thuỷ, TP. Cần Thơ",4000000.0,38.2,land,,,,104712.04,
QA0FDU,"Thửa 1583 - Tờ 13 Nguyễn Văn Cừ, KDC Đại Ngân, P.An Khánh, Q.Ninh Kiều, TP. Cần Thơ",4190000.000000001,104.97,land,,,,39916.17,
GXAQ82,"Thửa 11 - Tờ B2-8 Dự án Golden Hills City - Khu A, Xã Hòa Liên, H.Hòa Vang, TP. Đà Nẵng",3400000.0,27.2,land,,,,125000.0,
8DC6K3,"Thửa 600 - Tờ 07 đường số 6 KDC Thới Nhựt 2, P.An Khánh, Q.Ninh Kiều, TP. Cần Thơ",4900000.0,54.44,land,,,,90007.35,
WTMFTR,"Thửa 356 - Tờ 07 đường số 6 KDC Thới Nhựt 2, P.An Khánh, Q.Ninh Kiều, TP. Cần Thơ",4900000.0,54.44,land,,,,90007.35,
SBARK5,"Thửa 87 - tờ 87 Đỗ Đình Thiện, TĐC Hòa Liên 5, Xã Hòa Liên, H.Hòa Vang, TP. Đà Nẵng",2450000.0,24.5,land,,,,100000.0,
5B5QD7,"Thửa 202 - Tờ 52 Số nhà 75/35/27/64B Trần Phú, P.Cái Khế, Q.Ninh Kiều, TP. Cần Thơ",780.0,21.13,land,,,,36.91,
8YE4T3,"Thửa 206 - tờ 270 Khu đô thị công nghệ FPT, P.Hoà Hải, Q.Ngũ Hành Sơn, TP. Đà Nẵng",5900000.0,57.84,land,,,,102005.53,
QH457U,"Thửa 3849 - Tờ 39 + Thửa 3850 - Tờ 39 đường số 4, Khu dân cư Ngân Thuận, P.Bình Thủy, Q.Bình Thuỷ, TP. Cần Thơ",4990000.0,20.36,land,,,,245088.41,
A4B0NY,"Thửa 168 - Tờ 47 Trần Hoàng Na, Khu dân cư 91B, P.An Khánh, Q.Ninh Kiều, TP. Cần Thơ",9800000.0,117.71,land,,,,83255.46,
17SHE6,"Thửa Nguyễn Hoàng Thanh 2, Thôn Lập Trí, Xã Minh Trí, H.Sóc Sơn, TP. Hà Nội",1650000.0,18.03,land,,,,91514.14,
CJKFRB,"Thửa 660 - tờ 72 Trần Quốc Tăng (TĐC Hòa Liên 4), Xã Hòa Liên, H.Hòa Vang, TP. Đà Nẵng",2550000.0,18.21,land,,,,140032.95,
RZ347J,"Thửa 880 - Tờ 12 KDC Dầu Khí, KV Bình Thường B, P.Long Tuyền, Q.Bình Thuỷ, TP. Cần Thơ",2400000.0,30.0,land,,,,80000.0,
RZNVXJ,"Thửa 628 - Tờ 87 Đỗ Đình Thiện, TĐC Hòa Liên 5, Xã Hòa Liên, H.Hòa Vang, TP. Đà Nẵng",2450000.0,24.5,land,,,,100000.0,
0NN3H9,"Thửa Lô 11 - tờ LK14 Áp Tràn, TĐC Bắc sông Cấm, P.Dương Quan, TP.Thuỷ Nguyên, TP. Hải Phòng",6200000.0,51.66,land,,,,120015.49,
Y4BMJD,"Thửa 39 - Tờ 35 hẻm đường ĐT 429, Thôn Tân Hội, Xã Trần Phú, H.Chương Mỹ, TP. Hà Nội",6550000.0,7.0,land,,,,935714.29,
QYQAJU,"Thửa 306 - Tờ 19 Phúc Tiến, Tổ dân phố Yên Thành, P.Biên Giang, Q.Hà Đông, TP. Hà Nội",3700000.0,79.56,land,,,,46505.78,
2V99BZ,"Thửa 11-1 - Tờ 01 Quốc Lộ 6, Tổ dân phố An Thắng, P.Biên Giang, Q.Hà Đông, TP. Hà Nội",4200000.0,100.47,land,,,,41803.52,
ABSQEY,"Thửa 11B - Tờ 01 Quốc Lộ 6, Tổ dân phố An Thắng, P.Biên Giang, Q.Hà Đông, TP. Hà Nội",3800000.0,76.0,land,,,,50000.0,
2VH13Z,"Thửa 226D - tờ 01 thôn Sú 2, đường Lâm Động, P.Thiên Hương, TP.Thuỷ Nguyên, TP. Hải Phòng",1680000.0,13.65,land,,,,123076.92,
KWMZDC,"Thửa 155 + 273 - Tờ 53 Ngách 367/127 Phố Ngô Xuân Quảng, TT.Trâu Quỳ, H.Gia Lâm, TP. Hà Nội",10500000.0,98.77,land,,,,106307.58,
E0X6U4,"Thửa 909 - Tờ 26 hẻm đường Phượng Đồng, thôn Phượng Đồng, Xã Phụng Châu, H.Chương Mỹ, TP. Hà Nội",3850000.0,62.6,land,,,,61501.6,
2V6H2Z,"Thửa 558 - tờ 5 Nguyễn Công Duẫn, KQH Thủy Dương 3, P.Thủy Dương, TX.Hương Thủy, TP. Huế",3820000.0,25.5,land,,,,149803.92,
3AA6GQ,"Thửa 1509 - Tờ 1 Cặp Rạch Ông Dựa, KV Bình Dương A, P.Long Tuyền, Q.Bình Thuỷ, TP. Cần Thơ",2150000.0,2.84,land,,,,757042.25,
RGK1HJ,"Thửa 7 - Tờ 253 Trung Lập 4, KĐT Bàu Tràm Lakeside, P.Hòa Hiệp Nam, Q.Liên Chiểu, TP. Đà Nẵng",6450000.0,64.5,land,,,,100000.0,
37E1RQ,"Thửa 324 - Tờ 16, Đường số 6 Khu TĐC Trung tâm Văn hóa Tây Đô, P.Hưng Thạnh, Q.Cái Răng, TP. Cần Thơ",3000000.0,30.0,land,,,,100000.0,
WTQHER,"Thửa 837 - Tờ 17 A6-17 đường D11 KDC Nam Long 2, P.Hưng Thạnh, Q.Cái Răng, TP. Cần Thơ",2800000.0,20.74,land,,,,135004.82,
8DRFP3,"Thửa 438 - tờ 102 hẻm đường Quốc Lộ 6, Thôn Thanh Trì, Xã Đông Sơn, H.Chương Mỹ, TP. Hà Nội",1800000.0,22.5,land,,,,80000.0,
EG6V84,"Thửa 436 - tờ 102 hẻm đường Quốc Lộ 6, Thôn Thanh Trì, Xã Đông Sơn, H.Chương Mỹ, TP. Hà Nội",1800000.0,22.22,land,,,,81008.1,
YW2FVD,"Thửa 2446 - tờ 33 đường B1, Khu dân cư Hưng Phú 1, P.Hưng Phú, Q.Cái Răng, TP. Cần Thơ",4100000.0,56.94,land,,,,72005.62,
RTR4GJ,"Thửa 2225 - tờ 33 đường A8, KDC Hưng Phú, quán Tỷ Cua, P.Hưng Phú, Q.Cái Răng, TP. Cần Thơ",7500000.0,56.09,land,,,,133713.67,
DWD6YH,"Thửa 149 - tờ 25 DV05-LK128, Khu đất dịch vụ Yên Lộ, P.Yên Nghĩa, Q.Hà Đông, TP. Hà Nội",11800000.0,236.0,land,,,,50000.0,
QHC41U,"Thửa 2043 - Tờ 5 Hẻm liên tổ 7-13 Nguyễn Văn Linh, P.Long Tuyền, Q.Bình Thuỷ, TP. Cần Thơ",1300000.0,20.06,land,,,,64805.58,
YFH3XD,"Thửa 20 - tờ 11 đường số 8 (KĐT mới Đông Nam Thủy An), P.Thủy Dương, TX.Hương Thủy, TP. Huế",3750000.0,56.56,land,,,,66301.27,
SH2X35,"Thửa 23 - Tờ 10 hẻm đường Tỉnh lộ 419, Khu Ao Xóm Nứa, Xã Đại Yên, H.Chương Mỹ, TP. Hà Nội",3950000.0,60.03,land,,,,65800.43,
EJPEG4,"Thửa 483 - Tờ 15, Đường số 12 Khu TĐC Trung Tâm Văn Hóa Tây Đô, P.Hưng Thạnh, Q.Cái Răng, TP. Cần Thơ",3590000.0,39.88,land,,,,90020.06,
9TN4XP,"Thửa 6430 - Tờ 1, Đường Số 61, Khu đô thị Nam Cần Thơ, P.Phú Thứ, Q.Cái Răng, TP. Cần Thơ",19500000.0,29.97,land,,,,650650.65,
DRC0NH,"Thửa 3176 - tờ 1 đường số 8, Khu dân cư lô số 11C, P.Phú Thứ, Q.Cái Răng, TP. Cần Thơ",8199999.999999999,34.16,land,,,,240046.84,
QHZ5YU,"Thửa 54 - Tờ Trích đo Xuân Đỗ, Khu Tái định cư C3-6/LX8, P.Cự Khối, Q.Long Biên, TP. Hà Nội",6400000.0,213.33,land,,,,30000.47,
3AXX1Q,"Thửa 550 - Tờ 80 Quốc Lộ 21A, Khu tái định cư Vai Réo, Xã Phú Cát, H.Quốc Oai, TP. Hà Nội",4300000.0,43.0,land,,,,100000.0,
AFJ18Y,"Thửa 19 - tờ 00 Khu dịch vụ nhà ở cụm CN Phùng Xá, Đường Tỉnh lộ 419, Xã Phùng Xá, H.Thạch Thất, TP. Hà Nội",23000000.0,125.61,land,,,,183106.44,
UCEPBS,"Thửa 102 - tờ 46 đường số 11, Khu tái định cư trung tâm hành chính Vĩnh Thạnh, TT.Vĩnh Thạnh, H.Vĩnh Thạnh, TP. Cần Thơ",950.0,7.6,land,,,,125.0,
0XU3Q9,"4 69, P.6, TP.Tân An, Long An",2820000.0,4.91,land,,,,574338.09,
4G6H5F,"P.Lộc Phát, Lâm Đồng",1110000.0,6.17,land,,,,179902.76,
A42QMY,"P.Lộc Phát, TP.Bảo Lộc, Lâm Đồng",1110000.0,6.17,land,,,,179902.76,
9M5EJP,"Xã Phú An, TX.Bến Cát, Bình Dương",2970000.0,3.07,land,,,,967426.71,
WZ3HER,"Xã Phú An, TX.Bến Cát, Bình Dương",2610000.0,2.42,land,,,,1078512.4,
26ASCZ,"Phạm Văn Diêu, Xã Tân Hạnh, TP.Biên Hòa, Đồng Nai",2650000.0,17.25,land,,,,153623.19,
1A5DB6,"Nguyễn Chí Thanh, P.Hiệp An, TP.Thủ Dầu Một, Bình Dương",3800000.0,13.13,land,,,,289413.56,
6A4D28,"2477 Quốc lộ 14, Xã Tân Thành, TP.Đồng Xoài, Bình Phước",593.0,2.17,land,,,,273.27,
A4G8VY,"P.11, H.Cao Lãnh, Đồng Tháp",1150000.0,5.84,land,,,,196917.81,
SC0J85,"Trường Xuân 1, Xã Xuân Trường, TP.Đà Lạt, Lâm Đồng",3390000.0,4.34,land,,,,781105.99,
YF2GUD,"108 tỉnh 44A, P.Long Toàn, Bà Rịa, BRVT",7990000.0,24.38,land,,,,327727.65,
RGMPFJ,"Thửa 2554 - tờ 10-12, đường DX 001, P.Phú Mỹ, TP.Thủ Dầu Một, Bình Dương",2150000.0,17.91,land,,,,120044.67,
6AFGC8,"P.Tân An, TP.Thủ Dầu Một, Bình Dương",1720000.0,3.34,land,,,,514970.06,
SC9B25,"tỉnh 52, Xã Long Phước, Bà Rịa, BRVT",2780000.0,7.35,land,,,,378231.29,
UK0DTS,"Bầu Trâm, P.Thới Hòa, TX.Bến Cát, Bình Dương",1610000.0,10.76,land,,,,149628.25,
8YFC93,"447 Nguyễn Trãi, P.9, TP.Cà Mau, Cà Mau",7270000.0,8.52,land,,,,853286.38,
GV4HQ2,"Thửa 574 - Tờ 39 Ấp Ái Ngãi, Xã Phú Ngãi Trị, H.Châu Thành, Long An",280.0,2.59,land,,,,108.11,
AKTMWY,"Thửa 1685 tờ 12-9, đường ĐX 048, P.Phú Mỹ, TP.Thủ Dầu Một, Bình Dương",7800000.0,29.54,land,,,,264048.75,
ABDSKY,"đường Thái Tông, Xã Vĩnh Thái, TP.Nha Trang, Khánh Hòa",4880000.0,39.96,land,,,,122122.12,
QARS6U,"Thửa 307 - tờ 272 thôn Phước Lộc,, Xã Phước Đồng, TP.Nha Trang, Khánh Hòa",2150000.0,22.02,land,,,,97638.51,
UAUFBS,"Thửa 2088 tờ 4, hẻm Lê Minh Xuân, Xã Nhơn Thạnh Trung, TP.Tân An, Long An",400.0,3.76,land,,,,106.38,
5BPES7,"274 Quốc lộ 51, P.Kim Dinh, Bà Rịa, BRVT",3590000.0,8.05,land,,,,445962.73,
GM1PV2,"Thửa 415 - tờ 36 thôn Láng Nhớt, Xã Diên Tân, H.Diên Khánh, Khánh Hòa",690.0,3.07,land,,,,224.76,
WGPW1R,"Thửa 785 - tờ 56 thôn Phú Vinh, Xã Vĩnh Ngọc, TP.Nha Trang, Khánh Hòa",2780000.0,25.45,land,,,,109233.79,
1SU136,"Thửa 41 - tờ 4 Nguyễn Hồng Ưng, P.Tân Lập, TP.Buôn Ma Thuột, Đắk Lắk",3280000.0,49.39,land,,,,66410.2,
QARVSU,"đường Phong Châu, KĐT TĐC Đất Lành, Xã Vĩnh Thái, TP.Nha Trang, Khánh Hòa",3850000.0,56.45,land,,,,68201.95,
J2M7Y0,"Thửa 1741 - tờ 38, đường DT748, P.An Điền, TP.Bến Cát, Bình Dương",3500000.0,2.58,land,,,,1356589.15,
6S7DV8,"Thửa 47 - tờ 6, đường Lái Thiêu 13, P.Lái Thiêu, TP.Thuận An, Bình Dương",3900000.0,31.27,land,,,,124720.18,
37857Q,"đường Nguyễn Văn Nhâm, P.5, TP.Tân An, Long An",1000000.0,10.02,land,,,,99800.4,
1U9E16,"Thửa 13 - tờ 28 thôn Thái Thông, Xã Vĩnh Thái, TP.Nha Trang, Khánh Hòa",2700000.0,31.07,land,,,,86900.55,
7KDN4A,"Thửa 98 - tờ 29, hẻm 954 đường Nguyễn Chí Thanh, P.Hiệp An, TP.Thủ Dầu Một, Bình Dương",1590000.0,10.88,land,,,,146139.71,
DWQ7PH,"Thửa 1285 - tờ 4 thôn An Ninh, Xã Diên An, H.Diên Khánh, Khánh Hòa",1250000.0,19.02,land,,,,65720.29,
SD6KH5,"đường Trần Minh Châu, P.5, TP.Tân An, Long An",5600000.0,10.72,land,,,,522388.06,
5HRKQ7,"Thửa 254 - tờ 271, Tổ dân phố Phước Lộc, đường Vườn Xoài, Xã Phước Đồng, TP.Nha Trang, Khánh Hòa",1450000.0,21.04,land,,,,68916.35,
W9EQPR,"Thửa 650 tờ 304, đường ĐX 082, P.Định Hoà, TP.Thủ Dầu Một, Bình Dương",1680000.0,15.86,land,,,,105926.86,
Q7HVKU,"Thửa 261 - tờ 61 đường 30/4, P.Chánh Nghĩa, TP.Thủ Dầu Một, Bình Dương",4800000.0,30.3,land,,,,158415.84,
65SUN8,"Thửa 1627 - tờ 20 đường DX64, P.Định Hoà, TP.Thủ Dầu Một, Bình Dương",2190000.0,14.71,land,,,,148878.31,
9T3R2P,"Thửa 199 - tờ 96, Lô số 247 đường số 3 Khu TĐC Ngọc Hiệp, P.Ngọc Hiệp, TP.Nha Trang, Khánh Hòa",4550000.0,47.0,land,,,,96808.51,
0Z8NX9,"Thửa 256 - tờ 271, TDP Phước Lộc, đường Vườn Xoài, Xã Phước Đồng, TP.Nha Trang, Khánh Hòa",1500000.0,21.73,land,,,,69028.99,
6SCSJ8,"Thửa 148 - tờ 209, thôn Trung, Xã Vĩnh Phương, TP.Nha Trang, Khánh Hòa",1500000.0,17.92,land,,,,83705.36,
K4APTC,"Thửa 1669 tờ 20-9, đường ĐX 81, P.Định Hoà, TP.Thủ Dầu Một, Bình Dương",8500000.0,16.06,land,,,,529265.26,
YCESGD,"Thửa số 361 tờ số 202, đường An Phú 36, P.An Phú, TP.Thuận An, Bình Dương",2600000.0,40.49,land,,,,64213.39,
UA5GRS,"Thửa số 2047 tờ số 137, đường ĐX 35, P.Phú Mỹ, TP.Thủ Dầu Một, Bình Dương",3790000.0,22.92,land,,,,165357.77,
9M5X8P,"P.Lộc Phát, TP.Bảo Lộc, Lâm Đồng",1300000.0,4.86,land,,,,267489.71,
QDA3DU,"Lê Hồng Phong, P.Phước Long, TP.Nha Trang, Khánh Hòa",3500000.0,56.45,land,,,,62001.77,
1S7MM6,"Thửa 855 - tờ 8 đường Hương Lộ 39, thôn Tân Khánh, Xã Suối Tiên, H.Diên Khánh, Khánh Hòa",3200000.0,7.64,land,,,,418848.17,
ACWNZY,"Thửa 2388 - tờ 121, đường ĐX 120, P.Tân An, TP.Thủ Dầu Một, Bình Dương",1450000.0,15.84,land,,,,91540.4,
AK864Y,"Thửa 1284 tờ 13, Đường ĐX 48, Xã Phú An, TP.Bến Cát, Bình Dương",1550000.0,10.03,land,,,,154536.39,
2XMD2Z,"Thửa số 2286 - tờ 97, đường Lê Chí Dân, P.Tương Bình Hiệp, TP.Thủ Dầu Một, Bình Dương",1950000.0,19.67,land,,,,99135.74,
490ZVF,"Thửa 869 - tờ 133 Thôn Thượng, Xã Diên Lâm, H.Diên Khánh, Khánh Hòa",1400000.0,3.5,land,,,,400000.0,
UY71YS,"Thửa 923 tờ 12, đường Trần Văn Giàu, P.5, TP.Trà Vinh, Trà Vinh",2900000.0,23.18,land,,,,125107.85,
6Y7XX8,"ĐH 703, Xã Định Thành, H.Dầu Tiếng, Bình Dương",950.0,4.11,land,,,,231.14,
3DR2HQ,"Xã Bình Minh, TP.Tây Ninh, Tây Ninh",985.0,1.86,land,,,,529.57,
5HUPX7,"đường Nguyễn Chí Thanh, P.Hiệp An, TP.Thủ Dầu Một, Bình Dương",2200000.0,12.4,land,,,,177419.35,
CWVH2B,"hẻm đường ĐX 142, P.Tương Bình Hiệp, TP.Thủ Dầu Một, Bình Dương",1900000.0,14.78,land,,,,128552.1,
85BAE3,"Thửa 257 - tờ 271, TDP Phước Lộc, đường Vườn Xoài, Xã Phước Đồng, TP.Nha Trang, Khánh Hòa",1980000.0,21.97,land,,,,90122.89,
CWP8PB,"Thửa 611 - tờ 32, đường D5, P.Khánh Bình, TP.Tân Uyên, Bình Dương",2990000.0,29.9,land,,,,100000.0,
7KB19A,"Thửa 573 - tờ 269, đường Thái Khanh, thôn Phước Hạ, Xã Phước Đồng, TP.Nha Trang, Khánh Hòa",3300000.0,27.13,land,,,,121636.56,
6S43B8,"đường T11, TDP Phước Hạ, Xã Phước Đồng, TP.Nha Trang, Khánh Hòa",1800000.0,20.93,land,,,,86000.96,
RGGVVJ,"Thửa 555 - tờ 30, đường Phạm Thị Tân, P.Hiệp Thành, TP.Thủ Dầu Một, Bình Dương",5400000.0,42.92,land,,,,125815.47,
6UDRQ8,"Thửa 359 - tờ 31 hẻm 99 Đường Lê Hồng Phong, P.Phú Lợi, TP.Thủ Dầu Một, Bình Dương",2500000.0,23.85,land,,,,104821.8,
85RX63,"Thửa 1665 - tờ 65 đường ĐX 071, P.Định Hoà, TP.Thủ Dầu Một, Bình Dương",1750000.0,20.71,land,,,,84500.24,
QA0N6U,"Thửa 1998 - tờ 289 đường Huỳnh Văn Luỹ, P.Phú Mỹ, TP.Thủ Dầu Một, Bình Dương",2290000.0,19.47,land,,,,117616.85,
2M72VZ,"Thửa 252 - tờ 250, thôn Phước Tân hẻm Hoàng Minh Thảo, Xã Phước Đồng, TP.Nha Trang, Khánh Hòa",2100000.0,26.05,land,,,,80614.2,
G1AE42,"P.Thái Hòa, TX.Tân Uyên, Bình Dương",1880000.0,3.57,land,,,,526610.64,
ACPA8Y,"Thửa 518 - tờ 275 đường T11, TDP Phước Hạ, Xã Phước Đồng, TP.Nha Trang, Khánh Hòa",1780000.0,21.3,land,,,,83568.08,
37C5GQ,"Thửa 1122 - tờ 58, Hẻm 269 Nguyễn Thị Minh Khai, P.Phú Hòa, TP.Thủ Dầu Một, Bình Dương",2450000.0,25.41,land,,,,96418.73,
7KEC3A,"Thửa 20 - tờ 1612, đường số 2, P.Tương Bình Hiệp, TP.Thủ Dầu Một, Bình Dương",3650000.0,19.69,land,,,,185373.29,
YBBW5D,"Thửa 156 - Tờ 86 Tỉnh Lộ 664, Xã Ia Khai, H.Ia Grai, Gia Lai",1500000.0,2.63,land,,,,570342.21,
SY72B5,"Thửa 2024 tờ số 350, đường Đồng Cây Viết, P.Phú Mỹ, TP.Thủ Dầu Một, Bình Dương",4990000.0,60.48,land,,,,82506.61,
EP1W04,"Xã Tân Thành, TP.Đồng Xoài, Bình Phước",612.0,0.87,land,,,,703.45,
QHR36U,"34A Phú Riềng Đỏ, P.Tân Đồng, TP.Đồng Xoài, Bình Phước",3050000.0,6.22,land,,,,490353.7,
UK4ZMS,"Thửa 1841 - Tờ 6 Nguyễn Văn Nhâm, Xã Nhơn Thạnh Trung, TP.Tân An, Long An",950.0,5.9,land,,,,161.02,
1UF2B6,"Thửa 1582 - tờ 91 đường Lê Chí Dân, P.Tương Bình Hiệp, TP.Thủ Dầu Một, Bình Dương",2690000.0,32.72,land,,,,82212.71,
K4PF5C,"Thửa 61 - tờ 95, đường Ba vì, P.10, TP.Vũng Tàu, BRVT",35000000.0,116.66,land,,,,300017.14,
RP236J,"Thửa số 1718 tờ số 12-9, đường ĐX 46, P.Phú Mỹ, TP.Thủ Dầu Một, Bình Dương",4800000.0,18.3,land,,,,262295.08,
9MS1SP,"Xã Tam Phước, TP.Biên Hòa, Đồng Nai",909.0,9.09,land,,,,100.0,
SDJSF5,"Thửa 494 - tờ 275, thôn Phước Hạ hẻm Bình Hoà, Xã Phước Đồng, TP.Nha Trang, Khánh Hòa",1550000.0,20.8,land,,,,74519.23,
85AD23,"Thửa 146 - tờ 15, đường 30/4, P.Phú Thọ, TP.Thủ Dầu Một, Bình Dương",4500000.0,26.83,land,,,,167722.7,
6Y47V8,"Thửa 115 - tờ 91 Lô 70.49 khu đô thị phía Tây, P.Thanh Bình, TP.Hải Dương, Hải Dương",2800000.0,42.55,land,,,,65804.94,
5BPTF7,"P.Tân Đồng, TP.Đồng Xoài, Bình Phước",1150000.0,0.83,land,,,,1385542.17,
7BP0UA,"Thửa 708 - tờ 6 Thôn Khánh Xuân, Xã Diên Lâm, H.Diên Khánh, Khánh Hòa",2100000.0,0.25,land,,,,8400000.0,
37YKSQ,"Thửa 220 - tờ 20, đường số 63, P.Phú Tân, TP.Thủ Dầu Một, Bình Dương",2700000.0,18.0,land,,,,150000.0,
CF9RAB,"Thửa 552 - tờ 30 Phạm Thị Tân, P.Phú Lợi, TP.Thủ Dầu Một, Bình Dương",3850000.0,42.58,land,,,,90418.04,
PTM8YG,"Thửa 1642 tờ 111 đường ĐX 002,, P.Phú Mỹ, TP.Thủ Dầu Một, Bình Dương",2900000.0,45.81,land,,,,63304.96,
AKAFGY,"Thửa 79 tờ 32, hẻm 20 đường Đặng Văn Truyện, P.5, TP.Tân An, Long An",850.0,3.45,land,,,,246.38,
6UMUY8,"Thửa 341 tờ 25, Kp Ninh Lợi, P.Ninh Thạnh, TP.Tây Ninh, Tây Ninh",2940000.0,8.44,land,,,,348341.23,
RGWPXJ,"Thửa 4486 - tờ 65 Chợ Chiều, Thôn Phú Ân Nam 1, Xã Diên An, H.Diên Khánh, Khánh Hòa",1500000.0,24.35,land,,,,61601.64,
37MBRQ,"đường Châu Thị Kim, P.7, TP.Tân An, Long An",750.0,9.12,land,,,,82.24,
ACNNWY,"Thửa 29+30+32+68+69+70 - tờ 39 đường Hùng Vương, Xã Vĩnh Thanh, H.Nhơn Trạch, Đồng Nai",68200000.0,16.99,land,,,,4014125.96,
37JAPQ,"hẻm đường Gò Găng, thôn Vĩnh Điềm Trung, Xã Vĩnh Hiệp, TP.Nha Trang, Khánh Hòa",3050000.0,32.1,land,,,,95015.58,
ACE4FY,"Thửa 746 - tờ 11, đường Huỳnh Văn Luỹ, P.Phú Lợi, TP.Thủ Dầu Một, Bình Dương",2950000.0,21.22,land,,,,139019.79,
DEKUAH,"Thửa 723 tờ 28, Võ Dõng, Xã Vĩnh Trung, TP.Nha Trang, Khánh Hòa",2100000.0,19.66,land,,,,106815.87,
AKMS2Y,"Thửa 2282 tờ 315, Đường ĐX 20, P.Chánh Mỹ, TP.Thủ Dầu Một, Bình Dương",3300000.0,22.19,land,,,,148715.64,
Q7HXVU,"Thửa 2219 - tờ 296, DX08, P.Phú Mỹ, TP.Thủ Dầu Một, Bình Dương",3650000.0,21.01,land,,,,173726.8,
4R49XF,"Thửa 4579 tờ 51, Khu phố Thắng Lợi 2, P.Dĩ An, TP.Dĩ An, Bình Dương",3850000.0,54.53,land,,,,70603.34,
EP1GT4,"Xã Long Tân, Đất Đỏ, BRVT",777.2,3.7,land,,,,210.05,
G179G2,"P.Trường An, TP.Vĩnh Long, Vĩnh Long",4500000.0,15.33,land,,,,293542.07,
EPV1Q4,"365 Nguyễn Hữu Trí, P.Vĩnh Ngươn, TP.Châu Đốc, An Giang",1200000.0,15.0,land,,,,80000.0,
PNM1AG,"Thửa 3671 - tờ 92, đường Lê Chí Dân, P.Tân An, TP.Thủ Dầu Một, Bình Dương",3680000.0,30.69,land,,,,119908.77,
K4K00C,"Thửa 12 tờ 67, đường Châu Văn Giác, P.4, TP.Tân An, Long An",6600000.0,48.7,land,,,,135523.61,
353A7Q,"1216/48 đường 30 tháng 4, P.12, TP.Vũng Tàu, BRVT",2470000.0,31.58,land,,,,78214.06,
7HXQUA,"Thửa 1045 tờ DC 50 (05), đường số 3, P.Bình Hòa, TP.Thuận An, Bình Dương",3950000.0,48.76,land,,,,81009.02,
SC9NA5,"P.Mỹ Hòa, TP.Long Xuyên, An Giang",1340000.0,4.01,land,,,,334164.59,
E9BAN4,"Thôn Phú Ân Nam 3, Xã Diên An, H.Diên Khánh, Khánh Hòa",1300000.0,19.14,land,,,,67920.59,
YEM0TD,"Thửa 2293 - tờ 7 QL 17, Xã Linh Sơn, TP.Thái Nguyên, Thái Nguyên",2500000.0,14.75,land,,,,169491.53,
CFCA5B,"Thửa 33 tờ 18, đường Từ Dũ, P.Vĩnh Quang, TP.Rạch Giá, Kiên Giang",1900000.0,13.32,land,,,,142642.64,
UA6E4S,"Thửa 1794 tờ 174, Đường số 2, P.An Bình, TP.Dĩ An, Bình Dương",6800000.0,106.25,land,,,,64000.0,
PZ99UG,"Thửa 177 - tờ 37 đường số 7, P.Chánh Nghĩa, TP.Thủ Dầu Một, Bình Dương",10800000.0,77.58,land,,,,139211.14,
428S6F,"Thửa 56 - tờ QH-38 Lô 56.100 Khu đô thị mới phía Tây, P.Tứ Minh, TP.Hải Dương, Hải Dương",3550000.0,67.12,land,,,,52890.35,
WPYT0R,"thôn Phước Hạ, Xã Phước Đồng, TP.Nha Trang, Khánh Hòa",1980000.0,13.3,land,,,,148872.18,
2M1EXZ,"Thửa 1257 - tờ 19 đường N14, P.Hòa Lợi, TP.Bến Cát, Bình Dương",3300000.0,11.93,land,,,,276613.58,
UYHH3S,"Thửa 1725 - tờ 91 đường ĐT 748, P.An Điền, TP.Bến Cát, Bình Dương",18400000.0,4.48,land,,,,4107142.86,
QAS1JU,"Thửa 258 tờ 16, Trần Văn Hiển, Xã Trung An, TP.Mỹ Tho, Tiền Giang",2100000.0,19.53,land,,,,107526.88,
7HU2WA,"Thửa 1023 tờ 9, đường An Tây 010, P.An Tây, TP.Bến Cát, Bình Dương",1180000.0,5.09,land,,,,231827.11,
3DP4TQ,"755 Khu 3b hóc đài, Xã Hy Cương, TP.Việt Trì, Phú Thọ",1450000.0,15.18,land,,,,95520.42,
UK0YAS,"56 P.Hà Phong, TP.Hạ Long, Quảng Ninh",2090000.0,18.82,land,,,,111052.07,
1743N6,"P.Hồng Hải, TP.Hạ Long, Quảng Ninh",2500000.0,32.63,land,,,,76616.61,
WZ8UYR,"4 Ngõ 53, P.Thịnh Lang, TP.Hòa Bình, Hoà Bình",4050000.0,11.86,land,,,,341483.98,
7KV49A,"thôn Phước Hạ, Xã Phước Đồng, TP.Nha Trang, Khánh Hòa",1880000.0,12.46,land,,,,150882.83,
402XXF,"Thửa 2813 - tờ 11, Khu phố Đông A, đường Nguyễn Hữu Cảnh, P.Đông Hòa, TP.Dĩ An, Bình Dương",23500000.0,41.06,land,,,,572333.17,
9TXMYP,"Thửa 2496 - tờ 27, Khu đô thị Mỹ Phước 3, đường DJ5, P.Thới Hòa, TP.Bến Cát, Bình Dương",8800000.0,29.33,land,,,,300034.09,
UD692S,"Thửa 180 - tờ 31 Hàn Quốc (đường Namyangju Dasan), Khối 5, P.Quán Bàu, TP.Vinh, Nghệ An",3500000.0,36.45,land,,,,96021.95,
JZTPX0,"Thửa 283 - Tờ 20 Ấp Bến Rộng, Xã Thạnh Đức, H.Gò Dầu, Tây Ninh",485.0,2.93,land,,,,165.53,
9T88AP,"9/3 Củ Chi, P.Vĩnh Hải, TP.Nha Trang, Khánh Hòa",13200000.0,42.87,land,,,,307907.63,
EJFKT4,"Thửa 605 tờ 34, đường Cây Thông Trong, Xã Cửa Dương, TP.Phú Quốc, Kiên Giang",1650000.0,8.25,land,,,,200000.0,
AKMANY,"Thửa 3627 tờ 15, đường DT748, Xã Phú An, TP.Bến Cát, Bình Dương",3900000.0,13.27,land,,,,293896.01,
QKWGGU,"Thửa 2298 - tờ 13 hẻm đường Đồng Khởi, Thôn Đại Điền Đông 1, Xã Diên Điền, H.Diên Khánh, Khánh Hòa",1250000.0,12.81,land,,,,97580.02,
2VSP1Z,"Thửa 8842 - Tờ 3 đường số 4, Khu Dân cư Green City, P.6, TP.Tân An, Long An",4000000.0,25.25,land,,,,158415.84,
ACHX8Y,"Thửa 24 tờ 44, đường Mỹ Xuân - Ngãi Giao, P.Hắc Dịch, TP.Phú Mỹ, BRVT",6300000.0,10.04,land,,,,627490.04,
02F149,"Thửa 6201 tờ 1610, đường ĐX 146, P.Tương Bình Hiệp, TP.Thủ Dầu Một, Bình Dương",1580000.0,17.85,land,,,,88515.41,
6UJTY8,"Thửa 13 tờ 16, Đường Điện Biên Phủ, P.Ninh Thạnh, TP.Tây Ninh, Tây Ninh",1700000.0,14.5,land,,,,117241.38,
8S0EB3,"Thửa 2344 tờ 65, Đường Bình Nhâm 90, P.Bình Nhâm, TP.Thuận An, Bình Dương",3500000.0,22.84,land,,,,153239.93,
8YFMU3,"113 Quốc lộ 6, P.Kỳ Sơn, TP.Hòa Bình, Hoà Bình",1810000.0,3.89,land,,,,465295.63,
QYAXEU,"Thửa 2124 - tờ 3 thôn Thanh Minh 3, Xã Diên Lạc, H.Diên Khánh, Khánh Hòa",1570000.0,13.01,land,,,,120676.4,
DBEXXH,"Thửa số 1790 - tờ 4 , đường Bình Nhâm 03, P.Bình Nhâm, TP.Thuận An, Bình Dương",4380000.0,22.81,land,,,,192021.04,
C9EFWB,"Thôn 3013 - tờ 2 đường Cây Duối, thôn Phú Ân Nam 3, Xã Diên An, H.Diên Khánh, Khánh Hòa",1550000.0,22.01,land,,,,70422.54,
PV7TXG,"Xã Tịnh Ấn Đông, TP.Quảng Ngãi, Quảng Ngãi",333.0,2.05,land,,,,162.44,
7EP5FA,"568A Văn Ngọc Chính, P.10, TP.Sóc Trăng, Sóc Trăng",2900000.0,2.38,land,,,,1218487.39,
6A4HZ8,"402 Phan Đình Phùng, P.Lộc Tiến, TP.Bảo Lộc, Lâm Đồng",1040000.0,9.25,land,,,,112432.43,
UHQ7PS,"Thửa 263 - tờ 116 thôn Đồng Trăn 1, Xã Xuân Đồng, H.Diên Khánh, Khánh Hòa",650.0,4.0,land,,,,162.5,
PXU3SG,"Thửa 620 - tờ 11 Tổ DP Phú Lộc Tây 2, TT.Diên Khánh, H.Diên Khánh, Khánh Hòa",1200000.0,17.02,land,,,,70505.29,
1UR2K6,"Thửa 1191 - tờ 68 thôn An Ninh, Xã Diên An, H.Diên Khánh, Khánh Hòa",1130000.0,15.5,land,,,,72903.23,
5HZ147,"thôn An Ninh, Xã Diên An, H.Diên Khánh, Khánh Hòa",1130000.0,15.5,land,,,,72903.23,
ERZWP4,"Thửa 1906 - tờ 312 đường ĐX 019, P.Phú Mỹ, TP.Thủ Dầu Một, Bình Dương",6100000.0,17.99,land,,,,339077.27,
ACN8GY,"thôn An Ninh, Xã Diên An, H.Diên Khánh, Khánh Hòa",1160000.0,15.49,land,,,,74887.02,
6SJZY8,"Thửa 1189 - tờ 68 thôn An Ninh, Xã Diên An, H.Diên Khánh, Khánh Hòa",1170000.0,15.5,land,,,,75483.87,
SD2M35,"thôn An Ninh, Xã Diên An, H.Diên Khánh, Khánh Hòa",1150000.0,16.5,land,,,,69696.97,
QAPNVU,"thôn An Ninh, Xã Diên An, H.Diên Khánh, Khánh Hòa",1140000.0,16.5,land,,,,69090.91,
1UE826,"Thửa 257 - tờ 260 đường Hoàng Minh Thảo, thôn Phước Lộc, Xã Phước Đồng, TP.Nha Trang, Khánh Hòa",3000000.0,20.25,land,,,,148148.15,
855KX3,"đường D10, Xã Trừ Văn Thố, H.Bàu Bàng, Bình Dương",585.0,7.8,land,,,,75.0,
3HR41Q,"Thửa 438 - tờ 1 Ngõ 4 Trương Hán Siêu, P.Nhị Châu, TP.Hải Dương, Hải Dương",1750000.0,23.2,land,,,,75431.03,
7EYW4A,"Thửa 3770 - Tờ 4 đường Bờ Cỏ Sả, Ấp Đông, Xã Kim Sơn, H.Châu Thành, Tiền Giang",300.0,2.58,land,,,,116.28,
379NAQ,"thôn An Ninh, Xã Diên An, H.Diên Khánh, Khánh Hòa",1180000.0,15.49,land,,,,76178.18,
6SJ268,"thôn An Ninh, Xã Diên An, H.Diên Khánh, Khánh Hòa",1160000.0,15.5,land,,,,74838.71,
YBX87D,"thôn An Ninh, Xã Diên An, H.Diên Khánh, Khánh Hòa",1150000.0,15.5,land,,,,74193.55,
9TYBCP,"thôn An Ninh, Xã Diên An, H.Diên Khánh, Khánh Hòa",1170000.0,16.49,land,,,,70952.09,
CWP69B,"Thửa 1893 - tờ 81, đường Đông Minh, P.Đông Hòa, TP.Dĩ An, Bình Dương",4450000.0,59.49,land,,,,74802.49,
AKA8AY,"Thửa 125 tờ 36, Mỹ Xuân - Ngãi Giao, P.Hắc Dịch, TP.Phú Mỹ, BRVT",5800000.0,6.23,land,,,,930979.13,
1QDU16,"Thửa 601 - tờ 20 đường DH 609, Xã Phú An, TP.Bến Cát, Bình Dương",8000000.0,14.06,land,,,,568990.04,
8YW2V3,"Xã Phước Thạnh, TP.Mỹ Tho, Tiền Giang",435.7,2.06,land,,,,211.5,
YEEAXD,"Thửa 45 - tờ 10 Thanh niên, Thôn Thanh Tân, Xã Tam Thanh, TP.Tam Kỳ, Quảng Nam",5000000.0,7.42,land,,,,673854.45,
RGCRMJ,"hẻm 76 Châu Văn Bảy, P.7, TP.Tân An, Long An",1550000.0,9.1,land,,,,170329.67,
PNE0KG,"thôn Võ Cạnh, Xã Vĩnh Trung, TP.Nha Trang, Khánh Hòa",1780000.0,17.76,land,,,,100225.23,
J2ZAB0,"Thửa 174 - tờ 125, hẻm 86 Nguyễn An Ninh, P.7, TP.Vũng Tàu, BRVT",6800000.0,62.73,land,,,,108401.08,
KFFGJC,"Phúc An Garden, đường D8, Xã Trừ Văn Thố, H.Bàu Bàng, Bình Dương",575.0,7.66,land,,,,75.07,
6SQ2F8,"Thửa 8127 tờ 31, Khu đô thị 5A, P.4, TP.Sóc Trăng, Sóc Trăng",4900000.0,20.08,land,,,,244023.9,
5B9UZ7,"2a Hẽm 1, P.Mỹ Bình, TP.Long Xuyên, An Giang",3240000.0,21.08,land,,,,153700.19,
G17WJ2,"41 P.Vàng Danh, TP.Uông Bí, Quảng Ninh",353.0,2.11,land,,,,167.3,
5K9C67,"Thửa 558 - tờ 8 QL27C, Xã Diên Hòa, H.Diên Khánh, Khánh Hòa",9500000.0,9.04,land,,,,1050884.96,
85BV73,"Thôn Hòn Nghê 2, đường Trạm Điện, Xã Vĩnh Ngọc, TP.Nha Trang, Khánh Hòa",2850000.0,31.45,land,,,,90620.03,
CWJ0CB,"Thửa 144 - tờ 57, đường số 51, P.Phú Tân, TP.Thủ Dầu Một, Bình Dương",3300000.0,33.0,land,,,,100000.0,
6UPU48,"Thửa 2343 tờ 3, Khu phố Hưng Phước, P.Hưng Định, TP.Thuận An, Bình Dương",3250000.0,30.09,land,,,,108009.31,
AE78KY,"Thửa 3519 - tờ 109 Khu phố Đông Chiêu, P.Dĩ An, TP.Dĩ An, Bình Dương",3990000.0,24.05,land,,,,165904.37,
AEV80Y,"Thửa 59 - tờ 47 Tô Hiến Thành, P.Xuân Hoà, TP.Phúc Yên, Vĩnh Phúc",3300000.0,26.4,land,,,,125000.0,
E0J6C4,"Thửa 163 - Tờ 11 đường An Thạnh, Xã Hòa Phú, H.Châu Thành, Long An",650.0,5.13,land,,,,126.71,
5BPYM7,"Xã Lộc Châu, TP.Bảo Lộc, Lâm Đồng",1000000.0,3.04,land,,,,328947.37,
EPV5D4,"116 Thôn Đồng Mơ, Xã Vũ Oai, TP.Hạ Long, Quảng Ninh",2960000.0,3.58,land,,,,826815.64,
UYNEUS,"đường Lê Văn Tám, P.Phước Long, TP.Nha Trang, Khánh Hòa",8500000.0,61.86,land,,,,137407.05,
0Z51N9,"thôn Phú Trung, Xã Vĩnh Thạnh, TP.Nha Trang, Khánh Hòa",1590000.0,22.33,land,,,,71204.66,
8DR263,"Thửa 365 - tờ 67 Lô 17.13 KĐT phía Tây, P.Tứ Minh, TP.Hải Dương, Hải Dương",3250000.0,41.7,land,,,,77937.65,
3HRB8Q,"Thửa 2300 - tờ 13 hẻm đường Đồng Khởi, Thôn Đại Điền Đông 1, Xã Diên Điền, H.Diên Khánh, Khánh Hòa",1270000.0,12.99,land,,,,97767.51,
C9M2HB,"Thửa 2299 - tờ 13 hẻm đường Đồng Khởi, Thôn Đại Điền Đông 1, Xã Diên Điền, H.Diên Khánh, Khánh Hòa",1270000.0,12.99,land,,,,97767.51,
2MEY7Z,"Thôn Vĩnh Cát, P.Tân Tiến, TP.Nha Trang, Khánh Hòa",590.0,8.33,land,,,,70.83,
1UQHB6,"Thửa 227 tờ 380, Thôn Vĩnh Phú, Xã Suối Tân, H.Cam Lâm, Khánh Hòa",1440000.0,8.88,land,,,,162162.16,
1QNDJ6,"Thửa 309 tờ 25, đường số 71, P.Phú Tân, TP.Thủ Dầu Một, Bình Dương",2500000.0,25.0,land,,,,100000.0,
AFPXZY,"Thửa 2297 - tờ 13 hẻm đường Đồng Khởi, Thôn Đại Điền Đông 1, Xã Diên Điền, H.Diên Khánh, Khánh Hòa",1250000.0,12.35,land,,,,101214.57,
1ABJ46,"Thửa 2296 - tờ 13 hẻm đường Đồng Khởi, Thôn Đại Điền Đông 1, Xã Diên Điền, H.Diên Khánh, Khánh Hòa",1270000.0,11.83,land,,,,107354.18,
4GWM7F,"Thửa 534 - Tờ 99 đường D11, Xã Mỹ Phong, TP.Mỹ Tho, Tiền Giang",1290000.0,13.0,land,,,,99230.77,
QKWP3U,"Thửa 2294 - tờ 13 hẻm đường Đồng Khởi, Thôn Đại Điền Đông 1, Xã Diên Điền, H.Diên Khánh, Khánh Hòa",1320000.0,11.41,land,,,,115687.99,
GMJ392,"Thửa 797 - tờ 24 Họa Mi, P.Thành Tâm, TX.Chơn Thành, Bình Phước",850.0,3.51,land,,,,242.17,
SH0YR5,"Thửa 1689 - tờ 128 khu phố Đông Tác, P.Dĩ An, TP.Dĩ An, Bình Dương",4000000.0,42.5,land,,,,94117.65,
8YFM53,"71 Ngõ 50, P.Thịnh Lang, TP.Hòa Bình, Hoà Bình",2350000.0,13.8,land,,,,170289.86,
KWJDUC,"Thửa 564 - tờ 66 thôn Trung, Xã Vĩnh Phương, TP.Nha Trang, Khánh Hòa",10400000.0,15.71,land,,,,661998.73,
7CE8GA,"Thửa 69 - Tờ 4-18, Hẻm 57 Lương Văn Chấn, P.Khánh Hậu, TP.Tân An, Long An",680.0,8.16,land,,,,83.33,
QAJCRU,"Thửa 235 - Tờ 98 hẻm Đường Dọc Kênh Nổi, Xã Tân Mỹ Chánh, TP.Mỹ Tho, Tiền Giang",650.0,7.54,land,,,,86.21,
GM8FP2,"Thửa 2866 - tờ 2 đường số 16, KĐT Phú Ân Nam 2, Xã Diên An, H.Diên Khánh, Khánh Hòa",3500000.0,29.16,land,,,,120027.43,
3DRNDQ,"Xã Tiến Thành, TP.Đồng Xoài, Bình Phước",1000000.0,7.09,land,,,,141043.72,
65S6G8,"Thửa 295 - tờ 74 Hẻm Nguyễn Thái Bình, Xã Hòa Thắng, TP.Buôn Ma Thuột, Đắk Lắk",1150000.0,8.62,land,,,,133410.67,
Q7CPPU,"Thửa 338 - tờ 31 hẻm 99 Đường Lê Hồng Phong, P.Phú Lợi, TP.Thủ Dầu Một, Bình Dương",2500000.0,28.24,land,,,,88526.91,
SC9VH5,"Xã Tiến Thành, TP.Đồng Xoài, Bình Phước",1100000.0,6.66,land,,,,165165.17,
WZ39ZR,"8 Lý Thường Kiệt, P.Cửa Ông, Cửa Ông, Quảng Ninh",6200000.0,25.86,land,,,,239752.51,
3DWMCQ,"62 Tôn Thất Tùng, P.Đồng Tiến, TP.Hòa Bình, Hoà Bình",1660000.0,7.35,land,,,,225850.34,
02YKU9,"Thửa 947 tờ 14, đường D9, P.Tân Định, TP.Bến Cát, Bình Dương",1450000.0,11.78,land,,,,123089.98,
ABZB7Y,"Thửa 216 - Tờ 14 Thôn Trại Cài, Xã Minh Lập, H.Đồng Hỷ, Thái Nguyên",1130000.0,5.77,land,,,,195840.55,
ABT9KY,"Thôn 536 - tờ 26 thôn Quang Thạnh, Xã Diên Lạc, H.Diên Khánh, Khánh Hòa",990.0,11.34,land,,,,87.3,
PXN06G,"Thửa 396 - tờ 2 thôn Thái Thông, Xã Vĩnh Thái, TP.Nha Trang, Khánh Hòa",4220000.0,49.82,land,,,,84704.94,
421U8F,"Thôn An Mỹ, Xã Vinh An, H.Phú Vang, Thừa Thiên Huế",500.0,2.5,land,,,,200.0,
K0T6PC,"Thửa 2295 - tờ 13 hẻm đường Đồng Khởi, Thôn Đại Điền Đông 1, Xã Diên Điền, H.Diên Khánh, Khánh Hòa",1300000.0,11.48,land,,,,113240.42,
JNQQ30,"12 Thôn Đà Trung, Xã Quảng Minh, TX.Sầm Sơn, Thanh Hóa",1400000.0,11.2,land,,,,125000.0,
49DDZF,"Thửa 142 - Tờ 40 LK20-10, Khu đô thị sinh thái Bắc Đầm Vạc, P.Đống Đa, TP.Vĩnh Yên, Vĩnh Phúc",6250000.0,52.08,land,,,,120007.68,
CW38HB,"đường Ngọc Sơn, P.Ngọc Hiệp, TP.Nha Trang, Khánh Hòa",2800000.0,21.57,land,,,,129809.92,
7BBZWA,"Thửa 457 - tờ 138 số 6 Phú Đức, P.Vĩnh Hải, TP.Nha Trang, Khánh Hòa",4500000.0,104.65,land,,,,43000.48,
SHR4M5,"Thửa 1206 - Tờ 68 Thôn An Ninh, TT.Diên Khánh, H.Diên Khánh, Khánh Hòa",1050000.0,14.93,land,,,,70328.2,
1U75S6,"Thửa 78 - tờ 1612, đường số 2, P.Tương Bình Hiệp, TP.Thủ Dầu Một, Bình Dương",3150000.0,15.47,land,,,,203619.91,
3D1EFQ,"Thửa 983 - tờ 68 Khu phố Trung Thắng, P.Bình Thắng, TP.Dĩ An, Bình Dương",5950000.0,30.05,land,,,,198003.33,
SCD6P5,"Thửa 2382 - tờ 11 Nguyễn Thị Út, P.Đông Hòa, TP.Dĩ An, Bình Dương",11700000.0,51.04,land,,,,229231.97,
QYDHNU,"Thửa 670-Tờ 49 + Thửa 678-Tờ 49 + Thửa 679-Tờ 49 Ấp Phú Xuân 2, Xã Phú Ngãi Trị, H.Châu Thành, Long An",1290000.0,0.98,land,,,,1316326.53,
3D736Q,"Thửa 1367 - tờ 133 Lạc Long Quân, P.Khai Quang, TP.Vĩnh Yên, Vĩnh Phúc",6580000.0,76.86,land,,,,85610.2,
G174W2,"274, TĐB số 40 Thôn Bằng Xăm, P.Hoành Bồ, TP.Hạ Long, Quảng Ninh",1880000.0,8.61,land,,,,218350.75,
QASVRU,"67 Mê Linh, P.Tân Tiến, TP.Nha Trang, Khánh Hòa",12500000.0,226.16,land,,,,55270.6,
D44KCH,"Thửa 1558 - tờ 20 hẻm 184 Giải Phóng, P.Tân Lợi, TP.Buôn Ma Thuột, Đắk Lắk",3490000.0,31.84,land,,,,109610.55,
5BP197,"Xã Tiến Thành, TP.Đồng Xoài, Bình Phước",1200000.0,6.68,land,,,,179640.72,
6AFZE8,"Xã Tiến Thành, TP.Đồng Xoài, Bình Phước",1200000.0,7.09,land,,,,169252.47,
5BP1J7,"Xã Tiến Thành, TP.Đồng Xoài, Bình Phước",1100000.0,6.41,land,,,,171606.86,
KJXS2C,"Xã Tiến Thành, TP.Đồng Xoài, Bình Phước",1100000.0,6.35,land,,,,173228.35,
6AFZ78,"Xã Tiến Thành, TP.Đồng Xoài, Bình Phước",1100000.0,6.88,land,,,,159883.72,
656WB8,"Thửa 489 - Tờ 17 đường số 40, P.Ninh Thạnh, TP.Tây Ninh, Tây Ninh",2400000.0,9.16,land,,,,262008.73,
UD7G3S,"Thửa 184 - Tờ 69, Hẻm Bùi Viện, P.Vĩnh Lợi, TP.Rạch Giá, Kiên Giang",400.0,3.2,land,,,,125.0,
GX95P2,"Thửa 68 - Tờ 24 Dương Khuê, P.Phủ Hà, TP.Phan Rang-Tháp Chàm, Ninh Thuận",2800000.0,34.56,land,,,,81018.52,
7KS12A,"Thửa 55 - Tờ 55 Nguyễn Hồng Sến, P.3, TP.Tân An, Long An",1100000.0,12.22,land,,,,90016.37,
UK075S,"Xã Mỹ Tân, H.Cao Lãnh, Đồng Tháp",570.0,2.98,land,,,,191.28,
3DWW8Q,"xóm Thái Sơn 2, Xã Quyết Thắng, TP.Thái Nguyên, Thái Nguyên",4500000.0,16.42,land,,,,274056.03,
YEE7ND,"Thửa 1739 - Tờ 3, Hẻm 191 Phạm Văn Ngộ, P.Tân Khánh, TP.Tân An, Long An",500.0,4.65,land,,,,107.53,
SHHPK5,"Thửa 62 - Tờ 3 Lê Văn Kiệt, P.6, TP.Tân An, Long An",1900000.0,24.67,land,,,,77016.62,
EJC304,"Thửa 1813 - Tờ 7, hẻm Huỳnh Châu Sổ, P.6, TP.Tân An, Long An",560.0,5.43,land,,,,103.13,
3AJAGQ,"Thửa 1028 - Tờ 50 Khu phố Năm Châu, Xã Bình Đông, TP.Gò Công, Tiền Giang",1600000.0,3.3,land,,,,484848.48,
7CCNJA,"Thửa 1704 - Tờ 3, Hẻm Châu Thị Kim, Xã An Vĩnh Ngãi, TP.Tân An, Long An",890.0,5.92,land,,,,150.34,
65QS58,"Thửa 414 - Tờ 26, Hẻm Đinh Thiếu Sơn, P.7, TP.Tân An, Long An",1230000.0,8.21,land,,,,149817.3,
SH7QT5,"Thửa 1737 - Tờ 32, Hẻm Đặng Văn Truyện, P.5, TP.Tân An, Long An",1150000.0,7.77,land,,,,148005.15,
AC591Y,"Thửa 1027 - Tờ 04 Phan Đăng Lưu, P.Phước Mỹ, TP.Phan Rang-Tháp Chàm, Ninh Thuận",1100000.0,7.28,land,,,,151098.9,
SH2JN5,"Thửa 185+186 - Tờ 75, Hẻm 59 Trần Phong Sắc, P.4, TP.Tân An, Long An",2000000.0,9.36,land,,,,213675.21,
65ACY8,"Thửa 202 - tờ 31 Hàn Mặc Tử, P.7, TP.Vũng Tàu, BRVT",6200000.0,129.16,land,,,,48002.48,
KWF6MC,"Thửa 3380 - Tờ 4, Hẻm 23 Nguyễn Văn Tiếp, P.5, TP.Tân An, Long An",770.0,7.92,land,,,,97.22,
87SVF3,"Thửa 7070 - Tờ 3 số 4, P.6, TP.Tân An, Long An",2400000.0,26.71,land,,,,89853.99,
EJH604,"Thửa 3182- Tờ 3, Hẻm Bùi Tấn, Xã Nhơn Thạnh Trung, TP.Tân An, Long An",630.0,6.28,land,,,,100.32,
QK7JDU,"Thửa 207 - tờ 75 Phạm Văn Diêu, P.Tân Hạnh, TP.Biên Hòa, Đồng Nai",4850000.0,53.88,land,,,,90014.85,
RTQKQJ,"Xã Tiến Thành, TP.Đồng Xoài, Bình Phước",1100000.0,6.2,land,,,,177419.35,
3DRNBQ,"Xã Tiến Thành, TP.Đồng Xoài, Bình Phước",1100000.0,6.27,land,,,,175438.6,
6575N8,"Thửa 286 - Tờ 24, Hẻm Trần Văn Ngàn, Xã Hướng Thọ Phú, TP.Tân An, Long An",450.0,3.71,land,,,,121.29,
8510K3,"Thửa 337 - Tờ 156, Hẻm Nguyễn Đại Thời, P.6, TP.Tân An, Long An",480.0,4.56,land,,,,105.26,
CW9Z4B,"Thửa 721 - tờ 180, Khu dân cư An Thạnh, đường N9, P.An Thạnh, TP.Thuận An, Bình Dương",8900000.0,2.96,land,,,,3006756.76,
1S30Z6,"Thửa 2215 - Tờ 4, Hẻm Lê Minh Xuân, Xã Nhơn Thạnh Trung, TP.Tân An, Long An",760.0,5.32,land,,,,142.86,
CR46MB,"Thửa 196 - Tờ 96 số 14, P.Vĩnh Quang, TP.Rạch Giá, Kiên Giang",1650000.0,16.5,land,,,,100000.0,
SC9D05,"Chi Lăng, P.Phú Hiệp, TP.Huế, Thừa Thiên Huế",2900000.0,19.33,land,,,,150025.87,
3AS94Q,"Thửa 376 - Tờ 65 Khu phố Vĩnh Viễn, P.Vĩnh Hiệp, TP.Rạch Giá, Kiên Giang",500.0,0.88,land,,,,568.18,
0ZER59,"Thửa 223 - Tờ 9 Khu TĐC 47 Nguyễn Trung Trực, P.2, TP.Tuy Hoà, Phú Yên",2000000.0,29.62,land,,,,67521.94,
YE4C6D,"Thửa 3130 - Tờ 3 Lê thị Trâm, Xã Nhơn Thạnh Trung, TP.Tân An, Long An",950.0,4.75,land,,,,200.0,
5KKJR7,"Thửa 9203 - Tờ 3 số 8, P.6, TP.Tân An, Long An",7500000.0,47.34,land,,,,158428.39,
CRWNPB,"22/3 (Thửa 109 - Tờ 159) Phước Long, P.Phước Long, TP.Nha Trang, Khánh Hòa",6200000.0,60.31,land,,,,102802.19,
AC5NSY,"Thửa 51+52 - Tờ 17 Võ Duy Tạo, Xã Lợi Bình Nhơn, TP.Tân An, Long An",2250000.0,7.64,land,,,,294502.62,
9TRZEP,"Thửa 896 - Tờ 2 Võ Tiến Trung, Xã An Vĩnh Ngãi, TP.Tân An, Long An",1700000.0,6.51,land,,,,261136.71,
37V4JQ,"Thửa 931 - Tờ 101 Nguyễn Trung Ngạn, P.An Bình, TP.Rạch Giá, Kiên Giang",1200000.0,11.05,land,,,,108597.29,
R2G57J,"Thửa 96 - Tờ QH Bùi Thị Xuân, P.Mỹ Hải, TP.Phan Rang-Tháp Chàm, Ninh Thuận",3250000.0,40.12,land,,,,81006.98,
UDAJMS,"Thửa 50 - Tờ 22 Phạm Văn Thành, P.Tân Khánh, TP.Tân An, Long An",850.0,3.76,land,,,,226.06,
0ZF8R9,"Thửa 533 - Tờ 13, Hẻm Huỳnh Tấn Phát, P.Vĩnh Hiệp, TP.Rạch Giá, Kiên Giang",1150000.0,14.72,land,,,,78125.0,
PNR1RG,"Thửa 109 - Tờ 29 Diệp Minh Châu, P.Vĩnh Thông, TP.Rạch Giá, Kiên Giang",980.0,8.0,land,,,,122.5,
D44V1H,"Thửa 984 - Tờ 2 Mai Bá Hương, P.5, TP.Tân An, Long An",3570000.0,10.0,land,,,,357000.0,
QY59DU,"Thửa 114 - Tờ 66 Nguyễn Kim Công, P.4, TP.Tân An, Long An",2600000.0,27.71,land,,,,93828.94,
ABD5EY,"Thửa 598 - Tờ 87, Hẻm Châu Thị Kim, Xã An Vĩnh Ngãi, TP.Tân An, Long An",420.0,4.11,land,,,,102.19,
7KQ2JA,"Thửa 4342 - Tờ 1, Hẻm 278 Châu Thị Kim, P.7, TP.Tân An, Long An",1350000.0,11.86,land,,,,113827.99,
85MRK3,"Thửa 1343 - Tờ 5, Hẻm Huỳnh Công Phênh, Xã An Vĩnh Ngãi, TP.Tân An, Long An",650.0,3.79,land,,,,171.5,
7KQ73A,"Thửa 1701 - Tờ 25, Hẻm 368 Châu Thị Kim, P.7, TP.Tân An, Long An",840.0,7.18,land,,,,116.99,
SC9A05,"Xã Lộc Châu, TP.Bảo Lộc, Lâm Đồng",1070000.0,3.17,land,,,,337539.43,
65QWH8,"Thửa 383 - Tờ 2-8, Hẻm Võ Văn Môn, P.4, TP.Tân An, Long An",1350000.0,8.95,land,,,,150837.99,
85VUT3,"Thửa 1505 - Tờ 32, Hẻm 115 Nguyễn Quang Đại, P.5, TP.Tân An, Long An",870.0,6.82,land,,,,127.57,
6SMQY8,"Thửa 4365 - Tờ 1, Hẻm 239 Nguyễn Văn Rành, P.7, TP.Tân An, Long An",1750000.0,11.96,land,,,,146321.07,
5H3PV7,"Thửa 341 - Tờ 3-5, Hẻm 646 Châu Thị Kim, P.7, TP.Tân An, Long An",1150000.0,10.55,land,,,,109004.74,
SHKAX5,"Thửa 273 - Tờ 4, Hẻm Lê Minh Xuân, Xã Nhơn Thạnh Trung, TP.Tân An, Long An",1500000.0,1.61,land,,,,931677.02,
0T2CG9,"Thửa 815 - Tờ 18 Ấp Bình Xuyên, Xã Bình Quới, H.Châu Thành, Long An",440.0,3.78,land,,,,116.4,
R298UJ,"Thửa 3297 - Tờ 3 Đỗ Văn Giàu, P.7, TP.Tân An, Long An",4800000.0,6.36,land,,,,754716.98,
YFZ3BD,"Xã Tiến Thành, TP.Đồng Xoài, Bình Phước",1100000.0,6.59,land,,,,166919.58,
D4CZMH,"Thửa 2848 - Tờ 3, Hẻm Lê Văn Yên, Xã Nhơn Thạnh Trung, TP.Tân An, Long An",800.0,3.77,land,,,,212.2,
GMXKP2,"Thửa 120+121 - Tờ 2-3 Trần Văn Hý, P.3, TP.Tân An, Long An",2500000.0,11.09,land,,,,225428.31,
ABD3HY,"Thửa 2921 - Tờ 3, Hẻm Lê Thị Trâm, Xã Nhơn Thạnh Trung, TP.Tân An, Long An",660.0,3.96,land,,,,166.67,
3769GQ,"Thửa 516 - Tờ 1-9 Lương Văn Chấn, P.Khánh Hậu, TP.Tân An, Long An",1850000.0,10.6,land,,,,174528.3,
KFDJPC,"Thửa 1434 - Tờ 32 Nguyễn Quang Đại, P.5, TP.Tân An, Long An",1700000.0,13.42,land,,,,126676.6,
ACU25Y,"Thửa 1739 - Tờ 5 Đỗ Tường Tự, Xã Bình Tâm, TP.Tân An, Long An",1200000.0,7.65,land,,,,156862.75,
ACUFXY,"Thửa 49 - Tờ 136 số 1, P.Vĩnh Thanh, TP.Rạch Giá, Kiên Giang",1850000.0,20.55,land,,,,90024.33,
2VXDNZ,"Thửa 163 - Tờ 9 DT827A, Xã Hòa Phú, H.Châu Thành, Long An",2950000.0,19.44,land,,,,151748.97,
87QMW3,"Thửa 325 - Tờ 8, Hẻm số 7, P.6, TP.Tân An, Long An",2500000.0,4.77,land,,,,524109.01,
J2WH20,"Thửa 296 - Tờ 205, Hẻm 47 Trương Thị Sáu, P.3, TP.Tân An, Long An",1550000.0,12.22,land,,,,126841.24,
7CKMFA,"Thửa 581 - Tờ 60, Hẻm 12 Triệu Quang Phục, P.2, TP.Sóc Trăng, Sóc Trăng",1590000.0,3.99,land,,,,398496.24,
WP480R,"Thửa 51 - Tờ 34, Hẻm Phan Đăng Lưu, P.Đô Vinh, TP.Phan Rang-Tháp Chàm, Ninh Thuận",1100000.0,5.52,land,,,,199275.36,
ACQENY,"Thửa 207 - Tờ 11 La Sơn Phu Tử, P.Vĩnh Quang, TP.Rạch Giá, Kiên Giang",1370000.0,14.42,land,,,,95006.93,
1SU0G6,"Thửa 162 - Tờ 47 Trần Minh Châu, P.5, TP.Tân An, Long An",15000000.0,10.65,land,,,,1408450.7,
CWYSAB,"Thửa 94 - Tờ 35, Hẻm 76 Tỉnh lộ 827, P.7, TP.Tân An, Long An",2000000.0,10.07,land,,,,198609.73,
5HU2X7,"Thửa 536+537+973 - Tờ 4 Trần Văn Ngà, Xã An Vĩnh Ngãi, TP.Tân An, Long An",4200000.0,3.81,land,,,,1102362.2,
2MV0QZ,"Thửa 56 - tờ 32, đường Phạm Văn Đồng, P.Vĩnh Hải, TP.Nha Trang, Khánh Hòa",200000000.0,330.08,land,,,,605913.72,
YEFNBD,"Thửa 8 - Tờ 1-8 Phạm Văn Thành, P.Tân Khánh, TP.Tân An, Long An",1900000.0,13.37,land,,,,142109.2,
PXD9RG,"Thửa 2977 - Tờ 12 Thôn Khang Bình, Xã Quảng Yên, H.Quảng Xương, Thanh Hóa",700.0,8.66,land,,,,80.83,
ABDNUY,"Thửa 666 - Tờ 6 Ấp Bình An B, Xã Lợi Bình Nhơn, TP.Tân An, Long An",3000000.0,1.45,land,,,,2068965.52,
DE7WTH,"Thửa 143 - Tờ 53, Hẻm 140 Nguyễn Minh Đường, P.4, TP.Tân An, Long An",2450000.0,12.74,land,,,,192307.69,
7CDT4A,"Thửa 386 - Tờ 11 Trần Mai Ninh, P.Vĩnh Quang, TP.Rạch Giá, Kiên Giang",1420000.0,14.94,land,,,,95046.85,
YFZQED,"P.Thới Hòa, TX.Bến Cát, Bình Dương",4600000.0,19.16,land,,,,240083.51,
7CFW5A,"Thửa 962 - Tờ 126 Khu phố Búng Gội, Xã Cửa Dương, TP.Phú Quốc, Kiên Giang",4500000.0,4.5,land,,,,1000000.0,
UDK0TS,"Thửa 230+70+226 - Tờ 158 Nguyễn Văn Chánh, P.6, TP.Tân An, Long An",1350000.0,6.99,land,,,,193133.05,
0ZF5G9,"Thửa 1083 - Tờ 4 Trần Văn Ngà, Xã An Vĩnh Ngãi, TP.Tân An, Long An",2400000.0,9.65,land,,,,248704.66,
RG4PVJ,"Thửa 2369 - Tờ 6 Ấp Bình An B, Xã Lợi Bình Nhơn, TP.Tân An, Long An",1550000.0,1.55,land,,,,1000000.0,
ACQBTY,"Thửa 361 - Tờ 145 Khu Phố bến Tràm, Xã Cửa Dương, TP.Phú Quốc, Kiên Giang",3900000.0,7.8,land,,,,500000.0,
3H5RRQ,"Thửa 5603 - tờ 60 đường số 7, Khu dân cư Nam Long, Xã An Thạnh, H.Bến Lức, Long An",1700000.0,21.25,land,,,,80000.0,
17MN76,"34 đại lộ ĐT741, Xã Phước Hoà, H.Phú Giáo, Bình Dương",360.0,5.14,land,,,,70.04,
8YFJX3,"170 Chu Văn An, P.Xuân Trung, TX.Long Khánh, Đồng Nai",2500000.0,36.44,land,,,,68605.93,
QHR91U,"P.Tân Biên, TP.Biên Hòa, Đồng Nai",4600000.0,24.08,land,,,,191029.9,
9XC4CP,"Phùng Hưng, Xã An Phước, H.Long Thành, Đồng Nai",1000000.0,10.0,land,,,,100000.0,
0NMSK9,"Thửa 735 - tờ 14 Phan Đông Sơ, Xã Bình Tâm, TP.Tân An, Long An",6950000.0,1.91,land,,,,3638743.46,
QHNXMU,"Thửa 813 - Tờ 15 Ấp Bình Khương 2, Xã Bình Phục Nhứt, H.Chợ Gạo, Tiền Giang",2200000.0,1.09,land,,,,2018348.62,
5HVU47,"Thửa 532 - Tờ 245 Khu TĐC Hòn Rớ 2, Xã Phước Đồng, TP.Nha Trang, Khánh Hòa",4100000.0,46.59,land,,,,88001.72,
QAXTGU,"Thửa 100 - Tờ 28 Tổ 7 khu 3B, P.Hà Lầm, TP.Hạ Long, Quảng Ninh",1160000.0,15.67,land,,,,74026.8,
KFDNVC,"Thửa 1128 - Tờ 7, Hẻm Nguyễn Trác, P.Văn Hải, TP.Phan Rang-Tháp Chàm, Ninh Thuận",500.0,1.66,land,,,,301.2,
DE3A9H,"Thửa 343 - Tờ 3 Thôn Phú Vinh, Xã Vĩnh Thạnh, TP.Nha Trang, Khánh Hòa",2500000.0,21.72,land,,,,115101.29,
37NW0Q,"Thửa 2483 - Tờ 3 đường D12, Khu dân cư Châu Thới, P.Bình An, TP.Dĩ An, Bình Dương",4350000.0,43.5,land,,,,100000.0,
YB333D,"Thửa 298 - Tờ 24 Khu Yên Hòa, P.Yên Thọ, TP.Đông Triều, Quảng Ninh",1950000.0,12.11,land,,,,161023.95,
QHPJZU,"Lang minh, Xuân Hiệp, Xuân Lộc, Đồng Nai",2300000.0,2.29,land,,,,1004366.81,
JNFYT0,"Phan Đình Phùng, P.2, TP.Đà Lạt, Lâm Đồng",7900000.0,66.38,land,,,,119011.75,
8AFZ13,"Hẻm 777 Quốc lộ 20, Xã Lộc Châu, TP.Bảo Lộc, Lâm Đồng",1700000.0,7.69,land,,,,221066.32,
0ZKV09,"Thửa 670 - Tờ 19 số 9, KĐT Nam Sông Cái, TT.Diên Khánh, H.Diên Khánh, Khánh Hòa",2600000.0,26.0,land,,,,100000.0,
RNXNTJ,"088/3 Xuân Sơn, Xã Xuân Trường, TP.Đà Lạt, Lâm Đồng",2500000.0,11.62,land,,,,215146.3,
W22Y9R,"10 Võ Chí Công, P.Phước Long B, TP.Thủ Đức, TP.HCM",4500000.0,90.0,apartment,1.0,1.0,1.0,50000.0,
7DTU5A,"đường Phước Thiện, Long Bình, Q.9, TP.HCM",3500000.0,52.63,apartment,2.0,3.0,1.0,66502.0,
6QZNQ8,"326/1 Đường Ung Văn Khiêm, P.25, Q.Bình Thạnh, TP.HCM",5400000.0,72.19,apartment,2.0,1.0,1.0,74802.6,
UKMA4S,"137 Gò Dầu, P.Tân Quý, Q.Tân Phú, TP.HCM",2450000.0,30.62,apartment,2.0,2.0,1.0,80013.06,
JPC7G0,"Chung cư Hoàng Anh Gold Place, đường Lê Văn Lương, Xã Phước Kiển, H.Nhà Bè, TP.HCM",4100000.0,36.93,apartment,3.0,2.0,1.0,111020.85,
AH8NDY,"Chung cư Hoàng Anh Gold Place, đường Lê Văn Lương, Xã Phước Kiển, H.Nhà Bè, TP.HCM",4350000.0,42.39,apartment,3.0,2.0,1.0,102618.54,
DB7F2H,"Số 1 đường 104, Đảo Kim Cương, Bình Trưng Tây, Q.2, TP.HCM",130000000.0,232.14,apartment,4.0,4.0,1.0,560006.89,
ACWXXY,"CityLand Park Hills, đường Phan Văn Trị, P.10, Q.Gò Vấp, TP.HCM",12500000.0,66.91,apartment,5.0,4.0,1.0,186818.11,
3H5FCQ,"Tân Kỳ Tân Quý, P.Tân Sơn Nhì, Q.Tân Phú, TP.HCM",4130000.0,65.55,apartment,2.0,2.0,1.0,63005.34,
GTRV42,"Căn hộ chung cư số 4.06 Tầng 5, Tháp CC8, Khu nhà ở Nguyên Sơn, ấp 3A, Xã Bình Hưng, H.Bình Chánh, TP.HCM",6300000.0,67.88,apartment,3.0,2.0,1.0,92810.84,
QHMJ7U,"nguyễn chí thanh, P.Hưng Định, TP.Thuận An, Bình Dương",2300000.0,35.93,apartment,2.0,2.0,1.0,64013.36,
0ZYSV9,"Căn hộ 404 Lô A4 Chung cư An Sương, P.Tân Hưng Thuận, Q.12, TP.HCM",2100000.0,38.46,apartment,1.0,1.0,1.0,54602.18,
374SJQ,"Lô V Chung cư Ngô Gia Tự Trần Nhân Tôn, P.2, Q.10, TP.HCM",3500000.0,69.0,apartment,2.0,1.0,1.0,50724.64,
KTDZCJ,"chung cư MT Eastmark City, Long Trường, Q.9, TP.HCM",4200000.0,57.22,apartment,2.0,2.0,1.0,73400.91,
7KKE8A,"Căn hộ 7.04, Tầng 8, Chung cư IC2 - Cantavil đường số 25, P.An Phú, TP.Thủ Đức, TP.HCM",9000000.0,103.44,apartment,3.0,2.0,1.0,87006.96,
RGM94J,"đường số 10, P.10, Q.Gò Vấp, TP.HCM",8000000.0,71.23,apartment,2.0,2.0,1.0,112312.23,
ACKKWY,"Căn hộ BS15.21.17- Phân khu The Beverly Solari, Vinhomes Grand Park - đường Nguyễn Xiển, Long Thạnh Mỹ, Q.9, TP.HCM",4500000.0,76.27,apartment,2.0,2.0,1.0,59000.92,
9VN2YP,"230 Nguyễn Trãi, P.Nguyễn Cư Trinh, Q.1, TP.HCM",12500000.0,290.69,apartment,1.0,1.0,1.0,43001.14,
9TZBXP,"Căn 605 (tầng 7) Chung cư 22 Nguyễn Trãi, P.Bến Thành, Q.1, TP.HCM",2000000.0,76.01,apartment,1.0,1.0,1.0,26312.33,
37S6MQ,"Căn hộ BS16.30.26 The Beverly Solari đường Nguyễn Xiển, Long Thạnh Mỹ, Q.9, TP.HCM",4350000.0,62.14,apartment,2.0,2.0,1.0,70003.22,
40GBEF,"Căn S20 và S21A, Tầng lững, khối 1 Chung cư Khang Gia Tân Hương, 377 Tân Hương, P.Tân Quý, Q.Tân Phú, TP.HCM",1900000.0,0.32,apartment,2.0,2.0,1.0,5937500.0,
WPKA1R,"Chung cư 123 Bình Tây, P.1, Q.6, TP.HCM",3300000.0,65.77,apartment,2.0,1.0,1.0,50174.85,
9TYUQP,"Căn 3.13 Chung cư Đoàn Văn Bơ, P.13, Q.4, TP.HCM",2150000.0,48.86,apartment,2.0,1.0,1.0,44003.27,
CW024B,"Căn 15.01, Tầng 15, Chung cư Kết hợp thương mại, văn phòng khu V - Sunrise City, khu South Towers, 23 Nguyễn Hữu Thọ, P.Tân Hưng, Q.7, TP.HCM",14000000.0,83.33,apartment,3.0,2.0,1.0,168006.72,
372YRQ,"Căn 3-7 Lô B Chung cư Lạc Long Quân, P.5, Q.11, TP.HCM",1950000.0,43.91,apartment,1.0,1.0,1.0,44409.02,
7D92SA,"Căn 639B ( trệt + gác lững) Nguyễn Trãi, P.11, Q.5, TP.HCM",9500000.0,92.08,apartment,3.0,2.0,1.0,103171.16,
0ZNB09,"Căn hộ 4.18, Lô A Chung cư Vườn Lài, P.Phú Thọ Hòa, Q.Tân Phú, TP.HCM",1850000.0,43.42,apartment,2.0,2.0,1.0,42607.09,
7CEW3A,"Căn 5.07 - Tầng 5 Chung cư Hoàng Hoa Thám, P.13, Q.Tân Bình, TP.HCM",4650000.0,72.76,apartment,2.0,2.0,1.0,63908.74,
RGGGGJ,"Căn hộ 8.06, Chung cư An Khánh đường Song Hành, P.An Phú, TP.Thủ Đức, TP.HCM",5250000.0,59.65,apartment,2.0,2.0,1.0,88013.41,
7KME9A,"Căn A.2.07 Block A, Khối CT1 Chung cư 243 Tân Hòa Đông, P.14, Q.6, TP.HCM",3150000.0,51.63,apartment,2.0,2.0,1.0,61011.04,
SYSNR5,"Căn hộ 414 Tầng 5 Lô B1 Chung cư phường 3, Đường Vĩnh Hội, P.3, Q.4, TP.HCM",3850000.0,48.12,apartment,2.0,1.0,1.0,80008.31,
8SCSB3,"Căn hộ D12-12A, Dream Home Palace, P.7, Q.8, TP.HCM",2500000.0,0.4,apartment,2.0,2.0,1.0,6250000.0,
GX4JD2,"Căn hộ P-65B, Tầng 7 Chung cư số 5 đường Cao Thắng, P.2, Q.3, TP.HCM",1670000.0,70.28,apartment,1.0,1.0,1.0,23762.09,
8SFHB3,"Căn hộ 5.05 Chung cư Phan Văn Trị, P.2, Q.5, TP.HCM",3300000.0,59.56,apartment,2.0,2.0,1.0,55406.31,
2MM64Z,"Căn 13.07 - Tầng 14 - Block B Chung cư IC2 Cantavil, đường số 25, P.An Phú, TP.Thủ Đức, TP.HCM",9000000.0,97.08,apartment,3.0,2.0,1.0,92707.05,
7KD1ZA,"Căn 410 Tầng 5 Lô B Chung cư Cư Xá Gò Dầu 1, P.Phú Thọ Hòa, Q.Tân Phú, TP.HCM",2650000.0,50.0,apartment,2.0,1.0,1.0,53000.0,
8U0VX3,"Căn 0.17 Lô A Chung cư Vườn Lài, P.Phú Thọ Hòa, Q.Tân Phú, TP.HCM",4200000.0,100.0,apartment,1.0,1.0,1.0,42000.0,
Q7F26U,"Căn hộ 2C-10-2 Chung cư cao tầng Phú Mỹ, P.Phú Mỹ, Q.7, TP.HCM",5700000.0,61.29,apartment,2.0,2.0,1.0,93000.49,
Q7Q7FU,"Căn hộ A19.02 Lô A Chung cư số 4 Đường Phan Chu Trinh (nối dài), P.12, Q.Bình Thạnh, TP.HCM",3590000.0,64.1,apartment,2.0,1.0,1.0,56006.24,
YKWXHD,"Căn 209 - Tầng 3 - Lô A - Chung Cư 207 Bùi Viện, P.Phạm Ngũ Lão, Q.1, TP.HCM",3600000.0,90.49,apartment,1.0,1.0,1.0,39783.4,
EREAG4,"Căn hộ 14.05, Tầng 15, Khối A Khu căn hộ chung cư cao tầng, 633 Kinh Dương Vương, P.An Lạc, Q.Bình Tân, TP.HCM",2750000.0,49.01,apartment,2.0,1.0,1.0,56111.0,
8URGG3,"Căn hộ 14.5 chung cư 326/1 Ung Văn Khiêm, P.25, Q.Bình Thạnh, TP.HCM",5200000.0,69.51,apartment,2.0,1.0,1.0,74809.38,
7H7K3A,"Căn hộ 1.04 - Tầng 1 và 2 - Khối Tháp C Khu nhà ở cao tầng Công ty Saphire, 454 Võ Chí Công, P.Phú Hữu, TP.Thủ Đức, TP.HCM",12000000.0,66.92,apartment,4.0,1.0,1.0,179318.59,
YC1HCD,"Căn hộ 3.20, Tầng 3, Tòa nhà S10.07 - 88 Phước Thiện, Long Bình, Q.9, TP.HCM",3320000.0,0.06,apartment,2.0,2.0,1.0,55333333.33,
PT8RPG,"Căn hộ A22.03 Tầng 22, chung cư lô D, 90 Nguyễn Hữu Cảnh, P.22, Q.Bình Thạnh, TP.HCM",3800000.0,94.29,apartment,1.0,1.0,1.0,40301.2,
W0FE1R,"Chung cư Hưng Vượng 1, đường Nguyễn Văn Linh, căn hộ E-407, P.Tân Phong, Q.7, TP.HCM",4350000.0,63.59,apartment,2.0,1.0,1.0,68406.98,
5DZ1E7,"Căn hộ 203B, Tầng 3, Nhà N01, chung cư K26, số 33 Đường Dương Quảng Hàm, P.7, Q.Gò Vấp, TP.HCM",2900000.0,37.66,apartment,2.0,2.0,1.0,77004.78,
3ABUZQ,"111 Tỉnh lộ 10 (ĐT825), TT.Đức Hòa, H.Đức Hòa, Long An",160.0,2.25,apartment,2.0,2.0,1.0,71.11,
5ED4W7,"lô số 4/10A Lê Hồng Phong, P.Đằng Hải, Q.Hải An, TP. Hải Phòng",5490000.0,61.55,apartment,2.0,2.0,1.0,89195.78,
74BK5A,"Đại Lộ Bình Dương, P.Lái Thiêu, TP.Thuận An, Bình Dương",3100000.0,48.43,apartment,2.0,1.0,1.0,64009.91,
9NT3FP,"14 Nguyễn Văn Tiết, P.Lái Thiêu, TP.Thuận An, Bình Dương",2520000.0,47.69,apartment,1.0,1.0,1.0,52841.27,
DWKGVH,"BN2, P.Đông Hưng Thuận, Q.12, TP.HCM",1.98,0.0,apartment,1.0,1.0,1.0,inf,
A4VZ4Y,"Chu Văn An, Hòa Phú, TP.Thủ Dầu Một, TP.HCM",1980000.0,55.0,apartment,2.0,2.0,1.0,36000.0,
KWSRNC,"Đào trí, P.Phú Thuận, Q.7, TP.HCM",7000000.0,90.21,apartment,2.0,2.0,1.0,77596.72,
9VT2DP,"47-57 Nguyễn Thái Bình, P.Bến Thành, Q.1, TP.HCM",2050000.0,83.09,apartment,1.0,1.0,1.0,24672.04,
7EGX5A,"Cao Ốc Fico 927 Trần Hưng Đạo, P.1, Q.5, TP.HCM",14000000.0,163.55,apartment,2.0,2.0,1.0,85600.73,
5K4NP7,"B võ chí công, Bình Trưng Đông, Q.2, TP.HCM",5000000.0,70.42,apartment,2.0,2.0,1.0,71002.56,
2MCUUZ,"Chung Cư Thiên Nam 7A/162 Thành Thái, P.14, Q.10, TP.HCM",9500000.0,75.27,apartment,3.0,3.0,1.0,126212.3,
7KCRUA,"Căn Thương mại số 1.08, Tầng 1+2, Tháp M2, Chung cư Jamona City Đào Trí, P.Phú Thuận, Q.7, TP.HCM",6800000.0,37.52,apartment,2.0,2.0,1.0,181236.67,
SDHH15,"Số 5G, Tầng 7, Chung cư 35-37 Bến Chương Dương, P.Nguyễn Thái Bình, Q.1, TP.HCM",7000000.0,98.28,apartment,1.0,1.0,1.0,71225.07,
G1WKQ2,"26 Nguyễn thượng hiền, P.1, Q.Gò Vấp, TP.HCM",2000000.0,40.0,apartment,2.0,2.0,1.0,50000.0,
928QAP,"Nguyễn Xiển, P.Long Thạnh Mỹ, Q.9, TP.HCM",3230000.0,69.91,apartment,1.0,1.0,1.0,46202.26,
DY6UHF,"Trần Hưng Đạo, P.Phạm Ngũ Lão, Q.1, TP.HCM",15800000.0,132.18,apartment,2.0,1.0,1.0,119533.97,
QKE7DU,"Tân Sơn Nhì, P.Tân Sơn Nhì, Q.Tân Phú, TP.HCM",2300000.0,41.07,apartment,2.0,1.0,1.0,56001.95,
UCE6GS,"110A Phạm Văn Đồng, P.3, Q.Gò Vấp, TP.HCM",5200000.0,74.28,apartment,2.0,2.0,1.0,70005.39,
AFEF9Y,"68/19 Nguyễn Bá Tòng, P.11, Q.Tân Bình, TP.HCM",1700000.0,50.0,apartment,2.0,1.0,1.0,34000.0,
WZK56R,"Nguyễn bỉnh khiêm, P.1, Q.Gò Vấp, TP.HCM",2800000.0,56.0,apartment,2.0,1.0,1.0,50000.0,
DFZJKH,"Nguyễn Văn Linh, Xã Bình Hưng, H.Bình Chánh, TP.HCM",5300000.0,68.69,apartment,2.0,2.0,1.0,77158.25,
9X326P,"Căn hộ S20 Khối 1, 377 đường Tân Hương, P.Tân Quý, Q.Tân Phú, TP.HCM",780.0,34.66,apartment,1.0,1.0,1.0,22.5,
JT28D0,"Căn hộ số 4.09, tầng 5, Chung cư Thanh Niên Bàu Cát 2, P.14, Q.Tân Bình, TP.HCM",2600000.0,53.06,apartment,2.0,1.0,1.0,49001.13,
SHH395,"Tòa nhà Landmark Plus 720A Điện Biên Phủ, P.22, Q.Bình Thạnh, TP.HCM",12000000.0,149.81,apartment,2.0,2.0,1.0,80101.46,
1UDGJ6,"Căn hộ 5.12 Chung cư Nhiêu Lộc C - Lô D Dương Văn Dương, P.Tân Quý, Q.Tân Phú, TP.HCM",2850000.0,40.25,apartment,2.0,2.0,1.0,70807.45,
KFPESC,"Căn hộ 3.18 Chung cư Petroland số 2 đường 62, P.Bình Trưng Đông, TP.Thủ Đức, TP.HCM",3900000.0,53.13,apartment,2.0,2.0,1.0,73404.86,
KFWRBC,"3.03 Chung cư 540/1 Cách Mạng Tháng 8, P.11, Q.3, TP.HCM",9750000.0,75.87,apartment,3.0,3.0,1.0,128509.29,
SBRF85,"Bùi Tư Toàn, P.An Lạc, Q.Bình Tân, TP.HCM",2850000.0,35.18,apartment,3.0,2.0,1.0,81011.94,
JNM850,"Thuỷ Lợi, P.Phước Long A, TP.Thủ Đức, TP.HCM",3700000.0,58.54,apartment,2.0,2.0,1.0,63204.65,
D4DRZH,"Căn hộ chung cư số 4.04, tầng 5, khối A, chung cư Vạn Gia Phúc (The Garden) số 295 Tân Kỳ Tân Quý, P.Tân Sơn Nhì, Q.Tân Phú, TP.HCM",5200000.0,65.0,apartment,3.0,2.0,1.0,80000.0,
5K3RN7,"Căn hộ H10.04 Khu dân cư Happy Valley (R18), P.Tân Phong, Q.7, TP.HCM",11000000.0,110.11,apartment,3.0,2.0,1.0,99900.1,
AB8E6Y,"Chung cư Hoàng Quốc Việt, P.Phú Thuận, Q.7, TP.HCM",3100000.0,51.66,apartment,2.0,2.0,1.0,60007.74,
87RV83,"Tân Kỳ Tân Quý, P.Tân Sơn Nhì, Q.Tân Phú, TP.HCM",5000000.0,65.18,apartment,3.0,2.0,1.0,76710.65,
3AFM4Q,"9 Ngô Chí Quốc, P.Bình Chiểu, TP.Thủ Đức, TP.HCM",2880000.0,41.14,apartment,2.0,2.0,1.0,70004.86,
W0DTWR,"Số 49 Đường Số 45, P.14, Q.Gò Vấp, TP.HCM",4200000.0,34.22,apartment,2.0,2.0,1.0,122735.24,
EW5SX4,"Chung cư 78 Tân Hòa Đông - Lô A, P.14, Q.6, TP.HCM",2050000.0,0.03,apartment,2.0,1.0,1.0,68333333.33,
5CVET7,"Căn hộ số 10.01, Block A Moonlight Park View, đường số 7, P.An Lạc A, Q.Bình Tân, TP.HCM",4750000.0,62.74,apartment,3.0,2.0,1.0,75709.28,
QDK7HU,"Căn hộ G3.03 Chung cư Happy Valley, đường Nguyễn Văn Linh, P.Tân Phong, Q.7, TP.HCM",14000000.0,120.68,apartment,2.0,2.0,1.0,116009.28,
5YBPE7,"Căn 13.16 Chung cư Thái An 2, P.Đông Hưng Thuận, Q.12, TP.HCM",3700000.0,50.59,apartment,2.0,2.0,1.0,73136.98,
7965A8,"Căn 2.4 - Tầng 3 Chung cư 482A Nơ Trang Long, P.13, Q.Bình Thạnh, TP.HCM",3100000.0,62.0,apartment,2.0,1.0,1.0,50000.0,
AK08MY,"Căn hộ BS929.09, 512 Đường Nguyễn Xiển, Long Thạnh Mỹ, Q.9, TP.HCM",3900000.0,65.0,apartment,2.0,2.0,1.0,60000.0,
EWVCK4,"Căn 348 (Lầu 3) Chung cư Hào Huê, P.7, Q.5, TP.HCM",3200000.0,54.41,apartment,2.0,1.0,1.0,58812.72,
4P2J9F,"Căn hộ 17.06 Chung cư Scenic Valley 1, đường Tôn Dật Tiên, P.Tân Phú, Q.7, TP.HCM",8500000.0,95.72,apartment,2.0,2.0,1.0,88800.67,
65K6F8,"Chung cư Khang Gia, số 59 Hồ Thành Biên, P.4, Q.8, TP.HCM",1900000.0,31.66,apartment,2.0,1.0,1.0,60012.63,
C415FB,"Căn hộ 0.29 - Chung cư Bàu Cát 2, 10, Q.Tân Bình, TP.HCM",6500000.0,90.27,apartment,2.0,2.0,1.0,72006.2,
5Y2JQ7,"Căn 1.8 Chung cư 275 Lê Văn Sỹ, P.1, Q.Tân Bình, TP.HCM",14500000.0,213.23,apartment,1.0,1.0,1.0,68001.69,
PVEFHG,"Chung cư Victoria Village số 266 Trương Văn Bang, P.Cát Lái, TP.Thủ Đức, TP.HCM",6080000.0,88.11,apartment,2.0,2.0,1.0,69004.65,
WPAXGR,"Căn hộ số 4.04- Lô B Chung cư CH2, đường số 10, Khu dân cư Cityland, P.10, Q.Gò Vấp, TP.HCM",7200000.0,72.28,apartment,3.0,2.0,1.0,99612.62,
DCXF3H,"Căn 1159 trệt và 112/32F Chung cư đường Trần Hưng Đạo, P.5, Q.5, TP.HCM",22000000.0,107.63,apartment,4.0,5.0,1.0,204403.98,
5Y92Y7,"Căn hộ số 018 (Tầng 1+ lửng) Bàu Cát 2, P.14, Q.Tân Bình, TP.HCM",7500000.0,115.83,apartment,2.0,1.0,1.0,64750.06,
7DV7HA,"Căn 22.1 - Tháp E2  Chung cư Masteri Centre Point, P.Long Bình, TP.Thủ Đức, TP.HCM",6100000.0,81.98,apartment,2.0,2.0,1.0,74408.39,
QT0FUQ,"Căn 207 Chung cư 292 Bến Chương Dương, 482 Võ Văn Kiệt, Cầu Kho, Q.1, TP.HCM",3700000.0,0.08,apartment,1.0,1.0,1.0,46250000.0,
SY3GW5,"Căn hộ 3.19, Chung cư Nguyễn Ngọc Phương, số 66 Nguyễn Ngọc Phương, P.19, Q.Bình Thạnh, TP.HCM",8300000.000000001,87.64,apartment,3.0,2.0,1.0,94705.61,
R9FYBJ,"Căn hộ 21.07, Tầng 21, Toà nhà GH3 - Khu B - 88 Phước Thiện, P.Long Bình, TP.Thủ Đức, TP.HCM",3450000.0,80.79,apartment,1.0,1.0,1.0,42703.3,
QA1R8U,"Căn hộ số 11C23 Block C - tầng 11, Số 1122 Ngô Quyền, P.An Hải Nam, Q.Sơn Trà, TP. Đà Nẵng",3600000.0,53.57,apartment,2.0,1.0,1.0,67201.79,
R2U2CJ,"Khu đô thị mới Văn Quán, P.Phúc La, Q.Hà Đông, TP. Hà Nội",5360000.0,67.42,apartment,2.0,1.0,1.0,79501.63,
49UT4F,"Lộc Ninh Singashine, Đường Quốc lộ 6, TT.Chúc Sơn, H.Chương Mỹ, TP. Hà Nội",2850000.0,53.47,apartment,2.0,2.0,1.0,53300.92,
GXFRA2,"Căn hộ số K6-1109 Dự án Khai Sơn City, P.Thượng Thanh, Q.Long Biên, TP. Hà Nội",9200000.0,76.66,apartment,3.0,3.0,1.0,120010.44,
D4T7MH,"Ô đất B2-CT03, Tòa T26M-1 (S2.10), Dự án khu đô thị Gia Lâm, Xã Đa Tốn, H.Gia Lâm, TP. Hà Nội",3700000.0,59.29,apartment,2.0,2.0,1.0,62405.13,
PM5DKG,"Căn thương mại Phương Đông Green Park, số 1 Trần Thủ Độ, P.Hoàng Liệt, Q.Hoàng Mai, TP. Hà Nội",6800000.0,85.75,apartment,1.0,1.0,1.0,79300.29,
UC5YYS,"A Bà Huyện Thanh Quan, P.Đông Hòa, TP.Dĩ An, Bình Dương",2500000.0,45.45,apartment,2.0,2.0,1.0,55005.5,
8YSR73,"12 bờ bao sông, P.Lái Thiêu, TP.Thuận An, Bình Dương",2300000.0,48.93,apartment,1.0,1.0,1.0,47005.93,
3HCX9Q,"20 trần quang  diệu, P.Dĩ An, TP.Dĩ An, Bình Dương",1800000.0,36.73,apartment,1.0,1.0,1.0,49006.26,
G63RT2,"123 Quốc lộ 13, P.Thuận Giao, TP.Thuận An, Bình Dương",2400000.0,36.36,apartment,2.0,2.0,1.0,66006.6,
GXRTB2,"Căn hộ chung cư số B15 - Tầng 7 Nhà ở xã hội - 444 Ngô Quyền, P.Vĩnh Lạc, TP.Rạch Giá, Kiên Giang",400.0,8.77,apartment,2.0,1.0,1.0,45.61,
EGXW24,"T1 An Đồng, P.An Đồng, Q.An Dương, TP. Hải Phòng",2290000.0,38.2,apartment,2.0,1.0,1.0,59947.64,
P1UZ1G,"12A T1, P.An Đồng, Q.An Dương, TP. Hải Phòng",2290000.0,38.2,apartment,2.0,1.0,1.0,59947.64,
G6ST12,"T1.05.12A An Đồng, P.An Đồng, Q.An Dương, TP. Hải Phòng",2290000.0,38.2,apartment,2.0,1.0,1.0,59947.64,
SB9FV5,"13 Bùi Viện, P.Đồng Hoà, Q.Kiến An, TP. Hải Phòng",4100000.0,45.05,apartment,3.0,2.0,1.0,91009.99,
WT3M3R,"12 Bùi Viện, P.Đồng Hoà, Q.Kiến An, TP. Hải Phòng",3500000.0,38.88,apartment,3.0,2.0,1.0,90020.58,
74RVJA,"08 Bùi Viện, P.Đồng Hoà, Q.Kiến An, TP. Hải Phòng",3500000.0,38.88,apartment,3.0,2.0,1.0,90020.58,
QKBTVU,"03 Bùi Viện, P.Đồng Hoà, Q.Kiến An, TP. Hải Phòng",2500000.0,35.71,apartment,2.0,2.0,1.0,70008.4,
3D3JRQ,"Căn hộ A06.03 Chung Cư Hoàng Anh Gia Lai Lake View Residence Hàm Nghi, P.Thạc Gián, Q.Thanh Khê, TP. Đà Nẵng",4050000.0,36.61,apartment,3.0,2.0,1.0,110625.51,
YER46D,"Quang Trung, P.Phú La, Q.Hà Đông, TP. Hà Nội",6000000.0,86.33,apartment,2.0,2.0,1.0,69500.75,
8DR873,"hạnh hoa, P.Phúc La, Q.Hà Đông, TP. Hà Nội",4000000.0,50.31,apartment,2.0,1.0,1.0,79507.06,
8DFDJ3,"Như Nguyệt, P.Thuận Phước, Q.Hải Châu, TP. Đà Nẵng",6500000.0,81.25,apartment,2.0,2.0,1.0,80000.0,
5EKCE7,". 29/3, P.Hòa Xuân, Q.Cẩm Lệ, TP. Đà Nẵng",2200000.0,40.0,apartment,2.0,1.0,1.0,55000.0,
P1ZJUG,"1 Minh Mạng, P.Hòa Xuân, Q.Cẩm Lệ, TP. Đà Nẵng",2800000.0,43.07,apartment,2.0,1.0,1.0,65010.45,
SC3CH5,"01 Võ Nguyên Giáp, P.An Hải Bắc, Q.Sơn Trà, TP. Đà Nẵng",3000000.0,50.0,apartment,1.0,1.0,1.0,60000.0,
3D1YEQ,"Võ Nguyên Giáp, P.An Hải Bắc, Q.Sơn Trà, TP. Đà Nẵng",12000000.0,75.0,apartment,2.0,2.0,1.0,160000.0,
WZB0CR,"Tố Hữu, P.Mễ Trì, Q.Nam Từ Liêm, TP. Hà Nội",6000000.0,78.94,apartment,2.0,2.0,1.0,76007.09,
8AZR43,"xuân phương, Xã Sơn Đồng, H.Hoài Đức, TP. Hà Nội",5350000.0,73.48,apartment,2.0,2.0,1.0,72808.93,
R2E7FJ,"Căn hộ chung cư số 3614, Tháp CT-C, tầng 16, chung cư Intracom Riverside Võ Nguyên Giáp, Xã Vĩnh Ngọc, H.Đông Anh, TP. Hà Nội",4000000.0,73.66,apartment,2.0,2.0,1.0,54303.56,
C9V1FB,"Phòng 1703ct1b2 khu đô thị xala, P.Phúc La, Q.Hà Đông, TP. Hà Nội",4000000.0,50.31,apartment,2.0,1.0,1.0,79507.06,
3HCGFQ,"46 Điện Biên Phủ, P.Chính Gián, Q.Thanh Khê, TP. Đà Nẵng",2600000.0,43.33,apartment,1.0,1.0,1.0,60004.62,
WT0E8R,"18 Lê Đức Thọ, P.Mân Thái, Q.Sơn Trà, TP. Đà Nẵng",4500000.0,73.77,apartment,2.0,2.0,1.0,61000.41,
6YQX28,"48 Điện Biên Phủ, P.Thạc Gián, Q.Thanh Khê, TP. Đà Nẵng",2500000.0,49.01,apartment,1.0,1.0,1.0,51010.0,
74YQ3A,"03 võ nguyên giáp, P.An Hải Bắc, Q.Sơn Trà, TP. Đà Nẵng",2800000.0,80.0,apartment,1.0,1.0,1.0,35000.0,
3D3ZXQ,"46 Điện Biên Phủ, P.Thạc Gián, Q.Thanh Khê, TP. Đà Nẵng",2400000.0,47.05,apartment,1.0,1.0,1.0,51009.56,
G1GKM2,"Điện Biên Phủ, P.Chính Gián, Q.Thanh Khê, TP. Đà Nẵng",2300000.0,38.33,apartment,1.0,1.0,1.0,60005.22,
262D8Z,"Lô số 03 Lê Đức Thọ, P.Thọ Quang, Q.Sơn Trà, TP. Đà Nẵng",4500000.0,78.94,apartment,2.0,2.0,1.0,57005.32,
G1GQ02,"48 Điện Biên Phủ, P.Hải Châu, Q.Hải Châu, TP. Đà Nẵng",2300000.0,48.93,apartment,1.0,1.0,1.0,47005.93,
3Y776Q,"d19 vũ đình liệu, P.Hưng Phú, Q.Cái Răng, TP. Cần Thơ",1500000.0,25.42,apartment,2.0,1.0,1.0,59008.65,
YEMGMD,"Căn hộ số 1912AB - Tháp B, Chung cư Lộc Ninh Singashine Quốc Lộ 6, TT.Chúc Sơn, H.Chương Mỹ, TP. Hà Nội",2500000.0,51.12,apartment,2.0,1.0,1.0,48904.54,
QHQJ8U,"Nguyễn Phước Lan, P.Hoà Quý, Q.Ngũ Hành Sơn, TP. Đà Nẵng",2600000.0,44.82,apartment,1.0,1.0,1.0,58009.82,
0ZBEQ9,"Lô B5.1, Khu đô thị FPT Hoàng Minh Thắng, P.Hoà Hải, Q.Ngũ Hành Sơn, TP. Đà Nẵng",3300000.0,48.03,apartment,2.0,1.0,1.0,68707.06,
UC70JS,"Nguyễn Phước Lan, P.Hoà Quý, Q.Ngũ Hành Sơn, TP. Đà Nẵng",2600000.0,50.0,apartment,2.0,1.0,1.0,52000.0,
67WMY8,"Căn hộ B9.03 Chung cư The ZEI - Lê Đức Thọ, P.Mỹ Đình 2, Q.Nam Từ Liêm, TP. Hà Nội",13000000.0,121.38,apartment,3.0,2.0,1.0,107101.66,
ABZ9EY,"Căn 2628 - Tầng 26 Tòa nhà CT12C - Khu đô thị mới Kim Văn - Kim Lũ, P.Đại Kim, Q.Hoàng Mai, TP. Hà Nội",3800000.0,71.02,apartment,2.0,2.0,1.0,53506.05,
QHRX5U,"Căn hộ A-12-06 Chung cư Kim Cương Xanh - Cara River Park, Khu đô thị Nam Cần Thơ, P.Hưng Thạnh, Q.Cái Răng, TP. Cần Thơ",4000000.0,57.72,apartment,2.0,2.0,1.0,69300.07,
WG34WR,"Tòa nhà ZR2 (Z30M), Lô đất B1-CT02, Dự án Khu đô thị Gia Lâm, Xã Đa Tốn, H.Gia Lâm, TP. Hà Nội",6100000.0,70.03,apartment,3.0,2.0,1.0,87105.53,
QA0C5U,"Chung cư CT6B, Khu đô thị Vĩnh Điềm Trung, Xã Vĩnh Ngọc, TP.Nha Trang, Khánh Hòa",1850000.0,42.78,apartment,1.0,1.0,1.0,43244.51,
4009ZF,"Căn hộ số 8.7 ( tầng 9 ), chung cư An Thịnh, 2B Ngô Gia Khảm, P.Vĩnh Hải, TP.Nha Trang, Khánh Hòa",1600000.0,37.2,apartment,2.0,1.0,1.0,43010.75,
SKK9H5,"Tố Hữu, P.Phước Hải, TP.Nha Trang, Khánh Hòa",5000000.0,53.99,apartment,2.0,2.0,1.0,92609.74,
RZXCDJ,"Chung cư CT7A, Khu đô thị Vĩnh Diềm Trung, Xã Vĩnh Hiệp, TP.Nha Trang, Khánh Hòa",2500000.0,34.99,apartment,3.0,2.0,1.0,71448.99,
AC6UJY,"Chung cư CT5, Khu đô thị Vĩnh Điềm Trung, Xã Vĩnh Ngọc, TP.Nha Trang, Khánh Hòa",2490000.0,42.57,apartment,2.0,1.0,1.0,58491.9,
D4TUTH,"số 4 Tôn Đản, P.Lộc Thọ, TP.Nha Trang, Khánh Hòa",7300000.0,78.83,apartment,2.0,2.0,1.0,92604.34,
2V3ETZ,"Căn hộ 907B (tầng 9) Ô CTXH01, Khu đô thị VCN, P.Phước Long, TP.Nha Trang, Khánh Hòa",2890000.0,41.28,apartment,2.0,1.0,1.0,70009.69,
PX2EMG,"Chung cư Maple Hotel & Apartment, số 4 Tôn Đản, P.Lộc Thọ, TP.Nha Trang, Khánh Hòa",4190000.000000001,70.33,apartment,1.0,1.0,1.0,59576.28,
5HA8Q7,"Căn hộ số 1.19 Chung Cư CT1 VCN Phước Hải, Cao Bá Quát - Cầu Lùng, P.Phước Hải, TP.Nha Trang, Khánh Hòa",3200000.0,49.38,apartment,2.0,1.0,1.0,64803.56,
3AYK3Q,"Căn hộ chung cư số 510A Khu đô thị vcn - Phước Long 2, P.Phước Long, TP.Nha Trang, Khánh Hòa",2600000.0,39.33,apartment,2.0,1.0,1.0,66107.3,
SHDRY5,"68 Quốc Lộ 13, P.Vĩnh Phú, TP.Thuận An, Bình Dương",4220000.0,65.54,apartment,2.0,2.0,1.0,64388.16,
9N3Z6P,"70-92 Phan bội Châu, P.Phú Thọ, TP.Thủ Dầu Một, Bình Dương",2650000.0,33.97,apartment,3.0,2.0,1.0,78010.01,
