Ma_BDS,dist_min_hospital,dist_min_mall,dist_min_market,dist_min_park,dist_min_school,dist_min_supermarket,dist_median_hospital,dist_median_mall,dist_median_market,dist_median_park,dist_median_school,dist_median_supermarket,count_hospital_1km,count_mall_1km,count_market_1km,count_park_1km,count_school_1km,count_supermarket_1km,count_hospital_2km,count_mall_2km,count_market_2km,count_park_2km,count_school_2km,count_supermarket_2km
SA27D5,1400.0,828.0,1800.0,10000.0,172.0,37.0,1400.0,828.0,1850.0,10000.0,203.0,1400.0,0.0,1.0,0.0,0.0,3.0,1.0,1,1,2,0,3,3
21JNPZ,1200.0,1600.0,1100.0,864.0,860.0,1000.0,1350.0,1600.0,1500.0,982.0,876.0,1000.0,0.0,0.0,0.0,1.0,3.0,1.0,2,1,3,2,3,1
PV5Q5G,723.0,667.0,253.0,925.0,70.0,611.0,1361.5,761.0,1400.0,1000.0,100.0,839.0,1.0,2.0,1.0,2.0,3.0,3.0,2,3,3,3,3,3
6Q2EG8,10000.0,10000.0,10000.0,1300.0,231.0,884.0,10000.0,10000.0,10000.0,1300.0,432.0,885.0,0.0,0.0,0.0,0.0,3.0,2.0,0,0,0,1,3,2
3DW1EQ,824.0,800.0,995.0,1200.0,174.0,1000.0,1700.0,908.0,1600.0,1450.0,341.0,1150.0,1.0,3.0,1.0,0.0,3.0,1.0,3,3,3,2,3,2
AHNB3Y,278.0,1800.0,409.0,709.0,228.0,137.0,281.0,1850.0,729.0,1100.0,286.0,267.0,3.0,0.0,2.0,1.0,3.0,3.0,3,2,3,3,3,3
8YUNF3,173.0,1700.0,618.0,778.0,100.0,94.0,210.0,1800.0,948.0,1200.0,135.0,322.0,3.0,0.0,2.0,1.0,3.0,3.0,3,3,3,3,3,3
3DWXKQ,10000.0,10000.0,869.0,10000.0,539.0,10000.0,10000.0,10000.0,1000.0,10000.0,656.0,10000.0,0.0,0.0,2.0,0.0,3.0,0.0,0,0,3,0,3,0
QHR6DU,700.0,1000.0,1400.0,948.0,977.0,1400.0,1200.0,1400.0,1500.0,1100.0,977.0,1500.0,1.0,1.0,0.0,1.0,2.0,0.0,2,2,3,3,3,3
UKJV4S,117.0,455.0,444.0,424.0,355.0,464.0,147.0,884.0,638.0,460.0,405.0,521.0,3.0,2.0,3.0,3.0,3.0,3.0,3,3,3,3,3,3
SC03B5,1500.0,1500.0,579.0,1200.0,334.0,1200.0,1500.0,1500.0,1100.0,1200.0,347.0,1200.0,0.0,0.0,1.0,0.0,3.0,0.0,1,1,3,3,3,3
UKJTTS,1200.0,776.0,816.0,1300.0,932.0,1000.0,1200.0,1300.0,816.0,1300.0,1000.0,1000.0,0.0,1.0,1.0,0.0,2.0,1.0,1,3,1,3,3,1
6A4TF8,1200.0,1600.0,263.0,504.0,478.0,1300.0,1550.0,1600.0,1000.0,680.0,666.0,1300.0,0.0,0.0,2.0,2.0,3.0,0.0,2,3,3,3,3,3
8YFV73,1600.0,477.0,1400.0,10000.0,1700.0,1500.0,1600.0,611.0,1550.0,10000.0,1700.0,1500.0,0.0,2.0,0.0,0.0,0.0,0.0,1,3,2,0,3,1
5B96G7,951.0,652.0,660.0,1600.0,1100.0,793.0,951.0,759.0,660.0,1600.0,1100.0,793.0,1.0,3.0,1.0,0.0,0.0,1.0,1,3,1,3,3,1
26A9MZ,1400.0,10000.0,682.0,602.0,491.0,284.0,1400.0,10000.0,1291.0,1400.0,608.0,600.0,0.0,0.0,1.0,1.0,3.0,3.0,1,0,2,3,3,3
8UECF3,421.0,772.0,134.0,752.0,343.0,819.0,641.0,825.0,875.0,777.0,535.0,839.0,3.0,2.0,3.0,3.0,3.0,3.0,3,3,3,3,3,3
6SCZ48,1300.0,10000.0,892.0,1000.0,564.0,589.0,1300.0,10000.0,1300.0,1200.0,571.0,820.0,0.0,0.0,1.0,1.0,3.0,3.0,3,0,3,3,3,3
DC46VH,641.0,261.0,479.0,714.0,111.0,457.0,653.0,348.0,561.0,736.0,358.0,465.0,3.0,3.0,3.0,3.0,3.0,3.0,3,3,3,3,3,3
DEPB7H,10000.0,10000.0,493.0,10000.0,537.0,10000.0,10000.0,10000.0,1046.5,10000.0,570.0,10000.0,0.0,0.0,1.0,0.0,3.0,0.0,0,0,2,0,3,0
6A4MK8,1600.0,10000.0,10000.0,1100.0,310.0,10000.0,1600.0,10000.0,10000.0,1200.0,419.0,10000.0,0.0,0.0,0.0,0.0,3.0,0.0,1,0,0,3,3,0
5H4DU7,543.0,1500.0,10000.0,1200.0,707.0,1500.0,1021.5,1500.0,10000.0,1250.0,711.0,1500.0,1.0,0.0,0.0,0.0,3.0,0.0,2,1,0,2,3,3
CWWFHB,1200.0,1100.0,650.0,1500.0,458.0,714.0,1200.0,1100.0,819.0,1500.0,466.0,740.0,0.0,0.0,2.0,0.0,3.0,2.0,1,1,3,3,3,3
DE4DDH,703.0,666.0,172.0,552.0,309.0,997.0,1100.0,1333.0,468.0,1300.0,413.0,1000.0,1.0,1.0,3.0,1.0,3.0,2.0,3,2,3,3,3,3
SHDXR5,251.0,10000.0,241.0,284.0,122.0,313.0,251.0,10000.0,820.5,692.0,199.0,350.0,1.0,0.0,1.0,1.0,3.0,3.0,1,0,2,2,3,3
C0JNPB,1200.0,390.0,386.0,729.0,194.0,886.0,1600.0,1300.0,498.0,1200.0,223.0,1100.0,0.0,1.0,3.0,1.0,3.0,1.0,2,3,3,3,3,3
3DWEVQ,245.0,1400.0,386.0,502.0,147.0,936.0,1600.0,1400.0,691.0,1500.0,398.0,1200.0,1.0,0.0,3.0,1.0,3.0,1.0,3,3,3,3,3,3
AHWJ4Y,865.0,768.0,494.0,306.0,145.0,655.0,1300.0,906.0,661.0,620.0,213.0,1200.0,1.0,3.0,3.0,3.0,3.0,1.0,3,3,3,3,3,3
0F1B9N,1000.0,1400.0,402.0,762.0,104.0,212.0,1250.0,1800.0,787.0,1100.0,111.0,754.0,1.0,0.0,3.0,1.0,3.0,3.0,2,3,3,3,3,3
6A4CN8,246.0,1400.0,391.0,498.0,143.0,933.0,1600.0,1400.0,688.0,1500.0,402.0,1200.0,1.0,0.0,3.0,1.0,3.0,1.0,3,3,3,3,3,3
0XSTT9,10000.0,10000.0,590.0,909.0,194.0,10000.0,10000.0,10000.0,590.0,909.0,496.0,10000.0,0.0,0.0,1.0,1.0,3.0,0.0,0,0,1,1,3,0
6A4G58,1700.0,1600.0,1200.0,481.0,432.0,1700.0,1700.0,1750.0,1600.0,535.0,943.0,1800.0,0.0,0.0,0.0,3.0,2.0,0.0,2,2,3,3,3,3
0XUQU9,690.0,728.0,822.0,688.0,564.0,661.0,1195.0,942.0,1100.0,939.0,581.0,1180.5,1.0,3.0,1.0,2.0,3.0,1.0,2,3,3,3,3,2
13F1R6,1200.0,494.0,221.0,387.0,95.0,440.0,1500.0,1300.0,487.0,878.0,106.0,1100.0,0.0,1.0,3.0,3.0,3.0,1.0,3,3,3,3,3,3
5YEBS7,418.0,536.0,488.0,309.0,139.0,496.0,1109.0,618.0,644.0,334.0,405.0,955.0,1.0,3.0,3.0,2.0,3.0,2.0,2,3,3,3,3,3
3DW41Q,10000.0,1900.0,265.0,10000.0,792.0,610.0,10000.0,1900.0,269.0,10000.0,890.0,1500.0,0.0,0.0,3.0,0.0,2.0,1.0,0,1,3,0,3,3
PV75AG,10000.0,10000.0,445.0,738.0,309.0,1200.0,10000.0,10000.0,445.0,1200.0,428.0,1200.0,0.0,0.0,1.0,1.0,3.0,0.0,0,0,1,3,3,1
EPVYC4,793.0,724.0,547.0,874.0,360.0,146.0,974.0,1500.0,689.0,927.0,447.0,186.0,2.0,1.0,3.0,2.0,3.0,3.0,3,3,3,3,3,3
UKJXBS,1300.0,865.0,913.0,775.0,647.0,1100.0,1300.0,1800.0,913.0,775.0,737.0,1500.0,0.0,1.0,1.0,3.0,3.0,0.0,1,3,1,3,3,2
4JQR7F,10000.0,754.0,784.0,1400.0,535.0,10000.0,10000.0,927.0,784.0,1400.0,1200.0,10000.0,0.0,1.0,1.0,0.0,1.0,0.0,0,2,1,1,3,0
KE0Y1C,1000.0,1400.0,417.0,1200.0,161.0,464.0,1050.0,1600.0,518.0,1200.0,311.0,755.0,1.0,0.0,3.0,0.0,3.0,2.0,2,3,3,3,3,3
132Y06,84.0,1100.0,695.0,699.0,70.0,892.0,647.0,1200.0,1100.0,1100.0,433.0,913.0,3.0,0.0,1.0,1.0,3.0,3.0,3,3,3,3,3,3
CKPJBC,1300.0,1100.0,798.0,993.0,451.0,685.0,1400.0,1350.0,817.0,1300.0,507.0,701.0,0.0,0.0,2.0,1.0,3.0,3.0,3,2,3,3,3,3
G1A7A2,1600.0,1700.0,413.0,651.0,331.0,650.0,1600.0,1700.0,952.0,1200.0,415.0,673.0,0.0,0.0,3.0,1.0,3.0,3.0,3,3,3,3,3,3
CF0QZB,1500.0,1300.0,709.0,1800.0,136.0,629.0,1500.0,1300.0,1100.0,1800.0,169.0,640.0,0.0,0.0,1.0,0.0,3.0,3.0,2,1,3,1,3,3
36VZQ3,442.0,218.0,594.0,879.0,182.0,204.0,446.0,255.0,626.0,1000.0,232.0,231.0,3.0,3.0,3.0,3.0,3.0,3.0,3,3,3,3,3,3
Q5YEMU,677.0,1000.0,229.0,991.0,222.0,340.0,1138.5,1300.0,341.0,1100.0,231.0,966.0,1.0,1.0,3.0,1.0,3.0,3.0,2,3,3,3,3,3
AH8T7Y,898.0,1000.0,346.0,1000.0,152.0,123.0,1100.0,1600.0,424.0,1200.0,156.0,188.0,1.0,1.0,3.0,1.0,3.0,3.0,3,3,3,3,3,3
EP1TM4,1900.0,1100.0,388.0,1000.0,420.0,485.0,1900.0,1500.0,829.0,1500.0,453.0,818.0,0.0,0.0,2.0,1.0,3.0,3.0,3,3,3,3,3,3
UCFD1S,724.0,773.0,604.0,10000.0,180.0,1100.0,724.0,910.0,982.0,10000.0,656.0,1100.0,1.0,2.0,2.0,0.0,3.0,0.0,1,3,3,0,3,1
PV73UG,536.0,446.0,342.0,498.0,116.0,517.0,570.0,586.0,453.0,527.0,320.0,597.0,3.0,3.0,3.0,3.0,3.0,3.0,3,3,3,3,3,3
5YMYJ7,300.0,565.0,747.0,155.0,198.0,1000.0,527.0,577.0,751.0,1300.0,310.0,1100.0,3.0,2.0,2.0,1.0,3.0,1.0,3,3,3,3,3,3
17U9T6,745.0,1300.0,288.0,253.0,260.0,847.0,1400.0,1300.0,464.0,610.0,421.0,1700.0,1.0,0.0,3.0,3.0,3.0,1.0,3,3,3,3,3,3
J21XX0,1000.0,300.0,1400.0,677.0,376.0,555.0,1350.0,762.0,1450.0,1700.0,389.0,927.5,1.0,3.0,0.0,1.0,3.0,1.0,2,3,2,3,3,2
5EYGT7,297.0,157.0,169.0,205.0,344.0,348.0,438.0,873.0,518.0,793.0,364.0,390.0,2.0,2.0,3.0,3.0,3.0,3.0,3,3,3,3,3,3
20RAZN,10000.0,1400.0,462.0,731.0,248.0,298.0,10000.0,1450.0,844.0,1000.0,447.0,719.0,0.0,0.0,2.0,2.0,3.0,3.0,0,2,3,3,3,3
3SNE4Q,545.0,1200.0,210.0,444.0,446.0,917.0,1500.0,1200.0,634.0,451.0,460.0,1700.0,1.0,0.0,3.0,3.0,3.0,1.0,3,3,3,3,3,3
U7K2CS,640.0,399.0,462.0,459.0,116.0,326.0,1600.0,978.0,890.0,729.0,247.0,668.0,1.0,3.0,3.0,3.0,3.0,3.0,3,3,3,3,3,3
SD4MC5,1400.0,647.0,1500.0,1900.0,793.0,1400.0,1400.0,753.0,1500.0,1900.0,798.0,1400.0,0.0,3.0,0.0,0.0,3.0,0.0,1,3,1,1,3,1
SAVVN5,1500.0,10000.0,1200.0,702.0,166.0,525.0,1500.0,10000.0,1400.0,1300.0,483.0,616.0,0.0,0.0,0.0,1.0,3.0,3.0,3,0,3,3,3,3
7D15QA,10000.0,10000.0,704.0,10000.0,719.0,10000.0,10000.0,10000.0,1202.0,10000.0,781.0,10000.0,0.0,0.0,1.0,0.0,3.0,0.0,0,0,2,0,3,0
GNU092,1400.0,609.0,1500.0,10000.0,857.0,1400.0,1400.0,738.0,1500.0,10000.0,868.0,1400.0,0.0,3.0,0.0,0.0,3.0,0.0,1,3,1,0,3,1
7D8RJA,10000.0,10000.0,519.0,473.0,323.0,547.0,10000.0,10000.0,519.0,926.0,617.0,547.0,0.0,0.0,1.0,2.0,3.0,1.0,0,0,1,3,3,1
9TMJVP,425.0,1100.0,417.0,548.0,141.0,200.0,543.0,1900.0,617.0,1100.0,213.0,405.0,3.0,0.0,3.0,1.0,3.0,3.0,3,3,3,3,3,3
8YNMN3,178.0,1300.0,700.0,525.0,205.0,693.0,548.0,1400.0,919.0,960.0,228.0,728.0,3.0,0.0,3.0,3.0,3.0,3.0,3,3,3,3,3,3
JX9XD0,10000.0,10000.0,786.0,406.0,332.0,10000.0,10000.0,10000.0,786.0,406.0,359.0,10000.0,0.0,0.0,1.0,1.0,3.0,0.0,0,0,1,1,3,0
QH4WRU,930.0,1000.0,756.0,1500.0,315.0,419.0,1000.0,1100.0,1128.0,1500.0,517.0,848.0,2.0,1.0,1.0,0.0,3.0,3.0,3,3,2,3,3,3
5YV0X7,1200.0,330.0,433.0,515.0,135.0,681.0,1200.0,381.0,927.0,714.0,234.0,1600.0,0.0,3.0,2.0,2.0,3.0,1.0,3,3,3,3,3,3
6YUVZ8,1100.0,2000.0,726.0,341.0,98.0,1100.0,1100.0,2000.0,947.0,520.0,457.0,1400.0,0.0,0.0,2.0,3.0,3.0,0.0,1,2,3,3,3,3
JZB9A0,1100.0,388.0,447.0,329.0,201.0,414.0,1100.0,623.0,1123.5,955.0,267.0,479.0,0.0,3.0,1.0,2.0,3.0,3.0,1,3,2,3,3,3
QAJBAU,10000.0,469.0,810.0,10000.0,1200.0,338.0,10000.0,469.0,810.0,10000.0,1300.0,1069.0,0.0,1.0,1.0,0.0,0.0,1.0,0,1,1,0,3,2
37UKDQ,461.0,460.0,314.0,490.0,119.0,555.0,546.0,544.0,413.0,566.0,265.0,604.0,3.0,3.0,3.0,3.0,3.0,3.0,3,3,3,3,3,3
5DHCH7,2000.0,10000.0,805.0,10000.0,879.0,1800.0,2000.0,10000.0,1500.0,10000.0,973.0,1800.0,0.0,0.0,1.0,0.0,2.0,0.0,1,0,3,0,3,3
JPNV60,298.0,1500.0,263.0,1000.0,376.0,336.0,765.0,1550.0,729.0,1100.0,382.0,379.0,3.0,0.0,3.0,1.0,3.0,3.0,3,2,3,3,3,3
DR9KDH,618.0,1200.0,764.0,327.0,277.0,256.0,898.0,1300.0,779.0,762.0,283.0,1400.0,2.0,0.0,3.0,3.0,3.0,1.0,3,3,3,3,3,3
PT2NAG,816.0,1300.0,1300.0,10000.0,617.0,1200.0,816.0,1300.0,1300.0,10000.0,666.0,1200.0,1.0,0.0,0.0,0.0,3.0,0.0,1,1,1,0,3,3
6Q24F8,355.0,1000.0,551.0,503.0,93.0,522.0,556.0,1100.0,581.0,1200.0,103.0,689.0,3.0,1.0,3.0,1.0,3.0,3.0,3,3,3,3,3,3
EWAQ24,1500.0,10000.0,10000.0,10000.0,471.0,1300.0,1500.0,10000.0,10000.0,10000.0,1800.0,1350.0,0.0,0.0,0.0,0.0,1.0,0.0,1,0,0,0,3,2
UD0TYS,1900.0,10000.0,1100.0,970.0,1100.0,1100.0,1900.0,10000.0,1700.0,1435.0,1400.0,1100.0,0.0,0.0,0.0,1.0,0.0,0.0,1,0,3,2,3,2
5Y1C97,275.0,335.0,45.0,591.0,8.0,222.0,314.0,503.0,764.0,659.0,161.0,361.0,3.0,3.0,3.0,3.0,3.0,3.0,3,3,3,3,3,3
C4SX8B,515.0,1100.0,86.0,595.0,244.0,264.0,952.0,1250.0,706.0,967.0,485.0,266.0,3.0,0.0,3.0,2.0,3.0,3.0,3,2,3,3,3,3
6YR1J8,1700.0,10000.0,567.0,547.0,224.0,657.0,1700.0,10000.0,1300.0,792.0,667.0,930.0,0.0,0.0,1.0,3.0,3.0,2.0,1,0,3,3,3,3
AFHP1Y,59.0,1000.0,523.0,483.0,213.0,357.0,503.0,1100.0,589.0,565.0,247.0,548.0,2.0,1.0,3.0,3.0,3.0,3.0,3,3,3,3,3,3
3SAZWQ,815.0,1600.0,570.0,858.0,477.0,405.0,1300.0,1650.0,646.0,889.0,545.0,636.0,1.0,0.0,3.0,2.0,3.0,3.0,3,2,3,3,3,3
U1RRS5,283.0,237.0,358.0,538.0,200.0,70.0,553.0,617.0,518.0,726.0,243.0,225.0,3.0,3.0,3.0,3.0,3.0,3.0,3,3,3,3,3,3
6QZTT8,334.0,1000.0,367.0,698.0,175.0,585.0,931.0,1500.0,1300.0,737.0,304.0,822.0,3.0,1.0,1.0,2.0,3.0,2.0,3,3,3,3,3,3
614F8Y,678.0,987.0,272.0,963.0,185.0,354.0,1139.0,1300.0,363.0,1100.0,226.0,1000.0,1.0,1.0,3.0,1.0,3.0,2.0,2,3,3,3,3,3
GTFHV2,557.0,630.0,880.0,407.0,436.0,114.0,1278.5,868.0,1400.0,1300.0,460.0,957.0,1.0,2.0,1.0,1.0,3.0,1.0,2,3,3,3,3,2
YBWW3D,1700.0,2000.0,717.0,747.0,394.0,733.0,1700.0,2000.0,1400.0,791.0,614.0,794.0,0.0,0.0,1.0,2.0,3.0,2.0,1,3,3,3,3,3
7KFYXA,10000.0,770.0,1700.0,1300.0,254.0,711.0,10000.0,770.0,1700.0,1700.0,286.0,898.0,0.0,1.0,0.0,0.0,3.0,2.0,0,1,3,3,3,3
3YT91Q,10000.0,10000.0,1200.0,10000.0,610.0,1800.0,10000.0,10000.0,1200.0,10000.0,1300.0,1800.0,0.0,0.0,0.0,0.0,1.0,0.0,0,0,1,0,3,1
3AKM0Q,10000.0,430.0,803.0,10000.0,1200.0,243.0,10000.0,430.0,803.0,10000.0,1300.0,1021.5,0.0,1.0,1.0,0.0,0.0,1.0,0,1,1,0,3,2
4RRBWF,690.0,400.0,373.0,169.0,150.0,531.0,1700.0,473.0,857.0,387.0,382.0,1200.0,1.0,3.0,3.0,2.0,3.0,1.0,3,3,3,3,3,3
JN5U60,1900.0,1600.0,513.0,1800.0,782.0,1900.0,1900.0,1600.0,1200.0,1800.0,819.0,1900.0,0.0,0.0,1.0,0.0,3.0,0.0,1,1,3,1,3,3
PM05ZG,850.0,933.0,345.0,740.0,144.0,595.0,909.0,1100.0,415.0,960.0,184.0,603.0,3.0,1.0,3.0,2.0,3.0,3.0,3,3,3,3,3,3
E0XRP4,10000.0,1200.0,819.0,1100.0,277.0,424.0,10000.0,1300.0,1800.0,1400.0,473.0,1600.0,0.0,0.0,1.0,0.0,3.0,1.0,0,3,3,3,3,3
7EGG8A,1200.0,2000.0,364.0,642.0,676.0,759.0,1300.0,2000.0,768.0,865.0,708.0,808.0,0.0,0.0,3.0,2.0,3.0,2.0,2,1,3,3,3,3
7D8WRA,953.0,1000.0,413.0,1200.0,354.0,329.0,981.0,1300.0,422.0,1200.0,358.0,495.0,3.0,1.0,3.0,0.0,3.0,3.0,3,3,3,3,3,3
8UXAV3,1100.0,382.0,1500.0,930.0,416.0,771.0,1350.0,893.0,1600.0,1800.0,450.0,1085.5,0.0,3.0,0.0,1.0,3.0,1.0,2,3,2,3,3,2
74PXBA,867.0,1700.0,363.0,586.0,237.0,630.0,974.0,1700.0,655.0,1200.0,261.0,667.0,3.0,0.0,3.0,1.0,3.0,3.0,3,3,3,3,3,3
Q56QTU,1300.0,1700.0,10000.0,1100.0,1300.0,10000.0,1300.0,1700.0,10000.0,1100.0,1300.0,10000.0,0.0,0.0,0.0,0.0,0.0,0.0,1,1,0,1,1,0
YFHWKD,760.0,1600.0,463.0,255.0,325.0,1300.0,760.0,1600.0,1300.0,322.0,560.0,1400.0,1.0,0.0,1.0,3.0,3.0,0.0,1,3,3,3,3,3
R99KKJ,1600.0,1300.0,1400.0,609.0,929.0,1500.0,1600.0,1300.0,1550.0,654.0,981.0,1500.0,0.0,0.0,0.0,3.0,2.0,0.0,1,1,2,3,3,2
3A6YAQ,1300.0,200.0,227.0,1300.0,259.0,1400.0,1500.0,241.0,1500.0,1500.0,332.0,1600.0,0.0,3.0,1.0,0.0,3.0,0.0,2,3,3,3,3,3
SABFV5,885.0,9.0,129.0,313.0,192.0,343.0,1200.0,80.0,1000.0,402.0,426.0,1200.0,1.0,3.0,3.0,2.0,3.0,1.0,3,3,3,3,3,3
1A7R96,481.0,1700.0,39.0,927.0,155.0,311.0,497.0,1750.0,1100.0,1200.0,298.0,318.0,3.0,0.0,1.0,1.0,3.0,3.0,3,2,3,3,3,3
7CQREA,1200.0,243.0,654.0,1000.0,124.0,1200.0,1300.0,267.0,1100.0,1300.0,301.0,1450.0,0.0,3.0,1.0,1.0,3.0,0.0,2,3,3,3,3,2
C4Y57B,1500.0,860.0,933.0,694.0,773.0,719.0,1500.0,871.0,1216.5,811.0,789.0,753.0,0.0,3.0,1.0,2.0,2.0,2.0,1,3,2,3,3,3
KWUP6C,1300.0,240.0,1200.0,651.0,233.0,713.0,1600.0,381.0,1700.0,1400.0,309.0,977.0,0.0,3.0,0.0,1.0,3.0,2.0,3,3,3,3,3,3
JN3ZZ0,826.0,1700.0,507.0,962.0,563.0,540.0,932.0,1800.0,521.0,1300.0,640.0,739.0,3.0,0.0,2.0,1.0,3.0,3.0,3,2,3,3,3,3
R239KJ,1800.0,585.0,882.0,142.0,142.0,450.0,1800.0,1100.0,1341.0,898.0,436.0,584.0,0.0,1.0,1.0,3.0,3.0,3.0,1,3,2,3,3,3
R2UN4J,920.0,146.0,185.0,925.0,858.0,1200.0,1410.0,768.0,1042.5,963.0,1100.0,1300.0,1.0,3.0,1.0,2.0,1.0,0.0,2,3,2,3,3,3
Q5ATDU,682.0,209.0,656.0,1200.0,163.0,903.0,722.0,678.0,1300.0,1600.0,568.0,903.0,2.0,3.0,1.0,0.0,3.0,1.0,3,3,3,3,3,1
7EP14A,1700.0,1500.0,1100.0,696.0,354.0,356.0,1700.0,1500.0,1200.0,1200.0,477.0,1300.0,0.0,0.0,0.0,1.0,3.0,1.0,1,3,3,3,3,3
8AVJB3,548.0,459.0,1400.0,948.0,558.0,1100.0,770.0,460.0,1600.0,1324.0,575.0,1100.0,2.0,3.0,0.0,1.0,3.0,0.0,3,3,3,2,3,3
AH6XKY,414.0,537.0,488.0,1100.0,475.0,1500.0,1157.0,760.0,944.0,1150.0,548.0,1700.0,1.0,3.0,1.0,0.0,3.0,0.0,2,3,2,2,3,2
0GBFQ9,1400.0,838.0,1800.0,10000.0,151.0,9.0,1400.0,838.0,1850.0,10000.0,220.0,1400.0,0.0,1.0,0.0,0.0,3.0,1.0,1,1,2,0,3,3
KEJ3ZC,1500.0,10000.0,554.0,98.0,283.0,654.0,1500.0,10000.0,1100.0,753.0,363.0,1300.0,0.0,0.0,1.0,3.0,3.0,1.0,1,0,3,3,3,3
Q1MYUQ,1600.0,550.0,806.0,1200.0,437.0,1600.0,1600.0,656.0,1300.0,1200.0,625.0,1600.0,0.0,2.0,1.0,0.0,3.0,0.0,2,3,3,1,3,1
8YMQ13,1600.0,10000.0,1100.0,1400.0,613.0,554.0,1600.0,10000.0,1100.0,1600.0,630.0,1000.0,0.0,0.0,0.0,0.0,3.0,2.0,1,0,3,3,3,3
4RYDGF,450.0,395.0,814.0,582.0,234.0,307.0,523.0,627.0,908.0,833.0,271.0,417.0,3.0,3.0,3.0,3.0,3.0,3.0,3,3,3,3,3,3
9XM1KP,10000.0,10000.0,506.0,10000.0,10000.0,10000.0,10000.0,10000.0,506.0,10000.0,10000.0,10000.0,0.0,0.0,1.0,0.0,0.0,0.0,0,0,1,0,0,0
GTWXE2,732.0,653.0,108.0,503.0,219.0,415.0,787.0,753.0,733.0,1100.0,259.0,497.0,2.0,2.0,2.0,1.0,3.0,3.0,3,3,3,3,3,3
8UZMP3,565.0,1300.0,297.0,713.0,224.0,444.0,579.0,1300.0,661.0,920.0,277.0,682.0,3.0,0.0,3.0,2.0,3.0,3.0,3,3,3,3,3,3
JPQHS0,1100.0,1100.0,379.0,332.0,348.0,135.0,1400.0,1700.0,654.0,786.0,387.0,529.0,0.0,0.0,3.0,2.0,3.0,3.0,2,3,3,3,3,3
7D8RBA,1100.0,1800.0,1800.0,10000.0,295.0,1700.0,1100.0,1800.0,1800.0,10000.0,927.0,1700.0,0.0,0.0,0.0,0.0,3.0,0.0,1,1,1,0,3,3
61FW8Y,10000.0,371.0,868.0,1100.0,798.0,10000.0,10000.0,672.0,868.0,1100.0,981.0,10000.0,0.0,2.0,1.0,0.0,3.0,0.0,0,2,1,1,3,0
RT3D3J,843.0,133.0,543.0,1100.0,99.0,958.0,882.0,558.0,1400.0,1700.0,378.0,1379.0,2.0,3.0,1.0,0.0,3.0,1.0,3,3,3,3,3,2
3DWZCQ,1100.0,1800.0,977.0,1400.0,626.0,1500.0,1100.0,1800.0,977.0,1400.0,632.0,1500.0,0.0,0.0,1.0,0.0,3.0,0.0,1,1,1,1,3,1
YFZJ1D,1300.0,1800.0,2000.0,745.0,386.0,10000.0,1300.0,1800.0,2000.0,883.0,614.0,10000.0,0.0,0.0,0.0,2.0,3.0,0.0,1,1,1,3,3,0
KJNQGC,10000.0,1200.0,10000.0,1600.0,436.0,1200.0,10000.0,1400.0,10000.0,1900.0,500.0,1200.0,0.0,0.0,0.0,0.0,3.0,0.0,0,2,0,3,3,2
5KRQZ7,310.0,228.0,217.0,532.0,169.0,238.0,463.0,297.0,489.0,603.0,186.0,248.0,3.0,3.0,3.0,3.0,3.0,3.0,3,3,3,3,3,3
DCTDMH,1400.0,1200.0,950.0,838.0,458.0,141.0,1400.0,1400.0,1300.0,908.0,590.0,901.0,0.0,0.0,1.0,2.0,3.0,2.0,1,3,3,3,3,3
379NUQ,10000.0,1500.0,1700.0,10000.0,10000.0,10000.0,10000.0,1500.0,1700.0,10000.0,10000.0,10000.0,0.0,0.0,0.0,0.0,0.0,0.0,0,1,1,0,0,0
K4RUMC,1400.0,983.0,865.0,1800.0,71.0,122.0,1550.0,1441.5,987.0,1800.0,264.0,371.0,0.0,1.0,2.0,0.0,3.0,3.0,2,2,3,3,3,3
13ARE6,1100.0,556.0,1400.0,1600.0,544.0,352.0,1500.0,576.5,1400.0,1600.0,618.0,609.0,0.0,2.0,0.0,0.0,3.0,2.0,3,2,1,1,3,3
8DSX43,417.0,806.0,714.0,516.0,188.0,950.0,1200.0,1100.0,885.0,639.0,230.0,1500.0,1.0,1.0,3.0,3.0,3.0,1.0,3,3,3,3,3,3
KJXR5C,296.0,1200.0,971.0,299.0,574.0,655.0,713.0,1200.0,1100.0,929.0,603.0,690.0,2.0,0.0,1.0,2.0,3.0,2.0,3,3,3,3,3,3
3DRD2Q,1100.0,2000.0,588.0,217.0,474.0,368.0,1200.0,2000.0,1200.0,1500.0,528.0,473.0,0.0,0.0,1.0,1.0,3.0,3.0,3,1,3,3,3,3
RNMRFJ,1400.0,1200.0,241.0,820.0,553.0,832.0,1400.0,1200.0,1400.0,1360.0,680.0,1066.0,0.0,0.0,1.0,1.0,3.0,1.0,1,1,3,2,3,2
5BPGB7,1800.0,488.0,504.0,887.0,257.0,822.0,1800.0,740.0,610.0,1400.0,484.0,1111.0,0.0,2.0,3.0,1.0,3.0,1.0,3,3,3,3,3,2
SC0035,738.0,842.0,254.0,414.0,203.0,514.0,1000.0,882.0,565.0,479.0,211.0,1400.0,2.0,2.0,3.0,3.0,3.0,1.0,3,3,3,3,3,3
6A44V8,730.0,861.0,234.0,410.0,223.0,526.0,1000.0,900.0,579.0,476.0,233.0,1400.0,2.0,2.0,3.0,3.0,3.0,1.0,3,3,3,3,3,3
8YWFP3,231.0,217.0,239.0,47.0,167.0,179.0,343.0,684.0,436.0,842.0,247.0,456.0,3.0,3.0,3.0,3.0,3.0,3.0,3,3,3,3,3,3
3DWWSQ,1100.0,1400.0,500.0,304.0,235.0,630.0,1100.0,1400.0,543.0,750.0,246.0,1600.0,0.0,0.0,3.0,3.0,3.0,1.0,3,3,3,3,3,3
6AF708,151.0,525.0,919.0,1200.0,236.0,1300.0,437.0,527.0,1100.0,1500.0,261.0,1300.0,2.0,3.0,1.0,0.0,3.0,0.0,3,3,3,2,3,1
6A4W68,1300.0,181.0,1100.0,10000.0,1300.0,1200.0,1300.0,207.0,1100.0,10000.0,1300.0,1200.0,0.0,2.0,0.0,0.0,0.0,0.0,1,3,1,0,3,1
SC0PU5,1600.0,1600.0,160.0,194.0,195.0,374.0,1750.0,1600.0,567.0,566.0,405.0,488.0,0.0,0.0,3.0,3.0,3.0,3.0,2,1,3,3,3,3
RTQQTJ,294.0,312.0,338.0,569.0,129.0,754.0,303.0,494.0,809.0,694.0,194.0,813.0,3.0,2.0,3.0,3.0,3.0,3.0,3,3,3,3,3,3
85FPX3,1700.0,719.0,404.0,1200.0,289.0,1200.0,1700.0,1000.0,520.0,1200.0,461.0,1500.0,0.0,2.0,3.0,0.0,3.0,0.0,1,3,3,3,3,3
EP1V84,1300.0,1600.0,1300.0,517.0,508.0,1600.0,1450.0,1600.0,1600.0,557.0,797.0,1700.0,0.0,0.0,0.0,3.0,3.0,0.0,2,2,3,3,3,3
W0NE0R,733.0,94.0,48.0,158.0,361.0,278.0,1400.0,175.0,881.0,259.0,431.0,1100.0,1.0,3.0,2.0,2.0,3.0,1.0,3,3,3,3,3,3
5DEK57,1400.0,468.0,1400.0,10000.0,925.0,1400.0,1400.0,601.0,1400.0,10000.0,980.0,1400.0,0.0,3.0,0.0,0.0,2.0,0.0,1,3,1,0,3,1
DERR4H,456.0,537.0,385.0,621.0,372.0,142.0,704.0,568.0,609.0,659.0,375.0,274.0,3.0,3.0,3.0,3.0,3.0,3.0,3,3,3,3,3,3
6S72C8,468.0,685.0,331.0,467.0,230.0,496.0,493.0,901.0,435.0,516.0,256.0,659.0,3.0,3.0,3.0,3.0,3.0,3.0,3,3,3,3,3,3
UY223S,262.0,749.0,226.0,576.0,103.0,531.0,263.0,881.0,505.0,684.0,274.0,624.0,3.0,2.0,3.0,3.0,3.0,3.0,3,3,3,3,3,3
377S6Q,10000.0,849.0,448.0,10000.0,385.0,1200.0,10000.0,849.0,640.5,10000.0,411.0,1200.0,0.0,1.0,2.0,0.0,3.0,0.0,0,1,2,0,3,1
UYKXRS,816.0,1200.0,621.0,513.0,122.0,356.0,1000.0,1300.0,774.0,566.0,278.0,1500.0,2.0,0.0,3.0,3.0,3.0,1.0,3,3,3,3,3,3
1UK786,234.0,881.0,398.0,457.0,238.0,249.0,678.0,1100.0,507.0,617.0,327.0,403.0,2.0,1.0,3.0,3.0,3.0,3.0,3,3,3,3,3,3
40RSHF,207.0,585.0,331.0,486.0,223.0,606.0,428.0,1200.0,641.0,531.0,332.0,631.0,3.0,1.0,3.0,3.0,3.0,3.0,3,3,3,3,3,3
G17S72,10000.0,725.0,1800.0,1800.0,1400.0,452.0,10000.0,982.0,1800.0,1800.0,1400.0,1000.0,0.0,2.0,0.0,0.0,0.0,2.0,0,3,1,1,3,3
3SDJ5Q,621.0,725.0,250.0,668.0,404.0,707.0,713.0,833.0,433.0,869.0,615.0,828.0,2.0,3.0,3.0,3.0,3.0,2.0,3,3,3,3,3,3
7KR6KA,135.0,1100.0,504.0,333.0,32.0,1200.0,1500.0,1100.0,568.0,355.0,305.0,1300.0,1.0,0.0,3.0,3.0,3.0,0.0,3,3,3,3,3,3
GNAPJ2,10000.0,1700.0,1500.0,10000.0,10000.0,10000.0,10000.0,1700.0,1500.0,10000.0,10000.0,10000.0,0.0,0.0,0.0,0.0,0.0,0.0,0,1,1,0,0,0
UABYXS,1200.0,718.0,770.0,1500.0,357.0,241.0,1350.0,1700.0,1300.0,1700.0,451.0,246.0,0.0,1.0,1.0,0.0,3.0,3.0,2,3,3,3,3,3
SDBZY5,745.0,1100.0,504.0,672.0,178.0,527.0,1500.0,1300.0,615.0,909.0,226.0,1300.0,1.0,0.0,3.0,3.0,3.0,1.0,3,3,3,3,3,3
PXTNAG,10000.0,501.0,1200.0,672.0,624.0,396.0,10000.0,650.0,1200.0,769.0,709.0,864.0,0.0,3.0,0.0,3.0,3.0,2.0,0,3,1,3,3,3
AC0CDY,1200.0,224.0,380.0,389.0,153.0,251.0,1200.0,776.0,1900.0,791.0,246.0,631.0,0.0,2.0,1.0,2.0,3.0,3.0,1,3,3,3,3,3
5HF6G7,381.0,1000.0,344.0,681.0,206.0,633.0,499.0,1000.0,587.0,719.0,329.0,1000.0,3.0,2.0,3.0,3.0,3.0,3.0,3,3,3,3,3,3
9TV1YP,436.0,896.0,151.0,380.0,210.0,616.0,443.0,898.0,320.0,713.0,326.0,624.0,3.0,3.0,3.0,3.0,3.0,3.0,3,3,3,3,3,3
UYDDFS,10000.0,10000.0,1500.0,705.0,1300.0,749.0,10000.0,10000.0,1550.0,1102.5,1400.0,758.5,0.0,0.0,0.0,1.0,0.0,2.0,0,0,2,2,3,2
QHJRNU,735.0,1900.0,347.0,939.0,232.0,813.0,1317.5,2000.0,919.0,1800.0,449.0,836.0,1.0,0.0,2.0,1.0,3.0,3.0,2,3,3,3,3,3
7KY4SA,281.0,850.0,749.0,269.0,251.0,238.0,998.0,853.0,1200.0,325.0,370.0,829.0,2.0,2.0,1.0,3.0,3.0,2.0,3,3,3,3,3,3
8S6PD3,1500.0,1600.0,908.0,1400.0,171.0,706.0,1500.0,1600.0,1100.0,1800.0,454.0,730.0,0.0,0.0,1.0,0.0,3.0,3.0,1,1,3,3,3,3
6AFA98,10000.0,10000.0,680.0,323.0,480.0,956.0,10000.0,10000.0,680.0,1161.5,763.0,1000.0,0.0,0.0,1.0,1.0,3.0,2.0,0,0,1,2,3,3
UYEYHS,504.0,507.0,377.0,561.0,40.0,60.0,698.0,583.0,475.0,1100.0,74.0,393.0,3.0,2.0,2.0,1.0,3.0,3.0,3,3,3,3,3,3
5HK3V7,814.0,281.0,690.0,331.0,346.0,599.0,1300.0,894.0,718.0,732.0,373.0,607.0,1.0,3.0,3.0,3.0,3.0,3.0,3,3,3,3,3,3
37UVXQ,357.0,444.0,160.0,405.0,306.0,803.0,438.0,1000.0,633.0,984.0,370.0,1100.0,3.0,3.0,3.0,3.0,3.0,1.0,3,3,3,3,3,3
87UPA3,955.0,478.0,702.0,1100.0,574.0,1100.0,1127.5,1139.0,762.5,1200.0,629.0,1100.0,1.0,1.0,2.0,0.0,3.0,0.0,2,2,2,2,3,3
SDCQ95,642.0,914.0,662.0,503.0,186.0,676.0,1400.0,1100.0,696.0,879.0,343.0,1500.0,1.0,1.0,3.0,3.0,3.0,1.0,3,3,3,3,3,3
375VPQ,368.0,423.0,431.0,355.0,282.0,729.0,540.0,682.0,564.0,869.0,309.0,731.0,3.0,2.0,3.0,2.0,3.0,3.0,3,3,3,3,3,3
375JKQ,1600.0,943.0,282.0,1100.0,432.0,1500.0,1600.0,1100.0,288.0,1200.0,508.0,1600.0,0.0,1.0,2.0,0.0,3.0,0.0,1,3,3,3,3,3
2MXDTZ,880.0,1600.0,421.0,1400.0,126.0,309.0,880.0,1600.0,1300.0,1600.0,219.0,1000.0,1.0,0.0,1.0,0.0,3.0,2.0,1,1,3,3,3,3
ACGM9Y,1700.0,305.0,1700.0,307.0,527.0,890.0,1700.0,693.0,1850.0,1100.0,657.0,1400.0,0.0,3.0,0.0,1.0,2.0,1.0,1,3,2,3,3,3
9TMEZP,1900.0,10000.0,609.0,10000.0,146.0,1600.0,1900.0,10000.0,824.0,10000.0,440.0,1750.0,0.0,0.0,3.0,0.0,3.0,0.0,1,0,3,0,3,2
ACKFPY,2000.0,10000.0,994.0,1100.0,1100.0,1200.0,2000.0,10000.0,1600.0,1100.0,1300.0,1200.0,0.0,0.0,1.0,0.0,0.0,0.0,1,0,3,1,3,2
5D5687,248.0,420.0,261.0,374.0,210.0,427.0,1700.0,699.0,647.0,645.0,333.0,498.0,1.0,3.0,3.0,3.0,3.0,3.0,3,3,3,3,3,3
13DN96,709.0,481.0,559.0,635.0,484.0,140.0,792.0,1200.0,615.0,683.0,492.0,404.0,3.0,1.0,3.0,3.0,3.0,3.0,3,3,3,3,3,3
7K9MKA,1200.0,1400.0,598.0,803.0,738.0,944.0,1200.0,1500.0,999.0,941.0,804.0,1400.0,0.0,0.0,1.0,2.0,3.0,1.0,1,3,2,3,3,3
DERJFH,419.0,274.0,63.0,296.0,163.0,256.0,653.0,364.0,458.0,335.0,243.0,316.0,3.0,3.0,3.0,3.0,3.0,3.0,3,3,3,3,3,3
ACB5AY,957.0,715.0,1300.0,1200.0,292.0,672.0,957.0,828.0,1300.0,1900.0,419.0,886.0,1.0,2.0,0.0,0.0,3.0,1.0,1,3,1,3,3,2
ACKHFY,1300.0,1200.0,664.0,987.0,366.0,451.0,1500.0,1500.0,1000.0,1100.0,595.0,475.0,0.0,0.0,2.0,1.0,3.0,3.0,3,2,3,3,3,3
85Q1R3,351.0,280.0,415.0,690.0,290.0,928.0,568.0,1200.0,460.0,1000.0,306.0,1100.0,3.0,1.0,3.0,3.0,3.0,1.0,3,3,3,3,3,3
KFF9WC,1900.0,997.0,2000.0,2000.0,828.0,1900.0,1900.0,1100.0,2000.0,2000.0,1100.0,1900.0,0.0,1.0,0.0,0.0,1.0,0.0,1,3,1,1,3,1
6SS7M8,550.0,305.0,87.0,330.0,266.0,220.0,624.0,376.0,410.0,432.0,268.0,310.0,3.0,3.0,3.0,3.0,3.0,3.0,3,3,3,3,3,3
0ZPHP9,999.0,1000.0,886.0,1200.0,652.0,964.0,999.0,1000.0,1000.0,1300.0,669.0,972.0,1.0,1.0,2.0,0.0,3.0,2.0,1,1,3,3,3,3
SD7TR5,580.0,393.0,409.0,163.0,334.0,603.0,771.0,416.0,500.0,225.0,352.0,605.0,3.0,2.0,3.0,3.0,3.0,3.0,3,3,3,3,3,3
GN9UJ2,806.0,810.0,441.0,792.0,256.0,437.0,998.0,1100.0,502.0,1000.0,298.0,604.0,3.0,1.0,3.0,2.0,3.0,3.0,3,3,3,3,3,3
DBV14H,826.0,699.0,293.0,856.0,262.0,626.0,1363.0,1200.0,654.0,1000.0,317.0,1200.0,1.0,1.0,3.0,3.0,3.0,1.0,2,3,3,3,3,3
42XPPF,1200.0,458.0,545.0,975.0,91.0,1200.0,1350.0,461.0,1300.0,1100.0,295.0,1300.0,0.0,3.0,1.0,1.0,3.0,0.0,2,3,3,3,3,2
1USNX6,1700.0,615.0,1700.0,10000.0,1100.0,1700.0,1700.0,684.0,1700.0,10000.0,1200.0,1700.0,0.0,2.0,0.0,0.0,0.0,0.0,1,3,1,0,3,1
SDKYX5,846.0,719.0,651.0,91.0,126.0,849.0,1300.0,950.0,979.0,771.0,131.0,1200.0,1.0,2.0,2.0,3.0,3.0,1.0,3,3,3,3,3,3
UAQZ5S,1800.0,468.0,543.0,878.0,216.0,847.0,1800.0,780.0,638.0,1400.0,458.0,1400.0,0.0,2.0,3.0,1.0,3.0,1.0,3,3,3,3,3,3
6SHWD8,10000.0,1500.0,1200.0,10000.0,1300.0,1800.0,10000.0,1500.0,1250.0,10000.0,1300.0,1800.0,0.0,0.0,0.0,0.0,0.0,0.0,0,1,2,0,3,1
UYD8AS,677.0,989.0,270.0,965.0,186.0,355.0,1138.5,1300.0,364.0,1100.0,227.0,1000.0,1.0,1.0,3.0,1.0,3.0,2.0,2,3,3,3,3,3
WP87YR,1800.0,10000.0,809.0,238.0,333.0,256.0,1800.0,10000.0,809.0,875.0,526.0,256.0,0.0,0.0,1.0,3.0,3.0,1.0,1,0,1,3,3,1
J26EB0,1200.0,1300.0,627.0,1600.0,307.0,1000.0,1200.0,1300.0,1400.0,1700.0,320.0,1100.0,0.0,0.0,1.0,0.0,3.0,1.0,1,1,3,3,3,3
EPDSM4,1200.0,1200.0,405.0,251.0,363.0,32.0,1450.0,1800.0,560.0,840.0,387.0,632.0,0.0,0.0,3.0,3.0,3.0,3.0,2,3,3,3,3,3
PN1UHG,321.0,980.0,162.0,634.0,331.0,193.0,457.0,1500.0,616.0,863.0,353.0,540.0,3.0,1.0,3.0,3.0,3.0,3.0,3,3,3,3,3,3
7KECXA,559.0,626.0,513.0,324.0,332.0,326.0,691.0,671.0,628.0,453.0,410.0,478.0,3.0,3.0,3.0,3.0,3.0,3.0,3,3,3,3,3,3
37UNZQ,514.0,421.0,441.0,560.0,277.0,166.0,787.0,1200.0,747.0,799.0,322.0,449.0,3.0,1.0,3.0,2.0,3.0,3.0,3,3,3,3,3,3
5B3M57,588.0,1500.0,982.0,1100.0,803.0,1800.0,588.0,1700.0,1600.0,1300.0,903.0,1800.0,1.0,0.0,1.0,0.0,2.0,0.0,1,2,3,2,3,1
37APFQ,1200.0,812.0,597.0,443.0,257.0,306.0,1450.0,1600.0,826.0,693.0,390.0,865.0,0.0,1.0,2.0,2.0,3.0,2.0,2,3,3,3,3,3
2XGR7Z,953.0,1100.0,329.0,1200.0,315.0,315.0,1100.0,1400.0,335.0,1200.0,320.0,607.0,1.0,0.0,3.0,0.0,3.0,3.0,3,3,3,3,3,3
85RYC3,953.0,10000.0,656.0,967.0,431.0,941.0,953.0,10000.0,1500.0,1083.5,440.0,984.0,1.0,0.0,1.0,1.0,3.0,3.0,1,0,3,2,3,3
SD7HQ5,285.0,673.0,486.0,326.0,154.0,300.0,617.0,832.0,1100.0,331.0,266.0,642.0,3.0,3.0,1.0,3.0,3.0,3.0,3,3,3,3,3,3
5EWQM7,10000.0,10000.0,10000.0,10000.0,806.0,1400.0,10000.0,10000.0,10000.0,10000.0,1200.0,1500.0,0.0,0.0,0.0,0.0,1.0,0.0,0,0,0,0,3,3
SYP0T5,641.0,1500.0,1400.0,10000.0,444.0,1200.0,641.0,1500.0,1400.0,10000.0,581.0,1300.0,1.0,0.0,0.0,0.0,3.0,0.0,1,1,1,0,3,3
QAHHZU,10000.0,1600.0,1400.0,1900.0,699.0,10000.0,10000.0,1600.0,1650.0,1950.0,834.0,10000.0,0.0,0.0,0.0,0.0,2.0,0.0,0,1,2,2,3,0
K4K44C,914.0,819.0,1300.0,1300.0,275.0,654.0,1407.0,842.0,1300.0,1800.0,304.0,877.0,1.0,2.0,0.0,0.0,3.0,1.0,2,3,1,3,3,2
5H89X7,730.0,2000.0,479.0,1900.0,379.0,960.0,730.0,2000.0,479.0,1900.0,630.0,960.0,1.0,0.0,1.0,0.0,3.0,1.0,1,1,1,2,3,1
6U6ZN8,826.0,706.0,309.0,954.0,98.0,636.0,1900.0,963.0,1300.0,1100.0,101.0,717.0,1.0,2.0,1.0,1.0,3.0,2.0,3,3,3,3,3,3
6S56M8,1100.0,307.0,352.0,407.0,160.0,319.0,1100.0,689.0,1900.0,867.0,235.0,586.0,0.0,3.0,1.0,2.0,3.0,3.0,1,3,3,3,3,3
W9N8AR,353.0,1600.0,117.0,938.0,195.0,177.0,528.0,1600.0,944.0,1400.0,291.0,428.0,3.0,0.0,2.0,1.0,3.0,3.0,3,2,3,3,3,3
EJMXV4,1200.0,1400.0,1100.0,1700.0,355.0,1600.0,1200.0,1900.0,1200.0,1800.0,545.0,1600.0,0.0,0.0,0.0,0.0,3.0,0.0,1,3,3,2,3,1
DE2GEH,870.0,468.0,1200.0,596.0,543.0,411.0,1385.0,825.0,1350.0,1600.0,561.0,955.5,1.0,3.0,0.0,1.0,3.0,1.0,2,3,2,3,3,2
40MRBF,138.0,633.0,182.0,406.0,123.0,961.0,709.0,1200.0,465.0,726.0,193.0,1200.0,3.0,1.0,3.0,2.0,3.0,1.0,3,3,3,3,3,3
1QMB96,10000.0,1900.0,1300.0,10000.0,800.0,10000.0,10000.0,1900.0,1650.0,10000.0,1000.0,10000.0,0.0,0.0,0.0,0.0,2.0,0.0,0,1,2,0,3,0
SD7CS5,302.0,556.0,557.0,682.0,75.0,397.0,811.0,1400.0,1300.0,719.0,511.0,648.0,2.0,1.0,1.0,3.0,3.0,2.0,3,3,3,3,3,3
KFESQC,1300.0,582.0,387.0,253.0,90.0,511.0,1400.0,1000.0,470.0,631.0,171.0,982.0,0.0,2.0,3.0,3.0,3.0,2.0,3,3,3,3,3,3
5HRQT7,607.0,10000.0,267.0,633.0,190.0,668.0,607.0,10000.0,1300.0,916.5,482.0,678.0,1.0,0.0,1.0,1.0,3.0,3.0,1,0,3,2,3,3
SDBEV5,1500.0,652.0,1800.0,909.0,350.0,1200.0,1500.0,1200.0,1800.0,1254.5,468.0,1400.0,0.0,1.0,0.0,1.0,3.0,0.0,1,3,1,2,3,3
7HEMKA,10000.0,10000.0,94.0,558.0,356.0,87.0,10000.0,10000.0,1100.0,1300.0,390.0,770.0,0.0,0.0,1.0,1.0,3.0,2.0,0,0,3,3,3,3
9V3BGP,336.0,496.0,619.0,90.0,180.0,1100.0,1700.0,999.0,993.0,580.0,275.0,1300.0,1.0,2.0,2.0,3.0,3.0,0.0,3,3,3,3,3,3
AKNPKY,10000.0,2000.0,570.0,1300.0,120.0,87.0,10000.0,2000.0,885.0,1400.0,201.0,779.0,0.0,0.0,2.0,0.0,3.0,2.0,0,1,3,2,3,3
7H2F9A,1800.0,1100.0,257.0,1200.0,362.0,501.0,1800.0,1300.0,894.0,1700.0,492.0,794.0,0.0,0.0,2.0,0.0,3.0,3.0,1,3,3,3,3,3
7KE10A,916.0,448.0,818.0,1900.0,940.0,837.0,916.0,555.0,818.0,1900.0,1100.0,837.0,1.0,3.0,1.0,0.0,1.0,1.0,1,3,1,3,3,1
PZY73G,1100.0,342.0,555.0,1800.0,383.0,1400.0,1100.0,1300.0,873.0,1850.0,418.0,1500.0,0.0,1.0,2.0,0.0,3.0,0.0,1,3,3,2,3,2
RC9MJQ,2000.0,1300.0,398.0,866.0,471.0,298.0,2000.0,1450.0,1000.0,1200.0,528.0,599.0,0.0,0.0,2.0,1.0,3.0,3.0,1,2,3,3,3,3
EJRBT4,143.0,265.0,373.0,379.0,213.0,110.0,655.0,332.0,598.0,635.0,275.0,145.0,3.0,3.0,3.0,3.0,3.0,3.0,3,3,3,3,3,3
AK0D5Y,578.0,1800.0,209.0,1100.0,231.0,225.0,691.0,1800.0,1100.0,1200.0,340.0,300.0,3.0,0.0,1.0,0.0,3.0,3.0,3,2,3,3,3,3
R2EYRJ,10000.0,532.0,1600.0,414.0,213.0,10000.0,10000.0,716.5,1600.0,414.0,326.0,10000.0,0.0,2.0,0.0,1.0,3.0,0.0,0,2,1,1,3,0
UDB9HS,1100.0,346.0,1400.0,835.0,401.0,681.0,1350.0,851.0,1500.0,1800.0,420.0,1040.5,0.0,3.0,0.0,1.0,3.0,1.0,2,3,2,3,3,2
UAH19S,281.0,127.0,214.0,244.0,160.0,406.0,471.0,211.0,650.0,858.0,172.0,453.0,3.0,2.0,2.0,3.0,3.0,3.0,3,3,3,3,3,3
JPWD90,1000.0,976.0,1000.0,1600.0,168.0,1400.0,1700.0,984.5,1300.0,1700.0,183.0,1400.0,1.0,2.0,1.0,0.0,3.0,0.0,3,2,3,3,3,2
ACCDEY,10000.0,2000.0,1200.0,1600.0,1200.0,1600.0,10000.0,2000.0,1200.0,1750.0,1300.0,1600.0,0.0,0.0,0.0,0.0,0.0,0.0,0,1,1,2,3,2
J2Z7C0,1700.0,1700.0,227.0,1300.0,236.0,517.0,1700.0,1700.0,951.0,1350.0,360.0,854.0,0.0,0.0,2.0,0.0,3.0,2.0,1,1,3,2,3,3
ERZ1U4,383.0,693.0,963.0,882.0,155.0,403.0,480.0,750.0,1300.0,1700.0,231.0,416.0,2.0,2.0,1.0,1.0,3.0,3.0,3,3,3,3,3,3
2XVPUZ,285.0,1100.0,591.0,641.0,160.0,132.0,506.0,1150.0,737.0,1200.0,299.0,344.0,3.0,0.0,3.0,1.0,3.0,3.0,3,2,3,3,3,3
PNFH6G,797.0,1800.0,257.0,595.0,155.0,1000.0,1248.5,1800.0,1000.0,1000.0,317.0,1100.0,1.0,0.0,3.0,3.0,3.0,1.0,2,3,3,3,3,3
GX8KF2,10000.0,10000.0,361.0,10000.0,176.0,10000.0,10000.0,10000.0,780.5,10000.0,262.0,10000.0,0.0,0.0,1.0,0.0,3.0,0.0,0,0,2,0,3,0
8SAZS3,730.0,1400.0,368.0,659.0,167.0,736.0,795.0,1400.0,1100.0,674.0,200.0,748.0,3.0,0.0,1.0,3.0,3.0,2.0,3,3,3,3,3,3
CWURTB,80.0,1100.0,883.0,377.0,416.0,573.0,418.0,1200.0,941.0,700.0,424.0,779.0,2.0,0.0,3.0,3.0,3.0,3.0,3,3,3,3,3,3
CW785B,753.0,1000.0,513.0,605.0,247.0,531.0,1500.0,1200.0,675.0,852.0,274.0,1300.0,1.0,1.0,3.0,3.0,3.0,1.0,3,3,3,3,3,3
85GR43,10000.0,1200.0,1500.0,1300.0,862.0,10000.0,10000.0,1200.0,1750.0,1500.0,1100.0,10000.0,0.0,0.0,0.0,0.0,1.0,0.0,0,1,2,2,3,0
5HBT07,1200.0,703.0,1100.0,1800.0,384.0,629.0,1300.0,780.0,1500.0,1800.0,673.0,797.0,0.0,2.0,0.0,0.0,3.0,3.0,3,3,2,1,3,3
6S5BH8,517.0,1200.0,416.0,547.0,167.0,741.0,869.0,1200.0,728.0,558.0,228.0,882.0,3.0,0.0,2.0,3.0,3.0,3.0,3,3,3,3,3,3
5Y89X7,471.0,766.0,890.0,205.0,294.0,1300.0,1500.0,960.0,985.0,679.0,383.0,1300.0,1.0,2.0,2.0,2.0,3.0,0.0,3,3,3,3,3,3
7K1N6A,1600.0,1700.0,384.0,620.0,317.0,659.0,1600.0,1800.0,994.0,1100.0,374.0,687.0,0.0,0.0,3.0,1.0,3.0,3.0,3,3,3,3,3,3
QAEB2U,10000.0,10000.0,10000.0,10000.0,192.0,10000.0,10000.0,10000.0,10000.0,10000.0,1700.0,10000.0,0.0,0.0,0.0,0.0,1.0,0.0,0,0,0,0,3,0
7EGP6A,1400.0,10000.0,1400.0,1200.0,268.0,823.0,1400.0,10000.0,1600.0,1400.0,297.0,830.0,0.0,0.0,0.0,0.0,3.0,2.0,1,0,3,3,3,3
SK29X5,548.0,703.0,21.0,306.0,212.0,99.0,682.0,899.0,406.0,428.0,271.0,103.0,3.0,3.0,3.0,3.0,3.0,3.0,3,3,3,3,3,3
YBBPHD,902.0,609.0,649.0,490.0,214.0,776.0,902.0,1800.0,649.0,523.0,295.0,776.0,1.0,1.0,1.0,3.0,3.0,1.0,1,3,1,3,3,1
0ZN4P9,656.0,1600.0,985.0,1900.0,516.0,691.0,656.0,1600.0,1700.0,1900.0,554.0,852.0,1.0,0.0,1.0,0.0,3.0,3.0,1,1,3,1,3,3
SDDWS5,582.0,1600.0,377.0,598.0,201.0,1400.0,1900.0,1600.0,691.0,752.0,265.0,1400.0,1.0,0.0,3.0,3.0,3.0,0.0,3,3,3,3,3,3
37S4CQ,175.0,715.0,166.0,517.0,153.0,395.0,329.0,820.0,344.0,731.0,159.0,663.0,3.0,3.0,3.0,3.0,3.0,3.0,3,3,3,3,3,3
WPPENR,303.0,140.0,333.0,782.0,173.0,968.0,664.0,905.0,567.0,1100.0,412.0,980.0,3.0,2.0,3.0,1.0,3.0,2.0,3,3,3,3,3,3
5H4FH7,219.0,318.0,172.0,346.0,79.0,259.0,642.0,461.0,377.0,676.0,94.0,310.0,3.0,3.0,3.0,3.0,3.0,3.0,3,3,3,3,3,3
0ZXT69,1700.0,948.0,1100.0,1200.0,525.0,10000.0,1700.0,948.0,1200.0,1300.0,1100.0,10000.0,0.0,1.0,0.0,0.0,1.0,0.0,1,1,2,2,3,0
KFWZ0C,241.0,1200.0,646.0,283.0,100.0,582.0,472.0,1200.0,655.0,324.0,150.0,1000.0,3.0,0.0,3.0,3.0,3.0,2.0,3,3,3,3,3,3
SYSMP5,808.0,10000.0,972.0,633.0,487.0,816.0,808.0,10000.0,1436.0,779.0,679.0,1308.0,1.0,0.0,1.0,3.0,3.0,1.0,1,0,2,3,3,2
W9BB3R,311.0,195.0,24.0,312.0,238.0,99.0,428.0,417.0,724.0,801.0,267.0,459.0,3.0,3.0,3.0,3.0,3.0,3.0,3,3,3,3,3,3
RG25SJ,350.0,505.0,344.0,212.0,58.0,259.0,463.0,519.0,777.0,477.0,104.0,652.0,3.0,3.0,3.0,3.0,3.0,3.0,3,3,3,3,3,3
AC9DUY,428.0,1100.0,431.0,667.0,440.0,805.0,428.0,1300.0,1300.0,672.0,479.0,1600.0,1.0,0.0,1.0,3.0,3.0,1.0,1,3,3,3,3,3
5HAVV7,655.0,1100.0,306.0,807.0,234.0,305.0,1000.0,1250.0,508.0,839.0,327.0,305.0,2.0,0.0,3.0,2.0,3.0,3.0,3,2,3,3,3,3
ABD15Y,1400.0,1100.0,1200.0,455.0,740.0,1300.0,1400.0,1100.0,1500.0,491.0,790.0,1500.0,0.0,0.0,0.0,3.0,3.0,0.0,1,1,2,3,3,2
GXWC82,1200.0,1500.0,206.0,424.0,210.0,358.0,1500.0,1750.0,611.0,832.0,346.0,444.0,0.0,0.0,3.0,3.0,3.0,3.0,2,2,3,3,3,3
5H0NE7,483.0,1600.0,415.0,459.0,260.0,802.0,1500.0,1600.0,679.0,1500.0,296.0,1200.0,1.0,0.0,3.0,1.0,3.0,1.0,3,3,3,3,3,3
WPXHWR,832.0,1700.0,461.0,1200.0,471.0,880.0,899.0,1850.0,843.0,1300.0,514.0,952.0,3.0,0.0,3.0,0.0,3.0,3.0,3,2,3,3,3,3
KF0SMC,609.0,194.0,802.0,919.0,593.0,665.0,609.0,705.0,1800.0,1400.0,621.0,1000.0,1.0,3.0,1.0,1.0,3.0,2.0,1,3,3,3,3,3
6SAJE8,392.0,1800.0,473.0,1100.0,296.0,462.0,405.0,1800.0,906.0,1300.0,417.0,518.0,3.0,0.0,2.0,0.0,3.0,3.0,3,1,3,3,3,3
QADSYU,209.0,590.0,268.0,270.0,242.0,397.0,321.0,656.0,325.0,357.0,308.0,497.0,3.0,3.0,3.0,3.0,3.0,3.0,3,3,3,3,3,3
J2GQH0,598.0,236.0,187.0,982.0,723.0,1300.0,1249.0,809.0,893.5,1000.0,754.0,1600.0,1.0,3.0,1.0,2.0,3.0,0.0,2,3,2,3,3,3
UAU8CS,1600.0,1100.0,769.0,10000.0,297.0,1400.0,1600.0,1100.0,803.5,10000.0,321.0,1400.0,0.0,0.0,2.0,0.0,3.0,0.0,1,1,2,0,3,1
5DSTX7,908.0,1200.0,287.0,631.0,357.0,486.0,1400.0,1250.0,800.0,739.0,625.0,638.0,1.0,0.0,2.0,3.0,3.0,2.0,3,2,3,3,3,3
5DHU67,261.0,1300.0,507.0,476.0,173.0,132.0,327.0,1400.0,839.0,1400.0,251.0,587.0,3.0,0.0,3.0,1.0,3.0,3.0,3,2,3,3,3,3
3576TQ,1500.0,1100.0,356.0,961.0,346.0,1300.0,1500.0,1100.0,453.0,1200.0,506.0,1700.0,0.0,0.0,2.0,1.0,3.0,0.0,1,3,3,3,3,3
3SVEFQ,665.0,420.0,910.0,674.0,71.0,790.0,1000.0,432.0,1100.0,853.0,166.0,1200.0,2.0,2.0,1.0,2.0,3.0,1.0,3,3,3,3,3,3
DC5F2H,178.0,444.0,404.0,502.0,154.0,290.0,621.0,587.0,450.0,524.0,209.0,375.0,3.0,3.0,3.0,3.0,3.0,3.0,3,3,3,3,3,3
6QGWJ8,224.0,236.0,385.0,669.0,291.0,856.0,617.0,858.0,473.0,1200.0,360.0,1000.0,3.0,3.0,3.0,1.0,3.0,2.0,3,3,3,3,3,3
EJ0H94,10000.0,181.0,1500.0,576.0,676.0,580.0,10000.0,443.0,1750.0,1100.0,867.0,1200.0,0.0,3.0,0.0,1.0,3.0,1.0,0,3,2,3,3,3
S10W5Y,437.0,1900.0,474.0,372.0,368.0,504.0,475.0,1900.0,775.0,1500.0,425.0,625.0,3.0,0.0,3.0,1.0,3.0,3.0,3,1,3,3,3,3
9NNH2P,333.0,957.0,809.0,1000.0,85.0,1100.0,1600.0,1200.0,1000.0,1400.0,128.0,1200.0,1.0,1.0,2.0,1.0,3.0,0.0,3,3,3,3,3,3
40N5QF,188.0,741.0,340.0,588.0,70.0,482.0,197.0,907.0,574.0,636.0,153.0,559.0,3.0,3.0,3.0,3.0,3.0,3.0,3,3,3,3,3,3
7KWCZA,981.0,1600.0,540.0,573.0,77.0,193.0,1000.0,1600.0,797.0,1100.0,115.0,1600.0,2.0,0.0,2.0,1.0,3.0,1.0,3,3,3,3,3,3
SDEPS5,612.0,354.0,438.0,1200.0,188.0,828.0,755.0,1700.0,723.0,1200.0,516.0,1100.0,3.0,1.0,3.0,0.0,3.0,1.0,3,3,3,3,3,3
7K4W6A,10000.0,1900.0,284.0,10000.0,556.0,10000.0,10000.0,1900.0,1100.0,10000.0,719.0,10000.0,0.0,0.0,1.0,0.0,3.0,0.0,0,1,3,0,3,0
GXTRV2,462.0,394.0,946.0,1100.0,660.0,875.0,462.0,841.0,1700.0,1200.0,677.0,1200.0,1.0,3.0,1.0,0.0,3.0,1.0,1,3,3,3,3,3
SYSY65,954.0,471.0,1300.0,813.0,536.0,615.0,1377.0,965.0,1500.0,1700.0,548.0,1057.5,1.0,3.0,0.0,1.0,3.0,1.0,2,3,2,3,3,2
SYR4N5,1400.0,938.0,80.0,1200.0,955.0,64.0,1400.0,938.0,942.0,1200.0,963.0,131.0,0.0,1.0,2.0,0.0,3.0,2.0,1,1,3,1,3,3
W9G4TR,429.0,1700.0,524.0,914.0,247.0,207.0,902.0,1700.0,672.0,1400.0,321.0,399.0,3.0,0.0,3.0,1.0,3.0,3.0,3,3,3,3,3,3
9ZNGQP,728.0,1100.0,349.0,729.0,298.0,250.0,954.0,1250.0,438.0,881.0,315.0,251.0,3.0,0.0,3.0,2.0,3.0,3.0,3,2,3,3,3,3
QAYYZU,398.0,216.0,333.0,468.0,246.0,255.0,542.0,393.0,592.0,626.0,289.0,382.0,3.0,3.0,3.0,3.0,3.0,3.0,3,3,3,3,3,3
ABH1SY,10000.0,10000.0,364.0,10000.0,442.0,10000.0,10000.0,10000.0,1032.0,10000.0,561.0,10000.0,0.0,0.0,1.0,0.0,3.0,0.0,0,0,2,0,3,0
YEHTRD,808.0,1600.0,515.0,274.0,327.0,1300.0,808.0,1600.0,1300.0,296.0,511.0,1400.0,1.0,0.0,1.0,3.0,3.0,0.0,1,3,3,3,3,3
SDV685,10000.0,10000.0,744.0,10000.0,752.0,10000.0,10000.0,10000.0,744.0,10000.0,1100.0,10000.0,0.0,0.0,1.0,0.0,1.0,0.0,0,0,1,0,3,0
85HXA3,415.0,1700.0,499.0,908.0,282.0,173.0,872.0,1700.0,691.0,1400.0,324.0,421.0,3.0,0.0,3.0,1.0,3.0,3.0,3,3,3,3,3,3
85APS3,1100.0,1500.0,363.0,169.0,141.0,757.0,1200.0,1500.0,493.0,891.0,249.0,1500.0,0.0,0.0,3.0,3.0,3.0,1.0,3,3,3,3,3,3
7KCZFA,1100.0,383.0,1400.0,920.0,419.0,760.0,1350.0,893.0,1550.0,1800.0,451.0,1080.0,0.0,3.0,0.0,1.0,3.0,1.0,2,3,2,3,3,2
PNZ1KG,1600.0,1300.0,1300.0,435.0,27.0,375.0,1600.0,1600.0,1500.0,622.0,407.0,892.0,0.0,0.0,0.0,3.0,3.0,3.0,1,3,3,3,3,3
6U62R8,524.0,685.0,114.0,862.0,265.0,726.0,536.0,728.0,927.0,863.0,522.0,744.0,3.0,2.0,3.0,3.0,3.0,3.0,3,3,3,3,3,3
9Z9XBP,1200.0,175.0,1500.0,831.0,229.0,740.0,1350.0,685.0,1600.0,1600.0,247.0,970.0,0.0,3.0,0.0,1.0,3.0,1.0,2,3,3,3,3,2
7HWMYA,538.0,633.0,593.0,1600.0,536.0,519.0,538.0,637.0,593.0,1600.0,735.0,1159.5,1.0,3.0,1.0,0.0,3.0,1.0,1,3,1,3,3,2
3SCDZQ,10000.0,461.0,1700.0,824.0,433.0,669.0,10000.0,1180.5,1700.0,1212.0,579.0,977.0,0.0,1.0,0.0,1.0,3.0,2.0,0,2,1,2,3,3
GXNQB2,223.0,1200.0,626.0,258.0,128.0,565.0,502.0,1300.0,642.0,298.0,180.0,1100.0,3.0,0.0,3.0,3.0,3.0,1.0,3,3,3,3,3,3
0T2QB9,968.0,10000.0,230.0,203.0,407.0,551.0,968.0,10000.0,230.0,203.0,601.0,555.0,1.0,0.0,1.0,1.0,3.0,2.0,1,0,1,1,3,3
QAX6WU,10000.0,10000.0,1500.0,693.0,1300.0,726.0,10000.0,10000.0,1600.0,1046.5,1400.0,736.0,0.0,0.0,0.0,1.0,0.0,2.0,0,0,2,2,3,2
5HTF67,551.0,1200.0,590.0,203.0,237.0,408.0,969.0,1400.0,691.0,853.0,273.0,1400.0,2.0,0.0,3.0,2.0,3.0,1.0,3,3,3,3,3,3
DENDVH,10000.0,1600.0,127.0,2000.0,930.0,2000.0,10000.0,1600.0,1200.0,2000.0,950.0,2000.0,0.0,0.0,1.0,0.0,3.0,0.0,0,1,3,1,3,1
7KJCMA,10000.0,1300.0,1300.0,1200.0,182.0,169.0,10000.0,1700.0,1400.0,1500.0,510.0,1400.0,0.0,0.0,0.0,0.0,3.0,1.0,0,3,3,3,3,3
7KFCTA,10000.0,1300.0,811.0,10000.0,1100.0,1600.0,10000.0,1300.0,979.0,10000.0,1100.0,1600.0,0.0,0.0,2.0,0.0,0.0,0.0,0,1,3,0,3,1
UYHX3S,460.0,799.0,111.0,217.0,207.0,174.0,741.0,824.0,420.0,354.0,348.0,198.0,3.0,3.0,3.0,3.0,3.0,3.0,3,3,3,3,3,3
1UU186,1900.0,1900.0,415.0,1200.0,100.0,490.0,1900.0,1900.0,769.0,1500.0,293.0,675.0,0.0,0.0,2.0,0.0,3.0,2.0,1,1,3,3,3,3
GXNAR2,1500.0,754.0,555.0,1100.0,320.0,1200.0,1500.0,789.0,1227.5,1500.0,558.0,1200.0,0.0,3.0,1.0,0.0,3.0,0.0,1,3,2,3,3,3
ACKW9Y,414.0,2000.0,179.0,592.0,173.0,827.0,775.0,2000.0,838.0,1400.0,217.0,866.0,3.0,0.0,3.0,1.0,3.0,3.0,3,1,3,3,3,3
W9M9TR,308.0,1600.0,1500.0,2000.0,116.0,1100.0,308.0,1750.0,1700.0,2000.0,723.0,1300.0,1.0,0.0,0.0,0.0,3.0,0.0,1,2,2,1,3,3
RPMVGJ,1100.0,1400.0,504.0,314.0,220.0,631.0,1200.0,1400.0,535.0,742.0,235.0,1600.0,0.0,0.0,3.0,3.0,3.0,1.0,3,3,3,3,3,3
8SK7F3,972.0,489.0,1300.0,858.0,547.0,656.0,1336.0,990.0,1500.0,1700.0,564.0,1078.0,1.0,2.0,0.0,1.0,3.0,1.0,2,3,2,3,3,2
5DDMX7,10000.0,1200.0,1400.0,1400.0,313.0,384.0,10000.0,2000.0,1500.0,1500.0,410.0,1300.0,0.0,0.0,0.0,0.0,3.0,1.0,0,3,3,3,3,3
UXW0S5,1300.0,1400.0,916.0,791.0,502.0,793.0,1300.0,1700.0,916.0,1500.0,623.0,804.0,0.0,0.0,1.0,1.0,3.0,3.0,1,3,1,3,3,3
ETWJ4W,1300.0,1500.0,620.0,899.0,835.0,953.0,1300.0,1600.0,1060.0,990.0,900.0,1400.0,0.0,0.0,1.0,2.0,3.0,1.0,1,3,2,3,3,3
8YW4G3,1500.0,1400.0,716.0,1800.0,285.0,562.0,1550.0,1400.0,1200.0,1900.0,302.0,583.0,0.0,0.0,1.0,0.0,3.0,3.0,2,1,3,2,3,3
SHDVR5,10000.0,10000.0,483.0,10000.0,563.0,10000.0,10000.0,10000.0,1091.5,10000.0,612.0,10000.0,0.0,0.0,1.0,0.0,3.0,0.0,0,0,2,0,3,0
R29HBJ,10000.0,1300.0,626.0,10000.0,965.0,1600.0,10000.0,1300.0,951.0,10000.0,1000.0,1600.0,0.0,0.0,2.0,0.0,3.0,0.0,0,1,3,0,3,1
0TPWV9,296.0,281.0,369.0,845.0,114.0,949.0,1200.0,1090.5,504.0,1200.0,295.0,1200.0,1.0,1.0,3.0,1.0,3.0,1.0,3,2,3,3,3,3
QANQ8U,10000.0,10000.0,589.0,10000.0,335.0,10000.0,10000.0,10000.0,844.5,10000.0,351.0,10000.0,0.0,0.0,1.0,0.0,3.0,0.0,0,0,2,0,3,0
2MEQ8Z,10000.0,10000.0,191.0,658.0,264.0,92.0,10000.0,10000.0,985.0,1500.0,290.0,643.0,0.0,0.0,2.0,1.0,3.0,2.0,0,0,3,3,3,3
AC2JCY,10000.0,10000.0,1300.0,830.0,1300.0,883.0,10000.0,10000.0,1400.0,1215.0,1300.0,892.0,0.0,0.0,0.0,1.0,0.0,2.0,0,0,2,2,3,2
6SYC18,10000.0,10000.0,553.0,10000.0,605.0,10000.0,10000.0,10000.0,1276.5,10000.0,852.0,10000.0,0.0,0.0,1.0,0.0,3.0,0.0,0,0,2,0,3,0
37H7VQ,771.0,1800.0,315.0,1200.0,358.0,766.0,966.0,1900.0,780.0,1300.0,386.0,946.0,2.0,0.0,3.0,0.0,3.0,3.0,3,2,3,3,3,3
ACE68Y,10000.0,10000.0,273.0,10000.0,370.0,1000.0,10000.0,10000.0,785.0,10000.0,407.0,1000.0,0.0,0.0,3.0,0.0,3.0,1.0,0,0,3,0,3,1
85ASJ3,1500.0,367.0,288.0,1100.0,140.0,1300.0,1500.0,394.0,1500.0,1400.0,270.0,1500.0,0.0,3.0,1.0,0.0,3.0,0.0,2,3,3,3,3,3
5HKJ47,1400.0,467.0,665.0,633.0,721.0,878.0,1500.0,568.0,1800.0,1200.0,796.0,958.0,0.0,3.0,1.0,1.0,3.0,2.0,3,3,3,3,3,3
6SUXJ8,10000.0,546.0,1200.0,923.0,950.0,10000.0,10000.0,574.5,1200.0,923.0,1000.0,10000.0,0.0,2.0,0.0,1.0,2.0,0.0,0,2,1,1,3,0
5HY617,534.0,1100.0,211.0,558.0,129.0,545.0,783.0,1600.0,1100.0,594.0,217.0,857.0,2.0,0.0,1.0,3.0,3.0,2.0,3,3,3,3,3,3
RG95AJ,114.0,575.0,170.0,449.0,219.0,532.0,203.0,967.0,496.0,697.0,323.0,556.0,3.0,3.0,3.0,3.0,3.0,3.0,3,3,3,3,3,3
1Q7HY6,1100.0,807.0,585.0,361.0,184.0,172.0,1500.0,807.0,1200.0,1000.0,406.0,256.0,0.0,1.0,1.0,2.0,3.0,3.0,3,1,3,3,3,3
GNX5E2,688.0,735.0,1000.0,814.0,592.0,538.0,688.0,1100.0,1350.0,1400.0,619.0,1169.0,1.0,1.0,1.0,1.0,3.0,1.0,1,3,2,3,3,2
JZZW20,912.0,1800.0,303.0,696.0,224.0,875.0,1256.0,2000.0,1000.0,1200.0,246.0,988.0,1.0,0.0,2.0,1.0,3.0,2.0,2,3,3,3,3,3
KWBFFC,432.0,288.0,330.0,615.0,245.0,133.0,453.0,534.0,676.0,756.0,289.0,247.0,3.0,3.0,3.0,3.0,3.0,3.0,3,3,3,3,3,3
JZGFZ0,10000.0,10000.0,1100.0,790.0,697.0,10000.0,10000.0,10000.0,1100.0,790.0,738.0,10000.0,0.0,0.0,0.0,1.0,3.0,0.0,0,0,1,1,3,0
40YY2F,719.0,1000.0,311.0,739.0,333.0,164.0,934.0,1150.0,470.0,829.0,376.0,165.0,3.0,1.0,3.0,2.0,3.0,3.0,3,2,3,3,3,3
UYT0XS,526.0,460.0,400.0,1100.0,541.0,1400.0,1213.0,768.0,900.0,1100.0,585.0,1600.0,1.0,3.0,1.0,0.0,3.0,0.0,2,3,2,3,3,2
UY2NJS,295.0,1200.0,570.0,940.0,240.0,644.0,295.0,1200.0,1235.0,948.0,290.0,644.0,1.0,0.0,1.0,2.0,3.0,1.0,1,3,2,3,3,1
6SHYZ8,2000.0,1700.0,846.0,995.0,430.0,578.0,2000.0,1700.0,1500.0,1000.0,677.0,896.0,0.0,0.0,1.0,2.0,3.0,2.0,1,1,3,3,3,3
402MMF,10000.0,10000.0,553.0,10000.0,605.0,10000.0,10000.0,10000.0,1276.5,10000.0,852.0,10000.0,0.0,0.0,1.0,0.0,3.0,0.0,0,0,2,0,3,0
7KB14A,638.0,1300.0,314.0,363.0,360.0,971.0,1500.0,1300.0,518.0,570.0,372.0,1700.0,1.0,0.0,3.0,3.0,3.0,1.0,3,3,3,3,3,3
377DSQ,394.0,700.0,310.0,773.0,150.0,298.0,437.0,703.0,441.0,793.0,154.0,851.0,3.0,3.0,3.0,3.0,3.0,3.0,3,3,3,3,3,3
9T2CXP,476.0,1200.0,769.0,335.0,408.0,634.0,910.0,1300.0,1100.0,1000.0,517.0,769.0,3.0,0.0,1.0,3.0,3.0,2.0,3,3,3,3,3,3
0ZGKP9,151.0,1200.0,967.0,356.0,498.0,636.0,521.0,1200.0,1000.0,802.0,528.0,755.0,2.0,0.0,3.0,3.0,3.0,3.0,3,3,3,3,3,3
2XV34Z,1000.0,1500.0,483.0,1200.0,475.0,597.0,1100.0,1650.0,767.0,1200.0,685.0,740.0,1.0,0.0,2.0,0.0,3.0,3.0,3,2,3,3,3,3
5DDEB7,898.0,636.0,1200.0,935.0,690.0,696.0,1349.0,1100.0,1500.0,1600.0,711.0,1198.0,1.0,1.0,0.0,1.0,3.0,1.0,2,3,2,3,3,2
3N11Q3,10000.0,1700.0,1400.0,950.0,440.0,394.0,10000.0,1700.0,1600.0,1200.0,522.0,818.0,0.0,0.0,0.0,1.0,3.0,3.0,0,1,3,3,3,3
DDQ5HF,933.0,1100.0,822.0,607.0,521.0,750.0,1366.5,1150.0,1111.0,853.5,572.0,1100.0,1.0,0.0,1.0,1.0,3.0,1.0,2,2,2,2,3,3
7CK0BA,997.0,635.0,862.0,817.0,354.0,891.0,1248.5,651.0,1100.0,1000.0,444.0,1295.5,1.0,3.0,1.0,2.0,3.0,1.0,2,3,3,3,3,2
1S3KF6,238.0,932.0,467.0,772.0,179.0,554.0,238.0,1300.0,1500.0,820.0,231.0,1227.0,1.0,1.0,1.0,3.0,3.0,1.0,1,3,3,3,3,2
J2YNW0,664.0,252.0,983.0,1000.0,481.0,721.0,664.0,639.0,1900.0,1300.0,768.0,1200.0,1.0,3.0,1.0,1.0,3.0,1.0,1,3,3,3,3,3
850M13,10000.0,10000.0,859.0,10000.0,381.0,10000.0,10000.0,10000.0,885.0,10000.0,483.0,10000.0,0.0,0.0,2.0,0.0,3.0,0.0,0,0,3,0,3,0
7KJU0A,742.0,818.0,372.0,579.0,384.0,155.0,906.0,959.0,482.0,958.0,417.0,158.0,3.0,1.0,3.0,2.0,3.0,3.0,3,2,3,3,3,3
J262G0,1200.0,224.0,380.0,389.0,153.0,251.0,1200.0,776.0,1900.0,791.0,246.0,631.0,0.0,2.0,1.0,2.0,3.0,3.0,1,3,3,3,3,3
7KR6WA,10000.0,10000.0,1200.0,10000.0,270.0,10000.0,10000.0,10000.0,1200.0,10000.0,1200.0,10000.0,0.0,0.0,0.0,0.0,1.0,0.0,0,0,1,0,3,0
0Z6189,1400.0,10000.0,1500.0,1300.0,317.0,867.0,1400.0,10000.0,1500.0,1400.0,341.0,936.0,0.0,0.0,0.0,0.0,3.0,2.0,1,0,3,3,3,3
YBF5GD,10000.0,10000.0,749.0,10000.0,744.0,10000.0,10000.0,10000.0,749.0,10000.0,819.0,10000.0,0.0,0.0,1.0,0.0,3.0,0.0,0,0,1,0,3,0
SDKYT5,116.0,352.0,304.0,1200.0,529.0,113.0,116.0,900.0,304.0,1200.0,691.0,906.5,1.0,2.0,1.0,0.0,3.0,1.0,1,3,1,3,3,2
UYDFGS,579.0,10000.0,636.0,986.0,416.0,759.0,1139.5,10000.0,1100.0,1400.0,569.0,872.0,1.0,0.0,1.0,1.0,3.0,3.0,2,0,3,3,3,3
EJJWM4,487.0,10000.0,950.0,440.0,313.0,357.0,487.0,10000.0,1275.0,910.0,356.0,362.0,1.0,0.0,1.0,2.0,3.0,3.0,1,0,2,3,3,3
UYY5BS,10000.0,1800.0,511.0,10000.0,754.0,10000.0,10000.0,1800.0,1400.0,10000.0,921.0,10000.0,0.0,0.0,1.0,0.0,3.0,0.0,0,1,3,0,3,0
ACKWGY,10000.0,10000.0,618.0,10000.0,697.0,10000.0,10000.0,10000.0,1209.0,10000.0,753.0,10000.0,0.0,0.0,1.0,0.0,3.0,0.0,0,0,2,0,3,0
YBCF5D,10000.0,10000.0,854.0,1300.0,776.0,1400.0,10000.0,10000.0,1127.0,1300.0,946.0,1400.0,0.0,0.0,1.0,0.0,3.0,0.0,0,0,2,1,3,2
85UVF3,10000.0,10000.0,1100.0,1200.0,975.0,1200.0,10000.0,10000.0,1350.0,1500.0,1200.0,1200.0,0.0,0.0,0.0,0.0,1.0,0.0,0,0,2,2,3,2
SYGFG5,78.0,561.0,395.0,570.0,245.0,544.0,93.0,1200.0,455.0,667.0,252.0,589.0,3.0,1.0,3.0,3.0,3.0,3.0,3,3,3,3,3,3
35A0DQ,10000.0,10000.0,130.0,593.0,327.0,28.0,10000.0,10000.0,1000.0,1400.0,355.0,688.0,0.0,0.0,2.0,1.0,3.0,2.0,0,0,3,3,3,3
13QDH6,463.0,1200.0,259.0,771.0,148.0,49.0,629.0,1600.0,439.0,963.0,246.0,1100.0,3.0,0.0,3.0,2.0,3.0,1.0,3,3,3,3,3,3
SC0FX5,151.0,525.0,919.0,1200.0,236.0,1300.0,437.0,527.0,1100.0,1500.0,261.0,1300.0,2.0,3.0,1.0,0.0,3.0,0.0,3,3,3,2,3,1
PN3K4G,1600.0,829.0,761.0,1600.0,730.0,1500.0,1650.0,911.0,932.0,1750.0,971.0,1700.0,0.0,2.0,2.0,0.0,3.0,0.0,2,3,3,2,3,3
3ADXWQ,987.0,366.0,1300.0,525.0,432.0,429.0,1393.5,733.0,1300.0,1700.0,468.0,864.5,1.0,3.0,0.0,1.0,3.0,1.0,2,3,2,3,3,2
UDY9VS,1300.0,141.0,1200.0,10000.0,1100.0,1200.0,1300.0,294.0,1200.0,10000.0,1200.0,1200.0,0.0,3.0,0.0,0.0,0.0,0.0,1,3,1,0,3,1
RGQ7NJ,727.0,565.0,1300.0,1200.0,567.0,997.0,1363.5,772.0,1300.0,1300.0,671.0,1500.0,1.0,3.0,0.0,0.0,3.0,1.0,2,3,1,3,3,3
85BAF3,945.0,686.0,919.0,769.0,403.0,834.0,1222.5,706.0,1100.0,1000.0,473.0,1267.0,1.0,3.0,1.0,2.0,3.0,1.0,2,3,3,3,3,2
ACJ1MY,665.0,717.0,740.0,1500.0,511.0,390.0,665.0,1258.5,740.0,1600.0,566.0,1195.0,1.0,1.0,1.0,0.0,3.0,1.0,1,2,1,2,3,2
85KNU3,835.0,1300.0,54.0,835.0,133.0,680.0,937.0,1300.0,114.0,987.0,144.0,744.0,2.0,0.0,3.0,2.0,3.0,3.0,3,3,3,3,3,3
UYHNRS,902.0,1200.0,1300.0,847.0,754.0,1400.0,1301.0,1500.0,1300.0,937.0,967.0,1400.0,1.0,0.0,0.0,3.0,3.0,0.0,2,2,3,3,3,3
9TN3EP,371.0,1400.0,367.0,171.0,246.0,326.0,542.0,1500.0,835.0,1400.0,327.0,542.0,3.0,0.0,3.0,1.0,3.0,3.0,3,2,3,3,3,3
400ZMF,10000.0,1200.0,729.0,10000.0,941.0,1500.0,10000.0,1200.0,875.0,10000.0,972.0,1500.0,0.0,0.0,2.0,0.0,3.0,0.0,0,1,3,0,3,1
YBKQZD,747.0,708.0,877.0,688.0,544.0,686.0,1223.5,886.0,1100.0,963.0,545.0,1193.0,1.0,3.0,1.0,2.0,3.0,1.0,2,3,3,3,3,2
1Q1AB6,1400.0,10000.0,1100.0,998.0,430.0,780.0,1500.0,10000.0,1300.0,1100.0,516.0,987.0,0.0,0.0,0.0,1.0,3.0,3.0,3,0,3,3,3,3
UKFDVS,717.0,1100.0,615.0,365.0,106.0,494.0,1100.0,1500.0,676.0,714.0,214.0,1600.0,1.0,0.0,3.0,2.0,3.0,1.0,3,3,3,3,3,3
GXBA62,1300.0,1500.0,10000.0,491.0,228.0,1800.0,1400.0,1750.0,10000.0,793.0,319.0,1800.0,0.0,0.0,0.0,2.0,3.0,0.0,2,2,0,3,3,2
WP383R,749.0,1900.0,483.0,713.0,225.0,911.0,1174.5,1900.0,627.0,1500.0,265.0,923.0,1.0,0.0,3.0,1.0,3.0,3.0,2,3,3,3,3,3
QAWWZU,347.0,1100.0,572.0,907.0,285.0,686.0,743.0,1400.0,1500.0,946.0,294.0,780.0,2.0,0.0,1.0,2.0,3.0,2.0,3,3,3,3,3,3
6SDSV8,10000.0,1800.0,232.0,10000.0,690.0,10000.0,10000.0,1800.0,1300.0,10000.0,860.0,10000.0,0.0,0.0,1.0,0.0,3.0,0.0,0,1,3,0,3,0
5HEFD7,119.0,1200.0,495.0,403.0,97.0,366.0,884.0,1400.0,508.0,1600.0,234.0,457.0,2.0,0.0,3.0,1.0,3.0,3.0,3,3,3,3,3,3
J2NRP0,1300.0,1600.0,10000.0,579.0,316.0,1900.0,1350.0,1750.0,10000.0,875.0,359.0,1900.0,0.0,0.0,0.0,2.0,3.0,0.0,2,2,0,3,3,2
CW06GB,1700.0,10000.0,10000.0,10000.0,647.0,1600.0,1750.0,10000.0,10000.0,10000.0,749.0,1700.0,0.0,0.0,0.0,0.0,2.0,0.0,2,0,0,0,3,2
37D7NQ,514.0,1100.0,538.0,161.0,209.0,439.0,966.0,1400.0,675.0,903.0,269.0,1400.0,2.0,0.0,3.0,2.0,3.0,1.0,3,3,3,3,3,3
6UH3Z8,302.0,10000.0,854.0,1300.0,250.0,474.0,1101.0,10000.0,1400.0,1500.0,614.0,587.0,1.0,0.0,1.0,0.0,3.0,2.0,2,0,3,3,3,3
GVQ9T2,1400.0,398.0,399.0,1000.0,165.0,1300.0,1450.0,415.0,1400.0,1300.0,187.0,1350.0,0.0,3.0,1.0,1.0,3.0,0.0,2,3,3,3,3,2
37PF2Q,1700.0,392.0,522.0,10000.0,745.0,645.0,1850.0,459.0,1100.0,10000.0,1000.0,817.0,0.0,2.0,1.0,0.0,2.0,3.0,2,3,3,0,3,3
QAHDCU,393.0,527.0,537.0,614.0,152.0,319.0,754.0,1400.0,1200.0,649.0,433.0,618.0,3.0,1.0,1.0,3.0,3.0,2.0,3,3,3,3,3,3
RGT29J,514.0,1200.0,541.0,161.0,207.0,435.0,963.0,1400.0,678.0,901.0,266.0,1400.0,2.0,0.0,3.0,2.0,3.0,1.0,3,3,3,3,3,3
8579Q3,489.0,549.0,444.0,227.0,383.0,688.0,654.0,813.0,554.0,998.0,413.0,690.0,3.0,2.0,3.0,2.0,3.0,3.0,3,3,3,3,3,3
ACCWPY,1900.0,10000.0,510.0,446.0,185.0,535.0,1900.0,10000.0,1500.0,1200.0,265.0,935.0,0.0,0.0,1.0,1.0,3.0,2.0,1,0,3,3,3,3
0Z2VA9,10000.0,10000.0,854.0,1300.0,776.0,1400.0,10000.0,10000.0,1127.0,1300.0,946.0,1400.0,0.0,0.0,1.0,0.0,3.0,0.0,0,0,2,1,3,2
Q7QH0U,1700.0,1800.0,305.0,395.0,91.0,609.0,1750.0,1800.0,713.0,503.0,512.0,709.0,0.0,0.0,3.0,3.0,3.0,2.0,2,1,3,3,3,3
4JNPRF,1500.0,659.0,1300.0,1200.0,215.0,10000.0,1500.0,1129.5,1300.0,1200.0,831.0,10000.0,0.0,1.0,0.0,0.0,3.0,0.0,1,2,1,1,3,0
PQHHGA,1700.0,10000.0,2000.0,1900.0,885.0,1500.0,1700.0,10000.0,2000.0,1900.0,972.0,1500.0,0.0,0.0,0.0,0.0,2.0,0.0,1,0,1,1,3,2
GXJ7Z2,489.0,635.0,184.0,1100.0,258.0,533.0,698.0,1800.0,625.0,1100.0,531.0,1500.0,2.0,1.0,3.0,0.0,3.0,1.0,3,3,3,3,3,3
85PSQ3,344.0,1000.0,427.0,721.0,339.0,706.0,344.0,1300.0,1400.0,771.0,384.0,1203.0,1.0,1.0,1.0,3.0,3.0,1.0,1,3,3,3,3,2
7KRRVA,459.0,582.0,458.0,598.0,347.0,212.0,676.0,593.0,646.0,683.0,438.0,318.0,3.0,3.0,3.0,3.0,3.0,3.0,3,3,3,3,3,3
85CKJ3,554.0,454.0,506.0,412.0,262.0,1200.0,731.0,460.0,725.0,1100.0,351.0,1300.0,3.0,2.0,2.0,1.0,3.0,0.0,3,3,3,3,3,3
GX3AK2,448.0,10000.0,741.0,1100.0,324.0,625.0,1124.0,10000.0,1200.0,1500.0,654.0,733.0,1.0,0.0,1.0,0.0,3.0,2.0,2,0,3,3,3,3
GX8H42,787.0,1900.0,477.0,804.0,237.0,863.0,1243.5,2000.0,697.0,1600.0,252.0,890.0,1.0,0.0,3.0,1.0,3.0,3.0,2,3,3,3,3,3
WPTXSR,10000.0,10000.0,649.0,1600.0,524.0,1700.0,10000.0,10000.0,824.0,1600.0,556.0,1700.0,0.0,0.0,2.0,0.0,3.0,0.0,0,0,2,1,3,2
DEEJ0H,1100.0,711.0,994.0,1700.0,121.0,724.0,1100.0,808.0,1297.0,1800.0,628.0,764.0,0.0,2.0,1.0,0.0,3.0,3.0,3,3,2,3,3,3
1UUAD6,1500.0,10000.0,570.0,813.0,139.0,1100.0,1500.0,10000.0,570.0,899.0,333.0,1400.0,0.0,0.0,1.0,2.0,3.0,0.0,1,0,1,2,3,3
9TZVCP,10000.0,10000.0,196.0,10000.0,141.0,10000.0,10000.0,10000.0,698.0,10000.0,214.0,10000.0,0.0,0.0,1.0,0.0,3.0,0.0,0,0,2,0,3,0
CWEY5B,10000.0,10000.0,140.0,10000.0,75.0,10000.0,10000.0,10000.0,720.0,10000.0,294.0,10000.0,0.0,0.0,1.0,0.0,3.0,0.0,0,0,2,0,3,0
6U6DK8,618.0,1600.0,101.0,742.0,124.0,1100.0,1700.0,1700.0,918.0,875.0,341.0,1100.0,1.0,0.0,2.0,3.0,3.0,0.0,3,3,3,3,3,3
RPSZHJ,10000.0,10000.0,10000.0,1800.0,250.0,10000.0,10000.0,10000.0,10000.0,1900.0,295.0,10000.0,0.0,0.0,0.0,0.0,3.0,0.0,0,0,0,3,3,0
RZ2PGJ,264.0,1300.0,152.0,493.0,222.0,873.0,264.0,1600.0,1600.0,733.0,354.0,1800.0,1.0,0.0,1.0,2.0,3.0,1.0,1,3,3,3,3,3
40AQJF,1100.0,505.0,721.0,181.0,502.0,317.0,1100.0,1600.0,845.0,537.0,611.0,588.0,0.0,1.0,3.0,2.0,3.0,3.0,1,3,3,3,3,3
QA0YBU,2000.0,934.0,1100.0,375.0,316.0,455.0,2000.0,1400.0,1500.0,1000.0,477.0,898.0,0.0,1.0,0.0,2.0,3.0,3.0,1,3,3,3,3,3
PNTAJG,940.0,764.0,745.0,488.0,168.0,226.0,1400.0,764.0,1000.0,1100.0,562.0,309.0,1.0,1.0,2.0,1.0,3.0,3.0,3,1,3,3,3,3
6S3X98,10000.0,10000.0,1100.0,1200.0,994.0,1200.0,10000.0,10000.0,1350.0,1500.0,1200.0,1200.0,0.0,0.0,0.0,0.0,1.0,0.0,0,0,2,2,3,2
353NTQ,118.0,656.0,648.0,932.0,456.0,1800.0,118.0,1000.0,1124.0,1216.0,485.0,1900.0,1.0,3.0,1.0,1.0,3.0,0.0,1,3,2,2,3,2
C4PZCB,211.0,210.0,110.0,309.0,270.0,199.0,211.0,1200.0,333.0,516.0,270.0,358.0,3.0,1.0,3.0,3.0,3.0,3.0,3,3,3,3,3,3
9N2E1P,10000.0,10000.0,246.0,2000.0,182.0,2000.0,10000.0,10000.0,873.0,2000.0,497.0,2000.0,0.0,0.0,1.0,0.0,3.0,0.0,0,0,2,1,3,1
85BW23,1800.0,872.0,460.0,1000.0,214.0,724.0,1800.0,911.0,1700.0,1600.0,266.0,1700.0,0.0,3.0,1.0,1.0,3.0,1.0,1,3,3,3,3,3
7KRRUA,285.0,1100.0,303.0,413.0,27.0,815.0,938.0,1700.0,796.0,1100.0,194.0,1000.0,2.0,0.0,3.0,1.0,3.0,2.0,3,3,3,3,3,3
5H4ZJ7,1200.0,1500.0,293.0,477.0,107.0,546.0,1700.0,1650.0,802.0,759.0,129.0,662.0,0.0,0.0,3.0,3.0,3.0,3.0,3,2,3,3,3,3
WP2KPR,1400.0,858.0,907.0,1800.0,184.0,190.0,1400.0,1379.0,1100.0,1800.0,555.0,716.0,0.0,1.0,1.0,0.0,3.0,3.0,1,2,3,1,3,3
RG2BCJ,931.0,1200.0,741.0,188.0,287.0,1100.0,931.0,1200.0,1100.0,661.0,498.0,1300.0,1.0,0.0,1.0,2.0,3.0,0.0,1,3,3,3,3,3
5HHHD7,1200.0,1200.0,1200.0,1400.0,467.0,1100.0,1200.0,1400.0,1450.0,1700.0,710.0,1500.0,0.0,0.0,0.0,0.0,3.0,0.0,1,2,2,2,3,3
85S2A3,802.0,697.0,1100.0,902.0,709.0,643.0,1351.0,1100.0,1450.0,1500.0,739.0,1171.5,1.0,1.0,0.0,1.0,3.0,1.0,2,3,2,3,3,2
SDYB35,10000.0,749.0,545.0,10000.0,878.0,1000.0,10000.0,749.0,872.5,10000.0,884.0,1000.0,0.0,1.0,1.0,0.0,3.0,1.0,0,1,2,0,3,1
SAGKW5,269.0,1000.0,456.0,885.0,96.0,1200.0,1500.0,1000.0,642.0,1092.5,183.0,1200.0,1.0,2.0,2.0,1.0,3.0,0.0,3,3,3,2,3,3
QQMSUQ,355.0,56.0,382.0,675.0,197.0,246.0,567.0,66.0,437.0,900.0,326.0,260.0,3.0,3.0,3.0,3.0,3.0,3.0,3,3,3,3,3,3
QABAAU,10000.0,10000.0,774.0,10000.0,756.0,10000.0,10000.0,10000.0,774.0,10000.0,1100.0,10000.0,0.0,0.0,1.0,0.0,1.0,0.0,0,0,1,0,3,0
7KFTBA,1100.0,1900.0,1900.0,10000.0,143.0,1800.0,1100.0,1900.0,1900.0,10000.0,890.0,1800.0,0.0,0.0,0.0,0.0,3.0,0.0,1,1,1,0,3,2
40P9GF,1800.0,713.0,289.0,1100.0,157.0,906.0,1800.0,754.0,994.5,1600.0,292.0,1600.0,0.0,3.0,1.0,0.0,3.0,1.0,2,3,2,3,3,3
UYABAS,10000.0,10000.0,711.0,10000.0,707.0,10000.0,10000.0,10000.0,1205.5,10000.0,787.0,10000.0,0.0,0.0,1.0,0.0,3.0,0.0,0,0,2,0,3,0
RG92TJ,10000.0,1400.0,10000.0,10000.0,512.0,10000.0,10000.0,1400.0,10000.0,10000.0,607.0,10000.0,0.0,0.0,0.0,0.0,3.0,0.0,0,1,0,0,3,0
GNG032,10000.0,10000.0,1200.0,1100.0,1100.0,1100.0,10000.0,10000.0,1450.0,1400.0,1300.0,1100.0,0.0,0.0,0.0,0.0,0.0,0.0,0,0,2,2,3,2
8S8TE3,522.0,947.0,606.0,1200.0,176.0,962.0,1600.0,1000.0,1100.0,1300.0,318.0,1100.0,1.0,2.0,1.0,0.0,3.0,1.0,3,3,3,3,3,3
SDV2Z5,1600.0,2000.0,586.0,804.0,519.0,609.0,1650.0,2000.0,715.0,967.0,717.0,1100.0,0.0,0.0,2.0,3.0,3.0,1.0,2,1,3,3,3,3
0ZCF59,1100.0,1500.0,1400.0,508.0,663.0,1500.0,1300.0,1500.0,1500.0,602.0,733.0,1700.0,0.0,0.0,0.0,3.0,3.0,0.0,2,2,3,3,3,3
YBNCJD,10000.0,1900.0,1300.0,10000.0,341.0,10000.0,10000.0,1900.0,1300.0,10000.0,1400.0,10000.0,0.0,0.0,0.0,0.0,1.0,0.0,0,1,1,0,3,0
7KW3EA,160.0,1100.0,438.0,631.0,174.0,1100.0,1500.0,1100.0,559.0,1300.0,246.0,1200.0,1.0,0.0,3.0,1.0,3.0,0.0,3,3,3,3,3,3
7KFQFA,1500.0,1900.0,1000.0,1300.0,406.0,393.0,1750.0,1900.0,1200.0,1300.0,627.0,420.0,0.0,0.0,1.0,0.0,3.0,3.0,2,1,3,1,3,3
37KE8Q,1400.0,723.0,1700.0,1500.0,49.0,611.0,1600.0,1900.0,1700.0,1650.0,635.0,1055.5,0.0,1.0,0.0,0.0,3.0,1.0,2,3,1,2,3,2
5HEED7,10000.0,1400.0,328.0,10000.0,701.0,1700.0,10000.0,1400.0,968.0,10000.0,761.0,1700.0,0.0,0.0,2.0,0.0,3.0,0.0,0,1,3,0,3,1
409PZF,10000.0,1600.0,1400.0,326.0,1000.0,426.0,10000.0,1600.0,1700.0,763.0,1100.0,446.0,0.0,0.0,0.0,1.0,1.0,2.0,0,3,2,2,3,3
6S55N8,49.0,684.0,237.0,457.0,164.0,441.0,58.0,831.0,582.0,547.0,218.0,441.0,3.0,3.0,3.0,3.0,3.0,3.0,3,3,3,3,3,3
DEBJ9H,949.0,1300.0,121.0,545.0,336.0,303.0,1100.0,1400.0,544.0,850.0,403.0,938.0,1.0,0.0,2.0,3.0,3.0,2.0,3,2,3,3,3,3
8URUU3,2000.0,1500.0,1300.0,1000.0,40.0,156.0,2000.0,1700.0,1300.0,1300.0,717.0,1300.0,0.0,0.0,0.0,1.0,3.0,1.0,1,3,3,3,3,3
UD5Y0S,10000.0,10000.0,981.0,10000.0,749.0,10000.0,10000.0,10000.0,1140.5,10000.0,760.0,10000.0,0.0,0.0,1.0,0.0,3.0,0.0,0,0,2,0,3,0
0ZKXR9,367.0,10000.0,1100.0,1300.0,496.0,374.0,367.0,10000.0,1500.0,1400.0,522.0,442.0,1.0,0.0,0.0,0.0,3.0,2.0,1,0,3,3,3,3
WPQGGR,796.0,296.0,831.0,1100.0,69.0,1300.0,1198.0,351.0,897.0,1600.0,266.0,1300.0,1.0,3.0,2.0,0.0,3.0,0.0,2,3,3,3,3,1
1UHH56,649.0,1200.0,262.0,1100.0,277.0,520.0,1074.5,1500.0,599.0,1200.0,328.0,632.0,1.0,0.0,3.0,0.0,3.0,3.0,2,3,3,3,3,3
WPTWTR,1600.0,1200.0,1300.0,969.0,986.0,1400.0,1600.0,1200.0,1300.0,989.0,1100.0,1500.0,0.0,0.0,0.0,2.0,1.0,0.0,1,1,1,3,3,2
SDYMW5,896.0,1300.0,39.0,812.0,186.0,635.0,1000.0,1400.0,60.0,1100.0,192.0,783.0,2.0,0.0,3.0,1.0,3.0,3.0,3,3,3,3,3,3
SDYY15,624.0,798.0,381.0,1100.0,133.0,740.0,1900.0,804.0,1300.0,1100.0,174.0,917.0,1.0,2.0,1.0,0.0,3.0,2.0,3,3,3,3,3,3
85SS03,787.0,965.0,438.0,1100.0,189.0,309.0,850.0,1200.0,609.0,1300.0,468.0,401.0,3.0,1.0,3.0,0.0,3.0,3.0,3,3,3,3,3,3
5DJF57,568.0,766.0,296.0,631.0,363.0,709.0,705.0,828.0,459.0,929.0,575.0,849.0,2.0,3.0,3.0,3.0,3.0,2.0,3,3,3,3,3,3
SC6CE5,2000.0,10000.0,608.0,670.0,1800.0,1500.0,2000.0,10000.0,1700.0,670.0,1900.0,1500.0,0.0,0.0,1.0,1.0,0.0,0.0,1,0,3,1,2,3
K42E3C,10000.0,10000.0,1100.0,10000.0,463.0,1600.0,10000.0,10000.0,1400.0,10000.0,492.0,1650.0,0.0,0.0,0.0,0.0,3.0,0.0,0,0,3,0,3,2
9ZMVAP,666.0,10000.0,385.0,892.0,315.0,154.0,701.0,10000.0,905.0,1100.0,556.0,309.0,3.0,0.0,2.0,1.0,3.0,3.0,3,0,3,3,3,3
GMDY52,740.0,628.0,705.0,1800.0,741.0,684.0,740.0,736.0,705.0,1800.0,878.0,1292.0,1.0,3.0,1.0,0.0,3.0,1.0,1,3,1,3,3,2
QAY6SU,1700.0,1800.0,389.0,1300.0,254.0,636.0,1700.0,1800.0,867.0,1400.0,362.0,781.0,0.0,0.0,2.0,0.0,3.0,2.0,1,1,3,3,3,3
UYAT0S,1000.0,986.0,654.0,1000.0,381.0,741.0,1500.0,1300.0,992.0,1400.0,396.0,909.0,1.0,1.0,3.0,1.0,3.0,3.0,3,3,3,3,3,3
J2P740,1100.0,2000.0,726.0,341.0,98.0,1100.0,1100.0,2000.0,947.0,520.0,457.0,1400.0,0.0,0.0,2.0,3.0,3.0,0.0,1,2,3,3,3,3
02T159,10000.0,1200.0,1400.0,1400.0,313.0,384.0,10000.0,2000.0,1500.0,1500.0,410.0,1300.0,0.0,0.0,0.0,0.0,3.0,1.0,0,3,3,3,3,3
KE7M8C,590.0,1400.0,810.0,606.0,347.0,578.0,1200.0,1600.0,933.0,1300.0,419.0,1600.0,1.0,0.0,2.0,1.0,3.0,1.0,3,3,3,3,3,3
8565X3,10000.0,10000.0,436.0,10000.0,495.0,10000.0,10000.0,10000.0,436.0,10000.0,666.0,10000.0,0.0,0.0,1.0,0.0,3.0,0.0,0,0,1,0,3,0
PNR5ZG,1300.0,229.0,375.0,1200.0,212.0,1200.0,1300.0,1014.5,1200.0,1400.0,674.0,1200.0,0.0,1.0,1.0,0.0,2.0,0.0,2,2,3,2,3,3
1UNB26,1300.0,229.0,375.0,1200.0,212.0,1200.0,1300.0,1014.5,1200.0,1400.0,674.0,1200.0,0.0,1.0,1.0,0.0,2.0,0.0,2,2,3,2,3,3
CW391B,10000.0,10000.0,10000.0,383.0,187.0,594.0,10000.0,10000.0,10000.0,383.0,304.0,596.0,0.0,0.0,0.0,1.0,3.0,2.0,0,0,0,1,3,2
KFT6RC,448.0,711.0,812.0,461.0,98.0,1000.0,1100.0,972.0,825.0,626.0,156.0,1400.0,1.0,2.0,3.0,3.0,3.0,1.0,3,3,3,3,3,3
2MS6AZ,994.0,1300.0,383.0,1100.0,204.0,312.0,1400.0,1400.0,439.0,1200.0,245.0,454.0,1.0,0.0,3.0,0.0,3.0,3.0,3,3,3,3,3,3
EJ0B24,243.0,386.0,306.0,180.0,122.0,147.0,260.0,899.0,521.0,363.0,145.0,182.0,3.0,2.0,3.0,3.0,3.0,3.0,3,3,3,3,3,3
ACK5KY,1300.0,169.0,1500.0,974.0,65.0,934.0,1400.0,491.0,1600.0,1300.0,124.0,958.0,0.0,3.0,0.0,1.0,3.0,2.0,2,3,3,3,3,3
EJWGS4,1100.0,211.0,1500.0,724.0,288.0,631.0,1350.0,692.0,1500.0,1600.0,297.0,915.5,0.0,3.0,0.0,1.0,3.0,1.0,2,3,3,3,3,2
85SJQ3,387.0,1900.0,326.0,836.0,144.0,92.0,419.0,1950.0,788.0,1000.0,322.0,381.0,3.0,0.0,2.0,2.0,3.0,3.0,3,2,3,3,3,3
DBGWYH,1500.0,1900.0,1700.0,10000.0,585.0,10000.0,1500.0,1900.0,1700.0,10000.0,1000.0,10000.0,0.0,0.0,0.0,0.0,2.0,0.0,1,1,1,0,3,0
6WY48Y,1300.0,89.0,1800.0,565.0,769.0,1400.0,1600.0,142.0,1800.0,992.0,1000.0,1700.0,0.0,2.0,0.0,2.0,3.0,0.0,3,3,1,3,3,3
40U7NF,935.0,1400.0,1600.0,1600.0,199.0,1700.0,935.0,1400.0,1600.0,1650.0,535.0,1700.0,1.0,0.0,0.0,0.0,3.0,0.0,1,3,3,2,3,2
0Z6B49,10000.0,1100.0,10000.0,843.0,337.0,10000.0,10000.0,1400.0,10000.0,843.0,384.0,10000.0,0.0,0.0,0.0,1.0,3.0,0.0,0,2,0,1,3,0
QAYDTU,1600.0,10000.0,654.0,1700.0,229.0,1200.0,1600.0,10000.0,884.0,1700.0,530.0,1500.0,0.0,0.0,2.0,0.0,3.0,0.0,1,0,3,1,3,2
7KDK5A,1600.0,10000.0,517.0,715.0,526.0,801.0,1700.0,10000.0,770.0,797.0,543.0,1000.0,0.0,0.0,3.0,3.0,3.0,2.0,2,0,3,3,3,3
KFBWFC,864.0,1100.0,962.0,1500.0,127.0,1200.0,1332.0,1100.0,1100.0,1700.0,145.0,1200.0,1.0,0.0,1.0,0.0,3.0,0.0,2,2,3,3,3,3
87HMA3,10000.0,289.0,249.0,10000.0,700.0,574.0,10000.0,289.0,824.5,10000.0,739.0,574.0,0.0,1.0,1.0,0.0,3.0,1.0,0,1,2,0,3,1
37ZACQ,1800.0,1000.0,646.0,925.0,297.0,541.0,1800.0,1100.0,1600.0,1500.0,434.0,1800.0,0.0,1.0,1.0,1.0,3.0,1.0,1,3,3,3,3,3
372CRQ,1400.0,396.0,1100.0,10000.0,1500.0,1200.0,1400.0,476.0,1550.0,10000.0,1500.0,1200.0,0.0,2.0,0.0,0.0,0.0,0.0,1,3,2,0,3,1
9TDBKP,10000.0,1200.0,730.0,10000.0,937.0,1500.0,10000.0,1200.0,870.0,10000.0,967.0,1500.0,0.0,0.0,2.0,0.0,3.0,0.0,0,1,3,0,3,1
CW1ENB,10000.0,10000.0,712.0,10000.0,781.0,10000.0,10000.0,10000.0,712.0,10000.0,785.0,10000.0,0.0,0.0,1.0,0.0,3.0,0.0,0,0,1,0,3,0
1U7DY6,915.0,1900.0,460.0,384.0,81.0,1000.0,1407.5,1900.0,855.0,929.0,372.0,1100.0,1.0,0.0,3.0,2.0,3.0,1.0,2,3,3,3,3,3
YKQ31D,10000.0,10000.0,1000.0,10000.0,421.0,10000.0,10000.0,10000.0,1000.0,10000.0,1100.0,10000.0,0.0,0.0,1.0,0.0,1.0,0.0,0,0,1,0,3,0
QAX6MU,1500.0,763.0,465.0,783.0,132.0,870.0,1700.0,793.0,1400.0,1300.0,264.0,1600.0,0.0,3.0,1.0,1.0,3.0,1.0,2,3,3,3,3,3
J2S2R0,442.0,472.0,786.0,911.0,146.0,148.0,718.0,735.0,814.0,1000.0,296.0,438.0,3.0,2.0,3.0,2.0,3.0,3.0,3,3,3,3,3,3
CF5UYB,10000.0,10000.0,10000.0,10000.0,794.0,10000.0,10000.0,10000.0,10000.0,10000.0,1347.0,10000.0,0.0,0.0,0.0,0.0,1.0,0.0,0,0,0,0,2,0
6UWEG8,491.0,1700.0,338.0,888.0,104.0,806.0,1200.0,1850.0,561.0,1300.0,343.0,807.0,1.0,0.0,3.0,1.0,3.0,3.0,3,2,3,3,3,3
7K9VCA,810.0,616.0,1100.0,809.0,686.0,564.0,1355.0,1000.0,1400.0,1500.0,693.0,1132.0,1.0,2.0,0.0,1.0,3.0,1.0,2,3,2,3,3,2
WPXQDR,1900.0,10000.0,383.0,595.0,446.0,446.0,1900.0,10000.0,1300.0,1100.0,471.0,1000.0,0.0,0.0,1.0,1.0,3.0,2.0,1,0,3,3,3,3
DEW81H,970.0,521.0,1300.0,1200.0,308.0,823.0,970.0,937.0,1300.0,1200.0,316.0,1100.0,1.0,2.0,0.0,0.0,3.0,1.0,1,3,1,1,3,3
9TGF8P,549.0,1100.0,234.0,688.0,157.0,452.0,664.0,1400.0,350.0,872.0,318.0,798.0,3.0,0.0,3.0,3.0,3.0,3.0,3,3,3,3,3,3
RPRGNJ,497.0,758.0,831.0,528.0,383.0,221.0,497.0,859.0,1500.0,1200.0,391.0,1010.5,1.0,2.0,1.0,1.0,3.0,1.0,1,3,3,3,3,2
GNKC52,1800.0,10000.0,911.0,1200.0,386.0,326.0,1800.0,10000.0,940.0,1900.0,483.0,822.0,0.0,0.0,2.0,0.0,3.0,2.0,1,0,3,3,3,3
8SD7R3,490.0,1500.0,296.0,703.0,228.0,1300.0,1800.0,1500.0,702.0,709.0,318.0,1400.0,1.0,0.0,3.0,3.0,3.0,0.0,3,3,3,3,3,3
RGYZAJ,321.0,463.0,328.0,566.0,293.0,189.0,568.0,1100.0,425.0,659.0,306.0,359.0,3.0,1.0,3.0,3.0,3.0,3.0,3,3,3,3,3,3
UYE0PS,1100.0,699.0,1000.0,1300.0,431.0,378.0,1150.0,1700.0,1400.0,1400.0,579.0,389.0,0.0,1.0,1.0,0.0,3.0,3.0,2,3,3,2,3,3
GXXNS2,1100.0,687.0,1000.0,1300.0,436.0,366.0,1150.0,1700.0,1400.0,1400.0,566.0,378.0,0.0,1.0,1.0,0.0,3.0,3.0,2,3,3,2,3,3
7KHSVA,177.0,916.0,456.0,747.0,293.0,570.0,852.0,1600.0,1500.0,788.0,333.0,917.0,2.0,1.0,1.0,2.0,3.0,3.0,3,3,3,3,3,3
1U3GN6,445.0,871.0,191.0,412.0,324.0,274.0,747.0,1700.0,1200.0,453.0,330.0,960.0,2.0,1.0,1.0,2.0,3.0,2.0,3,3,3,3,3,3
1Q15K6,1700.0,1200.0,284.0,1300.0,208.0,1600.0,1850.0,1300.0,526.0,1400.0,424.0,1600.0,0.0,0.0,2.0,0.0,3.0,0.0,2,3,3,3,3,1
9Z711P,1100.0,396.0,85.0,823.0,275.0,222.0,1200.0,727.0,268.0,950.0,470.0,1600.0,0.0,2.0,3.0,2.0,3.0,1.0,3,3,3,3,3,3
GN3V82,99.0,94.0,177.0,240.0,243.0,42.0,235.0,1000.0,523.0,242.0,281.0,80.0,3.0,2.0,3.0,3.0,3.0,3.0,3,3,3,3,3,3
SDTGT5,10000.0,10000.0,806.0,1400.0,727.0,1400.0,10000.0,10000.0,1003.0,1400.0,793.0,1400.0,0.0,0.0,1.0,0.0,3.0,0.0,0,0,2,1,3,2
1UK3X6,10000.0,10000.0,933.0,822.0,389.0,940.0,10000.0,10000.0,1700.0,1400.0,609.0,1100.0,0.0,0.0,1.0,1.0,3.0,1.0,0,0,3,3,3,3
KFWAQC,1000.0,647.0,669.0,1500.0,988.0,837.0,1000.0,930.0,669.0,1500.0,1100.0,837.0,1.0,3.0,1.0,0.0,1.0,1.0,1,3,1,3,3,1
85U2Y3,1200.0,160.0,512.0,1200.0,237.0,1300.0,1350.0,177.0,1200.0,1300.0,246.0,1450.0,0.0,3.0,1.0,0.0,3.0,0.0,2,3,3,3,3,2
37UY7Q,705.0,645.0,514.0,376.0,185.0,144.0,731.0,1600.0,885.0,396.0,471.0,717.0,3.0,1.0,2.0,3.0,3.0,2.0,3,3,3,3,3,3
6QNT28,475.0,581.0,551.0,159.0,265.0,230.0,630.0,910.0,646.0,390.0,369.0,582.0,3.0,2.0,3.0,2.0,3.0,3.0,3,3,3,3,3,3
UA9XAS,1500.0,729.0,419.0,830.0,99.0,886.0,1700.0,760.0,1400.0,1400.0,220.0,1700.0,0.0,3.0,1.0,1.0,3.0,1.0,2,3,3,3,3,3
9Z755P,1500.0,469.0,556.0,10000.0,859.0,615.0,1500.0,539.0,1200.0,10000.0,1000.0,951.0,0.0,2.0,1.0,0.0,2.0,2.0,1,3,3,0,3,3
DBTDVH,10000.0,10000.0,1700.0,1800.0,192.0,1700.0,10000.0,10000.0,1700.0,1800.0,457.0,1750.0,0.0,0.0,0.0,0.0,3.0,0.0,0,0,1,1,3,2
6UC5N8,1000.0,1300.0,1800.0,279.0,249.0,1600.0,1250.0,1300.0,1800.0,561.0,329.0,1600.0,1.0,0.0,0.0,2.0,3.0,0.0,2,1,1,3,3,2
6SZTX8,1200.0,1300.0,989.0,911.0,441.0,1300.0,1600.0,1600.0,1200.0,949.0,707.0,1300.0,0.0,0.0,1.0,3.0,3.0,0.0,2,2,3,3,3,3
40VEYF,10000.0,10000.0,117.0,252.0,192.0,522.0,10000.0,10000.0,117.0,252.0,260.0,534.0,0.0,0.0,1.0,1.0,2.0,3.0,0,0,1,1,3,3
7KE8FA,586.0,1700.0,293.0,1100.0,494.0,509.0,586.0,1750.0,1200.0,1100.0,521.0,538.0,1.0,0.0,1.0,0.0,3.0,2.0,1,2,3,1,3,3
857MH3,1500.0,1100.0,1100.0,1200.0,1000.0,1300.0,1500.0,1700.0,1100.0,1200.0,1100.0,1600.0,0.0,0.0,0.0,0.0,1.0,0.0,1,3,1,3,3,2
020WV9,572.0,810.0,501.0,246.0,137.0,214.0,688.0,1500.0,788.0,252.0,366.0,877.0,3.0,1.0,3.0,3.0,3.0,2.0,3,3,3,3,3,3
ABHXUY,1300.0,1600.0,287.0,373.0,271.0,331.0,1550.0,1600.0,507.0,723.0,281.0,476.0,0.0,0.0,2.0,3.0,3.0,3.0,2,1,3,3,3,3
5KYGG7,801.0,1700.0,426.0,985.0,465.0,463.0,915.0,1850.0,596.0,1200.0,718.0,695.0,3.0,0.0,2.0,1.0,3.0,3.0,3,2,3,3,3,3
RGUMFJ,1400.0,1700.0,10000.0,614.0,322.0,1900.0,1450.0,1800.0,10000.0,917.0,359.0,1900.0,0.0,0.0,0.0,2.0,3.0,0.0,2,2,0,3,3,2
QAJEYU,1300.0,1100.0,1100.0,160.0,599.0,1200.0,1600.0,1100.0,1400.0,197.0,616.0,1600.0,0.0,0.0,0.0,3.0,3.0,0.0,2,1,2,3,3,2
37ETBQ,296.0,348.0,218.0,318.0,315.0,359.0,356.0,655.0,489.0,463.0,381.0,555.0,3.0,2.0,3.0,3.0,3.0,3.0,3,3,3,3,3,3
1UACH6,10000.0,1500.0,243.0,10000.0,891.0,1800.0,10000.0,1500.0,1100.0,10000.0,946.0,1800.0,0.0,0.0,1.0,0.0,3.0,0.0,0,1,3,0,3,1
SDDYX5,509.0,1300.0,278.0,786.0,157.0,127.0,780.0,1400.0,794.0,1600.0,163.0,206.0,2.0,0.0,3.0,1.0,3.0,3.0,3,3,3,3,3,3
40WY4F,313.0,10000.0,445.0,619.0,416.0,221.0,433.0,10000.0,719.0,859.5,541.0,269.0,3.0,0.0,3.0,1.0,3.0,3.0,3,0,3,2,3,3
AHSH9Y,897.0,310.0,1600.0,305.0,693.0,1300.0,1200.0,501.0,1800.0,914.0,798.0,1300.0,1.0,2.0,0.0,3.0,3.0,0.0,3,3,3,3,3,3
JPUA80,802.0,1200.0,312.0,680.0,200.0,452.0,816.0,1550.0,584.0,996.0,234.0,995.0,3.0,0.0,3.0,2.0,3.0,2.0,3,2,3,3,3,3
PNA9JG,286.0,1500.0,607.0,444.0,190.0,1200.0,1093.0,1650.0,607.0,475.0,191.0,1200.0,1.0,0.0,1.0,3.0,3.0,0.0,2,2,1,3,3,3
7HSFEA,491.0,1700.0,278.0,1200.0,98.0,186.0,758.0,1700.0,976.0,1400.0,453.0,381.0,3.0,0.0,2.0,0.0,3.0,3.0,3,2,3,3,3,3
6UW428,735.0,10000.0,1600.0,10000.0,482.0,582.0,735.0,10000.0,1600.0,10000.0,500.0,741.0,1.0,0.0,0.0,0.0,3.0,2.0,1,0,1,0,3,3
Q7J8TU,1500.0,1100.0,799.0,834.0,216.0,391.0,1600.0,1450.0,1000.0,1000.0,536.0,395.0,0.0,0.0,2.0,2.0,3.0,3.0,3,2,3,3,3,3
PNXH0G,499.0,1000.0,307.0,756.0,226.0,468.0,597.0,1300.0,394.0,790.0,276.0,767.0,3.0,1.0,3.0,3.0,3.0,3.0,3,3,3,3,3,3
WP8KBR,683.0,1500.0,43.0,620.0,104.0,346.0,784.0,1600.0,525.0,1000.0,129.0,888.0,3.0,0.0,3.0,2.0,3.0,3.0,3,3,3,3,3,3
37D1JQ,1300.0,851.0,1600.0,1600.0,147.0,727.0,1600.0,1700.0,1600.0,1650.0,695.0,1500.0,0.0,1.0,0.0,0.0,3.0,1.0,2,3,1,2,3,3
5HYKH7,1000.0,308.0,1400.0,680.0,384.0,553.0,1350.0,771.0,1450.0,1700.0,395.0,926.5,1.0,3.0,0.0,1.0,3.0,1.0,2,3,2,3,3,2
Q13BUQ,695.0,280.0,549.0,1200.0,284.0,939.0,728.0,1800.0,682.0,1200.0,434.0,1000.0,3.0,1.0,3.0,0.0,3.0,2.0,3,3,3,3,3,3
SDNEF5,655.0,531.0,595.0,400.0,286.0,1400.0,655.0,1200.0,595.0,1500.0,985.0,1600.0,1.0,1.0,1.0,1.0,3.0,0.0,1,3,1,3,3,3
6UCVK8,204.0,1100.0,533.0,705.0,89.0,187.0,518.0,1150.0,704.0,1200.0,359.0,318.0,3.0,0.0,3.0,1.0,3.0,3.0,3,2,3,3,3,3
3HYHAQ,92.0,1900.0,365.0,1100.0,179.0,372.0,164.0,1900.0,1000.0,1400.0,283.0,406.0,3.0,0.0,2.0,0.0,3.0,3.0,3,1,3,3,3,3
RNPDEJ,668.0,10000.0,1200.0,1200.0,474.0,254.0,668.0,10000.0,1450.0,1700.0,830.0,562.0,1.0,0.0,0.0,0.0,3.0,2.0,1,0,2,3,3,3
AB4PZY,440.0,1100.0,436.0,97.0,177.0,506.0,958.0,1500.0,665.0,1000.0,240.0,1300.0,2.0,0.0,3.0,2.0,3.0,1.0,3,3,3,3,3,3
EJAA14,1400.0,391.0,161.0,1400.0,151.0,1300.0,1650.0,432.0,1700.0,1600.0,375.0,1600.0,0.0,3.0,1.0,0.0,3.0,0.0,2,3,3,3,3,3
ACXBQY,689.0,1300.0,275.0,553.0,106.0,267.0,858.0,1800.0,296.0,1200.0,188.0,1000.0,2.0,0.0,3.0,1.0,3.0,2.0,3,3,3,3,3,3
J2SWK0,1900.0,10000.0,174.0,307.0,221.0,261.0,1900.0,10000.0,1300.0,1100.0,496.0,921.0,0.0,0.0,1.0,1.0,3.0,2.0,1,0,3,3,3,3
DER7UH,217.0,686.0,455.0,381.0,167.0,550.0,1058.5,714.0,613.0,519.0,270.0,779.0,1.0,3.0,3.0,2.0,3.0,3.0,2,3,3,3,3,3
SDCVE5,10000.0,1300.0,1600.0,1600.0,539.0,10000.0,10000.0,1300.0,1900.0,1700.0,1200.0,10000.0,0.0,0.0,0.0,0.0,1.0,0.0,0,1,3,2,3,0
GXVYF2,666.0,517.0,614.0,1000.0,285.0,1300.0,1183.0,571.0,1100.0,1400.0,441.0,1650.0,1.0,3.0,1.0,1.0,3.0,0.0,2,3,3,3,3,2
375H7Q,10000.0,10000.0,582.0,1700.0,492.0,1800.0,10000.0,10000.0,923.0,1700.0,590.0,1800.0,0.0,0.0,2.0,0.0,3.0,0.0,0,0,3,1,3,2
5DTMK7,1400.0,676.0,1500.0,1800.0,607.0,1500.0,1400.0,836.0,1500.0,1800.0,675.0,1700.0,0.0,3.0,0.0,0.0,3.0,0.0,1,3,1,1,3,2
1Q5TZ6,586.0,1100.0,527.0,448.0,38.0,252.0,600.0,1150.0,866.0,1300.0,252.0,287.0,3.0,0.0,3.0,1.0,3.0,3.0,3,2,3,3,3,3
6SAZ08,397.0,1300.0,302.0,365.0,213.0,576.0,897.0,1300.0,717.0,376.0,283.0,1000.0,3.0,0.0,2.0,3.0,3.0,2.0,3,3,3,3,3,3
DEB0PH,1200.0,397.0,634.0,195.0,514.0,344.0,1200.0,1600.0,851.0,650.0,596.0,618.0,0.0,1.0,3.0,2.0,3.0,3.0,1,3,3,3,3,3
J24QR0,1300.0,773.0,832.0,10000.0,1000.0,811.0,1600.0,843.0,1500.0,10000.0,1000.0,1200.0,0.0,2.0,1.0,0.0,2.0,1.0,2,3,3,0,3,3
KF947C,10000.0,10000.0,10000.0,439.0,491.0,817.0,10000.0,10000.0,10000.0,439.0,605.0,821.5,0.0,0.0,0.0,1.0,2.0,2.0,0,0,0,1,3,2
9TX98P,933.0,1100.0,1700.0,517.0,628.0,1300.0,1066.5,1100.0,1700.0,570.5,644.0,1300.0,1.0,0.0,0.0,2.0,3.0,0.0,2,1,1,2,3,3
7H66QA,366.0,758.0,721.0,1200.0,514.0,536.0,1033.0,988.0,721.0,1200.0,520.0,918.0,1.0,2.0,1.0,0.0,3.0,1.0,2,3,1,3,3,2
UCDKPS,10000.0,1700.0,545.0,1900.0,446.0,10000.0,10000.0,1750.0,545.0,1900.0,476.0,10000.0,0.0,0.0,1.0,0.0,3.0,0.0,0,2,1,1,3,0
PNQX1G,10000.0,10000.0,623.0,973.0,213.0,272.0,10000.0,10000.0,749.5,1800.0,409.0,530.0,0.0,0.0,2.0,1.0,3.0,2.0,0,0,2,3,3,3
CW082B,543.0,1600.0,496.0,1200.0,233.0,283.0,955.0,1600.0,876.0,1200.0,546.0,579.0,2.0,0.0,3.0,0.0,3.0,3.0,3,2,3,3,3,3
7H7MZA,593.0,1300.0,1200.0,1800.0,286.0,637.0,1196.5,1400.0,1400.0,1800.0,572.0,922.0,1.0,0.0,0.0,0.0,3.0,2.0,2,2,3,2,3,3
AKAK0Y,1700.0,733.0,543.0,1300.0,237.0,465.0,1700.0,938.0,604.0,1600.0,526.0,525.0,0.0,2.0,3.0,0.0,3.0,2.0,1,3,3,2,3,3
C4H5SB,1800.0,10000.0,1100.0,1200.0,252.0,848.0,1800.0,10000.0,1500.0,1500.0,574.0,1000.0,0.0,0.0,0.0,0.0,3.0,2.0,1,0,3,3,3,3
6UBA08,1100.0,1900.0,942.0,528.0,375.0,439.0,1800.0,1900.0,1600.0,1500.0,985.0,912.0,0.0,0.0,1.0,1.0,2.0,2.0,3,1,3,3,3,3
5DWKQ7,1300.0,1200.0,460.0,1800.0,199.0,822.0,1550.0,1200.0,1400.0,1850.0,312.0,843.0,0.0,0.0,1.0,0.0,3.0,3.0,2,1,3,2,3,3
YK5MGD,1500.0,1900.0,1000.0,1300.0,433.0,431.0,1700.0,1900.0,1100.0,1300.0,561.0,459.0,0.0,0.0,1.0,0.0,3.0,3.0,2,1,3,1,3,3
382RQ3,1000.0,1600.0,314.0,609.0,315.0,165.0,1300.0,1700.0,386.0,711.0,594.0,756.0,1.0,0.0,3.0,3.0,3.0,3.0,3,3,3,3,3,3
375ZWQ,10000.0,10000.0,879.0,1300.0,799.0,1300.0,10000.0,10000.0,1089.5,1300.0,912.0,1350.0,0.0,0.0,1.0,0.0,3.0,0.0,0,0,2,1,3,2
W22Y9R,1300.0,1200.0,851.0,10000.0,677.0,1600.0,1300.0,1300.0,1200.0,10000.0,1000.0,1600.0,0.0,0.0,1.0,0.0,3.0,0.0,1,3,3,0,3,1
7DTU5A,10000.0,210.0,10000.0,217.0,887.0,294.0,10000.0,435.5,10000.0,587.0,936.0,297.5,0.0,2.0,0.0,3.0,3.0,2.0,0,2,0,3,3,2
6QZNQ8,1500.0,1500.0,493.0,825.0,237.0,517.0,1500.0,1600.0,990.0,1100.0,277.0,1100.0,0.0,0.0,2.0,1.0,3.0,1.0,1,3,3,3,3,3
UKMA4S,1300.0,863.0,537.0,1600.0,156.0,413.0,1550.0,1600.0,1200.0,1800.0,439.0,420.0,0.0,1.0,1.0,0.0,3.0,3.0,2,3,3,3,3,3
JPC7G0,819.0,10000.0,10000.0,1600.0,572.0,599.0,1900.0,10000.0,10000.0,1600.0,819.0,797.0,1.0,0.0,0.0,0.0,3.0,3.0,3,0,0,1,3,3
AH8NDY,819.0,10000.0,10000.0,1600.0,572.0,599.0,1900.0,10000.0,10000.0,1600.0,819.0,797.0,1.0,0.0,0.0,0.0,3.0,3.0,3,0,0,1,3,3
DB7F2H,1700.0,1400.0,1400.0,157.0,638.0,45.0,1700.0,1400.0,1450.0,483.0,1000.0,854.0,0.0,0.0,0.0,2.0,2.0,2.0,1,1,2,3,3,3
ACWXXY,736.0,390.0,1000.0,225.0,619.0,228.0,1218.0,953.0,1100.0,1400.0,658.0,964.0,1.0,2.0,1.0,1.0,3.0,1.0,2,3,3,3,3,2
3H5FCQ,1300.0,957.0,640.0,1800.0,211.0,289.0,1500.0,957.0,1300.0,1850.0,316.0,624.0,0.0,1.0,1.0,0.0,3.0,3.0,2,1,3,2,3,3
GTRV42,789.0,10000.0,10000.0,16.0,233.0,10000.0,789.0,10000.0,10000.0,382.0,1600.0,10000.0,1.0,0.0,0.0,3.0,1.0,0.0,1,0,0,3,3,0
QHMJ7U,1500.0,1000.0,720.0,10000.0,170.0,10000.0,1700.0,1200.0,720.0,10000.0,357.0,10000.0,0.0,1.0,1.0,0.0,2.0,0.0,2,3,1,0,3,0
0ZYSV9,1200.0,1700.0,557.0,1300.0,142.0,1300.0,1200.0,1700.0,971.0,1300.0,339.0,1400.0,0.0,0.0,2.0,0.0,3.0,0.0,1,1,3,2,3,3
374SJQ,446.0,497.0,297.0,248.0,147.0,419.0,457.0,708.0,329.0,384.0,165.0,545.0,3.0,3.0,3.0,3.0,3.0,3.0,3,3,3,3,3,3
KTDZCJ,10000.0,1600.0,996.0,10000.0,1400.0,10000.0,10000.0,1600.0,996.0,10000.0,1400.0,10000.0,0.0,0.0,1.0,0.0,0.0,0.0,0,1,1,0,3,0
7KKE8A,759.0,101.0,1500.0,84.0,510.0,104.0,1229.5,105.0,1600.0,1100.0,514.0,117.0,1.0,3.0,0.0,1.0,3.0,3.0,2,3,3,3,3,3
RGM94J,664.0,462.0,941.0,307.0,549.0,244.0,1182.0,1000.0,1200.0,1300.0,591.0,1022.0,1.0,2.0,1.0,1.0,3.0,1.0,2,3,3,3,3,2
ACKKWY,10000.0,438.0,10000.0,863.0,794.0,583.0,10000.0,565.5,10000.0,879.0,969.0,586.0,0.0,2.0,0.0,3.0,2.0,2.0,0,2,0,3,3,2
9VN2YP,232.0,462.0,550.0,573.0,322.0,173.0,613.0,464.0,753.0,632.0,480.0,316.0,3.0,3.0,3.0,3.0,3.0,3.0,3,3,3,3,3,3
9TZBXP,199.0,674.0,372.0,219.0,186.0,63.0,655.0,826.0,598.0,426.0,251.0,120.0,3.0,3.0,3.0,3.0,3.0,3.0,3,3,3,3,3,3
37S6MQ,10000.0,481.0,10000.0,866.0,877.0,686.0,10000.0,639.0,10000.0,905.0,1100.0,689.0,0.0,2.0,0.0,3.0,1.0,2.0,0,2,0,3,3,2
40GBEF,1500.0,1100.0,492.0,1500.0,228.0,428.0,1650.0,1300.0,870.0,1500.0,229.0,662.0,0.0,0.0,3.0,0.0,3.0,3.0,2,3,3,1,3,3
WPKA1R,1200.0,496.0,200.0,123.0,120.0,637.0,1400.0,826.0,660.0,524.0,169.0,860.0,0.0,3.0,3.0,3.0,3.0,2.0,3,3,3,3,3,3
9TYUQP,272.0,173.0,142.0,138.0,311.0,328.0,381.0,826.0,507.0,826.0,338.0,349.0,2.0,2.0,3.0,3.0,3.0,3.0,3,3,3,3,3,3
CW024B,161.0,252.0,853.0,241.0,321.0,451.0,1100.0,286.0,948.0,1500.0,488.0,723.0,1.0,2.0,2.0,1.0,3.0,3.0,3,3,3,3,3,3
372YRQ,909.0,1500.0,244.0,171.0,183.0,1000.0,1500.0,1600.0,525.0,647.0,189.0,1400.0,1.0,0.0,3.0,3.0,3.0,1.0,3,3,3,3,3,3
7D92SA,259.0,283.0,54.0,542.0,55.0,175.0,271.0,532.0,791.0,613.0,130.0,312.0,3.0,3.0,3.0,3.0,3.0,3.0,3,3,3,3,3,3
0ZNB09,989.0,829.0,607.0,404.0,362.0,310.0,1394.5,1500.0,902.0,517.0,565.0,787.0,1.0,1.0,2.0,2.0,3.0,3.0,2,3,3,3,3,3
7CEW3A,962.0,845.0,875.0,1500.0,169.0,1400.0,1600.0,853.0,1200.0,1600.0,301.0,1450.0,1.0,2.0,1.0,0.0,3.0,0.0,3,2,3,3,3,2
RGGGGJ,964.0,394.0,715.0,711.0,289.0,369.0,1082.0,534.0,1100.0,902.0,522.0,490.0,1.0,3.0,1.0,3.0,3.0,3.0,2,3,3,3,3,3
7KME9A,1700.0,1700.0,156.0,349.0,247.0,495.0,1750.0,1700.0,726.0,440.0,343.0,563.0,0.0,0.0,3.0,3.0,3.0,3.0,2,1,3,3,3,3
SYSNR5,225.0,863.0,635.0,284.0,98.0,484.0,562.0,893.0,677.0,384.0,157.0,623.0,2.0,3.0,3.0,3.0,3.0,3.0,3,3,3,3,3,3
8SCSB3,10000.0,10000.0,239.0,10000.0,447.0,105.0,10000.0,10000.0,746.0,10000.0,471.0,105.0,0.0,0.0,2.0,0.0,3.0,1.0,0,0,3,0,3,1
GX4JD2,328.0,404.0,314.0,628.0,208.0,85.0,632.0,478.0,523.0,635.0,253.0,112.0,3.0,3.0,3.0,3.0,3.0,3.0,3,3,3,3,3,3
8SFHB3,1500.0,108.0,1100.0,829.0,375.0,716.0,1600.0,297.0,1600.0,1100.0,399.0,956.0,0.0,3.0,0.0,1.0,3.0,2.0,3,3,3,3,3,3
2MM64Z,759.0,101.0,1500.0,84.0,510.0,104.0,1229.5,105.0,1600.0,1100.0,514.0,117.0,1.0,3.0,0.0,1.0,3.0,3.0,2,3,3,3,3,3
7KD1ZA,1700.0,1300.0,657.0,1300.0,334.0,103.0,1700.0,1400.0,1100.0,1600.0,446.0,435.0,0.0,0.0,1.0,0.0,3.0,3.0,2,3,3,3,3,3
8U0VX3,1100.0,856.0,556.0,453.0,337.0,336.0,1400.0,1500.0,899.0,603.0,478.0,784.0,0.0,1.0,2.0,2.0,3.0,2.0,2,3,3,3,3,3
Q7F26U,508.0,1900.0,505.0,857.0,695.0,1300.0,508.0,1900.0,505.0,974.0,696.0,1350.0,1.0,0.0,1.0,2.0,3.0,0.0,1,1,1,3,3,2
Q7Q7FU,1200.0,1900.0,674.0,216.0,347.0,419.0,1300.0,1900.0,1400.0,1500.0,427.0,423.0,0.0,0.0,1.0,1.0,3.0,3.0,3,1,3,3,3,3
YKWXHD,259.0,261.0,246.0,605.0,118.0,112.0,269.0,544.0,321.0,871.0,401.0,179.0,3.0,3.0,3.0,3.0,3.0,3.0,3,3,3,3,3,3
EREAG4,1100.0,1300.0,978.0,1100.0,142.0,536.0,1100.0,1300.0,1100.0,1100.0,261.0,918.0,0.0,0.0,1.0,0.0,3.0,1.0,3,1,3,1,3,2
8URGG3,1400.0,1200.0,190.0,391.0,512.0,98.0,1400.0,1500.0,635.0,945.0,596.0,1200.0,0.0,0.0,2.0,3.0,3.0,1.0,1,3,3,3,3,3
7H7K3A,10000.0,10000.0,1300.0,1200.0,1200.0,10000.0,10000.0,10000.0,1300.0,1200.0,1300.0,10000.0,0.0,0.0,0.0,0.0,0.0,0.0,0,0,1,1,3,0
YC1HCD,10000.0,267.0,10000.0,586.0,584.0,187.0,10000.0,389.0,10000.0,803.0,675.0,191.0,0.0,2.0,0.0,3.0,3.0,2.0,0,2,0,3,3,2
PT8RPG,10000.0,1700.0,672.0,351.0,562.0,416.0,10000.0,1750.0,750.0,497.0,619.0,628.0,0.0,0.0,2.0,3.0,3.0,3.0,0,2,3,3,3,3
W0FE1R,218.0,649.0,1300.0,266.0,393.0,262.0,220.0,998.0,1800.0,873.0,498.0,291.0,3.0,2.0,0.0,3.0,3.0,3.0,3,3,3,3,3,3
5DZ1E7,1500.0,159.0,575.0,518.0,211.0,221.0,1500.0,1100.0,1237.5,533.0,358.0,572.0,0.0,1.0,1.0,2.0,3.0,3.0,1,3,2,3,3,3
3ABUZQ,10000.0,1300.0,10000.0,10000.0,10000.0,10000.0,10000.0,1300.0,10000.0,10000.0,10000.0,10000.0,0.0,0.0,0.0,0.0,0.0,0.0,0,1,0,0,0,0
5ED4W7,888.0,521.0,549.0,1500.0,95.0,365.0,1300.0,525.0,1100.0,1600.0,129.0,1300.0,1.0,2.0,1.0,0.0,3.0,1.0,3,3,3,3,3,3
74BK5A,10000.0,1400.0,1700.0,10000.0,863.0,749.0,10000.0,1400.0,1850.0,10000.0,933.0,749.0,0.0,0.0,0.0,0.0,3.0,1.0,0,3,2,0,3,1
9NT3FP,732.0,1100.0,1400.0,1200.0,535.0,10000.0,1016.0,1450.0,1400.0,1500.0,575.0,10000.0,1.0,0.0,0.0,0.0,3.0,0.0,2,2,1,2,3,0
DWKGVH,345.0,10000.0,127.0,388.0,143.0,407.0,345.0,10000.0,713.5,844.0,197.0,465.0,1.0,0.0,1.0,1.0,3.0,3.0,1,0,2,2,3,3
A4VZ4Y,10000.0,10000.0,10000.0,616.0,394.0,10000.0,10000.0,10000.0,10000.0,1300.0,973.0,10000.0,0.0,0.0,0.0,1.0,2.0,0.0,0,0,0,3,3,0
KWSRNC,1000.0,10000.0,995.0,1100.0,959.0,1200.0,1000.0,10000.0,995.0,1200.0,1100.0,1550.0,1.0,0.0,1.0,0.0,1.0,0.0,1,0,1,3,3,2
9VT2DP,269.0,324.0,375.0,498.0,50.0,155.0,525.0,371.0,407.0,592.0,143.0,195.0,3.0,3.0,3.0,3.0,3.0,3.0,3,3,3,3,3,3
7EGX5A,63.0,698.0,413.0,663.0,248.0,674.0,99.0,1200.0,506.0,678.0,286.0,725.0,3.0,1.0,3.0,3.0,3.0,3.0,3,3,3,3,3,3
5K4NP7,1600.0,393.0,429.0,605.0,630.0,913.0,1700.0,888.0,881.0,739.0,660.0,1000.0,0.0,3.0,3.0,2.0,3.0,2.0,2,3,3,3,3,3
2MCUUZ,305.0,908.0,525.0,567.0,481.0,378.0,620.0,1100.0,764.0,624.0,492.0,434.0,3.0,1.0,3.0,3.0,3.0,3.0,3,3,3,3,3,3
7KCRUA,1400.0,1000.0,1100.0,10000.0,641.0,829.0,1500.0,1050.0,1100.0,10000.0,706.0,1100.0,0.0,1.0,0.0,0.0,3.0,1.0,3,2,1,0,3,3
SDHH15,373.0,133.0,211.0,516.0,205.0,212.0,470.0,286.0,255.0,689.0,268.0,231.0,3.0,3.0,3.0,3.0,3.0,3.0,3,3,3,3,3,3
G1WKQ2,779.0,1400.0,610.0,1200.0,49.0,1100.0,1200.0,1400.0,1000.0,1400.0,505.0,1100.0,1.0,0.0,2.0,0.0,3.0,0.0,3,3,3,3,3,3
928QAP,10000.0,368.0,10000.0,767.0,743.0,444.0,10000.0,461.5,10000.0,780.0,899.0,447.0,0.0,2.0,0.0,3.0,3.0,2.0,0,2,0,3,3,2
DY6UHF,68.0,363.0,377.0,715.0,222.0,130.0,229.0,420.0,419.0,956.0,253.0,207.0,3.0,3.0,3.0,3.0,3.0,3.0,3,3,3,3,3,3
QKE7DU,1400.0,1500.0,834.0,1300.0,184.0,305.0,1900.0,1500.0,953.0,1300.0,234.0,497.0,0.0,0.0,3.0,0.0,3.0,2.0,3,2,3,3,3,3
UCE6GS,471.0,1200.0,814.0,855.0,245.0,867.0,1300.0,1500.0,1100.0,1600.0,246.0,1400.0,1.0,0.0,1.0,1.0,3.0,1.0,3,3,3,3,3,3
AFEF9Y,314.0,950.0,398.0,424.0,173.0,899.0,486.0,960.0,744.0,1100.0,174.0,1300.0,3.0,2.0,3.0,1.0,3.0,1.0,3,3,3,3,3,3
WZK56R,865.0,1100.0,754.0,1200.0,335.0,946.0,1400.0,1300.0,866.0,1400.0,379.0,1100.0,1.0,0.0,3.0,0.0,3.0,1.0,3,3,3,3,3,3
DFZJKH,10000.0,10000.0,1600.0,10000.0,1100.0,10000.0,10000.0,10000.0,1600.0,10000.0,1300.0,10000.0,0.0,0.0,0.0,0.0,0.0,0.0,0,0,1,0,3,0
9X326P,1500.0,1100.0,479.0,1500.0,211.0,445.0,1650.0,1300.0,887.0,1500.0,211.0,680.0,0.0,0.0,3.0,0.0,3.0,3.0,2,3,3,1,3,3
JT28D0,717.0,1200.0,241.0,179.0,158.0,557.0,1100.0,1400.0,541.0,1200.0,493.0,1600.0,1.0,0.0,3.0,1.0,3.0,1.0,3,3,3,3,3,3
1UDGJ6,1000.0,584.0,934.0,1300.0,404.0,182.0,1200.0,1800.0,1200.0,1400.0,475.0,194.0,1.0,1.0,1.0,0.0,3.0,3.0,2,3,3,2,3,3
KFPESC,573.0,1300.0,1400.0,82.0,156.0,10000.0,986.5,1300.0,1650.0,357.0,500.0,10000.0,1.0,0.0,0.0,3.0,3.0,0.0,2,1,2,3,3,0
KFWRBC,886.0,1900.0,708.0,491.0,259.0,528.0,1200.0,1900.0,722.0,1600.0,373.0,958.0,1.0,0.0,3.0,1.0,3.0,3.0,3,1,3,3,3,3
SBRF85,1000.0,1300.0,779.0,883.0,115.0,318.0,1000.0,1300.0,1200.0,883.0,435.0,709.0,2.0,0.0,1.0,1.0,3.0,1.0,3,1,3,1,3,2
JNM850,1200.0,1300.0,1100.0,966.0,577.0,1300.0,1200.0,1400.0,1250.0,1383.0,621.0,1550.0,0.0,0.0,0.0,1.0,3.0,0.0,1,2,2,2,3,2
D4DRZH,1300.0,970.0,646.0,1800.0,218.0,287.0,1500.0,970.0,1300.0,1850.0,303.0,624.0,0.0,1.0,1.0,0.0,3.0,3.0,2,1,3,2,3,3
5K3RN7,564.0,683.0,966.0,159.0,270.0,257.0,565.0,988.0,1700.0,611.0,377.0,559.0,3.0,3.0,1.0,3.0,3.0,3.0,3,3,3,3,3,3
AB8E6Y,1500.0,10000.0,1200.0,328.0,353.0,405.0,1500.0,10000.0,1400.0,1000.0,749.0,405.0,0.0,0.0,0.0,3.0,3.0,1.0,1,0,2,3,3,1
87RV83,1300.0,957.0,640.0,1800.0,211.0,289.0,1500.0,957.0,1300.0,1850.0,316.0,624.0,0.0,1.0,1.0,0.0,3.0,3.0,2,1,3,2,3,3
3AFM4Q,1400.0,961.0,389.0,808.0,510.0,1300.0,1400.0,1100.0,1100.0,808.0,869.0,1300.0,0.0,1.0,1.0,1.0,3.0,0.0,1,3,3,1,3,1
W0DTWR,2000.0,1800.0,426.0,1400.0,141.0,246.0,2000.0,1800.0,997.0,1400.0,334.0,890.0,0.0,0.0,2.0,0.0,3.0,2.0,1,1,3,2,3,3
EW5SX4,979.0,1300.0,164.0,548.0,170.0,119.0,1389.5,1700.0,777.0,1100.0,209.0,574.0,1.0,0.0,3.0,1.0,3.0,3.0,2,3,3,3,3,3
5CVET7,793.0,1300.0,498.0,368.0,213.0,176.0,1400.0,1400.0,709.0,659.0,338.0,305.0,1.0,0.0,2.0,3.0,3.0,3.0,3,3,3,3,3,3
QDK7HU,564.0,597.0,913.0,243.0,333.0,286.0,625.0,943.0,1800.0,526.0,429.0,594.0,3.0,2.0,1.0,3.0,3.0,3.0,3,3,3,3,3,3
5YBPE7,775.0,10000.0,1200.0,759.0,111.0,113.0,775.0,10000.0,1250.0,1300.0,121.0,444.0,1.0,0.0,0.0,1.0,3.0,3.0,1,0,2,3,3,3
7965A8,10000.0,1900.0,1500.0,871.0,432.0,342.0,10000.0,2000.0,1500.0,1000.0,504.0,906.0,0.0,0.0,0.0,2.0,3.0,3.0,0,3,2,3,3,3
AK08MY,1400.0,1300.0,10000.0,425.0,710.0,1400.0,1400.0,1500.0,10000.0,860.0,1400.0,1400.0,0.0,0.0,0.0,2.0,1.0,0.0,1,2,0,3,3,2
EWVCK4,177.0,662.0,520.0,255.0,366.0,421.0,280.0,767.0,585.0,415.0,393.0,710.0,3.0,3.0,3.0,3.0,3.0,3.0,3,3,3,3,3,3
4P2J9F,218.0,408.0,612.0,377.0,528.0,430.0,294.0,670.0,1800.0,552.0,558.0,610.0,3.0,2.0,1.0,3.0,3.0,3.0,3,3,3,3,3,3
65K6F8,398.0,673.0,320.0,549.0,271.0,564.0,442.0,845.0,947.0,591.0,354.0,592.0,3.0,3.0,2.0,3.0,3.0,3.0,3,3,3,3,3,3
C415FB,698.0,415.0,479.0,937.0,224.0,832.0,747.0,1600.0,699.0,1100.0,389.0,1100.0,3.0,1.0,3.0,1.0,3.0,1.0,3,3,3,3,3,3
5Y2JQ7,127.0,1800.0,402.0,1000.0,200.0,297.0,480.0,1800.0,567.0,1300.0,236.0,450.0,3.0,0.0,2.0,1.0,3.0,3.0,3,2,3,3,3,3
PVEFHG,1600.0,10000.0,991.0,682.0,97.0,935.0,1600.0,10000.0,994.0,914.0,493.0,1200.0,0.0,0.0,2.0,2.0,3.0,1.0,1,0,3,3,3,3
WPAXGR,895.0,247.0,989.0,68.0,776.0,296.0,1247.5,873.0,1200.0,1500.0,811.0,948.0,1.0,3.0,1.0,1.0,3.0,1.0,2,3,3,3,3,2
DCXF3H,154.0,551.0,395.0,457.0,216.0,571.0,364.0,1100.0,597.0,595.0,349.0,602.0,3.0,1.0,3.0,3.0,3.0,3.0,3,3,3,3,3,3
5Y92Y7,698.0,1200.0,238.0,122.0,210.0,532.0,1100.0,1400.0,597.0,1300.0,471.0,1600.0,1.0,0.0,3.0,1.0,3.0,1.0,3,3,3,3,3,3
7DV7HA,10000.0,175.0,10000.0,296.0,539.0,418.0,10000.0,333.5,10000.0,422.0,777.0,420.0,0.0,2.0,0.0,3.0,2.0,2.0,0,2,0,3,3,2
QT0FUQ,531.0,115.0,340.0,606.0,76.0,395.0,710.0,229.0,563.0,798.0,310.0,422.0,3.0,3.0,3.0,3.0,3.0,3.0,3,3,3,3,3,3
SY3GW5,1000.0,1600.0,225.0,216.0,103.0,290.0,1600.0,1600.0,321.0,438.0,416.0,358.0,1.0,0.0,2.0,3.0,3.0,3.0,3,3,3,3,3,3
R9FYBJ,10000.0,85.0,10000.0,492.0,718.0,412.0,10000.0,299.5,10000.0,580.0,933.0,412.5,0.0,2.0,0.0,3.0,3.0,2.0,0,2,0,3,3,2
QA1R8U,174.0,1500.0,358.0,1000.0,304.0,336.0,367.0,1800.0,417.0,1300.0,329.0,582.0,3.0,0.0,3.0,1.0,3.0,3.0,3,3,3,3,3,3
R2U2CJ,1000.0,244.0,346.0,284.0,222.0,143.0,1100.0,446.0,1100.0,638.0,322.0,528.0,1.0,3.0,1.0,3.0,3.0,3.0,3,3,3,3,3,3
49UT4F,1500.0,10000.0,10000.0,10000.0,509.0,372.0,1500.0,10000.0,10000.0,10000.0,606.0,372.0,0.0,0.0,0.0,0.0,3.0,1.0,1,0,0,0,3,1
GXFRA2,10000.0,10000.0,501.0,439.0,227.0,1700.0,10000.0,10000.0,748.0,441.0,696.0,1700.0,0.0,0.0,2.0,3.0,3.0,0.0,0,0,3,3,3,3
D4T7MH,590.0,1400.0,1500.0,358.0,1100.0,1200.0,722.5,1500.0,1500.0,550.0,1100.0,1200.0,2.0,0.0,0.0,3.0,0.0,0.0,2,3,3,3,3,1
PM5DKG,1300.0,1400.0,1200.0,555.0,655.0,1100.0,1400.0,1400.0,1500.0,857.0,753.0,1300.0,0.0,0.0,0.0,3.0,3.0,0.0,3,3,3,3,3,3
UC5YYS,10000.0,954.0,743.0,659.0,826.0,10000.0,10000.0,954.0,971.5,659.0,849.0,10000.0,0.0,1.0,1.0,1.0,3.0,0.0,0,1,2,1,3,0
8YSR73,732.0,1100.0,1400.0,1200.0,535.0,10000.0,1016.0,1450.0,1400.0,1500.0,575.0,10000.0,1.0,0.0,0.0,0.0,3.0,0.0,2,2,1,2,3,0
3HCX9Q,1000.0,1300.0,1300.0,1100.0,835.0,1400.0,1000.0,1400.0,1300.0,1350.0,1300.0,1400.0,1.0,0.0,0.0,0.0,1.0,0.0,1,3,1,2,3,3
G63RT2,965.0,1600.0,488.0,620.0,584.0,1300.0,965.0,1700.0,569.0,620.0,964.0,1300.0,1.0,0.0,2.0,1.0,2.0,0.0,1,2,3,1,3,1
GXRTB2,177.0,530.0,501.0,613.0,219.0,537.0,859.0,530.0,791.0,973.0,296.0,1100.0,2.0,1.0,2.0,3.0,3.0,1.0,3,1,3,3,3,3
EGXW24,1500.0,10000.0,10000.0,2000.0,1800.0,10000.0,1500.0,10000.0,10000.0,2000.0,1800.0,10000.0,0.0,0.0,0.0,0.0,0.0,0.0,1,0,0,1,2,0
G6ST12,1300.0,10000.0,10000.0,1200.0,153.0,10000.0,1300.0,10000.0,10000.0,1200.0,219.0,10000.0,0.0,0.0,0.0,0.0,2.0,0.0,1,0,0,1,3,0
SB9FV5,735.0,1200.0,767.0,560.0,398.0,962.0,859.0,1350.0,1300.0,578.0,443.0,1200.0,3.0,0.0,1.0,2.0,3.0,1.0,3,2,3,3,3,3
WT3M3R,738.0,1200.0,768.0,574.0,378.0,954.0,863.0,1350.0,1300.0,583.0,421.0,1100.0,3.0,0.0,1.0,2.0,3.0,1.0,3,2,3,3,3,3
74RVJA,1000.0,10000.0,10000.0,10000.0,1100.0,10000.0,1000.0,10000.0,10000.0,10000.0,1100.0,10000.0,1.0,0.0,0.0,0.0,0.0,0.0,1,0,0,0,3,0
QKBTVU,1300.0,10000.0,10000.0,10000.0,1200.0,10000.0,1300.0,10000.0,10000.0,10000.0,1200.0,10000.0,0.0,0.0,0.0,0.0,0.0,0.0,1,0,0,0,3,0
3D3JRQ,344.0,135.0,528.0,827.0,165.0,578.0,389.0,536.0,681.0,1000.0,289.0,711.0,3.0,3.0,3.0,2.0,3.0,2.0,3,3,3,3,3,3
YER46D,527.0,415.0,567.0,221.0,265.0,427.0,772.0,765.0,646.0,222.0,341.0,517.0,3.0,2.0,3.0,3.0,3.0,3.0,3,3,3,3,3,3
8DR873,349.0,1700.0,1400.0,947.0,154.0,31.0,519.0,1750.0,1450.0,1000.0,315.0,216.0,3.0,0.0,0.0,3.0,3.0,3.0,3,2,2,3,3,3
8DFDJ3,493.0,1900.0,589.0,467.0,368.0,2000.0,1300.0,1950.0,720.0,508.0,463.0,2000.0,1.0,0.0,2.0,2.0,3.0,0.0,3,2,3,3,3,1
5EKCE7,1600.0,1400.0,1400.0,1500.0,1300.0,10000.0,1700.0,1400.0,1650.0,1750.0,1500.0,10000.0,0.0,0.0,0.0,0.0,0.0,0.0,3,1,2,2,3,0
P1ZJUG,1700.0,10000.0,10000.0,481.0,1300.0,1400.0,1800.0,10000.0,10000.0,693.0,1400.0,1700.0,0.0,0.0,0.0,3.0,0.0,0.0,2,0,0,3,3,3
SC3CH5,1100.0,190.0,402.0,86.0,544.0,516.0,1350.0,945.0,1400.0,1100.0,717.0,564.0,0.0,1.0,1.0,1.0,3.0,3.0,2,2,3,3,3,3
3D1YEQ,857.0,217.0,299.0,469.0,211.0,122.0,1200.0,958.5,1000.0,1300.0,617.0,837.0,1.0,1.0,2.0,1.0,3.0,3.0,3,2,3,3,3,3
WZB0CR,419.0,1200.0,1200.0,387.0,165.0,874.0,1100.0,1700.0,1600.0,738.0,410.0,1300.0,1.0,0.0,0.0,3.0,3.0,1.0,3,3,3,3,3,3
8AZR43,10000.0,10000.0,1100.0,313.0,629.0,700.0,10000.0,10000.0,1200.0,1200.0,862.0,1100.0,0.0,0.0,0.0,1.0,3.0,1.0,0,0,2,3,3,3
R2E7FJ,10000.0,10000.0,1700.0,1400.0,61.0,1600.0,10000.0,10000.0,1700.0,1400.0,319.0,1600.0,0.0,0.0,0.0,0.0,3.0,0.0,0,0,1,1,3,1
C9V1FB,352.0,1700.0,1400.0,958.0,150.0,3.0,495.0,1750.0,1400.0,1000.0,291.0,249.0,3.0,0.0,0.0,2.0,3.0,3.0,3,2,2,3,3,3
3HCGFQ,458.0,91.0,199.0,1500.0,124.0,16.0,777.0,418.0,356.0,1600.0,445.0,519.0,3.0,3.0,3.0,0.0,3.0,3.0,3,3,3,3,3,3
WT0E8R,10000.0,10000.0,698.0,1300.0,741.0,1800.0,10000.0,10000.0,1299.0,1300.0,813.0,1800.0,0.0,0.0,1.0,0.0,3.0,0.0,0,0,2,1,3,1
6YQX28,410.0,66.0,122.0,1600.0,214.0,99.0,755.0,366.0,430.0,1700.0,505.0,469.0,3.0,3.0,3.0,0.0,3.0,3.0,3,3,3,3,3,3
74YQ3A,1100.0,163.0,413.0,300.0,446.0,368.0,1500.0,981.5,1300.0,1300.0,769.0,776.0,0.0,1.0,1.0,1.0,3.0,3.0,3,2,3,3,3,3
3D3ZXQ,458.0,91.0,199.0,1500.0,124.0,16.0,777.0,418.0,356.0,1600.0,445.0,519.0,3.0,3.0,3.0,0.0,3.0,3.0,3,3,3,3,3,3
G1GKM2,448.0,1000.0,724.0,1100.0,136.0,605.0,994.0,1300.0,1200.0,1100.0,233.0,944.0,3.0,1.0,1.0,0.0,3.0,3.0,3,3,3,1,3,3
262D8Z,10000.0,10000.0,835.0,1100.0,582.0,1500.0,10000.0,10000.0,1267.5,1100.0,657.0,1500.0,0.0,0.0,1.0,0.0,3.0,0.0,0,0,2,1,3,1
G1GQ02,410.0,66.0,122.0,1600.0,214.0,99.0,755.0,366.0,430.0,1700.0,505.0,469.0,3.0,3.0,3.0,0.0,3.0,3.0,3,3,3,3,3,3
YEMGMD,1500.0,10000.0,10000.0,10000.0,538.0,339.0,1500.0,10000.0,10000.0,10000.0,641.0,339.0,0.0,0.0,0.0,0.0,3.0,1.0,1,0,0,0,3,1
QHQJ8U,10000.0,10000.0,10000.0,10000.0,391.0,980.0,10000.0,10000.0,10000.0,10000.0,537.0,1040.0,0.0,0.0,0.0,0.0,3.0,1.0,0,0,0,0,3,2
0ZBEQ9,10000.0,10000.0,1500.0,1900.0,321.0,568.0,10000.0,10000.0,1500.0,1900.0,558.0,568.0,0.0,0.0,0.0,0.0,2.0,1.0,0,0,1,1,3,1
UC70JS,1200.0,10000.0,1600.0,154.0,1100.0,1000.0,1200.0,10000.0,1600.0,512.0,1200.0,1300.0,0.0,0.0,0.0,3.0,0.0,1.0,1,0,1,3,3,3
67WMY8,322.0,379.0,914.0,609.0,102.0,356.0,912.0,1300.0,1000.0,1000.0,193.0,566.0,3.0,1.0,2.0,2.0,3.0,3.0,3,3,3,3,3,3
ABZ9EY,336.0,1100.0,574.0,592.0,188.0,612.0,884.0,1250.0,1200.0,979.0,275.0,983.0,2.0,0.0,1.0,2.0,3.0,3.0,3,2,3,3,3,3
QHRX5U,848.0,10000.0,1600.0,524.0,508.0,464.0,1400.0,10000.0,1600.0,912.0,562.0,587.0,1.0,0.0,0.0,1.0,3.0,3.0,3,0,1,2,3,3
WG34WR,846.0,190.0,286.0,506.0,75.0,643.0,1173.0,241.0,772.0,669.0,646.0,643.0,1.0,3.0,2.0,3.0,3.0,1.0,2,3,3,3,3,1
QA0C5U,429.0,605.0,10000.0,171.0,156.0,615.0,429.0,1052.5,10000.0,481.0,766.0,898.0,1.0,1.0,0.0,3.0,3.0,2.0,1,2,0,3,3,3
4009ZF,1100.0,670.0,1200.0,10000.0,402.0,1100.0,1200.0,749.0,1200.0,10000.0,1100.0,1600.0,0.0,3.0,0.0,0.0,1.0,0.0,3,3,1,0,3,3
SKK9H5,1300.0,531.0,1100.0,970.0,592.0,655.0,1800.0,639.0,1350.0,1500.0,790.0,1000.0,0.0,2.0,0.0,1.0,3.0,2.0,3,3,2,3,3,3
RZXCDJ,367.0,530.0,10000.0,99.0,139.0,541.0,367.0,965.0,10000.0,400.0,781.0,976.0,1.0,1.0,0.0,3.0,3.0,2.0,1,2,0,3,3,3
AC6UJY,492.0,687.0,10000.0,274.0,196.0,695.0,492.0,1143.5,10000.0,575.0,797.0,795.0,1.0,1.0,0.0,3.0,3.0,2.0,1,2,0,3,3,3
D4TUTH,795.0,120.0,209.0,1000.0,705.0,88.0,1300.0,341.0,807.0,1400.0,815.0,257.0,1.0,3.0,2.0,1.0,2.0,3.0,3,3,3,2,3,3
2V3ETZ,1700.0,1200.0,979.0,404.0,1700.0,1600.0,1700.0,1400.0,979.0,1052.0,1800.0,1800.0,0.0,0.0,1.0,1.0,0.0,0.0,1,3,1,2,3,3
PX2EMG,764.0,76.0,227.0,1000.0,672.0,101.0,1300.0,356.0,795.0,1450.0,799.0,238.0,1.0,3.0,2.0,1.0,2.0,3.0,3,3,3,2,3,3
5HA8Q7,1500.0,327.0,1000.0,1100.0,398.0,429.0,1600.0,413.0,1300.0,1500.0,617.0,873.0,0.0,2.0,1.0,0.0,3.0,3.0,3,3,3,3,3,3
3AYK3Q,1500.0,717.0,1700.0,1200.0,1600.0,10000.0,1500.0,1000.0,1750.0,1200.0,1800.0,10000.0,0.0,3.0,0.0,0.0,0.0,0.0,1,3,2,1,3,0
SHDRY5,1600.0,10000.0,10000.0,10000.0,10000.0,1500.0,1700.0,10000.0,10000.0,10000.0,10000.0,1500.0,0.0,0.0,0.0,0.0,0.0,0.0,3,0,0,0,0,1
9N3Z6P,10000.0,10000.0,10000.0,10000.0,1400.0,1900.0,10000.0,10000.0,10000.0,10000.0,1400.0,1900.0,0.0,0.0,0.0,0.0,0.0,0.0,0,0,0,0,3,1
GXWFS2,1200.0,1100.0,1100.0,1200.0,1000.0,10000.0,1300.0,1200.0,1100.0,1550.0,1300.0,10000.0,0.0,0.0,0.0,0.0,1.0,0.0,2,3,1,2,3,0
DF5Y0H,10000.0,10000.0,1600.0,10000.0,1100.0,10000.0,10000.0,10000.0,1600.0,10000.0,1300.0,10000.0,0.0,0.0,0.0,0.0,0.0,0.0,0,0,1,0,3,0
DR9BKH,10000.0,10000.0,1700.0,10000.0,1100.0,1700.0,10000.0,10000.0,1700.0,10000.0,1500.0,1700.0,0.0,0.0,0.0,0.0,0.0,0.0,0,0,1,0,3,2
YBEX4D,269.0,198.0,232.0,624.0,193.0,111.0,413.0,215.0,345.0,807.0,226.0,325.0,3.0,3.0,3.0,3.0,3.0,3.0,3,3,3,3,3,3
6AUU58,1800.0,10000.0,708.0,391.0,305.0,1700.0,1850.0,10000.0,1700.0,459.5,506.0,1700.0,0.0,0.0,1.0,2.0,3.0,0.0,2,0,3,2,3,1
7BX2XA,1100.0,1200.0,605.0,2000.0,492.0,1900.0,1100.0,1550.0,1300.0,2000.0,542.0,1900.0,0.0,0.0,1.0,0.0,3.0,0.0,1,2,3,1,3,1
Q5PBQU,770.0,866.0,551.0,746.0,221.0,905.0,770.0,981.0,570.0,834.0,235.0,1000.0,1.0,2.0,3.0,2.0,3.0,2.0,1,3,3,3,3,3
GRJU2N,609.0,664.0,703.0,319.0,97.0,892.0,1200.0,889.0,877.0,710.0,97.0,1400.0,1.0,2.0,3.0,3.0,3.0,1.0,3,3,3,3,3,3
JE8E0D,318.0,292.0,333.0,554.0,402.0,841.0,477.0,954.0,532.0,1100.0,423.0,1100.0,3.0,2.0,3.0,1.0,3.0,1.0,3,3,3,3,3,3
0G8TZ9,926.0,872.0,163.0,757.0,28.0,130.0,1400.0,1500.0,408.0,1000.0,186.0,1100.0,1.0,1.0,3.0,2.0,3.0,1.0,3,3,3,3,3,3
42MYAF,1500.0,1000.0,434.0,1500.0,144.0,510.0,1750.0,1400.0,1200.0,1900.0,467.0,582.0,0.0,1.0,1.0,0.0,3.0,3.0,2,3,3,3,3,3
3SDPCQ,941.0,240.0,266.0,249.0,237.0,535.0,1400.0,259.0,1000.0,500.0,275.0,1400.0,1.0,3.0,2.0,2.0,3.0,1.0,3,3,3,3,3,3
8UYKG3,921.0,651.0,155.0,694.0,163.0,424.0,1700.0,1400.0,465.0,1200.0,287.0,1400.0,1.0,1.0,3.0,1.0,3.0,1.0,3,3,3,3,3,3
GTDJB2,320.0,873.0,362.0,606.0,148.0,809.0,389.0,1200.0,578.0,1100.0,320.0,1200.0,3.0,1.0,3.0,1.0,3.0,1.0,3,3,3,3,3,3
AH9WKY,1200.0,1200.0,335.0,198.0,290.0,86.0,1500.0,1800.0,524.0,909.0,340.0,589.0,0.0,0.0,3.0,3.0,3.0,3.0,2,3,3,3,3,3
KEW2WC,263.0,215.0,201.0,299.0,56.0,302.0,558.0,232.0,581.0,956.0,239.0,532.0,3.0,2.0,2.0,3.0,3.0,3.0,3,3,3,3,3,3
Q5DR0U,10000.0,1900.0,552.0,307.0,174.0,573.0,10000.0,1900.0,837.0,342.0,486.0,751.0,0.0,0.0,3.0,3.0,3.0,3.0,0,1,3,3,3,3
7DEK1A,1300.0,1700.0,459.0,699.0,325.0,443.0,1400.0,1700.0,817.0,826.0,360.0,508.0,0.0,0.0,3.0,3.0,3.0,3.0,2,1,3,3,3,3
SABGS5,352.0,655.0,640.0,436.0,356.0,534.0,784.0,672.0,1000.0,985.0,388.0,1100.0,3.0,2.0,2.0,2.0,3.0,1.0,3,3,3,3,3,3
6AYH68,440.0,250.0,165.0,436.0,37.0,68.0,686.0,673.0,537.0,456.0,163.0,455.0,3.0,3.0,3.0,3.0,3.0,3.0,3,3,3,3,3,3
AHWNZY,1100.0,1500.0,263.0,578.0,202.0,252.0,1350.0,1900.0,775.0,938.0,270.0,568.0,0.0,0.0,3.0,2.0,3.0,3.0,2,3,3,3,3,3
R9GDAJ,290.0,786.0,222.0,568.0,204.0,508.0,541.0,871.0,833.0,571.0,220.0,790.0,3.0,3.0,2.0,3.0,3.0,3.0,3,3,3,3,3,3
GT44U2,741.0,816.0,775.0,1000.0,285.0,1100.0,1300.0,894.0,948.0,1100.0,377.0,1300.0,1.0,2.0,3.0,1.0,3.0,0.0,3,3,3,3,3,3
PZF80G,763.0,999.0,371.0,554.0,219.0,903.0,902.0,1000.0,411.0,860.0,228.0,1500.0,3.0,2.0,3.0,2.0,3.0,1.0,3,3,3,3,3,3
CWGAXB,284.0,1100.0,432.0,908.0,316.0,798.0,493.0,1200.0,1100.0,1100.0,564.0,1100.0,3.0,0.0,1.0,1.0,3.0,1.0,3,3,3,3,3,3
PZV3AG,454.0,10000.0,19.0,496.0,107.0,516.0,454.0,10000.0,609.5,898.0,306.0,571.0,1.0,0.0,1.0,1.0,3.0,3.0,1,0,2,2,3,3
DCWTPH,96.0,1200.0,476.0,623.0,145.0,1100.0,1600.0,1200.0,522.0,1400.0,252.0,1200.0,1.0,0.0,3.0,1.0,3.0,0.0,3,3,3,3,3,3
W0ZJNR,774.0,637.0,549.0,475.0,309.0,261.0,1600.0,1200.0,689.0,785.0,464.0,574.0,1.0,1.0,2.0,3.0,3.0,3.0,3,3,3,3,3,3
35PPMQ,10000.0,1700.0,279.0,1900.0,987.0,347.0,10000.0,1700.0,713.0,1900.0,1100.0,620.0,0.0,0.0,2.0,0.0,1.0,3.0,0,1,3,1,3,3
PZ4B3G,10000.0,10000.0,475.0,103.0,280.0,753.0,10000.0,10000.0,945.0,704.0,296.0,865.0,0.0,0.0,2.0,3.0,3.0,3.0,0,0,3,3,3,3
8UE5K3,1400.0,733.0,654.0,512.0,188.0,369.0,1600.0,1700.0,776.0,941.0,234.0,890.0,0.0,1.0,3.0,2.0,3.0,2.0,2,3,3,3,3,3
6Q74D8,1300.0,315.0,395.0,370.0,172.0,459.0,1400.0,836.0,528.0,768.0,224.0,1100.0,0.0,3.0,3.0,3.0,3.0,1.0,3,3,3,3,3,3
3SCGHQ,10000.0,10000.0,1400.0,735.0,451.0,88.0,10000.0,10000.0,1800.0,877.0,513.0,998.0,0.0,0.0,0.0,3.0,3.0,2.0,0,0,3,3,3,3
C4SVQB,569.0,467.0,315.0,1100.0,196.0,694.0,753.0,1800.0,648.0,1200.0,654.0,1300.0,3.0,1.0,3.0,0.0,3.0,1.0,3,3,3,3,3,3
6QB1R8,10000.0,10000.0,484.0,935.0,160.0,370.0,10000.0,10000.0,601.0,1800.0,207.0,378.0,0.0,0.0,2.0,1.0,3.0,2.0,0,0,2,3,3,3
3SBVFQ,1500.0,110.0,544.0,396.0,163.0,652.0,1600.0,933.0,583.0,926.0,195.0,983.0,0.0,2.0,3.0,2.0,3.0,2.0,3,3,3,3,3,3
5YJDX7,1200.0,391.0,441.0,756.0,187.0,942.0,1600.0,1300.0,460.0,1200.0,251.0,1100.0,0.0,1.0,3.0,1.0,3.0,1.0,2,3,3,3,3,3
37BXCQ,141.0,479.0,590.0,642.0,155.0,508.0,144.0,555.0,1000.0,664.0,254.0,617.0,3.0,3.0,2.0,3.0,3.0,3.0,3,3,3,3,3,3
GTFK12,10000.0,10000.0,386.0,822.0,235.0,280.0,10000.0,10000.0,613.5,1700.0,257.0,428.0,0.0,0.0,2.0,1.0,3.0,2.0,0,0,2,3,3,3
3SVNMQ,1100.0,416.0,210.0,637.0,209.0,340.0,1100.0,1000.0,1500.0,874.0,235.0,452.0,0.0,2.0,1.0,2.0,3.0,2.0,1,3,3,3,3,3
QH70DU,701.0,10000.0,1400.0,1400.0,1100.0,1800.0,701.0,10000.0,1900.0,1400.0,1100.0,2000.0,1.0,0.0,0.0,0.0,0.0,0.0,1,0,3,1,3,3
KE9XWC,10000.0,10000.0,891.0,10000.0,544.0,670.0,10000.0,10000.0,1400.0,10000.0,589.0,670.0,0.0,0.0,1.0,0.0,3.0,1.0,0,0,3,0,3,1
U7XDBS,765.0,1700.0,475.0,917.0,525.0,481.0,872.0,1850.0,518.0,1300.0,688.0,675.0,3.0,0.0,2.0,1.0,3.0,3.0,3,2,3,3,3,3
RGA7PJ,10000.0,289.0,249.0,10000.0,700.0,574.0,10000.0,289.0,824.5,10000.0,739.0,574.0,0.0,1.0,1.0,0.0,3.0,1.0,0,1,2,0,3,1
6XTP8Y,72.0,1300.0,515.0,507.0,116.0,420.0,986.0,1500.0,637.0,1700.0,120.0,459.0,3.0,0.0,3.0,1.0,3.0,3.0,3,3,3,3,3,3
5SP27X,931.0,1500.0,275.0,148.0,196.0,264.0,1500.0,1500.0,610.0,501.0,557.0,765.0,1.0,0.0,3.0,2.0,3.0,3.0,3,1,3,3,3,3
6AR6J8,10000.0,10000.0,1000.0,724.0,92.0,1600.0,10000.0,10000.0,1000.0,1600.0,265.0,1600.0,0.0,0.0,1.0,1.0,3.0,0.0,0,0,1,3,3,1
SD3YU5,1900.0,10000.0,1200.0,1200.0,180.0,1100.0,1900.0,10000.0,1600.0,1300.0,642.0,1200.0,0.0,0.0,0.0,0.0,3.0,0.0,1,0,3,3,3,3
W926DR,1600.0,10000.0,616.0,229.0,133.0,191.0,1750.0,10000.0,655.0,610.0,187.0,266.0,0.0,0.0,2.0,3.0,3.0,3.0,2,0,3,3,3,3
3D76TQ,1800.0,10000.0,647.0,142.0,266.0,331.0,1900.0,10000.0,682.0,708.0,356.0,813.0,0.0,0.0,3.0,3.0,3.0,2.0,2,0,3,3,3,3
QK0S3U,544.0,1100.0,175.0,509.0,381.0,121.0,836.0,1200.0,798.0,1000.0,405.0,293.0,3.0,0.0,3.0,2.0,3.0,3.0,3,2,3,3,3,3
AHAHRY,616.0,1000.0,1200.0,1200.0,418.0,866.0,616.0,1100.0,1200.0,1200.0,696.0,866.0,1.0,1.0,0.0,0.0,3.0,1.0,1,3,3,1,3,1
YFG1CD,1100.0,1600.0,718.0,1200.0,338.0,518.0,2000.0,1750.0,947.0,1600.0,369.0,569.0,0.0,0.0,2.0,0.0,3.0,3.0,3,2,3,3,3,3
AEU70Y,639.0,1800.0,232.0,916.0,303.0,235.0,762.0,1800.0,730.0,1000.0,744.0,501.0,3.0,0.0,2.0,2.0,3.0,3.0,3,1,3,3,3,3
8UVXF3,1500.0,1400.0,469.0,448.0,338.0,449.0,1500.0,1500.0,551.0,448.0,634.0,449.0,0.0,0.0,2.0,1.0,3.0,1.0,3,3,3,1,3,1
A4SFVY,594.0,843.0,86.0,270.0,358.0,499.0,770.0,1100.0,788.0,1300.0,451.0,501.0,3.0,1.0,3.0,1.0,3.0,3.0,3,3,3,3,3,3
QDTV1U,369.0,575.0,530.0,1100.0,429.0,1500.0,1184.5,761.0,915.0,1150.0,558.0,1700.0,1.0,3.0,1.0,0.0,3.0,0.0,2,3,2,2,3,2
A4S0UY,1300.0,10000.0,672.0,724.0,184.0,469.0,1300.0,10000.0,672.0,724.0,230.0,741.0,0.0,0.0,1.0,1.0,3.0,3.0,1,0,1,1,3,3
QKBS0U,505.0,10000.0,543.0,495.0,185.0,377.0,505.0,10000.0,1121.5,638.5,262.0,471.0,1.0,0.0,1.0,2.0,3.0,3.0,1,0,2,2,3,3
0M1GV9,1100.0,10000.0,930.0,876.0,144.0,894.0,1100.0,10000.0,1600.0,988.0,407.0,1000.0,0.0,0.0,1.0,1.0,3.0,3.0,1,0,3,2,3,3
QY1AQU,1600.0,652.0,303.0,952.0,98.0,935.0,1700.0,687.0,1500.0,1500.0,107.0,1700.0,0.0,3.0,1.0,1.0,3.0,1.0,2,3,3,3,3,3
5D61A7,1300.0,10000.0,2000.0,10000.0,281.0,1100.0,1650.0,10000.0,2000.0,10000.0,1100.0,1300.0,0.0,0.0,0.0,0.0,1.0,0.0,2,0,1,0,3,3
U739JS,946.0,218.0,1400.0,342.0,308.0,212.0,1173.0,221.0,1800.0,821.0,424.0,298.0,1.0,3.0,0.0,2.0,3.0,3.0,2,3,3,3,3,3
SBPMA5,105.0,438.0,503.0,585.0,207.0,54.0,119.0,549.0,627.0,680.0,215.0,403.0,3.0,3.0,3.0,3.0,3.0,3.0,3,3,3,3,3,3
SYKW35,332.0,1100.0,305.0,320.0,249.0,1000.0,1500.0,1100.0,686.0,341.0,407.0,1500.0,1.0,0.0,3.0,3.0,3.0,1.0,3,3,3,3,3,3
65RSP8,10000.0,10000.0,10000.0,10000.0,665.0,10000.0,10000.0,10000.0,10000.0,10000.0,760.0,10000.0,0.0,0.0,0.0,0.0,3.0,0.0,0,0,0,0,3,0
YBQ4ED,1400.0,1900.0,907.0,1400.0,294.0,793.0,1600.0,1900.0,1400.0,1400.0,383.0,1246.5,0.0,0.0,1.0,0.0,3.0,1.0,3,1,3,1,3,2
E0CGH4,916.0,300.0,1000.0,64.0,795.0,265.0,1258.0,760.0,1200.0,1600.0,800.0,882.5,1.0,3.0,1.0,1.0,3.0,1.0,2,3,3,3,3,2
6AXQC8,1400.0,1800.0,936.0,1400.0,287.0,760.0,1500.0,1800.0,1500.0,1400.0,315.0,1230.0,0.0,0.0,1.0,0.0,3.0,1.0,3,1,3,1,3,2
0NJBV9,1700.0,632.0,1700.0,671.0,313.0,10000.0,1700.0,916.0,1700.0,1285.5,384.0,10000.0,0.0,1.0,0.0,1.0,3.0,0.0,1,2,1,2,3,0
RZ752J,1400.0,683.0,1400.0,441.0,1400.0,1000.0,1800.0,1300.0,1500.0,695.0,1500.0,1200.0,0.0,1.0,0.0,3.0,0.0,1.0,3,3,3,3,3,3
K0GSVC,10000.0,370.0,1400.0,1800.0,984.0,865.0,10000.0,1400.0,1400.0,1800.0,1300.0,1200.0,0.0,1.0,0.0,0.0,1.0,1.0,0,3,1,1,3,3
3HB60Q,1600.0,987.0,393.0,777.0,235.0,870.0,1600.0,1200.0,577.0,777.0,684.0,870.0,0.0,1.0,2.0,1.0,3.0,1.0,2,3,3,1,3,1
UKPHAS,336.0,992.0,664.0,767.0,236.0,462.0,336.0,1000.0,1700.0,1000.0,261.0,462.0,1.0,2.0,1.0,2.0,3.0,1.0,1,3,3,3,3,1
W0G54R,811.0,887.0,404.0,648.0,404.0,110.0,827.0,1043.5,415.0,893.0,452.0,112.0,3.0,1.0,3.0,2.0,3.0,3.0,3,2,3,3,3,3
6TUD8Y,600.0,520.0,329.0,468.0,87.0,887.0,768.0,536.0,354.0,515.0,118.0,1100.0,3.0,3.0,3.0,3.0,3.0,1.0,3,3,3,3,3,3
G9BN2N,693.0,187.0,357.0,237.0,81.0,957.0,777.0,289.0,410.0,333.0,82.0,967.0,3.0,3.0,3.0,3.0,3.0,2.0,3,3,3,3,3,3
K59ZCJ,764.0,515.0,810.0,694.0,294.0,320.0,1082.0,749.0,1300.0,1000.0,480.0,347.0,1.0,3.0,1.0,2.0,3.0,3.0,2,3,3,3,3,3
6SYS18,670.0,1000.0,88.0,417.0,409.0,656.0,1200.0,1100.0,710.0,481.0,417.0,1600.0,1.0,1.0,3.0,3.0,3.0,1.0,3,3,3,3,3,3
PZSSUG,1300.0,1900.0,411.0,301.0,43.0,982.0,1700.0,1950.0,619.0,640.0,358.0,1100.0,0.0,0.0,3.0,2.0,3.0,1.0,3,2,3,3,3,3
AH9WDY,281.0,242.0,283.0,573.0,251.0,714.0,494.0,361.0,345.0,940.0,289.0,802.0,3.0,3.0,3.0,2.0,3.0,3.0,3,3,3,3,3,3
13RKM6,65.0,605.0,63.0,408.0,94.0,437.0,321.0,841.0,373.0,636.0,263.0,551.0,3.0,3.0,3.0,3.0,3.0,3.0,3,3,3,3,3,3
DYAKHF,10000.0,1500.0,571.0,622.0,222.0,409.0,10000.0,1550.0,865.0,929.0,433.0,824.0,0.0,0.0,3.0,2.0,3.0,3.0,0,2,3,3,3,3
1NT36T,253.0,685.0,215.0,597.0,166.0,522.0,500.0,971.0,775.0,598.0,245.0,891.0,3.0,3.0,2.0,3.0,3.0,3.0,3,3,3,3,3,3
E5AV4W,721.0,1300.0,154.0,1400.0,71.0,887.0,1160.5,1300.0,882.0,1500.0,167.0,977.0,1.0,0.0,3.0,0.0,3.0,2.0,2,1,3,3,3,3
EJ0N54,95.0,571.0,225.0,422.0,282.0,527.0,1800.0,760.0,616.0,658.0,352.0,537.0,1.0,3.0,3.0,3.0,3.0,3.0,3,3,3,3,3,3
02DSX9,668.0,1800.0,479.0,810.0,550.0,445.0,771.0,1800.0,484.0,1300.0,636.0,593.0,3.0,0.0,2.0,1.0,3.0,3.0,3,1,3,3,3,3
UYHKQS,286.0,566.0,230.0,477.0,161.0,583.0,311.0,1400.0,649.0,717.0,177.0,595.0,3.0,1.0,3.0,3.0,3.0,3.0,3,3,3,3,3,3
S1D75Y,1300.0,1300.0,232.0,908.0,121.0,360.0,1600.0,1450.0,240.0,1100.0,514.0,491.0,0.0,0.0,3.0,1.0,3.0,2.0,2,2,3,3,3,3
CW25ZB,391.0,1000.0,135.0,691.0,325.0,115.0,696.0,1100.0,981.0,1300.0,365.0,181.0,3.0,1.0,2.0,1.0,3.0,3.0,3,3,3,3,3,3
K4J9BC,413.0,490.0,470.0,531.0,56.0,400.0,813.0,775.0,519.0,910.0,456.0,402.0,3.0,2.0,3.0,2.0,3.0,3.0,3,3,3,3,3,3
Q5VTAU,422.0,852.0,145.0,391.0,194.0,581.0,427.0,943.0,326.0,708.0,357.0,586.0,3.0,3.0,3.0,3.0,3.0,3.0,3,3,3,3,3,3
CWR6ZB,10000.0,10000.0,10000.0,996.0,505.0,10000.0,10000.0,10000.0,10000.0,1248.0,971.0,10000.0,0.0,0.0,0.0,1.0,2.0,0.0,0,0,0,2,3,0
1QA5Q6,214.0,241.0,206.0,530.0,182.0,255.0,664.0,444.0,643.0,841.0,317.0,678.0,3.0,2.0,3.0,2.0,3.0,3.0,3,3,3,3,3,3
6QKW18,417.0,228.0,437.0,502.0,229.0,605.0,470.0,234.0,444.0,675.0,298.0,787.0,3.0,3.0,3.0,2.0,3.0,3.0,3,3,3,3,3,3
SA2KE5,653.0,488.0,250.0,340.0,135.0,356.0,857.0,610.0,594.0,1000.0,291.0,533.0,3.0,2.0,2.0,2.0,3.0,3.0,3,3,3,3,3,3
85QTK3,1900.0,10000.0,1500.0,728.0,308.0,332.0,2000.0,10000.0,1700.0,748.0,382.0,742.0,0.0,0.0,0.0,3.0,3.0,3.0,3,0,3,3,3,3
6UADU8,728.0,464.0,1600.0,359.0,563.0,1200.0,1000.0,667.0,1600.0,742.0,810.0,1200.0,2.0,2.0,0.0,2.0,3.0,0.0,3,3,3,3,3,3
AH53KY,10000.0,1600.0,1500.0,1100.0,465.0,390.0,10000.0,1700.0,1500.0,1100.0,548.0,916.0,0.0,0.0,0.0,0.0,3.0,3.0,0,2,3,3,3,3
8UXRH3,1200.0,1000.0,481.0,1800.0,146.0,560.0,1450.0,1000.0,1300.0,1900.0,250.0,901.0,0.0,1.0,1.0,0.0,3.0,3.0,2,1,3,2,3,3
UY350S,10000.0,10000.0,1100.0,746.0,164.0,1600.0,10000.0,10000.0,1100.0,1700.0,337.0,1600.0,0.0,0.0,0.0,1.0,3.0,0.0,0,0,1,3,3,1
RGG66J,335.0,1100.0,661.0,276.0,70.0,532.0,434.0,1200.0,663.0,314.0,125.0,1100.0,3.0,0.0,3.0,3.0,3.0,1.0,3,3,3,3,3,3
SD70H5,117.0,302.0,190.0,783.0,150.0,419.0,467.0,444.0,595.0,824.0,178.0,449.0,3.0,3.0,3.0,3.0,3.0,3.0,3,3,3,3,3,3
8SQP73,1200.0,725.0,375.0,352.0,210.0,506.0,1400.0,949.0,534.0,511.0,247.0,1000.0,0.0,3.0,3.0,3.0,3.0,2.0,3,3,3,3,3,3
U7XGDS,877.0,1800.0,740.0,1500.0,244.0,428.0,877.0,1800.0,1300.0,1550.0,525.0,446.0,1.0,0.0,1.0,0.0,3.0,2.0,1,2,3,2,3,3
0GAWD9,910.0,905.0,612.0,1000.0,217.0,162.0,1100.0,1700.0,717.0,1000.0,346.0,238.0,1.0,1.0,3.0,2.0,3.0,3.0,3,3,3,3,3,3
92NH9P,290.0,455.0,153.0,630.0,120.0,318.0,297.0,490.0,691.0,683.0,238.0,479.0,3.0,3.0,3.0,3.0,3.0,3.0,3,3,3,3,3,3
WF2AR9,764.0,622.0,627.0,1000.0,613.0,953.0,982.0,1111.0,762.5,1050.0,713.0,980.0,1.0,1.0,2.0,1.0,3.0,2.0,2,2,2,2,3,3
AHRFBY,1200.0,1000.0,382.0,1700.0,212.0,719.0,1500.0,1000.0,1400.0,1700.0,334.0,910.0,0.0,1.0,1.0,0.0,3.0,3.0,2,1,3,1,3,3
RG1QNJ,447.0,955.0,286.0,350.0,404.0,268.0,551.0,1200.0,631.0,1400.0,441.0,277.0,3.0,1.0,3.0,1.0,3.0,3.0,3,3,3,3,3,3
6SV1X8,10000.0,10000.0,1600.0,1700.0,1200.0,10000.0,10000.0,10000.0,1600.0,1700.0,1300.0,10000.0,0.0,0.0,0.0,0.0,0.0,0.0,0,0,1,1,3,0
EJ08K4,852.0,10000.0,1100.0,721.0,961.0,798.0,852.0,10000.0,1100.0,1210.5,1100.0,798.0,1.0,0.0,0.0,1.0,1.0,1.0,1,0,1,2,3,1
490GXF,301.0,340.0,305.0,617.0,260.0,243.0,762.0,545.0,640.0,852.0,271.0,615.0,3.0,2.0,3.0,2.0,3.0,3.0,3,3,3,3,3,3
YKSFKD,720.0,819.0,203.0,651.0,79.0,552.0,972.0,937.0,917.0,990.0,258.0,589.0,2.0,2.0,3.0,2.0,3.0,3.0,3,3,3,3,3,3
Q5JG4U,364.0,586.0,250.0,532.0,115.0,587.0,404.0,639.0,431.0,597.0,192.0,595.0,3.0,3.0,3.0,3.0,3.0,3.0,3,3,3,3,3,3
5YGYG7,684.0,705.0,1600.0,933.0,387.0,10000.0,684.0,1152.5,1600.0,1100.0,402.0,10000.0,1.0,1.0,0.0,1.0,3.0,0.0,1,2,3,3,3,0
PNXUBG,1100.0,382.0,130.0,856.0,302.0,214.0,1200.0,773.0,288.0,953.0,440.0,1600.0,0.0,2.0,3.0,2.0,3.0,1.0,3,3,3,3,3,3
SAH435,10000.0,1800.0,1600.0,10000.0,383.0,10000.0,10000.0,1800.0,1600.0,10000.0,1100.0,10000.0,0.0,0.0,0.0,0.0,1.0,0.0,0,1,1,0,3,0
DNRUHF,576.0,1200.0,236.0,418.0,421.0,927.0,1500.0,1300.0,596.0,483.0,428.0,1700.0,1.0,0.0,3.0,3.0,3.0,1.0,3,3,3,3,3,3
6VN98Y,631.0,1300.0,344.0,383.0,324.0,1000.0,1600.0,1400.0,520.0,583.0,337.0,1700.0,1.0,0.0,3.0,3.0,3.0,1.0,3,3,3,3,3,3
8S7KT3,361.0,671.0,396.0,525.0,150.0,263.0,886.0,1600.0,1200.0,563.0,370.0,761.0,3.0,1.0,1.0,3.0,3.0,2.0,3,3,3,3,3,3
6QGWN8,782.0,817.0,1200.0,1500.0,238.0,777.0,1291.0,976.0,1200.0,1700.0,246.0,872.0,1.0,2.0,0.0,0.0,3.0,2.0,2,3,1,3,3,2
13YRB6,233.0,271.0,287.0,519.0,115.0,679.0,405.0,517.0,723.0,706.0,150.0,813.0,3.0,2.0,3.0,2.0,3.0,3.0,3,3,3,3,3,3
0ZP3B9,728.0,235.0,967.0,695.0,141.0,981.0,1100.0,245.0,1100.0,1000.0,206.0,1400.0,1.0,2.0,1.0,2.0,3.0,1.0,3,3,3,3,3,3
UYB1JS,242.0,330.0,681.0,715.0,101.0,247.0,375.0,509.0,830.0,1100.0,316.0,303.0,3.0,3.0,2.0,1.0,3.0,3.0,3,3,3,3,3,3
9T2F6P,269.0,389.0,194.0,322.0,212.0,348.0,583.0,394.0,321.0,342.0,278.0,717.0,3.0,3.0,3.0,3.0,3.0,3.0,3,3,3,3,3,3
UFZAS5,475.0,482.0,320.0,559.0,330.0,90.0,735.0,518.0,570.0,675.0,406.0,259.0,3.0,3.0,3.0,3.0,3.0,3.0,3,3,3,3,3,3
SD99M5,10000.0,10000.0,770.0,10000.0,783.0,10000.0,10000.0,10000.0,770.0,10000.0,1100.0,10000.0,0.0,0.0,1.0,0.0,1.0,0.0,0,0,1,0,3,0
GMNXA2,1600.0,1100.0,1400.0,962.0,1200.0,957.0,1600.0,1100.0,1650.0,1331.0,1400.0,1700.0,0.0,0.0,0.0,1.0,0.0,1.0,1,3,2,2,3,3
1U4WA6,2000.0,1900.0,10000.0,441.0,547.0,10000.0,2000.0,1900.0,10000.0,441.0,547.0,10000.0,0.0,0.0,0.0,1.0,1.0,0.0,1,1,0,1,1,0
WPGSFR,266.0,468.0,481.0,518.0,214.0,437.0,555.0,512.0,553.0,519.0,221.0,459.0,3.0,3.0,3.0,3.0,3.0,3.0,3,3,3,3,3,3
UDTY6S,300.0,372.0,346.0,643.0,101.0,460.0,744.0,646.0,669.0,767.0,371.0,504.0,6.0,4.0,6.0,4.0,6.0,6.0,6,6,6,6,6,6
JGQM20,1200.0,199.0,354.0,423.0,127.0,219.0,1200.0,798.0,1900.0,762.0,249.0,666.0,0.0,2.0,1.0,2.0,3.0,3.0,1,3,3,3,3,3
DEBCEH,10000.0,1100.0,637.0,10000.0,612.0,1400.0,10000.0,1100.0,656.0,10000.0,650.0,1400.0,0.0,0.0,2.0,0.0,3.0,0.0,0,1,2,0,3,1
AC27VY,1400.0,1300.0,475.0,961.0,163.0,653.0,1450.0,1900.0,1000.0,1000.0,260.0,814.0,0.0,0.0,2.0,2.0,3.0,3.0,2,3,3,3,3,3
ACHQDY,293.0,679.0,216.0,469.0,23.0,510.0,306.0,690.0,487.0,499.0,121.0,607.0,3.0,3.0,3.0,3.0,3.0,3.0,3,3,3,3,3,3
7DZ92A,322.0,871.0,621.0,526.0,317.0,835.0,777.0,948.0,709.0,1200.0,424.0,1000.0,2.0,3.0,3.0,1.0,3.0,3.0,3,3,3,3,3,3
0F279N,949.0,1400.0,475.0,1200.0,347.0,242.0,1300.0,1400.0,768.0,1200.0,353.0,1100.0,1.0,0.0,3.0,0.0,3.0,1.0,3,3,3,3,3,3
KE12UC,77.0,609.0,105.0,436.0,141.0,471.0,282.0,882.0,410.0,674.0,262.0,559.0,3.0,3.0,3.0,3.0,3.0,3.0,3,3,3,3,3,3
AHUE2Y,444.0,855.0,181.0,746.0,186.0,227.0,877.0,867.0,839.0,1200.0,356.0,429.0,3.0,2.0,3.0,1.0,3.0,3.0,3,3,3,3,3,3
SKFZD5,845.0,1800.0,538.0,856.0,231.0,493.0,1000.0,1850.0,612.0,1500.0,307.0,631.0,2.0,0.0,3.0,1.0,3.0,3.0,3,2,3,3,3,3
UY43QS,183.0,1300.0,425.0,578.0,172.0,207.0,894.0,1500.0,703.0,1700.0,180.0,380.0,2.0,0.0,3.0,1.0,3.0,3.0,3,3,3,3,3,3
2MNPAZ,1600.0,1300.0,1700.0,10000.0,1600.0,1000.0,1650.0,1300.0,1800.0,10000.0,1700.0,1050.0,0.0,0.0,0.0,0.0,0.0,1.0,2,1,2,0,3,2
UADPXS,335.0,1000.0,250.0,162.0,207.0,741.0,384.0,1000.0,952.0,679.0,324.0,1000.0,3.0,2.0,3.0,3.0,3.0,3.0,3,3,3,3,3,3
3S2G1Q,10000.0,1900.0,1200.0,10000.0,445.0,10000.0,10000.0,1900.0,1200.0,10000.0,1300.0,10000.0,0.0,0.0,0.0,0.0,1.0,0.0,0,1,1,0,3,0
7DCJYA,1200.0,1500.0,899.0,1100.0,209.0,538.0,1300.0,1500.0,1200.0,1100.0,228.0,969.0,0.0,0.0,1.0,0.0,3.0,1.0,3,1,3,1,3,2
SA61X5,1000.0,1500.0,602.0,961.0,232.0,380.0,1150.0,1800.0,709.0,1100.0,265.0,899.0,1.0,0.0,3.0,1.0,3.0,3.0,2,3,3,3,3,3
SA2PN5,724.0,10000.0,762.0,1400.0,324.0,1100.0,724.0,10000.0,762.0,1400.0,603.0,1100.0,1.0,0.0,1.0,0.0,2.0,0.0,1,0,1,1,3,1
AHW0FY,351.0,840.0,932.0,685.0,300.0,574.0,572.0,871.0,1100.0,1500.0,310.0,587.0,2.0,2.0,1.0,1.0,3.0,3.0,3,3,3,3,3,3
WP903R,1100.0,10000.0,743.0,1100.0,513.0,455.0,1200.0,10000.0,1300.0,1300.0,591.0,798.0,0.0,0.0,2.0,0.0,6.0,6.0,6,0,6,6,6,6
SY80W5,10000.0,10000.0,10000.0,1200.0,148.0,802.0,10000.0,10000.0,10000.0,1200.0,430.0,803.5,0.0,0.0,0.0,0.0,3.0,2.0,0,0,0,1,3,2
6Q5GH8,10000.0,10000.0,10000.0,10000.0,301.0,10000.0,10000.0,10000.0,10000.0,10000.0,950.5,10000.0,0.0,0.0,0.0,0.0,1.0,0.0,0,0,0,0,2,0
YCMM8D,580.0,630.0,595.0,860.0,119.0,395.0,743.0,834.0,686.0,880.0,251.0,445.0,3.0,2.0,3.0,3.0,3.0,3.0,3,3,3,3,3,3
5YBWD7,902.0,1200.0,470.0,829.0,323.0,511.0,1900.0,1300.0,478.0,1000.0,363.0,646.0,1.0,0.0,3.0,2.0,3.0,2.0,3,2,3,3,3,3
SHC4Q5,560.0,167.0,411.0,455.0,113.0,441.0,569.0,183.0,547.0,474.0,197.0,852.0,3.0,3.0,3.0,3.0,3.0,3.0,3,3,3,3,3,3
7KSP4A,431.0,352.0,1100.0,904.0,149.0,788.0,431.0,1100.0,1700.0,1300.0,273.0,798.0,1.0,1.0,0.0,1.0,3.0,3.0,1,3,3,3,3,3
6SDJS8,208.0,210.0,482.0,916.0,156.0,51.0,448.0,329.0,527.0,942.0,324.0,135.0,3.0,3.0,3.0,3.0,3.0,3.0,3,3,3,3,3,3
2N02EZ,851.0,1600.0,509.0,1100.0,421.0,849.0,892.0,1750.0,755.0,1200.0,431.0,849.0,3.0,0.0,3.0,0.0,3.0,3.0,3,2,3,3,3,3
W9VN1R,925.0,1100.0,532.0,1300.0,225.0,1300.0,925.0,1100.0,1116.0,1600.0,341.0,1300.0,1.0,0.0,1.0,0.0,3.0,0.0,1,1,2,3,3,3
QYS1YU,10000.0,1800.0,1300.0,395.0,1100.0,1300.0,10000.0,1900.0,1300.0,947.5,1200.0,1450.0,0.0,0.0,0.0,1.0,0.0,0.0,0,2,1,2,3,2
UYFXBS,684.0,1300.0,221.0,498.0,234.0,489.0,817.0,1600.0,377.0,1100.0,342.0,889.0,3.0,0.0,3.0,1.0,3.0,3.0,3,3,3,3,3,3
3SMHBQ,1400.0,391.0,464.0,1400.0,299.0,1400.0,1400.0,1045.5,832.0,1650.0,304.0,1550.0,0.0,1.0,1.0,0.0,3.0,0.0,1,2,2,2,3,2
CWNHNB,760.0,829.0,379.0,725.0,438.0,160.0,788.0,964.5,662.0,837.0,449.0,161.0,3.0,1.0,3.0,2.0,3.0,3.0,3,2,3,3,3,3
5DK9R7,368.0,85.0,412.0,768.0,199.0,1000.0,596.0,984.0,533.0,1100.0,373.0,1000.0,3.0,2.0,3.0,1.0,3.0,2.0,3,3,3,3,3,3
4V0KF5,1600.0,393.0,429.0,605.0,630.0,913.0,1700.0,888.0,881.0,739.0,660.0,1000.0,0.0,3.0,3.0,2.0,3.0,2.0,2,3,3,3,3,3
RXE7JQ,701.0,918.0,313.0,621.0,391.0,148.0,851.0,1059.0,742.0,934.0,423.0,221.0,3.0,1.0,3.0,2.0,3.0,3.0,3,2,3,3,3,3
5HJAV7,1200.0,898.0,630.0,875.0,351.0,570.0,1600.0,1400.0,986.0,1400.0,380.0,821.0,0.0,1.0,2.0,1.0,3.0,3.0,3,3,3,3,3,3
PNN8KG,117.0,1000.0,712.0,563.0,204.0,799.0,612.0,1200.0,1200.0,1000.0,302.0,809.0,3.0,1.0,1.0,2.0,3.0,3.0,3,3,3,3,3,3
7KCJSA,512.0,1100.0,457.0,463.0,75.0,376.0,549.0,1100.0,1100.0,1100.0,134.0,493.0,3.0,0.0,1.0,1.0,3.0,3.0,3,3,3,3,3,3
AKT6PY,721.0,305.0,282.0,85.0,198.0,469.0,1600.0,376.0,919.0,352.0,356.0,1200.0,1.0,3.0,3.0,2.0,3.0,1.0,3,3,3,3,3,3
Q70JKU,10000.0,10000.0,10000.0,10000.0,1500.0,10000.0,10000.0,10000.0,10000.0,10000.0,1500.0,10000.0,0.0,0.0,0.0,0.0,0.0,0.0,0,0,0,0,1,0
DBWG0H,1100.0,941.0,297.0,1400.0,310.0,755.0,1200.0,974.0,394.0,1500.0,325.0,769.0,0.0,2.0,3.0,0.0,3.0,3.0,3,3,3,3,3,3
Q53NSU,1200.0,1300.0,653.0,1600.0,304.0,1000.0,1200.0,1300.0,1400.0,1700.0,312.0,1000.0,0.0,0.0,1.0,0.0,3.0,3.0,1,1,3,3,3,3
3SW8KQ,395.0,371.0,1200.0,484.0,393.0,1300.0,490.0,371.0,1500.0,656.0,463.0,1300.0,2.0,1.0,0.0,3.0,3.0,0.0,2,1,3,3,3,3
6VRC8Y,1700.0,1700.0,492.0,808.0,101.0,547.0,1700.0,1750.0,1100.0,983.0,110.0,998.0,0.0,0.0,1.0,2.0,3.0,2.0,1,2,3,3,3,3
0TPZ59,10000.0,10000.0,1200.0,1700.0,1100.0,1700.0,10000.0,10000.0,1200.0,1700.0,1400.0,1700.0,0.0,0.0,0.0,0.0,0.0,0.0,0,0,1,1,3,2
37F34Q,771.0,730.0,1100.0,563.0,311.0,952.0,991.0,735.0,1500.0,1100.0,369.0,1100.0,2.0,2.0,0.0,1.0,3.0,1.0,3,3,3,3,3,3
1U3RP6,320.0,783.0,127.0,878.0,140.0,621.0,365.0,843.0,1400.0,1100.0,569.0,625.0,3.0,2.0,1.0,1.0,3.0,3.0,3,3,3,3,3,3
CF67WB,743.0,1400.0,333.0,1500.0,224.0,516.0,1171.5,1400.0,511.0,1500.0,290.0,1400.0,1.0,0.0,3.0,0.0,3.0,1.0,2,1,3,3,3,3
0GWZA9,588.0,1800.0,668.0,1200.0,521.0,819.0,680.0,1850.0,887.0,1400.0,554.0,882.0,3.0,0.0,3.0,0.0,3.0,3.0,3,2,3,3,3,3
56GX7X,637.0,888.0,373.0,643.0,400.0,514.0,688.0,1000.0,458.0,964.0,559.0,572.0,2.0,2.0,2.0,3.0,3.0,3.0,3,3,3,3,3,3
RG56WJ,569.0,533.0,522.0,403.0,390.0,386.0,879.0,1000.0,647.0,660.0,486.0,448.0,3.0,2.0,3.0,3.0,3.0,3.0,3,3,3,3,3,3
2M301Z,323.0,936.0,306.0,843.0,414.0,932.0,329.0,1000.0,1300.0,932.0,427.0,968.0,3.0,2.0,1.0,2.0,3.0,3.0,3,3,3,3,3,3
AHUC2Y,528.0,247.0,118.0,238.0,281.0,325.0,718.0,392.0,344.0,333.0,334.0,361.0,3.0,3.0,3.0,3.0,3.0,3.0,3,3,3,3,3,3
3SCEVQ,1000.0,345.0,432.0,556.0,387.0,558.0,1000.0,730.0,657.0,739.0,616.0,944.0,3.0,3.0,3.0,3.0,3.0,3.0,3,3,3,3,3,3
EJJKG4,1900.0,837.0,327.0,852.0,260.0,717.0,1900.0,1400.0,600.0,1400.0,465.0,745.0,0.0,1.0,2.0,1.0,3.0,3.0,1,3,3,3,3,3
7KYVZA,617.0,887.0,487.0,539.0,82.0,492.0,659.0,1000.0,559.0,728.0,198.0,700.0,3.0,2.0,3.0,2.0,3.0,3.0,3,3,3,3,3,3
02XYB9,998.0,940.0,492.0,1100.0,143.0,92.0,1000.0,1700.0,589.0,1100.0,237.0,128.0,2.0,1.0,3.0,0.0,3.0,3.0,3,3,3,3,3,3
SD4Y25,1200.0,429.0,784.0,373.0,414.0,112.0,1200.0,528.0,1142.0,1300.0,426.0,790.0,0.0,3.0,1.0,1.0,3.0,3.0,1,3,2,3,3,3
UYEADS,967.0,168.0,861.0,658.0,416.0,322.0,967.0,415.0,1230.5,1500.0,595.0,973.0,1.0,3.0,1.0,1.0,3.0,2.0,1,3,2,3,3,3
0GRH29,919.0,547.0,468.0,279.0,80.0,976.0,1200.0,870.0,807.0,923.0,166.0,988.0,1.0,2.0,3.0,3.0,3.0,2.0,3,3,3,3,3,3
7DTYHA,1900.0,10000.0,157.0,341.0,320.0,264.0,1900.0,10000.0,1300.0,1100.0,461.0,965.0,0.0,0.0,1.0,1.0,3.0,2.0,1,0,3,3,3,3
2MW4HZ,890.0,1100.0,1100.0,10000.0,697.0,977.0,890.0,1100.0,1900.0,10000.0,842.0,998.0,1.0,0.0,0.0,0.0,3.0,2.0,1,1,3,0,3,3
SD9E25,317.0,1300.0,652.0,980.0,236.0,692.0,715.0,1300.0,975.0,1300.0,491.0,1100.0,3.0,0.0,3.0,1.0,3.0,1.0,3,3,3,3,3,3
SYU2F5,824.0,393.0,493.0,681.0,297.0,524.0,1100.0,462.0,684.0,695.0,307.0,1200.0,1.0,3.0,3.0,3.0,3.0,1.0,3,3,3,3,3,3
87SF83,608.0,680.0,249.0,246.0,349.0,496.0,694.0,965.0,674.0,1100.0,506.0,498.0,3.0,2.0,3.0,1.0,3.0,3.0,3,3,3,3,3,3
CWZDXB,620.0,1500.0,272.0,1300.0,183.0,948.0,1700.0,1600.0,272.0,1300.0,860.0,1500.0,1.0,0.0,1.0,0.0,3.0,1.0,3,3,1,3,3,3
ACJKDY,27.0,1800.0,523.0,930.0,190.0,243.0,112.0,1850.0,1000.0,1300.0,222.0,442.0,3.0,0.0,2.0,1.0,3.0,3.0,3,2,3,3,3,3
DE0BYH,1700.0,584.0,756.0,118.0,184.0,194.0,1700.0,1300.0,1500.0,1100.0,189.0,550.0,0.0,1.0,1.0,1.0,3.0,3.0,1,3,3,3,3,3
4J0EWF,1300.0,1200.0,644.0,993.0,366.0,388.0,1500.0,1500.0,1100.0,1000.0,569.0,411.0,0.0,0.0,1.0,2.0,3.0,3.0,3,2,3,3,3,3
SA1Q15,405.0,442.0,310.0,370.0,229.0,453.0,432.0,574.0,436.0,453.0,383.0,612.0,3.0,3.0,3.0,3.0,3.0,3.0,3,3,3,3,3,3
PZF39G,1700.0,1800.0,938.0,1300.0,350.0,548.0,1700.0,1800.0,1100.0,1700.0,604.0,562.0,0.0,0.0,1.0,0.0,3.0,3.0,1,1,3,3,3,3
UAUG0S,272.0,551.0,417.0,437.0,103.0,301.0,285.0,841.0,540.0,473.0,131.0,452.0,3.0,2.0,3.0,3.0,3.0,3.0,3,3,3,3,3,3
8SFN63,1900.0,10000.0,508.0,852.0,516.0,367.0,1900.0,10000.0,1500.0,852.0,723.0,438.0,0.0,0.0,1.0,1.0,3.0,3.0,1,0,3,1,3,3
ACVFUY,526.0,10000.0,85.0,571.0,192.0,587.0,526.0,10000.0,592.5,985.5,378.0,651.0,1.0,0.0,1.0,1.0,3.0,3.0,1,0,2,2,3,3
7D1TMA,752.0,771.0,236.0,743.0,20.0,1100.0,894.0,772.0,531.0,750.0,289.0,1500.0,3.0,2.0,3.0,2.0,3.0,0.0,3,3,3,3,3,3
RC3DJQ,824.0,1100.0,474.0,730.0,239.0,457.0,1362.0,1250.0,481.0,1100.0,371.0,646.0,1.0,0.0,3.0,1.0,3.0,2.0,2,2,3,3,3,3
J2TCW0,1600.0,393.0,429.0,605.0,630.0,913.0,1700.0,888.0,881.0,739.0,660.0,1000.0,0.0,3.0,3.0,2.0,3.0,2.0,2,3,3,3,3,3
13X176,556.0,1300.0,212.0,330.0,315.0,270.0,697.0,1550.0,575.0,1200.0,393.0,661.0,3.0,0.0,3.0,1.0,3.0,2.0,3,2,3,3,3,3
QY5FZU,641.0,705.0,977.0,504.0,531.0,223.0,641.0,744.0,1500.0,1400.0,533.0,961.5,1.0,2.0,1.0,1.0,3.0,1.0,1,3,3,3,3,2
CW0H3B,503.0,1800.0,263.0,916.0,180.0,728.0,1300.0,1800.0,631.0,1300.0,271.0,889.0,1.0,0.0,3.0,1.0,3.0,3.0,3,1,3,3,3,3
7H2FNA,671.0,648.0,428.0,783.0,451.0,685.0,885.0,651.0,623.0,865.0,514.0,890.0,2.0,3.0,3.0,3.0,3.0,2.0,3,3,3,3,3,3
7D66XA,1700.0,581.0,389.0,1300.0,261.0,331.0,1700.0,985.0,746.0,1650.0,661.0,492.0,0.0,2.0,3.0,0.0,3.0,3.0,1,3,3,2,3,3
3S96HQ,778.0,545.0,452.0,770.0,487.0,587.0,964.0,588.0,656.0,859.0,530.0,957.0,2.0,3.0,3.0,3.0,3.0,2.0,3,3,3,3,3,3
SDQ9W5,379.0,882.0,456.0,515.0,184.0,373.0,743.0,899.0,829.0,1000.0,206.0,957.0,3.0,2.0,2.0,2.0,3.0,3.0,3,3,3,3,3,3
40Q2BF,1400.0,942.0,321.0,1100.0,153.0,1300.0,1800.0,987.0,825.0,1300.0,547.0,1900.0,0.0,2.0,3.0,0.0,3.0,0.0,3,3,3,3,3,3
37PZSQ,356.0,826.0,666.0,1100.0,221.0,1000.0,1700.0,1100.0,1200.0,1300.0,243.0,1200.0,1.0,1.0,1.0,0.0,3.0,1.0,3,3,3,3,3,3
4JGVVF,1900.0,896.0,534.0,1200.0,206.0,1100.0,1900.0,936.0,534.0,1400.0,408.0,1200.0,0.0,3.0,1.0,0.0,3.0,0.0,1,3,1,3,3,3
UAD2VS,1600.0,1000.0,874.0,759.0,132.0,484.0,1600.0,1700.0,923.0,1100.0,465.0,489.0,0.0,1.0,2.0,1.0,3.0,3.0,3,3,3,3,3,3
CHU3BC,242.0,450.0,921.0,299.0,262.0,367.0,920.0,461.0,1100.0,1300.0,295.0,674.0,2.0,2.0,1.0,1.0,3.0,2.0,3,3,3,3,3,3
SDJQE5,341.0,343.0,294.0,544.0,137.0,268.0,483.0,389.0,344.0,571.0,245.0,273.0,6.0,6.0,6.0,6.0,6.0,6.0,6,6,6,6,6,6
0ZTRT9,79.0,73.0,100.0,262.0,204.0,46.0,278.0,1100.0,597.0,314.0,305.0,89.0,3.0,1.0,3.0,3.0,3.0,3.0,3,3,3,3,3,3
SDAMR5,413.0,371.0,353.0,909.0,576.0,1500.0,413.0,986.0,976.5,1200.0,641.0,1700.0,1.0,3.0,1.0,1.0,3.0,0.0,1,3,2,3,3,3
4J2GPF,1900.0,10000.0,225.0,207.0,19.0,550.0,1900.0,10000.0,225.0,1053.5,266.0,561.0,0.0,0.0,1.0,1.0,2.0,3.0,1,0,1,2,3,3
C4UVUB,1900.0,792.0,662.0,1100.0,428.0,1100.0,1900.0,804.0,665.0,1200.0,692.0,1400.0,0.0,3.0,3.0,0.0,3.0,0.0,1,3,3,3,3,2
5HSBF7,10000.0,10000.0,751.0,10000.0,245.0,10000.0,10000.0,10000.0,803.5,10000.0,354.0,10000.0,0.0,0.0,2.0,0.0,3.0,0.0,0,0,2,0,3,0
6S7ZB8,600.0,1300.0,602.0,930.0,533.0,521.0,1200.0,1350.0,750.0,1100.0,539.0,613.0,1.0,0.0,3.0,1.0,3.0,3.0,3,2,3,3,3,3
02ZSC9,402.0,653.0,402.0,500.0,181.0,227.0,856.0,1600.0,1200.0,537.0,336.0,742.0,3.0,1.0,1.0,3.0,3.0,2.0,3,3,3,3,3,3
8UTX03,1300.0,10000.0,1300.0,298.0,240.0,311.0,1300.0,10000.0,1400.0,881.0,590.0,311.0,0.0,0.0,0.0,3.0,3.0,1.0,1,0,2,3,3,1
0GK5T9,10000.0,10000.0,513.0,1100.0,539.0,10000.0,10000.0,10000.0,513.0,1100.0,791.0,10000.0,0.0,0.0,1.0,0.0,3.0,0.0,0,0,1,1,3,0
53J27X,650.0,1900.0,226.0,1100.0,274.0,114.0,665.0,1900.0,1100.0,1100.0,358.0,414.0,3.0,0.0,1.0,0.0,3.0,3.0,3,2,3,3,3,3
4JYHZF,157.0,886.0,705.0,303.0,131.0,650.0,442.0,903.0,723.0,1300.0,211.0,758.0,3.0,2.0,3.0,1.0,3.0,2.0,3,3,3,3,3,3
UYCX6S,10000.0,10000.0,193.0,10000.0,189.0,10000.0,10000.0,10000.0,896.5,10000.0,520.0,10000.0,0.0,0.0,1.0,0.0,3.0,0.0,0,0,2,0,3,0
K4MURC,975.0,1400.0,1700.0,479.0,550.0,1900.0,975.0,1400.0,1700.0,545.0,618.0,1900.0,1.0,0.0,0.0,2.0,3.0,0.0,1,1,1,3,3,2
358MZQ,10000.0,10000.0,307.0,10000.0,188.0,10000.0,10000.0,10000.0,803.5,10000.0,289.0,10000.0,0.0,0.0,1.0,0.0,3.0,0.0,0,0,2,0,3,0
QA4E2U,522.0,422.0,735.0,1700.0,292.0,593.0,522.0,783.0,735.0,1700.0,476.0,1046.5,1.0,3.0,1.0,0.0,3.0,1.0,1,3,1,3,3,2
9Z9ZHP,1400.0,1700.0,986.0,1400.0,201.0,757.0,1500.0,1700.0,1400.0,1400.0,370.0,1178.5,0.0,0.0,1.0,0.0,3.0,1.0,3,1,3,1,3,2
13TFT6,1500.0,1700.0,10000.0,767.0,292.0,10000.0,1500.0,1750.0,10000.0,1100.0,455.0,10000.0,0.0,0.0,0.0,1.0,3.0,0.0,2,2,0,3,3,0
DE9QMH,890.0,707.0,592.0,79.0,98.0,584.0,1045.0,1700.0,1600.0,256.0,209.0,774.0,1.0,1.0,1.0,3.0,3.0,3.0,2,3,3,3,3,3
CW27TB,1300.0,831.0,587.0,645.0,239.0,894.0,1650.0,856.0,1200.0,1200.0,328.0,1500.0,0.0,3.0,1.0,1.0,3.0,1.0,2,3,3,3,3,3
GNHEY2,354.0,1000.0,318.0,540.0,237.0,1000.0,1300.0,1100.0,709.0,1200.0,417.0,1400.0,1.0,1.0,3.0,1.0,3.0,1.0,3,3,3,3,3,3
Q7RA3U,338.0,1800.0,381.0,762.0,151.0,766.0,1100.0,1800.0,590.0,1300.0,249.0,848.0,1.0,0.0,3.0,1.0,3.0,3.0,3,1,3,3,3,3
5HGF87,645.0,771.0,649.0,832.0,191.0,400.0,1100.0,1500.0,870.0,1000.0,209.0,424.0,1.0,1.0,3.0,2.0,3.0,3.0,3,3,3,3,3,3
SDBRU5,1600.0,906.0,1100.0,1200.0,526.0,10000.0,1600.0,906.0,1200.0,1250.0,1000.0,10000.0,0.0,1.0,0.0,0.0,2.0,0.0,1,1,2,2,3,0
CWW2RB,10000.0,10000.0,78.0,513.0,408.0,58.0,10000.0,10000.0,1100.0,1300.0,413.0,739.0,0.0,0.0,1.0,1.0,3.0,2.0,0,0,3,3,3,3
K4ZSGC,609.0,1100.0,87.0,979.0,336.0,288.0,958.0,1200.0,249.0,1100.0,358.0,334.0,2.0,0.0,3.0,1.0,3.0,3.0,3,3,3,3,3,3
GN1UD2,169.0,1000.0,660.0,584.0,384.0,550.0,528.0,1100.0,962.0,584.0,479.0,630.0,3.0,1.0,3.0,3.0,3.0,3.0,3,3,3,3,3,3
JGG150,943.0,1400.0,661.0,1600.0,718.0,1200.0,961.0,1400.0,1700.0,1600.0,835.0,1450.0,2.0,0.0,1.0,0.0,2.0,0.0,3,1,3,1,3,2
5YVA47,2000.0,1400.0,686.0,993.0,467.0,1700.0,2000.0,1400.0,689.0,1400.0,537.0,1700.0,0.0,0.0,3.0,1.0,3.0,0.0,1,3,3,3,3,1
Q5HBTU,528.0,919.0,149.0,730.0,568.0,433.0,811.0,958.0,260.0,754.0,616.0,743.0,3.0,2.0,2.0,2.0,3.0,3.0,3,3,3,3,3,3
J2SS10,10000.0,10000.0,1300.0,773.0,1400.0,875.0,10000.0,10000.0,1400.0,1236.5,1400.0,879.0,0.0,0.0,0.0,1.0,0.0,2.0,0,0,2,2,3,2
GXA362,1900.0,904.0,10000.0,331.0,395.0,950.0,1900.0,1052.0,10000.0,715.5,513.0,961.0,0.0,1.0,0.0,1.0,3.0,3.0,1,2,0,2,3,3
0Z2549,240.0,571.0,800.0,108.0,192.0,939.0,521.0,585.0,814.0,1400.0,300.0,1100.0,6.0,4.0,6.0,2.0,6.0,2.0,6,6,6,6,6,6
SYSV95,288.0,762.0,368.0,572.0,143.0,505.0,298.0,847.0,532.0,574.0,180.0,619.0,3.0,3.0,3.0,3.0,3.0,3.0,3,3,3,3,3,3
YKXJGD,1300.0,1800.0,797.0,1200.0,177.0,645.0,1400.0,1800.0,1400.0,1200.0,304.0,1122.5,0.0,0.0,1.0,0.0,3.0,1.0,3,1,3,1,3,2
35B1RQ,1400.0,462.0,2000.0,700.0,154.0,288.0,1550.0,550.0,2000.0,997.0,160.0,508.0,0.0,3.0,0.0,3.0,3.0,3.0,2,3,1,3,3,3
6UKMK8,396.0,1800.0,255.0,854.0,78.0,163.0,460.0,1850.0,859.0,1100.0,294.0,339.0,3.0,0.0,2.0,1.0,3.0,3.0,3,2,3,3,3,3
WPV2MR,484.0,527.0,492.0,763.0,87.0,287.0,764.0,719.0,636.0,937.0,274.0,497.0,3.0,2.0,3.0,3.0,3.0,3.0,3,3,3,3,3,3
6SYGD8,696.0,1300.0,671.0,1300.0,236.0,339.0,1000.0,1400.0,835.0,1400.0,462.0,1100.0,2.0,0.0,3.0,0.0,3.0,1.0,3,3,3,3,3,3
DEK2XH,297.0,1500.0,509.0,766.0,34.0,229.0,728.0,1800.0,710.0,1700.0,182.0,445.0,3.0,0.0,3.0,1.0,3.0,3.0,3,3,3,3,3,3
PXT5RG,477.0,315.0,291.0,923.0,618.0,1500.0,477.0,928.0,945.5,1200.0,687.0,1700.0,1.0,3.0,1.0,1.0,3.0,0.0,1,3,2,3,3,3
QAZQGU,1200.0,598.0,173.0,165.0,160.0,717.0,1300.0,847.0,649.0,512.0,291.0,809.0,0.0,3.0,3.0,3.0,3.0,2.0,3,3,3,3,3,3
6S5C38,1500.0,62.0,1100.0,918.0,359.0,549.0,1800.0,173.0,1250.0,983.0,497.0,1100.0,0.0,3.0,0.0,2.0,3.0,1.0,3,3,2,3,3,3
8MTE3A,125.0,829.0,671.0,445.0,424.0,561.0,607.0,877.0,896.0,496.0,447.0,611.0,3.0,2.0,3.0,3.0,3.0,3.0,3,3,3,3,3,3
Q79NRU,1800.0,143.0,642.0,572.0,563.0,284.0,1800.0,148.0,821.0,1100.0,1100.0,715.0,0.0,2.0,2.0,1.0,1.0,3.0,1,2,2,3,3,3
R9B26J,1500.0,1600.0,643.0,250.0,56.0,799.0,1700.0,1600.0,730.0,1100.0,78.0,918.0,0.0,0.0,2.0,1.0,3.0,2.0,3,1,3,3,3,3
EWWGQ4,10000.0,10000.0,1300.0,10000.0,199.0,1700.0,10000.0,10000.0,1400.0,10000.0,688.0,1750.0,0.0,0.0,0.0,0.0,3.0,0.0,0,0,3,0,3,2
PCWAGA,1300.0,1300.0,547.0,1000.0,169.0,563.0,1450.0,1800.0,1000.0,1100.0,204.0,804.0,0.0,0.0,3.0,1.0,3.0,3.0,2,3,3,3,3,3
0ZV359,648.0,292.0,335.0,776.0,258.0,491.0,648.0,1500.0,335.0,813.0,332.0,491.0,1.0,1.0,1.0,3.0,3.0,1.0,1,3,1,3,3,1
UY7YUS,1200.0,380.0,485.0,281.0,217.0,415.0,1200.0,652.0,1142.5,948.0,225.0,467.0,0.0,3.0,1.0,2.0,3.0,3.0,1,3,2,3,3,3
ERHB84,799.0,1100.0,1600.0,143.0,412.0,1500.0,1199.5,1100.0,1600.0,238.0,428.0,1500.0,1.0,0.0,0.0,2.0,3.0,0.0,2,1,1,2,3,2
JGMYD0,1800.0,219.0,10000.0,583.0,200.0,430.0,1800.0,809.5,10000.0,1041.5,721.0,1400.0,0.0,1.0,0.0,1.0,3.0,1.0,1,2,0,2,3,3
1QSGG6,658.0,1600.0,680.0,927.0,327.0,733.0,703.0,1750.0,805.0,1500.0,352.0,781.0,3.0,0.0,3.0,1.0,3.0,3.0,3,2,3,3,3,3
5HD5U7,1900.0,1600.0,461.0,2000.0,114.0,768.0,1900.0,1600.0,785.0,2000.0,320.0,847.0,0.0,0.0,3.0,0.0,3.0,2.0,1,1,3,3,3,3
1UQAH6,774.0,915.0,522.0,1100.0,155.0,837.0,1700.0,1100.0,1100.0,1300.0,280.0,844.0,1.0,1.0,1.0,0.0,3.0,2.0,3,3,3,3,3,3
5HYVM7,1000.0,1300.0,281.0,1000.0,58.0,329.0,1050.0,1500.0,519.0,1100.0,204.0,887.0,1.0,0.0,3.0,1.0,3.0,2.0,2,3,3,3,3,3
9Z0ATP,10000.0,1700.0,1500.0,1900.0,279.0,10000.0,10000.0,1700.0,1750.0,1900.0,1500.0,10000.0,0.0,0.0,0.0,0.0,1.0,0.0,0,1,2,1,3,0
4GQ8ZF,629.0,1300.0,677.0,854.0,812.0,10000.0,629.0,1300.0,677.0,1500.0,881.0,10000.0,1.0,0.0,1.0,1.0,3.0,0.0,1,1,1,3,3,0
85Q2D3,682.0,170.0,908.0,946.0,484.0,648.0,682.0,615.0,1900.0,1400.0,708.0,1100.0,1.0,3.0,1.0,1.0,3.0,1.0,1,3,3,3,3,3
6UWG68,63.0,453.0,289.0,555.0,220.0,62.0,201.0,470.0,337.0,980.0,296.0,239.0,3.0,3.0,3.0,2.0,3.0,3.0,3,3,3,3,3,3
4J1ZWF,946.0,1000.0,433.0,1200.0,337.0,327.0,959.0,1300.0,444.0,1200.0,376.0,477.0,3.0,1.0,3.0,0.0,3.0,3.0,3,3,3,3,3,3
AUWTYX,1200.0,1200.0,10000.0,1100.0,393.0,10000.0,1600.0,1500.0,10000.0,1300.0,698.0,10000.0,0.0,0.0,0.0,0.0,3.0,0.0,2,2,0,3,3,0
7KYWCA,988.0,2000.0,652.0,267.0,56.0,1100.0,988.0,2000.0,1000.0,586.0,532.0,1500.0,1.0,0.0,2.0,3.0,3.0,0.0,1,3,3,3,3,3
YB3QQD,920.0,1300.0,578.0,358.0,344.0,1200.0,1260.0,1300.0,910.0,505.0,408.0,1200.0,1.0,0.0,2.0,2.0,3.0,0.0,2,2,3,2,3,3
1UETW6,406.0,974.0,443.0,93.0,186.0,300.0,656.0,1400.0,826.0,107.0,312.0,1000.0,3.0,1.0,3.0,3.0,3.0,2.0,3,3,3,3,3,3
6QF6F8,337.0,659.0,500.0,425.0,64.0,415.0,350.0,757.0,523.0,437.0,168.0,570.0,3.0,2.0,3.0,3.0,3.0,3.0,3,3,3,3,3,3
6Q3KH8,386.0,731.0,400.0,418.0,239.0,303.0,820.0,1100.0,549.0,634.0,401.0,369.0,2.0,1.0,3.0,3.0,3.0,3.0,3,3,3,3,3,3
5HX6B7,1800.0,1100.0,92.0,1200.0,338.0,663.0,1800.0,1300.0,812.0,1700.0,344.0,882.0,0.0,0.0,2.0,0.0,3.0,3.0,1,3,3,3,3,3
6S6W08,1700.0,10000.0,600.0,327.0,156.0,202.0,1750.0,10000.0,744.0,712.0,288.0,879.0,0.0,0.0,3.0,3.0,3.0,3.0,2,0,3,3,3,3
GNGXD2,10000.0,1200.0,699.0,10000.0,892.0,1500.0,10000.0,1200.0,843.0,10000.0,923.0,1500.0,0.0,0.0,2.0,0.0,3.0,0.0,0,1,3,0,3,1
1URTB6,1300.0,1400.0,1100.0,851.0,636.0,285.0,1300.0,1400.0,1400.0,1100.0,657.0,1100.0,0.0,0.0,0.0,1.0,3.0,1.0,3,1,3,3,3,3
7HNRTA,853.0,828.0,712.0,538.0,654.0,1300.0,853.0,828.0,1600.0,538.0,1100.0,1700.0,1.0,1.0,1.0,1.0,1.0,0.0,1,1,3,1,3,3
8UV603,1500.0,1100.0,653.0,1500.0,403.0,206.0,1650.0,1500.0,1200.0,1800.0,452.0,380.0,0.0,0.0,1.0,0.0,3.0,3.0,2,3,3,3,3,3
UYGJCS,878.0,415.0,488.0,630.0,380.0,457.0,1100.0,469.0,624.0,692.0,414.0,1100.0,1.0,3.0,3.0,3.0,3.0,1.0,3,3,3,3,3,3
7KCB1A,1900.0,10000.0,10000.0,1300.0,188.0,10000.0,1900.0,10000.0,10000.0,1500.0,201.0,10000.0,0.0,0.0,0.0,0.0,3.0,0.0,1,0,0,3,3,0
1UQ3S6,303.0,920.0,304.0,1300.0,366.0,970.0,751.5,920.0,1000.0,1300.0,457.0,1000.0,1.0,1.0,2.0,0.0,3.0,2.0,2,1,3,3,3,3
Q762FU,874.0,726.0,1400.0,370.0,80.0,899.0,1600.0,823.0,1700.0,671.0,687.0,1800.0,1.0,2.0,0.0,2.0,3.0,1.0,3,3,3,3,3,3
QAY7KU,1400.0,755.0,511.0,719.0,163.0,934.0,1650.0,781.0,1300.0,1200.0,252.0,1500.0,0.0,3.0,1.0,1.0,3.0,1.0,2,3,3,3,3,3
RP063J,939.0,451.0,684.0,1600.0,235.0,1700.0,939.0,459.0,1042.0,1700.0,324.0,1700.0,1.0,3.0,1.0,0.0,3.0,0.0,1,3,2,3,3,3
P1ZKXG,870.0,1100.0,719.0,299.0,388.0,1200.0,870.0,1200.0,1000.0,701.0,414.0,1200.0,1.0,0.0,2.0,2.0,3.0,0.0,1,3,3,3,3,3
6SCCN8,1100.0,1400.0,409.0,956.0,351.0,447.0,1200.0,1650.0,1000.0,1200.0,622.0,486.0,0.0,0.0,2.0,1.0,3.0,3.0,3,2,3,3,3,3
C41CGB,1100.0,738.0,400.0,627.0,164.0,208.0,1100.0,1600.0,406.0,673.0,456.0,377.0,0.0,1.0,3.0,2.0,3.0,3.0,1,3,3,3,3,3
UY49AS,1000.0,664.0,626.0,195.0,168.0,1000.0,1500.0,1100.0,916.0,906.0,173.0,1200.0,1.0,1.0,2.0,2.0,3.0,1.0,3,3,3,3,3,3
7H4YXA,10000.0,10000.0,552.0,994.0,68.0,499.0,10000.0,10000.0,671.5,1600.0,238.0,773.0,0.0,0.0,2.0,1.0,3.0,2.0,0,0,2,3,3,3
GNM4G2,225.0,959.0,1200.0,621.0,269.0,944.0,962.5,1400.0,1300.0,1300.0,321.0,1400.0,1.0,1.0,0.0,1.0,3.0,1.0,2,3,3,3,3,3
0GRKZ9,716.0,671.0,225.0,765.0,38.0,790.0,735.0,1400.0,573.0,953.0,392.0,1100.0,3.0,1.0,3.0,2.0,3.0,1.0,3,3,3,3,3,3
DCA65H,799.0,1100.0,1600.0,143.0,412.0,1500.0,1199.5,1100.0,1600.0,238.0,428.0,1500.0,1.0,0.0,0.0,2.0,3.0,0.0,2,1,1,2,3,2
SA1RE5,678.0,401.0,1200.0,907.0,497.0,492.0,1039.0,401.0,1400.0,1003.5,784.0,502.0,1.0,1.0,0.0,1.0,3.0,2.0,2,1,3,2,3,3
7D663A,1400.0,1700.0,967.0,1600.0,297.0,347.0,1600.0,1700.0,1100.0,1750.0,352.0,374.0,0.0,0.0,1.0,0.0,3.0,2.0,2,1,3,2,3,3
JP78G0,10000.0,1000.0,155.0,10000.0,87.0,10000.0,10000.0,1000.0,155.0,10000.0,793.0,10000.0,0.0,1.0,1.0,0.0,3.0,0.0,0,1,1,0,3,0
6SH1G8,818.0,836.0,137.0,1300.0,83.0,1000.0,818.0,836.0,1800.0,1450.0,150.0,1200.0,1.0,1.0,1.0,0.0,3.0,1.0,1,1,3,2,3,3
1U2BN6,231.0,545.0,535.0,903.0,492.0,1700.0,231.0,997.0,1067.5,1400.0,521.0,1900.0,1.0,3.0,1.0,1.0,3.0,0.0,1,3,2,3,3,3
QA00BU,629.0,721.0,387.0,309.0,117.0,16.0,686.0,1700.0,980.0,339.0,411.0,801.0,3.0,1.0,2.0,3.0,3.0,2.0,3,3,3,3,3,3
8UEN83,1600.0,10000.0,1300.0,1600.0,1700.0,1800.0,1600.0,10000.0,1550.0,1600.0,1800.0,1800.0,0.0,0.0,0.0,0.0,0.0,0.0,3,0,2,1,2,1
7Q3TA8,693.0,468.0,1100.0,260.0,283.0,455.0,1100.0,548.0,1500.0,820.0,643.0,502.0,1.0,2.0,0.0,3.0,3.0,3.0,3,3,3,3,3,3
9T6Z8P,984.0,190.0,844.0,626.0,440.0,294.0,984.0,423.0,1222.0,1500.0,574.0,947.0,1.0,3.0,1.0,1.0,3.0,2.0,1,3,2,3,3,3
EJWDG4,1700.0,149.0,207.0,1700.0,735.0,379.0,1700.0,213.0,1100.0,1700.0,944.0,795.0,0.0,2.0,1.0,0.0,3.0,3.0,1,3,3,1,3,3
AK7ZQY,1100.0,1600.0,98.0,326.0,127.0,499.0,1800.0,1650.0,684.0,715.0,254.0,691.0,0.0,0.0,3.0,3.0,3.0,3.0,3,2,3,3,3,3
1QYEH6,1700.0,10000.0,599.0,688.0,146.0,1300.0,1700.0,10000.0,599.0,894.0,345.0,1600.0,0.0,0.0,1.0,1.0,3.0,0.0,1,0,1,2,3,3
8UXXR3,818.0,1500.0,348.0,79.0,117.0,526.0,957.0,1650.0,464.0,1400.0,173.0,837.0,2.0,0.0,3.0,1.0,3.0,3.0,3,2,3,3,3,3
RCQHJQ,1600.0,1300.0,755.0,1400.0,343.0,2.0,1650.0,1400.0,1100.0,1600.0,345.0,342.0,0.0,0.0,1.0,0.0,3.0,3.0,2,2,3,3,3,3
SY4935,869.0,1200.0,621.0,1300.0,215.0,402.0,1300.0,1200.0,638.0,1400.0,289.0,995.0,1.0,0.0,3.0,0.0,3.0,2.0,3,3,3,3,3,3
8SHFZ3,10000.0,10000.0,855.0,10000.0,874.0,10000.0,10000.0,10000.0,855.0,10000.0,937.0,10000.0,0.0,0.0,1.0,0.0,2.0,0.0,0,0,1,0,3,0
EW9G14,168.0,238.0,132.0,286.0,340.0,250.0,280.0,772.0,372.0,497.0,440.0,419.0,3.0,2.0,3.0,3.0,3.0,3.0,3,3,3,3,3,3
EJEDT4,1300.0,240.0,1200.0,651.0,233.0,713.0,1600.0,381.0,1700.0,1400.0,309.0,977.0,0.0,3.0,0.0,1.0,3.0,2.0,3,3,3,3,3,3
GXJYN2,945.0,684.0,450.0,919.0,282.0,890.0,945.0,1200.0,469.0,967.0,309.0,1200.0,1.0,1.0,3.0,3.0,3.0,1.0,1,3,3,3,3,3
7KT6DA,205.0,794.0,548.0,582.0,133.0,326.0,1100.0,1147.0,887.0,686.0,180.0,424.0,1.0,1.0,3.0,3.0,3.0,3.0,3,2,3,3,3,3
PNXDJG,1200.0,1400.0,655.0,1600.0,284.0,999.0,1200.0,1400.0,1400.0,1700.0,331.0,1000.0,0.0,0.0,1.0,0.0,3.0,3.0,1,1,3,3,3,3
9Z0HMP,458.0,721.0,357.0,1500.0,350.0,560.0,458.0,960.5,878.5,1500.0,380.0,560.0,1.0,1.0,1.0,0.0,3.0,1.0,1,2,2,1,3,1
8S69H3,724.0,1200.0,217.0,183.0,110.0,155.0,1400.0,1200.0,821.0,606.0,483.0,778.0,1.0,0.0,2.0,2.0,3.0,3.0,3,1,3,3,3,3
SYCR35,770.0,1600.0,649.0,999.0,350.0,896.0,848.0,1750.0,713.0,1300.0,456.0,897.0,3.0,0.0,3.0,1.0,3.0,3.0,3,2,3,3,3,3
SAQV25,1600.0,1100.0,406.0,1500.0,54.0,631.0,1600.0,1300.0,1100.0,1700.0,143.0,631.0,0.0,0.0,1.0,0.0,3.0,3.0,2,3,3,2,3,3
3STWJQ,401.0,975.0,265.0,401.0,213.0,292.0,1200.0,1337.5,737.0,433.0,325.0,449.0,1.0,1.0,2.0,2.0,3.0,3.0,3,2,3,3,3,3
RP1FAJ,819.0,1000.0,302.0,604.0,195.0,312.0,861.0,1150.0,486.0,1000.0,361.0,313.0,3.0,1.0,3.0,2.0,3.0,3.0,3,2,3,3,3,3
81GK3A,354.0,585.0,550.0,940.0,127.0,531.0,664.0,1400.0,725.0,957.0,451.0,539.0,3.0,1.0,3.0,3.0,3.0,3.0,3,3,3,3,3,3
E0WW64,1500.0,354.0,367.0,1900.0,853.0,387.0,1500.0,420.0,1200.0,1900.0,875.0,967.0,0.0,2.0,1.0,0.0,3.0,3.0,1,3,3,1,3,3
KF91PC,756.0,753.0,651.0,589.0,271.0,533.0,761.0,766.0,1300.0,827.0,327.0,844.0,3.0,2.0,1.0,2.0,3.0,2.0,3,3,3,3,3,3
QAYYBU,743.0,1000.0,239.0,551.0,142.0,376.0,927.0,1150.0,560.0,1100.0,304.0,378.0,3.0,1.0,3.0,1.0,3.0,3.0,3,2,3,3,3,3
KFE7SC,1300.0,10000.0,2000.0,10000.0,340.0,10000.0,1300.0,10000.0,2000.0,10000.0,978.0,10000.0,0.0,0.0,0.0,0.0,3.0,0.0,1,0,1,0,3,0
PN2FVG,1100.0,1200.0,942.0,650.0,226.0,563.0,1500.0,1900.0,1000.0,1200.0,306.0,596.0,0.0,0.0,2.0,1.0,3.0,3.0,3,3,3,3,3,3
5DURG7,1500.0,1400.0,523.0,390.0,365.0,445.0,1600.0,1600.0,528.0,390.0,688.0,445.0,0.0,0.0,2.0,1.0,3.0,1.0,3,3,3,1,3,1
1QSCC6,216.0,1900.0,312.0,1100.0,115.0,296.0,450.0,1900.0,656.0,1300.0,167.0,380.0,3.0,0.0,2.0,0.0,3.0,3.0,3,2,3,3,3,3
4R66PF,10000.0,10000.0,1500.0,10000.0,418.0,1900.0,10000.0,10000.0,1500.0,10000.0,428.0,1900.0,0.0,0.0,0.0,0.0,3.0,0.0,0,0,3,0,3,1
5YRYV7,769.0,705.0,1500.0,1700.0,582.0,1100.0,934.5,714.0,1650.0,1750.0,698.0,1300.0,1.0,3.0,0.0,0.0,3.0,0.0,2,3,2,2,3,3
6TU38Y,326.0,286.0,626.0,230.0,292.0,561.0,475.0,757.0,936.0,321.0,344.0,567.0,3.0,3.0,3.0,3.0,3.0,3.0,3,3,3,3,3,3
ACW99Y,892.0,1400.0,1600.0,484.0,613.0,1800.0,892.0,1400.0,1600.0,491.0,616.0,1800.0,1.0,0.0,0.0,2.0,3.0,0.0,1,1,1,3,3,2
UYU1KS,1300.0,976.0,638.0,1800.0,234.0,300.0,1500.0,976.0,1300.0,1850.0,290.0,638.0,0.0,1.0,1.0,0.0,3.0,3.0,2,1,3,2,3,3
Y4J5PD,1400.0,683.0,1400.0,441.0,1400.0,1000.0,1800.0,1300.0,1500.0,695.0,1500.0,1200.0,0.0,1.0,0.0,3.0,0.0,1.0,3,3,3,3,3,3
1UVA46,1600.0,746.0,1100.0,332.0,420.0,409.0,1700.0,809.0,1150.0,1200.0,438.0,620.0,0.0,3.0,0.0,1.0,3.0,3.0,2,3,2,3,3,3
9T4A6P,1800.0,118.0,312.0,1700.0,784.0,552.0,1800.0,166.0,882.0,1700.0,796.0,614.0,0.0,2.0,2.0,0.0,2.0,3.0,1,3,3,1,3,3
DE0PWH,10000.0,10000.0,1100.0,10000.0,927.0,10000.0,10000.0,10000.0,1400.0,10000.0,983.0,10000.0,0.0,0.0,0.0,0.0,3.0,0.0,0,0,3,0,3,0
CWJ3TB,1100.0,725.0,623.0,10000.0,435.0,396.0,1100.0,1700.0,1300.0,10000.0,907.0,408.0,0.0,1.0,1.0,0.0,3.0,2.0,1,3,3,0,3,3
2MXHNZ,1500.0,360.0,198.0,1700.0,583.0,102.0,1500.0,383.0,1100.0,1700.0,747.0,996.0,0.0,2.0,1.0,0.0,3.0,3.0,1,3,3,1,3,3
SDYK35,598.0,959.0,93.0,709.0,140.0,954.0,708.0,1100.0,658.0,767.0,211.0,1100.0,3.0,1.0,3.0,2.0,3.0,1.0,3,3,3,3,3,3
35GBJQ,406.0,1300.0,387.0,583.0,208.0,616.0,908.0,1450.0,849.0,1500.0,223.0,792.0,3.0,0.0,3.0,1.0,3.0,3.0,3,2,3,3,3,3
Q74WEU,1300.0,1800.0,1900.0,785.0,452.0,10000.0,1300.0,1800.0,1900.0,880.0,703.0,10000.0,0.0,0.0,0.0,2.0,3.0,0.0,1,1,1,3,3,0
2X17JZ,703.0,387.0,1100.0,1200.0,469.0,829.0,703.0,664.0,1900.0,1300.0,679.0,1400.0,1.0,3.0,0.0,0.0,3.0,1.0,1,3,3,3,3,3
W9PQER,1200.0,609.0,417.0,634.0,103.0,361.0,1900.0,1200.0,1300.0,1100.0,259.0,532.0,0.0,1.0,1.0,1.0,3.0,3.0,3,3,3,3,3,3
5YVFT7,518.0,1200.0,687.0,1200.0,262.0,935.0,1800.0,1200.0,808.0,1700.0,315.0,959.0,1.0,0.0,2.0,0.0,3.0,2.0,3,2,3,3,3,3
PN4WAG,617.0,574.0,228.0,967.0,316.0,1100.0,1300.0,1287.0,430.0,1000.0,449.0,1300.0,1.0,1.0,3.0,2.0,3.0,0.0,3,2,3,3,3,3
1UUDK6,10000.0,10000.0,678.0,10000.0,758.0,10000.0,10000.0,10000.0,1239.0,10000.0,779.0,10000.0,0.0,0.0,1.0,0.0,3.0,0.0,0,0,2,0,3,0
EBBX4W,400.0,1400.0,334.0,558.0,666.0,529.0,924.0,1500.0,1100.0,1700.0,789.0,1000.0,2.0,0.0,1.0,1.0,3.0,2.0,3,3,3,3,3,3
5H0QP7,756.0,10000.0,401.0,779.0,339.0,815.0,756.0,10000.0,1300.0,989.5,527.0,818.0,1.0,0.0,1.0,1.0,3.0,3.0,1,0,3,2,3,3
37CSTQ,706.0,331.0,583.0,1100.0,329.0,941.0,707.0,1700.0,608.0,1200.0,342.0,992.0,3.0,1.0,3.0,0.0,3.0,2.0,3,3,3,3,3,3
37DGKQ,10000.0,1900.0,583.0,172.0,165.0,748.0,10000.0,1950.0,960.0,586.0,324.0,840.0,0.0,0.0,3.0,3.0,3.0,3.0,0,2,3,3,3,3
J2ZCR0,756.0,651.0,134.0,494.0,200.0,437.0,798.0,762.0,743.0,1100.0,241.0,525.0,2.0,2.0,2.0,1.0,3.0,3.0,3,3,3,3,3,3
YCJNYD,1600.0,312.0,263.0,369.0,313.0,346.0,1600.0,806.0,813.0,994.0,367.0,992.0,0.0,1.0,2.0,2.0,3.0,2.0,1,2,3,3,3,3
U784MS,1300.0,1400.0,665.0,1700.0,236.0,971.0,1300.0,1400.0,1300.0,1700.0,363.0,989.0,0.0,0.0,1.0,0.0,3.0,3.0,1,1,3,3,3,3
EJF0Q4,563.0,720.0,352.0,341.0,166.0,59.0,718.0,1700.0,1000.0,376.0,352.0,803.0,3.0,1.0,2.0,3.0,3.0,2.0,3,3,3,3,3,3
37REVQ,1400.0,221.0,1400.0,10000.0,1100.0,1400.0,1400.0,337.0,1400.0,10000.0,1200.0,1400.0,0.0,2.0,0.0,0.0,0.0,0.0,1,3,1,0,3,1
5HHBC7,1500.0,1000.0,368.0,1400.0,82.0,573.0,1700.0,1400.0,1100.0,1900.0,390.0,596.0,0.0,1.0,1.0,0.0,3.0,3.0,2,3,3,3,3,3
85SDN3,558.0,2000.0,189.0,981.0,99.0,541.0,1300.0,2000.0,690.0,1100.0,125.0,1100.0,1.0,0.0,3.0,1.0,3.0,1.0,3,3,3,3,3,3
3SNN6Q,1300.0,1400.0,676.0,1600.0,258.0,971.0,1300.0,1400.0,1400.0,1700.0,352.0,987.0,0.0,0.0,1.0,0.0,3.0,3.0,1,1,3,3,3,3
3SPAWQ,252.0,1100.0,310.0,244.0,41.0,665.0,895.0,1600.0,806.0,1300.0,150.0,1100.0,2.0,0.0,3.0,1.0,3.0,1.0,3,3,3,3,3,3
4MJKF5,1200.0,1100.0,908.0,1800.0,297.0,385.0,1200.0,1100.0,1100.0,1850.0,372.0,976.0,0.0,0.0,1.0,0.0,3.0,2.0,1,1,3,2,3,3
0Z50F9,1000.0,1400.0,469.0,1800.0,120.0,1600.0,1300.0,1400.0,952.0,1850.0,142.0,1600.0,1.0,0.0,2.0,0.0,3.0,0.0,3,3,3,2,3,1
5HRBS7,1800.0,610.0,904.0,1400.0,303.0,10000.0,1800.0,1105.0,904.0,1400.0,1100.0,10000.0,0.0,1.0,1.0,0.0,1.0,0.0,1,2,1,1,3,0
6SKKQ8,529.0,252.0,281.0,778.0,236.0,392.0,529.0,1400.0,281.0,797.0,273.0,392.0,1.0,1.0,1.0,3.0,3.0,1.0,1,3,1,3,3,1
SDC1W5,1400.0,526.0,368.0,1700.0,576.0,91.0,1400.0,1400.0,1100.0,1700.0,654.0,320.0,0.0,1.0,1.0,0.0,3.0,2.0,1,3,3,1,3,3
YBCW7D,1300.0,770.0,645.0,1600.0,296.0,278.0,1450.0,1700.0,1300.0,1800.0,411.0,280.0,0.0,1.0,1.0,0.0,3.0,3.0,2,3,3,3,3,3
1QYFC6,1400.0,673.0,436.0,793.0,97.0,990.0,1600.0,700.0,1300.0,1300.0,169.0,1245.0,0.0,3.0,1.0,1.0,3.0,1.0,2,3,3,3,3,2
8UMST3,642.0,1400.0,10000.0,1100.0,630.0,1500.0,1021.0,1400.0,10000.0,1200.0,778.0,1500.0,1.0,0.0,0.0,0.0,3.0,0.0,2,1,0,3,3,3
Q5ZNBU,1300.0,1700.0,1100.0,1100.0,1200.0,1300.0,1300.0,1700.0,1250.0,1500.0,1500.0,1300.0,0.0,0.0,0.0,0.0,0.0,0.0,3,1,2,2,3,1
1QD4H6,418.0,860.0,858.0,780.0,205.0,483.0,477.0,902.0,1100.0,1600.0,224.0,495.0,2.0,2.0,1.0,1.0,3.0,3.0,3,3,3,3,3,3
YCBX4D,55.0,389.0,539.0,614.0,180.0,82.0,71.0,599.0,651.0,635.0,228.0,355.0,3.0,3.0,3.0,3.0,3.0,3.0,3,3,3,3,3,3
UAVU9S,963.0,448.0,318.0,512.0,33.0,440.0,963.0,565.0,1800.0,984.0,379.0,578.0,1.0,3.0,1.0,2.0,3.0,3.0,1,3,3,3,3,3
6QX408,1800.0,545.0,394.0,1300.0,190.0,388.0,1800.0,576.0,678.0,1600.0,688.0,933.0,0.0,3.0,3.0,0.0,3.0,2.0,1,3,3,2,3,3
GUKH2N,488.0,1100.0,258.0,445.0,138.0,590.0,869.0,1200.0,929.0,723.0,290.0,591.0,2.0,0.0,1.0,2.0,3.0,3.0,3,2,2,3,3,3
AC6G7Y,447.0,1200.0,371.0,551.0,99.0,330.0,454.0,1300.0,952.0,1100.0,152.0,377.0,3.0,0.0,2.0,1.0,3.0,3.0,3,3,3,3,3,3
5HAFR7,397.0,189.0,82.0,359.0,110.0,689.0,710.0,238.0,135.0,726.0,171.0,867.0,3.0,3.0,3.0,3.0,3.0,3.0,3,3,3,3,3,3
UH12MS,1500.0,367.0,288.0,1100.0,140.0,1300.0,1500.0,394.0,1500.0,1400.0,270.0,1500.0,0.0,3.0,1.0,0.0,3.0,0.0,2,3,3,3,3,3
YBHWYD,915.0,1600.0,382.0,1400.0,208.0,378.0,1357.5,1600.0,435.0,1400.0,329.0,1500.0,1.0,0.0,3.0,0.0,3.0,1.0,2,1,3,3,3,3
5H6MS7,1700.0,323.0,453.0,2000.0,772.0,588.0,1700.0,391.0,1100.0,2000.0,978.0,789.0,0.0,2.0,1.0,0.0,2.0,3.0,1,3,3,1,3,3
QAPQTU,1400.0,1100.0,754.0,1400.0,256.0,263.0,1400.0,1550.0,817.0,1700.0,406.0,744.0,0.0,0.0,2.0,0.0,3.0,2.0,1,2,3,3,3,3
37U4DQ,301.0,1500.0,287.0,629.0,152.0,565.0,1000.0,1600.0,611.0,1200.0,191.0,591.0,2.0,0.0,3.0,1.0,3.0,3.0,3,2,3,3,3,3
8SY2Q3,951.0,1900.0,10000.0,10000.0,141.0,1900.0,951.0,1900.0,10000.0,10000.0,638.0,1900.0,1.0,0.0,0.0,0.0,3.0,0.0,1,1,0,0,3,2
9T709P,132.0,561.0,516.0,1300.0,380.0,315.0,132.0,820.0,516.0,1300.0,543.0,857.5,1.0,2.0,1.0,0.0,3.0,1.0,1,3,1,3,3,2
CWE5QB,198.0,284.0,657.0,714.0,116.0,203.0,396.0,478.0,867.0,1100.0,280.0,258.0,3.0,3.0,2.0,1.0,3.0,3.0,3,3,3,3,3,3
J2VUS0,1900.0,10000.0,10000.0,893.0,79.0,1600.0,1900.0,10000.0,10000.0,1600.0,364.0,1800.0,0.0,0.0,0.0,1.0,3.0,0.0,2,0,0,3,3,3
PT9Y2G,1700.0,1200.0,147.0,1300.0,236.0,684.0,1800.0,1200.0,902.0,1550.0,266.0,774.0,0.0,0.0,2.0,0.0,3.0,3.0,2,3,3,2,3,3
YK336D,1300.0,810.0,621.0,1600.0,293.0,317.0,1450.0,1600.0,1300.0,1800.0,366.0,318.0,0.0,1.0,1.0,0.0,3.0,3.0,2,3,3,3,3,3
5YVMS7,591.0,2000.0,173.0,1200.0,317.0,139.0,607.0,2000.0,981.0,1300.0,350.0,309.0,3.0,0.0,3.0,0.0,3.0,3.0,3,1,3,3,3,3
85N6N3,10000.0,1700.0,1300.0,10000.0,659.0,10000.0,10000.0,1700.0,1300.0,10000.0,1300.0,10000.0,0.0,0.0,0.0,0.0,1.0,0.0,0,1,1,0,3,0
E9WMC4,1800.0,10000.0,778.0,552.0,385.0,816.0,1800.0,10000.0,1500.0,1100.0,437.0,1200.0,0.0,0.0,1.0,1.0,3.0,1.0,1,0,3,3,3,3
EJTWP4,447.0,590.0,529.0,1000.0,373.0,865.0,1223.5,906.0,1400.0,1300.0,375.0,934.0,1.0,2.0,1.0,1.0,3.0,2.0,2,3,3,3,3,3
4J0V8F,1800.0,1700.0,1000.0,828.0,311.0,423.0,1800.0,1800.0,1400.0,1100.0,656.0,1100.0,0.0,0.0,1.0,1.0,3.0,1.0,1,3,3,3,3,3
6QT5C8,336.0,1500.0,1400.0,1900.0,254.0,905.0,1118.0,1600.0,1550.0,1900.0,572.0,1100.0,1.0,0.0,0.0,0.0,3.0,1.0,2,2,2,2,3,3
2MS17Z,1900.0,349.0,412.0,793.0,339.0,461.0,1900.0,613.5,847.0,1400.0,572.0,545.0,0.0,2.0,3.0,1.0,3.0,3.0,1,2,3,3,3,3
0G1FW9,1100.0,277.0,396.0,513.0,147.0,625.0,1200.0,342.0,989.0,679.0,226.0,1500.0,0.0,3.0,2.0,2.0,3.0,1.0,3,3,3,3,3,3
7KRMEA,714.0,1200.0,1400.0,374.0,471.0,1600.0,714.0,1200.0,1400.0,487.0,721.0,1650.0,1.0,0.0,0.0,2.0,3.0,0.0,1,1,1,3,3,2
AC4BBY,1200.0,611.0,542.0,489.0,292.0,328.0,1200.0,1600.0,549.0,639.0,549.0,508.0,0.0,1.0,3.0,2.0,3.0,3.0,1,3,3,3,3,3
Q56BZU,1400.0,762.0,835.0,771.0,853.0,787.0,1400.0,900.0,1167.5,785.0,870.0,817.0,0.0,3.0,1.0,2.0,2.0,2.0,1,3,2,3,3,3
7D03DA,1000.0,1100.0,902.0,1900.0,169.0,252.0,1400.0,1400.0,995.0,1950.0,435.0,615.0,1.0,0.0,2.0,0.0,3.0,3.0,2,3,3,2,3,3
7EQKDA,884.0,765.0,1000.0,1600.0,131.0,507.0,1000.0,870.0,1200.0,1700.0,549.0,693.0,2.0,2.0,1.0,0.0,3.0,3.0,3,3,2,3,3,3
7K729A,194.0,1100.0,548.0,727.0,68.0,210.0,545.0,1150.0,677.0,1200.0,332.0,291.0,3.0,0.0,3.0,1.0,3.0,3.0,3,2,3,3,3,3
1UPDZ6,2000.0,306.0,111.0,1900.0,497.0,616.0,2000.0,306.0,755.5,1900.0,546.0,616.0,0.0,1.0,1.0,0.0,3.0,1.0,1,1,2,1,3,1
7HSJKA,1800.0,10000.0,10000.0,1100.0,251.0,1700.0,1800.0,10000.0,10000.0,1400.0,395.0,1850.0,0.0,0.0,0.0,0.0,3.0,0.0,1,0,0,3,3,2
GNCFY2,428.0,275.0,365.0,214.0,187.0,298.0,667.0,378.0,452.0,920.0,264.0,459.0,3.0,2.0,2.0,2.0,3.0,3.0,3,3,3,3,3,3
Q7AQJU,559.0,509.0,490.0,200.0,327.0,307.0,808.0,795.0,704.0,464.0,396.0,576.0,3.0,3.0,3.0,3.0,3.0,3.0,3,3,3,3,3,3
2NP7NZ,449.0,10000.0,912.0,402.0,283.0,320.0,449.0,10000.0,1256.0,915.0,392.0,324.0,1.0,0.0,1.0,2.0,3.0,3.0,1,0,2,3,3,3
Q51A6U,1500.0,101.0,301.0,353.0,484.0,422.0,1500.0,700.5,1000.0,965.0,548.0,891.0,0.0,1.0,2.0,2.0,3.0,3.0,1,2,3,3,3,3
SDPUC5,1300.0,10000.0,490.0,523.0,328.0,197.0,1300.0,10000.0,490.0,523.0,377.0,210.0,0.0,0.0,1.0,1.0,3.0,3.0,1,0,1,1,3,3
QACV1U,1300.0,10000.0,1400.0,401.0,336.0,411.0,1300.0,10000.0,1450.0,868.0,632.0,411.0,0.0,0.0,0.0,3.0,3.0,1.0,1,0,2,3,3,1
5H4A67,966.0,1500.0,367.0,1000.0,343.0,510.0,1100.0,1700.0,860.0,1200.0,744.0,621.0,1.0,0.0,2.0,1.0,3.0,3.0,3,2,3,3,3,3
SD7625,248.0,1500.0,537.0,754.0,150.0,168.0,834.0,1800.0,694.0,1700.0,345.0,443.0,3.0,0.0,3.0,1.0,3.0,3.0,3,3,3,3,3,3
357S1Q,1800.0,2000.0,631.0,1400.0,278.0,238.0,1800.0,2000.0,1000.0,1500.0,367.0,943.0,0.0,0.0,2.0,0.0,3.0,2.0,1,1,3,3,3,3
Q75ZKU,448.0,1100.0,395.0,598.0,84.0,359.0,715.0,1100.0,659.0,1100.0,183.0,817.0,3.0,0.0,2.0,1.0,3.0,3.0,3,3,3,3,3,3
Q5Q5TU,999.0,1900.0,532.0,350.0,162.0,675.0,1200.0,1900.0,587.0,1400.0,255.0,802.0,1.0,0.0,3.0,1.0,3.0,3.0,3,3,3,3,3,3
5HCDS7,2000.0,1200.0,549.0,10000.0,478.0,1500.0,2000.0,1200.0,807.0,10000.0,540.0,1500.0,0.0,0.0,2.0,0.0,3.0,0.0,1,1,3,0,3,1
PNAVXG,1900.0,1000.0,583.0,1100.0,89.0,637.0,1900.0,1000.0,1800.0,1500.0,343.0,1600.0,0.0,2.0,1.0,0.0,3.0,1.0,1,3,3,3,3,3
PT8AKG,912.0,969.0,477.0,1100.0,316.0,347.0,931.0,1200.0,492.0,1200.0,410.0,425.0,3.0,1.0,3.0,0.0,3.0,3.0,3,3,3,3,3,3
U7J8XS,881.0,643.0,748.0,564.0,74.0,348.0,1300.0,643.0,1000.0,1200.0,552.0,376.0,1.0,1.0,2.0,1.0,3.0,3.0,3,1,3,3,3,3
6SHFY8,183.0,1200.0,387.0,423.0,63.0,537.0,1000.0,1500.0,691.0,1600.0,102.0,553.0,3.0,0.0,3.0,1.0,3.0,3.0,3,3,3,3,3,3
6U7T98,1200.0,430.0,1600.0,544.0,340.0,1100.0,1400.0,537.0,1750.0,609.0,784.0,1800.0,0.0,2.0,0.0,2.0,3.0,0.0,3,3,2,3,3,3
GT0HT2,780.0,683.0,238.0,703.0,68.0,723.0,804.0,1400.0,506.0,1000.0,393.0,1200.0,3.0,1.0,3.0,2.0,3.0,1.0,3,3,3,3,3,3
AHR31Y,394.0,875.0,268.0,844.0,231.0,262.0,785.0,1100.0,997.0,1200.0,334.0,310.0,3.0,1.0,3.0,1.0,3.0,3.0,3,3,3,3,3,3
1UDQ16,10000.0,10000.0,1900.0,10000.0,972.0,1100.0,10000.0,10000.0,1900.0,10000.0,1500.0,1450.0,0.0,0.0,0.0,0.0,1.0,0.0,0,0,1,0,3,2
W9EUGR,237.0,485.0,226.0,270.0,182.0,81.0,503.0,822.0,437.0,580.0,390.0,163.0,3.0,3.0,3.0,3.0,3.0,3.0,3,3,3,3,3,3
Q701GU,1600.0,1000.0,664.0,760.0,395.0,595.0,1600.0,1100.0,1400.0,1300.0,441.0,1800.0,0.0,1.0,1.0,1.0,3.0,1.0,1,3,3,3,3,3
AHS01Y,430.0,1500.0,2000.0,1300.0,629.0,1400.0,1015.0,1500.0,2000.0,1350.0,656.0,1500.0,1.0,0.0,0.0,0.0,3.0,0.0,2,1,1,2,3,3
CFZV4B,1900.0,1100.0,32.0,1200.0,263.0,760.0,1950.0,1300.0,781.0,1450.0,334.0,884.0,0.0,0.0,2.0,0.0,3.0,3.0,2,3,3,2,3,3
37Y51Q,575.0,1000.0,659.0,1200.0,213.0,1000.0,1600.0,1100.0,1000.0,1300.0,337.0,1100.0,1.0,1.0,2.0,0.0,3.0,1.0,3,3,3,3,3,3
CW4U6B,2000.0,10000.0,376.0,624.0,428.0,431.0,2000.0,10000.0,1300.0,1100.0,489.0,1000.0,0.0,0.0,1.0,1.0,3.0,2.0,1,0,3,3,3,3
U73BTS,1100.0,314.0,376.0,848.0,890.0,1100.0,1100.0,858.0,1138.0,1100.0,1200.0,1300.0,0.0,3.0,1.0,1.0,1.0,0.0,1,3,2,3,3,3
2MDJPZ,10000.0,10000.0,421.0,573.0,405.0,285.0,10000.0,10000.0,421.0,573.0,432.0,285.0,0.0,0.0,1.0,1.0,2.0,1.0,0,0,1,1,2,1
7D6WBA,806.0,416.0,1200.0,1300.0,160.0,818.0,953.0,704.0,2000.0,1500.0,441.0,831.0,1.0,3.0,0.0,0.0,3.0,3.0,2,3,3,2,3,3
02ERS9,567.0,718.0,458.0,140.0,466.0,534.0,634.0,958.0,557.0,1200.0,557.0,555.0,3.0,2.0,3.0,1.0,3.0,3.0,3,3,3,3,3,3
UAMPYS,960.0,1800.0,610.0,979.0,218.0,683.0,1380.0,1800.0,774.0,1500.0,289.0,701.0,1.0,0.0,2.0,1.0,3.0,3.0,2,2,3,3,3,3
AKXM4Y,10000.0,10000.0,684.0,10000.0,246.0,10000.0,10000.0,10000.0,810.0,10000.0,313.0,10000.0,0.0,0.0,2.0,0.0,3.0,0.0,0,0,2,0,3,0
W9F72R,10000.0,1900.0,961.0,1300.0,170.0,10000.0,10000.0,1900.0,1500.0,1300.0,994.0,10000.0,0.0,0.0,1.0,0.0,2.0,0.0,0,1,3,1,3,0
CYSSBC,10000.0,10000.0,355.0,637.0,250.0,712.0,10000.0,10000.0,355.0,948.0,782.0,712.0,0.0,0.0,1.0,2.0,3.0,1.0,0,0,1,3,3,1
AFG0FY,572.0,546.0,500.0,429.0,371.0,367.0,881.0,1000.0,670.0,684.0,461.0,438.0,3.0,2.0,3.0,3.0,3.0,3.0,3,3,3,3,3,3
U73NAS,1000.0,1200.0,861.0,825.0,495.0,526.0,1300.0,1200.0,1400.0,1100.0,751.0,800.0,1.0,0.0,1.0,1.0,3.0,2.0,3,1,3,3,3,3
U72F2S,1400.0,1200.0,10000.0,1900.0,60.0,536.0,1400.0,1200.0,10000.0,1900.0,739.0,725.0,0.0,0.0,0.0,0.0,3.0,3.0,3,1,0,3,3,3
3YN42Q,10000.0,10000.0,1100.0,1500.0,1400.0,10000.0,10000.0,10000.0,1400.0,1550.0,1650.0,10000.0,0.0,0.0,0.0,0.0,0.0,0.0,0,0,2,2,2,0
ABBGXY,1500.0,1400.0,10000.0,1800.0,312.0,357.0,1500.0,1400.0,10000.0,1800.0,719.0,498.0,0.0,0.0,0.0,0.0,3.0,3.0,3,1,0,1,3,3
8S5S03,1600.0,667.0,828.0,10000.0,532.0,532.0,1700.0,1233.5,1100.0,10000.0,868.0,844.0,0.0,1.0,1.0,0.0,3.0,3.0,2,2,3,0,3,3
SAM225,10000.0,1200.0,629.0,10000.0,959.0,10000.0,10000.0,1200.0,629.0,10000.0,1000.0,10000.0,0.0,0.0,1.0,0.0,2.0,0.0,0,1,1,0,3,0
2GM4ZN,1300.0,1400.0,1400.0,1900.0,228.0,560.0,1650.0,1400.0,1400.0,1900.0,420.0,880.0,0.0,0.0,0.0,0.0,3.0,1.0,2,1,1,1,3,2
JGF8E0,1400.0,1000.0,815.0,854.0,282.0,549.0,1500.0,1300.0,842.0,1200.0,421.0,612.0,0.0,1.0,2.0,1.0,3.0,3.0,3,2,3,3,3,3
4JNKAF,10000.0,10000.0,2000.0,1100.0,89.0,1700.0,10000.0,10000.0,2000.0,1900.0,326.0,1900.0,0.0,0.0,0.0,0.0,3.0,0.0,0,0,1,3,3,3
6UBZ58,1900.0,920.0,276.0,934.0,334.0,651.0,1900.0,1500.0,677.0,1500.0,492.0,823.0,0.0,1.0,2.0,1.0,3.0,3.0,1,3,3,3,3,3
49PM6F,10000.0,10000.0,10000.0,10000.0,112.0,1700.0,10000.0,10000.0,10000.0,10000.0,128.0,1900.0,0.0,0.0,0.0,0.0,3.0,0.0,0,0,0,0,3,3
RP03UJ,1600.0,1100.0,265.0,1400.0,147.0,592.0,1800.0,1300.0,1000.0,1650.0,348.0,690.0,0.0,0.0,2.0,0.0,3.0,3.0,2,3,3,2,3,3
2134XZ,1400.0,1600.0,949.0,1700.0,267.0,332.0,1600.0,1600.0,1000.0,1800.0,277.0,355.0,0.0,0.0,2.0,0.0,3.0,3.0,2,1,3,2,3,3
AK5UEY,2000.0,927.0,118.0,1100.0,343.0,840.0,2000.0,1200.0,642.0,1350.0,348.0,890.0,0.0,1.0,2.0,0.0,3.0,3.0,1,3,3,2,3,3
9T6B9P,1000.0,727.0,689.0,170.0,142.0,970.0,1500.0,1100.0,978.0,864.0,218.0,1200.0,1.0,1.0,2.0,3.0,3.0,1.0,3,3,3,3,3,3
1QRHM6,1100.0,1400.0,439.0,573.0,191.0,88.0,1200.0,1500.0,1000.0,942.0,233.0,1300.0,0.0,0.0,2.0,2.0,3.0,1.0,3,3,3,3,3,3
QV1KUQ,1900.0,123.0,10000.0,835.0,467.0,318.0,1900.0,861.5,10000.0,1317.5,678.0,1300.0,0.0,1.0,0.0,1.0,3.0,1.0,1,2,0,2,3,3
YQCYD6,1200.0,1800.0,116.0,399.0,164.0,275.0,1500.0,1800.0,148.0,437.0,202.0,328.0,0.0,0.0,4.0,6.0,6.0,6.0,6,6,6,6,6,6
5HMB27,10000.0,10000.0,10000.0,10000.0,1600.0,10000.0,10000.0,10000.0,10000.0,10000.0,1750.0,10000.0,0.0,0.0,0.0,0.0,0.0,0.0,0,0,0,0,4,0
85NFD3,10000.0,462.0,1400.0,1700.0,930.0,820.0,10000.0,1400.0,1400.0,1700.0,1200.0,1300.0,0.0,1.0,0.0,0.0,1.0,1.0,0,3,1,1,3,3
SCF8F5,10000.0,939.0,1600.0,10000.0,107.0,10000.0,10000.0,1300.0,1750.0,10000.0,1300.0,10000.0,0.0,1.0,0.0,0.0,1.0,0.0,0,3,2,0,3,0
0Z84F9,1500.0,1200.0,774.0,1700.0,134.0,338.0,1500.0,1200.0,1100.0,1850.0,267.0,659.0,0.0,0.0,1.0,0.0,3.0,3.0,2,1,3,2,3,3
PNRS2G,1300.0,237.0,680.0,1400.0,321.0,282.0,1600.0,587.0,1190.0,1500.0,406.0,294.0,0.0,3.0,1.0,0.0,3.0,3.0,3,3,2,3,3,3
UYZ5MS,1300.0,922.0,560.0,618.0,197.0,471.0,1450.0,1800.0,870.0,889.0,341.0,860.0,0.0,1.0,3.0,2.0,3.0,3.0,2,3,3,3,3,3
8SUEV3,1300.0,968.0,396.0,813.0,500.0,1300.0,1300.0,1100.0,1100.0,813.0,884.0,1300.0,0.0,1.0,1.0,1.0,3.0,0.0,1,3,3,1,3,1
3SV36Q,613.0,1100.0,244.0,551.0,74.0,553.0,1000.0,1250.0,703.0,1200.0,139.0,555.0,2.0,0.0,3.0,1.0,3.0,3.0,3,2,3,3,3,3
AH1CMY,421.0,713.0,245.0,1700.0,365.0,658.0,421.0,856.5,772.5,1700.0,425.0,658.0,1.0,2.0,1.0,0.0,3.0,1.0,1,2,2,1,3,1
6QJ5K8,592.0,796.0,97.0,634.0,403.0,564.0,660.0,992.0,264.0,810.0,784.0,950.0,2.0,3.0,2.0,2.0,3.0,3.0,3,3,3,3,3,3
UYA0MS,797.0,1700.0,476.0,953.0,520.0,496.0,906.0,1850.0,537.0,1300.0,684.0,703.0,3.0,0.0,2.0,1.0,3.0,3.0,3,2,3,3,3,3
1QVFG6,449.0,946.0,65.0,602.0,441.0,392.0,709.0,981.0,172.0,833.0,723.0,920.0,3.0,2.0,2.0,2.0,3.0,2.0,3,3,3,3,3,3
UAHXRS,730.0,763.0,257.0,494.0,314.0,435.0,1100.0,1600.0,449.0,1100.0,344.0,1500.0,1.0,1.0,3.0,1.0,3.0,1.0,3,3,3,3,3,3
W0C9DR,1700.0,687.0,459.0,1300.0,604.0,629.0,1700.0,1600.0,1800.0,1400.0,840.0,1400.0,0.0,1.0,1.0,0.0,3.0,1.0,1,3,3,3,3,3
GTQRJ2,10000.0,10000.0,779.0,1700.0,916.0,1300.0,10000.0,10000.0,1900.0,1800.0,1100.0,1500.0,0.0,0.0,1.0,0.0,1.0,0.0,0,0,3,3,3,3
37PRTQ,1200.0,1500.0,470.0,1900.0,354.0,2000.0,1400.0,1600.0,1300.0,1900.0,410.0,2000.0,0.0,0.0,1.0,0.0,3.0,0.0,3,3,3,1,3,1
JG6ZG0,10000.0,10000.0,1800.0,10000.0,544.0,10000.0,10000.0,10000.0,1800.0,10000.0,590.0,10000.0,0.0,0.0,0.0,0.0,2.0,0.0,0,0,1,0,3,0
AKN10Y,325.0,1400.0,218.0,606.0,103.0,501.0,997.0,1550.0,677.0,1100.0,246.0,523.0,2.0,0.0,3.0,1.0,3.0,3.0,3,2,3,3,3,3
U7PJMS,10000.0,524.0,1700.0,919.0,388.0,714.0,10000.0,1212.0,1700.0,1700.0,549.0,899.0,0.0,1.0,0.0,1.0,3.0,2.0,0,2,1,3,3,3
7HN2TA,656.0,396.0,142.0,437.0,202.0,861.0,815.0,397.0,364.0,462.0,211.0,1000.0,3.0,3.0,3.0,3.0,3.0,2.0,3,3,3,3,3,3
PZHB7G,473.0,771.0,555.0,853.0,153.0,1200.0,473.0,771.0,555.0,1200.0,239.0,1200.0,1.0,1.0,1.0,1.0,3.0,0.0,1,1,1,3,3,3
9ZW0DP,381.0,449.0,694.0,254.0,106.0,1000.0,645.0,461.0,809.0,1300.0,301.0,1200.0,3.0,2.0,2.0,1.0,3.0,1.0,3,3,3,3,3,3
5D94Q7,1900.0,1800.0,579.0,726.0,89.0,207.0,1900.0,1800.0,1100.0,764.0,214.0,287.0,0.0,0.0,1.0,3.0,3.0,3.0,1,1,3,3,3,3
J2KYX0,10000.0,10000.0,10000.0,1400.0,1900.0,10000.0,10000.0,10000.0,10000.0,1450.0,1900.0,10000.0,0.0,0.0,0.0,0.0,0.0,0.0,0,0,0,2,1,0
UA3FVS,1300.0,507.0,1300.0,10000.0,802.0,1200.0,1300.0,655.0,1300.0,10000.0,925.0,1200.0,0.0,3.0,0.0,0.0,3.0,0.0,1,3,1,0,3,1
YCE2HD,1500.0,1400.0,464.0,389.0,396.0,347.0,1550.0,1400.0,631.0,737.0,429.0,829.0,0.0,0.0,3.0,3.0,3.0,3.0,2,1,3,3,3,3
2M03TZ,1400.0,201.0,480.0,335.0,475.0,457.0,1400.0,1400.0,926.0,867.0,578.0,741.0,0.0,1.0,3.0,2.0,3.0,3.0,1,3,3,3,3,3
Q5647U,982.0,964.0,812.0,10000.0,132.0,239.0,1441.0,1600.0,1100.0,10000.0,600.0,527.0,1.0,1.0,1.0,0.0,3.0,2.0,2,3,3,0,3,3
U76UUS,2000.0,585.0,1100.0,584.0,580.0,35.0,2000.0,599.0,1350.0,965.0,580.0,811.0,0.0,3.0,0.0,2.0,3.0,3.0,1,3,2,3,3,3
SD4JQ5,551.0,1700.0,611.0,1200.0,571.0,730.0,667.0,1800.0,964.0,1300.0,693.0,868.0,3.0,0.0,2.0,0.0,3.0,3.0,3,2,3,3,3,3
Q5AAGU,546.0,626.0,528.0,1900.0,196.0,871.0,546.0,1100.0,1300.0,1900.0,343.0,871.0,1.0,1.0,1.0,0.0,3.0,1.0,1,3,3,1,3,1
6U6C78,286.0,1500.0,1600.0,1600.0,399.0,1000.0,993.0,1600.0,1650.0,1600.0,680.0,1300.0,1.0,0.0,0.0,0.0,3.0,1.0,2,2,2,2,3,3
1UE0K6,560.0,171.0,715.0,1100.0,269.0,914.0,858.0,1900.0,723.0,1100.0,452.0,1100.0,3.0,1.0,3.0,0.0,3.0,1.0,3,3,3,3,3,3
02BS29,1100.0,643.0,962.0,1300.0,433.0,278.0,1200.0,1700.0,1300.0,1400.0,491.0,290.0,0.0,1.0,1.0,0.0,3.0,3.0,2,3,3,2,3,3
CW7UYB,10000.0,10000.0,1600.0,1600.0,835.0,1200.0,10000.0,10000.0,1700.0,1600.0,988.0,1200.0,0.0,0.0,0.0,0.0,2.0,0.0,0,0,2,1,3,2
QA707U,1400.0,1900.0,400.0,1600.0,244.0,1300.0,1650.0,1900.0,760.0,1600.0,596.0,1600.0,0.0,0.0,2.0,0.0,3.0,0.0,2,1,3,1,3,2
2MURNZ,711.0,136.0,96.0,230.0,364.0,176.0,1300.0,187.0,831.0,262.0,392.0,1000.0,1.0,3.0,3.0,2.0,3.0,2.0,3,3,3,3,3,3
13TE26,330.0,323.0,581.0,1200.0,450.0,1300.0,363.0,428.0,841.0,1600.0,456.0,1300.0,2.0,3.0,2.0,0.0,3.0,0.0,3,3,3,3,3,1
DCT7TH,10000.0,263.0,1300.0,1900.0,951.0,1000.0,10000.0,1600.0,1300.0,1900.0,1200.0,1100.0,0.0,1.0,0.0,0.0,1.0,1.0,0,3,1,1,3,3
8BRP3A,856.0,10000.0,896.0,894.0,183.0,861.0,856.0,10000.0,1200.0,1900.0,400.0,975.0,1.0,0.0,1.0,1.0,3.0,3.0,1,0,3,3,3,3
RGGPPJ,866.0,437.0,660.0,1300.0,244.0,426.0,866.0,437.0,1100.0,1450.0,300.0,436.0,1.0,1.0,1.0,0.0,3.0,3.0,1,1,3,2,3,3
UC4QAS,280.0,217.0,1300.0,1300.0,409.0,1100.0,459.0,226.0,1600.0,1550.0,481.0,1400.0,2.0,3.0,0.0,0.0,3.0,0.0,2,3,3,2,3,3
QADXKU,223.0,1000.0,625.0,377.0,185.0,570.0,305.0,1100.0,652.0,1300.0,329.0,851.0,3.0,1.0,3.0,1.0,3.0,2.0,3,3,3,3,3,3
WPVGXR,10000.0,10000.0,690.0,10000.0,440.0,469.0,10000.0,10000.0,1200.0,10000.0,451.0,469.0,0.0,0.0,1.0,0.0,3.0,1.0,0,0,3,0,3,1
9ZMH0P,10000.0,706.0,195.0,1100.0,332.0,956.0,10000.0,716.0,797.5,1600.0,647.0,1300.0,0.0,2.0,1.0,0.0,3.0,1.0,0,3,2,3,3,3
6U6DU8,934.0,1000.0,177.0,718.0,117.0,930.0,1400.0,1450.0,592.0,1100.0,327.0,1100.0,1.0,1.0,3.0,1.0,3.0,1.0,3,2,3,3,3,3
AHQZUY,527.0,1200.0,1700.0,1300.0,687.0,1200.0,963.5,1550.0,1800.0,1300.0,833.0,1200.0,1.0,0.0,0.0,0.0,3.0,0.0,2,2,3,2,3,3
KEQKJC,1200.0,1900.0,396.0,623.0,663.0,740.0,1300.0,1900.0,734.0,821.0,735.0,828.0,0.0,0.0,3.0,2.0,3.0,2.0,2,1,3,3,3,3
DBMPAH,980.0,1600.0,329.0,566.0,66.0,775.0,1100.0,1600.0,387.0,1300.0,386.0,780.0,1.0,0.0,3.0,1.0,3.0,3.0,3,3,3,3,3,3
8U1NE3,1500.0,149.0,1300.0,10000.0,1600.0,1400.0,1500.0,295.0,1300.0,10000.0,1600.0,1400.0,0.0,2.0,0.0,0.0,0.0,0.0,1,3,1,0,3,1
37DAXQ,890.0,643.0,759.0,10000.0,325.0,1200.0,890.0,1100.0,838.0,10000.0,826.0,1550.0,1.0,1.0,2.0,0.0,3.0,0.0,1,3,3,0,3,2
0GMAH9,10000.0,10000.0,1800.0,2000.0,657.0,10000.0,10000.0,10000.0,1850.0,2000.0,710.0,10000.0,0.0,0.0,0.0,0.0,2.0,0.0,0,0,2,1,3,0
7D4E8A,2000.0,10000.0,1600.0,10000.0,471.0,1400.0,2000.0,10000.0,1800.0,10000.0,499.0,1400.0,0.0,0.0,0.0,0.0,3.0,0.0,2,0,3,0,3,1
RG21VJ,858.0,10000.0,862.0,607.0,113.0,604.0,858.0,10000.0,2000.0,724.0,176.0,796.0,1.0,0.0,1.0,2.0,3.0,3.0,1,0,3,2,3,3
8SEPM3,10000.0,813.0,1200.0,960.0,575.0,633.0,10000.0,1100.0,1500.0,1300.0,838.0,1100.0,0.0,1.0,0.0,1.0,3.0,1.0,0,3,2,3,3,3
6QMBD8,596.0,1900.0,169.0,868.0,156.0,787.0,1100.0,1900.0,738.0,1200.0,380.0,1100.0,1.0,0.0,3.0,1.0,3.0,1.0,3,1,3,3,3,3
UY9XGS,10000.0,1200.0,965.0,820.0,85.0,700.0,10000.0,1700.0,1600.0,1100.0,345.0,1100.0,0.0,0.0,1.0,1.0,3.0,1.0,0,3,3,3,3,3
RG9HCJ,1200.0,640.0,610.0,307.0,264.0,274.0,1550.0,800.0,654.5,821.0,292.0,1000.0,0.0,2.0,2.0,3.0,3.0,2.0,2,3,2,3,3,3
DCUAWH,10000.0,990.0,1100.0,1800.0,159.0,1300.0,10000.0,990.0,1100.0,1800.0,692.0,1300.0,0.0,1.0,0.0,0.0,2.0,0.0,0,1,3,1,3,1
7HZ1YA,934.0,1200.0,769.0,1300.0,313.0,1000.0,1300.0,1400.0,863.0,1400.0,491.0,1000.0,2.0,0.0,6.0,0.0,6.0,4.0,6,6,6,6,6,6
W0V6QR,804.0,1800.0,1800.0,10000.0,208.0,1600.0,804.0,1800.0,1800.0,10000.0,647.0,1600.0,2.0,0.0,0.0,0.0,6.0,0.0,2,2,2,0,6,4
CFDQUB,10000.0,10000.0,338.0,10000.0,93.0,1100.0,10000.0,10000.0,489.0,10000.0,223.0,1100.0,0.0,0.0,3.0,0.0,3.0,0.0,0,0,3,0,3,1
UDKV9S,148.0,1100.0,453.0,280.0,77.0,1200.0,1400.0,1100.0,624.0,298.0,301.0,1400.0,1.0,0.0,3.0,3.0,3.0,0.0,3,3,3,3,3,3
YGPVD6,599.0,1000.0,392.0,392.0,79.0,427.0,1299.5,1100.0,625.0,883.0,211.0,756.0,1.0,1.0,3.0,2.0,3.0,3.0,2,2,3,3,3,3
5YSFW7,877.0,1100.0,651.0,622.0,413.0,591.0,1300.0,1100.0,1300.0,1000.0,547.0,735.0,1.0,0.0,1.0,2.0,3.0,2.0,3,1,3,3,3,3
SY2CR5,1100.0,1600.0,1600.0,10000.0,432.0,1500.0,1550.0,1600.0,1600.0,10000.0,901.0,1600.0,0.0,0.0,0.0,0.0,2.0,0.0,2,1,1,0,3,3
DBN39H,224.0,1600.0,1500.0,1700.0,289.0,1000.0,1012.0,1600.0,1650.0,1700.0,661.0,1300.0,1.0,0.0,0.0,0.0,3.0,1.0,2,2,2,2,3,3
5DN8C7,1900.0,999.0,787.0,1000.0,146.0,564.0,1900.0,1700.0,1600.0,1100.0,573.0,1100.0,0.0,1.0,1.0,1.0,3.0,1.0,1,3,3,3,3,3
SYCJQ5,1300.0,1300.0,1400.0,10000.0,764.0,1300.0,1550.0,1300.0,1700.0,10000.0,1100.0,1400.0,0.0,0.0,0.0,0.0,1.0,0.0,2,1,2,0,3,3
AKE33Y,10000.0,962.0,379.0,10000.0,328.0,1800.0,10000.0,962.0,1800.0,10000.0,618.0,1800.0,0.0,1.0,1.0,0.0,3.0,0.0,0,1,3,0,3,1
JGJEZ0,10000.0,10000.0,1100.0,458.0,443.0,10000.0,10000.0,10000.0,1100.0,1079.0,818.0,10000.0,0.0,0.0,0.0,1.0,3.0,0.0,0,0,1,2,3,0
UAE09S,495.0,419.0,918.0,535.0,429.0,450.0,1100.0,449.0,930.0,1100.0,587.0,668.0,2.0,6.0,4.0,2.0,6.0,6.0,6,6,6,6,6,6
37HUNQ,1600.0,212.0,240.0,1800.0,765.0,358.0,1600.0,276.0,1100.0,1800.0,926.0,851.0,0.0,2.0,1.0,0.0,3.0,3.0,1,3,3,1,3,3
Q79TWU,517.0,1100.0,496.0,521.0,226.0,806.0,824.0,1200.0,674.0,600.0,310.0,812.0,4.0,0.0,4.0,6.0,6.0,4.0,6,6,6,6,6,6
GX1PM2,1400.0,1600.0,701.0,1200.0,120.0,1100.0,1400.0,1600.0,1100.0,1300.0,258.0,1400.0,0.0,0.0,1.0,0.0,3.0,0.0,1,1,3,2,3,3
2MARGZ,1800.0,10000.0,1100.0,1900.0,729.0,1300.0,1800.0,10000.0,1800.0,1900.0,730.0,1350.0,0.0,0.0,0.0,0.0,3.0,0.0,1,0,3,1,3,2
02GCP9,728.0,1300.0,244.0,535.0,76.0,308.0,905.0,1900.0,338.0,1200.0,249.0,1000.0,2.0,0.0,3.0,1.0,3.0,2.0,3,3,3,3,3,3
ACCHBY,955.0,173.0,911.0,167.0,819.0,408.0,1227.5,979.0,1200.0,1500.0,839.0,1004.0,1.0,3.0,1.0,1.0,3.0,1.0,2,3,3,3,3,2
SDH895,10000.0,10000.0,1500.0,1500.0,107.0,609.0,10000.0,10000.0,1500.0,1500.0,932.0,910.0,0.0,0.0,0.0,0.0,3.0,2.0,0,0,1,1,3,3
6UQP98,10000.0,10000.0,1800.0,1800.0,1200.0,1200.0,10000.0,10000.0,1800.0,1800.0,1200.0,1200.0,0.0,0.0,0.0,0.0,0.0,0.0,0,0,1,1,3,2
Q7PFRU,683.0,517.0,441.0,920.0,451.0,1200.0,1191.5,682.0,1300.0,1300.0,568.0,1500.0,1.0,3.0,1.0,1.0,3.0,0.0,2,3,3,3,3,2
ACZRHY,10000.0,10000.0,1900.0,1700.0,161.0,10000.0,10000.0,10000.0,1900.0,1800.0,1200.0,10000.0,0.0,0.0,0.0,0.0,1.0,0.0,0,0,1,3,3,0
GXVEP2,906.0,662.0,134.0,630.0,124.0,962.0,927.0,1900.0,541.0,1000.0,419.0,1400.0,2.0,1.0,3.0,2.0,3.0,1.0,3,3,3,3,3,3
7D5CYA,630.0,66.0,572.0,481.0,146.0,364.0,1400.0,665.0,630.0,582.0,232.0,613.0,1.0,3.0,3.0,3.0,3.0,2.0,3,3,3,3,3,3
408BSF,1700.0,10000.0,668.0,1500.0,270.0,1700.0,1700.0,10000.0,1084.0,1500.0,524.0,1700.0,0.0,0.0,2.0,0.0,6.0,0.0,2,0,4,2,6,4
8SKP63,10000.0,10000.0,1800.0,10000.0,432.0,10000.0,10000.0,10000.0,1800.0,10000.0,1100.0,10000.0,0.0,0.0,0.0,0.0,2.0,0.0,0,0,2,0,6,0
85K283,10000.0,1000.0,995.0,2000.0,255.0,1300.0,10000.0,1000.0,1200.0,2000.0,534.0,1300.0,0.0,1.0,1.0,0.0,3.0,0.0,0,1,3,1,3,1
DBM8RH,10000.0,10000.0,10000.0,10000.0,491.0,10000.0,10000.0,10000.0,10000.0,10000.0,1095.5,10000.0,0.0,0.0,0.0,0.0,1.0,0.0,0,0,0,0,2,0
7HX68A,10000.0,1900.0,1100.0,1900.0,109.0,1000.0,10000.0,1900.0,1300.0,1900.0,456.0,1400.0,0.0,0.0,0.0,0.0,3.0,1.0,0,1,3,1,3,3
37YD1Q,1700.0,10000.0,1100.0,1600.0,459.0,1000.0,1800.0,10000.0,1500.0,1600.0,523.0,1450.0,0.0,0.0,0.0,0.0,3.0,1.0,3,0,3,1,3,2
DENJAH,247.0,1400.0,1500.0,1000.0,202.0,1200.0,939.0,1500.0,1500.0,1600.0,375.0,1500.0,2.0,0.0,0.0,1.0,3.0,0.0,3,3,1,3,3,3
RPC54J,10000.0,10000.0,619.0,734.0,402.0,10000.0,10000.0,10000.0,619.0,734.0,405.0,10000.0,0.0,0.0,1.0,1.0,3.0,0.0,0,0,1,1,3,0
UYFYYS,1500.0,10000.0,1200.0,435.0,125.0,368.0,1600.0,10000.0,1400.0,1100.0,308.0,609.0,0.0,0.0,0.0,1.0,3.0,3.0,3,0,3,3,3,3
DEPFDH,10000.0,880.0,10000.0,315.0,215.0,10000.0,10000.0,1040.0,10000.0,1107.5,351.0,10000.0,0.0,1.0,0.0,1.0,3.0,0.0,0,2,0,2,3,0
K4YZXC,10000.0,10000.0,1400.0,10000.0,337.0,1500.0,10000.0,10000.0,1400.0,10000.0,605.0,1500.0,0.0,0.0,0.0,0.0,3.0,0.0,0,0,3,0,3,1
6S3578,1800.0,10000.0,1500.0,700.0,329.0,341.0,1900.0,10000.0,1600.0,809.0,342.0,673.0,0.0,0.0,0.0,3.0,3.0,2.0,3,0,3,3,3,3
SDP745,730.0,1300.0,415.0,1400.0,36.0,825.0,1500.0,1400.0,1207.5,1400.0,667.0,1300.0,1.0,0.0,1.0,0.0,3.0,1.0,3,3,2,3,3,3
SYKMB5,10000.0,1200.0,1500.0,1600.0,762.0,10000.0,10000.0,1200.0,1500.0,1600.0,790.0,10000.0,0.0,0.0,0.0,0.0,2.0,0.0,0,1,2,2,3,0
AK9MPY,10000.0,1900.0,1400.0,1100.0,1200.0,1100.0,10000.0,1900.0,1700.0,1300.0,1300.0,1100.0,0.0,0.0,0.0,0.0,0.0,0.0,0,1,2,2,3,2
U71MVS,1600.0,10000.0,1900.0,1200.0,756.0,10000.0,1600.0,10000.0,1900.0,1300.0,1400.0,10000.0,0.0,0.0,0.0,0.0,1.0,0.0,1,0,1,3,3,0
9Z7RRP,1500.0,10000.0,2000.0,1100.0,798.0,10000.0,1500.0,10000.0,2000.0,1200.0,1300.0,10000.0,0.0,0.0,0.0,0.0,1.0,0.0,1,0,1,3,3,0
Q7924U,588.0,306.0,899.0,217.0,285.0,283.0,864.0,954.0,1500.0,224.0,622.0,319.0,2.0,2.0,1.0,3.0,3.0,3.0,3,3,3,3,3,3
DE6ZYH,10000.0,10000.0,68.0,10000.0,142.0,1200.0,10000.0,10000.0,68.0,10000.0,1300.0,1500.0,0.0,0.0,1.0,0.0,1.0,0.0,0,0,1,0,3,2
EJ20N4,397.0,1200.0,696.0,672.0,256.0,379.0,438.0,1300.0,1500.0,951.0,802.0,640.0,3.0,0.0,1.0,2.0,2.0,3.0,3,3,3,3,3,3
7HWNCA,10000.0,1300.0,10000.0,1800.0,1700.0,10000.0,10000.0,1400.0,10000.0,1800.0,1750.0,10000.0,0.0,0.0,0.0,0.0,0.0,0.0,0,2,0,1,2,0
AFPBHY,291.0,779.0,477.0,348.0,283.0,347.0,711.0,1000.0,605.0,534.0,310.0,462.0,2.0,2.0,3.0,3.0,3.0,3.0,3,3,3,3,3,3
9V2HVP,671.0,307.0,148.0,115.0,250.0,640.0,977.0,480.0,207.0,506.0,290.0,1100.0,3.0,3.0,3.0,3.0,3.0,1.0,3,3,3,3,3,3
8DU9K3,10000.0,10000.0,979.0,565.0,148.0,1400.0,10000.0,10000.0,979.0,1500.0,260.0,1400.0,0.0,0.0,1.0,1.0,3.0,0.0,0,0,1,3,3,1
6AXYH8,808.0,804.0,564.0,350.0,173.0,643.0,1400.0,959.0,644.0,682.0,216.0,1300.0,1.0,2.0,3.0,3.0,3.0,1.0,3,3,3,3,3,3
17ZEV6,382.0,155.0,223.0,410.0,42.0,25.0,441.0,276.0,480.0,563.0,99.0,213.0,3.0,3.0,3.0,3.0,3.0,3.0,3,3,3,3,3,3
17FNJ6,428.0,119.0,98.0,623.0,111.0,125.0,504.0,535.0,475.0,682.0,186.0,249.0,3.0,3.0,3.0,3.0,3.0,3.0,3,3,3,3,3,3
UKJHXS,481.0,290.0,132.0,455.0,128.0,150.0,502.0,434.0,561.0,475.0,201.0,183.0,3.0,3.0,3.0,3.0,3.0,3.0,3,3,3,3,3,3
WZ1N3R,189.0,491.0,589.0,614.0,304.0,181.0,617.0,492.0,705.0,660.0,506.0,306.0,3.0,3.0,3.0,3.0,3.0,3.0,3,3,3,3,3,3
RTM0WJ,715.0,739.0,601.0,505.0,46.0,816.0,715.0,814.0,709.0,639.0,79.0,1100.0,1.0,2.0,3.0,2.0,3.0,1.0,1,3,3,3,3,3
SCYWY5,440.0,894.0,381.0,255.0,371.0,363.0,596.0,1100.0,542.0,1300.0,504.0,372.0,3.0,1.0,3.0,1.0,3.0,3.0,3,3,3,3,3,3
W2SQQR,267.0,488.0,140.0,653.0,202.0,323.0,413.0,962.0,491.0,694.0,357.0,493.0,3.0,3.0,3.0,3.0,3.0,3.0,3,3,3,3,3,3
UD9EXS,269.0,198.0,232.0,624.0,193.0,111.0,413.0,215.0,345.0,807.0,226.0,325.0,3.0,3.0,3.0,3.0,3.0,3.0,3,3,3,3,3,3
SH9VY5,338.0,979.0,193.0,678.0,303.0,689.0,640.0,1000.0,702.0,712.0,308.0,951.0,3.0,2.0,3.0,2.0,3.0,3.0,3,3,3,3,3,3
7C4UZA,120.0,48.0,210.0,476.0,171.0,273.0,312.0,268.0,687.0,884.0,294.0,305.0,6.0,6.0,4.0,6.0,6.0,6.0,6,6,6,6,6,6
UDKT6S,646.0,662.0,359.0,627.0,292.0,268.0,911.0,1200.0,534.0,874.0,293.0,280.0,3.0,1.0,3.0,3.0,3.0,3.0,3,3,3,3,3,3
R2TY7J,507.0,652.0,397.0,472.0,264.0,342.0,941.0,1100.0,564.0,712.0,368.0,350.0,3.0,1.0,3.0,3.0,3.0,3.0,3,3,3,3,3,3
PXMJMG,1500.0,826.0,814.0,1500.0,804.0,1300.0,1650.0,851.0,897.0,1700.0,819.0,1600.0,0.0,2.0,2.0,0.0,2.0,0.0,2,3,3,3,3,3
2VV3WZ,613.0,192.0,288.0,222.0,95.0,905.0,749.0,205.0,336.0,411.0,143.0,921.0,3.0,3.0,3.0,3.0,3.0,2.0,3,3,3,3,3,3
WP6DCR,702.0,229.0,472.0,185.0,556.0,71.0,749.0,327.0,522.0,259.0,557.0,145.0,3.0,3.0,3.0,3.0,3.0,3.0,3,3,3,3,3,3
QABMMU,506.0,1100.0,792.0,592.0,204.0,123.0,964.0,1100.0,862.0,879.0,324.0,337.0,2.0,0.0,3.0,3.0,3.0,3.0,3,3,3,3,3,3
3SAA6Q,314.0,490.0,387.0,340.0,99.0,199.0,327.0,519.0,483.0,620.0,212.0,624.0,3.0,3.0,3.0,3.0,3.0,3.0,3,3,3,3,3,3
UKN7FS,840.0,711.0,250.0,531.0,101.0,572.0,906.0,862.0,846.0,1000.0,126.0,639.0,2.0,2.0,3.0,2.0,3.0,3.0,3,3,3,3,3,3
WT8KWR,546.0,654.0,374.0,520.0,259.0,312.0,953.0,1200.0,546.0,763.0,334.0,350.0,3.0,1.0,3.0,3.0,3.0,3.0,3,3,3,3,3,3
UCJE8S,10000.0,10000.0,1300.0,1100.0,687.0,1300.0,10000.0,10000.0,1600.0,1300.0,737.0,1400.0,0.0,0.0,0.0,0.0,3.0,0.0,0,0,3,3,3,3
SB0EN5,486.0,904.0,601.0,1200.0,191.0,959.0,1700.0,1000.0,1100.0,1300.0,300.0,1100.0,1.0,2.0,1.0,0.0,3.0,1.0,3,3,3,3,3,3
WT8T6R,882.0,838.0,241.0,764.0,53.0,208.0,1500.0,1500.0,356.0,1100.0,108.0,1200.0,1.0,1.0,3.0,1.0,3.0,1.0,3,3,3,3,3,3
1AB8M6,10000.0,10000.0,728.0,800.0,347.0,815.0,10000.0,10000.0,1500.0,946.0,421.0,867.0,0.0,0.0,1.0,2.0,3.0,2.0,0,0,3,3,3,3
P1U49G,356.0,10000.0,378.0,361.0,281.0,373.0,356.0,10000.0,989.0,651.0,299.0,376.0,1.0,0.0,1.0,2.0,3.0,3.0,1,0,2,2,3,3
WTVG6R,1900.0,1200.0,571.0,10000.0,458.0,1500.0,1900.0,1200.0,801.0,10000.0,521.0,1500.0,0.0,0.0,2.0,0.0,3.0,0.0,1,1,3,0,3,1
3HB62Q,490.0,704.0,1200.0,420.0,333.0,308.0,713.0,717.0,1200.0,1200.0,463.0,929.0,3.0,2.0,0.0,1.0,3.0,2.0,3,3,3,3,3,3
42N7AF,252.0,487.0,159.0,367.0,258.0,387.0,510.0,501.0,302.0,405.0,295.0,607.0,3.0,3.0,3.0,3.0,3.0,3.0,3,3,3,3,3,3
RNVD7J,751.0,462.0,442.0,242.0,73.0,614.0,1225.5,531.0,777.0,472.0,333.0,1300.0,1.0,3.0,3.0,2.0,3.0,1.0,2,3,3,3,3,3
7445VA,323.0,82.0,299.0,278.0,121.0,391.0,351.0,275.0,802.0,723.0,151.0,559.0,3.0,2.0,2.0,3.0,3.0,3.0,3,3,3,3,3,3
JX2P80,763.0,1600.0,1600.0,10000.0,406.0,1400.0,763.0,1600.0,1600.0,10000.0,578.0,1400.0,1.0,0.0,0.0,0.0,3.0,0.0,1,1,1,0,3,2
G6NF12,708.0,1900.0,1800.0,10000.0,249.0,1600.0,708.0,1900.0,1800.0,10000.0,571.0,1650.0,2.0,0.0,0.0,0.0,6.0,0.0,2,2,2,0,6,4
8DSW73,10000.0,10000.0,934.0,10000.0,1500.0,10000.0,10000.0,10000.0,1167.0,10000.0,1550.0,10000.0,0.0,0.0,1.0,0.0,0.0,0.0,0,0,2,0,2,0
SBAZR5,916.0,461.0,283.0,198.0,198.0,884.0,1100.0,501.0,448.0,219.0,235.0,994.0,1.0,3.0,3.0,3.0,3.0,2.0,3,3,3,3,3,3
6YQKA8,807.0,1000.0,538.0,571.0,121.0,232.0,903.0,1100.0,859.0,653.0,216.0,1400.0,2.0,1.0,3.0,3.0,3.0,1.0,3,3,3,3,3,3
C94GGB,100.0,604.0,542.0,366.0,138.0,311.0,654.0,650.0,564.0,507.0,142.0,314.0,3.0,3.0,3.0,3.0,3.0,3.0,3,3,3,3,3,3
YWKWKD,935.0,816.0,392.0,622.0,136.0,594.0,958.0,995.0,912.0,850.0,140.0,636.0,3.0,2.0,3.0,2.0,3.0,3.0,3,3,3,3,3,3
28T19Z,620.0,1600.0,164.0,688.0,166.0,1200.0,1800.0,1700.0,880.0,864.0,308.0,1200.0,1.0,0.0,3.0,3.0,3.0,0.0,3,3,3,3,3,3
5B5GX7,286.0,278.0,56.0,610.0,74.0,256.0,314.0,445.0,755.0,688.0,107.0,293.0,3.0,3.0,3.0,3.0,3.0,3.0,3,3,3,3,3,3
5BS5B7,601.0,876.0,493.0,534.0,98.0,495.0,643.0,1000.0,565.0,719.0,212.0,686.0,3.0,2.0,3.0,2.0,3.0,3.0,3,3,3,3,3,3
UKQXCS,974.0,1400.0,453.0,1100.0,216.0,500.0,1087.0,1500.0,540.0,1200.0,236.0,867.0,1.0,0.0,3.0,0.0,3.0,2.0,2,3,3,3,3,3
4GB1CF,533.0,581.0,484.0,87.0,231.0,331.0,835.0,703.0,599.0,349.0,345.0,620.0,3.0,3.0,3.0,3.0,3.0,3.0,3,3,3,3,3,3
A4SXDY,757.0,486.0,467.0,695.0,362.0,721.0,896.0,611.0,485.0,1100.0,411.0,1100.0,2.0,2.0,3.0,1.0,3.0,1.0,3,3,3,3,3,3
17XFM6,391.0,810.0,1200.0,124.0,53.0,1200.0,1095.5,810.0,1200.0,282.0,684.0,1300.0,2.0,2.0,0.0,4.0,6.0,0.0,4,2,2,4,6,6
3DVNVQ,2000.0,653.0,473.0,1100.0,61.0,468.0,2000.0,673.0,513.0,1400.0,590.0,592.0,0.0,2.0,3.0,0.0,3.0,3.0,1,2,3,2,3,3
QH1KYU,856.0,524.0,465.0,74.0,231.0,894.0,1100.0,685.0,684.0,464.0,236.0,1100.0,1.0,3.0,3.0,3.0,3.0,1.0,3,3,3,3,3,3
5B3CG7,294.0,905.0,628.0,544.0,240.0,1000.0,1300.0,1100.0,840.0,604.0,282.0,1500.0,1.0,1.0,3.0,3.0,3.0,1.0,3,3,3,3,3,3
PVFHQG,779.0,1200.0,545.0,441.0,111.0,391.0,1200.0,1400.0,619.0,984.0,158.0,638.0,1.0,0.0,3.0,3.0,3.0,3.0,3,3,3,3,3,3
JNKCQ0,303.0,11.0,431.0,732.0,243.0,183.0,526.0,130.0,437.0,950.0,272.0,232.0,3.0,3.0,3.0,3.0,3.0,3.0,3,3,3,3,3,3
9MBBHP,429.0,1000.0,236.0,1100.0,361.0,619.0,497.0,1100.0,1200.0,1300.0,509.0,620.0,3.0,1.0,1.0,0.0,3.0,3.0,3,3,3,3,3,3
A461JY,1200.0,1400.0,816.0,1500.0,144.0,1000.0,1200.0,1400.0,1108.0,1500.0,147.0,1000.0,0.0,0.0,1.0,0.0,3.0,3.0,1,1,2,3,3,3
17GF36,285.0,216.0,640.0,283.0,318.0,584.0,554.0,753.0,1000.0,316.0,325.0,638.0,3.0,3.0,3.0,3.0,3.0,3.0,3,3,3,3,3,3
8YZHH3,698.0,1500.0,121.0,914.0,208.0,899.0,1500.0,1700.0,856.0,987.0,241.0,1000.0,1.0,0.0,2.0,3.0,3.0,2.0,3,3,3,3,3,3
26EUSZ,229.0,421.0,237.0,516.0,175.0,970.0,564.0,1200.0,467.0,932.0,381.0,1100.0,3.0,1.0,3.0,2.0,3.0,1.0,3,3,3,3,3,3
3DR3FQ,685.0,572.0,173.0,633.0,249.0,552.0,685.0,1100.0,902.0,1000.0,424.0,810.0,1.0,1.0,2.0,2.0,3.0,3.0,1,3,3,3,3,3
4GMMNF,537.0,403.0,196.0,442.0,98.0,626.0,567.0,716.0,327.0,505.0,228.0,727.0,3.0,3.0,3.0,3.0,3.0,3.0,3,3,3,3,3,3
265VAZ,455.0,542.0,487.0,732.0,274.0,474.0,1100.0,1800.0,645.0,878.0,433.0,1400.0,1.0,1.0,3.0,2.0,3.0,1.0,3,3,3,3,3,3
3DE7ZQ,607.0,825.0,557.0,1200.0,119.0,1300.0,1400.0,832.0,938.0,1250.0,315.0,1300.0,1.0,2.0,2.0,0.0,3.0,0.0,3,2,3,2,3,3
RT104J,507.0,555.0,586.0,283.0,413.0,403.0,888.0,909.0,595.0,539.0,435.0,503.0,3.0,2.0,3.0,3.0,3.0,3.0,3,3,3,3,3,3
5BW1T7,604.0,317.0,480.0,199.0,310.0,640.0,770.0,344.0,580.0,295.0,339.0,678.0,3.0,2.0,3.0,3.0,3.0,3.0,3,3,3,3,3,3
5BWXG7,328.0,161.0,67.0,199.0,161.0,178.0,851.0,167.0,138.0,332.0,469.0,230.0,3.0,3.0,3.0,3.0,3.0,3.0,3,3,3,3,3,3
4GT09F,91.0,156.0,229.0,543.0,60.0,255.0,399.0,335.0,576.0,783.0,275.0,315.0,3.0,3.0,3.0,3.0,3.0,3.0,3,3,3,3,3,3
C0G47B,516.0,904.0,806.0,787.0,319.0,1100.0,1100.0,986.0,979.0,1200.0,397.0,1200.0,1.0,2.0,3.0,1.0,3.0,0.0,3,3,3,3,3,3
PV8Z8G,1500.0,117.0,473.0,318.0,100.0,735.0,1500.0,1100.0,581.0,904.0,181.0,860.0,0.0,1.0,3.0,3.0,3.0,2.0,3,3,3,3,3,3
4GZKBF,190.0,118.0,348.0,763.0,283.0,131.0,410.0,228.0,472.0,937.0,291.0,176.0,3.0,3.0,3.0,3.0,3.0,3.0,3,3,3,3,3,3
7ECR7A,43.0,140.0,95.0,220.0,188.0,102.0,343.0,1000.0,639.0,330.0,303.0,112.0,3.0,2.0,3.0,3.0,3.0,3.0,3,3,3,3,3,3
26M2HZ,307.0,95.0,295.0,224.0,146.0,274.0,479.0,680.0,353.0,658.0,177.0,293.0,2.0,3.0,3.0,3.0,3.0,3.0,3,3,3,3,3,3
JNGYJ0,243.0,737.0,199.0,605.0,117.0,529.0,244.0,869.0,534.0,663.0,244.0,614.0,3.0,2.0,3.0,3.0,3.0,3.0,3,3,3,3,3,3
C0F36B,361.0,601.0,555.0,422.0,185.0,588.0,630.0,1200.0,663.0,885.0,391.0,797.0,3.0,1.0,3.0,3.0,3.0,2.0,3,3,3,3,3,3
7ED82A,10000.0,289.0,249.0,10000.0,700.0,574.0,10000.0,289.0,824.5,10000.0,739.0,574.0,0.0,1.0,1.0,0.0,3.0,1.0,0,1,2,0,3,1
8YQ9K3,311.0,582.0,675.0,113.0,211.0,96.0,815.0,994.0,1300.0,117.0,353.0,555.0,3.0,3.0,1.0,3.0,3.0,3.0,3,3,3,3,3,3
EPF3J4,690.0,777.0,176.0,206.0,73.0,279.0,736.0,786.0,210.0,305.0,344.0,283.0,3.0,3.0,3.0,3.0,3.0,3.0,3,3,3,3,3,3
AES27Y,10000.0,10000.0,1900.0,1700.0,219.0,10000.0,10000.0,10000.0,1900.0,1800.0,1200.0,10000.0,0.0,0.0,0.0,0.0,1.0,0.0,0,0,1,3,3,0
67MF28,10000.0,10000.0,727.0,781.0,358.0,816.0,10000.0,10000.0,1500.0,939.0,430.0,884.0,0.0,0.0,1.0,2.0,3.0,2.0,0,0,3,3,3,3
JTFGA0,780.0,596.0,514.0,470.0,275.0,899.0,945.0,630.0,687.0,921.0,347.0,921.0,2.0,2.0,3.0,3.0,3.0,2.0,3,3,3,3,3,3
21JK7Z,344.0,784.0,374.0,443.0,208.0,261.0,783.0,1100.0,513.0,642.0,387.0,354.0,2.0,1.0,3.0,3.0,3.0,3.0,3,3,3,3,3,3
KR7G1C,956.0,10000.0,1900.0,10000.0,318.0,784.0,956.0,10000.0,1950.0,10000.0,664.0,856.0,1.0,0.0,0.0,0.0,2.0,2.0,1,0,2,0,3,3
21KQ5Z,1700.0,282.0,513.0,657.0,176.0,651.0,1700.0,691.0,895.0,1200.0,689.0,690.0,0.0,1.0,3.0,1.0,3.0,3.0,1,2,3,3,3,3
AENCQY,1400.0,1600.0,542.0,310.0,185.0,906.0,1800.0,1700.0,959.0,1200.0,282.0,981.0,0.0,0.0,2.0,1.0,3.0,2.0,3,2,3,3,3,3
CJVAGB,500.0,750.0,220.0,328.0,202.0,466.0,535.0,831.0,296.0,644.0,250.0,696.0,3.0,3.0,3.0,3.0,3.0,3.0,3,3,3,3,3,3
674EU8,1900.0,10000.0,1100.0,970.0,1100.0,1100.0,1900.0,10000.0,1700.0,1435.0,1400.0,1100.0,0.0,0.0,0.0,1.0,0.0,0.0,1,0,3,2,3,2
67KME8,1200.0,519.0,68.0,682.0,172.0,246.0,1200.0,577.0,322.0,888.0,444.0,1400.0,0.0,2.0,3.0,2.0,3.0,1.0,3,3,3,3,3,3
7BRX4A,795.0,1100.0,580.0,526.0,83.0,273.0,958.0,1200.0,846.0,615.0,281.0,1400.0,2.0,0.0,3.0,3.0,3.0,1.0,3,3,3,3,3,3
RZNMNJ,10000.0,10000.0,1300.0,1100.0,638.0,1300.0,10000.0,10000.0,1500.0,1200.0,786.0,1400.0,0.0,0.0,0.0,0.0,3.0,0.0,0,0,3,3,3,3
SKKD15,1400.0,339.0,630.0,425.0,431.0,566.0,1400.0,1400.0,771.0,842.0,494.0,607.0,0.0,1.0,3.0,2.0,3.0,3.0,1,3,3,3,3,3
KWDX6C,735.0,1000.0,426.0,734.0,326.0,570.0,1800.0,1250.0,534.0,1100.0,350.0,777.0,1.0,1.0,3.0,1.0,3.0,2.0,3,2,3,3,3,3
CRHTXB,1500.0,109.0,469.0,326.0,109.0,741.0,1500.0,1100.0,590.0,913.0,173.0,860.0,0.0,1.0,3.0,3.0,3.0,2.0,3,3,3,3,3,3
49KPUF,949.0,1300.0,10000.0,1400.0,142.0,1300.0,1700.0,1800.0,10000.0,1400.0,595.0,1400.0,1.0,0.0,0.0,0.0,3.0,0.0,3,3,0,1,3,3
5KVQ47,10000.0,10000.0,808.0,10000.0,807.0,10000.0,10000.0,10000.0,808.0,10000.0,1100.0,10000.0,0.0,0.0,1.0,0.0,1.0,0.0,0,0,1,0,3,0
PX5XMG,885.0,1700.0,178.0,973.0,250.0,477.0,1000.0,1750.0,1000.0,1200.0,433.0,1100.0,2.0,0.0,3.0,1.0,3.0,1.0,3,2,3,3,3,3
65BAV8,653.0,755.0,719.0,561.0,311.0,724.0,1226.5,825.0,767.0,1000.0,414.0,842.0,1.0,3.0,2.0,2.0,3.0,2.0,2,3,3,3,3,3
SHY6G5,400.0,518.0,321.0,10.0,117.0,273.0,518.0,587.0,323.0,224.0,180.0,359.0,3.0,3.0,3.0,3.0,3.0,3.0,3,3,3,3,3,3
0ZRCX9,10000.0,10000.0,10000.0,10000.0,1300.0,10000.0,10000.0,10000.0,10000.0,10000.0,1300.0,10000.0,0.0,0.0,0.0,0.0,0.0,0.0,0,0,0,0,1,0
7KMFWA,10000.0,1900.0,10000.0,10000.0,564.0,1900.0,10000.0,1900.0,10000.0,10000.0,1100.0,1900.0,0.0,0.0,0.0,0.0,1.0,0.0,0,1,0,0,3,2
6S9038,1600.0,614.0,1700.0,10000.0,987.0,1600.0,1600.0,712.0,1700.0,10000.0,1100.0,1600.0,0.0,3.0,0.0,0.0,1.0,0.0,1,3,1,0,3,1
6S0KT8,212.0,275.0,703.0,324.0,512.0,185.0,822.0,756.0,1200.0,788.0,541.0,727.0,3.0,2.0,1.0,3.0,3.0,3.0,3,3,3,3,3,3
37PDWQ,519.0,1100.0,61.0,578.0,314.0,53.0,524.0,1200.0,842.0,1500.0,334.0,63.0,3.0,0.0,2.0,1.0,3.0,3.0,3,3,3,3,3,3
6SWAW8,99.0,536.0,483.0,431.0,103.0,276.0,695.0,635.0,494.0,481.0,209.0,314.0,3.0,3.0,3.0,3.0,3.0,3.0,3,3,3,3,3,3
85WFJ3,405.0,440.0,107.0,218.0,134.0,485.0,582.0,628.0,190.0,376.0,338.0,537.0,3.0,3.0,3.0,3.0,3.0,3.0,3,3,3,3,3,3
UYJPJS,482.0,397.0,390.0,839.0,261.0,480.0,714.0,439.0,668.0,907.0,404.0,490.0,3.0,3.0,3.0,2.0,3.0,3.0,3,3,3,3,3,3
6SEN48,234.0,264.0,275.0,451.0,192.0,100.0,595.0,352.0,667.0,701.0,208.0,182.0,3.0,3.0,3.0,3.0,3.0,3.0,3,3,3,3,3,3
1UKXP6,1300.0,315.0,359.0,653.0,191.0,861.0,1900.0,1300.0,565.0,1300.0,230.0,1100.0,0.0,1.0,3.0,1.0,3.0,1.0,3,3,3,3,3,3
85BTQ3,10000.0,555.0,466.0,1100.0,248.0,285.0,10000.0,611.5,522.0,1400.0,725.0,629.0,0.0,2.0,3.0,0.0,3.0,3.0,0,2,3,2,3,3
85B213,581.0,789.0,157.0,193.0,439.0,551.0,719.0,1100.0,786.0,1200.0,452.0,553.0,3.0,1.0,3.0,1.0,3.0,3.0,3,3,3,3,3,3
9T8FGP,1100.0,518.0,1100.0,1900.0,629.0,1100.0,1100.0,636.0,1100.0,1900.0,729.0,1500.0,0.0,3.0,0.0,0.0,3.0,0.0,1,3,1,1,3,2
2MQJMZ,60.0,832.0,534.0,740.0,406.0,501.0,396.0,905.0,864.0,1100.0,411.0,575.0,3.0,3.0,2.0,1.0,3.0,3.0,3,3,3,3,3,3
YBJQWD,326.0,411.0,384.0,605.0,108.0,389.0,469.0,423.0,574.0,620.0,181.0,392.0,3.0,3.0,3.0,3.0,3.0,3.0,3,3,3,3,3,3
6SHQN8,1800.0,1100.0,174.0,1300.0,140.0,732.0,1800.0,1200.0,803.0,1550.0,228.0,869.0,0.0,0.0,3.0,0.0,3.0,3.0,2,3,3,2,3,3
UYBQGS,203.0,241.0,275.0,555.0,128.0,665.0,270.0,353.0,942.0,715.0,171.0,690.0,3.0,2.0,3.0,3.0,3.0,3.0,3,3,3,3,3,3
EJ23Y4,1200.0,10000.0,991.0,912.0,235.0,769.0,1500.0,10000.0,1000.0,929.0,276.0,881.0,0.0,0.0,2.0,2.0,3.0,3.0,3,0,3,3,3,3
EJ2N34,894.0,375.0,1500.0,193.0,687.0,1200.0,1200.0,535.0,1800.0,872.0,752.0,1300.0,1.0,2.0,0.0,3.0,3.0,0.0,3,3,3,3,3,3
PN6Z1G,275.0,903.0,187.0,910.0,323.0,920.0,357.0,967.0,1300.0,921.0,532.0,922.0,3.0,2.0,1.0,2.0,3.0,3.0,3,3,3,3,3,3
7K46EA,284.0,541.0,555.0,291.0,31.0,527.0,312.0,776.0,641.0,329.0,156.0,559.0,3.0,3.0,3.0,3.0,3.0,3.0,3,3,3,3,3,3
85DKP3,1200.0,323.0,424.0,334.0,216.0,351.0,1200.0,687.0,1162.0,890.0,252.0,534.0,0.0,3.0,1.0,2.0,3.0,3.0,1,3,2,3,3,3
0ZXKW9,1000.0,629.0,177.0,576.0,214.0,327.0,1500.0,1400.0,373.0,1000.0,226.0,1300.0,1.0,1.0,3.0,2.0,3.0,1.0,3,3,3,3,3,3
DE4MMH,259.0,884.0,417.0,471.0,121.0,960.0,699.0,993.0,460.0,585.0,198.0,1100.0,3.0,2.0,3.0,2.0,3.0,1.0,3,3,3,3,3,3
5HKWB7,509.0,1200.0,339.0,407.0,149.0,227.0,641.0,1900.0,532.0,1200.0,332.0,542.0,3.0,0.0,3.0,1.0,3.0,2.0,3,3,3,3,3,3
0ZTNQ9,1800.0,1800.0,295.0,1400.0,168.0,409.0,1800.0,1800.0,887.0,1400.0,255.0,785.0,0.0,0.0,2.0,0.0,3.0,2.0,1,1,3,2,3,3
UYY4GS,155.0,296.0,358.0,666.0,292.0,804.0,647.0,790.0,495.0,1100.0,323.0,1000.0,3.0,3.0,3.0,1.0,3.0,3.0,3,3,3,3,3,3
9TZCNP,967.0,1300.0,41.0,871.0,185.0,559.0,1100.0,1400.0,86.0,1100.0,265.0,825.0,1.0,0.0,3.0,1.0,3.0,3.0,3,3,3,3,3,3
QA7KRU,10000.0,10000.0,10000.0,10000.0,848.0,10000.0,10000.0,10000.0,10000.0,10000.0,1400.0,10000.0,0.0,0.0,0.0,0.0,1.0,0.0,0,0,0,0,3,0
7KDFSA,1900.0,10000.0,1100.0,970.0,1100.0,1100.0,1900.0,10000.0,1700.0,1435.0,1400.0,1100.0,0.0,0.0,0.0,1.0,0.0,0.0,1,0,3,2,3,2
6S3V18,1300.0,1500.0,163.0,393.0,232.0,1100.0,1400.0,1900.0,329.0,671.0,280.0,1100.0,0.0,0.0,3.0,2.0,3.0,0.0,3,3,3,3,3,3
QASB3U,279.0,689.0,487.0,286.0,72.0,705.0,386.0,1000.0,501.0,631.0,354.0,747.0,3.0,2.0,3.0,3.0,3.0,3.0,3,3,3,3,3,3
K4KYYC,1100.0,10000.0,729.0,1100.0,510.0,443.0,1200.0,10000.0,1300.0,1300.0,594.0,783.0,0.0,0.0,1.0,0.0,3.0,3.0,3,0,3,3,3,3
RPWYBJ,919.0,890.0,323.0,1300.0,177.0,653.0,1100.0,925.0,324.0,1400.0,477.0,672.0,1.0,2.0,3.0,0.0,3.0,3.0,3,3,3,3,3,3
JP4340,1800.0,1700.0,1400.0,10000.0,941.0,10000.0,1800.0,1700.0,1400.0,10000.0,1100.0,10000.0,0.0,0.0,0.0,0.0,1.0,0.0,1,1,1,0,3,0
Q50ZXU,624.0,1000.0,240.0,1000.0,226.0,406.0,1112.0,1300.0,413.0,1000.0,280.0,996.0,1.0,1.0,3.0,2.0,3.0,3.0,2,3,3,3,3,3
5YGA27,1900.0,1800.0,379.0,1300.0,79.0,394.0,1900.0,1800.0,799.0,1350.0,259.0,698.0,0.0,0.0,2.0,0.0,3.0,2.0,1,1,3,2,3,3
5YGAP7,792.0,1200.0,1600.0,135.0,425.0,1600.0,1296.0,1200.0,1600.0,280.0,425.0,1600.0,1.0,0.0,0.0,2.0,3.0,0.0,2,1,1,3,3,2
4R65XF,701.0,1900.0,617.0,823.0,184.0,333.0,975.0,1900.0,686.0,1600.0,263.0,620.0,2.0,0.0,3.0,1.0,3.0,3.0,3,1,3,3,3,3
EWM664,692.0,475.0,429.0,851.0,167.0,757.0,796.0,1600.0,624.0,1100.0,393.0,1100.0,3.0,1.0,3.0,1.0,3.0,1.0,3,3,3,3,3,3
6QBJ78,377.0,1200.0,838.0,730.0,93.0,528.0,557.0,1400.0,846.0,956.0,175.0,726.0,3.0,0.0,3.0,3.0,3.0,3.0,3,3,3,3,3,3
GTS862,1500.0,1000.0,1100.0,10000.0,1600.0,1100.0,1500.0,1000.0,1500.0,10000.0,1600.0,1100.0,0.0,1.0,0.0,0.0,0.0,0.0,1,1,2,0,3,1
SA4C25,56.0,124.0,397.0,523.0,139.0,79.0,190.0,650.0,694.0,621.0,167.0,363.0,3.0,3.0,3.0,3.0,3.0,3.0,3,3,3,3,3,3
4R2NZF,1900.0,451.0,160.0,694.0,209.0,668.0,1900.0,1100.0,597.0,997.0,428.0,796.0,0.0,1.0,3.0,1.0,3.0,3.0,1,3,3,2,3,3
0GXDB9,1300.0,1500.0,244.0,311.0,218.0,370.0,1600.0,1500.0,481.0,764.0,239.0,466.0,0.0,0.0,2.0,3.0,3.0,3.0,2,1,3,3,3,3
5YCP47,152.0,1000.0,1100.0,173.0,370.0,315.0,1400.0,1300.0,1500.0,957.0,449.0,317.0,1.0,1.0,0.0,2.0,3.0,3.0,3,2,3,3,3,3
3S5UTQ,10000.0,1300.0,866.0,1100.0,333.0,367.0,10000.0,1300.0,1800.0,1500.0,521.0,1600.0,0.0,0.0,1.0,0.0,3.0,1.0,0,3,3,3,3,3
YY32D6,442.0,649.0,144.0,1100.0,229.0,512.0,651.0,1700.0,672.0,1100.0,562.0,1500.0,2.0,1.0,3.0,0.0,3.0,1.0,3,3,3,3,3,3
A7F2YX,1100.0,724.0,436.0,587.0,212.0,215.0,1100.0,1600.0,442.0,629.0,448.0,423.0,0.0,1.0,3.0,2.0,3.0,3.0,1,3,3,3,3,3
53SA7X,523.0,143.0,180.0,665.0,178.0,485.0,523.0,193.0,420.0,699.0,294.0,814.0,3.0,3.0,3.0,3.0,3.0,2.0,3,3,3,3,3,3
EH3J4W,853.0,545.0,538.0,344.0,122.0,323.0,888.0,788.0,786.0,746.0,200.0,341.0,3.0,2.0,2.0,3.0,3.0,3.0,3,3,3,3,3,3
DUZ3HF,1600.0,10000.0,278.0,352.0,398.0,895.0,1600.0,10000.0,278.0,673.0,498.0,1300.0,0.0,0.0,1.0,2.0,3.0,1.0,1,0,1,2,3,3
94ZEPM,384.0,455.0,428.0,663.0,111.0,425.0,829.0,724.0,646.0,834.0,357.0,426.0,3.0,2.0,3.0,2.0,3.0,3.0,3,3,3,3,3,3
UVAYS5,685.0,892.0,242.0,725.0,125.0,548.0,1000.0,1000.0,948.0,961.0,320.0,638.0,2.0,2.0,3.0,2.0,3.0,3.0,3,3,3,3,3,3
CS9ZBC,253.0,15.0,387.0,446.0,252.0,233.0,535.0,191.0,478.0,626.0,301.0,264.0,3.0,3.0,3.0,3.0,3.0,3.0,3,3,3,3,3,3
3WE2Q3,672.0,659.0,754.0,915.0,154.0,506.0,839.0,667.0,851.0,964.0,433.0,683.0,2.0,3.0,2.0,2.0,3.0,3.0,3,3,3,3,3,3
79C2A8,647.0,760.0,418.0,528.0,58.0,1200.0,675.0,765.0,471.0,885.0,197.0,1200.0,3.0,2.0,3.0,2.0,3.0,0.0,3,3,3,3,3,3
J32R0D,1100.0,1800.0,409.0,256.0,74.0,660.0,1100.0,1800.0,430.0,1400.0,74.0,844.0,0.0,0.0,3.0,1.0,3.0,3.0,3,3,3,3,3,3
70FGA8,372.0,72.0,393.0,791.0,173.0,1000.0,620.0,980.0,558.0,1100.0,374.0,1000.0,3.0,2.0,3.0,1.0,3.0,2.0,3,3,3,3,3,3
2535ZN,901.0,245.0,181.0,784.0,854.0,1100.0,1300.5,565.0,1700.0,1100.0,922.0,1400.0,1.0,3.0,1.0,1.0,3.0,0.0,2,3,3,3,3,3
6YSX8Y,868.0,1100.0,258.0,321.0,448.0,160.0,1000.0,1700.0,397.0,952.0,493.0,1200.0,2.0,0.0,3.0,2.0,3.0,1.0,3,3,3,3,3,3
3H95PQ,1600.0,968.0,446.0,1400.0,270.0,469.0,1750.0,1100.0,770.0,1700.0,320.0,604.0,0.0,1.0,3.0,0.0,3.0,3.0,2,3,3,2,3,3
DRNUXH,570.0,1300.0,293.0,501.0,88.0,645.0,828.0,1300.0,846.0,521.0,117.0,967.0,3.0,0.0,2.0,3.0,3.0,3.0,3,3,3,3,3,3
SBPG35,639.0,613.0,191.0,932.0,239.0,1400.0,1100.0,622.0,927.0,980.0,396.0,1600.0,1.0,2.0,3.0,2.0,3.0,0.0,3,3,3,3,3,3
AF204Y,407.0,442.0,629.0,560.0,235.0,359.0,532.0,562.0,706.0,763.0,331.0,375.0,3.0,3.0,3.0,3.0,3.0,3.0,3,3,3,3,3,3
AF2JEY,51.0,1300.0,1300.0,862.0,185.0,1000.0,817.0,1300.0,1600.0,1600.0,186.0,1400.0,2.0,0.0,0.0,1.0,3.0,1.0,3,3,2,3,3,3
1AEK76,1600.0,467.0,342.0,643.0,244.0,410.0,1600.0,468.5,821.0,1100.0,1200.0,462.0,0.0,2.0,1.0,1.0,1.0,3.0,1,2,2,3,3,3
K0NBQC,1200.0,1100.0,1100.0,54.0,497.0,1200.0,1450.0,1100.0,1400.0,58.0,580.0,1200.0,0.0,0.0,0.0,3.0,3.0,0.0,2,1,2,3,3,1
749T7A,259.0,1900.0,295.0,1000.0,88.0,368.0,292.0,1900.0,733.0,1500.0,91.0,411.0,3.0,0.0,2.0,1.0,3.0,3.0,3,2,3,3,3,3
WT6GVR,125.0,1200.0,411.0,778.0,129.0,276.0,506.0,1250.0,729.0,1300.0,358.0,343.0,3.0,0.0,2.0,1.0,3.0,3.0,3,2,3,3,3,3
UCWVRS,1700.0,1200.0,611.0,1000.0,234.0,389.0,1750.0,1600.0,889.0,1400.0,257.0,727.0,0.0,0.0,3.0,1.0,3.0,3.0,2,3,3,3,3,3
74JR8A,1200.0,703.0,560.0,702.0,155.0,1100.0,1500.0,722.0,1200.0,1200.0,250.0,1250.0,0.0,3.0,1.0,1.0,3.0,0.0,2,3,3,3,3,2
EGN9M4,369.0,10000.0,379.0,803.0,461.0,180.0,490.0,10000.0,747.0,851.5,541.0,202.0,3.0,0.0,3.0,2.0,3.0,3.0,3,0,3,2,3,3
9V3NSP,1600.0,1100.0,492.0,1400.0,358.0,299.0,1750.0,1400.0,1200.0,1800.0,537.0,540.0,0.0,0.0,1.0,0.0,3.0,3.0,2,3,3,3,3,3
5EWUV7,306.0,1200.0,992.0,886.0,112.0,786.0,516.0,1300.0,1800.0,1300.0,141.0,1100.0,2.0,0.0,1.0,1.0,3.0,1.0,3,3,3,3,3,3
JX19Z0,1400.0,1600.0,1000.0,1700.0,424.0,1800.0,1400.0,1900.0,1150.0,1700.0,756.0,1800.0,0.0,0.0,1.0,0.0,3.0,0.0,1,3,2,1,3,3
6YH6X8,1300.0,1200.0,1200.0,107.0,490.0,1200.0,1450.0,1550.0,1400.0,165.0,640.0,1200.0,0.0,0.0,0.0,3.0,3.0,0.0,2,2,2,3,3,1
P16FTG,1000.0,1100.0,1300.0,1900.0,285.0,825.0,1000.0,1400.0,1350.0,1900.0,652.0,1000.0,1.0,0.0,0.0,0.0,3.0,2.0,1,3,2,1,3,3
C99K5B,231.0,484.0,343.0,97.0,112.0,281.0,504.0,494.0,897.0,481.0,157.0,705.0,3.0,3.0,3.0,3.0,3.0,3.0,3,3,3,3,3,3
K00X2C,431.0,1300.0,355.0,569.0,174.0,657.0,936.0,1450.0,889.0,1500.0,247.0,781.0,3.0,0.0,3.0,1.0,3.0,3.0,3,2,3,3,3,3
9VM4VP,926.0,1900.0,606.0,251.0,221.0,1100.0,926.0,1900.0,644.0,735.0,247.0,1300.0,1.0,0.0,3.0,2.0,3.0,0.0,1,3,3,3,3,3
EGP2S4,10000.0,10000.0,10000.0,10000.0,263.0,10000.0,10000.0,10000.0,10000.0,10000.0,338.0,10000.0,0.0,0.0,0.0,0.0,2.0,0.0,0,0,0,0,3,0
3HA6TQ,651.0,1100.0,477.0,847.0,143.0,242.0,1225.5,1400.0,485.0,1100.0,222.0,447.0,1.0,0.0,3.0,1.0,3.0,3.0,2,3,3,3,3,3
G6MUF2,500.0,548.0,220.0,289.0,118.0,1000.0,941.0,552.0,498.0,325.0,153.0,1000.0,3.0,3.0,3.0,3.0,3.0,2.0,3,3,3,3,3,3
DR44JH,10000.0,567.0,1500.0,1600.0,1000.0,672.0,10000.0,1200.0,1500.0,1600.0,1300.0,1100.0,0.0,1.0,0.0,0.0,1.0,1.0,0,3,1,1,3,3
P1T0UG,1000.0,1400.0,477.0,669.0,304.0,317.0,1200.0,1400.0,1200.0,833.0,319.0,1100.0,1.0,0.0,1.0,2.0,3.0,1.0,3,2,3,3,3,3
8DSFU3,747.0,543.0,541.0,1000.0,318.0,323.0,875.0,734.0,1100.0,1200.0,344.0,709.0,2.0,3.0,1.0,1.0,3.0,3.0,3,3,3,3,3,3
AFKFTY,1600.0,749.0,1700.0,2000.0,786.0,1600.0,1600.0,868.0,1700.0,2000.0,901.0,1600.0,0.0,3.0,0.0,0.0,2.0,0.0,1,3,1,1,3,1
74DSQA,667.0,347.0,80.0,288.0,189.0,291.0,749.0,406.0,520.0,538.0,268.0,437.0,3.0,3.0,3.0,3.0,3.0,3.0,3,3,3,3,3,3
1A3MS6,658.0,442.0,159.0,214.0,180.0,235.0,706.0,482.0,601.0,476.0,237.0,496.0,3.0,3.0,3.0,3.0,3.0,3.0,3,3,3,3,3,3
YWKZJD,564.0,1300.0,702.0,263.0,237.0,281.0,887.0,1300.0,812.0,815.0,252.0,1400.0,2.0,0.0,3.0,2.0,3.0,1.0,3,3,3,3,3,3
EGW1F4,541.0,911.0,379.0,195.0,114.0,903.0,654.0,1100.0,641.0,727.0,384.0,927.0,3.0,1.0,3.0,3.0,3.0,2.0,3,3,3,3,3,3
5EY0G7,542.0,538.0,548.0,352.0,407.0,424.0,889.0,968.0,622.0,609.0,472.0,435.0,3.0,2.0,3.0,3.0,3.0,3.0,3,3,3,3,3,3
P121FG,192.0,775.0,309.0,483.0,113.0,415.0,614.0,888.0,893.0,485.0,317.0,844.0,3.0,3.0,2.0,3.0,3.0,3.0,3,3,3,3,3,3
K0B0GC,416.0,507.0,689.0,179.0,284.0,417.0,659.0,544.0,1300.0,549.0,628.0,512.0,3.0,2.0,1.0,3.0,3.0,3.0,3,3,3,3,3,3
C0HM8B,1900.0,1000.0,1600.0,1400.0,1100.0,1200.0,1900.0,1800.0,1800.0,1400.0,1100.0,1200.0,0.0,1.0,0.0,0.0,0.0,0.0,1,3,3,1,3,3
WZEWYR,404.0,101.0,328.0,890.0,69.0,934.0,718.0,970.0,662.0,1000.0,391.0,1100.0,3.0,3.0,3.0,2.0,3.0,1.0,3,3,3,3,3,3
A4SMCY,485.0,1000.0,527.0,653.0,295.0,789.0,1500.0,1200.0,765.0,768.0,298.0,1400.0,1.0,1.0,3.0,3.0,3.0,1.0,3,3,3,3,3,3
JNF720,1600.0,71.0,364.0,421.0,429.0,516.0,1600.0,635.5,1000.0,995.0,598.0,836.0,0.0,1.0,3.0,2.0,3.0,3.0,1,2,3,3,3,3
KJYMUC,952.0,1300.0,889.0,1200.0,301.0,1400.0,952.0,1300.0,1344.5,1300.0,301.0,1400.0,1.0,0.0,1.0,0.0,3.0,0.0,1,1,2,3,3,3
G107N2,1200.0,10000.0,10000.0,10000.0,311.0,10000.0,1200.0,10000.0,10000.0,10000.0,311.0,10000.0,0.0,0.0,0.0,0.0,1.0,0.0,1,0,0,0,1,0
5BQYF7,1900.0,530.0,263.0,690.0,82.0,637.0,1900.0,1200.0,509.0,1300.0,515.0,921.0,0.0,1.0,3.0,1.0,3.0,2.0,1,3,3,3,3,3
UK6C6S,956.0,1500.0,150.0,714.0,148.0,657.0,1100.0,1500.0,214.0,1200.0,277.0,798.0,1.0,0.0,3.0,1.0,3.0,3.0,3,3,3,3,3,3
17N8E6,1300.0,828.0,568.0,1700.0,200.0,348.0,1500.0,1600.0,1300.0,1700.0,389.0,354.0,0.0,1.0,1.0,0.0,3.0,3.0,2,3,3,3,3,3
JNEJ70,863.0,487.0,405.0,727.0,565.0,1000.0,1181.5,488.0,1400.0,1300.0,619.0,1300.0,1.0,3.0,1.0,1.0,3.0,1.0,2,3,3,3,3,2
17TVC6,10000.0,10000.0,927.0,10000.0,697.0,10000.0,10000.0,10000.0,927.0,10000.0,991.0,10000.0,0.0,0.0,1.0,0.0,2.0,0.0,0,0,1,0,3,0
QHVVXU,10000.0,10000.0,10000.0,1600.0,1500.0,627.0,10000.0,10000.0,10000.0,1700.0,1600.0,1063.5,0.0,0.0,0.0,0.0,0.0,1.0,0,0,0,3,3,2
UK1GMS,1800.0,470.0,326.0,1300.0,221.0,361.0,1800.0,503.0,704.0,1600.0,761.0,875.0,0.0,3.0,3.0,0.0,3.0,3.0,1,3,3,2,3,3
0XEK39,945.0,400.0,409.0,287.0,130.0,655.0,1600.0,438.0,862.0,570.0,188.0,1400.0,1.0,3.0,2.0,2.0,3.0,1.0,3,3,3,3,3,3
SC1ZX5,365.0,884.0,322.0,435.0,179.0,318.0,1100.0,1392.0,878.0,581.0,407.0,598.0,1.0,1.0,2.0,2.0,3.0,3.0,3,2,3,3,3,3
8YN9W3,345.0,193.0,283.0,540.0,112.0,184.0,413.0,233.0,427.0,594.0,215.0,261.0,3.0,3.0,3.0,3.0,3.0,3.0,3,3,3,3,3,3
6ATRP8,1200.0,1700.0,559.0,426.0,452.0,542.0,1200.0,1700.0,579.0,729.0,534.0,1000.0,0.0,0.0,3.0,2.0,3.0,3.0,3,1,3,3,3,3
UKM8YS,181.0,700.0,116.0,530.0,83.0,526.0,192.0,792.0,655.0,568.0,189.0,562.0,3.0,3.0,3.0,3.0,3.0,3.0,3,3,3,3,3,3
C0SDJB,487.0,1200.0,658.0,1200.0,294.0,929.0,1800.0,1200.0,792.0,1600.0,305.0,955.0,1.0,0.0,2.0,0.0,3.0,2.0,3,2,3,3,3,3
KJUSFC,10000.0,1200.0,269.0,929.0,280.0,98.0,10000.0,1250.0,827.0,1100.0,375.0,537.0,0.0,0.0,2.0,1.0,3.0,3.0,0,2,3,3,3,3
3DTT8Q,1800.0,557.0,608.0,842.0,153.0,626.0,1800.0,878.5,804.0,1200.0,424.0,681.0,0.0,1.0,3.0,1.0,3.0,3.0,1,2,3,3,3,3
PVEEYG,846.0,1200.0,741.0,1100.0,273.0,1400.0,846.0,1200.0,1270.5,1400.0,329.0,1400.0,1.0,0.0,1.0,0.0,3.0,0.0,1,1,2,3,3,3
SCMX85,10000.0,660.0,368.0,870.0,192.0,819.0,10000.0,1100.0,402.0,1185.0,396.0,872.0,0.0,1.0,3.0,1.0,3.0,3.0,0,3,3,2,3,3
G14EA2,1100.0,1300.0,661.0,1400.0,121.0,1100.0,1100.0,1300.0,1080.5,1600.0,222.0,1100.0,0.0,0.0,1.0,0.0,3.0,0.0,1,1,2,3,3,3
UKNAWS,305.0,684.0,542.0,638.0,237.0,526.0,912.0,1292.0,1100.0,805.0,532.0,726.0,2.0,1.0,1.0,2.0,3.0,3.0,3,2,3,3,3,3
3DZSFQ,195.0,1700.0,1600.0,1900.0,20.0,1200.0,195.0,1800.0,1800.0,1950.0,606.0,1400.0,1.0,0.0,0.0,0.0,3.0,0.0,1,2,2,2,3,3
SCX7H5,1400.0,1900.0,778.0,1300.0,206.0,749.0,1600.0,1900.0,1300.0,1300.0,251.0,1224.5,0.0,0.0,1.0,0.0,3.0,1.0,3,1,3,1,3,2
264TTZ,10000.0,10000.0,1900.0,1700.0,138.0,10000.0,10000.0,10000.0,1900.0,1700.0,237.0,10000.0,0.0,0.0,0.0,0.0,3.0,0.0,0,0,1,1,3,0
3D23EQ,10000.0,10000.0,1900.0,10000.0,1200.0,2000.0,10000.0,10000.0,1900.0,10000.0,1400.0,2000.0,0.0,0.0,0.0,0.0,0.0,0.0,0,0,1,0,3,1
7EM7HA,106.0,607.0,607.0,727.0,157.0,582.0,887.0,1153.5,1000.0,774.0,348.0,611.0,2.0,1.0,2.0,2.0,3.0,3.0,3,2,3,3,3,3
4G55NF,1300.0,1300.0,584.0,1700.0,179.0,971.0,1300.0,1300.0,1400.0,1700.0,195.0,997.0,0.0,0.0,1.0,0.0,3.0,3.0,1,1,3,3,3,3
WZAU3R,283.0,1100.0,337.0,165.0,42.0,602.0,895.0,1500.0,766.0,1200.0,182.0,1200.0,2.0,0.0,3.0,1.0,3.0,1.0,3,3,3,3,3,3
8YPHB3,1900.0,1200.0,421.0,918.0,560.0,241.0,1900.0,1400.0,1000.0,1300.0,595.0,586.0,0.0,0.0,2.0,1.0,3.0,3.0,1,2,3,3,3,3
8Y9F03,360.0,1400.0,377.0,158.0,232.0,344.0,536.0,1500.0,818.0,1400.0,316.0,551.0,3.0,0.0,3.0,1.0,3.0,3.0,3,2,3,3,3,3
KJV6WC,440.0,445.0,82.0,609.0,72.0,112.0,545.0,773.0,178.0,776.0,211.0,180.0,3.0,3.0,3.0,3.0,3.0,3.0,3,3,3,3,3,3
17WRD6,828.0,1400.0,544.0,853.0,231.0,673.0,871.0,1550.0,663.0,1200.0,263.0,674.0,3.0,0.0,3.0,1.0,3.0,3.0,3,2,3,3,3,3
3DJ8EQ,986.0,1700.0,309.0,587.0,217.0,310.0,1100.0,1700.0,1200.0,1400.0,633.0,347.0,1.0,0.0,1.0,1.0,3.0,3.0,3,1,3,3,3,3
8YR153,1900.0,1600.0,306.0,313.0,506.0,385.0,1900.0,1700.0,1000.0,471.0,546.0,963.0,0.0,0.0,2.0,3.0,3.0,2.0,1,2,3,3,3,3
DWN7VH,484.0,965.0,1000.0,487.0,473.0,1500.0,484.0,965.0,1000.0,752.0,521.0,1500.0,1.0,1.0,1.0,2.0,3.0,0.0,1,1,1,3,3,3
UKWZCS,223.0,783.0,340.0,721.0,255.0,606.0,313.0,1300.0,568.0,1300.0,273.0,1300.0,3.0,1.0,3.0,1.0,3.0,1.0,3,3,3,3,3,3
0X3YK9,749.0,439.0,461.0,921.0,391.0,799.0,943.0,1219.5,477.0,1400.0,579.0,1400.0,3.0,1.0,3.0,1.0,3.0,1.0,3,2,3,3,3,3
7E0NBA,946.0,1100.0,1000.0,1600.0,131.0,1200.0,1373.0,1100.0,1100.0,1700.0,158.0,1200.0,1.0,0.0,1.0,0.0,3.0,0.0,2,2,3,3,3,3
0X3SA9,1800.0,10000.0,992.0,683.0,569.0,853.0,1800.0,10000.0,1396.0,1700.0,696.0,1100.0,0.0,0.0,1.0,1.0,3.0,1.0,1,0,2,3,3,3
QHFWMU,821.0,1100.0,508.0,787.0,322.0,543.0,1800.0,1300.0,514.0,1000.0,411.0,715.0,1.0,0.0,3.0,2.0,3.0,2.0,3,2,3,3,3,3
4GMVXF,387.0,1100.0,495.0,537.0,50.0,465.0,612.0,1100.0,599.0,1200.0,118.0,728.0,3.0,0.0,3.0,1.0,3.0,3.0,3,3,3,3,3,3
8YECG3,225.0,535.0,922.0,170.0,51.0,302.0,914.0,892.0,1200.0,330.0,144.0,556.0,3.0,3.0,1.0,3.0,3.0,3.0,3,3,3,3,3,3
6ABS98,1600.0,10000.0,1100.0,791.0,430.0,991.0,1800.0,10000.0,1300.0,1000.0,507.0,1000.0,0.0,0.0,0.0,2.0,3.0,3.0,3,0,3,3,3,3
9M374P,10000.0,611.0,1700.0,293.0,315.0,10000.0,10000.0,634.5,1700.0,293.0,489.0,10000.0,0.0,2.0,0.0,1.0,3.0,0.0,0,2,1,1,3,0
PVQN8G,10000.0,10000.0,1200.0,858.0,527.0,1100.0,10000.0,10000.0,1400.0,1500.0,846.0,1300.0,0.0,0.0,0.0,1.0,3.0,0.0,0,0,2,3,3,3
C0ZF5B,703.0,687.0,343.0,577.0,269.0,505.0,1000.0,1600.0,416.0,1100.0,368.0,1400.0,3.0,1.0,3.0,1.0,3.0,1.0,3,3,3,3,3,3
SCWYZ5,131.0,578.0,367.0,345.0,54.0,336.0,293.0,776.0,456.0,596.0,317.0,619.0,3.0,3.0,3.0,3.0,3.0,3.0,3,3,3,3,3,3
A4JUSY,812.0,1300.0,456.0,836.0,91.0,492.0,1300.0,1300.0,538.0,1000.0,118.0,1100.0,1.0,0.0,3.0,2.0,3.0,1.0,3,3,3,3,3,3
7ERMWA,10000.0,10000.0,1200.0,1200.0,1100.0,1200.0,10000.0,10000.0,1500.0,1450.0,1300.0,1200.0,0.0,0.0,0.0,0.0,0.0,0.0,0,0,2,2,3,2
7ERGKA,304.0,311.0,287.0,510.0,125.0,254.0,514.0,357.0,331.0,548.0,235.0,281.0,3.0,3.0,3.0,3.0,3.0,3.0,3,3,3,3,3,3
6AH398,860.0,762.0,691.0,1000.0,309.0,1100.0,1400.0,835.0,890.0,1100.0,392.0,1400.0,1.0,2.0,2.0,1.0,3.0,0.0,3,3,3,3,3,3
UKBXJS,402.0,743.0,364.0,456.0,205.0,275.0,841.0,1100.0,516.0,672.0,362.0,331.0,2.0,1.0,3.0,3.0,3.0,3.0,3,3,3,3,3,3
SCEME5,515.0,611.0,448.0,430.0,311.0,393.0,942.0,1100.0,615.0,676.0,419.0,395.0,3.0,1.0,3.0,3.0,3.0,3.0,3,3,3,3,3,3
0XVY49,105.0,1600.0,417.0,319.0,32.0,543.0,692.0,1700.0,602.0,1500.0,70.0,760.0,3.0,0.0,3.0,1.0,3.0,3.0,3,2,3,3,3,3
6AD0Y8,980.0,1600.0,544.0,1100.0,510.0,674.0,1100.0,1700.0,623.0,1400.0,646.0,891.0,1.0,0.0,2.0,0.0,3.0,3.0,3,2,3,3,3,3
6AD4K8,804.0,620.0,215.0,448.0,170.0,480.0,835.0,760.0,745.0,1000.0,183.0,594.0,3.0,2.0,2.0,2.0,3.0,3.0,3,3,3,3,3,3
6A5E78,1300.0,286.0,427.0,221.0,102.0,583.0,1500.0,992.0,549.0,722.0,129.0,924.0,0.0,3.0,3.0,3.0,3.0,2.0,3,3,3,3,3,3
6A53T8,1000.0,1200.0,964.0,677.0,244.0,557.0,1500.0,1900.0,1000.0,1200.0,278.0,581.0,1.0,0.0,2.0,1.0,3.0,3.0,3,3,3,3,3,3
0XZKG9,790.0,492.0,494.0,291.0,158.0,332.0,873.0,726.0,724.0,765.0,163.0,348.0,3.0,2.0,2.0,3.0,3.0,3.0,3,3,3,3,3,3
5BDPG7,1800.0,308.0,491.0,718.0,187.0,583.0,1800.0,654.0,904.0,1200.0,742.0,602.0,0.0,2.0,3.0,1.0,3.0,3.0,1,2,3,3,3,3
C0FP0B,10000.0,10000.0,856.0,965.0,871.0,1600.0,10000.0,10000.0,856.0,1032.5,1100.0,1600.0,0.0,0.0,1.0,1.0,1.0,0.0,0,0,1,2,3,1
5BAZV7,483.0,1500.0,156.0,1200.0,268.0,861.0,1600.0,1600.0,156.0,1200.0,762.0,1400.0,1.0,0.0,1.0,0.0,3.0,1.0,3,3,1,3,3,3
6A3JG8,777.0,665.0,488.0,556.0,78.0,402.0,904.0,711.0,509.0,609.0,109.0,1200.0,3.0,2.0,3.0,3.0,3.0,1.0,3,3,3,3,3,3
RZW7EJ,494.0,744.0,119.0,358.0,283.0,454.0,496.0,991.0,284.0,622.0,387.0,458.0,3.0,3.0,3.0,3.0,3.0,3.0,3,3,3,3,3,3
671BJ8,1200.0,1300.0,139.0,408.0,183.0,1100.0,1400.0,1800.0,310.0,900.0,218.0,1100.0,0.0,0.0,3.0,2.0,3.0,0.0,3,3,3,3,3,3
UHQF6S,795.0,619.0,199.0,538.0,674.0,731.0,931.0,988.0,389.0,900.0,676.0,850.0,2.0,3.0,3.0,3.0,3.0,3.0,3,3,3,3,3,3
7B5HHA,10000.0,10000.0,686.0,10000.0,179.0,10000.0,10000.0,10000.0,731.0,10000.0,320.0,10000.0,0.0,0.0,2.0,0.0,3.0,0.0,0,0,3,0,3,0
Y4729D,546.0,728.0,464.0,409.0,100.0,1100.0,554.0,735.0,569.0,998.0,125.0,1300.0,3.0,2.0,3.0,2.0,3.0,0.0,3,3,3,3,3,3
5CUE07,323.0,2000.0,212.0,1200.0,69.0,276.0,447.0,2000.0,757.0,1300.0,140.0,322.0,3.0,0.0,2.0,0.0,3.0,3.0,3,1,3,3,3,3
SKV9P5,1500.0,859.0,964.0,666.0,744.0,690.0,1750.0,886.0,1182.0,829.0,760.0,736.0,0.0,3.0,1.0,2.0,2.0,2.0,2,3,2,3,3,3
UHT6DS,10000.0,1500.0,955.0,1500.0,391.0,860.0,10000.0,1500.0,973.0,1500.0,423.0,865.0,0.0,0.0,2.0,0.0,3.0,3.0,0,1,3,1,3,3
PMHJFG,1000.0,283.0,1100.0,876.0,180.0,494.0,1500.0,289.0,1350.0,1300.0,570.0,1200.0,1.0,3.0,0.0,1.0,3.0,1.0,2,3,2,3,3,3
AEX2BY,1600.0,393.0,429.0,605.0,630.0,913.0,1700.0,888.0,881.0,739.0,660.0,1000.0,0.0,3.0,3.0,2.0,3.0,2.0,2,3,3,3,3,3
5CGTE7,316.0,551.0,499.0,327.0,91.0,410.0,434.0,591.0,719.0,348.0,215.0,495.0,3.0,3.0,3.0,3.0,3.0,3.0,3,3,3,3,3,3
CJX97B,308.0,286.0,272.0,890.0,375.0,231.0,1154.0,1200.0,272.0,899.0,400.0,1015.5,1.0,1.0,1.0,3.0,3.0,1.0,2,3,1,3,3,2
5CRGF7,628.0,1900.0,216.0,1200.0,383.0,160.0,654.0,1950.0,963.0,1300.0,409.0,240.0,3.0,0.0,3.0,0.0,3.0,3.0,3,2,3,3,3,3
E92SB4,10000.0,10000.0,1500.0,765.0,613.0,10000.0,10000.0,10000.0,1500.0,765.0,669.0,10000.0,0.0,0.0,0.0,1.0,2.0,0.0,0,0,1,1,3,0
QDCW0U,1200.0,1500.0,1500.0,10000.0,591.0,1400.0,1550.0,1500.0,1500.0,10000.0,961.0,1500.0,0.0,0.0,0.0,0.0,2.0,0.0,2,1,1,0,3,3
PM1WTG,1700.0,397.0,1600.0,10000.0,184.0,1900.0,1700.0,1048.5,1600.0,10000.0,247.0,1900.0,0.0,1.0,0.0,0.0,3.0,0.0,1,2,2,0,3,2
UHCGMS,10000.0,1200.0,534.0,10000.0,667.0,1500.0,10000.0,1200.0,775.0,10000.0,712.0,1500.0,0.0,0.0,2.0,0.0,3.0,0.0,0,1,3,0,3,1
AEFW0Y,295.0,897.0,631.0,684.0,185.0,393.0,295.0,1000.0,1600.0,1000.0,190.0,393.0,1.0,2.0,1.0,2.0,3.0,1.0,1,3,3,3,3,1
SKCC85,711.0,1100.0,1700.0,1100.0,878.0,1100.0,955.5,1100.0,1800.0,1100.0,957.0,1100.0,1.0,0.0,0.0,0.0,3.0,0.0,2,1,3,2,3,3
3YYJEQ,10000.0,1700.0,10000.0,10000.0,1200.0,10000.0,10000.0,1700.0,10000.0,10000.0,1900.0,10000.0,0.0,0.0,0.0,0.0,0.0,0.0,0,1,0,0,3,0
QDA4GU,248.0,1000.0,485.0,460.0,106.0,668.0,268.0,1200.0,790.0,496.0,148.0,1000.0,3.0,1.0,3.0,3.0,3.0,2.0,3,3,3,3,3,3
SHS2J5,551.0,554.0,469.0,113.0,241.0,310.0,817.0,712.0,619.0,374.0,369.0,627.0,3.0,3.0,3.0,3.0,3.0,3.0,3,3,3,3,3,3
YEYN9D,1100.0,1300.0,159.0,779.0,144.0,543.0,1200.0,1400.0,801.0,845.0,510.0,747.0,0.0,0.0,2.0,3.0,3.0,3.0,2,2,3,3,3,3
D4DN3H,509.0,431.0,224.0,453.0,124.0,625.0,548.0,692.0,355.0,535.0,234.0,703.0,3.0,3.0,3.0,3.0,3.0,3.0,3,3,3,3,3,3
R2WFGJ,53.0,1100.0,697.0,280.0,225.0,700.0,609.0,1200.0,701.0,1400.0,672.0,735.0,2.0,0.0,3.0,1.0,3.0,2.0,3,3,3,3,3,3
7CSDUA,1700.0,876.0,1100.0,1200.0,800.0,10000.0,1700.0,876.0,1350.0,1250.0,1100.0,10000.0,0.0,1.0,0.0,0.0,1.0,0.0,1,1,2,2,3,0
5KQ1S7,10000.0,10000.0,1200.0,10000.0,251.0,10000.0,10000.0,10000.0,1200.0,10000.0,1300.0,10000.0,0.0,0.0,0.0,0.0,1.0,0.0,0,0,1,0,3,0
SHM3Q5,767.0,567.0,421.0,863.0,210.0,269.0,899.0,767.0,424.0,986.0,264.0,1400.0,2.0,3.0,3.0,2.0,3.0,1.0,3,3,3,3,3,3
3ATSBQ,332.0,333.0,301.0,472.0,158.0,119.0,740.0,443.0,499.0,985.0,176.0,566.0,3.0,2.0,3.0,2.0,3.0,3.0,3,3,3,3,3,3
65GY98,510.0,1200.0,306.0,565.0,99.0,692.0,993.0,1350.0,834.0,1400.0,202.0,693.0,3.0,0.0,3.0,1.0,3.0,3.0,3,2,3,3,3,3
UDTG6S,1500.0,10000.0,608.0,838.0,449.0,304.0,1500.0,10000.0,1800.0,1400.0,631.0,313.0,0.0,0.0,1.0,1.0,3.0,3.0,1,0,3,3,3,3
WGSA7R,10000.0,10000.0,1600.0,10000.0,1100.0,10000.0,10000.0,10000.0,1600.0,10000.0,1300.0,10000.0,0.0,0.0,0.0,0.0,0.0,0.0,0,0,1,0,3,0
654H18,10000.0,10000.0,10000.0,10000.0,300.0,10000.0,10000.0,10000.0,10000.0,10000.0,303.0,10000.0,0.0,0.0,0.0,0.0,2.0,0.0,0,0,0,0,3,0
E0XN14,10000.0,1500.0,1600.0,1800.0,417.0,10000.0,10000.0,1500.0,1750.0,1800.0,1400.0,10000.0,0.0,0.0,0.0,0.0,2.0,0.0,0,2,4,2,6,0
65C1E8,579.0,10000.0,872.0,1000.0,504.0,733.0,1139.5,10000.0,1100.0,1400.0,519.0,755.0,1.0,0.0,1.0,1.0,3.0,3.0,2,0,3,3,3,3
7CRHGA,10000.0,10000.0,1900.0,10000.0,879.0,1100.0,10000.0,10000.0,1900.0,10000.0,1139.5,1450.0,0.0,0.0,0.0,0.0,1.0,0.0,0,0,1,0,2,2
PX8CRG,10000.0,10000.0,1600.0,10000.0,1100.0,10000.0,10000.0,10000.0,1600.0,10000.0,1300.0,10000.0,0.0,0.0,0.0,0.0,0.0,0.0,0,0,1,0,3,0
3AK3ZQ,820.0,554.0,911.0,689.0,122.0,791.0,890.0,564.0,1300.0,845.0,137.0,1100.0,3.0,2.0,1.0,2.0,3.0,1.0,3,3,3,3,3,3
SHE1F5,1400.0,462.0,508.0,10000.0,904.0,522.0,1400.0,532.0,1300.0,10000.0,966.0,1000.0,0.0,2.0,1.0,0.0,3.0,2.0,1,3,3,0,3,3
0T2D09,1300.0,1600.0,1100.0,1600.0,348.0,1800.0,1300.0,1800.0,1200.0,1800.0,793.0,1800.0,0.0,0.0,0.0,0.0,3.0,0.0,1,3,2,2,3,3
D4KACH,10000.0,10000.0,377.0,10000.0,449.0,10000.0,10000.0,10000.0,377.0,10000.0,537.0,10000.0,0.0,0.0,2.0,0.0,4.0,0.0,0,0,2,0,6,0
37XN8Q,1900.0,10000.0,1700.0,900.0,829.0,1900.0,1900.0,10000.0,1700.0,1600.0,984.0,1900.0,0.0,0.0,0.0,1.0,2.0,0.0,1,0,1,3,3,1
DEUP3H,154.0,428.0,1000.0,1200.0,128.0,1200.0,336.0,429.0,1100.0,1500.0,228.0,1900.0,2.0,3.0,1.0,0.0,3.0,0.0,3,3,3,2,3,3
37NT8Q,692.0,571.0,179.0,860.0,239.0,1400.0,1000.0,578.0,878.0,982.0,363.0,1600.0,2.0,2.0,2.0,2.0,3.0,0.0,3,3,3,3,3,3
DEQT7H,78.0,516.0,550.0,742.0,72.0,724.0,164.0,560.0,813.0,752.0,371.0,777.0,3.0,3.0,3.0,3.0,3.0,3.0,3,3,3,3,3,3
0ZCJY9,583.0,937.0,906.0,1100.0,370.0,738.0,1041.5,1200.0,906.0,1200.0,394.0,969.0,1.0,1.0,1.0,0.0,3.0,1.0,2,3,1,3,3,2
1UGR86,1200.0,1900.0,904.0,1200.0,168.0,1100.0,1200.0,1900.0,1100.0,1300.0,266.0,1200.0,0.0,0.0,1.0,0.0,3.0,0.0,1,1,3,2,3,3
DE6JQH,10000.0,10000.0,981.0,10000.0,90.0,10000.0,10000.0,10000.0,981.0,10000.0,253.0,10000.0,0.0,0.0,1.0,0.0,2.0,0.0,0,0,1,0,3,0
0ZY0B9,10000.0,10000.0,1200.0,1900.0,298.0,10000.0,10000.0,10000.0,1200.0,1900.0,1300.0,10000.0,0.0,0.0,0.0,0.0,1.0,0.0,0,0,1,1,3,0
PNHBYG,1600.0,879.0,1300.0,10000.0,469.0,1700.0,1600.0,879.0,1350.0,10000.0,473.0,1700.0,0.0,1.0,0.0,0.0,3.0,0.0,1,1,2,0,3,2
WP5VNR,609.0,1900.0,327.0,844.0,401.0,290.0,727.0,1900.0,635.0,1100.0,693.0,495.0,3.0,0.0,2.0,1.0,3.0,3.0,3,1,3,3,3,3
PNHNPG,598.0,672.0,263.0,309.0,309.0,435.0,745.0,961.0,663.0,1100.0,493.0,437.0,3.0,2.0,3.0,1.0,3.0,3.0,3,3,3,3,3,3
YBX5KD,1300.0,1000.0,1100.0,324.0,598.0,1200.0,1300.0,1000.0,1450.0,349.0,640.0,1550.0,0.0,1.0,0.0,3.0,3.0,0.0,1,1,2,3,3,2
1UR9Y6,998.0,1100.0,498.0,1400.0,276.0,1200.0,998.0,1100.0,1600.0,1700.0,360.0,1200.0,1.0,0.0,1.0,0.0,3.0,0.0,1,1,3,3,3,3
WPS6VR,184.0,2000.0,274.0,1000.0,98.0,339.0,310.0,2000.0,849.0,1500.0,117.0,397.0,3.0,0.0,2.0,1.0,3.0,3.0,3,1,3,3,3,3
EJ6CK4,10000.0,10000.0,10000.0,10000.0,246.0,10000.0,10000.0,10000.0,10000.0,10000.0,723.0,10000.0,0.0,0.0,0.0,0.0,1.0,0.0,0,0,0,0,2,0
YBZWTD,509.0,157.0,486.0,369.0,151.0,292.0,1500.0,603.0,561.0,642.0,180.0,595.0,1.0,3.0,3.0,3.0,3.0,2.0,3,3,3,3,3,3
6S42U8,89.0,689.0,788.0,184.0,249.0,706.0,525.0,706.0,920.0,1300.0,278.0,941.0,3.0,2.0,3.0,1.0,3.0,2.0,3,3,3,3,3,3
6SE9D8,10000.0,10000.0,756.0,1700.0,563.0,1800.0,10000.0,10000.0,756.0,1700.0,825.0,1800.0,0.0,0.0,1.0,0.0,2.0,0.0,0,0,1,2,3,1
SDW345,1300.0,376.0,1500.0,370.0,495.0,1100.0,1300.0,402.0,1750.0,658.0,707.0,1600.0,0.0,2.0,0.0,2.0,3.0,0.0,3,3,2,3,3,3
PN34JG,457.0,56.0,251.0,546.0,202.0,115.0,561.0,664.0,555.0,715.0,220.0,163.0,3.0,3.0,3.0,3.0,3.0,3.0,3,3,3,3,3,3
85KRM3,668.0,719.0,59.0,573.0,210.0,437.0,834.0,804.0,782.0,1100.0,311.0,449.0,2.0,2.0,2.0,1.0,3.0,3.0,3,3,3,3,3,3
DEJ8MH,883.0,10000.0,825.0,1100.0,943.0,1300.0,883.0,10000.0,825.0,1300.0,1000.0,1550.0,1.0,0.0,1.0,0.0,3.0,0.0,1,0,1,3,3,2
DEJVTH,898.0,228.0,972.0,126.0,781.0,337.0,1199.0,937.0,1200.0,1500.0,820.0,968.5,1.0,3.0,1.0,1.0,3.0,1.0,2,3,3,3,3,2
6SDCV8,548.0,10000.0,436.0,855.0,289.0,149.0,555.0,10000.0,732.0,991.0,499.0,331.0,3.0,0.0,2.0,2.0,3.0,3.0,3,0,3,3,3,3
SDEW35,548.0,768.0,239.0,1000.0,373.0,455.0,770.0,1900.0,555.0,1100.0,383.0,1400.0,3.0,1.0,3.0,1.0,3.0,1.0,3,3,3,3,3,3
ACW0RY,488.0,335.0,281.0,15.0,361.0,173.0,1500.0,404.0,623.0,291.0,444.0,862.0,1.0,3.0,3.0,2.0,3.0,2.0,3,3,3,3,3,3
5HE9E7,954.0,1500.0,317.0,932.0,58.0,425.0,1100.0,1700.0,384.0,1400.0,225.0,714.0,1.0,0.0,3.0,1.0,3.0,3.0,3,3,3,3,3,3
ACFRWY,626.0,1900.0,280.0,1100.0,368.0,222.0,691.0,1900.0,910.0,1300.0,411.0,223.0,3.0,0.0,3.0,0.0,3.0,3.0,3,2,3,3,3,3
YBWE1D,1200.0,484.0,844.0,810.0,265.0,949.0,1250.0,514.0,1100.0,1200.0,440.0,1374.5,0.0,3.0,1.0,1.0,3.0,1.0,2,3,3,3,3,2
6SAVW8,100.0,455.0,549.0,626.0,122.0,545.0,113.0,514.0,993.0,694.0,254.0,617.0,3.0,3.0,2.0,3.0,3.0,3.0,3,3,3,3,3,3
QAH6QU,1900.0,569.0,292.0,738.0,80.0,683.0,1900.0,1200.0,469.0,1300.0,489.0,915.0,0.0,1.0,3.0,1.0,3.0,3.0,1,3,3,3,3,3
6SAM28,10000.0,1400.0,653.0,10000.0,176.0,10000.0,10000.0,1400.0,653.0,10000.0,670.0,10000.0,0.0,0.0,1.0,0.0,2.0,0.0,0,1,1,0,3,0
PNVDWG,965.0,1300.0,601.0,536.0,237.0,539.0,1300.0,1300.0,1200.0,987.0,466.0,820.0,1.0,0.0,1.0,2.0,3.0,2.0,3,1,3,3,3,3
85ATY3,10000.0,10000.0,1100.0,792.0,595.0,1100.0,10000.0,10000.0,1400.0,1500.0,877.0,1300.0,0.0,0.0,0.0,1.0,3.0,0.0,0,0,2,3,3,3
0ZNZ69,562.0,638.0,511.0,412.0,180.0,1200.0,619.0,645.0,543.0,1000.0,189.0,1300.0,3.0,2.0,3.0,2.0,3.0,0.0,3,3,3,3,3,3
409M6F,1200.0,281.0,214.0,525.0,155.0,773.0,1200.0,946.0,540.0,1200.0,265.0,1200.0,0.0,4.0,6.0,2.0,6.0,2.0,6,6,6,6,6,6
7KCCUA,10000.0,10000.0,10000.0,10000.0,1500.0,10000.0,10000.0,10000.0,10000.0,10000.0,1500.0,10000.0,0.0,0.0,0.0,0.0,0.0,0.0,0,0,0,0,1,0
400ERF,10000.0,1600.0,10000.0,10000.0,362.0,10000.0,10000.0,1600.0,10000.0,10000.0,362.0,10000.0,0.0,0.0,0.0,0.0,1.0,0.0,0,1,0,0,1,0
QAA65U,1900.0,10000.0,1100.0,970.0,1100.0,1100.0,1900.0,10000.0,1700.0,1435.0,1400.0,1100.0,0.0,0.0,0.0,1.0,0.0,0.0,1,0,3,2,3,2
PNNQBG,888.0,123.0,1100.0,866.0,670.0,1400.0,888.0,123.0,1100.0,961.0,751.0,1800.0,1.0,1.0,0.0,2.0,3.0,0.0,1,1,1,3,3,3
CWW94B,897.0,973.0,493.0,1200.0,296.0,334.0,931.0,1200.0,506.0,1200.0,429.0,425.0,3.0,1.0,3.0,0.0,3.0,3.0,3,3,3,3,3,3
GXNP82,1500.0,851.0,382.0,933.0,147.0,247.0,1500.0,1700.0,410.0,1100.0,270.0,472.0,0.0,1.0,3.0,1.0,3.0,3.0,1,3,3,3,3,3
7KHVWA,10000.0,711.0,10000.0,937.0,727.0,10000.0,10000.0,1100.0,10000.0,937.0,1013.5,10000.0,0.0,1.0,0.0,1.0,1.0,0.0,0,3,0,1,2,0
7KH9EA,1500.0,1000.0,404.0,1500.0,121.0,516.0,1600.0,1400.0,1100.0,1700.0,231.0,519.0,0.0,1.0,1.0,0.0,3.0,3.0,2,3,3,2,3,3
CWFGRB,10000.0,10000.0,1900.0,10000.0,1900.0,10000.0,10000.0,10000.0,1900.0,10000.0,1900.0,10000.0,0.0,0.0,0.0,0.0,0.0,0.0,0,0,1,0,1,0
85UHM3,1900.0,10000.0,1100.0,970.0,1100.0,1100.0,1900.0,10000.0,1700.0,1435.0,1400.0,1100.0,0.0,0.0,0.0,1.0,0.0,0.0,1,0,3,2,3,2
SDABQ5,883.0,10000.0,825.0,1100.0,943.0,1300.0,883.0,10000.0,825.0,1300.0,1000.0,1550.0,1.0,0.0,1.0,0.0,3.0,0.0,1,0,1,3,3,2
7KYSTA,10000.0,10000.0,10000.0,10000.0,868.0,10000.0,10000.0,10000.0,10000.0,10000.0,869.0,10000.0,0.0,0.0,0.0,0.0,2.0,0.0,0,0,0,0,3,0
6S37A8,142.0,892.0,730.0,257.0,120.0,725.0,350.0,908.0,798.0,1400.0,222.0,745.0,3.0,2.0,3.0,1.0,3.0,2.0,3,3,3,3,3,3
9TGNKP,678.0,360.0,562.0,1100.0,309.0,952.0,737.0,1700.0,589.0,1100.0,327.0,971.0,3.0,1.0,3.0,0.0,3.0,2.0,3,3,3,3,3,3
DBDBRH,1100.0,633.0,963.0,1300.0,441.0,268.0,1200.0,1800.0,1300.0,1400.0,480.0,280.0,0.0,1.0,1.0,0.0,3.0,3.0,2,3,3,2,3,3
SYQWH5,259.0,698.0,324.0,829.0,109.0,412.0,569.0,700.0,460.0,914.0,329.0,636.0,3.0,3.0,3.0,3.0,3.0,3.0,3,3,3,3,3,3
PT03RG,1200.0,1000.0,1100.0,10000.0,969.0,1000.0,1550.0,1050.0,1450.0,10000.0,1000.0,1500.0,0.0,1.0,0.0,0.0,2.0,1.0,2,2,2,0,3,3
GNFDV2,944.0,935.0,903.0,409.0,133.0,608.0,1100.0,967.5,1600.0,571.0,193.0,1100.0,1.0,2.0,1.0,2.0,3.0,1.0,3,2,3,3,3,3
1Q2EN6,302.0,800.0,761.0,335.0,176.0,312.0,990.0,925.0,1100.0,400.0,389.0,904.0,2.0,2.0,1.0,3.0,3.0,2.0,3,3,3,3,3,3
1QD1T6,627.0,720.0,249.0,674.0,410.0,709.0,717.0,830.0,434.0,864.0,616.0,824.0,2.0,3.0,3.0,3.0,3.0,2.0,3,3,3,3,3,3
35D1RQ,1300.0,813.0,595.0,1700.0,244.0,324.0,1500.0,1600.0,1300.0,1700.0,377.0,327.0,0.0,1.0,1.0,0.0,3.0,3.0,2,3,3,3,3,3
AKC5AY,796.0,991.0,1700.0,1000.0,957.0,986.0,948.0,991.0,1700.0,1050.0,964.0,998.0,1.0,1.0,0.0,1.0,3.0,2.0,2,1,3,2,3,3
5DHHY7,508.0,741.0,226.0,928.0,338.0,1400.0,1200.0,751.0,914.0,1100.0,359.0,1500.0,1.0,2.0,3.0,1.0,3.0,0.0,3,3,3,3,3,3
Q77KMU,552.0,670.0,550.0,730.0,141.0,349.0,984.0,1400.0,872.0,985.0,207.0,425.0,2.0,1.0,3.0,2.0,3.0,3.0,3,3,3,3,3,3
1Q3JP6,739.0,1100.0,1500.0,101.0,361.0,1500.0,1219.5,1100.0,1500.0,173.5,450.0,1500.0,1.0,0.0,0.0,2.0,3.0,0.0,2,1,1,2,3,2
7HY94A,392.0,1300.0,139.0,790.0,330.0,165.0,637.0,1300.0,904.0,1100.0,346.0,513.0,3.0,0.0,3.0,1.0,3.0,3.0,3,3,3,3,3,3
SAUQX5,1100.0,582.0,532.0,633.0,323.0,489.0,1300.0,1291.0,966.0,949.0,345.0,570.0,0.0,1.0,1.0,2.0,3.0,3.0,3,2,2,3,3,3
3S6J4Q,502.0,497.0,550.0,356.0,251.0,1200.0,668.0,505.0,692.0,1200.0,301.0,1200.0,3.0,2.0,2.0,1.0,3.0,0.0,3,3,3,3,3,3
GT9MK2,584.0,928.0,258.0,650.0,85.0,734.0,942.0,2000.0,638.0,1000.0,134.0,1100.0,2.0,1.0,3.0,2.0,3.0,1.0,3,3,3,3,3,3
6QXMT8,724.0,165.0,111.0,300.0,96.0,491.0,839.0,720.0,195.0,552.0,182.0,676.0,3.0,3.0,3.0,3.0,3.0,3.0,3,3,3,3,3,3
AHUG8Y,664.0,484.0,702.0,269.0,103.0,1100.0,970.0,736.0,762.0,611.0,236.0,1200.0,2.0,3.0,3.0,3.0,3.0,0.0,3,3,3,3,3,3
C4SN6B,266.0,262.0,231.0,440.0,101.0,189.0,669.0,386.0,552.0,940.0,239.0,637.0,3.0,2.0,3.0,2.0,3.0,3.0,3,3,3,3,3,3
U7X43S,10000.0,1600.0,1500.0,1800.0,380.0,10000.0,10000.0,1600.0,1750.0,1800.0,1400.0,10000.0,0.0,0.0,0.0,0.0,1.0,0.0,0,1,2,1,3,0
6QWQR8,1400.0,10000.0,379.0,490.0,458.0,937.0,1400.0,10000.0,379.0,745.0,576.0,1100.0,0.0,0.0,1.0,2.0,3.0,1.0,1,0,1,2,3,3
W03A7R,1200.0,517.0,599.0,931.0,77.0,1200.0,1350.0,519.0,1200.0,1100.0,255.0,1300.0,0.0,3.0,1.0,1.0,3.0,0.0,2,3,3,3,3,2
8UWYK3,10000.0,10000.0,998.0,744.0,80.0,1600.0,10000.0,10000.0,998.0,1600.0,247.0,1600.0,0.0,0.0,1.0,1.0,3.0,0.0,0,0,1,3,3,1
PZ5P0G,384.0,424.0,389.0,673.0,177.0,236.0,833.0,618.0,621.0,895.0,261.0,550.0,3.0,2.0,3.0,2.0,3.0,3.0,3,3,3,3,3,3
2NAGTZ,61.0,1200.0,510.0,303.0,281.0,636.0,623.0,1300.0,599.0,337.0,322.0,1000.0,3.0,0.0,3.0,3.0,3.0,2.0,3,3,3,3,3,3
8UFGN3,795.0,1600.0,705.0,1500.0,135.0,524.0,795.0,1650.0,1200.0,1550.0,442.0,544.0,1.0,0.0,1.0,0.0,3.0,2.0,1,2,3,2,3,3
4RVE7F,10000.0,519.0,585.0,957.0,331.0,352.0,10000.0,650.0,728.0,1500.0,637.0,364.0,0.0,2.0,3.0,1.0,3.0,3.0,0,2,3,3,3,3
Q5F5CU,405.0,423.0,655.0,562.0,226.0,350.0,512.0,555.0,706.0,772.0,320.0,401.0,3.0,3.0,3.0,3.0,3.0,3.0,3,3,3,3,3,3
JP6ZP0,1200.0,180.0,339.0,446.0,109.0,194.0,1200.0,817.0,1900.0,740.0,257.0,692.0,0.0,2.0,1.0,2.0,3.0,3.0,1,3,3,3,3,3
7DWUEA,1700.0,10000.0,10000.0,880.0,230.0,1600.0,1850.0,10000.0,10000.0,1500.0,506.0,1800.0,0.0,0.0,0.0,1.0,3.0,0.0,2,0,0,3,3,3
YKJ8BD,187.0,1700.0,620.0,766.0,90.0,80.0,216.0,1800.0,933.0,1200.0,143.0,305.0,3.0,0.0,2.0,1.0,3.0,3.0,3,3,3,3,3,3
Q5C6HU,736.0,1900.0,472.0,704.0,213.0,909.0,1168.0,1900.0,630.0,1500.0,278.0,936.0,1.0,0.0,3.0,1.0,3.0,3.0,2,3,3,3,3,3
4RZQ6F,1500.0,876.0,979.0,614.0,696.0,664.0,1700.0,883.0,1189.5,900.0,713.0,696.0,0.0,3.0,1.0,2.0,2.0,2.0,2,3,2,3,3,3
PZ1T1G,736.0,530.0,320.0,434.0,226.0,327.0,866.0,612.0,330.0,665.0,276.0,1200.0,2.0,3.0,3.0,3.0,3.0,1.0,3,3,3,3,3,3
137JF6,1300.0,883.0,385.0,1000.0,185.0,1200.0,1700.0,926.0,880.0,1200.0,484.0,1900.0,0.0,2.0,3.0,1.0,3.0,0.0,3,3,3,3,3,3
4RGNTF,10000.0,10000.0,453.0,724.0,488.0,1300.0,10000.0,10000.0,453.0,756.0,839.0,1600.0,0.0,0.0,1.0,2.0,3.0,0.0,0,0,1,2,3,2
PZX3DG,2000.0,807.0,321.0,1000.0,328.0,793.0,2000.0,1000.0,513.0,1300.0,384.0,809.0,0.0,2.0,3.0,1.0,3.0,3.0,1,3,3,2,3,3
AHBEEY,553.0,734.0,1300.0,362.0,627.0,887.0,801.0,911.0,1500.0,650.0,632.0,978.0,3.0,2.0,0.0,3.0,3.0,2.0,3,3,3,3,3,3
0GPE29,69.0,681.0,228.0,439.0,153.0,427.0,82.0,817.0,586.0,515.0,198.0,446.0,3.0,3.0,3.0,3.0,3.0,3.0,3,3,3,3,3,3
55RJ7X,10000.0,10000.0,562.0,10000.0,1400.0,360.0,10000.0,10000.0,657.0,10000.0,1600.0,380.0,0.0,0.0,3.0,0.0,0.0,2.0,0,0,3,0,3,2
Q3TQUQ,662.0,731.0,454.0,753.0,485.0,682.0,796.5,1165.5,777.0,853.0,492.0,708.0,2.0,1.0,1.0,2.0,3.0,3.0,2,2,2,3,3,3
38P0Q3,10000.0,10000.0,46.0,10000.0,10000.0,10000.0,10000.0,10000.0,46.0,10000.0,10000.0,10000.0,0.0,0.0,1.0,0.0,0.0,0.0,0,0,1,0,0,0
86FU3A,1300.0,1900.0,269.0,310.0,216.0,214.0,1450.0,1900.0,301.0,506.0,224.0,221.0,0.0,0.0,2.0,3.0,3.0,3.0,2,2,3,3,3,3
CYHHBC,897.0,1800.0,1800.0,10000.0,175.0,1600.0,897.0,1800.0,1800.0,10000.0,737.0,1650.0,1.0,0.0,0.0,0.0,3.0,0.0,1,1,1,0,3,2
6N1U8Y,274.0,983.0,908.0,904.0,24.0,1000.0,1500.0,1300.0,1000.0,1500.0,42.0,1300.0,1.0,1.0,2.0,1.0,3.0,1.0,3,3,3,3,3,3
6NN68Y,1800.0,1100.0,51.0,1200.0,284.0,720.0,1900.0,1300.0,806.0,1450.0,333.0,869.0,0.0,0.0,2.0,0.0,3.0,3.0,2,3,3,2,3,3
AQQEYX,944.0,1100.0,647.0,462.0,307.0,382.0,1400.0,1500.0,934.0,586.0,352.0,431.0,1.0,0.0,3.0,3.0,3.0,3.0,3,3,3,3,3,3
8NRH3A,1200.0,585.0,540.0,513.0,274.0,357.0,1200.0,1700.0,548.0,704.0,565.0,486.0,0.0,1.0,3.0,2.0,3.0,3.0,1,3,3,3,3,3
8NUX3A,1400.0,1100.0,500.0,772.0,188.0,624.0,1450.0,1800.0,951.0,998.0,229.0,752.0,0.0,0.0,3.0,2.0,3.0,3.0,2,3,3,3,3,3
6ESP8Y,428.0,1200.0,167.0,620.0,188.0,109.0,669.0,1300.0,842.0,1600.0,189.0,121.0,3.0,0.0,3.0,1.0,3.0,3.0,3,3,3,3,3,3
J3940D,1400.0,1100.0,464.0,831.0,208.0,684.0,1400.0,1800.0,986.0,1000.0,237.0,733.0,0.0,0.0,2.0,2.0,3.0,3.0,2,3,3,3,3,3
6YWDG8,1800.0,10000.0,998.0,1100.0,370.0,728.0,1800.0,10000.0,1400.0,1600.0,518.0,944.0,0.0,0.0,1.0,0.0,3.0,2.0,1,0,3,3,3,3
SB9YP5,553.0,2000.0,200.0,975.0,88.0,542.0,1300.0,2000.0,677.0,1100.0,134.0,1100.0,1.0,0.0,3.0,1.0,3.0,1.0,3,2,3,3,3,3
28S1HZ,610.0,10000.0,423.0,639.0,459.0,360.0,715.0,10000.0,767.0,1100.0,598.0,369.0,3.0,0.0,2.0,1.0,3.0,3.0,3,0,3,3,3,3
SBWHT5,1800.0,10000.0,854.0,1600.0,126.0,1600.0,1800.0,10000.0,887.0,1800.0,399.0,1600.0,0.0,0.0,2.0,0.0,3.0,0.0,1,0,3,2,3,1
74RW7A,1700.0,10000.0,590.0,662.0,171.0,1300.0,1700.0,10000.0,590.0,881.0,367.0,1600.0,0.0,0.0,1.0,1.0,3.0,0.0,1,0,1,2,3,3
7446RA,1900.0,564.0,419.0,1100.0,500.0,859.0,1900.0,587.0,809.5,1600.0,756.0,1100.0,0.0,2.0,1.0,0.0,2.0,1.0,1,3,2,3,3,3
AFET1Y,727.0,229.0,546.0,1200.0,317.0,934.0,741.0,1900.0,682.0,1300.0,461.0,1100.0,3.0,1.0,3.0,0.0,3.0,1.0,3,3,3,3,3,3
RN213J,1500.0,697.0,489.0,808.0,238.0,367.0,1500.0,1600.0,513.0,1000.0,291.0,519.0,0.0,1.0,3.0,2.0,3.0,3.0,1,3,3,3,3,3
3H7U1Q,1300.0,1300.0,1300.0,320.0,513.0,1300.0,1300.0,1500.0,1500.0,419.0,777.0,1900.0,0.0,0.0,0.0,3.0,3.0,0.0,2,2,3,3,3,3
SB7EH5,10000.0,10000.0,444.0,10000.0,353.0,442.0,10000.0,10000.0,874.0,10000.0,477.0,1900.0,0.0,0.0,3.0,0.0,3.0,1.0,0,0,3,0,3,3
6A6T28,678.0,749.0,682.0,554.0,21.0,293.0,828.0,1000.0,1000.0,766.0,177.0,377.0,2.0,2.0,2.0,3.0,3.0,3.0,3,3,3,3,3,3
8Y8RH3,1200.0,874.0,691.0,1800.0,367.0,58.0,1550.0,1400.0,854.0,1800.0,474.0,415.0,0.0,1.0,2.0,0.0,3.0,2.0,2,3,3,1,3,3
7E7PPA,904.0,10000.0,1700.0,1700.0,896.0,10000.0,904.0,10000.0,1800.0,1800.0,1100.0,10000.0,1.0,0.0,0.0,0.0,1.0,0.0,1,0,3,2,3,0
WZFQ2R,1700.0,10000.0,838.0,557.0,596.0,702.0,1700.0,10000.0,1369.0,1700.0,670.0,940.0,0.0,0.0,1.0,1.0,3.0,2.0,1,0,2,3,3,3
WZFPKR,1200.0,1500.0,418.0,1300.0,318.0,48.0,1200.0,1500.0,1000.0,1400.0,371.0,1000.0,0.0,0.0,2.0,0.0,3.0,2.0,1,1,3,3,3,3
5BQZQ7,10000.0,10000.0,463.0,10000.0,1500.0,447.0,10000.0,10000.0,573.0,10000.0,1500.0,453.0,0.0,0.0,3.0,0.0,0.0,2.0,0,0,3,0,3,3
G10H12,1300.0,10000.0,716.0,829.0,551.0,253.0,1300.0,10000.0,1208.0,1200.0,572.0,529.0,0.0,0.0,1.0,1.0,3.0,3.0,1,0,2,3,3,3
8YMS13,10000.0,10000.0,10000.0,10000.0,1200.0,10000.0,10000.0,10000.0,10000.0,10000.0,1200.0,10000.0,0.0,0.0,0.0,0.0,0.0,0.0,0,0,0,0,1,0
QH172U,10000.0,10000.0,10000.0,10000.0,254.0,10000.0,10000.0,10000.0,10000.0,10000.0,827.0,10000.0,0.0,0.0,0.0,0.0,1.0,0.0,0,0,0,0,2,0
5B8UB7,824.0,1300.0,1400.0,510.0,606.0,1800.0,824.0,1300.0,1400.0,590.0,768.0,1800.0,1.0,0.0,0.0,2.0,3.0,0.0,1,1,1,3,3,2
A4QU9Y,10000.0,10000.0,1900.0,1800.0,1300.0,326.0,10000.0,10000.0,1900.0,1800.0,1300.0,763.0,0.0,0.0,0.0,0.0,0.0,1.0,0,0,1,3,3,2
6ATGN8,1000.0,1200.0,933.0,1900.0,307.0,528.0,1000.0,1200.0,1300.0,1900.0,399.0,1100.0,1.0,0.0,1.0,0.0,3.0,1.0,1,1,3,2,3,3
8YN9J3,800.0,847.0,337.0,839.0,248.0,1000.0,1300.0,1373.5,415.0,1000.0,351.0,1200.0,1.0,1.0,3.0,2.0,3.0,1.0,3,2,3,3,3,3
7E18YA,692.0,879.0,208.0,427.0,422.0,196.0,1100.0,1700.0,606.0,913.0,580.0,1300.0,1.0,1.0,3.0,2.0,3.0,1.0,3,3,3,3,3,3
SCMV85,680.0,830.0,210.0,447.0,392.0,262.0,1100.0,1700.0,616.0,945.0,513.0,1300.0,1.0,1.0,3.0,2.0,3.0,1.0,3,3,3,3,3,3
5BVGU7,494.0,10000.0,235.0,1200.0,257.0,250.0,609.0,10000.0,872.0,1400.0,278.0,317.0,3.0,0.0,3.0,0.0,3.0,3.0,3,0,3,3,3,3
3DZUKQ,731.0,700.0,946.0,992.0,641.0,808.0,734.0,700.0,1100.0,1300.0,732.0,906.0,3.0,1.0,1.0,1.0,3.0,2.0,3,1,3,3,3,3
EPSEK4,747.0,978.0,764.0,402.0,473.0,294.0,1100.0,1200.0,773.0,698.0,559.0,402.0,1.0,1.0,3.0,2.0,3.0,3.0,3,3,3,3,3,3
A4V32Y,1500.0,10000.0,1400.0,1100.0,197.0,900.0,1500.0,10000.0,1500.0,1500.0,377.0,922.0,0.0,0.0,0.0,0.0,3.0,2.0,1,0,3,3,3,3
A4V1JY,1200.0,10000.0,1400.0,1400.0,454.0,1300.0,1200.0,10000.0,1500.0,1400.0,542.0,1700.0,0.0,0.0,0.0,0.0,3.0,0.0,1,0,2,1,3,3
9MYM1P,718.0,753.0,263.0,502.0,326.0,431.0,1100.0,1600.0,457.0,1100.0,345.0,1500.0,1.0,1.0,3.0,1.0,3.0,1.0,3,3,3,3,3,3
QH9PMU,368.0,372.0,677.0,137.0,221.0,449.0,435.0,822.0,824.0,404.0,395.0,565.0,3.0,3.0,3.0,3.0,3.0,3.0,3,3,3,3,3,3
G1DDY2,1700.0,153.0,369.0,579.0,318.0,669.0,1700.0,626.5,1000.0,1100.0,705.0,687.0,0.0,1.0,2.0,1.0,3.0,3.0,1,2,3,3,3,3
KJX9YC,553.0,834.0,117.0,211.0,403.0,556.0,764.0,1100.0,825.0,1300.0,424.0,558.0,3.0,1.0,3.0,1.0,3.0,3.0,3,3,3,3,3,3
5B9RD7,1400.0,762.0,392.0,803.0,166.0,260.0,1400.0,1700.0,401.0,945.0,278.0,399.0,0.0,1.0,3.0,2.0,3.0,3.0,1,3,3,3,3,3
KJTMRC,154.0,121.0,588.0,766.0,222.0,132.0,354.0,389.0,908.0,869.0,266.0,143.0,3.0,3.0,2.0,2.0,3.0,3.0,3,3,3,3,3,3
C0TQGB,353.0,1600.0,434.0,859.0,157.0,61.0,753.0,1800.0,774.0,1600.0,363.0,361.0,3.0,0.0,3.0,1.0,3.0,3.0,3,3,3,3,3,3
6AB0C8,297.0,608.0,708.0,365.0,359.0,606.0,734.0,625.0,1000.0,1100.0,363.0,1100.0,3.0,2.0,2.0,1.0,3.0,1.0,3,3,3,3,3,3
SCF485,1300.0,816.0,570.0,662.0,221.0,899.0,1650.0,841.0,1200.0,1200.0,314.0,1500.0,0.0,3.0,1.0,1.0,3.0,1.0,2,3,3,3,3,3
5BW4H7,430.0,527.0,477.0,1100.0,488.0,1500.0,1165.0,758.0,938.5,1150.0,543.0,1700.0,1.0,3.0,1.0,0.0,3.0,0.0,2,3,2,2,3,2
C0P5VB,908.0,1300.0,632.0,10000.0,266.0,10000.0,908.0,1300.0,632.0,10000.0,372.0,10000.0,1.0,0.0,1.0,0.0,3.0,0.0,1,1,1,0,3,0
7EF19A,267.0,315.0,758.0,860.0,125.0,251.0,559.0,565.0,848.0,974.0,279.0,264.0,3.0,2.0,3.0,2.0,3.0,3.0,3,3,3,3,3,3
QHYJ7U,10000.0,1800.0,1400.0,981.0,537.0,195.0,10000.0,1800.0,1500.0,1000.0,574.0,880.0,0.0,0.0,0.0,3.0,3.0,3.0,0,3,2,3,3,3
KJ400C,1700.0,692.0,1000.0,297.0,340.0,337.0,1850.0,835.0,1200.0,1100.0,350.0,609.0,0.0,3.0,1.0,1.0,3.0,3.0,2,3,2,3,3,3
5BAQA7,10000.0,10000.0,498.0,10000.0,310.0,10000.0,10000.0,10000.0,498.0,10000.0,687.0,10000.0,0.0,0.0,1.0,0.0,2.0,0.0,0,0,1,0,3,0
8YQK63,10000.0,10000.0,1900.0,1300.0,609.0,1500.0,10000.0,10000.0,1900.0,1550.0,784.0,1500.0,0.0,0.0,0.0,0.0,2.0,0.0,0,0,1,2,3,1
WZJ2HR,770.0,1800.0,379.0,947.0,360.0,616.0,1000.0,2000.0,698.0,1100.0,450.0,1300.0,2.0,0.0,2.0,1.0,3.0,1.0,3,3,3,3,3,3
SKQ0R5,1300.0,10000.0,854.0,111.0,352.0,324.0,1500.0,10000.0,1400.0,1400.0,379.0,600.0,0.0,0.0,1.0,1.0,3.0,3.0,3,0,3,3,3,3
9XWE7P,10000.0,10000.0,10000.0,10000.0,1000.0,10000.0,10000.0,10000.0,10000.0,10000.0,1000.0,10000.0,0.0,0.0,0.0,0.0,1.0,0.0,0,0,0,0,1,0
21FA5Z,1400.0,288.0,1000.0,1900.0,189.0,514.0,1550.0,297.0,1000.0,1900.0,312.0,524.0,0.0,3.0,1.0,0.0,3.0,3.0,2,3,1,3,3,3
UHTX5S,1600.0,10000.0,10000.0,270.0,785.0,10000.0,1600.0,10000.0,10000.0,270.0,785.0,10000.0,0.0,0.0,0.0,1.0,1.0,0.0,1,0,0,1,1,0
679G78,1900.0,1100.0,44.0,1200.0,248.0,782.0,1900.0,1300.0,775.0,1450.0,322.0,863.0,0.0,0.0,2.0,0.0,3.0,3.0,2,3,3,2,3,3
UH2ZJS,886.0,1800.0,629.0,837.0,295.0,458.0,1300.0,1800.0,727.0,971.0,540.0,653.0,1.0,0.0,3.0,2.0,3.0,3.0,3,2,3,3,3,3
5CZ527,2000.0,940.0,242.0,965.0,347.0,650.0,2000.0,1500.0,690.0,1500.0,525.0,856.0,0.0,1.0,2.0,1.0,3.0,3.0,1,3,3,3,3,3
15WTF6,956.0,158.0,919.0,725.0,353.0,374.0,956.0,380.0,1259.5,1500.0,659.0,1000.0,1.0,3.0,1.0,1.0,3.0,2.0,1,3,2,3,3,3
7B2MHA,652.0,1900.0,65.0,781.0,146.0,148.0,780.0,1900.0,975.0,1000.0,802.0,472.0,3.0,0.0,3.0,2.0,3.0,3.0,3,1,3,3,3,3
QD0CJU,785.0,1700.0,10000.0,1100.0,411.0,1800.0,1192.5,1700.0,10000.0,1300.0,678.0,1800.0,1.0,0.0,0.0,0.0,3.0,0.0,2,2,0,3,3,3
JTQBK0,932.0,403.0,278.0,646.0,238.0,639.0,1000.0,696.0,607.0,1200.0,452.0,1200.0,2.0,2.0,3.0,1.0,3.0,1.0,3,3,3,3,3,3
KRNNEC,10000.0,10000.0,1600.0,10000.0,1100.0,10000.0,10000.0,10000.0,1600.0,10000.0,1300.0,10000.0,0.0,0.0,0.0,0.0,0.0,0.0,0,0,1,0,3,0
AEPPWY,381.0,340.0,838.0,1200.0,326.0,990.0,495.0,340.0,1100.0,1400.0,737.0,1100.0,3.0,1.0,1.0,0.0,3.0,1.0,3,1,3,3,3,3
8AEUK3,1800.0,10000.0,13.0,583.0,142.0,1200.0,1800.0,10000.0,13.0,656.0,707.0,1400.0,0.0,0.0,1.0,2.0,3.0,0.0,1,0,1,2,3,3
QD4WWU,753.0,1900.0,493.0,406.0,552.0,1400.0,753.0,1900.0,946.5,966.0,591.0,1500.0,1.0,0.0,1.0,3.0,3.0,0.0,1,1,2,3,3,3
0N1859,10000.0,1500.0,658.0,10000.0,588.0,10000.0,10000.0,1600.0,658.0,10000.0,600.0,10000.0,0.0,0.0,1.0,0.0,3.0,0.0,0,2,1,0,3,0
5CFC57,1700.0,392.0,229.0,1400.0,320.0,283.0,1700.0,416.0,795.0,1400.0,827.0,864.0,0.0,3.0,3.0,0.0,3.0,3.0,1,3,3,1,3,3
UHB32S,10000.0,1100.0,766.0,10000.0,331.0,1200.0,10000.0,1250.0,766.0,10000.0,865.0,1200.0,0.0,0.0,1.0,0.0,3.0,0.0,0,2,1,0,3,2
PM6C0G,10000.0,589.0,1300.0,10000.0,212.0,1700.0,10000.0,758.0,1300.0,10000.0,314.0,1750.0,0.0,2.0,0.0,0.0,3.0,0.0,0,2,1,0,3,2
PM1FZG,1400.0,1500.0,1100.0,384.0,209.0,680.0,1400.0,1500.0,1200.0,885.0,602.0,1200.0,0.0,0.0,0.0,3.0,3.0,1.0,1,3,3,3,3,3
E9G234,70.0,920.0,540.0,411.0,266.0,387.0,980.0,957.0,908.0,754.0,290.0,641.0,3.0,3.0,2.0,3.0,3.0,3.0,3,3,3,3,3,3
RZTYAJ,10000.0,10000.0,709.0,1600.0,587.0,1800.0,10000.0,10000.0,709.0,1650.0,849.0,1800.0,0.0,0.0,1.0,0.0,3.0,0.0,0,0,1,2,3,1
5CBJW7,53.0,1600.0,455.0,508.0,156.0,332.0,133.0,1700.0,857.0,1300.0,184.0,361.0,3.0,0.0,3.0,1.0,3.0,3.0,3,2,3,3,3,3
GV1Z32,10000.0,10000.0,10000.0,982.0,411.0,532.0,10000.0,10000.0,10000.0,982.0,415.0,532.0,0.0,0.0,0.0,1.0,3.0,1.0,0,0,0,1,3,1
JTT670,10000.0,10000.0,1300.0,10000.0,572.0,10000.0,10000.0,10000.0,1300.0,10000.0,1300.0,10000.0,0.0,0.0,0.0,0.0,1.0,0.0,0,0,1,0,3,0
SKDZF5,879.0,1000.0,1000.0,10000.0,697.0,861.0,879.0,1000.0,1800.0,10000.0,725.0,871.0,1.0,1.0,1.0,0.0,3.0,2.0,1,1,3,0,3,3
PMNUFG,1600.0,10000.0,875.0,523.0,108.0,370.0,1600.0,10000.0,886.0,623.0,239.0,419.0,0.0,0.0,3.0,3.0,3.0,3.0,1,0,3,3,3,3
CJWPRB,1400.0,1600.0,1700.0,10000.0,708.0,1300.0,1550.0,1600.0,1750.0,10000.0,1000.0,1400.0,0.0,0.0,0.0,0.0,2.0,0.0,2,1,2,0,3,3
656J48,10000.0,10000.0,10000.0,10000.0,794.0,10000.0,10000.0,10000.0,10000.0,10000.0,1347.0,10000.0,0.0,0.0,0.0,0.0,1.0,0.0,0,0,0,0,2,0
9N0JAP,184.0,2000.0,274.0,1000.0,98.0,339.0,310.0,2000.0,849.0,1500.0,117.0,397.0,3.0,0.0,2.0,1.0,3.0,3.0,3,1,3,3,3,3
1SM4Z6,405.0,877.0,171.0,409.0,177.0,611.0,411.0,918.0,347.0,727.0,361.0,619.0,3.0,3.0,3.0,3.0,3.0,3.0,3,3,3,3,3,3
65VFE8,1200.0,1100.0,430.0,1300.0,150.0,720.0,1300.0,1100.0,587.0,1600.0,262.0,779.0,0.0,0.0,3.0,0.0,3.0,3.0,3,3,3,3,3,3
YE79WD,154.0,1500.0,397.0,767.0,88.0,286.0,452.0,1500.0,657.0,1300.0,301.0,447.0,3.0,0.0,2.0,1.0,3.0,3.0,3,3,3,3,3,3
E0CZC4,765.0,527.0,1100.0,286.0,645.0,109.0,1332.5,685.0,1200.0,1500.0,664.0,854.5,1.0,3.0,0.0,1.0,3.0,1.0,2,3,3,3,3,2
SHQAQ5,410.0,1800.0,523.0,940.0,107.0,117.0,835.0,1800.0,619.0,1300.0,222.0,643.0,3.0,0.0,3.0,1.0,3.0,3.0,3,2,3,3,3,3
3A1JJQ,561.0,187.0,708.0,1100.0,266.0,902.0,854.0,1800.0,717.0,1100.0,450.0,1100.0,3.0,1.0,3.0,0.0,3.0,1.0,3,3,3,3,3,3
R2BFNJ,1400.0,491.0,702.0,918.0,822.0,705.0,1900.0,608.0,1151.0,1000.0,906.0,1200.0,0.0,3.0,1.0,2.0,3.0,1.0,3,3,2,3,3,3
KW7VSC,630.0,362.0,516.0,796.0,372.0,673.0,630.0,798.0,1700.0,1300.0,454.0,777.0,1.0,3.0,1.0,1.0,3.0,2.0,1,3,3,3,3,3
SH14E5,143.0,263.0,275.0,477.0,272.0,274.0,171.0,995.0,652.0,572.0,370.0,328.0,3.0,2.0,3.0,3.0,3.0,3.0,3,3,3,3,3,3
0TARB9,933.0,1700.0,10000.0,1000.0,260.0,1800.0,1266.5,1700.0,10000.0,1200.0,815.0,1800.0,1.0,0.0,0.0,1.0,3.0,0.0,2,2,0,3,3,3
UDG3XS,1900.0,10000.0,1200.0,1200.0,180.0,1100.0,1900.0,10000.0,1600.0,1300.0,642.0,1200.0,0.0,0.0,0.0,0.0,3.0,0.0,1,0,3,3,3,3
SH2VU5,382.0,1300.0,105.0,575.0,116.0,393.0,959.0,1450.0,787.0,1100.0,352.0,417.0,3.0,0.0,3.0,1.0,3.0,3.0,3,2,3,3,3,3
SH2NQ5,10000.0,10000.0,10000.0,10000.0,327.0,1200.0,10000.0,10000.0,10000.0,10000.0,713.5,1200.0,0.0,0.0,0.0,0.0,1.0,0.0,0,0,0,0,2,2
UDJEVS,10000.0,10000.0,776.0,10000.0,919.0,746.0,10000.0,10000.0,776.0,10000.0,1800.0,748.0,0.0,0.0,1.0,0.0,1.0,2.0,0,0,1,0,3,2
491WKF,1200.0,10000.0,839.0,570.0,1000.0,1400.0,1400.0,10000.0,841.5,1200.0,1100.0,1400.0,0.0,0.0,2.0,1.0,1.0,0.0,2,0,2,3,3,1
5K02C7,837.0,1200.0,1200.0,10000.0,640.0,1100.0,837.0,1200.0,1600.0,10000.0,744.0,1100.0,1.0,0.0,0.0,0.0,3.0,0.0,1,1,2,0,3,3
3A4ZCQ,10000.0,10000.0,10000.0,10000.0,917.0,10000.0,10000.0,10000.0,10000.0,10000.0,917.0,10000.0,0.0,0.0,0.0,0.0,1.0,0.0,0,0,0,0,1,0
E0NEJ4,389.0,579.0,245.0,970.0,39.0,626.0,551.0,1600.0,698.0,1300.0,503.0,1300.0,3.0,1.0,3.0,1.0,3.0,1.0,3,3,3,3,3,3
QYKD2U,10000.0,1200.0,1000.0,1200.0,291.0,463.0,10000.0,1500.0,1450.0,1400.0,472.0,1400.0,0.0,0.0,1.0,0.0,3.0,1.0,0,3,2,3,3,3
E09KP4,1300.0,10000.0,1300.0,306.0,168.0,249.0,1300.0,10000.0,1400.0,747.0,446.0,249.0,0.0,0.0,0.0,3.0,3.0,1.0,1,0,2,3,3,1
UDHB5S,10000.0,10000.0,865.0,10000.0,1200.0,483.0,10000.0,10000.0,865.0,10000.0,1500.0,488.0,0.0,0.0,1.0,0.0,0.0,2.0,0,0,1,0,2,2
E007R4,786.0,154.0,675.0,690.0,442.0,468.0,786.0,639.0,1800.0,1400.0,603.0,853.0,1.0,3.0,1.0,1.0,3.0,2.0,1,3,3,3,3,3
UDD2WS,1300.0,10000.0,724.0,784.0,596.0,153.0,1300.0,10000.0,1212.0,1200.0,601.0,477.0,0.0,0.0,1.0,1.0,3.0,3.0,1,0,2,3,3,3
R2PEFJ,615.0,1400.0,459.0,729.0,100.0,763.0,876.0,1550.0,837.0,1400.0,259.0,764.0,3.0,0.0,3.0,1.0,3.0,3.0,3,2,3,3,3,3
ABD1AY,10000.0,1200.0,736.0,10000.0,907.0,1500.0,10000.0,1200.0,837.0,10000.0,937.0,1500.0,0.0,0.0,2.0,0.0,3.0,0.0,0,1,3,0,3,1
KWBNNC,1200.0,964.0,778.0,1800.0,367.0,149.0,1500.0,1400.0,809.0,1800.0,379.0,506.0,0.0,1.0,2.0,0.0,3.0,3.0,2,3,3,1,3,3
7K6CHA,1200.0,1800.0,148.0,432.0,259.0,682.0,1550.0,1800.0,693.0,679.0,475.0,739.0,0.0,0.0,3.0,3.0,3.0,3.0,2,2,3,3,3,3
RGHQ4J,412.0,1400.0,309.0,726.0,107.0,555.0,1100.0,1550.0,597.0,1100.0,157.0,556.0,1.0,0.0,3.0,1.0,3.0,3.0,3,2,3,3,3,3
GX45X2,10000.0,872.0,1600.0,1200.0,322.0,562.0,10000.0,1436.0,1700.0,1600.0,391.0,1000.0,0.0,1.0,0.0,0.0,3.0,2.0,0,2,3,3,3,3
8527Q3,1900.0,337.0,496.0,757.0,198.0,544.0,1900.0,661.0,872.0,1300.0,715.0,557.0,0.0,2.0,3.0,1.0,3.0,3.0,1,2,3,3,3,3
37G01Q,10000.0,10000.0,1400.0,10000.0,679.0,10000.0,10000.0,10000.0,1400.0,10000.0,1100.0,10000.0,0.0,0.0,0.0,0.0,1.0,0.0,0,0,1,0,3,0
SD2VS5,331.0,426.0,808.0,249.0,60.0,915.0,677.0,441.0,925.0,1300.0,266.0,1200.0,3.0,2.0,3.0,1.0,3.0,1.0,3,3,3,3,3,3
40Q8PF,1000.0,1300.0,1500.0,1400.0,221.0,1000.0,1100.0,1500.0,1500.0,1500.0,497.0,1150.0,1.0,0.0,0.0,0.0,3.0,1.0,2,3,1,3,3,2
5HZEM7,376.0,2000.0,219.0,660.0,67.0,884.0,904.0,2000.0,703.0,1300.0,158.0,968.0,3.0,0.0,3.0,1.0,3.0,3.0,3,1,3,3,3,3
6SFN58,645.0,916.0,397.0,611.0,412.0,493.0,722.0,1000.0,467.0,977.0,549.0,606.0,2.0,2.0,2.0,3.0,3.0,3.0,3,3,3,3,3,3
85E2V3,1800.0,10000.0,998.0,1100.0,370.0,728.0,1800.0,10000.0,1400.0,1600.0,518.0,944.0,0.0,0.0,1.0,0.0,3.0,2.0,1,0,3,3,3,3
37E64Q,888.0,909.0,1600.0,970.0,910.0,934.0,944.0,909.0,1700.0,983.5,1000.0,945.0,2.0,1.0,0.0,2.0,3.0,2.0,2,1,3,2,3,3
QA40RU,1000.0,658.0,555.0,1500.0,244.0,467.0,1000.0,658.0,1200.0,1650.0,305.0,667.0,1.0,1.0,1.0,0.0,3.0,3.0,1,1,3,2,3,3
0Z62T9,500.0,1700.0,558.0,973.0,217.0,526.0,522.0,1850.0,792.0,1400.0,386.0,535.0,3.0,0.0,3.0,1.0,3.0,3.0,3,2,3,3,3,3
WPX4PR,10000.0,954.0,10000.0,1300.0,1000.0,10000.0,10000.0,1000.0,10000.0,1300.0,1300.0,10000.0,0.0,3.0,0.0,0.0,1.0,0.0,0,3,0,1,2,0
ACFRJY,243.0,1400.0,277.0,287.0,154.0,369.0,677.0,1500.0,776.0,1300.0,199.0,602.0,3.0,0.0,3.0,1.0,3.0,3.0,3,2,3,3,3,3
40GE4F,10000.0,10000.0,10000.0,10000.0,574.0,10000.0,10000.0,10000.0,10000.0,10000.0,759.0,10000.0,0.0,0.0,0.0,0.0,2.0,0.0,0,0,0,0,2,0
UYK32S,10000.0,848.0,679.0,10000.0,467.0,1100.0,10000.0,1224.0,679.0,10000.0,771.0,1100.0,0.0,1.0,1.0,0.0,3.0,0.0,0,2,1,0,3,2
DEF75H,952.0,1600.0,372.0,1400.0,165.0,238.0,952.0,1600.0,1300.0,1500.0,256.0,1100.0,1.0,0.0,1.0,0.0,3.0,1.0,1,1,3,3,3,3
WP22QR,10000.0,10000.0,830.0,1300.0,750.0,1400.0,10000.0,10000.0,1065.0,1300.0,851.0,1400.0,0.0,0.0,1.0,0.0,3.0,0.0,0,0,2,1,3,2
0ZTDW9,10000.0,711.0,10000.0,937.0,727.0,10000.0,10000.0,1100.0,10000.0,937.0,1013.5,10000.0,0.0,1.0,0.0,1.0,1.0,0.0,0,3,0,1,2,0
0ZTA49,1500.0,346.0,88.0,1300.0,261.0,1300.0,1650.0,388.0,1600.0,1600.0,307.0,1700.0,0.0,3.0,1.0,0.0,3.0,0.0,2,3,3,3,3,3
UYDPMS,10000.0,10000.0,287.0,1700.0,95.0,10000.0,10000.0,10000.0,287.0,1700.0,184.0,10000.0,0.0,0.0,1.0,0.0,3.0,0.0,0,0,1,1,3,0
J2Z870,1700.0,10000.0,1400.0,1600.0,434.0,10000.0,1700.0,10000.0,1450.0,1900.0,1300.0,10000.0,0.0,0.0,0.0,0.0,1.0,0.0,1,0,2,3,3,0
5HKCY7,10000.0,10000.0,10000.0,10000.0,1300.0,10000.0,10000.0,10000.0,10000.0,10000.0,1300.0,10000.0,0.0,0.0,0.0,0.0,0.0,0.0,0,0,0,0,1,0
409JPF,988.0,1300.0,131.0,500.0,340.0,315.0,1100.0,1400.0,520.0,907.0,347.0,988.0,1.0,0.0,3.0,2.0,3.0,2.0,3,2,3,3,3,3
2MMMCZ,2000.0,10000.0,1700.0,10000.0,10000.0,10000.0,2000.0,10000.0,1700.0,10000.0,10000.0,10000.0,0.0,0.0,0.0,0.0,0.0,0.0,1,0,1,0,0,0
UYY7ES,10000.0,10000.0,547.0,10000.0,812.0,451.0,10000.0,10000.0,547.0,10000.0,1900.0,453.5,0.0,0.0,1.0,0.0,1.0,2.0,0,0,1,0,3,2
SDYQG5,788.0,1800.0,157.0,1100.0,239.0,584.0,1000.0,1900.0,887.0,1200.0,411.0,1100.0,4.0,0.0,6.0,0.0,6.0,2.0,6,6,6,6,6,6
UYAZ3S,1300.0,240.0,1200.0,651.0,233.0,713.0,1600.0,381.0,1700.0,1400.0,309.0,977.0,0.0,3.0,0.0,1.0,3.0,2.0,3,3,3,3,3,3
EJRUF4,10000.0,1200.0,345.0,10000.0,247.0,784.0,10000.0,1500.0,345.0,10000.0,1100.0,792.0,0.0,0.0,1.0,0.0,1.0,2.0,0,2,1,0,3,2
WP9QFR,10000.0,10000.0,1600.0,10000.0,1400.0,1900.0,10000.0,10000.0,1600.0,10000.0,1600.0,1900.0,0.0,0.0,0.0,0.0,0.0,0.0,0,0,1,0,2,2
J2GMS0,2000.0,10000.0,1500.0,10000.0,1800.0,10000.0,2000.0,10000.0,1500.0,10000.0,1800.0,10000.0,0.0,0.0,0.0,0.0,0.0,0.0,1,0,1,0,1,0
375KAQ,10000.0,10000.0,1500.0,10000.0,1200.0,1700.0,10000.0,10000.0,1700.0,10000.0,1600.0,1700.0,0.0,0.0,0.0,0.0,0.0,0.0,0,0,2,0,3,2
QA77ZU,10000.0,10000.0,10000.0,10000.0,860.0,1900.0,10000.0,10000.0,10000.0,10000.0,1500.0,1900.0,0.0,0.0,0.0,0.0,1.0,0.0,0,0,0,0,3,2
37SN2Q,10000.0,10000.0,10000.0,10000.0,2000.0,10000.0,10000.0,10000.0,10000.0,10000.0,2000.0,10000.0,0.0,0.0,0.0,0.0,0.0,0.0,0,0,0,0,1,0
ACDUDY,10000.0,10000.0,759.0,10000.0,951.0,10000.0,10000.0,10000.0,759.0,10000.0,1200.0,10000.0,0.0,0.0,1.0,0.0,1.0,0.0,0,0,1,0,3,0
ACDV5Y,10000.0,529.0,1900.0,10000.0,416.0,10000.0,10000.0,672.0,1900.0,10000.0,418.0,10000.0,0.0,2.0,0.0,0.0,3.0,0.0,0,2,1,0,3,0
WPJAGR,1300.0,1400.0,1400.0,10000.0,787.0,1400.0,1500.0,1400.0,1700.0,10000.0,1100.0,1400.0,0.0,0.0,0.0,0.0,1.0,0.0,2,1,2,0,3,3
40WN3F,10000.0,10000.0,10000.0,10000.0,1900.0,10000.0,10000.0,10000.0,10000.0,10000.0,1900.0,10000.0,0.0,0.0,0.0,0.0,0.0,0.0,0,0,0,0,1,0
9TG14P,1600.0,10000.0,422.0,574.0,284.0,370.0,1600.0,10000.0,1211.0,1500.0,382.0,372.0,0.0,0.0,1.0,1.0,3.0,3.0,1,0,2,3,3,3
UAUY0S,1200.0,613.0,426.0,628.0,94.0,352.0,1900.0,1200.0,1200.0,1100.0,270.0,536.0,0.0,1.0,1.0,1.0,3.0,3.0,3,3,3,3,3,3
5DSGZ7,25.0,1600.0,405.0,413.0,27.0,580.0,788.0,1700.0,598.0,1400.0,124.0,754.0,3.0,0.0,3.0,1.0,3.0,3.0,3,2,3,3,3,3
9ZJUGP,10000.0,10000.0,614.0,307.0,399.0,1700.0,10000.0,10000.0,614.0,703.5,526.0,1850.0,0.0,0.0,2.0,2.0,6.0,0.0,0,0,2,4,6,4
GN9S02,915.0,1400.0,275.0,137.0,151.0,246.0,1400.0,1400.0,692.0,561.0,480.0,809.0,1.0,0.0,3.0,2.0,3.0,3.0,3,1,3,3,3,3
CFH22B,726.0,1100.0,1100.0,10000.0,554.0,817.0,726.0,1100.0,1700.0,10000.0,612.0,879.0,1.0,0.0,0.0,0.0,3.0,2.0,1,1,3,0,3,3
JGWMD0,1900.0,1600.0,1100.0,914.0,181.0,301.0,1900.0,1700.0,1400.0,1200.0,721.0,1200.0,0.0,0.0,0.0,1.0,3.0,1.0,1,3,3,3,3,3
PT014G,404.0,815.0,474.0,880.0,173.0,152.0,795.0,865.5,781.0,883.0,227.0,392.0,3.0,2.0,3.0,2.0,3.0,3.0,3,2,3,3,3,3
CF8SEB,10000.0,10000.0,309.0,10000.0,196.0,10000.0,10000.0,10000.0,804.5,10000.0,297.0,10000.0,0.0,0.0,1.0,0.0,3.0,0.0,0,0,2,0,3,0
5DZ597,1200.0,122.0,1700.0,420.0,780.0,1300.0,1400.0,249.0,1700.0,937.0,887.0,1500.0,0.0,2.0,0.0,2.0,3.0,0.0,3,3,1,3,3,3
Q70VPU,627.0,207.0,649.0,1100.0,335.0,959.0,792.0,1800.0,700.0,1200.0,384.0,1000.0,3.0,1.0,3.0,0.0,3.0,2.0,3,3,3,3,3,3
SYP0X5,969.0,1000.0,1700.0,760.0,766.0,1200.0,984.5,1000.0,1850.0,787.0,798.0,1200.0,2.0,1.0,0.0,2.0,3.0,0.0,2,1,2,2,3,3
Q7RK5U,1500.0,277.0,1900.0,907.0,525.0,163.0,1750.0,1200.0,1900.0,1403.5,664.0,1700.0,0.0,1.0,0.0,1.0,3.0,1.0,2,3,1,2,3,3
W9XWGR,2000.0,203.0,986.0,1700.0,516.0,615.0,2000.0,300.0,1493.0,1700.0,773.0,654.0,0.0,3.0,1.0,0.0,3.0,3.0,1,3,2,3,3,3
8SYGU3,1400.0,772.0,633.0,1400.0,580.0,898.0,1650.0,936.0,1300.0,1400.0,775.0,1500.0,0.0,1.0,1.0,0.0,3.0,1.0,2,2,3,3,3,3
35YTRQ,204.0,1500.0,1700.0,1600.0,357.0,1100.0,952.0,1650.0,1750.0,1600.0,711.0,1400.0,1.0,0.0,0.0,0.0,3.0,0.0,2,2,2,2,3,3
35YFYQ,10000.0,10000.0,437.0,787.0,259.0,446.0,10000.0,10000.0,1100.0,1300.0,421.0,976.0,0.0,0.0,1.0,1.0,3.0,2.0,0,0,3,3,3,3
Q7DSAU,1300.0,1700.0,960.0,353.0,357.0,919.0,1300.0,1700.0,974.0,669.0,372.0,1100.0,0.0,0.0,2.0,3.0,3.0,1.0,1,3,3,3,3,3
SYY4Q5,10000.0,10000.0,451.0,844.0,162.0,436.0,10000.0,10000.0,988.0,1400.0,339.0,899.0,0.0,0.0,2.0,1.0,3.0,2.0,0,0,3,3,3,3
SYYBQ5,563.0,1100.0,621.0,287.0,354.0,526.0,1700.0,1150.0,709.0,722.0,356.0,695.0,1.0,0.0,3.0,3.0,3.0,3.0,3,2,3,3,3,3
ERWGU4,726.0,640.0,640.0,1700.0,795.0,646.0,726.0,666.0,640.0,1700.0,963.0,646.0,1.0,3.0,1.0,0.0,3.0,1.0,1,3,1,3,3,1
AKDF9Y,10000.0,875.0,1600.0,1300.0,334.0,562.0,10000.0,1437.5,1700.0,1600.0,380.0,1000.0,0.0,1.0,0.0,0.0,3.0,2.0,0,2,3,3,3,3
5DAKC7,1500.0,1600.0,826.0,1500.0,53.0,784.0,1500.0,1600.0,1100.0,1900.0,338.0,817.0,0.0,0.0,1.0,0.0,3.0,3.0,1,1,3,3,3,3
W04SPR,1700.0,612.0,526.0,827.0,279.0,547.0,1700.0,1006.0,698.0,1200.0,311.0,634.0,0.0,1.0,3.0,1.0,3.0,3.0,1,2,3,3,3,3
3S6AUQ,236.0,1800.0,386.0,679.0,213.0,179.0,269.0,1850.0,769.0,1100.0,239.0,289.0,3.0,0.0,2.0,1.0,3.0,3.0,3,2,3,3,3,3
EWCJU4,282.0,1300.0,149.0,470.0,211.0,385.0,858.0,1450.0,799.0,1200.0,255.0,498.0,3.0,0.0,3.0,1.0,3.0,3.0,3,2,3,3,3,3
5YUHC7,692.0,231.0,614.0,752.0,416.0,570.0,692.0,744.0,1800.0,1400.0,574.0,833.0,1.0,3.0,1.0,1.0,3.0,2.0,1,3,3,3,3,3
7DQ5SA,1100.0,1700.0,1700.0,10000.0,390.0,1600.0,1100.0,1700.0,1700.0,10000.0,917.0,1600.0,0.0,0.0,0.0,0.0,2.0,0.0,1,1,1,0,3,3
EWH524,418.0,1200.0,426.0,399.0,226.0,862.0,1300.0,1200.0,571.0,1200.0,436.0,1500.0,1.0,0.0,3.0,1.0,3.0,1.0,3,3,3,3,3,3
8UM5M3,711.0,1300.0,283.0,76.0,356.0,448.0,1100.0,1600.0,553.0,1200.0,390.0,1400.0,1.0,0.0,3.0,1.0,3.0,1.0,3,3,3,3,3,3
SA61T5,68.0,1300.0,552.0,563.0,195.0,345.0,997.0,1600.0,624.0,1800.0,242.0,365.0,3.0,0.0,3.0,1.0,3.0,3.0,3,3,3,3,3,3
U712AS,679.0,1400.0,503.0,783.0,137.0,763.0,868.0,1550.0,809.0,1300.0,273.0,764.0,3.0,0.0,3.0,1.0,3.0,3.0,3,2,3,3,3,3
5Y6SC7,466.0,455.0,455.0,704.0,236.0,431.0,1133.0,1400.0,455.0,726.0,303.0,1115.5,1.0,1.0,1.0,3.0,3.0,1.0,2,3,1,3,3,2
5YMQK7,1100.0,534.0,903.0,750.0,305.0,892.0,1200.0,567.0,1100.0,1200.0,484.0,1346.0,0.0,3.0,1.0,1.0,3.0,1.0,2,3,3,3,3,2
SAGRP5,1300.0,1200.0,1200.0,1500.0,444.0,1100.0,1300.0,1400.0,1450.0,1700.0,660.0,1400.0,0.0,0.0,0.0,0.0,3.0,0.0,1,2,2,2,3,3
YKNCWD,570.0,1600.0,540.0,360.0,203.0,677.0,1400.0,1700.0,574.0,1400.0,365.0,1300.0,1.0,0.0,3.0,1.0,3.0,1.0,3,3,3,3,3,3
YKTYED,1200.0,730.0,870.0,1400.0,334.0,310.0,1250.0,1600.0,1400.0,1500.0,543.0,320.0,0.0,1.0,1.0,0.0,3.0,3.0,2,3,3,2,3,3
C4V4NB,1600.0,1000.0,241.0,1000.0,134.0,266.0,1600.0,1400.0,427.0,1100.0,396.0,314.0,0.0,1.0,3.0,1.0,3.0,3.0,1,2,3,3,3,3
PZ7CDG,10000.0,1000.0,10000.0,1400.0,306.0,1100.0,10000.0,1250.0,10000.0,1700.0,490.0,1100.0,0.0,1.0,0.0,0.0,3.0,0.0,0,2,0,3,3,2
6QFHN8,1100.0,583.0,353.0,671.0,164.0,415.0,1500.0,1200.0,1300.0,1100.0,191.0,506.0,0.0,1.0,1.0,1.0,3.0,2.0,2,3,3,3,3,3
8UE6U3,568.0,415.0,872.0,579.0,167.0,754.0,996.0,430.0,1100.0,913.0,241.0,1200.0,2.0,2.0,1.0,2.0,3.0,1.0,3,3,3,3,3,3
3SE97Q,1100.0,10000.0,724.0,1100.0,284.0,1200.0,1100.0,10000.0,1400.0,1250.0,414.0,1200.0,0.0,0.0,1.0,0.0,3.0,0.0,1,0,3,2,3,3
9237HP,1000.0,1500.0,485.0,1100.0,243.0,533.0,1050.0,1600.0,555.0,1200.0,288.0,791.0,1.0,0.0,3.0,0.0,3.0,2.0,2,3,3,3,3,3
6QKH28,1900.0,10000.0,678.0,522.0,265.0,707.0,1900.0,10000.0,1500.0,1200.0,373.0,1100.0,0.0,0.0,1.0,1.0,3.0,1.0,1,0,3,3,3,3
0G13Q9,1600.0,120.0,210.0,418.0,486.0,462.0,1600.0,660.0,928.0,1000.0,490.0,839.0,0.0,1.0,2.0,2.0,3.0,3.0,1,2,3,3,3,3
U7B83S,697.0,412.0,396.0,535.0,215.0,342.0,708.0,731.0,472.0,562.0,393.0,524.0,3.0,3.0,3.0,3.0,3.0,3.0,3,3,3,3,3,3
7D407A,2000.0,2000.0,688.0,898.0,246.0,767.0,2000.0,2000.0,1400.0,946.0,329.0,823.0,0.0,0.0,2.0,4.0,6.0,4.0,2,2,6,6,6,6
5YEWY7,113.0,128.0,149.0,294.0,299.0,134.0,224.0,940.0,221.0,549.0,304.0,258.0,3.0,2.0,3.0,3.0,3.0,3.0,3,3,3,3,3,3
5YEH37,774.0,836.0,1300.0,310.0,102.0,840.0,1600.0,931.0,1600.0,745.0,651.0,1800.0,1.0,2.0,0.0,2.0,3.0,1.0,3,3,3,3,3,3
1371X6,301.0,671.0,184.0,903.0,130.0,546.0,477.0,1500.0,714.0,1300.0,452.0,1400.0,3.0,1.0,3.0,1.0,3.0,1.0,3,3,3,3,3,3
3SDZKQ,1400.0,1200.0,578.0,986.0,70.0,556.0,1450.0,1800.0,924.0,1100.0,209.0,830.0,0.0,0.0,2.0,1.0,3.0,3.0,2,3,3,3,3,3
R9ZAUJ,427.0,559.0,228.0,1000.0,73.0,617.0,603.0,1700.0,760.0,1200.0,565.0,1300.0,3.0,1.0,3.0,1.0,3.0,1.0,3,3,3,3,3,3
YYNWD6,58.0,525.0,362.0,348.0,134.0,272.0,202.0,808.0,513.0,501.0,315.0,569.0,3.0,3.0,3.0,3.0,3.0,3.0,3,3,3,3,3,3
SSGC5Y,590.0,613.0,473.0,440.0,198.0,1300.0,661.0,619.0,565.0,1000.0,231.0,1300.0,3.0,2.0,3.0,2.0,3.0,0.0,3,3,3,3,3,3
75K8A8,839.0,758.0,1500.0,823.0,750.0,857.0,969.5,758.0,1600.0,857.0,892.0,868.0,1.0,1.0,0.0,2.0,3.0,2.0,2,1,2,2,3,3
S3945Y,633.0,629.0,311.0,1000.0,210.0,1500.0,1200.0,641.0,1000.0,1100.0,263.0,1500.0,1.0,2.0,2.0,1.0,3.0,0.0,3,3,3,3,3,3
0WPU9N,718.0,710.0,189.0,736.0,73.0,783.0,749.0,1400.0,552.0,937.0,354.0,1100.0,3.0,1.0,3.0,2.0,3.0,1.0,3,3,3,3,3,3
AUQBYX,10000.0,10000.0,348.0,59.0,225.0,747.0,10000.0,10000.0,348.0,59.0,463.0,750.0,0.0,0.0,1.0,1.0,2.0,3.0,0,0,1,1,3,3
AU3CYX,442.0,536.0,480.0,906.0,238.0,426.0,550.0,1400.0,678.0,988.0,471.0,640.0,3.0,1.0,2.0,2.0,3.0,3.0,3,3,3,3,3,3
AU96YX,1900.0,1200.0,371.0,1100.0,463.0,412.0,1900.0,1400.0,921.0,1600.0,468.0,731.0,0.0,0.0,2.0,0.0,3.0,3.0,2,3,3,3,3,3
RE65JQ,1300.0,820.0,585.0,1700.0,232.0,332.0,1500.0,1600.0,1300.0,1700.0,375.0,336.0,0.0,1.0,1.0,0.0,3.0,3.0,2,3,3,3,3,3
JCF60D,626.0,680.0,295.0,814.0,88.0,367.0,760.0,706.0,552.0,1000.0,146.0,1200.0,2.0,3.0,3.0,2.0,3.0,1.0,3,3,3,3,3,3
3ZKWQ3,301.0,671.0,184.0,903.0,130.0,546.0,477.0,1500.0,714.0,1300.0,452.0,1400.0,3.0,1.0,3.0,1.0,3.0,1.0,3,3,3,3,3,3
CUWPBC,910.0,868.0,312.0,570.0,143.0,814.0,1100.0,1800.0,561.0,803.0,216.0,1400.0,1.0,1.0,3.0,2.0,3.0,1.0,3,3,3,3,3,3
74259A,328.0,1700.0,1300.0,1900.0,172.0,652.0,328.0,1700.0,1300.0,1900.0,377.0,1000.0,1.0,0.0,0.0,0.0,3.0,2.0,1,3,1,1,3,3
74PWQA,10000.0,971.0,640.0,1800.0,678.0,10000.0,10000.0,1435.5,640.0,1800.0,1000.0,10000.0,0.0,1.0,1.0,0.0,2.0,0.0,0,2,1,1,3,0
AFJ55Y,964.0,263.0,1100.0,1500.0,82.0,701.0,1132.0,739.0,1100.0,1650.0,262.0,714.0,1.0,3.0,0.0,0.0,3.0,3.0,2,3,1,2,3,3
AFCAEY,897.0,747.0,159.0,1400.0,212.0,763.0,897.0,747.0,1600.0,1550.0,264.0,981.0,1.0,1.0,1.0,0.0,3.0,3.0,1,1,3,2,3,3
RNGK4J,1700.0,10000.0,918.0,1900.0,147.0,1600.0,1700.0,10000.0,961.0,1900.0,329.0,1600.0,0.0,0.0,2.0,0.0,2.0,0.0,1,0,3,1,3,1
AFHN5Y,10000.0,10000.0,540.0,10000.0,222.0,456.0,10000.0,10000.0,872.0,10000.0,305.0,1800.0,0.0,0.0,3.0,0.0,3.0,1.0,0,0,3,0,3,3
C0DH4B,336.0,1400.0,207.0,608.0,92.0,491.0,998.0,1500.0,688.0,1100.0,254.0,509.0,2.0,0.0,3.0,1.0,3.0,3.0,3,2,3,3,3,3
3D19NQ,310.0,174.0,854.0,340.0,534.0,98.0,939.0,769.0,1200.0,893.0,627.0,744.0,3.0,2.0,1.0,3.0,3.0,3.0,3,3,3,3,3,3
8YV043,89.0,711.0,310.0,573.0,64.0,1000.0,751.0,1100.0,370.0,648.0,143.0,1000.0,3.0,1.0,3.0,2.0,3.0,2.0,3,3,3,3,3,3
QHV30U,1200.0,789.0,838.0,1500.0,276.0,360.0,1250.0,1600.0,1400.0,1700.0,500.0,369.0,0.0,1.0,1.0,0.0,3.0,3.0,2,3,3,3,3,3
5BXVC7,289.0,359.0,208.0,10000.0,877.0,10000.0,844.5,382.0,208.0,10000.0,1600.0,10000.0,1.0,3.0,1.0,0.0,1.0,0.0,2,3,1,0,3,0
WZV0XR,836.0,727.0,226.0,535.0,56.0,877.0,997.0,1900.0,478.0,995.0,394.0,1400.0,2.0,1.0,3.0,2.0,3.0,1.0,3,3,3,3,3,3
QDN7NU,10000.0,1900.0,246.0,1900.0,196.0,10000.0,10000.0,1900.0,246.0,1900.0,278.0,10000.0,0.0,0.0,1.0,0.0,3.0,0.0,0,1,1,1,3,0
5CFDS7,312.0,20.0,499.0,1400.0,153.0,339.0,312.0,810.0,1149.5,1400.0,265.0,339.0,1.0,1.0,1.0,0.0,3.0,1.0,1,2,2,1,3,1
KR08NC,1600.0,1100.0,422.0,1500.0,166.0,493.0,1700.0,1200.0,896.0,1500.0,188.0,704.0,0.0,0.0,3.0,0.0,3.0,3.0,2,3,3,1,3,3
RZG4WJ,10000.0,10000.0,895.0,10000.0,873.0,10000.0,10000.0,10000.0,895.0,10000.0,976.0,10000.0,0.0,0.0,1.0,0.0,2.0,0.0,0,0,1,0,3,0
4948HF,498.0,464.0,737.0,150.0,251.0,432.0,653.0,571.0,1400.0,494.0,633.0,482.0,2.0,2.0,1.0,3.0,3.0,3.0,3,3,3,3,3,3
656W98,157.0,383.0,557.0,408.0,416.0,302.0,715.0,812.0,1100.0,746.0,467.0,756.0,3.0,2.0,1.0,3.0,3.0,3.0,3,3,3,3,3,3
SH3P05,10000.0,87.0,803.0,719.0,188.0,985.0,10000.0,251.0,1001.5,727.0,232.0,1292.5,0.0,3.0,1.0,3.0,3.0,1.0,0,3,2,3,3,2
3A9Z7Q,1800.0,304.0,505.0,702.0,171.0,600.0,1800.0,702.0,913.0,1200.0,720.0,631.0,0.0,1.0,3.0,1.0,3.0,3.0,1,2,3,3,3,3
YE0EMD,1200.0,2000.0,353.0,894.0,248.0,1300.0,1200.0,2000.0,1200.0,894.0,345.0,1400.0,0.0,0.0,1.0,1.0,3.0,0.0,1,1,3,1,3,2
9N6QKP,1200.0,1000.0,1200.0,1700.0,206.0,1500.0,1500.0,1100.0,1400.0,1800.0,334.0,1500.0,0.0,1.0,0.0,0.0,3.0,0.0,2,3,3,3,3,2
0TVDE9,435.0,10000.0,337.0,1100.0,171.0,194.0,658.0,10000.0,767.0,1300.0,277.0,366.0,3.0,0.0,3.0,0.0,3.0,3.0,3,0,3,3,3,3
9TJ5TP,1200.0,1900.0,904.0,1200.0,168.0,1100.0,1200.0,1900.0,1100.0,1300.0,266.0,1200.0,0.0,0.0,1.0,0.0,3.0,0.0,1,1,3,2,3,3
37WNAQ,1600.0,870.0,1600.0,1900.0,292.0,293.0,1600.0,870.0,1600.0,1900.0,472.0,1600.0,0.0,1.0,0.0,0.0,3.0,1.0,1,1,1,1,3,3
40X8MF,1600.0,1100.0,422.0,1500.0,166.0,493.0,1700.0,1200.0,896.0,1500.0,188.0,704.0,0.0,0.0,3.0,0.0,3.0,3.0,2,3,3,1,3,3
RGT4CJ,10000.0,10000.0,10000.0,10000.0,593.0,10000.0,10000.0,10000.0,10000.0,10000.0,1046.5,10000.0,0.0,0.0,0.0,0.0,1.0,0.0,0,0,0,0,2,0
40913F,1300.0,240.0,1200.0,651.0,233.0,713.0,1600.0,381.0,1700.0,1400.0,309.0,977.0,0.0,3.0,0.0,1.0,3.0,2.0,3,3,3,3,3,3
6S3N08,10000.0,10000.0,10000.0,10000.0,672.0,10000.0,10000.0,10000.0,10000.0,10000.0,836.0,10000.0,0.0,0.0,0.0,0.0,2.0,0.0,0,0,0,0,2,0
UAQ2PS,1100.0,372.0,529.0,1200.0,144.0,1200.0,1200.0,466.0,1600.0,1200.0,205.0,1300.0,0.0,3.0,1.0,0.0,3.0,0.0,3,3,3,1,3,2
6UMPJ8,1400.0,1600.0,963.0,1500.0,333.0,778.0,1700.0,1600.0,1081.5,1500.0,353.0,782.0,0.0,0.0,1.0,0.0,3.0,3.0,2,1,2,3,3,3
AKUARY,10000.0,543.0,524.0,1300.0,604.0,176.0,10000.0,694.0,626.0,1700.0,608.0,209.0,0.0,2.0,3.0,0.0,3.0,3.0,0,2,3,3,3,3
YCXBRD,433.0,1200.0,456.0,367.0,230.0,830.0,1300.0,1200.0,542.0,1200.0,415.0,1500.0,1.0,0.0,3.0,1.0,3.0,1.0,3,3,3,3,3,3
DBN80H,748.0,901.0,660.0,230.0,373.0,410.0,748.0,1050.5,693.0,553.0,399.0,636.0,1.0,1.0,3.0,2.0,3.0,3.0,1,2,3,3,3,3
DBPQNH,996.0,1200.0,1200.0,1300.0,501.0,1900.0,1498.0,1450.0,1450.0,1400.0,1000.0,2000.0,1.0,0.0,0.0,0.0,2.0,0.0,2,2,2,3,3,3
6UCQ28,699.0,401.0,1100.0,1200.0,479.0,843.0,699.0,676.0,1900.0,1300.0,681.0,1400.0,1.0,3.0,0.0,0.0,3.0,1.0,1,3,3,3,3,3
6U7ED8,876.0,1100.0,96.0,175.0,296.0,320.0,944.0,1600.0,578.0,1100.0,506.0,1400.0,2.0,0.0,3.0,1.0,3.0,1.0,3,3,3,3,3,3
PTNSEG,1500.0,10000.0,1200.0,1400.0,517.0,687.0,1500.0,10000.0,1300.0,1500.0,616.0,1100.0,0.0,0.0,0.0,0.0,3.0,1.0,1,0,3,3,3,3
W99T7R,484.0,811.0,193.0,758.0,477.0,374.0,717.0,1100.0,364.0,797.0,658.0,709.0,3.0,1.0,2.0,2.0,3.0,3.0,3,3,3,3,3,3
JGPHR0,335.0,1800.0,1700.0,10000.0,203.0,1300.0,335.0,1800.0,1700.0,10000.0,526.0,1500.0,1.0,0.0,0.0,0.0,3.0,0.0,1,1,1,0,3,3
JP4W10,313.0,1500.0,264.0,1100.0,83.0,18.0,672.0,1500.0,834.0,1400.0,437.0,506.0,3.0,0.0,2.0,0.0,3.0,3.0,3,2,3,3,3,3
13ZH96,1400.0,221.0,372.0,238.0,381.0,301.0,1400.0,1400.0,1000.0,863.0,567.0,884.0,0.0,1.0,2.0,2.0,3.0,3.0,1,3,3,3,3,3
C47W0B,796.0,858.0,331.0,842.0,244.0,976.0,1400.0,1379.0,436.0,1000.0,368.0,1100.0,1.0,1.0,3.0,3.0,3.0,1.0,3,2,3,3,3,3
92EA1P,1000.0,1200.0,1500.0,1400.0,211.0,1000.0,1100.0,1500.0,1500.0,1500.0,477.0,1150.0,1.0,0.0,0.0,0.0,3.0,1.0,2,3,1,3,3,2
4R764F,205.0,1400.0,235.0,379.0,169.0,406.0,771.0,1550.0,773.0,1300.0,176.0,582.0,3.0,0.0,3.0,1.0,3.0,3.0,3,2,3,3,3,3
R9S3RJ,524.0,10000.0,162.0,803.0,85.0,806.0,1000.0,10000.0,712.0,1200.0,308.0,1000.0,3.0,0.0,3.0,1.0,3.0,2.0,3,0,3,3,3,3
SAP9X5,1300.0,1400.0,559.0,787.0,467.0,170.0,1400.0,1400.0,1300.0,1100.0,493.0,200.0,0.0,0.0,1.0,1.0,3.0,3.0,3,1,3,3,3,3
KEZWQC,780.0,431.0,349.0,1400.0,324.0,1700.0,792.0,433.0,796.0,1650.0,602.0,1850.0,2.0,3.0,3.0,0.0,3.0,0.0,3,3,3,2,3,2
JPV750,494.0,1700.0,325.0,965.0,183.0,224.0,536.0,1700.0,885.0,1500.0,251.0,272.0,3.0,0.0,3.0,1.0,3.0,3.0,3,1,3,3,3,3
YKBYND,523.0,946.0,1400.0,664.0,396.0,1100.0,523.0,1100.0,1600.0,1100.0,649.0,1400.0,1.0,1.0,0.0,1.0,3.0,0.0,1,3,3,3,3,3
7DD1GA,1000.0,297.0,357.0,857.0,888.0,1100.0,1500.0,861.0,1128.5,1100.0,1200.0,1300.0,1.0,3.0,1.0,1.0,1.0,0.0,2,3,2,3,3,3
88U03A,524.0,568.0,296.0,660.0,184.0,111.0,1800.0,1100.0,716.0,770.0,307.0,673.0,1.0,1.0,3.0,3.0,3.0,3.0,3,3,3,3,3,3
DYYCHF,10000.0,10000.0,1200.0,10000.0,936.0,10000.0,10000.0,10000.0,1200.0,10000.0,1400.0,10000.0,0.0,0.0,0.0,0.0,1.0,0.0,0,0,1,0,3,0
G9EX2N,536.0,10000.0,202.0,1200.0,273.0,203.0,600.0,10000.0,927.0,1300.0,323.0,377.0,3.0,0.0,3.0,0.0,3.0,3.0,3,0,3,3,3,3
PRDTGA,370.0,498.0,460.0,708.0,104.0,471.0,370.0,1000.0,1200.0,1000.0,240.0,532.0,1.0,2.0,1.0,2.0,3.0,3.0,1,3,3,3,3,3
2J0HZN,1400.0,320.0,592.0,1400.0,289.0,223.0,1700.0,499.0,1096.0,1600.0,435.0,233.0,0.0,3.0,1.0,0.0,3.0,3.0,3,3,2,3,3,3
EDDX4W,93.0,1800.0,441.0,994.0,239.0,302.0,500.0,1800.0,529.0,1300.0,267.0,435.0,3.0,0.0,2.0,1.0,3.0,3.0,3,2,3,3,3,3
94MRPM,10000.0,10000.0,10000.0,52.0,1100.0,10000.0,10000.0,10000.0,10000.0,106.0,1200.0,10000.0,0.0,0.0,0.0,3.0,0.0,0.0,0,0,0,3,2,0
821T3A,516.0,1500.0,460.0,869.0,103.0,664.0,1200.0,1650.0,479.0,1100.0,251.0,665.0,1.0,0.0,3.0,1.0,3.0,3.0,3,2,3,3,3,3
KT8FCJ,430.0,1400.0,1300.0,1800.0,413.0,792.0,1115.0,1450.0,1600.0,1800.0,444.0,1100.0,1.0,0.0,0.0,0.0,3.0,1.0,2,2,3,2,3,3
SE8C5Y,1800.0,1300.0,881.0,868.0,443.0,324.0,1800.0,1300.0,1600.0,1400.0,479.0,1600.0,0.0,0.0,1.0,1.0,3.0,1.0,1,3,3,3,3,3
EG8S74,10000.0,10000.0,251.0,10000.0,408.0,10000.0,10000.0,10000.0,251.0,10000.0,485.0,10000.0,0.0,0.0,1.0,0.0,2.0,0.0,0,0,1,0,2,0
7DTB4A,297.0,1000.0,380.0,470.0,140.0,866.0,448.0,1000.0,693.0,1100.0,206.0,1200.0,3.0,3.0,3.0,1.0,3.0,1.0,3,3,3,3,3,3
3SR1YQ,10000.0,10000.0,1100.0,10000.0,285.0,1200.0,10000.0,10000.0,1400.0,10000.0,557.0,1600.0,0.0,0.0,0.0,0.0,3.0,0.0,0,0,3,0,3,3
W0GTUR,1200.0,450.0,570.0,214.0,180.0,390.0,1200.0,631.0,1135.0,1000.0,180.0,492.0,0.0,3.0,1.0,2.0,3.0,3.0,1,3,2,3,3,3
JMEB0D,2000.0,10000.0,384.0,729.0,400.0,308.0,2000.0,10000.0,1600.0,729.0,624.0,375.0,0.0,0.0,1.0,1.0,3.0,3.0,1,0,3,1,3,3
PVBZ0G,10000.0,1200.0,10000.0,437.0,276.0,10000.0,10000.0,1200.0,10000.0,1600.0,364.0,10000.0,0.0,0.0,0.0,1.0,3.0,0.0,0,2,0,3,3,0
0XTQB9,695.0,152.0,110.0,214.0,380.0,161.0,1300.0,205.0,814.0,264.0,381.0,1000.0,1.0,3.0,3.0,2.0,3.0,2.0,3,3,3,3,3,3
0NNFZ9,1000.0,1400.0,659.0,1700.0,152.0,1400.0,1300.0,1400.0,762.0,1800.0,329.0,1400.0,1.0,0.0,2.0,0.0,3.0,0.0,3,3,3,2,3,1
ABG9EY,10000.0,10000.0,887.0,225.0,544.0,799.0,10000.0,10000.0,887.0,868.0,715.0,799.0,0.0,0.0,1.0,3.0,3.0,1.0,0,0,1,3,3,1
JGBRQ0,1800.0,10000.0,1100.0,1100.0,492.0,628.0,1900.0,10000.0,1500.0,1200.0,591.0,1000.0,0.0,0.0,0.0,0.0,3.0,2.0,3,0,3,3,3,3
CFGVWB,679.0,1700.0,992.0,120.0,63.0,880.0,679.0,1800.0,1446.0,320.0,300.0,1500.0,1.0,0.0,1.0,3.0,3.0,1.0,1,2,2,3,3,3
3SBM4Q,889.0,1600.0,314.0,716.0,121.0,188.0,1200.0,1650.0,830.0,1100.0,157.0,1400.0,1.0,0.0,2.0,1.0,3.0,1.0,3,2,3,3,3,3
JPTNV0,2000.0,10000.0,948.0,789.0,434.0,965.0,2000.0,10000.0,1700.0,1400.0,655.0,1200.0,0.0,0.0,1.0,1.0,3.0,1.0,1,0,3,3,3,3
5EJ9B7,716.0,815.0,399.0,923.0,319.0,918.0,1400.0,1307.5,433.0,955.0,454.0,1100.0,1.0,1.0,3.0,2.0,3.0,1.0,3,2,3,3,3,3
8YMDU3,908.0,658.0,146.0,615.0,120.0,956.0,916.0,1900.0,517.0,1000.0,437.0,1400.0,2.0,1.0,3.0,2.0,3.0,1.0,3,3,3,3,3,3
WZY0WR,2000.0,10000.0,1400.0,1900.0,569.0,1300.0,2000.0,10000.0,1600.0,1900.0,687.0,1300.0,0.0,0.0,0.0,0.0,3.0,0.0,1,0,3,1,3,1
SY3PF5,1400.0,1700.0,610.0,1100.0,74.0,1200.0,1400.0,1700.0,1005.0,1100.0,497.0,1500.0,0.0,0.0,1.0,0.0,3.0,0.0,1,1,2,1,3,3
Q7FB9U,746.0,1000.0,565.0,577.0,101.0,738.0,1100.0,1000.0,1100.0,1000.0,433.0,1200.0,1.0,1.0,1.0,2.0,3.0,1.0,3,1,3,3,3,3
PT685G,1900.0,959.0,1400.0,1600.0,491.0,571.0,1900.0,959.0,1700.0,1600.0,558.0,1700.0,0.0,1.0,0.0,0.0,3.0,1.0,1,1,2,1,3,3
SAQ4A5,392.0,310.0,1500.0,934.0,419.0,1300.0,606.0,313.0,1600.0,1417.0,429.0,1300.0,2.0,3.0,0.0,1.0,3.0,0.0,3,3,3,2,3,3
923ZMP,856.0,156.0,199.0,386.0,255.0,262.0,1100.0,186.0,896.0,403.0,408.0,1100.0,1.0,3.0,3.0,2.0,3.0,1.0,3,3,3,3,3,3
671CH8,676.0,1500.0,324.0,1400.0,228.0,1000.0,1800.0,1600.0,324.0,1400.0,915.0,1500.0,1.0,0.0,1.0,0.0,3.0,1.0,3,3,1,3,3,3
UAR0WS,10000.0,10000.0,10000.0,10000.0,1600.0,10000.0,10000.0,10000.0,10000.0,10000.0,1600.0,10000.0,0.0,0.0,0.0,0.0,0.0,0.0,0,0,0,0,1,0
DB0DUH,1200.0,1500.0,303.0,517.0,115.0,600.0,1700.0,1650.0,754.0,727.0,153.0,645.0,0.0,0.0,3.0,3.0,3.0,3.0,3,2,3,3,3,3
SDDQ25,880.0,1200.0,2000.0,1300.0,1000.0,746.0,880.0,1500.0,2000.0,1650.0,1100.0,1500.0,1.0,0.0,0.0,0.0,1.0,1.0,1,3,1,2,3,3
J2F3F0,240.0,150.0,276.0,478.0,136.0,425.0,305.0,410.0,735.0,713.0,150.0,607.0,3.0,3.0,3.0,3.0,3.0,3.0,3,3,3,3,3,3
CF3G6B,939.0,1600.0,1600.0,10000.0,396.0,1500.0,939.0,1600.0,1600.0,10000.0,753.0,1500.0,1.0,0.0,0.0,0.0,3.0,0.0,1,1,1,0,3,2
WGPQFR,204.0,1000.0,686.0,1300.0,355.0,400.0,1100.0,1600.0,999.0,1500.0,576.0,448.0,1.0,1.0,2.0,0.0,3.0,3.0,3,3,3,3,3,3
40PADF,281.0,1300.0,527.0,1100.0,312.0,510.0,700.0,1300.0,1400.0,1100.0,391.0,807.0,3.0,0.0,1.0,0.0,3.0,3.0,3,3,3,3,3,3
PTPBXG,1000.0,1400.0,1500.0,1200.0,329.0,290.0,1500.0,1400.0,1500.0,1400.0,595.0,467.5,1.0,0.0,0.0,0.0,3.0,2.0,3,1,1,2,3,2
0Z1KE9,999.0,784.0,206.0,803.0,103.0,1700.0,1000.0,784.0,1053.0,803.0,243.0,1700.0,2.0,1.0,1.0,1.0,3.0,0.0,3,1,2,1,3,2
ACEE4Y,2000.0,1700.0,479.0,700.0,97.0,76.0,2000.0,1900.0,1300.0,943.0,271.0,104.0,0.0,0.0,1.0,3.0,3.0,3.0,1,3,3,3,3,3
SHDR75,691.0,735.0,1400.0,1100.0,229.0,654.0,857.0,1000.0,1700.0,1600.0,330.0,729.0,3.0,2.0,0.0,0.0,3.0,3.0,3,3,3,3,3,3
8S8HM3,571.0,1100.0,501.0,823.0,285.0,259.0,647.0,1100.0,1600.0,850.0,903.0,428.0,3.0,0.0,1.0,2.0,3.0,3.0,3,3,3,3,3,3
85UZD3,303.0,401.0,27.0,209.0,166.0,359.0,406.0,638.0,377.0,539.0,186.0,433.0,3.0,3.0,3.0,3.0,3.0,3.0,3,3,3,3,3,3
RG02NJ,387.0,10000.0,827.0,1700.0,837.0,479.0,693.5,10000.0,1000.0,1700.0,905.0,660.0,2.0,0.0,2.0,0.0,2.0,3.0,2,0,3,1,3,3
RGENUJ,952.0,10000.0,10000.0,587.0,475.0,1100.0,979.0,10000.0,10000.0,943.5,684.0,1300.0,2.0,0.0,0.0,1.0,2.0,0.0,3,0,0,2,3,3
1QMC06,145.0,389.0,854.0,352.0,158.0,59.0,148.0,512.0,986.0,822.0,170.0,473.0,3.0,3.0,2.0,3.0,3.0,3.0,3,3,3,3,3,3
7KD8NA,528.0,1100.0,783.0,1100.0,73.0,610.0,1000.0,1300.0,1200.0,1100.0,105.0,979.0,2.0,0.0,1.0,0.0,3.0,3.0,3,3,3,1,3,3
65AN48,41.0,1900.0,1000.0,561.0,491.0,617.0,368.0,1900.0,1100.0,1500.0,849.0,635.0,3.0,0.0,1.0,1.0,3.0,3.0,3,2,3,3,3,3
85UTH3,827.0,1800.0,241.0,382.0,408.0,537.0,878.0,1800.0,509.0,1700.0,410.0,537.0,2.0,0.0,3.0,1.0,3.0,1.0,3,1,3,3,3,1
7HQSSA,391.0,10000.0,678.0,10000.0,314.0,10000.0,1800.0,10000.0,1500.0,10000.0,337.0,10000.0,1.0,0.0,1.0,0.0,3.0,0.0,3,0,3,0,3,0
8S14U3,472.0,937.0,756.0,1200.0,210.0,664.0,922.0,1200.0,1100.0,1200.0,295.0,871.0,3.0,1.0,1.0,0.0,3.0,2.0,3,3,3,1,3,3
375SMQ,754.0,10000.0,1200.0,10000.0,747.0,10000.0,877.0,10000.0,1400.0,10000.0,1000.0,10000.0,2.0,0.0,0.0,0.0,2.0,0.0,3,0,3,0,3,0
PTPCNG,583.0,1300.0,780.0,1100.0,444.0,10000.0,1600.0,1300.0,1600.0,1100.0,470.0,10000.0,1.0,0.0,1.0,0.0,3.0,0.0,3,1,3,1,3,0
YCHESD,10000.0,10000.0,1100.0,219.0,587.0,1200.0,10000.0,10000.0,1100.0,1100.0,630.0,1200.0,0.0,0.0,0.0,1.0,3.0,0.0,0,0,1,3,3,1
GXTKG2,198.0,1700.0,481.0,1200.0,228.0,212.0,372.0,1850.0,506.0,1300.0,254.0,810.0,2.0,0.0,3.0,0.0,3.0,2.0,3,2,3,3,3,3
Q78FAU,986.0,10000.0,1200.0,1900.0,398.0,986.0,986.0,10000.0,1500.0,1900.0,557.0,1000.0,1.0,0.0,0.0,0.0,3.0,2.0,1,0,3,1,3,3
EJKGH4,393.0,418.0,707.0,244.0,357.0,411.0,578.0,702.0,711.0,922.0,396.0,758.0,3.0,3.0,3.0,2.0,3.0,2.0,3,3,3,3,3,3
J29X50,10000.0,10000.0,616.0,10000.0,375.0,10000.0,10000.0,10000.0,616.0,10000.0,1100.0,10000.0,0.0,0.0,1.0,0.0,1.0,0.0,0,0,1,0,3,0
JGFVK0,2000.0,10000.0,1300.0,10000.0,591.0,10000.0,2000.0,10000.0,1300.0,10000.0,676.0,10000.0,0.0,0.0,0.0,0.0,3.0,0.0,1,0,1,0,3,0
JZNH40,139.0,492.0,459.0,1400.0,272.0,430.0,450.0,718.0,676.0,1400.0,510.0,773.0,2.0,2.0,3.0,0.0,3.0,2.0,3,3,3,1,3,3
J22GV0,177.0,1400.0,202.0,249.0,78.0,1500.0,668.0,1600.0,812.0,820.0,421.0,1600.0,3.0,0.0,3.0,3.0,3.0,0.0,3,3,3,3,3,3
DEK4JH,1700.0,1800.0,345.0,844.0,93.0,1100.0,1700.0,1800.0,838.0,1400.0,291.0,1100.0,0.0,0.0,3.0,1.0,3.0,0.0,1,1,3,3,3,3
EJ0014,1400.0,1800.0,1900.0,1300.0,326.0,133.0,1700.0,1800.0,1900.0,1300.0,708.0,263.0,0.0,0.0,0.0,0.0,3.0,2.0,3,1,1,1,3,2
3775MQ,1500.0,1400.0,1100.0,1700.0,1200.0,10000.0,1500.0,1400.0,1400.0,1800.0,1400.0,10000.0,0.0,0.0,0.0,0.0,0.0,0.0,3,1,2,2,3,0
854Z63,967.0,10000.0,764.0,1500.0,382.0,1100.0,967.0,10000.0,1200.0,1500.0,561.0,1200.0,1.0,0.0,1.0,0.0,3.0,0.0,1,0,3,1,3,3
7KHVGA,145.0,1300.0,382.0,969.0,337.0,308.0,660.0,1450.0,1500.0,969.0,452.0,793.0,2.0,0.0,1.0,1.0,3.0,2.0,3,2,3,1,3,3
7KHDMA,1100.0,433.0,555.0,775.0,423.0,1500.0,1200.0,716.5,1227.5,1287.5,799.0,1500.0,0.0,2.0,1.0,1.0,2.0,0.0,3,2,2,2,3,1
J29BG0,2000.0,10000.0,961.0,10000.0,267.0,10000.0,2000.0,10000.0,961.0,10000.0,421.0,10000.0,0.0,0.0,1.0,0.0,3.0,0.0,1,0,1,0,3,0
9ZJMFP,557.0,626.0,847.0,1600.0,147.0,537.0,596.0,944.0,949.0,1600.0,359.0,981.0,3.0,2.0,2.0,0.0,3.0,3.0,3,3,3,1,3,3
8S6R53,1400.0,1700.0,1800.0,1400.0,156.0,265.0,1450.0,1700.0,1800.0,1700.0,523.0,267.0,0.0,0.0,0.0,0.0,3.0,2.0,2,1,1,2,3,2
3A6BFQ,1800.0,10000.0,10000.0,10000.0,970.0,10000.0,1800.0,10000.0,10000.0,10000.0,1600.0,10000.0,0.0,0.0,0.0,0.0,1.0,0.0,1,0,0,0,3,0
WGPNYR,1300.0,1800.0,2000.0,1200.0,471.0,176.0,1700.0,1800.0,2000.0,1200.0,699.0,344.5,0.0,0.0,0.0,0.0,3.0,2.0,3,1,1,1,3,2
QA7C1U,565.0,10000.0,1400.0,10000.0,1200.0,414.0,832.5,10000.0,1500.0,10000.0,1300.0,523.0,1.0,0.0,0.0,0.0,0.0,3.0,2,0,3,0,3,3
SDAV95,1100.0,10000.0,885.0,10000.0,588.0,10000.0,1100.0,10000.0,885.0,10000.0,661.0,10000.0,0.0,0.0,1.0,0.0,3.0,0.0,2,0,1,0,3,0
GX3W92,218.0,1700.0,505.0,1300.0,151.0,254.0,451.0,1700.0,516.0,1300.0,220.0,882.0,2.0,0.0,3.0,0.0,3.0,2.0,3,1,3,3,3,3
YBQ1VD,671.0,10000.0,1900.0,470.0,392.0,1100.0,1200.0,10000.0,1900.0,470.0,653.0,1600.0,1.0,0.0,0.0,1.0,3.0,0.0,3,0,1,1,3,3
J22670,10000.0,2000.0,286.0,926.0,397.0,184.0,10000.0,2000.0,888.0,1400.0,659.0,1200.0,0.0,0.0,2.0,1.0,3.0,1.0,0,1,3,3,3,3
5HHBH7,1400.0,10000.0,1100.0,1900.0,381.0,10000.0,1450.0,10000.0,1100.0,1900.0,844.0,10000.0,0.0,0.0,0.0,0.0,3.0,0.0,2,0,2,1,3,0
7KHDQA,155.0,564.0,454.0,249.0,179.0,441.0,309.0,771.0,665.0,581.0,261.0,777.0,3.0,3.0,3.0,3.0,3.0,2.0,3,3,3,3,3,3
GNGMH2,752.0,10000.0,1200.0,10000.0,600.0,10000.0,863.0,10000.0,1600.0,10000.0,959.0,10000.0,2.0,0.0,0.0,0.0,3.0,0.0,3,0,3,0,3,0
RGC1DJ,598.0,1800.0,1300.0,458.0,241.0,1400.0,867.0,1800.0,1400.0,979.0,402.0,1600.0,2.0,0.0,0.0,1.0,3.0,0.0,3,1,3,2,3,3
9TZ50P,1400.0,1400.0,1100.0,1200.0,1300.0,10000.0,1700.0,1400.0,1350.0,1200.0,1400.0,10000.0,0.0,0.0,0.0,0.0,0.0,0.0,2,1,2,1,3,0
W9FU9R,365.0,559.0,356.0,529.0,329.0,898.0,371.0,841.0,418.0,780.0,331.0,1200.0,3.0,3.0,3.0,2.0,3.0,1.0,3,3,3,3,3,3
1UQC46,263.0,672.0,504.0,408.0,215.0,600.0,376.0,687.0,605.0,455.0,221.0,689.0,3.0,3.0,3.0,3.0,3.0,2.0,3,3,3,3,3,3
9TGW3P,1100.0,10000.0,909.0,1700.0,316.0,1200.0,1100.0,10000.0,1500.0,1700.0,529.0,1200.0,0.0,0.0,1.0,0.0,3.0,0.0,1,0,3,1,3,3
7H74KA,10000.0,10000.0,1100.0,1600.0,688.0,919.0,10000.0,10000.0,1100.0,1700.0,827.0,919.0,0.0,0.0,0.0,0.0,2.0,1.0,0,0,1,2,3,1
375KUQ,1300.0,1400.0,345.0,374.0,271.0,1200.0,2000.0,1600.0,752.0,1300.0,453.0,1300.0,0.0,0.0,2.0,1.0,3.0,0.0,3,2,3,3,3,3
Q78C2U,806.0,1500.0,1900.0,652.0,128.0,522.0,1300.0,1500.0,1900.0,1226.0,336.0,761.0,1.0,0.0,0.0,1.0,3.0,2.0,3,1,1,2,3,2
37R06Q,1500.0,1700.0,424.0,700.0,192.0,1100.0,1500.0,1700.0,697.0,1400.0,203.0,1300.0,0.0,0.0,3.0,1.0,3.0,0.0,1,1,3,3,3,3
1UYJF6,1100.0,10000.0,861.0,10000.0,507.0,10000.0,1700.0,10000.0,930.5,10000.0,723.0,10000.0,0.0,0.0,2.0,0.0,3.0,0.0,3,0,2,0,3,0
SD06H5,10000.0,10000.0,648.0,10000.0,249.0,1600.0,10000.0,10000.0,648.0,10000.0,508.0,1600.0,0.0,0.0,1.0,0.0,2.0,0.0,0,0,1,0,3,1
UY5MZS,212.0,1900.0,1300.0,2000.0,890.0,1600.0,212.0,1900.0,1300.0,2000.0,1000.0,1750.0,1.0,0.0,0.0,0.0,2.0,0.0,1,1,1,1,3,2
EJVZT4,537.0,10000.0,1400.0,10000.0,336.0,550.0,1118.5,10000.0,1500.0,10000.0,931.0,562.0,1.0,0.0,0.0,0.0,3.0,3.0,2,0,3,0,3,3
40CRVF,1900.0,10000.0,1500.0,1400.0,849.0,10000.0,1900.0,10000.0,1500.0,1700.0,1600.0,10000.0,0.0,0.0,0.0,0.0,1.0,0.0,1,0,1,3,3,0
GX6FP2,509.0,1500.0,1600.0,293.0,350.0,1100.0,937.0,1500.0,1800.0,996.5,424.0,1600.0,2.0,0.0,0.0,1.0,3.0,0.0,3,1,3,2,3,3
85H063,85.0,614.0,353.0,148.0,65.0,203.0,361.0,621.0,505.0,871.0,107.0,339.0,3.0,3.0,3.0,3.0,3.0,3.0,3,3,3,3,3,3
2MVBXZ,420.0,1800.0,330.0,125.0,76.0,1900.0,904.0,1900.0,440.0,741.0,293.0,1900.0,3.0,0.0,2.0,3.0,3.0,0.0,3,2,3,3,3,1
GXXUB2,1400.0,1900.0,2000.0,1300.0,419.0,191.0,1800.0,1900.0,2000.0,1300.0,778.0,309.0,0.0,0.0,0.0,0.0,3.0,2.0,3,1,1,1,3,2
KF4Q6C,10000.0,10000.0,441.0,570.0,141.0,649.0,10000.0,10000.0,935.0,1235.0,404.0,924.5,0.0,0.0,3.0,1.0,3.0,1.0,0,0,3,2,3,2
ACB7HY,597.0,1800.0,294.0,534.0,224.0,489.0,838.0,1800.0,361.0,1700.0,409.0,489.0,2.0,0.0,3.0,1.0,3.0,1.0,3,1,3,3,3,1
QYAHMU,1300.0,1800.0,1900.0,1200.0,379.0,112.0,1700.0,1800.0,1900.0,1200.0,722.0,281.5,0.0,0.0,0.0,0.0,3.0,2.0,3,1,1,1,3,2
8556F3,354.0,10000.0,1600.0,313.0,299.0,1400.0,1100.0,10000.0,1700.0,1006.5,520.0,1500.0,1.0,0.0,0.0,1.0,3.0,0.0,3,0,3,2,3,3
RGYURJ,78.0,1500.0,79.0,575.0,296.0,1100.0,1200.0,1500.0,977.0,591.0,377.0,1200.0,1.0,0.0,2.0,3.0,3.0,0.0,3,1,3,3,3,3
UYJ1BS,1600.0,1300.0,443.0,536.0,240.0,997.0,1750.0,1550.0,853.0,1000.0,501.0,1200.0,0.0,0.0,3.0,2.0,3.0,1.0,2,2,3,3,3,3
40A14F,1100.0,1100.0,435.0,1000.0,554.0,10000.0,1300.0,1100.0,1167.5,1000.0,691.0,10000.0,0.0,0.0,1.0,1.0,3.0,0.0,3,1,2,1,3,0
9T3BJP,10000.0,10000.0,302.0,827.0,221.0,414.0,10000.0,10000.0,614.0,1600.0,421.0,954.0,0.0,0.0,3.0,1.0,3.0,2.0,0,0,3,3,3,3
1U89T6,1000.0,373.0,497.0,687.0,389.0,1500.0,1200.0,736.5,1148.5,1243.5,879.0,1500.0,1.0,1.0,1.0,1.0,3.0,0.0,3,2,2,2,3,1
RG55GJ,849.0,10000.0,576.0,295.0,551.0,363.0,1200.0,10000.0,989.0,997.5,703.0,861.0,1.0,0.0,2.0,1.0,3.0,2.0,3,0,3,2,3,3
0ZH0K9,1800.0,10000.0,10000.0,10000.0,10000.0,10000.0,1800.0,10000.0,10000.0,10000.0,10000.0,10000.0,0.0,0.0,0.0,0.0,0.0,0.0,1,0,0,0,0,0
6SWH08,488.0,307.0,599.0,925.0,135.0,422.0,568.0,396.0,634.0,1100.0,289.0,582.0,3.0,3.0,3.0,1.0,3.0,2.0,3,3,3,3,3,3
KFTSGC,10000.0,10000.0,925.0,10000.0,492.0,10000.0,10000.0,10000.0,925.0,10000.0,593.0,10000.0,0.0,0.0,1.0,0.0,3.0,0.0,0,0,1,0,3,0
DE4PPH,498.0,1300.0,789.0,804.0,306.0,722.0,713.0,1500.0,875.0,952.0,455.0,722.0,2.0,0.0,3.0,1.0,3.0,1.0,3,2,3,2,3,1
ACKZMY,316.0,1600.0,102.0,1100.0,244.0,414.0,380.0,1800.0,1700.0,1450.0,295.0,782.0,2.0,0.0,1.0,0.0,3.0,2.0,3,2,3,2,3,3
5H9N47,687.0,1800.0,365.0,408.0,190.0,1800.0,698.0,1800.0,666.0,431.0,259.0,1800.0,3.0,0.0,3.0,2.0,3.0,0.0,3,3,3,3,3,2
7KWB6A,483.0,1600.0,1300.0,135.0,104.0,299.0,638.0,1750.0,1400.0,1600.0,860.0,313.0,3.0,0.0,0.0,1.0,3.0,3.0,3,2,3,3,3,3
RGT7UJ,402.0,1500.0,480.0,583.0,276.0,170.0,546.0,1600.0,613.0,891.5,277.0,170.0,2.0,0.0,3.0,1.0,3.0,1.0,3,2,3,2,3,1
85QDM3,931.0,1900.0,774.0,943.0,433.0,895.0,1000.0,1900.0,828.0,943.0,688.0,935.0,2.0,0.0,3.0,1.0,3.0,2.0,3,1,3,1,3,3
PNAW4G,10000.0,10000.0,642.0,10000.0,375.0,10000.0,10000.0,10000.0,642.0,10000.0,580.0,10000.0,0.0,0.0,1.0,0.0,3.0,0.0,0,0,1,0,3,0
CW48MB,10000.0,10000.0,470.0,139.0,335.0,403.0,10000.0,10000.0,814.0,139.0,616.0,951.5,0.0,0.0,2.0,1.0,3.0,1.0,0,0,3,1,3,2
2MTRSZ,291.0,158.0,625.0,117.0,249.0,1800.0,1100.0,158.0,1200.0,1008.5,822.0,1800.0,1.0,1.0,1.0,1.0,3.0,0.0,3,1,3,2,3,1
ACK9ZY,985.0,10000.0,571.0,1200.0,500.0,1100.0,1800.0,10000.0,824.0,1200.0,637.0,1200.0,1.0,0.0,2.0,0.0,3.0,0.0,3,0,3,1,3,3
YBPC2D,321.0,1100.0,521.0,1400.0,132.0,675.0,870.0,1250.0,1300.0,1400.0,620.0,993.0,3.0,0.0,1.0,0.0,3.0,2.0,3,2,3,1,3,3
E0J2S4,910.0,1300.0,1500.0,1100.0,461.0,353.0,1600.0,1300.0,1500.0,1350.0,526.0,560.5,1.0,0.0,0.0,0.0,3.0,2.0,3,1,1,2,3,2
85RZM3,1200.0,1800.0,206.0,1800.0,239.0,10000.0,1200.0,1800.0,1000.0,1800.0,265.0,10000.0,0.0,0.0,2.0,0.0,3.0,0.0,3,1,3,1,3,0
SDMTX5,1400.0,10000.0,10000.0,285.0,184.0,940.0,1400.0,10000.0,10000.0,596.5,683.0,1200.0,0.0,0.0,0.0,2.0,3.0,1.0,3,0,0,2,3,3
RG8K3J,633.0,1600.0,1200.0,512.0,319.0,1500.0,849.0,1600.0,1400.0,1700.0,638.0,1500.0,2.0,0.0,0.0,1.0,3.0,0.0,3,1,3,3,3,3
QA47SU,464.0,327.0,468.0,363.0,65.0,360.0,523.0,885.0,748.0,1200.0,222.0,895.0,3.0,2.0,3.0,1.0,3.0,2.0,3,3,3,3,3,3
6SU1P8,669.0,1600.0,1300.0,388.0,190.0,1400.0,751.0,1600.0,1500.0,1700.0,603.0,1600.0,2.0,0.0,0.0,1.0,3.0,0.0,3,1,3,3,3,3
QA56AU,694.0,1300.0,1300.0,819.0,592.0,1800.0,1400.0,1300.0,1400.0,819.0,735.0,1800.0,1.0,0.0,0.0,1.0,3.0,0.0,3,1,3,1,3,1
GXZEN2,170.0,469.0,398.0,591.0,188.0,195.0,347.0,760.0,874.0,1700.0,240.0,568.0,3.0,3.0,3.0,1.0,3.0,2.0,3,3,3,3,3,3
5HTW87,395.0,222.0,190.0,1400.0,198.0,220.0,615.0,376.0,304.0,1600.0,497.0,452.0,2.0,3.0,3.0,0.0,3.0,3.0,3,3,3,3,3,3
YBZ0MD,899.0,823.0,687.0,459.0,134.0,218.0,1349.5,1100.0,1300.0,739.0,263.0,434.0,1.0,1.0,1.0,3.0,3.0,3.0,2,3,3,3,3,3
1UQYK6,131.0,10000.0,473.0,10000.0,434.0,10000.0,142.0,10000.0,1100.0,10000.0,785.0,10000.0,2.0,0.0,1.0,0.0,3.0,0.0,3,0,3,0,3,0
EJFYG4,1000.0,10000.0,587.0,1000.0,294.0,929.0,1700.0,10000.0,619.0,1000.0,606.0,1300.0,1.0,0.0,3.0,1.0,3.0,1.0,3,0,3,1,3,3
Q78XJU,626.0,1400.0,163.0,44.0,265.0,389.0,993.0,1400.0,811.0,1700.0,540.0,1144.5,2.0,0.0,3.0,1.0,3.0,1.0,3,1,3,3,3,2
7KDU2A,461.0,10000.0,718.0,1300.0,504.0,206.0,1130.5,10000.0,1109.0,1600.0,1000.0,309.0,1.0,0.0,1.0,0.0,2.0,2.0,2,0,2,2,3,3
EJUQV4,633.0,222.0,115.0,260.0,160.0,241.0,681.0,397.0,304.0,349.0,183.0,332.0,3.0,3.0,3.0,3.0,3.0,3.0,3,3,3,3,3,3
5HRD17,756.0,379.0,410.0,1100.0,98.0,377.0,908.0,401.0,472.0,1300.0,317.0,523.0,3.0,3.0,3.0,0.0,3.0,3.0,3,3,3,3,3,3
6SW978,634.0,607.0,719.0,1500.0,688.0,755.0,664.0,752.0,767.0,1600.0,762.0,1000.0,3.0,3.0,2.0,0.0,3.0,2.0,3,3,3,2,3,3
SDJ3B5,1500.0,1200.0,994.0,150.0,491.0,315.0,1500.0,1350.0,1100.0,969.0,702.0,357.0,0.0,0.0,1.0,2.0,2.0,3.0,1,2,3,3,3,3
6SUA18,1300.0,1800.0,1900.0,1200.0,403.0,131.0,1700.0,1800.0,1900.0,1200.0,721.0,296.5,0.0,0.0,0.0,0.0,3.0,2.0,3,1,1,1,3,2
DEZPCH,195.0,984.0,535.0,862.0,142.0,536.0,998.0,1092.0,866.0,906.0,280.0,536.0,2.0,1.0,2.0,2.0,3.0,1.0,3,2,3,2,3,1
6S00N8,1500.0,10000.0,890.0,1700.0,248.0,1600.0,1500.0,10000.0,1600.0,1700.0,310.0,1600.0,0.0,0.0,1.0,0.0,3.0,0.0,1,0,3,1,3,3
EJJGQ4,1900.0,1700.0,454.0,579.0,678.0,211.0,1900.0,1750.0,1200.0,1400.0,836.0,866.0,0.0,0.0,1.0,1.0,3.0,3.0,1,2,3,3,3,3
40RT6F,1700.0,1500.0,1700.0,753.0,1300.0,1300.0,1700.0,1650.0,1850.0,1100.0,1700.0,1300.0,0.0,0.0,0.0,1.0,0.0,0.0,1,2,2,3,3,1
850TT3,347.0,657.0,729.0,698.0,113.0,713.0,430.0,1100.0,819.0,1000.0,234.0,1100.0,3.0,1.0,3.0,2.0,3.0,1.0,3,3,3,3,3,3
0Z2SE9,1600.0,10000.0,1900.0,10000.0,1800.0,10000.0,1600.0,10000.0,1900.0,10000.0,1850.0,10000.0,0.0,0.0,0.0,0.0,0.0,0.0,1,0,1,0,2,0
YBH1PD,289.0,192.0,397.0,642.0,288.0,250.0,687.0,249.0,415.0,776.0,433.0,915.0,3.0,3.0,3.0,3.0,3.0,2.0,3,3,3,3,3,3
0ZPAJ9,545.0,1300.0,388.0,1600.0,220.0,551.0,1900.0,1300.0,1700.0,1700.0,344.0,925.0,1.0,0.0,1.0,0.0,3.0,2.0,3,1,3,2,3,3
9TB8NP,533.0,1800.0,1600.0,181.0,116.0,1300.0,864.0,1800.0,1700.0,990.5,579.0,1600.0,2.0,0.0,0.0,1.0,3.0,0.0,3,1,3,2,3,3
85BEG3,408.0,1100.0,470.0,603.0,131.0,1100.0,557.0,1300.0,998.0,939.0,277.0,1300.0,3.0,0.0,2.0,2.0,3.0,0.0,3,3,3,3,3,3
UYHMQS,841.0,2000.0,430.0,10000.0,641.0,10000.0,972.0,2000.0,915.0,10000.0,766.0,10000.0,2.0,0.0,1.0,0.0,2.0,0.0,3,1,2,0,3,0
6S7U28,1200.0,1500.0,1500.0,1500.0,147.0,440.0,1400.0,1500.0,1500.0,1600.0,247.0,458.5,0.0,0.0,0.0,0.0,3.0,2.0,3,1,1,2,3,2
KFF4KC,657.0,10000.0,410.0,10000.0,383.0,10000.0,1000.0,10000.0,743.0,10000.0,584.0,10000.0,2.0,0.0,2.0,0.0,3.0,0.0,3,0,3,0,3,0
KFB5SC,805.0,10000.0,701.0,765.0,438.0,748.0,1200.0,10000.0,916.0,765.0,754.0,893.0,1.0,0.0,3.0,1.0,3.0,3.0,3,0,3,1,3,3
SDWHP5,127.0,1300.0,450.0,788.0,212.0,336.0,575.0,1500.0,479.0,1200.0,230.0,522.0,3.0,0.0,3.0,1.0,3.0,3.0,3,3,3,3,3,3
7KEUJA,1300.0,1800.0,1900.0,1300.0,294.0,130.0,1600.0,1800.0,1900.0,1300.0,676.0,256.0,0.0,0.0,0.0,0.0,3.0,2.0,3,1,1,1,3,2
7KKE7A,10000.0,10000.0,1000.0,1600.0,797.0,1100.0,10000.0,10000.0,1000.0,1700.0,915.0,1100.0,0.0,0.0,1.0,0.0,3.0,0.0,0,0,1,2,3,1
40WSKF,522.0,1000.0,390.0,605.0,329.0,732.0,864.0,1150.0,1100.0,852.5,362.0,732.0,2.0,1.0,1.0,1.0,3.0,1.0,3,2,3,2,3,1
QAB00U,139.0,990.0,440.0,602.0,119.0,989.0,162.0,1000.0,523.0,948.0,126.0,1200.0,3.0,2.0,3.0,3.0,3.0,1.0,3,3,3,3,3,3
5HDGG7,10000.0,10000.0,476.0,10000.0,522.0,10000.0,10000.0,10000.0,476.0,10000.0,759.0,10000.0,0.0,0.0,1.0,0.0,3.0,0.0,0,0,1,0,3,0
CW2FUB,555.0,431.0,101.0,1200.0,322.0,408.0,662.0,549.0,182.0,1600.0,335.0,603.0,2.0,3.0,3.0,0.0,3.0,3.0,3,3,3,3,3,3
7KBH8A,1100.0,1400.0,1500.0,1300.0,265.0,355.0,1400.0,1400.0,1500.0,1450.0,481.0,480.5,0.0,0.0,0.0,0.0,3.0,2.0,3,1,1,2,3,2
CWPSTB,10000.0,10000.0,1200.0,2000.0,478.0,10000.0,10000.0,10000.0,1350.0,2000.0,653.0,10000.0,0.0,0.0,0.0,0.0,3.0,0.0,0,0,2,1,3,0
6S4TB8,10000.0,10000.0,481.0,1200.0,281.0,776.0,10000.0,10000.0,631.0,1300.0,322.0,844.0,0.0,0.0,3.0,0.0,3.0,2.0,0,0,3,3,3,3
SDPYW5,559.0,1500.0,1100.0,567.0,393.0,1500.0,941.0,1500.0,1400.0,1700.0,725.0,1500.0,2.0,0.0,0.0,1.0,3.0,0.0,3,1,3,3,3,3
UYTEPS,372.0,1800.0,460.0,240.0,196.0,1900.0,1000.0,1900.0,466.0,603.0,235.0,1950.0,2.0,0.0,2.0,3.0,3.0,0.0,3,2,3,3,3,2
CWJNJB,932.0,1900.0,57.0,1900.0,302.0,10000.0,934.0,1900.0,991.0,1900.0,341.0,10000.0,2.0,0.0,2.0,0.0,3.0,0.0,3,1,3,1,3,0
UYT9KS,323.0,1200.0,980.0,616.0,186.0,779.0,323.0,1200.0,1400.0,804.0,192.0,1200.0,1.0,0.0,1.0,3.0,3.0,1.0,1,1,3,3,3,3
J2XKE0,10000.0,10000.0,1300.0,10000.0,901.0,1100.0,10000.0,10000.0,1300.0,10000.0,1200.0,1100.0,0.0,0.0,0.0,0.0,1.0,0.0,0,0,1,0,3,1
7K4D2A,894.0,1600.0,2000.0,659.0,183.0,502.0,1200.0,1600.0,2000.0,1279.5,288.0,751.0,1.0,0.0,0.0,1.0,3.0,2.0,3,1,1,2,3,2
SDP8D5,683.0,1600.0,1300.0,416.0,212.0,1500.0,752.0,1600.0,1400.0,1700.0,585.0,1500.0,2.0,0.0,0.0,1.0,3.0,0.0,3,1,3,3,3,3
WPX9XR,326.0,425.0,229.0,1300.0,424.0,415.0,400.0,542.0,432.0,1650.0,492.0,577.0,2.0,2.0,3.0,0.0,3.0,2.0,3,3,3,2,3,3
WPZK9R,10000.0,10000.0,236.0,10000.0,775.0,10000.0,10000.0,10000.0,236.0,10000.0,809.0,10000.0,0.0,0.0,1.0,0.0,3.0,0.0,0,0,1,0,3,0
GX7862,364.0,1800.0,531.0,331.0,296.0,1900.0,1100.0,1850.0,545.0,571.0,311.0,1900.0,1.0,0.0,2.0,2.0,3.0,0.0,3,2,3,3,3,2
DE4SSH,128.0,10000.0,1100.0,10000.0,963.0,331.0,614.0,10000.0,1300.0,10000.0,1100.0,521.0,1.0,0.0,0.0,0.0,1.0,3.0,2,0,3,0,3,3
J2NW90,1100.0,1300.0,1500.0,1200.0,308.0,362.0,1400.0,1300.0,1500.0,1400.0,520.0,504.5,0.0,0.0,0.0,0.0,3.0,2.0,3,1,1,2,3,2
37YYVQ,627.0,1600.0,1600.0,168.0,235.0,1100.0,804.0,1600.0,1800.0,1800.0,485.0,1600.0,2.0,0.0,0.0,1.0,3.0,0.0,3,1,3,3,3,3
UYVM4S,1100.0,10000.0,580.0,262.0,207.0,552.0,1300.0,10000.0,717.0,262.0,725.0,932.0,0.0,0.0,2.0,1.0,3.0,2.0,3,0,3,1,3,3
ACRHAY,1100.0,1400.0,1600.0,1200.0,305.0,268.0,1500.0,1400.0,1600.0,1450.0,583.0,442.5,0.0,0.0,0.0,0.0,3.0,2.0,3,1,1,2,3,2
37TG1Q,944.0,1700.0,2000.0,694.0,234.0,471.0,1300.0,1700.0,2000.0,1297.0,301.0,720.5,1.0,0.0,0.0,1.0,3.0,2.0,3,1,1,2,3,2
KFP7MC,965.0,10000.0,478.0,321.0,463.0,462.0,1300.0,10000.0,902.0,1060.5,665.0,956.0,1.0,0.0,2.0,1.0,3.0,2.0,3,0,3,2,3,3
UYN4PS,250.0,1900.0,1400.0,2000.0,878.0,1600.0,250.0,1900.0,1400.0,2000.0,1100.0,1750.0,1.0,0.0,0.0,0.0,1.0,0.0,1,1,1,1,3,2
37Y2BQ,10000.0,10000.0,10000.0,10000.0,1600.0,10000.0,10000.0,10000.0,10000.0,10000.0,1650.0,10000.0,0.0,0.0,0.0,0.0,0.0,0.0,0,0,0,0,2,0
AC455Y,547.0,483.0,1000.0,741.0,627.0,1300.0,721.0,483.0,1600.0,1020.5,996.0,1600.0,2.0,1.0,1.0,1.0,3.0,0.0,3,1,3,2,3,3
UYCW9S,1500.0,10000.0,1100.0,1900.0,343.0,10000.0,1550.0,10000.0,1100.0,1900.0,1100.0,10000.0,0.0,0.0,0.0,0.0,1.0,0.0,2,0,1,1,3,0
YEBZED,600.0,1200.0,883.0,772.0,430.0,570.0,739.0,1200.0,1100.0,883.0,615.0,635.0,3.0,0.0,1.0,3.0,3.0,3.0,3,3,3,3,3,3
R22WWJ,860.0,1900.0,704.0,928.0,371.0,897.0,1100.0,1900.0,896.0,928.0,759.0,975.0,1.0,0.0,3.0,1.0,3.0,2.0,3,1,3,1,3,3
YEFXED,10000.0,10000.0,888.0,10000.0,1100.0,10000.0,10000.0,10000.0,888.0,10000.0,1450.0,10000.0,0.0,0.0,1.0,0.0,0.0,0.0,0,0,1,0,2,0
5HRUZ7,442.0,10000.0,1300.0,10000.0,1100.0,422.0,682.5,10000.0,1400.0,10000.0,1100.0,594.0,2.0,0.0,0.0,0.0,0.0,3.0,2,0,3,0,3,3
0Z2DJ9,705.0,10000.0,934.0,1200.0,394.0,357.0,952.5,10000.0,934.0,1300.0,671.0,1000.0,1.0,0.0,1.0,0.0,3.0,2.0,2,0,1,3,3,3
SD41C5,743.0,10000.0,999.0,955.0,286.0,478.0,921.5,10000.0,999.0,1200.0,419.0,793.0,1.0,0.0,1.0,1.0,3.0,3.0,2,0,1,3,3,3
WPXAER,406.0,2000.0,1600.0,263.0,249.0,1400.0,1000.0,2000.0,1700.0,1031.5,539.0,1500.0,2.0,0.0,0.0,1.0,3.0,0.0,3,1,3,2,3,3
5HA447,492.0,10000.0,10000.0,1900.0,1800.0,10000.0,505.0,10000.0,10000.0,1900.0,1900.0,10000.0,2.0,0.0,0.0,0.0,0.0,0.0,2,0,0,1,3,0
CWNDTB,339.0,199.0,363.0,594.0,322.0,248.0,618.0,246.0,404.0,689.0,336.0,1000.0,3.0,3.0,3.0,3.0,3.0,2.0,3,3,3,3,3,3
6SH958,221.0,1900.0,1400.0,2000.0,849.0,1600.0,221.0,1900.0,1400.0,2000.0,1000.0,1750.0,1.0,0.0,0.0,0.0,2.0,0.0,1,1,1,1,3,2
7K1UYA,10000.0,10000.0,10000.0,1000.0,350.0,1100.0,10000.0,10000.0,10000.0,1000.0,444.0,1100.0,0.0,0.0,0.0,1.0,2.0,0.0,0,0,0,1,3,1
DE6TDH,10000.0,237.0,895.0,376.0,543.0,10000.0,10000.0,667.0,895.0,768.0,827.0,10000.0,0.0,3.0,1.0,2.0,2.0,0.0,0,3,1,3,3,0
SDF4X5,1200.0,1600.0,1700.0,1200.0,231.0,141.0,1600.0,1600.0,1700.0,1500.0,591.0,309.0,0.0,0.0,0.0,0.0,3.0,2.0,3,1,1,2,3,2
6SHTR8,486.0,10000.0,571.0,275.0,668.0,353.0,1193.0,10000.0,571.0,960.0,680.0,1400.0,1.0,0.0,1.0,3.0,3.0,1.0,2,0,1,3,3,3
UY0CYS,346.0,1400.0,222.0,1200.0,144.0,447.0,452.0,1650.0,255.0,1400.0,205.0,666.0,2.0,0.0,3.0,0.0,3.0,3.0,3,2,3,3,3,3
QAB3BU,10000.0,10000.0,579.0,10000.0,224.0,1600.0,10000.0,10000.0,579.0,10000.0,437.0,1600.0,0.0,0.0,1.0,0.0,2.0,0.0,0,0,1,0,3,1
PN8ACG,293.0,10000.0,515.0,578.0,353.0,533.0,946.5,10000.0,515.0,990.0,667.0,1100.0,1.0,0.0,1.0,2.0,3.0,1.0,2,0,1,3,3,3
2X0GEZ,994.0,10000.0,1200.0,1300.0,639.0,85.0,997.0,10000.0,1200.0,1600.0,698.0,895.0,2.0,0.0,0.0,0.0,3.0,3.0,2,0,1,3,3,3
RGVEAJ,432.0,251.0,331.0,599.0,246.0,282.0,501.0,279.0,421.0,649.0,265.0,961.0,3.0,3.0,3.0,3.0,3.0,2.0,3,3,3,3,3,3
6SYB68,10000.0,10000.0,1700.0,1900.0,469.0,1000.0,10000.0,10000.0,1700.0,1900.0,786.0,1700.0,0.0,0.0,0.0,0.0,2.0,1.0,0,0,1,1,3,3
WPN9MR,734.0,1900.0,600.0,861.0,316.0,862.0,1200.0,1900.0,1000.0,861.0,851.0,928.0,1.0,0.0,3.0,1.0,3.0,3.0,3,1,3,1,3,3
5H91J7,601.0,10000.0,437.0,1300.0,325.0,1100.0,1200.0,10000.0,1100.0,1600.0,401.0,1100.0,1.0,0.0,1.0,0.0,3.0,0.0,3,0,3,2,3,1
85BY43,311.0,10000.0,299.0,336.0,400.0,181.0,311.0,10000.0,299.0,1200.0,693.0,1300.0,1.0,0.0,1.0,1.0,3.0,1.0,1,0,1,3,3,3
EJQ6X4,923.0,1600.0,688.0,1300.0,316.0,1100.0,1000.0,1600.0,1100.0,1300.0,755.0,1100.0,2.0,0.0,1.0,0.0,3.0,0.0,3,1,3,1,3,3
6SMAB8,1700.0,10000.0,10000.0,10000.0,294.0,10000.0,1700.0,10000.0,10000.0,10000.0,531.0,10000.0,0.0,0.0,0.0,0.0,2.0,0.0,1,0,0,0,3,0
40NASF,10000.0,10000.0,1200.0,1900.0,614.0,1500.0,10000.0,10000.0,1200.0,1900.0,1200.0,1500.0,0.0,0.0,0.0,0.0,1.0,0.0,0,0,1,1,3,1
R2G83J,1500.0,10000.0,10000.0,10000.0,10000.0,10000.0,1500.0,10000.0,10000.0,10000.0,10000.0,10000.0,0.0,0.0,0.0,0.0,0.0,0.0,1,0,0,0,0,0
QYY48U,10000.0,10000.0,10000.0,10000.0,1900.0,10000.0,10000.0,10000.0,10000.0,10000.0,1900.0,10000.0,0.0,0.0,0.0,0.0,0.0,0.0,0,0,0,0,1,0
UYNC3S,959.0,1600.0,323.0,1600.0,617.0,1100.0,959.0,1600.0,761.5,1700.0,676.0,1100.0,1.0,0.0,1.0,0.0,3.0,0.0,1,1,2,3,3,3
0ZGWX9,10000.0,10000.0,10000.0,10000.0,495.0,1200.0,10000.0,10000.0,10000.0,10000.0,1100.0,1300.0,0.0,0.0,0.0,0.0,1.0,0.0,0,0,0,0,3,3
RGZECJ,1600.0,1800.0,682.0,719.0,486.0,993.0,1600.0,1800.0,1100.0,719.0,611.0,1196.5,0.0,0.0,1.0,1.0,3.0,1.0,1,1,3,1,3,2
YWCZRD,710.0,1300.0,1100.0,1400.0,531.0,741.0,710.0,1400.0,1300.0,1550.0,635.0,1220.5,1.0,0.0,0.0,0.0,3.0,1.0,1,3,2,2,3,2
7CH7NA,525.0,10000.0,601.0,343.0,304.0,1900.0,525.0,10000.0,601.0,355.0,852.0,1900.0,1.0,0.0,1.0,2.0,1.0,0.0,1,0,1,2,2,1
42NJ0F,932.0,323.0,1600.0,1300.0,1200.0,10000.0,932.0,1700.0,1600.0,1550.0,1400.0,10000.0,1.0,1.0,0.0,0.0,0.0,0.0,1,3,1,2,3,0
285VYZ,10000.0,282.0,10000.0,10000.0,10000.0,10000.0,10000.0,941.0,10000.0,10000.0,10000.0,10000.0,0.0,2.0,0.0,0.0,0.0,0.0,0,4,0,0,0,0
7ER79A,1200.0,1400.0,1000.0,10000.0,1200.0,161.0,1200.0,1400.0,1500.0,10000.0,1200.0,621.0,0.0,0.0,1.0,0.0,0.0,3.0,1,1,2,0,3,3
7HT9VA,1800.0,843.0,896.0,914.0,975.0,10000.0,1800.0,919.0,1348.0,914.0,1100.0,10000.0,0.0,3.0,1.0,1.0,1.0,0.0,1,3,2,1,3,0
QYC7YU,1700.0,1500.0,10000.0,552.0,549.0,10000.0,1700.0,1500.0,10000.0,552.0,885.0,10000.0,0.0,0.0,0.0,1.0,2.0,0.0,1,3,0,1,3,0
6SVR48,615.0,393.0,173.0,1400.0,193.0,283.0,960.0,448.0,807.0,1900.0,213.0,317.0,2.0,3.0,2.0,0.0,3.0,3.0,3,3,3,3,3,3
5H4D37,802.0,567.0,756.0,913.0,314.0,544.0,1351.0,710.0,889.0,916.0,326.0,643.0,1.0,3.0,2.0,2.0,3.0,3.0,2,3,3,3,3,3
SDTZX5,418.0,219.0,916.0,1300.0,268.0,279.0,782.0,286.0,1100.0,1700.0,320.0,294.0,2.0,3.0,1.0,0.0,3.0,3.0,3,3,3,3,3,3
DE058H,1200.0,432.0,687.0,1400.0,46.0,210.0,1400.0,603.0,804.0,1700.0,111.0,423.0,0.0,3.0,2.0,0.0,3.0,3.0,3,3,3,3,3,3
E0RVK4,698.0,538.0,561.0,944.0,603.0,207.0,1100.0,1219.0,911.0,1000.0,743.0,412.5,1.0,1.0,2.0,2.0,3.0,2.0,3,2,3,3,3,2
7KQFKA,10000.0,10000.0,690.0,1200.0,835.0,1300.0,10000.0,10000.0,774.0,1600.0,838.0,1400.0,0.0,0.0,3.0,0.0,3.0,0.0,0,0,3,3,3,2
WPNZ8R,10000.0,10000.0,734.0,10000.0,701.0,1200.0,10000.0,10000.0,734.0,10000.0,1200.0,1200.0,0.0,0.0,1.0,0.0,1.0,0.0,0,0,1,0,3,1
QHP1ZU,155.0,248.0,368.0,692.0,146.0,219.0,350.0,332.0,1200.0,1200.0,443.0,581.0,2.0,3.0,1.0,1.0,3.0,3.0,2,3,3,3,3,3
AC05QY,10000.0,10000.0,10000.0,10000.0,1700.0,10000.0,10000.0,10000.0,10000.0,10000.0,1850.0,10000.0,0.0,0.0,0.0,0.0,0.0,0.0,0,0,0,0,2,0
5HVFT7,697.0,2000.0,481.0,1100.0,283.0,308.0,841.0,2000.0,1200.0,1200.0,390.0,491.0,2.0,0.0,1.0,0.0,3.0,3.0,2,1,3,3,3,3
CJGNWB,1700.0,920.0,1100.0,1500.0,779.0,622.0,1750.0,1360.0,1400.0,1500.0,846.0,781.0,0.0,1.0,0.0,0.0,2.0,2.0,2,2,2,1,3,3
WG6Q7R,1700.0,10000.0,10000.0,10000.0,1600.0,10000.0,1800.0,10000.0,10000.0,10000.0,1650.0,10000.0,0.0,0.0,0.0,0.0,0.0,0.0,2,0,0,0,2,0
WT10XR,1000.0,10000.0,10000.0,10000.0,1000.0,10000.0,1000.0,10000.0,10000.0,10000.0,1100.0,10000.0,1.0,0.0,0.0,0.0,1.0,0.0,1,0,0,0,3,0
P1QMUG,10000.0,10000.0,809.0,10000.0,10000.0,10000.0,10000.0,10000.0,809.0,10000.0,10000.0,10000.0,0.0,0.0,1.0,0.0,0.0,0.0,0,0,1,0,0,0
UC4BRS,456.0,942.0,267.0,207.0,153.0,816.0,676.0,1000.0,532.0,458.0,256.0,1000.0,3.0,3.0,3.0,3.0,3.0,2.0,3,3,3,3,3,3
QKBR3U,775.0,960.0,760.0,624.0,584.0,294.0,784.0,1300.0,1700.0,1200.0,804.0,587.0,3.0,1.0,1.0,1.0,3.0,3.0,3,3,3,3,3,3
6Y7YY8,456.0,1600.0,12.0,783.0,497.0,1100.0,752.0,1800.0,782.0,1100.0,545.0,1700.0,3.0,0.0,3.0,1.0,3.0,0.0,3,3,3,3,3,3
3HANZQ,10000.0,10000.0,350.0,10000.0,541.0,10000.0,10000.0,10000.0,350.0,10000.0,1000.0,10000.0,0.0,0.0,1.0,0.0,2.0,0.0,0,0,1,0,3,0
EPDM94,658.0,1100.0,845.0,1000.0,885.0,526.0,685.0,1400.0,957.0,1100.0,938.0,1100.0,3.0,0.0,2.0,1.0,3.0,1.0,3,3,3,3,3,3
7EPMBA,1400.0,528.0,1200.0,1600.0,601.0,1400.0,1500.0,1164.0,1600.0,1750.0,760.0,1600.0,0.0,1.0,0.0,0.0,2.0,0.0,2,2,3,2,3,3
263EXZ,762.0,1900.0,866.0,1200.0,525.0,1800.0,1131.0,1900.0,1700.0,1500.0,599.0,1800.0,1.0,0.0,1.0,0.0,3.0,0.0,2,2,3,2,3,1
C0WMTB,507.0,10000.0,601.0,994.0,283.0,1600.0,931.0,10000.0,778.0,1000.0,556.0,1650.0,3.0,0.0,2.0,2.0,3.0,0.0,3,0,3,3,3,2
SCD9K5,1400.0,883.0,399.0,966.0,46.0,557.0,1450.0,883.0,471.5,1000.0,569.0,573.0,0.0,1.0,2.0,2.0,3.0,2.0,2,1,2,3,3,3
5BDFJ7,151.0,10000.0,835.0,1600.0,470.0,1900.0,1100.0,10000.0,1400.0,1600.0,767.0,1950.0,1.0,0.0,1.0,0.0,2.0,0.0,3,0,3,1,3,2
YFKX9D,437.0,2000.0,480.0,903.0,271.0,1400.0,1100.0,2000.0,622.0,1000.0,349.0,1600.0,1.0,0.0,2.0,3.0,3.0,0.0,3,1,3,3,3,3
JN9BT0,1700.0,10000.0,223.0,444.0,275.0,1300.0,1800.0,10000.0,811.5,444.0,460.0,1300.0,0.0,0.0,1.0,1.0,3.0,0.0,3,0,2,1,3,1
SHSCA5,1600.0,10000.0,10000.0,975.0,687.0,10000.0,1600.0,10000.0,10000.0,975.0,1100.0,10000.0,0.0,0.0,0.0,1.0,1.0,0.0,1,0,0,1,3,0
0TFYN9,10000.0,10000.0,10000.0,10000.0,434.0,10000.0,10000.0,10000.0,10000.0,10000.0,463.0,10000.0,0.0,0.0,0.0,0.0,2.0,0.0,0,0,0,0,3,0
5K3287,10000.0,10000.0,1600.0,10000.0,941.0,10000.0,10000.0,10000.0,1600.0,10000.0,1000.0,10000.0,0.0,0.0,0.0,0.0,2.0,0.0,0,0,1,0,3,0
CRYM8B,10000.0,10000.0,10000.0,10000.0,843.0,1600.0,10000.0,10000.0,10000.0,10000.0,906.0,1600.0,0.0,0.0,0.0,0.0,3.0,0.0,0,0,0,0,3,1
5K2HN7,1100.0,1200.0,877.0,962.0,357.0,614.0,1300.0,1600.0,910.0,994.0,375.0,1000.0,0.0,0.0,2.0,3.0,3.0,2.0,3,3,3,3,3,3
2V55BZ,1000.0,10000.0,1900.0,60.0,176.0,602.0,1500.0,10000.0,1900.0,435.0,577.0,835.0,1.0,0.0,0.0,2.0,3.0,3.0,3,0,1,2,3,3
PN9NKG,1200.0,10000.0,780.0,1600.0,1500.0,1900.0,1400.0,10000.0,1400.0,1600.0,1800.0,1950.0,0.0,0.0,1.0,0.0,0.0,0.0,3,0,3,1,3,2
0ZHUN9,628.0,1100.0,620.0,707.0,399.0,403.0,669.0,1200.0,1700.0,994.0,871.0,465.0,3.0,0.0,1.0,2.0,3.0,3.0,3,3,3,3,3,3
ACZMJY,349.0,274.0,402.0,586.0,101.0,413.0,513.0,586.0,1200.0,995.0,118.0,718.0,3.0,3.0,1.0,2.0,3.0,3.0,3,3,3,3,3,3
40VQMF,805.0,1200.0,473.0,1100.0,388.0,1900.0,1400.0,1200.0,473.0,1100.0,480.0,1900.0,1.0,0.0,1.0,0.0,3.0,0.0,3,1,1,1,3,2
KF2EQC,34.0,1100.0,505.0,577.0,174.0,1100.0,205.0,1100.0,571.0,800.0,238.0,1200.0,3.0,0.0,3.0,2.0,3.0,0.0,3,3,3,3,3,3
5HW3T7,398.0,1400.0,370.0,112.0,116.0,1400.0,477.0,1500.0,518.0,692.0,198.0,1700.0,3.0,0.0,3.0,2.0,3.0,0.0,3,3,3,3,3,3
CW00KB,301.0,860.0,277.0,986.0,21.0,269.0,379.0,1100.0,865.0,986.0,154.0,441.0,3.0,1.0,2.0,1.0,3.0,2.0,3,3,3,1,3,3
2MV1BZ,555.0,1500.0,1600.0,257.0,346.0,1000.0,913.0,1500.0,1750.0,1028.5,396.0,1600.0,2.0,0.0,0.0,1.0,3.0,1.0,3,1,2,2,3,3
UY7BYS,386.0,10000.0,1300.0,10000.0,1100.0,347.0,690.5,10000.0,1400.0,10000.0,1100.0,520.0,2.0,0.0,0.0,0.0,0.0,3.0,2,0,3,0,3,3
JXSZG0,734.0,10000.0,540.0,1400.0,549.0,303.0,1100.0,10000.0,661.0,1400.0,813.0,1000.0,1.0,0.0,2.0,0.0,2.0,2.0,3,0,3,1,3,3
1AFQX6,784.0,10000.0,1100.0,1800.0,468.0,886.0,1342.0,10000.0,1400.0,1800.0,596.0,898.0,1.0,0.0,0.0,0.0,3.0,3.0,2,0,3,1,3,3
AFGMZY,1900.0,1700.0,407.0,663.0,642.0,305.0,1900.0,1750.0,1100.0,1200.0,731.0,949.0,0.0,0.0,1.0,1.0,3.0,2.0,1,2,3,3,3,3
EGTAF4,775.0,960.0,760.0,624.0,584.0,294.0,784.0,1300.0,1700.0,1200.0,804.0,587.0,3.0,1.0,1.0,1.0,3.0,3.0,3,3,3,3,3,3
UC45HS,473.0,10000.0,805.0,658.0,383.0,433.0,888.0,10000.0,979.0,979.0,460.0,727.0,3.0,0.0,2.0,1.0,3.0,2.0,3,0,3,2,3,3
AFR3QY,464.0,10000.0,10000.0,785.0,876.0,23.0,1500.0,10000.0,10000.0,1192.5,1000.0,50.0,1.0,0.0,0.0,1.0,2.0,2.0,3,0,0,2,3,3
0MMBP9,818.0,584.0,353.0,1000.0,45.0,582.0,822.0,629.0,479.0,1300.0,284.0,649.0,3.0,3.0,3.0,1.0,3.0,3.0,3,3,3,3,3,3
AFF6QY,427.0,691.0,1300.0,885.0,945.0,1500.0,733.0,691.0,1300.0,1042.5,1000.0,1600.0,2.0,1.0,0.0,1.0,2.0,0.0,3,1,3,2,3,3
SBBMR5,963.0,100.0,493.0,541.0,264.0,129.0,1300.0,904.0,1000.0,1400.0,575.0,382.0,1.0,2.0,2.0,1.0,3.0,3.0,3,3,3,3,3,3
DRFW0H,2000.0,10000.0,970.0,10000.0,287.0,10000.0,2000.0,10000.0,970.0,10000.0,435.0,10000.0,0.0,0.0,1.0,0.0,3.0,0.0,1,0,1,0,3,0
C9R0WB,612.0,1800.0,317.0,509.0,223.0,472.0,823.0,1800.0,336.0,1700.0,389.0,472.0,2.0,0.0,3.0,1.0,3.0,1.0,3,1,3,3,3,1
P1ZS9G,1200.0,1200.0,654.0,1000.0,880.0,10000.0,1350.0,1200.0,1227.0,1000.0,984.0,10000.0,0.0,0.0,1.0,1.0,3.0,0.0,2,1,2,1,3,0
5EAD47,215.0,928.0,229.0,279.0,116.0,223.0,471.0,1214.0,809.0,871.0,369.0,1500.0,3.0,1.0,2.0,2.0,3.0,1.0,3,2,3,3,3,3
QHQ6ZU,72.0,224.0,110.0,596.0,50.0,352.0,221.0,225.0,438.0,799.0,152.0,676.0,3.0,3.0,3.0,2.0,3.0,3.0,3,3,3,3,3,3
DWD0MH,186.0,1100.0,582.0,547.0,258.0,1300.0,228.0,1300.0,683.0,690.0,322.0,1600.0,3.0,0.0,3.0,3.0,3.0,0.0,3,3,3,3,3,3
5BQE27,520.0,1700.0,445.0,642.0,97.0,1000.0,1400.0,1700.0,507.0,769.0,124.0,1400.0,1.0,0.0,2.0,3.0,3.0,1.0,3,1,3,3,3,3
C0AN3B,10000.0,10000.0,10000.0,10000.0,1900.0,10000.0,10000.0,10000.0,10000.0,10000.0,1900.0,10000.0,0.0,0.0,0.0,0.0,0.0,0.0,0,0,0,0,1,0
8YZRR3,336.0,392.0,1100.0,515.0,675.0,1600.0,794.0,392.0,1100.0,1057.5,938.0,1700.0,2.0,1.0,0.0,1.0,2.0,0.0,3,1,3,2,3,2
WZY4CR,1100.0,10000.0,394.0,961.0,86.0,747.0,1500.0,10000.0,754.0,961.0,616.0,1200.0,0.0,0.0,3.0,1.0,2.0,1.0,3,0,3,1,3,3
6APKJ8,1100.0,1900.0,468.0,1800.0,284.0,10000.0,1100.0,1900.0,1084.0,1900.0,374.0,10000.0,0.0,0.0,1.0,0.0,3.0,0.0,1,1,2,2,3,0
DW2A3H,10000.0,10000.0,541.0,10000.0,118.0,1300.0,10000.0,10000.0,541.0,10000.0,438.0,1300.0,0.0,0.0,1.0,0.0,2.0,0.0,0,0,1,0,3,1
6ABP78,678.0,1700.0,1400.0,275.0,74.0,1400.0,714.0,1700.0,1600.0,1700.0,601.0,1600.0,2.0,0.0,0.0,1.0,3.0,0.0,3,1,3,3,3,3
QHFHPU,1200.0,257.0,202.0,1200.0,86.0,296.0,1300.0,307.0,799.0,1500.0,151.0,626.0,0.0,3.0,2.0,0.0,3.0,3.0,3,3,3,3,3,3
UK4H6S,350.0,1800.0,287.0,679.0,112.0,427.0,729.0,1850.0,516.0,1039.5,432.0,427.0,2.0,0.0,2.0,1.0,3.0,1.0,3,2,3,2,3,1
3D71MQ,665.0,1300.0,853.0,821.0,180.0,584.0,1000.0,1450.0,1200.0,821.0,269.0,811.0,2.0,0.0,1.0,1.0,3.0,2.0,3,2,3,1,3,3
WZ9ZDR,1100.0,1600.0,336.0,1000.0,40.0,784.0,1200.0,1600.0,1300.0,1600.0,238.0,870.0,0.0,0.0,1.0,1.0,3.0,3.0,2,3,3,3,3,3
DWCUDH,544.0,1800.0,258.0,650.0,255.0,1100.0,739.0,1900.0,702.0,1000.0,579.0,1300.0,3.0,0.0,2.0,2.0,3.0,0.0,3,3,3,3,3,2
RT9CWJ,114.0,488.0,235.0,672.0,8.0,91.0,439.0,521.0,659.0,765.0,103.0,504.0,3.0,3.0,3.0,3.0,3.0,3.0,3,3,3,3,3,3
6AQJE8,1100.0,747.0,496.0,1100.0,68.0,662.0,1300.0,792.0,852.0,1450.0,362.0,779.0,0.0,2.0,2.0,0.0,3.0,3.0,3,3,3,2,3,3
WZJATR,830.0,10000.0,916.0,10000.0,535.0,626.0,1300.0,10000.0,923.0,10000.0,589.0,668.0,1.0,0.0,3.0,0.0,3.0,3.0,3,0,3,0,3,3
5CGFS7,10000.0,10000.0,905.0,10000.0,461.0,1600.0,10000.0,10000.0,905.0,10000.0,770.0,1600.0,0.0,0.0,1.0,0.0,2.0,0.0,0,0,1,0,3,1
SK0S45,506.0,1300.0,462.0,963.0,291.0,947.0,896.0,1400.0,1000.0,1100.0,835.0,956.0,2.0,0.0,2.0,1.0,3.0,2.0,3,3,3,3,3,3
8ACM73,1200.0,10000.0,523.0,589.0,910.0,1200.0,1300.0,10000.0,911.0,1044.5,913.0,1300.0,0.0,0.0,2.0,1.0,2.0,0.0,3,0,3,2,3,3
QDC4VU,414.0,1200.0,1000.0,825.0,688.0,1400.0,1200.0,1200.0,1400.0,1400.0,997.0,1600.0,1.0,0.0,1.0,1.0,3.0,0.0,3,1,3,3,3,3
0NNDR9,1000.0,10000.0,10000.0,1300.0,669.0,10000.0,1000.0,10000.0,10000.0,1300.0,782.0,10000.0,1.0,0.0,0.0,0.0,2.0,0.0,1,0,0,1,3,0
DF4J9H,10000.0,10000.0,1500.0,10000.0,10000.0,10000.0,10000.0,10000.0,1500.0,10000.0,10000.0,10000.0,0.0,0.0,0.0,0.0,0.0,0.0,0,0,1,0,0,0
W2G25R,1700.0,10000.0,1900.0,1900.0,232.0,10000.0,1700.0,10000.0,1900.0,1900.0,1600.0,10000.0,0.0,0.0,0.0,0.0,1.0,0.0,1,0,1,1,3,0
GMJE32,10000.0,10000.0,10000.0,10000.0,443.0,10000.0,10000.0,10000.0,10000.0,10000.0,871.5,10000.0,0.0,0.0,0.0,0.0,1.0,0.0,0,0,0,0,2,0
SH6TT5,10000.0,1400.0,725.0,1900.0,983.0,1800.0,10000.0,1400.0,1400.0,1900.0,1000.0,1900.0,0.0,0.0,1.0,0.0,2.0,0.0,0,1,3,1,3,3
7C3ZXA,243.0,10000.0,1400.0,613.0,552.0,1500.0,1200.0,10000.0,1900.0,1206.5,653.0,1600.0,1.0,0.0,0.0,1.0,3.0,0.0,3,0,3,2,3,3
3AX15Q,577.0,809.0,410.0,238.0,356.0,483.0,790.0,1200.0,462.0,655.0,384.0,674.0,3.0,1.0,3.0,2.0,3.0,3.0,3,3,3,3,3,3
7C8MNA,10000.0,10000.0,10000.0,10000.0,484.0,1900.0,10000.0,10000.0,10000.0,10000.0,1400.0,1900.0,0.0,0.0,0.0,0.0,1.0,0.0,0,0,0,0,3,2
SHVNM5,797.0,1800.0,1900.0,244.0,199.0,951.0,878.0,1800.0,1900.0,244.0,377.0,1400.0,2.0,0.0,0.0,1.0,3.0,1.0,3,1,1,1,3,3
2V4FEZ,1200.0,1700.0,1900.0,1100.0,379.0,35.0,1700.0,1700.0,1900.0,1550.0,641.0,277.0,0.0,0.0,0.0,0.0,3.0,2.0,3,1,1,2,3,2
WG5MNR,558.0,1900.0,654.0,1900.0,475.0,336.0,738.0,1900.0,1100.0,1900.0,665.0,928.0,2.0,0.0,1.0,0.0,2.0,2.0,3,1,3,2,3,3
4930KF,146.0,10000.0,407.0,10000.0,317.0,10000.0,1800.0,10000.0,1400.0,10000.0,700.0,10000.0,1.0,0.0,1.0,0.0,3.0,0.0,3,0,3,0,3,0
AB2SMY,340.0,855.0,189.0,863.0,545.0,673.0,612.0,1100.0,650.0,1100.0,551.0,902.0,3.0,1.0,3.0,1.0,3.0,3.0,3,3,3,3,3,3
2VVS0Z,1800.0,1700.0,637.0,848.0,220.0,800.0,1800.0,1700.0,680.0,1100.0,259.0,1200.0,0.0,0.0,3.0,1.0,3.0,1.0,1,1,3,3,3,3
9NN34P,583.0,611.0,506.0,693.0,254.0,427.0,591.0,651.0,1900.0,989.0,265.0,428.0,3.0,3.0,1.0,2.0,3.0,3.0,3,3,3,3,3,3
GMXYJ2,1600.0,10000.0,491.0,1300.0,152.0,1600.0,1600.0,10000.0,1400.0,1300.0,355.0,1800.0,0.0,0.0,1.0,0.0,3.0,0.0,1,0,3,1,3,3
YEBC3D,449.0,554.0,687.0,241.0,334.0,547.0,1300.0,1100.0,849.0,634.0,505.0,895.0,1.0,1.0,2.0,2.0,3.0,3.0,3,3,3,3,3,3
WPE9DR,289.0,488.0,79.0,222.0,183.0,269.0,407.0,536.0,289.0,604.0,224.0,454.0,3.0,3.0,3.0,3.0,3.0,3.0,3,3,3,3,3,3
EJAQT4,1300.0,10000.0,431.0,696.0,823.0,1100.0,1300.0,10000.0,897.0,1148.0,943.0,1200.0,0.0,0.0,3.0,1.0,2.0,0.0,3,0,3,2,3,3
5HVFX7,10000.0,10000.0,185.0,420.0,319.0,192.0,10000.0,10000.0,905.0,1160.0,426.0,696.0,0.0,0.0,2.0,1.0,3.0,1.0,0,0,3,2,3,2
QAZNNU,145.0,1200.0,383.0,404.0,284.0,1200.0,149.0,1300.0,515.0,741.0,294.0,1400.0,3.0,0.0,3.0,2.0,3.0,0.0,3,3,3,3,3,3
KF3N5C,240.0,150.0,276.0,478.0,136.0,425.0,305.0,410.0,735.0,713.0,150.0,607.0,3.0,3.0,3.0,3.0,3.0,3.0,3,3,3,3,3,3
6S9R68,1800.0,10000.0,1100.0,10000.0,406.0,10000.0,1850.0,10000.0,1100.0,10000.0,415.0,10000.0,0.0,0.0,0.0,0.0,3.0,0.0,2,0,1,0,3,0
SDTEW5,975.0,1400.0,691.0,1300.0,706.0,10000.0,1287.5,1400.0,691.0,1300.0,811.0,10000.0,1.0,0.0,1.0,0.0,2.0,0.0,2,1,1,1,3,0
1UJZK6,1100.0,1400.0,1300.0,1600.0,167.0,595.0,1300.0,1400.0,1300.0,1600.0,314.0,606.5,0.0,0.0,0.0,0.0,3.0,2.0,3,1,1,2,3,2
5HTNY7,715.0,10000.0,10000.0,799.0,694.0,1300.0,741.0,10000.0,10000.0,1199.5,807.0,1400.0,2.0,0.0,0.0,1.0,2.0,0.0,3,0,0,2,3,3
J2A1P0,10000.0,10000.0,395.0,10000.0,627.0,10000.0,10000.0,10000.0,395.0,10000.0,829.0,10000.0,0.0,0.0,1.0,0.0,3.0,0.0,0,0,1,0,3,0
379YWQ,826.0,579.0,345.0,1000.0,37.0,576.0,833.0,623.0,477.0,1300.0,291.0,638.0,3.0,3.0,3.0,1.0,3.0,3.0,3,3,3,3,3,3
KFM8FC,865.0,10000.0,10000.0,507.0,230.0,900.0,1100.0,10000.0,10000.0,507.0,516.0,1150.0,1.0,0.0,0.0,1.0,3.0,1.0,3,0,0,1,3,2
WPQPPR,916.0,1200.0,386.0,866.0,284.0,196.0,1100.0,1200.0,389.0,1400.0,342.0,650.0,1.0,0.0,3.0,1.0,3.0,3.0,3,1,3,3,3,3
EJM7Y4,571.0,571.0,697.0,1600.0,381.0,535.0,752.0,811.0,1100.0,1600.0,511.0,898.0,3.0,2.0,1.0,0.0,3.0,2.0,3,3,3,1,3,3
GXSS52,1900.0,10000.0,10000.0,10000.0,2000.0,10000.0,1900.0,10000.0,10000.0,10000.0,2000.0,10000.0,0.0,0.0,0.0,0.0,0.0,0.0,1,0,0,0,1,0
J26WF0,109.0,317.0,176.0,382.0,39.0,63.0,258.0,462.0,903.0,998.0,227.0,475.0,3.0,2.0,3.0,2.0,3.0,3.0,3,3,3,3,3,3
KF21JC,619.0,1300.0,817.0,848.0,136.0,561.0,988.0,1500.0,1300.0,848.0,216.0,821.0,2.0,0.0,1.0,1.0,3.0,2.0,3,3,3,1,3,3
WPVN6R,414.0,439.0,576.0,436.0,56.0,468.0,458.0,979.0,672.0,1200.0,159.0,988.0,3.0,3.0,3.0,1.0,3.0,3.0,3,3,3,3,3,3
AC04HY,1300.0,1400.0,1100.0,1100.0,1200.0,10000.0,1300.0,1400.0,1250.0,1100.0,1400.0,10000.0,0.0,0.0,0.0,0.0,0.0,0.0,1,1,2,1,3,0
UYFAAS,1600.0,1900.0,1200.0,1600.0,789.0,10000.0,1650.0,1900.0,1200.0,1600.0,1300.0,10000.0,0.0,0.0,0.0,0.0,1.0,0.0,2,1,1,1,3,0
KFGBQC,927.0,2000.0,799.0,825.0,497.0,774.0,1100.0,2000.0,803.0,825.0,709.0,838.0,1.0,0.0,3.0,1.0,3.0,2.0,3,1,3,1,3,3
9T6C0P,617.0,1800.0,299.0,473.0,201.0,427.0,779.0,1800.0,352.0,1700.0,342.0,427.0,2.0,0.0,3.0,1.0,3.0,1.0,3,1,3,3,3,1
DE0GRH,441.0,1800.0,308.0,131.0,101.0,1900.0,875.0,1900.0,451.0,768.0,325.0,1950.0,3.0,0.0,3.0,3.0,3.0,0.0,3,2,3,3,3,2
KF96GC,10000.0,10000.0,971.0,10000.0,459.0,10000.0,10000.0,10000.0,971.0,10000.0,601.0,10000.0,0.0,0.0,1.0,0.0,3.0,0.0,0,0,1,0,3,0
SDE2Y5,755.0,10000.0,834.0,10000.0,945.0,10000.0,755.0,10000.0,1700.0,10000.0,1200.0,10000.0,1.0,0.0,1.0,0.0,1.0,0.0,1,0,3,0,3,0
5H4RC7,393.0,10000.0,703.0,583.0,276.0,327.0,910.0,10000.0,1000.0,1041.5,357.0,600.0,3.0,0.0,2.0,1.0,3.0,2.0,3,0,3,2,3,3
85ANA3,282.0,169.0,278.0,363.0,73.0,181.0,356.0,975.0,337.0,459.0,117.0,365.0,3.0,3.0,3.0,3.0,3.0,3.0,3,3,3,3,3,3
2M1W1Z,232.0,294.0,514.0,139.0,77.0,305.0,391.0,841.0,524.0,172.0,82.0,315.0,3.0,3.0,3.0,3.0,3.0,3.0,3,3,3,3,3,3
UYDY8S,770.0,617.0,160.0,530.0,364.0,1900.0,1300.0,617.0,830.0,530.0,460.0,1900.0,1.0,1.0,1.0,1.0,3.0,0.0,3,1,2,1,3,1
J2GKJ0,917.0,828.0,928.0,968.0,227.0,547.0,1100.0,1100.0,1700.0,1100.0,494.0,1200.0,1.0,1.0,1.0,1.0,3.0,1.0,3,3,3,3,3,3
KF49RC,285.0,1600.0,67.0,979.0,183.0,338.0,353.0,1800.0,1600.0,1389.5,251.0,712.0,2.0,0.0,1.0,1.0,3.0,2.0,3,2,3,2,3,3
1U3JG6,1300.0,10000.0,887.0,10000.0,290.0,10000.0,1350.0,10000.0,1443.5,10000.0,903.0,10000.0,0.0,0.0,1.0,0.0,2.0,0.0,2,0,2,0,3,0
QA5C0U,1500.0,1900.0,1900.0,1500.0,255.0,154.0,1500.0,1900.0,1900.0,1500.0,573.0,254.0,0.0,0.0,0.0,0.0,3.0,2.0,2,1,1,1,3,2
KFE9JC,656.0,10000.0,1800.0,10000.0,334.0,1500.0,656.0,10000.0,1800.0,10000.0,1300.0,1700.0,1.0,0.0,0.0,0.0,1.0,0.0,1,0,1,0,3,2
37SKYQ,1100.0,10000.0,445.0,1100.0,555.0,1200.0,1900.0,10000.0,868.0,1100.0,557.0,1300.0,0.0,0.0,2.0,0.0,3.0,0.0,3,0,3,1,3,3
SBP1K5,1300.0,191.0,369.0,1100.0,62.0,197.0,1400.0,215.0,963.0,1500.0,249.0,469.0,0.0,3.0,2.0,0.0,3.0,3.0,3,3,3,3,3,3
SB01K5,454.0,513.0,650.0,191.0,286.0,507.0,1300.0,1100.0,890.0,600.0,476.0,920.0,1.0,1.0,3.0,2.0,3.0,3.0,3,3,3,3,3,3
749XYA,865.0,1400.0,1600.0,967.0,439.0,362.0,1600.0,1400.0,1600.0,1283.5,529.0,589.5,1.0,0.0,0.0,1.0,3.0,2.0,3,1,1,2,3,2
EGZBG4,590.0,10000.0,1500.0,10000.0,1100.0,391.0,895.0,10000.0,1600.0,10000.0,1400.0,462.0,1.0,0.0,0.0,0.0,0.0,3.0,2,0,3,0,3,3
744WDA,530.0,10000.0,746.0,10000.0,357.0,10000.0,571.0,10000.0,1500.0,10000.0,470.0,10000.0,2.0,0.0,1.0,0.0,2.0,0.0,3,0,3,0,3,0
5EKBB7,148.0,10000.0,1700.0,327.0,1000.0,151.0,266.0,10000.0,1800.0,792.0,1100.0,1400.0,2.0,0.0,0.0,2.0,1.0,1.0,3,0,3,3,3,3
YWBY8D,1400.0,1900.0,2000.0,1300.0,409.0,229.0,1700.0,1900.0,2000.0,1300.0,783.0,304.5,0.0,0.0,0.0,0.0,3.0,2.0,3,1,1,1,3,2
UCYP3S,1100.0,1600.0,1500.0,1700.0,156.0,421.0,1500.0,1600.0,1500.0,1750.0,248.0,508.5,0.0,0.0,0.0,0.0,2.0,2.0,3,1,1,2,3,2
WT9CVR,430.0,1300.0,1700.0,441.0,333.0,945.0,1100.0,1300.0,1800.0,1020.5,512.0,1172.5,1.0,0.0,0.0,1.0,3.0,1.0,3,1,3,2,3,2
3H5GJQ,10000.0,10000.0,221.0,10000.0,152.0,1700.0,10000.0,10000.0,221.0,10000.0,444.0,1700.0,0.0,0.0,1.0,0.0,2.0,0.0,0,0,1,0,3,1
3HSG2Q,210.0,10000.0,10000.0,1700.0,1500.0,10000.0,222.0,10000.0,10000.0,1700.0,1600.0,10000.0,2.0,0.0,0.0,0.0,0.0,0.0,2,0,0,1,3,0
8DUU23,189.0,533.0,443.0,1400.0,322.0,475.0,492.0,744.0,675.0,1400.0,544.0,794.0,2.0,2.0,3.0,0.0,3.0,2.0,3,3,3,1,3,3
QKS7JU,891.0,1500.0,1300.0,1100.0,533.0,1400.0,996.0,1550.0,1600.0,1100.0,602.0,1500.0,2.0,0.0,0.0,0.0,3.0,0.0,3,2,3,1,3,3
KJKM8C,590.0,1900.0,1800.0,127.0,302.0,1200.0,920.0,1900.0,1800.0,1063.5,418.0,1700.0,2.0,0.0,0.0,1.0,3.0,0.0,3,1,3,2,3,3
UK8M8S,175.0,1800.0,596.0,1200.0,323.0,814.0,968.0,1800.0,1000.0,1200.0,450.0,814.0,2.0,0.0,2.0,0.0,3.0,1.0,3,1,3,2,3,1
RT45FJ,328.0,10000.0,940.0,1700.0,816.0,611.0,764.0,10000.0,1000.0,1700.0,981.0,612.0,1.0,0.0,2.0,0.0,2.0,3.0,2,0,3,1,3,3
C0DX8B,161.0,158.0,497.0,439.0,131.0,429.0,291.0,467.0,789.0,474.0,143.0,751.0,3.0,3.0,2.0,3.0,3.0,3.0,3,3,3,3,3,3
3D1WJQ,1100.0,1700.0,580.0,1500.0,1200.0,1800.0,1400.0,1700.0,580.0,1500.0,1500.0,1900.0,0.0,0.0,1.0,0.0,0.0,0.0,3,1,1,1,3,3
DW5ENH,10000.0,10000.0,1200.0,10000.0,1200.0,10000.0,10000.0,10000.0,1200.0,10000.0,1350.0,10000.0,0.0,0.0,0.0,0.0,0.0,0.0,0,0,1,0,2,0
3DMGNQ,1200.0,1500.0,1400.0,1600.0,199.0,494.0,1300.0,1500.0,1400.0,1650.0,218.0,504.5,0.0,0.0,0.0,0.0,3.0,2.0,3,1,1,2,3,2
JNEUG0,10000.0,10000.0,207.0,10000.0,331.0,1400.0,10000.0,10000.0,207.0,10000.0,570.0,1400.0,0.0,0.0,1.0,0.0,2.0,0.0,0,0,1,0,3,1
5B8J17,433.0,36.0,234.0,213.0,101.0,27.0,510.0,1000.0,317.0,387.0,182.0,382.0,3.0,3.0,3.0,3.0,3.0,3.0,3,3,3,3,3,3
26RCDZ,707.0,10000.0,382.0,10000.0,297.0,10000.0,758.5,10000.0,941.0,10000.0,664.0,10000.0,2.0,0.0,1.0,0.0,3.0,0.0,2,0,2,0,3,0
A46TEY,53.0,200.0,253.0,227.0,198.0,164.0,112.0,322.0,818.0,1000.0,297.0,373.0,3.0,3.0,3.0,2.0,3.0,3.0,3,3,3,3,3,3
RTYRUJ,626.0,1600.0,1600.0,183.0,191.0,1200.0,783.0,1600.0,1700.0,1800.0,539.0,1700.0,2.0,0.0,0.0,1.0,3.0,0.0,3,1,3,3,3,3
JND710,483.0,927.0,767.0,1200.0,217.0,676.0,912.0,1200.0,1100.0,1200.0,298.0,861.0,3.0,1.0,1.0,0.0,3.0,2.0,3,3,3,1,3,3
UKF6QS,1300.0,10000.0,602.0,1700.0,386.0,698.0,1500.0,10000.0,1201.0,1850.0,462.0,698.0,0.0,0.0,1.0,0.0,3.0,1.0,2,0,2,2,3,1
17HBK6,480.0,283.0,178.0,645.0,462.0,438.0,522.0,284.0,331.0,711.0,517.0,445.0,3.0,3.0,3.0,3.0,3.0,3.0,3,3,3,3,3,3
RTXSQJ,86.0,243.0,534.0,166.0,412.0,44.0,119.0,253.0,542.0,1100.0,537.0,569.0,3.0,3.0,3.0,1.0,3.0,3.0,3,3,3,3,3,3
5B4PW7,892.0,1100.0,484.0,1300.0,220.0,321.0,1400.0,1150.0,552.0,1400.0,435.0,1300.0,1.0,0.0,2.0,0.0,3.0,1.0,3,2,3,3,3,3
7EFRYA,492.0,1500.0,132.0,860.0,604.0,1200.0,746.0,1800.0,832.0,1100.0,633.0,1800.0,3.0,0.0,3.0,1.0,3.0,0.0,3,3,3,3,3,3
YFE0HD,855.0,1800.0,460.0,725.0,540.0,1100.0,1200.0,1800.0,608.5,1262.5,549.0,1300.0,1.0,0.0,2.0,1.0,3.0,0.0,3,2,2,2,3,3
RT2XVJ,216.0,570.0,474.0,405.0,110.0,225.0,320.0,639.0,481.0,856.0,174.0,311.0,3.0,3.0,3.0,3.0,3.0,3.0,3,3,3,3,3,3
4G9JZF,567.0,420.0,610.0,719.0,39.0,630.0,573.0,657.0,611.0,1400.0,633.0,646.0,3.0,3.0,3.0,1.0,3.0,3.0,3,3,3,3,3,3
SCDQZ5,384.0,451.0,1100.0,573.0,734.0,1500.0,769.0,451.0,1200.0,1086.5,896.0,1650.0,2.0,1.0,0.0,1.0,2.0,0.0,3,1,3,2,3,2
C0FJWB,257.0,707.0,905.0,414.0,461.0,1700.0,1500.0,1353.5,1500.0,414.0,594.0,1700.0,1.0,1.0,1.0,1.0,3.0,0.0,3,2,3,1,3,1
A4KC9Y,244.0,197.0,459.0,343.0,217.0,205.0,279.0,455.0,469.0,883.0,455.0,382.0,3.0,3.0,3.0,3.0,3.0,3.0,3,3,3,3,3,3
A4KHWY,130.0,352.0,1000.0,1500.0,56.0,257.0,259.0,1400.0,1100.0,1800.0,589.0,307.0,3.0,1.0,1.0,0.0,3.0,3.0,3,3,3,3,3,3
7EYQNA,10000.0,10000.0,10000.0,10000.0,445.0,10000.0,10000.0,10000.0,10000.0,10000.0,446.0,10000.0,0.0,0.0,0.0,0.0,2.0,0.0,0,0,0,0,2,0
7BXNSA,536.0,10000.0,1700.0,10000.0,779.0,115.0,1018.0,10000.0,1900.0,10000.0,1500.0,125.0,1.0,0.0,0.0,0.0,1.0,3.0,2,0,3,0,3,3
AEN2EY,404.0,2000.0,1600.0,261.0,270.0,1400.0,1000.0,2000.0,1700.0,1030.5,560.0,1600.0,2.0,0.0,0.0,1.0,3.0,0.0,3,1,3,2,3,3
KRV7GC,312.0,1200.0,458.0,1100.0,225.0,1000.0,882.0,1200.0,1100.0,1100.0,556.0,1600.0,2.0,0.0,1.0,0.0,2.0,1.0,3,1,3,1,3,3
9X76QP,323.0,1400.0,642.0,1400.0,113.0,609.0,1200.0,1400.0,883.0,1650.0,218.0,1400.0,1.0,0.0,2.0,0.0,2.0,1.0,3,1,3,2,3,3
674VK8,776.0,1600.0,541.0,1900.0,481.0,233.0,908.0,1600.0,545.0,1900.0,519.0,255.0,2.0,0.0,3.0,0.0,3.0,3.0,3,1,3,1,3,3
3YWPSQ,1200.0,10000.0,1100.0,10000.0,594.0,10000.0,1450.0,10000.0,1200.0,10000.0,940.0,10000.0,0.0,0.0,0.0,0.0,2.0,0.0,2,0,3,0,3,0
SKR1B5,575.0,919.0,443.0,1100.0,256.0,688.0,991.0,1300.0,599.0,1200.0,340.0,1000.0,2.0,1.0,3.0,0.0,3.0,2.0,3,3,3,3,3,3
67C3T8,1400.0,2000.0,1900.0,1700.0,361.0,21.0,1550.0,2000.0,1900.0,1700.0,571.0,274.5,0.0,0.0,0.0,0.0,2.0,2.0,2,1,1,1,3,2
3YBATQ,1000.0,1800.0,10000.0,622.0,184.0,605.0,1050.0,1800.0,10000.0,622.0,318.0,852.5,1.0,0.0,0.0,1.0,3.0,1.0,2,1,0,1,3,2
JTX1U0,998.0,10000.0,771.0,1500.0,347.0,1200.0,998.0,10000.0,1300.0,1500.0,533.0,1200.0,1.0,0.0,1.0,0.0,3.0,0.0,1,0,3,1,3,3
8ADUF3,1100.0,372.0,713.0,617.0,505.0,362.0,1400.0,949.0,1100.0,815.0,514.0,1100.0,0.0,2.0,1.0,2.0,3.0,1.0,3,3,3,3,3,3
7BBQNA,669.0,1900.0,505.0,1000.0,504.0,1200.0,860.0,1950.0,567.0,1400.0,792.0,1400.0,3.0,0.0,2.0,1.0,3.0,0.0,3,2,3,3,3,3
7BBVFA,753.0,1500.0,814.0,1400.0,349.0,569.0,1200.0,1550.0,1200.0,1600.0,398.0,737.0,1.0,0.0,1.0,0.0,3.0,3.0,3,2,3,3,3,3
675758,1600.0,1400.0,742.0,1100.0,160.0,785.0,1800.0,1650.0,971.0,1100.0,516.0,1400.0,0.0,0.0,1.0,0.0,3.0,1.0,3,2,2,1,3,3
AEC0NY,1400.0,1900.0,2000.0,1300.0,381.0,185.0,1700.0,1900.0,2000.0,1300.0,760.0,288.5,0.0,0.0,0.0,0.0,3.0,2.0,3,1,1,1,3,2
3A3HAQ,10000.0,10000.0,10000.0,10000.0,1500.0,10000.0,10000.0,10000.0,10000.0,10000.0,1500.0,10000.0,0.0,0.0,0.0,0.0,0.0,0.0,0,0,0,0,3,0
GMGNH2,647.0,10000.0,1100.0,10000.0,728.0,10000.0,771.0,10000.0,1400.0,10000.0,957.0,10000.0,2.0,0.0,0.0,0.0,2.0,0.0,3,0,3,0,3,0
7CS2RA,951.0,1600.0,406.0,1500.0,162.0,10000.0,1300.0,1600.0,1300.0,1500.0,488.0,10000.0,1.0,0.0,1.0,0.0,3.0,0.0,3,1,3,1,3,0
KWUAWC,717.0,958.0,1500.0,277.0,316.0,927.0,717.0,1500.0,1800.0,657.0,412.0,974.0,1.0,1.0,0.0,3.0,3.0,2.0,1,3,3,3,3,3
KWUSEC,507.0,1100.0,321.0,712.0,97.0,344.0,1000.0,1200.0,1400.0,1400.0,251.0,638.0,2.0,0.0,1.0,1.0,3.0,2.0,3,3,3,3,3,3
872ZP3,1000.0,1400.0,1500.0,1200.0,314.0,330.0,1500.0,1400.0,1500.0,1400.0,552.0,487.0,1.0,0.0,0.0,0.0,3.0,2.0,3,1,1,2,3,2
5K2GD7,1000.0,1000.0,510.0,1100.0,509.0,374.0,1200.0,1200.0,901.0,1600.0,520.0,1100.0,1.0,1.0,2.0,0.0,3.0,1.0,3,3,3,3,3,3
YEZUBD,456.0,491.0,1000.0,1300.0,222.0,1000.0,492.0,1300.0,1100.0,1300.0,273.0,1200.0,3.0,1.0,1.0,0.0,3.0,1.0,3,3,3,3,3,3
0TUGP9,664.0,1300.0,1100.0,263.0,443.0,517.0,686.0,1600.0,1600.0,1400.0,728.0,616.0,3.0,0.0,0.0,1.0,3.0,3.0,3,3,3,3,3,3
65ENF8,1400.0,1800.0,1900.0,1300.0,334.0,205.0,1700.0,1800.0,1900.0,1300.0,708.0,270.0,0.0,0.0,0.0,0.0,3.0,2.0,3,1,1,1,3,2
5KJA17,739.0,10000.0,485.0,1600.0,559.0,117.0,781.0,10000.0,864.0,1600.0,820.0,986.0,2.0,0.0,2.0,0.0,3.0,2.0,3,0,3,1,3,3
PXQRPG,1000.0,917.0,307.0,793.0,552.0,10000.0,1300.0,917.0,1003.5,793.0,671.0,10000.0,1.0,1.0,1.0,1.0,3.0,0.0,3,1,2,1,3,0
2V34NZ,291.0,190.0,689.0,252.0,222.0,172.0,307.0,364.0,1000.0,599.0,325.0,378.0,3.0,3.0,2.0,3.0,3.0,3.0,3,3,3,3,3,3
87HAR3,1300.0,1600.0,1600.0,1500.0,75.0,310.0,1400.0,1600.0,1600.0,1700.0,338.0,362.0,0.0,0.0,0.0,0.0,3.0,2.0,3,1,1,2,3,2
2V6DGZ,1400.0,1800.0,1900.0,1300.0,328.0,210.0,1700.0,1800.0,1900.0,1300.0,701.0,268.5,0.0,0.0,0.0,0.0,3.0,2.0,3,1,1,1,3,2
AB4FWY,1200.0,894.0,138.0,238.0,77.0,887.0,1600.0,1097.0,1200.0,1200.0,269.0,1300.0,0.0,1.0,1.0,1.0,3.0,1.0,3,2,3,3,3,3
ABCV3Y,1700.0,1900.0,1300.0,1500.0,888.0,10000.0,1750.0,1900.0,1300.0,1500.0,1400.0,10000.0,0.0,0.0,0.0,0.0,1.0,0.0,2,1,1,1,3,0
875CX3,441.0,279.0,472.0,788.0,113.0,732.0,618.0,431.0,488.0,999.0,141.0,841.0,3.0,3.0,3.0,3.0,3.0,3.0,3,3,3,3,3,3
9NZS0P,10000.0,10000.0,10000.0,10000.0,1300.0,10000.0,10000.0,10000.0,10000.0,10000.0,1350.0,10000.0,0.0,0.0,0.0,0.0,0.0,0.0,0,0,0,0,2,0
5H5M87,438.0,1000.0,461.0,1300.0,482.0,557.0,887.0,1400.0,929.0,1500.0,570.0,589.0,3.0,1.0,2.0,0.0,3.0,3.0,3,3,3,3,3,3
EJC6R4,537.0,1300.0,778.0,761.0,262.0,776.0,754.0,1500.0,924.0,980.5,444.0,776.0,2.0,0.0,2.0,1.0,3.0,1.0,3,2,3,2,3,1
376DKQ,456.0,1900.0,594.0,412.0,311.0,158.0,694.0,1900.0,1100.0,1106.0,354.0,340.0,2.0,0.0,1.0,1.0,3.0,2.0,3,1,3,2,3,3
CWYX1B,724.0,1700.0,475.0,1100.0,336.0,752.0,849.0,1700.0,483.0,1700.0,399.0,768.0,2.0,0.0,3.0,0.0,3.0,3.0,3,1,3,3,3,3
40K2SF,1000.0,10000.0,1800.0,949.0,773.0,937.0,1000.0,10000.0,1800.0,1374.5,803.0,951.0,2.0,0.0,0.0,1.0,3.0,2.0,3,0,1,2,3,3
1UZHG6,10000.0,10000.0,293.0,589.0,123.0,548.0,10000.0,10000.0,800.0,1194.5,254.0,774.0,0.0,0.0,2.0,1.0,3.0,2.0,0,0,3,2,3,2
UYVHMS,10000.0,10000.0,455.0,10000.0,236.0,1600.0,10000.0,10000.0,455.0,10000.0,312.0,1600.0,0.0,0.0,1.0,0.0,2.0,0.0,0,0,1,0,3,1
0ZEZC9,1300.0,10000.0,1700.0,10000.0,710.0,10000.0,1400.0,10000.0,1800.0,10000.0,967.0,10000.0,0.0,0.0,0.0,0.0,3.0,0.0,3,0,3,0,3,0
GXFST2,10000.0,10000.0,955.0,10000.0,644.0,2000.0,10000.0,10000.0,955.0,10000.0,813.0,2000.0,0.0,0.0,1.0,0.0,2.0,0.0,0,0,1,0,3,1
852CY3,1900.0,10000.0,1200.0,10000.0,680.0,10000.0,1900.0,10000.0,1200.0,10000.0,768.0,10000.0,0.0,0.0,0.0,0.0,3.0,0.0,1,0,1,0,3,0
5HXC27,10000.0,10000.0,496.0,293.0,219.0,748.0,10000.0,10000.0,867.0,293.0,263.0,1274.0,0.0,0.0,2.0,1.0,3.0,1.0,0,0,3,1,3,2
J2Y7M0,1500.0,1900.0,2000.0,1300.0,402.0,250.0,1700.0,1900.0,2000.0,1300.0,772.0,302.0,0.0,0.0,0.0,0.0,3.0,2.0,3,1,1,1,3,2
EJQS84,770.0,706.0,310.0,1200.0,205.0,117.0,807.0,761.0,335.0,1600.0,224.0,681.0,2.0,3.0,2.0,0.0,3.0,3.0,3,3,3,3,3,3
859P93,700.0,1800.0,1100.0,1100.0,106.0,399.0,1500.0,1850.0,1500.0,1700.0,272.0,582.0,1.0,0.0,0.0,0.0,3.0,3.0,3,2,3,3,3,3
GXK562,1200.0,1300.0,1300.0,1500.0,338.0,574.0,1200.0,1300.0,1300.0,1500.0,356.0,632.0,0.0,0.0,0.0,0.0,3.0,2.0,3,1,1,2,3,2
QAPM6U,562.0,1300.0,95.0,588.0,195.0,591.0,1100.0,1400.0,1200.0,1600.0,332.0,855.0,1.0,0.0,1.0,1.0,3.0,2.0,3,3,3,3,3,3
SD2MU5,1400.0,1300.0,1200.0,1700.0,1300.0,10000.0,1500.0,1300.0,1450.0,1750.0,1300.0,10000.0,0.0,0.0,0.0,0.0,0.0,0.0,3,1,2,2,3,0
UYGX9S,782.0,973.0,794.0,593.0,604.0,287.0,783.0,1400.0,1700.0,1200.0,775.0,616.0,3.0,1.0,1.0,1.0,3.0,3.0,3,3,3,3,3,3
UYGX7S,564.0,10000.0,742.0,10000.0,327.0,10000.0,596.0,10000.0,1500.0,10000.0,448.0,10000.0,2.0,0.0,1.0,0.0,2.0,0.0,3,0,3,0,3,0
RG5NCJ,1200.0,1700.0,1900.0,1000.0,481.0,135.0,1600.0,1700.0,1900.0,1500.0,543.0,380.0,0.0,0.0,0.0,1.0,3.0,2.0,3,1,1,2,3,2
J2SEY0,806.0,710.0,263.0,938.0,44.0,678.0,811.0,809.0,338.0,1600.0,268.0,845.0,3.0,3.0,3.0,1.0,3.0,3.0,3,3,3,3,3,3
9T7NXP,173.0,261.0,509.0,1600.0,130.0,171.0,213.0,562.0,562.0,1600.0,238.0,638.0,2.0,2.0,3.0,0.0,3.0,2.0,3,3,3,1,3,3
CWMMKB,570.0,731.0,912.0,800.0,618.0,1300.0,832.0,731.0,1100.0,1200.0,766.0,1650.0,3.0,1.0,1.0,1.0,3.0,0.0,3,1,3,2,3,2
85WWP3,1000.0,10000.0,1400.0,10000.0,573.0,10000.0,1100.0,10000.0,1800.0,10000.0,809.0,10000.0,1.0,0.0,0.0,0.0,3.0,0.0,3,0,3,0,3,0
5H9NB7,1600.0,10000.0,791.0,1000.0,555.0,1500.0,1600.0,10000.0,1500.0,1500.0,899.0,1500.0,0.0,0.0,1.0,1.0,3.0,0.0,1,0,3,3,3,1
QARRBU,1100.0,1600.0,1700.0,1200.0,283.0,136.0,1600.0,1600.0,1700.0,1500.0,630.0,335.5,0.0,0.0,0.0,0.0,3.0,2.0,3,1,1,2,3,2
PNSHKG,944.0,10000.0,1300.0,1300.0,715.0,99.0,1022.0,10000.0,1300.0,1700.0,737.0,825.0,1.0,0.0,0.0,0.0,3.0,3.0,2,0,1,3,3,3
6SEBT8,714.0,10000.0,147.0,411.0,109.0,10000.0,1300.0,10000.0,712.0,498.0,308.0,10000.0,1.0,0.0,2.0,2.0,3.0,0.0,3,0,3,3,3,0
5H0R57,758.0,10000.0,2000.0,438.0,278.0,997.0,1100.0,10000.0,2000.0,438.0,559.0,1248.5,1.0,0.0,0.0,1.0,3.0,1.0,3,0,1,1,3,2
6SCMJ8,611.0,1600.0,1400.0,112.0,106.0,243.0,765.0,1800.0,1400.0,1700.0,733.0,251.0,3.0,0.0,0.0,1.0,3.0,3.0,3,2,3,3,3,3
QA4DJU,1200.0,10000.0,253.0,652.0,562.0,750.0,1400.0,10000.0,740.0,1126.0,665.0,975.0,0.0,0.0,2.0,1.0,3.0,2.0,3,0,3,2,3,3
GXQC42,157.0,996.0,396.0,219.0,92.0,1000.0,488.0,1000.0,450.0,359.0,278.0,1300.0,3.0,3.0,3.0,3.0,3.0,1.0,3,3,3,3,3,3
7KR97A,941.0,10000.0,807.0,10000.0,796.0,10000.0,1470.5,10000.0,1003.5,10000.0,927.0,10000.0,1.0,0.0,1.0,0.0,2.0,0.0,2,0,2,0,3,0
6SKKN8,794.0,10000.0,2000.0,10000.0,189.0,1400.0,794.0,10000.0,2000.0,10000.0,1200.0,1650.0,1.0,0.0,0.0,0.0,1.0,0.0,1,0,1,0,3,2
ACJJ4Y,1500.0,1900.0,2000.0,1300.0,398.0,240.0,1700.0,1900.0,2000.0,1300.0,769.0,299.0,0.0,0.0,0.0,0.0,3.0,2.0,3,1,1,1,3,2
7KRFXA,10000.0,10000.0,1200.0,10000.0,1100.0,10000.0,10000.0,10000.0,1200.0,10000.0,1300.0,10000.0,0.0,0.0,0.0,0.0,0.0,0.0,0,0,1,0,3,0
PN89TG,1500.0,1900.0,1900.0,1500.0,284.0,172.0,1500.0,1900.0,1900.0,1500.0,611.0,256.5,0.0,0.0,0.0,0.0,3.0,2.0,2,1,1,1,3,2
EJZYE4,505.0,1400.0,659.0,732.0,267.0,380.0,805.0,1550.0,1300.0,732.0,273.0,660.0,2.0,0.0,1.0,1.0,3.0,2.0,3,2,3,1,3,3
6SHTH8,499.0,599.0,778.0,328.0,403.0,591.0,1400.0,1100.0,816.0,723.0,422.0,805.0,1.0,1.0,2.0,3.0,3.0,3.0,3,3,3,3,3,3
SDE845,1800.0,10000.0,1100.0,10000.0,353.0,10000.0,1850.0,10000.0,1500.0,10000.0,414.0,10000.0,0.0,0.0,0.0,0.0,3.0,0.0,2,0,2,0,3,0
QAC1KU,706.0,10000.0,299.0,278.0,179.0,10000.0,1400.0,10000.0,785.0,558.0,399.0,10000.0,1.0,0.0,2.0,2.0,3.0,0.0,3,0,3,3,3,0
5H4G47,962.0,2000.0,774.0,953.0,485.0,891.0,986.0,2000.0,782.0,953.0,633.0,901.0,2.0,0.0,3.0,1.0,3.0,3.0,3,2,3,1,3,3
GX8UY2,1300.0,10000.0,957.0,10000.0,166.0,10000.0,1350.0,10000.0,957.0,10000.0,928.0,10000.0,0.0,0.0,1.0,0.0,2.0,0.0,2,0,1,0,3,0
QADHTU,498.0,1200.0,799.0,836.0,396.0,561.0,679.0,1300.0,1100.0,978.0,565.0,717.0,3.0,0.0,1.0,2.0,3.0,3.0,3,3,3,3,3,3
37YY3Q,1100.0,1500.0,638.0,229.0,292.0,964.0,1700.0,1500.0,1300.0,229.0,367.0,1100.0,0.0,0.0,1.0,1.0,3.0,1.0,3,2,3,1,3,3
DE4UUH,1000.0,1900.0,184.0,930.0,546.0,850.0,1400.0,1900.0,646.0,1365.0,786.0,897.0,1.0,0.0,3.0,1.0,3.0,2.0,3,1,3,2,3,3
SDHPH5,803.0,1700.0,978.0,728.0,514.0,1300.0,902.0,1700.0,1100.0,1400.0,577.0,1300.0,2.0,0.0,1.0,1.0,3.0,0.0,3,1,3,3,3,3
ACB02Y,1500.0,1900.0,10000.0,1300.0,440.0,251.0,1800.0,1900.0,10000.0,1300.0,813.0,323.5,0.0,0.0,0.0,0.0,3.0,2.0,3,1,0,1,3,2
WP94MR,662.0,468.0,682.0,655.0,152.0,695.0,779.0,528.0,798.0,810.0,183.0,889.0,3.0,3.0,3.0,3.0,3.0,3.0,3,3,3,3,3,3
1UQX16,483.0,1700.0,1300.0,989.0,302.0,604.0,748.0,1700.0,1500.0,1100.0,351.0,882.0,2.0,0.0,0.0,1.0,3.0,3.0,3,1,3,3,3,3
QA7Z6U,465.0,313.0,102.0,611.0,478.0,402.0,512.0,317.0,460.0,823.0,578.0,543.0,3.0,3.0,3.0,2.0,3.0,3.0,3,3,3,3,3,3
GXNKP2,135.0,1800.0,1200.0,1800.0,892.0,1600.0,135.0,1800.0,1200.0,1800.0,946.0,1700.0,1.0,0.0,0.0,0.0,3.0,0.0,1,1,1,1,3,2
QA7KVU,388.0,1800.0,512.0,494.0,252.0,235.0,624.0,1800.0,1200.0,1147.0,283.0,274.0,2.0,0.0,1.0,1.0,3.0,2.0,3,1,3,2,3,3
SDYAX5,919.0,1400.0,1600.0,1000.0,464.0,326.0,1600.0,1400.0,1600.0,1300.0,502.0,543.0,1.0,0.0,0.0,1.0,3.0,2.0,3,1,1,2,3,2
J2PFZ0,1300.0,1500.0,962.0,1800.0,1000.0,10000.0,1500.0,1500.0,1281.0,1900.0,1200.0,10000.0,0.0,0.0,1.0,0.0,1.0,0.0,3,1,2,2,3,0
7KD6TA,459.0,10000.0,10000.0,1500.0,1400.0,755.0,779.5,10000.0,10000.0,1500.0,1600.0,763.0,1.0,0.0,0.0,0.0,0.0,2.0,2,0,0,1,3,3
5HYTN7,1300.0,520.0,949.0,1300.0,168.0,1600.0,1500.0,810.0,1900.0,1800.0,758.0,1750.0,0.0,1.0,1.0,0.0,2.0,0.0,2,2,3,3,3,2
2MN5GZ,1200.0,1500.0,1600.0,1200.0,226.0,178.0,1500.0,1500.0,1600.0,1500.0,570.0,340.0,0.0,0.0,0.0,0.0,3.0,2.0,3,1,1,2,3,2
7KDFHA,388.0,478.0,1000.0,587.0,761.0,1500.0,786.0,478.0,1200.0,1093.5,861.0,1650.0,2.0,1.0,1.0,1.0,3.0,0.0,3,1,3,2,3,2
4JE8DF,464.0,10000.0,1700.0,307.0,428.0,1300.0,1100.0,10000.0,1900.0,1103.5,504.0,1700.0,1.0,0.0,0.0,1.0,3.0,0.0,3,0,3,2,3,3
8S6W73,508.0,791.0,788.0,1400.0,271.0,707.0,724.0,1100.0,1000.0,1400.0,468.0,806.0,3.0,1.0,2.0,0.0,3.0,2.0,3,3,3,1,3,3
5DU6Q7,448.0,10000.0,319.0,10000.0,356.0,10000.0,1200.0,10000.0,1000.0,10000.0,650.0,10000.0,1.0,0.0,2.0,0.0,3.0,0.0,3,0,3,0,3,0
UA8VVS,107.0,814.0,238.0,1200.0,323.0,1400.0,174.0,1400.0,1000.0,1400.0,420.0,1400.0,3.0,1.0,3.0,0.0,3.0,0.0,3,3,3,3,3,3
7HUMXA,1300.0,1600.0,1700.0,1300.0,131.0,224.0,1500.0,1600.0,1700.0,1550.0,500.0,316.0,0.0,0.0,0.0,0.0,3.0,2.0,3,1,1,2,3,2
4JC8KF,515.0,1400.0,319.0,132.0,353.0,1400.0,646.0,1500.0,756.0,911.0,442.0,1500.0,3.0,0.0,3.0,2.0,3.0,0.0,3,3,3,3,3,3
6YFES8,10000.0,10000.0,10000.0,10000.0,387.0,10000.0,10000.0,10000.0,10000.0,10000.0,1500.0,10000.0,0.0,0.0,0.0,0.0,1.0,0.0,0,0,0,0,3,0
3HWMWQ,888.0,1600.0,1400.0,1100.0,504.0,1400.0,936.5,1600.0,1600.0,1100.0,580.0,1600.0,2.0,0.0,0.0,0.0,3.0,0.0,2,2,3,1,3,3
WTX3CR,130.0,10000.0,1100.0,788.0,254.0,1200.0,838.0,10000.0,1600.0,1094.0,423.0,1300.0,2.0,0.0,0.0,1.0,3.0,0.0,3,0,3,2,3,3
WT21BR,441.0,508.0,574.0,581.0,120.0,524.0,444.0,548.0,629.0,1400.0,526.0,656.0,3.0,3.0,3.0,1.0,3.0,3.0,3,3,3,3,3,3
EG00Q4,300.0,10000.0,10000.0,1000.0,1100.0,239.0,1400.0,10000.0,10000.0,1400.0,1200.0,245.0,1.0,0.0,0.0,1.0,0.0,2.0,3,0,0,2,3,2
1AUWG6,726.0,10000.0,724.0,521.0,512.0,571.0,1400.0,10000.0,1100.0,521.0,604.0,877.0,1.0,0.0,1.0,1.0,3.0,3.0,3,0,3,1,3,3
QHFY0U,868.0,1500.0,1300.0,1100.0,514.0,1400.0,969.0,1550.0,1600.0,1100.0,575.0,1600.0,2.0,0.0,0.0,0.0,3.0,0.0,3,2,3,1,3,3
5BJH37,10000.0,10000.0,10000.0,1800.0,441.0,1800.0,10000.0,10000.0,10000.0,1800.0,482.0,1850.0,0.0,0.0,0.0,0.0,3.0,0.0,0,0,0,1,3,2
9MGE3P,517.0,1200.0,654.0,673.0,322.0,381.0,556.0,1200.0,1600.0,974.0,823.0,561.0,3.0,0.0,1.0,2.0,2.0,3.0,3,3,3,3,3,3
JN92S0,10000.0,10000.0,10000.0,10000.0,420.0,922.0,10000.0,10000.0,10000.0,10000.0,423.0,950.0,0.0,0.0,0.0,0.0,2.0,2.0,0,0,0,0,3,2
3YJENQ,775.0,960.0,760.0,624.0,584.0,294.0,784.0,1300.0,1700.0,1200.0,804.0,587.0,3.0,1.0,1.0,1.0,3.0,3.0,3,3,3,3,3,3
W232NR,761.0,1900.0,530.0,971.0,553.0,1200.0,962.0,1950.0,538.5,1500.0,764.0,1500.0,2.0,0.0,2.0,1.0,3.0,0.0,3,2,2,3,3,3
5C90H7,10000.0,10000.0,10000.0,10000.0,500.0,2000.0,10000.0,10000.0,10000.0,10000.0,809.0,2000.0,0.0,0.0,0.0,0.0,3.0,0.0,0,0,0,0,3,1
7C25CA,10000.0,10000.0,1800.0,10000.0,1900.0,10000.0,10000.0,10000.0,1800.0,10000.0,1900.0,10000.0,0.0,0.0,0.0,0.0,0.0,0.0,0,0,1,0,1,0
JZNYB0,1800.0,1000.0,1100.0,1600.0,992.0,469.0,1850.0,1450.0,1500.0,1600.0,1000.0,911.0,0.0,1.0,0.0,0.0,2.0,2.0,2,2,2,1,3,3
QA2D1U,1400.0,10000.0,1600.0,10000.0,1100.0,10000.0,1400.0,10000.0,1600.0,10000.0,1300.0,10000.0,0.0,0.0,0.0,0.0,0.0,0.0,1,0,2,0,3,0
8592G3,1300.0,10000.0,10000.0,10000.0,10000.0,10000.0,1300.0,10000.0,10000.0,10000.0,10000.0,10000.0,0.0,0.0,0.0,0.0,0.0,0.0,1,0,0,0,0,0
0ZSTG9,162.0,696.0,421.0,579.0,101.0,693.0,181.0,840.0,657.0,1100.0,102.0,840.0,3.0,3.0,3.0,1.0,3.0,2.0,3,3,3,3,3,3
SD0MA5,10000.0,10000.0,10000.0,1900.0,255.0,10000.0,10000.0,10000.0,10000.0,1900.0,832.0,10000.0,0.0,0.0,0.0,0.0,2.0,0.0,0,0,0,1,3,0
DE27VH,1500.0,10000.0,10000.0,10000.0,1700.0,10000.0,1500.0,10000.0,10000.0,10000.0,1900.0,10000.0,0.0,0.0,0.0,0.0,0.0,0.0,1,0,0,0,3,0
ACBU5Y,743.0,1300.0,550.0,1400.0,557.0,673.0,927.0,1400.0,968.0,1400.0,563.0,678.0,3.0,0.0,2.0,0.0,3.0,3.0,3,3,3,3,3,3
UYY76S,308.0,239.0,380.0,445.0,132.0,284.0,340.0,564.0,449.0,762.0,336.0,327.0,3.0,3.0,3.0,3.0,3.0,3.0,3,3,3,3,3,3
SDAZE5,10000.0,10000.0,1200.0,10000.0,751.0,1800.0,10000.0,10000.0,1200.0,10000.0,1000.0,1800.0,0.0,0.0,0.0,0.0,2.0,0.0,0,0,1,0,3,1
AKA3HY,1500.0,10000.0,1700.0,317.0,1200.0,1400.0,1650.0,10000.0,1700.0,655.0,1300.0,1400.0,0.0,0.0,0.0,3.0,0.0,0.0,2,0,1,3,3,3
Q7QBGU,1900.0,10000.0,978.0,10000.0,244.0,10000.0,1900.0,10000.0,978.0,10000.0,327.0,10000.0,0.0,0.0,1.0,0.0,3.0,0.0,2,0,1,0,3,0
6U65A8,1300.0,10000.0,1500.0,290.0,1000.0,1100.0,1300.0,10000.0,1500.0,446.0,1200.0,1250.0,0.0,0.0,0.0,3.0,1.0,0.0,1,0,1,3,3,2
35V3SQ,1900.0,10000.0,10000.0,10000.0,1500.0,10000.0,1900.0,10000.0,10000.0,10000.0,1500.0,10000.0,0.0,0.0,0.0,0.0,0.0,0.0,1,0,0,0,3,0
UCA8BS,1500.0,10000.0,10000.0,10000.0,10000.0,10000.0,1700.0,10000.0,10000.0,10000.0,10000.0,10000.0,0.0,0.0,0.0,0.0,0.0,0.0,2,0,0,0,0,0
EP7JE4,835.0,10000.0,1400.0,1200.0,582.0,231.0,967.5,10000.0,1400.0,1600.0,621.0,706.0,1.0,0.0,0.0,0.0,3.0,3.0,2,0,1,3,3,3
ABZFAY,348.0,1900.0,314.0,877.0,370.0,543.0,1600.0,1900.0,1400.0,877.0,531.0,691.0,1.0,0.0,1.0,1.0,3.0,3.0,3,1,3,1,3,3
65A9D8,347.0,2000.0,10000.0,908.0,996.0,117.0,1400.0,2000.0,10000.0,1304.0,1100.0,123.0,1.0,0.0,0.0,1.0,1.0,2.0,3,1,0,2,3,3
85T943,305.0,1600.0,47.0,1200.0,333.0,457.0,1700.0,1600.0,1600.0,1200.0,339.0,749.0,1.0,0.0,1.0,0.0,3.0,2.0,3,1,3,1,3,3
UY9QVS,393.0,60.0,275.0,253.0,123.0,82.0,465.0,984.0,353.0,417.0,153.0,406.0,3.0,3.0,3.0,3.0,3.0,3.0,3,3,3,3,3,3
UYEQPS,1000.0,1400.0,1000.0,1100.0,567.0,876.0,1150.0,1400.0,1050.0,1100.0,786.0,979.0,1.0,0.0,1.0,0.0,3.0,2.0,2,1,2,1,3,3
37AV0Q,832.0,950.0,855.0,573.0,677.0,236.0,836.0,1400.0,1700.0,1300.0,758.0,688.0,3.0,1.0,1.0,1.0,3.0,3.0,3,3,3,3,3,3
857MC3,1200.0,1500.0,727.0,252.0,374.0,1000.0,1800.0,1500.0,1300.0,252.0,440.0,1100.0,0.0,0.0,1.0,1.0,3.0,1.0,3,2,3,1,3,3
UYD21S,599.0,10000.0,397.0,1100.0,876.0,983.0,852.0,10000.0,920.0,1500.0,968.0,997.0,3.0,0.0,2.0,0.0,2.0,2.0,3,0,3,3,3,3
0MQW09,771.0,1000.0,854.0,534.0,637.0,297.0,777.0,1400.0,1700.0,1300.0,716.0,664.0,3.0,1.0,1.0,1.0,3.0,3.0,3,3,3,3,3,3
1AU876,10000.0,10000.0,10000.0,10000.0,10000.0,1900.0,10000.0,10000.0,10000.0,10000.0,10000.0,1900.0,0.0,0.0,0.0,0.0,0.0,0.0,0,0,0,0,0,1
211JQZ,64.0,1500.0,479.0,1100.0,355.0,699.0,606.0,1500.0,1200.0,1200.0,508.0,1000.0,3.0,0.0,1.0,0.0,3.0,2.0,3,3,3,3,3,3
EJ9AW4,1000.0,1500.0,1400.0,1600.0,1000.0,1200.0,1200.0,1500.0,1500.0,1600.0,1100.0,1500.0,1.0,0.0,0.0,0.0,1.0,0.0,3,3,3,1,3,3
QHZH3U,10000.0,10000.0,1400.0,276.0,1300.0,2000.0,10000.0,10000.0,1400.0,276.0,1350.0,2000.0,0.0,0.0,0.0,1.0,0.0,0.0,0,0,1,1,2,1
3D4YVQ,10000.0,10000.0,10000.0,10000.0,1800.0,10000.0,10000.0,10000.0,10000.0,10000.0,1800.0,10000.0,0.0,0.0,0.0,0.0,0.0,0.0,0,0,0,0,1,0
6AK4D8,1600.0,729.0,860.0,1300.0,697.0,600.0,1650.0,1164.5,1230.0,1300.0,716.0,780.0,0.0,1.0,1.0,0.0,3.0,3.0,2,2,2,1,3,3
QDJ3VU,669.0,1100.0,323.0,1200.0,475.0,630.0,739.0,1200.0,946.0,1400.0,663.0,719.0,3.0,0.0,3.0,0.0,3.0,3.0,3,3,3,3,3,3
1UEKQ6,871.0,10000.0,1300.0,328.0,806.0,709.0,1435.5,10000.0,1300.0,514.0,994.0,960.0,1.0,0.0,0.0,3.0,2.0,2.0,2,0,1,3,3,3
857EX3,10000.0,10000.0,10000.0,10000.0,495.0,1200.0,10000.0,10000.0,10000.0,10000.0,1100.0,1300.0,0.0,0.0,0.0,0.0,1.0,0.0,0,0,0,0,3,3
5DQ2X7,538.0,1100.0,791.0,1100.0,317.0,885.0,903.0,1100.0,872.0,1400.0,390.0,1800.0,2.0,0.0,2.0,0.0,2.0,1.0,3,1,3,2,3,3
JXU860,1200.0,10000.0,10000.0,181.0,194.0,706.0,1500.0,10000.0,10000.0,539.5,329.0,718.0,0.0,0.0,0.0,2.0,3.0,2.0,3,0,0,2,3,3
UKP7US,10000.0,10000.0,10000.0,1600.0,1200.0,945.0,10000.0,10000.0,10000.0,1700.0,1300.0,1172.5,0.0,0.0,0.0,0.0,0.0,1.0,0,0,0,2,3,2
49ZUUF,565.0,10000.0,10000.0,10000.0,1600.0,10000.0,572.5,10000.0,10000.0,10000.0,1750.0,10000.0,2.0,0.0,0.0,0.0,0.0,0.0,2,0,0,0,2,0
0ZGCG9,657.0,1400.0,268.0,1700.0,316.0,41.0,996.0,1400.0,271.0,1700.0,418.0,72.0,2.0,0.0,3.0,0.0,3.0,3.0,3,1,3,1,3,3
8Y7AT3,603.0,1400.0,1200.0,121.0,295.0,473.0,641.0,1800.0,1500.0,1500.0,802.0,482.0,3.0,0.0,0.0,1.0,3.0,3.0,3,3,3,3,3,3
1GC26T,909.0,767.0,982.0,767.0,491.0,824.0,909.0,1300.0,1091.0,1200.0,577.0,1100.0,1.0,1.0,1.0,1.0,3.0,1.0,1,3,2,3,3,3
K54JCJ,1100.0,1400.0,498.0,630.0,579.0,1100.0,1500.0,1400.0,849.0,773.0,650.0,1300.0,0.0,0.0,1.0,2.0,3.0,0.0,2,2,2,3,3,3
SMWF5Y,1100.0,1600.0,243.0,986.0,213.0,129.0,1300.0,1600.0,988.0,1000.0,369.0,1100.0,0.0,0.0,2.0,2.0,3.0,1.0,3,3,3,3,3,3
CSERBC,1700.0,106.0,195.0,457.0,495.0,504.0,1700.0,653.0,932.0,1100.0,531.0,797.0,0.0,1.0,2.0,1.0,3.0,3.0,1,2,3,3,3,3
64748Y,1800.0,10000.0,10000.0,10000.0,222.0,1500.0,1800.0,10000.0,10000.0,10000.0,251.0,1600.0,0.0,0.0,0.0,0.0,3.0,0.0,1,0,0,0,3,3
85ZZ03,716.0,320.0,279.0,833.0,390.0,579.0,1100.0,547.0,867.0,1000.0,421.0,665.0,1.0,3.0,2.0,3.0,3.0,3.0,3,3,3,3,3,3
Y686D6,779.0,889.0,261.0,463.0,210.0,482.0,1000.0,929.0,619.0,529.0,250.0,1500.0,2.0,2.0,3.0,3.0,3.0,1.0,3,3,3,3,3,3
WQMTR9,557.0,800.0,1100.0,572.0,284.0,412.0,812.0,946.0,1200.0,1100.0,365.0,467.0,3.0,3.0,0.0,1.0,3.0,3.0,3,3,3,3,3,3
ABEKBY,502.0,129.0,540.0,1600.0,863.0,926.0,1051.0,167.0,1020.0,1750.0,1400.0,1300.0,1.0,3.0,1.0,0.0,1.0,1.0,2,3,2,2,3,3
4JSKVF,541.0,1700.0,10000.0,10000.0,2000.0,10000.0,541.0,1700.0,10000.0,10000.0,2000.0,10000.0,1.0,0.0,0.0,0.0,0.0,0.0,1,3,0,0,1,0
6SSBU8,707.0,228.0,233.0,316.0,85.0,772.0,776.5,309.0,1500.0,644.0,430.0,907.0,2.0,3.0,1.0,2.0,3.0,3.0,2,3,3,3,3,3
ACDMSY,618.0,1400.0,1000.0,1500.0,377.0,854.0,618.0,1500.0,1000.0,1550.0,1300.0,858.0,1.0,0.0,1.0,0.0,1.0,3.0,1,3,1,2,3,3
82RB3A,141.0,2000.0,380.0,1100.0,236.0,410.0,172.0,2000.0,1100.0,1300.0,328.0,412.0,3.0,0.0,1.0,0.0,3.0,3.0,3,1,3,3,3,3
1UUCE6,740.0,267.0,232.0,436.0,74.0,804.0,844.5,367.0,1600.0,652.0,473.0,997.0,2.0,3.0,1.0,2.0,3.0,3.0,2,3,3,3,3,3
Q7QX5U,10000.0,350.0,817.0,465.0,477.0,227.0,10000.0,478.0,1100.0,903.0,588.0,519.0,0.0,3.0,1.0,3.0,3.0,3.0,0,3,3,3,3,3
02V7D9,902.0,718.0,1200.0,856.0,125.0,1100.0,1001.0,1100.0,1400.0,1200.0,517.0,1100.0,1.0,1.0,0.0,1.0,3.0,0.0,2,3,3,3,3,3
AB4TMY,1200.0,560.0,1400.0,1600.0,1200.0,1900.0,1200.0,718.0,1400.0,1600.0,1300.0,1900.0,0.0,3.0,0.0,0.0,0.0,0.0,1,3,1,1,3,1
QAEX7U,769.0,41.0,761.0,1300.0,1100.0,859.0,1034.5,84.0,1800.0,1500.0,1700.0,1200.0,1.0,3.0,1.0,0.0,0.0,1.0,2,3,3,2,3,3
SDRA05,817.0,233.0,235.0,1500.0,257.0,91.0,1200.0,322.0,407.0,1500.0,384.0,227.0,1.0,3.0,2.0,0.0,3.0,3.0,3,3,3,3,3,3
5D2VE7,1700.0,1200.0,87.0,1700.0,633.0,2000.0,1800.0,1200.0,1200.0,1700.0,807.0,2000.0,0.0,0.0,1.0,0.0,2.0,0.0,3,3,3,1,3,1
7K1XNA,541.0,118.0,254.0,233.0,213.0,78.0,1200.0,346.0,430.0,438.0,608.0,379.0,1.0,3.0,2.0,3.0,3.0,3.0,3,3,3,3,3,3
QAX9RU,941.0,392.0,508.0,467.0,581.0,810.0,941.0,805.0,530.0,534.0,704.0,817.0,1.0,3.0,2.0,3.0,3.0,2.0,1,3,3,3,3,3
KF82UC,1300.0,1500.0,1800.0,1000.0,741.0,482.0,1300.0,1500.0,1800.0,1400.0,778.0,991.0,0.0,0.0,0.0,1.0,3.0,1.0,1,1,1,3,3,2
QA4A5U,1600.0,805.0,1700.0,1200.0,1700.0,10000.0,1600.0,1100.0,1750.0,1200.0,1800.0,10000.0,0.0,1.0,0.0,0.0,0.0,0.0,1,3,2,1,2,0
21M2DZ,10000.0,1300.0,10000.0,330.0,610.0,149.0,10000.0,1300.0,10000.0,362.0,616.0,1600.0,0.0,0.0,0.0,2.0,2.0,1.0,0,3,0,2,2,3
3AD6ZQ,781.0,161.0,168.0,994.0,139.0,250.0,862.0,405.0,542.0,994.0,224.0,765.0,2.0,3.0,3.0,1.0,3.0,3.0,2,3,3,1,3,3
ACXRAY,629.0,428.0,249.0,1400.0,236.0,209.0,925.0,464.0,887.0,2000.0,253.0,393.0,2.0,3.0,2.0,0.0,3.0,3.0,3,3,3,3,3,3
WP3S5R,1000.0,239.0,956.0,1600.0,97.0,274.0,1050.0,279.0,1300.0,1700.0,488.0,535.0,1.0,3.0,1.0,0.0,3.0,3.0,2,3,3,3,3,3
Q530DU,10000.0,543.0,910.0,10000.0,302.0,10000.0,10000.0,543.0,910.0,10000.0,486.0,10000.0,0.0,1.0,1.0,0.0,2.0,0.0,0,1,1,0,3,0
C0NE3B,1300.0,121.0,879.0,1500.0,214.0,117.0,1300.0,288.0,941.0,1500.0,280.0,500.0,0.0,3.0,2.0,0.0,3.0,3.0,3,3,3,3,3,3
Q5HK2U,1100.0,1600.0,759.0,1500.0,191.0,371.0,1450.0,1600.0,1100.0,1750.0,265.0,374.0,0.0,0.0,1.0,0.0,3.0,3.0,2,1,3,2,3,3
QAPNRU,1700.0,590.0,1200.0,450.0,357.0,56.0,1700.0,1100.0,1400.0,715.0,1000.0,746.0,0.0,1.0,0.0,2.0,3.0,2.0,3,3,2,3,3,3
5HGE17,769.0,388.0,991.0,10000.0,707.0,1700.0,769.0,480.0,1245.5,10000.0,744.0,1700.0,1.0,3.0,1.0,0.0,2.0,0.0,1,3,2,0,3,1
CWUG1B,347.0,131.0,562.0,10000.0,702.0,1400.0,1173.5,321.0,831.0,10000.0,760.0,1600.0,1.0,3.0,1.0,0.0,3.0,0.0,2,3,2,0,3,3
7CBYTA,1200.0,122.0,966.0,1600.0,242.0,133.0,1200.0,133.0,1200.0,1700.0,453.0,551.0,0.0,3.0,1.0,0.0,3.0,3.0,3,3,3,3,3,3
UY5VYS,840.0,431.0,880.0,10000.0,418.0,10000.0,840.0,431.0,880.0,10000.0,496.0,10000.0,1.0,1.0,1.0,0.0,3.0,0.0,1,1,1,0,3,0
6S0G58,1200.0,485.0,601.0,1500.0,102.0,225.0,1400.0,657.0,859.0,1800.0,191.0,404.0,0.0,3.0,2.0,0.0,3.0,3.0,3,3,3,3,3,3
DEGCSH,1800.0,475.0,1300.0,206.0,217.0,265.0,1900.0,1300.0,1450.0,683.0,1000.0,557.0,0.0,1.0,0.0,2.0,2.0,3.0,3,3,2,3,3,3
WGNAFR,1400.0,439.0,1300.0,1100.0,630.0,595.0,1600.0,580.0,1400.0,1400.0,658.0,881.0,0.0,3.0,0.0,0.0,3.0,3.0,3,3,2,3,3,3
8SDAJ3,1400.0,1600.0,763.0,1400.0,632.0,10000.0,1700.0,1600.0,1131.5,1400.0,941.0,10000.0,0.0,0.0,1.0,0.0,2.0,0.0,2,1,2,1,3,0
21SQCZ,872.0,558.0,242.0,1600.0,164.0,310.0,1200.0,642.0,783.0,1800.0,318.0,320.0,1.0,3.0,2.0,0.0,3.0,3.0,3,3,3,3,3,3
65AMW8,1300.0,1600.0,1100.0,1400.0,238.0,1700.0,1300.0,1700.0,1250.0,1650.0,291.0,1900.0,0.0,0.0,0.0,0.0,3.0,0.0,1,3,2,2,3,3
2XQM5Z,10000.0,958.0,10000.0,133.0,669.0,10000.0,10000.0,966.0,10000.0,648.0,1200.0,10000.0,0.0,2.0,0.0,2.0,1.0,0.0,0,3,0,3,3,0
6YW4M8,569.0,792.0,1500.0,983.0,302.0,199.0,735.0,1300.0,1550.0,1000.0,671.0,322.0,2.0,1.0,0.0,2.0,3.0,3.0,2,3,2,3,3,3
AC0JEY,1100.0,749.0,1500.0,10000.0,996.0,10000.0,1100.0,935.0,1500.0,10000.0,1100.0,10000.0,0.0,3.0,0.0,0.0,1.0,0.0,1,3,1,0,3,0
EJNGN4,1100.0,734.0,1200.0,10000.0,113.0,10000.0,1100.0,867.0,1250.0,10000.0,297.0,10000.0,0.0,3.0,0.0,0.0,2.0,0.0,1,3,2,0,3,0
WPT6YR,958.0,361.0,581.0,1700.0,85.0,183.0,1100.0,500.0,1100.0,1800.0,302.0,345.0,1.0,3.0,1.0,0.0,3.0,3.0,3,3,3,3,3,3
GXXTU2,319.0,194.0,249.0,455.0,542.0,226.0,350.0,452.0,683.0,627.0,637.0,424.0,2.0,3.0,3.0,3.0,3.0,3.0,3,3,3,3,3,3
UY56HS,387.0,639.0,387.0,1700.0,905.0,635.0,845.0,801.0,387.0,1700.0,954.0,768.0,2.0,3.0,1.0,0.0,2.0,2.0,3,3,1,1,3,3
UY44FS,10000.0,10000.0,10000.0,10000.0,501.0,10000.0,10000.0,10000.0,10000.0,10000.0,686.5,10000.0,0.0,0.0,0.0,0.0,2.0,0.0,0,0,0,0,2,0
ACRQ6Y,203.0,320.0,606.0,676.0,206.0,300.0,290.5,330.0,853.0,1300.0,355.0,401.0,2.0,3.0,2.0,1.0,3.0,3.0,2,3,3,3,3,3
40GZTF,1200.0,537.0,1200.0,245.0,673.0,772.0,1300.0,586.0,1200.0,333.0,852.0,776.0,0.0,3.0,0.0,2.0,3.0,2.0,3,3,3,3,3,3
6SWF38,10000.0,1700.0,10000.0,1000.0,1300.0,674.0,10000.0,1750.0,10000.0,1050.0,1300.0,674.0,0.0,0.0,0.0,1.0,0.0,1.0,0,2,0,2,2,1
PN5RRG,804.0,80.0,819.0,1400.0,1100.0,951.0,1052.0,165.0,1800.0,1500.0,1700.0,1200.0,1.0,3.0,1.0,0.0,0.0,1.0,2,3,3,2,3,3
A4W92Y,1900.0,10000.0,376.0,139.0,1700.0,1600.0,1900.0,10000.0,1600.0,139.0,1700.0,1700.0,0.0,0.0,1.0,1.0,0.0,0.0,1,0,3,1,2,3
C0P2FB,1700.0,10000.0,155.0,379.0,1500.0,1400.0,1700.0,10000.0,977.5,379.0,1700.0,1400.0,0.0,0.0,1.0,1.0,0.0,0.0,1,0,2,1,2,3
YBTA4D,1300.0,271.0,101.0,409.0,193.0,735.0,1400.0,455.0,777.0,409.0,351.0,896.0,0.0,3.0,2.0,1.0,3.0,2.0,2,3,3,1,3,3
8YGDK3,548.0,1900.0,832.0,296.0,117.0,729.0,705.0,1900.0,832.0,615.0,143.0,1364.5,3.0,0.0,1.0,3.0,3.0,1.0,3,1,1,3,3,2
AC6MEY,904.0,494.0,343.0,743.0,247.0,193.0,1800.0,507.0,524.0,1200.0,539.0,266.0,1.0,3.0,3.0,1.0,3.0,3.0,3,3,3,3,3,3
6SY438,1500.0,268.0,1100.0,1900.0,131.0,683.0,1800.0,300.0,1100.0,1950.0,824.0,799.0,0.0,3.0,0.0,0.0,3.0,3.0,3,3,1,2,3,3
28Y17Z,1200.0,998.0,634.0,2000.0,274.0,1700.0,1600.0,998.0,1100.0,2000.0,372.0,1700.0,0.0,1.0,1.0,0.0,3.0,0.0,2,1,3,1,3,1
0NJE19,1200.0,753.0,661.0,1200.0,373.0,138.0,1400.0,921.0,729.0,1700.0,399.0,670.0,0.0,3.0,3.0,0.0,3.0,3.0,3,3,3,3,3,3
677P08,1000.0,463.0,514.0,1600.0,166.0,263.0,1200.0,628.0,998.0,1800.0,180.0,365.0,1.0,3.0,2.0,0.0,3.0,3.0,3,3,3,3,3,3
UYYEPS,1400.0,141.0,1100.0,10000.0,407.0,791.0,1600.0,250.0,1100.0,10000.0,636.0,1100.0,0.0,3.0,0.0,0.0,2.0,1.0,3,3,1,0,3,3
2MX46Z,1500.0,1600.0,462.0,1300.0,469.0,345.0,1500.0,1600.0,1500.0,1300.0,528.0,512.0,0.0,0.0,1.0,0.0,2.0,3.0,1,1,3,1,3,3
YEBPKD,1100.0,10000.0,1800.0,10000.0,153.0,10000.0,1100.0,10000.0,1800.0,10000.0,387.0,10000.0,0.0,0.0,0.0,0.0,3.0,0.0,1,0,1,0,3,0
PXZH2G,1500.0,10000.0,1100.0,1300.0,453.0,1300.0,1500.0,10000.0,1250.0,1500.0,453.0,1300.0,0.0,0.0,0.0,0.0,1.0,0.0,1,0,2,2,1,1
YBB4UD,10000.0,1700.0,1700.0,1800.0,188.0,1500.0,10000.0,1700.0,1700.0,1800.0,242.0,1500.0,0.0,0.0,0.0,0.0,3.0,0.0,0,1,1,1,3,1
QA78AU,10000.0,10000.0,1400.0,10000.0,10000.0,1100.0,10000.0,10000.0,1400.0,10000.0,10000.0,1100.0,0.0,0.0,0.0,0.0,0.0,0.0,0,0,1,0,0,1
UHQMCS,10000.0,1400.0,10000.0,543.0,800.0,196.0,10000.0,1400.0,10000.0,592.5,828.0,1700.0,0.0,0.0,0.0,2.0,2.0,1.0,0,3,0,2,2,3
W25Q3R,1200.0,1200.0,1200.0,1500.0,210.0,1300.0,1400.0,1200.0,1200.0,1500.0,329.0,1300.0,0.0,0.0,0.0,0.0,3.0,0.0,2,1,3,2,3,1
ACFKCY,700.0,808.0,10000.0,336.0,429.0,823.0,700.0,1204.0,10000.0,635.0,486.0,1000.0,1.0,1.0,0.0,3.0,3.0,2.0,1,2,0,3,3,3
3AHVRQ,10000.0,689.0,522.0,807.0,259.0,323.0,10000.0,689.0,522.0,807.0,585.0,323.0,0.0,1.0,1.0,1.0,3.0,1.0,0,1,1,1,3,1
5H1QK7,897.0,10000.0,1300.0,1900.0,1100.0,10000.0,897.0,10000.0,1300.0,1900.0,1350.0,10000.0,1.0,0.0,0.0,0.0,0.0,0.0,1,0,1,1,2,0
40UTEF,1500.0,250.0,829.0,1500.0,567.0,223.0,1700.0,397.0,829.0,1500.0,1300.0,275.0,0.0,3.0,1.0,0.0,1.0,3.0,2,3,1,1,3,3
3D0GAQ,492.0,1600.0,450.0,261.0,340.0,2000.0,946.0,1600.0,1700.0,1000.0,368.0,2000.0,1.0,0.0,1.0,2.0,3.0,0.0,2,1,3,3,3,1
877BX3,1400.0,10000.0,10000.0,10000.0,1500.0,10000.0,1400.0,10000.0,10000.0,10000.0,1600.0,10000.0,0.0,0.0,0.0,0.0,0.0,0.0,1,0,0,0,3,0
AC6RUY,1500.0,580.0,486.0,1100.0,311.0,260.0,1600.0,717.0,993.0,1250.0,321.0,581.0,0.0,2.0,2.0,0.0,3.0,3.0,3,3,3,2,3,3
0X0DT9,10000.0,10000.0,10000.0,10000.0,537.0,10000.0,10000.0,10000.0,10000.0,10000.0,687.0,10000.0,0.0,0.0,0.0,0.0,3.0,0.0,0,0,0,0,3,0
15TW16,1200.0,732.0,546.0,1400.0,260.0,233.0,1200.0,815.0,843.0,1700.0,342.0,539.0,0.0,3.0,3.0,0.0,3.0,3.0,3,3,3,3,3,3
YF3GTD,84.0,10000.0,191.0,1500.0,511.0,10000.0,343.0,10000.0,1200.0,1750.0,551.0,10000.0,3.0,0.0,1.0,0.0,3.0,0.0,3,0,3,2,3,0
RGVA8J,1800.0,10000.0,1400.0,715.0,371.0,504.0,1800.0,10000.0,1600.0,1100.0,543.0,1100.0,0.0,0.0,0.0,1.0,3.0,1.0,1,0,3,3,3,3
4PBVHF,1200.0,1000.0,1100.0,862.0,541.0,10000.0,1200.0,1500.0,1450.0,1081.0,728.0,10000.0,0.0,1.0,0.0,1.0,3.0,0.0,1,3,2,2,3,0
3Y32PQ,317.0,1300.0,1000.0,1500.0,359.0,133.0,317.0,1500.0,1350.0,1500.0,975.0,133.0,1.0,0.0,1.0,0.0,3.0,1.0,1,3,2,1,3,1
WZ8H4R,1200.0,290.0,218.0,497.0,118.0,699.0,1800.0,1300.0,747.0,1100.0,172.0,1000.0,0.0,1.0,3.0,1.0,3.0,2.0,3,3,3,3,3,3
KJN5TC,10000.0,1500.0,1100.0,10000.0,718.0,10000.0,10000.0,1500.0,1100.0,10000.0,757.0,10000.0,0.0,0.0,0.0,0.0,3.0,0.0,0,1,1,0,3,0
5KJT47,10000.0,10000.0,2000.0,10000.0,599.0,10000.0,10000.0,10000.0,2000.0,10000.0,1300.0,10000.0,0.0,0.0,0.0,0.0,1.0,0.0,0,0,1,0,3,0
J2HMW0,10000.0,10000.0,1800.0,10000.0,1500.0,10000.0,10000.0,10000.0,1800.0,10000.0,1800.0,10000.0,0.0,0.0,0.0,0.0,0.0,0.0,0,0,1,0,3,0
8YFVS3,1800.0,1300.0,1400.0,1500.0,1300.0,1600.0,1800.0,1700.0,1550.0,1500.0,1400.0,1750.0,0.0,0.0,0.0,0.0,0.0,0.0,1,3,2,3,3,2
SC01C5,10000.0,716.0,10000.0,501.0,451.0,10000.0,10000.0,1008.0,10000.0,501.0,507.0,10000.0,0.0,1.0,0.0,1.0,3.0,0.0,0,2,0,1,3,0
C0X7ZB,729.0,460.0,561.0,572.0,476.0,203.0,747.0,1100.0,626.0,676.0,494.0,456.0,3.0,1.0,3.0,3.0,3.0,3.0,3,3,3,3,3,3
5BDDC7,1900.0,10000.0,627.0,390.0,896.0,446.0,1900.0,10000.0,787.0,390.0,1000.0,465.5,0.0,0.0,2.0,1.0,2.0,2.0,1,0,3,1,3,2
3DWX4Q,1500.0,10000.0,10000.0,10000.0,90.0,10000.0,1500.0,10000.0,10000.0,10000.0,136.0,10000.0,0.0,0.0,0.0,0.0,2.0,0.0,1,0,0,0,3,0
JNQDY0,1800.0,10000.0,814.0,1400.0,380.0,272.0,1800.0,10000.0,1000.0,1700.0,396.0,908.0,0.0,0.0,2.0,0.0,3.0,2.0,1,0,3,3,3,3
9NQ1SP,10000.0,10000.0,751.0,10000.0,672.0,10000.0,10000.0,10000.0,751.0,10000.0,813.0,10000.0,0.0,0.0,1.0,0.0,2.0,0.0,0,0,1,0,3,0
5KJEU7,10000.0,10000.0,709.0,2000.0,633.0,10000.0,10000.0,10000.0,709.0,2000.0,777.0,10000.0,0.0,0.0,1.0,0.0,2.0,0.0,0,0,1,1,3,0
D4G0BH,10000.0,10000.0,731.0,2000.0,651.0,10000.0,10000.0,10000.0,731.0,2000.0,792.0,10000.0,0.0,0.0,1.0,0.0,2.0,0.0,0,0,1,1,3,0
0JSF9N,10000.0,10000.0,1600.0,902.0,745.0,10000.0,10000.0,10000.0,1600.0,902.0,800.0,10000.0,0.0,0.0,0.0,1.0,2.0,0.0,0,0,1,1,3,0
A4GAQY,10000.0,10000.0,463.0,853.0,169.0,450.0,10000.0,10000.0,992.0,1400.0,350.0,910.0,0.0,0.0,2.0,1.0,3.0,2.0,0,0,3,3,3,3
7EPP8A,1600.0,708.0,970.0,1100.0,844.0,10000.0,1600.0,708.0,1285.0,1100.0,1200.0,10000.0,0.0,1.0,1.0,0.0,1.0,0.0,1,1,2,2,3,0
RNQHQJ,348.0,997.0,763.0,329.0,254.0,1500.0,1300.0,1300.0,1100.0,508.0,508.0,1500.0,1.0,1.0,1.0,2.0,3.0,0.0,3,3,3,3,3,3
AC4EEY,371.0,911.0,788.0,194.0,348.0,156.0,685.5,1800.0,1400.0,961.0,398.0,184.0,2.0,1.0,1.0,2.0,3.0,3.0,2,3,3,3,3,3
SC0MY5,1100.0,10000.0,597.0,1100.0,432.0,1100.0,1100.0,10000.0,869.0,1400.0,633.0,1200.0,0.0,0.0,2.0,0.0,3.0,0.0,1,0,3,2,3,3
3HY7UQ,10000.0,1500.0,1600.0,1700.0,482.0,10000.0,10000.0,1500.0,1750.0,1850.0,1400.0,10000.0,0.0,0.0,0.0,0.0,1.0,0.0,0,1,2,2,3,0
9M07MP,10000.0,1800.0,1700.0,10000.0,411.0,10000.0,10000.0,1800.0,1750.0,10000.0,1100.0,10000.0,0.0,0.0,0.0,0.0,1.0,0.0,0,1,2,0,3,0
6AXTU8,1500.0,1500.0,864.0,1700.0,573.0,1800.0,1500.0,1500.0,1032.0,1700.0,676.0,1900.0,0.0,0.0,1.0,0.0,3.0,0.0,1,1,2,1,3,3
GMWW72,10000.0,10000.0,1100.0,10000.0,1300.0,861.0,10000.0,10000.0,1100.0,10000.0,1700.0,863.0,0.0,0.0,0.0,0.0,0.0,2.0,0,0,1,0,3,2
SC6665,1800.0,1800.0,1300.0,866.0,988.0,999.0,1800.0,1800.0,1800.0,1333.0,1400.0,999.5,0.0,0.0,0.0,1.0,1.0,2.0,1,3,3,2,3,2
SDHK65,10000.0,2000.0,1200.0,10000.0,815.0,10000.0,10000.0,2000.0,1600.0,10000.0,1000.0,10000.0,0.0,0.0,0.0,0.0,2.0,0.0,0,1,2,0,3,0
85GZ23,10000.0,1900.0,1200.0,10000.0,332.0,10000.0,10000.0,1900.0,1200.0,10000.0,1300.0,10000.0,0.0,0.0,0.0,0.0,1.0,0.0,0,1,1,0,3,0
7EPF8A,10000.0,10000.0,432.0,10000.0,569.0,10000.0,10000.0,10000.0,432.0,10000.0,876.0,10000.0,0.0,0.0,1.0,0.0,2.0,0.0,0,0,1,0,3,0
WTG41R,10000.0,10000.0,741.0,1400.0,837.0,1500.0,10000.0,10000.0,1100.0,1400.0,901.0,1500.0,0.0,0.0,1.0,0.0,3.0,0.0,0,0,3,1,3,2
9M5UYP,1400.0,1600.0,1200.0,526.0,421.0,1600.0,1550.0,1650.0,1600.0,531.0,856.0,1700.0,0.0,0.0,0.0,3.0,3.0,0.0,2,2,3,3,3,3
JRDJ0D,10000.0,10000.0,1200.0,10000.0,662.0,1800.0,10000.0,10000.0,1400.0,10000.0,1100.0,1850.0,0.0,0.0,0.0,0.0,1.0,0.0,0,0,3,0,3,2
SC0MH5,1400.0,1500.0,734.0,1600.0,150.0,885.0,1400.0,1500.0,1300.0,1800.0,349.0,907.0,0.0,0.0,1.0,0.0,3.0,3.0,1,1,3,3,3,3
QHJBPU,1800.0,1000.0,1600.0,696.0,503.0,10000.0,1850.0,1000.0,1600.0,1298.0,1300.0,10000.0,0.0,1.0,0.0,1.0,1.0,0.0,2,1,1,2,3,0
G1X7J2,885.0,10000.0,1600.0,10000.0,1400.0,10000.0,885.0,10000.0,1600.0,10000.0,1400.0,10000.0,1.0,0.0,0.0,0.0,0.0,0.0,1,0,1,0,1,0
Q7V79U,10000.0,10000.0,10000.0,10000.0,1000.0,10000.0,10000.0,10000.0,10000.0,10000.0,1000.0,10000.0,0.0,0.0,0.0,0.0,1.0,0.0,0,0,0,0,1,0
YWCUMD,416.0,366.0,258.0,10000.0,778.0,10000.0,1008.0,584.0,1129.0,10000.0,1400.0,10000.0,1.0,3.0,1.0,0.0,1.0,0.0,2,3,2,0,3,0
8D7XB3,10000.0,10000.0,148.0,10000.0,79.0,10000.0,10000.0,10000.0,724.0,10000.0,304.0,10000.0,0.0,0.0,1.0,0.0,3.0,0.0,0,0,2,0,3,0
QKEYGU,1300.0,10000.0,10000.0,2000.0,1300.0,10000.0,1300.0,10000.0,10000.0,2000.0,1300.0,10000.0,0.0,0.0,0.0,0.0,0.0,0.0,1,0,0,1,3,0
YWFGCD,10000.0,81.0,1200.0,1500.0,1100.0,10000.0,10000.0,81.0,1800.0,1600.0,1100.0,10000.0,0.0,1.0,0.0,0.0,0.0,0.0,0,1,3,2,3,0
7KW1KA,1600.0,10000.0,1200.0,10000.0,626.0,10000.0,1600.0,10000.0,1200.0,10000.0,731.0,10000.0,0.0,0.0,0.0,0.0,3.0,0.0,1,0,1,0,3,0
PZ4W5G,412.0,1200.0,653.0,459.0,175.0,81.0,453.0,1250.0,712.0,1300.0,309.0,457.0,3.0,0.0,3.0,1.0,3.0,3.0,3,2,3,3,3,3
8DC1H3,1500.0,814.0,1700.0,10000.0,186.0,122.0,1500.0,814.0,1850.0,10000.0,339.0,1500.0,0.0,1.0,0.0,0.0,3.0,1.0,1,1,2,0,3,3
AE7MDY,10000.0,10000.0,10000.0,10000.0,1500.0,10000.0,10000.0,10000.0,10000.0,10000.0,1500.0,10000.0,0.0,0.0,0.0,0.0,0.0,0.0,0,0,0,0,1,0
8SRDH3,413.0,10000.0,916.0,10000.0,698.0,456.0,447.5,10000.0,916.0,10000.0,1500.0,456.0,2.0,0.0,1.0,0.0,1.0,1.0,2,0,1,0,3,1
7EPNKA,1200.0,206.0,371.0,1500.0,168.0,1600.0,1500.0,236.0,1400.0,1600.0,239.0,1700.0,0.0,3.0,1.0,0.0,3.0,0.0,2,3,3,3,3,3
UK04ES,10000.0,799.0,1400.0,970.0,94.0,680.0,10000.0,1800.0,1700.0,1600.0,671.0,1000.0,0.0,1.0,0.0,1.0,3.0,2.0,0,3,2,3,3,3
6A4278,193.0,1800.0,452.0,588.0,111.0,794.0,928.0,1800.0,587.0,1400.0,122.0,893.0,3.0,0.0,3.0,1.0,3.0,3.0,3,1,3,3,3,3
K0ZNRC,10000.0,961.0,1400.0,706.0,1200.0,10000.0,10000.0,961.0,1400.0,853.0,1200.0,10000.0,0.0,1.0,0.0,2.0,0.0,0.0,0,1,3,2,3,0
67SBB8,1100.0,1300.0,1500.0,10000.0,1900.0,1300.0,1100.0,1300.0,1700.0,10000.0,1900.0,1300.0,0.0,0.0,0.0,0.0,0.0,0.0,1,1,2,0,3,1
3H4WUQ,10000.0,1000.0,872.0,10000.0,379.0,1400.0,10000.0,1000.0,1300.0,10000.0,479.0,1400.0,0.0,1.0,1.0,0.0,3.0,0.0,0,1,3,0,3,1
UC4H4S,1300.0,10000.0,10000.0,2000.0,1300.0,10000.0,1300.0,10000.0,10000.0,2000.0,1300.0,10000.0,0.0,0.0,0.0,0.0,0.0,0.0,1,0,0,1,3,0
8YAY23,2000.0,304.0,1800.0,10000.0,757.0,639.0,2000.0,1102.0,1800.0,10000.0,813.0,1300.0,0.0,1.0,0.0,0.0,2.0,1.0,1,2,1,0,3,3
C4UD4B,1100.0,1400.0,1600.0,10000.0,1600.0,1300.0,1100.0,1400.0,1600.0,10000.0,1900.0,1600.0,0.0,0.0,0.0,0.0,0.0,0.0,1,1,2,0,3,2
AHAB9Y,10000.0,10000.0,160.0,10000.0,301.0,10000.0,10000.0,10000.0,160.0,10000.0,344.0,10000.0,0.0,0.0,1.0,0.0,3.0,0.0,0,0,1,0,3,0
7D1FBA,10000.0,10000.0,442.0,86.0,254.0,818.0,10000.0,10000.0,442.0,86.0,531.0,824.0,0.0,0.0,1.0,1.0,2.0,3.0,0,0,1,1,3,3
7EP1DA,10000.0,1300.0,921.0,986.0,302.0,902.0,10000.0,1300.0,921.0,1100.0,471.0,1100.0,0.0,0.0,1.0,1.0,3.0,1.0,0,3,1,3,3,3
5Y4PC7,10000.0,855.0,674.0,946.0,293.0,812.0,10000.0,1427.5,1900.0,1400.0,585.0,1056.0,0.0,1.0,1.0,1.0,3.0,1.0,0,2,3,3,3,2
3HWDTQ,10000.0,10000.0,419.0,10000.0,10000.0,10000.0,10000.0,10000.0,419.0,10000.0,10000.0,10000.0,0.0,0.0,1.0,0.0,0.0,0.0,0,0,1,0,0,0
SYK8J5,10000.0,10000.0,749.0,1000.0,860.0,855.0,10000.0,10000.0,874.0,1300.0,1200.0,855.0,0.0,0.0,2.0,1.0,1.0,1.0,0,0,3,3,3,1
E0P1Y4,10000.0,10000.0,1500.0,10000.0,1400.0,1300.0,10000.0,10000.0,1500.0,10000.0,1400.0,1300.0,0.0,0.0,0.0,0.0,0.0,0.0,0,0,1,0,3,2
UYNE9S,1300.0,575.0,593.0,1800.0,223.0,1700.0,1300.0,579.0,613.0,1850.0,672.0,1700.0,0.0,3.0,2.0,0.0,3.0,0.0,3,3,3,2,3,1
DWZ8TH,10000.0,10000.0,10000.0,1100.0,932.0,10000.0,10000.0,10000.0,10000.0,1100.0,1366.0,10000.0,0.0,0.0,0.0,0.0,1.0,0.0,0,0,0,1,2,0
8SEZV3,10000.0,10000.0,1000.0,1200.0,942.0,1300.0,10000.0,10000.0,1050.0,1200.0,951.0,1300.0,0.0,0.0,1.0,0.0,3.0,0.0,0,0,2,1,3,2
QKHDXU,1200.0,393.0,135.0,1700.0,63.0,965.0,1200.0,393.0,667.5,1700.0,140.0,965.0,0.0,1.0,1.0,0.0,3.0,1.0,1,1,2,1,3,1
6Y3N68,1200.0,393.0,135.0,1700.0,63.0,965.0,1200.0,393.0,667.5,1700.0,140.0,965.0,0.0,1.0,1.0,0.0,3.0,1.0,1,1,2,1,3,1
5B9VJ7,880.0,10000.0,116.0,86.0,514.0,599.0,880.0,10000.0,116.0,86.0,604.0,605.0,1.0,0.0,1.0,1.0,3.0,2.0,1,0,1,1,3,3
PZFJ7G,10000.0,10000.0,638.0,10000.0,382.0,10000.0,10000.0,10000.0,869.0,10000.0,392.0,10000.0,0.0,0.0,1.0,0.0,3.0,0.0,0,0,2,0,3,0
9T13HP,10000.0,1900.0,1200.0,10000.0,332.0,10000.0,10000.0,1900.0,1200.0,10000.0,1300.0,10000.0,0.0,0.0,0.0,0.0,1.0,0.0,0,1,1,0,3,0
6S77Q8,1200.0,335.0,1500.0,1400.0,231.0,1300.0,1200.0,1200.0,1500.0,1700.0,384.0,1500.0,0.0,1.0,0.0,0.0,3.0,0.0,1,3,1,2,3,3
SC0XD5,10000.0,10000.0,1000.0,10000.0,476.0,10000.0,10000.0,10000.0,1000.0,10000.0,1100.0,10000.0,0.0,0.0,1.0,0.0,1.0,0.0,0,0,1,0,3,0
A4MPBY,10000.0,10000.0,10000.0,10000.0,238.0,10000.0,10000.0,10000.0,10000.0,10000.0,819.0,10000.0,0.0,0.0,0.0,0.0,1.0,0.0,0,0,0,0,2,0
7K4GKA,10000.0,10000.0,1000.0,10000.0,924.0,10000.0,10000.0,10000.0,1350.0,10000.0,976.0,10000.0,0.0,0.0,1.0,0.0,3.0,0.0,0,0,2,0,3,0
6S5XW8,972.0,483.0,405.0,336.0,125.0,933.0,1200.0,879.0,743.0,987.0,228.0,1000.0,1.0,2.0,3.0,2.0,3.0,2.0,3,3,3,3,3,3
UAQ9JS,279.0,1100.0,610.0,544.0,512.0,789.0,900.0,1200.0,950.0,1400.0,562.0,997.0,2.0,0.0,3.0,1.0,3.0,2.0,3,3,3,3,3,3
7H529A,279.0,1100.0,610.0,544.0,512.0,789.0,900.0,1200.0,950.0,1400.0,562.0,997.0,2.0,0.0,3.0,1.0,3.0,2.0,3,3,3,3,3,3
KEGMFC,10000.0,10000.0,1700.0,878.0,958.0,10000.0,10000.0,10000.0,1700.0,878.0,989.0,10000.0,0.0,0.0,0.0,1.0,2.0,0.0,0,0,1,1,3,0
R2PGZJ,1600.0,764.0,1000.0,1200.0,1100.0,664.0,1600.0,1400.0,1000.0,1200.0,1100.0,1332.0,0.0,1.0,1.0,0.0,0.0,1.0,1,3,1,1,3,2
5HP2K7,10000.0,966.0,564.0,10000.0,412.0,1300.0,10000.0,966.0,641.5,10000.0,453.0,1300.0,0.0,1.0,2.0,0.0,3.0,0.0,0,1,2,0,3,1
KFXVEC,10000.0,966.0,564.0,10000.0,412.0,1300.0,10000.0,966.0,641.5,10000.0,453.0,1300.0,0.0,1.0,2.0,0.0,3.0,0.0,0,1,2,0,3,1
7KG2SA,10000.0,966.0,564.0,10000.0,412.0,1300.0,10000.0,966.0,641.5,10000.0,453.0,1300.0,0.0,1.0,2.0,0.0,3.0,0.0,0,1,2,0,3,1
5HBUV7,10000.0,10000.0,10000.0,10000.0,1700.0,10000.0,10000.0,10000.0,10000.0,10000.0,1700.0,10000.0,0.0,0.0,0.0,0.0,0.0,0.0,0,0,0,0,1,0
ACDSCY,10000.0,1100.0,637.0,10000.0,612.0,1400.0,10000.0,1100.0,656.0,10000.0,650.0,1400.0,0.0,0.0,2.0,0.0,3.0,0.0,0,1,2,0,3,1
7H524A,279.0,1100.0,610.0,544.0,512.0,789.0,900.0,1200.0,950.0,1400.0,562.0,997.0,2.0,0.0,3.0,1.0,3.0,2.0,3,3,3,3,3,3
0T2ZU9,1600.0,913.0,1100.0,1000.0,1100.0,811.0,1600.0,1300.0,1500.0,1500.0,1200.0,1355.5,0.0,1.0,0.0,1.0,0.0,1.0,1,3,2,2,3,2
AFERZY,10000.0,1900.0,10000.0,10000.0,10000.0,10000.0,10000.0,1900.0,10000.0,10000.0,10000.0,10000.0,0.0,0.0,0.0,0.0,0.0,0.0,0,1,0,0,0,0
ACMM4Y,10000.0,10000.0,10000.0,10000.0,1700.0,10000.0,10000.0,10000.0,10000.0,10000.0,1700.0,10000.0,0.0,0.0,0.0,0.0,0.0,0.0,0,0,0,0,1,0
PNXQCG,10000.0,1300.0,10000.0,1700.0,522.0,1300.0,10000.0,1450.0,10000.0,1800.0,566.0,1300.0,0.0,0.0,0.0,0.0,3.0,0.0,0,2,0,2,3,2
3AX5YQ,10000.0,10000.0,469.0,10000.0,159.0,10000.0,10000.0,10000.0,784.5,10000.0,163.0,10000.0,0.0,0.0,1.0,0.0,3.0,0.0,0,0,2,0,3,0
WPNPVR,10000.0,10000.0,874.0,1500.0,808.0,1500.0,10000.0,10000.0,1287.0,1500.0,1100.0,1500.0,0.0,0.0,1.0,0.0,1.0,0.0,0,0,2,1,3,2
UYA42S,1200.0,1800.0,10000.0,1400.0,1600.0,10000.0,1200.0,1800.0,10000.0,1650.0,1800.0,10000.0,0.0,0.0,0.0,0.0,0.0,0.0,1,1,0,2,2,0
37B5TQ,1200.0,370.0,1200.0,10000.0,898.0,1200.0,1200.0,524.0,1200.0,10000.0,993.0,1200.0,0.0,3.0,0.0,0.0,3.0,0.0,1,3,1,0,3,1
5HFMP7,783.0,10000.0,811.0,599.0,36.0,529.0,783.0,10000.0,1355.5,682.0,122.0,719.0,1.0,0.0,1.0,2.0,3.0,3.0,1,0,2,2,3,3
R23NWJ,10000.0,10000.0,918.0,1200.0,1000.0,1300.0,10000.0,10000.0,1059.0,1200.0,1100.0,1300.0,0.0,0.0,1.0,0.0,1.0,0.0,0,0,2,1,3,2
3AWH2Q,10000.0,10000.0,908.0,1200.0,1000.0,1300.0,10000.0,10000.0,1054.0,1200.0,1100.0,1300.0,0.0,0.0,1.0,0.0,1.0,0.0,0,0,2,1,3,2
5K9BQ7,10000.0,10000.0,916.0,1200.0,1000.0,1300.0,10000.0,10000.0,1058.0,1200.0,1100.0,1300.0,0.0,0.0,1.0,0.0,1.0,0.0,0,0,2,1,3,2
UDJHTS,10000.0,10000.0,918.0,1200.0,1000.0,1300.0,10000.0,10000.0,1059.0,1200.0,1100.0,1300.0,0.0,0.0,1.0,0.0,1.0,0.0,0,0,2,1,3,2
DEBR0H,10000.0,10000.0,622.0,10000.0,701.0,10000.0,10000.0,10000.0,1211.0,10000.0,769.0,10000.0,0.0,0.0,1.0,0.0,3.0,0.0,0,0,2,0,3,0
8YWF23,1300.0,328.0,1300.0,10000.0,971.0,1300.0,1300.0,475.0,1300.0,10000.0,1100.0,1300.0,0.0,3.0,0.0,0.0,1.0,0.0,1,3,1,0,3,1
KRU5FC,513.0,10000.0,701.0,1000.0,771.0,803.0,513.0,10000.0,701.0,1000.0,780.0,803.0,1.0,0.0,1.0,1.0,3.0,1.0,1,0,1,1,3,1
ACVNEY,10000.0,10000.0,10000.0,10000.0,1700.0,10000.0,10000.0,10000.0,10000.0,10000.0,1700.0,10000.0,0.0,0.0,0.0,0.0,0.0,0.0,0,0,0,0,1,0
QADW8U,1800.0,1400.0,586.0,1900.0,610.0,1700.0,1800.0,1400.0,1000.0,1900.0,646.0,1700.0,0.0,0.0,2.0,0.0,3.0,0.0,1,1,3,1,3,1
UAF3RS,1200.0,1300.0,1000.0,1700.0,398.0,1500.0,1200.0,1900.0,1300.0,1700.0,496.0,1500.0,0.0,0.0,1.0,0.0,3.0,0.0,1,3,3,1,3,1
DBKJPH,1700.0,402.0,1600.0,10000.0,1400.0,1700.0,1700.0,411.0,1600.0,10000.0,1400.0,1700.0,0.0,2.0,0.0,0.0,0.0,0.0,1,3,1,0,3,1
KJN9DC,10000.0,1800.0,2000.0,10000.0,1600.0,10000.0,10000.0,1800.0,2000.0,10000.0,1600.0,10000.0,0.0,0.0,0.0,0.0,0.0,0.0,0,1,1,0,3,0
CF17RB,124.0,308.0,552.0,328.0,414.0,346.0,239.0,458.0,1900.0,665.0,541.0,798.0,3.0,2.0,1.0,3.0,3.0,3.0,3,3,3,3,3,3
87NDU3,10000.0,1900.0,1300.0,1600.0,1200.0,1500.0,10000.0,1900.0,1300.0,1700.0,1300.0,1500.0,0.0,0.0,0.0,0.0,0.0,0.0,0,1,1,2,3,2
6SS328,10000.0,10000.0,733.0,803.0,732.0,1600.0,10000.0,10000.0,733.0,901.5,889.0,1600.0,0.0,0.0,1.0,2.0,2.0,0.0,0,0,1,2,3,1
EP1PZ4,1900.0,967.0,1300.0,1200.0,927.0,10000.0,1900.0,967.0,1600.0,1300.0,1200.0,10000.0,0.0,1.0,0.0,0.0,1.0,0.0,1,1,2,2,3,0
SDB485,10000.0,1400.0,1500.0,1800.0,671.0,10000.0,10000.0,1400.0,1600.0,1800.0,822.0,10000.0,0.0,0.0,0.0,0.0,2.0,0.0,0,1,2,2,3,0
37AMGQ,10000.0,10000.0,614.0,1700.0,467.0,1800.0,10000.0,10000.0,886.0,1700.0,558.0,1800.0,0.0,0.0,2.0,0.0,3.0,0.0,0,0,3,1,3,2
9Z9RUP,1800.0,1300.0,647.0,10000.0,458.0,1600.0,1800.0,1300.0,763.5,10000.0,500.0,1600.0,0.0,0.0,2.0,0.0,3.0,0.0,1,1,2,0,3,1
ACZGBY,1900.0,1300.0,542.0,10000.0,497.0,1600.0,1900.0,1300.0,852.0,10000.0,556.0,1600.0,0.0,0.0,2.0,0.0,3.0,0.0,1,1,3,0,3,1
85DZU3,10000.0,10000.0,607.0,1600.0,539.0,1700.0,10000.0,10000.0,1103.5,1600.0,811.0,1700.0,0.0,0.0,1.0,0.0,3.0,0.0,0,0,2,1,3,2
UYK8GS,10000.0,1200.0,863.0,10000.0,1000.0,1500.0,10000.0,1200.0,882.5,10000.0,1100.0,1500.0,0.0,0.0,2.0,0.0,1.0,0.0,0,1,2,0,3,1
3DSJJQ,10000.0,1000.0,249.0,893.0,99.0,10000.0,10000.0,1400.0,1200.0,1246.5,861.0,10000.0,0.0,1.0,1.0,1.0,3.0,0.0,0,3,3,2,3,0
KR60QC,10000.0,10000.0,765.0,10000.0,284.0,10000.0,10000.0,10000.0,839.0,10000.0,424.0,10000.0,0.0,0.0,2.0,0.0,3.0,0.0,0,0,3,0,3,0
PNBTRG,1200.0,497.0,582.0,241.0,224.0,347.0,1200.0,578.0,1141.0,1100.0,226.0,534.0,0.0,3.0,1.0,1.0,3.0,3.0,1,3,2,3,3,3
UYP7RS,10000.0,1700.0,1500.0,1600.0,1000.0,1500.0,10000.0,1850.0,1500.0,1650.0,1500.0,1500.0,0.0,0.0,0.0,0.0,1.0,0.0,0,2,1,2,3,2
PN8N6G,10000.0,2000.0,368.0,10000.0,485.0,10000.0,10000.0,2000.0,1100.0,10000.0,653.0,10000.0,0.0,0.0,1.0,0.0,3.0,0.0,0,1,3,0,3,0
QA7HMU,10000.0,10000.0,899.0,10000.0,628.0,10000.0,10000.0,10000.0,1049.5,10000.0,654.0,10000.0,0.0,0.0,1.0,0.0,3.0,0.0,0,0,2,0,3,0
W0H6PR,752.0,1300.0,1300.0,793.0,520.0,1400.0,752.0,1400.0,1300.0,793.0,629.0,1700.0,1.0,0.0,0.0,1.0,3.0,0.0,1,3,2,1,3,2
KJXTBC,127.0,818.0,796.0,1100.0,275.0,1800.0,127.0,899.0,1098.0,1350.0,461.0,1800.0,1.0,3.0,1.0,0.0,3.0,0.0,1,3,2,2,3,1
6YQWB8,1400.0,1800.0,163.0,278.0,307.0,10000.0,1400.0,1800.0,1031.5,1200.0,331.0,10000.0,0.0,0.0,1.0,1.0,3.0,0.0,1,1,2,3,3,0
UD9WBS,10000.0,1300.0,1300.0,1600.0,622.0,10000.0,10000.0,1300.0,1400.0,1650.0,871.0,10000.0,0.0,0.0,0.0,0.0,2.0,0.0,0,1,2,2,3,0
3YMR9Q,10000.0,1900.0,890.0,448.0,1300.0,10000.0,10000.0,1950.0,1200.0,448.0,1600.0,10000.0,0.0,0.0,1.0,1.0,0.0,0.0,0,2,3,1,3,0
Q5P69U,706.0,1300.0,1500.0,1500.0,288.0,1900.0,706.0,1300.0,1600.0,1650.0,288.0,2000.0,1.0,0.0,0.0,0.0,3.0,0.0,1,3,3,2,3,3
768XA8,283.0,1200.0,935.0,78.0,387.0,668.0,544.0,1200.0,1400.0,1000.0,432.0,766.0,3.0,0.0,1.0,2.0,3.0,3.0,3,3,3,3,3,3
C0UEZB,10000.0,10000.0,1200.0,10000.0,241.0,10000.0,10000.0,10000.0,1200.0,10000.0,1300.0,10000.0,0.0,0.0,0.0,0.0,1.0,0.0,0,0,1,0,3,0
UKN54S,10000.0,10000.0,1200.0,10000.0,241.0,10000.0,10000.0,10000.0,1200.0,10000.0,1300.0,10000.0,0.0,0.0,0.0,0.0,1.0,0.0,0,0,1,0,3,0
6AG3Y8,10000.0,10000.0,1200.0,10000.0,241.0,10000.0,10000.0,10000.0,1200.0,10000.0,1300.0,10000.0,0.0,0.0,0.0,0.0,1.0,0.0,0,0,1,0,3,0
7C2J6A,1800.0,1200.0,1100.0,1400.0,315.0,10000.0,1800.0,1200.0,1200.0,1500.0,1100.0,10000.0,0.0,0.0,0.0,0.0,1.0,0.0,1,1,2,2,3,0
CFKVMB,279.0,1100.0,610.0,544.0,512.0,789.0,900.0,1200.0,950.0,1400.0,562.0,997.0,2.0,0.0,3.0,1.0,3.0,2.0,3,3,3,3,3,3
GNUYD2,10000.0,10000.0,896.0,10000.0,796.0,10000.0,10000.0,10000.0,1248.0,10000.0,852.0,10000.0,0.0,0.0,1.0,0.0,3.0,0.0,0,0,2,0,3,0
ACX6JY,10000.0,1500.0,1900.0,369.0,557.0,235.0,10000.0,1650.0,1900.0,530.5,1100.0,255.0,0.0,0.0,0.0,2.0,1.0,2.0,0,2,1,2,3,3
JZW9U0,10000.0,1800.0,1700.0,10000.0,415.0,10000.0,10000.0,1800.0,1750.0,10000.0,1100.0,10000.0,0.0,0.0,0.0,0.0,1.0,0.0,0,1,2,0,3,0
KFPMJC,330.0,445.0,399.0,1400.0,508.0,298.0,330.0,763.0,399.0,1400.0,771.0,999.0,1.0,3.0,1.0,0.0,3.0,1.0,1,3,1,3,3,2
37HJ7Q,10000.0,1700.0,1500.0,1900.0,257.0,10000.0,10000.0,1700.0,1750.0,1900.0,1400.0,10000.0,0.0,0.0,0.0,0.0,1.0,0.0,0,1,2,1,3,0
2MVPSZ,10000.0,10000.0,1300.0,760.0,1300.0,882.0,10000.0,10000.0,1450.0,1230.0,1500.0,883.0,0.0,0.0,0.0,1.0,0.0,2.0,0,0,2,2,3,2
UYD1GS,10000.0,10000.0,614.0,1700.0,467.0,1800.0,10000.0,10000.0,886.0,1700.0,558.0,1800.0,0.0,0.0,2.0,0.0,3.0,0.0,0,0,3,1,3,2
1UQ8U6,10000.0,1900.0,892.0,10000.0,974.0,10000.0,10000.0,1900.0,1500.0,10000.0,1100.0,10000.0,0.0,0.0,1.0,0.0,1.0,0.0,0,1,3,0,3,0
K4G4UC,360.0,299.0,335.0,687.0,204.0,135.0,480.0,469.0,636.0,829.0,244.0,194.0,3.0,3.0,3.0,3.0,3.0,3.0,3,3,3,3,3,3
8UEUA3,10000.0,10000.0,805.0,10000.0,768.0,10000.0,10000.0,10000.0,1252.5,10000.0,843.0,10000.0,0.0,0.0,1.0,0.0,3.0,0.0,0,0,2,0,3,0
E0EU94,10000.0,10000.0,10000.0,10000.0,1800.0,10000.0,10000.0,10000.0,10000.0,10000.0,1800.0,10000.0,0.0,0.0,0.0,0.0,0.0,0.0,0,0,0,0,1,0
GMTUF2,10000.0,10000.0,10000.0,10000.0,1600.0,10000.0,10000.0,10000.0,10000.0,10000.0,1600.0,10000.0,0.0,0.0,0.0,0.0,0.0,0.0,0,0,0,0,1,0
DEZAVH,10000.0,10000.0,301.0,10000.0,343.0,10000.0,10000.0,10000.0,1000.5,10000.0,624.0,10000.0,0.0,0.0,1.0,0.0,3.0,0.0,0,0,2,0,3,0
DERQ6H,832.0,846.0,859.0,747.0,296.0,931.0,1316.0,850.0,916.0,951.0,363.0,1215.5,1.0,3.0,2.0,3.0,3.0,1.0,2,3,3,3,3,2
UYA74S,1000.0,1100.0,1300.0,520.0,576.0,1400.0,1000.0,1100.0,1400.0,1210.0,1000.0,1500.0,1.0,0.0,0.0,1.0,2.0,0.0,1,3,2,2,3,2
C4ZZDB,1400.0,1300.0,964.0,1800.0,447.0,1500.0,1400.0,1300.0,1032.0,1900.0,478.0,1500.0,0.0,0.0,1.0,0.0,3.0,0.0,1,1,2,2,3,1
1UMRN6,10000.0,10000.0,10000.0,10000.0,958.0,10000.0,10000.0,10000.0,10000.0,10000.0,958.0,10000.0,0.0,0.0,0.0,0.0,1.0,0.0,0,0,0,0,1,0
CWGVRB,1200.0,691.0,349.0,953.0,1100.0,327.0,1200.0,691.0,1200.0,953.0,1200.0,407.0,0.0,1.0,1.0,1.0,0.0,2.0,1,1,3,1,3,3
QAKW1U,1500.0,1100.0,1200.0,777.0,831.0,1300.0,1500.0,1100.0,1200.0,797.0,910.0,1500.0,0.0,0.0,0.0,3.0,2.0,0.0,1,1,1,3,3,2
CW61HB,10000.0,10000.0,1200.0,807.0,1300.0,927.0,10000.0,10000.0,1400.0,1303.5,1400.0,928.5,0.0,0.0,0.0,1.0,0.0,2.0,0,0,2,2,3,2
7KRNCA,1100.0,873.0,832.0,1700.0,217.0,668.0,1200.0,970.0,1266.0,1700.0,473.0,912.0,0.0,2.0,1.0,0.0,3.0,3.0,3,3,2,3,3,3
QYH9ZU,10000.0,10000.0,10000.0,10000.0,367.0,10000.0,10000.0,10000.0,10000.0,10000.0,1033.5,10000.0,0.0,0.0,0.0,0.0,1.0,0.0,0,0,0,0,2,0
ABA2QY,913.0,1600.0,433.0,10000.0,325.0,10000.0,913.0,1600.0,433.0,10000.0,543.0,10000.0,1.0,0.0,1.0,0.0,2.0,0.0,1,1,1,0,3,0
SHQWE5,863.0,1500.0,1300.0,1500.0,205.0,1700.0,863.0,1600.0,1500.0,1700.0,413.0,1700.0,1.0,0.0,0.0,0.0,3.0,0.0,1,3,3,2,3,1
852KA3,10000.0,10000.0,10000.0,10000.0,515.0,10000.0,10000.0,10000.0,10000.0,10000.0,544.0,10000.0,0.0,0.0,0.0,0.0,3.0,0.0,0,0,0,0,3,0
J2A240,2000.0,10000.0,1800.0,1600.0,754.0,1600.0,2000.0,10000.0,1800.0,1600.0,834.0,1700.0,0.0,0.0,0.0,0.0,3.0,0.0,1,0,1,1,3,2
RGXRBJ,10000.0,10000.0,10000.0,10000.0,1200.0,10000.0,10000.0,10000.0,10000.0,10000.0,1200.0,10000.0,0.0,0.0,0.0,0.0,0.0,0.0,0,0,0,0,1,0
85Y6K3,10000.0,477.0,1600.0,467.0,543.0,10000.0,10000.0,534.0,1600.0,467.0,716.0,10000.0,0.0,2.0,0.0,1.0,3.0,0.0,0,2,1,1,3,0
Y4XB9D,854.0,138.0,1100.0,1400.0,83.0,975.0,854.0,1200.0,1100.0,1400.0,222.0,1087.5,1.0,1.0,0.0,0.0,3.0,1.0,1,3,1,1,3,2
5H13H7,10000.0,10000.0,677.0,10000.0,485.0,10000.0,10000.0,10000.0,1100.0,10000.0,636.0,10000.0,0.0,0.0,1.0,0.0,3.0,0.0,0,0,3,0,3,0
SDH8J5,1100.0,1200.0,1100.0,1500.0,567.0,1700.0,1550.0,1450.0,1100.0,1800.0,1100.0,1800.0,0.0,0.0,0.0,0.0,1.0,0.0,2,2,2,3,3,3
SDH6R5,1800.0,1500.0,1400.0,563.0,1100.0,673.0,1800.0,1500.0,1600.0,981.5,1200.0,682.5,0.0,0.0,0.0,1.0,0.0,2.0,1,3,2,2,3,2
1UJFQ6,10000.0,1400.0,10000.0,1700.0,771.0,1300.0,10000.0,1400.0,10000.0,1900.0,937.0,1350.0,0.0,0.0,0.0,0.0,2.0,0.0,0,2,0,3,3,2
WPT9VR,10000.0,10000.0,283.0,10000.0,334.0,10000.0,10000.0,10000.0,991.5,10000.0,596.0,10000.0,0.0,0.0,1.0,0.0,3.0,0.0,0,0,2,0,3,0
3DRKTQ,1500.0,10000.0,909.0,1600.0,290.0,972.0,1800.0,10000.0,1200.0,1600.0,412.0,1436.0,0.0,0.0,1.0,0.0,3.0,1.0,3,0,3,1,3,2
UAU29S,735.0,1800.0,1300.0,10000.0,692.0,673.0,735.0,1800.0,2000.0,10000.0,745.0,952.0,1.0,0.0,0.0,0.0,3.0,2.0,1,1,3,0,3,3
657D78,10000.0,1800.0,930.0,10000.0,1000.0,10000.0,10000.0,1800.0,1500.0,10000.0,1200.0,10000.0,0.0,0.0,1.0,0.0,1.0,0.0,0,1,3,0,3,0
DE1P7H,10000.0,10000.0,1700.0,10000.0,1400.0,2000.0,10000.0,10000.0,1700.0,10000.0,1400.0,2000.0,0.0,0.0,0.0,0.0,0.0,0.0,0,0,1,0,3,1
YBT26D,1900.0,486.0,761.0,10000.0,1200.0,453.0,1900.0,486.0,1330.5,10000.0,1300.0,1226.5,0.0,1.0,1.0,0.0,0.0,1.0,1,1,2,0,3,2
400RPF,455.0,224.0,242.0,822.0,285.0,324.0,455.0,1300.0,242.0,832.0,300.0,1162.0,1.0,1.0,1.0,3.0,3.0,1.0,1,3,1,3,3,2
QYQT5U,10000.0,10000.0,10000.0,10000.0,355.0,10000.0,10000.0,10000.0,10000.0,10000.0,355.0,10000.0,0.0,0.0,0.0,0.0,1.0,0.0,0,0,0,0,1,0
37427Q,1600.0,10000.0,10000.0,10000.0,10000.0,10000.0,1600.0,10000.0,10000.0,10000.0,10000.0,10000.0,0.0,0.0,0.0,0.0,0.0,0.0,1,0,0,0,0,0
WPGVDR,10000.0,682.0,371.0,1300.0,443.0,24.0,10000.0,788.0,785.0,1500.0,568.0,318.0,0.0,2.0,3.0,0.0,3.0,3.0,0,2,3,3,3,3
P15V3G,10000.0,652.0,408.0,10000.0,128.0,10000.0,10000.0,652.0,408.0,10000.0,200.0,10000.0,0.0,1.0,1.0,0.0,3.0,0.0,0,1,1,0,3,0
EJPC94,10000.0,966.0,564.0,10000.0,412.0,1300.0,10000.0,966.0,641.5,10000.0,453.0,1300.0,0.0,1.0,2.0,0.0,3.0,0.0,0,1,2,0,3,1
UYAC9S,10000.0,1200.0,1400.0,1500.0,743.0,10000.0,10000.0,1200.0,1550.0,1550.0,934.0,10000.0,0.0,0.0,0.0,0.0,2.0,0.0,0,1,2,2,3,0
1UA2P6,10000.0,1900.0,10000.0,1800.0,1600.0,10000.0,10000.0,1900.0,10000.0,1800.0,1700.0,10000.0,0.0,0.0,0.0,0.0,0.0,0.0,0,1,0,1,3,0
PNAFEG,10000.0,10000.0,796.0,10000.0,830.0,10000.0,10000.0,10000.0,796.0,10000.0,1100.0,10000.0,0.0,0.0,1.0,0.0,1.0,0.0,0,0,1,0,3,0
WPQHHR,10000.0,10000.0,793.0,10000.0,826.0,10000.0,10000.0,10000.0,793.0,10000.0,1100.0,10000.0,0.0,0.0,1.0,0.0,1.0,0.0,0,0,1,0,3,0
RGUK1J,10000.0,10000.0,799.0,10000.0,832.0,10000.0,10000.0,10000.0,799.0,10000.0,1100.0,10000.0,0.0,0.0,1.0,0.0,1.0,0.0,0,0,1,0,3,0
0G3819,1600.0,10000.0,866.0,620.0,567.0,615.0,1600.0,10000.0,1383.0,1600.0,626.0,836.0,0.0,0.0,1.0,1.0,3.0,2.0,1,0,2,3,3,3
7EPZUA,369.0,402.0,420.0,432.0,226.0,741.0,418.0,622.0,681.0,818.0,277.0,788.0,3.0,2.0,3.0,2.0,3.0,3.0,3,3,3,3,3,3
JZ8YA0,10000.0,1300.0,1500.0,1700.0,682.0,10000.0,10000.0,1300.0,1550.0,1700.0,850.0,10000.0,0.0,0.0,0.0,0.0,2.0,0.0,0,1,2,2,3,0
D53YHF,1400.0,663.0,1500.0,1800.0,668.0,1400.0,1400.0,767.0,1500.0,1800.0,682.0,1700.0,0.0,3.0,0.0,0.0,3.0,0.0,1,3,1,1,3,2
WZANZR,10000.0,10000.0,267.0,10000.0,346.0,10000.0,10000.0,10000.0,883.5,10000.0,408.0,10000.0,0.0,0.0,1.0,0.0,3.0,0.0,0,0,2,0,3,0
UA38ES,649.0,10000.0,887.0,801.0,934.0,790.0,649.0,10000.0,887.0,801.0,1000.0,790.0,1.0,0.0,1.0,1.0,2.0,1.0,1,0,1,1,3,1
6U1W08,10000.0,10000.0,613.0,10000.0,693.0,10000.0,10000.0,10000.0,1206.5,10000.0,709.0,10000.0,0.0,0.0,1.0,0.0,3.0,0.0,0,0,2,0,3,0
UDUKHS,10000.0,10000.0,1700.0,10000.0,10000.0,10000.0,10000.0,10000.0,1700.0,10000.0,10000.0,10000.0,0.0,0.0,0.0,0.0,0.0,0.0,0,0,1,0,0,0
85YN73,1200.0,10000.0,1000.0,1100.0,110.0,716.0,1200.0,10000.0,1450.0,1100.0,131.0,1300.0,0.0,0.0,1.0,0.0,3.0,1.0,1,0,2,1,3,3
SH7Y35,10000.0,10000.0,413.0,1800.0,339.0,1800.0,10000.0,10000.0,806.5,1800.0,421.0,1850.0,0.0,0.0,1.0,0.0,3.0,0.0,0,0,2,1,3,2
JNUU30,885.0,10000.0,665.0,912.0,135.0,852.0,1400.0,10000.0,665.0,1106.0,305.0,852.0,1.0,0.0,1.0,1.0,3.0,1.0,3,0,1,2,3,1
7C7XTA,10000.0,10000.0,10000.0,10000.0,412.0,10000.0,10000.0,10000.0,10000.0,10000.0,1056.0,10000.0,0.0,0.0,0.0,0.0,1.0,0.0,0,0,0,0,2,0
9NQHFP,874.0,10000.0,1600.0,10000.0,1500.0,10000.0,874.0,10000.0,1600.0,10000.0,1500.0,10000.0,1.0,0.0,0.0,0.0,0.0,0.0,1,0,1,0,1,0
407TKF,10000.0,10000.0,231.0,10000.0,313.0,10000.0,10000.0,10000.0,231.0,10000.0,503.0,10000.0,0.0,0.0,1.0,0.0,3.0,0.0,0,0,1,0,3,0
KF6UFC,1300.0,10000.0,10000.0,1400.0,743.0,10000.0,1300.0,10000.0,10000.0,1500.0,1300.0,10000.0,0.0,0.0,0.0,0.0,1.0,0.0,1,0,0,2,3,0
WP2P8R,10000.0,10000.0,10000.0,10000.0,1300.0,10000.0,10000.0,10000.0,10000.0,10000.0,1300.0,10000.0,0.0,0.0,0.0,0.0,0.0,0.0,0,0,0,0,1,0
1Q4MR6,10000.0,10000.0,1700.0,1700.0,1200.0,1200.0,10000.0,10000.0,1700.0,1700.0,1300.0,1200.0,0.0,0.0,0.0,0.0,0.0,0.0,0,0,1,1,3,2
6UJPM8,1800.0,2000.0,1700.0,1200.0,887.0,10000.0,1850.0,2000.0,1700.0,1200.0,1200.0,10000.0,0.0,0.0,0.0,0.0,1.0,0.0,2,1,1,1,3,0
PXH6XG,10000.0,10000.0,496.0,1900.0,461.0,2000.0,10000.0,10000.0,1098.0,1900.0,796.0,2000.0,0.0,0.0,1.0,0.0,3.0,0.0,0,0,2,1,3,2
YEZ3KD,1700.0,10000.0,918.0,913.0,321.0,484.0,1700.0,10000.0,1409.0,913.0,897.0,497.0,0.0,0.0,1.0,1.0,3.0,2.0,1,0,2,1,3,3
SY9QK5,10000.0,10000.0,885.0,671.0,780.0,1900.0,10000.0,10000.0,885.0,985.5,839.0,1900.0,0.0,0.0,1.0,1.0,2.0,0.0,0,0,1,2,3,1
QA651U,703.0,1900.0,804.0,882.0,377.0,866.0,1101.5,1900.0,1000.0,1300.0,605.0,899.0,1.0,0.0,2.0,1.0,3.0,3.0,2,1,3,3,3,3
6S7YM8,10000.0,10000.0,10000.0,10000.0,616.0,10000.0,10000.0,10000.0,10000.0,10000.0,781.5,10000.0,0.0,0.0,0.0,0.0,2.0,0.0,0,0,0,0,2,0
92AQ8P,10000.0,69.0,1200.0,1700.0,688.0,545.0,10000.0,361.0,1200.0,1800.0,810.0,584.0,0.0,3.0,0.0,0.0,3.0,3.0,0,3,1,3,3,3
7EUFJA,10000.0,1800.0,389.0,2000.0,345.0,10000.0,10000.0,1850.0,389.0,2000.0,392.0,10000.0,0.0,0.0,1.0,0.0,3.0,0.0,0,2,1,1,3,0
85AXH3,10000.0,10000.0,10000.0,10000.0,444.0,10000.0,10000.0,10000.0,10000.0,10000.0,772.0,10000.0,0.0,0.0,0.0,0.0,1.0,0.0,0,0,0,0,2,0
5DH5U7,932.0,1600.0,298.0,958.0,266.0,457.0,1100.0,1600.0,902.0,1200.0,762.0,575.0,1.0,0.0,2.0,1.0,3.0,3.0,3,1,3,3,3,3
JXTFZ0,1600.0,1300.0,1200.0,628.0,187.0,10000.0,1600.0,1500.0,1400.0,964.0,464.0,10000.0,0.0,0.0,0.0,1.0,3.0,0.0,1,3,3,2,3,0
6AFEU8,1800.0,10000.0,328.0,292.0,129.0,560.0,1800.0,10000.0,328.0,996.0,307.0,568.0,0.0,0.0,1.0,1.0,3.0,3.0,1,0,1,2,3,3
E073N4,10000.0,10000.0,1500.0,10000.0,583.0,10000.0,10000.0,10000.0,1500.0,10000.0,1600.0,10000.0,0.0,0.0,0.0,0.0,1.0,0.0,0,0,1,0,3,0
40SX4F,10000.0,10000.0,10000.0,10000.0,2000.0,10000.0,10000.0,10000.0,10000.0,10000.0,2000.0,10000.0,0.0,0.0,0.0,0.0,0.0,0.0,0,0,0,0,1,0
UY5NGS,10000.0,10000.0,10000.0,10000.0,1300.0,10000.0,10000.0,10000.0,10000.0,10000.0,1300.0,10000.0,0.0,0.0,0.0,0.0,0.0,0.0,0,0,0,0,1,0
7KQRBA,10000.0,10000.0,1900.0,10000.0,1700.0,10000.0,10000.0,10000.0,1900.0,10000.0,1900.0,10000.0,0.0,0.0,0.0,0.0,0.0,0.0,0,0,1,0,3,0
37F8RQ,10000.0,1900.0,1200.0,10000.0,1200.0,1900.0,10000.0,1900.0,1600.0,10000.0,1300.0,1900.0,0.0,0.0,0.0,0.0,0.0,0.0,0,1,2,0,3,1
0Z8ZT9,1400.0,10000.0,654.0,700.0,176.0,433.0,1400.0,10000.0,654.0,700.0,176.0,446.0,0.0,0.0,1.0,1.0,3.0,3.0,1,0,1,1,3,3
9TTUWP,10000.0,10000.0,936.0,10000.0,1300.0,10000.0,10000.0,10000.0,936.0,10000.0,1300.0,10000.0,0.0,0.0,1.0,0.0,0.0,0.0,0,0,1,0,3,0
AKH02Y,817.0,1300.0,1700.0,1500.0,471.0,1100.0,1108.5,1400.0,1750.0,1500.0,724.0,1350.0,1.0,0.0,0.0,0.0,3.0,0.0,2,3,2,3,3,2
KJNMWC,10000.0,10000.0,379.0,660.0,189.0,943.0,10000.0,10000.0,379.0,927.0,502.0,943.0,0.0,0.0,1.0,2.0,3.0,1.0,0,0,1,3,3,1
7EPVEA,1000.0,353.0,929.0,2000.0,993.0,941.0,1000.0,475.0,929.0,2000.0,1000.0,941.0,1.0,3.0,1.0,0.0,2.0,1.0,1,3,1,2,3,1
UHQEVS,10000.0,10000.0,287.0,1700.0,95.0,10000.0,10000.0,10000.0,287.0,1700.0,184.0,10000.0,0.0,0.0,1.0,0.0,3.0,0.0,0,0,1,1,3,0
37520Q,10000.0,428.0,1800.0,10000.0,557.0,10000.0,10000.0,814.0,1800.0,10000.0,667.0,10000.0,0.0,1.0,0.0,0.0,2.0,0.0,0,2,1,0,3,0
3752FQ,10000.0,422.0,1800.0,10000.0,559.0,10000.0,10000.0,811.0,1800.0,10000.0,670.0,10000.0,0.0,1.0,0.0,0.0,2.0,0.0,0,2,1,0,3,0
GXN6H2,2000.0,1600.0,530.0,294.0,781.0,436.0,2000.0,1650.0,740.0,395.0,803.0,802.0,0.0,0.0,2.0,3.0,3.0,3.0,1,2,3,3,3,3
2N0F7Z,10000.0,567.0,362.0,1500.0,602.0,100.0,10000.0,883.5,731.0,1600.0,629.0,322.0,0.0,1.0,2.0,0.0,3.0,3.0,0,2,3,3,3,3
PMBC7G,1300.0,970.0,152.0,897.0,146.0,86.0,1300.0,1700.0,161.0,923.0,301.0,273.0,0.0,1.0,3.0,2.0,3.0,2.0,1,3,3,3,3,3
UDK9NS,10000.0,10000.0,10000.0,10000.0,476.0,10000.0,10000.0,10000.0,10000.0,10000.0,738.0,10000.0,0.0,0.0,0.0,0.0,2.0,0.0,0,0,0,0,2,0
9TU02P,1600.0,10000.0,824.0,865.0,387.0,412.0,1600.0,10000.0,824.0,865.0,391.0,421.0,0.0,0.0,1.0,1.0,3.0,3.0,1,0,1,1,3,3
1UQ926,10000.0,453.0,1700.0,10000.0,537.0,10000.0,10000.0,826.5,1700.0,10000.0,643.0,10000.0,0.0,1.0,0.0,0.0,2.0,0.0,0,2,1,0,3,0
6SUP98,10000.0,434.0,1800.0,10000.0,568.0,10000.0,10000.0,817.0,1800.0,10000.0,677.0,10000.0,0.0,1.0,0.0,0.0,2.0,0.0,0,2,1,0,3,0
85QNC3,10000.0,10000.0,10000.0,10000.0,1500.0,10000.0,10000.0,10000.0,10000.0,10000.0,1500.0,10000.0,0.0,0.0,0.0,0.0,0.0,0.0,0,0,0,0,1,0
5YMFZ7,1400.0,1800.0,10000.0,765.0,1000.0,10000.0,1400.0,1800.0,10000.0,765.0,1000.0,10000.0,0.0,0.0,0.0,1.0,1.0,0.0,1,1,0,1,1,0
WPVCWR,1700.0,1500.0,1400.0,655.0,1100.0,774.0,1700.0,1500.0,1550.0,1127.5,1100.0,782.0,0.0,0.0,0.0,1.0,0.0,2.0,1,3,2,2,3,2
0Z8E49,1700.0,1500.0,1400.0,670.0,1100.0,790.0,1700.0,1500.0,1550.0,1135.0,1100.0,798.0,0.0,0.0,0.0,1.0,0.0,2.0,1,3,2,2,3,2
4G61TF,10000.0,1900.0,518.0,228.0,294.0,465.0,10000.0,1900.0,828.0,381.0,425.0,760.0,0.0,0.0,3.0,3.0,3.0,3.0,0,1,3,3,3,3
WG3DKR,10000.0,10000.0,1700.0,10000.0,804.0,10000.0,10000.0,10000.0,1700.0,10000.0,1800.0,10000.0,0.0,0.0,0.0,0.0,1.0,0.0,0,0,1,0,3,0
87H2Q3,10000.0,10000.0,1700.0,635.0,358.0,10000.0,10000.0,10000.0,1700.0,762.5,1000.0,10000.0,0.0,0.0,0.0,2.0,2.0,0.0,0,0,3,2,3,0
85ZVN3,1300.0,10000.0,1500.0,1800.0,748.0,1800.0,1300.0,10000.0,1500.0,1800.0,888.0,1900.0,0.0,0.0,0.0,0.0,3.0,0.0,1,0,3,1,3,2
J21HH0,925.0,1400.0,283.0,274.0,91.0,310.0,1600.0,1450.0,663.0,733.0,212.0,493.0,1.0,0.0,3.0,3.0,3.0,3.0,3,2,3,3,3,3
2MQG8Z,2000.0,1700.0,874.0,478.0,127.0,460.0,2000.0,1850.0,880.0,1000.0,527.0,1100.0,0.0,0.0,3.0,2.0,3.0,1.0,1,2,3,3,3,3
85HU43,10000.0,10000.0,1200.0,10000.0,882.0,1800.0,10000.0,10000.0,1200.0,10000.0,1300.0,1800.0,0.0,0.0,0.0,0.0,1.0,0.0,0,0,1,0,3,1
SDKCV5,10000.0,10000.0,10000.0,10000.0,1200.0,10000.0,10000.0,10000.0,10000.0,10000.0,1300.0,10000.0,0.0,0.0,0.0,0.0,0.0,0.0,0,0,0,0,2,0
3A3N2Q,10000.0,10000.0,10000.0,10000.0,1100.0,10000.0,10000.0,10000.0,10000.0,10000.0,1100.0,10000.0,0.0,0.0,0.0,0.0,0.0,0.0,0,0,0,0,1,0
J24XK0,1500.0,1600.0,1600.0,10000.0,775.0,1500.0,1550.0,1600.0,1600.0,10000.0,890.0,1500.0,0.0,0.0,0.0,0.0,2.0,0.0,2,1,1,0,3,3
J2H7N0,10000.0,10000.0,1200.0,476.0,522.0,10000.0,10000.0,10000.0,1200.0,1138.0,1100.0,10000.0,0.0,0.0,0.0,1.0,1.0,0.0,0,0,1,2,3,0
SDJRX5,10000.0,10000.0,10000.0,10000.0,1300.0,10000.0,10000.0,10000.0,10000.0,10000.0,1300.0,10000.0,0.0,0.0,0.0,0.0,0.0,0.0,0,0,0,0,2,0
37HWYQ,10000.0,10000.0,1700.0,1800.0,987.0,1100.0,10000.0,10000.0,1700.0,1800.0,1300.0,1100.0,0.0,0.0,0.0,0.0,1.0,0.0,0,0,1,1,3,3
EJFF14,1000.0,1100.0,980.0,1300.0,596.0,1300.0,1000.0,1700.0,1600.0,1300.0,640.0,1300.0,1.0,0.0,1.0,0.0,3.0,0.0,1,3,3,1,3,1
2N42JZ,1900.0,977.0,1300.0,1300.0,1500.0,762.0,1900.0,1300.0,1300.0,1550.0,1500.0,1700.0,0.0,1.0,0.0,0.0,0.0,1.0,2,3,1,2,3,3
87HNA3,10000.0,1600.0,601.0,10000.0,436.0,900.0,10000.0,1700.0,601.0,10000.0,1400.0,906.5,0.0,0.0,1.0,0.0,1.0,2.0,0,2,1,0,3,2
1U9RQ6,1500.0,551.0,1400.0,10000.0,221.0,2000.0,1500.0,1175.5,1550.0,10000.0,282.0,2000.0,0.0,1.0,0.0,0.0,3.0,0.0,1,2,2,0,3,1
QA7JTU,1300.0,10000.0,10000.0,2000.0,1300.0,10000.0,1300.0,10000.0,10000.0,2000.0,1400.0,10000.0,0.0,0.0,0.0,0.0,0.0,0.0,1,0,0,2,3,0
UDUKZS,10000.0,10000.0,10000.0,10000.0,1300.0,10000.0,10000.0,10000.0,10000.0,10000.0,1300.0,10000.0,0.0,0.0,0.0,0.0,0.0,0.0,0,0,0,0,1,0
65XFF8,768.0,1500.0,758.0,1700.0,247.0,581.0,768.0,1500.0,1400.0,1900.0,284.0,857.0,1.0,0.0,1.0,0.0,3.0,2.0,1,1,3,3,3,3
WP1W9R,189.0,10000.0,1200.0,1500.0,188.0,103.0,189.0,10000.0,1700.0,1600.0,442.0,235.0,1.0,0.0,0.0,0.0,2.0,2.0,1,0,3,2,3,3
87RX13,10000.0,1800.0,1300.0,10000.0,1000.0,1500.0,10000.0,1800.0,1300.0,10000.0,1600.0,1500.0,0.0,0.0,0.0,0.0,1.0,0.0,0,1,1,0,3,2
SDDB85,995.0,10000.0,1800.0,1700.0,891.0,10000.0,995.0,10000.0,1900.0,1800.0,1100.0,10000.0,1.0,0.0,0.0,0.0,1.0,0.0,1,0,3,3,3,0
DEB63H,10000.0,10000.0,10000.0,10000.0,810.0,10000.0,10000.0,10000.0,10000.0,10000.0,1405.0,10000.0,0.0,0.0,0.0,0.0,1.0,0.0,0,0,0,0,2,0
QA5PDU,1100.0,1200.0,1600.0,1700.0,355.0,10000.0,1100.0,1200.0,1600.0,1700.0,468.0,10000.0,0.0,0.0,0.0,0.0,3.0,0.0,1,1,1,1,3,0
K49D6C,715.0,1900.0,1000.0,1000.0,440.0,799.0,1600.0,1900.0,1100.0,1200.0,697.0,838.0,1.0,0.0,1.0,1.0,3.0,3.0,3,1,3,3,3,3
0ZS5Q9,1300.0,360.0,593.0,186.0,493.0,332.0,1300.0,1600.0,883.0,684.0,624.0,654.0,0.0,1.0,3.0,2.0,3.0,3.0,1,3,3,3,3,3
5HPGY7,1200.0,373.0,600.0,169.0,481.0,316.0,1200.0,1600.0,889.0,669.0,632.0,656.0,0.0,1.0,3.0,2.0,3.0,3.0,1,3,3,3,3,3
2MUQKZ,10000.0,10000.0,612.0,1700.0,751.0,1400.0,10000.0,10000.0,1700.0,1700.0,913.0,1700.0,0.0,0.0,1.0,0.0,3.0,0.0,0,0,3,3,3,3
2M1MHZ,10000.0,10000.0,10000.0,10000.0,1500.0,10000.0,10000.0,10000.0,10000.0,10000.0,1500.0,10000.0,0.0,0.0,0.0,0.0,0.0,0.0,0,0,0,0,1,0
UDK82S,10000.0,10000.0,1300.0,10000.0,1400.0,1100.0,10000.0,10000.0,1300.0,10000.0,1500.0,1100.0,0.0,0.0,0.0,0.0,0.0,0.0,0,0,1,0,3,2
UY93MS,1500.0,10000.0,683.0,685.0,164.0,257.0,1500.0,10000.0,683.0,685.0,749.0,268.0,0.0,0.0,1.0,1.0,3.0,2.0,1,0,1,1,3,3
5HE4H7,1400.0,1900.0,329.0,1000.0,726.0,516.0,1600.0,1900.0,891.0,1000.0,732.0,1100.0,0.0,0.0,2.0,2.0,3.0,1.0,2,1,3,3,3,3
YBBK6D,1300.0,1100.0,1400.0,1700.0,390.0,10000.0,1300.0,1100.0,1400.0,1700.0,573.0,10000.0,0.0,0.0,0.0,0.0,3.0,0.0,1,1,1,1,3,0
QYC63U,10000.0,10000.0,808.0,1100.0,507.0,1400.0,10000.0,10000.0,1304.0,1100.0,903.0,1900.0,0.0,0.0,1.0,0.0,3.0,0.0,0,0,2,3,3,3
E0PUB4,10000.0,10000.0,10000.0,10000.0,867.0,10000.0,10000.0,10000.0,10000.0,10000.0,867.0,10000.0,0.0,0.0,0.0,0.0,1.0,0.0,0,0,0,0,1,0
5HKRE7,10000.0,671.0,370.0,1300.0,451.0,38.0,10000.0,787.5,776.0,1500.0,581.0,307.0,0.0,2.0,3.0,0.0,3.0,3.0,0,2,3,3,3,3
6SXF48,1800.0,969.0,1000.0,522.0,249.0,371.0,1900.0,1700.0,1200.0,1200.0,258.0,618.0,0.0,1.0,1.0,1.0,3.0,3.0,3,3,3,3,3,3
EJG264,760.0,2000.0,277.0,1100.0,510.0,593.0,1280.0,2000.0,1200.0,1400.0,510.0,937.0,1.0,0.0,1.0,0.0,3.0,2.0,2,1,3,3,3,3
0ZT8Y9,10000.0,671.0,369.0,1300.0,450.0,38.0,10000.0,788.0,777.0,1500.0,581.0,306.0,0.0,2.0,3.0,0.0,3.0,3.0,0,2,3,3,3,3
J2Z650,10000.0,664.0,367.0,1300.0,456.0,49.0,10000.0,788.5,771.0,1500.0,592.0,297.0,0.0,2.0,3.0,0.0,3.0,3.0,0,2,3,3,3,3
RGTHAJ,1800.0,493.0,902.0,503.0,453.0,222.0,1800.0,819.0,1351.0,736.0,461.0,566.0,0.0,3.0,1.0,2.0,3.0,3.0,1,3,2,3,3,3
5HANM7,10000.0,10000.0,789.0,10000.0,823.0,10000.0,10000.0,10000.0,789.0,10000.0,1100.0,10000.0,0.0,0.0,1.0,0.0,1.0,0.0,0,0,1,0,3,0
0ZMGX9,1200.0,789.0,611.0,1800.0,385.0,47.0,1200.0,1400.0,911.0,1800.0,568.0,329.0,0.0,1.0,2.0,0.0,3.0,2.0,1,3,3,1,3,3
QA2CBU,10000.0,10000.0,1900.0,2000.0,1200.0,1300.0,10000.0,10000.0,1900.0,2000.0,1500.0,1300.0,0.0,0.0,0.0,0.0,0.0,0.0,0,0,1,1,3,3
40XJ4F,1300.0,10000.0,10000.0,1700.0,1200.0,10000.0,1300.0,10000.0,10000.0,1750.0,1500.0,10000.0,0.0,0.0,0.0,0.0,0.0,0.0,1,0,0,2,3,0
1USKC6,10000.0,653.0,361.0,1400.0,463.0,68.0,10000.0,791.5,764.0,1500.0,611.0,279.0,0.0,2.0,3.0,0.0,3.0,3.0,0,2,3,3,3,3
KF09BC,935.0,1800.0,617.0,628.0,331.0,723.0,1400.0,1800.0,764.0,1000.0,613.0,1100.0,1.0,0.0,2.0,2.0,3.0,1.0,3,1,3,3,3,3
WG15HR,10000.0,10000.0,2000.0,10000.0,1500.0,10000.0,10000.0,10000.0,2000.0,10000.0,1700.0,10000.0,0.0,0.0,0.0,0.0,0.0,0.0,0,0,1,0,2,0
65SBS8,10000.0,10000.0,899.0,10000.0,821.0,10000.0,10000.0,10000.0,899.0,10000.0,962.0,10000.0,0.0,0.0,1.0,0.0,2.0,0.0,0,0,1,0,3,0
2MDGTZ,1400.0,1000.0,1200.0,10000.0,1600.0,967.0,1400.0,1000.0,1200.0,10000.0,1700.0,967.0,0.0,1.0,0.0,0.0,0.0,1.0,1,1,1,0,3,1
9T7J0P,1400.0,1000.0,1200.0,10000.0,1600.0,962.0,1400.0,1000.0,1200.0,10000.0,1700.0,962.0,0.0,1.0,0.0,0.0,0.0,1.0,1,1,1,0,3,1
SHEXB5,10000.0,1800.0,391.0,1400.0,622.0,1300.0,10000.0,1800.0,396.0,1600.0,732.0,1300.0,0.0,0.0,2.0,0.0,3.0,0.0,0,1,3,2,3,1
JZQU80,10000.0,1300.0,1200.0,1100.0,175.0,106.0,10000.0,1700.0,1400.0,1500.0,519.0,1500.0,0.0,0.0,0.0,0.0,3.0,1.0,0,3,3,3,3,3
SDRK25,10000.0,10000.0,1400.0,744.0,595.0,1900.0,10000.0,10000.0,1400.0,1372.0,707.0,1900.0,0.0,0.0,0.0,1.0,2.0,0.0,0,0,1,2,3,1
DEPQXH,1300.0,10000.0,10000.0,1700.0,1200.0,10000.0,1300.0,10000.0,10000.0,1750.0,1500.0,10000.0,0.0,0.0,0.0,0.0,0.0,0.0,1,0,0,2,3,0
UYDQDS,1300.0,1800.0,887.0,1300.0,185.0,1000.0,1300.0,1800.0,1100.0,1350.0,229.0,1300.0,0.0,0.0,1.0,0.0,3.0,1.0,1,1,3,2,3,3
5HE127,10000.0,1900.0,10000.0,1800.0,1600.0,10000.0,10000.0,1900.0,10000.0,1800.0,1700.0,10000.0,0.0,0.0,0.0,0.0,0.0,0.0,0,1,0,1,3,0
85AGU3,10000.0,10000.0,10000.0,10000.0,911.0,1100.0,10000.0,10000.0,10000.0,10000.0,955.0,1300.0,0.0,0.0,0.0,0.0,2.0,0.0,0,0,0,0,3,2
5HE1T7,10000.0,1900.0,10000.0,1800.0,1600.0,10000.0,10000.0,1900.0,10000.0,1800.0,1700.0,10000.0,0.0,0.0,0.0,0.0,0.0,0.0,0,1,0,1,3,0
0ZZ8D9,1100.0,1300.0,107.0,553.0,189.0,962.0,1500.0,1600.0,400.0,912.0,297.0,1000.0,0.0,0.0,3.0,2.0,3.0,2.0,3,2,3,3,3,3
U7NYXS,525.0,893.0,218.0,513.0,274.0,524.0,532.0,1000.0,294.0,939.0,738.0,1000.0,2.0,2.0,2.0,2.0,3.0,2.0,3,3,3,3,3,3
ACU2UY,1800.0,1900.0,877.0,815.0,202.0,1700.0,1800.0,1900.0,1700.0,870.0,820.0,1700.0,0.0,0.0,1.0,3.0,3.0,0.0,1,2,3,3,3,3
AC38FY,1600.0,922.0,1200.0,1100.0,1200.0,792.0,1600.0,1300.0,1600.0,1500.0,1300.0,1900.0,0.0,1.0,0.0,0.0,0.0,1.0,1,3,2,2,3,3
CWH68B,10000.0,1900.0,10000.0,1800.0,1600.0,10000.0,10000.0,1900.0,10000.0,1800.0,1700.0,10000.0,0.0,0.0,0.0,0.0,0.0,0.0,0,1,0,1,3,0
7KJ6FA,10000.0,2000.0,1400.0,711.0,192.0,10000.0,10000.0,2000.0,1400.0,905.5,1100.0,10000.0,0.0,0.0,0.0,1.0,1.0,0.0,0,1,2,2,3,0
R2QH6J,10000.0,10000.0,10000.0,911.0,1000.0,10000.0,10000.0,10000.0,10000.0,911.0,1050.0,10000.0,0.0,0.0,0.0,1.0,1.0,0.0,0,0,0,1,2,0
7KC24A,10000.0,291.0,1200.0,10000.0,892.0,962.0,10000.0,1800.0,1200.0,10000.0,1000.0,1200.0,0.0,1.0,0.0,0.0,2.0,1.0,0,3,1,0,3,3
9Z91FP,1100.0,1400.0,150.0,493.0,188.0,219.0,1400.0,1800.0,726.0,968.0,223.0,564.0,0.0,0.0,3.0,2.0,3.0,3.0,2,3,3,3,3,3
8SB8Y3,937.0,10000.0,480.0,983.0,556.0,996.0,937.0,10000.0,620.0,1700.0,687.0,1100.0,1.0,0.0,2.0,1.0,3.0,1.0,1,0,2,3,3,3
WZ8N6R,10000.0,10000.0,1800.0,10000.0,10000.0,10000.0,10000.0,10000.0,1800.0,10000.0,10000.0,10000.0,0.0,0.0,0.0,0.0,0.0,0.0,0,0,1,0,0,0
CWZ52B,10000.0,2000.0,1400.0,711.0,192.0,10000.0,10000.0,2000.0,1400.0,905.5,1100.0,10000.0,0.0,0.0,0.0,1.0,1.0,0.0,0,1,2,2,3,0
KF2SZC,10000.0,2000.0,1400.0,713.0,191.0,10000.0,10000.0,2000.0,1400.0,906.5,1100.0,10000.0,0.0,0.0,0.0,1.0,1.0,0.0,0,1,2,2,3,0
W2T8KR,946.0,371.0,328.0,1600.0,366.0,1800.0,959.0,373.0,906.0,1800.0,511.0,1800.0,2.0,3.0,3.0,0.0,3.0,0.0,3,3,3,2,3,2
6S0F18,1900.0,10000.0,922.0,1400.0,127.0,1400.0,1900.0,10000.0,1211.0,1400.0,714.0,1400.0,0.0,0.0,1.0,0.0,3.0,0.0,1,0,2,1,3,2
0XS889,1200.0,897.0,1100.0,1600.0,303.0,1600.0,1700.0,914.0,1400.0,1800.0,327.0,1600.0,0.0,2.0,0.0,0.0,3.0,0.0,3,3,3,3,3,2
9X68HP,1600.0,10000.0,821.0,867.0,293.0,511.0,1600.0,10000.0,821.0,867.0,319.0,529.0,0.0,0.0,1.0,1.0,3.0,3.0,1,0,1,1,3,3
8AKK23,1600.0,10000.0,821.0,867.0,293.0,511.0,1600.0,10000.0,821.0,867.0,319.0,529.0,0.0,0.0,1.0,1.0,3.0,3.0,1,0,1,1,3,3
SK4E65,1600.0,1700.0,1100.0,601.0,292.0,1800.0,1700.0,1750.0,1700.0,647.0,946.0,1800.0,0.0,0.0,0.0,3.0,3.0,0.0,2,2,3,3,3,3
A424DY,10000.0,10000.0,1700.0,1500.0,1600.0,10000.0,10000.0,10000.0,1700.0,1750.0,1650.0,10000.0,0.0,0.0,0.0,0.0,0.0,0.0,0,0,1,2,2,0
EJ97F4,703.0,1200.0,189.0,461.0,309.0,1100.0,976.0,1600.0,744.5,1000.0,463.0,1200.0,2.0,0.0,1.0,2.0,3.0,0.0,3,3,2,3,3,3
SHDCQ5,10000.0,1200.0,1700.0,10000.0,1600.0,10000.0,10000.0,1200.0,1700.0,10000.0,1650.0,10000.0,0.0,0.0,0.0,0.0,0.0,0.0,0,1,1,0,2,0
7KBQJA,947.0,1300.0,1500.0,1300.0,260.0,1100.0,1073.5,1500.0,1500.0,1400.0,567.0,1200.0,1.0,0.0,0.0,0.0,3.0,0.0,2,3,1,3,3,2
37UJWQ,1500.0,993.0,1100.0,10000.0,1600.0,1000.0,1500.0,993.0,1100.0,10000.0,1600.0,1000.0,0.0,1.0,0.0,0.0,0.0,1.0,1,1,1,0,3,1
3ADHUQ,10000.0,10000.0,1400.0,999.0,927.0,10000.0,10000.0,10000.0,1400.0,1049.5,1000.0,10000.0,0.0,0.0,0.0,1.0,2.0,0.0,0,0,1,2,3,0
GMX6H2,10000.0,1200.0,1800.0,10000.0,1600.0,10000.0,10000.0,1200.0,1800.0,10000.0,1650.0,10000.0,0.0,0.0,0.0,0.0,0.0,0.0,0,1,1,0,2,0
SUZW5Y,1400.0,10000.0,10000.0,380.0,969.0,10000.0,1400.0,10000.0,10000.0,380.0,969.0,10000.0,0.0,0.0,0.0,1.0,1.0,0.0,1,0,0,1,1,0
UK0F4S,427.0,10000.0,413.0,822.0,482.0,250.0,539.0,10000.0,702.0,850.5,518.0,269.0,3.0,0.0,2.0,2.0,3.0,3.0,3,0,3,2,3,3
DEQJ6H,1200.0,1600.0,411.0,1900.0,366.0,1900.0,1300.0,1600.0,1300.0,1900.0,410.0,1900.0,0.0,0.0,1.0,0.0,3.0,0.0,3,3,3,1,3,1
GXVSC2,10000.0,10000.0,10000.0,10000.0,1400.0,10000.0,10000.0,10000.0,10000.0,10000.0,1400.0,10000.0,0.0,0.0,0.0,0.0,0.0,0.0,0,0,0,0,1,0
8554V3,10000.0,10000.0,896.0,10000.0,407.0,10000.0,10000.0,10000.0,896.0,10000.0,522.0,10000.0,0.0,0.0,1.0,0.0,3.0,0.0,0,0,1,0,3,0
85SGY3,10000.0,421.0,1800.0,10000.0,561.0,10000.0,10000.0,810.5,1800.0,10000.0,672.0,10000.0,0.0,1.0,0.0,0.0,2.0,0.0,0,2,1,0,3,0
3DRW6Q,1300.0,1800.0,887.0,422.0,284.0,938.0,1300.0,1800.0,1000.0,664.0,444.0,988.0,0.0,0.0,2.0,3.0,3.0,2.0,1,3,3,3,3,3
RGVY3J,890.0,1400.0,1500.0,525.0,637.0,1800.0,890.0,1400.0,1500.0,549.0,687.0,1800.0,1.0,0.0,0.0,2.0,3.0,0.0,1,1,1,3,3,2
SDE6E5,10000.0,10000.0,1200.0,10000.0,665.0,10000.0,10000.0,10000.0,1200.0,10000.0,670.0,10000.0,0.0,0.0,0.0,0.0,3.0,0.0,0,0,1,0,3,0
0ZXBJ9,10000.0,1500.0,10000.0,1900.0,879.0,1500.0,10000.0,1550.0,10000.0,2000.0,1000.0,1500.0,0.0,0.0,0.0,0.0,2.0,0.0,0,2,0,3,3,2
377K7Q,1900.0,2000.0,832.0,885.0,250.0,1700.0,1900.0,2000.0,1700.0,941.0,810.0,1700.0,0.0,0.0,1.0,3.0,3.0,0.0,1,2,3,3,3,3
2MX95Z,10000.0,10000.0,1200.0,10000.0,1500.0,10000.0,10000.0,10000.0,1200.0,10000.0,1500.0,10000.0,0.0,0.0,0.0,0.0,0.0,0.0,0,0,1,0,3,0
KFE6VC,10000.0,10000.0,10000.0,10000.0,1100.0,10000.0,10000.0,10000.0,10000.0,10000.0,1100.0,10000.0,0.0,0.0,0.0,0.0,0.0,0.0,0,0,0,0,1,0
DECM6H,10000.0,10000.0,10000.0,10000.0,1500.0,10000.0,10000.0,10000.0,10000.0,10000.0,1500.0,10000.0,0.0,0.0,0.0,0.0,0.0,0.0,0,0,0,0,1,0
5HYZ27,10000.0,10000.0,10000.0,10000.0,1500.0,10000.0,10000.0,10000.0,10000.0,10000.0,1500.0,10000.0,0.0,0.0,0.0,0.0,0.0,0.0,0,0,0,0,1,0
YBH6GD,10000.0,10000.0,1500.0,10000.0,1800.0,10000.0,10000.0,10000.0,1500.0,10000.0,1800.0,10000.0,0.0,0.0,0.0,0.0,0.0,0.0,0,0,1,0,3,0
020EN9,10000.0,10000.0,1200.0,10000.0,670.0,10000.0,10000.0,10000.0,1200.0,10000.0,680.0,10000.0,0.0,0.0,0.0,0.0,3.0,0.0,0,0,1,0,3,0
SAUPB5,1900.0,1600.0,1300.0,549.0,167.0,542.0,1900.0,1700.0,1700.0,591.0,288.0,598.0,0.0,0.0,0.0,3.0,3.0,3.0,1,3,3,3,3,3
C46WNB,751.0,870.0,795.0,10000.0,1700.0,10000.0,1175.5,967.0,795.0,10000.0,1800.0,10000.0,1.0,3.0,1.0,0.0,0.0,0.0,2,3,1,0,3,0
K0RP0C,10000.0,10000.0,724.0,10000.0,736.0,10000.0,10000.0,10000.0,1212.0,10000.0,801.0,10000.0,0.0,0.0,1.0,0.0,3.0,0.0,0,0,2,0,3,0
5B9TW7,534.0,1100.0,679.0,297.0,297.0,716.0,870.0,1200.0,966.0,901.0,462.0,772.0,3.0,0.0,2.0,3.0,3.0,3.0,3,3,3,3,3,3
SDFTY5,10000.0,10000.0,10000.0,10000.0,2000.0,10000.0,10000.0,10000.0,10000.0,10000.0,2000.0,10000.0,0.0,0.0,0.0,0.0,0.0,0.0,0,0,0,0,1,0
9TM4TP,10000.0,1500.0,10000.0,1900.0,881.0,1500.0,10000.0,1550.0,10000.0,2000.0,1000.0,1500.0,0.0,0.0,0.0,0.0,2.0,0.0,0,2,0,3,3,2
7KET4A,10000.0,1500.0,10000.0,1900.0,878.0,1500.0,10000.0,1550.0,10000.0,2000.0,1000.0,1500.0,0.0,0.0,0.0,0.0,2.0,0.0,0,2,0,3,3,2
SYSCU5,1100.0,1100.0,308.0,1600.0,141.0,949.0,1550.0,1100.0,1600.0,1750.0,264.0,992.0,0.0,0.0,1.0,0.0,3.0,3.0,2,1,3,2,3,3
QA893U,843.0,453.0,276.0,730.0,371.0,1100.0,940.0,453.0,427.0,1300.0,552.0,1100.0,2.0,1.0,3.0,1.0,3.0,0.0,3,1,3,3,3,3
3760PQ,840.0,451.0,275.0,731.0,371.0,1100.0,942.0,451.0,429.0,1300.0,555.0,1100.0,2.0,1.0,3.0,1.0,3.0,0.0,3,1,3,3,3,3
QA1KTU,1200.0,1300.0,1400.0,10000.0,840.0,952.0,1550.0,1300.0,1500.0,10000.0,924.0,1200.0,0.0,0.0,0.0,0.0,3.0,1.0,2,1,3,0,3,3
A4GZPY,994.0,10000.0,10000.0,1200.0,413.0,10000.0,994.0,10000.0,10000.0,1200.0,1400.0,10000.0,1.0,0.0,0.0,0.0,1.0,0.0,1,0,0,1,3,0
DEA6AH,10000.0,10000.0,997.0,10000.0,462.0,10000.0,10000.0,10000.0,997.0,10000.0,1100.0,10000.0,0.0,0.0,1.0,0.0,1.0,0.0,0,0,1,0,3,0
PN4D6G,10000.0,10000.0,10000.0,10000.0,529.0,10000.0,10000.0,10000.0,10000.0,10000.0,529.0,10000.0,0.0,0.0,0.0,0.0,1.0,0.0,0,0,0,0,1,0
5HWY17,1100.0,1500.0,384.0,1400.0,300.0,79.0,1100.0,1500.0,1100.0,1400.0,361.0,1100.0,0.0,0.0,1.0,0.0,3.0,1.0,1,1,3,3,3,3
J21990,1100.0,1500.0,381.0,1400.0,306.0,81.0,1100.0,1500.0,1100.0,1400.0,367.0,1100.0,0.0,0.0,1.0,0.0,3.0,1.0,1,1,3,3,3,3
9Z9F3P,750.0,249.0,146.0,1500.0,20.0,1400.0,776.0,251.0,1000.0,1550.0,390.0,1600.0,2.0,3.0,2.0,0.0,3.0,0.0,3,3,3,2,3,2
6U6UV8,1700.0,718.0,550.0,1500.0,253.0,239.0,1700.0,1109.0,915.0,1900.0,795.0,358.0,0.0,1.0,2.0,0.0,3.0,3.0,1,2,3,3,3,3
SDUHU5,10000.0,10000.0,10000.0,10000.0,1600.0,1500.0,10000.0,10000.0,10000.0,10000.0,1700.0,1500.0,0.0,0.0,0.0,0.0,0.0,0.0,0,0,0,0,3,2
4J40XF,1700.0,718.0,550.0,1500.0,253.0,239.0,1700.0,1109.0,915.0,1900.0,795.0,358.0,0.0,1.0,2.0,0.0,3.0,3.0,1,2,3,3,3,3
6U6S78,1700.0,718.0,550.0,1500.0,253.0,239.0,1700.0,1109.0,915.0,1900.0,795.0,358.0,0.0,1.0,2.0,0.0,3.0,3.0,1,2,3,3,3,3
6QN7S8,10000.0,10000.0,10000.0,10000.0,817.0,1100.0,10000.0,10000.0,10000.0,10000.0,1000.0,1400.0,0.0,0.0,0.0,0.0,2.0,0.0,0,0,0,0,3,3
9TZZAP,555.0,1000.0,403.0,290.0,111.0,467.0,1277.5,1100.0,696.0,815.0,293.0,813.0,1.0,1.0,3.0,2.0,3.0,3.0,2,2,3,3,3,3
2XBA5Z,716.0,951.0,722.0,974.0,375.0,650.0,737.0,951.0,1200.0,974.0,589.0,1000.0,3.0,1.0,1.0,1.0,3.0,2.0,3,1,3,1,3,3
7DVW9A,10000.0,10000.0,2000.0,1800.0,1400.0,10000.0,10000.0,10000.0,2000.0,1800.0,1500.0,10000.0,0.0,0.0,0.0,0.0,0.0,0.0,0,0,1,1,3,0
PNMP1G,784.0,903.0,615.0,301.0,334.0,332.0,784.0,1101.5,617.0,586.0,359.0,683.0,1.0,1.0,3.0,2.0,3.0,3.0,1,2,3,3,3,3
1U5776,10000.0,1300.0,10000.0,1400.0,846.0,10000.0,10000.0,1300.0,10000.0,1400.0,896.0,10000.0,0.0,0.0,0.0,0.0,3.0,0.0,0,1,0,1,3,0
DEBWJH,555.0,1000.0,403.0,290.0,111.0,467.0,1277.5,1100.0,696.0,815.0,293.0,813.0,1.0,1.0,3.0,2.0,3.0,3.0,2,2,3,3,3,3
SDYYM5,555.0,1000.0,403.0,290.0,111.0,467.0,1277.5,1100.0,696.0,815.0,293.0,813.0,1.0,1.0,3.0,2.0,3.0,3.0,2,2,3,3,3,3
85SSP3,555.0,1000.0,403.0,290.0,111.0,467.0,1277.5,1100.0,696.0,815.0,293.0,813.0,1.0,1.0,3.0,2.0,3.0,3.0,2,2,3,3,3,3
0XSQQ9,1400.0,663.0,474.0,717.0,214.0,355.0,1400.0,1600.0,483.0,915.0,336.0,426.0,0.0,1.0,3.0,2.0,3.0,3.0,1,3,3,3,3,3
5K2HM7,1800.0,647.0,664.0,1000.0,259.0,1200.0,1900.0,817.0,720.0,1000.0,707.0,1200.0,0.0,2.0,2.0,1.0,3.0,0.0,3,3,3,1,3,1
9TM01P,555.0,1000.0,403.0,290.0,111.0,467.0,1277.5,1100.0,696.0,815.0,293.0,813.0,1.0,1.0,3.0,2.0,3.0,3.0,2,2,3,3,3,3
EJPBP4,555.0,1000.0,403.0,290.0,111.0,467.0,1277.5,1100.0,696.0,815.0,293.0,813.0,1.0,1.0,3.0,2.0,3.0,3.0,2,2,3,3,3,3
UYKQAS,555.0,1000.0,403.0,290.0,111.0,467.0,1277.5,1100.0,696.0,815.0,293.0,813.0,1.0,1.0,3.0,2.0,3.0,3.0,2,2,3,3,3,3
85YNY3,10000.0,1500.0,10000.0,1900.0,881.0,1500.0,10000.0,1550.0,10000.0,2000.0,1000.0,1500.0,0.0,0.0,0.0,0.0,2.0,0.0,0,2,0,3,3,2
37DNJQ,10000.0,1700.0,10000.0,1100.0,330.0,10000.0,10000.0,1700.0,10000.0,1100.0,1700.0,10000.0,0.0,0.0,0.0,0.0,1.0,0.0,0,1,0,1,3,0
7KEDZA,10000.0,1300.0,10000.0,1400.0,843.0,10000.0,10000.0,1300.0,10000.0,1400.0,893.0,10000.0,0.0,0.0,0.0,0.0,3.0,0.0,0,1,0,1,3,0
YB4YND,10000.0,1300.0,10000.0,1400.0,846.0,10000.0,10000.0,1300.0,10000.0,1400.0,896.0,10000.0,0.0,0.0,0.0,0.0,3.0,0.0,0,1,0,1,3,0
0Z2239,522.0,997.0,390.0,262.0,126.0,505.0,1211.0,1098.5,738.0,814.0,310.0,853.0,1.0,1.0,3.0,2.0,3.0,3.0,2,2,3,3,3,3
85PUU3,1900.0,10000.0,10000.0,10000.0,653.0,1700.0,1900.0,10000.0,10000.0,10000.0,960.0,1750.0,0.0,0.0,0.0,0.0,2.0,0.0,2,0,0,0,3,2
ACGTRY,1300.0,1700.0,1200.0,1400.0,406.0,1500.0,1300.0,1700.0,1500.0,1400.0,924.0,1550.0,0.0,0.0,0.0,0.0,3.0,0.0,1,3,3,1,3,2
QA730U,1200.0,627.0,511.0,525.0,255.0,312.0,1200.0,1700.0,518.0,668.0,545.0,471.0,0.0,1.0,3.0,2.0,3.0,3.0,1,3,3,3,3,3
PZU66G,949.0,686.0,1300.0,357.0,167.0,873.0,1500.0,763.0,1700.0,584.0,636.0,1700.0,1.0,2.0,0.0,2.0,3.0,1.0,3,3,3,3,3,3
RG1HQJ,1800.0,10000.0,865.0,557.0,626.0,797.0,1800.0,10000.0,1382.5,1800.0,690.0,1000.0,0.0,0.0,1.0,1.0,3.0,2.0,1,0,2,3,3,3
UYCC3S,971.0,1800.0,583.0,601.0,363.0,700.0,1300.0,1800.0,738.0,991.0,591.0,1000.0,1.0,0.0,3.0,2.0,3.0,2.0,3,1,3,3,3,3
E0FXK4,997.0,1500.0,502.0,1200.0,267.0,913.0,1100.0,1550.0,872.0,1400.0,665.0,1100.0,1.0,0.0,2.0,0.0,3.0,1.0,3,2,3,3,3,3
92JC1P,10000.0,10000.0,10000.0,10000.0,1000.0,10000.0,10000.0,10000.0,10000.0,10000.0,1100.0,10000.0,0.0,0.0,0.0,0.0,1.0,0.0,0,0,0,0,2,0
DFN32H,10000.0,10000.0,609.0,10000.0,626.0,10000.0,10000.0,10000.0,609.0,10000.0,941.0,10000.0,0.0,0.0,1.0,0.0,3.0,0.0,0,0,1,0,3,0
371SUQ,1100.0,10000.0,1500.0,701.0,286.0,747.0,1550.0,10000.0,1500.0,1000.0,502.0,916.0,0.0,0.0,0.0,2.0,3.0,3.0,2,0,3,3,3,3
SDCDX5,2000.0,687.0,614.0,1000.0,230.0,446.0,2000.0,893.5,624.0,1400.0,389.0,621.0,0.0,1.0,3.0,1.0,3.0,3.0,1,2,3,3,3,3
Y4U00D,10000.0,10000.0,10000.0,10000.0,2000.0,10000.0,10000.0,10000.0,10000.0,10000.0,2000.0,10000.0,0.0,0.0,0.0,0.0,0.0,0.0,0,0,0,0,1,0
YBW6FD,10000.0,10000.0,10000.0,10000.0,1800.0,10000.0,10000.0,10000.0,10000.0,10000.0,1800.0,10000.0,0.0,0.0,0.0,0.0,0.0,0.0,0,0,0,0,1,0
SD78G5,903.0,515.0,901.0,2000.0,809.0,869.0,903.0,656.0,901.0,2000.0,834.0,1434.5,1.0,3.0,1.0,0.0,3.0,1.0,1,3,1,2,3,2
85UVE3,1500.0,1400.0,10000.0,10000.0,1800.0,10000.0,1500.0,1400.0,10000.0,10000.0,1800.0,10000.0,0.0,0.0,0.0,0.0,0.0,0.0,1,1,0,0,1,0
5HKZ97,10000.0,1200.0,1700.0,10000.0,1500.0,10000.0,10000.0,1300.0,1700.0,10000.0,1600.0,10000.0,0.0,0.0,0.0,0.0,0.0,0.0,0,2,1,0,3,0
5HJY17,10000.0,10000.0,964.0,1600.0,843.0,10000.0,10000.0,10000.0,964.0,1800.0,887.0,10000.0,0.0,0.0,1.0,0.0,2.0,0.0,0,0,1,2,3,0
5HKT27,10000.0,1200.0,1600.0,10000.0,1300.0,10000.0,10000.0,1250.0,1600.0,10000.0,1500.0,10000.0,0.0,0.0,0.0,0.0,0.0,0.0,0,2,1,0,3,0
CWR8TB,10000.0,1200.0,1600.0,10000.0,1300.0,10000.0,10000.0,1250.0,1600.0,10000.0,1500.0,10000.0,0.0,0.0,0.0,0.0,0.0,0.0,0,2,1,0,3,0
WZ38SR,1200.0,191.0,242.0,601.0,189.0,121.0,1200.0,955.0,1700.0,654.0,249.0,534.0,0.0,2.0,1.0,2.0,3.0,3.0,1,3,3,3,3,3
J2SQM0,10000.0,10000.0,10000.0,10000.0,1200.0,1800.0,10000.0,10000.0,10000.0,10000.0,1400.0,1800.0,0.0,0.0,0.0,0.0,0.0,0.0,0,0,0,0,3,3
UA5H5S,451.0,817.0,799.0,336.0,250.0,776.0,451.0,1100.0,989.0,982.0,388.0,937.0,1.0,1.0,2.0,3.0,3.0,2.0,1,3,3,3,3,3
EJ7CS4,10000.0,636.0,1400.0,1000.0,955.0,10000.0,10000.0,636.0,1400.0,1150.0,1500.0,10000.0,0.0,1.0,0.0,1.0,1.0,0.0,0,1,3,2,3,0
QADDZU,1300.0,927.0,973.0,563.0,589.0,1100.0,1300.0,927.0,973.0,571.0,662.0,1500.0,0.0,1.0,1.0,3.0,3.0,0.0,1,1,1,3,3,2
Q5MAPU,462.0,10000.0,1300.0,2000.0,397.0,375.0,462.0,10000.0,1300.0,2000.0,574.0,653.0,1.0,0.0,0.0,0.0,3.0,2.0,1,0,1,2,3,3
EJ9914,1300.0,928.0,974.0,562.0,589.0,1100.0,1300.0,928.0,974.0,571.0,663.0,1500.0,0.0,1.0,1.0,3.0,3.0,0.0,1,1,1,3,3,2
2XQ28Z,10000.0,10000.0,722.0,1400.0,757.0,1500.0,10000.0,10000.0,1100.0,1400.0,820.0,1550.0,0.0,0.0,1.0,0.0,3.0,0.0,0,0,3,1,3,2
ERZEJ4,10000.0,10000.0,858.0,10000.0,754.0,10000.0,10000.0,10000.0,1329.0,10000.0,879.0,10000.0,0.0,0.0,1.0,0.0,3.0,0.0,0,0,2,0,3,0
8SKWZ3,37.0,514.0,1600.0,522.0,614.0,126.0,39.0,1200.0,1750.0,903.0,642.0,421.0,2.0,1.0,0.0,3.0,3.0,3.0,3,3,2,3,3,3
QAZ0YU,1600.0,1300.0,666.0,1100.0,516.0,169.0,1600.0,1600.0,736.0,1600.0,663.0,714.0,0.0,0.0,2.0,0.0,3.0,3.0,1,2,3,3,3,3
8U9EK3,666.0,1200.0,1400.0,1500.0,270.0,1900.0,666.0,1200.0,1600.0,1650.0,340.0,1950.0,1.0,0.0,0.0,0.0,3.0,0.0,1,3,3,2,3,2
DEBTXH,10000.0,10000.0,10000.0,10000.0,580.0,1800.0,10000.0,10000.0,10000.0,10000.0,1190.0,1800.0,0.0,0.0,0.0,0.0,1.0,0.0,0,0,0,0,2,1
DEQPQH,10000.0,10000.0,1100.0,767.0,642.0,10000.0,10000.0,10000.0,1100.0,852.5,811.0,10000.0,0.0,0.0,0.0,2.0,2.0,0.0,0,0,1,2,3,0
GNH3X2,1500.0,898.0,1100.0,1000.0,1100.0,812.0,1500.0,1300.0,1500.0,1000.0,1200.0,1356.0,0.0,1.0,0.0,1.0,0.0,1.0,1,3,2,1,3,2
2XSPMZ,835.0,1100.0,1100.0,10000.0,650.0,908.0,835.0,1100.0,1800.0,10000.0,742.0,912.0,1.0,0.0,0.0,0.0,3.0,2.0,1,1,3,0,3,3
AKN9HY,1800.0,1100.0,195.0,1300.0,152.0,709.0,1850.0,1200.0,782.0,1550.0,242.0,853.0,0.0,0.0,3.0,0.0,3.0,3.0,2,3,3,2,3,3
92DQ1P,666.0,1200.0,1400.0,1500.0,270.0,1900.0,666.0,1200.0,1600.0,1650.0,340.0,1950.0,1.0,0.0,0.0,0.0,3.0,0.0,1,3,3,2,3,2
W051TR,666.0,1200.0,1400.0,1500.0,270.0,1900.0,666.0,1200.0,1600.0,1650.0,340.0,1950.0,1.0,0.0,0.0,0.0,3.0,0.0,1,3,3,2,3,2
JP7F70,416.0,1200.0,1200.0,1200.0,50.0,2000.0,416.0,1200.0,1600.0,1600.0,497.0,2000.0,1.0,0.0,0.0,0.0,3.0,0.0,1,3,3,2,3,1
KFD13C,1000.0,10000.0,1500.0,1500.0,581.0,10000.0,1000.0,10000.0,1500.0,1500.0,911.0,10000.0,1.0,0.0,0.0,0.0,3.0,0.0,1,0,2,1,3,0
KJH7KC,10000.0,1300.0,1800.0,1100.0,174.0,10000.0,10000.0,1300.0,1800.0,1100.0,1500.0,10000.0,0.0,0.0,0.0,0.0,1.0,0.0,0,1,1,1,3,0
EP1M64,10000.0,1200.0,1100.0,1300.0,289.0,380.0,10000.0,1500.0,1450.0,1300.0,511.0,1400.0,0.0,0.0,0.0,0.0,3.0,1.0,0,3,2,3,3,3
DCV8FH,584.0,10000.0,215.0,1200.0,315.0,199.0,626.0,10000.0,939.0,1300.0,357.0,366.0,3.0,0.0,3.0,0.0,3.0,3.0,3,0,3,3,3,3
40UC8F,10000.0,10000.0,10000.0,10000.0,382.0,10000.0,10000.0,10000.0,10000.0,10000.0,741.0,10000.0,0.0,0.0,0.0,0.0,1.0,0.0,0,0,0,0,2,0
8SH5E3,10000.0,10000.0,2000.0,10000.0,1200.0,10000.0,10000.0,10000.0,2000.0,10000.0,1900.0,10000.0,0.0,0.0,0.0,0.0,0.0,0.0,0,0,1,0,3,0
Q5MA3U,10000.0,10000.0,744.0,10000.0,792.0,10000.0,10000.0,10000.0,744.0,10000.0,810.0,10000.0,0.0,0.0,1.0,0.0,3.0,0.0,0,0,1,0,3,0
AKJCDY,1900.0,636.0,10000.0,244.0,232.0,796.0,1900.0,968.0,10000.0,722.0,385.0,1100.0,0.0,1.0,0.0,1.0,2.0,1.0,1,2,0,2,3,3
8SYD03,10000.0,10000.0,10000.0,10000.0,1100.0,10000.0,10000.0,10000.0,10000.0,10000.0,1500.0,10000.0,0.0,0.0,0.0,0.0,0.0,0.0,0,0,0,0,2,0
9T4D3P,10000.0,10000.0,10000.0,10000.0,1800.0,10000.0,10000.0,10000.0,10000.0,10000.0,1800.0,10000.0,0.0,0.0,0.0,0.0,0.0,0.0,0,0,0,0,1,0
U7495S,892.0,10000.0,209.0,259.0,372.0,639.0,892.0,10000.0,209.0,259.0,417.0,650.0,1.0,0.0,1.0,1.0,3.0,3.0,1,0,1,1,3,3
W9M2MR,1900.0,801.0,1200.0,10000.0,1600.0,551.0,1900.0,801.0,1200.0,10000.0,1600.0,1025.5,0.0,1.0,0.0,0.0,0.0,1.0,2,1,1,0,3,2
Q7BJVU,1900.0,801.0,1200.0,10000.0,1600.0,551.0,1900.0,801.0,1200.0,10000.0,1600.0,1025.5,0.0,1.0,0.0,0.0,0.0,1.0,2,1,1,0,3,2
AKBU7Y,923.0,586.0,631.0,587.0,287.0,781.0,923.0,1700.0,631.0,615.0,379.0,781.0,1.0,1.0,1.0,3.0,3.0,1.0,1,3,1,3,3,1
UAVV4S,10000.0,1400.0,256.0,10000.0,771.0,1800.0,10000.0,1400.0,1000.0,10000.0,831.0,1800.0,0.0,0.0,2.0,0.0,3.0,0.0,0,1,3,0,3,1
YBFAZD,10000.0,10000.0,1800.0,10000.0,1700.0,10000.0,10000.0,10000.0,1800.0,10000.0,1700.0,10000.0,0.0,0.0,0.0,0.0,0.0,0.0,0,0,1,0,1,0
RPWN6J,1200.0,1200.0,232.0,796.0,236.0,467.0,1200.0,1200.0,875.0,796.0,277.0,467.0,0.0,0.0,2.0,1.0,3.0,1.0,2,3,3,1,3,1
7KE64A,10000.0,10000.0,2000.0,1300.0,1300.0,10000.0,10000.0,10000.0,2000.0,1300.0,1400.0,10000.0,0.0,0.0,0.0,0.0,0.0,0.0,0,0,1,1,2,0
9Z1G1P,10000.0,10000.0,1300.0,10000.0,263.0,10000.0,10000.0,10000.0,1300.0,10000.0,1400.0,10000.0,0.0,0.0,0.0,0.0,1.0,0.0,0,0,1,0,3,0
5DSER7,303.0,346.0,1000.0,1500.0,306.0,913.0,423.5,349.0,1400.0,1500.0,385.0,1800.0,2.0,3.0,1.0,0.0,3.0,1.0,2,3,3,2,3,3
4J9TXF,1900.0,10000.0,1500.0,1700.0,570.0,816.0,1900.0,10000.0,1600.0,1700.0,646.0,849.0,0.0,0.0,0.0,0.0,3.0,2.0,1,0,2,1,3,3
1UD9W6,1900.0,10000.0,10000.0,10000.0,476.0,10000.0,1900.0,10000.0,10000.0,10000.0,543.0,10000.0,0.0,0.0,0.0,0.0,2.0,0.0,1,0,0,0,3,0
2XEMTZ,10000.0,10000.0,853.0,1400.0,551.0,10000.0,10000.0,10000.0,853.0,1400.0,870.0,10000.0,0.0,0.0,1.0,0.0,3.0,0.0,0,0,1,1,3,0
3STJZQ,968.0,10000.0,57.0,855.0,71.0,1400.0,968.0,10000.0,1000.0,855.0,627.0,1550.0,1.0,0.0,2.0,1.0,2.0,0.0,1,0,3,1,3,2
PTRTCG,10000.0,10000.0,899.0,10000.0,628.0,10000.0,10000.0,10000.0,1049.5,10000.0,654.0,10000.0,0.0,0.0,1.0,0.0,3.0,0.0,0,0,2,0,3,0
5DE5V7,10000.0,1400.0,300.0,10000.0,788.0,1700.0,10000.0,1400.0,988.0,10000.0,844.0,1700.0,0.0,0.0,2.0,0.0,3.0,0.0,0,1,3,0,3,1
JPJ910,10000.0,2000.0,515.0,10000.0,895.0,163.0,10000.0,2000.0,938.0,10000.0,1100.0,1000.0,0.0,0.0,3.0,0.0,1.0,3.0,0,1,3,0,3,3
SY4T75,10000.0,10000.0,10000.0,10000.0,734.0,10000.0,10000.0,10000.0,10000.0,10000.0,1500.0,10000.0,0.0,0.0,0.0,0.0,1.0,0.0,0,0,0,0,3,0
UAR0QS,10000.0,10000.0,10000.0,10000.0,1700.0,10000.0,10000.0,10000.0,10000.0,10000.0,1800.0,10000.0,0.0,0.0,0.0,0.0,0.0,0.0,0,0,0,0,2,0
SYT025,10000.0,10000.0,540.0,10000.0,342.0,756.0,10000.0,10000.0,540.0,10000.0,1171.0,756.0,0.0,0.0,1.0,0.0,1.0,1.0,0,0,1,0,2,1
SYRKG5,10000.0,973.0,2000.0,1600.0,1600.0,10000.0,10000.0,973.0,2000.0,1650.0,1700.0,10000.0,0.0,1.0,0.0,0.0,0.0,0.0,0,1,1,2,3,0
8UTNJ3,1100.0,1900.0,314.0,315.0,155.0,1200.0,1800.0,1900.0,707.0,496.0,208.0,1200.0,0.0,0.0,3.0,2.0,3.0,0.0,3,3,3,3,3,3
PT3M6G,1900.0,801.0,1200.0,10000.0,1600.0,551.0,1900.0,801.0,1200.0,10000.0,1600.0,1025.5,0.0,1.0,0.0,0.0,0.0,1.0,2,1,1,0,3,2
GNM5B2,1700.0,10000.0,380.0,224.0,412.0,811.0,2000.0,10000.0,1140.0,662.0,509.0,1400.0,0.0,0.0,1.0,1.0,3.0,1.0,3,0,2,2,3,3
AH83EY,1100.0,1900.0,314.0,315.0,155.0,1200.0,1800.0,1900.0,707.0,496.0,208.0,1200.0,0.0,0.0,3.0,2.0,3.0,0.0,3,3,3,3,3,3
2XQYWZ,1900.0,801.0,1200.0,10000.0,1600.0,551.0,1900.0,801.0,1200.0,10000.0,1600.0,1025.5,0.0,1.0,0.0,0.0,0.0,1.0,2,1,1,0,3,2
5DFPC7,1900.0,801.0,1200.0,10000.0,1600.0,551.0,1900.0,801.0,1200.0,10000.0,1600.0,1025.5,0.0,1.0,0.0,0.0,0.0,1.0,2,1,1,0,3,2
SAV1X5,1100.0,1900.0,314.0,315.0,155.0,1200.0,1800.0,1900.0,707.0,496.0,208.0,1200.0,0.0,0.0,3.0,2.0,3.0,0.0,3,3,3,3,3,3
5D0307,10000.0,2000.0,351.0,1800.0,690.0,1900.0,10000.0,2000.0,1200.0,1800.0,820.0,1900.0,0.0,0.0,1.0,0.0,3.0,0.0,0,1,3,1,3,2
7HWGQA,1900.0,801.0,1200.0,10000.0,1600.0,551.0,1900.0,801.0,1200.0,10000.0,1600.0,1025.5,0.0,1.0,0.0,0.0,0.0,1.0,2,1,1,0,3,2
2X8N5Z,10000.0,10000.0,1100.0,10000.0,1100.0,1100.0,10000.0,10000.0,1100.0,10000.0,1300.0,1100.0,0.0,0.0,0.0,0.0,0.0,0.0,0,0,1,0,2,2
CKXZBC,1800.0,754.0,10000.0,374.0,395.0,870.0,1800.0,927.0,10000.0,787.0,485.0,1100.0,0.0,1.0,0.0,1.0,3.0,1.0,1,2,0,2,3,3
ERXZN4,10000.0,10000.0,733.0,799.0,731.0,1600.0,10000.0,10000.0,733.0,899.5,886.0,1600.0,0.0,0.0,1.0,2.0,2.0,0.0,0,0,1,2,3,1
8SXQX3,10000.0,1900.0,1600.0,499.0,1300.0,627.0,10000.0,2000.0,1800.0,999.5,1400.0,627.0,0.0,0.0,0.0,1.0,0.0,2.0,0,3,3,2,3,2
Q8ZQUQ,1700.0,10000.0,644.0,227.0,337.0,232.0,1750.0,10000.0,744.0,391.0,407.0,597.0,0.0,0.0,2.0,3.0,3.0,3.0,2,0,3,3,3,3
3SNXMQ,1100.0,1900.0,314.0,315.0,155.0,1200.0,1800.0,1900.0,707.0,496.0,208.0,1200.0,0.0,0.0,3.0,2.0,3.0,0.0,3,3,3,3,3,3
WPB3GR,1200.0,1200.0,1300.0,1200.0,669.0,1300.0,1200.0,1200.0,1700.0,1600.0,922.0,1300.0,0.0,0.0,0.0,0.0,3.0,0.0,1,3,3,2,3,2
SYFD95,330.0,445.0,399.0,1400.0,508.0,298.0,330.0,763.0,399.0,1400.0,771.0,999.0,1.0,3.0,1.0,0.0,3.0,1.0,1,3,1,3,3,2
WW9UR9,10000.0,10000.0,10000.0,10000.0,837.0,1900.0,10000.0,10000.0,10000.0,10000.0,1500.0,1900.0,0.0,0.0,0.0,0.0,1.0,0.0,0,0,0,0,3,2
SYJP85,10000.0,10000.0,10000.0,10000.0,1900.0,10000.0,10000.0,10000.0,10000.0,10000.0,1900.0,10000.0,0.0,0.0,0.0,0.0,0.0,0.0,0,0,0,0,1,0
AH9JBY,700.0,568.0,960.0,929.0,259.0,1000.0,700.0,1200.0,1300.0,1300.0,336.0,1100.0,1.0,1.0,1.0,1.0,3.0,1.0,1,3,3,3,3,3
W9355R,1900.0,10000.0,10000.0,1600.0,1700.0,10000.0,1900.0,10000.0,10000.0,1600.0,1700.0,10000.0,0.0,0.0,0.0,0.0,0.0,0.0,1,0,0,1,1,0
W0FU0R,1900.0,10000.0,10000.0,1200.0,182.0,10000.0,1900.0,10000.0,10000.0,1400.0,195.0,10000.0,0.0,0.0,0.0,0.0,3.0,0.0,1,0,0,3,3,0
SYP3A5,10000.0,10000.0,10000.0,10000.0,1600.0,10000.0,10000.0,10000.0,10000.0,10000.0,1600.0,10000.0,0.0,0.0,0.0,0.0,0.0,0.0,0,0,0,0,1,0
YCWBMD,10000.0,1400.0,10000.0,10000.0,98.0,10000.0,10000.0,1400.0,10000.0,10000.0,999.0,10000.0,0.0,0.0,0.0,0.0,1.0,0.0,0,1,0,0,2,0
AH7Z3Y,1900.0,10000.0,10000.0,1200.0,182.0,10000.0,1900.0,10000.0,10000.0,1400.0,195.0,10000.0,0.0,0.0,0.0,0.0,3.0,0.0,1,0,0,3,3,0
DC95VH,582.0,975.0,492.0,398.0,156.0,860.0,1200.0,1800.0,1000.0,899.0,495.0,1400.0,1.0,1.0,2.0,3.0,3.0,1.0,3,3,3,3,3,3
8UFV63,769.0,1700.0,1600.0,996.0,356.0,1400.0,769.0,1700.0,1600.0,1200.0,893.0,1500.0,1.0,0.0,0.0,1.0,2.0,0.0,1,1,1,3,3,2
7HT0MA,947.0,1600.0,971.0,876.0,312.0,687.0,1400.0,1600.0,1100.0,1200.0,817.0,910.0,1.0,0.0,1.0,1.0,3.0,3.0,3,1,3,3,3,3
C4UCRB,1400.0,10000.0,412.0,568.0,472.0,993.0,1400.0,10000.0,412.0,784.0,570.0,1000.0,0.0,0.0,1.0,2.0,3.0,2.0,1,0,1,2,3,3
7HVEJA,1100.0,1600.0,1500.0,10000.0,800.0,1000.0,1550.0,1600.0,1700.0,10000.0,945.0,1100.0,0.0,0.0,0.0,0.0,3.0,1.0,2,1,3,0,3,3
AKZUNY,10000.0,10000.0,1500.0,10000.0,1800.0,10000.0,10000.0,10000.0,1500.0,10000.0,1800.0,10000.0,0.0,0.0,0.0,0.0,0.0,0.0,0,0,1,0,3,0
R9BZ8J,947.0,1600.0,971.0,875.0,312.0,687.0,1400.0,1600.0,1100.0,1200.0,817.0,910.0,1.0,0.0,1.0,1.0,3.0,3.0,3,1,3,3,3,3
AHF5QY,10000.0,1100.0,517.0,10000.0,868.0,10000.0,10000.0,1100.0,517.0,10000.0,925.0,10000.0,0.0,0.0,1.0,0.0,2.0,0.0,0,1,1,0,3,0
Q70NJU,973.0,1400.0,324.0,350.0,17.0,348.0,1600.0,1600.0,739.0,783.0,145.0,517.0,1.0,0.0,3.0,3.0,3.0,3.0,3,3,3,3,3,3
1QFGK6,973.0,1400.0,324.0,350.0,17.0,348.0,1600.0,1600.0,739.0,783.0,145.0,517.0,1.0,0.0,3.0,3.0,3.0,3.0,3,3,3,3,3,3
ERJMA4,723.0,10000.0,1600.0,1700.0,386.0,481.0,723.0,10000.0,1650.0,1800.0,736.0,541.0,1.0,0.0,0.0,0.0,3.0,2.0,1,0,2,2,3,3
0GJPQ9,10000.0,10000.0,10000.0,1500.0,352.0,10000.0,10000.0,10000.0,10000.0,1700.0,402.0,10000.0,0.0,0.0,0.0,0.0,3.0,0.0,0,0,0,3,3,0
6XNG8Y,1800.0,1300.0,1300.0,710.0,215.0,782.0,1800.0,1500.0,1550.0,1000.0,362.0,1200.0,0.0,0.0,0.0,2.0,3.0,1.0,1,3,2,3,3,3
13V876,10000.0,10000.0,10000.0,1600.0,407.0,10000.0,10000.0,10000.0,10000.0,1700.0,426.0,10000.0,0.0,0.0,0.0,0.0,3.0,0.0,0,0,0,3,3,0
5Y6UD7,10000.0,10000.0,221.0,10000.0,10000.0,10000.0,10000.0,10000.0,221.0,10000.0,10000.0,10000.0,0.0,0.0,1.0,0.0,0.0,0.0,0,0,1,0,0,0
SA2DE5,841.0,203.0,696.0,10000.0,951.0,10000.0,841.0,842.0,1248.0,10000.0,1100.0,10000.0,1.0,3.0,1.0,0.0,1.0,0.0,1,3,2,0,3,0
JRYR0D,10000.0,10000.0,10000.0,10000.0,1900.0,10000.0,10000.0,10000.0,10000.0,10000.0,1900.0,10000.0,0.0,0.0,0.0,0.0,0.0,0.0,0,0,0,0,1,0
SYP3D5,636.0,959.0,1400.0,207.0,270.0,1300.0,1118.0,959.0,1400.0,222.5,570.0,1300.0,1.0,1.0,0.0,2.0,3.0,0.0,2,1,1,2,3,2
7KD0EA,10000.0,1200.0,613.0,10000.0,921.0,10000.0,10000.0,1200.0,613.0,10000.0,973.0,10000.0,0.0,0.0,1.0,0.0,2.0,0.0,0,1,1,0,3,0
UAZ9MS,1500.0,217.0,190.0,1100.0,283.0,339.0,1700.0,764.0,695.0,1200.0,297.0,356.0,0.0,3.0,1.0,0.0,3.0,3.0,2,3,2,3,3,3
YCRYGD,10000.0,10000.0,313.0,633.0,354.0,250.0,10000.0,10000.0,1100.0,1500.0,471.0,582.0,0.0,0.0,1.0,1.0,3.0,2.0,0,0,3,3,3,3
K4ZZKC,10000.0,1500.0,1600.0,10000.0,10000.0,10000.0,10000.0,1500.0,1600.0,10000.0,10000.0,10000.0,0.0,0.0,0.0,0.0,0.0,0.0,0,1,1,0,0,0
6U3YY8,1400.0,1500.0,517.0,502.0,310.0,452.0,1500.0,1750.0,540.0,745.0,322.0,796.0,0.0,0.0,3.0,3.0,3.0,3.0,2,2,3,3,3,3
PTAR4G,586.0,10000.0,1000.0,536.0,329.0,324.0,586.0,10000.0,1300.0,733.0,397.0,436.0,1.0,0.0,1.0,2.0,3.0,3.0,1,0,2,3,3,3
9ZY81P,1400.0,376.0,442.0,189.0,219.0,164.0,1400.0,1500.0,960.0,805.0,529.0,943.0,0.0,1.0,3.0,2.0,3.0,2.0,1,3,3,3,3,3
7HNYFA,941.0,10000.0,374.0,1200.0,316.0,1600.0,941.0,10000.0,887.0,1200.0,571.0,1700.0,1.0,0.0,1.0,0.0,3.0,0.0,1,0,2,1,3,3
CFGMFB,878.0,1100.0,510.0,1400.0,541.0,249.0,878.0,1100.0,1105.0,1600.0,619.0,368.0,1.0,0.0,1.0,0.0,3.0,3.0,1,2,2,3,3,3
3D1V6Q,1600.0,10000.0,1100.0,1600.0,236.0,1800.0,1600.0,10000.0,1100.0,1800.0,574.0,1800.0,0.0,0.0,0.0,0.0,3.0,0.0,1,0,3,2,3,1
3AD9HQ,1100.0,1200.0,744.0,1600.0,209.0,1000.0,1100.0,1200.0,747.0,1700.0,435.0,1100.0,0.0,0.0,3.0,0.0,3.0,1.0,3,3,3,3,3,3
9TR69P,10000.0,10000.0,10000.0,10000.0,571.0,10000.0,10000.0,10000.0,10000.0,10000.0,575.0,10000.0,0.0,0.0,0.0,0.0,2.0,0.0,0,0,0,0,3,0
AB483Y,674.0,10000.0,10000.0,745.0,760.0,10000.0,674.0,10000.0,10000.0,745.0,930.0,10000.0,1.0,0.0,0.0,1.0,1.0,0.0,1,0,0,1,2,0
7CETFA,10000.0,10000.0,382.0,1400.0,443.0,1200.0,10000.0,10000.0,382.0,1400.0,520.0,1500.0,0.0,0.0,1.0,0.0,2.0,0.0,0,0,1,1,3,2
65AJA8,10000.0,10000.0,200.0,10000.0,253.0,1200.0,10000.0,10000.0,200.0,10000.0,1300.0,1500.0,0.0,0.0,1.0,0.0,1.0,0.0,0,0,1,0,3,2
7CEESA,457.0,1600.0,144.0,780.0,140.0,779.0,968.0,1600.0,940.0,1600.0,526.0,1100.0,3.0,0.0,2.0,1.0,3.0,1.0,3,2,3,3,3,3
5EC387,475.0,1700.0,1300.0,10000.0,1800.0,10000.0,475.0,1700.0,1600.0,10000.0,1850.0,10000.0,1.0,0.0,0.0,0.0,0.0,0.0,1,1,2,0,2,0
5EC3Q7,1500.0,1200.0,1300.0,546.0,269.0,10000.0,1500.0,1200.0,1400.0,1023.0,771.0,10000.0,0.0,0.0,0.0,1.0,3.0,0.0,1,3,2,2,3,0
P1SSDG,1500.0,1400.0,326.0,764.0,302.0,419.0,1700.0,1600.0,365.0,999.0,386.0,618.0,0.0,0.0,3.0,2.0,3.0,2.0,2,2,3,3,3,3
SBY8N5,10000.0,1400.0,1200.0,10000.0,1400.0,1600.0,10000.0,1400.0,1200.0,10000.0,1400.0,1600.0,0.0,0.0,0.0,0.0,0.0,0.0,0,1,2,0,3,1
0XSCC9,10000.0,10000.0,10000.0,10000.0,727.0,10000.0,10000.0,10000.0,10000.0,10000.0,1113.5,10000.0,0.0,0.0,0.0,0.0,1.0,0.0,0,0,0,0,2,0
7BCFDA,10000.0,10000.0,756.0,10000.0,133.0,10000.0,10000.0,10000.0,756.0,10000.0,866.0,10000.0,0.0,0.0,1.0,0.0,2.0,0.0,0,0,1,0,3,0
KWZSZC,1100.0,283.0,1300.0,1600.0,332.0,1100.0,1100.0,944.0,1300.0,1600.0,495.0,1350.0,0.0,2.0,0.0,0.0,3.0,0.0,1,3,1,1,3,2
7KS61A,10000.0,10000.0,10000.0,10000.0,1700.0,10000.0,10000.0,10000.0,10000.0,10000.0,1700.0,10000.0,0.0,0.0,0.0,0.0,0.0,0.0,0,0,0,0,1,0
UCR6JS,816.0,515.0,1200.0,1300.0,159.0,887.0,816.0,1000.0,1200.0,1900.0,304.0,935.5,1.0,2.0,0.0,0.0,3.0,2.0,1,3,1,3,3,2
P139MG,10000.0,10000.0,640.0,10000.0,328.0,1000.0,10000.0,10000.0,690.0,10000.0,639.0,1600.0,0.0,0.0,3.0,0.0,2.0,1.0,0,0,3,0,3,3
DRRAYH,1800.0,1500.0,1400.0,563.0,1100.0,673.0,1800.0,1500.0,1600.0,981.5,1200.0,682.5,0.0,0.0,0.0,1.0,0.0,2.0,1,3,2,2,3,2
K0WDYC,1000.0,10000.0,847.0,797.0,29.0,1100.0,1000.0,10000.0,1123.5,797.0,98.0,1100.0,1.0,0.0,1.0,1.0,3.0,0.0,1,0,2,1,3,3
JXGC20,10000.0,10000.0,1900.0,10000.0,491.0,10000.0,10000.0,10000.0,1900.0,10000.0,746.0,10000.0,0.0,0.0,0.0,0.0,2.0,0.0,0,0,1,0,3,0
KJYN3C,10000.0,1400.0,279.0,10000.0,749.0,1800.0,10000.0,1400.0,1000.0,10000.0,810.0,1800.0,0.0,0.0,2.0,0.0,3.0,0.0,0,1,3,0,3,1
26KDBZ,1000.0,1300.0,959.0,574.0,350.0,362.0,1100.0,1600.0,1229.5,1100.0,373.0,961.0,1.0,0.0,1.0,1.0,3.0,3.0,3,2,2,3,3,3
26Y8AZ,300.0,404.0,220.0,533.0,126.0,128.0,498.0,707.0,263.0,883.0,136.0,137.0,3.0,3.0,3.0,3.0,3.0,3.0,3,3,3,3,3,3
C0X8JB,10000.0,1100.0,1400.0,1200.0,933.0,10000.0,10000.0,1100.0,1400.0,1350.0,1100.0,10000.0,0.0,0.0,0.0,0.0,1.0,0.0,0,1,1,2,3,0
UKWE3S,10000.0,10000.0,1500.0,740.0,380.0,77.0,10000.0,10000.0,1700.0,889.0,600.0,900.0,0.0,0.0,0.0,3.0,3.0,2.0,0,0,3,3,3,3
3YV63Q,10000.0,10000.0,1600.0,1000.0,1200.0,10000.0,10000.0,10000.0,1600.0,1000.0,1600.0,10000.0,0.0,0.0,0.0,1.0,0.0,0.0,0,0,1,1,3,0
SK2W25,1300.0,170.0,1600.0,974.0,110.0,919.0,1350.0,605.0,1700.0,1500.0,181.0,1100.0,0.0,3.0,0.0,1.0,3.0,1.0,2,3,3,3,3,3
E9ZJN4,605.0,287.0,969.0,1100.0,539.0,764.0,605.0,698.0,1900.0,1300.0,792.0,1200.0,1.0,3.0,1.0,0.0,3.0,1.0,1,3,3,3,3,3
KR0PFC,10000.0,289.0,249.0,10000.0,700.0,574.0,10000.0,289.0,824.5,10000.0,739.0,574.0,0.0,1.0,1.0,0.0,3.0,1.0,0,1,2,0,3,1
UHKX0S,10000.0,10000.0,10000.0,10000.0,939.0,1400.0,10000.0,10000.0,10000.0,10000.0,949.0,1400.0,0.0,0.0,0.0,0.0,2.0,0.0,0,0,0,0,3,1
9N9UGP,10000.0,10000.0,325.0,10000.0,397.0,10000.0,10000.0,10000.0,1012.5,10000.0,577.0,10000.0,0.0,0.0,1.0,0.0,3.0,0.0,0,0,2,0,3,0
5K3T87,10000.0,1600.0,1600.0,125.0,731.0,96.0,10000.0,1800.0,1600.0,501.0,1200.0,122.0,0.0,0.0,0.0,2.0,1.0,2.0,0,3,1,2,3,3
9NWV9P,10000.0,10000.0,10000.0,710.0,10000.0,10000.0,10000.0,10000.0,10000.0,710.0,10000.0,10000.0,0.0,0.0,0.0,1.0,0.0,0.0,0,0,0,1,0,0
6545R8,10000.0,10000.0,10000.0,10000.0,1600.0,10000.0,10000.0,10000.0,10000.0,10000.0,1600.0,10000.0,0.0,0.0,0.0,0.0,0.0,0.0,0,0,0,0,1,0
1SC0E6,10000.0,10000.0,10000.0,10000.0,1000.0,10000.0,10000.0,10000.0,10000.0,10000.0,1000.0,10000.0,0.0,0.0,0.0,0.0,1.0,0.0,0,0,0,0,1,0
3A4PDQ,10000.0,10000.0,10000.0,10000.0,1500.0,10000.0,10000.0,10000.0,10000.0,10000.0,1500.0,10000.0,0.0,0.0,0.0,0.0,0.0,0.0,0,0,0,0,1,0
QYF7SU,848.0,617.0,706.0,10000.0,334.0,1200.0,848.0,1100.0,823.0,10000.0,810.0,1550.0,1.0,1.0,2.0,0.0,3.0,0.0,1,3,3,0,3,2
CR9D8B,10000.0,1100.0,1400.0,1300.0,827.0,10000.0,10000.0,1100.0,1700.0,1450.0,1200.0,10000.0,0.0,0.0,0.0,0.0,1.0,0.0,0,1,2,2,3,0
5KA8U7,10000.0,10000.0,10000.0,10000.0,355.0,10000.0,10000.0,10000.0,10000.0,10000.0,355.0,10000.0,0.0,0.0,0.0,0.0,1.0,0.0,0,0,0,0,1,0
6SV1U8,10000.0,10000.0,10000.0,10000.0,1700.0,10000.0,10000.0,10000.0,10000.0,10000.0,1700.0,10000.0,0.0,0.0,0.0,0.0,0.0,0.0,0,0,0,0,1,0
ACUPUY,10000.0,10000.0,577.0,1600.0,499.0,1600.0,10000.0,10000.0,988.5,1600.0,695.0,1650.0,0.0,0.0,1.0,0.0,3.0,0.0,0,0,2,1,3,2
85MHU3,1200.0,335.0,1500.0,1400.0,231.0,1300.0,1200.0,1200.0,1500.0,1700.0,384.0,1500.0,0.0,1.0,0.0,0.0,3.0,0.0,1,3,1,2,3,3
1U4BU6,1100.0,1500.0,645.0,500.0,170.0,543.0,1500.0,1600.0,1400.0,742.0,458.0,688.0,0.0,0.0,1.0,3.0,3.0,3.0,2,3,3,3,3,3
6S4MF8,10000.0,10000.0,10000.0,10000.0,825.0,10000.0,10000.0,10000.0,10000.0,10000.0,825.0,10000.0,0.0,0.0,0.0,0.0,1.0,0.0,0,0,0,0,1,0
KFN6WC,618.0,290.0,879.0,1700.0,230.0,721.0,618.0,927.0,879.0,1800.0,315.0,1060.5,1.0,2.0,1.0,0.0,3.0,1.0,1,3,1,3,3,2
QAW6XU,10000.0,1600.0,1600.0,1900.0,523.0,10000.0,10000.0,1600.0,1800.0,1900.0,964.0,10000.0,0.0,0.0,0.0,0.0,2.0,0.0,0,1,3,2,3,0
YBGP8D,10000.0,1300.0,1500.0,1700.0,688.0,10000.0,10000.0,1300.0,1550.0,1700.0,830.0,10000.0,0.0,0.0,0.0,0.0,2.0,0.0,0,1,2,2,3,0
SDWVK5,10000.0,10000.0,10000.0,10000.0,1700.0,10000.0,10000.0,10000.0,10000.0,10000.0,1700.0,10000.0,0.0,0.0,0.0,0.0,0.0,0.0,0,0,0,0,1,0
KFP5XC,1000.0,10000.0,1600.0,10000.0,10000.0,10000.0,1000.0,10000.0,1600.0,10000.0,10000.0,10000.0,1.0,0.0,0.0,0.0,0.0,0.0,1,0,1,0,0,0
J2M8Q0,10000.0,10000.0,1700.0,10000.0,585.0,10000.0,10000.0,10000.0,1700.0,10000.0,679.0,10000.0,0.0,0.0,0.0,0.0,3.0,0.0,0,0,1,0,3,0
QAHMKU,814.0,10000.0,1900.0,10000.0,1700.0,10000.0,814.0,10000.0,1900.0,10000.0,1700.0,10000.0,1.0,0.0,0.0,0.0,0.0,0.0,1,0,1,0,1,0
DE455H,10000.0,10000.0,10000.0,10000.0,1400.0,10000.0,10000.0,10000.0,10000.0,10000.0,1400.0,10000.0,0.0,0.0,0.0,0.0,0.0,0.0,0,0,0,0,1,0
UYDWDS,10000.0,1300.0,1500.0,1700.0,688.0,10000.0,10000.0,1300.0,1550.0,1700.0,830.0,10000.0,0.0,0.0,0.0,0.0,2.0,0.0,0,1,2,2,3,0
6S5BQ8,10000.0,1300.0,1500.0,1700.0,688.0,10000.0,10000.0,1300.0,1550.0,1700.0,830.0,10000.0,0.0,0.0,0.0,0.0,2.0,0.0,0,1,2,2,3,0
6SQ008,10000.0,1300.0,370.0,10000.0,67.0,809.0,10000.0,1550.0,370.0,10000.0,1200.0,817.0,0.0,0.0,1.0,0.0,1.0,2.0,0,2,1,0,3,2
WPJKNR,10000.0,10000.0,10000.0,10000.0,1900.0,10000.0,10000.0,10000.0,10000.0,10000.0,1900.0,10000.0,0.0,0.0,0.0,0.0,0.0,0.0,0,0,0,0,1,0
40WZ6F,10000.0,10000.0,10000.0,10000.0,1800.0,10000.0,10000.0,10000.0,10000.0,10000.0,1800.0,10000.0,0.0,0.0,0.0,0.0,0.0,0.0,0,0,0,0,1,0
37UHYQ,10000.0,10000.0,10000.0,1800.0,751.0,1800.0,10000.0,10000.0,10000.0,1800.0,1200.0,1800.0,0.0,0.0,0.0,0.0,1.0,0.0,0,0,0,1,3,1
UA3RWS,1100.0,216.0,637.0,923.0,411.0,934.0,1100.0,1058.0,966.0,1400.0,429.0,962.0,0.0,1.0,2.0,1.0,3.0,2.0,2,2,3,3,3,3
1QXJX6,1900.0,1600.0,462.0,2000.0,115.0,773.0,1900.0,1600.0,791.0,2000.0,322.0,852.0,0.0,0.0,3.0,0.0,3.0,2.0,1,1,3,2,3,3
Q7PTFU,864.0,581.0,492.0,285.0,125.0,933.0,1200.0,813.0,839.0,889.0,131.0,990.0,1.0,2.0,3.0,3.0,3.0,2.0,3,3,3,3,3,3
1AHNT6,1200.0,10000.0,1500.0,1800.0,623.0,10000.0,1200.0,10000.0,1500.0,1850.0,902.0,10000.0,0.0,0.0,0.0,0.0,3.0,0.0,1,0,3,2,3,0
UCYVDS,10000.0,10000.0,591.0,10000.0,615.0,1500.0,10000.0,10000.0,1100.0,10000.0,657.0,1500.0,0.0,0.0,1.0,0.0,3.0,0.0,0,0,3,0,3,3
AFC8AY,10000.0,10000.0,579.0,10000.0,603.0,1400.0,10000.0,10000.0,1100.0,10000.0,645.0,1500.0,0.0,0.0,1.0,0.0,3.0,0.0,0,0,3,0,3,3
74KYSA,10000.0,1500.0,50.0,10000.0,428.0,475.0,10000.0,1500.0,50.0,10000.0,1400.0,483.0,0.0,0.0,1.0,0.0,1.0,2.0,0,1,1,0,3,2
74HGEA,10000.0,10000.0,749.0,1500.0,629.0,1600.0,10000.0,10000.0,874.5,1500.0,648.0,1600.0,0.0,0.0,2.0,0.0,3.0,0.0,0,0,2,1,3,2
42RTUF,29.0,1300.0,573.0,535.0,157.0,379.0,1000.0,1600.0,582.0,1700.0,200.0,387.0,3.0,0.0,3.0,1.0,3.0,3.0,3,3,3,3,3,3
5B5SD7,1000.0,1400.0,1600.0,10000.0,1600.0,1300.0,1000.0,1400.0,1600.0,10000.0,1900.0,1600.0,1.0,0.0,0.0,0.0,0.0,0.0,1,1,2,0,3,2
7E7UVA,1000.0,1400.0,1600.0,10000.0,1600.0,1300.0,1000.0,1400.0,1600.0,10000.0,1900.0,1600.0,1.0,0.0,0.0,0.0,0.0,0.0,1,1,2,0,3,2
UK8GDS,506.0,296.0,492.0,835.0,167.0,398.0,621.0,338.0,582.0,851.0,375.0,425.0,3.0,3.0,3.0,2.0,3.0,3.0,3,3,3,3,3,3
3DV8AQ,10000.0,10000.0,10000.0,10000.0,1500.0,10000.0,10000.0,10000.0,10000.0,10000.0,1750.0,10000.0,0.0,0.0,0.0,0.0,0.0,0.0,0,0,0,0,2,0
6AXV68,10000.0,10000.0,10000.0,10000.0,1500.0,10000.0,10000.0,10000.0,10000.0,10000.0,1750.0,10000.0,0.0,0.0,0.0,0.0,0.0,0.0,0,0,0,0,2,0
17NQF6,1300.0,10000.0,1500.0,1400.0,398.0,927.0,1300.0,10000.0,1500.0,1400.0,401.0,984.0,0.0,0.0,0.0,0.0,3.0,3.0,1,0,3,3,3,3
JN4PY0,1300.0,10000.0,1500.0,1400.0,389.0,917.0,1300.0,10000.0,1600.0,1400.0,395.0,997.0,0.0,0.0,0.0,0.0,3.0,3.0,1,0,3,3,3,3
DW32YH,10000.0,2000.0,1400.0,10000.0,1400.0,2000.0,10000.0,2000.0,1400.0,10000.0,1400.0,2000.0,0.0,0.0,0.0,0.0,0.0,0.0,0,2,1,0,3,1
7E19MA,683.0,686.0,834.0,643.0,607.0,618.0,1191.5,953.0,1200.0,980.0,613.0,1209.0,1.0,3.0,1.0,2.0,3.0,1.0,2,3,3,3,3,2
5BVK27,10000.0,1500.0,195.0,10000.0,831.0,1800.0,10000.0,1500.0,1100.0,10000.0,892.0,1800.0,0.0,0.0,1.0,0.0,3.0,0.0,0,1,3,0,3,1
5BMAG7,10000.0,1500.0,1600.0,1700.0,482.0,10000.0,10000.0,1500.0,1750.0,1850.0,1400.0,10000.0,0.0,0.0,0.0,0.0,1.0,0.0,0,1,2,2,3,0
4G54SF,10000.0,10000.0,1200.0,10000.0,241.0,10000.0,10000.0,10000.0,1200.0,10000.0,1300.0,10000.0,0.0,0.0,0.0,0.0,1.0,0.0,0,0,1,0,3,0
1791R6,10000.0,10000.0,1200.0,10000.0,370.0,10000.0,10000.0,10000.0,1200.0,10000.0,1300.0,10000.0,0.0,0.0,0.0,0.0,1.0,0.0,0,0,1,0,3,0
YF1YED,10000.0,10000.0,1200.0,10000.0,374.0,10000.0,10000.0,10000.0,1200.0,10000.0,1300.0,10000.0,0.0,0.0,0.0,0.0,1.0,0.0,0,0,1,0,3,0
3D2DPQ,1300.0,1400.0,1600.0,10000.0,1600.0,1200.0,1550.0,1400.0,1650.0,10000.0,1600.0,1300.0,0.0,0.0,0.0,0.0,0.0,0.0,2,1,2,0,3,2
26ENXZ,1900.0,482.0,773.0,10000.0,1200.0,429.0,1900.0,482.0,1336.5,10000.0,1300.0,1164.5,0.0,1.0,1.0,0.0,0.0,1.0,1,1,2,0,3,2
A4220Y,10000.0,10000.0,724.0,10000.0,734.0,10000.0,10000.0,10000.0,1212.0,10000.0,801.0,10000.0,0.0,0.0,1.0,0.0,3.0,0.0,0,0,2,0,3,0
C0MMEB,10000.0,10000.0,10000.0,10000.0,2000.0,10000.0,10000.0,10000.0,10000.0,10000.0,2000.0,10000.0,0.0,0.0,0.0,0.0,0.0,0.0,0,0,0,0,1,0
UK0RWS,1100.0,612.0,245.0,209.0,153.0,823.0,1100.0,672.0,604.0,377.0,360.0,946.0,0.0,3.0,3.0,3.0,3.0,2.0,3,3,3,3,3,3
JNU360,338.0,857.0,1600.0,1200.0,900.0,1600.0,1019.0,1900.0,1800.0,1300.0,1200.0,1600.0,1.0,1.0,0.0,0.0,1.0,0.0,2,3,3,3,3,3
3DR43Q,10000.0,10000.0,10000.0,10000.0,972.0,958.0,10000.0,10000.0,10000.0,10000.0,1100.0,1229.0,0.0,0.0,0.0,0.0,1.0,1.0,0,0,0,0,3,2
KJN60C,10000.0,1800.0,1400.0,1900.0,510.0,10000.0,10000.0,1800.0,1400.0,1900.0,1300.0,10000.0,0.0,0.0,0.0,0.0,1.0,0.0,0,1,1,1,3,0
PV53SG,10000.0,10000.0,10000.0,10000.0,632.0,10000.0,10000.0,10000.0,10000.0,10000.0,1200.0,10000.0,0.0,0.0,0.0,0.0,1.0,0.0,0,0,0,0,3,0
5BR567,10000.0,10000.0,192.0,2000.0,115.0,10000.0,10000.0,10000.0,746.0,2000.0,334.0,10000.0,0.0,0.0,1.0,0.0,3.0,0.0,0,0,2,1,3,0
A40UUY,1800.0,1900.0,1200.0,940.0,970.0,1100.0,1800.0,1900.0,1900.0,1420.0,1500.0,1100.0,0.0,0.0,0.0,1.0,1.0,0.0,1,3,3,2,3,2
7ERXHA,1200.0,10000.0,1000.0,1900.0,951.0,1300.0,1450.0,10000.0,1000.0,1900.0,952.0,1500.0,0.0,0.0,1.0,0.0,3.0,0.0,2,0,1,1,3,3
3DY6XQ,10000.0,1700.0,1700.0,10000.0,10000.0,10000.0,10000.0,1700.0,1700.0,10000.0,10000.0,10000.0,0.0,0.0,0.0,0.0,0.0,0.0,0,1,1,0,0,0
5BKRW7,1800.0,1400.0,586.0,1900.0,610.0,1700.0,1800.0,1400.0,1000.0,1900.0,646.0,1700.0,0.0,0.0,2.0,0.0,3.0,0.0,1,1,3,1,3,1
QH723U,10000.0,10000.0,10000.0,10000.0,949.0,10000.0,10000.0,10000.0,10000.0,10000.0,949.0,10000.0,0.0,0.0,0.0,0.0,1.0,0.0,0,0,0,0,1,0
6A3Z98,10000.0,543.0,925.0,1600.0,1200.0,280.0,10000.0,1700.0,925.0,1600.0,1200.0,990.0,0.0,1.0,1.0,0.0,0.0,1.0,0,3,1,1,3,2
7B5MMA,10000.0,10000.0,10000.0,10000.0,239.0,10000.0,10000.0,10000.0,10000.0,10000.0,239.0,10000.0,0.0,0.0,0.0,0.0,1.0,0.0,0,0,0,0,1,0
SKUNP5,10000.0,10000.0,10000.0,10000.0,239.0,10000.0,10000.0,10000.0,10000.0,10000.0,239.0,10000.0,0.0,0.0,0.0,0.0,1.0,0.0,0,0,0,0,1,0
W2FAXR,10000.0,10000.0,10000.0,10000.0,239.0,10000.0,10000.0,10000.0,10000.0,10000.0,239.0,10000.0,0.0,0.0,0.0,0.0,1.0,0.0,0,0,0,0,1,0
DFY28H,985.0,685.0,776.0,844.0,222.0,1000.0,1292.5,688.0,1000.0,983.0,247.0,1250.0,1.0,3.0,2.0,2.0,3.0,1.0,2,3,3,3,3,2
DF73CH,10000.0,10000.0,157.0,1900.0,261.0,10000.0,10000.0,10000.0,157.0,1900.0,434.0,10000.0,0.0,0.0,1.0,0.0,3.0,0.0,0,0,1,1,3,0
W2B7VR,52.0,805.0,792.0,1000.0,349.0,1900.0,52.0,976.0,1500.0,1300.0,433.0,1900.0,1.0,3.0,1.0,1.0,3.0,0.0,1,3,3,2,3,1
8APCE3,1700.0,793.0,1200.0,10000.0,393.0,10000.0,1700.0,1000.0,1200.0,10000.0,636.0,10000.0,0.0,2.0,0.0,0.0,2.0,0.0,1,3,1,0,3,0
9XDYYP,10000.0,10000.0,10000.0,10000.0,789.0,10000.0,10000.0,10000.0,10000.0,10000.0,1800.0,10000.0,0.0,0.0,0.0,0.0,1.0,0.0,0,0,0,0,3,0
UH2D9S,10000.0,10000.0,606.0,10000.0,259.0,10000.0,10000.0,10000.0,803.0,10000.0,272.0,10000.0,0.0,0.0,2.0,0.0,3.0,0.0,0,0,2,0,3,0
QD06NU,445.0,34.0,59.0,1100.0,516.0,259.0,445.0,1200.0,59.0,1100.0,551.0,259.0,1.0,1.0,1.0,0.0,3.0,1.0,1,3,1,3,3,1
8AR2X3,10000.0,1200.0,10000.0,1700.0,126.0,10000.0,10000.0,1200.0,10000.0,1700.0,213.0,10000.0,0.0,0.0,0.0,0.0,3.0,0.0,0,1,0,1,3,0
QDR8VU,10000.0,10000.0,567.0,1600.0,487.0,1600.0,10000.0,10000.0,933.5,1600.0,672.0,1650.0,0.0,0.0,1.0,0.0,3.0,0.0,0,0,2,1,3,2
GV6EP2,2000.0,1900.0,1300.0,752.0,1200.0,883.0,2000.0,1900.0,1800.0,1226.0,1600.0,884.5,0.0,0.0,0.0,1.0,0.0,2.0,1,3,3,2,3,2
CJ93TB,881.0,1200.0,619.0,1500.0,355.0,1200.0,1100.0,1200.0,768.0,1650.0,454.0,1200.0,1.0,0.0,2.0,0.0,3.0,0.0,3,3,3,2,3,1
7BEDNA,10000.0,10000.0,369.0,10000.0,408.0,10000.0,10000.0,10000.0,1084.5,10000.0,692.0,10000.0,0.0,0.0,1.0,0.0,3.0,0.0,0,0,2,0,3,0
21MCVZ,10000.0,1800.0,10000.0,816.0,295.0,10000.0,10000.0,1800.0,10000.0,816.0,1900.0,10000.0,0.0,0.0,0.0,1.0,1.0,0.0,0,1,0,1,3,0
4P0QYF,910.0,1600.0,443.0,10000.0,317.0,10000.0,910.0,1600.0,443.0,10000.0,522.0,10000.0,1.0,0.0,1.0,0.0,2.0,0.0,1,1,1,0,3,0
JZJZ50,10000.0,10000.0,1600.0,10000.0,1500.0,10000.0,10000.0,10000.0,1600.0,10000.0,1650.0,10000.0,0.0,0.0,0.0,0.0,0.0,0.0,0,0,1,0,2,0
0TJJQ9,760.0,2000.0,277.0,1100.0,510.0,593.0,1280.0,2000.0,1200.0,1400.0,510.0,937.0,1.0,0.0,1.0,0.0,3.0,2.0,2,1,3,3,3,3
49B2UF,10000.0,10000.0,624.0,10000.0,449.0,10000.0,10000.0,10000.0,962.0,10000.0,495.0,10000.0,0.0,0.0,1.0,0.0,3.0,0.0,0,0,2,0,3,0
1SM546,10000.0,1800.0,1600.0,10000.0,451.0,10000.0,10000.0,1800.0,1700.0,10000.0,1100.0,10000.0,0.0,0.0,0.0,0.0,1.0,0.0,0,1,2,0,3,0
WGBTFR,10000.0,10000.0,10000.0,10000.0,260.0,10000.0,10000.0,10000.0,10000.0,10000.0,260.0,10000.0,0.0,0.0,0.0,0.0,1.0,0.0,0,0,0,0,1,0
UDVJ2S,1700.0,840.0,1900.0,624.0,187.0,10000.0,1700.0,1070.0,1900.0,1700.0,348.0,10000.0,0.0,1.0,0.0,1.0,3.0,0.0,1,2,1,3,3,0
9NH0RP,814.0,10000.0,1900.0,10000.0,1700.0,10000.0,814.0,10000.0,1900.0,10000.0,1700.0,10000.0,1.0,0.0,0.0,0.0,0.0,0.0,1,0,1,0,1,0
UDP9FS,10000.0,1000.0,10000.0,10000.0,352.0,10000.0,10000.0,1000.0,10000.0,10000.0,1600.0,10000.0,0.0,1.0,0.0,0.0,1.0,0.0,0,1,0,0,3,0
R2UXFJ,10000.0,10000.0,10000.0,10000.0,444.0,10000.0,10000.0,10000.0,10000.0,10000.0,772.0,10000.0,0.0,0.0,0.0,0.0,1.0,0.0,0,0,0,0,2,0
KWNPYC,1400.0,10000.0,10000.0,10000.0,1700.0,10000.0,1400.0,10000.0,10000.0,10000.0,1700.0,10000.0,0.0,0.0,0.0,0.0,0.0,0.0,1,0,0,0,1,0
87EEG3,1200.0,10000.0,859.0,10000.0,1400.0,10000.0,1200.0,10000.0,859.0,10000.0,1550.0,10000.0,0.0,0.0,1.0,0.0,0.0,0.0,1,0,1,0,2,0
D4PYQH,10000.0,1700.0,10000.0,10000.0,1500.0,10000.0,10000.0,1700.0,10000.0,10000.0,1800.0,10000.0,0.0,0.0,0.0,0.0,0.0,0.0,0,1,0,0,3,0
QYC0PU,1000.0,1500.0,1400.0,786.0,525.0,1500.0,1050.0,1500.0,1500.0,907.0,815.0,1500.0,1.0,0.0,0.0,2.0,3.0,0.0,2,1,3,3,3,1
7CBJHA,10000.0,10000.0,1800.0,2000.0,439.0,10000.0,10000.0,10000.0,1850.0,2000.0,922.0,10000.0,0.0,0.0,0.0,0.0,2.0,0.0,0,0,2,1,3,0
QYDS9U,1300.0,1100.0,1400.0,10000.0,1800.0,1100.0,1300.0,1100.0,1600.0,10000.0,1900.0,1450.0,0.0,0.0,0.0,0.0,0.0,0.0,1,1,2,0,3,2
QYA21U,10000.0,10000.0,1800.0,597.0,360.0,10000.0,10000.0,10000.0,1800.0,597.0,1500.0,10000.0,0.0,0.0,0.0,1.0,1.0,0.0,0,0,1,1,3,0
7CD69A,10000.0,10000.0,1900.0,10000.0,746.0,10000.0,10000.0,10000.0,1900.0,10000.0,1200.0,10000.0,0.0,0.0,0.0,0.0,1.0,0.0,0,0,1,0,3,0
3AS78Q,10000.0,1600.0,531.0,10000.0,400.0,833.0,10000.0,1750.0,531.0,10000.0,1400.0,839.5,0.0,0.0,1.0,0.0,1.0,2.0,0,2,1,0,3,2
SH73N5,10000.0,10000.0,10000.0,10000.0,1600.0,10000.0,10000.0,10000.0,10000.0,10000.0,1700.0,10000.0,0.0,0.0,0.0,0.0,0.0,0.0,0,0,0,0,2,0
QYS6DU,10000.0,10000.0,10000.0,10000.0,1300.0,10000.0,10000.0,10000.0,10000.0,10000.0,1300.0,10000.0,0.0,0.0,0.0,0.0,0.0,0.0,0,0,0,0,1,0
YEHSMD,710.0,10000.0,1800.0,10000.0,1700.0,10000.0,710.0,10000.0,1800.0,10000.0,1700.0,10000.0,1.0,0.0,0.0,0.0,0.0,0.0,1,0,1,0,1,0
UD56KS,10000.0,10000.0,10000.0,10000.0,683.0,10000.0,10000.0,10000.0,10000.0,10000.0,1341.5,10000.0,0.0,0.0,0.0,0.0,1.0,0.0,0,0,0,0,2,0
PX2W6G,10000.0,10000.0,10000.0,10000.0,825.0,10000.0,10000.0,10000.0,10000.0,10000.0,825.0,10000.0,0.0,0.0,0.0,0.0,1.0,0.0,0,0,0,0,1,0
3AUXGQ,10000.0,10000.0,1000.0,10000.0,1200.0,865.0,10000.0,10000.0,1000.0,10000.0,1700.0,865.5,0.0,0.0,1.0,0.0,0.0,2.0,0,0,1,0,3,2
GMZ4M2,10000.0,1500.0,97.0,10000.0,362.0,514.0,10000.0,1500.0,97.0,10000.0,1400.0,522.0,0.0,0.0,1.0,0.0,1.0,2.0,0,1,1,0,3,2
0ZJ279,10000.0,10000.0,10000.0,10000.0,1900.0,10000.0,10000.0,10000.0,10000.0,10000.0,1900.0,10000.0,0.0,0.0,0.0,0.0,0.0,0.0,0,0,0,0,1,0
EJH1J4,1800.0,1400.0,1300.0,554.0,1000.0,649.0,1800.0,1400.0,1600.0,977.0,1100.0,671.0,0.0,0.0,0.0,1.0,1.0,2.0,1,3,2,2,3,3
7K3M1A,875.0,688.0,1300.0,1300.0,214.0,738.0,875.0,903.0,1300.0,1800.0,395.0,919.0,1.0,2.0,0.0,0.0,3.0,1.0,1,3,1,3,3,2
UYX3PS,10000.0,520.0,1900.0,297.0,157.0,731.0,10000.0,1010.0,1900.0,748.5,424.0,1100.0,0.0,1.0,0.0,1.0,3.0,1.0,0,2,1,2,3,3
PNEJHG,10000.0,10000.0,10000.0,10000.0,237.0,10000.0,10000.0,10000.0,10000.0,10000.0,237.0,10000.0,0.0,0.0,0.0,0.0,1.0,0.0,0,0,0,0,1,0
5HVQC7,10000.0,10000.0,10000.0,10000.0,387.0,10000.0,10000.0,10000.0,10000.0,10000.0,387.0,10000.0,0.0,0.0,0.0,0.0,1.0,0.0,0,0,0,0,1,0
85ZM23,10000.0,10000.0,10000.0,10000.0,705.0,10000.0,10000.0,10000.0,10000.0,10000.0,762.0,10000.0,0.0,0.0,0.0,0.0,2.0,0.0,0,0,0,0,2,0
DEVNCH,10000.0,10000.0,978.0,10000.0,459.0,10000.0,10000.0,10000.0,978.0,10000.0,1100.0,10000.0,0.0,0.0,1.0,0.0,1.0,0.0,0,0,1,0,3,0
DEM8JH,10000.0,10000.0,10000.0,10000.0,728.0,1900.0,10000.0,10000.0,10000.0,10000.0,1700.0,1900.0,0.0,0.0,0.0,0.0,1.0,0.0,0,0,0,0,3,2
QAP92U,10000.0,10000.0,10000.0,10000.0,237.0,10000.0,10000.0,10000.0,10000.0,10000.0,237.0,10000.0,0.0,0.0,0.0,0.0,1.0,0.0,0,0,0,0,1,0
5HG147,10000.0,10000.0,154.0,1800.0,63.0,10000.0,10000.0,10000.0,154.0,1800.0,175.0,10000.0,0.0,0.0,1.0,0.0,3.0,0.0,0,0,1,1,3,0
QA0H4U,400.0,877.0,372.0,946.0,237.0,1300.0,1400.0,889.0,784.0,1073.0,323.0,1300.0,1.0,2.0,2.0,1.0,3.0,0.0,3,3,3,2,3,3
5H0T47,10000.0,1800.0,133.0,2000.0,723.0,10000.0,10000.0,1800.0,1300.0,2000.0,881.0,10000.0,0.0,0.0,1.0,0.0,3.0,0.0,0,1,3,1,3,0
YB9R1D,1900.0,509.0,10000.0,334.0,113.0,674.0,1900.0,904.5,10000.0,817.0,480.0,1200.0,0.0,1.0,0.0,1.0,3.0,1.0,1,2,0,2,3,3
2MSMSZ,10000.0,10000.0,833.0,10000.0,859.0,10000.0,10000.0,10000.0,833.0,10000.0,916.0,10000.0,0.0,0.0,1.0,0.0,2.0,0.0,0,0,1,0,3,0
DE93XH,10000.0,10000.0,1200.0,1100.0,1100.0,1100.0,10000.0,10000.0,1500.0,1400.0,1300.0,1150.0,0.0,0.0,0.0,0.0,0.0,0.0,0,0,2,2,3,2
5HWXR7,10000.0,10000.0,10000.0,1700.0,10000.0,10000.0,10000.0,10000.0,10000.0,1700.0,10000.0,10000.0,0.0,0.0,0.0,0.0,0.0,0.0,0,0,0,1,0,0
KFG8PC,10000.0,10000.0,10000.0,10000.0,1900.0,10000.0,10000.0,10000.0,10000.0,10000.0,1900.0,10000.0,0.0,0.0,0.0,0.0,0.0,0.0,0,0,0,0,1,0
UY4KVS,1700.0,10000.0,806.0,10000.0,623.0,10000.0,1700.0,10000.0,806.0,10000.0,1061.5,10000.0,0.0,0.0,1.0,0.0,1.0,0.0,1,0,1,0,2,0
PN3ZMG,10000.0,10000.0,579.0,1600.0,501.0,1600.0,10000.0,10000.0,989.5,1600.0,715.0,1650.0,0.0,0.0,1.0,0.0,3.0,0.0,0,0,2,1,3,2
EJZ5K4,475.0,1500.0,1400.0,10000.0,276.0,1100.0,475.0,1500.0,1700.0,10000.0,692.0,1200.0,1.0,0.0,0.0,0.0,3.0,0.0,1,1,2,0,3,3
ACWECY,10000.0,1300.0,1500.0,1700.0,688.0,10000.0,10000.0,1300.0,1550.0,1700.0,830.0,10000.0,0.0,0.0,0.0,0.0,2.0,0.0,0,1,2,2,3,0
SDB415,10000.0,10000.0,1700.0,10000.0,1600.0,10000.0,10000.0,10000.0,1700.0,10000.0,1750.0,10000.0,0.0,0.0,0.0,0.0,0.0,0.0,0,0,1,0,2,0
5HE4Y7,1700.0,10000.0,660.0,543.0,339.0,708.0,1800.0,10000.0,794.0,958.0,442.0,1100.0,0.0,0.0,3.0,3.0,3.0,1.0,2,0,3,3,3,3
2M693Z,10000.0,1200.0,1500.0,1600.0,774.0,10000.0,10000.0,1200.0,1500.0,1600.0,797.0,10000.0,0.0,0.0,0.0,0.0,2.0,0.0,0,1,2,2,3,0
DEW36H,1900.0,1200.0,567.0,10000.0,468.0,1500.0,1900.0,1200.0,824.0,10000.0,529.0,1500.0,0.0,0.0,2.0,0.0,3.0,0.0,1,1,3,0,3,1
9TMYJP,1700.0,10000.0,10000.0,10000.0,1600.0,10000.0,1700.0,10000.0,10000.0,10000.0,1600.0,10000.0,0.0,0.0,0.0,0.0,0.0,0.0,1,0,0,0,1,0
WPZSER,1500.0,990.0,1200.0,10000.0,403.0,1700.0,1500.0,990.0,1350.0,10000.0,446.0,1700.0,0.0,1.0,0.0,0.0,3.0,0.0,1,1,2,0,3,2
9TMMAP,10000.0,1200.0,965.0,10000.0,374.0,10000.0,10000.0,1200.0,965.0,10000.0,423.0,10000.0,0.0,0.0,1.0,0.0,3.0,0.0,0,1,1,0,3,0
6SA5Z8,10000.0,10000.0,10000.0,10000.0,304.0,10000.0,10000.0,10000.0,10000.0,10000.0,952.0,10000.0,0.0,0.0,0.0,0.0,1.0,0.0,0,0,0,0,2,0
7KB32A,10000.0,152.0,1400.0,10000.0,444.0,1800.0,10000.0,676.0,1400.0,10000.0,476.0,1800.0,0.0,1.0,0.0,0.0,3.0,0.0,0,2,1,0,3,2
RGZKDJ,1800.0,228.0,1600.0,10000.0,293.0,10000.0,1800.0,864.0,1700.0,10000.0,324.0,10000.0,0.0,1.0,0.0,0.0,3.0,0.0,1,2,2,0,3,0
0ZNVS9,1500.0,898.0,1200.0,10000.0,347.0,1800.0,1500.0,898.0,1350.0,10000.0,496.0,1800.0,0.0,1.0,0.0,0.0,3.0,0.0,1,1,2,0,3,2
7KBDTA,10000.0,10000.0,10000.0,10000.0,1300.0,10000.0,10000.0,10000.0,10000.0,10000.0,1300.0,10000.0,0.0,0.0,0.0,0.0,0.0,0.0,0,0,0,0,1,0
7KCTWA,10000.0,10000.0,10000.0,10000.0,944.0,10000.0,10000.0,10000.0,10000.0,10000.0,944.0,10000.0,0.0,0.0,0.0,0.0,1.0,0.0,0,0,0,0,1,0
1US576,669.0,670.0,298.0,893.0,160.0,644.0,669.0,692.0,1500.0,1100.0,171.0,897.0,1.0,2.0,1.0,1.0,3.0,3.0,1,3,3,3,3,3
DEEE4H,10000.0,10000.0,10000.0,734.0,10000.0,10000.0,10000.0,10000.0,10000.0,734.0,10000.0,10000.0,0.0,0.0,0.0,1.0,0.0,0.0,0,0,0,1,0,0
2MMNHZ,10000.0,10000.0,10000.0,10000.0,1700.0,10000.0,10000.0,10000.0,10000.0,10000.0,1700.0,10000.0,0.0,0.0,0.0,0.0,0.0,0.0,0,0,0,0,1,0
ACCDCY,10000.0,10000.0,10000.0,10000.0,1700.0,10000.0,10000.0,10000.0,10000.0,10000.0,1700.0,10000.0,0.0,0.0,0.0,0.0,0.0,0.0,0,0,0,0,1,0
PNTJ1G,1700.0,10000.0,10000.0,10000.0,1600.0,10000.0,1700.0,10000.0,10000.0,10000.0,1600.0,10000.0,0.0,0.0,0.0,0.0,0.0,0.0,1,0,0,0,1,0
7KH6JA,10000.0,10000.0,10000.0,1800.0,10000.0,10000.0,10000.0,10000.0,10000.0,1800.0,10000.0,10000.0,0.0,0.0,0.0,0.0,0.0,0.0,0,0,0,1,0,0
SDYXF5,10000.0,10000.0,10000.0,10000.0,888.0,10000.0,10000.0,10000.0,10000.0,10000.0,888.0,10000.0,0.0,0.0,0.0,0.0,1.0,0.0,0,0,0,0,1,0
J2GDW0,10000.0,10000.0,10000.0,10000.0,312.0,10000.0,10000.0,10000.0,10000.0,10000.0,312.0,10000.0,0.0,0.0,0.0,0.0,1.0,0.0,0,0,0,0,1,0
EJRSW4,10000.0,10000.0,863.0,10000.0,978.0,10000.0,10000.0,10000.0,863.0,10000.0,1000.0,10000.0,0.0,0.0,1.0,0.0,2.0,0.0,0,0,1,0,3,0
J2GG10,854.0,10000.0,1700.0,10000.0,1500.0,10000.0,854.0,10000.0,1700.0,10000.0,1500.0,10000.0,1.0,0.0,0.0,0.0,0.0,0.0,1,0,1,0,1,0
SDYAV5,1800.0,10000.0,1100.0,10000.0,996.0,10000.0,1800.0,10000.0,1100.0,10000.0,1298.0,10000.0,0.0,0.0,0.0,0.0,1.0,0.0,1,0,1,0,2,0
J2PDR0,10000.0,1800.0,10000.0,10000.0,1400.0,10000.0,10000.0,1800.0,10000.0,10000.0,1800.0,10000.0,0.0,0.0,0.0,0.0,0.0,0.0,0,1,0,0,3,0
UY7ZQS,1900.0,182.0,1700.0,10000.0,375.0,10000.0,1900.0,791.0,1800.0,10000.0,431.0,10000.0,0.0,1.0,0.0,0.0,3.0,0.0,1,2,2,0,3,0
ACHN3Y,305.0,1100.0,59.0,463.0,223.0,775.0,702.5,1150.0,779.5,903.0,273.0,779.0,1.0,0.0,1.0,2.0,3.0,3.0,2,2,2,3,3,3
UY56XS,874.0,10000.0,1700.0,10000.0,1500.0,10000.0,874.0,10000.0,1700.0,10000.0,1500.0,10000.0,1.0,0.0,0.0,0.0,0.0,0.0,1,0,1,0,1,0
85Q2K3,1900.0,206.0,1700.0,10000.0,367.0,10000.0,1900.0,803.0,1800.0,10000.0,449.0,10000.0,0.0,1.0,0.0,0.0,3.0,0.0,1,2,2,0,3,0
GXZ3E2,2000.0,10000.0,10000.0,1500.0,1800.0,10000.0,2000.0,10000.0,10000.0,1500.0,1800.0,10000.0,0.0,0.0,0.0,0.0,0.0,0.0,1,0,0,1,1,0
0ZPVD9,10000.0,10000.0,279.0,10000.0,582.0,10000.0,10000.0,10000.0,279.0,10000.0,613.0,10000.0,0.0,0.0,1.0,0.0,3.0,0.0,0,0,1,0,3,0
0ZPMY9,10000.0,10000.0,10000.0,10000.0,1800.0,10000.0,10000.0,10000.0,10000.0,10000.0,1800.0,10000.0,0.0,0.0,0.0,0.0,0.0,0.0,0,0,0,0,1,0
YCYSMD,10000.0,10000.0,10000.0,10000.0,1300.0,10000.0,10000.0,10000.0,10000.0,10000.0,1300.0,10000.0,0.0,0.0,0.0,0.0,0.0,0.0,0,0,0,0,1,0
GNGR62,10000.0,10000.0,10000.0,10000.0,504.0,10000.0,10000.0,10000.0,10000.0,10000.0,504.0,10000.0,0.0,0.0,0.0,0.0,1.0,0.0,0,0,0,0,1,0
5D56Q7,10000.0,10000.0,10000.0,10000.0,1700.0,10000.0,10000.0,10000.0,10000.0,10000.0,1700.0,10000.0,0.0,0.0,0.0,0.0,0.0,0.0,0,0,0,0,1,0
W9WDTR,10000.0,10000.0,10000.0,10000.0,1600.0,10000.0,10000.0,10000.0,10000.0,10000.0,1600.0,10000.0,0.0,0.0,0.0,0.0,0.0,0.0,0,0,0,0,1,0
Q7QH6U,1700.0,402.0,1600.0,10000.0,1400.0,1700.0,1700.0,411.0,1600.0,10000.0,1400.0,1700.0,0.0,2.0,0.0,0.0,0.0,0.0,1,3,1,0,3,1
UAUD7S,10000.0,1800.0,1400.0,1400.0,1100.0,10000.0,10000.0,1900.0,1400.0,1400.0,1200.0,10000.0,0.0,0.0,0.0,0.0,0.0,0.0,0,2,1,1,3,0
2X2MFZ,1600.0,1900.0,546.0,10000.0,1200.0,10000.0,1600.0,1900.0,546.0,10000.0,1200.0,10000.0,0.0,0.0,1.0,0.0,0.0,0.0,1,1,1,0,3,0
6UX658,1800.0,1400.0,759.0,1500.0,89.0,10000.0,1800.0,1400.0,1079.5,1650.0,1000.0,10000.0,0.0,0.0,1.0,0.0,2.0,0.0,1,1,2,2,3,0
2XMQWZ,10000.0,547.0,10000.0,419.0,558.0,10000.0,10000.0,873.5,10000.0,419.0,648.0,10000.0,0.0,1.0,0.0,1.0,3.0,0.0,0,2,0,1,3,0
35U3NQ,596.0,1100.0,537.0,241.0,240.0,508.0,1100.0,1500.0,590.0,860.0,300.0,1500.0,1.0,0.0,3.0,2.0,3.0,1.0,3,3,3,3,3,3
Q5B23U,340.0,1100.0,797.0,965.0,207.0,748.0,832.0,1200.0,848.0,1400.0,403.0,940.0,3.0,0.0,3.0,1.0,3.0,2.0,3,3,3,3,3,3
A51AYX,10000.0,10000.0,482.0,10000.0,10000.0,10000.0,10000.0,10000.0,482.0,10000.0,10000.0,10000.0,0.0,0.0,1.0,0.0,0.0,0.0,0,0,1,0,0,0
U61CS5,10000.0,1400.0,574.0,10000.0,249.0,962.0,10000.0,1550.0,574.0,10000.0,1200.0,969.5,0.0,0.0,1.0,0.0,1.0,2.0,0,2,1,0,3,2
2R47ZN,1200.0,901.0,755.0,1600.0,787.0,1600.0,1500.0,1400.5,977.5,1700.0,811.0,1700.0,0.0,1.0,1.0,0.0,2.0,0.0,2,2,2,3,3,3
WTSNMR,10000.0,10000.0,10000.0,10000.0,772.0,1500.0,10000.0,10000.0,10000.0,10000.0,1300.0,1500.0,0.0,0.0,0.0,0.0,1.0,0.0,0,0,0,0,3,3
742P6A,1400.0,753.0,1400.0,10000.0,252.0,10000.0,1400.0,1326.5,1400.0,10000.0,649.0,10000.0,0.0,1.0,0.0,0.0,3.0,0.0,1,2,1,0,3,0
1A4K56,10000.0,595.0,1700.0,993.0,1300.0,10000.0,10000.0,595.0,1700.0,1096.5,1300.0,10000.0,0.0,1.0,0.0,1.0,0.0,0.0,0,1,3,2,3,0
RNQVPJ,10000.0,10000.0,10000.0,10000.0,1200.0,10000.0,10000.0,10000.0,10000.0,10000.0,1200.0,10000.0,0.0,0.0,0.0,0.0,0.0,0.0,0,0,0,0,1,0
G6S9T2,1500.0,10000.0,1300.0,1700.0,688.0,1400.0,1500.0,10000.0,1700.0,1700.0,745.0,1550.0,0.0,0.0,0.0,0.0,2.0,0.0,1,0,3,1,3,2
6YBTK8,1300.0,911.0,802.0,1800.0,42.0,190.0,1550.0,1405.5,1000.0,1800.0,331.0,437.0,0.0,1.0,2.0,0.0,3.0,3.0,2,2,3,3,3,3
6YCS18,10000.0,10000.0,10000.0,10000.0,1500.0,10000.0,10000.0,10000.0,10000.0,10000.0,1500.0,10000.0,0.0,0.0,0.0,0.0,0.0,0.0,0,0,0,0,1,0
C9ZWAB,1800.0,392.0,1400.0,10000.0,29.0,1800.0,1800.0,1046.0,1500.0,10000.0,404.0,1800.0,0.0,1.0,0.0,0.0,3.0,0.0,1,2,2,0,3,2
3HBX0Q,10000.0,1900.0,10000.0,1800.0,1600.0,10000.0,10000.0,1900.0,10000.0,1800.0,1700.0,10000.0,0.0,0.0,0.0,0.0,0.0,0.0,0,1,0,1,3,0
EG21D4,10000.0,1600.0,638.0,10000.0,569.0,10000.0,10000.0,1650.0,638.0,10000.0,580.0,10000.0,0.0,0.0,1.0,0.0,3.0,0.0,0,2,1,0,3,0
6YYXR8,1800.0,10000.0,1000.0,2000.0,844.0,1500.0,1800.0,10000.0,1700.0,2000.0,859.0,1550.0,0.0,0.0,1.0,0.0,2.0,0.0,1,0,3,1,3,2
QKDB9U,485.0,983.0,1600.0,1200.0,820.0,1700.0,1042.5,1800.0,1800.0,1300.0,1000.0,1700.0,1.0,1.0,0.0,0.0,2.0,0.0,2,3,3,3,3,3
C9RHAB,1200.0,96.0,450.0,1300.0,189.0,1400.0,1400.0,101.0,1300.0,1300.0,212.0,1500.0,0.0,3.0,1.0,0.0,3.0,0.0,2,3,3,3,3,2
6Y5N08,10000.0,10000.0,220.0,1300.0,74.0,10000.0,10000.0,10000.0,220.0,1500.0,167.0,10000.0,0.0,0.0,1.0,0.0,3.0,0.0,0,0,1,2,3,0
8D7DN3,10000.0,10000.0,474.0,10000.0,695.0,558.0,10000.0,10000.0,482.0,10000.0,1000.0,1300.0,0.0,0.0,3.0,0.0,2.0,1.0,0,0,3,0,3,3
6YS1Z8,1300.0,10000.0,1500.0,1600.0,659.0,1400.0,1300.0,10000.0,1600.0,1600.0,736.0,1600.0,0.0,0.0,0.0,0.0,2.0,0.0,1,0,3,1,3,2
DREUYH,1900.0,10000.0,962.0,1200.0,931.0,1300.0,1900.0,10000.0,1700.0,1200.0,1300.0,1300.0,0.0,0.0,1.0,0.0,1.0,0.0,1,0,3,1,3,2
K047AC,1900.0,873.0,10000.0,955.0,433.0,976.0,1900.0,1136.5,10000.0,1000.0,474.0,976.5,0.0,1.0,0.0,2.0,3.0,2.0,1,2,0,3,3,2
WT9AZR,10000.0,10000.0,454.0,789.0,585.0,909.0,10000.0,10000.0,454.0,1300.0,961.0,909.0,0.0,0.0,1.0,1.0,2.0,1.0,0,0,1,3,3,1
SB78N5,10000.0,10000.0,978.0,10000.0,875.0,1200.0,10000.0,10000.0,978.0,10000.0,875.0,1200.0,0.0,0.0,1.0,0.0,1.0,0.0,0,0,1,0,1,1
A4UAPY,10000.0,10000.0,10000.0,10000.0,1500.0,10000.0,10000.0,10000.0,10000.0,10000.0,1500.0,10000.0,0.0,0.0,0.0,0.0,0.0,0.0,0,0,0,0,1,0
QH131U,10000.0,10000.0,10000.0,10000.0,1500.0,10000.0,10000.0,10000.0,10000.0,10000.0,1500.0,10000.0,0.0,0.0,0.0,0.0,0.0,0.0,0,0,0,0,1,0
4GKEVF,10000.0,10000.0,10000.0,10000.0,1500.0,10000.0,10000.0,10000.0,10000.0,10000.0,1500.0,10000.0,0.0,0.0,0.0,0.0,0.0,0.0,0,0,0,0,1,0
KJAHRC,10000.0,10000.0,10000.0,10000.0,1500.0,10000.0,10000.0,10000.0,10000.0,10000.0,1500.0,10000.0,0.0,0.0,0.0,0.0,0.0,0.0,0,0,0,0,1,0
DW5BTH,1600.0,862.0,540.0,1800.0,22.0,1100.0,1600.0,862.0,820.0,1800.0,88.0,1100.0,0.0,1.0,1.0,0.0,3.0,0.0,1,1,2,1,3,1
UK6ACS,1600.0,870.0,531.0,1900.0,47.0,1200.0,1600.0,870.0,765.5,1900.0,56.0,1200.0,0.0,1.0,2.0,0.0,3.0,0.0,1,1,2,1,3,1
QH15QU,1600.0,889.0,540.0,1900.0,50.0,1200.0,1600.0,889.0,770.0,1900.0,90.0,1200.0,0.0,1.0,2.0,0.0,3.0,0.0,1,1,2,1,3,1
5B3YJ7,1700.0,10000.0,431.0,453.0,247.0,524.0,1700.0,10000.0,1400.0,898.0,548.0,1100.0,0.0,0.0,1.0,3.0,3.0,1.0,1,0,3,3,3,3
WZDAUR,384.0,2000.0,116.0,1200.0,264.0,108.0,475.0,2000.0,1100.0,1300.0,270.0,340.0,3.0,0.0,1.0,0.0,3.0,3.0,3,1,3,3,3,3
EP7VZ4,10000.0,10000.0,10000.0,10000.0,849.0,1500.0,10000.0,10000.0,10000.0,10000.0,1500.0,1600.0,0.0,0.0,0.0,0.0,1.0,0.0,0,0,0,0,3,3
3DT4PQ,785.0,1600.0,483.0,252.0,302.0,1300.0,785.0,1600.0,1300.0,318.0,555.0,1400.0,1.0,0.0,1.0,3.0,3.0,0.0,1,3,3,3,3,3
G14MP2,10000.0,10000.0,10000.0,10000.0,1500.0,10000.0,10000.0,10000.0,10000.0,10000.0,1500.0,10000.0,0.0,0.0,0.0,0.0,0.0,0.0,0,0,0,0,1,0
179DM6,10000.0,755.0,10000.0,1300.0,223.0,10000.0,10000.0,1277.5,10000.0,1300.0,235.0,10000.0,0.0,1.0,0.0,0.0,3.0,0.0,0,2,0,1,3,0
QHG3NU,10000.0,10000.0,10000.0,10000.0,947.0,1900.0,10000.0,10000.0,10000.0,10000.0,1300.0,1900.0,0.0,0.0,0.0,0.0,1.0,0.0,0,0,0,0,3,2
KJV2DC,10000.0,10000.0,700.0,10000.0,398.0,10000.0,10000.0,10000.0,700.0,10000.0,648.0,10000.0,0.0,0.0,1.0,0.0,2.0,0.0,0,0,1,0,3,0
174EA6,211.0,316.0,267.0,553.0,184.0,116.0,255.0,556.0,294.0,933.0,364.0,175.0,3.0,3.0,3.0,3.0,3.0,3.0,3,3,3,3,3,3
A42PRY,1300.0,10000.0,1200.0,1700.0,316.0,1500.0,1400.0,10000.0,1200.0,1750.0,1300.0,1650.0,0.0,0.0,0.0,0.0,1.0,0.0,2,0,1,2,3,2
5BP0Y7,1500.0,1600.0,504.0,698.0,405.0,555.0,1600.0,1700.0,864.0,1300.0,422.0,743.0,0.0,0.0,3.0,1.0,3.0,3.0,3,3,3,3,3,3
JNU1M0,10000.0,1600.0,1800.0,2000.0,10000.0,10000.0,10000.0,1600.0,1800.0,2000.0,10000.0,10000.0,0.0,0.0,0.0,0.0,0.0,0.0,0,1,1,1,0,0
SC0XA5,1200.0,1800.0,879.0,1700.0,92.0,172.0,1550.0,1800.0,1100.0,1700.0,304.0,189.0,0.0,0.0,1.0,0.0,3.0,2.0,2,1,3,2,3,3
JNQSU0,516.0,453.0,10000.0,1000.0,593.0,10000.0,516.0,457.0,10000.0,1600.0,697.0,10000.0,1.0,3.0,0.0,1.0,3.0,0.0,1,3,0,3,3,0
4G18MF,326.0,401.0,449.0,1000.0,295.0,346.0,622.0,410.0,733.0,1000.0,323.0,369.0,3.0,3.0,3.0,3.0,3.0,3.0,3,3,3,3,3,3
YFR30D,10000.0,10000.0,1400.0,10000.0,710.0,10000.0,10000.0,10000.0,1400.0,10000.0,1100.0,10000.0,0.0,0.0,0.0,0.0,1.0,0.0,0,0,1,0,3,0
6A5KU8,1500.0,817.0,525.0,1200.0,212.0,1200.0,1600.0,968.0,996.0,1200.0,733.0,1200.0,0.0,2.0,2.0,0.0,3.0,0.0,3,3,3,1,3,1
RT29GJ,1500.0,947.0,1200.0,10000.0,1600.0,867.0,1500.0,947.0,1200.0,10000.0,1700.0,1383.5,0.0,1.0,0.0,0.0,0.0,1.0,1,1,1,0,3,2
7ECYQA,10000.0,10000.0,1500.0,10000.0,1200.0,1300.0,10000.0,10000.0,1500.0,10000.0,1600.0,1300.0,0.0,0.0,0.0,0.0,0.0,0.0,0,0,1,0,3,2
7EKGCA,952.0,1600.0,372.0,1400.0,165.0,238.0,952.0,1600.0,1300.0,1500.0,256.0,1100.0,1.0,0.0,1.0,0.0,3.0,1.0,1,1,3,3,3,3
A4KMUY,10000.0,10000.0,10000.0,10000.0,124.0,10000.0,10000.0,10000.0,10000.0,10000.0,124.0,10000.0,0.0,0.0,0.0,0.0,1.0,0.0,0,0,0,0,1,0
WZJHMR,837.0,448.0,1100.0,210.0,716.0,166.0,1318.5,679.0,1200.0,1500.0,730.0,833.0,1.0,3.0,0.0,1.0,3.0,1.0,2,3,3,3,3,2
QD3SRU,10000.0,10000.0,10000.0,10000.0,1900.0,10000.0,10000.0,10000.0,10000.0,10000.0,1900.0,10000.0,0.0,0.0,0.0,0.0,0.0,0.0,0,0,0,0,1,0
CJHX1B,10000.0,1500.0,2000.0,874.0,224.0,10000.0,10000.0,1500.0,2000.0,874.0,1700.0,10000.0,0.0,0.0,0.0,1.0,1.0,0.0,0,1,1,1,3,0
15NR16,10000.0,10000.0,1100.0,1200.0,863.0,10000.0,10000.0,10000.0,1100.0,1250.0,1000.0,10000.0,0.0,0.0,0.0,0.0,2.0,0.0,0,0,1,2,3,0
E9SYS4,1600.0,10000.0,1300.0,1700.0,632.0,1300.0,1600.0,10000.0,1700.0,1700.0,666.0,1400.0,0.0,0.0,0.0,0.0,3.0,0.0,1,0,3,1,3,2
QDZJDU,10000.0,10000.0,597.0,1500.0,473.0,10000.0,10000.0,10000.0,597.0,1650.0,645.0,10000.0,0.0,0.0,1.0,0.0,3.0,0.0,0,0,1,2,3,0
674T48,1900.0,139.0,1600.0,10000.0,306.0,1900.0,1900.0,769.5,1700.0,10000.0,391.0,1950.0,0.0,1.0,0.0,0.0,3.0,0.0,1,2,2,0,3,2
PM8VSG,10000.0,62.0,1500.0,10000.0,420.0,1900.0,10000.0,681.0,1500.0,10000.0,522.0,1900.0,0.0,1.0,0.0,0.0,3.0,0.0,0,2,1,0,3,2
67DVW8,1400.0,10000.0,1500.0,1300.0,317.0,867.0,1400.0,10000.0,1500.0,1400.0,341.0,936.0,0.0,0.0,0.0,0.0,3.0,2.0,1,0,3,3,3,3
Y4R6WD,10000.0,10000.0,10000.0,10000.0,903.0,1900.0,10000.0,10000.0,10000.0,10000.0,1400.0,1900.0,0.0,0.0,0.0,0.0,1.0,0.0,0,0,0,0,3,2
DFR38H,10000.0,10000.0,10000.0,10000.0,201.0,10000.0,10000.0,10000.0,10000.0,10000.0,201.0,10000.0,0.0,0.0,0.0,0.0,1.0,0.0,0,0,0,0,1,0
7B419A,1300.0,488.0,384.0,628.0,386.0,592.0,1300.0,788.0,595.5,1000.0,475.0,811.0,0.0,2.0,2.0,2.0,3.0,3.0,1,3,2,3,3,3
3YYJHQ,10000.0,10000.0,10000.0,10000.0,1900.0,10000.0,10000.0,10000.0,10000.0,10000.0,1900.0,10000.0,0.0,0.0,0.0,0.0,0.0,0.0,0,0,0,0,1,0
155KB6,10000.0,10000.0,789.0,10000.0,893.0,799.0,10000.0,10000.0,789.0,10000.0,1800.0,802.0,0.0,0.0,1.0,0.0,1.0,2.0,0,0,1,0,3,2
SKKFU5,10000.0,905.0,783.0,10000.0,652.0,1100.0,10000.0,1402.5,1341.5,10000.0,767.0,1100.0,0.0,1.0,1.0,0.0,2.0,0.0,0,2,2,0,3,2
0NZ019,10000.0,10000.0,1400.0,10000.0,1300.0,10000.0,10000.0,10000.0,1400.0,10000.0,1350.0,10000.0,0.0,0.0,0.0,0.0,0.0,0.0,0,0,1,0,2,0
DFEYKH,1400.0,330.0,1100.0,594.0,541.0,277.0,1650.0,395.0,1150.0,1300.0,675.0,1000.0,0.0,3.0,0.0,1.0,3.0,2.0,2,3,2,3,3,3
5K5ZV7,10000.0,10000.0,10000.0,10000.0,1800.0,10000.0,10000.0,10000.0,10000.0,10000.0,1800.0,10000.0,0.0,0.0,0.0,0.0,0.0,0.0,0,0,0,0,1,0
UDUDYS,10000.0,10000.0,240.0,10000.0,375.0,10000.0,10000.0,10000.0,240.0,10000.0,495.0,10000.0,0.0,0.0,1.0,0.0,2.0,0.0,0,0,1,0,2,0
GM9V42,531.0,1800.0,766.0,1100.0,424.0,755.0,604.0,1800.0,800.0,1400.0,477.0,768.0,3.0,0.0,3.0,0.0,3.0,3.0,3,1,3,3,3,3
5K31A7,1500.0,1200.0,1200.0,455.0,745.0,1300.0,1500.0,1200.0,1500.0,492.0,794.0,1500.0,0.0,0.0,0.0,3.0,3.0,0.0,1,1,2,3,3,2
1SNY06,10000.0,10000.0,463.0,10000.0,404.0,10000.0,10000.0,10000.0,463.0,10000.0,618.0,10000.0,0.0,0.0,1.0,0.0,2.0,0.0,0,0,1,0,3,0
UD6HBS,1100.0,1400.0,719.0,10000.0,80.0,10000.0,1100.0,1400.0,1309.5,10000.0,359.0,10000.0,0.0,0.0,1.0,0.0,3.0,0.0,1,1,2,0,3,0
GMRPH2,10000.0,10000.0,10000.0,10000.0,1600.0,10000.0,10000.0,10000.0,10000.0,10000.0,1600.0,10000.0,0.0,0.0,0.0,0.0,0.0,0.0,0,0,0,0,1,0
CR79NB,1800.0,10000.0,1600.0,1200.0,939.0,10000.0,1800.0,10000.0,1600.0,1200.0,1200.0,10000.0,0.0,0.0,0.0,0.0,1.0,0.0,1,0,1,2,3,0
65T7F8,10000.0,10000.0,10000.0,10000.0,1600.0,10000.0,10000.0,10000.0,10000.0,10000.0,1600.0,10000.0,0.0,0.0,0.0,0.0,0.0,0.0,0,0,0,0,1,0
D4UBTH,2000.0,1900.0,705.0,446.0,296.0,452.0,2000.0,1950.0,1000.0,520.0,394.0,546.0,0.0,0.0,3.0,3.0,3.0,3.0,1,2,3,3,3,3
AB3DTY,935.0,10000.0,1700.0,10000.0,1500.0,10000.0,935.0,10000.0,1700.0,10000.0,1500.0,10000.0,1.0,0.0,0.0,0.0,0.0,0.0,1,0,1,0,1,0
3ANZMQ,10000.0,10000.0,1800.0,10000.0,1200.0,10000.0,10000.0,10000.0,1800.0,10000.0,1600.0,10000.0,0.0,0.0,0.0,0.0,0.0,0.0,0,0,1,0,3,0
3ATKFQ,1200.0,480.0,703.0,953.0,262.0,1100.0,1300.0,482.0,1200.0,1100.0,334.0,1350.0,0.0,3.0,1.0,1.0,3.0,0.0,2,3,3,3,3,2
9NA7AP,1600.0,494.0,1700.0,10000.0,196.0,10000.0,1600.0,1047.0,1800.0,10000.0,558.0,10000.0,0.0,1.0,0.0,0.0,3.0,0.0,1,2,2,0,3,0
PXYXTG,1500.0,2000.0,10000.0,1100.0,401.0,2000.0,1500.0,2000.0,10000.0,1100.0,509.0,2000.0,0.0,0.0,0.0,0.0,3.0,0.0,1,1,0,3,3,1
9NATNP,10000.0,535.0,1600.0,1100.0,1200.0,175.0,10000.0,962.0,1800.0,1300.0,1300.0,474.0,0.0,2.0,0.0,0.0,0.0,2.0,0,3,2,2,3,3
PXYNZG,10000.0,10000.0,1300.0,10000.0,865.0,10000.0,10000.0,10000.0,1300.0,10000.0,1400.0,10000.0,0.0,0.0,0.0,0.0,1.0,0.0,0,0,1,0,3,0
UDPAQS,10000.0,10000.0,1300.0,10000.0,868.0,10000.0,10000.0,10000.0,1300.0,10000.0,1400.0,10000.0,0.0,0.0,0.0,0.0,1.0,0.0,0,0,1,0,3,0
ABTKUY,10000.0,10000.0,1300.0,10000.0,865.0,10000.0,10000.0,10000.0,1300.0,10000.0,1400.0,10000.0,0.0,0.0,0.0,0.0,1.0,0.0,0,0,1,0,3,0
KWV41C,10000.0,10000.0,1300.0,10000.0,869.0,10000.0,10000.0,10000.0,1300.0,10000.0,1400.0,10000.0,0.0,0.0,0.0,0.0,1.0,0.0,0,0,1,0,3,0
GMDTG2,10000.0,10000.0,1300.0,10000.0,863.0,10000.0,10000.0,10000.0,1300.0,10000.0,1400.0,10000.0,0.0,0.0,0.0,0.0,1.0,0.0,0,0,1,0,3,0
SHGAF5,10000.0,10000.0,1300.0,10000.0,868.0,10000.0,10000.0,10000.0,1300.0,10000.0,1400.0,10000.0,0.0,0.0,0.0,0.0,1.0,0.0,0,0,1,0,3,0
GMY0R2,10000.0,1600.0,720.0,1000.0,787.0,1600.0,10000.0,1600.0,735.0,1250.0,886.0,1600.0,0.0,0.0,2.0,1.0,3.0,0.0,0,1,3,2,3,1
49651F,10000.0,1100.0,873.0,10000.0,1100.0,1400.0,10000.0,1100.0,936.5,10000.0,1100.0,1400.0,0.0,0.0,2.0,0.0,0.0,0.0,0,1,2,0,3,1
SH0CP5,10000.0,1800.0,298.0,10000.0,708.0,177.0,10000.0,1800.0,298.0,10000.0,1700.0,184.5,0.0,0.0,1.0,0.0,1.0,2.0,0,1,1,0,3,2
D4ZFAH,10000.0,1300.0,1200.0,574.0,905.0,10000.0,10000.0,1300.0,1250.0,771.5,1200.0,10000.0,0.0,0.0,0.0,2.0,1.0,0.0,0,1,2,2,3,0
SHR1C5,1100.0,925.0,1200.0,10000.0,405.0,10000.0,1100.0,925.0,1200.0,10000.0,496.0,10000.0,0.0,1.0,0.0,0.0,3.0,0.0,1,1,1,0,3,0
QYF23U,860.0,1400.0,553.0,10000.0,345.0,10000.0,860.0,1400.0,553.0,10000.0,373.0,10000.0,1.0,0.0,1.0,0.0,3.0,0.0,1,1,1,0,3,0
UDWZZS,10000.0,10000.0,10000.0,10000.0,1900.0,10000.0,10000.0,10000.0,10000.0,10000.0,1900.0,10000.0,0.0,0.0,0.0,0.0,0.0,0.0,0,0,0,0,1,0
GMSQS2,369.0,282.0,1500.0,1300.0,492.0,1200.0,546.5,291.0,1700.0,1600.0,595.0,1300.0,2.0,3.0,0.0,0.0,3.0,0.0,2,3,3,2,3,3
SHEPA5,10000.0,1500.0,1600.0,1800.0,567.0,10000.0,10000.0,1500.0,1650.0,1800.0,923.0,10000.0,0.0,0.0,0.0,0.0,2.0,0.0,0,1,2,2,3,0
D4J0WH,10000.0,10000.0,804.0,10000.0,439.0,10000.0,10000.0,10000.0,804.0,10000.0,505.0,10000.0,0.0,0.0,1.0,0.0,3.0,0.0,0,0,1,0,3,0
7CE7GA,10000.0,10000.0,10000.0,792.0,882.0,10000.0,10000.0,10000.0,10000.0,792.0,909.5,10000.0,0.0,0.0,0.0,1.0,2.0,0.0,0,0,0,1,2,0
65AVT8,1600.0,10000.0,962.0,10000.0,783.0,10000.0,1600.0,10000.0,962.0,10000.0,1241.5,10000.0,0.0,0.0,1.0,0.0,1.0,0.0,1,0,1,0,2,0
UDK3ZS,10000.0,10000.0,257.0,10000.0,180.0,10000.0,10000.0,10000.0,257.0,10000.0,552.5,10000.0,0.0,0.0,1.0,0.0,2.0,0.0,0,0,1,0,2,0
657BH8,10000.0,10000.0,515.0,10000.0,841.0,10000.0,10000.0,10000.0,515.0,10000.0,923.0,10000.0,0.0,0.0,1.0,0.0,2.0,0.0,0,0,1,0,3,0
49JYEF,10000.0,10000.0,182.0,10000.0,112.0,10000.0,10000.0,10000.0,741.0,10000.0,303.0,10000.0,0.0,0.0,1.0,0.0,3.0,0.0,0,0,2,0,3,0
5KYP27,10000.0,10000.0,10000.0,10000.0,1600.0,10000.0,10000.0,10000.0,10000.0,10000.0,1600.0,10000.0,0.0,0.0,0.0,0.0,0.0,0.0,0,0,0,0,1,0
3ASWKQ,10000.0,10000.0,1500.0,10000.0,1100.0,1500.0,10000.0,10000.0,1500.0,10000.0,1300.0,1500.0,0.0,0.0,0.0,0.0,0.0,0.0,0,0,1,0,2,2
QY5FSU,10000.0,10000.0,359.0,65.0,237.0,758.0,10000.0,10000.0,359.0,65.0,475.0,762.0,0.0,0.0,1.0,1.0,2.0,3.0,0,0,1,1,3,3
SHAHQ5,713.0,601.0,1200.0,1100.0,370.0,936.0,967.0,616.0,1700.0,1350.0,645.0,948.0,2.0,3.0,0.0,0.0,3.0,3.0,3,3,3,2,3,3
QY5AFU,788.0,10000.0,1700.0,10000.0,1500.0,10000.0,788.0,10000.0,1700.0,10000.0,1500.0,10000.0,1.0,0.0,0.0,0.0,0.0,0.0,1,0,1,0,1,0
YEKCUD,768.0,10000.0,1700.0,10000.0,1500.0,10000.0,768.0,10000.0,1700.0,10000.0,1500.0,10000.0,1.0,0.0,0.0,0.0,0.0,0.0,1,0,1,0,1,0
PX2R8G,10000.0,10000.0,10000.0,10000.0,817.0,10000.0,10000.0,10000.0,10000.0,10000.0,1308.5,10000.0,0.0,0.0,0.0,0.0,1.0,0.0,0,0,0,0,2,0
JZ94T0,913.0,1300.0,678.0,10000.0,231.0,10000.0,913.0,1300.0,678.0,10000.0,417.0,10000.0,1.0,0.0,1.0,0.0,3.0,0.0,1,1,1,0,3,0
5KA137,10000.0,10000.0,10000.0,10000.0,494.0,10000.0,10000.0,10000.0,10000.0,10000.0,747.0,10000.0,0.0,0.0,0.0,0.0,2.0,0.0,0,0,0,0,2,0
CREU3B,10000.0,10000.0,10000.0,10000.0,1900.0,10000.0,10000.0,10000.0,10000.0,10000.0,1900.0,10000.0,0.0,0.0,0.0,0.0,0.0,0.0,0,0,0,0,1,0
6S6XG8,10000.0,1800.0,650.0,926.0,435.0,672.0,10000.0,1800.0,1200.0,1200.0,627.0,852.0,0.0,0.0,1.0,1.0,3.0,2.0,0,1,3,3,3,3
7K5HYA,10000.0,10000.0,583.0,10000.0,111.0,10000.0,10000.0,10000.0,583.0,10000.0,468.0,10000.0,0.0,0.0,1.0,0.0,3.0,0.0,0,0,1,0,3,0
6SVJF8,10000.0,10000.0,10000.0,10000.0,1700.0,10000.0,10000.0,10000.0,10000.0,10000.0,1800.0,10000.0,0.0,0.0,0.0,0.0,0.0,0.0,0,0,0,0,2,0
UY3G5S,1900.0,10000.0,1600.0,1500.0,440.0,10000.0,1900.0,10000.0,1600.0,1500.0,1400.0,10000.0,0.0,0.0,0.0,0.0,1.0,0.0,1,0,2,1,3,0
KFDV8C,913.0,10000.0,585.0,619.0,807.0,1200.0,1156.5,10000.0,610.0,1000.0,1100.0,1200.0,1.0,0.0,2.0,2.0,1.0,0.0,2,0,2,3,3,1
3760RQ,963.0,10000.0,642.0,745.0,823.0,1300.0,1231.5,10000.0,678.0,1100.0,1100.0,1300.0,1.0,0.0,2.0,1.0,1.0,0.0,2,0,2,3,3,1
WPE89R,10000.0,1800.0,10000.0,10000.0,623.0,10000.0,10000.0,1800.0,10000.0,10000.0,623.0,10000.0,0.0,0.0,0.0,0.0,1.0,0.0,0,1,0,0,1,0
37V44Q,1200.0,1100.0,569.0,1500.0,467.0,632.0,1200.0,1100.0,830.0,1600.0,486.0,660.0,0.0,0.0,2.0,0.0,3.0,2.0,1,1,3,3,3,3
DEQ2SH,1200.0,691.0,349.0,953.0,1100.0,327.0,1200.0,691.0,1200.0,953.0,1200.0,407.0,0.0,1.0,1.0,1.0,0.0,2.0,1,1,3,1,3,3
AC6SPY,1400.0,10000.0,1100.0,10000.0,889.0,10000.0,1400.0,10000.0,1100.0,10000.0,1344.5,10000.0,0.0,0.0,0.0,0.0,1.0,0.0,1,0,1,0,2,0
DE370H,10000.0,10000.0,711.0,10000.0,208.0,10000.0,10000.0,10000.0,711.0,10000.0,900.0,10000.0,0.0,0.0,1.0,0.0,2.0,0.0,0,0,1,0,3,0
SDM885,846.0,10000.0,1700.0,10000.0,1500.0,10000.0,846.0,10000.0,1700.0,10000.0,1500.0,10000.0,1.0,0.0,0.0,0.0,0.0,0.0,1,0,1,0,1,0
40QAMF,10000.0,10000.0,1300.0,10000.0,325.0,10000.0,10000.0,10000.0,1300.0,10000.0,940.0,10000.0,0.0,0.0,0.0,0.0,2.0,0.0,0,0,1,0,3,0
6SJJQ8,10000.0,189.0,1400.0,10000.0,459.0,1800.0,10000.0,694.5,1400.0,10000.0,460.0,1800.0,0.0,1.0,0.0,0.0,3.0,0.0,0,2,1,0,3,2
UYGP8S,10000.0,10000.0,697.0,10000.0,485.0,10000.0,10000.0,10000.0,697.0,10000.0,822.0,10000.0,0.0,0.0,1.0,0.0,2.0,0.0,0,0,1,0,3,0
3790MQ,10000.0,10000.0,697.0,10000.0,485.0,10000.0,10000.0,10000.0,697.0,10000.0,822.0,10000.0,0.0,0.0,1.0,0.0,2.0,0.0,0,0,1,0,3,0
SDPUH5,1100.0,10000.0,796.0,1000.0,233.0,603.0,1300.0,10000.0,1000.0,1100.0,374.0,749.0,0.0,0.0,2.0,1.0,3.0,3.0,3,0,3,3,3,3
J2SV20,1700.0,969.0,10000.0,904.0,331.0,1100.0,1700.0,1234.5,10000.0,1100.0,550.0,1100.0,0.0,1.0,0.0,1.0,3.0,0.0,1,2,0,3,3,2
0ZS319,664.0,1300.0,1400.0,1400.0,245.0,2000.0,664.0,1300.0,1600.0,1650.0,325.0,2000.0,1.0,0.0,0.0,0.0,3.0,0.0,1,3,3,2,3,3
85FJG3,1300.0,240.0,1200.0,651.0,233.0,713.0,1600.0,381.0,1700.0,1400.0,309.0,977.0,0.0,3.0,0.0,1.0,3.0,2.0,3,3,3,3,3,3
DEPC5H,10000.0,10000.0,10000.0,10000.0,881.0,10000.0,10000.0,10000.0,10000.0,10000.0,881.0,10000.0,0.0,0.0,0.0,0.0,1.0,0.0,0,0,0,0,1,0
EJTT14,10000.0,10000.0,10000.0,10000.0,502.0,10000.0,10000.0,10000.0,10000.0,10000.0,801.0,10000.0,0.0,0.0,0.0,0.0,1.0,0.0,0,0,0,0,2,0
9T6F2P,1600.0,10000.0,905.0,10000.0,729.0,10000.0,1600.0,10000.0,905.0,10000.0,1164.5,10000.0,0.0,0.0,1.0,0.0,1.0,0.0,1,0,1,0,2,0
40TDAF,10000.0,10000.0,284.0,10000.0,195.0,10000.0,10000.0,10000.0,284.0,10000.0,572.0,10000.0,0.0,0.0,1.0,0.0,2.0,0.0,0,0,1,0,2,0
5HFD87,1900.0,10000.0,1100.0,970.0,1100.0,1100.0,1900.0,10000.0,1700.0,1435.0,1400.0,1100.0,0.0,0.0,0.0,1.0,0.0,0.0,1,0,3,2,3,2
KF97VC,1800.0,10000.0,858.0,2000.0,254.0,1400.0,1800.0,10000.0,904.0,2000.0,288.0,1700.0,0.0,0.0,2.0,0.0,2.0,0.0,1,0,3,1,3,2
ACWW4Y,10000.0,10000.0,10000.0,10000.0,456.0,10000.0,10000.0,10000.0,10000.0,10000.0,1128.0,10000.0,0.0,0.0,0.0,0.0,1.0,0.0,0,0,0,0,2,0
5HEWC7,10000.0,10000.0,2000.0,10000.0,1900.0,10000.0,10000.0,10000.0,2000.0,10000.0,1900.0,10000.0,0.0,0.0,0.0,0.0,0.0,0.0,0,0,1,0,1,0
CW99KB,756.0,1800.0,334.0,1200.0,327.0,467.0,756.0,1800.0,1400.0,1500.0,414.0,918.0,1.0,0.0,1.0,0.0,3.0,2.0,1,1,3,3,3,3
SDC3R5,10000.0,1200.0,1500.0,1600.0,784.0,10000.0,10000.0,1200.0,1500.0,1600.0,788.0,10000.0,0.0,0.0,0.0,0.0,2.0,0.0,0,1,2,2,3,0
7KE69A,10000.0,10000.0,10000.0,1200.0,10000.0,10000.0,10000.0,10000.0,10000.0,1200.0,10000.0,10000.0,0.0,0.0,0.0,0.0,0.0,0.0,0,0,0,1,0,0
YBFMED,10000.0,10000.0,10000.0,10000.0,1300.0,10000.0,10000.0,10000.0,10000.0,10000.0,1300.0,10000.0,0.0,0.0,0.0,0.0,0.0,0.0,0,0,0,0,1,0
7KENHA,10000.0,10000.0,759.0,10000.0,807.0,838.0,10000.0,10000.0,759.0,10000.0,1800.0,842.0,0.0,0.0,1.0,0.0,1.0,2.0,0,0,1,0,3,2
QAHG5U,10000.0,10000.0,1300.0,10000.0,474.0,10000.0,10000.0,10000.0,1300.0,10000.0,1000.0,10000.0,0.0,0.0,0.0,0.0,2.0,0.0,0,0,1,0,3,0
9TMN5P,10000.0,10000.0,861.0,10000.0,371.0,10000.0,10000.0,10000.0,861.0,10000.0,468.0,10000.0,0.0,0.0,1.0,0.0,3.0,0.0,0,0,1,0,3,0
KFJFDC,10000.0,10000.0,700.0,10000.0,400.0,10000.0,10000.0,10000.0,700.0,10000.0,656.0,10000.0,0.0,0.0,1.0,0.0,2.0,0.0,0,0,1,0,3,0
KFJB7C,10000.0,10000.0,1200.0,829.0,1300.0,948.0,10000.0,10000.0,1400.0,1314.5,1400.0,949.5,0.0,0.0,0.0,1.0,0.0,2.0,0,0,2,2,3,2
9TXFXP,10000.0,10000.0,10000.0,10000.0,847.0,10000.0,10000.0,10000.0,10000.0,10000.0,847.0,10000.0,0.0,0.0,0.0,0.0,1.0,0.0,0,0,0,0,1,0
SDK1F5,10000.0,1200.0,962.0,10000.0,876.0,1100.0,10000.0,1200.0,1281.0,10000.0,887.0,1100.0,0.0,0.0,1.0,0.0,3.0,0.0,0,1,2,0,3,2
7KBESA,10000.0,1700.0,1600.0,1500.0,1300.0,10000.0,10000.0,1800.0,1600.0,1500.0,1400.0,10000.0,0.0,0.0,0.0,0.0,0.0,0.0,0,2,1,1,3,0
QADDBU,10000.0,10000.0,498.0,10000.0,543.0,10000.0,10000.0,10000.0,1199.0,10000.0,808.0,10000.0,0.0,0.0,1.0,0.0,3.0,0.0,0,0,2,0,3,0
QAYF8U,856.0,10000.0,1600.0,10000.0,1400.0,10000.0,856.0,10000.0,1600.0,10000.0,1400.0,10000.0,1.0,0.0,0.0,0.0,0.0,0.0,1,0,1,0,1,0
ACC7DY,910.0,1600.0,446.0,10000.0,315.0,10000.0,910.0,1600.0,446.0,10000.0,518.0,10000.0,1.0,0.0,1.0,0.0,2.0,0.0,1,1,1,0,3,0
1UUM16,10000.0,10000.0,10000.0,10000.0,1300.0,10000.0,10000.0,10000.0,10000.0,10000.0,1300.0,10000.0,0.0,0.0,0.0,0.0,0.0,0.0,0,0,0,0,1,0
RGGXXJ,1900.0,10000.0,1400.0,1500.0,495.0,268.0,1900.0,10000.0,1400.0,1500.0,707.0,603.0,0.0,0.0,0.0,0.0,3.0,2.0,1,0,1,1,3,3
855DT3,10000.0,10000.0,10000.0,10000.0,1100.0,10000.0,10000.0,10000.0,10000.0,10000.0,1400.0,10000.0,0.0,0.0,0.0,0.0,0.0,0.0,0,0,0,0,3,0
KFFWBC,10000.0,10000.0,10000.0,10000.0,194.0,10000.0,10000.0,10000.0,10000.0,10000.0,194.0,10000.0,0.0,0.0,0.0,0.0,1.0,0.0,0,0,0,0,1,0
7KKHQA,10000.0,10000.0,10000.0,10000.0,1800.0,10000.0,10000.0,10000.0,10000.0,10000.0,1800.0,10000.0,0.0,0.0,0.0,0.0,0.0,0.0,0,0,0,0,1,0
6SUVM8,10000.0,10000.0,10000.0,10000.0,271.0,10000.0,10000.0,10000.0,10000.0,10000.0,1500.0,10000.0,0.0,0.0,0.0,0.0,1.0,0.0,0,0,0,0,3,0
0Z2RX9,664.0,1300.0,1400.0,1400.0,245.0,2000.0,664.0,1300.0,1600.0,1650.0,325.0,2000.0,1.0,0.0,0.0,0.0,3.0,0.0,1,3,3,2,3,3
PNTETG,10000.0,10000.0,10000.0,10000.0,556.0,2000.0,10000.0,10000.0,10000.0,10000.0,1228.0,2000.0,0.0,0.0,0.0,0.0,1.0,0.0,0,0,0,0,2,2
7KHZRA,10000.0,1800.0,10000.0,10000.0,1600.0,10000.0,10000.0,1800.0,10000.0,10000.0,1800.0,10000.0,0.0,0.0,0.0,0.0,0.0,0.0,0,1,0,0,2,0
7KH4QA,10000.0,10000.0,1000.0,10000.0,1100.0,1100.0,10000.0,10000.0,1000.0,10000.0,1300.0,1100.0,0.0,0.0,1.0,0.0,0.0,0.0,0,0,1,0,2,2
GXNN52,10000.0,290.0,1300.0,10000.0,462.0,1700.0,10000.0,745.0,1300.0,10000.0,485.0,1700.0,0.0,1.0,0.0,0.0,3.0,0.0,0,2,1,0,3,2
6SUUQ8,10000.0,948.0,657.0,10000.0,304.0,1100.0,10000.0,1224.0,657.0,10000.0,842.0,1100.0,0.0,1.0,1.0,0.0,3.0,0.0,0,2,1,0,3,2
0ZGB29,10000.0,1000.0,917.0,10000.0,483.0,1400.0,10000.0,1100.0,917.0,10000.0,700.0,1400.0,0.0,1.0,1.0,0.0,3.0,0.0,0,2,1,0,3,2
6SQ228,10000.0,1200.0,782.0,10000.0,850.0,994.0,10000.0,1200.0,1291.0,10000.0,909.0,997.0,0.0,0.0,1.0,0.0,3.0,2.0,0,1,2,0,3,2
6SQGG8,10000.0,10000.0,673.0,10000.0,998.0,10000.0,10000.0,10000.0,673.0,10000.0,1100.0,10000.0,0.0,0.0,1.0,0.0,1.0,0.0,0,0,1,0,3,0
SDAXJ5,10000.0,10000.0,10000.0,2000.0,1800.0,10000.0,10000.0,10000.0,10000.0,2000.0,1800.0,10000.0,0.0,0.0,0.0,0.0,0.0,0.0,0,0,0,1,1,0
ACHXQY,10000.0,10000.0,10000.0,10000.0,942.0,10000.0,10000.0,10000.0,10000.0,10000.0,1300.0,10000.0,0.0,0.0,0.0,0.0,1.0,0.0,0,0,0,0,3,0
85UYZ3,1600.0,1400.0,938.0,786.0,371.0,297.0,1800.0,1400.0,1400.0,942.0,423.0,335.0,0.0,0.0,1.0,2.0,3.0,3.0,3,1,3,3,3,3
1U8M36,10000.0,10000.0,1700.0,10000.0,930.0,1800.0,10000.0,10000.0,1700.0,10000.0,1315.0,1800.0,0.0,0.0,0.0,0.0,1.0,0.0,0,0,1,0,2,2
QAS60U,10000.0,875.0,796.0,10000.0,628.0,1100.0,10000.0,1387.5,1348.0,10000.0,762.0,1100.0,0.0,1.0,1.0,0.0,2.0,0.0,0,2,2,0,3,2
7KYQ2A,10000.0,10000.0,802.0,10000.0,946.0,762.0,10000.0,10000.0,802.0,10000.0,1373.0,764.5,0.0,0.0,1.0,0.0,1.0,2.0,0,0,1,0,2,2
37UXPQ,10000.0,10000.0,830.0,10000.0,347.0,10000.0,10000.0,10000.0,830.0,10000.0,581.0,10000.0,0.0,0.0,1.0,0.0,3.0,0.0,0,0,1,0,3,0
GXZFM2,1100.0,993.0,1200.0,10000.0,479.0,10000.0,1100.0,993.0,1200.0,10000.0,606.0,10000.0,0.0,1.0,0.0,0.0,3.0,0.0,1,1,1,0,3,0
5HAXV7,10000.0,10000.0,10000.0,10000.0,1500.0,10000.0,10000.0,10000.0,10000.0,10000.0,1500.0,10000.0,0.0,0.0,0.0,0.0,0.0,0.0,0,0,0,0,1,0
UY5BDS,10000.0,10000.0,1300.0,10000.0,626.0,10000.0,10000.0,10000.0,1300.0,10000.0,780.0,10000.0,0.0,0.0,0.0,0.0,2.0,0.0,0,0,1,0,3,0
ACDC0Y,10000.0,10000.0,10000.0,10000.0,456.0,10000.0,10000.0,10000.0,10000.0,10000.0,1128.0,10000.0,0.0,0.0,0.0,0.0,1.0,0.0,0,0,0,0,2,0
3532JQ,558.0,218.0,224.0,1200.0,677.0,380.0,558.0,1100.0,224.0,1200.0,723.0,380.0,1.0,1.0,1.0,0.0,3.0,1.0,1,3,1,3,3,1
9Z9MEP,10000.0,1700.0,524.0,1900.0,396.0,10000.0,10000.0,1800.0,524.0,1900.0,447.0,10000.0,0.0,0.0,1.0,0.0,3.0,0.0,0,2,1,1,3,0
YCYB5D,10000.0,10000.0,1500.0,744.0,590.0,10000.0,10000.0,10000.0,1500.0,744.0,646.0,10000.0,0.0,0.0,0.0,1.0,2.0,0.0,0,0,1,1,3,0
7H7H7A,966.0,1700.0,10000.0,1000.0,228.0,1800.0,1283.0,1700.0,10000.0,1200.0,838.0,1850.0,1.0,0.0,0.0,1.0,3.0,0.0,2,2,0,3,3,2
Q7GFWU,1800.0,1000.0,1200.0,1300.0,584.0,10000.0,1800.0,1000.0,1250.0,1350.0,1100.0,10000.0,0.0,1.0,0.0,0.0,1.0,0.0,1,1,2,2,3,0
5DGVB7,1900.0,1100.0,1400.0,1500.0,756.0,10000.0,1900.0,1100.0,1450.0,1500.0,865.0,10000.0,0.0,0.0,0.0,0.0,2.0,0.0,1,1,2,2,3,0
UAFP7S,664.0,1300.0,1400.0,1400.0,245.0,2000.0,664.0,1300.0,1600.0,1650.0,325.0,2000.0,1.0,0.0,0.0,0.0,3.0,0.0,1,3,3,2,3,3
SYWP85,10000.0,10000.0,10000.0,10000.0,1500.0,10000.0,10000.0,10000.0,10000.0,10000.0,1500.0,10000.0,0.0,0.0,0.0,0.0,0.0,0.0,0,0,0,0,1,0
ERGGV4,10000.0,10000.0,165.0,10000.0,112.0,10000.0,10000.0,10000.0,732.5,10000.0,258.0,10000.0,0.0,0.0,1.0,0.0,3.0,0.0,0,0,2,0,3,0
6Q6098,1900.0,595.0,812.0,1400.0,397.0,10000.0,1900.0,1097.5,812.0,1400.0,1100.0,10000.0,0.0,1.0,1.0,0.0,1.0,0.0,1,2,1,1,3,0
13EST6,1300.0,10000.0,1200.0,1600.0,379.0,1700.0,1300.0,10000.0,1200.0,1800.0,923.0,1700.0,0.0,0.0,0.0,0.0,2.0,0.0,1,0,1,2,3,1
13KZW6,10000.0,10000.0,10000.0,10000.0,1900.0,10000.0,10000.0,10000.0,10000.0,10000.0,1900.0,10000.0,0.0,0.0,0.0,0.0,0.0,0.0,0,0,0,0,1,0
6QHPC8,10000.0,10000.0,1000.0,428.0,350.0,1900.0,10000.0,10000.0,1000.0,1014.0,724.0,1900.0,0.0,0.0,1.0,1.0,3.0,0.0,0,0,1,2,3,1
1V9T6T,1100.0,10000.0,446.0,497.0,205.0,660.0,1100.0,10000.0,446.0,497.0,222.0,673.0,0.0,0.0,1.0,1.0,3.0,3.0,1,0,1,1,3,3
865Z3A,954.0,10000.0,174.0,157.0,439.0,536.0,954.0,10000.0,174.0,157.0,598.0,541.0,1.0,0.0,1.0,1.0,3.0,2.0,1,0,1,1,3,3
1NHR6T,1600.0,353.0,1300.0,10000.0,463.0,746.0,1750.0,547.0,1300.0,10000.0,471.0,790.0,0.0,3.0,0.0,0.0,3.0,3.0,2,3,1,0,3,3
9V740P,239.0,419.0,92.0,10000.0,927.0,10000.0,869.5,451.0,92.0,10000.0,1600.0,10000.0,1.0,3.0,1.0,0.0,1.0,0.0,2,3,1,0,3,0
SBR3F5,1100.0,10000.0,1500.0,1800.0,638.0,10000.0,1100.0,10000.0,1500.0,1850.0,950.0,10000.0,0.0,0.0,0.0,0.0,3.0,0.0,1,0,3,2,3,0
UCETWS,10000.0,380.0,1200.0,1300.0,776.0,260.0,10000.0,737.0,1200.0,1400.0,871.0,743.0,0.0,2.0,0.0,0.0,2.0,3.0,0,3,1,3,3,3
9VVTAP,413.0,10000.0,949.0,910.0,678.0,1500.0,413.0,10000.0,1424.5,910.0,769.0,1500.0,1.0,0.0,1.0,1.0,3.0,0.0,1,0,2,1,3,3
AFERGY,778.0,432.0,349.0,1400.0,324.0,1700.0,790.0,434.0,795.0,1650.0,602.0,1850.0,2.0,3.0,3.0,0.0,3.0,0.0,3,3,3,2,3,2
WTPS9R,1400.0,759.0,913.0,1100.0,932.0,761.0,1400.0,1500.0,1406.5,1100.0,933.0,761.0,0.0,1.0,1.0,0.0,3.0,1.0,1,3,2,1,3,1
74H31A,10000.0,10000.0,1700.0,1900.0,913.0,1500.0,10000.0,10000.0,1800.0,1900.0,1300.0,1500.0,0.0,0.0,0.0,0.0,1.0,0.0,0,0,2,1,3,2
8YMT03,1300.0,1900.0,574.0,1300.0,279.0,1200.0,1300.0,1900.0,1037.0,1300.0,468.0,1700.0,0.0,0.0,1.0,0.0,3.0,0.0,1,1,2,1,3,3
G1A572,10000.0,389.0,1500.0,700.0,785.0,10000.0,10000.0,509.0,1500.0,700.0,954.0,10000.0,0.0,2.0,0.0,1.0,2.0,0.0,0,2,1,1,3,0
A42PFY,10000.0,740.0,765.0,388.0,651.0,246.0,10000.0,761.0,1182.5,558.0,799.0,259.0,0.0,2.0,1.0,3.0,3.0,3.0,0,3,2,3,3,3
RTQ82J,276.0,851.0,362.0,1300.0,361.0,921.0,688.0,851.0,1100.0,1300.0,508.0,1100.0,1.0,1.0,1.0,0.0,3.0,1.0,2,1,3,3,3,3
G1QVU2,10000.0,10000.0,1700.0,10000.0,711.0,10000.0,10000.0,10000.0,1700.0,10000.0,762.0,10000.0,0.0,0.0,0.0,0.0,2.0,0.0,0,0,1,0,3,0
SC7Z05,1600.0,798.0,555.0,1100.0,362.0,1100.0,1600.0,835.0,555.0,1500.0,481.0,1200.0,0.0,3.0,1.0,0.0,3.0,0.0,1,3,1,3,3,3
QDG35U,493.0,1200.0,523.0,1200.0,411.0,758.0,846.5,1200.0,737.0,1400.0,426.0,1400.0,1.0,0.0,3.0,0.0,3.0,1.0,2,1,3,3,3,3
21U01Z,1300.0,10000.0,1200.0,715.0,375.0,1000.0,1300.0,10000.0,1450.0,1007.5,534.0,1200.0,0.0,0.0,0.0,1.0,3.0,1.0,1,0,2,2,3,3
0N6DB9,10000.0,10000.0,10000.0,10000.0,1600.0,10000.0,10000.0,10000.0,10000.0,10000.0,1600.0,10000.0,0.0,0.0,0.0,0.0,0.0,0.0,0,0,0,0,1,0
AEW3UY,815.0,561.0,709.0,1600.0,429.0,1100.0,1600.0,601.0,1000.0,1800.0,541.0,1550.0,1.0,3.0,2.0,0.0,3.0,0.0,3,3,3,2,3,2
AEHVSY,10000.0,605.0,10000.0,1300.0,517.0,10000.0,10000.0,1052.5,10000.0,1300.0,621.0,10000.0,0.0,1.0,0.0,0.0,3.0,0.0,0,2,0,1,3,0
0T0D29,10000.0,10000.0,10000.0,10000.0,604.0,1900.0,10000.0,10000.0,10000.0,10000.0,1202.0,1900.0,0.0,0.0,0.0,0.0,1.0,0.0,0,0,0,0,2,1
UD3PGS,10000.0,10000.0,10000.0,10000.0,1400.0,10000.0,10000.0,10000.0,10000.0,10000.0,1400.0,10000.0,0.0,0.0,0.0,0.0,0.0,0.0,0,0,0,0,1,0
WG4QGR,10000.0,10000.0,10000.0,10000.0,1400.0,10000.0,10000.0,10000.0,10000.0,10000.0,1400.0,10000.0,0.0,0.0,0.0,0.0,0.0,0.0,0,0,0,0,1,0
ABUENY,560.0,10000.0,10000.0,10000.0,10000.0,10000.0,560.0,10000.0,10000.0,10000.0,10000.0,10000.0,1.0,0.0,0.0,0.0,0.0,0.0,1,0,0,0,0,0
65TZQ8,10000.0,10000.0,1100.0,10000.0,973.0,1100.0,10000.0,10000.0,1100.0,10000.0,1800.0,1100.0,0.0,0.0,0.0,0.0,1.0,0.0,0,0,1,0,3,1
87NBD3,10000.0,10000.0,643.0,1200.0,511.0,10000.0,10000.0,10000.0,643.0,1400.0,544.0,10000.0,0.0,0.0,1.0,0.0,3.0,0.0,0,0,1,2,3,0
1SZ8E6,386.0,1000.0,176.0,605.0,334.0,772.0,693.0,1150.0,788.0,882.0,400.0,793.0,2.0,1.0,1.0,2.0,3.0,3.0,2,2,2,3,3,3
AB8AZY,388.0,1000.0,167.0,589.0,330.0,755.0,694.0,1150.0,783.5,867.0,378.0,775.0,2.0,1.0,1.0,2.0,3.0,3.0,2,2,2,3,3,3
CRSA4B,10000.0,10000.0,653.0,1200.0,522.0,10000.0,10000.0,10000.0,653.0,1400.0,553.0,10000.0,0.0,0.0,1.0,0.0,3.0,0.0,0,0,1,2,3,0
SHZB05,10000.0,10000.0,1800.0,10000.0,1100.0,10000.0,10000.0,10000.0,1800.0,10000.0,1200.0,10000.0,0.0,0.0,0.0,0.0,0.0,0.0,0,0,1,0,3,0
SHZBR5,10000.0,10000.0,1800.0,10000.0,1100.0,10000.0,10000.0,10000.0,1800.0,10000.0,1200.0,10000.0,0.0,0.0,0.0,0.0,0.0,0.0,0,0,1,0,3,0
ABG04Y,10000.0,10000.0,10000.0,10000.0,1500.0,10000.0,10000.0,10000.0,10000.0,10000.0,1500.0,10000.0,0.0,0.0,0.0,0.0,0.0,0.0,0,0,0,0,1,0
491N9F,10000.0,10000.0,10000.0,10000.0,1500.0,10000.0,10000.0,10000.0,10000.0,10000.0,1500.0,10000.0,0.0,0.0,0.0,0.0,0.0,0.0,0,0,0,0,1,0
6543P8,10000.0,10000.0,10000.0,10000.0,993.0,10000.0,10000.0,10000.0,10000.0,10000.0,1096.5,10000.0,0.0,0.0,0.0,0.0,1.0,0.0,0,0,0,0,2,0
49MGJF,1700.0,10000.0,838.0,819.0,186.0,1300.0,1700.0,10000.0,838.0,1059.5,195.0,1500.0,0.0,0.0,1.0,1.0,3.0,0.0,1,0,1,2,3,3
SHFA95,10000.0,1100.0,1600.0,1900.0,1600.0,10000.0,10000.0,1100.0,1600.0,1900.0,1800.0,10000.0,0.0,0.0,0.0,0.0,0.0,0.0,0,1,1,1,3,0
SHBTH5,1800.0,10000.0,344.0,446.0,325.0,434.0,1800.0,10000.0,1400.0,988.0,510.0,1100.0,0.0,0.0,1.0,2.0,3.0,1.0,1,0,3,3,3,3
877BV3,10000.0,10000.0,10000.0,1500.0,10000.0,10000.0,10000.0,10000.0,10000.0,1500.0,10000.0,10000.0,0.0,0.0,0.0,0.0,0.0,0.0,0,0,0,1,0,0
ABB0GY,10000.0,10000.0,10000.0,10000.0,1500.0,10000.0,10000.0,10000.0,10000.0,10000.0,1500.0,10000.0,0.0,0.0,0.0,0.0,0.0,0.0,0,0,0,0,1,0
DEAXUH,10000.0,10000.0,10000.0,739.0,839.0,10000.0,10000.0,10000.0,10000.0,739.0,895.0,10000.0,0.0,0.0,0.0,1.0,2.0,0.0,0,0,0,1,3,0
AC523Y,10000.0,10000.0,1300.0,10000.0,356.0,1800.0,10000.0,10000.0,1300.0,10000.0,1400.0,1800.0,0.0,0.0,0.0,0.0,1.0,0.0,0,0,1,0,3,1
85TBA3,1700.0,756.0,1900.0,1300.0,138.0,1600.0,1700.0,1400.0,1900.0,1500.0,626.0,1600.0,0.0,1.0,0.0,0.0,3.0,0.0,1,3,1,2,3,3
WPQFFR,10000.0,10000.0,342.0,2000.0,198.0,10000.0,10000.0,10000.0,342.0,2000.0,379.0,10000.0,0.0,0.0,1.0,0.0,3.0,0.0,0,0,1,1,3,0
DENQGH,10000.0,10000.0,10000.0,10000.0,732.0,894.0,10000.0,10000.0,10000.0,10000.0,1200.0,1200.0,0.0,0.0,0.0,0.0,1.0,1.0,0,0,0,0,3,3
401Y3F,402.0,1200.0,948.0,1600.0,285.0,245.0,402.0,1500.0,1324.0,1750.0,902.0,245.0,1.0,0.0,1.0,0.0,3.0,1.0,1,3,2,2,3,1
7KWHMA,731.0,606.0,816.0,1400.0,360.0,1000.0,1600.0,714.0,1700.0,1700.0,429.0,1250.0,1.0,3.0,1.0,0.0,3.0,1.0,3,3,3,2,3,2
RGPYDJ,892.0,10000.0,10000.0,10000.0,693.0,10000.0,892.0,10000.0,10000.0,10000.0,693.0,10000.0,1.0,0.0,0.0,0.0,1.0,0.0,1,0,0,0,1,0
9TGCMP,877.0,1200.0,820.0,10000.0,328.0,10000.0,877.0,1200.0,820.0,10000.0,661.0,10000.0,1.0,0.0,1.0,0.0,3.0,0.0,1,1,1,0,3,0
37U2RQ,10000.0,10000.0,10000.0,10000.0,1500.0,10000.0,10000.0,10000.0,10000.0,10000.0,1500.0,10000.0,0.0,0.0,0.0,0.0,0.0,0.0,0,0,0,0,1,0
J29M70,10000.0,10000.0,10000.0,10000.0,1300.0,10000.0,10000.0,10000.0,10000.0,10000.0,1300.0,10000.0,0.0,0.0,0.0,0.0,0.0,0.0,0,0,0,0,1,0
SYS1P5,10000.0,10000.0,10000.0,10000.0,386.0,10000.0,10000.0,10000.0,10000.0,10000.0,710.0,10000.0,0.0,0.0,0.0,0.0,2.0,0.0,0,0,0,0,3,0
Q7QXWU,10000.0,10000.0,1800.0,10000.0,1800.0,10000.0,10000.0,10000.0,1800.0,10000.0,1850.0,10000.0,0.0,0.0,0.0,0.0,0.0,0.0,0,0,1,0,2,0
JGJCG0,10000.0,243.0,10000.0,10000.0,881.0,10000.0,10000.0,871.5,10000.0,10000.0,1000.0,10000.0,0.0,1.0,0.0,0.0,2.0,0.0,0,2,0,0,3,0
AKAVSY,10000.0,10000.0,1100.0,10000.0,1000.0,10000.0,10000.0,10000.0,1100.0,10000.0,1200.0,10000.0,0.0,0.0,0.0,0.0,1.0,0.0,0,0,1,0,3,0
356BEQ,1400.0,1400.0,538.0,1100.0,545.0,245.0,1400.0,1400.0,863.0,1400.0,583.0,905.0,0.0,0.0,2.0,0.0,3.0,2.0,1,1,3,3,3,3
YCGTUD,10000.0,10000.0,622.0,10000.0,302.0,10000.0,10000.0,10000.0,622.0,10000.0,392.0,10000.0,0.0,0.0,1.0,0.0,3.0,0.0,0,0,1,0,3,0
8UXY83,727.0,636.0,1200.0,979.0,453.0,971.0,950.0,637.0,1600.0,1289.5,636.0,982.0,2.0,3.0,0.0,1.0,3.0,3.0,3,3,3,2,3,3
SAA105,811.0,1200.0,1100.0,1300.0,161.0,973.0,1055.5,1300.0,1100.0,1300.0,251.0,986.5,1.0,0.0,0.0,0.0,3.0,2.0,2,3,1,3,3,2
1V0Z6T,10000.0,10000.0,1300.0,828.0,1300.0,874.0,10000.0,10000.0,1450.0,1214.0,1400.0,883.0,0.0,0.0,0.0,1.0,0.0,2.0,0,0,2,2,3,2
38PFQ3,2000.0,10000.0,834.0,564.0,420.0,1500.0,2000.0,10000.0,834.0,982.0,446.0,1800.0,0.0,0.0,1.0,1.0,3.0,0.0,1,0,1,2,3,3
9UXMPM,10000.0,10000.0,10000.0,10000.0,805.0,10000.0,10000.0,10000.0,10000.0,10000.0,1052.5,10000.0,0.0,0.0,0.0,0.0,1.0,0.0,0,0,0,0,2,0
JXUZ20,10000.0,10000.0,1200.0,1200.0,875.0,10000.0,10000.0,10000.0,1200.0,1250.0,1100.0,10000.0,0.0,0.0,0.0,0.0,1.0,0.0,0,0,1,2,3,0
P15F0G,10000.0,10000.0,583.0,1500.0,489.0,10000.0,10000.0,10000.0,583.0,1650.0,629.0,10000.0,0.0,0.0,1.0,0.0,3.0,0.0,0,0,1,2,3,0
QKRMXU,10000.0,10000.0,775.0,1700.0,235.0,10000.0,10000.0,10000.0,775.0,1850.0,852.0,10000.0,0.0,0.0,1.0,0.0,3.0,0.0,0,0,1,2,3,0
AF0WRY,10000.0,10000.0,10000.0,10000.0,1800.0,10000.0,10000.0,10000.0,10000.0,10000.0,1800.0,10000.0,0.0,0.0,0.0,0.0,0.0,0.0,0,0,0,0,1,0
EGTWT4,652.0,749.0,253.0,1100.0,188.0,1100.0,652.0,749.0,1900.0,1400.0,210.0,1200.0,1.0,1.0,1.0,0.0,3.0,0.0,1,1,3,3,3,3
8DUSN3,10000.0,10000.0,10000.0,10000.0,1200.0,10000.0,10000.0,10000.0,10000.0,10000.0,1200.0,10000.0,0.0,0.0,0.0,0.0,0.0,0.0,0,0,0,0,1,0
26HUYZ,1100.0,10000.0,762.0,644.0,604.0,720.0,1100.0,10000.0,1900.0,1400.0,793.0,825.0,0.0,0.0,1.0,1.0,3.0,3.0,1,0,3,3,3,3
G1DQ32,10000.0,10000.0,10000.0,10000.0,1900.0,10000.0,10000.0,10000.0,10000.0,10000.0,1900.0,10000.0,0.0,0.0,0.0,0.0,0.0,0.0,0,0,0,0,2,0
QHJWTU,10000.0,10000.0,1200.0,1900.0,491.0,10000.0,10000.0,10000.0,1200.0,1900.0,622.0,10000.0,0.0,0.0,0.0,0.0,3.0,0.0,0,0,1,2,3,0
QHJWEU,445.0,654.0,331.0,10000.0,260.0,796.0,445.0,956.0,1200.0,10000.0,424.0,796.0,1.0,2.0,1.0,0.0,3.0,1.0,1,3,3,0,3,1
SCFBM5,449.0,10000.0,1000.0,10000.0,1600.0,10000.0,449.0,10000.0,1000.0,10000.0,1700.0,10000.0,1.0,0.0,1.0,0.0,0.0,0.0,1,0,1,0,3,0
0NVBJ9,10000.0,1800.0,1300.0,10000.0,1100.0,1500.0,10000.0,1800.0,1300.0,10000.0,1600.0,1500.0,0.0,0.0,0.0,0.0,0.0,0.0,0,1,1,0,3,2
QDYSGU,1200.0,10000.0,1500.0,1700.0,708.0,10000.0,1200.0,10000.0,1600.0,2000.0,775.0,10000.0,0.0,0.0,0.0,0.0,3.0,0.0,1,0,3,3,3,0
WG3YHR,1300.0,696.0,1200.0,10000.0,1100.0,10000.0,1600.0,1300.0,1550.0,10000.0,1400.0,10000.0,0.0,1.0,0.0,0.0,0.0,0.0,2,3,2,0,3,0
R2Z61J,1800.0,548.0,646.0,1700.0,355.0,344.0,1800.0,1024.0,747.0,1800.0,895.0,397.0,0.0,1.0,2.0,0.0,3.0,3.0,1,2,3,2,3,3
7CC6RA,935.0,10000.0,1800.0,10000.0,307.0,768.0,935.0,10000.0,1800.0,10000.0,656.0,860.0,1.0,0.0,0.0,0.0,2.0,2.0,1,0,1,0,3,3
AC65GY,511.0,420.0,737.0,1700.0,265.0,590.0,511.0,785.0,737.0,1700.0,463.0,1045.0,1.0,2.0,1.0,0.0,3.0,1.0,1,3,1,3,3,2
85GDY3,824.0,356.0,979.0,432.0,403.0,1600.0,856.0,862.0,1500.0,1100.0,837.0,1600.0,2.0,2.0,1.0,1.0,3.0,0.0,3,3,3,3,3,3
WP7S8R,1800.0,10000.0,1000.0,1900.0,275.0,1300.0,1800.0,10000.0,1100.0,1900.0,613.0,1600.0,0.0,0.0,1.0,0.0,3.0,0.0,1,0,3,1,3,2
37J8KQ,10000.0,10000.0,10000.0,10000.0,1200.0,10000.0,10000.0,10000.0,10000.0,10000.0,1400.0,10000.0,0.0,0.0,0.0,0.0,0.0,0.0,0,0,0,0,2,0
85BVS3,903.0,950.0,865.0,1300.0,266.0,1200.0,1900.0,966.0,1100.0,1300.0,487.0,1200.0,1.0,3.0,1.0,0.0,3.0,0.0,3,3,3,1,3,1
GX1FG2,10000.0,10000.0,10000.0,10000.0,552.0,10000.0,10000.0,10000.0,10000.0,10000.0,1176.0,10000.0,0.0,0.0,0.0,0.0,1.0,0.0,0,0,0,0,2,0
6S5CD8,10000.0,10000.0,1100.0,10000.0,1200.0,1700.0,10000.0,10000.0,1100.0,10000.0,1500.0,1700.0,0.0,0.0,0.0,0.0,0.0,0.0,0,0,1,0,3,1
SDYBU5,1400.0,10000.0,1400.0,10000.0,1200.0,10000.0,1400.0,10000.0,1400.0,10000.0,1600.0,10000.0,0.0,0.0,0.0,0.0,0.0,0.0,1,0,1,0,2,0
WP99QR,10000.0,10000.0,10000.0,10000.0,829.0,1900.0,10000.0,10000.0,10000.0,10000.0,1500.0,1900.0,0.0,0.0,0.0,0.0,1.0,0.0,0,0,0,0,3,2
SYQWC5,10000.0,10000.0,10000.0,2000.0,963.0,1900.0,10000.0,10000.0,10000.0,2000.0,1200.0,1950.0,0.0,0.0,0.0,0.0,1.0,0.0,0,0,0,1,3,2
9ZJ80P,10000.0,1000.0,10000.0,933.0,623.0,10000.0,10000.0,1400.0,10000.0,933.0,649.0,10000.0,0.0,1.0,0.0,1.0,3.0,0.0,0,2,0,1,3,0
JGW1K0,10000.0,1000.0,10000.0,933.0,623.0,10000.0,10000.0,1400.0,10000.0,933.0,649.0,10000.0,0.0,1.0,0.0,1.0,3.0,0.0,0,2,0,1,3,0
AKHVUY,1100.0,526.0,850.0,802.0,316.0,924.0,1200.0,553.0,1100.0,1200.0,413.0,1312.0,0.0,3.0,1.0,1.0,3.0,1.0,2,3,3,3,3,2
3STZ1Q,10000.0,10000.0,1500.0,10000.0,1400.0,1300.0,10000.0,10000.0,1500.0,10000.0,1400.0,1300.0,0.0,0.0,0.0,0.0,0.0,0.0,0,0,1,0,3,2
7D2RXA,10000.0,1500.0,1600.0,1600.0,638.0,10000.0,10000.0,1500.0,1700.0,1800.0,1200.0,10000.0,0.0,0.0,0.0,0.0,1.0,0.0,0,1,2,2,3,0
U74P7S,1200.0,1300.0,974.0,624.0,592.0,366.0,1900.0,1300.0,1100.0,668.0,613.0,412.0,0.0,0.0,1.0,2.0,3.0,3.0,3,1,3,3,3,3
SADHX5,462.0,1200.0,824.0,799.0,224.0,818.0,1300.0,1500.0,1100.0,1500.0,244.0,1500.0,1.0,0.0,1.0,1.0,3.0,1.0,3,3,3,3,3,3
S1YU5Y,1600.0,1600.0,1500.0,458.0,1200.0,1600.0,1750.0,1600.0,1500.0,1100.0,1400.0,1600.0,0.0,0.0,0.0,1.0,0.0,0.0,2,1,1,3,3,1
1PY96T,666.0,1400.0,1400.0,10000.0,149.0,808.0,666.0,1600.0,1600.0,10000.0,491.0,906.0,1.0,0.0,0.0,0.0,3.0,2.0,1,3,2,0,3,3
SC0345,569.0,221.0,249.0,773.0,546.0,1500.0,569.0,980.0,1024.5,1200.0,842.0,1500.0,1.0,2.0,1.0,1.0,3.0,0.0,1,3,2,3,3,3
JNGVY0,10000.0,1800.0,1600.0,395.0,491.0,10000.0,10000.0,1800.0,1600.0,570.5,940.0,10000.0,0.0,0.0,0.0,2.0,3.0,0.0,0,1,2,2,3,0
6AUHC8,10000.0,1800.0,1600.0,393.0,493.0,10000.0,10000.0,1800.0,1600.0,566.5,931.0,10000.0,0.0,0.0,0.0,2.0,3.0,0.0,0,1,2,2,3,0
3YY0KQ,582.0,773.0,911.0,695.0,479.0,402.0,582.0,934.0,1255.5,1300.0,496.0,1101.0,1.0,2.0,1.0,1.0,3.0,1.0,1,3,2,3,3,2
ABTZWY,1400.0,1500.0,521.0,442.0,267.0,340.0,1450.0,1500.0,628.0,442.0,632.0,340.0,0.0,0.0,2.0,1.0,3.0,1.0,2,3,3,1,3,1
7CP9UA,10000.0,518.0,1500.0,1100.0,987.0,10000.0,10000.0,518.0,1500.0,1250.0,1400.0,10000.0,0.0,1.0,0.0,0.0,1.0,0.0,0,1,3,2,3,0
WG82NR,10000.0,10000.0,481.0,1400.0,526.0,10000.0,10000.0,10000.0,481.0,1550.0,577.0,10000.0,0.0,0.0,1.0,0.0,3.0,0.0,0,0,1,2,3,0
QYYT6U,937.0,10000.0,1800.0,10000.0,307.0,769.0,937.0,10000.0,1800.0,10000.0,656.0,860.0,1.0,0.0,0.0,0.0,2.0,2.0,1,0,1,0,3,3
5H6JM7,1600.0,10000.0,551.0,452.0,345.0,415.0,1600.0,10000.0,551.0,1026.0,501.0,702.0,0.0,0.0,1.0,1.0,3.0,3.0,1,0,1,2,3,3
RGAS0J,10000.0,10000.0,349.0,10000.0,781.0,560.0,10000.0,10000.0,679.0,10000.0,983.0,1100.0,0.0,0.0,3.0,0.0,2.0,1.0,0,0,3,0,3,3
JG7H30,570.0,480.0,1600.0,1400.0,485.0,1200.0,746.5,488.0,1600.0,1650.0,551.0,1200.0,2.0,3.0,0.0,0.0,3.0,0.0,2,3,3,2,3,3
6URTD8,10000.0,312.0,864.0,1800.0,770.0,10000.0,10000.0,312.0,1800.0,1800.0,997.0,10000.0,0.0,1.0,1.0,0.0,2.0,0.0,0,1,3,1,3,0
7H2VQA,10000.0,10000.0,900.0,1300.0,821.0,1300.0,10000.0,10000.0,1100.0,1300.0,933.0,1300.0,0.0,0.0,1.0,0.0,3.0,0.0,0,0,2,1,3,2
Q7RE0U,10000.0,1600.0,1400.0,997.0,478.0,448.0,10000.0,1750.0,1600.0,1100.0,547.0,800.0,0.0,0.0,0.0,1.0,3.0,3.0,0,2,3,3,3,3
Q7K57U,10000.0,10000.0,731.0,10000.0,504.0,10000.0,10000.0,10000.0,965.5,10000.0,520.0,10000.0,0.0,0.0,1.0,0.0,3.0,0.0,0,0,2,0,3,0
W9Z74R,10000.0,1700.0,10000.0,926.0,772.0,2000.0,10000.0,1700.0,10000.0,926.0,1800.0,2000.0,0.0,0.0,0.0,1.0,1.0,0.0,0,1,0,1,3,1
GN1YE2,798.0,1000.0,582.0,846.0,579.0,467.0,1199.0,1000.0,1200.0,1100.0,623.0,722.0,1.0,1.0,1.0,1.0,3.0,3.0,2,1,3,3,3,3
SA3SV5,10000.0,1500.0,10000.0,1900.0,737.0,1500.0,10000.0,1650.0,10000.0,1900.0,747.0,1500.0,0.0,0.0,0.0,0.0,3.0,0.0,0,2,0,1,3,2
AH127Y,10000.0,10000.0,1100.0,1200.0,1000.0,1200.0,10000.0,10000.0,1350.0,1500.0,1200.0,1200.0,0.0,0.0,0.0,0.0,1.0,0.0,0,0,2,2,3,2
W0S1NR,412.0,46.0,161.0,502.0,184.0,136.0,457.0,381.0,284.0,642.0,258.0,248.0,3.0,3.0,3.0,3.0,3.0,3.0,3,3,3,3,3,3
8UFER3,1600.0,1000.0,932.0,445.0,549.0,398.0,1650.0,1400.0,1300.0,768.0,665.0,432.0,0.0,1.0,1.0,3.0,3.0,2.0,2,3,3,3,3,3
DC269H,578.0,832.0,100.0,705.0,536.0,511.0,803.0,1100.0,169.0,723.0,727.0,858.0,3.0,1.0,2.0,2.0,3.0,3.0,3,3,3,3,3,3
5BPZB7,10000.0,10000.0,10000.0,10000.0,1400.0,10000.0,10000.0,10000.0,10000.0,10000.0,1400.0,10000.0,0.0,0.0,0.0,0.0,0.0,0.0,0,0,0,0,1,0
SY12G5,10000.0,10000.0,1400.0,755.0,1400.0,849.0,10000.0,10000.0,1450.0,1227.5,1400.0,854.0,0.0,0.0,0.0,1.0,0.0,2.0,0,0,2,2,3,2
35PG3Q,10000.0,2000.0,1100.0,10000.0,504.0,10000.0,10000.0,2000.0,1100.0,10000.0,1200.0,10000.0,0.0,0.0,0.0,0.0,1.0,0.0,0,1,1,0,3,0
9ZAMXP,10000.0,10000.0,10000.0,1500.0,439.0,1200.0,10000.0,10000.0,10000.0,1550.0,685.0,1200.0,0.0,0.0,0.0,0.0,3.0,0.0,0,0,0,2,3,1
CFXZAB,606.0,1500.0,1400.0,10000.0,408.0,1200.0,606.0,1500.0,1400.0,10000.0,605.0,1200.0,1.0,0.0,0.0,0.0,3.0,0.0,1,1,1,0,3,3
2XQC9Z,827.0,802.0,838.0,261.0,565.0,406.0,1413.5,1300.0,850.0,375.0,589.0,652.0,1.0,1.0,3.0,2.0,3.0,3.0,2,3,3,3,3,3
ERZ374,10000.0,10000.0,402.0,10000.0,409.0,10000.0,10000.0,10000.0,402.0,10000.0,735.0,10000.0,0.0,0.0,1.0,0.0,3.0,0.0,0,0,1,0,3,0
4RH8CF,10000.0,10000.0,581.0,1600.0,501.0,1600.0,10000.0,10000.0,890.5,1600.0,630.0,1650.0,0.0,0.0,1.0,0.0,3.0,0.0,0,0,2,1,3,2
8U0CC3,808.0,833.0,803.0,1900.0,324.0,1100.0,808.0,1200.0,1300.0,1900.0,552.0,1100.0,1.0,1.0,1.0,0.0,3.0,0.0,1,3,3,1,3,1
JGFSR0,1200.0,1400.0,909.0,850.0,412.0,515.0,1200.0,1400.0,1300.0,1100.0,779.0,847.0,0.0,0.0,1.0,1.0,3.0,2.0,3,1,3,3,3,3
Q7MP5U,10000.0,1500.0,380.0,10000.0,463.0,2000.0,10000.0,1500.0,1090.0,10000.0,726.0,2000.0,0.0,0.0,1.0,0.0,3.0,0.0,0,1,2,0,3,1
7H2UEA,10000.0,10000.0,1000.0,10000.0,552.0,10000.0,10000.0,10000.0,1000.0,10000.0,601.0,10000.0,0.0,0.0,1.0,0.0,3.0,0.0,0,0,1,0,3,0
W96V6R,10000.0,10000.0,1100.0,1100.0,854.0,10000.0,10000.0,10000.0,1100.0,1100.0,938.0,10000.0,0.0,0.0,0.0,0.0,3.0,0.0,0,0,1,1,3,0
Q7CRRU,1800.0,10000.0,344.0,446.0,325.0,434.0,1800.0,10000.0,1400.0,988.0,510.0,1100.0,0.0,0.0,1.0,2.0,3.0,1.0,1,0,3,3,3,3
RPZD7J,10000.0,10000.0,1500.0,1600.0,908.0,911.0,10000.0,10000.0,1500.0,1600.0,1100.0,917.0,0.0,0.0,0.0,0.0,1.0,2.0,0,0,1,1,3,3
KEASAC,1700.0,877.0,10000.0,513.0,382.0,983.0,1700.0,1138.5,10000.0,816.0,886.0,985.5,0.0,1.0,0.0,3.0,2.0,2.0,1,2,0,3,3,2
CJSTQB,10000.0,10000.0,10000.0,10000.0,1300.0,10000.0,10000.0,10000.0,10000.0,10000.0,1450.0,10000.0,0.0,0.0,0.0,0.0,0.0,0.0,0,0,0,0,2,0
AKZPBY,10000.0,10000.0,10000.0,10000.0,1900.0,10000.0,10000.0,10000.0,10000.0,10000.0,1900.0,10000.0,0.0,0.0,0.0,0.0,0.0,0.0,0,0,0,0,1,0
UAJ4KS,1200.0,1900.0,608.0,244.0,401.0,408.0,1300.0,1900.0,1300.0,1500.0,487.0,411.0,0.0,0.0,1.0,1.0,3.0,3.0,3,1,3,3,3,3
K4BHYC,300.0,929.0,636.0,712.0,193.0,414.0,300.0,1000.0,1700.0,1000.0,201.0,414.0,1.0,2.0,1.0,2.0,3.0,1.0,1,3,3,3,3,1
SAMXT5,1200.0,1600.0,1900.0,973.0,769.0,1700.0,1200.0,1600.0,1900.0,1500.0,1100.0,1750.0,0.0,0.0,0.0,1.0,1.0,0.0,1,1,1,3,3,2
7D1VNA,1500.0,486.0,565.0,10000.0,885.0,610.0,1500.0,556.0,1300.0,10000.0,995.0,978.0,0.0,2.0,1.0,0.0,2.0,2.0,1,3,3,0,3,3
927YAP,10000.0,10000.0,1800.0,10000.0,603.0,10000.0,10000.0,10000.0,1800.0,10000.0,1200.0,10000.0,0.0,0.0,0.0,0.0,1.0,0.0,0,0,1,0,3,0
C0M1FB,10000.0,10000.0,10000.0,10000.0,279.0,10000.0,10000.0,10000.0,10000.0,10000.0,568.0,10000.0,0.0,0.0,0.0,0.0,2.0,0.0,0,0,0,0,2,0
0XUCB9,10000.0,10000.0,10000.0,10000.0,494.0,10000.0,10000.0,10000.0,10000.0,10000.0,709.5,10000.0,0.0,0.0,0.0,0.0,2.0,0.0,0,0,0,0,2,0
JX1W90,1200.0,1300.0,1800.0,1300.0,736.0,1500.0,1500.0,1300.0,1900.0,1400.0,801.0,1650.0,0.0,0.0,0.0,0.0,3.0,0.0,2,1,2,3,3,2
W92X5R,1900.0,1100.0,372.0,1100.0,460.0,442.0,1900.0,1400.0,880.0,1500.0,478.0,768.0,0.0,0.0,2.0,0.0,3.0,3.0,3,3,3,3,3,3
GTRWQ2,10000.0,1200.0,1100.0,1300.0,321.0,372.0,10000.0,1500.0,1450.0,1300.0,494.0,1400.0,0.0,0.0,0.0,0.0,3.0,1.0,0,3,2,3,3,3
KRWJFC,10000.0,10000.0,10000.0,10000.0,1700.0,10000.0,10000.0,10000.0,10000.0,10000.0,1750.0,10000.0,0.0,0.0,0.0,0.0,0.0,0.0,0,0,0,0,2,0
5KZ5G7,694.0,10000.0,10000.0,1600.0,461.0,1900.0,694.0,10000.0,10000.0,1600.0,462.5,1900.0,1.0,0.0,0.0,0.0,2.0,0.0,1,0,0,1,2,1
D4NPKH,1000.0,10000.0,693.0,439.0,307.0,1000.0,1400.0,10000.0,872.0,1300.0,326.0,1000.0,1.0,0.0,2.0,1.0,3.0,1.0,3,0,3,3,3,1
UDV2KS,894.0,10000.0,10000.0,1500.0,1300.0,10000.0,894.0,10000.0,10000.0,1500.0,1300.0,10000.0,1.0,0.0,0.0,0.0,0.0,0.0,1,0,0,1,3,0
2VRH5Z,1100.0,10000.0,10000.0,587.0,332.0,10000.0,1100.0,10000.0,10000.0,587.0,662.0,10000.0,0.0,0.0,0.0,1.0,3.0,0.0,1,0,0,1,3,0
WGSEBR,848.0,10000.0,722.0,1200.0,437.0,889.0,1224.0,10000.0,758.0,1200.0,786.0,1100.0,1.0,0.0,2.0,0.0,3.0,1.0,2,0,3,1,3,3
YB003D,1300.0,10000.0,1500.0,10000.0,967.0,10000.0,1300.0,10000.0,1500.0,10000.0,1200.0,10000.0,0.0,0.0,0.0,0.0,1.0,0.0,1,0,2,0,3,0
SC06K5,371.0,10000.0,10000.0,10000.0,529.0,10000.0,566.5,10000.0,10000.0,10000.0,586.0,10000.0,2.0,0.0,0.0,0.0,3.0,0.0,2,0,0,0,3,0
QY9ACU,10000.0,10000.0,10000.0,10000.0,10000.0,988.0,10000.0,10000.0,10000.0,10000.0,10000.0,988.0,0.0,0.0,0.0,0.0,0.0,1.0,0,0,0,0,0,1
A4TNJY,773.0,1500.0,637.0,689.0,684.0,418.0,1000.0,1650.0,960.0,1200.0,720.0,1500.0,2.0,0.0,2.0,1.0,3.0,1.0,3,2,3,3,3,3
5KTEM7,10000.0,2000.0,10000.0,10000.0,715.0,10000.0,10000.0,2000.0,10000.0,10000.0,782.0,10000.0,0.0,0.0,0.0,0.0,3.0,0.0,0,1,0,0,3,0
Q76Z5U,10000.0,882.0,634.0,10000.0,114.0,10000.0,10000.0,882.0,634.0,10000.0,148.0,10000.0,0.0,1.0,1.0,0.0,3.0,0.0,0,1,1,0,3,0
Q7YW9U,10000.0,10000.0,1000.0,10000.0,1200.0,1700.0,10000.0,10000.0,1000.0,10000.0,1600.0,1700.0,0.0,0.0,1.0,0.0,0.0,0.0,0,0,1,0,3,1
6U5H78,781.0,882.0,271.0,1200.0,217.0,1200.0,781.0,882.0,1800.0,1500.0,248.0,1300.0,1.0,1.0,1.0,0.0,3.0,0.0,1,1,3,3,3,3
5DKFK7,781.0,882.0,271.0,1200.0,217.0,1200.0,781.0,882.0,1800.0,1500.0,248.0,1300.0,1.0,1.0,1.0,0.0,3.0,0.0,1,1,3,3,3,3
6U5DV8,781.0,882.0,271.0,1200.0,217.0,1200.0,781.0,882.0,1800.0,1500.0,248.0,1300.0,1.0,1.0,1.0,0.0,3.0,0.0,1,1,3,3,3,3
UA7NUS,896.0,700.0,231.0,1400.0,195.0,699.0,896.0,700.0,1500.0,1550.0,286.0,904.0,1.0,1.0,1.0,0.0,3.0,3.0,1,1,3,2,3,3
QAGNWU,187.0,10000.0,10000.0,1300.0,1200.0,1700.0,201.0,10000.0,10000.0,1300.0,1200.0,1800.0,2.0,0.0,0.0,0.0,0.0,0.0,2,0,0,1,3,3
87NJ43,1900.0,10000.0,10000.0,10000.0,10000.0,10000.0,1900.0,10000.0,10000.0,10000.0,10000.0,10000.0,0.0,0.0,0.0,0.0,0.0,0.0,1,0,0,0,0,0
ABUK2Y,10000.0,10000.0,10000.0,913.0,699.0,1300.0,10000.0,10000.0,10000.0,913.0,921.0,1300.0,0.0,0.0,0.0,1.0,3.0,0.0,0,0,0,1,3,1
9TGVEP,1500.0,10000.0,1400.0,1200.0,1100.0,10000.0,1500.0,10000.0,1400.0,1200.0,1400.0,10000.0,0.0,0.0,0.0,0.0,0.0,0.0,1,0,1,1,3,0
GMD6M2,2000.0,10000.0,10000.0,10000.0,10000.0,10000.0,2000.0,10000.0,10000.0,10000.0,10000.0,10000.0,0.0,0.0,0.0,0.0,0.0,0.0,1,0,0,0,0,0
WPJTDR,1500.0,10000.0,1400.0,1200.0,1100.0,10000.0,1500.0,10000.0,1400.0,1200.0,1400.0,10000.0,0.0,0.0,0.0,0.0,0.0,0.0,1,0,1,1,3,0
QASK0U,10000.0,10000.0,10000.0,1900.0,2000.0,10000.0,10000.0,10000.0,10000.0,1900.0,2000.0,10000.0,0.0,0.0,0.0,0.0,0.0,0.0,0,0,0,1,1,0
D4MYXH,1500.0,10000.0,1500.0,10000.0,645.0,10000.0,1550.0,10000.0,1700.0,10000.0,752.0,10000.0,0.0,0.0,0.0,0.0,3.0,0.0,2,0,2,0,3,0
UDH4AS,600.0,1500.0,767.0,1000.0,66.0,1200.0,632.0,1700.0,795.0,1300.0,1100.0,1200.0,2.0,0.0,2.0,1.0,1.0,0.0,3,3,3,3,3,3
YCF3RD,1600.0,565.0,872.0,697.0,786.0,544.0,1700.0,605.0,1136.0,1100.0,805.0,966.0,0.0,3.0,1.0,1.0,3.0,2.0,2,3,2,3,3,3
7HE6EA,1600.0,565.0,872.0,697.0,786.0,544.0,1700.0,605.0,1136.0,1100.0,805.0,966.0,0.0,3.0,1.0,1.0,3.0,2.0,2,3,2,3,3,3
9ZME2P,1600.0,565.0,872.0,697.0,786.0,544.0,1700.0,605.0,1136.0,1100.0,805.0,966.0,0.0,3.0,1.0,1.0,3.0,2.0,2,3,2,3,3,3
PTXSBG,1700.0,509.0,641.0,785.0,150.0,662.0,1700.0,904.5,765.0,1200.0,440.0,671.0,0.0,1.0,3.0,1.0,3.0,3.0,1,2,3,3,3,3
QYMNCU,1100.0,10000.0,10000.0,10000.0,1800.0,10000.0,1150.0,10000.0,10000.0,10000.0,1850.0,10000.0,0.0,0.0,0.0,0.0,0.0,0.0,2,0,0,0,2,0
6551M8,614.0,1500.0,183.0,1500.0,334.0,262.0,1100.0,1500.0,211.0,1500.0,416.0,295.0,1.0,0.0,3.0,0.0,3.0,3.0,3,1,3,1,3,3
UDVM3S,1100.0,10000.0,10000.0,10000.0,1800.0,10000.0,1150.0,10000.0,10000.0,10000.0,1850.0,10000.0,0.0,0.0,0.0,0.0,0.0,0.0,2,0,0,0,2,0
E96J04,677.0,10000.0,1200.0,772.0,1100.0,1500.0,1400.0,10000.0,1600.0,811.0,1200.0,1500.0,1.0,0.0,0.0,2.0,0.0,0.0,3,0,3,3,3,1
DEYE9H,1500.0,10000.0,1100.0,301.0,153.0,10000.0,1500.0,10000.0,1100.0,850.5,463.0,10000.0,0.0,0.0,0.0,1.0,3.0,0.0,1,0,1,2,3,0
JZBB60,894.0,10000.0,10000.0,10000.0,1200.0,1900.0,993.0,10000.0,10000.0,10000.0,1300.0,1900.0,2.0,0.0,0.0,0.0,0.0,0.0,3,0,0,0,3,2
AC8URY,1500.0,10000.0,445.0,10000.0,442.0,10000.0,1500.0,10000.0,445.0,10000.0,810.0,10000.0,0.0,0.0,1.0,0.0,3.0,0.0,1,0,1,0,3,0
6S5W78,517.0,1500.0,819.0,1500.0,645.0,1800.0,1108.5,1500.0,819.0,1500.0,664.0,1900.0,1.0,0.0,1.0,0.0,2.0,0.0,2,1,1,1,3,2
KRWR4C,10000.0,10000.0,295.0,286.0,201.0,10000.0,10000.0,10000.0,847.5,286.0,535.0,10000.0,0.0,0.0,1.0,1.0,3.0,0.0,0,0,2,1,3,0
J29YR0,10000.0,10000.0,10000.0,10000.0,1600.0,10000.0,10000.0,10000.0,10000.0,10000.0,1750.0,10000.0,0.0,0.0,0.0,0.0,0.0,0.0,0,0,0,0,2,0
YENB9D,948.0,1700.0,1300.0,1300.0,760.0,1200.0,1200.0,1850.0,1550.0,1800.0,870.0,1500.0,1.0,0.0,0.0,0.0,3.0,0.0,3,2,2,3,3,3
85TAU3,834.0,10000.0,1900.0,10000.0,957.0,1500.0,917.0,10000.0,1900.0,10000.0,1100.0,1500.0,3.0,0.0,0.0,0.0,1.0,0.0,3,0,1,0,3,2
65S2G8,1200.0,10000.0,10000.0,10000.0,1500.0,10000.0,1200.0,10000.0,10000.0,10000.0,1650.0,10000.0,0.0,0.0,0.0,0.0,0.0,0.0,1,0,0,0,2,0
7EP7GA,10000.0,10000.0,230.0,10000.0,668.0,10000.0,10000.0,10000.0,230.0,10000.0,1100.0,10000.0,0.0,0.0,1.0,0.0,1.0,0.0,0,0,1,0,3,0
8AHBN3,10000.0,1200.0,1800.0,10000.0,1400.0,10000.0,10000.0,1200.0,1800.0,10000.0,1500.0,10000.0,0.0,0.0,0.0,0.0,0.0,0.0,0,1,1,0,3,0
0ZCW79,1500.0,10000.0,10000.0,2000.0,1800.0,10000.0,1500.0,10000.0,10000.0,2000.0,1800.0,10000.0,0.0,0.0,0.0,0.0,0.0,0.0,1,0,0,1,2,0
YE71ND,10000.0,10000.0,10000.0,10000.0,1400.0,1300.0,10000.0,10000.0,10000.0,10000.0,1450.0,1300.0,0.0,0.0,0.0,0.0,0.0,0.0,0,0,0,0,2,1
WG4AXR,10000.0,10000.0,10000.0,10000.0,1400.0,1300.0,10000.0,10000.0,10000.0,10000.0,1450.0,1300.0,0.0,0.0,0.0,0.0,0.0,0.0,0,0,0,0,2,1
QY82WU,10000.0,10000.0,10000.0,10000.0,1400.0,1300.0,10000.0,10000.0,10000.0,10000.0,1450.0,1300.0,0.0,0.0,0.0,0.0,0.0,0.0,0,0,0,0,2,1
40N8VF,1200.0,1200.0,610.0,985.0,841.0,10000.0,1350.0,1200.0,1155.0,985.0,939.0,10000.0,0.0,0.0,1.0,1.0,3.0,0.0,2,1,2,1,3,0
KW6PUC,1600.0,715.0,846.0,1300.0,686.0,586.0,1600.0,1157.5,1600.0,1300.0,712.0,794.0,0.0,1.0,1.0,0.0,3.0,3.0,2,2,3,1,3,3
RT371J,662.0,600.0,417.0,922.0,280.0,392.0,788.0,603.0,424.0,1600.0,505.0,628.0,3.0,3.0,3.0,1.0,3.0,3.0,3,3,3,3,3,3
65DJ58,2000.0,10000.0,10000.0,10000.0,526.0,10000.0,2000.0,10000.0,10000.0,10000.0,569.0,10000.0,0.0,0.0,0.0,0.0,3.0,0.0,1,0,0,0,3,0
8SVT43,523.0,918.0,115.0,717.0,562.0,442.0,829.0,968.0,193.0,736.0,638.0,803.0,3.0,2.0,2.0,2.0,3.0,3.0,3,3,3,3,3,3
QYH2XU,10000.0,10000.0,10000.0,10000.0,1700.0,10000.0,10000.0,10000.0,10000.0,10000.0,1700.0,10000.0,0.0,0.0,0.0,0.0,0.0,0.0,0,0,0,0,1,0
RZ0DEJ,1100.0,10000.0,10000.0,10000.0,1700.0,10000.0,1100.0,10000.0,10000.0,10000.0,1700.0,10000.0,0.0,0.0,0.0,0.0,0.0,0.0,2,0,0,0,1,0
0ZZ3H9,1200.0,10000.0,1200.0,10000.0,1100.0,10000.0,1200.0,10000.0,1600.0,10000.0,1400.0,10000.0,0.0,0.0,0.0,0.0,0.0,0.0,1,0,3,0,3,0
1SNSF6,10000.0,10000.0,10000.0,10000.0,266.0,10000.0,10000.0,10000.0,10000.0,10000.0,2000.0,10000.0,0.0,0.0,0.0,0.0,1.0,0.0,0,0,0,0,3,0
QHR23U,148.0,1600.0,1100.0,10000.0,348.0,556.0,1100.0,1600.0,1100.0,10000.0,926.0,837.0,1.0,0.0,0.0,0.0,2.0,3.0,3,1,3,0,3,3
7K450A,2000.0,10000.0,10000.0,10000.0,1900.0,10000.0,2000.0,10000.0,10000.0,10000.0,1900.0,10000.0,0.0,0.0,0.0,0.0,0.0,0.0,1,0,0,0,1,0
DE444H,744.0,753.0,839.0,600.0,136.0,556.0,1600.0,1000.0,1100.0,700.0,498.0,743.0,1.0,2.0,1.0,3.0,3.0,3.0,3,3,3,3,3,3
GMN7R2,10000.0,10000.0,1000.0,10000.0,1300.0,10000.0,10000.0,10000.0,1000.0,10000.0,1400.0,10000.0,0.0,0.0,1.0,0.0,0.0,0.0,0,0,1,0,3,0
SKP3H5,10000.0,10000.0,10000.0,1200.0,1500.0,10000.0,10000.0,10000.0,10000.0,1700.0,1600.0,10000.0,0.0,0.0,0.0,0.0,0.0,0.0,0,0,0,3,2,0
SDN4J5,1100.0,10000.0,10000.0,10000.0,210.0,10000.0,1100.0,10000.0,10000.0,10000.0,921.0,10000.0,0.0,0.0,0.0,0.0,2.0,0.0,1,0,0,0,3,0
9TT34P,873.0,417.0,701.0,1200.0,483.0,1200.0,1700.0,758.5,1500.0,1300.0,529.0,1200.0,1.0,1.0,1.0,0.0,3.0,0.0,3,2,3,2,3,1
GXJ6R2,1400.0,10000.0,10000.0,1600.0,1300.0,2000.0,1650.0,10000.0,10000.0,1700.0,1300.0,2000.0,0.0,0.0,0.0,0.0,0.0,0.0,2,0,0,3,3,1
GM9KM2,232.0,253.0,942.0,83.0,150.0,103.0,706.0,265.0,1000.0,147.0,494.0,440.0,3.0,3.0,2.0,3.0,3.0,3.0,3,3,3,3,3,3
PX615G,2000.0,1400.0,10000.0,10000.0,1200.0,10000.0,2000.0,1400.0,10000.0,10000.0,1300.0,10000.0,0.0,0.0,0.0,0.0,0.0,0.0,1,1,0,0,2,0
5K8UK7,10000.0,10000.0,10000.0,10000.0,358.0,10000.0,10000.0,10000.0,10000.0,10000.0,1900.0,10000.0,0.0,0.0,0.0,0.0,1.0,0.0,0,0,0,0,3,0
6AH3M8,1500.0,10000.0,1300.0,10000.0,1600.0,10000.0,1500.0,10000.0,1300.0,10000.0,1750.0,10000.0,0.0,0.0,0.0,0.0,0.0,0.0,1,0,1,0,2,0
8AAJU3,1400.0,10000.0,553.0,1700.0,266.0,498.0,1400.0,10000.0,553.0,1700.0,884.0,660.0,0.0,0.0,1.0,0.0,2.0,2.0,1,0,1,1,3,2
EJ2RZ4,115.0,343.0,214.0,382.0,50.0,102.0,275.0,453.0,938.0,1000.0,188.0,514.0,3.0,2.0,3.0,2.0,3.0,3.0,3,3,3,3,3,3
EJJRV4,460.0,1400.0,1600.0,362.0,382.0,1000.0,1000.0,1400.0,1900.0,981.0,430.0,1500.0,2.0,0.0,0.0,1.0,3.0,1.0,3,1,3,2,3,3
6SFC18,1300.0,10000.0,10000.0,10000.0,1000.0,10000.0,1300.0,10000.0,10000.0,10000.0,1500.0,10000.0,0.0,0.0,0.0,0.0,1.0,0.0,1,0,0,0,3,0
2VR04Z,1000.0,10000.0,10000.0,1300.0,669.0,10000.0,1000.0,10000.0,10000.0,1300.0,782.0,10000.0,1.0,0.0,0.0,0.0,2.0,0.0,1,0,0,1,3,0
6ST748,10000.0,10000.0,2000.0,10000.0,1900.0,983.0,10000.0,10000.0,2000.0,10000.0,1900.0,983.0,0.0,0.0,0.0,0.0,0.0,1.0,0,0,1,0,1,1
WPXY4R,1700.0,10000.0,808.0,10000.0,249.0,1500.0,1700.0,10000.0,1254.0,10000.0,411.0,1500.0,0.0,0.0,1.0,0.0,3.0,0.0,1,0,2,0,3,3
6S57X8,10000.0,10000.0,10000.0,1300.0,617.0,10000.0,10000.0,10000.0,10000.0,1700.0,732.0,10000.0,0.0,0.0,0.0,0.0,2.0,0.0,0,0,0,3,3,0
1SZTA6,670.0,1900.0,1700.0,1800.0,449.0,1400.0,752.0,1900.0,1700.0,1800.0,486.0,1400.0,2.0,0.0,0.0,0.0,2.0,0.0,3,1,1,1,3,3
2V3Y0Z,10000.0,10000.0,10000.0,1200.0,354.0,10000.0,10000.0,10000.0,10000.0,1200.0,359.0,10000.0,0.0,0.0,0.0,0.0,2.0,0.0,0,0,0,1,3,0
37HWSQ,525.0,10000.0,409.0,10000.0,409.0,10000.0,1100.0,10000.0,1000.0,10000.0,636.0,10000.0,1.0,0.0,2.0,0.0,3.0,0.0,3,0,3,0,3,0
8AV4D3,352.0,1000.0,637.0,1200.0,219.0,567.0,934.0,1300.0,1200.0,1200.0,336.0,945.0,3.0,1.0,1.0,0.0,3.0,3.0,3,3,3,1,3,3
KWV2AC,10000.0,10000.0,10000.0,10000.0,1200.0,10000.0,10000.0,10000.0,10000.0,10000.0,1300.0,10000.0,0.0,0.0,0.0,0.0,0.0,0.0,0,0,0,0,2,0
87JAK3,181.0,10000.0,1400.0,10000.0,686.0,10000.0,181.0,10000.0,1400.0,10000.0,793.0,10000.0,1.0,0.0,0.0,0.0,3.0,0.0,1,0,1,0,3,0
7K8VNA,10000.0,10000.0,892.0,10000.0,373.0,10000.0,10000.0,10000.0,892.0,10000.0,703.0,10000.0,0.0,0.0,1.0,0.0,3.0,0.0,0,0,1,0,3,0
1U5886,583.0,1900.0,1500.0,10000.0,627.0,943.0,583.0,1900.0,1500.0,10000.0,777.0,1121.5,1.0,0.0,0.0,0.0,3.0,1.0,1,1,1,0,3,2
3A62NQ,10000.0,10000.0,10000.0,10000.0,1400.0,10000.0,10000.0,10000.0,10000.0,10000.0,1500.0,10000.0,0.0,0.0,0.0,0.0,0.0,0.0,0,0,0,0,2,0
GMH9W2,10000.0,10000.0,382.0,1400.0,443.0,1200.0,10000.0,10000.0,382.0,1400.0,520.0,1500.0,0.0,0.0,1.0,0.0,2.0,0.0,0,0,1,1,3,2
SDXAY5,10000.0,10000.0,10000.0,10000.0,396.0,1900.0,10000.0,10000.0,10000.0,10000.0,748.0,1900.0,0.0,0.0,0.0,0.0,1.0,0.0,0,0,0,0,2,1
5K8QC7,10000.0,10000.0,10000.0,10000.0,187.0,10000.0,10000.0,10000.0,10000.0,10000.0,187.0,10000.0,0.0,0.0,0.0,0.0,1.0,0.0,0,0,0,0,1,0
JZ5GW0,1500.0,10000.0,10000.0,1900.0,1700.0,10000.0,1500.0,10000.0,10000.0,1900.0,1700.0,10000.0,0.0,0.0,0.0,0.0,0.0,0.0,1,0,0,1,3,0
AB4V8Y,1700.0,10000.0,10000.0,10000.0,941.0,10000.0,1700.0,10000.0,10000.0,10000.0,1300.0,10000.0,0.0,0.0,0.0,0.0,1.0,0.0,1,0,0,0,3,0
UYKMJS,1700.0,10000.0,711.0,10000.0,381.0,1500.0,1700.0,10000.0,1255.5,10000.0,512.0,1500.0,0.0,0.0,1.0,0.0,3.0,0.0,1,0,2,0,3,3
5D5XM7,636.0,660.0,347.0,354.0,362.0,245.0,740.0,973.0,1500.0,813.0,466.0,415.0,3.0,2.0,1.0,3.0,3.0,3.0,3,3,3,3,3,3
2M6PQZ,1200.0,10000.0,1200.0,10000.0,377.0,1100.0,1200.0,10000.0,1400.0,10000.0,479.0,1100.0,0.0,0.0,0.0,0.0,3.0,0.0,1,0,3,0,3,3
YF21KD,1200.0,323.0,758.0,1000.0,204.0,327.0,1200.0,379.0,1200.0,1100.0,511.0,399.0,0.0,3.0,1.0,1.0,3.0,3.0,3,3,3,3,3,3
3ATM3Q,1100.0,1300.0,540.0,616.0,116.0,273.0,1100.0,1400.0,867.0,648.0,431.0,1100.0,0.0,0.0,3.0,3.0,3.0,1.0,3,3,3,3,3,3
SYSVG5,434.0,455.0,657.0,1700.0,196.0,381.0,518.0,759.0,956.0,1700.0,294.0,849.0,3.0,2.0,3.0,0.0,3.0,2.0,3,3,3,1,3,3
650KJ8,980.0,10000.0,10000.0,10000.0,1300.0,1900.0,1100.0,10000.0,10000.0,10000.0,1300.0,1900.0,1.0,0.0,0.0,0.0,0.0,0.0,3,0,0,0,3,2
DEV6WH,1300.0,10000.0,377.0,823.0,363.0,1100.0,1700.0,10000.0,623.0,823.0,382.0,1100.0,0.0,0.0,2.0,1.0,3.0,0.0,3,0,3,1,3,3
JZBUP0,10000.0,10000.0,10000.0,10000.0,982.0,10000.0,10000.0,10000.0,10000.0,10000.0,991.0,10000.0,0.0,0.0,0.0,0.0,2.0,0.0,0,0,0,0,2,0
9TDCHP,10000.0,10000.0,10000.0,10000.0,1400.0,10000.0,10000.0,10000.0,10000.0,10000.0,1500.0,10000.0,0.0,0.0,0.0,0.0,0.0,0.0,0,0,0,0,3,0
5HBQM7,413.0,1000.0,1000.0,996.0,876.0,1300.0,1100.0,1000.0,1500.0,1200.0,978.0,1600.0,1.0,1.0,1.0,1.0,3.0,0.0,3,1,3,3,3,3
7K81XA,253.0,1100.0,470.0,431.0,315.0,273.0,963.0,1400.0,953.0,915.5,395.0,273.0,2.0,0.0,3.0,1.0,3.0,1.0,3,2,3,2,3,1
850WW3,969.0,10000.0,1400.0,10000.0,165.0,832.0,969.0,10000.0,1400.0,10000.0,607.0,854.0,1.0,0.0,0.0,0.0,3.0,3.0,1,0,3,0,3,3
UYT0HS,313.0,10000.0,1500.0,10000.0,618.0,178.0,906.5,10000.0,1600.0,10000.0,1300.0,183.0,1.0,0.0,0.0,0.0,1.0,3.0,2,0,3,0,3,3
2MUBPZ,10000.0,10000.0,545.0,10000.0,482.0,10000.0,10000.0,10000.0,545.0,10000.0,1100.0,10000.0,0.0,0.0,1.0,0.0,1.0,0.0,0,0,1,0,3,0
5HB1Z7,1700.0,10000.0,711.0,10000.0,381.0,1500.0,1700.0,10000.0,1255.5,10000.0,512.0,1500.0,0.0,0.0,1.0,0.0,3.0,0.0,1,0,2,0,3,3
3A0R8Q,10000.0,10000.0,10000.0,10000.0,375.0,10000.0,10000.0,10000.0,10000.0,10000.0,1900.0,10000.0,0.0,0.0,0.0,0.0,1.0,0.0,0,0,0,0,3,0
1UVQH6,1200.0,1500.0,1400.0,854.0,622.0,1500.0,1300.0,1550.0,1500.0,854.0,810.0,1500.0,0.0,0.0,0.0,1.0,3.0,0.0,3,2,3,1,3,3
UYHZFS,510.0,1300.0,1000.0,756.0,594.0,1300.0,1100.0,1300.0,1300.0,1500.0,876.0,1600.0,1.0,0.0,1.0,1.0,3.0,0.0,3,1,3,3,3,3
7KBXRA,506.0,1300.0,1000.0,753.0,591.0,1400.0,1100.0,1300.0,1300.0,1500.0,877.0,1600.0,1.0,0.0,1.0,1.0,3.0,0.0,3,1,3,3,3,3
85APQ3,447.0,1300.0,1000.0,776.0,629.0,1400.0,1200.0,1300.0,1400.0,1500.0,944.0,1600.0,1.0,0.0,1.0,1.0,3.0,0.0,3,1,3,3,3,3
JZ28Y0,1900.0,10000.0,783.0,10000.0,294.0,10000.0,1900.0,10000.0,783.0,10000.0,1200.0,10000.0,0.0,0.0,1.0,0.0,1.0,0.0,1,0,1,0,3,0
5HX5W7,929.0,1900.0,1500.0,10000.0,1000.0,1800.0,1114.5,1900.0,1750.0,10000.0,1200.0,1800.0,1.0,0.0,0.0,0.0,1.0,0.0,2,1,2,0,3,1
AC08XY,1800.0,10000.0,1300.0,10000.0,761.0,10000.0,1850.0,10000.0,1300.0,10000.0,771.0,10000.0,0.0,0.0,0.0,0.0,3.0,0.0,2,0,1,0,3,0
6SK9C8,10000.0,10000.0,755.0,10000.0,404.0,10000.0,10000.0,10000.0,755.0,10000.0,670.0,10000.0,0.0,0.0,1.0,0.0,3.0,0.0,0,0,1,0,3,0
QAKXVU,503.0,504.0,513.0,287.0,414.0,10000.0,1500.0,504.0,856.5,287.0,800.0,10000.0,1.0,1.0,1.0,1.0,3.0,0.0,3,1,2,1,3,0
QAT75U,1300.0,10000.0,1400.0,10000.0,1300.0,10000.0,1300.0,10000.0,1400.0,10000.0,1600.0,10000.0,0.0,0.0,0.0,0.0,0.0,0.0,1,0,1,0,2,0
KWJYQC,1100.0,10000.0,10000.0,10000.0,10000.0,726.0,1100.0,10000.0,10000.0,10000.0,10000.0,726.0,0.0,0.0,0.0,0.0,0.0,1.0,1,0,0,0,0,1
5HDDA7,1400.0,10000.0,378.0,552.0,103.0,838.0,1500.0,10000.0,608.0,552.0,486.0,1200.0,0.0,0.0,2.0,1.0,3.0,1.0,3,0,3,1,3,3
QABVDU,1000.0,10000.0,1800.0,10000.0,531.0,539.0,1000.0,10000.0,1800.0,10000.0,681.0,763.0,1.0,0.0,0.0,0.0,3.0,2.0,1,0,1,0,3,2
5HRZE7,337.0,693.0,1200.0,947.0,840.0,1200.0,896.0,693.0,1600.0,1023.5,848.0,1600.0,2.0,1.0,0.0,1.0,2.0,0.0,3,1,3,2,3,3
UYRT2S,135.0,1800.0,1200.0,1800.0,892.0,1600.0,135.0,1800.0,1200.0,1800.0,946.0,1700.0,1.0,0.0,0.0,0.0,3.0,0.0,1,1,1,1,3,2
8794W3,10000.0,10000.0,106.0,1900.0,88.0,1300.0,10000.0,10000.0,106.0,1900.0,1300.0,1500.0,0.0,0.0,1.0,0.0,1.0,0.0,0,0,1,1,3,2
SCECV5,757.0,1200.0,1500.0,944.0,437.0,482.0,1500.0,1200.0,1500.0,1222.0,613.0,701.5,1.0,0.0,0.0,1.0,3.0,2.0,3,1,1,2,3,2
3A0YGQ,10000.0,10000.0,1800.0,10000.0,1900.0,10000.0,10000.0,10000.0,1800.0,10000.0,1900.0,10000.0,0.0,0.0,0.0,0.0,0.0,0.0,0,0,1,0,1,0
QANMNU,1700.0,10000.0,997.0,1800.0,172.0,945.0,1700.0,10000.0,997.0,1800.0,182.0,1322.5,0.0,0.0,1.0,0.0,3.0,1.0,1,0,1,1,3,2
QYASKU,983.0,10000.0,10000.0,10000.0,1400.0,10000.0,984.0,10000.0,10000.0,10000.0,1700.0,10000.0,2.0,0.0,0.0,0.0,0.0,0.0,2,0,0,0,2,0
YBH24D,2000.0,10000.0,483.0,10000.0,236.0,1800.0,2000.0,10000.0,1241.5,10000.0,566.0,1800.0,0.0,0.0,1.0,0.0,3.0,0.0,1,0,2,0,3,3
85TNG3,1600.0,10000.0,10000.0,1600.0,782.0,10000.0,1600.0,10000.0,10000.0,1600.0,823.5,10000.0,0.0,0.0,0.0,0.0,2.0,0.0,1,0,0,1,2,0
EPH824,1400.0,10000.0,1500.0,1300.0,1300.0,1500.0,1400.0,10000.0,1700.0,1450.0,1600.0,1500.0,0.0,0.0,0.0,0.0,0.0,0.0,1,0,2,2,2,1
6S64H8,811.0,1600.0,936.0,1400.0,315.0,585.0,1300.0,1650.0,1300.0,1600.0,341.0,764.0,1.0,0.0,1.0,0.0,3.0,3.0,3,2,3,3,3,3
KRWPJC,10000.0,10000.0,10000.0,10000.0,888.0,10000.0,10000.0,10000.0,10000.0,10000.0,940.5,10000.0,0.0,0.0,0.0,0.0,2.0,0.0,0,0,0,0,2,0
9NWA1P,856.0,10000.0,10000.0,10000.0,665.0,10000.0,856.0,10000.0,10000.0,10000.0,1200.0,10000.0,1.0,0.0,0.0,0.0,1.0,0.0,1,0,0,0,3,0
5K81Y7,741.0,10000.0,10000.0,983.0,10000.0,10000.0,1370.5,10000.0,10000.0,983.0,10000.0,10000.0,1.0,0.0,0.0,1.0,0.0,0.0,2,0,0,1,0,0
1UK2R6,1500.0,10000.0,531.0,133.0,180.0,10000.0,1500.0,10000.0,531.0,133.0,601.0,10000.0,0.0,0.0,1.0,1.0,3.0,0.0,1,0,1,1,3,0
171WN6,10000.0,10000.0,10000.0,10000.0,390.0,10000.0,10000.0,10000.0,10000.0,10000.0,1600.0,10000.0,0.0,0.0,0.0,0.0,1.0,0.0,0,0,0,0,3,0
JTTY40,325.0,10000.0,10000.0,221.0,1100.0,10000.0,325.0,10000.0,10000.0,221.0,1350.0,10000.0,1.0,0.0,0.0,1.0,0.0,0.0,1,0,0,1,2,0
W9FDNR,785.0,10000.0,10000.0,10000.0,183.0,10000.0,936.0,10000.0,10000.0,10000.0,754.0,10000.0,2.0,0.0,0.0,0.0,3.0,0.0,3,0,0,0,3,0
SHECV5,740.0,1300.0,257.0,410.0,154.0,623.0,1300.0,1300.0,1200.0,1800.0,181.0,838.0,1.0,0.0,1.0,1.0,3.0,2.0,3,3,3,3,3,3
AB6QJY,10000.0,10000.0,10000.0,10000.0,2000.0,10000.0,10000.0,10000.0,10000.0,10000.0,2000.0,10000.0,0.0,0.0,0.0,0.0,0.0,0.0,0,0,0,0,1,0
7KK43A,10000.0,10000.0,1700.0,10000.0,88.0,10000.0,10000.0,10000.0,1800.0,10000.0,222.0,10000.0,0.0,0.0,0.0,0.0,3.0,0.0,0,0,2,0,3,0
6779K8,236.0,10000.0,10000.0,184.0,1400.0,10000.0,236.0,10000.0,10000.0,184.0,1650.0,10000.0,1.0,0.0,0.0,1.0,0.0,0.0,1,0,0,1,2,0
0NWSG9,352.0,1000.0,637.0,1200.0,219.0,567.0,934.0,1300.0,1200.0,1200.0,336.0,945.0,3.0,1.0,1.0,0.0,3.0,3.0,3,3,3,1,3,3
KRWWEC,1000.0,10000.0,1900.0,1500.0,406.0,10000.0,1200.0,10000.0,1900.0,1600.0,562.0,10000.0,1.0,0.0,0.0,0.0,2.0,0.0,3,0,1,2,3,0
QA77BU,10000.0,10000.0,1400.0,10000.0,1000.0,1100.0,10000.0,10000.0,1400.0,10000.0,1300.0,1100.0,0.0,0.0,0.0,0.0,1.0,0.0,0,0,1,0,3,1
GXMV72,663.0,1000.0,1300.0,1000.0,570.0,655.0,1300.0,1000.0,1300.0,1150.0,711.0,827.5,1.0,1.0,0.0,1.0,3.0,2.0,3,1,1,2,3,2
KF40WC,767.0,10000.0,1800.0,10000.0,544.0,1000.0,767.0,10000.0,1800.0,10000.0,852.0,1200.0,1.0,0.0,0.0,0.0,2.0,1.0,1,0,1,0,3,2
6S3HK8,344.0,10000.0,10000.0,923.0,1000.0,142.0,1400.0,10000.0,10000.0,1311.5,1100.0,153.0,1.0,0.0,0.0,1.0,1.0,2.0,3,0,0,2,3,3
UDYHJS,955.0,10000.0,988.0,10000.0,188.0,10000.0,960.0,10000.0,1900.0,10000.0,636.0,10000.0,2.0,0.0,1.0,0.0,3.0,0.0,2,0,3,0,3,0
RGFW2J,10000.0,10000.0,1500.0,10000.0,227.0,10000.0,10000.0,10000.0,1500.0,10000.0,301.0,10000.0,0.0,0.0,0.0,0.0,3.0,0.0,0,0,1,0,3,0
QYCJ8U,10000.0,10000.0,10000.0,10000.0,838.0,10000.0,10000.0,10000.0,10000.0,10000.0,1200.0,10000.0,0.0,0.0,0.0,0.0,1.0,0.0,0,0,0,0,3,0
YECSND,10000.0,10000.0,707.0,445.0,221.0,803.0,10000.0,10000.0,1000.0,445.0,335.0,803.0,0.0,0.0,2.0,1.0,3.0,1.0,0,0,3,1,3,1
87QXE3,10000.0,10000.0,10000.0,10000.0,1400.0,10000.0,10000.0,10000.0,10000.0,10000.0,1400.0,10000.0,0.0,0.0,0.0,0.0,0.0,0.0,0,0,0,0,1,0
1UEZF6,10000.0,10000.0,1100.0,10000.0,655.0,1100.0,10000.0,10000.0,1100.0,10000.0,977.0,1100.0,0.0,0.0,0.0,0.0,2.0,0.0,0,0,1,0,3,1
7EGH0A,690.0,825.0,535.0,312.0,90.0,617.0,713.0,874.0,680.0,333.0,128.0,799.0,3.0,2.0,3.0,3.0,3.0,3.0,3,3,3,3,3,3
353GRQ,1600.0,10000.0,10000.0,1900.0,731.0,10000.0,1900.0,10000.0,10000.0,1900.0,1100.0,10000.0,0.0,0.0,0.0,0.0,1.0,0.0,3,0,0,1,3,0
0ZCBQ9,783.0,923.0,911.0,1000.0,562.0,1100.0,785.0,923.0,1000.0,1250.0,618.0,1100.0,3.0,1.0,2.0,1.0,2.0,0.0,3,1,3,2,3,1
1SWUZ6,1300.0,791.0,834.0,995.0,510.0,40.0,1300.0,791.0,845.0,1300.0,576.0,49.0,0.0,1.0,2.0,1.0,3.0,2.0,3,1,3,3,3,3
6S40A8,487.0,1500.0,386.0,1400.0,356.0,705.0,640.0,1700.0,1800.0,1700.0,586.0,1100.0,2.0,0.0,1.0,0.0,3.0,1.0,3,2,3,2,3,3
0MN3C9,361.0,1600.0,395.0,1500.0,124.0,273.0,1080.5,1600.0,1600.0,1600.0,530.0,640.0,1.0,0.0,1.0,0.0,3.0,2.0,2,1,3,2,3,3
KF6XYC,10000.0,10000.0,1800.0,10000.0,1300.0,1200.0,10000.0,10000.0,1800.0,10000.0,1400.0,1200.0,0.0,0.0,0.0,0.0,0.0,0.0,0,0,1,0,3,1
YBHJHD,10000.0,10000.0,1700.0,10000.0,924.0,10000.0,10000.0,10000.0,1700.0,10000.0,945.0,10000.0,0.0,0.0,0.0,0.0,2.0,0.0,0,0,1,0,3,0
UDV1US,897.0,10000.0,10000.0,1500.0,1300.0,10000.0,897.0,10000.0,10000.0,1500.0,1300.0,10000.0,1.0,0.0,0.0,0.0,0.0,0.0,1,0,0,1,3,0
6559K8,740.0,1300.0,257.0,410.0,154.0,623.0,1300.0,1300.0,1200.0,1800.0,181.0,838.0,1.0,0.0,1.0,1.0,3.0,2.0,3,3,3,3,3,3
PXZXDG,10000.0,10000.0,10000.0,10000.0,1500.0,10000.0,10000.0,10000.0,10000.0,10000.0,1500.0,10000.0,0.0,0.0,0.0,0.0,0.0,0.0,0,0,0,0,2,0
5HEWH7,426.0,330.0,1000.0,533.0,594.0,1600.0,691.0,330.0,1200.0,1016.5,1100.0,1700.0,2.0,1.0,1.0,1.0,1.0,0.0,3,1,3,2,3,3
6A4PS8,316.0,382.0,609.0,454.0,242.0,412.0,323.0,622.0,635.0,1400.0,524.0,744.0,3.0,3.0,3.0,1.0,3.0,3.0,3,3,3,3,3,3
85FN83,10000.0,10000.0,943.0,10000.0,518.0,1200.0,10000.0,10000.0,943.0,10000.0,849.0,1200.0,0.0,0.0,1.0,0.0,2.0,0.0,0,0,1,0,3,1
QAPKQU,852.0,617.0,605.0,869.0,302.0,292.0,891.0,1158.5,639.0,1200.0,360.0,612.0,2.0,1.0,3.0,1.0,3.0,3.0,3,2,3,3,3,3
QA03NU,846.0,10000.0,704.0,10000.0,802.0,10000.0,1900.0,10000.0,952.0,10000.0,862.0,10000.0,1.0,0.0,1.0,0.0,3.0,0.0,3,0,2,0,3,0
37J7WQ,10000.0,10000.0,10000.0,10000.0,936.0,1700.0,10000.0,10000.0,10000.0,10000.0,1100.0,1750.0,0.0,0.0,0.0,0.0,1.0,0.0,0,0,0,0,3,2
6SWHX8,1000.0,1600.0,1400.0,1700.0,89.0,483.0,1500.0,1600.0,1400.0,1750.0,317.0,573.5,1.0,0.0,0.0,0.0,3.0,2.0,3,1,1,2,3,2
YBZTQD,793.0,10000.0,1900.0,10000.0,332.0,1200.0,793.0,10000.0,1900.0,10000.0,1100.0,1450.0,1.0,0.0,0.0,0.0,1.0,0.0,1,0,1,0,3,2
40SUGF,10000.0,10000.0,10000.0,10000.0,627.0,10000.0,10000.0,10000.0,10000.0,10000.0,1600.0,10000.0,0.0,0.0,0.0,0.0,1.0,0.0,0,0,0,0,3,0
WGN3HR,10000.0,10000.0,10000.0,10000.0,1500.0,10000.0,10000.0,10000.0,10000.0,10000.0,1500.0,10000.0,0.0,0.0,0.0,0.0,0.0,0.0,0,0,0,0,1,0
QAGTXU,617.0,10000.0,642.0,10000.0,302.0,10000.0,623.0,10000.0,1600.0,10000.0,386.0,10000.0,2.0,0.0,1.0,0.0,2.0,0.0,2,0,3,0,3,0
3AJ7RQ,1000.0,10000.0,981.0,10000.0,635.0,10000.0,1150.0,10000.0,981.0,10000.0,807.0,10000.0,1.0,0.0,1.0,0.0,3.0,0.0,2,0,1,0,3,0
6SE0Y8,463.0,919.0,1000.0,1100.0,923.0,1300.0,912.0,919.0,1400.0,1100.0,937.0,1500.0,2.0,1.0,1.0,0.0,3.0,0.0,3,1,3,2,3,2
AEBFPY,1500.0,10000.0,1700.0,10000.0,236.0,10000.0,1500.0,10000.0,1700.0,10000.0,1800.0,10000.0,0.0,0.0,0.0,0.0,1.0,0.0,1,0,1,0,3,0
UYX3AS,10000.0,10000.0,2000.0,10000.0,10000.0,10000.0,10000.0,10000.0,2000.0,10000.0,10000.0,10000.0,0.0,0.0,0.0,0.0,0.0,0.0,0,0,1,0,0,0
6SKEV8,239.0,1100.0,1200.0,752.0,660.0,1400.0,1200.0,1100.0,1600.0,1026.0,842.0,1500.0,1.0,0.0,0.0,1.0,3.0,0.0,3,1,3,2,3,3
SKHH15,1500.0,10000.0,10000.0,1900.0,1700.0,10000.0,1500.0,10000.0,10000.0,1900.0,1700.0,10000.0,0.0,0.0,0.0,0.0,0.0,0.0,1,0,0,1,3,0
9TEDQP,10000.0,10000.0,10000.0,821.0,760.0,1900.0,10000.0,10000.0,10000.0,1300.0,1200.0,1900.0,0.0,0.0,0.0,1.0,1.0,0.0,0,0,0,3,3,1
R2CHPJ,717.0,10000.0,10000.0,186.0,311.0,10000.0,717.0,10000.0,10000.0,186.0,319.0,10000.0,1.0,0.0,0.0,1.0,3.0,0.0,1,0,0,1,3,0
WP5Q6R,10000.0,10000.0,10000.0,10000.0,391.0,901.0,10000.0,10000.0,10000.0,10000.0,439.0,946.5,0.0,0.0,0.0,0.0,2.0,2.0,0,0,0,0,3,2
EJAV94,10000.0,10000.0,10000.0,10000.0,1400.0,10000.0,10000.0,10000.0,10000.0,10000.0,1400.0,10000.0,0.0,0.0,0.0,0.0,0.0,0.0,0,0,0,0,1,0
EJTUY4,1600.0,10000.0,1700.0,10000.0,114.0,10000.0,1700.0,10000.0,1700.0,10000.0,767.0,10000.0,0.0,0.0,0.0,0.0,3.0,0.0,3,0,2,0,3,0
7C81QA,872.0,10000.0,10000.0,1500.0,1300.0,10000.0,872.0,10000.0,10000.0,1500.0,1300.0,10000.0,1.0,0.0,0.0,0.0,0.0,0.0,1,0,0,1,3,0
WPA1TR,1300.0,10000.0,1700.0,10000.0,709.0,10000.0,1400.0,10000.0,1800.0,10000.0,970.0,10000.0,0.0,0.0,0.0,0.0,3.0,0.0,3,0,3,0,3,0
RGK5WJ,10000.0,10000.0,10000.0,10000.0,869.0,10000.0,10000.0,10000.0,10000.0,10000.0,975.0,10000.0,0.0,0.0,0.0,0.0,3.0,0.0,0,0,0,0,3,0
KFM7PC,500.0,871.0,788.0,1300.0,281.0,721.0,855.0,1200.0,1000.0,1300.0,360.0,803.0,3.0,1.0,2.0,0.0,3.0,2.0,3,3,3,1,3,3
DEJU6H,1500.0,1400.0,1100.0,1700.0,1200.0,10000.0,1500.0,1400.0,1400.0,1800.0,1400.0,10000.0,0.0,0.0,0.0,0.0,0.0,0.0,3,1,2,2,3,0
UHDK0S,10000.0,10000.0,10000.0,10000.0,936.0,10000.0,10000.0,10000.0,10000.0,10000.0,1018.0,10000.0,0.0,0.0,0.0,0.0,1.0,0.0,0,0,0,0,2,0
GX08R2,10000.0,10000.0,10000.0,10000.0,326.0,10000.0,10000.0,10000.0,10000.0,10000.0,1200.0,10000.0,0.0,0.0,0.0,0.0,1.0,0.0,0,0,0,0,3,0
7KY6NA,1000.0,408.0,834.0,902.0,210.0,416.0,1100.0,461.0,1100.0,954.0,414.0,508.0,1.0,3.0,1.0,3.0,3.0,3.0,3,3,3,3,3,3
SDV0J5,10000.0,10000.0,10000.0,10000.0,453.0,897.0,10000.0,10000.0,10000.0,10000.0,456.0,921.5,0.0,0.0,0.0,0.0,2.0,2.0,0,0,0,0,3,2
R2E8HJ,497.0,10000.0,10000.0,256.0,10000.0,10000.0,497.0,10000.0,10000.0,256.0,10000.0,10000.0,1.0,0.0,0.0,1.0,0.0,0.0,1,0,0,1,0,0
375GJQ,1300.0,10000.0,10000.0,299.0,310.0,875.0,1700.0,10000.0,10000.0,457.5,390.0,1100.0,0.0,0.0,0.0,2.0,3.0,1.0,3,0,0,2,3,3
QYPNJU,1200.0,10000.0,10000.0,10000.0,2000.0,10000.0,1200.0,10000.0,10000.0,10000.0,2000.0,10000.0,0.0,0.0,0.0,0.0,0.0,0.0,1,0,0,0,1,0
37CMEQ,578.0,990.0,258.0,1200.0,224.0,508.0,895.0,1395.0,297.0,1200.0,279.0,588.0,3.0,1.0,3.0,0.0,3.0,3.0,3,2,3,3,3,3
7CQYHA,10000.0,10000.0,10000.0,10000.0,264.0,10000.0,10000.0,10000.0,10000.0,10000.0,2000.0,10000.0,0.0,0.0,0.0,0.0,1.0,0.0,0,0,0,0,3,0
6SHGA8,392.0,1100.0,516.0,1000.0,244.0,1100.0,801.0,1100.0,1100.0,1000.0,558.0,1700.0,2.0,0.0,1.0,1.0,2.0,0.0,3,1,3,1,3,3
GXFK82,694.0,10000.0,10000.0,1600.0,461.0,1900.0,694.0,10000.0,10000.0,1600.0,462.5,1900.0,1.0,0.0,0.0,0.0,2.0,0.0,1,0,0,1,2,1
YEQQQD,1600.0,1200.0,603.0,679.0,793.0,1200.0,1600.0,1200.0,896.0,822.0,925.0,1400.0,0.0,0.0,2.0,3.0,2.0,0.0,1,1,3,3,3,3
GVMVY2,10000.0,10000.0,549.0,10000.0,10000.0,10000.0,10000.0,10000.0,549.0,10000.0,10000.0,10000.0,0.0,0.0,1.0,0.0,0.0,0.0,0,0,1,0,0,0
ABCN1Y,10000.0,10000.0,10000.0,10000.0,44.0,10000.0,10000.0,10000.0,10000.0,10000.0,494.0,10000.0,0.0,0.0,0.0,0.0,3.0,0.0,0,0,0,0,3,0
YBRUJD,1500.0,1200.0,1600.0,1300.0,1500.0,10000.0,1750.0,1200.0,1700.0,1800.0,1600.0,10000.0,0.0,0.0,0.0,0.0,0.0,0.0,2,1,2,3,3,0
9TNY9P,10000.0,10000.0,10000.0,1700.0,218.0,10000.0,10000.0,10000.0,10000.0,1800.0,671.0,10000.0,0.0,0.0,0.0,0.0,3.0,0.0,0,0,0,3,3,0
DEAWZH,10000.0,10000.0,10000.0,10000.0,927.0,1800.0,10000.0,10000.0,10000.0,10000.0,965.0,1850.0,0.0,0.0,0.0,0.0,2.0,0.0,0,0,0,0,3,2
49DW8F,10000.0,10000.0,10000.0,1500.0,10000.0,10000.0,10000.0,10000.0,10000.0,1500.0,10000.0,10000.0,0.0,0.0,0.0,0.0,0.0,0.0,0,0,0,1,0,0
GXN4T2,1300.0,10000.0,745.0,10000.0,529.0,10000.0,1300.0,10000.0,1172.5,10000.0,542.0,10000.0,0.0,0.0,1.0,0.0,3.0,0.0,1,0,2,0,3,0
ABTB5Y,1300.0,10000.0,10000.0,2000.0,1300.0,10000.0,1500.0,10000.0,10000.0,2000.0,1700.0,10000.0,0.0,0.0,0.0,0.0,0.0,0.0,3,0,0,1,3,0
PNFUZG,1400.0,1700.0,1000.0,1400.0,1700.0,10000.0,1550.0,1700.0,1350.0,1400.0,1700.0,10000.0,0.0,0.0,1.0,0.0,0.0,0.0,2,1,2,1,2,0
40YQRF,10000.0,10000.0,1400.0,10000.0,862.0,1100.0,10000.0,10000.0,1400.0,10000.0,887.0,1100.0,0.0,0.0,0.0,0.0,2.0,0.0,0,0,1,0,3,1
RGAAGJ,792.0,10000.0,10000.0,10000.0,185.0,10000.0,947.0,10000.0,10000.0,10000.0,762.0,10000.0,2.0,0.0,0.0,0.0,3.0,0.0,3,0,0,0,3,0
UYXQGS,194.0,10000.0,10000.0,10000.0,284.0,10000.0,194.0,10000.0,10000.0,10000.0,723.0,10000.0,1.0,0.0,0.0,0.0,3.0,0.0,1,0,0,0,3,0
7C2CJA,1000.0,10000.0,981.0,10000.0,635.0,10000.0,1150.0,10000.0,981.0,10000.0,807.0,10000.0,1.0,0.0,1.0,0.0,3.0,0.0,2,0,1,0,3,0
D447AH,614.0,1500.0,183.0,1500.0,334.0,262.0,1100.0,1500.0,211.0,1500.0,416.0,295.0,1.0,0.0,3.0,0.0,3.0,3.0,3,1,3,1,3,3
ABWRWY,10000.0,10000.0,10000.0,10000.0,1100.0,10000.0,10000.0,10000.0,10000.0,10000.0,1100.0,10000.0,0.0,0.0,0.0,0.0,0.0,0.0,0,0,0,0,1,0
65S248,1800.0,10000.0,2000.0,2000.0,10000.0,10000.0,1800.0,10000.0,2000.0,2000.0,10000.0,10000.0,0.0,0.0,0.0,0.0,0.0,0.0,1,0,1,1,0,0
5HN2S7,1700.0,10000.0,382.0,634.0,986.0,1900.0,1700.0,10000.0,382.0,855.0,1300.0,1900.0,0.0,0.0,1.0,2.0,1.0,0.0,1,0,1,3,3,3
7KPXUA,10000.0,10000.0,10000.0,1900.0,195.0,10000.0,10000.0,10000.0,10000.0,1950.0,828.0,10000.0,0.0,0.0,0.0,0.0,2.0,0.0,0,0,0,2,3,0
UYE7YS,1800.0,10000.0,10000.0,10000.0,10000.0,10000.0,1800.0,10000.0,10000.0,10000.0,10000.0,10000.0,0.0,0.0,0.0,0.0,0.0,0.0,1,0,0,0,0,0
UHD78S,1400.0,10000.0,1900.0,10000.0,914.0,10000.0,1400.0,10000.0,1900.0,10000.0,914.0,10000.0,0.0,0.0,0.0,0.0,1.0,0.0,1,0,1,0,1,0
40DXHF,1400.0,10000.0,460.0,1100.0,328.0,1500.0,1400.0,10000.0,460.0,1100.0,1700.0,1600.0,0.0,0.0,1.0,0.0,1.0,0.0,1,0,1,3,3,2
EJY0H4,1500.0,10000.0,10000.0,1900.0,1700.0,10000.0,1500.0,10000.0,10000.0,1900.0,1700.0,10000.0,0.0,0.0,0.0,0.0,0.0,0.0,1,0,0,1,3,0
WPXFGR,10000.0,10000.0,10000.0,10000.0,844.0,10000.0,10000.0,10000.0,10000.0,10000.0,844.0,10000.0,0.0,0.0,0.0,0.0,1.0,0.0,0,0,0,0,1,0
SDXEW5,10000.0,10000.0,10000.0,10000.0,108.0,1600.0,10000.0,10000.0,10000.0,10000.0,204.0,1600.0,0.0,0.0,0.0,0.0,3.0,0.0,0,0,0,0,3,1
6UZMV8,959.0,10000.0,1100.0,10000.0,262.0,10000.0,959.0,10000.0,1150.0,10000.0,377.0,10000.0,1.0,0.0,0.0,0.0,3.0,0.0,1,0,2,0,3,0
KFP32C,1500.0,10000.0,573.0,1200.0,199.0,1600.0,1500.0,10000.0,573.0,1300.0,1800.0,1700.0,0.0,0.0,1.0,0.0,1.0,0.0,1,0,1,3,3,2
AEBRPY,1300.0,10000.0,10000.0,1300.0,10000.0,10000.0,1300.0,10000.0,10000.0,1300.0,10000.0,10000.0,0.0,0.0,0.0,0.0,0.0,0.0,1,0,0,1,0,0
7BWW6A,10000.0,10000.0,1300.0,10000.0,433.0,441.0,10000.0,10000.0,1450.0,10000.0,533.0,465.0,0.0,0.0,0.0,0.0,3.0,2.0,0,0,2,0,3,2
DE7RNH,10000.0,10000.0,10000.0,10000.0,838.0,10000.0,10000.0,10000.0,10000.0,10000.0,1200.0,10000.0,0.0,0.0,0.0,0.0,1.0,0.0,0,0,0,0,3,0
CWWEYB,587.0,10000.0,10000.0,10000.0,10000.0,10000.0,587.0,10000.0,10000.0,10000.0,10000.0,10000.0,1.0,0.0,0.0,0.0,0.0,0.0,1,0,0,0,0,0
KRRH7C,436.0,10000.0,10000.0,10000.0,245.0,833.0,436.0,10000.0,10000.0,10000.0,450.0,853.5,1.0,0.0,0.0,0.0,3.0,2.0,1,0,0,0,3,2
CFH00B,1300.0,10000.0,127.0,646.0,383.0,811.0,1500.0,10000.0,749.0,1223.0,537.0,916.0,0.0,0.0,3.0,1.0,2.0,2.0,3,0,3,2,3,3
49UMRF,1900.0,10000.0,10000.0,10000.0,10000.0,10000.0,1900.0,10000.0,10000.0,10000.0,10000.0,10000.0,0.0,0.0,0.0,0.0,0.0,0.0,1,0,0,0,0,0
QA78JU,343.0,10000.0,224.0,831.0,261.0,600.0,1071.5,10000.0,1112.0,1600.0,578.0,1200.0,1.0,0.0,1.0,1.0,3.0,1.0,2,0,2,3,3,3
7K8V8A,347.0,1500.0,1100.0,836.0,169.0,112.0,1500.0,1500.0,1500.0,1300.0,186.0,151.0,1.0,0.0,0.0,1.0,3.0,3.0,3,1,3,3,3,3
WGB8GR,1300.0,10000.0,10000.0,1300.0,10000.0,10000.0,1300.0,10000.0,10000.0,1300.0,10000.0,10000.0,0.0,0.0,0.0,0.0,0.0,0.0,1,0,0,1,0,0
QACFWU,419.0,10000.0,641.0,1000.0,312.0,642.0,959.5,10000.0,641.0,1200.0,780.0,892.0,1.0,0.0,1.0,1.0,3.0,2.0,2,0,1,3,3,3
UYTHRS,10000.0,10000.0,10000.0,10000.0,483.0,689.0,10000.0,10000.0,10000.0,10000.0,1191.5,689.0,0.0,0.0,0.0,0.0,1.0,1.0,0,0,0,0,2,1
9T4JKP,10000.0,10000.0,10000.0,10000.0,321.0,10000.0,10000.0,10000.0,10000.0,10000.0,746.0,10000.0,0.0,0.0,0.0,0.0,3.0,0.0,0,0,0,0,3,0
4JCX7F,10000.0,10000.0,815.0,10000.0,698.0,10000.0,10000.0,10000.0,815.0,10000.0,1500.0,10000.0,0.0,0.0,1.0,0.0,1.0,0.0,0,0,1,0,3,0
5H4JK7,413.0,10000.0,241.0,843.0,222.0,604.0,1056.5,10000.0,1070.5,1700.0,503.0,1300.0,1.0,0.0,1.0,1.0,3.0,1.0,2,0,2,3,3,3
RGC8KJ,10000.0,10000.0,10000.0,10000.0,764.0,1100.0,10000.0,10000.0,10000.0,10000.0,1200.0,1100.0,0.0,0.0,0.0,0.0,1.0,0.0,0,0,0,0,3,1
650YF8,10000.0,10000.0,10000.0,10000.0,1600.0,10000.0,10000.0,10000.0,10000.0,10000.0,1700.0,10000.0,0.0,0.0,0.0,0.0,0.0,0.0,0,0,0,0,3,0
5CFFD7,10000.0,10000.0,10000.0,764.0,1800.0,10000.0,10000.0,10000.0,10000.0,1332.0,1800.0,10000.0,0.0,0.0,0.0,1.0,0.0,0.0,0,0,0,2,2,0
3AT1UQ,996.0,10000.0,10000.0,10000.0,688.0,10000.0,996.0,10000.0,10000.0,10000.0,1700.0,10000.0,1.0,0.0,0.0,0.0,1.0,0.0,1,0,0,0,3,0
0ZHM09,10000.0,10000.0,10000.0,10000.0,991.0,1200.0,10000.0,10000.0,10000.0,10000.0,1345.5,1200.0,0.0,0.0,0.0,0.0,1.0,0.0,0,0,0,0,2,1
GM16A2,10000.0,10000.0,10000.0,10000.0,224.0,10000.0,10000.0,10000.0,10000.0,10000.0,224.0,10000.0,0.0,0.0,0.0,0.0,1.0,0.0,0,0,0,0,1,0
ABBV8Y,740.0,1300.0,257.0,410.0,154.0,623.0,1300.0,1300.0,1200.0,1800.0,181.0,838.0,1.0,0.0,1.0,1.0,3.0,2.0,3,3,3,3,3,3
KFFBDC,580.0,490.0,366.0,341.0,317.0,2000.0,1500.0,490.0,833.0,341.0,648.0,2000.0,1.0,1.0,1.0,1.0,3.0,0.0,3,1,2,1,3,1
K4D0PC,717.0,1000.0,1300.0,1100.0,626.0,650.0,1300.0,1000.0,1300.0,1200.0,674.0,825.0,1.0,1.0,0.0,0.0,3.0,2.0,3,1,1,2,3,2
KWEWFC,10000.0,10000.0,10000.0,10000.0,442.0,1300.0,10000.0,10000.0,10000.0,10000.0,608.0,1350.0,0.0,0.0,0.0,0.0,3.0,0.0,0,0,0,0,3,2
87NGW3,990.0,1600.0,836.0,1200.0,622.0,1500.0,1295.0,1600.0,842.5,1200.0,711.0,1500.0,1.0,0.0,2.0,0.0,3.0,0.0,2,2,2,1,3,1
37KPCQ,694.0,816.0,766.0,400.0,385.0,323.0,844.0,1100.0,1200.0,637.0,630.0,639.0,3.0,1.0,1.0,3.0,3.0,3.0,3,3,3,3,3,3
UAM1QS,1800.0,10000.0,586.0,10000.0,415.0,1600.0,1800.0,10000.0,1243.0,10000.0,479.0,1600.0,0.0,0.0,1.0,0.0,3.0,0.0,1,0,2,0,3,3
6SH148,10000.0,10000.0,10000.0,10000.0,515.0,10000.0,10000.0,10000.0,10000.0,10000.0,515.0,10000.0,0.0,0.0,0.0,0.0,1.0,0.0,0,0,0,0,1,0
67FQG8,1000.0,10000.0,1700.0,1600.0,372.0,10000.0,1600.0,10000.0,1700.0,1700.0,481.0,10000.0,1.0,0.0,0.0,0.0,2.0,0.0,3,0,1,2,3,0
Y4EJYD,10000.0,10000.0,10000.0,10000.0,2000.0,10000.0,10000.0,10000.0,10000.0,10000.0,2000.0,10000.0,0.0,0.0,0.0,0.0,0.0,0.0,0,0,0,0,1,0
7C86UA,1100.0,10000.0,10000.0,1100.0,230.0,10000.0,1100.0,10000.0,10000.0,1100.0,441.0,10000.0,0.0,0.0,0.0,0.0,2.0,0.0,1,0,0,1,2,0
1UX3K6,108.0,1400.0,436.0,1100.0,314.0,658.0,656.0,1500.0,1200.0,1200.0,470.0,965.0,3.0,0.0,1.0,0.0,3.0,2.0,3,3,3,3,3,3
4JCD0F,286.0,1800.0,999.0,10000.0,113.0,522.0,1300.0,1800.0,1000.0,10000.0,878.0,708.0,1.0,0.0,2.0,0.0,3.0,3.0,3,1,3,0,3,3
85VQZ3,721.0,1600.0,1400.0,232.0,190.0,189.0,897.0,1600.0,1500.0,1700.0,639.0,192.0,3.0,0.0,0.0,1.0,3.0,3.0,3,1,3,3,3,3
UYA8NS,10000.0,10000.0,10000.0,2000.0,163.0,10000.0,10000.0,10000.0,10000.0,2000.0,906.0,10000.0,0.0,0.0,0.0,0.0,3.0,0.0,0,0,0,1,3,0
7KT6UA,767.0,10000.0,925.0,1100.0,941.0,846.0,767.0,10000.0,925.0,1200.0,1100.0,1200.0,1.0,0.0,1.0,0.0,1.0,1.0,1,0,1,3,3,3
DB7B9H,10000.0,10000.0,1900.0,2000.0,290.0,1300.0,10000.0,10000.0,1900.0,2000.0,1200.0,1400.0,0.0,0.0,0.0,0.0,2.0,0.0,0,0,2,2,6,6
8S8YN3,10000.0,10000.0,10000.0,10000.0,322.0,10000.0,10000.0,10000.0,10000.0,10000.0,438.5,10000.0,0.0,0.0,0.0,0.0,2.0,0.0,0,0,0,0,2,0
SC9KP5,1500.0,10000.0,10000.0,1800.0,1700.0,10000.0,1500.0,10000.0,10000.0,1800.0,1800.0,10000.0,0.0,0.0,0.0,0.0,0.0,0.0,1,0,0,1,2,0
RGG00J,10000.0,10000.0,10000.0,10000.0,1400.0,1700.0,10000.0,10000.0,10000.0,10000.0,1450.0,1700.0,0.0,0.0,0.0,0.0,0.0,0.0,0,0,0,0,2,1
1U3TV6,10000.0,1200.0,281.0,1200.0,367.0,10000.0,10000.0,1500.0,1400.0,1250.0,1100.0,10000.0,0.0,0.0,1.0,0.0,1.0,0.0,0,3,3,2,3,0
5BDNX7,411.0,216.0,10000.0,942.0,509.0,1800.0,411.0,223.0,10000.0,1200.0,942.0,1800.0,1.0,3.0,0.0,1.0,3.0,0.0,1,3,0,3,3,2
WPHE7R,661.0,633.0,479.0,10000.0,152.0,10000.0,661.0,633.0,479.0,10000.0,201.0,10000.0,1.0,1.0,1.0,0.0,3.0,0.0,1,1,1,0,3,0
8DU9D3,10000.0,10000.0,1500.0,1100.0,899.0,10000.0,10000.0,10000.0,1500.0,1100.0,1200.0,10000.0,0.0,0.0,0.0,0.0,1.0,0.0,0,0,1,1,3,0
EGWQ04,10000.0,10000.0,1500.0,1200.0,908.0,10000.0,10000.0,10000.0,1500.0,1200.0,1200.0,10000.0,0.0,0.0,0.0,0.0,1.0,0.0,0,0,1,1,3,0
Q7062U,10000.0,10000.0,10000.0,10000.0,1600.0,10000.0,10000.0,10000.0,10000.0,10000.0,1600.0,10000.0,0.0,0.0,0.0,0.0,0.0,0.0,0,0,0,0,3,0
5BMA97,10000.0,10000.0,10000.0,10000.0,400.0,10000.0,10000.0,10000.0,10000.0,10000.0,400.0,10000.0,0.0,0.0,0.0,0.0,1.0,0.0,0,0,0,0,1,0
9TFKQP,1900.0,626.0,10000.0,1800.0,1800.0,10000.0,1900.0,626.0,10000.0,1800.0,1800.0,10000.0,0.0,1.0,0.0,0.0,0.0,0.0,1,1,0,1,1,0
J2CB60,10000.0,1400.0,10000.0,10000.0,10000.0,10000.0,10000.0,1400.0,10000.0,10000.0,10000.0,10000.0,0.0,0.0,0.0,0.0,0.0,0.0,0,1,0,0,0,0
UK1QYS,10000.0,10000.0,1900.0,946.0,118.0,10000.0,10000.0,10000.0,1900.0,1500.0,568.0,10000.0,0.0,0.0,0.0,1.0,3.0,0.0,0,0,1,3,3,0
8YJCF3,10000.0,10000.0,601.0,1800.0,426.0,10000.0,10000.0,10000.0,1500.0,1850.0,605.0,10000.0,0.0,0.0,1.0,0.0,2.0,0.0,0,0,3,2,3,0
WZUM1R,10000.0,10000.0,622.0,1800.0,457.0,10000.0,10000.0,10000.0,1400.0,1850.0,619.0,10000.0,0.0,0.0,1.0,0.0,2.0,0.0,0,0,3,2,3,0
RTPQ7J,565.0,10000.0,273.0,631.0,10000.0,10000.0,565.0,10000.0,312.0,631.0,10000.0,10000.0,1.0,0.0,2.0,1.0,0.0,0.0,1,0,2,1,0,0
49BWMF,197.0,10000.0,756.0,1000.0,384.0,625.0,197.0,10000.0,1328.0,1000.0,565.0,625.0,1.0,0.0,1.0,1.0,2.0,1.0,1,0,2,1,3,1
PV77YG,10000.0,1300.0,931.0,10000.0,883.0,395.0,10000.0,1500.0,931.0,10000.0,883.0,395.0,0.0,0.0,1.0,0.0,1.0,1.0,0,3,1,0,1,1
SB78M5,10000.0,10000.0,10000.0,10000.0,223.0,10000.0,10000.0,10000.0,10000.0,10000.0,795.0,10000.0,0.0,0.0,0.0,0.0,2.0,0.0,0,0,0,0,3,0
SCMM65,1800.0,10000.0,1900.0,1200.0,768.0,1400.0,1800.0,10000.0,1900.0,1600.0,855.0,1400.0,0.0,0.0,0.0,0.0,3.0,0.0,1,0,1,3,3,1
QK524U,10000.0,10000.0,10000.0,10000.0,1400.0,10000.0,10000.0,10000.0,10000.0,10000.0,1600.0,10000.0,0.0,0.0,0.0,0.0,0.0,0.0,0,0,0,0,3,0
UHNZFS,10000.0,10000.0,10000.0,10000.0,565.0,10000.0,10000.0,10000.0,10000.0,10000.0,832.0,10000.0,0.0,0.0,0.0,0.0,3.0,0.0,0,0,0,0,3,0
3DUN2Q,1900.0,1100.0,977.0,1100.0,1300.0,1300.0,1900.0,1100.0,1100.0,1100.0,1600.0,1500.0,0.0,0.0,1.0,0.0,0.0,0.0,1,3,3,3,3,3
JXVCW0,10000.0,10000.0,10000.0,1700.0,10000.0,10000.0,10000.0,10000.0,10000.0,1700.0,10000.0,10000.0,0.0,0.0,0.0,0.0,0.0,0.0,0,0,0,1,0,0
UKJAAS,10000.0,1800.0,755.0,1300.0,555.0,10000.0,10000.0,1800.0,1100.0,1500.0,571.0,10000.0,0.0,0.0,1.0,0.0,3.0,0.0,0,1,3,3,3,0
3HRYXQ,1900.0,1000.0,1400.0,407.0,1100.0,10000.0,1900.0,1100.0,1650.0,407.0,1100.0,10000.0,0.0,1.0,0.0,1.0,0.0,0.0,1,3,2,1,3,0
DEQA0H,287.0,258.0,266.0,718.0,85.0,344.0,514.0,276.0,1400.0,1100.0,442.0,740.0,2.0,3.0,1.0,1.0,3.0,3.0,2,3,3,3,3,3
8YWSC3,1200.0,10000.0,1800.0,1000.0,1100.0,2000.0,1400.0,10000.0,1800.0,1400.0,1100.0,2000.0,0.0,0.0,0.0,1.0,0.0,0.0,3,0,1,3,3,1
6A4XH8,1100.0,10000.0,1600.0,10000.0,223.0,1800.0,1150.0,10000.0,1600.0,10000.0,346.0,1800.0,0.0,0.0,0.0,0.0,3.0,0.0,2,0,1,0,3,1
EJDGC4,10000.0,10000.0,10000.0,10000.0,1500.0,10000.0,10000.0,10000.0,10000.0,10000.0,1700.0,10000.0,0.0,0.0,0.0,0.0,0.0,0.0,0,0,0,0,2,0
UD5XAS,282.0,1700.0,1800.0,2000.0,1500.0,10000.0,741.0,1850.0,1800.0,2000.0,1500.0,10000.0,1.0,0.0,0.0,0.0,0.0,0.0,2,2,1,1,3,0
9VGZBP,1700.0,947.0,1700.0,117.0,1000.0,10000.0,1700.0,1000.0,1700.0,117.0,1100.0,10000.0,0.0,2.0,0.0,1.0,1.0,0.0,1,3,1,1,3,0
Y44TED,1500.0,10000.0,836.0,1200.0,718.0,10000.0,1500.0,10000.0,1200.0,1200.0,1100.0,10000.0,0.0,0.0,1.0,0.0,1.0,0.0,1,0,3,3,3,0
UY8DZS,2000.0,2000.0,10000.0,10000.0,10000.0,10000.0,2000.0,2000.0,10000.0,10000.0,10000.0,10000.0,0.0,0.0,0.0,0.0,0.0,0.0,1,1,0,0,0,0
3HYC5Q,10000.0,1800.0,1800.0,10000.0,664.0,10000.0,10000.0,1800.0,1850.0,10000.0,1300.0,10000.0,0.0,0.0,0.0,0.0,1.0,0.0,0,3,2,0,3,0
J2F270,1600.0,10000.0,10000.0,10000.0,1500.0,10000.0,1600.0,10000.0,10000.0,10000.0,1700.0,10000.0,0.0,0.0,0.0,0.0,0.0,0.0,1,0,0,0,3,0
AB0A5Y,400.0,1300.0,981.0,1400.0,321.0,104.0,400.0,1600.0,1800.0,1400.0,913.0,104.0,1.0,0.0,1.0,0.0,3.0,1.0,1,3,3,1,3,1
PXV74G,10000.0,1700.0,10000.0,1300.0,1400.0,1900.0,10000.0,1700.0,10000.0,1400.0,1500.0,1900.0,0.0,0.0,0.0,0.0,0.0,0.0,0,1,0,3,3,1
653T08,10000.0,10000.0,10000.0,10000.0,1500.0,10000.0,10000.0,10000.0,10000.0,10000.0,1500.0,10000.0,0.0,0.0,0.0,0.0,0.0,0.0,0,0,0,0,3,0
J24JQ0,1200.0,2000.0,10000.0,10000.0,1100.0,10000.0,1500.0,2000.0,10000.0,10000.0,1500.0,10000.0,0.0,0.0,0.0,0.0,0.0,0.0,2,1,0,0,3,0
E0P6D4,10000.0,10000.0,10000.0,10000.0,1800.0,10000.0,10000.0,10000.0,10000.0,10000.0,1800.0,10000.0,0.0,0.0,0.0,0.0,0.0,0.0,0,0,0,0,1,0
5KD867,148.0,1300.0,1400.0,1000.0,438.0,1800.0,343.0,1600.0,1500.0,1500.0,536.0,1800.0,3.0,0.0,0.0,1.0,3.0,0.0,3,2,3,3,3,1
1S8N86,1500.0,1300.0,1400.0,1700.0,114.0,1000.0,1600.0,1300.0,1550.0,1750.0,452.0,1200.0,0.0,0.0,0.0,0.0,3.0,1.0,3,1,2,2,3,2
UKJ8RS,185.0,10000.0,10000.0,10000.0,443.0,10000.0,779.0,10000.0,10000.0,10000.0,519.0,10000.0,3.0,0.0,0.0,0.0,3.0,0.0,3,0,0,0,3,0
6A4MJ8,885.0,10000.0,665.0,912.0,135.0,852.0,1400.0,10000.0,665.0,1106.0,305.0,852.0,1.0,0.0,1.0,1.0,3.0,1.0,3,0,1,2,3,1
SC9JV5,808.0,143.0,2000.0,10000.0,474.0,10000.0,1354.0,593.0,2000.0,10000.0,564.0,10000.0,1.0,3.0,0.0,0.0,3.0,0.0,2,3,1,0,3,0
5B9Q27,377.0,1700.0,401.0,1600.0,165.0,1800.0,526.0,1700.0,763.0,1750.0,484.0,1850.0,3.0,0.0,2.0,0.0,3.0,0.0,3,1,3,2,3,2
SDX4F5,10000.0,10000.0,10000.0,1100.0,526.0,1900.0,10000.0,10000.0,10000.0,1100.0,660.0,1900.0,0.0,0.0,0.0,0.0,2.0,0.0,0,0,0,1,3,1
5KCWB7,533.0,837.0,377.0,242.0,200.0,632.0,687.0,837.0,881.0,1200.0,415.0,1000.0,3.0,1.0,2.0,1.0,3.0,2.0,3,1,3,3,3,3
6A4TY8,499.0,10000.0,570.0,857.0,201.0,1400.0,1199.5,10000.0,1085.0,907.0,836.0,1400.0,1.0,0.0,1.0,2.0,2.0,0.0,2,0,2,3,3,1
CRJ2WB,1800.0,1800.0,1800.0,10000.0,141.0,1800.0,1800.0,1800.0,1800.0,10000.0,447.0,1850.0,0.0,0.0,0.0,0.0,3.0,0.0,1,1,1,0,3,2
QAEEBU,10000.0,140.0,10000.0,10000.0,522.0,10000.0,10000.0,448.0,10000.0,10000.0,580.0,10000.0,0.0,3.0,0.0,0.0,2.0,0.0,0,3,0,0,2,0
PV5FJG,424.0,10000.0,1200.0,401.0,469.0,10000.0,866.0,10000.0,1450.0,401.0,508.0,10000.0,2.0,0.0,0.0,1.0,3.0,0.0,3,0,2,1,3,0
UD30US,1900.0,913.0,1300.0,1200.0,1300.0,1500.0,1900.0,1206.5,1300.0,1200.0,1800.0,1500.0,0.0,1.0,0.0,0.0,0.0,0.0,3,2,1,1,3,2
7EG64A,697.0,10000.0,10000.0,10000.0,1700.0,1600.0,697.0,10000.0,10000.0,10000.0,1800.0,1600.0,1.0,0.0,0.0,0.0,0.0,0.0,1,0,0,0,3,1
KJXVWC,10000.0,10000.0,10000.0,10000.0,255.0,10000.0,10000.0,10000.0,10000.0,10000.0,543.5,10000.0,0.0,0.0,0.0,0.0,2.0,0.0,0,0,0,0,2,0
3DR07Q,10000.0,10000.0,10000.0,10000.0,232.0,10000.0,10000.0,10000.0,10000.0,10000.0,514.0,10000.0,0.0,0.0,0.0,0.0,2.0,0.0,0,0,0,0,2,0
SH3PR5,716.0,10000.0,1900.0,10000.0,188.0,10000.0,908.0,10000.0,1900.0,10000.0,222.0,10000.0,1.0,0.0,0.0,0.0,2.0,0.0,2,0,1,0,3,0
C9X0AB,798.0,10000.0,1900.0,992.0,1500.0,10000.0,1200.0,10000.0,1900.0,1100.0,1600.0,10000.0,1.0,0.0,0.0,1.0,0.0,0.0,3,0,2,3,3,0
SC6ZZ5,533.0,10000.0,1100.0,641.0,1100.0,1400.0,1300.0,10000.0,1600.0,697.0,1200.0,1400.0,1.0,0.0,0.0,2.0,0.0,0.0,3,0,3,3,3,1
PV7YHG,10000.0,10000.0,10000.0,10000.0,1100.0,10000.0,10000.0,10000.0,10000.0,10000.0,1450.0,10000.0,0.0,0.0,0.0,0.0,0.0,0.0,0,0,0,0,2,0
5BP2C7,10000.0,10000.0,10000.0,10000.0,260.0,10000.0,10000.0,10000.0,10000.0,10000.0,549.5,10000.0,0.0,0.0,0.0,0.0,2.0,0.0,0,0,0,0,2,0
0XUFW9,10000.0,10000.0,382.0,1400.0,443.0,1200.0,10000.0,10000.0,382.0,1400.0,520.0,1500.0,0.0,0.0,1.0,0.0,2.0,0.0,0,0,1,1,3,2
PV5KEG,10000.0,10000.0,10000.0,10000.0,245.0,10000.0,10000.0,10000.0,10000.0,10000.0,526.0,10000.0,0.0,0.0,0.0,0.0,2.0,0.0,0,0,0,0,2,0
G17CE2,10000.0,10000.0,10000.0,10000.0,235.0,10000.0,10000.0,10000.0,10000.0,10000.0,517.0,10000.0,0.0,0.0,0.0,0.0,2.0,0.0,0,0,0,0,2,0
0XUDH9,10000.0,10000.0,10000.0,10000.0,246.0,10000.0,10000.0,10000.0,10000.0,10000.0,531.5,10000.0,0.0,0.0,0.0,0.0,2.0,0.0,0,0,0,0,2,0
UKJZZS,10000.0,10000.0,10000.0,10000.0,245.0,10000.0,10000.0,10000.0,10000.0,10000.0,532.0,10000.0,0.0,0.0,0.0,0.0,2.0,0.0,0,0,0,0,2,0
4PKSJF,10000.0,10000.0,10000.0,10000.0,1900.0,10000.0,10000.0,10000.0,10000.0,10000.0,1900.0,10000.0,0.0,0.0,0.0,0.0,0.0,0.0,0,0,0,0,1,0
E95H54,463.0,10000.0,10000.0,10000.0,770.0,10000.0,463.0,10000.0,10000.0,10000.0,770.0,10000.0,1.0,0.0,0.0,0.0,1.0,0.0,1,0,0,0,1,0
Y46UAD,1900.0,10000.0,10000.0,10000.0,1100.0,10000.0,1900.0,10000.0,10000.0,10000.0,1100.0,10000.0,0.0,0.0,0.0,0.0,0.0,0.0,1,0,0,0,1,0
7BV3UA,823.0,10000.0,10000.0,10000.0,625.0,10000.0,823.0,10000.0,10000.0,10000.0,625.0,10000.0,1.0,0.0,0.0,0.0,1.0,0.0,1,0,0,0,1,0
KRXFQC,407.0,728.0,407.0,306.0,449.0,526.0,678.0,737.0,978.0,502.0,491.0,760.0,3.0,2.0,2.0,3.0,3.0,3.0,3,3,3,3,3,3
5CHTN7,964.0,10000.0,686.0,1800.0,1300.0,10000.0,1500.0,10000.0,2000.0,1800.0,1350.0,10000.0,1.0,0.0,1.0,0.0,0.0,0.0,3,0,3,1,2,0
PXPQJG,76.0,10000.0,10000.0,629.0,435.0,10000.0,76.0,10000.0,10000.0,629.0,470.0,10000.0,1.0,0.0,0.0,1.0,3.0,0.0,1,0,0,1,3,0
D4MNEH,1500.0,10000.0,10000.0,1900.0,1700.0,10000.0,1500.0,10000.0,10000.0,1900.0,1700.0,10000.0,0.0,0.0,0.0,0.0,0.0,0.0,1,0,0,1,3,0
5HXP37,1800.0,10000.0,518.0,723.0,496.0,1700.0,1800.0,10000.0,1059.0,723.0,718.0,1700.0,0.0,0.0,1.0,1.0,3.0,0.0,1,0,2,1,3,1
3HWMBQ,10000.0,1100.0,1100.0,10000.0,505.0,10000.0,10000.0,1100.0,1100.0,10000.0,973.0,10000.0,0.0,0.0,0.0,0.0,2.0,0.0,0,1,1,0,3,0
JXPVH0,539.0,10000.0,547.0,216.0,941.0,10000.0,1500.0,10000.0,923.5,666.0,1500.0,10000.0,1.0,0.0,1.0,2.0,1.0,0.0,3,0,2,3,3,0
C0AT8B,193.0,10000.0,871.0,1700.0,429.0,2000.0,1100.0,10000.0,1500.0,1700.0,805.0,2000.0,1.0,0.0,1.0,0.0,2.0,0.0,3,0,3,1,3,2
A43F8Y,10000.0,1600.0,10000.0,10000.0,665.0,10000.0,10000.0,1600.0,10000.0,10000.0,665.0,10000.0,0.0,0.0,0.0,0.0,1.0,0.0,0,1,0,0,1,0
KJUN7C,10000.0,10000.0,10000.0,10000.0,1400.0,10000.0,10000.0,10000.0,10000.0,10000.0,1450.0,10000.0,0.0,0.0,0.0,0.0,0.0,0.0,0,0,0,0,2,0
SCMH45,962.0,10000.0,893.0,2000.0,1200.0,10000.0,1800.0,10000.0,893.0,2000.0,1350.0,10000.0,1.0,0.0,1.0,0.0,0.0,0.0,3,0,1,1,2,0
4G3N0F,817.0,10000.0,10000.0,10000.0,1700.0,10000.0,817.0,10000.0,10000.0,10000.0,1700.0,10000.0,1.0,0.0,0.0,0.0,0.0,0.0,1,0,0,0,1,0
A4KM5Y,1500.0,10000.0,10000.0,1900.0,1500.0,10000.0,1500.0,10000.0,10000.0,1900.0,1600.0,10000.0,0.0,0.0,0.0,0.0,0.0,0.0,3,0,0,1,3,0
UK561S,1400.0,10000.0,261.0,156.0,172.0,1100.0,1500.0,10000.0,1100.0,1700.0,259.0,1100.0,0.0,0.0,1.0,1.0,3.0,0.0,3,0,3,3,3,1
7BQXZA,1200.0,10000.0,10000.0,10000.0,1600.0,10000.0,1600.0,10000.0,10000.0,10000.0,1600.0,10000.0,0.0,0.0,0.0,0.0,0.0,0.0,3,0,0,0,1,0
8AZA73,1600.0,10000.0,10000.0,1700.0,10000.0,10000.0,1600.0,10000.0,10000.0,1700.0,10000.0,10000.0,0.0,0.0,0.0,0.0,0.0,0.0,1,0,0,1,0,0
4PSUZF,10000.0,10000.0,10000.0,10000.0,562.0,10000.0,10000.0,10000.0,10000.0,10000.0,929.0,10000.0,0.0,0.0,0.0,0.0,2.0,0.0,0,0,0,0,3,0
DFNSNH,10000.0,10000.0,10000.0,10000.0,924.0,10000.0,10000.0,10000.0,10000.0,10000.0,924.0,10000.0,0.0,0.0,0.0,0.0,1.0,0.0,0,0,0,0,1,0
KRM8RC,10000.0,10000.0,1500.0,1600.0,1300.0,10000.0,10000.0,10000.0,1500.0,1600.0,1600.0,10000.0,0.0,0.0,0.0,0.0,0.0,0.0,0,0,1,1,3,0
CJMW3B,850.0,10000.0,10000.0,10000.0,192.0,1500.0,1375.0,10000.0,10000.0,10000.0,202.0,1900.0,1.0,0.0,0.0,0.0,3.0,0.0,2,0,0,0,3,3
9X5TVP,712.0,531.0,523.0,293.0,260.0,543.0,914.0,610.0,730.0,479.0,569.0,560.0,3.0,2.0,2.0,3.0,3.0,3.0,3,3,3,3,3,3
UHJUQS,10000.0,10000.0,1300.0,1600.0,686.0,10000.0,10000.0,10000.0,1300.0,1600.0,1400.0,10000.0,0.0,0.0,0.0,0.0,1.0,0.0,0,0,1,1,3,0
7BPVBA,622.0,10000.0,866.0,1800.0,793.0,10000.0,1200.0,10000.0,1183.0,1800.0,865.0,10000.0,1.0,0.0,1.0,0.0,3.0,0.0,3,0,2,3,3,0
21UG3Z,10000.0,10000.0,687.0,1100.0,481.0,880.0,10000.0,10000.0,943.5,1800.0,799.0,880.0,0.0,0.0,1.0,0.0,2.0,1.0,0,0,2,3,3,1
KRGXJC,1300.0,10000.0,10000.0,10000.0,1600.0,10000.0,1550.0,10000.0,10000.0,10000.0,1600.0,10000.0,0.0,0.0,0.0,0.0,0.0,0.0,2,0,0,0,1,0
67HYN8,412.0,720.0,430.0,327.0,471.0,504.0,690.0,762.0,974.0,484.0,485.0,752.0,3.0,2.0,2.0,3.0,3.0,3.0,3,3,3,3,3,3
218R6Z,10000.0,10000.0,10000.0,10000.0,1800.0,10000.0,10000.0,10000.0,10000.0,10000.0,1800.0,10000.0,0.0,0.0,0.0,0.0,0.0,0.0,0,0,0,0,1,0
QDKCFU,68.0,1800.0,335.0,1100.0,82.0,1500.0,1000.0,1800.0,661.0,1200.0,148.0,1550.0,2.0,0.0,2.0,0.0,3.0,0.0,3,1,3,2,3,2
E99N74,614.0,10000.0,1900.0,1700.0,419.0,10000.0,668.0,10000.0,1900.0,1800.0,522.0,10000.0,2.0,0.0,0.0,0.0,2.0,0.0,3,0,1,2,3,0
SKHCQ5,10000.0,10000.0,10000.0,10000.0,1900.0,10000.0,10000.0,10000.0,10000.0,10000.0,1900.0,10000.0,0.0,0.0,0.0,0.0,0.0,0.0,0,0,0,0,1,0
67SAA8,10000.0,10000.0,10000.0,10000.0,517.0,10000.0,10000.0,10000.0,10000.0,10000.0,538.0,10000.0,0.0,0.0,0.0,0.0,2.0,0.0,0,0,0,0,3,0
WGWATR,262.0,1100.0,334.0,611.0,310.0,309.0,363.0,1500.0,639.0,1100.0,389.0,1100.0,3.0,0.0,2.0,1.0,3.0,1.0,3,3,3,3,3,3
UDU0JS,1800.0,10000.0,10000.0,10000.0,2000.0,10000.0,1800.0,10000.0,10000.0,10000.0,2000.0,10000.0,0.0,0.0,0.0,0.0,0.0,0.0,1,0,0,0,2,0
AB52SY,817.0,10000.0,814.0,1900.0,1000.0,10000.0,1700.0,10000.0,814.0,1900.0,1150.0,10000.0,1.0,0.0,1.0,0.0,1.0,0.0,3,0,1,1,2,0
3A6F4Q,546.0,10000.0,1400.0,10000.0,253.0,1500.0,546.0,10000.0,1400.0,10000.0,257.0,1500.0,1.0,0.0,0.0,0.0,3.0,0.0,1,0,1,0,3,1
PXFBUG,10000.0,10000.0,10000.0,10000.0,283.0,10000.0,10000.0,10000.0,10000.0,10000.0,1400.0,10000.0,0.0,0.0,0.0,0.0,1.0,0.0,0,0,0,0,3,0
SHG9V5,1200.0,10000.0,10000.0,1300.0,10000.0,10000.0,1200.0,10000.0,10000.0,1300.0,10000.0,10000.0,0.0,0.0,0.0,0.0,0.0,0.0,1,0,0,1,0,0
GMDMT2,1500.0,10000.0,10000.0,2000.0,1800.0,10000.0,1500.0,10000.0,10000.0,2000.0,1800.0,10000.0,0.0,0.0,0.0,0.0,0.0,0.0,1,0,0,1,2,0
QYRYFU,1700.0,10000.0,10000.0,1700.0,375.0,10000.0,1700.0,10000.0,10000.0,1700.0,486.5,10000.0,0.0,0.0,0.0,0.0,2.0,0.0,1,0,0,1,2,0
5KJ0K7,446.0,888.0,739.0,816.0,647.0,554.0,515.0,1200.0,872.0,1000.0,699.0,895.0,3.0,1.0,3.0,2.0,3.0,3.0,3,3,3,3,3,3
AB457Y,1500.0,10000.0,10000.0,1900.0,1700.0,10000.0,1500.0,10000.0,10000.0,1900.0,1700.0,10000.0,0.0,0.0,0.0,0.0,0.0,0.0,1,0,0,1,3,0
5KBQ67,10000.0,10000.0,1100.0,1500.0,682.0,10000.0,10000.0,10000.0,1100.0,1500.0,1400.0,10000.0,0.0,0.0,0.0,0.0,1.0,0.0,0,0,1,1,3,0
KWJQMC,1300.0,483.0,642.0,1000.0,505.0,363.0,1500.0,941.5,1400.0,1900.0,651.0,778.0,0.0,1.0,1.0,1.0,3.0,3.0,3,2,3,3,3,3
7CEXRA,1000.0,903.0,540.0,1200.0,1200.0,876.0,1500.0,1151.5,1600.0,1700.0,1400.0,987.0,1.0,1.0,1.0,0.0,0.0,2.0,3,2,3,3,3,3
5KBWC7,1500.0,10000.0,10000.0,1900.0,1700.0,10000.0,1500.0,10000.0,10000.0,1900.0,1700.0,10000.0,0.0,0.0,0.0,0.0,0.0,0.0,1,0,0,1,3,0
7CBWYA,10000.0,10000.0,209.0,10000.0,10000.0,10000.0,10000.0,10000.0,209.0,10000.0,10000.0,10000.0,0.0,0.0,1.0,0.0,0.0,0.0,0,0,1,0,0,0
D4E63H,10000.0,10000.0,1300.0,1600.0,686.0,10000.0,10000.0,10000.0,1300.0,1600.0,1400.0,10000.0,0.0,0.0,0.0,0.0,1.0,0.0,0,0,1,1,3,0
R2GAYJ,10000.0,10000.0,954.0,1200.0,878.0,10000.0,10000.0,10000.0,954.0,1200.0,1100.0,10000.0,0.0,0.0,1.0,0.0,1.0,0.0,0,0,1,1,3,0
DEY4PH,1100.0,10000.0,10000.0,10000.0,10000.0,10000.0,1100.0,10000.0,10000.0,10000.0,10000.0,10000.0,0.0,0.0,0.0,0.0,0.0,0.0,1,0,0,0,0,0
5HQB07,385.0,10000.0,933.0,556.0,1100.0,1200.0,1400.0,10000.0,1500.0,655.0,1100.0,1550.0,1.0,0.0,1.0,2.0,0.0,0.0,3,0,3,3,3,2
J2CE80,1500.0,10000.0,206.0,276.0,103.0,1100.0,1700.0,10000.0,1200.0,1900.0,386.0,1100.0,0.0,0.0,1.0,1.0,3.0,0.0,3,0,3,3,3,1
SDV165,1300.0,10000.0,578.0,533.0,161.0,1400.0,1800.0,10000.0,939.0,1600.0,459.0,1400.0,0.0,0.0,1.0,1.0,3.0,0.0,3,0,2,3,3,1
EJ5FD4,2000.0,1800.0,385.0,653.0,603.0,133.0,2000.0,1800.0,1100.0,1400.0,780.0,938.0,0.0,0.0,1.0,1.0,3.0,2.0,1,2,3,3,3,3
5HXGQ7,1000.0,10000.0,1100.0,10000.0,1100.0,10000.0,1000.0,10000.0,1100.0,10000.0,1350.0,10000.0,1.0,0.0,0.0,0.0,0.0,0.0,1,0,1,0,2,0
6YWT48,1600.0,10000.0,10000.0,1500.0,322.0,10000.0,1600.0,10000.0,10000.0,1500.0,387.5,10000.0,0.0,0.0,0.0,0.0,2.0,0.0,1,0,0,1,2,0
WTQZMR,10000.0,10000.0,1700.0,10000.0,10000.0,10000.0,10000.0,10000.0,1700.0,10000.0,10000.0,10000.0,0.0,0.0,0.0,0.0,0.0,0.0,0,0,1,0,0,0
0MUB49,1100.0,10000.0,10000.0,771.0,316.0,1600.0,1100.0,10000.0,10000.0,1200.0,533.0,1600.0,0.0,0.0,0.0,1.0,3.0,0.0,1,0,0,3,3,1
6Y4AG8,1600.0,10000.0,1400.0,10000.0,1100.0,10000.0,1650.0,10000.0,1400.0,10000.0,1100.0,10000.0,0.0,0.0,0.0,0.0,0.0,0.0,2,0,1,0,2,0
EGXCJ4,10000.0,10000.0,10000.0,10000.0,1600.0,10000.0,10000.0,10000.0,10000.0,10000.0,1700.0,10000.0,0.0,0.0,0.0,0.0,0.0,0.0,0,0,0,0,3,0
5ERCA7,426.0,454.0,189.0,129.0,610.0,424.0,1600.0,927.0,804.0,659.0,820.0,938.0,1.0,1.0,2.0,3.0,3.0,3.0,3,2,3,3,3,3
C9ZRYB,1400.0,10000.0,10000.0,10000.0,10000.0,10000.0,1700.0,10000.0,10000.0,10000.0,10000.0,10000.0,0.0,0.0,0.0,0.0,0.0,0.0,2,0,0,0,0,0
3HEANQ,1400.0,10000.0,10000.0,10000.0,10000.0,10000.0,1700.0,10000.0,10000.0,10000.0,10000.0,10000.0,0.0,0.0,0.0,0.0,0.0,0.0,2,0,0,0,0,0
SB46W5,10000.0,10000.0,10000.0,10000.0,956.0,10000.0,10000.0,10000.0,10000.0,10000.0,1200.0,10000.0,0.0,0.0,0.0,0.0,1.0,0.0,0,0,0,0,3,0
G63YF2,10000.0,10000.0,529.0,479.0,45.0,901.0,10000.0,10000.0,1100.0,479.0,157.0,901.0,0.0,0.0,1.0,1.0,3.0,1.0,0,0,3,1,3,1
9VNNKP,1500.0,10000.0,388.0,135.0,662.0,542.0,1500.0,10000.0,551.5,501.5,711.0,542.0,0.0,0.0,2.0,2.0,3.0,1.0,1,0,2,2,3,1
1AU1S6,10000.0,10000.0,827.0,1100.0,828.0,10000.0,10000.0,10000.0,1413.5,1100.0,931.0,10000.0,0.0,0.0,1.0,0.0,2.0,0.0,0,0,2,1,3,0
74KQZA,1700.0,10000.0,10000.0,10000.0,10000.0,1700.0,1700.0,10000.0,10000.0,10000.0,10000.0,1700.0,0.0,0.0,0.0,0.0,0.0,0.0,1,0,0,0,0,1
6AMNU8,1300.0,10000.0,872.0,2000.0,437.0,10000.0,1350.0,10000.0,1386.0,2000.0,946.0,10000.0,0.0,0.0,1.0,0.0,2.0,0.0,2,0,2,1,3,0
UK6M3S,469.0,10000.0,348.0,10000.0,613.0,10000.0,469.0,10000.0,348.0,10000.0,669.0,10000.0,1.0,0.0,1.0,0.0,3.0,0.0,1,0,1,0,3,0
17N346,781.0,1500.0,577.0,638.0,657.0,398.0,1100.0,1700.0,928.0,1200.0,658.0,1500.0,1.0,0.0,2.0,1.0,3.0,1.0,3,2,3,3,3,3
6ANEW8,506.0,1300.0,298.0,1100.0,100.0,877.0,926.0,1300.0,572.0,1600.0,581.0,878.0,2.0,0.0,3.0,0.0,3.0,2.0,3,1,3,3,3,3
7E390A,1000.0,10000.0,668.0,407.0,293.0,989.0,1400.0,10000.0,863.0,1300.0,300.0,989.0,1.0,0.0,2.0,1.0,3.0,1.0,3,0,3,3,3,1
PVF62G,1000.0,10000.0,1800.0,10000.0,219.0,1100.0,1000.0,10000.0,1800.0,10000.0,306.0,1100.0,1.0,0.0,0.0,0.0,3.0,0.0,1,0,1,0,3,1
8YZTT3,1500.0,10000.0,1200.0,10000.0,1700.0,10000.0,1700.0,10000.0,1600.0,10000.0,1800.0,10000.0,0.0,0.0,0.0,0.0,0.0,0.0,2,0,2,0,2,0
3DTD0Q,10000.0,10000.0,1300.0,10000.0,839.0,10000.0,10000.0,10000.0,1300.0,10000.0,1069.5,10000.0,0.0,0.0,0.0,0.0,1.0,0.0,0,0,1,0,2,0
4G5EUF,10000.0,10000.0,10000.0,10000.0,1900.0,10000.0,10000.0,10000.0,10000.0,10000.0,1900.0,10000.0,0.0,0.0,0.0,0.0,0.0,0.0,0,0,0,0,1,0
SCNPM5,10000.0,10000.0,10000.0,10000.0,513.0,10000.0,10000.0,10000.0,10000.0,10000.0,961.0,10000.0,0.0,0.0,0.0,0.0,2.0,0.0,0,0,0,0,3,0
9MKMXP,2000.0,10000.0,849.0,10000.0,169.0,10000.0,2000.0,10000.0,849.0,10000.0,373.0,10000.0,0.0,0.0,1.0,0.0,3.0,0.0,1,0,1,0,3,0
DWN5MH,10000.0,10000.0,1600.0,10000.0,451.0,134.0,10000.0,10000.0,1650.0,10000.0,625.0,375.0,0.0,0.0,0.0,0.0,3.0,2.0,0,0,2,0,3,2
JNQA70,798.0,1000.0,441.0,448.0,215.0,382.0,1300.0,1000.0,1300.0,1600.0,265.0,559.0,1.0,2.0,1.0,1.0,3.0,3.0,3,3,3,3,3,3
UKWX4S,10000.0,10000.0,1800.0,10000.0,263.0,10000.0,10000.0,10000.0,1800.0,10000.0,327.0,10000.0,0.0,0.0,0.0,0.0,2.0,0.0,0,0,1,0,3,0
EPXSH4,10000.0,10000.0,1300.0,1600.0,686.0,10000.0,10000.0,10000.0,1300.0,1600.0,1400.0,10000.0,0.0,0.0,0.0,0.0,1.0,0.0,0,0,1,1,3,0
UK4UZS,325.0,1400.0,872.0,1500.0,506.0,1400.0,1700.0,1400.0,872.0,1500.0,586.0,1450.0,1.0,0.0,1.0,0.0,3.0,0.0,3,1,1,1,3,2
SCEZC5,1900.0,10000.0,10000.0,10000.0,1100.0,10000.0,1900.0,10000.0,10000.0,10000.0,1100.0,10000.0,0.0,0.0,0.0,0.0,0.0,0.0,1,0,0,0,1,0
17YRR6,10000.0,10000.0,545.0,192.0,1200.0,531.0,10000.0,10000.0,545.0,1700.0,1350.0,531.0,0.0,0.0,1.0,1.0,0.0,1.0,0,0,1,3,2,1
WZG1BR,10000.0,10000.0,10000.0,10000.0,771.0,10000.0,10000.0,10000.0,10000.0,10000.0,833.5,10000.0,0.0,0.0,0.0,0.0,2.0,0.0,0,0,0,0,2,0
A4CV5Y,1200.0,10000.0,1500.0,10000.0,489.0,2000.0,1200.0,10000.0,1500.0,10000.0,1700.0,2000.0,0.0,0.0,0.0,0.0,1.0,0.0,1,0,1,0,3,1
0XZHP9,1400.0,10000.0,10000.0,619.0,586.0,10000.0,1400.0,10000.0,10000.0,1700.0,694.0,10000.0,0.0,0.0,0.0,1.0,2.0,0.0,1,0,0,3,3,0
3D7G9Q,1200.0,10000.0,1400.0,10000.0,523.0,10000.0,1200.0,10000.0,1400.0,10000.0,1600.0,10000.0,0.0,0.0,0.0,0.0,1.0,0.0,1,0,1,0,3,0
KJBU5C,519.0,10000.0,10000.0,10000.0,376.0,2000.0,754.0,10000.0,10000.0,10000.0,417.0,2000.0,2.0,0.0,0.0,0.0,3.0,0.0,3,0,0,0,3,1
0XPYG9,1400.0,10000.0,10000.0,666.0,458.0,10000.0,1400.0,10000.0,10000.0,1600.0,654.0,10000.0,0.0,0.0,0.0,1.0,2.0,0.0,1,0,0,3,3,0
UK5P9S,1300.0,10000.0,10000.0,10000.0,10000.0,10000.0,1800.0,10000.0,10000.0,10000.0,10000.0,10000.0,0.0,0.0,0.0,0.0,0.0,0.0,3,0,0,0,0,0
W2F60R,1400.0,10000.0,10000.0,1500.0,1400.0,10000.0,1400.0,10000.0,10000.0,1500.0,1450.0,10000.0,0.0,0.0,0.0,0.0,0.0,0.0,1,0,0,1,2,0
KRHERC,554.0,10000.0,1300.0,420.0,981.0,1600.0,981.0,10000.0,1400.0,467.0,1200.0,1750.0,2.0,0.0,0.0,2.0,1.0,0.0,3,0,3,3,3,2
7BQX1A,10000.0,10000.0,1300.0,1600.0,686.0,10000.0,10000.0,10000.0,1300.0,1600.0,1400.0,10000.0,0.0,0.0,0.0,0.0,1.0,0.0,0,0,1,1,3,0
7BQNVA,10000.0,10000.0,10000.0,10000.0,879.0,10000.0,10000.0,10000.0,10000.0,10000.0,1000.0,10000.0,0.0,0.0,0.0,0.0,2.0,0.0,0,0,0,0,3,0
3YVP2Q,10000.0,10000.0,10000.0,10000.0,335.0,10000.0,10000.0,10000.0,10000.0,10000.0,446.0,10000.0,0.0,0.0,0.0,0.0,3.0,0.0,0,0,0,0,3,0
8A2XX3,2000.0,10000.0,1500.0,1700.0,800.0,1800.0,2000.0,10000.0,1500.0,1800.0,875.0,1800.0,0.0,0.0,0.0,0.0,2.0,0.0,1,0,1,2,3,1
RZ7ATJ,10000.0,10000.0,62.0,10000.0,905.0,10000.0,10000.0,10000.0,62.0,10000.0,1100.0,10000.0,0.0,0.0,1.0,0.0,1.0,0.0,0,0,1,0,3,0
PMA99G,1000.0,1200.0,973.0,967.0,1200.0,10000.0,1300.0,1200.0,1086.5,967.0,1500.0,10000.0,1.0,0.0,1.0,1.0,0.0,0.0,2,1,2,1,3,0
8ARZ13,10000.0,10000.0,10000.0,10000.0,367.0,10000.0,10000.0,10000.0,10000.0,10000.0,400.0,10000.0,0.0,0.0,0.0,0.0,2.0,0.0,0,0,0,0,3,0
9X7BFP,1500.0,10000.0,10000.0,10000.0,10000.0,10000.0,1650.0,10000.0,10000.0,10000.0,10000.0,10000.0,0.0,0.0,0.0,0.0,0.0,0.0,2,0,0,0,0,0
DFNV0H,1400.0,10000.0,2000.0,10000.0,839.0,10000.0,1400.0,10000.0,2000.0,10000.0,1419.5,10000.0,0.0,0.0,0.0,0.0,1.0,0.0,1,0,1,0,2,0
UH9BXS,10000.0,10000.0,1300.0,1600.0,686.0,10000.0,10000.0,10000.0,1300.0,1600.0,1400.0,10000.0,0.0,0.0,0.0,0.0,1.0,0.0,0,0,1,1,3,0
3YR72Q,10000.0,10000.0,10000.0,1900.0,539.0,10000.0,10000.0,10000.0,10000.0,1900.0,692.0,10000.0,0.0,0.0,0.0,0.0,2.0,0.0,0,0,0,1,3,0
8AW5C3,10000.0,10000.0,10000.0,804.0,555.0,10000.0,10000.0,10000.0,10000.0,804.0,746.0,10000.0,0.0,0.0,0.0,1.0,3.0,0.0,0,0,0,1,3,0
3YRSPQ,10000.0,10000.0,1300.0,1600.0,686.0,10000.0,10000.0,10000.0,1300.0,1600.0,1400.0,10000.0,0.0,0.0,0.0,0.0,1.0,0.0,0,0,1,1,3,0
3YRU9Q,10000.0,10000.0,10000.0,10000.0,1600.0,10000.0,10000.0,10000.0,10000.0,10000.0,1600.0,10000.0,0.0,0.0,0.0,0.0,0.0,0.0,0,0,0,0,1,0
QDRQ6U,1700.0,862.0,1000.0,1400.0,729.0,682.0,1700.0,1281.0,1350.0,1400.0,785.0,722.0,0.0,1.0,1.0,0.0,2.0,2.0,2,2,2,1,3,3
7BP7PA,1100.0,10000.0,1900.0,10000.0,10000.0,10000.0,1350.0,10000.0,1900.0,10000.0,10000.0,10000.0,0.0,0.0,0.0,0.0,0.0,0.0,2,0,1,0,0,0
UHRF3S,980.0,10000.0,1400.0,10000.0,195.0,859.0,980.0,10000.0,1400.0,10000.0,582.0,881.0,1.0,0.0,0.0,0.0,3.0,3.0,1,0,3,0,3,3
0N6029,10000.0,10000.0,10000.0,1300.0,263.0,10000.0,10000.0,10000.0,10000.0,1300.0,981.5,10000.0,0.0,0.0,0.0,0.0,1.0,0.0,0,0,0,1,2,0
W2MB9R,10000.0,10000.0,1600.0,1600.0,621.0,1700.0,10000.0,10000.0,1700.0,2000.0,662.0,1700.0,0.0,0.0,0.0,0.0,2.0,0.0,0,0,2,3,3,1
QDEWVU,1000.0,10000.0,10000.0,10000.0,207.0,10000.0,1000.0,10000.0,10000.0,10000.0,1100.0,10000.0,1.0,0.0,0.0,0.0,1.0,0.0,1,0,0,0,3,0
AEJP0Y,10000.0,10000.0,276.0,10000.0,527.0,10000.0,10000.0,10000.0,276.0,10000.0,575.0,10000.0,0.0,0.0,1.0,0.0,3.0,0.0,0,0,1,0,3,0
GVQSD2,544.0,10000.0,1000.0,694.0,1000.0,1300.0,1500.0,10000.0,1500.0,770.0,1100.0,1300.0,1.0,0.0,1.0,2.0,1.0,0.0,3,0,3,3,3,1
3YBAVQ,1900.0,1600.0,599.0,530.0,787.0,260.0,1900.0,1700.0,1300.0,1400.0,928.0,793.0,0.0,0.0,1.0,1.0,3.0,3.0,1,2,3,3,3,3
CJGZ4B,10000.0,10000.0,10000.0,10000.0,621.0,10000.0,10000.0,10000.0,10000.0,10000.0,821.0,10000.0,0.0,0.0,0.0,0.0,3.0,0.0,0,0,0,0,3,0
UHEYCS,1300.0,10000.0,10000.0,10000.0,10000.0,10000.0,1600.0,10000.0,10000.0,10000.0,10000.0,10000.0,0.0,0.0,0.0,0.0,0.0,0.0,3,0,0,0,0,0
Y4R72D,1500.0,10000.0,1300.0,1900.0,548.0,10000.0,1550.0,10000.0,1300.0,1900.0,1000.0,10000.0,0.0,0.0,0.0,0.0,2.0,0.0,2,0,3,1,3,0
QDCTYU,707.0,10000.0,719.0,10000.0,325.0,10000.0,711.5,10000.0,1209.5,10000.0,371.0,10000.0,2.0,0.0,1.0,0.0,2.0,0.0,2,0,2,0,3,0
9XVFXP,1300.0,10000.0,10000.0,10000.0,10000.0,10000.0,1600.0,10000.0,10000.0,10000.0,10000.0,10000.0,0.0,0.0,0.0,0.0,0.0,0.0,3,0,0,0,0,0
CJ971B,1100.0,10000.0,1700.0,10000.0,455.0,10000.0,1250.0,10000.0,1850.0,10000.0,977.5,10000.0,0.0,0.0,0.0,0.0,1.0,0.0,2,0,2,0,2,0
UHCV9S,10000.0,10000.0,10000.0,10000.0,1800.0,10000.0,10000.0,10000.0,10000.0,10000.0,1800.0,10000.0,0.0,0.0,0.0,0.0,0.0,0.0,0,0,0,0,1,0
RZNY7J,1700.0,10000.0,1300.0,10000.0,2000.0,10000.0,1800.0,10000.0,1550.0,10000.0,2000.0,10000.0,0.0,0.0,0.0,0.0,0.0,0.0,2,0,2,0,1,0
67Y9W8,10000.0,10000.0,10000.0,10000.0,1300.0,10000.0,10000.0,10000.0,10000.0,10000.0,1350.0,10000.0,0.0,0.0,0.0,0.0,0.0,0.0,0,0,0,0,2,0
UHCZFS,10000.0,10000.0,10000.0,10000.0,221.0,1700.0,10000.0,10000.0,10000.0,10000.0,681.0,1700.0,0.0,0.0,0.0,0.0,2.0,0.0,0,0,0,0,3,1
SKBF35,779.0,1500.0,365.0,1500.0,379.0,607.0,1100.0,1500.0,967.0,1600.0,632.0,1700.0,1.0,0.0,2.0,0.0,2.0,1.0,3,1,3,3,3,3
QDKERU,1400.0,10000.0,10000.0,10000.0,10000.0,10000.0,1700.0,10000.0,10000.0,10000.0,10000.0,10000.0,0.0,0.0,0.0,0.0,0.0,0.0,2,0,0,0,0,0
7BEYTA,10000.0,10000.0,10000.0,10000.0,1900.0,10000.0,10000.0,10000.0,10000.0,10000.0,1900.0,10000.0,0.0,0.0,0.0,0.0,0.0,0.0,0,0,0,0,1,0
CJJK5B,1500.0,10000.0,1400.0,10000.0,226.0,1500.0,1500.0,10000.0,1700.0,10000.0,1200.0,1500.0,0.0,0.0,0.0,0.0,1.0,0.0,1,0,3,0,3,3
Y441JD,894.0,10000.0,10000.0,10000.0,1200.0,1900.0,993.0,10000.0,10000.0,10000.0,1300.0,1900.0,2.0,0.0,0.0,0.0,0.0,0.0,3,0,0,0,3,2
JTTQD0,310.0,1900.0,1400.0,2000.0,731.0,1200.0,310.0,1900.0,1400.0,2000.0,853.0,1400.0,1.0,0.0,0.0,0.0,3.0,0.0,1,1,1,1,3,2
9XNXHP,969.0,10000.0,668.0,1700.0,1300.0,10000.0,1500.0,10000.0,1900.0,1700.0,1350.0,10000.0,1.0,0.0,1.0,0.0,0.0,0.0,3,0,3,1,2,0
5CHUQ7,107.0,318.0,179.0,380.0,40.0,67.0,258.0,460.0,905.0,1000.0,224.0,478.0,3.0,2.0,3.0,2.0,3.0,3.0,3,3,3,3,3,3
Y4BGBD,10000.0,10000.0,943.0,10000.0,518.0,1200.0,10000.0,10000.0,943.0,10000.0,849.0,1200.0,0.0,0.0,1.0,0.0,2.0,0.0,0,0,1,0,3,1
7BKK5A,2000.0,10000.0,885.0,10000.0,364.0,10000.0,2000.0,10000.0,885.0,10000.0,471.0,10000.0,0.0,0.0,1.0,0.0,2.0,0.0,1,0,1,0,3,0
WGW7ZR,10000.0,10000.0,542.0,10000.0,218.0,1200.0,10000.0,10000.0,542.0,10000.0,468.0,1200.0,0.0,0.0,1.0,0.0,2.0,0.0,0,0,1,0,3,1
R2RUDJ,10000.0,10000.0,10000.0,10000.0,10000.0,1400.0,10000.0,10000.0,10000.0,10000.0,10000.0,1400.0,0.0,0.0,0.0,0.0,0.0,0.0,0,0,0,0,0,1
QYQJ1U,1300.0,10000.0,10000.0,10000.0,1600.0,10000.0,1550.0,10000.0,10000.0,10000.0,1600.0,10000.0,0.0,0.0,0.0,0.0,0.0,0.0,2,0,0,0,1,0
ABARNY,806.0,10000.0,10000.0,592.0,536.0,10000.0,806.0,10000.0,10000.0,592.0,542.0,10000.0,1.0,0.0,0.0,1.0,3.0,0.0,1,0,0,1,3,0
SHSK75,377.0,1800.0,918.0,1800.0,558.0,649.0,850.0,1800.0,924.0,1800.0,570.0,952.0,2.0,0.0,2.0,0.0,2.0,2.0,3,1,3,1,3,3
ABAK0Y,1100.0,10000.0,10000.0,10000.0,1900.0,10000.0,1400.0,10000.0,10000.0,10000.0,1900.0,10000.0,0.0,0.0,0.0,0.0,0.0,0.0,3,0,0,0,1,0
WGFWSR,1000.0,10000.0,1100.0,10000.0,141.0,10000.0,1050.0,10000.0,1900.0,10000.0,637.0,10000.0,1.0,0.0,0.0,0.0,3.0,0.0,2,0,3,0,3,0
2VGCQZ,1000.0,1100.0,537.0,838.0,272.0,92.0,1200.0,1100.0,539.0,1300.0,279.0,611.0,1.0,0.0,3.0,1.0,3.0,3.0,3,1,3,3,3,3
5KUZV7,1300.0,10000.0,1300.0,1300.0,228.0,998.0,1300.0,10000.0,1400.0,1300.0,353.0,1249.0,0.0,0.0,0.0,0.0,2.0,1.0,1,0,2,1,3,2
7CSTTA,10000.0,10000.0,10000.0,10000.0,201.0,10000.0,10000.0,10000.0,10000.0,10000.0,201.0,10000.0,0.0,0.0,0.0,0.0,1.0,0.0,0,0,0,0,1,0
65VWG8,1000.0,944.0,332.0,487.0,334.0,478.0,1100.0,1400.0,1400.0,694.0,521.0,617.0,1.0,1.0,1.0,3.0,3.0,3.0,3,3,3,3,3,3
3A6R9Q,1500.0,10000.0,10000.0,1900.0,1500.0,10000.0,1500.0,10000.0,10000.0,1900.0,1600.0,10000.0,0.0,0.0,0.0,0.0,0.0,0.0,3,0,0,1,3,0
UD3RJS,1200.0,941.0,1800.0,10000.0,635.0,1500.0,1200.0,941.0,1800.0,10000.0,711.0,1500.0,0.0,1.0,0.0,0.0,3.0,0.0,1,1,1,0,3,1
SHQCD5,755.0,10000.0,499.0,1400.0,574.0,257.0,1000.0,10000.0,663.0,1400.0,767.0,1000.0,2.0,0.0,2.0,0.0,2.0,2.0,3,0,3,1,3,3
5K3TQ7,888.0,921.0,647.0,526.0,481.0,836.0,940.0,1300.0,705.0,812.0,1100.0,866.0,2.0,1.0,3.0,2.0,1.0,3.0,3,3,3,3,3,3
65X448,10000.0,10000.0,10000.0,10000.0,899.0,10000.0,10000.0,10000.0,10000.0,10000.0,906.0,10000.0,0.0,0.0,0.0,0.0,2.0,0.0,0,0,0,0,3,0
R2E6DJ,10000.0,10000.0,10000.0,10000.0,650.0,10000.0,10000.0,10000.0,10000.0,10000.0,699.0,10000.0,0.0,0.0,0.0,0.0,2.0,0.0,0,0,0,0,2,0
ABUJ6Y,10000.0,10000.0,10000.0,10000.0,1900.0,10000.0,10000.0,10000.0,10000.0,10000.0,1900.0,10000.0,0.0,0.0,0.0,0.0,0.0,0.0,0,0,0,0,2,0
5K8MS7,1700.0,10000.0,10000.0,903.0,31.0,942.0,1700.0,10000.0,10000.0,903.0,352.0,942.0,0.0,0.0,0.0,1.0,3.0,1.0,1,0,0,1,3,1
SH1615,1300.0,1100.0,1100.0,1300.0,594.0,316.0,1400.0,1100.0,1200.0,1600.0,689.0,320.0,0.0,0.0,0.0,0.0,3.0,2.0,3,1,3,3,3,3
49DY2F,10000.0,10000.0,10000.0,10000.0,621.0,10000.0,10000.0,10000.0,10000.0,10000.0,821.0,10000.0,0.0,0.0,0.0,0.0,3.0,0.0,0,0,0,0,3,0
SH1MV5,1200.0,10000.0,1400.0,10000.0,594.0,1400.0,1400.0,10000.0,1400.0,10000.0,678.0,1400.0,0.0,0.0,0.0,0.0,3.0,0.0,2,0,1,0,3,1
UDVN6S,10000.0,10000.0,10000.0,10000.0,512.0,10000.0,10000.0,10000.0,10000.0,10000.0,604.0,10000.0,0.0,0.0,0.0,0.0,2.0,0.0,0,0,0,0,2,0
5K6MA7,267.0,10000.0,10000.0,478.0,163.0,10000.0,267.0,10000.0,10000.0,786.0,199.0,10000.0,1.0,0.0,0.0,3.0,2.0,0.0,1,0,0,3,3,0
E0YQT4,10000.0,10000.0,10000.0,10000.0,380.0,10000.0,10000.0,10000.0,10000.0,10000.0,415.5,10000.0,0.0,0.0,0.0,0.0,2.0,0.0,0,0,0,0,2,0
SH1P95,613.0,10000.0,1500.0,1200.0,322.0,10000.0,1256.5,10000.0,1600.0,1300.0,844.0,10000.0,1.0,0.0,0.0,0.0,3.0,0.0,2,0,3,2,3,0
SH14F5,10000.0,10000.0,1200.0,10000.0,1200.0,10000.0,10000.0,10000.0,1200.0,10000.0,1200.0,10000.0,0.0,0.0,0.0,0.0,0.0,0.0,0,0,1,0,1,0
GMW102,1000.0,10000.0,1900.0,1500.0,406.0,10000.0,1200.0,10000.0,1900.0,1600.0,562.0,10000.0,1.0,0.0,0.0,0.0,2.0,0.0,3,0,1,2,3,0
PXFTFG,1200.0,10000.0,10000.0,10000.0,355.0,10000.0,1200.0,10000.0,10000.0,10000.0,1000.0,10000.0,0.0,0.0,0.0,0.0,2.0,0.0,1,0,0,0,3,0
652VD8,10000.0,10000.0,10000.0,10000.0,177.0,10000.0,10000.0,10000.0,10000.0,10000.0,1200.0,10000.0,0.0,0.0,0.0,0.0,1.0,0.0,0,0,0,0,3,0
PXEB5G,10000.0,10000.0,10000.0,10000.0,1400.0,10000.0,10000.0,10000.0,10000.0,10000.0,1900.0,10000.0,0.0,0.0,0.0,0.0,0.0,0.0,0,0,0,0,3,0
652028,10000.0,10000.0,10000.0,10000.0,1400.0,10000.0,10000.0,10000.0,10000.0,10000.0,1900.0,10000.0,0.0,0.0,0.0,0.0,0.0,0.0,0,0,0,0,3,0
1SJUG6,197.0,633.0,548.0,643.0,413.0,640.0,485.0,1100.0,843.0,803.0,459.0,696.0,3.0,1.0,3.0,2.0,3.0,3.0,3,3,3,3,3,3
QYG5MU,10000.0,10000.0,552.0,10000.0,472.0,10000.0,10000.0,10000.0,552.0,10000.0,672.0,10000.0,0.0,0.0,1.0,0.0,3.0,0.0,0,0,1,0,3,0
5KZ597,762.0,1700.0,458.0,10000.0,798.0,10000.0,893.0,1700.0,1100.0,10000.0,1100.0,10000.0,2.0,0.0,1.0,0.0,1.0,0.0,3,1,3,0,3,0
2VKFRZ,476.0,1600.0,238.0,1200.0,602.0,1600.0,1100.0,1600.0,1300.0,1700.0,1100.0,1700.0,1.0,0.0,1.0,0.0,1.0,0.0,3,1,3,3,3,3
KW1URC,10000.0,10000.0,10000.0,10000.0,10000.0,1800.0,10000.0,10000.0,10000.0,10000.0,10000.0,1800.0,0.0,0.0,0.0,0.0,0.0,0.0,0,0,0,0,0,1
E03SQ4,10000.0,2000.0,10000.0,10000.0,715.0,10000.0,10000.0,2000.0,10000.0,10000.0,782.0,10000.0,0.0,0.0,0.0,0.0,3.0,0.0,0,1,0,0,3,0
E03364,10000.0,10000.0,10000.0,10000.0,562.0,10000.0,10000.0,10000.0,10000.0,10000.0,929.0,10000.0,0.0,0.0,0.0,0.0,2.0,0.0,0,0,0,0,3,0
UDG98S,10000.0,10000.0,10000.0,10000.0,354.0,10000.0,10000.0,10000.0,10000.0,10000.0,417.0,10000.0,0.0,0.0,0.0,0.0,2.0,0.0,0,0,0,0,3,0
1SWF56,10000.0,10000.0,674.0,10000.0,401.0,10000.0,10000.0,10000.0,674.0,10000.0,420.0,10000.0,0.0,0.0,1.0,0.0,2.0,0.0,0,0,1,0,3,0
WGUXXR,404.0,10000.0,1100.0,10000.0,149.0,1900.0,404.0,10000.0,1100.0,10000.0,269.0,1900.0,1.0,0.0,0.0,0.0,3.0,0.0,1,0,1,0,3,1
ABTWAY,10000.0,10000.0,10000.0,10000.0,1100.0,10000.0,10000.0,10000.0,10000.0,10000.0,1100.0,10000.0,0.0,0.0,0.0,0.0,0.0,0.0,0,0,0,0,1,0
ABTE7Y,10000.0,10000.0,10000.0,10000.0,559.0,10000.0,10000.0,10000.0,10000.0,10000.0,840.0,10000.0,0.0,0.0,0.0,0.0,2.0,0.0,0,0,0,0,3,0
3AJCXQ,842.0,10000.0,10000.0,1700.0,989.0,10000.0,849.0,10000.0,10000.0,1700.0,1244.5,10000.0,2.0,0.0,0.0,0.0,1.0,0.0,2,0,0,1,2,0
0TSW49,1700.0,10000.0,10000.0,1800.0,389.0,1900.0,1700.0,10000.0,10000.0,1800.0,697.0,1900.0,0.0,0.0,0.0,0.0,3.0,0.0,1,0,0,1,3,1
3AR14Q,10000.0,10000.0,322.0,10000.0,205.0,1700.0,10000.0,10000.0,322.0,10000.0,388.0,1700.0,0.0,0.0,1.0,0.0,2.0,0.0,0,0,1,0,3,1
PX7RRG,1700.0,10000.0,10000.0,1800.0,389.0,1900.0,1700.0,10000.0,10000.0,1800.0,697.0,1900.0,0.0,0.0,0.0,0.0,3.0,0.0,1,0,0,1,3,1
2VYJ2Z,690.0,10000.0,1600.0,1500.0,115.0,1500.0,690.0,10000.0,1600.0,1500.0,144.0,1500.0,1.0,0.0,0.0,0.0,3.0,0.0,1,0,1,1,3,1
65FZS8,10000.0,10000.0,10000.0,10000.0,912.0,10000.0,10000.0,10000.0,10000.0,10000.0,936.5,10000.0,0.0,0.0,0.0,0.0,2.0,0.0,0,0,0,0,2,0
7CG17A,478.0,1400.0,762.0,1300.0,271.0,331.0,1200.0,1600.0,1300.0,1600.0,323.0,477.0,1.0,0.0,1.0,0.0,3.0,3.0,3,3,3,3,3,3
3ARGUQ,10000.0,10000.0,312.0,10000.0,149.0,1400.0,10000.0,10000.0,312.0,10000.0,203.0,1400.0,0.0,0.0,1.0,0.0,2.0,0.0,0,0,1,0,3,1
0TUTZ9,517.0,1700.0,795.0,1500.0,687.0,1400.0,1100.0,1700.0,1500.0,1500.0,741.0,1400.0,1.0,0.0,1.0,0.0,3.0,0.0,3,1,3,1,3,2
YEPXYD,10000.0,10000.0,818.0,1100.0,841.0,10000.0,10000.0,10000.0,1409.0,1100.0,901.0,10000.0,0.0,0.0,1.0,0.0,2.0,0.0,0,0,2,1,3,0
0T3AY9,682.0,1200.0,734.0,1100.0,399.0,922.0,775.0,1200.0,980.0,1300.0,441.0,958.0,3.0,0.0,3.0,0.0,3.0,2.0,3,1,3,3,3,3
SHR035,108.0,351.0,356.0,427.0,118.0,352.0,194.0,1000.0,373.0,544.0,138.0,358.0,3.0,3.0,3.0,3.0,3.0,3.0,3,3,3,3,3,3
UDWRUS,497.0,796.0,476.0,447.0,272.0,252.0,660.0,1100.0,1400.0,879.0,538.0,526.0,3.0,1.0,1.0,3.0,3.0,3.0,3,3,3,3,3,3
JZ8860,1100.0,10000.0,10000.0,358.0,256.0,901.0,1200.0,10000.0,10000.0,729.0,808.0,1100.0,0.0,0.0,0.0,1.0,3.0,1.0,3,0,0,2,3,3
65BCQ8,863.0,951.0,694.0,534.0,450.0,897.0,951.0,1300.0,724.0,865.0,1100.0,927.0,3.0,1.0,3.0,2.0,1.0,3.0,3,3,3,3,3,3
2V58YZ,94.0,10000.0,435.0,10000.0,433.0,10000.0,128.0,10000.0,1100.0,10000.0,828.0,10000.0,2.0,0.0,1.0,0.0,3.0,0.0,3,0,3,0,3,0
GMUPZ2,1100.0,10000.0,1300.0,10000.0,1300.0,10000.0,1100.0,10000.0,1500.0,10000.0,1400.0,10000.0,0.0,0.0,0.0,0.0,0.0,0.0,1,0,2,0,3,0
2VUX5Z,1700.0,10000.0,1100.0,10000.0,1400.0,10000.0,1700.0,10000.0,1400.0,10000.0,1500.0,10000.0,0.0,0.0,0.0,0.0,0.0,0.0,1,0,2,0,3,0
5K46N7,478.0,1400.0,762.0,1300.0,271.0,331.0,1200.0,1600.0,1300.0,1600.0,323.0,477.0,1.0,0.0,1.0,0.0,3.0,3.0,3,3,3,3,3,3
3AKXJQ,545.0,997.0,92.0,810.0,348.0,624.0,1400.0,1000.0,1200.0,969.0,505.0,670.0,1.0,2.0,1.0,2.0,3.0,3.0,3,3,3,3,3,3
9NVJVP,817.0,10000.0,1000.0,1700.0,498.0,926.0,1358.5,10000.0,1400.0,1700.0,556.0,938.0,1.0,0.0,1.0,0.0,3.0,3.0,2,0,3,1,3,3
SHCQ05,10000.0,10000.0,1100.0,1400.0,941.0,10000.0,10000.0,10000.0,1100.0,1400.0,1200.0,10000.0,0.0,0.0,0.0,0.0,1.0,0.0,0,0,1,1,3,0
3AD10Q,1700.0,1900.0,1400.0,1500.0,1200.0,1700.0,1800.0,1900.0,1500.0,1500.0,1300.0,1800.0,0.0,0.0,0.0,0.0,0.0,0.0,2,1,3,1,3,3
JZNDE0,1300.0,10000.0,1800.0,10000.0,764.0,10000.0,1650.0,10000.0,1800.0,10000.0,1332.0,10000.0,0.0,0.0,0.0,0.0,1.0,0.0,2,0,1,0,2,0
65AH78,641.0,411.0,307.0,656.0,60.0,151.0,997.0,1500.0,875.0,1100.0,588.0,594.0,2.0,1.0,3.0,1.0,3.0,3.0,3,3,3,3,3,3
AB4FJY,1700.0,1200.0,1300.0,1700.0,818.0,592.0,1700.0,1200.0,1550.0,1700.0,1000.0,995.0,0.0,0.0,0.0,0.0,2.0,2.0,1,1,2,1,3,3
PXVXSG,1900.0,10000.0,10000.0,10000.0,10000.0,10000.0,1900.0,10000.0,10000.0,10000.0,10000.0,10000.0,0.0,0.0,0.0,0.0,0.0,0.0,1,0,0,0,0,0
ABE0PY,893.0,10000.0,1500.0,10000.0,404.0,10000.0,1246.5,10000.0,1500.0,10000.0,952.0,10000.0,1.0,0.0,0.0,0.0,1.0,0.0,2,0,1,0,2,0
3AYEYQ,1300.0,10000.0,10000.0,10000.0,10000.0,10000.0,1600.0,10000.0,10000.0,10000.0,10000.0,10000.0,0.0,0.0,0.0,0.0,0.0,0.0,3,0,0,0,0,0
1S5HK6,1300.0,10000.0,1800.0,10000.0,764.0,10000.0,1650.0,10000.0,1800.0,10000.0,1332.0,10000.0,0.0,0.0,0.0,0.0,1.0,0.0,2,0,1,0,2,0
657KY8,1800.0,10000.0,1700.0,10000.0,10000.0,10000.0,1800.0,10000.0,1700.0,10000.0,10000.0,10000.0,0.0,0.0,0.0,0.0,0.0,0.0,1,0,1,0,0,0
3AYUVQ,734.0,10000.0,10000.0,10000.0,10000.0,830.0,734.0,10000.0,10000.0,10000.0,10000.0,830.0,1.0,0.0,0.0,0.0,0.0,1.0,1,0,0,0,0,1
7CCVPA,1800.0,10000.0,10000.0,10000.0,964.0,10000.0,1800.0,10000.0,10000.0,10000.0,1400.0,10000.0,0.0,0.0,0.0,0.0,1.0,0.0,1,0,0,0,3,0
CRWU1B,564.0,1000.0,41.0,849.0,428.0,609.0,1300.0,1100.0,1200.0,916.0,595.0,645.0,1.0,1.0,1.0,2.0,3.0,3.0,3,3,3,3,3,3
2VM46Z,10000.0,10000.0,2000.0,10000.0,10000.0,10000.0,10000.0,10000.0,2000.0,10000.0,10000.0,10000.0,0.0,0.0,0.0,0.0,0.0,0.0,0,0,1,0,0,0
GMXEZ2,10000.0,10000.0,1900.0,10000.0,1100.0,1500.0,10000.0,10000.0,1900.0,10000.0,1350.0,1500.0,0.0,0.0,0.0,0.0,0.0,0.0,0,0,1,0,2,1
875P53,10000.0,10000.0,10000.0,10000.0,1900.0,10000.0,10000.0,10000.0,10000.0,10000.0,1900.0,10000.0,0.0,0.0,0.0,0.0,0.0,0.0,0,0,0,0,1,0
UDY2RS,748.0,10000.0,847.0,10000.0,178.0,10000.0,757.5,10000.0,1273.5,10000.0,510.0,10000.0,2.0,0.0,1.0,0.0,3.0,0.0,2,0,2,0,3,0
PXNQEG,10000.0,10000.0,10000.0,1600.0,1800.0,1900.0,10000.0,10000.0,10000.0,1600.0,1850.0,1900.0,0.0,0.0,0.0,0.0,0.0,0.0,0,0,0,1,2,1
UDYBPS,10000.0,10000.0,10000.0,10000.0,2000.0,10000.0,10000.0,10000.0,10000.0,10000.0,2000.0,10000.0,0.0,0.0,0.0,0.0,0.0,0.0,0,0,0,0,1,0
9NTTYP,1500.0,10000.0,1000.0,1800.0,605.0,10000.0,1550.0,10000.0,1500.0,1800.0,1200.0,10000.0,0.0,0.0,1.0,0.0,1.0,0.0,2,0,2,1,3,0
9NZEVP,2000.0,10000.0,340.0,1200.0,153.0,715.0,2000.0,10000.0,782.0,1300.0,471.0,957.5,0.0,0.0,3.0,0.0,3.0,1.0,1,0,3,3,3,2
87QM43,208.0,10000.0,170.0,10000.0,207.0,10000.0,1400.0,10000.0,1100.0,10000.0,826.0,10000.0,1.0,0.0,1.0,0.0,3.0,0.0,3,0,3,0,3,0
SH7M05,1600.0,795.0,905.0,1300.0,770.0,670.0,1650.0,1247.5,1302.5,1300.0,778.0,709.0,0.0,1.0,1.0,0.0,2.0,2.0,2,2,2,1,3,3
7K5CSA,10000.0,10000.0,10000.0,10000.0,10000.0,1700.0,10000.0,10000.0,10000.0,10000.0,10000.0,1700.0,0.0,0.0,0.0,0.0,0.0,0.0,0,0,0,0,0,1
7KS76A,300.0,10000.0,1000.0,1700.0,378.0,1900.0,924.0,10000.0,1400.0,1700.0,780.0,1900.0,2.0,0.0,1.0,0.0,2.0,0.0,3,0,3,1,3,2
1UXYR6,275.0,295.0,572.0,412.0,366.0,353.0,332.0,617.0,808.0,1500.0,378.0,727.0,3.0,3.0,3.0,1.0,3.0,3.0,3,3,3,3,3,3
6SX4E8,246.0,10000.0,10000.0,1800.0,1600.0,10000.0,259.5,10000.0,10000.0,1800.0,1650.0,10000.0,2.0,0.0,0.0,0.0,0.0,0.0,2,0,0,1,2,0
7K8XZA,907.0,733.0,578.0,979.0,145.0,426.0,996.0,1316.5,586.0,1200.0,500.0,502.0,2.0,1.0,3.0,1.0,3.0,3.0,3,2,3,3,3,3
7K80WA,1700.0,1800.0,1300.0,1400.0,953.0,10000.0,1900.0,1800.0,1300.0,1400.0,1500.0,10000.0,0.0,0.0,0.0,0.0,1.0,0.0,3,1,1,1,3,0
0ZETB9,256.0,10000.0,1500.0,410.0,380.0,1500.0,1100.0,10000.0,1700.0,1055.0,441.0,1500.0,1.0,0.0,0.0,1.0,3.0,0.0,3,0,3,2,3,3
AC8SJY,1400.0,10000.0,10000.0,10000.0,10000.0,10000.0,1800.0,10000.0,10000.0,10000.0,10000.0,10000.0,0.0,0.0,0.0,0.0,0.0,0.0,3,0,0,0,0,0
5H1QB7,10000.0,10000.0,10000.0,10000.0,1900.0,10000.0,10000.0,10000.0,10000.0,10000.0,1900.0,10000.0,0.0,0.0,0.0,0.0,0.0,0.0,0,0,0,0,1,0
PN4RYG,10000.0,10000.0,10000.0,10000.0,1900.0,10000.0,10000.0,10000.0,10000.0,10000.0,1900.0,10000.0,0.0,0.0,0.0,0.0,0.0,0.0,0,0,0,0,1,0
UYMVQS,10000.0,1700.0,1500.0,10000.0,1500.0,1200.0,10000.0,1700.0,1500.0,10000.0,1800.0,1700.0,0.0,0.0,0.0,0.0,0.0,0.0,0,1,1,0,3,3
85T9W3,1000.0,10000.0,10000.0,458.0,360.0,963.0,1100.0,10000.0,10000.0,829.0,818.0,1200.0,1.0,0.0,0.0,1.0,3.0,1.0,3,0,0,2,3,3
PN4H8G,10000.0,10000.0,491.0,1100.0,146.0,671.0,10000.0,10000.0,650.0,1300.0,339.0,1000.0,0.0,0.0,3.0,0.0,3.0,2.0,0,0,3,3,3,3
5HVSF7,10000.0,10000.0,10000.0,10000.0,369.0,10000.0,10000.0,10000.0,10000.0,10000.0,369.0,10000.0,0.0,0.0,0.0,0.0,1.0,0.0,0,0,0,0,1,0
85ZMT3,10000.0,10000.0,10000.0,10000.0,684.0,10000.0,10000.0,10000.0,10000.0,10000.0,684.0,10000.0,0.0,0.0,0.0,0.0,1.0,0.0,0,0,0,0,1,0
SDXHB5,728.0,1500.0,810.0,1400.0,330.0,544.0,1200.0,1550.0,1200.0,1600.0,422.0,711.0,1.0,0.0,1.0,0.0,3.0,3.0,3,2,3,3,3,3
5HXPU7,1800.0,10000.0,1700.0,10000.0,10000.0,10000.0,1800.0,10000.0,1700.0,10000.0,10000.0,10000.0,0.0,0.0,0.0,0.0,0.0,0.0,1,0,1,0,0,0
SDN9Z5,471.0,10000.0,1000.0,601.0,1100.0,1300.0,1400.0,10000.0,1500.0,674.0,1200.0,1650.0,1.0,0.0,1.0,2.0,0.0,0.0,3,0,3,3,3,2
PNC51G,582.0,1600.0,1400.0,128.0,73.0,227.0,747.0,1800.0,1400.0,1700.0,763.0,237.0,3.0,0.0,0.0,1.0,3.0,3.0,3,2,3,3,3,3
UYTK3S,199.0,10000.0,145.0,10000.0,335.0,10000.0,1600.0,10000.0,672.5,10000.0,896.0,10000.0,1.0,0.0,1.0,0.0,3.0,0.0,3,0,2,0,3,0
CWQ0MB,10000.0,10000.0,10000.0,10000.0,625.0,10000.0,10000.0,10000.0,10000.0,10000.0,690.5,10000.0,0.0,0.0,0.0,0.0,2.0,0.0,0,0,0,0,2,0
85P9J3,10000.0,10000.0,1100.0,10000.0,538.0,10000.0,10000.0,10000.0,1100.0,10000.0,658.0,10000.0,0.0,0.0,0.0,0.0,3.0,0.0,0,0,1,0,3,0
37PT5Q,721.0,1600.0,1400.0,232.0,190.0,189.0,897.0,1600.0,1500.0,1700.0,639.0,192.0,3.0,0.0,0.0,1.0,3.0,3.0,3,1,3,3,3,3
SDZX65,686.0,10000.0,10000.0,10000.0,1600.0,10000.0,690.0,10000.0,10000.0,10000.0,1750.0,10000.0,2.0,0.0,0.0,0.0,0.0,0.0,2,0,0,0,2,0
EJ37U4,1100.0,1600.0,1400.0,893.0,583.0,1500.0,1150.0,1600.0,1600.0,893.0,772.0,1600.0,0.0,0.0,0.0,1.0,3.0,0.0,2,2,3,1,3,3
SD2N35,1800.0,10000.0,1400.0,878.0,993.0,1700.0,1800.0,10000.0,1700.0,878.0,1100.0,1700.0,0.0,0.0,0.0,1.0,1.0,0.0,3,0,3,1,3,3
1U4F76,829.0,884.0,667.0,652.0,766.0,10000.0,1800.0,884.0,983.5,652.0,973.0,10000.0,1.0,1.0,1.0,1.0,2.0,0.0,3,1,2,1,3,0
85WC43,1100.0,10000.0,1300.0,10000.0,1300.0,10000.0,1100.0,10000.0,1500.0,10000.0,1400.0,10000.0,0.0,0.0,0.0,0.0,0.0,0.0,1,0,2,0,3,0
0ZU7S9,1200.0,1200.0,701.0,1000.0,938.0,10000.0,1400.0,1200.0,1200.5,1000.0,1000.0,10000.0,0.0,0.0,1.0,1.0,2.0,0.0,2,1,2,1,3,0
37WCMQ,848.0,10000.0,722.0,1200.0,437.0,889.0,1224.0,10000.0,758.0,1200.0,786.0,1100.0,1.0,0.0,2.0,0.0,3.0,1.0,2,0,3,1,3,3
ACPQXY,274.0,142.0,439.0,434.0,49.0,611.0,418.0,442.0,1100.0,1200.0,198.0,636.0,3.0,3.0,1.0,1.0,3.0,3.0,3,3,3,3,3,3
6SE2C8,727.0,10000.0,10000.0,10000.0,97.0,10000.0,948.0,10000.0,10000.0,10000.0,853.0,10000.0,2.0,0.0,0.0,0.0,3.0,0.0,3,0,0,0,3,0
6SBQF8,10000.0,10000.0,608.0,162.0,402.0,558.0,10000.0,10000.0,657.0,162.0,487.0,1079.0,0.0,0.0,2.0,1.0,3.0,1.0,0,0,3,1,3,2
7KJVYA,678.0,10000.0,1800.0,10000.0,531.0,1800.0,678.0,10000.0,1800.0,10000.0,1500.0,1800.0,1.0,0.0,0.0,0.0,1.0,0.0,1,0,1,0,3,1
PN3BWG,260.0,1900.0,1400.0,2000.0,778.0,1300.0,260.0,1900.0,1400.0,2000.0,851.0,1450.0,1.0,0.0,0.0,0.0,3.0,0.0,1,1,1,1,3,2
PN3HEG,372.0,968.0,1100.0,1000.0,911.0,1400.0,991.0,968.0,1500.0,1100.0,1000.0,1500.0,2.0,1.0,0.0,1.0,3.0,0.0,3,1,3,2,3,2
UY4G2S,1400.0,395.0,1200.0,1600.0,719.0,1500.0,1400.0,1097.5,1500.0,1900.0,748.0,1600.0,0.0,1.0,0.0,0.0,2.0,0.0,3,2,3,3,3,3
5HWPE7,284.0,692.0,1300.0,933.0,887.0,1300.0,848.0,692.0,1500.0,1016.5,907.0,1700.0,2.0,1.0,0.0,1.0,2.0,0.0,3,1,3,2,3,3
SDFEM5,1100.0,10000.0,484.0,1000.0,382.0,1000.0,1800.0,10000.0,696.0,1000.0,571.0,1300.0,0.0,0.0,2.0,1.0,3.0,1.0,3,0,3,1,3,3
7KW52A,10000.0,10000.0,1100.0,10000.0,362.0,10000.0,10000.0,10000.0,1100.0,10000.0,1400.0,10000.0,0.0,0.0,0.0,0.0,1.0,0.0,0,0,1,0,3,0
37KMJQ,10000.0,10000.0,620.0,10000.0,491.0,10000.0,10000.0,10000.0,620.0,10000.0,1200.0,10000.0,0.0,0.0,1.0,0.0,1.0,0.0,0,0,1,0,3,0
UYBV8S,577.0,648.0,1100.0,777.0,801.0,1400.0,680.0,648.0,1200.0,1088.5,910.0,1600.0,3.0,1.0,0.0,1.0,3.0,0.0,3,1,3,2,3,2
J2MAD0,741.0,10000.0,790.0,10000.0,244.0,10000.0,743.5,10000.0,1245.0,10000.0,447.0,10000.0,2.0,0.0,1.0,0.0,3.0,0.0,2,0,2,0,3,0
85H0V3,10000.0,10000.0,10000.0,1900.0,149.0,1400.0,10000.0,10000.0,10000.0,1900.0,181.0,1450.0,0.0,0.0,0.0,0.0,3.0,0.0,0,0,0,1,3,2
1UAG96,709.0,10000.0,1100.0,1800.0,431.0,807.0,1304.5,10000.0,1400.0,1800.0,676.0,818.0,1.0,0.0,0.0,0.0,3.0,3.0,2,0,3,1,3,3
DERMTH,1300.0,10000.0,880.0,1700.0,207.0,1300.0,1300.0,10000.0,1500.0,1700.0,407.0,1300.0,0.0,0.0,1.0,0.0,3.0,0.0,1,0,3,1,3,3
85DEN3,1100.0,10000.0,1200.0,10000.0,232.0,10000.0,1100.0,10000.0,1500.0,10000.0,592.0,10000.0,0.0,0.0,0.0,0.0,3.0,0.0,2,0,2,0,3,0
7KESTA,957.0,10000.0,947.0,1700.0,423.0,1100.0,957.0,10000.0,1400.0,1700.0,567.0,1100.0,1.0,0.0,1.0,0.0,3.0,0.0,1,0,3,1,3,3
ACE13Y,1700.0,10000.0,1000.0,10000.0,1400.0,10000.0,1700.0,10000.0,1350.0,10000.0,1500.0,10000.0,0.0,0.0,1.0,0.0,0.0,0.0,1,0,2,0,3,0
ACEM6Y,1100.0,1700.0,1900.0,911.0,423.0,257.0,1500.0,1700.0,1900.0,1405.5,508.0,505.0,0.0,0.0,0.0,1.0,3.0,2.0,3,1,1,2,3,2
9TXD9P,681.0,967.0,688.0,301.0,763.0,418.0,703.0,1200.0,1200.0,797.0,831.0,759.0,3.0,1.0,1.0,3.0,3.0,3.0,3,3,3,3,3,3
9T21EP,1800.0,10000.0,1100.0,10000.0,93.0,10000.0,1800.0,10000.0,1500.0,10000.0,205.0,10000.0,0.0,0.0,0.0,0.0,3.0,0.0,2,0,2,0,3,0
6SQDD8,889.0,895.0,564.0,686.0,735.0,10000.0,1600.0,895.0,982.0,686.0,863.0,10000.0,1.0,1.0,1.0,1.0,3.0,0.0,3,1,2,1,3,0
2MT43Z,1300.0,10000.0,97.0,683.0,384.0,840.0,1500.0,10000.0,710.0,1241.5,574.0,882.0,0.0,0.0,3.0,1.0,2.0,2.0,3,0,3,2,3,3
5D59P7,745.0,1500.0,382.0,1500.0,348.0,603.0,1100.0,1500.0,992.0,1600.0,597.0,1700.0,1.0,0.0,2.0,0.0,2.0,1.0,3,1,3,3,3,3
358GGQ,167.0,1800.0,193.0,944.0,123.0,384.0,475.0,1800.0,1500.0,1322.0,148.0,663.0,2.0,0.0,1.0,1.0,3.0,2.0,3,1,3,2,3,3
AFNWKY,717.0,10000.0,10000.0,186.0,311.0,10000.0,717.0,10000.0,10000.0,186.0,319.0,10000.0,1.0,0.0,0.0,1.0,3.0,0.0,1,0,0,1,3,0
5EZHM7,10000.0,10000.0,10000.0,10000.0,1800.0,10000.0,10000.0,10000.0,10000.0,10000.0,1800.0,10000.0,0.0,0.0,0.0,0.0,0.0,0.0,0,0,0,0,1,0
SBGU45,10000.0,10000.0,1200.0,1500.0,870.0,10000.0,10000.0,10000.0,1200.0,1500.0,1400.0,10000.0,0.0,0.0,0.0,0.0,1.0,0.0,0,0,1,1,3,0
DRXQTH,10000.0,10000.0,10000.0,866.0,782.0,10000.0,10000.0,10000.0,10000.0,866.0,846.0,10000.0,0.0,0.0,0.0,1.0,3.0,0.0,0,0,0,1,3,0
9VABWP,734.0,10000.0,10000.0,10000.0,10000.0,830.0,734.0,10000.0,10000.0,10000.0,10000.0,830.0,1.0,0.0,0.0,0.0,0.0,1.0,1,0,0,0,0,1
0M5449,285.0,10000.0,1000.0,2000.0,936.0,475.0,609.5,10000.0,1300.0,2000.0,1100.0,637.0,2.0,0.0,1.0,0.0,1.0,3.0,2,0,3,1,3,3
EG6U74,29.0,136.0,257.0,244.0,176.0,402.0,147.0,235.0,852.0,1000.0,261.0,492.0,3.0,3.0,3.0,2.0,3.0,3.0,3,3,3,3,3,3
K0MX4C,705.0,10000.0,10000.0,10000.0,10000.0,933.0,705.0,10000.0,10000.0,10000.0,10000.0,933.0,1.0,0.0,0.0,0.0,0.0,1.0,1,0,0,0,0,1
SBP015,1500.0,10000.0,1300.0,10000.0,144.0,10000.0,1550.0,10000.0,1500.0,10000.0,311.0,10000.0,0.0,0.0,0.0,0.0,3.0,0.0,2,0,2,0,3,0
5EG4U7,10000.0,10000.0,10000.0,10000.0,1800.0,10000.0,10000.0,10000.0,10000.0,10000.0,1800.0,10000.0,0.0,0.0,0.0,0.0,0.0,0.0,0,0,0,0,2,0
28D67Z,864.0,10000.0,10000.0,10000.0,875.0,10000.0,864.0,10000.0,10000.0,10000.0,1400.0,10000.0,1.0,0.0,0.0,0.0,1.0,0.0,1,0,0,0,3,0
YWTKGD,592.0,301.0,461.0,420.0,95.0,1600.0,1100.0,301.0,980.5,1110.0,558.0,1700.0,1.0,1.0,1.0,1.0,3.0,0.0,3,1,2,2,3,2
UC048S,389.0,765.0,1200.0,1000.0,749.0,1000.0,996.0,765.0,1800.0,1000.0,881.0,1200.0,2.0,1.0,0.0,2.0,3.0,1.0,3,1,3,2,3,2
QKJSQU,819.0,1100.0,430.0,1100.0,341.0,1900.0,1300.0,1100.0,430.0,1100.0,438.0,1900.0,1.0,0.0,1.0,0.0,3.0,0.0,3,1,1,1,3,2
C9XYXB,658.0,373.0,485.0,1200.0,144.0,317.0,749.0,397.0,500.0,1400.0,290.0,648.0,3.0,3.0,3.0,0.0,3.0,3.0,3,3,3,3,3,3
DRZS1H,722.0,369.0,434.0,1200.0,169.0,283.0,735.0,435.0,467.0,1400.0,237.0,630.0,3.0,3.0,3.0,0.0,3.0,3.0,3,3,3,3,3,3
C9XANB,10000.0,10000.0,259.0,1100.0,88.0,583.0,10000.0,10000.0,463.0,1300.0,239.0,738.0,0.0,0.0,2.0,0.0,3.0,2.0,0,0,3,3,3,3
K0N69C,1300.0,1600.0,1400.0,911.0,284.0,1200.0,1500.0,1800.0,1650.0,1200.0,370.0,1500.0,0.0,0.0,0.0,1.0,3.0,0.0,3,3,2,3,3,3
5E0NR7,10000.0,10000.0,10000.0,10000.0,196.0,10000.0,10000.0,10000.0,10000.0,10000.0,258.5,10000.0,0.0,0.0,0.0,0.0,2.0,0.0,0,0,0,0,2,0
74JC8A,10000.0,10000.0,10000.0,10000.0,1500.0,10000.0,10000.0,10000.0,10000.0,10000.0,1600.0,10000.0,0.0,0.0,0.0,0.0,0.0,0.0,0,0,0,0,2,0
P1QXQG,1600.0,10000.0,1400.0,10000.0,666.0,10000.0,1650.0,10000.0,1700.0,10000.0,748.0,10000.0,0.0,0.0,0.0,0.0,3.0,0.0,2,0,2,0,3,0
YW9BVD,1800.0,10000.0,1000.0,10000.0,223.0,10000.0,1850.0,10000.0,1000.0,10000.0,289.0,10000.0,0.0,0.0,1.0,0.0,3.0,0.0,2,0,1,0,3,0
8DCT53,10000.0,1100.0,837.0,10000.0,262.0,10000.0,10000.0,1100.0,837.0,10000.0,1200.0,10000.0,0.0,0.0,1.0,0.0,1.0,0.0,0,1,1,0,3,0
42NRJF,10000.0,10000.0,10000.0,10000.0,1400.0,10000.0,10000.0,10000.0,10000.0,10000.0,1400.0,10000.0,0.0,0.0,0.0,0.0,0.0,0.0,0,0,0,0,1,0
8DCQF3,10000.0,10000.0,10000.0,10000.0,523.0,10000.0,10000.0,10000.0,10000.0,10000.0,585.5,10000.0,0.0,0.0,0.0,0.0,2.0,0.0,0,0,0,0,2,0
3HCJCQ,746.0,1900.0,424.0,1200.0,176.0,1100.0,946.0,1900.0,988.0,1600.0,260.0,1100.0,2.0,0.0,2.0,0.0,3.0,0.0,3,1,3,2,3,1
JXVUY0,158.0,10000.0,443.0,10000.0,565.0,2000.0,158.0,10000.0,443.0,10000.0,641.0,2000.0,1.0,0.0,1.0,0.0,3.0,0.0,1,0,1,0,3,1
UCC26S,1400.0,10000.0,1800.0,10000.0,546.0,10000.0,1500.0,10000.0,1900.0,10000.0,944.0,10000.0,0.0,0.0,0.0,0.0,3.0,0.0,3,0,3,0,3,0
EGGJ14,10000.0,10000.0,10000.0,10000.0,1400.0,10000.0,10000.0,10000.0,10000.0,10000.0,1500.0,10000.0,0.0,0.0,0.0,0.0,0.0,0.0,0,0,0,0,3,0
6Y7HQ8,235.0,1300.0,894.0,886.0,490.0,665.0,341.0,1600.0,981.0,1100.0,762.0,887.0,3.0,0.0,2.0,1.0,3.0,3.0,3,3,3,3,3,3
6Y5518,1100.0,1700.0,1900.0,900.0,413.0,269.0,1500.0,1700.0,1900.0,1400.0,497.0,517.0,0.0,0.0,0.0,1.0,3.0,2.0,3,1,1,2,3,2
74CC3A,766.0,10000.0,1700.0,10000.0,679.0,899.0,766.0,10000.0,1700.0,10000.0,720.0,1099.5,1.0,0.0,0.0,0.0,3.0,1.0,1,0,1,0,3,2
QKYYMU,709.0,10000.0,1800.0,10000.0,339.0,1300.0,709.0,10000.0,1800.0,10000.0,1100.0,1500.0,1.0,0.0,0.0,0.0,1.0,0.0,1,0,1,0,3,2
QKYYWU,1400.0,10000.0,1500.0,10000.0,1400.0,1400.0,1550.0,10000.0,1600.0,10000.0,1400.0,1400.0,0.0,0.0,0.0,0.0,0.0,0.0,2,0,2,0,3,1
3HAUVQ,1900.0,10000.0,1500.0,988.0,1000.0,1800.0,1900.0,10000.0,1600.0,988.0,1200.0,1850.0,0.0,0.0,0.0,1.0,1.0,0.0,3,0,2,1,3,2
QKAVJU,10000.0,10000.0,10000.0,10000.0,10000.0,1600.0,10000.0,10000.0,10000.0,10000.0,10000.0,1600.0,0.0,0.0,0.0,0.0,0.0,0.0,0,0,0,0,0,1
6YSJ98,1600.0,1800.0,1400.0,1400.0,1200.0,1600.0,1700.0,1800.0,1400.0,1400.0,1200.0,1700.0,0.0,0.0,0.0,0.0,0.0,0.0,2,1,3,1,3,3
G6XTA2,10000.0,10000.0,10000.0,10000.0,434.0,1700.0,10000.0,10000.0,10000.0,10000.0,713.0,1700.0,0.0,0.0,0.0,0.0,2.0,0.0,0,0,0,0,2,1
WT0XER,10000.0,10000.0,10000.0,10000.0,10000.0,1400.0,10000.0,10000.0,10000.0,10000.0,10000.0,1400.0,0.0,0.0,0.0,0.0,0.0,0.0,0,0,0,0,0,1
DRCE9H,10000.0,10000.0,1200.0,10000.0,1100.0,10000.0,10000.0,10000.0,1200.0,10000.0,1300.0,10000.0,0.0,0.0,0.0,0.0,0.0,0.0,0,0,1,0,3,0
RN9GMJ,10000.0,10000.0,10000.0,10000.0,2000.0,10000.0,10000.0,10000.0,10000.0,10000.0,2000.0,10000.0,0.0,0.0,0.0,0.0,0.0,0.0,0,0,0,0,1,0
3HUVXQ,688.0,454.0,453.0,1100.0,144.0,418.0,738.0,469.0,612.0,1300.0,260.0,469.0,3.0,3.0,3.0,0.0,3.0,3.0,3,3,3,3,3,3
28TXRZ,10000.0,10000.0,10000.0,10000.0,532.0,10000.0,10000.0,10000.0,10000.0,10000.0,539.0,10000.0,0.0,0.0,0.0,0.0,2.0,0.0,0,0,0,0,3,0
0X05P9,1100.0,10000.0,821.0,1800.0,1300.0,1600.0,1700.0,10000.0,821.0,1800.0,1400.0,1700.0,0.0,0.0,1.0,0.0,0.0,0.0,3,0,1,1,2,3
UK82HS,10000.0,10000.0,1400.0,10000.0,1100.0,10000.0,10000.0,10000.0,1400.0,10000.0,1300.0,10000.0,0.0,0.0,0.0,0.0,0.0,0.0,0,0,1,0,3,0
UK1GKS,10000.0,10000.0,10000.0,10000.0,731.0,10000.0,10000.0,10000.0,10000.0,10000.0,791.0,10000.0,0.0,0.0,0.0,0.0,3.0,0.0,0,0,0,0,3,0
QHMHVU,10000.0,10000.0,1100.0,10000.0,557.0,10000.0,10000.0,10000.0,1100.0,10000.0,659.0,10000.0,0.0,0.0,0.0,0.0,2.0,0.0,0,0,1,0,3,0
7E65CA,10000.0,10000.0,10000.0,10000.0,1300.0,10000.0,10000.0,10000.0,10000.0,10000.0,1300.0,10000.0,0.0,0.0,0.0,0.0,0.0,0.0,0,0,0,0,1,0
RTKCNJ,108.0,1800.0,1300.0,1900.0,890.0,1500.0,108.0,1800.0,1300.0,1900.0,937.0,1650.0,1.0,0.0,0.0,0.0,3.0,0.0,1,1,1,1,3,2
6A24M8,10000.0,10000.0,943.0,10000.0,518.0,1200.0,10000.0,10000.0,943.0,10000.0,849.0,1200.0,0.0,0.0,1.0,0.0,2.0,0.0,0,0,1,0,3,1
5BV937,10000.0,10000.0,10000.0,10000.0,1400.0,10000.0,10000.0,10000.0,10000.0,10000.0,1400.0,10000.0,0.0,0.0,0.0,0.0,0.0,0.0,0,0,0,0,1,0
3DTWXQ,10000.0,10000.0,1600.0,10000.0,341.0,171.0,10000.0,10000.0,1600.0,10000.0,1400.0,171.0,0.0,0.0,0.0,0.0,1.0,1.0,0,0,1,0,3,1
QHZ3SU,10000.0,10000.0,10000.0,10000.0,1500.0,10000.0,10000.0,10000.0,10000.0,10000.0,1550.0,10000.0,0.0,0.0,0.0,0.0,0.0,0.0,0,0,0,0,2,0
3D2Z5Q,2000.0,10000.0,538.0,886.0,965.0,1600.0,2000.0,10000.0,538.0,1100.0,1200.0,1600.0,0.0,0.0,1.0,1.0,1.0,0.0,1,0,1,3,3,1
PVC8MG,1100.0,10000.0,485.0,798.0,764.0,801.0,1200.0,10000.0,745.0,1099.0,810.0,1100.0,0.0,0.0,2.0,1.0,3.0,1.0,3,0,3,2,3,3
DWXRYH,1300.0,10000.0,10000.0,10000.0,10000.0,10000.0,1300.0,10000.0,10000.0,10000.0,10000.0,10000.0,0.0,0.0,0.0,0.0,0.0,0.0,1,0,0,0,0,0
JN5X20,856.0,715.0,872.0,1000.0,318.0,249.0,1200.0,764.0,1100.0,1100.0,470.0,316.0,1.0,2.0,1.0,1.0,3.0,3.0,3,3,3,3,3,3
G1Y002,1700.0,10000.0,10000.0,10000.0,1700.0,1900.0,1700.0,10000.0,10000.0,10000.0,1800.0,1900.0,0.0,0.0,0.0,0.0,0.0,0.0,1,0,0,0,3,1
KJMYNC,1800.0,10000.0,10000.0,749.0,1000.0,10000.0,1800.0,10000.0,10000.0,749.0,1100.0,10000.0,0.0,0.0,0.0,1.0,1.0,0.0,1,0,0,1,2,0
5B9827,1300.0,1200.0,689.0,1100.0,915.0,10000.0,1400.0,1200.0,1244.5,1100.0,1000.0,10000.0,0.0,0.0,1.0,0.0,2.0,0.0,2,1,2,1,3,0
8YFP13,723.0,10000.0,10000.0,10000.0,1700.0,1600.0,723.0,10000.0,10000.0,10000.0,1800.0,1600.0,1.0,0.0,0.0,0.0,0.0,0.0,1,0,0,0,3,1
3D4ZHQ,1800.0,10000.0,10000.0,10000.0,900.0,1600.0,1800.0,10000.0,10000.0,10000.0,1400.0,1600.0,0.0,0.0,0.0,0.0,1.0,0.0,1,0,0,0,3,1
PVUCWG,1000.0,10000.0,10000.0,10000.0,879.0,756.0,1000.0,10000.0,10000.0,10000.0,925.0,756.0,1.0,0.0,0.0,0.0,2.0,1.0,1,0,0,0,3,1
G1SBW2,459.0,10000.0,738.0,10000.0,246.0,10000.0,1800.0,10000.0,1500.0,10000.0,382.0,10000.0,1.0,0.0,1.0,0.0,3.0,0.0,3,0,3,0,3,0
RT68NJ,1000.0,1400.0,1300.0,1600.0,75.0,587.0,1400.0,1400.0,1300.0,1650.0,354.0,635.0,1.0,0.0,0.0,0.0,3.0,2.0,3,1,1,2,3,2
6ABU08,10000.0,10000.0,10000.0,10000.0,485.0,10000.0,10000.0,10000.0,10000.0,10000.0,496.0,10000.0,0.0,0.0,0.0,0.0,2.0,0.0,0,0,0,0,3,0
A40DAY,1200.0,10000.0,858.0,1900.0,1300.0,1600.0,1700.0,10000.0,858.0,1900.0,1450.0,1700.0,0.0,0.0,1.0,0.0,0.0,0.0,3,0,1,1,2,3
EPTC04,1200.0,2000.0,797.0,1800.0,1300.0,1700.0,1700.0,2000.0,797.0,1800.0,1450.0,1800.0,0.0,0.0,1.0,0.0,0.0,0.0,3,1,1,1,2,3
5BWN07,991.0,10000.0,1000.0,10000.0,222.0,10000.0,994.5,10000.0,2000.0,10000.0,657.0,10000.0,2.0,0.0,1.0,0.0,3.0,0.0,2,0,3,0,3,0
UK4BWS,10000.0,10000.0,10000.0,10000.0,1100.0,10000.0,10000.0,10000.0,10000.0,10000.0,1200.0,10000.0,0.0,0.0,0.0,0.0,0.0,0.0,0,0,0,0,2,0
SCFYT5,10000.0,10000.0,1200.0,10000.0,1800.0,10000.0,10000.0,10000.0,1200.0,10000.0,1800.0,10000.0,0.0,0.0,0.0,0.0,0.0,0.0,0,0,1,0,1,0
7ERHZA,10000.0,10000.0,10000.0,10000.0,1100.0,10000.0,10000.0,10000.0,10000.0,10000.0,1800.0,10000.0,0.0,0.0,0.0,0.0,0.0,0.0,0,0,0,0,3,0
KJP4YC,10000.0,10000.0,1600.0,10000.0,1600.0,10000.0,10000.0,10000.0,1600.0,10000.0,1600.0,10000.0,0.0,0.0,0.0,0.0,0.0,0.0,0,0,1,0,3,0
KJPB7C,488.0,10000.0,10000.0,1000.0,911.0,1400.0,512.0,10000.0,10000.0,1400.0,1000.0,1500.0,2.0,0.0,0.0,1.0,2.0,0.0,3,0,0,2,3,3
5BK097,1700.0,10000.0,588.0,10000.0,282.0,10000.0,1700.0,10000.0,588.0,10000.0,991.0,10000.0,0.0,0.0,1.0,0.0,2.0,0.0,1,0,1,0,3,0
DW492H,10000.0,10000.0,882.0,1100.0,896.0,10000.0,10000.0,10000.0,882.0,1100.0,951.0,10000.0,0.0,0.0,1.0,0.0,2.0,0.0,0,0,1,1,3,0
QHAQKU,10000.0,10000.0,10000.0,10000.0,1000.0,10000.0,10000.0,10000.0,10000.0,10000.0,1000.0,10000.0,0.0,0.0,0.0,0.0,1.0,0.0,0,0,0,0,1,0
DWE5DH,790.0,10000.0,398.0,1100.0,963.0,905.0,1100.0,10000.0,849.0,1450.0,1200.0,914.0,1.0,0.0,1.0,0.0,1.0,2.0,3,0,2,2,3,3
4G0KRF,426.0,499.0,572.0,560.0,81.0,320.0,485.0,686.0,1700.0,998.0,86.0,353.0,3.0,3.0,1.0,2.0,3.0,3.0,3,3,3,3,3,3
9MTHNP,10000.0,10000.0,10000.0,10000.0,356.0,10000.0,10000.0,10000.0,10000.0,10000.0,574.5,10000.0,0.0,0.0,0.0,0.0,2.0,0.0,0,0,0,0,2,0
C0461B,10000.0,10000.0,10000.0,10000.0,398.0,608.0,10000.0,10000.0,10000.0,10000.0,644.0,608.0,0.0,0.0,0.0,0.0,3.0,1.0,0,0,0,0,3,1
SC7UM5,10000.0,10000.0,10000.0,10000.0,1700.0,10000.0,10000.0,10000.0,10000.0,10000.0,1750.0,10000.0,0.0,0.0,0.0,0.0,0.0,0.0,0,0,0,0,2,0
7EYVXA,10000.0,10000.0,10000.0,10000.0,294.0,10000.0,10000.0,10000.0,10000.0,10000.0,894.0,10000.0,0.0,0.0,0.0,0.0,3.0,0.0,0,0,0,0,3,0
9MG80P,10000.0,10000.0,10000.0,10000.0,1800.0,10000.0,10000.0,10000.0,10000.0,10000.0,1800.0,10000.0,0.0,0.0,0.0,0.0,0.0,0.0,0,0,0,0,3,0
0XPMK9,817.0,10000.0,10000.0,1000.0,890.0,10000.0,817.0,10000.0,10000.0,1000.0,915.0,10000.0,1.0,0.0,0.0,1.0,2.0,0.0,1,0,0,1,3,0
26T69Z,10000.0,10000.0,10000.0,2000.0,906.0,10000.0,10000.0,10000.0,10000.0,2000.0,1100.0,10000.0,0.0,0.0,0.0,0.0,1.0,0.0,0,0,0,1,3,0
UHQ0US,1100.0,1100.0,1100.0,1400.0,411.0,680.0,1200.0,1100.0,1100.0,1450.0,484.0,748.5,0.0,0.0,0.0,0.0,3.0,2.0,3,1,1,2,3,2
AE56KY,1800.0,10000.0,10000.0,10000.0,10000.0,1700.0,1800.0,10000.0,10000.0,10000.0,10000.0,1700.0,0.0,0.0,0.0,0.0,0.0,0.0,1,0,0,0,0,1
AEU59Y,10000.0,10000.0,1900.0,10000.0,1900.0,1400.0,10000.0,10000.0,1900.0,10000.0,1900.0,1400.0,0.0,0.0,0.0,0.0,0.0,0.0,0,0,1,0,1,1
SK8335,1300.0,10000.0,10000.0,1400.0,10000.0,10000.0,1300.0,10000.0,10000.0,1400.0,10000.0,10000.0,0.0,0.0,0.0,0.0,0.0,0.0,1,0,0,1,0,0
QD1TPU,1100.0,10000.0,10000.0,10000.0,1600.0,10000.0,1100.0,10000.0,10000.0,10000.0,1750.0,10000.0,0.0,0.0,0.0,0.0,0.0,0.0,1,0,0,0,2,0
0NF7T9,463.0,1100.0,958.0,995.0,862.0,1300.0,1100.0,1100.0,1400.0,1300.0,946.0,1700.0,1.0,0.0,1.0,1.0,3.0,0.0,3,1,3,3,3,3
7B1N3A,10000.0,10000.0,10000.0,866.0,782.0,10000.0,10000.0,10000.0,10000.0,866.0,846.0,10000.0,0.0,0.0,0.0,1.0,3.0,0.0,0,0,0,1,3,0
QDN99U,10000.0,10000.0,10000.0,10000.0,1400.0,10000.0,10000.0,10000.0,10000.0,10000.0,1400.0,10000.0,0.0,0.0,0.0,0.0,0.0,0.0,0,0,0,0,3,0
GV4M92,1700.0,10000.0,10000.0,1700.0,10000.0,10000.0,1700.0,10000.0,10000.0,1700.0,10000.0,10000.0,0.0,0.0,0.0,0.0,0.0,0.0,1,0,0,1,0,0
JTKZE0,10000.0,10000.0,10000.0,10000.0,1400.0,1700.0,10000.0,10000.0,10000.0,10000.0,1450.0,1700.0,0.0,0.0,0.0,0.0,0.0,0.0,0,0,0,0,2,1
21EMMZ,10000.0,10000.0,1000.0,10000.0,1300.0,10000.0,10000.0,10000.0,1000.0,10000.0,1350.0,10000.0,0.0,0.0,1.0,0.0,0.0,0.0,0,0,1,0,2,0
QDZ7YU,10000.0,10000.0,1400.0,10000.0,104.0,173.0,10000.0,10000.0,1400.0,10000.0,181.0,461.0,0.0,0.0,0.0,0.0,2.0,2.0,0,0,1,0,3,2
QDGE7U,10000.0,10000.0,1600.0,10000.0,341.0,171.0,10000.0,10000.0,1600.0,10000.0,1400.0,171.0,0.0,0.0,0.0,0.0,1.0,1.0,0,0,1,0,3,1
GVYJR2,10000.0,10000.0,1200.0,1900.0,1300.0,10000.0,10000.0,10000.0,1200.0,1900.0,1500.0,10000.0,0.0,0.0,0.0,0.0,0.0,0.0,0,0,1,1,3,0
7B2J8A,849.0,10000.0,654.0,1200.0,344.0,782.0,1500.0,10000.0,770.0,1200.0,779.0,1100.0,1.0,0.0,3.0,0.0,3.0,1.0,3,0,3,1,3,3
CJVP5B,463.0,919.0,1000.0,1100.0,923.0,1300.0,912.0,919.0,1400.0,1100.0,937.0,1500.0,2.0,1.0,1.0,0.0,3.0,0.0,3,1,3,2,3,2
RZU2BJ,1200.0,411.0,728.0,903.0,384.0,113.0,1500.0,440.0,1000.0,1400.0,495.0,394.0,0.0,2.0,2.0,1.0,3.0,3.0,3,3,3,3,3,3
QDJDWU,1300.0,10000.0,1600.0,10000.0,469.0,1800.0,1300.0,10000.0,1600.0,10000.0,1700.0,1800.0,0.0,0.0,0.0,0.0,1.0,0.0,1,0,1,0,3,1
5CPD17,10000.0,10000.0,10000.0,10000.0,1900.0,10000.0,10000.0,10000.0,10000.0,10000.0,1900.0,10000.0,0.0,0.0,0.0,0.0,0.0,0.0,0,0,0,0,1,0
W2392R,10000.0,10000.0,10000.0,10000.0,948.0,10000.0,10000.0,10000.0,10000.0,10000.0,1500.0,10000.0,0.0,0.0,0.0,0.0,1.0,0.0,0,0,0,0,3,0
UHJTZS,10000.0,10000.0,284.0,10000.0,10000.0,10000.0,10000.0,10000.0,284.0,10000.0,10000.0,10000.0,0.0,0.0,1.0,0.0,0.0,0.0,0,0,1,0,0,0
JTQ6V0,10000.0,10000.0,59.0,10000.0,143.0,1200.0,10000.0,10000.0,59.0,10000.0,1300.0,1500.0,0.0,0.0,1.0,0.0,1.0,0.0,0,0,1,0,3,2
QDRCDU,10000.0,10000.0,68.0,10000.0,142.0,1200.0,10000.0,10000.0,68.0,10000.0,1300.0,1500.0,0.0,0.0,1.0,0.0,1.0,0.0,0,0,1,0,3,2
UHJCMS,925.0,1600.0,915.0,1300.0,294.0,10000.0,1700.0,1600.0,1500.0,1300.0,696.0,10000.0,1.0,0.0,1.0,0.0,3.0,0.0,3,1,3,1,3,0
8ABK03,10000.0,10000.0,10000.0,10000.0,359.0,10000.0,10000.0,10000.0,10000.0,10000.0,1100.0,10000.0,0.0,0.0,0.0,0.0,1.0,0.0,0,0,0,0,3,0
KR2ESC,10000.0,10000.0,10000.0,10000.0,1400.0,10000.0,10000.0,10000.0,10000.0,10000.0,1400.0,10000.0,0.0,0.0,0.0,0.0,0.0,0.0,0,0,0,0,3,0
SKWAG5,10000.0,10000.0,10000.0,10000.0,1400.0,10000.0,10000.0,10000.0,10000.0,10000.0,1400.0,10000.0,0.0,0.0,0.0,0.0,0.0,0.0,0,0,0,0,1,0
Y49KTD,919.0,10000.0,10000.0,10000.0,773.0,604.0,919.0,10000.0,10000.0,10000.0,966.0,1900.0,1.0,0.0,0.0,0.0,2.0,1.0,1,0,0,0,3,3
QD45WU,10000.0,10000.0,10000.0,10000.0,876.0,10000.0,10000.0,10000.0,10000.0,10000.0,1000.0,10000.0,0.0,0.0,0.0,0.0,2.0,0.0,0,0,0,0,3,0
15K8M6,10000.0,10000.0,10000.0,10000.0,650.0,10000.0,10000.0,10000.0,10000.0,10000.0,650.0,10000.0,0.0,0.0,0.0,0.0,1.0,0.0,0,0,0,0,1,0
W2VJTR,10000.0,10000.0,10000.0,10000.0,636.0,10000.0,10000.0,10000.0,10000.0,10000.0,636.0,10000.0,0.0,0.0,0.0,0.0,1.0,0.0,0,0,0,0,1,0
SKFSJ5,10000.0,10000.0,10000.0,10000.0,706.0,10000.0,10000.0,10000.0,10000.0,10000.0,706.0,10000.0,0.0,0.0,0.0,0.0,1.0,0.0,0,0,0,0,1,0
RZVWCJ,10000.0,10000.0,10000.0,1900.0,136.0,992.0,10000.0,10000.0,10000.0,1900.0,301.0,992.0,0.0,0.0,0.0,0.0,3.0,1.0,0,0,0,1,3,1
CJ2K8B,10000.0,10000.0,10000.0,10000.0,1600.0,10000.0,10000.0,10000.0,10000.0,10000.0,1600.0,10000.0,0.0,0.0,0.0,0.0,0.0,0.0,0,0,0,0,1,0
UH4QGS,10000.0,10000.0,10000.0,10000.0,1600.0,10000.0,10000.0,10000.0,10000.0,10000.0,1600.0,10000.0,0.0,0.0,0.0,0.0,0.0,0.0,0,0,0,0,1,0
SKFU05,10000.0,10000.0,10000.0,10000.0,917.0,10000.0,10000.0,10000.0,10000.0,10000.0,1058.5,10000.0,0.0,0.0,0.0,0.0,1.0,0.0,0,0,0,0,2,0
RZV4HJ,10000.0,10000.0,10000.0,1200.0,259.0,10000.0,10000.0,10000.0,10000.0,1200.0,261.0,10000.0,0.0,0.0,0.0,0.0,2.0,0.0,0,0,0,1,3,0
W2MEPR,1700.0,10000.0,1300.0,1500.0,1200.0,1800.0,1700.0,10000.0,1450.0,1500.0,1300.0,1800.0,0.0,0.0,0.0,0.0,0.0,0.0,1,0,2,1,3,1
GVQRG2,10000.0,10000.0,1900.0,856.0,987.0,1900.0,10000.0,10000.0,1900.0,1700.0,1000.0,1900.0,0.0,0.0,0.0,1.0,2.0,0.0,0,0,1,3,3,1
0N64J9,858.0,10000.0,1100.0,1400.0,630.0,271.0,1079.0,10000.0,1100.0,1500.0,874.0,1100.0,1.0,0.0,0.0,0.0,2.0,1.0,2,0,1,3,3,3
DF91NH,878.0,10000.0,10000.0,10000.0,1100.0,1500.0,878.0,10000.0,10000.0,10000.0,1100.0,1700.0,1.0,0.0,0.0,0.0,0.0,0.0,1,0,0,0,3,2
SKFTY5,10000.0,10000.0,10000.0,10000.0,235.0,1600.0,10000.0,10000.0,10000.0,10000.0,1100.0,1600.0,0.0,0.0,0.0,0.0,1.0,0.0,0,0,0,0,3,2
CJ28PB,10000.0,10000.0,10000.0,10000.0,1400.0,1700.0,10000.0,10000.0,10000.0,10000.0,1450.0,1700.0,0.0,0.0,0.0,0.0,0.0,0.0,0,0,0,0,2,1
3YBPYQ,10000.0,10000.0,10000.0,10000.0,782.0,293.0,10000.0,10000.0,10000.0,10000.0,858.0,293.0,0.0,0.0,0.0,0.0,2.0,1.0,0,0,0,0,3,1
SKFZA5,10000.0,10000.0,10000.0,10000.0,1300.0,2000.0,10000.0,10000.0,10000.0,10000.0,1700.0,2000.0,0.0,0.0,0.0,0.0,0.0,0.0,0,0,0,0,3,1
21UD0Z,1700.0,1500.0,10000.0,726.0,413.0,1600.0,1700.0,1500.0,10000.0,913.0,552.0,1600.0,0.0,0.0,0.0,1.0,2.0,0.0,1,1,0,2,3,1
QDB4MU,10000.0,10000.0,10000.0,10000.0,804.0,1700.0,10000.0,10000.0,10000.0,10000.0,1100.0,1750.0,0.0,0.0,0.0,0.0,1.0,0.0,0,0,0,0,3,2
4PTXXF,10000.0,10000.0,10000.0,1800.0,160.0,10000.0,10000.0,10000.0,10000.0,1900.0,715.0,10000.0,0.0,0.0,0.0,0.0,3.0,0.0,0,0,0,3,3,0
UHEEUS,10000.0,10000.0,10000.0,10000.0,755.0,1700.0,10000.0,10000.0,10000.0,10000.0,1000.0,1750.0,0.0,0.0,0.0,0.0,2.0,0.0,0,0,0,0,3,2
PM88AG,10000.0,10000.0,10000.0,1100.0,741.0,10000.0,10000.0,10000.0,10000.0,1100.0,1300.0,10000.0,0.0,0.0,0.0,0.0,1.0,0.0,0,0,0,1,3,0
AERRWY,10000.0,10000.0,10000.0,865.0,10000.0,10000.0,10000.0,10000.0,10000.0,932.5,10000.0,10000.0,0.0,0.0,0.0,2.0,0.0,0.0,0,0,0,2,0,0
UHEBWS,901.0,10000.0,10000.0,10000.0,870.0,1600.0,901.0,10000.0,10000.0,10000.0,895.0,1700.0,1.0,0.0,0.0,0.0,3.0,0.0,1,0,0,0,3,2
3YCHVQ,10000.0,10000.0,1500.0,10000.0,866.0,10000.0,10000.0,10000.0,1500.0,10000.0,940.0,10000.0,0.0,0.0,0.0,0.0,2.0,0.0,0,0,1,0,3,0
QDBKBU,1300.0,10000.0,1400.0,1400.0,179.0,1000.0,1300.0,10000.0,1450.0,1400.0,314.0,1200.0,0.0,0.0,0.0,0.0,2.0,1.0,1,0,2,1,3,2
CJGWAB,1600.0,10000.0,10000.0,10000.0,974.0,1500.0,1600.0,10000.0,10000.0,10000.0,1500.0,1500.0,0.0,0.0,0.0,0.0,1.0,0.0,1,0,0,0,3,1
W2NWNR,1200.0,10000.0,1800.0,10000.0,681.0,1500.0,1550.0,10000.0,1800.0,10000.0,695.0,1500.0,0.0,0.0,0.0,0.0,3.0,0.0,2,0,1,0,3,1
3YK89Q,10000.0,10000.0,277.0,10000.0,981.0,10000.0,10000.0,10000.0,277.0,10000.0,1200.0,10000.0,0.0,0.0,1.0,0.0,1.0,0.0,0,0,1,0,3,0
67YTE8,1000.0,907.0,795.0,331.0,145.0,126.0,1450.0,1200.0,1300.0,792.0,307.0,362.0,1.0,1.0,1.0,3.0,3.0,3.0,2,3,3,3,3,3
15A226,1000.0,1500.0,1400.0,1600.0,1000.0,1200.0,1200.0,1500.0,1500.0,1600.0,1100.0,1500.0,1.0,0.0,0.0,0.0,1.0,0.0,3,3,3,1,3,3
5CEGR7,1600.0,10000.0,10000.0,10000.0,793.0,1300.0,1600.0,10000.0,10000.0,10000.0,1300.0,1300.0,0.0,0.0,0.0,0.0,1.0,0.0,1,0,0,0,3,1
8ADFM3,10000.0,10000.0,10000.0,10000.0,219.0,10000.0,10000.0,10000.0,10000.0,10000.0,219.0,10000.0,0.0,0.0,0.0,0.0,1.0,0.0,0,0,0,0,1,0
0NXKJ9,1800.0,10000.0,1400.0,10000.0,716.0,10000.0,1850.0,10000.0,1400.0,10000.0,756.0,10000.0,0.0,0.0,0.0,0.0,3.0,0.0,2,0,1,0,3,0
UHK5VS,10000.0,10000.0,1800.0,10000.0,140.0,10000.0,10000.0,10000.0,1850.0,10000.0,301.0,10000.0,0.0,0.0,0.0,0.0,3.0,0.0,0,0,2,0,3,0
Y4FHVD,734.0,10000.0,10000.0,10000.0,10000.0,830.0,734.0,10000.0,10000.0,10000.0,10000.0,830.0,1.0,0.0,0.0,0.0,0.0,1.0,1,0,0,0,0,1
QDHS9U,734.0,10000.0,10000.0,10000.0,10000.0,830.0,734.0,10000.0,10000.0,10000.0,10000.0,830.0,1.0,0.0,0.0,0.0,0.0,1.0,1,0,0,0,0,1
3YY3MQ,10000.0,10000.0,10000.0,10000.0,649.0,1400.0,10000.0,10000.0,10000.0,10000.0,658.5,1400.0,0.0,0.0,0.0,0.0,2.0,0.0,0,0,0,0,2,1
UHHUMS,10000.0,10000.0,10000.0,1600.0,277.0,10000.0,10000.0,10000.0,10000.0,1700.0,505.0,10000.0,0.0,0.0,0.0,0.0,2.0,0.0,0,0,0,3,3,0
PMMP8G,1000.0,10000.0,10000.0,10000.0,10000.0,797.0,1000.0,10000.0,10000.0,10000.0,10000.0,797.0,1.0,0.0,0.0,0.0,0.0,1.0,1,0,0,0,0,1
SKKUZ5,1200.0,10000.0,1300.0,10000.0,502.0,797.0,1200.0,10000.0,1650.0,10000.0,965.0,824.0,0.0,0.0,0.0,0.0,2.0,3.0,1,0,2,0,3,3
3YYXGQ,668.0,1500.0,263.0,1700.0,347.0,70.0,1000.0,1500.0,266.0,1700.0,377.0,116.0,2.0,0.0,3.0,0.0,3.0,3.0,3,1,3,1,3,3
AEEM3Y,10000.0,10000.0,1300.0,1600.0,686.0,10000.0,10000.0,10000.0,1300.0,1600.0,1400.0,10000.0,0.0,0.0,0.0,0.0,1.0,0.0,0,0,1,1,3,0
3YYGEQ,519.0,1700.0,556.0,468.0,400.0,245.0,591.0,1700.0,1200.0,1234.0,413.0,290.0,2.0,0.0,1.0,1.0,3.0,2.0,3,1,3,2,3,3
8AAR83,1500.0,10000.0,10000.0,10000.0,10000.0,1700.0,1500.0,10000.0,10000.0,10000.0,10000.0,1700.0,0.0,0.0,0.0,0.0,0.0,0.0,1,0,0,0,0,1
AEEZVY,194.0,10000.0,1200.0,1300.0,689.0,10000.0,539.0,10000.0,1250.0,1500.0,737.0,10000.0,2.0,0.0,0.0,0.0,3.0,0.0,3,0,2,3,3,0
QDD05U,10000.0,10000.0,382.0,1400.0,443.0,1200.0,10000.0,10000.0,382.0,1400.0,520.0,1500.0,0.0,0.0,1.0,0.0,2.0,0.0,0,0,1,1,3,2
8AAF83,10000.0,10000.0,2000.0,10000.0,1900.0,10000.0,10000.0,10000.0,2000.0,10000.0,1900.0,10000.0,0.0,0.0,0.0,0.0,0.0,0.0,0,0,1,0,1,0
5CC9R7,1200.0,10000.0,1600.0,10000.0,715.0,10000.0,1300.0,10000.0,1700.0,10000.0,948.0,10000.0,0.0,0.0,0.0,0.0,2.0,0.0,3,0,3,0,3,0
AEEPNY,10000.0,10000.0,10000.0,10000.0,1400.0,10000.0,10000.0,10000.0,10000.0,10000.0,1600.0,10000.0,0.0,0.0,0.0,0.0,0.0,0.0,0,0,0,0,2,0
SKKWS5,10000.0,10000.0,10000.0,10000.0,1200.0,10000.0,10000.0,10000.0,10000.0,10000.0,1700.0,10000.0,0.0,0.0,0.0,0.0,0.0,0.0,0,0,0,0,3,0
CJJZJB,10000.0,10000.0,10000.0,10000.0,970.0,1100.0,10000.0,10000.0,10000.0,10000.0,985.0,1100.0,0.0,0.0,0.0,0.0,2.0,0.0,0,0,0,0,2,1
SKK4Q5,10000.0,10000.0,10000.0,10000.0,1400.0,10000.0,10000.0,10000.0,10000.0,10000.0,1600.0,10000.0,0.0,0.0,0.0,0.0,0.0,0.0,0,0,0,0,2,0
UHHY3S,10000.0,10000.0,10000.0,10000.0,1100.0,821.0,10000.0,10000.0,10000.0,10000.0,1400.0,1110.5,0.0,0.0,0.0,0.0,0.0,1.0,0,0,0,0,3,2
675A18,1100.0,10000.0,810.0,1800.0,1300.0,1600.0,1700.0,10000.0,810.0,1800.0,1400.0,1700.0,0.0,0.0,1.0,0.0,0.0,0.0,3,0,1,1,2,3
0NTX59,10000.0,10000.0,10000.0,10000.0,1300.0,10000.0,10000.0,10000.0,10000.0,10000.0,1300.0,10000.0,0.0,0.0,0.0,0.0,0.0,0.0,0,0,0,0,1,0
3YAY8Q,462.0,10000.0,10000.0,10000.0,603.0,10000.0,462.0,10000.0,10000.0,10000.0,721.0,10000.0,1.0,0.0,0.0,0.0,3.0,0.0,1,0,0,0,3,0
SKHK35,10000.0,10000.0,10000.0,10000.0,1300.0,10000.0,10000.0,10000.0,10000.0,10000.0,1400.0,10000.0,0.0,0.0,0.0,0.0,0.0,0.0,0,0,0,0,3,0
8A77P3,10000.0,10000.0,667.0,10000.0,10000.0,10000.0,10000.0,10000.0,667.0,10000.0,10000.0,10000.0,0.0,0.0,1.0,0.0,0.0,0.0,0,0,1,0,0,0
5CKHY7,961.0,10000.0,10000.0,320.0,149.0,10000.0,961.0,10000.0,10000.0,320.0,490.0,10000.0,1.0,0.0,0.0,1.0,3.0,0.0,1,0,0,1,3,0
SKHY15,343.0,10000.0,641.0,1600.0,714.0,10000.0,1400.0,10000.0,1700.0,1600.0,917.0,10000.0,1.0,0.0,1.0,0.0,2.0,0.0,3,0,3,1,3,0
GVMN52,935.0,10000.0,10000.0,299.0,104.0,10000.0,935.0,10000.0,10000.0,299.0,462.0,10000.0,1.0,0.0,0.0,1.0,3.0,0.0,1,0,0,1,3,0
3YASMQ,10000.0,10000.0,10000.0,10000.0,1900.0,10000.0,10000.0,10000.0,10000.0,10000.0,1900.0,10000.0,0.0,0.0,0.0,0.0,0.0,0.0,0,0,0,0,1,0
DFEM6H,1800.0,1400.0,1200.0,1800.0,1600.0,1000.0,1800.0,1400.0,1200.0,1800.0,1800.0,1400.0,0.0,0.0,0.0,0.0,0.0,1.0,1,1,1,1,3,3
3Y79EQ,1800.0,1400.0,1200.0,1800.0,1600.0,1000.0,1800.0,1400.0,1200.0,1800.0,1800.0,1400.0,0.0,0.0,0.0,0.0,0.0,1.0,1,1,1,1,3,3
UHYYUS,10000.0,10000.0,10000.0,1800.0,1700.0,1700.0,10000.0,10000.0,10000.0,1800.0,1800.0,1700.0,0.0,0.0,0.0,0.0,0.0,0.0,0,0,0,1,2,1
GMG412,10000.0,10000.0,10000.0,2000.0,1100.0,10000.0,10000.0,10000.0,10000.0,2000.0,1150.0,10000.0,0.0,0.0,0.0,0.0,0.0,0.0,0,0,0,1,2,0
5K5N67,734.0,10000.0,10000.0,10000.0,10000.0,830.0,734.0,10000.0,10000.0,10000.0,10000.0,830.0,1.0,0.0,0.0,0.0,0.0,1.0,1,0,0,0,0,1
3A3J0Q,10000.0,10000.0,10000.0,10000.0,1700.0,10000.0,10000.0,10000.0,10000.0,10000.0,1700.0,10000.0,0.0,0.0,0.0,0.0,0.0,0.0,0,0,0,0,3,0
7C72PA,1800.0,10000.0,10000.0,10000.0,10000.0,1700.0,1800.0,10000.0,10000.0,10000.0,10000.0,1700.0,0.0,0.0,0.0,0.0,0.0,0.0,1,0,0,0,0,1
3A34FQ,10000.0,10000.0,10000.0,10000.0,1700.0,10000.0,10000.0,10000.0,10000.0,10000.0,1700.0,10000.0,0.0,0.0,0.0,0.0,0.0,0.0,0,0,0,0,3,0
SHSRB5,10000.0,10000.0,10000.0,10000.0,1700.0,10000.0,10000.0,10000.0,10000.0,10000.0,1700.0,10000.0,0.0,0.0,0.0,0.0,0.0,0.0,0,0,0,0,3,0
PXP8WG,10000.0,10000.0,10000.0,10000.0,193.0,10000.0,10000.0,10000.0,10000.0,10000.0,390.0,10000.0,0.0,0.0,0.0,0.0,3.0,0.0,0,0,0,0,3,0
656YC8,1400.0,10000.0,10000.0,1400.0,10000.0,10000.0,1400.0,10000.0,10000.0,1400.0,10000.0,10000.0,0.0,0.0,0.0,0.0,0.0,0.0,1,0,0,1,0,0
GMGMC2,10000.0,10000.0,1200.0,10000.0,1100.0,10000.0,10000.0,10000.0,1200.0,10000.0,1300.0,10000.0,0.0,0.0,0.0,0.0,0.0,0.0,0,0,1,0,3,0
0T0TY9,10000.0,10000.0,10000.0,10000.0,1100.0,10000.0,10000.0,10000.0,10000.0,10000.0,1100.0,10000.0,0.0,0.0,0.0,0.0,0.0,0.0,0,0,0,0,1,0
UDUDGS,10000.0,10000.0,707.0,643.0,385.0,867.0,10000.0,10000.0,762.0,643.0,669.0,1133.5,0.0,0.0,2.0,1.0,3.0,1.0,0,0,3,1,3,2
ABAHJY,1300.0,10000.0,1800.0,10000.0,708.0,10000.0,1500.0,10000.0,1800.0,10000.0,964.0,10000.0,0.0,0.0,0.0,0.0,3.0,0.0,3,0,3,0,3,0
KWKEFC,10000.0,10000.0,10000.0,10000.0,373.0,1800.0,10000.0,10000.0,10000.0,10000.0,1000.0,1800.0,0.0,0.0,0.0,0.0,2.0,0.0,0,0,0,0,3,1
9N09DP,938.0,10000.0,832.0,10000.0,476.0,10000.0,955.0,10000.0,1366.0,10000.0,496.0,10000.0,2.0,0.0,1.0,0.0,3.0,0.0,2,0,2,0,3,0
R2WW2J,10000.0,10000.0,10000.0,10000.0,1100.0,10000.0,10000.0,10000.0,10000.0,10000.0,1400.0,10000.0,0.0,0.0,0.0,0.0,0.0,0.0,0,0,0,0,3,0
D4YA4H,10000.0,10000.0,10000.0,10000.0,770.0,10000.0,10000.0,10000.0,10000.0,10000.0,977.0,10000.0,0.0,0.0,0.0,0.0,2.0,0.0,0,0,0,0,3,0
SHU3V5,10000.0,10000.0,10000.0,10000.0,1600.0,10000.0,10000.0,10000.0,10000.0,10000.0,1600.0,10000.0,0.0,0.0,0.0,0.0,0.0,0.0,0,0,0,0,2,0
QY8JCU,10000.0,10000.0,1000.0,10000.0,755.0,10000.0,10000.0,10000.0,1000.0,10000.0,844.0,10000.0,0.0,0.0,1.0,0.0,2.0,0.0,0,0,1,0,3,0
9NJSTP,10000.0,10000.0,382.0,1400.0,443.0,1200.0,10000.0,10000.0,382.0,1400.0,520.0,1500.0,0.0,0.0,1.0,0.0,2.0,0.0,0,0,1,1,3,2
PX052G,592.0,10000.0,10000.0,10000.0,419.0,10000.0,592.0,10000.0,10000.0,10000.0,959.5,10000.0,1.0,0.0,0.0,0.0,1.0,0.0,1,0,0,0,2,0
AB501Y,549.0,10000.0,10000.0,10000.0,10000.0,615.0,549.0,10000.0,10000.0,10000.0,10000.0,615.0,1.0,0.0,0.0,0.0,0.0,1.0,1,0,0,0,0,1
SHQFK5,10000.0,10000.0,10000.0,10000.0,1200.0,10000.0,10000.0,10000.0,10000.0,10000.0,1300.0,10000.0,0.0,0.0,0.0,0.0,0.0,0.0,0,0,0,0,3,0
QY8BNU,1300.0,10000.0,10000.0,1300.0,10000.0,10000.0,1300.0,10000.0,10000.0,1300.0,10000.0,10000.0,0.0,0.0,0.0,0.0,0.0,0.0,1,0,0,1,0,0
65VHF8,10000.0,10000.0,10000.0,10000.0,2000.0,10000.0,10000.0,10000.0,10000.0,10000.0,2000.0,10000.0,0.0,0.0,0.0,0.0,0.0,0.0,0,0,0,0,1,0
CRH0PB,10000.0,10000.0,10000.0,10000.0,10000.0,1800.0,10000.0,10000.0,10000.0,10000.0,10000.0,1800.0,0.0,0.0,0.0,0.0,0.0,0.0,0,0,0,0,0,1
1SMQC6,977.0,10000.0,2000.0,10000.0,543.0,1000.0,977.0,10000.0,2000.0,10000.0,957.0,1250.0,1.0,0.0,0.0,0.0,2.0,1.0,1,0,1,0,3,2
2VPTWZ,10000.0,10000.0,10000.0,10000.0,463.0,10000.0,10000.0,10000.0,10000.0,10000.0,722.0,10000.0,0.0,0.0,0.0,0.0,3.0,0.0,0,0,0,0,3,0
UD86FS,10000.0,10000.0,10000.0,1000.0,10000.0,10000.0,10000.0,10000.0,10000.0,1450.0,10000.0,10000.0,0.0,0.0,0.0,1.0,0.0,0.0,0,0,0,2,0,0
YE5U8D,10000.0,10000.0,10000.0,865.0,10000.0,10000.0,10000.0,10000.0,10000.0,932.5,10000.0,10000.0,0.0,0.0,0.0,2.0,0.0,0.0,0,0,0,2,0,0
UD8NMS,10000.0,10000.0,10000.0,1300.0,263.0,10000.0,10000.0,10000.0,10000.0,1300.0,981.5,10000.0,0.0,0.0,0.0,0.0,1.0,0.0,0,0,0,1,2,0
5K3NU7,480.0,10000.0,10000.0,327.0,10000.0,641.0,480.0,10000.0,10000.0,403.0,10000.0,641.0,1.0,0.0,0.0,2.0,0.0,1.0,1,0,0,2,0,1
JZ4A20,1700.0,10000.0,1500.0,10000.0,1900.0,10000.0,1700.0,10000.0,1500.0,10000.0,1900.0,10000.0,0.0,0.0,0.0,0.0,0.0,0.0,1,0,1,0,1,0
7CQTXA,10000.0,10000.0,10000.0,10000.0,594.0,10000.0,10000.0,10000.0,10000.0,10000.0,955.0,10000.0,0.0,0.0,0.0,0.0,2.0,0.0,0,0,0,0,3,0
2V03NZ,1000.0,1700.0,775.0,1500.0,140.0,10000.0,1600.0,1700.0,1300.0,1500.0,599.0,10000.0,1.0,0.0,1.0,0.0,3.0,0.0,3,1,3,1,3,0
KWA49C,521.0,10000.0,1700.0,10000.0,716.0,70.0,1010.5,10000.0,1900.0,10000.0,1500.0,72.0,1.0,0.0,0.0,0.0,1.0,3.0,2,0,3,0,3,3
WGCE5R,10000.0,10000.0,552.0,10000.0,491.0,10000.0,10000.0,10000.0,552.0,10000.0,701.0,10000.0,0.0,0.0,1.0,0.0,3.0,0.0,0,0,1,0,3,0
UD16RS,1700.0,10000.0,10000.0,888.0,32.0,926.0,1700.0,10000.0,10000.0,888.0,337.0,926.0,0.0,0.0,0.0,1.0,3.0,1.0,1,0,0,1,3,1
KW7QDC,10000.0,10000.0,10000.0,10000.0,574.0,10000.0,10000.0,10000.0,10000.0,10000.0,682.0,10000.0,0.0,0.0,0.0,0.0,3.0,0.0,0,0,0,0,3,0
87NMG3,10000.0,10000.0,10000.0,10000.0,852.0,10000.0,10000.0,10000.0,10000.0,10000.0,926.0,10000.0,0.0,0.0,0.0,0.0,2.0,0.0,0,0,0,0,2,0
PXFF7G,10000.0,10000.0,10000.0,10000.0,1300.0,10000.0,10000.0,10000.0,10000.0,10000.0,1400.0,10000.0,0.0,0.0,0.0,0.0,0.0,0.0,0,0,0,0,3,0
QYMMEU,10000.0,10000.0,10000.0,10000.0,219.0,10000.0,10000.0,10000.0,10000.0,10000.0,219.0,10000.0,0.0,0.0,0.0,0.0,1.0,0.0,0,0,0,0,1,0
1SZZ76,1500.0,10000.0,10000.0,10000.0,810.0,747.0,1500.0,10000.0,10000.0,10000.0,906.0,747.0,0.0,0.0,0.0,0.0,2.0,1.0,1,0,0,0,3,1
3AXN3Q,10000.0,10000.0,795.0,10000.0,511.0,10000.0,10000.0,10000.0,795.0,10000.0,925.0,10000.0,0.0,0.0,1.0,0.0,3.0,0.0,0,0,1,0,3,0
UDVZTS,10000.0,10000.0,1400.0,10000.0,378.0,10000.0,10000.0,10000.0,1400.0,10000.0,405.0,10000.0,0.0,0.0,0.0,0.0,2.0,0.0,0,0,1,0,3,0
0TEXF9,981.0,10000.0,10000.0,10000.0,10000.0,1300.0,981.0,10000.0,10000.0,10000.0,10000.0,1300.0,1.0,0.0,0.0,0.0,0.0,0.0,1,0,0,0,0,1
QYMDNU,1600.0,10000.0,10000.0,10000.0,1200.0,10000.0,1600.0,10000.0,10000.0,10000.0,1500.0,10000.0,0.0,0.0,0.0,0.0,0.0,0.0,1,0,0,0,2,0
AB3BXY,10000.0,10000.0,10000.0,10000.0,284.0,10000.0,10000.0,10000.0,10000.0,10000.0,649.0,10000.0,0.0,0.0,0.0,0.0,2.0,0.0,0,0,0,0,3,0
QYMAZU,1000.0,10000.0,10000.0,10000.0,207.0,10000.0,1000.0,10000.0,10000.0,10000.0,1100.0,10000.0,1.0,0.0,0.0,0.0,1.0,0.0,1,0,0,0,3,0
3ATV7Q,10000.0,10000.0,10000.0,10000.0,1100.0,10000.0,10000.0,10000.0,10000.0,10000.0,1150.0,10000.0,0.0,0.0,0.0,0.0,0.0,0.0,0,0,0,0,2,0
87ZZ93,10000.0,10000.0,10000.0,10000.0,530.0,10000.0,10000.0,10000.0,10000.0,10000.0,534.0,10000.0,0.0,0.0,0.0,0.0,3.0,0.0,0,0,0,0,3,0
3AZNSQ,1500.0,10000.0,1600.0,10000.0,681.0,10000.0,1550.0,10000.0,1700.0,10000.0,800.0,10000.0,0.0,0.0,0.0,0.0,3.0,0.0,2,0,2,0,3,0
7CV16A,1200.0,2000.0,797.0,1800.0,1300.0,1700.0,1700.0,2000.0,797.0,1800.0,1450.0,1800.0,0.0,0.0,1.0,0.0,0.0,0.0,3,1,1,1,2,3
CR8N7B,2000.0,10000.0,1000.0,10000.0,349.0,10000.0,2000.0,10000.0,1000.0,10000.0,480.0,10000.0,0.0,0.0,1.0,0.0,3.0,0.0,1,0,1,0,3,0
D4V9AH,10000.0,10000.0,10000.0,10000.0,1400.0,10000.0,10000.0,10000.0,10000.0,10000.0,1700.0,10000.0,0.0,0.0,0.0,0.0,0.0,0.0,0,0,0,0,2,0
3APBTQ,10000.0,10000.0,10000.0,10000.0,1400.0,10000.0,10000.0,10000.0,10000.0,10000.0,1600.0,10000.0,0.0,0.0,0.0,0.0,0.0,0.0,0,0,0,0,3,0
UD24TS,10000.0,10000.0,10000.0,10000.0,1900.0,10000.0,10000.0,10000.0,10000.0,10000.0,1900.0,10000.0,0.0,0.0,0.0,0.0,0.0,0.0,0,0,0,0,1,0
2VCUSZ,10000.0,10000.0,10000.0,10000.0,664.0,10000.0,10000.0,10000.0,10000.0,10000.0,982.0,10000.0,0.0,0.0,0.0,0.0,1.0,0.0,0,0,0,0,2,0
QYGE5U,10000.0,10000.0,10000.0,10000.0,1300.0,10000.0,10000.0,10000.0,10000.0,10000.0,1400.0,10000.0,0.0,0.0,0.0,0.0,0.0,0.0,0,0,0,0,3,0
CR8GQB,10000.0,10000.0,10000.0,10000.0,1000.0,10000.0,10000.0,10000.0,10000.0,10000.0,1000.0,10000.0,0.0,0.0,0.0,0.0,2.0,0.0,0,0,0,0,3,0
879KK3,1600.0,10000.0,10000.0,10000.0,1800.0,10000.0,1600.0,10000.0,10000.0,10000.0,1900.0,10000.0,0.0,0.0,0.0,0.0,0.0,0.0,1,0,0,0,3,0
JZAM90,1600.0,10000.0,1200.0,1200.0,821.0,2000.0,1600.0,10000.0,1500.0,1800.0,1100.0,2000.0,0.0,0.0,0.0,0.0,1.0,0.0,1,0,2,3,3,1
ABXF7Y,10000.0,10000.0,10000.0,10000.0,1400.0,10000.0,10000.0,10000.0,10000.0,10000.0,1900.0,10000.0,0.0,0.0,0.0,0.0,0.0,0.0,0,0,0,0,3,0
KW1SJC,10000.0,10000.0,10000.0,10000.0,1700.0,10000.0,10000.0,10000.0,10000.0,10000.0,1700.0,10000.0,0.0,0.0,0.0,0.0,0.0,0.0,0,0,0,0,1,0
65J2Y8,1100.0,10000.0,10000.0,10000.0,10000.0,726.0,1100.0,10000.0,10000.0,10000.0,10000.0,726.0,0.0,0.0,0.0,0.0,0.0,1.0,1,0,0,0,0,1
3A923Q,1300.0,10000.0,10000.0,10000.0,921.0,10000.0,1650.0,10000.0,10000.0,10000.0,1400.0,10000.0,0.0,0.0,0.0,0.0,1.0,0.0,2,0,0,0,3,0
SHGZ65,10000.0,10000.0,10000.0,10000.0,1600.0,10000.0,10000.0,10000.0,10000.0,10000.0,1600.0,10000.0,0.0,0.0,0.0,0.0,0.0,0.0,0,0,0,0,1,0
CR18EB,385.0,10000.0,1200.0,10000.0,597.0,10000.0,385.0,10000.0,1200.0,10000.0,774.0,10000.0,1.0,0.0,0.0,0.0,3.0,0.0,1,0,1,0,3,0
3A09UQ,10000.0,10000.0,10000.0,10000.0,700.0,10000.0,10000.0,10000.0,10000.0,10000.0,711.5,10000.0,0.0,0.0,0.0,0.0,2.0,0.0,0,0,0,0,2,0
65RRX8,10000.0,10000.0,316.0,10000.0,228.0,10000.0,10000.0,10000.0,708.0,10000.0,533.0,10000.0,0.0,0.0,1.0,0.0,2.0,0.0,0,0,2,0,3,0
UDP93S,10000.0,10000.0,404.0,307.0,506.0,10000.0,10000.0,10000.0,404.0,1103.5,692.0,10000.0,0.0,0.0,1.0,1.0,3.0,0.0,0,0,1,2,3,0
PXYA5G,10000.0,10000.0,10000.0,1800.0,1200.0,10000.0,10000.0,10000.0,10000.0,1800.0,1200.0,10000.0,0.0,0.0,0.0,0.0,0.0,0.0,0,0,0,1,1,0
QY90BU,10000.0,10000.0,10000.0,10000.0,1500.0,10000.0,10000.0,10000.0,10000.0,10000.0,1500.0,10000.0,0.0,0.0,0.0,0.0,0.0,0.0,0,0,0,0,3,0
ABT2EY,10000.0,10000.0,10000.0,10000.0,1400.0,10000.0,10000.0,10000.0,10000.0,10000.0,1800.0,10000.0,0.0,0.0,0.0,0.0,0.0,0.0,0,0,0,0,3,0
WGU88R,10000.0,10000.0,10000.0,10000.0,1300.0,10000.0,10000.0,10000.0,10000.0,10000.0,1300.0,10000.0,0.0,0.0,0.0,0.0,0.0,0.0,0,0,0,0,3,0
UDPRBS,1500.0,10000.0,10000.0,10000.0,343.0,1500.0,1500.0,10000.0,10000.0,10000.0,1200.0,1500.0,0.0,0.0,0.0,0.0,1.0,0.0,1,0,0,0,3,1
ABTPCY,10000.0,10000.0,10000.0,10000.0,10000.0,1800.0,10000.0,10000.0,10000.0,10000.0,10000.0,1800.0,0.0,0.0,0.0,0.0,0.0,0.0,0,0,0,0,0,1
87JBW3,1800.0,10000.0,10000.0,10000.0,10000.0,1700.0,1800.0,10000.0,10000.0,10000.0,10000.0,1700.0,0.0,0.0,0.0,0.0,0.0,0.0,1,0,0,0,0,1
E08GP4,10000.0,10000.0,10000.0,10000.0,536.0,10000.0,10000.0,10000.0,10000.0,10000.0,632.5,10000.0,0.0,0.0,0.0,0.0,2.0,0.0,0,0,0,0,2,0
5K2B67,10000.0,10000.0,10000.0,10000.0,2000.0,10000.0,10000.0,10000.0,10000.0,10000.0,2000.0,10000.0,0.0,0.0,0.0,0.0,0.0,0.0,0,0,0,0,1,0
UD9TPS,918.0,10000.0,1900.0,10000.0,644.0,896.0,918.0,10000.0,1900.0,10000.0,822.0,1148.0,1.0,0.0,0.0,0.0,3.0,1.0,1,0,1,0,3,2
PXAUQG,10000.0,10000.0,1800.0,1700.0,490.0,561.0,10000.0,10000.0,1800.0,1700.0,508.0,756.0,0.0,0.0,0.0,0.0,2.0,2.0,0,0,1,1,3,2
7C24XA,10000.0,10000.0,1500.0,10000.0,1600.0,10000.0,10000.0,10000.0,1500.0,10000.0,1600.0,10000.0,0.0,0.0,0.0,0.0,0.0,0.0,0,0,1,0,1,0
7CGUWA,10000.0,10000.0,10000.0,10000.0,678.0,10000.0,10000.0,10000.0,10000.0,10000.0,989.0,10000.0,0.0,0.0,0.0,0.0,1.0,0.0,0,0,0,0,2,0
AB262Y,10000.0,10000.0,1800.0,10000.0,1300.0,1200.0,10000.0,10000.0,1800.0,10000.0,1400.0,1200.0,0.0,0.0,0.0,0.0,0.0,0.0,0,0,1,0,3,1
3AW5GQ,10000.0,10000.0,10000.0,10000.0,818.0,1200.0,10000.0,10000.0,10000.0,10000.0,830.5,1200.0,0.0,0.0,0.0,0.0,2.0,0.0,0,0,0,0,2,1
QYR7EU,10000.0,10000.0,10000.0,10000.0,10000.0,1600.0,10000.0,10000.0,10000.0,10000.0,10000.0,1600.0,0.0,0.0,0.0,0.0,0.0,0.0,0,0,0,0,0,1
7C9UBA,683.0,718.0,195.0,542.0,361.0,155.0,702.0,900.0,1700.0,853.0,617.0,202.0,3.0,2.0,1.0,3.0,3.0,3.0,3,3,3,3,3,3
874WG3,923.0,1600.0,624.0,1100.0,852.0,988.0,1200.0,1600.0,890.0,1400.0,866.0,1400.0,1.0,0.0,2.0,0.0,3.0,1.0,3,1,3,3,3,3
WG1ACR,10000.0,10000.0,859.0,10000.0,433.0,10000.0,10000.0,10000.0,859.0,10000.0,540.0,10000.0,0.0,0.0,1.0,0.0,2.0,0.0,0,0,1,0,3,0
2V5KJZ,1300.0,10000.0,10000.0,10000.0,614.0,10000.0,1300.0,10000.0,10000.0,10000.0,920.0,10000.0,0.0,0.0,0.0,0.0,3.0,0.0,1,0,0,0,3,0
3A49YQ,335.0,10000.0,842.0,10000.0,227.0,10000.0,335.0,10000.0,842.0,10000.0,257.0,10000.0,1.0,0.0,1.0,0.0,3.0,0.0,1,0,1,0,3,0
JZ85S0,10000.0,10000.0,10000.0,10000.0,1300.0,10000.0,10000.0,10000.0,10000.0,10000.0,1300.0,10000.0,0.0,0.0,0.0,0.0,0.0,0.0,0,0,0,0,3,0
QYF0RU,1100.0,1200.0,601.0,98.0,180.0,717.0,1600.0,1200.0,1300.0,2000.0,202.0,810.0,0.0,0.0,1.0,1.0,3.0,2.0,3,3,3,3,3,3
65BWA8,1100.0,1200.0,601.0,98.0,180.0,717.0,1600.0,1200.0,1300.0,2000.0,202.0,810.0,0.0,0.0,1.0,1.0,3.0,2.0,3,3,3,3,3,3
0T3US9,1100.0,10000.0,10000.0,1300.0,587.0,1600.0,1700.0,10000.0,10000.0,1300.0,603.0,1800.0,0.0,0.0,0.0,0.0,2.0,0.0,3,0,0,1,2,2
5KJJY7,10000.0,10000.0,10000.0,10000.0,330.0,10000.0,10000.0,10000.0,10000.0,10000.0,354.0,10000.0,0.0,0.0,0.0,0.0,2.0,0.0,0,0,0,0,3,0
E0XZM4,792.0,10000.0,1300.0,10000.0,856.0,10000.0,920.0,10000.0,1400.0,10000.0,994.0,10000.0,2.0,0.0,0.0,0.0,2.0,0.0,3,0,3,0,3,0
GMSZN2,657.0,10000.0,1600.0,10000.0,663.0,971.0,657.0,10000.0,1600.0,10000.0,727.0,1185.5,1.0,0.0,0.0,0.0,3.0,1.0,1,0,1,0,3,2
7CJ5WA,239.0,749.0,1300.0,995.0,834.0,1200.0,917.0,749.0,1500.0,997.5,929.0,1600.0,2.0,1.0,0.0,2.0,3.0,0.0,3,1,3,2,3,3
9N30NP,541.0,407.0,1100.0,633.0,647.0,1500.0,582.0,407.0,1300.0,1016.5,1100.0,1700.0,2.0,1.0,0.0,1.0,1.0,0.0,3,1,3,2,3,3
3AE14Q,1000.0,10000.0,10000.0,10000.0,520.0,1000.0,1000.0,10000.0,10000.0,10000.0,1000.0,1250.0,1.0,0.0,0.0,0.0,2.0,1.0,1,0,0,0,3,2
ABWCBY,10000.0,10000.0,10000.0,10000.0,10000.0,1800.0,10000.0,10000.0,10000.0,10000.0,10000.0,1800.0,0.0,0.0,0.0,0.0,0.0,0.0,0,0,0,0,0,1
SHCQP5,1800.0,10000.0,849.0,1900.0,616.0,2000.0,1900.0,10000.0,1274.5,1900.0,1800.0,2000.0,0.0,0.0,1.0,0.0,1.0,0.0,2,0,2,1,3,1
R2T4BJ,1400.0,10000.0,1900.0,10000.0,914.0,10000.0,1400.0,10000.0,1900.0,10000.0,914.0,10000.0,0.0,0.0,0.0,0.0,1.0,0.0,1,0,1,0,1,0
9NMFXP,1600.0,10000.0,10000.0,10000.0,1300.0,10000.0,1600.0,10000.0,10000.0,10000.0,1300.0,10000.0,0.0,0.0,0.0,0.0,0.0,0.0,1,0,0,0,3,0
D4WXNH,955.0,10000.0,988.0,10000.0,188.0,10000.0,960.0,10000.0,1900.0,10000.0,636.0,10000.0,2.0,0.0,1.0,0.0,3.0,0.0,2,0,3,0,3,0
2V6YPZ,10000.0,10000.0,546.0,10000.0,490.0,10000.0,10000.0,10000.0,546.0,10000.0,700.0,10000.0,0.0,0.0,1.0,0.0,3.0,0.0,0,0,1,0,3,0
65AFC8,10000.0,10000.0,10000.0,10000.0,1800.0,10000.0,10000.0,10000.0,10000.0,10000.0,1800.0,10000.0,0.0,0.0,0.0,0.0,0.0,0.0,0,0,0,0,1,0
SHKC85,315.0,10000.0,616.0,10000.0,321.0,10000.0,1800.0,10000.0,1600.0,10000.0,414.0,10000.0,1.0,0.0,1.0,0.0,3.0,0.0,3,0,3,0,3,0
5KCDA7,1700.0,10000.0,990.0,10000.0,1500.0,10000.0,1750.0,10000.0,990.0,10000.0,1550.0,10000.0,0.0,0.0,1.0,0.0,0.0,0.0,2,0,1,0,2,0
ABB5HY,1200.0,10000.0,10000.0,10000.0,636.0,10000.0,1300.0,10000.0,10000.0,10000.0,728.0,10000.0,0.0,0.0,0.0,0.0,3.0,0.0,3,0,0,0,3,0
1SSXV6,459.0,10000.0,10000.0,1500.0,1400.0,755.0,779.5,10000.0,10000.0,1500.0,1600.0,763.0,1.0,0.0,0.0,0.0,0.0,2.0,2,0,0,1,3,3
ABB6SY,10000.0,10000.0,340.0,10000.0,686.0,10000.0,10000.0,10000.0,340.0,10000.0,1100.0,10000.0,0.0,0.0,1.0,0.0,1.0,0.0,0,0,1,0,3,0
877ZD3,1800.0,10000.0,1400.0,10000.0,716.0,10000.0,1850.0,10000.0,1400.0,10000.0,756.0,10000.0,0.0,0.0,0.0,0.0,3.0,0.0,2,0,1,0,3,0
YEEVRD,683.0,10000.0,10000.0,10000.0,225.0,10000.0,766.0,10000.0,10000.0,10000.0,669.0,10000.0,2.0,0.0,0.0,0.0,3.0,0.0,3,0,0,0,3,0
3AAPWQ,459.0,10000.0,10000.0,1500.0,1400.0,755.0,779.5,10000.0,10000.0,1500.0,1600.0,763.0,1.0,0.0,0.0,0.0,0.0,2.0,2,0,0,1,3,3
65SPB8,10000.0,10000.0,10000.0,10000.0,10000.0,1700.0,10000.0,10000.0,10000.0,10000.0,10000.0,1700.0,0.0,0.0,0.0,0.0,0.0,0.0,0,0,0,0,0,1
E0JSW4,10000.0,10000.0,1400.0,10000.0,143.0,10000.0,10000.0,10000.0,1400.0,10000.0,1100.0,10000.0,0.0,0.0,0.0,0.0,1.0,0.0,0,0,1,0,3,0
9NTD2P,10000.0,10000.0,10000.0,10000.0,673.0,1300.0,10000.0,10000.0,10000.0,10000.0,675.5,1300.0,0.0,0.0,0.0,0.0,2.0,0.0,0,0,0,0,2,1
UDYG6S,679.0,862.0,476.0,986.0,1000.0,697.0,1100.0,981.0,1200.0,1300.0,1000.0,1000.0,1.0,1.0,1.0,1.0,2.0,2.0,3,2,3,3,3,3
PXT93G,1700.0,1300.0,1600.0,1000.0,803.0,1200.0,1700.0,1350.0,1650.0,1200.0,1500.0,1200.0,0.0,0.0,0.0,1.0,1.0,0.0,1,2,2,3,3,1
D4B5YH,1100.0,1300.0,1200.0,1500.0,228.0,669.0,1300.0,1300.0,1200.0,1550.0,392.0,678.5,0.0,0.0,0.0,0.0,3.0,2.0,3,1,1,2,3,2
WG984R,10000.0,10000.0,10000.0,10000.0,760.0,10000.0,10000.0,10000.0,10000.0,10000.0,760.0,10000.0,0.0,0.0,0.0,0.0,1.0,0.0,0,0,0,0,1,0
ABDUHY,1200.0,10000.0,10000.0,250.0,302.0,775.0,1700.0,10000.0,10000.0,421.5,358.0,997.0,0.0,0.0,0.0,2.0,3.0,2.0,3,0,0,2,3,3
9T0NEP,1600.0,10000.0,549.0,10000.0,305.0,10000.0,1600.0,10000.0,549.0,10000.0,948.0,10000.0,0.0,0.0,1.0,0.0,3.0,0.0,1,0,1,0,3,0
7K5CHA,10000.0,10000.0,1100.0,10000.0,433.0,10000.0,10000.0,10000.0,1100.0,10000.0,948.0,10000.0,0.0,0.0,0.0,0.0,2.0,0.0,0,0,1,0,3,0
378ASQ,1700.0,10000.0,640.0,10000.0,240.0,10000.0,1700.0,10000.0,640.0,10000.0,1000.0,10000.0,0.0,0.0,1.0,0.0,2.0,0.0,1,0,1,0,3,0
AC5QEY,502.0,10000.0,281.0,10000.0,457.0,10000.0,1100.0,10000.0,884.0,10000.0,539.0,10000.0,1.0,0.0,2.0,0.0,3.0,0.0,3,0,3,0,3,0
KFD3SC,771.0,10000.0,1900.0,10000.0,936.0,356.0,1185.5,10000.0,1950.0,10000.0,1700.0,357.0,1.0,0.0,0.0,0.0,1.0,3.0,2,0,2,0,3,3
WP439R,1300.0,10000.0,139.0,642.0,408.0,798.0,1500.0,10000.0,746.0,1221.0,552.0,924.0,0.0,0.0,3.0,1.0,2.0,2.0,3,0,3,2,3,3
2MPAVZ,10000.0,10000.0,10000.0,10000.0,587.0,10000.0,10000.0,10000.0,10000.0,10000.0,938.0,10000.0,0.0,0.0,0.0,0.0,2.0,0.0,0,0,0,0,3,0
6SVD78,407.0,10000.0,10000.0,1500.0,1300.0,713.0,753.5,10000.0,10000.0,1500.0,1500.0,720.0,1.0,0.0,0.0,0.0,0.0,2.0,2,0,0,1,3,3
KFYJGC,856.0,715.0,872.0,1000.0,318.0,249.0,1200.0,764.0,1100.0,1100.0,470.0,316.0,1.0,2.0,1.0,1.0,3.0,3.0,3,3,3,3,3,3
DE5RXH,10000.0,10000.0,10000.0,10000.0,1900.0,10000.0,10000.0,10000.0,10000.0,10000.0,1900.0,10000.0,0.0,0.0,0.0,0.0,0.0,0.0,0,0,0,0,1,0
ACQR1Y,785.0,10000.0,1900.0,10000.0,266.0,1300.0,785.0,10000.0,1900.0,10000.0,1100.0,1500.0,1.0,0.0,0.0,0.0,1.0,0.0,1,0,1,0,3,2
UY1YKS,824.0,10000.0,1800.0,1300.0,285.0,10000.0,1300.0,10000.0,1800.0,1450.0,452.0,10000.0,1.0,0.0,0.0,0.0,2.0,0.0,3,0,2,2,3,0
SD1NN5,10000.0,10000.0,735.0,733.0,288.0,1100.0,10000.0,10000.0,1017.5,733.0,414.0,1100.0,0.0,0.0,1.0,1.0,3.0,0.0,0,0,2,1,3,1
85NKS3,120.0,10000.0,389.0,10000.0,111.0,10000.0,1600.0,10000.0,1400.0,10000.0,596.0,10000.0,1.0,0.0,1.0,0.0,3.0,0.0,3,0,3,0,3,0
QAMYSU,10000.0,10000.0,10000.0,10000.0,745.0,10000.0,10000.0,10000.0,10000.0,10000.0,745.0,10000.0,0.0,0.0,0.0,0.0,1.0,0.0,0,0,0,0,1,0
SDV615,10000.0,10000.0,10000.0,10000.0,1900.0,10000.0,10000.0,10000.0,10000.0,10000.0,1900.0,10000.0,0.0,0.0,0.0,0.0,0.0,0.0,0,0,0,0,1,0
1U2TA6,765.0,1200.0,788.0,1200.0,1100.0,968.0,1000.0,1200.0,1200.0,1300.0,1100.0,987.0,2.0,0.0,1.0,0.0,0.0,2.0,3,2,3,3,3,3
KFSUKC,539.0,844.0,85.0,1000.0,150.0,116.0,583.0,896.0,512.0,1800.0,169.0,450.0,3.0,3.0,2.0,1.0,3.0,3.0,3,3,3,3,3,3
5H1ZU7,10000.0,10000.0,10000.0,10000.0,1400.0,1700.0,10000.0,10000.0,10000.0,10000.0,1450.0,1700.0,0.0,0.0,0.0,0.0,0.0,0.0,0,0,0,0,2,1
AC8NKY,10000.0,10000.0,10000.0,10000.0,1500.0,1500.0,10000.0,10000.0,10000.0,10000.0,1700.0,1500.0,0.0,0.0,0.0,0.0,0.0,0.0,0,0,0,0,2,1
37NAHQ,10000.0,10000.0,1100.0,10000.0,297.0,10000.0,10000.0,10000.0,1100.0,10000.0,1400.0,10000.0,0.0,0.0,0.0,0.0,1.0,0.0,0,0,1,0,3,0
YB3EED,669.0,1000.0,1300.0,1000.0,592.0,667.0,1300.0,1000.0,1300.0,1150.0,712.0,833.5,1.0,1.0,0.0,1.0,3.0,2.0,3,1,1,2,3,2
J2KR50,1400.0,10000.0,630.0,1700.0,503.0,857.0,1400.0,10000.0,1000.0,1700.0,607.0,920.0,0.0,0.0,3.0,0.0,3.0,2.0,3,0,3,1,3,3
CWS3YB,658.0,1600.0,277.0,1700.0,254.0,364.0,1200.0,1600.0,909.0,1700.0,582.0,1400.0,1.0,0.0,2.0,0.0,3.0,1.0,3,1,3,3,3,3
J2D5N0,10000.0,10000.0,1900.0,10000.0,1800.0,10000.0,10000.0,10000.0,1900.0,10000.0,1850.0,10000.0,0.0,0.0,0.0,0.0,0.0,0.0,0,0,1,0,2,0
J2DST0,10000.0,10000.0,10000.0,10000.0,1700.0,10000.0,10000.0,10000.0,10000.0,10000.0,1700.0,10000.0,0.0,0.0,0.0,0.0,0.0,0.0,0,0,0,0,1,0
J2DUZ0,10000.0,10000.0,10000.0,10000.0,1900.0,10000.0,10000.0,10000.0,10000.0,10000.0,1900.0,10000.0,0.0,0.0,0.0,0.0,0.0,0.0,0,0,0,0,1,0
YB1FJD,10000.0,10000.0,546.0,10000.0,490.0,10000.0,10000.0,10000.0,546.0,10000.0,700.0,10000.0,0.0,0.0,1.0,0.0,3.0,0.0,0,0,1,0,3,0
DE6F6H,866.0,1500.0,1100.0,1200.0,459.0,10000.0,1800.0,1500.0,1600.0,1200.0,833.0,10000.0,1.0,0.0,0.0,0.0,3.0,0.0,3,1,3,1,3,0
6S99Q8,10000.0,10000.0,1000.0,10000.0,1300.0,10000.0,10000.0,10000.0,1000.0,10000.0,1350.0,10000.0,0.0,0.0,1.0,0.0,0.0,0.0,0,0,1,0,2,0
GXCKS2,10000.0,10000.0,1000.0,10000.0,1300.0,10000.0,10000.0,10000.0,1000.0,10000.0,1400.0,10000.0,0.0,0.0,1.0,0.0,0.0,0.0,0,0,1,0,3,0
WP7VTR,10000.0,10000.0,1500.0,10000.0,1600.0,10000.0,10000.0,10000.0,1500.0,10000.0,1600.0,10000.0,0.0,0.0,0.0,0.0,0.0,0.0,0,0,1,0,1,0
40SGHF,2000.0,10000.0,1100.0,10000.0,177.0,1900.0,2000.0,10000.0,1300.0,10000.0,517.0,1950.0,0.0,0.0,0.0,0.0,3.0,0.0,1,0,2,0,3,2
GXK4D2,376.0,1500.0,1100.0,808.0,186.0,137.0,1600.0,1500.0,1500.0,1054.0,201.0,175.0,1.0,0.0,0.0,1.0,3.0,3.0,3,1,3,2,3,3
37PZ8Q,1400.0,10000.0,630.0,1700.0,503.0,857.0,1400.0,10000.0,1000.0,1700.0,607.0,920.0,0.0,0.0,3.0,0.0,3.0,2.0,3,0,3,1,3,3
37PETQ,1200.0,782.0,1400.0,1400.0,1200.0,10000.0,1200.0,1291.0,1800.0,1500.0,1400.0,10000.0,0.0,1.0,0.0,0.0,0.0,0.0,1,2,3,2,3,0
379MDQ,1200.0,10000.0,745.0,10000.0,411.0,10000.0,1200.0,10000.0,1122.5,10000.0,536.0,10000.0,0.0,0.0,1.0,0.0,3.0,0.0,1,0,2,0,3,0
379XSQ,1700.0,10000.0,1200.0,1900.0,1800.0,10000.0,1800.0,10000.0,1200.0,1900.0,1800.0,10000.0,0.0,0.0,0.0,0.0,0.0,0.0,2,0,1,1,1,0
DEMQ9H,521.0,10000.0,1700.0,10000.0,716.0,70.0,1010.5,10000.0,1900.0,10000.0,1500.0,72.0,1.0,0.0,0.0,0.0,1.0,3.0,2,0,3,0,3,3
UYGMAS,1900.0,10000.0,1200.0,10000.0,525.0,10000.0,1900.0,10000.0,1550.0,10000.0,589.0,10000.0,0.0,0.0,0.0,0.0,3.0,0.0,2,0,2,0,3,0
6SJG78,1300.0,10000.0,745.0,10000.0,529.0,10000.0,1300.0,10000.0,1172.5,10000.0,542.0,10000.0,0.0,0.0,1.0,0.0,3.0,0.0,1,0,2,0,3,0
850R03,10000.0,10000.0,10000.0,10000.0,663.0,10000.0,10000.0,10000.0,10000.0,10000.0,784.0,10000.0,0.0,0.0,0.0,0.0,3.0,0.0,0,0,0,0,3,0
9TY5SP,692.0,905.0,649.0,751.0,194.0,238.0,851.0,988.0,1400.0,947.0,346.0,623.0,3.0,2.0,1.0,2.0,3.0,3.0,3,3,3,3,3,3
KF103C,1200.0,1800.0,10000.0,923.0,481.0,311.0,1300.0,1800.0,10000.0,923.0,495.0,537.0,0.0,0.0,0.0,1.0,3.0,2.0,2,1,0,1,3,2
7KTBGA,1100.0,2000.0,10000.0,659.0,239.0,681.0,1150.0,2000.0,10000.0,659.0,448.0,890.5,0.0,0.0,0.0,1.0,3.0,1.0,2,1,0,1,3,2
1UFVJ6,1000.0,10000.0,10000.0,458.0,360.0,963.0,1100.0,10000.0,10000.0,829.0,818.0,1200.0,1.0,0.0,0.0,1.0,3.0,1.0,3,0,0,2,3,3
CWVYPB,238.0,1200.0,755.0,1200.0,186.0,261.0,1200.0,1700.0,1200.0,1500.0,366.0,309.0,1.0,0.0,1.0,0.0,3.0,3.0,3,3,3,3,3,3
UY96CS,1400.0,10000.0,10000.0,350.0,295.0,993.0,1500.0,10000.0,10000.0,559.5,557.0,1200.0,0.0,0.0,0.0,2.0,3.0,1.0,3,0,0,2,3,3
7K2RVA,1100.0,10000.0,1600.0,1000.0,607.0,811.0,1200.0,10000.0,1800.0,1400.0,670.0,886.0,0.0,0.0,0.0,1.0,3.0,3.0,3,0,2,2,3,3
2MDQ5Z,958.0,1600.0,989.0,1500.0,191.0,734.0,1300.0,1700.0,1200.0,1500.0,455.0,914.0,1.0,0.0,1.0,0.0,3.0,3.0,3,2,3,3,3,3
EJ6Z24,1200.0,10000.0,10000.0,113.0,134.0,749.0,1500.0,10000.0,10000.0,436.5,525.0,980.0,0.0,0.0,0.0,2.0,3.0,3.0,3,0,0,2,3,3
1UFST6,453.0,1300.0,140.0,1200.0,257.0,710.0,946.0,1300.0,409.0,1800.0,547.0,714.0,2.0,0.0,3.0,0.0,3.0,3.0,3,1,3,3,3,3
5H98J7,10000.0,10000.0,10000.0,10000.0,1200.0,10000.0,10000.0,10000.0,10000.0,10000.0,1900.0,10000.0,0.0,0.0,0.0,0.0,0.0,0.0,0,0,0,0,3,0
PN5FFG,10000.0,10000.0,10000.0,10000.0,269.0,10000.0,10000.0,10000.0,10000.0,10000.0,304.0,10000.0,0.0,0.0,0.0,0.0,2.0,0.0,0,0,0,0,2,0
EJVAY4,179.0,763.0,212.0,827.0,127.0,1300.0,389.0,1200.0,720.0,1100.0,347.0,1400.0,3.0,1.0,3.0,1.0,3.0,0.0,3,3,3,3,3,3
UYJZAS,1400.0,1400.0,1000.0,1800.0,1100.0,10000.0,1500.0,1400.0,1300.0,1850.0,1300.0,10000.0,0.0,0.0,1.0,0.0,0.0,0.0,3,1,2,2,3,0
J2QMZ0,1500.0,10000.0,703.0,1500.0,113.0,1700.0,1500.0,10000.0,1500.0,1500.0,202.0,1700.0,0.0,0.0,1.0,0.0,3.0,0.0,1,0,3,1,3,3
UYR3WS,763.0,10000.0,779.0,1300.0,469.0,827.0,1181.5,10000.0,810.0,1300.0,841.0,1000.0,1.0,0.0,3.0,0.0,3.0,2.0,2,0,3,1,3,3
5H08P7,553.0,734.0,438.0,767.0,246.0,732.0,656.0,787.0,510.0,1300.0,279.0,912.0,3.0,3.0,3.0,1.0,3.0,2.0,3,3,3,3,3,3
1UB2F6,948.0,777.0,866.0,992.0,612.0,974.0,1100.0,777.0,866.0,1246.0,693.0,1087.0,1.0,1.0,1.0,1.0,3.0,1.0,3,1,1,2,3,2
5H0107,10000.0,10000.0,10000.0,10000.0,1700.0,10000.0,10000.0,10000.0,10000.0,10000.0,1700.0,10000.0,0.0,0.0,0.0,0.0,0.0,0.0,0,0,0,0,1,0
6SEZB8,1800.0,10000.0,491.0,10000.0,581.0,1600.0,1800.0,10000.0,491.0,10000.0,680.0,1600.0,0.0,0.0,1.0,0.0,3.0,0.0,1,0,1,0,3,3
SDJ915,1100.0,1700.0,1900.0,900.0,413.0,269.0,1500.0,1700.0,1900.0,1400.0,497.0,517.0,0.0,0.0,0.0,1.0,3.0,2.0,3,1,1,2,3,2
3749UQ,129.0,1600.0,755.0,1500.0,299.0,677.0,1100.0,1600.0,849.0,1500.0,369.0,1200.0,1.0,0.0,2.0,0.0,2.0,1.0,3,1,3,1,3,3
QA46DU,1000.0,10000.0,941.0,10000.0,454.0,10000.0,1050.0,10000.0,1470.5,10000.0,601.0,10000.0,1.0,0.0,1.0,0.0,3.0,0.0,2,0,2,0,3,0
40XYSF,1700.0,10000.0,1100.0,10000.0,122.0,10000.0,1700.0,10000.0,1500.0,10000.0,174.0,10000.0,0.0,0.0,0.0,0.0,3.0,0.0,2,0,2,0,3,0
7KJ6HA,801.0,10000.0,10000.0,730.0,621.0,1200.0,828.0,10000.0,10000.0,1115.0,735.0,1400.0,2.0,0.0,0.0,1.0,2.0,0.0,3,0,0,2,3,3
AC09FY,1900.0,10000.0,1500.0,988.0,1000.0,1800.0,1900.0,10000.0,1600.0,988.0,1200.0,1850.0,0.0,0.0,0.0,1.0,1.0,0.0,3,0,2,1,3,2
UYFCVS,1100.0,1300.0,1300.0,1500.0,239.0,593.0,1300.0,1300.0,1300.0,1500.0,320.0,611.5,0.0,0.0,0.0,0.0,3.0,2.0,3,1,1,2,3,2
2MUG6Z,1000.0,10000.0,693.0,10000.0,340.0,10000.0,1050.0,10000.0,1246.5,10000.0,591.0,10000.0,1.0,0.0,1.0,0.0,2.0,0.0,2,0,2,0,3,0
GXQFJ2,499.0,1500.0,56.0,695.0,130.0,712.0,1000.0,1500.0,1000.0,1600.0,439.0,989.0,3.0,0.0,2.0,1.0,3.0,2.0,3,2,3,3,3,3
EJT5H4,1000.0,818.0,648.0,972.0,316.0,1200.0,1100.0,818.0,648.0,1386.0,430.0,1250.0,1.0,1.0,1.0,1.0,3.0,0.0,3,1,1,2,3,2
7KRXBA,696.0,1100.0,1400.0,995.0,518.0,588.0,1400.0,1100.0,1400.0,1197.5,667.0,791.0,1.0,0.0,0.0,1.0,3.0,2.0,3,1,1,2,3,2
QAEA7U,586.0,10000.0,1800.0,10000.0,517.0,182.0,1143.0,10000.0,1800.0,10000.0,1300.0,209.0,1.0,0.0,0.0,0.0,1.0,3.0,2,0,3,0,3,3
1UH3M6,785.0,10000.0,1900.0,10000.0,266.0,1300.0,785.0,10000.0,1900.0,10000.0,1100.0,1500.0,1.0,0.0,0.0,0.0,1.0,0.0,1,0,1,0,3,2
UYE18S,1100.0,10000.0,2000.0,165.0,129.0,694.0,1300.0,10000.0,2000.0,578.5,756.0,923.0,0.0,0.0,0.0,2.0,3.0,3.0,3,0,1,2,3,3
ACRQ3Y,662.0,10000.0,10000.0,896.0,925.0,431.0,1181.0,10000.0,10000.0,1248.0,1100.0,458.0,1.0,0.0,0.0,1.0,1.0,2.0,2,0,0,2,3,3
J2VS50,677.0,1600.0,1100.0,593.0,391.0,1500.0,874.0,1600.0,1300.0,1600.0,620.0,1500.0,2.0,0.0,0.0,1.0,3.0,0.0,3,1,3,3,3,3
0Z12N9,10000.0,10000.0,679.0,10000.0,904.0,10000.0,10000.0,10000.0,679.0,10000.0,1600.0,10000.0,0.0,0.0,1.0,0.0,1.0,0.0,0,0,1,0,3,0
7KF39A,785.0,10000.0,1300.0,10000.0,835.0,10000.0,912.0,10000.0,1400.0,10000.0,1000.0,10000.0,2.0,0.0,0.0,0.0,2.0,0.0,3,0,3,0,3,0
RGXAQJ,1700.0,10000.0,1500.0,10000.0,807.0,10000.0,1750.0,10000.0,1500.0,10000.0,808.0,10000.0,0.0,0.0,0.0,0.0,3.0,0.0,2,0,1,0,3,0
RGX73J,734.0,10000.0,742.0,10000.0,311.0,10000.0,738.5,10000.0,1221.0,10000.0,392.0,10000.0,2.0,0.0,1.0,0.0,3.0,0.0,2,0,2,0,3,0
UYBGTS,10000.0,10000.0,457.0,10000.0,483.0,10000.0,10000.0,10000.0,457.0,10000.0,903.0,10000.0,0.0,0.0,1.0,0.0,2.0,0.0,0,0,1,0,3,0
7KFZ7A,1600.0,10000.0,1500.0,10000.0,761.0,10000.0,1650.0,10000.0,1750.0,10000.0,849.0,10000.0,0.0,0.0,0.0,0.0,3.0,0.0,2,0,2,0,3,0
37KSNQ,369.0,10000.0,364.0,10000.0,136.0,10000.0,399.5,10000.0,1300.0,10000.0,665.0,10000.0,2.0,0.0,1.0,0.0,2.0,0.0,2,0,3,0,3,0
6SYEY8,637.0,10000.0,494.0,10000.0,161.0,10000.0,668.0,10000.0,1047.0,10000.0,611.0,10000.0,2.0,0.0,1.0,0.0,3.0,0.0,2,0,2,0,3,0
37HFUQ,1300.0,10000.0,1600.0,10000.0,539.0,10000.0,1350.0,10000.0,1600.0,10000.0,667.0,10000.0,0.0,0.0,0.0,0.0,3.0,0.0,2,0,2,0,3,0
0ZM379,10000.0,10000.0,1100.0,10000.0,1300.0,10000.0,10000.0,10000.0,1100.0,10000.0,1350.0,10000.0,0.0,0.0,0.0,0.0,0.0,0.0,0,0,1,0,2,0
85DH93,10000.0,10000.0,1100.0,1800.0,1200.0,10000.0,10000.0,10000.0,1100.0,1800.0,1300.0,10000.0,0.0,0.0,0.0,0.0,0.0,0.0,0,0,1,1,3,0
SDCC15,354.0,118.0,157.0,719.0,233.0,425.0,371.0,125.0,391.0,864.0,368.0,655.0,3.0,3.0,3.0,3.0,3.0,3.0,3,3,3,3,3,3
85YAJ3,1100.0,1600.0,1500.0,1000.0,476.0,1600.0,1100.0,1650.0,1700.0,1000.0,665.0,1600.0,0.0,0.0,0.0,1.0,3.0,0.0,2,2,3,1,3,3
UYHXJS,578.0,10000.0,577.0,10000.0,236.0,10000.0,590.5,10000.0,1500.0,10000.0,452.0,10000.0,2.0,0.0,1.0,0.0,3.0,0.0,2,0,3,0,3,0
SDKNE5,992.0,10000.0,949.0,10000.0,344.0,10000.0,996.0,10000.0,1474.5,10000.0,599.0,10000.0,2.0,0.0,1.0,0.0,3.0,0.0,2,0,2,0,3,0
7KBMBA,10000.0,10000.0,172.0,10000.0,826.0,10000.0,10000.0,10000.0,172.0,10000.0,858.0,10000.0,0.0,0.0,1.0,0.0,2.0,0.0,0,0,1,0,3,0
37AGBQ,158.0,347.0,892.0,294.0,193.0,112.0,210.0,458.0,916.0,776.0,205.0,401.0,3.0,3.0,2.0,3.0,3.0,3.0,3,3,3,3,3,3
37AJDQ,768.0,778.0,1000.0,1000.0,762.0,906.0,1100.0,778.0,1500.0,1150.0,794.0,1053.0,1.0,1.0,1.0,1.0,3.0,1.0,3,1,2,2,3,2
5HHWE7,564.0,486.0,1000.0,893.0,56.0,326.0,692.0,795.0,1700.0,1400.0,209.0,532.0,3.0,2.0,1.0,1.0,3.0,3.0,3,3,3,3,3,3
EJRWV4,675.0,10000.0,1800.0,10000.0,541.0,241.0,1237.5,10000.0,1900.0,10000.0,1300.0,268.0,1.0,0.0,0.0,0.0,1.0,3.0,2,0,3,0,3,3
KFEKDC,614.0,10000.0,1800.0,10000.0,724.0,152.0,1107.0,10000.0,2000.0,10000.0,1500.0,163.0,1.0,0.0,0.0,0.0,1.0,3.0,2,0,3,0,3,3
QA5ANU,1700.0,10000.0,1300.0,1600.0,685.0,10000.0,1800.0,10000.0,1300.0,1750.0,1400.0,10000.0,0.0,0.0,0.0,0.0,1.0,0.0,2,0,1,2,3,0
Q73RMU,10000.0,10000.0,1200.0,10000.0,1100.0,10000.0,10000.0,10000.0,1200.0,10000.0,1300.0,10000.0,0.0,0.0,0.0,0.0,0.0,0.0,0,0,1,0,3,0
UAQJWS,10000.0,10000.0,1200.0,10000.0,1100.0,10000.0,10000.0,10000.0,1200.0,10000.0,1300.0,10000.0,0.0,0.0,0.0,0.0,0.0,0.0,0,0,1,0,3,0
7H5PJA,1800.0,10000.0,1200.0,10000.0,232.0,1800.0,1800.0,10000.0,1250.0,10000.0,432.0,1800.0,0.0,0.0,0.0,0.0,3.0,0.0,1,0,2,0,3,3
AK5QBY,590.0,231.0,333.0,1400.0,96.0,141.0,847.0,553.0,338.0,1500.0,318.0,652.0,3.0,3.0,3.0,0.0,3.0,3.0,3,3,3,3,3,3
356XZQ,463.0,1100.0,958.0,995.0,862.0,1300.0,1100.0,1100.0,1400.0,1300.0,946.0,1700.0,1.0,0.0,1.0,1.0,3.0,0.0,3,1,3,3,3,3
Q78M0U,391.0,1700.0,809.0,1100.0,290.0,979.0,1100.0,1700.0,1200.0,1250.0,455.0,979.0,1.0,0.0,1.0,0.0,3.0,1.0,3,1,3,2,3,1
SBP1D5,10000.0,10000.0,257.0,1800.0,350.0,1500.0,10000.0,10000.0,257.0,1800.0,1600.0,1500.0,0.0,0.0,1.0,0.0,1.0,0.0,0,0,1,1,3,1
5EPPK7,115.0,343.0,214.0,382.0,50.0,102.0,275.0,453.0,938.0,1000.0,188.0,514.0,3.0,2.0,3.0,2.0,3.0,3.0,3,3,3,3,3,3
RN120J,1100.0,10000.0,10000.0,10000.0,134.0,10000.0,1100.0,10000.0,10000.0,10000.0,156.5,10000.0,0.0,0.0,0.0,0.0,2.0,0.0,1,0,0,0,2,0
P1326G,1200.0,10000.0,10000.0,10000.0,728.0,10000.0,1450.0,10000.0,10000.0,10000.0,755.0,10000.0,0.0,0.0,0.0,0.0,2.0,0.0,2,0,0,0,3,0
8DKPQ3,986.0,10000.0,1200.0,2000.0,374.0,973.0,986.0,10000.0,1500.0,2000.0,559.0,991.0,1.0,0.0,0.0,0.0,3.0,3.0,1,0,3,1,3,3
6YHR78,986.0,10000.0,1200.0,2000.0,374.0,973.0,986.0,10000.0,1500.0,2000.0,559.0,991.0,1.0,0.0,0.0,0.0,3.0,3.0,1,0,3,1,3,3
9VVH2P,10000.0,10000.0,1900.0,10000.0,975.0,1800.0,10000.0,10000.0,1900.0,10000.0,1200.0,1900.0,0.0,0.0,0.0,0.0,1.0,0.0,0,0,1,0,3,2
42P2VF,735.0,484.0,402.0,1200.0,192.0,394.0,789.0,485.0,594.0,1300.0,247.0,483.0,3.0,3.0,3.0,0.0,3.0,3.0,3,3,3,3,3,3
G6TKN2,10000.0,10000.0,382.0,1400.0,443.0,1200.0,10000.0,10000.0,382.0,1400.0,520.0,1500.0,0.0,0.0,1.0,0.0,2.0,0.0,0,0,1,1,3,2
G6TNH2,10000.0,10000.0,10000.0,10000.0,1900.0,10000.0,10000.0,10000.0,10000.0,10000.0,1900.0,10000.0,0.0,0.0,0.0,0.0,0.0,0.0,0,0,0,0,1,0
8Y8RY3,667.0,1900.0,1600.0,10000.0,590.0,865.0,667.0,1900.0,1600.0,10000.0,800.0,1032.5,1.0,0.0,0.0,0.0,3.0,1.0,1,1,1,0,3,2
7E3MXA,597.0,312.0,531.0,1100.0,118.0,372.0,701.0,449.0,559.0,1300.0,351.0,640.0,3.0,3.0,3.0,0.0,3.0,3.0,3,3,3,3,3,3
9MBFBP,871.0,10000.0,1300.0,328.0,806.0,709.0,1435.5,10000.0,1300.0,514.0,994.0,960.0,1.0,0.0,0.0,3.0,2.0,2.0,2,0,1,3,3,3
5BV6C7,762.0,10000.0,645.0,1700.0,1100.0,10000.0,1600.0,10000.0,2000.0,1700.0,1150.0,10000.0,1.0,0.0,1.0,0.0,0.0,0.0,3,0,3,1,2,0
PVE8NG,10000.0,10000.0,1000.0,10000.0,413.0,343.0,10000.0,10000.0,1450.0,10000.0,451.0,556.0,0.0,0.0,1.0,0.0,3.0,2.0,0,0,2,0,3,2
C0XYNB,228.0,438.0,688.0,551.0,276.0,318.0,263.0,547.0,878.0,1700.0,391.0,880.0,3.0,3.0,2.0,1.0,3.0,2.0,3,3,3,3,3,3
3DW2AQ,342.0,1200.0,344.0,866.0,242.0,443.0,865.0,1300.0,1300.0,1300.0,267.0,751.0,3.0,0.0,1.0,1.0,3.0,2.0,3,3,3,3,3,3
SC0N75,710.0,1400.0,1100.0,946.0,129.0,841.0,951.0,1400.0,1300.0,1200.0,195.0,939.0,2.0,0.0,0.0,1.0,3.0,3.0,3,1,3,3,3,3
0XQKB9,377.0,10000.0,1600.0,823.0,180.0,106.0,988.5,10000.0,1700.0,874.0,556.0,403.0,1.0,0.0,0.0,3.0,2.0,3.0,2,0,2,3,3,3
5BWFK7,10000.0,10000.0,10000.0,10000.0,458.0,10000.0,10000.0,10000.0,10000.0,10000.0,522.0,10000.0,0.0,0.0,0.0,0.0,2.0,0.0,0,0,0,0,3,0
263GSZ,318.0,10000.0,10000.0,532.0,10000.0,10000.0,1059.0,10000.0,10000.0,532.0,10000.0,10000.0,1.0,0.0,0.0,1.0,0.0,0.0,2,0,0,1,0,0
8AVPF3,10000.0,10000.0,10000.0,10000.0,1300.0,563.0,10000.0,10000.0,10000.0,10000.0,1400.0,701.0,0.0,0.0,0.0,0.0,0.0,2.0,0,0,0,0,3,2
15XJ16,10000.0,10000.0,10000.0,10000.0,1300.0,566.0,10000.0,10000.0,10000.0,10000.0,1400.0,703.5,0.0,0.0,0.0,0.0,0.0,2.0,0,0,0,0,3,2
67MRR8,10000.0,10000.0,10000.0,10000.0,1400.0,570.0,10000.0,10000.0,10000.0,10000.0,1400.0,710.5,0.0,0.0,0.0,0.0,0.0,2.0,0,0,0,0,3,2
QD13RU,1800.0,10000.0,544.0,505.0,1200.0,1900.0,1800.0,10000.0,544.0,769.0,1200.0,1900.0,0.0,0.0,2.0,6.0,0.0,0.0,2,0,2,6,6,4
Y4SXND,10000.0,10000.0,1500.0,10000.0,646.0,938.0,10000.0,10000.0,1500.0,10000.0,898.0,938.0,0.0,0.0,0.0,0.0,2.0,1.0,0,0,1,0,3,1
7B1B0A,10000.0,10000.0,913.0,10000.0,10000.0,10000.0,10000.0,10000.0,913.0,10000.0,10000.0,10000.0,0.0,0.0,1.0,0.0,0.0,0.0,0,0,1,0,0,0
3YPGSQ,10000.0,10000.0,869.0,1100.0,868.0,10000.0,10000.0,10000.0,869.0,1100.0,960.0,10000.0,0.0,0.0,1.0,0.0,2.0,0.0,0,0,1,1,3,0
AEXTWY,10000.0,10000.0,10000.0,10000.0,1400.0,1800.0,10000.0,10000.0,10000.0,10000.0,1600.0,1800.0,0.0,0.0,0.0,0.0,0.0,0.0,0,0,0,0,3,1
8A9FJ3,10000.0,10000.0,10000.0,10000.0,1400.0,1700.0,10000.0,10000.0,10000.0,10000.0,1450.0,1700.0,0.0,0.0,0.0,0.0,0.0,0.0,0,0,0,0,2,1
UH2RVS,10000.0,10000.0,1600.0,10000.0,597.0,464.0,10000.0,10000.0,1600.0,10000.0,1300.0,464.0,0.0,0.0,0.0,0.0,1.0,1.0,0,0,1,0,3,1
3YP4MQ,10000.0,10000.0,10000.0,10000.0,1400.0,1800.0,10000.0,10000.0,10000.0,10000.0,1600.0,1800.0,0.0,0.0,0.0,0.0,0.0,0.0,0,0,0,0,3,1
7BTGMA,10000.0,10000.0,10000.0,10000.0,1300.0,121.0,10000.0,10000.0,10000.0,10000.0,1400.0,156.5,0.0,0.0,0.0,0.0,0.0,2.0,0,0,0,0,3,2
4PQRDF,10000.0,10000.0,10000.0,10000.0,761.0,10000.0,10000.0,10000.0,10000.0,10000.0,761.0,10000.0,0.0,0.0,0.0,0.0,1.0,0.0,0,0,0,0,1,0
RZU7XJ,1100.0,10000.0,10000.0,10000.0,245.0,1400.0,1100.0,10000.0,10000.0,10000.0,1300.0,1600.0,0.0,0.0,0.0,0.0,1.0,0.0,1,0,0,0,3,2
SKPP15,10000.0,10000.0,10000.0,10000.0,1300.0,1800.0,10000.0,10000.0,10000.0,10000.0,1400.0,1800.0,0.0,0.0,0.0,0.0,0.0,0.0,0,0,0,0,2,1
8ARR23,1600.0,10000.0,10000.0,10000.0,801.0,10000.0,1600.0,10000.0,10000.0,10000.0,1150.5,10000.0,0.0,0.0,0.0,0.0,1.0,0.0,1,0,0,0,2,0
PMASSG,10000.0,10000.0,10000.0,10000.0,1400.0,1700.0,10000.0,10000.0,10000.0,10000.0,1450.0,1700.0,0.0,0.0,0.0,0.0,0.0,0.0,0,0,0,0,2,1
PM716G,1500.0,10000.0,10000.0,678.0,631.0,10000.0,1500.0,10000.0,10000.0,1700.0,751.0,10000.0,0.0,0.0,0.0,1.0,2.0,0.0,1,0,0,3,3,0
Y4ZFND,1500.0,10000.0,1700.0,10000.0,394.0,1800.0,1500.0,10000.0,1700.0,10000.0,1600.0,1800.0,0.0,0.0,0.0,0.0,1.0,0.0,1,0,1,0,3,1
UHJEBS,10000.0,10000.0,10000.0,10000.0,454.0,10000.0,10000.0,10000.0,10000.0,10000.0,454.0,10000.0,0.0,0.0,0.0,0.0,1.0,0.0,0,0,0,0,1,0
8AB5F3,10000.0,10000.0,10000.0,10000.0,1200.0,778.0,10000.0,10000.0,10000.0,10000.0,1200.0,778.0,0.0,0.0,0.0,0.0,0.0,1.0,0,0,0,0,2,1
SK4WQ5,10000.0,10000.0,10000.0,1900.0,216.0,1600.0,10000.0,10000.0,10000.0,1900.0,305.0,1600.0,0.0,0.0,0.0,0.0,3.0,0.0,0,0,0,1,3,2
15DKD6,10000.0,10000.0,1900.0,10000.0,1000.0,1700.0,10000.0,10000.0,1900.0,10000.0,1100.0,1750.0,0.0,0.0,0.0,0.0,1.0,0.0,0,0,1,0,3,2
21Q3BZ,110.0,1700.0,1900.0,1300.0,1300.0,488.0,1000.0,1700.0,1900.0,1300.0,1400.0,501.0,2.0,0.0,0.0,0.0,0.0,2.0,3,1,2,1,3,3
JTVX10,844.0,1900.0,1500.0,635.0,550.0,368.0,1000.0,1900.0,1800.0,1300.0,596.0,386.0,2.0,0.0,0.0,1.0,3.0,3.0,3,1,3,3,3,3
AEW77Y,820.0,840.0,1300.0,1300.0,730.0,10000.0,1600.0,840.0,1400.0,1300.0,1200.0,10000.0,1.0,1.0,0.0,0.0,1.0,0.0,3,1,3,1,3,0
JTMDB0,234.0,10000.0,10000.0,10000.0,160.0,10000.0,234.0,10000.0,10000.0,10000.0,839.0,10000.0,1.0,0.0,0.0,0.0,3.0,0.0,1,0,0,0,3,0
SKCAX5,681.0,10000.0,10000.0,10000.0,85.0,10000.0,681.0,10000.0,10000.0,10000.0,782.0,10000.0,1.0,0.0,0.0,0.0,2.0,0.0,1,0,0,0,3,0
7BBUPA,416.0,367.0,1100.0,1000.0,133.0,260.0,552.0,938.0,1500.0,1500.0,303.0,396.0,3.0,2.0,0.0,1.0,3.0,3.0,3,3,3,3,3,3
677RF8,986.0,10000.0,10000.0,10000.0,10000.0,1300.0,986.0,10000.0,10000.0,10000.0,10000.0,1300.0,1.0,0.0,0.0,0.0,0.0,0.0,1,0,0,0,0,1
3YY04Q,986.0,10000.0,10000.0,10000.0,10000.0,1300.0,986.0,10000.0,10000.0,10000.0,10000.0,1300.0,1.0,0.0,0.0,0.0,0.0,0.0,1,0,0,0,0,1
QDDSHU,10000.0,10000.0,10000.0,10000.0,1100.0,809.0,10000.0,10000.0,10000.0,10000.0,1400.0,1104.5,0.0,0.0,0.0,0.0,0.0,1.0,0,0,0,0,3,2
UHDYWS,1000.0,10000.0,10000.0,10000.0,10000.0,680.0,1000.0,10000.0,10000.0,10000.0,10000.0,680.0,1.0,0.0,0.0,0.0,0.0,1.0,1,0,0,0,0,1
QDY7BU,10000.0,10000.0,10000.0,10000.0,1300.0,10000.0,10000.0,10000.0,10000.0,10000.0,1500.0,10000.0,0.0,0.0,0.0,0.0,0.0,0.0,0,0,0,0,2,0
YEYMGD,281.0,10000.0,10000.0,182.0,1200.0,10000.0,281.0,10000.0,10000.0,182.0,1450.0,10000.0,1.0,0.0,0.0,1.0,0.0,0.0,1,0,0,1,2,0
QYQ06U,10000.0,10000.0,10000.0,10000.0,1400.0,1700.0,10000.0,10000.0,10000.0,10000.0,1450.0,1700.0,0.0,0.0,0.0,0.0,0.0,0.0,0,0,0,0,2,1
5K5R97,10000.0,10000.0,1400.0,10000.0,10000.0,10000.0,10000.0,10000.0,1400.0,10000.0,10000.0,10000.0,0.0,0.0,0.0,0.0,0.0,0.0,0,0,1,0,0,0
UDUF4S,10000.0,10000.0,10000.0,10000.0,1400.0,10000.0,10000.0,10000.0,10000.0,10000.0,1400.0,10000.0,0.0,0.0,0.0,0.0,0.0,0.0,0,0,0,0,1,0
UD309S,986.0,10000.0,10000.0,10000.0,10000.0,1300.0,986.0,10000.0,10000.0,10000.0,10000.0,1300.0,1.0,0.0,0.0,0.0,0.0,0.0,1,0,0,0,0,1
PX0Q9G,1200.0,10000.0,10000.0,1300.0,10000.0,10000.0,1200.0,10000.0,10000.0,1300.0,10000.0,10000.0,0.0,0.0,0.0,0.0,0.0,0.0,1,0,0,1,0,0
87VXJ3,591.0,10000.0,775.0,10000.0,761.0,10000.0,591.0,10000.0,1700.0,10000.0,934.0,10000.0,1.0,0.0,1.0,0.0,3.0,0.0,1,0,3,0,3,0
JZ4HN0,10000.0,10000.0,10000.0,10000.0,1400.0,1800.0,10000.0,10000.0,10000.0,10000.0,1600.0,1800.0,0.0,0.0,0.0,0.0,0.0,0.0,0,0,0,0,3,1
UD1GDS,1800.0,10000.0,10000.0,10000.0,821.0,1800.0,1800.0,10000.0,10000.0,10000.0,985.0,1800.0,0.0,0.0,0.0,0.0,3.0,0.0,1,0,0,0,3,1
UDX67S,1800.0,10000.0,10000.0,10000.0,1900.0,10000.0,1800.0,10000.0,10000.0,10000.0,1900.0,10000.0,0.0,0.0,0.0,0.0,0.0,0.0,1,0,0,0,2,0
CRSUKB,10000.0,10000.0,10000.0,10000.0,1600.0,10000.0,10000.0,10000.0,10000.0,10000.0,1600.0,10000.0,0.0,0.0,0.0,0.0,0.0,0.0,0,0,0,0,1,0
0TCK39,1100.0,1400.0,967.0,1400.0,116.0,863.0,1300.0,1600.0,1100.0,1500.0,597.0,899.0,0.0,0.0,1.0,0.0,3.0,3.0,3,2,3,3,3,3
SHMNV5,10000.0,10000.0,10000.0,10000.0,1600.0,10000.0,10000.0,10000.0,10000.0,10000.0,1600.0,10000.0,0.0,0.0,0.0,0.0,0.0,0.0,0,0,0,0,1,0
JZKDV0,10000.0,10000.0,10000.0,10000.0,1700.0,10000.0,10000.0,10000.0,10000.0,10000.0,1700.0,10000.0,0.0,0.0,0.0,0.0,0.0,0.0,0,0,0,0,1,0
652HP8,668.0,1600.0,1400.0,210.0,137.0,165.0,852.0,1600.0,1500.0,1700.0,693.0,167.0,3.0,0.0,0.0,1.0,3.0,3.0,3,1,3,3,3,3
GM43Z2,1800.0,10000.0,598.0,10000.0,476.0,1500.0,1800.0,10000.0,1249.0,10000.0,492.0,1600.0,0.0,0.0,1.0,0.0,3.0,0.0,1,0,2,0,3,3
AB18RY,895.0,10000.0,1700.0,10000.0,228.0,1000.0,895.0,10000.0,1700.0,10000.0,450.0,1000.0,1.0,0.0,0.0,0.0,3.0,1.0,1,0,1,0,3,1
R27V4J,1100.0,2000.0,1900.0,404.0,215.0,717.0,1700.0,2000.0,1900.0,421.0,350.0,916.0,0.0,0.0,0.0,2.0,3.0,3.0,3,1,1,2,3,3
7CNRPA,601.0,10000.0,1500.0,10000.0,216.0,1800.0,601.0,10000.0,1500.0,10000.0,1200.0,1850.0,1.0,0.0,0.0,0.0,1.0,0.0,1,0,1,0,3,2
GMKQV2,10000.0,10000.0,10000.0,10000.0,1600.0,10000.0,10000.0,10000.0,10000.0,10000.0,1600.0,10000.0,0.0,0.0,0.0,0.0,0.0,0.0,0,0,0,0,1,0
3APHJQ,1700.0,10000.0,10000.0,1800.0,1700.0,10000.0,1750.0,10000.0,10000.0,1800.0,1800.0,10000.0,0.0,0.0,0.0,0.0,0.0,0.0,2,0,0,2,2,0
JZ7DQ0,10000.0,10000.0,284.0,10000.0,10000.0,10000.0,10000.0,10000.0,284.0,10000.0,10000.0,10000.0,0.0,0.0,1.0,0.0,0.0,0.0,0,0,1,0,0,0
87JR03,10000.0,1900.0,10000.0,10000.0,10000.0,10000.0,10000.0,1900.0,10000.0,10000.0,10000.0,10000.0,0.0,0.0,0.0,0.0,0.0,0.0,0,1,0,0,0,0
SHGK05,1900.0,10000.0,10000.0,10000.0,1300.0,10000.0,1900.0,10000.0,10000.0,10000.0,1500.0,10000.0,0.0,0.0,0.0,0.0,0.0,0.0,1,0,0,0,2,0
KWVBMC,856.0,10000.0,10000.0,10000.0,665.0,10000.0,856.0,10000.0,10000.0,10000.0,1200.0,10000.0,1.0,0.0,0.0,0.0,1.0,0.0,1,0,0,0,3,0
UD9FCS,659.0,1100.0,691.0,1100.0,968.0,853.0,981.0,1100.0,1100.0,1200.0,1000.0,979.0,2.0,0.0,1.0,0.0,2.0,2.0,3,2,3,3,3,3
9N7XVP,10000.0,10000.0,10000.0,1100.0,10000.0,10000.0,10000.0,10000.0,10000.0,1100.0,10000.0,10000.0,0.0,0.0,0.0,0.0,0.0,0.0,0,0,0,1,0,0
CRMKNB,10000.0,10000.0,729.0,10000.0,270.0,10000.0,10000.0,10000.0,729.0,10000.0,624.0,10000.0,0.0,0.0,1.0,0.0,2.0,0.0,0,0,1,0,3,0
3ARNAQ,10000.0,10000.0,10000.0,10000.0,114.0,10000.0,10000.0,10000.0,10000.0,10000.0,1400.0,10000.0,0.0,0.0,0.0,0.0,1.0,0.0,0,0,0,0,3,0
CRXF8B,10000.0,10000.0,760.0,1200.0,953.0,1300.0,10000.0,10000.0,760.0,1400.0,1100.0,1300.0,0.0,0.0,1.0,0.0,1.0,0.0,0,0,1,3,3,1
3AWUWQ,1000.0,10000.0,525.0,977.0,780.0,1400.0,1200.0,10000.0,624.0,1388.5,828.0,1600.0,1.0,0.0,2.0,1.0,3.0,0.0,3,0,2,2,3,3
SHRZS5,10000.0,10000.0,10000.0,10000.0,1600.0,10000.0,10000.0,10000.0,10000.0,10000.0,1700.0,10000.0,0.0,0.0,0.0,0.0,0.0,0.0,0,0,0,0,2,0
9NQYEP,10000.0,10000.0,1900.0,1900.0,830.0,10000.0,10000.0,10000.0,1900.0,1900.0,1500.0,10000.0,0.0,0.0,0.0,0.0,1.0,0.0,0,0,1,1,3,0
SHRP35,205.0,52.0,581.0,162.0,435.0,336.0,252.0,332.0,806.0,1300.0,491.0,749.0,3.0,3.0,3.0,1.0,3.0,3.0,3,3,3,3,3,3
5KJFA7,10000.0,10000.0,10000.0,10000.0,851.0,1700.0,10000.0,10000.0,10000.0,10000.0,894.0,1700.0,0.0,0.0,0.0,0.0,3.0,0.0,0,0,0,0,3,1
SHWUF5,10000.0,10000.0,10000.0,10000.0,1700.0,10000.0,10000.0,10000.0,10000.0,10000.0,1700.0,10000.0,0.0,0.0,0.0,0.0,0.0,0.0,0,0,0,0,1,0
UDF8JS,1600.0,10000.0,1100.0,1800.0,1700.0,10000.0,1700.0,10000.0,1100.0,1800.0,1700.0,10000.0,0.0,0.0,0.0,0.0,0.0,0.0,4,0,2,2,2,0
D4JU8H,1000.0,1100.0,511.0,861.0,268.0,115.0,1200.0,1100.0,512.0,1300.0,289.0,634.0,1.0,0.0,3.0,1.0,3.0,3.0,3,1,3,3,3,3
0TVBR9,694.0,1400.0,694.0,1500.0,404.0,561.0,1100.0,1500.0,1100.0,1500.0,493.0,711.0,1.0,0.0,1.0,0.0,3.0,3.0,3,3,3,3,3,3
KW9SMC,2000.0,10000.0,1400.0,10000.0,423.0,1700.0,2000.0,10000.0,1900.0,10000.0,712.0,1700.0,0.0,0.0,0.0,0.0,2.0,0.0,1,0,3,0,3,3
SHEV45,2000.0,10000.0,1400.0,10000.0,415.0,1700.0,2000.0,10000.0,1800.0,10000.0,702.0,1700.0,0.0,0.0,0.0,0.0,2.0,0.0,1,0,3,0,3,3
WGNHJR,2000.0,10000.0,1300.0,10000.0,421.0,1700.0,2000.0,10000.0,1800.0,10000.0,683.0,1700.0,0.0,0.0,0.0,0.0,2.0,0.0,1,0,3,0,3,3
D4J31H,10000.0,10000.0,607.0,10000.0,150.0,1400.0,10000.0,10000.0,607.0,10000.0,481.0,1400.0,0.0,0.0,1.0,0.0,2.0,0.0,0,0,1,0,3,1
7CFVRA,2000.0,10000.0,1400.0,10000.0,425.0,1700.0,2000.0,10000.0,1800.0,10000.0,688.0,1700.0,0.0,0.0,0.0,0.0,2.0,0.0,1,0,3,0,3,3
65D308,1500.0,10000.0,10000.0,1900.0,1700.0,10000.0,1500.0,10000.0,10000.0,1900.0,1700.0,10000.0,0.0,0.0,0.0,0.0,0.0,0.0,1,0,0,1,3,0
7CETHA,1300.0,10000.0,745.0,10000.0,529.0,10000.0,1300.0,10000.0,1172.5,10000.0,542.0,10000.0,0.0,0.0,1.0,0.0,3.0,0.0,1,0,2,0,3,0
SHCB85,2000.0,10000.0,1900.0,1900.0,1500.0,10000.0,2000.0,10000.0,1900.0,1900.0,1650.0,10000.0,0.0,0.0,0.0,0.0,0.0,0.0,1,0,1,1,2,0
WGGSWR,592.0,10000.0,1100.0,83.0,1100.0,792.0,756.0,10000.0,1200.0,504.0,1200.0,1700.0,2.0,0.0,0.0,2.0,0.0,1.0,3,0,3,2,3,3
ABCM8Y,878.0,10000.0,1300.0,10000.0,782.0,10000.0,1239.0,10000.0,1300.0,10000.0,1600.0,10000.0,1.0,0.0,0.0,0.0,1.0,0.0,2,0,1,0,3,0
YEBVJD,1900.0,1600.0,1300.0,10000.0,1600.0,1100.0,1900.0,1600.0,1300.0,10000.0,1800.0,1600.0,0.0,0.0,0.0,0.0,0.0,0.0,1,1,1,0,3,3
JZ2A40,10000.0,10000.0,10000.0,10000.0,1200.0,778.0,10000.0,10000.0,10000.0,10000.0,1200.0,778.0,0.0,0.0,0.0,0.0,0.0,1.0,0,0,0,0,2,1
CRW8XB,10000.0,10000.0,1100.0,1500.0,682.0,10000.0,10000.0,10000.0,1100.0,1500.0,1400.0,10000.0,0.0,0.0,0.0,0.0,1.0,0.0,0,0,1,1,3,0
QYA9XU,1700.0,10000.0,1900.0,1800.0,1500.0,10000.0,1750.0,10000.0,1900.0,1800.0,1650.0,10000.0,0.0,0.0,0.0,0.0,0.0,0.0,2,0,1,3,2,0
5KDQ37,769.0,10000.0,10000.0,1900.0,1300.0,10000.0,771.5,10000.0,10000.0,1900.0,1500.0,10000.0,2.0,0.0,0.0,0.0,0.0,0.0,2,0,0,1,2,0
WG96ER,432.0,424.0,531.0,208.0,360.0,10000.0,1400.0,424.0,865.5,208.0,802.0,10000.0,1.0,1.0,1.0,1.0,3.0,0.0,3,1,2,1,3,0
UY3NDS,10000.0,10000.0,10000.0,10000.0,1400.0,10000.0,10000.0,10000.0,10000.0,10000.0,1400.0,10000.0,0.0,0.0,0.0,0.0,0.0,0.0,0,0,0,0,1,0
5HUBJ7,10000.0,10000.0,10000.0,10000.0,760.0,10000.0,10000.0,10000.0,10000.0,10000.0,760.0,10000.0,0.0,0.0,0.0,0.0,1.0,0.0,0,0,0,0,1,0
85MRD3,10000.0,10000.0,10000.0,10000.0,760.0,10000.0,10000.0,10000.0,10000.0,10000.0,760.0,10000.0,0.0,0.0,0.0,0.0,1.0,0.0,0,0,0,0,1,0
QAXGYU,10000.0,10000.0,10000.0,10000.0,1700.0,10000.0,10000.0,10000.0,10000.0,10000.0,1700.0,10000.0,0.0,0.0,0.0,0.0,0.0,0.0,0,0,0,0,1,0
SDV095,10000.0,10000.0,10000.0,10000.0,1700.0,10000.0,10000.0,10000.0,10000.0,10000.0,1700.0,10000.0,0.0,0.0,0.0,0.0,0.0,0.0,0,0,0,0,1,0
SDVHK5,1700.0,10000.0,1800.0,388.0,817.0,1400.0,1700.0,10000.0,1800.0,800.0,1500.0,1600.0,0.0,0.0,0.0,3.0,1.0,0.0,1,0,1,3,3,2
QATC6U,10000.0,10000.0,10000.0,10000.0,772.0,1600.0,10000.0,10000.0,10000.0,10000.0,947.0,1650.0,0.0,0.0,0.0,0.0,3.0,0.0,0,0,0,0,3,2
4058JF,10000.0,10000.0,1300.0,1500.0,876.0,10000.0,10000.0,10000.0,1300.0,1500.0,1300.0,10000.0,0.0,0.0,0.0,0.0,1.0,0.0,0,0,1,1,3,0
372WNQ,10000.0,10000.0,10000.0,10000.0,1600.0,10000.0,10000.0,10000.0,10000.0,10000.0,1700.0,10000.0,0.0,0.0,0.0,0.0,0.0,0.0,0,0,0,0,3,0
8592Z3,570.0,10000.0,10000.0,923.0,828.0,1300.0,595.0,10000.0,10000.0,1311.5,983.0,1500.0,2.0,0.0,0.0,1.0,2.0,0.0,3,0,0,2,3,3
ACXC6Y,1300.0,10000.0,1400.0,118.0,1300.0,1100.0,1300.0,10000.0,1400.0,882.0,1400.0,1700.0,0.0,0.0,0.0,3.0,0.0,0.0,1,0,1,3,3,3
QAPV9U,10000.0,10000.0,10000.0,10000.0,176.0,10000.0,10000.0,10000.0,10000.0,10000.0,1600.0,10000.0,0.0,0.0,0.0,0.0,1.0,0.0,0,0,0,0,3,0
SD2VQ5,10000.0,10000.0,10000.0,10000.0,542.0,10000.0,10000.0,10000.0,10000.0,10000.0,542.0,10000.0,0.0,0.0,0.0,0.0,1.0,0.0,0,0,0,0,1,0
4081PF,1500.0,10000.0,10000.0,10000.0,10000.0,10000.0,1500.0,10000.0,10000.0,10000.0,10000.0,10000.0,0.0,0.0,0.0,0.0,0.0,0.0,1,0,0,0,0,0
9T7ZTP,10000.0,10000.0,10000.0,10000.0,1700.0,10000.0,10000.0,10000.0,10000.0,10000.0,1700.0,10000.0,0.0,0.0,0.0,0.0,0.0,0.0,0,0,0,0,1,0
J2UWC0,10000.0,10000.0,10000.0,10000.0,1200.0,10000.0,10000.0,10000.0,10000.0,10000.0,1250.0,10000.0,0.0,0.0,0.0,0.0,0.0,0.0,0,0,0,0,2,0
AC2QTY,359.0,346.0,569.0,126.0,325.0,2000.0,1300.0,346.0,834.5,126.0,821.0,2000.0,1.0,1.0,1.0,1.0,3.0,0.0,3,1,2,1,3,1
SD9PV5,10000.0,111.0,10000.0,10000.0,214.0,10000.0,10000.0,191.0,10000.0,10000.0,214.0,10000.0,0.0,2.0,0.0,0.0,1.0,0.0,0,2,0,0,1,0
9T55AP,10000.0,10000.0,795.0,10000.0,423.0,10000.0,10000.0,10000.0,795.0,10000.0,644.0,10000.0,0.0,0.0,1.0,0.0,3.0,0.0,0,0,1,0,3,0
J2U1T0,10000.0,10000.0,10000.0,10000.0,760.0,10000.0,10000.0,10000.0,10000.0,10000.0,760.0,10000.0,0.0,0.0,0.0,0.0,1.0,0.0,0,0,0,0,1,0
DETW7H,433.0,10000.0,549.0,344.0,593.0,385.0,1116.5,10000.0,549.0,998.0,671.0,1300.0,2.0,0.0,2.0,6.0,6.0,2.0,4,0,2,6,6,6
KFNV4C,10000.0,10000.0,10000.0,10000.0,1200.0,10000.0,10000.0,10000.0,10000.0,10000.0,1900.0,10000.0,0.0,0.0,0.0,0.0,0.0,0.0,0,0,0,0,3,0
EJXW04,1100.0,1100.0,542.0,815.0,247.0,69.0,1200.0,1100.0,544.0,1300.0,304.0,588.0,0.0,0.0,3.0,1.0,3.0,3.0,3,1,3,3,3,3
CWZUPB,198.0,10000.0,1200.0,895.0,532.0,317.0,1099.0,10000.0,1200.0,950.0,998.0,546.0,1.0,0.0,0.0,2.0,2.0,2.0,2,0,1,3,3,3
PNQSAG,10000.0,10000.0,1900.0,1900.0,830.0,10000.0,10000.0,10000.0,1900.0,1900.0,1500.0,10000.0,0.0,0.0,0.0,0.0,1.0,0.0,0,0,1,1,3,0
YB9PQD,10000.0,10000.0,1900.0,1900.0,830.0,10000.0,10000.0,10000.0,1900.0,1900.0,1500.0,10000.0,0.0,0.0,0.0,0.0,1.0,0.0,0,0,1,1,3,0
UYFEES,10000.0,10000.0,10000.0,1300.0,197.0,10000.0,10000.0,10000.0,10000.0,1400.0,601.0,10000.0,0.0,0.0,0.0,0.0,2.0,0.0,0,0,0,3,3,0
AC0BHY,1100.0,1100.0,542.0,815.0,247.0,69.0,1200.0,1100.0,544.0,1300.0,304.0,588.0,0.0,0.0,3.0,1.0,3.0,3.0,3,1,3,3,3,3
9T8E9P,660.0,1000.0,780.0,1100.0,460.0,798.0,667.0,1000.0,1000.0,1400.0,465.0,847.0,3.0,1.0,3.0,0.0,3.0,3.0,3,1,3,3,3,3
ACJ6XY,10000.0,10000.0,10000.0,10000.0,1200.0,10000.0,10000.0,10000.0,10000.0,10000.0,1250.0,10000.0,0.0,0.0,0.0,0.0,0.0,0.0,0,0,0,0,2,0
6SKCU8,10000.0,10000.0,10000.0,10000.0,1600.0,10000.0,10000.0,10000.0,10000.0,10000.0,1600.0,10000.0,0.0,0.0,0.0,0.0,0.0,0.0,0,0,0,0,1,0
2MQ0VZ,10000.0,10000.0,167.0,1100.0,325.0,453.0,10000.0,10000.0,738.0,1300.0,342.0,967.0,0.0,0.0,3.0,0.0,3.0,2.0,0,0,3,3,3,3
QABN7U,1200.0,10000.0,397.0,1500.0,241.0,642.0,1400.0,10000.0,756.0,1500.0,881.0,707.0,0.0,0.0,3.0,0.0,3.0,3.0,3,0,3,1,3,3
5HEMP7,10000.0,10000.0,1500.0,1700.0,318.0,1200.0,10000.0,10000.0,1500.0,1850.0,936.0,1700.0,0.0,0.0,0.0,0.0,2.0,0.0,0,0,1,2,3,3
PN1HWG,10000.0,10000.0,10000.0,10000.0,494.0,847.0,10000.0,10000.0,10000.0,10000.0,500.0,874.0,0.0,0.0,0.0,0.0,2.0,2.0,0,0,0,0,3,2
PNZK2G,482.0,498.0,1100.0,732.0,719.0,1400.0,643.0,498.0,1400.0,1016.0,1100.0,1700.0,2.0,1.0,0.0,1.0,1.0,0.0,3,1,3,2,3,3
WP0NDR,327.0,1400.0,627.0,1500.0,96.0,587.0,1200.0,1400.0,898.0,1700.0,237.0,1400.0,1.0,0.0,2.0,0.0,2.0,1.0,3,1,3,2,3,3
5HACE7,1200.0,10000.0,1000.0,10000.0,393.0,993.0,1450.0,10000.0,1200.0,10000.0,788.0,1000.0,0.0,0.0,1.0,0.0,3.0,2.0,2,0,3,0,3,3
85Q5Z3,433.0,10000.0,10000.0,10000.0,10000.0,10000.0,433.0,10000.0,10000.0,10000.0,10000.0,10000.0,1.0,0.0,0.0,0.0,0.0,0.0,1,0,0,0,0,0
2X2GHZ,10000.0,10000.0,10000.0,10000.0,1600.0,10000.0,10000.0,10000.0,10000.0,10000.0,1700.0,10000.0,0.0,0.0,0.0,0.0,0.0,0.0,0,0,0,0,3,0
QKPCJU,287.0,753.0,957.0,1100.0,394.0,1100.0,643.5,838.0,957.0,1100.0,449.0,1100.0,2.0,2.0,1.0,0.0,3.0,0.0,2,2,1,2,3,1
QK042U,10000.0,10000.0,10000.0,10000.0,807.0,525.0,10000.0,10000.0,10000.0,10000.0,832.0,550.5,0.0,0.0,0.0,0.0,2.0,2.0,0,0,0,0,3,2
SBHH85,792.0,10000.0,10000.0,10000.0,185.0,10000.0,947.0,10000.0,10000.0,10000.0,762.0,10000.0,2.0,0.0,0.0,0.0,3.0,0.0,3,0,0,0,3,0
8DS1R3,10000.0,10000.0,10000.0,10000.0,1100.0,1800.0,10000.0,10000.0,10000.0,10000.0,1300.0,1800.0,0.0,0.0,0.0,0.0,0.0,0.0,0,0,0,0,2,1
6YUFK8,917.0,10000.0,10000.0,10000.0,787.0,10000.0,917.0,10000.0,10000.0,10000.0,1300.0,10000.0,1.0,0.0,0.0,0.0,1.0,0.0,1,0,0,0,3,0
8DUES3,10000.0,10000.0,10000.0,10000.0,138.0,10000.0,10000.0,10000.0,10000.0,10000.0,220.0,10000.0,0.0,0.0,0.0,0.0,2.0,0.0,0,0,0,0,3,0
QH62YU,1100.0,1200.0,1000.0,1100.0,738.0,974.0,1250.0,1200.0,1100.0,1550.0,792.0,1100.0,0.0,0.0,1.0,0.0,3.0,1.0,2,1,2,2,3,3
5BQA47,603.0,10000.0,10000.0,286.0,1600.0,711.0,832.0,10000.0,10000.0,627.0,1700.0,1900.0,2.0,0.0,0.0,2.0,0.0,1.0,3,0,0,2,3,3
YFU16D,679.0,1500.0,826.0,688.0,302.0,526.0,937.0,1600.0,1100.0,688.0,362.0,689.0,2.0,0.0,1.0,1.0,3.0,2.0,3,2,3,1,3,3
172NK6,10000.0,10000.0,10000.0,10000.0,1400.0,10000.0,10000.0,10000.0,10000.0,10000.0,1500.0,10000.0,0.0,0.0,0.0,0.0,0.0,0.0,0,0,0,0,3,0
A463PY,1600.0,10000.0,2000.0,10000.0,1200.0,10000.0,1600.0,10000.0,2000.0,10000.0,1200.0,10000.0,0.0,0.0,0.0,0.0,0.0,0.0,1,0,1,0,1,0
3DTE9Q,1800.0,10000.0,10000.0,2000.0,1000.0,10000.0,1800.0,10000.0,10000.0,2000.0,1000.0,10000.0,0.0,0.0,0.0,0.0,2.0,0.0,1,0,0,1,3,0
3D0WVQ,695.0,10000.0,1500.0,1300.0,557.0,350.0,997.5,10000.0,1500.0,1600.0,659.0,575.0,1.0,0.0,0.0,0.0,3.0,3.0,2,0,1,3,3,3
7EZ4GA,546.0,1400.0,703.0,1400.0,330.0,423.0,1100.0,1500.0,1200.0,1600.0,410.0,564.0,1.0,0.0,1.0,0.0,3.0,3.0,3,3,3,3,3,3
3DJ1CQ,1700.0,10000.0,10000.0,999.0,448.0,1300.0,1700.0,10000.0,10000.0,999.0,766.0,1450.0,0.0,0.0,0.0,1.0,2.0,0.0,1,0,0,1,3,2
SCR0U5,10000.0,10000.0,10000.0,10000.0,1400.0,10000.0,10000.0,10000.0,10000.0,10000.0,1500.0,10000.0,0.0,0.0,0.0,0.0,0.0,0.0,0,0,0,0,3,0
G18G12,801.0,10000.0,10000.0,730.0,621.0,1200.0,828.0,10000.0,10000.0,1115.0,735.0,1400.0,2.0,0.0,0.0,1.0,2.0,0.0,3,0,0,2,3,3
SCETB5,807.0,10000.0,10000.0,974.0,979.0,605.0,1303.5,10000.0,10000.0,1287.0,1100.0,618.5,1.0,0.0,0.0,1.0,1.0,2.0,2,0,0,2,3,2
7EFNWA,355.0,442.0,558.0,501.0,188.0,429.0,357.0,548.0,659.0,1300.0,577.0,750.0,3.0,3.0,3.0,1.0,3.0,3.0,3,3,3,3,3,3
9M1QEP,1500.0,10000.0,10000.0,2000.0,594.0,10000.0,1800.0,10000.0,10000.0,2000.0,1000.0,10000.0,0.0,0.0,0.0,0.0,2.0,0.0,3,0,0,1,3,0
G1NGS2,546.0,1400.0,703.0,1400.0,330.0,423.0,1100.0,1500.0,1200.0,1600.0,410.0,564.0,1.0,0.0,1.0,0.0,3.0,3.0,3,3,3,3,3,3
6A3BD8,1100.0,10000.0,10000.0,822.0,398.0,1600.0,1100.0,10000.0,10000.0,1200.0,571.0,1600.0,0.0,0.0,0.0,1.0,3.0,0.0,1,0,0,3,3,1
DFYBPH,10000.0,10000.0,10000.0,10000.0,1400.0,10000.0,10000.0,10000.0,10000.0,10000.0,1450.0,10000.0,0.0,0.0,0.0,0.0,0.0,0.0,0,0,0,0,2,0
4PERVF,1400.0,10000.0,10000.0,10000.0,662.0,1300.0,1400.0,10000.0,10000.0,10000.0,1400.0,1550.0,0.0,0.0,0.0,0.0,1.0,0.0,1,0,0,0,3,2
67XM58,888.0,10000.0,10000.0,10000.0,1100.0,10000.0,888.0,10000.0,10000.0,10000.0,1400.0,10000.0,1.0,0.0,0.0,0.0,0.0,0.0,1,0,0,0,2,0
PMDA5G,10000.0,10000.0,10000.0,10000.0,946.0,10000.0,10000.0,10000.0,10000.0,10000.0,1223.0,10000.0,0.0,0.0,0.0,0.0,1.0,0.0,0,0,0,0,2,0
GVH7U2,109.0,10000.0,423.0,10000.0,411.0,10000.0,149.0,10000.0,1100.0,10000.0,814.0,10000.0,2.0,0.0,1.0,0.0,3.0,0.0,3,0,3,0,3,0
GVYRW2,10000.0,10000.0,10000.0,10000.0,211.0,1700.0,10000.0,10000.0,10000.0,10000.0,492.0,1700.0,0.0,0.0,0.0,0.0,2.0,0.0,0,0,0,0,2,1
67WRV8,10000.0,10000.0,10000.0,10000.0,745.0,10000.0,10000.0,10000.0,10000.0,10000.0,745.0,10000.0,0.0,0.0,0.0,0.0,1.0,0.0,0,0,0,0,1,0
21YT6Z,10000.0,10000.0,1800.0,10000.0,10000.0,10000.0,10000.0,10000.0,1800.0,10000.0,10000.0,10000.0,0.0,0.0,0.0,0.0,0.0,0.0,0,0,1,0,0,0
UHJNKS,737.0,1400.0,632.0,983.0,271.0,1000.0,889.0,1400.0,905.0,1400.0,586.0,1200.0,3.0,0.0,3.0,1.0,3.0,1.0,3,1,3,3,3,3
E92M54,271.0,10000.0,10000.0,10000.0,250.0,10000.0,271.0,10000.0,10000.0,10000.0,751.0,10000.0,2.0,0.0,0.0,0.0,6.0,0.0,2,0,0,0,6,0
7BC76A,512.0,463.0,324.0,193.0,248.0,466.0,1000.0,813.0,768.0,304.0,261.0,848.0,2.0,2.0,3.0,2.0,3.0,3.0,3,3,3,3,3,3
QDYKVU,1600.0,10000.0,1800.0,10000.0,552.0,10000.0,1600.0,10000.0,1800.0,10000.0,588.5,10000.0,0.0,0.0,0.0,0.0,2.0,0.0,1,0,1,0,2,0
E9JXD4,10000.0,10000.0,10000.0,10000.0,367.0,10000.0,10000.0,10000.0,10000.0,10000.0,606.0,10000.0,0.0,0.0,0.0,0.0,2.0,0.0,0,0,0,0,2,0
UDQQWS,10000.0,10000.0,10000.0,10000.0,833.0,10000.0,10000.0,10000.0,10000.0,10000.0,896.0,10000.0,0.0,0.0,0.0,0.0,2.0,0.0,0,0,0,0,3,0
49EEZF,10000.0,10000.0,10000.0,10000.0,316.0,10000.0,10000.0,10000.0,10000.0,10000.0,354.0,10000.0,0.0,0.0,0.0,0.0,2.0,0.0,0,0,0,0,3,0
AB5T7Y,943.0,10000.0,362.0,10000.0,412.0,1400.0,943.0,10000.0,362.0,10000.0,1100.0,1400.0,1.0,0.0,1.0,0.0,1.0,0.0,1,0,1,0,3,1
JZA620,316.0,1200.0,184.0,917.0,279.0,415.0,767.0,1300.0,732.0,986.0,317.0,630.0,3.0,0.0,3.0,3.0,3.0,2.0,3,3,3,3,3,3
GMK3M2,10000.0,10000.0,10000.0,10000.0,434.0,861.0,10000.0,10000.0,10000.0,10000.0,511.0,861.0,0.0,0.0,0.0,0.0,2.0,1.0,0,0,0,0,3,1
5K2W37,10000.0,1600.0,10000.0,10000.0,875.0,10000.0,10000.0,1600.0,10000.0,10000.0,902.0,10000.0,0.0,0.0,0.0,0.0,2.0,0.0,0,1,0,0,3,0
QY9KFU,10000.0,10000.0,1600.0,10000.0,1200.0,10000.0,10000.0,10000.0,1600.0,10000.0,1300.0,10000.0,0.0,0.0,0.0,0.0,0.0,0.0,0,0,1,0,3,0
R2U0YJ,10000.0,10000.0,1300.0,10000.0,900.0,10000.0,10000.0,10000.0,1550.0,10000.0,1100.0,10000.0,0.0,0.0,0.0,0.0,1.0,0.0,0,0,2,0,3,0
AB25VY,10000.0,10000.0,695.0,10000.0,301.0,10000.0,10000.0,10000.0,695.0,10000.0,654.0,10000.0,0.0,0.0,1.0,0.0,2.0,0.0,0,0,1,0,3,0
5KBU17,1200.0,10000.0,10000.0,113.0,134.0,749.0,1500.0,10000.0,10000.0,436.5,525.0,980.0,0.0,0.0,0.0,2.0,3.0,3.0,3,0,0,2,3,3
1S7FF6,10000.0,10000.0,10000.0,10000.0,1400.0,10000.0,10000.0,10000.0,10000.0,10000.0,1500.0,10000.0,0.0,0.0,0.0,0.0,0.0,0.0,0,0,0,0,3,0
E09WX4,1000.0,1300.0,989.0,1200.0,649.0,874.0,1200.0,1300.0,1044.5,1200.0,766.0,1000.0,1.0,0.0,1.0,0.0,3.0,2.0,2,1,2,1,3,3
UDDQXS,417.0,981.0,294.0,1100.0,138.0,392.0,503.0,1200.0,839.0,1100.0,238.0,413.0,2.0,1.0,2.0,0.0,3.0,2.0,3,3,3,1,3,3
877G53,693.0,10000.0,10000.0,10000.0,83.0,10000.0,894.0,10000.0,10000.0,10000.0,811.0,10000.0,2.0,0.0,0.0,0.0,3.0,0.0,3,0,0,0,3,0
JZ2SC0,854.0,1500.0,308.0,1500.0,446.0,596.0,1100.0,1500.0,887.0,1600.0,716.0,1600.0,1.0,0.0,2.0,0.0,2.0,1.0,3,1,3,3,3,3
UY6WJS,992.0,1600.0,472.0,1400.0,1100.0,1800.0,1300.0,1600.0,1900.0,1400.0,1400.0,1900.0,1.0,0.0,1.0,0.0,0.0,0.0,3,1,3,1,3,3
AC86EY,288.0,1600.0,1900.0,1200.0,1200.0,412.0,1200.0,1750.0,1950.0,1600.0,1300.0,435.0,1.0,0.0,0.0,0.0,0.0,2.0,3,2,2,2,3,3
YBM0ZD,1200.0,10000.0,592.0,1100.0,454.0,1300.0,1200.0,10000.0,592.0,1200.0,1027.0,1450.0,0.0,0.0,1.0,0.0,1.0,0.0,1,0,1,3,2,2
YBX3AD,10000.0,10000.0,10000.0,10000.0,745.0,10000.0,10000.0,10000.0,10000.0,10000.0,745.0,10000.0,0.0,0.0,0.0,0.0,1.0,0.0,0,0,0,0,1,0
J27NJ0,1100.0,2000.0,166.0,1200.0,638.0,426.0,1200.0,2000.0,472.0,1450.0,692.0,1300.0,0.0,0.0,2.0,0.0,3.0,1.0,3,1,3,2,3,3
2MD92Z,10000.0,10000.0,10000.0,10000.0,1700.0,10000.0,10000.0,10000.0,10000.0,10000.0,1700.0,10000.0,0.0,0.0,0.0,0.0,0.0,0.0,0,0,0,0,1,0
37JNDQ,1500.0,10000.0,489.0,1300.0,649.0,1100.0,1800.0,10000.0,1100.0,1300.0,691.0,1200.0,0.0,0.0,1.0,0.0,3.0,0.0,3,0,3,1,3,3
EJ6JR4,10000.0,10000.0,10000.0,1300.0,641.0,10000.0,10000.0,10000.0,10000.0,1700.0,757.0,10000.0,0.0,0.0,0.0,0.0,2.0,0.0,0,0,0,3,3,0
J2US60,459.0,10000.0,10000.0,1500.0,1400.0,755.0,779.5,10000.0,10000.0,1500.0,1600.0,763.0,1.0,0.0,0.0,0.0,0.0,2.0,2,0,0,1,3,3
UY0KAS,760.0,10000.0,1700.0,10000.0,698.0,885.0,760.0,10000.0,1700.0,10000.0,700.0,1092.5,1.0,0.0,0.0,0.0,3.0,1.0,1,0,1,0,3,2
1UK1Z6,980.0,485.0,110.0,1400.0,211.0,359.0,1000.0,540.0,544.0,1400.0,253.0,537.0,2.0,3.0,2.0,0.0,3.0,3.0,3,3,3,3,3,3
6SCZA8,288.0,1600.0,1900.0,1200.0,1200.0,412.0,1200.0,1750.0,1950.0,1600.0,1300.0,435.0,1.0,0.0,0.0,0.0,0.0,2.0,3,2,2,2,3,3
QAKNYU,10000.0,10000.0,10000.0,10000.0,860.0,1600.0,10000.0,10000.0,10000.0,10000.0,1000.0,1650.0,0.0,0.0,0.0,0.0,2.0,0.0,0,0,0,0,3,2
J2TGX0,236.0,1500.0,445.0,1400.0,395.0,1000.0,1200.0,1500.0,1200.0,1400.0,649.0,1400.0,1.0,0.0,1.0,0.0,2.0,1.0,3,1,3,1,3,3
WP9EXR,1100.0,1700.0,619.0,1500.0,1200.0,1900.0,1400.0,1700.0,619.0,1500.0,1500.0,1900.0,0.0,0.0,1.0,0.0,0.0,0.0,3,1,1,1,3,2
KF4ASC,10000.0,10000.0,10000.0,10000.0,1700.0,10000.0,10000.0,10000.0,10000.0,10000.0,1700.0,10000.0,0.0,0.0,0.0,0.0,0.0,0.0,0,0,0,0,1,0
JX7GJ0,964.0,398.0,805.0,892.0,161.0,411.0,1100.0,447.0,987.0,972.0,324.0,588.0,1.0,3.0,3.0,2.0,3.0,3.0,3,3,3,3,3,3
SBDTW5,10000.0,10000.0,10000.0,10000.0,2000.0,10000.0,10000.0,10000.0,10000.0,10000.0,2000.0,10000.0,0.0,0.0,0.0,0.0,0.0,0.0,0,0,0,0,1,0
SC8UQ5,227.0,10000.0,10000.0,123.0,1200.0,10000.0,227.0,10000.0,10000.0,123.0,1450.0,10000.0,1.0,0.0,0.0,1.0,0.0,0.0,1,0,0,1,2,0
4GD2DF,10000.0,1400.0,10000.0,10000.0,1200.0,10000.0,10000.0,1400.0,10000.0,10000.0,1200.0,10000.0,0.0,0.0,0.0,0.0,0.0,0.0,0,1,0,0,3,0
8YKQF3,10000.0,10000.0,10000.0,10000.0,1600.0,10000.0,10000.0,10000.0,10000.0,10000.0,1600.0,10000.0,0.0,0.0,0.0,0.0,0.0,0.0,0,0,0,0,1,0
UH6Q7S,10000.0,10000.0,10000.0,10000.0,1000.0,838.0,10000.0,10000.0,10000.0,10000.0,1400.0,1069.0,0.0,0.0,0.0,0.0,1.0,1.0,0,0,0,0,3,2
8ARN13,329.0,10000.0,1400.0,10000.0,932.0,10000.0,329.0,10000.0,1400.0,10000.0,1200.0,10000.0,1.0,0.0,0.0,0.0,1.0,0.0,1,0,1,0,3,0
67WFX8,10000.0,10000.0,10000.0,10000.0,1400.0,1600.0,10000.0,10000.0,10000.0,10000.0,1650.0,1750.0,0.0,0.0,0.0,0.0,0.0,0.0,0,0,0,0,2,2
RZX31J,10000.0,10000.0,10000.0,10000.0,1500.0,10000.0,10000.0,10000.0,10000.0,10000.0,1500.0,10000.0,0.0,0.0,0.0,0.0,0.0,0.0,0,0,0,0,1,0
3YA5VQ,982.0,10000.0,319.0,10000.0,843.0,10000.0,982.0,10000.0,319.0,10000.0,907.0,10000.0,1.0,0.0,1.0,0.0,2.0,0.0,1,0,1,0,3,0
Y4B6PD,10000.0,10000.0,1600.0,10000.0,253.0,75.0,10000.0,10000.0,1600.0,10000.0,1500.0,75.0,0.0,0.0,0.0,0.0,1.0,1.0,0,0,1,0,3,1
3A3DHQ,1800.0,10000.0,10000.0,10000.0,852.0,1800.0,1800.0,10000.0,10000.0,10000.0,942.0,1800.0,0.0,0.0,0.0,0.0,3.0,0.0,1,0,0,0,3,1
9N9X4P,1700.0,10000.0,10000.0,10000.0,829.0,1800.0,1700.0,10000.0,10000.0,10000.0,1000.0,1800.0,0.0,0.0,0.0,0.0,3.0,0.0,1,0,0,0,3,1
YEYEYD,1700.0,10000.0,10000.0,10000.0,837.0,1800.0,1700.0,10000.0,10000.0,10000.0,1000.0,1800.0,0.0,0.0,0.0,0.0,3.0,0.0,1,0,0,0,3,1
QYQY0U,1200.0,10000.0,1600.0,10000.0,1000.0,861.0,1550.0,10000.0,1600.0,10000.0,1200.0,861.0,0.0,0.0,0.0,0.0,1.0,1.0,2,0,1,0,3,1
AB75WY,10000.0,2000.0,10000.0,10000.0,1400.0,10000.0,10000.0,2000.0,10000.0,10000.0,1400.0,10000.0,0.0,0.0,0.0,0.0,0.0,0.0,0,1,0,0,3,0
UD12XS,10000.0,1300.0,10000.0,10000.0,1100.0,10000.0,10000.0,1300.0,10000.0,10000.0,1200.0,10000.0,0.0,0.0,0.0,0.0,0.0,0.0,0,1,0,0,3,0
3AM0PQ,1200.0,10000.0,1700.0,10000.0,904.0,677.0,1600.0,10000.0,1700.0,10000.0,1100.0,677.0,0.0,0.0,0.0,0.0,1.0,1.0,2,0,1,0,3,1
2VRRBZ,10000.0,10000.0,1800.0,10000.0,645.0,10000.0,10000.0,10000.0,1800.0,10000.0,1000.0,10000.0,0.0,0.0,0.0,0.0,2.0,0.0,0,0,1,0,3,0
KWU7FC,128.0,172.0,1100.0,1400.0,340.0,93.0,237.0,1300.0,1100.0,1400.0,569.0,149.0,3.0,1.0,0.0,0.0,3.0,3.0,3,3,3,3,3,3
KWV9SC,1300.0,791.0,869.0,1000.0,541.0,34.0,1400.0,791.0,897.0,1300.0,627.0,65.0,0.0,1.0,2.0,1.0,3.0,2.0,3,1,3,3,3,3
QYSW7U,542.0,1400.0,1000.0,736.0,566.0,1400.0,1100.0,1400.0,1300.0,1600.0,834.0,1600.0,1.0,0.0,1.0,1.0,3.0,0.0,3,1,3,3,3,3
EJA3Z4,695.0,1000.0,540.0,1100.0,136.0,1500.0,1300.0,1000.0,540.0,1100.0,234.0,1500.0,1.0,1.0,1.0,0.0,3.0,0.0,3,1,1,1,3,2
0ZBAX9,695.0,1000.0,540.0,1100.0,136.0,1500.0,1300.0,1000.0,540.0,1100.0,234.0,1500.0,1.0,1.0,1.0,0.0,3.0,0.0,3,1,1,1,3,2
SDTNV5,961.0,331.0,711.0,970.0,83.0,347.0,1100.0,373.0,938.0,1100.0,305.0,622.0,1.0,3.0,3.0,1.0,3.0,3.0,3,3,3,3,3,3
85P0R3,531.0,1300.0,140.0,1600.0,238.0,158.0,1000.0,1300.0,148.0,1600.0,476.0,169.0,2.0,0.0,3.0,0.0,3.0,3.0,3,1,3,1,3,3
PNKA3G,10000.0,10000.0,10000.0,1900.0,938.0,10000.0,10000.0,10000.0,10000.0,1900.0,1400.0,10000.0,0.0,0.0,0.0,0.0,1.0,0.0,0,0,0,1,3,0
6SR3H8,721.0,675.0,616.0,256.0,280.0,269.0,875.0,1100.0,1400.0,593.0,577.0,538.0,3.0,1.0,1.0,3.0,3.0,3.0,3,3,3,3,3,3
ACZAVY,230.0,1800.0,1100.0,400.0,303.0,430.0,496.0,1850.0,1300.0,1600.0,916.0,448.0,3.0,0.0,0.0,1.0,2.0,2.0,3,2,3,3,3,3
QA0FDU,65.0,1800.0,1000.0,537.0,475.0,610.0,349.0,1850.0,1100.0,1500.0,822.0,628.0,3.0,0.0,1.0,1.0,3.0,3.0,3,2,3,3,3,3
GXAQ82,964.0,913.0,751.0,1100.0,380.0,1100.0,1200.0,913.0,751.0,1450.0,512.0,1150.0,1.0,1.0,1.0,0.0,3.0,0.0,3,1,1,2,3,2
8DC6K3,1100.0,1000.0,640.0,259.0,225.0,582.0,1600.0,1000.0,1200.0,1900.0,306.0,639.0,0.0,2.0,1.0,1.0,3.0,3.0,3,3,3,3,3,3
WTMFTR,1100.0,1000.0,640.0,259.0,225.0,582.0,1600.0,1000.0,1200.0,1900.0,306.0,639.0,0.0,2.0,1.0,1.0,3.0,3.0,3,3,3,3,3,3
SBARK5,10000.0,10000.0,10000.0,10000.0,1200.0,1900.0,10000.0,10000.0,10000.0,10000.0,1400.0,1900.0,0.0,0.0,0.0,0.0,0.0,0.0,0,0,0,0,2,1
5B5QD7,256.0,128.0,417.0,428.0,30.0,597.0,404.0,443.0,1100.0,1200.0,200.0,628.0,3.0,3.0,1.0,1.0,3.0,3.0,3,3,3,3,3,3
8YE4T3,10000.0,10000.0,1700.0,10000.0,1300.0,1100.0,10000.0,10000.0,1700.0,10000.0,1300.0,1100.0,0.0,0.0,0.0,0.0,0.0,0.0,0,0,1,0,3,1
QH457U,291.0,10000.0,10000.0,10000.0,332.0,10000.0,590.0,10000.0,10000.0,10000.0,614.0,10000.0,2.0,0.0,0.0,0.0,3.0,0.0,2,0,0,0,3,0
A4B0NY,774.0,737.0,806.0,773.0,777.0,105.0,828.0,1300.0,1500.0,1300.0,951.0,681.0,3.0,1.0,1.0,1.0,3.0,3.0,3,3,3,3,3,3
CJKFRB,10000.0,10000.0,10000.0,10000.0,751.0,10000.0,10000.0,10000.0,10000.0,10000.0,1275.5,10000.0,0.0,0.0,0.0,0.0,1.0,0.0,0,0,0,0,2,0
RZ347J,10000.0,10000.0,10000.0,10000.0,387.0,10000.0,10000.0,10000.0,10000.0,10000.0,1500.0,10000.0,0.0,0.0,0.0,0.0,1.0,0.0,0,0,0,0,3,0
RZNVXJ,10000.0,10000.0,10000.0,10000.0,1700.0,10000.0,10000.0,10000.0,10000.0,10000.0,1700.0,10000.0,0.0,0.0,0.0,0.0,0.0,0.0,0,0,0,0,1,0
0NN3H9,10000.0,10000.0,379.0,1700.0,1200.0,1900.0,10000.0,10000.0,1089.5,1700.0,1300.0,1900.0,0.0,0.0,1.0,0.0,0.0,0.0,0,0,2,1,3,1
Y4BMJD,10000.0,10000.0,10000.0,10000.0,1700.0,10000.0,10000.0,10000.0,10000.0,10000.0,1700.0,10000.0,0.0,0.0,0.0,0.0,0.0,0.0,0,0,0,0,3,0
QYQAJU,1800.0,10000.0,10000.0,10000.0,620.0,397.0,1800.0,10000.0,10000.0,10000.0,1000.0,397.0,0.0,0.0,0.0,0.0,2.0,1.0,1,0,0,0,3,1
2V99BZ,1900.0,10000.0,10000.0,10000.0,454.0,327.0,1900.0,10000.0,10000.0,10000.0,856.0,327.0,0.0,0.0,0.0,0.0,2.0,1.0,1,0,0,0,3,1
ABSQEY,2000.0,10000.0,10000.0,10000.0,470.0,245.0,2000.0,10000.0,10000.0,10000.0,888.0,245.0,0.0,0.0,0.0,0.0,2.0,1.0,2,0,0,0,3,1
2VH13Z,10000.0,10000.0,1800.0,10000.0,1900.0,10000.0,10000.0,10000.0,1800.0,10000.0,1900.0,10000.0,0.0,0.0,0.0,0.0,0.0,0.0,0,0,1,0,1,0
KWMZDC,1300.0,617.0,830.0,389.0,268.0,99.0,1300.0,631.0,891.0,848.0,421.0,99.0,0.0,3.0,2.0,3.0,3.0,1.0,1,3,3,3,3,1
E0X6U4,982.0,10000.0,1300.0,10000.0,1300.0,1100.0,982.0,10000.0,1300.0,10000.0,1300.0,1100.0,1.0,0.0,0.0,0.0,0.0,0.0,1,0,1,0,3,1
3AA6GQ,1100.0,10000.0,10000.0,2000.0,59.0,10000.0,1100.0,10000.0,10000.0,2000.0,62.0,10000.0,0.0,0.0,0.0,0.0,2.0,0.0,1,0,0,1,2,0
RGK1HJ,10000.0,10000.0,957.0,10000.0,569.0,1000.0,10000.0,10000.0,957.0,10000.0,878.0,1000.0,0.0,0.0,1.0,0.0,2.0,1.0,0,0,1,0,3,1
37E1RQ,1600.0,10000.0,10000.0,10000.0,1400.0,10000.0,1600.0,10000.0,10000.0,10000.0,1500.0,10000.0,0.0,0.0,0.0,0.0,0.0,0.0,1,0,0,0,3,0
WTQHER,1300.0,10000.0,10000.0,343.0,228.0,982.0,1300.0,10000.0,10000.0,671.5,653.0,1200.0,0.0,0.0,0.0,2.0,3.0,1.0,3,0,0,2,3,3
8DRFP3,10000.0,10000.0,10000.0,10000.0,936.0,10000.0,10000.0,10000.0,10000.0,10000.0,950.0,10000.0,0.0,0.0,0.0,0.0,3.0,0.0,0,0,0,0,3,0
EG6V84,10000.0,10000.0,10000.0,10000.0,937.0,10000.0,10000.0,10000.0,10000.0,10000.0,950.0,10000.0,0.0,0.0,0.0,0.0,3.0,0.0,0,0,0,0,3,0
YW2FVD,293.0,1100.0,604.0,1300.0,353.0,435.0,1000.0,1600.0,1000.0,1500.0,541.0,446.0,2.0,0.0,2.0,0.0,3.0,3.0,3,3,3,3,3,3
RTR4GJ,836.0,1300.0,625.0,1300.0,465.0,672.0,974.0,1500.0,941.0,1400.0,574.0,734.0,3.0,0.0,3.0,0.0,3.0,3.0,3,3,3,3,3,3
DWD6YH,1200.0,10000.0,10000.0,418.0,448.0,1800.0,1200.0,10000.0,10000.0,1500.0,500.0,1800.0,0.0,0.0,0.0,1.0,2.0,0.0,1,0,0,3,3,1
QHC41U,238.0,1600.0,1100.0,464.0,498.0,681.0,277.0,1600.0,1300.0,1300.0,596.0,697.0,3.0,0.0,0.0,1.0,2.0,3.0,3,3,3,3,3,3
YFH3XD,1800.0,10000.0,10000.0,10000.0,1500.0,10000.0,1800.0,10000.0,10000.0,10000.0,1500.0,10000.0,0.0,0.0,0.0,0.0,0.0,0.0,1,0,0,0,1,0
SH2X35,10000.0,10000.0,10000.0,10000.0,678.0,1400.0,10000.0,10000.0,10000.0,10000.0,897.0,1400.0,0.0,0.0,0.0,0.0,2.0,0.0,0,0,0,0,3,1
EJPEG4,1300.0,10000.0,10000.0,228.0,115.0,837.0,1300.0,10000.0,10000.0,612.0,762.0,1100.0,0.0,0.0,0.0,2.0,3.0,1.0,3,0,0,2,3,3
9TN4XP,1100.0,10000.0,10000.0,10000.0,10000.0,10000.0,1100.0,10000.0,10000.0,10000.0,10000.0,10000.0,0.0,0.0,0.0,0.0,0.0,0.0,2,0,0,0,0,0
DRC0NH,902.0,10000.0,10000.0,635.0,524.0,1200.0,929.0,10000.0,10000.0,1017.5,697.0,1400.0,2.0,0.0,0.0,1.0,2.0,0.0,3,0,0,2,3,3
QHZ5YU,10000.0,1400.0,10000.0,459.0,73.0,10000.0,10000.0,1700.0,10000.0,554.5,1000.0,10000.0,0.0,0.0,0.0,2.0,2.0,0.0,0,3,0,2,3,0
3AXX1Q,10000.0,10000.0,10000.0,10000.0,171.0,864.0,10000.0,10000.0,10000.0,10000.0,258.0,864.0,0.0,0.0,0.0,0.0,2.0,1.0,0,0,0,0,3,1
AFJ18Y,10000.0,10000.0,761.0,10000.0,432.0,10000.0,10000.0,10000.0,761.0,10000.0,571.0,10000.0,0.0,0.0,1.0,0.0,2.0,0.0,0,0,1,0,3,0
0XU3Q9,1800.0,10000.0,10000.0,10000.0,1800.0,10000.0,1800.0,10000.0,10000.0,10000.0,1800.0,10000.0,0.0,0.0,0.0,0.0,0.0,0.0,1,0,0,0,1,0
4G6H5F,10000.0,924.0,10000.0,10000.0,1000.0,10000.0,10000.0,924.0,10000.0,10000.0,1450.0,10000.0,0.0,1.0,0.0,0.0,1.0,0.0,0,1,0,0,2,0
A42QMY,10000.0,924.0,10000.0,10000.0,1000.0,10000.0,10000.0,924.0,10000.0,10000.0,1450.0,10000.0,0.0,1.0,0.0,0.0,1.0,0.0,0,1,0,0,2,0
26ASCZ,10000.0,1200.0,1200.0,10000.0,1100.0,10000.0,10000.0,1300.0,1200.0,10000.0,1300.0,10000.0,0.0,0.0,0.0,0.0,0.0,0.0,0,3,1,0,3,0
1A5DB6,1600.0,1300.0,10000.0,10000.0,1900.0,10000.0,1600.0,2000.0,10000.0,10000.0,1900.0,10000.0,0.0,0.0,0.0,0.0,0.0,0.0,1,3,0,0,1,0
A4G8VY,10000.0,10000.0,10000.0,10000.0,10000.0,1400.0,10000.0,10000.0,10000.0,10000.0,10000.0,1400.0,0.0,0.0,0.0,0.0,0.0,0.0,0,0,0,0,0,1
SC0J85,10000.0,10000.0,10000.0,980.0,10000.0,10000.0,10000.0,10000.0,10000.0,980.0,10000.0,10000.0,0.0,0.0,0.0,1.0,0.0,0.0,0,0,0,1,0,0
YF2GUD,10000.0,116.0,1000.0,1200.0,612.0,10000.0,10000.0,310.0,1000.0,1400.0,713.0,10000.0,0.0,3.0,1.0,0.0,3.0,0.0,0,3,1,3,3,0
RGMPFJ,10000.0,10000.0,10000.0,1200.0,427.0,10000.0,10000.0,10000.0,10000.0,1500.0,1100.0,10000.0,0.0,0.0,0.0,0.0,1.0,0.0,0,0,0,2,3,0
SC9B25,10000.0,1000.0,438.0,442.0,324.0,10000.0,10000.0,1500.0,438.0,619.0,358.0,10000.0,0.0,1.0,1.0,2.0,2.0,0.0,0,3,1,3,2,0
UK0DTS,10000.0,586.0,1400.0,10000.0,764.0,992.0,10000.0,643.0,1400.0,10000.0,764.0,992.0,0.0,3.0,0.0,0.0,1.0,1.0,0,3,1,0,1,1
8YFC93,1700.0,10000.0,10000.0,1000.0,1700.0,10000.0,1750.0,10000.0,10000.0,1400.0,1700.0,10000.0,0.0,0.0,0.0,1.0,0.0,0.0,2,0,0,3,1,0
GV4HQ2,10000.0,10000.0,1800.0,1800.0,1600.0,10000.0,10000.0,10000.0,1800.0,1800.0,1600.0,10000.0,0.0,0.0,0.0,0.0,0.0,0.0,0,0,1,1,1,0
AKTMWY,10000.0,10000.0,10000.0,846.0,764.0,10000.0,10000.0,10000.0,10000.0,1373.0,799.0,10000.0,0.0,0.0,0.0,1.0,2.0,0.0,0,0,0,2,3,0
ABDSKY,1300.0,1900.0,10000.0,1600.0,510.0,1900.0,1600.0,1900.0,10000.0,1700.0,1100.0,1900.0,0.0,0.0,0.0,0.0,1.0,0.0,2,1,0,3,3,1
QARS6U,10000.0,657.0,10000.0,10000.0,10000.0,10000.0,10000.0,670.0,10000.0,10000.0,10000.0,10000.0,0.0,3.0,0.0,0.0,0.0,0.0,0,3,0,0,0,0
UAUFBS,10000.0,10000.0,10000.0,10000.0,1900.0,10000.0,10000.0,10000.0,10000.0,10000.0,1900.0,10000.0,0.0,0.0,0.0,0.0,0.0,0.0,0,0,0,0,3,0
5BPES7,1500.0,472.0,898.0,10000.0,955.0,10000.0,1500.0,1100.0,898.0,10000.0,1500.0,10000.0,0.0,1.0,1.0,0.0,1.0,0.0,1,3,1,0,3,0
GM1PV2,2000.0,10000.0,10000.0,10000.0,1800.0,10000.0,2000.0,10000.0,10000.0,10000.0,1850.0,10000.0,0.0,0.0,0.0,0.0,0.0,0.0,1,0,0,0,2,0
WGPW1R,1700.0,1900.0,1300.0,1500.0,893.0,566.0,1700.0,1900.0,1300.0,1650.0,948.0,1233.0,0.0,0.0,0.0,0.0,2.0,1.0,1,1,1,2,3,2
1SU136,290.0,10000.0,1300.0,699.0,273.0,795.0,528.0,10000.0,1650.0,899.5,354.0,1100.0,2.0,0.0,0.0,1.0,3.0,1.0,3,0,2,2,3,3
QARVSU,10000.0,496.0,10000.0,376.0,265.0,10000.0,10000.0,1700.0,10000.0,376.0,265.0,10000.0,0.0,1.0,0.0,1.0,1.0,0.0,0,3,0,1,1,0
J2M7Y0,10000.0,10000.0,1300.0,10000.0,1400.0,10000.0,10000.0,10000.0,1300.0,10000.0,1400.0,10000.0,0.0,0.0,0.0,0.0,0.0,0.0,0,0,1,0,3,0
6S7DV8,1500.0,1500.0,10000.0,10000.0,268.0,1300.0,1750.0,1650.0,10000.0,10000.0,536.0,1300.0,0.0,0.0,0.0,0.0,3.0,0.0,2,2,0,0,3,1
37857Q,833.0,2000.0,10000.0,1700.0,1200.0,10000.0,1000.0,2000.0,10000.0,1700.0,1200.0,10000.0,2.0,0.0,0.0,0.0,0.0,0.0,3,1,0,1,3,0
1U9E16,1200.0,1400.0,10000.0,1200.0,34.0,1400.0,1350.0,1600.0,10000.0,1200.0,812.0,1650.0,0.0,0.0,0.0,0.0,2.0,0.0,2,2,0,3,3,2
7KDN4A,1500.0,1400.0,10000.0,10000.0,10000.0,10000.0,1500.0,1400.0,10000.0,10000.0,10000.0,10000.0,0.0,0.0,0.0,0.0,0.0,0.0,1,1,0,0,0,0
DWQ7PH,1900.0,10000.0,1500.0,10000.0,529.0,10000.0,1900.0,10000.0,1700.0,10000.0,903.0,10000.0,0.0,0.0,0.0,0.0,2.0,0.0,1,0,2,0,3,0
SD6KH5,633.0,1600.0,1200.0,804.0,584.0,1600.0,743.0,1700.0,1500.0,1200.0,613.0,1750.0,3.0,0.0,0.0,1.0,3.0,0.0,3,2,3,3,3,2
5HRKQ7,1200.0,1400.0,849.0,547.0,1100.0,1400.0,1200.0,1400.0,849.0,672.0,1100.0,1400.0,0.0,0.0,1.0,2.0,0.0,0.0,1,2,1,2,3,3
W9EQPR,10000.0,1100.0,10000.0,1700.0,1600.0,10000.0,10000.0,1500.0,10000.0,1700.0,1700.0,10000.0,0.0,0.0,0.0,0.0,0.0,0.0,0,3,0,1,2,0
Q7HVKU,1600.0,424.0,898.0,1700.0,437.0,261.0,1800.0,526.0,898.0,1700.0,855.0,862.0,0.0,3.0,1.0,0.0,3.0,3.0,2,3,1,3,3,3
65SUN8,10000.0,650.0,10000.0,10000.0,934.0,10000.0,10000.0,1325.0,10000.0,10000.0,1317.0,10000.0,0.0,1.0,0.0,0.0,1.0,0.0,0,2,0,0,2,0
9T3R2P,795.0,845.0,1900.0,999.0,252.0,828.0,1800.0,1100.0,1900.0,1100.0,914.0,1100.0,1.0,1.0,0.0,1.0,3.0,1.0,3,3,1,3,3,3
0Z8NX9,1200.0,1400.0,849.0,547.0,1100.0,1400.0,1200.0,1400.0,849.0,672.0,1100.0,1400.0,0.0,0.0,1.0,2.0,0.0,0.0,1,2,1,2,3,3
6SCSJ8,10000.0,10000.0,272.0,10000.0,262.0,10000.0,10000.0,10000.0,272.0,10000.0,740.0,10000.0,0.0,0.0,1.0,0.0,2.0,0.0,0,0,1,0,3,0
K4APTC,10000.0,761.0,10000.0,10000.0,1600.0,10000.0,10000.0,893.0,10000.0,10000.0,1750.0,10000.0,0.0,2.0,0.0,0.0,0.0,0.0,0,3,0,0,2,0
YCESGD,10000.0,1300.0,1400.0,601.0,1400.0,10000.0,10000.0,1400.0,1550.0,601.0,1500.0,10000.0,0.0,0.0,0.0,1.0,0.0,0.0,0,3,2,1,3,0
UA5GRS,10000.0,1500.0,10000.0,624.0,311.0,10000.0,10000.0,1500.0,10000.0,1100.0,329.0,10000.0,0.0,0.0,0.0,1.0,3.0,0.0,0,1,0,3,3,0
9M5X8P,10000.0,1100.0,10000.0,10000.0,1100.0,10000.0,10000.0,1100.0,10000.0,10000.0,1400.0,10000.0,0.0,0.0,0.0,0.0,0.0,0.0,0,1,0,0,2,0
QDA3DU,1800.0,1200.0,1100.0,507.0,1800.0,1700.0,1800.0,1400.0,1100.0,1103.5,1900.0,1850.0,0.0,0.0,0.0,1.0,0.0,0.0,1,3,1,2,3,2
1S7MM6,1100.0,10000.0,321.0,10000.0,376.0,10000.0,1150.0,10000.0,321.0,10000.0,452.0,10000.0,0.0,0.0,1.0,0.0,3.0,0.0,2,0,1,0,3,0
ACWNZY,1300.0,10000.0,10000.0,10000.0,10000.0,10000.0,1300.0,10000.0,10000.0,10000.0,10000.0,10000.0,0.0,0.0,0.0,0.0,0.0,0.0,1,0,0,0,0,0
AK864Y,10000.0,10000.0,10000.0,1200.0,418.0,10000.0,10000.0,10000.0,10000.0,1450.0,1100.0,10000.0,0.0,0.0,0.0,0.0,1.0,0.0,0,0,0,2,3,0
2XMD2Z,871.0,1400.0,10000.0,10000.0,1600.0,10000.0,871.0,1700.0,10000.0,10000.0,1600.0,10000.0,1.0,0.0,0.0,0.0,0.0,0.0,1,3,0,0,1,0
490ZVF,10000.0,10000.0,10000.0,10000.0,1300.0,10000.0,10000.0,10000.0,10000.0,10000.0,1300.0,10000.0,0.0,0.0,0.0,0.0,0.0,0.0,0,0,0,0,1,0
UY71YS,637.0,10000.0,1000.0,376.0,1100.0,941.0,1118.5,10000.0,1000.0,434.0,1300.0,941.0,1.0,0.0,1.0,3.0,0.0,1.0,2,0,1,3,3,1
5HUPX7,1900.0,665.0,1300.0,10000.0,289.0,10000.0,1900.0,801.0,1300.0,10000.0,1500.0,10000.0,0.0,2.0,0.0,0.0,1.0,0.0,1,3,1,0,3,0
CWVH2B,513.0,1000.0,1700.0,10000.0,1200.0,10000.0,513.0,1800.0,1700.0,10000.0,1200.0,10000.0,1.0,1.0,0.0,0.0,0.0,0.0,1,3,1,0,1,0
85BAE3,1200.0,1400.0,849.0,547.0,1100.0,1400.0,1200.0,1400.0,849.0,672.0,1100.0,1400.0,0.0,0.0,1.0,2.0,0.0,0.0,1,2,1,2,3,3
CWP8PB,10000.0,1400.0,10000.0,470.0,458.0,10000.0,10000.0,1400.0,10000.0,1000.0,487.0,10000.0,0.0,0.0,0.0,2.0,3.0,0.0,0,1,0,3,3,0
7KB19A,10000.0,948.0,10000.0,10000.0,10000.0,10000.0,10000.0,954.0,10000.0,10000.0,10000.0,10000.0,0.0,3.0,0.0,0.0,0.0,0.0,0,3,0,0,0,0
6S43B8,10000.0,601.0,10000.0,10000.0,10000.0,10000.0,10000.0,616.0,10000.0,10000.0,10000.0,10000.0,0.0,3.0,0.0,0.0,0.0,0.0,0,3,0,0,0,0
RGGVVJ,1500.0,587.0,442.0,776.0,427.0,538.0,1600.0,755.0,442.0,1500.0,595.0,556.0,0.0,2.0,1.0,1.0,3.0,3.0,2,3,1,3,3,3
6UDRQ8,10000.0,561.0,1100.0,627.0,399.0,1000.0,10000.0,715.0,1100.0,1213.5,526.0,1300.0,0.0,3.0,0.0,1.0,3.0,1.0,0,3,1,2,3,3
85RX63,1900.0,629.0,10000.0,10000.0,588.0,10000.0,1900.0,1700.0,10000.0,10000.0,588.0,10000.0,0.0,1.0,0.0,0.0,1.0,0.0,1,3,0,0,1,0
QA0N6U,10000.0,1500.0,10000.0,709.0,224.0,10000.0,10000.0,1500.0,10000.0,1200.0,259.0,10000.0,0.0,0.0,0.0,1.0,2.0,0.0,0,1,0,3,3,0
2M72VZ,10000.0,458.0,10000.0,10000.0,378.0,10000.0,10000.0,495.0,10000.0,10000.0,889.0,10000.0,0.0,3.0,0.0,0.0,1.0,0.0,0,3,0,0,2,0
ACPA8Y,10000.0,601.0,10000.0,10000.0,10000.0,10000.0,10000.0,616.0,10000.0,10000.0,10000.0,10000.0,0.0,3.0,0.0,0.0,0.0,0.0,0,3,0,0,0,0
37C5GQ,10000.0,194.0,10000.0,10000.0,1400.0,1200.0,10000.0,226.0,10000.0,10000.0,1600.0,1250.0,0.0,3.0,0.0,0.0,0.0,0.0,0,3,0,0,3,2
7KEC3A,989.0,1600.0,1500.0,10000.0,1600.0,10000.0,989.0,1600.0,1500.0,10000.0,1600.0,10000.0,1.0,0.0,0.0,0.0,0.0,0.0,1,1,1,0,1,0
SY72B5,10000.0,1500.0,10000.0,712.0,221.0,10000.0,10000.0,1500.0,10000.0,1200.0,256.0,10000.0,0.0,0.0,0.0,1.0,2.0,0.0,0,1,0,3,3,0
EP1W04,10000.0,10000.0,10000.0,10000.0,1600.0,10000.0,10000.0,10000.0,10000.0,10000.0,1600.0,10000.0,0.0,0.0,0.0,0.0,0.0,0.0,0,0,0,0,1,0
QHR36U,1300.0,10000.0,932.0,10000.0,281.0,1200.0,1350.0,10000.0,932.0,10000.0,380.0,1200.0,0.0,0.0,1.0,0.0,3.0,0.0,2,0,1,0,3,1
UK4ZMS,1900.0,10000.0,10000.0,10000.0,1700.0,10000.0,1900.0,10000.0,10000.0,10000.0,1700.0,10000.0,0.0,0.0,0.0,0.0,0.0,0.0,1,0,0,0,1,0
1UF2B6,981.0,1400.0,10000.0,10000.0,1400.0,10000.0,981.0,1600.0,10000.0,10000.0,1400.0,10000.0,1.0,0.0,0.0,0.0,0.0,0.0,1,3,0,0,1,0
K4PF5C,10000.0,1300.0,10000.0,1200.0,840.0,1400.0,10000.0,1300.0,10000.0,1600.0,912.0,1400.0,0.0,0.0,0.0,0.0,2.0,0.0,0,3,0,2,3,2
RP236J,10000.0,10000.0,10000.0,1200.0,431.0,10000.0,10000.0,10000.0,10000.0,1450.0,1100.0,10000.0,0.0,0.0,0.0,0.0,1.0,0.0,0,0,0,2,3,0
9MS1SP,10000.0,10000.0,10000.0,10000.0,961.0,10000.0,10000.0,10000.0,10000.0,10000.0,1600.0,10000.0,0.0,0.0,0.0,0.0,1.0,0.0,0,0,0,0,3,0
SDJSF5,10000.0,452.0,10000.0,10000.0,10000.0,10000.0,10000.0,463.0,10000.0,10000.0,10000.0,10000.0,0.0,3.0,0.0,0.0,0.0,0.0,0,3,0,0,0,0
85AD23,1600.0,345.0,726.0,1500.0,447.0,49.0,1600.0,601.0,726.0,1600.0,643.0,719.0,0.0,3.0,1.0,0.0,3.0,3.0,1,3,1,3,3,3
6Y47V8,452.0,1900.0,1100.0,755.0,415.0,10000.0,753.0,1900.0,1500.0,997.0,824.0,10000.0,3.0,0.0,0.0,3.0,2.0,0.0,3,1,3,3,3,0
5BPTF7,10000.0,10000.0,10000.0,10000.0,1400.0,10000.0,10000.0,10000.0,10000.0,10000.0,1400.0,10000.0,0.0,0.0,0.0,0.0,0.0,0.0,0,0,0,0,2,0
7BP0UA,10000.0,10000.0,10000.0,10000.0,1900.0,10000.0,10000.0,10000.0,10000.0,10000.0,1900.0,10000.0,0.0,0.0,0.0,0.0,0.0,0.0,0,0,0,0,1,0
37YKSQ,10000.0,10000.0,10000.0,1700.0,1800.0,10000.0,10000.0,10000.0,10000.0,1700.0,1800.0,10000.0,0.0,0.0,0.0,0.0,0.0,0.0,0,0,0,1,3,0
CF9RAB,1300.0,510.0,408.0,552.0,560.0,325.0,1600.0,527.0,408.0,1300.0,618.0,342.0,0.0,2.0,1.0,1.0,3.0,3.0,3,3,1,3,3,3
PTM8YG,10000.0,10000.0,10000.0,10000.0,410.0,10000.0,10000.0,10000.0,10000.0,10000.0,680.0,10000.0,0.0,0.0,0.0,0.0,2.0,0.0,0,0,0,0,3,0
AKAFGY,1300.0,1300.0,1600.0,876.0,1300.0,10000.0,1500.0,1300.0,1600.0,1100.0,1300.0,10000.0,0.0,0.0,0.0,1.0,0.0,0.0,3,1,1,3,3,0
RGWPXJ,1100.0,1800.0,1100.0,10000.0,602.0,10000.0,1300.0,1800.0,1300.0,10000.0,603.0,10000.0,0.0,0.0,0.0,0.0,3.0,0.0,3,1,3,0,3,0
37MBRQ,10000.0,1900.0,10000.0,10000.0,10000.0,10000.0,10000.0,1900.0,10000.0,10000.0,10000.0,10000.0,0.0,0.0,0.0,0.0,0.0,0.0,0,1,0,0,0,0
37JAPQ,180.0,93.0,10000.0,110.0,423.0,107.0,180.0,966.0,10000.0,347.0,641.0,982.0,1.0,2.0,0.0,3.0,2.0,2.0,1,3,0,3,3,3
ACE4FY,10000.0,1400.0,1500.0,878.0,914.0,1600.0,10000.0,1500.0,1500.0,1300.0,1100.0,1700.0,0.0,0.0,0.0,1.0,1.0,0.0,0,3,1,3,3,3
DEKUAH,412.0,755.0,399.0,10000.0,350.0,10000.0,412.0,755.0,999.5,10000.0,466.0,10000.0,1.0,1.0,1.0,0.0,3.0,0.0,1,1,2,0,3,0
AKMS2Y,892.0,1300.0,1000.0,818.0,298.0,1100.0,996.0,1700.0,1100.0,1100.0,676.0,1200.0,1.0,0.0,1.0,1.0,3.0,0.0,2,3,3,3,3,3
Q7HXVU,10000.0,1700.0,10000.0,10000.0,1600.0,10000.0,10000.0,1700.0,10000.0,10000.0,1600.0,10000.0,0.0,0.0,0.0,0.0,0.0,0.0,0,1,0,0,1,0
4R49XF,1500.0,10000.0,240.0,98.0,54.0,10000.0,1500.0,10000.0,1700.0,934.0,311.0,10000.0,0.0,0.0,1.0,2.0,3.0,0.0,1,0,3,3,3,0
G179G2,1200.0,10000.0,1300.0,651.0,898.0,10000.0,1300.0,10000.0,1350.0,1500.0,1200.0,10000.0,0.0,0.0,0.0,1.0,1.0,0.0,2,0,2,3,3,0
EPV1Q4,1500.0,10000.0,1200.0,1300.0,672.0,10000.0,1500.0,10000.0,1500.0,1300.0,1500.0,10000.0,0.0,0.0,0.0,0.0,1.0,0.0,1,0,3,1,3,0
PNM1AG,1100.0,1300.0,10000.0,10000.0,1300.0,10000.0,1100.0,1500.0,10000.0,10000.0,1300.0,10000.0,0.0,0.0,0.0,0.0,0.0,0.0,1,3,0,0,1,0
K4K00C,706.0,504.0,532.0,987.0,670.0,258.0,1100.0,1152.0,924.0,995.0,747.0,428.0,1.0,1.0,2.0,2.0,3.0,2.0,3,2,3,3,3,2
353A7Q,10000.0,121.0,403.0,10000.0,731.0,10000.0,10000.0,512.0,658.5,10000.0,755.0,10000.0,0.0,3.0,2.0,0.0,3.0,0.0,0,3,2,0,3,0
7HXQUA,1200.0,1100.0,1400.0,10000.0,819.0,1600.0,1550.0,1100.0,1900.0,10000.0,888.0,1600.0,0.0,0.0,0.0,0.0,3.0,0.0,2,3,3,0,3,2
E9BAN4,1100.0,1800.0,1100.0,10000.0,602.0,10000.0,1300.0,1800.0,1300.0,10000.0,603.0,10000.0,0.0,0.0,0.0,0.0,3.0,0.0,3,1,3,0,3,0
YEM0TD,10000.0,792.0,10000.0,10000.0,173.0,851.0,10000.0,792.0,10000.0,10000.0,173.0,866.5,0.0,1.0,0.0,0.0,1.0,2.0,0,1,0,0,1,2
CFCA5B,10000.0,10000.0,1300.0,2000.0,1300.0,10000.0,10000.0,10000.0,1400.0,2000.0,1500.0,10000.0,0.0,0.0,0.0,0.0,0.0,0.0,0,0,3,1,3,0
UA6E4S,616.0,523.0,1300.0,1000.0,463.0,1000.0,860.0,524.0,1600.0,1350.0,670.0,1100.0,2.0,3.0,0.0,1.0,3.0,1.0,3,3,3,2,3,3
PZ99UG,10000.0,10000.0,10000.0,10000.0,1200.0,10000.0,10000.0,10000.0,10000.0,10000.0,1300.0,10000.0,0.0,0.0,0.0,0.0,0.0,0.0,0,0,0,0,3,0
428S6F,10000.0,10000.0,962.0,10000.0,294.0,10000.0,10000.0,10000.0,1281.0,10000.0,340.0,10000.0,0.0,0.0,1.0,0.0,2.0,0.0,0,0,2,0,3,0
WPYT0R,10000.0,259.0,10000.0,10000.0,10000.0,10000.0,10000.0,261.0,10000.0,10000.0,10000.0,10000.0,0.0,3.0,0.0,0.0,0.0,0.0,0,3,0,0,0,0
UYHH3S,1100.0,10000.0,130.0,10000.0,272.0,10000.0,1100.0,10000.0,130.0,10000.0,394.0,10000.0,0.0,0.0,1.0,0.0,3.0,0.0,1,0,1,0,3,0
QAS1JU,1800.0,10000.0,1800.0,10000.0,1700.0,1500.0,1800.0,10000.0,1800.0,10000.0,1800.0,1500.0,0.0,0.0,0.0,0.0,0.0,0.0,1,0,1,0,2,3
7HU2WA,10000.0,442.0,874.0,313.0,1500.0,10000.0,10000.0,490.0,874.0,313.0,1500.0,10000.0,0.0,2.0,1.0,1.0,0.0,0.0,0,3,1,1,1,0
UK0YAS,1100.0,10000.0,683.0,10000.0,375.0,1800.0,1100.0,10000.0,1141.5,10000.0,612.0,1800.0,0.0,0.0,1.0,0.0,2.0,0.0,1,0,2,0,3,1
1743N6,1800.0,10000.0,737.0,10000.0,380.0,724.0,1800.0,10000.0,1400.0,10000.0,576.0,724.0,0.0,0.0,1.0,0.0,3.0,1.0,1,0,3,0,3,1
WZ8UYR,1300.0,660.0,1900.0,1100.0,384.0,10000.0,1600.0,764.0,1900.0,1400.0,558.0,10000.0,0.0,3.0,0.0,0.0,3.0,0.0,3,3,1,2,3,0
7KV49A,10000.0,259.0,10000.0,10000.0,10000.0,10000.0,10000.0,261.0,10000.0,10000.0,10000.0,10000.0,0.0,3.0,0.0,0.0,0.0,0.0,0,3,0,0,0,0
402XXF,1600.0,43.0,307.0,1400.0,337.0,1400.0,1600.0,43.0,606.5,1400.0,344.0,1400.0,0.0,1.0,2.0,0.0,3.0,0.0,1,1,2,1,3,1
9TXMYP,10000.0,253.0,10000.0,10000.0,10000.0,10000.0,10000.0,330.0,10000.0,10000.0,10000.0,10000.0,0.0,3.0,0.0,0.0,0.0,0.0,0,3,0,0,0,0
UD692S,352.0,1900.0,513.0,1900.0,314.0,619.0,591.0,1900.0,513.0,1900.0,680.0,801.0,2.0,0.0,1.0,0.0,2.0,3.0,3,1,1,1,3,3
9T88AP,1500.0,145.0,783.0,1700.0,680.0,122.0,1700.0,273.0,783.0,1700.0,1100.0,373.0,0.0,3.0,1.0,0.0,1.0,3.0,2,3,1,1,3,3
EJFKT4,10000.0,10000.0,10000.0,10000.0,1300.0,1200.0,10000.0,10000.0,10000.0,10000.0,1300.0,1200.0,0.0,0.0,0.0,0.0,0.0,0.0,0,0,0,0,1,1
AKMANY,10000.0,10000.0,921.0,10000.0,1100.0,10000.0,10000.0,10000.0,921.0,10000.0,1100.0,10000.0,0.0,0.0,1.0,0.0,0.0,0.0,0,0,1,0,3,0
QKWGGU,326.0,10000.0,996.0,10000.0,287.0,1000.0,365.0,10000.0,1300.0,10000.0,403.0,1000.0,3.0,0.0,1.0,0.0,3.0,1.0,3,0,3,0,3,1
2VSP1Z,1300.0,10000.0,10000.0,10000.0,1300.0,10000.0,1300.0,10000.0,10000.0,10000.0,1300.0,10000.0,0.0,0.0,0.0,0.0,0.0,0.0,1,0,0,0,3,0
ACHX8Y,10000.0,463.0,10000.0,1600.0,555.0,10000.0,10000.0,850.0,10000.0,1750.0,777.0,10000.0,0.0,2.0,0.0,0.0,3.0,0.0,0,3,0,2,3,0
02F149,1100.0,1900.0,1800.0,10000.0,1900.0,10000.0,1100.0,1900.0,1800.0,10000.0,1900.0,10000.0,0.0,0.0,0.0,0.0,0.0,0.0,1,1,1,0,1,0
6UJTY8,2000.0,10000.0,1500.0,10000.0,373.0,10000.0,2000.0,10000.0,1500.0,10000.0,450.0,10000.0,0.0,0.0,0.0,0.0,3.0,0.0,1,0,1,0,3,0
8S0EB3,1100.0,1600.0,1100.0,1200.0,514.0,10000.0,1100.0,1600.0,1200.0,1550.0,1200.0,10000.0,0.0,0.0,0.0,0.0,1.0,0.0,1,1,2,2,3,0
QYAXEU,10000.0,10000.0,10000.0,10000.0,65.0,10000.0,10000.0,10000.0,10000.0,10000.0,147.0,10000.0,0.0,0.0,0.0,0.0,3.0,0.0,0,0,0,0,3,0
DBEXXH,629.0,950.0,1500.0,10000.0,614.0,10000.0,629.0,1375.0,1500.0,10000.0,1800.0,10000.0,1.0,1.0,0.0,0.0,1.0,0.0,1,2,1,0,3,0
C9EFWB,949.0,1800.0,560.0,10000.0,344.0,10000.0,1300.0,1800.0,1300.0,10000.0,806.0,10000.0,1.0,0.0,1.0,0.0,3.0,0.0,3,1,3,0,3,0
7EP5FA,10000.0,10000.0,10000.0,10000.0,1500.0,10000.0,10000.0,10000.0,10000.0,10000.0,1500.0,10000.0,0.0,0.0,0.0,0.0,0.0,0.0,0,0,0,0,1,0
6A4HZ8,10000.0,1900.0,10000.0,10000.0,10000.0,10000.0,10000.0,1900.0,10000.0,10000.0,10000.0,10000.0,0.0,0.0,0.0,0.0,0.0,0.0,0,1,0,0,0,0
UHQ7PS,353.0,10000.0,429.0,10000.0,182.0,10000.0,353.0,10000.0,429.0,10000.0,224.0,10000.0,1.0,0.0,1.0,0.0,3.0,0.0,1,0,1,0,3,0
PXU3SG,865.0,10000.0,276.0,10000.0,639.0,355.0,1000.0,10000.0,680.0,10000.0,655.0,827.5,2.0,0.0,3.0,0.0,3.0,1.0,3,0,3,0,3,2
1UR2K6,10000.0,10000.0,1600.0,10000.0,677.0,10000.0,10000.0,10000.0,1600.0,10000.0,1100.0,10000.0,0.0,0.0,0.0,0.0,1.0,0.0,0,0,1,0,3,0
5HZ147,10000.0,10000.0,1600.0,10000.0,673.0,10000.0,10000.0,10000.0,1600.0,10000.0,1100.0,10000.0,0.0,0.0,0.0,0.0,1.0,0.0,0,0,1,0,3,0
ERZWP4,10000.0,10000.0,10000.0,10000.0,578.0,10000.0,10000.0,10000.0,10000.0,10000.0,1039.0,10000.0,0.0,0.0,0.0,0.0,1.0,0.0,0,0,0,0,2,0
ACN8GY,10000.0,10000.0,1600.0,10000.0,669.0,10000.0,10000.0,10000.0,1600.0,10000.0,1100.0,10000.0,0.0,0.0,0.0,0.0,1.0,0.0,0,0,1,0,3,0
6SJZY8,10000.0,10000.0,1600.0,10000.0,663.0,10000.0,10000.0,10000.0,1600.0,10000.0,1100.0,10000.0,0.0,0.0,0.0,0.0,1.0,0.0,0,0,1,0,3,0
SD2M35,10000.0,10000.0,1600.0,10000.0,676.0,10000.0,10000.0,10000.0,1600.0,10000.0,1100.0,10000.0,0.0,0.0,0.0,0.0,1.0,0.0,0,0,1,0,3,0
QAPNVU,10000.0,10000.0,1600.0,10000.0,676.0,10000.0,10000.0,10000.0,1600.0,10000.0,1100.0,10000.0,0.0,0.0,0.0,0.0,1.0,0.0,0,0,1,0,3,0
1UE826,10000.0,458.0,10000.0,10000.0,378.0,10000.0,10000.0,495.0,10000.0,10000.0,889.0,10000.0,0.0,3.0,0.0,0.0,1.0,0.0,0,3,0,0,2,0
855KX3,10000.0,10000.0,10000.0,10000.0,950.0,10000.0,10000.0,10000.0,10000.0,10000.0,950.0,10000.0,0.0,0.0,0.0,0.0,1.0,0.0,0,0,0,0,1,0
3HR41Q,866.0,10000.0,1500.0,949.0,942.0,919.0,1600.0,10000.0,1500.0,1074.5,1200.0,919.0,1.0,0.0,0.0,1.0,1.0,1.0,3,0,1,2,3,1
7EYW4A,10000.0,10000.0,10000.0,648.0,10000.0,10000.0,10000.0,10000.0,10000.0,648.0,10000.0,10000.0,0.0,0.0,0.0,1.0,0.0,0.0,0,0,0,1,0,0
379NAQ,10000.0,10000.0,1600.0,10000.0,663.0,10000.0,10000.0,10000.0,1600.0,10000.0,1100.0,10000.0,0.0,0.0,0.0,0.0,1.0,0.0,0,0,1,0,3,0
6SJ268,10000.0,10000.0,1600.0,10000.0,674.0,10000.0,10000.0,10000.0,1600.0,10000.0,1100.0,10000.0,0.0,0.0,0.0,0.0,1.0,0.0,0,0,1,0,3,0
YBX87D,10000.0,10000.0,1600.0,10000.0,666.0,10000.0,10000.0,10000.0,1600.0,10000.0,1100.0,10000.0,0.0,0.0,0.0,0.0,1.0,0.0,0,0,1,0,3,0
9TYBCP,10000.0,10000.0,1600.0,10000.0,671.0,10000.0,10000.0,10000.0,1600.0,10000.0,1100.0,10000.0,0.0,0.0,0.0,0.0,1.0,0.0,0,0,1,0,3,0
CWP69B,1400.0,10000.0,856.0,514.0,488.0,1200.0,1500.0,10000.0,1378.0,645.5,837.0,1200.0,0.0,0.0,1.0,2.0,3.0,0.0,2,0,2,2,3,1
AKA8AY,10000.0,463.0,10000.0,1600.0,555.0,10000.0,10000.0,850.0,10000.0,1750.0,777.0,10000.0,0.0,2.0,0.0,0.0,3.0,0.0,0,3,0,2,3,0
1QDU16,10000.0,1700.0,1600.0,1900.0,1200.0,10000.0,10000.0,1700.0,1600.0,1900.0,1200.0,10000.0,0.0,0.0,0.0,0.0,0.0,0.0,0,2,1,1,1,0
8YW2V3,1100.0,10000.0,2000.0,10000.0,10000.0,10000.0,1250.0,10000.0,2000.0,10000.0,10000.0,10000.0,0.0,0.0,0.0,0.0,0.0,0.0,2,0,1,0,0,0
RGCRMJ,444.0,1400.0,1300.0,1400.0,1200.0,1400.0,1200.0,1400.0,1400.0,1700.0,1400.0,1550.0,1.0,0.0,0.0,0.0,0.0,0.0,3,2,3,2,3,2
PNE0KG,353.0,758.0,311.0,10000.0,215.0,10000.0,1126.5,758.0,955.5,10000.0,356.0,10000.0,1.0,1.0,1.0,0.0,3.0,0.0,2,1,2,0,3,0
J2ZAB0,284.0,660.0,430.0,1300.0,330.0,389.0,692.0,874.0,446.0,1300.0,389.0,390.0,1.0,3.0,3.0,0.0,3.0,3.0,2,3,3,1,3,3
6SQ2F8,1100.0,10000.0,1900.0,10000.0,1300.0,10000.0,1500.0,10000.0,1900.0,10000.0,1600.0,10000.0,0.0,0.0,0.0,0.0,0.0,0.0,2,0,1,0,3,0
5B9UZ7,500.0,1200.0,236.0,435.0,303.0,266.0,611.0,1700.0,236.0,560.0,331.0,748.0,3.0,0.0,1.0,3.0,3.0,2.0,3,3,1,3,3,3
G17WJ2,1200.0,10000.0,10000.0,10000.0,10000.0,10000.0,1200.0,10000.0,10000.0,10000.0,10000.0,10000.0,0.0,0.0,0.0,0.0,0.0,0.0,1,0,0,0,0,0
5K9C67,858.0,10000.0,1600.0,10000.0,762.0,10000.0,858.0,10000.0,1600.0,10000.0,998.0,10000.0,1.0,0.0,0.0,0.0,2.0,0.0,1,0,1,0,3,0
85BV73,793.0,1800.0,1900.0,10000.0,1400.0,10000.0,936.0,1900.0,1900.0,10000.0,1400.0,10000.0,2.0,0.0,0.0,0.0,0.0,0.0,3,3,1,0,1,0
CWJ0CB,1800.0,10000.0,10000.0,10000.0,10000.0,10000.0,1800.0,10000.0,10000.0,10000.0,10000.0,10000.0,0.0,0.0,0.0,0.0,0.0,0.0,1,0,0,0,0,0
6UPU48,1600.0,1600.0,330.0,10000.0,441.0,2000.0,1600.0,1600.0,330.0,10000.0,471.0,2000.0,0.0,0.0,1.0,0.0,3.0,0.0,1,3,1,0,3,1
AE78KY,10000.0,1100.0,847.0,598.0,255.0,10000.0,10000.0,1700.0,1300.0,1149.0,335.0,10000.0,0.0,0.0,1.0,1.0,3.0,0.0,0,3,3,2,3,0
AEV80Y,10000.0,10000.0,10000.0,10000.0,1500.0,10000.0,10000.0,10000.0,10000.0,10000.0,1700.0,10000.0,0.0,0.0,0.0,0.0,0.0,0.0,0,0,0,0,2,0
UYNEUS,784.0,56.0,796.0,1400.0,1100.0,934.0,1042.0,152.0,1800.0,1500.0,1700.0,1200.0,1.0,3.0,1.0,0.0,0.0,1.0,2,3,3,2,3,3
0Z51N9,1900.0,1500.0,1500.0,10000.0,441.0,1700.0,1900.0,1500.0,1700.0,10000.0,474.0,1700.0,0.0,0.0,0.0,0.0,3.0,0.0,1,1,2,0,3,1
8DR263,10000.0,10000.0,962.0,10000.0,294.0,10000.0,10000.0,10000.0,1281.0,10000.0,340.0,10000.0,0.0,0.0,1.0,0.0,2.0,0.0,0,0,2,0,3,0
3HRB8Q,335.0,10000.0,986.0,10000.0,288.0,992.0,360.0,10000.0,1300.0,10000.0,400.0,992.0,3.0,0.0,1.0,0.0,3.0,1.0,3,0,3,0,3,1
C9M2HB,323.0,10000.0,991.0,10000.0,278.0,1000.0,355.0,10000.0,1300.0,10000.0,393.0,1000.0,3.0,0.0,1.0,0.0,3.0,1.0,3,0,3,0,3,1
2MEY7Z,817.0,233.0,235.0,1500.0,257.0,91.0,1200.0,322.0,407.0,1500.0,384.0,227.0,1.0,3.0,2.0,0.0,3.0,3.0,3,3,3,3,3,3
1UQHB6,10000.0,10000.0,10000.0,10000.0,711.0,10000.0,10000.0,10000.0,10000.0,10000.0,711.0,10000.0,0.0,0.0,0.0,0.0,1.0,0.0,0,0,0,0,1,0
1QNDJ6,10000.0,10000.0,10000.0,10000.0,1900.0,10000.0,10000.0,10000.0,10000.0,10000.0,1900.0,10000.0,0.0,0.0,0.0,0.0,0.0,0.0,0,0,0,0,1,0
AFPXZY,320.0,10000.0,995.0,10000.0,278.0,1000.0,358.0,10000.0,1300.0,10000.0,395.0,1000.0,3.0,0.0,1.0,0.0,3.0,1.0,3,0,3,0,3,1
1ABJ46,319.0,10000.0,998.0,10000.0,281.0,1000.0,361.0,10000.0,1300.0,10000.0,398.0,1000.0,3.0,0.0,1.0,0.0,3.0,1.0,3,0,3,0,3,1
4GWM7F,10000.0,10000.0,10000.0,10000.0,1200.0,10000.0,10000.0,10000.0,10000.0,10000.0,1600.0,10000.0,0.0,0.0,0.0,0.0,0.0,0.0,0,0,0,0,3,0
QKWP3U,324.0,10000.0,995.0,10000.0,284.0,1000.0,362.0,10000.0,1300.0,10000.0,400.0,1000.0,3.0,0.0,1.0,0.0,3.0,1.0,3,0,3,0,3,1
GMJ392,1700.0,10000.0,10000.0,10000.0,10000.0,10000.0,1700.0,10000.0,10000.0,10000.0,10000.0,10000.0,0.0,0.0,0.0,0.0,0.0,0.0,1,0,0,0,0,0
SH0YR5,1100.0,1200.0,728.0,1200.0,150.0,1400.0,1100.0,1200.0,1300.0,1200.0,596.0,1400.0,0.0,0.0,1.0,0.0,3.0,0.0,1,3,3,1,3,1
8YFM53,1200.0,1300.0,10000.0,1600.0,552.0,10000.0,1300.0,1300.0,10000.0,1600.0,1200.0,10000.0,0.0,0.0,0.0,0.0,1.0,0.0,2,3,0,2,3,0
KWJDUC,10000.0,1800.0,701.0,10000.0,423.0,10000.0,10000.0,1800.0,701.0,10000.0,677.0,10000.0,0.0,0.0,1.0,0.0,2.0,0.0,0,1,1,0,3,0
7CE8GA,10000.0,1800.0,10000.0,10000.0,10000.0,10000.0,10000.0,1800.0,10000.0,10000.0,10000.0,10000.0,0.0,0.0,0.0,0.0,0.0,0.0,0,1,0,0,0,0
QAJCRU,10000.0,10000.0,1900.0,10000.0,1200.0,10000.0,10000.0,10000.0,1900.0,10000.0,1500.0,10000.0,0.0,0.0,0.0,0.0,0.0,0.0,0,0,1,0,3,0
GM8FP2,349.0,10000.0,590.0,10000.0,394.0,1600.0,1000.0,10000.0,1200.0,10000.0,577.0,1750.0,2.0,0.0,1.0,0.0,3.0,0.0,3,0,3,0,3,2
3DRNDQ,10000.0,10000.0,10000.0,10000.0,1800.0,10000.0,10000.0,10000.0,10000.0,10000.0,1800.0,10000.0,0.0,0.0,0.0,0.0,0.0,0.0,0,0,0,0,1,0
65S6G8,10000.0,10000.0,10000.0,10000.0,2000.0,1800.0,10000.0,10000.0,10000.0,10000.0,2000.0,1800.0,0.0,0.0,0.0,0.0,0.0,0.0,0,0,0,0,1,1
Q7CPPU,10000.0,890.0,1100.0,772.0,390.0,1200.0,10000.0,1000.0,1100.0,1600.0,579.0,1200.0,0.0,2.0,0.0,1.0,3.0,0.0,0,3,1,3,3,3
SC9VH5,10000.0,10000.0,10000.0,10000.0,1800.0,10000.0,10000.0,10000.0,10000.0,10000.0,1800.0,10000.0,0.0,0.0,0.0,0.0,0.0,0.0,0,0,0,0,1,0
WZ39ZR,10000.0,10000.0,10000.0,10000.0,1200.0,10000.0,10000.0,10000.0,10000.0,10000.0,1200.0,10000.0,0.0,0.0,0.0,0.0,0.0,0.0,0,0,0,0,1,0
3DWMCQ,1300.0,10000.0,10000.0,1500.0,1700.0,10000.0,1350.0,10000.0,10000.0,1500.0,1700.0,10000.0,0.0,0.0,0.0,0.0,0.0,0.0,2,0,0,1,1,0
02YKU9,10000.0,39.0,10000.0,10000.0,319.0,10000.0,10000.0,260.0,10000.0,10000.0,319.0,10000.0,0.0,2.0,0.0,0.0,1.0,0.0,0,3,0,0,1,0
ABZB7Y,10000.0,10000.0,260.0,10000.0,1300.0,10000.0,10000.0,10000.0,260.0,10000.0,1400.0,10000.0,0.0,0.0,1.0,0.0,0.0,0.0,0,0,1,0,2,0
ABT9KY,1800.0,10000.0,922.0,10000.0,887.0,10000.0,1900.0,10000.0,922.0,10000.0,1000.0,10000.0,0.0,0.0,1.0,0.0,2.0,0.0,3,0,1,0,3,0
PXN06G,1300.0,1600.0,10000.0,1400.0,225.0,1600.0,1500.0,1600.0,10000.0,1400.0,855.0,1600.0,0.0,0.0,0.0,0.0,2.0,0.0,2,1,0,3,3,1
K0T6PC,319.0,10000.0,998.0,10000.0,281.0,1000.0,361.0,10000.0,1300.0,10000.0,398.0,1000.0,3.0,0.0,1.0,0.0,3.0,1.0,3,0,3,0,3,1
JNQQ30,10000.0,10000.0,10000.0,10000.0,619.0,10000.0,10000.0,10000.0,10000.0,10000.0,619.0,10000.0,0.0,0.0,0.0,0.0,1.0,0.0,0,0,0,0,1,0
49DDZF,1300.0,10000.0,1100.0,719.0,331.0,10000.0,1400.0,10000.0,1100.0,832.0,610.0,10000.0,0.0,0.0,0.0,3.0,3.0,0.0,3,0,1,3,3,0
CW38HB,256.0,57.0,759.0,1100.0,244.0,191.0,461.0,289.0,1000.0,1600.0,365.0,282.0,2.0,3.0,2.0,0.0,3.0,3.0,2,3,3,3,3,3
7BBZWA,1000.0,42.0,475.0,10000.0,716.0,72.0,1400.0,106.0,475.0,10000.0,726.0,592.0,1.0,3.0,1.0,0.0,3.0,3.0,3,3,1,0,3,3
SHR4M5,1900.0,10000.0,1500.0,10000.0,713.0,10000.0,1900.0,10000.0,1600.0,10000.0,988.0,10000.0,0.0,0.0,0.0,0.0,2.0,0.0,1,0,2,0,3,0
1U75S6,989.0,1600.0,1500.0,10000.0,1600.0,10000.0,989.0,1600.0,1500.0,10000.0,1600.0,10000.0,1.0,0.0,0.0,0.0,0.0,0.0,1,1,1,0,1,0
3D1EFQ,10000.0,1600.0,1100.0,845.0,713.0,10000.0,10000.0,1600.0,1500.0,1422.5,727.0,10000.0,0.0,0.0,0.0,1.0,3.0,0.0,0,1,2,2,3,0
SCD6P5,1500.0,201.0,230.0,1600.0,195.0,1200.0,1500.0,201.0,603.0,1600.0,271.0,1200.0,0.0,1.0,2.0,0.0,3.0,0.0,1,1,2,1,3,1
3D736Q,10000.0,863.0,10000.0,809.0,529.0,863.0,10000.0,863.0,10000.0,940.0,1700.0,1331.5,0.0,1.0,0.0,2.0,1.0,1.0,0,1,0,3,3,2
G174W2,1100.0,10000.0,683.0,10000.0,375.0,1800.0,1100.0,10000.0,1141.5,10000.0,612.0,1800.0,0.0,0.0,1.0,0.0,2.0,0.0,1,0,2,0,3,1
QASVRU,1100.0,701.0,422.0,1600.0,216.0,339.0,1200.0,737.0,826.0,1700.0,340.0,449.0,0.0,3.0,3.0,0.0,3.0,3.0,3,3,3,3,3,3
D44KCH,1400.0,10000.0,1900.0,10000.0,1500.0,10000.0,1500.0,10000.0,1900.0,10000.0,1600.0,10000.0,0.0,0.0,0.0,0.0,0.0,0.0,3,0,1,0,3,0
5BP197,10000.0,10000.0,10000.0,10000.0,1700.0,10000.0,10000.0,10000.0,10000.0,10000.0,1700.0,10000.0,0.0,0.0,0.0,0.0,0.0,0.0,0,0,0,0,1,0
6AFZE8,10000.0,10000.0,10000.0,10000.0,1800.0,10000.0,10000.0,10000.0,10000.0,10000.0,1800.0,10000.0,0.0,0.0,0.0,0.0,0.0,0.0,0,0,0,0,1,0
5BP1J7,10000.0,10000.0,10000.0,10000.0,1700.0,10000.0,10000.0,10000.0,10000.0,10000.0,1700.0,10000.0,0.0,0.0,0.0,0.0,0.0,0.0,0,0,0,0,1,0
KJXS2C,10000.0,10000.0,10000.0,10000.0,1700.0,10000.0,10000.0,10000.0,10000.0,10000.0,1700.0,10000.0,0.0,0.0,0.0,0.0,0.0,0.0,0,0,0,0,1,0
6AFZ78,10000.0,10000.0,10000.0,10000.0,1800.0,10000.0,10000.0,10000.0,10000.0,10000.0,1800.0,10000.0,0.0,0.0,0.0,0.0,0.0,0.0,0,0,0,0,1,0
656WB8,1400.0,10000.0,1600.0,10000.0,798.0,10000.0,1400.0,10000.0,1600.0,10000.0,885.0,10000.0,0.0,0.0,0.0,0.0,3.0,0.0,1,0,1,0,3,0
UD7G3S,10000.0,1500.0,1600.0,10000.0,1100.0,1900.0,10000.0,1500.0,1600.0,10000.0,1300.0,1900.0,0.0,0.0,0.0,0.0,0.0,0.0,0,1,1,0,3,1
GX95P2,1600.0,10000.0,509.0,262.0,249.0,1100.0,1800.0,10000.0,804.5,489.0,784.0,1250.0,0.0,0.0,1.0,3.0,3.0,0.0,3,0,2,3,3,2
7KS12A,460.0,1200.0,1100.0,661.0,205.0,1500.0,532.0,1400.0,1100.0,1200.0,210.0,1700.0,3.0,0.0,0.0,1.0,3.0,0.0,3,2,3,3,3,2
UK075S,1600.0,10000.0,1700.0,10000.0,10000.0,10000.0,1600.0,10000.0,1700.0,10000.0,10000.0,10000.0,0.0,0.0,0.0,0.0,0.0,0.0,1,0,1,0,0,0
3DWW8Q,10000.0,10000.0,10000.0,10000.0,1400.0,10000.0,10000.0,10000.0,10000.0,10000.0,1400.0,10000.0,0.0,0.0,0.0,0.0,0.0,0.0,0,0,0,0,1,0
YEE7ND,10000.0,1400.0,10000.0,10000.0,10000.0,10000.0,10000.0,1400.0,10000.0,10000.0,10000.0,10000.0,0.0,0.0,0.0,0.0,0.0,0.0,0,1,0,0,0,0
SHHPK5,773.0,10000.0,10000.0,1800.0,346.0,1500.0,773.0,10000.0,10000.0,1800.0,420.0,1500.0,1.0,0.0,0.0,0.0,3.0,0.0,1,0,0,1,3,1
EJC304,1400.0,10000.0,10000.0,10000.0,1400.0,10000.0,1400.0,10000.0,10000.0,10000.0,1700.0,10000.0,0.0,0.0,0.0,0.0,0.0,0.0,1,0,0,0,3,0
3AJAGQ,1600.0,10000.0,395.0,10000.0,56.0,976.0,1600.0,10000.0,662.0,10000.0,166.0,976.0,0.0,0.0,2.0,0.0,3.0,1.0,1,0,2,0,3,1
7CCNJA,282.0,1700.0,1800.0,2000.0,1500.0,10000.0,741.0,1850.0,1800.0,2000.0,1500.0,10000.0,1.0,0.0,0.0,0.0,0.0,0.0,2,2,1,1,3,0
65QS58,440.0,968.0,1200.0,1500.0,738.0,1700.0,557.0,1334.0,1700.0,1700.0,752.0,1700.0,2.0,1.0,0.0,0.0,3.0,0.0,3,2,3,2,3,1
SH7QT5,1100.0,1400.0,1500.0,821.0,1100.0,1900.0,1400.0,1400.0,1500.0,1200.0,1200.0,1900.0,0.0,0.0,0.0,1.0,0.0,0.0,3,1,1,3,3,1
AC591Y,10000.0,10000.0,1700.0,10000.0,909.0,1100.0,10000.0,10000.0,1750.0,10000.0,949.0,1100.0,0.0,0.0,0.0,0.0,3.0,0.0,0,0,2,0,3,1
SH2JN5,1100.0,782.0,825.0,1200.0,611.0,710.0,1500.0,1341.0,1300.0,1400.0,612.0,811.0,0.0,1.0,1.0,0.0,3.0,2.0,3,2,3,3,3,2
65ACY8,406.0,258.0,556.0,1600.0,334.0,180.0,803.0,688.0,676.0,1600.0,372.0,473.0,1.0,3.0,2.0,0.0,3.0,3.0,2,3,3,3,3,3
KWF6MC,1300.0,1300.0,1400.0,515.0,1200.0,1800.0,1400.0,1650.0,1650.0,980.0,1200.0,1850.0,0.0,0.0,0.0,2.0,0.0,0.0,3,2,2,3,3,2
87SVF3,847.0,10000.0,10000.0,10000.0,1400.0,10000.0,847.0,10000.0,10000.0,10000.0,1500.0,10000.0,1.0,0.0,0.0,0.0,0.0,0.0,1,0,0,0,3,0
EJH604,10000.0,1800.0,10000.0,1900.0,10000.0,10000.0,10000.0,1800.0,10000.0,1900.0,10000.0,10000.0,0.0,0.0,0.0,0.0,0.0,0.0,0,1,0,1,0,0
QK7JDU,10000.0,10000.0,10000.0,1700.0,112.0,10000.0,10000.0,10000.0,10000.0,1700.0,134.0,10000.0,0.0,0.0,0.0,0.0,2.0,0.0,0,0,0,1,3,0
RTQKQJ,10000.0,10000.0,10000.0,10000.0,1800.0,10000.0,10000.0,10000.0,10000.0,10000.0,1800.0,10000.0,0.0,0.0,0.0,0.0,0.0,0.0,0,0,0,0,1,0
3DRNBQ,10000.0,10000.0,10000.0,10000.0,1700.0,10000.0,10000.0,10000.0,10000.0,10000.0,1700.0,10000.0,0.0,0.0,0.0,0.0,0.0,0.0,0,0,0,0,1,0
8510K3,1900.0,10000.0,10000.0,10000.0,1700.0,10000.0,1900.0,10000.0,10000.0,10000.0,1800.0,10000.0,0.0,0.0,0.0,0.0,0.0,0.0,1,0,0,0,2,0
CW9Z4B,1400.0,1700.0,1200.0,10000.0,706.0,1200.0,1400.0,1900.0,1200.0,10000.0,799.0,1200.0,0.0,0.0,0.0,0.0,2.0,0.0,1,3,1,0,3,2
1S30Z6,10000.0,10000.0,10000.0,10000.0,1900.0,10000.0,10000.0,10000.0,10000.0,10000.0,1900.0,10000.0,0.0,0.0,0.0,0.0,0.0,0.0,0,0,0,0,3,0
CR46MB,1600.0,1600.0,1400.0,673.0,227.0,909.0,1900.0,1600.0,1400.0,673.0,789.0,909.0,0.0,0.0,0.0,1.0,2.0,1.0,3,1,1,1,3,1
SC9D05,965.0,1800.0,649.0,1300.0,1400.0,1700.0,1300.0,1800.0,1300.0,1800.0,1600.0,1700.0,1.0,0.0,1.0,0.0,0.0,0.0,3,1,3,3,3,2
3AS94Q,1000.0,1200.0,271.0,181.0,377.0,90.0,1450.0,1200.0,1100.0,552.0,445.0,691.0,1.0,0.0,1.0,3.0,3.0,3.0,2,1,3,3,3,3
0ZER59,653.0,10000.0,10000.0,1900.0,1200.0,1600.0,1400.0,10000.0,10000.0,1900.0,1500.0,1750.0,1.0,0.0,0.0,0.0,0.0,0.0,3,0,0,2,3,2
5KKJR7,847.0,10000.0,10000.0,10000.0,1400.0,10000.0,847.0,10000.0,10000.0,10000.0,1500.0,10000.0,1.0,0.0,0.0,0.0,0.0,0.0,1,0,0,0,3,0
CRWNPB,294.0,76.0,504.0,10000.0,699.0,1400.0,1097.0,301.0,752.0,10000.0,742.0,1600.0,1.0,3.0,2.0,0.0,3.0,0.0,2,3,2,0,3,3
AC5NSY,1300.0,10000.0,10000.0,10000.0,10000.0,10000.0,1300.0,10000.0,10000.0,10000.0,10000.0,10000.0,0.0,0.0,0.0,0.0,0.0,0.0,1,0,0,0,0,0
9TRZEP,1600.0,1900.0,10000.0,10000.0,2000.0,10000.0,1600.0,1900.0,10000.0,10000.0,2000.0,10000.0,0.0,0.0,0.0,0.0,0.0,0.0,1,1,0,0,1,0
37V4JQ,1900.0,10000.0,1800.0,932.0,800.0,1400.0,1900.0,10000.0,1800.0,932.0,1400.0,1400.0,0.0,0.0,0.0,1.0,1.0,0.0,1,0,1,1,3,1
R2G57J,10000.0,10000.0,10000.0,986.0,522.0,627.0,10000.0,10000.0,10000.0,1600.0,979.0,627.0,0.0,0.0,0.0,1.0,2.0,1.0,0,0,0,3,3,1
UDAJMS,10000.0,285.0,10000.0,10000.0,10000.0,10000.0,10000.0,285.0,10000.0,10000.0,10000.0,10000.0,0.0,1.0,0.0,0.0,0.0,0.0,0,1,0,0,0,0
0ZF8R9,659.0,1700.0,665.0,412.0,773.0,1900.0,765.0,1700.0,982.5,493.0,853.0,1900.0,2.0,0.0,1.0,3.0,2.0,0.0,3,1,2,3,3,1
D44V1H,10000.0,912.0,10000.0,1200.0,10000.0,10000.0,10000.0,912.0,10000.0,1200.0,10000.0,10000.0,0.0,1.0,0.0,0.0,0.0,0.0,0,1,0,1,0,0
QY59DU,10000.0,1300.0,10000.0,10000.0,10000.0,10000.0,10000.0,1300.0,10000.0,10000.0,10000.0,10000.0,0.0,0.0,0.0,0.0,0.0,0.0,0,1,0,0,0,0
ABD5EY,1600.0,10000.0,10000.0,10000.0,10000.0,10000.0,1600.0,10000.0,10000.0,10000.0,10000.0,10000.0,0.0,0.0,0.0,0.0,0.0,0.0,1,0,0,0,0,0
7KQ2JA,500.0,1900.0,2000.0,10000.0,1600.0,10000.0,900.0,1900.0,2000.0,10000.0,1700.0,10000.0,1.0,0.0,0.0,0.0,0.0,0.0,2,1,1,0,3,0
65QWH8,1700.0,1700.0,1700.0,10000.0,223.0,1700.0,1700.0,1700.0,1700.0,10000.0,403.0,1750.0,0.0,0.0,0.0,0.0,3.0,0.0,1,1,1,0,3,2
85VUT3,956.0,1600.0,1200.0,507.0,898.0,1700.0,1100.0,1700.0,1700.0,1000.0,900.0,1700.0,1.0,0.0,0.0,2.0,2.0,0.0,3,2,3,3,3,2
6SMQY8,605.0,309.0,748.0,1100.0,203.0,1400.0,1000.0,854.5,1400.0,1250.0,335.0,1650.0,2.0,1.0,1.0,0.0,3.0,0.0,3,2,3,2,3,2
5H3PV7,698.0,10000.0,10000.0,10000.0,1600.0,10000.0,1149.0,10000.0,10000.0,10000.0,1700.0,10000.0,1.0,0.0,0.0,0.0,0.0,0.0,2,0,0,0,3,0
SHKAX5,10000.0,10000.0,10000.0,10000.0,1900.0,10000.0,10000.0,10000.0,10000.0,10000.0,1900.0,10000.0,0.0,0.0,0.0,0.0,0.0,0.0,0,0,0,0,3,0
0T2CG9,10000.0,10000.0,10000.0,10000.0,440.0,10000.0,10000.0,10000.0,10000.0,10000.0,447.5,10000.0,0.0,0.0,0.0,0.0,2.0,0.0,0,0,0,0,2,0
YFZ3BD,10000.0,10000.0,10000.0,10000.0,1800.0,10000.0,10000.0,10000.0,10000.0,10000.0,1800.0,10000.0,0.0,0.0,0.0,0.0,0.0,0.0,0,0,0,0,1,0
GMXKP2,510.0,1100.0,1500.0,1500.0,251.0,10000.0,540.0,1100.0,1750.0,1650.0,926.0,10000.0,3.0,0.0,0.0,0.0,3.0,0.0,3,1,2,2,3,0
3769GQ,10000.0,1400.0,10000.0,10000.0,10000.0,10000.0,10000.0,1400.0,10000.0,10000.0,10000.0,10000.0,0.0,0.0,0.0,0.0,0.0,0.0,0,1,0,0,0,0
KFDJPC,956.0,1600.0,1200.0,507.0,898.0,1700.0,1100.0,1700.0,1700.0,1000.0,900.0,1700.0,1.0,0.0,0.0,2.0,2.0,0.0,3,2,3,3,3,2
ACU25Y,1600.0,10000.0,10000.0,10000.0,1100.0,10000.0,1600.0,10000.0,10000.0,10000.0,1100.0,10000.0,0.0,0.0,0.0,0.0,0.0,0.0,3,0,0,0,1,0
ACUFXY,1600.0,1600.0,1400.0,673.0,227.0,909.0,1900.0,1600.0,1400.0,673.0,789.0,909.0,0.0,0.0,0.0,1.0,2.0,1.0,3,1,1,1,3,1
2VXDNZ,592.0,305.0,802.0,1100.0,125.0,1500.0,981.0,902.5,1500.0,1250.0,263.0,1750.0,2.0,1.0,1.0,0.0,3.0,0.0,3,2,3,2,3,2
87QMW3,1900.0,2000.0,10000.0,10000.0,957.0,10000.0,1900.0,2000.0,10000.0,10000.0,989.0,10000.0,0.0,0.0,0.0,0.0,2.0,0.0,1,1,0,0,3,0
J2WH20,870.0,667.0,324.0,457.0,927.0,676.0,994.0,704.0,669.0,1000.0,944.0,888.0,2.0,2.0,3.0,2.0,3.0,1.0,3,2,3,3,3,2
7CKMFA,1100.0,10000.0,1800.0,10000.0,779.0,10000.0,1100.0,10000.0,1800.0,10000.0,1189.5,10000.0,0.0,0.0,0.0,0.0,1.0,0.0,1,0,1,0,2,0
WP480R,1600.0,10000.0,10000.0,10000.0,1100.0,10000.0,1600.0,10000.0,10000.0,10000.0,1300.0,10000.0,0.0,0.0,0.0,0.0,0.0,0.0,1,0,0,0,3,0
ACQENY,10000.0,10000.0,1500.0,1900.0,1400.0,1600.0,10000.0,10000.0,1600.0,1900.0,1400.0,1600.0,0.0,0.0,0.0,0.0,0.0,0.0,0,0,3,1,3,1
1SU0G6,751.0,1800.0,1600.0,1200.0,838.0,10000.0,943.0,1800.0,1700.0,1500.0,859.0,10000.0,3.0,0.0,0.0,0.0,2.0,0.0,3,1,2,3,3,0
CWYSAB,475.0,1400.0,1800.0,10000.0,588.0,10000.0,1100.0,1400.0,1800.0,10000.0,877.0,10000.0,1.0,0.0,0.0,0.0,2.0,0.0,3,1,1,0,3,0
2MV0QZ,10000.0,1500.0,10000.0,773.0,1000.0,425.0,10000.0,1500.0,10000.0,820.5,1050.0,1800.0,0.0,0.0,0.0,2.0,1.0,1.0,0,3,0,2,2,3
YEFNBD,10000.0,201.0,10000.0,10000.0,10000.0,10000.0,10000.0,201.0,10000.0,10000.0,10000.0,10000.0,0.0,1.0,0.0,0.0,0.0,0.0,0,1,0,0,0,0
DE7WTH,1500.0,1200.0,1300.0,1700.0,411.0,1100.0,1900.0,1200.0,1700.0,1750.0,429.0,1200.0,0.0,0.0,0.0,0.0,3.0,0.0,3,1,3,2,3,2
7CDT4A,10000.0,10000.0,1400.0,1800.0,1300.0,1600.0,10000.0,10000.0,1500.0,1800.0,1400.0,1600.0,0.0,0.0,0.0,0.0,0.0,0.0,0,0,3,1,3,1
YFZQED,10000.0,1100.0,10000.0,10000.0,10000.0,10000.0,10000.0,1400.0,10000.0,10000.0,10000.0,10000.0,0.0,0.0,0.0,0.0,0.0,0.0,0,3,0,0,0,0
UDK0TS,10000.0,1300.0,10000.0,10000.0,1500.0,10000.0,10000.0,1300.0,10000.0,10000.0,1700.0,10000.0,0.0,0.0,0.0,0.0,0.0,0.0,0,1,0,0,3,0
ACQBTY,1100.0,10000.0,452.0,10000.0,865.0,390.0,1100.0,10000.0,668.0,10000.0,865.0,469.0,0.0,0.0,3.0,0.0,1.0,3.0,1,0,3,0,1,3
3H5RRQ,10000.0,10000.0,459.0,10000.0,917.0,10000.0,10000.0,10000.0,459.0,10000.0,917.0,10000.0,0.0,0.0,1.0,0.0,1.0,0.0,0,0,1,0,1,0
17MN76,10000.0,10000.0,10000.0,10000.0,1500.0,10000.0,10000.0,10000.0,10000.0,10000.0,1600.0,10000.0,0.0,0.0,0.0,0.0,0.0,0.0,0,0,0,0,3,0
8YFJX3,10000.0,249.0,501.0,298.0,358.0,2000.0,10000.0,249.0,501.0,298.0,362.0,2000.0,0.0,1.0,1.0,1.0,3.0,0.0,0,1,1,1,3,2
QHR91U,547.0,10000.0,657.0,658.0,257.0,10000.0,773.5,10000.0,657.0,658.0,594.0,10000.0,2.0,0.0,1.0,1.0,3.0,0.0,2,0,1,1,3,0
9XC4CP,10000.0,10000.0,10000.0,10000.0,223.0,10000.0,10000.0,10000.0,10000.0,10000.0,1300.0,10000.0,0.0,0.0,0.0,0.0,1.0,0.0,0,0,0,0,3,0
0NMSK9,1400.0,10000.0,10000.0,10000.0,1400.0,10000.0,1650.0,10000.0,10000.0,10000.0,1550.0,10000.0,0.0,0.0,0.0,0.0,0.0,0.0,2,0,0,0,2,0
5HVU47,10000.0,937.0,10000.0,10000.0,671.0,10000.0,10000.0,1300.0,10000.0,10000.0,1100.0,10000.0,0.0,1.0,0.0,0.0,1.0,0.0,0,3,0,0,3,0
QAXTGU,1400.0,1500.0,667.0,10000.0,455.0,1900.0,1400.0,1500.0,1500.0,10000.0,515.0,1900.0,0.0,0.0,1.0,0.0,2.0,0.0,1,1,3,0,3,1
KFDNVC,748.0,1400.0,10000.0,10000.0,632.0,10000.0,748.0,1400.0,10000.0,10000.0,1100.0,10000.0,1.0,0.0,0.0,0.0,1.0,0.0,1,1,0,0,3,0
DE3A9H,2000.0,1600.0,10000.0,1900.0,484.0,1800.0,2000.0,1600.0,10000.0,1900.0,570.0,1800.0,0.0,0.0,0.0,0.0,3.0,0.0,1,1,0,1,3,1
37NW0Q,10000.0,10000.0,2000.0,10000.0,1100.0,10000.0,10000.0,10000.0,2000.0,10000.0,1200.0,10000.0,0.0,0.0,0.0,0.0,0.0,0.0,0,0,1,0,3,0
YB333D,10000.0,10000.0,10000.0,1900.0,10000.0,10000.0,10000.0,10000.0,10000.0,1900.0,10000.0,10000.0,0.0,0.0,0.0,0.0,0.0,0.0,0,0,0,1,0,0
QHPJZU,10000.0,10000.0,10000.0,10000.0,1800.0,10000.0,10000.0,10000.0,10000.0,10000.0,1800.0,10000.0,0.0,0.0,0.0,0.0,0.0,0.0,0,0,0,0,1,0
JNFYT0,597.0,1800.0,872.0,273.0,237.0,588.0,898.5,1800.0,979.0,669.0,319.0,757.0,1.0,0.0,2.0,3.0,3.0,3.0,2,1,3,3,3,3
8AFZ13,10000.0,10000.0,1600.0,10000.0,10000.0,10000.0,10000.0,10000.0,1600.0,10000.0,10000.0,10000.0,0.0,0.0,0.0,0.0,0.0,0.0,0,0,1,0,0,0
0ZKV09,1000.0,10000.0,163.0,10000.0,216.0,831.0,1300.0,10000.0,600.0,10000.0,624.0,852.5,1.0,0.0,2.0,0.0,3.0,2.0,3,0,3,0,3,2
RNXNTJ,10000.0,10000.0,10000.0,1400.0,10000.0,10000.0,10000.0,10000.0,10000.0,1400.0,10000.0,10000.0,0.0,0.0,0.0,0.0,0.0,0.0,0,0,0,1,0,0
